0 3865.23
1 2921.18
2 2161.88
3 1586.4
4 1168.45
5 873.126
6 667.487
7 524.934
8 425.726
9 355.924
10 305.979
11 269.455
12 242.057
13 220.926
14 204.158
15 190.481
16 179.037
17 169.246
18 160.707
19 153.142
20 146.352
21 140.194
22 134.563
23 129.379
24 124.581
25 120.12
26 115.958
27 112.062
28 108.407
29 104.969
30 101.729
31 98.6701
32 95.7783
33 93.0401
34 90.4443
35 87.9803
36 85.6389
37 83.4117
38 81.291
39 79.27
40 77.3423
41 75.5021
42 73.744
43 72.063
44 70.4547
45 68.9149
46 67.4395
47 66.0251
48 64.6682
49 63.3657
50 62.1147
51 60.9125
52 59.7564
53 58.6442
54 57.5735
55 56.5423
56 55.5486
57 54.5905
58 53.6664
59 52.7746
60 51.9135
61 51.0818
62 50.2779
63 49.5008
64 48.749
65 48.0216
66 47.3174
67 46.6353
68 45.9745
69 45.334
70 44.7129
71 44.1104
72 43.5258
73 42.9582
74 42.4071
75 41.8717
76 41.3514
77 40.8456
78 40.3537
79 39.8752
80 39.4096
81 38.9564
82 38.5151
83 38.0853
84 37.6665
85 37.2584
86 36.8605
87 36.4726
88 36.0941
89 35.7249
90 35.3646
91 35.0129
92 34.6695
93 34.334
94 34.0064
95 33.6862
96 33.3733
97 33.0673
98 32.7682
99 32.4756
100 32.1894
101 31.9094
102 31.6353
103 31.367
104 31.1044
105 30.8472
106 30.5952
107 30.3484
108 30.1066
109 29.8696
110 29.6373
111 29.4096
112 29.1863
113 28.9673
114 28.7525
115 28.5417
116 28.3349
117 28.132
118 27.9328
119 27.7373
120 27.5453
121 27.3568
122 27.1716
123 26.9897
124 26.811
125 26.6354
126 26.4629
127 26.2933
128 26.1266
129 25.9627
130 25.8015
131 25.643
132 25.4872
133 25.3338
134 25.183
135 25.0346
136 24.8885
137 24.7448
138 24.6033
139 24.464
140 24.3269
141 24.1919
142 24.0589
143 23.928
144 23.799
145 23.6719
146 23.5468
147 23.4234
148 23.3018
149 23.182
150 23.064
151 22.9476
152 22.8328
153 22.7196
154 22.6081
155 22.498
156 22.3895
157 22.2825
158 22.1769
159 22.0727
160 21.9699
161 21.8684
162 21.7683
163 21.6695
164 21.572
165 21.4757
166 21.3806
167 21.2868
168 21.1941
169 21.1026
170 21.0122
171 20.9229
172 20.8348
173 20.7477
174 20.6616
175 20.5765
176 20.4925
177 20.4095
178 20.3274
179 20.2463
180 20.1661
181 20.0868
182 20.0085
183 19.931
184 19.8544
185 19.7786
186 19.7037
187 19.6296
188 19.5563
189 19.4838
190 19.4121
191 19.3411
192 19.2709
193 19.2015
194 19.1327
195 19.0647
196 18.9974
197 18.9308
198 18.8648
199 18.7995
200 18.7349
201 18.6709
202 18.6076
203 18.5448
204 18.4827
205 18.4212
206 18.3603
207 18.2999
208 18.2402
209 18.181
210 18.1224
211 18.0643
212 18.0067
213 17.9497
214 17.8932
215 17.8372
216 17.7817
217 17.7267
218 17.6722
219 17.6182
220 17.5647
221 17.5116
222 17.459
223 17.4069
224 17.3552
225 17.3039
226 17.2531
227 17.2027
228 17.1527
229 17.1032
230 17.054
231 17.0053
232 16.957
233 16.909
234 16.8615
235 16.8143
236 16.7675
237 16.7211
238 16.675
239 16.6293
240 16.584
241 16.539
242 16.4943
243 16.45
244 16.4061
245 16.3624
246 16.3192
247 16.2762
248 16.2335
249 16.1912
250 16.1492
251 16.1075
252 16.0661
253 16.025
254 15.9842
255 15.9436
256 15.9034
257 15.8635
258 15.8238
259 15.7844
260 15.7453
261 15.7065
262 15.668
263 15.6297
264 15.5916
265 15.5539
266 15.5164
267 15.4791
268 15.4421
269 15.4053
270 15.3688
271 15.3325
272 15.2965
273 15.2607
274 15.2251
275 15.1898
276 15.1547
277 15.1198
278 15.0852
279 15.0507
280 15.0165
281 14.9825
282 14.9488
283 14.9152
284 14.8818
285 14.8487
286 14.8157
287 14.783
288 14.7504
289 14.7181
290 14.686
291 14.654
292 14.6222
293 14.5907
294 14.5593
295 14.5281
296 14.4971
297 14.4663
298 14.4356
299 14.4052
300 14.3749
301 14.3448
302 14.3148
303 14.2851
304 14.2555
305 14.2261
306 14.1968
307 14.1677
308 14.1388
309 14.1101
310 14.0815
311 14.053
312 14.0247
313 13.9966
314 13.9687
315 13.9408
316 13.9132
317 13.8857
318 13.8583
319 13.8311
320 13.8041
321 13.7771
322 13.7504
323 13.7238
324 13.6973
325 13.6709
326 13.6447
327 13.6187
328 13.5927
329 13.5669
330 13.5413
331 13.5158
332 13.4904
333 13.4651
334 13.44
335 13.415
336 13.3901
337 13.3654
338 13.3408
339 13.3163
340 13.2919
341 13.2677
342 13.2436
343 13.2196
344 13.1957
345 13.172
346 13.1483
347 13.1248
348 13.1014
349 13.0781
350 13.055
351 13.0319
352 13.009
353 12.9861
354 12.9634
355 12.9408
356 12.9183
357 12.8959
358 12.8736
359 12.8514
360 12.8294
361 12.8074
362 12.7855
363 12.7638
364 12.7421
365 12.7206
366 12.6991
367 12.6778
368 12.6566
369 12.6354
370 12.6144
371 12.5934
372 12.5726
373 12.5518
374 12.5312
375 12.5106
376 12.4901
377 12.4697
378 12.4495
379 12.4293
380 12.4092
381 12.3892
382 12.3693
383 12.3495
384 12.3297
385 12.3101
386 12.2905
387 12.2711
388 12.2517
389 12.2324
390 12.2132
391 12.1941
392 12.175
393 12.1561
394 12.1372
395 12.1184
396 12.0997
397 12.0811
398 12.0626
399 12.0441
400 12.0258
401 12.0075
402 11.9892
403 11.9711
404 11.9531
405 11.9351
406 11.9172
407 11.8994
408 11.8816
409 11.8639
410 11.8463
411 11.8288
412 11.8114
413 11.794
414 11.7767
415 11.7595
416 11.7424
417 11.7253
418 11.7083
419 11.6913
420 11.6745
421 11.6577
422 11.641
423 11.6243
424 11.6077
425 11.5912
426 11.5748
427 11.5584
428 11.5421
429 11.5259
430 11.5097
431 11.4936
432 11.4776
433 11.4616
434 11.4457
435 11.4298
436 11.4141
437 11.3984
438 11.3827
439 11.3671
440 11.3516
441 11.3361
442 11.3208
443 11.3054
444 11.2902
445 11.2749
446 11.2598
447 11.2447
448 11.2297
449 11.2147
450 11.1998
451 11.185
452 11.1702
453 11.1555
454 11.1408
455 11.1262
456 11.1116
457 11.0971
458 11.0827
459 11.0683
460 11.054
461 11.0397
462 11.0255
463 11.0114
464 10.9973
465 10.9832
466 10.9692
467 10.9553
468 10.9414
469 10.9276
470 10.9138
471 10.9001
472 10.8864
473 10.8728
474 10.8593
475 10.8458
476 10.8323
477 10.8189
478 10.8055
479 10.7922
480 10.779
481 10.7658
482 10.7526
483 10.7395
484 10.7265
485 10.7135
486 10.7006
487 10.6877
488 10.6748
489 10.662
490 10.6492
491 10.6365
492 10.6239
493 10.6113
494 10.5987
495 10.5862
496 10.5737
497 10.5613
498 10.5489
499 10.5366
500 10.5243
501 10.5121
502 10.4999
503 10.4878
504 10.4757
505 10.4636
506 10.4516
507 10.4396
508 10.4277
509 10.4158
510 10.404
511 10.3922
512 10.3805
513 10.3688
514 10.3571
515 10.3455
516 10.3339
517 10.3224
518 10.3109
519 10.2994
520 10.288
521 10.2767
522 10.2654
523 10.2541
524 10.2428
525 10.2316
526 10.2205
527 10.2094
528 10.1983
529 10.1872
530 10.1762
531 10.1653
532 10.1544
533 10.1435
534 10.1326
535 10.1218
536 10.1111
537 10.1004
538 10.0897
539 10.079
540 10.0684
541 10.0578
542 10.0473
543 10.0368
544 10.0264
545 10.0159
546 10.0055
547 9.9952
548 9.98489
549 9.97461
550 9.96438
551 9.95417
552 9.94401
553 9.93388
554 9.92378
555 9.91372
556 9.9037
557 9.89371
558 9.88376
559 9.87384
560 9.86396
561 9.85411
562 9.84429
563 9.83451
564 9.82476
565 9.81505
566 9.80537
567 9.79573
568 9.78612
569 9.77654
570 9.76699
571 9.75748
572 9.748
573 9.73856
574 9.72914
575 9.71976
576 9.71041
577 9.70109
578 9.69181
579 9.68256
580 9.67334
581 9.66415
582 9.65499
583 9.64586
584 9.63677
585 9.6277
586 9.61867
587 9.60966
588 9.60069
589 9.59175
590 9.58284
591 9.57396
592 9.56511
593 9.55629
594 9.5475
595 9.53874
596 9.53
597 9.5213
598 9.51263
599 9.50399
600 9.49537
601 9.48679
602 9.47823
603 9.4697
604 9.4612
605 9.45273
606 9.44429
607 9.43588
608 9.42749
609 9.41913
610 9.4108
611 9.4025
612 9.39422
613 9.38598
614 9.37776
615 9.36957
616 9.3614
617 9.35326
618 9.34515
619 9.33707
620 9.32901
621 9.32098
622 9.31297
623 9.30499
624 9.29704
625 9.28912
626 9.28122
627 9.27334
628 9.2655
629 9.25767
630 9.24988
631 9.24211
632 9.23436
633 9.22664
634 9.21895
635 9.21128
636 9.20363
637 9.19601
638 9.18842
639 9.18085
640 9.1733
641 9.16578
642 9.15828
643 9.15081
644 9.14336
645 9.13594
646 9.12854
647 9.12116
648 9.11381
649 9.10648
650 9.09917
651 9.09189
652 9.08463
653 9.07739
654 9.07018
655 9.06299
656 9.05583
657 9.04868
658 9.04156
659 9.03447
660 9.02739
661 9.02034
662 9.01331
663 9.0063
664 8.99932
665 8.99235
666 8.98541
667 8.97849
668 8.9716
669 8.96472
670 8.95787
671 8.95104
672 8.94422
673 8.93744
674 8.93067
675 8.92392
676 8.9172
677 8.91049
678 8.90381
679 8.89715
680 8.89051
681 8.88389
682 8.87729
683 8.87071
684 8.86415
685 8.85761
686 8.8511
687 8.8446
688 8.83812
689 8.83167
690 8.82523
691 8.81881
692 8.81242
693 8.80604
694 8.79968
695 8.79335
696 8.78703
697 8.78073
698 8.77445
699 8.76819
700 8.76195
701 8.75573
702 8.74953
703 8.74335
704 8.73718
705 8.73104
706 8.72491
707 8.7188
708 8.71271
709 8.70664
710 8.70059
711 8.69456
712 8.68855
713 8.68255
714 8.67657
715 8.67061
716 8.66467
717 8.65875
718 8.65284
719 8.64695
720 8.64108
721 8.63523
722 8.62939
723 8.62358
724 8.61778
725 8.612
726 8.60623
727 8.60048
728 8.59475
729 8.58904
730 8.58335
731 8.57767
732 8.57201
733 8.56636
734 8.56073
735 8.55512
736 8.54953
737 8.54395
738 8.53839
739 8.53285
740 8.52732
741 8.52181
742 8.51631
743 8.51083
744 8.50537
745 8.49992
746 8.49449
747 8.48908
748 8.48368
749 8.4783
750 8.47293
751 8.46758
752 8.46225
753 8.45693
754 8.45162
755 8.44634
756 8.44106
757 8.43581
758 8.43056
759 8.42534
760 8.42013
761 8.41493
762 8.40975
763 8.40459
764 8.39944
765 8.3943
766 8.38918
767 8.38407
768 8.37898
769 8.37391
770 8.36884
771 8.3638
772 8.35877
773 8.35375
774 8.34874
775 8.34376
776 8.33878
777 8.33382
778 8.32888
779 8.32394
780 8.31903
781 8.31412
782 8.30923
783 8.30436
784 8.2995
785 8.29465
786 8.28982
787 8.285
788 8.28019
789 8.2754
790 8.27062
791 8.26585
792 8.2611
793 8.25636
794 8.25164
795 8.24693
796 8.24223
797 8.23754
798 8.23287
799 8.22821
800 8.22357
801 8.21893
802 8.21432
803 8.20971
804 8.20512
805 8.20054
806 8.19597
807 8.19141
808 8.18687
809 8.18234
810 8.17782
811 8.17332
812 8.16883
813 8.16435
814 8.15988
815 8.15543
816 8.15099
817 8.14656
818 8.14214
819 8.13773
820 8.13334
821 8.12896
822 8.12459
823 8.12024
824 8.11589
825 8.11156
826 8.10724
827 8.10293
828 8.09863
829 8.09435
830 8.09007
831 8.08581
832 8.08156
833 8.07732
834 8.0731
835 8.06888
836 8.06468
837 8.06048
838 8.0563
839 8.05213
840 8.04797
841 8.04383
842 8.03969
843 8.03557
844 8.03145
845 8.02735
846 8.02326
847 8.01918
848 8.01511
849 8.01105
850 8.007
851 8.00297
852 7.99894
853 7.99493
854 7.99092
855 7.98693
856 7.98295
857 7.97897
858 7.97501
859 7.97106
860 7.96712
861 7.96319
862 7.95927
863 7.95536
864 7.95146
865 7.94757
866 7.94369
867 7.93983
868 7.93597
869 7.93212
870 7.92828
871 7.92446
872 7.92064
873 7.91683
874 7.91303
875 7.90925
876 7.90547
877 7.9017
878 7.89794
879 7.8942
880 7.89046
881 7.88673
882 7.88301
883 7.8793
884 7.8756
885 7.87191
886 7.86823
887 7.86456
888 7.8609
889 7.85725
890 7.85361
891 7.84998
892 7.84635
893 7.84274
894 7.83913
895 7.83554
896 7.83195
897 7.82838
898 7.82481
899 7.82125
900 7.8177
901 7.81416
902 7.81063
903 7.8071
904 7.80359
905 7.80009
906 7.79659
907 7.7931
908 7.78963
909 7.78616
910 7.7827
911 7.77924
912 7.7758
913 7.77237
914 7.76894
915 7.76553
916 7.76212
917 7.75872
918 7.75533
919 7.75194
920 7.74857
921 7.7452
922 7.74185
923 7.7385
924 7.73516
925 7.73182
926 7.7285
927 7.72519
928 7.72188
929 7.71858
930 7.71529
931 7.712
932 7.70873
933 7.70546
934 7.7022
935 7.69895
936 7.69571
937 7.69248
938 7.68925
939 7.68603
940 7.68282
941 7.67962
942 7.67642
943 7.67324
944 7.67006
945 7.66689
946 7.66372
947 7.66057
948 7.65742
949 7.65428
950 7.65114
951 7.64802
952 7.6449
953 7.64179
954 7.63869
955 7.63559
956 7.6325
957 7.62942
958 7.62635
959 7.62328
960 7.62022
961 7.61717
962 7.61413
963 7.61109
964 7.60806
965 7.60504
966 7.60203
967 7.59902
968 7.59602
969 7.59303
970 7.59004
971 7.58706
972 7.58409
973 7.58112
974 7.57817
975 7.57522
976 7.57227
977 7.56933
978 7.5664
979 7.56348
980 7.56056
981 7.55766
982 7.55475
983 7.55186
984 7.54897
985 7.54609
986 7.54321
987 7.54034
988 7.53748
989 7.53462
990 7.53177
991 7.52893
992 7.5261
993 7.52327
994 7.52045
995 7.51763
996 7.51482
997 7.51202
998 7.50922
999 7.50643
1000 7.50365
1001 7.50087
1002 7.4981
1003 7.49533
1004 7.49258
1005 7.48982
1006 7.48708
1007 7.48434
1008 7.48161
1009 7.47888
1010 7.47616
1011 7.47344
1012 7.47074
1013 7.46803
1014 7.46534
1015 7.46265
1016 7.45996
1017 7.45729
1018 7.45461
1019 7.45195
1020 7.44929
1021 7.44663
1022 7.44399
1023 7.44134
1024 7.43871
1025 7.43608
1026 7.43345
1027 7.43084
1028 7.42822
1029 7.42562
1030 7.42302
1031 7.42042
1032 7.41783
1033 7.41525
1034 7.41267
1035 7.4101
1036 7.40753
1037 7.40497
1038 7.40241
1039 7.39987
1040 7.39732
1041 7.39478
1042 7.39225
1043 7.38972
1044 7.3872
1045 7.38468
1046 7.38217
1047 7.37967
1048 7.37717
1049 7.37467
1050 7.37219
1051 7.3697
1052 7.36722
1053 7.36475
1054 7.36228
1055 7.35982
1056 7.35736
1057 7.35491
1058 7.35247
1059 7.35003
1060 7.34759
1061 7.34516
1062 7.34273
1063 7.34031
1064 7.3379
1065 7.33549
1066 7.33308
1067 7.33068
1068 7.32829
1069 7.3259
1070 7.32352
1071 7.32114
1072 7.31876
1073 7.31639
1074 7.31403
1075 7.31167
1076 7.30932
1077 7.30697
1078 7.30462
1079 7.30228
1080 7.29995
1081 7.29762
1082 7.29529
1083 7.29297
1084 7.29066
1085 7.28835
1086 7.28604
1087 7.28374
1088 7.28145
1089 7.27916
1090 7.27687
1091 7.27459
1092 7.27231
1093 7.27004
1094 7.26777
1095 7.26551
1096 7.26325
1097 7.261
1098 7.25875
1099 7.25651
1100 7.25427
1101 7.25203
1102 7.2498
1103 7.24757
1104 7.24535
1105 7.24314
1106 7.24092
1107 7.23872
1108 7.23651
1109 7.23431
1110 7.23212
1111 7.22993
1112 7.22774
1113 7.22556
1114 7.22339
1115 7.22121
1116 7.21904
1117 7.21688
1118 7.21472
1119 7.21257
1120 7.21042
1121 7.20827
1122 7.20613
1123 7.20399
1124 7.20186
1125 7.19973
1126 7.1976
1127 7.19548
1128 7.19336
1129 7.19125
1130 7.18914
1131 7.18704
1132 7.18494
1133 7.18284
1134 7.18075
1135 7.17866
1136 7.17658
1137 7.1745
1138 7.17242
1139 7.17035
1140 7.16829
1141 7.16622
1142 7.16416
1143 7.16211
1144 7.16006
1145 7.15801
1146 7.15597
1147 7.15393
1148 7.15189
1149 7.14986
1150 7.14783
1151 7.14581
1152 7.14379
1153 7.14177
1154 7.13976
1155 7.13775
1156 7.13575
1157 7.13375
1158 7.13175
1159 7.12976
1160 7.12777
1161 7.12578
1162 7.1238
1163 7.12182
1164 7.11985
1165 7.11788
1166 7.11591
1167 7.11395
1168 7.11199
1169 7.11003
1170 7.10808
1171 7.10613
1172 7.10419
1173 7.10225
1174 7.10031
1175 7.09838
1176 7.09645
1177 7.09452
1178 7.0926
1179 7.09068
1180 7.08876
1181 7.08685
1182 7.08494
1183 7.08304
1184 7.08113
1185 7.07924
1186 7.07734
1187 7.07545
1188 7.07356
1189 7.07168
1190 7.0698
1191 7.06792
1192 7.06605
1193 7.06418
1194 7.06231
1195 7.06045
1196 7.05859
1197 7.05673
1198 7.05488
1199 7.05303
1200 7.05118
1201 7.04934
1202 7.0475
1203 7.04566
1204 7.04383
1205 7.042
1206 7.04017
1207 7.03835
1208 7.03652
1209 7.03471
1210 7.03289
1211 7.03108
1212 7.02928
1213 7.02747
1214 7.02567
1215 7.02387
1216 7.02208
1217 7.02029
1218 7.0185
1219 7.01671
1220 7.01493
1221 7.01315
1222 7.01138
1223 7.00961
1224 7.00784
1225 7.00607
1226 7.00431
1227 7.00255
1228 7.00079
1229 6.99904
1230 6.99729
1231 6.99554
1232 6.99379
1233 6.99205
1234 6.99031
1235 6.98858
1236 6.98685
1237 6.98512
1238 6.98339
1239 6.98166
1240 6.97994
1241 6.97823
1242 6.97651
1243 6.9748
1244 6.97309
1245 6.97138
1246 6.96968
1247 6.96798
1248 6.96628
1249 6.96459
1250 6.9629
1251 6.96121
1252 6.95952
1253 6.95784
1254 6.95616
1255 6.95448
1256 6.95281
1257 6.95114
1258 6.94947
1259 6.9478
1260 6.94614
1261 6.94448
1262 6.94282
1263 6.94117
1264 6.93951
1265 6.93787
1266 6.93622
1267 6.93457
1268 6.93293
1269 6.9313
1270 6.92966
1271 6.92803
1272 6.9264
1273 6.92477
1274 6.92314
1275 6.92152
1276 6.9199
1277 6.91829
1278 6.91667
1279 6.91506
1280 6.91345
1281 6.91184
1282 6.91024
1283 6.90864
1284 6.90704
1285 6.90545
1286 6.90385
1287 6.90226
1288 6.90067
1289 6.89909
1290 6.8975
1291 6.89592
1292 6.89435
1293 6.89277
1294 6.8912
1295 6.88963
1296 6.88806
1297 6.88649
1298 6.88493
1299 6.88337
1300 6.88181
1301 6.88026
1302 6.87871
1303 6.87716
1304 6.87561
1305 6.87406
1306 6.87252
1307 6.87098
1308 6.86944
1309 6.86791
1310 6.86637
1311 6.86484
1312 6.86331
1313 6.86179
1314 6.86026
1315 6.85874
1316 6.85722
1317 6.85571
1318 6.85419
1319 6.85268
1320 6.85117
1321 6.84966
1322 6.84816
1323 6.84666
1324 6.84516
1325 6.84366
1326 6.84216
1327 6.84067
1328 6.83918
1329 6.83769
1330 6.8362
1331 6.83472
1332 6.83324
1333 6.83176
1334 6.83028
1335 6.82881
1336 6.82733
1337 6.82586
1338 6.8244
1339 6.82293
1340 6.82147
1341 6.82
1342 6.81854
1343 6.81709
1344 6.81563
1345 6.81418
1346 6.81273
1347 6.81128
1348 6.80983
1349 6.80839
1350 6.80695
1351 6.80551
1352 6.80407
1353 6.80264
1354 6.8012
1355 6.79977
1356 6.79834
1357 6.79691
1358 6.79549
1359 6.79407
1360 6.79265
1361 6.79123
1362 6.78981
1363 6.7884
1364 6.78699
1365 6.78558
1366 6.78417
1367 6.78276
1368 6.78136
1369 6.77996
1370 6.77856
1371 6.77716
1372 6.77576
1373 6.77437
1374 6.77298
1375 6.77159
1376 6.7702
1377 6.76881
1378 6.76743
1379 6.76605
1380 6.76467
1381 6.76329
1382 6.76191
1383 6.76054
1384 6.75917
1385 6.7578
1386 6.75643
1387 6.75506
1388 6.7537
1389 6.75234
1390 6.75098
1391 6.74962
1392 6.74826
1393 6.74691
1394 6.74556
1395 6.74421
1396 6.74286
1397 6.74151
1398 6.74017
1399 6.73882
1400 6.73748
1401 6.73614
1402 6.73481
1403 6.73347
1404 6.73214
1405 6.73081
1406 6.72948
1407 6.72815
1408 6.72682
1409 6.7255
1410 6.72418
1411 6.72286
1412 6.72154
1413 6.72022
1414 6.7189
1415 6.71759
1416 6.71628
1417 6.71497
1418 6.71366
1419 6.71236
1420 6.71105
1421 6.70975
1422 6.70845
1423 6.70715
1424 6.70585
1425 6.70456
1426 6.70326
1427 6.70197
1428 6.70068
1429 6.69939
1430 6.69811
1431 6.69682
1432 6.69554
1433 6.69426
1434 6.69298
1435 6.6917
1436 6.69042
1437 6.68915
1438 6.68788
1439 6.68661
1440 6.68534
1441 6.68407
1442 6.6828
1443 6.68154
1444 6.68028
1445 6.67901
1446 6.67775
1447 6.6765
1448 6.67524
1449 6.67399
1450 6.67273
1451 6.67148
1452 6.67023
1453 6.66899
1454 6.66774
1455 6.6665
1456 6.66525
1457 6.66401
1458 6.66277
1459 6.66153
1460 6.6603
1461 6.65906
1462 6.65783
1463 6.6566
1464 6.65537
1465 6.65414
1466 6.65291
1467 6.65169
1468 6.65047
1469 6.64924
1470 6.64802
1471 6.6468
1472 6.64559
1473 6.64437
1474 6.64316
1475 6.64194
1476 6.64073
1477 6.63952
1478 6.63832
1479 6.63711
1480 6.63591
1481 6.6347
1482 6.6335
1483 6.6323
1484 6.6311
1485 6.6299
1486 6.62871
1487 6.62751
1488 6.62632
1489 6.62513
1490 6.62394
1491 6.62275
1492 6.62157
1493 6.62038
1494 6.6192
1495 6.61802
1496 6.61683
1497 6.61566
1498 6.61448
1499 6.6133
1500 6.61213
1501 6.61095
1502 6.60978
1503 6.60861
1504 6.60744
1505 6.60627
1506 6.60511
1507 6.60394
1508 6.60278
1509 6.60162
1510 6.60046
1511 6.5993
1512 6.59814
1513 6.59699
1514 6.59583
1515 6.59468
1516 6.59353
1517 6.59237
1518 6.59123
1519 6.59008
1520 6.58893
1521 6.58779
1522 6.58664
1523 6.5855
1524 6.58436
1525 6.58322
1526 6.58208
1527 6.58095
1528 6.57981
1529 6.57868
1530 6.57754
1531 6.57641
1532 6.57528
1533 6.57416
1534 6.57303
1535 6.5719
1536 6.57078
1537 6.56965
1538 6.56853
1539 6.56741
1540 6.56629
1541 6.56518
1542 6.56406
1543 6.56294
1544 6.56183
1545 6.56072
1546 6.55961
1547 6.5585
1548 6.55739
1549 6.55628
1550 6.55518
1551 6.55407
1552 6.55297
1553 6.55187
1554 6.55076
1555 6.54967
1556 6.54857
1557 6.54747
1558 6.54637
1559 6.54528
1560 6.54419
1561 6.5431
1562 6.542
1563 6.54092
1564 6.53983
1565 6.53874
1566 6.53765
1567 6.53657
1568 6.53549
1569 6.53441
1570 6.53333
1571 6.53225
1572 6.53117
1573 6.53009
1574 6.52902
1575 6.52794
1576 6.52687
1577 6.5258
1578 6.52472
1579 6.52366
1580 6.52259
1581 6.52152
1582 6.52045
1583 6.51939
1584 6.51833
1585 6.51726
1586 6.5162
1587 6.51514
1588 6.51408
1589 6.51303
1590 6.51197
1591 6.51092
1592 6.50986
1593 6.50881
1594 6.50776
1595 6.50671
1596 6.50566
1597 6.50461
1598 6.50356
1599 6.50252
1600 6.50147
1601 6.50043
1602 6.49939
1603 6.49835
1604 6.49731
1605 6.49627
1606 6.49523
1607 6.49419
1608 6.49316
1609 6.49212
1610 6.49109
1611 6.49006
1612 6.48903
1613 6.488
1614 6.48697
1615 6.48594
1616 6.48491
1617 6.48389
1618 6.48287
1619 6.48184
1620 6.48082
1621 6.4798
1622 6.47878
1623 6.47776
1624 6.47674
1625 6.47573
1626 6.47471
1627 6.4737
1628 6.47268
1629 6.47167
1630 6.47066
1631 6.46965
1632 6.46864
1633 6.46764
1634 6.46663
1635 6.46562
1636 6.46462
1637 6.46362
1638 6.46261
1639 6.46161
1640 6.46061
1641 6.45961
1642 6.45862
1643 6.45762
1644 6.45662
1645 6.45563
1646 6.45463
1647 6.45364
1648 6.45265
1649 6.45166
1650 6.45067
1651 6.44968
1652 6.44869
1653 6.44771
1654 6.44672
1655 6.44574
1656 6.44475
1657 6.44377
1658 6.44279
1659 6.44181
1660 6.44083
1661 6.43985
1662 6.43887
1663 6.4379
1664 6.43692
1665 6.43595
1666 6.43497
1667 6.434
1668 6.43303
1669 6.43206
1670 6.43109
1671 6.43012
1672 6.42916
1673 6.42819
1674 6.42723
1675 6.42626
1676 6.4253
1677 6.42434
1678 6.42337
1679 6.42241
1680 6.42145
1681 6.4205
1682 6.41954
1683 6.41858
1684 6.41763
1685 6.41667
1686 6.41572
1687 6.41477
1688 6.41381
1689 6.41286
1690 6.41191
1691 6.41097
1692 6.41002
1693 6.40907
1694 6.40813
1695 6.40718
1696 6.40624
1697 6.40529
1698 6.40435
1699 6.40341
1700 6.40247
1701 6.40153
1702 6.40059
1703 6.39966
1704 6.39872
1705 6.39778
1706 6.39685
1707 6.39592
1708 6.39498
1709 6.39405
1710 6.39312
1711 6.39219
1712 6.39126
1713 6.39033
1714 6.38941
1715 6.38848
1716 6.38756
1717 6.38663
1718 6.38571
1719 6.38478
1720 6.38386
1721 6.38294
1722 6.38202
1723 6.3811
1724 6.38019
1725 6.37927
1726 6.37835
1727 6.37744
1728 6.37652
1729 6.37561
1730 6.3747
1731 6.37378
1732 6.37287
1733 6.37196
1734 6.37105
1735 6.37015
1736 6.36924
1737 6.36833
1738 6.36743
1739 6.36652
1740 6.36562
1741 6.36471
1742 6.36381
1743 6.36291
1744 6.36201
1745 6.36111
1746 6.36021
1747 6.35931
1748 6.35842
1749 6.35752
1750 6.35663
1751 6.35573
1752 6.35484
1753 6.35394
1754 6.35305
1755 6.35216
1756 6.35127
1757 6.35038
1758 6.34949
1759 6.34861
1760 6.34772
1761 6.34683
1762 6.34595
1763 6.34506
1764 6.34418
1765 6.3433
1766 6.34242
1767 6.34153
1768 6.34065
1769 6.33978
1770 6.3389
1771 6.33802
1772 6.33714
1773 6.33627
1774 6.33539
1775 6.33452
1776 6.33364
1777 6.33277
1778 6.3319
1779 6.33103
1780 6.33016
1781 6.32929
1782 6.32842
1783 6.32755
1784 6.32668
1785 6.32582
1786 6.32495
1787 6.32409
1788 6.32322
1789 6.32236
1790 6.3215
1791 6.32064
1792 6.31977
1793 6.31891
1794 6.31806
1795 6.3172
1796 6.31634
1797 6.31548
1798 6.31463
1799 6.31377
1800 6.31292
1801 6.31206
1802 6.31121
1803 6.31036
1804 6.30951
1805 6.30866
1806 6.30781
1807 6.30696
1808 6.30611
1809 6.30526
1810 6.30441
1811 6.30357
1812 6.30272
1813 6.30188
1814 6.30103
1815 6.30019
1816 6.29935
1817 6.29851
1818 6.29767
1819 6.29683
1820 6.29599
1821 6.29515
1822 6.29431
1823 6.29348
1824 6.29264
1825 6.2918
1826 6.29097
1827 6.29014
1828 6.2893
1829 6.28847
1830 6.28764
1831 6.28681
1832 6.28598
1833 6.28515
1834 6.28432
1835 6.28349
1836 6.28266
1837 6.28184
1838 6.28101
1839 6.28019
1840 6.27936
1841 6.27854
1842 6.27771
1843 6.27689
1844 6.27607
1845 6.27525
1846 6.27443
1847 6.27361
1848 6.27279
1849 6.27197
1850 6.27116
1851 6.27034
1852 6.26952
1853 6.26871
1854 6.2679
1855 6.26708
1856 6.26627
1857 6.26546
1858 6.26465
1859 6.26383
1860 6.26302
1861 6.26222
1862 6.26141
1863 6.2606
1864 6.25979
1865 6.25898
1866 6.25818
1867 6.25737
1868 6.25657
1869 6.25577
1870 6.25496
1871 6.25416
1872 6.25336
1873 6.25256
1874 6.25176
1875 6.25096
1876 6.25016
1877 6.24936
1878 6.24856
1879 6.24777
1880 6.24697
1881 6.24617
1882 6.24538
1883 6.24458
1884 6.24379
1885 6.243
1886 6.24221
1887 6.24141
1888 6.24062
1889 6.23983
1890 6.23904
1891 6.23826
1892 6.23747
1893 6.23668
1894 6.23589
1895 6.23511
1896 6.23432
1897 6.23354
1898 6.23275
1899 6.23197
1900 6.23119
1901 6.2304
1902 6.22962
1903 6.22884
1904 6.22806
1905 6.22728
1906 6.2265
1907 6.22572
1908 6.22495
1909 6.22417
1910 6.22339
1911 6.22262
1912 6.22184
1913 6.22107
1914 6.22029
1915 6.21952
1916 6.21875
1917 6.21798
1918 6.21721
1919 6.21644
1920 6.21567
1921 6.2149
1922 6.21413
1923 6.21336
1924 6.21259
1925 6.21183
1926 6.21106
1927 6.21029
1928 6.20953
1929 6.20877
1930 6.208
1931 6.20724
1932 6.20648
1933 6.20572
1934 6.20495
1935 6.20419
1936 6.20343
1937 6.20267
1938 6.20192
1939 6.20116
1940 6.2004
1941 6.19964
1942 6.19889
1943 6.19813
1944 6.19738
1945 6.19662
1946 6.19587
1947 6.19512
1948 6.19436
1949 6.19361
1950 6.19286
1951 6.19211
1952 6.19136
1953 6.19061
1954 6.18986
1955 6.18912
1956 6.18837
1957 6.18762
1958 6.18687
1959 6.18613
1960 6.18538
1961 6.18464
1962 6.1839
1963 6.18315
1964 6.18241
1965 6.18167
1966 6.18093
1967 6.18018
1968 6.17944
1969 6.1787
1970 6.17797
1971 6.17723
1972 6.17649
1973 6.17575
1974 6.17501
1975 6.17428
1976 6.17354
1977 6.17281
1978 6.17207
1979 6.17134
1980 6.17061
1981 6.16987
1982 6.16914
1983 6.16841
1984 6.16768
1985 6.16695
1986 6.16622
1987 6.16549
1988 6.16476
1989 6.16403
1990 6.16331
1991 6.16258
1992 6.16185
1993 6.16113
1994 6.1604
1995 6.15968
1996 6.15895
1997 6.15823
1998 6.15751
1999 6.15678
2000 6.15606
2001 6.15534
2002 6.15462
2003 6.1539
2004 6.15318
2005 6.15246
2006 6.15174
2007 6.15103
2008 6.15031
2009 6.14959
2010 6.14888
2011 6.14816
2012 6.14745
2013 6.14673
2014 6.14602
2015 6.1453
2016 6.14459
2017 6.14388
2018 6.14317
2019 6.14246
2020 6.14175
2021 6.14103
2022 6.14033
2023 6.13962
2024 6.13891
2025 6.1382
2026 6.13749
2027 6.13679
2028 6.13608
2029 6.13537
2030 6.13467
2031 6.13396
2032 6.13326
2033 6.13256
2034 6.13185
2035 6.13115
2036 6.13045
2037 6.12975
2038 6.12905
2039 6.12835
2040 6.12765
2041 6.12695
2042 6.12625
2043 6.12555
2044 6.12485
2045 6.12416
2046 6.12346
2047 6.12276
2048 6.12207
2049 6.12137
2050 6.12068
2051 6.11999
2052 6.11929
2053 6.1186
2054 6.11791
2055 6.11722
2056 6.11652
2057 6.11583
2058 6.11514
2059 6.11445
2060 6.11376
2061 6.11308
2062 6.11239
2063 6.1117
2064 6.11101
2065 6.11033
2066 6.10964
2067 6.10895
2068 6.10827
2069 6.10759
2070 6.1069
2071 6.10622
2072 6.10553
2073 6.10485
2074 6.10417
2075 6.10349
2076 6.10281
2077 6.10213
2078 6.10145
2079 6.10077
2080 6.10009
2081 6.09941
2082 6.09873
2083 6.09806
2084 6.09738
2085 6.0967
2086 6.09603
2087 6.09535
2088 6.09468
2089 6.094
2090 6.09333
2091 6.09265
2092 6.09198
2093 6.09131
2094 6.09064
2095 6.08997
2096 6.0893
2097 6.08863
2098 6.08796
2099 6.08729
2100 6.08662
2101 6.08595
2102 6.08528
2103 6.08461
2104 6.08395
2105 6.08328
2106 6.08261
2107 6.08195
2108 6.08128
2109 6.08062
2110 6.07996
2111 6.07929
2112 6.07863
2113 6.07797
2114 6.0773
2115 6.07664
2116 6.07598
2117 6.07532
2118 6.07466
2119 6.074
2120 6.07334
2121 6.07268
2122 6.07203
2123 6.07137
2124 6.07071
2125 6.07005
2126 6.0694
2127 6.06874
2128 6.06809
2129 6.06743
2130 6.06678
2131 6.06612
2132 6.06547
2133 6.06482
2134 6.06417
2135 6.06351
2136 6.06286
2137 6.06221
2138 6.06156
2139 6.06091
2140 6.06026
2141 6.05961
2142 6.05896
2143 6.05831
2144 6.05767
2145 6.05702
2146 6.05637
2147 6.05573
2148 6.05508
2149 6.05444
2150 6.05379
2151 6.05315
2152 6.0525
2153 6.05186
2154 6.05122
2155 6.05057
2156 6.04993
2157 6.04929
2158 6.04865
2159 6.04801
2160 6.04737
2161 6.04673
2162 6.04609
2163 6.04545
2164 6.04481
2165 6.04417
2166 6.04353
2167 6.0429
2168 6.04226
2169 6.04162
2170 6.04099
2171 6.04035
2172 6.03972
2173 6.03908
2174 6.03845
2175 6.03782
2176 6.03718
2177 6.03655
2178 6.03592
2179 6.03529
2180 6.03466
2181 6.03402
2182 6.03339
2183 6.03276
2184 6.03214
2185 6.03151
2186 6.03088
2187 6.03025
2188 6.02962
2189 6.02899
2190 6.02837
2191 6.02774
2192 6.02712
2193 6.02649
2194 6.02586
2195 6.02524
2196 6.02462
2197 6.02399
2198 6.02337
2199 6.02275
2200 6.02212
2201 6.0215
2202 6.02088
2203 6.02026
2204 6.01964
2205 6.01902
2206 6.0184
2207 6.01778
2208 6.01716
2209 6.01654
2210 6.01592
2211 6.01531
2212 6.01469
2213 6.01407
2214 6.01346
2215 6.01284
2216 6.01222
2217 6.01161
2218 6.01099
2219 6.01038
2220 6.00977
2221 6.00915
2222 6.00854
2223 6.00793
2224 6.00731
2225 6.0067
2226 6.00609
2227 6.00548
2228 6.00487
2229 6.00426
2230 6.00365
2231 6.00304
2232 6.00243
2233 6.00183
2234 6.00122
2235 6.00061
2236 6
2237 5.9994
2238 5.99879
2239 5.99818
2240 5.99758
2241 5.99697
2242 5.99637
2243 5.99577
2244 5.99516
2245 5.99456
2246 5.99396
2247 5.99335
2248 5.99275
2249 5.99215
2250 5.99155
2251 5.99095
2252 5.99035
2253 5.98975
2254 5.98915
2255 5.98855
2256 5.98795
2257 5.98735
2258 5.98675
2259 5.98616
2260 5.98556
2261 5.98496
2262 5.98437
2263 5.98377
2264 5.98317
2265 5.98258
2266 5.98198
2267 5.98139
2268 5.9808
2269 5.9802
2270 5.97961
2271 5.97902
2272 5.97842
2273 5.97783
2274 5.97724
2275 5.97665
2276 5.97606
2277 5.97547
2278 5.97488
2279 5.97429
2280 5.9737
2281 5.97311
2282 5.97252
2283 5.97194
2284 5.97135
2285 5.97076
2286 5.97017
2287 5.96959
2288 5.969
2289 5.96842
2290 5.96783
2291 5.96725
2292 5.96666
2293 5.96608
2294 5.9655
2295 5.96491
2296 5.96433
2297 5.96375
2298 5.96316
2299 5.96258
2300 5.962
2301 5.96142
2302 5.96084
2303 5.96026
2304 5.95968
2305 5.9591
2306 5.95852
2307 5.95794
2308 5.95737
2309 5.95679
2310 5.95621
2311 5.95563
2312 5.95506
2313 5.95448
2314 5.95391
2315 5.95333
2316 5.95276
2317 5.95218
2318 5.95161
2319 5.95103
2320 5.95046
2321 5.94989
2322 5.94931
2323 5.94874
2324 5.94817
2325 5.9476
2326 5.94703
2327 5.94646
2328 5.94589
2329 5.94532
2330 5.94475
2331 5.94418
2332 5.94361
2333 5.94304
2334 5.94247
2335 5.9419
2336 5.94134
2337 5.94077
2338 5.9402
2339 5.93964
2340 5.93907
2341 5.9385
2342 5.93794
2343 5.93737
2344 5.93681
2345 5.93624
2346 5.93568
2347 5.93512
2348 5.93455
2349 5.93399
2350 5.93343
2351 5.93287
2352 5.93231
2353 5.93175
2354 5.93118
2355 5.93062
2356 5.93006
2357 5.9295
2358 5.92895
2359 5.92839
2360 5.92783
2361 5.92727
2362 5.92671
2363 5.92615
2364 5.9256
2365 5.92504
2366 5.92448
2367 5.92393
2368 5.92337
2369 5.92282
2370 5.92226
2371 5.92171
2372 5.92115
2373 5.9206
2374 5.92005
2375 5.91949
2376 5.91894
2377 5.91839
2378 5.91784
2379 5.91728
2380 5.91673
2381 5.91618
2382 5.91563
2383 5.91508
2384 5.91453
2385 5.91398
2386 5.91343
2387 5.91288
2388 5.91234
2389 5.91179
2390 5.91124
2391 5.91069
2392 5.91014
2393 5.9096
2394 5.90905
2395 5.90851
2396 5.90796
2397 5.90741
2398 5.90687
2399 5.90633
2400 5.90578
2401 5.90524
2402 5.90469
2403 5.90415
2404 5.90361
2405 5.90306
2406 5.90252
2407 5.90198
2408 5.90144
2409 5.9009
2410 5.90036
2411 5.89982
2412 5.89928
2413 5.89874
2414 5.8982
2415 5.89766
2416 5.89712
2417 5.89658
2418 5.89604
2419 5.89551
2420 5.89497
2421 5.89443
2422 5.8939
2423 5.89336
2424 5.89282
2425 5.89229
2426 5.89175
2427 5.89122
2428 5.89068
2429 5.89015
2430 5.88961
2431 5.88908
2432 5.88855
2433 5.88801
2434 5.88748
2435 5.88695
2436 5.88642
2437 5.88589
2438 5.88536
2439 5.88482
2440 5.88429
2441 5.88376
2442 5.88323
2443 5.8827
2444 5.88218
2445 5.88165
2446 5.88112
2447 5.88059
2448 5.88006
2449 5.87953
2450 5.87901
2451 5.87848
2452 5.87795
2453 5.87743
2454 5.8769
2455 5.87638
2456 5.87585
2457 5.87533
2458 5.8748
2459 5.87428
2460 5.87375
2461 5.87323
2462 5.87271
2463 5.87218
2464 5.87166
2465 5.87114
2466 5.87062
2467 5.8701
2468 5.86958
2469 5.86905
2470 5.86853
2471 5.86801
2472 5.86749
2473 5.86697
2474 5.86645
2475 5.86594
2476 5.86542
2477 5.8649
2478 5.86438
2479 5.86386
2480 5.86335
2481 5.86283
2482 5.86231
2483 5.8618
2484 5.86128
2485 5.86076
2486 5.86025
2487 5.85973
2488 5.85922
2489 5.8587
2490 5.85819
2491 5.85768
2492 5.85716
2493 5.85665
2494 5.85614
2495 5.85563
2496 5.85511
2497 5.8546
2498 5.85409
2499 5.85358
2500 5.85307
2501 5.85256
2502 5.85205
2503 5.85154
2504 5.85103
2505 5.85052
2506 5.85001
2507 5.8495
2508 5.84899
2509 5.84848
2510 5.84798
2511 5.84747
2512 5.84696
2513 5.84645
2514 5.84595
2515 5.84544
2516 5.84494
2517 5.84443
2518 5.84393
2519 5.84342
2520 5.84292
2521 5.84241
2522 5.84191
2523 5.8414
2524 5.8409
2525 5.8404
2526 5.83989
2527 5.83939
2528 5.83889
2529 5.83839
2530 5.83789
2531 5.83739
2532 5.83688
2533 5.83638
2534 5.83588
2535 5.83538
2536 5.83488
2537 5.83438
2538 5.83389
2539 5.83339
2540 5.83289
2541 5.83239
2542 5.83189
2543 5.83139
2544 5.8309
2545 5.8304
2546 5.8299
2547 5.82941
2548 5.82891
2549 5.82842
2550 5.82792
2551 5.82743
2552 5.82693
2553 5.82644
2554 5.82594
2555 5.82545
2556 5.82495
2557 5.82446
2558 5.82397
2559 5.82348
2560 5.82298
2561 5.82249
2562 5.822
2563 5.82151
2564 5.82102
2565 5.82053
2566 5.82003
2567 5.81954
2568 5.81905
2569 5.81856
2570 5.81808
2571 5.81759
2572 5.8171
2573 5.81661
2574 5.81612
2575 5.81563
2576 5.81515
2577 5.81466
2578 5.81417
2579 5.81368
2580 5.8132
2581 5.81271
2582 5.81223
2583 5.81174
2584 5.81125
2585 5.81077
2586 5.81028
2587 5.8098
2588 5.80932
2589 5.80883
2590 5.80835
2591 5.80787
2592 5.80738
2593 5.8069
2594 5.80642
2595 5.80594
2596 5.80545
2597 5.80497
2598 5.80449
2599 5.80401
2600 5.80353
2601 5.80305
2602 5.80257
2603 5.80209
2604 5.80161
2605 5.80113
2606 5.80065
2607 5.80017
2608 5.7997
2609 5.79922
2610 5.79874
2611 5.79826
2612 5.79778
2613 5.79731
2614 5.79683
2615 5.79635
2616 5.79588
2617 5.7954
2618 5.79493
2619 5.79445
2620 5.79398
2621 5.7935
2622 5.79303
2623 5.79255
2624 5.79208
2625 5.79161
2626 5.79113
2627 5.79066
2628 5.79019
2629 5.78972
2630 5.78924
2631 5.78877
2632 5.7883
2633 5.78783
2634 5.78736
2635 5.78689
2636 5.78642
2637 5.78595
2638 5.78548
2639 5.78501
2640 5.78454
2641 5.78407
2642 5.7836
2643 5.78313
2644 5.78266
2645 5.7822
2646 5.78173
2647 5.78126
2648 5.78079
2649 5.78033
2650 5.77986
2651 5.7794
2652 5.77893
2653 5.77846
2654 5.778
2655 5.77753
2656 5.77707
2657 5.7766
2658 5.77614
2659 5.77568
2660 5.77521
2661 5.77475
2662 5.77428
2663 5.77382
2664 5.77336
2665 5.7729
2666 5.77243
2667 5.77197
2668 5.77151
2669 5.77105
2670 5.77059
2671 5.77013
2672 5.76967
2673 5.76921
2674 5.76875
2675 5.76829
2676 5.76783
2677 5.76737
2678 5.76691
2679 5.76645
2680 5.76599
2681 5.76554
2682 5.76508
2683 5.76462
2684 5.76416
2685 5.76371
2686 5.76325
2687 5.76279
2688 5.76234
2689 5.76188
2690 5.76142
2691 5.76097
2692 5.76051
2693 5.76006
2694 5.7596
2695 5.75915
2696 5.7587
2697 5.75824
2698 5.75779
2699 5.75734
2700 5.75688
2701 5.75643
2702 5.75598
2703 5.75553
2704 5.75507
2705 5.75462
2706 5.75417
2707 5.75372
2708 5.75327
2709 5.75282
2710 5.75237
2711 5.75192
2712 5.75147
2713 5.75102
2714 5.75057
2715 5.75012
2716 5.74967
2717 5.74922
2718 5.74877
2719 5.74833
2720 5.74788
2721 5.74743
2722 5.74698
2723 5.74654
2724 5.74609
2725 5.74564
2726 5.7452
2727 5.74475
2728 5.74431
2729 5.74386
2730 5.74341
2731 5.74297
2732 5.74253
2733 5.74208
2734 5.74164
2735 5.74119
2736 5.74075
2737 5.74031
2738 5.73986
2739 5.73942
2740 5.73898
2741 5.73853
2742 5.73809
2743 5.73765
2744 5.73721
2745 5.73677
2746 5.73633
2747 5.73589
2748 5.73545
2749 5.73501
2750 5.73457
2751 5.73413
2752 5.73369
2753 5.73325
2754 5.73281
2755 5.73237
2756 5.73193
2757 5.73149
2758 5.73105
2759 5.73062
2760 5.73018
2761 5.72974
2762 5.7293
2763 5.72887
2764 5.72843
2765 5.72799
2766 5.72756
2767 5.72712
2768 5.72669
2769 5.72625
2770 5.72582
2771 5.72538
2772 5.72495
2773 5.72451
2774 5.72408
2775 5.72364
2776 5.72321
2777 5.72278
2778 5.72234
2779 5.72191
2780 5.72148
2781 5.72105
2782 5.72062
2783 5.72018
2784 5.71975
2785 5.71932
2786 5.71889
2787 5.71846
2788 5.71803
2789 5.7176
2790 5.71717
2791 5.71674
2792 5.71631
2793 5.71588
2794 5.71545
2795 5.71502
2796 5.71459
2797 5.71416
2798 5.71373
2799 5.71331
2800 5.71288
2801 5.71245
2802 5.71202
2803 5.7116
2804 5.71117
2805 5.71074
2806 5.71032
2807 5.70989
2808 5.70947
2809 5.70904
2810 5.70862
2811 5.70819
2812 5.70777
2813 5.70734
2814 5.70692
2815 5.70649
2816 5.70607
2817 5.70565
2818 5.70522
2819 5.7048
2820 5.70438
2821 5.70395
2822 5.70353
2823 5.70311
2824 5.70269
2825 5.70227
2826 5.70184
2827 5.70142
2828 5.701
2829 5.70058
2830 5.70016
2831 5.69974
2832 5.69932
2833 5.6989
2834 5.69848
2835 5.69806
2836 5.69764
2837 5.69722
2838 5.6968
2839 5.69639
2840 5.69597
2841 5.69555
2842 5.69513
2843 5.69472
2844 5.6943
2845 5.69388
2846 5.69346
2847 5.69305
2848 5.69263
2849 5.69222
2850 5.6918
2851 5.69138
2852 5.69097
2853 5.69055
2854 5.69014
2855 5.68972
2856 5.68931
2857 5.6889
2858 5.68848
2859 5.68807
2860 5.68765
2861 5.68724
2862 5.68683
2863 5.68641
2864 5.686
2865 5.68559
2866 5.68518
2867 5.68477
2868 5.68435
2869 5.68394
2870 5.68353
2871 5.68312
2872 5.68271
2873 5.6823
2874 5.68189
2875 5.68148
2876 5.68107
2877 5.68066
2878 5.68025
2879 5.67984
2880 5.67943
2881 5.67902
2882 5.67861
2883 5.67821
2884 5.6778
2885 5.67739
2886 5.67698
2887 5.67658
2888 5.67617
2889 5.67576
2890 5.67536
2891 5.67495
2892 5.67454
2893 5.67414
2894 5.67373
2895 5.67333
2896 5.67292
2897 5.67251
2898 5.67211
2899 5.67171
2900 5.6713
2901 5.6709
2902 5.67049
2903 5.67009
2904 5.66969
2905 5.66928
2906 5.66888
2907 5.66848
2908 5.66807
2909 5.66767
2910 5.66727
2911 5.66687
2912 5.66647
2913 5.66606
2914 5.66566
2915 5.66526
2916 5.66486
2917 5.66446
2918 5.66406
2919 5.66366
2920 5.66326
2921 5.66286
2922 5.66246
2923 5.66206
2924 5.66166
2925 5.66126
2926 5.66086
2927 5.66046
2928 5.66007
2929 5.65967
2930 5.65927
2931 5.65887
2932 5.65848
2933 5.65808
2934 5.65768
2935 5.65729
2936 5.65689
2937 5.65649
2938 5.6561
2939 5.6557
2940 5.6553
2941 5.65491
2942 5.65451
2943 5.65412
2944 5.65372
2945 5.65333
2946 5.65294
2947 5.65254
2948 5.65215
2949 5.65175
2950 5.65136
2951 5.65097
2952 5.65057
2953 5.65018
2954 5.64979
2955 5.6494
2956 5.649
2957 5.64861
2958 5.64822
2959 5.64783
2960 5.64744
2961 5.64705
2962 5.64665
2963 5.64626
2964 5.64587
2965 5.64548
2966 5.64509
2967 5.6447
2968 5.64431
2969 5.64392
2970 5.64353
2971 5.64315
2972 5.64276
2973 5.64237
2974 5.64198
2975 5.64159
2976 5.6412
2977 5.64082
2978 5.64043
2979 5.64004
2980 5.63965
2981 5.63927
2982 5.63888
2983 5.63849
2984 5.63811
2985 5.63772
2986 5.63734
2987 5.63695
2988 5.63656
2989 5.63618
2990 5.63579
2991 5.63541
2992 5.63502
2993 5.63464
2994 5.63426
2995 5.63387
2996 5.63349
2997 5.6331
2998 5.63272
2999 5.63234
3000 5.63195
3001 5.63157
3002 5.63119
3003 5.63081
3004 5.63042
3005 5.63004
3006 5.62966
3007 5.62928
3008 5.6289
3009 5.62852
3010 5.62814
3011 5.62776
3012 5.62737
3013 5.62699
3014 5.62661
3015 5.62623
3016 5.62585
3017 5.62548
3018 5.6251
3019 5.62472
3020 5.62434
3021 5.62396
3022 5.62358
3023 5.6232
3024 5.62282
3025 5.62245
3026 5.62207
3027 5.62169
3028 5.62131
3029 5.62094
3030 5.62056
3031 5.62018
3032 5.61981
3033 5.61943
3034 5.61905
3035 5.61868
3036 5.6183
3037 5.61793
3038 5.61755
3039 5.61718
3040 5.6168
3041 5.61643
3042 5.61605
3043 5.61568
3044 5.6153
3045 5.61493
3046 5.61456
3047 5.61418
3048 5.61381
3049 5.61344
3050 5.61306
3051 5.61269
3052 5.61232
3053 5.61195
3054 5.61157
3055 5.6112
3056 5.61083
3057 5.61046
3058 5.61009
3059 5.60972
3060 5.60935
3061 5.60898
3062 5.6086
3063 5.60823
3064 5.60786
3065 5.60749
3066 5.60712
3067 5.60675
3068 5.60639
3069 5.60602
3070 5.60565
3071 5.60528
3072 5.60491
3073 5.60454
3074 5.60417
3075 5.60381
3076 5.60344
3077 5.60307
3078 5.6027
3079 5.60234
3080 5.60197
3081 5.6016
3082 5.60123
3083 5.60087
3084 5.6005
3085 5.60014
3086 5.59977
3087 5.5994
3088 5.59904
3089 5.59867
3090 5.59831
3091 5.59794
3092 5.59758
3093 5.59721
3094 5.59685
3095 5.59649
3096 5.59612
3097 5.59576
3098 5.59539
3099 5.59503
3100 5.59467
3101 5.59431
3102 5.59394
3103 5.59358
3104 5.59322
3105 5.59286
3106 5.59249
3107 5.59213
3108 5.59177
3109 5.59141
3110 5.59105
3111 5.59069
3112 5.59032
3113 5.58996
3114 5.5896
3115 5.58924
3116 5.58888
3117 5.58852
3118 5.58816
3119 5.5878
3120 5.58744
3121 5.58709
3122 5.58673
3123 5.58637
3124 5.58601
3125 5.58565
3126 5.58529
3127 5.58493
3128 5.58458
3129 5.58422
3130 5.58386
3131 5.5835
3132 5.58315
3133 5.58279
3134 5.58243
3135 5.58208
3136 5.58172
3137 5.58136
3138 5.58101
3139 5.58065
3140 5.5803
3141 5.57994
3142 5.57958
3143 5.57923
3144 5.57887
3145 5.57852
3146 5.57817
3147 5.57781
3148 5.57746
3149 5.5771
3150 5.57675
3151 5.57639
3152 5.57604
3153 5.57569
3154 5.57534
3155 5.57498
3156 5.57463
3157 5.57428
3158 5.57392
3159 5.57357
3160 5.57322
3161 5.57287
3162 5.57252
3163 5.57217
3164 5.57181
3165 5.57146
3166 5.57111
3167 5.57076
3168 5.57041
3169 5.57006
3170 5.56971
3171 5.56936
3172 5.56901
3173 5.56866
3174 5.56831
3175 5.56796
3176 5.56761
3177 5.56726
3178 5.56691
3179 5.56657
3180 5.56622
3181 5.56587
3182 5.56552
3183 5.56517
3184 5.56483
3185 5.56448
3186 5.56413
3187 5.56378
3188 5.56344
3189 5.56309
3190 5.56274
3191 5.5624
3192 5.56205
3193 5.5617
3194 5.56136
3195 5.56101
3196 5.56067
3197 5.56032
3198 5.55998
3199 5.55963
3200 5.55929
3201 5.55894
3202 5.5586
3203 5.55825
3204 5.55791
3205 5.55757
3206 5.55722
3207 5.55688
3208 5.55653
3209 5.55619
3210 5.55585
3211 5.55551
3212 5.55516
3213 5.55482
3214 5.55448
3215 5.55414
3216 5.55379
3217 5.55345
3218 5.55311
3219 5.55277
3220 5.55243
3221 5.55209
3222 5.55175
3223 5.5514
3224 5.55106
3225 5.55072
3226 5.55038
3227 5.55004
3228 5.5497
3229 5.54936
3230 5.54902
3231 5.54868
3232 5.54834
3233 5.54801
3234 5.54767
3235 5.54733
3236 5.54699
3237 5.54665
3238 5.54631
3239 5.54597
3240 5.54564
3241 5.5453
3242 5.54496
3243 5.54462
3244 5.54429
3245 5.54395
3246 5.54361
3247 5.54328
3248 5.54294
3249 5.5426
3250 5.54227
3251 5.54193
3252 5.5416
3253 5.54126
3254 5.54092
3255 5.54059
3256 5.54025
3257 5.53992
3258 5.53958
3259 5.53925
3260 5.53891
3261 5.53858
3262 5.53825
3263 5.53791
3264 5.53758
3265 5.53724
3266 5.53691
3267 5.53658
3268 5.53624
3269 5.53591
3270 5.53558
3271 5.53525
3272 5.53491
3273 5.53458
3274 5.53425
3275 5.53392
3276 5.53359
3277 5.53325
3278 5.53292
3279 5.53259
3280 5.53226
3281 5.53193
3282 5.5316
3283 5.53127
3284 5.53094
3285 5.53061
3286 5.53028
3287 5.52995
3288 5.52962
3289 5.52929
3290 5.52896
3291 5.52863
3292 5.5283
3293 5.52797
3294 5.52764
3295 5.52731
3296 5.52698
3297 5.52666
3298 5.52633
3299 5.526
3300 5.52567
3301 5.52534
3302 5.52502
3303 5.52469
3304 5.52436
3305 5.52404
3306 5.52371
3307 5.52338
3308 5.52306
3309 5.52273
3310 5.5224
3311 5.52208
3312 5.52175
3313 5.52143
3314 5.5211
3315 5.52077
3316 5.52045
3317 5.52012
3318 5.5198
3319 5.51947
3320 5.51915
3321 5.51883
3322 5.5185
3323 5.51818
3324 5.51785
3325 5.51753
3326 5.51721
3327 5.51688
3328 5.51656
3329 5.51624
3330 5.51591
3331 5.51559
3332 5.51527
3333 5.51495
3334 5.51462
3335 5.5143
3336 5.51398
3337 5.51366
3338 5.51334
3339 5.51301
3340 5.51269
3341 5.51237
3342 5.51205
3343 5.51173
3344 5.51141
3345 5.51109
3346 5.51077
3347 5.51045
3348 5.51013
3349 5.50981
3350 5.50949
3351 5.50917
3352 5.50885
3353 5.50853
3354 5.50821
3355 5.50789
3356 5.50757
3357 5.50725
3358 5.50693
3359 5.50662
3360 5.5063
3361 5.50598
3362 5.50566
3363 5.50534
3364 5.50503
3365 5.50471
3366 5.50439
3367 5.50408
3368 5.50376
3369 5.50344
3370 5.50312
3371 5.50281
3372 5.50249
3373 5.50218
3374 5.50186
3375 5.50154
3376 5.50123
3377 5.50091
3378 5.5006
3379 5.50028
3380 5.49997
3381 5.49965
3382 5.49934
3383 5.49902
3384 5.49871
3385 5.49839
3386 5.49808
3387 5.49777
3388 5.49745
3389 5.49714
3390 5.49682
3391 5.49651
3392 5.4962
3393 5.49588
3394 5.49557
3395 5.49526
3396 5.49495
3397 5.49463
3398 5.49432
3399 5.49401
3400 5.4937
3401 5.49339
3402 5.49307
3403 5.49276
3404 5.49245
3405 5.49214
3406 5.49183
3407 5.49152
3408 5.49121
3409 5.4909
3410 5.49059
3411 5.49028
3412 5.48997
3413 5.48966
3414 5.48935
3415 5.48904
3416 5.48873
3417 5.48842
3418 5.48811
3419 5.4878
3420 5.48749
3421 5.48718
3422 5.48687
3423 5.48656
3424 5.48625
3425 5.48595
3426 5.48564
3427 5.48533
3428 5.48502
3429 5.48472
3430 5.48441
3431 5.4841
3432 5.48379
3433 5.48349
3434 5.48318
3435 5.48287
3436 5.48257
3437 5.48226
3438 5.48195
3439 5.48165
3440 5.48134
3441 5.48104
3442 5.48073
3443 5.48042
3444 5.48012
3445 5.47981
3446 5.47951
3447 5.4792
3448 5.4789
3449 5.47859
3450 5.47829
3451 5.47799
3452 5.47768
3453 5.47738
3454 5.47707
3455 5.47677
3456 5.47647
3457 5.47616
3458 5.47586
3459 5.47556
3460 5.47525
3461 5.47495
3462 5.47465
3463 5.47434
3464 5.47404
3465 5.47374
3466 5.47344
3467 5.47314
3468 5.47283
3469 5.47253
3470 5.47223
3471 5.47193
3472 5.47163
3473 5.47133
3474 5.47102
3475 5.47072
3476 5.47042
3477 5.47012
3478 5.46982
3479 5.46952
3480 5.46922
3481 5.46892
3482 5.46862
3483 5.46832
3484 5.46802
3485 5.46772
3486 5.46742
3487 5.46712
3488 5.46683
3489 5.46653
3490 5.46623
3491 5.46593
3492 5.46563
3493 5.46533
3494 5.46503
3495 5.46474
3496 5.46444
3497 5.46414
3498 5.46384
3499 5.46355
3500 5.46325
3501 5.46295
3502 5.46266
3503 5.46236
3504 5.46206
3505 5.46176
3506 5.46147
3507 5.46117
3508 5.46088
3509 5.46058
3510 5.46028
3511 5.45999
3512 5.45969
3513 5.4594
3514 5.4591
3515 5.45881
3516 5.45851
3517 5.45822
3518 5.45792
3519 5.45763
3520 5.45733
3521 5.45704
3522 5.45674
3523 5.45645
3524 5.45616
3525 5.45586
3526 5.45557
3527 5.45528
3528 5.45498
3529 5.45469
3530 5.4544
3531 5.4541
3532 5.45381
3533 5.45352
3534 5.45323
3535 5.45293
3536 5.45264
3537 5.45235
3538 5.45206
3539 5.45177
3540 5.45147
3541 5.45118
3542 5.45089
3543 5.4506
3544 5.45031
3545 5.45002
3546 5.44973
3547 5.44944
3548 5.44915
3549 5.44885
3550 5.44856
3551 5.44827
3552 5.44798
3553 5.44769
3554 5.4474
3555 5.44711
3556 5.44683
3557 5.44654
3558 5.44625
3559 5.44596
3560 5.44567
3561 5.44538
3562 5.44509
3563 5.4448
3564 5.44451
3565 5.44423
3566 5.44394
3567 5.44365
3568 5.44336
3569 5.44307
3570 5.44279
3571 5.4425
3572 5.44221
3573 5.44193
3574 5.44164
3575 5.44135
3576 5.44106
3577 5.44078
3578 5.44049
3579 5.44021
3580 5.43992
3581 5.43963
3582 5.43935
3583 5.43906
3584 5.43878
3585 5.43849
3586 5.4382
3587 5.43792
3588 5.43763
3589 5.43735
3590 5.43706
3591 5.43678
3592 5.4365
3593 5.43621
3594 5.43593
3595 5.43564
3596 5.43536
3597 5.43507
3598 5.43479
3599 5.43451
3600 5.43422
3601 5.43394
3602 5.43366
3603 5.43337
3604 5.43309
3605 5.43281
3606 5.43252
3607 5.43224
3608 5.43196
3609 5.43168
3610 5.43139
3611 5.43111
3612 5.43083
3613 5.43055
3614 5.43027
3615 5.42999
3616 5.4297
3617 5.42942
3618 5.42914
3619 5.42886
3620 5.42858
3621 5.4283
3622 5.42802
3623 5.42774
3624 5.42746
3625 5.42718
3626 5.4269
3627 5.42662
3628 5.42634
3629 5.42606
3630 5.42578
3631 5.4255
3632 5.42522
3633 5.42494
3634 5.42466
3635 5.42438
3636 5.4241
3637 5.42382
3638 5.42355
3639 5.42327
3640 5.42299
3641 5.42271
3642 5.42243
3643 5.42216
3644 5.42188
3645 5.4216
3646 5.42132
3647 5.42104
3648 5.42077
3649 5.42049
3650 5.42021
3651 5.41994
3652 5.41966
3653 5.41938
3654 5.41911
3655 5.41883
3656 5.41855
3657 5.41828
3658 5.418
3659 5.41773
3660 5.41745
3661 5.41717
3662 5.4169
3663 5.41662
3664 5.41635
3665 5.41607
3666 5.4158
3667 5.41552
3668 5.41525
3669 5.41497
3670 5.4147
3671 5.41443
3672 5.41415
3673 5.41388
3674 5.4136
3675 5.41333
3676 5.41306
3677 5.41278
3678 5.41251
3679 5.41224
3680 5.41196
3681 5.41169
3682 5.41142
3683 5.41114
3684 5.41087
3685 5.4106
3686 5.41033
3687 5.41005
3688 5.40978
3689 5.40951
3690 5.40924
3691 5.40897
3692 5.40869
3693 5.40842
3694 5.40815
3695 5.40788
3696 5.40761
3697 5.40734
3698 5.40707
3699 5.4068
3700 5.40652
3701 5.40625
3702 5.40598
3703 5.40571
3704 5.40544
3705 5.40517
3706 5.4049
3707 5.40463
3708 5.40436
3709 5.40409
3710 5.40382
3711 5.40356
3712 5.40329
3713 5.40302
3714 5.40275
3715 5.40248
3716 5.40221
3717 5.40194
3718 5.40167
3719 5.4014
3720 5.40114
3721 5.40087
3722 5.4006
3723 5.40033
3724 5.40006
3725 5.3998
3726 5.39953
3727 5.39926
3728 5.399
3729 5.39873
3730 5.39846
3731 5.39819
3732 5.39793
3733 5.39766
3734 5.39739
3735 5.39713
3736 5.39686
3737 5.3966
3738 5.39633
3739 5.39606
3740 5.3958
3741 5.39553
3742 5.39527
3743 5.395
3744 5.39474
3745 5.39447
3746 5.39421
3747 5.39394
3748 5.39368
3749 5.39341
3750 5.39315
3751 5.39288
3752 5.39262
3753 5.39235
3754 5.39209
3755 5.39183
3756 5.39156
3757 5.3913
3758 5.39103
3759 5.39077
3760 5.39051
3761 5.39024
3762 5.38998
3763 5.38972
3764 5.38945
3765 5.38919
3766 5.38893
3767 5.38867
3768 5.3884
3769 5.38814
3770 5.38788
3771 5.38762
3772 5.38736
3773 5.38709
3774 5.38683
3775 5.38657
3776 5.38631
3777 5.38605
3778 5.38579
3779 5.38553
3780 5.38526
3781 5.385
3782 5.38474
3783 5.38448
3784 5.38422
3785 5.38396
3786 5.3837
3787 5.38344
3788 5.38318
3789 5.38292
3790 5.38266
3791 5.3824
3792 5.38214
3793 5.38188
3794 5.38162
3795 5.38136
3796 5.3811
3797 5.38084
3798 5.38059
3799 5.38033
3800 5.38007
3801 5.37981
3802 5.37955
3803 5.37929
3804 5.37903
3805 5.37878
3806 5.37852
3807 5.37826
3808 5.378
3809 5.37775
3810 5.37749
3811 5.37723
3812 5.37697
3813 5.37672
3814 5.37646
3815 5.3762
3816 5.37595
3817 5.37569
3818 5.37543
3819 5.37518
3820 5.37492
3821 5.37466
3822 5.37441
3823 5.37415
3824 5.37389
3825 5.37364
3826 5.37338
3827 5.37313
3828 5.37287
3829 5.37262
3830 5.37236
3831 5.37211
3832 5.37185
3833 5.3716
3834 5.37134
3835 5.37109
3836 5.37083
3837 5.37058
3838 5.37032
3839 5.37007
3840 5.36982
3841 5.36956
3842 5.36931
3843 5.36905
3844 5.3688
3845 5.36855
3846 5.36829
3847 5.36804
3848 5.36779
3849 5.36753
3850 5.36728
3851 5.36703
3852 5.36678
3853 5.36652
3854 5.36627
3855 5.36602
3856 5.36577
3857 5.36551
3858 5.36526
3859 5.36501
3860 5.36476
3861 5.36451
3862 5.36425
3863 5.364
3864 5.36375
3865 5.3635
3866 5.36325
3867 5.363
3868 5.36275
3869 5.3625
3870 5.36225
3871 5.36199
3872 5.36174
3873 5.36149
3874 5.36124
3875 5.36099
3876 5.36074
3877 5.36049
3878 5.36024
3879 5.35999
3880 5.35974
3881 5.35949
3882 5.35924
3883 5.359
3884 5.35875
3885 5.3585
3886 5.35825
3887 5.358
3888 5.35775
3889 5.3575
3890 5.35725
3891 5.35701
3892 5.35676
3893 5.35651
3894 5.35626
3895 5.35601
3896 5.35576
3897 5.35552
3898 5.35527
3899 5.35502
3900 5.35477
3901 5.35453
3902 5.35428
3903 5.35403
3904 5.35379
3905 5.35354
3906 5.35329
3907 5.35305
3908 5.3528
3909 5.35255
3910 5.35231
3911 5.35206
3912 5.35181
3913 5.35157
3914 5.35132
3915 5.35108
3916 5.35083
3917 5.35059
3918 5.35034
3919 5.35009
3920 5.34985
3921 5.3496
3922 5.34936
3923 5.34911
3924 5.34887
3925 5.34862
3926 5.34838
3927 5.34814
3928 5.34789
3929 5.34765
3930 5.3474
3931 5.34716
3932 5.34691
3933 5.34667
3934 5.34643
3935 5.34618
3936 5.34594
3937 5.3457
3938 5.34545
3939 5.34521
3940 5.34497
3941 5.34472
3942 5.34448
3943 5.34424
3944 5.344
3945 5.34375
3946 5.34351
3947 5.34327
3948 5.34303
3949 5.34278
3950 5.34254
3951 5.3423
3952 5.34206
3953 5.34182
3954 5.34157
3955 5.34133
3956 5.34109
3957 5.34085
3958 5.34061
3959 5.34037
3960 5.34013
3961 5.33989
3962 5.33964
3963 5.3394
3964 5.33916
3965 5.33892
3966 5.33868
3967 5.33844
3968 5.3382
3969 5.33796
3970 5.33772
3971 5.33748
3972 5.33724
3973 5.337
3974 5.33676
3975 5.33652
3976 5.33628
3977 5.33605
3978 5.33581
3979 5.33557
3980 5.33533
3981 5.33509
3982 5.33485
3983 5.33461
3984 5.33437
3985 5.33414
3986 5.3339
3987 5.33366
3988 5.33342
3989 5.33318
3990 5.33295
3991 5.33271
3992 5.33247
3993 5.33223
3994 5.33199
3995 5.33176
3996 5.33152
3997 5.33128
3998 5.33105
3999 5.33081
4000 5.33057
4001 5.33034
4002 5.3301
4003 5.32986
4004 5.32963
4005 5.32939
4006 5.32915
4007 5.32892
4008 5.32868
4009 5.32844
4010 5.32821
4011 5.32797
4012 5.32774
4013 5.3275
4014 5.32727
4015 5.32703
4016 5.3268
4017 5.32656
4018 5.32633
4019 5.32609
4020 5.32586
4021 5.32562
4022 5.32539
4023 5.32515
4024 5.32492
4025 5.32468
4026 5.32445
4027 5.32422
4028 5.32398
4029 5.32375
4030 5.32351
4031 5.32328
4032 5.32305
4033 5.32281
4034 5.32258
4035 5.32235
4036 5.32211
4037 5.32188
4038 5.32165
4039 5.32141
4040 5.32118
4041 5.32095
4042 5.32072
4043 5.32048
4044 5.32025
4045 5.32002
4046 5.31979
4047 5.31955
4048 5.31932
4049 5.31909
4050 5.31886
4051 5.31863
4052 5.3184
4053 5.31816
4054 5.31793
4055 5.3177
4056 5.31747
4057 5.31724
4058 5.31701
4059 5.31678
4060 5.31655
4061 5.31632
4062 5.31608
4063 5.31585
4064 5.31562
4065 5.31539
4066 5.31516
4067 5.31493
4068 5.3147
4069 5.31447
4070 5.31424
4071 5.31401
4072 5.31378
4073 5.31355
4074 5.31333
4075 5.3131
4076 5.31287
4077 5.31264
4078 5.31241
4079 5.31218
4080 5.31195
4081 5.31172
4082 5.31149
4083 5.31126
4084 5.31104
4085 5.31081
4086 5.31058
4087 5.31035
4088 5.31012
4089 5.3099
4090 5.30967
4091 5.30944
4092 5.30921
4093 5.30898
4094 5.30876
4095 5.30853
4096 5.3083
4097 5.30808
4098 5.30785
4099 5.30762
4100 5.30739
4101 5.30717
4102 5.30694
4103 5.30671
4104 5.30649
4105 5.30626
4106 5.30603
4107 5.30581
4108 5.30558
4109 5.30536
4110 5.30513
4111 5.3049
4112 5.30468
4113 5.30445
4114 5.30423
4115 5.304
4116 5.30378
4117 5.30355
4118 5.30333
4119 5.3031
4120 5.30288
4121 5.30265
4122 5.30243
4123 5.3022
4124 5.30198
4125 5.30175
4126 5.30153
4127 5.3013
4128 5.30108
4129 5.30086
4130 5.30063
4131 5.30041
4132 5.30018
4133 5.29996
4134 5.29974
4135 5.29951
4136 5.29929
4137 5.29907
4138 5.29884
4139 5.29862
4140 5.2984
4141 5.29817
4142 5.29795
4143 5.29773
4144 5.2975
4145 5.29728
4146 5.29706
4147 5.29684
4148 5.29661
4149 5.29639
4150 5.29617
4151 5.29595
4152 5.29573
4153 5.2955
4154 5.29528
4155 5.29506
4156 5.29484
4157 5.29462
4158 5.2944
4159 5.29418
4160 5.29395
4161 5.29373
4162 5.29351
4163 5.29329
4164 5.29307
4165 5.29285
4166 5.29263
4167 5.29241
4168 5.29219
4169 5.29197
4170 5.29175
4171 5.29153
4172 5.29131
4173 5.29109
4174 5.29087
4175 5.29065
4176 5.29043
4177 5.29021
4178 5.28999
4179 5.28977
4180 5.28955
4181 5.28933
4182 5.28911
4183 5.28889
4184 5.28867
4185 5.28845
4186 5.28823
4187 5.28802
4188 5.2878
4189 5.28758
4190 5.28736
4191 5.28714
4192 5.28692
4193 5.28671
4194 5.28649
4195 5.28627
4196 5.28605
4197 5.28583
4198 5.28562
4199 5.2854
4200 5.28518
4201 5.28496
4202 5.28475
4203 5.28453
4204 5.28431
4205 5.28409
4206 5.28388
4207 5.28366
4208 5.28344
4209 5.28323
4210 5.28301
4211 5.28279
4212 5.28258
4213 5.28236
4214 5.28214
4215 5.28193
4216 5.28171
4217 5.2815
4218 5.28128
4219 5.28106
4220 5.28085
4221 5.28063
4222 5.28042
4223 5.2802
4224 5.27999
4225 5.27977
4226 5.27956
4227 5.27934
4228 5.27913
4229 5.27891
4230 5.2787
4231 5.27848
4232 5.27827
4233 5.27805
4234 5.27784
4235 5.27762
4236 5.27741
4237 5.27719
4238 5.27698
4239 5.27677
4240 5.27655
4241 5.27634
4242 5.27612
4243 5.27591
4244 5.2757
4245 5.27548
4246 5.27527
4247 5.27506
4248 5.27484
4249 5.27463
4250 5.27442
4251 5.2742
4252 5.27399
4253 5.27378
4254 5.27357
4255 5.27335
4256 5.27314
4257 5.27293
4258 5.27272
4259 5.2725
4260 5.27229
4261 5.27208
4262 5.27187
4263 5.27166
4264 5.27144
4265 5.27123
4266 5.27102
4267 5.27081
4268 5.2706
4269 5.27039
4270 5.27017
4271 5.26996
4272 5.26975
4273 5.26954
4274 5.26933
4275 5.26912
4276 5.26891
4277 5.2687
4278 5.26849
4279 5.26828
4280 5.26807
4281 5.26786
4282 5.26765
4283 5.26744
4284 5.26722
4285 5.26701
4286 5.2668
4287 5.2666
4288 5.26639
4289 5.26618
4290 5.26597
4291 5.26576
4292 5.26555
4293 5.26534
4294 5.26513
4295 5.26492
4296 5.26471
4297 5.2645
4298 5.26429
4299 5.26408
4300 5.26387
4301 5.26367
4302 5.26346
4303 5.26325
4304 5.26304
4305 5.26283
4306 5.26262
4307 5.26242
4308 5.26221
4309 5.262
4310 5.26179
4311 5.26158
4312 5.26138
4313 5.26117
4314 5.26096
4315 5.26075
4316 5.26055
4317 5.26034
4318 5.26013
4319 5.25993
4320 5.25972
4321 5.25951
4322 5.2593
4323 5.2591
4324 5.25889
4325 5.25868
4326 5.25848
4327 5.25827
4328 5.25807
4329 5.25786
4330 5.25765
4331 5.25745
4332 5.25724
4333 5.25703
4334 5.25683
4335 5.25662
4336 5.25642
4337 5.25621
4338 5.25601
4339 5.2558
4340 5.2556
4341 5.25539
4342 5.25518
4343 5.25498
4344 5.25477
4345 5.25457
4346 5.25437
4347 5.25416
4348 5.25396
4349 5.25375
4350 5.25355
4351 5.25334
4352 5.25314
4353 5.25293
4354 5.25273
4355 5.25253
4356 5.25232
4357 5.25212
4358 5.25191
4359 5.25171
4360 5.25151
4361 5.2513
4362 5.2511
4363 5.2509
4364 5.25069
4365 5.25049
4366 5.25029
4367 5.25008
4368 5.24988
4369 5.24968
4370 5.24947
4371 5.24927
4372 5.24907
4373 5.24887
4374 5.24866
4375 5.24846
4376 5.24826
4377 5.24806
4378 5.24785
4379 5.24765
4380 5.24745
4381 5.24725
4382 5.24705
4383 5.24684
4384 5.24664
4385 5.24644
4386 5.24624
4387 5.24604
4388 5.24584
4389 5.24564
4390 5.24543
4391 5.24523
4392 5.24503
4393 5.24483
4394 5.24463
4395 5.24443
4396 5.24423
4397 5.24403
4398 5.24383
4399 5.24363
4400 5.24343
4401 5.24323
4402 5.24303
4403 5.24283
4404 5.24263
4405 5.24243
4406 5.24223
4407 5.24203
4408 5.24183
4409 5.24163
4410 5.24143
4411 5.24123
4412 5.24103
4413 5.24083
4414 5.24063
4415 5.24043
4416 5.24023
4417 5.24003
4418 5.23983
4419 5.23963
4420 5.23944
4421 5.23924
4422 5.23904
4423 5.23884
4424 5.23864
4425 5.23844
4426 5.23824
4427 5.23805
4428 5.23785
4429 5.23765
4430 5.23745
4431 5.23725
4432 5.23706
4433 5.23686
4434 5.23666
4435 5.23646
4436 5.23627
4437 5.23607
4438 5.23587
4439 5.23567
4440 5.23548
4441 5.23528
4442 5.23508
4443 5.23488
4444 5.23469
4445 5.23449
4446 5.23429
4447 5.2341
4448 5.2339
4449 5.2337
4450 5.23351
4451 5.23331
4452 5.23312
4453 5.23292
4454 5.23272
4455 5.23253
4456 5.23233
4457 5.23214
4458 5.23194
4459 5.23174
4460 5.23155
4461 5.23135
4462 5.23116
4463 5.23096
4464 5.23077
4465 5.23057
4466 5.23038
4467 5.23018
4468 5.22999
4469 5.22979
4470 5.2296
4471 5.2294
4472 5.22921
4473 5.22901
4474 5.22882
4475 5.22862
4476 5.22843
4477 5.22823
4478 5.22804
4479 5.22785
4480 5.22765
4481 5.22746
4482 5.22726
4483 5.22707
4484 5.22688
4485 5.22668
4486 5.22649
4487 5.2263
4488 5.2261
4489 5.22591
4490 5.22572
4491 5.22552
4492 5.22533
4493 5.22514
4494 5.22494
4495 5.22475
4496 5.22456
4497 5.22437
4498 5.22417
4499 5.22398
4500 5.22379
4501 5.22359
4502 5.2234
4503 5.22321
4504 5.22302
4505 5.22283
4506 5.22263
4507 5.22244
4508 5.22225
4509 5.22206
4510 5.22187
4511 5.22167
4512 5.22148
4513 5.22129
4514 5.2211
4515 5.22091
4516 5.22072
4517 5.22053
4518 5.22033
4519 5.22014
4520 5.21995
4521 5.21976
4522 5.21957
4523 5.21938
4524 5.21919
4525 5.219
4526 5.21881
4527 5.21862
4528 5.21843
4529 5.21824
4530 5.21805
4531 5.21786
4532 5.21767
4533 5.21748
4534 5.21729
4535 5.2171
4536 5.21691
4537 5.21672
4538 5.21653
4539 5.21634
4540 5.21615
4541 5.21596
4542 5.21577
4543 5.21558
4544 5.21539
4545 5.2152
4546 5.21501
4547 5.21482
4548 5.21463
4549 5.21445
4550 5.21426
4551 5.21407
4552 5.21388
4553 5.21369
4554 5.2135
4555 5.21331
4556 5.21313
4557 5.21294
4558 5.21275
4559 5.21256
4560 5.21237
4561 5.21219
4562 5.212
4563 5.21181
4564 5.21162
4565 5.21143
4566 5.21125
4567 5.21106
4568 5.21087
4569 5.21069
4570 5.2105
4571 5.21031
4572 5.21012
4573 5.20994
4574 5.20975
4575 5.20956
4576 5.20938
4577 5.20919
4578 5.209
4579 5.20882
4580 5.20863
4581 5.20844
4582 5.20826
4583 5.20807
4584 5.20788
4585 5.2077
4586 5.20751
4587 5.20733
4588 5.20714
4589 5.20695
4590 5.20677
4591 5.20658
4592 5.2064
4593 5.20621
4594 5.20603
4595 5.20584
4596 5.20565
4597 5.20547
4598 5.20528
4599 5.2051
4600 5.20491
4601 5.20473
4602 5.20454
4603 5.20436
4604 5.20417
4605 5.20399
4606 5.2038
4607 5.20362
4608 5.20344
4609 5.20325
4610 5.20307
4611 5.20288
4612 5.2027
4613 5.20251
4614 5.20233
4615 5.20215
4616 5.20196
4617 5.20178
4618 5.20159
4619 5.20141
4620 5.20123
4621 5.20104
4622 5.20086
4623 5.20068
4624 5.20049
4625 5.20031
4626 5.20013
4627 5.19994
4628 5.19976
4629 5.19958
4630 5.19939
4631 5.19921
4632 5.19903
4633 5.19885
4634 5.19866
4635 5.19848
4636 5.1983
4637 5.19812
4638 5.19793
4639 5.19775
4640 5.19757
4641 5.19739
4642 5.19721
4643 5.19702
4644 5.19684
4645 5.19666
4646 5.19648
4647 5.1963
4648 5.19611
4649 5.19593
4650 5.19575
4651 5.19557
4652 5.19539
4653 5.19521
4654 5.19503
4655 5.19484
4656 5.19466
4657 5.19448
4658 5.1943
4659 5.19412
4660 5.19394
4661 5.19376
4662 5.19358
4663 5.1934
4664 5.19322
4665 5.19304
4666 5.19286
4667 5.19268
4668 5.1925
4669 5.19232
4670 5.19214
4671 5.19196
4672 5.19178
4673 5.1916
4674 5.19142
4675 5.19124
4676 5.19106
4677 5.19088
4678 5.1907
4679 5.19052
4680 5.19034
4681 5.19016
4682 5.18998
4683 5.1898
4684 5.18962
4685 5.18944
4686 5.18926
4687 5.18909
4688 5.18891
4689 5.18873
4690 5.18855
4691 5.18837
4692 5.18819
4693 5.18801
4694 5.18783
4695 5.18766
4696 5.18748
4697 5.1873
4698 5.18712
4699 5.18694
4700 5.18677
4701 5.18659
4702 5.18641
4703 5.18623
4704 5.18605
4705 5.18588
4706 5.1857
4707 5.18552
4708 5.18534
4709 5.18517
4710 5.18499
4711 5.18481
4712 5.18463
4713 5.18446
4714 5.18428
4715 5.1841
4716 5.18393
4717 5.18375
4718 5.18357
4719 5.1834
4720 5.18322
4721 5.18304
4722 5.18287
4723 5.18269
4724 5.18251
4725 5.18234
4726 5.18216
4727 5.18198
4728 5.18181
4729 5.18163
4730 5.18146
4731 5.18128
4732 5.1811
4733 5.18093
4734 5.18075
4735 5.18058
4736 5.1804
4737 5.18023
4738 5.18005
4739 5.17988
4740 5.1797
4741 5.17953
4742 5.17935
4743 5.17918
4744 5.179
4745 5.17883
4746 5.17865
4747 5.17848
4748 5.1783
4749 5.17813
4750 5.17795
4751 5.17778
4752 5.1776
4753 5.17743
4754 5.17725
4755 5.17708
4756 5.1769
4757 5.17673
4758 5.17656
4759 5.17638
4760 5.17621
4761 5.17603
4762 5.17586
4763 5.17569
4764 5.17551
4765 5.17534
4766 5.17517
4767 5.17499
4768 5.17482
4769 5.17465
4770 5.17447
4771 5.1743
4772 5.17413
4773 5.17395
4774 5.17378
4775 5.17361
4776 5.17343
4777 5.17326
4778 5.17309
4779 5.17292
4780 5.17274
4781 5.17257
4782 5.1724
4783 5.17223
4784 5.17205
4785 5.17188
4786 5.17171
4787 5.17154
4788 5.17136
4789 5.17119
4790 5.17102
4791 5.17085
4792 5.17068
4793 5.17051
4794 5.17033
4795 5.17016
4796 5.16999
4797 5.16982
4798 5.16965
4799 5.16948
4800 5.1693
4801 5.16913
4802 5.16896
4803 5.16879
4804 5.16862
4805 5.16845
4806 5.16828
4807 5.16811
4808 5.16794
4809 5.16777
4810 5.1676
4811 5.16742
4812 5.16725
4813 5.16708
4814 5.16691
4815 5.16674
4816 5.16657
4817 5.1664
4818 5.16623
4819 5.16606
4820 5.16589
4821 5.16572
4822 5.16555
4823 5.16538
4824 5.16521
4825 5.16504
4826 5.16487
4827 5.1647
4828 5.16453
4829 5.16436
4830 5.1642
4831 5.16403
4832 5.16386
4833 5.16369
4834 5.16352
4835 5.16335
4836 5.16318
4837 5.16301
4838 5.16284
4839 5.16267
4840 5.1625
4841 5.16234
4842 5.16217
4843 5.162
4844 5.16183
4845 5.16166
4846 5.16149
4847 5.16133
4848 5.16116
4849 5.16099
4850 5.16082
4851 5.16065
4852 5.16049
4853 5.16032
4854 5.16015
4855 5.15998
4856 5.15981
4857 5.15965
4858 5.15948
4859 5.15931
4860 5.15914
4861 5.15898
4862 5.15881
4863 5.15864
4864 5.15847
4865 5.15831
4866 5.15814
4867 5.15797
4868 5.15781
4869 5.15764
4870 5.15747
4871 5.15731
4872 5.15714
4873 5.15697
4874 5.15681
4875 5.15664
4876 5.15647
4877 5.15631
4878 5.15614
4879 5.15597
4880 5.15581
4881 5.15564
4882 5.15548
4883 5.15531
4884 5.15514
4885 5.15498
4886 5.15481
4887 5.15465
4888 5.15448
4889 5.15431
4890 5.15415
4891 5.15398
4892 5.15382
4893 5.15365
4894 5.15349
4895 5.15332
4896 5.15316
4897 5.15299
4898 5.15283
4899 5.15266
4900 5.1525
4901 5.15233
4902 5.15217
4903 5.152
4904 5.15184
4905 5.15167
4906 5.15151
4907 5.15134
4908 5.15118
4909 5.15101
4910 5.15085
4911 5.15069
4912 5.15052
4913 5.15036
4914 5.15019
4915 5.15003
4916 5.14987
4917 5.1497
4918 5.14954
4919 5.14937
4920 5.14921
4921 5.14905
4922 5.14888
4923 5.14872
4924 5.14856
4925 5.14839
4926 5.14823
4927 5.14807
4928 5.1479
4929 5.14774
4930 5.14758
4931 5.14741
4932 5.14725
4933 5.14709
4934 5.14692
4935 5.14676
4936 5.1466
4937 5.14644
4938 5.14627
4939 5.14611
4940 5.14595
4941 5.14579
4942 5.14562
4943 5.14546
4944 5.1453
4945 5.14514
4946 5.14497
4947 5.14481
4948 5.14465
4949 5.14449
4950 5.14433
4951 5.14417
4952 5.144
4953 5.14384
4954 5.14368
4955 5.14352
4956 5.14336
4957 5.1432
4958 5.14303
4959 5.14287
4960 5.14271
4961 5.14255
4962 5.14239
4963 5.14223
4964 5.14207
4965 5.14191
4966 5.14174
4967 5.14158
4968 5.14142
4969 5.14126
4970 5.1411
4971 5.14094
4972 5.14078
4973 5.14062
4974 5.14046
4975 5.1403
4976 5.14014
4977 5.13998
4978 5.13982
4979 5.13966
4980 5.1395
4981 5.13934
4982 5.13918
4983 5.13902
4984 5.13886
4985 5.1387
4986 5.13854
4987 5.13838
4988 5.13822
4989 5.13806
4990 5.1379
4991 5.13774
4992 5.13758
4993 5.13742
4994 5.13726
4995 5.1371
4996 5.13694
4997 5.13679
4998 5.13663
4999 5.13647
5000 5.13631
5001 5.13615
5002 5.13599
5003 5.13583
5004 5.13567
5005 5.13552
5006 5.13536
5007 5.1352
5008 5.13504
5009 5.13488
5010 5.13472
5011 5.13456
5012 5.13441
5013 5.13425
5014 5.13409
5015 5.13393
5016 5.13377
5017 5.13362
5018 5.13346
5019 5.1333
5020 5.13314
5021 5.13299
5022 5.13283
5023 5.13267
5024 5.13251
5025 5.13236
5026 5.1322
5027 5.13204
5028 5.13188
5029 5.13173
5030 5.13157
5031 5.13141
5032 5.13125
5033 5.1311
5034 5.13094
5035 5.13078
5036 5.13063
5037 5.13047
5038 5.13031
5039 5.13016
5040 5.13
5041 5.12984
5042 5.12969
5043 5.12953
5044 5.12937
5045 5.12922
5046 5.12906
5047 5.12891
5048 5.12875
5049 5.12859
5050 5.12844
5051 5.12828
5052 5.12813
5053 5.12797
5054 5.12781
5055 5.12766
5056 5.1275
5057 5.12735
5058 5.12719
5059 5.12704
5060 5.12688
5061 5.12673
5062 5.12657
5063 5.12642
5064 5.12626
5065 5.1261
5066 5.12595
5067 5.12579
5068 5.12564
5069 5.12548
5070 5.12533
5071 5.12518
5072 5.12502
5073 5.12487
5074 5.12471
5075 5.12456
5076 5.1244
5077 5.12425
5078 5.12409
5079 5.12394
5080 5.12378
5081 5.12363
5082 5.12348
5083 5.12332
5084 5.12317
5085 5.12301
5086 5.12286
5087 5.12271
5088 5.12255
5089 5.1224
5090 5.12224
5091 5.12209
5092 5.12194
5093 5.12178
5094 5.12163
5095 5.12148
5096 5.12132
5097 5.12117
5098 5.12102
5099 5.12086
5100 5.12071
5101 5.12056
5102 5.1204
5103 5.12025
5104 5.1201
5105 5.11995
5106 5.11979
5107 5.11964
5108 5.11949
5109 5.11933
5110 5.11918
5111 5.11903
5112 5.11888
5113 5.11872
5114 5.11857
5115 5.11842
5116 5.11827
5117 5.11812
5118 5.11796
5119 5.11781
5120 5.11766
5121 5.11751
5122 5.11736
5123 5.1172
5124 5.11705
5125 5.1169
5126 5.11675
5127 5.1166
5128 5.11645
5129 5.11629
5130 5.11614
5131 5.11599
5132 5.11584
5133 5.11569
5134 5.11554
5135 5.11539
5136 5.11523
5137 5.11508
5138 5.11493
5139 5.11478
5140 5.11463
5141 5.11448
5142 5.11433
5143 5.11418
5144 5.11403
5145 5.11388
5146 5.11373
5147 5.11358
5148 5.11343
5149 5.11327
5150 5.11312
5151 5.11297
5152 5.11282
5153 5.11267
5154 5.11252
5155 5.11237
5156 5.11222
5157 5.11207
5158 5.11192
5159 5.11177
5160 5.11162
5161 5.11147
5162 5.11132
5163 5.11117
5164 5.11102
5165 5.11088
5166 5.11073
5167 5.11058
5168 5.11043
5169 5.11028
5170 5.11013
5171 5.10998
5172 5.10983
5173 5.10968
5174 5.10953
5175 5.10938
5176 5.10923
5177 5.10908
5178 5.10894
5179 5.10879
5180 5.10864
5181 5.10849
5182 5.10834
5183 5.10819
5184 5.10804
5185 5.1079
5186 5.10775
5187 5.1076
5188 5.10745
5189 5.1073
5190 5.10715
5191 5.10701
5192 5.10686
5193 5.10671
5194 5.10656
5195 5.10641
5196 5.10627
5197 5.10612
5198 5.10597
5199 5.10582
5200 5.10567
5201 5.10553
5202 5.10538
5203 5.10523
5204 5.10508
5205 5.10494
5206 5.10479
5207 5.10464
5208 5.1045
5209 5.10435
5210 5.1042
5211 5.10405
5212 5.10391
5213 5.10376
5214 5.10361
5215 5.10347
5216 5.10332
5217 5.10317
5218 5.10303
5219 5.10288
5220 5.10273
5221 5.10259
5222 5.10244
5223 5.10229
5224 5.10215
5225 5.102
5226 5.10185
5227 5.10171
5228 5.10156
5229 5.10142
5230 5.10127
5231 5.10112
5232 5.10098
5233 5.10083
5234 5.10069
5235 5.10054
5236 5.10039
5237 5.10025
5238 5.1001
5239 5.09996
5240 5.09981
5241 5.09967
5242 5.09952
5243 5.09938
5244 5.09923
5245 5.09908
5246 5.09894
5247 5.09879
5248 5.09865
5249 5.0985
5250 5.09836
5251 5.09821
5252 5.09807
5253 5.09792
5254 5.09778
5255 5.09763
5256 5.09749
5257 5.09735
5258 5.0972
5259 5.09706
5260 5.09691
5261 5.09677
5262 5.09662
5263 5.09648
5264 5.09633
5265 5.09619
5266 5.09605
5267 5.0959
5268 5.09576
5269 5.09561
5270 5.09547
5271 5.09533
5272 5.09518
5273 5.09504
5274 5.09489
5275 5.09475
5276 5.09461
5277 5.09446
5278 5.09432
5279 5.09418
5280 5.09403
5281 5.09389
5282 5.09375
5283 5.0936
5284 5.09346
5285 5.09332
5286 5.09317
5287 5.09303
5288 5.09289
5289 5.09274
5290 5.0926
5291 5.09246
5292 5.09232
5293 5.09217
5294 5.09203
5295 5.09189
5296 5.09174
5297 5.0916
5298 5.09146
5299 5.09132
5300 5.09117
5301 5.09103
5302 5.09089
5303 5.09075
5304 5.09061
5305 5.09046
5306 5.09032
5307 5.09018
5308 5.09004
5309 5.08989
5310 5.08975
5311 5.08961
5312 5.08947
5313 5.08933
5314 5.08919
5315 5.08904
5316 5.0889
5317 5.08876
5318 5.08862
5319 5.08848
5320 5.08834
5321 5.08819
5322 5.08805
5323 5.08791
5324 5.08777
5325 5.08763
5326 5.08749
5327 5.08735
5328 5.08721
5329 5.08707
5330 5.08692
5331 5.08678
5332 5.08664
5333 5.0865
5334 5.08636
5335 5.08622
5336 5.08608
5337 5.08594
5338 5.0858
5339 5.08566
5340 5.08552
5341 5.08538
5342 5.08524
5343 5.0851
5344 5.08496
5345 5.08482
5346 5.08468
5347 5.08454
5348 5.0844
5349 5.08426
5350 5.08412
5351 5.08398
5352 5.08384
5353 5.0837
5354 5.08356
5355 5.08342
5356 5.08328
5357 5.08314
5358 5.083
5359 5.08286
5360 5.08272
5361 5.08258
5362 5.08244
5363 5.0823
5364 5.08216
5365 5.08202
5366 5.08189
5367 5.08175
5368 5.08161
5369 5.08147
5370 5.08133
5371 5.08119
5372 5.08105
5373 5.08091
5374 5.08077
5375 5.08064
5376 5.0805
5377 5.08036
5378 5.08022
5379 5.08008
5380 5.07994
5381 5.0798
5382 5.07967
5383 5.07953
5384 5.07939
5385 5.07925
5386 5.07911
5387 5.07898
5388 5.07884
5389 5.0787
5390 5.07856
5391 5.07842
5392 5.07829
5393 5.07815
5394 5.07801
5395 5.07787
5396 5.07773
5397 5.0776
5398 5.07746
5399 5.07732
5400 5.07718
5401 5.07705
5402 5.07691
5403 5.07677
5404 5.07664
5405 5.0765
5406 5.07636
5407 5.07622
5408 5.07609
5409 5.07595
5410 5.07581
5411 5.07568
5412 5.07554
5413 5.0754
5414 5.07527
5415 5.07513
5416 5.07499
5417 5.07486
5418 5.07472
5419 5.07458
5420 5.07445
5421 5.07431
5422 5.07417
5423 5.07404
5424 5.0739
5425 5.07376
5426 5.07363
5427 5.07349
5428 5.07336
5429 5.07322
5430 5.07308
5431 5.07295
5432 5.07281
5433 5.07268
5434 5.07254
5435 5.0724
5436 5.07227
5437 5.07213
5438 5.072
5439 5.07186
5440 5.07173
5441 5.07159
5442 5.07146
5443 5.07132
5444 5.07119
5445 5.07105
5446 5.07091
5447 5.07078
5448 5.07064
5449 5.07051
5450 5.07037
5451 5.07024
5452 5.0701
5453 5.06997
5454 5.06983
5455 5.0697
5456 5.06956
5457 5.06943
5458 5.0693
5459 5.06916
5460 5.06903
5461 5.06889
5462 5.06876
5463 5.06862
5464 5.06849
5465 5.06835
5466 5.06822
5467 5.06809
5468 5.06795
5469 5.06782
5470 5.06768
5471 5.06755
5472 5.06742
5473 5.06728
5474 5.06715
5475 5.06701
5476 5.06688
5477 5.06675
5478 5.06661
5479 5.06648
5480 5.06635
5481 5.06621
5482 5.06608
5483 5.06594
5484 5.06581
5485 5.06568
5486 5.06554
5487 5.06541
5488 5.06528
5489 5.06514
5490 5.06501
5491 5.06488
5492 5.06475
5493 5.06461
5494 5.06448
5495 5.06435
5496 5.06421
5497 5.06408
5498 5.06395
5499 5.06382
5500 5.06368
5501 5.06355
5502 5.06342
5503 5.06329
5504 5.06315
5505 5.06302
5506 5.06289
5507 5.06276
5508 5.06262
5509 5.06249
5510 5.06236
5511 5.06223
5512 5.06209
5513 5.06196
5514 5.06183
5515 5.0617
5516 5.06157
5517 5.06143
5518 5.0613
5519 5.06117
5520 5.06104
5521 5.06091
5522 5.06078
5523 5.06064
5524 5.06051
5525 5.06038
5526 5.06025
5527 5.06012
5528 5.05999
5529 5.05986
5530 5.05972
5531 5.05959
5532 5.05946
5533 5.05933
5534 5.0592
5535 5.05907
5536 5.05894
5537 5.05881
5538 5.05868
5539 5.05854
5540 5.05841
5541 5.05828
5542 5.05815
5543 5.05802
5544 5.05789
5545 5.05776
5546 5.05763
5547 5.0575
5548 5.05737
5549 5.05724
5550 5.05711
5551 5.05698
5552 5.05685
5553 5.05672
5554 5.05659
5555 5.05646
5556 5.05633
5557 5.0562
5558 5.05607
5559 5.05594
5560 5.05581
5561 5.05568
5562 5.05555
5563 5.05542
5564 5.05529
5565 5.05516
5566 5.05503
5567 5.0549
5568 5.05477
5569 5.05464
5570 5.05451
5571 5.05438
5572 5.05425
5573 5.05412
5574 5.05399
5575 5.05386
5576 5.05373
5577 5.05361
5578 5.05348
5579 5.05335
5580 5.05322
5581 5.05309
5582 5.05296
5583 5.05283
5584 5.0527
5585 5.05257
5586 5.05244
5587 5.05232
5588 5.05219
5589 5.05206
5590 5.05193
5591 5.0518
5592 5.05167
5593 5.05154
5594 5.05142
5595 5.05129
5596 5.05116
5597 5.05103
5598 5.0509
5599 5.05078
5600 5.05065
5601 5.05052
5602 5.05039
5603 5.05026
5604 5.05013
5605 5.05001
5606 5.04988
5607 5.04975
5608 5.04962
5609 5.0495
5610 5.04937
5611 5.04924
5612 5.04911
5613 5.04899
5614 5.04886
5615 5.04873
5616 5.0486
5617 5.04848
5618 5.04835
5619 5.04822
5620 5.04809
5621 5.04797
5622 5.04784
5623 5.04771
5624 5.04759
5625 5.04746
5626 5.04733
5627 5.0472
5628 5.04708
5629 5.04695
5630 5.04682
5631 5.0467
5632 5.04657
5633 5.04644
5634 5.04632
5635 5.04619
5636 5.04606
5637 5.04594
5638 5.04581
5639 5.04568
5640 5.04556
5641 5.04543
5642 5.04531
5643 5.04518
5644 5.04505
5645 5.04493
5646 5.0448
5647 5.04468
5648 5.04455
5649 5.04442
5650 5.0443
5651 5.04417
5652 5.04405
5653 5.04392
5654 5.04379
5655 5.04367
5656 5.04354
5657 5.04342
5658 5.04329
5659 5.04317
5660 5.04304
5661 5.04292
5662 5.04279
5663 5.04266
5664 5.04254
5665 5.04241
5666 5.04229
5667 5.04216
5668 5.04204
5669 5.04191
5670 5.04179
5671 5.04166
5672 5.04154
5673 5.04141
5674 5.04129
5675 5.04116
5676 5.04104
5677 5.04091
5678 5.04079
5679 5.04066
5680 5.04054
5681 5.04042
5682 5.04029
5683 5.04017
5684 5.04004
5685 5.03992
5686 5.03979
5687 5.03967
5688 5.03954
5689 5.03942
5690 5.0393
5691 5.03917
5692 5.03905
5693 5.03892
5694 5.0388
5695 5.03868
5696 5.03855
5697 5.03843
5698 5.0383
5699 5.03818
5700 5.03806
5701 5.03793
5702 5.03781
5703 5.03769
5704 5.03756
5705 5.03744
5706 5.03732
5707 5.03719
5708 5.03707
5709 5.03694
5710 5.03682
5711 5.0367
5712 5.03657
5713 5.03645
5714 5.03633
5715 5.03621
5716 5.03608
5717 5.03596
5718 5.03584
5719 5.03571
5720 5.03559
5721 5.03547
5722 5.03534
5723 5.03522
5724 5.0351
5725 5.03498
5726 5.03485
5727 5.03473
5728 5.03461
5729 5.03449
5730 5.03436
5731 5.03424
5732 5.03412
5733 5.034
5734 5.03387
5735 5.03375
5736 5.03363
5737 5.03351
5738 5.03339
5739 5.03326
5740 5.03314
5741 5.03302
5742 5.0329
5743 5.03278
5744 5.03265
5745 5.03253
5746 5.03241
5747 5.03229
5748 5.03217
5749 5.03204
5750 5.03192
5751 5.0318
5752 5.03168
5753 5.03156
5754 5.03144
5755 5.03132
5756 5.03119
5757 5.03107
5758 5.03095
5759 5.03083
5760 5.03071
5761 5.03059
5762 5.03047
5763 5.03035
5764 5.03022
5765 5.0301
5766 5.02998
5767 5.02986
5768 5.02974
5769 5.02962
5770 5.0295
5771 5.02938
5772 5.02926
5773 5.02914
5774 5.02902
5775 5.02889
5776 5.02877
5777 5.02865
5778 5.02853
5779 5.02841
5780 5.02829
5781 5.02817
5782 5.02805
5783 5.02793
5784 5.02781
5785 5.02769
5786 5.02757
5787 5.02745
5788 5.02733
5789 5.02721
5790 5.02709
5791 5.02697
5792 5.02685
5793 5.02673
5794 5.02661
5795 5.02649
5796 5.02637
5797 5.02625
5798 5.02613
5799 5.02601
5800 5.02589
5801 5.02577
5802 5.02565
5803 5.02553
5804 5.02542
5805 5.0253
5806 5.02518
5807 5.02506
5808 5.02494
5809 5.02482
5810 5.0247
5811 5.02458
5812 5.02446
5813 5.02434
5814 5.02422
5815 5.0241
5816 5.02399
5817 5.02387
5818 5.02375
5819 5.02363
5820 5.02351
5821 5.02339
5822 5.02327
5823 5.02315
5824 5.02304
5825 5.02292
5826 5.0228
5827 5.02268
5828 5.02256
5829 5.02244
5830 5.02232
5831 5.02221
5832 5.02209
5833 5.02197
5834 5.02185
5835 5.02173
5836 5.02161
5837 5.0215
5838 5.02138
5839 5.02126
5840 5.02114
5841 5.02102
5842 5.02091
5843 5.02079
5844 5.02067
5845 5.02055
5846 5.02044
5847 5.02032
5848 5.0202
5849 5.02008
5850 5.01997
5851 5.01985
5852 5.01973
5853 5.01961
5854 5.0195
5855 5.01938
5856 5.01926
5857 5.01914
5858 5.01903
5859 5.01891
5860 5.01879
5861 5.01867
5862 5.01856
5863 5.01844
5864 5.01832
5865 5.01821
5866 5.01809
5867 5.01797
5868 5.01786
5869 5.01774
5870 5.01762
5871 5.01751
5872 5.01739
5873 5.01727
5874 5.01716
5875 5.01704
5876 5.01692
5877 5.01681
5878 5.01669
5879 5.01657
5880 5.01646
5881 5.01634
5882 5.01622
5883 5.01611
5884 5.01599
5885 5.01588
5886 5.01576
5887 5.01564
5888 5.01553
5889 5.01541
5890 5.0153
5891 5.01518
5892 5.01506
5893 5.01495
5894 5.01483
5895 5.01472
5896 5.0146
5897 5.01448
5898 5.01437
5899 5.01425
5900 5.01414
5901 5.01402
5902 5.01391
5903 5.01379
5904 5.01368
5905 5.01356
5906 5.01344
5907 5.01333
5908 5.01321
5909 5.0131
5910 5.01298
5911 5.01287
5912 5.01275
5913 5.01264
5914 5.01252
5915 5.01241
5916 5.01229
5917 5.01218
5918 5.01206
5919 5.01195
5920 5.01183
5921 5.01172
5922 5.0116
5923 5.01149
5924 5.01138
5925 5.01126
5926 5.01115
5927 5.01103
5928 5.01092
5929 5.0108
5930 5.01069
5931 5.01057
5932 5.01046
5933 5.01034
5934 5.01023
5935 5.01012
5936 5.01
5937 5.00989
5938 5.00977
5939 5.00966
5940 5.00955
5941 5.00943
5942 5.00932
5943 5.0092
5944 5.00909
5945 5.00898
5946 5.00886
5947 5.00875
5948 5.00863
5949 5.00852
5950 5.00841
5951 5.00829
5952 5.00818
5953 5.00807
5954 5.00795
5955 5.00784
5956 5.00773
5957 5.00761
5958 5.0075
5959 5.00739
5960 5.00727
5961 5.00716
5962 5.00705
5963 5.00693
5964 5.00682
5965 5.00671
5966 5.00659
5967 5.00648
5968 5.00637
5969 5.00626
5970 5.00614
5971 5.00603
5972 5.00592
5973 5.0058
5974 5.00569
5975 5.00558
5976 5.00547
5977 5.00535
5978 5.00524
5979 5.00513
5980 5.00502
5981 5.0049
5982 5.00479
5983 5.00468
5984 5.00457
5985 5.00445
5986 5.00434
5987 5.00423
5988 5.00412
5989 5.004
5990 5.00389
5991 5.00378
5992 5.00367
5993 5.00356
5994 5.00344
5995 5.00333
5996 5.00322
5997 5.00311
5998 5.003
5999 5.00288
6000 5.00277
6001 5.00266
6002 5.00255
6003 5.00244
6004 5.00233
6005 5.00221
6006 5.0021
6007 5.00199
6008 5.00188
6009 5.00177
6010 5.00166
6011 5.00155
6012 5.00144
6013 5.00132
6014 5.00121
6015 5.0011
6016 5.00099
6017 5.00088
6018 5.00077
6019 5.00066
6020 5.00055
6021 5.00043
6022 5.00032
6023 5.00021
6024 5.0001
6025 4.99999
6026 4.99988
6027 4.99977
6028 4.99966
6029 4.99955
6030 4.99944
6031 4.99933
6032 4.99922
6033 4.99911
6034 4.999
6035 4.99889
6036 4.99877
6037 4.99866
6038 4.99855
6039 4.99844
6040 4.99833
6041 4.99822
6042 4.99811
6043 4.998
6044 4.99789
6045 4.99778
6046 4.99767
6047 4.99756
6048 4.99745
6049 4.99734
6050 4.99723
6051 4.99712
6052 4.99701
6053 4.9969
6054 4.99679
6055 4.99668
6056 4.99657
6057 4.99646
6058 4.99635
6059 4.99625
6060 4.99614
6061 4.99603
6062 4.99592
6063 4.99581
6064 4.9957
6065 4.99559
6066 4.99548
6067 4.99537
6068 4.99526
6069 4.99515
6070 4.99504
6071 4.99493
6072 4.99482
6073 4.99471
6074 4.99461
6075 4.9945
6076 4.99439
6077 4.99428
6078 4.99417
6079 4.99406
6080 4.99395
6081 4.99384
6082 4.99373
6083 4.99363
6084 4.99352
6085 4.99341
6086 4.9933
6087 4.99319
6088 4.99308
6089 4.99297
6090 4.99287
6091 4.99276
6092 4.99265
6093 4.99254
6094 4.99243
6095 4.99232
6096 4.99222
6097 4.99211
6098 4.992
6099 4.99189
6100 4.99178
6101 4.99168
6102 4.99157
6103 4.99146
6104 4.99135
6105 4.99124
6106 4.99114
6107 4.99103
6108 4.99092
6109 4.99081
6110 4.9907
6111 4.9906
6112 4.99049
6113 4.99038
6114 4.99027
6115 4.99017
6116 4.99006
6117 4.98995
6118 4.98984
6119 4.98974
6120 4.98963
6121 4.98952
6122 4.98942
6123 4.98931
6124 4.9892
6125 4.98909
6126 4.98899
6127 4.98888
6128 4.98877
6129 4.98866
6130 4.98856
6131 4.98845
6132 4.98834
6133 4.98824
6134 4.98813
6135 4.98802
6136 4.98792
6137 4.98781
6138 4.9877
6139 4.9876
6140 4.98749
6141 4.98738
6142 4.98728
6143 4.98717
6144 4.98706
6145 4.98696
6146 4.98685
6147 4.98674
6148 4.98664
6149 4.98653
6150 4.98642
6151 4.98632
6152 4.98621
6153 4.98611
6154 4.986
6155 4.98589
6156 4.98579
6157 4.98568
6158 4.98558
6159 4.98547
6160 4.98536
6161 4.98526
6162 4.98515
6163 4.98505
6164 4.98494
6165 4.98483
6166 4.98473
6167 4.98462
6168 4.98452
6169 4.98441
6170 4.98431
6171 4.9842
6172 4.9841
6173 4.98399
6174 4.98388
6175 4.98378
6176 4.98367
6177 4.98357
6178 4.98346
6179 4.98336
6180 4.98325
6181 4.98315
6182 4.98304
6183 4.98294
6184 4.98283
6185 4.98273
6186 4.98262
6187 4.98252
6188 4.98241
6189 4.98231
6190 4.9822
6191 4.9821
6192 4.98199
6193 4.98189
6194 4.98178
6195 4.98168
6196 4.98157
6197 4.98147
6198 4.98136
6199 4.98126
6200 4.98115
6201 4.98105
6202 4.98095
6203 4.98084
6204 4.98074
6205 4.98063
6206 4.98053
6207 4.98042
6208 4.98032
6209 4.98021
6210 4.98011
6211 4.98001
6212 4.9799
6213 4.9798
6214 4.97969
6215 4.97959
6216 4.97949
6217 4.97938
6218 4.97928
6219 4.97917
6220 4.97907
6221 4.97897
6222 4.97886
6223 4.97876
6224 4.97865
6225 4.97855
6226 4.97845
6227 4.97834
6228 4.97824
6229 4.97814
6230 4.97803
6231 4.97793
6232 4.97783
6233 4.97772
6234 4.97762
6235 4.97752
6236 4.97741
6237 4.97731
6238 4.97721
6239 4.9771
6240 4.977
6241 4.9769
6242 4.97679
6243 4.97669
6244 4.97659
6245 4.97648
6246 4.97638
6247 4.97628
6248 4.97618
6249 4.97607
6250 4.97597
6251 4.97587
6252 4.97576
6253 4.97566
6254 4.97556
6255 4.97546
6256 4.97535
6257 4.97525
6258 4.97515
6259 4.97505
6260 4.97494
6261 4.97484
6262 4.97474
6263 4.97464
6264 4.97453
6265 4.97443
6266 4.97433
6267 4.97423
6268 4.97412
6269 4.97402
6270 4.97392
6271 4.97382
6272 4.97372
6273 4.97361
6274 4.97351
6275 4.97341
6276 4.97331
6277 4.97321
6278 4.9731
6279 4.973
6280 4.9729
6281 4.9728
6282 4.9727
6283 4.97259
6284 4.97249
6285 4.97239
6286 4.97229
6287 4.97219
6288 4.97209
6289 4.97198
6290 4.97188
6291 4.97178
6292 4.97168
6293 4.97158
6294 4.97148
6295 4.97138
6296 4.97127
6297 4.97117
6298 4.97107
6299 4.97097
6300 4.97087
6301 4.97077
6302 4.97067
6303 4.97057
6304 4.97047
6305 4.97036
6306 4.97026
6307 4.97016
6308 4.97006
6309 4.96996
6310 4.96986
6311 4.96976
6312 4.96966
6313 4.96956
6314 4.96946
6315 4.96936
6316 4.96926
6317 4.96915
6318 4.96905
6319 4.96895
6320 4.96885
6321 4.96875
6322 4.96865
6323 4.96855
6324 4.96845
6325 4.96835
6326 4.96825
6327 4.96815
6328 4.96805
6329 4.96795
6330 4.96785
6331 4.96775
6332 4.96765
6333 4.96755
6334 4.96745
6335 4.96735
6336 4.96725
6337 4.96715
6338 4.96705
6339 4.96695
6340 4.96685
6341 4.96675
6342 4.96665
6343 4.96655
6344 4.96645
6345 4.96635
6346 4.96625
6347 4.96615
6348 4.96605
6349 4.96595
6350 4.96585
6351 4.96575
6352 4.96565
6353 4.96555
6354 4.96545
6355 4.96536
6356 4.96526
6357 4.96516
6358 4.96506
6359 4.96496
6360 4.96486
6361 4.96476
6362 4.96466
6363 4.96456
6364 4.96446
6365 4.96436
6366 4.96426
6367 4.96416
6368 4.96407
6369 4.96397
6370 4.96387
6371 4.96377
6372 4.96367
6373 4.96357
6374 4.96347
6375 4.96337
6376 4.96328
6377 4.96318
6378 4.96308
6379 4.96298
6380 4.96288
6381 4.96278
6382 4.96268
6383 4.96259
6384 4.96249
6385 4.96239
6386 4.96229
6387 4.96219
6388 4.96209
6389 4.962
6390 4.9619
6391 4.9618
6392 4.9617
6393 4.9616
6394 4.9615
6395 4.96141
6396 4.96131
6397 4.96121
6398 4.96111
6399 4.96101
6400 4.96092
6401 4.96082
6402 4.96072
6403 4.96062
6404 4.96052
6405 4.96043
6406 4.96033
6407 4.96023
6408 4.96013
6409 4.96004
6410 4.95994
6411 4.95984
6412 4.95974
6413 4.95965
6414 4.95955
6415 4.95945
6416 4.95935
6417 4.95926
6418 4.95916
6419 4.95906
6420 4.95896
6421 4.95887
6422 4.95877
6423 4.95867
6424 4.95858
6425 4.95848
6426 4.95838
6427 4.95828
6428 4.95819
6429 4.95809
6430 4.95799
6431 4.9579
6432 4.9578
6433 4.9577
6434 4.95761
6435 4.95751
6436 4.95741
6437 4.95731
6438 4.95722
6439 4.95712
6440 4.95702
6441 4.95693
6442 4.95683
6443 4.95673
6444 4.95664
6445 4.95654
6446 4.95645
6447 4.95635
6448 4.95625
6449 4.95616
6450 4.95606
6451 4.95596
6452 4.95587
6453 4.95577
6454 4.95567
6455 4.95558
6456 4.95548
6457 4.95539
6458 4.95529
6459 4.95519
6460 4.9551
6461 4.955
6462 4.95491
6463 4.95481
6464 4.95471
6465 4.95462
6466 4.95452
6467 4.95443
6468 4.95433
6469 4.95423
6470 4.95414
6471 4.95404
6472 4.95395
6473 4.95385
6474 4.95376
6475 4.95366
6476 4.95357
6477 4.95347
6478 4.95337
6479 4.95328
6480 4.95318
6481 4.95309
6482 4.95299
6483 4.9529
6484 4.9528
6485 4.95271
6486 4.95261
6487 4.95252
6488 4.95242
6489 4.95233
6490 4.95223
6491 4.95214
6492 4.95204
6493 4.95195
6494 4.95185
6495 4.95176
6496 4.95166
6497 4.95157
6498 4.95147
6499 4.95138
6500 4.95128
6501 4.95119
6502 4.95109
6503 4.951
6504 4.9509
6505 4.95081
6506 4.95071
6507 4.95062
6508 4.95052
6509 4.95043
6510 4.95033
6511 4.95024
6512 4.95015
6513 4.95005
6514 4.94996
6515 4.94986
6516 4.94977
6517 4.94967
6518 4.94958
6519 4.94949
6520 4.94939
6521 4.9493
6522 4.9492
6523 4.94911
6524 4.94901
6525 4.94892
6526 4.94883
6527 4.94873
6528 4.94864
6529 4.94854
6530 4.94845
6531 4.94836
6532 4.94826
6533 4.94817
6534 4.94808
6535 4.94798
6536 4.94789
6537 4.94779
6538 4.9477
6539 4.94761
6540 4.94751
6541 4.94742
6542 4.94733
6543 4.94723
6544 4.94714
6545 4.94705
6546 4.94695
6547 4.94686
6548 4.94677
6549 4.94667
6550 4.94658
6551 4.94649
6552 4.94639
6553 4.9463
6554 4.94621
6555 4.94611
6556 4.94602
6557 4.94593
6558 4.94583
6559 4.94574
6560 4.94565
6561 4.94555
6562 4.94546
6563 4.94537
6564 4.94528
6565 4.94518
6566 4.94509
6567 4.945
6568 4.9449
6569 4.94481
6570 4.94472
6571 4.94463
6572 4.94453
6573 4.94444
6574 4.94435
6575 4.94426
6576 4.94416
6577 4.94407
6578 4.94398
6579 4.94389
6580 4.94379
6581 4.9437
6582 4.94361
6583 4.94352
6584 4.94342
6585 4.94333
6586 4.94324
6587 4.94315
6588 4.94306
6589 4.94296
6590 4.94287
6591 4.94278
6592 4.94269
6593 4.94259
6594 4.9425
6595 4.94241
6596 4.94232
6597 4.94223
6598 4.94213
6599 4.94204
6600 4.94195
6601 4.94186
6602 4.94177
6603 4.94168
6604 4.94158
6605 4.94149
6606 4.9414
6607 4.94131
6608 4.94122
6609 4.94113
6610 4.94103
6611 4.94094
6612 4.94085
6613 4.94076
6614 4.94067
6615 4.94058
6616 4.94049
6617 4.94039
6618 4.9403
6619 4.94021
6620 4.94012
6621 4.94003
6622 4.93994
6623 4.93985
6624 4.93976
6625 4.93967
6626 4.93957
6627 4.93948
6628 4.93939
6629 4.9393
6630 4.93921
6631 4.93912
6632 4.93903
6633 4.93894
6634 4.93885
6635 4.93876
6636 4.93867
6637 4.93857
6638 4.93848
6639 4.93839
6640 4.9383
6641 4.93821
6642 4.93812
6643 4.93803
6644 4.93794
6645 4.93785
6646 4.93776
6647 4.93767
6648 4.93758
6649 4.93749
6650 4.9374
6651 4.93731
6652 4.93722
6653 4.93713
6654 4.93704
6655 4.93695
6656 4.93686
6657 4.93677
6658 4.93668
6659 4.93659
6660 4.9365
6661 4.93641
6662 4.93632
6663 4.93623
6664 4.93614
6665 4.93605
6666 4.93596
6667 4.93587
6668 4.93578
6669 4.93569
6670 4.9356
6671 4.93551
6672 4.93542
6673 4.93533
6674 4.93524
6675 4.93515
6676 4.93506
6677 4.93497
6678 4.93488
6679 4.93479
6680 4.9347
6681 4.93461
6682 4.93452
6683 4.93443
6684 4.93434
6685 4.93425
6686 4.93416
6687 4.93407
6688 4.93398
6689 4.9339
6690 4.93381
6691 4.93372
6692 4.93363
6693 4.93354
6694 4.93345
6695 4.93336
6696 4.93327
6697 4.93318
6698 4.93309
6699 4.933
6700 4.93292
6701 4.93283
6702 4.93274
6703 4.93265
6704 4.93256
6705 4.93247
6706 4.93238
6707 4.93229
6708 4.9322
6709 4.93212
6710 4.93203
6711 4.93194
6712 4.93185
6713 4.93176
6714 4.93167
6715 4.93158
6716 4.9315
6717 4.93141
6718 4.93132
6719 4.93123
6720 4.93114
6721 4.93105
6722 4.93097
6723 4.93088
6724 4.93079
6725 4.9307
6726 4.93061
6727 4.93052
6728 4.93044
6729 4.93035
6730 4.93026
6731 4.93017
6732 4.93008
6733 4.93
6734 4.92991
6735 4.92982
6736 4.92973
6737 4.92964
6738 4.92956
6739 4.92947
6740 4.92938
6741 4.92929
6742 4.9292
6743 4.92912
6744 4.92903
6745 4.92894
6746 4.92885
6747 4.92877
6748 4.92868
6749 4.92859
6750 4.9285
6751 4.92842
6752 4.92833
6753 4.92824
6754 4.92815
6755 4.92807
6756 4.92798
6757 4.92789
6758 4.9278
6759 4.92772
6760 4.92763
6761 4.92754
6762 4.92746
6763 4.92737
6764 4.92728
6765 4.92719
6766 4.92711
6767 4.92702
6768 4.92693
6769 4.92685
6770 4.92676
6771 4.92667
6772 4.92658
6773 4.9265
6774 4.92641
6775 4.92632
6776 4.92624
6777 4.92615
6778 4.92606
6779 4.92598
6780 4.92589
6781 4.9258
6782 4.92572
6783 4.92563
6784 4.92554
6785 4.92546
6786 4.92537
6787 4.92528
6788 4.9252
6789 4.92511
6790 4.92502
6791 4.92494
6792 4.92485
6793 4.92477
6794 4.92468
6795 4.92459
6796 4.92451
6797 4.92442
6798 4.92433
6799 4.92425
6800 4.92416
6801 4.92408
6802 4.92399
6803 4.9239
6804 4.92382
6805 4.92373
6806 4.92365
6807 4.92356
6808 4.92347
6809 4.92339
6810 4.9233
6811 4.92322
6812 4.92313
6813 4.92304
6814 4.92296
6815 4.92287
6816 4.92279
6817 4.9227
6818 4.92262
6819 4.92253
6820 4.92244
6821 4.92236
6822 4.92227
6823 4.92219
6824 4.9221
6825 4.92202
6826 4.92193
6827 4.92185
6828 4.92176
6829 4.92167
6830 4.92159
6831 4.9215
6832 4.92142
6833 4.92133
6834 4.92125
6835 4.92116
6836 4.92108
6837 4.92099
6838 4.92091
6839 4.92082
6840 4.92074
6841 4.92065
6842 4.92057
6843 4.92048
6844 4.9204
6845 4.92031
6846 4.92023
6847 4.92014
6848 4.92006
6849 4.91997
6850 4.91989
6851 4.9198
6852 4.91972
6853 4.91963
6854 4.91955
6855 4.91946
6856 4.91938
6857 4.91929
6858 4.91921
6859 4.91912
6860 4.91904
6861 4.91896
6862 4.91887
6863 4.91879
6864 4.9187
6865 4.91862
6866 4.91853
6867 4.91845
6868 4.91836
6869 4.91828
6870 4.9182
6871 4.91811
6872 4.91803
6873 4.91794
6874 4.91786
6875 4.91778
6876 4.91769
6877 4.91761
6878 4.91752
6879 4.91744
6880 4.91735
6881 4.91727
6882 4.91719
6883 4.9171
6884 4.91702
6885 4.91693
6886 4.91685
6887 4.91677
6888 4.91668
6889 4.9166
6890 4.91652
6891 4.91643
6892 4.91635
6893 4.91626
6894 4.91618
6895 4.9161
6896 4.91601
6897 4.91593
6898 4.91585
6899 4.91576
6900 4.91568
6901 4.9156
6902 4.91551
6903 4.91543
6904 4.91535
6905 4.91526
6906 4.91518
6907 4.9151
6908 4.91501
6909 4.91493
6910 4.91485
6911 4.91476
6912 4.91468
6913 4.9146
6914 4.91451
6915 4.91443
6916 4.91435
6917 4.91426
6918 4.91418
6919 4.9141
6920 4.91401
6921 4.91393
6922 4.91385
6923 4.91377
6924 4.91368
6925 4.9136
6926 4.91352
6927 4.91343
6928 4.91335
6929 4.91327
6930 4.91319
6931 4.9131
6932 4.91302
6933 4.91294
6934 4.91286
6935 4.91277
6936 4.91269
6937 4.91261
6938 4.91253
6939 4.91244
6940 4.91236
6941 4.91228
6942 4.9122
6943 4.91211
6944 4.91203
6945 4.91195
6946 4.91187
6947 4.91178
6948 4.9117
6949 4.91162
6950 4.91154
6951 4.91145
6952 4.91137
6953 4.91129
6954 4.91121
6955 4.91113
6956 4.91104
6957 4.91096
6958 4.91088
6959 4.9108
6960 4.91072
6961 4.91063
6962 4.91055
6963 4.91047
6964 4.91039
6965 4.91031
6966 4.91022
6967 4.91014
6968 4.91006
6969 4.90998
6970 4.9099
6971 4.90982
6972 4.90973
6973 4.90965
6974 4.90957
6975 4.90949
6976 4.90941
6977 4.90933
6978 4.90925
6979 4.90916
6980 4.90908
6981 4.909
6982 4.90892
6983 4.90884
6984 4.90876
6985 4.90868
6986 4.90859
6987 4.90851
6988 4.90843
6989 4.90835
6990 4.90827
6991 4.90819
6992 4.90811
6993 4.90803
6994 4.90794
6995 4.90786
6996 4.90778
6997 4.9077
6998 4.90762
6999 4.90754
7000 4.90746
7001 4.90738
7002 4.9073
7003 4.90722
7004 4.90713
7005 4.90705
7006 4.90697
7007 4.90689
7008 4.90681
7009 4.90673
7010 4.90665
7011 4.90657
7012 4.90649
7013 4.90641
7014 4.90633
7015 4.90625
7016 4.90617
7017 4.90609
7018 4.90601
7019 4.90593
7020 4.90584
7021 4.90576
7022 4.90568
7023 4.9056
7024 4.90552
7025 4.90544
7026 4.90536
7027 4.90528
7028 4.9052
7029 4.90512
7030 4.90504
7031 4.90496
7032 4.90488
7033 4.9048
7034 4.90472
7035 4.90464
7036 4.90456
7037 4.90448
7038 4.9044
7039 4.90432
7040 4.90424
7041 4.90416
7042 4.90408
7043 4.904
7044 4.90392
7045 4.90384
7046 4.90376
7047 4.90368
7048 4.9036
7049 4.90352
7050 4.90344
7051 4.90336
7052 4.90328
7053 4.9032
7054 4.90312
7055 4.90304
7056 4.90296
7057 4.90289
7058 4.90281
7059 4.90273
7060 4.90265
7061 4.90257
7062 4.90249
7063 4.90241
7064 4.90233
7065 4.90225
7066 4.90217
7067 4.90209
7068 4.90201
7069 4.90193
7070 4.90185
7071 4.90177
7072 4.9017
7073 4.90162
7074 4.90154
7075 4.90146
7076 4.90138
7077 4.9013
7078 4.90122
7079 4.90114
7080 4.90106
7081 4.90098
7082 4.9009
7083 4.90083
7084 4.90075
7085 4.90067
7086 4.90059
7087 4.90051
7088 4.90043
7089 4.90035
7090 4.90027
7091 4.9002
7092 4.90012
7093 4.90004
7094 4.89996
7095 4.89988
7096 4.8998
7097 4.89972
7098 4.89965
7099 4.89957
7100 4.89949
7101 4.89941
7102 4.89933
7103 4.89925
7104 4.89917
7105 4.8991
7106 4.89902
7107 4.89894
7108 4.89886
7109 4.89878
7110 4.8987
7111 4.89863
7112 4.89855
7113 4.89847
7114 4.89839
7115 4.89831
7116 4.89824
7117 4.89816
7118 4.89808
7119 4.898
7120 4.89792
7121 4.89785
7122 4.89777
7123 4.89769
7124 4.89761
7125 4.89753
7126 4.89746
7127 4.89738
7128 4.8973
7129 4.89722
7130 4.89715
7131 4.89707
7132 4.89699
7133 4.89691
7134 4.89683
7135 4.89676
7136 4.89668
7137 4.8966
7138 4.89652
7139 4.89645
7140 4.89637
7141 4.89629
7142 4.89621
7143 4.89614
7144 4.89606
7145 4.89598
7146 4.8959
7147 4.89583
7148 4.89575
7149 4.89567
7150 4.89559
7151 4.89552
7152 4.89544
7153 4.89536
7154 4.89529
7155 4.89521
7156 4.89513
7157 4.89505
7158 4.89498
7159 4.8949
7160 4.89482
7161 4.89475
7162 4.89467
7163 4.89459
7164 4.89452
7165 4.89444
7166 4.89436
7167 4.89428
7168 4.89421
7169 4.89413
7170 4.89405
7171 4.89398
7172 4.8939
7173 4.89382
7174 4.89375
7175 4.89367
7176 4.89359
7177 4.89352
7178 4.89344
7179 4.89336
7180 4.89329
7181 4.89321
7182 4.89313
7183 4.89306
7184 4.89298
7185 4.8929
7186 4.89283
7187 4.89275
7188 4.89268
7189 4.8926
7190 4.89252
7191 4.89245
7192 4.89237
7193 4.89229
7194 4.89222
7195 4.89214
7196 4.89206
7197 4.89199
7198 4.89191
7199 4.89184
7200 4.89176
7201 4.89168
7202 4.89161
7203 4.89153
7204 4.89146
7205 4.89138
7206 4.8913
7207 4.89123
7208 4.89115
7209 4.89108
7210 4.891
7211 4.89092
7212 4.89085
7213 4.89077
7214 4.8907
7215 4.89062
7216 4.89055
7217 4.89047
7218 4.89039
7219 4.89032
7220 4.89024
7221 4.89017
7222 4.89009
7223 4.89002
7224 4.88994
7225 4.88986
7226 4.88979
7227 4.88971
7228 4.88964
7229 4.88956
7230 4.88949
7231 4.88941
7232 4.88934
7233 4.88926
7234 4.88919
7235 4.88911
7236 4.88904
7237 4.88896
7238 4.88888
7239 4.88881
7240 4.88873
7241 4.88866
7242 4.88858
7243 4.88851
7244 4.88843
7245 4.88836
7246 4.88828
7247 4.88821
7248 4.88813
7249 4.88806
7250 4.88798
7251 4.88791
7252 4.88783
7253 4.88776
7254 4.88768
7255 4.88761
7256 4.88753
7257 4.88746
7258 4.88738
7259 4.88731
7260 4.88724
7261 4.88716
7262 4.88709
7263 4.88701
7264 4.88694
7265 4.88686
7266 4.88679
7267 4.88671
7268 4.88664
7269 4.88656
7270 4.88649
7271 4.88641
7272 4.88634
7273 4.88627
7274 4.88619
7275 4.88612
7276 4.88604
7277 4.88597
7278 4.88589
7279 4.88582
7280 4.88575
7281 4.88567
7282 4.8856
7283 4.88552
7284 4.88545
7285 4.88537
7286 4.8853
7287 4.88523
7288 4.88515
7289 4.88508
7290 4.885
7291 4.88493
7292 4.88486
7293 4.88478
7294 4.88471
7295 4.88463
7296 4.88456
7297 4.88449
7298 4.88441
7299 4.88434
7300 4.88426
7301 4.88419
7302 4.88412
7303 4.88404
7304 4.88397
7305 4.8839
7306 4.88382
7307 4.88375
7308 4.88367
7309 4.8836
7310 4.88353
7311 4.88345
7312 4.88338
7313 4.88331
7314 4.88323
7315 4.88316
7316 4.88309
7317 4.88301
7318 4.88294
7319 4.88287
7320 4.88279
7321 4.88272
7322 4.88265
7323 4.88257
7324 4.8825
7325 4.88243
7326 4.88235
7327 4.88228
7328 4.88221
7329 4.88213
7330 4.88206
7331 4.88199
7332 4.88191
7333 4.88184
7334 4.88177
7335 4.88169
7336 4.88162
7337 4.88155
7338 4.88148
7339 4.8814
7340 4.88133
7341 4.88126
7342 4.88118
7343 4.88111
7344 4.88104
7345 4.88097
7346 4.88089
7347 4.88082
7348 4.88075
7349 4.88067
7350 4.8806
7351 4.88053
7352 4.88046
7353 4.88038
7354 4.88031
7355 4.88024
7356 4.88017
7357 4.88009
7358 4.88002
7359 4.87995
7360 4.87988
7361 4.8798
7362 4.87973
7363 4.87966
7364 4.87959
7365 4.87951
7366 4.87944
7367 4.87937
7368 4.8793
7369 4.87922
7370 4.87915
7371 4.87908
7372 4.87901
7373 4.87893
7374 4.87886
7375 4.87879
7376 4.87872
7377 4.87865
7378 4.87857
7379 4.8785
7380 4.87843
7381 4.87836
7382 4.87829
7383 4.87821
7384 4.87814
7385 4.87807
7386 4.878
7387 4.87793
7388 4.87785
7389 4.87778
7390 4.87771
7391 4.87764
7392 4.87757
7393 4.87749
7394 4.87742
7395 4.87735
7396 4.87728
7397 4.87721
7398 4.87714
7399 4.87706
7400 4.87699
7401 4.87692
7402 4.87685
7403 4.87678
7404 4.87671
7405 4.87663
7406 4.87656
7407 4.87649
7408 4.87642
7409 4.87635
7410 4.87628
7411 4.87621
7412 4.87613
7413 4.87606
7414 4.87599
7415 4.87592
7416 4.87585
7417 4.87578
7418 4.87571
7419 4.87564
7420 4.87556
7421 4.87549
7422 4.87542
7423 4.87535
7424 4.87528
7425 4.87521
7426 4.87514
7427 4.87507
7428 4.875
7429 4.87492
7430 4.87485
7431 4.87478
7432 4.87471
7433 4.87464
7434 4.87457
7435 4.8745
7436 4.87443
7437 4.87436
7438 4.87429
7439 4.87422
7440 4.87414
7441 4.87407
7442 4.874
7443 4.87393
7444 4.87386
7445 4.87379
7446 4.87372
7447 4.87365
7448 4.87358
7449 4.87351
7450 4.87344
7451 4.87337
7452 4.8733
7453 4.87323
7454 4.87316
7455 4.87309
7456 4.87302
7457 4.87294
7458 4.87287
7459 4.8728
7460 4.87273
7461 4.87266
7462 4.87259
7463 4.87252
7464 4.87245
7465 4.87238
7466 4.87231
7467 4.87224
7468 4.87217
7469 4.8721
7470 4.87203
7471 4.87196
7472 4.87189
7473 4.87182
7474 4.87175
7475 4.87168
7476 4.87161
7477 4.87154
7478 4.87147
7479 4.8714
7480 4.87133
7481 4.87126
7482 4.87119
7483 4.87112
7484 4.87105
7485 4.87098
7486 4.87091
7487 4.87084
7488 4.87077
7489 4.8707
7490 4.87063
7491 4.87056
7492 4.87049
7493 4.87042
7494 4.87035
7495 4.87028
7496 4.87021
7497 4.87015
7498 4.87008
7499 4.87001
7500 4.86994
7501 4.86987
7502 4.8698
7503 4.86973
7504 4.86966
7505 4.86959
7506 4.86952
7507 4.86945
7508 4.86938
7509 4.86931
7510 4.86924
7511 4.86917
7512 4.8691
7513 4.86903
7514 4.86897
7515 4.8689
7516 4.86883
7517 4.86876
7518 4.86869
7519 4.86862
7520 4.86855
7521 4.86848
7522 4.86841
7523 4.86834
7524 4.86827
7525 4.86821
7526 4.86814
7527 4.86807
7528 4.868
7529 4.86793
7530 4.86786
7531 4.86779
7532 4.86772
7533 4.86765
7534 4.86759
7535 4.86752
7536 4.86745
7537 4.86738
7538 4.86731
7539 4.86724
7540 4.86717
7541 4.8671
7542 4.86704
7543 4.86697
7544 4.8669
7545 4.86683
7546 4.86676
7547 4.86669
7548 4.86662
7549 4.86656
7550 4.86649
7551 4.86642
7552 4.86635
7553 4.86628
7554 4.86621
7555 4.86614
7556 4.86608
7557 4.86601
7558 4.86594
7559 4.86587
7560 4.8658
7561 4.86573
7562 4.86567
7563 4.8656
7564 4.86553
7565 4.86546
7566 4.86539
7567 4.86533
7568 4.86526
7569 4.86519
7570 4.86512
7571 4.86505
7572 4.86499
7573 4.86492
7574 4.86485
7575 4.86478
7576 4.86471
7577 4.86465
7578 4.86458
7579 4.86451
7580 4.86444
7581 4.86437
7582 4.86431
7583 4.86424
7584 4.86417
7585 4.8641
7586 4.86403
7587 4.86397
7588 4.8639
7589 4.86383
7590 4.86376
7591 4.8637
7592 4.86363
7593 4.86356
7594 4.86349
7595 4.86343
7596 4.86336
7597 4.86329
7598 4.86322
7599 4.86316
7600 4.86309
7601 4.86302
7602 4.86295
7603 4.86289
7604 4.86282
7605 4.86275
7606 4.86268
7607 4.86262
7608 4.86255
7609 4.86248
7610 4.86241
7611 4.86235
7612 4.86228
7613 4.86221
7614 4.86215
7615 4.86208
7616 4.86201
7617 4.86194
7618 4.86188
7619 4.86181
7620 4.86174
7621 4.86168
7622 4.86161
7623 4.86154
7624 4.86147
7625 4.86141
7626 4.86134
7627 4.86127
7628 4.86121
7629 4.86114
7630 4.86107
7631 4.86101
7632 4.86094
7633 4.86087
7634 4.86081
7635 4.86074
7636 4.86067
7637 4.8606
7638 4.86054
7639 4.86047
7640 4.8604
7641 4.86034
7642 4.86027
7643 4.8602
7644 4.86014
7645 4.86007
7646 4.86
7647 4.85994
7648 4.85987
7649 4.85981
7650 4.85974
7651 4.85967
7652 4.85961
7653 4.85954
7654 4.85947
7655 4.85941
7656 4.85934
7657 4.85927
7658 4.85921
7659 4.85914
7660 4.85907
7661 4.85901
7662 4.85894
7663 4.85888
7664 4.85881
7665 4.85874
7666 4.85868
7667 4.85861
7668 4.85855
7669 4.85848
7670 4.85841
7671 4.85835
7672 4.85828
7673 4.85821
7674 4.85815
7675 4.85808
7676 4.85802
7677 4.85795
7678 4.85788
7679 4.85782
7680 4.85775
7681 4.85769
7682 4.85762
7683 4.85756
7684 4.85749
7685 4.85742
7686 4.85736
7687 4.85729
7688 4.85723
7689 4.85716
7690 4.85709
7691 4.85703
7692 4.85696
7693 4.8569
7694 4.85683
7695 4.85677
7696 4.8567
7697 4.85664
7698 4.85657
7699 4.8565
7700 4.85644
7701 4.85637
7702 4.85631
7703 4.85624
7704 4.85618
7705 4.85611
7706 4.85605
7707 4.85598
7708 4.85592
7709 4.85585
7710 4.85578
7711 4.85572
7712 4.85565
7713 4.85559
7714 4.85552
7715 4.85546
7716 4.85539
7717 4.85533
7718 4.85526
7719 4.8552
7720 4.85513
7721 4.85507
7722 4.855
7723 4.85494
7724 4.85487
7725 4.85481
7726 4.85474
7727 4.85468
7728 4.85461
7729 4.85455
7730 4.85448
7731 4.85442
7732 4.85435
7733 4.85429
7734 4.85422
7735 4.85416
7736 4.85409
7737 4.85403
7738 4.85396
7739 4.8539
7740 4.85383
7741 4.85377
7742 4.8537
7743 4.85364
7744 4.85357
7745 4.85351
7746 4.85345
7747 4.85338
7748 4.85332
7749 4.85325
7750 4.85319
7751 4.85312
7752 4.85306
7753 4.85299
7754 4.85293
7755 4.85286
7756 4.8528
7757 4.85274
7758 4.85267
7759 4.85261
7760 4.85254
7761 4.85248
7762 4.85241
7763 4.85235
7764 4.85228
7765 4.85222
7766 4.85216
7767 4.85209
7768 4.85203
7769 4.85196
7770 4.8519
7771 4.85184
7772 4.85177
7773 4.85171
7774 4.85164
7775 4.85158
7776 4.85151
7777 4.85145
7778 4.85139
7779 4.85132
7780 4.85126
7781 4.85119
7782 4.85113
7783 4.85107
7784 4.851
7785 4.85094
7786 4.85087
7787 4.85081
7788 4.85075
7789 4.85068
7790 4.85062
7791 4.85056
7792 4.85049
7793 4.85043
7794 4.85036
7795 4.8503
7796 4.85024
7797 4.85017
7798 4.85011
7799 4.85005
7800 4.84998
7801 4.84992
7802 4.84986
7803 4.84979
7804 4.84973
7805 4.84966
7806 4.8496
7807 4.84954
7808 4.84947
7809 4.84941
7810 4.84935
7811 4.84928
7812 4.84922
7813 4.84916
7814 4.84909
7815 4.84903
7816 4.84897
7817 4.8489
7818 4.84884
7819 4.84878
7820 4.84871
7821 4.84865
7822 4.84859
7823 4.84852
7824 4.84846
7825 4.8484
7826 4.84833
7827 4.84827
7828 4.84821
7829 4.84814
7830 4.84808
7831 4.84802
7832 4.84796
7833 4.84789
7834 4.84783
7835 4.84777
7836 4.8477
7837 4.84764
7838 4.84758
7839 4.84751
7840 4.84745
7841 4.84739
7842 4.84733
7843 4.84726
7844 4.8472
7845 4.84714
7846 4.84707
7847 4.84701
7848 4.84695
7849 4.84689
7850 4.84682
7851 4.84676
7852 4.8467
7853 4.84664
7854 4.84657
7855 4.84651
7856 4.84645
7857 4.84639
7858 4.84632
7859 4.84626
7860 4.8462
7861 4.84614
7862 4.84607
7863 4.84601
7864 4.84595
7865 4.84589
7866 4.84582
7867 4.84576
7868 4.8457
7869 4.84564
7870 4.84557
7871 4.84551
7872 4.84545
7873 4.84539
7874 4.84532
7875 4.84526
7876 4.8452
7877 4.84514
7878 4.84508
7879 4.84501
7880 4.84495
7881 4.84489
7882 4.84483
7883 4.84476
7884 4.8447
7885 4.84464
7886 4.84458
7887 4.84452
7888 4.84445
7889 4.84439
7890 4.84433
7891 4.84427
7892 4.84421
7893 4.84414
7894 4.84408
7895 4.84402
7896 4.84396
7897 4.8439
7898 4.84383
7899 4.84377
7900 4.84371
7901 4.84365
7902 4.84359
7903 4.84353
7904 4.84346
7905 4.8434
7906 4.84334
7907 4.84328
7908 4.84322
7909 4.84316
7910 4.84309
7911 4.84303
7912 4.84297
7913 4.84291
7914 4.84285
7915 4.84279
7916 4.84272
7917 4.84266
7918 4.8426
7919 4.84254
7920 4.84248
7921 4.84242
7922 4.84236
7923 4.84229
7924 4.84223
7925 4.84217
7926 4.84211
7927 4.84205
7928 4.84199
7929 4.84193
7930 4.84186
7931 4.8418
7932 4.84174
7933 4.84168
7934 4.84162
7935 4.84156
7936 4.8415
7937 4.84144
7938 4.84138
7939 4.84131
7940 4.84125
7941 4.84119
7942 4.84113
7943 4.84107
7944 4.84101
7945 4.84095
7946 4.84089
7947 4.84083
7948 4.84076
7949 4.8407
7950 4.84064
7951 4.84058
7952 4.84052
7953 4.84046
7954 4.8404
7955 4.84034
7956 4.84028
7957 4.84022
7958 4.84016
7959 4.8401
7960 4.84003
7961 4.83997
7962 4.83991
7963 4.83985
7964 4.83979
7965 4.83973
7966 4.83967
7967 4.83961
7968 4.83955
7969 4.83949
7970 4.83943
7971 4.83937
7972 4.83931
7973 4.83925
7974 4.83919
7975 4.83912
7976 4.83906
7977 4.839
7978 4.83894
7979 4.83888
7980 4.83882
7981 4.83876
7982 4.8387
7983 4.83864
7984 4.83858
7985 4.83852
7986 4.83846
7987 4.8384
7988 4.83834
7989 4.83828
7990 4.83822
7991 4.83816
7992 4.8381
7993 4.83804
7994 4.83798
7995 4.83792
7996 4.83786
7997 4.8378
7998 4.83774
7999 4.83768
8000 4.83762
8001 4.83756
8002 4.8375
8003 4.83744
8004 4.83738
8005 4.83732
8006 4.83726
8007 4.8372
8008 4.83714
8009 4.83708
8010 4.83702
8011 4.83696
8012 4.8369
8013 4.83684
8014 4.83678
8015 4.83672
8016 4.83666
8017 4.8366
8018 4.83654
8019 4.83648
8020 4.83642
8021 4.83636
8022 4.8363
8023 4.83624
8024 4.83618
8025 4.83612
8026 4.83606
8027 4.836
8028 4.83594
8029 4.83588
8030 4.83582
8031 4.83576
8032 4.8357
8033 4.83565
8034 4.83559
8035 4.83553
8036 4.83547
8037 4.83541
8038 4.83535
8039 4.83529
8040 4.83523
8041 4.83517
8042 4.83511
8043 4.83505
8044 4.83499
8045 4.83493
8046 4.83487
8047 4.83481
8048 4.83475
8049 4.8347
8050 4.83464
8051 4.83458
8052 4.83452
8053 4.83446
8054 4.8344
8055 4.83434
8056 4.83428
8057 4.83422
8058 4.83416
8059 4.8341
8060 4.83405
8061 4.83399
8062 4.83393
8063 4.83387
8064 4.83381
8065 4.83375
8066 4.83369
8067 4.83363
8068 4.83357
8069 4.83351
8070 4.83346
8071 4.8334
8072 4.83334
8073 4.83328
8074 4.83322
8075 4.83316
8076 4.8331
8077 4.83304
8078 4.83299
8079 4.83293
8080 4.83287
8081 4.83281
8082 4.83275
8083 4.83269
8084 4.83263
8085 4.83257
8086 4.83252
8087 4.83246
8088 4.8324
8089 4.83234
8090 4.83228
8091 4.83222
8092 4.83216
8093 4.83211
8094 4.83205
8095 4.83199
8096 4.83193
8097 4.83187
8098 4.83181
8099 4.83176
8100 4.8317
8101 4.83164
8102 4.83158
8103 4.83152
8104 4.83146
8105 4.83141
8106 4.83135
8107 4.83129
8108 4.83123
8109 4.83117
8110 4.83111
8111 4.83106
8112 4.831
8113 4.83094
8114 4.83088
8115 4.83082
8116 4.83077
8117 4.83071
8118 4.83065
8119 4.83059
8120 4.83053
8121 4.83047
8122 4.83042
8123 4.83036
8124 4.8303
8125 4.83024
8126 4.83018
8127 4.83013
8128 4.83007
8129 4.83001
8130 4.82995
8131 4.8299
8132 4.82984
8133 4.82978
8134 4.82972
8135 4.82966
8136 4.82961
8137 4.82955
8138 4.82949
8139 4.82943
8140 4.82938
8141 4.82932
8142 4.82926
8143 4.8292
8144 4.82914
8145 4.82909
8146 4.82903
8147 4.82897
8148 4.82891
8149 4.82886
8150 4.8288
8151 4.82874
8152 4.82868
8153 4.82863
8154 4.82857
8155 4.82851
8156 4.82845
8157 4.8284
8158 4.82834
8159 4.82828
8160 4.82822
8161 4.82817
8162 4.82811
8163 4.82805
8164 4.82799
8165 4.82794
8166 4.82788
8167 4.82782
8168 4.82777
8169 4.82771
8170 4.82765
8171 4.82759
8172 4.82754
8173 4.82748
8174 4.82742
8175 4.82737
8176 4.82731
8177 4.82725
8178 4.82719
8179 4.82714
8180 4.82708
8181 4.82702
8182 4.82697
8183 4.82691
8184 4.82685
8185 4.82679
8186 4.82674
8187 4.82668
8188 4.82662
8189 4.82657
8190 4.82651
8191 4.82645
8192 4.8264
8193 4.82634
8194 4.82628
8195 4.82623
8196 4.82617
8197 4.82611
8198 4.82606
8199 4.826
8200 4.82594
8201 4.82588
8202 4.82583
8203 4.82577
8204 4.82571
8205 4.82566
8206 4.8256
8207 4.82554
8208 4.82549
8209 4.82543
8210 4.82537
8211 4.82532
8212 4.82526
8213 4.82521
8214 4.82515
8215 4.82509
8216 4.82504
8217 4.82498
8218 4.82492
8219 4.82487
8220 4.82481
8221 4.82475
8222 4.8247
8223 4.82464
8224 4.82458
8225 4.82453
8226 4.82447
8227 4.82442
8228 4.82436
8229 4.8243
8230 4.82425
8231 4.82419
8232 4.82413
8233 4.82408
8234 4.82402
8235 4.82397
8236 4.82391
8237 4.82385
8238 4.8238
8239 4.82374
8240 4.82368
8241 4.82363
8242 4.82357
8243 4.82352
8244 4.82346
8245 4.8234
8246 4.82335
8247 4.82329
8248 4.82324
8249 4.82318
8250 4.82312
8251 4.82307
8252 4.82301
8253 4.82296
8254 4.8229
8255 4.82284
8256 4.82279
8257 4.82273
8258 4.82268
8259 4.82262
8260 4.82257
8261 4.82251
8262 4.82245
8263 4.8224
8264 4.82234
8265 4.82229
8266 4.82223
8267 4.82218
8268 4.82212
8269 4.82206
8270 4.82201
8271 4.82195
8272 4.8219
8273 4.82184
8274 4.82179
8275 4.82173
8276 4.82167
8277 4.82162
8278 4.82156
8279 4.82151
8280 4.82145
8281 4.8214
8282 4.82134
8283 4.82129
8284 4.82123
8285 4.82118
8286 4.82112
8287 4.82106
8288 4.82101
8289 4.82095
8290 4.8209
8291 4.82084
8292 4.82079
8293 4.82073
8294 4.82068
8295 4.82062
8296 4.82057
8297 4.82051
8298 4.82046
8299 4.8204
8300 4.82035
8301 4.82029
8302 4.82024
8303 4.82018
8304 4.82013
8305 4.82007
8306 4.82001
8307 4.81996
8308 4.8199
8309 4.81985
8310 4.81979
8311 4.81974
8312 4.81968
8313 4.81963
8314 4.81957
8315 4.81952
8316 4.81946
8317 4.81941
8318 4.81935
8319 4.8193
8320 4.81925
8321 4.81919
8322 4.81914
8323 4.81908
8324 4.81903
8325 4.81897
8326 4.81892
8327 4.81886
8328 4.81881
8329 4.81875
8330 4.8187
8331 4.81864
8332 4.81859
8333 4.81853
8334 4.81848
8335 4.81842
8336 4.81837
8337 4.81831
8338 4.81826
8339 4.81821
8340 4.81815
8341 4.8181
8342 4.81804
8343 4.81799
8344 4.81793
8345 4.81788
8346 4.81782
8347 4.81777
8348 4.81771
8349 4.81766
8350 4.81761
8351 4.81755
8352 4.8175
8353 4.81744
8354 4.81739
8355 4.81733
8356 4.81728
8357 4.81722
8358 4.81717
8359 4.81712
8360 4.81706
8361 4.81701
8362 4.81695
8363 4.8169
8364 4.81685
8365 4.81679
8366 4.81674
8367 4.81668
8368 4.81663
8369 4.81657
8370 4.81652
8371 4.81647
8372 4.81641
8373 4.81636
8374 4.8163
8375 4.81625
8376 4.8162
8377 4.81614
8378 4.81609
8379 4.81603
8380 4.81598
8381 4.81593
8382 4.81587
8383 4.81582
8384 4.81576
8385 4.81571
8386 4.81566
8387 4.8156
8388 4.81555
8389 4.81549
8390 4.81544
8391 4.81539
8392 4.81533
8393 4.81528
8394 4.81523
8395 4.81517
8396 4.81512
8397 4.81506
8398 4.81501
8399 4.81496
8400 4.8149
8401 4.81485
8402 4.8148
8403 4.81474
8404 4.81469
8405 4.81464
8406 4.81458
8407 4.81453
8408 4.81447
8409 4.81442
8410 4.81437
8411 4.81431
8412 4.81426
8413 4.81421
8414 4.81415
8415 4.8141
8416 4.81405
8417 4.81399
8418 4.81394
8419 4.81389
8420 4.81383
8421 4.81378
8422 4.81373
8423 4.81367
8424 4.81362
8425 4.81357
8426 4.81351
8427 4.81346
8428 4.81341
8429 4.81335
8430 4.8133
8431 4.81325
8432 4.81319
8433 4.81314
8434 4.81309
8435 4.81303
8436 4.81298
8437 4.81293
8438 4.81287
8439 4.81282
8440 4.81277
8441 4.81271
8442 4.81266
8443 4.81261
8444 4.81256
8445 4.8125
8446 4.81245
8447 4.8124
8448 4.81234
8449 4.81229
8450 4.81224
8451 4.81218
8452 4.81213
8453 4.81208
8454 4.81203
8455 4.81197
8456 4.81192
8457 4.81187
8458 4.81181
8459 4.81176
8460 4.81171
8461 4.81166
8462 4.8116
8463 4.81155
8464 4.8115
8465 4.81145
8466 4.81139
8467 4.81134
8468 4.81129
8469 4.81123
8470 4.81118
8471 4.81113
8472 4.81108
8473 4.81102
8474 4.81097
8475 4.81092
8476 4.81087
8477 4.81081
8478 4.81076
8479 4.81071
8480 4.81066
8481 4.8106
8482 4.81055
8483 4.8105
8484 4.81045
8485 4.81039
8486 4.81034
8487 4.81029
8488 4.81024
8489 4.81018
8490 4.81013
8491 4.81008
8492 4.81003
8493 4.80997
8494 4.80992
8495 4.80987
8496 4.80982
8497 4.80977
8498 4.80971
8499 4.80966
8500 4.80961
8501 4.80956
8502 4.8095
8503 4.80945
8504 4.8094
8505 4.80935
8506 4.8093
8507 4.80924
8508 4.80919
8509 4.80914
8510 4.80909
8511 4.80904
8512 4.80898
8513 4.80893
8514 4.80888
8515 4.80883
8516 4.80877
8517 4.80872
8518 4.80867
8519 4.80862
8520 4.80857
8521 4.80852
8522 4.80846
8523 4.80841
8524 4.80836
8525 4.80831
8526 4.80826
8527 4.8082
8528 4.80815
8529 4.8081
8530 4.80805
8531 4.808
8532 4.80794
8533 4.80789
8534 4.80784
8535 4.80779
8536 4.80774
8537 4.80769
8538 4.80763
8539 4.80758
8540 4.80753
8541 4.80748
8542 4.80743
8543 4.80738
8544 4.80732
8545 4.80727
8546 4.80722
8547 4.80717
8548 4.80712
8549 4.80707
8550 4.80702
8551 4.80696
8552 4.80691
8553 4.80686
8554 4.80681
8555 4.80676
8556 4.80671
8557 4.80666
8558 4.8066
8559 4.80655
8560 4.8065
8561 4.80645
8562 4.8064
8563 4.80635
8564 4.8063
8565 4.80624
8566 4.80619
8567 4.80614
8568 4.80609
8569 4.80604
8570 4.80599
8571 4.80594
8572 4.80589
8573 4.80583
8574 4.80578
8575 4.80573
8576 4.80568
8577 4.80563
8578 4.80558
8579 4.80553
8580 4.80548
8581 4.80542
8582 4.80537
8583 4.80532
8584 4.80527
8585 4.80522
8586 4.80517
8587 4.80512
8588 4.80507
8589 4.80502
8590 4.80497
8591 4.80491
8592 4.80486
8593 4.80481
8594 4.80476
8595 4.80471
8596 4.80466
8597 4.80461
8598 4.80456
8599 4.80451
8600 4.80446
8601 4.80441
8602 4.80436
8603 4.8043
8604 4.80425
8605 4.8042
8606 4.80415
8607 4.8041
8608 4.80405
8609 4.804
8610 4.80395
8611 4.8039
8612 4.80385
8613 4.8038
8614 4.80375
8615 4.8037
8616 4.80365
8617 4.80359
8618 4.80354
8619 4.80349
8620 4.80344
8621 4.80339
8622 4.80334
8623 4.80329
8624 4.80324
8625 4.80319
8626 4.80314
8627 4.80309
8628 4.80304
8629 4.80299
8630 4.80294
8631 4.80289
8632 4.80284
8633 4.80279
8634 4.80274
8635 4.80269
8636 4.80264
8637 4.80259
8638 4.80254
8639 4.80249
8640 4.80243
8641 4.80238
8642 4.80233
8643 4.80228
8644 4.80223
8645 4.80218
8646 4.80213
8647 4.80208
8648 4.80203
8649 4.80198
8650 4.80193
8651 4.80188
8652 4.80183
8653 4.80178
8654 4.80173
8655 4.80168
8656 4.80163
8657 4.80158
8658 4.80153
8659 4.80148
8660 4.80143
8661 4.80138
8662 4.80133
8663 4.80128
8664 4.80123
8665 4.80118
8666 4.80113
8667 4.80108
8668 4.80103
8669 4.80098
8670 4.80093
8671 4.80088
8672 4.80083
8673 4.80078
8674 4.80073
8675 4.80068
8676 4.80063
8677 4.80058
8678 4.80053
8679 4.80048
8680 4.80043
8681 4.80038
8682 4.80033
8683 4.80029
8684 4.80024
8685 4.80019
8686 4.80014
8687 4.80009
8688 4.80004
8689 4.79999
8690 4.79994
8691 4.79989
8692 4.79984
8693 4.79979
8694 4.79974
8695 4.79969
8696 4.79964
8697 4.79959
8698 4.79954
8699 4.79949
8700 4.79944
8701 4.79939
8702 4.79934
8703 4.79929
8704 4.79924
8705 4.79919
8706 4.79915
8707 4.7991
8708 4.79905
8709 4.799
8710 4.79895
8711 4.7989
8712 4.79885
8713 4.7988
8714 4.79875
8715 4.7987
8716 4.79865
8717 4.7986
8718 4.79855
8719 4.7985
8720 4.79846
8721 4.79841
8722 4.79836
8723 4.79831
8724 4.79826
8725 4.79821
8726 4.79816
8727 4.79811
8728 4.79806
8729 4.79801
8730 4.79796
8731 4.79791
8732 4.79787
8733 4.79782
8734 4.79777
8735 4.79772
8736 4.79767
8737 4.79762
8738 4.79757
8739 4.79752
8740 4.79747
8741 4.79742
8742 4.79738
8743 4.79733
8744 4.79728
8745 4.79723
8746 4.79718
8747 4.79713
8748 4.79708
8749 4.79703
8750 4.79698
8751 4.79694
8752 4.79689
8753 4.79684
8754 4.79679
8755 4.79674
8756 4.79669
8757 4.79664
8758 4.79659
8759 4.79655
8760 4.7965
8761 4.79645
8762 4.7964
8763 4.79635
8764 4.7963
8765 4.79625
8766 4.79621
8767 4.79616
8768 4.79611
8769 4.79606
8770 4.79601
8771 4.79596
8772 4.79591
8773 4.79587
8774 4.79582
8775 4.79577
8776 4.79572
8777 4.79567
8778 4.79562
8779 4.79557
8780 4.79553
8781 4.79548
8782 4.79543
8783 4.79538
8784 4.79533
8785 4.79528
8786 4.79524
8787 4.79519
8788 4.79514
8789 4.79509
8790 4.79504
8791 4.79499
8792 4.79495
8793 4.7949
8794 4.79485
8795 4.7948
8796 4.79475
8797 4.7947
8798 4.79466
8799 4.79461
8800 4.79456
8801 4.79451
8802 4.79446
8803 4.79442
8804 4.79437
8805 4.79432
8806 4.79427
8807 4.79422
8808 4.79417
8809 4.79413
8810 4.79408
8811 4.79403
8812 4.79398
8813 4.79393
8814 4.79389
8815 4.79384
8816 4.79379
8817 4.79374
8818 4.79369
8819 4.79365
8820 4.7936
8821 4.79355
8822 4.7935
8823 4.79345
8824 4.79341
8825 4.79336
8826 4.79331
8827 4.79326
8828 4.79322
8829 4.79317
8830 4.79312
8831 4.79307
8832 4.79302
8833 4.79298
8834 4.79293
8835 4.79288
8836 4.79283
8837 4.79279
8838 4.79274
8839 4.79269
8840 4.79264
8841 4.79259
8842 4.79255
8843 4.7925
8844 4.79245
8845 4.7924
8846 4.79236
8847 4.79231
8848 4.79226
8849 4.79221
8850 4.79217
8851 4.79212
8852 4.79207
8853 4.79202
8854 4.79198
8855 4.79193
8856 4.79188
8857 4.79183
8858 4.79179
8859 4.79174
8860 4.79169
8861 4.79164
8862 4.7916
8863 4.79155
8864 4.7915
8865 4.79145
8866 4.79141
8867 4.79136
8868 4.79131
8869 4.79127
8870 4.79122
8871 4.79117
8872 4.79112
8873 4.79108
8874 4.79103
8875 4.79098
8876 4.79093
8877 4.79089
8878 4.79084
8879 4.79079
8880 4.79075
8881 4.7907
8882 4.79065
8883 4.7906
8884 4.79056
8885 4.79051
8886 4.79046
8887 4.79042
8888 4.79037
8889 4.79032
8890 4.79027
8891 4.79023
8892 4.79018
8893 4.79013
8894 4.79009
8895 4.79004
8896 4.78999
8897 4.78995
8898 4.7899
8899 4.78985
8900 4.7898
8901 4.78976
8902 4.78971
8903 4.78966
8904 4.78962
8905 4.78957
8906 4.78952
8907 4.78948
8908 4.78943
8909 4.78938
8910 4.78934
8911 4.78929
8912 4.78924
8913 4.7892
8914 4.78915
8915 4.7891
8916 4.78906
8917 4.78901
8918 4.78896
8919 4.78892
8920 4.78887
8921 4.78882
8922 4.78878
8923 4.78873
8924 4.78868
8925 4.78864
8926 4.78859
8927 4.78854
8928 4.7885
8929 4.78845
8930 4.7884
8931 4.78836
8932 4.78831
8933 4.78826
8934 4.78822
8935 4.78817
8936 4.78812
8937 4.78808
8938 4.78803
8939 4.78798
8940 4.78794
8941 4.78789
8942 4.78784
8943 4.7878
8944 4.78775
8945 4.78771
8946 4.78766
8947 4.78761
8948 4.78757
8949 4.78752
8950 4.78747
8951 4.78743
8952 4.78738
8953 4.78733
8954 4.78729
8955 4.78724
8956 4.7872
8957 4.78715
8958 4.7871
8959 4.78706
8960 4.78701
8961 4.78696
8962 4.78692
8963 4.78687
8964 4.78683
8965 4.78678
8966 4.78673
8967 4.78669
8968 4.78664
8969 4.7866
8970 4.78655
8971 4.7865
8972 4.78646
8973 4.78641
8974 4.78637
8975 4.78632
8976 4.78627
8977 4.78623
8978 4.78618
8979 4.78614
8980 4.78609
8981 4.78604
8982 4.786
8983 4.78595
8984 4.78591
8985 4.78586
8986 4.78581
8987 4.78577
8988 4.78572
8989 4.78568
8990 4.78563
8991 4.78558
8992 4.78554
8993 4.78549
8994 4.78545
8995 4.7854
8996 4.78536
8997 4.78531
8998 4.78526
8999 4.78522
9000 4.78517
9001 4.78513
9002 4.78508
9003 4.78504
9004 4.78499
9005 4.78494
9006 4.7849
9007 4.78485
9008 4.78481
9009 4.78476
9010 4.78472
9011 4.78467
9012 4.78462
9013 4.78458
9014 4.78453
9015 4.78449
9016 4.78444
9017 4.7844
9018 4.78435
9019 4.78431
9020 4.78426
9021 4.78421
9022 4.78417
9023 4.78412
9024 4.78408
9025 4.78403
9026 4.78399
9027 4.78394
9028 4.7839
9029 4.78385
9030 4.78381
9031 4.78376
9032 4.78372
9033 4.78367
9034 4.78362
9035 4.78358
9036 4.78353
9037 4.78349
9038 4.78344
9039 4.7834
9040 4.78335
9041 4.78331
9042 4.78326
9043 4.78322
9044 4.78317
9045 4.78313
9046 4.78308
9047 4.78304
9048 4.78299
9049 4.78295
9050 4.7829
9051 4.78286
9052 4.78281
9053 4.78277
9054 4.78272
9055 4.78268
9056 4.78263
9057 4.78259
9058 4.78254
9059 4.78249
9060 4.78245
9061 4.7824
9062 4.78236
9063 4.78231
9064 4.78227
9065 4.78222
9066 4.78218
9067 4.78214
9068 4.78209
9069 4.78205
9070 4.782
9071 4.78196
9072 4.78191
9073 4.78187
9074 4.78182
9075 4.78178
9076 4.78173
9077 4.78169
9078 4.78164
9079 4.7816
9080 4.78155
9081 4.78151
9082 4.78146
9083 4.78142
9084 4.78137
9085 4.78133
9086 4.78128
9087 4.78124
9088 4.78119
9089 4.78115
9090 4.7811
9091 4.78106
9092 4.78102
9093 4.78097
9094 4.78093
9095 4.78088
9096 4.78084
9097 4.78079
9098 4.78075
9099 4.7807
9100 4.78066
9101 4.78061
9102 4.78057
9103 4.78052
9104 4.78048
9105 4.78044
9106 4.78039
9107 4.78035
9108 4.7803
9109 4.78026
9110 4.78021
9111 4.78017
9112 4.78012
9113 4.78008
9114 4.78004
9115 4.77999
9116 4.77995
9117 4.7799
9118 4.77986
9119 4.77981
9120 4.77977
9121 4.77972
9122 4.77968
9123 4.77964
9124 4.77959
9125 4.77955
9126 4.7795
9127 4.77946
9128 4.77941
9129 4.77937
9130 4.77933
9131 4.77928
9132 4.77924
9133 4.77919
9134 4.77915
9135 4.77911
9136 4.77906
9137 4.77902
9138 4.77897
9139 4.77893
9140 4.77888
9141 4.77884
9142 4.7788
9143 4.77875
9144 4.77871
9145 4.77866
9146 4.77862
9147 4.77858
9148 4.77853
9149 4.77849
9150 4.77844
9151 4.7784
9152 4.77836
9153 4.77831
9154 4.77827
9155 4.77822
9156 4.77818
9157 4.77814
9158 4.77809
9159 4.77805
9160 4.778
9161 4.77796
9162 4.77792
9163 4.77787
9164 4.77783
9165 4.77779
9166 4.77774
9167 4.7777
9168 4.77765
9169 4.77761
9170 4.77757
9171 4.77752
9172 4.77748
9173 4.77743
9174 4.77739
9175 4.77735
9176 4.7773
9177 4.77726
9178 4.77722
9179 4.77717
9180 4.77713
9181 4.77709
9182 4.77704
9183 4.777
9184 4.77695
9185 4.77691
9186 4.77687
9187 4.77682
9188 4.77678
9189 4.77674
9190 4.77669
9191 4.77665
9192 4.77661
9193 4.77656
9194 4.77652
9195 4.77648
9196 4.77643
9197 4.77639
9198 4.77634
9199 4.7763
9200 4.77626
9201 4.77621
9202 4.77617
9203 4.77613
9204 4.77608
9205 4.77604
9206 4.776
9207 4.77595
9208 4.77591
9209 4.77587
9210 4.77582
9211 4.77578
9212 4.77574
9213 4.77569
9214 4.77565
9215 4.77561
9216 4.77556
9217 4.77552
9218 4.77548
9219 4.77543
9220 4.77539
9221 4.77535
9222 4.7753
9223 4.77526
9224 4.77522
9225 4.77518
9226 4.77513
9227 4.77509
9228 4.77505
9229 4.775
9230 4.77496
9231 4.77492
9232 4.77487
9233 4.77483
9234 4.77479
9235 4.77474
9236 4.7747
9237 4.77466
9238 4.77461
9239 4.77457
9240 4.77453
9241 4.77449
9242 4.77444
9243 4.7744
9244 4.77436
9245 4.77431
9246 4.77427
9247 4.77423
9248 4.77418
9249 4.77414
9250 4.7741
9251 4.77406
9252 4.77401
9253 4.77397
9254 4.77393
9255 4.77388
9256 4.77384
9257 4.7738
9258 4.77376
9259 4.77371
9260 4.77367
9261 4.77363
9262 4.77358
9263 4.77354
9264 4.7735
9265 4.77346
9266 4.77341
9267 4.77337
9268 4.77333
9269 4.77329
9270 4.77324
9271 4.7732
9272 4.77316
9273 4.77312
9274 4.77307
9275 4.77303
9276 4.77299
9277 4.77294
9278 4.7729
9279 4.77286
9280 4.77282
9281 4.77277
9282 4.77273
9283 4.77269
9284 4.77265
9285 4.7726
9286 4.77256
9287 4.77252
9288 4.77248
9289 4.77243
9290 4.77239
9291 4.77235
9292 4.77231
9293 4.77226
9294 4.77222
9295 4.77218
9296 4.77214
9297 4.77209
9298 4.77205
9299 4.77201
9300 4.77197
9301 4.77192
9302 4.77188
9303 4.77184
9304 4.7718
9305 4.77176
9306 4.77171
9307 4.77167
9308 4.77163
9309 4.77159
9310 4.77154
9311 4.7715
9312 4.77146
9313 4.77142
9314 4.77137
9315 4.77133
9316 4.77129
9317 4.77125
9318 4.77121
9319 4.77116
9320 4.77112
9321 4.77108
9322 4.77104
9323 4.771
9324 4.77095
9325 4.77091
9326 4.77087
9327 4.77083
9328 4.77078
9329 4.77074
9330 4.7707
9331 4.77066
9332 4.77062
9333 4.77057
9334 4.77053
9335 4.77049
9336 4.77045
9337 4.77041
9338 4.77036
9339 4.77032
9340 4.77028
9341 4.77024
9342 4.7702
9343 4.77015
9344 4.77011
9345 4.77007
9346 4.77003
9347 4.76999
9348 4.76995
9349 4.7699
9350 4.76986
9351 4.76982
9352 4.76978
9353 4.76974
9354 4.76969
9355 4.76965
9356 4.76961
9357 4.76957
9358 4.76953
9359 4.76949
9360 4.76944
9361 4.7694
9362 4.76936
9363 4.76932
9364 4.76928
9365 4.76924
9366 4.76919
9367 4.76915
9368 4.76911
9369 4.76907
9370 4.76903
9371 4.76899
9372 4.76894
9373 4.7689
9374 4.76886
9375 4.76882
9376 4.76878
9377 4.76874
9378 4.76869
9379 4.76865
9380 4.76861
9381 4.76857
9382 4.76853
9383 4.76849
9384 4.76844
9385 4.7684
9386 4.76836
9387 4.76832
9388 4.76828
9389 4.76824
9390 4.7682
9391 4.76815
9392 4.76811
9393 4.76807
9394 4.76803
9395 4.76799
9396 4.76795
9397 4.76791
9398 4.76786
9399 4.76782
9400 4.76778
9401 4.76774
9402 4.7677
9403 4.76766
9404 4.76762
9405 4.76758
9406 4.76753
9407 4.76749
9408 4.76745
9409 4.76741
9410 4.76737
9411 4.76733
9412 4.76729
9413 4.76725
9414 4.7672
9415 4.76716
9416 4.76712
9417 4.76708
9418 4.76704
9419 4.767
9420 4.76696
9421 4.76692
9422 4.76688
9423 4.76683
9424 4.76679
9425 4.76675
9426 4.76671
9427 4.76667
9428 4.76663
9429 4.76659
9430 4.76655
9431 4.76651
9432 4.76646
9433 4.76642
9434 4.76638
9435 4.76634
9436 4.7663
9437 4.76626
9438 4.76622
9439 4.76618
9440 4.76614
9441 4.7661
9442 4.76605
9443 4.76601
9444 4.76597
9445 4.76593
9446 4.76589
9447 4.76585
9448 4.76581
9449 4.76577
9450 4.76573
9451 4.76569
9452 4.76565
9453 4.76561
9454 4.76556
9455 4.76552
9456 4.76548
9457 4.76544
9458 4.7654
9459 4.76536
9460 4.76532
9461 4.76528
9462 4.76524
9463 4.7652
9464 4.76516
9465 4.76512
9466 4.76508
9467 4.76504
9468 4.76499
9469 4.76495
9470 4.76491
9471 4.76487
9472 4.76483
9473 4.76479
9474 4.76475
9475 4.76471
9476 4.76467
9477 4.76463
9478 4.76459
9479 4.76455
9480 4.76451
9481 4.76447
9482 4.76443
9483 4.76439
9484 4.76435
9485 4.7643
9486 4.76426
9487 4.76422
9488 4.76418
9489 4.76414
9490 4.7641
9491 4.76406
9492 4.76402
9493 4.76398
9494 4.76394
9495 4.7639
9496 4.76386
9497 4.76382
9498 4.76378
9499 4.76374
9500 4.7637
9501 4.76366
9502 4.76362
9503 4.76358
9504 4.76354
9505 4.7635
9506 4.76346
9507 4.76342
9508 4.76338
9509 4.76334
9510 4.7633
9511 4.76326
9512 4.76322
9513 4.76318
9514 4.76313
9515 4.76309
9516 4.76305
9517 4.76301
9518 4.76297
9519 4.76293
9520 4.76289
9521 4.76285
9522 4.76281
9523 4.76277
9524 4.76273
9525 4.76269
9526 4.76265
9527 4.76261
9528 4.76257
9529 4.76253
9530 4.76249
9531 4.76245
9532 4.76241
9533 4.76237
9534 4.76233
9535 4.76229
9536 4.76225
9537 4.76221
9538 4.76217
9539 4.76213
9540 4.76209
9541 4.76205
9542 4.76201
9543 4.76197
9544 4.76193
9545 4.76189
9546 4.76185
9547 4.76181
9548 4.76177
9549 4.76173
9550 4.76169
9551 4.76165
9552 4.76161
9553 4.76157
9554 4.76153
9555 4.76149
9556 4.76146
9557 4.76142
9558 4.76138
9559 4.76134
9560 4.7613
9561 4.76126
9562 4.76122
9563 4.76118
9564 4.76114
9565 4.7611
9566 4.76106
9567 4.76102
9568 4.76098
9569 4.76094
9570 4.7609
9571 4.76086
9572 4.76082
9573 4.76078
9574 4.76074
9575 4.7607
9576 4.76066
9577 4.76062
9578 4.76058
9579 4.76054
9580 4.7605
9581 4.76046
9582 4.76042
9583 4.76038
9584 4.76034
9585 4.7603
9586 4.76027
9587 4.76023
9588 4.76019
9589 4.76015
9590 4.76011
9591 4.76007
9592 4.76003
9593 4.75999
9594 4.75995
9595 4.75991
9596 4.75987
9597 4.75983
9598 4.75979
9599 4.75975
9600 4.75971
9601 4.75967
9602 4.75963
9603 4.7596
9604 4.75956
9605 4.75952
9606 4.75948
9607 4.75944
9608 4.7594
9609 4.75936
9610 4.75932
9611 4.75928
9612 4.75924
9613 4.7592
9614 4.75916
9615 4.75912
9616 4.75908
9617 4.75905
9618 4.75901
9619 4.75897
9620 4.75893
9621 4.75889
9622 4.75885
9623 4.75881
9624 4.75877
9625 4.75873
9626 4.75869
9627 4.75865
9628 4.75861
9629 4.75858
9630 4.75854
9631 4.7585
9632 4.75846
9633 4.75842
9634 4.75838
9635 4.75834
9636 4.7583
9637 4.75826
9638 4.75822
9639 4.75818
9640 4.75815
9641 4.75811
9642 4.75807
9643 4.75803
9644 4.75799
9645 4.75795
9646 4.75791
9647 4.75787
9648 4.75783
9649 4.7578
9650 4.75776
9651 4.75772
9652 4.75768
9653 4.75764
9654 4.7576
9655 4.75756
9656 4.75752
9657 4.75748
9658 4.75745
9659 4.75741
9660 4.75737
9661 4.75733
9662 4.75729
9663 4.75725
9664 4.75721
9665 4.75717
9666 4.75713
9667 4.7571
9668 4.75706
9669 4.75702
9670 4.75698
9671 4.75694
9672 4.7569
9673 4.75686
9674 4.75682
9675 4.75679
9676 4.75675
9677 4.75671
9678 4.75667
9679 4.75663
9680 4.75659
9681 4.75655
9682 4.75652
9683 4.75648
9684 4.75644
9685 4.7564
9686 4.75636
9687 4.75632
9688 4.75628
9689 4.75625
9690 4.75621
9691 4.75617
9692 4.75613
9693 4.75609
9694 4.75605
9695 4.75601
9696 4.75598
9697 4.75594
9698 4.7559
9699 4.75586
9700 4.75582
9701 4.75578
9702 4.75575
9703 4.75571
9704 4.75567
9705 4.75563
9706 4.75559
9707 4.75555
9708 4.75551
9709 4.75548
9710 4.75544
9711 4.7554
9712 4.75536
9713 4.75532
9714 4.75528
9715 4.75525
9716 4.75521
9717 4.75517
9718 4.75513
9719 4.75509
9720 4.75505
9721 4.75502
9722 4.75498
9723 4.75494
9724 4.7549
9725 4.75486
9726 4.75483
9727 4.75479
9728 4.75475
9729 4.75471
9730 4.75467
9731 4.75463
9732 4.7546
9733 4.75456
9734 4.75452
9735 4.75448
9736 4.75444
9737 4.75441
9738 4.75437
9739 4.75433
9740 4.75429
9741 4.75425
9742 4.75422
9743 4.75418
9744 4.75414
9745 4.7541
9746 4.75406
9747 4.75402
9748 4.75399
9749 4.75395
9750 4.75391
9751 4.75387
9752 4.75383
9753 4.7538
9754 4.75376
9755 4.75372
9756 4.75368
9757 4.75365
9758 4.75361
9759 4.75357
9760 4.75353
9761 4.75349
9762 4.75346
9763 4.75342
9764 4.75338
9765 4.75334
9766 4.7533
9767 4.75327
9768 4.75323
9769 4.75319
9770 4.75315
9771 4.75311
9772 4.75308
9773 4.75304
9774 4.753
9775 4.75296
9776 4.75293
9777 4.75289
9778 4.75285
9779 4.75281
9780 4.75277
9781 4.75274
9782 4.7527
9783 4.75266
9784 4.75262
9785 4.75259
9786 4.75255
9787 4.75251
9788 4.75247
9789 4.75244
9790 4.7524
9791 4.75236
9792 4.75232
9793 4.75229
9794 4.75225
9795 4.75221
9796 4.75217
9797 4.75213
9798 4.7521
9799 4.75206
9800 4.75202
9801 4.75198
9802 4.75195
9803 4.75191
9804 4.75187
9805 4.75183
9806 4.7518
9807 4.75176
9808 4.75172
9809 4.75168
9810 4.75165
9811 4.75161
9812 4.75157
9813 4.75153
9814 4.7515
9815 4.75146
9816 4.75142
9817 4.75138
9818 4.75135
9819 4.75131
9820 4.75127
9821 4.75124
9822 4.7512
9823 4.75116
9824 4.75112
9825 4.75109
9826 4.75105
9827 4.75101
9828 4.75097
9829 4.75094
9830 4.7509
9831 4.75086
9832 4.75082
9833 4.75079
9834 4.75075
9835 4.75071
9836 4.75068
9837 4.75064
9838 4.7506
9839 4.75056
9840 4.75053
9841 4.75049
9842 4.75045
9843 4.75041
9844 4.75038
9845 4.75034
9846 4.7503
9847 4.75027
9848 4.75023
9849 4.75019
9850 4.75015
9851 4.75012
9852 4.75008
9853 4.75004
9854 4.75001
9855 4.74997
9856 4.74993
9857 4.7499
9858 4.74986
9859 4.74982
9860 4.74978
9861 4.74975
9862 4.74971
9863 4.74967
9864 4.74964
9865 4.7496
9866 4.74956
9867 4.74952
9868 4.74949
9869 4.74945
9870 4.74941
9871 4.74938
9872 4.74934
9873 4.7493
9874 4.74927
9875 4.74923
9876 4.74919
9877 4.74916
9878 4.74912
9879 4.74908
9880 4.74904
9881 4.74901
9882 4.74897
9883 4.74893
9884 4.7489
9885 4.74886
9886 4.74882
9887 4.74879
9888 4.74875
9889 4.74871
9890 4.74868
9891 4.74864
9892 4.7486
9893 4.74857
9894 4.74853
9895 4.74849
9896 4.74846
9897 4.74842
9898 4.74838
9899 4.74835
9900 4.74831
9901 4.74827
9902 4.74824
9903 4.7482
9904 4.74816
9905 4.74813
9906 4.74809
9907 4.74805
9908 4.74802
9909 4.74798
9910 4.74794
9911 4.74791
9912 4.74787
9913 4.74783
9914 4.7478
9915 4.74776
9916 4.74772
9917 4.74769
9918 4.74765
9919 4.74761
9920 4.74758
9921 4.74754
9922 4.7475
9923 4.74747
9924 4.74743
9925 4.74739
9926 4.74736
9927 4.74732
9928 4.74728
9929 4.74725
9930 4.74721
9931 4.74718
9932 4.74714
9933 4.7471
9934 4.74707
9935 4.74703
9936 4.74699
9937 4.74696
9938 4.74692
9939 4.74688
9940 4.74685
9941 4.74681
9942 4.74678
9943 4.74674
9944 4.7467
9945 4.74667
9946 4.74663
9947 4.74659
9948 4.74656
9949 4.74652
9950 4.74648
9951 4.74645
9952 4.74641
9953 4.74638
9954 4.74634
9955 4.7463
9956 4.74627
9957 4.74623
9958 4.74619
9959 4.74616
9960 4.74612
9961 4.74609
9962 4.74605
9963 4.74601
9964 4.74598
9965 4.74594
9966 4.74591
9967 4.74587
9968 4.74583
9969 4.7458
9970 4.74576
9971 4.74572
9972 4.74569
9973 4.74565
9974 4.74562
9975 4.74558
9976 4.74554
9977 4.74551
9978 4.74547
9979 4.74544
9980 4.7454
9981 4.74536
9982 4.74533
9983 4.74529
9984 4.74526
9985 4.74522
9986 4.74518
9987 4.74515
9988 4.74511
9989 4.74508
9990 4.74504
9991 4.745
9992 4.74497
9993 4.74493
9994 4.7449
9995 4.74486
9996 4.74482
9997 4.74479
9998 4.74475
9999 4.74472
10000 4.74468
10001 4.74464
10002 4.74461
10003 4.74457
10004 4.74454
10005 4.7445
10006 4.74447
10007 4.74443
10008 4.74439
10009 4.74436
10010 4.74432
10011 4.74429
10012 4.74425
10013 4.74422
10014 4.74418
10015 4.74414
10016 4.74411
10017 4.74407
10018 4.74404
10019 4.744
10020 4.74396
10021 4.74393
10022 4.74389
10023 4.74386
10024 4.74382
10025 4.74379
10026 4.74375
10027 4.74372
10028 4.74368
10029 4.74364
10030 4.74361
10031 4.74357
10032 4.74354
10033 4.7435
10034 4.74347
10035 4.74343
10036 4.74339
10037 4.74336
10038 4.74332
10039 4.74329
10040 4.74325
10041 4.74322
10042 4.74318
10043 4.74315
10044 4.74311
10045 4.74307
10046 4.74304
10047 4.743
10048 4.74297
10049 4.74293
10050 4.7429
10051 4.74286
10052 4.74283
10053 4.74279
10054 4.74276
10055 4.74272
10056 4.74268
10057 4.74265
10058 4.74261
10059 4.74258
10060 4.74254
10061 4.74251
10062 4.74247
10063 4.74244
10064 4.7424
10065 4.74237
10066 4.74233
10067 4.7423
10068 4.74226
10069 4.74222
10070 4.74219
10071 4.74215
10072 4.74212
10073 4.74208
10074 4.74205
10075 4.74201
10076 4.74198
10077 4.74194
10078 4.74191
10079 4.74187
10080 4.74184
10081 4.7418
10082 4.74177
10083 4.74173
10084 4.7417
10085 4.74166
10086 4.74163
10087 4.74159
10088 4.74155
10089 4.74152
10090 4.74148
10091 4.74145
10092 4.74141
10093 4.74138
10094 4.74134
10095 4.74131
10096 4.74127
10097 4.74124
10098 4.7412
10099 4.74117
10100 4.74113
10101 4.7411
10102 4.74106
10103 4.74103
10104 4.74099
10105 4.74096
10106 4.74092
10107 4.74089
10108 4.74085
10109 4.74082
10110 4.74078
10111 4.74075
10112 4.74071
10113 4.74068
10114 4.74064
10115 4.74061
10116 4.74057
10117 4.74054
10118 4.7405
10119 4.74047
10120 4.74043
10121 4.7404
10122 4.74036
10123 4.74033
10124 4.74029
10125 4.74026
10126 4.74022
10127 4.74019
10128 4.74015
10129 4.74012
10130 4.74008
10131 4.74005
10132 4.74001
10133 4.73998
10134 4.73995
10135 4.73991
10136 4.73988
10137 4.73984
10138 4.73981
10139 4.73977
10140 4.73974
10141 4.7397
10142 4.73967
10143 4.73963
10144 4.7396
10145 4.73956
10146 4.73953
10147 4.73949
10148 4.73946
10149 4.73942
10150 4.73939
10151 4.73935
10152 4.73932
10153 4.73929
10154 4.73925
10155 4.73922
10156 4.73918
10157 4.73915
10158 4.73911
10159 4.73908
10160 4.73904
10161 4.73901
10162 4.73897
10163 4.73894
10164 4.7389
10165 4.73887
10166 4.73884
10167 4.7388
10168 4.73877
10169 4.73873
10170 4.7387
10171 4.73866
10172 4.73863
10173 4.73859
10174 4.73856
10175 4.73852
10176 4.73849
10177 4.73846
10178 4.73842
10179 4.73839
10180 4.73835
10181 4.73832
10182 4.73828
10183 4.73825
10184 4.73821
10185 4.73818
10186 4.73815
10187 4.73811
10188 4.73808
10189 4.73804
10190 4.73801
10191 4.73797
10192 4.73794
10193 4.7379
10194 4.73787
10195 4.73784
10196 4.7378
10197 4.73777
10198 4.73773
10199 4.7377
10200 4.73766
10201 4.73763
10202 4.7376
10203 4.73756
10204 4.73753
10205 4.73749
10206 4.73746
10207 4.73742
10208 4.73739
10209 4.73736
10210 4.73732
10211 4.73729
10212 4.73725
10213 4.73722
10214 4.73718
10215 4.73715
10216 4.73712
10217 4.73708
10218 4.73705
10219 4.73701
10220 4.73698
10221 4.73695
10222 4.73691
10223 4.73688
10224 4.73684
10225 4.73681
10226 4.73677
10227 4.73674
10228 4.73671
10229 4.73667
10230 4.73664
10231 4.7366
10232 4.73657
10233 4.73654
10234 4.7365
10235 4.73647
10236 4.73643
10237 4.7364
10238 4.73637
10239 4.73633
10240 4.7363
10241 4.73626
10242 4.73623
10243 4.7362
10244 4.73616
10245 4.73613
10246 4.73609
10247 4.73606
10248 4.73603
10249 4.73599
10250 4.73596
10251 4.73592
10252 4.73589
10253 4.73586
10254 4.73582
10255 4.73579
10256 4.73575
10257 4.73572
10258 4.73569
10259 4.73565
10260 4.73562
10261 4.73558
10262 4.73555
10263 4.73552
10264 4.73548
10265 4.73545
10266 4.73542
10267 4.73538
10268 4.73535
10269 4.73531
10270 4.73528
10271 4.73525
10272 4.73521
10273 4.73518
10274 4.73515
10275 4.73511
10276 4.73508
10277 4.73504
10278 4.73501
10279 4.73498
10280 4.73494
10281 4.73491
10282 4.73488
10283 4.73484
10284 4.73481
10285 4.73477
10286 4.73474
10287 4.73471
10288 4.73467
10289 4.73464
10290 4.73461
10291 4.73457
10292 4.73454
10293 4.73451
10294 4.73447
10295 4.73444
10296 4.7344
10297 4.73437
10298 4.73434
10299 4.7343
10300 4.73427
10301 4.73424
10302 4.7342
10303 4.73417
10304 4.73414
10305 4.7341
10306 4.73407
10307 4.73404
10308 4.734
10309 4.73397
10310 4.73393
10311 4.7339
10312 4.73387
10313 4.73383
10314 4.7338
10315 4.73377
10316 4.73373
10317 4.7337
10318 4.73367
10319 4.73363
10320 4.7336
10321 4.73357
10322 4.73353
10323 4.7335
10324 4.73347
10325 4.73343
10326 4.7334
10327 4.73337
10328 4.73333
10329 4.7333
10330 4.73327
10331 4.73323
10332 4.7332
10333 4.73317
10334 4.73313
10335 4.7331
10336 4.73307
10337 4.73303
10338 4.733
10339 4.73297
10340 4.73293
10341 4.7329
10342 4.73287
10343 4.73283
10344 4.7328
10345 4.73277
10346 4.73273
10347 4.7327
10348 4.73267
10349 4.73263
10350 4.7326
10351 4.73257
10352 4.73253
10353 4.7325
10354 4.73247
10355 4.73243
10356 4.7324
10357 4.73237
10358 4.73233
10359 4.7323
10360 4.73227
10361 4.73224
10362 4.7322
10363 4.73217
10364 4.73214
10365 4.7321
10366 4.73207
10367 4.73204
10368 4.732
10369 4.73197
10370 4.73194
10371 4.7319
10372 4.73187
10373 4.73184
10374 4.73181
10375 4.73177
10376 4.73174
10377 4.73171
10378 4.73167
10379 4.73164
10380 4.73161
10381 4.73157
10382 4.73154
10383 4.73151
10384 4.73148
10385 4.73144
10386 4.73141
10387 4.73138
10388 4.73134
10389 4.73131
10390 4.73128
10391 4.73124
10392 4.73121
10393 4.73118
10394 4.73115
10395 4.73111
10396 4.73108
10397 4.73105
10398 4.73101
10399 4.73098
10400 4.73095
10401 4.73092
10402 4.73088
10403 4.73085
10404 4.73082
10405 4.73078
10406 4.73075
10407 4.73072
10408 4.73069
10409 4.73065
10410 4.73062
10411 4.73059
10412 4.73055
10413 4.73052
10414 4.73049
10415 4.73046
10416 4.73042
10417 4.73039
10418 4.73036
10419 4.73033
10420 4.73029
10421 4.73026
10422 4.73023
10423 4.73019
10424 4.73016
10425 4.73013
10426 4.7301
10427 4.73006
10428 4.73003
10429 4.73
10430 4.72997
10431 4.72993
10432 4.7299
10433 4.72987
10434 4.72983
10435 4.7298
10436 4.72977
10437 4.72974
10438 4.7297
10439 4.72967
10440 4.72964
10441 4.72961
10442 4.72957
10443 4.72954
10444 4.72951
10445 4.72948
10446 4.72944
10447 4.72941
10448 4.72938
10449 4.72935
10450 4.72931
10451 4.72928
10452 4.72925
10453 4.72922
10454 4.72918
10455 4.72915
10456 4.72912
10457 4.72909
10458 4.72905
10459 4.72902
10460 4.72899
10461 4.72896
10462 4.72892
10463 4.72889
10464 4.72886
10465 4.72883
10466 4.72879
10467 4.72876
10468 4.72873
10469 4.7287
10470 4.72866
10471 4.72863
10472 4.7286
10473 4.72857
10474 4.72854
10475 4.7285
10476 4.72847
10477 4.72844
10478 4.72841
10479 4.72837
10480 4.72834
10481 4.72831
10482 4.72828
10483 4.72824
10484 4.72821
10485 4.72818
10486 4.72815
10487 4.72812
10488 4.72808
10489 4.72805
10490 4.72802
10491 4.72799
10492 4.72795
10493 4.72792
10494 4.72789
10495 4.72786
10496 4.72783
10497 4.72779
10498 4.72776
10499 4.72773
10500 4.7277
10501 4.72766
10502 4.72763
10503 4.7276
10504 4.72757
10505 4.72754
10506 4.7275
10507 4.72747
10508 4.72744
10509 4.72741
10510 4.72737
10511 4.72734
10512 4.72731
10513 4.72728
10514 4.72725
10515 4.72721
10516 4.72718
10517 4.72715
10518 4.72712
10519 4.72709
10520 4.72705
10521 4.72702
10522 4.72699
10523 4.72696
10524 4.72693
10525 4.72689
10526 4.72686
10527 4.72683
10528 4.7268
10529 4.72677
10530 4.72673
10531 4.7267
10532 4.72667
10533 4.72664
10534 4.72661
10535 4.72657
10536 4.72654
10537 4.72651
10538 4.72648
10539 4.72645
10540 4.72641
10541 4.72638
10542 4.72635
10543 4.72632
10544 4.72629
10545 4.72626
10546 4.72622
10547 4.72619
10548 4.72616
10549 4.72613
10550 4.7261
10551 4.72606
10552 4.72603
10553 4.726
10554 4.72597
10555 4.72594
10556 4.7259
10557 4.72587
10558 4.72584
10559 4.72581
10560 4.72578
10561 4.72575
10562 4.72571
10563 4.72568
10564 4.72565
10565 4.72562
10566 4.72559
10567 4.72556
10568 4.72552
10569 4.72549
10570 4.72546
10571 4.72543
10572 4.7254
10573 4.72536
10574 4.72533
10575 4.7253
10576 4.72527
10577 4.72524
10578 4.72521
10579 4.72517
10580 4.72514
10581 4.72511
10582 4.72508
10583 4.72505
10584 4.72502
10585 4.72499
10586 4.72495
10587 4.72492
10588 4.72489
10589 4.72486
10590 4.72483
10591 4.7248
10592 4.72476
10593 4.72473
10594 4.7247
10595 4.72467
10596 4.72464
10597 4.72461
10598 4.72457
10599 4.72454
10600 4.72451
10601 4.72448
10602 4.72445
10603 4.72442
10604 4.72439
10605 4.72435
10606 4.72432
10607 4.72429
10608 4.72426
10609 4.72423
10610 4.7242
10611 4.72417
10612 4.72413
10613 4.7241
10614 4.72407
10615 4.72404
10616 4.72401
10617 4.72398
10618 4.72395
10619 4.72391
10620 4.72388
10621 4.72385
10622 4.72382
10623 4.72379
10624 4.72376
10625 4.72373
10626 4.72369
10627 4.72366
10628 4.72363
10629 4.7236
10630 4.72357
10631 4.72354
10632 4.72351
10633 4.72347
10634 4.72344
10635 4.72341
10636 4.72338
10637 4.72335
10638 4.72332
10639 4.72329
10640 4.72326
10641 4.72322
10642 4.72319
10643 4.72316
10644 4.72313
10645 4.7231
10646 4.72307
10647 4.72304
10648 4.72301
10649 4.72297
10650 4.72294
10651 4.72291
10652 4.72288
10653 4.72285
10654 4.72282
10655 4.72279
10656 4.72276
10657 4.72273
10658 4.72269
10659 4.72266
10660 4.72263
10661 4.7226
10662 4.72257
10663 4.72254
10664 4.72251
10665 4.72248
10666 4.72245
10667 4.72241
10668 4.72238
10669 4.72235
10670 4.72232
10671 4.72229
10672 4.72226
10673 4.72223
10674 4.7222
10675 4.72217
10676 4.72213
10677 4.7221
10678 4.72207
10679 4.72204
10680 4.72201
10681 4.72198
10682 4.72195
10683 4.72192
10684 4.72189
10685 4.72186
10686 4.72182
10687 4.72179
10688 4.72176
10689 4.72173
10690 4.7217
10691 4.72167
10692 4.72164
10693 4.72161
10694 4.72158
10695 4.72155
10696 4.72151
10697 4.72148
10698 4.72145
10699 4.72142
10700 4.72139
10701 4.72136
10702 4.72133
10703 4.7213
10704 4.72127
10705 4.72124
10706 4.72121
10707 4.72118
10708 4.72114
10709 4.72111
10710 4.72108
10711 4.72105
10712 4.72102
10713 4.72099
10714 4.72096
10715 4.72093
10716 4.7209
10717 4.72087
10718 4.72084
10719 4.72081
10720 4.72077
10721 4.72074
10722 4.72071
10723 4.72068
10724 4.72065
10725 4.72062
10726 4.72059
10727 4.72056
10728 4.72053
10729 4.7205
10730 4.72047
10731 4.72044
10732 4.72041
10733 4.72038
10734 4.72034
10735 4.72031
10736 4.72028
10737 4.72025
10738 4.72022
10739 4.72019
10740 4.72016
10741 4.72013
10742 4.7201
10743 4.72007
10744 4.72004
10745 4.72001
10746 4.71998
10747 4.71995
10748 4.71992
10749 4.71989
10750 4.71985
10751 4.71982
10752 4.71979
10753 4.71976
10754 4.71973
10755 4.7197
10756 4.71967
10757 4.71964
10758 4.71961
10759 4.71958
10760 4.71955
10761 4.71952
10762 4.71949
10763 4.71946
10764 4.71943
10765 4.7194
10766 4.71937
10767 4.71934
10768 4.71931
10769 4.71927
10770 4.71924
10771 4.71921
10772 4.71918
10773 4.71915
10774 4.71912
10775 4.71909
10776 4.71906
10777 4.71903
10778 4.719
10779 4.71897
10780 4.71894
10781 4.71891
10782 4.71888
10783 4.71885
10784 4.71882
10785 4.71879
10786 4.71876
10787 4.71873
10788 4.7187
10789 4.71867
10790 4.71864
10791 4.71861
10792 4.71858
10793 4.71855
10794 4.71851
10795 4.71848
10796 4.71845
10797 4.71842
10798 4.71839
10799 4.71836
10800 4.71833
10801 4.7183
10802 4.71827
10803 4.71824
10804 4.71821
10805 4.71818
10806 4.71815
10807 4.71812
10808 4.71809
10809 4.71806
10810 4.71803
10811 4.718
10812 4.71797
10813 4.71794
10814 4.71791
10815 4.71788
10816 4.71785
10817 4.71782
10818 4.71779
10819 4.71776
10820 4.71773
10821 4.7177
10822 4.71767
10823 4.71764
10824 4.71761
10825 4.71758
10826 4.71755
10827 4.71752
10828 4.71749
10829 4.71746
10830 4.71743
10831 4.7174
10832 4.71737
10833 4.71734
10834 4.71731
10835 4.71728
10836 4.71725
10837 4.71722
10838 4.71719
10839 4.71716
10840 4.71713
10841 4.7171
10842 4.71707
10843 4.71704
10844 4.71701
10845 4.71698
10846 4.71695
10847 4.71692
10848 4.71689
10849 4.71686
10850 4.71683
10851 4.7168
10852 4.71677
10853 4.71674
10854 4.71671
10855 4.71668
10856 4.71665
10857 4.71662
10858 4.71659
10859 4.71656
10860 4.71653
10861 4.7165
10862 4.71647
10863 4.71644
10864 4.71641
10865 4.71638
10866 4.71635
10867 4.71632
10868 4.71629
10869 4.71626
10870 4.71623
10871 4.7162
10872 4.71617
10873 4.71614
10874 4.71611
10875 4.71608
10876 4.71605
10877 4.71602
10878 4.71599
10879 4.71596
10880 4.71593
10881 4.7159
10882 4.71587
10883 4.71584
10884 4.71581
10885 4.71578
10886 4.71575
10887 4.71572
10888 4.71569
10889 4.71566
10890 4.71563
10891 4.7156
10892 4.71557
10893 4.71554
10894 4.71551
10895 4.71548
10896 4.71545
10897 4.71542
10898 4.71539
10899 4.71536
10900 4.71533
10901 4.71531
10902 4.71528
10903 4.71525
10904 4.71522
10905 4.71519
10906 4.71516
10907 4.71513
10908 4.7151
10909 4.71507
10910 4.71504
10911 4.71501
10912 4.71498
10913 4.71495
10914 4.71492
10915 4.71489
10916 4.71486
10917 4.71483
10918 4.7148
10919 4.71477
10920 4.71474
10921 4.71471
10922 4.71468
10923 4.71465
10924 4.71462
10925 4.71459
10926 4.71456
10927 4.71454
10928 4.71451
10929 4.71448
10930 4.71445
10931 4.71442
10932 4.71439
10933 4.71436
10934 4.71433
10935 4.7143
10936 4.71427
10937 4.71424
10938 4.71421
10939 4.71418
10940 4.71415
10941 4.71412
10942 4.71409
10943 4.71406
10944 4.71403
10945 4.714
10946 4.71398
10947 4.71395
10948 4.71392
10949 4.71389
10950 4.71386
10951 4.71383
10952 4.7138
10953 4.71377
10954 4.71374
10955 4.71371
10956 4.71368
10957 4.71365
10958 4.71362
10959 4.71359
10960 4.71356
10961 4.71353
10962 4.71351
10963 4.71348
10964 4.71345
10965 4.71342
10966 4.71339
10967 4.71336
10968 4.71333
10969 4.7133
10970 4.71327
10971 4.71324
10972 4.71321
10973 4.71318
10974 4.71315
10975 4.71312
10976 4.7131
10977 4.71307
10978 4.71304
10979 4.71301
10980 4.71298
10981 4.71295
10982 4.71292
10983 4.71289
10984 4.71286
10985 4.71283
10986 4.7128
10987 4.71277
10988 4.71274
10989 4.71272
10990 4.71269
10991 4.71266
10992 4.71263
10993 4.7126
10994 4.71257
10995 4.71254
10996 4.71251
10997 4.71248
10998 4.71245
10999 4.71242
11000 4.71239
11001 4.71237
11002 4.71234
11003 4.71231
11004 4.71228
11005 4.71225
11006 4.71222
11007 4.71219
11008 4.71216
11009 4.71213
11010 4.7121
11011 4.71207
11012 4.71205
11013 4.71202
11014 4.71199
11015 4.71196
11016 4.71193
11017 4.7119
11018 4.71187
11019 4.71184
11020 4.71181
11021 4.71178
11022 4.71176
11023 4.71173
11024 4.7117
11025 4.71167
11026 4.71164
11027 4.71161
11028 4.71158
11029 4.71155
11030 4.71152
11031 4.71149
11032 4.71147
11033 4.71144
11034 4.71141
11035 4.71138
11036 4.71135
11037 4.71132
11038 4.71129
11039 4.71126
11040 4.71123
11041 4.7112
11042 4.71118
11043 4.71115
11044 4.71112
11045 4.71109
11046 4.71106
11047 4.71103
11048 4.711
11049 4.71097
11050 4.71095
11051 4.71092
11052 4.71089
11053 4.71086
11054 4.71083
11055 4.7108
11056 4.71077
11057 4.71074
11058 4.71071
11059 4.71069
11060 4.71066
11061 4.71063
11062 4.7106
11063 4.71057
11064 4.71054
11065 4.71051
11066 4.71048
11067 4.71046
11068 4.71043
11069 4.7104
11070 4.71037
11071 4.71034
11072 4.71031
11073 4.71028
11074 4.71025
11075 4.71023
11076 4.7102
11077 4.71017
11078 4.71014
11079 4.71011
11080 4.71008
11081 4.71005
11082 4.71002
11083 4.71
11084 4.70997
11085 4.70994
11086 4.70991
11087 4.70988
11088 4.70985
11089 4.70982
11090 4.7098
11091 4.70977
11092 4.70974
11093 4.70971
11094 4.70968
11095 4.70965
11096 4.70962
11097 4.7096
11098 4.70957
11099 4.70954
11100 4.70951
11101 4.70948
11102 4.70945
11103 4.70942
11104 4.7094
11105 4.70937
11106 4.70934
11107 4.70931
11108 4.70928
11109 4.70925
11110 4.70922
11111 4.7092
11112 4.70917
11113 4.70914
11114 4.70911
11115 4.70908
11116 4.70905
11117 4.70902
11118 4.709
11119 4.70897
11120 4.70894
11121 4.70891
11122 4.70888
11123 4.70885
11124 4.70882
11125 4.7088
11126 4.70877
11127 4.70874
11128 4.70871
11129 4.70868
11130 4.70865
11131 4.70863
11132 4.7086
11133 4.70857
11134 4.70854
11135 4.70851
11136 4.70848
11137 4.70846
11138 4.70843
11139 4.7084
11140 4.70837
11141 4.70834
11142 4.70831
11143 4.70829
11144 4.70826
11145 4.70823
11146 4.7082
11147 4.70817
11148 4.70814
11149 4.70812
11150 4.70809
11151 4.70806
11152 4.70803
11153 4.708
11154 4.70797
11155 4.70795
11156 4.70792
11157 4.70789
11158 4.70786
11159 4.70783
11160 4.7078
11161 4.70778
11162 4.70775
11163 4.70772
11164 4.70769
11165 4.70766
11166 4.70763
11167 4.70761
11168 4.70758
11169 4.70755
11170 4.70752
11171 4.70749
11172 4.70747
11173 4.70744
11174 4.70741
11175 4.70738
11176 4.70735
11177 4.70732
11178 4.7073
11179 4.70727
11180 4.70724
11181 4.70721
11182 4.70718
11183 4.70716
11184 4.70713
11185 4.7071
11186 4.70707
11187 4.70704
11188 4.70701
11189 4.70699
11190 4.70696
11191 4.70693
11192 4.7069
11193 4.70687
11194 4.70685
11195 4.70682
11196 4.70679
11197 4.70676
11198 4.70673
11199 4.70671
11200 4.70668
11201 4.70665
11202 4.70662
11203 4.70659
11204 4.70657
11205 4.70654
11206 4.70651
11207 4.70648
11208 4.70645
11209 4.70643
11210 4.7064
11211 4.70637
11212 4.70634
11213 4.70631
11214 4.70629
11215 4.70626
11216 4.70623
11217 4.7062
11218 4.70617
11219 4.70615
11220 4.70612
11221 4.70609
11222 4.70606
11223 4.70603
11224 4.70601
11225 4.70598
11226 4.70595
11227 4.70592
11228 4.70589
11229 4.70587
11230 4.70584
11231 4.70581
11232 4.70578
11233 4.70575
11234 4.70573
11235 4.7057
11236 4.70567
11237 4.70564
11238 4.70562
11239 4.70559
11240 4.70556
11241 4.70553
11242 4.7055
11243 4.70548
11244 4.70545
11245 4.70542
11246 4.70539
11247 4.70536
11248 4.70534
11249 4.70531
11250 4.70528
11251 4.70525
11252 4.70523
11253 4.7052
11254 4.70517
11255 4.70514
11256 4.70511
11257 4.70509
11258 4.70506
11259 4.70503
11260 4.705
11261 4.70498
11262 4.70495
11263 4.70492
11264 4.70489
11265 4.70486
11266 4.70484
11267 4.70481
11268 4.70478
11269 4.70475
11270 4.70473
11271 4.7047
11272 4.70467
11273 4.70464
11274 4.70462
11275 4.70459
11276 4.70456
11277 4.70453
11278 4.7045
11279 4.70448
11280 4.70445
11281 4.70442
11282 4.70439
11283 4.70437
11284 4.70434
11285 4.70431
11286 4.70428
11287 4.70426
11288 4.70423
11289 4.7042
11290 4.70417
11291 4.70415
11292 4.70412
11293 4.70409
11294 4.70406
11295 4.70404
11296 4.70401
11297 4.70398
11298 4.70395
11299 4.70392
11300 4.7039
11301 4.70387
11302 4.70384
11303 4.70381
11304 4.70379
11305 4.70376
11306 4.70373
11307 4.7037
11308 4.70368
11309 4.70365
11310 4.70362
11311 4.70359
11312 4.70357
11313 4.70354
11314 4.70351
11315 4.70348
11316 4.70346
11317 4.70343
11318 4.7034
11319 4.70337
11320 4.70335
11321 4.70332
11322 4.70329
11323 4.70326
11324 4.70324
11325 4.70321
11326 4.70318
11327 4.70316
11328 4.70313
11329 4.7031
11330 4.70307
11331 4.70305
11332 4.70302
11333 4.70299
11334 4.70296
11335 4.70294
11336 4.70291
11337 4.70288
11338 4.70285
11339 4.70283
11340 4.7028
11341 4.70277
11342 4.70274
11343 4.70272
11344 4.70269
11345 4.70266
11346 4.70264
11347 4.70261
11348 4.70258
11349 4.70255
11350 4.70253
11351 4.7025
11352 4.70247
11353 4.70244
11354 4.70242
11355 4.70239
11356 4.70236
11357 4.70233
11358 4.70231
11359 4.70228
11360 4.70225
11361 4.70223
11362 4.7022
11363 4.70217
11364 4.70214
11365 4.70212
11366 4.70209
11367 4.70206
11368 4.70204
11369 4.70201
11370 4.70198
11371 4.70195
11372 4.70193
11373 4.7019
11374 4.70187
11375 4.70184
11376 4.70182
11377 4.70179
11378 4.70176
11379 4.70174
11380 4.70171
11381 4.70168
11382 4.70165
11383 4.70163
11384 4.7016
11385 4.70157
11386 4.70155
11387 4.70152
11388 4.70149
11389 4.70146
11390 4.70144
11391 4.70141
11392 4.70138
11393 4.70136
11394 4.70133
11395 4.7013
11396 4.70127
11397 4.70125
11398 4.70122
11399 4.70119
11400 4.70117
11401 4.70114
11402 4.70111
11403 4.70109
11404 4.70106
11405 4.70103
11406 4.701
11407 4.70098
11408 4.70095
11409 4.70092
11410 4.7009
11411 4.70087
11412 4.70084
11413 4.70081
11414 4.70079
11415 4.70076
11416 4.70073
11417 4.70071
11418 4.70068
11419 4.70065
11420 4.70063
11421 4.7006
11422 4.70057
11423 4.70055
11424 4.70052
11425 4.70049
11426 4.70046
11427 4.70044
11428 4.70041
11429 4.70038
11430 4.70036
11431 4.70033
11432 4.7003
11433 4.70028
11434 4.70025
11435 4.70022
11436 4.7002
11437 4.70017
11438 4.70014
11439 4.70011
11440 4.70009
11441 4.70006
11442 4.70003
11443 4.70001
11444 4.69998
11445 4.69995
11446 4.69993
11447 4.6999
11448 4.69987
11449 4.69985
11450 4.69982
11451 4.69979
11452 4.69977
11453 4.69974
11454 4.69971
11455 4.69968
11456 4.69966
11457 4.69963
11458 4.6996
11459 4.69958
11460 4.69955
11461 4.69952
11462 4.6995
11463 4.69947
11464 4.69944
11465 4.69942
11466 4.69939
11467 4.69936
11468 4.69934
11469 4.69931
11470 4.69928
11471 4.69926
11472 4.69923
11473 4.6992
11474 4.69918
11475 4.69915
11476 4.69912
11477 4.6991
11478 4.69907
11479 4.69904
11480 4.69902
11481 4.69899
11482 4.69896
11483 4.69894
11484 4.69891
11485 4.69888
11486 4.69886
11487 4.69883
11488 4.6988
11489 4.69878
11490 4.69875
11491 4.69872
11492 4.6987
11493 4.69867
11494 4.69864
11495 4.69862
11496 4.69859
11497 4.69856
11498 4.69854
11499 4.69851
11500 4.69848
11501 4.69846
11502 4.69843
11503 4.6984
11504 4.69838
11505 4.69835
11506 4.69832
11507 4.6983
11508 4.69827
11509 4.69824
11510 4.69822
11511 4.69819
11512 4.69816
11513 4.69814
11514 4.69811
11515 4.69808
11516 4.69806
11517 4.69803
11518 4.69801
11519 4.69798
11520 4.69795
11521 4.69793
11522 4.6979
11523 4.69787
11524 4.69785
11525 4.69782
11526 4.69779
11527 4.69777
11528 4.69774
11529 4.69771
11530 4.69769
11531 4.69766
11532 4.69763
11533 4.69761
11534 4.69758
11535 4.69755
11536 4.69753
11537 4.6975
11538 4.69748
11539 4.69745
11540 4.69742
11541 4.6974
11542 4.69737
11543 4.69734
11544 4.69732
11545 4.69729
11546 4.69726
11547 4.69724
11548 4.69721
11549 4.69719
11550 4.69716
11551 4.69713
11552 4.69711
11553 4.69708
11554 4.69705
11555 4.69703
11556 4.697
11557 4.69697
11558 4.69695
11559 4.69692
11560 4.6969
11561 4.69687
11562 4.69684
11563 4.69682
11564 4.69679
11565 4.69676
11566 4.69674
11567 4.69671
11568 4.69668
11569 4.69666
11570 4.69663
11571 4.69661
11572 4.69658
11573 4.69655
11574 4.69653
11575 4.6965
11576 4.69647
11577 4.69645
11578 4.69642
11579 4.6964
11580 4.69637
11581 4.69634
11582 4.69632
11583 4.69629
11584 4.69626
11585 4.69624
11586 4.69621
11587 4.69619
11588 4.69616
11589 4.69613
11590 4.69611
11591 4.69608
11592 4.69606
11593 4.69603
11594 4.696
11595 4.69598
11596 4.69595
11597 4.69592
11598 4.6959
11599 4.69587
11600 4.69585
11601 4.69582
11602 4.69579
11603 4.69577
11604 4.69574
11605 4.69572
11606 4.69569
11607 4.69566
11608 4.69564
11609 4.69561
11610 4.69558
11611 4.69556
11612 4.69553
11613 4.69551
11614 4.69548
11615 4.69545
11616 4.69543
11617 4.6954
11618 4.69538
11619 4.69535
11620 4.69532
11621 4.6953
11622 4.69527
11623 4.69525
11624 4.69522
11625 4.69519
11626 4.69517
11627 4.69514
11628 4.69512
11629 4.69509
11630 4.69506
11631 4.69504
11632 4.69501
11633 4.69499
11634 4.69496
11635 4.69493
11636 4.69491
11637 4.69488
11638 4.69486
11639 4.69483
11640 4.6948
11641 4.69478
11642 4.69475
11643 4.69473
11644 4.6947
11645 4.69467
11646 4.69465
11647 4.69462
11648 4.6946
11649 4.69457
11650 4.69454
11651 4.69452
11652 4.69449
11653 4.69447
11654 4.69444
11655 4.69441
11656 4.69439
11657 4.69436
11658 4.69434
11659 4.69431
11660 4.69428
11661 4.69426
11662 4.69423
11663 4.69421
11664 4.69418
11665 4.69416
11666 4.69413
11667 4.6941
11668 4.69408
11669 4.69405
11670 4.69403
11671 4.694
11672 4.69397
11673 4.69395
11674 4.69392
11675 4.6939
11676 4.69387
11677 4.69385
11678 4.69382
11679 4.69379
11680 4.69377
11681 4.69374
11682 4.69372
11683 4.69369
11684 4.69366
11685 4.69364
11686 4.69361
11687 4.69359
11688 4.69356
11689 4.69354
11690 4.69351
11691 4.69348
11692 4.69346
11693 4.69343
11694 4.69341
11695 4.69338
11696 4.69336
11697 4.69333
11698 4.6933
11699 4.69328
11700 4.69325
11701 4.69323
11702 4.6932
11703 4.69318
11704 4.69315
11705 4.69312
11706 4.6931
11707 4.69307
11708 4.69305
11709 4.69302
11710 4.693
11711 4.69297
11712 4.69294
11713 4.69292
11714 4.69289
11715 4.69287
11716 4.69284
11717 4.69282
11718 4.69279
11719 4.69276
11720 4.69274
11721 4.69271
11722 4.69269
11723 4.69266
11724 4.69264
11725 4.69261
11726 4.69259
11727 4.69256
11728 4.69253
11729 4.69251
11730 4.69248
11731 4.69246
11732 4.69243
11733 4.69241
11734 4.69238
11735 4.69235
11736 4.69233
11737 4.6923
11738 4.69228
11739 4.69225
11740 4.69223
11741 4.6922
11742 4.69218
11743 4.69215
11744 4.69212
11745 4.6921
11746 4.69207
11747 4.69205
11748 4.69202
11749 4.692
11750 4.69197
11751 4.69195
11752 4.69192
11753 4.6919
11754 4.69187
11755 4.69184
11756 4.69182
11757 4.69179
11758 4.69177
11759 4.69174
11760 4.69172
11761 4.69169
11762 4.69167
11763 4.69164
11764 4.69162
11765 4.69159
11766 4.69156
11767 4.69154
11768 4.69151
11769 4.69149
11770 4.69146
11771 4.69144
11772 4.69141
11773 4.69139
11774 4.69136
11775 4.69134
11776 4.69131
11777 4.69128
11778 4.69126
11779 4.69123
11780 4.69121
11781 4.69118
11782 4.69116
11783 4.69113
11784 4.69111
11785 4.69108
11786 4.69106
11787 4.69103
11788 4.69101
11789 4.69098
11790 4.69095
11791 4.69093
11792 4.6909
11793 4.69088
11794 4.69085
11795 4.69083
11796 4.6908
11797 4.69078
11798 4.69075
11799 4.69073
11800 4.6907
11801 4.69068
11802 4.69065
11803 4.69063
11804 4.6906
11805 4.69058
11806 4.69055
11807 4.69052
11808 4.6905
11809 4.69047
11810 4.69045
11811 4.69042
11812 4.6904
11813 4.69037
11814 4.69035
11815 4.69032
11816 4.6903
11817 4.69027
11818 4.69025
11819 4.69022
11820 4.6902
11821 4.69017
11822 4.69015
11823 4.69012
11824 4.6901
11825 4.69007
11826 4.69005
11827 4.69002
11828 4.68999
11829 4.68997
11830 4.68994
11831 4.68992
11832 4.68989
11833 4.68987
11834 4.68984
11835 4.68982
11836 4.68979
11837 4.68977
11838 4.68974
11839 4.68972
11840 4.68969
11841 4.68967
11842 4.68964
11843 4.68962
11844 4.68959
11845 4.68957
11846 4.68954
11847 4.68952
11848 4.68949
11849 4.68947
11850 4.68944
11851 4.68942
11852 4.68939
11853 4.68937
11854 4.68934
11855 4.68932
11856 4.68929
11857 4.68927
11858 4.68924
11859 4.68922
11860 4.68919
11861 4.68917
11862 4.68914
11863 4.68912
11864 4.68909
11865 4.68907
11866 4.68904
11867 4.68902
11868 4.68899
11869 4.68897
11870 4.68894
11871 4.68892
11872 4.68889
11873 4.68887
11874 4.68884
11875 4.68882
11876 4.68879
11877 4.68877
11878 4.68874
11879 4.68872
11880 4.68869
11881 4.68867
11882 4.68864
11883 4.68862
11884 4.68859
11885 4.68857
11886 4.68854
11887 4.68852
11888 4.68849
11889 4.68847
11890 4.68844
11891 4.68842
11892 4.68839
11893 4.68837
11894 4.68834
11895 4.68832
11896 4.68829
11897 4.68827
11898 4.68824
11899 4.68822
11900 4.68819
11901 4.68817
11902 4.68814
11903 4.68812
11904 4.68809
11905 4.68807
11906 4.68804
11907 4.68802
11908 4.68799
11909 4.68797
11910 4.68794
11911 4.68792
11912 4.68789
11913 4.68787
11914 4.68784
11915 4.68782
11916 4.68779
11917 4.68777
11918 4.68774
11919 4.68772
11920 4.68769
11921 4.68767
11922 4.68764
11923 4.68762
11924 4.68759
11925 4.68757
11926 4.68755
11927 4.68752
11928 4.6875
11929 4.68747
11930 4.68745
11931 4.68742
11932 4.6874
11933 4.68737
11934 4.68735
11935 4.68732
11936 4.6873
11937 4.68727
11938 4.68725
11939 4.68722
11940 4.6872
11941 4.68717
11942 4.68715
11943 4.68712
11944 4.6871
11945 4.68707
11946 4.68705
11947 4.68703
11948 4.687
11949 4.68698
11950 4.68695
11951 4.68693
11952 4.6869
11953 4.68688
11954 4.68685
11955 4.68683
11956 4.6868
11957 4.68678
11958 4.68675
11959 4.68673
11960 4.6867
11961 4.68668
11962 4.68666
11963 4.68663
11964 4.68661
11965 4.68658
11966 4.68656
11967 4.68653
11968 4.68651
11969 4.68648
11970 4.68646
11971 4.68643
11972 4.68641
11973 4.68638
11974 4.68636
11975 4.68633
11976 4.68631
11977 4.68629
11978 4.68626
11979 4.68624
11980 4.68621
11981 4.68619
11982 4.68616
11983 4.68614
11984 4.68611
11985 4.68609
11986 4.68606
11987 4.68604
11988 4.68602
11989 4.68599
11990 4.68597
11991 4.68594
11992 4.68592
11993 4.68589
11994 4.68587
11995 4.68584
11996 4.68582
11997 4.68579
11998 4.68577
11999 4.68575
12000 4.68572
12001 4.6857
12002 4.68567
12003 4.68565
12004 4.68562
12005 4.6856
12006 4.68557
12007 4.68555
12008 4.68552
12009 4.6855
12010 4.68548
12011 4.68545
12012 4.68543
12013 4.6854
12014 4.68538
12015 4.68535
12016 4.68533
12017 4.6853
12018 4.68528
12019 4.68526
12020 4.68523
12021 4.68521
12022 4.68518
12023 4.68516
12024 4.68513
12025 4.68511
12026 4.68508
12027 4.68506
12028 4.68504
12029 4.68501
12030 4.68499
12031 4.68496
12032 4.68494
12033 4.68491
12034 4.68489
12035 4.68487
12036 4.68484
12037 4.68482
12038 4.68479
12039 4.68477
12040 4.68474
12041 4.68472
12042 4.68469
12043 4.68467
12044 4.68465
12045 4.68462
12046 4.6846
12047 4.68457
12048 4.68455
12049 4.68452
12050 4.6845
12051 4.68448
12052 4.68445
12053 4.68443
12054 4.6844
12055 4.68438
12056 4.68435
12057 4.68433
12058 4.68431
12059 4.68428
12060 4.68426
12061 4.68423
12062 4.68421
12063 4.68418
12064 4.68416
12065 4.68414
12066 4.68411
12067 4.68409
12068 4.68406
12069 4.68404
12070 4.68401
12071 4.68399
12072 4.68397
12073 4.68394
12074 4.68392
12075 4.68389
12076 4.68387
12077 4.68384
12078 4.68382
12079 4.6838
12080 4.68377
12081 4.68375
12082 4.68372
12083 4.6837
12084 4.68367
12085 4.68365
12086 4.68363
12087 4.6836
12088 4.68358
12089 4.68355
12090 4.68353
12091 4.68351
12092 4.68348
12093 4.68346
12094 4.68343
12095 4.68341
12096 4.68338
12097 4.68336
12098 4.68334
12099 4.68331
12100 4.68329
12101 4.68326
12102 4.68324
12103 4.68322
12104 4.68319
12105 4.68317
12106 4.68314
12107 4.68312
12108 4.68309
12109 4.68307
12110 4.68305
12111 4.68302
12112 4.683
12113 4.68297
12114 4.68295
12115 4.68293
12116 4.6829
12117 4.68288
12118 4.68285
12119 4.68283
12120 4.68281
12121 4.68278
12122 4.68276
12123 4.68273
12124 4.68271
12125 4.68269
12126 4.68266
12127 4.68264
12128 4.68261
12129 4.68259
12130 4.68257
12131 4.68254
12132 4.68252
12133 4.68249
12134 4.68247
12135 4.68245
12136 4.68242
12137 4.6824
12138 4.68237
12139 4.68235
12140 4.68233
12141 4.6823
12142 4.68228
12143 4.68225
12144 4.68223
12145 4.68221
12146 4.68218
12147 4.68216
12148 4.68213
12149 4.68211
12150 4.68209
12151 4.68206
12152 4.68204
12153 4.68201
12154 4.68199
12155 4.68197
12156 4.68194
12157 4.68192
12158 4.68189
12159 4.68187
12160 4.68185
12161 4.68182
12162 4.6818
12163 4.68177
12164 4.68175
12165 4.68173
12166 4.6817
12167 4.68168
12168 4.68165
12169 4.68163
12170 4.68161
12171 4.68158
12172 4.68156
12173 4.68153
12174 4.68151
12175 4.68149
12176 4.68146
12177 4.68144
12178 4.68142
12179 4.68139
12180 4.68137
12181 4.68134
12182 4.68132
12183 4.6813
12184 4.68127
12185 4.68125
12186 4.68122
12187 4.6812
12188 4.68118
12189 4.68115
12190 4.68113
12191 4.68111
12192 4.68108
12193 4.68106
12194 4.68103
12195 4.68101
12196 4.68099
12197 4.68096
12198 4.68094
12199 4.68092
12200 4.68089
12201 4.68087
12202 4.68084
12203 4.68082
12204 4.6808
12205 4.68077
12206 4.68075
12207 4.68073
12208 4.6807
12209 4.68068
12210 4.68065
12211 4.68063
12212 4.68061
12213 4.68058
12214 4.68056
12215 4.68054
12216 4.68051
12217 4.68049
12218 4.68046
12219 4.68044
12220 4.68042
12221 4.68039
12222 4.68037
12223 4.68035
12224 4.68032
12225 4.6803
12226 4.68027
12227 4.68025
12228 4.68023
12229 4.6802
12230 4.68018
12231 4.68016
12232 4.68013
12233 4.68011
12234 4.68008
12235 4.68006
12236 4.68004
12237 4.68001
12238 4.67999
12239 4.67997
12240 4.67994
12241 4.67992
12242 4.6799
12243 4.67987
12244 4.67985
12245 4.67982
12246 4.6798
12247 4.67978
12248 4.67975
12249 4.67973
12250 4.67971
12251 4.67968
12252 4.67966
12253 4.67964
12254 4.67961
12255 4.67959
12256 4.67956
12257 4.67954
12258 4.67952
12259 4.67949
12260 4.67947
12261 4.67945
12262 4.67942
12263 4.6794
12264 4.67938
12265 4.67935
12266 4.67933
12267 4.67931
12268 4.67928
12269 4.67926
12270 4.67923
12271 4.67921
12272 4.67919
12273 4.67916
12274 4.67914
12275 4.67912
12276 4.67909
12277 4.67907
12278 4.67905
12279 4.67902
12280 4.679
12281 4.67898
12282 4.67895
12283 4.67893
12284 4.67891
12285 4.67888
12286 4.67886
12287 4.67884
12288 4.67881
12289 4.67879
12290 4.67876
12291 4.67874
12292 4.67872
12293 4.67869
12294 4.67867
12295 4.67865
12296 4.67862
12297 4.6786
12298 4.67858
12299 4.67855
12300 4.67853
12301 4.67851
12302 4.67848
12303 4.67846
12304 4.67844
12305 4.67841
12306 4.67839
12307 4.67837
12308 4.67834
12309 4.67832
12310 4.6783
12311 4.67827
12312 4.67825
12313 4.67823
12314 4.6782
12315 4.67818
12316 4.67816
12317 4.67813
12318 4.67811
12319 4.67809
12320 4.67806
12321 4.67804
12322 4.67802
12323 4.67799
12324 4.67797
12325 4.67795
12326 4.67792
12327 4.6779
12328 4.67787
12329 4.67785
12330 4.67783
12331 4.6778
12332 4.67778
12333 4.67776
12334 4.67773
12335 4.67771
12336 4.67769
12337 4.67766
12338 4.67764
12339 4.67762
12340 4.6776
12341 4.67757
12342 4.67755
12343 4.67753
12344 4.6775
12345 4.67748
12346 4.67746
12347 4.67743
12348 4.67741
12349 4.67739
12350 4.67736
12351 4.67734
12352 4.67732
12353 4.67729
12354 4.67727
12355 4.67725
12356 4.67722
12357 4.6772
12358 4.67718
12359 4.67715
12360 4.67713
12361 4.67711
12362 4.67708
12363 4.67706
12364 4.67704
12365 4.67701
12366 4.67699
12367 4.67697
12368 4.67694
12369 4.67692
12370 4.6769
12371 4.67687
12372 4.67685
12373 4.67683
12374 4.6768
12375 4.67678
12376 4.67676
12377 4.67673
12378 4.67671
12379 4.67669
12380 4.67667
12381 4.67664
12382 4.67662
12383 4.6766
12384 4.67657
12385 4.67655
12386 4.67653
12387 4.6765
12388 4.67648
12389 4.67646
12390 4.67643
12391 4.67641
12392 4.67639
12393 4.67636
12394 4.67634
12395 4.67632
12396 4.67629
12397 4.67627
12398 4.67625
12399 4.67623
12400 4.6762
12401 4.67618
12402 4.67616
12403 4.67613
12404 4.67611
12405 4.67609
12406 4.67606
12407 4.67604
12408 4.67602
12409 4.67599
12410 4.67597
12411 4.67595
12412 4.67593
12413 4.6759
12414 4.67588
12415 4.67586
12416 4.67583
12417 4.67581
12418 4.67579
12419 4.67576
12420 4.67574
12421 4.67572
12422 4.67569
12423 4.67567
12424 4.67565
12425 4.67563
12426 4.6756
12427 4.67558
12428 4.67556
12429 4.67553
12430 4.67551
12431 4.67549
12432 4.67546
12433 4.67544
12434 4.67542
12435 4.6754
12436 4.67537
12437 4.67535
12438 4.67533
12439 4.6753
12440 4.67528
12441 4.67526
12442 4.67523
12443 4.67521
12444 4.67519
12445 4.67517
12446 4.67514
12447 4.67512
12448 4.6751
12449 4.67507
12450 4.67505
12451 4.67503
12452 4.675
12453 4.67498
12454 4.67496
12455 4.67494
12456 4.67491
12457 4.67489
12458 4.67487
12459 4.67484
12460 4.67482
12461 4.6748
12462 4.67478
12463 4.67475
12464 4.67473
12465 4.67471
12466 4.67468
12467 4.67466
12468 4.67464
12469 4.67462
12470 4.67459
12471 4.67457
12472 4.67455
12473 4.67452
12474 4.6745
12475 4.67448
12476 4.67446
12477 4.67443
12478 4.67441
12479 4.67439
12480 4.67436
12481 4.67434
12482 4.67432
12483 4.6743
12484 4.67427
12485 4.67425
12486 4.67423
12487 4.6742
12488 4.67418
12489 4.67416
12490 4.67414
12491 4.67411
12492 4.67409
12493 4.67407
12494 4.67404
12495 4.67402
12496 4.674
12497 4.67398
12498 4.67395
12499 4.67393
12500 4.67391
12501 4.67388
12502 4.67386
12503 4.67384
12504 4.67382
12505 4.67379
12506 4.67377
12507 4.67375
12508 4.67373
12509 4.6737
12510 4.67368
12511 4.67366
12512 4.67363
12513 4.67361
12514 4.67359
12515 4.67357
12516 4.67354
12517 4.67352
12518 4.6735
12519 4.67347
12520 4.67345
12521 4.67343
12522 4.67341
12523 4.67338
12524 4.67336
12525 4.67334
12526 4.67332
12527 4.67329
12528 4.67327
12529 4.67325
12530 4.67322
12531 4.6732
12532 4.67318
12533 4.67316
12534 4.67313
12535 4.67311
12536 4.67309
12537 4.67307
12538 4.67304
12539 4.67302
12540 4.673
12541 4.67298
12542 4.67295
12543 4.67293
12544 4.67291
12545 4.67288
12546 4.67286
12547 4.67284
12548 4.67282
12549 4.67279
12550 4.67277
12551 4.67275
12552 4.67273
12553 4.6727
12554 4.67268
12555 4.67266
12556 4.67264
12557 4.67261
12558 4.67259
12559 4.67257
12560 4.67255
12561 4.67252
12562 4.6725
12563 4.67248
12564 4.67245
12565 4.67243
12566 4.67241
12567 4.67239
12568 4.67236
12569 4.67234
12570 4.67232
12571 4.6723
12572 4.67227
12573 4.67225
12574 4.67223
12575 4.67221
12576 4.67218
12577 4.67216
12578 4.67214
12579 4.67212
12580 4.67209
12581 4.67207
12582 4.67205
12583 4.67203
12584 4.672
12585 4.67198
12586 4.67196
12587 4.67194
12588 4.67191
12589 4.67189
12590 4.67187
12591 4.67185
12592 4.67182
12593 4.6718
12594 4.67178
12595 4.67176
12596 4.67173
12597 4.67171
12598 4.67169
12599 4.67167
12600 4.67164
12601 4.67162
12602 4.6716
12603 4.67158
12604 4.67155
12605 4.67153
12606 4.67151
12607 4.67149
12608 4.67146
12609 4.67144
12610 4.67142
12611 4.6714
12612 4.67137
12613 4.67135
12614 4.67133
12615 4.67131
12616 4.67128
12617 4.67126
12618 4.67124
12619 4.67122
12620 4.67119
12621 4.67117
12622 4.67115
12623 4.67113
12624 4.6711
12625 4.67108
12626 4.67106
12627 4.67104
12628 4.67102
12629 4.67099
12630 4.67097
12631 4.67095
12632 4.67093
12633 4.6709
12634 4.67088
12635 4.67086
12636 4.67084
12637 4.67081
12638 4.67079
12639 4.67077
12640 4.67075
12641 4.67072
12642 4.6707
12643 4.67068
12644 4.67066
12645 4.67063
12646 4.67061
12647 4.67059
12648 4.67057
12649 4.67055
12650 4.67052
12651 4.6705
12652 4.67048
12653 4.67046
12654 4.67043
12655 4.67041
12656 4.67039
12657 4.67037
12658 4.67034
12659 4.67032
12660 4.6703
12661 4.67028
12662 4.67026
12663 4.67023
12664 4.67021
12665 4.67019
12666 4.67017
12667 4.67014
12668 4.67012
12669 4.6701
12670 4.67008
12671 4.67005
12672 4.67003
12673 4.67001
12674 4.66999
12675 4.66997
12676 4.66994
12677 4.66992
12678 4.6699
12679 4.66988
12680 4.66985
12681 4.66983
12682 4.66981
12683 4.66979
12684 4.66977
12685 4.66974
12686 4.66972
12687 4.6697
12688 4.66968
12689 4.66965
12690 4.66963
12691 4.66961
12692 4.66959
12693 4.66957
12694 4.66954
12695 4.66952
12696 4.6695
12697 4.66948
12698 4.66945
12699 4.66943
12700 4.66941
12701 4.66939
12702 4.66937
12703 4.66934
12704 4.66932
12705 4.6693
12706 4.66928
12707 4.66925
12708 4.66923
12709 4.66921
12710 4.66919
12711 4.66917
12712 4.66914
12713 4.66912
12714 4.6691
12715 4.66908
12716 4.66906
12717 4.66903
12718 4.66901
12719 4.66899
12720 4.66897
12721 4.66894
12722 4.66892
12723 4.6689
12724 4.66888
12725 4.66886
12726 4.66883
12727 4.66881
12728 4.66879
12729 4.66877
12730 4.66875
12731 4.66872
12732 4.6687
12733 4.66868
12734 4.66866
12735 4.66863
12736 4.66861
12737 4.66859
12738 4.66857
12739 4.66855
12740 4.66852
12741 4.6685
12742 4.66848
12743 4.66846
12744 4.66844
12745 4.66841
12746 4.66839
12747 4.66837
12748 4.66835
12749 4.66833
12750 4.6683
12751 4.66828
12752 4.66826
12753 4.66824
12754 4.66822
12755 4.66819
12756 4.66817
12757 4.66815
12758 4.66813
12759 4.66811
12760 4.66808
12761 4.66806
12762 4.66804
12763 4.66802
12764 4.668
12765 4.66797
12766 4.66795
12767 4.66793
12768 4.66791
12769 4.66789
12770 4.66786
12771 4.66784
12772 4.66782
12773 4.6678
12774 4.66778
12775 4.66775
12776 4.66773
12777 4.66771
12778 4.66769
12779 4.66767
12780 4.66764
12781 4.66762
12782 4.6676
12783 4.66758
12784 4.66756
12785 4.66753
12786 4.66751
12787 4.66749
12788 4.66747
12789 4.66745
12790 4.66742
12791 4.6674
12792 4.66738
12793 4.66736
12794 4.66734
12795 4.66731
12796 4.66729
12797 4.66727
12798 4.66725
12799 4.66723
12800 4.6672
12801 4.66718
12802 4.66716
12803 4.66714
12804 4.66712
12805 4.6671
12806 4.66707
12807 4.66705
12808 4.66703
12809 4.66701
12810 4.66699
12811 4.66696
12812 4.66694
12813 4.66692
12814 4.6669
12815 4.66688
12816 4.66685
12817 4.66683
12818 4.66681
12819 4.66679
12820 4.66677
12821 4.66675
12822 4.66672
12823 4.6667
12824 4.66668
12825 4.66666
12826 4.66664
12827 4.66661
12828 4.66659
12829 4.66657
12830 4.66655
12831 4.66653
12832 4.66651
12833 4.66648
12834 4.66646
12835 4.66644
12836 4.66642
12837 4.6664
12838 4.66637
12839 4.66635
12840 4.66633
12841 4.66631
12842 4.66629
12843 4.66627
12844 4.66624
12845 4.66622
12846 4.6662
12847 4.66618
12848 4.66616
12849 4.66613
12850 4.66611
12851 4.66609
12852 4.66607
12853 4.66605
12854 4.66603
12855 4.666
12856 4.66598
12857 4.66596
12858 4.66594
12859 4.66592
12860 4.6659
12861 4.66587
12862 4.66585
12863 4.66583
12864 4.66581
12865 4.66579
12866 4.66577
12867 4.66574
12868 4.66572
12869 4.6657
12870 4.66568
12871 4.66566
12872 4.66563
12873 4.66561
12874 4.66559
12875 4.66557
12876 4.66555
12877 4.66553
12878 4.6655
12879 4.66548
12880 4.66546
12881 4.66544
12882 4.66542
12883 4.6654
12884 4.66537
12885 4.66535
12886 4.66533
12887 4.66531
12888 4.66529
12889 4.66527
12890 4.66524
12891 4.66522
12892 4.6652
12893 4.66518
12894 4.66516
12895 4.66514
12896 4.66511
12897 4.66509
12898 4.66507
12899 4.66505
12900 4.66503
12901 4.66501
12902 4.66498
12903 4.66496
12904 4.66494
12905 4.66492
12906 4.6649
12907 4.66488
12908 4.66486
12909 4.66483
12910 4.66481
12911 4.66479
12912 4.66477
12913 4.66475
12914 4.66473
12915 4.6647
12916 4.66468
12917 4.66466
12918 4.66464
12919 4.66462
12920 4.6646
12921 4.66457
12922 4.66455
12923 4.66453
12924 4.66451
12925 4.66449
12926 4.66447
12927 4.66445
12928 4.66442
12929 4.6644
12930 4.66438
12931 4.66436
12932 4.66434
12933 4.66432
12934 4.66429
12935 4.66427
12936 4.66425
12937 4.66423
12938 4.66421
12939 4.66419
12940 4.66417
12941 4.66414
12942 4.66412
12943 4.6641
12944 4.66408
12945 4.66406
12946 4.66404
12947 4.66401
12948 4.66399
12949 4.66397
12950 4.66395
12951 4.66393
12952 4.66391
12953 4.66389
12954 4.66386
12955 4.66384
12956 4.66382
12957 4.6638
12958 4.66378
12959 4.66376
12960 4.66374
12961 4.66371
12962 4.66369
12963 4.66367
12964 4.66365
12965 4.66363
12966 4.66361
12967 4.66358
12968 4.66356
12969 4.66354
12970 4.66352
12971 4.6635
12972 4.66348
12973 4.66346
12974 4.66343
12975 4.66341
12976 4.66339
12977 4.66337
12978 4.66335
12979 4.66333
12980 4.66331
12981 4.66328
12982 4.66326
12983 4.66324
12984 4.66322
12985 4.6632
12986 4.66318
12987 4.66316
12988 4.66313
12989 4.66311
12990 4.66309
12991 4.66307
12992 4.66305
12993 4.66303
12994 4.66301
12995 4.66299
12996 4.66296
12997 4.66294
12998 4.66292
12999 4.6629
13000 4.66288
13001 4.66286
13002 4.66284
13003 4.66281
13004 4.66279
13005 4.66277
13006 4.66275
13007 4.66273
13008 4.66271
13009 4.66269
13010 4.66266
13011 4.66264
13012 4.66262
13013 4.6626
13014 4.66258
13015 4.66256
13016 4.66254
13017 4.66252
13018 4.66249
13019 4.66247
13020 4.66245
13021 4.66243
13022 4.66241
13023 4.66239
13024 4.66237
13025 4.66234
13026 4.66232
13027 4.6623
13028 4.66228
13029 4.66226
13030 4.66224
13031 4.66222
13032 4.6622
13033 4.66217
13034 4.66215
13035 4.66213
13036 4.66211
13037 4.66209
13038 4.66207
13039 4.66205
13040 4.66203
13041 4.662
13042 4.66198
13043 4.66196
13044 4.66194
13045 4.66192
13046 4.6619
13047 4.66188
13048 4.66186
13049 4.66183
13050 4.66181
13051 4.66179
13052 4.66177
13053 4.66175
13054 4.66173
13055 4.66171
13056 4.66169
13057 4.66166
13058 4.66164
13059 4.66162
13060 4.6616
13061 4.66158
13062 4.66156
13063 4.66154
13064 4.66152
13065 4.66149
13066 4.66147
13067 4.66145
13068 4.66143
13069 4.66141
13070 4.66139
13071 4.66137
13072 4.66135
13073 4.66133
13074 4.6613
13075 4.66128
13076 4.66126
13077 4.66124
13078 4.66122
13079 4.6612
13080 4.66118
13081 4.66116
13082 4.66113
13083 4.66111
13084 4.66109
13085 4.66107
13086 4.66105
13087 4.66103
13088 4.66101
13089 4.66099
13090 4.66097
13091 4.66094
13092 4.66092
13093 4.6609
13094 4.66088
13095 4.66086
13096 4.66084
13097 4.66082
13098 4.6608
13099 4.66078
13100 4.66075
13101 4.66073
13102 4.66071
13103 4.66069
13104 4.66067
13105 4.66065
13106 4.66063
13107 4.66061
13108 4.66059
13109 4.66056
13110 4.66054
13111 4.66052
13112 4.6605
13113 4.66048
13114 4.66046
13115 4.66044
13116 4.66042
13117 4.6604
13118 4.66037
13119 4.66035
13120 4.66033
13121 4.66031
13122 4.66029
13123 4.66027
13124 4.66025
13125 4.66023
13126 4.66021
13127 4.66019
13128 4.66016
13129 4.66014
13130 4.66012
13131 4.6601
13132 4.66008
13133 4.66006
13134 4.66004
13135 4.66002
13136 4.66
13137 4.65997
13138 4.65995
13139 4.65993
13140 4.65991
13141 4.65989
13142 4.65987
13143 4.65985
13144 4.65983
13145 4.65981
13146 4.65979
13147 4.65976
13148 4.65974
13149 4.65972
13150 4.6597
13151 4.65968
13152 4.65966
13153 4.65964
13154 4.65962
13155 4.6596
13156 4.65958
13157 4.65955
13158 4.65953
13159 4.65951
13160 4.65949
13161 4.65947
13162 4.65945
13163 4.65943
13164 4.65941
13165 4.65939
13166 4.65937
13167 4.65935
13168 4.65932
13169 4.6593
13170 4.65928
13171 4.65926
13172 4.65924
13173 4.65922
13174 4.6592
13175 4.65918
13176 4.65916
13177 4.65914
13178 4.65911
13179 4.65909
13180 4.65907
13181 4.65905
13182 4.65903
13183 4.65901
13184 4.65899
13185 4.65897
13186 4.65895
13187 4.65893
13188 4.65891
13189 4.65888
13190 4.65886
13191 4.65884
13192 4.65882
13193 4.6588
13194 4.65878
13195 4.65876
13196 4.65874
13197 4.65872
13198 4.6587
13199 4.65868
13200 4.65866
13201 4.65863
13202 4.65861
13203 4.65859
13204 4.65857
13205 4.65855
13206 4.65853
13207 4.65851
13208 4.65849
13209 4.65847
13210 4.65845
13211 4.65843
13212 4.6584
13213 4.65838
13214 4.65836
13215 4.65834
13216 4.65832
13217 4.6583
13218 4.65828
13219 4.65826
13220 4.65824
13221 4.65822
13222 4.6582
13223 4.65818
13224 4.65816
13225 4.65813
13226 4.65811
13227 4.65809
13228 4.65807
13229 4.65805
13230 4.65803
13231 4.65801
13232 4.65799
13233 4.65797
13234 4.65795
13235 4.65793
13236 4.65791
13237 4.65788
13238 4.65786
13239 4.65784
13240 4.65782
13241 4.6578
13242 4.65778
13243 4.65776
13244 4.65774
13245 4.65772
13246 4.6577
13247 4.65768
13248 4.65766
13249 4.65764
13250 4.65761
13251 4.65759
13252 4.65757
13253 4.65755
13254 4.65753
13255 4.65751
13256 4.65749
13257 4.65747
13258 4.65745
13259 4.65743
13260 4.65741
13261 4.65739
13262 4.65737
13263 4.65735
13264 4.65732
13265 4.6573
13266 4.65728
13267 4.65726
13268 4.65724
13269 4.65722
13270 4.6572
13271 4.65718
13272 4.65716
13273 4.65714
13274 4.65712
13275 4.6571
13276 4.65708
13277 4.65706
13278 4.65703
13279 4.65701
13280 4.65699
13281 4.65697
13282 4.65695
13283 4.65693
13284 4.65691
13285 4.65689
13286 4.65687
13287 4.65685
13288 4.65683
13289 4.65681
13290 4.65679
13291 4.65677
13292 4.65675
13293 4.65672
13294 4.6567
13295 4.65668
13296 4.65666
13297 4.65664
13298 4.65662
13299 4.6566
13300 4.65658
13301 4.65656
13302 4.65654
13303 4.65652
13304 4.6565
13305 4.65648
13306 4.65646
13307 4.65644
13308 4.65642
13309 4.65639
13310 4.65637
13311 4.65635
13312 4.65633
13313 4.65631
13314 4.65629
13315 4.65627
13316 4.65625
13317 4.65623
13318 4.65621
13319 4.65619
13320 4.65617
13321 4.65615
13322 4.65613
13323 4.65611
13324 4.65609
13325 4.65607
13326 4.65604
13327 4.65602
13328 4.656
13329 4.65598
13330 4.65596
13331 4.65594
13332 4.65592
13333 4.6559
13334 4.65588
13335 4.65586
13336 4.65584
13337 4.65582
13338 4.6558
13339 4.65578
13340 4.65576
13341 4.65574
13342 4.65572
13343 4.6557
13344 4.65567
13345 4.65565
13346 4.65563
13347 4.65561
13348 4.65559
13349 4.65557
13350 4.65555
13351 4.65553
13352 4.65551
13353 4.65549
13354 4.65547
13355 4.65545
13356 4.65543
13357 4.65541
13358 4.65539
13359 4.65537
13360 4.65535
13361 4.65533
13362 4.65531
13363 4.65528
13364 4.65526
13365 4.65524
13366 4.65522
13367 4.6552
13368 4.65518
13369 4.65516
13370 4.65514
13371 4.65512
13372 4.6551
13373 4.65508
13374 4.65506
13375 4.65504
13376 4.65502
13377 4.655
13378 4.65498
13379 4.65496
13380 4.65494
13381 4.65492
13382 4.6549
13383 4.65488
13384 4.65486
13385 4.65483
13386 4.65481
13387 4.65479
13388 4.65477
13389 4.65475
13390 4.65473
13391 4.65471
13392 4.65469
13393 4.65467
13394 4.65465
13395 4.65463
13396 4.65461
13397 4.65459
13398 4.65457
13399 4.65455
13400 4.65453
13401 4.65451
13402 4.65449
13403 4.65447
13404 4.65445
13405 4.65443
13406 4.65441
13407 4.65439
13408 4.65437
13409 4.65434
13410 4.65432
13411 4.6543
13412 4.65428
13413 4.65426
13414 4.65424
13415 4.65422
13416 4.6542
13417 4.65418
13418 4.65416
13419 4.65414
13420 4.65412
13421 4.6541
13422 4.65408
13423 4.65406
13424 4.65404
13425 4.65402
13426 4.654
13427 4.65398
13428 4.65396
13429 4.65394
13430 4.65392
13431 4.6539
13432 4.65388
13433 4.65386
13434 4.65384
13435 4.65382
13436 4.6538
13437 4.65377
13438 4.65375
13439 4.65373
13440 4.65371
13441 4.65369
13442 4.65367
13443 4.65365
13444 4.65363
13445 4.65361
13446 4.65359
13447 4.65357
13448 4.65355
13449 4.65353
13450 4.65351
13451 4.65349
13452 4.65347
13453 4.65345
13454 4.65343
13455 4.65341
13456 4.65339
13457 4.65337
13458 4.65335
13459 4.65333
13460 4.65331
13461 4.65329
13462 4.65327
13463 4.65325
13464 4.65323
13465 4.65321
13466 4.65319
13467 4.65317
13468 4.65315
13469 4.65313
13470 4.65311
13471 4.65309
13472 4.65306
13473 4.65304
13474 4.65302
13475 4.653
13476 4.65298
13477 4.65296
13478 4.65294
13479 4.65292
13480 4.6529
13481 4.65288
13482 4.65286
13483 4.65284
13484 4.65282
13485 4.6528
13486 4.65278
13487 4.65276
13488 4.65274
13489 4.65272
13490 4.6527
13491 4.65268
13492 4.65266
13493 4.65264
13494 4.65262
13495 4.6526
13496 4.65258
13497 4.65256
13498 4.65254
13499 4.65252
13500 4.6525
13501 4.65248
13502 4.65246
13503 4.65244
13504 4.65242
13505 4.6524
13506 4.65238
13507 4.65236
13508 4.65234
13509 4.65232
13510 4.6523
13511 4.65228
13512 4.65226
13513 4.65224
13514 4.65222
13515 4.6522
13516 4.65218
13517 4.65216
13518 4.65214
13519 4.65212
13520 4.6521
13521 4.65208
13522 4.65206
13523 4.65204
13524 4.65201
13525 4.65199
13526 4.65197
13527 4.65195
13528 4.65193
13529 4.65191
13530 4.65189
13531 4.65187
13532 4.65185
13533 4.65183
13534 4.65181
13535 4.65179
13536 4.65177
13537 4.65175
13538 4.65173
13539 4.65171
13540 4.65169
13541 4.65167
13542 4.65165
13543 4.65163
13544 4.65161
13545 4.65159
13546 4.65157
13547 4.65155
13548 4.65153
13549 4.65151
13550 4.65149
13551 4.65147
13552 4.65145
13553 4.65143
13554 4.65141
13555 4.65139
13556 4.65137
13557 4.65135
13558 4.65133
13559 4.65131
13560 4.65129
13561 4.65127
13562 4.65125
13563 4.65123
13564 4.65121
13565 4.65119
13566 4.65117
13567 4.65115
13568 4.65113
13569 4.65111
13570 4.65109
13571 4.65107
13572 4.65105
13573 4.65103
13574 4.65101
13575 4.65099
13576 4.65097
13577 4.65095
13578 4.65093
13579 4.65091
13580 4.65089
13581 4.65087
13582 4.65085
13583 4.65083
13584 4.65081
13585 4.65079
13586 4.65077
13587 4.65075
13588 4.65073
13589 4.65071
13590 4.65069
13591 4.65067
13592 4.65065
13593 4.65063
13594 4.65061
13595 4.65059
13596 4.65057
13597 4.65055
13598 4.65053
13599 4.65051
13600 4.65049
13601 4.65047
13602 4.65045
13603 4.65043
13604 4.65041
13605 4.65039
13606 4.65037
13607 4.65035
13608 4.65033
13609 4.65031
13610 4.65029
13611 4.65027
13612 4.65025
13613 4.65023
13614 4.65021
13615 4.65019
13616 4.65017
13617 4.65015
13618 4.65013
13619 4.65011
13620 4.65009
13621 4.65007
13622 4.65005
13623 4.65003
13624 4.65001
13625 4.64999
13626 4.64997
13627 4.64995
13628 4.64993
13629 4.64991
13630 4.64989
13631 4.64987
13632 4.64985
13633 4.64983
13634 4.64981
13635 4.64979
13636 4.64977
13637 4.64975
13638 4.64973
13639 4.64971
13640 4.64969
13641 4.64967
13642 4.64965
13643 4.64963
13644 4.64961
13645 4.64959
13646 4.64957
13647 4.64955
13648 4.64953
13649 4.64951
13650 4.64949
13651 4.64947
13652 4.64945
13653 4.64944
13654 4.64942
13655 4.6494
13656 4.64938
13657 4.64936
13658 4.64934
13659 4.64932
13660 4.6493
13661 4.64928
13662 4.64926
13663 4.64924
13664 4.64922
13665 4.6492
13666 4.64918
13667 4.64916
13668 4.64914
13669 4.64912
13670 4.6491
13671 4.64908
13672 4.64906
13673 4.64904
13674 4.64902
13675 4.649
13676 4.64898
13677 4.64896
13678 4.64894
13679 4.64892
13680 4.6489
13681 4.64888
13682 4.64886
13683 4.64884
13684 4.64882
13685 4.6488
13686 4.64878
13687 4.64876
13688 4.64874
13689 4.64872
13690 4.6487
13691 4.64868
13692 4.64866
13693 4.64864
13694 4.64862
13695 4.6486
13696 4.64858
13697 4.64856
13698 4.64854
13699 4.64852
13700 4.6485
13701 4.64848
13702 4.64846
13703 4.64844
13704 4.64842
13705 4.6484
13706 4.64839
13707 4.64837
13708 4.64835
13709 4.64833
13710 4.64831
13711 4.64829
13712 4.64827
13713 4.64825
13714 4.64823
13715 4.64821
13716 4.64819
13717 4.64817
13718 4.64815
13719 4.64813
13720 4.64811
13721 4.64809
13722 4.64807
13723 4.64805
13724 4.64803
13725 4.64801
13726 4.64799
13727 4.64797
13728 4.64795
13729 4.64793
13730 4.64791
13731 4.64789
13732 4.64787
13733 4.64785
13734 4.64783
13735 4.64781
13736 4.64779
13737 4.64777
13738 4.64775
13739 4.64773
13740 4.64771
13741 4.64769
13742 4.64767
13743 4.64766
13744 4.64764
13745 4.64762
13746 4.6476
13747 4.64758
13748 4.64756
13749 4.64754
13750 4.64752
13751 4.6475
13752 4.64748
13753 4.64746
13754 4.64744
13755 4.64742
13756 4.6474
13757 4.64738
13758 4.64736
13759 4.64734
13760 4.64732
13761 4.6473
13762 4.64728
13763 4.64726
13764 4.64724
13765 4.64722
13766 4.6472
13767 4.64718
13768 4.64716
13769 4.64714
13770 4.64712
13771 4.6471
13772 4.64709
13773 4.64707
13774 4.64705
13775 4.64703
13776 4.64701
13777 4.64699
13778 4.64697
13779 4.64695
13780 4.64693
13781 4.64691
13782 4.64689
13783 4.64687
13784 4.64685
13785 4.64683
13786 4.64681
13787 4.64679
13788 4.64677
13789 4.64675
13790 4.64673
13791 4.64671
13792 4.64669
13793 4.64667
13794 4.64665
13795 4.64663
13796 4.64661
13797 4.6466
13798 4.64658
13799 4.64656
13800 4.64654
13801 4.64652
13802 4.6465
13803 4.64648
13804 4.64646
13805 4.64644
13806 4.64642
13807 4.6464
13808 4.64638
13809 4.64636
13810 4.64634
13811 4.64632
13812 4.6463
13813 4.64628
13814 4.64626
13815 4.64624
13816 4.64622
13817 4.6462
13818 4.64618
13819 4.64616
13820 4.64615
13821 4.64613
13822 4.64611
13823 4.64609
13824 4.64607
13825 4.64605
13826 4.64603
13827 4.64601
13828 4.64599
13829 4.64597
13830 4.64595
13831 4.64593
13832 4.64591
13833 4.64589
13834 4.64587
13835 4.64585
13836 4.64583
13837 4.64581
13838 4.64579
13839 4.64577
13840 4.64575
13841 4.64574
13842 4.64572
13843 4.6457
13844 4.64568
13845 4.64566
13846 4.64564
13847 4.64562
13848 4.6456
13849 4.64558
13850 4.64556
13851 4.64554
13852 4.64552
13853 4.6455
13854 4.64548
13855 4.64546
13856 4.64544
13857 4.64542
13858 4.6454
13859 4.64538
13860 4.64537
13861 4.64535
13862 4.64533
13863 4.64531
13864 4.64529
13865 4.64527
13866 4.64525
13867 4.64523
13868 4.64521
13869 4.64519
13870 4.64517
13871 4.64515
13872 4.64513
13873 4.64511
13874 4.64509
13875 4.64507
13876 4.64505
13877 4.64503
13878 4.64502
13879 4.645
13880 4.64498
13881 4.64496
13882 4.64494
13883 4.64492
13884 4.6449
13885 4.64488
13886 4.64486
13887 4.64484
13888 4.64482
13889 4.6448
13890 4.64478
13891 4.64476
13892 4.64474
13893 4.64472
13894 4.6447
13895 4.64469
13896 4.64467
13897 4.64465
13898 4.64463
13899 4.64461
13900 4.64459
13901 4.64457
13902 4.64455
13903 4.64453
13904 4.64451
13905 4.64449
13906 4.64447
13907 4.64445
13908 4.64443
13909 4.64441
13910 4.64439
13911 4.64438
13912 4.64436
13913 4.64434
13914 4.64432
13915 4.6443
13916 4.64428
13917 4.64426
13918 4.64424
13919 4.64422
13920 4.6442
13921 4.64418
13922 4.64416
13923 4.64414
13924 4.64412
13925 4.6441
13926 4.64409
13927 4.64407
13928 4.64405
13929 4.64403
13930 4.64401
13931 4.64399
13932 4.64397
13933 4.64395
13934 4.64393
13935 4.64391
13936 4.64389
13937 4.64387
13938 4.64385
13939 4.64383
13940 4.64381
13941 4.6438
13942 4.64378
13943 4.64376
13944 4.64374
13945 4.64372
13946 4.6437
13947 4.64368
13948 4.64366
13949 4.64364
13950 4.64362
13951 4.6436
13952 4.64358
13953 4.64356
13954 4.64354
13955 4.64353
13956 4.64351
13957 4.64349
13958 4.64347
13959 4.64345
13960 4.64343
13961 4.64341
13962 4.64339
13963 4.64337
13964 4.64335
13965 4.64333
13966 4.64331
13967 4.64329
13968 4.64327
13969 4.64326
13970 4.64324
13971 4.64322
13972 4.6432
13973 4.64318
13974 4.64316
13975 4.64314
13976 4.64312
13977 4.6431
13978 4.64308
13979 4.64306
13980 4.64304
13981 4.64302
13982 4.64301
13983 4.64299
13984 4.64297
13985 4.64295
13986 4.64293
13987 4.64291
13988 4.64289
13989 4.64287
13990 4.64285
13991 4.64283
13992 4.64281
13993 4.64279
13994 4.64277
13995 4.64276
13996 4.64274
13997 4.64272
13998 4.6427
13999 4.64268
14000 4.64266
14001 4.64264
14002 4.64262
14003 4.6426
14004 4.64258
14005 4.64256
14006 4.64254
14007 4.64252
14008 4.64251
14009 4.64249
14010 4.64247
14011 4.64245
14012 4.64243
14013 4.64241
14014 4.64239
14015 4.64237
14016 4.64235
14017 4.64233
14018 4.64231
14019 4.64229
14020 4.64228
14021 4.64226
14022 4.64224
14023 4.64222
14024 4.6422
14025 4.64218
14026 4.64216
14027 4.64214
14028 4.64212
14029 4.6421
14030 4.64208
14031 4.64206
14032 4.64205
14033 4.64203
14034 4.64201
14035 4.64199
14036 4.64197
14037 4.64195
14038 4.64193
14039 4.64191
14040 4.64189
14041 4.64187
14042 4.64185
14043 4.64184
14044 4.64182
14045 4.6418
14046 4.64178
14047 4.64176
14048 4.64174
14049 4.64172
14050 4.6417
14051 4.64168
14052 4.64166
14053 4.64164
14054 4.64162
14055 4.64161
14056 4.64159
14057 4.64157
14058 4.64155
14059 4.64153
14060 4.64151
14061 4.64149
14062 4.64147
14063 4.64145
14064 4.64143
14065 4.64141
14066 4.6414
14067 4.64138
14068 4.64136
14069 4.64134
14070 4.64132
14071 4.6413
14072 4.64128
14073 4.64126
14074 4.64124
14075 4.64122
14076 4.64121
14077 4.64119
14078 4.64117
14079 4.64115
14080 4.64113
14081 4.64111
14082 4.64109
14083 4.64107
14084 4.64105
14085 4.64103
14086 4.64101
14087 4.641
14088 4.64098
14089 4.64096
14090 4.64094
14091 4.64092
14092 4.6409
14093 4.64088
14094 4.64086
14095 4.64084
14096 4.64082
14097 4.64081
14098 4.64079
14099 4.64077
14100 4.64075
14101 4.64073
14102 4.64071
14103 4.64069
14104 4.64067
14105 4.64065
14106 4.64063
14107 4.64061
14108 4.6406
14109 4.64058
14110 4.64056
14111 4.64054
14112 4.64052
14113 4.6405
14114 4.64048
14115 4.64046
14116 4.64044
14117 4.64042
14118 4.64041
14119 4.64039
14120 4.64037
14121 4.64035
14122 4.64033
14123 4.64031
14124 4.64029
14125 4.64027
14126 4.64025
14127 4.64023
14128 4.64022
14129 4.6402
14130 4.64018
14131 4.64016
14132 4.64014
14133 4.64012
14134 4.6401
14135 4.64008
14136 4.64006
14137 4.64005
14138 4.64003
14139 4.64001
14140 4.63999
14141 4.63997
14142 4.63995
14143 4.63993
14144 4.63991
14145 4.63989
14146 4.63987
14147 4.63986
14148 4.63984
14149 4.63982
14150 4.6398
14151 4.63978
14152 4.63976
14153 4.63974
14154 4.63972
14155 4.6397
14156 4.63969
14157 4.63967
14158 4.63965
14159 4.63963
14160 4.63961
14161 4.63959
14162 4.63957
14163 4.63955
14164 4.63953
14165 4.63951
14166 4.6395
14167 4.63948
14168 4.63946
14169 4.63944
14170 4.63942
14171 4.6394
14172 4.63938
14173 4.63936
14174 4.63934
14175 4.63933
14176 4.63931
14177 4.63929
14178 4.63927
14179 4.63925
14180 4.63923
14181 4.63921
14182 4.63919
14183 4.63917
14184 4.63916
14185 4.63914
14186 4.63912
14187 4.6391
14188 4.63908
14189 4.63906
14190 4.63904
14191 4.63902
14192 4.639
14193 4.63899
14194 4.63897
14195 4.63895
14196 4.63893
14197 4.63891
14198 4.63889
14199 4.63887
14200 4.63885
14201 4.63884
14202 4.63882
14203 4.6388
14204 4.63878
14205 4.63876
14206 4.63874
14207 4.63872
14208 4.6387
14209 4.63868
14210 4.63867
14211 4.63865
14212 4.63863
14213 4.63861
14214 4.63859
14215 4.63857
14216 4.63855
14217 4.63853
14218 4.63851
14219 4.6385
14220 4.63848
14221 4.63846
14222 4.63844
14223 4.63842
14224 4.6384
14225 4.63838
14226 4.63836
14227 4.63835
14228 4.63833
14229 4.63831
14230 4.63829
14231 4.63827
14232 4.63825
14233 4.63823
14234 4.63821
14235 4.6382
14236 4.63818
14237 4.63816
14238 4.63814
14239 4.63812
14240 4.6381
14241 4.63808
14242 4.63806
14243 4.63804
14244 4.63803
14245 4.63801
14246 4.63799
14247 4.63797
14248 4.63795
14249 4.63793
14250 4.63791
14251 4.63789
14252 4.63788
14253 4.63786
14254 4.63784
14255 4.63782
14256 4.6378
14257 4.63778
14258 4.63776
14259 4.63774
14260 4.63773
14261 4.63771
14262 4.63769
14263 4.63767
14264 4.63765
14265 4.63763
14266 4.63761
14267 4.63759
14268 4.63758
14269 4.63756
14270 4.63754
14271 4.63752
14272 4.6375
14273 4.63748
14274 4.63746
14275 4.63744
14276 4.63743
14277 4.63741
14278 4.63739
14279 4.63737
14280 4.63735
14281 4.63733
14282 4.63731
14283 4.63729
14284 4.63728
14285 4.63726
14286 4.63724
14287 4.63722
14288 4.6372
14289 4.63718
14290 4.63716
14291 4.63715
14292 4.63713
14293 4.63711
14294 4.63709
14295 4.63707
14296 4.63705
14297 4.63703
14298 4.63701
14299 4.637
14300 4.63698
14301 4.63696
14302 4.63694
14303 4.63692
14304 4.6369
14305 4.63688
14306 4.63686
14307 4.63685
14308 4.63683
14309 4.63681
14310 4.63679
14311 4.63677
14312 4.63675
14313 4.63673
14314 4.63672
14315 4.6367
14316 4.63668
14317 4.63666
14318 4.63664
14319 4.63662
14320 4.6366
14321 4.63658
14322 4.63657
14323 4.63655
14324 4.63653
14325 4.63651
14326 4.63649
14327 4.63647
14328 4.63645
14329 4.63644
14330 4.63642
14331 4.6364
14332 4.63638
14333 4.63636
14334 4.63634
14335 4.63632
14336 4.63631
14337 4.63629
14338 4.63627
14339 4.63625
14340 4.63623
14341 4.63621
14342 4.63619
14343 4.63617
14344 4.63616
14345 4.63614
14346 4.63612
14347 4.6361
14348 4.63608
14349 4.63606
14350 4.63604
14351 4.63603
14352 4.63601
14353 4.63599
14354 4.63597
14355 4.63595
14356 4.63593
14357 4.63591
14358 4.6359
14359 4.63588
14360 4.63586
14361 4.63584
14362 4.63582
14363 4.6358
14364 4.63578
14365 4.63577
14366 4.63575
14367 4.63573
14368 4.63571
14369 4.63569
14370 4.63567
14371 4.63565
14372 4.63564
14373 4.63562
14374 4.6356
14375 4.63558
14376 4.63556
14377 4.63554
14378 4.63552
14379 4.63551
14380 4.63549
14381 4.63547
14382 4.63545
14383 4.63543
14384 4.63541
14385 4.63539
14386 4.63538
14387 4.63536
14388 4.63534
14389 4.63532
14390 4.6353
14391 4.63528
14392 4.63526
14393 4.63525
14394 4.63523
14395 4.63521
14396 4.63519
14397 4.63517
14398 4.63515
14399 4.63513
14400 4.63512
14401 4.6351
14402 4.63508
14403 4.63506
14404 4.63504
14405 4.63502
14406 4.635
14407 4.63499
14408 4.63497
14409 4.63495
14410 4.63493
14411 4.63491
14412 4.63489
14413 4.63488
14414 4.63486
14415 4.63484
14416 4.63482
14417 4.6348
14418 4.63478
14419 4.63476
14420 4.63475
14421 4.63473
14422 4.63471
14423 4.63469
14424 4.63467
14425 4.63465
14426 4.63463
14427 4.63462
14428 4.6346
14429 4.63458
14430 4.63456
14431 4.63454
14432 4.63452
14433 4.63451
14434 4.63449
14435 4.63447
14436 4.63445
14437 4.63443
14438 4.63441
14439 4.63439
14440 4.63438
14441 4.63436
14442 4.63434
14443 4.63432
14444 4.6343
14445 4.63428
14446 4.63427
14447 4.63425
14448 4.63423
14449 4.63421
14450 4.63419
14451 4.63417
14452 4.63415
14453 4.63414
14454 4.63412
14455 4.6341
14456 4.63408
14457 4.63406
14458 4.63404
14459 4.63403
14460 4.63401
14461 4.63399
14462 4.63397
14463 4.63395
14464 4.63393
14465 4.63391
14466 4.6339
14467 4.63388
14468 4.63386
14469 4.63384
14470 4.63382
14471 4.6338
14472 4.63379
14473 4.63377
14474 4.63375
14475 4.63373
14476 4.63371
14477 4.63369
14478 4.63368
14479 4.63366
14480 4.63364
14481 4.63362
14482 4.6336
14483 4.63358
14484 4.63356
14485 4.63355
14486 4.63353
14487 4.63351
14488 4.63349
14489 4.63347
14490 4.63345
14491 4.63344
14492 4.63342
14493 4.6334
14494 4.63338
14495 4.63336
14496 4.63334
14497 4.63333
14498 4.63331
14499 4.63329
14500 4.63327
14501 4.63325
14502 4.63323
14503 4.63322
14504 4.6332
14505 4.63318
14506 4.63316
14507 4.63314
14508 4.63312
14509 4.63311
14510 4.63309
14511 4.63307
14512 4.63305
14513 4.63303
14514 4.63301
14515 4.633
14516 4.63298
14517 4.63296
14518 4.63294
14519 4.63292
14520 4.6329
14521 4.63289
14522 4.63287
14523 4.63285
14524 4.63283
14525 4.63281
14526 4.63279
14527 4.63278
14528 4.63276
14529 4.63274
14530 4.63272
14531 4.6327
14532 4.63268
14533 4.63267
14534 4.63265
14535 4.63263
14536 4.63261
14537 4.63259
14538 4.63257
14539 4.63256
14540 4.63254
14541 4.63252
14542 4.6325
14543 4.63248
14544 4.63246
14545 4.63245
14546 4.63243
14547 4.63241
14548 4.63239
14549 4.63237
14550 4.63235
14551 4.63234
14552 4.63232
14553 4.6323
14554 4.63228
14555 4.63226
14556 4.63224
14557 4.63223
14558 4.63221
14559 4.63219
14560 4.63217
14561 4.63215
14562 4.63213
14563 4.63212
14564 4.6321
14565 4.63208
14566 4.63206
14567 4.63204
14568 4.63202
14569 4.63201
14570 4.63199
14571 4.63197
14572 4.63195
14573 4.63193
14574 4.63192
14575 4.6319
14576 4.63188
14577 4.63186
14578 4.63184
14579 4.63182
14580 4.63181
14581 4.63179
14582 4.63177
14583 4.63175
14584 4.63173
14585 4.63171
14586 4.6317
14587 4.63168
14588 4.63166
14589 4.63164
14590 4.63162
14591 4.6316
14592 4.63159
14593 4.63157
14594 4.63155
14595 4.63153
14596 4.63151
14597 4.6315
14598 4.63148
14599 4.63146
14600 4.63144
14601 4.63142
14602 4.6314
14603 4.63139
14604 4.63137
14605 4.63135
14606 4.63133
14607 4.63131
14608 4.63129
14609 4.63128
14610 4.63126
14611 4.63124
14612 4.63122
14613 4.6312
14614 4.63119
14615 4.63117
14616 4.63115
14617 4.63113
14618 4.63111
14619 4.63109
14620 4.63108
14621 4.63106
14622 4.63104
14623 4.63102
14624 4.631
14625 4.63099
14626 4.63097
14627 4.63095
14628 4.63093
14629 4.63091
14630 4.63089
14631 4.63088
14632 4.63086
14633 4.63084
14634 4.63082
14635 4.6308
14636 4.63079
14637 4.63077
14638 4.63075
14639 4.63073
14640 4.63071
14641 4.63069
14642 4.63068
14643 4.63066
14644 4.63064
14645 4.63062
14646 4.6306
14647 4.63059
14648 4.63057
14649 4.63055
14650 4.63053
14651 4.63051
14652 4.63049
14653 4.63048
14654 4.63046
14655 4.63044
14656 4.63042
14657 4.6304
14658 4.63039
14659 4.63037
14660 4.63035
14661 4.63033
14662 4.63031
14663 4.6303
14664 4.63028
14665 4.63026
14666 4.63024
14667 4.63022
14668 4.6302
14669 4.63019
14670 4.63017
14671 4.63015
14672 4.63013
14673 4.63011
14674 4.6301
14675 4.63008
14676 4.63006
14677 4.63004
14678 4.63002
14679 4.63001
14680 4.62999
14681 4.62997
14682 4.62995
14683 4.62993
14684 4.62991
14685 4.6299
14686 4.62988
14687 4.62986
14688 4.62984
14689 4.62982
14690 4.62981
14691 4.62979
14692 4.62977
14693 4.62975
14694 4.62973
14695 4.62972
14696 4.6297
14697 4.62968
14698 4.62966
14699 4.62964
14700 4.62963
14701 4.62961
14702 4.62959
14703 4.62957
14704 4.62955
14705 4.62953
14706 4.62952
14707 4.6295
14708 4.62948
14709 4.62946
14710 4.62944
14711 4.62943
14712 4.62941
14713 4.62939
14714 4.62937
14715 4.62935
14716 4.62934
14717 4.62932
14718 4.6293
14719 4.62928
14720 4.62926
14721 4.62925
14722 4.62923
14723 4.62921
14724 4.62919
14725 4.62917
14726 4.62916
14727 4.62914
14728 4.62912
14729 4.6291
14730 4.62908
14731 4.62907
14732 4.62905
14733 4.62903
14734 4.62901
14735 4.62899
14736 4.62898
14737 4.62896
14738 4.62894
14739 4.62892
14740 4.6289
14741 4.62888
14742 4.62887
14743 4.62885
14744 4.62883
14745 4.62881
14746 4.62879
14747 4.62878
14748 4.62876
14749 4.62874
14750 4.62872
14751 4.6287
14752 4.62869
14753 4.62867
14754 4.62865
14755 4.62863
14756 4.62861
14757 4.6286
14758 4.62858
14759 4.62856
14760 4.62854
14761 4.62852
14762 4.62851
14763 4.62849
14764 4.62847
14765 4.62845
14766 4.62843
14767 4.62842
14768 4.6284
14769 4.62838
14770 4.62836
14771 4.62834
14772 4.62833
14773 4.62831
14774 4.62829
14775 4.62827
14776 4.62825
14777 4.62824
14778 4.62822
14779 4.6282
14780 4.62818
14781 4.62817
14782 4.62815
14783 4.62813
14784 4.62811
14785 4.62809
14786 4.62808
14787 4.62806
14788 4.62804
14789 4.62802
14790 4.628
14791 4.62799
14792 4.62797
14793 4.62795
14794 4.62793
14795 4.62791
14796 4.6279
14797 4.62788
14798 4.62786
14799 4.62784
14800 4.62782
14801 4.62781
14802 4.62779
14803 4.62777
14804 4.62775
14805 4.62773
14806 4.62772
14807 4.6277
14808 4.62768
14809 4.62766
14810 4.62764
14811 4.62763
14812 4.62761
14813 4.62759
14814 4.62757
14815 4.62755
14816 4.62754
14817 4.62752
14818 4.6275
14819 4.62748
14820 4.62747
14821 4.62745
14822 4.62743
14823 4.62741
14824 4.62739
14825 4.62738
14826 4.62736
14827 4.62734
14828 4.62732
14829 4.6273
14830 4.62729
14831 4.62727
14832 4.62725
14833 4.62723
14834 4.62721
14835 4.6272
14836 4.62718
14837 4.62716
14838 4.62714
14839 4.62713
14840 4.62711
14841 4.62709
14842 4.62707
14843 4.62705
14844 4.62704
14845 4.62702
14846 4.627
14847 4.62698
14848 4.62696
14849 4.62695
14850 4.62693
14851 4.62691
14852 4.62689
14853 4.62687
14854 4.62686
14855 4.62684
14856 4.62682
14857 4.6268
14858 4.62679
14859 4.62677
14860 4.62675
14861 4.62673
14862 4.62671
14863 4.6267
14864 4.62668
14865 4.62666
14866 4.62664
14867 4.62662
14868 4.62661
14869 4.62659
14870 4.62657
14871 4.62655
14872 4.62654
14873 4.62652
14874 4.6265
14875 4.62648
14876 4.62646
14877 4.62645
14878 4.62643
14879 4.62641
14880 4.62639
14881 4.62637
14882 4.62636
14883 4.62634
14884 4.62632
14885 4.6263
14886 4.62629
14887 4.62627
14888 4.62625
14889 4.62623
14890 4.62621
14891 4.6262
14892 4.62618
14893 4.62616
14894 4.62614
14895 4.62613
14896 4.62611
14897 4.62609
14898 4.62607
14899 4.62605
14900 4.62604
14901 4.62602
14902 4.626
14903 4.62598
14904 4.62597
14905 4.62595
14906 4.62593
14907 4.62591
14908 4.62589
14909 4.62588
14910 4.62586
14911 4.62584
14912 4.62582
14913 4.6258
14914 4.62579
14915 4.62577
14916 4.62575
14917 4.62573
14918 4.62572
14919 4.6257
14920 4.62568
14921 4.62566
14922 4.62564
14923 4.62563
14924 4.62561
14925 4.62559
14926 4.62557
14927 4.62556
14928 4.62554
14929 4.62552
14930 4.6255
14931 4.62548
14932 4.62547
14933 4.62545
14934 4.62543
14935 4.62541
14936 4.6254
14937 4.62538
14938 4.62536
14939 4.62534
14940 4.62533
14941 4.62531
14942 4.62529
14943 4.62527
14944 4.62525
14945 4.62524
14946 4.62522
14947 4.6252
14948 4.62518
14949 4.62517
14950 4.62515
14951 4.62513
14952 4.62511
14953 4.62509
14954 4.62508
14955 4.62506
14956 4.62504
14957 4.62502
14958 4.62501
14959 4.62499
14960 4.62497
14961 4.62495
14962 4.62493
14963 4.62492
14964 4.6249
14965 4.62488
14966 4.62486
14967 4.62485
14968 4.62483
14969 4.62481
14970 4.62479
14971 4.62478
14972 4.62476
14973 4.62474
14974 4.62472
14975 4.6247
14976 4.62469
14977 4.62467
14978 4.62465
14979 4.62463
14980 4.62462
14981 4.6246
14982 4.62458
14983 4.62456
14984 4.62455
14985 4.62453
14986 4.62451
14987 4.62449
14988 4.62447
14989 4.62446
14990 4.62444
14991 4.62442
14992 4.6244
14993 4.62439
14994 4.62437
14995 4.62435
14996 4.62433
14997 4.62432
14998 4.6243
14999 4.62428
15000 4.62426
15001 4.62424
15002 4.62423
15003 4.62421
15004 4.62419
15005 4.62417
15006 4.62416
15007 4.62414
15008 4.62412
15009 4.6241
15010 4.62409
15011 4.62407
15012 4.62405
15013 4.62403
15014 4.62401
15015 4.624
15016 4.62398
15017 4.62396
15018 4.62394
15019 4.62393
15020 4.62391
15021 4.62389
15022 4.62387
15023 4.62386
15024 4.62384
15025 4.62382
15026 4.6238
15027 4.62379
15028 4.62377
15029 4.62375
15030 4.62373
15031 4.62371
15032 4.6237
15033 4.62368
15034 4.62366
15035 4.62364
15036 4.62363
15037 4.62361
15038 4.62359
15039 4.62357
15040 4.62356
15041 4.62354
15042 4.62352
15043 4.6235
15044 4.62349
15045 4.62347
15046 4.62345
15047 4.62343
15048 4.62342
15049 4.6234
15050 4.62338
15051 4.62336
15052 4.62334
15053 4.62333
15054 4.62331
15055 4.62329
15056 4.62327
15057 4.62326
15058 4.62324
15059 4.62322
15060 4.6232
15061 4.62319
15062 4.62317
15063 4.62315
15064 4.62313
15065 4.62312
15066 4.6231
15067 4.62308
15068 4.62306
15069 4.62305
15070 4.62303
15071 4.62301
15072 4.62299
15073 4.62298
15074 4.62296
15075 4.62294
15076 4.62292
15077 4.6229
15078 4.62289
15079 4.62287
15080 4.62285
15081 4.62283
15082 4.62282
15083 4.6228
15084 4.62278
15085 4.62276
15086 4.62275
15087 4.62273
15088 4.62271
15089 4.62269
15090 4.62268
15091 4.62266
15092 4.62264
15093 4.62262
15094 4.62261
15095 4.62259
15096 4.62257
15097 4.62255
15098 4.62254
15099 4.62252
15100 4.6225
15101 4.62248
15102 4.62247
15103 4.62245
15104 4.62243
15105 4.62241
15106 4.6224
15107 4.62238
15108 4.62236
15109 4.62234
15110 4.62233
15111 4.62231
15112 4.62229
15113 4.62227
15114 4.62226
15115 4.62224
15116 4.62222
15117 4.6222
15118 4.62219
15119 4.62217
15120 4.62215
15121 4.62213
15122 4.62212
15123 4.6221
15124 4.62208
15125 4.62206
15126 4.62204
15127 4.62203
15128 4.62201
15129 4.62199
15130 4.62197
15131 4.62196
15132 4.62194
15133 4.62192
15134 4.6219
15135 4.62189
15136 4.62187
15137 4.62185
15138 4.62183
15139 4.62182
15140 4.6218
15141 4.62178
15142 4.62176
15143 4.62175
15144 4.62173
15145 4.62171
15146 4.62169
15147 4.62168
15148 4.62166
15149 4.62164
15150 4.62162
15151 4.62161
15152 4.62159
15153 4.62157
15154 4.62155
15155 4.62154
15156 4.62152
15157 4.6215
15158 4.62149
15159 4.62147
15160 4.62145
15161 4.62143
15162 4.62142
15163 4.6214
15164 4.62138
15165 4.62136
15166 4.62135
15167 4.62133
15168 4.62131
15169 4.62129
15170 4.62128
15171 4.62126
15172 4.62124
15173 4.62122
15174 4.62121
15175 4.62119
15176 4.62117
15177 4.62115
15178 4.62114
15179 4.62112
15180 4.6211
15181 4.62108
15182 4.62107
15183 4.62105
15184 4.62103
15185 4.62101
15186 4.621
15187 4.62098
15188 4.62096
15189 4.62094
15190 4.62093
15191 4.62091
15192 4.62089
15193 4.62087
15194 4.62086
15195 4.62084
15196 4.62082
15197 4.6208
15198 4.62079
15199 4.62077
15200 4.62075
15201 4.62073
15202 4.62072
15203 4.6207
15204 4.62068
15205 4.62066
15206 4.62065
15207 4.62063
15208 4.62061
15209 4.6206
15210 4.62058
15211 4.62056
15212 4.62054
15213 4.62053
15214 4.62051
15215 4.62049
15216 4.62047
15217 4.62046
15218 4.62044
15219 4.62042
15220 4.6204
15221 4.62039
15222 4.62037
15223 4.62035
15224 4.62033
15225 4.62032
15226 4.6203
15227 4.62028
15228 4.62026
15229 4.62025
15230 4.62023
15231 4.62021
15232 4.6202
15233 4.62018
15234 4.62016
15235 4.62014
15236 4.62013
15237 4.62011
15238 4.62009
15239 4.62007
15240 4.62006
15241 4.62004
15242 4.62002
15243 4.62
15244 4.61999
15245 4.61997
15246 4.61995
15247 4.61993
15248 4.61992
15249 4.6199
15250 4.61988
15251 4.61986
15252 4.61985
15253 4.61983
15254 4.61981
15255 4.6198
15256 4.61978
15257 4.61976
15258 4.61974
15259 4.61973
15260 4.61971
15261 4.61969
15262 4.61967
15263 4.61966
15264 4.61964
15265 4.61962
15266 4.6196
15267 4.61959
15268 4.61957
15269 4.61955
15270 4.61954
15271 4.61952
15272 4.6195
15273 4.61948
15274 4.61947
15275 4.61945
15276 4.61943
15277 4.61941
15278 4.6194
15279 4.61938
15280 4.61936
15281 4.61934
15282 4.61933
15283 4.61931
15284 4.61929
15285 4.61928
15286 4.61926
15287 4.61924
15288 4.61922
15289 4.61921
15290 4.61919
15291 4.61917
15292 4.61915
15293 4.61914
15294 4.61912
15295 4.6191
15296 4.61908
15297 4.61907
15298 4.61905
15299 4.61903
15300 4.61902
15301 4.619
15302 4.61898
15303 4.61896
15304 4.61895
15305 4.61893
15306 4.61891
15307 4.61889
15308 4.61888
15309 4.61886
15310 4.61884
15311 4.61883
15312 4.61881
15313 4.61879
15314 4.61877
15315 4.61876
15316 4.61874
15317 4.61872
15318 4.6187
15319 4.61869
15320 4.61867
15321 4.61865
15322 4.61863
15323 4.61862
15324 4.6186
15325 4.61858
15326 4.61857
15327 4.61855
15328 4.61853
15329 4.61851
15330 4.6185
15331 4.61848
15332 4.61846
15333 4.61844
15334 4.61843
15335 4.61841
15336 4.61839
15337 4.61838
15338 4.61836
15339 4.61834
15340 4.61832
15341 4.61831
15342 4.61829
15343 4.61827
15344 4.61826
15345 4.61824
15346 4.61822
15347 4.6182
15348 4.61819
15349 4.61817
15350 4.61815
15351 4.61813
15352 4.61812
15353 4.6181
15354 4.61808
15355 4.61807
15356 4.61805
15357 4.61803
15358 4.61801
15359 4.618
15360 4.61798
15361 4.61796
15362 4.61794
15363 4.61793
15364 4.61791
15365 4.61789
15366 4.61788
15367 4.61786
15368 4.61784
15369 4.61782
15370 4.61781
15371 4.61779
15372 4.61777
15373 4.61776
15374 4.61774
15375 4.61772
15376 4.6177
15377 4.61769
15378 4.61767
15379 4.61765
15380 4.61763
15381 4.61762
15382 4.6176
15383 4.61758
15384 4.61757
15385 4.61755
15386 4.61753
15387 4.61751
15388 4.6175
15389 4.61748
15390 4.61746
15391 4.61745
15392 4.61743
15393 4.61741
15394 4.61739
15395 4.61738
15396 4.61736
15397 4.61734
15398 4.61732
15399 4.61731
15400 4.61729
15401 4.61727
15402 4.61726
15403 4.61724
15404 4.61722
15405 4.6172
15406 4.61719
15407 4.61717
15408 4.61715
15409 4.61714
15410 4.61712
15411 4.6171
15412 4.61708
15413 4.61707
15414 4.61705
15415 4.61703
15416 4.61702
15417 4.617
15418 4.61698
15419 4.61696
15420 4.61695
15421 4.61693
15422 4.61691
15423 4.6169
15424 4.61688
15425 4.61686
15426 4.61684
15427 4.61683
15428 4.61681
15429 4.61679
15430 4.61678
15431 4.61676
15432 4.61674
15433 4.61672
15434 4.61671
15435 4.61669
15436 4.61667
15437 4.61666
15438 4.61664
15439 4.61662
15440 4.6166
15441 4.61659
15442 4.61657
15443 4.61655
15444 4.61654
15445 4.61652
15446 4.6165
15447 4.61648
15448 4.61647
15449 4.61645
15450 4.61643
15451 4.61642
15452 4.6164
15453 4.61638
15454 4.61636
15455 4.61635
15456 4.61633
15457 4.61631
15458 4.6163
15459 4.61628
15460 4.61626
15461 4.61624
15462 4.61623
15463 4.61621
15464 4.61619
15465 4.61618
15466 4.61616
15467 4.61614
15468 4.61612
15469 4.61611
15470 4.61609
15471 4.61607
15472 4.61606
15473 4.61604
15474 4.61602
15475 4.616
15476 4.61599
15477 4.61597
15478 4.61595
15479 4.61594
15480 4.61592
15481 4.6159
15482 4.61588
15483 4.61587
15484 4.61585
15485 4.61583
15486 4.61582
15487 4.6158
15488 4.61578
15489 4.61577
15490 4.61575
15491 4.61573
15492 4.61571
15493 4.6157
15494 4.61568
15495 4.61566
15496 4.61565
15497 4.61563
15498 4.61561
15499 4.61559
15500 4.61558
15501 4.61556
15502 4.61554
15503 4.61553
15504 4.61551
15505 4.61549
15506 4.61547
15507 4.61546
15508 4.61544
15509 4.61542
15510 4.61541
15511 4.61539
15512 4.61537
15513 4.61536
15514 4.61534
15515 4.61532
15516 4.6153
15517 4.61529
15518 4.61527
15519 4.61525
15520 4.61524
15521 4.61522
15522 4.6152
15523 4.61518
15524 4.61517
15525 4.61515
15526 4.61513
15527 4.61512
15528 4.6151
15529 4.61508
15530 4.61507
15531 4.61505
15532 4.61503
15533 4.61501
15534 4.615
15535 4.61498
15536 4.61496
15537 4.61495
15538 4.61493
15539 4.61491
15540 4.61489
15541 4.61488
15542 4.61486
15543 4.61484
15544 4.61483
15545 4.61481
15546 4.61479
15547 4.61478
15548 4.61476
15549 4.61474
15550 4.61472
15551 4.61471
15552 4.61469
15553 4.61467
15554 4.61466
15555 4.61464
15556 4.61462
15557 4.61461
15558 4.61459
15559 4.61457
15560 4.61455
15561 4.61454
15562 4.61452
15563 4.6145
15564 4.61449
15565 4.61447
15566 4.61445
15567 4.61444
15568 4.61442
15569 4.6144
15570 4.61438
15571 4.61437
15572 4.61435
15573 4.61433
15574 4.61432
15575 4.6143
15576 4.61428
15577 4.61427
15578 4.61425
15579 4.61423
15580 4.61421
15581 4.6142
15582 4.61418
15583 4.61416
15584 4.61415
15585 4.61413
15586 4.61411
15587 4.6141
15588 4.61408
15589 4.61406
15590 4.61404
15591 4.61403
15592 4.61401
15593 4.61399
15594 4.61398
15595 4.61396
15596 4.61394
15597 4.61393
15598 4.61391
15599 4.61389
15600 4.61387
15601 4.61386
15602 4.61384
15603 4.61382
15604 4.61381
15605 4.61379
15606 4.61377
15607 4.61376
15608 4.61374
15609 4.61372
15610 4.61371
15611 4.61369
15612 4.61367
15613 4.61365
15614 4.61364
15615 4.61362
15616 4.6136
15617 4.61359
15618 4.61357
15619 4.61355
15620 4.61354
15621 4.61352
15622 4.6135
15623 4.61348
15624 4.61347
15625 4.61345
15626 4.61343
15627 4.61342
15628 4.6134
15629 4.61338
15630 4.61337
15631 4.61335
15632 4.61333
15633 4.61332
15634 4.6133
15635 4.61328
15636 4.61326
15637 4.61325
15638 4.61323
15639 4.61321
15640 4.6132
15641 4.61318
15642 4.61316
15643 4.61315
15644 4.61313
15645 4.61311
15646 4.6131
15647 4.61308
15648 4.61306
15649 4.61304
15650 4.61303
15651 4.61301
15652 4.61299
15653 4.61298
15654 4.61296
15655 4.61294
15656 4.61293
15657 4.61291
15658 4.61289
15659 4.61288
15660 4.61286
15661 4.61284
15662 4.61283
15663 4.61281
15664 4.61279
15665 4.61277
15666 4.61276
15667 4.61274
15668 4.61272
15669 4.61271
15670 4.61269
15671 4.61267
15672 4.61266
15673 4.61264
15674 4.61262
15675 4.61261
15676 4.61259
15677 4.61257
15678 4.61255
15679 4.61254
15680 4.61252
15681 4.6125
15682 4.61249
15683 4.61247
15684 4.61245
15685 4.61244
15686 4.61242
15687 4.6124
15688 4.61239
15689 4.61237
15690 4.61235
15691 4.61234
15692 4.61232
15693 4.6123
15694 4.61228
15695 4.61227
15696 4.61225
15697 4.61223
15698 4.61222
15699 4.6122
15700 4.61218
15701 4.61217
15702 4.61215
15703 4.61213
15704 4.61212
15705 4.6121
15706 4.61208
15707 4.61207
15708 4.61205
15709 4.61203
15710 4.61201
15711 4.612
15712 4.61198
15713 4.61196
15714 4.61195
15715 4.61193
15716 4.61191
15717 4.6119
15718 4.61188
15719 4.61186
15720 4.61185
15721 4.61183
15722 4.61181
15723 4.6118
15724 4.61178
15725 4.61176
15726 4.61175
15727 4.61173
15728 4.61171
15729 4.6117
15730 4.61168
15731 4.61166
15732 4.61164
15733 4.61163
15734 4.61161
15735 4.61159
15736 4.61158
15737 4.61156
15738 4.61154
15739 4.61153
15740 4.61151
15741 4.61149
15742 4.61148
15743 4.61146
15744 4.61144
15745 4.61143
15746 4.61141
15747 4.61139
15748 4.61138
15749 4.61136
15750 4.61134
15751 4.61133
15752 4.61131
15753 4.61129
15754 4.61127
15755 4.61126
15756 4.61124
15757 4.61122
15758 4.61121
15759 4.61119
15760 4.61117
15761 4.61116
15762 4.61114
15763 4.61112
15764 4.61111
15765 4.61109
15766 4.61107
15767 4.61106
15768 4.61104
15769 4.61102
15770 4.61101
15771 4.61099
15772 4.61097
15773 4.61096
15774 4.61094
15775 4.61092
15776 4.61091
15777 4.61089
15778 4.61087
15779 4.61085
15780 4.61084
15781 4.61082
15782 4.6108
15783 4.61079
15784 4.61077
15785 4.61075
15786 4.61074
15787 4.61072
15788 4.6107
15789 4.61069
15790 4.61067
15791 4.61065
15792 4.61064
15793 4.61062
15794 4.6106
15795 4.61059
15796 4.61057
15797 4.61055
15798 4.61054
15799 4.61052
15800 4.6105
15801 4.61049
15802 4.61047
15803 4.61045
15804 4.61044
15805 4.61042
15806 4.6104
15807 4.61039
15808 4.61037
15809 4.61035
15810 4.61034
15811 4.61032
15812 4.6103
15813 4.61028
15814 4.61027
15815 4.61025
15816 4.61023
15817 4.61022
15818 4.6102
15819 4.61018
15820 4.61017
15821 4.61015
15822 4.61013
15823 4.61012
15824 4.6101
15825 4.61008
15826 4.61007
15827 4.61005
15828 4.61003
15829 4.61002
15830 4.61
15831 4.60998
15832 4.60997
15833 4.60995
15834 4.60993
15835 4.60992
15836 4.6099
15837 4.60988
15838 4.60987
15839 4.60985
15840 4.60983
15841 4.60982
15842 4.6098
15843 4.60978
15844 4.60977
15845 4.60975
15846 4.60973
15847 4.60972
15848 4.6097
15849 4.60968
15850 4.60967
15851 4.60965
15852 4.60963
15853 4.60962
15854 4.6096
15855 4.60958
15856 4.60957
15857 4.60955
15858 4.60953
15859 4.60952
15860 4.6095
15861 4.60948
15862 4.60947
15863 4.60945
15864 4.60943
15865 4.60942
15866 4.6094
15867 4.60938
15868 4.60937
15869 4.60935
15870 4.60933
15871 4.60932
15872 4.6093
15873 4.60928
15874 4.60927
15875 4.60925
15876 4.60923
15877 4.60922
15878 4.6092
15879 4.60918
15880 4.60917
15881 4.60915
15882 4.60913
15883 4.60912
15884 4.6091
15885 4.60908
15886 4.60907
15887 4.60905
15888 4.60903
15889 4.60902
15890 4.609
15891 4.60898
15892 4.60897
15893 4.60895
15894 4.60893
15895 4.60892
15896 4.6089
15897 4.60888
15898 4.60887
15899 4.60885
15900 4.60883
15901 4.60882
15902 4.6088
15903 4.60878
15904 4.60877
15905 4.60875
15906 4.60873
15907 4.60872
15908 4.6087
15909 4.60868
15910 4.60867
15911 4.60865
15912 4.60863
15913 4.60862
15914 4.6086
15915 4.60858
15916 4.60857
15917 4.60855
15918 4.60853
15919 4.60852
15920 4.6085
15921 4.60848
15922 4.60847
15923 4.60845
15924 4.60843
15925 4.60842
15926 4.6084
15927 4.60838
15928 4.60837
15929 4.60835
15930 4.60833
15931 4.60832
15932 4.6083
15933 4.60828
15934 4.60827
15935 4.60825
15936 4.60823
15937 4.60822
15938 4.6082
15939 4.60818
15940 4.60817
15941 4.60815
15942 4.60813
15943 4.60812
15944 4.6081
15945 4.60808
15946 4.60807
15947 4.60805
15948 4.60803
15949 4.60802
15950 4.608
15951 4.60798
15952 4.60797
15953 4.60795
15954 4.60793
15955 4.60792
15956 4.6079
15957 4.60788
15958 4.60787
15959 4.60785
15960 4.60783
15961 4.60782
15962 4.6078
15963 4.60778
15964 4.60777
15965 4.60775
15966 4.60774
15967 4.60772
15968 4.6077
15969 4.60769
15970 4.60767
15971 4.60765
15972 4.60764
15973 4.60762
15974 4.6076
15975 4.60759
15976 4.60757
15977 4.60755
15978 4.60754
15979 4.60752
15980 4.6075
15981 4.60749
15982 4.60747
15983 4.60745
15984 4.60744
15985 4.60742
15986 4.6074
15987 4.60739
15988 4.60737
15989 4.60735
15990 4.60734
15991 4.60732
15992 4.6073
15993 4.60729
15994 4.60727
15995 4.60725
15996 4.60724
15997 4.60722
15998 4.6072
15999 4.60719
16000 4.60717
16001 4.60716
16002 4.60714
16003 4.60712
16004 4.60711
16005 4.60709
16006 4.60707
16007 4.60706
16008 4.60704
16009 4.60702
16010 4.60701
16011 4.60699
16012 4.60697
16013 4.60696
16014 4.60694
16015 4.60692
16016 4.60691
16017 4.60689
16018 4.60687
16019 4.60686
16020 4.60684
16021 4.60682
16022 4.60681
16023 4.60679
16024 4.60677
16025 4.60676
16026 4.60674
16027 4.60673
16028 4.60671
16029 4.60669
16030 4.60668
16031 4.60666
16032 4.60664
16033 4.60663
16034 4.60661
16035 4.60659
16036 4.60658
16037 4.60656
16038 4.60654
16039 4.60653
16040 4.60651
16041 4.60649
16042 4.60648
16043 4.60646
16044 4.60644
16045 4.60643
16046 4.60641
16047 4.60639
16048 4.60638
16049 4.60636
16050 4.60635
16051 4.60633
16052 4.60631
16053 4.6063
16054 4.60628
16055 4.60626
16056 4.60625
16057 4.60623
16058 4.60621
16059 4.6062
16060 4.60618
16061 4.60616
16062 4.60615
16063 4.60613
16064 4.60611
16065 4.6061
16066 4.60608
16067 4.60606
16068 4.60605
16069 4.60603
16070 4.60602
16071 4.606
16072 4.60598
16073 4.60597
16074 4.60595
16075 4.60593
16076 4.60592
16077 4.6059
16078 4.60588
16079 4.60587
16080 4.60585
16081 4.60583
16082 4.60582
16083 4.6058
16084 4.60578
16085 4.60577
16086 4.60575
16087 4.60574
16088 4.60572
16089 4.6057
16090 4.60569
16091 4.60567
16092 4.60565
16093 4.60564
16094 4.60562
16095 4.6056
16096 4.60559
16097 4.60557
16098 4.60555
16099 4.60554
16100 4.60552
16101 4.6055
16102 4.60549
16103 4.60547
16104 4.60546
16105 4.60544
16106 4.60542
16107 4.60541
16108 4.60539
16109 4.60537
16110 4.60536
16111 4.60534
16112 4.60532
16113 4.60531
16114 4.60529
16115 4.60527
16116 4.60526
16117 4.60524
16118 4.60522
16119 4.60521
16120 4.60519
16121 4.60518
16122 4.60516
16123 4.60514
16124 4.60513
16125 4.60511
16126 4.60509
16127 4.60508
16128 4.60506
16129 4.60504
16130 4.60503
16131 4.60501
16132 4.60499
16133 4.60498
16134 4.60496
16135 4.60495
16136 4.60493
16137 4.60491
16138 4.6049
16139 4.60488
16140 4.60486
16141 4.60485
16142 4.60483
16143 4.60481
16144 4.6048
16145 4.60478
16146 4.60476
16147 4.60475
16148 4.60473
16149 4.60472
16150 4.6047
16151 4.60468
16152 4.60467
16153 4.60465
16154 4.60463
16155 4.60462
16156 4.6046
16157 4.60458
16158 4.60457
16159 4.60455
16160 4.60454
16161 4.60452
16162 4.6045
16163 4.60449
16164 4.60447
16165 4.60445
16166 4.60444
16167 4.60442
16168 4.6044
16169 4.60439
16170 4.60437
16171 4.60435
16172 4.60434
16173 4.60432
16174 4.60431
16175 4.60429
16176 4.60427
16177 4.60426
16178 4.60424
16179 4.60422
16180 4.60421
16181 4.60419
16182 4.60417
16183 4.60416
16184 4.60414
16185 4.60413
16186 4.60411
16187 4.60409
16188 4.60408
16189 4.60406
16190 4.60404
16191 4.60403
16192 4.60401
16193 4.60399
16194 4.60398
16195 4.60396
16196 4.60395
16197 4.60393
16198 4.60391
16199 4.6039
16200 4.60388
16201 4.60386
16202 4.60385
16203 4.60383
16204 4.60381
16205 4.6038
16206 4.60378
16207 4.60377
16208 4.60375
16209 4.60373
16210 4.60372
16211 4.6037
16212 4.60368
16213 4.60367
16214 4.60365
16215 4.60363
16216 4.60362
16217 4.6036
16218 4.60359
16219 4.60357
16220 4.60355
16221 4.60354
16222 4.60352
16223 4.6035
16224 4.60349
16225 4.60347
16226 4.60345
16227 4.60344
16228 4.60342
16229 4.60341
16230 4.60339
16231 4.60337
16232 4.60336
16233 4.60334
16234 4.60332
16235 4.60331
16236 4.60329
16237 4.60328
16238 4.60326
16239 4.60324
16240 4.60323
16241 4.60321
16242 4.60319
16243 4.60318
16244 4.60316
16245 4.60314
16246 4.60313
16247 4.60311
16248 4.6031
16249 4.60308
16250 4.60306
16251 4.60305
16252 4.60303
16253 4.60301
16254 4.603
16255 4.60298
16256 4.60297
16257 4.60295
16258 4.60293
16259 4.60292
16260 4.6029
16261 4.60288
16262 4.60287
16263 4.60285
16264 4.60283
16265 4.60282
16266 4.6028
16267 4.60279
16268 4.60277
16269 4.60275
16270 4.60274
16271 4.60272
16272 4.6027
16273 4.60269
16274 4.60267
16275 4.60266
16276 4.60264
16277 4.60262
16278 4.60261
16279 4.60259
16280 4.60257
16281 4.60256
16282 4.60254
16283 4.60252
16284 4.60251
16285 4.60249
16286 4.60248
16287 4.60246
16288 4.60244
16289 4.60243
16290 4.60241
16291 4.60239
16292 4.60238
16293 4.60236
16294 4.60235
16295 4.60233
16296 4.60231
16297 4.6023
16298 4.60228
16299 4.60226
16300 4.60225
16301 4.60223
16302 4.60222
16303 4.6022
16304 4.60218
16305 4.60217
16306 4.60215
16307 4.60213
16308 4.60212
16309 4.6021
16310 4.60209
16311 4.60207
16312 4.60205
16313 4.60204
16314 4.60202
16315 4.602
16316 4.60199
16317 4.60197
16318 4.60196
16319 4.60194
16320 4.60192
16321 4.60191
16322 4.60189
16323 4.60187
16324 4.60186
16325 4.60184
16326 4.60183
16327 4.60181
16328 4.60179
16329 4.60178
16330 4.60176
16331 4.60174
16332 4.60173
16333 4.60171
16334 4.6017
16335 4.60168
16336 4.60166
16337 4.60165
16338 4.60163
16339 4.60161
16340 4.6016
16341 4.60158
16342 4.60157
16343 4.60155
16344 4.60153
16345 4.60152
16346 4.6015
16347 4.60148
16348 4.60147
16349 4.60145
16350 4.60144
16351 4.60142
16352 4.6014
16353 4.60139
16354 4.60137
16355 4.60135
16356 4.60134
16357 4.60132
16358 4.60131
16359 4.60129
16360 4.60127
16361 4.60126
16362 4.60124
16363 4.60122
16364 4.60121
16365 4.60119
16366 4.60118
16367 4.60116
16368 4.60114
16369 4.60113
16370 4.60111
16371 4.6011
16372 4.60108
16373 4.60106
16374 4.60105
16375 4.60103
16376 4.60101
16377 4.601
16378 4.60098
16379 4.60097
16380 4.60095
16381 4.60093
16382 4.60092
16383 4.6009
16384 4.60088
16385 4.60087
16386 4.60085
16387 4.60084
16388 4.60082
16389 4.6008
16390 4.60079
16391 4.60077
16392 4.60076
16393 4.60074
16394 4.60072
16395 4.60071
16396 4.60069
16397 4.60067
16398 4.60066
16399 4.60064
16400 4.60063
16401 4.60061
16402 4.60059
16403 4.60058
16404 4.60056
16405 4.60054
16406 4.60053
16407 4.60051
16408 4.6005
16409 4.60048
16410 4.60046
16411 4.60045
16412 4.60043
16413 4.60042
16414 4.6004
16415 4.60038
16416 4.60037
16417 4.60035
16418 4.60033
16419 4.60032
16420 4.6003
16421 4.60029
16422 4.60027
16423 4.60025
16424 4.60024
16425 4.60022
16426 4.60021
16427 4.60019
16428 4.60017
16429 4.60016
16430 4.60014
16431 4.60012
16432 4.60011
16433 4.60009
16434 4.60008
16435 4.60006
16436 4.60004
16437 4.60003
16438 4.60001
16439 4.6
16440 4.59998
16441 4.59996
16442 4.59995
16443 4.59993
16444 4.59991
16445 4.5999
16446 4.59988
16447 4.59987
16448 4.59985
16449 4.59983
16450 4.59982
16451 4.5998
16452 4.59979
16453 4.59977
16454 4.59975
16455 4.59974
16456 4.59972
16457 4.5997
16458 4.59969
16459 4.59967
16460 4.59966
16461 4.59964
16462 4.59962
16463 4.59961
16464 4.59959
16465 4.59958
16466 4.59956
16467 4.59954
16468 4.59953
16469 4.59951
16470 4.5995
16471 4.59948
16472 4.59946
16473 4.59945
16474 4.59943
16475 4.59941
16476 4.5994
16477 4.59938
16478 4.59937
16479 4.59935
16480 4.59933
16481 4.59932
16482 4.5993
16483 4.59929
16484 4.59927
16485 4.59925
16486 4.59924
16487 4.59922
16488 4.59921
16489 4.59919
16490 4.59917
16491 4.59916
16492 4.59914
16493 4.59912
16494 4.59911
16495 4.59909
16496 4.59908
16497 4.59906
16498 4.59904
16499 4.59903
16500 4.59901
16501 4.599
16502 4.59898
16503 4.59896
16504 4.59895
16505 4.59893
16506 4.59892
16507 4.5989
16508 4.59888
16509 4.59887
16510 4.59885
16511 4.59884
16512 4.59882
16513 4.5988
16514 4.59879
16515 4.59877
16516 4.59875
16517 4.59874
16518 4.59872
16519 4.59871
16520 4.59869
16521 4.59867
16522 4.59866
16523 4.59864
16524 4.59863
16525 4.59861
16526 4.59859
16527 4.59858
16528 4.59856
16529 4.59855
16530 4.59853
16531 4.59851
16532 4.5985
16533 4.59848
16534 4.59847
16535 4.59845
16536 4.59843
16537 4.59842
16538 4.5984
16539 4.59839
16540 4.59837
16541 4.59835
16542 4.59834
16543 4.59832
16544 4.5983
16545 4.59829
16546 4.59827
16547 4.59826
16548 4.59824
16549 4.59822
16550 4.59821
16551 4.59819
16552 4.59818
16553 4.59816
16554 4.59814
16555 4.59813
16556 4.59811
16557 4.5981
16558 4.59808
16559 4.59806
16560 4.59805
16561 4.59803
16562 4.59802
16563 4.598
16564 4.59798
16565 4.59797
16566 4.59795
16567 4.59794
16568 4.59792
16569 4.5979
16570 4.59789
16571 4.59787
16572 4.59786
16573 4.59784
16574 4.59782
16575 4.59781
16576 4.59779
16577 4.59778
16578 4.59776
16579 4.59774
16580 4.59773
16581 4.59771
16582 4.5977
16583 4.59768
16584 4.59766
16585 4.59765
16586 4.59763
16587 4.59762
16588 4.5976
16589 4.59758
16590 4.59757
16591 4.59755
16592 4.59754
16593 4.59752
16594 4.5975
16595 4.59749
16596 4.59747
16597 4.59746
16598 4.59744
16599 4.59742
16600 4.59741
16601 4.59739
16602 4.59738
16603 4.59736
16604 4.59734
16605 4.59733
16606 4.59731
16607 4.5973
16608 4.59728
16609 4.59726
16610 4.59725
16611 4.59723
16612 4.59722
16613 4.5972
16614 4.59718
16615 4.59717
16616 4.59715
16617 4.59714
16618 4.59712
16619 4.5971
16620 4.59709
16621 4.59707
16622 4.59706
16623 4.59704
16624 4.59702
16625 4.59701
16626 4.59699
16627 4.59698
16628 4.59696
16629 4.59694
16630 4.59693
16631 4.59691
16632 4.5969
16633 4.59688
16634 4.59686
16635 4.59685
16636 4.59683
16637 4.59682
16638 4.5968
16639 4.59678
16640 4.59677
16641 4.59675
16642 4.59674
16643 4.59672
16644 4.5967
16645 4.59669
16646 4.59667
16647 4.59666
16648 4.59664
16649 4.59662
16650 4.59661
16651 4.59659
16652 4.59658
16653 4.59656
16654 4.59654
16655 4.59653
16656 4.59651
16657 4.5965
16658 4.59648
16659 4.59646
16660 4.59645
16661 4.59643
16662 4.59642
16663 4.5964
16664 4.59638
16665 4.59637
16666 4.59635
16667 4.59634
16668 4.59632
16669 4.5963
16670 4.59629
16671 4.59627
16672 4.59626
16673 4.59624
16674 4.59623
16675 4.59621
16676 4.59619
16677 4.59618
16678 4.59616
16679 4.59615
16680 4.59613
16681 4.59611
16682 4.5961
16683 4.59608
16684 4.59607
16685 4.59605
16686 4.59603
16687 4.59602
16688 4.596
16689 4.59599
16690 4.59597
16691 4.59595
16692 4.59594
16693 4.59592
16694 4.59591
16695 4.59589
16696 4.59587
16697 4.59586
16698 4.59584
16699 4.59583
16700 4.59581
16701 4.5958
16702 4.59578
16703 4.59576
16704 4.59575
16705 4.59573
16706 4.59572
16707 4.5957
16708 4.59568
16709 4.59567
16710 4.59565
16711 4.59564
16712 4.59562
16713 4.5956
16714 4.59559
16715 4.59557
16716 4.59556
16717 4.59554
16718 4.59552
16719 4.59551
16720 4.59549
16721 4.59548
16722 4.59546
16723 4.59545
16724 4.59543
16725 4.59541
16726 4.5954
16727 4.59538
16728 4.59537
16729 4.59535
16730 4.59533
16731 4.59532
16732 4.5953
16733 4.59529
16734 4.59527
16735 4.59525
16736 4.59524
16737 4.59522
16738 4.59521
16739 4.59519
16740 4.59517
16741 4.59516
16742 4.59514
16743 4.59513
16744 4.59511
16745 4.5951
16746 4.59508
16747 4.59506
16748 4.59505
16749 4.59503
16750 4.59502
16751 4.595
16752 4.59498
16753 4.59497
16754 4.59495
16755 4.59494
16756 4.59492
16757 4.59491
16758 4.59489
16759 4.59487
16760 4.59486
16761 4.59484
16762 4.59483
16763 4.59481
16764 4.59479
16765 4.59478
16766 4.59476
16767 4.59475
16768 4.59473
16769 4.59471
16770 4.5947
16771 4.59468
16772 4.59467
16773 4.59465
16774 4.59464
16775 4.59462
16776 4.5946
16777 4.59459
16778 4.59457
16779 4.59456
16780 4.59454
16781 4.59452
16782 4.59451
16783 4.59449
16784 4.59448
16785 4.59446
16786 4.59445
16787 4.59443
16788 4.59441
16789 4.5944
16790 4.59438
16791 4.59437
16792 4.59435
16793 4.59433
16794 4.59432
16795 4.5943
16796 4.59429
16797 4.59427
16798 4.59426
16799 4.59424
16800 4.59422
16801 4.59421
16802 4.59419
16803 4.59418
16804 4.59416
16805 4.59414
16806 4.59413
16807 4.59411
16808 4.5941
16809 4.59408
16810 4.59407
16811 4.59405
16812 4.59403
16813 4.59402
16814 4.594
16815 4.59399
16816 4.59397
16817 4.59395
16818 4.59394
16819 4.59392
16820 4.59391
16821 4.59389
16822 4.59388
16823 4.59386
16824 4.59384
16825 4.59383
16826 4.59381
16827 4.5938
16828 4.59378
16829 4.59376
16830 4.59375
16831 4.59373
16832 4.59372
16833 4.5937
16834 4.59369
16835 4.59367
16836 4.59365
16837 4.59364
16838 4.59362
16839 4.59361
16840 4.59359
16841 4.59357
16842 4.59356
16843 4.59354
16844 4.59353
16845 4.59351
16846 4.5935
16847 4.59348
16848 4.59346
16849 4.59345
16850 4.59343
16851 4.59342
16852 4.5934
16853 4.59339
16854 4.59337
16855 4.59335
16856 4.59334
16857 4.59332
16858 4.59331
16859 4.59329
16860 4.59327
16861 4.59326
16862 4.59324
16863 4.59323
16864 4.59321
16865 4.5932
16866 4.59318
16867 4.59316
16868 4.59315
16869 4.59313
16870 4.59312
16871 4.5931
16872 4.59309
16873 4.59307
16874 4.59305
16875 4.59304
16876 4.59302
16877 4.59301
16878 4.59299
16879 4.59297
16880 4.59296
16881 4.59294
16882 4.59293
16883 4.59291
16884 4.5929
16885 4.59288
16886 4.59286
16887 4.59285
16888 4.59283
16889 4.59282
16890 4.5928
16891 4.59279
16892 4.59277
16893 4.59275
16894 4.59274
16895 4.59272
16896 4.59271
16897 4.59269
16898 4.59268
16899 4.59266
16900 4.59264
16901 4.59263
16902 4.59261
16903 4.5926
16904 4.59258
16905 4.59257
16906 4.59255
16907 4.59253
16908 4.59252
16909 4.5925
16910 4.59249
16911 4.59247
16912 4.59246
16913 4.59244
16914 4.59242
16915 4.59241
16916 4.59239
16917 4.59238
16918 4.59236
16919 4.59234
16920 4.59233
16921 4.59231
16922 4.5923
16923 4.59228
16924 4.59227
16925 4.59225
16926 4.59223
16927 4.59222
16928 4.5922
16929 4.59219
16930 4.59217
16931 4.59216
16932 4.59214
16933 4.59212
16934 4.59211
16935 4.59209
16936 4.59208
16937 4.59206
16938 4.59205
16939 4.59203
16940 4.59201
16941 4.592
16942 4.59198
16943 4.59197
16944 4.59195
16945 4.59194
16946 4.59192
16947 4.5919
16948 4.59189
16949 4.59187
16950 4.59186
16951 4.59184
16952 4.59183
16953 4.59181
16954 4.59179
16955 4.59178
16956 4.59176
16957 4.59175
16958 4.59173
16959 4.59172
16960 4.5917
16961 4.59168
16962 4.59167
16963 4.59165
16964 4.59164
16965 4.59162
16966 4.59161
16967 4.59159
16968 4.59157
16969 4.59156
16970 4.59154
16971 4.59153
16972 4.59151
16973 4.5915
16974 4.59148
16975 4.59146
16976 4.59145
16977 4.59143
16978 4.59142
16979 4.5914
16980 4.59139
16981 4.59137
16982 4.59136
16983 4.59134
16984 4.59132
16985 4.59131
16986 4.59129
16987 4.59128
16988 4.59126
16989 4.59125
16990 4.59123
16991 4.59121
16992 4.5912
16993 4.59118
16994 4.59117
16995 4.59115
16996 4.59114
16997 4.59112
16998 4.5911
16999 4.59109
17000 4.59107
17001 4.59106
17002 4.59104
17003 4.59103
17004 4.59101
17005 4.59099
17006 4.59098
17007 4.59096
17008 4.59095
17009 4.59093
17010 4.59092
17011 4.5909
17012 4.59088
17013 4.59087
17014 4.59085
17015 4.59084
17016 4.59082
17017 4.59081
17018 4.59079
17019 4.59078
17020 4.59076
17021 4.59074
17022 4.59073
17023 4.59071
17024 4.5907
17025 4.59068
17026 4.59067
17027 4.59065
17028 4.59063
17029 4.59062
17030 4.5906
17031 4.59059
17032 4.59057
17033 4.59056
17034 4.59054
17035 4.59052
17036 4.59051
17037 4.59049
17038 4.59048
17039 4.59046
17040 4.59045
17041 4.59043
17042 4.59042
17043 4.5904
17044 4.59038
17045 4.59037
17046 4.59035
17047 4.59034
17048 4.59032
17049 4.59031
17050 4.59029
17051 4.59027
17052 4.59026
17053 4.59024
17054 4.59023
17055 4.59021
17056 4.5902
17057 4.59018
17058 4.59017
17059 4.59015
17060 4.59013
17061 4.59012
17062 4.5901
17063 4.59009
17064 4.59007
17065 4.59006
17066 4.59004
17067 4.59002
17068 4.59001
17069 4.58999
17070 4.58998
17071 4.58996
17072 4.58995
17073 4.58993
17074 4.58992
17075 4.5899
17076 4.58988
17077 4.58987
17078 4.58985
17079 4.58984
17080 4.58982
17081 4.58981
17082 4.58979
17083 4.58977
17084 4.58976
17085 4.58974
17086 4.58973
17087 4.58971
17088 4.5897
17089 4.58968
17090 4.58967
17091 4.58965
17092 4.58963
17093 4.58962
17094 4.5896
17095 4.58959
17096 4.58957
17097 4.58956
17098 4.58954
17099 4.58953
17100 4.58951
17101 4.58949
17102 4.58948
17103 4.58946
17104 4.58945
17105 4.58943
17106 4.58942
17107 4.5894
17108 4.58938
17109 4.58937
17110 4.58935
17111 4.58934
17112 4.58932
17113 4.58931
17114 4.58929
17115 4.58928
17116 4.58926
17117 4.58924
17118 4.58923
17119 4.58921
17120 4.5892
17121 4.58918
17122 4.58917
17123 4.58915
17124 4.58914
17125 4.58912
17126 4.5891
17127 4.58909
17128 4.58907
17129 4.58906
17130 4.58904
17131 4.58903
17132 4.58901
17133 4.589
17134 4.58898
17135 4.58896
17136 4.58895
17137 4.58893
17138 4.58892
17139 4.5889
17140 4.58889
17141 4.58887
17142 4.58886
17143 4.58884
17144 4.58882
17145 4.58881
17146 4.58879
17147 4.58878
17148 4.58876
17149 4.58875
17150 4.58873
17151 4.58872
17152 4.5887
17153 4.58868
17154 4.58867
17155 4.58865
17156 4.58864
17157 4.58862
17158 4.58861
17159 4.58859
17160 4.58858
17161 4.58856
17162 4.58854
17163 4.58853
17164 4.58851
17165 4.5885
17166 4.58848
17167 4.58847
17168 4.58845
17169 4.58844
17170 4.58842
17171 4.5884
17172 4.58839
17173 4.58837
17174 4.58836
17175 4.58834
17176 4.58833
17177 4.58831
17178 4.5883
17179 4.58828
17180 4.58826
17181 4.58825
17182 4.58823
17183 4.58822
17184 4.5882
17185 4.58819
17186 4.58817
17187 4.58816
17188 4.58814
17189 4.58813
17190 4.58811
17191 4.58809
17192 4.58808
17193 4.58806
17194 4.58805
17195 4.58803
17196 4.58802
17197 4.588
17198 4.58799
17199 4.58797
17200 4.58795
17201 4.58794
17202 4.58792
17203 4.58791
17204 4.58789
17205 4.58788
17206 4.58786
17207 4.58785
17208 4.58783
17209 4.58781
17210 4.5878
17211 4.58778
17212 4.58777
17213 4.58775
17214 4.58774
17215 4.58772
17216 4.58771
17217 4.58769
17218 4.58768
17219 4.58766
17220 4.58764
17221 4.58763
17222 4.58761
17223 4.5876
17224 4.58758
17225 4.58757
17226 4.58755
17227 4.58754
17228 4.58752
17229 4.5875
17230 4.58749
17231 4.58747
17232 4.58746
17233 4.58744
17234 4.58743
17235 4.58741
17236 4.5874
17237 4.58738
17238 4.58737
17239 4.58735
17240 4.58733
17241 4.58732
17242 4.5873
17243 4.58729
17244 4.58727
17245 4.58726
17246 4.58724
17247 4.58723
17248 4.58721
17249 4.5872
17250 4.58718
17251 4.58716
17252 4.58715
17253 4.58713
17254 4.58712
17255 4.5871
17256 4.58709
17257 4.58707
17258 4.58706
17259 4.58704
17260 4.58703
17261 4.58701
17262 4.58699
17263 4.58698
17264 4.58696
17265 4.58695
17266 4.58693
17267 4.58692
17268 4.5869
17269 4.58689
17270 4.58687
17271 4.58686
17272 4.58684
17273 4.58682
17274 4.58681
17275 4.58679
17276 4.58678
17277 4.58676
17278 4.58675
17279 4.58673
17280 4.58672
17281 4.5867
17282 4.58669
17283 4.58667
17284 4.58665
17285 4.58664
17286 4.58662
17287 4.58661
17288 4.58659
17289 4.58658
17290 4.58656
17291 4.58655
17292 4.58653
17293 4.58652
17294 4.5865
17295 4.58648
17296 4.58647
17297 4.58645
17298 4.58644
17299 4.58642
17300 4.58641
17301 4.58639
17302 4.58638
17303 4.58636
17304 4.58635
17305 4.58633
17306 4.58631
17307 4.5863
17308 4.58628
17309 4.58627
17310 4.58625
17311 4.58624
17312 4.58622
17313 4.58621
17314 4.58619
17315 4.58618
17316 4.58616
17317 4.58614
17318 4.58613
17319 4.58611
17320 4.5861
17321 4.58608
17322 4.58607
17323 4.58605
17324 4.58604
17325 4.58602
17326 4.58601
17327 4.58599
17328 4.58598
17329 4.58596
17330 4.58594
17331 4.58593
17332 4.58591
17333 4.5859
17334 4.58588
17335 4.58587
17336 4.58585
17337 4.58584
17338 4.58582
17339 4.58581
17340 4.58579
17341 4.58577
17342 4.58576
17343 4.58574
17344 4.58573
17345 4.58571
17346 4.5857
17347 4.58568
17348 4.58567
17349 4.58565
17350 4.58564
17351 4.58562
17352 4.58561
17353 4.58559
17354 4.58557
17355 4.58556
17356 4.58554
17357 4.58553
17358 4.58551
17359 4.5855
17360 4.58548
17361 4.58547
17362 4.58545
17363 4.58544
17364 4.58542
17365 4.58541
17366 4.58539
17367 4.58537
17368 4.58536
17369 4.58534
17370 4.58533
17371 4.58531
17372 4.5853
17373 4.58528
17374 4.58527
17375 4.58525
17376 4.58524
17377 4.58522
17378 4.58521
17379 4.58519
17380 4.58517
17381 4.58516
17382 4.58514
17383 4.58513
17384 4.58511
17385 4.5851
17386 4.58508
17387 4.58507
17388 4.58505
17389 4.58504
17390 4.58502
17391 4.58501
17392 4.58499
17393 4.58498
17394 4.58496
17395 4.58494
17396 4.58493
17397 4.58491
17398 4.5849
17399 4.58488
17400 4.58487
17401 4.58485
17402 4.58484
17403 4.58482
17404 4.58481
17405 4.58479
17406 4.58478
17407 4.58476
17408 4.58474
17409 4.58473
17410 4.58471
17411 4.5847
17412 4.58468
17413 4.58467
17414 4.58465
17415 4.58464
17416 4.58462
17417 4.58461
17418 4.58459
17419 4.58458
17420 4.58456
17421 4.58455
17422 4.58453
17423 4.58451
17424 4.5845
17425 4.58448
17426 4.58447
17427 4.58445
17428 4.58444
17429 4.58442
17430 4.58441
17431 4.58439
17432 4.58438
17433 4.58436
17434 4.58435
17435 4.58433
17436 4.58432
17437 4.5843
17438 4.58428
17439 4.58427
17440 4.58425
17441 4.58424
17442 4.58422
17443 4.58421
17444 4.58419
17445 4.58418
17446 4.58416
17447 4.58415
17448 4.58413
17449 4.58412
17450 4.5841
17451 4.58409
17452 4.58407
17453 4.58405
17454 4.58404
17455 4.58402
17456 4.58401
17457 4.58399
17458 4.58398
17459 4.58396
17460 4.58395
17461 4.58393
17462 4.58392
17463 4.5839
17464 4.58389
17465 4.58387
17466 4.58386
17467 4.58384
17468 4.58382
17469 4.58381
17470 4.58379
17471 4.58378
17472 4.58376
17473 4.58375
17474 4.58373
17475 4.58372
17476 4.5837
17477 4.58369
17478 4.58367
17479 4.58366
17480 4.58364
17481 4.58363
17482 4.58361
17483 4.5836
17484 4.58358
17485 4.58356
17486 4.58355
17487 4.58353
17488 4.58352
17489 4.5835
17490 4.58349
17491 4.58347
17492 4.58346
17493 4.58344
17494 4.58343
17495 4.58341
17496 4.5834
17497 4.58338
17498 4.58337
17499 4.58335
17500 4.58334
17501 4.58332
17502 4.5833
17503 4.58329
17504 4.58327
17505 4.58326
17506 4.58324
17507 4.58323
17508 4.58321
17509 4.5832
17510 4.58318
17511 4.58317
17512 4.58315
17513 4.58314
17514 4.58312
17515 4.58311
17516 4.58309
17517 4.58308
17518 4.58306
17519 4.58305
17520 4.58303
17521 4.58301
17522 4.583
17523 4.58298
17524 4.58297
17525 4.58295
17526 4.58294
17527 4.58292
17528 4.58291
17529 4.58289
17530 4.58288
17531 4.58286
17532 4.58285
17533 4.58283
17534 4.58282
17535 4.5828
17536 4.58279
17537 4.58277
17538 4.58276
17539 4.58274
17540 4.58272
17541 4.58271
17542 4.58269
17543 4.58268
17544 4.58266
17545 4.58265
17546 4.58263
17547 4.58262
17548 4.5826
17549 4.58259
17550 4.58257
17551 4.58256
17552 4.58254
17553 4.58253
17554 4.58251
17555 4.5825
17556 4.58248
17557 4.58247
17558 4.58245
17559 4.58244
17560 4.58242
17561 4.5824
17562 4.58239
17563 4.58237
17564 4.58236
17565 4.58234
17566 4.58233
17567 4.58231
17568 4.5823
17569 4.58228
17570 4.58227
17571 4.58225
17572 4.58224
17573 4.58222
17574 4.58221
17575 4.58219
17576 4.58218
17577 4.58216
17578 4.58215
17579 4.58213
17580 4.58212
17581 4.5821
17582 4.58208
17583 4.58207
17584 4.58205
17585 4.58204
17586 4.58202
17587 4.58201
17588 4.58199
17589 4.58198
17590 4.58196
17591 4.58195
17592 4.58193
17593 4.58192
17594 4.5819
17595 4.58189
17596 4.58187
17597 4.58186
17598 4.58184
17599 4.58183
17600 4.58181
17601 4.5818
17602 4.58178
17603 4.58177
17604 4.58175
17605 4.58174
17606 4.58172
17607 4.5817
17608 4.58169
17609 4.58167
17610 4.58166
17611 4.58164
17612 4.58163
17613 4.58161
17614 4.5816
17615 4.58158
17616 4.58157
17617 4.58155
17618 4.58154
17619 4.58152
17620 4.58151
17621 4.58149
17622 4.58148
17623 4.58146
17624 4.58145
17625 4.58143
17626 4.58142
17627 4.5814
17628 4.58139
17629 4.58137
17630 4.58136
17631 4.58134
17632 4.58132
17633 4.58131
17634 4.58129
17635 4.58128
17636 4.58126
17637 4.58125
17638 4.58123
17639 4.58122
17640 4.5812
17641 4.58119
17642 4.58117
17643 4.58116
17644 4.58114
17645 4.58113
17646 4.58111
17647 4.5811
17648 4.58108
17649 4.58107
17650 4.58105
17651 4.58104
17652 4.58102
17653 4.58101
17654 4.58099
17655 4.58098
17656 4.58096
17657 4.58095
17658 4.58093
17659 4.58092
17660 4.5809
17661 4.58088
17662 4.58087
17663 4.58085
17664 4.58084
17665 4.58082
17666 4.58081
17667 4.58079
17668 4.58078
17669 4.58076
17670 4.58075
17671 4.58073
17672 4.58072
17673 4.5807
17674 4.58069
17675 4.58067
17676 4.58066
17677 4.58064
17678 4.58063
17679 4.58061
17680 4.5806
17681 4.58058
17682 4.58057
17683 4.58055
17684 4.58054
17685 4.58052
17686 4.58051
17687 4.58049
17688 4.58048
17689 4.58046
17690 4.58045
17691 4.58043
17692 4.58042
17693 4.5804
17694 4.58038
17695 4.58037
17696 4.58035
17697 4.58034
17698 4.58032
17699 4.58031
17700 4.58029
17701 4.58028
17702 4.58026
17703 4.58025
17704 4.58023
17705 4.58022
17706 4.5802
17707 4.58019
17708 4.58017
17709 4.58016
17710 4.58014
17711 4.58013
17712 4.58011
17713 4.5801
17714 4.58008
17715 4.58007
17716 4.58005
17717 4.58004
17718 4.58002
17719 4.58001
17720 4.57999
17721 4.57998
17722 4.57996
17723 4.57995
17724 4.57993
17725 4.57992
17726 4.5799
17727 4.57989
17728 4.57987
17729 4.57986
17730 4.57984
17731 4.57983
17732 4.57981
17733 4.5798
17734 4.57978
17735 4.57976
17736 4.57975
17737 4.57973
17738 4.57972
17739 4.5797
17740 4.57969
17741 4.57967
17742 4.57966
17743 4.57964
17744 4.57963
17745 4.57961
17746 4.5796
17747 4.57958
17748 4.57957
17749 4.57955
17750 4.57954
17751 4.57952
17752 4.57951
17753 4.57949
17754 4.57948
17755 4.57946
17756 4.57945
17757 4.57943
17758 4.57942
17759 4.5794
17760 4.57939
17761 4.57937
17762 4.57936
17763 4.57934
17764 4.57933
17765 4.57931
17766 4.5793
17767 4.57928
17768 4.57927
17769 4.57925
17770 4.57924
17771 4.57922
17772 4.57921
17773 4.57919
17774 4.57918
17775 4.57916
17776 4.57915
17777 4.57913
17778 4.57912
17779 4.5791
17780 4.57909
17781 4.57907
17782 4.57906
17783 4.57904
17784 4.57903
17785 4.57901
17786 4.579
17787 4.57898
17788 4.57897
17789 4.57895
17790 4.57894
17791 4.57892
17792 4.57891
17793 4.57889
17794 4.57887
17795 4.57886
17796 4.57884
17797 4.57883
17798 4.57881
17799 4.5788
17800 4.57878
17801 4.57877
17802 4.57875
17803 4.57874
17804 4.57872
17805 4.57871
17806 4.57869
17807 4.57868
17808 4.57866
17809 4.57865
17810 4.57863
17811 4.57862
17812 4.5786
17813 4.57859
17814 4.57857
17815 4.57856
17816 4.57854
17817 4.57853
17818 4.57851
17819 4.5785
17820 4.57848
17821 4.57847
17822 4.57845
17823 4.57844
17824 4.57842
17825 4.57841
17826 4.57839
17827 4.57838
17828 4.57836
17829 4.57835
17830 4.57833
17831 4.57832
17832 4.5783
17833 4.57829
17834 4.57827
17835 4.57826
17836 4.57824
17837 4.57823
17838 4.57821
17839 4.5782
17840 4.57818
17841 4.57817
17842 4.57815
17843 4.57814
17844 4.57812
17845 4.57811
17846 4.57809
17847 4.57808
17848 4.57806
17849 4.57805
17850 4.57803
17851 4.57802
17852 4.578
17853 4.57799
17854 4.57797
17855 4.57796
17856 4.57794
17857 4.57793
17858 4.57791
17859 4.5779
17860 4.57788
17861 4.57787
17862 4.57785
17863 4.57784
17864 4.57782
17865 4.57781
17866 4.57779
17867 4.57778
17868 4.57776
17869 4.57775
17870 4.57773
17871 4.57772
17872 4.5777
17873 4.57769
17874 4.57767
17875 4.57766
17876 4.57764
17877 4.57763
17878 4.57761
17879 4.5776
17880 4.57758
17881 4.57757
17882 4.57755
17883 4.57754
17884 4.57752
17885 4.57751
17886 4.57749
17887 4.57748
17888 4.57746
17889 4.57745
17890 4.57743
17891 4.57742
17892 4.5774
17893 4.57739
17894 4.57737
17895 4.57736
17896 4.57734
17897 4.57733
17898 4.57731
17899 4.5773
17900 4.57728
17901 4.57727
17902 4.57725
17903 4.57724
17904 4.57722
17905 4.57721
17906 4.57719
17907 4.57718
17908 4.57716
17909 4.57715
17910 4.57713
17911 4.57712
17912 4.5771
17913 4.57709
17914 4.57707
17915 4.57706
17916 4.57704
17917 4.57703
17918 4.57701
17919 4.577
17920 4.57698
17921 4.57697
17922 4.57695
17923 4.57694
17924 4.57692
17925 4.57691
17926 4.57689
17927 4.57688
17928 4.57686
17929 4.57685
17930 4.57683
17931 4.57682
17932 4.5768
17933 4.57679
17934 4.57677
17935 4.57676
17936 4.57674
17937 4.57673
17938 4.57671
17939 4.5767
17940 4.57668
17941 4.57667
17942 4.57665
17943 4.57664
17944 4.57662
17945 4.57661
17946 4.57659
17947 4.57658
17948 4.57656
17949 4.57655
17950 4.57653
17951 4.57652
17952 4.5765
17953 4.57649
17954 4.57647
17955 4.57646
17956 4.57644
17957 4.57643
17958 4.57641
17959 4.5764
17960 4.57638
17961 4.57637
17962 4.57635
17963 4.57634
17964 4.57632
17965 4.57631
17966 4.57629
17967 4.57628
17968 4.57627
17969 4.57625
17970 4.57624
17971 4.57622
17972 4.57621
17973 4.57619
17974 4.57618
17975 4.57616
17976 4.57615
17977 4.57613
17978 4.57612
17979 4.5761
17980 4.57609
17981 4.57607
17982 4.57606
17983 4.57604
17984 4.57603
17985 4.57601
17986 4.576
17987 4.57598
17988 4.57597
17989 4.57595
17990 4.57594
17991 4.57592
17992 4.57591
17993 4.57589
17994 4.57588
17995 4.57586
17996 4.57585
17997 4.57583
17998 4.57582
17999 4.5758
18000 4.57579
18001 4.57577
18002 4.57576
18003 4.57574
18004 4.57573
18005 4.57571
18006 4.5757
18007 4.57568
18008 4.57567
18009 4.57565
18010 4.57564
18011 4.57562
18012 4.57561
18013 4.57559
18014 4.57558
18015 4.57556
18016 4.57555
18017 4.57553
18018 4.57552
18019 4.5755
18020 4.57549
18021 4.57547
18022 4.57546
18023 4.57544
18024 4.57543
18025 4.57541
18026 4.5754
18027 4.57539
18028 4.57537
18029 4.57536
18030 4.57534
18031 4.57533
18032 4.57531
18033 4.5753
18034 4.57528
18035 4.57527
18036 4.57525
18037 4.57524
18038 4.57522
18039 4.57521
18040 4.57519
18041 4.57518
18042 4.57516
18043 4.57515
18044 4.57513
18045 4.57512
18046 4.5751
18047 4.57509
18048 4.57507
18049 4.57506
18050 4.57504
18051 4.57503
18052 4.57501
18053 4.575
18054 4.57498
18055 4.57497
18056 4.57495
18057 4.57494
18058 4.57492
18059 4.57491
18060 4.57489
18061 4.57488
18062 4.57486
18063 4.57485
18064 4.57483
18065 4.57482
18066 4.5748
18067 4.57479
18068 4.57478
18069 4.57476
18070 4.57475
18071 4.57473
18072 4.57472
18073 4.5747
18074 4.57469
18075 4.57467
18076 4.57466
18077 4.57464
18078 4.57463
18079 4.57461
18080 4.5746
18081 4.57458
18082 4.57457
18083 4.57455
18084 4.57454
18085 4.57452
18086 4.57451
18087 4.57449
18088 4.57448
18089 4.57446
18090 4.57445
18091 4.57443
18092 4.57442
18093 4.5744
18094 4.57439
18095 4.57437
18096 4.57436
18097 4.57434
18098 4.57433
18099 4.57431
18100 4.5743
18101 4.57428
18102 4.57427
18103 4.57426
18104 4.57424
18105 4.57423
18106 4.57421
18107 4.5742
18108 4.57418
18109 4.57417
18110 4.57415
18111 4.57414
18112 4.57412
18113 4.57411
18114 4.57409
18115 4.57408
18116 4.57406
18117 4.57405
18118 4.57403
18119 4.57402
18120 4.574
18121 4.57399
18122 4.57397
18123 4.57396
18124 4.57394
18125 4.57393
18126 4.57391
18127 4.5739
18128 4.57388
18129 4.57387
18130 4.57385
18131 4.57384
18132 4.57383
18133 4.57381
18134 4.5738
18135 4.57378
18136 4.57377
18137 4.57375
18138 4.57374
18139 4.57372
18140 4.57371
18141 4.57369
18142 4.57368
18143 4.57366
18144 4.57365
18145 4.57363
18146 4.57362
18147 4.5736
18148 4.57359
18149 4.57357
18150 4.57356
18151 4.57354
18152 4.57353
18153 4.57351
18154 4.5735
18155 4.57348
18156 4.57347
18157 4.57345
18158 4.57344
18159 4.57343
18160 4.57341
18161 4.5734
18162 4.57338
18163 4.57337
18164 4.57335
18165 4.57334
18166 4.57332
18167 4.57331
18168 4.57329
18169 4.57328
18170 4.57326
18171 4.57325
18172 4.57323
18173 4.57322
18174 4.5732
18175 4.57319
18176 4.57317
18177 4.57316
18178 4.57314
18179 4.57313
18180 4.57311
18181 4.5731
18182 4.57309
18183 4.57307
18184 4.57306
18185 4.57304
18186 4.57303
18187 4.57301
18188 4.573
18189 4.57298
18190 4.57297
18191 4.57295
18192 4.57294
18193 4.57292
18194 4.57291
18195 4.57289
18196 4.57288
18197 4.57286
18198 4.57285
18199 4.57283
18200 4.57282
18201 4.5728
18202 4.57279
18203 4.57277
18204 4.57276
18205 4.57275
18206 4.57273
18207 4.57272
18208 4.5727
18209 4.57269
18210 4.57267
18211 4.57266
18212 4.57264
18213 4.57263
18214 4.57261
18215 4.5726
18216 4.57258
18217 4.57257
18218 4.57255
18219 4.57254
18220 4.57252
18221 4.57251
18222 4.57249
18223 4.57248
18224 4.57246
18225 4.57245
18226 4.57244
18227 4.57242
18228 4.57241
18229 4.57239
18230 4.57238
18231 4.57236
18232 4.57235
18233 4.57233
18234 4.57232
18235 4.5723
18236 4.57229
18237 4.57227
18238 4.57226
18239 4.57224
18240 4.57223
18241 4.57221
18242 4.5722
18243 4.57218
18244 4.57217
18245 4.57216
18246 4.57214
18247 4.57213
18248 4.57211
18249 4.5721
18250 4.57208
18251 4.57207
18252 4.57205
18253 4.57204
18254 4.57202
18255 4.57201
18256 4.57199
18257 4.57198
18258 4.57196
18259 4.57195
18260 4.57193
18261 4.57192
18262 4.5719
18263 4.57189
18264 4.57188
18265 4.57186
18266 4.57185
18267 4.57183
18268 4.57182
18269 4.5718
18270 4.57179
18271 4.57177
18272 4.57176
18273 4.57174
18274 4.57173
18275 4.57171
18276 4.5717
18277 4.57168
18278 4.57167
18279 4.57165
18280 4.57164
18281 4.57163
18282 4.57161
18283 4.5716
18284 4.57158
18285 4.57157
18286 4.57155
18287 4.57154
18288 4.57152
18289 4.57151
18290 4.57149
18291 4.57148
18292 4.57146
18293 4.57145
18294 4.57143
18295 4.57142
18296 4.5714
18297 4.57139
18298 4.57138
18299 4.57136
18300 4.57135
18301 4.57133
18302 4.57132
18303 4.5713
18304 4.57129
18305 4.57127
18306 4.57126
18307 4.57124
18308 4.57123
18309 4.57121
18310 4.5712
18311 4.57118
18312 4.57117
18313 4.57115
18314 4.57114
18315 4.57113
18316 4.57111
18317 4.5711
18318 4.57108
18319 4.57107
18320 4.57105
18321 4.57104
18322 4.57102
18323 4.57101
18324 4.57099
18325 4.57098
18326 4.57096
18327 4.57095
18328 4.57093
18329 4.57092
18330 4.57091
18331 4.57089
18332 4.57088
18333 4.57086
18334 4.57085
18335 4.57083
18336 4.57082
18337 4.5708
18338 4.57079
18339 4.57077
18340 4.57076
18341 4.57074
18342 4.57073
18343 4.57071
18344 4.5707
18345 4.57069
18346 4.57067
18347 4.57066
18348 4.57064
18349 4.57063
18350 4.57061
18351 4.5706
18352 4.57058
18353 4.57057
18354 4.57055
18355 4.57054
18356 4.57052
18357 4.57051
18358 4.57049
18359 4.57048
18360 4.57047
18361 4.57045
18362 4.57044
18363 4.57042
18364 4.57041
18365 4.57039
18366 4.57038
18367 4.57036
18368 4.57035
18369 4.57033
18370 4.57032
18371 4.5703
18372 4.57029
18373 4.57027
18374 4.57026
18375 4.57025
18376 4.57023
18377 4.57022
18378 4.5702
18379 4.57019
18380 4.57017
18381 4.57016
18382 4.57014
18383 4.57013
18384 4.57011
18385 4.5701
18386 4.57008
18387 4.57007
18388 4.57006
18389 4.57004
18390 4.57003
18391 4.57001
18392 4.57
18393 4.56998
18394 4.56997
18395 4.56995
18396 4.56994
18397 4.56992
18398 4.56991
18399 4.56989
18400 4.56988
18401 4.56986
18402 4.56985
18403 4.56984
18404 4.56982
18405 4.56981
18406 4.56979
18407 4.56978
18408 4.56976
18409 4.56975
18410 4.56973
18411 4.56972
18412 4.5697
18413 4.56969
18414 4.56967
18415 4.56966
18416 4.56965
18417 4.56963
18418 4.56962
18419 4.5696
18420 4.56959
18421 4.56957
18422 4.56956
18423 4.56954
18424 4.56953
18425 4.56951
18426 4.5695
18427 4.56948
18428 4.56947
18429 4.56946
18430 4.56944
18431 4.56943
18432 4.56941
18433 4.5694
18434 4.56938
18435 4.56937
18436 4.56935
18437 4.56934
18438 4.56932
18439 4.56931
18440 4.56929
18441 4.56928
18442 4.56927
18443 4.56925
18444 4.56924
18445 4.56922
18446 4.56921
18447 4.56919
18448 4.56918
18449 4.56916
18450 4.56915
18451 4.56913
18452 4.56912
18453 4.56911
18454 4.56909
18455 4.56908
18456 4.56906
18457 4.56905
18458 4.56903
18459 4.56902
18460 4.569
18461 4.56899
18462 4.56897
18463 4.56896
18464 4.56894
18465 4.56893
18466 4.56892
18467 4.5689
18468 4.56889
18469 4.56887
18470 4.56886
18471 4.56884
18472 4.56883
18473 4.56881
18474 4.5688
18475 4.56878
18476 4.56877
18477 4.56876
18478 4.56874
18479 4.56873
18480 4.56871
18481 4.5687
18482 4.56868
18483 4.56867
18484 4.56865
18485 4.56864
18486 4.56862
18487 4.56861
18488 4.56859
18489 4.56858
18490 4.56857
18491 4.56855
18492 4.56854
18493 4.56852
18494 4.56851
18495 4.56849
18496 4.56848
18497 4.56846
18498 4.56845
18499 4.56843
18500 4.56842
18501 4.56841
18502 4.56839
18503 4.56838
18504 4.56836
18505 4.56835
18506 4.56833
18507 4.56832
18508 4.5683
18509 4.56829
18510 4.56827
18511 4.56826
18512 4.56825
18513 4.56823
18514 4.56822
18515 4.5682
18516 4.56819
18517 4.56817
18518 4.56816
18519 4.56814
18520 4.56813
18521 4.56811
18522 4.5681
18523 4.56809
18524 4.56807
18525 4.56806
18526 4.56804
18527 4.56803
18528 4.56801
18529 4.568
18530 4.56798
18531 4.56797
18532 4.56795
18533 4.56794
18534 4.56793
18535 4.56791
18536 4.5679
18537 4.56788
18538 4.56787
18539 4.56785
18540 4.56784
18541 4.56782
18542 4.56781
18543 4.56779
18544 4.56778
18545 4.56777
18546 4.56775
18547 4.56774
18548 4.56772
18549 4.56771
18550 4.56769
18551 4.56768
18552 4.56766
18553 4.56765
18554 4.56764
18555 4.56762
18556 4.56761
18557 4.56759
18558 4.56758
18559 4.56756
18560 4.56755
18561 4.56753
18562 4.56752
18563 4.5675
18564 4.56749
18565 4.56748
18566 4.56746
18567 4.56745
18568 4.56743
18569 4.56742
18570 4.5674
18571 4.56739
18572 4.56737
18573 4.56736
18574 4.56734
18575 4.56733
18576 4.56732
18577 4.5673
18578 4.56729
18579 4.56727
18580 4.56726
18581 4.56724
18582 4.56723
18583 4.56721
18584 4.5672
18585 4.56719
18586 4.56717
18587 4.56716
18588 4.56714
18589 4.56713
18590 4.56711
18591 4.5671
18592 4.56708
18593 4.56707
18594 4.56706
18595 4.56704
18596 4.56703
18597 4.56701
18598 4.567
18599 4.56698
18600 4.56697
18601 4.56695
18602 4.56694
18603 4.56692
18604 4.56691
18605 4.5669
18606 4.56688
18607 4.56687
18608 4.56685
18609 4.56684
18610 4.56682
18611 4.56681
18612 4.56679
18613 4.56678
18614 4.56677
18615 4.56675
18616 4.56674
18617 4.56672
18618 4.56671
18619 4.56669
18620 4.56668
18621 4.56666
18622 4.56665
18623 4.56664
18624 4.56662
18625 4.56661
18626 4.56659
18627 4.56658
18628 4.56656
18629 4.56655
18630 4.56653
18631 4.56652
18632 4.5665
18633 4.56649
18634 4.56648
18635 4.56646
18636 4.56645
18637 4.56643
18638 4.56642
18639 4.5664
18640 4.56639
18641 4.56637
18642 4.56636
18643 4.56635
18644 4.56633
18645 4.56632
18646 4.5663
18647 4.56629
18648 4.56627
18649 4.56626
18650 4.56624
18651 4.56623
18652 4.56622
18653 4.5662
18654 4.56619
18655 4.56617
18656 4.56616
18657 4.56614
18658 4.56613
18659 4.56611
18660 4.5661
18661 4.56609
18662 4.56607
18663 4.56606
18664 4.56604
18665 4.56603
18666 4.56601
18667 4.566
18668 4.56598
18669 4.56597
18670 4.56596
18671 4.56594
18672 4.56593
18673 4.56591
18674 4.5659
18675 4.56588
18676 4.56587
18677 4.56585
18678 4.56584
18679 4.56583
18680 4.56581
18681 4.5658
18682 4.56578
18683 4.56577
18684 4.56575
18685 4.56574
18686 4.56572
18687 4.56571
18688 4.5657
18689 4.56568
18690 4.56567
18691 4.56565
18692 4.56564
18693 4.56562
18694 4.56561
18695 4.56559
18696 4.56558
18697 4.56557
18698 4.56555
18699 4.56554
18700 4.56552
18701 4.56551
18702 4.56549
18703 4.56548
18704 4.56547
18705 4.56545
18706 4.56544
18707 4.56542
18708 4.56541
18709 4.56539
18710 4.56538
18711 4.56536
18712 4.56535
18713 4.56534
18714 4.56532
18715 4.56531
18716 4.56529
18717 4.56528
18718 4.56526
18719 4.56525
18720 4.56523
18721 4.56522
18722 4.56521
18723 4.56519
18724 4.56518
18725 4.56516
18726 4.56515
18727 4.56513
18728 4.56512
18729 4.56511
18730 4.56509
18731 4.56508
18732 4.56506
18733 4.56505
18734 4.56503
18735 4.56502
18736 4.565
18737 4.56499
18738 4.56498
18739 4.56496
18740 4.56495
18741 4.56493
18742 4.56492
18743 4.5649
18744 4.56489
18745 4.56487
18746 4.56486
18747 4.56485
18748 4.56483
18749 4.56482
18750 4.5648
18751 4.56479
18752 4.56477
18753 4.56476
18754 4.56475
18755 4.56473
18756 4.56472
18757 4.5647
18758 4.56469
18759 4.56467
18760 4.56466
18761 4.56464
18762 4.56463
18763 4.56462
18764 4.5646
18765 4.56459
18766 4.56457
18767 4.56456
18768 4.56454
18769 4.56453
18770 4.56452
18771 4.5645
18772 4.56449
18773 4.56447
18774 4.56446
18775 4.56444
18776 4.56443
18777 4.56441
18778 4.5644
18779 4.56439
18780 4.56437
18781 4.56436
18782 4.56434
18783 4.56433
18784 4.56431
18785 4.5643
18786 4.56429
18787 4.56427
18788 4.56426
18789 4.56424
18790 4.56423
18791 4.56421
18792 4.5642
18793 4.56419
18794 4.56417
18795 4.56416
18796 4.56414
18797 4.56413
18798 4.56411
18799 4.5641
18800 4.56408
18801 4.56407
18802 4.56406
18803 4.56404
18804 4.56403
18805 4.56401
18806 4.564
18807 4.56398
18808 4.56397
18809 4.56396
18810 4.56394
18811 4.56393
18812 4.56391
18813 4.5639
18814 4.56388
18815 4.56387
18816 4.56386
18817 4.56384
18818 4.56383
18819 4.56381
18820 4.5638
18821 4.56378
18822 4.56377
18823 4.56375
18824 4.56374
18825 4.56373
18826 4.56371
18827 4.5637
18828 4.56368
18829 4.56367
18830 4.56365
18831 4.56364
18832 4.56363
18833 4.56361
18834 4.5636
18835 4.56358
18836 4.56357
18837 4.56355
18838 4.56354
18839 4.56353
18840 4.56351
18841 4.5635
18842 4.56348
18843 4.56347
18844 4.56345
18845 4.56344
18846 4.56343
18847 4.56341
18848 4.5634
18849 4.56338
18850 4.56337
18851 4.56335
18852 4.56334
18853 4.56333
18854 4.56331
18855 4.5633
18856 4.56328
18857 4.56327
18858 4.56325
18859 4.56324
18860 4.56323
18861 4.56321
18862 4.5632
18863 4.56318
18864 4.56317
18865 4.56315
18866 4.56314
18867 4.56313
18868 4.56311
18869 4.5631
18870 4.56308
18871 4.56307
18872 4.56305
18873 4.56304
18874 4.56302
18875 4.56301
18876 4.563
18877 4.56298
18878 4.56297
18879 4.56295
18880 4.56294
18881 4.56292
18882 4.56291
18883 4.5629
18884 4.56288
18885 4.56287
18886 4.56285
18887 4.56284
18888 4.56282
18889 4.56281
18890 4.5628
18891 4.56278
18892 4.56277
18893 4.56275
18894 4.56274
18895 4.56272
18896 4.56271
18897 4.5627
18898 4.56268
18899 4.56267
18900 4.56265
18901 4.56264
18902 4.56262
18903 4.56261
18904 4.5626
18905 4.56258
18906 4.56257
18907 4.56255
18908 4.56254
18909 4.56253
18910 4.56251
18911 4.5625
18912 4.56248
18913 4.56247
18914 4.56245
18915 4.56244
18916 4.56243
18917 4.56241
18918 4.5624
18919 4.56238
18920 4.56237
18921 4.56235
18922 4.56234
18923 4.56233
18924 4.56231
18925 4.5623
18926 4.56228
18927 4.56227
18928 4.56225
18929 4.56224
18930 4.56223
18931 4.56221
18932 4.5622
18933 4.56218
18934 4.56217
18935 4.56215
18936 4.56214
18937 4.56213
18938 4.56211
18939 4.5621
18940 4.56208
18941 4.56207
18942 4.56205
18943 4.56204
18944 4.56203
18945 4.56201
18946 4.562
18947 4.56198
18948 4.56197
18949 4.56195
18950 4.56194
18951 4.56193
18952 4.56191
18953 4.5619
18954 4.56188
18955 4.56187
18956 4.56186
18957 4.56184
18958 4.56183
18959 4.56181
18960 4.5618
18961 4.56178
18962 4.56177
18963 4.56176
18964 4.56174
18965 4.56173
18966 4.56171
18967 4.5617
18968 4.56168
18969 4.56167
18970 4.56166
18971 4.56164
18972 4.56163
18973 4.56161
18974 4.5616
18975 4.56158
18976 4.56157
18977 4.56156
18978 4.56154
18979 4.56153
18980 4.56151
18981 4.5615
18982 4.56149
18983 4.56147
18984 4.56146
18985 4.56144
18986 4.56143
18987 4.56141
18988 4.5614
18989 4.56139
18990 4.56137
18991 4.56136
18992 4.56134
18993 4.56133
18994 4.56131
18995 4.5613
18996 4.56129
18997 4.56127
18998 4.56126
18999 4.56124
19000 4.56123
19001 4.56122
19002 4.5612
19003 4.56119
19004 4.56117
19005 4.56116
19006 4.56114
19007 4.56113
19008 4.56112
19009 4.5611
19010 4.56109
19011 4.56107
19012 4.56106
19013 4.56104
19014 4.56103
19015 4.56102
19016 4.561
19017 4.56099
19018 4.56097
19019 4.56096
19020 4.56095
19021 4.56093
19022 4.56092
19023 4.5609
19024 4.56089
19025 4.56087
19026 4.56086
19027 4.56085
19028 4.56083
19029 4.56082
19030 4.5608
19031 4.56079
19032 4.56078
19033 4.56076
19034 4.56075
19035 4.56073
19036 4.56072
19037 4.5607
19038 4.56069
19039 4.56068
19040 4.56066
19041 4.56065
19042 4.56063
19043 4.56062
19044 4.5606
19045 4.56059
19046 4.56058
19047 4.56056
19048 4.56055
19049 4.56053
19050 4.56052
19051 4.56051
19052 4.56049
19053 4.56048
19054 4.56046
19055 4.56045
19056 4.56043
19057 4.56042
19058 4.56041
19059 4.56039
19060 4.56038
19061 4.56036
19062 4.56035
19063 4.56034
19064 4.56032
19065 4.56031
19066 4.56029
19067 4.56028
19068 4.56026
19069 4.56025
19070 4.56024
19071 4.56022
19072 4.56021
19073 4.56019
19074 4.56018
19075 4.56017
19076 4.56015
19077 4.56014
19078 4.56012
19079 4.56011
19080 4.56009
19081 4.56008
19082 4.56007
19083 4.56005
19084 4.56004
19085 4.56002
19086 4.56001
19087 4.56
19088 4.55998
19089 4.55997
19090 4.55995
19091 4.55994
19092 4.55993
19093 4.55991
19094 4.5599
19095 4.55988
19096 4.55987
19097 4.55985
19098 4.55984
19099 4.55983
19100 4.55981
19101 4.5598
19102 4.55978
19103 4.55977
19104 4.55976
19105 4.55974
19106 4.55973
19107 4.55971
19108 4.5597
19109 4.55968
19110 4.55967
19111 4.55966
19112 4.55964
19113 4.55963
19114 4.55961
19115 4.5596
19116 4.55959
19117 4.55957
19118 4.55956
19119 4.55954
19120 4.55953
19121 4.55952
19122 4.5595
19123 4.55949
19124 4.55947
19125 4.55946
19126 4.55944
19127 4.55943
19128 4.55942
19129 4.5594
19130 4.55939
19131 4.55937
19132 4.55936
19133 4.55935
19134 4.55933
19135 4.55932
19136 4.5593
19137 4.55929
19138 4.55928
19139 4.55926
19140 4.55925
19141 4.55923
19142 4.55922
19143 4.5592
19144 4.55919
19145 4.55918
19146 4.55916
19147 4.55915
19148 4.55913
19149 4.55912
19150 4.55911
19151 4.55909
19152 4.55908
19153 4.55906
19154 4.55905
19155 4.55904
19156 4.55902
19157 4.55901
19158 4.55899
19159 4.55898
19160 4.55897
19161 4.55895
19162 4.55894
19163 4.55892
19164 4.55891
19165 4.55889
19166 4.55888
19167 4.55887
19168 4.55885
19169 4.55884
19170 4.55882
19171 4.55881
19172 4.5588
19173 4.55878
19174 4.55877
19175 4.55875
19176 4.55874
19177 4.55873
19178 4.55871
19179 4.5587
19180 4.55868
19181 4.55867
19182 4.55866
19183 4.55864
19184 4.55863
19185 4.55861
19186 4.5586
19187 4.55858
19188 4.55857
19189 4.55856
19190 4.55854
19191 4.55853
19192 4.55851
19193 4.5585
19194 4.55849
19195 4.55847
19196 4.55846
19197 4.55844
19198 4.55843
19199 4.55842
19200 4.5584
19201 4.55839
19202 4.55837
19203 4.55836
19204 4.55835
19205 4.55833
19206 4.55832
19207 4.5583
19208 4.55829
19209 4.55828
19210 4.55826
19211 4.55825
19212 4.55823
19213 4.55822
19214 4.5582
19215 4.55819
19216 4.55818
19217 4.55816
19218 4.55815
19219 4.55813
19220 4.55812
19221 4.55811
19222 4.55809
19223 4.55808
19224 4.55806
19225 4.55805
19226 4.55804
19227 4.55802
19228 4.55801
19229 4.55799
19230 4.55798
19231 4.55797
19232 4.55795
19233 4.55794
19234 4.55792
19235 4.55791
19236 4.5579
19237 4.55788
19238 4.55787
19239 4.55785
19240 4.55784
19241 4.55783
19242 4.55781
19243 4.5578
19244 4.55778
19245 4.55777
19246 4.55776
19247 4.55774
19248 4.55773
19249 4.55771
19250 4.5577
19251 4.55769
19252 4.55767
19253 4.55766
19254 4.55764
19255 4.55763
19256 4.55761
19257 4.5576
19258 4.55759
19259 4.55757
19260 4.55756
19261 4.55754
19262 4.55753
19263 4.55752
19264 4.5575
19265 4.55749
19266 4.55747
19267 4.55746
19268 4.55745
19269 4.55743
19270 4.55742
19271 4.5574
19272 4.55739
19273 4.55738
19274 4.55736
19275 4.55735
19276 4.55733
19277 4.55732
19278 4.55731
19279 4.55729
19280 4.55728
19281 4.55726
19282 4.55725
19283 4.55724
19284 4.55722
19285 4.55721
19286 4.55719
19287 4.55718
19288 4.55717
19289 4.55715
19290 4.55714
19291 4.55712
19292 4.55711
19293 4.5571
19294 4.55708
19295 4.55707
19296 4.55705
19297 4.55704
19298 4.55703
19299 4.55701
19300 4.557
19301 4.55698
19302 4.55697
19303 4.55696
19304 4.55694
19305 4.55693
19306 4.55691
19307 4.5569
19308 4.55689
19309 4.55687
19310 4.55686
19311 4.55684
19312 4.55683
19313 4.55682
19314 4.5568
19315 4.55679
19316 4.55677
19317 4.55676
19318 4.55675
19319 4.55673
19320 4.55672
19321 4.5567
19322 4.55669
19323 4.55668
19324 4.55666
19325 4.55665
19326 4.55663
19327 4.55662
19328 4.55661
19329 4.55659
19330 4.55658
19331 4.55656
19332 4.55655
19333 4.55654
19334 4.55652
19335 4.55651
19336 4.55649
19337 4.55648
19338 4.55647
19339 4.55645
19340 4.55644
19341 4.55642
19342 4.55641
19343 4.5564
19344 4.55638
19345 4.55637
19346 4.55636
19347 4.55634
19348 4.55633
19349 4.55631
19350 4.5563
19351 4.55629
19352 4.55627
19353 4.55626
19354 4.55624
19355 4.55623
19356 4.55622
19357 4.5562
19358 4.55619
19359 4.55617
19360 4.55616
19361 4.55615
19362 4.55613
19363 4.55612
19364 4.5561
19365 4.55609
19366 4.55608
19367 4.55606
19368 4.55605
19369 4.55603
19370 4.55602
19371 4.55601
19372 4.55599
19373 4.55598
19374 4.55596
19375 4.55595
19376 4.55594
19377 4.55592
19378 4.55591
19379 4.55589
19380 4.55588
19381 4.55587
19382 4.55585
19383 4.55584
19384 4.55582
19385 4.55581
19386 4.5558
19387 4.55578
19388 4.55577
19389 4.55576
19390 4.55574
19391 4.55573
19392 4.55571
19393 4.5557
19394 4.55569
19395 4.55567
19396 4.55566
19397 4.55564
19398 4.55563
19399 4.55562
19400 4.5556
19401 4.55559
19402 4.55557
19403 4.55556
19404 4.55555
19405 4.55553
19406 4.55552
19407 4.5555
19408 4.55549
19409 4.55548
19410 4.55546
19411 4.55545
19412 4.55543
19413 4.55542
19414 4.55541
19415 4.55539
19416 4.55538
19417 4.55537
19418 4.55535
19419 4.55534
19420 4.55532
19421 4.55531
19422 4.5553
19423 4.55528
19424 4.55527
19425 4.55525
19426 4.55524
19427 4.55523
19428 4.55521
19429 4.5552
19430 4.55518
19431 4.55517
19432 4.55516
19433 4.55514
19434 4.55513
19435 4.55511
19436 4.5551
19437 4.55509
19438 4.55507
19439 4.55506
19440 4.55505
19441 4.55503
19442 4.55502
19443 4.555
19444 4.55499
19445 4.55498
19446 4.55496
19447 4.55495
19448 4.55493
19449 4.55492
19450 4.55491
19451 4.55489
19452 4.55488
19453 4.55486
19454 4.55485
19455 4.55484
19456 4.55482
19457 4.55481
19458 4.5548
19459 4.55478
19460 4.55477
19461 4.55475
19462 4.55474
19463 4.55473
19464 4.55471
19465 4.5547
19466 4.55468
19467 4.55467
19468 4.55466
19469 4.55464
19470 4.55463
19471 4.55461
19472 4.5546
19473 4.55459
19474 4.55457
19475 4.55456
19476 4.55455
19477 4.55453
19478 4.55452
19479 4.5545
19480 4.55449
19481 4.55448
19482 4.55446
19483 4.55445
19484 4.55443
19485 4.55442
19486 4.55441
19487 4.55439
19488 4.55438
19489 4.55437
19490 4.55435
19491 4.55434
19492 4.55432
19493 4.55431
19494 4.5543
19495 4.55428
19496 4.55427
19497 4.55425
19498 4.55424
19499 4.55423
19500 4.55421
19501 4.5542
19502 4.55418
19503 4.55417
19504 4.55416
19505 4.55414
19506 4.55413
19507 4.55412
19508 4.5541
19509 4.55409
19510 4.55407
19511 4.55406
19512 4.55405
19513 4.55403
19514 4.55402
19515 4.554
19516 4.55399
19517 4.55398
19518 4.55396
19519 4.55395
19520 4.55394
19521 4.55392
19522 4.55391
19523 4.55389
19524 4.55388
19525 4.55387
19526 4.55385
19527 4.55384
19528 4.55382
19529 4.55381
19530 4.5538
19531 4.55378
19532 4.55377
19533 4.55376
19534 4.55374
19535 4.55373
19536 4.55371
19537 4.5537
19538 4.55369
19539 4.55367
19540 4.55366
19541 4.55364
19542 4.55363
19543 4.55362
19544 4.5536
19545 4.55359
19546 4.55358
19547 4.55356
19548 4.55355
19549 4.55353
19550 4.55352
19551 4.55351
19552 4.55349
19553 4.55348
19554 4.55347
19555 4.55345
19556 4.55344
19557 4.55342
19558 4.55341
19559 4.5534
19560 4.55338
19561 4.55337
19562 4.55335
19563 4.55334
19564 4.55333
19565 4.55331
19566 4.5533
19567 4.55329
19568 4.55327
19569 4.55326
19570 4.55324
19571 4.55323
19572 4.55322
19573 4.5532
19574 4.55319
19575 4.55318
19576 4.55316
19577 4.55315
19578 4.55313
19579 4.55312
19580 4.55311
19581 4.55309
19582 4.55308
19583 4.55306
19584 4.55305
19585 4.55304
19586 4.55302
19587 4.55301
19588 4.553
19589 4.55298
19590 4.55297
19591 4.55295
19592 4.55294
19593 4.55293
19594 4.55291
19595 4.5529
19596 4.55289
19597 4.55287
19598 4.55286
19599 4.55284
19600 4.55283
19601 4.55282
19602 4.5528
19603 4.55279
19604 4.55277
19605 4.55276
19606 4.55275
19607 4.55273
19608 4.55272
19609 4.55271
19610 4.55269
19611 4.55268
19612 4.55266
19613 4.55265
19614 4.55264
19615 4.55262
19616 4.55261
19617 4.5526
19618 4.55258
19619 4.55257
19620 4.55255
19621 4.55254
19622 4.55253
19623 4.55251
19624 4.5525
19625 4.55249
19626 4.55247
19627 4.55246
19628 4.55244
19629 4.55243
19630 4.55242
19631 4.5524
19632 4.55239
19633 4.55238
19634 4.55236
19635 4.55235
19636 4.55233
19637 4.55232
19638 4.55231
19639 4.55229
19640 4.55228
19641 4.55227
19642 4.55225
19643 4.55224
19644 4.55222
19645 4.55221
19646 4.5522
19647 4.55218
19648 4.55217
19649 4.55216
19650 4.55214
19651 4.55213
19652 4.55211
19653 4.5521
19654 4.55209
19655 4.55207
19656 4.55206
19657 4.55205
19658 4.55203
19659 4.55202
19660 4.552
19661 4.55199
19662 4.55198
19663 4.55196
19664 4.55195
19665 4.55194
19666 4.55192
19667 4.55191
19668 4.55189
19669 4.55188
19670 4.55187
19671 4.55185
19672 4.55184
19673 4.55183
19674 4.55181
19675 4.5518
19676 4.55178
19677 4.55177
19678 4.55176
19679 4.55174
19680 4.55173
19681 4.55172
19682 4.5517
19683 4.55169
19684 4.55167
19685 4.55166
19686 4.55165
19687 4.55163
19688 4.55162
19689 4.55161
19690 4.55159
19691 4.55158
19692 4.55156
19693 4.55155
19694 4.55154
19695 4.55152
19696 4.55151
19697 4.5515
19698 4.55148
19699 4.55147
19700 4.55145
19701 4.55144
19702 4.55143
19703 4.55141
19704 4.5514
19705 4.55139
19706 4.55137
19707 4.55136
19708 4.55134
19709 4.55133
19710 4.55132
19711 4.5513
19712 4.55129
19713 4.55128
19714 4.55126
19715 4.55125
19716 4.55124
19717 4.55122
19718 4.55121
19719 4.55119
19720 4.55118
19721 4.55117
19722 4.55115
19723 4.55114
19724 4.55113
19725 4.55111
19726 4.5511
19727 4.55108
19728 4.55107
19729 4.55106
19730 4.55104
19731 4.55103
19732 4.55102
19733 4.551
19734 4.55099
19735 4.55097
19736 4.55096
19737 4.55095
19738 4.55093
19739 4.55092
19740 4.55091
19741 4.55089
19742 4.55088
19743 4.55087
19744 4.55085
19745 4.55084
19746 4.55082
19747 4.55081
19748 4.5508
19749 4.55078
19750 4.55077
19751 4.55076
19752 4.55074
19753 4.55073
19754 4.55071
19755 4.5507
19756 4.55069
19757 4.55067
19758 4.55066
19759 4.55065
19760 4.55063
19761 4.55062
19762 4.55061
19763 4.55059
19764 4.55058
19765 4.55056
19766 4.55055
19767 4.55054
19768 4.55052
19769 4.55051
19770 4.5505
19771 4.55048
19772 4.55047
19773 4.55045
19774 4.55044
19775 4.55043
19776 4.55041
19777 4.5504
19778 4.55039
19779 4.55037
19780 4.55036
19781 4.55035
19782 4.55033
19783 4.55032
19784 4.5503
19785 4.55029
19786 4.55028
19787 4.55026
19788 4.55025
19789 4.55024
19790 4.55022
19791 4.55021
19792 4.5502
19793 4.55018
19794 4.55017
19795 4.55015
19796 4.55014
19797 4.55013
19798 4.55011
19799 4.5501
19800 4.55009
19801 4.55007
19802 4.55006
19803 4.55005
19804 4.55003
19805 4.55002
19806 4.55
19807 4.54999
19808 4.54998
19809 4.54996
19810 4.54995
19811 4.54994
19812 4.54992
19813 4.54991
19814 4.5499
19815 4.54988
19816 4.54987
19817 4.54985
19818 4.54984
19819 4.54983
19820 4.54981
19821 4.5498
19822 4.54979
19823 4.54977
19824 4.54976
19825 4.54975
19826 4.54973
19827 4.54972
19828 4.5497
19829 4.54969
19830 4.54968
19831 4.54966
19832 4.54965
19833 4.54964
19834 4.54962
19835 4.54961
19836 4.5496
19837 4.54958
19838 4.54957
19839 4.54955
19840 4.54954
19841 4.54953
19842 4.54951
19843 4.5495
19844 4.54949
19845 4.54947
19846 4.54946
19847 4.54945
19848 4.54943
19849 4.54942
19850 4.5494
19851 4.54939
19852 4.54938
19853 4.54936
19854 4.54935
19855 4.54934
19856 4.54932
19857 4.54931
19858 4.5493
19859 4.54928
19860 4.54927
19861 4.54925
19862 4.54924
19863 4.54923
19864 4.54921
19865 4.5492
19866 4.54919
19867 4.54917
19868 4.54916
19869 4.54915
19870 4.54913
19871 4.54912
19872 4.54911
19873 4.54909
19874 4.54908
19875 4.54906
19876 4.54905
19877 4.54904
19878 4.54902
19879 4.54901
19880 4.549
19881 4.54898
19882 4.54897
19883 4.54896
19884 4.54894
19885 4.54893
19886 4.54891
19887 4.5489
19888 4.54889
19889 4.54887
19890 4.54886
19891 4.54885
19892 4.54883
19893 4.54882
19894 4.54881
19895 4.54879
19896 4.54878
19897 4.54877
19898 4.54875
19899 4.54874
19900 4.54872
19901 4.54871
19902 4.5487
19903 4.54868
19904 4.54867
19905 4.54866
19906 4.54864
19907 4.54863
19908 4.54862
19909 4.5486
19910 4.54859
19911 4.54858
19912 4.54856
19913 4.54855
19914 4.54853
19915 4.54852
19916 4.54851
19917 4.54849
19918 4.54848
19919 4.54847
19920 4.54845
19921 4.54844
19922 4.54843
19923 4.54841
19924 4.5484
19925 4.54839
19926 4.54837
19927 4.54836
19928 4.54834
19929 4.54833
19930 4.54832
19931 4.5483
19932 4.54829
19933 4.54828
19934 4.54826
19935 4.54825
19936 4.54824
19937 4.54822
19938 4.54821
19939 4.5482
19940 4.54818
19941 4.54817
19942 4.54815
19943 4.54814
19944 4.54813
19945 4.54811
19946 4.5481
19947 4.54809
19948 4.54807
19949 4.54806
19950 4.54805
19951 4.54803
19952 4.54802
19953 4.54801
19954 4.54799
19955 4.54798
19956 4.54797
19957 4.54795
19958 4.54794
19959 4.54792
19960 4.54791
19961 4.5479
19962 4.54788
19963 4.54787
19964 4.54786
19965 4.54784
19966 4.54783
19967 4.54782
19968 4.5478
19969 4.54779
19970 4.54778
19971 4.54776
19972 4.54775
19973 4.54774
19974 4.54772
19975 4.54771
19976 4.54769
19977 4.54768
19978 4.54767
19979 4.54765
19980 4.54764
19981 4.54763
19982 4.54761
19983 4.5476
19984 4.54759
19985 4.54757
19986 4.54756
19987 4.54755
19988 4.54753
19989 4.54752
19990 4.54751
19991 4.54749
19992 4.54748
19993 4.54746
19994 4.54745
19995 4.54744
19996 4.54742
19997 4.54741
19998 4.5474
19999 4.54738
20000 4.54737
20001 4.54736
20002 4.54734
20003 4.54733
20004 4.54732
20005 4.5473
20006 4.54729
20007 4.54728
20008 4.54726
20009 4.54725
20010 4.54723
20011 4.54722
20012 4.54721
20013 4.54719
20014 4.54718
20015 4.54717
20016 4.54715
20017 4.54714
20018 4.54713
20019 4.54711
20020 4.5471
20021 4.54709
20022 4.54707
20023 4.54706
20024 4.54705
20025 4.54703
20026 4.54702
20027 4.54701
20028 4.54699
20029 4.54698
20030 4.54697
20031 4.54695
20032 4.54694
20033 4.54692
20034 4.54691
20035 4.5469
20036 4.54688
20037 4.54687
20038 4.54686
20039 4.54684
20040 4.54683
20041 4.54682
20042 4.5468
20043 4.54679
20044 4.54678
20045 4.54676
20046 4.54675
20047 4.54674
20048 4.54672
20049 4.54671
20050 4.5467
20051 4.54668
20052 4.54667
20053 4.54665
20054 4.54664
20055 4.54663
20056 4.54661
20057 4.5466
20058 4.54659
20059 4.54657
20060 4.54656
20061 4.54655
20062 4.54653
20063 4.54652
20064 4.54651
20065 4.54649
20066 4.54648
20067 4.54647
20068 4.54645
20069 4.54644
20070 4.54643
20071 4.54641
20072 4.5464
20073 4.54639
20074 4.54637
20075 4.54636
20076 4.54635
20077 4.54633
20078 4.54632
20079 4.5463
20080 4.54629
20081 4.54628
20082 4.54626
20083 4.54625
20084 4.54624
20085 4.54622
20086 4.54621
20087 4.5462
20088 4.54618
20089 4.54617
20090 4.54616
20091 4.54614
20092 4.54613
20093 4.54612
20094 4.5461
20095 4.54609
20096 4.54608
20097 4.54606
20098 4.54605
20099 4.54604
20100 4.54602
20101 4.54601
20102 4.546
20103 4.54598
20104 4.54597
20105 4.54596
20106 4.54594
20107 4.54593
20108 4.54592
20109 4.5459
20110 4.54589
20111 4.54587
20112 4.54586
20113 4.54585
20114 4.54583
20115 4.54582
20116 4.54581
20117 4.54579
20118 4.54578
20119 4.54577
20120 4.54575
20121 4.54574
20122 4.54573
20123 4.54571
20124 4.5457
20125 4.54569
20126 4.54567
20127 4.54566
20128 4.54565
20129 4.54563
20130 4.54562
20131 4.54561
20132 4.54559
20133 4.54558
20134 4.54557
20135 4.54555
20136 4.54554
20137 4.54553
20138 4.54551
20139 4.5455
20140 4.54549
20141 4.54547
20142 4.54546
20143 4.54545
20144 4.54543
20145 4.54542
20146 4.54541
20147 4.54539
20148 4.54538
20149 4.54536
20150 4.54535
20151 4.54534
20152 4.54532
20153 4.54531
20154 4.5453
20155 4.54528
20156 4.54527
20157 4.54526
20158 4.54524
20159 4.54523
20160 4.54522
20161 4.5452
20162 4.54519
20163 4.54518
20164 4.54516
20165 4.54515
20166 4.54514
20167 4.54512
20168 4.54511
20169 4.5451
20170 4.54508
20171 4.54507
20172 4.54506
20173 4.54504
20174 4.54503
20175 4.54502
20176 4.545
20177 4.54499
20178 4.54498
20179 4.54496
20180 4.54495
20181 4.54494
20182 4.54492
20183 4.54491
20184 4.5449
20185 4.54488
20186 4.54487
20187 4.54486
20188 4.54484
20189 4.54483
20190 4.54482
20191 4.5448
20192 4.54479
20193 4.54478
20194 4.54476
20195 4.54475
20196 4.54474
20197 4.54472
20198 4.54471
20199 4.5447
20200 4.54468
20201 4.54467
20202 4.54466
20203 4.54464
20204 4.54463
20205 4.54462
20206 4.5446
20207 4.54459
20208 4.54458
20209 4.54456
20210 4.54455
20211 4.54454
20212 4.54452
20213 4.54451
20214 4.5445
20215 4.54448
20216 4.54447
20217 4.54445
20218 4.54444
20219 4.54443
20220 4.54441
20221 4.5444
20222 4.54439
20223 4.54437
20224 4.54436
20225 4.54435
20226 4.54433
20227 4.54432
20228 4.54431
20229 4.54429
20230 4.54428
20231 4.54427
20232 4.54425
20233 4.54424
20234 4.54423
20235 4.54421
20236 4.5442
20237 4.54419
20238 4.54417
20239 4.54416
20240 4.54415
20241 4.54413
20242 4.54412
20243 4.54411
20244 4.54409
20245 4.54408
20246 4.54407
20247 4.54405
20248 4.54404
20249 4.54403
20250 4.54401
20251 4.544
20252 4.54399
20253 4.54397
20254 4.54396
20255 4.54395
20256 4.54393
20257 4.54392
20258 4.54391
20259 4.54389
20260 4.54388
20261 4.54387
20262 4.54385
20263 4.54384
20264 4.54383
20265 4.54381
20266 4.5438
20267 4.54379
20268 4.54377
20269 4.54376
20270 4.54375
20271 4.54373
20272 4.54372
20273 4.54371
20274 4.54369
20275 4.54368
20276 4.54367
20277 4.54365
20278 4.54364
20279 4.54363
20280 4.54361
20281 4.5436
20282 4.54359
20283 4.54357
20284 4.54356
20285 4.54355
20286 4.54353
20287 4.54352
20288 4.54351
20289 4.5435
20290 4.54348
20291 4.54347
20292 4.54346
20293 4.54344
20294 4.54343
20295 4.54342
20296 4.5434
20297 4.54339
20298 4.54338
20299 4.54336
20300 4.54335
20301 4.54334
20302 4.54332
20303 4.54331
20304 4.5433
20305 4.54328
20306 4.54327
20307 4.54326
20308 4.54324
20309 4.54323
20310 4.54322
20311 4.5432
20312 4.54319
20313 4.54318
20314 4.54316
20315 4.54315
20316 4.54314
20317 4.54312
20318 4.54311
20319 4.5431
20320 4.54308
20321 4.54307
20322 4.54306
20323 4.54304
20324 4.54303
20325 4.54302
20326 4.543
20327 4.54299
20328 4.54298
20329 4.54296
20330 4.54295
20331 4.54294
20332 4.54292
20333 4.54291
20334 4.5429
20335 4.54288
20336 4.54287
20337 4.54286
20338 4.54284
20339 4.54283
20340 4.54282
20341 4.5428
20342 4.54279
20343 4.54278
20344 4.54276
20345 4.54275
20346 4.54274
20347 4.54272
20348 4.54271
20349 4.5427
20350 4.54268
20351 4.54267
20352 4.54266
20353 4.54264
20354 4.54263
20355 4.54262
20356 4.54261
20357 4.54259
20358 4.54258
20359 4.54257
20360 4.54255
20361 4.54254
20362 4.54253
20363 4.54251
20364 4.5425
20365 4.54249
20366 4.54247
20367 4.54246
20368 4.54245
20369 4.54243
20370 4.54242
20371 4.54241
20372 4.54239
20373 4.54238
20374 4.54237
20375 4.54235
20376 4.54234
20377 4.54233
20378 4.54231
20379 4.5423
20380 4.54229
20381 4.54227
20382 4.54226
20383 4.54225
20384 4.54223
20385 4.54222
20386 4.54221
20387 4.54219
20388 4.54218
20389 4.54217
20390 4.54215
20391 4.54214
20392 4.54213
20393 4.54212
20394 4.5421
20395 4.54209
20396 4.54208
20397 4.54206
20398 4.54205
20399 4.54204
20400 4.54202
20401 4.54201
20402 4.542
20403 4.54198
20404 4.54197
20405 4.54196
20406 4.54194
20407 4.54193
20408 4.54192
20409 4.5419
20410 4.54189
20411 4.54188
20412 4.54186
20413 4.54185
20414 4.54184
20415 4.54182
20416 4.54181
20417 4.5418
20418 4.54178
20419 4.54177
20420 4.54176
20421 4.54174
20422 4.54173
20423 4.54172
20424 4.54171
20425 4.54169
20426 4.54168
20427 4.54167
20428 4.54165
20429 4.54164
20430 4.54163
20431 4.54161
20432 4.5416
20433 4.54159
20434 4.54157
20435 4.54156
20436 4.54155
20437 4.54153
20438 4.54152
20439 4.54151
20440 4.54149
20441 4.54148
20442 4.54147
20443 4.54145
20444 4.54144
20445 4.54143
20446 4.54141
20447 4.5414
20448 4.54139
20449 4.54138
20450 4.54136
20451 4.54135
20452 4.54134
20453 4.54132
20454 4.54131
20455 4.5413
20456 4.54128
20457 4.54127
20458 4.54126
20459 4.54124
20460 4.54123
20461 4.54122
20462 4.5412
20463 4.54119
20464 4.54118
20465 4.54116
20466 4.54115
20467 4.54114
20468 4.54112
20469 4.54111
20470 4.5411
20471 4.54109
20472 4.54107
20473 4.54106
20474 4.54105
20475 4.54103
20476 4.54102
20477 4.54101
20478 4.54099
20479 4.54098
20480 4.54097
20481 4.54095
20482 4.54094
20483 4.54093
20484 4.54091
20485 4.5409
20486 4.54089
20487 4.54087
20488 4.54086
20489 4.54085
20490 4.54083
20491 4.54082
20492 4.54081
20493 4.5408
20494 4.54078
20495 4.54077
20496 4.54076
20497 4.54074
20498 4.54073
20499 4.54072
20500 4.5407
20501 4.54069
20502 4.54068
20503 4.54066
20504 4.54065
20505 4.54064
20506 4.54062
20507 4.54061
20508 4.5406
20509 4.54058
20510 4.54057
20511 4.54056
20512 4.54055
20513 4.54053
20514 4.54052
20515 4.54051
20516 4.54049
20517 4.54048
20518 4.54047
20519 4.54045
20520 4.54044
20521 4.54043
20522 4.54041
20523 4.5404
20524 4.54039
20525 4.54037
20526 4.54036
20527 4.54035
20528 4.54034
20529 4.54032
20530 4.54031
20531 4.5403
20532 4.54028
20533 4.54027
20534 4.54026
20535 4.54024
20536 4.54023
20537 4.54022
20538 4.5402
20539 4.54019
20540 4.54018
20541 4.54016
20542 4.54015
20543 4.54014
20544 4.54013
20545 4.54011
20546 4.5401
20547 4.54009
20548 4.54007
20549 4.54006
20550 4.54005
20551 4.54003
20552 4.54002
20553 4.54001
20554 4.53999
20555 4.53998
20556 4.53997
20557 4.53995
20558 4.53994
20559 4.53993
20560 4.53992
20561 4.5399
20562 4.53989
20563 4.53988
20564 4.53986
20565 4.53985
20566 4.53984
20567 4.53982
20568 4.53981
20569 4.5398
20570 4.53978
20571 4.53977
20572 4.53976
20573 4.53974
20574 4.53973
20575 4.53972
20576 4.53971
20577 4.53969
20578 4.53968
20579 4.53967
20580 4.53965
20581 4.53964
20582 4.53963
20583 4.53961
20584 4.5396
20585 4.53959
20586 4.53957
20587 4.53956
20588 4.53955
20589 4.53954
20590 4.53952
20591 4.53951
20592 4.5395
20593 4.53948
20594 4.53947
20595 4.53946
20596 4.53944
20597 4.53943
20598 4.53942
20599 4.5394
20600 4.53939
20601 4.53938
20602 4.53937
20603 4.53935
20604 4.53934
20605 4.53933
20606 4.53931
20607 4.5393
20608 4.53929
20609 4.53927
20610 4.53926
20611 4.53925
20612 4.53923
20613 4.53922
20614 4.53921
20615 4.5392
20616 4.53918
20617 4.53917
20618 4.53916
20619 4.53914
20620 4.53913
20621 4.53912
20622 4.5391
20623 4.53909
20624 4.53908
20625 4.53906
20626 4.53905
20627 4.53904
20628 4.53903
20629 4.53901
20630 4.539
20631 4.53899
20632 4.53897
20633 4.53896
20634 4.53895
20635 4.53893
20636 4.53892
20637 4.53891
20638 4.53889
20639 4.53888
20640 4.53887
20641 4.53886
20642 4.53884
20643 4.53883
20644 4.53882
20645 4.5388
20646 4.53879
20647 4.53878
20648 4.53876
20649 4.53875
20650 4.53874
20651 4.53872
20652 4.53871
20653 4.5387
20654 4.53869
20655 4.53867
20656 4.53866
20657 4.53865
20658 4.53863
20659 4.53862
20660 4.53861
20661 4.53859
20662 4.53858
20663 4.53857
20664 4.53856
20665 4.53854
20666 4.53853
20667 4.53852
20668 4.5385
20669 4.53849
20670 4.53848
20671 4.53846
20672 4.53845
20673 4.53844
20674 4.53842
20675 4.53841
20676 4.5384
20677 4.53839
20678 4.53837
20679 4.53836
20680 4.53835
20681 4.53833
20682 4.53832
20683 4.53831
20684 4.53829
20685 4.53828
20686 4.53827
20687 4.53826
20688 4.53824
20689 4.53823
20690 4.53822
20691 4.5382
20692 4.53819
20693 4.53818
20694 4.53816
20695 4.53815
20696 4.53814
20697 4.53813
20698 4.53811
20699 4.5381
20700 4.53809
20701 4.53807
20702 4.53806
20703 4.53805
20704 4.53803
20705 4.53802
20706 4.53801
20707 4.538
20708 4.53798
20709 4.53797
20710 4.53796
20711 4.53794
20712 4.53793
20713 4.53792
20714 4.5379
20715 4.53789
20716 4.53788
20717 4.53787
20718 4.53785
20719 4.53784
20720 4.53783
20721 4.53781
20722 4.5378
20723 4.53779
20724 4.53777
20725 4.53776
20726 4.53775
20727 4.53774
20728 4.53772
20729 4.53771
20730 4.5377
20731 4.53768
20732 4.53767
20733 4.53766
20734 4.53764
20735 4.53763
20736 4.53762
20737 4.53761
20738 4.53759
20739 4.53758
20740 4.53757
20741 4.53755
20742 4.53754
20743 4.53753
20744 4.53751
20745 4.5375
20746 4.53749
20747 4.53748
20748 4.53746
20749 4.53745
20750 4.53744
20751 4.53742
20752 4.53741
20753 4.5374
20754 4.53738
20755 4.53737
20756 4.53736
20757 4.53735
20758 4.53733
20759 4.53732
20760 4.53731
20761 4.53729
20762 4.53728
20763 4.53727
20764 4.53725
20765 4.53724
20766 4.53723
20767 4.53722
20768 4.5372
20769 4.53719
20770 4.53718
20771 4.53716
20772 4.53715
20773 4.53714
20774 4.53713
20775 4.53711
20776 4.5371
20777 4.53709
20778 4.53707
20779 4.53706
20780 4.53705
20781 4.53703
20782 4.53702
20783 4.53701
20784 4.537
20785 4.53698
20786 4.53697
20787 4.53696
20788 4.53694
20789 4.53693
20790 4.53692
20791 4.53691
20792 4.53689
20793 4.53688
20794 4.53687
20795 4.53685
20796 4.53684
20797 4.53683
20798 4.53681
20799 4.5368
20800 4.53679
20801 4.53678
20802 4.53676
20803 4.53675
20804 4.53674
20805 4.53672
20806 4.53671
20807 4.5367
20808 4.53669
20809 4.53667
20810 4.53666
20811 4.53665
20812 4.53663
20813 4.53662
20814 4.53661
20815 4.53659
20816 4.53658
20817 4.53657
20818 4.53656
20819 4.53654
20820 4.53653
20821 4.53652
20822 4.5365
20823 4.53649
20824 4.53648
20825 4.53647
20826 4.53645
20827 4.53644
20828 4.53643
20829 4.53641
20830 4.5364
20831 4.53639
20832 4.53637
20833 4.53636
20834 4.53635
20835 4.53634
20836 4.53632
20837 4.53631
20838 4.5363
20839 4.53628
20840 4.53627
20841 4.53626
20842 4.53625
20843 4.53623
20844 4.53622
20845 4.53621
20846 4.53619
20847 4.53618
20848 4.53617
20849 4.53616
20850 4.53614
20851 4.53613
20852 4.53612
20853 4.5361
20854 4.53609
20855 4.53608
20856 4.53606
20857 4.53605
20858 4.53604
20859 4.53603
20860 4.53601
20861 4.536
20862 4.53599
20863 4.53597
20864 4.53596
20865 4.53595
20866 4.53594
20867 4.53592
20868 4.53591
20869 4.5359
20870 4.53588
20871 4.53587
20872 4.53586
20873 4.53585
20874 4.53583
20875 4.53582
20876 4.53581
20877 4.53579
20878 4.53578
20879 4.53577
20880 4.53576
20881 4.53574
20882 4.53573
20883 4.53572
20884 4.5357
20885 4.53569
20886 4.53568
20887 4.53567
20888 4.53565
20889 4.53564
20890 4.53563
20891 4.53561
20892 4.5356
20893 4.53559
20894 4.53558
20895 4.53556
20896 4.53555
20897 4.53554
20898 4.53552
20899 4.53551
20900 4.5355
20901 4.53549
20902 4.53547
20903 4.53546
20904 4.53545
20905 4.53543
20906 4.53542
20907 4.53541
20908 4.5354
20909 4.53538
20910 4.53537
20911 4.53536
20912 4.53534
20913 4.53533
20914 4.53532
20915 4.53531
20916 4.53529
20917 4.53528
20918 4.53527
20919 4.53525
20920 4.53524
20921 4.53523
20922 4.53522
20923 4.5352
20924 4.53519
20925 4.53518
20926 4.53516
20927 4.53515
20928 4.53514
20929 4.53513
20930 4.53511
20931 4.5351
20932 4.53509
20933 4.53507
20934 4.53506
20935 4.53505
20936 4.53504
20937 4.53502
20938 4.53501
20939 4.535
20940 4.53498
20941 4.53497
20942 4.53496
20943 4.53495
20944 4.53493
20945 4.53492
20946 4.53491
20947 4.53489
20948 4.53488
20949 4.53487
20950 4.53486
20951 4.53484
20952 4.53483
20953 4.53482
20954 4.5348
20955 4.53479
20956 4.53478
20957 4.53477
20958 4.53475
20959 4.53474
20960 4.53473
20961 4.53471
20962 4.5347
20963 4.53469
20964 4.53468
20965 4.53466
20966 4.53465
20967 4.53464
20968 4.53462
20969 4.53461
20970 4.5346
20971 4.53459
20972 4.53457
20973 4.53456
20974 4.53455
20975 4.53453
20976 4.53452
20977 4.53451
20978 4.5345
20979 4.53448
20980 4.53447
20981 4.53446
20982 4.53445
20983 4.53443
20984 4.53442
20985 4.53441
20986 4.53439
20987 4.53438
20988 4.53437
20989 4.53436
20990 4.53434
20991 4.53433
20992 4.53432
20993 4.5343
20994 4.53429
20995 4.53428
20996 4.53427
20997 4.53425
20998 4.53424
20999 4.53423
21000 4.53421
21001 4.5342
21002 4.53419
21003 4.53418
21004 4.53416
21005 4.53415
21006 4.53414
21007 4.53413
21008 4.53411
21009 4.5341
21010 4.53409
21011 4.53407
21012 4.53406
21013 4.53405
21014 4.53404
21015 4.53402
21016 4.53401
21017 4.534
21018 4.53398
21019 4.53397
21020 4.53396
21021 4.53395
21022 4.53393
21023 4.53392
21024 4.53391
21025 4.5339
21026 4.53388
21027 4.53387
21028 4.53386
21029 4.53384
21030 4.53383
21031 4.53382
21032 4.53381
21033 4.53379
21034 4.53378
21035 4.53377
21036 4.53375
21037 4.53374
21038 4.53373
21039 4.53372
21040 4.5337
21041 4.53369
21042 4.53368
21043 4.53367
21044 4.53365
21045 4.53364
21046 4.53363
21047 4.53361
21048 4.5336
21049 4.53359
21050 4.53358
21051 4.53356
21052 4.53355
21053 4.53354
21054 4.53352
21055 4.53351
21056 4.5335
21057 4.53349
21058 4.53347
21059 4.53346
21060 4.53345
21061 4.53344
21062 4.53342
21063 4.53341
21064 4.5334
21065 4.53338
21066 4.53337
21067 4.53336
21068 4.53335
21069 4.53333
21070 4.53332
21071 4.53331
21072 4.5333
21073 4.53328
21074 4.53327
21075 4.53326
21076 4.53324
21077 4.53323
21078 4.53322
21079 4.53321
21080 4.53319
21081 4.53318
21082 4.53317
21083 4.53316
21084 4.53314
21085 4.53313
21086 4.53312
21087 4.5331
21088 4.53309
21089 4.53308
21090 4.53307
21091 4.53305
21092 4.53304
21093 4.53303
21094 4.53302
21095 4.533
21096 4.53299
21097 4.53298
21098 4.53296
21099 4.53295
21100 4.53294
21101 4.53293
21102 4.53291
21103 4.5329
21104 4.53289
21105 4.53288
21106 4.53286
21107 4.53285
21108 4.53284
21109 4.53282
21110 4.53281
21111 4.5328
21112 4.53279
21113 4.53277
21114 4.53276
21115 4.53275
21116 4.53274
21117 4.53272
21118 4.53271
21119 4.5327
21120 4.53268
21121 4.53267
21122 4.53266
21123 4.53265
21124 4.53263
21125 4.53262
21126 4.53261
21127 4.5326
21128 4.53258
21129 4.53257
21130 4.53256
21131 4.53254
21132 4.53253
21133 4.53252
21134 4.53251
21135 4.53249
21136 4.53248
21137 4.53247
21138 4.53246
21139 4.53244
21140 4.53243
21141 4.53242
21142 4.5324
21143 4.53239
21144 4.53238
21145 4.53237
21146 4.53235
21147 4.53234
21148 4.53233
21149 4.53232
21150 4.5323
21151 4.53229
21152 4.53228
21153 4.53227
21154 4.53225
21155 4.53224
21156 4.53223
21157 4.53221
21158 4.5322
21159 4.53219
21160 4.53218
21161 4.53216
21162 4.53215
21163 4.53214
21164 4.53213
21165 4.53211
21166 4.5321
21167 4.53209
21168 4.53208
21169 4.53206
21170 4.53205
21171 4.53204
21172 4.53202
21173 4.53201
21174 4.532
21175 4.53199
21176 4.53197
21177 4.53196
21178 4.53195
21179 4.53194
21180 4.53192
21181 4.53191
21182 4.5319
21183 4.53189
21184 4.53187
21185 4.53186
21186 4.53185
21187 4.53183
21188 4.53182
21189 4.53181
21190 4.5318
21191 4.53178
21192 4.53177
21193 4.53176
21194 4.53175
21195 4.53173
21196 4.53172
21197 4.53171
21198 4.5317
21199 4.53168
21200 4.53167
21201 4.53166
21202 4.53164
21203 4.53163
21204 4.53162
21205 4.53161
21206 4.53159
21207 4.53158
21208 4.53157
21209 4.53156
21210 4.53154
21211 4.53153
21212 4.53152
21213 4.53151
21214 4.53149
21215 4.53148
21216 4.53147
21217 4.53145
21218 4.53144
21219 4.53143
21220 4.53142
21221 4.5314
21222 4.53139
21223 4.53138
21224 4.53137
21225 4.53135
21226 4.53134
21227 4.53133
21228 4.53132
21229 4.5313
21230 4.53129
21231 4.53128
21232 4.53127
21233 4.53125
21234 4.53124
21235 4.53123
21236 4.53121
21237 4.5312
21238 4.53119
21239 4.53118
21240 4.53116
21241 4.53115
21242 4.53114
21243 4.53113
21244 4.53111
21245 4.5311
21246 4.53109
21247 4.53108
21248 4.53106
21249 4.53105
21250 4.53104
21251 4.53103
21252 4.53101
21253 4.531
21254 4.53099
21255 4.53098
21256 4.53096
21257 4.53095
21258 4.53094
21259 4.53092
21260 4.53091
21261 4.5309
21262 4.53089
21263 4.53087
21264 4.53086
21265 4.53085
21266 4.53084
21267 4.53082
21268 4.53081
21269 4.5308
21270 4.53079
21271 4.53077
21272 4.53076
21273 4.53075
21274 4.53074
21275 4.53072
21276 4.53071
21277 4.5307
21278 4.53069
21279 4.53067
21280 4.53066
21281 4.53065
21282 4.53063
21283 4.53062
21284 4.53061
21285 4.5306
21286 4.53058
21287 4.53057
21288 4.53056
21289 4.53055
21290 4.53053
21291 4.53052
21292 4.53051
21293 4.5305
21294 4.53048
21295 4.53047
21296 4.53046
21297 4.53045
21298 4.53043
21299 4.53042
21300 4.53041
21301 4.5304
21302 4.53038
21303 4.53037
21304 4.53036
21305 4.53035
21306 4.53033
21307 4.53032
21308 4.53031
21309 4.5303
21310 4.53028
21311 4.53027
21312 4.53026
21313 4.53024
21314 4.53023
21315 4.53022
21316 4.53021
21317 4.53019
21318 4.53018
21319 4.53017
21320 4.53016
21321 4.53014
21322 4.53013
21323 4.53012
21324 4.53011
21325 4.53009
21326 4.53008
21327 4.53007
21328 4.53006
21329 4.53004
21330 4.53003
21331 4.53002
21332 4.53001
21333 4.52999
21334 4.52998
21335 4.52997
21336 4.52996
21337 4.52994
21338 4.52993
21339 4.52992
21340 4.52991
21341 4.52989
21342 4.52988
21343 4.52987
21344 4.52986
21345 4.52984
21346 4.52983
21347 4.52982
21348 4.52981
21349 4.52979
21350 4.52978
21351 4.52977
21352 4.52976
21353 4.52974
21354 4.52973
21355 4.52972
21356 4.52971
21357 4.52969
21358 4.52968
21359 4.52967
21360 4.52966
21361 4.52964
21362 4.52963
21363 4.52962
21364 4.5296
21365 4.52959
21366 4.52958
21367 4.52957
21368 4.52955
21369 4.52954
21370 4.52953
21371 4.52952
21372 4.5295
21373 4.52949
21374 4.52948
21375 4.52947
21376 4.52945
21377 4.52944
21378 4.52943
21379 4.52942
21380 4.5294
21381 4.52939
21382 4.52938
21383 4.52937
21384 4.52935
21385 4.52934
21386 4.52933
21387 4.52932
21388 4.5293
21389 4.52929
21390 4.52928
21391 4.52927
21392 4.52925
21393 4.52924
21394 4.52923
21395 4.52922
21396 4.5292
21397 4.52919
21398 4.52918
21399 4.52917
21400 4.52915
21401 4.52914
21402 4.52913
21403 4.52912
21404 4.5291
21405 4.52909
21406 4.52908
21407 4.52907
21408 4.52905
21409 4.52904
21410 4.52903
21411 4.52902
21412 4.529
21413 4.52899
21414 4.52898
21415 4.52897
21416 4.52895
21417 4.52894
21418 4.52893
21419 4.52892
21420 4.5289
21421 4.52889
21422 4.52888
21423 4.52887
21424 4.52885
21425 4.52884
21426 4.52883
21427 4.52882
21428 4.5288
21429 4.52879
21430 4.52878
21431 4.52877
21432 4.52875
21433 4.52874
21434 4.52873
21435 4.52872
21436 4.5287
21437 4.52869
21438 4.52868
21439 4.52867
21440 4.52865
21441 4.52864
21442 4.52863
21443 4.52862
21444 4.5286
21445 4.52859
21446 4.52858
21447 4.52857
21448 4.52855
21449 4.52854
21450 4.52853
21451 4.52852
21452 4.52851
21453 4.52849
21454 4.52848
21455 4.52847
21456 4.52846
21457 4.52844
21458 4.52843
21459 4.52842
21460 4.52841
21461 4.52839
21462 4.52838
21463 4.52837
21464 4.52836
21465 4.52834
21466 4.52833
21467 4.52832
21468 4.52831
21469 4.52829
21470 4.52828
21471 4.52827
21472 4.52826
21473 4.52824
21474 4.52823
21475 4.52822
21476 4.52821
21477 4.52819
21478 4.52818
21479 4.52817
21480 4.52816
21481 4.52814
21482 4.52813
21483 4.52812
21484 4.52811
21485 4.52809
21486 4.52808
21487 4.52807
21488 4.52806
21489 4.52804
21490 4.52803
21491 4.52802
21492 4.52801
21493 4.52799
21494 4.52798
21495 4.52797
21496 4.52796
21497 4.52794
21498 4.52793
21499 4.52792
21500 4.52791
21501 4.5279
21502 4.52788
21503 4.52787
21504 4.52786
21505 4.52785
21506 4.52783
21507 4.52782
21508 4.52781
21509 4.5278
21510 4.52778
21511 4.52777
21512 4.52776
21513 4.52775
21514 4.52773
21515 4.52772
21516 4.52771
21517 4.5277
21518 4.52768
21519 4.52767
21520 4.52766
21521 4.52765
21522 4.52763
21523 4.52762
21524 4.52761
21525 4.5276
21526 4.52758
21527 4.52757
21528 4.52756
21529 4.52755
21530 4.52753
21531 4.52752
21532 4.52751
21533 4.5275
21534 4.52749
21535 4.52747
21536 4.52746
21537 4.52745
21538 4.52744
21539 4.52742
21540 4.52741
21541 4.5274
21542 4.52739
21543 4.52737
21544 4.52736
21545 4.52735
21546 4.52734
21547 4.52732
21548 4.52731
21549 4.5273
21550 4.52729
21551 4.52727
21552 4.52726
21553 4.52725
21554 4.52724
21555 4.52722
21556 4.52721
21557 4.5272
21558 4.52719
21559 4.52718
21560 4.52716
21561 4.52715
21562 4.52714
21563 4.52713
21564 4.52711
21565 4.5271
21566 4.52709
21567 4.52708
21568 4.52706
21569 4.52705
21570 4.52704
21571 4.52703
21572 4.52701
21573 4.527
21574 4.52699
21575 4.52698
21576 4.52696
21577 4.52695
21578 4.52694
21579 4.52693
21580 4.52692
21581 4.5269
21582 4.52689
21583 4.52688
21584 4.52687
21585 4.52685
21586 4.52684
21587 4.52683
21588 4.52682
21589 4.5268
21590 4.52679
21591 4.52678
21592 4.52677
21593 4.52675
21594 4.52674
21595 4.52673
21596 4.52672
21597 4.52671
21598 4.52669
21599 4.52668
21600 4.52667
21601 4.52666
21602 4.52664
21603 4.52663
21604 4.52662
21605 4.52661
21606 4.52659
21607 4.52658
21608 4.52657
21609 4.52656
21610 4.52654
21611 4.52653
21612 4.52652
21613 4.52651
21614 4.5265
21615 4.52648
21616 4.52647
21617 4.52646
21618 4.52645
21619 4.52643
21620 4.52642
21621 4.52641
21622 4.5264
21623 4.52638
21624 4.52637
21625 4.52636
21626 4.52635
21627 4.52633
21628 4.52632
21629 4.52631
21630 4.5263
21631 4.52629
21632 4.52627
21633 4.52626
21634 4.52625
21635 4.52624
21636 4.52622
21637 4.52621
21638 4.5262
21639 4.52619
21640 4.52617
21641 4.52616
21642 4.52615
21643 4.52614
21644 4.52613
21645 4.52611
21646 4.5261
21647 4.52609
21648 4.52608
21649 4.52606
21650 4.52605
21651 4.52604
21652 4.52603
21653 4.52601
21654 4.526
21655 4.52599
21656 4.52598
21657 4.52596
21658 4.52595
21659 4.52594
21660 4.52593
21661 4.52592
21662 4.5259
21663 4.52589
21664 4.52588
21665 4.52587
21666 4.52585
21667 4.52584
21668 4.52583
21669 4.52582
21670 4.5258
21671 4.52579
21672 4.52578
21673 4.52577
21674 4.52576
21675 4.52574
21676 4.52573
21677 4.52572
21678 4.52571
21679 4.52569
21680 4.52568
21681 4.52567
21682 4.52566
21683 4.52564
21684 4.52563
21685 4.52562
21686 4.52561
21687 4.5256
21688 4.52558
21689 4.52557
21690 4.52556
21691 4.52555
21692 4.52553
21693 4.52552
21694 4.52551
21695 4.5255
21696 4.52549
21697 4.52547
21698 4.52546
21699 4.52545
21700 4.52544
21701 4.52542
21702 4.52541
21703 4.5254
21704 4.52539
21705 4.52537
21706 4.52536
21707 4.52535
21708 4.52534
21709 4.52533
21710 4.52531
21711 4.5253
21712 4.52529
21713 4.52528
21714 4.52526
21715 4.52525
21716 4.52524
21717 4.52523
21718 4.52522
21719 4.5252
21720 4.52519
21721 4.52518
21722 4.52517
21723 4.52515
21724 4.52514
21725 4.52513
21726 4.52512
21727 4.5251
21728 4.52509
21729 4.52508
21730 4.52507
21731 4.52506
21732 4.52504
21733 4.52503
21734 4.52502
21735 4.52501
21736 4.52499
21737 4.52498
21738 4.52497
21739 4.52496
21740 4.52495
21741 4.52493
21742 4.52492
21743 4.52491
21744 4.5249
21745 4.52488
21746 4.52487
21747 4.52486
21748 4.52485
21749 4.52484
21750 4.52482
21751 4.52481
21752 4.5248
21753 4.52479
21754 4.52477
21755 4.52476
21756 4.52475
21757 4.52474
21758 4.52472
21759 4.52471
21760 4.5247
21761 4.52469
21762 4.52468
21763 4.52466
21764 4.52465
21765 4.52464
21766 4.52463
21767 4.52461
21768 4.5246
21769 4.52459
21770 4.52458
21771 4.52457
21772 4.52455
21773 4.52454
21774 4.52453
21775 4.52452
21776 4.5245
21777 4.52449
21778 4.52448
21779 4.52447
21780 4.52446
21781 4.52444
21782 4.52443
21783 4.52442
21784 4.52441
21785 4.52439
21786 4.52438
21787 4.52437
21788 4.52436
21789 4.52435
21790 4.52433
21791 4.52432
21792 4.52431
21793 4.5243
21794 4.52428
21795 4.52427
21796 4.52426
21797 4.52425
21798 4.52424
21799 4.52422
21800 4.52421
21801 4.5242
21802 4.52419
21803 4.52417
21804 4.52416
21805 4.52415
21806 4.52414
21807 4.52413
21808 4.52411
21809 4.5241
21810 4.52409
21811 4.52408
21812 4.52406
21813 4.52405
21814 4.52404
21815 4.52403
21816 4.52402
21817 4.524
21818 4.52399
21819 4.52398
21820 4.52397
21821 4.52396
21822 4.52394
21823 4.52393
21824 4.52392
21825 4.52391
21826 4.52389
21827 4.52388
21828 4.52387
21829 4.52386
21830 4.52385
21831 4.52383
21832 4.52382
21833 4.52381
21834 4.5238
21835 4.52378
21836 4.52377
21837 4.52376
21838 4.52375
21839 4.52374
21840 4.52372
21841 4.52371
21842 4.5237
21843 4.52369
21844 4.52367
21845 4.52366
21846 4.52365
21847 4.52364
21848 4.52363
21849 4.52361
21850 4.5236
21851 4.52359
21852 4.52358
21853 4.52357
21854 4.52355
21855 4.52354
21856 4.52353
21857 4.52352
21858 4.5235
21859 4.52349
21860 4.52348
21861 4.52347
21862 4.52346
21863 4.52344
21864 4.52343
21865 4.52342
21866 4.52341
21867 4.5234
21868 4.52338
21869 4.52337
21870 4.52336
21871 4.52335
21872 4.52333
21873 4.52332
21874 4.52331
21875 4.5233
21876 4.52329
21877 4.52327
21878 4.52326
21879 4.52325
21880 4.52324
21881 4.52322
21882 4.52321
21883 4.5232
21884 4.52319
21885 4.52318
21886 4.52316
21887 4.52315
21888 4.52314
21889 4.52313
21890 4.52312
21891 4.5231
21892 4.52309
21893 4.52308
21894 4.52307
21895 4.52305
21896 4.52304
21897 4.52303
21898 4.52302
21899 4.52301
21900 4.52299
21901 4.52298
21902 4.52297
21903 4.52296
21904 4.52295
21905 4.52293
21906 4.52292
21907 4.52291
21908 4.5229
21909 4.52289
21910 4.52287
21911 4.52286
21912 4.52285
21913 4.52284
21914 4.52282
21915 4.52281
21916 4.5228
21917 4.52279
21918 4.52278
21919 4.52276
21920 4.52275
21921 4.52274
21922 4.52273
21923 4.52272
21924 4.5227
21925 4.52269
21926 4.52268
21927 4.52267
21928 4.52265
21929 4.52264
21930 4.52263
21931 4.52262
21932 4.52261
21933 4.52259
21934 4.52258
21935 4.52257
21936 4.52256
21937 4.52255
21938 4.52253
21939 4.52252
21940 4.52251
21941 4.5225
21942 4.52249
21943 4.52247
21944 4.52246
21945 4.52245
21946 4.52244
21947 4.52242
21948 4.52241
21949 4.5224
21950 4.52239
21951 4.52238
21952 4.52236
21953 4.52235
21954 4.52234
21955 4.52233
21956 4.52232
21957 4.5223
21958 4.52229
21959 4.52228
21960 4.52227
21961 4.52226
21962 4.52224
21963 4.52223
21964 4.52222
21965 4.52221
21966 4.5222
21967 4.52218
21968 4.52217
21969 4.52216
21970 4.52215
21971 4.52213
21972 4.52212
21973 4.52211
21974 4.5221
21975 4.52209
21976 4.52207
21977 4.52206
21978 4.52205
21979 4.52204
21980 4.52203
21981 4.52201
21982 4.522
21983 4.52199
21984 4.52198
21985 4.52197
21986 4.52195
21987 4.52194
21988 4.52193
21989 4.52192
21990 4.52191
21991 4.52189
21992 4.52188
21993 4.52187
21994 4.52186
21995 4.52184
21996 4.52183
21997 4.52182
21998 4.52181
21999 4.5218
22000 4.52178
22001 4.52177
22002 4.52176
22003 4.52175
22004 4.52174
22005 4.52172
22006 4.52171
22007 4.5217
22008 4.52169
22009 4.52168
22010 4.52166
22011 4.52165
22012 4.52164
22013 4.52163
22014 4.52162
22015 4.5216
22016 4.52159
22017 4.52158
22018 4.52157
22019 4.52156
22020 4.52154
22021 4.52153
22022 4.52152
22023 4.52151
22024 4.5215
22025 4.52148
22026 4.52147
22027 4.52146
22028 4.52145
22029 4.52144
22030 4.52142
22031 4.52141
22032 4.5214
22033 4.52139
22034 4.52138
22035 4.52136
22036 4.52135
22037 4.52134
22038 4.52133
22039 4.52131
22040 4.5213
22041 4.52129
22042 4.52128
22043 4.52127
22044 4.52125
22045 4.52124
22046 4.52123
22047 4.52122
22048 4.52121
22049 4.52119
22050 4.52118
22051 4.52117
22052 4.52116
22053 4.52115
22054 4.52113
22055 4.52112
22056 4.52111
22057 4.5211
22058 4.52109
22059 4.52107
22060 4.52106
22061 4.52105
22062 4.52104
22063 4.52103
22064 4.52101
22065 4.521
22066 4.52099
22067 4.52098
22068 4.52097
22069 4.52095
22070 4.52094
22071 4.52093
22072 4.52092
22073 4.52091
22074 4.52089
22075 4.52088
22076 4.52087
22077 4.52086
22078 4.52085
22079 4.52083
22080 4.52082
22081 4.52081
22082 4.5208
22083 4.52079
22084 4.52077
22085 4.52076
22086 4.52075
22087 4.52074
22088 4.52073
22089 4.52071
22090 4.5207
22091 4.52069
22092 4.52068
22093 4.52067
22094 4.52065
22095 4.52064
22096 4.52063
22097 4.52062
22098 4.52061
22099 4.52059
22100 4.52058
22101 4.52057
22102 4.52056
22103 4.52055
22104 4.52053
22105 4.52052
22106 4.52051
22107 4.5205
22108 4.52049
22109 4.52047
22110 4.52046
22111 4.52045
22112 4.52044
22113 4.52043
22114 4.52041
22115 4.5204
22116 4.52039
22117 4.52038
22118 4.52037
22119 4.52035
22120 4.52034
22121 4.52033
22122 4.52032
22123 4.52031
22124 4.5203
22125 4.52028
22126 4.52027
22127 4.52026
22128 4.52025
22129 4.52024
22130 4.52022
22131 4.52021
22132 4.5202
22133 4.52019
22134 4.52018
22135 4.52016
22136 4.52015
22137 4.52014
22138 4.52013
22139 4.52012
22140 4.5201
22141 4.52009
22142 4.52008
22143 4.52007
22144 4.52006
22145 4.52004
22146 4.52003
22147 4.52002
22148 4.52001
22149 4.52
22150 4.51998
22151 4.51997
22152 4.51996
22153 4.51995
22154 4.51994
22155 4.51992
22156 4.51991
22157 4.5199
22158 4.51989
22159 4.51988
22160 4.51986
22161 4.51985
22162 4.51984
22163 4.51983
22164 4.51982
22165 4.51981
22166 4.51979
22167 4.51978
22168 4.51977
22169 4.51976
22170 4.51975
22171 4.51973
22172 4.51972
22173 4.51971
22174 4.5197
22175 4.51969
22176 4.51967
22177 4.51966
22178 4.51965
22179 4.51964
22180 4.51963
22181 4.51961
22182 4.5196
22183 4.51959
22184 4.51958
22185 4.51957
22186 4.51955
22187 4.51954
22188 4.51953
22189 4.51952
22190 4.51951
22191 4.5195
22192 4.51948
22193 4.51947
22194 4.51946
22195 4.51945
22196 4.51944
22197 4.51942
22198 4.51941
22199 4.5194
22200 4.51939
22201 4.51938
22202 4.51936
22203 4.51935
22204 4.51934
22205 4.51933
22206 4.51932
22207 4.5193
22208 4.51929
22209 4.51928
22210 4.51927
22211 4.51926
22212 4.51925
22213 4.51923
22214 4.51922
22215 4.51921
22216 4.5192
22217 4.51919
22218 4.51917
22219 4.51916
22220 4.51915
22221 4.51914
22222 4.51913
22223 4.51911
22224 4.5191
22225 4.51909
22226 4.51908
22227 4.51907
22228 4.51905
22229 4.51904
22230 4.51903
22231 4.51902
22232 4.51901
22233 4.519
22234 4.51898
22235 4.51897
22236 4.51896
22237 4.51895
22238 4.51894
22239 4.51892
22240 4.51891
22241 4.5189
22242 4.51889
22243 4.51888
22244 4.51886
22245 4.51885
22246 4.51884
22247 4.51883
22248 4.51882
22249 4.51881
22250 4.51879
22251 4.51878
22252 4.51877
22253 4.51876
22254 4.51875
22255 4.51873
22256 4.51872
22257 4.51871
22258 4.5187
22259 4.51869
22260 4.51867
22261 4.51866
22262 4.51865
22263 4.51864
22264 4.51863
22265 4.51862
22266 4.5186
22267 4.51859
22268 4.51858
22269 4.51857
22270 4.51856
22271 4.51854
22272 4.51853
22273 4.51852
22274 4.51851
22275 4.5185
22276 4.51849
22277 4.51847
22278 4.51846
22279 4.51845
22280 4.51844
22281 4.51843
22282 4.51841
22283 4.5184
22284 4.51839
22285 4.51838
22286 4.51837
22287 4.51835
22288 4.51834
22289 4.51833
22290 4.51832
22291 4.51831
22292 4.5183
22293 4.51828
22294 4.51827
22295 4.51826
22296 4.51825
22297 4.51824
22298 4.51822
22299 4.51821
22300 4.5182
22301 4.51819
22302 4.51818
22303 4.51817
22304 4.51815
22305 4.51814
22306 4.51813
22307 4.51812
22308 4.51811
22309 4.51809
22310 4.51808
22311 4.51807
22312 4.51806
22313 4.51805
22314 4.51804
22315 4.51802
22316 4.51801
22317 4.518
22318 4.51799
22319 4.51798
22320 4.51796
22321 4.51795
22322 4.51794
22323 4.51793
22324 4.51792
22325 4.51791
22326 4.51789
22327 4.51788
22328 4.51787
22329 4.51786
22330 4.51785
22331 4.51783
22332 4.51782
22333 4.51781
22334 4.5178
22335 4.51779
22336 4.51778
22337 4.51776
22338 4.51775
22339 4.51774
22340 4.51773
22341 4.51772
22342 4.5177
22343 4.51769
22344 4.51768
22345 4.51767
22346 4.51766
22347 4.51765
22348 4.51763
22349 4.51762
22350 4.51761
22351 4.5176
22352 4.51759
22353 4.51757
22354 4.51756
22355 4.51755
22356 4.51754
22357 4.51753
22358 4.51752
22359 4.5175
22360 4.51749
22361 4.51748
22362 4.51747
22363 4.51746
22364 4.51745
22365 4.51743
22366 4.51742
22367 4.51741
22368 4.5174
22369 4.51739
22370 4.51737
22371 4.51736
22372 4.51735
22373 4.51734
22374 4.51733
22375 4.51732
22376 4.5173
22377 4.51729
22378 4.51728
22379 4.51727
22380 4.51726
22381 4.51724
22382 4.51723
22383 4.51722
22384 4.51721
22385 4.5172
22386 4.51719
22387 4.51717
22388 4.51716
22389 4.51715
22390 4.51714
22391 4.51713
22392 4.51712
22393 4.5171
22394 4.51709
22395 4.51708
22396 4.51707
22397 4.51706
22398 4.51704
22399 4.51703
22400 4.51702
22401 4.51701
22402 4.517
22403 4.51699
22404 4.51697
22405 4.51696
22406 4.51695
22407 4.51694
22408 4.51693
22409 4.51692
22410 4.5169
22411 4.51689
22412 4.51688
22413 4.51687
22414 4.51686
22415 4.51685
22416 4.51683
22417 4.51682
22418 4.51681
22419 4.5168
22420 4.51679
22421 4.51677
22422 4.51676
22423 4.51675
22424 4.51674
22425 4.51673
22426 4.51672
22427 4.5167
22428 4.51669
22429 4.51668
22430 4.51667
22431 4.51666
22432 4.51665
22433 4.51663
22434 4.51662
22435 4.51661
22436 4.5166
22437 4.51659
22438 4.51658
22439 4.51656
22440 4.51655
22441 4.51654
22442 4.51653
22443 4.51652
22444 4.5165
22445 4.51649
22446 4.51648
22447 4.51647
22448 4.51646
22449 4.51645
22450 4.51643
22451 4.51642
22452 4.51641
22453 4.5164
22454 4.51639
22455 4.51638
22456 4.51636
22457 4.51635
22458 4.51634
22459 4.51633
22460 4.51632
22461 4.51631
22462 4.51629
22463 4.51628
22464 4.51627
22465 4.51626
22466 4.51625
22467 4.51624
22468 4.51622
22469 4.51621
22470 4.5162
22471 4.51619
22472 4.51618
22473 4.51617
22474 4.51615
22475 4.51614
22476 4.51613
22477 4.51612
22478 4.51611
22479 4.51609
22480 4.51608
22481 4.51607
22482 4.51606
22483 4.51605
22484 4.51604
22485 4.51602
22486 4.51601
22487 4.516
22488 4.51599
22489 4.51598
22490 4.51597
22491 4.51595
22492 4.51594
22493 4.51593
22494 4.51592
22495 4.51591
22496 4.5159
22497 4.51588
22498 4.51587
22499 4.51586
22500 4.51585
22501 4.51584
22502 4.51583
22503 4.51581
22504 4.5158
22505 4.51579
22506 4.51578
22507 4.51577
22508 4.51576
22509 4.51574
22510 4.51573
22511 4.51572
22512 4.51571
22513 4.5157
22514 4.51569
22515 4.51567
22516 4.51566
22517 4.51565
22518 4.51564
22519 4.51563
22520 4.51562
22521 4.5156
22522 4.51559
22523 4.51558
22524 4.51557
22525 4.51556
22526 4.51555
22527 4.51553
22528 4.51552
22529 4.51551
22530 4.5155
22531 4.51549
22532 4.51548
22533 4.51546
22534 4.51545
22535 4.51544
22536 4.51543
22537 4.51542
22538 4.51541
22539 4.51539
22540 4.51538
22541 4.51537
22542 4.51536
22543 4.51535
22544 4.51534
22545 4.51532
22546 4.51531
22547 4.5153
22548 4.51529
22549 4.51528
22550 4.51527
22551 4.51525
22552 4.51524
22553 4.51523
22554 4.51522
22555 4.51521
22556 4.5152
22557 4.51518
22558 4.51517
22559 4.51516
22560 4.51515
22561 4.51514
22562 4.51513
22563 4.51512
22564 4.5151
22565 4.51509
22566 4.51508
22567 4.51507
22568 4.51506
22569 4.51505
22570 4.51503
22571 4.51502
22572 4.51501
22573 4.515
22574 4.51499
22575 4.51498
22576 4.51496
22577 4.51495
22578 4.51494
22579 4.51493
22580 4.51492
22581 4.51491
22582 4.51489
22583 4.51488
22584 4.51487
22585 4.51486
22586 4.51485
22587 4.51484
22588 4.51482
22589 4.51481
22590 4.5148
22591 4.51479
22592 4.51478
22593 4.51477
22594 4.51475
22595 4.51474
22596 4.51473
22597 4.51472
22598 4.51471
22599 4.5147
22600 4.51469
22601 4.51467
22602 4.51466
22603 4.51465
22604 4.51464
22605 4.51463
22606 4.51462
22607 4.5146
22608 4.51459
22609 4.51458
22610 4.51457
22611 4.51456
22612 4.51455
22613 4.51453
22614 4.51452
22615 4.51451
22616 4.5145
22617 4.51449
22618 4.51448
22619 4.51446
22620 4.51445
22621 4.51444
22622 4.51443
22623 4.51442
22624 4.51441
22625 4.5144
22626 4.51438
22627 4.51437
22628 4.51436
22629 4.51435
22630 4.51434
22631 4.51433
22632 4.51431
22633 4.5143
22634 4.51429
22635 4.51428
22636 4.51427
22637 4.51426
22638 4.51424
22639 4.51423
22640 4.51422
22641 4.51421
22642 4.5142
22643 4.51419
22644 4.51418
22645 4.51416
22646 4.51415
22647 4.51414
22648 4.51413
22649 4.51412
22650 4.51411
22651 4.51409
22652 4.51408
22653 4.51407
22654 4.51406
22655 4.51405
22656 4.51404
22657 4.51402
22658 4.51401
22659 4.514
22660 4.51399
22661 4.51398
22662 4.51397
22663 4.51396
22664 4.51394
22665 4.51393
22666 4.51392
22667 4.51391
22668 4.5139
22669 4.51389
22670 4.51387
22671 4.51386
22672 4.51385
22673 4.51384
22674 4.51383
22675 4.51382
22676 4.51381
22677 4.51379
22678 4.51378
22679 4.51377
22680 4.51376
22681 4.51375
22682 4.51374
22683 4.51372
22684 4.51371
22685 4.5137
22686 4.51369
22687 4.51368
22688 4.51367
22689 4.51366
22690 4.51364
22691 4.51363
22692 4.51362
22693 4.51361
22694 4.5136
22695 4.51359
22696 4.51357
22697 4.51356
22698 4.51355
22699 4.51354
22700 4.51353
22701 4.51352
22702 4.51351
22703 4.51349
22704 4.51348
22705 4.51347
22706 4.51346
22707 4.51345
22708 4.51344
22709 4.51342
22710 4.51341
22711 4.5134
22712 4.51339
22713 4.51338
22714 4.51337
22715 4.51336
22716 4.51334
22717 4.51333
22718 4.51332
22719 4.51331
22720 4.5133
22721 4.51329
22722 4.51328
22723 4.51326
22724 4.51325
22725 4.51324
22726 4.51323
22727 4.51322
22728 4.51321
22729 4.51319
22730 4.51318
22731 4.51317
22732 4.51316
22733 4.51315
22734 4.51314
22735 4.51313
22736 4.51311
22737 4.5131
22738 4.51309
22739 4.51308
22740 4.51307
22741 4.51306
22742 4.51305
22743 4.51303
22744 4.51302
22745 4.51301
22746 4.513
22747 4.51299
22748 4.51298
22749 4.51296
22750 4.51295
22751 4.51294
22752 4.51293
22753 4.51292
22754 4.51291
22755 4.5129
22756 4.51288
22757 4.51287
22758 4.51286
22759 4.51285
22760 4.51284
22761 4.51283
22762 4.51282
22763 4.5128
22764 4.51279
22765 4.51278
22766 4.51277
22767 4.51276
22768 4.51275
22769 4.51273
22770 4.51272
22771 4.51271
22772 4.5127
22773 4.51269
22774 4.51268
22775 4.51267
22776 4.51265
22777 4.51264
22778 4.51263
22779 4.51262
22780 4.51261
22781 4.5126
22782 4.51259
22783 4.51257
22784 4.51256
22785 4.51255
22786 4.51254
22787 4.51253
22788 4.51252
22789 4.51251
22790 4.51249
22791 4.51248
22792 4.51247
22793 4.51246
22794 4.51245
22795 4.51244
22796 4.51243
22797 4.51241
22798 4.5124
22799 4.51239
22800 4.51238
22801 4.51237
22802 4.51236
22803 4.51235
22804 4.51233
22805 4.51232
22806 4.51231
22807 4.5123
22808 4.51229
22809 4.51228
22810 4.51227
22811 4.51225
22812 4.51224
22813 4.51223
22814 4.51222
22815 4.51221
22816 4.5122
22817 4.51219
22818 4.51217
22819 4.51216
22820 4.51215
22821 4.51214
22822 4.51213
22823 4.51212
22824 4.51211
22825 4.51209
22826 4.51208
22827 4.51207
22828 4.51206
22829 4.51205
22830 4.51204
22831 4.51203
22832 4.51201
22833 4.512
22834 4.51199
22835 4.51198
22836 4.51197
22837 4.51196
22838 4.51195
22839 4.51193
22840 4.51192
22841 4.51191
22842 4.5119
22843 4.51189
22844 4.51188
22845 4.51187
22846 4.51185
22847 4.51184
22848 4.51183
22849 4.51182
22850 4.51181
22851 4.5118
22852 4.51179
22853 4.51177
22854 4.51176
22855 4.51175
22856 4.51174
22857 4.51173
22858 4.51172
22859 4.51171
22860 4.51169
22861 4.51168
22862 4.51167
22863 4.51166
22864 4.51165
22865 4.51164
22866 4.51163
22867 4.51161
22868 4.5116
22869 4.51159
22870 4.51158
22871 4.51157
22872 4.51156
22873 4.51155
22874 4.51153
22875 4.51152
22876 4.51151
22877 4.5115
22878 4.51149
22879 4.51148
22880 4.51147
22881 4.51145
22882 4.51144
22883 4.51143
22884 4.51142
22885 4.51141
22886 4.5114
22887 4.51139
22888 4.51137
22889 4.51136
22890 4.51135
22891 4.51134
22892 4.51133
22893 4.51132
22894 4.51131
22895 4.5113
22896 4.51128
22897 4.51127
22898 4.51126
22899 4.51125
22900 4.51124
22901 4.51123
22902 4.51122
22903 4.5112
22904 4.51119
22905 4.51118
22906 4.51117
22907 4.51116
22908 4.51115
22909 4.51114
22910 4.51112
22911 4.51111
22912 4.5111
22913 4.51109
22914 4.51108
22915 4.51107
22916 4.51106
22917 4.51105
22918 4.51103
22919 4.51102
22920 4.51101
22921 4.511
22922 4.51099
22923 4.51098
22924 4.51097
22925 4.51095
22926 4.51094
22927 4.51093
22928 4.51092
22929 4.51091
22930 4.5109
22931 4.51089
22932 4.51087
22933 4.51086
22934 4.51085
22935 4.51084
22936 4.51083
22937 4.51082
22938 4.51081
22939 4.5108
22940 4.51078
22941 4.51077
22942 4.51076
22943 4.51075
22944 4.51074
22945 4.51073
22946 4.51072
22947 4.5107
22948 4.51069
22949 4.51068
22950 4.51067
22951 4.51066
22952 4.51065
22953 4.51064
22954 4.51063
22955 4.51061
22956 4.5106
22957 4.51059
22958 4.51058
22959 4.51057
22960 4.51056
22961 4.51055
22962 4.51053
22963 4.51052
22964 4.51051
22965 4.5105
22966 4.51049
22967 4.51048
22968 4.51047
22969 4.51046
22970 4.51044
22971 4.51043
22972 4.51042
22973 4.51041
22974 4.5104
22975 4.51039
22976 4.51038
22977 4.51036
22978 4.51035
22979 4.51034
22980 4.51033
22981 4.51032
22982 4.51031
22983 4.5103
22984 4.51029
22985 4.51027
22986 4.51026
22987 4.51025
22988 4.51024
22989 4.51023
22990 4.51022
22991 4.51021
22992 4.5102
22993 4.51018
22994 4.51017
22995 4.51016
22996 4.51015
22997 4.51014
22998 4.51013
22999 4.51012
23000 4.5101
23001 4.51009
23002 4.51008
23003 4.51007
23004 4.51006
23005 4.51005
23006 4.51004
23007 4.51003
23008 4.51001
23009 4.51
23010 4.50999
23011 4.50998
23012 4.50997
23013 4.50996
23014 4.50995
23015 4.50994
23016 4.50992
23017 4.50991
23018 4.5099
23019 4.50989
23020 4.50988
23021 4.50987
23022 4.50986
23023 4.50985
23024 4.50983
23025 4.50982
23026 4.50981
23027 4.5098
23028 4.50979
23029 4.50978
23030 4.50977
23031 4.50975
23032 4.50974
23033 4.50973
23034 4.50972
23035 4.50971
23036 4.5097
23037 4.50969
23038 4.50968
23039 4.50966
23040 4.50965
23041 4.50964
23042 4.50963
23043 4.50962
23044 4.50961
23045 4.5096
23046 4.50959
23047 4.50957
23048 4.50956
23049 4.50955
23050 4.50954
23051 4.50953
23052 4.50952
23053 4.50951
23054 4.5095
23055 4.50948
23056 4.50947
23057 4.50946
23058 4.50945
23059 4.50944
23060 4.50943
23061 4.50942
23062 4.50941
23063 4.50939
23064 4.50938
23065 4.50937
23066 4.50936
23067 4.50935
23068 4.50934
23069 4.50933
23070 4.50932
23071 4.5093
23072 4.50929
23073 4.50928
23074 4.50927
23075 4.50926
23076 4.50925
23077 4.50924
23078 4.50923
23079 4.50921
23080 4.5092
23081 4.50919
23082 4.50918
23083 4.50917
23084 4.50916
23085 4.50915
23086 4.50914
23087 4.50912
23088 4.50911
23089 4.5091
23090 4.50909
23091 4.50908
23092 4.50907
23093 4.50906
23094 4.50905
23095 4.50904
23096 4.50902
23097 4.50901
23098 4.509
23099 4.50899
23100 4.50898
23101 4.50897
23102 4.50896
23103 4.50895
23104 4.50893
23105 4.50892
23106 4.50891
23107 4.5089
23108 4.50889
23109 4.50888
23110 4.50887
23111 4.50886
23112 4.50884
23113 4.50883
23114 4.50882
23115 4.50881
23116 4.5088
23117 4.50879
23118 4.50878
23119 4.50877
23120 4.50875
23121 4.50874
23122 4.50873
23123 4.50872
23124 4.50871
23125 4.5087
23126 4.50869
23127 4.50868
23128 4.50867
23129 4.50865
23130 4.50864
23131 4.50863
23132 4.50862
23133 4.50861
23134 4.5086
23135 4.50859
23136 4.50858
23137 4.50856
23138 4.50855
23139 4.50854
23140 4.50853
23141 4.50852
23142 4.50851
23143 4.5085
23144 4.50849
23145 4.50847
23146 4.50846
23147 4.50845
23148 4.50844
23149 4.50843
23150 4.50842
23151 4.50841
23152 4.5084
23153 4.50839
23154 4.50837
23155 4.50836
23156 4.50835
23157 4.50834
23158 4.50833
23159 4.50832
23160 4.50831
23161 4.5083
23162 4.50828
23163 4.50827
23164 4.50826
23165 4.50825
23166 4.50824
23167 4.50823
23168 4.50822
23169 4.50821
23170 4.5082
23171 4.50818
23172 4.50817
23173 4.50816
23174 4.50815
23175 4.50814
23176 4.50813
23177 4.50812
23178 4.50811
23179 4.5081
23180 4.50808
23181 4.50807
23182 4.50806
23183 4.50805
23184 4.50804
23185 4.50803
23186 4.50802
23187 4.50801
23188 4.50799
23189 4.50798
23190 4.50797
23191 4.50796
23192 4.50795
23193 4.50794
23194 4.50793
23195 4.50792
23196 4.50791
23197 4.50789
23198 4.50788
23199 4.50787
23200 4.50786
23201 4.50785
23202 4.50784
23203 4.50783
23204 4.50782
23205 4.50781
23206 4.50779
23207 4.50778
23208 4.50777
23209 4.50776
23210 4.50775
23211 4.50774
23212 4.50773
23213 4.50772
23214 4.5077
23215 4.50769
23216 4.50768
23217 4.50767
23218 4.50766
23219 4.50765
23220 4.50764
23221 4.50763
23222 4.50762
23223 4.5076
23224 4.50759
23225 4.50758
23226 4.50757
23227 4.50756
23228 4.50755
23229 4.50754
23230 4.50753
23231 4.50752
23232 4.5075
23233 4.50749
23234 4.50748
23235 4.50747
23236 4.50746
23237 4.50745
23238 4.50744
23239 4.50743
23240 4.50742
23241 4.5074
23242 4.50739
23243 4.50738
23244 4.50737
23245 4.50736
23246 4.50735
23247 4.50734
23248 4.50733
23249 4.50732
23250 4.5073
23251 4.50729
23252 4.50728
23253 4.50727
23254 4.50726
23255 4.50725
23256 4.50724
23257 4.50723
23258 4.50722
23259 4.5072
23260 4.50719
23261 4.50718
23262 4.50717
23263 4.50716
23264 4.50715
23265 4.50714
23266 4.50713
23267 4.50712
23268 4.5071
23269 4.50709
23270 4.50708
23271 4.50707
23272 4.50706
23273 4.50705
23274 4.50704
23275 4.50703
23276 4.50702
23277 4.50701
23278 4.50699
23279 4.50698
23280 4.50697
23281 4.50696
23282 4.50695
23283 4.50694
23284 4.50693
23285 4.50692
23286 4.50691
23287 4.50689
23288 4.50688
23289 4.50687
23290 4.50686
23291 4.50685
23292 4.50684
23293 4.50683
23294 4.50682
23295 4.50681
23296 4.50679
23297 4.50678
23298 4.50677
23299 4.50676
23300 4.50675
23301 4.50674
23302 4.50673
23303 4.50672
23304 4.50671
23305 4.5067
23306 4.50668
23307 4.50667
23308 4.50666
23309 4.50665
23310 4.50664
23311 4.50663
23312 4.50662
23313 4.50661
23314 4.5066
23315 4.50658
23316 4.50657
23317 4.50656
23318 4.50655
23319 4.50654
23320 4.50653
23321 4.50652
23322 4.50651
23323 4.5065
23324 4.50649
23325 4.50647
23326 4.50646
23327 4.50645
23328 4.50644
23329 4.50643
23330 4.50642
23331 4.50641
23332 4.5064
23333 4.50639
23334 4.50637
23335 4.50636
23336 4.50635
23337 4.50634
23338 4.50633
23339 4.50632
23340 4.50631
23341 4.5063
23342 4.50629
23343 4.50628
23344 4.50626
23345 4.50625
23346 4.50624
23347 4.50623
23348 4.50622
23349 4.50621
23350 4.5062
23351 4.50619
23352 4.50618
23353 4.50617
23354 4.50615
23355 4.50614
23356 4.50613
23357 4.50612
23358 4.50611
23359 4.5061
23360 4.50609
23361 4.50608
23362 4.50607
23363 4.50605
23364 4.50604
23365 4.50603
23366 4.50602
23367 4.50601
23368 4.506
23369 4.50599
23370 4.50598
23371 4.50597
23372 4.50596
23373 4.50594
23374 4.50593
23375 4.50592
23376 4.50591
23377 4.5059
23378 4.50589
23379 4.50588
23380 4.50587
23381 4.50586
23382 4.50585
23383 4.50583
23384 4.50582
23385 4.50581
23386 4.5058
23387 4.50579
23388 4.50578
23389 4.50577
23390 4.50576
23391 4.50575
23392 4.50574
23393 4.50572
23394 4.50571
23395 4.5057
23396 4.50569
23397 4.50568
23398 4.50567
23399 4.50566
23400 4.50565
23401 4.50564
23402 4.50563
23403 4.50561
23404 4.5056
23405 4.50559
23406 4.50558
23407 4.50557
23408 4.50556
23409 4.50555
23410 4.50554
23411 4.50553
23412 4.50552
23413 4.50551
23414 4.50549
23415 4.50548
23416 4.50547
23417 4.50546
23418 4.50545
23419 4.50544
23420 4.50543
23421 4.50542
23422 4.50541
23423 4.5054
23424 4.50538
23425 4.50537
23426 4.50536
23427 4.50535
23428 4.50534
23429 4.50533
23430 4.50532
23431 4.50531
23432 4.5053
23433 4.50529
23434 4.50527
23435 4.50526
23436 4.50525
23437 4.50524
23438 4.50523
23439 4.50522
23440 4.50521
23441 4.5052
23442 4.50519
23443 4.50518
23444 4.50517
23445 4.50515
23446 4.50514
23447 4.50513
23448 4.50512
23449 4.50511
23450 4.5051
23451 4.50509
23452 4.50508
23453 4.50507
23454 4.50506
23455 4.50504
23456 4.50503
23457 4.50502
23458 4.50501
23459 4.505
23460 4.50499
23461 4.50498
23462 4.50497
23463 4.50496
23464 4.50495
23465 4.50494
23466 4.50492
23467 4.50491
23468 4.5049
23469 4.50489
23470 4.50488
23471 4.50487
23472 4.50486
23473 4.50485
23474 4.50484
23475 4.50483
23476 4.50482
23477 4.5048
23478 4.50479
23479 4.50478
23480 4.50477
23481 4.50476
23482 4.50475
23483 4.50474
23484 4.50473
23485 4.50472
23486 4.50471
23487 4.5047
23488 4.50468
23489 4.50467
23490 4.50466
23491 4.50465
23492 4.50464
23493 4.50463
23494 4.50462
23495 4.50461
23496 4.5046
23497 4.50459
23498 4.50457
23499 4.50456
23500 4.50455
23501 4.50454
23502 4.50453
23503 4.50452
23504 4.50451
23505 4.5045
23506 4.50449
23507 4.50448
23508 4.50447
23509 4.50445
23510 4.50444
23511 4.50443
23512 4.50442
23513 4.50441
23514 4.5044
23515 4.50439
23516 4.50438
23517 4.50437
23518 4.50436
23519 4.50435
23520 4.50434
23521 4.50432
23522 4.50431
23523 4.5043
23524 4.50429
23525 4.50428
23526 4.50427
23527 4.50426
23528 4.50425
23529 4.50424
23530 4.50423
23531 4.50422
23532 4.5042
23533 4.50419
23534 4.50418
23535 4.50417
23536 4.50416
23537 4.50415
23538 4.50414
23539 4.50413
23540 4.50412
23541 4.50411
23542 4.5041
23543 4.50408
23544 4.50407
23545 4.50406
23546 4.50405
23547 4.50404
23548 4.50403
23549 4.50402
23550 4.50401
23551 4.504
23552 4.50399
23553 4.50398
23554 4.50397
23555 4.50395
23556 4.50394
23557 4.50393
23558 4.50392
23559 4.50391
23560 4.5039
23561 4.50389
23562 4.50388
23563 4.50387
23564 4.50386
23565 4.50385
23566 4.50383
23567 4.50382
23568 4.50381
23569 4.5038
23570 4.50379
23571 4.50378
23572 4.50377
23573 4.50376
23574 4.50375
23575 4.50374
23576 4.50373
23577 4.50372
23578 4.5037
23579 4.50369
23580 4.50368
23581 4.50367
23582 4.50366
23583 4.50365
23584 4.50364
23585 4.50363
23586 4.50362
23587 4.50361
23588 4.5036
23589 4.50359
23590 4.50357
23591 4.50356
23592 4.50355
23593 4.50354
23594 4.50353
23595 4.50352
23596 4.50351
23597 4.5035
23598 4.50349
23599 4.50348
23600 4.50347
23601 4.50346
23602 4.50344
23603 4.50343
23604 4.50342
23605 4.50341
23606 4.5034
23607 4.50339
23608 4.50338
23609 4.50337
23610 4.50336
23611 4.50335
23612 4.50334
23613 4.50333
23614 4.50331
23615 4.5033
23616 4.50329
23617 4.50328
23618 4.50327
23619 4.50326
23620 4.50325
23621 4.50324
23622 4.50323
23623 4.50322
23624 4.50321
23625 4.5032
23626 4.50318
23627 4.50317
23628 4.50316
23629 4.50315
23630 4.50314
23631 4.50313
23632 4.50312
23633 4.50311
23634 4.5031
23635 4.50309
23636 4.50308
23637 4.50307
23638 4.50306
23639 4.50304
23640 4.50303
23641 4.50302
23642 4.50301
23643 4.503
23644 4.50299
23645 4.50298
23646 4.50297
23647 4.50296
23648 4.50295
23649 4.50294
23650 4.50293
23651 4.50291
23652 4.5029
23653 4.50289
23654 4.50288
23655 4.50287
23656 4.50286
23657 4.50285
23658 4.50284
23659 4.50283
23660 4.50282
23661 4.50281
23662 4.5028
23663 4.50279
23664 4.50277
23665 4.50276
23666 4.50275
23667 4.50274
23668 4.50273
23669 4.50272
23670 4.50271
23671 4.5027
23672 4.50269
23673 4.50268
23674 4.50267
23675 4.50266
23676 4.50265
23677 4.50263
23678 4.50262
23679 4.50261
23680 4.5026
23681 4.50259
23682 4.50258
23683 4.50257
23684 4.50256
23685 4.50255
23686 4.50254
23687 4.50253
23688 4.50252
23689 4.50251
23690 4.50249
23691 4.50248
23692 4.50247
23693 4.50246
23694 4.50245
23695 4.50244
23696 4.50243
23697 4.50242
23698 4.50241
23699 4.5024
23700 4.50239
23701 4.50238
23702 4.50237
23703 4.50235
23704 4.50234
23705 4.50233
23706 4.50232
23707 4.50231
23708 4.5023
23709 4.50229
23710 4.50228
23711 4.50227
23712 4.50226
23713 4.50225
23714 4.50224
23715 4.50223
23716 4.50221
23717 4.5022
23718 4.50219
23719 4.50218
23720 4.50217
23721 4.50216
23722 4.50215
23723 4.50214
23724 4.50213
23725 4.50212
23726 4.50211
23727 4.5021
23728 4.50209
23729 4.50208
23730 4.50206
23731 4.50205
23732 4.50204
23733 4.50203
23734 4.50202
23735 4.50201
23736 4.502
23737 4.50199
23738 4.50198
23739 4.50197
23740 4.50196
23741 4.50195
23742 4.50194
23743 4.50193
23744 4.50191
23745 4.5019
23746 4.50189
23747 4.50188
23748 4.50187
23749 4.50186
23750 4.50185
23751 4.50184
23752 4.50183
23753 4.50182
23754 4.50181
23755 4.5018
23756 4.50179
23757 4.50178
23758 4.50176
23759 4.50175
23760 4.50174
23761 4.50173
23762 4.50172
23763 4.50171
23764 4.5017
23765 4.50169
23766 4.50168
23767 4.50167
23768 4.50166
23769 4.50165
23770 4.50164
23771 4.50163
23772 4.50161
23773 4.5016
23774 4.50159
23775 4.50158
23776 4.50157
23777 4.50156
23778 4.50155
23779 4.50154
23780 4.50153
23781 4.50152
23782 4.50151
23783 4.5015
23784 4.50149
23785 4.50148
23786 4.50147
23787 4.50145
23788 4.50144
23789 4.50143
23790 4.50142
23791 4.50141
23792 4.5014
23793 4.50139
23794 4.50138
23795 4.50137
23796 4.50136
23797 4.50135
23798 4.50134
23799 4.50133
23800 4.50132
23801 4.5013
23802 4.50129
23803 4.50128
23804 4.50127
23805 4.50126
23806 4.50125
23807 4.50124
23808 4.50123
23809 4.50122
23810 4.50121
23811 4.5012
23812 4.50119
23813 4.50118
23814 4.50117
23815 4.50116
23816 4.50114
23817 4.50113
23818 4.50112
23819 4.50111
23820 4.5011
23821 4.50109
23822 4.50108
23823 4.50107
23824 4.50106
23825 4.50105
23826 4.50104
23827 4.50103
23828 4.50102
23829 4.50101
23830 4.501
23831 4.50099
23832 4.50097
23833 4.50096
23834 4.50095
23835 4.50094
23836 4.50093
23837 4.50092
23838 4.50091
23839 4.5009
23840 4.50089
23841 4.50088
23842 4.50087
23843 4.50086
23844 4.50085
23845 4.50084
23846 4.50083
23847 4.50081
23848 4.5008
23849 4.50079
23850 4.50078
23851 4.50077
23852 4.50076
23853 4.50075
23854 4.50074
23855 4.50073
23856 4.50072
23857 4.50071
23858 4.5007
23859 4.50069
23860 4.50068
23861 4.50067
23862 4.50066
23863 4.50064
23864 4.50063
23865 4.50062
23866 4.50061
23867 4.5006
23868 4.50059
23869 4.50058
23870 4.50057
23871 4.50056
23872 4.50055
23873 4.50054
23874 4.50053
23875 4.50052
23876 4.50051
23877 4.5005
23878 4.50049
23879 4.50047
23880 4.50046
23881 4.50045
23882 4.50044
23883 4.50043
23884 4.50042
23885 4.50041
23886 4.5004
23887 4.50039
23888 4.50038
23889 4.50037
23890 4.50036
23891 4.50035
23892 4.50034
23893 4.50033
23894 4.50032
23895 4.50031
23896 4.50029
23897 4.50028
23898 4.50027
23899 4.50026
23900 4.50025
23901 4.50024
23902 4.50023
23903 4.50022
23904 4.50021
23905 4.5002
23906 4.50019
23907 4.50018
23908 4.50017
23909 4.50016
23910 4.50015
23911 4.50014
23912 4.50012
23913 4.50011
23914 4.5001
23915 4.50009
23916 4.50008
23917 4.50007
23918 4.50006
23919 4.50005
23920 4.50004
23921 4.50003
23922 4.50002
23923 4.50001
23924 4.5
23925 4.49999
23926 4.49998
23927 4.49997
23928 4.49996
23929 4.49995
23930 4.49993
23931 4.49992
23932 4.49991
23933 4.4999
23934 4.49989
23935 4.49988
23936 4.49987
23937 4.49986
23938 4.49985
23939 4.49984
23940 4.49983
23941 4.49982
23942 4.49981
23943 4.4998
23944 4.49979
23945 4.49978
23946 4.49977
23947 4.49975
23948 4.49974
23949 4.49973
23950 4.49972
23951 4.49971
23952 4.4997
23953 4.49969
23954 4.49968
23955 4.49967
23956 4.49966
23957 4.49965
23958 4.49964
23959 4.49963
23960 4.49962
23961 4.49961
23962 4.4996
23963 4.49959
23964 4.49958
23965 4.49956
23966 4.49955
23967 4.49954
23968 4.49953
23969 4.49952
23970 4.49951
23971 4.4995
23972 4.49949
23973 4.49948
23974 4.49947
23975 4.49946
23976 4.49945
23977 4.49944
23978 4.49943
23979 4.49942
23980 4.49941
23981 4.4994
23982 4.49939
23983 4.49938
23984 4.49936
23985 4.49935
23986 4.49934
23987 4.49933
23988 4.49932
23989 4.49931
23990 4.4993
23991 4.49929
23992 4.49928
23993 4.49927
23994 4.49926
23995 4.49925
23996 4.49924
23997 4.49923
23998 4.49922
23999 4.49921
24000 4.4992
24001 4.49919
24002 4.49918
24003 4.49916
24004 4.49915
24005 4.49914
24006 4.49913
24007 4.49912
24008 4.49911
24009 4.4991
24010 4.49909
24011 4.49908
24012 4.49907
24013 4.49906
24014 4.49905
24015 4.49904
24016 4.49903
24017 4.49902
24018 4.49901
24019 4.499
24020 4.49899
24021 4.49898
24022 4.49897
24023 4.49895
24024 4.49894
24025 4.49893
24026 4.49892
24027 4.49891
24028 4.4989
24029 4.49889
24030 4.49888
24031 4.49887
24032 4.49886
24033 4.49885
24034 4.49884
24035 4.49883
24036 4.49882
24037 4.49881
24038 4.4988
24039 4.49879
24040 4.49878
24041 4.49877
24042 4.49876
24043 4.49874
24044 4.49873
24045 4.49872
24046 4.49871
24047 4.4987
24048 4.49869
24049 4.49868
24050 4.49867
24051 4.49866
24052 4.49865
24053 4.49864
24054 4.49863
24055 4.49862
24056 4.49861
24057 4.4986
24058 4.49859
24059 4.49858
24060 4.49857
24061 4.49856
24062 4.49855
24063 4.49854
24064 4.49852
24065 4.49851
24066 4.4985
24067 4.49849
24068 4.49848
24069 4.49847
24070 4.49846
24071 4.49845
24072 4.49844
24073 4.49843
24074 4.49842
24075 4.49841
24076 4.4984
24077 4.49839
24078 4.49838
24079 4.49837
24080 4.49836
24081 4.49835
24082 4.49834
24083 4.49833
24084 4.49832
24085 4.49831
24086 4.49829
24087 4.49828
24088 4.49827
24089 4.49826
24090 4.49825
24091 4.49824
24092 4.49823
24093 4.49822
24094 4.49821
24095 4.4982
24096 4.49819
24097 4.49818
24098 4.49817
24099 4.49816
24100 4.49815
24101 4.49814
24102 4.49813
24103 4.49812
24104 4.49811
24105 4.4981
24106 4.49809
24107 4.49808
24108 4.49806
24109 4.49805
24110 4.49804
24111 4.49803
24112 4.49802
24113 4.49801
24114 4.498
24115 4.49799
24116 4.49798
24117 4.49797
24118 4.49796
24119 4.49795
24120 4.49794
24121 4.49793
24122 4.49792
24123 4.49791
24124 4.4979
24125 4.49789
24126 4.49788
24127 4.49787
24128 4.49786
24129 4.49785
24130 4.49784
24131 4.49783
24132 4.49781
24133 4.4978
24134 4.49779
24135 4.49778
24136 4.49777
24137 4.49776
24138 4.49775
24139 4.49774
24140 4.49773
24141 4.49772
24142 4.49771
24143 4.4977
24144 4.49769
24145 4.49768
24146 4.49767
24147 4.49766
24148 4.49765
24149 4.49764
24150 4.49763
24151 4.49762
24152 4.49761
24153 4.4976
24154 4.49759
24155 4.49758
24156 4.49757
24157 4.49755
24158 4.49754
24159 4.49753
24160 4.49752
24161 4.49751
24162 4.4975
24163 4.49749
24164 4.49748
24165 4.49747
24166 4.49746
24167 4.49745
24168 4.49744
24169 4.49743
24170 4.49742
24171 4.49741
24172 4.4974
24173 4.49739
24174 4.49738
24175 4.49737
24176 4.49736
24177 4.49735
24178 4.49734
24179 4.49733
24180 4.49732
24181 4.49731
24182 4.4973
24183 4.49728
24184 4.49727
24185 4.49726
24186 4.49725
24187 4.49724
24188 4.49723
24189 4.49722
24190 4.49721
24191 4.4972
24192 4.49719
24193 4.49718
24194 4.49717
24195 4.49716
24196 4.49715
24197 4.49714
24198 4.49713
24199 4.49712
24200 4.49711
24201 4.4971
24202 4.49709
24203 4.49708
24204 4.49707
24205 4.49706
24206 4.49705
24207 4.49704
24208 4.49703
24209 4.49702
24210 4.497
24211 4.49699
24212 4.49698
24213 4.49697
24214 4.49696
24215 4.49695
24216 4.49694
24217 4.49693
24218 4.49692
24219 4.49691
24220 4.4969
24221 4.49689
24222 4.49688
24223 4.49687
24224 4.49686
24225 4.49685
24226 4.49684
24227 4.49683
24228 4.49682
24229 4.49681
24230 4.4968
24231 4.49679
24232 4.49678
24233 4.49677
24234 4.49676
24235 4.49675
24236 4.49674
24237 4.49673
24238 4.49672
24239 4.49671
24240 4.49669
24241 4.49668
24242 4.49667
24243 4.49666
24244 4.49665
24245 4.49664
24246 4.49663
24247 4.49662
24248 4.49661
24249 4.4966
24250 4.49659
24251 4.49658
24252 4.49657
24253 4.49656
24254 4.49655
24255 4.49654
24256 4.49653
24257 4.49652
24258 4.49651
24259 4.4965
24260 4.49649
24261 4.49648
24262 4.49647
24263 4.49646
24264 4.49645
24265 4.49644
24266 4.49643
24267 4.49642
24268 4.49641
24269 4.4964
24270 4.49639
24271 4.49637
24272 4.49636
24273 4.49635
24274 4.49634
24275 4.49633
24276 4.49632
24277 4.49631
24278 4.4963
24279 4.49629
24280 4.49628
24281 4.49627
24282 4.49626
24283 4.49625
24284 4.49624
24285 4.49623
24286 4.49622
24287 4.49621
24288 4.4962
24289 4.49619
24290 4.49618
24291 4.49617
24292 4.49616
24293 4.49615
24294 4.49614
24295 4.49613
24296 4.49612
24297 4.49611
24298 4.4961
24299 4.49609
24300 4.49608
24301 4.49607
24302 4.49606
24303 4.49605
24304 4.49604
24305 4.49602
24306 4.49601
24307 4.496
24308 4.49599
24309 4.49598
24310 4.49597
24311 4.49596
24312 4.49595
24313 4.49594
24314 4.49593
24315 4.49592
24316 4.49591
24317 4.4959
24318 4.49589
24319 4.49588
24320 4.49587
24321 4.49586
24322 4.49585
24323 4.49584
24324 4.49583
24325 4.49582
24326 4.49581
24327 4.4958
24328 4.49579
24329 4.49578
24330 4.49577
24331 4.49576
24332 4.49575
24333 4.49574
24334 4.49573
24335 4.49572
24336 4.49571
24337 4.4957
24338 4.49569
24339 4.49568
24340 4.49567
24341 4.49566
24342 4.49565
24343 4.49563
24344 4.49562
24345 4.49561
24346 4.4956
24347 4.49559
24348 4.49558
24349 4.49557
24350 4.49556
24351 4.49555
24352 4.49554
24353 4.49553
24354 4.49552
24355 4.49551
24356 4.4955
24357 4.49549
24358 4.49548
24359 4.49547
24360 4.49546
24361 4.49545
24362 4.49544
24363 4.49543
24364 4.49542
24365 4.49541
24366 4.4954
24367 4.49539
24368 4.49538
24369 4.49537
24370 4.49536
24371 4.49535
24372 4.49534
24373 4.49533
24374 4.49532
24375 4.49531
24376 4.4953
24377 4.49529
24378 4.49528
24379 4.49527
24380 4.49526
24381 4.49525
24382 4.49524
24383 4.49523
24384 4.49522
24385 4.49521
24386 4.4952
24387 4.49518
24388 4.49517
24389 4.49516
24390 4.49515
24391 4.49514
24392 4.49513
24393 4.49512
24394 4.49511
24395 4.4951
24396 4.49509
24397 4.49508
24398 4.49507
24399 4.49506
24400 4.49505
24401 4.49504
24402 4.49503
24403 4.49502
24404 4.49501
24405 4.495
24406 4.49499
24407 4.49498
24408 4.49497
24409 4.49496
24410 4.49495
24411 4.49494
24412 4.49493
24413 4.49492
24414 4.49491
24415 4.4949
24416 4.49489
24417 4.49488
24418 4.49487
24419 4.49486
24420 4.49485
24421 4.49484
24422 4.49483
24423 4.49482
24424 4.49481
24425 4.4948
24426 4.49479
24427 4.49478
24428 4.49477
24429 4.49476
24430 4.49475
24431 4.49474
24432 4.49473
24433 4.49472
24434 4.49471
24435 4.4947
24436 4.49469
24437 4.49468
24438 4.49466
24439 4.49465
24440 4.49464
24441 4.49463
24442 4.49462
24443 4.49461
24444 4.4946
24445 4.49459
24446 4.49458
24447 4.49457
24448 4.49456
24449 4.49455
24450 4.49454
24451 4.49453
24452 4.49452
24453 4.49451
24454 4.4945
24455 4.49449
24456 4.49448
24457 4.49447
24458 4.49446
24459 4.49445
24460 4.49444
24461 4.49443
24462 4.49442
24463 4.49441
24464 4.4944
24465 4.49439
24466 4.49438
24467 4.49437
24468 4.49436
24469 4.49435
24470 4.49434
24471 4.49433
24472 4.49432
24473 4.49431
24474 4.4943
24475 4.49429
24476 4.49428
24477 4.49427
24478 4.49426
24479 4.49425
24480 4.49424
24481 4.49423
24482 4.49422
24483 4.49421
24484 4.4942
24485 4.49419
24486 4.49418
24487 4.49417
24488 4.49416
24489 4.49415
24490 4.49414
24491 4.49413
24492 4.49412
24493 4.49411
24494 4.4941
24495 4.49409
24496 4.49408
24497 4.49407
24498 4.49406
24499 4.49405
24500 4.49404
24501 4.49403
24502 4.49402
24503 4.49401
24504 4.494
24505 4.49399
24506 4.49397
24507 4.49396
24508 4.49395
24509 4.49394
24510 4.49393
24511 4.49392
24512 4.49391
24513 4.4939
24514 4.49389
24515 4.49388
24516 4.49387
24517 4.49386
24518 4.49385
24519 4.49384
24520 4.49383
24521 4.49382
24522 4.49381
24523 4.4938
24524 4.49379
24525 4.49378
24526 4.49377
24527 4.49376
24528 4.49375
24529 4.49374
24530 4.49373
24531 4.49372
24532 4.49371
24533 4.4937
24534 4.49369
24535 4.49368
24536 4.49367
24537 4.49366
24538 4.49365
24539 4.49364
24540 4.49363
24541 4.49362
24542 4.49361
24543 4.4936
24544 4.49359
24545 4.49358
24546 4.49357
24547 4.49356
24548 4.49355
24549 4.49354
24550 4.49353
24551 4.49352
24552 4.49351
24553 4.4935
24554 4.49349
24555 4.49348
24556 4.49347
24557 4.49346
24558 4.49345
24559 4.49344
24560 4.49343
24561 4.49342
24562 4.49341
24563 4.4934
24564 4.49339
24565 4.49338
24566 4.49337
24567 4.49336
24568 4.49335
24569 4.49334
24570 4.49333
24571 4.49332
24572 4.49331
24573 4.4933
24574 4.49329
24575 4.49328
24576 4.49327
24577 4.49326
24578 4.49325
24579 4.49324
24580 4.49323
24581 4.49322
24582 4.49321
24583 4.4932
24584 4.49319
24585 4.49318
24586 4.49317
24587 4.49316
24588 4.49315
24589 4.49314
24590 4.49313
24591 4.49312
24592 4.49311
24593 4.4931
24594 4.49309
24595 4.49308
24596 4.49307
24597 4.49306
24598 4.49305
24599 4.49304
24600 4.49303
24601 4.49302
24602 4.49301
24603 4.493
24604 4.49299
24605 4.49298
24606 4.49297
24607 4.49296
24608 4.49295
24609 4.49294
24610 4.49293
24611 4.49292
24612 4.49291
24613 4.4929
24614 4.49289
24615 4.49288
24616 4.49287
24617 4.49286
24618 4.49285
24619 4.49284
24620 4.49283
24621 4.49282
24622 4.49281
24623 4.4928
24624 4.49279
24625 4.49278
24626 4.49277
24627 4.49276
24628 4.49275
24629 4.49274
24630 4.49273
24631 4.49272
24632 4.49271
24633 4.4927
24634 4.49269
24635 4.49268
24636 4.49267
24637 4.49266
24638 4.49265
24639 4.49264
24640 4.49263
24641 4.49262
24642 4.49261
24643 4.4926
24644 4.49259
24645 4.49258
24646 4.49257
24647 4.49256
24648 4.49255
24649 4.49254
24650 4.49253
24651 4.49252
24652 4.49251
24653 4.4925
24654 4.49249
24655 4.49248
24656 4.49247
24657 4.49246
24658 4.49245
24659 4.49244
24660 4.49243
24661 4.49242
24662 4.49241
24663 4.4924
24664 4.49239
24665 4.49238
24666 4.49237
24667 4.49236
24668 4.49235
24669 4.49234
24670 4.49233
24671 4.49232
24672 4.49231
24673 4.4923
24674 4.49229
24675 4.49228
24676 4.49227
24677 4.49226
24678 4.49225
24679 4.49224
24680 4.49223
24681 4.49222
24682 4.49221
24683 4.4922
24684 4.49219
24685 4.49218
24686 4.49217
24687 4.49216
24688 4.49215
24689 4.49214
24690 4.49213
24691 4.49212
24692 4.49211
24693 4.4921
24694 4.49209
24695 4.49208
24696 4.49207
24697 4.49206
24698 4.49205
24699 4.49204
24700 4.49203
24701 4.49202
24702 4.49201
24703 4.492
24704 4.49199
24705 4.49198
24706 4.49197
24707 4.49196
24708 4.49195
24709 4.49194
24710 4.49193
24711 4.49192
24712 4.49191
24713 4.4919
24714 4.49189
24715 4.49188
24716 4.49187
24717 4.49186
24718 4.49185
24719 4.49184
24720 4.49183
24721 4.49182
24722 4.49181
24723 4.4918
24724 4.49179
24725 4.49178
24726 4.49177
24727 4.49176
24728 4.49175
24729 4.49174
24730 4.49173
24731 4.49172
24732 4.49171
24733 4.4917
24734 4.49169
24735 4.49168
24736 4.49167
24737 4.49166
24738 4.49165
24739 4.49164
24740 4.49163
24741 4.49162
24742 4.49161
24743 4.4916
24744 4.49159
24745 4.49158
24746 4.49157
24747 4.49156
24748 4.49155
24749 4.49154
24750 4.49153
24751 4.49152
24752 4.49151
24753 4.4915
24754 4.49149
24755 4.49148
24756 4.49147
24757 4.49146
24758 4.49145
24759 4.49144
24760 4.49143
24761 4.49142
24762 4.49141
24763 4.4914
24764 4.49139
24765 4.49138
24766 4.49137
24767 4.49136
24768 4.49135
24769 4.49134
24770 4.49133
24771 4.49132
24772 4.49131
24773 4.4913
24774 4.49129
24775 4.49128
24776 4.49127
24777 4.49126
24778 4.49125
24779 4.49124
24780 4.49123
24781 4.49122
24782 4.49121
24783 4.4912
24784 4.49119
24785 4.49118
24786 4.49117
24787 4.49116
24788 4.49115
24789 4.49114
24790 4.49113
24791 4.49112
24792 4.49111
24793 4.4911
24794 4.49109
24795 4.49108
24796 4.49107
24797 4.49106
24798 4.49105
24799 4.49104
24800 4.49103
24801 4.49102
24802 4.49101
24803 4.491
24804 4.49099
24805 4.49098
24806 4.49097
24807 4.49096
24808 4.49095
24809 4.49094
24810 4.49093
24811 4.49092
24812 4.49092
24813 4.49091
24814 4.4909
24815 4.49089
24816 4.49088
24817 4.49087
24818 4.49086
24819 4.49085
24820 4.49084
24821 4.49083
24822 4.49082
24823 4.49081
24824 4.4908
24825 4.49079
24826 4.49078
24827 4.49077
24828 4.49076
24829 4.49075
24830 4.49074
24831 4.49073
24832 4.49072
24833 4.49071
24834 4.4907
24835 4.49069
24836 4.49068
24837 4.49067
24838 4.49066
24839 4.49065
24840 4.49064
24841 4.49063
24842 4.49062
24843 4.49061
24844 4.4906
24845 4.49059
24846 4.49058
24847 4.49057
24848 4.49056
24849 4.49055
24850 4.49054
24851 4.49053
24852 4.49052
24853 4.49051
24854 4.4905
24855 4.49049
24856 4.49048
24857 4.49047
24858 4.49046
24859 4.49045
24860 4.49044
24861 4.49043
24862 4.49042
24863 4.49041
24864 4.4904
24865 4.49039
24866 4.49038
24867 4.49037
24868 4.49036
24869 4.49035
24870 4.49034
24871 4.49033
24872 4.49032
24873 4.49031
24874 4.4903
24875 4.49029
24876 4.49028
24877 4.49027
24878 4.49026
24879 4.49025
24880 4.49025
24881 4.49024
24882 4.49023
24883 4.49022
24884 4.49021
24885 4.4902
24886 4.49019
24887 4.49018
24888 4.49017
24889 4.49016
24890 4.49015
24891 4.49014
24892 4.49013
24893 4.49012
24894 4.49011
24895 4.4901
24896 4.49009
24897 4.49008
24898 4.49007
24899 4.49006
24900 4.49005
24901 4.49004
24902 4.49003
24903 4.49002
24904 4.49001
24905 4.49
24906 4.48999
24907 4.48998
24908 4.48997
24909 4.48996
24910 4.48995
24911 4.48994
24912 4.48993
24913 4.48992
24914 4.48991
24915 4.4899
24916 4.48989
24917 4.48988
24918 4.48987
24919 4.48986
24920 4.48985
24921 4.48984
24922 4.48983
24923 4.48982
24924 4.48981
24925 4.4898
24926 4.48979
24927 4.48978
24928 4.48977
24929 4.48976
24930 4.48975
24931 4.48975
24932 4.48974
24933 4.48973
24934 4.48972
24935 4.48971
24936 4.4897
24937 4.48969
24938 4.48968
24939 4.48967
24940 4.48966
24941 4.48965
24942 4.48964
24943 4.48963
24944 4.48962
24945 4.48961
24946 4.4896
24947 4.48959
24948 4.48958
24949 4.48957
24950 4.48956
24951 4.48955
24952 4.48954
24953 4.48953
24954 4.48952
24955 4.48951
24956 4.4895
24957 4.48949
24958 4.48948
24959 4.48947
24960 4.48946
24961 4.48945
24962 4.48944
24963 4.48943
24964 4.48942
24965 4.48941
24966 4.4894
24967 4.48939
24968 4.48938
24969 4.48937
24970 4.48936
24971 4.48935
24972 4.48934
24973 4.48933
24974 4.48932
24975 4.48932
24976 4.48931
24977 4.4893
24978 4.48929
24979 4.48928
24980 4.48927
24981 4.48926
24982 4.48925
24983 4.48924
24984 4.48923
24985 4.48922
24986 4.48921
24987 4.4892
24988 4.48919
24989 4.48918
24990 4.48917
24991 4.48916
24992 4.48915
24993 4.48914
24994 4.48913
24995 4.48912
24996 4.48911
24997 4.4891
24998 4.48909
24999 4.48908
25000 4.48907
25001 4.48906
25002 4.48905
25003 4.48904
25004 4.48903
25005 4.48902
25006 4.48901
25007 4.489
25008 4.48899
25009 4.48898
25010 4.48897
25011 4.48896
25012 4.48896
25013 4.48895
25014 4.48894
25015 4.48893
25016 4.48892
25017 4.48891
25018 4.4889
25019 4.48889
25020 4.48888
25021 4.48887
25022 4.48886
25023 4.48885
25024 4.48884
25025 4.48883
25026 4.48882
25027 4.48881
25028 4.4888
25029 4.48879
25030 4.48878
25031 4.48877
25032 4.48876
25033 4.48875
25034 4.48874
25035 4.48873
25036 4.48872
25037 4.48871
25038 4.4887
25039 4.48869
25040 4.48868
25041 4.48867
25042 4.48866
25043 4.48865
25044 4.48864
25045 4.48863
25046 4.48862
25047 4.48862
25048 4.48861
25049 4.4886
25050 4.48859
25051 4.48858
25052 4.48857
25053 4.48856
25054 4.48855
25055 4.48854
25056 4.48853
25057 4.48852
25058 4.48851
25059 4.4885
25060 4.48849
25061 4.48848
25062 4.48847
25063 4.48846
25064 4.48845
25065 4.48844
25066 4.48843
25067 4.48842
25068 4.48841
25069 4.4884
25070 4.48839
25071 4.48838
25072 4.48837
25073 4.48836
25074 4.48835
25075 4.48834
25076 4.48833
25077 4.48832
25078 4.48832
25079 4.48831
25080 4.4883
25081 4.48829
25082 4.48828
25083 4.48827
25084 4.48826
25085 4.48825
25086 4.48824
25087 4.48823
25088 4.48822
25089 4.48821
25090 4.4882
25091 4.48819
25092 4.48818
25093 4.48817
25094 4.48816
25095 4.48815
25096 4.48814
25097 4.48813
25098 4.48812
25099 4.48811
25100 4.4881
25101 4.48809
25102 4.48808
25103 4.48807
25104 4.48806
25105 4.48805
25106 4.48804
25107 4.48803
25108 4.48803
25109 4.48802
25110 4.48801
25111 4.488
25112 4.48799
25113 4.48798
25114 4.48797
25115 4.48796
25116 4.48795
25117 4.48794
25118 4.48793
25119 4.48792
25120 4.48791
25121 4.4879
25122 4.48789
25123 4.48788
25124 4.48787
25125 4.48786
25126 4.48785
25127 4.48784
25128 4.48783
25129 4.48782
25130 4.48781
25131 4.4878
25132 4.48779
25133 4.48778
25134 4.48777
25135 4.48777
25136 4.48776
25137 4.48775
25138 4.48774
25139 4.48773
25140 4.48772
25141 4.48771
25142 4.4877
25143 4.48769
25144 4.48768
25145 4.48767
25146 4.48766
25147 4.48765
25148 4.48764
25149 4.48763
25150 4.48762
25151 4.48761
25152 4.4876
25153 4.48759
25154 4.48758
25155 4.48757
25156 4.48756
25157 4.48755
25158 4.48754
25159 4.48753
25160 4.48752
25161 4.48752
25162 4.48751
25163 4.4875
25164 4.48749
25165 4.48748
25166 4.48747
25167 4.48746
25168 4.48745
25169 4.48744
25170 4.48743
25171 4.48742
25172 4.48741
25173 4.4874
25174 4.48739
25175 4.48738
25176 4.48737
25177 4.48736
25178 4.48735
25179 4.48734
25180 4.48733
25181 4.48732
25182 4.48731
25183 4.4873
25184 4.48729
25185 4.48728
25186 4.48728
25187 4.48727
25188 4.48726
25189 4.48725
25190 4.48724
25191 4.48723
25192 4.48722
25193 4.48721
25194 4.4872
25195 4.48719
25196 4.48718
25197 4.48717
25198 4.48716
25199 4.48715
25200 4.48714
25201 4.48713
25202 4.48712
25203 4.48711
25204 4.4871
25205 4.48709
25206 4.48708
25207 4.48707
25208 4.48706
25209 4.48706
25210 4.48705
25211 4.48704
25212 4.48703
25213 4.48702
25214 4.48701
25215 4.487
25216 4.48699
25217 4.48698
25218 4.48697
25219 4.48696
25220 4.48695
25221 4.48694
25222 4.48693
25223 4.48692
25224 4.48691
25225 4.4869
25226 4.48689
25227 4.48688
25228 4.48687
25229 4.48686
25230 4.48685
25231 4.48684
25232 4.48684
25233 4.48683
25234 4.48682
25235 4.48681
25236 4.4868
25237 4.48679
25238 4.48678
25239 4.48677
25240 4.48676
25241 4.48675
25242 4.48674
25243 4.48673
25244 4.48672
25245 4.48671
25246 4.4867
25247 4.48669
25248 4.48668
25249 4.48667
25250 4.48666
25251 4.48665
25252 4.48664
25253 4.48663
25254 4.48663
25255 4.48662
25256 4.48661
25257 4.4866
25258 4.48659
25259 4.48658
25260 4.48657
25261 4.48656
25262 4.48655
25263 4.48654
25264 4.48653
25265 4.48652
25266 4.48651
25267 4.4865
25268 4.48649
25269 4.48648
25270 4.48647
25271 4.48646
25272 4.48645
25273 4.48644
25274 4.48643
25275 4.48643
25276 4.48642
25277 4.48641
25278 4.4864
25279 4.48639
25280 4.48638
25281 4.48637
25282 4.48636
25283 4.48635
25284 4.48634
25285 4.48633
25286 4.48632
25287 4.48631
25288 4.4863
25289 4.48629
25290 4.48628
25291 4.48627
25292 4.48626
25293 4.48625
25294 4.48624
25295 4.48624
25296 4.48623
25297 4.48622
25298 4.48621
25299 4.4862
25300 4.48619
25301 4.48618
25302 4.48617
25303 4.48616
25304 4.48615
25305 4.48614
25306 4.48613
25307 4.48612
25308 4.48611
25309 4.4861
25310 4.48609
25311 4.48608
25312 4.48607
25313 4.48606
25314 4.48605
25315 4.48605
25316 4.48604
25317 4.48603
25318 4.48602
25319 4.48601
25320 4.486
25321 4.48599
25322 4.48598
25323 4.48597
25324 4.48596
25325 4.48595
25326 4.48594
25327 4.48593
25328 4.48592
25329 4.48591
25330 4.4859
25331 4.48589
25332 4.48588
25333 4.48587
25334 4.48587
25335 4.48586
25336 4.48585
25337 4.48584
25338 4.48583
25339 4.48582
25340 4.48581
25341 4.4858
25342 4.48579
25343 4.48578
25344 4.48577
25345 4.48576
25346 4.48575
25347 4.48574
25348 4.48573
25349 4.48572
25350 4.48571
25351 4.4857
25352 4.4857
25353 4.48569
25354 4.48568
25355 4.48567
25356 4.48566
25357 4.48565
25358 4.48564
25359 4.48563
25360 4.48562
25361 4.48561
25362 4.4856
25363 4.48559
25364 4.48558
25365 4.48557
25366 4.48556
25367 4.48555
25368 4.48554
25369 4.48553
25370 4.48552
25371 4.48552
25372 4.48551
25373 4.4855
25374 4.48549
25375 4.48548
25376 4.48547
25377 4.48546
25378 4.48545
25379 4.48544
25380 4.48543
25381 4.48542
25382 4.48541
25383 4.4854
25384 4.48539
25385 4.48538
25386 4.48537
25387 4.48536
25388 4.48536
25389 4.48535
25390 4.48534
25391 4.48533
25392 4.48532
25393 4.48531
25394 4.4853
25395 4.48529
25396 4.48528
25397 4.48527
25398 4.48526
25399 4.48525
25400 4.48524
25401 4.48523
25402 4.48522
25403 4.48521
25404 4.4852
25405 4.4852
25406 4.48519
25407 4.48518
25408 4.48517
25409 4.48516
25410 4.48515
25411 4.48514
25412 4.48513
25413 4.48512
25414 4.48511
25415 4.4851
25416 4.48509
25417 4.48508
25418 4.48507
25419 4.48506
25420 4.48505
25421 4.48504
25422 4.48504
25423 4.48503
25424 4.48502
25425 4.48501
25426 4.485
25427 4.48499
25428 4.48498
25429 4.48497
25430 4.48496
25431 4.48495
25432 4.48494
25433 4.48493
25434 4.48492
25435 4.48491
25436 4.4849
25437 4.48489
25438 4.48488
25439 4.48488
25440 4.48487
25441 4.48486
25442 4.48485
25443 4.48484
25444 4.48483
25445 4.48482
25446 4.48481
25447 4.4848
25448 4.48479
25449 4.48478
25450 4.48477
25451 4.48476
25452 4.48475
25453 4.48474
25454 4.48473
25455 4.48473
25456 4.48472
25457 4.48471
25458 4.4847
25459 4.48469
25460 4.48468
25461 4.48467
25462 4.48466
25463 4.48465
25464 4.48464
25465 4.48463
25466 4.48462
25467 4.48461
25468 4.4846
25469 4.48459
25470 4.48458
25471 4.48458
25472 4.48457
25473 4.48456
25474 4.48455
25475 4.48454
25476 4.48453
25477 4.48452
25478 4.48451
25479 4.4845
25480 4.48449
25481 4.48448
25482 4.48447
25483 4.48446
25484 4.48445
25485 4.48444
25486 4.48444
25487 4.48443
25488 4.48442
25489 4.48441
25490 4.4844
25491 4.48439
25492 4.48438
25493 4.48437
25494 4.48436
25495 4.48435
25496 4.48434
25497 4.48433
25498 4.48432
25499 4.48431
25500 4.4843
25501 4.48429
25502 4.48429
25503 4.48428
25504 4.48427
25505 4.48426
25506 4.48425
25507 4.48424
25508 4.48423
25509 4.48422
25510 4.48421
25511 4.4842
25512 4.48419
25513 4.48418
25514 4.48417
25515 4.48416
25516 4.48415
25517 4.48415
25518 4.48414
25519 4.48413
25520 4.48412
25521 4.48411
25522 4.4841
25523 4.48409
25524 4.48408
25525 4.48407
25526 4.48406
25527 4.48405
25528 4.48404
25529 4.48403
25530 4.48402
25531 4.48402
25532 4.48401
25533 4.484
25534 4.48399
25535 4.48398
25536 4.48397
25537 4.48396
25538 4.48395
25539 4.48394
25540 4.48393
25541 4.48392
25542 4.48391
25543 4.4839
25544 4.48389
25545 4.48388
25546 4.48388
25547 4.48387
25548 4.48386
25549 4.48385
25550 4.48384
25551 4.48383
25552 4.48382
25553 4.48381
25554 4.4838
25555 4.48379
25556 4.48378
25557 4.48377
25558 4.48376
25559 4.48375
25560 4.48375
25561 4.48374
25562 4.48373
25563 4.48372
25564 4.48371
25565 4.4837
25566 4.48369
25567 4.48368
25568 4.48367
25569 4.48366
25570 4.48365
25571 4.48364
25572 4.48363
25573 4.48362
25574 4.48362
25575 4.48361
25576 4.4836
25577 4.48359
25578 4.48358
25579 4.48357
25580 4.48356
25581 4.48355
25582 4.48354
25583 4.48353
25584 4.48352
25585 4.48351
25586 4.4835
25587 4.48349
25588 4.48349
25589 4.48348
25590 4.48347
25591 4.48346
25592 4.48345
25593 4.48344
25594 4.48343
25595 4.48342
25596 4.48341
25597 4.4834
25598 4.48339
25599 4.48338
25600 4.48337
25601 4.48337
25602 4.48336
25603 4.48335
25604 4.48334
25605 4.48333
25606 4.48332
25607 4.48331
25608 4.4833
25609 4.48329
25610 4.48328
25611 4.48327
25612 4.48326
25613 4.48325
25614 4.48324
25615 4.48324
25616 4.48323
25617 4.48322
25618 4.48321
25619 4.4832
25620 4.48319
25621 4.48318
25622 4.48317
25623 4.48316
25624 4.48315
25625 4.48314
25626 4.48313
25627 4.48312
25628 4.48312
25629 4.48311
25630 4.4831
25631 4.48309
25632 4.48308
25633 4.48307
25634 4.48306
25635 4.48305
25636 4.48304
25637 4.48303
25638 4.48302
25639 4.48301
25640 4.483
25641 4.483
25642 4.48299
25643 4.48298
25644 4.48297
25645 4.48296
25646 4.48295
25647 4.48294
25648 4.48293
25649 4.48292
25650 4.48291
25651 4.4829
25652 4.48289
25653 4.48288
25654 4.48288
25655 4.48287
25656 4.48286
25657 4.48285
25658 4.48284
25659 4.48283
25660 4.48282
25661 4.48281
25662 4.4828
25663 4.48279
25664 4.48278
25665 4.48277
25666 4.48276
25667 4.48276
25668 4.48275
25669 4.48274
25670 4.48273
25671 4.48272
25672 4.48271
25673 4.4827
25674 4.48269
25675 4.48268
25676 4.48267
25677 4.48266
25678 4.48265
25679 4.48265
25680 4.48264
25681 4.48263
25682 4.48262
25683 4.48261
25684 4.4826
25685 4.48259
25686 4.48258
25687 4.48257
25688 4.48256
25689 4.48255
25690 4.48254
25691 4.48253
25692 4.48253
25693 4.48252
25694 4.48251
25695 4.4825
25696 4.48249
25697 4.48248
25698 4.48247
25699 4.48246
25700 4.48245
25701 4.48244
25702 4.48243
25703 4.48242
25704 4.48242
25705 4.48241
25706 4.4824
25707 4.48239
25708 4.48238
25709 4.48237
25710 4.48236
25711 4.48235
25712 4.48234
25713 4.48233
25714 4.48232
25715 4.48231
25716 4.48231
25717 4.4823
25718 4.48229
25719 4.48228
25720 4.48227
25721 4.48226
25722 4.48225
25723 4.48224
25724 4.48223
25725 4.48222
25726 4.48221
25727 4.4822
25728 4.4822
25729 4.48219
25730 4.48218
25731 4.48217
25732 4.48216
25733 4.48215
25734 4.48214
25735 4.48213
25736 4.48212
25737 4.48211
25738 4.4821
25739 4.48209
25740 4.48209
25741 4.48208
25742 4.48207
25743 4.48206
25744 4.48205
25745 4.48204
25746 4.48203
25747 4.48202
25748 4.48201
25749 4.482
25750 4.48199
25751 4.48198
25752 4.48198
25753 4.48197
25754 4.48196
25755 4.48195
25756 4.48194
25757 4.48193
25758 4.48192
25759 4.48191
25760 4.4819
25761 4.48189
25762 4.48188
25763 4.48188
25764 4.48187
25765 4.48186
25766 4.48185
25767 4.48184
25768 4.48183
25769 4.48182
25770 4.48181
25771 4.4818
25772 4.48179
25773 4.48178
25774 4.48177
25775 4.48177
25776 4.48176
25777 4.48175
25778 4.48174
25779 4.48173
25780 4.48172
25781 4.48171
25782 4.4817
25783 4.48169
25784 4.48168
25785 4.48167
25786 4.48167
25787 4.48166
25788 4.48165
25789 4.48164
25790 4.48163
25791 4.48162
25792 4.48161
25793 4.4816
25794 4.48159
25795 4.48158
25796 4.48157
25797 4.48157
25798 4.48156
25799 4.48155
25800 4.48154
25801 4.48153
25802 4.48152
25803 4.48151
25804 4.4815
25805 4.48149
25806 4.48148
25807 4.48147
25808 4.48147
25809 4.48146
25810 4.48145
25811 4.48144
25812 4.48143
25813 4.48142
25814 4.48141
25815 4.4814
25816 4.48139
25817 4.48138
25818 4.48137
25819 4.48137
25820 4.48136
25821 4.48135
25822 4.48134
25823 4.48133
25824 4.48132
25825 4.48131
25826 4.4813
25827 4.48129
25828 4.48128
25829 4.48127
25830 4.48127
25831 4.48126
25832 4.48125
25833 4.48124
25834 4.48123
25835 4.48122
25836 4.48121
25837 4.4812
25838 4.48119
25839 4.48118
25840 4.48117
25841 4.48117
25842 4.48116
25843 4.48115
25844 4.48114
25845 4.48113
25846 4.48112
25847 4.48111
25848 4.4811
25849 4.48109
25850 4.48108
25851 4.48107
25852 4.48107
25853 4.48106
25854 4.48105
25855 4.48104
25856 4.48103
25857 4.48102
25858 4.48101
25859 4.481
25860 4.48099
25861 4.48098
25862 4.48097
25863 4.48097
25864 4.48096
25865 4.48095
25866 4.48094
25867 4.48093
25868 4.48092
25869 4.48091
25870 4.4809
25871 4.48089
25872 4.48088
25873 4.48088
25874 4.48087
25875 4.48086
25876 4.48085
25877 4.48084
25878 4.48083
25879 4.48082
25880 4.48081
25881 4.4808
25882 4.48079
25883 4.48078
25884 4.48078
25885 4.48077
25886 4.48076
25887 4.48075
25888 4.48074
25889 4.48073
25890 4.48072
25891 4.48071
25892 4.4807
25893 4.48069
25894 4.48069
25895 4.48068
25896 4.48067
25897 4.48066
25898 4.48065
25899 4.48064
25900 4.48063
25901 4.48062
25902 4.48061
25903 4.4806
25904 4.4806
25905 4.48059
25906 4.48058
25907 4.48057
25908 4.48056
25909 4.48055
25910 4.48054
25911 4.48053
25912 4.48052
25913 4.48051
25914 4.48051
25915 4.4805
25916 4.48049
25917 4.48048
25918 4.48047
25919 4.48046
25920 4.48045
25921 4.48044
25922 4.48043
25923 4.48042
25924 4.48041
25925 4.48041
25926 4.4804
25927 4.48039
25928 4.48038
25929 4.48037
25930 4.48036
25931 4.48035
25932 4.48034
25933 4.48033
25934 4.48032
25935 4.48032
25936 4.48031
25937 4.4803
25938 4.48029
25939 4.48028
25940 4.48027
25941 4.48026
25942 4.48025
25943 4.48024
25944 4.48023
25945 4.48023
25946 4.48022
25947 4.48021
25948 4.4802
25949 4.48019
25950 4.48018
25951 4.48017
25952 4.48016
25953 4.48015
25954 4.48015
25955 4.48014
25956 4.48013
25957 4.48012
25958 4.48011
25959 4.4801
25960 4.48009
25961 4.48008
25962 4.48007
25963 4.48006
25964 4.48006
25965 4.48005
25966 4.48004
25967 4.48003
25968 4.48002
25969 4.48001
25970 4.48
25971 4.47999
25972 4.47998
25973 4.47997
25974 4.47997
25975 4.47996
25976 4.47995
25977 4.47994
25978 4.47993
25979 4.47992
25980 4.47991
25981 4.4799
25982 4.47989
25983 4.47988
25984 4.47988
25985 4.47987
25986 4.47986
25987 4.47985
25988 4.47984
25989 4.47983
25990 4.47982
25991 4.47981
25992 4.4798
25993 4.4798
25994 4.47979
25995 4.47978
25996 4.47977
25997 4.47976
25998 4.47975
25999 4.47974
26000 4.47973
26001 4.47972
26002 4.47971
26003 4.47971
26004 4.4797
26005 4.47969
26006 4.47968
26007 4.47967
26008 4.47966
26009 4.47965
26010 4.47964
26011 4.47963
26012 4.47963
26013 4.47962
26014 4.47961
26015 4.4796
26016 4.47959
26017 4.47958
26018 4.47957
26019 4.47956
26020 4.47955
26021 4.47954
26022 4.47954
26023 4.47953
26024 4.47952
26025 4.47951
26026 4.4795
26027 4.47949
26028 4.47948
26029 4.47947
26030 4.47946
26031 4.47946
26032 4.47945
26033 4.47944
26034 4.47943
26035 4.47942
26036 4.47941
26037 4.4794
26038 4.47939
26039 4.47938
26040 4.47938
26041 4.47937
26042 4.47936
26043 4.47935
26044 4.47934
26045 4.47933
26046 4.47932
26047 4.47931
26048 4.4793
26049 4.4793
26050 4.47929
26051 4.47928
26052 4.47927
26053 4.47926
26054 4.47925
26055 4.47924
26056 4.47923
26057 4.47922
26058 4.47921
26059 4.47921
26060 4.4792
26061 4.47919
26062 4.47918
26063 4.47917
26064 4.47916
26065 4.47915
26066 4.47914
26067 4.47913
26068 4.47913
26069 4.47912
26070 4.47911
26071 4.4791
26072 4.47909
26073 4.47908
26074 4.47907
26075 4.47906
26076 4.47905
26077 4.47905
26078 4.47904
26079 4.47903
26080 4.47902
26081 4.47901
26082 4.479
26083 4.47899
26084 4.47898
26085 4.47897
26086 4.47897
26087 4.47896
26088 4.47895
26089 4.47894
26090 4.47893
26091 4.47892
26092 4.47891
26093 4.4789
26094 4.47889
26095 4.47889
26096 4.47888
26097 4.47887
26098 4.47886
26099 4.47885
26100 4.47884
26101 4.47883
26102 4.47882
26103 4.47881
26104 4.47881
26105 4.4788
26106 4.47879
26107 4.47878
26108 4.47877
26109 4.47876
26110 4.47875
26111 4.47874
26112 4.47874
26113 4.47873
26114 4.47872
26115 4.47871
26116 4.4787
26117 4.47869
26118 4.47868
26119 4.47867
26120 4.47866
26121 4.47866
26122 4.47865
26123 4.47864
26124 4.47863
26125 4.47862
26126 4.47861
26127 4.4786
26128 4.47859
26129 4.47858
26130 4.47858
26131 4.47857
26132 4.47856
26133 4.47855
26134 4.47854
26135 4.47853
26136 4.47852
26137 4.47851
26138 4.47851
26139 4.4785
26140 4.47849
26141 4.47848
26142 4.47847
26143 4.47846
26144 4.47845
26145 4.47844
26146 4.47843
26147 4.47843
26148 4.47842
26149 4.47841
26150 4.4784
26151 4.47839
26152 4.47838
26153 4.47837
26154 4.47836
26155 4.47835
26156 4.47835
26157 4.47834
26158 4.47833
26159 4.47832
26160 4.47831
26161 4.4783
26162 4.47829
26163 4.47828
26164 4.47828
26165 4.47827
26166 4.47826
26167 4.47825
26168 4.47824
26169 4.47823
26170 4.47822
26171 4.47821
26172 4.4782
26173 4.4782
26174 4.47819
26175 4.47818
26176 4.47817
26177 4.47816
26178 4.47815
26179 4.47814
26180 4.47813
26181 4.47813
26182 4.47812
26183 4.47811
26184 4.4781
26185 4.47809
26186 4.47808
26187 4.47807
26188 4.47806
26189 4.47806
26190 4.47805
26191 4.47804
26192 4.47803
26193 4.47802
26194 4.47801
26195 4.478
26196 4.47799
26197 4.47798
26198 4.47798
26199 4.47797
26200 4.47796
26201 4.47795
26202 4.47794
26203 4.47793
26204 4.47792
26205 4.47791
26206 4.47791
26207 4.4779
26208 4.47789
26209 4.47788
26210 4.47787
26211 4.47786
26212 4.47785
26213 4.47784
26214 4.47784
26215 4.47783
26216 4.47782
26217 4.47781
26218 4.4778
26219 4.47779
26220 4.47778
26221 4.47777
26222 4.47777
26223 4.47776
26224 4.47775
26225 4.47774
26226 4.47773
26227 4.47772
26228 4.47771
26229 4.4777
26230 4.47769
26231 4.47769
26232 4.47768
26233 4.47767
26234 4.47766
26235 4.47765
26236 4.47764
26237 4.47763
26238 4.47762
26239 4.47762
26240 4.47761
26241 4.4776
26242 4.47759
26243 4.47758
26244 4.47757
26245 4.47756
26246 4.47755
26247 4.47755
26248 4.47754
26249 4.47753
26250 4.47752
26251 4.47751
26252 4.4775
26253 4.47749
26254 4.47748
26255 4.47748
26256 4.47747
26257 4.47746
26258 4.47745
26259 4.47744
26260 4.47743
26261 4.47742
26262 4.47741
26263 4.47741
26264 4.4774
26265 4.47739
26266 4.47738
26267 4.47737
26268 4.47736
26269 4.47735
26270 4.47734
26271 4.47734
26272 4.47733
26273 4.47732
26274 4.47731
26275 4.4773
26276 4.47729
26277 4.47728
26278 4.47727
26279 4.47727
26280 4.47726
26281 4.47725
26282 4.47724
26283 4.47723
26284 4.47722
26285 4.47721
26286 4.4772
26287 4.4772
26288 4.47719
26289 4.47718
26290 4.47717
26291 4.47716
26292 4.47715
26293 4.47714
26294 4.47714
26295 4.47713
26296 4.47712
26297 4.47711
26298 4.4771
26299 4.47709
26300 4.47708
26301 4.47707
26302 4.47707
26303 4.47706
26304 4.47705
26305 4.47704
26306 4.47703
26307 4.47702
26308 4.47701
26309 4.477
26310 4.477
26311 4.47699
26312 4.47698
26313 4.47697
26314 4.47696
26315 4.47695
26316 4.47694
26317 4.47693
26318 4.47693
26319 4.47692
26320 4.47691
26321 4.4769
26322 4.47689
26323 4.47688
26324 4.47687
26325 4.47687
26326 4.47686
26327 4.47685
26328 4.47684
26329 4.47683
26330 4.47682
26331 4.47681
26332 4.4768
26333 4.4768
26334 4.47679
26335 4.47678
26336 4.47677
26337 4.47676
26338 4.47675
26339 4.47674
26340 4.47673
26341 4.47673
26342 4.47672
26343 4.47671
26344 4.4767
26345 4.47669
26346 4.47668
26347 4.47667
26348 4.47667
26349 4.47666
26350 4.47665
26351 4.47664
26352 4.47663
26353 4.47662
26354 4.47661
26355 4.4766
26356 4.4766
26357 4.47659
26358 4.47658
26359 4.47657
26360 4.47656
26361 4.47655
26362 4.47654
26363 4.47654
26364 4.47653
26365 4.47652
26366 4.47651
26367 4.4765
26368 4.47649
26369 4.47648
26370 4.47647
26371 4.47647
26372 4.47646
26373 4.47645
26374 4.47644
26375 4.47643
26376 4.47642
26377 4.47641
26378 4.47641
26379 4.4764
26380 4.47639
26381 4.47638
26382 4.47637
26383 4.47636
26384 4.47635
26385 4.47634
26386 4.47634
26387 4.47633
26388 4.47632
26389 4.47631
26390 4.4763
26391 4.47629
26392 4.47628
26393 4.47628
26394 4.47627
26395 4.47626
26396 4.47625
26397 4.47624
26398 4.47623
26399 4.47622
26400 4.47622
26401 4.47621
26402 4.4762
26403 4.47619
26404 4.47618
26405 4.47617
26406 4.47616
26407 4.47615
26408 4.47615
26409 4.47614
26410 4.47613
26411 4.47612
26412 4.47611
26413 4.4761
26414 4.47609
26415 4.47609
26416 4.47608
26417 4.47607
26418 4.47606
26419 4.47605
26420 4.47604
26421 4.47603
26422 4.47603
26423 4.47602
26424 4.47601
26425 4.476
26426 4.47599
26427 4.47598
26428 4.47597
26429 4.47596
26430 4.47596
26431 4.47595
26432 4.47594
26433 4.47593
26434 4.47592
26435 4.47591
26436 4.4759
26437 4.4759
26438 4.47589
26439 4.47588
26440 4.47587
26441 4.47586
26442 4.47585
26443 4.47584
26444 4.47584
26445 4.47583
26446 4.47582
26447 4.47581
26448 4.4758
26449 4.47579
26450 4.47578
26451 4.47578
26452 4.47577
26453 4.47576
26454 4.47575
26455 4.47574
26456 4.47573
26457 4.47572
26458 4.47572
26459 4.47571
26460 4.4757
26461 4.47569
26462 4.47568
26463 4.47567
26464 4.47566
26465 4.47566
26466 4.47565
26467 4.47564
26468 4.47563
26469 4.47562
26470 4.47561
26471 4.4756
26472 4.4756
26473 4.47559
26474 4.47558
26475 4.47557
26476 4.47556
26477 4.47555
26478 4.47554
26479 4.47553
26480 4.47553
26481 4.47552
26482 4.47551
26483 4.4755
26484 4.47549
26485 4.47548
26486 4.47547
26487 4.47547
26488 4.47546
26489 4.47545
26490 4.47544
26491 4.47543
26492 4.47542
26493 4.47541
26494 4.47541
26495 4.4754
26496 4.47539
26497 4.47538
26498 4.47537
26499 4.47536
26500 4.47535
26501 4.47535
26502 4.47534
26503 4.47533
26504 4.47532
26505 4.47531
26506 4.4753
26507 4.4753
26508 4.47529
26509 4.47528
26510 4.47527
26511 4.47526
26512 4.47525
26513 4.47524
26514 4.47524
26515 4.47523
26516 4.47522
26517 4.47521
26518 4.4752
26519 4.47519
26520 4.47518
26521 4.47518
26522 4.47517
26523 4.47516
26524 4.47515
26525 4.47514
26526 4.47513
26527 4.47512
26528 4.47512
26529 4.47511
26530 4.4751
26531 4.47509
26532 4.47508
26533 4.47507
26534 4.47506
26535 4.47506
26536 4.47505
26537 4.47504
26538 4.47503
26539 4.47502
26540 4.47501
26541 4.475
26542 4.475
26543 4.47499
26544 4.47498
26545 4.47497
26546 4.47496
26547 4.47495
26548 4.47494
26549 4.47494
26550 4.47493
26551 4.47492
26552 4.47491
26553 4.4749
26554 4.47489
26555 4.47489
26556 4.47488
26557 4.47487
26558 4.47486
26559 4.47485
26560 4.47484
26561 4.47483
26562 4.47483
26563 4.47482
26564 4.47481
26565 4.4748
26566 4.47479
26567 4.47478
26568 4.47477
26569 4.47477
26570 4.47476
26571 4.47475
26572 4.47474
26573 4.47473
26574 4.47472
26575 4.47471
26576 4.47471
26577 4.4747
26578 4.47469
26579 4.47468
26580 4.47467
26581 4.47466
26582 4.47466
26583 4.47465
26584 4.47464
26585 4.47463
26586 4.47462
26587 4.47461
26588 4.4746
26589 4.4746
26590 4.47459
26591 4.47458
26592 4.47457
26593 4.47456
26594 4.47455
26595 4.47455
26596 4.47454
26597 4.47453
26598 4.47452
26599 4.47451
26600 4.4745
26601 4.47449
26602 4.47449
26603 4.47448
26604 4.47447
26605 4.47446
26606 4.47445
26607 4.47444
26608 4.47443
26609 4.47443
26610 4.47442
26611 4.47441
26612 4.4744
26613 4.47439
26614 4.47438
26615 4.47438
26616 4.47437
26617 4.47436
26618 4.47435
26619 4.47434
26620 4.47433
26621 4.47432
26622 4.47432
26623 4.47431
26624 4.4743
26625 4.47429
26626 4.47428
26627 4.47427
26628 4.47427
26629 4.47426
26630 4.47425
26631 4.47424
26632 4.47423
26633 4.47422
26634 4.47421
26635 4.47421
26636 4.4742
26637 4.47419
26638 4.47418
26639 4.47417
26640 4.47416
26641 4.47416
26642 4.47415
26643 4.47414
26644 4.47413
26645 4.47412
26646 4.47411
26647 4.4741
26648 4.4741
26649 4.47409
26650 4.47408
26651 4.47407
26652 4.47406
26653 4.47405
26654 4.47405
26655 4.47404
26656 4.47403
26657 4.47402
26658 4.47401
26659 4.474
26660 4.47399
26661 4.47399
26662 4.47398
26663 4.47397
26664 4.47396
26665 4.47395
26666 4.47394
26667 4.47394
26668 4.47393
26669 4.47392
26670 4.47391
26671 4.4739
26672 4.47389
26673 4.47389
26674 4.47388
26675 4.47387
26676 4.47386
26677 4.47385
26678 4.47384
26679 4.47383
26680 4.47383
26681 4.47382
26682 4.47381
26683 4.4738
26684 4.47379
26685 4.47378
26686 4.47378
26687 4.47377
26688 4.47376
26689 4.47375
26690 4.47374
26691 4.47373
26692 4.47373
26693 4.47372
26694 4.47371
26695 4.4737
26696 4.47369
26697 4.47368
26698 4.47367
26699 4.47367
26700 4.47366
26701 4.47365
26702 4.47364
26703 4.47363
26704 4.47362
26705 4.47362
26706 4.47361
26707 4.4736
26708 4.47359
26709 4.47358
26710 4.47357
26711 4.47357
26712 4.47356
26713 4.47355
26714 4.47354
26715 4.47353
26716 4.47352
26717 4.47351
26718 4.47351
26719 4.4735
26720 4.47349
26721 4.47348
26722 4.47347
26723 4.47346
26724 4.47346
26725 4.47345
26726 4.47344
26727 4.47343
26728 4.47342
26729 4.47341
26730 4.47341
26731 4.4734
26732 4.47339
26733 4.47338
26734 4.47337
26735 4.47336
26736 4.47336
26737 4.47335
26738 4.47334
26739 4.47333
26740 4.47332
26741 4.47331
26742 4.47331
26743 4.4733
26744 4.47329
26745 4.47328
26746 4.47327
26747 4.47326
26748 4.47326
26749 4.47325
26750 4.47324
26751 4.47323
26752 4.47322
26753 4.47321
26754 4.4732
26755 4.4732
26756 4.47319
26757 4.47318
26758 4.47317
26759 4.47316
26760 4.47315
26761 4.47315
26762 4.47314
26763 4.47313
26764 4.47312
26765 4.47311
26766 4.4731
26767 4.4731
26768 4.47309
26769 4.47308
26770 4.47307
26771 4.47306
26772 4.47305
26773 4.47305
26774 4.47304
26775 4.47303
26776 4.47302
26777 4.47301
26778 4.473
26779 4.473
26780 4.47299
26781 4.47298
26782 4.47297
26783 4.47296
26784 4.47295
26785 4.47295
26786 4.47294
26787 4.47293
26788 4.47292
26789 4.47291
26790 4.4729
26791 4.4729
26792 4.47289
26793 4.47288
26794 4.47287
26795 4.47286
26796 4.47285
26797 4.47285
26798 4.47284
26799 4.47283
26800 4.47282
26801 4.47281
26802 4.4728
26803 4.4728
26804 4.47279
26805 4.47278
26806 4.47277
26807 4.47276
26808 4.47275
26809 4.47275
26810 4.47274
26811 4.47273
26812 4.47272
26813 4.47271
26814 4.4727
26815 4.4727
26816 4.47269
26817 4.47268
26818 4.47267
26819 4.47266
26820 4.47265
26821 4.47265
26822 4.47264
26823 4.47263
26824 4.47262
26825 4.47261
26826 4.4726
26827 4.4726
26828 4.47259
26829 4.47258
26830 4.47257
26831 4.47256
26832 4.47255
26833 4.47255
26834 4.47254
26835 4.47253
26836 4.47252
26837 4.47251
26838 4.4725
26839 4.4725
26840 4.47249
26841 4.47248
26842 4.47247
26843 4.47246
26844 4.47245
26845 4.47245
26846 4.47244
26847 4.47243
26848 4.47242
26849 4.47241
26850 4.47241
26851 4.4724
26852 4.47239
26853 4.47238
26854 4.47237
26855 4.47236
26856 4.47236
26857 4.47235
26858 4.47234
26859 4.47233
26860 4.47232
26861 4.47231
26862 4.47231
26863 4.4723
26864 4.47229
26865 4.47228
26866 4.47227
26867 4.47226
26868 4.47226
26869 4.47225
26870 4.47224
26871 4.47223
26872 4.47222
26873 4.47221
26874 4.47221
26875 4.4722
26876 4.47219
26877 4.47218
26878 4.47217
26879 4.47216
26880 4.47216
26881 4.47215
26882 4.47214
26883 4.47213
26884 4.47212
26885 4.47212
26886 4.47211
26887 4.4721
26888 4.47209
26889 4.47208
26890 4.47207
26891 4.47207
26892 4.47206
26893 4.47205
26894 4.47204
26895 4.47203
26896 4.47202
26897 4.47202
26898 4.47201
26899 4.472
26900 4.47199
26901 4.47198
26902 4.47197
26903 4.47197
26904 4.47196
26905 4.47195
26906 4.47194
26907 4.47193
26908 4.47193
26909 4.47192
26910 4.47191
26911 4.4719
26912 4.47189
26913 4.47188
26914 4.47188
26915 4.47187
26916 4.47186
26917 4.47185
26918 4.47184
26919 4.47183
26920 4.47183
26921 4.47182
26922 4.47181
26923 4.4718
26924 4.47179
26925 4.47179
26926 4.47178
26927 4.47177
26928 4.47176
26929 4.47175
26930 4.47174
26931 4.47174
26932 4.47173
26933 4.47172
26934 4.47171
26935 4.4717
26936 4.47169
26937 4.47169
26938 4.47168
26939 4.47167
26940 4.47166
26941 4.47165
26942 4.47165
26943 4.47164
26944 4.47163
26945 4.47162
26946 4.47161
26947 4.4716
26948 4.4716
26949 4.47159
26950 4.47158
26951 4.47157
26952 4.47156
26953 4.47155
26954 4.47155
26955 4.47154
26956 4.47153
26957 4.47152
26958 4.47151
26959 4.47151
26960 4.4715
26961 4.47149
26962 4.47148
26963 4.47147
26964 4.47146
26965 4.47146
26966 4.47145
26967 4.47144
26968 4.47143
26969 4.47142
26970 4.47142
26971 4.47141
26972 4.4714
26973 4.47139
26974 4.47138
26975 4.47137
26976 4.47137
26977 4.47136
26978 4.47135
26979 4.47134
26980 4.47133
26981 4.47132
26982 4.47132
26983 4.47131
26984 4.4713
26985 4.47129
26986 4.47128
26987 4.47128
26988 4.47127
26989 4.47126
26990 4.47125
26991 4.47124
26992 4.47123
26993 4.47123
26994 4.47122
26995 4.47121
26996 4.4712
26997 4.47119
26998 4.47119
26999 4.47118
27000 4.47117
27001 4.47116
27002 4.47115
27003 4.47114
27004 4.47114
27005 4.47113
27006 4.47112
27007 4.47111
27008 4.4711
27009 4.4711
27010 4.47109
27011 4.47108
27012 4.47107
27013 4.47106
27014 4.47105
27015 4.47105
27016 4.47104
27017 4.47103
27018 4.47102
27019 4.47101
27020 4.47101
27021 4.471
27022 4.47099
27023 4.47098
27024 4.47097
27025 4.47096
27026 4.47096
27027 4.47095
27028 4.47094
27029 4.47093
27030 4.47092
27031 4.47092
27032 4.47091
27033 4.4709
27034 4.47089
27035 4.47088
27036 4.47088
27037 4.47087
27038 4.47086
27039 4.47085
27040 4.47084
27041 4.47083
27042 4.47083
27043 4.47082
27044 4.47081
27045 4.4708
27046 4.47079
27047 4.47079
27048 4.47078
27049 4.47077
27050 4.47076
27051 4.47075
27052 4.47074
27053 4.47074
27054 4.47073
27055 4.47072
27056 4.47071
27057 4.4707
27058 4.4707
27059 4.47069
27060 4.47068
27061 4.47067
27062 4.47066
27063 4.47066
27064 4.47065
27065 4.47064
27066 4.47063
27067 4.47062
27068 4.47061
27069 4.47061
27070 4.4706
27071 4.47059
27072 4.47058
27073 4.47057
27074 4.47057
27075 4.47056
27076 4.47055
27077 4.47054
27078 4.47053
27079 4.47053
27080 4.47052
27081 4.47051
27082 4.4705
27083 4.47049
27084 4.47048
27085 4.47048
27086 4.47047
27087 4.47046
27088 4.47045
27089 4.47044
27090 4.47044
27091 4.47043
27092 4.47042
27093 4.47041
27094 4.4704
27095 4.4704
27096 4.47039
27097 4.47038
27098 4.47037
27099 4.47036
27100 4.47035
27101 4.47035
27102 4.47034
27103 4.47033
27104 4.47032
27105 4.47031
27106 4.47031
27107 4.4703
27108 4.47029
27109 4.47028
27110 4.47027
27111 4.47027
27112 4.47026
27113 4.47025
27114 4.47024
27115 4.47023
27116 4.47023
27117 4.47022
27118 4.47021
27119 4.4702
27120 4.47019
27121 4.47018
27122 4.47018
27123 4.47017
27124 4.47016
27125 4.47015
27126 4.47014
27127 4.47014
27128 4.47013
27129 4.47012
27130 4.47011
27131 4.4701
27132 4.4701
27133 4.47009
27134 4.47008
27135 4.47007
27136 4.47006
27137 4.47006
27138 4.47005
27139 4.47004
27140 4.47003
27141 4.47002
27142 4.47002
27143 4.47001
27144 4.47
27145 4.46999
27146 4.46998
27147 4.46997
27148 4.46997
27149 4.46996
27150 4.46995
27151 4.46994
27152 4.46993
27153 4.46993
27154 4.46992
27155 4.46991
27156 4.4699
27157 4.46989
27158 4.46989
27159 4.46988
27160 4.46987
27161 4.46986
27162 4.46985
27163 4.46985
27164 4.46984
27165 4.46983
27166 4.46982
27167 4.46981
27168 4.46981
27169 4.4698
27170 4.46979
27171 4.46978
27172 4.46977
27173 4.46977
27174 4.46976
27175 4.46975
27176 4.46974
27177 4.46973
27178 4.46972
27179 4.46972
27180 4.46971
27181 4.4697
27182 4.46969
27183 4.46968
27184 4.46968
27185 4.46967
27186 4.46966
27187 4.46965
27188 4.46964
27189 4.46964
27190 4.46963
27191 4.46962
27192 4.46961
27193 4.4696
27194 4.4696
27195 4.46959
27196 4.46958
27197 4.46957
27198 4.46956
27199 4.46956
27200 4.46955
27201 4.46954
27202 4.46953
27203 4.46952
27204 4.46952
27205 4.46951
27206 4.4695
27207 4.46949
27208 4.46948
27209 4.46948
27210 4.46947
27211 4.46946
27212 4.46945
27213 4.46944
27214 4.46944
27215 4.46943
27216 4.46942
27217 4.46941
27218 4.4694
27219 4.4694
27220 4.46939
27221 4.46938
27222 4.46937
27223 4.46936
27224 4.46936
27225 4.46935
27226 4.46934
27227 4.46933
27228 4.46932
27229 4.46932
27230 4.46931
27231 4.4693
27232 4.46929
27233 4.46928
27234 4.46928
27235 4.46927
27236 4.46926
27237 4.46925
27238 4.46924
27239 4.46924
27240 4.46923
27241 4.46922
27242 4.46921
27243 4.4692
27244 4.4692
27245 4.46919
27246 4.46918
27247 4.46917
27248 4.46916
27249 4.46916
27250 4.46915
27251 4.46914
27252 4.46913
27253 4.46912
27254 4.46912
27255 4.46911
27256 4.4691
27257 4.46909
27258 4.46908
27259 4.46908
27260 4.46907
27261 4.46906
27262 4.46905
27263 4.46904
27264 4.46904
27265 4.46903
27266 4.46902
27267 4.46901
27268 4.469
27269 4.469
27270 4.46899
27271 4.46898
27272 4.46897
27273 4.46896
27274 4.46896
27275 4.46895
27276 4.46894
27277 4.46893
27278 4.46892
27279 4.46892
27280 4.46891
27281 4.4689
27282 4.46889
27283 4.46888
27284 4.46888
27285 4.46887
27286 4.46886
27287 4.46885
27288 4.46884
27289 4.46884
27290 4.46883
27291 4.46882
27292 4.46881
27293 4.4688
27294 4.4688
27295 4.46879
27296 4.46878
27297 4.46877
27298 4.46876
27299 4.46876
27300 4.46875
27301 4.46874
27302 4.46873
27303 4.46872
27304 4.46872
27305 4.46871
27306 4.4687
27307 4.46869
27308 4.46869
27309 4.46868
27310 4.46867
27311 4.46866
27312 4.46865
27313 4.46865
27314 4.46864
27315 4.46863
27316 4.46862
27317 4.46861
27318 4.46861
27319 4.4686
27320 4.46859
27321 4.46858
27322 4.46857
27323 4.46857
27324 4.46856
27325 4.46855
27326 4.46854
27327 4.46853
27328 4.46853
27329 4.46852
27330 4.46851
27331 4.4685
27332 4.46849
27333 4.46849
27334 4.46848
27335 4.46847
27336 4.46846
27337 4.46845
27338 4.46845
27339 4.46844
27340 4.46843
27341 4.46842
27342 4.46842
27343 4.46841
27344 4.4684
27345 4.46839
27346 4.46838
27347 4.46838
27348 4.46837
27349 4.46836
27350 4.46835
27351 4.46834
27352 4.46834
27353 4.46833
27354 4.46832
27355 4.46831
27356 4.4683
27357 4.4683
27358 4.46829
27359 4.46828
27360 4.46827
27361 4.46826
27362 4.46826
27363 4.46825
27364 4.46824
27365 4.46823
27366 4.46823
27367 4.46822
27368 4.46821
27369 4.4682
27370 4.46819
27371 4.46819
27372 4.46818
27373 4.46817
27374 4.46816
27375 4.46815
27376 4.46815
27377 4.46814
27378 4.46813
27379 4.46812
27380 4.46811
27381 4.46811
27382 4.4681
27383 4.46809
27384 4.46808
27385 4.46808
27386 4.46807
27387 4.46806
27388 4.46805
27389 4.46804
27390 4.46804
27391 4.46803
27392 4.46802
27393 4.46801
27394 4.468
27395 4.468
27396 4.46799
27397 4.46798
27398 4.46797
27399 4.46796
27400 4.46796
27401 4.46795
27402 4.46794
27403 4.46793
27404 4.46793
27405 4.46792
27406 4.46791
27407 4.4679
27408 4.46789
27409 4.46789
27410 4.46788
27411 4.46787
27412 4.46786
27413 4.46785
27414 4.46785
27415 4.46784
27416 4.46783
27417 4.46782
27418 4.46782
27419 4.46781
27420 4.4678
27421 4.46779
27422 4.46778
27423 4.46778
27424 4.46777
27425 4.46776
27426 4.46775
27427 4.46774
27428 4.46774
27429 4.46773
27430 4.46772
27431 4.46771
27432 4.46771
27433 4.4677
27434 4.46769
27435 4.46768
27436 4.46767
27437 4.46767
27438 4.46766
27439 4.46765
27440 4.46764
27441 4.46763
27442 4.46763
27443 4.46762
27444 4.46761
27445 4.4676
27446 4.4676
27447 4.46759
27448 4.46758
27449 4.46757
27450 4.46756
27451 4.46756
27452 4.46755
27453 4.46754
27454 4.46753
27455 4.46752
27456 4.46752
27457 4.46751
27458 4.4675
27459 4.46749
27460 4.46749
27461 4.46748
27462 4.46747
27463 4.46746
27464 4.46745
27465 4.46745
27466 4.46744
27467 4.46743
27468 4.46742
27469 4.46742
27470 4.46741
27471 4.4674
27472 4.46739
27473 4.46738
27474 4.46738
27475 4.46737
27476 4.46736
27477 4.46735
27478 4.46734
27479 4.46734
27480 4.46733
27481 4.46732
27482 4.46731
27483 4.46731
27484 4.4673
27485 4.46729
27486 4.46728
27487 4.46727
27488 4.46727
27489 4.46726
27490 4.46725
27491 4.46724
27492 4.46724
27493 4.46723
27494 4.46722
27495 4.46721
27496 4.4672
27497 4.4672
27498 4.46719
27499 4.46718
27500 4.46717
27501 4.46716
27502 4.46716
27503 4.46715
27504 4.46714
27505 4.46713
27506 4.46713
27507 4.46712
27508 4.46711
27509 4.4671
27510 4.46709
27511 4.46709
27512 4.46708
27513 4.46707
27514 4.46706
27515 4.46706
27516 4.46705
27517 4.46704
27518 4.46703
27519 4.46702
27520 4.46702
27521 4.46701
27522 4.467
27523 4.46699
27524 4.46699
27525 4.46698
27526 4.46697
27527 4.46696
27528 4.46695
27529 4.46695
27530 4.46694
27531 4.46693
27532 4.46692
27533 4.46692
27534 4.46691
27535 4.4669
27536 4.46689
27537 4.46688
27538 4.46688
27539 4.46687
27540 4.46686
27541 4.46685
27542 4.46685
27543 4.46684
27544 4.46683
27545 4.46682
27546 4.46681
27547 4.46681
27548 4.4668
27549 4.46679
27550 4.46678
27551 4.46678
27552 4.46677
27553 4.46676
27554 4.46675
27555 4.46674
27556 4.46674
27557 4.46673
27558 4.46672
27559 4.46671
27560 4.46671
27561 4.4667
27562 4.46669
27563 4.46668
27564 4.46667
27565 4.46667
27566 4.46666
27567 4.46665
27568 4.46664
27569 4.46664
27570 4.46663
27571 4.46662
27572 4.46661
27573 4.4666
27574 4.4666
27575 4.46659
27576 4.46658
27577 4.46657
27578 4.46657
27579 4.46656
27580 4.46655
27581 4.46654
27582 4.46654
27583 4.46653
27584 4.46652
27585 4.46651
27586 4.4665
27587 4.4665
27588 4.46649
27589 4.46648
27590 4.46647
27591 4.46647
27592 4.46646
27593 4.46645
27594 4.46644
27595 4.46643
27596 4.46643
27597 4.46642
27598 4.46641
27599 4.4664
27600 4.4664
27601 4.46639
27602 4.46638
27603 4.46637
27604 4.46636
27605 4.46636
27606 4.46635
27607 4.46634
27608 4.46633
27609 4.46633
27610 4.46632
27611 4.46631
27612 4.4663
27613 4.4663
27614 4.46629
27615 4.46628
27616 4.46627
27617 4.46626
27618 4.46626
27619 4.46625
27620 4.46624
27621 4.46623
27622 4.46623
27623 4.46622
27624 4.46621
27625 4.4662
27626 4.46619
27627 4.46619
27628 4.46618
27629 4.46617
27630 4.46616
27631 4.46616
27632 4.46615
27633 4.46614
27634 4.46613
27635 4.46613
27636 4.46612
27637 4.46611
27638 4.4661
27639 4.46609
27640 4.46609
27641 4.46608
27642 4.46607
27643 4.46606
27644 4.46606
27645 4.46605
27646 4.46604
27647 4.46603
27648 4.46603
27649 4.46602
27650 4.46601
27651 4.466
27652 4.46599
27653 4.46599
27654 4.46598
27655 4.46597
27656 4.46596
27657 4.46596
27658 4.46595
27659 4.46594
27660 4.46593
27661 4.46593
27662 4.46592
27663 4.46591
27664 4.4659
27665 4.46589
27666 4.46589
27667 4.46588
27668 4.46587
27669 4.46586
27670 4.46586
27671 4.46585
27672 4.46584
27673 4.46583
27674 4.46583
27675 4.46582
27676 4.46581
27677 4.4658
27678 4.46579
27679 4.46579
27680 4.46578
27681 4.46577
27682 4.46576
27683 4.46576
27684 4.46575
27685 4.46574
27686 4.46573
27687 4.46573
27688 4.46572
27689 4.46571
27690 4.4657
27691 4.4657
27692 4.46569
27693 4.46568
27694 4.46567
27695 4.46566
27696 4.46566
27697 4.46565
27698 4.46564
27699 4.46563
27700 4.46563
27701 4.46562
27702 4.46561
27703 4.4656
27704 4.4656
27705 4.46559
27706 4.46558
27707 4.46557
27708 4.46556
27709 4.46556
27710 4.46555
27711 4.46554
27712 4.46553
27713 4.46553
27714 4.46552
27715 4.46551
27716 4.4655
27717 4.4655
27718 4.46549
27719 4.46548
27720 4.46547
27721 4.46547
27722 4.46546
27723 4.46545
27724 4.46544
27725 4.46543
27726 4.46543
27727 4.46542
27728 4.46541
27729 4.4654
27730 4.4654
27731 4.46539
27732 4.46538
27733 4.46537
27734 4.46537
27735 4.46536
27736 4.46535
27737 4.46534
27738 4.46534
27739 4.46533
27740 4.46532
27741 4.46531
27742 4.46531
27743 4.4653
27744 4.46529
27745 4.46528
27746 4.46527
27747 4.46527
27748 4.46526
27749 4.46525
27750 4.46524
27751 4.46524
27752 4.46523
27753 4.46522
27754 4.46521
27755 4.46521
27756 4.4652
27757 4.46519
27758 4.46518
27759 4.46518
27760 4.46517
27761 4.46516
27762 4.46515
27763 4.46515
27764 4.46514
27765 4.46513
27766 4.46512
27767 4.46511
27768 4.46511
27769 4.4651
27770 4.46509
27771 4.46508
27772 4.46508
27773 4.46507
27774 4.46506
27775 4.46505
27776 4.46505
27777 4.46504
27778 4.46503
27779 4.46502
27780 4.46502
27781 4.46501
27782 4.465
27783 4.46499
27784 4.46499
27785 4.46498
27786 4.46497
27787 4.46496
27788 4.46496
27789 4.46495
27790 4.46494
27791 4.46493
27792 4.46492
27793 4.46492
27794 4.46491
27795 4.4649
27796 4.46489
27797 4.46489
27798 4.46488
27799 4.46487
27800 4.46486
27801 4.46486
27802 4.46485
27803 4.46484
27804 4.46483
27805 4.46483
27806 4.46482
27807 4.46481
27808 4.4648
27809 4.4648
27810 4.46479
27811 4.46478
27812 4.46477
27813 4.46477
27814 4.46476
27815 4.46475
27816 4.46474
27817 4.46474
27818 4.46473
27819 4.46472
27820 4.46471
27821 4.4647
27822 4.4647
27823 4.46469
27824 4.46468
27825 4.46467
27826 4.46467
27827 4.46466
27828 4.46465
27829 4.46464
27830 4.46464
27831 4.46463
27832 4.46462
27833 4.46461
27834 4.46461
27835 4.4646
27836 4.46459
27837 4.46458
27838 4.46458
27839 4.46457
27840 4.46456
27841 4.46455
27842 4.46455
27843 4.46454
27844 4.46453
27845 4.46452
27846 4.46452
27847 4.46451
27848 4.4645
27849 4.46449
27850 4.46449
27851 4.46448
27852 4.46447
27853 4.46446
27854 4.46446
27855 4.46445
27856 4.46444
27857 4.46443
27858 4.46443
27859 4.46442
27860 4.46441
27861 4.4644
27862 4.4644
27863 4.46439
27864 4.46438
27865 4.46437
27866 4.46437
27867 4.46436
27868 4.46435
27869 4.46434
27870 4.46433
27871 4.46433
27872 4.46432
27873 4.46431
27874 4.4643
27875 4.4643
27876 4.46429
27877 4.46428
27878 4.46427
27879 4.46427
27880 4.46426
27881 4.46425
27882 4.46424
27883 4.46424
27884 4.46423
27885 4.46422
27886 4.46421
27887 4.46421
27888 4.4642
27889 4.46419
27890 4.46418
27891 4.46418
27892 4.46417
27893 4.46416
27894 4.46415
27895 4.46415
27896 4.46414
27897 4.46413
27898 4.46412
27899 4.46412
27900 4.46411
27901 4.4641
27902 4.46409
27903 4.46409
27904 4.46408
27905 4.46407
27906 4.46406
27907 4.46406
27908 4.46405
27909 4.46404
27910 4.46403
27911 4.46403
27912 4.46402
27913 4.46401
27914 4.464
27915 4.464
27916 4.46399
27917 4.46398
27918 4.46397
27919 4.46397
27920 4.46396
27921 4.46395
27922 4.46394
27923 4.46394
27924 4.46393
27925 4.46392
27926 4.46391
27927 4.46391
27928 4.4639
27929 4.46389
27930 4.46388
27931 4.46388
27932 4.46387
27933 4.46386
27934 4.46385
27935 4.46385
27936 4.46384
27937 4.46383
27938 4.46382
27939 4.46382
27940 4.46381
27941 4.4638
27942 4.46379
27943 4.46379
27944 4.46378
27945 4.46377
27946 4.46376
27947 4.46376
27948 4.46375
27949 4.46374
27950 4.46373
27951 4.46373
27952 4.46372
27953 4.46371
27954 4.4637
27955 4.4637
27956 4.46369
27957 4.46368
27958 4.46367
27959 4.46367
27960 4.46366
27961 4.46365
27962 4.46364
27963 4.46364
27964 4.46363
27965 4.46362
27966 4.46361
27967 4.46361
27968 4.4636
27969 4.46359
27970 4.46359
27971 4.46358
27972 4.46357
27973 4.46356
27974 4.46356
27975 4.46355
27976 4.46354
27977 4.46353
27978 4.46353
27979 4.46352
27980 4.46351
27981 4.4635
27982 4.4635
27983 4.46349
27984 4.46348
27985 4.46347
27986 4.46347
27987 4.46346
27988 4.46345
27989 4.46344
27990 4.46344
27991 4.46343
27992 4.46342
27993 4.46341
27994 4.46341
27995 4.4634
27996 4.46339
27997 4.46338
27998 4.46338
27999 4.46337
28000 4.46336
28001 4.46335
28002 4.46335
28003 4.46334
28004 4.46333
28005 4.46332
28006 4.46332
28007 4.46331
28008 4.4633
28009 4.46329
28010 4.46329
28011 4.46328
28012 4.46327
28013 4.46327
28014 4.46326
28015 4.46325
28016 4.46324
28017 4.46324
28018 4.46323
28019 4.46322
28020 4.46321
28021 4.46321
28022 4.4632
28023 4.46319
28024 4.46318
28025 4.46318
28026 4.46317
28027 4.46316
28028 4.46315
28029 4.46315
28030 4.46314
28031 4.46313
28032 4.46312
28033 4.46312
28034 4.46311
28035 4.4631
28036 4.46309
28037 4.46309
28038 4.46308
28039 4.46307
28040 4.46306
28041 4.46306
28042 4.46305
28043 4.46304
28044 4.46304
28045 4.46303
28046 4.46302
28047 4.46301
28048 4.46301
28049 4.463
28050 4.46299
28051 4.46298
28052 4.46298
28053 4.46297
28054 4.46296
28055 4.46295
28056 4.46295
28057 4.46294
28058 4.46293
28059 4.46292
28060 4.46292
28061 4.46291
28062 4.4629
28063 4.46289
28064 4.46289
28065 4.46288
28066 4.46287
28067 4.46286
28068 4.46286
28069 4.46285
28070 4.46284
28071 4.46284
28072 4.46283
28073 4.46282
28074 4.46281
28075 4.46281
28076 4.4628
28077 4.46279
28078 4.46278
28079 4.46278
28080 4.46277
28081 4.46276
28082 4.46275
28083 4.46275
28084 4.46274
28085 4.46273
28086 4.46272
28087 4.46272
28088 4.46271
28089 4.4627
28090 4.4627
28091 4.46269
28092 4.46268
28093 4.46267
28094 4.46267
28095 4.46266
28096 4.46265
28097 4.46264
28098 4.46264
28099 4.46263
28100 4.46262
28101 4.46261
28102 4.46261
28103 4.4626
28104 4.46259
28105 4.46258
28106 4.46258
28107 4.46257
28108 4.46256
28109 4.46256
28110 4.46255
28111 4.46254
28112 4.46253
28113 4.46253
28114 4.46252
28115 4.46251
28116 4.4625
28117 4.4625
28118 4.46249
28119 4.46248
28120 4.46247
28121 4.46247
28122 4.46246
28123 4.46245
28124 4.46244
28125 4.46244
28126 4.46243
28127 4.46242
28128 4.46242
28129 4.46241
28130 4.4624
28131 4.46239
28132 4.46239
28133 4.46238
28134 4.46237
28135 4.46236
28136 4.46236
28137 4.46235
28138 4.46234
28139 4.46233
28140 4.46233
28141 4.46232
28142 4.46231
28143 4.46231
28144 4.4623
28145 4.46229
28146 4.46228
28147 4.46228
28148 4.46227
28149 4.46226
28150 4.46225
28151 4.46225
28152 4.46224
28153 4.46223
28154 4.46222
28155 4.46222
28156 4.46221
28157 4.4622
28158 4.4622
28159 4.46219
28160 4.46218
28161 4.46217
28162 4.46217
28163 4.46216
28164 4.46215
28165 4.46214
28166 4.46214
28167 4.46213
28168 4.46212
28169 4.46211
28170 4.46211
28171 4.4621
28172 4.46209
28173 4.46209
28174 4.46208
28175 4.46207
28176 4.46206
28177 4.46206
28178 4.46205
28179 4.46204
28180 4.46203
28181 4.46203
28182 4.46202
28183 4.46201
28184 4.46201
28185 4.462
28186 4.46199
28187 4.46198
28188 4.46198
28189 4.46197
28190 4.46196
28191 4.46195
28192 4.46195
28193 4.46194
28194 4.46193
28195 4.46192
28196 4.46192
28197 4.46191
28198 4.4619
28199 4.4619
28200 4.46189
28201 4.46188
28202 4.46187
28203 4.46187
28204 4.46186
28205 4.46185
28206 4.46184
28207 4.46184
28208 4.46183
28209 4.46182
28210 4.46182
28211 4.46181
28212 4.4618
28213 4.46179
28214 4.46179
28215 4.46178
28216 4.46177
28217 4.46176
28218 4.46176
28219 4.46175
28220 4.46174
28221 4.46174
28222 4.46173
28223 4.46172
28224 4.46171
28225 4.46171
28226 4.4617
28227 4.46169
28228 4.46168
28229 4.46168
28230 4.46167
28231 4.46166
28232 4.46166
28233 4.46165
28234 4.46164
28235 4.46163
28236 4.46163
28237 4.46162
28238 4.46161
28239 4.4616
28240 4.4616
28241 4.46159
28242 4.46158
28243 4.46158
28244 4.46157
28245 4.46156
28246 4.46155
28247 4.46155
28248 4.46154
28249 4.46153
28250 4.46152
28251 4.46152
28252 4.46151
28253 4.4615
28254 4.4615
28255 4.46149
28256 4.46148
28257 4.46147
28258 4.46147
28259 4.46146
28260 4.46145
28261 4.46144
28262 4.46144
28263 4.46143
28264 4.46142
28265 4.46142
28266 4.46141
28267 4.4614
28268 4.46139
28269 4.46139
28270 4.46138
28271 4.46137
28272 4.46137
28273 4.46136
28274 4.46135
28275 4.46134
28276 4.46134
28277 4.46133
28278 4.46132
28279 4.46131
28280 4.46131
28281 4.4613
28282 4.46129
28283 4.46129
28284 4.46128
28285 4.46127
28286 4.46126
28287 4.46126
28288 4.46125
28289 4.46124
28290 4.46123
28291 4.46123
28292 4.46122
28293 4.46121
28294 4.46121
28295 4.4612
28296 4.46119
28297 4.46118
28298 4.46118
28299 4.46117
28300 4.46116
28301 4.46116
28302 4.46115
28303 4.46114
28304 4.46113
28305 4.46113
28306 4.46112
28307 4.46111
28308 4.4611
28309 4.4611
28310 4.46109
28311 4.46108
28312 4.46108
28313 4.46107
28314 4.46106
28315 4.46105
28316 4.46105
28317 4.46104
28318 4.46103
28319 4.46103
28320 4.46102
28321 4.46101
28322 4.461
28323 4.461
28324 4.46099
28325 4.46098
28326 4.46098
28327 4.46097
28328 4.46096
28329 4.46095
28330 4.46095
28331 4.46094
28332 4.46093
28333 4.46092
28334 4.46092
28335 4.46091
28336 4.4609
28337 4.4609
28338 4.46089
28339 4.46088
28340 4.46087
28341 4.46087
28342 4.46086
28343 4.46085
28344 4.46085
28345 4.46084
28346 4.46083
28347 4.46082
28348 4.46082
28349 4.46081
28350 4.4608
28351 4.4608
28352 4.46079
28353 4.46078
28354 4.46077
28355 4.46077
28356 4.46076
28357 4.46075
28358 4.46074
28359 4.46074
28360 4.46073
28361 4.46072
28362 4.46072
28363 4.46071
28364 4.4607
28365 4.46069
28366 4.46069
28367 4.46068
28368 4.46067
28369 4.46067
28370 4.46066
28371 4.46065
28372 4.46064
28373 4.46064
28374 4.46063
28375 4.46062
28376 4.46062
28377 4.46061
28378 4.4606
28379 4.46059
28380 4.46059
28381 4.46058
28382 4.46057
28383 4.46057
28384 4.46056
28385 4.46055
28386 4.46054
28387 4.46054
28388 4.46053
28389 4.46052
28390 4.46052
28391 4.46051
28392 4.4605
28393 4.46049
28394 4.46049
28395 4.46048
28396 4.46047
28397 4.46047
28398 4.46046
28399 4.46045
28400 4.46044
28401 4.46044
28402 4.46043
28403 4.46042
28404 4.46042
28405 4.46041
28406 4.4604
28407 4.46039
28408 4.46039
28409 4.46038
28410 4.46037
28411 4.46037
28412 4.46036
28413 4.46035
28414 4.46034
28415 4.46034
28416 4.46033
28417 4.46032
28418 4.46032
28419 4.46031
28420 4.4603
28421 4.46029
28422 4.46029
28423 4.46028
28424 4.46027
28425 4.46027
28426 4.46026
28427 4.46025
28428 4.46024
28429 4.46024
28430 4.46023
28431 4.46022
28432 4.46022
28433 4.46021
28434 4.4602
28435 4.46019
28436 4.46019
28437 4.46018
28438 4.46017
28439 4.46017
28440 4.46016
28441 4.46015
28442 4.46014
28443 4.46014
28444 4.46013
28445 4.46012
28446 4.46012
28447 4.46011
28448 4.4601
28449 4.46009
28450 4.46009
28451 4.46008
28452 4.46007
28453 4.46007
28454 4.46006
28455 4.46005
28456 4.46004
28457 4.46004
28458 4.46003
28459 4.46002
28460 4.46002
28461 4.46001
28462 4.46
28463 4.45999
28464 4.45999
28465 4.45998
28466 4.45997
28467 4.45997
28468 4.45996
28469 4.45995
28470 4.45995
28471 4.45994
28472 4.45993
28473 4.45992
28474 4.45992
28475 4.45991
28476 4.4599
28477 4.4599
28478 4.45989
28479 4.45988
28480 4.45987
28481 4.45987
28482 4.45986
28483 4.45985
28484 4.45985
28485 4.45984
28486 4.45983
28487 4.45982
28488 4.45982
28489 4.45981
28490 4.4598
28491 4.4598
28492 4.45979
28493 4.45978
28494 4.45977
28495 4.45977
28496 4.45976
28497 4.45975
28498 4.45975
28499 4.45974
28500 4.45973
28501 4.45973
28502 4.45972
28503 4.45971
28504 4.4597
28505 4.4597
28506 4.45969
28507 4.45968
28508 4.45968
28509 4.45967
28510 4.45966
28511 4.45965
28512 4.45965
28513 4.45964
28514 4.45963
28515 4.45963
28516 4.45962
28517 4.45961
28518 4.45961
28519 4.4596
28520 4.45959
28521 4.45958
28522 4.45958
28523 4.45957
28524 4.45956
28525 4.45956
28526 4.45955
28527 4.45954
28528 4.45953
28529 4.45953
28530 4.45952
28531 4.45951
28532 4.45951
28533 4.4595
28534 4.45949
28535 4.45949
28536 4.45948
28537 4.45947
28538 4.45946
28539 4.45946
28540 4.45945
28541 4.45944
28542 4.45944
28543 4.45943
28544 4.45942
28545 4.45941
28546 4.45941
28547 4.4594
28548 4.45939
28549 4.45939
28550 4.45938
28551 4.45937
28552 4.45937
28553 4.45936
28554 4.45935
28555 4.45934
28556 4.45934
28557 4.45933
28558 4.45932
28559 4.45932
28560 4.45931
28561 4.4593
28562 4.45929
28563 4.45929
28564 4.45928
28565 4.45927
28566 4.45927
28567 4.45926
28568 4.45925
28569 4.45925
28570 4.45924
28571 4.45923
28572 4.45922
28573 4.45922
28574 4.45921
28575 4.4592
28576 4.4592
28577 4.45919
28578 4.45918
28579 4.45918
28580 4.45917
28581 4.45916
28582 4.45915
28583 4.45915
28584 4.45914
28585 4.45913
28586 4.45913
28587 4.45912
28588 4.45911
28589 4.45911
28590 4.4591
28591 4.45909
28592 4.45908
28593 4.45908
28594 4.45907
28595 4.45906
28596 4.45906
28597 4.45905
28598 4.45904
28599 4.45903
28600 4.45903
28601 4.45902
28602 4.45901
28603 4.45901
28604 4.459
28605 4.45899
28606 4.45899
28607 4.45898
28608 4.45897
28609 4.45896
28610 4.45896
28611 4.45895
28612 4.45894
28613 4.45894
28614 4.45893
28615 4.45892
28616 4.45892
28617 4.45891
28618 4.4589
28619 4.45889
28620 4.45889
28621 4.45888
28622 4.45887
28623 4.45887
28624 4.45886
28625 4.45885
28626 4.45885
28627 4.45884
28628 4.45883
28629 4.45883
28630 4.45882
28631 4.45881
28632 4.4588
28633 4.4588
28634 4.45879
28635 4.45878
28636 4.45878
28637 4.45877
28638 4.45876
28639 4.45876
28640 4.45875
28641 4.45874
28642 4.45873
28643 4.45873
28644 4.45872
28645 4.45871
28646 4.45871
28647 4.4587
28648 4.45869
28649 4.45869
28650 4.45868
28651 4.45867
28652 4.45866
28653 4.45866
28654 4.45865
28655 4.45864
28656 4.45864
28657 4.45863
28658 4.45862
28659 4.45862
28660 4.45861
28661 4.4586
28662 4.45859
28663 4.45859
28664 4.45858
28665 4.45857
28666 4.45857
28667 4.45856
28668 4.45855
28669 4.45855
28670 4.45854
28671 4.45853
28672 4.45853
28673 4.45852
28674 4.45851
28675 4.4585
28676 4.4585
28677 4.45849
28678 4.45848
28679 4.45848
28680 4.45847
28681 4.45846
28682 4.45846
28683 4.45845
28684 4.45844
28685 4.45843
28686 4.45843
28687 4.45842
28688 4.45841
28689 4.45841
28690 4.4584
28691 4.45839
28692 4.45839
28693 4.45838
28694 4.45837
28695 4.45837
28696 4.45836
28697 4.45835
28698 4.45834
28699 4.45834
28700 4.45833
28701 4.45832
28702 4.45832
28703 4.45831
28704 4.4583
28705 4.4583
28706 4.45829
28707 4.45828
28708 4.45828
28709 4.45827
28710 4.45826
28711 4.45825
28712 4.45825
28713 4.45824
28714 4.45823
28715 4.45823
28716 4.45822
28717 4.45821
28718 4.45821
28719 4.4582
28720 4.45819
28721 4.45819
28722 4.45818
28723 4.45817
28724 4.45816
28725 4.45816
28726 4.45815
28727 4.45814
28728 4.45814
28729 4.45813
28730 4.45812
28731 4.45812
28732 4.45811
28733 4.4581
28734 4.4581
28735 4.45809
28736 4.45808
28737 4.45807
28738 4.45807
28739 4.45806
28740 4.45805
28741 4.45805
28742 4.45804
28743 4.45803
28744 4.45803
28745 4.45802
28746 4.45801
28747 4.45801
28748 4.458
28749 4.45799
28750 4.45798
28751 4.45798
28752 4.45797
28753 4.45796
28754 4.45796
28755 4.45795
28756 4.45794
28757 4.45794
28758 4.45793
28759 4.45792
28760 4.45792
28761 4.45791
28762 4.4579
28763 4.45789
28764 4.45789
28765 4.45788
28766 4.45787
28767 4.45787
28768 4.45786
28769 4.45785
28770 4.45785
28771 4.45784
28772 4.45783
28773 4.45783
28774 4.45782
28775 4.45781
28776 4.45781
28777 4.4578
28778 4.45779
28779 4.45778
28780 4.45778
28781 4.45777
28782 4.45776
28783 4.45776
28784 4.45775
28785 4.45774
28786 4.45774
28787 4.45773
28788 4.45772
28789 4.45772
28790 4.45771
28791 4.4577
28792 4.4577
28793 4.45769
28794 4.45768
28795 4.45767
28796 4.45767
28797 4.45766
28798 4.45765
28799 4.45765
28800 4.45764
28801 4.45763
28802 4.45763
28803 4.45762
28804 4.45761
28805 4.45761
28806 4.4576
28807 4.45759
28808 4.45759
28809 4.45758
28810 4.45757
28811 4.45756
28812 4.45756
28813 4.45755
28814 4.45754
28815 4.45754
28816 4.45753
28817 4.45752
28818 4.45752
28819 4.45751
28820 4.4575
28821 4.4575
28822 4.45749
28823 4.45748
28824 4.45748
28825 4.45747
28826 4.45746
28827 4.45746
28828 4.45745
28829 4.45744
28830 4.45743
28831 4.45743
28832 4.45742
28833 4.45741
28834 4.45741
28835 4.4574
28836 4.45739
28837 4.45739
28838 4.45738
28839 4.45737
28840 4.45737
28841 4.45736
28842 4.45735
28843 4.45735
28844 4.45734
28845 4.45733
28846 4.45733
28847 4.45732
28848 4.45731
28849 4.4573
28850 4.4573
28851 4.45729
28852 4.45728
28853 4.45728
28854 4.45727
28855 4.45726
28856 4.45726
28857 4.45725
28858 4.45724
28859 4.45724
28860 4.45723
28861 4.45722
28862 4.45722
28863 4.45721
28864 4.4572
28865 4.4572
28866 4.45719
28867 4.45718
28868 4.45717
28869 4.45717
28870 4.45716
28871 4.45715
28872 4.45715
28873 4.45714
28874 4.45713
28875 4.45713
28876 4.45712
28877 4.45711
28878 4.45711
28879 4.4571
28880 4.45709
28881 4.45709
28882 4.45708
28883 4.45707
28884 4.45707
28885 4.45706
28886 4.45705
28887 4.45705
28888 4.45704
28889 4.45703
28890 4.45702
28891 4.45702
28892 4.45701
28893 4.457
28894 4.457
28895 4.45699
28896 4.45698
28897 4.45698
28898 4.45697
28899 4.45696
28900 4.45696
28901 4.45695
28902 4.45694
28903 4.45694
28904 4.45693
28905 4.45692
28906 4.45692
28907 4.45691
28908 4.4569
28909 4.4569
28910 4.45689
28911 4.45688
28912 4.45688
28913 4.45687
28914 4.45686
28915 4.45685
28916 4.45685
28917 4.45684
28918 4.45683
28919 4.45683
28920 4.45682
28921 4.45681
28922 4.45681
28923 4.4568
28924 4.45679
28925 4.45679
28926 4.45678
28927 4.45677
28928 4.45677
28929 4.45676
28930 4.45675
28931 4.45675
28932 4.45674
28933 4.45673
28934 4.45673
28935 4.45672
28936 4.45671
28937 4.45671
28938 4.4567
28939 4.45669
28940 4.45669
28941 4.45668
28942 4.45667
28943 4.45667
28944 4.45666
28945 4.45665
28946 4.45664
28947 4.45664
28948 4.45663
28949 4.45662
28950 4.45662
28951 4.45661
28952 4.4566
28953 4.4566
28954 4.45659
28955 4.45658
28956 4.45658
28957 4.45657
28958 4.45656
28959 4.45656
28960 4.45655
28961 4.45654
28962 4.45654
28963 4.45653
28964 4.45652
28965 4.45652
28966 4.45651
28967 4.4565
28968 4.4565
28969 4.45649
28970 4.45648
28971 4.45648
28972 4.45647
28973 4.45646
28974 4.45646
28975 4.45645
28976 4.45644
28977 4.45644
28978 4.45643
28979 4.45642
28980 4.45642
28981 4.45641
28982 4.4564
28983 4.45639
28984 4.45639
28985 4.45638
28986 4.45637
28987 4.45637
28988 4.45636
28989 4.45635
28990 4.45635
28991 4.45634
28992 4.45633
28993 4.45633
28994 4.45632
28995 4.45631
28996 4.45631
28997 4.4563
28998 4.45629
28999 4.45629
29000 4.45628
29001 4.45627
29002 4.45627
29003 4.45626
29004 4.45625
29005 4.45625
29006 4.45624
29007 4.45623
29008 4.45623
29009 4.45622
29010 4.45621
29011 4.45621
29012 4.4562
29013 4.45619
29014 4.45619
29015 4.45618
29016 4.45617
29017 4.45617
29018 4.45616
29019 4.45615
29020 4.45615
29021 4.45614
29022 4.45613
29023 4.45613
29024 4.45612
29025 4.45611
29026 4.45611
29027 4.4561
29028 4.45609
29029 4.45609
29030 4.45608
29031 4.45607
29032 4.45607
29033 4.45606
29034 4.45605
29035 4.45605
29036 4.45604
29037 4.45603
29038 4.45603
29039 4.45602
29040 4.45601
29041 4.45601
29042 4.456
29043 4.45599
29044 4.45599
29045 4.45598
29046 4.45597
29047 4.45596
29048 4.45596
29049 4.45595
29050 4.45594
29051 4.45594
29052 4.45593
29053 4.45592
29054 4.45592
29055 4.45591
29056 4.4559
29057 4.4559
29058 4.45589
29059 4.45588
29060 4.45588
29061 4.45587
29062 4.45586
29063 4.45586
29064 4.45585
29065 4.45584
29066 4.45584
29067 4.45583
29068 4.45582
29069 4.45582
29070 4.45581
29071 4.4558
29072 4.4558
29073 4.45579
29074 4.45578
29075 4.45578
29076 4.45577
29077 4.45576
29078 4.45576
29079 4.45575
29080 4.45574
29081 4.45574
29082 4.45573
29083 4.45572
29084 4.45572
29085 4.45571
29086 4.4557
29087 4.4557
29088 4.45569
29089 4.45568
29090 4.45568
29091 4.45567
29092 4.45566
29093 4.45566
29094 4.45565
29095 4.45564
29096 4.45564
29097 4.45563
29098 4.45562
29099 4.45562
29100 4.45561
29101 4.4556
29102 4.4556
29103 4.45559
29104 4.45558
29105 4.45558
29106 4.45557
29107 4.45556
29108 4.45556
29109 4.45555
29110 4.45554
29111 4.45554
29112 4.45553
29113 4.45552
29114 4.45552
29115 4.45551
29116 4.4555
29117 4.4555
29118 4.45549
29119 4.45548
29120 4.45548
29121 4.45547
29122 4.45546
29123 4.45546
29124 4.45545
29125 4.45544
29126 4.45544
29127 4.45543
29128 4.45542
29129 4.45542
29130 4.45541
29131 4.4554
29132 4.4554
29133 4.45539
29134 4.45538
29135 4.45538
29136 4.45537
29137 4.45536
29138 4.45536
29139 4.45535
29140 4.45535
29141 4.45534
29142 4.45533
29143 4.45533
29144 4.45532
29145 4.45531
29146 4.45531
29147 4.4553
29148 4.45529
29149 4.45529
29150 4.45528
29151 4.45527
29152 4.45527
29153 4.45526
29154 4.45525
29155 4.45525
29156 4.45524
29157 4.45523
29158 4.45523
29159 4.45522
29160 4.45521
29161 4.45521
29162 4.4552
29163 4.45519
29164 4.45519
29165 4.45518
29166 4.45517
29167 4.45517
29168 4.45516
29169 4.45515
29170 4.45515
29171 4.45514
29172 4.45513
29173 4.45513
29174 4.45512
29175 4.45511
29176 4.45511
29177 4.4551
29178 4.45509
29179 4.45509
29180 4.45508
29181 4.45507
29182 4.45507
29183 4.45506
29184 4.45505
29185 4.45505
29186 4.45504
29187 4.45503
29188 4.45503
29189 4.45502
29190 4.45501
29191 4.45501
29192 4.455
29193 4.45499
29194 4.45499
29195 4.45498
29196 4.45497
29197 4.45497
29198 4.45496
29199 4.45495
29200 4.45495
29201 4.45494
29202 4.45494
29203 4.45493
29204 4.45492
29205 4.45492
29206 4.45491
29207 4.4549
29208 4.4549
29209 4.45489
29210 4.45488
29211 4.45488
29212 4.45487
29213 4.45486
29214 4.45486
29215 4.45485
29216 4.45484
29217 4.45484
29218 4.45483
29219 4.45482
29220 4.45482
29221 4.45481
29222 4.4548
29223 4.4548
29224 4.45479
29225 4.45478
29226 4.45478
29227 4.45477
29228 4.45476
29229 4.45476
29230 4.45475
29231 4.45474
29232 4.45474
29233 4.45473
29234 4.45472
29235 4.45472
29236 4.45471
29237 4.4547
29238 4.4547
29239 4.45469
29240 4.45469
29241 4.45468
29242 4.45467
29243 4.45467
29244 4.45466
29245 4.45465
29246 4.45465
29247 4.45464
29248 4.45463
29249 4.45463
29250 4.45462
29251 4.45461
29252 4.45461
29253 4.4546
29254 4.45459
29255 4.45459
29256 4.45458
29257 4.45457
29258 4.45457
29259 4.45456
29260 4.45455
29261 4.45455
29262 4.45454
29263 4.45453
29264 4.45453
29265 4.45452
29266 4.45451
29267 4.45451
29268 4.4545
29269 4.4545
29270 4.45449
29271 4.45448
29272 4.45448
29273 4.45447
29274 4.45446
29275 4.45446
29276 4.45445
29277 4.45444
29278 4.45444
29279 4.45443
29280 4.45442
29281 4.45442
29282 4.45441
29283 4.4544
29284 4.4544
29285 4.45439
29286 4.45438
29287 4.45438
29288 4.45437
29289 4.45436
29290 4.45436
29291 4.45435
29292 4.45434
29293 4.45434
29294 4.45433
29295 4.45433
29296 4.45432
29297 4.45431
29298 4.45431
29299 4.4543
29300 4.45429
29301 4.45429
29302 4.45428
29303 4.45427
29304 4.45427
29305 4.45426
29306 4.45425
29307 4.45425
29308 4.45424
29309 4.45423
29310 4.45423
29311 4.45422
29312 4.45421
29313 4.45421
29314 4.4542
29315 4.45419
29316 4.45419
29317 4.45418
29318 4.45418
29319 4.45417
29320 4.45416
29321 4.45416
29322 4.45415
29323 4.45414
29324 4.45414
29325 4.45413
29326 4.45412
29327 4.45412
29328 4.45411
29329 4.4541
29330 4.4541
29331 4.45409
29332 4.45408
29333 4.45408
29334 4.45407
29335 4.45406
29336 4.45406
29337 4.45405
29338 4.45405
29339 4.45404
29340 4.45403
29341 4.45403
29342 4.45402
29343 4.45401
29344 4.45401
29345 4.454
29346 4.45399
29347 4.45399
29348 4.45398
29349 4.45397
29350 4.45397
29351 4.45396
29352 4.45395
29353 4.45395
29354 4.45394
29355 4.45393
29356 4.45393
29357 4.45392
29358 4.45392
29359 4.45391
29360 4.4539
29361 4.4539
29362 4.45389
29363 4.45388
29364 4.45388
29365 4.45387
29366 4.45386
29367 4.45386
29368 4.45385
29369 4.45384
29370 4.45384
29371 4.45383
29372 4.45382
29373 4.45382
29374 4.45381
29375 4.45381
29376 4.4538
29377 4.45379
29378 4.45379
29379 4.45378
29380 4.45377
29381 4.45377
29382 4.45376
29383 4.45375
29384 4.45375
29385 4.45374
29386 4.45373
29387 4.45373
29388 4.45372
29389 4.45371
29390 4.45371
29391 4.4537
29392 4.4537
29393 4.45369
29394 4.45368
29395 4.45368
29396 4.45367
29397 4.45366
29398 4.45366
29399 4.45365
29400 4.45364
29401 4.45364
29402 4.45363
29403 4.45362
29404 4.45362
29405 4.45361
29406 4.4536
29407 4.4536
29408 4.45359
29409 4.45359
29410 4.45358
29411 4.45357
29412 4.45357
29413 4.45356
29414 4.45355
29415 4.45355
29416 4.45354
29417 4.45353
29418 4.45353
29419 4.45352
29420 4.45351
29421 4.45351
29422 4.4535
29423 4.4535
29424 4.45349
29425 4.45348
29426 4.45348
29427 4.45347
29428 4.45346
29429 4.45346
29430 4.45345
29431 4.45344
29432 4.45344
29433 4.45343
29434 4.45342
29435 4.45342
29436 4.45341
29437 4.45341
29438 4.4534
29439 4.45339
29440 4.45339
29441 4.45338
29442 4.45337
29443 4.45337
29444 4.45336
29445 4.45335
29446 4.45335
29447 4.45334
29448 4.45333
29449 4.45333
29450 4.45332
29451 4.45332
29452 4.45331
29453 4.4533
29454 4.4533
29455 4.45329
29456 4.45328
29457 4.45328
29458 4.45327
29459 4.45326
29460 4.45326
29461 4.45325
29462 4.45324
29463 4.45324
29464 4.45323
29465 4.45323
29466 4.45322
29467 4.45321
29468 4.45321
29469 4.4532
29470 4.45319
29471 4.45319
29472 4.45318
29473 4.45317
29474 4.45317
29475 4.45316
29476 4.45315
29477 4.45315
29478 4.45314
29479 4.45314
29480 4.45313
29481 4.45312
29482 4.45312
29483 4.45311
29484 4.4531
29485 4.4531
29486 4.45309
29487 4.45308
29488 4.45308
29489 4.45307
29490 4.45307
29491 4.45306
29492 4.45305
29493 4.45305
29494 4.45304
29495 4.45303
29496 4.45303
29497 4.45302
29498 4.45301
29499 4.45301
29500 4.453
29501 4.45299
29502 4.45299
29503 4.45298
29504 4.45298
29505 4.45297
29506 4.45296
29507 4.45296
29508 4.45295
29509 4.45294
29510 4.45294
29511 4.45293
29512 4.45292
29513 4.45292
29514 4.45291
29515 4.45291
29516 4.4529
29517 4.45289
29518 4.45289
29519 4.45288
29520 4.45287
29521 4.45287
29522 4.45286
29523 4.45285
29524 4.45285
29525 4.45284
29526 4.45284
29527 4.45283
29528 4.45282
29529 4.45282
29530 4.45281
29531 4.4528
29532 4.4528
29533 4.45279
29534 4.45278
29535 4.45278
29536 4.45277
29537 4.45277
29538 4.45276
29539 4.45275
29540 4.45275
29541 4.45274
29542 4.45273
29543 4.45273
29544 4.45272
29545 4.45271
29546 4.45271
29547 4.4527
29548 4.4527
29549 4.45269
29550 4.45268
29551 4.45268
29552 4.45267
29553 4.45266
29554 4.45266
29555 4.45265
29556 4.45264
29557 4.45264
29558 4.45263
29559 4.45263
29560 4.45262
29561 4.45261
29562 4.45261
29563 4.4526
29564 4.45259
29565 4.45259
29566 4.45258
29567 4.45257
29568 4.45257
29569 4.45256
29570 4.45256
29571 4.45255
29572 4.45254
29573 4.45254
29574 4.45253
29575 4.45252
29576 4.45252
29577 4.45251
29578 4.4525
29579 4.4525
29580 4.45249
29581 4.45249
29582 4.45248
29583 4.45247
29584 4.45247
29585 4.45246
29586 4.45245
29587 4.45245
29588 4.45244
29589 4.45244
29590 4.45243
29591 4.45242
29592 4.45242
29593 4.45241
29594 4.4524
29595 4.4524
29596 4.45239
29597 4.45238
29598 4.45238
29599 4.45237
29600 4.45237
29601 4.45236
29602 4.45235
29603 4.45235
29604 4.45234
29605 4.45233
29606 4.45233
29607 4.45232
29608 4.45232
29609 4.45231
29610 4.4523
29611 4.4523
29612 4.45229
29613 4.45228
29614 4.45228
29615 4.45227
29616 4.45226
29617 4.45226
29618 4.45225
29619 4.45225
29620 4.45224
29621 4.45223
29622 4.45223
29623 4.45222
29624 4.45221
29625 4.45221
29626 4.4522
29627 4.4522
29628 4.45219
29629 4.45218
29630 4.45218
29631 4.45217
29632 4.45216
29633 4.45216
29634 4.45215
29635 4.45214
29636 4.45214
29637 4.45213
29638 4.45213
29639 4.45212
29640 4.45211
29641 4.45211
29642 4.4521
29643 4.45209
29644 4.45209
29645 4.45208
29646 4.45208
29647 4.45207
29648 4.45206
29649 4.45206
29650 4.45205
29651 4.45204
29652 4.45204
29653 4.45203
29654 4.45203
29655 4.45202
29656 4.45201
29657 4.45201
29658 4.452
29659 4.45199
29660 4.45199
29661 4.45198
29662 4.45197
29663 4.45197
29664 4.45196
29665 4.45196
29666 4.45195
29667 4.45194
29668 4.45194
29669 4.45193
29670 4.45192
29671 4.45192
29672 4.45191
29673 4.45191
29674 4.4519
29675 4.45189
29676 4.45189
29677 4.45188
29678 4.45187
29679 4.45187
29680 4.45186
29681 4.45186
29682 4.45185
29683 4.45184
29684 4.45184
29685 4.45183
29686 4.45182
29687 4.45182
29688 4.45181
29689 4.45181
29690 4.4518
29691 4.45179
29692 4.45179
29693 4.45178
29694 4.45177
29695 4.45177
29696 4.45176
29697 4.45176
29698 4.45175
29699 4.45174
29700 4.45174
29701 4.45173
29702 4.45172
29703 4.45172
29704 4.45171
29705 4.45171
29706 4.4517
29707 4.45169
29708 4.45169
29709 4.45168
29710 4.45167
29711 4.45167
29712 4.45166
29713 4.45166
29714 4.45165
29715 4.45164
29716 4.45164
29717 4.45163
29718 4.45162
29719 4.45162
29720 4.45161
29721 4.45161
29722 4.4516
29723 4.45159
29724 4.45159
29725 4.45158
29726 4.45157
29727 4.45157
29728 4.45156
29729 4.45156
29730 4.45155
29731 4.45154
29732 4.45154
29733 4.45153
29734 4.45152
29735 4.45152
29736 4.45151
29737 4.45151
29738 4.4515
29739 4.45149
29740 4.45149
29741 4.45148
29742 4.45147
29743 4.45147
29744 4.45146
29745 4.45146
29746 4.45145
29747 4.45144
29748 4.45144
29749 4.45143
29750 4.45142
29751 4.45142
29752 4.45141
29753 4.45141
29754 4.4514
29755 4.45139
29756 4.45139
29757 4.45138
29758 4.45137
29759 4.45137
29760 4.45136
29761 4.45136
29762 4.45135
29763 4.45134
29764 4.45134
29765 4.45133
29766 4.45133
29767 4.45132
29768 4.45131
29769 4.45131
29770 4.4513
29771 4.45129
29772 4.45129
29773 4.45128
29774 4.45128
29775 4.45127
29776 4.45126
29777 4.45126
29778 4.45125
29779 4.45124
29780 4.45124
29781 4.45123
29782 4.45123
29783 4.45122
29784 4.45121
29785 4.45121
29786 4.4512
29787 4.45119
29788 4.45119
29789 4.45118
29790 4.45118
29791 4.45117
29792 4.45116
29793 4.45116
29794 4.45115
29795 4.45115
29796 4.45114
29797 4.45113
29798 4.45113
29799 4.45112
29800 4.45111
29801 4.45111
29802 4.4511
29803 4.4511
29804 4.45109
29805 4.45108
29806 4.45108
29807 4.45107
29808 4.45106
29809 4.45106
29810 4.45105
29811 4.45105
29812 4.45104
29813 4.45103
29814 4.45103
29815 4.45102
29816 4.45102
29817 4.45101
29818 4.451
29819 4.451
29820 4.45099
29821 4.45098
29822 4.45098
29823 4.45097
29824 4.45097
29825 4.45096
29826 4.45095
29827 4.45095
29828 4.45094
29829 4.45094
29830 4.45093
29831 4.45092
29832 4.45092
29833 4.45091
29834 4.4509
29835 4.4509
29836 4.45089
29837 4.45089
29838 4.45088
29839 4.45087
29840 4.45087
29841 4.45086
29842 4.45085
29843 4.45085
29844 4.45084
29845 4.45084
29846 4.45083
29847 4.45082
29848 4.45082
29849 4.45081
29850 4.45081
29851 4.4508
29852 4.45079
29853 4.45079
29854 4.45078
29855 4.45077
29856 4.45077
29857 4.45076
29858 4.45076
29859 4.45075
29860 4.45074
29861 4.45074
29862 4.45073
29863 4.45073
29864 4.45072
29865 4.45071
29866 4.45071
29867 4.4507
29868 4.45069
29869 4.45069
29870 4.45068
29871 4.45068
29872 4.45067
29873 4.45066
29874 4.45066
29875 4.45065
29876 4.45065
29877 4.45064
29878 4.45063
29879 4.45063
29880 4.45062
29881 4.45062
29882 4.45061
29883 4.4506
29884 4.4506
29885 4.45059
29886 4.45058
29887 4.45058
29888 4.45057
29889 4.45057
29890 4.45056
29891 4.45055
29892 4.45055
29893 4.45054
29894 4.45054
29895 4.45053
29896 4.45052
29897 4.45052
29898 4.45051
29899 4.4505
29900 4.4505
29901 4.45049
29902 4.45049
29903 4.45048
29904 4.45047
29905 4.45047
29906 4.45046
29907 4.45046
29908 4.45045
29909 4.45044
29910 4.45044
29911 4.45043
29912 4.45043
29913 4.45042
29914 4.45041
29915 4.45041
29916 4.4504
29917 4.45039
29918 4.45039
29919 4.45038
29920 4.45038
29921 4.45037
29922 4.45036
29923 4.45036
29924 4.45035
29925 4.45035
29926 4.45034
29927 4.45033
29928 4.45033
29929 4.45032
29930 4.45032
29931 4.45031
29932 4.4503
29933 4.4503
29934 4.45029
29935 4.45028
29936 4.45028
29937 4.45027
29938 4.45027
29939 4.45026
29940 4.45025
29941 4.45025
29942 4.45024
29943 4.45024
29944 4.45023
29945 4.45022
29946 4.45022
29947 4.45021
29948 4.45021
29949 4.4502
29950 4.45019
29951 4.45019
29952 4.45018
29953 4.45017
29954 4.45017
29955 4.45016
29956 4.45016
29957 4.45015
29958 4.45014
29959 4.45014
29960 4.45013
29961 4.45013
29962 4.45012
29963 4.45011
29964 4.45011
29965 4.4501
29966 4.4501
29967 4.45009
29968 4.45008
29969 4.45008
29970 4.45007
29971 4.45007
29972 4.45006
29973 4.45005
29974 4.45005
29975 4.45004
29976 4.45004
29977 4.45003
29978 4.45002
29979 4.45002
29980 4.45001
29981 4.45
29982 4.45
29983 4.44999
29984 4.44999
29985 4.44998
29986 4.44997
29987 4.44997
29988 4.44996
29989 4.44996
29990 4.44995
29991 4.44994
29992 4.44994
29993 4.44993
29994 4.44993
29995 4.44992
29996 4.44991
29997 4.44991
29998 4.4499
29999 4.4499
30000 4.44989
30001 4.44988
30002 4.44988
30003 4.44987
30004 4.44987
30005 4.44986
30006 4.44985
30007 4.44985
30008 4.44984
30009 4.44983
30010 4.44983
30011 4.44982
30012 4.44982
30013 4.44981
30014 4.4498
30015 4.4498
30016 4.44979
30017 4.44979
30018 4.44978
30019 4.44977
30020 4.44977
30021 4.44976
30022 4.44976
30023 4.44975
30024 4.44974
30025 4.44974
30026 4.44973
30027 4.44973
30028 4.44972
30029 4.44971
30030 4.44971
30031 4.4497
30032 4.4497
30033 4.44969
30034 4.44968
30035 4.44968
30036 4.44967
30037 4.44967
30038 4.44966
30039 4.44965
30040 4.44965
30041 4.44964
30042 4.44964
30043 4.44963
30044 4.44962
30045 4.44962
30046 4.44961
30047 4.44961
30048 4.4496
30049 4.44959
30050 4.44959
30051 4.44958
30052 4.44958
30053 4.44957
30054 4.44956
30055 4.44956
30056 4.44955
30057 4.44955
30058 4.44954
30059 4.44953
30060 4.44953
30061 4.44952
30062 4.44951
30063 4.44951
30064 4.4495
30065 4.4495
30066 4.44949
30067 4.44948
30068 4.44948
30069 4.44947
30070 4.44947
30071 4.44946
30072 4.44945
30073 4.44945
30074 4.44944
30075 4.44944
30076 4.44943
30077 4.44942
30078 4.44942
30079 4.44941
30080 4.44941
30081 4.4494
30082 4.44939
30083 4.44939
30084 4.44938
30085 4.44938
30086 4.44937
30087 4.44936
30088 4.44936
30089 4.44935
30090 4.44935
30091 4.44934
30092 4.44933
30093 4.44933
30094 4.44932
30095 4.44932
30096 4.44931
30097 4.4493
30098 4.4493
30099 4.44929
30100 4.44929
30101 4.44928
30102 4.44927
30103 4.44927
30104 4.44926
30105 4.44926
30106 4.44925
30107 4.44924
30108 4.44924
30109 4.44923
30110 4.44923
30111 4.44922
30112 4.44921
30113 4.44921
30114 4.4492
30115 4.4492
30116 4.44919
30117 4.44918
30118 4.44918
30119 4.44917
30120 4.44917
30121 4.44916
30122 4.44915
30123 4.44915
30124 4.44914
30125 4.44914
30126 4.44913
30127 4.44913
30128 4.44912
30129 4.44911
30130 4.44911
30131 4.4491
30132 4.4491
30133 4.44909
30134 4.44908
30135 4.44908
30136 4.44907
30137 4.44907
30138 4.44906
30139 4.44905
30140 4.44905
30141 4.44904
30142 4.44904
30143 4.44903
30144 4.44902
30145 4.44902
30146 4.44901
30147 4.44901
30148 4.449
30149 4.44899
30150 4.44899
30151 4.44898
30152 4.44898
30153 4.44897
30154 4.44896
30155 4.44896
30156 4.44895
30157 4.44895
30158 4.44894
30159 4.44893
30160 4.44893
30161 4.44892
30162 4.44892
30163 4.44891
30164 4.4489
30165 4.4489
30166 4.44889
30167 4.44889
30168 4.44888
30169 4.44887
30170 4.44887
30171 4.44886
30172 4.44886
30173 4.44885
30174 4.44884
30175 4.44884
30176 4.44883
30177 4.44883
30178 4.44882
30179 4.44882
30180 4.44881
30181 4.4488
30182 4.4488
30183 4.44879
30184 4.44879
30185 4.44878
30186 4.44877
30187 4.44877
30188 4.44876
30189 4.44876
30190 4.44875
30191 4.44874
30192 4.44874
30193 4.44873
30194 4.44873
30195 4.44872
30196 4.44871
30197 4.44871
30198 4.4487
30199 4.4487
30200 4.44869
30201 4.44868
30202 4.44868
30203 4.44867
30204 4.44867
30205 4.44866
30206 4.44865
30207 4.44865
30208 4.44864
30209 4.44864
30210 4.44863
30211 4.44863
30212 4.44862
30213 4.44861
30214 4.44861
30215 4.4486
30216 4.4486
30217 4.44859
30218 4.44858
30219 4.44858
30220 4.44857
30221 4.44857
30222 4.44856
30223 4.44855
30224 4.44855
30225 4.44854
30226 4.44854
30227 4.44853
30228 4.44852
30229 4.44852
30230 4.44851
30231 4.44851
30232 4.4485
30233 4.4485
30234 4.44849
30235 4.44848
30236 4.44848
30237 4.44847
30238 4.44847
30239 4.44846
30240 4.44845
30241 4.44845
30242 4.44844
30243 4.44844
30244 4.44843
30245 4.44842
30246 4.44842
30247 4.44841
30248 4.44841
30249 4.4484
30250 4.44839
30251 4.44839
30252 4.44838
30253 4.44838
30254 4.44837
30255 4.44837
30256 4.44836
30257 4.44835
30258 4.44835
30259 4.44834
30260 4.44834
30261 4.44833
30262 4.44832
30263 4.44832
30264 4.44831
30265 4.44831
30266 4.4483
30267 4.44829
30268 4.44829
30269 4.44828
30270 4.44828
30271 4.44827
30272 4.44827
30273 4.44826
30274 4.44825
30275 4.44825
30276 4.44824
30277 4.44824
30278 4.44823
30279 4.44822
30280 4.44822
30281 4.44821
30282 4.44821
30283 4.4482
30284 4.44819
30285 4.44819
30286 4.44818
30287 4.44818
30288 4.44817
30289 4.44817
30290 4.44816
30291 4.44815
30292 4.44815
30293 4.44814
30294 4.44814
30295 4.44813
30296 4.44812
30297 4.44812
30298 4.44811
30299 4.44811
30300 4.4481
30301 4.44809
30302 4.44809
30303 4.44808
30304 4.44808
30305 4.44807
30306 4.44807
30307 4.44806
30308 4.44805
30309 4.44805
30310 4.44804
30311 4.44804
30312 4.44803
30313 4.44802
30314 4.44802
30315 4.44801
30316 4.44801
30317 4.448
30318 4.448
30319 4.44799
30320 4.44798
30321 4.44798
30322 4.44797
30323 4.44797
30324 4.44796
30325 4.44795
30326 4.44795
30327 4.44794
30328 4.44794
30329 4.44793
30330 4.44792
30331 4.44792
30332 4.44791
30333 4.44791
30334 4.4479
30335 4.4479
30336 4.44789
30337 4.44788
30338 4.44788
30339 4.44787
30340 4.44787
30341 4.44786
30342 4.44785
30343 4.44785
30344 4.44784
30345 4.44784
30346 4.44783
30347 4.44783
30348 4.44782
30349 4.44781
30350 4.44781
30351 4.4478
30352 4.4478
30353 4.44779
30354 4.44778
30355 4.44778
30356 4.44777
30357 4.44777
30358 4.44776
30359 4.44776
30360 4.44775
30361 4.44774
30362 4.44774
30363 4.44773
30364 4.44773
30365 4.44772
30366 4.44771
30367 4.44771
30368 4.4477
30369 4.4477
30370 4.44769
30371 4.44769
30372 4.44768
30373 4.44767
30374 4.44767
30375 4.44766
30376 4.44766
30377 4.44765
30378 4.44764
30379 4.44764
30380 4.44763
30381 4.44763
30382 4.44762
30383 4.44762
30384 4.44761
30385 4.4476
30386 4.4476
30387 4.44759
30388 4.44759
30389 4.44758
30390 4.44758
30391 4.44757
30392 4.44756
30393 4.44756
30394 4.44755
30395 4.44755
30396 4.44754
30397 4.44753
30398 4.44753
30399 4.44752
30400 4.44752
30401 4.44751
30402 4.44751
30403 4.4475
30404 4.44749
30405 4.44749
30406 4.44748
30407 4.44748
30408 4.44747
30409 4.44746
30410 4.44746
30411 4.44745
30412 4.44745
30413 4.44744
30414 4.44744
30415 4.44743
30416 4.44742
30417 4.44742
30418 4.44741
30419 4.44741
30420 4.4474
30421 4.4474
30422 4.44739
30423 4.44738
30424 4.44738
30425 4.44737
30426 4.44737
30427 4.44736
30428 4.44735
30429 4.44735
30430 4.44734
30431 4.44734
30432 4.44733
30433 4.44733
30434 4.44732
30435 4.44731
30436 4.44731
30437 4.4473
30438 4.4473
30439 4.44729
30440 4.44729
30441 4.44728
30442 4.44727
30443 4.44727
30444 4.44726
30445 4.44726
30446 4.44725
30447 4.44724
30448 4.44724
30449 4.44723
30450 4.44723
30451 4.44722
30452 4.44722
30453 4.44721
30454 4.4472
30455 4.4472
30456 4.44719
30457 4.44719
30458 4.44718
30459 4.44718
30460 4.44717
30461 4.44716
30462 4.44716
30463 4.44715
30464 4.44715
30465 4.44714
30466 4.44714
30467 4.44713
30468 4.44712
30469 4.44712
30470 4.44711
30471 4.44711
30472 4.4471
30473 4.4471
30474 4.44709
30475 4.44708
30476 4.44708
30477 4.44707
30478 4.44707
30479 4.44706
30480 4.44705
30481 4.44705
30482 4.44704
30483 4.44704
30484 4.44703
30485 4.44703
30486 4.44702
30487 4.44701
30488 4.44701
30489 4.447
30490 4.447
30491 4.44699
30492 4.44699
30493 4.44698
30494 4.44697
30495 4.44697
30496 4.44696
30497 4.44696
30498 4.44695
30499 4.44695
30500 4.44694
30501 4.44693
30502 4.44693
30503 4.44692
30504 4.44692
30505 4.44691
30506 4.44691
30507 4.4469
30508 4.44689
30509 4.44689
30510 4.44688
30511 4.44688
30512 4.44687
30513 4.44687
30514 4.44686
30515 4.44685
30516 4.44685
30517 4.44684
30518 4.44684
30519 4.44683
30520 4.44683
30521 4.44682
30522 4.44681
30523 4.44681
30524 4.4468
30525 4.4468
30526 4.44679
30527 4.44679
30528 4.44678
30529 4.44677
30530 4.44677
30531 4.44676
30532 4.44676
30533 4.44675
30534 4.44674
30535 4.44674
30536 4.44673
30537 4.44673
30538 4.44672
30539 4.44672
30540 4.44671
30541 4.4467
30542 4.4467
30543 4.44669
30544 4.44669
30545 4.44668
30546 4.44668
30547 4.44667
30548 4.44666
30549 4.44666
30550 4.44665
30551 4.44665
30552 4.44664
30553 4.44664
30554 4.44663
30555 4.44662
30556 4.44662
30557 4.44661
30558 4.44661
30559 4.4466
30560 4.4466
30561 4.44659
30562 4.44659
30563 4.44658
30564 4.44657
30565 4.44657
30566 4.44656
30567 4.44656
30568 4.44655
30569 4.44655
30570 4.44654
30571 4.44653
30572 4.44653
30573 4.44652
30574 4.44652
30575 4.44651
30576 4.44651
30577 4.4465
30578 4.44649
30579 4.44649
30580 4.44648
30581 4.44648
30582 4.44647
30583 4.44647
30584 4.44646
30585 4.44645
30586 4.44645
30587 4.44644
30588 4.44644
30589 4.44643
30590 4.44643
30591 4.44642
30592 4.44641
30593 4.44641
30594 4.4464
30595 4.4464
30596 4.44639
30597 4.44639
30598 4.44638
30599 4.44637
30600 4.44637
30601 4.44636
30602 4.44636
30603 4.44635
30604 4.44635
30605 4.44634
30606 4.44633
30607 4.44633
30608 4.44632
30609 4.44632
30610 4.44631
30611 4.44631
30612 4.4463
30613 4.4463
30614 4.44629
30615 4.44628
30616 4.44628
30617 4.44627
30618 4.44627
30619 4.44626
30620 4.44626
30621 4.44625
30622 4.44624
30623 4.44624
30624 4.44623
30625 4.44623
30626 4.44622
30627 4.44622
30628 4.44621
30629 4.4462
30630 4.4462
30631 4.44619
30632 4.44619
30633 4.44618
30634 4.44618
30635 4.44617
30636 4.44616
30637 4.44616
30638 4.44615
30639 4.44615
30640 4.44614
30641 4.44614
30642 4.44613
30643 4.44613
30644 4.44612
30645 4.44611
30646 4.44611
30647 4.4461
30648 4.4461
30649 4.44609
30650 4.44609
30651 4.44608
30652 4.44607
30653 4.44607
30654 4.44606
30655 4.44606
30656 4.44605
30657 4.44605
30658 4.44604
30659 4.44603
30660 4.44603
30661 4.44602
30662 4.44602
30663 4.44601
30664 4.44601
30665 4.446
30666 4.446
30667 4.44599
30668 4.44598
30669 4.44598
30670 4.44597
30671 4.44597
30672 4.44596
30673 4.44596
30674 4.44595
30675 4.44594
30676 4.44594
30677 4.44593
30678 4.44593
30679 4.44592
30680 4.44592
30681 4.44591
30682 4.44591
30683 4.4459
30684 4.44589
30685 4.44589
30686 4.44588
30687 4.44588
30688 4.44587
30689 4.44587
30690 4.44586
30691 4.44585
30692 4.44585
30693 4.44584
30694 4.44584
30695 4.44583
30696 4.44583
30697 4.44582
30698 4.44582
30699 4.44581
30700 4.4458
30701 4.4458
30702 4.44579
30703 4.44579
30704 4.44578
30705 4.44578
30706 4.44577
30707 4.44576
30708 4.44576
30709 4.44575
30710 4.44575
30711 4.44574
30712 4.44574
30713 4.44573
30714 4.44573
30715 4.44572
30716 4.44571
30717 4.44571
30718 4.4457
30719 4.4457
30720 4.44569
30721 4.44569
30722 4.44568
30723 4.44568
30724 4.44567
30725 4.44566
30726 4.44566
30727 4.44565
30728 4.44565
30729 4.44564
30730 4.44564
30731 4.44563
30732 4.44562
30733 4.44562
30734 4.44561
30735 4.44561
30736 4.4456
30737 4.4456
30738 4.44559
30739 4.44559
30740 4.44558
30741 4.44557
30742 4.44557
30743 4.44556
30744 4.44556
30745 4.44555
30746 4.44555
30747 4.44554
30748 4.44554
30749 4.44553
30750 4.44552
30751 4.44552
30752 4.44551
30753 4.44551
30754 4.4455
30755 4.4455
30756 4.44549
30757 4.44548
30758 4.44548
30759 4.44547
30760 4.44547
30761 4.44546
30762 4.44546
30763 4.44545
30764 4.44545
30765 4.44544
30766 4.44543
30767 4.44543
30768 4.44542
30769 4.44542
30770 4.44541
30771 4.44541
30772 4.4454
30773 4.4454
30774 4.44539
30775 4.44538
30776 4.44538
30777 4.44537
30778 4.44537
30779 4.44536
30780 4.44536
30781 4.44535
30782 4.44535
30783 4.44534
30784 4.44533
30785 4.44533
30786 4.44532
30787 4.44532
30788 4.44531
30789 4.44531
30790 4.4453
30791 4.4453
30792 4.44529
30793 4.44528
30794 4.44528
30795 4.44527
30796 4.44527
30797 4.44526
30798 4.44526
30799 4.44525
30800 4.44525
30801 4.44524
30802 4.44523
30803 4.44523
30804 4.44522
30805 4.44522
30806 4.44521
30807 4.44521
30808 4.4452
30809 4.4452
30810 4.44519
30811 4.44518
30812 4.44518
30813 4.44517
30814 4.44517
30815 4.44516
30816 4.44516
30817 4.44515
30818 4.44515
30819 4.44514
30820 4.44513
30821 4.44513
30822 4.44512
30823 4.44512
30824 4.44511
30825 4.44511
30826 4.4451
30827 4.4451
30828 4.44509
30829 4.44508
30830 4.44508
30831 4.44507
30832 4.44507
30833 4.44506
30834 4.44506
30835 4.44505
30836 4.44505
30837 4.44504
30838 4.44503
30839 4.44503
30840 4.44502
30841 4.44502
30842 4.44501
30843 4.44501
30844 4.445
30845 4.445
30846 4.44499
30847 4.44499
30848 4.44498
30849 4.44497
30850 4.44497
30851 4.44496
30852 4.44496
30853 4.44495
30854 4.44495
30855 4.44494
30856 4.44494
30857 4.44493
30858 4.44492
30859 4.44492
30860 4.44491
30861 4.44491
30862 4.4449
30863 4.4449
30864 4.44489
30865 4.44489
30866 4.44488
30867 4.44487
30868 4.44487
30869 4.44486
30870 4.44486
30871 4.44485
30872 4.44485
30873 4.44484
30874 4.44484
30875 4.44483
30876 4.44483
30877 4.44482
30878 4.44481
30879 4.44481
30880 4.4448
30881 4.4448
30882 4.44479
30883 4.44479
30884 4.44478
30885 4.44478
30886 4.44477
30887 4.44476
30888 4.44476
30889 4.44475
30890 4.44475
30891 4.44474
30892 4.44474
30893 4.44473
30894 4.44473
30895 4.44472
30896 4.44472
30897 4.44471
30898 4.4447
30899 4.4447
30900 4.44469
30901 4.44469
30902 4.44468
30903 4.44468
30904 4.44467
30905 4.44467
30906 4.44466
30907 4.44465
30908 4.44465
30909 4.44464
30910 4.44464
30911 4.44463
30912 4.44463
30913 4.44462
30914 4.44462
30915 4.44461
30916 4.44461
30917 4.4446
30918 4.44459
30919 4.44459
30920 4.44458
30921 4.44458
30922 4.44457
30923 4.44457
30924 4.44456
30925 4.44456
30926 4.44455
30927 4.44455
30928 4.44454
30929 4.44453
30930 4.44453
30931 4.44452
30932 4.44452
30933 4.44451
30934 4.44451
30935 4.4445
30936 4.4445
30937 4.44449
30938 4.44448
30939 4.44448
30940 4.44447
30941 4.44447
30942 4.44446
30943 4.44446
30944 4.44445
30945 4.44445
30946 4.44444
30947 4.44444
30948 4.44443
30949 4.44442
30950 4.44442
30951 4.44441
30952 4.44441
30953 4.4444
30954 4.4444
30955 4.44439
30956 4.44439
30957 4.44438
30958 4.44438
30959 4.44437
30960 4.44436
30961 4.44436
30962 4.44435
30963 4.44435
30964 4.44434
30965 4.44434
30966 4.44433
30967 4.44433
30968 4.44432
30969 4.44432
30970 4.44431
30971 4.4443
30972 4.4443
30973 4.44429
30974 4.44429
30975 4.44428
30976 4.44428
30977 4.44427
30978 4.44427
30979 4.44426
30980 4.44426
30981 4.44425
30982 4.44424
30983 4.44424
30984 4.44423
30985 4.44423
30986 4.44422
30987 4.44422
30988 4.44421
30989 4.44421
30990 4.4442
30991 4.4442
30992 4.44419
30993 4.44418
30994 4.44418
30995 4.44417
30996 4.44417
30997 4.44416
30998 4.44416
30999 4.44415
31000 4.44415
31001 4.44414
31002 4.44414
31003 4.44413
31004 4.44413
31005 4.44412
31006 4.44411
31007 4.44411
31008 4.4441
31009 4.4441
31010 4.44409
31011 4.44409
31012 4.44408
31013 4.44408
31014 4.44407
31015 4.44407
31016 4.44406
31017 4.44405
31018 4.44405
31019 4.44404
31020 4.44404
31021 4.44403
31022 4.44403
31023 4.44402
31024 4.44402
31025 4.44401
31026 4.44401
31027 4.444
31028 4.44399
31029 4.44399
31030 4.44398
31031 4.44398
31032 4.44397
31033 4.44397
31034 4.44396
31035 4.44396
31036 4.44395
31037 4.44395
31038 4.44394
31039 4.44394
31040 4.44393
31041 4.44392
31042 4.44392
31043 4.44391
31044 4.44391
31045 4.4439
31046 4.4439
31047 4.44389
31048 4.44389
31049 4.44388
31050 4.44388
31051 4.44387
31052 4.44387
31053 4.44386
31054 4.44385
31055 4.44385
31056 4.44384
31057 4.44384
31058 4.44383
31059 4.44383
31060 4.44382
31061 4.44382
31062 4.44381
31063 4.44381
31064 4.4438
31065 4.44379
31066 4.44379
31067 4.44378
31068 4.44378
31069 4.44377
31070 4.44377
31071 4.44376
31072 4.44376
31073 4.44375
31074 4.44375
31075 4.44374
31076 4.44374
31077 4.44373
31078 4.44372
31079 4.44372
31080 4.44371
31081 4.44371
31082 4.4437
31083 4.4437
31084 4.44369
31085 4.44369
31086 4.44368
31087 4.44368
31088 4.44367
31089 4.44367
31090 4.44366
31091 4.44365
31092 4.44365
31093 4.44364
31094 4.44364
31095 4.44363
31096 4.44363
31097 4.44362
31098 4.44362
31099 4.44361
31100 4.44361
31101 4.4436
31102 4.4436
31103 4.44359
31104 4.44358
31105 4.44358
31106 4.44357
31107 4.44357
31108 4.44356
31109 4.44356
31110 4.44355
31111 4.44355
31112 4.44354
31113 4.44354
31114 4.44353
31115 4.44353
31116 4.44352
31117 4.44352
31118 4.44351
31119 4.4435
31120 4.4435
31121 4.44349
31122 4.44349
31123 4.44348
31124 4.44348
31125 4.44347
31126 4.44347
31127 4.44346
31128 4.44346
31129 4.44345
31130 4.44345
31131 4.44344
31132 4.44343
31133 4.44343
31134 4.44342
31135 4.44342
31136 4.44341
31137 4.44341
31138 4.4434
31139 4.4434
31140 4.44339
31141 4.44339
31142 4.44338
31143 4.44338
31144 4.44337
31145 4.44337
31146 4.44336
31147 4.44335
31148 4.44335
31149 4.44334
31150 4.44334
31151 4.44333
31152 4.44333
31153 4.44332
31154 4.44332
31155 4.44331
31156 4.44331
31157 4.4433
31158 4.4433
31159 4.44329
31160 4.44329
31161 4.44328
31162 4.44327
31163 4.44327
31164 4.44326
31165 4.44326
31166 4.44325
31167 4.44325
31168 4.44324
31169 4.44324
31170 4.44323
31171 4.44323
31172 4.44322
31173 4.44322
31174 4.44321
31175 4.44321
31176 4.4432
31177 4.44319
31178 4.44319
31179 4.44318
31180 4.44318
31181 4.44317
31182 4.44317
31183 4.44316
31184 4.44316
31185 4.44315
31186 4.44315
31187 4.44314
31188 4.44314
31189 4.44313
31190 4.44313
31191 4.44312
31192 4.44311
31193 4.44311
31194 4.4431
31195 4.4431
31196 4.44309
31197 4.44309
31198 4.44308
31199 4.44308
31200 4.44307
31201 4.44307
31202 4.44306
31203 4.44306
31204 4.44305
31205 4.44305
31206 4.44304
31207 4.44303
31208 4.44303
31209 4.44302
31210 4.44302
31211 4.44301
31212 4.44301
31213 4.443
31214 4.443
31215 4.44299
31216 4.44299
31217 4.44298
31218 4.44298
31219 4.44297
31220 4.44297
31221 4.44296
31222 4.44296
31223 4.44295
31224 4.44294
31225 4.44294
31226 4.44293
31227 4.44293
31228 4.44292
31229 4.44292
31230 4.44291
31231 4.44291
31232 4.4429
31233 4.4429
31234 4.44289
31235 4.44289
31236 4.44288
31237 4.44288
31238 4.44287
31239 4.44287
31240 4.44286
31241 4.44285
31242 4.44285
31243 4.44284
31244 4.44284
31245 4.44283
31246 4.44283
31247 4.44282
31248 4.44282
31249 4.44281
31250 4.44281
31251 4.4428
31252 4.4428
31253 4.44279
31254 4.44279
31255 4.44278
31256 4.44278
31257 4.44277
31258 4.44276
31259 4.44276
31260 4.44275
31261 4.44275
31262 4.44274
31263 4.44274
31264 4.44273
31265 4.44273
31266 4.44272
31267 4.44272
31268 4.44271
31269 4.44271
31270 4.4427
31271 4.4427
31272 4.44269
31273 4.44269
31274 4.44268
31275 4.44268
31276 4.44267
31277 4.44266
31278 4.44266
31279 4.44265
31280 4.44265
31281 4.44264
31282 4.44264
31283 4.44263
31284 4.44263
31285 4.44262
31286 4.44262
31287 4.44261
31288 4.44261
31289 4.4426
31290 4.4426
31291 4.44259
31292 4.44259
31293 4.44258
31294 4.44258
31295 4.44257
31296 4.44256
31297 4.44256
31298 4.44255
31299 4.44255
31300 4.44254
31301 4.44254
31302 4.44253
31303 4.44253
31304 4.44252
31305 4.44252
31306 4.44251
31307 4.44251
31308 4.4425
31309 4.4425
31310 4.44249
31311 4.44249
31312 4.44248
31313 4.44248
31314 4.44247
31315 4.44247
31316 4.44246
31317 4.44245
31318 4.44245
31319 4.44244
31320 4.44244
31321 4.44243
31322 4.44243
31323 4.44242
31324 4.44242
31325 4.44241
31326 4.44241
31327 4.4424
31328 4.4424
31329 4.44239
31330 4.44239
31331 4.44238
31332 4.44238
31333 4.44237
31334 4.44237
31335 4.44236
31336 4.44236
31337 4.44235
31338 4.44234
31339 4.44234
31340 4.44233
31341 4.44233
31342 4.44232
31343 4.44232
31344 4.44231
31345 4.44231
31346 4.4423
31347 4.4423
31348 4.44229
31349 4.44229
31350 4.44228
31351 4.44228
31352 4.44227
31353 4.44227
31354 4.44226
31355 4.44226
31356 4.44225
31357 4.44225
31358 4.44224
31359 4.44223
31360 4.44223
31361 4.44222
31362 4.44222
31363 4.44221
31364 4.44221
31365 4.4422
31366 4.4422
31367 4.44219
31368 4.44219
31369 4.44218
31370 4.44218
31371 4.44217
31372 4.44217
31373 4.44216
31374 4.44216
31375 4.44215
31376 4.44215
31377 4.44214
31378 4.44214
31379 4.44213
31380 4.44213
31381 4.44212
31382 4.44211
31383 4.44211
31384 4.4421
31385 4.4421
31386 4.44209
31387 4.44209
31388 4.44208
31389 4.44208
31390 4.44207
31391 4.44207
31392 4.44206
31393 4.44206
31394 4.44205
31395 4.44205
31396 4.44204
31397 4.44204
31398 4.44203
31399 4.44203
31400 4.44202
31401 4.44202
31402 4.44201
31403 4.44201
31404 4.442
31405 4.442
31406 4.44199
31407 4.44198
31408 4.44198
31409 4.44197
31410 4.44197
31411 4.44196
31412 4.44196
31413 4.44195
31414 4.44195
31415 4.44194
31416 4.44194
31417 4.44193
31418 4.44193
31419 4.44192
31420 4.44192
31421 4.44191
31422 4.44191
31423 4.4419
31424 4.4419
31425 4.44189
31426 4.44189
31427 4.44188
31428 4.44188
31429 4.44187
31430 4.44187
31431 4.44186
31432 4.44186
31433 4.44185
31434 4.44185
31435 4.44184
31436 4.44183
31437 4.44183
31438 4.44182
31439 4.44182
31440 4.44181
31441 4.44181
31442 4.4418
31443 4.4418
31444 4.44179
31445 4.44179
31446 4.44178
31447 4.44178
31448 4.44177
31449 4.44177
31450 4.44176
31451 4.44176
31452 4.44175
31453 4.44175
31454 4.44174
31455 4.44174
31456 4.44173
31457 4.44173
31458 4.44172
31459 4.44172
31460 4.44171
31461 4.44171
31462 4.4417
31463 4.4417
31464 4.44169
31465 4.44168
31466 4.44168
31467 4.44167
31468 4.44167
31469 4.44166
31470 4.44166
31471 4.44165
31472 4.44165
31473 4.44164
31474 4.44164
31475 4.44163
31476 4.44163
31477 4.44162
31478 4.44162
31479 4.44161
31480 4.44161
31481 4.4416
31482 4.4416
31483 4.44159
31484 4.44159
31485 4.44158
31486 4.44158
31487 4.44157
31488 4.44157
31489 4.44156
31490 4.44156
31491 4.44155
31492 4.44155
31493 4.44154
31494 4.44154
31495 4.44153
31496 4.44153
31497 4.44152
31498 4.44151
31499 4.44151
31500 4.4415
31501 4.4415
31502 4.44149
31503 4.44149
31504 4.44148
31505 4.44148
31506 4.44147
31507 4.44147
31508 4.44146
31509 4.44146
31510 4.44145
31511 4.44145
31512 4.44144
31513 4.44144
31514 4.44143
31515 4.44143
31516 4.44142
31517 4.44142
31518 4.44141
31519 4.44141
31520 4.4414
31521 4.4414
31522 4.44139
31523 4.44139
31524 4.44138
31525 4.44138
31526 4.44137
31527 4.44137
31528 4.44136
31529 4.44136
31530 4.44135
31531 4.44135
31532 4.44134
31533 4.44134
31534 4.44133
31535 4.44133
31536 4.44132
31537 4.44132
31538 4.44131
31539 4.4413
31540 4.4413
31541 4.44129
31542 4.44129
31543 4.44128
31544 4.44128
31545 4.44127
31546 4.44127
31547 4.44126
31548 4.44126
31549 4.44125
31550 4.44125
31551 4.44124
31552 4.44124
31553 4.44123
31554 4.44123
31555 4.44122
31556 4.44122
31557 4.44121
31558 4.44121
31559 4.4412
31560 4.4412
31561 4.44119
31562 4.44119
31563 4.44118
31564 4.44118
31565 4.44117
31566 4.44117
31567 4.44116
31568 4.44116
31569 4.44115
31570 4.44115
31571 4.44114
31572 4.44114
31573 4.44113
31574 4.44113
31575 4.44112
31576 4.44112
31577 4.44111
31578 4.44111
31579 4.4411
31580 4.4411
31581 4.44109
31582 4.44109
31583 4.44108
31584 4.44108
31585 4.44107
31586 4.44107
31587 4.44106
31588 4.44105
31589 4.44105
31590 4.44104
31591 4.44104
31592 4.44103
31593 4.44103
31594 4.44102
31595 4.44102
31596 4.44101
31597 4.44101
31598 4.441
31599 4.441
31600 4.44099
31601 4.44099
31602 4.44098
31603 4.44098
31604 4.44097
31605 4.44097
31606 4.44096
31607 4.44096
31608 4.44095
31609 4.44095
31610 4.44094
31611 4.44094
31612 4.44093
31613 4.44093
31614 4.44092
31615 4.44092
31616 4.44091
31617 4.44091
31618 4.4409
31619 4.4409
31620 4.44089
31621 4.44089
31622 4.44088
31623 4.44088
31624 4.44087
31625 4.44087
31626 4.44086
31627 4.44086
31628 4.44085
31629 4.44085
31630 4.44084
31631 4.44084
31632 4.44083
31633 4.44083
31634 4.44082
31635 4.44082
31636 4.44081
31637 4.44081
31638 4.4408
31639 4.4408
31640 4.44079
31641 4.44079
31642 4.44078
31643 4.44078
31644 4.44077
31645 4.44077
31646 4.44076
31647 4.44076
31648 4.44075
31649 4.44075
31650 4.44074
31651 4.44074
31652 4.44073
31653 4.44073
31654 4.44072
31655 4.44072
31656 4.44071
31657 4.44071
31658 4.4407
31659 4.4407
31660 4.44069
31661 4.44069
31662 4.44068
31663 4.44067
31664 4.44067
31665 4.44066
31666 4.44066
31667 4.44065
31668 4.44065
31669 4.44064
31670 4.44064
31671 4.44063
31672 4.44063
31673 4.44062
31674 4.44062
31675 4.44061
31676 4.44061
31677 4.4406
31678 4.4406
31679 4.44059
31680 4.44059
31681 4.44058
31682 4.44058
31683 4.44057
31684 4.44057
31685 4.44056
31686 4.44056
31687 4.44055
31688 4.44055
31689 4.44054
31690 4.44054
31691 4.44053
31692 4.44053
31693 4.44052
31694 4.44052
31695 4.44051
31696 4.44051
31697 4.4405
31698 4.4405
31699 4.44049
31700 4.44049
31701 4.44048
31702 4.44048
31703 4.44047
31704 4.44047
31705 4.44046
31706 4.44046
31707 4.44045
31708 4.44045
31709 4.44044
31710 4.44044
31711 4.44043
31712 4.44043
31713 4.44042
31714 4.44042
31715 4.44041
31716 4.44041
31717 4.4404
31718 4.4404
31719 4.44039
31720 4.44039
31721 4.44038
31722 4.44038
31723 4.44037
31724 4.44037
31725 4.44036
31726 4.44036
31727 4.44035
31728 4.44035
31729 4.44034
31730 4.44034
31731 4.44033
31732 4.44033
31733 4.44032
31734 4.44032
31735 4.44031
31736 4.44031
31737 4.4403
31738 4.4403
31739 4.44029
31740 4.44029
31741 4.44028
31742 4.44028
31743 4.44027
31744 4.44027
31745 4.44026
31746 4.44026
31747 4.44025
31748 4.44025
31749 4.44024
31750 4.44024
31751 4.44023
31752 4.44023
31753 4.44022
31754 4.44022
31755 4.44021
31756 4.44021
31757 4.4402
31758 4.4402
31759 4.44019
31760 4.44019
31761 4.44018
31762 4.44018
31763 4.44017
31764 4.44017
31765 4.44016
31766 4.44016
31767 4.44015
31768 4.44015
31769 4.44014
31770 4.44014
31771 4.44013
31772 4.44013
31773 4.44012
31774 4.44012
31775 4.44011
31776 4.44011
31777 4.4401
31778 4.4401
31779 4.44009
31780 4.44009
31781 4.44008
31782 4.44008
31783 4.44007
31784 4.44007
31785 4.44006
31786 4.44006
31787 4.44005
31788 4.44005
31789 4.44004
31790 4.44004
31791 4.44003
31792 4.44003
31793 4.44002
31794 4.44002
31795 4.44001
31796 4.44001
31797 4.44
31798 4.44
31799 4.43999
31800 4.43999
31801 4.43998
31802 4.43998
31803 4.43997
31804 4.43997
31805 4.43996
31806 4.43996
31807 4.43995
31808 4.43995
31809 4.43994
31810 4.43994
31811 4.43993
31812 4.43993
31813 4.43992
31814 4.43992
31815 4.43992
31816 4.43991
31817 4.43991
31818 4.4399
31819 4.4399
31820 4.43989
31821 4.43989
31822 4.43988
31823 4.43988
31824 4.43987
31825 4.43987
31826 4.43986
31827 4.43986
31828 4.43985
31829 4.43985
31830 4.43984
31831 4.43984
31832 4.43983
31833 4.43983
31834 4.43982
31835 4.43982
31836 4.43981
31837 4.43981
31838 4.4398
31839 4.4398
31840 4.43979
31841 4.43979
31842 4.43978
31843 4.43978
31844 4.43977
31845 4.43977
31846 4.43976
31847 4.43976
31848 4.43975
31849 4.43975
31850 4.43974
31851 4.43974
31852 4.43973
31853 4.43973
31854 4.43972
31855 4.43972
31856 4.43971
31857 4.43971
31858 4.4397
31859 4.4397
31860 4.43969
31861 4.43969
31862 4.43968
31863 4.43968
31864 4.43967
31865 4.43967
31866 4.43966
31867 4.43966
31868 4.43965
31869 4.43965
31870 4.43964
31871 4.43964
31872 4.43963
31873 4.43963
31874 4.43962
31875 4.43962
31876 4.43961
31877 4.43961
31878 4.4396
31879 4.4396
31880 4.43959
31881 4.43959
31882 4.43958
31883 4.43958
31884 4.43957
31885 4.43957
31886 4.43956
31887 4.43956
31888 4.43955
31889 4.43955
31890 4.43954
31891 4.43954
31892 4.43954
31893 4.43953
31894 4.43953
31895 4.43952
31896 4.43952
31897 4.43951
31898 4.43951
31899 4.4395
31900 4.4395
31901 4.43949
31902 4.43949
31903 4.43948
31904 4.43948
31905 4.43947
31906 4.43947
31907 4.43946
31908 4.43946
31909 4.43945
31910 4.43945
31911 4.43944
31912 4.43944
31913 4.43943
31914 4.43943
31915 4.43942
31916 4.43942
31917 4.43941
31918 4.43941
31919 4.4394
31920 4.4394
31921 4.43939
31922 4.43939
31923 4.43938
31924 4.43938
31925 4.43937
31926 4.43937
31927 4.43936
31928 4.43936
31929 4.43935
31930 4.43935
31931 4.43934
31932 4.43934
31933 4.43933
31934 4.43933
31935 4.43932
31936 4.43932
31937 4.43931
31938 4.43931
31939 4.4393
31940 4.4393
31941 4.43929
31942 4.43929
31943 4.43929
31944 4.43928
31945 4.43928
31946 4.43927
31947 4.43927
31948 4.43926
31949 4.43926
31950 4.43925
31951 4.43925
31952 4.43924
31953 4.43924
31954 4.43923
31955 4.43923
31956 4.43922
31957 4.43922
31958 4.43921
31959 4.43921
31960 4.4392
31961 4.4392
31962 4.43919
31963 4.43919
31964 4.43918
31965 4.43918
31966 4.43917
31967 4.43917
31968 4.43916
31969 4.43916
31970 4.43915
31971 4.43915
31972 4.43914
31973 4.43914
31974 4.43913
31975 4.43913
31976 4.43912
31977 4.43912
31978 4.43911
31979 4.43911
31980 4.4391
31981 4.4391
31982 4.4391
31983 4.43909
31984 4.43909
31985 4.43908
31986 4.43908
31987 4.43907
31988 4.43907
31989 4.43906
31990 4.43906
31991 4.43905
31992 4.43905
31993 4.43904
31994 4.43904
31995 4.43903
31996 4.43903
31997 4.43902
31998 4.43902
31999 4.43901
32000 4.43901
32001 4.439
32002 4.439
32003 4.43899
32004 4.43899
32005 4.43898
32006 4.43898
32007 4.43897
32008 4.43897
32009 4.43896
32010 4.43896
32011 4.43895
32012 4.43895
32013 4.43894
32014 4.43894
32015 4.43893
32016 4.43893
32017 4.43893
32018 4.43892
32019 4.43892
32020 4.43891
32021 4.43891
32022 4.4389
32023 4.4389
32024 4.43889
32025 4.43889
32026 4.43888
32027 4.43888
32028 4.43887
32029 4.43887
32030 4.43886
32031 4.43886
32032 4.43885
32033 4.43885
32034 4.43884
32035 4.43884
32036 4.43883
32037 4.43883
32038 4.43882
32039 4.43882
32040 4.43881
32041 4.43881
32042 4.4388
32043 4.4388
32044 4.43879
32045 4.43879
32046 4.43879
32047 4.43878
32048 4.43878
32049 4.43877
32050 4.43877
32051 4.43876
32052 4.43876
32053 4.43875
32054 4.43875
32055 4.43874
32056 4.43874
32057 4.43873
32058 4.43873
32059 4.43872
32060 4.43872
32061 4.43871
32062 4.43871
32063 4.4387
32064 4.4387
32065 4.43869
32066 4.43869
32067 4.43868
32068 4.43868
32069 4.43867
32070 4.43867
32071 4.43866
32072 4.43866
32073 4.43865
32074 4.43865
32075 4.43865
32076 4.43864
32077 4.43864
32078 4.43863
32079 4.43863
32080 4.43862
32081 4.43862
32082 4.43861
32083 4.43861
32084 4.4386
32085 4.4386
32086 4.43859
32087 4.43859
32088 4.43858
32089 4.43858
32090 4.43857
32091 4.43857
32092 4.43856
32093 4.43856
32094 4.43855
32095 4.43855
32096 4.43854
32097 4.43854
32098 4.43853
32099 4.43853
32100 4.43853
32101 4.43852
32102 4.43852
32103 4.43851
32104 4.43851
32105 4.4385
32106 4.4385
32107 4.43849
32108 4.43849
32109 4.43848
32110 4.43848
32111 4.43847
32112 4.43847
32113 4.43846
32114 4.43846
32115 4.43845
32116 4.43845
32117 4.43844
32118 4.43844
32119 4.43843
32120 4.43843
32121 4.43842
32122 4.43842
32123 4.43841
32124 4.43841
32125 4.43841
32126 4.4384
32127 4.4384
32128 4.43839
32129 4.43839
32130 4.43838
32131 4.43838
32132 4.43837
32133 4.43837
32134 4.43836
32135 4.43836
32136 4.43835
32137 4.43835
32138 4.43834
32139 4.43834
32140 4.43833
32141 4.43833
32142 4.43832
32143 4.43832
32144 4.43831
32145 4.43831
32146 4.43831
32147 4.4383
32148 4.4383
32149 4.43829
32150 4.43829
32151 4.43828
32152 4.43828
32153 4.43827
32154 4.43827
32155 4.43826
32156 4.43826
32157 4.43825
32158 4.43825
32159 4.43824
32160 4.43824
32161 4.43823
32162 4.43823
32163 4.43822
32164 4.43822
32165 4.43821
32166 4.43821
32167 4.4382
32168 4.4382
32169 4.4382
32170 4.43819
32171 4.43819
32172 4.43818
32173 4.43818
32174 4.43817
32175 4.43817
32176 4.43816
32177 4.43816
32178 4.43815
32179 4.43815
32180 4.43814
32181 4.43814
32182 4.43813
32183 4.43813
32184 4.43812
32185 4.43812
32186 4.43811
32187 4.43811
32188 4.43811
32189 4.4381
32190 4.4381
32191 4.43809
32192 4.43809
32193 4.43808
32194 4.43808
32195 4.43807
32196 4.43807
32197 4.43806
32198 4.43806
32199 4.43805
32200 4.43805
32201 4.43804
32202 4.43804
32203 4.43803
32204 4.43803
32205 4.43802
32206 4.43802
32207 4.43801
32208 4.43801
32209 4.43801
32210 4.438
32211 4.438
32212 4.43799
32213 4.43799
32214 4.43798
32215 4.43798
32216 4.43797
32217 4.43797
32218 4.43796
32219 4.43796
32220 4.43795
32221 4.43795
32222 4.43794
32223 4.43794
32224 4.43793
32225 4.43793
32226 4.43793
32227 4.43792
32228 4.43792
32229 4.43791
32230 4.43791
32231 4.4379
32232 4.4379
32233 4.43789
32234 4.43789
32235 4.43788
32236 4.43788
32237 4.43787
32238 4.43787
32239 4.43786
32240 4.43786
32241 4.43785
32242 4.43785
32243 4.43784
32244 4.43784
32245 4.43784
32246 4.43783
32247 4.43783
32248 4.43782
32249 4.43782
32250 4.43781
32251 4.43781
32252 4.4378
32253 4.4378
32254 4.43779
32255 4.43779
32256 4.43778
32257 4.43778
32258 4.43777
32259 4.43777
32260 4.43776
32261 4.43776
32262 4.43776
32263 4.43775
32264 4.43775
32265 4.43774
32266 4.43774
32267 4.43773
32268 4.43773
32269 4.43772
32270 4.43772
32271 4.43771
32272 4.43771
32273 4.4377
32274 4.4377
32275 4.43769
32276 4.43769
32277 4.43768
32278 4.43768
32279 4.43768
32280 4.43767
32281 4.43767
32282 4.43766
32283 4.43766
32284 4.43765
32285 4.43765
32286 4.43764
32287 4.43764
32288 4.43763
32289 4.43763
32290 4.43762
32291 4.43762
32292 4.43761
32293 4.43761
32294 4.4376
32295 4.4376
32296 4.4376
32297 4.43759
32298 4.43759
32299 4.43758
32300 4.43758
32301 4.43757
32302 4.43757
32303 4.43756
32304 4.43756
32305 4.43755
32306 4.43755
32307 4.43754
32308 4.43754
32309 4.43753
32310 4.43753
32311 4.43753
32312 4.43752
32313 4.43752
32314 4.43751
32315 4.43751
32316 4.4375
32317 4.4375
32318 4.43749
32319 4.43749
32320 4.43748
32321 4.43748
32322 4.43747
32323 4.43747
32324 4.43746
32325 4.43746
32326 4.43745
32327 4.43745
32328 4.43745
32329 4.43744
32330 4.43744
32331 4.43743
32332 4.43743
32333 4.43742
32334 4.43742
32335 4.43741
32336 4.43741
32337 4.4374
32338 4.4374
32339 4.43739
32340 4.43739
32341 4.43738
32342 4.43738
32343 4.43738
32344 4.43737
32345 4.43737
32346 4.43736
32347 4.43736
32348 4.43735
32349 4.43735
32350 4.43734
32351 4.43734
32352 4.43733
32353 4.43733
32354 4.43732
32355 4.43732
32356 4.43731
32357 4.43731
32358 4.43731
32359 4.4373
32360 4.4373
32361 4.43729
32362 4.43729
32363 4.43728
32364 4.43728
32365 4.43727
32366 4.43727
32367 4.43726
32368 4.43726
32369 4.43725
32370 4.43725
32371 4.43725
32372 4.43724
32373 4.43724
32374 4.43723
32375 4.43723
32376 4.43722
32377 4.43722
32378 4.43721
32379 4.43721
32380 4.4372
32381 4.4372
32382 4.43719
32383 4.43719
32384 4.43718
32385 4.43718
32386 4.43718
32387 4.43717
32388 4.43717
32389 4.43716
32390 4.43716
32391 4.43715
32392 4.43715
32393 4.43714
32394 4.43714
32395 4.43713
32396 4.43713
32397 4.43712
32398 4.43712
32399 4.43712
32400 4.43711
32401 4.43711
32402 4.4371
32403 4.4371
32404 4.43709
32405 4.43709
32406 4.43708
32407 4.43708
32408 4.43707
32409 4.43707
32410 4.43706
32411 4.43706
32412 4.43705
32413 4.43705
32414 4.43705
32415 4.43704
32416 4.43704
32417 4.43703
32418 4.43703
32419 4.43702
32420 4.43702
32421 4.43701
32422 4.43701
32423 4.437
32424 4.437
32425 4.43699
32426 4.43699
32427 4.43699
32428 4.43698
32429 4.43698
32430 4.43697
32431 4.43697
32432 4.43696
32433 4.43696
32434 4.43695
32435 4.43695
32436 4.43694
32437 4.43694
32438 4.43693
32439 4.43693
32440 4.43693
32441 4.43692
32442 4.43692
32443 4.43691
32444 4.43691
32445 4.4369
32446 4.4369
32447 4.43689
32448 4.43689
32449 4.43688
32450 4.43688
32451 4.43687
32452 4.43687
32453 4.43687
32454 4.43686
32455 4.43686
32456 4.43685
32457 4.43685
32458 4.43684
32459 4.43684
32460 4.43683
32461 4.43683
32462 4.43682
32463 4.43682
32464 4.43682
32465 4.43681
32466 4.43681
32467 4.4368
32468 4.4368
32469 4.43679
32470 4.43679
32471 4.43678
32472 4.43678
32473 4.43677
32474 4.43677
32475 4.43676
32476 4.43676
32477 4.43676
32478 4.43675
32479 4.43675
32480 4.43674
32481 4.43674
32482 4.43673
32483 4.43673
32484 4.43672
32485 4.43672
32486 4.43671
32487 4.43671
32488 4.4367
32489 4.4367
32490 4.4367
32491 4.43669
32492 4.43669
32493 4.43668
32494 4.43668
32495 4.43667
32496 4.43667
32497 4.43666
32498 4.43666
32499 4.43665
32500 4.43665
32501 4.43665
32502 4.43664
32503 4.43664
32504 4.43663
32505 4.43663
32506 4.43662
32507 4.43662
32508 4.43661
32509 4.43661
32510 4.4366
32511 4.4366
32512 4.43659
32513 4.43659
32514 4.43659
32515 4.43658
32516 4.43658
32517 4.43657
32518 4.43657
32519 4.43656
32520 4.43656
32521 4.43655
32522 4.43655
32523 4.43654
32524 4.43654
32525 4.43654
32526 4.43653
32527 4.43653
32528 4.43652
32529 4.43652
32530 4.43651
32531 4.43651
32532 4.4365
32533 4.4365
32534 4.43649
32535 4.43649
32536 4.43649
32537 4.43648
32538 4.43648
32539 4.43647
32540 4.43647
32541 4.43646
32542 4.43646
32543 4.43645
32544 4.43645
32545 4.43644
32546 4.43644
32547 4.43644
32548 4.43643
32549 4.43643
32550 4.43642
32551 4.43642
32552 4.43641
32553 4.43641
32554 4.4364
32555 4.4364
32556 4.43639
32557 4.43639
32558 4.43639
32559 4.43638
32560 4.43638
32561 4.43637
32562 4.43637
32563 4.43636
32564 4.43636
32565 4.43635
32566 4.43635
32567 4.43634
32568 4.43634
32569 4.43634
32570 4.43633
32571 4.43633
32572 4.43632
32573 4.43632
32574 4.43631
32575 4.43631
32576 4.4363
32577 4.4363
32578 4.43629
32579 4.43629
32580 4.43629
32581 4.43628
32582 4.43628
32583 4.43627
32584 4.43627
32585 4.43626
32586 4.43626
32587 4.43625
32588 4.43625
32589 4.43624
32590 4.43624
32591 4.43624
32592 4.43623
32593 4.43623
32594 4.43622
32595 4.43622
32596 4.43621
32597 4.43621
32598 4.4362
32599 4.4362
32600 4.43619
32601 4.43619
32602 4.43619
32603 4.43618
32604 4.43618
32605 4.43617
32606 4.43617
32607 4.43616
32608 4.43616
32609 4.43615
32610 4.43615
32611 4.43614
32612 4.43614
32613 4.43614
32614 4.43613
32615 4.43613
32616 4.43612
32617 4.43612
32618 4.43611
32619 4.43611
32620 4.4361
32621 4.4361
32622 4.43609
32623 4.43609
32624 4.43609
32625 4.43608
32626 4.43608
32627 4.43607
32628 4.43607
32629 4.43606
32630 4.43606
32631 4.43605
32632 4.43605
32633 4.43605
32634 4.43604
32635 4.43604
32636 4.43603
32637 4.43603
32638 4.43602
32639 4.43602
32640 4.43601
32641 4.43601
32642 4.436
32643 4.436
32644 4.436
32645 4.43599
32646 4.43599
32647 4.43598
32648 4.43598
32649 4.43597
32650 4.43597
32651 4.43596
32652 4.43596
32653 4.43596
32654 4.43595
32655 4.43595
32656 4.43594
32657 4.43594
32658 4.43593
32659 4.43593
32660 4.43592
32661 4.43592
32662 4.43591
32663 4.43591
32664 4.43591
32665 4.4359
32666 4.4359
32667 4.43589
32668 4.43589
32669 4.43588
32670 4.43588
32671 4.43587
32672 4.43587
32673 4.43587
32674 4.43586
32675 4.43586
32676 4.43585
32677 4.43585
32678 4.43584
32679 4.43584
32680 4.43583
32681 4.43583
32682 4.43583
32683 4.43582
32684 4.43582
32685 4.43581
32686 4.43581
32687 4.4358
32688 4.4358
32689 4.43579
32690 4.43579
32691 4.43578
32692 4.43578
32693 4.43578
32694 4.43577
32695 4.43577
32696 4.43576
32697 4.43576
32698 4.43575
32699 4.43575
32700 4.43574
32701 4.43574
32702 4.43574
32703 4.43573
32704 4.43573
32705 4.43572
32706 4.43572
32707 4.43571
32708 4.43571
32709 4.4357
32710 4.4357
32711 4.4357
32712 4.43569
32713 4.43569
32714 4.43568
32715 4.43568
32716 4.43567
32717 4.43567
32718 4.43566
32719 4.43566
32720 4.43565
32721 4.43565
32722 4.43565
32723 4.43564
32724 4.43564
32725 4.43563
32726 4.43563
32727 4.43562
32728 4.43562
32729 4.43561
32730 4.43561
32731 4.43561
32732 4.4356
32733 4.4356
32734 4.43559
32735 4.43559
32736 4.43558
32737 4.43558
32738 4.43557
32739 4.43557
32740 4.43557
32741 4.43556
32742 4.43556
32743 4.43555
32744 4.43555
32745 4.43554
32746 4.43554
32747 4.43553
32748 4.43553
32749 4.43553
32750 4.43552
32751 4.43552
32752 4.43551
32753 4.43551
32754 4.4355
32755 4.4355
32756 4.43549
32757 4.43549
32758 4.43549
32759 4.43548
32760 4.43548
32761 4.43547
32762 4.43547
32763 4.43546
32764 4.43546
32765 4.43545
32766 4.43545
32767 4.43545
32768 4.43544
32769 4.43544
32770 4.43543
32771 4.43543
32772 4.43542
32773 4.43542
32774 4.43541
32775 4.43541
32776 4.43541
32777 4.4354
32778 4.4354
32779 4.43539
32780 4.43539
32781 4.43538
32782 4.43538
32783 4.43537
32784 4.43537
32785 4.43537
32786 4.43536
32787 4.43536
32788 4.43535
32789 4.43535
32790 4.43534
32791 4.43534
32792 4.43533
32793 4.43533
32794 4.43533
32795 4.43532
32796 4.43532
32797 4.43531
32798 4.43531
32799 4.4353
32800 4.4353
32801 4.4353
32802 4.43529
32803 4.43529
32804 4.43528
32805 4.43528
32806 4.43527
32807 4.43527
32808 4.43526
32809 4.43526
32810 4.43526
32811 4.43525
32812 4.43525
32813 4.43524
32814 4.43524
32815 4.43523
32816 4.43523
32817 4.43522
32818 4.43522
32819 4.43522
32820 4.43521
32821 4.43521
32822 4.4352
32823 4.4352
32824 4.43519
32825 4.43519
32826 4.43518
32827 4.43518
32828 4.43518
32829 4.43517
32830 4.43517
32831 4.43516
32832 4.43516
32833 4.43515
32834 4.43515
32835 4.43515
32836 4.43514
32837 4.43514
32838 4.43513
32839 4.43513
32840 4.43512
32841 4.43512
32842 4.43511
32843 4.43511
32844 4.43511
32845 4.4351
32846 4.4351
32847 4.43509
32848 4.43509
32849 4.43508
32850 4.43508
32851 4.43507
32852 4.43507
32853 4.43507
32854 4.43506
32855 4.43506
32856 4.43505
32857 4.43505
32858 4.43504
32859 4.43504
32860 4.43504
32861 4.43503
32862 4.43503
32863 4.43502
32864 4.43502
32865 4.43501
32866 4.43501
32867 4.435
32868 4.435
32869 4.435
32870 4.43499
32871 4.43499
32872 4.43498
32873 4.43498
32874 4.43497
32875 4.43497
32876 4.43496
32877 4.43496
32878 4.43496
32879 4.43495
32880 4.43495
32881 4.43494
32882 4.43494
32883 4.43493
32884 4.43493
32885 4.43493
32886 4.43492
32887 4.43492
32888 4.43491
32889 4.43491
32890 4.4349
32891 4.4349
32892 4.43489
32893 4.43489
32894 4.43489
32895 4.43488
32896 4.43488
32897 4.43487
32898 4.43487
32899 4.43486
32900 4.43486
32901 4.43486
32902 4.43485
32903 4.43485
32904 4.43484
32905 4.43484
32906 4.43483
32907 4.43483
32908 4.43482
32909 4.43482
32910 4.43482
32911 4.43481
32912 4.43481
32913 4.4348
32914 4.4348
32915 4.43479
32916 4.43479
32917 4.43479
32918 4.43478
32919 4.43478
32920 4.43477
32921 4.43477
32922 4.43476
32923 4.43476
32924 4.43476
32925 4.43475
32926 4.43475
32927 4.43474
32928 4.43474
32929 4.43473
32930 4.43473
32931 4.43472
32932 4.43472
32933 4.43472
32934 4.43471
32935 4.43471
32936 4.4347
32937 4.4347
32938 4.43469
32939 4.43469
32940 4.43469
32941 4.43468
32942 4.43468
32943 4.43467
32944 4.43467
32945 4.43466
32946 4.43466
32947 4.43465
32948 4.43465
32949 4.43465
32950 4.43464
32951 4.43464
32952 4.43463
32953 4.43463
32954 4.43462
32955 4.43462
32956 4.43462
32957 4.43461
32958 4.43461
32959 4.4346
32960 4.4346
32961 4.43459
32962 4.43459
32963 4.43459
32964 4.43458
32965 4.43458
32966 4.43457
32967 4.43457
32968 4.43456
32969 4.43456
32970 4.43456
32971 4.43455
32972 4.43455
32973 4.43454
32974 4.43454
32975 4.43453
32976 4.43453
32977 4.43452
32978 4.43452
32979 4.43452
32980 4.43451
32981 4.43451
32982 4.4345
32983 4.4345
32984 4.43449
32985 4.43449
32986 4.43449
32987 4.43448
32988 4.43448
32989 4.43447
32990 4.43447
32991 4.43446
32992 4.43446
32993 4.43446
32994 4.43445
32995 4.43445
32996 4.43444
32997 4.43444
32998 4.43443
32999 4.43443
33000 4.43443
33001 4.43442
33002 4.43442
33003 4.43441
33004 4.43441
33005 4.4344
33006 4.4344
33007 4.4344
33008 4.43439
33009 4.43439
33010 4.43438
33011 4.43438
33012 4.43437
33013 4.43437
33014 4.43436
33015 4.43436
33016 4.43436
33017 4.43435
33018 4.43435
33019 4.43434
33020 4.43434
33021 4.43433
33022 4.43433
33023 4.43433
33024 4.43432
33025 4.43432
33026 4.43431
33027 4.43431
33028 4.4343
33029 4.4343
33030 4.4343
33031 4.43429
33032 4.43429
33033 4.43428
33034 4.43428
33035 4.43427
33036 4.43427
33037 4.43427
33038 4.43426
33039 4.43426
33040 4.43425
33041 4.43425
33042 4.43424
33043 4.43424
33044 4.43424
33045 4.43423
33046 4.43423
33047 4.43422
33048 4.43422
33049 4.43421
33050 4.43421
33051 4.43421
33052 4.4342
33053 4.4342
33054 4.43419
33055 4.43419
33056 4.43418
33057 4.43418
33058 4.43418
33059 4.43417
33060 4.43417
33061 4.43416
33062 4.43416
33063 4.43415
33064 4.43415
33065 4.43415
33066 4.43414
33067 4.43414
33068 4.43413
33069 4.43413
33070 4.43412
33071 4.43412
33072 4.43412
33073 4.43411
33074 4.43411
33075 4.4341
33076 4.4341
33077 4.43409
33078 4.43409
33079 4.43409
33080 4.43408
33081 4.43408
33082 4.43407
33083 4.43407
33084 4.43406
33085 4.43406
33086 4.43406
33087 4.43405
33088 4.43405
33089 4.43404
33090 4.43404
33091 4.43403
33092 4.43403
33093 4.43403
33094 4.43402
33095 4.43402
33096 4.43401
33097 4.43401
33098 4.434
33099 4.434
33100 4.434
33101 4.43399
33102 4.43399
33103 4.43398
33104 4.43398
33105 4.43397
33106 4.43397
33107 4.43397
33108 4.43396
33109 4.43396
33110 4.43395
33111 4.43395
33112 4.43394
33113 4.43394
33114 4.43394
33115 4.43393
33116 4.43393
33117 4.43392
33118 4.43392
33119 4.43391
33120 4.43391
33121 4.43391
33122 4.4339
33123 4.4339
33124 4.43389
33125 4.43389
33126 4.43389
33127 4.43388
33128 4.43388
33129 4.43387
33130 4.43387
33131 4.43386
33132 4.43386
33133 4.43386
33134 4.43385
33135 4.43385
33136 4.43384
33137 4.43384
33138 4.43383
33139 4.43383
33140 4.43383
33141 4.43382
33142 4.43382
33143 4.43381
33144 4.43381
33145 4.4338
33146 4.4338
33147 4.4338
33148 4.43379
33149 4.43379
33150 4.43378
33151 4.43378
33152 4.43377
33153 4.43377
33154 4.43377
33155 4.43376
33156 4.43376
33157 4.43375
33158 4.43375
33159 4.43374
33160 4.43374
33161 4.43374
33162 4.43373
33163 4.43373
33164 4.43372
33165 4.43372
33166 4.43372
33167 4.43371
33168 4.43371
33169 4.4337
33170 4.4337
33171 4.43369
33172 4.43369
33173 4.43369
33174 4.43368
33175 4.43368
33176 4.43367
33177 4.43367
33178 4.43366
33179 4.43366
33180 4.43366
33181 4.43365
33182 4.43365
33183 4.43364
33184 4.43364
33185 4.43363
33186 4.43363
33187 4.43363
33188 4.43362
33189 4.43362
33190 4.43361
33191 4.43361
33192 4.43361
33193 4.4336
33194 4.4336
33195 4.43359
33196 4.43359
33197 4.43358
33198 4.43358
33199 4.43358
33200 4.43357
33201 4.43357
33202 4.43356
33203 4.43356
33204 4.43355
33205 4.43355
33206 4.43355
33207 4.43354
33208 4.43354
33209 4.43353
33210 4.43353
33211 4.43353
33212 4.43352
33213 4.43352
33214 4.43351
33215 4.43351
33216 4.4335
33217 4.4335
33218 4.4335
33219 4.43349
33220 4.43349
33221 4.43348
33222 4.43348
33223 4.43347
33224 4.43347
33225 4.43347
33226 4.43346
33227 4.43346
33228 4.43345
33229 4.43345
33230 4.43345
33231 4.43344
33232 4.43344
33233 4.43343
33234 4.43343
33235 4.43342
33236 4.43342
33237 4.43342
33238 4.43341
33239 4.43341
33240 4.4334
33241 4.4334
33242 4.43339
33243 4.43339
33244 4.43339
33245 4.43338
33246 4.43338
33247 4.43337
33248 4.43337
33249 4.43337
33250 4.43336
33251 4.43336
33252 4.43335
33253 4.43335
33254 4.43334
33255 4.43334
33256 4.43334
33257 4.43333
33258 4.43333
33259 4.43332
33260 4.43332
33261 4.43332
33262 4.43331
33263 4.43331
33264 4.4333
33265 4.4333
33266 4.43329
33267 4.43329
33268 4.43329
33269 4.43328
33270 4.43328
33271 4.43327
33272 4.43327
33273 4.43326
33274 4.43326
33275 4.43326
33276 4.43325
33277 4.43325
33278 4.43324
33279 4.43324
33280 4.43324
33281 4.43323
33282 4.43323
33283 4.43322
33284 4.43322
33285 4.43321
33286 4.43321
33287 4.43321
33288 4.4332
33289 4.4332
33290 4.43319
33291 4.43319
33292 4.43319
33293 4.43318
33294 4.43318
33295 4.43317
33296 4.43317
33297 4.43316
33298 4.43316
33299 4.43316
33300 4.43315
33301 4.43315
33302 4.43314
33303 4.43314
33304 4.43314
33305 4.43313
33306 4.43313
33307 4.43312
33308 4.43312
33309 4.43311
33310 4.43311
33311 4.43311
33312 4.4331
33313 4.4331
33314 4.43309
33315 4.43309
33316 4.43309
33317 4.43308
33318 4.43308
33319 4.43307
33320 4.43307
33321 4.43306
33322 4.43306
33323 4.43306
33324 4.43305
33325 4.43305
33326 4.43304
33327 4.43304
33328 4.43304
33329 4.43303
33330 4.43303
33331 4.43302
33332 4.43302
33333 4.43301
33334 4.43301
33335 4.43301
33336 4.433
33337 4.433
33338 4.43299
33339 4.43299
33340 4.43299
33341 4.43298
33342 4.43298
33343 4.43297
33344 4.43297
33345 4.43297
33346 4.43296
33347 4.43296
33348 4.43295
33349 4.43295
33350 4.43294
33351 4.43294
33352 4.43294
33353 4.43293
33354 4.43293
33355 4.43292
33356 4.43292
33357 4.43292
33358 4.43291
33359 4.43291
33360 4.4329
33361 4.4329
33362 4.43289
33363 4.43289
33364 4.43289
33365 4.43288
33366 4.43288
33367 4.43287
33368 4.43287
33369 4.43287
33370 4.43286
33371 4.43286
33372 4.43285
33373 4.43285
33374 4.43285
33375 4.43284
33376 4.43284
33377 4.43283
33378 4.43283
33379 4.43282
33380 4.43282
33381 4.43282
33382 4.43281
33383 4.43281
33384 4.4328
33385 4.4328
33386 4.4328
33387 4.43279
33388 4.43279
33389 4.43278
33390 4.43278
33391 4.43277
33392 4.43277
33393 4.43277
33394 4.43276
33395 4.43276
33396 4.43275
33397 4.43275
33398 4.43275
33399 4.43274
33400 4.43274
33401 4.43273
33402 4.43273
33403 4.43273
33404 4.43272
33405 4.43272
33406 4.43271
33407 4.43271
33408 4.4327
33409 4.4327
33410 4.4327
33411 4.43269
33412 4.43269
33413 4.43268
33414 4.43268
33415 4.43268
33416 4.43267
33417 4.43267
33418 4.43266
33419 4.43266
33420 4.43266
33421 4.43265
33422 4.43265
33423 4.43264
33424 4.43264
33425 4.43263
33426 4.43263
33427 4.43263
33428 4.43262
33429 4.43262
33430 4.43261
33431 4.43261
33432 4.43261
33433 4.4326
33434 4.4326
33435 4.43259
33436 4.43259
33437 4.43259
33438 4.43258
33439 4.43258
33440 4.43257
33441 4.43257
33442 4.43257
33443 4.43256
33444 4.43256
33445 4.43255
33446 4.43255
33447 4.43254
33448 4.43254
33449 4.43254
33450 4.43253
33451 4.43253
33452 4.43252
33453 4.43252
33454 4.43252
33455 4.43251
33456 4.43251
33457 4.4325
33458 4.4325
33459 4.4325
33460 4.43249
33461 4.43249
33462 4.43248
33463 4.43248
33464 4.43248
33465 4.43247
33466 4.43247
33467 4.43246
33468 4.43246
33469 4.43245
33470 4.43245
33471 4.43245
33472 4.43244
33473 4.43244
33474 4.43243
33475 4.43243
33476 4.43243
33477 4.43242
33478 4.43242
33479 4.43241
33480 4.43241
33481 4.43241
33482 4.4324
33483 4.4324
33484 4.43239
33485 4.43239
33486 4.43239
33487 4.43238
33488 4.43238
33489 4.43237
33490 4.43237
33491 4.43236
33492 4.43236
33493 4.43236
33494 4.43235
33495 4.43235
33496 4.43234
33497 4.43234
33498 4.43234
33499 4.43233
33500 4.43233
33501 4.43232
33502 4.43232
33503 4.43232
33504 4.43231
33505 4.43231
33506 4.4323
33507 4.4323
33508 4.4323
33509 4.43229
33510 4.43229
33511 4.43228
33512 4.43228
33513 4.43228
33514 4.43227
33515 4.43227
33516 4.43226
33517 4.43226
33518 4.43226
33519 4.43225
33520 4.43225
33521 4.43224
33522 4.43224
33523 4.43223
33524 4.43223
33525 4.43223
33526 4.43222
33527 4.43222
33528 4.43221
33529 4.43221
33530 4.43221
33531 4.4322
33532 4.4322
33533 4.43219
33534 4.43219
33535 4.43219
33536 4.43218
33537 4.43218
33538 4.43217
33539 4.43217
33540 4.43217
33541 4.43216
33542 4.43216
33543 4.43215
33544 4.43215
33545 4.43215
33546 4.43214
33547 4.43214
33548 4.43213
33549 4.43213
33550 4.43213
33551 4.43212
33552 4.43212
33553 4.43211
33554 4.43211
33555 4.43211
33556 4.4321
33557 4.4321
33558 4.43209
33559 4.43209
33560 4.43208
33561 4.43208
33562 4.43208
33563 4.43207
33564 4.43207
33565 4.43206
33566 4.43206
33567 4.43206
33568 4.43205
33569 4.43205
33570 4.43204
33571 4.43204
33572 4.43204
33573 4.43203
33574 4.43203
33575 4.43202
33576 4.43202
33577 4.43202
33578 4.43201
33579 4.43201
33580 4.432
33581 4.432
33582 4.432
33583 4.43199
33584 4.43199
33585 4.43198
33586 4.43198
33587 4.43198
33588 4.43197
33589 4.43197
33590 4.43196
33591 4.43196
33592 4.43196
33593 4.43195
33594 4.43195
33595 4.43194
33596 4.43194
33597 4.43194
33598 4.43193
33599 4.43193
33600 4.43192
33601 4.43192
33602 4.43192
33603 4.43191
33604 4.43191
33605 4.4319
33606 4.4319
33607 4.4319
33608 4.43189
33609 4.43189
33610 4.43188
33611 4.43188
33612 4.43188
33613 4.43187
33614 4.43187
33615 4.43186
33616 4.43186
33617 4.43186
33618 4.43185
33619 4.43185
33620 4.43184
33621 4.43184
33622 4.43184
33623 4.43183
33624 4.43183
33625 4.43182
33626 4.43182
33627 4.43182
33628 4.43181
33629 4.43181
33630 4.4318
33631 4.4318
33632 4.4318
33633 4.43179
33634 4.43179
33635 4.43178
33636 4.43178
33637 4.43178
33638 4.43177
33639 4.43177
33640 4.43176
33641 4.43176
33642 4.43176
33643 4.43175
33644 4.43175
33645 4.43174
33646 4.43174
33647 4.43174
33648 4.43173
33649 4.43173
33650 4.43172
33651 4.43172
33652 4.43172
33653 4.43171
33654 4.43171
33655 4.4317
33656 4.4317
33657 4.4317
33658 4.43169
33659 4.43169
33660 4.43168
33661 4.43168
33662 4.43168
33663 4.43167
33664 4.43167
33665 4.43166
33666 4.43166
33667 4.43166
33668 4.43165
33669 4.43165
33670 4.43164
33671 4.43164
33672 4.43164
33673 4.43163
33674 4.43163
33675 4.43162
33676 4.43162
33677 4.43162
33678 4.43161
33679 4.43161
33680 4.4316
33681 4.4316
33682 4.4316
33683 4.43159
33684 4.43159
33685 4.43158
33686 4.43158
33687 4.43158
33688 4.43157
33689 4.43157
33690 4.43156
33691 4.43156
33692 4.43156
33693 4.43155
33694 4.43155
33695 4.43154
33696 4.43154
33697 4.43154
33698 4.43153
33699 4.43153
33700 4.43152
33701 4.43152
33702 4.43152
33703 4.43151
33704 4.43151
33705 4.4315
33706 4.4315
33707 4.4315
33708 4.43149
33709 4.43149
33710 4.43148
33711 4.43148
33712 4.43148
33713 4.43147
33714 4.43147
33715 4.43146
33716 4.43146
33717 4.43146
33718 4.43145
33719 4.43145
33720 4.43144
33721 4.43144
33722 4.43144
33723 4.43143
33724 4.43143
33725 4.43142
33726 4.43142
33727 4.43142
33728 4.43141
33729 4.43141
33730 4.4314
33731 4.4314
33732 4.4314
33733 4.43139
33734 4.43139
33735 4.43139
33736 4.43138
33737 4.43138
33738 4.43137
33739 4.43137
33740 4.43137
33741 4.43136
33742 4.43136
33743 4.43135
33744 4.43135
33745 4.43135
33746 4.43134
33747 4.43134
33748 4.43133
33749 4.43133
33750 4.43133
33751 4.43132
33752 4.43132
33753 4.43131
33754 4.43131
33755 4.43131
33756 4.4313
33757 4.4313
33758 4.43129
33759 4.43129
33760 4.43129
33761 4.43128
33762 4.43128
33763 4.43127
33764 4.43127
33765 4.43127
33766 4.43126
33767 4.43126
33768 4.43125
33769 4.43125
33770 4.43125
33771 4.43124
33772 4.43124
33773 4.43123
33774 4.43123
33775 4.43123
33776 4.43122
33777 4.43122
33778 4.43122
33779 4.43121
33780 4.43121
33781 4.4312
33782 4.4312
33783 4.4312
33784 4.43119
33785 4.43119
33786 4.43118
33787 4.43118
33788 4.43118
33789 4.43117
33790 4.43117
33791 4.43116
33792 4.43116
33793 4.43116
33794 4.43115
33795 4.43115
33796 4.43114
33797 4.43114
33798 4.43114
33799 4.43113
33800 4.43113
33801 4.43112
33802 4.43112
33803 4.43112
33804 4.43111
33805 4.43111
33806 4.43111
33807 4.4311
33808 4.4311
33809 4.43109
33810 4.43109
33811 4.43109
33812 4.43108
33813 4.43108
33814 4.43107
33815 4.43107
33816 4.43107
33817 4.43106
33818 4.43106
33819 4.43105
33820 4.43105
33821 4.43105
33822 4.43104
33823 4.43104
33824 4.43103
33825 4.43103
33826 4.43103
33827 4.43102
33828 4.43102
33829 4.43102
33830 4.43101
33831 4.43101
33832 4.431
33833 4.431
33834 4.431
33835 4.43099
33836 4.43099
33837 4.43098
33838 4.43098
33839 4.43098
33840 4.43097
33841 4.43097
33842 4.43096
33843 4.43096
33844 4.43096
33845 4.43095
33846 4.43095
33847 4.43094
33848 4.43094
33849 4.43094
33850 4.43093
33851 4.43093
33852 4.43093
33853 4.43092
33854 4.43092
33855 4.43091
33856 4.43091
33857 4.43091
33858 4.4309
33859 4.4309
33860 4.43089
33861 4.43089
33862 4.43089
33863 4.43088
33864 4.43088
33865 4.43087
33866 4.43087
33867 4.43087
33868 4.43086
33869 4.43086
33870 4.43086
33871 4.43085
33872 4.43085
33873 4.43084
33874 4.43084
33875 4.43084
33876 4.43083
33877 4.43083
33878 4.43082
33879 4.43082
33880 4.43082
33881 4.43081
33882 4.43081
33883 4.4308
33884 4.4308
33885 4.4308
33886 4.43079
33887 4.43079
33888 4.43079
33889 4.43078
33890 4.43078
33891 4.43077
33892 4.43077
33893 4.43077
33894 4.43076
33895 4.43076
33896 4.43075
33897 4.43075
33898 4.43075
33899 4.43074
33900 4.43074
33901 4.43073
33902 4.43073
33903 4.43073
33904 4.43072
33905 4.43072
33906 4.43072
33907 4.43071
33908 4.43071
33909 4.4307
33910 4.4307
33911 4.4307
33912 4.43069
33913 4.43069
33914 4.43068
33915 4.43068
33916 4.43068
33917 4.43067
33918 4.43067
33919 4.43066
33920 4.43066
33921 4.43066
33922 4.43065
33923 4.43065
33924 4.43065
33925 4.43064
33926 4.43064
33927 4.43063
33928 4.43063
33929 4.43063
33930 4.43062
33931 4.43062
33932 4.43061
33933 4.43061
33934 4.43061
33935 4.4306
33936 4.4306
33937 4.4306
33938 4.43059
33939 4.43059
33940 4.43058
33941 4.43058
33942 4.43058
33943 4.43057
33944 4.43057
33945 4.43056
33946 4.43056
33947 4.43056
33948 4.43055
33949 4.43055
33950 4.43055
33951 4.43054
33952 4.43054
33953 4.43053
33954 4.43053
33955 4.43053
33956 4.43052
33957 4.43052
33958 4.43051
33959 4.43051
33960 4.43051
33961 4.4305
33962 4.4305
33963 4.43049
33964 4.43049
33965 4.43049
33966 4.43048
33967 4.43048
33968 4.43048
33969 4.43047
33970 4.43047
33971 4.43046
33972 4.43046
33973 4.43046
33974 4.43045
33975 4.43045
33976 4.43044
33977 4.43044
33978 4.43044
33979 4.43043
33980 4.43043
33981 4.43043
33982 4.43042
33983 4.43042
33984 4.43041
33985 4.43041
33986 4.43041
33987 4.4304
33988 4.4304
33989 4.4304
33990 4.43039
33991 4.43039
33992 4.43038
33993 4.43038
33994 4.43038
33995 4.43037
33996 4.43037
33997 4.43036
33998 4.43036
33999 4.43036
34000 4.43035
34001 4.43035
34002 4.43035
34003 4.43034
34004 4.43034
34005 4.43033
34006 4.43033
34007 4.43033
34008 4.43032
34009 4.43032
34010 4.43031
34011 4.43031
34012 4.43031
34013 4.4303
34014 4.4303
34015 4.4303
34016 4.43029
34017 4.43029
34018 4.43028
34019 4.43028
34020 4.43028
34021 4.43027
34022 4.43027
34023 4.43026
34024 4.43026
34025 4.43026
34026 4.43025
34027 4.43025
34028 4.43025
34029 4.43024
34030 4.43024
34031 4.43023
34032 4.43023
34033 4.43023
34034 4.43022
34035 4.43022
34036 4.43022
34037 4.43021
34038 4.43021
34039 4.4302
34040 4.4302
34041 4.4302
34042 4.43019
34043 4.43019
34044 4.43018
34045 4.43018
34046 4.43018
34047 4.43017
34048 4.43017
34049 4.43017
34050 4.43016
34051 4.43016
34052 4.43015
34053 4.43015
34054 4.43015
34055 4.43014
34056 4.43014
34057 4.43014
34058 4.43013
34059 4.43013
34060 4.43012
34061 4.43012
34062 4.43012
34063 4.43011
34064 4.43011
34065 4.4301
34066 4.4301
34067 4.4301
34068 4.43009
34069 4.43009
34070 4.43009
34071 4.43008
34072 4.43008
34073 4.43007
34074 4.43007
34075 4.43007
34076 4.43006
34077 4.43006
34078 4.43006
34079 4.43005
34080 4.43005
34081 4.43004
34082 4.43004
34083 4.43004
34084 4.43003
34085 4.43003
34086 4.43002
34087 4.43002
34088 4.43002
34089 4.43001
34090 4.43001
34091 4.43001
34092 4.43
34093 4.43
34094 4.42999
34095 4.42999
34096 4.42999
34097 4.42998
34098 4.42998
34099 4.42998
34100 4.42997
34101 4.42997
34102 4.42996
34103 4.42996
34104 4.42996
34105 4.42995
34106 4.42995
34107 4.42995
34108 4.42994
34109 4.42994
34110 4.42993
34111 4.42993
34112 4.42993
34113 4.42992
34114 4.42992
34115 4.42992
34116 4.42991
34117 4.42991
34118 4.4299
34119 4.4299
34120 4.4299
34121 4.42989
34122 4.42989
34123 4.42988
34124 4.42988
34125 4.42988
34126 4.42987
34127 4.42987
34128 4.42987
34129 4.42986
34130 4.42986
34131 4.42985
34132 4.42985
34133 4.42985
34134 4.42984
34135 4.42984
34136 4.42984
34137 4.42983
34138 4.42983
34139 4.42982
34140 4.42982
34141 4.42982
34142 4.42981
34143 4.42981
34144 4.42981
34145 4.4298
34146 4.4298
34147 4.42979
34148 4.42979
34149 4.42979
34150 4.42978
34151 4.42978
34152 4.42978
34153 4.42977
34154 4.42977
34155 4.42976
34156 4.42976
34157 4.42976
34158 4.42975
34159 4.42975
34160 4.42975
34161 4.42974
34162 4.42974
34163 4.42973
34164 4.42973
34165 4.42973
34166 4.42972
34167 4.42972
34168 4.42972
34169 4.42971
34170 4.42971
34171 4.4297
34172 4.4297
34173 4.4297
34174 4.42969
34175 4.42969
34176 4.42969
34177 4.42968
34178 4.42968
34179 4.42967
34180 4.42967
34181 4.42967
34182 4.42966
34183 4.42966
34184 4.42966
34185 4.42965
34186 4.42965
34187 4.42964
34188 4.42964
34189 4.42964
34190 4.42963
34191 4.42963
34192 4.42963
34193 4.42962
34194 4.42962
34195 4.42961
34196 4.42961
34197 4.42961
34198 4.4296
34199 4.4296
34200 4.4296
34201 4.42959
34202 4.42959
34203 4.42958
34204 4.42958
34205 4.42958
34206 4.42957
34207 4.42957
34208 4.42957
34209 4.42956
34210 4.42956
34211 4.42955
34212 4.42955
34213 4.42955
34214 4.42954
34215 4.42954
34216 4.42954
34217 4.42953
34218 4.42953
34219 4.42952
34220 4.42952
34221 4.42952
34222 4.42951
34223 4.42951
34224 4.42951
34225 4.4295
34226 4.4295
34227 4.42949
34228 4.42949
34229 4.42949
34230 4.42948
34231 4.42948
34232 4.42948
34233 4.42947
34234 4.42947
34235 4.42946
34236 4.42946
34237 4.42946
34238 4.42945
34239 4.42945
34240 4.42945
34241 4.42944
34242 4.42944
34243 4.42943
34244 4.42943
34245 4.42943
34246 4.42942
34247 4.42942
34248 4.42942
34249 4.42941
34250 4.42941
34251 4.42941
34252 4.4294
34253 4.4294
34254 4.42939
34255 4.42939
34256 4.42939
34257 4.42938
34258 4.42938
34259 4.42938
34260 4.42937
34261 4.42937
34262 4.42936
34263 4.42936
34264 4.42936
34265 4.42935
34266 4.42935
34267 4.42935
34268 4.42934
34269 4.42934
34270 4.42933
34271 4.42933
34272 4.42933
34273 4.42932
34274 4.42932
34275 4.42932
34276 4.42931
34277 4.42931
34278 4.4293
34279 4.4293
34280 4.4293
34281 4.42929
34282 4.42929
34283 4.42929
34284 4.42928
34285 4.42928
34286 4.42928
34287 4.42927
34288 4.42927
34289 4.42926
34290 4.42926
34291 4.42926
34292 4.42925
34293 4.42925
34294 4.42925
34295 4.42924
34296 4.42924
34297 4.42923
34298 4.42923
34299 4.42923
34300 4.42922
34301 4.42922
34302 4.42922
34303 4.42921
34304 4.42921
34305 4.42921
34306 4.4292
34307 4.4292
34308 4.42919
34309 4.42919
34310 4.42919
34311 4.42918
34312 4.42918
34313 4.42918
34314 4.42917
34315 4.42917
34316 4.42916
34317 4.42916
34318 4.42916
34319 4.42915
34320 4.42915
34321 4.42915
34322 4.42914
34323 4.42914
34324 4.42913
34325 4.42913
34326 4.42913
34327 4.42912
34328 4.42912
34329 4.42912
34330 4.42911
34331 4.42911
34332 4.42911
34333 4.4291
34334 4.4291
34335 4.42909
34336 4.42909
34337 4.42909
34338 4.42908
34339 4.42908
34340 4.42908
34341 4.42907
34342 4.42907
34343 4.42907
34344 4.42906
34345 4.42906
34346 4.42905
34347 4.42905
34348 4.42905
34349 4.42904
34350 4.42904
34351 4.42904
34352 4.42903
34353 4.42903
34354 4.42902
34355 4.42902
34356 4.42902
34357 4.42901
34358 4.42901
34359 4.42901
34360 4.429
34361 4.429
34362 4.429
34363 4.42899
34364 4.42899
34365 4.42898
34366 4.42898
34367 4.42898
34368 4.42897
34369 4.42897
34370 4.42897
34371 4.42896
34372 4.42896
34373 4.42895
34374 4.42895
34375 4.42895
34376 4.42894
34377 4.42894
34378 4.42894
34379 4.42893
34380 4.42893
34381 4.42893
34382 4.42892
34383 4.42892
34384 4.42891
34385 4.42891
34386 4.42891
34387 4.4289
34388 4.4289
34389 4.4289
34390 4.42889
34391 4.42889
34392 4.42889
34393 4.42888
34394 4.42888
34395 4.42887
34396 4.42887
34397 4.42887
34398 4.42886
34399 4.42886
34400 4.42886
34401 4.42885
34402 4.42885
34403 4.42885
34404 4.42884
34405 4.42884
34406 4.42883
34407 4.42883
34408 4.42883
34409 4.42882
34410 4.42882
34411 4.42882
34412 4.42881
34413 4.42881
34414 4.42881
34415 4.4288
34416 4.4288
34417 4.42879
34418 4.42879
34419 4.42879
34420 4.42878
34421 4.42878
34422 4.42878
34423 4.42877
34424 4.42877
34425 4.42877
34426 4.42876
34427 4.42876
34428 4.42875
34429 4.42875
34430 4.42875
34431 4.42874
34432 4.42874
34433 4.42874
34434 4.42873
34435 4.42873
34436 4.42873
34437 4.42872
34438 4.42872
34439 4.42871
34440 4.42871
34441 4.42871
34442 4.4287
34443 4.4287
34444 4.4287
34445 4.42869
34446 4.42869
34447 4.42869
34448 4.42868
34449 4.42868
34450 4.42867
34451 4.42867
34452 4.42867
34453 4.42866
34454 4.42866
34455 4.42866
34456 4.42865
34457 4.42865
34458 4.42865
34459 4.42864
34460 4.42864
34461 4.42863
34462 4.42863
34463 4.42863
34464 4.42862
34465 4.42862
34466 4.42862
34467 4.42861
34468 4.42861
34469 4.42861
34470 4.4286
34471 4.4286
34472 4.42859
34473 4.42859
34474 4.42859
34475 4.42858
34476 4.42858
34477 4.42858
34478 4.42857
34479 4.42857
34480 4.42857
34481 4.42856
34482 4.42856
34483 4.42855
34484 4.42855
34485 4.42855
34486 4.42854
34487 4.42854
34488 4.42854
34489 4.42853
34490 4.42853
34491 4.42853
34492 4.42852
34493 4.42852
34494 4.42851
34495 4.42851
34496 4.42851
34497 4.4285
34498 4.4285
34499 4.4285
34500 4.42849
34501 4.42849
34502 4.42849
34503 4.42848
34504 4.42848
34505 4.42848
34506 4.42847
34507 4.42847
34508 4.42846
34509 4.42846
34510 4.42846
34511 4.42845
34512 4.42845
34513 4.42845
34514 4.42844
34515 4.42844
34516 4.42844
34517 4.42843
34518 4.42843
34519 4.42842
34520 4.42842
34521 4.42842
34522 4.42841
34523 4.42841
34524 4.42841
34525 4.4284
34526 4.4284
34527 4.4284
34528 4.42839
34529 4.42839
34530 4.42839
34531 4.42838
34532 4.42838
34533 4.42837
34534 4.42837
34535 4.42837
34536 4.42836
34537 4.42836
34538 4.42836
34539 4.42835
34540 4.42835
34541 4.42835
34542 4.42834
34543 4.42834
34544 4.42833
34545 4.42833
34546 4.42833
34547 4.42832
34548 4.42832
34549 4.42832
34550 4.42831
34551 4.42831
34552 4.42831
34553 4.4283
34554 4.4283
34555 4.4283
34556 4.42829
34557 4.42829
34558 4.42828
34559 4.42828
34560 4.42828
34561 4.42827
34562 4.42827
34563 4.42827
34564 4.42826
34565 4.42826
34566 4.42826
34567 4.42825
34568 4.42825
34569 4.42825
34570 4.42824
34571 4.42824
34572 4.42823
34573 4.42823
34574 4.42823
34575 4.42822
34576 4.42822
34577 4.42822
34578 4.42821
34579 4.42821
34580 4.42821
34581 4.4282
34582 4.4282
34583 4.4282
34584 4.42819
34585 4.42819
34586 4.42818
34587 4.42818
34588 4.42818
34589 4.42817
34590 4.42817
34591 4.42817
34592 4.42816
34593 4.42816
34594 4.42816
34595 4.42815
34596 4.42815
34597 4.42815
34598 4.42814
34599 4.42814
34600 4.42813
34601 4.42813
34602 4.42813
34603 4.42812
34604 4.42812
34605 4.42812
34606 4.42811
34607 4.42811
34608 4.42811
34609 4.4281
34610 4.4281
34611 4.4281
34612 4.42809
34613 4.42809
34614 4.42808
34615 4.42808
34616 4.42808
34617 4.42807
34618 4.42807
34619 4.42807
34620 4.42806
34621 4.42806
34622 4.42806
34623 4.42805
34624 4.42805
34625 4.42805
34626 4.42804
34627 4.42804
34628 4.42804
34629 4.42803
34630 4.42803
34631 4.42802
34632 4.42802
34633 4.42802
34634 4.42801
34635 4.42801
34636 4.42801
34637 4.428
34638 4.428
34639 4.428
34640 4.42799
34641 4.42799
34642 4.42799
34643 4.42798
34644 4.42798
34645 4.42797
34646 4.42797
34647 4.42797
34648 4.42796
34649 4.42796
34650 4.42796
34651 4.42795
34652 4.42795
34653 4.42795
34654 4.42794
34655 4.42794
34656 4.42794
34657 4.42793
34658 4.42793
34659 4.42793
34660 4.42792
34661 4.42792
34662 4.42791
34663 4.42791
34664 4.42791
34665 4.4279
34666 4.4279
34667 4.4279
34668 4.42789
34669 4.42789
34670 4.42789
34671 4.42788
34672 4.42788
34673 4.42788
34674 4.42787
34675 4.42787
34676 4.42787
34677 4.42786
34678 4.42786
34679 4.42785
34680 4.42785
34681 4.42785
34682 4.42784
34683 4.42784
34684 4.42784
34685 4.42783
34686 4.42783
34687 4.42783
34688 4.42782
34689 4.42782
34690 4.42782
34691 4.42781
34692 4.42781
34693 4.42781
34694 4.4278
34695 4.4278
34696 4.42779
34697 4.42779
34698 4.42779
34699 4.42778
34700 4.42778
34701 4.42778
34702 4.42777
34703 4.42777
34704 4.42777
34705 4.42776
34706 4.42776
34707 4.42776
34708 4.42775
34709 4.42775
34710 4.42775
34711 4.42774
34712 4.42774
34713 4.42773
34714 4.42773
34715 4.42773
34716 4.42772
34717 4.42772
34718 4.42772
34719 4.42771
34720 4.42771
34721 4.42771
34722 4.4277
34723 4.4277
34724 4.4277
34725 4.42769
34726 4.42769
34727 4.42769
34728 4.42768
34729 4.42768
34730 4.42768
34731 4.42767
34732 4.42767
34733 4.42766
34734 4.42766
34735 4.42766
34736 4.42765
34737 4.42765
34738 4.42765
34739 4.42764
34740 4.42764
34741 4.42764
34742 4.42763
34743 4.42763
34744 4.42763
34745 4.42762
34746 4.42762
34747 4.42762
34748 4.42761
34749 4.42761
34750 4.42761
34751 4.4276
34752 4.4276
34753 4.42759
34754 4.42759
34755 4.42759
34756 4.42758
34757 4.42758
34758 4.42758
34759 4.42757
34760 4.42757
34761 4.42757
34762 4.42756
34763 4.42756
34764 4.42756
34765 4.42755
34766 4.42755
34767 4.42755
34768 4.42754
34769 4.42754
34770 4.42754
34771 4.42753
34772 4.42753
34773 4.42752
34774 4.42752
34775 4.42752
34776 4.42751
34777 4.42751
34778 4.42751
34779 4.4275
34780 4.4275
34781 4.4275
34782 4.42749
34783 4.42749
34784 4.42749
34785 4.42748
34786 4.42748
34787 4.42748
34788 4.42747
34789 4.42747
34790 4.42747
34791 4.42746
34792 4.42746
34793 4.42746
34794 4.42745
34795 4.42745
34796 4.42744
34797 4.42744
34798 4.42744
34799 4.42743
34800 4.42743
34801 4.42743
34802 4.42742
34803 4.42742
34804 4.42742
34805 4.42741
34806 4.42741
34807 4.42741
34808 4.4274
34809 4.4274
34810 4.4274
34811 4.42739
34812 4.42739
34813 4.42739
34814 4.42738
34815 4.42738
34816 4.42738
34817 4.42737
34818 4.42737
34819 4.42736
34820 4.42736
34821 4.42736
34822 4.42735
34823 4.42735
34824 4.42735
34825 4.42734
34826 4.42734
34827 4.42734
34828 4.42733
34829 4.42733
34830 4.42733
34831 4.42732
34832 4.42732
34833 4.42732
34834 4.42731
34835 4.42731
34836 4.42731
34837 4.4273
34838 4.4273
34839 4.4273
34840 4.42729
34841 4.42729
34842 4.42729
34843 4.42728
34844 4.42728
34845 4.42727
34846 4.42727
34847 4.42727
34848 4.42726
34849 4.42726
34850 4.42726
34851 4.42725
34852 4.42725
34853 4.42725
34854 4.42724
34855 4.42724
34856 4.42724
34857 4.42723
34858 4.42723
34859 4.42723
34860 4.42722
34861 4.42722
34862 4.42722
34863 4.42721
34864 4.42721
34865 4.42721
34866 4.4272
34867 4.4272
34868 4.4272
34869 4.42719
34870 4.42719
34871 4.42719
34872 4.42718
34873 4.42718
34874 4.42717
34875 4.42717
34876 4.42717
34877 4.42716
34878 4.42716
34879 4.42716
34880 4.42715
34881 4.42715
34882 4.42715
34883 4.42714
34884 4.42714
34885 4.42714
34886 4.42713
34887 4.42713
34888 4.42713
34889 4.42712
34890 4.42712
34891 4.42712
34892 4.42711
34893 4.42711
34894 4.42711
34895 4.4271
34896 4.4271
34897 4.4271
34898 4.42709
34899 4.42709
34900 4.42709
34901 4.42708
34902 4.42708
34903 4.42707
34904 4.42707
34905 4.42707
34906 4.42706
34907 4.42706
34908 4.42706
34909 4.42705
34910 4.42705
34911 4.42705
34912 4.42704
34913 4.42704
34914 4.42704
34915 4.42703
34916 4.42703
34917 4.42703
34918 4.42702
34919 4.42702
34920 4.42702
34921 4.42701
34922 4.42701
34923 4.42701
34924 4.427
34925 4.427
34926 4.427
34927 4.42699
34928 4.42699
34929 4.42699
34930 4.42698
34931 4.42698
34932 4.42698
34933 4.42697
34934 4.42697
34935 4.42697
34936 4.42696
34937 4.42696
34938 4.42696
34939 4.42695
34940 4.42695
34941 4.42694
34942 4.42694
34943 4.42694
34944 4.42693
34945 4.42693
34946 4.42693
34947 4.42692
34948 4.42692
34949 4.42692
34950 4.42691
34951 4.42691
34952 4.42691
34953 4.4269
34954 4.4269
34955 4.4269
34956 4.42689
34957 4.42689
34958 4.42689
34959 4.42688
34960 4.42688
34961 4.42688
34962 4.42687
34963 4.42687
34964 4.42687
34965 4.42686
34966 4.42686
34967 4.42686
34968 4.42685
34969 4.42685
34970 4.42685
34971 4.42684
34972 4.42684
34973 4.42684
34974 4.42683
34975 4.42683
34976 4.42683
34977 4.42682
34978 4.42682
34979 4.42682
34980 4.42681
34981 4.42681
34982 4.42681
34983 4.4268
34984 4.4268
34985 4.42679
34986 4.42679
34987 4.42679
34988 4.42678
34989 4.42678
34990 4.42678
34991 4.42677
34992 4.42677
34993 4.42677
34994 4.42676
34995 4.42676
34996 4.42676
34997 4.42675
34998 4.42675
34999 4.42675
35000 4.42674
35001 4.42674
35002 4.42674
35003 4.42673
35004 4.42673
35005 4.42673
35006 4.42672
35007 4.42672
35008 4.42672
35009 4.42671
35010 4.42671
35011 4.42671
35012 4.4267
35013 4.4267
35014 4.4267
35015 4.42669
35016 4.42669
35017 4.42669
35018 4.42668
35019 4.42668
35020 4.42668
35021 4.42667
35022 4.42667
35023 4.42667
35024 4.42666
35025 4.42666
35026 4.42666
35027 4.42665
35028 4.42665
35029 4.42665
35030 4.42664
35031 4.42664
35032 4.42664
35033 4.42663
35034 4.42663
35035 4.42663
35036 4.42662
35037 4.42662
35038 4.42662
35039 4.42661
35040 4.42661
35041 4.42661
35042 4.4266
35043 4.4266
35044 4.4266
35045 4.42659
35046 4.42659
35047 4.42658
35048 4.42658
35049 4.42658
35050 4.42657
35051 4.42657
35052 4.42657
35053 4.42656
35054 4.42656
35055 4.42656
35056 4.42655
35057 4.42655
35058 4.42655
35059 4.42654
35060 4.42654
35061 4.42654
35062 4.42653
35063 4.42653
35064 4.42653
35065 4.42652
35066 4.42652
35067 4.42652
35068 4.42651
35069 4.42651
35070 4.42651
35071 4.4265
35072 4.4265
35073 4.4265
35074 4.42649
35075 4.42649
35076 4.42649
35077 4.42648
35078 4.42648
35079 4.42648
35080 4.42647
35081 4.42647
35082 4.42647
35083 4.42646
35084 4.42646
35085 4.42646
35086 4.42645
35087 4.42645
35088 4.42645
35089 4.42644
35090 4.42644
35091 4.42644
35092 4.42643
35093 4.42643
35094 4.42643
35095 4.42642
35096 4.42642
35097 4.42642
35098 4.42641
35099 4.42641
35100 4.42641
35101 4.4264
35102 4.4264
35103 4.4264
35104 4.42639
35105 4.42639
35106 4.42639
35107 4.42638
35108 4.42638
35109 4.42638
35110 4.42637
35111 4.42637
35112 4.42637
35113 4.42636
35114 4.42636
35115 4.42636
35116 4.42635
35117 4.42635
35118 4.42635
35119 4.42634
35120 4.42634
35121 4.42634
35122 4.42633
35123 4.42633
35124 4.42633
35125 4.42632
35126 4.42632
35127 4.42632
35128 4.42631
35129 4.42631
35130 4.42631
35131 4.4263
35132 4.4263
35133 4.4263
35134 4.42629
35135 4.42629
35136 4.42629
35137 4.42628
35138 4.42628
35139 4.42628
35140 4.42627
35141 4.42627
35142 4.42627
35143 4.42626
35144 4.42626
35145 4.42626
35146 4.42625
35147 4.42625
35148 4.42625
35149 4.42624
35150 4.42624
35151 4.42624
35152 4.42623
35153 4.42623
35154 4.42623
35155 4.42622
35156 4.42622
35157 4.42622
35158 4.42621
35159 4.42621
35160 4.42621
35161 4.4262
35162 4.4262
35163 4.4262
35164 4.42619
35165 4.42619
35166 4.42619
35167 4.42618
35168 4.42618
35169 4.42618
35170 4.42617
35171 4.42617
35172 4.42617
35173 4.42616
35174 4.42616
35175 4.42616
35176 4.42615
35177 4.42615
35178 4.42615
35179 4.42614
35180 4.42614
35181 4.42614
35182 4.42613
35183 4.42613
35184 4.42613
35185 4.42612
35186 4.42612
35187 4.42612
35188 4.42611
35189 4.42611
35190 4.42611
35191 4.4261
35192 4.4261
35193 4.4261
35194 4.42609
35195 4.42609
35196 4.42609
35197 4.42608
35198 4.42608
35199 4.42608
35200 4.42607
35201 4.42607
35202 4.42607
35203 4.42606
35204 4.42606
35205 4.42606
35206 4.42605
35207 4.42605
35208 4.42605
35209 4.42604
35210 4.42604
35211 4.42604
35212 4.42603
35213 4.42603
35214 4.42603
35215 4.42602
35216 4.42602
35217 4.42602
35218 4.42601
35219 4.42601
35220 4.42601
35221 4.426
35222 4.426
35223 4.426
35224 4.42599
35225 4.42599
35226 4.42599
35227 4.42598
35228 4.42598
35229 4.42598
35230 4.42597
35231 4.42597
35232 4.42597
35233 4.42596
35234 4.42596
35235 4.42596
35236 4.42595
35237 4.42595
35238 4.42595
35239 4.42595
35240 4.42594
35241 4.42594
35242 4.42594
35243 4.42593
35244 4.42593
35245 4.42593
35246 4.42592
35247 4.42592
35248 4.42592
35249 4.42591
35250 4.42591
35251 4.42591
35252 4.4259
35253 4.4259
35254 4.4259
35255 4.42589
35256 4.42589
35257 4.42589
35258 4.42588
35259 4.42588
35260 4.42588
35261 4.42587
35262 4.42587
35263 4.42587
35264 4.42586
35265 4.42586
35266 4.42586
35267 4.42585
35268 4.42585
35269 4.42585
35270 4.42584
35271 4.42584
35272 4.42584
35273 4.42583
35274 4.42583
35275 4.42583
35276 4.42582
35277 4.42582
35278 4.42582
35279 4.42581
35280 4.42581
35281 4.42581
35282 4.4258
35283 4.4258
35284 4.4258
35285 4.42579
35286 4.42579
35287 4.42579
35288 4.42578
35289 4.42578
35290 4.42578
35291 4.42577
35292 4.42577
35293 4.42577
35294 4.42576
35295 4.42576
35296 4.42576
35297 4.42575
35298 4.42575
35299 4.42575
35300 4.42574
35301 4.42574
35302 4.42574
35303 4.42574
35304 4.42573
35305 4.42573
35306 4.42573
35307 4.42572
35308 4.42572
35309 4.42572
35310 4.42571
35311 4.42571
35312 4.42571
35313 4.4257
35314 4.4257
35315 4.4257
35316 4.42569
35317 4.42569
35318 4.42569
35319 4.42568
35320 4.42568
35321 4.42568
35322 4.42567
35323 4.42567
35324 4.42567
35325 4.42566
35326 4.42566
35327 4.42566
35328 4.42565
35329 4.42565
35330 4.42565
35331 4.42564
35332 4.42564
35333 4.42564
35334 4.42563
35335 4.42563
35336 4.42563
35337 4.42562
35338 4.42562
35339 4.42562
35340 4.42561
35341 4.42561
35342 4.42561
35343 4.4256
35344 4.4256
35345 4.4256
35346 4.4256
35347 4.42559
35348 4.42559
35349 4.42559
35350 4.42558
35351 4.42558
35352 4.42558
35353 4.42557
35354 4.42557
35355 4.42557
35356 4.42556
35357 4.42556
35358 4.42556
35359 4.42555
35360 4.42555
35361 4.42555
35362 4.42554
35363 4.42554
35364 4.42554
35365 4.42553
35366 4.42553
35367 4.42553
35368 4.42552
35369 4.42552
35370 4.42552
35371 4.42551
35372 4.42551
35373 4.42551
35374 4.4255
35375 4.4255
35376 4.4255
35377 4.42549
35378 4.42549
35379 4.42549
35380 4.42548
35381 4.42548
35382 4.42548
35383 4.42548
35384 4.42547
35385 4.42547
35386 4.42547
35387 4.42546
35388 4.42546
35389 4.42546
35390 4.42545
35391 4.42545
35392 4.42545
35393 4.42544
35394 4.42544
35395 4.42544
35396 4.42543
35397 4.42543
35398 4.42543
35399 4.42542
35400 4.42542
35401 4.42542
35402 4.42541
35403 4.42541
35404 4.42541
35405 4.4254
35406 4.4254
35407 4.4254
35408 4.42539
35409 4.42539
35410 4.42539
35411 4.42538
35412 4.42538
35413 4.42538
35414 4.42538
35415 4.42537
35416 4.42537
35417 4.42537
35418 4.42536
35419 4.42536
35420 4.42536
35421 4.42535
35422 4.42535
35423 4.42535
35424 4.42534
35425 4.42534
35426 4.42534
35427 4.42533
35428 4.42533
35429 4.42533
35430 4.42532
35431 4.42532
35432 4.42532
35433 4.42531
35434 4.42531
35435 4.42531
35436 4.4253
35437 4.4253
35438 4.4253
35439 4.42529
35440 4.42529
35441 4.42529
35442 4.42528
35443 4.42528
35444 4.42528
35445 4.42528
35446 4.42527
35447 4.42527
35448 4.42527
35449 4.42526
35450 4.42526
35451 4.42526
35452 4.42525
35453 4.42525
35454 4.42525
35455 4.42524
35456 4.42524
35457 4.42524
35458 4.42523
35459 4.42523
35460 4.42523
35461 4.42522
35462 4.42522
35463 4.42522
35464 4.42521
35465 4.42521
35466 4.42521
35467 4.4252
35468 4.4252
35469 4.4252
35470 4.4252
35471 4.42519
35472 4.42519
35473 4.42519
35474 4.42518
35475 4.42518
35476 4.42518
35477 4.42517
35478 4.42517
35479 4.42517
35480 4.42516
35481 4.42516
35482 4.42516
35483 4.42515
35484 4.42515
35485 4.42515
35486 4.42514
35487 4.42514
35488 4.42514
35489 4.42513
35490 4.42513
35491 4.42513
35492 4.42512
35493 4.42512
35494 4.42512
35495 4.42512
35496 4.42511
35497 4.42511
35498 4.42511
35499 4.4251
35500 4.4251
35501 4.4251
35502 4.42509
35503 4.42509
35504 4.42509
35505 4.42508
35506 4.42508
35507 4.42508
35508 4.42507
35509 4.42507
35510 4.42507
35511 4.42506
35512 4.42506
35513 4.42506
35514 4.42505
35515 4.42505
35516 4.42505
35517 4.42505
35518 4.42504
35519 4.42504
35520 4.42504
35521 4.42503
35522 4.42503
35523 4.42503
35524 4.42502
35525 4.42502
35526 4.42502
35527 4.42501
35528 4.42501
35529 4.42501
35530 4.425
35531 4.425
35532 4.425
35533 4.42499
35534 4.42499
35535 4.42499
35536 4.42498
35537 4.42498
35538 4.42498
35539 4.42498
35540 4.42497
35541 4.42497
35542 4.42497
35543 4.42496
35544 4.42496
35545 4.42496
35546 4.42495
35547 4.42495
35548 4.42495
35549 4.42494
35550 4.42494
35551 4.42494
35552 4.42493
35553 4.42493
35554 4.42493
35555 4.42492
35556 4.42492
35557 4.42492
35558 4.42492
35559 4.42491
35560 4.42491
35561 4.42491
35562 4.4249
35563 4.4249
35564 4.4249
35565 4.42489
35566 4.42489
35567 4.42489
35568 4.42488
35569 4.42488
35570 4.42488
35571 4.42487
35572 4.42487
35573 4.42487
35574 4.42486
35575 4.42486
35576 4.42486
35577 4.42486
35578 4.42485
35579 4.42485
35580 4.42485
35581 4.42484
35582 4.42484
35583 4.42484
35584 4.42483
35585 4.42483
35586 4.42483
35587 4.42482
35588 4.42482
35589 4.42482
35590 4.42481
35591 4.42481
35592 4.42481
35593 4.4248
35594 4.4248
35595 4.4248
35596 4.4248
35597 4.42479
35598 4.42479
35599 4.42479
35600 4.42478
35601 4.42478
35602 4.42478
35603 4.42477
35604 4.42477
35605 4.42477
35606 4.42476
35607 4.42476
35608 4.42476
35609 4.42475
35610 4.42475
35611 4.42475
35612 4.42474
35613 4.42474
35614 4.42474
35615 4.42474
35616 4.42473
35617 4.42473
35618 4.42473
35619 4.42472
35620 4.42472
35621 4.42472
35622 4.42471
35623 4.42471
35624 4.42471
35625 4.4247
35626 4.4247
35627 4.4247
35628 4.42469
35629 4.42469
35630 4.42469
35631 4.42469
35632 4.42468
35633 4.42468
35634 4.42468
35635 4.42467
35636 4.42467
35637 4.42467
35638 4.42466
35639 4.42466
35640 4.42466
35641 4.42465
35642 4.42465
35643 4.42465
35644 4.42464
35645 4.42464
35646 4.42464
35647 4.42464
35648 4.42463
35649 4.42463
35650 4.42463
35651 4.42462
35652 4.42462
35653 4.42462
35654 4.42461
35655 4.42461
35656 4.42461
35657 4.4246
35658 4.4246
35659 4.4246
35660 4.42459
35661 4.42459
35662 4.42459
35663 4.42458
35664 4.42458
35665 4.42458
35666 4.42458
35667 4.42457
35668 4.42457
35669 4.42457
35670 4.42456
35671 4.42456
35672 4.42456
35673 4.42455
35674 4.42455
35675 4.42455
35676 4.42454
35677 4.42454
35678 4.42454
35679 4.42454
35680 4.42453
35681 4.42453
35682 4.42453
35683 4.42452
35684 4.42452
35685 4.42452
35686 4.42451
35687 4.42451
35688 4.42451
35689 4.4245
35690 4.4245
35691 4.4245
35692 4.42449
35693 4.42449
35694 4.42449
35695 4.42449
35696 4.42448
35697 4.42448
35698 4.42448
35699 4.42447
35700 4.42447
35701 4.42447
35702 4.42446
35703 4.42446
35704 4.42446
35705 4.42445
35706 4.42445
35707 4.42445
35708 4.42444
35709 4.42444
35710 4.42444
35711 4.42444
35712 4.42443
35713 4.42443
35714 4.42443
35715 4.42442
35716 4.42442
35717 4.42442
35718 4.42441
35719 4.42441
35720 4.42441
35721 4.4244
35722 4.4244
35723 4.4244
35724 4.4244
35725 4.42439
35726 4.42439
35727 4.42439
35728 4.42438
35729 4.42438
35730 4.42438
35731 4.42437
35732 4.42437
35733 4.42437
35734 4.42436
35735 4.42436
35736 4.42436
35737 4.42435
35738 4.42435
35739 4.42435
35740 4.42435
35741 4.42434
35742 4.42434
35743 4.42434
35744 4.42433
35745 4.42433
35746 4.42433
35747 4.42432
35748 4.42432
35749 4.42432
35750 4.42431
35751 4.42431
35752 4.42431
35753 4.42431
35754 4.4243
35755 4.4243
35756 4.4243
35757 4.42429
35758 4.42429
35759 4.42429
35760 4.42428
35761 4.42428
35762 4.42428
35763 4.42427
35764 4.42427
35765 4.42427
35766 4.42427
35767 4.42426
35768 4.42426
35769 4.42426
35770 4.42425
35771 4.42425
35772 4.42425
35773 4.42424
35774 4.42424
35775 4.42424
35776 4.42423
35777 4.42423
35778 4.42423
35779 4.42423
35780 4.42422
35781 4.42422
35782 4.42422
35783 4.42421
35784 4.42421
35785 4.42421
35786 4.4242
35787 4.4242
35788 4.4242
35789 4.42419
35790 4.42419
35791 4.42419
35792 4.42419
35793 4.42418
35794 4.42418
35795 4.42418
35796 4.42417
35797 4.42417
35798 4.42417
35799 4.42416
35800 4.42416
35801 4.42416
35802 4.42415
35803 4.42415
35804 4.42415
35805 4.42415
35806 4.42414
35807 4.42414
35808 4.42414
35809 4.42413
35810 4.42413
35811 4.42413
35812 4.42412
35813 4.42412
35814 4.42412
35815 4.42411
35816 4.42411
35817 4.42411
35818 4.42411
35819 4.4241
35820 4.4241
35821 4.4241
35822 4.42409
35823 4.42409
35824 4.42409
35825 4.42408
35826 4.42408
35827 4.42408
35828 4.42407
35829 4.42407
35830 4.42407
35831 4.42407
35832 4.42406
35833 4.42406
35834 4.42406
35835 4.42405
35836 4.42405
35837 4.42405
35838 4.42404
35839 4.42404
35840 4.42404
35841 4.42404
35842 4.42403
35843 4.42403
35844 4.42403
35845 4.42402
35846 4.42402
35847 4.42402
35848 4.42401
35849 4.42401
35850 4.42401
35851 4.424
35852 4.424
35853 4.424
35854 4.424
35855 4.42399
35856 4.42399
35857 4.42399
35858 4.42398
35859 4.42398
35860 4.42398
35861 4.42397
35862 4.42397
35863 4.42397
35864 4.42396
35865 4.42396
35866 4.42396
35867 4.42396
35868 4.42395
35869 4.42395
35870 4.42395
35871 4.42394
35872 4.42394
35873 4.42394
35874 4.42393
35875 4.42393
35876 4.42393
35877 4.42393
35878 4.42392
35879 4.42392
35880 4.42392
35881 4.42391
35882 4.42391
35883 4.42391
35884 4.4239
35885 4.4239
35886 4.4239
35887 4.42389
35888 4.42389
35889 4.42389
35890 4.42389
35891 4.42388
35892 4.42388
35893 4.42388
35894 4.42387
35895 4.42387
35896 4.42387
35897 4.42386
35898 4.42386
35899 4.42386
35900 4.42386
35901 4.42385
35902 4.42385
35903 4.42385
35904 4.42384
35905 4.42384
35906 4.42384
35907 4.42383
35908 4.42383
35909 4.42383
35910 4.42383
35911 4.42382
35912 4.42382
35913 4.42382
35914 4.42381
35915 4.42381
35916 4.42381
35917 4.4238
35918 4.4238
35919 4.4238
35920 4.42379
35921 4.42379
35922 4.42379
35923 4.42379
35924 4.42378
35925 4.42378
35926 4.42378
35927 4.42377
35928 4.42377
35929 4.42377
35930 4.42376
35931 4.42376
35932 4.42376
35933 4.42376
35934 4.42375
35935 4.42375
35936 4.42375
35937 4.42374
35938 4.42374
35939 4.42374
35940 4.42373
35941 4.42373
35942 4.42373
35943 4.42373
35944 4.42372
35945 4.42372
35946 4.42372
35947 4.42371
35948 4.42371
35949 4.42371
35950 4.4237
35951 4.4237
35952 4.4237
35953 4.4237
35954 4.42369
35955 4.42369
35956 4.42369
35957 4.42368
35958 4.42368
35959 4.42368
35960 4.42367
35961 4.42367
35962 4.42367
35963 4.42367
35964 4.42366
35965 4.42366
35966 4.42366
35967 4.42365
35968 4.42365
35969 4.42365
35970 4.42364
35971 4.42364
35972 4.42364
35973 4.42364
35974 4.42363
35975 4.42363
35976 4.42363
35977 4.42362
35978 4.42362
35979 4.42362
35980 4.42361
35981 4.42361
35982 4.42361
35983 4.42361
35984 4.4236
35985 4.4236
35986 4.4236
35987 4.42359
35988 4.42359
35989 4.42359
35990 4.42358
35991 4.42358
35992 4.42358
35993 4.42358
35994 4.42357
35995 4.42357
35996 4.42357
35997 4.42356
35998 4.42356
35999 4.42356
36000 4.42355
36001 4.42355
36002 4.42355
36003 4.42355
36004 4.42354
36005 4.42354
36006 4.42354
36007 4.42353
36008 4.42353
36009 4.42353
36010 4.42352
36011 4.42352
36012 4.42352
36013 4.42352
36014 4.42351
36015 4.42351
36016 4.42351
36017 4.4235
36018 4.4235
36019 4.4235
36020 4.42349
36021 4.42349
36022 4.42349
36023 4.42349
36024 4.42348
36025 4.42348
36026 4.42348
36027 4.42347
36028 4.42347
36029 4.42347
36030 4.42346
36031 4.42346
36032 4.42346
36033 4.42346
36034 4.42345
36035 4.42345
36036 4.42345
36037 4.42344
36038 4.42344
36039 4.42344
36040 4.42343
36041 4.42343
36042 4.42343
36043 4.42343
36044 4.42342
36045 4.42342
36046 4.42342
36047 4.42341
36048 4.42341
36049 4.42341
36050 4.4234
36051 4.4234
36052 4.4234
36053 4.4234
36054 4.42339
36055 4.42339
36056 4.42339
36057 4.42338
36058 4.42338
36059 4.42338
36060 4.42338
36061 4.42337
36062 4.42337
36063 4.42337
36064 4.42336
36065 4.42336
36066 4.42336
36067 4.42335
36068 4.42335
36069 4.42335
36070 4.42335
36071 4.42334
36072 4.42334
36073 4.42334
36074 4.42333
36075 4.42333
36076 4.42333
36077 4.42332
36078 4.42332
36079 4.42332
36080 4.42332
36081 4.42331
36082 4.42331
36083 4.42331
36084 4.4233
36085 4.4233
36086 4.4233
36087 4.4233
36088 4.42329
36089 4.42329
36090 4.42329
36091 4.42328
36092 4.42328
36093 4.42328
36094 4.42327
36095 4.42327
36096 4.42327
36097 4.42327
36098 4.42326
36099 4.42326
36100 4.42326
36101 4.42325
36102 4.42325
36103 4.42325
36104 4.42324
36105 4.42324
36106 4.42324
36107 4.42324
36108 4.42323
36109 4.42323
36110 4.42323
36111 4.42322
36112 4.42322
36113 4.42322
36114 4.42322
36115 4.42321
36116 4.42321
36117 4.42321
36118 4.4232
36119 4.4232
36120 4.4232
36121 4.42319
36122 4.42319
36123 4.42319
36124 4.42319
36125 4.42318
36126 4.42318
36127 4.42318
36128 4.42317
36129 4.42317
36130 4.42317
36131 4.42317
36132 4.42316
36133 4.42316
36134 4.42316
36135 4.42315
36136 4.42315
36137 4.42315
36138 4.42314
36139 4.42314
36140 4.42314
36141 4.42314
36142 4.42313
36143 4.42313
36144 4.42313
36145 4.42312
36146 4.42312
36147 4.42312
36148 4.42312
36149 4.42311
36150 4.42311
36151 4.42311
36152 4.4231
36153 4.4231
36154 4.4231
36155 4.42309
36156 4.42309
36157 4.42309
36158 4.42309
36159 4.42308
36160 4.42308
36161 4.42308
36162 4.42307
36163 4.42307
36164 4.42307
36165 4.42307
36166 4.42306
36167 4.42306
36168 4.42306
36169 4.42305
36170 4.42305
36171 4.42305
36172 4.42304
36173 4.42304
36174 4.42304
36175 4.42304
36176 4.42303
36177 4.42303
36178 4.42303
36179 4.42302
36180 4.42302
36181 4.42302
36182 4.42302
36183 4.42301
36184 4.42301
36185 4.42301
36186 4.423
36187 4.423
36188 4.423
36189 4.42299
36190 4.42299
36191 4.42299
36192 4.42299
36193 4.42298
36194 4.42298
36195 4.42298
36196 4.42297
36197 4.42297
36198 4.42297
36199 4.42297
36200 4.42296
36201 4.42296
36202 4.42296
36203 4.42295
36204 4.42295
36205 4.42295
36206 4.42295
36207 4.42294
36208 4.42294
36209 4.42294
36210 4.42293
36211 4.42293
36212 4.42293
36213 4.42292
36214 4.42292
36215 4.42292
36216 4.42292
36217 4.42291
36218 4.42291
36219 4.42291
36220 4.4229
36221 4.4229
36222 4.4229
36223 4.4229
36224 4.42289
36225 4.42289
36226 4.42289
36227 4.42288
36228 4.42288
36229 4.42288
36230 4.42288
36231 4.42287
36232 4.42287
36233 4.42287
36234 4.42286
36235 4.42286
36236 4.42286
36237 4.42286
36238 4.42285
36239 4.42285
36240 4.42285
36241 4.42284
36242 4.42284
36243 4.42284
36244 4.42283
36245 4.42283
36246 4.42283
36247 4.42283
36248 4.42282
36249 4.42282
36250 4.42282
36251 4.42281
36252 4.42281
36253 4.42281
36254 4.42281
36255 4.4228
36256 4.4228
36257 4.4228
36258 4.42279
36259 4.42279
36260 4.42279
36261 4.42279
36262 4.42278
36263 4.42278
36264 4.42278
36265 4.42277
36266 4.42277
36267 4.42277
36268 4.42277
36269 4.42276
36270 4.42276
36271 4.42276
36272 4.42275
36273 4.42275
36274 4.42275
36275 4.42274
36276 4.42274
36277 4.42274
36278 4.42274
36279 4.42273
36280 4.42273
36281 4.42273
36282 4.42272
36283 4.42272
36284 4.42272
36285 4.42272
36286 4.42271
36287 4.42271
36288 4.42271
36289 4.4227
36290 4.4227
36291 4.4227
36292 4.4227
36293 4.42269
36294 4.42269
36295 4.42269
36296 4.42268
36297 4.42268
36298 4.42268
36299 4.42268
36300 4.42267
36301 4.42267
36302 4.42267
36303 4.42266
36304 4.42266
36305 4.42266
36306 4.42266
36307 4.42265
36308 4.42265
36309 4.42265
36310 4.42264
36311 4.42264
36312 4.42264
36313 4.42264
36314 4.42263
36315 4.42263
36316 4.42263
36317 4.42262
36318 4.42262
36319 4.42262
36320 4.42262
36321 4.42261
36322 4.42261
36323 4.42261
36324 4.4226
36325 4.4226
36326 4.4226
36327 4.42259
36328 4.42259
36329 4.42259
36330 4.42259
36331 4.42258
36332 4.42258
36333 4.42258
36334 4.42257
36335 4.42257
36336 4.42257
36337 4.42257
36338 4.42256
36339 4.42256
36340 4.42256
36341 4.42255
36342 4.42255
36343 4.42255
36344 4.42255
36345 4.42254
36346 4.42254
36347 4.42254
36348 4.42253
36349 4.42253
36350 4.42253
36351 4.42253
36352 4.42252
36353 4.42252
36354 4.42252
36355 4.42251
36356 4.42251
36357 4.42251
36358 4.42251
36359 4.4225
36360 4.4225
36361 4.4225
36362 4.42249
36363 4.42249
36364 4.42249
36365 4.42249
36366 4.42248
36367 4.42248
36368 4.42248
36369 4.42247
36370 4.42247
36371 4.42247
36372 4.42247
36373 4.42246
36374 4.42246
36375 4.42246
36376 4.42245
36377 4.42245
36378 4.42245
36379 4.42245
36380 4.42244
36381 4.42244
36382 4.42244
36383 4.42243
36384 4.42243
36385 4.42243
36386 4.42243
36387 4.42242
36388 4.42242
36389 4.42242
36390 4.42241
36391 4.42241
36392 4.42241
36393 4.42241
36394 4.4224
36395 4.4224
36396 4.4224
36397 4.42239
36398 4.42239
36399 4.42239
36400 4.42239
36401 4.42238
36402 4.42238
36403 4.42238
36404 4.42237
36405 4.42237
36406 4.42237
36407 4.42237
36408 4.42236
36409 4.42236
36410 4.42236
36411 4.42235
36412 4.42235
36413 4.42235
36414 4.42235
36415 4.42234
36416 4.42234
36417 4.42234
36418 4.42233
36419 4.42233
36420 4.42233
36421 4.42233
36422 4.42232
36423 4.42232
36424 4.42232
36425 4.42232
36426 4.42231
36427 4.42231
36428 4.42231
36429 4.4223
36430 4.4223
36431 4.4223
36432 4.4223
36433 4.42229
36434 4.42229
36435 4.42229
36436 4.42228
36437 4.42228
36438 4.42228
36439 4.42228
36440 4.42227
36441 4.42227
36442 4.42227
36443 4.42226
36444 4.42226
36445 4.42226
36446 4.42226
36447 4.42225
36448 4.42225
36449 4.42225
36450 4.42224
36451 4.42224
36452 4.42224
36453 4.42224
36454 4.42223
36455 4.42223
36456 4.42223
36457 4.42222
36458 4.42222
36459 4.42222
36460 4.42222
36461 4.42221
36462 4.42221
36463 4.42221
36464 4.4222
36465 4.4222
36466 4.4222
36467 4.4222
36468 4.42219
36469 4.42219
36470 4.42219
36471 4.42218
36472 4.42218
36473 4.42218
36474 4.42218
36475 4.42217
36476 4.42217
36477 4.42217
36478 4.42217
36479 4.42216
36480 4.42216
36481 4.42216
36482 4.42215
36483 4.42215
36484 4.42215
36485 4.42215
36486 4.42214
36487 4.42214
36488 4.42214
36489 4.42213
36490 4.42213
36491 4.42213
36492 4.42213
36493 4.42212
36494 4.42212
36495 4.42212
36496 4.42211
36497 4.42211
36498 4.42211
36499 4.42211
36500 4.4221
36501 4.4221
36502 4.4221
36503 4.42209
36504 4.42209
36505 4.42209
36506 4.42209
36507 4.42208
36508 4.42208
36509 4.42208
36510 4.42208
36511 4.42207
36512 4.42207
36513 4.42207
36514 4.42206
36515 4.42206
36516 4.42206
36517 4.42206
36518 4.42205
36519 4.42205
36520 4.42205
36521 4.42204
36522 4.42204
36523 4.42204
36524 4.42204
36525 4.42203
36526 4.42203
36527 4.42203
36528 4.42202
36529 4.42202
36530 4.42202
36531 4.42202
36532 4.42201
36533 4.42201
36534 4.42201
36535 4.42201
36536 4.422
36537 4.422
36538 4.422
36539 4.42199
36540 4.42199
36541 4.42199
36542 4.42199
36543 4.42198
36544 4.42198
36545 4.42198
36546 4.42197
36547 4.42197
36548 4.42197
36549 4.42197
36550 4.42196
36551 4.42196
36552 4.42196
36553 4.42195
36554 4.42195
36555 4.42195
36556 4.42195
36557 4.42194
36558 4.42194
36559 4.42194
36560 4.42194
36561 4.42193
36562 4.42193
36563 4.42193
36564 4.42192
36565 4.42192
36566 4.42192
36567 4.42192
36568 4.42191
36569 4.42191
36570 4.42191
36571 4.4219
36572 4.4219
36573 4.4219
36574 4.4219
36575 4.42189
36576 4.42189
36577 4.42189
36578 4.42189
36579 4.42188
36580 4.42188
36581 4.42188
36582 4.42187
36583 4.42187
36584 4.42187
36585 4.42187
36586 4.42186
36587 4.42186
36588 4.42186
36589 4.42185
36590 4.42185
36591 4.42185
36592 4.42185
36593 4.42184
36594 4.42184
36595 4.42184
36596 4.42184
36597 4.42183
36598 4.42183
36599 4.42183
36600 4.42182
36601 4.42182
36602 4.42182
36603 4.42182
36604 4.42181
36605 4.42181
36606 4.42181
36607 4.4218
36608 4.4218
36609 4.4218
36610 4.4218
36611 4.42179
36612 4.42179
36613 4.42179
36614 4.42179
36615 4.42178
36616 4.42178
36617 4.42178
36618 4.42177
36619 4.42177
36620 4.42177
36621 4.42177
36622 4.42176
36623 4.42176
36624 4.42176
36625 4.42175
36626 4.42175
36627 4.42175
36628 4.42175
36629 4.42174
36630 4.42174
36631 4.42174
36632 4.42174
36633 4.42173
36634 4.42173
36635 4.42173
36636 4.42172
36637 4.42172
36638 4.42172
36639 4.42172
36640 4.42171
36641 4.42171
36642 4.42171
36643 4.4217
36644 4.4217
36645 4.4217
36646 4.4217
36647 4.42169
36648 4.42169
36649 4.42169
36650 4.42169
36651 4.42168
36652 4.42168
36653 4.42168
36654 4.42167
36655 4.42167
36656 4.42167
36657 4.42167
36658 4.42166
36659 4.42166
36660 4.42166
36661 4.42166
36662 4.42165
36663 4.42165
36664 4.42165
36665 4.42164
36666 4.42164
36667 4.42164
36668 4.42164
36669 4.42163
36670 4.42163
36671 4.42163
36672 4.42162
36673 4.42162
36674 4.42162
36675 4.42162
36676 4.42161
36677 4.42161
36678 4.42161
36679 4.42161
36680 4.4216
36681 4.4216
36682 4.4216
36683 4.42159
36684 4.42159
36685 4.42159
36686 4.42159
36687 4.42158
36688 4.42158
36689 4.42158
36690 4.42158
36691 4.42157
36692 4.42157
36693 4.42157
36694 4.42156
36695 4.42156
36696 4.42156
36697 4.42156
36698 4.42155
36699 4.42155
36700 4.42155
36701 4.42155
36702 4.42154
36703 4.42154
36704 4.42154
36705 4.42153
36706 4.42153
36707 4.42153
36708 4.42153
36709 4.42152
36710 4.42152
36711 4.42152
36712 4.42152
36713 4.42151
36714 4.42151
36715 4.42151
36716 4.4215
36717 4.4215
36718 4.4215
36719 4.4215
36720 4.42149
36721 4.42149
36722 4.42149
36723 4.42149
36724 4.42148
36725 4.42148
36726 4.42148
36727 4.42147
36728 4.42147
36729 4.42147
36730 4.42147
36731 4.42146
36732 4.42146
36733 4.42146
36734 4.42146
36735 4.42145
36736 4.42145
36737 4.42145
36738 4.42144
36739 4.42144
36740 4.42144
36741 4.42144
36742 4.42143
36743 4.42143
36744 4.42143
36745 4.42143
36746 4.42142
36747 4.42142
36748 4.42142
36749 4.42141
36750 4.42141
36751 4.42141
36752 4.42141
36753 4.4214
36754 4.4214
36755 4.4214
36756 4.4214
36757 4.42139
36758 4.42139
36759 4.42139
36760 4.42138
36761 4.42138
36762 4.42138
36763 4.42138
36764 4.42137
36765 4.42137
36766 4.42137
36767 4.42137
36768 4.42136
36769 4.42136
36770 4.42136
36771 4.42135
36772 4.42135
36773 4.42135
36774 4.42135
36775 4.42134
36776 4.42134
36777 4.42134
36778 4.42134
36779 4.42133
36780 4.42133
36781 4.42133
36782 4.42132
36783 4.42132
36784 4.42132
36785 4.42132
36786 4.42131
36787 4.42131
36788 4.42131
36789 4.42131
36790 4.4213
36791 4.4213
36792 4.4213
36793 4.42129
36794 4.42129
36795 4.42129
36796 4.42129
36797 4.42128
36798 4.42128
36799 4.42128
36800 4.42128
36801 4.42127
36802 4.42127
36803 4.42127
36804 4.42126
36805 4.42126
36806 4.42126
36807 4.42126
36808 4.42125
36809 4.42125
36810 4.42125
36811 4.42125
36812 4.42124
36813 4.42124
36814 4.42124
36815 4.42124
36816 4.42123
36817 4.42123
36818 4.42123
36819 4.42122
36820 4.42122
36821 4.42122
36822 4.42122
36823 4.42121
36824 4.42121
36825 4.42121
36826 4.42121
36827 4.4212
36828 4.4212
36829 4.4212
36830 4.42119
36831 4.42119
36832 4.42119
36833 4.42119
36834 4.42118
36835 4.42118
36836 4.42118
36837 4.42118
36838 4.42117
36839 4.42117
36840 4.42117
36841 4.42117
36842 4.42116
36843 4.42116
36844 4.42116
36845 4.42115
36846 4.42115
36847 4.42115
36848 4.42115
36849 4.42114
36850 4.42114
36851 4.42114
36852 4.42114
36853 4.42113
36854 4.42113
36855 4.42113
36856 4.42112
36857 4.42112
36858 4.42112
36859 4.42112
36860 4.42111
36861 4.42111
36862 4.42111
36863 4.42111
36864 4.4211
36865 4.4211
36866 4.4211
36867 4.4211
36868 4.42109
36869 4.42109
36870 4.42109
36871 4.42108
36872 4.42108
36873 4.42108
36874 4.42108
36875 4.42107
36876 4.42107
36877 4.42107
36878 4.42107
36879 4.42106
36880 4.42106
36881 4.42106
36882 4.42106
36883 4.42105
36884 4.42105
36885 4.42105
36886 4.42104
36887 4.42104
36888 4.42104
36889 4.42104
36890 4.42103
36891 4.42103
36892 4.42103
36893 4.42103
36894 4.42102
36895 4.42102
36896 4.42102
36897 4.42101
36898 4.42101
36899 4.42101
36900 4.42101
36901 4.421
36902 4.421
36903 4.421
36904 4.421
36905 4.42099
36906 4.42099
36907 4.42099
36908 4.42099
36909 4.42098
36910 4.42098
36911 4.42098
36912 4.42097
36913 4.42097
36914 4.42097
36915 4.42097
36916 4.42096
36917 4.42096
36918 4.42096
36919 4.42096
36920 4.42095
36921 4.42095
36922 4.42095
36923 4.42095
36924 4.42094
36925 4.42094
36926 4.42094
36927 4.42093
36928 4.42093
36929 4.42093
36930 4.42093
36931 4.42092
36932 4.42092
36933 4.42092
36934 4.42092
36935 4.42091
36936 4.42091
36937 4.42091
36938 4.42091
36939 4.4209
36940 4.4209
36941 4.4209
36942 4.42089
36943 4.42089
36944 4.42089
36945 4.42089
36946 4.42088
36947 4.42088
36948 4.42088
36949 4.42088
36950 4.42087
36951 4.42087
36952 4.42087
36953 4.42087
36954 4.42086
36955 4.42086
36956 4.42086
36957 4.42086
36958 4.42085
36959 4.42085
36960 4.42085
36961 4.42084
36962 4.42084
36963 4.42084
36964 4.42084
36965 4.42083
36966 4.42083
36967 4.42083
36968 4.42083
36969 4.42082
36970 4.42082
36971 4.42082
36972 4.42082
36973 4.42081
36974 4.42081
36975 4.42081
36976 4.4208
36977 4.4208
36978 4.4208
36979 4.4208
36980 4.42079
36981 4.42079
36982 4.42079
36983 4.42079
36984 4.42078
36985 4.42078
36986 4.42078
36987 4.42078
36988 4.42077
36989 4.42077
36990 4.42077
36991 4.42077
36992 4.42076
36993 4.42076
36994 4.42076
36995 4.42075
36996 4.42075
36997 4.42075
36998 4.42075
36999 4.42074
37000 4.42074
37001 4.42074
37002 4.42074
37003 4.42073
37004 4.42073
37005 4.42073
37006 4.42073
37007 4.42072
37008 4.42072
37009 4.42072
37010 4.42072
37011 4.42071
37012 4.42071
37013 4.42071
37014 4.4207
37015 4.4207
37016 4.4207
37017 4.4207
37018 4.42069
37019 4.42069
37020 4.42069
37021 4.42069
37022 4.42068
37023 4.42068
37024 4.42068
37025 4.42068
37026 4.42067
37027 4.42067
37028 4.42067
37029 4.42067
37030 4.42066
37031 4.42066
37032 4.42066
37033 4.42065
37034 4.42065
37035 4.42065
37036 4.42065
37037 4.42064
37038 4.42064
37039 4.42064
37040 4.42064
37041 4.42063
37042 4.42063
37043 4.42063
37044 4.42063
37045 4.42062
37046 4.42062
37047 4.42062
37048 4.42062
37049 4.42061
37050 4.42061
37051 4.42061
37052 4.4206
37053 4.4206
37054 4.4206
37055 4.4206
37056 4.42059
37057 4.42059
37058 4.42059
37059 4.42059
37060 4.42058
37061 4.42058
37062 4.42058
37063 4.42058
37064 4.42057
37065 4.42057
37066 4.42057
37067 4.42057
37068 4.42056
37069 4.42056
37070 4.42056
37071 4.42055
37072 4.42055
37073 4.42055
37074 4.42055
37075 4.42054
37076 4.42054
37077 4.42054
37078 4.42054
37079 4.42053
37080 4.42053
37081 4.42053
37082 4.42053
37083 4.42052
37084 4.42052
37085 4.42052
37086 4.42052
37087 4.42051
37088 4.42051
37089 4.42051
37090 4.42051
37091 4.4205
37092 4.4205
37093 4.4205
37094 4.42049
37095 4.42049
37096 4.42049
37097 4.42049
37098 4.42048
37099 4.42048
37100 4.42048
37101 4.42048
37102 4.42047
37103 4.42047
37104 4.42047
37105 4.42047
37106 4.42046
37107 4.42046
37108 4.42046
37109 4.42046
37110 4.42045
37111 4.42045
37112 4.42045
37113 4.42045
37114 4.42044
37115 4.42044
37116 4.42044
37117 4.42044
37118 4.42043
37119 4.42043
37120 4.42043
37121 4.42042
37122 4.42042
37123 4.42042
37124 4.42042
37125 4.42041
37126 4.42041
37127 4.42041
37128 4.42041
37129 4.4204
37130 4.4204
37131 4.4204
37132 4.4204
37133 4.42039
37134 4.42039
37135 4.42039
37136 4.42039
37137 4.42038
37138 4.42038
37139 4.42038
37140 4.42038
37141 4.42037
37142 4.42037
37143 4.42037
37144 4.42037
37145 4.42036
37146 4.42036
37147 4.42036
37148 4.42035
37149 4.42035
37150 4.42035
37151 4.42035
37152 4.42034
37153 4.42034
37154 4.42034
37155 4.42034
37156 4.42033
37157 4.42033
37158 4.42033
37159 4.42033
37160 4.42032
37161 4.42032
37162 4.42032
37163 4.42032
37164 4.42031
37165 4.42031
37166 4.42031
37167 4.42031
37168 4.4203
37169 4.4203
37170 4.4203
37171 4.4203
37172 4.42029
37173 4.42029
37174 4.42029
37175 4.42028
37176 4.42028
37177 4.42028
37178 4.42028
37179 4.42027
37180 4.42027
37181 4.42027
37182 4.42027
37183 4.42026
37184 4.42026
37185 4.42026
37186 4.42026
37187 4.42025
37188 4.42025
37189 4.42025
37190 4.42025
37191 4.42024
37192 4.42024
37193 4.42024
37194 4.42024
37195 4.42023
37196 4.42023
37197 4.42023
37198 4.42023
37199 4.42022
37200 4.42022
37201 4.42022
37202 4.42022
37203 4.42021
37204 4.42021
37205 4.42021
37206 4.42021
37207 4.4202
37208 4.4202
37209 4.4202
37210 4.42019
37211 4.42019
37212 4.42019
37213 4.42019
37214 4.42018
37215 4.42018
37216 4.42018
37217 4.42018
37218 4.42017
37219 4.42017
37220 4.42017
37221 4.42017
37222 4.42016
37223 4.42016
37224 4.42016
37225 4.42016
37226 4.42015
37227 4.42015
37228 4.42015
37229 4.42015
37230 4.42014
37231 4.42014
37232 4.42014
37233 4.42014
37234 4.42013
37235 4.42013
37236 4.42013
37237 4.42013
37238 4.42012
37239 4.42012
37240 4.42012
37241 4.42012
37242 4.42011
37243 4.42011
37244 4.42011
37245 4.42011
37246 4.4201
37247 4.4201
37248 4.4201
37249 4.42009
37250 4.42009
37251 4.42009
37252 4.42009
37253 4.42008
37254 4.42008
37255 4.42008
37256 4.42008
37257 4.42007
37258 4.42007
37259 4.42007
37260 4.42007
37261 4.42006
37262 4.42006
37263 4.42006
37264 4.42006
37265 4.42005
37266 4.42005
37267 4.42005
37268 4.42005
37269 4.42004
37270 4.42004
37271 4.42004
37272 4.42004
37273 4.42003
37274 4.42003
37275 4.42003
37276 4.42003
37277 4.42002
37278 4.42002
37279 4.42002
37280 4.42002
37281 4.42001
37282 4.42001
37283 4.42001
37284 4.42001
37285 4.42
37286 4.42
37287 4.42
37288 4.42
37289 4.41999
37290 4.41999
37291 4.41999
37292 4.41999
37293 4.41998
37294 4.41998
37295 4.41998
37296 4.41998
37297 4.41997
37298 4.41997
37299 4.41997
37300 4.41997
37301 4.41996
37302 4.41996
37303 4.41996
37304 4.41995
37305 4.41995
37306 4.41995
37307 4.41995
37308 4.41994
37309 4.41994
37310 4.41994
37311 4.41994
37312 4.41993
37313 4.41993
37314 4.41993
37315 4.41993
37316 4.41992
37317 4.41992
37318 4.41992
37319 4.41992
37320 4.41991
37321 4.41991
37322 4.41991
37323 4.41991
37324 4.4199
37325 4.4199
37326 4.4199
37327 4.4199
37328 4.41989
37329 4.41989
37330 4.41989
37331 4.41989
37332 4.41988
37333 4.41988
37334 4.41988
37335 4.41988
37336 4.41987
37337 4.41987
37338 4.41987
37339 4.41987
37340 4.41986
37341 4.41986
37342 4.41986
37343 4.41986
37344 4.41985
37345 4.41985
37346 4.41985
37347 4.41985
37348 4.41984
37349 4.41984
37350 4.41984
37351 4.41984
37352 4.41983
37353 4.41983
37354 4.41983
37355 4.41983
37356 4.41982
37357 4.41982
37358 4.41982
37359 4.41982
37360 4.41981
37361 4.41981
37362 4.41981
37363 4.41981
37364 4.4198
37365 4.4198
37366 4.4198
37367 4.4198
37368 4.41979
37369 4.41979
37370 4.41979
37371 4.41979
37372 4.41978
37373 4.41978
37374 4.41978
37375 4.41978
37376 4.41977
37377 4.41977
37378 4.41977
37379 4.41977
37380 4.41976
37381 4.41976
37382 4.41976
37383 4.41976
37384 4.41975
37385 4.41975
37386 4.41975
37387 4.41975
37388 4.41974
37389 4.41974
37390 4.41974
37391 4.41974
37392 4.41973
37393 4.41973
37394 4.41973
37395 4.41973
37396 4.41972
37397 4.41972
37398 4.41972
37399 4.41972
37400 4.41971
37401 4.41971
37402 4.41971
37403 4.41971
37404 4.4197
37405 4.4197
37406 4.4197
37407 4.4197
37408 4.41969
37409 4.41969
37410 4.41969
37411 4.41969
37412 4.41968
37413 4.41968
37414 4.41968
37415 4.41968
37416 4.41967
37417 4.41967
37418 4.41967
37419 4.41967
37420 4.41966
37421 4.41966
37422 4.41966
37423 4.41966
37424 4.41965
37425 4.41965
37426 4.41965
37427 4.41965
37428 4.41964
37429 4.41964
37430 4.41964
37431 4.41964
37432 4.41963
37433 4.41963
37434 4.41963
37435 4.41963
37436 4.41962
37437 4.41962
37438 4.41962
37439 4.41962
37440 4.41961
37441 4.41961
37442 4.41961
37443 4.41961
37444 4.4196
37445 4.4196
37446 4.4196
37447 4.4196
37448 4.41959
37449 4.41959
37450 4.41959
37451 4.41959
37452 4.41958
37453 4.41958
37454 4.41958
37455 4.41958
37456 4.41957
37457 4.41957
37458 4.41957
37459 4.41957
37460 4.41956
37461 4.41956
37462 4.41956
37463 4.41956
37464 4.41955
37465 4.41955
37466 4.41955
37467 4.41955
37468 4.41954
37469 4.41954
37470 4.41954
37471 4.41954
37472 4.41953
37473 4.41953
37474 4.41953
37475 4.41953
37476 4.41952
37477 4.41952
37478 4.41952
37479 4.41952
37480 4.41951
37481 4.41951
37482 4.41951
37483 4.41951
37484 4.4195
37485 4.4195
37486 4.4195
37487 4.4195
37488 4.41949
37489 4.41949
37490 4.41949
37491 4.41949
37492 4.41948
37493 4.41948
37494 4.41948
37495 4.41948
37496 4.41947
37497 4.41947
37498 4.41947
37499 4.41947
37500 4.41946
37501 4.41946
37502 4.41946
37503 4.41946
37504 4.41945
37505 4.41945
37506 4.41945
37507 4.41945
37508 4.41944
37509 4.41944
37510 4.41944
37511 4.41944
37512 4.41943
37513 4.41943
37514 4.41943
37515 4.41943
37516 4.41942
37517 4.41942
37518 4.41942
37519 4.41942
37520 4.41941
37521 4.41941
37522 4.41941
37523 4.41941
37524 4.4194
37525 4.4194
37526 4.4194
37527 4.4194
37528 4.41939
37529 4.41939
37530 4.41939
37531 4.41939
37532 4.41938
37533 4.41938
37534 4.41938
37535 4.41938
37536 4.41938
37537 4.41937
37538 4.41937
37539 4.41937
37540 4.41937
37541 4.41936
37542 4.41936
37543 4.41936
37544 4.41936
37545 4.41935
37546 4.41935
37547 4.41935
37548 4.41935
37549 4.41934
37550 4.41934
37551 4.41934
37552 4.41934
37553 4.41933
37554 4.41933
37555 4.41933
37556 4.41933
37557 4.41932
37558 4.41932
37559 4.41932
37560 4.41932
37561 4.41931
37562 4.41931
37563 4.41931
37564 4.41931
37565 4.4193
37566 4.4193
37567 4.4193
37568 4.4193
37569 4.41929
37570 4.41929
37571 4.41929
37572 4.41929
37573 4.41928
37574 4.41928
37575 4.41928
37576 4.41928
37577 4.41927
37578 4.41927
37579 4.41927
37580 4.41927
37581 4.41926
37582 4.41926
37583 4.41926
37584 4.41926
37585 4.41925
37586 4.41925
37587 4.41925
37588 4.41925
37589 4.41925
37590 4.41924
37591 4.41924
37592 4.41924
37593 4.41924
37594 4.41923
37595 4.41923
37596 4.41923
37597 4.41923
37598 4.41922
37599 4.41922
37600 4.41922
37601 4.41922
37602 4.41921
37603 4.41921
37604 4.41921
37605 4.41921
37606 4.4192
37607 4.4192
37608 4.4192
37609 4.4192
37610 4.41919
37611 4.41919
37612 4.41919
37613 4.41919
37614 4.41918
37615 4.41918
37616 4.41918
37617 4.41918
37618 4.41917
37619 4.41917
37620 4.41917
37621 4.41917
37622 4.41916
37623 4.41916
37624 4.41916
37625 4.41916
37626 4.41915
37627 4.41915
37628 4.41915
37629 4.41915
37630 4.41915
37631 4.41914
37632 4.41914
37633 4.41914
37634 4.41914
37635 4.41913
37636 4.41913
37637 4.41913
37638 4.41913
37639 4.41912
37640 4.41912
37641 4.41912
37642 4.41912
37643 4.41911
37644 4.41911
37645 4.41911
37646 4.41911
37647 4.4191
37648 4.4191
37649 4.4191
37650 4.4191
37651 4.41909
37652 4.41909
37653 4.41909
37654 4.41909
37655 4.41908
37656 4.41908
37657 4.41908
37658 4.41908
37659 4.41907
37660 4.41907
37661 4.41907
37662 4.41907
37663 4.41906
37664 4.41906
37665 4.41906
37666 4.41906
37667 4.41906
37668 4.41905
37669 4.41905
37670 4.41905
37671 4.41905
37672 4.41904
37673 4.41904
37674 4.41904
37675 4.41904
37676 4.41903
37677 4.41903
37678 4.41903
37679 4.41903
37680 4.41902
37681 4.41902
37682 4.41902
37683 4.41902
37684 4.41901
37685 4.41901
37686 4.41901
37687 4.41901
37688 4.419
37689 4.419
37690 4.419
37691 4.419
37692 4.41899
37693 4.41899
37694 4.41899
37695 4.41899
37696 4.41899
37697 4.41898
37698 4.41898
37699 4.41898
37700 4.41898
37701 4.41897
37702 4.41897
37703 4.41897
37704 4.41897
37705 4.41896
37706 4.41896
37707 4.41896
37708 4.41896
37709 4.41895
37710 4.41895
37711 4.41895
37712 4.41895
37713 4.41894
37714 4.41894
37715 4.41894
37716 4.41894
37717 4.41893
37718 4.41893
37719 4.41893
37720 4.41893
37721 4.41892
37722 4.41892
37723 4.41892
37724 4.41892
37725 4.41892
37726 4.41891
37727 4.41891
37728 4.41891
37729 4.41891
37730 4.4189
37731 4.4189
37732 4.4189
37733 4.4189
37734 4.41889
37735 4.41889
37736 4.41889
37737 4.41889
37738 4.41888
37739 4.41888
37740 4.41888
37741 4.41888
37742 4.41887
37743 4.41887
37744 4.41887
37745 4.41887
37746 4.41886
37747 4.41886
37748 4.41886
37749 4.41886
37750 4.41886
37751 4.41885
37752 4.41885
37753 4.41885
37754 4.41885
37755 4.41884
37756 4.41884
37757 4.41884
37758 4.41884
37759 4.41883
37760 4.41883
37761 4.41883
37762 4.41883
37763 4.41882
37764 4.41882
37765 4.41882
37766 4.41882
37767 4.41881
37768 4.41881
37769 4.41881
37770 4.41881
37771 4.41881
37772 4.4188
37773 4.4188
37774 4.4188
37775 4.4188
37776 4.41879
37777 4.41879
37778 4.41879
37779 4.41879
37780 4.41878
37781 4.41878
37782 4.41878
37783 4.41878
37784 4.41877
37785 4.41877
37786 4.41877
37787 4.41877
37788 4.41876
37789 4.41876
37790 4.41876
37791 4.41876
37792 4.41875
37793 4.41875
37794 4.41875
37795 4.41875
37796 4.41875
37797 4.41874
37798 4.41874
37799 4.41874
37800 4.41874
37801 4.41873
37802 4.41873
37803 4.41873
37804 4.41873
37805 4.41872
37806 4.41872
37807 4.41872
37808 4.41872
37809 4.41871
37810 4.41871
37811 4.41871
37812 4.41871
37813 4.41871
37814 4.4187
37815 4.4187
37816 4.4187
37817 4.4187
37818 4.41869
37819 4.41869
37820 4.41869
37821 4.41869
37822 4.41868
37823 4.41868
37824 4.41868
37825 4.41868
37826 4.41867
37827 4.41867
37828 4.41867
37829 4.41867
37830 4.41866
37831 4.41866
37832 4.41866
37833 4.41866
37834 4.41866
37835 4.41865
37836 4.41865
37837 4.41865
37838 4.41865
37839 4.41864
37840 4.41864
37841 4.41864
37842 4.41864
37843 4.41863
37844 4.41863
37845 4.41863
37846 4.41863
37847 4.41862
37848 4.41862
37849 4.41862
37850 4.41862
37851 4.41861
37852 4.41861
37853 4.41861
37854 4.41861
37855 4.41861
37856 4.4186
37857 4.4186
37858 4.4186
37859 4.4186
37860 4.41859
37861 4.41859
37862 4.41859
37863 4.41859
37864 4.41858
37865 4.41858
37866 4.41858
37867 4.41858
37868 4.41857
37869 4.41857
37870 4.41857
37871 4.41857
37872 4.41857
37873 4.41856
37874 4.41856
37875 4.41856
37876 4.41856
37877 4.41855
37878 4.41855
37879 4.41855
37880 4.41855
37881 4.41854
37882 4.41854
37883 4.41854
37884 4.41854
37885 4.41853
37886 4.41853
37887 4.41853
37888 4.41853
37889 4.41853
37890 4.41852
37891 4.41852
37892 4.41852
37893 4.41852
37894 4.41851
37895 4.41851
37896 4.41851
37897 4.41851
37898 4.4185
37899 4.4185
37900 4.4185
37901 4.4185
37902 4.41849
37903 4.41849
37904 4.41849
37905 4.41849
37906 4.41849
37907 4.41848
37908 4.41848
37909 4.41848
37910 4.41848
37911 4.41847
37912 4.41847
37913 4.41847
37914 4.41847
37915 4.41846
37916 4.41846
37917 4.41846
37918 4.41846
37919 4.41845
37920 4.41845
37921 4.41845
37922 4.41845
37923 4.41845
37924 4.41844
37925 4.41844
37926 4.41844
37927 4.41844
37928 4.41843
37929 4.41843
37930 4.41843
37931 4.41843
37932 4.41842
37933 4.41842
37934 4.41842
37935 4.41842
37936 4.41842
37937 4.41841
37938 4.41841
37939 4.41841
37940 4.41841
37941 4.4184
37942 4.4184
37943 4.4184
37944 4.4184
37945 4.41839
37946 4.41839
37947 4.41839
37948 4.41839
37949 4.41838
37950 4.41838
37951 4.41838
37952 4.41838
37953 4.41838
37954 4.41837
37955 4.41837
37956 4.41837
37957 4.41837
37958 4.41836
37959 4.41836
37960 4.41836
37961 4.41836
37962 4.41835
37963 4.41835
37964 4.41835
37965 4.41835
37966 4.41835
37967 4.41834
37968 4.41834
37969 4.41834
37970 4.41834
37971 4.41833
37972 4.41833
37973 4.41833
37974 4.41833
37975 4.41832
37976 4.41832
37977 4.41832
37978 4.41832
37979 4.41831
37980 4.41831
37981 4.41831
37982 4.41831
37983 4.41831
37984 4.4183
37985 4.4183
37986 4.4183
37987 4.4183
37988 4.41829
37989 4.41829
37990 4.41829
37991 4.41829
37992 4.41828
37993 4.41828
37994 4.41828
37995 4.41828
37996 4.41828
37997 4.41827
37998 4.41827
37999 4.41827
38000 4.41827
38001 4.41826
38002 4.41826
38003 4.41826
38004 4.41826
38005 4.41825
38006 4.41825
38007 4.41825
38008 4.41825
38009 4.41825
38010 4.41824
38011 4.41824
38012 4.41824
38013 4.41824
38014 4.41823
38015 4.41823
38016 4.41823
38017 4.41823
38018 4.41822
38019 4.41822
38020 4.41822
38021 4.41822
38022 4.41822
38023 4.41821
38024 4.41821
38025 4.41821
38026 4.41821
38027 4.4182
38028 4.4182
38029 4.4182
38030 4.4182
38031 4.41819
38032 4.41819
38033 4.41819
38034 4.41819
38035 4.41819
38036 4.41818
38037 4.41818
38038 4.41818
38039 4.41818
38040 4.41817
38041 4.41817
38042 4.41817
38043 4.41817
38044 4.41816
38045 4.41816
38046 4.41816
38047 4.41816
38048 4.41816
38049 4.41815
38050 4.41815
38051 4.41815
38052 4.41815
38053 4.41814
38054 4.41814
38055 4.41814
38056 4.41814
38057 4.41813
38058 4.41813
38059 4.41813
38060 4.41813
38061 4.41813
38062 4.41812
38063 4.41812
38064 4.41812
38065 4.41812
38066 4.41811
38067 4.41811
38068 4.41811
38069 4.41811
38070 4.4181
38071 4.4181
38072 4.4181
38073 4.4181
38074 4.4181
38075 4.41809
38076 4.41809
38077 4.41809
38078 4.41809
38079 4.41808
38080 4.41808
38081 4.41808
38082 4.41808
38083 4.41807
38084 4.41807
38085 4.41807
38086 4.41807
38087 4.41807
38088 4.41806
38089 4.41806
38090 4.41806
38091 4.41806
38092 4.41805
38093 4.41805
38094 4.41805
38095 4.41805
38096 4.41804
38097 4.41804
38098 4.41804
38099 4.41804
38100 4.41804
38101 4.41803
38102 4.41803
38103 4.41803
38104 4.41803
38105 4.41802
38106 4.41802
38107 4.41802
38108 4.41802
38109 4.41802
38110 4.41801
38111 4.41801
38112 4.41801
38113 4.41801
38114 4.418
38115 4.418
38116 4.418
38117 4.418
38118 4.41799
38119 4.41799
38120 4.41799
38121 4.41799
38122 4.41799
38123 4.41798
38124 4.41798
38125 4.41798
38126 4.41798
38127 4.41797
38128 4.41797
38129 4.41797
38130 4.41797
38131 4.41796
38132 4.41796
38133 4.41796
38134 4.41796
38135 4.41796
38136 4.41795
38137 4.41795
38138 4.41795
38139 4.41795
38140 4.41794
38141 4.41794
38142 4.41794
38143 4.41794
38144 4.41794
38145 4.41793
38146 4.41793
38147 4.41793
38148 4.41793
38149 4.41792
38150 4.41792
38151 4.41792
38152 4.41792
38153 4.41791
38154 4.41791
38155 4.41791
38156 4.41791
38157 4.41791
38158 4.4179
38159 4.4179
38160 4.4179
38161 4.4179
38162 4.41789
38163 4.41789
38164 4.41789
38165 4.41789
38166 4.41789
38167 4.41788
38168 4.41788
38169 4.41788
38170 4.41788
38171 4.41787
38172 4.41787
38173 4.41787
38174 4.41787
38175 4.41786
38176 4.41786
38177 4.41786
38178 4.41786
38179 4.41786
38180 4.41785
38181 4.41785
38182 4.41785
38183 4.41785
38184 4.41784
38185 4.41784
38186 4.41784
38187 4.41784
38188 4.41784
38189 4.41783
38190 4.41783
38191 4.41783
38192 4.41783
38193 4.41782
38194 4.41782
38195 4.41782
38196 4.41782
38197 4.41782
38198 4.41781
38199 4.41781
38200 4.41781
38201 4.41781
38202 4.4178
38203 4.4178
38204 4.4178
38205 4.4178
38206 4.41779
38207 4.41779
38208 4.41779
38209 4.41779
38210 4.41779
38211 4.41778
38212 4.41778
38213 4.41778
38214 4.41778
38215 4.41777
38216 4.41777
38217 4.41777
38218 4.41777
38219 4.41777
38220 4.41776
38221 4.41776
38222 4.41776
38223 4.41776
38224 4.41775
38225 4.41775
38226 4.41775
38227 4.41775
38228 4.41775
38229 4.41774
38230 4.41774
38231 4.41774
38232 4.41774
38233 4.41773
38234 4.41773
38235 4.41773
38236 4.41773
38237 4.41772
38238 4.41772
38239 4.41772
38240 4.41772
38241 4.41772
38242 4.41771
38243 4.41771
38244 4.41771
38245 4.41771
38246 4.4177
38247 4.4177
38248 4.4177
38249 4.4177
38250 4.4177
38251 4.41769
38252 4.41769
38253 4.41769
38254 4.41769
38255 4.41768
38256 4.41768
38257 4.41768
38258 4.41768
38259 4.41768
38260 4.41767
38261 4.41767
38262 4.41767
38263 4.41767
38264 4.41766
38265 4.41766
38266 4.41766
38267 4.41766
38268 4.41766
38269 4.41765
38270 4.41765
38271 4.41765
38272 4.41765
38273 4.41764
38274 4.41764
38275 4.41764
38276 4.41764
38277 4.41764
38278 4.41763
38279 4.41763
38280 4.41763
38281 4.41763
38282 4.41762
38283 4.41762
38284 4.41762
38285 4.41762
38286 4.41761
38287 4.41761
38288 4.41761
38289 4.41761
38290 4.41761
38291 4.4176
38292 4.4176
38293 4.4176
38294 4.4176
38295 4.41759
38296 4.41759
38297 4.41759
38298 4.41759
38299 4.41759
38300 4.41758
38301 4.41758
38302 4.41758
38303 4.41758
38304 4.41757
38305 4.41757
38306 4.41757
38307 4.41757
38308 4.41757
38309 4.41756
38310 4.41756
38311 4.41756
38312 4.41756
38313 4.41755
38314 4.41755
38315 4.41755
38316 4.41755
38317 4.41755
38318 4.41754
38319 4.41754
38320 4.41754
38321 4.41754
38322 4.41753
38323 4.41753
38324 4.41753
38325 4.41753
38326 4.41753
38327 4.41752
38328 4.41752
38329 4.41752
38330 4.41752
38331 4.41751
38332 4.41751
38333 4.41751
38334 4.41751
38335 4.41751
38336 4.4175
38337 4.4175
38338 4.4175
38339 4.4175
38340 4.41749
38341 4.41749
38342 4.41749
38343 4.41749
38344 4.41749
38345 4.41748
38346 4.41748
38347 4.41748
38348 4.41748
38349 4.41747
38350 4.41747
38351 4.41747
38352 4.41747
38353 4.41747
38354 4.41746
38355 4.41746
38356 4.41746
38357 4.41746
38358 4.41745
38359 4.41745
38360 4.41745
38361 4.41745
38362 4.41745
38363 4.41744
38364 4.41744
38365 4.41744
38366 4.41744
38367 4.41743
38368 4.41743
38369 4.41743
38370 4.41743
38371 4.41743
38372 4.41742
38373 4.41742
38374 4.41742
38375 4.41742
38376 4.41742
38377 4.41741
38378 4.41741
38379 4.41741
38380 4.41741
38381 4.4174
38382 4.4174
38383 4.4174
38384 4.4174
38385 4.4174
38386 4.41739
38387 4.41739
38388 4.41739
38389 4.41739
38390 4.41738
38391 4.41738
38392 4.41738
38393 4.41738
38394 4.41738
38395 4.41737
38396 4.41737
38397 4.41737
38398 4.41737
38399 4.41736
38400 4.41736
38401 4.41736
38402 4.41736
38403 4.41736
38404 4.41735
38405 4.41735
38406 4.41735
38407 4.41735
38408 4.41734
38409 4.41734
38410 4.41734
38411 4.41734
38412 4.41734
38413 4.41733
38414 4.41733
38415 4.41733
38416 4.41733
38417 4.41732
38418 4.41732
38419 4.41732
38420 4.41732
38421 4.41732
38422 4.41731
38423 4.41731
38424 4.41731
38425 4.41731
38426 4.4173
38427 4.4173
38428 4.4173
38429 4.4173
38430 4.4173
38431 4.41729
38432 4.41729
38433 4.41729
38434 4.41729
38435 4.41729
38436 4.41728
38437 4.41728
38438 4.41728
38439 4.41728
38440 4.41727
38441 4.41727
38442 4.41727
38443 4.41727
38444 4.41727
38445 4.41726
38446 4.41726
38447 4.41726
38448 4.41726
38449 4.41725
38450 4.41725
38451 4.41725
38452 4.41725
38453 4.41725
38454 4.41724
38455 4.41724
38456 4.41724
38457 4.41724
38458 4.41723
38459 4.41723
38460 4.41723
38461 4.41723
38462 4.41723
38463 4.41722
38464 4.41722
38465 4.41722
38466 4.41722
38467 4.41722
38468 4.41721
38469 4.41721
38470 4.41721
38471 4.41721
38472 4.4172
38473 4.4172
38474 4.4172
38475 4.4172
38476 4.4172
38477 4.41719
38478 4.41719
38479 4.41719
38480 4.41719
38481 4.41718
38482 4.41718
38483 4.41718
38484 4.41718
38485 4.41718
38486 4.41717
38487 4.41717
38488 4.41717
38489 4.41717
38490 4.41717
38491 4.41716
38492 4.41716
38493 4.41716
38494 4.41716
38495 4.41715
38496 4.41715
38497 4.41715
38498 4.41715
38499 4.41715
38500 4.41714
38501 4.41714
38502 4.41714
38503 4.41714
38504 4.41713
38505 4.41713
38506 4.41713
38507 4.41713
38508 4.41713
38509 4.41712
38510 4.41712
38511 4.41712
38512 4.41712
38513 4.41712
38514 4.41711
38515 4.41711
38516 4.41711
38517 4.41711
38518 4.4171
38519 4.4171
38520 4.4171
38521 4.4171
38522 4.4171
38523 4.41709
38524 4.41709
38525 4.41709
38526 4.41709
38527 4.41708
38528 4.41708
38529 4.41708
38530 4.41708
38531 4.41708
38532 4.41707
38533 4.41707
38534 4.41707
38535 4.41707
38536 4.41707
38537 4.41706
38538 4.41706
38539 4.41706
38540 4.41706
38541 4.41705
38542 4.41705
38543 4.41705
38544 4.41705
38545 4.41705
38546 4.41704
38547 4.41704
38548 4.41704
38549 4.41704
38550 4.41704
38551 4.41703
38552 4.41703
38553 4.41703
38554 4.41703
38555 4.41702
38556 4.41702
38557 4.41702
38558 4.41702
38559 4.41702
38560 4.41701
38561 4.41701
38562 4.41701
38563 4.41701
38564 4.417
38565 4.417
38566 4.417
38567 4.417
38568 4.417
38569 4.41699
38570 4.41699
38571 4.41699
38572 4.41699
38573 4.41699
38574 4.41698
38575 4.41698
38576 4.41698
38577 4.41698
38578 4.41697
38579 4.41697
38580 4.41697
38581 4.41697
38582 4.41697
38583 4.41696
38584 4.41696
38585 4.41696
38586 4.41696
38587 4.41696
38588 4.41695
38589 4.41695
38590 4.41695
38591 4.41695
38592 4.41694
38593 4.41694
38594 4.41694
38595 4.41694
38596 4.41694
38597 4.41693
38598 4.41693
38599 4.41693
38600 4.41693
38601 4.41693
38602 4.41692
38603 4.41692
38604 4.41692
38605 4.41692
38606 4.41691
38607 4.41691
38608 4.41691
38609 4.41691
38610 4.41691
38611 4.4169
38612 4.4169
38613 4.4169
38614 4.4169
38615 4.4169
38616 4.41689
38617 4.41689
38618 4.41689
38619 4.41689
38620 4.41688
38621 4.41688
38622 4.41688
38623 4.41688
38624 4.41688
38625 4.41687
38626 4.41687
38627 4.41687
38628 4.41687
38629 4.41687
38630 4.41686
38631 4.41686
38632 4.41686
38633 4.41686
38634 4.41685
38635 4.41685
38636 4.41685
38637 4.41685
38638 4.41685
38639 4.41684
38640 4.41684
38641 4.41684
38642 4.41684
38643 4.41684
38644 4.41683
38645 4.41683
38646 4.41683
38647 4.41683
38648 4.41682
38649 4.41682
38650 4.41682
38651 4.41682
38652 4.41682
38653 4.41681
38654 4.41681
38655 4.41681
38656 4.41681
38657 4.41681
38658 4.4168
38659 4.4168
38660 4.4168
38661 4.4168
38662 4.4168
38663 4.41679
38664 4.41679
38665 4.41679
38666 4.41679
38667 4.41678
38668 4.41678
38669 4.41678
38670 4.41678
38671 4.41678
38672 4.41677
38673 4.41677
38674 4.41677
38675 4.41677
38676 4.41677
38677 4.41676
38678 4.41676
38679 4.41676
38680 4.41676
38681 4.41675
38682 4.41675
38683 4.41675
38684 4.41675
38685 4.41675
38686 4.41674
38687 4.41674
38688 4.41674
38689 4.41674
38690 4.41674
38691 4.41673
38692 4.41673
38693 4.41673
38694 4.41673
38695 4.41672
38696 4.41672
38697 4.41672
38698 4.41672
38699 4.41672
38700 4.41671
38701 4.41671
38702 4.41671
38703 4.41671
38704 4.41671
38705 4.4167
38706 4.4167
38707 4.4167
38708 4.4167
38709 4.4167
38710 4.41669
38711 4.41669
38712 4.41669
38713 4.41669
38714 4.41668
38715 4.41668
38716 4.41668
38717 4.41668
38718 4.41668
38719 4.41667
38720 4.41667
38721 4.41667
38722 4.41667
38723 4.41667
38724 4.41666
38725 4.41666
38726 4.41666
38727 4.41666
38728 4.41666
38729 4.41665
38730 4.41665
38731 4.41665
38732 4.41665
38733 4.41664
38734 4.41664
38735 4.41664
38736 4.41664
38737 4.41664
38738 4.41663
38739 4.41663
38740 4.41663
38741 4.41663
38742 4.41663
38743 4.41662
38744 4.41662
38745 4.41662
38746 4.41662
38747 4.41662
38748 4.41661
38749 4.41661
38750 4.41661
38751 4.41661
38752 4.4166
38753 4.4166
38754 4.4166
38755 4.4166
38756 4.4166
38757 4.41659
38758 4.41659
38759 4.41659
38760 4.41659
38761 4.41659
38762 4.41658
38763 4.41658
38764 4.41658
38765 4.41658
38766 4.41658
38767 4.41657
38768 4.41657
38769 4.41657
38770 4.41657
38771 4.41656
38772 4.41656
38773 4.41656
38774 4.41656
38775 4.41656
38776 4.41655
38777 4.41655
38778 4.41655
38779 4.41655
38780 4.41655
38781 4.41654
38782 4.41654
38783 4.41654
38784 4.41654
38785 4.41654
38786 4.41653
38787 4.41653
38788 4.41653
38789 4.41653
38790 4.41652
38791 4.41652
38792 4.41652
38793 4.41652
38794 4.41652
38795 4.41651
38796 4.41651
38797 4.41651
38798 4.41651
38799 4.41651
38800 4.4165
38801 4.4165
38802 4.4165
38803 4.4165
38804 4.4165
38805 4.41649
38806 4.41649
38807 4.41649
38808 4.41649
38809 4.41649
38810 4.41648
38811 4.41648
38812 4.41648
38813 4.41648
38814 4.41647
38815 4.41647
38816 4.41647
38817 4.41647
38818 4.41647
38819 4.41646
38820 4.41646
38821 4.41646
38822 4.41646
38823 4.41646
38824 4.41645
38825 4.41645
38826 4.41645
38827 4.41645
38828 4.41645
38829 4.41644
38830 4.41644
38831 4.41644
38832 4.41644
38833 4.41644
38834 4.41643
38835 4.41643
38836 4.41643
38837 4.41643
38838 4.41642
38839 4.41642
38840 4.41642
38841 4.41642
38842 4.41642
38843 4.41641
38844 4.41641
38845 4.41641
38846 4.41641
38847 4.41641
38848 4.4164
38849 4.4164
38850 4.4164
38851 4.4164
38852 4.4164
38853 4.41639
38854 4.41639
38855 4.41639
38856 4.41639
38857 4.41639
38858 4.41638
38859 4.41638
38860 4.41638
38861 4.41638
38862 4.41638
38863 4.41637
38864 4.41637
38865 4.41637
38866 4.41637
38867 4.41636
38868 4.41636
38869 4.41636
38870 4.41636
38871 4.41636
38872 4.41635
38873 4.41635
38874 4.41635
38875 4.41635
38876 4.41635
38877 4.41634
38878 4.41634
38879 4.41634
38880 4.41634
38881 4.41634
38882 4.41633
38883 4.41633
38884 4.41633
38885 4.41633
38886 4.41633
38887 4.41632
38888 4.41632
38889 4.41632
38890 4.41632
38891 4.41632
38892 4.41631
38893 4.41631
38894 4.41631
38895 4.41631
38896 4.4163
38897 4.4163
38898 4.4163
38899 4.4163
38900 4.4163
38901 4.41629
38902 4.41629
38903 4.41629
38904 4.41629
38905 4.41629
38906 4.41628
38907 4.41628
38908 4.41628
38909 4.41628
38910 4.41628
38911 4.41627
38912 4.41627
38913 4.41627
38914 4.41627
38915 4.41627
38916 4.41626
38917 4.41626
38918 4.41626
38919 4.41626
38920 4.41626
38921 4.41625
38922 4.41625
38923 4.41625
38924 4.41625
38925 4.41625
38926 4.41624
38927 4.41624
38928 4.41624
38929 4.41624
38930 4.41623
38931 4.41623
38932 4.41623
38933 4.41623
38934 4.41623
38935 4.41622
38936 4.41622
38937 4.41622
38938 4.41622
38939 4.41622
38940 4.41621
38941 4.41621
38942 4.41621
38943 4.41621
38944 4.41621
38945 4.4162
38946 4.4162
38947 4.4162
38948 4.4162
38949 4.4162
38950 4.41619
38951 4.41619
38952 4.41619
38953 4.41619
38954 4.41619
38955 4.41618
38956 4.41618
38957 4.41618
38958 4.41618
38959 4.41618
38960 4.41617
38961 4.41617
38962 4.41617
38963 4.41617
38964 4.41617
38965 4.41616
38966 4.41616
38967 4.41616
38968 4.41616
38969 4.41615
38970 4.41615
38971 4.41615
38972 4.41615
38973 4.41615
38974 4.41614
38975 4.41614
38976 4.41614
38977 4.41614
38978 4.41614
38979 4.41613
38980 4.41613
38981 4.41613
38982 4.41613
38983 4.41613
38984 4.41612
38985 4.41612
38986 4.41612
38987 4.41612
38988 4.41612
38989 4.41611
38990 4.41611
38991 4.41611
38992 4.41611
38993 4.41611
38994 4.4161
38995 4.4161
38996 4.4161
38997 4.4161
38998 4.4161
38999 4.41609
39000 4.41609
39001 4.41609
39002 4.41609
39003 4.41609
39004 4.41608
39005 4.41608
39006 4.41608
39007 4.41608
39008 4.41608
39009 4.41607
39010 4.41607
39011 4.41607
39012 4.41607
39013 4.41607
39014 4.41606
39015 4.41606
39016 4.41606
39017 4.41606
39018 4.41605
39019 4.41605
39020 4.41605
39021 4.41605
39022 4.41605
39023 4.41604
39024 4.41604
39025 4.41604
39026 4.41604
39027 4.41604
39028 4.41603
39029 4.41603
39030 4.41603
39031 4.41603
39032 4.41603
39033 4.41602
39034 4.41602
39035 4.41602
39036 4.41602
39037 4.41602
39038 4.41601
39039 4.41601
39040 4.41601
39041 4.41601
39042 4.41601
39043 4.416
39044 4.416
39045 4.416
39046 4.416
39047 4.416
39048 4.41599
39049 4.41599
39050 4.41599
39051 4.41599
39052 4.41599
39053 4.41598
39054 4.41598
39055 4.41598
39056 4.41598
39057 4.41598
39058 4.41597
39059 4.41597
39060 4.41597
39061 4.41597
39062 4.41597
39063 4.41596
39064 4.41596
39065 4.41596
39066 4.41596
39067 4.41596
39068 4.41595
39069 4.41595
39070 4.41595
39071 4.41595
39072 4.41595
39073 4.41594
39074 4.41594
39075 4.41594
39076 4.41594
39077 4.41594
39078 4.41593
39079 4.41593
39080 4.41593
39081 4.41593
39082 4.41593
39083 4.41592
39084 4.41592
39085 4.41592
39086 4.41592
39087 4.41592
39088 4.41591
39089 4.41591
39090 4.41591
39091 4.41591
39092 4.41591
39093 4.4159
39094 4.4159
39095 4.4159
39096 4.4159
39097 4.4159
39098 4.41589
39099 4.41589
39100 4.41589
39101 4.41589
39102 4.41589
39103 4.41588
39104 4.41588
39105 4.41588
39106 4.41588
39107 4.41588
39108 4.41587
39109 4.41587
39110 4.41587
39111 4.41587
39112 4.41587
39113 4.41586
39114 4.41586
39115 4.41586
39116 4.41586
39117 4.41586
39118 4.41585
39119 4.41585
39120 4.41585
39121 4.41585
39122 4.41585
39123 4.41584
39124 4.41584
39125 4.41584
39126 4.41584
39127 4.41584
39128 4.41583
39129 4.41583
39130 4.41583
39131 4.41583
39132 4.41583
39133 4.41582
39134 4.41582
39135 4.41582
39136 4.41582
39137 4.41582
39138 4.41581
39139 4.41581
39140 4.41581
39141 4.41581
39142 4.41581
39143 4.4158
39144 4.4158
39145 4.4158
39146 4.4158
39147 4.4158
39148 4.41579
39149 4.41579
39150 4.41579
39151 4.41579
39152 4.41579
39153 4.41578
39154 4.41578
39155 4.41578
39156 4.41578
39157 4.41578
39158 4.41577
39159 4.41577
39160 4.41577
39161 4.41577
39162 4.41577
39163 4.41576
39164 4.41576
39165 4.41576
39166 4.41576
39167 4.41576
39168 4.41575
39169 4.41575
39170 4.41575
39171 4.41575
39172 4.41575
39173 4.41574
39174 4.41574
39175 4.41574
39176 4.41574
39177 4.41574
39178 4.41573
39179 4.41573
39180 4.41573
39181 4.41573
39182 4.41573
39183 4.41572
39184 4.41572
39185 4.41572
39186 4.41572
39187 4.41572
39188 4.41571
39189 4.41571
39190 4.41571
39191 4.41571
39192 4.41571
39193 4.4157
39194 4.4157
39195 4.4157
39196 4.4157
39197 4.4157
39198 4.41569
39199 4.41569
39200 4.41569
39201 4.41569
39202 4.41569
39203 4.41568
39204 4.41568
39205 4.41568
39206 4.41568
39207 4.41568
39208 4.41567
39209 4.41567
39210 4.41567
39211 4.41567
39212 4.41567
39213 4.41566
39214 4.41566
39215 4.41566
39216 4.41566
39217 4.41566
39218 4.41565
39219 4.41565
39220 4.41565
39221 4.41565
39222 4.41565
39223 4.41564
39224 4.41564
39225 4.41564
39226 4.41564
39227 4.41564
39228 4.41563
39229 4.41563
39230 4.41563
39231 4.41563
39232 4.41563
39233 4.41562
39234 4.41562
39235 4.41562
39236 4.41562
39237 4.41562
39238 4.41561
39239 4.41561
39240 4.41561
39241 4.41561
39242 4.41561
39243 4.4156
39244 4.4156
39245 4.4156
39246 4.4156
39247 4.4156
39248 4.41559
39249 4.41559
39250 4.41559
39251 4.41559
39252 4.41559
39253 4.41559
39254 4.41558
39255 4.41558
39256 4.41558
39257 4.41558
39258 4.41558
39259 4.41557
39260 4.41557
39261 4.41557
39262 4.41557
39263 4.41557
39264 4.41556
39265 4.41556
39266 4.41556
39267 4.41556
39268 4.41556
39269 4.41555
39270 4.41555
39271 4.41555
39272 4.41555
39273 4.41555
39274 4.41554
39275 4.41554
39276 4.41554
39277 4.41554
39278 4.41554
39279 4.41553
39280 4.41553
39281 4.41553
39282 4.41553
39283 4.41553
39284 4.41552
39285 4.41552
39286 4.41552
39287 4.41552
39288 4.41552
39289 4.41551
39290 4.41551
39291 4.41551
39292 4.41551
39293 4.41551
39294 4.4155
39295 4.4155
39296 4.4155
39297 4.4155
39298 4.4155
39299 4.41549
39300 4.41549
39301 4.41549
39302 4.41549
39303 4.41549
39304 4.41548
39305 4.41548
39306 4.41548
39307 4.41548
39308 4.41548
39309 4.41548
39310 4.41547
39311 4.41547
39312 4.41547
39313 4.41547
39314 4.41547
39315 4.41546
39316 4.41546
39317 4.41546
39318 4.41546
39319 4.41546
39320 4.41545
39321 4.41545
39322 4.41545
39323 4.41545
39324 4.41545
39325 4.41544
39326 4.41544
39327 4.41544
39328 4.41544
39329 4.41544
39330 4.41543
39331 4.41543
39332 4.41543
39333 4.41543
39334 4.41543
39335 4.41542
39336 4.41542
39337 4.41542
39338 4.41542
39339 4.41542
39340 4.41541
39341 4.41541
39342 4.41541
39343 4.41541
39344 4.41541
39345 4.41541
39346 4.4154
39347 4.4154
39348 4.4154
39349 4.4154
39350 4.4154
39351 4.41539
39352 4.41539
39353 4.41539
39354 4.41539
39355 4.41539
39356 4.41538
39357 4.41538
39358 4.41538
39359 4.41538
39360 4.41538
39361 4.41537
39362 4.41537
39363 4.41537
39364 4.41537
39365 4.41537
39366 4.41536
39367 4.41536
39368 4.41536
39369 4.41536
39370 4.41536
39371 4.41535
39372 4.41535
39373 4.41535
39374 4.41535
39375 4.41535
39376 4.41534
39377 4.41534
39378 4.41534
39379 4.41534
39380 4.41534
39381 4.41534
39382 4.41533
39383 4.41533
39384 4.41533
39385 4.41533
39386 4.41533
39387 4.41532
39388 4.41532
39389 4.41532
39390 4.41532
39391 4.41532
39392 4.41531
39393 4.41531
39394 4.41531
39395 4.41531
39396 4.41531
39397 4.4153
39398 4.4153
39399 4.4153
39400 4.4153
39401 4.4153
39402 4.41529
39403 4.41529
39404 4.41529
39405 4.41529
39406 4.41529
39407 4.41528
39408 4.41528
39409 4.41528
39410 4.41528
39411 4.41528
39412 4.41528
39413 4.41527
39414 4.41527
39415 4.41527
39416 4.41527
39417 4.41527
39418 4.41526
39419 4.41526
39420 4.41526
39421 4.41526
39422 4.41526
39423 4.41525
39424 4.41525
39425 4.41525
39426 4.41525
39427 4.41525
39428 4.41524
39429 4.41524
39430 4.41524
39431 4.41524
39432 4.41524
39433 4.41523
39434 4.41523
39435 4.41523
39436 4.41523
39437 4.41523
39438 4.41523
39439 4.41522
39440 4.41522
39441 4.41522
39442 4.41522
39443 4.41522
39444 4.41521
39445 4.41521
39446 4.41521
39447 4.41521
39448 4.41521
39449 4.4152
39450 4.4152
39451 4.4152
39452 4.4152
39453 4.4152
39454 4.41519
39455 4.41519
39456 4.41519
39457 4.41519
39458 4.41519
39459 4.41518
39460 4.41518
39461 4.41518
39462 4.41518
39463 4.41518
39464 4.41518
39465 4.41517
39466 4.41517
39467 4.41517
39468 4.41517
39469 4.41517
39470 4.41516
39471 4.41516
39472 4.41516
39473 4.41516
39474 4.41516
39475 4.41515
39476 4.41515
39477 4.41515
39478 4.41515
39479 4.41515
39480 4.41514
39481 4.41514
39482 4.41514
39483 4.41514
39484 4.41514
39485 4.41514
39486 4.41513
39487 4.41513
39488 4.41513
39489 4.41513
39490 4.41513
39491 4.41512
39492 4.41512
39493 4.41512
39494 4.41512
39495 4.41512
39496 4.41511
39497 4.41511
39498 4.41511
39499 4.41511
39500 4.41511
39501 4.4151
39502 4.4151
39503 4.4151
39504 4.4151
39505 4.4151
39506 4.4151
39507 4.41509
39508 4.41509
39509 4.41509
39510 4.41509
39511 4.41509
39512 4.41508
39513 4.41508
39514 4.41508
39515 4.41508
39516 4.41508
39517 4.41507
39518 4.41507
39519 4.41507
39520 4.41507
39521 4.41507
39522 4.41506
39523 4.41506
39524 4.41506
39525 4.41506
39526 4.41506
39527 4.41506
39528 4.41505
39529 4.41505
39530 4.41505
39531 4.41505
39532 4.41505
39533 4.41504
39534 4.41504
39535 4.41504
39536 4.41504
39537 4.41504
39538 4.41503
39539 4.41503
39540 4.41503
39541 4.41503
39542 4.41503
39543 4.41502
39544 4.41502
39545 4.41502
39546 4.41502
39547 4.41502
39548 4.41502
39549 4.41501
39550 4.41501
39551 4.41501
39552 4.41501
39553 4.41501
39554 4.415
39555 4.415
39556 4.415
39557 4.415
39558 4.415
39559 4.41499
39560 4.41499
39561 4.41499
39562 4.41499
39563 4.41499
39564 4.41499
39565 4.41498
39566 4.41498
39567 4.41498
39568 4.41498
39569 4.41498
39570 4.41497
39571 4.41497
39572 4.41497
39573 4.41497
39574 4.41497
39575 4.41496
39576 4.41496
39577 4.41496
39578 4.41496
39579 4.41496
39580 4.41495
39581 4.41495
39582 4.41495
39583 4.41495
39584 4.41495
39585 4.41495
39586 4.41494
39587 4.41494
39588 4.41494
39589 4.41494
39590 4.41494
39591 4.41493
39592 4.41493
39593 4.41493
39594 4.41493
39595 4.41493
39596 4.41492
39597 4.41492
39598 4.41492
39599 4.41492
39600 4.41492
39601 4.41492
39602 4.41491
39603 4.41491
39604 4.41491
39605 4.41491
39606 4.41491
39607 4.4149
39608 4.4149
39609 4.4149
39610 4.4149
39611 4.4149
39612 4.41489
39613 4.41489
39614 4.41489
39615 4.41489
39616 4.41489
39617 4.41489
39618 4.41488
39619 4.41488
39620 4.41488
39621 4.41488
39622 4.41488
39623 4.41487
39624 4.41487
39625 4.41487
39626 4.41487
39627 4.41487
39628 4.41486
39629 4.41486
39630 4.41486
39631 4.41486
39632 4.41486
39633 4.41486
39634 4.41485
39635 4.41485
39636 4.41485
39637 4.41485
39638 4.41485
39639 4.41484
39640 4.41484
39641 4.41484
39642 4.41484
39643 4.41484
39644 4.41483
39645 4.41483
39646 4.41483
39647 4.41483
39648 4.41483
39649 4.41483
39650 4.41482
39651 4.41482
39652 4.41482
39653 4.41482
39654 4.41482
39655 4.41481
39656 4.41481
39657 4.41481
39658 4.41481
39659 4.41481
39660 4.4148
39661 4.4148
39662 4.4148
39663 4.4148
39664 4.4148
39665 4.4148
39666 4.41479
39667 4.41479
39668 4.41479
39669 4.41479
39670 4.41479
39671 4.41478
39672 4.41478
39673 4.41478
39674 4.41478
39675 4.41478
39676 4.41477
39677 4.41477
39678 4.41477
39679 4.41477
39680 4.41477
39681 4.41477
39682 4.41476
39683 4.41476
39684 4.41476
39685 4.41476
39686 4.41476
39687 4.41475
39688 4.41475
39689 4.41475
39690 4.41475
39691 4.41475
39692 4.41475
39693 4.41474
39694 4.41474
39695 4.41474
39696 4.41474
39697 4.41474
39698 4.41473
39699 4.41473
39700 4.41473
39701 4.41473
39702 4.41473
39703 4.41472
39704 4.41472
39705 4.41472
39706 4.41472
39707 4.41472
39708 4.41472
39709 4.41471
39710 4.41471
39711 4.41471
39712 4.41471
39713 4.41471
39714 4.4147
39715 4.4147
39716 4.4147
39717 4.4147
39718 4.4147
39719 4.4147
39720 4.41469
39721 4.41469
39722 4.41469
39723 4.41469
39724 4.41469
39725 4.41468
39726 4.41468
39727 4.41468
39728 4.41468
39729 4.41468
39730 4.41467
39731 4.41467
39732 4.41467
39733 4.41467
39734 4.41467
39735 4.41467
39736 4.41466
39737 4.41466
39738 4.41466
39739 4.41466
39740 4.41466
39741 4.41465
39742 4.41465
39743 4.41465
39744 4.41465
39745 4.41465
39746 4.41465
39747 4.41464
39748 4.41464
39749 4.41464
39750 4.41464
39751 4.41464
39752 4.41463
39753 4.41463
39754 4.41463
39755 4.41463
39756 4.41463
39757 4.41462
39758 4.41462
39759 4.41462
39760 4.41462
39761 4.41462
39762 4.41462
39763 4.41461
39764 4.41461
39765 4.41461
39766 4.41461
39767 4.41461
39768 4.4146
39769 4.4146
39770 4.4146
39771 4.4146
39772 4.4146
39773 4.4146
39774 4.41459
39775 4.41459
39776 4.41459
39777 4.41459
39778 4.41459
39779 4.41458
39780 4.41458
39781 4.41458
39782 4.41458
39783 4.41458
39784 4.41458
39785 4.41457
39786 4.41457
39787 4.41457
39788 4.41457
39789 4.41457
39790 4.41456
39791 4.41456
39792 4.41456
39793 4.41456
39794 4.41456
39795 4.41456
39796 4.41455
39797 4.41455
39798 4.41455
39799 4.41455
39800 4.41455
39801 4.41454
39802 4.41454
39803 4.41454
39804 4.41454
39805 4.41454
39806 4.41453
39807 4.41453
39808 4.41453
39809 4.41453
39810 4.41453
39811 4.41453
39812 4.41452
39813 4.41452
39814 4.41452
39815 4.41452
39816 4.41452
39817 4.41451
39818 4.41451
39819 4.41451
39820 4.41451
39821 4.41451
39822 4.41451
39823 4.4145
39824 4.4145
39825 4.4145
39826 4.4145
39827 4.4145
39828 4.41449
39829 4.41449
39830 4.41449
39831 4.41449
39832 4.41449
39833 4.41449
39834 4.41448
39835 4.41448
39836 4.41448
39837 4.41448
39838 4.41448
39839 4.41447
39840 4.41447
39841 4.41447
39842 4.41447
39843 4.41447
39844 4.41447
39845 4.41446
39846 4.41446
39847 4.41446
39848 4.41446
39849 4.41446
39850 4.41445
39851 4.41445
39852 4.41445
39853 4.41445
39854 4.41445
39855 4.41445
39856 4.41444
39857 4.41444
39858 4.41444
39859 4.41444
39860 4.41444
39861 4.41443
39862 4.41443
39863 4.41443
39864 4.41443
39865 4.41443
39866 4.41443
39867 4.41442
39868 4.41442
39869 4.41442
39870 4.41442
39871 4.41442
39872 4.41441
39873 4.41441
39874 4.41441
39875 4.41441
39876 4.41441
39877 4.41441
39878 4.4144
39879 4.4144
39880 4.4144
39881 4.4144
39882 4.4144
39883 4.41439
39884 4.41439
39885 4.41439
39886 4.41439
39887 4.41439
39888 4.41439
39889 4.41438
39890 4.41438
39891 4.41438
39892 4.41438
39893 4.41438
39894 4.41437
39895 4.41437
39896 4.41437
39897 4.41437
39898 4.41437
39899 4.41437
39900 4.41436
39901 4.41436
39902 4.41436
39903 4.41436
39904 4.41436
39905 4.41435
39906 4.41435
39907 4.41435
39908 4.41435
39909 4.41435
39910 4.41435
39911 4.41434
39912 4.41434
39913 4.41434
39914 4.41434
39915 4.41434
39916 4.41434
39917 4.41433
39918 4.41433
39919 4.41433
39920 4.41433
39921 4.41433
39922 4.41432
39923 4.41432
39924 4.41432
39925 4.41432
39926 4.41432
39927 4.41432
39928 4.41431
39929 4.41431
39930 4.41431
39931 4.41431
39932 4.41431
39933 4.4143
39934 4.4143
39935 4.4143
39936 4.4143
39937 4.4143
39938 4.4143
39939 4.41429
39940 4.41429
39941 4.41429
39942 4.41429
39943 4.41429
39944 4.41428
39945 4.41428
39946 4.41428
39947 4.41428
39948 4.41428
39949 4.41428
39950 4.41427
39951 4.41427
39952 4.41427
39953 4.41427
39954 4.41427
39955 4.41426
39956 4.41426
39957 4.41426
39958 4.41426
39959 4.41426
39960 4.41426
39961 4.41425
39962 4.41425
39963 4.41425
39964 4.41425
39965 4.41425
39966 4.41425
39967 4.41424
39968 4.41424
39969 4.41424
39970 4.41424
39971 4.41424
39972 4.41423
39973 4.41423
39974 4.41423
39975 4.41423
39976 4.41423
39977 4.41423
39978 4.41422
39979 4.41422
39980 4.41422
39981 4.41422
39982 4.41422
39983 4.41421
39984 4.41421
39985 4.41421
39986 4.41421
39987 4.41421
39988 4.41421
39989 4.4142
39990 4.4142
39991 4.4142
39992 4.4142
39993 4.4142
39994 4.4142
39995 4.41419
39996 4.41419
39997 4.41419
39998 4.41419
39999 4.41419
40000 4.41418
40001 4.41418
40002 4.41418
40003 4.41418
40004 4.41418
40005 4.41418
40006 4.41417
40007 4.41417
40008 4.41417
40009 4.41417
40010 4.41417
40011 4.41416
40012 4.41416
40013 4.41416
40014 4.41416
40015 4.41416
40016 4.41416
40017 4.41415
40018 4.41415
40019 4.41415
40020 4.41415
40021 4.41415
40022 4.41415
40023 4.41414
40024 4.41414
40025 4.41414
40026 4.41414
40027 4.41414
40028 4.41413
40029 4.41413
40030 4.41413
40031 4.41413
40032 4.41413
40033 4.41413
40034 4.41412
40035 4.41412
40036 4.41412
40037 4.41412
40038 4.41412
40039 4.41412
40040 4.41411
40041 4.41411
40042 4.41411
40043 4.41411
40044 4.41411
40045 4.4141
40046 4.4141
40047 4.4141
40048 4.4141
40049 4.4141
40050 4.4141
40051 4.41409
40052 4.41409
40053 4.41409
40054 4.41409
40055 4.41409
40056 4.41408
40057 4.41408
40058 4.41408
40059 4.41408
40060 4.41408
40061 4.41408
40062 4.41407
40063 4.41407
40064 4.41407
40065 4.41407
40066 4.41407
40067 4.41407
40068 4.41406
40069 4.41406
40070 4.41406
40071 4.41406
40072 4.41406
40073 4.41405
40074 4.41405
40075 4.41405
40076 4.41405
40077 4.41405
40078 4.41405
40079 4.41404
40080 4.41404
40081 4.41404
40082 4.41404
40083 4.41404
40084 4.41404
40085 4.41403
40086 4.41403
40087 4.41403
40088 4.41403
40089 4.41403
40090 4.41402
40091 4.41402
40092 4.41402
40093 4.41402
40094 4.41402
40095 4.41402
40096 4.41401
40097 4.41401
40098 4.41401
40099 4.41401
40100 4.41401
40101 4.41401
40102 4.414
40103 4.414
40104 4.414
40105 4.414
40106 4.414
40107 4.41399
40108 4.41399
40109 4.41399
40110 4.41399
40111 4.41399
40112 4.41399
40113 4.41398
40114 4.41398
40115 4.41398
40116 4.41398
40117 4.41398
40118 4.41398
40119 4.41397
40120 4.41397
40121 4.41397
40122 4.41397
40123 4.41397
40124 4.41396
40125 4.41396
40126 4.41396
40127 4.41396
40128 4.41396
40129 4.41396
40130 4.41395
40131 4.41395
40132 4.41395
40133 4.41395
40134 4.41395
40135 4.41395
40136 4.41394
40137 4.41394
40138 4.41394
40139 4.41394
40140 4.41394
40141 4.41394
40142 4.41393
40143 4.41393
40144 4.41393
40145 4.41393
40146 4.41393
40147 4.41392
40148 4.41392
40149 4.41392
40150 4.41392
40151 4.41392
40152 4.41392
40153 4.41391
40154 4.41391
40155 4.41391
40156 4.41391
40157 4.41391
40158 4.41391
40159 4.4139
40160 4.4139
40161 4.4139
40162 4.4139
40163 4.4139
40164 4.41389
40165 4.41389
40166 4.41389
40167 4.41389
40168 4.41389
40169 4.41389
40170 4.41388
40171 4.41388
40172 4.41388
40173 4.41388
40174 4.41388
40175 4.41388
40176 4.41387
40177 4.41387
40178 4.41387
40179 4.41387
40180 4.41387
40181 4.41387
40182 4.41386
40183 4.41386
40184 4.41386
40185 4.41386
40186 4.41386
40187 4.41385
40188 4.41385
40189 4.41385
40190 4.41385
40191 4.41385
40192 4.41385
40193 4.41384
40194 4.41384
40195 4.41384
40196 4.41384
40197 4.41384
40198 4.41384
40199 4.41383
40200 4.41383
40201 4.41383
40202 4.41383
40203 4.41383
40204 4.41383
40205 4.41382
40206 4.41382
40207 4.41382
40208 4.41382
40209 4.41382
40210 4.41381
40211 4.41381
40212 4.41381
40213 4.41381
40214 4.41381
40215 4.41381
40216 4.4138
40217 4.4138
40218 4.4138
40219 4.4138
40220 4.4138
40221 4.4138
40222 4.41379
40223 4.41379
40224 4.41379
40225 4.41379
40226 4.41379
40227 4.41379
40228 4.41378
40229 4.41378
40230 4.41378
40231 4.41378
40232 4.41378
40233 4.41378
40234 4.41377
40235 4.41377
40236 4.41377
40237 4.41377
40238 4.41377
40239 4.41376
40240 4.41376
40241 4.41376
40242 4.41376
40243 4.41376
40244 4.41376
40245 4.41375
40246 4.41375
40247 4.41375
40248 4.41375
40249 4.41375
40250 4.41375
40251 4.41374
40252 4.41374
40253 4.41374
40254 4.41374
40255 4.41374
40256 4.41374
40257 4.41373
40258 4.41373
40259 4.41373
40260 4.41373
40261 4.41373
40262 4.41373
40263 4.41372
40264 4.41372
40265 4.41372
40266 4.41372
40267 4.41372
40268 4.41371
40269 4.41371
40270 4.41371
40271 4.41371
40272 4.41371
40273 4.41371
40274 4.4137
40275 4.4137
40276 4.4137
40277 4.4137
40278 4.4137
40279 4.4137
40280 4.41369
40281 4.41369
40282 4.41369
40283 4.41369
40284 4.41369
40285 4.41369
40286 4.41368
40287 4.41368
40288 4.41368
40289 4.41368
40290 4.41368
40291 4.41368
40292 4.41367
40293 4.41367
40294 4.41367
40295 4.41367
40296 4.41367
40297 4.41366
40298 4.41366
40299 4.41366
40300 4.41366
40301 4.41366
40302 4.41366
40303 4.41365
40304 4.41365
40305 4.41365
40306 4.41365
40307 4.41365
40308 4.41365
40309 4.41364
40310 4.41364
40311 4.41364
40312 4.41364
40313 4.41364
40314 4.41364
40315 4.41363
40316 4.41363
40317 4.41363
40318 4.41363
40319 4.41363
40320 4.41363
40321 4.41362
40322 4.41362
40323 4.41362
40324 4.41362
40325 4.41362
40326 4.41362
40327 4.41361
40328 4.41361
40329 4.41361
40330 4.41361
40331 4.41361
40332 4.4136
40333 4.4136
40334 4.4136
40335 4.4136
40336 4.4136
40337 4.4136
40338 4.41359
40339 4.41359
40340 4.41359
40341 4.41359
40342 4.41359
40343 4.41359
40344 4.41358
40345 4.41358
40346 4.41358
40347 4.41358
40348 4.41358
40349 4.41358
40350 4.41357
40351 4.41357
40352 4.41357
40353 4.41357
40354 4.41357
40355 4.41357
40356 4.41356
40357 4.41356
40358 4.41356
40359 4.41356
40360 4.41356
40361 4.41356
40362 4.41355
40363 4.41355
40364 4.41355
40365 4.41355
40366 4.41355
40367 4.41355
40368 4.41354
40369 4.41354
40370 4.41354
40371 4.41354
40372 4.41354
40373 4.41354
40374 4.41353
40375 4.41353
40376 4.41353
40377 4.41353
40378 4.41353
40379 4.41353
40380 4.41352
40381 4.41352
40382 4.41352
40383 4.41352
40384 4.41352
40385 4.41351
40386 4.41351
40387 4.41351
40388 4.41351
40389 4.41351
40390 4.41351
40391 4.4135
40392 4.4135
40393 4.4135
40394 4.4135
40395 4.4135
40396 4.4135
40397 4.41349
40398 4.41349
40399 4.41349
40400 4.41349
40401 4.41349
40402 4.41349
40403 4.41348
40404 4.41348
40405 4.41348
40406 4.41348
40407 4.41348
40408 4.41348
40409 4.41347
40410 4.41347
40411 4.41347
40412 4.41347
40413 4.41347
40414 4.41347
40415 4.41346
40416 4.41346
40417 4.41346
40418 4.41346
40419 4.41346
40420 4.41346
40421 4.41345
40422 4.41345
40423 4.41345
40424 4.41345
40425 4.41345
40426 4.41345
40427 4.41344
40428 4.41344
40429 4.41344
40430 4.41344
40431 4.41344
40432 4.41344
40433 4.41343
40434 4.41343
40435 4.41343
40436 4.41343
40437 4.41343
40438 4.41343
40439 4.41342
40440 4.41342
40441 4.41342
40442 4.41342
40443 4.41342
40444 4.41342
40445 4.41341
40446 4.41341
40447 4.41341
40448 4.41341
40449 4.41341
40450 4.41341
40451 4.4134
40452 4.4134
40453 4.4134
40454 4.4134
40455 4.4134
40456 4.4134
40457 4.41339
40458 4.41339
40459 4.41339
40460 4.41339
40461 4.41339
40462 4.41338
40463 4.41338
40464 4.41338
40465 4.41338
40466 4.41338
40467 4.41338
40468 4.41337
40469 4.41337
40470 4.41337
40471 4.41337
40472 4.41337
40473 4.41337
40474 4.41336
40475 4.41336
40476 4.41336
40477 4.41336
40478 4.41336
40479 4.41336
40480 4.41335
40481 4.41335
40482 4.41335
40483 4.41335
40484 4.41335
40485 4.41335
40486 4.41334
40487 4.41334
40488 4.41334
40489 4.41334
40490 4.41334
40491 4.41334
40492 4.41333
40493 4.41333
40494 4.41333
40495 4.41333
40496 4.41333
40497 4.41333
40498 4.41332
40499 4.41332
40500 4.41332
40501 4.41332
40502 4.41332
40503 4.41332
40504 4.41331
40505 4.41331
40506 4.41331
40507 4.41331
40508 4.41331
40509 4.41331
40510 4.4133
40511 4.4133
40512 4.4133
40513 4.4133
40514 4.4133
40515 4.4133
40516 4.41329
40517 4.41329
40518 4.41329
40519 4.41329
40520 4.41329
40521 4.41329
40522 4.41328
40523 4.41328
40524 4.41328
40525 4.41328
40526 4.41328
40527 4.41328
40528 4.41327
40529 4.41327
40530 4.41327
40531 4.41327
40532 4.41327
40533 4.41327
40534 4.41326
40535 4.41326
40536 4.41326
40537 4.41326
40538 4.41326
40539 4.41326
40540 4.41325
40541 4.41325
40542 4.41325
40543 4.41325
40544 4.41325
40545 4.41325
40546 4.41324
40547 4.41324
40548 4.41324
40549 4.41324
40550 4.41324
40551 4.41324
40552 4.41323
40553 4.41323
40554 4.41323
40555 4.41323
40556 4.41323
40557 4.41323
40558 4.41322
40559 4.41322
40560 4.41322
40561 4.41322
40562 4.41322
40563 4.41322
40564 4.41322
40565 4.41321
40566 4.41321
40567 4.41321
40568 4.41321
40569 4.41321
40570 4.41321
40571 4.4132
40572 4.4132
40573 4.4132
40574 4.4132
40575 4.4132
40576 4.4132
40577 4.41319
40578 4.41319
40579 4.41319
40580 4.41319
40581 4.41319
40582 4.41319
40583 4.41318
40584 4.41318
40585 4.41318
40586 4.41318
40587 4.41318
40588 4.41318
40589 4.41317
40590 4.41317
40591 4.41317
40592 4.41317
40593 4.41317
40594 4.41317
40595 4.41316
40596 4.41316
40597 4.41316
40598 4.41316
40599 4.41316
40600 4.41316
40601 4.41315
40602 4.41315
40603 4.41315
40604 4.41315
40605 4.41315
40606 4.41315
40607 4.41314
40608 4.41314
40609 4.41314
40610 4.41314
40611 4.41314
40612 4.41314
40613 4.41313
40614 4.41313
40615 4.41313
40616 4.41313
40617 4.41313
40618 4.41313
40619 4.41312
40620 4.41312
40621 4.41312
40622 4.41312
40623 4.41312
40624 4.41312
40625 4.41311
40626 4.41311
40627 4.41311
40628 4.41311
40629 4.41311
40630 4.41311
40631 4.4131
40632 4.4131
40633 4.4131
40634 4.4131
40635 4.4131
40636 4.4131
40637 4.41309
40638 4.41309
40639 4.41309
40640 4.41309
40641 4.41309
40642 4.41309
40643 4.41308
40644 4.41308
40645 4.41308
40646 4.41308
40647 4.41308
40648 4.41308
40649 4.41308
40650 4.41307
40651 4.41307
40652 4.41307
40653 4.41307
40654 4.41307
40655 4.41307
40656 4.41306
40657 4.41306
40658 4.41306
40659 4.41306
40660 4.41306
40661 4.41306
40662 4.41305
40663 4.41305
40664 4.41305
40665 4.41305
40666 4.41305
40667 4.41305
40668 4.41304
40669 4.41304
40670 4.41304
40671 4.41304
40672 4.41304
40673 4.41304
40674 4.41303
40675 4.41303
40676 4.41303
40677 4.41303
40678 4.41303
40679 4.41303
40680 4.41302
40681 4.41302
40682 4.41302
40683 4.41302
40684 4.41302
40685 4.41302
40686 4.41301
40687 4.41301
40688 4.41301
40689 4.41301
40690 4.41301
40691 4.41301
40692 4.413
40693 4.413
40694 4.413
40695 4.413
40696 4.413
40697 4.413
40698 4.413
40699 4.41299
40700 4.41299
40701 4.41299
40702 4.41299
40703 4.41299
40704 4.41299
40705 4.41298
40706 4.41298
40707 4.41298
40708 4.41298
40709 4.41298
40710 4.41298
40711 4.41297
40712 4.41297
40713 4.41297
40714 4.41297
40715 4.41297
40716 4.41297
40717 4.41296
40718 4.41296
40719 4.41296
40720 4.41296
40721 4.41296
40722 4.41296
40723 4.41295
40724 4.41295
40725 4.41295
40726 4.41295
40727 4.41295
40728 4.41295
40729 4.41294
40730 4.41294
40731 4.41294
40732 4.41294
40733 4.41294
40734 4.41294
40735 4.41294
40736 4.41293
40737 4.41293
40738 4.41293
40739 4.41293
40740 4.41293
40741 4.41293
40742 4.41292
40743 4.41292
40744 4.41292
40745 4.41292
40746 4.41292
40747 4.41292
40748 4.41291
40749 4.41291
40750 4.41291
40751 4.41291
40752 4.41291
40753 4.41291
40754 4.4129
40755 4.4129
40756 4.4129
40757 4.4129
40758 4.4129
40759 4.4129
40760 4.41289
40761 4.41289
40762 4.41289
40763 4.41289
40764 4.41289
40765 4.41289
40766 4.41289
40767 4.41288
40768 4.41288
40769 4.41288
40770 4.41288
40771 4.41288
40772 4.41288
40773 4.41287
40774 4.41287
40775 4.41287
40776 4.41287
40777 4.41287
40778 4.41287
40779 4.41286
40780 4.41286
40781 4.41286
40782 4.41286
40783 4.41286
40784 4.41286
40785 4.41285
40786 4.41285
40787 4.41285
40788 4.41285
40789 4.41285
40790 4.41285
40791 4.41284
40792 4.41284
40793 4.41284
40794 4.41284
40795 4.41284
40796 4.41284
40797 4.41284
40798 4.41283
40799 4.41283
40800 4.41283
40801 4.41283
40802 4.41283
40803 4.41283
40804 4.41282
40805 4.41282
40806 4.41282
40807 4.41282
40808 4.41282
40809 4.41282
40810 4.41281
40811 4.41281
40812 4.41281
40813 4.41281
40814 4.41281
40815 4.41281
40816 4.4128
40817 4.4128
40818 4.4128
40819 4.4128
40820 4.4128
40821 4.4128
40822 4.4128
40823 4.41279
40824 4.41279
40825 4.41279
40826 4.41279
40827 4.41279
40828 4.41279
40829 4.41278
40830 4.41278
40831 4.41278
40832 4.41278
40833 4.41278
40834 4.41278
40835 4.41277
40836 4.41277
40837 4.41277
40838 4.41277
40839 4.41277
40840 4.41277
40841 4.41276
40842 4.41276
40843 4.41276
40844 4.41276
40845 4.41276
40846 4.41276
40847 4.41276
40848 4.41275
40849 4.41275
40850 4.41275
40851 4.41275
40852 4.41275
40853 4.41275
40854 4.41274
40855 4.41274
40856 4.41274
40857 4.41274
40858 4.41274
40859 4.41274
40860 4.41273
40861 4.41273
40862 4.41273
40863 4.41273
40864 4.41273
40865 4.41273
40866 4.41273
40867 4.41272
40868 4.41272
40869 4.41272
40870 4.41272
40871 4.41272
40872 4.41272
40873 4.41271
40874 4.41271
40875 4.41271
40876 4.41271
40877 4.41271
40878 4.41271
40879 4.4127
40880 4.4127
40881 4.4127
40882 4.4127
40883 4.4127
40884 4.4127
40885 4.41269
40886 4.41269
40887 4.41269
40888 4.41269
40889 4.41269
40890 4.41269
40891 4.41269
40892 4.41268
40893 4.41268
40894 4.41268
40895 4.41268
40896 4.41268
40897 4.41268
40898 4.41267
40899 4.41267
40900 4.41267
40901 4.41267
40902 4.41267
40903 4.41267
40904 4.41266
40905 4.41266
40906 4.41266
40907 4.41266
40908 4.41266
40909 4.41266
40910 4.41266
40911 4.41265
40912 4.41265
40913 4.41265
40914 4.41265
40915 4.41265
40916 4.41265
40917 4.41264
40918 4.41264
40919 4.41264
40920 4.41264
40921 4.41264
40922 4.41264
40923 4.41263
40924 4.41263
40925 4.41263
40926 4.41263
40927 4.41263
40928 4.41263
40929 4.41263
40930 4.41262
40931 4.41262
40932 4.41262
40933 4.41262
40934 4.41262
40935 4.41262
40936 4.41261
40937 4.41261
40938 4.41261
40939 4.41261
40940 4.41261
40941 4.41261
40942 4.4126
40943 4.4126
40944 4.4126
40945 4.4126
40946 4.4126
40947 4.4126
40948 4.4126
40949 4.41259
40950 4.41259
40951 4.41259
40952 4.41259
40953 4.41259
40954 4.41259
40955 4.41258
40956 4.41258
40957 4.41258
40958 4.41258
40959 4.41258
40960 4.41258
40961 4.41258
40962 4.41257
40963 4.41257
40964 4.41257
40965 4.41257
40966 4.41257
40967 4.41257
40968 4.41256
40969 4.41256
40970 4.41256
40971 4.41256
40972 4.41256
40973 4.41256
40974 4.41255
40975 4.41255
40976 4.41255
40977 4.41255
40978 4.41255
40979 4.41255
40980 4.41255
40981 4.41254
40982 4.41254
40983 4.41254
40984 4.41254
40985 4.41254
40986 4.41254
40987 4.41253
40988 4.41253
40989 4.41253
40990 4.41253
40991 4.41253
40992 4.41253
40993 4.41252
40994 4.41252
40995 4.41252
40996 4.41252
40997 4.41252
40998 4.41252
40999 4.41252
41000 4.41251
41001 4.41251
41002 4.41251
41003 4.41251
41004 4.41251
41005 4.41251
41006 4.4125
41007 4.4125
41008 4.4125
41009 4.4125
41010 4.4125
41011 4.4125
41012 4.4125
41013 4.41249
41014 4.41249
41015 4.41249
41016 4.41249
41017 4.41249
41018 4.41249
41019 4.41248
41020 4.41248
41021 4.41248
41022 4.41248
41023 4.41248
41024 4.41248
41025 4.41248
41026 4.41247
41027 4.41247
41028 4.41247
41029 4.41247
41030 4.41247
41031 4.41247
41032 4.41246
41033 4.41246
41034 4.41246
41035 4.41246
41036 4.41246
41037 4.41246
41038 4.41245
41039 4.41245
41040 4.41245
41041 4.41245
41042 4.41245
41043 4.41245
41044 4.41245
41045 4.41244
41046 4.41244
41047 4.41244
41048 4.41244
41049 4.41244
41050 4.41244
41051 4.41243
41052 4.41243
41053 4.41243
41054 4.41243
41055 4.41243
41056 4.41243
41057 4.41243
41058 4.41242
41059 4.41242
41060 4.41242
41061 4.41242
41062 4.41242
41063 4.41242
41064 4.41241
41065 4.41241
41066 4.41241
41067 4.41241
41068 4.41241
41069 4.41241
41070 4.41241
41071 4.4124
41072 4.4124
41073 4.4124
41074 4.4124
41075 4.4124
41076 4.4124
41077 4.41239
41078 4.41239
41079 4.41239
41080 4.41239
41081 4.41239
41082 4.41239
41083 4.41239
41084 4.41238
41085 4.41238
41086 4.41238
41087 4.41238
41088 4.41238
41089 4.41238
41090 4.41237
41091 4.41237
41092 4.41237
41093 4.41237
41094 4.41237
41095 4.41237
41096 4.41237
41097 4.41236
41098 4.41236
41099 4.41236
41100 4.41236
41101 4.41236
41102 4.41236
41103 4.41235
41104 4.41235
41105 4.41235
41106 4.41235
41107 4.41235
41108 4.41235
41109 4.41235
41110 4.41234
41111 4.41234
41112 4.41234
41113 4.41234
41114 4.41234
41115 4.41234
41116 4.41233
41117 4.41233
41118 4.41233
41119 4.41233
41120 4.41233
41121 4.41233
41122 4.41233
41123 4.41232
41124 4.41232
41125 4.41232
41126 4.41232
41127 4.41232
41128 4.41232
41129 4.41231
41130 4.41231
41131 4.41231
41132 4.41231
41133 4.41231
41134 4.41231
41135 4.41231
41136 4.4123
41137 4.4123
41138 4.4123
41139 4.4123
41140 4.4123
41141 4.4123
41142 4.41229
41143 4.41229
41144 4.41229
41145 4.41229
41146 4.41229
41147 4.41229
41148 4.41229
41149 4.41228
41150 4.41228
41151 4.41228
41152 4.41228
41153 4.41228
41154 4.41228
41155 4.41227
41156 4.41227
41157 4.41227
41158 4.41227
41159 4.41227
41160 4.41227
41161 4.41227
41162 4.41226
41163 4.41226
41164 4.41226
41165 4.41226
41166 4.41226
41167 4.41226
41168 4.41225
41169 4.41225
41170 4.41225
41171 4.41225
41172 4.41225
41173 4.41225
41174 4.41225
41175 4.41224
41176 4.41224
41177 4.41224
41178 4.41224
41179 4.41224
41180 4.41224
41181 4.41223
41182 4.41223
41183 4.41223
41184 4.41223
41185 4.41223
41186 4.41223
41187 4.41223
41188 4.41222
41189 4.41222
41190 4.41222
41191 4.41222
41192 4.41222
41193 4.41222
41194 4.41221
41195 4.41221
41196 4.41221
41197 4.41221
41198 4.41221
41199 4.41221
41200 4.41221
41201 4.4122
41202 4.4122
41203 4.4122
41204 4.4122
41205 4.4122
41206 4.4122
41207 4.4122
41208 4.41219
41209 4.41219
41210 4.41219
41211 4.41219
41212 4.41219
41213 4.41219
41214 4.41218
41215 4.41218
41216 4.41218
41217 4.41218
41218 4.41218
41219 4.41218
41220 4.41218
41221 4.41217
41222 4.41217
41223 4.41217
41224 4.41217
41225 4.41217
41226 4.41217
41227 4.41216
41228 4.41216
41229 4.41216
41230 4.41216
41231 4.41216
41232 4.41216
41233 4.41216
41234 4.41215
41235 4.41215
41236 4.41215
41237 4.41215
41238 4.41215
41239 4.41215
41240 4.41215
41241 4.41214
41242 4.41214
41243 4.41214
41244 4.41214
41245 4.41214
41246 4.41214
41247 4.41213
41248 4.41213
41249 4.41213
41250 4.41213
41251 4.41213
41252 4.41213
41253 4.41213
41254 4.41212
41255 4.41212
41256 4.41212
41257 4.41212
41258 4.41212
41259 4.41212
41260 4.41211
41261 4.41211
41262 4.41211
41263 4.41211
41264 4.41211
41265 4.41211
41266 4.41211
41267 4.4121
41268 4.4121
41269 4.4121
41270 4.4121
41271 4.4121
41272 4.4121
41273 4.4121
41274 4.41209
41275 4.41209
41276 4.41209
41277 4.41209
41278 4.41209
41279 4.41209
41280 4.41208
41281 4.41208
41282 4.41208
41283 4.41208
41284 4.41208
41285 4.41208
41286 4.41208
41287 4.41207
41288 4.41207
41289 4.41207
41290 4.41207
41291 4.41207
41292 4.41207
41293 4.41207
41294 4.41206
41295 4.41206
41296 4.41206
41297 4.41206
41298 4.41206
41299 4.41206
41300 4.41205
41301 4.41205
41302 4.41205
41303 4.41205
41304 4.41205
41305 4.41205
41306 4.41205
41307 4.41204
41308 4.41204
41309 4.41204
41310 4.41204
41311 4.41204
41312 4.41204
41313 4.41204
41314 4.41203
41315 4.41203
41316 4.41203
41317 4.41203
41318 4.41203
41319 4.41203
41320 4.41202
41321 4.41202
41322 4.41202
41323 4.41202
41324 4.41202
41325 4.41202
41326 4.41202
41327 4.41201
41328 4.41201
41329 4.41201
41330 4.41201
41331 4.41201
41332 4.41201
41333 4.41201
41334 4.412
41335 4.412
41336 4.412
41337 4.412
41338 4.412
41339 4.412
41340 4.41199
41341 4.41199
41342 4.41199
41343 4.41199
41344 4.41199
41345 4.41199
41346 4.41199
41347 4.41198
41348 4.41198
41349 4.41198
41350 4.41198
41351 4.41198
41352 4.41198
41353 4.41198
41354 4.41197
41355 4.41197
41356 4.41197
41357 4.41197
41358 4.41197
41359 4.41197
41360 4.41197
41361 4.41196
41362 4.41196
41363 4.41196
41364 4.41196
41365 4.41196
41366 4.41196
41367 4.41195
41368 4.41195
41369 4.41195
41370 4.41195
41371 4.41195
41372 4.41195
41373 4.41195
41374 4.41194
41375 4.41194
41376 4.41194
41377 4.41194
41378 4.41194
41379 4.41194
41380 4.41194
41381 4.41193
41382 4.41193
41383 4.41193
41384 4.41193
41385 4.41193
41386 4.41193
41387 4.41193
41388 4.41192
41389 4.41192
41390 4.41192
41391 4.41192
41392 4.41192
41393 4.41192
41394 4.41191
41395 4.41191
41396 4.41191
41397 4.41191
41398 4.41191
41399 4.41191
41400 4.41191
41401 4.4119
41402 4.4119
41403 4.4119
41404 4.4119
41405 4.4119
41406 4.4119
41407 4.4119
41408 4.41189
41409 4.41189
41410 4.41189
41411 4.41189
41412 4.41189
41413 4.41189
41414 4.41189
41415 4.41188
41416 4.41188
41417 4.41188
41418 4.41188
41419 4.41188
41420 4.41188
41421 4.41187
41422 4.41187
41423 4.41187
41424 4.41187
41425 4.41187
41426 4.41187
41427 4.41187
41428 4.41186
41429 4.41186
41430 4.41186
41431 4.41186
41432 4.41186
41433 4.41186
41434 4.41186
41435 4.41185
41436 4.41185
41437 4.41185
41438 4.41185
41439 4.41185
41440 4.41185
41441 4.41185
41442 4.41184
41443 4.41184
41444 4.41184
41445 4.41184
41446 4.41184
41447 4.41184
41448 4.41184
41449 4.41183
41450 4.41183
41451 4.41183
41452 4.41183
41453 4.41183
41454 4.41183
41455 4.41182
41456 4.41182
41457 4.41182
41458 4.41182
41459 4.41182
41460 4.41182
41461 4.41182
41462 4.41181
41463 4.41181
41464 4.41181
41465 4.41181
41466 4.41181
41467 4.41181
41468 4.41181
41469 4.4118
41470 4.4118
41471 4.4118
41472 4.4118
41473 4.4118
41474 4.4118
41475 4.4118
41476 4.41179
41477 4.41179
41478 4.41179
41479 4.41179
41480 4.41179
41481 4.41179
41482 4.41179
41483 4.41178
41484 4.41178
41485 4.41178
41486 4.41178
41487 4.41178
41488 4.41178
41489 4.41177
41490 4.41177
41491 4.41177
41492 4.41177
41493 4.41177
41494 4.41177
41495 4.41177
41496 4.41176
41497 4.41176
41498 4.41176
41499 4.41176
41500 4.41176
41501 4.41176
41502 4.41176
41503 4.41175
41504 4.41175
41505 4.41175
41506 4.41175
41507 4.41175
41508 4.41175
41509 4.41175
41510 4.41174
41511 4.41174
41512 4.41174
41513 4.41174
41514 4.41174
41515 4.41174
41516 4.41174
41517 4.41173
41518 4.41173
41519 4.41173
41520 4.41173
41521 4.41173
41522 4.41173
41523 4.41173
41524 4.41172
41525 4.41172
41526 4.41172
41527 4.41172
41528 4.41172
41529 4.41172
41530 4.41172
41531 4.41171
41532 4.41171
41533 4.41171
41534 4.41171
41535 4.41171
41536 4.41171
41537 4.4117
41538 4.4117
41539 4.4117
41540 4.4117
41541 4.4117
41542 4.4117
41543 4.4117
41544 4.41169
41545 4.41169
41546 4.41169
41547 4.41169
41548 4.41169
41549 4.41169
41550 4.41169
41551 4.41168
41552 4.41168
41553 4.41168
41554 4.41168
41555 4.41168
41556 4.41168
41557 4.41168
41558 4.41167
41559 4.41167
41560 4.41167
41561 4.41167
41562 4.41167
41563 4.41167
41564 4.41167
41565 4.41166
41566 4.41166
41567 4.41166
41568 4.41166
41569 4.41166
41570 4.41166
41571 4.41166
41572 4.41165
41573 4.41165
41574 4.41165
41575 4.41165
41576 4.41165
41577 4.41165
41578 4.41165
41579 4.41164
41580 4.41164
41581 4.41164
41582 4.41164
41583 4.41164
41584 4.41164
41585 4.41164
41586 4.41163
41587 4.41163
41588 4.41163
41589 4.41163
41590 4.41163
41591 4.41163
41592 4.41163
41593 4.41162
41594 4.41162
41595 4.41162
41596 4.41162
41597 4.41162
41598 4.41162
41599 4.41162
41600 4.41161
41601 4.41161
41602 4.41161
41603 4.41161
41604 4.41161
41605 4.41161
41606 4.41161
41607 4.4116
41608 4.4116
41609 4.4116
41610 4.4116
41611 4.4116
41612 4.4116
41613 4.4116
41614 4.41159
41615 4.41159
41616 4.41159
41617 4.41159
41618 4.41159
41619 4.41159
41620 4.41158
41621 4.41158
41622 4.41158
41623 4.41158
41624 4.41158
41625 4.41158
41626 4.41158
41627 4.41157
41628 4.41157
41629 4.41157
41630 4.41157
41631 4.41157
41632 4.41157
41633 4.41157
41634 4.41156
41635 4.41156
41636 4.41156
41637 4.41156
41638 4.41156
41639 4.41156
41640 4.41156
41641 4.41155
41642 4.41155
41643 4.41155
41644 4.41155
41645 4.41155
41646 4.41155
41647 4.41155
41648 4.41154
41649 4.41154
41650 4.41154
41651 4.41154
41652 4.41154
41653 4.41154
41654 4.41154
41655 4.41153
41656 4.41153
41657 4.41153
41658 4.41153
41659 4.41153
41660 4.41153
41661 4.41153
41662 4.41152
41663 4.41152
41664 4.41152
41665 4.41152
41666 4.41152
41667 4.41152
41668 4.41152
41669 4.41151
41670 4.41151
41671 4.41151
41672 4.41151
41673 4.41151
41674 4.41151
41675 4.41151
41676 4.4115
41677 4.4115
41678 4.4115
41679 4.4115
41680 4.4115
41681 4.4115
41682 4.4115
41683 4.41149
41684 4.41149
41685 4.41149
41686 4.41149
41687 4.41149
41688 4.41149
41689 4.41149
41690 4.41148
41691 4.41148
41692 4.41148
41693 4.41148
41694 4.41148
41695 4.41148
41696 4.41148
41697 4.41147
41698 4.41147
41699 4.41147
41700 4.41147
41701 4.41147
41702 4.41147
41703 4.41147
41704 4.41146
41705 4.41146
41706 4.41146
41707 4.41146
41708 4.41146
41709 4.41146
41710 4.41146
41711 4.41146
41712 4.41145
41713 4.41145
41714 4.41145
41715 4.41145
41716 4.41145
41717 4.41145
41718 4.41145
41719 4.41144
41720 4.41144
41721 4.41144
41722 4.41144
41723 4.41144
41724 4.41144
41725 4.41144
41726 4.41143
41727 4.41143
41728 4.41143
41729 4.41143
41730 4.41143
41731 4.41143
41732 4.41143
41733 4.41142
41734 4.41142
41735 4.41142
41736 4.41142
41737 4.41142
41738 4.41142
41739 4.41142
41740 4.41141
41741 4.41141
41742 4.41141
41743 4.41141
41744 4.41141
41745 4.41141
41746 4.41141
41747 4.4114
41748 4.4114
41749 4.4114
41750 4.4114
41751 4.4114
41752 4.4114
41753 4.4114
41754 4.41139
41755 4.41139
41756 4.41139
41757 4.41139
41758 4.41139
41759 4.41139
41760 4.41139
41761 4.41138
41762 4.41138
41763 4.41138
41764 4.41138
41765 4.41138
41766 4.41138
41767 4.41138
41768 4.41137
41769 4.41137
41770 4.41137
41771 4.41137
41772 4.41137
41773 4.41137
41774 4.41137
41775 4.41136
41776 4.41136
41777 4.41136
41778 4.41136
41779 4.41136
41780 4.41136
41781 4.41136
41782 4.41135
41783 4.41135
41784 4.41135
41785 4.41135
41786 4.41135
41787 4.41135
41788 4.41135
41789 4.41134
41790 4.41134
41791 4.41134
41792 4.41134
41793 4.41134
41794 4.41134
41795 4.41134
41796 4.41134
41797 4.41133
41798 4.41133
41799 4.41133
41800 4.41133
41801 4.41133
41802 4.41133
41803 4.41133
41804 4.41132
41805 4.41132
41806 4.41132
41807 4.41132
41808 4.41132
41809 4.41132
41810 4.41132
41811 4.41131
41812 4.41131
41813 4.41131
41814 4.41131
41815 4.41131
41816 4.41131
41817 4.41131
41818 4.4113
41819 4.4113
41820 4.4113
41821 4.4113
41822 4.4113
41823 4.4113
41824 4.4113
41825 4.41129
41826 4.41129
41827 4.41129
41828 4.41129
41829 4.41129
41830 4.41129
41831 4.41129
41832 4.41128
41833 4.41128
41834 4.41128
41835 4.41128
41836 4.41128
41837 4.41128
41838 4.41128
41839 4.41127
41840 4.41127
41841 4.41127
41842 4.41127
41843 4.41127
41844 4.41127
41845 4.41127
41846 4.41127
41847 4.41126
41848 4.41126
41849 4.41126
41850 4.41126
41851 4.41126
41852 4.41126
41853 4.41126
41854 4.41125
41855 4.41125
41856 4.41125
41857 4.41125
41858 4.41125
41859 4.41125
41860 4.41125
41861 4.41124
41862 4.41124
41863 4.41124
41864 4.41124
41865 4.41124
41866 4.41124
41867 4.41124
41868 4.41123
41869 4.41123
41870 4.41123
41871 4.41123
41872 4.41123
41873 4.41123
41874 4.41123
41875 4.41122
41876 4.41122
41877 4.41122
41878 4.41122
41879 4.41122
41880 4.41122
41881 4.41122
41882 4.41122
41883 4.41121
41884 4.41121
41885 4.41121
41886 4.41121
41887 4.41121
41888 4.41121
41889 4.41121
41890 4.4112
41891 4.4112
41892 4.4112
41893 4.4112
41894 4.4112
41895 4.4112
41896 4.4112
41897 4.41119
41898 4.41119
41899 4.41119
41900 4.41119
41901 4.41119
41902 4.41119
41903 4.41119
41904 4.41118
41905 4.41118
41906 4.41118
41907 4.41118
41908 4.41118
41909 4.41118
41910 4.41118
41911 4.41117
41912 4.41117
41913 4.41117
41914 4.41117
41915 4.41117
41916 4.41117
41917 4.41117
41918 4.41117
41919 4.41116
41920 4.41116
41921 4.41116
41922 4.41116
41923 4.41116
41924 4.41116
41925 4.41116
41926 4.41115
41927 4.41115
41928 4.41115
41929 4.41115
41930 4.41115
41931 4.41115
41932 4.41115
41933 4.41114
41934 4.41114
41935 4.41114
41936 4.41114
41937 4.41114
41938 4.41114
41939 4.41114
41940 4.41113
41941 4.41113
41942 4.41113
41943 4.41113
41944 4.41113
41945 4.41113
41946 4.41113
41947 4.41113
41948 4.41112
41949 4.41112
41950 4.41112
41951 4.41112
41952 4.41112
41953 4.41112
41954 4.41112
41955 4.41111
41956 4.41111
41957 4.41111
41958 4.41111
41959 4.41111
41960 4.41111
41961 4.41111
41962 4.4111
41963 4.4111
41964 4.4111
41965 4.4111
41966 4.4111
41967 4.4111
41968 4.4111
41969 4.4111
41970 4.41109
41971 4.41109
41972 4.41109
41973 4.41109
41974 4.41109
41975 4.41109
41976 4.41109
41977 4.41108
41978 4.41108
41979 4.41108
41980 4.41108
41981 4.41108
41982 4.41108
41983 4.41108
41984 4.41107
41985 4.41107
41986 4.41107
41987 4.41107
41988 4.41107
41989 4.41107
41990 4.41107
41991 4.41106
41992 4.41106
41993 4.41106
41994 4.41106
41995 4.41106
41996 4.41106
41997 4.41106
41998 4.41106
41999 4.41105
42000 4.41105
42001 4.41105
42002 4.41105
42003 4.41105
42004 4.41105
42005 4.41105
42006 4.41104
42007 4.41104
42008 4.41104
42009 4.41104
42010 4.41104
42011 4.41104
42012 4.41104
42013 4.41103
42014 4.41103
42015 4.41103
42016 4.41103
42017 4.41103
42018 4.41103
42019 4.41103
42020 4.41103
42021 4.41102
42022 4.41102
42023 4.41102
42024 4.41102
42025 4.41102
42026 4.41102
42027 4.41102
42028 4.41101
42029 4.41101
42030 4.41101
42031 4.41101
42032 4.41101
42033 4.41101
42034 4.41101
42035 4.41101
42036 4.411
42037 4.411
42038 4.411
42039 4.411
42040 4.411
42041 4.411
42042 4.411
42043 4.41099
42044 4.41099
42045 4.41099
42046 4.41099
42047 4.41099
42048 4.41099
42049 4.41099
42050 4.41098
42051 4.41098
42052 4.41098
42053 4.41098
42054 4.41098
42055 4.41098
42056 4.41098
42057 4.41098
42058 4.41097
42059 4.41097
42060 4.41097
42061 4.41097
42062 4.41097
42063 4.41097
42064 4.41097
42065 4.41096
42066 4.41096
42067 4.41096
42068 4.41096
42069 4.41096
42070 4.41096
42071 4.41096
42072 4.41095
42073 4.41095
42074 4.41095
42075 4.41095
42076 4.41095
42077 4.41095
42078 4.41095
42079 4.41095
42080 4.41094
42081 4.41094
42082 4.41094
42083 4.41094
42084 4.41094
42085 4.41094
42086 4.41094
42087 4.41093
42088 4.41093
42089 4.41093
42090 4.41093
42091 4.41093
42092 4.41093
42093 4.41093
42094 4.41093
42095 4.41092
42096 4.41092
42097 4.41092
42098 4.41092
42099 4.41092
42100 4.41092
42101 4.41092
42102 4.41091
42103 4.41091
42104 4.41091
42105 4.41091
42106 4.41091
42107 4.41091
42108 4.41091
42109 4.4109
42110 4.4109
42111 4.4109
42112 4.4109
42113 4.4109
42114 4.4109
42115 4.4109
42116 4.4109
42117 4.41089
42118 4.41089
42119 4.41089
42120 4.41089
42121 4.41089
42122 4.41089
42123 4.41089
42124 4.41088
42125 4.41088
42126 4.41088
42127 4.41088
42128 4.41088
42129 4.41088
42130 4.41088
42131 4.41088
42132 4.41087
42133 4.41087
42134 4.41087
42135 4.41087
42136 4.41087
42137 4.41087
42138 4.41087
42139 4.41086
42140 4.41086
42141 4.41086
42142 4.41086
42143 4.41086
42144 4.41086
42145 4.41086
42146 4.41086
42147 4.41085
42148 4.41085
42149 4.41085
42150 4.41085
42151 4.41085
42152 4.41085
42153 4.41085
42154 4.41084
42155 4.41084
42156 4.41084
42157 4.41084
42158 4.41084
42159 4.41084
42160 4.41084
42161 4.41084
42162 4.41083
42163 4.41083
42164 4.41083
42165 4.41083
42166 4.41083
42167 4.41083
42168 4.41083
42169 4.41082
42170 4.41082
42171 4.41082
42172 4.41082
42173 4.41082
42174 4.41082
42175 4.41082
42176 4.41082
42177 4.41081
42178 4.41081
42179 4.41081
42180 4.41081
42181 4.41081
42182 4.41081
42183 4.41081
42184 4.4108
42185 4.4108
42186 4.4108
42187 4.4108
42188 4.4108
42189 4.4108
42190 4.4108
42191 4.4108
42192 4.41079
42193 4.41079
42194 4.41079
42195 4.41079
42196 4.41079
42197 4.41079
42198 4.41079
42199 4.41078
42200 4.41078
42201 4.41078
42202 4.41078
42203 4.41078
42204 4.41078
42205 4.41078
42206 4.41078
42207 4.41077
42208 4.41077
42209 4.41077
42210 4.41077
42211 4.41077
42212 4.41077
42213 4.41077
42214 4.41076
42215 4.41076
42216 4.41076
42217 4.41076
42218 4.41076
42219 4.41076
42220 4.41076
42221 4.41076
42222 4.41075
42223 4.41075
42224 4.41075
42225 4.41075
42226 4.41075
42227 4.41075
42228 4.41075
42229 4.41074
42230 4.41074
42231 4.41074
42232 4.41074
42233 4.41074
42234 4.41074
42235 4.41074
42236 4.41074
42237 4.41073
42238 4.41073
42239 4.41073
42240 4.41073
42241 4.41073
42242 4.41073
42243 4.41073
42244 4.41073
42245 4.41072
42246 4.41072
42247 4.41072
42248 4.41072
42249 4.41072
42250 4.41072
42251 4.41072
42252 4.41071
42253 4.41071
42254 4.41071
42255 4.41071
42256 4.41071
42257 4.41071
42258 4.41071
42259 4.41071
42260 4.4107
42261 4.4107
42262 4.4107
42263 4.4107
42264 4.4107
42265 4.4107
42266 4.4107
42267 4.41069
42268 4.41069
42269 4.41069
42270 4.41069
42271 4.41069
42272 4.41069
42273 4.41069
42274 4.41069
42275 4.41068
42276 4.41068
42277 4.41068
42278 4.41068
42279 4.41068
42280 4.41068
42281 4.41068
42282 4.41067
42283 4.41067
42284 4.41067
42285 4.41067
42286 4.41067
42287 4.41067
42288 4.41067
42289 4.41067
42290 4.41066
42291 4.41066
42292 4.41066
42293 4.41066
42294 4.41066
42295 4.41066
42296 4.41066
42297 4.41066
42298 4.41065
42299 4.41065
42300 4.41065
42301 4.41065
42302 4.41065
42303 4.41065
42304 4.41065
42305 4.41064
42306 4.41064
42307 4.41064
42308 4.41064
42309 4.41064
42310 4.41064
42311 4.41064
42312 4.41064
42313 4.41063
42314 4.41063
42315 4.41063
42316 4.41063
42317 4.41063
42318 4.41063
42319 4.41063
42320 4.41063
42321 4.41062
42322 4.41062
42323 4.41062
42324 4.41062
42325 4.41062
42326 4.41062
42327 4.41062
42328 4.41061
42329 4.41061
42330 4.41061
42331 4.41061
42332 4.41061
42333 4.41061
42334 4.41061
42335 4.41061
42336 4.4106
42337 4.4106
42338 4.4106
42339 4.4106
42340 4.4106
42341 4.4106
42342 4.4106
42343 4.4106
42344 4.41059
42345 4.41059
42346 4.41059
42347 4.41059
42348 4.41059
42349 4.41059
42350 4.41059
42351 4.41058
42352 4.41058
42353 4.41058
42354 4.41058
42355 4.41058
42356 4.41058
42357 4.41058
42358 4.41058
42359 4.41057
42360 4.41057
42361 4.41057
42362 4.41057
42363 4.41057
42364 4.41057
42365 4.41057
42366 4.41057
42367 4.41056
42368 4.41056
42369 4.41056
42370 4.41056
42371 4.41056
42372 4.41056
42373 4.41056
42374 4.41055
42375 4.41055
42376 4.41055
42377 4.41055
42378 4.41055
42379 4.41055
42380 4.41055
42381 4.41055
42382 4.41054
42383 4.41054
42384 4.41054
42385 4.41054
42386 4.41054
42387 4.41054
42388 4.41054
42389 4.41054
42390 4.41053
42391 4.41053
42392 4.41053
42393 4.41053
42394 4.41053
42395 4.41053
42396 4.41053
42397 4.41052
42398 4.41052
42399 4.41052
42400 4.41052
42401 4.41052
42402 4.41052
42403 4.41052
42404 4.41052
42405 4.41051
42406 4.41051
42407 4.41051
42408 4.41051
42409 4.41051
42410 4.41051
42411 4.41051
42412 4.41051
42413 4.4105
42414 4.4105
42415 4.4105
42416 4.4105
42417 4.4105
42418 4.4105
42419 4.4105
42420 4.4105
42421 4.41049
42422 4.41049
42423 4.41049
42424 4.41049
42425 4.41049
42426 4.41049
42427 4.41049
42428 4.41048
42429 4.41048
42430 4.41048
42431 4.41048
42432 4.41048
42433 4.41048
42434 4.41048
42435 4.41048
42436 4.41047
42437 4.41047
42438 4.41047
42439 4.41047
42440 4.41047
42441 4.41047
42442 4.41047
42443 4.41047
42444 4.41046
42445 4.41046
42446 4.41046
42447 4.41046
42448 4.41046
42449 4.41046
42450 4.41046
42451 4.41046
42452 4.41045
42453 4.41045
42454 4.41045
42455 4.41045
42456 4.41045
42457 4.41045
42458 4.41045
42459 4.41045
42460 4.41044
42461 4.41044
42462 4.41044
42463 4.41044
42464 4.41044
42465 4.41044
42466 4.41044
42467 4.41043
42468 4.41043
42469 4.41043
42470 4.41043
42471 4.41043
42472 4.41043
42473 4.41043
42474 4.41043
42475 4.41042
42476 4.41042
42477 4.41042
42478 4.41042
42479 4.41042
42480 4.41042
42481 4.41042
42482 4.41042
42483 4.41041
42484 4.41041
42485 4.41041
42486 4.41041
42487 4.41041
42488 4.41041
42489 4.41041
42490 4.41041
42491 4.4104
42492 4.4104
42493 4.4104
42494 4.4104
42495 4.4104
42496 4.4104
42497 4.4104
42498 4.4104
42499 4.41039
42500 4.41039
42501 4.41039
42502 4.41039
42503 4.41039
42504 4.41039
42505 4.41039
42506 4.41038
42507 4.41038
42508 4.41038
42509 4.41038
42510 4.41038
42511 4.41038
42512 4.41038
42513 4.41038
42514 4.41037
42515 4.41037
42516 4.41037
42517 4.41037
42518 4.41037
42519 4.41037
42520 4.41037
42521 4.41037
42522 4.41036
42523 4.41036
42524 4.41036
42525 4.41036
42526 4.41036
42527 4.41036
42528 4.41036
42529 4.41036
42530 4.41035
42531 4.41035
42532 4.41035
42533 4.41035
42534 4.41035
42535 4.41035
42536 4.41035
42537 4.41035
42538 4.41034
42539 4.41034
42540 4.41034
42541 4.41034
42542 4.41034
42543 4.41034
42544 4.41034
42545 4.41034
42546 4.41033
42547 4.41033
42548 4.41033
42549 4.41033
42550 4.41033
42551 4.41033
42552 4.41033
42553 4.41033
42554 4.41032
42555 4.41032
42556 4.41032
42557 4.41032
42558 4.41032
42559 4.41032
42560 4.41032
42561 4.41032
42562 4.41031
42563 4.41031
42564 4.41031
42565 4.41031
42566 4.41031
42567 4.41031
42568 4.41031
42569 4.4103
42570 4.4103
42571 4.4103
42572 4.4103
42573 4.4103
42574 4.4103
42575 4.4103
42576 4.4103
42577 4.41029
42578 4.41029
42579 4.41029
42580 4.41029
42581 4.41029
42582 4.41029
42583 4.41029
42584 4.41029
42585 4.41028
42586 4.41028
42587 4.41028
42588 4.41028
42589 4.41028
42590 4.41028
42591 4.41028
42592 4.41028
42593 4.41027
42594 4.41027
42595 4.41027
42596 4.41027
42597 4.41027
42598 4.41027
42599 4.41027
42600 4.41027
42601 4.41026
42602 4.41026
42603 4.41026
42604 4.41026
42605 4.41026
42606 4.41026
42607 4.41026
42608 4.41026
42609 4.41025
42610 4.41025
42611 4.41025
42612 4.41025
42613 4.41025
42614 4.41025
42615 4.41025
42616 4.41025
42617 4.41024
42618 4.41024
42619 4.41024
42620 4.41024
42621 4.41024
42622 4.41024
42623 4.41024
42624 4.41024
42625 4.41023
42626 4.41023
42627 4.41023
42628 4.41023
42629 4.41023
42630 4.41023
42631 4.41023
42632 4.41023
42633 4.41022
42634 4.41022
42635 4.41022
42636 4.41022
42637 4.41022
42638 4.41022
42639 4.41022
42640 4.41022
42641 4.41021
42642 4.41021
42643 4.41021
42644 4.41021
42645 4.41021
42646 4.41021
42647 4.41021
42648 4.41021
42649 4.4102
42650 4.4102
42651 4.4102
42652 4.4102
42653 4.4102
42654 4.4102
42655 4.4102
42656 4.4102
42657 4.41019
42658 4.41019
42659 4.41019
42660 4.41019
42661 4.41019
42662 4.41019
42663 4.41019
42664 4.41019
42665 4.41018
42666 4.41018
42667 4.41018
42668 4.41018
42669 4.41018
42670 4.41018
42671 4.41018
42672 4.41018
42673 4.41017
42674 4.41017
42675 4.41017
42676 4.41017
42677 4.41017
42678 4.41017
42679 4.41017
42680 4.41017
42681 4.41016
42682 4.41016
42683 4.41016
42684 4.41016
42685 4.41016
42686 4.41016
42687 4.41016
42688 4.41016
42689 4.41015
42690 4.41015
42691 4.41015
42692 4.41015
42693 4.41015
42694 4.41015
42695 4.41015
42696 4.41015
42697 4.41014
42698 4.41014
42699 4.41014
42700 4.41014
42701 4.41014
42702 4.41014
42703 4.41014
42704 4.41014
42705 4.41013
42706 4.41013
42707 4.41013
42708 4.41013
42709 4.41013
42710 4.41013
42711 4.41013
42712 4.41013
42713 4.41012
42714 4.41012
42715 4.41012
42716 4.41012
42717 4.41012
42718 4.41012
42719 4.41012
42720 4.41012
42721 4.41011
42722 4.41011
42723 4.41011
42724 4.41011
42725 4.41011
42726 4.41011
42727 4.41011
42728 4.41011
42729 4.4101
42730 4.4101
42731 4.4101
42732 4.4101
42733 4.4101
42734 4.4101
42735 4.4101
42736 4.4101
42737 4.41009
42738 4.41009
42739 4.41009
42740 4.41009
42741 4.41009
42742 4.41009
42743 4.41009
42744 4.41009
42745 4.41009
42746 4.41008
42747 4.41008
42748 4.41008
42749 4.41008
42750 4.41008
42751 4.41008
42752 4.41008
42753 4.41008
42754 4.41007
42755 4.41007
42756 4.41007
42757 4.41007
42758 4.41007
42759 4.41007
42760 4.41007
42761 4.41007
42762 4.41006
42763 4.41006
42764 4.41006
42765 4.41006
42766 4.41006
42767 4.41006
42768 4.41006
42769 4.41006
42770 4.41005
42771 4.41005
42772 4.41005
42773 4.41005
42774 4.41005
42775 4.41005
42776 4.41005
42777 4.41005
42778 4.41004
42779 4.41004
42780 4.41004
42781 4.41004
42782 4.41004
42783 4.41004
42784 4.41004
42785 4.41004
42786 4.41003
42787 4.41003
42788 4.41003
42789 4.41003
42790 4.41003
42791 4.41003
42792 4.41003
42793 4.41003
42794 4.41002
42795 4.41002
42796 4.41002
42797 4.41002
42798 4.41002
42799 4.41002
42800 4.41002
42801 4.41002
42802 4.41002
42803 4.41001
42804 4.41001
42805 4.41001
42806 4.41001
42807 4.41001
42808 4.41001
42809 4.41001
42810 4.41001
42811 4.41
42812 4.41
42813 4.41
42814 4.41
42815 4.41
42816 4.41
42817 4.41
42818 4.41
42819 4.40999
42820 4.40999
42821 4.40999
42822 4.40999
42823 4.40999
42824 4.40999
42825 4.40999
42826 4.40999
42827 4.40998
42828 4.40998
42829 4.40998
42830 4.40998
42831 4.40998
42832 4.40998
42833 4.40998
42834 4.40998
42835 4.40997
42836 4.40997
42837 4.40997
42838 4.40997
42839 4.40997
42840 4.40997
42841 4.40997
42842 4.40997
42843 4.40996
42844 4.40996
42845 4.40996
42846 4.40996
42847 4.40996
42848 4.40996
42849 4.40996
42850 4.40996
42851 4.40996
42852 4.40995
42853 4.40995
42854 4.40995
42855 4.40995
42856 4.40995
42857 4.40995
42858 4.40995
42859 4.40995
42860 4.40994
42861 4.40994
42862 4.40994
42863 4.40994
42864 4.40994
42865 4.40994
42866 4.40994
42867 4.40994
42868 4.40993
42869 4.40993
42870 4.40993
42871 4.40993
42872 4.40993
42873 4.40993
42874 4.40993
42875 4.40993
42876 4.40992
42877 4.40992
42878 4.40992
42879 4.40992
42880 4.40992
42881 4.40992
42882 4.40992
42883 4.40992
42884 4.40992
42885 4.40991
42886 4.40991
42887 4.40991
42888 4.40991
42889 4.40991
42890 4.40991
42891 4.40991
42892 4.40991
42893 4.4099
42894 4.4099
42895 4.4099
42896 4.4099
42897 4.4099
42898 4.4099
42899 4.4099
42900 4.4099
42901 4.40989
42902 4.40989
42903 4.40989
42904 4.40989
42905 4.40989
42906 4.40989
42907 4.40989
42908 4.40989
42909 4.40988
42910 4.40988
42911 4.40988
42912 4.40988
42913 4.40988
42914 4.40988
42915 4.40988
42916 4.40988
42917 4.40988
42918 4.40987
42919 4.40987
42920 4.40987
42921 4.40987
42922 4.40987
42923 4.40987
42924 4.40987
42925 4.40987
42926 4.40986
42927 4.40986
42928 4.40986
42929 4.40986
42930 4.40986
42931 4.40986
42932 4.40986
42933 4.40986
42934 4.40985
42935 4.40985
42936 4.40985
42937 4.40985
42938 4.40985
42939 4.40985
42940 4.40985
42941 4.40985
42942 4.40985
42943 4.40984
42944 4.40984
42945 4.40984
42946 4.40984
42947 4.40984
42948 4.40984
42949 4.40984
42950 4.40984
42951 4.40983
42952 4.40983
42953 4.40983
42954 4.40983
42955 4.40983
42956 4.40983
42957 4.40983
42958 4.40983
42959 4.40982
42960 4.40982
42961 4.40982
42962 4.40982
42963 4.40982
42964 4.40982
42965 4.40982
42966 4.40982
42967 4.40982
42968 4.40981
42969 4.40981
42970 4.40981
42971 4.40981
42972 4.40981
42973 4.40981
42974 4.40981
42975 4.40981
42976 4.4098
42977 4.4098
42978 4.4098
42979 4.4098
42980 4.4098
42981 4.4098
42982 4.4098
42983 4.4098
42984 4.40979
42985 4.40979
42986 4.40979
42987 4.40979
42988 4.40979
42989 4.40979
42990 4.40979
42991 4.40979
42992 4.40979
42993 4.40978
42994 4.40978
42995 4.40978
42996 4.40978
42997 4.40978
42998 4.40978
42999 4.40978
43000 4.40978
43001 4.40977
43002 4.40977
43003 4.40977
43004 4.40977
43005 4.40977
43006 4.40977
43007 4.40977
43008 4.40977
43009 4.40976
43010 4.40976
43011 4.40976
43012 4.40976
43013 4.40976
43014 4.40976
43015 4.40976
43016 4.40976
43017 4.40976
43018 4.40975
43019 4.40975
43020 4.40975
43021 4.40975
43022 4.40975
43023 4.40975
43024 4.40975
43025 4.40975
43026 4.40974
43027 4.40974
43028 4.40974
43029 4.40974
43030 4.40974
43031 4.40974
43032 4.40974
43033 4.40974
43034 4.40974
43035 4.40973
43036 4.40973
43037 4.40973
43038 4.40973
43039 4.40973
43040 4.40973
43041 4.40973
43042 4.40973
43043 4.40972
43044 4.40972
43045 4.40972
43046 4.40972
43047 4.40972
43048 4.40972
43049 4.40972
43050 4.40972
43051 4.40972
43052 4.40971
43053 4.40971
43054 4.40971
43055 4.40971
43056 4.40971
43057 4.40971
43058 4.40971
43059 4.40971
43060 4.4097
43061 4.4097
43062 4.4097
43063 4.4097
43064 4.4097
43065 4.4097
43066 4.4097
43067 4.4097
43068 4.4097
43069 4.40969
43070 4.40969
43071 4.40969
43072 4.40969
43073 4.40969
43074 4.40969
43075 4.40969
43076 4.40969
43077 4.40968
43078 4.40968
43079 4.40968
43080 4.40968
43081 4.40968
43082 4.40968
43083 4.40968
43084 4.40968
43085 4.40967
43086 4.40967
43087 4.40967
43088 4.40967
43089 4.40967
43090 4.40967
43091 4.40967
43092 4.40967
43093 4.40967
43094 4.40966
43095 4.40966
43096 4.40966
43097 4.40966
43098 4.40966
43099 4.40966
43100 4.40966
43101 4.40966
43102 4.40965
43103 4.40965
43104 4.40965
43105 4.40965
43106 4.40965
43107 4.40965
43108 4.40965
43109 4.40965
43110 4.40965
43111 4.40964
43112 4.40964
43113 4.40964
43114 4.40964
43115 4.40964
43116 4.40964
43117 4.40964
43118 4.40964
43119 4.40963
43120 4.40963
43121 4.40963
43122 4.40963
43123 4.40963
43124 4.40963
43125 4.40963
43126 4.40963
43127 4.40963
43128 4.40962
43129 4.40962
43130 4.40962
43131 4.40962
43132 4.40962
43133 4.40962
43134 4.40962
43135 4.40962
43136 4.40962
43137 4.40961
43138 4.40961
43139 4.40961
43140 4.40961
43141 4.40961
43142 4.40961
43143 4.40961
43144 4.40961
43145 4.4096
43146 4.4096
43147 4.4096
43148 4.4096
43149 4.4096
43150 4.4096
43151 4.4096
43152 4.4096
43153 4.4096
43154 4.40959
43155 4.40959
43156 4.40959
43157 4.40959
43158 4.40959
43159 4.40959
43160 4.40959
43161 4.40959
43162 4.40958
43163 4.40958
43164 4.40958
43165 4.40958
43166 4.40958
43167 4.40958
43168 4.40958
43169 4.40958
43170 4.40958
43171 4.40957
43172 4.40957
43173 4.40957
43174 4.40957
43175 4.40957
43176 4.40957
43177 4.40957
43178 4.40957
43179 4.40956
43180 4.40956
43181 4.40956
43182 4.40956
43183 4.40956
43184 4.40956
43185 4.40956
43186 4.40956
43187 4.40956
43188 4.40955
43189 4.40955
43190 4.40955
43191 4.40955
43192 4.40955
43193 4.40955
43194 4.40955
43195 4.40955
43196 4.40955
43197 4.40954
43198 4.40954
43199 4.40954
43200 4.40954
43201 4.40954
43202 4.40954
43203 4.40954
43204 4.40954
43205 4.40953
43206 4.40953
43207 4.40953
43208 4.40953
43209 4.40953
43210 4.40953
43211 4.40953
43212 4.40953
43213 4.40953
43214 4.40952
43215 4.40952
43216 4.40952
43217 4.40952
43218 4.40952
43219 4.40952
43220 4.40952
43221 4.40952
43222 4.40951
43223 4.40951
43224 4.40951
43225 4.40951
43226 4.40951
43227 4.40951
43228 4.40951
43229 4.40951
43230 4.40951
43231 4.4095
43232 4.4095
43233 4.4095
43234 4.4095
43235 4.4095
43236 4.4095
43237 4.4095
43238 4.4095
43239 4.4095
43240 4.40949
43241 4.40949
43242 4.40949
43243 4.40949
43244 4.40949
43245 4.40949
43246 4.40949
43247 4.40949
43248 4.40948
43249 4.40948
43250 4.40948
43251 4.40948
43252 4.40948
43253 4.40948
43254 4.40948
43255 4.40948
43256 4.40948
43257 4.40947
43258 4.40947
43259 4.40947
43260 4.40947
43261 4.40947
43262 4.40947
43263 4.40947
43264 4.40947
43265 4.40947
43266 4.40946
43267 4.40946
43268 4.40946
43269 4.40946
43270 4.40946
43271 4.40946
43272 4.40946
43273 4.40946
43274 4.40946
43275 4.40945
43276 4.40945
43277 4.40945
43278 4.40945
43279 4.40945
43280 4.40945
43281 4.40945
43282 4.40945
43283 4.40944
43284 4.40944
43285 4.40944
43286 4.40944
43287 4.40944
43288 4.40944
43289 4.40944
43290 4.40944
43291 4.40944
43292 4.40943
43293 4.40943
43294 4.40943
43295 4.40943
43296 4.40943
43297 4.40943
43298 4.40943
43299 4.40943
43300 4.40943
43301 4.40942
43302 4.40942
43303 4.40942
43304 4.40942
43305 4.40942
43306 4.40942
43307 4.40942
43308 4.40942
43309 4.40941
43310 4.40941
43311 4.40941
43312 4.40941
43313 4.40941
43314 4.40941
43315 4.40941
43316 4.40941
43317 4.40941
43318 4.4094
43319 4.4094
43320 4.4094
43321 4.4094
43322 4.4094
43323 4.4094
43324 4.4094
43325 4.4094
43326 4.4094
43327 4.40939
43328 4.40939
43329 4.40939
43330 4.40939
43331 4.40939
43332 4.40939
43333 4.40939
43334 4.40939
43335 4.40939
43336 4.40938
43337 4.40938
43338 4.40938
43339 4.40938
43340 4.40938
43341 4.40938
43342 4.40938
43343 4.40938
43344 4.40937
43345 4.40937
43346 4.40937
43347 4.40937
43348 4.40937
43349 4.40937
43350 4.40937
43351 4.40937
43352 4.40937
43353 4.40936
43354 4.40936
43355 4.40936
43356 4.40936
43357 4.40936
43358 4.40936
43359 4.40936
43360 4.40936
43361 4.40936
43362 4.40935
43363 4.40935
43364 4.40935
43365 4.40935
43366 4.40935
43367 4.40935
43368 4.40935
43369 4.40935
43370 4.40935
43371 4.40934
43372 4.40934
43373 4.40934
43374 4.40934
43375 4.40934
43376 4.40934
43377 4.40934
43378 4.40934
43379 4.40934
43380 4.40933
43381 4.40933
43382 4.40933
43383 4.40933
43384 4.40933
43385 4.40933
43386 4.40933
43387 4.40933
43388 4.40933
43389 4.40932
43390 4.40932
43391 4.40932
43392 4.40932
43393 4.40932
43394 4.40932
43395 4.40932
43396 4.40932
43397 4.40931
43398 4.40931
43399 4.40931
43400 4.40931
43401 4.40931
43402 4.40931
43403 4.40931
43404 4.40931
43405 4.40931
43406 4.4093
43407 4.4093
43408 4.4093
43409 4.4093
43410 4.4093
43411 4.4093
43412 4.4093
43413 4.4093
43414 4.4093
43415 4.40929
43416 4.40929
43417 4.40929
43418 4.40929
43419 4.40929
43420 4.40929
43421 4.40929
43422 4.40929
43423 4.40929
43424 4.40928
43425 4.40928
43426 4.40928
43427 4.40928
43428 4.40928
43429 4.40928
43430 4.40928
43431 4.40928
43432 4.40928
43433 4.40927
43434 4.40927
43435 4.40927
43436 4.40927
43437 4.40927
43438 4.40927
43439 4.40927
43440 4.40927
43441 4.40927
43442 4.40926
43443 4.40926
43444 4.40926
43445 4.40926
43446 4.40926
43447 4.40926
43448 4.40926
43449 4.40926
43450 4.40926
43451 4.40925
43452 4.40925
43453 4.40925
43454 4.40925
43455 4.40925
43456 4.40925
43457 4.40925
43458 4.40925
43459 4.40925
43460 4.40924
43461 4.40924
43462 4.40924
43463 4.40924
43464 4.40924
43465 4.40924
43466 4.40924
43467 4.40924
43468 4.40924
43469 4.40923
43470 4.40923
43471 4.40923
43472 4.40923
43473 4.40923
43474 4.40923
43475 4.40923
43476 4.40923
43477 4.40922
43478 4.40922
43479 4.40922
43480 4.40922
43481 4.40922
43482 4.40922
43483 4.40922
43484 4.40922
43485 4.40922
43486 4.40921
43487 4.40921
43488 4.40921
43489 4.40921
43490 4.40921
43491 4.40921
43492 4.40921
43493 4.40921
43494 4.40921
43495 4.4092
43496 4.4092
43497 4.4092
43498 4.4092
43499 4.4092
43500 4.4092
43501 4.4092
43502 4.4092
43503 4.4092
43504 4.40919
43505 4.40919
43506 4.40919
43507 4.40919
43508 4.40919
43509 4.40919
43510 4.40919
43511 4.40919
43512 4.40919
43513 4.40918
43514 4.40918
43515 4.40918
43516 4.40918
43517 4.40918
43518 4.40918
43519 4.40918
43520 4.40918
43521 4.40918
43522 4.40917
43523 4.40917
43524 4.40917
43525 4.40917
43526 4.40917
43527 4.40917
43528 4.40917
43529 4.40917
43530 4.40917
43531 4.40916
43532 4.40916
43533 4.40916
43534 4.40916
43535 4.40916
43536 4.40916
43537 4.40916
43538 4.40916
43539 4.40916
43540 4.40915
43541 4.40915
43542 4.40915
43543 4.40915
43544 4.40915
43545 4.40915
43546 4.40915
43547 4.40915
43548 4.40915
43549 4.40914
43550 4.40914
43551 4.40914
43552 4.40914
43553 4.40914
43554 4.40914
43555 4.40914
43556 4.40914
43557 4.40914
43558 4.40913
43559 4.40913
43560 4.40913
43561 4.40913
43562 4.40913
43563 4.40913
43564 4.40913
43565 4.40913
43566 4.40913
43567 4.40913
43568 4.40912
43569 4.40912
43570 4.40912
43571 4.40912
43572 4.40912
43573 4.40912
43574 4.40912
43575 4.40912
43576 4.40912
43577 4.40911
43578 4.40911
43579 4.40911
43580 4.40911
43581 4.40911
43582 4.40911
43583 4.40911
43584 4.40911
43585 4.40911
43586 4.4091
43587 4.4091
43588 4.4091
43589 4.4091
43590 4.4091
43591 4.4091
43592 4.4091
43593 4.4091
43594 4.4091
43595 4.40909
43596 4.40909
43597 4.40909
43598 4.40909
43599 4.40909
43600 4.40909
43601 4.40909
43602 4.40909
43603 4.40909
43604 4.40908
43605 4.40908
43606 4.40908
43607 4.40908
43608 4.40908
43609 4.40908
43610 4.40908
43611 4.40908
43612 4.40908
43613 4.40907
43614 4.40907
43615 4.40907
43616 4.40907
43617 4.40907
43618 4.40907
43619 4.40907
43620 4.40907
43621 4.40907
43622 4.40906
43623 4.40906
43624 4.40906
43625 4.40906
43626 4.40906
43627 4.40906
43628 4.40906
43629 4.40906
43630 4.40906
43631 4.40905
43632 4.40905
43633 4.40905
43634 4.40905
43635 4.40905
43636 4.40905
43637 4.40905
43638 4.40905
43639 4.40905
43640 4.40904
43641 4.40904
43642 4.40904
43643 4.40904
43644 4.40904
43645 4.40904
43646 4.40904
43647 4.40904
43648 4.40904
43649 4.40904
43650 4.40903
43651 4.40903
43652 4.40903
43653 4.40903
43654 4.40903
43655 4.40903
43656 4.40903
43657 4.40903
43658 4.40903
43659 4.40902
43660 4.40902
43661 4.40902
43662 4.40902
43663 4.40902
43664 4.40902
43665 4.40902
43666 4.40902
43667 4.40902
43668 4.40901
43669 4.40901
43670 4.40901
43671 4.40901
43672 4.40901
43673 4.40901
43674 4.40901
43675 4.40901
43676 4.40901
43677 4.409
43678 4.409
43679 4.409
43680 4.409
43681 4.409
43682 4.409
43683 4.409
43684 4.409
43685 4.409
43686 4.40899
43687 4.40899
43688 4.40899
43689 4.40899
43690 4.40899
43691 4.40899
43692 4.40899
43693 4.40899
43694 4.40899
43695 4.40898
43696 4.40898
43697 4.40898
43698 4.40898
43699 4.40898
43700 4.40898
43701 4.40898
43702 4.40898
43703 4.40898
43704 4.40898
43705 4.40897
43706 4.40897
43707 4.40897
43708 4.40897
43709 4.40897
43710 4.40897
43711 4.40897
43712 4.40897
43713 4.40897
43714 4.40896
43715 4.40896
43716 4.40896
43717 4.40896
43718 4.40896
43719 4.40896
43720 4.40896
43721 4.40896
43722 4.40896
43723 4.40895
43724 4.40895
43725 4.40895
43726 4.40895
43727 4.40895
43728 4.40895
43729 4.40895
43730 4.40895
43731 4.40895
43732 4.40894
43733 4.40894
43734 4.40894
43735 4.40894
43736 4.40894
43737 4.40894
43738 4.40894
43739 4.40894
43740 4.40894
43741 4.40894
43742 4.40893
43743 4.40893
43744 4.40893
43745 4.40893
43746 4.40893
43747 4.40893
43748 4.40893
43749 4.40893
43750 4.40893
43751 4.40892
43752 4.40892
43753 4.40892
43754 4.40892
43755 4.40892
43756 4.40892
43757 4.40892
43758 4.40892
43759 4.40892
43760 4.40891
43761 4.40891
43762 4.40891
43763 4.40891
43764 4.40891
43765 4.40891
43766 4.40891
43767 4.40891
43768 4.40891
43769 4.40891
43770 4.4089
43771 4.4089
43772 4.4089
43773 4.4089
43774 4.4089
43775 4.4089
43776 4.4089
43777 4.4089
43778 4.4089
43779 4.40889
43780 4.40889
43781 4.40889
43782 4.40889
43783 4.40889
43784 4.40889
43785 4.40889
43786 4.40889
43787 4.40889
43788 4.40888
43789 4.40888
43790 4.40888
43791 4.40888
43792 4.40888
43793 4.40888
43794 4.40888
43795 4.40888
43796 4.40888
43797 4.40888
43798 4.40887
43799 4.40887
43800 4.40887
43801 4.40887
43802 4.40887
43803 4.40887
43804 4.40887
43805 4.40887
43806 4.40887
43807 4.40886
43808 4.40886
43809 4.40886
43810 4.40886
43811 4.40886
43812 4.40886
43813 4.40886
43814 4.40886
43815 4.40886
43816 4.40885
43817 4.40885
43818 4.40885
43819 4.40885
43820 4.40885
43821 4.40885
43822 4.40885
43823 4.40885
43824 4.40885
43825 4.40885
43826 4.40884
43827 4.40884
43828 4.40884
43829 4.40884
43830 4.40884
43831 4.40884
43832 4.40884
43833 4.40884
43834 4.40884
43835 4.40883
43836 4.40883
43837 4.40883
43838 4.40883
43839 4.40883
43840 4.40883
43841 4.40883
43842 4.40883
43843 4.40883
43844 4.40882
43845 4.40882
43846 4.40882
43847 4.40882
43848 4.40882
43849 4.40882
43850 4.40882
43851 4.40882
43852 4.40882
43853 4.40882
43854 4.40881
43855 4.40881
43856 4.40881
43857 4.40881
43858 4.40881
43859 4.40881
43860 4.40881
43861 4.40881
43862 4.40881
43863 4.4088
43864 4.4088
43865 4.4088
43866 4.4088
43867 4.4088
43868 4.4088
43869 4.4088
43870 4.4088
43871 4.4088
43872 4.4088
43873 4.40879
43874 4.40879
43875 4.40879
43876 4.40879
43877 4.40879
43878 4.40879
43879 4.40879
43880 4.40879
43881 4.40879
43882 4.40878
43883 4.40878
43884 4.40878
43885 4.40878
43886 4.40878
43887 4.40878
43888 4.40878
43889 4.40878
43890 4.40878
43891 4.40878
43892 4.40877
43893 4.40877
43894 4.40877
43895 4.40877
43896 4.40877
43897 4.40877
43898 4.40877
43899 4.40877
43900 4.40877
43901 4.40876
43902 4.40876
43903 4.40876
43904 4.40876
43905 4.40876
43906 4.40876
43907 4.40876
43908 4.40876
43909 4.40876
43910 4.40876
43911 4.40875
43912 4.40875
43913 4.40875
43914 4.40875
43915 4.40875
43916 4.40875
43917 4.40875
43918 4.40875
43919 4.40875
43920 4.40874
43921 4.40874
43922 4.40874
43923 4.40874
43924 4.40874
43925 4.40874
43926 4.40874
43927 4.40874
43928 4.40874
43929 4.40874
43930 4.40873
43931 4.40873
43932 4.40873
43933 4.40873
43934 4.40873
43935 4.40873
43936 4.40873
43937 4.40873
43938 4.40873
43939 4.40872
43940 4.40872
43941 4.40872
43942 4.40872
43943 4.40872
43944 4.40872
43945 4.40872
43946 4.40872
43947 4.40872
43948 4.40872
43949 4.40871
43950 4.40871
43951 4.40871
43952 4.40871
43953 4.40871
43954 4.40871
43955 4.40871
43956 4.40871
43957 4.40871
43958 4.4087
43959 4.4087
43960 4.4087
43961 4.4087
43962 4.4087
43963 4.4087
43964 4.4087
43965 4.4087
43966 4.4087
43967 4.4087
43968 4.40869
43969 4.40869
43970 4.40869
43971 4.40869
43972 4.40869
43973 4.40869
43974 4.40869
43975 4.40869
43976 4.40869
43977 4.40868
43978 4.40868
43979 4.40868
43980 4.40868
43981 4.40868
43982 4.40868
43983 4.40868
43984 4.40868
43985 4.40868
43986 4.40868
43987 4.40867
43988 4.40867
43989 4.40867
43990 4.40867
43991 4.40867
43992 4.40867
43993 4.40867
43994 4.40867
43995 4.40867
43996 4.40867
43997 4.40866
43998 4.40866
43999 4.40866
44000 4.40866
44001 4.40866
44002 4.40866
44003 4.40866
44004 4.40866
44005 4.40866
44006 4.40865
44007 4.40865
44008 4.40865
44009 4.40865
44010 4.40865
44011 4.40865
44012 4.40865
44013 4.40865
44014 4.40865
44015 4.40865
44016 4.40864
44017 4.40864
44018 4.40864
44019 4.40864
44020 4.40864
44021 4.40864
44022 4.40864
44023 4.40864
44024 4.40864
44025 4.40863
44026 4.40863
44027 4.40863
44028 4.40863
44029 4.40863
44030 4.40863
44031 4.40863
44032 4.40863
44033 4.40863
44034 4.40863
44035 4.40862
44036 4.40862
44037 4.40862
44038 4.40862
44039 4.40862
44040 4.40862
44041 4.40862
44042 4.40862
44043 4.40862
44044 4.40862
44045 4.40861
44046 4.40861
44047 4.40861
44048 4.40861
44049 4.40861
44050 4.40861
44051 4.40861
44052 4.40861
44053 4.40861
44054 4.4086
44055 4.4086
44056 4.4086
44057 4.4086
44058 4.4086
44059 4.4086
44060 4.4086
44061 4.4086
44062 4.4086
44063 4.4086
44064 4.40859
44065 4.40859
44066 4.40859
44067 4.40859
44068 4.40859
44069 4.40859
44070 4.40859
44071 4.40859
44072 4.40859
44073 4.40859
44074 4.40858
44075 4.40858
44076 4.40858
44077 4.40858
44078 4.40858
44079 4.40858
44080 4.40858
44081 4.40858
44082 4.40858
44083 4.40857
44084 4.40857
44085 4.40857
44086 4.40857
44087 4.40857
44088 4.40857
44089 4.40857
44090 4.40857
44091 4.40857
44092 4.40857
44093 4.40856
44094 4.40856
44095 4.40856
44096 4.40856
44097 4.40856
44098 4.40856
44099 4.40856
44100 4.40856
44101 4.40856
44102 4.40856
44103 4.40855
44104 4.40855
44105 4.40855
44106 4.40855
44107 4.40855
44108 4.40855
44109 4.40855
44110 4.40855
44111 4.40855
44112 4.40855
44113 4.40854
44114 4.40854
44115 4.40854
44116 4.40854
44117 4.40854
44118 4.40854
44119 4.40854
44120 4.40854
44121 4.40854
44122 4.40853
44123 4.40853
44124 4.40853
44125 4.40853
44126 4.40853
44127 4.40853
44128 4.40853
44129 4.40853
44130 4.40853
44131 4.40853
44132 4.40852
44133 4.40852
44134 4.40852
44135 4.40852
44136 4.40852
44137 4.40852
44138 4.40852
44139 4.40852
44140 4.40852
44141 4.40852
44142 4.40851
44143 4.40851
44144 4.40851
44145 4.40851
44146 4.40851
44147 4.40851
44148 4.40851
44149 4.40851
44150 4.40851
44151 4.40851
44152 4.4085
44153 4.4085
44154 4.4085
44155 4.4085
44156 4.4085
44157 4.4085
44158 4.4085
44159 4.4085
44160 4.4085
44161 4.4085
44162 4.40849
44163 4.40849
44164 4.40849
44165 4.40849
44166 4.40849
44167 4.40849
44168 4.40849
44169 4.40849
44170 4.40849
44171 4.40848
44172 4.40848
44173 4.40848
44174 4.40848
44175 4.40848
44176 4.40848
44177 4.40848
44178 4.40848
44179 4.40848
44180 4.40848
44181 4.40847
44182 4.40847
44183 4.40847
44184 4.40847
44185 4.40847
44186 4.40847
44187 4.40847
44188 4.40847
44189 4.40847
44190 4.40847
44191 4.40846
44192 4.40846
44193 4.40846
44194 4.40846
44195 4.40846
44196 4.40846
44197 4.40846
44198 4.40846
44199 4.40846
44200 4.40846
44201 4.40845
44202 4.40845
44203 4.40845
44204 4.40845
44205 4.40845
44206 4.40845
44207 4.40845
44208 4.40845
44209 4.40845
44210 4.40845
44211 4.40844
44212 4.40844
44213 4.40844
44214 4.40844
44215 4.40844
44216 4.40844
44217 4.40844
44218 4.40844
44219 4.40844
44220 4.40844
44221 4.40843
44222 4.40843
44223 4.40843
44224 4.40843
44225 4.40843
44226 4.40843
44227 4.40843
44228 4.40843
44229 4.40843
44230 4.40843
44231 4.40842
44232 4.40842
44233 4.40842
44234 4.40842
44235 4.40842
44236 4.40842
44237 4.40842
44238 4.40842
44239 4.40842
44240 4.40842
44241 4.40841
44242 4.40841
44243 4.40841
44244 4.40841
44245 4.40841
44246 4.40841
44247 4.40841
44248 4.40841
44249 4.40841
44250 4.40841
44251 4.4084
44252 4.4084
44253 4.4084
44254 4.4084
44255 4.4084
44256 4.4084
44257 4.4084
44258 4.4084
44259 4.4084
44260 4.4084
44261 4.40839
44262 4.40839
44263 4.40839
44264 4.40839
44265 4.40839
44266 4.40839
44267 4.40839
44268 4.40839
44269 4.40839
44270 4.40839
44271 4.40838
44272 4.40838
44273 4.40838
44274 4.40838
44275 4.40838
44276 4.40838
44277 4.40838
44278 4.40838
44279 4.40838
44280 4.40837
44281 4.40837
44282 4.40837
44283 4.40837
44284 4.40837
44285 4.40837
44286 4.40837
44287 4.40837
44288 4.40837
44289 4.40837
44290 4.40836
44291 4.40836
44292 4.40836
44293 4.40836
44294 4.40836
44295 4.40836
44296 4.40836
44297 4.40836
44298 4.40836
44299 4.40836
44300 4.40835
44301 4.40835
44302 4.40835
44303 4.40835
44304 4.40835
44305 4.40835
44306 4.40835
44307 4.40835
44308 4.40835
44309 4.40835
44310 4.40835
44311 4.40834
44312 4.40834
44313 4.40834
44314 4.40834
44315 4.40834
44316 4.40834
44317 4.40834
44318 4.40834
44319 4.40834
44320 4.40834
44321 4.40833
44322 4.40833
44323 4.40833
44324 4.40833
44325 4.40833
44326 4.40833
44327 4.40833
44328 4.40833
44329 4.40833
44330 4.40833
44331 4.40832
44332 4.40832
44333 4.40832
44334 4.40832
44335 4.40832
44336 4.40832
44337 4.40832
44338 4.40832
44339 4.40832
44340 4.40832
44341 4.40831
44342 4.40831
44343 4.40831
44344 4.40831
44345 4.40831
44346 4.40831
44347 4.40831
44348 4.40831
44349 4.40831
44350 4.40831
44351 4.4083
44352 4.4083
44353 4.4083
44354 4.4083
44355 4.4083
44356 4.4083
44357 4.4083
44358 4.4083
44359 4.4083
44360 4.4083
44361 4.40829
44362 4.40829
44363 4.40829
44364 4.40829
44365 4.40829
44366 4.40829
44367 4.40829
44368 4.40829
44369 4.40829
44370 4.40829
44371 4.40828
44372 4.40828
44373 4.40828
44374 4.40828
44375 4.40828
44376 4.40828
44377 4.40828
44378 4.40828
44379 4.40828
44380 4.40828
44381 4.40827
44382 4.40827
44383 4.40827
44384 4.40827
44385 4.40827
44386 4.40827
44387 4.40827
44388 4.40827
44389 4.40827
44390 4.40827
44391 4.40826
44392 4.40826
44393 4.40826
44394 4.40826
44395 4.40826
44396 4.40826
44397 4.40826
44398 4.40826
44399 4.40826
44400 4.40826
44401 4.40825
44402 4.40825
44403 4.40825
44404 4.40825
44405 4.40825
44406 4.40825
44407 4.40825
44408 4.40825
44409 4.40825
44410 4.40825
44411 4.40824
44412 4.40824
44413 4.40824
44414 4.40824
44415 4.40824
44416 4.40824
44417 4.40824
44418 4.40824
44419 4.40824
44420 4.40824
44421 4.40824
44422 4.40823
44423 4.40823
44424 4.40823
44425 4.40823
44426 4.40823
44427 4.40823
44428 4.40823
44429 4.40823
44430 4.40823
44431 4.40823
44432 4.40822
44433 4.40822
44434 4.40822
44435 4.40822
44436 4.40822
44437 4.40822
44438 4.40822
44439 4.40822
44440 4.40822
44441 4.40822
44442 4.40821
44443 4.40821
44444 4.40821
44445 4.40821
44446 4.40821
44447 4.40821
44448 4.40821
44449 4.40821
44450 4.40821
44451 4.40821
44452 4.4082
44453 4.4082
44454 4.4082
44455 4.4082
44456 4.4082
44457 4.4082
44458 4.4082
44459 4.4082
44460 4.4082
44461 4.4082
44462 4.40819
44463 4.40819
44464 4.40819
44465 4.40819
44466 4.40819
44467 4.40819
44468 4.40819
44469 4.40819
44470 4.40819
44471 4.40819
44472 4.40819
44473 4.40818
44474 4.40818
44475 4.40818
44476 4.40818
44477 4.40818
44478 4.40818
44479 4.40818
44480 4.40818
44481 4.40818
44482 4.40818
44483 4.40817
44484 4.40817
44485 4.40817
44486 4.40817
44487 4.40817
44488 4.40817
44489 4.40817
44490 4.40817
44491 4.40817
44492 4.40817
44493 4.40816
44494 4.40816
44495 4.40816
44496 4.40816
44497 4.40816
44498 4.40816
44499 4.40816
44500 4.40816
44501 4.40816
44502 4.40816
44503 4.40816
44504 4.40815
44505 4.40815
44506 4.40815
44507 4.40815
44508 4.40815
44509 4.40815
44510 4.40815
44511 4.40815
44512 4.40815
44513 4.40815
44514 4.40814
44515 4.40814
44516 4.40814
44517 4.40814
44518 4.40814
44519 4.40814
44520 4.40814
44521 4.40814
44522 4.40814
44523 4.40814
44524 4.40813
44525 4.40813
44526 4.40813
44527 4.40813
44528 4.40813
44529 4.40813
44530 4.40813
44531 4.40813
44532 4.40813
44533 4.40813
44534 4.40812
44535 4.40812
44536 4.40812
44537 4.40812
44538 4.40812
44539 4.40812
44540 4.40812
44541 4.40812
44542 4.40812
44543 4.40812
44544 4.40812
44545 4.40811
44546 4.40811
44547 4.40811
44548 4.40811
44549 4.40811
44550 4.40811
44551 4.40811
44552 4.40811
44553 4.40811
44554 4.40811
44555 4.4081
44556 4.4081
44557 4.4081
44558 4.4081
44559 4.4081
44560 4.4081
44561 4.4081
44562 4.4081
44563 4.4081
44564 4.4081
44565 4.4081
44566 4.40809
44567 4.40809
44568 4.40809
44569 4.40809
44570 4.40809
44571 4.40809
44572 4.40809
44573 4.40809
44574 4.40809
44575 4.40809
44576 4.40808
44577 4.40808
44578 4.40808
44579 4.40808
44580 4.40808
44581 4.40808
44582 4.40808
44583 4.40808
44584 4.40808
44585 4.40808
44586 4.40807
44587 4.40807
44588 4.40807
44589 4.40807
44590 4.40807
44591 4.40807
44592 4.40807
44593 4.40807
44594 4.40807
44595 4.40807
44596 4.40807
44597 4.40806
44598 4.40806
44599 4.40806
44600 4.40806
44601 4.40806
44602 4.40806
44603 4.40806
44604 4.40806
44605 4.40806
44606 4.40806
44607 4.40805
44608 4.40805
44609 4.40805
44610 4.40805
44611 4.40805
44612 4.40805
44613 4.40805
44614 4.40805
44615 4.40805
44616 4.40805
44617 4.40805
44618 4.40804
44619 4.40804
44620 4.40804
44621 4.40804
44622 4.40804
44623 4.40804
44624 4.40804
44625 4.40804
44626 4.40804
44627 4.40804
44628 4.40803
44629 4.40803
44630 4.40803
44631 4.40803
44632 4.40803
44633 4.40803
44634 4.40803
44635 4.40803
44636 4.40803
44637 4.40803
44638 4.40803
44639 4.40802
44640 4.40802
44641 4.40802
44642 4.40802
44643 4.40802
44644 4.40802
44645 4.40802
44646 4.40802
44647 4.40802
44648 4.40802
44649 4.40801
44650 4.40801
44651 4.40801
44652 4.40801
44653 4.40801
44654 4.40801
44655 4.40801
44656 4.40801
44657 4.40801
44658 4.40801
44659 4.40801
44660 4.408
44661 4.408
44662 4.408
44663 4.408
44664 4.408
44665 4.408
44666 4.408
44667 4.408
44668 4.408
44669 4.408
44670 4.40799
44671 4.40799
44672 4.40799
44673 4.40799
44674 4.40799
44675 4.40799
44676 4.40799
44677 4.40799
44678 4.40799
44679 4.40799
44680 4.40799
44681 4.40798
44682 4.40798
44683 4.40798
44684 4.40798
44685 4.40798
44686 4.40798
44687 4.40798
44688 4.40798
44689 4.40798
44690 4.40798
44691 4.40797
44692 4.40797
44693 4.40797
44694 4.40797
44695 4.40797
44696 4.40797
44697 4.40797
44698 4.40797
44699 4.40797
44700 4.40797
44701 4.40797
44702 4.40796
44703 4.40796
44704 4.40796
44705 4.40796
44706 4.40796
44707 4.40796
44708 4.40796
44709 4.40796
44710 4.40796
44711 4.40796
44712 4.40795
44713 4.40795
44714 4.40795
44715 4.40795
44716 4.40795
44717 4.40795
44718 4.40795
44719 4.40795
44720 4.40795
44721 4.40795
44722 4.40795
44723 4.40794
44724 4.40794
44725 4.40794
44726 4.40794
44727 4.40794
44728 4.40794
44729 4.40794
44730 4.40794
44731 4.40794
44732 4.40794
44733 4.40794
44734 4.40793
44735 4.40793
44736 4.40793
44737 4.40793
44738 4.40793
44739 4.40793
44740 4.40793
44741 4.40793
44742 4.40793
44743 4.40793
44744 4.40792
44745 4.40792
44746 4.40792
44747 4.40792
44748 4.40792
44749 4.40792
44750 4.40792
44751 4.40792
44752 4.40792
44753 4.40792
44754 4.40792
44755 4.40791
44756 4.40791
44757 4.40791
44758 4.40791
44759 4.40791
44760 4.40791
44761 4.40791
44762 4.40791
44763 4.40791
44764 4.40791
44765 4.40791
44766 4.4079
44767 4.4079
44768 4.4079
44769 4.4079
44770 4.4079
44771 4.4079
44772 4.4079
44773 4.4079
44774 4.4079
44775 4.4079
44776 4.40789
44777 4.40789
44778 4.40789
44779 4.40789
44780 4.40789
44781 4.40789
44782 4.40789
44783 4.40789
44784 4.40789
44785 4.40789
44786 4.40789
44787 4.40788
44788 4.40788
44789 4.40788
44790 4.40788
44791 4.40788
44792 4.40788
44793 4.40788
44794 4.40788
44795 4.40788
44796 4.40788
44797 4.40788
44798 4.40787
44799 4.40787
44800 4.40787
44801 4.40787
44802 4.40787
44803 4.40787
44804 4.40787
44805 4.40787
44806 4.40787
44807 4.40787
44808 4.40786
44809 4.40786
44810 4.40786
44811 4.40786
44812 4.40786
44813 4.40786
44814 4.40786
44815 4.40786
44816 4.40786
44817 4.40786
44818 4.40786
44819 4.40785
44820 4.40785
44821 4.40785
44822 4.40785
44823 4.40785
44824 4.40785
44825 4.40785
44826 4.40785
44827 4.40785
44828 4.40785
44829 4.40785
44830 4.40784
44831 4.40784
44832 4.40784
44833 4.40784
44834 4.40784
44835 4.40784
44836 4.40784
44837 4.40784
44838 4.40784
44839 4.40784
44840 4.40784
44841 4.40783
44842 4.40783
44843 4.40783
44844 4.40783
44845 4.40783
44846 4.40783
44847 4.40783
44848 4.40783
44849 4.40783
44850 4.40783
44851 4.40782
44852 4.40782
44853 4.40782
44854 4.40782
44855 4.40782
44856 4.40782
44857 4.40782
44858 4.40782
44859 4.40782
44860 4.40782
44861 4.40782
44862 4.40781
44863 4.40781
44864 4.40781
44865 4.40781
44866 4.40781
44867 4.40781
44868 4.40781
44869 4.40781
44870 4.40781
44871 4.40781
44872 4.40781
44873 4.4078
44874 4.4078
44875 4.4078
44876 4.4078
44877 4.4078
44878 4.4078
44879 4.4078
44880 4.4078
44881 4.4078
44882 4.4078
44883 4.4078
44884 4.40779
44885 4.40779
44886 4.40779
44887 4.40779
44888 4.40779
44889 4.40779
44890 4.40779
44891 4.40779
44892 4.40779
44893 4.40779
44894 4.40779
44895 4.40778
44896 4.40778
44897 4.40778
44898 4.40778
44899 4.40778
44900 4.40778
44901 4.40778
44902 4.40778
44903 4.40778
44904 4.40778
44905 4.40778
44906 4.40777
44907 4.40777
44908 4.40777
44909 4.40777
44910 4.40777
44911 4.40777
44912 4.40777
44913 4.40777
44914 4.40777
44915 4.40777
44916 4.40776
44917 4.40776
44918 4.40776
44919 4.40776
44920 4.40776
44921 4.40776
44922 4.40776
44923 4.40776
44924 4.40776
44925 4.40776
44926 4.40776
44927 4.40775
44928 4.40775
44929 4.40775
44930 4.40775
44931 4.40775
44932 4.40775
44933 4.40775
44934 4.40775
44935 4.40775
44936 4.40775
44937 4.40775
44938 4.40774
44939 4.40774
44940 4.40774
44941 4.40774
44942 4.40774
44943 4.40774
44944 4.40774
44945 4.40774
44946 4.40774
44947 4.40774
44948 4.40774
44949 4.40773
44950 4.40773
44951 4.40773
44952 4.40773
44953 4.40773
44954 4.40773
44955 4.40773
44956 4.40773
44957 4.40773
44958 4.40773
44959 4.40773
44960 4.40772
44961 4.40772
44962 4.40772
44963 4.40772
44964 4.40772
44965 4.40772
44966 4.40772
44967 4.40772
44968 4.40772
44969 4.40772
44970 4.40772
44971 4.40771
44972 4.40771
44973 4.40771
44974 4.40771
44975 4.40771
44976 4.40771
44977 4.40771
44978 4.40771
44979 4.40771
44980 4.40771
44981 4.40771
44982 4.4077
44983 4.4077
44984 4.4077
44985 4.4077
44986 4.4077
44987 4.4077
44988 4.4077
44989 4.4077
44990 4.4077
44991 4.4077
44992 4.4077
44993 4.40769
44994 4.40769
44995 4.40769
44996 4.40769
44997 4.40769
44998 4.40769
44999 4.40769
45000 4.40769
45001 4.40769
45002 4.40769
45003 4.40769
45004 4.40768
45005 4.40768
45006 4.40768
45007 4.40768
45008 4.40768
45009 4.40768
45010 4.40768
45011 4.40768
45012 4.40768
45013 4.40768
45014 4.40768
45015 4.40767
45016 4.40767
45017 4.40767
45018 4.40767
45019 4.40767
45020 4.40767
45021 4.40767
45022 4.40767
45023 4.40767
45024 4.40767
45025 4.40767
45026 4.40766
45027 4.40766
45028 4.40766
45029 4.40766
45030 4.40766
45031 4.40766
45032 4.40766
45033 4.40766
45034 4.40766
45035 4.40766
45036 4.40766
45037 4.40765
45038 4.40765
45039 4.40765
45040 4.40765
45041 4.40765
45042 4.40765
45043 4.40765
45044 4.40765
45045 4.40765
45046 4.40765
45047 4.40765
45048 4.40764
45049 4.40764
45050 4.40764
45051 4.40764
45052 4.40764
45053 4.40764
45054 4.40764
45055 4.40764
45056 4.40764
45057 4.40764
45058 4.40764
45059 4.40763
45060 4.40763
45061 4.40763
45062 4.40763
45063 4.40763
45064 4.40763
45065 4.40763
45066 4.40763
45067 4.40763
45068 4.40763
45069 4.40763
45070 4.40763
45071 4.40762
45072 4.40762
45073 4.40762
45074 4.40762
45075 4.40762
45076 4.40762
45077 4.40762
45078 4.40762
45079 4.40762
45080 4.40762
45081 4.40762
45082 4.40761
45083 4.40761
45084 4.40761
45085 4.40761
45086 4.40761
45087 4.40761
45088 4.40761
45089 4.40761
45090 4.40761
45091 4.40761
45092 4.40761
45093 4.4076
45094 4.4076
45095 4.4076
45096 4.4076
45097 4.4076
45098 4.4076
45099 4.4076
45100 4.4076
45101 4.4076
45102 4.4076
45103 4.4076
45104 4.40759
45105 4.40759
45106 4.40759
45107 4.40759
45108 4.40759
45109 4.40759
45110 4.40759
45111 4.40759
45112 4.40759
45113 4.40759
45114 4.40759
45115 4.40758
45116 4.40758
45117 4.40758
45118 4.40758
45119 4.40758
45120 4.40758
45121 4.40758
45122 4.40758
45123 4.40758
45124 4.40758
45125 4.40758
45126 4.40757
45127 4.40757
45128 4.40757
45129 4.40757
45130 4.40757
45131 4.40757
45132 4.40757
45133 4.40757
45134 4.40757
45135 4.40757
45136 4.40757
45137 4.40757
45138 4.40756
45139 4.40756
45140 4.40756
45141 4.40756
45142 4.40756
45143 4.40756
45144 4.40756
45145 4.40756
45146 4.40756
45147 4.40756
45148 4.40756
45149 4.40755
45150 4.40755
45151 4.40755
45152 4.40755
45153 4.40755
45154 4.40755
45155 4.40755
45156 4.40755
45157 4.40755
45158 4.40755
45159 4.40755
45160 4.40754
45161 4.40754
45162 4.40754
45163 4.40754
45164 4.40754
45165 4.40754
45166 4.40754
45167 4.40754
45168 4.40754
45169 4.40754
45170 4.40754
45171 4.40753
45172 4.40753
45173 4.40753
45174 4.40753
45175 4.40753
45176 4.40753
45177 4.40753
45178 4.40753
45179 4.40753
45180 4.40753
45181 4.40753
45182 4.40753
45183 4.40752
45184 4.40752
45185 4.40752
45186 4.40752
45187 4.40752
45188 4.40752
45189 4.40752
45190 4.40752
45191 4.40752
45192 4.40752
45193 4.40752
45194 4.40751
45195 4.40751
45196 4.40751
45197 4.40751
45198 4.40751
45199 4.40751
45200 4.40751
45201 4.40751
45202 4.40751
45203 4.40751
45204 4.40751
45205 4.4075
45206 4.4075
45207 4.4075
45208 4.4075
45209 4.4075
45210 4.4075
45211 4.4075
45212 4.4075
45213 4.4075
45214 4.4075
45215 4.4075
45216 4.4075
45217 4.40749
45218 4.40749
45219 4.40749
45220 4.40749
45221 4.40749
45222 4.40749
45223 4.40749
45224 4.40749
45225 4.40749
45226 4.40749
45227 4.40749
45228 4.40748
45229 4.40748
45230 4.40748
45231 4.40748
45232 4.40748
45233 4.40748
45234 4.40748
45235 4.40748
45236 4.40748
45237 4.40748
45238 4.40748
45239 4.40747
45240 4.40747
45241 4.40747
45242 4.40747
45243 4.40747
45244 4.40747
45245 4.40747
45246 4.40747
45247 4.40747
45248 4.40747
45249 4.40747
45250 4.40747
45251 4.40746
45252 4.40746
45253 4.40746
45254 4.40746
45255 4.40746
45256 4.40746
45257 4.40746
45258 4.40746
45259 4.40746
45260 4.40746
45261 4.40746
45262 4.40745
45263 4.40745
45264 4.40745
45265 4.40745
45266 4.40745
45267 4.40745
45268 4.40745
45269 4.40745
45270 4.40745
45271 4.40745
45272 4.40745
45273 4.40745
45274 4.40744
45275 4.40744
45276 4.40744
45277 4.40744
45278 4.40744
45279 4.40744
45280 4.40744
45281 4.40744
45282 4.40744
45283 4.40744
45284 4.40744
45285 4.40743
45286 4.40743
45287 4.40743
45288 4.40743
45289 4.40743
45290 4.40743
45291 4.40743
45292 4.40743
45293 4.40743
45294 4.40743
45295 4.40743
45296 4.40743
45297 4.40742
45298 4.40742
45299 4.40742
45300 4.40742
45301 4.40742
45302 4.40742
45303 4.40742
45304 4.40742
45305 4.40742
45306 4.40742
45307 4.40742
45308 4.40741
45309 4.40741
45310 4.40741
45311 4.40741
45312 4.40741
45313 4.40741
45314 4.40741
45315 4.40741
45316 4.40741
45317 4.40741
45318 4.40741
45319 4.40741
45320 4.4074
45321 4.4074
45322 4.4074
45323 4.4074
45324 4.4074
45325 4.4074
45326 4.4074
45327 4.4074
45328 4.4074
45329 4.4074
45330 4.4074
45331 4.40739
45332 4.40739
45333 4.40739
45334 4.40739
45335 4.40739
45336 4.40739
45337 4.40739
45338 4.40739
45339 4.40739
45340 4.40739
45341 4.40739
45342 4.40739
45343 4.40738
45344 4.40738
45345 4.40738
45346 4.40738
45347 4.40738
45348 4.40738
45349 4.40738
45350 4.40738
45351 4.40738
45352 4.40738
45353 4.40738
45354 4.40737
45355 4.40737
45356 4.40737
45357 4.40737
45358 4.40737
45359 4.40737
45360 4.40737
45361 4.40737
45362 4.40737
45363 4.40737
45364 4.40737
45365 4.40737
45366 4.40736
45367 4.40736
45368 4.40736
45369 4.40736
45370 4.40736
45371 4.40736
45372 4.40736
45373 4.40736
45374 4.40736
45375 4.40736
45376 4.40736
45377 4.40735
45378 4.40735
45379 4.40735
45380 4.40735
45381 4.40735
45382 4.40735
45383 4.40735
45384 4.40735
45385 4.40735
45386 4.40735
45387 4.40735
45388 4.40735
45389 4.40734
45390 4.40734
45391 4.40734
45392 4.40734
45393 4.40734
45394 4.40734
45395 4.40734
45396 4.40734
45397 4.40734
45398 4.40734
45399 4.40734
45400 4.40734
45401 4.40733
45402 4.40733
45403 4.40733
45404 4.40733
45405 4.40733
45406 4.40733
45407 4.40733
45408 4.40733
45409 4.40733
45410 4.40733
45411 4.40733
45412 4.40732
45413 4.40732
45414 4.40732
45415 4.40732
45416 4.40732
45417 4.40732
45418 4.40732
45419 4.40732
45420 4.40732
45421 4.40732
45422 4.40732
45423 4.40732
45424 4.40731
45425 4.40731
45426 4.40731
45427 4.40731
45428 4.40731
45429 4.40731
45430 4.40731
45431 4.40731
45432 4.40731
45433 4.40731
45434 4.40731
45435 4.40731
45436 4.4073
45437 4.4073
45438 4.4073
45439 4.4073
45440 4.4073
45441 4.4073
45442 4.4073
45443 4.4073
45444 4.4073
45445 4.4073
45446 4.4073
45447 4.40729
45448 4.40729
45449 4.40729
45450 4.40729
45451 4.40729
45452 4.40729
45453 4.40729
45454 4.40729
45455 4.40729
45456 4.40729
45457 4.40729
45458 4.40729
45459 4.40728
45460 4.40728
45461 4.40728
45462 4.40728
45463 4.40728
45464 4.40728
45465 4.40728
45466 4.40728
45467 4.40728
45468 4.40728
45469 4.40728
45470 4.40728
45471 4.40727
45472 4.40727
45473 4.40727
45474 4.40727
45475 4.40727
45476 4.40727
45477 4.40727
45478 4.40727
45479 4.40727
45480 4.40727
45481 4.40727
45482 4.40727
45483 4.40726
45484 4.40726
45485 4.40726
45486 4.40726
45487 4.40726
45488 4.40726
45489 4.40726
45490 4.40726
45491 4.40726
45492 4.40726
45493 4.40726
45494 4.40725
45495 4.40725
45496 4.40725
45497 4.40725
45498 4.40725
45499 4.40725
45500 4.40725
45501 4.40725
45502 4.40725
45503 4.40725
45504 4.40725
45505 4.40725
45506 4.40724
45507 4.40724
45508 4.40724
45509 4.40724
45510 4.40724
45511 4.40724
45512 4.40724
45513 4.40724
45514 4.40724
45515 4.40724
45516 4.40724
45517 4.40724
45518 4.40723
45519 4.40723
45520 4.40723
45521 4.40723
45522 4.40723
45523 4.40723
45524 4.40723
45525 4.40723
45526 4.40723
45527 4.40723
45528 4.40723
45529 4.40723
45530 4.40722
45531 4.40722
45532 4.40722
45533 4.40722
45534 4.40722
45535 4.40722
45536 4.40722
45537 4.40722
45538 4.40722
45539 4.40722
45540 4.40722
45541 4.40722
45542 4.40721
45543 4.40721
45544 4.40721
45545 4.40721
45546 4.40721
45547 4.40721
45548 4.40721
45549 4.40721
45550 4.40721
45551 4.40721
45552 4.40721
45553 4.40721
45554 4.4072
45555 4.4072
45556 4.4072
45557 4.4072
45558 4.4072
45559 4.4072
45560 4.4072
45561 4.4072
45562 4.4072
45563 4.4072
45564 4.4072
45565 4.4072
45566 4.40719
45567 4.40719
45568 4.40719
45569 4.40719
45570 4.40719
45571 4.40719
45572 4.40719
45573 4.40719
45574 4.40719
45575 4.40719
45576 4.40719
45577 4.40718
45578 4.40718
45579 4.40718
45580 4.40718
45581 4.40718
45582 4.40718
45583 4.40718
45584 4.40718
45585 4.40718
45586 4.40718
45587 4.40718
45588 4.40718
45589 4.40717
45590 4.40717
45591 4.40717
45592 4.40717
45593 4.40717
45594 4.40717
45595 4.40717
45596 4.40717
45597 4.40717
45598 4.40717
45599 4.40717
45600 4.40717
45601 4.40716
45602 4.40716
45603 4.40716
45604 4.40716
45605 4.40716
45606 4.40716
45607 4.40716
45608 4.40716
45609 4.40716
45610 4.40716
45611 4.40716
45612 4.40716
45613 4.40715
45614 4.40715
45615 4.40715
45616 4.40715
45617 4.40715
45618 4.40715
45619 4.40715
45620 4.40715
45621 4.40715
45622 4.40715
45623 4.40715
45624 4.40715
45625 4.40714
45626 4.40714
45627 4.40714
45628 4.40714
45629 4.40714
45630 4.40714
45631 4.40714
45632 4.40714
45633 4.40714
45634 4.40714
45635 4.40714
45636 4.40714
45637 4.40713
45638 4.40713
45639 4.40713
45640 4.40713
45641 4.40713
45642 4.40713
45643 4.40713
45644 4.40713
45645 4.40713
45646 4.40713
45647 4.40713
45648 4.40713
45649 4.40712
45650 4.40712
45651 4.40712
45652 4.40712
45653 4.40712
45654 4.40712
45655 4.40712
45656 4.40712
45657 4.40712
45658 4.40712
45659 4.40712
45660 4.40712
45661 4.40711
45662 4.40711
45663 4.40711
45664 4.40711
45665 4.40711
45666 4.40711
45667 4.40711
45668 4.40711
45669 4.40711
45670 4.40711
45671 4.40711
45672 4.40711
45673 4.40711
45674 4.4071
45675 4.4071
45676 4.4071
45677 4.4071
45678 4.4071
45679 4.4071
45680 4.4071
45681 4.4071
45682 4.4071
45683 4.4071
45684 4.4071
45685 4.4071
45686 4.40709
45687 4.40709
45688 4.40709
45689 4.40709
45690 4.40709
45691 4.40709
45692 4.40709
45693 4.40709
45694 4.40709
45695 4.40709
45696 4.40709
45697 4.40709
45698 4.40708
45699 4.40708
45700 4.40708
45701 4.40708
45702 4.40708
45703 4.40708
45704 4.40708
45705 4.40708
45706 4.40708
45707 4.40708
45708 4.40708
45709 4.40708
45710 4.40707
45711 4.40707
45712 4.40707
45713 4.40707
45714 4.40707
45715 4.40707
45716 4.40707
45717 4.40707
45718 4.40707
45719 4.40707
45720 4.40707
45721 4.40707
45722 4.40706
45723 4.40706
45724 4.40706
45725 4.40706
45726 4.40706
45727 4.40706
45728 4.40706
45729 4.40706
45730 4.40706
45731 4.40706
45732 4.40706
45733 4.40706
45734 4.40705
45735 4.40705
45736 4.40705
45737 4.40705
45738 4.40705
45739 4.40705
45740 4.40705
45741 4.40705
45742 4.40705
45743 4.40705
45744 4.40705
45745 4.40705
45746 4.40704
45747 4.40704
45748 4.40704
45749 4.40704
45750 4.40704
45751 4.40704
45752 4.40704
45753 4.40704
45754 4.40704
45755 4.40704
45756 4.40704
45757 4.40704
45758 4.40704
45759 4.40703
45760 4.40703
45761 4.40703
45762 4.40703
45763 4.40703
45764 4.40703
45765 4.40703
45766 4.40703
45767 4.40703
45768 4.40703
45769 4.40703
45770 4.40703
45771 4.40702
45772 4.40702
45773 4.40702
45774 4.40702
45775 4.40702
45776 4.40702
45777 4.40702
45778 4.40702
45779 4.40702
45780 4.40702
45781 4.40702
45782 4.40702
45783 4.40701
45784 4.40701
45785 4.40701
45786 4.40701
45787 4.40701
45788 4.40701
45789 4.40701
45790 4.40701
45791 4.40701
45792 4.40701
45793 4.40701
45794 4.40701
45795 4.407
45796 4.407
45797 4.407
45798 4.407
45799 4.407
45800 4.407
45801 4.407
45802 4.407
45803 4.407
45804 4.407
45805 4.407
45806 4.407
45807 4.407
45808 4.40699
45809 4.40699
45810 4.40699
45811 4.40699
45812 4.40699
45813 4.40699
45814 4.40699
45815 4.40699
45816 4.40699
45817 4.40699
45818 4.40699
45819 4.40699
45820 4.40698
45821 4.40698
45822 4.40698
45823 4.40698
45824 4.40698
45825 4.40698
45826 4.40698
45827 4.40698
45828 4.40698
45829 4.40698
45830 4.40698
45831 4.40698
45832 4.40697
45833 4.40697
45834 4.40697
45835 4.40697
45836 4.40697
45837 4.40697
45838 4.40697
45839 4.40697
45840 4.40697
45841 4.40697
45842 4.40697
45843 4.40697
45844 4.40697
45845 4.40696
45846 4.40696
45847 4.40696
45848 4.40696
45849 4.40696
45850 4.40696
45851 4.40696
45852 4.40696
45853 4.40696
45854 4.40696
45855 4.40696
45856 4.40696
45857 4.40695
45858 4.40695
45859 4.40695
45860 4.40695
45861 4.40695
45862 4.40695
45863 4.40695
45864 4.40695
45865 4.40695
45866 4.40695
45867 4.40695
45868 4.40695
45869 4.40695
45870 4.40694
45871 4.40694
45872 4.40694
45873 4.40694
45874 4.40694
45875 4.40694
45876 4.40694
45877 4.40694
45878 4.40694
45879 4.40694
45880 4.40694
45881 4.40694
45882 4.40693
45883 4.40693
45884 4.40693
45885 4.40693
45886 4.40693
45887 4.40693
45888 4.40693
45889 4.40693
45890 4.40693
45891 4.40693
45892 4.40693
45893 4.40693
45894 4.40692
45895 4.40692
45896 4.40692
45897 4.40692
45898 4.40692
45899 4.40692
45900 4.40692
45901 4.40692
45902 4.40692
45903 4.40692
45904 4.40692
45905 4.40692
45906 4.40692
45907 4.40691
45908 4.40691
45909 4.40691
45910 4.40691
45911 4.40691
45912 4.40691
45913 4.40691
45914 4.40691
45915 4.40691
45916 4.40691
45917 4.40691
45918 4.40691
45919 4.4069
45920 4.4069
45921 4.4069
45922 4.4069
45923 4.4069
45924 4.4069
45925 4.4069
45926 4.4069
45927 4.4069
45928 4.4069
45929 4.4069
45930 4.4069
45931 4.4069
45932 4.40689
45933 4.40689
45934 4.40689
45935 4.40689
45936 4.40689
45937 4.40689
45938 4.40689
45939 4.40689
45940 4.40689
45941 4.40689
45942 4.40689
45943 4.40689
45944 4.40688
45945 4.40688
45946 4.40688
45947 4.40688
45948 4.40688
45949 4.40688
45950 4.40688
45951 4.40688
45952 4.40688
45953 4.40688
45954 4.40688
45955 4.40688
45956 4.40688
45957 4.40687
45958 4.40687
45959 4.40687
45960 4.40687
45961 4.40687
45962 4.40687
45963 4.40687
45964 4.40687
45965 4.40687
45966 4.40687
45967 4.40687
45968 4.40687
45969 4.40687
45970 4.40686
45971 4.40686
45972 4.40686
45973 4.40686
45974 4.40686
45975 4.40686
45976 4.40686
45977 4.40686
45978 4.40686
45979 4.40686
45980 4.40686
45981 4.40686
45982 4.40685
45983 4.40685
45984 4.40685
45985 4.40685
45986 4.40685
45987 4.40685
45988 4.40685
45989 4.40685
45990 4.40685
45991 4.40685
45992 4.40685
45993 4.40685
45994 4.40685
45995 4.40684
45996 4.40684
45997 4.40684
45998 4.40684
45999 4.40684
46000 4.40684
46001 4.40684
46002 4.40684
46003 4.40684
46004 4.40684
46005 4.40684
46006 4.40684
46007 4.40683
46008 4.40683
46009 4.40683
46010 4.40683
46011 4.40683
46012 4.40683
46013 4.40683
46014 4.40683
46015 4.40683
46016 4.40683
46017 4.40683
46018 4.40683
46019 4.40683
46020 4.40682
46021 4.40682
46022 4.40682
46023 4.40682
46024 4.40682
46025 4.40682
46026 4.40682
46027 4.40682
46028 4.40682
46029 4.40682
46030 4.40682
46031 4.40682
46032 4.40682
46033 4.40681
46034 4.40681
46035 4.40681
46036 4.40681
46037 4.40681
46038 4.40681
46039 4.40681
46040 4.40681
46041 4.40681
46042 4.40681
46043 4.40681
46044 4.40681
46045 4.40681
46046 4.4068
46047 4.4068
46048 4.4068
46049 4.4068
46050 4.4068
46051 4.4068
46052 4.4068
46053 4.4068
46054 4.4068
46055 4.4068
46056 4.4068
46057 4.4068
46058 4.40679
46059 4.40679
46060 4.40679
46061 4.40679
46062 4.40679
46063 4.40679
46064 4.40679
46065 4.40679
46066 4.40679
46067 4.40679
46068 4.40679
46069 4.40679
46070 4.40679
46071 4.40678
46072 4.40678
46073 4.40678
46074 4.40678
46075 4.40678
46076 4.40678
46077 4.40678
46078 4.40678
46079 4.40678
46080 4.40678
46081 4.40678
46082 4.40678
46083 4.40678
46084 4.40677
46085 4.40677
46086 4.40677
46087 4.40677
46088 4.40677
46089 4.40677
46090 4.40677
46091 4.40677
46092 4.40677
46093 4.40677
46094 4.40677
46095 4.40677
46096 4.40677
46097 4.40676
46098 4.40676
46099 4.40676
46100 4.40676
46101 4.40676
46102 4.40676
46103 4.40676
46104 4.40676
46105 4.40676
46106 4.40676
46107 4.40676
46108 4.40676
46109 4.40675
46110 4.40675
46111 4.40675
46112 4.40675
46113 4.40675
46114 4.40675
46115 4.40675
46116 4.40675
46117 4.40675
46118 4.40675
46119 4.40675
46120 4.40675
46121 4.40675
46122 4.40674
46123 4.40674
46124 4.40674
46125 4.40674
46126 4.40674
46127 4.40674
46128 4.40674
46129 4.40674
46130 4.40674
46131 4.40674
46132 4.40674
46133 4.40674
46134 4.40674
46135 4.40673
46136 4.40673
46137 4.40673
46138 4.40673
46139 4.40673
46140 4.40673
46141 4.40673
46142 4.40673
46143 4.40673
46144 4.40673
46145 4.40673
46146 4.40673
46147 4.40673
46148 4.40672
46149 4.40672
46150 4.40672
46151 4.40672
46152 4.40672
46153 4.40672
46154 4.40672
46155 4.40672
46156 4.40672
46157 4.40672
46158 4.40672
46159 4.40672
46160 4.40672
46161 4.40671
46162 4.40671
46163 4.40671
46164 4.40671
46165 4.40671
46166 4.40671
46167 4.40671
46168 4.40671
46169 4.40671
46170 4.40671
46171 4.40671
46172 4.40671
46173 4.40671
46174 4.4067
46175 4.4067
46176 4.4067
46177 4.4067
46178 4.4067
46179 4.4067
46180 4.4067
46181 4.4067
46182 4.4067
46183 4.4067
46184 4.4067
46185 4.4067
46186 4.4067
46187 4.40669
46188 4.40669
46189 4.40669
46190 4.40669
46191 4.40669
46192 4.40669
46193 4.40669
46194 4.40669
46195 4.40669
46196 4.40669
46197 4.40669
46198 4.40669
46199 4.40669
46200 4.40668
46201 4.40668
46202 4.40668
46203 4.40668
46204 4.40668
46205 4.40668
46206 4.40668
46207 4.40668
46208 4.40668
46209 4.40668
46210 4.40668
46211 4.40668
46212 4.40668
46213 4.40667
46214 4.40667
46215 4.40667
46216 4.40667
46217 4.40667
46218 4.40667
46219 4.40667
46220 4.40667
46221 4.40667
46222 4.40667
46223 4.40667
46224 4.40667
46225 4.40667
46226 4.40666
46227 4.40666
46228 4.40666
46229 4.40666
46230 4.40666
46231 4.40666
46232 4.40666
46233 4.40666
46234 4.40666
46235 4.40666
46236 4.40666
46237 4.40666
46238 4.40666
46239 4.40665
46240 4.40665
46241 4.40665
46242 4.40665
46243 4.40665
46244 4.40665
46245 4.40665
46246 4.40665
46247 4.40665
46248 4.40665
46249 4.40665
46250 4.40665
46251 4.40665
46252 4.40664
46253 4.40664
46254 4.40664
46255 4.40664
46256 4.40664
46257 4.40664
46258 4.40664
46259 4.40664
46260 4.40664
46261 4.40664
46262 4.40664
46263 4.40664
46264 4.40664
46265 4.40663
46266 4.40663
46267 4.40663
46268 4.40663
46269 4.40663
46270 4.40663
46271 4.40663
46272 4.40663
46273 4.40663
46274 4.40663
46275 4.40663
46276 4.40663
46277 4.40663
46278 4.40662
46279 4.40662
46280 4.40662
46281 4.40662
46282 4.40662
46283 4.40662
46284 4.40662
46285 4.40662
46286 4.40662
46287 4.40662
46288 4.40662
46289 4.40662
46290 4.40662
46291 4.40661
46292 4.40661
46293 4.40661
46294 4.40661
46295 4.40661
46296 4.40661
46297 4.40661
46298 4.40661
46299 4.40661
46300 4.40661
46301 4.40661
46302 4.40661
46303 4.40661
46304 4.40661
46305 4.4066
46306 4.4066
46307 4.4066
46308 4.4066
46309 4.4066
46310 4.4066
46311 4.4066
46312 4.4066
46313 4.4066
46314 4.4066
46315 4.4066
46316 4.4066
46317 4.4066
46318 4.40659
46319 4.40659
46320 4.40659
46321 4.40659
46322 4.40659
46323 4.40659
46324 4.40659
46325 4.40659
46326 4.40659
46327 4.40659
46328 4.40659
46329 4.40659
46330 4.40659
46331 4.40658
46332 4.40658
46333 4.40658
46334 4.40658
46335 4.40658
46336 4.40658
46337 4.40658
46338 4.40658
46339 4.40658
46340 4.40658
46341 4.40658
46342 4.40658
46343 4.40658
46344 4.40657
46345 4.40657
46346 4.40657
46347 4.40657
46348 4.40657
46349 4.40657
46350 4.40657
46351 4.40657
46352 4.40657
46353 4.40657
46354 4.40657
46355 4.40657
46356 4.40657
46357 4.40657
46358 4.40656
46359 4.40656
46360 4.40656
46361 4.40656
46362 4.40656
46363 4.40656
46364 4.40656
46365 4.40656
46366 4.40656
46367 4.40656
46368 4.40656
46369 4.40656
46370 4.40656
46371 4.40655
46372 4.40655
46373 4.40655
46374 4.40655
46375 4.40655
46376 4.40655
46377 4.40655
46378 4.40655
46379 4.40655
46380 4.40655
46381 4.40655
46382 4.40655
46383 4.40655
46384 4.40654
46385 4.40654
46386 4.40654
46387 4.40654
46388 4.40654
46389 4.40654
46390 4.40654
46391 4.40654
46392 4.40654
46393 4.40654
46394 4.40654
46395 4.40654
46396 4.40654
46397 4.40654
46398 4.40653
46399 4.40653
46400 4.40653
46401 4.40653
46402 4.40653
46403 4.40653
46404 4.40653
46405 4.40653
46406 4.40653
46407 4.40653
46408 4.40653
46409 4.40653
46410 4.40653
46411 4.40652
46412 4.40652
46413 4.40652
46414 4.40652
46415 4.40652
46416 4.40652
46417 4.40652
46418 4.40652
46419 4.40652
46420 4.40652
46421 4.40652
46422 4.40652
46423 4.40652
46424 4.40651
46425 4.40651
46426 4.40651
46427 4.40651
46428 4.40651
46429 4.40651
46430 4.40651
46431 4.40651
46432 4.40651
46433 4.40651
46434 4.40651
46435 4.40651
46436 4.40651
46437 4.40651
46438 4.4065
46439 4.4065
46440 4.4065
46441 4.4065
46442 4.4065
46443 4.4065
46444 4.4065
46445 4.4065
46446 4.4065
46447 4.4065
46448 4.4065
46449 4.4065
46450 4.4065
46451 4.40649
46452 4.40649
46453 4.40649
46454 4.40649
46455 4.40649
46456 4.40649
46457 4.40649
46458 4.40649
46459 4.40649
46460 4.40649
46461 4.40649
46462 4.40649
46463 4.40649
46464 4.40649
46465 4.40648
46466 4.40648
46467 4.40648
46468 4.40648
46469 4.40648
46470 4.40648
46471 4.40648
46472 4.40648
46473 4.40648
46474 4.40648
46475 4.40648
46476 4.40648
46477 4.40648
46478 4.40647
46479 4.40647
46480 4.40647
46481 4.40647
46482 4.40647
46483 4.40647
46484 4.40647
46485 4.40647
46486 4.40647
46487 4.40647
46488 4.40647
46489 4.40647
46490 4.40647
46491 4.40647
46492 4.40646
46493 4.40646
46494 4.40646
46495 4.40646
46496 4.40646
46497 4.40646
46498 4.40646
46499 4.40646
46500 4.40646
46501 4.40646
46502 4.40646
46503 4.40646
46504 4.40646
46505 4.40645
46506 4.40645
46507 4.40645
46508 4.40645
46509 4.40645
46510 4.40645
46511 4.40645
46512 4.40645
46513 4.40645
46514 4.40645
46515 4.40645
46516 4.40645
46517 4.40645
46518 4.40645
46519 4.40644
46520 4.40644
46521 4.40644
46522 4.40644
46523 4.40644
46524 4.40644
46525 4.40644
46526 4.40644
46527 4.40644
46528 4.40644
46529 4.40644
46530 4.40644
46531 4.40644
46532 4.40643
46533 4.40643
46534 4.40643
46535 4.40643
46536 4.40643
46537 4.40643
46538 4.40643
46539 4.40643
46540 4.40643
46541 4.40643
46542 4.40643
46543 4.40643
46544 4.40643
46545 4.40643
46546 4.40642
46547 4.40642
46548 4.40642
46549 4.40642
46550 4.40642
46551 4.40642
46552 4.40642
46553 4.40642
46554 4.40642
46555 4.40642
46556 4.40642
46557 4.40642
46558 4.40642
46559 4.40642
46560 4.40641
46561 4.40641
46562 4.40641
46563 4.40641
46564 4.40641
46565 4.40641
46566 4.40641
46567 4.40641
46568 4.40641
46569 4.40641
46570 4.40641
46571 4.40641
46572 4.40641
46573 4.4064
46574 4.4064
46575 4.4064
46576 4.4064
46577 4.4064
46578 4.4064
46579 4.4064
46580 4.4064
46581 4.4064
46582 4.4064
46583 4.4064
46584 4.4064
46585 4.4064
46586 4.4064
46587 4.40639
46588 4.40639
46589 4.40639
46590 4.40639
46591 4.40639
46592 4.40639
46593 4.40639
46594 4.40639
46595 4.40639
46596 4.40639
46597 4.40639
46598 4.40639
46599 4.40639
46600 4.40639
46601 4.40638
46602 4.40638
46603 4.40638
46604 4.40638
46605 4.40638
46606 4.40638
46607 4.40638
46608 4.40638
46609 4.40638
46610 4.40638
46611 4.40638
46612 4.40638
46613 4.40638
46614 4.40637
46615 4.40637
46616 4.40637
46617 4.40637
46618 4.40637
46619 4.40637
46620 4.40637
46621 4.40637
46622 4.40637
46623 4.40637
46624 4.40637
46625 4.40637
46626 4.40637
46627 4.40637
46628 4.40636
46629 4.40636
46630 4.40636
46631 4.40636
46632 4.40636
46633 4.40636
46634 4.40636
46635 4.40636
46636 4.40636
46637 4.40636
46638 4.40636
46639 4.40636
46640 4.40636
46641 4.40636
46642 4.40635
46643 4.40635
46644 4.40635
46645 4.40635
46646 4.40635
46647 4.40635
46648 4.40635
46649 4.40635
46650 4.40635
46651 4.40635
46652 4.40635
46653 4.40635
46654 4.40635
46655 4.40635
46656 4.40634
46657 4.40634
46658 4.40634
46659 4.40634
46660 4.40634
46661 4.40634
46662 4.40634
46663 4.40634
46664 4.40634
46665 4.40634
46666 4.40634
46667 4.40634
46668 4.40634
46669 4.40634
46670 4.40633
46671 4.40633
46672 4.40633
46673 4.40633
46674 4.40633
46675 4.40633
46676 4.40633
46677 4.40633
46678 4.40633
46679 4.40633
46680 4.40633
46681 4.40633
46682 4.40633
46683 4.40633
46684 4.40632
46685 4.40632
46686 4.40632
46687 4.40632
46688 4.40632
46689 4.40632
46690 4.40632
46691 4.40632
46692 4.40632
46693 4.40632
46694 4.40632
46695 4.40632
46696 4.40632
46697 4.40632
46698 4.40631
46699 4.40631
46700 4.40631
46701 4.40631
46702 4.40631
46703 4.40631
46704 4.40631
46705 4.40631
46706 4.40631
46707 4.40631
46708 4.40631
46709 4.40631
46710 4.40631
46711 4.4063
46712 4.4063
46713 4.4063
46714 4.4063
46715 4.4063
46716 4.4063
46717 4.4063
46718 4.4063
46719 4.4063
46720 4.4063
46721 4.4063
46722 4.4063
46723 4.4063
46724 4.4063
46725 4.40629
46726 4.40629
46727 4.40629
46728 4.40629
46729 4.40629
46730 4.40629
46731 4.40629
46732 4.40629
46733 4.40629
46734 4.40629
46735 4.40629
46736 4.40629
46737 4.40629
46738 4.40629
46739 4.40628
46740 4.40628
46741 4.40628
46742 4.40628
46743 4.40628
46744 4.40628
46745 4.40628
46746 4.40628
46747 4.40628
46748 4.40628
46749 4.40628
46750 4.40628
46751 4.40628
46752 4.40628
46753 4.40627
46754 4.40627
46755 4.40627
46756 4.40627
46757 4.40627
46758 4.40627
46759 4.40627
46760 4.40627
46761 4.40627
46762 4.40627
46763 4.40627
46764 4.40627
46765 4.40627
46766 4.40627
46767 4.40627
46768 4.40626
46769 4.40626
46770 4.40626
46771 4.40626
46772 4.40626
46773 4.40626
46774 4.40626
46775 4.40626
46776 4.40626
46777 4.40626
46778 4.40626
46779 4.40626
46780 4.40626
46781 4.40626
46782 4.40625
46783 4.40625
46784 4.40625
46785 4.40625
46786 4.40625
46787 4.40625
46788 4.40625
46789 4.40625
46790 4.40625
46791 4.40625
46792 4.40625
46793 4.40625
46794 4.40625
46795 4.40625
46796 4.40624
46797 4.40624
46798 4.40624
46799 4.40624
46800 4.40624
46801 4.40624
46802 4.40624
46803 4.40624
46804 4.40624
46805 4.40624
46806 4.40624
46807 4.40624
46808 4.40624
46809 4.40624
46810 4.40623
46811 4.40623
46812 4.40623
46813 4.40623
46814 4.40623
46815 4.40623
46816 4.40623
46817 4.40623
46818 4.40623
46819 4.40623
46820 4.40623
46821 4.40623
46822 4.40623
46823 4.40623
46824 4.40622
46825 4.40622
46826 4.40622
46827 4.40622
46828 4.40622
46829 4.40622
46830 4.40622
46831 4.40622
46832 4.40622
46833 4.40622
46834 4.40622
46835 4.40622
46836 4.40622
46837 4.40622
46838 4.40621
46839 4.40621
46840 4.40621
46841 4.40621
46842 4.40621
46843 4.40621
46844 4.40621
46845 4.40621
46846 4.40621
46847 4.40621
46848 4.40621
46849 4.40621
46850 4.40621
46851 4.40621
46852 4.4062
46853 4.4062
46854 4.4062
46855 4.4062
46856 4.4062
46857 4.4062
46858 4.4062
46859 4.4062
46860 4.4062
46861 4.4062
46862 4.4062
46863 4.4062
46864 4.4062
46865 4.4062
46866 4.4062
46867 4.40619
46868 4.40619
46869 4.40619
46870 4.40619
46871 4.40619
46872 4.40619
46873 4.40619
46874 4.40619
46875 4.40619
46876 4.40619
46877 4.40619
46878 4.40619
46879 4.40619
46880 4.40619
46881 4.40618
46882 4.40618
46883 4.40618
46884 4.40618
46885 4.40618
46886 4.40618
46887 4.40618
46888 4.40618
46889 4.40618
46890 4.40618
46891 4.40618
46892 4.40618
46893 4.40618
46894 4.40618
46895 4.40617
46896 4.40617
46897 4.40617
46898 4.40617
46899 4.40617
46900 4.40617
46901 4.40617
46902 4.40617
46903 4.40617
46904 4.40617
46905 4.40617
46906 4.40617
46907 4.40617
46908 4.40617
46909 4.40616
46910 4.40616
46911 4.40616
46912 4.40616
46913 4.40616
46914 4.40616
46915 4.40616
46916 4.40616
46917 4.40616
46918 4.40616
46919 4.40616
46920 4.40616
46921 4.40616
46922 4.40616
46923 4.40616
46924 4.40615
46925 4.40615
46926 4.40615
46927 4.40615
46928 4.40615
46929 4.40615
46930 4.40615
46931 4.40615
46932 4.40615
46933 4.40615
46934 4.40615
46935 4.40615
46936 4.40615
46937 4.40615
46938 4.40614
46939 4.40614
46940 4.40614
46941 4.40614
46942 4.40614
46943 4.40614
46944 4.40614
46945 4.40614
46946 4.40614
46947 4.40614
46948 4.40614
46949 4.40614
46950 4.40614
46951 4.40614
46952 4.40614
46953 4.40613
46954 4.40613
46955 4.40613
46956 4.40613
46957 4.40613
46958 4.40613
46959 4.40613
46960 4.40613
46961 4.40613
46962 4.40613
46963 4.40613
46964 4.40613
46965 4.40613
46966 4.40613
46967 4.40612
46968 4.40612
46969 4.40612
46970 4.40612
46971 4.40612
46972 4.40612
46973 4.40612
46974 4.40612
46975 4.40612
46976 4.40612
46977 4.40612
46978 4.40612
46979 4.40612
46980 4.40612
46981 4.40612
46982 4.40611
46983 4.40611
46984 4.40611
46985 4.40611
46986 4.40611
46987 4.40611
46988 4.40611
46989 4.40611
46990 4.40611
46991 4.40611
46992 4.40611
46993 4.40611
46994 4.40611
46995 4.40611
46996 4.4061
46997 4.4061
46998 4.4061
46999 4.4061
47000 4.4061
47001 4.4061
47002 4.4061
47003 4.4061
47004 4.4061
47005 4.4061
47006 4.4061
47007 4.4061
47008 4.4061
47009 4.4061
47010 4.4061
47011 4.40609
47012 4.40609
47013 4.40609
47014 4.40609
47015 4.40609
47016 4.40609
47017 4.40609
47018 4.40609
47019 4.40609
47020 4.40609
47021 4.40609
47022 4.40609
47023 4.40609
47024 4.40609
47025 4.40608
47026 4.40608
47027 4.40608
47028 4.40608
47029 4.40608
47030 4.40608
47031 4.40608
47032 4.40608
47033 4.40608
47034 4.40608
47035 4.40608
47036 4.40608
47037 4.40608
47038 4.40608
47039 4.40608
47040 4.40607
47041 4.40607
47042 4.40607
47043 4.40607
47044 4.40607
47045 4.40607
47046 4.40607
47047 4.40607
47048 4.40607
47049 4.40607
47050 4.40607
47051 4.40607
47052 4.40607
47053 4.40607
47054 4.40606
47055 4.40606
47056 4.40606
47057 4.40606
47058 4.40606
47059 4.40606
47060 4.40606
47061 4.40606
47062 4.40606
47063 4.40606
47064 4.40606
47065 4.40606
47066 4.40606
47067 4.40606
47068 4.40606
47069 4.40605
47070 4.40605
47071 4.40605
47072 4.40605
47073 4.40605
47074 4.40605
47075 4.40605
47076 4.40605
47077 4.40605
47078 4.40605
47079 4.40605
47080 4.40605
47081 4.40605
47082 4.40605
47083 4.40605
47084 4.40604
47085 4.40604
47086 4.40604
47087 4.40604
47088 4.40604
47089 4.40604
47090 4.40604
47091 4.40604
47092 4.40604
47093 4.40604
47094 4.40604
47095 4.40604
47096 4.40604
47097 4.40604
47098 4.40603
47099 4.40603
47100 4.40603
47101 4.40603
47102 4.40603
47103 4.40603
47104 4.40603
47105 4.40603
47106 4.40603
47107 4.40603
47108 4.40603
47109 4.40603
47110 4.40603
47111 4.40603
47112 4.40603
47113 4.40602
47114 4.40602
47115 4.40602
47116 4.40602
47117 4.40602
47118 4.40602
47119 4.40602
47120 4.40602
47121 4.40602
47122 4.40602
47123 4.40602
47124 4.40602
47125 4.40602
47126 4.40602
47127 4.40602
47128 4.40601
47129 4.40601
47130 4.40601
47131 4.40601
47132 4.40601
47133 4.40601
47134 4.40601
47135 4.40601
47136 4.40601
47137 4.40601
47138 4.40601
47139 4.40601
47140 4.40601
47141 4.40601
47142 4.40601
47143 4.406
47144 4.406
47145 4.406
47146 4.406
47147 4.406
47148 4.406
47149 4.406
47150 4.406
47151 4.406
47152 4.406
47153 4.406
47154 4.406
47155 4.406
47156 4.406
47157 4.40599
47158 4.40599
47159 4.40599
47160 4.40599
47161 4.40599
47162 4.40599
47163 4.40599
47164 4.40599
47165 4.40599
47166 4.40599
47167 4.40599
47168 4.40599
47169 4.40599
47170 4.40599
47171 4.40599
47172 4.40598
47173 4.40598
47174 4.40598
47175 4.40598
47176 4.40598
47177 4.40598
47178 4.40598
47179 4.40598
47180 4.40598
47181 4.40598
47182 4.40598
47183 4.40598
47184 4.40598
47185 4.40598
47186 4.40598
47187 4.40597
47188 4.40597
47189 4.40597
47190 4.40597
47191 4.40597
47192 4.40597
47193 4.40597
47194 4.40597
47195 4.40597
47196 4.40597
47197 4.40597
47198 4.40597
47199 4.40597
47200 4.40597
47201 4.40597
47202 4.40596
47203 4.40596
47204 4.40596
47205 4.40596
47206 4.40596
47207 4.40596
47208 4.40596
47209 4.40596
47210 4.40596
47211 4.40596
47212 4.40596
47213 4.40596
47214 4.40596
47215 4.40596
47216 4.40596
47217 4.40595
47218 4.40595
47219 4.40595
47220 4.40595
47221 4.40595
47222 4.40595
47223 4.40595
47224 4.40595
47225 4.40595
47226 4.40595
47227 4.40595
47228 4.40595
47229 4.40595
47230 4.40595
47231 4.40595
47232 4.40594
47233 4.40594
47234 4.40594
47235 4.40594
47236 4.40594
47237 4.40594
47238 4.40594
47239 4.40594
47240 4.40594
47241 4.40594
47242 4.40594
47243 4.40594
47244 4.40594
47245 4.40594
47246 4.40594
47247 4.40593
47248 4.40593
47249 4.40593
47250 4.40593
47251 4.40593
47252 4.40593
47253 4.40593
47254 4.40593
47255 4.40593
47256 4.40593
47257 4.40593
47258 4.40593
47259 4.40593
47260 4.40593
47261 4.40593
47262 4.40592
47263 4.40592
47264 4.40592
47265 4.40592
47266 4.40592
47267 4.40592
47268 4.40592
47269 4.40592
47270 4.40592
47271 4.40592
47272 4.40592
47273 4.40592
47274 4.40592
47275 4.40592
47276 4.40592
47277 4.40591
47278 4.40591
47279 4.40591
47280 4.40591
47281 4.40591
47282 4.40591
47283 4.40591
47284 4.40591
47285 4.40591
47286 4.40591
47287 4.40591
47288 4.40591
47289 4.40591
47290 4.40591
47291 4.40591
47292 4.4059
47293 4.4059
47294 4.4059
47295 4.4059
47296 4.4059
47297 4.4059
47298 4.4059
47299 4.4059
47300 4.4059
47301 4.4059
47302 4.4059
47303 4.4059
47304 4.4059
47305 4.4059
47306 4.4059
47307 4.40589
47308 4.40589
47309 4.40589
47310 4.40589
47311 4.40589
47312 4.40589
47313 4.40589
47314 4.40589
47315 4.40589
47316 4.40589
47317 4.40589
47318 4.40589
47319 4.40589
47320 4.40589
47321 4.40589
47322 4.40589
47323 4.40588
47324 4.40588
47325 4.40588
47326 4.40588
47327 4.40588
47328 4.40588
47329 4.40588
47330 4.40588
47331 4.40588
47332 4.40588
47333 4.40588
47334 4.40588
47335 4.40588
47336 4.40588
47337 4.40588
47338 4.40587
47339 4.40587
47340 4.40587
47341 4.40587
47342 4.40587
47343 4.40587
47344 4.40587
47345 4.40587
47346 4.40587
47347 4.40587
47348 4.40587
47349 4.40587
47350 4.40587
47351 4.40587
47352 4.40587
47353 4.40586
47354 4.40586
47355 4.40586
47356 4.40586
47357 4.40586
47358 4.40586
47359 4.40586
47360 4.40586
47361 4.40586
47362 4.40586
47363 4.40586
47364 4.40586
47365 4.40586
47366 4.40586
47367 4.40586
47368 4.40585
47369 4.40585
47370 4.40585
47371 4.40585
47372 4.40585
47373 4.40585
47374 4.40585
47375 4.40585
47376 4.40585
47377 4.40585
47378 4.40585
47379 4.40585
47380 4.40585
47381 4.40585
47382 4.40585
47383 4.40585
47384 4.40584
47385 4.40584
47386 4.40584
47387 4.40584
47388 4.40584
47389 4.40584
47390 4.40584
47391 4.40584
47392 4.40584
47393 4.40584
47394 4.40584
47395 4.40584
47396 4.40584
47397 4.40584
47398 4.40584
47399 4.40583
47400 4.40583
47401 4.40583
47402 4.40583
47403 4.40583
47404 4.40583
47405 4.40583
47406 4.40583
47407 4.40583
47408 4.40583
47409 4.40583
47410 4.40583
47411 4.40583
47412 4.40583
47413 4.40583
47414 4.40582
47415 4.40582
47416 4.40582
47417 4.40582
47418 4.40582
47419 4.40582
47420 4.40582
47421 4.40582
47422 4.40582
47423 4.40582
47424 4.40582
47425 4.40582
47426 4.40582
47427 4.40582
47428 4.40582
47429 4.40582
47430 4.40581
47431 4.40581
47432 4.40581
47433 4.40581
47434 4.40581
47435 4.40581
47436 4.40581
47437 4.40581
47438 4.40581
47439 4.40581
47440 4.40581
47441 4.40581
47442 4.40581
47443 4.40581
47444 4.40581
47445 4.4058
47446 4.4058
47447 4.4058
47448 4.4058
47449 4.4058
47450 4.4058
47451 4.4058
47452 4.4058
47453 4.4058
47454 4.4058
47455 4.4058
47456 4.4058
47457 4.4058
47458 4.4058
47459 4.4058
47460 4.4058
47461 4.40579
47462 4.40579
47463 4.40579
47464 4.40579
47465 4.40579
47466 4.40579
47467 4.40579
47468 4.40579
47469 4.40579
47470 4.40579
47471 4.40579
47472 4.40579
47473 4.40579
47474 4.40579
47475 4.40579
47476 4.40578
47477 4.40578
47478 4.40578
47479 4.40578
47480 4.40578
47481 4.40578
47482 4.40578
47483 4.40578
47484 4.40578
47485 4.40578
47486 4.40578
47487 4.40578
47488 4.40578
47489 4.40578
47490 4.40578
47491 4.40578
47492 4.40577
47493 4.40577
47494 4.40577
47495 4.40577
47496 4.40577
47497 4.40577
47498 4.40577
47499 4.40577
47500 4.40577
47501 4.40577
47502 4.40577
47503 4.40577
47504 4.40577
47505 4.40577
47506 4.40577
47507 4.40576
47508 4.40576
47509 4.40576
47510 4.40576
47511 4.40576
47512 4.40576
47513 4.40576
47514 4.40576
47515 4.40576
47516 4.40576
47517 4.40576
47518 4.40576
47519 4.40576
47520 4.40576
47521 4.40576
47522 4.40576
47523 4.40575
47524 4.40575
47525 4.40575
47526 4.40575
47527 4.40575
47528 4.40575
47529 4.40575
47530 4.40575
47531 4.40575
47532 4.40575
47533 4.40575
47534 4.40575
47535 4.40575
47536 4.40575
47537 4.40575
47538 4.40574
47539 4.40574
47540 4.40574
47541 4.40574
47542 4.40574
47543 4.40574
47544 4.40574
47545 4.40574
47546 4.40574
47547 4.40574
47548 4.40574
47549 4.40574
47550 4.40574
47551 4.40574
47552 4.40574
47553 4.40574
47554 4.40573
47555 4.40573
47556 4.40573
47557 4.40573
47558 4.40573
47559 4.40573
47560 4.40573
47561 4.40573
47562 4.40573
47563 4.40573
47564 4.40573
47565 4.40573
47566 4.40573
47567 4.40573
47568 4.40573
47569 4.40573
47570 4.40572
47571 4.40572
47572 4.40572
47573 4.40572
47574 4.40572
47575 4.40572
47576 4.40572
47577 4.40572
47578 4.40572
47579 4.40572
47580 4.40572
47581 4.40572
47582 4.40572
47583 4.40572
47584 4.40572
47585 4.40571
47586 4.40571
47587 4.40571
47588 4.40571
47589 4.40571
47590 4.40571
47591 4.40571
47592 4.40571
47593 4.40571
47594 4.40571
47595 4.40571
47596 4.40571
47597 4.40571
47598 4.40571
47599 4.40571
47600 4.40571
47601 4.4057
47602 4.4057
47603 4.4057
47604 4.4057
47605 4.4057
47606 4.4057
47607 4.4057
47608 4.4057
47609 4.4057
47610 4.4057
47611 4.4057
47612 4.4057
47613 4.4057
47614 4.4057
47615 4.4057
47616 4.4057
47617 4.40569
47618 4.40569
47619 4.40569
47620 4.40569
47621 4.40569
47622 4.40569
47623 4.40569
47624 4.40569
47625 4.40569
47626 4.40569
47627 4.40569
47628 4.40569
47629 4.40569
47630 4.40569
47631 4.40569
47632 4.40569
47633 4.40568
47634 4.40568
47635 4.40568
47636 4.40568
47637 4.40568
47638 4.40568
47639 4.40568
47640 4.40568
47641 4.40568
47642 4.40568
47643 4.40568
47644 4.40568
47645 4.40568
47646 4.40568
47647 4.40568
47648 4.40568
47649 4.40567
47650 4.40567
47651 4.40567
47652 4.40567
47653 4.40567
47654 4.40567
47655 4.40567
47656 4.40567
47657 4.40567
47658 4.40567
47659 4.40567
47660 4.40567
47661 4.40567
47662 4.40567
47663 4.40567
47664 4.40567
47665 4.40566
47666 4.40566
47667 4.40566
47668 4.40566
47669 4.40566
47670 4.40566
47671 4.40566
47672 4.40566
47673 4.40566
47674 4.40566
47675 4.40566
47676 4.40566
47677 4.40566
47678 4.40566
47679 4.40566
47680 4.40565
47681 4.40565
47682 4.40565
47683 4.40565
47684 4.40565
47685 4.40565
47686 4.40565
47687 4.40565
47688 4.40565
47689 4.40565
47690 4.40565
47691 4.40565
47692 4.40565
47693 4.40565
47694 4.40565
47695 4.40565
47696 4.40564
47697 4.40564
47698 4.40564
47699 4.40564
47700 4.40564
47701 4.40564
47702 4.40564
47703 4.40564
47704 4.40564
47705 4.40564
47706 4.40564
47707 4.40564
47708 4.40564
47709 4.40564
47710 4.40564
47711 4.40564
47712 4.40563
47713 4.40563
47714 4.40563
47715 4.40563
47716 4.40563
47717 4.40563
47718 4.40563
47719 4.40563
47720 4.40563
47721 4.40563
47722 4.40563
47723 4.40563
47724 4.40563
47725 4.40563
47726 4.40563
47727 4.40563
47728 4.40563
47729 4.40562
47730 4.40562
47731 4.40562
47732 4.40562
47733 4.40562
47734 4.40562
47735 4.40562
47736 4.40562
47737 4.40562
47738 4.40562
47739 4.40562
47740 4.40562
47741 4.40562
47742 4.40562
47743 4.40562
47744 4.40562
47745 4.40561
47746 4.40561
47747 4.40561
47748 4.40561
47749 4.40561
47750 4.40561
47751 4.40561
47752 4.40561
47753 4.40561
47754 4.40561
47755 4.40561
47756 4.40561
47757 4.40561
47758 4.40561
47759 4.40561
47760 4.40561
47761 4.4056
47762 4.4056
47763 4.4056
47764 4.4056
47765 4.4056
47766 4.4056
47767 4.4056
47768 4.4056
47769 4.4056
47770 4.4056
47771 4.4056
47772 4.4056
47773 4.4056
47774 4.4056
47775 4.4056
47776 4.4056
47777 4.40559
47778 4.40559
47779 4.40559
47780 4.40559
47781 4.40559
47782 4.40559
47783 4.40559
47784 4.40559
47785 4.40559
47786 4.40559
47787 4.40559
47788 4.40559
47789 4.40559
47790 4.40559
47791 4.40559
47792 4.40559
47793 4.40558
47794 4.40558
47795 4.40558
47796 4.40558
47797 4.40558
47798 4.40558
47799 4.40558
47800 4.40558
47801 4.40558
47802 4.40558
47803 4.40558
47804 4.40558
47805 4.40558
47806 4.40558
47807 4.40558
47808 4.40558
47809 4.40557
47810 4.40557
47811 4.40557
47812 4.40557
47813 4.40557
47814 4.40557
47815 4.40557
47816 4.40557
47817 4.40557
47818 4.40557
47819 4.40557
47820 4.40557
47821 4.40557
47822 4.40557
47823 4.40557
47824 4.40557
47825 4.40557
47826 4.40556
47827 4.40556
47828 4.40556
47829 4.40556
47830 4.40556
47831 4.40556
47832 4.40556
47833 4.40556
47834 4.40556
47835 4.40556
47836 4.40556
47837 4.40556
47838 4.40556
47839 4.40556
47840 4.40556
47841 4.40556
47842 4.40555
47843 4.40555
47844 4.40555
47845 4.40555
47846 4.40555
47847 4.40555
47848 4.40555
47849 4.40555
47850 4.40555
47851 4.40555
47852 4.40555
47853 4.40555
47854 4.40555
47855 4.40555
47856 4.40555
47857 4.40555
47858 4.40554
47859 4.40554
47860 4.40554
47861 4.40554
47862 4.40554
47863 4.40554
47864 4.40554
47865 4.40554
47866 4.40554
47867 4.40554
47868 4.40554
47869 4.40554
47870 4.40554
47871 4.40554
47872 4.40554
47873 4.40554
47874 4.40554
47875 4.40553
47876 4.40553
47877 4.40553
47878 4.40553
47879 4.40553
47880 4.40553
47881 4.40553
47882 4.40553
47883 4.40553
47884 4.40553
47885 4.40553
47886 4.40553
47887 4.40553
47888 4.40553
47889 4.40553
47890 4.40553
47891 4.40552
47892 4.40552
47893 4.40552
47894 4.40552
47895 4.40552
47896 4.40552
47897 4.40552
47898 4.40552
47899 4.40552
47900 4.40552
47901 4.40552
47902 4.40552
47903 4.40552
47904 4.40552
47905 4.40552
47906 4.40552
47907 4.40551
47908 4.40551
47909 4.40551
47910 4.40551
47911 4.40551
47912 4.40551
47913 4.40551
47914 4.40551
47915 4.40551
47916 4.40551
47917 4.40551
47918 4.40551
47919 4.40551
47920 4.40551
47921 4.40551
47922 4.40551
47923 4.40551
47924 4.4055
47925 4.4055
47926 4.4055
47927 4.4055
47928 4.4055
47929 4.4055
47930 4.4055
47931 4.4055
47932 4.4055
47933 4.4055
47934 4.4055
47935 4.4055
47936 4.4055
47937 4.4055
47938 4.4055
47939 4.4055
47940 4.40549
47941 4.40549
47942 4.40549
47943 4.40549
47944 4.40549
47945 4.40549
47946 4.40549
47947 4.40549
47948 4.40549
47949 4.40549
47950 4.40549
47951 4.40549
47952 4.40549
47953 4.40549
47954 4.40549
47955 4.40549
47956 4.40549
47957 4.40548
47958 4.40548
47959 4.40548
47960 4.40548
47961 4.40548
47962 4.40548
47963 4.40548
47964 4.40548
47965 4.40548
47966 4.40548
47967 4.40548
47968 4.40548
47969 4.40548
47970 4.40548
47971 4.40548
47972 4.40548
47973 4.40548
47974 4.40547
47975 4.40547
47976 4.40547
47977 4.40547
47978 4.40547
47979 4.40547
47980 4.40547
47981 4.40547
47982 4.40547
47983 4.40547
47984 4.40547
47985 4.40547
47986 4.40547
47987 4.40547
47988 4.40547
47989 4.40547
47990 4.40546
47991 4.40546
47992 4.40546
47993 4.40546
47994 4.40546
47995 4.40546
47996 4.40546
47997 4.40546
47998 4.40546
47999 4.40546
48000 4.40546
48001 4.40546
48002 4.40546
48003 4.40546
48004 4.40546
48005 4.40546
48006 4.40546
48007 4.40545
48008 4.40545
48009 4.40545
48010 4.40545
48011 4.40545
48012 4.40545
48013 4.40545
48014 4.40545
48015 4.40545
48016 4.40545
48017 4.40545
48018 4.40545
48019 4.40545
48020 4.40545
48021 4.40545
48022 4.40545
48023 4.40545
48024 4.40544
48025 4.40544
48026 4.40544
48027 4.40544
48028 4.40544
48029 4.40544
48030 4.40544
48031 4.40544
48032 4.40544
48033 4.40544
48034 4.40544
48035 4.40544
48036 4.40544
48037 4.40544
48038 4.40544
48039 4.40544
48040 4.40543
48041 4.40543
48042 4.40543
48043 4.40543
48044 4.40543
48045 4.40543
48046 4.40543
48047 4.40543
48048 4.40543
48049 4.40543
48050 4.40543
48051 4.40543
48052 4.40543
48053 4.40543
48054 4.40543
48055 4.40543
48056 4.40543
48057 4.40542
48058 4.40542
48059 4.40542
48060 4.40542
48061 4.40542
48062 4.40542
48063 4.40542
48064 4.40542
48065 4.40542
48066 4.40542
48067 4.40542
48068 4.40542
48069 4.40542
48070 4.40542
48071 4.40542
48072 4.40542
48073 4.40542
48074 4.40541
48075 4.40541
48076 4.40541
48077 4.40541
48078 4.40541
48079 4.40541
48080 4.40541
48081 4.40541
48082 4.40541
48083 4.40541
48084 4.40541
48085 4.40541
48086 4.40541
48087 4.40541
48088 4.40541
48089 4.40541
48090 4.40541
48091 4.4054
48092 4.4054
48093 4.4054
48094 4.4054
48095 4.4054
48096 4.4054
48097 4.4054
48098 4.4054
48099 4.4054
48100 4.4054
48101 4.4054
48102 4.4054
48103 4.4054
48104 4.4054
48105 4.4054
48106 4.4054
48107 4.4054
48108 4.40539
48109 4.40539
48110 4.40539
48111 4.40539
48112 4.40539
48113 4.40539
48114 4.40539
48115 4.40539
48116 4.40539
48117 4.40539
48118 4.40539
48119 4.40539
48120 4.40539
48121 4.40539
48122 4.40539
48123 4.40539
48124 4.40539
48125 4.40538
48126 4.40538
48127 4.40538
48128 4.40538
48129 4.40538
48130 4.40538
48131 4.40538
48132 4.40538
48133 4.40538
48134 4.40538
48135 4.40538
48136 4.40538
48137 4.40538
48138 4.40538
48139 4.40538
48140 4.40538
48141 4.40538
48142 4.40537
48143 4.40537
48144 4.40537
48145 4.40537
48146 4.40537
48147 4.40537
48148 4.40537
48149 4.40537
48150 4.40537
48151 4.40537
48152 4.40537
48153 4.40537
48154 4.40537
48155 4.40537
48156 4.40537
48157 4.40537
48158 4.40537
48159 4.40536
48160 4.40536
48161 4.40536
48162 4.40536
48163 4.40536
48164 4.40536
48165 4.40536
48166 4.40536
48167 4.40536
48168 4.40536
48169 4.40536
48170 4.40536
48171 4.40536
48172 4.40536
48173 4.40536
48174 4.40536
48175 4.40536
48176 4.40535
48177 4.40535
48178 4.40535
48179 4.40535
48180 4.40535
48181 4.40535
48182 4.40535
48183 4.40535
48184 4.40535
48185 4.40535
48186 4.40535
48187 4.40535
48188 4.40535
48189 4.40535
48190 4.40535
48191 4.40535
48192 4.40535
48193 4.40534
48194 4.40534
48195 4.40534
48196 4.40534
48197 4.40534
48198 4.40534
48199 4.40534
48200 4.40534
48201 4.40534
48202 4.40534
48203 4.40534
48204 4.40534
48205 4.40534
48206 4.40534
48207 4.40534
48208 4.40534
48209 4.40534
48210 4.40533
48211 4.40533
48212 4.40533
48213 4.40533
48214 4.40533
48215 4.40533
48216 4.40533
48217 4.40533
48218 4.40533
48219 4.40533
48220 4.40533
48221 4.40533
48222 4.40533
48223 4.40533
48224 4.40533
48225 4.40533
48226 4.40533
48227 4.40532
48228 4.40532
48229 4.40532
48230 4.40532
48231 4.40532
48232 4.40532
48233 4.40532
48234 4.40532
48235 4.40532
48236 4.40532
48237 4.40532
48238 4.40532
48239 4.40532
48240 4.40532
48241 4.40532
48242 4.40532
48243 4.40532
48244 4.40531
48245 4.40531
48246 4.40531
48247 4.40531
48248 4.40531
48249 4.40531
48250 4.40531
48251 4.40531
48252 4.40531
48253 4.40531
48254 4.40531
48255 4.40531
48256 4.40531
48257 4.40531
48258 4.40531
48259 4.40531
48260 4.40531
48261 4.40531
48262 4.4053
48263 4.4053
48264 4.4053
48265 4.4053
48266 4.4053
48267 4.4053
48268 4.4053
48269 4.4053
48270 4.4053
48271 4.4053
48272 4.4053
48273 4.4053
48274 4.4053
48275 4.4053
48276 4.4053
48277 4.4053
48278 4.4053
48279 4.40529
48280 4.40529
48281 4.40529
48282 4.40529
48283 4.40529
48284 4.40529
48285 4.40529
48286 4.40529
48287 4.40529
48288 4.40529
48289 4.40529
48290 4.40529
48291 4.40529
48292 4.40529
48293 4.40529
48294 4.40529
48295 4.40529
48296 4.40528
48297 4.40528
48298 4.40528
48299 4.40528
48300 4.40528
48301 4.40528
48302 4.40528
48303 4.40528
48304 4.40528
48305 4.40528
48306 4.40528
48307 4.40528
48308 4.40528
48309 4.40528
48310 4.40528
48311 4.40528
48312 4.40528
48313 4.40528
48314 4.40527
48315 4.40527
48316 4.40527
48317 4.40527
48318 4.40527
48319 4.40527
48320 4.40527
48321 4.40527
48322 4.40527
48323 4.40527
48324 4.40527
48325 4.40527
48326 4.40527
48327 4.40527
48328 4.40527
48329 4.40527
48330 4.40527
48331 4.40526
48332 4.40526
48333 4.40526
48334 4.40526
48335 4.40526
48336 4.40526
48337 4.40526
48338 4.40526
48339 4.40526
48340 4.40526
48341 4.40526
48342 4.40526
48343 4.40526
48344 4.40526
48345 4.40526
48346 4.40526
48347 4.40526
48348 4.40526
48349 4.40525
48350 4.40525
48351 4.40525
48352 4.40525
48353 4.40525
48354 4.40525
48355 4.40525
48356 4.40525
48357 4.40525
48358 4.40525
48359 4.40525
48360 4.40525
48361 4.40525
48362 4.40525
48363 4.40525
48364 4.40525
48365 4.40525
48366 4.40524
48367 4.40524
48368 4.40524
48369 4.40524
48370 4.40524
48371 4.40524
48372 4.40524
48373 4.40524
48374 4.40524
48375 4.40524
48376 4.40524
48377 4.40524
48378 4.40524
48379 4.40524
48380 4.40524
48381 4.40524
48382 4.40524
48383 4.40524
48384 4.40523
48385 4.40523
48386 4.40523
48387 4.40523
48388 4.40523
48389 4.40523
48390 4.40523
48391 4.40523
48392 4.40523
48393 4.40523
48394 4.40523
48395 4.40523
48396 4.40523
48397 4.40523
48398 4.40523
48399 4.40523
48400 4.40523
48401 4.40522
48402 4.40522
48403 4.40522
48404 4.40522
48405 4.40522
48406 4.40522
48407 4.40522
48408 4.40522
48409 4.40522
48410 4.40522
48411 4.40522
48412 4.40522
48413 4.40522
48414 4.40522
48415 4.40522
48416 4.40522
48417 4.40522
48418 4.40522
48419 4.40521
48420 4.40521
48421 4.40521
48422 4.40521
48423 4.40521
48424 4.40521
48425 4.40521
48426 4.40521
48427 4.40521
48428 4.40521
48429 4.40521
48430 4.40521
48431 4.40521
48432 4.40521
48433 4.40521
48434 4.40521
48435 4.40521
48436 4.40521
48437 4.4052
48438 4.4052
48439 4.4052
48440 4.4052
48441 4.4052
48442 4.4052
48443 4.4052
48444 4.4052
48445 4.4052
48446 4.4052
48447 4.4052
48448 4.4052
48449 4.4052
48450 4.4052
48451 4.4052
48452 4.4052
48453 4.4052
48454 4.4052
48455 4.40519
48456 4.40519
48457 4.40519
48458 4.40519
48459 4.40519
48460 4.40519
48461 4.40519
48462 4.40519
48463 4.40519
48464 4.40519
48465 4.40519
48466 4.40519
48467 4.40519
48468 4.40519
48469 4.40519
48470 4.40519
48471 4.40519
48472 4.40518
48473 4.40518
48474 4.40518
48475 4.40518
48476 4.40518
48477 4.40518
48478 4.40518
48479 4.40518
48480 4.40518
48481 4.40518
48482 4.40518
48483 4.40518
48484 4.40518
48485 4.40518
48486 4.40518
48487 4.40518
48488 4.40518
48489 4.40518
48490 4.40517
48491 4.40517
48492 4.40517
48493 4.40517
48494 4.40517
48495 4.40517
48496 4.40517
48497 4.40517
48498 4.40517
48499 4.40517
48500 4.40517
48501 4.40517
48502 4.40517
48503 4.40517
48504 4.40517
48505 4.40517
48506 4.40517
48507 4.40517
48508 4.40516
48509 4.40516
48510 4.40516
48511 4.40516
48512 4.40516
48513 4.40516
48514 4.40516
48515 4.40516
48516 4.40516
48517 4.40516
48518 4.40516
48519 4.40516
48520 4.40516
48521 4.40516
48522 4.40516
48523 4.40516
48524 4.40516
48525 4.40516
48526 4.40515
48527 4.40515
48528 4.40515
48529 4.40515
48530 4.40515
48531 4.40515
48532 4.40515
48533 4.40515
48534 4.40515
48535 4.40515
48536 4.40515
48537 4.40515
48538 4.40515
48539 4.40515
48540 4.40515
48541 4.40515
48542 4.40515
48543 4.40515
48544 4.40514
48545 4.40514
48546 4.40514
48547 4.40514
48548 4.40514
48549 4.40514
48550 4.40514
48551 4.40514
48552 4.40514
48553 4.40514
48554 4.40514
48555 4.40514
48556 4.40514
48557 4.40514
48558 4.40514
48559 4.40514
48560 4.40514
48561 4.40514
48562 4.40513
48563 4.40513
48564 4.40513
48565 4.40513
48566 4.40513
48567 4.40513
48568 4.40513
48569 4.40513
48570 4.40513
48571 4.40513
48572 4.40513
48573 4.40513
48574 4.40513
48575 4.40513
48576 4.40513
48577 4.40513
48578 4.40513
48579 4.40513
48580 4.40512
48581 4.40512
48582 4.40512
48583 4.40512
48584 4.40512
48585 4.40512
48586 4.40512
48587 4.40512
48588 4.40512
48589 4.40512
48590 4.40512
48591 4.40512
48592 4.40512
48593 4.40512
48594 4.40512
48595 4.40512
48596 4.40512
48597 4.40512
48598 4.40511
48599 4.40511
48600 4.40511
48601 4.40511
48602 4.40511
48603 4.40511
48604 4.40511
48605 4.40511
48606 4.40511
48607 4.40511
48608 4.40511
48609 4.40511
48610 4.40511
48611 4.40511
48612 4.40511
48613 4.40511
48614 4.40511
48615 4.40511
48616 4.4051
48617 4.4051
48618 4.4051
48619 4.4051
48620 4.4051
48621 4.4051
48622 4.4051
48623 4.4051
48624 4.4051
48625 4.4051
48626 4.4051
48627 4.4051
48628 4.4051
48629 4.4051
48630 4.4051
48631 4.4051
48632 4.4051
48633 4.4051
48634 4.40509
48635 4.40509
48636 4.40509
48637 4.40509
48638 4.40509
48639 4.40509
48640 4.40509
48641 4.40509
48642 4.40509
48643 4.40509
48644 4.40509
48645 4.40509
48646 4.40509
48647 4.40509
48648 4.40509
48649 4.40509
48650 4.40509
48651 4.40509
48652 4.40509
48653 4.40508
48654 4.40508
48655 4.40508
48656 4.40508
48657 4.40508
48658 4.40508
48659 4.40508
48660 4.40508
48661 4.40508
48662 4.40508
48663 4.40508
48664 4.40508
48665 4.40508
48666 4.40508
48667 4.40508
48668 4.40508
48669 4.40508
48670 4.40508
48671 4.40507
48672 4.40507
48673 4.40507
48674 4.40507
48675 4.40507
48676 4.40507
48677 4.40507
48678 4.40507
48679 4.40507
48680 4.40507
48681 4.40507
48682 4.40507
48683 4.40507
48684 4.40507
48685 4.40507
48686 4.40507
48687 4.40507
48688 4.40507
48689 4.40506
48690 4.40506
48691 4.40506
48692 4.40506
48693 4.40506
48694 4.40506
48695 4.40506
48696 4.40506
48697 4.40506
48698 4.40506
48699 4.40506
48700 4.40506
48701 4.40506
48702 4.40506
48703 4.40506
48704 4.40506
48705 4.40506
48706 4.40506
48707 4.40506
48708 4.40505
48709 4.40505
48710 4.40505
48711 4.40505
48712 4.40505
48713 4.40505
48714 4.40505
48715 4.40505
48716 4.40505
48717 4.40505
48718 4.40505
48719 4.40505
48720 4.40505
48721 4.40505
48722 4.40505
48723 4.40505
48724 4.40505
48725 4.40505
48726 4.40504
48727 4.40504
48728 4.40504
48729 4.40504
48730 4.40504
48731 4.40504
48732 4.40504
48733 4.40504
48734 4.40504
48735 4.40504
48736 4.40504
48737 4.40504
48738 4.40504
48739 4.40504
48740 4.40504
48741 4.40504
48742 4.40504
48743 4.40504
48744 4.40504
48745 4.40503
48746 4.40503
48747 4.40503
48748 4.40503
48749 4.40503
48750 4.40503
48751 4.40503
48752 4.40503
48753 4.40503
48754 4.40503
48755 4.40503
48756 4.40503
48757 4.40503
48758 4.40503
48759 4.40503
48760 4.40503
48761 4.40503
48762 4.40503
48763 4.40502
48764 4.40502
48765 4.40502
48766 4.40502
48767 4.40502
48768 4.40502
48769 4.40502
48770 4.40502
48771 4.40502
48772 4.40502
48773 4.40502
48774 4.40502
48775 4.40502
48776 4.40502
48777 4.40502
48778 4.40502
48779 4.40502
48780 4.40502
48781 4.40502
48782 4.40501
48783 4.40501
48784 4.40501
48785 4.40501
48786 4.40501
48787 4.40501
48788 4.40501
48789 4.40501
48790 4.40501
48791 4.40501
48792 4.40501
48793 4.40501
48794 4.40501
48795 4.40501
48796 4.40501
48797 4.40501
48798 4.40501
48799 4.40501
48800 4.405
48801 4.405
48802 4.405
48803 4.405
48804 4.405
48805 4.405
48806 4.405
48807 4.405
48808 4.405
48809 4.405
48810 4.405
48811 4.405
48812 4.405
48813 4.405
48814 4.405
48815 4.405
48816 4.405
48817 4.405
48818 4.405
48819 4.40499
48820 4.40499
48821 4.40499
48822 4.40499
48823 4.40499
48824 4.40499
48825 4.40499
48826 4.40499
48827 4.40499
48828 4.40499
48829 4.40499
48830 4.40499
48831 4.40499
48832 4.40499
48833 4.40499
48834 4.40499
48835 4.40499
48836 4.40499
48837 4.40499
48838 4.40498
48839 4.40498
48840 4.40498
48841 4.40498
48842 4.40498
48843 4.40498
48844 4.40498
48845 4.40498
48846 4.40498
48847 4.40498
48848 4.40498
48849 4.40498
48850 4.40498
48851 4.40498
48852 4.40498
48853 4.40498
48854 4.40498
48855 4.40498
48856 4.40497
48857 4.40497
48858 4.40497
48859 4.40497
48860 4.40497
48861 4.40497
48862 4.40497
48863 4.40497
48864 4.40497
48865 4.40497
48866 4.40497
48867 4.40497
48868 4.40497
48869 4.40497
48870 4.40497
48871 4.40497
48872 4.40497
48873 4.40497
48874 4.40497
48875 4.40496
48876 4.40496
48877 4.40496
48878 4.40496
48879 4.40496
48880 4.40496
48881 4.40496
48882 4.40496
48883 4.40496
48884 4.40496
48885 4.40496
48886 4.40496
48887 4.40496
48888 4.40496
48889 4.40496
48890 4.40496
48891 4.40496
48892 4.40496
48893 4.40496
48894 4.40495
48895 4.40495
48896 4.40495
48897 4.40495
48898 4.40495
48899 4.40495
48900 4.40495
48901 4.40495
48902 4.40495
48903 4.40495
48904 4.40495
48905 4.40495
48906 4.40495
48907 4.40495
48908 4.40495
48909 4.40495
48910 4.40495
48911 4.40495
48912 4.40495
48913 4.40494
48914 4.40494
48915 4.40494
48916 4.40494
48917 4.40494
48918 4.40494
48919 4.40494
48920 4.40494
48921 4.40494
48922 4.40494
48923 4.40494
48924 4.40494
48925 4.40494
48926 4.40494
48927 4.40494
48928 4.40494
48929 4.40494
48930 4.40494
48931 4.40494
48932 4.40493
48933 4.40493
48934 4.40493
48935 4.40493
48936 4.40493
48937 4.40493
48938 4.40493
48939 4.40493
48940 4.40493
48941 4.40493
48942 4.40493
48943 4.40493
48944 4.40493
48945 4.40493
48946 4.40493
48947 4.40493
48948 4.40493
48949 4.40493
48950 4.40493
48951 4.40492
48952 4.40492
48953 4.40492
48954 4.40492
48955 4.40492
48956 4.40492
48957 4.40492
48958 4.40492
48959 4.40492
48960 4.40492
48961 4.40492
48962 4.40492
48963 4.40492
48964 4.40492
48965 4.40492
48966 4.40492
48967 4.40492
48968 4.40492
48969 4.40492
48970 4.40491
48971 4.40491
48972 4.40491
48973 4.40491
48974 4.40491
48975 4.40491
48976 4.40491
48977 4.40491
48978 4.40491
48979 4.40491
48980 4.40491
48981 4.40491
48982 4.40491
48983 4.40491
48984 4.40491
48985 4.40491
48986 4.40491
48987 4.40491
48988 4.40491
48989 4.4049
48990 4.4049
48991 4.4049
48992 4.4049
48993 4.4049
48994 4.4049
48995 4.4049
48996 4.4049
48997 4.4049
48998 4.4049
48999 4.4049
49000 4.4049
49001 4.4049
49002 4.4049
49003 4.4049
49004 4.4049
49005 4.4049
49006 4.4049
49007 4.4049
49008 4.40489
49009 4.40489
49010 4.40489
49011 4.40489
49012 4.40489
49013 4.40489
49014 4.40489
49015 4.40489
49016 4.40489
49017 4.40489
49018 4.40489
49019 4.40489
49020 4.40489
49021 4.40489
49022 4.40489
49023 4.40489
49024 4.40489
49025 4.40489
49026 4.40489
49027 4.40489
49028 4.40488
49029 4.40488
49030 4.40488
49031 4.40488
49032 4.40488
49033 4.40488
49034 4.40488
49035 4.40488
49036 4.40488
49037 4.40488
49038 4.40488
49039 4.40488
49040 4.40488
49041 4.40488
49042 4.40488
49043 4.40488
49044 4.40488
49045 4.40488
49046 4.40488
49047 4.40487
49048 4.40487
49049 4.40487
49050 4.40487
49051 4.40487
49052 4.40487
49053 4.40487
49054 4.40487
49055 4.40487
49056 4.40487
49057 4.40487
49058 4.40487
49059 4.40487
49060 4.40487
49061 4.40487
49062 4.40487
49063 4.40487
49064 4.40487
49065 4.40487
49066 4.40486
49067 4.40486
49068 4.40486
49069 4.40486
49070 4.40486
49071 4.40486
49072 4.40486
49073 4.40486
49074 4.40486
49075 4.40486
49076 4.40486
49077 4.40486
49078 4.40486
49079 4.40486
49080 4.40486
49081 4.40486
49082 4.40486
49083 4.40486
49084 4.40486
49085 4.40486
49086 4.40485
49087 4.40485
49088 4.40485
49089 4.40485
49090 4.40485
49091 4.40485
49092 4.40485
49093 4.40485
49094 4.40485
49095 4.40485
49096 4.40485
49097 4.40485
49098 4.40485
49099 4.40485
49100 4.40485
49101 4.40485
49102 4.40485
49103 4.40485
49104 4.40485
49105 4.40484
49106 4.40484
49107 4.40484
49108 4.40484
49109 4.40484
49110 4.40484
49111 4.40484
49112 4.40484
49113 4.40484
49114 4.40484
49115 4.40484
49116 4.40484
49117 4.40484
49118 4.40484
49119 4.40484
49120 4.40484
49121 4.40484
49122 4.40484
49123 4.40484
49124 4.40483
49125 4.40483
49126 4.40483
49127 4.40483
49128 4.40483
49129 4.40483
49130 4.40483
49131 4.40483
49132 4.40483
49133 4.40483
49134 4.40483
49135 4.40483
49136 4.40483
49137 4.40483
49138 4.40483
49139 4.40483
49140 4.40483
49141 4.40483
49142 4.40483
49143 4.40483
49144 4.40482
49145 4.40482
49146 4.40482
49147 4.40482
49148 4.40482
49149 4.40482
49150 4.40482
49151 4.40482
49152 4.40482
49153 4.40482
49154 4.40482
49155 4.40482
49156 4.40482
49157 4.40482
49158 4.40482
49159 4.40482
49160 4.40482
49161 4.40482
49162 4.40482
49163 4.40482
49164 4.40481
49165 4.40481
49166 4.40481
49167 4.40481
49168 4.40481
49169 4.40481
49170 4.40481
49171 4.40481
49172 4.40481
49173 4.40481
49174 4.40481
49175 4.40481
49176 4.40481
49177 4.40481
49178 4.40481
49179 4.40481
49180 4.40481
49181 4.40481
49182 4.40481
49183 4.4048
49184 4.4048
49185 4.4048
49186 4.4048
49187 4.4048
49188 4.4048
49189 4.4048
49190 4.4048
49191 4.4048
49192 4.4048
49193 4.4048
49194 4.4048
49195 4.4048
49196 4.4048
49197 4.4048
49198 4.4048
49199 4.4048
49200 4.4048
49201 4.4048
49202 4.4048
49203 4.40479
49204 4.40479
49205 4.40479
49206 4.40479
49207 4.40479
49208 4.40479
49209 4.40479
49210 4.40479
49211 4.40479
49212 4.40479
49213 4.40479
49214 4.40479
49215 4.40479
49216 4.40479
49217 4.40479
49218 4.40479
49219 4.40479
49220 4.40479
49221 4.40479
49222 4.40479
49223 4.40478
49224 4.40478
49225 4.40478
49226 4.40478
49227 4.40478
49228 4.40478
49229 4.40478
49230 4.40478
49231 4.40478
49232 4.40478
49233 4.40478
49234 4.40478
49235 4.40478
49236 4.40478
49237 4.40478
49238 4.40478
49239 4.40478
49240 4.40478
49241 4.40478
49242 4.40477
49243 4.40477
49244 4.40477
49245 4.40477
49246 4.40477
49247 4.40477
49248 4.40477
49249 4.40477
49250 4.40477
49251 4.40477
49252 4.40477
49253 4.40477
49254 4.40477
49255 4.40477
49256 4.40477
49257 4.40477
49258 4.40477
49259 4.40477
49260 4.40477
49261 4.40477
49262 4.40476
49263 4.40476
49264 4.40476
49265 4.40476
49266 4.40476
49267 4.40476
49268 4.40476
49269 4.40476
49270 4.40476
49271 4.40476
49272 4.40476
49273 4.40476
49274 4.40476
49275 4.40476
49276 4.40476
49277 4.40476
49278 4.40476
49279 4.40476
49280 4.40476
49281 4.40476
49282 4.40475
49283 4.40475
49284 4.40475
49285 4.40475
49286 4.40475
49287 4.40475
49288 4.40475
49289 4.40475
49290 4.40475
49291 4.40475
49292 4.40475
49293 4.40475
49294 4.40475
49295 4.40475
49296 4.40475
49297 4.40475
49298 4.40475
49299 4.40475
49300 4.40475
49301 4.40475
49302 4.40474
49303 4.40474
49304 4.40474
49305 4.40474
49306 4.40474
49307 4.40474
49308 4.40474
49309 4.40474
49310 4.40474
49311 4.40474
49312 4.40474
49313 4.40474
49314 4.40474
49315 4.40474
49316 4.40474
49317 4.40474
49318 4.40474
49319 4.40474
49320 4.40474
49321 4.40474
49322 4.40473
49323 4.40473
49324 4.40473
49325 4.40473
49326 4.40473
49327 4.40473
49328 4.40473
49329 4.40473
49330 4.40473
49331 4.40473
49332 4.40473
49333 4.40473
49334 4.40473
49335 4.40473
49336 4.40473
49337 4.40473
49338 4.40473
49339 4.40473
49340 4.40473
49341 4.40473
49342 4.40472
49343 4.40472
49344 4.40472
49345 4.40472
49346 4.40472
49347 4.40472
49348 4.40472
49349 4.40472
49350 4.40472
49351 4.40472
49352 4.40472
49353 4.40472
49354 4.40472
49355 4.40472
49356 4.40472
49357 4.40472
49358 4.40472
49359 4.40472
49360 4.40472
49361 4.40472
49362 4.40471
49363 4.40471
49364 4.40471
49365 4.40471
49366 4.40471
49367 4.40471
49368 4.40471
49369 4.40471
49370 4.40471
49371 4.40471
49372 4.40471
49373 4.40471
49374 4.40471
49375 4.40471
49376 4.40471
49377 4.40471
49378 4.40471
49379 4.40471
49380 4.40471
49381 4.40471
49382 4.40471
49383 4.4047
49384 4.4047
49385 4.4047
49386 4.4047
49387 4.4047
49388 4.4047
49389 4.4047
49390 4.4047
49391 4.4047
49392 4.4047
49393 4.4047
49394 4.4047
49395 4.4047
49396 4.4047
49397 4.4047
49398 4.4047
49399 4.4047
49400 4.4047
49401 4.4047
49402 4.4047
49403 4.40469
49404 4.40469
49405 4.40469
49406 4.40469
49407 4.40469
49408 4.40469
49409 4.40469
49410 4.40469
49411 4.40469
49412 4.40469
49413 4.40469
49414 4.40469
49415 4.40469
49416 4.40469
49417 4.40469
49418 4.40469
49419 4.40469
49420 4.40469
49421 4.40469
49422 4.40469
49423 4.40468
49424 4.40468
49425 4.40468
49426 4.40468
49427 4.40468
49428 4.40468
49429 4.40468
49430 4.40468
49431 4.40468
49432 4.40468
49433 4.40468
49434 4.40468
49435 4.40468
49436 4.40468
49437 4.40468
49438 4.40468
49439 4.40468
49440 4.40468
49441 4.40468
49442 4.40468
49443 4.40468
49444 4.40467
49445 4.40467
49446 4.40467
49447 4.40467
49448 4.40467
49449 4.40467
49450 4.40467
49451 4.40467
49452 4.40467
49453 4.40467
49454 4.40467
49455 4.40467
49456 4.40467
49457 4.40467
49458 4.40467
49459 4.40467
49460 4.40467
49461 4.40467
49462 4.40467
49463 4.40467
49464 4.40466
49465 4.40466
49466 4.40466
49467 4.40466
49468 4.40466
49469 4.40466
49470 4.40466
49471 4.40466
49472 4.40466
49473 4.40466
49474 4.40466
49475 4.40466
49476 4.40466
49477 4.40466
49478 4.40466
49479 4.40466
49480 4.40466
49481 4.40466
49482 4.40466
49483 4.40466
49484 4.40465
49485 4.40465
49486 4.40465
49487 4.40465
49488 4.40465
49489 4.40465
49490 4.40465
49491 4.40465
49492 4.40465
49493 4.40465
49494 4.40465
49495 4.40465
49496 4.40465
49497 4.40465
49498 4.40465
49499 4.40465
49500 4.40465
49501 4.40465
49502 4.40465
49503 4.40465
49504 4.40465
49505 4.40464
49506 4.40464
49507 4.40464
49508 4.40464
49509 4.40464
49510 4.40464
49511 4.40464
49512 4.40464
49513 4.40464
49514 4.40464
49515 4.40464
49516 4.40464
49517 4.40464
49518 4.40464
49519 4.40464
49520 4.40464
49521 4.40464
49522 4.40464
49523 4.40464
49524 4.40464
49525 4.40464
49526 4.40463
49527 4.40463
49528 4.40463
49529 4.40463
49530 4.40463
49531 4.40463
49532 4.40463
49533 4.40463
49534 4.40463
49535 4.40463
49536 4.40463
49537 4.40463
49538 4.40463
49539 4.40463
49540 4.40463
49541 4.40463
49542 4.40463
49543 4.40463
49544 4.40463
49545 4.40463
49546 4.40462
49547 4.40462
49548 4.40462
49549 4.40462
49550 4.40462
49551 4.40462
49552 4.40462
49553 4.40462
49554 4.40462
49555 4.40462
49556 4.40462
49557 4.40462
49558 4.40462
49559 4.40462
49560 4.40462
49561 4.40462
49562 4.40462
49563 4.40462
49564 4.40462
49565 4.40462
49566 4.40462
49567 4.40461
49568 4.40461
49569 4.40461
49570 4.40461
49571 4.40461
49572 4.40461
49573 4.40461
49574 4.40461
49575 4.40461
49576 4.40461
49577 4.40461
49578 4.40461
49579 4.40461
49580 4.40461
49581 4.40461
49582 4.40461
49583 4.40461
49584 4.40461
49585 4.40461
49586 4.40461
49587 4.40461
49588 4.4046
49589 4.4046
49590 4.4046
49591 4.4046
49592 4.4046
49593 4.4046
49594 4.4046
49595 4.4046
49596 4.4046
49597 4.4046
49598 4.4046
49599 4.4046
49600 4.4046
49601 4.4046
49602 4.4046
49603 4.4046
49604 4.4046
49605 4.4046
49606 4.4046
49607 4.4046
49608 4.4046
49609 4.40459
49610 4.40459
49611 4.40459
49612 4.40459
49613 4.40459
49614 4.40459
49615 4.40459
49616 4.40459
49617 4.40459
49618 4.40459
49619 4.40459
49620 4.40459
49621 4.40459
49622 4.40459
49623 4.40459
49624 4.40459
49625 4.40459
49626 4.40459
49627 4.40459
49628 4.40459
49629 4.40458
49630 4.40458
49631 4.40458
49632 4.40458
49633 4.40458
49634 4.40458
49635 4.40458
49636 4.40458
49637 4.40458
49638 4.40458
49639 4.40458
49640 4.40458
49641 4.40458
49642 4.40458
49643 4.40458
49644 4.40458
49645 4.40458
49646 4.40458
49647 4.40458
49648 4.40458
49649 4.40458
49650 4.40457
49651 4.40457
49652 4.40457
49653 4.40457
49654 4.40457
49655 4.40457
49656 4.40457
49657 4.40457
49658 4.40457
49659 4.40457
49660 4.40457
49661 4.40457
49662 4.40457
49663 4.40457
49664 4.40457
49665 4.40457
49666 4.40457
49667 4.40457
49668 4.40457
49669 4.40457
49670 4.40457
49671 4.40456
49672 4.40456
49673 4.40456
49674 4.40456
49675 4.40456
49676 4.40456
49677 4.40456
49678 4.40456
49679 4.40456
49680 4.40456
49681 4.40456
49682 4.40456
49683 4.40456
49684 4.40456
49685 4.40456
49686 4.40456
49687 4.40456
49688 4.40456
49689 4.40456
49690 4.40456
49691 4.40456
49692 4.40456
49693 4.40455
49694 4.40455
49695 4.40455
49696 4.40455
49697 4.40455
49698 4.40455
49699 4.40455
49700 4.40455
49701 4.40455
49702 4.40455
49703 4.40455
49704 4.40455
49705 4.40455
49706 4.40455
49707 4.40455
49708 4.40455
49709 4.40455
49710 4.40455
49711 4.40455
49712 4.40455
49713 4.40455
49714 4.40454
49715 4.40454
49716 4.40454
49717 4.40454
49718 4.40454
49719 4.40454
49720 4.40454
49721 4.40454
49722 4.40454
49723 4.40454
49724 4.40454
49725 4.40454
49726 4.40454
49727 4.40454
49728 4.40454
49729 4.40454
49730 4.40454
49731 4.40454
49732 4.40454
49733 4.40454
49734 4.40454
49735 4.40453
49736 4.40453
49737 4.40453
49738 4.40453
49739 4.40453
49740 4.40453
49741 4.40453
49742 4.40453
49743 4.40453
49744 4.40453
49745 4.40453
49746 4.40453
49747 4.40453
49748 4.40453
49749 4.40453
49750 4.40453
49751 4.40453
49752 4.40453
49753 4.40453
49754 4.40453
49755 4.40453
49756 4.40452
49757 4.40452
49758 4.40452
49759 4.40452
49760 4.40452
49761 4.40452
49762 4.40452
49763 4.40452
49764 4.40452
49765 4.40452
49766 4.40452
49767 4.40452
49768 4.40452
49769 4.40452
49770 4.40452
49771 4.40452
49772 4.40452
49773 4.40452
49774 4.40452
49775 4.40452
49776 4.40452
49777 4.40451
49778 4.40451
49779 4.40451
49780 4.40451
49781 4.40451
49782 4.40451
49783 4.40451
49784 4.40451
49785 4.40451
49786 4.40451
49787 4.40451
49788 4.40451
49789 4.40451
49790 4.40451
49791 4.40451
49792 4.40451
49793 4.40451
49794 4.40451
49795 4.40451
49796 4.40451
49797 4.40451
49798 4.40451
49799 4.4045
49800 4.4045
49801 4.4045
49802 4.4045
49803 4.4045
49804 4.4045
49805 4.4045
49806 4.4045
49807 4.4045
49808 4.4045
49809 4.4045
49810 4.4045
49811 4.4045
49812 4.4045
49813 4.4045
49814 4.4045
49815 4.4045
49816 4.4045
49817 4.4045
49818 4.4045
49819 4.4045
49820 4.40449
49821 4.40449
49822 4.40449
49823 4.40449
49824 4.40449
49825 4.40449
49826 4.40449
49827 4.40449
49828 4.40449
49829 4.40449
49830 4.40449
49831 4.40449
49832 4.40449
49833 4.40449
49834 4.40449
49835 4.40449
49836 4.40449
49837 4.40449
49838 4.40449
49839 4.40449
49840 4.40449
49841 4.40449
49842 4.40448
49843 4.40448
49844 4.40448
49845 4.40448
49846 4.40448
49847 4.40448
49848 4.40448
49849 4.40448
49850 4.40448
49851 4.40448
49852 4.40448
49853 4.40448
49854 4.40448
49855 4.40448
49856 4.40448
49857 4.40448
49858 4.40448
49859 4.40448
49860 4.40448
49861 4.40448
49862 4.40448
49863 4.40447
49864 4.40447
49865 4.40447
49866 4.40447
49867 4.40447
49868 4.40447
49869 4.40447
49870 4.40447
49871 4.40447
49872 4.40447
49873 4.40447
49874 4.40447
49875 4.40447
49876 4.40447
49877 4.40447
49878 4.40447
49879 4.40447
49880 4.40447
49881 4.40447
49882 4.40447
49883 4.40447
49884 4.40447
49885 4.40446
49886 4.40446
49887 4.40446
49888 4.40446
49889 4.40446
49890 4.40446
49891 4.40446
49892 4.40446
49893 4.40446
49894 4.40446
49895 4.40446
49896 4.40446
49897 4.40446
49898 4.40446
49899 4.40446
49900 4.40446
49901 4.40446
49902 4.40446
49903 4.40446
49904 4.40446
49905 4.40446
49906 4.40446
49907 4.40445
49908 4.40445
49909 4.40445
49910 4.40445
49911 4.40445
49912 4.40445
49913 4.40445
49914 4.40445
49915 4.40445
49916 4.40445
49917 4.40445
49918 4.40445
49919 4.40445
49920 4.40445
49921 4.40445
49922 4.40445
49923 4.40445
49924 4.40445
49925 4.40445
49926 4.40445
49927 4.40445
49928 4.40445
49929 4.40444
49930 4.40444
49931 4.40444
49932 4.40444
49933 4.40444
49934 4.40444
49935 4.40444
49936 4.40444
49937 4.40444
49938 4.40444
49939 4.40444
49940 4.40444
49941 4.40444
49942 4.40444
49943 4.40444
49944 4.40444
49945 4.40444
49946 4.40444
49947 4.40444
49948 4.40444
49949 4.40444
49950 4.40443
49951 4.40443
49952 4.40443
49953 4.40443
49954 4.40443
49955 4.40443
49956 4.40443
49957 4.40443
49958 4.40443
49959 4.40443
49960 4.40443
49961 4.40443
49962 4.40443
49963 4.40443
49964 4.40443
49965 4.40443
49966 4.40443
49967 4.40443
49968 4.40443
49969 4.40443
49970 4.40443
49971 4.40443
49972 4.40442
49973 4.40442
49974 4.40442
49975 4.40442
49976 4.40442
49977 4.40442
49978 4.40442
49979 4.40442
49980 4.40442
49981 4.40442
49982 4.40442
49983 4.40442
49984 4.40442
49985 4.40442
49986 4.40442
49987 4.40442
49988 4.40442
49989 4.40442
49990 4.40442
49991 4.40442
49992 4.40442
49993 4.40442
49994 4.40441
49995 4.40441
49996 4.40441
49997 4.40441
49998 4.40441
49999 4.40441
