# x y u
-51.000000000000 -51.000000000000 0.000000000000
-51.000000000000 -50.000000000000 0.000000000000
-51.000000000000 -49.000000000000 0.000000000000
-51.000000000000 -48.000000000000 0.000000000000
-51.000000000000 -47.000000000000 0.000000000000
-51.000000000000 -46.000000000000 0.000000000000
-51.000000000000 -45.000000000000 0.000000000000
-51.000000000000 -44.000000000000 0.000000000000
-51.000000000000 -43.000000000000 0.000000000000
-51.000000000000 -42.000000000000 0.000000000000
-51.000000000000 -41.000000000000 0.000000000000
-51.000000000000 -40.000000000000 0.000000000000
-51.000000000000 -39.000000000000 0.000000000000
-51.000000000000 -38.000000000000 0.000000000000
-51.000000000000 -37.000000000000 0.000000000000
-51.000000000000 -36.000000000000 0.000000000000
-51.000000000000 -35.000000000000 0.000000000000
-51.000000000000 -34.000000000000 0.000000000000
-51.000000000000 -33.000000000000 0.000000000000
-51.000000000000 -32.000000000000 0.000000000000
-51.000000000000 -31.000000000000 0.000000000000
-51.000000000000 -30.000000000000 0.000000000000
-51.000000000000 -29.000000000000 0.000000000000
-51.000000000000 -28.000000000000 0.000000000000
-51.000000000000 -27.000000000000 0.000000000000
-51.000000000000 -26.000000000000 0.000000000000
-51.000000000000 -25.000000000000 0.000000000000
-51.000000000000 -24.000000000000 0.000000000000
-51.000000000000 -23.000000000000 0.000000000000
-51.000000000000 -22.000000000000 0.000000000000
-51.000000000000 -21.000000000000 0.000000000000
-51.000000000000 -20.000000000000 0.000000000000
-51.000000000000 -19.000000000000 0.000000000000
-51.000000000000 -18.000000000000 0.000000000000
-51.000000000000 -17.000000000000 0.000000000000
-51.000000000000 -16.000000000000 0.000000000000
-51.000000000000 -15.000000000000 0.000000000000
-51.000000000000 -14.000000000000 0.000000000000
-51.000000000000 -13.000000000000 0.000000000000
-51.000000000000 -12.000000000000 0.000000000000
-51.000000000000 -11.000000000000 0.000000000000
-51.000000000000 -10.000000000000 0.000000000000
-51.000000000000 -9.000000000000 0.000000000000
-51.000000000000 -8.000000000000 0.000000000000
-51.000000000000 -7.000000000000 0.000000000000
-51.000000000000 -6.000000000000 0.000000000000
-51.000000000000 -5.000000000000 0.000000000000
-51.000000000000 -4.000000000000 0.000000000000
-51.000000000000 -3.000000000000 0.000000000000
-51.000000000000 -2.000000000000 0.000000000000
-51.000000000000 -1.000000000000 0.000000000000
-51.000000000000 0.000000000000 0.000000000000
-51.000000000000 1.000000000000 0.000000000000
-51.000000000000 2.000000000000 0.000000000000
-51.000000000000 3.000000000000 0.000000000000
-51.000000000000 4.000000000000 0.000000000000
-51.000000000000 5.000000000000 0.000000000000
-51.000000000000 6.000000000000 0.000000000000
-51.000000000000 7.000000000000 0.000000000000
-51.000000000000 8.000000000000 0.000000000000
-51.000000000000 9.000000000000 0.000000000000
-51.000000000000 10.000000000000 0.000000000000
-51.000000000000 11.000000000000 0.000000000000
-51.000000000000 12.000000000000 0.000000000000
-51.000000000000 13.000000000000 0.000000000000
-51.000000000000 14.000000000000 0.000000000000
-51.000000000000 15.000000000000 0.000000000000
-51.000000000000 16.000000000000 0.000000000000
-51.000000000000 17.000000000000 0.000000000000
-51.000000000000 18.000000000000 0.000000000000
-51.000000000000 19.000000000000 0.000000000000
-51.000000000000 20.000000000000 0.000000000000
-51.000000000000 21.000000000000 0.000000000000
-51.000000000000 22.000000000000 0.000000000000
-51.000000000000 23.000000000000 0.000000000000
-51.000000000000 24.000000000000 0.000000000000
-51.000000000000 25.000000000000 0.000000000000
-51.000000000000 26.000000000000 0.000000000000
-51.000000000000 27.000000000000 0.000000000000
-51.000000000000 28.000000000000 0.000000000000
-51.000000000000 29.000000000000 0.000000000000
-51.000000000000 30.000000000000 0.000000000000
-51.000000000000 31.000000000000 0.000000000000
-51.000000000000 32.000000000000 0.000000000000
-51.000000000000 33.000000000000 0.000000000000
-51.000000000000 34.000000000000 0.000000000000
-51.000000000000 35.000000000000 0.000000000000
-51.000000000000 36.000000000000 0.000000000000
-51.000000000000 37.000000000000 0.000000000000
-51.000000000000 38.000000000000 0.000000000000
-51.000000000000 39.000000000000 0.000000000000
-51.000000000000 40.000000000000 0.000000000000
-51.000000000000 41.000000000000 0.000000000000
-51.000000000000 42.000000000000 0.000000000000
-51.000000000000 43.000000000000 0.000000000000
-51.000000000000 44.000000000000 0.000000000000
-51.000000000000 45.000000000000 0.000000000000
-51.000000000000 46.000000000000 0.000000000000
-51.000000000000 47.000000000000 0.000000000000
-51.000000000000 48.000000000000 0.000000000000
-51.000000000000 49.000000000000 0.000000000000
-51.000000000000 50.000000000000 0.000000000000
-51.000000000000 51.000000000000 0.000000000000

-50.000000000000 -51.000000000000 0.000000000000
-50.000000000000 -50.000000000000 0.000000000000
-50.000000000000 -49.000000000000 0.000000000000
-50.000000000000 -48.000000000000 0.000000000000
-50.000000000000 -47.000000000000 0.000000000000
-50.000000000000 -46.000000000000 0.000000000000
-50.000000000000 -45.000000000000 0.000000000000
-50.000000000000 -44.000000000000 0.000000000000
-50.000000000000 -43.000000000000 0.000000000000
-50.000000000000 -42.000000000000 0.000000000000
-50.000000000000 -41.000000000000 0.000000000000
-50.000000000000 -40.000000000000 0.000000000000
-50.000000000000 -39.000000000000 0.000000000000
-50.000000000000 -38.000000000000 0.000000000000
-50.000000000000 -37.000000000000 0.000000000000
-50.000000000000 -36.000000000000 0.000000000000
-50.000000000000 -35.000000000000 0.000000000000
-50.000000000000 -34.000000000000 0.000000000000
-50.000000000000 -33.000000000000 0.000000000000
-50.000000000000 -32.000000000000 0.000000000000
-50.000000000000 -31.000000000000 0.000000000000
-50.000000000000 -30.000000000000 0.000000000000
-50.000000000000 -29.000000000000 0.000000000000
-50.000000000000 -28.000000000000 0.000000000000
-50.000000000000 -27.000000000000 0.000000000000
-50.000000000000 -26.000000000000 0.000000000000
-50.000000000000 -25.000000000000 0.000000000000
-50.000000000000 -24.000000000000 0.000000000000
-50.000000000000 -23.000000000000 0.000000000000
-50.000000000000 -22.000000000000 0.000000000000
-50.000000000000 -21.000000000000 0.000000000000
-50.000000000000 -20.000000000000 0.000000000000
-50.000000000000 -19.000000000000 0.000000000000
-50.000000000000 -18.000000000000 0.000000000000
-50.000000000000 -17.000000000000 0.000000000000
-50.000000000000 -16.000000000000 0.000000000000
-50.000000000000 -15.000000000000 0.000000000000
-50.000000000000 -14.000000000000 0.000000000000
-50.000000000000 -13.000000000000 0.000000000000
-50.000000000000 -12.000000000000 0.000000000000
-50.000000000000 -11.000000000000 0.000000000000
-50.000000000000 -10.000000000000 0.000000000000
-50.000000000000 -9.000000000000 0.000000000000
-50.000000000000 -8.000000000000 0.000000000000
-50.000000000000 -7.000000000000 0.000000000000
-50.000000000000 -6.000000000000 0.000000000000
-50.000000000000 -5.000000000000 0.000000000000
-50.000000000000 -4.000000000000 0.000000000000
-50.000000000000 -3.000000000000 0.000000000000
-50.000000000000 -2.000000000000 0.000000000000
-50.000000000000 -1.000000000000 0.000000000000
-50.000000000000 0.000000000000 0.000000000000
-50.000000000000 1.000000000000 0.000000000000
-50.000000000000 2.000000000000 0.000000000000
-50.000000000000 3.000000000000 0.000000000000
-50.000000000000 4.000000000000 0.000000000000
-50.000000000000 5.000000000000 0.000000000000
-50.000000000000 6.000000000000 0.000000000000
-50.000000000000 7.000000000000 0.000000000000
-50.000000000000 8.000000000000 0.000000000000
-50.000000000000 9.000000000000 0.000000000000
-50.000000000000 10.000000000000 0.000000000000
-50.000000000000 11.000000000000 0.000000000000
-50.000000000000 12.000000000000 0.000000000000
-50.000000000000 13.000000000000 0.000000000000
-50.000000000000 14.000000000000 0.000000000000
-50.000000000000 15.000000000000 0.000000000000
-50.000000000000 16.000000000000 0.000000000000
-50.000000000000 17.000000000000 0.000000000000
-50.000000000000 18.000000000000 0.000000000000
-50.000000000000 19.000000000000 0.000000000000
-50.000000000000 20.000000000000 0.000000000000
-50.000000000000 21.000000000000 0.000000000000
-50.000000000000 22.000000000000 0.000000000000
-50.000000000000 23.000000000000 0.000000000000
-50.000000000000 24.000000000000 0.000000000000
-50.000000000000 25.000000000000 0.000000000000
-50.000000000000 26.000000000000 0.000000000000
-50.000000000000 27.000000000000 0.000000000000
-50.000000000000 28.000000000000 0.000000000000
-50.000000000000 29.000000000000 0.000000000000
-50.000000000000 30.000000000000 0.000000000000
-50.000000000000 31.000000000000 0.000000000000
-50.000000000000 32.000000000000 0.000000000000
-50.000000000000 33.000000000000 0.000000000000
-50.000000000000 34.000000000000 0.000000000000
-50.000000000000 35.000000000000 0.000000000000
-50.000000000000 36.000000000000 0.000000000000
-50.000000000000 37.000000000000 0.000000000000
-50.000000000000 38.000000000000 0.000000000000
-50.000000000000 39.000000000000 0.000000000000
-50.000000000000 40.000000000000 0.000000000000
-50.000000000000 41.000000000000 0.000000000000
-50.000000000000 42.000000000000 0.000000000000
-50.000000000000 43.000000000000 0.000000000000
-50.000000000000 44.000000000000 0.000000000000
-50.000000000000 45.000000000000 0.000000000000
-50.000000000000 46.000000000000 0.000000000000
-50.000000000000 47.000000000000 0.000000000000
-50.000000000000 48.000000000000 0.000000000000
-50.000000000000 49.000000000000 0.000000000000
-50.000000000000 50.000000000000 0.000000000000
-50.000000000000 51.000000000000 0.000000000000

-49.000000000000 -51.000000000000 0.000000000000
-49.000000000000 -50.000000000000 0.000000000000
-49.000000000000 -49.000000000000 0.000000000000
-49.000000000000 -48.000000000000 0.000000000000
-49.000000000000 -47.000000000000 0.000000000000
-49.000000000000 -46.000000000000 0.000000000000
-49.000000000000 -45.000000000000 0.000000000000
-49.000000000000 -44.000000000000 0.000000000000
-49.000000000000 -43.000000000000 0.000000000000
-49.000000000000 -42.000000000000 0.000000000000
-49.000000000000 -41.000000000000 0.000000000000
-49.000000000000 -40.000000000000 0.000000000000
-49.000000000000 -39.000000000000 0.000000000000
-49.000000000000 -38.000000000000 0.000000000000
-49.000000000000 -37.000000000000 0.000000000000
-49.000000000000 -36.000000000000 0.000000000000
-49.000000000000 -35.000000000000 0.000000000000
-49.000000000000 -34.000000000000 0.000000000001
-49.000000000000 -33.000000000000 0.000000000001
-49.000000000000 -32.000000000000 0.000000000001
-49.000000000000 -31.000000000000 0.000000000001
-49.000000000000 -30.000000000000 0.000000000001
-49.000000000000 -29.000000000000 0.000000000001
-49.000000000000 -28.000000000000 0.000000000001
-49.000000000000 -27.000000000000 0.000000000001
-49.000000000000 -26.000000000000 0.000000000001
-49.000000000000 -25.000000000000 0.000000000001
-49.000000000000 -24.000000000000 0.000000000001
-49.000000000000 -23.000000000000 0.000000000001
-49.000000000000 -22.000000000000 0.000000000002
-49.000000000000 -21.000000000000 0.000000000002
-49.000000000000 -20.000000000000 0.000000000002
-49.000000000000 -19.000000000000 0.000000000002
-49.000000000000 -18.000000000000 0.000000000002
-49.000000000000 -17.000000000000 0.000000000002
-49.000000000000 -16.000000000000 0.000000000002
-49.000000000000 -15.000000000000 0.000000000003
-49.000000000000 -14.000000000000 0.000000000003
-49.000000000000 -13.000000000000 0.000000000003
-49.000000000000 -12.000000000000 0.000000000003
-49.000000000000 -11.000000000000 0.000000000003
-49.000000000000 -10.000000000000 0.000000000003
-49.000000000000 -9.000000000000 0.000000000003
-49.000000000000 -8.000000000000 0.000000000003
-49.000000000000 -7.000000000000 0.000000000004
-49.000000000000 -6.000000000000 0.000000000004
-49.000000000000 -5.000000000000 0.000000000004
-49.000000000000 -4.000000000000 0.000000000004
-49.000000000000 -3.000000000000 0.000000000004
-49.000000000000 -2.000000000000 0.000000000004
-49.000000000000 -1.000000000000 0.000000000004
-49.000000000000 0.000000000000 0.000000000004
-49.000000000000 1.000000000000 0.000000000004
-49.000000000000 2.000000000000 0.000000000004
-49.000000000000 3.000000000000 0.000000000004
-49.000000000000 4.000000000000 0.000000000004
-49.000000000000 5.000000000000 0.000000000004
-49.000000000000 6.000000000000 0.000000000004
-49.000000000000 7.000000000000 0.000000000004
-49.000000000000 8.000000000000 0.000000000003
-49.000000000000 9.000000000000 0.000000000003
-49.000000000000 10.000000000000 0.000000000003
-49.000000000000 11.000000000000 0.000000000003
-49.000000000000 12.000000000000 0.000000000003
-49.000000000000 13.000000000000 0.000000000003
-49.000000000000 14.000000000000 0.000000000003
-49.000000000000 15.000000000000 0.000000000003
-49.000000000000 16.000000000000 0.000000000002
-49.000000000000 17.000000000000 0.000000000002
-49.000000000000 18.000000000000 0.000000000002
-49.000000000000 19.000000000000 0.000000000002
-49.000000000000 20.000000000000 0.000000000002
-49.000000000000 21.000000000000 0.000000000002
-49.000000000000 22.000000000000 0.000000000002
-49.000000000000 23.000000000000 0.000000000001
-49.000000000000 24.000000000000 0.000000000001
-49.000000000000 25.000000000000 0.000000000001
-49.000000000000 26.000000000000 0.000000000001
-49.000000000000 27.000000000000 0.000000000001
-49.000000000000 28.000000000000 0.000000000001
-49.000000000000 29.000000000000 0.000000000001
-49.000000000000 30.000000000000 0.000000000001
-49.000000000000 31.000000000000 0.000000000001
-49.000000000000 32.000000000000 0.000000000001
-49.000000000000 33.000000000000 0.000000000001
-49.000000000000 34.000000000000 0.000000000001
-49.000000000000 35.000000000000 0.000000000000
-49.000000000000 36.000000000000 0.000000000000
-49.000000000000 37.000000000000 0.000000000000
-49.000000000000 38.000000000000 0.000000000000
-49.000000000000 39.000000000000 0.000000000000
-49.000000000000 40.000000000000 0.000000000000
-49.000000000000 41.000000000000 0.000000000000
-49.000000000000 42.000000000000 0.000000000000
-49.000000000000 43.000000000000 0.000000000000
-49.000000000000 44.000000000000 0.000000000000
-49.000000000000 45.000000000000 0.000000000000
-49.000000000000 46.000000000000 0.000000000000
-49.000000000000 47.000000000000 0.000000000000
-49.000000000000 48.000000000000 0.000000000000
-49.000000000000 49.000000000000 0.000000000000
-49.000000000000 50.000000000000 0.000000000000
-49.000000000000 51.000000000000 0.000000000000

-48.000000000000 -51.000000000000 0.000000000000
-48.000000000000 -50.000000000000 0.000000000000
-48.000000000000 -49.000000000000 0.000000000000
-48.000000000000 -48.000000000000 0.000000000000
-48.000000000000 -47.000000000000 0.000000000000
-48.000000000000 -46.000000000000 0.000000000000
-48.000000000000 -45.000000000000 0.000000000001
-48.000000000000 -44.000000000000 0.000000000003
-48.000000000000 -43.000000000000 0.000000000011
-48.000000000000 -42.000000000000 0.000000000034
-48.000000000000 -41.000000000000 0.000000000070
-48.000000000000 -40.000000000000 0.000000000089
-48.000000000000 -39.000000000000 0.000000000097
-48.000000000000 -38.000000000000 0.000000000104
-48.000000000000 -37.000000000000 0.000000000112
-48.000000000000 -36.000000000000 0.000000000121
-48.000000000000 -35.000000000000 0.000000000131
-48.000000000000 -34.000000000000 0.000000000142
-48.000000000000 -33.000000000000 0.000000000155
-48.000000000000 -32.000000000000 0.000000000169
-48.000000000000 -31.000000000000 0.000000000185
-48.000000000000 -30.000000000000 0.000000000202
-48.000000000000 -29.000000000000 0.000000000220
-48.000000000000 -28.000000000000 0.000000000241
-48.000000000000 -27.000000000000 0.000000000262
-48.000000000000 -26.000000000000 0.000000000286
-48.000000000000 -25.000000000000 0.000000000311
-48.000000000000 -24.000000000000 0.000000000337
-48.000000000000 -23.000000000000 0.000000000365
-48.000000000000 -22.000000000000 0.000000000394
-48.000000000000 -21.000000000000 0.000000000424
-48.000000000000 -20.000000000000 0.000000000456
-48.000000000000 -19.000000000000 0.000000000488
-48.000000000000 -18.000000000000 0.000000000521
-48.000000000000 -17.000000000000 0.000000000555
-48.000000000000 -16.000000000000 0.000000000589
-48.000000000000 -15.000000000000 0.000000000623
-48.000000000000 -14.000000000000 0.000000000657
-48.000000000000 -13.000000000000 0.000000000691
-48.000000000000 -12.000000000000 0.000000000724
-48.000000000000 -11.000000000000 0.000000000756
-48.000000000000 -10.000000000000 0.000000000786
-48.000000000000 -9.000000000000 0.000000000815
-48.000000000000 -8.000000000000 0.000000000842
-48.000000000000 -7.000000000000 0.000000000866
-48.000000000000 -6.000000000000 0.000000000888
-48.000000000000 -5.000000000000 0.000000000907
-48.000000000000 -4.000000000000 0.000000000923
-48.000000000000 -3.000000000000 0.000000000935
-48.000000000000 -2.000000000000 0.000000000944
-48.000000000000 -1.000000000000 0.000000000950
-48.000000000000 0.000000000000 0.000000000952
-48.000000000000 1.000000000000 0.000000000950
-48.000000000000 2.000000000000 0.000000000944
-48.000000000000 3.000000000000 0.000000000935
-48.000000000000 4.000000000000 0.000000000923
-48.000000000000 5.000000000000 0.000000000907
-48.000000000000 6.000000000000 0.000000000888
-48.000000000000 7.000000000000 0.000000000866
-48.000000000000 8.000000000000 0.000000000842
-48.000000000000 9.000000000000 0.000000000815
-48.000000000000 10.000000000000 0.000000000786
-48.000000000000 11.000000000000 0.000000000756
-48.000000000000 12.000000000000 0.000000000724
-48.000000000000 13.000000000000 0.000000000691
-48.000000000000 14.000000000000 0.000000000657
-48.000000000000 15.000000000000 0.000000000623
-48.000000000000 16.000000000000 0.000000000589
-48.000000000000 17.000000000000 0.000000000555
-48.000000000000 18.000000000000 0.000000000521
-48.000000000000 19.000000000000 0.000000000488
-48.000000000000 20.000000000000 0.000000000456
-48.000000000000 21.000000000000 0.000000000424
-48.000000000000 22.000000000000 0.000000000394
-48.000000000000 23.000000000000 0.000000000365
-48.000000000000 24.000000000000 0.000000000337
-48.000000000000 25.000000000000 0.000000000311
-48.000000000000 26.000000000000 0.000000000286
-48.000000000000 27.000000000000 0.000000000262
-48.000000000000 28.000000000000 0.000000000241
-48.000000000000 29.000000000000 0.000000000220
-48.000000000000 30.000000000000 0.000000000202
-48.000000000000 31.000000000000 0.000000000185
-48.000000000000 32.000000000000 0.000000000169
-48.000000000000 33.000000000000 0.000000000155
-48.000000000000 34.000000000000 0.000000000142
-48.000000000000 35.000000000000 0.000000000131
-48.000000000000 36.000000000000 0.000000000121
-48.000000000000 37.000000000000 0.000000000112
-48.000000000000 38.000000000000 0.000000000104
-48.000000000000 39.000000000000 0.000000000097
-48.000000000000 40.000000000000 0.000000000089
-48.000000000000 41.000000000000 0.000000000070
-48.000000000000 42.000000000000 0.000000000034
-48.000000000000 43.000000000000 0.000000000011
-48.000000000000 44.000000000000 0.000000000003
-48.000000000000 45.000000000000 0.000000000001
-48.000000000000 46.000000000000 0.000000000000
-48.000000000000 47.000000000000 0.000000000000
-48.000000000000 48.000000000000 0.000000000000
-48.000000000000 49.000000000000 0.000000000000
-48.000000000000 50.000000000000 0.000000000000
-48.000000000000 51.000000000000 0.000000000000

-47.000000000000 -51.000000000000 0.000000000000
-47.000000000000 -50.000000000000 0.000000000000
-47.000000000000 -49.000000000000 0.000000000000
-47.000000000000 -48.000000000000 0.000000000000
-47.000000000000 -47.000000000000 0.000000000000
-47.000000000000 -46.000000000000 0.000000000045
-47.000000000000 -45.000000000000 0.000000000213
-47.000000000000 -44.000000000000 0.000000000919
-47.000000000000 -43.000000000000 0.000000003275
-47.000000000000 -42.000000000000 0.000000009087
-47.000000000000 -41.000000000000 0.000000017907
-47.000000000000 -40.000000000000 0.000000022512
-47.000000000000 -39.000000000000 0.000000024725
-47.000000000000 -38.000000000000 0.000000026350
-47.000000000000 -37.000000000000 0.000000028039
-47.000000000000 -36.000000000000 0.000000029960
-47.000000000000 -35.000000000000 0.000000032155
-47.000000000000 -34.000000000000 0.000000034635
-47.000000000000 -33.000000000000 0.000000037407
-47.000000000000 -32.000000000000 0.000000040477
-47.000000000000 -31.000000000000 0.000000043849
-47.000000000000 -30.000000000000 0.000000047526
-47.000000000000 -29.000000000000 0.000000051510
-47.000000000000 -28.000000000000 0.000000055799
-47.000000000000 -27.000000000000 0.000000060391
-47.000000000000 -26.000000000000 0.000000065280
-47.000000000000 -25.000000000000 0.000000070459
-47.000000000000 -24.000000000000 0.000000075915
-47.000000000000 -23.000000000000 0.000000081633
-47.000000000000 -22.000000000000 0.000000087595
-47.000000000000 -21.000000000000 0.000000093777
-47.000000000000 -20.000000000000 0.000000100153
-47.000000000000 -19.000000000000 0.000000106689
-47.000000000000 -18.000000000000 0.000000113351
-47.000000000000 -17.000000000000 0.000000120098
-47.000000000000 -16.000000000000 0.000000126885
-47.000000000000 -15.000000000000 0.000000133664
-47.000000000000 -14.000000000000 0.000000140384
-47.000000000000 -13.000000000000 0.000000146990
-47.000000000000 -12.000000000000 0.000000153425
-47.000000000000 -11.000000000000 0.000000159631
-47.000000000000 -10.000000000000 0.000000165548
-47.000000000000 -9.000000000000 0.000000171118
-47.000000000000 -8.000000000000 0.000000176284
-47.000000000000 -7.000000000000 0.000000180990
-47.000000000000 -6.000000000000 0.000000185185
-47.000000000000 -5.000000000000 0.000000188821
-47.000000000000 -4.000000000000 0.000000191857
-47.000000000000 -3.000000000000 0.000000194257
-47.000000000000 -2.000000000000 0.000000195992
-47.000000000000 -1.000000000000 0.000000197041
-47.000000000000 0.000000000000 0.000000197392
-47.000000000000 1.000000000000 0.000000197041
-47.000000000000 2.000000000000 0.000000195992
-47.000000000000 3.000000000000 0.000000194257
-47.000000000000 4.000000000000 0.000000191857
-47.000000000000 5.000000000000 0.000000188821
-47.000000000000 6.000000000000 0.000000185185
-47.000000000000 7.000000000000 0.000000180990
-47.000000000000 8.000000000000 0.000000176284
-47.000000000000 9.000000000000 0.000000171118
-47.000000000000 10.000000000000 0.000000165548
-47.000000000000 11.000000000000 0.000000159631
-47.000000000000 12.000000000000 0.000000153425
-47.000000000000 13.000000000000 0.000000146990
-47.000000000000 14.000000000000 0.000000140384
-47.000000000000 15.000000000000 0.000000133664
-47.000000000000 16.000000000000 0.000000126885
-47.000000000000 17.000000000000 0.000000120098
-47.000000000000 18.000000000000 0.000000113351
-47.000000000000 19.000000000000 0.000000106689
-47.000000000000 20.000000000000 0.000000100153
-47.000000000000 21.000000000000 0.000000093777
-47.000000000000 22.000000000000 0.000000087595
-47.000000000000 23.000000000000 0.000000081633
-47.000000000000 24.000000000000 0.000000075915
-47.000000000000 25.000000000000 0.000000070459
-47.000000000000 26.000000000000 0.000000065280
-47.000000000000 27.000000000000 0.000000060391
-47.000000000000 28.000000000000 0.000000055799
-47.000000000000 29.000000000000 0.000000051510
-47.000000000000 30.000000000000 0.000000047526
-47.000000000000 31.000000000000 0.000000043849
-47.000000000000 32.000000000000 0.000000040477
-47.000000000000 33.000000000000 0.000000037407
-47.000000000000 34.000000000000 0.000000034635
-47.000000000000 35.000000000000 0.000000032155
-47.000000000000 36.000000000000 0.000000029960
-47.000000000000 37.000000000000 0.000000028039
-47.000000000000 38.000000000000 0.000000026350
-47.000000000000 39.000000000000 0.000000024725
-47.000000000000 40.000000000000 0.000000022512
-47.000000000000 41.000000000000 0.000000017907
-47.000000000000 42.000000000000 0.000000009087
-47.000000000000 43.000000000000 0.000000003275
-47.000000000000 44.000000000000 0.000000000919
-47.000000000000 45.000000000000 0.000000000213
-47.000000000000 46.000000000000 0.000000000045
-47.000000000000 47.000000000000 0.000000000000
-47.000000000000 48.000000000000 0.000000000000
-47.000000000000 49.000000000000 0.000000000000
-47.000000000000 50.000000000000 0.000000000000
-47.000000000000 51.000000000000 0.000000000000

-46.000000000000 -51.000000000000 0.000000000000
-46.000000000000 -50.000000000000 0.000000000000
-46.000000000000 -49.000000000000 0.000000000000
-46.000000000000 -48.000000000000 0.000000000000
-46.000000000000 -47.000000000000 0.000000000045
-46.000000000000 -46.000000000000 0.000000000618
-46.000000000000 -45.000000000000 0.000000002701
-46.000000000000 -44.000000000000 0.000000010772
-46.000000000000 -43.000000000000 0.000000035513
-46.000000000000 -42.000000000000 0.000000091589
-46.000000000000 -41.000000000000 0.000000170785
-46.000000000000 -40.000000000000 0.000000214103
-46.000000000000 -39.000000000000 0.000000234842
-46.000000000000 -38.000000000000 0.000000249009
-46.000000000000 -37.000000000000 0.000000263045
-46.000000000000 -36.000000000000 0.000000278756
-46.000000000000 -35.000000000000 0.000000296570
-46.000000000000 -34.000000000000 0.000000316594
-46.000000000000 -33.000000000000 0.000000338868
-46.000000000000 -32.000000000000 0.000000363409
-46.000000000000 -31.000000000000 0.000000390226
-46.000000000000 -30.000000000000 0.000000419316
-46.000000000000 -29.000000000000 0.000000450660
-46.000000000000 -28.000000000000 0.000000484228
-46.000000000000 -27.000000000000 0.000000519970
-46.000000000000 -26.000000000000 0.000000557818
-46.000000000000 -25.000000000000 0.000000597684
-46.000000000000 -24.000000000000 0.000000639456
-46.000000000000 -23.000000000000 0.000000682998
-46.000000000000 -22.000000000000 0.000000728150
-46.000000000000 -21.000000000000 0.000000774721
-46.000000000000 -20.000000000000 0.000000822497
-46.000000000000 -19.000000000000 0.000000871233
-46.000000000000 -18.000000000000 0.000000920658
-46.000000000000 -17.000000000000 0.000000970474
-46.000000000000 -16.000000000000 0.000001020358
-46.000000000000 -15.000000000000 0.000001069964
-46.000000000000 -14.000000000000 0.000001118928
-46.000000000000 -13.000000000000 0.000001166868
-46.000000000000 -12.000000000000 0.000001213392
-46.000000000000 -11.000000000000 0.000001258099
-46.000000000000 -10.000000000000 0.000001300590
-46.000000000000 -9.000000000000 0.000001340468
-46.000000000000 -8.000000000000 0.000001377349
-46.000000000000 -7.000000000000 0.000001410867
-46.000000000000 -6.000000000000 0.000001440680
-46.000000000000 -5.000000000000 0.000001466474
-46.000000000000 -4.000000000000 0.000001487976
-46.000000000000 -3.000000000000 0.000001504951
-46.000000000000 -2.000000000000 0.000001517213
-46.000000000000 -1.000000000000 0.000001524625
-46.000000000000 0.000000000000 0.000001527105
-46.000000000000 1.000000000000 0.000001524625
-46.000000000000 2.000000000000 0.000001517213
-46.000000000000 3.000000000000 0.000001504951
-46.000000000000 4.000000000000 0.000001487976
-46.000000000000 5.000000000000 0.000001466474
-46.000000000000 6.000000000000 0.000001440680
-46.000000000000 7.000000000000 0.000001410867
-46.000000000000 8.000000000000 0.000001377349
-46.000000000000 9.000000000000 0.000001340468
-46.000000000000 10.000000000000 0.000001300590
-46.000000000000 11.000000000000 0.000001258099
-46.000000000000 12.000000000000 0.000001213392
-46.000000000000 13.000000000000 0.000001166868
-46.000000000000 14.000000000000 0.000001118928
-46.000000000000 15.000000000000 0.000001069964
-46.000000000000 16.000000000000 0.000001020358
-46.000000000000 17.000000000000 0.000000970474
-46.000000000000 18.000000000000 0.000000920658
-46.000000000000 19.000000000000 0.000000871233
-46.000000000000 20.000000000000 0.000000822497
-46.000000000000 21.000000000000 0.000000774721
-46.000000000000 22.000000000000 0.000000728150
-46.000000000000 23.000000000000 0.000000682998
-46.000000000000 24.000000000000 0.000000639456
-46.000000000000 25.000000000000 0.000000597684
-46.000000000000 26.000000000000 0.000000557818
-46.000000000000 27.000000000000 0.000000519970
-46.000000000000 28.000000000000 0.000000484228
-46.000000000000 29.000000000000 0.000000450660
-46.000000000000 30.000000000000 0.000000419316
-46.000000000000 31.000000000000 0.000000390226
-46.000000000000 32.000000000000 0.000000363409
-46.000000000000 33.000000000000 0.000000338868
-46.000000000000 34.000000000000 0.000000316594
-46.000000000000 35.000000000000 0.000000296570
-46.000000000000 36.000000000000 0.000000278756
-46.000000000000 37.000000000000 0.000000263045
-46.000000000000 38.000000000000 0.000000249009
-46.000000000000 39.000000000000 0.000000234842
-46.000000000000 40.000000000000 0.000000214103
-46.000000000000 41.000000000000 0.000000170785
-46.000000000000 42.000000000000 0.000000091589
-46.000000000000 43.000000000000 0.000000035513
-46.000000000000 44.000000000000 0.000000010772
-46.000000000000 45.000000000000 0.000000002701
-46.000000000000 46.000000000000 0.000000000618
-46.000000000000 47.000000000000 0.000000000045
-46.000000000000 48.000000000000 0.000000000000
-46.000000000000 49.000000000000 0.000000000000
-46.000000000000 50.000000000000 0.000000000000
-46.000000000000 51.000000000000 0.000000000000

-45.000000000000 -51.000000000000 0.000000000000
-45.000000000000 -50.000000000000 0.000000000000
-45.000000000000 -49.000000000000 0.000000000000
-45.000000000000 -48.000000000000 0.000000000001
-45.000000000000 -47.000000000000 0.000000000213
-45.000000000000 -46.000000000000 0.000000002701
-45.000000000000 -45.000000000000 0.000000012199
-45.000000000000 -44.000000000000 0.000000050518
-45.000000000000 -43.000000000000 0.000000173908
-45.000000000000 -42.000000000000 0.000000469788
-45.000000000000 -41.000000000000 0.000000908265
-45.000000000000 -40.000000000000 0.000001112871
-45.000000000000 -39.000000000000 0.000001201999
-45.000000000000 -38.000000000000 0.000001262717
-45.000000000000 -37.000000000000 0.000001323792
-45.000000000000 -36.000000000000 0.000001392289
-45.000000000000 -35.000000000000 0.000001469711
-45.000000000000 -34.000000000000 0.000001556380
-45.000000000000 -33.000000000000 0.000001652367
-45.000000000000 -32.000000000000 0.000001757668
-45.000000000000 -31.000000000000 0.000001872227
-45.000000000000 -30.000000000000 0.000001995936
-45.000000000000 -29.000000000000 0.000002128630
-45.000000000000 -28.000000000000 0.000002270084
-45.000000000000 -27.000000000000 0.000002420001
-45.000000000000 -26.000000000000 0.000002578015
-45.000000000000 -25.000000000000 0.000002743676
-45.000000000000 -24.000000000000 0.000002916452
-45.000000000000 -23.000000000000 0.000003095717
-45.000000000000 -22.000000000000 0.000003280756
-45.000000000000 -21.000000000000 0.000003470755
-45.000000000000 -20.000000000000 0.000003664805
-45.000000000000 -19.000000000000 0.000003861898
-45.000000000000 -18.000000000000 0.000004060937
-45.000000000000 -17.000000000000 0.000004260733
-45.000000000000 -16.000000000000 0.000004460016
-45.000000000000 -15.000000000000 0.000004657445
-45.000000000000 -14.000000000000 0.000004851616
-45.000000000000 -13.000000000000 0.000005041079
-45.000000000000 -12.000000000000 0.000005224353
-45.000000000000 -11.000000000000 0.000005399944
-45.000000000000 -10.000000000000 0.000005566363
-45.000000000000 -9.000000000000 0.000005722151
-45.000000000000 -8.000000000000 0.000005865897
-45.000000000000 -7.000000000000 0.000005996261
-45.000000000000 -6.000000000000 0.000006111998
-45.000000000000 -5.000000000000 0.000006211979
-45.000000000000 -4.000000000000 0.000006295208
-45.000000000000 -3.000000000000 0.000006360847
-45.000000000000 -2.000000000000 0.000006408222
-45.000000000000 -1.000000000000 0.000006436846
-45.000000000000 0.000000000000 0.000006446420
-45.000000000000 1.000000000000 0.000006436846
-45.000000000000 2.000000000000 0.000006408222
-45.000000000000 3.000000000000 0.000006360847
-45.000000000000 4.000000000000 0.000006295208
-45.000000000000 5.000000000000 0.000006211979
-45.000000000000 6.000000000000 0.000006111998
-45.000000000000 7.000000000000 0.000005996261
-45.000000000000 8.000000000000 0.000005865897
-45.000000000000 9.000000000000 0.000005722151
-45.000000000000 10.000000000000 0.000005566363
-45.000000000000 11.000000000000 0.000005399944
-45.000000000000 12.000000000000 0.000005224353
-45.000000000000 13.000000000000 0.000005041079
-45.000000000000 14.000000000000 0.000004851616
-45.000000000000 15.000000000000 0.000004657445
-45.000000000000 16.000000000000 0.000004460016
-45.000000000000 17.000000000000 0.000004260733
-45.000000000000 18.000000000000 0.000004060937
-45.000000000000 19.000000000000 0.000003861898
-45.000000000000 20.000000000000 0.000003664805
-45.000000000000 21.000000000000 0.000003470755
-45.000000000000 22.000000000000 0.000003280756
-45.000000000000 23.000000000000 0.000003095717
-45.000000000000 24.000000000000 0.000002916452
-45.000000000000 25.000000000000 0.000002743676
-45.000000000000 26.000000000000 0.000002578015
-45.000000000000 27.000000000000 0.000002420001
-45.000000000000 28.000000000000 0.000002270084
-45.000000000000 29.000000000000 0.000002128630
-45.000000000000 30.000000000000 0.000001995936
-45.000000000000 31.000000000000 0.000001872227
-45.000000000000 32.000000000000 0.000001757668
-45.000000000000 33.000000000000 0.000001652367
-45.000000000000 34.000000000000 0.000001556380
-45.000000000000 35.000000000000 0.000001469711
-45.000000000000 36.000000000000 0.000001392289
-45.000000000000 37.000000000000 0.000001323792
-45.000000000000 38.000000000000 0.000001262717
-45.000000000000 39.000000000000 0.000001201999
-45.000000000000 40.000000000000 0.000001112871
-45.000000000000 41.000000000000 0.000000908265
-45.000000000000 42.000000000000 0.000000469788
-45.000000000000 43.000000000000 0.000000173908
-45.000000000000 44.000000000000 0.000000050518
-45.000000000000 45.000000000000 0.000000012199
-45.000000000000 46.000000000000 0.000000002701
-45.000000000000 47.000000000000 0.000000000213
-45.000000000000 48.000000000000 0.000000000001
-45.000000000000 49.000000000000 0.000000000000
-45.000000000000 50.000000000000 0.000000000000
-45.000000000000 51.000000000000 0.000000000000

-44.000000000000 -51.000000000000 0.000000000000
-44.000000000000 -50.000000000000 0.000000000000
-44.000000000000 -49.000000000000 0.000000000000
-44.000000000000 -48.000000000000 0.000000000003
-44.000000000000 -47.000000000000 0.000000000919
-44.000000000000 -46.000000000000 0.000000010772
-44.000000000000 -45.000000000000 0.000000050518
-44.000000000000 -44.000000000000 0.000000218814
-44.000000000000 -43.000000000000 0.000000794995
-44.000000000000 -42.000000000000 0.000002285092
-44.000000000000 -41.000000000000 0.000004671654
-44.000000000000 -40.000000000000 0.000005537370
-44.000000000000 -39.000000000000 0.000005877783
-44.000000000000 -38.000000000000 0.000006118125
-44.000000000000 -37.000000000000 0.000006367095
-44.000000000000 -36.000000000000 0.000006647326
-44.000000000000 -35.000000000000 0.000006963055
-44.000000000000 -34.000000000000 0.000007314985
-44.000000000000 -33.000000000000 0.000007703063
-44.000000000000 -32.000000000000 0.000008126952
-44.000000000000 -31.000000000000 0.000008586102
-44.000000000000 -30.000000000000 0.000009079747
-44.000000000000 -29.000000000000 0.000009606900
-44.000000000000 -28.000000000000 0.000010166337
-44.000000000000 -27.000000000000 0.000010756581
-44.000000000000 -26.000000000000 0.000011375884
-44.000000000000 -25.000000000000 0.000012022217
-44.000000000000 -24.000000000000 0.000012693255
-44.000000000000 -23.000000000000 0.000013386366
-44.000000000000 -22.000000000000 0.000014098609
-44.000000000000 -21.000000000000 0.000014826725
-44.000000000000 -20.000000000000 0.000015567145
-44.000000000000 -19.000000000000 0.000016315998
-44.000000000000 -18.000000000000 0.000017069121
-44.000000000000 -17.000000000000 0.000017822084
-44.000000000000 -16.000000000000 0.000018570213
-44.000000000000 -15.000000000000 0.000019308629
-44.000000000000 -14.000000000000 0.000020032287
-44.000000000000 -13.000000000000 0.000020736022
-44.000000000000 -12.000000000000 0.000021414607
-44.000000000000 -11.000000000000 0.000022062810
-44.000000000000 -10.000000000000 0.000022675460
-44.000000000000 -9.000000000000 0.000023247514
-44.000000000000 -8.000000000000 0.000023774127
-44.000000000000 -7.000000000000 0.000024250727
-44.000000000000 -6.000000000000 0.000024673078
-44.000000000000 -5.000000000000 0.000025037353
-44.000000000000 -4.000000000000 0.000025340195
-44.000000000000 -3.000000000000 0.000025578774
-44.000000000000 -2.000000000000 0.000025750833
-44.000000000000 -1.000000000000 0.000025854734
-44.000000000000 0.000000000000 0.000025889478
-44.000000000000 1.000000000000 0.000025854734
-44.000000000000 2.000000000000 0.000025750833
-44.000000000000 3.000000000000 0.000025578774
-44.000000000000 4.000000000000 0.000025340195
-44.000000000000 5.000000000000 0.000025037353
-44.000000000000 6.000000000000 0.000024673078
-44.000000000000 7.000000000000 0.000024250727
-44.000000000000 8.000000000000 0.000023774127
-44.000000000000 9.000000000000 0.000023247514
-44.000000000000 10.000000000000 0.000022675460
-44.000000000000 11.000000000000 0.000022062810
-44.000000000000 12.000000000000 0.000021414607
-44.000000000000 13.000000000000 0.000020736022
-44.000000000000 14.000000000000 0.000020032287
-44.000000000000 15.000000000000 0.000019308629
-44.000000000000 16.000000000000 0.000018570213
-44.000000000000 17.000000000000 0.000017822084
-44.000000000000 18.000000000000 0.000017069121
-44.000000000000 19.000000000000 0.000016315998
-44.000000000000 20.000000000000 0.000015567145
-44.000000000000 21.000000000000 0.000014826725
-44.000000000000 22.000000000000 0.000014098609
-44.000000000000 23.000000000000 0.000013386366
-44.000000000000 24.000000000000 0.000012693255
-44.000000000000 25.000000000000 0.000012022217
-44.000000000000 26.000000000000 0.000011375884
-44.000000000000 27.000000000000 0.000010756581
-44.000000000000 28.000000000000 0.000010166337
-44.000000000000 29.000000000000 0.000009606900
-44.000000000000 30.000000000000 0.000009079747
-44.000000000000 31.000000000000 0.000008586102
-44.000000000000 32.000000000000 0.000008126952
-44.000000000000 33.000000000000 0.000007703063
-44.000000000000 34.000000000000 0.000007314985
-44.000000000000 35.000000000000 0.000006963055
-44.000000000000 36.000000000000 0.000006647326
-44.000000000000 37.000000000000 0.000006367095
-44.000000000000 38.000000000000 0.000006118125
-44.000000000000 39.000000000000 0.000005877783
-44.000000000000 40.000000000000 0.000005537370
-44.000000000000 41.000000000000 0.000004671654
-44.000000000000 42.000000000000 0.000002285092
-44.000000000000 43.000000000000 0.000000794995
-44.000000000000 44.000000000000 0.000000218814
-44.000000000000 45.000000000000 0.000000050518
-44.000000000000 46.000000000000 0.000000010772
-44.000000000000 47.000000000000 0.000000000919
-44.000000000000 48.000000000000 0.000000000003
-44.000000000000 49.000000000000 0.000000000000
-44.000000000000 50.000000000000 0.000000000000
-44.000000000000 51.000000000000 0.000000000000

-43.000000000000 -51.000000000000 0.000000000000
-43.000000000000 -50.000000000000 0.000000000000
-43.000000000000 -49.000000000000 0.000000000000
-43.000000000000 -48.000000000000 0.000000000011
-43.000000000000 -47.000000000000 0.000000003275
-43.000000000000 -46.000000000000 0.000000035513
-43.000000000000 -45.000000000000 0.000000173908
-43.000000000000 -44.000000000000 0.000000794995
-43.000000000000 -43.000000000000 0.000003094720
-43.000000000000 -42.000000000000 0.000009706144
-43.000000000000 -41.000000000000 0.000021802340
-43.000000000000 -40.000000000000 0.000024503858
-43.000000000000 -39.000000000000 0.000025503481
-43.000000000000 -38.000000000000 0.000026307821
-43.000000000000 -37.000000000000 0.000027181381
-43.000000000000 -36.000000000000 0.000028168663
-43.000000000000 -35.000000000000 0.000029276768
-43.000000000000 -34.000000000000 0.000030506134
-43.000000000000 -33.000000000000 0.000031855495
-43.000000000000 -32.000000000000 0.000033322690
-43.000000000000 -31.000000000000 0.000034904797
-43.000000000000 -30.000000000000 0.000036598155
-43.000000000000 -29.000000000000 0.000038398355
-43.000000000000 -28.000000000000 0.000040300213
-43.000000000000 -27.000000000000 0.000042297747
-43.000000000000 -26.000000000000 0.000044384151
-43.000000000000 -25.000000000000 0.000046551774
-43.000000000000 -24.000000000000 0.000048792102
-43.000000000000 -23.000000000000 0.000051095750
-43.000000000000 -22.000000000000 0.000053452463
-43.000000000000 -21.000000000000 0.000055851129
-43.000000000000 -20.000000000000 0.000058279804
-43.000000000000 -19.000000000000 0.000060725751
-43.000000000000 -18.000000000000 0.000063175500
-43.000000000000 -17.000000000000 0.000065614915
-43.000000000000 -16.000000000000 0.000068029287
-43.000000000000 -15.000000000000 0.000070403440
-43.000000000000 -14.000000000000 0.000072721855
-43.000000000000 -13.000000000000 0.000074968811
-43.000000000000 -12.000000000000 0.000077128536
-43.000000000000 -11.000000000000 0.000079185379
-43.000000000000 -10.000000000000 0.000081123988
-43.000000000000 -9.000000000000 0.000082929493
-43.000000000000 -8.000000000000 0.000084587697
-43.000000000000 -7.000000000000 0.000086085267
-43.000000000000 -6.000000000000 0.000087409920
-43.000000000000 -5.000000000000 0.000088550596
-43.000000000000 -4.000000000000 0.000089497630
-43.000000000000 -3.000000000000 0.000090242897
-43.000000000000 -2.000000000000 0.000090779936
-43.000000000000 -1.000000000000 0.000091104057
-43.000000000000 0.000000000000 0.000091212415
-43.000000000000 1.000000000000 0.000091104057
-43.000000000000 2.000000000000 0.000090779936
-43.000000000000 3.000000000000 0.000090242897
-43.000000000000 4.000000000000 0.000089497630
-43.000000000000 5.000000000000 0.000088550596
-43.000000000000 6.000000000000 0.000087409920
-43.000000000000 7.000000000000 0.000086085267
-43.000000000000 8.000000000000 0.000084587697
-43.000000000000 9.000000000000 0.000082929493
-43.000000000000 10.000000000000 0.000081123988
-43.000000000000 11.000000000000 0.000079185379
-43.000000000000 12.000000000000 0.000077128536
-43.000000000000 13.000000000000 0.000074968811
-43.000000000000 14.000000000000 0.000072721855
-43.000000000000 15.000000000000 0.000070403440
-43.000000000000 16.000000000000 0.000068029287
-43.000000000000 17.000000000000 0.000065614915
-43.000000000000 18.000000000000 0.000063175500
-43.000000000000 19.000000000000 0.000060725751
-43.000000000000 20.000000000000 0.000058279804
-43.000000000000 21.000000000000 0.000055851129
-43.000000000000 22.000000000000 0.000053452463
-43.000000000000 23.000000000000 0.000051095750
-43.000000000000 24.000000000000 0.000048792102
-43.000000000000 25.000000000000 0.000046551774
-43.000000000000 26.000000000000 0.000044384151
-43.000000000000 27.000000000000 0.000042297747
-43.000000000000 28.000000000000 0.000040300213
-43.000000000000 29.000000000000 0.000038398355
-43.000000000000 30.000000000000 0.000036598155
-43.000000000000 31.000000000000 0.000034904797
-43.000000000000 32.000000000000 0.000033322690
-43.000000000000 33.000000000000 0.000031855495
-43.000000000000 34.000000000000 0.000030506134
-43.000000000000 35.000000000000 0.000029276768
-43.000000000000 36.000000000000 0.000028168663
-43.000000000000 37.000000000000 0.000027181381
-43.000000000000 38.000000000000 0.000026307821
-43.000000000000 39.000000000000 0.000025503481
-43.000000000000 40.000000000000 0.000024503858
-43.000000000000 41.000000000000 0.000021802340
-43.000000000000 42.000000000000 0.000009706144
-43.000000000000 43.000000000000 0.000003094720
-43.000000000000 44.000000000000 0.000000794995
-43.000000000000 45.000000000000 0.000000173908
-43.000000000000 46.000000000000 0.000000035513
-43.000000000000 47.000000000000 0.000000003275
-43.000000000000 48.000000000000 0.000000000011
-43.000000000000 49.000000000000 0.000000000000
-43.000000000000 50.000000000000 0.000000000000
-43.000000000000 51.000000000000 0.000000000000

-42.000000000000 -51.000000000000 0.000000000000
-42.000000000000 -50.000000000000 0.000000000000
-42.000000000000 -49.000000000000 0.000000000000
-42.000000000000 -48.000000000000 0.000000000034
-42.000000000000 -47.000000000000 0.000000009087
-42.000000000000 -46.000000000000 0.000000091589
-42.000000000000 -45.000000000000 0.000000469788
-42.000000000000 -44.000000000000 0.000002285092
-42.000000000000 -43.000000000000 0.000009706144
-42.000000000000 -42.000000000000 0.000034535367
-42.000000000000 -41.000000000000 0.000092425867
-42.000000000000 -40.000000000000 0.000094668050
-42.000000000000 -39.000000000000 0.000096614889
-42.000000000000 -38.000000000000 0.000098862925
-42.000000000000 -37.000000000000 0.000101441919
-42.000000000000 -36.000000000000 0.000104360141
-42.000000000000 -35.000000000000 0.000107618526
-42.000000000000 -34.000000000000 0.000111213830
-42.000000000000 -33.000000000000 0.000115139827
-42.000000000000 -32.000000000000 0.000119387826
-42.000000000000 -31.000000000000 0.000123946900
-42.000000000000 -30.000000000000 0.000128803993
-42.000000000000 -29.000000000000 0.000133943960
-42.000000000000 -28.000000000000 0.000139349577
-42.000000000000 -27.000000000000 0.000145001543
-42.000000000000 -26.000000000000 0.000150878478
-42.000000000000 -25.000000000000 0.000156956926
-42.000000000000 -24.000000000000 0.000163211379
-42.000000000000 -23.000000000000 0.000169614303
-42.000000000000 -22.000000000000 0.000176136203
-42.000000000000 -21.000000000000 0.000182745698
-42.000000000000 -20.000000000000 0.000189409632
-42.000000000000 -19.000000000000 0.000196093209
-42.000000000000 -18.000000000000 0.000202760168
-42.000000000000 -17.000000000000 0.000209372986
-42.000000000000 -16.000000000000 0.000215893110
-42.000000000000 -15.000000000000 0.000222281239
-42.000000000000 -14.000000000000 0.000228497619
-42.000000000000 -13.000000000000 0.000234502385
-42.000000000000 -12.000000000000 0.000240255918
-42.000000000000 -11.000000000000 0.000245719236
-42.000000000000 -10.000000000000 0.000250854392
-42.000000000000 -9.000000000000 0.000255624893
-42.000000000000 -8.000000000000 0.000259996117
-42.000000000000 -7.000000000000 0.000263935729
-42.000000000000 -6.000000000000 0.000267414086
-42.000000000000 -5.000000000000 0.000270404620
-42.000000000000 -4.000000000000 0.000272884191
-42.000000000000 -3.000000000000 0.000274833404
-42.000000000000 -2.000000000000 0.000276236879
-42.000000000000 -1.000000000000 0.000277083468
-42.000000000000 0.000000000000 0.000277366418
-42.000000000000 1.000000000000 0.000277083468
-42.000000000000 2.000000000000 0.000276236879
-42.000000000000 3.000000000000 0.000274833404
-42.000000000000 4.000000000000 0.000272884191
-42.000000000000 5.000000000000 0.000270404620
-42.000000000000 6.000000000000 0.000267414086
-42.000000000000 7.000000000000 0.000263935729
-42.000000000000 8.000000000000 0.000259996117
-42.000000000000 9.000000000000 0.000255624893
-42.000000000000 10.000000000000 0.000250854392
-42.000000000000 11.000000000000 0.000245719236
-42.000000000000 12.000000000000 0.000240255918
-42.000000000000 13.000000000000 0.000234502385
-42.000000000000 14.000000000000 0.000228497619
-42.000000000000 15.000000000000 0.000222281239
-42.000000000000 16.000000000000 0.000215893110
-42.000000000000 17.000000000000 0.000209372986
-42.000000000000 18.000000000000 0.000202760168
-42.000000000000 19.000000000000 0.000196093209
-42.000000000000 20.000000000000 0.000189409632
-42.000000000000 21.000000000000 0.000182745698
-42.000000000000 22.000000000000 0.000176136203
-42.000000000000 23.000000000000 0.000169614303
-42.000000000000 24.000000000000 0.000163211379
-42.000000000000 25.000000000000 0.000156956926
-42.000000000000 26.000000000000 0.000150878478
-42.000000000000 27.000000000000 0.000145001543
-42.000000000000 28.000000000000 0.000139349577
-42.000000000000 29.000000000000 0.000133943960
-42.000000000000 30.000000000000 0.000128803993
-42.000000000000 31.000000000000 0.000123946900
-42.000000000000 32.000000000000 0.000119387826
-42.000000000000 33.000000000000 0.000115139827
-42.000000000000 34.000000000000 0.000111213830
-42.000000000000 35.000000000000 0.000107618526
-42.000000000000 36.000000000000 0.000104360141
-42.000000000000 37.000000000000 0.000101441919
-42.000000000000 38.000000000000 0.000098862925
-42.000000000000 39.000000000000 0.000096614889
-42.000000000000 40.000000000000 0.000094668050
-42.000000000000 41.000000000000 0.000092425867
-42.000000000000 42.000000000000 0.000034535367
-42.000000000000 43.000000000000 0.000009706144
-42.000000000000 44.000000000000 0.000002285092
-42.000000000000 45.000000000000 0.000000469788
-42.000000000000 46.000000000000 0.000000091589
-42.000000000000 47.000000000000 0.000000009087
-42.000000000000 48.000000000000 0.000000000034
-42.000000000000 49.000000000000 0.000000000000
-42.000000000000 50.000000000000 0.000000000000
-42.000000000000 51.000000000000 0.000000000000

-41.000000000000 -51.000000000000 0.000000000000
-41.000000000000 -50.000000000000 0.000000000000
-41.000000000000 -49.000000000000 0.000000000000
-41.000000000000 -48.000000000000 0.000000000070
-41.000000000000 -47.000000000000 0.000000017907
-41.000000000000 -46.000000000000 0.000000170785
-41.000000000000 -45.000000000000 0.000000908265
-41.000000000000 -44.000000000000 0.000004671654
-41.000000000000 -43.000000000000 0.000021802340
-41.000000000000 -42.000000000000 0.000092425867
-41.000000000000 -41.000000000000 0.000095104554
-41.000000000000 -40.000000000000 0.000096814563
-41.000000000000 -39.000000000000 0.000098781403
-41.000000000000 -38.000000000000 0.000101061424
-41.000000000000 -37.000000000000 0.000103677042
-41.000000000000 -36.000000000000 0.000106636137
-41.000000000000 -35.000000000000 0.000109939566
-41.000000000000 -34.000000000000 0.000113583998
-41.000000000000 -33.000000000000 0.000117563088
-41.000000000000 -32.000000000000 0.000121867987
-41.000000000000 -31.000000000000 0.000126487583
-41.000000000000 -30.000000000000 0.000131408603
-41.000000000000 -29.000000000000 0.000136615663
-41.000000000000 -28.000000000000 0.000142091272
-41.000000000000 -27.000000000000 0.000147815844
-41.000000000000 -26.000000000000 0.000153767687
-41.000000000000 -25.000000000000 0.000159923020
-41.000000000000 -24.000000000000 0.000166255985
-41.000000000000 -23.000000000000 0.000172738686
-41.000000000000 -22.000000000000 0.000179341246
-41.000000000000 -21.000000000000 0.000186031894
-41.000000000000 -20.000000000000 0.000192777066
-41.000000000000 -19.000000000000 0.000199541554
-41.000000000000 -18.000000000000 0.000206288674
-41.000000000000 -17.000000000000 0.000212980475
-41.000000000000 -16.000000000000 0.000219577979
-41.000000000000 -15.000000000000 0.000226041452
-41.000000000000 -14.000000000000 0.000232330717
-41.000000000000 -13.000000000000 0.000238405490
-41.000000000000 -12.000000000000 0.000244225743
-41.000000000000 -11.000000000000 0.000249752097
-41.000000000000 -10.000000000000 0.000254946225
-41.000000000000 -9.000000000000 0.000259771274
-41.000000000000 -8.000000000000 0.000264192282
-41.000000000000 -7.000000000000 0.000268176604
-41.000000000000 -6.000000000000 0.000271694312
-41.000000000000 -5.000000000000 0.000274718587
-41.000000000000 -4.000000000000 0.000277226069
-41.000000000000 -3.000000000000 0.000279197183
-41.000000000000 -2.000000000000 0.000280616405
-41.000000000000 -1.000000000000 0.000281472484
-41.000000000000 0.000000000000 0.000281758605
-41.000000000000 1.000000000000 0.000281472484
-41.000000000000 2.000000000000 0.000280616405
-41.000000000000 3.000000000000 0.000279197183
-41.000000000000 4.000000000000 0.000277226069
-41.000000000000 5.000000000000 0.000274718587
-41.000000000000 6.000000000000 0.000271694312
-41.000000000000 7.000000000000 0.000268176604
-41.000000000000 8.000000000000 0.000264192282
-41.000000000000 9.000000000000 0.000259771274
-41.000000000000 10.000000000000 0.000254946225
-41.000000000000 11.000000000000 0.000249752097
-41.000000000000 12.000000000000 0.000244225743
-41.000000000000 13.000000000000 0.000238405490
-41.000000000000 14.000000000000 0.000232330717
-41.000000000000 15.000000000000 0.000226041452
-41.000000000000 16.000000000000 0.000219577979
-41.000000000000 17.000000000000 0.000212980475
-41.000000000000 18.000000000000 0.000206288674
-41.000000000000 19.000000000000 0.000199541554
-41.000000000000 20.000000000000 0.000192777066
-41.000000000000 21.000000000000 0.000186031894
-41.000000000000 22.000000000000 0.000179341246
-41.000000000000 23.000000000000 0.000172738686
-41.000000000000 24.000000000000 0.000166255985
-41.000000000000 25.000000000000 0.000159923020
-41.000000000000 26.000000000000 0.000153767687
-41.000000000000 27.000000000000 0.000147815844
-41.000000000000 28.000000000000 0.000142091272
-41.000000000000 29.000000000000 0.000136615663
-41.000000000000 30.000000000000 0.000131408603
-41.000000000000 31.000000000000 0.000126487583
-41.000000000000 32.000000000000 0.000121867987
-41.000000000000 33.000000000000 0.000117563088
-41.000000000000 34.000000000000 0.000113583998
-41.000000000000 35.000000000000 0.000109939566
-41.000000000000 36.000000000000 0.000106636137
-41.000000000000 37.000000000000 0.000103677042
-41.000000000000 38.000000000000 0.000101061424
-41.000000000000 39.000000000000 0.000098781403
-41.000000000000 40.000000000000 0.000096814563
-41.000000000000 41.000000000000 0.000095104554
-41.000000000000 42.000000000000 0.000092425867
-41.000000000000 43.000000000000 0.000021802340
-41.000000000000 44.000000000000 0.000004671654
-41.000000000000 45.000000000000 0.000000908265
-41.000000000000 46.000000000000 0.000000170785
-41.000000000000 47.000000000000 0.000000017907
-41.000000000000 48.000000000000 0.000000000070
-41.000000000000 49.000000000000 0.000000000000
-41.000000000000 50.000000000000 0.000000000000
-41.000000000000 51.000000000000 0.000000000000

-40.000000000000 -51.000000000000 0.000000000000
-40.000000000000 -50.000000000000 0.000000000000
-40.000000000000 -49.000000000000 0.000000000000
-40.000000000000 -48.000000000000 0.000000000089
-40.000000000000 -47.000000000000 0.000000022512
-40.000000000000 -46.000000000000 0.000000214103
-40.000000000000 -45.000000000000 0.000001112871
-40.000000000000 -44.000000000000 0.000005537370
-40.000000000000 -43.000000000000 0.000024503858
-40.000000000000 -42.000000000000 0.000094668050
-40.000000000000 -41.000000000000 0.000096814563
-40.000000000000 -40.000000000000 0.000098372120
-40.000000000000 -39.000000000000 0.000100300891
-40.000000000000 -38.000000000000 0.000102583573
-40.000000000000 -37.000000000000 0.000105219635
-40.000000000000 -36.000000000000 0.000108209300
-40.000000000000 -35.000000000000 0.000111550553
-40.000000000000 -34.000000000000 0.000115238835
-40.000000000000 -33.000000000000 0.000119267189
-40.000000000000 -32.000000000000 0.000123626407
-40.000000000000 -31.000000000000 0.000128305123
-40.000000000000 -30.000000000000 0.000133289853
-40.000000000000 -29.000000000000 0.000138565010
-40.000000000000 -28.000000000000 0.000144112898
-40.000000000000 -27.000000000000 0.000149913706
-40.000000000000 -26.000000000000 0.000155945502
-40.000000000000 -25.000000000000 0.000162184231
-40.000000000000 -24.000000000000 0.000168603736
-40.000000000000 -23.000000000000 0.000175175790
-40.000000000000 -22.000000000000 0.000181870150
-40.000000000000 -21.000000000000 0.000188654638
-40.000000000000 -20.000000000000 0.000195495253
-40.000000000000 -19.000000000000 0.000202356309
-40.000000000000 -18.000000000000 0.000209200607
-40.000000000000 -17.000000000000 0.000215989644
-40.000000000000 -16.000000000000 0.000222683857
-40.000000000000 -15.000000000000 0.000229242898
-40.000000000000 -14.000000000000 0.000235625948
-40.000000000000 -13.000000000000 0.000241792057
-40.000000000000 -12.000000000000 0.000247700523
-40.000000000000 -11.000000000000 0.000253311277
-40.000000000000 -10.000000000000 0.000258585310
-40.000000000000 -9.000000000000 0.000263485093
-40.000000000000 -8.000000000000 0.000267975010
-40.000000000000 -7.000000000000 0.000272021793
-40.000000000000 -6.000000000000 0.000275594933
-40.000000000000 -5.000000000000 0.000278667078
-40.000000000000 -4.000000000000 0.000281214404
-40.000000000000 -3.000000000000 0.000283216935
-40.000000000000 -2.000000000000 0.000284658831
-40.000000000000 -1.000000000000 0.000285528609
-40.000000000000 0.000000000000 0.000285819311
-40.000000000000 1.000000000000 0.000285528609
-40.000000000000 2.000000000000 0.000284658831
-40.000000000000 3.000000000000 0.000283216935
-40.000000000000 4.000000000000 0.000281214404
-40.000000000000 5.000000000000 0.000278667078
-40.000000000000 6.000000000000 0.000275594933
-40.000000000000 7.000000000000 0.000272021793
-40.000000000000 8.000000000000 0.000267975010
-40.000000000000 9.000000000000 0.000263485093
-40.000000000000 10.000000000000 0.000258585310
-40.000000000000 11.000000000000 0.000253311277
-40.000000000000 12.000000000000 0.000247700523
-40.000000000000 13.000000000000 0.000241792057
-40.000000000000 14.000000000000 0.000235625948
-40.000000000000 15.000000000000 0.000229242898
-40.000000000000 16.000000000000 0.000222683857
-40.000000000000 17.000000000000 0.000215989644
-40.000000000000 18.000000000000 0.000209200607
-40.000000000000 19.000000000000 0.000202356309
-40.000000000000 20.000000000000 0.000195495253
-40.000000000000 21.000000000000 0.000188654638
-40.000000000000 22.000000000000 0.000181870150
-40.000000000000 23.000000000000 0.000175175790
-40.000000000000 24.000000000000 0.000168603736
-40.000000000000 25.000000000000 0.000162184231
-40.000000000000 26.000000000000 0.000155945502
-40.000000000000 27.000000000000 0.000149913706
-40.000000000000 28.000000000000 0.000144112898
-40.000000000000 29.000000000000 0.000138565010
-40.000000000000 30.000000000000 0.000133289853
-40.000000000000 31.000000000000 0.000128305123
-40.000000000000 32.000000000000 0.000123626407
-40.000000000000 33.000000000000 0.000119267189
-40.000000000000 34.000000000000 0.000115238835
-40.000000000000 35.000000000000 0.000111550553
-40.000000000000 36.000000000000 0.000108209300
-40.000000000000 37.000000000000 0.000105219635
-40.000000000000 38.000000000000 0.000102583573
-40.000000000000 39.000000000000 0.000100300891
-40.000000000000 40.000000000000 0.000098372120
-40.000000000000 41.000000000000 0.000096814563
-40.000000000000 42.000000000000 0.000094668050
-40.000000000000 43.000000000000 0.000024503858
-40.000000000000 44.000000000000 0.000005537370
-40.000000000000 45.000000000000 0.000001112871
-40.000000000000 46.000000000000 0.000000214103
-40.000000000000 47.000000000000 0.000000022512
-40.000000000000 48.000000000000 0.000000000089
-40.000000000000 49.000000000000 0.000000000000
-40.000000000000 50.000000000000 0.000000000000
-40.000000000000 51.000000000000 0.000000000000

-39.000000000000 -51.000000000000 0.000000000000
-39.000000000000 -50.000000000000 0.000000000000
-39.000000000000 -49.000000000000 0.000000000000
-39.000000000000 -48.000000000000 0.000000000097
-39.000000000000 -47.000000000000 0.000000024725
-39.000000000000 -46.000000000000 0.000000234842
-39.000000000000 -45.000000000000 0.000001201999
-39.000000000000 -44.000000000000 0.000005877783
-39.000000000000 -43.000000000000 0.000025503481
-39.000000000000 -42.000000000000 0.000096614889
-39.000000000000 -41.000000000000 0.000098781403
-39.000000000000 -40.000000000000 0.000100300891
-39.000000000000 -39.000000000000 0.000102216716
-39.000000000000 -38.000000000000 0.000104511434
-39.000000000000 -37.000000000000 0.000107177570
-39.000000000000 -36.000000000000 0.000110210677
-39.000000000000 -35.000000000000 0.000113606159
-39.000000000000 -34.000000000000 0.000117358058
-39.000000000000 -33.000000000000 0.000121458619
-39.000000000000 -32.000000000000 0.000125898139
-39.000000000000 -31.000000000000 0.000130664900
-39.000000000000 -30.000000000000 0.000135745132
-39.000000000000 -29.000000000000 0.000141122982
-39.000000000000 -28.000000000000 0.000146780483
-39.000000000000 -27.000000000000 0.000152697530
-39.000000000000 -26.000000000000 0.000158851862
-39.000000000000 -25.000000000000 0.000165219054
-39.000000000000 -24.000000000000 0.000171772524
-39.000000000000 -23.000000000000 0.000178483567
-39.000000000000 -22.000000000000 0.000185321397
-39.000000000000 -21.000000000000 0.000192253231
-39.000000000000 -20.000000000000 0.000199244389
-39.000000000000 -19.000000000000 0.000206258438
-39.000000000000 -18.000000000000 0.000213257360
-39.000000000000 -17.000000000000 0.000220201763
-39.000000000000 -16.000000000000 0.000227051127
-39.000000000000 -15.000000000000 0.000233764084
-39.000000000000 -14.000000000000 0.000240298739
-39.000000000000 -13.000000000000 0.000246613021
-39.000000000000 -12.000000000000 0.000252665066
-39.000000000000 -11.000000000000 0.000258413628
-39.000000000000 -10.000000000000 0.000263818508
-39.000000000000 -9.000000000000 0.000268840999
-39.000000000000 -8.000000000000 0.000273444339
-39.000000000000 -7.000000000000 0.000277594157
-39.000000000000 -6.000000000000 0.000281258913
-39.000000000000 -5.000000000000 0.000284410312
-39.000000000000 -4.000000000000 0.000287023692
-39.000000000000 -3.000000000000 0.000289078369
-39.000000000000 -2.000000000000 0.000290557930
-39.000000000000 -1.000000000000 0.000291450477
-39.000000000000 0.000000000000 0.000291748797
-39.000000000000 1.000000000000 0.000291450477
-39.000000000000 2.000000000000 0.000290557930
-39.000000000000 3.000000000000 0.000289078369
-39.000000000000 4.000000000000 0.000287023692
-39.000000000000 5.000000000000 0.000284410312
-39.000000000000 6.000000000000 0.000281258913
-39.000000000000 7.000000000000 0.000277594157
-39.000000000000 8.000000000000 0.000273444339
-39.000000000000 9.000000000000 0.000268840999
-39.000000000000 10.000000000000 0.000263818508
-39.000000000000 11.000000000000 0.000258413628
-39.000000000000 12.000000000000 0.000252665066
-39.000000000000 13.000000000000 0.000246613021
-39.000000000000 14.000000000000 0.000240298739
-39.000000000000 15.000000000000 0.000233764084
-39.000000000000 16.000000000000 0.000227051127
-39.000000000000 17.000000000000 0.000220201763
-39.000000000000 18.000000000000 0.000213257360
-39.000000000000 19.000000000000 0.000206258438
-39.000000000000 20.000000000000 0.000199244389
-39.000000000000 21.000000000000 0.000192253231
-39.000000000000 22.000000000000 0.000185321397
-39.000000000000 23.000000000000 0.000178483567
-39.000000000000 24.000000000000 0.000171772524
-39.000000000000 25.000000000000 0.000165219054
-39.000000000000 26.000000000000 0.000158851862
-39.000000000000 27.000000000000 0.000152697530
-39.000000000000 28.000000000000 0.000146780483
-39.000000000000 29.000000000000 0.000141122982
-39.000000000000 30.000000000000 0.000135745132
-39.000000000000 31.000000000000 0.000130664900
-39.000000000000 32.000000000000 0.000125898139
-39.000000000000 33.000000000000 0.000121458619
-39.000000000000 34.000000000000 0.000117358058
-39.000000000000 35.000000000000 0.000113606159
-39.000000000000 36.000000000000 0.000110210677
-39.000000000000 37.000000000000 0.000107177570
-39.000000000000 38.000000000000 0.000104511434
-39.000000000000 39.000000000000 0.000102216716
-39.000000000000 40.000000000000 0.000100300891
-39.000000000000 41.000000000000 0.000098781403
-39.000000000000 42.000000000000 0.000096614889
-39.000000000000 43.000000000000 0.000025503481
-39.000000000000 44.000000000000 0.000005877783
-39.000000000000 45.000000000000 0.000001201999
-39.000000000000 46.000000000000 0.000000234842
-39.000000000000 47.000000000000 0.000000024725
-39.000000000000 48.000000000000 0.000000000097
-39.000000000000 49.000000000000 0.000000000000
-39.000000000000 50.000000000000 0.000000000000
-39.000000000000 51.000000000000 0.000000000000

-38.000000000000 -51.000000000000 0.000000000000
-38.000000000000 -50.000000000000 0.000000000000
-38.000000000000 -49.000000000000 0.000000000000
-38.000000000000 -48.000000000000 0.000000000104
-38.000000000000 -47.000000000000 0.000000026350
-38.000000000000 -46.000000000000 0.000000249009
-38.000000000000 -45.000000000000 0.000001262717
-38.000000000000 -44.000000000000 0.000006118125
-38.000000000000 -43.000000000000 0.000026307821
-38.000000000000 -42.000000000000 0.000098862925
-38.000000000000 -41.000000000000 0.000101061424
-38.000000000000 -40.000000000000 0.000102583573
-38.000000000000 -39.000000000000 0.000104511434
-38.000000000000 -38.000000000000 0.000106834342
-38.000000000000 -37.000000000000 0.000109544768
-38.000000000000 -36.000000000000 0.000112636729
-38.000000000000 -35.000000000000 0.000116104228
-38.000000000000 -34.000000000000 0.000119940306
-38.000000000000 -33.000000000000 0.000124136523
-38.000000000000 -32.000000000000 0.000128682694
-38.000000000000 -31.000000000000 0.000133566731
-38.000000000000 -30.000000000000 0.000138774547
-38.000000000000 -29.000000000000 0.000144289984
-38.000000000000 -28.000000000000 0.000150094755
-38.000000000000 -27.000000000000 0.000156168402
-38.000000000000 -26.000000000000 0.000162488259
-38.000000000000 -25.000000000000 0.000169029433
-38.000000000000 -24.000000000000 0.000175764806
-38.000000000000 -23.000000000000 0.000182665047
-38.000000000000 -22.000000000000 0.000189698661
-38.000000000000 -21.000000000000 0.000196832053
-38.000000000000 -20.000000000000 0.000204029634
-38.000000000000 -19.000000000000 0.000211253951
-38.000000000000 -18.000000000000 0.000218465865
-38.000000000000 -17.000000000000 0.000225624751
-38.000000000000 -16.000000000000 0.000232688755
-38.000000000000 -15.000000000000 0.000239615079
-38.000000000000 -14.000000000000 0.000246360309
-38.000000000000 -13.000000000000 0.000252880780
-38.000000000000 -12.000000000000 0.000259132977
-38.000000000000 -11.000000000000 0.000265073962
-38.000000000000 -10.000000000000 0.000270661828
-38.000000000000 -9.000000000000 0.000275856169
-38.000000000000 -8.000000000000 0.000280618560
-38.000000000000 -7.000000000000 0.000284913033
-38.000000000000 -6.000000000000 0.000288706545
-38.000000000000 -5.000000000000 0.000291969426
-38.000000000000 -4.000000000000 0.000294675793
-38.000000000000 -3.000000000000 0.000296803920
-38.000000000000 -2.000000000000 0.000298336560
-38.000000000000 -1.000000000000 0.000299261203
-38.000000000000 0.000000000000 0.000299570265
-38.000000000000 1.000000000000 0.000299261203
-38.000000000000 2.000000000000 0.000298336560
-38.000000000000 3.000000000000 0.000296803920
-38.000000000000 4.000000000000 0.000294675793
-38.000000000000 5.000000000000 0.000291969426
-38.000000000000 6.000000000000 0.000288706545
-38.000000000000 7.000000000000 0.000284913033
-38.000000000000 8.000000000000 0.000280618560
-38.000000000000 9.000000000000 0.000275856169
-38.000000000000 10.000000000000 0.000270661828
-38.000000000000 11.000000000000 0.000265073962
-38.000000000000 12.000000000000 0.000259132977
-38.000000000000 13.000000000000 0.000252880780
-38.000000000000 14.000000000000 0.000246360309
-38.000000000000 15.000000000000 0.000239615079
-38.000000000000 16.000000000000 0.000232688755
-38.000000000000 17.000000000000 0.000225624751
-38.000000000000 18.000000000000 0.000218465865
-38.000000000000 19.000000000000 0.000211253951
-38.000000000000 20.000000000000 0.000204029634
-38.000000000000 21.000000000000 0.000196832053
-38.000000000000 22.000000000000 0.000189698661
-38.000000000000 23.000000000000 0.000182665047
-38.000000000000 24.000000000000 0.000175764806
-38.000000000000 25.000000000000 0.000169029433
-38.000000000000 26.000000000000 0.000162488259
-38.000000000000 27.000000000000 0.000156168402
-38.000000000000 28.000000000000 0.000150094755
-38.000000000000 29.000000000000 0.000144289984
-38.000000000000 30.000000000000 0.000138774547
-38.000000000000 31.000000000000 0.000133566731
-38.000000000000 32.000000000000 0.000128682694
-38.000000000000 33.000000000000 0.000124136523
-38.000000000000 34.000000000000 0.000119940306
-38.000000000000 35.000000000000 0.000116104228
-38.000000000000 36.000000000000 0.000112636729
-38.000000000000 37.000000000000 0.000109544768
-38.000000000000 38.000000000000 0.000106834342
-38.000000000000 39.000000000000 0.000104511434
-38.000000000000 40.000000000000 0.000102583573
-38.000000000000 41.000000000000 0.000101061424
-38.000000000000 42.000000000000 0.000098862925
-38.000000000000 43.000000000000 0.000026307821
-38.000000000000 44.000000000000 0.000006118125
-38.000000000000 45.000000000000 0.000001262717
-38.000000000000 46.000000000000 0.000000249009
-38.000000000000 47.000000000000 0.000000026350
-38.000000000000 48.000000000000 0.000000000104
-38.000000000000 49.000000000000 0.000000000000
-38.000000000000 50.000000000000 0.000000000000
-38.000000000000 51.000000000000 0.000000000000

-37.000000000000 -51.000000000000 0.000000000000
-37.000000000000 -50.000000000000 0.000000000000
-37.000000000000 -49.000000000000 0.000000000000
-37.000000000000 -48.000000000000 0.000000000112
-37.000000000000 -47.000000000000 0.000000028039
-37.000000000000 -46.000000000000 0.000000263045
-37.000000000000 -45.000000000000 0.000001323792
-37.000000000000 -44.000000000000 0.000006367095
-37.000000000000 -43.000000000000 0.000027181381
-37.000000000000 -42.000000000000 0.000101441919
-37.000000000000 -41.000000000000 0.000103677042
-37.000000000000 -40.000000000000 0.000105219635
-37.000000000000 -39.000000000000 0.000107177570
-37.000000000000 -38.000000000000 0.000109544768
-37.000000000000 -37.000000000000 0.000112315164
-37.000000000000 -36.000000000000 0.000115482753
-37.000000000000 -35.000000000000 0.000119041051
-37.000000000000 -34.000000000000 0.000122982563
-37.000000000000 -33.000000000000 0.000127298388
-37.000000000000 -32.000000000000 0.000131977959
-37.000000000000 -31.000000000000 0.000137008857
-37.000000000000 -30.000000000000 0.000142376687
-37.000000000000 -29.000000000000 0.000148064972
-37.000000000000 -28.000000000000 0.000154055077
-37.000000000000 -27.000000000000 0.000160326144
-37.000000000000 -26.000000000000 0.000166855037
-37.000000000000 -25.000000000000 0.000173616315
-37.000000000000 -24.000000000000 0.000180582209
-37.000000000000 -23.000000000000 0.000187722633
-37.000000000000 -22.000000000000 0.000195005214
-37.000000000000 -21.000000000000 0.000202395351
-37.000000000000 -20.000000000000 0.000209856313
-37.000000000000 -19.000000000000 0.000217349362
-37.000000000000 -18.000000000000 0.000224833925
-37.000000000000 -17.000000000000 0.000232267804
-37.000000000000 -16.000000000000 0.000239607426
-37.000000000000 -15.000000000000 0.000246808141
-37.000000000000 -14.000000000000 0.000253824561
-37.000000000000 -13.000000000000 0.000260610941
-37.000000000000 -12.000000000000 0.000267121600
-37.000000000000 -11.000000000000 0.000273311376
-37.000000000000 -10.000000000000 0.000279136109
-37.000000000000 -9.000000000000 0.000284553143
-37.000000000000 -8.000000000000 0.000289521846
-37.000000000000 -7.000000000000 0.000294004125
-37.000000000000 -6.000000000000 0.000297964937
-37.000000000000 -5.000000000000 0.000301372773
-37.000000000000 -4.000000000000 0.000304200117
-37.000000000000 -3.000000000000 0.000306423851
-37.000000000000 -2.000000000000 0.000308025606
-37.000000000000 -1.000000000000 0.000308992051
-37.000000000000 0.000000000000 0.000309315103
-37.000000000000 1.000000000000 0.000308992051
-37.000000000000 2.000000000000 0.000308025606
-37.000000000000 3.000000000000 0.000306423851
-37.000000000000 4.000000000000 0.000304200117
-37.000000000000 5.000000000000 0.000301372773
-37.000000000000 6.000000000000 0.000297964937
-37.000000000000 7.000000000000 0.000294004125
-37.000000000000 8.000000000000 0.000289521846
-37.000000000000 9.000000000000 0.000284553143
-37.000000000000 10.000000000000 0.000279136109
-37.000000000000 11.000000000000 0.000273311376
-37.000000000000 12.000000000000 0.000267121600
-37.000000000000 13.000000000000 0.000260610941
-37.000000000000 14.000000000000 0.000253824561
-37.000000000000 15.000000000000 0.000246808141
-37.000000000000 16.000000000000 0.000239607426
-37.000000000000 17.000000000000 0.000232267804
-37.000000000000 18.000000000000 0.000224833925
-37.000000000000 19.000000000000 0.000217349362
-37.000000000000 20.000000000000 0.000209856313
-37.000000000000 21.000000000000 0.000202395351
-37.000000000000 22.000000000000 0.000195005214
-37.000000000000 23.000000000000 0.000187722633
-37.000000000000 24.000000000000 0.000180582209
-37.000000000000 25.000000000000 0.000173616315
-37.000000000000 26.000000000000 0.000166855037
-37.000000000000 27.000000000000 0.000160326144
-37.000000000000 28.000000000000 0.000154055077
-37.000000000000 29.000000000000 0.000148064972
-37.000000000000 30.000000000000 0.000142376687
-37.000000000000 31.000000000000 0.000137008857
-37.000000000000 32.000000000000 0.000131977959
-37.000000000000 33.000000000000 0.000127298388
-37.000000000000 34.000000000000 0.000122982563
-37.000000000000 35.000000000000 0.000119041051
-37.000000000000 36.000000000000 0.000115482753
-37.000000000000 37.000000000000 0.000112315164
-37.000000000000 38.000000000000 0.000109544768
-37.000000000000 39.000000000000 0.000107177570
-37.000000000000 40.000000000000 0.000105219635
-37.000000000000 41.000000000000 0.000103677042
-37.000000000000 42.000000000000 0.000101441919
-37.000000000000 43.000000000000 0.000027181381
-37.000000000000 44.000000000000 0.000006367095
-37.000000000000 45.000000000000 0.000001323792
-37.000000000000 46.000000000000 0.000000263045
-37.000000000000 47.000000000000 0.000000028039
-37.000000000000 48.000000000000 0.000000000112
-37.000000000000 49.000000000000 0.000000000000
-37.000000000000 50.000000000000 0.000000000000
-37.000000000000 51.000000000000 0.000000000000

-36.000000000000 -51.000000000000 0.000000000000
-36.000000000000 -50.000000000000 0.000000000000
-36.000000000000 -49.000000000000 0.000000000000
-36.000000000000 -48.000000000000 0.000000000121
-36.000000000000 -47.000000000000 0.000000029960
-36.000000000000 -46.000000000000 0.000000278756
-36.000000000000 -45.000000000000 0.000001392289
-36.000000000000 -44.000000000000 0.000006647326
-36.000000000000 -43.000000000000 0.000028168663
-36.000000000000 -42.000000000000 0.000104360141
-36.000000000000 -41.000000000000 0.000106636137
-36.000000000000 -40.000000000000 0.000108209300
-36.000000000000 -39.000000000000 0.000110210677
-36.000000000000 -38.000000000000 0.000112636729
-36.000000000000 -37.000000000000 0.000115482753
-36.000000000000 -36.000000000000 0.000118743214
-36.000000000000 -35.000000000000 0.000122411629
-36.000000000000 -34.000000000000 0.000126480311
-36.000000000000 -33.000000000000 0.000130940113
-36.000000000000 -32.000000000000 0.000135780208
-36.000000000000 -31.000000000000 0.000140987918
-36.000000000000 -30.000000000000 0.000146548572
-36.000000000000 -29.000000000000 0.000152445385
-36.000000000000 -28.000000000000 0.000158659362
-36.000000000000 -27.000000000000 0.000165169216
-36.000000000000 -26.000000000000 0.000171951294
-36.000000000000 -25.000000000000 0.000178979529
-36.000000000000 -24.000000000000 0.000186225409
-36.000000000000 -23.000000000000 0.000193657967
-36.000000000000 -22.000000000000 0.000201243797
-36.000000000000 -21.000000000000 0.000208947102
-36.000000000000 -20.000000000000 0.000216729780
-36.000000000000 -19.000000000000 0.000224551543
-36.000000000000 -18.000000000000 0.000232370080
-36.000000000000 -17.000000000000 0.000240141267
-36.000000000000 -16.000000000000 0.000247819422
-36.000000000000 -15.000000000000 0.000255357609
-36.000000000000 -14.000000000000 0.000262707994
-36.000000000000 -13.000000000000 0.000269822244
-36.000000000000 -12.000000000000 0.000276651972
-36.000000000000 -11.000000000000 0.000283149229
-36.000000000000 -10.000000000000 0.000289267020
-36.000000000000 -9.000000000000 0.000294959853
-36.000000000000 -8.000000000000 0.000300184306
-36.000000000000 -7.000000000000 0.000304899592
-36.000000000000 -6.000000000000 0.000309068125
-36.000000000000 -5.000000000000 0.000312656059
-36.000000000000 -4.000000000000 0.000315633794
-36.000000000000 -3.000000000000 0.000317976431
-36.000000000000 -2.000000000000 0.000319664173
-36.000000000000 -1.000000000000 0.000320682638
-36.000000000000 0.000000000000 0.000321023101
-36.000000000000 1.000000000000 0.000320682638
-36.000000000000 2.000000000000 0.000319664173
-36.000000000000 3.000000000000 0.000317976431
-36.000000000000 4.000000000000 0.000315633794
-36.000000000000 5.000000000000 0.000312656059
-36.000000000000 6.000000000000 0.000309068125
-36.000000000000 7.000000000000 0.000304899592
-36.000000000000 8.000000000000 0.000300184306
-36.000000000000 9.000000000000 0.000294959853
-36.000000000000 10.000000000000 0.000289267020
-36.000000000000 11.000000000000 0.000283149229
-36.000000000000 12.000000000000 0.000276651972
-36.000000000000 13.000000000000 0.000269822244
-36.000000000000 14.000000000000 0.000262707994
-36.000000000000 15.000000000000 0.000255357609
-36.000000000000 16.000000000000 0.000247819422
-36.000000000000 17.000000000000 0.000240141267
-36.000000000000 18.000000000000 0.000232370080
-36.000000000000 19.000000000000 0.000224551543
-36.000000000000 20.000000000000 0.000216729780
-36.000000000000 21.000000000000 0.000208947102
-36.000000000000 22.000000000000 0.000201243797
-36.000000000000 23.000000000000 0.000193657967
-36.000000000000 24.000000000000 0.000186225409
-36.000000000000 25.000000000000 0.000178979529
-36.000000000000 26.000000000000 0.000171951294
-36.000000000000 27.000000000000 0.000165169216
-36.000000000000 28.000000000000 0.000158659362
-36.000000000000 29.000000000000 0.000152445385
-36.000000000000 30.000000000000 0.000146548572
-36.000000000000 31.000000000000 0.000140987918
-36.000000000000 32.000000000000 0.000135780208
-36.000000000000 33.000000000000 0.000130940113
-36.000000000000 34.000000000000 0.000126480311
-36.000000000000 35.000000000000 0.000122411629
-36.000000000000 36.000000000000 0.000118743214
-36.000000000000 37.000000000000 0.000115482753
-36.000000000000 38.000000000000 0.000112636729
-36.000000000000 39.000000000000 0.000110210677
-36.000000000000 40.000000000000 0.000108209300
-36.000000000000 41.000000000000 0.000106636137
-36.000000000000 42.000000000000 0.000104360141
-36.000000000000 43.000000000000 0.000028168663
-36.000000000000 44.000000000000 0.000006647326
-36.000000000000 45.000000000000 0.000001392289
-36.000000000000 46.000000000000 0.000000278756
-36.000000000000 47.000000000000 0.000000029960
-36.000000000000 48.000000000000 0.000000000121
-36.000000000000 49.000000000000 0.000000000000
-36.000000000000 50.000000000000 0.000000000000
-36.000000000000 51.000000000000 0.000000000000

-35.000000000000 -51.000000000000 0.000000000000
-35.000000000000 -50.000000000000 0.000000000000
-35.000000000000 -49.000000000000 0.000000000000
-35.000000000000 -48.000000000000 0.000000000131
-35.000000000000 -47.000000000000 0.000000032155
-35.000000000000 -46.000000000000 0.000000296570
-35.000000000000 -45.000000000000 0.000001469711
-35.000000000000 -44.000000000000 0.000006963055
-35.000000000000 -43.000000000000 0.000029276768
-35.000000000000 -42.000000000000 0.000107618526
-35.000000000000 -41.000000000000 0.000109939566
-35.000000000000 -40.000000000000 0.000111550553
-35.000000000000 -39.000000000000 0.000113606159
-35.000000000000 -38.000000000000 0.000116104228
-35.000000000000 -37.000000000000 0.000119041051
-35.000000000000 -36.000000000000 0.000122411629
-35.000000000000 -35.000000000000 0.000126209689
-35.000000000000 -34.000000000000 0.000130427561
-35.000000000000 -33.000000000000 0.000135056013
-35.000000000000 -32.000000000000 0.000140084080
-35.000000000000 -31.000000000000 0.000145498902
-35.000000000000 -30.000000000000 0.000151285580
-35.000000000000 -29.000000000000 0.000157427051
-35.000000000000 -28.000000000000 0.000163903967
-35.000000000000 -27.000000000000 0.000170694597
-35.000000000000 -26.000000000000 0.000177774736
-35.000000000000 -25.000000000000 0.000185117641
-35.000000000000 -24.000000000000 0.000192693970
-35.000000000000 -23.000000000000 0.000200471763
-35.000000000000 -22.000000000000 0.000208416437
-35.000000000000 -21.000000000000 0.000216490821
-35.000000000000 -20.000000000000 0.000224655222
-35.000000000000 -19.000000000000 0.000232867539
-35.000000000000 -18.000000000000 0.000241083416
-35.000000000000 -17.000000000000 0.000249256451
-35.000000000000 -16.000000000000 0.000257338451
-35.000000000000 -15.000000000000 0.000265279748
-35.000000000000 -14.000000000000 0.000273029568
-35.000000000000 -13.000000000000 0.000280536453
-35.000000000000 -12.000000000000 0.000287748741
-35.000000000000 -11.000000000000 0.000294615091
-35.000000000000 -10.000000000000 0.000301085051
-35.000000000000 -9.000000000000 0.000307109657
-35.000000000000 -8.000000000000 0.000312642061
-35.000000000000 -7.000000000000 0.000317638160
-35.000000000000 -6.000000000000 0.000322057230
-35.000000000000 -5.000000000000 0.000325862533
-35.000000000000 -4.000000000000 0.000329021888
-35.000000000000 -3.000000000000 0.000331508190
-35.000000000000 -2.000000000000 0.000333299861
-35.000000000000 -1.000000000000 0.000334381216
-35.000000000000 0.000000000000 0.000334742732
-35.000000000000 1.000000000000 0.000334381216
-35.000000000000 2.000000000000 0.000333299861
-35.000000000000 3.000000000000 0.000331508190
-35.000000000000 4.000000000000 0.000329021888
-35.000000000000 5.000000000000 0.000325862533
-35.000000000000 6.000000000000 0.000322057230
-35.000000000000 7.000000000000 0.000317638160
-35.000000000000 8.000000000000 0.000312642061
-35.000000000000 9.000000000000 0.000307109657
-35.000000000000 10.000000000000 0.000301085051
-35.000000000000 11.000000000000 0.000294615091
-35.000000000000 12.000000000000 0.000287748741
-35.000000000000 13.000000000000 0.000280536453
-35.000000000000 14.000000000000 0.000273029568
-35.000000000000 15.000000000000 0.000265279748
-35.000000000000 16.000000000000 0.000257338451
-35.000000000000 17.000000000000 0.000249256451
-35.000000000000 18.000000000000 0.000241083416
-35.000000000000 19.000000000000 0.000232867539
-35.000000000000 20.000000000000 0.000224655222
-35.000000000000 21.000000000000 0.000216490821
-35.000000000000 22.000000000000 0.000208416437
-35.000000000000 23.000000000000 0.000200471763
-35.000000000000 24.000000000000 0.000192693970
-35.000000000000 25.000000000000 0.000185117641
-35.000000000000 26.000000000000 0.000177774736
-35.000000000000 27.000000000000 0.000170694597
-35.000000000000 28.000000000000 0.000163903967
-35.000000000000 29.000000000000 0.000157427051
-35.000000000000 30.000000000000 0.000151285580
-35.000000000000 31.000000000000 0.000145498902
-35.000000000000 32.000000000000 0.000140084080
-35.000000000000 33.000000000000 0.000135056013
-35.000000000000 34.000000000000 0.000130427561
-35.000000000000 35.000000000000 0.000126209689
-35.000000000000 36.000000000000 0.000122411629
-35.000000000000 37.000000000000 0.000119041051
-35.000000000000 38.000000000000 0.000116104228
-35.000000000000 39.000000000000 0.000113606159
-35.000000000000 40.000000000000 0.000111550553
-35.000000000000 41.000000000000 0.000109939566
-35.000000000000 42.000000000000 0.000107618526
-35.000000000000 43.000000000000 0.000029276768
-35.000000000000 44.000000000000 0.000006963055
-35.000000000000 45.000000000000 0.000001469711
-35.000000000000 46.000000000000 0.000000296570
-35.000000000000 47.000000000000 0.000000032155
-35.000000000000 48.000000000000 0.000000000131
-35.000000000000 49.000000000000 0.000000000000
-35.000000000000 50.000000000000 0.000000000000
-35.000000000000 51.000000000000 0.000000000000

-34.000000000000 -51.000000000000 0.000000000000
-34.000000000000 -50.000000000000 0.000000000000
-34.000000000000 -49.000000000000 0.000000000001
-34.000000000000 -48.000000000000 0.000000000142
-34.000000000000 -47.000000000000 0.000000034635
-34.000000000000 -46.000000000000 0.000000316594
-34.000000000000 -45.000000000000 0.000001556380
-34.000000000000 -44.000000000000 0.000007314985
-34.000000000000 -43.000000000000 0.000030506134
-34.000000000000 -42.000000000000 0.000111213830
-34.000000000000 -41.000000000000 0.000113583998
-34.000000000000 -40.000000000000 0.000115238835
-34.000000000000 -39.000000000000 0.000117358058
-34.000000000000 -38.000000000000 0.000119940306
-34.000000000000 -37.000000000000 0.000122982563
-34.000000000000 -36.000000000000 0.000126480311
-34.000000000000 -35.000000000000 0.000130427561
-34.000000000000 -34.000000000000 0.000134816776
-34.000000000000 -33.000000000000 0.000139638761
-34.000000000000 -32.000000000000 0.000144882508
-34.000000000000 -31.000000000000 0.000150535057
-34.000000000000 -30.000000000000 0.000156581345
-34.000000000000 -29.000000000000 0.000163004068
-34.000000000000 -28.000000000000 0.000169783550
-34.000000000000 -27.000000000000 0.000176897622
-34.000000000000 -26.000000000000 0.000184321515
-34.000000000000 -25.000000000000 0.000192027764
-34.000000000000 -24.000000000000 0.000199986138
-34.000000000000 -23.000000000000 0.000208163588
-34.000000000000 -22.000000000000 0.000216524225
-34.000000000000 -21.000000000000 0.000225029335
-34.000000000000 -20.000000000000 0.000233637427
-34.000000000000 -19.000000000000 0.000242304329
-34.000000000000 -18.000000000000 0.000250983337
-34.000000000000 -17.000000000000 0.000259625412
-34.000000000000 -16.000000000000 0.000268179441
-34.000000000000 -15.000000000000 0.000276592559
-34.000000000000 -14.000000000000 0.000284810534
-34.000000000000 -13.000000000000 0.000292778220
-34.000000000000 -12.000000000000 0.000300440067
-34.000000000000 -11.000000000000 0.000307740692
-34.000000000000 -10.000000000000 0.000314625508
-34.000000000000 -9.000000000000 0.000321041381
-34.000000000000 -8.000000000000 0.000326937338
-34.000000000000 -7.000000000000 0.000332265271
-34.000000000000 -6.000000000000 0.000336980654
-34.000000000000 -5.000000000000 0.000341043237
-34.000000000000 -4.000000000000 0.000344417697
-34.000000000000 -3.000000000000 0.000347074240
-34.000000000000 -2.000000000000 0.000348989117
-34.000000000000 -1.000000000000 0.000350145045
-34.000000000000 0.000000000000 0.000350531528
-34.000000000000 1.000000000000 0.000350145045
-34.000000000000 2.000000000000 0.000348989117
-34.000000000000 3.000000000000 0.000347074240
-34.000000000000 4.000000000000 0.000344417697
-34.000000000000 5.000000000000 0.000341043237
-34.000000000000 6.000000000000 0.000336980654
-34.000000000000 7.000000000000 0.000332265271
-34.000000000000 8.000000000000 0.000326937338
-34.000000000000 9.000000000000 0.000321041381
-34.000000000000 10.000000000000 0.000314625508
-34.000000000000 11.000000000000 0.000307740692
-34.000000000000 12.000000000000 0.000300440067
-34.000000000000 13.000000000000 0.000292778220
-34.000000000000 14.000000000000 0.000284810534
-34.000000000000 15.000000000000 0.000276592559
-34.000000000000 16.000000000000 0.000268179441
-34.000000000000 17.000000000000 0.000259625412
-34.000000000000 18.000000000000 0.000250983337
-34.000000000000 19.000000000000 0.000242304329
-34.000000000000 20.000000000000 0.000233637427
-34.000000000000 21.000000000000 0.000225029335
-34.000000000000 22.000000000000 0.000216524225
-34.000000000000 23.000000000000 0.000208163588
-34.000000000000 24.000000000000 0.000199986138
-34.000000000000 25.000000000000 0.000192027764
-34.000000000000 26.000000000000 0.000184321515
-34.000000000000 27.000000000000 0.000176897622
-34.000000000000 28.000000000000 0.000169783550
-34.000000000000 29.000000000000 0.000163004068
-34.000000000000 30.000000000000 0.000156581345
-34.000000000000 31.000000000000 0.000150535057
-34.000000000000 32.000000000000 0.000144882508
-34.000000000000 33.000000000000 0.000139638761
-34.000000000000 34.000000000000 0.000134816776
-34.000000000000 35.000000000000 0.000130427561
-34.000000000000 36.000000000000 0.000126480311
-34.000000000000 37.000000000000 0.000122982563
-34.000000000000 38.000000000000 0.000119940306
-34.000000000000 39.000000000000 0.000117358058
-34.000000000000 40.000000000000 0.000115238835
-34.000000000000 41.000000000000 0.000113583998
-34.000000000000 42.000000000000 0.000111213830
-34.000000000000 43.000000000000 0.000030506134
-34.000000000000 44.000000000000 0.000007314985
-34.000000000000 45.000000000000 0.000001556380
-34.000000000000 46.000000000000 0.000000316594
-34.000000000000 47.000000000000 0.000000034635
-34.000000000000 48.000000000000 0.000000000142
-34.000000000000 49.000000000000 0.000000000001
-34.000000000000 50.000000000000 0.000000000000
-34.000000000000 51.000000000000 0.000000000000

-33.000000000000 -51.000000000000 0.000000000000
-33.000000000000 -50.000000000000 0.000000000000
-33.000000000000 -49.000000000000 0.000000000001
-33.000000000000 -48.000000000000 0.000000000155
-33.000000000000 -47.000000000000 0.000000037407
-33.000000000000 -46.000000000000 0.000000338868
-33.000000000000 -45.000000000000 0.000001652367
-33.000000000000 -44.000000000000 0.000007703063
-33.000000000000 -43.000000000000 0.000031855495
-33.000000000000 -42.000000000000 0.000115139827
-33.000000000000 -41.000000000000 0.000117563088
-33.000000000000 -40.000000000000 0.000119267189
-33.000000000000 -39.000000000000 0.000121458619
-33.000000000000 -38.000000000000 0.000124136523
-33.000000000000 -37.000000000000 0.000127298388
-33.000000000000 -36.000000000000 0.000130940113
-33.000000000000 -35.000000000000 0.000135056013
-33.000000000000 -34.000000000000 0.000139638761
-33.000000000000 -33.000000000000 0.000144679280
-33.000000000000 -32.000000000000 0.000150166614
-33.000000000000 -31.000000000000 0.000156087782
-33.000000000000 -30.000000000000 0.000162427623
-33.000000000000 -29.000000000000 0.000169168652
-33.000000000000 -28.000000000000 0.000176290906
-33.000000000000 -27.000000000000 0.000183771804
-33.000000000000 -26.000000000000 0.000191586013
-33.000000000000 -25.000000000000 0.000199705336
-33.000000000000 -24.000000000000 0.000208098605
-33.000000000000 -23.000000000000 0.000216731609
-33.000000000000 -22.000000000000 0.000225567043
-33.000000000000 -21.000000000000 0.000234564499
-33.000000000000 -20.000000000000 0.000243680490
-33.000000000000 -19.000000000000 0.000252868531
-33.000000000000 -18.000000000000 0.000262079265
-33.000000000000 -17.000000000000 0.000271260659
-33.000000000000 -16.000000000000 0.000280358261
-33.000000000000 -15.000000000000 0.000289315526
-33.000000000000 -14.000000000000 0.000298074223
-33.000000000000 -13.000000000000 0.000306574911
-33.000000000000 -12.000000000000 0.000314757494
-33.000000000000 -11.000000000000 0.000322561844
-33.000000000000 -10.000000000000 0.000329928490
-33.000000000000 -9.000000000000 0.000336799365
-33.000000000000 -8.000000000000 0.000343118586
-33.000000000000 -7.000000000000 0.000348833267
-33.000000000000 -6.000000000000 0.000353894331
-33.000000000000 -5.000000000000 0.000358257312
-33.000000000000 -4.000000000000 0.000361883111
-33.000000000000 -3.000000000000 0.000364738688
-33.000000000000 -2.000000000000 0.000366797672
-33.000000000000 -1.000000000000 0.000368040852
-33.000000000000 0.000000000000 0.000368456551
-33.000000000000 1.000000000000 0.000368040852
-33.000000000000 2.000000000000 0.000366797672
-33.000000000000 3.000000000000 0.000364738688
-33.000000000000 4.000000000000 0.000361883111
-33.000000000000 5.000000000000 0.000358257312
-33.000000000000 6.000000000000 0.000353894331
-33.000000000000 7.000000000000 0.000348833267
-33.000000000000 8.000000000000 0.000343118586
-33.000000000000 9.000000000000 0.000336799365
-33.000000000000 10.000000000000 0.000329928490
-33.000000000000 11.000000000000 0.000322561844
-33.000000000000 12.000000000000 0.000314757494
-33.000000000000 13.000000000000 0.000306574911
-33.000000000000 14.000000000000 0.000298074223
-33.000000000000 15.000000000000 0.000289315526
-33.000000000000 16.000000000000 0.000280358261
-33.000000000000 17.000000000000 0.000271260659
-33.000000000000 18.000000000000 0.000262079265
-33.000000000000 19.000000000000 0.000252868531
-33.000000000000 20.000000000000 0.000243680490
-33.000000000000 21.000000000000 0.000234564499
-33.000000000000 22.000000000000 0.000225567043
-33.000000000000 23.000000000000 0.000216731609
-33.000000000000 24.000000000000 0.000208098605
-33.000000000000 25.000000000000 0.000199705336
-33.000000000000 26.000000000000 0.000191586013
-33.000000000000 27.000000000000 0.000183771804
-33.000000000000 28.000000000000 0.000176290906
-33.000000000000 29.000000000000 0.000169168652
-33.000000000000 30.000000000000 0.000162427623
-33.000000000000 31.000000000000 0.000156087782
-33.000000000000 32.000000000000 0.000150166614
-33.000000000000 33.000000000000 0.000144679280
-33.000000000000 34.000000000000 0.000139638761
-33.000000000000 35.000000000000 0.000135056013
-33.000000000000 36.000000000000 0.000130940113
-33.000000000000 37.000000000000 0.000127298388
-33.000000000000 38.000000000000 0.000124136523
-33.000000000000 39.000000000000 0.000121458619
-33.000000000000 40.000000000000 0.000119267189
-33.000000000000 41.000000000000 0.000117563088
-33.000000000000 42.000000000000 0.000115139827
-33.000000000000 43.000000000000 0.000031855495
-33.000000000000 44.000000000000 0.000007703063
-33.000000000000 45.000000000000 0.000001652367
-33.000000000000 46.000000000000 0.000000338868
-33.000000000000 47.000000000000 0.000000037407
-33.000000000000 48.000000000000 0.000000000155
-33.000000000000 49.000000000000 0.000000000001
-33.000000000000 50.000000000000 0.000000000000
-33.000000000000 51.000000000000 0.000000000000

-32.000000000000 -51.000000000000 0.000000000000
-32.000000000000 -50.000000000000 0.000000000000
-32.000000000000 -49.000000000000 0.000000000001
-32.000000000000 -48.000000000000 0.000000000169
-32.000000000000 -47.000000000000 0.000000040477
-32.000000000000 -46.000000000000 0.000000363409
-32.000000000000 -45.000000000000 0.000001757668
-32.000000000000 -44.000000000000 0.000008126952
-32.000000000000 -43.000000000000 0.000033322690
-32.000000000000 -42.000000000000 0.000119387826
-32.000000000000 -41.000000000000 0.000121867987
-32.000000000000 -40.000000000000 0.000123626407
-32.000000000000 -39.000000000000 0.000125898139
-32.000000000000 -38.000000000000 0.000128682694
-32.000000000000 -37.000000000000 0.000131977959
-32.000000000000 -36.000000000000 0.000135780208
-32.000000000000 -35.000000000000 0.000140084080
-32.000000000000 -34.000000000000 0.000144882508
-32.000000000000 -33.000000000000 0.000150166614
-32.000000000000 -32.000000000000 0.000155925575
-32.000000000000 -31.000000000000 0.000162146474
-32.000000000000 -30.000000000000 0.000168814136
-32.000000000000 -29.000000000000 0.000175910964
-32.000000000000 -28.000000000000 0.000183416769
-32.000000000000 -27.000000000000 0.000191308606
-32.000000000000 -26.000000000000 0.000199560610
-32.000000000000 -25.000000000000 0.000208143856
-32.000000000000 -24.000000000000 0.000217026223
-32.000000000000 -23.000000000000 0.000226172287
-32.000000000000 -22.000000000000 0.000235543241
-32.000000000000 -21.000000000000 0.000245096855
-32.000000000000 -20.000000000000 0.000254787468
-32.000000000000 -19.000000000000 0.000264566047
-32.000000000000 -18.000000000000 0.000274380293
-32.000000000000 -17.000000000000 0.000284174819
-32.000000000000 -16.000000000000 0.000293891404
-32.000000000000 -15.000000000000 0.000303469325
-32.000000000000 -14.000000000000 0.000312845777
-32.000000000000 -13.000000000000 0.000321956381
-32.000000000000 -12.000000000000 0.000330735783
-32.000000000000 -11.000000000000 0.000339118337
-32.000000000000 -10.000000000000 0.000347038869
-32.000000000000 -9.000000000000 0.000354433514
-32.000000000000 -8.000000000000 0.000361240607
-32.000000000000 -7.000000000000 0.000367401603
-32.000000000000 -6.000000000000 0.000372862025
-32.000000000000 -5.000000000000 0.000377572382
-32.000000000000 -4.000000000000 0.000381489061
-32.000000000000 -3.000000000000 0.000384575138
-32.000000000000 -2.000000000000 0.000386801096
-32.000000000000 -1.000000000000 0.000388145408
-32.000000000000 0.000000000000 0.000388594977
-32.000000000000 1.000000000000 0.000388145408
-32.000000000000 2.000000000000 0.000386801096
-32.000000000000 3.000000000000 0.000384575138
-32.000000000000 4.000000000000 0.000381489061
-32.000000000000 5.000000000000 0.000377572382
-32.000000000000 6.000000000000 0.000372862025
-32.000000000000 7.000000000000 0.000367401603
-32.000000000000 8.000000000000 0.000361240607
-32.000000000000 9.000000000000 0.000354433514
-32.000000000000 10.000000000000 0.000347038869
-32.000000000000 11.000000000000 0.000339118337
-32.000000000000 12.000000000000 0.000330735783
-32.000000000000 13.000000000000 0.000321956381
-32.000000000000 14.000000000000 0.000312845777
-32.000000000000 15.000000000000 0.000303469325
-32.000000000000 16.000000000000 0.000293891404
-32.000000000000 17.000000000000 0.000284174819
-32.000000000000 18.000000000000 0.000274380293
-32.000000000000 19.000000000000 0.000264566047
-32.000000000000 20.000000000000 0.000254787468
-32.000000000000 21.000000000000 0.000245096855
-32.000000000000 22.000000000000 0.000235543241
-32.000000000000 23.000000000000 0.000226172287
-32.000000000000 24.000000000000 0.000217026223
-32.000000000000 25.000000000000 0.000208143856
-32.000000000000 26.000000000000 0.000199560610
-32.000000000000 27.000000000000 0.000191308606
-32.000000000000 28.000000000000 0.000183416769
-32.000000000000 29.000000000000 0.000175910964
-32.000000000000 30.000000000000 0.000168814136
-32.000000000000 31.000000000000 0.000162146474
-32.000000000000 32.000000000000 0.000155925575
-32.000000000000 33.000000000000 0.000150166614
-32.000000000000 34.000000000000 0.000144882508
-32.000000000000 35.000000000000 0.000140084080
-32.000000000000 36.000000000000 0.000135780208
-32.000000000000 37.000000000000 0.000131977959
-32.000000000000 38.000000000000 0.000128682694
-32.000000000000 39.000000000000 0.000125898139
-32.000000000000 40.000000000000 0.000123626407
-32.000000000000 41.000000000000 0.000121867987
-32.000000000000 42.000000000000 0.000119387826
-32.000000000000 43.000000000000 0.000033322690
-32.000000000000 44.000000000000 0.000008126952
-32.000000000000 45.000000000000 0.000001757668
-32.000000000000 46.000000000000 0.000000363409
-32.000000000000 47.000000000000 0.000000040477
-32.000000000000 48.000000000000 0.000000000169
-32.000000000000 49.000000000000 0.000000000001
-32.000000000000 50.000000000000 0.000000000000
-32.000000000000 51.000000000000 0.000000000000

-31.000000000000 -51.000000000000 0.000000000000
-31.000000000000 -50.000000000000 0.000000000000
-31.000000000000 -49.000000000000 0.000000000001
-31.000000000000 -48.000000000000 0.000000000185
-31.000000000000 -47.000000000000 0.000000043849
-31.000000000000 -46.000000000000 0.000000390226
-31.000000000000 -45.000000000000 0.000001872227
-31.000000000000 -44.000000000000 0.000008586102
-31.000000000000 -43.000000000000 0.000034904797
-31.000000000000 -42.000000000000 0.000123946900
-31.000000000000 -41.000000000000 0.000126487583
-31.000000000000 -40.000000000000 0.000128305123
-31.000000000000 -39.000000000000 0.000130664900
-31.000000000000 -38.000000000000 0.000133566731
-31.000000000000 -37.000000000000 0.000137008857
-31.000000000000 -36.000000000000 0.000140987918
-31.000000000000 -35.000000000000 0.000145498902
-31.000000000000 -34.000000000000 0.000150535057
-31.000000000000 -33.000000000000 0.000156087782
-31.000000000000 -32.000000000000 0.000162146474
-31.000000000000 -31.000000000000 0.000168698375
-31.000000000000 -30.000000000000 0.000175728392
-31.000000000000 -29.000000000000 0.000183218907
-31.000000000000 -28.000000000000 0.000191149590
-31.000000000000 -27.000000000000 0.000199497201
-31.000000000000 -26.000000000000 0.000208235404
-31.000000000000 -25.000000000000 0.000217334582
-31.000000000000 -24.000000000000 0.000226761673
-31.000000000000 -23.000000000000 0.000236480022
-31.000000000000 -22.000000000000 0.000246449263
-31.000000000000 -21.000000000000 0.000256625240
-31.000000000000 -20.000000000000 0.000266959967
-31.000000000000 -19.000000000000 0.000277401649
-31.000000000000 -18.000000000000 0.000287894762
-31.000000000000 -17.000000000000 0.000298380214
-31.000000000000 -16.000000000000 0.000308795581
-31.000000000000 -15.000000000000 0.000319075443
-31.000000000000 -14.000000000000 0.000329151818
-31.000000000000 -13.000000000000 0.000338954700
-31.000000000000 -12.000000000000 0.000348412702
-31.000000000000 -11.000000000000 0.000357453810
-31.000000000000 -10.000000000000 0.000366006234
-31.000000000000 -9.000000000000 0.000373999348
-31.000000000000 -8.000000000000 0.000381364708
-31.000000000000 -7.000000000000 0.000388037110
-31.000000000000 -6.000000000000 0.000393955691
-31.000000000000 -5.000000000000 0.000399065002
-31.000000000000 -4.000000000000 0.000403316061
-31.000000000000 -3.000000000000 0.000406667310
-31.000000000000 -2.000000000000 0.000409085468
-31.000000000000 -1.000000000000 0.000410546235
-31.000000000000 0.000000000000 0.000411034813
-31.000000000000 1.000000000000 0.000410546235
-31.000000000000 2.000000000000 0.000409085468
-31.000000000000 3.000000000000 0.000406667310
-31.000000000000 4.000000000000 0.000403316061
-31.000000000000 5.000000000000 0.000399065002
-31.000000000000 6.000000000000 0.000393955691
-31.000000000000 7.000000000000 0.000388037110
-31.000000000000 8.000000000000 0.000381364708
-31.000000000000 9.000000000000 0.000373999348
-31.000000000000 10.000000000000 0.000366006234
-31.000000000000 11.000000000000 0.000357453810
-31.000000000000 12.000000000000 0.000348412702
-31.000000000000 13.000000000000 0.000338954700
-31.000000000000 14.000000000000 0.000329151818
-31.000000000000 15.000000000000 0.000319075443
-31.000000000000 16.000000000000 0.000308795581
-31.000000000000 17.000000000000 0.000298380214
-31.000000000000 18.000000000000 0.000287894762
-31.000000000000 19.000000000000 0.000277401649
-31.000000000000 20.000000000000 0.000266959967
-31.000000000000 21.000000000000 0.000256625240
-31.000000000000 22.000000000000 0.000246449263
-31.000000000000 23.000000000000 0.000236480022
-31.000000000000 24.000000000000 0.000226761673
-31.000000000000 25.000000000000 0.000217334582
-31.000000000000 26.000000000000 0.000208235404
-31.000000000000 27.000000000000 0.000199497201
-31.000000000000 28.000000000000 0.000191149590
-31.000000000000 29.000000000000 0.000183218907
-31.000000000000 30.000000000000 0.000175728392
-31.000000000000 31.000000000000 0.000168698375
-31.000000000000 32.000000000000 0.000162146474
-31.000000000000 33.000000000000 0.000156087782
-31.000000000000 34.000000000000 0.000150535057
-31.000000000000 35.000000000000 0.000145498902
-31.000000000000 36.000000000000 0.000140987918
-31.000000000000 37.000000000000 0.000137008857
-31.000000000000 38.000000000000 0.000133566731
-31.000000000000 39.000000000000 0.000130664900
-31.000000000000 40.000000000000 0.000128305123
-31.000000000000 41.000000000000 0.000126487583
-31.000000000000 42.000000000000 0.000123946900
-31.000000000000 43.000000000000 0.000034904797
-31.000000000000 44.000000000000 0.000008586102
-31.000000000000 45.000000000000 0.000001872227
-31.000000000000 46.000000000000 0.000000390226
-31.000000000000 47.000000000000 0.000000043849
-31.000000000000 48.000000000000 0.000000000185
-31.000000000000 49.000000000000 0.000000000001
-31.000000000000 50.000000000000 0.000000000000
-31.000000000000 51.000000000000 0.000000000000

-30.000000000000 -51.000000000000 0.000000000000
-30.000000000000 -50.000000000000 0.000000000000
-30.000000000000 -49.000000000000 0.000000000001
-30.000000000000 -48.000000000000 0.000000000202
-30.000000000000 -47.000000000000 0.000000047526
-30.000000000000 -46.000000000000 0.000000419316
-30.000000000000 -45.000000000000 0.000001995936
-30.000000000000 -44.000000000000 0.000009079747
-30.000000000000 -43.000000000000 0.000036598155
-30.000000000000 -42.000000000000 0.000128803993
-30.000000000000 -41.000000000000 0.000131408603
-30.000000000000 -40.000000000000 0.000133289853
-30.000000000000 -39.000000000000 0.000135745132
-30.000000000000 -38.000000000000 0.000138774547
-30.000000000000 -37.000000000000 0.000142376687
-30.000000000000 -36.000000000000 0.000146548572
-30.000000000000 -35.000000000000 0.000151285580
-30.000000000000 -34.000000000000 0.000156581345
-30.000000000000 -33.000000000000 0.000162427623
-30.000000000000 -32.000000000000 0.000168814136
-30.000000000000 -31.000000000000 0.000175728392
-30.000000000000 -30.000000000000 0.000183155491
-30.000000000000 -29.000000000000 0.000191077910
-30.000000000000 -28.000000000000 0.000199475288
-30.000000000000 -27.000000000000 0.000208324194
-30.000000000000 -26.000000000000 0.000217597908
-30.000000000000 -25.000000000000 0.000227266195
-30.000000000000 -24.000000000000 0.000237295101
-30.000000000000 -23.000000000000 0.000247646756
-30.000000000000 -22.000000000000 0.000258279216
-30.000000000000 -21.000000000000 0.000269146332
-30.000000000000 -20.000000000000 0.000280197669
-30.000000000000 -19.000000000000 0.000291378483
-30.000000000000 -18.000000000000 0.000302629768
-30.000000000000 -17.000000000000 0.000313888376
-30.000000000000 -16.000000000000 0.000325087250
-30.000000000000 -15.000000000000 0.000336155740
-30.000000000000 -14.000000000000 0.000347020051
-30.000000000000 -13.000000000000 0.000357603809
-30.000000000000 -12.000000000000 0.000367828755
-30.000000000000 -11.000000000000 0.000377615570
-30.000000000000 -10.000000000000 0.000386884825
-30.000000000000 -9.000000000000 0.000395558046
-30.000000000000 -8.000000000000 0.000403558871
-30.000000000000 -7.000000000000 0.000410814286
-30.000000000000 -6.000000000000 0.000417255899
-30.000000000000 -5.000000000000 0.000422821212
-30.000000000000 -4.000000000000 0.000427454865
-30.000000000000 -3.000000000000 0.000431109779
-30.000000000000 -2.000000000000 0.000433748183
-30.000000000000 -1.000000000000 0.000435342457
-30.000000000000 0.000000000000 0.000435875767
-30.000000000000 1.000000000000 0.000435342457
-30.000000000000 2.000000000000 0.000433748183
-30.000000000000 3.000000000000 0.000431109779
-30.000000000000 4.000000000000 0.000427454865
-30.000000000000 5.000000000000 0.000422821212
-30.000000000000 6.000000000000 0.000417255899
-30.000000000000 7.000000000000 0.000410814286
-30.000000000000 8.000000000000 0.000403558871
-30.000000000000 9.000000000000 0.000395558046
-30.000000000000 10.000000000000 0.000386884825
-30.000000000000 11.000000000000 0.000377615570
-30.000000000000 12.000000000000 0.000367828755
-30.000000000000 13.000000000000 0.000357603809
-30.000000000000 14.000000000000 0.000347020051
-30.000000000000 15.000000000000 0.000336155740
-30.000000000000 16.000000000000 0.000325087250
-30.000000000000 17.000000000000 0.000313888376
-30.000000000000 18.000000000000 0.000302629768
-30.000000000000 19.000000000000 0.000291378483
-30.000000000000 20.000000000000 0.000280197669
-30.000000000000 21.000000000000 0.000269146332
-30.000000000000 22.000000000000 0.000258279216
-30.000000000000 23.000000000000 0.000247646756
-30.000000000000 24.000000000000 0.000237295101
-30.000000000000 25.000000000000 0.000227266195
-30.000000000000 26.000000000000 0.000217597908
-30.000000000000 27.000000000000 0.000208324194
-30.000000000000 28.000000000000 0.000199475288
-30.000000000000 29.000000000000 0.000191077910
-30.000000000000 30.000000000000 0.000183155491
-30.000000000000 31.000000000000 0.000175728392
-30.000000000000 32.000000000000 0.000168814136
-30.000000000000 33.000000000000 0.000162427623
-30.000000000000 34.000000000000 0.000156581345
-30.000000000000 35.000000000000 0.000151285580
-30.000000000000 36.000000000000 0.000146548572
-30.000000000000 37.000000000000 0.000142376687
-30.000000000000 38.000000000000 0.000138774547
-30.000000000000 39.000000000000 0.000135745132
-30.000000000000 40.000000000000 0.000133289853
-30.000000000000 41.000000000000 0.000131408603
-30.000000000000 42.000000000000 0.000128803993
-30.000000000000 43.000000000000 0.000036598155
-30.000000000000 44.000000000000 0.000009079747
-30.000000000000 45.000000000000 0.000001995936
-30.000000000000 46.000000000000 0.000000419316
-30.000000000000 47.000000000000 0.000000047526
-30.000000000000 48.000000000000 0.000000000202
-30.000000000000 49.000000000000 0.000000000001
-30.000000000000 50.000000000000 0.000000000000
-30.000000000000 51.000000000000 0.000000000000

-29.000000000000 -51.000000000000 0.000000000000
-29.000000000000 -50.000000000000 0.000000000000
-29.000000000000 -49.000000000000 0.000000000001
-29.000000000000 -48.000000000000 0.000000000220
-29.000000000000 -47.000000000000 0.000000051510
-29.000000000000 -46.000000000000 0.000000450660
-29.000000000000 -45.000000000000 0.000002128630
-29.000000000000 -44.000000000000 0.000009606900
-29.000000000000 -43.000000000000 0.000038398355
-29.000000000000 -42.000000000000 0.000133943960
-29.000000000000 -41.000000000000 0.000136615663
-29.000000000000 -40.000000000000 0.000138565010
-29.000000000000 -39.000000000000 0.000141122982
-29.000000000000 -38.000000000000 0.000144289984
-29.000000000000 -37.000000000000 0.000148064972
-29.000000000000 -36.000000000000 0.000152445385
-29.000000000000 -35.000000000000 0.000157427051
-29.000000000000 -34.000000000000 0.000163004068
-29.000000000000 -33.000000000000 0.000169168652
-29.000000000000 -32.000000000000 0.000175910964
-29.000000000000 -31.000000000000 0.000183218907
-29.000000000000 -30.000000000000 0.000191077910
-29.000000000000 -29.000000000000 0.000199470687
-29.000000000000 -28.000000000000 0.000208376982
-29.000000000000 -27.000000000000 0.000217773315
-29.000000000000 -26.000000000000 0.000227632707
-29.000000000000 -25.000000000000 0.000237924421
-29.000000000000 -24.000000000000 0.000248613697
-29.000000000000 -23.000000000000 0.000259661517
-29.000000000000 -22.000000000000 0.000271024380
-29.000000000000 -21.000000000000 0.000282654122
-29.000000000000 -20.000000000000 0.000294497778
-29.000000000000 -19.000000000000 0.000306497502
-29.000000000000 -18.000000000000 0.000318590570
-29.000000000000 -17.000000000000 0.000330709461
-29.000000000000 -16.000000000000 0.000342782046
-29.000000000000 -15.000000000000 0.000354731904
-29.000000000000 -14.000000000000 0.000366478765
-29.000000000000 -13.000000000000 0.000377939094
-29.000000000000 -12.000000000000 0.000389026846
-29.000000000000 -11.000000000000 0.000399654361
-29.000000000000 -10.000000000000 0.000409733424
-29.000000000000 -9.000000000000 0.000419176476
-29.000000000000 -8.000000000000 0.000427897935
-29.000000000000 -7.000000000000 0.000435815637
-29.000000000000 -6.000000000000 0.000442852329
-29.000000000000 -5.000000000000 0.000448937176
-29.000000000000 -4.000000000000 0.000454007243
-29.000000000000 -3.000000000000 0.000458008876
-29.000000000000 -2.000000000000 0.000460898940
-29.000000000000 -1.000000000000 0.000462645840
-29.000000000000 0.000000000000 0.000463230300
-29.000000000000 1.000000000000 0.000462645840
-29.000000000000 2.000000000000 0.000460898940
-29.000000000000 3.000000000000 0.000458008876
-29.000000000000 4.000000000000 0.000454007243
-29.000000000000 5.000000000000 0.000448937176
-29.000000000000 6.000000000000 0.000442852329
-29.000000000000 7.000000000000 0.000435815637
-29.000000000000 8.000000000000 0.000427897935
-29.000000000000 9.000000000000 0.000419176476
-29.000000000000 10.000000000000 0.000409733424
-29.000000000000 11.000000000000 0.000399654361
-29.000000000000 12.000000000000 0.000389026846
-29.000000000000 13.000000000000 0.000377939094
-29.000000000000 14.000000000000 0.000366478765
-29.000000000000 15.000000000000 0.000354731904
-29.000000000000 16.000000000000 0.000342782046
-29.000000000000 17.000000000000 0.000330709461
-29.000000000000 18.000000000000 0.000318590570
-29.000000000000 19.000000000000 0.000306497502
-29.000000000000 20.000000000000 0.000294497778
-29.000000000000 21.000000000000 0.000282654122
-29.000000000000 22.000000000000 0.000271024380
-29.000000000000 23.000000000000 0.000259661517
-29.000000000000 24.000000000000 0.000248613697
-29.000000000000 25.000000000000 0.000237924421
-29.000000000000 26.000000000000 0.000227632707
-29.000000000000 27.000000000000 0.000217773315
-29.000000000000 28.000000000000 0.000208376982
-29.000000000000 29.000000000000 0.000199470687
-29.000000000000 30.000000000000 0.000191077910
-29.000000000000 31.000000000000 0.000183218907
-29.000000000000 32.000000000000 0.000175910964
-29.000000000000 33.000000000000 0.000169168652
-29.000000000000 34.000000000000 0.000163004068
-29.000000000000 35.000000000000 0.000157427051
-29.000000000000 36.000000000000 0.000152445385
-29.000000000000 37.000000000000 0.000148064972
-29.000000000000 38.000000000000 0.000144289984
-29.000000000000 39.000000000000 0.000141122982
-29.000000000000 40.000000000000 0.000138565010
-29.000000000000 41.000000000000 0.000136615663
-29.000000000000 42.000000000000 0.000133943960
-29.000000000000 43.000000000000 0.000038398355
-29.000000000000 44.000000000000 0.000009606900
-29.000000000000 45.000000000000 0.000002128630
-29.000000000000 46.000000000000 0.000000450660
-29.000000000000 47.000000000000 0.000000051510
-29.000000000000 48.000000000000 0.000000000220
-29.000000000000 49.000000000000 0.000000000001
-29.000000000000 50.000000000000 0.000000000000
-29.000000000000 51.000000000000 0.000000000000

-28.000000000000 -51.000000000000 0.000000000000
-28.000000000000 -50.000000000000 0.000000000000
-28.000000000000 -49.000000000000 0.000000000001
-28.000000000000 -48.000000000000 0.000000000241
-28.000000000000 -47.000000000000 0.000000055799
-28.000000000000 -46.000000000000 0.000000484228
-28.000000000000 -45.000000000000 0.000002270084
-28.000000000000 -44.000000000000 0.000010166337
-28.000000000000 -43.000000000000 0.000040300213
-28.000000000000 -42.000000000000 0.000139349577
-28.000000000000 -41.000000000000 0.000142091272
-28.000000000000 -40.000000000000 0.000144112898
-28.000000000000 -39.000000000000 0.000146780483
-28.000000000000 -38.000000000000 0.000150094755
-28.000000000000 -37.000000000000 0.000154055077
-28.000000000000 -36.000000000000 0.000158659362
-28.000000000000 -35.000000000000 0.000163903967
-28.000000000000 -34.000000000000 0.000169783550
-28.000000000000 -33.000000000000 0.000176290906
-28.000000000000 -32.000000000000 0.000183416769
-28.000000000000 -31.000000000000 0.000191149590
-28.000000000000 -30.000000000000 0.000199475288
-28.000000000000 -29.000000000000 0.000208376982
-28.000000000000 -28.000000000000 0.000217834705
-28.000000000000 -27.000000000000 0.000227825096
-28.000000000000 -26.000000000000 0.000238321093
-28.000000000000 -25.000000000000 0.000249291613
-28.000000000000 -24.000000000000 0.000260701238
-28.000000000000 -23.000000000000 0.000272509912
-28.000000000000 -22.000000000000 0.000284672658
-28.000000000000 -21.000000000000 0.000297139327
-28.000000000000 -20.000000000000 0.000309854390
-28.000000000000 -19.000000000000 0.000322756801
-28.000000000000 -18.000000000000 0.000335779922
-28.000000000000 -17.000000000000 0.000348851557
-28.000000000000 -16.000000000000 0.000361894099
-28.000000000000 -15.000000000000 0.000374824804
-28.000000000000 -14.000000000000 0.000387556235
-28.000000000000 -13.000000000000 0.000399996861
-28.000000000000 -12.000000000000 0.000412051850
-28.000000000000 -11.000000000000 0.000423624056
-28.000000000000 -10.000000000000 0.000434615192
-28.000000000000 -9.000000000000 0.000444927201
-28.000000000000 -8.000000000000 0.000454463782
-28.000000000000 -7.000000000000 0.000463132059
-28.000000000000 -6.000000000000 0.000470844346
-28.000000000000 -5.000000000000 0.000477519944
-28.000000000000 -4.000000000000 0.000483086916
-28.000000000000 -3.000000000000 0.000487483763
-28.000000000000 -2.000000000000 0.000490660926
-28.000000000000 -1.000000000000 0.000492582044
-28.000000000000 0.000000000000 0.000493224907
-28.000000000000 1.000000000000 0.000492582044
-28.000000000000 2.000000000000 0.000490660926
-28.000000000000 3.000000000000 0.000487483763
-28.000000000000 4.000000000000 0.000483086916
-28.000000000000 5.000000000000 0.000477519944
-28.000000000000 6.000000000000 0.000470844346
-28.000000000000 7.000000000000 0.000463132059
-28.000000000000 8.000000000000 0.000454463782
-28.000000000000 9.000000000000 0.000444927201
-28.000000000000 10.000000000000 0.000434615192
-28.000000000000 11.000000000000 0.000423624056
-28.000000000000 12.000000000000 0.000412051850
-28.000000000000 13.000000000000 0.000399996861
-28.000000000000 14.000000000000 0.000387556235
-28.000000000000 15.000000000000 0.000374824804
-28.000000000000 16.000000000000 0.000361894099
-28.000000000000 17.000000000000 0.000348851557
-28.000000000000 18.000000000000 0.000335779922
-28.000000000000 19.000000000000 0.000322756801
-28.000000000000 20.000000000000 0.000309854390
-28.000000000000 21.000000000000 0.000297139327
-28.000000000000 22.000000000000 0.000284672658
-28.000000000000 23.000000000000 0.000272509912
-28.000000000000 24.000000000000 0.000260701238
-28.000000000000 25.000000000000 0.000249291613
-28.000000000000 26.000000000000 0.000238321093
-28.000000000000 27.000000000000 0.000227825096
-28.000000000000 28.000000000000 0.000217834705
-28.000000000000 29.000000000000 0.000208376982
-28.000000000000 30.000000000000 0.000199475288
-28.000000000000 31.000000000000 0.000191149590
-28.000000000000 32.000000000000 0.000183416769
-28.000000000000 33.000000000000 0.000176290906
-28.000000000000 34.000000000000 0.000169783550
-28.000000000000 35.000000000000 0.000163903967
-28.000000000000 36.000000000000 0.000158659362
-28.000000000000 37.000000000000 0.000154055077
-28.000000000000 38.000000000000 0.000150094755
-28.000000000000 39.000000000000 0.000146780483
-28.000000000000 40.000000000000 0.000144112898
-28.000000000000 41.000000000000 0.000142091272
-28.000000000000 42.000000000000 0.000139349577
-28.000000000000 43.000000000000 0.000040300213
-28.000000000000 44.000000000000 0.000010166337
-28.000000000000 45.000000000000 0.000002270084
-28.000000000000 46.000000000000 0.000000484228
-28.000000000000 47.000000000000 0.000000055799
-28.000000000000 48.000000000000 0.000000000241
-28.000000000000 49.000000000000 0.000000000001
-28.000000000000 50.000000000000 0.000000000000
-28.000000000000 51.000000000000 0.000000000000

-27.000000000000 -51.000000000000 0.000000000000
-27.000000000000 -50.000000000000 0.000000000000
-27.000000000000 -49.000000000000 0.000000000001
-27.000000000000 -48.000000000000 0.000000000262
-27.000000000000 -47.000000000000 0.000000060391
-27.000000000000 -46.000000000000 0.000000519970
-27.000000000000 -45.000000000000 0.000002420001
-27.000000000000 -44.000000000000 0.000010756581
-27.000000000000 -43.000000000000 0.000042297747
-27.000000000000 -42.000000000000 0.000145001543
-27.000000000000 -41.000000000000 0.000147815844
-27.000000000000 -40.000000000000 0.000149913706
-27.000000000000 -39.000000000000 0.000152697530
-27.000000000000 -38.000000000000 0.000156168402
-27.000000000000 -37.000000000000 0.000160326144
-27.000000000000 -36.000000000000 0.000165169216
-27.000000000000 -35.000000000000 0.000170694597
-27.000000000000 -34.000000000000 0.000176897622
-27.000000000000 -33.000000000000 0.000183771804
-27.000000000000 -32.000000000000 0.000191308606
-27.000000000000 -31.000000000000 0.000199497201
-27.000000000000 -30.000000000000 0.000208324194
-27.000000000000 -29.000000000000 0.000217773315
-27.000000000000 -28.000000000000 0.000227825096
-27.000000000000 -27.000000000000 0.000238456521
-27.000000000000 -26.000000000000 0.000249640663
-27.000000000000 -25.000000000000 0.000261346309
-27.000000000000 -24.000000000000 0.000273537583
-27.000000000000 -23.000000000000 0.000286173570
-27.000000000000 -22.000000000000 0.000299207960
-27.000000000000 -21.000000000000 0.000312588714
-27.000000000000 -20.000000000000 0.000326257780
-27.000000000000 -19.000000000000 0.000340150862
-27.000000000000 -18.000000000000 0.000354197272
-27.000000000000 -17.000000000000 0.000368319888
-27.000000000000 -16.000000000000 0.000382435233
-27.000000000000 -15.000000000000 0.000396453706
-27.000000000000 -14.000000000000 0.000410279994
-27.000000000000 -13.000000000000 0.000423813678
-27.000000000000 -12.000000000000 0.000436950065
-27.000000000000 -11.000000000000 0.000449581253
-27.000000000000 -10.000000000000 0.000461597437
-27.000000000000 -9.000000000000 0.000472888449
-27.000000000000 -8.000000000000 0.000483345527
-27.000000000000 -7.000000000000 0.000492863258
-27.000000000000 -6.000000000000 0.000501341663
-27.000000000000 -5.000000000000 0.000508688352
-27.000000000000 -4.000000000000 0.000514820666
-27.000000000000 -3.000000000000 0.000519667719
-27.000000000000 -2.000000000000 0.000523172243
-27.000000000000 -1.000000000000 0.000525292141
-27.000000000000 0.000000000000 0.000526001663
-27.000000000000 1.000000000000 0.000525292141
-27.000000000000 2.000000000000 0.000523172243
-27.000000000000 3.000000000000 0.000519667719
-27.000000000000 4.000000000000 0.000514820666
-27.000000000000 5.000000000000 0.000508688352
-27.000000000000 6.000000000000 0.000501341663
-27.000000000000 7.000000000000 0.000492863258
-27.000000000000 8.000000000000 0.000483345527
-27.000000000000 9.000000000000 0.000472888449
-27.000000000000 10.000000000000 0.000461597437
-27.000000000000 11.000000000000 0.000449581253
-27.000000000000 12.000000000000 0.000436950065
-27.000000000000 13.000000000000 0.000423813678
-27.000000000000 14.000000000000 0.000410279994
-27.000000000000 15.000000000000 0.000396453706
-27.000000000000 16.000000000000 0.000382435233
-27.000000000000 17.000000000000 0.000368319888
-27.000000000000 18.000000000000 0.000354197272
-27.000000000000 19.000000000000 0.000340150862
-27.000000000000 20.000000000000 0.000326257780
-27.000000000000 21.000000000000 0.000312588714
-27.000000000000 22.000000000000 0.000299207960
-27.000000000000 23.000000000000 0.000286173570
-27.000000000000 24.000000000000 0.000273537583
-27.000000000000 25.000000000000 0.000261346309
-27.000000000000 26.000000000000 0.000249640663
-27.000000000000 27.000000000000 0.000238456521
-27.000000000000 28.000000000000 0.000227825096
-27.000000000000 29.000000000000 0.000217773315
-27.000000000000 30.000000000000 0.000208324194
-27.000000000000 31.000000000000 0.000199497201
-27.000000000000 32.000000000000 0.000191308606
-27.000000000000 33.000000000000 0.000183771804
-27.000000000000 34.000000000000 0.000176897622
-27.000000000000 35.000000000000 0.000170694597
-27.000000000000 36.000000000000 0.000165169216
-27.000000000000 37.000000000000 0.000160326144
-27.000000000000 38.000000000000 0.000156168402
-27.000000000000 39.000000000000 0.000152697530
-27.000000000000 40.000000000000 0.000149913706
-27.000000000000 41.000000000000 0.000147815844
-27.000000000000 42.000000000000 0.000145001543
-27.000000000000 43.000000000000 0.000042297747
-27.000000000000 44.000000000000 0.000010756581
-27.000000000000 45.000000000000 0.000002420001
-27.000000000000 46.000000000000 0.000000519970
-27.000000000000 47.000000000000 0.000000060391
-27.000000000000 48.000000000000 0.000000000262
-27.000000000000 49.000000000000 0.000000000001
-27.000000000000 50.000000000000 0.000000000000
-27.000000000000 51.000000000000 0.000000000000

-26.000000000000 -51.000000000000 0.000000000000
-26.000000000000 -50.000000000000 0.000000000000
-26.000000000000 -49.000000000000 0.000000000001
-26.000000000000 -48.000000000000 0.000000000286
-26.000000000000 -47.000000000000 0.000000065280
-26.000000000000 -46.000000000000 0.000000557818
-26.000000000000 -45.000000000000 0.000002578015
-26.000000000000 -44.000000000000 0.000011375884
-26.000000000000 -43.000000000000 0.000044384151
-26.000000000000 -42.000000000000 0.000150878478
-26.000000000000 -41.000000000000 0.000153767687
-26.000000000000 -40.000000000000 0.000155945502
-26.000000000000 -39.000000000000 0.000158851862
-26.000000000000 -38.000000000000 0.000162488259
-26.000000000000 -37.000000000000 0.000166855037
-26.000000000000 -36.000000000000 0.000171951294
-26.000000000000 -35.000000000000 0.000177774736
-26.000000000000 -34.000000000000 0.000184321515
-26.000000000000 -33.000000000000 0.000191586013
-26.000000000000 -32.000000000000 0.000199560610
-26.000000000000 -31.000000000000 0.000208235404
-26.000000000000 -30.000000000000 0.000217597908
-26.000000000000 -29.000000000000 0.000227632707
-26.000000000000 -28.000000000000 0.000238321093
-26.000000000000 -27.000000000000 0.000249640663
-26.000000000000 -26.000000000000 0.000261564902
-26.000000000000 -25.000000000000 0.000274062746
-26.000000000000 -24.000000000000 0.000287098128
-26.000000000000 -23.000000000000 0.000300629528
-26.000000000000 -22.000000000000 0.000314609521
-26.000000000000 -21.000000000000 0.000328984361
-26.000000000000 -20.000000000000 0.000343693583
-26.000000000000 -19.000000000000 0.000358669682
-26.000000000000 -18.000000000000 0.000373837855
-26.000000000000 -17.000000000000 0.000389115861
-26.000000000000 -16.000000000000 0.000404414014
-26.000000000000 -15.000000000000 0.000419635339
-26.000000000000 -14.000000000000 0.000434675936
-26.000000000000 -13.000000000000 0.000449425569
-26.000000000000 -12.000000000000 0.000463768525
-26.000000000000 -11.000000000000 0.000477584747
-26.000000000000 -10.000000000000 0.000490751281
-26.000000000000 -9.000000000000 0.000503144011
-26.000000000000 -8.000000000000 0.000514639689
-26.000000000000 -7.000000000000 0.000525118212
-26.000000000000 -6.000000000000 0.000534465097
-26.000000000000 -5.000000000000 0.000542574065
-26.000000000000 -4.000000000000 0.000549349647
-26.000000000000 -3.000000000000 0.000554709691
-26.000000000000 -2.000000000000 0.000558587636
-26.000000000000 -1.000000000000 0.000560934448
-26.000000000000 0.000000000000 0.000561720091
-26.000000000000 1.000000000000 0.000560934448
-26.000000000000 2.000000000000 0.000558587636
-26.000000000000 3.000000000000 0.000554709691
-26.000000000000 4.000000000000 0.000549349647
-26.000000000000 5.000000000000 0.000542574065
-26.000000000000 6.000000000000 0.000534465097
-26.000000000000 7.000000000000 0.000525118212
-26.000000000000 8.000000000000 0.000514639689
-26.000000000000 9.000000000000 0.000503144011
-26.000000000000 10.000000000000 0.000490751281
-26.000000000000 11.000000000000 0.000477584747
-26.000000000000 12.000000000000 0.000463768525
-26.000000000000 13.000000000000 0.000449425569
-26.000000000000 14.000000000000 0.000434675936
-26.000000000000 15.000000000000 0.000419635339
-26.000000000000 16.000000000000 0.000404414014
-26.000000000000 17.000000000000 0.000389115861
-26.000000000000 18.000000000000 0.000373837855
-26.000000000000 19.000000000000 0.000358669682
-26.000000000000 20.000000000000 0.000343693583
-26.000000000000 21.000000000000 0.000328984361
-26.000000000000 22.000000000000 0.000314609521
-26.000000000000 23.000000000000 0.000300629528
-26.000000000000 24.000000000000 0.000287098128
-26.000000000000 25.000000000000 0.000274062746
-26.000000000000 26.000000000000 0.000261564902
-26.000000000000 27.000000000000 0.000249640663
-26.000000000000 28.000000000000 0.000238321093
-26.000000000000 29.000000000000 0.000227632707
-26.000000000000 30.000000000000 0.000217597908
-26.000000000000 31.000000000000 0.000208235404
-26.000000000000 32.000000000000 0.000199560610
-26.000000000000 33.000000000000 0.000191586013
-26.000000000000 34.000000000000 0.000184321515
-26.000000000000 35.000000000000 0.000177774736
-26.000000000000 36.000000000000 0.000171951294
-26.000000000000 37.000000000000 0.000166855037
-26.000000000000 38.000000000000 0.000162488259
-26.000000000000 39.000000000000 0.000158851862
-26.000000000000 40.000000000000 0.000155945502
-26.000000000000 41.000000000000 0.000153767687
-26.000000000000 42.000000000000 0.000150878478
-26.000000000000 43.000000000000 0.000044384151
-26.000000000000 44.000000000000 0.000011375884
-26.000000000000 45.000000000000 0.000002578015
-26.000000000000 46.000000000000 0.000000557818
-26.000000000000 47.000000000000 0.000000065280
-26.000000000000 48.000000000000 0.000000000286
-26.000000000000 49.000000000000 0.000000000001
-26.000000000000 50.000000000000 0.000000000000
-26.000000000000 51.000000000000 0.000000000000

-25.000000000000 -51.000000000000 0.000000000000
-25.000000000000 -50.000000000000 0.000000000000
-25.000000000000 -49.000000000000 0.000000000001
-25.000000000000 -48.000000000000 0.000000000311
-25.000000000000 -47.000000000000 0.000000070459
-25.000000000000 -46.000000000000 0.000000597684
-25.000000000000 -45.000000000000 0.000002743676
-25.000000000000 -44.000000000000 0.000012022217
-25.000000000000 -43.000000000000 0.000046551774
-25.000000000000 -42.000000000000 0.000156956926
-25.000000000000 -41.000000000000 0.000159923020
-25.000000000000 -40.000000000000 0.000162184231
-25.000000000000 -39.000000000000 0.000165219054
-25.000000000000 -38.000000000000 0.000169029433
-25.000000000000 -37.000000000000 0.000173616315
-25.000000000000 -36.000000000000 0.000178979529
-25.000000000000 -35.000000000000 0.000185117641
-25.000000000000 -34.000000000000 0.000192027764
-25.000000000000 -33.000000000000 0.000199705336
-25.000000000000 -32.000000000000 0.000208143856
-25.000000000000 -31.000000000000 0.000217334582
-25.000000000000 -30.000000000000 0.000227266195
-25.000000000000 -29.000000000000 0.000237924421
-25.000000000000 -28.000000000000 0.000249291613
-25.000000000000 -27.000000000000 0.000261346309
-25.000000000000 -26.000000000000 0.000274062746
-25.000000000000 -25.000000000000 0.000287410354
-25.000000000000 -24.000000000000 0.000301353224
-25.000000000000 -23.000000000000 0.000315849565
-25.000000000000 -22.000000000000 0.000330851157
-25.000000000000 -21.000000000000 0.000346302817
-25.000000000000 -20.000000000000 0.000362141889
-25.000000000000 -19.000000000000 0.000378297792
-25.000000000000 -18.000000000000 0.000394691640
-25.000000000000 -17.000000000000 0.000411235972
-25.000000000000 -16.000000000000 0.000427834620
-25.000000000000 -15.000000000000 0.000444382769
-25.000000000000 -14.000000000000 0.000460767235
-25.000000000000 -13.000000000000 0.000476867011
-25.000000000000 -12.000000000000 0.000492554121
-25.000000000000 -11.000000000000 0.000507694828
-25.000000000000 -10.000000000000 0.000522151199
-25.000000000000 -9.000000000000 0.000535783059
-25.000000000000 -8.000000000000 0.000548450325
-25.000000000000 -7.000000000000 0.000560015661
-25.000000000000 -6.000000000000 0.000570347428
-25.000000000000 -5.000000000000 0.000579322804
-25.000000000000 -4.000000000000 0.000586830959
-25.000000000000 -3.000000000000 0.000592776154
-25.000000000000 -2.000000000000 0.000597080576
-25.000000000000 -1.000000000000 0.000599686761
-25.000000000000 0.000000000000 0.000600559451
-25.000000000000 1.000000000000 0.000599686761
-25.000000000000 2.000000000000 0.000597080576
-25.000000000000 3.000000000000 0.000592776154
-25.000000000000 4.000000000000 0.000586830959
-25.000000000000 5.000000000000 0.000579322804
-25.000000000000 6.000000000000 0.000570347428
-25.000000000000 7.000000000000 0.000560015661
-25.000000000000 8.000000000000 0.000548450325
-25.000000000000 9.000000000000 0.000535783059
-25.000000000000 10.000000000000 0.000522151199
-25.000000000000 11.000000000000 0.000507694828
-25.000000000000 12.000000000000 0.000492554121
-25.000000000000 13.000000000000 0.000476867011
-25.000000000000 14.000000000000 0.000460767235
-25.000000000000 15.000000000000 0.000444382769
-25.000000000000 16.000000000000 0.000427834620
-25.000000000000 17.000000000000 0.000411235972
-25.000000000000 18.000000000000 0.000394691640
-25.000000000000 19.000000000000 0.000378297792
-25.000000000000 20.000000000000 0.000362141889
-25.000000000000 21.000000000000 0.000346302817
-25.000000000000 22.000000000000 0.000330851157
-25.000000000000 23.000000000000 0.000315849565
-25.000000000000 24.000000000000 0.000301353224
-25.000000000000 25.000000000000 0.000287410354
-25.000000000000 26.000000000000 0.000274062746
-25.000000000000 27.000000000000 0.000261346309
-25.000000000000 28.000000000000 0.000249291613
-25.000000000000 29.000000000000 0.000237924421
-25.000000000000 30.000000000000 0.000227266195
-25.000000000000 31.000000000000 0.000217334582
-25.000000000000 32.000000000000 0.000208143856
-25.000000000000 33.000000000000 0.000199705336
-25.000000000000 34.000000000000 0.000192027764
-25.000000000000 35.000000000000 0.000185117641
-25.000000000000 36.000000000000 0.000178979529
-25.000000000000 37.000000000000 0.000173616315
-25.000000000000 38.000000000000 0.000169029433
-25.000000000000 39.000000000000 0.000165219054
-25.000000000000 40.000000000000 0.000162184231
-25.000000000000 41.000000000000 0.000159923020
-25.000000000000 42.000000000000 0.000156956926
-25.000000000000 43.000000000000 0.000046551774
-25.000000000000 44.000000000000 0.000012022217
-25.000000000000 45.000000000000 0.000002743676
-25.000000000000 46.000000000000 0.000000597684
-25.000000000000 47.000000000000 0.000000070459
-25.000000000000 48.000000000000 0.000000000311
-25.000000000000 49.000000000000 0.000000000001
-25.000000000000 50.000000000000 0.000000000000
-25.000000000000 51.000000000000 0.000000000000

-24.000000000000 -51.000000000000 0.000000000000
-24.000000000000 -50.000000000000 0.000000000000
-24.000000000000 -49.000000000000 0.000000000001
-24.000000000000 -48.000000000000 0.000000000337
-24.000000000000 -47.000000000000 0.000000075915
-24.000000000000 -46.000000000000 0.000000639456
-24.000000000000 -45.000000000000 0.000002916452
-24.000000000000 -44.000000000000 0.000012693255
-24.000000000000 -43.000000000000 0.000048792102
-24.000000000000 -42.000000000000 0.000163211379
-24.000000000000 -41.000000000000 0.000166255985
-24.000000000000 -40.000000000000 0.000168603736
-24.000000000000 -39.000000000000 0.000171772524
-24.000000000000 -38.000000000000 0.000175764806
-24.000000000000 -37.000000000000 0.000180582209
-24.000000000000 -36.000000000000 0.000186225409
-24.000000000000 -35.000000000000 0.000192693970
-24.000000000000 -34.000000000000 0.000199986138
-24.000000000000 -33.000000000000 0.000208098605
-24.000000000000 -32.000000000000 0.000217026223
-24.000000000000 -31.000000000000 0.000226761673
-24.000000000000 -30.000000000000 0.000237295101
-24.000000000000 -29.000000000000 0.000248613697
-24.000000000000 -28.000000000000 0.000260701238
-24.000000000000 -27.000000000000 0.000273537583
-24.000000000000 -26.000000000000 0.000287098128
-24.000000000000 -25.000000000000 0.000301353224
-24.000000000000 -24.000000000000 0.000316267555
-24.000000000000 -23.000000000000 0.000331799495
-24.000000000000 -22.000000000000 0.000347900450
-24.000000000000 -21.000000000000 0.000364514194
-24.000000000000 -20.000000000000 0.000381576219
-24.000000000000 -19.000000000000 0.000399013135
-24.000000000000 -18.000000000000 0.000416742127
-24.000000000000 -17.000000000000 0.000434670525
-24.000000000000 -16.000000000000 0.000452695518
-24.000000000000 -15.000000000000 0.000470704060
-24.000000000000 -14.000000000000 0.000488573028
-24.000000000000 -13.000000000000 0.000506169683
-24.000000000000 -12.000000000000 0.000523352494
-24.000000000000 -11.000000000000 0.000539972372
-24.000000000000 -10.000000000000 0.000555874363
-24.000000000000 -9.000000000000 0.000570899828
-24.000000000000 -8.000000000000 0.000584889101
-24.000000000000 -7.000000000000 0.000597684606
-24.000000000000 -6.000000000000 0.000609134365
-24.000000000000 -5.000000000000 0.000619095772
-24.000000000000 -4.000000000000 0.000627439502
-24.000000000000 -3.000000000000 0.000634053352
-24.000000000000 -2.000000000000 0.000638845800
-24.000000000000 -1.000000000000 0.000641749076
-24.000000000000 0.000000000000 0.000642721521
-24.000000000000 1.000000000000 0.000641749076
-24.000000000000 2.000000000000 0.000638845800
-24.000000000000 3.000000000000 0.000634053352
-24.000000000000 4.000000000000 0.000627439502
-24.000000000000 5.000000000000 0.000619095772
-24.000000000000 6.000000000000 0.000609134365
-24.000000000000 7.000000000000 0.000597684606
-24.000000000000 8.000000000000 0.000584889101
-24.000000000000 9.000000000000 0.000570899828
-24.000000000000 10.000000000000 0.000555874363
-24.000000000000 11.000000000000 0.000539972372
-24.000000000000 12.000000000000 0.000523352494
-24.000000000000 13.000000000000 0.000506169683
-24.000000000000 14.000000000000 0.000488573028
-24.000000000000 15.000000000000 0.000470704060
-24.000000000000 16.000000000000 0.000452695518
-24.000000000000 17.000000000000 0.000434670525
-24.000000000000 18.000000000000 0.000416742127
-24.000000000000 19.000000000000 0.000399013135
-24.000000000000 20.000000000000 0.000381576219
-24.000000000000 21.000000000000 0.000364514194
-24.000000000000 22.000000000000 0.000347900450
-24.000000000000 23.000000000000 0.000331799495
-24.000000000000 24.000000000000 0.000316267555
-24.000000000000 25.000000000000 0.000301353224
-24.000000000000 26.000000000000 0.000287098128
-24.000000000000 27.000000000000 0.000273537583
-24.000000000000 28.000000000000 0.000260701238
-24.000000000000 29.000000000000 0.000248613697
-24.000000000000 30.000000000000 0.000237295101
-24.000000000000 31.000000000000 0.000226761673
-24.000000000000 32.000000000000 0.000217026223
-24.000000000000 33.000000000000 0.000208098605
-24.000000000000 34.000000000000 0.000199986138
-24.000000000000 35.000000000000 0.000192693970
-24.000000000000 36.000000000000 0.000186225409
-24.000000000000 37.000000000000 0.000180582209
-24.000000000000 38.000000000000 0.000175764806
-24.000000000000 39.000000000000 0.000171772524
-24.000000000000 40.000000000000 0.000168603736
-24.000000000000 41.000000000000 0.000166255985
-24.000000000000 42.000000000000 0.000163211379
-24.000000000000 43.000000000000 0.000048792102
-24.000000000000 44.000000000000 0.000012693255
-24.000000000000 45.000000000000 0.000002916452
-24.000000000000 46.000000000000 0.000000639456
-24.000000000000 47.000000000000 0.000000075915
-24.000000000000 48.000000000000 0.000000000337
-24.000000000000 49.000000000000 0.000000000001
-24.000000000000 50.000000000000 0.000000000000
-24.000000000000 51.000000000000 0.000000000000

-23.000000000000 -51.000000000000 0.000000000000
-23.000000000000 -50.000000000000 0.000000000000
-23.000000000000 -49.000000000000 0.000000000001
-23.000000000000 -48.000000000000 0.000000000365
-23.000000000000 -47.000000000000 0.000000081633
-23.000000000000 -46.000000000000 0.000000682998
-23.000000000000 -45.000000000000 0.000003095717
-23.000000000000 -44.000000000000 0.000013386366
-23.000000000000 -43.000000000000 0.000051095750
-23.000000000000 -42.000000000000 0.000169614303
-23.000000000000 -41.000000000000 0.000172738686
-23.000000000000 -40.000000000000 0.000175175790
-23.000000000000 -39.000000000000 0.000178483567
-23.000000000000 -38.000000000000 0.000182665047
-23.000000000000 -37.000000000000 0.000187722633
-23.000000000000 -36.000000000000 0.000193657967
-23.000000000000 -35.000000000000 0.000200471763
-23.000000000000 -34.000000000000 0.000208163588
-23.000000000000 -33.000000000000 0.000216731609
-23.000000000000 -32.000000000000 0.000226172287
-23.000000000000 -31.000000000000 0.000236480022
-23.000000000000 -30.000000000000 0.000247646756
-23.000000000000 -29.000000000000 0.000259661517
-23.000000000000 -28.000000000000 0.000272509912
-23.000000000000 -27.000000000000 0.000286173570
-23.000000000000 -26.000000000000 0.000300629528
-23.000000000000 -25.000000000000 0.000315849565
-23.000000000000 -24.000000000000 0.000331799495
-23.000000000000 -23.000000000000 0.000348438405
-23.000000000000 -22.000000000000 0.000365717876
-23.000000000000 -21.000000000000 0.000383581165
-23.000000000000 -20.000000000000 0.000401962405
-23.000000000000 -19.000000000000 0.000420785814
-23.000000000000 -18.000000000000 0.000439964967
-23.000000000000 -17.000000000000 0.000459402157
-23.000000000000 -16.000000000000 0.000478987903
-23.000000000000 -15.000000000000 0.000498600662
-23.000000000000 -14.000000000000 0.000518106804
-23.000000000000 -13.000000000000 0.000537360932
-23.000000000000 -12.000000000000 0.000556206620
-23.000000000000 -11.000000000000 0.000574477638
-23.000000000000 -10.000000000000 0.000591999750
-23.000000000000 -9.000000000000 0.000608593100
-23.000000000000 -8.000000000000 0.000624075250
-23.000000000000 -7.000000000000 0.000638264808
-23.000000000000 -6.000000000000 0.000650985610
-23.000000000000 -5.000000000000 0.000662071310
-23.000000000000 -4.000000000000 0.000671370197
-23.000000000000 -3.000000000000 0.000678750002
-23.000000000000 -2.000000000000 0.000684102399
-23.000000000000 -1.000000000000 0.000687346925
-23.000000000000 0.000000000000 0.000688434014
-23.000000000000 1.000000000000 0.000687346925
-23.000000000000 2.000000000000 0.000684102399
-23.000000000000 3.000000000000 0.000678750002
-23.000000000000 4.000000000000 0.000671370197
-23.000000000000 5.000000000000 0.000662071310
-23.000000000000 6.000000000000 0.000650985610
-23.000000000000 7.000000000000 0.000638264808
-23.000000000000 8.000000000000 0.000624075250
-23.000000000000 9.000000000000 0.000608593100
-23.000000000000 10.000000000000 0.000591999750
-23.000000000000 11.000000000000 0.000574477638
-23.000000000000 12.000000000000 0.000556206620
-23.000000000000 13.000000000000 0.000537360932
-23.000000000000 14.000000000000 0.000518106804
-23.000000000000 15.000000000000 0.000498600662
-23.000000000000 16.000000000000 0.000478987903
-23.000000000000 17.000000000000 0.000459402157
-23.000000000000 18.000000000000 0.000439964967
-23.000000000000 19.000000000000 0.000420785814
-23.000000000000 20.000000000000 0.000401962405
-23.000000000000 21.000000000000 0.000383581165
-23.000000000000 22.000000000000 0.000365717876
-23.000000000000 23.000000000000 0.000348438405
-23.000000000000 24.000000000000 0.000331799495
-23.000000000000 25.000000000000 0.000315849565
-23.000000000000 26.000000000000 0.000300629528
-23.000000000000 27.000000000000 0.000286173570
-23.000000000000 28.000000000000 0.000272509912
-23.000000000000 29.000000000000 0.000259661517
-23.000000000000 30.000000000000 0.000247646756
-23.000000000000 31.000000000000 0.000236480022
-23.000000000000 32.000000000000 0.000226172287
-23.000000000000 33.000000000000 0.000216731609
-23.000000000000 34.000000000000 0.000208163588
-23.000000000000 35.000000000000 0.000200471763
-23.000000000000 36.000000000000 0.000193657967
-23.000000000000 37.000000000000 0.000187722633
-23.000000000000 38.000000000000 0.000182665047
-23.000000000000 39.000000000000 0.000178483567
-23.000000000000 40.000000000000 0.000175175790
-23.000000000000 41.000000000000 0.000172738686
-23.000000000000 42.000000000000 0.000169614303
-23.000000000000 43.000000000000 0.000051095750
-23.000000000000 44.000000000000 0.000013386366
-23.000000000000 45.000000000000 0.000003095717
-23.000000000000 46.000000000000 0.000000682998
-23.000000000000 47.000000000000 0.000000081633
-23.000000000000 48.000000000000 0.000000000365
-23.000000000000 49.000000000000 0.000000000001
-23.000000000000 50.000000000000 0.000000000000
-23.000000000000 51.000000000000 0.000000000000

-22.000000000000 -51.000000000000 0.000000000000
-22.000000000000 -50.000000000000 0.000000000000
-22.000000000000 -49.000000000000 0.000000000002
-22.000000000000 -48.000000000000 0.000000000394
-22.000000000000 -47.000000000000 0.000000087595
-22.000000000000 -46.000000000000 0.000000728150
-22.000000000000 -45.000000000000 0.000003280756
-22.000000000000 -44.000000000000 0.000014098609
-22.000000000000 -43.000000000000 0.000053452463
-22.000000000000 -42.000000000000 0.000176136203
-22.000000000000 -41.000000000000 0.000179341246
-22.000000000000 -40.000000000000 0.000181870150
-22.000000000000 -39.000000000000 0.000185321397
-22.000000000000 -38.000000000000 0.000189698661
-22.000000000000 -37.000000000000 0.000195005214
-22.000000000000 -36.000000000000 0.000201243797
-22.000000000000 -35.000000000000 0.000208416437
-22.000000000000 -34.000000000000 0.000216524225
-22.000000000000 -33.000000000000 0.000225567043
-22.000000000000 -32.000000000000 0.000235543241
-22.000000000000 -31.000000000000 0.000246449263
-22.000000000000 -30.000000000000 0.000258279216
-22.000000000000 -29.000000000000 0.000271024380
-22.000000000000 -28.000000000000 0.000284672658
-22.000000000000 -27.000000000000 0.000299207960
-22.000000000000 -26.000000000000 0.000314609521
-22.000000000000 -25.000000000000 0.000330851157
-22.000000000000 -24.000000000000 0.000347900450
-22.000000000000 -23.000000000000 0.000365717876
-22.000000000000 -22.000000000000 0.000384255875
-22.000000000000 -21.000000000000 0.000403457887
-22.000000000000 -20.000000000000 0.000423257347
-22.000000000000 -19.000000000000 0.000443576695
-22.000000000000 -18.000000000000 0.000464326412
-22.000000000000 -17.000000000000 0.000485404128
-22.000000000000 -16.000000000000 0.000506693870
-22.000000000000 -15.000000000000 0.000528065504
-22.000000000000 -14.000000000000 0.000549374466
-22.000000000000 -13.000000000000 0.000570461856
-22.000000000000 -12.000000000000 0.000591155021
-22.000000000000 -11.000000000000 0.000611268708
-22.000000000000 -10.000000000000 0.000630606903
-22.000000000000 -9.000000000000 0.000648965427
-22.000000000000 -8.000000000000 0.000666135350
-22.000000000000 -7.000000000000 0.000681907217
-22.000000000000 -6.000000000000 0.000696076024
-22.000000000000 -5.000000000000 0.000708446807
-22.000000000000 -4.000000000000 0.000718840619
-22.000000000000 -3.000000000000 0.000727100574
-22.000000000000 -2.000000000000 0.000733097600
-22.000000000000 -1.000000000000 0.000736735482
-22.000000000000 0.000000000000 0.000737954806
-22.000000000000 1.000000000000 0.000736735482
-22.000000000000 2.000000000000 0.000733097600
-22.000000000000 3.000000000000 0.000727100574
-22.000000000000 4.000000000000 0.000718840619
-22.000000000000 5.000000000000 0.000708446807
-22.000000000000 6.000000000000 0.000696076024
-22.000000000000 7.000000000000 0.000681907217
-22.000000000000 8.000000000000 0.000666135350
-22.000000000000 9.000000000000 0.000648965427
-22.000000000000 10.000000000000 0.000630606903
-22.000000000000 11.000000000000 0.000611268708
-22.000000000000 12.000000000000 0.000591155021
-22.000000000000 13.000000000000 0.000570461856
-22.000000000000 14.000000000000 0.000549374466
-22.000000000000 15.000000000000 0.000528065504
-22.000000000000 16.000000000000 0.000506693870
-22.000000000000 17.000000000000 0.000485404128
-22.000000000000 18.000000000000 0.000464326412
-22.000000000000 19.000000000000 0.000443576695
-22.000000000000 20.000000000000 0.000423257347
-22.000000000000 21.000000000000 0.000403457887
-22.000000000000 22.000000000000 0.000384255875
-22.000000000000 23.000000000000 0.000365717876
-22.000000000000 24.000000000000 0.000347900450
-22.000000000000 25.000000000000 0.000330851157
-22.000000000000 26.000000000000 0.000314609521
-22.000000000000 27.000000000000 0.000299207960
-22.000000000000 28.000000000000 0.000284672658
-22.000000000000 29.000000000000 0.000271024380
-22.000000000000 30.000000000000 0.000258279216
-22.000000000000 31.000000000000 0.000246449263
-22.000000000000 32.000000000000 0.000235543241
-22.000000000000 33.000000000000 0.000225567043
-22.000000000000 34.000000000000 0.000216524225
-22.000000000000 35.000000000000 0.000208416437
-22.000000000000 36.000000000000 0.000201243797
-22.000000000000 37.000000000000 0.000195005214
-22.000000000000 38.000000000000 0.000189698661
-22.000000000000 39.000000000000 0.000185321397
-22.000000000000 40.000000000000 0.000181870150
-22.000000000000 41.000000000000 0.000179341246
-22.000000000000 42.000000000000 0.000176136203
-22.000000000000 43.000000000000 0.000053452463
-22.000000000000 44.000000000000 0.000014098609
-22.000000000000 45.000000000000 0.000003280756
-22.000000000000 46.000000000000 0.000000728150
-22.000000000000 47.000000000000 0.000000087595
-22.000000000000 48.000000000000 0.000000000394
-22.000000000000 49.000000000000 0.000000000002
-22.000000000000 50.000000000000 0.000000000000
-22.000000000000 51.000000000000 0.000000000000

-21.000000000000 -51.000000000000 0.000000000000
-21.000000000000 -50.000000000000 0.000000000000
-21.000000000000 -49.000000000000 0.000000000002
-21.000000000000 -48.000000000000 0.000000000424
-21.000000000000 -47.000000000000 0.000000093777
-21.000000000000 -46.000000000000 0.000000774721
-21.000000000000 -45.000000000000 0.000003470755
-21.000000000000 -44.000000000000 0.000014826725
-21.000000000000 -43.000000000000 0.000055851129
-21.000000000000 -42.000000000000 0.000182745698
-21.000000000000 -41.000000000000 0.000186031894
-21.000000000000 -40.000000000000 0.000188654638
-21.000000000000 -39.000000000000 0.000192253231
-21.000000000000 -38.000000000000 0.000196832053
-21.000000000000 -37.000000000000 0.000202395351
-21.000000000000 -36.000000000000 0.000208947102
-21.000000000000 -35.000000000000 0.000216490821
-21.000000000000 -34.000000000000 0.000225029335
-21.000000000000 -33.000000000000 0.000234564499
-21.000000000000 -32.000000000000 0.000245096855
-21.000000000000 -31.000000000000 0.000256625240
-21.000000000000 -30.000000000000 0.000269146332
-21.000000000000 -29.000000000000 0.000282654122
-21.000000000000 -28.000000000000 0.000297139327
-21.000000000000 -27.000000000000 0.000312588714
-21.000000000000 -26.000000000000 0.000328984361
-21.000000000000 -25.000000000000 0.000346302817
-21.000000000000 -24.000000000000 0.000364514194
-21.000000000000 -23.000000000000 0.000383581165
-21.000000000000 -22.000000000000 0.000403457887
-21.000000000000 -21.000000000000 0.000424088850
-21.000000000000 -20.000000000000 0.000445407672
-21.000000000000 -19.000000000000 0.000467335856
-21.000000000000 -18.000000000000 0.000489781556
-21.000000000000 -17.000000000000 0.000512638374
-21.000000000000 -16.000000000000 0.000535784283
-21.000000000000 -15.000000000000 0.000559080717
-21.000000000000 -14.000000000000 0.000582371964
-21.000000000000 -13.000000000000 0.000605484938
-21.000000000000 -12.000000000000 0.000628229497
-21.000000000000 -11.000000000000 0.000650399429
-21.000000000000 -10.000000000000 0.000671774251
-21.000000000000 -9.000000000000 0.000692121963
-21.000000000000 -8.000000000000 0.000711202838
-21.000000000000 -7.000000000000 0.000728774303
-21.000000000000 -6.000000000000 0.000744596860
-21.000000000000 -5.000000000000 0.000758440898
-21.000000000000 -4.000000000000 0.000770094135
-21.000000000000 -3.000000000000 0.000779369281
-21.000000000000 -2.000000000000 0.000786111436
-21.000000000000 -1.000000000000 0.000790204665
-21.000000000000 0.000000000000 0.000791577178
-21.000000000000 1.000000000000 0.000790204665
-21.000000000000 2.000000000000 0.000786111436
-21.000000000000 3.000000000000 0.000779369281
-21.000000000000 4.000000000000 0.000770094135
-21.000000000000 5.000000000000 0.000758440898
-21.000000000000 6.000000000000 0.000744596860
-21.000000000000 7.000000000000 0.000728774303
-21.000000000000 8.000000000000 0.000711202838
-21.000000000000 9.000000000000 0.000692121963
-21.000000000000 10.000000000000 0.000671774251
-21.000000000000 11.000000000000 0.000650399429
-21.000000000000 12.000000000000 0.000628229497
-21.000000000000 13.000000000000 0.000605484938
-21.000000000000 14.000000000000 0.000582371964
-21.000000000000 15.000000000000 0.000559080717
-21.000000000000 16.000000000000 0.000535784283
-21.000000000000 17.000000000000 0.000512638374
-21.000000000000 18.000000000000 0.000489781556
-21.000000000000 19.000000000000 0.000467335856
-21.000000000000 20.000000000000 0.000445407672
-21.000000000000 21.000000000000 0.000424088850
-21.000000000000 22.000000000000 0.000403457887
-21.000000000000 23.000000000000 0.000383581165
-21.000000000000 24.000000000000 0.000364514194
-21.000000000000 25.000000000000 0.000346302817
-21.000000000000 26.000000000000 0.000328984361
-21.000000000000 27.000000000000 0.000312588714
-21.000000000000 28.000000000000 0.000297139327
-21.000000000000 29.000000000000 0.000282654122
-21.000000000000 30.000000000000 0.000269146332
-21.000000000000 31.000000000000 0.000256625240
-21.000000000000 32.000000000000 0.000245096855
-21.000000000000 33.000000000000 0.000234564499
-21.000000000000 34.000000000000 0.000225029335
-21.000000000000 35.000000000000 0.000216490821
-21.000000000000 36.000000000000 0.000208947102
-21.000000000000 37.000000000000 0.000202395351
-21.000000000000 38.000000000000 0.000196832053
-21.000000000000 39.000000000000 0.000192253231
-21.000000000000 40.000000000000 0.000188654638
-21.000000000000 41.000000000000 0.000186031894
-21.000000000000 42.000000000000 0.000182745698
-21.000000000000 43.000000000000 0.000055851129
-21.000000000000 44.000000000000 0.000014826725
-21.000000000000 45.000000000000 0.000003470755
-21.000000000000 46.000000000000 0.000000774721
-21.000000000000 47.000000000000 0.000000093777
-21.000000000000 48.000000000000 0.000000000424
-21.000000000000 49.000000000000 0.000000000002
-21.000000000000 50.000000000000 0.000000000000
-21.000000000000 51.000000000000 0.000000000000

-20.000000000000 -51.000000000000 0.000000000000
-20.000000000000 -50.000000000000 0.000000000000
-20.000000000000 -49.000000000000 0.000000000002
-20.000000000000 -48.000000000000 0.000000000456
-20.000000000000 -47.000000000000 0.000000100153
-20.000000000000 -46.000000000000 0.000000822497
-20.000000000000 -45.000000000000 0.000003664805
-20.000000000000 -44.000000000000 0.000015567145
-20.000000000000 -43.000000000000 0.000058279804
-20.000000000000 -42.000000000000 0.000189409632
-20.000000000000 -41.000000000000 0.000192777066
-20.000000000000 -40.000000000000 0.000195495253
-20.000000000000 -39.000000000000 0.000199244389
-20.000000000000 -38.000000000000 0.000204029634
-20.000000000000 -37.000000000000 0.000209856313
-20.000000000000 -36.000000000000 0.000216729780
-20.000000000000 -35.000000000000 0.000224655222
-20.000000000000 -34.000000000000 0.000233637427
-20.000000000000 -33.000000000000 0.000243680490
-20.000000000000 -32.000000000000 0.000254787468
-20.000000000000 -31.000000000000 0.000266959967
-20.000000000000 -30.000000000000 0.000280197669
-20.000000000000 -29.000000000000 0.000294497778
-20.000000000000 -28.000000000000 0.000309854390
-20.000000000000 -27.000000000000 0.000326257780
-20.000000000000 -26.000000000000 0.000343693583
-20.000000000000 -25.000000000000 0.000362141889
-20.000000000000 -24.000000000000 0.000381576219
-20.000000000000 -23.000000000000 0.000401962405
-20.000000000000 -22.000000000000 0.000423257347
-20.000000000000 -21.000000000000 0.000445407672
-20.000000000000 -20.000000000000 0.000468348294
-20.000000000000 -19.000000000000 0.000492000899
-20.000000000000 -18.000000000000 0.000516272382
-20.000000000000 -17.000000000000 0.000541053285
-20.000000000000 -16.000000000000 0.000566216305
-20.000000000000 -15.000000000000 0.000591614947
-20.000000000000 -14.000000000000 0.000617082452
-20.000000000000 -13.000000000000 0.000642431127
-20.000000000000 -12.000000000000 0.000667452252
-20.000000000000 -11.000000000000 0.000691916748
-20.000000000000 -10.000000000000 0.000715576823
-20.000000000000 -9.000000000000 0.000738168770
-20.000000000000 -8.000000000000 0.000759417106
-20.000000000000 -7.000000000000 0.000779040147
-20.000000000000 -6.000000000000 0.000796757018
-20.000000000000 -5.000000000000 0.000812295965
-20.000000000000 -4.000000000000 0.000825403653
-20.000000000000 -3.000000000000 0.000835854948
-20.000000000000 -2.000000000000 0.000843462521
-20.000000000000 -1.000000000000 0.000848085505
-20.000000000000 0.000000000000 0.000849636395
-20.000000000000 1.000000000000 0.000848085505
-20.000000000000 2.000000000000 0.000843462521
-20.000000000000 3.000000000000 0.000835854948
-20.000000000000 4.000000000000 0.000825403653
-20.000000000000 5.000000000000 0.000812295965
-20.000000000000 6.000000000000 0.000796757018
-20.000000000000 7.000000000000 0.000779040147
-20.000000000000 8.000000000000 0.000759417106
-20.000000000000 9.000000000000 0.000738168770
-20.000000000000 10.000000000000 0.000715576823
-20.000000000000 11.000000000000 0.000691916748
-20.000000000000 12.000000000000 0.000667452252
-20.000000000000 13.000000000000 0.000642431127
-20.000000000000 14.000000000000 0.000617082452
-20.000000000000 15.000000000000 0.000591614947
-20.000000000000 16.000000000000 0.000566216305
-20.000000000000 17.000000000000 0.000541053285
-20.000000000000 18.000000000000 0.000516272382
-20.000000000000 19.000000000000 0.000492000899
-20.000000000000 20.000000000000 0.000468348294
-20.000000000000 21.000000000000 0.000445407672
-20.000000000000 22.000000000000 0.000423257347
-20.000000000000 23.000000000000 0.000401962405
-20.000000000000 24.000000000000 0.000381576219
-20.000000000000 25.000000000000 0.000362141889
-20.000000000000 26.000000000000 0.000343693583
-20.000000000000 27.000000000000 0.000326257780
-20.000000000000 28.000000000000 0.000309854390
-20.000000000000 29.000000000000 0.000294497778
-20.000000000000 30.000000000000 0.000280197669
-20.000000000000 31.000000000000 0.000266959967
-20.000000000000 32.000000000000 0.000254787468
-20.000000000000 33.000000000000 0.000243680490
-20.000000000000 34.000000000000 0.000233637427
-20.000000000000 35.000000000000 0.000224655222
-20.000000000000 36.000000000000 0.000216729780
-20.000000000000 37.000000000000 0.000209856313
-20.000000000000 38.000000000000 0.000204029634
-20.000000000000 39.000000000000 0.000199244389
-20.000000000000 40.000000000000 0.000195495253
-20.000000000000 41.000000000000 0.000192777066
-20.000000000000 42.000000000000 0.000189409632
-20.000000000000 43.000000000000 0.000058279804
-20.000000000000 44.000000000000 0.000015567145
-20.000000000000 45.000000000000 0.000003664805
-20.000000000000 46.000000000000 0.000000822497
-20.000000000000 47.000000000000 0.000000100153
-20.000000000000 48.000000000000 0.000000000456
-20.000000000000 49.000000000000 0.000000000002
-20.000000000000 50.000000000000 0.000000000000
-20.000000000000 51.000000000000 0.000000000000

-19.000000000000 -51.000000000000 0.000000000000
-19.000000000000 -50.000000000000 0.000000000000
-19.000000000000 -49.000000000000 0.000000000002
-19.000000000000 -48.000000000000 0.000000000488
-19.000000000000 -47.000000000000 0.000000106689
-19.000000000000 -46.000000000000 0.000000871233
-19.000000000000 -45.000000000000 0.000003861898
-19.000000000000 -44.000000000000 0.000016315998
-19.000000000000 -43.000000000000 0.000060725751
-19.000000000000 -42.000000000000 0.000196093209
-19.000000000000 -41.000000000000 0.000199541554
-19.000000000000 -40.000000000000 0.000202356309
-19.000000000000 -39.000000000000 0.000206258438
-19.000000000000 -38.000000000000 0.000211253951
-19.000000000000 -37.000000000000 0.000217349362
-19.000000000000 -36.000000000000 0.000224551543
-19.000000000000 -35.000000000000 0.000232867539
-19.000000000000 -34.000000000000 0.000242304329
-19.000000000000 -33.000000000000 0.000252868531
-19.000000000000 -32.000000000000 0.000264566047
-19.000000000000 -31.000000000000 0.000277401649
-19.000000000000 -30.000000000000 0.000291378483
-19.000000000000 -29.000000000000 0.000306497502
-19.000000000000 -28.000000000000 0.000322756801
-19.000000000000 -27.000000000000 0.000340150862
-19.000000000000 -26.000000000000 0.000358669682
-19.000000000000 -25.000000000000 0.000378297792
-19.000000000000 -24.000000000000 0.000399013135
-19.000000000000 -23.000000000000 0.000420785814
-19.000000000000 -22.000000000000 0.000443576695
-19.000000000000 -21.000000000000 0.000467335856
-19.000000000000 -20.000000000000 0.000492000899
-19.000000000000 -19.000000000000 0.000517495126
-19.000000000000 -18.000000000000 0.000543725612
-19.000000000000 -17.000000000000 0.000570581208
-19.000000000000 -16.000000000000 0.000597930558
-19.000000000000 -15.000000000000 0.000625620192
-19.000000000000 -14.000000000000 0.000653472860
-19.000000000000 -13.000000000000 0.000681286242
-19.000000000000 -12.000000000000 0.000708832257
-19.000000000000 -11.000000000000 0.000735857226
-19.000000000000 -10.000000000000 0.000762083142
-19.000000000000 -9.000000000000 0.000787210366
-19.000000000000 -8.000000000000 0.000810922003
-19.000000000000 -7.000000000000 0.000832890168
-19.000000000000 -6.000000000000 0.000852784231
-19.000000000000 -5.000000000000 0.000870280939
-19.000000000000 -4.000000000000 0.000885076070
-19.000000000000 -3.000000000000 0.000896896995
-19.000000000000 -2.000000000000 0.000905515275
-19.000000000000 -1.000000000000 0.000910758183
-19.000000000000 0.000000000000 0.000912518020
-19.000000000000 1.000000000000 0.000910758183
-19.000000000000 2.000000000000 0.000905515275
-19.000000000000 3.000000000000 0.000896896995
-19.000000000000 4.000000000000 0.000885076070
-19.000000000000 5.000000000000 0.000870280939
-19.000000000000 6.000000000000 0.000852784231
-19.000000000000 7.000000000000 0.000832890168
-19.000000000000 8.000000000000 0.000810922003
-19.000000000000 9.000000000000 0.000787210366
-19.000000000000 10.000000000000 0.000762083142
-19.000000000000 11.000000000000 0.000735857226
-19.000000000000 12.000000000000 0.000708832257
-19.000000000000 13.000000000000 0.000681286242
-19.000000000000 14.000000000000 0.000653472860
-19.000000000000 15.000000000000 0.000625620192
-19.000000000000 16.000000000000 0.000597930558
-19.000000000000 17.000000000000 0.000570581208
-19.000000000000 18.000000000000 0.000543725612
-19.000000000000 19.000000000000 0.000517495126
-19.000000000000 20.000000000000 0.000492000899
-19.000000000000 21.000000000000 0.000467335856
-19.000000000000 22.000000000000 0.000443576695
-19.000000000000 23.000000000000 0.000420785814
-19.000000000000 24.000000000000 0.000399013135
-19.000000000000 25.000000000000 0.000378297792
-19.000000000000 26.000000000000 0.000358669682
-19.000000000000 27.000000000000 0.000340150862
-19.000000000000 28.000000000000 0.000322756801
-19.000000000000 29.000000000000 0.000306497502
-19.000000000000 30.000000000000 0.000291378483
-19.000000000000 31.000000000000 0.000277401649
-19.000000000000 32.000000000000 0.000264566047
-19.000000000000 33.000000000000 0.000252868531
-19.000000000000 34.000000000000 0.000242304329
-19.000000000000 35.000000000000 0.000232867539
-19.000000000000 36.000000000000 0.000224551543
-19.000000000000 37.000000000000 0.000217349362
-19.000000000000 38.000000000000 0.000211253951
-19.000000000000 39.000000000000 0.000206258438
-19.000000000000 40.000000000000 0.000202356309
-19.000000000000 41.000000000000 0.000199541554
-19.000000000000 42.000000000000 0.000196093209
-19.000000000000 43.000000000000 0.000060725751
-19.000000000000 44.000000000000 0.000016315998
-19.000000000000 45.000000000000 0.000003861898
-19.000000000000 46.000000000000 0.000000871233
-19.000000000000 47.000000000000 0.000000106689
-19.000000000000 48.000000000000 0.000000000488
-19.000000000000 49.000000000000 0.000000000002
-19.000000000000 50.000000000000 0.000000000000
-19.000000000000 51.000000000000 0.000000000000

-18.000000000000 -51.000000000000 0.000000000000
-18.000000000000 -50.000000000000 0.000000000000
-18.000000000000 -49.000000000000 0.000000000002
-18.000000000000 -48.000000000000 0.000000000521
-18.000000000000 -47.000000000000 0.000000113351
-18.000000000000 -46.000000000000 0.000000920658
-18.000000000000 -45.000000000000 0.000004060937
-18.000000000000 -44.000000000000 0.000017069121
-18.000000000000 -43.000000000000 0.000063175500
-18.000000000000 -42.000000000000 0.000202760168
-18.000000000000 -41.000000000000 0.000206288674
-18.000000000000 -40.000000000000 0.000209200607
-18.000000000000 -39.000000000000 0.000213257360
-18.000000000000 -38.000000000000 0.000218465865
-18.000000000000 -37.000000000000 0.000224833925
-18.000000000000 -36.000000000000 0.000232370080
-18.000000000000 -35.000000000000 0.000241083416
-18.000000000000 -34.000000000000 0.000250983337
-18.000000000000 -33.000000000000 0.000262079265
-18.000000000000 -32.000000000000 0.000274380293
-18.000000000000 -31.000000000000 0.000287894762
-18.000000000000 -30.000000000000 0.000302629768
-18.000000000000 -29.000000000000 0.000318590570
-18.000000000000 -28.000000000000 0.000335779922
-18.000000000000 -27.000000000000 0.000354197272
-18.000000000000 -26.000000000000 0.000373837855
-18.000000000000 -25.000000000000 0.000394691640
-18.000000000000 -24.000000000000 0.000416742127
-18.000000000000 -23.000000000000 0.000439964967
-18.000000000000 -22.000000000000 0.000464326412
-18.000000000000 -21.000000000000 0.000489781556
-18.000000000000 -20.000000000000 0.000516272382
-18.000000000000 -19.000000000000 0.000543725612
-18.000000000000 -18.000000000000 0.000572050363
-18.000000000000 -17.000000000000 0.000601135666
-18.000000000000 -16.000000000000 0.000630847880
-18.000000000000 -15.000000000000 0.000661028116
-18.000000000000 -14.000000000000 0.000691489799
-18.000000000000 -13.000000000000 0.000722016556
-18.000000000000 -12.000000000000 0.000752360688
-18.000000000000 -11.000000000000 0.000782242525
-18.000000000000 -10.000000000000 0.000811351060
-18.000000000000 -9.000000000000 0.000839346253
-18.000000000000 -8.000000000000 0.000865863445
-18.000000000000 -7.000000000000 0.000890520230
-18.000000000000 -6.000000000000 0.000912926033
-18.000000000000 -5.000000000000 0.000932694388
-18.000000000000 -4.000000000000 0.000949457564
-18.000000000000 -3.000000000000 0.000962882809
-18.000000000000 -2.000000000000 0.000972689010
-18.000000000000 -1.000000000000 0.000978662244
-18.000000000000 0.000000000000 0.000980668534
-18.000000000000 1.000000000000 0.000978662244
-18.000000000000 2.000000000000 0.000972689010
-18.000000000000 3.000000000000 0.000962882809
-18.000000000000 4.000000000000 0.000949457564
-18.000000000000 5.000000000000 0.000932694388
-18.000000000000 6.000000000000 0.000912926033
-18.000000000000 7.000000000000 0.000890520230
-18.000000000000 8.000000000000 0.000865863445
-18.000000000000 9.000000000000 0.000839346253
-18.000000000000 10.000000000000 0.000811351060
-18.000000000000 11.000000000000 0.000782242525
-18.000000000000 12.000000000000 0.000752360688
-18.000000000000 13.000000000000 0.000722016556
-18.000000000000 14.000000000000 0.000691489799
-18.000000000000 15.000000000000 0.000661028116
-18.000000000000 16.000000000000 0.000630847880
-18.000000000000 17.000000000000 0.000601135666
-18.000000000000 18.000000000000 0.000572050363
-18.000000000000 19.000000000000 0.000543725612
-18.000000000000 20.000000000000 0.000516272382
-18.000000000000 21.000000000000 0.000489781556
-18.000000000000 22.000000000000 0.000464326412
-18.000000000000 23.000000000000 0.000439964967
-18.000000000000 24.000000000000 0.000416742127
-18.000000000000 25.000000000000 0.000394691640
-18.000000000000 26.000000000000 0.000373837855
-18.000000000000 27.000000000000 0.000354197272
-18.000000000000 28.000000000000 0.000335779922
-18.000000000000 29.000000000000 0.000318590570
-18.000000000000 30.000000000000 0.000302629768
-18.000000000000 31.000000000000 0.000287894762
-18.000000000000 32.000000000000 0.000274380293
-18.000000000000 33.000000000000 0.000262079265
-18.000000000000 34.000000000000 0.000250983337
-18.000000000000 35.000000000000 0.000241083416
-18.000000000000 36.000000000000 0.000232370080
-18.000000000000 37.000000000000 0.000224833925
-18.000000000000 38.000000000000 0.000218465865
-18.000000000000 39.000000000000 0.000213257360
-18.000000000000 40.000000000000 0.000209200607
-18.000000000000 41.000000000000 0.000206288674
-18.000000000000 42.000000000000 0.000202760168
-18.000000000000 43.000000000000 0.000063175500
-18.000000000000 44.000000000000 0.000017069121
-18.000000000000 45.000000000000 0.000004060937
-18.000000000000 46.000000000000 0.000000920658
-18.000000000000 47.000000000000 0.000000113351
-18.000000000000 48.000000000000 0.000000000521
-18.000000000000 49.000000000000 0.000000000002
-18.000000000000 50.000000000000 0.000000000000
-18.000000000000 51.000000000000 0.000000000000

-17.000000000000 -51.000000000000 0.000000000000
-17.000000000000 -50.000000000000 0.000000000000
-17.000000000000 -49.000000000000 0.000000000002
-17.000000000000 -48.000000000000 0.000000000555
-17.000000000000 -47.000000000000 0.000000120098
-17.000000000000 -46.000000000000 0.000000970474
-17.000000000000 -45.000000000000 0.000004260733
-17.000000000000 -44.000000000000 0.000017822084
-17.000000000000 -43.000000000000 0.000065614915
-17.000000000000 -42.000000000000 0.000209372986
-17.000000000000 -41.000000000000 0.000212980475
-17.000000000000 -40.000000000000 0.000215989644
-17.000000000000 -39.000000000000 0.000220201763
-17.000000000000 -38.000000000000 0.000225624751
-17.000000000000 -37.000000000000 0.000232267804
-17.000000000000 -36.000000000000 0.000240141267
-17.000000000000 -35.000000000000 0.000249256451
-17.000000000000 -34.000000000000 0.000259625412
-17.000000000000 -33.000000000000 0.000271260659
-17.000000000000 -32.000000000000 0.000284174819
-17.000000000000 -31.000000000000 0.000298380214
-17.000000000000 -30.000000000000 0.000313888376
-17.000000000000 -29.000000000000 0.000330709461
-17.000000000000 -28.000000000000 0.000348851557
-17.000000000000 -27.000000000000 0.000368319888
-17.000000000000 -26.000000000000 0.000389115861
-17.000000000000 -25.000000000000 0.000411235972
-17.000000000000 -24.000000000000 0.000434670525
-17.000000000000 -23.000000000000 0.000459402157
-17.000000000000 -22.000000000000 0.000485404128
-17.000000000000 -21.000000000000 0.000512638374
-17.000000000000 -20.000000000000 0.000541053285
-17.000000000000 -19.000000000000 0.000570581208
-17.000000000000 -18.000000000000 0.000601135666
-17.000000000000 -17.000000000000 0.000632608316
-17.000000000000 -16.000000000000 0.000664865687
-17.000000000000 -15.000000000000 0.000697745786
-17.000000000000 -14.000000000000 0.000731054705
-17.000000000000 -13.000000000000 0.000764563436
-17.000000000000 -12.000000000000 0.000798005184
-17.000000000000 -11.000000000000 0.000831073559
-17.000000000000 -10.000000000000 0.000863422145
-17.000000000000 -9.000000000000 0.000894666000
-17.000000000000 -8.000000000000 0.000924385737
-17.000000000000 -7.000000000000 0.000952134774
-17.000000000000 -6.000000000000 0.000977450248
-17.000000000000 -5.000000000000 0.000999867784
-17.000000000000 -4.000000000000 0.001018939854
-17.000000000000 -3.000000000000 0.001034256875
-17.000000000000 -2.000000000000 0.001045469473
-17.000000000000 -1.000000000000 0.001052309753
-17.000000000000 0.000000000000 0.001054609049
-17.000000000000 1.000000000000 0.001052309753
-17.000000000000 2.000000000000 0.001045469473
-17.000000000000 3.000000000000 0.001034256875
-17.000000000000 4.000000000000 0.001018939854
-17.000000000000 5.000000000000 0.000999867784
-17.000000000000 6.000000000000 0.000977450248
-17.000000000000 7.000000000000 0.000952134774
-17.000000000000 8.000000000000 0.000924385737
-17.000000000000 9.000000000000 0.000894666000
-17.000000000000 10.000000000000 0.000863422145
-17.000000000000 11.000000000000 0.000831073559
-17.000000000000 12.000000000000 0.000798005184
-17.000000000000 13.000000000000 0.000764563436
-17.000000000000 14.000000000000 0.000731054705
-17.000000000000 15.000000000000 0.000697745786
-17.000000000000 16.000000000000 0.000664865687
-17.000000000000 17.000000000000 0.000632608316
-17.000000000000 18.000000000000 0.000601135666
-17.000000000000 19.000000000000 0.000570581208
-17.000000000000 20.000000000000 0.000541053285
-17.000000000000 21.000000000000 0.000512638374
-17.000000000000 22.000000000000 0.000485404128
-17.000000000000 23.000000000000 0.000459402157
-17.000000000000 24.000000000000 0.000434670525
-17.000000000000 25.000000000000 0.000411235972
-17.000000000000 26.000000000000 0.000389115861
-17.000000000000 27.000000000000 0.000368319888
-17.000000000000 28.000000000000 0.000348851557
-17.000000000000 29.000000000000 0.000330709461
-17.000000000000 30.000000000000 0.000313888376
-17.000000000000 31.000000000000 0.000298380214
-17.000000000000 32.000000000000 0.000284174819
-17.000000000000 33.000000000000 0.000271260659
-17.000000000000 34.000000000000 0.000259625412
-17.000000000000 35.000000000000 0.000249256451
-17.000000000000 36.000000000000 0.000240141267
-17.000000000000 37.000000000000 0.000232267804
-17.000000000000 38.000000000000 0.000225624751
-17.000000000000 39.000000000000 0.000220201763
-17.000000000000 40.000000000000 0.000215989644
-17.000000000000 41.000000000000 0.000212980475
-17.000000000000 42.000000000000 0.000209372986
-17.000000000000 43.000000000000 0.000065614915
-17.000000000000 44.000000000000 0.000017822084
-17.000000000000 45.000000000000 0.000004260733
-17.000000000000 46.000000000000 0.000000970474
-17.000000000000 47.000000000000 0.000000120098
-17.000000000000 48.000000000000 0.000000000555
-17.000000000000 49.000000000000 0.000000000002
-17.000000000000 50.000000000000 0.000000000000
-17.000000000000 51.000000000000 0.000000000000

-16.000000000000 -51.000000000000 0.000000000000
-16.000000000000 -50.000000000000 0.000000000000
-16.000000000000 -49.000000000000 0.000000000002
-16.000000000000 -48.000000000000 0.000000000589
-16.000000000000 -47.000000000000 0.000000126885
-16.000000000000 -46.000000000000 0.000001020358
-16.000000000000 -45.000000000000 0.000004460016
-16.000000000000 -44.000000000000 0.000018570213
-16.000000000000 -43.000000000000 0.000068029287
-16.000000000000 -42.000000000000 0.000215893110
-16.000000000000 -41.000000000000 0.000219577979
-16.000000000000 -40.000000000000 0.000222683857
-16.000000000000 -39.000000000000 0.000227051127
-16.000000000000 -38.000000000000 0.000232688755
-16.000000000000 -37.000000000000 0.000239607426
-16.000000000000 -36.000000000000 0.000247819422
-16.000000000000 -35.000000000000 0.000257338451
-16.000000000000 -34.000000000000 0.000268179441
-16.000000000000 -33.000000000000 0.000280358261
-16.000000000000 -32.000000000000 0.000293891404
-16.000000000000 -31.000000000000 0.000308795581
-16.000000000000 -30.000000000000 0.000325087250
-16.000000000000 -29.000000000000 0.000342782046
-16.000000000000 -28.000000000000 0.000361894099
-16.000000000000 -27.000000000000 0.000382435233
-16.000000000000 -26.000000000000 0.000404414014
-16.000000000000 -25.000000000000 0.000427834620
-16.000000000000 -24.000000000000 0.000452695518
-16.000000000000 -23.000000000000 0.000478987903
-16.000000000000 -22.000000000000 0.000506693870
-16.000000000000 -21.000000000000 0.000535784283
-16.000000000000 -20.000000000000 0.000566216305
-16.000000000000 -19.000000000000 0.000597930558
-16.000000000000 -18.000000000000 0.000630847880
-16.000000000000 -17.000000000000 0.000664865687
-16.000000000000 -16.000000000000 0.000699853946
-16.000000000000 -15.000000000000 0.000735650828
-16.000000000000 -14.000000000000 0.000772058153
-16.000000000000 -13.000000000000 0.000808836848
-16.000000000000 -12.000000000000 0.000845702716
-16.000000000000 -11.000000000000 0.000882322977
-16.000000000000 -10.000000000000 0.000918314198
-16.000000000000 -9.000000000000 0.000953242367
-16.000000000000 -8.000000000000 0.000986626024
-16.000000000000 -7.000000000000 0.001017943422
-16.000000000000 -6.000000000000 0.001046644572
-16.000000000000 -5.000000000000 0.001072168764
-16.000000000000 -4.000000000000 0.001093967525
-16.000000000000 -3.000000000000 0.001111532130
-16.000000000000 -2.000000000000 0.001124423642
-16.000000000000 -1.000000000000 0.001132302416
-16.000000000000 0.000000000000 0.001134953254
-16.000000000000 1.000000000000 0.001132302416
-16.000000000000 2.000000000000 0.001124423642
-16.000000000000 3.000000000000 0.001111532130
-16.000000000000 4.000000000000 0.001093967525
-16.000000000000 5.000000000000 0.001072168764
-16.000000000000 6.000000000000 0.001046644572
-16.000000000000 7.000000000000 0.001017943422
-16.000000000000 8.000000000000 0.000986626024
-16.000000000000 9.000000000000 0.000953242367
-16.000000000000 10.000000000000 0.000918314198
-16.000000000000 11.000000000000 0.000882322977
-16.000000000000 12.000000000000 0.000845702716
-16.000000000000 13.000000000000 0.000808836848
-16.000000000000 14.000000000000 0.000772058153
-16.000000000000 15.000000000000 0.000735650828
-16.000000000000 16.000000000000 0.000699853946
-16.000000000000 17.000000000000 0.000664865687
-16.000000000000 18.000000000000 0.000630847880
-16.000000000000 19.000000000000 0.000597930558
-16.000000000000 20.000000000000 0.000566216305
-16.000000000000 21.000000000000 0.000535784283
-16.000000000000 22.000000000000 0.000506693870
-16.000000000000 23.000000000000 0.000478987903
-16.000000000000 24.000000000000 0.000452695518
-16.000000000000 25.000000000000 0.000427834620
-16.000000000000 26.000000000000 0.000404414014
-16.000000000000 27.000000000000 0.000382435233
-16.000000000000 28.000000000000 0.000361894099
-16.000000000000 29.000000000000 0.000342782046
-16.000000000000 30.000000000000 0.000325087250
-16.000000000000 31.000000000000 0.000308795581
-16.000000000000 32.000000000000 0.000293891404
-16.000000000000 33.000000000000 0.000280358261
-16.000000000000 34.000000000000 0.000268179441
-16.000000000000 35.000000000000 0.000257338451
-16.000000000000 36.000000000000 0.000247819422
-16.000000000000 37.000000000000 0.000239607426
-16.000000000000 38.000000000000 0.000232688755
-16.000000000000 39.000000000000 0.000227051127
-16.000000000000 40.000000000000 0.000222683857
-16.000000000000 41.000000000000 0.000219577979
-16.000000000000 42.000000000000 0.000215893110
-16.000000000000 43.000000000000 0.000068029287
-16.000000000000 44.000000000000 0.000018570213
-16.000000000000 45.000000000000 0.000004460016
-16.000000000000 46.000000000000 0.000001020358
-16.000000000000 47.000000000000 0.000000126885
-16.000000000000 48.000000000000 0.000000000589
-16.000000000000 49.000000000000 0.000000000002
-16.000000000000 50.000000000000 0.000000000000
-16.000000000000 51.000000000000 0.000000000000

-15.000000000000 -51.000000000000 0.000000000000
-15.000000000000 -50.000000000000 0.000000000000
-15.000000000000 -49.000000000000 0.000000000003
-15.000000000000 -48.000000000000 0.000000000623
-15.000000000000 -47.000000000000 0.000000133664
-15.000000000000 -46.000000000000 0.000001069964
-15.000000000000 -45.000000000000 0.000004657445
-15.000000000000 -44.000000000000 0.000019308629
-15.000000000000 -43.000000000000 0.000070403440
-15.000000000000 -42.000000000000 0.000222281239
-15.000000000000 -41.000000000000 0.000226041452
-15.000000000000 -40.000000000000 0.000229242898
-15.000000000000 -39.000000000000 0.000233764084
-15.000000000000 -38.000000000000 0.000239615079
-15.000000000000 -37.000000000000 0.000246808141
-15.000000000000 -36.000000000000 0.000255357609
-15.000000000000 -35.000000000000 0.000265279748
-15.000000000000 -34.000000000000 0.000276592559
-15.000000000000 -33.000000000000 0.000289315526
-15.000000000000 -32.000000000000 0.000303469325
-15.000000000000 -31.000000000000 0.000319075443
-15.000000000000 -30.000000000000 0.000336155740
-15.000000000000 -29.000000000000 0.000354731904
-15.000000000000 -28.000000000000 0.000374824804
-15.000000000000 -27.000000000000 0.000396453706
-15.000000000000 -26.000000000000 0.000419635339
-15.000000000000 -25.000000000000 0.000444382769
-15.000000000000 -24.000000000000 0.000470704060
-15.000000000000 -23.000000000000 0.000498600662
-15.000000000000 -22.000000000000 0.000528065504
-15.000000000000 -21.000000000000 0.000559080717
-15.000000000000 -20.000000000000 0.000591614947
-15.000000000000 -19.000000000000 0.000625620192
-15.000000000000 -18.000000000000 0.000661028116
-15.000000000000 -17.000000000000 0.000697745786
-15.000000000000 -16.000000000000 0.000735650828
-15.000000000000 -15.000000000000 0.000774585997
-15.000000000000 -14.000000000000 0.000814353270
-15.000000000000 -13.000000000000 0.000854707615
-15.000000000000 -12.000000000000 0.000895350776
-15.000000000000 -11.000000000000 0.000935925550
-15.000000000000 -10.000000000000 0.000976011309
-15.000000000000 -9.000000000000 0.001015121736
-15.000000000000 -8.000000000000 0.001052706063
-15.000000000000 -7.000000000000 0.001088155242
-15.000000000000 -6.000000000000 0.001120814570
-15.000000000000 -5.000000000000 0.001150003974
-15.000000000000 -4.000000000000 0.001175046480
-15.000000000000 -3.000000000000 0.001195304130
-15.000000000000 -2.000000000000 0.001210218886
-15.000000000000 -1.000000000000 0.001219354173
-15.000000000000 0.000000000000 0.001222431236
-15.000000000000 1.000000000000 0.001219354173
-15.000000000000 2.000000000000 0.001210218886
-15.000000000000 3.000000000000 0.001195304130
-15.000000000000 4.000000000000 0.001175046480
-15.000000000000 5.000000000000 0.001150003974
-15.000000000000 6.000000000000 0.001120814570
-15.000000000000 7.000000000000 0.001088155242
-15.000000000000 8.000000000000 0.001052706063
-15.000000000000 9.000000000000 0.001015121736
-15.000000000000 10.000000000000 0.000976011309
-15.000000000000 11.000000000000 0.000935925550
-15.000000000000 12.000000000000 0.000895350776
-15.000000000000 13.000000000000 0.000854707615
-15.000000000000 14.000000000000 0.000814353270
-15.000000000000 15.000000000000 0.000774585997
-15.000000000000 16.000000000000 0.000735650828
-15.000000000000 17.000000000000 0.000697745786
-15.000000000000 18.000000000000 0.000661028116
-15.000000000000 19.000000000000 0.000625620192
-15.000000000000 20.000000000000 0.000591614947
-15.000000000000 21.000000000000 0.000559080717
-15.000000000000 22.000000000000 0.000528065504
-15.000000000000 23.000000000000 0.000498600662
-15.000000000000 24.000000000000 0.000470704060
-15.000000000000 25.000000000000 0.000444382769
-15.000000000000 26.000000000000 0.000419635339
-15.000000000000 27.000000000000 0.000396453706
-15.000000000000 28.000000000000 0.000374824804
-15.000000000000 29.000000000000 0.000354731904
-15.000000000000 30.000000000000 0.000336155740
-15.000000000000 31.000000000000 0.000319075443
-15.000000000000 32.000000000000 0.000303469325
-15.000000000000 33.000000000000 0.000289315526
-15.000000000000 34.000000000000 0.000276592559
-15.000000000000 35.000000000000 0.000265279748
-15.000000000000 36.000000000000 0.000255357609
-15.000000000000 37.000000000000 0.000246808141
-15.000000000000 38.000000000000 0.000239615079
-15.000000000000 39.000000000000 0.000233764084
-15.000000000000 40.000000000000 0.000229242898
-15.000000000000 41.000000000000 0.000226041452
-15.000000000000 42.000000000000 0.000222281239
-15.000000000000 43.000000000000 0.000070403440
-15.000000000000 44.000000000000 0.000019308629
-15.000000000000 45.000000000000 0.000004657445
-15.000000000000 46.000000000000 0.000001069964
-15.000000000000 47.000000000000 0.000000133664
-15.000000000000 48.000000000000 0.000000000623
-15.000000000000 49.000000000000 0.000000000003
-15.000000000000 50.000000000000 0.000000000000
-15.000000000000 51.000000000000 0.000000000000

-14.000000000000 -51.000000000000 0.000000000000
-14.000000000000 -50.000000000000 0.000000000000
-14.000000000000 -49.000000000000 0.000000000003
-14.000000000000 -48.000000000000 0.000000000657
-14.000000000000 -47.000000000000 0.000000140384
-14.000000000000 -46.000000000000 0.000001118928
-14.000000000000 -45.000000000000 0.000004851616
-14.000000000000 -44.000000000000 0.000020032287
-14.000000000000 -43.000000000000 0.000072721855
-14.000000000000 -42.000000000000 0.000228497619
-14.000000000000 -41.000000000000 0.000232330717
-14.000000000000 -40.000000000000 0.000235625948
-14.000000000000 -39.000000000000 0.000240298739
-14.000000000000 -38.000000000000 0.000246360309
-14.000000000000 -37.000000000000 0.000253824561
-14.000000000000 -36.000000000000 0.000262707994
-14.000000000000 -35.000000000000 0.000273029568
-14.000000000000 -34.000000000000 0.000284810534
-14.000000000000 -33.000000000000 0.000298074223
-14.000000000000 -32.000000000000 0.000312845777
-14.000000000000 -31.000000000000 0.000329151818
-14.000000000000 -30.000000000000 0.000347020051
-14.000000000000 -29.000000000000 0.000366478765
-14.000000000000 -28.000000000000 0.000387556235
-14.000000000000 -27.000000000000 0.000410279994
-14.000000000000 -26.000000000000 0.000434675936
-14.000000000000 -25.000000000000 0.000460767235
-14.000000000000 -24.000000000000 0.000488573028
-14.000000000000 -23.000000000000 0.000518106804
-14.000000000000 -22.000000000000 0.000549374466
-14.000000000000 -21.000000000000 0.000582371964
-14.000000000000 -20.000000000000 0.000617082452
-14.000000000000 -19.000000000000 0.000653472860
-14.000000000000 -18.000000000000 0.000691489799
-14.000000000000 -17.000000000000 0.000731054705
-14.000000000000 -16.000000000000 0.000772058153
-14.000000000000 -15.000000000000 0.000814353270
-14.000000000000 -14.000000000000 0.000857748284
-14.000000000000 -13.000000000000 0.000901998310
-14.000000000000 -12.000000000000 0.000946796631
-14.000000000000 -11.000000000000 0.000991765996
-14.000000000000 -10.000000000000 0.001036450733
-14.000000000000 -9.000000000000 0.001080310898
-14.000000000000 -8.000000000000 0.001122720141
-14.000000000000 -7.000000000000 0.001162969416
-14.000000000000 -6.000000000000 0.001200278944
-14.000000000000 -5.000000000000 0.001233820754
-14.000000000000 -4.000000000000 0.001262753401
-14.000000000000 -3.000000000000 0.001286268746
-14.000000000000 -2.000000000000 0.001303648070
-14.000000000000 -1.000000000000 0.001314321484
-14.000000000000 0.000000000000 0.001317921627
-14.000000000000 1.000000000000 0.001314321484
-14.000000000000 2.000000000000 0.001303648070
-14.000000000000 3.000000000000 0.001286268746
-14.000000000000 4.000000000000 0.001262753401
-14.000000000000 5.000000000000 0.001233820754
-14.000000000000 6.000000000000 0.001200278944
-14.000000000000 7.000000000000 0.001162969416
-14.000000000000 8.000000000000 0.001122720141
-14.000000000000 9.000000000000 0.001080310898
-14.000000000000 10.000000000000 0.001036450733
-14.000000000000 11.000000000000 0.000991765996
-14.000000000000 12.000000000000 0.000946796631
-14.000000000000 13.000000000000 0.000901998310
-14.000000000000 14.000000000000 0.000857748284
-14.000000000000 15.000000000000 0.000814353270
-14.000000000000 16.000000000000 0.000772058153
-14.000000000000 17.000000000000 0.000731054705
-14.000000000000 18.000000000000 0.000691489799
-14.000000000000 19.000000000000 0.000653472860
-14.000000000000 20.000000000000 0.000617082452
-14.000000000000 21.000000000000 0.000582371964
-14.000000000000 22.000000000000 0.000549374466
-14.000000000000 23.000000000000 0.000518106804
-14.000000000000 24.000000000000 0.000488573028
-14.000000000000 25.000000000000 0.000460767235
-14.000000000000 26.000000000000 0.000434675936
-14.000000000000 27.000000000000 0.000410279994
-14.000000000000 28.000000000000 0.000387556235
-14.000000000000 29.000000000000 0.000366478765
-14.000000000000 30.000000000000 0.000347020051
-14.000000000000 31.000000000000 0.000329151818
-14.000000000000 32.000000000000 0.000312845777
-14.000000000000 33.000000000000 0.000298074223
-14.000000000000 34.000000000000 0.000284810534
-14.000000000000 35.000000000000 0.000273029568
-14.000000000000 36.000000000000 0.000262707994
-14.000000000000 37.000000000000 0.000253824561
-14.000000000000 38.000000000000 0.000246360309
-14.000000000000 39.000000000000 0.000240298739
-14.000000000000 40.000000000000 0.000235625948
-14.000000000000 41.000000000000 0.000232330717
-14.000000000000 42.000000000000 0.000228497619
-14.000000000000 43.000000000000 0.000072721855
-14.000000000000 44.000000000000 0.000020032287
-14.000000000000 45.000000000000 0.000004851616
-14.000000000000 46.000000000000 0.000001118928
-14.000000000000 47.000000000000 0.000000140384
-14.000000000000 48.000000000000 0.000000000657
-14.000000000000 49.000000000000 0.000000000003
-14.000000000000 50.000000000000 0.000000000000
-14.000000000000 51.000000000000 0.000000000000

-13.000000000000 -51.000000000000 0.000000000000
-13.000000000000 -50.000000000000 0.000000000000
-13.000000000000 -49.000000000000 0.000000000003
-13.000000000000 -48.000000000000 0.000000000691
-13.000000000000 -47.000000000000 0.000000146990
-13.000000000000 -46.000000000000 0.000001166868
-13.000000000000 -45.000000000000 0.000005041079
-13.000000000000 -44.000000000000 0.000020736022
-13.000000000000 -43.000000000000 0.000074968811
-13.000000000000 -42.000000000000 0.000234502385
-13.000000000000 -41.000000000000 0.000238405490
-13.000000000000 -40.000000000000 0.000241792057
-13.000000000000 -39.000000000000 0.000246613021
-13.000000000000 -38.000000000000 0.000252880780
-13.000000000000 -37.000000000000 0.000260610941
-13.000000000000 -36.000000000000 0.000269822244
-13.000000000000 -35.000000000000 0.000280536453
-13.000000000000 -34.000000000000 0.000292778220
-13.000000000000 -33.000000000000 0.000306574911
-13.000000000000 -32.000000000000 0.000321956381
-13.000000000000 -31.000000000000 0.000338954700
-13.000000000000 -30.000000000000 0.000357603809
-13.000000000000 -29.000000000000 0.000377939094
-13.000000000000 -28.000000000000 0.000399996861
-13.000000000000 -27.000000000000 0.000423813678
-13.000000000000 -26.000000000000 0.000449425569
-13.000000000000 -25.000000000000 0.000476867011
-13.000000000000 -24.000000000000 0.000506169683
-13.000000000000 -23.000000000000 0.000537360932
-13.000000000000 -22.000000000000 0.000570461856
-13.000000000000 -21.000000000000 0.000605484938
-13.000000000000 -20.000000000000 0.000642431127
-13.000000000000 -19.000000000000 0.000681286242
-13.000000000000 -18.000000000000 0.000722016556
-13.000000000000 -17.000000000000 0.000764563436
-13.000000000000 -16.000000000000 0.000808836848
-13.000000000000 -15.000000000000 0.000854707615
-13.000000000000 -14.000000000000 0.000901998310
-13.000000000000 -13.000000000000 0.000950472778
-13.000000000000 -12.000000000000 0.000999824437
-13.000000000000 -11.000000000000 0.001049663761
-13.000000000000 -10.000000000000 0.001099505777
-13.000000000000 -9.000000000000 0.001148758948
-13.000000000000 -8.000000000000 0.001196717547
-13.000000000000 -7.000000000000 0.001242560483
-13.000000000000 -6.000000000000 0.001285360278
-13.000000000000 -5.000000000000 0.001324106293
-13.000000000000 -4.000000000000 0.001357745768
-13.000000000000 -3.000000000000 0.001385244219
-13.000000000000 -2.000000000000 0.001405662809
-13.000000000000 -1.000000000000 0.001418244609
-13.000000000000 0.000000000000 0.001422495813
-13.000000000000 1.000000000000 0.001418244609
-13.000000000000 2.000000000000 0.001405662809
-13.000000000000 3.000000000000 0.001385244219
-13.000000000000 4.000000000000 0.001357745768
-13.000000000000 5.000000000000 0.001324106293
-13.000000000000 6.000000000000 0.001285360278
-13.000000000000 7.000000000000 0.001242560483
-13.000000000000 8.000000000000 0.001196717547
-13.000000000000 9.000000000000 0.001148758948
-13.000000000000 10.000000000000 0.001099505777
-13.000000000000 11.000000000000 0.001049663761
-13.000000000000 12.000000000000 0.000999824437
-13.000000000000 13.000000000000 0.000950472778
-13.000000000000 14.000000000000 0.000901998310
-13.000000000000 15.000000000000 0.000854707615
-13.000000000000 16.000000000000 0.000808836848
-13.000000000000 17.000000000000 0.000764563436
-13.000000000000 18.000000000000 0.000722016556
-13.000000000000 19.000000000000 0.000681286242
-13.000000000000 20.000000000000 0.000642431127
-13.000000000000 21.000000000000 0.000605484938
-13.000000000000 22.000000000000 0.000570461856
-13.000000000000 23.000000000000 0.000537360932
-13.000000000000 24.000000000000 0.000506169683
-13.000000000000 25.000000000000 0.000476867011
-13.000000000000 26.000000000000 0.000449425569
-13.000000000000 27.000000000000 0.000423813678
-13.000000000000 28.000000000000 0.000399996861
-13.000000000000 29.000000000000 0.000377939094
-13.000000000000 30.000000000000 0.000357603809
-13.000000000000 31.000000000000 0.000338954700
-13.000000000000 32.000000000000 0.000321956381
-13.000000000000 33.000000000000 0.000306574911
-13.000000000000 34.000000000000 0.000292778220
-13.000000000000 35.000000000000 0.000280536453
-13.000000000000 36.000000000000 0.000269822244
-13.000000000000 37.000000000000 0.000260610941
-13.000000000000 38.000000000000 0.000252880780
-13.000000000000 39.000000000000 0.000246613021
-13.000000000000 40.000000000000 0.000241792057
-13.000000000000 41.000000000000 0.000238405490
-13.000000000000 42.000000000000 0.000234502385
-13.000000000000 43.000000000000 0.000074968811
-13.000000000000 44.000000000000 0.000020736022
-13.000000000000 45.000000000000 0.000005041079
-13.000000000000 46.000000000000 0.000001166868
-13.000000000000 47.000000000000 0.000000146990
-13.000000000000 48.000000000000 0.000000000691
-13.000000000000 49.000000000000 0.000000000003
-13.000000000000 50.000000000000 0.000000000000
-13.000000000000 51.000000000000 0.000000000000

-12.000000000000 -51.000000000000 0.000000000000
-12.000000000000 -50.000000000000 0.000000000000
-12.000000000000 -49.000000000000 0.000000000003
-12.000000000000 -48.000000000000 0.000000000724
-12.000000000000 -47.000000000000 0.000000153425
-12.000000000000 -46.000000000000 0.000001213392
-12.000000000000 -45.000000000000 0.000005224353
-12.000000000000 -44.000000000000 0.000021414607
-12.000000000000 -43.000000000000 0.000077128536
-12.000000000000 -42.000000000000 0.000240255918
-12.000000000000 -41.000000000000 0.000244225743
-12.000000000000 -40.000000000000 0.000247700523
-12.000000000000 -39.000000000000 0.000252665066
-12.000000000000 -38.000000000000 0.000259132977
-12.000000000000 -37.000000000000 0.000267121600
-12.000000000000 -36.000000000000 0.000276651972
-12.000000000000 -35.000000000000 0.000287748741
-12.000000000000 -34.000000000000 0.000300440067
-12.000000000000 -33.000000000000 0.000314757494
-12.000000000000 -32.000000000000 0.000330735783
-12.000000000000 -31.000000000000 0.000348412702
-12.000000000000 -30.000000000000 0.000367828755
-12.000000000000 -29.000000000000 0.000389026846
-12.000000000000 -28.000000000000 0.000412051850
-12.000000000000 -27.000000000000 0.000436950065
-12.000000000000 -26.000000000000 0.000463768525
-12.000000000000 -25.000000000000 0.000492554121
-12.000000000000 -24.000000000000 0.000523352494
-12.000000000000 -23.000000000000 0.000556206620
-12.000000000000 -22.000000000000 0.000591155021
-12.000000000000 -21.000000000000 0.000628229497
-12.000000000000 -20.000000000000 0.000667452252
-12.000000000000 -19.000000000000 0.000708832257
-12.000000000000 -18.000000000000 0.000752360688
-12.000000000000 -17.000000000000 0.000798005184
-12.000000000000 -16.000000000000 0.000845702716
-12.000000000000 -15.000000000000 0.000895350776
-12.000000000000 -14.000000000000 0.000946796631
-12.000000000000 -13.000000000000 0.000999824437
-12.000000000000 -12.000000000000 0.001054140135
-12.000000000000 -11.000000000000 0.001109354319
-12.000000000000 -10.000000000000 0.001164963731
-12.000000000000 -9.000000000000 0.001220332758
-12.000000000000 -8.000000000000 0.001274677383
-12.000000000000 -7.000000000000 0.001327055406
-12.000000000000 -6.000000000000 0.001376368354
-12.000000000000 -5.000000000000 0.001421381811
-12.000000000000 -4.000000000000 0.001460771244
-12.000000000000 -3.000000000000 0.001493198416
-12.000000000000 -2.000000000000 0.001517418067
-12.000000000000 -1.000000000000 0.001532404991
-12.000000000000 0.000000000000 0.001537480044
-12.000000000000 1.000000000000 0.001532404991
-12.000000000000 2.000000000000 0.001517418067
-12.000000000000 3.000000000000 0.001493198416
-12.000000000000 4.000000000000 0.001460771244
-12.000000000000 5.000000000000 0.001421381811
-12.000000000000 6.000000000000 0.001376368354
-12.000000000000 7.000000000000 0.001327055406
-12.000000000000 8.000000000000 0.001274677383
-12.000000000000 9.000000000000 0.001220332758
-12.000000000000 10.000000000000 0.001164963731
-12.000000000000 11.000000000000 0.001109354319
-12.000000000000 12.000000000000 0.001054140135
-12.000000000000 13.000000000000 0.000999824437
-12.000000000000 14.000000000000 0.000946796631
-12.000000000000 15.000000000000 0.000895350776
-12.000000000000 16.000000000000 0.000845702716
-12.000000000000 17.000000000000 0.000798005184
-12.000000000000 18.000000000000 0.000752360688
-12.000000000000 19.000000000000 0.000708832257
-12.000000000000 20.000000000000 0.000667452252
-12.000000000000 21.000000000000 0.000628229497
-12.000000000000 22.000000000000 0.000591155021
-12.000000000000 23.000000000000 0.000556206620
-12.000000000000 24.000000000000 0.000523352494
-12.000000000000 25.000000000000 0.000492554121
-12.000000000000 26.000000000000 0.000463768525
-12.000000000000 27.000000000000 0.000436950065
-12.000000000000 28.000000000000 0.000412051850
-12.000000000000 29.000000000000 0.000389026846
-12.000000000000 30.000000000000 0.000367828755
-12.000000000000 31.000000000000 0.000348412702
-12.000000000000 32.000000000000 0.000330735783
-12.000000000000 33.000000000000 0.000314757494
-12.000000000000 34.000000000000 0.000300440067
-12.000000000000 35.000000000000 0.000287748741
-12.000000000000 36.000000000000 0.000276651972
-12.000000000000 37.000000000000 0.000267121600
-12.000000000000 38.000000000000 0.000259132977
-12.000000000000 39.000000000000 0.000252665066
-12.000000000000 40.000000000000 0.000247700523
-12.000000000000 41.000000000000 0.000244225743
-12.000000000000 42.000000000000 0.000240255918
-12.000000000000 43.000000000000 0.000077128536
-12.000000000000 44.000000000000 0.000021414607
-12.000000000000 45.000000000000 0.000005224353
-12.000000000000 46.000000000000 0.000001213392
-12.000000000000 47.000000000000 0.000000153425
-12.000000000000 48.000000000000 0.000000000724
-12.000000000000 49.000000000000 0.000000000003
-12.000000000000 50.000000000000 0.000000000000
-12.000000000000 51.000000000000 0.000000000000

-11.000000000000 -51.000000000000 0.000000000000
-11.000000000000 -50.000000000000 0.000000000000
-11.000000000000 -49.000000000000 0.000000000003
-11.000000000000 -48.000000000000 0.000000000756
-11.000000000000 -47.000000000000 0.000000159631
-11.000000000000 -46.000000000000 0.000001258099
-11.000000000000 -45.000000000000 0.000005399944
-11.000000000000 -44.000000000000 0.000022062810
-11.000000000000 -43.000000000000 0.000079185379
-11.000000000000 -42.000000000000 0.000245719236
-11.000000000000 -41.000000000000 0.000249752097
-11.000000000000 -40.000000000000 0.000253311277
-11.000000000000 -39.000000000000 0.000258413628
-11.000000000000 -38.000000000000 0.000265073962
-11.000000000000 -37.000000000000 0.000273311376
-11.000000000000 -36.000000000000 0.000283149229
-11.000000000000 -35.000000000000 0.000294615091
-11.000000000000 -34.000000000000 0.000307740692
-11.000000000000 -33.000000000000 0.000322561844
-11.000000000000 -32.000000000000 0.000339118337
-11.000000000000 -31.000000000000 0.000357453810
-11.000000000000 -30.000000000000 0.000377615570
-11.000000000000 -29.000000000000 0.000399654361
-11.000000000000 -28.000000000000 0.000423624056
-11.000000000000 -27.000000000000 0.000449581253
-11.000000000000 -26.000000000000 0.000477584747
-11.000000000000 -25.000000000000 0.000507694828
-11.000000000000 -24.000000000000 0.000539972372
-11.000000000000 -23.000000000000 0.000574477638
-11.000000000000 -22.000000000000 0.000611268708
-11.000000000000 -21.000000000000 0.000650399429
-11.000000000000 -20.000000000000 0.000691916748
-11.000000000000 -19.000000000000 0.000735857226
-11.000000000000 -18.000000000000 0.000782242525
-11.000000000000 -17.000000000000 0.000831073559
-11.000000000000 -16.000000000000 0.000882322977
-11.000000000000 -15.000000000000 0.000935925550
-11.000000000000 -14.000000000000 0.000991765996
-11.000000000000 -13.000000000000 0.001049663761
-11.000000000000 -12.000000000000 0.001109354319
-11.000000000000 -11.000000000000 0.001170466777
-11.000000000000 -10.000000000000 0.001232497982
-11.000000000000 -9.000000000000 0.001294784200
-11.000000000000 -8.000000000000 0.001356472804
-11.000000000000 -7.000000000000 0.001416498497
-11.000000000000 -6.000000000000 0.001473571395
-11.000000000000 -5.000000000000 0.001526187425
-11.000000000000 -4.000000000000 0.001572673797
-11.000000000000 -3.000000000000 0.001611281808
-11.000000000000 -2.000000000000 0.001640332644
-11.000000000000 -1.000000000000 0.001658406799
-11.000000000000 0.000000000000 0.001664544929
-11.000000000000 1.000000000000 0.001658406799
-11.000000000000 2.000000000000 0.001640332644
-11.000000000000 3.000000000000 0.001611281808
-11.000000000000 4.000000000000 0.001572673797
-11.000000000000 5.000000000000 0.001526187425
-11.000000000000 6.000000000000 0.001473571395
-11.000000000000 7.000000000000 0.001416498497
-11.000000000000 8.000000000000 0.001356472804
-11.000000000000 9.000000000000 0.001294784200
-11.000000000000 10.000000000000 0.001232497982
-11.000000000000 11.000000000000 0.001170466777
-11.000000000000 12.000000000000 0.001109354319
-11.000000000000 13.000000000000 0.001049663761
-11.000000000000 14.000000000000 0.000991765996
-11.000000000000 15.000000000000 0.000935925550
-11.000000000000 16.000000000000 0.000882322977
-11.000000000000 17.000000000000 0.000831073559
-11.000000000000 18.000000000000 0.000782242525
-11.000000000000 19.000000000000 0.000735857226
-11.000000000000 20.000000000000 0.000691916748
-11.000000000000 21.000000000000 0.000650399429
-11.000000000000 22.000000000000 0.000611268708
-11.000000000000 23.000000000000 0.000574477638
-11.000000000000 24.000000000000 0.000539972372
-11.000000000000 25.000000000000 0.000507694828
-11.000000000000 26.000000000000 0.000477584747
-11.000000000000 27.000000000000 0.000449581253
-11.000000000000 28.000000000000 0.000423624056
-11.000000000000 29.000000000000 0.000399654361
-11.000000000000 30.000000000000 0.000377615570
-11.000000000000 31.000000000000 0.000357453810
-11.000000000000 32.000000000000 0.000339118337
-11.000000000000 33.000000000000 0.000322561844
-11.000000000000 34.000000000000 0.000307740692
-11.000000000000 35.000000000000 0.000294615091
-11.000000000000 36.000000000000 0.000283149229
-11.000000000000 37.000000000000 0.000273311376
-11.000000000000 38.000000000000 0.000265073962
-11.000000000000 39.000000000000 0.000258413628
-11.000000000000 40.000000000000 0.000253311277
-11.000000000000 41.000000000000 0.000249752097
-11.000000000000 42.000000000000 0.000245719236
-11.000000000000 43.000000000000 0.000079185379
-11.000000000000 44.000000000000 0.000022062810
-11.000000000000 45.000000000000 0.000005399944
-11.000000000000 46.000000000000 0.000001258099
-11.000000000000 47.000000000000 0.000000159631
-11.000000000000 48.000000000000 0.000000000756
-11.000000000000 49.000000000000 0.000000000003
-11.000000000000 50.000000000000 0.000000000000
-11.000000000000 51.000000000000 0.000000000000

-10.000000000000 -51.000000000000 0.000000000000
-10.000000000000 -50.000000000000 0.000000000000
-10.000000000000 -49.000000000000 0.000000000003
-10.000000000000 -48.000000000000 0.000000000786
-10.000000000000 -47.000000000000 0.000000165548
-10.000000000000 -46.000000000000 0.000001300590
-10.000000000000 -45.000000000000 0.000005566363
-10.000000000000 -44.000000000000 0.000022675460
-10.000000000000 -43.000000000000 0.000081123988
-10.000000000000 -42.000000000000 0.000250854392
-10.000000000000 -41.000000000000 0.000254946225
-10.000000000000 -40.000000000000 0.000258585310
-10.000000000000 -39.000000000000 0.000263818508
-10.000000000000 -38.000000000000 0.000270661828
-10.000000000000 -37.000000000000 0.000279136109
-10.000000000000 -36.000000000000 0.000289267020
-10.000000000000 -35.000000000000 0.000301085051
-10.000000000000 -34.000000000000 0.000314625508
-10.000000000000 -33.000000000000 0.000329928490
-10.000000000000 -32.000000000000 0.000347038869
-10.000000000000 -31.000000000000 0.000366006234
-10.000000000000 -30.000000000000 0.000386884825
-10.000000000000 -29.000000000000 0.000409733424
-10.000000000000 -28.000000000000 0.000434615192
-10.000000000000 -27.000000000000 0.000461597437
-10.000000000000 -26.000000000000 0.000490751281
-10.000000000000 -25.000000000000 0.000522151199
-10.000000000000 -24.000000000000 0.000555874363
-10.000000000000 -23.000000000000 0.000591999750
-10.000000000000 -22.000000000000 0.000630606903
-10.000000000000 -21.000000000000 0.000671774251
-10.000000000000 -20.000000000000 0.000715576823
-10.000000000000 -19.000000000000 0.000762083142
-10.000000000000 -18.000000000000 0.000811351060
-10.000000000000 -17.000000000000 0.000863422145
-10.000000000000 -16.000000000000 0.000918314198
-10.000000000000 -15.000000000000 0.000976011309
-10.000000000000 -14.000000000000 0.001036450733
-10.000000000000 -13.000000000000 0.001099505777
-10.000000000000 -12.000000000000 0.001164963731
-10.000000000000 -11.000000000000 0.001232497982
-10.000000000000 -10.000000000000 0.001301633695
-10.000000000000 -9.000000000000 0.001371707231
-10.000000000000 -8.000000000000 0.001441821033
-10.000000000000 -7.000000000000 0.001510798533
-10.000000000000 -6.000000000000 0.001577147972
-10.000000000000 -5.000000000000 0.001639050068
-10.000000000000 -4.000000000000 0.001694390926
-10.000000000000 -3.000000000000 0.001740865510
-10.000000000000 -2.000000000000 0.001776172015
-10.000000000000 -1.000000000000 0.001798295738
-10.000000000000 0.000000000000 0.001805838181
-10.000000000000 1.000000000000 0.001798295738
-10.000000000000 2.000000000000 0.001776172015
-10.000000000000 3.000000000000 0.001740865510
-10.000000000000 4.000000000000 0.001694390926
-10.000000000000 5.000000000000 0.001639050068
-10.000000000000 6.000000000000 0.001577147972
-10.000000000000 7.000000000000 0.001510798533
-10.000000000000 8.000000000000 0.001441821033
-10.000000000000 9.000000000000 0.001371707231
-10.000000000000 10.000000000000 0.001301633695
-10.000000000000 11.000000000000 0.001232497982
-10.000000000000 12.000000000000 0.001164963731
-10.000000000000 13.000000000000 0.001099505777
-10.000000000000 14.000000000000 0.001036450733
-10.000000000000 15.000000000000 0.000976011309
-10.000000000000 16.000000000000 0.000918314198
-10.000000000000 17.000000000000 0.000863422145
-10.000000000000 18.000000000000 0.000811351060
-10.000000000000 19.000000000000 0.000762083142
-10.000000000000 20.000000000000 0.000715576823
-10.000000000000 21.000000000000 0.000671774251
-10.000000000000 22.000000000000 0.000630606903
-10.000000000000 23.000000000000 0.000591999750
-10.000000000000 24.000000000000 0.000555874363
-10.000000000000 25.000000000000 0.000522151199
-10.000000000000 26.000000000000 0.000490751281
-10.000000000000 27.000000000000 0.000461597437
-10.000000000000 28.000000000000 0.000434615192
-10.000000000000 29.000000000000 0.000409733424
-10.000000000000 30.000000000000 0.000386884825
-10.000000000000 31.000000000000 0.000366006234
-10.000000000000 32.000000000000 0.000347038869
-10.000000000000 33.000000000000 0.000329928490
-10.000000000000 34.000000000000 0.000314625508
-10.000000000000 35.000000000000 0.000301085051
-10.000000000000 36.000000000000 0.000289267020
-10.000000000000 37.000000000000 0.000279136109
-10.000000000000 38.000000000000 0.000270661828
-10.000000000000 39.000000000000 0.000263818508
-10.000000000000 40.000000000000 0.000258585310
-10.000000000000 41.000000000000 0.000254946225
-10.000000000000 42.000000000000 0.000250854392
-10.000000000000 43.000000000000 0.000081123988
-10.000000000000 44.000000000000 0.000022675460
-10.000000000000 45.000000000000 0.000005566363
-10.000000000000 46.000000000000 0.000001300590
-10.000000000000 47.000000000000 0.000000165548
-10.000000000000 48.000000000000 0.000000000786
-10.000000000000 49.000000000000 0.000000000003
-10.000000000000 50.000000000000 0.000000000000
-10.000000000000 51.000000000000 0.000000000000

-9.000000000000 -51.000000000000 0.000000000000
-9.000000000000 -50.000000000000 0.000000000000
-9.000000000000 -49.000000000000 0.000000000003
-9.000000000000 -48.000000000000 0.000000000815
-9.000000000000 -47.000000000000 0.000000171118
-9.000000000000 -46.000000000000 0.000001340468
-9.000000000000 -45.000000000000 0.000005722151
-9.000000000000 -44.000000000000 0.000023247514
-9.000000000000 -43.000000000000 0.000082929493
-9.000000000000 -42.000000000000 0.000255624893
-9.000000000000 -41.000000000000 0.000259771274
-9.000000000000 -40.000000000000 0.000263485093
-9.000000000000 -39.000000000000 0.000268840999
-9.000000000000 -38.000000000000 0.000275856169
-9.000000000000 -37.000000000000 0.000284553143
-9.000000000000 -36.000000000000 0.000294959853
-9.000000000000 -35.000000000000 0.000307109657
-9.000000000000 -34.000000000000 0.000321041381
-9.000000000000 -33.000000000000 0.000336799365
-9.000000000000 -32.000000000000 0.000354433514
-9.000000000000 -31.000000000000 0.000373999348
-9.000000000000 -30.000000000000 0.000395558046
-9.000000000000 -29.000000000000 0.000419176476
-9.000000000000 -28.000000000000 0.000444927201
-9.000000000000 -27.000000000000 0.000472888449
-9.000000000000 -26.000000000000 0.000503144011
-9.000000000000 -25.000000000000 0.000535783059
-9.000000000000 -24.000000000000 0.000570899828
-9.000000000000 -23.000000000000 0.000608593100
-9.000000000000 -22.000000000000 0.000648965427
-9.000000000000 -21.000000000000 0.000692121963
-9.000000000000 -20.000000000000 0.000738168770
-9.000000000000 -19.000000000000 0.000787210366
-9.000000000000 -18.000000000000 0.000839346253
-9.000000000000 -17.000000000000 0.000894666000
-9.000000000000 -16.000000000000 0.000953242367
-9.000000000000 -15.000000000000 0.001015121736
-9.000000000000 -14.000000000000 0.001080310898
-9.000000000000 -13.000000000000 0.001148758948
-9.000000000000 -12.000000000000 0.001220332758
-9.000000000000 -11.000000000000 0.001294784200
-9.000000000000 -10.000000000000 0.001371707231
-9.000000000000 -9.000000000000 0.001450483307
-9.000000000000 -8.000000000000 0.001530214953
-9.000000000000 -7.000000000000 0.001609650413
-9.000000000000 -6.000000000000 0.001687108314
-9.000000000000 -5.000000000000 0.001760421177
-9.000000000000 -4.000000000000 0.001826930486
-9.000000000000 -3.000000000000 0.001883580441
-9.000000000000 -2.000000000000 0.001927162340
-9.000000000000 -1.000000000000 0.001954737155
-9.000000000000 0.000000000000 0.001964188523
-9.000000000000 1.000000000000 0.001954737155
-9.000000000000 2.000000000000 0.001927162340
-9.000000000000 3.000000000000 0.001883580441
-9.000000000000 4.000000000000 0.001826930486
-9.000000000000 5.000000000000 0.001760421177
-9.000000000000 6.000000000000 0.001687108314
-9.000000000000 7.000000000000 0.001609650413
-9.000000000000 8.000000000000 0.001530214953
-9.000000000000 9.000000000000 0.001450483307
-9.000000000000 10.000000000000 0.001371707231
-9.000000000000 11.000000000000 0.001294784200
-9.000000000000 12.000000000000 0.001220332758
-9.000000000000 13.000000000000 0.001148758948
-9.000000000000 14.000000000000 0.001080310898
-9.000000000000 15.000000000000 0.001015121736
-9.000000000000 16.000000000000 0.000953242367
-9.000000000000 17.000000000000 0.000894666000
-9.000000000000 18.000000000000 0.000839346253
-9.000000000000 19.000000000000 0.000787210366
-9.000000000000 20.000000000000 0.000738168770
-9.000000000000 21.000000000000 0.000692121963
-9.000000000000 22.000000000000 0.000648965427
-9.000000000000 23.000000000000 0.000608593100
-9.000000000000 24.000000000000 0.000570899828
-9.000000000000 25.000000000000 0.000535783059
-9.000000000000 26.000000000000 0.000503144011
-9.000000000000 27.000000000000 0.000472888449
-9.000000000000 28.000000000000 0.000444927201
-9.000000000000 29.000000000000 0.000419176476
-9.000000000000 30.000000000000 0.000395558046
-9.000000000000 31.000000000000 0.000373999348
-9.000000000000 32.000000000000 0.000354433514
-9.000000000000 33.000000000000 0.000336799365
-9.000000000000 34.000000000000 0.000321041381
-9.000000000000 35.000000000000 0.000307109657
-9.000000000000 36.000000000000 0.000294959853
-9.000000000000 37.000000000000 0.000284553143
-9.000000000000 38.000000000000 0.000275856169
-9.000000000000 39.000000000000 0.000268840999
-9.000000000000 40.000000000000 0.000263485093
-9.000000000000 41.000000000000 0.000259771274
-9.000000000000 42.000000000000 0.000255624893
-9.000000000000 43.000000000000 0.000082929493
-9.000000000000 44.000000000000 0.000023247514
-9.000000000000 45.000000000000 0.000005722151
-9.000000000000 46.000000000000 0.000001340468
-9.000000000000 47.000000000000 0.000000171118
-9.000000000000 48.000000000000 0.000000000815
-9.000000000000 49.000000000000 0.000000000003
-9.000000000000 50.000000000000 0.000000000000
-9.000000000000 51.000000000000 0.000000000000

-8.000000000000 -51.000000000000 0.000000000000
-8.000000000000 -50.000000000000 0.000000000000
-8.000000000000 -49.000000000000 0.000000000003
-8.000000000000 -48.000000000000 0.000000000842
-8.000000000000 -47.000000000000 0.000000176284
-8.000000000000 -46.000000000000 0.000001377349
-8.000000000000 -45.000000000000 0.000005865897
-8.000000000000 -44.000000000000 0.000023774127
-8.000000000000 -43.000000000000 0.000084587697
-8.000000000000 -42.000000000000 0.000259996117
-8.000000000000 -41.000000000000 0.000264192282
-8.000000000000 -40.000000000000 0.000267975010
-8.000000000000 -39.000000000000 0.000273444339
-8.000000000000 -38.000000000000 0.000280618560
-8.000000000000 -37.000000000000 0.000289521846
-8.000000000000 -36.000000000000 0.000300184306
-8.000000000000 -35.000000000000 0.000312642061
-8.000000000000 -34.000000000000 0.000326937338
-8.000000000000 -33.000000000000 0.000343118586
-8.000000000000 -32.000000000000 0.000361240607
-8.000000000000 -31.000000000000 0.000381364708
-8.000000000000 -30.000000000000 0.000403558871
-8.000000000000 -29.000000000000 0.000427897935
-8.000000000000 -28.000000000000 0.000454463782
-8.000000000000 -27.000000000000 0.000483345527
-8.000000000000 -26.000000000000 0.000514639689
-8.000000000000 -25.000000000000 0.000548450325
-8.000000000000 -24.000000000000 0.000584889101
-8.000000000000 -23.000000000000 0.000624075250
-8.000000000000 -22.000000000000 0.000666135350
-8.000000000000 -21.000000000000 0.000711202838
-8.000000000000 -20.000000000000 0.000759417106
-8.000000000000 -19.000000000000 0.000810922003
-8.000000000000 -18.000000000000 0.000865863445
-8.000000000000 -17.000000000000 0.000924385737
-8.000000000000 -16.000000000000 0.000986626024
-8.000000000000 -15.000000000000 0.001052706063
-8.000000000000 -14.000000000000 0.001122720141
-8.000000000000 -13.000000000000 0.001196717547
-8.000000000000 -12.000000000000 0.001274677383
-8.000000000000 -11.000000000000 0.001356472804
-8.000000000000 -10.000000000000 0.001441821033
-8.000000000000 -9.000000000000 0.001530214953
-8.000000000000 -8.000000000000 0.001620832416
-8.000000000000 -7.000000000000 0.001712421732
-8.000000000000 -6.000000000000 0.001803168321
-8.000000000000 -5.000000000000 0.001890561378
-8.000000000000 -4.000000000000 0.001971303942
-8.000000000000 -3.000000000000 0.002041345025
-8.000000000000 -2.000000000000 0.002096146414
-8.000000000000 -1.000000000000 0.002131291731
-8.000000000000 0.000000000000 0.002143432338
-8.000000000000 1.000000000000 0.002131291731
-8.000000000000 2.000000000000 0.002096146414
-8.000000000000 3.000000000000 0.002041345025
-8.000000000000 4.000000000000 0.001971303942
-8.000000000000 5.000000000000 0.001890561378
-8.000000000000 6.000000000000 0.001803168321
-8.000000000000 7.000000000000 0.001712421732
-8.000000000000 8.000000000000 0.001620832416
-8.000000000000 9.000000000000 0.001530214953
-8.000000000000 10.000000000000 0.001441821033
-8.000000000000 11.000000000000 0.001356472804
-8.000000000000 12.000000000000 0.001274677383
-8.000000000000 13.000000000000 0.001196717547
-8.000000000000 14.000000000000 0.001122720141
-8.000000000000 15.000000000000 0.001052706063
-8.000000000000 16.000000000000 0.000986626024
-8.000000000000 17.000000000000 0.000924385737
-8.000000000000 18.000000000000 0.000865863445
-8.000000000000 19.000000000000 0.000810922003
-8.000000000000 20.000000000000 0.000759417106
-8.000000000000 21.000000000000 0.000711202838
-8.000000000000 22.000000000000 0.000666135350
-8.000000000000 23.000000000000 0.000624075250
-8.000000000000 24.000000000000 0.000584889101
-8.000000000000 25.000000000000 0.000548450325
-8.000000000000 26.000000000000 0.000514639689
-8.000000000000 27.000000000000 0.000483345527
-8.000000000000 28.000000000000 0.000454463782
-8.000000000000 29.000000000000 0.000427897935
-8.000000000000 30.000000000000 0.000403558871
-8.000000000000 31.000000000000 0.000381364708
-8.000000000000 32.000000000000 0.000361240607
-8.000000000000 33.000000000000 0.000343118586
-8.000000000000 34.000000000000 0.000326937338
-8.000000000000 35.000000000000 0.000312642061
-8.000000000000 36.000000000000 0.000300184306
-8.000000000000 37.000000000000 0.000289521846
-8.000000000000 38.000000000000 0.000280618560
-8.000000000000 39.000000000000 0.000273444339
-8.000000000000 40.000000000000 0.000267975010
-8.000000000000 41.000000000000 0.000264192282
-8.000000000000 42.000000000000 0.000259996117
-8.000000000000 43.000000000000 0.000084587697
-8.000000000000 44.000000000000 0.000023774127
-8.000000000000 45.000000000000 0.000005865897
-8.000000000000 46.000000000000 0.000001377349
-8.000000000000 47.000000000000 0.000000176284
-8.000000000000 48.000000000000 0.000000000842
-8.000000000000 49.000000000000 0.000000000003
-8.000000000000 50.000000000000 0.000000000000
-8.000000000000 51.000000000000 0.000000000000

-7.000000000000 -51.000000000000 0.000000000000
-7.000000000000 -50.000000000000 0.000000000000
-7.000000000000 -49.000000000000 0.000000000004
-7.000000000000 -48.000000000000 0.000000000866
-7.000000000000 -47.000000000000 0.000000180990
-7.000000000000 -46.000000000000 0.000001410867
-7.000000000000 -45.000000000000 0.000005996261
-7.000000000000 -44.000000000000 0.000024250727
-7.000000000000 -43.000000000000 0.000086085267
-7.000000000000 -42.000000000000 0.000263935729
-7.000000000000 -41.000000000000 0.000268176604
-7.000000000000 -40.000000000000 0.000272021793
-7.000000000000 -39.000000000000 0.000277594157
-7.000000000000 -38.000000000000 0.000284913033
-7.000000000000 -37.000000000000 0.000294004125
-7.000000000000 -36.000000000000 0.000304899592
-7.000000000000 -35.000000000000 0.000317638160
-7.000000000000 -34.000000000000 0.000332265271
-7.000000000000 -33.000000000000 0.000348833267
-7.000000000000 -32.000000000000 0.000367401603
-7.000000000000 -31.000000000000 0.000388037110
-7.000000000000 -30.000000000000 0.000410814286
-7.000000000000 -29.000000000000 0.000435815637
-7.000000000000 -28.000000000000 0.000463132059
-7.000000000000 -27.000000000000 0.000492863258
-7.000000000000 -26.000000000000 0.000525118212
-7.000000000000 -25.000000000000 0.000560015661
-7.000000000000 -24.000000000000 0.000597684606
-7.000000000000 -23.000000000000 0.000638264808
-7.000000000000 -22.000000000000 0.000681907217
-7.000000000000 -21.000000000000 0.000728774303
-7.000000000000 -20.000000000000 0.000779040147
-7.000000000000 -19.000000000000 0.000832890168
-7.000000000000 -18.000000000000 0.000890520230
-7.000000000000 -17.000000000000 0.000952134774
-7.000000000000 -16.000000000000 0.001017943422
-7.000000000000 -15.000000000000 0.001088155242
-7.000000000000 -14.000000000000 0.001162969416
-7.000000000000 -13.000000000000 0.001242560483
-7.000000000000 -12.000000000000 0.001327055406
-7.000000000000 -11.000000000000 0.001416498497
-7.000000000000 -10.000000000000 0.001510798533
-7.000000000000 -9.000000000000 0.001609650413
-7.000000000000 -8.000000000000 0.001712421732
-7.000000000000 -7.000000000000 0.001817994122
-7.000000000000 -6.000000000000 0.001924553056
-7.000000000000 -5.000000000000 0.002029334262
-7.000000000000 -4.000000000000 0.002128370148
-7.000000000000 -3.000000000000 0.002216347682
-7.000000000000 -2.000000000000 0.002286790049
-7.000000000000 -1.000000000000 0.002332857582
-7.000000000000 0.000000000000 0.002348964957
-7.000000000000 1.000000000000 0.002332857582
-7.000000000000 2.000000000000 0.002286790049
-7.000000000000 3.000000000000 0.002216347682
-7.000000000000 4.000000000000 0.002128370148
-7.000000000000 5.000000000000 0.002029334262
-7.000000000000 6.000000000000 0.001924553056
-7.000000000000 7.000000000000 0.001817994122
-7.000000000000 8.000000000000 0.001712421732
-7.000000000000 9.000000000000 0.001609650413
-7.000000000000 10.000000000000 0.001510798533
-7.000000000000 11.000000000000 0.001416498497
-7.000000000000 12.000000000000 0.001327055406
-7.000000000000 13.000000000000 0.001242560483
-7.000000000000 14.000000000000 0.001162969416
-7.000000000000 15.000000000000 0.001088155242
-7.000000000000 16.000000000000 0.001017943422
-7.000000000000 17.000000000000 0.000952134774
-7.000000000000 18.000000000000 0.000890520230
-7.000000000000 19.000000000000 0.000832890168
-7.000000000000 20.000000000000 0.000779040147
-7.000000000000 21.000000000000 0.000728774303
-7.000000000000 22.000000000000 0.000681907217
-7.000000000000 23.000000000000 0.000638264808
-7.000000000000 24.000000000000 0.000597684606
-7.000000000000 25.000000000000 0.000560015661
-7.000000000000 26.000000000000 0.000525118212
-7.000000000000 27.000000000000 0.000492863258
-7.000000000000 28.000000000000 0.000463132059
-7.000000000000 29.000000000000 0.000435815637
-7.000000000000 30.000000000000 0.000410814286
-7.000000000000 31.000000000000 0.000388037110
-7.000000000000 32.000000000000 0.000367401603
-7.000000000000 33.000000000000 0.000348833267
-7.000000000000 34.000000000000 0.000332265271
-7.000000000000 35.000000000000 0.000317638160
-7.000000000000 36.000000000000 0.000304899592
-7.000000000000 37.000000000000 0.000294004125
-7.000000000000 38.000000000000 0.000284913033
-7.000000000000 39.000000000000 0.000277594157
-7.000000000000 40.000000000000 0.000272021793
-7.000000000000 41.000000000000 0.000268176604
-7.000000000000 42.000000000000 0.000263935729
-7.000000000000 43.000000000000 0.000086085267
-7.000000000000 44.000000000000 0.000024250727
-7.000000000000 45.000000000000 0.000005996261
-7.000000000000 46.000000000000 0.000001410867
-7.000000000000 47.000000000000 0.000000180990
-7.000000000000 48.000000000000 0.000000000866
-7.000000000000 49.000000000000 0.000000000004
-7.000000000000 50.000000000000 0.000000000000
-7.000000000000 51.000000000000 0.000000000000

-6.000000000000 -51.000000000000 0.000000000000
-6.000000000000 -50.000000000000 0.000000000000
-6.000000000000 -49.000000000000 0.000000000004
-6.000000000000 -48.000000000000 0.000000000888
-6.000000000000 -47.000000000000 0.000000185185
-6.000000000000 -46.000000000000 0.000001440680
-6.000000000000 -45.000000000000 0.000006111998
-6.000000000000 -44.000000000000 0.000024673078
-6.000000000000 -43.000000000000 0.000087409920
-6.000000000000 -42.000000000000 0.000267414086
-6.000000000000 -41.000000000000 0.000271694312
-6.000000000000 -40.000000000000 0.000275594933
-6.000000000000 -39.000000000000 0.000281258913
-6.000000000000 -38.000000000000 0.000288706545
-6.000000000000 -37.000000000000 0.000297964937
-6.000000000000 -36.000000000000 0.000309068125
-6.000000000000 -35.000000000000 0.000322057230
-6.000000000000 -34.000000000000 0.000336980654
-6.000000000000 -33.000000000000 0.000353894331
-6.000000000000 -32.000000000000 0.000372862025
-6.000000000000 -31.000000000000 0.000393955691
-6.000000000000 -30.000000000000 0.000417255899
-6.000000000000 -29.000000000000 0.000442852329
-6.000000000000 -28.000000000000 0.000470844346
-6.000000000000 -27.000000000000 0.000501341663
-6.000000000000 -26.000000000000 0.000534465097
-6.000000000000 -25.000000000000 0.000570347428
-6.000000000000 -24.000000000000 0.000609134365
-6.000000000000 -23.000000000000 0.000650985610
-6.000000000000 -22.000000000000 0.000696076024
-6.000000000000 -21.000000000000 0.000744596860
-6.000000000000 -20.000000000000 0.000796757018
-6.000000000000 -19.000000000000 0.000852784231
-6.000000000000 -18.000000000000 0.000912926033
-6.000000000000 -17.000000000000 0.000977450248
-6.000000000000 -16.000000000000 0.001046644572
-6.000000000000 -15.000000000000 0.001120814570
-6.000000000000 -14.000000000000 0.001200278944
-6.000000000000 -13.000000000000 0.001285360278
-6.000000000000 -12.000000000000 0.001376368354
-6.000000000000 -11.000000000000 0.001473571395
-6.000000000000 -10.000000000000 0.001577147972
-6.000000000000 -9.000000000000 0.001687108314
-6.000000000000 -8.000000000000 0.001803168321
-6.000000000000 -7.000000000000 0.001924553056
-6.000000000000 -6.000000000000 0.002049701550
-6.000000000000 -5.000000000000 0.002175849573
-6.000000000000 -4.000000000000 0.002298500953
-6.000000000000 -3.000000000000 0.002410898917
-6.000000000000 -2.000000000000 0.002503827073
-6.000000000000 -1.000000000000 0.002566405243
-6.000000000000 0.000000000000 0.002588735015
-6.000000000000 1.000000000000 0.002566405243
-6.000000000000 2.000000000000 0.002503827073
-6.000000000000 3.000000000000 0.002410898917
-6.000000000000 4.000000000000 0.002298500953
-6.000000000000 5.000000000000 0.002175849573
-6.000000000000 6.000000000000 0.002049701550
-6.000000000000 7.000000000000 0.001924553056
-6.000000000000 8.000000000000 0.001803168321
-6.000000000000 9.000000000000 0.001687108314
-6.000000000000 10.000000000000 0.001577147972
-6.000000000000 11.000000000000 0.001473571395
-6.000000000000 12.000000000000 0.001376368354
-6.000000000000 13.000000000000 0.001285360278
-6.000000000000 14.000000000000 0.001200278944
-6.000000000000 15.000000000000 0.001120814570
-6.000000000000 16.000000000000 0.001046644572
-6.000000000000 17.000000000000 0.000977450248
-6.000000000000 18.000000000000 0.000912926033
-6.000000000000 19.000000000000 0.000852784231
-6.000000000000 20.000000000000 0.000796757018
-6.000000000000 21.000000000000 0.000744596860
-6.000000000000 22.000000000000 0.000696076024
-6.000000000000 23.000000000000 0.000650985610
-6.000000000000 24.000000000000 0.000609134365
-6.000000000000 25.000000000000 0.000570347428
-6.000000000000 26.000000000000 0.000534465097
-6.000000000000 27.000000000000 0.000501341663
-6.000000000000 28.000000000000 0.000470844346
-6.000000000000 29.000000000000 0.000442852329
-6.000000000000 30.000000000000 0.000417255899
-6.000000000000 31.000000000000 0.000393955691
-6.000000000000 32.000000000000 0.000372862025
-6.000000000000 33.000000000000 0.000353894331
-6.000000000000 34.000000000000 0.000336980654
-6.000000000000 35.000000000000 0.000322057230
-6.000000000000 36.000000000000 0.000309068125
-6.000000000000 37.000000000000 0.000297964937
-6.000000000000 38.000000000000 0.000288706545
-6.000000000000 39.000000000000 0.000281258913
-6.000000000000 40.000000000000 0.000275594933
-6.000000000000 41.000000000000 0.000271694312
-6.000000000000 42.000000000000 0.000267414086
-6.000000000000 43.000000000000 0.000087409920
-6.000000000000 44.000000000000 0.000024673078
-6.000000000000 45.000000000000 0.000006111998
-6.000000000000 46.000000000000 0.000001440680
-6.000000000000 47.000000000000 0.000000185185
-6.000000000000 48.000000000000 0.000000000888
-6.000000000000 49.000000000000 0.000000000004
-6.000000000000 50.000000000000 0.000000000000
-6.000000000000 51.000000000000 0.000000000000

-5.000000000000 -51.000000000000 0.000000000000
-5.000000000000 -50.000000000000 0.000000000000
-5.000000000000 -49.000000000000 0.000000000004
-5.000000000000 -48.000000000000 0.000000000907
-5.000000000000 -47.000000000000 0.000000188821
-5.000000000000 -46.000000000000 0.000001466474
-5.000000000000 -45.000000000000 0.000006211979
-5.000000000000 -44.000000000000 0.000025037353
-5.000000000000 -43.000000000000 0.000088550596
-5.000000000000 -42.000000000000 0.000270404620
-5.000000000000 -41.000000000000 0.000274718587
-5.000000000000 -40.000000000000 0.000278667078
-5.000000000000 -39.000000000000 0.000284410312
-5.000000000000 -38.000000000000 0.000291969426
-5.000000000000 -37.000000000000 0.000301372773
-5.000000000000 -36.000000000000 0.000312656059
-5.000000000000 -35.000000000000 0.000325862533
-5.000000000000 -34.000000000000 0.000341043237
-5.000000000000 -33.000000000000 0.000358257312
-5.000000000000 -32.000000000000 0.000377572382
-5.000000000000 -31.000000000000 0.000399065002
-5.000000000000 -30.000000000000 0.000422821212
-5.000000000000 -29.000000000000 0.000448937176
-5.000000000000 -28.000000000000 0.000477519944
-5.000000000000 -27.000000000000 0.000508688352
-5.000000000000 -26.000000000000 0.000542574065
-5.000000000000 -25.000000000000 0.000579322804
-5.000000000000 -24.000000000000 0.000619095772
-5.000000000000 -23.000000000000 0.000662071310
-5.000000000000 -22.000000000000 0.000708446807
-5.000000000000 -21.000000000000 0.000758440898
-5.000000000000 -20.000000000000 0.000812295965
-5.000000000000 -19.000000000000 0.000870280939
-5.000000000000 -18.000000000000 0.000932694388
-5.000000000000 -17.000000000000 0.000999867784
-5.000000000000 -16.000000000000 0.001072168764
-5.000000000000 -15.000000000000 0.001150003974
-5.000000000000 -14.000000000000 0.001233820754
-5.000000000000 -13.000000000000 0.001324106293
-5.000000000000 -12.000000000000 0.001421381811
-5.000000000000 -11.000000000000 0.001526187425
-5.000000000000 -10.000000000000 0.001639050068
-5.000000000000 -9.000000000000 0.001760421177
-5.000000000000 -8.000000000000 0.001890561378
-5.000000000000 -7.000000000000 0.002029334262
-5.000000000000 -6.000000000000 0.002175849573
-5.000000000000 -5.000000000000 0.002327871724
-5.000000000000 -4.000000000000 0.002480904574
-5.000000000000 -3.000000000000 0.002626946566
-5.000000000000 -2.000000000000 0.002753245866
-5.000000000000 -1.000000000000 0.002842236201
-5.000000000000 0.000000000000 0.002875200557
-5.000000000000 1.000000000000 0.002842236201
-5.000000000000 2.000000000000 0.002753245866
-5.000000000000 3.000000000000 0.002626946566
-5.000000000000 4.000000000000 0.002480904574
-5.000000000000 5.000000000000 0.002327871724
-5.000000000000 6.000000000000 0.002175849573
-5.000000000000 7.000000000000 0.002029334262
-5.000000000000 8.000000000000 0.001890561378
-5.000000000000 9.000000000000 0.001760421177
-5.000000000000 10.000000000000 0.001639050068
-5.000000000000 11.000000000000 0.001526187425
-5.000000000000 12.000000000000 0.001421381811
-5.000000000000 13.000000000000 0.001324106293
-5.000000000000 14.000000000000 0.001233820754
-5.000000000000 15.000000000000 0.001150003974
-5.000000000000 16.000000000000 0.001072168764
-5.000000000000 17.000000000000 0.000999867784
-5.000000000000 18.000000000000 0.000932694388
-5.000000000000 19.000000000000 0.000870280939
-5.000000000000 20.000000000000 0.000812295965
-5.000000000000 21.000000000000 0.000758440898
-5.000000000000 22.000000000000 0.000708446807
-5.000000000000 23.000000000000 0.000662071310
-5.000000000000 24.000000000000 0.000619095772
-5.000000000000 25.000000000000 0.000579322804
-5.000000000000 26.000000000000 0.000542574065
-5.000000000000 27.000000000000 0.000508688352
-5.000000000000 28.000000000000 0.000477519944
-5.000000000000 29.000000000000 0.000448937176
-5.000000000000 30.000000000000 0.000422821212
-5.000000000000 31.000000000000 0.000399065002
-5.000000000000 32.000000000000 0.000377572382
-5.000000000000 33.000000000000 0.000358257312
-5.000000000000 34.000000000000 0.000341043237
-5.000000000000 35.000000000000 0.000325862533
-5.000000000000 36.000000000000 0.000312656059
-5.000000000000 37.000000000000 0.000301372773
-5.000000000000 38.000000000000 0.000291969426
-5.000000000000 39.000000000000 0.000284410312
-5.000000000000 40.000000000000 0.000278667078
-5.000000000000 41.000000000000 0.000274718587
-5.000000000000 42.000000000000 0.000270404620
-5.000000000000 43.000000000000 0.000088550596
-5.000000000000 44.000000000000 0.000025037353
-5.000000000000 45.000000000000 0.000006211979
-5.000000000000 46.000000000000 0.000001466474
-5.000000000000 47.000000000000 0.000000188821
-5.000000000000 48.000000000000 0.000000000907
-5.000000000000 49.000000000000 0.000000000004
-5.000000000000 50.000000000000 0.000000000000
-5.000000000000 51.000000000000 0.000000000000

-4.000000000000 -51.000000000000 0.000000000000
-4.000000000000 -50.000000000000 0.000000000000
-4.000000000000 -49.000000000000 0.000000000004
-4.000000000000 -48.000000000000 0.000000000923
-4.000000000000 -47.000000000000 0.000000191857
-4.000000000000 -46.000000000000 0.000001487976
-4.000000000000 -45.000000000000 0.000006295208
-4.000000000000 -44.000000000000 0.000025340195
-4.000000000000 -43.000000000000 0.000089497630
-4.000000000000 -42.000000000000 0.000272884191
-4.000000000000 -41.000000000000 0.000277226069
-4.000000000000 -40.000000000000 0.000281214404
-4.000000000000 -39.000000000000 0.000287023692
-4.000000000000 -38.000000000000 0.000294675793
-4.000000000000 -37.000000000000 0.000304200117
-4.000000000000 -36.000000000000 0.000315633794
-4.000000000000 -35.000000000000 0.000329021888
-4.000000000000 -34.000000000000 0.000344417697
-4.000000000000 -33.000000000000 0.000361883111
-4.000000000000 -32.000000000000 0.000381489061
-4.000000000000 -31.000000000000 0.000403316061
-4.000000000000 -30.000000000000 0.000427454865
-4.000000000000 -29.000000000000 0.000454007243
-4.000000000000 -28.000000000000 0.000483086916
-4.000000000000 -27.000000000000 0.000514820666
-4.000000000000 -26.000000000000 0.000549349647
-4.000000000000 -25.000000000000 0.000586830959
-4.000000000000 -24.000000000000 0.000627439502
-4.000000000000 -23.000000000000 0.000671370197
-4.000000000000 -22.000000000000 0.000718840619
-4.000000000000 -21.000000000000 0.000770094135
-4.000000000000 -20.000000000000 0.000825403653
-4.000000000000 -19.000000000000 0.000885076070
-4.000000000000 -18.000000000000 0.000949457564
-4.000000000000 -17.000000000000 0.001018939854
-4.000000000000 -16.000000000000 0.001093967525
-4.000000000000 -15.000000000000 0.001175046480
-4.000000000000 -14.000000000000 0.001262753401
-4.000000000000 -13.000000000000 0.001357745768
-4.000000000000 -12.000000000000 0.001460771244
-4.000000000000 -11.000000000000 0.001572673797
-4.000000000000 -10.000000000000 0.001694390926
-4.000000000000 -9.000000000000 0.001826930486
-4.000000000000 -8.000000000000 0.001971303942
-4.000000000000 -7.000000000000 0.002128370148
-4.000000000000 -6.000000000000 0.002298500953
-4.000000000000 -5.000000000000 0.002480904574
-4.000000000000 -4.000000000000 0.002672329703
-4.000000000000 -3.000000000000 0.002864774800
-4.000000000000 -2.000000000000 0.003042016724
-4.000000000000 -1.000000000000 0.003176139369
-4.000000000000 0.000000000000 0.003229642090
-4.000000000000 1.000000000000 0.003176139369
-4.000000000000 2.000000000000 0.003042016724
-4.000000000000 3.000000000000 0.002864774800
-4.000000000000 4.000000000000 0.002672329703
-4.000000000000 5.000000000000 0.002480904574
-4.000000000000 6.000000000000 0.002298500953
-4.000000000000 7.000000000000 0.002128370148
-4.000000000000 8.000000000000 0.001971303942
-4.000000000000 9.000000000000 0.001826930486
-4.000000000000 10.000000000000 0.001694390926
-4.000000000000 11.000000000000 0.001572673797
-4.000000000000 12.000000000000 0.001460771244
-4.000000000000 13.000000000000 0.001357745768
-4.000000000000 14.000000000000 0.001262753401
-4.000000000000 15.000000000000 0.001175046480
-4.000000000000 16.000000000000 0.001093967525
-4.000000000000 17.000000000000 0.001018939854
-4.000000000000 18.000000000000 0.000949457564
-4.000000000000 19.000000000000 0.000885076070
-4.000000000000 20.000000000000 0.000825403653
-4.000000000000 21.000000000000 0.000770094135
-4.000000000000 22.000000000000 0.000718840619
-4.000000000000 23.000000000000 0.000671370197
-4.000000000000 24.000000000000 0.000627439502
-4.000000000000 25.000000000000 0.000586830959
-4.000000000000 26.000000000000 0.000549349647
-4.000000000000 27.000000000000 0.000514820666
-4.000000000000 28.000000000000 0.000483086916
-4.000000000000 29.000000000000 0.000454007243
-4.000000000000 30.000000000000 0.000427454865
-4.000000000000 31.000000000000 0.000403316061
-4.000000000000 32.000000000000 0.000381489061
-4.000000000000 33.000000000000 0.000361883111
-4.000000000000 34.000000000000 0.000344417697
-4.000000000000 35.000000000000 0.000329021888
-4.000000000000 36.000000000000 0.000315633794
-4.000000000000 37.000000000000 0.000304200117
-4.000000000000 38.000000000000 0.000294675793
-4.000000000000 39.000000000000 0.000287023692
-4.000000000000 40.000000000000 0.000281214404
-4.000000000000 41.000000000000 0.000277226069
-4.000000000000 42.000000000000 0.000272884191
-4.000000000000 43.000000000000 0.000089497630
-4.000000000000 44.000000000000 0.000025340195
-4.000000000000 45.000000000000 0.000006295208
-4.000000000000 46.000000000000 0.000001487976
-4.000000000000 47.000000000000 0.000000191857
-4.000000000000 48.000000000000 0.000000000923
-4.000000000000 49.000000000000 0.000000000004
-4.000000000000 50.000000000000 0.000000000000
-4.000000000000 51.000000000000 0.000000000000

-3.000000000000 -51.000000000000 0.000000000000
-3.000000000000 -50.000000000000 0.000000000000
-3.000000000000 -49.000000000000 0.000000000004
-3.000000000000 -48.000000000000 0.000000000935
-3.000000000000 -47.000000000000 0.000000194257
-3.000000000000 -46.000000000000 0.000001504951
-3.000000000000 -45.000000000000 0.000006360847
-3.000000000000 -44.000000000000 0.000025578774
-3.000000000000 -43.000000000000 0.000090242897
-3.000000000000 -42.000000000000 0.000274833404
-3.000000000000 -41.000000000000 0.000279197183
-3.000000000000 -40.000000000000 0.000283216935
-3.000000000000 -39.000000000000 0.000289078369
-3.000000000000 -38.000000000000 0.000296803920
-3.000000000000 -37.000000000000 0.000306423851
-3.000000000000 -36.000000000000 0.000317976431
-3.000000000000 -35.000000000000 0.000331508190
-3.000000000000 -34.000000000000 0.000347074240
-3.000000000000 -33.000000000000 0.000364738688
-3.000000000000 -32.000000000000 0.000384575138
-3.000000000000 -31.000000000000 0.000406667310
-3.000000000000 -30.000000000000 0.000431109779
-3.000000000000 -29.000000000000 0.000458008876
-3.000000000000 -28.000000000000 0.000487483763
-3.000000000000 -27.000000000000 0.000519667719
-3.000000000000 -26.000000000000 0.000554709691
-3.000000000000 -25.000000000000 0.000592776154
-3.000000000000 -24.000000000000 0.000634053352
-3.000000000000 -23.000000000000 0.000678750002
-3.000000000000 -22.000000000000 0.000727100574
-3.000000000000 -21.000000000000 0.000779369281
-3.000000000000 -20.000000000000 0.000835854948
-3.000000000000 -19.000000000000 0.000896896995
-3.000000000000 -18.000000000000 0.000962882809
-3.000000000000 -17.000000000000 0.001034256875
-3.000000000000 -16.000000000000 0.001111532130
-3.000000000000 -15.000000000000 0.001195304130
-3.000000000000 -14.000000000000 0.001286268746
-3.000000000000 -13.000000000000 0.001385244219
-3.000000000000 -12.000000000000 0.001493198416
-3.000000000000 -11.000000000000 0.001611281808
-3.000000000000 -10.000000000000 0.001740865510
-3.000000000000 -9.000000000000 0.001883580441
-3.000000000000 -8.000000000000 0.002041345025
-3.000000000000 -7.000000000000 0.002216347682
-3.000000000000 -6.000000000000 0.002410898917
-3.000000000000 -5.000000000000 0.002626946566
-3.000000000000 -4.000000000000 0.002864774800
-3.000000000000 -3.000000000000 0.003119853421
-3.000000000000 -2.000000000000 0.003375959302
-3.000000000000 -1.000000000000 0.003592718052
-3.000000000000 0.000000000000 0.003693145705
-3.000000000000 1.000000000000 0.003592718052
-3.000000000000 2.000000000000 0.003375959302
-3.000000000000 3.000000000000 0.003119853421
-3.000000000000 4.000000000000 0.002864774800
-3.000000000000 5.000000000000 0.002626946566
-3.000000000000 6.000000000000 0.002410898917
-3.000000000000 7.000000000000 0.002216347682
-3.000000000000 8.000000000000 0.002041345025
-3.000000000000 9.000000000000 0.001883580441
-3.000000000000 10.000000000000 0.001740865510
-3.000000000000 11.000000000000 0.001611281808
-3.000000000000 12.000000000000 0.001493198416
-3.000000000000 13.000000000000 0.001385244219
-3.000000000000 14.000000000000 0.001286268746
-3.000000000000 15.000000000000 0.001195304130
-3.000000000000 16.000000000000 0.001111532130
-3.000000000000 17.000000000000 0.001034256875
-3.000000000000 18.000000000000 0.000962882809
-3.000000000000 19.000000000000 0.000896896995
-3.000000000000 20.000000000000 0.000835854948
-3.000000000000 21.000000000000 0.000779369281
-3.000000000000 22.000000000000 0.000727100574
-3.000000000000 23.000000000000 0.000678750002
-3.000000000000 24.000000000000 0.000634053352
-3.000000000000 25.000000000000 0.000592776154
-3.000000000000 26.000000000000 0.000554709691
-3.000000000000 27.000000000000 0.000519667719
-3.000000000000 28.000000000000 0.000487483763
-3.000000000000 29.000000000000 0.000458008876
-3.000000000000 30.000000000000 0.000431109779
-3.000000000000 31.000000000000 0.000406667310
-3.000000000000 32.000000000000 0.000384575138
-3.000000000000 33.000000000000 0.000364738688
-3.000000000000 34.000000000000 0.000347074240
-3.000000000000 35.000000000000 0.000331508190
-3.000000000000 36.000000000000 0.000317976431
-3.000000000000 37.000000000000 0.000306423851
-3.000000000000 38.000000000000 0.000296803920
-3.000000000000 39.000000000000 0.000289078369
-3.000000000000 40.000000000000 0.000283216935
-3.000000000000 41.000000000000 0.000279197183
-3.000000000000 42.000000000000 0.000274833404
-3.000000000000 43.000000000000 0.000090242897
-3.000000000000 44.000000000000 0.000025578774
-3.000000000000 45.000000000000 0.000006360847
-3.000000000000 46.000000000000 0.000001504951
-3.000000000000 47.000000000000 0.000000194257
-3.000000000000 48.000000000000 0.000000000935
-3.000000000000 49.000000000000 0.000000000004
-3.000000000000 50.000000000000 0.000000000000
-3.000000000000 51.000000000000 0.000000000000

-2.000000000000 -51.000000000000 0.000000000000
-2.000000000000 -50.000000000000 0.000000000000
-2.000000000000 -49.000000000000 0.000000000004
-2.000000000000 -48.000000000000 0.000000000944
-2.000000000000 -47.000000000000 0.000000195992
-2.000000000000 -46.000000000000 0.000001517213
-2.000000000000 -45.000000000000 0.000006408222
-2.000000000000 -44.000000000000 0.000025750833
-2.000000000000 -43.000000000000 0.000090779936
-2.000000000000 -42.000000000000 0.000276236879
-2.000000000000 -41.000000000000 0.000280616405
-2.000000000000 -40.000000000000 0.000284658831
-2.000000000000 -39.000000000000 0.000290557930
-2.000000000000 -38.000000000000 0.000298336560
-2.000000000000 -37.000000000000 0.000308025606
-2.000000000000 -36.000000000000 0.000319664173
-2.000000000000 -35.000000000000 0.000333299861
-2.000000000000 -34.000000000000 0.000348989117
-2.000000000000 -33.000000000000 0.000366797672
-2.000000000000 -32.000000000000 0.000386801096
-2.000000000000 -31.000000000000 0.000409085468
-2.000000000000 -30.000000000000 0.000433748183
-2.000000000000 -29.000000000000 0.000460898940
-2.000000000000 -28.000000000000 0.000490660926
-2.000000000000 -27.000000000000 0.000523172243
-2.000000000000 -26.000000000000 0.000558587636
-2.000000000000 -25.000000000000 0.000597080576
-2.000000000000 -24.000000000000 0.000638845800
-2.000000000000 -23.000000000000 0.000684102399
-2.000000000000 -22.000000000000 0.000733097600
-2.000000000000 -21.000000000000 0.000786111436
-2.000000000000 -20.000000000000 0.000843462521
-2.000000000000 -19.000000000000 0.000905515275
-2.000000000000 -18.000000000000 0.000972689010
-2.000000000000 -17.000000000000 0.001045469473
-2.000000000000 -16.000000000000 0.001124423642
-2.000000000000 -15.000000000000 0.001210218886
-2.000000000000 -14.000000000000 0.001303648070
-2.000000000000 -13.000000000000 0.001405662809
-2.000000000000 -12.000000000000 0.001517418067
-2.000000000000 -11.000000000000 0.001640332644
-2.000000000000 -10.000000000000 0.001776172015
-2.000000000000 -9.000000000000 0.001927162340
-2.000000000000 -8.000000000000 0.002096146414
-2.000000000000 -7.000000000000 0.002286790049
-2.000000000000 -6.000000000000 0.002503827073
-2.000000000000 -5.000000000000 0.002753245866
-2.000000000000 -4.000000000000 0.003042016724
-2.000000000000 -3.000000000000 0.003375959302
-2.000000000000 -2.000000000000 0.003751308771
-2.000000000000 -1.000000000000 0.004127690750
-2.000000000000 0.000000000000 0.004359568602
-2.000000000000 1.000000000000 0.004127690750
-2.000000000000 2.000000000000 0.003751308771
-2.000000000000 3.000000000000 0.003375959302
-2.000000000000 4.000000000000 0.003042016724
-2.000000000000 5.000000000000 0.002753245866
-2.000000000000 6.000000000000 0.002503827073
-2.000000000000 7.000000000000 0.002286790049
-2.000000000000 8.000000000000 0.002096146414
-2.000000000000 9.000000000000 0.001927162340
-2.000000000000 10.000000000000 0.001776172015
-2.000000000000 11.000000000000 0.001640332644
-2.000000000000 12.000000000000 0.001517418067
-2.000000000000 13.000000000000 0.001405662809
-2.000000000000 14.000000000000 0.001303648070
-2.000000000000 15.000000000000 0.001210218886
-2.000000000000 16.000000000000 0.001124423642
-2.000000000000 17.000000000000 0.001045469473
-2.000000000000 18.000000000000 0.000972689010
-2.000000000000 19.000000000000 0.000905515275
-2.000000000000 20.000000000000 0.000843462521
-2.000000000000 21.000000000000 0.000786111436
-2.000000000000 22.000000000000 0.000733097600
-2.000000000000 23.000000000000 0.000684102399
-2.000000000000 24.000000000000 0.000638845800
-2.000000000000 25.000000000000 0.000597080576
-2.000000000000 26.000000000000 0.000558587636
-2.000000000000 27.000000000000 0.000523172243
-2.000000000000 28.000000000000 0.000490660926
-2.000000000000 29.000000000000 0.000460898940
-2.000000000000 30.000000000000 0.000433748183
-2.000000000000 31.000000000000 0.000409085468
-2.000000000000 32.000000000000 0.000386801096
-2.000000000000 33.000000000000 0.000366797672
-2.000000000000 34.000000000000 0.000348989117
-2.000000000000 35.000000000000 0.000333299861
-2.000000000000 36.000000000000 0.000319664173
-2.000000000000 37.000000000000 0.000308025606
-2.000000000000 38.000000000000 0.000298336560
-2.000000000000 39.000000000000 0.000290557930
-2.000000000000 40.000000000000 0.000284658831
-2.000000000000 41.000000000000 0.000280616405
-2.000000000000 42.000000000000 0.000276236879
-2.000000000000 43.000000000000 0.000090779936
-2.000000000000 44.000000000000 0.000025750833
-2.000000000000 45.000000000000 0.000006408222
-2.000000000000 46.000000000000 0.000001517213
-2.000000000000 47.000000000000 0.000000195992
-2.000000000000 48.000000000000 0.000000000944
-2.000000000000 49.000000000000 0.000000000004
-2.000000000000 50.000000000000 0.000000000000
-2.000000000000 51.000000000000 0.000000000000

-1.000000000000 -51.000000000000 0.000000000000
-1.000000000000 -50.000000000000 0.000000000000
-1.000000000000 -49.000000000000 0.000000000004
-1.000000000000 -48.000000000000 0.000000000950
-1.000000000000 -47.000000000000 0.000000197041
-1.000000000000 -46.000000000000 0.000001524625
-1.000000000000 -45.000000000000 0.000006436846
-1.000000000000 -44.000000000000 0.000025854734
-1.000000000000 -43.000000000000 0.000091104057
-1.000000000000 -42.000000000000 0.000277083468
-1.000000000000 -41.000000000000 0.000281472484
-1.000000000000 -40.000000000000 0.000285528609
-1.000000000000 -39.000000000000 0.000291450477
-1.000000000000 -38.000000000000 0.000299261203
-1.000000000000 -37.000000000000 0.000308992051
-1.000000000000 -36.000000000000 0.000320682638
-1.000000000000 -35.000000000000 0.000334381216
-1.000000000000 -34.000000000000 0.000350145045
-1.000000000000 -33.000000000000 0.000368040852
-1.000000000000 -32.000000000000 0.000388145408
-1.000000000000 -31.000000000000 0.000410546235
-1.000000000000 -30.000000000000 0.000435342457
-1.000000000000 -29.000000000000 0.000462645840
-1.000000000000 -28.000000000000 0.000492582044
-1.000000000000 -27.000000000000 0.000525292141
-1.000000000000 -26.000000000000 0.000560934448
-1.000000000000 -25.000000000000 0.000599686761
-1.000000000000 -24.000000000000 0.000641749076
-1.000000000000 -23.000000000000 0.000687346925
-1.000000000000 -22.000000000000 0.000736735482
-1.000000000000 -21.000000000000 0.000790204665
-1.000000000000 -20.000000000000 0.000848085505
-1.000000000000 -19.000000000000 0.000910758183
-1.000000000000 -18.000000000000 0.000978662244
-1.000000000000 -17.000000000000 0.001052309753
-1.000000000000 -16.000000000000 0.001132302416
-1.000000000000 -15.000000000000 0.001219354173
-1.000000000000 -14.000000000000 0.001314321484
-1.000000000000 -13.000000000000 0.001418244609
-1.000000000000 -12.000000000000 0.001532404991
-1.000000000000 -11.000000000000 0.001658406799
-1.000000000000 -10.000000000000 0.001798295738
-1.000000000000 -9.000000000000 0.001954737155
-1.000000000000 -8.000000000000 0.002131291731
-1.000000000000 -7.000000000000 0.002332857582
-1.000000000000 -6.000000000000 0.002566405243
-1.000000000000 -5.000000000000 0.002842236201
-1.000000000000 -4.000000000000 0.003176139369
-1.000000000000 -3.000000000000 0.003592718052
-1.000000000000 -2.000000000000 0.004127690750
-1.000000000000 -1.000000000000 0.004809235759
-1.000000000000 0.000000000000 0.005491816446
-1.000000000000 1.000000000000 0.004809235759
-1.000000000000 2.000000000000 0.004127690750
-1.000000000000 3.000000000000 0.003592718052
-1.000000000000 4.000000000000 0.003176139369
-1.000000000000 5.000000000000 0.002842236201
-1.000000000000 6.000000000000 0.002566405243
-1.000000000000 7.000000000000 0.002332857582
-1.000000000000 8.000000000000 0.002131291731
-1.000000000000 9.000000000000 0.001954737155
-1.000000000000 10.000000000000 0.001798295738
-1.000000000000 11.000000000000 0.001658406799
-1.000000000000 12.000000000000 0.001532404991
-1.000000000000 13.000000000000 0.001418244609
-1.000000000000 14.000000000000 0.001314321484
-1.000000000000 15.000000000000 0.001219354173
-1.000000000000 16.000000000000 0.001132302416
-1.000000000000 17.000000000000 0.001052309753
-1.000000000000 18.000000000000 0.000978662244
-1.000000000000 19.000000000000 0.000910758183
-1.000000000000 20.000000000000 0.000848085505
-1.000000000000 21.000000000000 0.000790204665
-1.000000000000 22.000000000000 0.000736735482
-1.000000000000 23.000000000000 0.000687346925
-1.000000000000 24.000000000000 0.000641749076
-1.000000000000 25.000000000000 0.000599686761
-1.000000000000 26.000000000000 0.000560934448
-1.000000000000 27.000000000000 0.000525292141
-1.000000000000 28.000000000000 0.000492582044
-1.000000000000 29.000000000000 0.000462645840
-1.000000000000 30.000000000000 0.000435342457
-1.000000000000 31.000000000000 0.000410546235
-1.000000000000 32.000000000000 0.000388145408
-1.000000000000 33.000000000000 0.000368040852
-1.000000000000 34.000000000000 0.000350145045
-1.000000000000 35.000000000000 0.000334381216
-1.000000000000 36.000000000000 0.000320682638
-1.000000000000 37.000000000000 0.000308992051
-1.000000000000 38.000000000000 0.000299261203
-1.000000000000 39.000000000000 0.000291450477
-1.000000000000 40.000000000000 0.000285528609
-1.000000000000 41.000000000000 0.000281472484
-1.000000000000 42.000000000000 0.000277083468
-1.000000000000 43.000000000000 0.000091104057
-1.000000000000 44.000000000000 0.000025854734
-1.000000000000 45.000000000000 0.000006436846
-1.000000000000 46.000000000000 0.000001524625
-1.000000000000 47.000000000000 0.000000197041
-1.000000000000 48.000000000000 0.000000000950
-1.000000000000 49.000000000000 0.000000000004
-1.000000000000 50.000000000000 0.000000000000
-1.000000000000 51.000000000000 0.000000000000

0.000000000000 -51.000000000000 0.000000000000
0.000000000000 -50.000000000000 0.000000000000
0.000000000000 -49.000000000000 0.000000000004
0.000000000000 -48.000000000000 0.000000000952
0.000000000000 -47.000000000000 0.000000197392
0.000000000000 -46.000000000000 0.000001527105
0.000000000000 -45.000000000000 0.000006446420
0.000000000000 -44.000000000000 0.000025889478
0.000000000000 -43.000000000000 0.000091212415
0.000000000000 -42.000000000000 0.000277366418
0.000000000000 -41.000000000000 0.000281758605
0.000000000000 -40.000000000000 0.000285819311
0.000000000000 -39.000000000000 0.000291748797
0.000000000000 -38.000000000000 0.000299570265
0.000000000000 -37.000000000000 0.000309315103
0.000000000000 -36.000000000000 0.000321023101
0.000000000000 -35.000000000000 0.000334742732
0.000000000000 -34.000000000000 0.000350531528
0.000000000000 -33.000000000000 0.000368456551
0.000000000000 -32.000000000000 0.000388594977
0.000000000000 -31.000000000000 0.000411034813
0.000000000000 -30.000000000000 0.000435875767
0.000000000000 -29.000000000000 0.000463230300
0.000000000000 -28.000000000000 0.000493224907
0.000000000000 -27.000000000000 0.000526001663
0.000000000000 -26.000000000000 0.000561720091
0.000000000000 -25.000000000000 0.000600559451
0.000000000000 -24.000000000000 0.000642721521
0.000000000000 -23.000000000000 0.000688434014
0.000000000000 -22.000000000000 0.000737954806
0.000000000000 -21.000000000000 0.000791577178
0.000000000000 -20.000000000000 0.000849636395
0.000000000000 -19.000000000000 0.000912518020
0.000000000000 -18.000000000000 0.000980668534
0.000000000000 -17.000000000000 0.001054609049
0.000000000000 -16.000000000000 0.001134953254
0.000000000000 -15.000000000000 0.001222431236
0.000000000000 -14.000000000000 0.001317921627
0.000000000000 -13.000000000000 0.001422495813
0.000000000000 -12.000000000000 0.001537480044
0.000000000000 -11.000000000000 0.001664544929
0.000000000000 -10.000000000000 0.001805838181
0.000000000000 -9.000000000000 0.001964188523
0.000000000000 -8.000000000000 0.002143432338
0.000000000000 -7.000000000000 0.002348964957
0.000000000000 -6.000000000000 0.002588735015
0.000000000000 -5.000000000000 0.002875200557
0.000000000000 -4.000000000000 0.003229642090
0.000000000000 -3.000000000000 0.003693145705
0.000000000000 -2.000000000000 0.004359568602
0.000000000000 -1.000000000000 0.005491816446
0.000000000000 0.000000000000 0.007991298078
0.000000000000 1.000000000000 0.005491816446
0.000000000000 2.000000000000 0.004359568602
0.000000000000 3.000000000000 0.003693145705
0.000000000000 4.000000000000 0.003229642090
0.000000000000 5.000000000000 0.002875200557
0.000000000000 6.000000000000 0.002588735015
0.000000000000 7.000000000000 0.002348964957
0.000000000000 8.000000000000 0.002143432338
0.000000000000 9.000000000000 0.001964188523
0.000000000000 10.000000000000 0.001805838181
0.000000000000 11.000000000000 0.001664544929
0.000000000000 12.000000000000 0.001537480044
0.000000000000 13.000000000000 0.001422495813
0.000000000000 14.000000000000 0.001317921627
0.000000000000 15.000000000000 0.001222431236
0.000000000000 16.000000000000 0.001134953254
0.000000000000 17.000000000000 0.001054609049
0.000000000000 18.000000000000 0.000980668534
0.000000000000 19.000000000000 0.000912518020
0.000000000000 20.000000000000 0.000849636395
0.000000000000 21.000000000000 0.000791577178
0.000000000000 22.000000000000 0.000737954806
0.000000000000 23.000000000000 0.000688434014
0.000000000000 24.000000000000 0.000642721521
0.000000000000 25.000000000000 0.000600559451
0.000000000000 26.000000000000 0.000561720091
0.000000000000 27.000000000000 0.000526001663
0.000000000000 28.000000000000 0.000493224907
0.000000000000 29.000000000000 0.000463230300
0.000000000000 30.000000000000 0.000435875767
0.000000000000 31.000000000000 0.000411034813
0.000000000000 32.000000000000 0.000388594977
0.000000000000 33.000000000000 0.000368456551
0.000000000000 34.000000000000 0.000350531528
0.000000000000 35.000000000000 0.000334742732
0.000000000000 36.000000000000 0.000321023101
0.000000000000 37.000000000000 0.000309315103
0.000000000000 38.000000000000 0.000299570265
0.000000000000 39.000000000000 0.000291748797
0.000000000000 40.000000000000 0.000285819311
0.000000000000 41.000000000000 0.000281758605
0.000000000000 42.000000000000 0.000277366418
0.000000000000 43.000000000000 0.000091212415
0.000000000000 44.000000000000 0.000025889478
0.000000000000 45.000000000000 0.000006446420
0.000000000000 46.000000000000 0.000001527105
0.000000000000 47.000000000000 0.000000197392
0.000000000000 48.000000000000 0.000000000952
0.000000000000 49.000000000000 0.000000000004
0.000000000000 50.000000000000 0.000000000000
0.000000000000 51.000000000000 0.000000000000

1.000000000000 -51.000000000000 0.000000000000
1.000000000000 -50.000000000000 0.000000000000
1.000000000000 -49.000000000000 0.000000000004
1.000000000000 -48.000000000000 0.000000000950
1.000000000000 -47.000000000000 0.000000197041
1.000000000000 -46.000000000000 0.000001524625
1.000000000000 -45.000000000000 0.000006436846
1.000000000000 -44.000000000000 0.000025854734
1.000000000000 -43.000000000000 0.000091104057
1.000000000000 -42.000000000000 0.000277083468
1.000000000000 -41.000000000000 0.000281472484
1.000000000000 -40.000000000000 0.000285528609
1.000000000000 -39.000000000000 0.000291450477
1.000000000000 -38.000000000000 0.000299261203
1.000000000000 -37.000000000000 0.000308992051
1.000000000000 -36.000000000000 0.000320682638
1.000000000000 -35.000000000000 0.000334381216
1.000000000000 -34.000000000000 0.000350145045
1.000000000000 -33.000000000000 0.000368040852
1.000000000000 -32.000000000000 0.000388145408
1.000000000000 -31.000000000000 0.000410546235
1.000000000000 -30.000000000000 0.000435342457
1.000000000000 -29.000000000000 0.000462645840
1.000000000000 -28.000000000000 0.000492582044
1.000000000000 -27.000000000000 0.000525292141
1.000000000000 -26.000000000000 0.000560934448
1.000000000000 -25.000000000000 0.000599686761
1.000000000000 -24.000000000000 0.000641749076
1.000000000000 -23.000000000000 0.000687346925
1.000000000000 -22.000000000000 0.000736735482
1.000000000000 -21.000000000000 0.000790204665
1.000000000000 -20.000000000000 0.000848085505
1.000000000000 -19.000000000000 0.000910758183
1.000000000000 -18.000000000000 0.000978662244
1.000000000000 -17.000000000000 0.001052309753
1.000000000000 -16.000000000000 0.001132302416
1.000000000000 -15.000000000000 0.001219354173
1.000000000000 -14.000000000000 0.001314321484
1.000000000000 -13.000000000000 0.001418244609
1.000000000000 -12.000000000000 0.001532404991
1.000000000000 -11.000000000000 0.001658406799
1.000000000000 -10.000000000000 0.001798295738
1.000000000000 -9.000000000000 0.001954737155
1.000000000000 -8.000000000000 0.002131291731
1.000000000000 -7.000000000000 0.002332857582
1.000000000000 -6.000000000000 0.002566405243
1.000000000000 -5.000000000000 0.002842236201
1.000000000000 -4.000000000000 0.003176139369
1.000000000000 -3.000000000000 0.003592718052
1.000000000000 -2.000000000000 0.004127690750
1.000000000000 -1.000000000000 0.004809235759
1.000000000000 0.000000000000 0.005491816446
1.000000000000 1.000000000000 0.004809235759
1.000000000000 2.000000000000 0.004127690750
1.000000000000 3.000000000000 0.003592718052
1.000000000000 4.000000000000 0.003176139369
1.000000000000 5.000000000000 0.002842236201
1.000000000000 6.000000000000 0.002566405243
1.000000000000 7.000000000000 0.002332857582
1.000000000000 8.000000000000 0.002131291731
1.000000000000 9.000000000000 0.001954737155
1.000000000000 10.000000000000 0.001798295738
1.000000000000 11.000000000000 0.001658406799
1.000000000000 12.000000000000 0.001532404991
1.000000000000 13.000000000000 0.001418244609
1.000000000000 14.000000000000 0.001314321484
1.000000000000 15.000000000000 0.001219354173
1.000000000000 16.000000000000 0.001132302416
1.000000000000 17.000000000000 0.001052309753
1.000000000000 18.000000000000 0.000978662244
1.000000000000 19.000000000000 0.000910758183
1.000000000000 20.000000000000 0.000848085505
1.000000000000 21.000000000000 0.000790204665
1.000000000000 22.000000000000 0.000736735482
1.000000000000 23.000000000000 0.000687346925
1.000000000000 24.000000000000 0.000641749076
1.000000000000 25.000000000000 0.000599686761
1.000000000000 26.000000000000 0.000560934448
1.000000000000 27.000000000000 0.000525292141
1.000000000000 28.000000000000 0.000492582044
1.000000000000 29.000000000000 0.000462645840
1.000000000000 30.000000000000 0.000435342457
1.000000000000 31.000000000000 0.000410546235
1.000000000000 32.000000000000 0.000388145408
1.000000000000 33.000000000000 0.000368040852
1.000000000000 34.000000000000 0.000350145045
1.000000000000 35.000000000000 0.000334381216
1.000000000000 36.000000000000 0.000320682638
1.000000000000 37.000000000000 0.000308992051
1.000000000000 38.000000000000 0.000299261203
1.000000000000 39.000000000000 0.000291450477
1.000000000000 40.000000000000 0.000285528609
1.000000000000 41.000000000000 0.000281472484
1.000000000000 42.000000000000 0.000277083468
1.000000000000 43.000000000000 0.000091104057
1.000000000000 44.000000000000 0.000025854734
1.000000000000 45.000000000000 0.000006436846
1.000000000000 46.000000000000 0.000001524625
1.000000000000 47.000000000000 0.000000197041
1.000000000000 48.000000000000 0.000000000950
1.000000000000 49.000000000000 0.000000000004
1.000000000000 50.000000000000 0.000000000000
1.000000000000 51.000000000000 0.000000000000

2.000000000000 -51.000000000000 0.000000000000
2.000000000000 -50.000000000000 0.000000000000
2.000000000000 -49.000000000000 0.000000000004
2.000000000000 -48.000000000000 0.000000000944
2.000000000000 -47.000000000000 0.000000195992
2.000000000000 -46.000000000000 0.000001517213
2.000000000000 -45.000000000000 0.000006408222
2.000000000000 -44.000000000000 0.000025750833
2.000000000000 -43.000000000000 0.000090779936
2.000000000000 -42.000000000000 0.000276236879
2.000000000000 -41.000000000000 0.000280616405
2.000000000000 -40.000000000000 0.000284658831
2.000000000000 -39.000000000000 0.000290557930
2.000000000000 -38.000000000000 0.000298336560
2.000000000000 -37.000000000000 0.000308025606
2.000000000000 -36.000000000000 0.000319664173
2.000000000000 -35.000000000000 0.000333299861
2.000000000000 -34.000000000000 0.000348989117
2.000000000000 -33.000000000000 0.000366797672
2.000000000000 -32.000000000000 0.000386801096
2.000000000000 -31.000000000000 0.000409085468
2.000000000000 -30.000000000000 0.000433748183
2.000000000000 -29.000000000000 0.000460898940
2.000000000000 -28.000000000000 0.000490660926
2.000000000000 -27.000000000000 0.000523172243
2.000000000000 -26.000000000000 0.000558587636
2.000000000000 -25.000000000000 0.000597080576
2.000000000000 -24.000000000000 0.000638845800
2.000000000000 -23.000000000000 0.000684102399
2.000000000000 -22.000000000000 0.000733097600
2.000000000000 -21.000000000000 0.000786111436
2.000000000000 -20.000000000000 0.000843462521
2.000000000000 -19.000000000000 0.000905515275
2.000000000000 -18.000000000000 0.000972689010
2.000000000000 -17.000000000000 0.001045469473
2.000000000000 -16.000000000000 0.001124423642
2.000000000000 -15.000000000000 0.001210218886
2.000000000000 -14.000000000000 0.001303648070
2.000000000000 -13.000000000000 0.001405662809
2.000000000000 -12.000000000000 0.001517418067
2.000000000000 -11.000000000000 0.001640332644
2.000000000000 -10.000000000000 0.001776172015
2.000000000000 -9.000000000000 0.001927162340
2.000000000000 -8.000000000000 0.002096146414
2.000000000000 -7.000000000000 0.002286790049
2.000000000000 -6.000000000000 0.002503827073
2.000000000000 -5.000000000000 0.002753245866
2.000000000000 -4.000000000000 0.003042016724
2.000000000000 -3.000000000000 0.003375959302
2.000000000000 -2.000000000000 0.003751308771
2.000000000000 -1.000000000000 0.004127690750
2.000000000000 0.000000000000 0.004359568602
2.000000000000 1.000000000000 0.004127690750
2.000000000000 2.000000000000 0.003751308771
2.000000000000 3.000000000000 0.003375959302
2.000000000000 4.000000000000 0.003042016724
2.000000000000 5.000000000000 0.002753245866
2.000000000000 6.000000000000 0.002503827073
2.000000000000 7.000000000000 0.002286790049
2.000000000000 8.000000000000 0.002096146414
2.000000000000 9.000000000000 0.001927162340
2.000000000000 10.000000000000 0.001776172015
2.000000000000 11.000000000000 0.001640332644
2.000000000000 12.000000000000 0.001517418067
2.000000000000 13.000000000000 0.001405662809
2.000000000000 14.000000000000 0.001303648070
2.000000000000 15.000000000000 0.001210218886
2.000000000000 16.000000000000 0.001124423642
2.000000000000 17.000000000000 0.001045469473
2.000000000000 18.000000000000 0.000972689010
2.000000000000 19.000000000000 0.000905515275
2.000000000000 20.000000000000 0.000843462521
2.000000000000 21.000000000000 0.000786111436
2.000000000000 22.000000000000 0.000733097600
2.000000000000 23.000000000000 0.000684102399
2.000000000000 24.000000000000 0.000638845800
2.000000000000 25.000000000000 0.000597080576
2.000000000000 26.000000000000 0.000558587636
2.000000000000 27.000000000000 0.000523172243
2.000000000000 28.000000000000 0.000490660926
2.000000000000 29.000000000000 0.000460898940
2.000000000000 30.000000000000 0.000433748183
2.000000000000 31.000000000000 0.000409085468
2.000000000000 32.000000000000 0.000386801096
2.000000000000 33.000000000000 0.000366797672
2.000000000000 34.000000000000 0.000348989117
2.000000000000 35.000000000000 0.000333299861
2.000000000000 36.000000000000 0.000319664173
2.000000000000 37.000000000000 0.000308025606
2.000000000000 38.000000000000 0.000298336560
2.000000000000 39.000000000000 0.000290557930
2.000000000000 40.000000000000 0.000284658831
2.000000000000 41.000000000000 0.000280616405
2.000000000000 42.000000000000 0.000276236879
2.000000000000 43.000000000000 0.000090779936
2.000000000000 44.000000000000 0.000025750833
2.000000000000 45.000000000000 0.000006408222
2.000000000000 46.000000000000 0.000001517213
2.000000000000 47.000000000000 0.000000195992
2.000000000000 48.000000000000 0.000000000944
2.000000000000 49.000000000000 0.000000000004
2.000000000000 50.000000000000 0.000000000000
2.000000000000 51.000000000000 0.000000000000

3.000000000000 -51.000000000000 0.000000000000
3.000000000000 -50.000000000000 0.000000000000
3.000000000000 -49.000000000000 0.000000000004
3.000000000000 -48.000000000000 0.000000000935
3.000000000000 -47.000000000000 0.000000194257
3.000000000000 -46.000000000000 0.000001504951
3.000000000000 -45.000000000000 0.000006360847
3.000000000000 -44.000000000000 0.000025578774
3.000000000000 -43.000000000000 0.000090242897
3.000000000000 -42.000000000000 0.000274833404
3.000000000000 -41.000000000000 0.000279197183
3.000000000000 -40.000000000000 0.000283216935
3.000000000000 -39.000000000000 0.000289078369
3.000000000000 -38.000000000000 0.000296803920
3.000000000000 -37.000000000000 0.000306423851
3.000000000000 -36.000000000000 0.000317976431
3.000000000000 -35.000000000000 0.000331508190
3.000000000000 -34.000000000000 0.000347074240
3.000000000000 -33.000000000000 0.000364738688
3.000000000000 -32.000000000000 0.000384575138
3.000000000000 -31.000000000000 0.000406667310
3.000000000000 -30.000000000000 0.000431109779
3.000000000000 -29.000000000000 0.000458008876
3.000000000000 -28.000000000000 0.000487483763
3.000000000000 -27.000000000000 0.000519667719
3.000000000000 -26.000000000000 0.000554709691
3.000000000000 -25.000000000000 0.000592776154
3.000000000000 -24.000000000000 0.000634053352
3.000000000000 -23.000000000000 0.000678750002
3.000000000000 -22.000000000000 0.000727100574
3.000000000000 -21.000000000000 0.000779369281
3.000000000000 -20.000000000000 0.000835854948
3.000000000000 -19.000000000000 0.000896896995
3.000000000000 -18.000000000000 0.000962882809
3.000000000000 -17.000000000000 0.001034256875
3.000000000000 -16.000000000000 0.001111532130
3.000000000000 -15.000000000000 0.001195304130
3.000000000000 -14.000000000000 0.001286268746
3.000000000000 -13.000000000000 0.001385244219
3.000000000000 -12.000000000000 0.001493198416
3.000000000000 -11.000000000000 0.001611281808
3.000000000000 -10.000000000000 0.001740865510
3.000000000000 -9.000000000000 0.001883580441
3.000000000000 -8.000000000000 0.002041345025
3.000000000000 -7.000000000000 0.002216347682
3.000000000000 -6.000000000000 0.002410898917
3.000000000000 -5.000000000000 0.002626946566
3.000000000000 -4.000000000000 0.002864774800
3.000000000000 -3.000000000000 0.003119853421
3.000000000000 -2.000000000000 0.003375959302
3.000000000000 -1.000000000000 0.003592718052
3.000000000000 0.000000000000 0.003693145705
3.000000000000 1.000000000000 0.003592718052
3.000000000000 2.000000000000 0.003375959302
3.000000000000 3.000000000000 0.003119853421
3.000000000000 4.000000000000 0.002864774800
3.000000000000 5.000000000000 0.002626946566
3.000000000000 6.000000000000 0.002410898917
3.000000000000 7.000000000000 0.002216347682
3.000000000000 8.000000000000 0.002041345025
3.000000000000 9.000000000000 0.001883580441
3.000000000000 10.000000000000 0.001740865510
3.000000000000 11.000000000000 0.001611281808
3.000000000000 12.000000000000 0.001493198416
3.000000000000 13.000000000000 0.001385244219
3.000000000000 14.000000000000 0.001286268746
3.000000000000 15.000000000000 0.001195304130
3.000000000000 16.000000000000 0.001111532130
3.000000000000 17.000000000000 0.001034256875
3.000000000000 18.000000000000 0.000962882809
3.000000000000 19.000000000000 0.000896896995
3.000000000000 20.000000000000 0.000835854948
3.000000000000 21.000000000000 0.000779369281
3.000000000000 22.000000000000 0.000727100574
3.000000000000 23.000000000000 0.000678750002
3.000000000000 24.000000000000 0.000634053352
3.000000000000 25.000000000000 0.000592776154
3.000000000000 26.000000000000 0.000554709691
3.000000000000 27.000000000000 0.000519667719
3.000000000000 28.000000000000 0.000487483763
3.000000000000 29.000000000000 0.000458008876
3.000000000000 30.000000000000 0.000431109779
3.000000000000 31.000000000000 0.000406667310
3.000000000000 32.000000000000 0.000384575138
3.000000000000 33.000000000000 0.000364738688
3.000000000000 34.000000000000 0.000347074240
3.000000000000 35.000000000000 0.000331508190
3.000000000000 36.000000000000 0.000317976431
3.000000000000 37.000000000000 0.000306423851
3.000000000000 38.000000000000 0.000296803920
3.000000000000 39.000000000000 0.000289078369
3.000000000000 40.000000000000 0.000283216935
3.000000000000 41.000000000000 0.000279197183
3.000000000000 42.000000000000 0.000274833404
3.000000000000 43.000000000000 0.000090242897
3.000000000000 44.000000000000 0.000025578774
3.000000000000 45.000000000000 0.000006360847
3.000000000000 46.000000000000 0.000001504951
3.000000000000 47.000000000000 0.000000194257
3.000000000000 48.000000000000 0.000000000935
3.000000000000 49.000000000000 0.000000000004
3.000000000000 50.000000000000 0.000000000000
3.000000000000 51.000000000000 0.000000000000

4.000000000000 -51.000000000000 0.000000000000
4.000000000000 -50.000000000000 0.000000000000
4.000000000000 -49.000000000000 0.000000000004
4.000000000000 -48.000000000000 0.000000000923
4.000000000000 -47.000000000000 0.000000191857
4.000000000000 -46.000000000000 0.000001487976
4.000000000000 -45.000000000000 0.000006295208
4.000000000000 -44.000000000000 0.000025340195
4.000000000000 -43.000000000000 0.000089497630
4.000000000000 -42.000000000000 0.000272884191
4.000000000000 -41.000000000000 0.000277226069
4.000000000000 -40.000000000000 0.000281214404
4.000000000000 -39.000000000000 0.000287023692
4.000000000000 -38.000000000000 0.000294675793
4.000000000000 -37.000000000000 0.000304200117
4.000000000000 -36.000000000000 0.000315633794
4.000000000000 -35.000000000000 0.000329021888
4.000000000000 -34.000000000000 0.000344417697
4.000000000000 -33.000000000000 0.000361883111
4.000000000000 -32.000000000000 0.000381489061
4.000000000000 -31.000000000000 0.000403316061
4.000000000000 -30.000000000000 0.000427454865
4.000000000000 -29.000000000000 0.000454007243
4.000000000000 -28.000000000000 0.000483086916
4.000000000000 -27.000000000000 0.000514820666
4.000000000000 -26.000000000000 0.000549349647
4.000000000000 -25.000000000000 0.000586830959
4.000000000000 -24.000000000000 0.000627439502
4.000000000000 -23.000000000000 0.000671370197
4.000000000000 -22.000000000000 0.000718840619
4.000000000000 -21.000000000000 0.000770094135
4.000000000000 -20.000000000000 0.000825403653
4.000000000000 -19.000000000000 0.000885076070
4.000000000000 -18.000000000000 0.000949457564
4.000000000000 -17.000000000000 0.001018939854
4.000000000000 -16.000000000000 0.001093967525
4.000000000000 -15.000000000000 0.001175046480
4.000000000000 -14.000000000000 0.001262753401
4.000000000000 -13.000000000000 0.001357745768
4.000000000000 -12.000000000000 0.001460771244
4.000000000000 -11.000000000000 0.001572673797
4.000000000000 -10.000000000000 0.001694390926
4.000000000000 -9.000000000000 0.001826930486
4.000000000000 -8.000000000000 0.001971303942
4.000000000000 -7.000000000000 0.002128370148
4.000000000000 -6.000000000000 0.002298500953
4.000000000000 -5.000000000000 0.002480904574
4.000000000000 -4.000000000000 0.002672329703
4.000000000000 -3.000000000000 0.002864774800
4.000000000000 -2.000000000000 0.003042016724
4.000000000000 -1.000000000000 0.003176139369
4.000000000000 0.000000000000 0.003229642090
4.000000000000 1.000000000000 0.003176139369
4.000000000000 2.000000000000 0.003042016724
4.000000000000 3.000000000000 0.002864774800
4.000000000000 4.000000000000 0.002672329703
4.000000000000 5.000000000000 0.002480904574
4.000000000000 6.000000000000 0.002298500953
4.000000000000 7.000000000000 0.002128370148
4.000000000000 8.000000000000 0.001971303942
4.000000000000 9.000000000000 0.001826930486
4.000000000000 10.000000000000 0.001694390926
4.000000000000 11.000000000000 0.001572673797
4.000000000000 12.000000000000 0.001460771244
4.000000000000 13.000000000000 0.001357745768
4.000000000000 14.000000000000 0.001262753401
4.000000000000 15.000000000000 0.001175046480
4.000000000000 16.000000000000 0.001093967525
4.000000000000 17.000000000000 0.001018939854
4.000000000000 18.000000000000 0.000949457564
4.000000000000 19.000000000000 0.000885076070
4.000000000000 20.000000000000 0.000825403653
4.000000000000 21.000000000000 0.000770094135
4.000000000000 22.000000000000 0.000718840619
4.000000000000 23.000000000000 0.000671370197
4.000000000000 24.000000000000 0.000627439502
4.000000000000 25.000000000000 0.000586830959
4.000000000000 26.000000000000 0.000549349647
4.000000000000 27.000000000000 0.000514820666
4.000000000000 28.000000000000 0.000483086916
4.000000000000 29.000000000000 0.000454007243
4.000000000000 30.000000000000 0.000427454865
4.000000000000 31.000000000000 0.000403316061
4.000000000000 32.000000000000 0.000381489061
4.000000000000 33.000000000000 0.000361883111
4.000000000000 34.000000000000 0.000344417697
4.000000000000 35.000000000000 0.000329021888
4.000000000000 36.000000000000 0.000315633794
4.000000000000 37.000000000000 0.000304200117
4.000000000000 38.000000000000 0.000294675793
4.000000000000 39.000000000000 0.000287023692
4.000000000000 40.000000000000 0.000281214404
4.000000000000 41.000000000000 0.000277226069
4.000000000000 42.000000000000 0.000272884191
4.000000000000 43.000000000000 0.000089497630
4.000000000000 44.000000000000 0.000025340195
4.000000000000 45.000000000000 0.000006295208
4.000000000000 46.000000000000 0.000001487976
4.000000000000 47.000000000000 0.000000191857
4.000000000000 48.000000000000 0.000000000923
4.000000000000 49.000000000000 0.000000000004
4.000000000000 50.000000000000 0.000000000000
4.000000000000 51.000000000000 0.000000000000

5.000000000000 -51.000000000000 0.000000000000
5.000000000000 -50.000000000000 0.000000000000
5.000000000000 -49.000000000000 0.000000000004
5.000000000000 -48.000000000000 0.000000000907
5.000000000000 -47.000000000000 0.000000188821
5.000000000000 -46.000000000000 0.000001466474
5.000000000000 -45.000000000000 0.000006211979
5.000000000000 -44.000000000000 0.000025037353
5.000000000000 -43.000000000000 0.000088550596
5.000000000000 -42.000000000000 0.000270404620
5.000000000000 -41.000000000000 0.000274718587
5.000000000000 -40.000000000000 0.000278667078
5.000000000000 -39.000000000000 0.000284410312
5.000000000000 -38.000000000000 0.000291969426
5.000000000000 -37.000000000000 0.000301372773
5.000000000000 -36.000000000000 0.000312656059
5.000000000000 -35.000000000000 0.000325862533
5.000000000000 -34.000000000000 0.000341043237
5.000000000000 -33.000000000000 0.000358257312
5.000000000000 -32.000000000000 0.000377572382
5.000000000000 -31.000000000000 0.000399065002
5.000000000000 -30.000000000000 0.000422821212
5.000000000000 -29.000000000000 0.000448937176
5.000000000000 -28.000000000000 0.000477519944
5.000000000000 -27.000000000000 0.000508688352
5.000000000000 -26.000000000000 0.000542574065
5.000000000000 -25.000000000000 0.000579322804
5.000000000000 -24.000000000000 0.000619095772
5.000000000000 -23.000000000000 0.000662071310
5.000000000000 -22.000000000000 0.000708446807
5.000000000000 -21.000000000000 0.000758440898
5.000000000000 -20.000000000000 0.000812295965
5.000000000000 -19.000000000000 0.000870280939
5.000000000000 -18.000000000000 0.000932694388
5.000000000000 -17.000000000000 0.000999867784
5.000000000000 -16.000000000000 0.001072168764
5.000000000000 -15.000000000000 0.001150003974
5.000000000000 -14.000000000000 0.001233820754
5.000000000000 -13.000000000000 0.001324106293
5.000000000000 -12.000000000000 0.001421381811
5.000000000000 -11.000000000000 0.001526187425
5.000000000000 -10.000000000000 0.001639050068
5.000000000000 -9.000000000000 0.001760421177
5.000000000000 -8.000000000000 0.001890561378
5.000000000000 -7.000000000000 0.002029334262
5.000000000000 -6.000000000000 0.002175849573
5.000000000000 -5.000000000000 0.002327871724
5.000000000000 -4.000000000000 0.002480904574
5.000000000000 -3.000000000000 0.002626946566
5.000000000000 -2.000000000000 0.002753245866
5.000000000000 -1.000000000000 0.002842236201
5.000000000000 0.000000000000 0.002875200557
5.000000000000 1.000000000000 0.002842236201
5.000000000000 2.000000000000 0.002753245866
5.000000000000 3.000000000000 0.002626946566
5.000000000000 4.000000000000 0.002480904574
5.000000000000 5.000000000000 0.002327871724
5.000000000000 6.000000000000 0.002175849573
5.000000000000 7.000000000000 0.002029334262
5.000000000000 8.000000000000 0.001890561378
5.000000000000 9.000000000000 0.001760421177
5.000000000000 10.000000000000 0.001639050068
5.000000000000 11.000000000000 0.001526187425
5.000000000000 12.000000000000 0.001421381811
5.000000000000 13.000000000000 0.001324106293
5.000000000000 14.000000000000 0.001233820754
5.000000000000 15.000000000000 0.001150003974
5.000000000000 16.000000000000 0.001072168764
5.000000000000 17.000000000000 0.000999867784
5.000000000000 18.000000000000 0.000932694388
5.000000000000 19.000000000000 0.000870280939
5.000000000000 20.000000000000 0.000812295965
5.000000000000 21.000000000000 0.000758440898
5.000000000000 22.000000000000 0.000708446807
5.000000000000 23.000000000000 0.000662071310
5.000000000000 24.000000000000 0.000619095772
5.000000000000 25.000000000000 0.000579322804
5.000000000000 26.000000000000 0.000542574065
5.000000000000 27.000000000000 0.000508688352
5.000000000000 28.000000000000 0.000477519944
5.000000000000 29.000000000000 0.000448937176
5.000000000000 30.000000000000 0.000422821212
5.000000000000 31.000000000000 0.000399065002
5.000000000000 32.000000000000 0.000377572382
5.000000000000 33.000000000000 0.000358257312
5.000000000000 34.000000000000 0.000341043237
5.000000000000 35.000000000000 0.000325862533
5.000000000000 36.000000000000 0.000312656059
5.000000000000 37.000000000000 0.000301372773
5.000000000000 38.000000000000 0.000291969426
5.000000000000 39.000000000000 0.000284410312
5.000000000000 40.000000000000 0.000278667078
5.000000000000 41.000000000000 0.000274718587
5.000000000000 42.000000000000 0.000270404620
5.000000000000 43.000000000000 0.000088550596
5.000000000000 44.000000000000 0.000025037353
5.000000000000 45.000000000000 0.000006211979
5.000000000000 46.000000000000 0.000001466474
5.000000000000 47.000000000000 0.000000188821
5.000000000000 48.000000000000 0.000000000907
5.000000000000 49.000000000000 0.000000000004
5.000000000000 50.000000000000 0.000000000000
5.000000000000 51.000000000000 0.000000000000

6.000000000000 -51.000000000000 0.000000000000
6.000000000000 -50.000000000000 0.000000000000
6.000000000000 -49.000000000000 0.000000000004
6.000000000000 -48.000000000000 0.000000000888
6.000000000000 -47.000000000000 0.000000185185
6.000000000000 -46.000000000000 0.000001440680
6.000000000000 -45.000000000000 0.000006111998
6.000000000000 -44.000000000000 0.000024673078
6.000000000000 -43.000000000000 0.000087409920
6.000000000000 -42.000000000000 0.000267414086
6.000000000000 -41.000000000000 0.000271694312
6.000000000000 -40.000000000000 0.000275594933
6.000000000000 -39.000000000000 0.000281258913
6.000000000000 -38.000000000000 0.000288706545
6.000000000000 -37.000000000000 0.000297964937
6.000000000000 -36.000000000000 0.000309068125
6.000000000000 -35.000000000000 0.000322057230
6.000000000000 -34.000000000000 0.000336980654
6.000000000000 -33.000000000000 0.000353894331
6.000000000000 -32.000000000000 0.000372862025
6.000000000000 -31.000000000000 0.000393955691
6.000000000000 -30.000000000000 0.000417255899
6.000000000000 -29.000000000000 0.000442852329
6.000000000000 -28.000000000000 0.000470844346
6.000000000000 -27.000000000000 0.000501341663
6.000000000000 -26.000000000000 0.000534465097
6.000000000000 -25.000000000000 0.000570347428
6.000000000000 -24.000000000000 0.000609134365
6.000000000000 -23.000000000000 0.000650985610
6.000000000000 -22.000000000000 0.000696076024
6.000000000000 -21.000000000000 0.000744596860
6.000000000000 -20.000000000000 0.000796757018
6.000000000000 -19.000000000000 0.000852784231
6.000000000000 -18.000000000000 0.000912926033
6.000000000000 -17.000000000000 0.000977450248
6.000000000000 -16.000000000000 0.001046644572
6.000000000000 -15.000000000000 0.001120814570
6.000000000000 -14.000000000000 0.001200278944
6.000000000000 -13.000000000000 0.001285360278
6.000000000000 -12.000000000000 0.001376368354
6.000000000000 -11.000000000000 0.001473571395
6.000000000000 -10.000000000000 0.001577147972
6.000000000000 -9.000000000000 0.001687108314
6.000000000000 -8.000000000000 0.001803168321
6.000000000000 -7.000000000000 0.001924553056
6.000000000000 -6.000000000000 0.002049701550
6.000000000000 -5.000000000000 0.002175849573
6.000000000000 -4.000000000000 0.002298500953
6.000000000000 -3.000000000000 0.002410898917
6.000000000000 -2.000000000000 0.002503827073
6.000000000000 -1.000000000000 0.002566405243
6.000000000000 0.000000000000 0.002588735015
6.000000000000 1.000000000000 0.002566405243
6.000000000000 2.000000000000 0.002503827073
6.000000000000 3.000000000000 0.002410898917
6.000000000000 4.000000000000 0.002298500953
6.000000000000 5.000000000000 0.002175849573
6.000000000000 6.000000000000 0.002049701550
6.000000000000 7.000000000000 0.001924553056
6.000000000000 8.000000000000 0.001803168321
6.000000000000 9.000000000000 0.001687108314
6.000000000000 10.000000000000 0.001577147972
6.000000000000 11.000000000000 0.001473571395
6.000000000000 12.000000000000 0.001376368354
6.000000000000 13.000000000000 0.001285360278
6.000000000000 14.000000000000 0.001200278944
6.000000000000 15.000000000000 0.001120814570
6.000000000000 16.000000000000 0.001046644572
6.000000000000 17.000000000000 0.000977450248
6.000000000000 18.000000000000 0.000912926033
6.000000000000 19.000000000000 0.000852784231
6.000000000000 20.000000000000 0.000796757018
6.000000000000 21.000000000000 0.000744596860
6.000000000000 22.000000000000 0.000696076024
6.000000000000 23.000000000000 0.000650985610
6.000000000000 24.000000000000 0.000609134365
6.000000000000 25.000000000000 0.000570347428
6.000000000000 26.000000000000 0.000534465097
6.000000000000 27.000000000000 0.000501341663
6.000000000000 28.000000000000 0.000470844346
6.000000000000 29.000000000000 0.000442852329
6.000000000000 30.000000000000 0.000417255899
6.000000000000 31.000000000000 0.000393955691
6.000000000000 32.000000000000 0.000372862025
6.000000000000 33.000000000000 0.000353894331
6.000000000000 34.000000000000 0.000336980654
6.000000000000 35.000000000000 0.000322057230
6.000000000000 36.000000000000 0.000309068125
6.000000000000 37.000000000000 0.000297964937
6.000000000000 38.000000000000 0.000288706545
6.000000000000 39.000000000000 0.000281258913
6.000000000000 40.000000000000 0.000275594933
6.000000000000 41.000000000000 0.000271694312
6.000000000000 42.000000000000 0.000267414086
6.000000000000 43.000000000000 0.000087409920
6.000000000000 44.000000000000 0.000024673078
6.000000000000 45.000000000000 0.000006111998
6.000000000000 46.000000000000 0.000001440680
6.000000000000 47.000000000000 0.000000185185
6.000000000000 48.000000000000 0.000000000888
6.000000000000 49.000000000000 0.000000000004
6.000000000000 50.000000000000 0.000000000000
6.000000000000 51.000000000000 0.000000000000

7.000000000000 -51.000000000000 0.000000000000
7.000000000000 -50.000000000000 0.000000000000
7.000000000000 -49.000000000000 0.000000000004
7.000000000000 -48.000000000000 0.000000000866
7.000000000000 -47.000000000000 0.000000180990
7.000000000000 -46.000000000000 0.000001410867
7.000000000000 -45.000000000000 0.000005996261
7.000000000000 -44.000000000000 0.000024250727
7.000000000000 -43.000000000000 0.000086085267
7.000000000000 -42.000000000000 0.000263935729
7.000000000000 -41.000000000000 0.000268176604
7.000000000000 -40.000000000000 0.000272021793
7.000000000000 -39.000000000000 0.000277594157
7.000000000000 -38.000000000000 0.000284913033
7.000000000000 -37.000000000000 0.000294004125
7.000000000000 -36.000000000000 0.000304899592
7.000000000000 -35.000000000000 0.000317638160
7.000000000000 -34.000000000000 0.000332265271
7.000000000000 -33.000000000000 0.000348833267
7.000000000000 -32.000000000000 0.000367401603
7.000000000000 -31.000000000000 0.000388037110
7.000000000000 -30.000000000000 0.000410814286
7.000000000000 -29.000000000000 0.000435815637
7.000000000000 -28.000000000000 0.000463132059
7.000000000000 -27.000000000000 0.000492863258
7.000000000000 -26.000000000000 0.000525118212
7.000000000000 -25.000000000000 0.000560015661
7.000000000000 -24.000000000000 0.000597684606
7.000000000000 -23.000000000000 0.000638264808
7.000000000000 -22.000000000000 0.000681907217
7.000000000000 -21.000000000000 0.000728774303
7.000000000000 -20.000000000000 0.000779040147
7.000000000000 -19.000000000000 0.000832890168
7.000000000000 -18.000000000000 0.000890520230
7.000000000000 -17.000000000000 0.000952134774
7.000000000000 -16.000000000000 0.001017943422
7.000000000000 -15.000000000000 0.001088155242
7.000000000000 -14.000000000000 0.001162969416
7.000000000000 -13.000000000000 0.001242560483
7.000000000000 -12.000000000000 0.001327055406
7.000000000000 -11.000000000000 0.001416498497
7.000000000000 -10.000000000000 0.001510798533
7.000000000000 -9.000000000000 0.001609650413
7.000000000000 -8.000000000000 0.001712421732
7.000000000000 -7.000000000000 0.001817994122
7.000000000000 -6.000000000000 0.001924553056
7.000000000000 -5.000000000000 0.002029334262
7.000000000000 -4.000000000000 0.002128370148
7.000000000000 -3.000000000000 0.002216347682
7.000000000000 -2.000000000000 0.002286790049
7.000000000000 -1.000000000000 0.002332857582
7.000000000000 0.000000000000 0.002348964957
7.000000000000 1.000000000000 0.002332857582
7.000000000000 2.000000000000 0.002286790049
7.000000000000 3.000000000000 0.002216347682
7.000000000000 4.000000000000 0.002128370148
7.000000000000 5.000000000000 0.002029334262
7.000000000000 6.000000000000 0.001924553056
7.000000000000 7.000000000000 0.001817994122
7.000000000000 8.000000000000 0.001712421732
7.000000000000 9.000000000000 0.001609650413
7.000000000000 10.000000000000 0.001510798533
7.000000000000 11.000000000000 0.001416498497
7.000000000000 12.000000000000 0.001327055406
7.000000000000 13.000000000000 0.001242560483
7.000000000000 14.000000000000 0.001162969416
7.000000000000 15.000000000000 0.001088155242
7.000000000000 16.000000000000 0.001017943422
7.000000000000 17.000000000000 0.000952134774
7.000000000000 18.000000000000 0.000890520230
7.000000000000 19.000000000000 0.000832890168
7.000000000000 20.000000000000 0.000779040147
7.000000000000 21.000000000000 0.000728774303
7.000000000000 22.000000000000 0.000681907217
7.000000000000 23.000000000000 0.000638264808
7.000000000000 24.000000000000 0.000597684606
7.000000000000 25.000000000000 0.000560015661
7.000000000000 26.000000000000 0.000525118212
7.000000000000 27.000000000000 0.000492863258
7.000000000000 28.000000000000 0.000463132059
7.000000000000 29.000000000000 0.000435815637
7.000000000000 30.000000000000 0.000410814286
7.000000000000 31.000000000000 0.000388037110
7.000000000000 32.000000000000 0.000367401603
7.000000000000 33.000000000000 0.000348833267
7.000000000000 34.000000000000 0.000332265271
7.000000000000 35.000000000000 0.000317638160
7.000000000000 36.000000000000 0.000304899592
7.000000000000 37.000000000000 0.000294004125
7.000000000000 38.000000000000 0.000284913033
7.000000000000 39.000000000000 0.000277594157
7.000000000000 40.000000000000 0.000272021793
7.000000000000 41.000000000000 0.000268176604
7.000000000000 42.000000000000 0.000263935729
7.000000000000 43.000000000000 0.000086085267
7.000000000000 44.000000000000 0.000024250727
7.000000000000 45.000000000000 0.000005996261
7.000000000000 46.000000000000 0.000001410867
7.000000000000 47.000000000000 0.000000180990
7.000000000000 48.000000000000 0.000000000866
7.000000000000 49.000000000000 0.000000000004
7.000000000000 50.000000000000 0.000000000000
7.000000000000 51.000000000000 0.000000000000

8.000000000000 -51.000000000000 0.000000000000
8.000000000000 -50.000000000000 0.000000000000
8.000000000000 -49.000000000000 0.000000000003
8.000000000000 -48.000000000000 0.000000000842
8.000000000000 -47.000000000000 0.000000176284
8.000000000000 -46.000000000000 0.000001377349
8.000000000000 -45.000000000000 0.000005865897
8.000000000000 -44.000000000000 0.000023774127
8.000000000000 -43.000000000000 0.000084587697
8.000000000000 -42.000000000000 0.000259996117
8.000000000000 -41.000000000000 0.000264192282
8.000000000000 -40.000000000000 0.000267975010
8.000000000000 -39.000000000000 0.000273444339
8.000000000000 -38.000000000000 0.000280618560
8.000000000000 -37.000000000000 0.000289521846
8.000000000000 -36.000000000000 0.000300184306
8.000000000000 -35.000000000000 0.000312642061
8.000000000000 -34.000000000000 0.000326937338
8.000000000000 -33.000000000000 0.000343118586
8.000000000000 -32.000000000000 0.000361240607
8.000000000000 -31.000000000000 0.000381364708
8.000000000000 -30.000000000000 0.000403558871
8.000000000000 -29.000000000000 0.000427897935
8.000000000000 -28.000000000000 0.000454463782
8.000000000000 -27.000000000000 0.000483345527
8.000000000000 -26.000000000000 0.000514639689
8.000000000000 -25.000000000000 0.000548450325
8.000000000000 -24.000000000000 0.000584889101
8.000000000000 -23.000000000000 0.000624075250
8.000000000000 -22.000000000000 0.000666135350
8.000000000000 -21.000000000000 0.000711202838
8.000000000000 -20.000000000000 0.000759417106
8.000000000000 -19.000000000000 0.000810922003
8.000000000000 -18.000000000000 0.000865863445
8.000000000000 -17.000000000000 0.000924385737
8.000000000000 -16.000000000000 0.000986626024
8.000000000000 -15.000000000000 0.001052706063
8.000000000000 -14.000000000000 0.001122720141
8.000000000000 -13.000000000000 0.001196717547
8.000000000000 -12.000000000000 0.001274677383
8.000000000000 -11.000000000000 0.001356472804
8.000000000000 -10.000000000000 0.001441821033
8.000000000000 -9.000000000000 0.001530214953
8.000000000000 -8.000000000000 0.001620832416
8.000000000000 -7.000000000000 0.001712421732
8.000000000000 -6.000000000000 0.001803168321
8.000000000000 -5.000000000000 0.001890561378
8.000000000000 -4.000000000000 0.001971303942
8.000000000000 -3.000000000000 0.002041345025
8.000000000000 -2.000000000000 0.002096146414
8.000000000000 -1.000000000000 0.002131291731
8.000000000000 0.000000000000 0.002143432338
8.000000000000 1.000000000000 0.002131291731
8.000000000000 2.000000000000 0.002096146414
8.000000000000 3.000000000000 0.002041345025
8.000000000000 4.000000000000 0.001971303942
8.000000000000 5.000000000000 0.001890561378
8.000000000000 6.000000000000 0.001803168321
8.000000000000 7.000000000000 0.001712421732
8.000000000000 8.000000000000 0.001620832416
8.000000000000 9.000000000000 0.001530214953
8.000000000000 10.000000000000 0.001441821033
8.000000000000 11.000000000000 0.001356472804
8.000000000000 12.000000000000 0.001274677383
8.000000000000 13.000000000000 0.001196717547
8.000000000000 14.000000000000 0.001122720141
8.000000000000 15.000000000000 0.001052706063
8.000000000000 16.000000000000 0.000986626024
8.000000000000 17.000000000000 0.000924385737
8.000000000000 18.000000000000 0.000865863445
8.000000000000 19.000000000000 0.000810922003
8.000000000000 20.000000000000 0.000759417106
8.000000000000 21.000000000000 0.000711202838
8.000000000000 22.000000000000 0.000666135350
8.000000000000 23.000000000000 0.000624075250
8.000000000000 24.000000000000 0.000584889101
8.000000000000 25.000000000000 0.000548450325
8.000000000000 26.000000000000 0.000514639689
8.000000000000 27.000000000000 0.000483345527
8.000000000000 28.000000000000 0.000454463782
8.000000000000 29.000000000000 0.000427897935
8.000000000000 30.000000000000 0.000403558871
8.000000000000 31.000000000000 0.000381364708
8.000000000000 32.000000000000 0.000361240607
8.000000000000 33.000000000000 0.000343118586
8.000000000000 34.000000000000 0.000326937338
8.000000000000 35.000000000000 0.000312642061
8.000000000000 36.000000000000 0.000300184306
8.000000000000 37.000000000000 0.000289521846
8.000000000000 38.000000000000 0.000280618560
8.000000000000 39.000000000000 0.000273444339
8.000000000000 40.000000000000 0.000267975010
8.000000000000 41.000000000000 0.000264192282
8.000000000000 42.000000000000 0.000259996117
8.000000000000 43.000000000000 0.000084587697
8.000000000000 44.000000000000 0.000023774127
8.000000000000 45.000000000000 0.000005865897
8.000000000000 46.000000000000 0.000001377349
8.000000000000 47.000000000000 0.000000176284
8.000000000000 48.000000000000 0.000000000842
8.000000000000 49.000000000000 0.000000000003
8.000000000000 50.000000000000 0.000000000000
8.000000000000 51.000000000000 0.000000000000

9.000000000000 -51.000000000000 0.000000000000
9.000000000000 -50.000000000000 0.000000000000
9.000000000000 -49.000000000000 0.000000000003
9.000000000000 -48.000000000000 0.000000000815
9.000000000000 -47.000000000000 0.000000171118
9.000000000000 -46.000000000000 0.000001340468
9.000000000000 -45.000000000000 0.000005722151
9.000000000000 -44.000000000000 0.000023247514
9.000000000000 -43.000000000000 0.000082929493
9.000000000000 -42.000000000000 0.000255624893
9.000000000000 -41.000000000000 0.000259771274
9.000000000000 -40.000000000000 0.000263485093
9.000000000000 -39.000000000000 0.000268840999
9.000000000000 -38.000000000000 0.000275856169
9.000000000000 -37.000000000000 0.000284553143
9.000000000000 -36.000000000000 0.000294959853
9.000000000000 -35.000000000000 0.000307109657
9.000000000000 -34.000000000000 0.000321041381
9.000000000000 -33.000000000000 0.000336799365
9.000000000000 -32.000000000000 0.000354433514
9.000000000000 -31.000000000000 0.000373999348
9.000000000000 -30.000000000000 0.000395558046
9.000000000000 -29.000000000000 0.000419176476
9.000000000000 -28.000000000000 0.000444927201
9.000000000000 -27.000000000000 0.000472888449
9.000000000000 -26.000000000000 0.000503144011
9.000000000000 -25.000000000000 0.000535783059
9.000000000000 -24.000000000000 0.000570899828
9.000000000000 -23.000000000000 0.000608593100
9.000000000000 -22.000000000000 0.000648965427
9.000000000000 -21.000000000000 0.000692121963
9.000000000000 -20.000000000000 0.000738168770
9.000000000000 -19.000000000000 0.000787210366
9.000000000000 -18.000000000000 0.000839346253
9.000000000000 -17.000000000000 0.000894666000
9.000000000000 -16.000000000000 0.000953242367
9.000000000000 -15.000000000000 0.001015121736
9.000000000000 -14.000000000000 0.001080310898
9.000000000000 -13.000000000000 0.001148758948
9.000000000000 -12.000000000000 0.001220332758
9.000000000000 -11.000000000000 0.001294784200
9.000000000000 -10.000000000000 0.001371707231
9.000000000000 -9.000000000000 0.001450483307
9.000000000000 -8.000000000000 0.001530214953
9.000000000000 -7.000000000000 0.001609650413
9.000000000000 -6.000000000000 0.001687108314
9.000000000000 -5.000000000000 0.001760421177
9.000000000000 -4.000000000000 0.001826930486
9.000000000000 -3.000000000000 0.001883580441
9.000000000000 -2.000000000000 0.001927162340
9.000000000000 -1.000000000000 0.001954737155
9.000000000000 0.000000000000 0.001964188523
9.000000000000 1.000000000000 0.001954737155
9.000000000000 2.000000000000 0.001927162340
9.000000000000 3.000000000000 0.001883580441
9.000000000000 4.000000000000 0.001826930486
9.000000000000 5.000000000000 0.001760421177
9.000000000000 6.000000000000 0.001687108314
9.000000000000 7.000000000000 0.001609650413
9.000000000000 8.000000000000 0.001530214953
9.000000000000 9.000000000000 0.001450483307
9.000000000000 10.000000000000 0.001371707231
9.000000000000 11.000000000000 0.001294784200
9.000000000000 12.000000000000 0.001220332758
9.000000000000 13.000000000000 0.001148758948
9.000000000000 14.000000000000 0.001080310898
9.000000000000 15.000000000000 0.001015121736
9.000000000000 16.000000000000 0.000953242367
9.000000000000 17.000000000000 0.000894666000
9.000000000000 18.000000000000 0.000839346253
9.000000000000 19.000000000000 0.000787210366
9.000000000000 20.000000000000 0.000738168770
9.000000000000 21.000000000000 0.000692121963
9.000000000000 22.000000000000 0.000648965427
9.000000000000 23.000000000000 0.000608593100
9.000000000000 24.000000000000 0.000570899828
9.000000000000 25.000000000000 0.000535783059
9.000000000000 26.000000000000 0.000503144011
9.000000000000 27.000000000000 0.000472888449
9.000000000000 28.000000000000 0.000444927201
9.000000000000 29.000000000000 0.000419176476
9.000000000000 30.000000000000 0.000395558046
9.000000000000 31.000000000000 0.000373999348
9.000000000000 32.000000000000 0.000354433514
9.000000000000 33.000000000000 0.000336799365
9.000000000000 34.000000000000 0.000321041381
9.000000000000 35.000000000000 0.000307109657
9.000000000000 36.000000000000 0.000294959853
9.000000000000 37.000000000000 0.000284553143
9.000000000000 38.000000000000 0.000275856169
9.000000000000 39.000000000000 0.000268840999
9.000000000000 40.000000000000 0.000263485093
9.000000000000 41.000000000000 0.000259771274
9.000000000000 42.000000000000 0.000255624893
9.000000000000 43.000000000000 0.000082929493
9.000000000000 44.000000000000 0.000023247514
9.000000000000 45.000000000000 0.000005722151
9.000000000000 46.000000000000 0.000001340468
9.000000000000 47.000000000000 0.000000171118
9.000000000000 48.000000000000 0.000000000815
9.000000000000 49.000000000000 0.000000000003
9.000000000000 50.000000000000 0.000000000000
9.000000000000 51.000000000000 0.000000000000

10.000000000000 -51.000000000000 0.000000000000
10.000000000000 -50.000000000000 0.000000000000
10.000000000000 -49.000000000000 0.000000000003
10.000000000000 -48.000000000000 0.000000000786
10.000000000000 -47.000000000000 0.000000165548
10.000000000000 -46.000000000000 0.000001300590
10.000000000000 -45.000000000000 0.000005566363
10.000000000000 -44.000000000000 0.000022675460
10.000000000000 -43.000000000000 0.000081123988
10.000000000000 -42.000000000000 0.000250854392
10.000000000000 -41.000000000000 0.000254946225
10.000000000000 -40.000000000000 0.000258585310
10.000000000000 -39.000000000000 0.000263818508
10.000000000000 -38.000000000000 0.000270661828
10.000000000000 -37.000000000000 0.000279136109
10.000000000000 -36.000000000000 0.000289267020
10.000000000000 -35.000000000000 0.000301085051
10.000000000000 -34.000000000000 0.000314625508
10.000000000000 -33.000000000000 0.000329928490
10.000000000000 -32.000000000000 0.000347038869
10.000000000000 -31.000000000000 0.000366006234
10.000000000000 -30.000000000000 0.000386884825
10.000000000000 -29.000000000000 0.000409733424
10.000000000000 -28.000000000000 0.000434615192
10.000000000000 -27.000000000000 0.000461597437
10.000000000000 -26.000000000000 0.000490751281
10.000000000000 -25.000000000000 0.000522151199
10.000000000000 -24.000000000000 0.000555874363
10.000000000000 -23.000000000000 0.000591999750
10.000000000000 -22.000000000000 0.000630606903
10.000000000000 -21.000000000000 0.000671774251
10.000000000000 -20.000000000000 0.000715576823
10.000000000000 -19.000000000000 0.000762083142
10.000000000000 -18.000000000000 0.000811351060
10.000000000000 -17.000000000000 0.000863422145
10.000000000000 -16.000000000000 0.000918314198
10.000000000000 -15.000000000000 0.000976011309
10.000000000000 -14.000000000000 0.001036450733
10.000000000000 -13.000000000000 0.001099505777
10.000000000000 -12.000000000000 0.001164963731
10.000000000000 -11.000000000000 0.001232497982
10.000000000000 -10.000000000000 0.001301633695
10.000000000000 -9.000000000000 0.001371707231
10.000000000000 -8.000000000000 0.001441821033
10.000000000000 -7.000000000000 0.001510798533
10.000000000000 -6.000000000000 0.001577147972
10.000000000000 -5.000000000000 0.001639050068
10.000000000000 -4.000000000000 0.001694390926
10.000000000000 -3.000000000000 0.001740865510
10.000000000000 -2.000000000000 0.001776172015
10.000000000000 -1.000000000000 0.001798295738
10.000000000000 0.000000000000 0.001805838181
10.000000000000 1.000000000000 0.001798295738
10.000000000000 2.000000000000 0.001776172015
10.000000000000 3.000000000000 0.001740865510
10.000000000000 4.000000000000 0.001694390926
10.000000000000 5.000000000000 0.001639050068
10.000000000000 6.000000000000 0.001577147972
10.000000000000 7.000000000000 0.001510798533
10.000000000000 8.000000000000 0.001441821033
10.000000000000 9.000000000000 0.001371707231
10.000000000000 10.000000000000 0.001301633695
10.000000000000 11.000000000000 0.001232497982
10.000000000000 12.000000000000 0.001164963731
10.000000000000 13.000000000000 0.001099505777
10.000000000000 14.000000000000 0.001036450733
10.000000000000 15.000000000000 0.000976011309
10.000000000000 16.000000000000 0.000918314198
10.000000000000 17.000000000000 0.000863422145
10.000000000000 18.000000000000 0.000811351060
10.000000000000 19.000000000000 0.000762083142
10.000000000000 20.000000000000 0.000715576823
10.000000000000 21.000000000000 0.000671774251
10.000000000000 22.000000000000 0.000630606903
10.000000000000 23.000000000000 0.000591999750
10.000000000000 24.000000000000 0.000555874363
10.000000000000 25.000000000000 0.000522151199
10.000000000000 26.000000000000 0.000490751281
10.000000000000 27.000000000000 0.000461597437
10.000000000000 28.000000000000 0.000434615192
10.000000000000 29.000000000000 0.000409733424
10.000000000000 30.000000000000 0.000386884825
10.000000000000 31.000000000000 0.000366006234
10.000000000000 32.000000000000 0.000347038869
10.000000000000 33.000000000000 0.000329928490
10.000000000000 34.000000000000 0.000314625508
10.000000000000 35.000000000000 0.000301085051
10.000000000000 36.000000000000 0.000289267020
10.000000000000 37.000000000000 0.000279136109
10.000000000000 38.000000000000 0.000270661828
10.000000000000 39.000000000000 0.000263818508
10.000000000000 40.000000000000 0.000258585310
10.000000000000 41.000000000000 0.000254946225
10.000000000000 42.000000000000 0.000250854392
10.000000000000 43.000000000000 0.000081123988
10.000000000000 44.000000000000 0.000022675460
10.000000000000 45.000000000000 0.000005566363
10.000000000000 46.000000000000 0.000001300590
10.000000000000 47.000000000000 0.000000165548
10.000000000000 48.000000000000 0.000000000786
10.000000000000 49.000000000000 0.000000000003
10.000000000000 50.000000000000 0.000000000000
10.000000000000 51.000000000000 0.000000000000

11.000000000000 -51.000000000000 0.000000000000
11.000000000000 -50.000000000000 0.000000000000
11.000000000000 -49.000000000000 0.000000000003
11.000000000000 -48.000000000000 0.000000000756
11.000000000000 -47.000000000000 0.000000159631
11.000000000000 -46.000000000000 0.000001258099
11.000000000000 -45.000000000000 0.000005399944
11.000000000000 -44.000000000000 0.000022062810
11.000000000000 -43.000000000000 0.000079185379
11.000000000000 -42.000000000000 0.000245719236
11.000000000000 -41.000000000000 0.000249752097
11.000000000000 -40.000000000000 0.000253311277
11.000000000000 -39.000000000000 0.000258413628
11.000000000000 -38.000000000000 0.000265073962
11.000000000000 -37.000000000000 0.000273311376
11.000000000000 -36.000000000000 0.000283149229
11.000000000000 -35.000000000000 0.000294615091
11.000000000000 -34.000000000000 0.000307740692
11.000000000000 -33.000000000000 0.000322561844
11.000000000000 -32.000000000000 0.000339118337
11.000000000000 -31.000000000000 0.000357453810
11.000000000000 -30.000000000000 0.000377615570
11.000000000000 -29.000000000000 0.000399654361
11.000000000000 -28.000000000000 0.000423624056
11.000000000000 -27.000000000000 0.000449581253
11.000000000000 -26.000000000000 0.000477584747
11.000000000000 -25.000000000000 0.000507694828
11.000000000000 -24.000000000000 0.000539972372
11.000000000000 -23.000000000000 0.000574477638
11.000000000000 -22.000000000000 0.000611268708
11.000000000000 -21.000000000000 0.000650399429
11.000000000000 -20.000000000000 0.000691916748
11.000000000000 -19.000000000000 0.000735857226
11.000000000000 -18.000000000000 0.000782242525
11.000000000000 -17.000000000000 0.000831073559
11.000000000000 -16.000000000000 0.000882322977
11.000000000000 -15.000000000000 0.000935925550
11.000000000000 -14.000000000000 0.000991765996
11.000000000000 -13.000000000000 0.001049663761
11.000000000000 -12.000000000000 0.001109354319
11.000000000000 -11.000000000000 0.001170466777
11.000000000000 -10.000000000000 0.001232497982
11.000000000000 -9.000000000000 0.001294784200
11.000000000000 -8.000000000000 0.001356472804
11.000000000000 -7.000000000000 0.001416498497
11.000000000000 -6.000000000000 0.001473571395
11.000000000000 -5.000000000000 0.001526187425
11.000000000000 -4.000000000000 0.001572673797
11.000000000000 -3.000000000000 0.001611281808
11.000000000000 -2.000000000000 0.001640332644
11.000000000000 -1.000000000000 0.001658406799
11.000000000000 0.000000000000 0.001664544929
11.000000000000 1.000000000000 0.001658406799
11.000000000000 2.000000000000 0.001640332644
11.000000000000 3.000000000000 0.001611281808
11.000000000000 4.000000000000 0.001572673797
11.000000000000 5.000000000000 0.001526187425
11.000000000000 6.000000000000 0.001473571395
11.000000000000 7.000000000000 0.001416498497
11.000000000000 8.000000000000 0.001356472804
11.000000000000 9.000000000000 0.001294784200
11.000000000000 10.000000000000 0.001232497982
11.000000000000 11.000000000000 0.001170466777
11.000000000000 12.000000000000 0.001109354319
11.000000000000 13.000000000000 0.001049663761
11.000000000000 14.000000000000 0.000991765996
11.000000000000 15.000000000000 0.000935925550
11.000000000000 16.000000000000 0.000882322977
11.000000000000 17.000000000000 0.000831073559
11.000000000000 18.000000000000 0.000782242525
11.000000000000 19.000000000000 0.000735857226
11.000000000000 20.000000000000 0.000691916748
11.000000000000 21.000000000000 0.000650399429
11.000000000000 22.000000000000 0.000611268708
11.000000000000 23.000000000000 0.000574477638
11.000000000000 24.000000000000 0.000539972372
11.000000000000 25.000000000000 0.000507694828
11.000000000000 26.000000000000 0.000477584747
11.000000000000 27.000000000000 0.000449581253
11.000000000000 28.000000000000 0.000423624056
11.000000000000 29.000000000000 0.000399654361
11.000000000000 30.000000000000 0.000377615570
11.000000000000 31.000000000000 0.000357453810
11.000000000000 32.000000000000 0.000339118337
11.000000000000 33.000000000000 0.000322561844
11.000000000000 34.000000000000 0.000307740692
11.000000000000 35.000000000000 0.000294615091
11.000000000000 36.000000000000 0.000283149229
11.000000000000 37.000000000000 0.000273311376
11.000000000000 38.000000000000 0.000265073962
11.000000000000 39.000000000000 0.000258413628
11.000000000000 40.000000000000 0.000253311277
11.000000000000 41.000000000000 0.000249752097
11.000000000000 42.000000000000 0.000245719236
11.000000000000 43.000000000000 0.000079185379
11.000000000000 44.000000000000 0.000022062810
11.000000000000 45.000000000000 0.000005399944
11.000000000000 46.000000000000 0.000001258099
11.000000000000 47.000000000000 0.000000159631
11.000000000000 48.000000000000 0.000000000756
11.000000000000 49.000000000000 0.000000000003
11.000000000000 50.000000000000 0.000000000000
11.000000000000 51.000000000000 0.000000000000

12.000000000000 -51.000000000000 0.000000000000
12.000000000000 -50.000000000000 0.000000000000
12.000000000000 -49.000000000000 0.000000000003
12.000000000000 -48.000000000000 0.000000000724
12.000000000000 -47.000000000000 0.000000153425
12.000000000000 -46.000000000000 0.000001213392
12.000000000000 -45.000000000000 0.000005224353
12.000000000000 -44.000000000000 0.000021414607
12.000000000000 -43.000000000000 0.000077128536
12.000000000000 -42.000000000000 0.000240255918
12.000000000000 -41.000000000000 0.000244225743
12.000000000000 -40.000000000000 0.000247700523
12.000000000000 -39.000000000000 0.000252665066
12.000000000000 -38.000000000000 0.000259132977
12.000000000000 -37.000000000000 0.000267121600
12.000000000000 -36.000000000000 0.000276651972
12.000000000000 -35.000000000000 0.000287748741
12.000000000000 -34.000000000000 0.000300440067
12.000000000000 -33.000000000000 0.000314757494
12.000000000000 -32.000000000000 0.000330735783
12.000000000000 -31.000000000000 0.000348412702
12.000000000000 -30.000000000000 0.000367828755
12.000000000000 -29.000000000000 0.000389026846
12.000000000000 -28.000000000000 0.000412051850
12.000000000000 -27.000000000000 0.000436950065
12.000000000000 -26.000000000000 0.000463768525
12.000000000000 -25.000000000000 0.000492554121
12.000000000000 -24.000000000000 0.000523352494
12.000000000000 -23.000000000000 0.000556206620
12.000000000000 -22.000000000000 0.000591155021
12.000000000000 -21.000000000000 0.000628229497
12.000000000000 -20.000000000000 0.000667452252
12.000000000000 -19.000000000000 0.000708832257
12.000000000000 -18.000000000000 0.000752360688
12.000000000000 -17.000000000000 0.000798005184
12.000000000000 -16.000000000000 0.000845702716
12.000000000000 -15.000000000000 0.000895350776
12.000000000000 -14.000000000000 0.000946796631
12.000000000000 -13.000000000000 0.000999824437
12.000000000000 -12.000000000000 0.001054140135
12.000000000000 -11.000000000000 0.001109354319
12.000000000000 -10.000000000000 0.001164963731
12.000000000000 -9.000000000000 0.001220332758
12.000000000000 -8.000000000000 0.001274677383
12.000000000000 -7.000000000000 0.001327055406
12.000000000000 -6.000000000000 0.001376368354
12.000000000000 -5.000000000000 0.001421381811
12.000000000000 -4.000000000000 0.001460771244
12.000000000000 -3.000000000000 0.001493198416
12.000000000000 -2.000000000000 0.001517418067
12.000000000000 -1.000000000000 0.001532404991
12.000000000000 0.000000000000 0.001537480044
12.000000000000 1.000000000000 0.001532404991
12.000000000000 2.000000000000 0.001517418067
12.000000000000 3.000000000000 0.001493198416
12.000000000000 4.000000000000 0.001460771244
12.000000000000 5.000000000000 0.001421381811
12.000000000000 6.000000000000 0.001376368354
12.000000000000 7.000000000000 0.001327055406
12.000000000000 8.000000000000 0.001274677383
12.000000000000 9.000000000000 0.001220332758
12.000000000000 10.000000000000 0.001164963731
12.000000000000 11.000000000000 0.001109354319
12.000000000000 12.000000000000 0.001054140135
12.000000000000 13.000000000000 0.000999824437
12.000000000000 14.000000000000 0.000946796631
12.000000000000 15.000000000000 0.000895350776
12.000000000000 16.000000000000 0.000845702716
12.000000000000 17.000000000000 0.000798005184
12.000000000000 18.000000000000 0.000752360688
12.000000000000 19.000000000000 0.000708832257
12.000000000000 20.000000000000 0.000667452252
12.000000000000 21.000000000000 0.000628229497
12.000000000000 22.000000000000 0.000591155021
12.000000000000 23.000000000000 0.000556206620
12.000000000000 24.000000000000 0.000523352494
12.000000000000 25.000000000000 0.000492554121
12.000000000000 26.000000000000 0.000463768525
12.000000000000 27.000000000000 0.000436950065
12.000000000000 28.000000000000 0.000412051850
12.000000000000 29.000000000000 0.000389026846
12.000000000000 30.000000000000 0.000367828755
12.000000000000 31.000000000000 0.000348412702
12.000000000000 32.000000000000 0.000330735783
12.000000000000 33.000000000000 0.000314757494
12.000000000000 34.000000000000 0.000300440067
12.000000000000 35.000000000000 0.000287748741
12.000000000000 36.000000000000 0.000276651972
12.000000000000 37.000000000000 0.000267121600
12.000000000000 38.000000000000 0.000259132977
12.000000000000 39.000000000000 0.000252665066
12.000000000000 40.000000000000 0.000247700523
12.000000000000 41.000000000000 0.000244225743
12.000000000000 42.000000000000 0.000240255918
12.000000000000 43.000000000000 0.000077128536
12.000000000000 44.000000000000 0.000021414607
12.000000000000 45.000000000000 0.000005224353
12.000000000000 46.000000000000 0.000001213392
12.000000000000 47.000000000000 0.000000153425
12.000000000000 48.000000000000 0.000000000724
12.000000000000 49.000000000000 0.000000000003
12.000000000000 50.000000000000 0.000000000000
12.000000000000 51.000000000000 0.000000000000

13.000000000000 -51.000000000000 0.000000000000
13.000000000000 -50.000000000000 0.000000000000
13.000000000000 -49.000000000000 0.000000000003
13.000000000000 -48.000000000000 0.000000000691
13.000000000000 -47.000000000000 0.000000146990
13.000000000000 -46.000000000000 0.000001166868
13.000000000000 -45.000000000000 0.000005041079
13.000000000000 -44.000000000000 0.000020736022
13.000000000000 -43.000000000000 0.000074968811
13.000000000000 -42.000000000000 0.000234502385
13.000000000000 -41.000000000000 0.000238405490
13.000000000000 -40.000000000000 0.000241792057
13.000000000000 -39.000000000000 0.000246613021
13.000000000000 -38.000000000000 0.000252880780
13.000000000000 -37.000000000000 0.000260610941
13.000000000000 -36.000000000000 0.000269822244
13.000000000000 -35.000000000000 0.000280536453
13.000000000000 -34.000000000000 0.000292778220
13.000000000000 -33.000000000000 0.000306574911
13.000000000000 -32.000000000000 0.000321956381
13.000000000000 -31.000000000000 0.000338954700
13.000000000000 -30.000000000000 0.000357603809
13.000000000000 -29.000000000000 0.000377939094
13.000000000000 -28.000000000000 0.000399996861
13.000000000000 -27.000000000000 0.000423813678
13.000000000000 -26.000000000000 0.000449425569
13.000000000000 -25.000000000000 0.000476867011
13.000000000000 -24.000000000000 0.000506169683
13.000000000000 -23.000000000000 0.000537360932
13.000000000000 -22.000000000000 0.000570461856
13.000000000000 -21.000000000000 0.000605484938
13.000000000000 -20.000000000000 0.000642431127
13.000000000000 -19.000000000000 0.000681286242
13.000000000000 -18.000000000000 0.000722016556
13.000000000000 -17.000000000000 0.000764563436
13.000000000000 -16.000000000000 0.000808836848
13.000000000000 -15.000000000000 0.000854707615
13.000000000000 -14.000000000000 0.000901998310
13.000000000000 -13.000000000000 0.000950472778
13.000000000000 -12.000000000000 0.000999824437
13.000000000000 -11.000000000000 0.001049663761
13.000000000000 -10.000000000000 0.001099505777
13.000000000000 -9.000000000000 0.001148758948
13.000000000000 -8.000000000000 0.001196717547
13.000000000000 -7.000000000000 0.001242560483
13.000000000000 -6.000000000000 0.001285360278
13.000000000000 -5.000000000000 0.001324106293
13.000000000000 -4.000000000000 0.001357745768
13.000000000000 -3.000000000000 0.001385244219
13.000000000000 -2.000000000000 0.001405662809
13.000000000000 -1.000000000000 0.001418244609
13.000000000000 0.000000000000 0.001422495813
13.000000000000 1.000000000000 0.001418244609
13.000000000000 2.000000000000 0.001405662809
13.000000000000 3.000000000000 0.001385244219
13.000000000000 4.000000000000 0.001357745768
13.000000000000 5.000000000000 0.001324106293
13.000000000000 6.000000000000 0.001285360278
13.000000000000 7.000000000000 0.001242560483
13.000000000000 8.000000000000 0.001196717547
13.000000000000 9.000000000000 0.001148758948
13.000000000000 10.000000000000 0.001099505777
13.000000000000 11.000000000000 0.001049663761
13.000000000000 12.000000000000 0.000999824437
13.000000000000 13.000000000000 0.000950472778
13.000000000000 14.000000000000 0.000901998310
13.000000000000 15.000000000000 0.000854707615
13.000000000000 16.000000000000 0.000808836848
13.000000000000 17.000000000000 0.000764563436
13.000000000000 18.000000000000 0.000722016556
13.000000000000 19.000000000000 0.000681286242
13.000000000000 20.000000000000 0.000642431127
13.000000000000 21.000000000000 0.000605484938
13.000000000000 22.000000000000 0.000570461856
13.000000000000 23.000000000000 0.000537360932
13.000000000000 24.000000000000 0.000506169683
13.000000000000 25.000000000000 0.000476867011
13.000000000000 26.000000000000 0.000449425569
13.000000000000 27.000000000000 0.000423813678
13.000000000000 28.000000000000 0.000399996861
13.000000000000 29.000000000000 0.000377939094
13.000000000000 30.000000000000 0.000357603809
13.000000000000 31.000000000000 0.000338954700
13.000000000000 32.000000000000 0.000321956381
13.000000000000 33.000000000000 0.000306574911
13.000000000000 34.000000000000 0.000292778220
13.000000000000 35.000000000000 0.000280536453
13.000000000000 36.000000000000 0.000269822244
13.000000000000 37.000000000000 0.000260610941
13.000000000000 38.000000000000 0.000252880780
13.000000000000 39.000000000000 0.000246613021
13.000000000000 40.000000000000 0.000241792057
13.000000000000 41.000000000000 0.000238405490
13.000000000000 42.000000000000 0.000234502385
13.000000000000 43.000000000000 0.000074968811
13.000000000000 44.000000000000 0.000020736022
13.000000000000 45.000000000000 0.000005041079
13.000000000000 46.000000000000 0.000001166868
13.000000000000 47.000000000000 0.000000146990
13.000000000000 48.000000000000 0.000000000691
13.000000000000 49.000000000000 0.000000000003
13.000000000000 50.000000000000 0.000000000000
13.000000000000 51.000000000000 0.000000000000

14.000000000000 -51.000000000000 0.000000000000
14.000000000000 -50.000000000000 0.000000000000
14.000000000000 -49.000000000000 0.000000000003
14.000000000000 -48.000000000000 0.000000000657
14.000000000000 -47.000000000000 0.000000140384
14.000000000000 -46.000000000000 0.000001118928
14.000000000000 -45.000000000000 0.000004851616
14.000000000000 -44.000000000000 0.000020032287
14.000000000000 -43.000000000000 0.000072721855
14.000000000000 -42.000000000000 0.000228497619
14.000000000000 -41.000000000000 0.000232330717
14.000000000000 -40.000000000000 0.000235625948
14.000000000000 -39.000000000000 0.000240298739
14.000000000000 -38.000000000000 0.000246360309
14.000000000000 -37.000000000000 0.000253824561
14.000000000000 -36.000000000000 0.000262707994
14.000000000000 -35.000000000000 0.000273029568
14.000000000000 -34.000000000000 0.000284810534
14.000000000000 -33.000000000000 0.000298074223
14.000000000000 -32.000000000000 0.000312845777
14.000000000000 -31.000000000000 0.000329151818
14.000000000000 -30.000000000000 0.000347020051
14.000000000000 -29.000000000000 0.000366478765
14.000000000000 -28.000000000000 0.000387556235
14.000000000000 -27.000000000000 0.000410279994
14.000000000000 -26.000000000000 0.000434675936
14.000000000000 -25.000000000000 0.000460767235
14.000000000000 -24.000000000000 0.000488573028
14.000000000000 -23.000000000000 0.000518106804
14.000000000000 -22.000000000000 0.000549374466
14.000000000000 -21.000000000000 0.000582371964
14.000000000000 -20.000000000000 0.000617082452
14.000000000000 -19.000000000000 0.000653472860
14.000000000000 -18.000000000000 0.000691489799
14.000000000000 -17.000000000000 0.000731054705
14.000000000000 -16.000000000000 0.000772058153
14.000000000000 -15.000000000000 0.000814353270
14.000000000000 -14.000000000000 0.000857748284
14.000000000000 -13.000000000000 0.000901998310
14.000000000000 -12.000000000000 0.000946796631
14.000000000000 -11.000000000000 0.000991765996
14.000000000000 -10.000000000000 0.001036450733
14.000000000000 -9.000000000000 0.001080310898
14.000000000000 -8.000000000000 0.001122720141
14.000000000000 -7.000000000000 0.001162969416
14.000000000000 -6.000000000000 0.001200278944
14.000000000000 -5.000000000000 0.001233820754
14.000000000000 -4.000000000000 0.001262753401
14.000000000000 -3.000000000000 0.001286268746
14.000000000000 -2.000000000000 0.001303648070
14.000000000000 -1.000000000000 0.001314321484
14.000000000000 0.000000000000 0.001317921627
14.000000000000 1.000000000000 0.001314321484
14.000000000000 2.000000000000 0.001303648070
14.000000000000 3.000000000000 0.001286268746
14.000000000000 4.000000000000 0.001262753401
14.000000000000 5.000000000000 0.001233820754
14.000000000000 6.000000000000 0.001200278944
14.000000000000 7.000000000000 0.001162969416
14.000000000000 8.000000000000 0.001122720141
14.000000000000 9.000000000000 0.001080310898
14.000000000000 10.000000000000 0.001036450733
14.000000000000 11.000000000000 0.000991765996
14.000000000000 12.000000000000 0.000946796631
14.000000000000 13.000000000000 0.000901998310
14.000000000000 14.000000000000 0.000857748284
14.000000000000 15.000000000000 0.000814353270
14.000000000000 16.000000000000 0.000772058153
14.000000000000 17.000000000000 0.000731054705
14.000000000000 18.000000000000 0.000691489799
14.000000000000 19.000000000000 0.000653472860
14.000000000000 20.000000000000 0.000617082452
14.000000000000 21.000000000000 0.000582371964
14.000000000000 22.000000000000 0.000549374466
14.000000000000 23.000000000000 0.000518106804
14.000000000000 24.000000000000 0.000488573028
14.000000000000 25.000000000000 0.000460767235
14.000000000000 26.000000000000 0.000434675936
14.000000000000 27.000000000000 0.000410279994
14.000000000000 28.000000000000 0.000387556235
14.000000000000 29.000000000000 0.000366478765
14.000000000000 30.000000000000 0.000347020051
14.000000000000 31.000000000000 0.000329151818
14.000000000000 32.000000000000 0.000312845777
14.000000000000 33.000000000000 0.000298074223
14.000000000000 34.000000000000 0.000284810534
14.000000000000 35.000000000000 0.000273029568
14.000000000000 36.000000000000 0.000262707994
14.000000000000 37.000000000000 0.000253824561
14.000000000000 38.000000000000 0.000246360309
14.000000000000 39.000000000000 0.000240298739
14.000000000000 40.000000000000 0.000235625948
14.000000000000 41.000000000000 0.000232330717
14.000000000000 42.000000000000 0.000228497619
14.000000000000 43.000000000000 0.000072721855
14.000000000000 44.000000000000 0.000020032287
14.000000000000 45.000000000000 0.000004851616
14.000000000000 46.000000000000 0.000001118928
14.000000000000 47.000000000000 0.000000140384
14.000000000000 48.000000000000 0.000000000657
14.000000000000 49.000000000000 0.000000000003
14.000000000000 50.000000000000 0.000000000000
14.000000000000 51.000000000000 0.000000000000

15.000000000000 -51.000000000000 0.000000000000
15.000000000000 -50.000000000000 0.000000000000
15.000000000000 -49.000000000000 0.000000000003
15.000000000000 -48.000000000000 0.000000000623
15.000000000000 -47.000000000000 0.000000133664
15.000000000000 -46.000000000000 0.000001069964
15.000000000000 -45.000000000000 0.000004657445
15.000000000000 -44.000000000000 0.000019308629
15.000000000000 -43.000000000000 0.000070403440
15.000000000000 -42.000000000000 0.000222281239
15.000000000000 -41.000000000000 0.000226041452
15.000000000000 -40.000000000000 0.000229242898
15.000000000000 -39.000000000000 0.000233764084
15.000000000000 -38.000000000000 0.000239615079
15.000000000000 -37.000000000000 0.000246808141
15.000000000000 -36.000000000000 0.000255357609
15.000000000000 -35.000000000000 0.000265279748
15.000000000000 -34.000000000000 0.000276592559
15.000000000000 -33.000000000000 0.000289315526
15.000000000000 -32.000000000000 0.000303469325
15.000000000000 -31.000000000000 0.000319075443
15.000000000000 -30.000000000000 0.000336155740
15.000000000000 -29.000000000000 0.000354731904
15.000000000000 -28.000000000000 0.000374824804
15.000000000000 -27.000000000000 0.000396453706
15.000000000000 -26.000000000000 0.000419635339
15.000000000000 -25.000000000000 0.000444382769
15.000000000000 -24.000000000000 0.000470704060
15.000000000000 -23.000000000000 0.000498600662
15.000000000000 -22.000000000000 0.000528065504
15.000000000000 -21.000000000000 0.000559080717
15.000000000000 -20.000000000000 0.000591614947
15.000000000000 -19.000000000000 0.000625620192
15.000000000000 -18.000000000000 0.000661028116
15.000000000000 -17.000000000000 0.000697745786
15.000000000000 -16.000000000000 0.000735650828
15.000000000000 -15.000000000000 0.000774585997
15.000000000000 -14.000000000000 0.000814353270
15.000000000000 -13.000000000000 0.000854707615
15.000000000000 -12.000000000000 0.000895350776
15.000000000000 -11.000000000000 0.000935925550
15.000000000000 -10.000000000000 0.000976011309
15.000000000000 -9.000000000000 0.001015121736
15.000000000000 -8.000000000000 0.001052706063
15.000000000000 -7.000000000000 0.001088155242
15.000000000000 -6.000000000000 0.001120814570
15.000000000000 -5.000000000000 0.001150003974
15.000000000000 -4.000000000000 0.001175046480
15.000000000000 -3.000000000000 0.001195304130
15.000000000000 -2.000000000000 0.001210218886
15.000000000000 -1.000000000000 0.001219354173
15.000000000000 0.000000000000 0.001222431236
15.000000000000 1.000000000000 0.001219354173
15.000000000000 2.000000000000 0.001210218886
15.000000000000 3.000000000000 0.001195304130
15.000000000000 4.000000000000 0.001175046480
15.000000000000 5.000000000000 0.001150003974
15.000000000000 6.000000000000 0.001120814570
15.000000000000 7.000000000000 0.001088155242
15.000000000000 8.000000000000 0.001052706063
15.000000000000 9.000000000000 0.001015121736
15.000000000000 10.000000000000 0.000976011309
15.000000000000 11.000000000000 0.000935925550
15.000000000000 12.000000000000 0.000895350776
15.000000000000 13.000000000000 0.000854707615
15.000000000000 14.000000000000 0.000814353270
15.000000000000 15.000000000000 0.000774585997
15.000000000000 16.000000000000 0.000735650828
15.000000000000 17.000000000000 0.000697745786
15.000000000000 18.000000000000 0.000661028116
15.000000000000 19.000000000000 0.000625620192
15.000000000000 20.000000000000 0.000591614947
15.000000000000 21.000000000000 0.000559080717
15.000000000000 22.000000000000 0.000528065504
15.000000000000 23.000000000000 0.000498600662
15.000000000000 24.000000000000 0.000470704060
15.000000000000 25.000000000000 0.000444382769
15.000000000000 26.000000000000 0.000419635339
15.000000000000 27.000000000000 0.000396453706
15.000000000000 28.000000000000 0.000374824804
15.000000000000 29.000000000000 0.000354731904
15.000000000000 30.000000000000 0.000336155740
15.000000000000 31.000000000000 0.000319075443
15.000000000000 32.000000000000 0.000303469325
15.000000000000 33.000000000000 0.000289315526
15.000000000000 34.000000000000 0.000276592559
15.000000000000 35.000000000000 0.000265279748
15.000000000000 36.000000000000 0.000255357609
15.000000000000 37.000000000000 0.000246808141
15.000000000000 38.000000000000 0.000239615079
15.000000000000 39.000000000000 0.000233764084
15.000000000000 40.000000000000 0.000229242898
15.000000000000 41.000000000000 0.000226041452
15.000000000000 42.000000000000 0.000222281239
15.000000000000 43.000000000000 0.000070403440
15.000000000000 44.000000000000 0.000019308629
15.000000000000 45.000000000000 0.000004657445
15.000000000000 46.000000000000 0.000001069964
15.000000000000 47.000000000000 0.000000133664
15.000000000000 48.000000000000 0.000000000623
15.000000000000 49.000000000000 0.000000000003
15.000000000000 50.000000000000 0.000000000000
15.000000000000 51.000000000000 0.000000000000

16.000000000000 -51.000000000000 0.000000000000
16.000000000000 -50.000000000000 0.000000000000
16.000000000000 -49.000000000000 0.000000000002
16.000000000000 -48.000000000000 0.000000000589
16.000000000000 -47.000000000000 0.000000126885
16.000000000000 -46.000000000000 0.000001020358
16.000000000000 -45.000000000000 0.000004460016
16.000000000000 -44.000000000000 0.000018570213
16.000000000000 -43.000000000000 0.000068029287
16.000000000000 -42.000000000000 0.000215893110
16.000000000000 -41.000000000000 0.000219577979
16.000000000000 -40.000000000000 0.000222683857
16.000000000000 -39.000000000000 0.000227051127
16.000000000000 -38.000000000000 0.000232688755
16.000000000000 -37.000000000000 0.000239607426
16.000000000000 -36.000000000000 0.000247819422
16.000000000000 -35.000000000000 0.000257338451
16.000000000000 -34.000000000000 0.000268179441
16.000000000000 -33.000000000000 0.000280358261
16.000000000000 -32.000000000000 0.000293891404
16.000000000000 -31.000000000000 0.000308795581
16.000000000000 -30.000000000000 0.000325087250
16.000000000000 -29.000000000000 0.000342782046
16.000000000000 -28.000000000000 0.000361894099
16.000000000000 -27.000000000000 0.000382435233
16.000000000000 -26.000000000000 0.000404414014
16.000000000000 -25.000000000000 0.000427834620
16.000000000000 -24.000000000000 0.000452695518
16.000000000000 -23.000000000000 0.000478987903
16.000000000000 -22.000000000000 0.000506693870
16.000000000000 -21.000000000000 0.000535784283
16.000000000000 -20.000000000000 0.000566216305
16.000000000000 -19.000000000000 0.000597930558
16.000000000000 -18.000000000000 0.000630847880
16.000000000000 -17.000000000000 0.000664865687
16.000000000000 -16.000000000000 0.000699853946
16.000000000000 -15.000000000000 0.000735650828
16.000000000000 -14.000000000000 0.000772058153
16.000000000000 -13.000000000000 0.000808836848
16.000000000000 -12.000000000000 0.000845702716
16.000000000000 -11.000000000000 0.000882322977
16.000000000000 -10.000000000000 0.000918314198
16.000000000000 -9.000000000000 0.000953242367
16.000000000000 -8.000000000000 0.000986626024
16.000000000000 -7.000000000000 0.001017943422
16.000000000000 -6.000000000000 0.001046644572
16.000000000000 -5.000000000000 0.001072168764
16.000000000000 -4.000000000000 0.001093967525
16.000000000000 -3.000000000000 0.001111532130
16.000000000000 -2.000000000000 0.001124423642
16.000000000000 -1.000000000000 0.001132302416
16.000000000000 0.000000000000 0.001134953254
16.000000000000 1.000000000000 0.001132302416
16.000000000000 2.000000000000 0.001124423642
16.000000000000 3.000000000000 0.001111532130
16.000000000000 4.000000000000 0.001093967525
16.000000000000 5.000000000000 0.001072168764
16.000000000000 6.000000000000 0.001046644572
16.000000000000 7.000000000000 0.001017943422
16.000000000000 8.000000000000 0.000986626024
16.000000000000 9.000000000000 0.000953242367
16.000000000000 10.000000000000 0.000918314198
16.000000000000 11.000000000000 0.000882322977
16.000000000000 12.000000000000 0.000845702716
16.000000000000 13.000000000000 0.000808836848
16.000000000000 14.000000000000 0.000772058153
16.000000000000 15.000000000000 0.000735650828
16.000000000000 16.000000000000 0.000699853946
16.000000000000 17.000000000000 0.000664865687
16.000000000000 18.000000000000 0.000630847880
16.000000000000 19.000000000000 0.000597930558
16.000000000000 20.000000000000 0.000566216305
16.000000000000 21.000000000000 0.000535784283
16.000000000000 22.000000000000 0.000506693870
16.000000000000 23.000000000000 0.000478987903
16.000000000000 24.000000000000 0.000452695518
16.000000000000 25.000000000000 0.000427834620
16.000000000000 26.000000000000 0.000404414014
16.000000000000 27.000000000000 0.000382435233
16.000000000000 28.000000000000 0.000361894099
16.000000000000 29.000000000000 0.000342782046
16.000000000000 30.000000000000 0.000325087250
16.000000000000 31.000000000000 0.000308795581
16.000000000000 32.000000000000 0.000293891404
16.000000000000 33.000000000000 0.000280358261
16.000000000000 34.000000000000 0.000268179441
16.000000000000 35.000000000000 0.000257338451
16.000000000000 36.000000000000 0.000247819422
16.000000000000 37.000000000000 0.000239607426
16.000000000000 38.000000000000 0.000232688755
16.000000000000 39.000000000000 0.000227051127
16.000000000000 40.000000000000 0.000222683857
16.000000000000 41.000000000000 0.000219577979
16.000000000000 42.000000000000 0.000215893110
16.000000000000 43.000000000000 0.000068029287
16.000000000000 44.000000000000 0.000018570213
16.000000000000 45.000000000000 0.000004460016
16.000000000000 46.000000000000 0.000001020358
16.000000000000 47.000000000000 0.000000126885
16.000000000000 48.000000000000 0.000000000589
16.000000000000 49.000000000000 0.000000000002
16.000000000000 50.000000000000 0.000000000000
16.000000000000 51.000000000000 0.000000000000

17.000000000000 -51.000000000000 0.000000000000
17.000000000000 -50.000000000000 0.000000000000
17.000000000000 -49.000000000000 0.000000000002
17.000000000000 -48.000000000000 0.000000000555
17.000000000000 -47.000000000000 0.000000120098
17.000000000000 -46.000000000000 0.000000970474
17.000000000000 -45.000000000000 0.000004260733
17.000000000000 -44.000000000000 0.000017822084
17.000000000000 -43.000000000000 0.000065614915
17.000000000000 -42.000000000000 0.000209372986
17.000000000000 -41.000000000000 0.000212980475
17.000000000000 -40.000000000000 0.000215989644
17.000000000000 -39.000000000000 0.000220201763
17.000000000000 -38.000000000000 0.000225624751
17.000000000000 -37.000000000000 0.000232267804
17.000000000000 -36.000000000000 0.000240141267
17.000000000000 -35.000000000000 0.000249256451
17.000000000000 -34.000000000000 0.000259625412
17.000000000000 -33.000000000000 0.000271260659
17.000000000000 -32.000000000000 0.000284174819
17.000000000000 -31.000000000000 0.000298380214
17.000000000000 -30.000000000000 0.000313888376
17.000000000000 -29.000000000000 0.000330709461
17.000000000000 -28.000000000000 0.000348851557
17.000000000000 -27.000000000000 0.000368319888
17.000000000000 -26.000000000000 0.000389115861
17.000000000000 -25.000000000000 0.000411235972
17.000000000000 -24.000000000000 0.000434670525
17.000000000000 -23.000000000000 0.000459402157
17.000000000000 -22.000000000000 0.000485404128
17.000000000000 -21.000000000000 0.000512638374
17.000000000000 -20.000000000000 0.000541053285
17.000000000000 -19.000000000000 0.000570581208
17.000000000000 -18.000000000000 0.000601135666
17.000000000000 -17.000000000000 0.000632608316
17.000000000000 -16.000000000000 0.000664865687
17.000000000000 -15.000000000000 0.000697745786
17.000000000000 -14.000000000000 0.000731054705
17.000000000000 -13.000000000000 0.000764563436
17.000000000000 -12.000000000000 0.000798005184
17.000000000000 -11.000000000000 0.000831073559
17.000000000000 -10.000000000000 0.000863422145
17.000000000000 -9.000000000000 0.000894666000
17.000000000000 -8.000000000000 0.000924385737
17.000000000000 -7.000000000000 0.000952134774
17.000000000000 -6.000000000000 0.000977450248
17.000000000000 -5.000000000000 0.000999867784
17.000000000000 -4.000000000000 0.001018939854
17.000000000000 -3.000000000000 0.001034256875
17.000000000000 -2.000000000000 0.001045469473
17.000000000000 -1.000000000000 0.001052309753
17.000000000000 0.000000000000 0.001054609049
17.000000000000 1.000000000000 0.001052309753
17.000000000000 2.000000000000 0.001045469473
17.000000000000 3.000000000000 0.001034256875
17.000000000000 4.000000000000 0.001018939854
17.000000000000 5.000000000000 0.000999867784
17.000000000000 6.000000000000 0.000977450248
17.000000000000 7.000000000000 0.000952134774
17.000000000000 8.000000000000 0.000924385737
17.000000000000 9.000000000000 0.000894666000
17.000000000000 10.000000000000 0.000863422145
17.000000000000 11.000000000000 0.000831073559
17.000000000000 12.000000000000 0.000798005184
17.000000000000 13.000000000000 0.000764563436
17.000000000000 14.000000000000 0.000731054705
17.000000000000 15.000000000000 0.000697745786
17.000000000000 16.000000000000 0.000664865687
17.000000000000 17.000000000000 0.000632608316
17.000000000000 18.000000000000 0.000601135666
17.000000000000 19.000000000000 0.000570581208
17.000000000000 20.000000000000 0.000541053285
17.000000000000 21.000000000000 0.000512638374
17.000000000000 22.000000000000 0.000485404128
17.000000000000 23.000000000000 0.000459402157
17.000000000000 24.000000000000 0.000434670525
17.000000000000 25.000000000000 0.000411235972
17.000000000000 26.000000000000 0.000389115861
17.000000000000 27.000000000000 0.000368319888
17.000000000000 28.000000000000 0.000348851557
17.000000000000 29.000000000000 0.000330709461
17.000000000000 30.000000000000 0.000313888376
17.000000000000 31.000000000000 0.000298380214
17.000000000000 32.000000000000 0.000284174819
17.000000000000 33.000000000000 0.000271260659
17.000000000000 34.000000000000 0.000259625412
17.000000000000 35.000000000000 0.000249256451
17.000000000000 36.000000000000 0.000240141267
17.000000000000 37.000000000000 0.000232267804
17.000000000000 38.000000000000 0.000225624751
17.000000000000 39.000000000000 0.000220201763
17.000000000000 40.000000000000 0.000215989644
17.000000000000 41.000000000000 0.000212980475
17.000000000000 42.000000000000 0.000209372986
17.000000000000 43.000000000000 0.000065614915
17.000000000000 44.000000000000 0.000017822084
17.000000000000 45.000000000000 0.000004260733
17.000000000000 46.000000000000 0.000000970474
17.000000000000 47.000000000000 0.000000120098
17.000000000000 48.000000000000 0.000000000555
17.000000000000 49.000000000000 0.000000000002
17.000000000000 50.000000000000 0.000000000000
17.000000000000 51.000000000000 0.000000000000

18.000000000000 -51.000000000000 0.000000000000
18.000000000000 -50.000000000000 0.000000000000
18.000000000000 -49.000000000000 0.000000000002
18.000000000000 -48.000000000000 0.000000000521
18.000000000000 -47.000000000000 0.000000113351
18.000000000000 -46.000000000000 0.000000920658
18.000000000000 -45.000000000000 0.000004060937
18.000000000000 -44.000000000000 0.000017069121
18.000000000000 -43.000000000000 0.000063175500
18.000000000000 -42.000000000000 0.000202760168
18.000000000000 -41.000000000000 0.000206288674
18.000000000000 -40.000000000000 0.000209200607
18.000000000000 -39.000000000000 0.000213257360
18.000000000000 -38.000000000000 0.000218465865
18.000000000000 -37.000000000000 0.000224833925
18.000000000000 -36.000000000000 0.000232370080
18.000000000000 -35.000000000000 0.000241083416
18.000000000000 -34.000000000000 0.000250983337
18.000000000000 -33.000000000000 0.000262079265
18.000000000000 -32.000000000000 0.000274380293
18.000000000000 -31.000000000000 0.000287894762
18.000000000000 -30.000000000000 0.000302629768
18.000000000000 -29.000000000000 0.000318590570
18.000000000000 -28.000000000000 0.000335779922
18.000000000000 -27.000000000000 0.000354197272
18.000000000000 -26.000000000000 0.000373837855
18.000000000000 -25.000000000000 0.000394691640
18.000000000000 -24.000000000000 0.000416742127
18.000000000000 -23.000000000000 0.000439964967
18.000000000000 -22.000000000000 0.000464326412
18.000000000000 -21.000000000000 0.000489781556
18.000000000000 -20.000000000000 0.000516272382
18.000000000000 -19.000000000000 0.000543725612
18.000000000000 -18.000000000000 0.000572050363
18.000000000000 -17.000000000000 0.000601135666
18.000000000000 -16.000000000000 0.000630847880
18.000000000000 -15.000000000000 0.000661028116
18.000000000000 -14.000000000000 0.000691489799
18.000000000000 -13.000000000000 0.000722016556
18.000000000000 -12.000000000000 0.000752360688
18.000000000000 -11.000000000000 0.000782242525
18.000000000000 -10.000000000000 0.000811351060
18.000000000000 -9.000000000000 0.000839346253
18.000000000000 -8.000000000000 0.000865863445
18.000000000000 -7.000000000000 0.000890520230
18.000000000000 -6.000000000000 0.000912926033
18.000000000000 -5.000000000000 0.000932694388
18.000000000000 -4.000000000000 0.000949457564
18.000000000000 -3.000000000000 0.000962882809
18.000000000000 -2.000000000000 0.000972689010
18.000000000000 -1.000000000000 0.000978662244
18.000000000000 0.000000000000 0.000980668534
18.000000000000 1.000000000000 0.000978662244
18.000000000000 2.000000000000 0.000972689010
18.000000000000 3.000000000000 0.000962882809
18.000000000000 4.000000000000 0.000949457564
18.000000000000 5.000000000000 0.000932694388
18.000000000000 6.000000000000 0.000912926033
18.000000000000 7.000000000000 0.000890520230
18.000000000000 8.000000000000 0.000865863445
18.000000000000 9.000000000000 0.000839346253
18.000000000000 10.000000000000 0.000811351060
18.000000000000 11.000000000000 0.000782242525
18.000000000000 12.000000000000 0.000752360688
18.000000000000 13.000000000000 0.000722016556
18.000000000000 14.000000000000 0.000691489799
18.000000000000 15.000000000000 0.000661028116
18.000000000000 16.000000000000 0.000630847880
18.000000000000 17.000000000000 0.000601135666
18.000000000000 18.000000000000 0.000572050363
18.000000000000 19.000000000000 0.000543725612
18.000000000000 20.000000000000 0.000516272382
18.000000000000 21.000000000000 0.000489781556
18.000000000000 22.000000000000 0.000464326412
18.000000000000 23.000000000000 0.000439964967
18.000000000000 24.000000000000 0.000416742127
18.000000000000 25.000000000000 0.000394691640
18.000000000000 26.000000000000 0.000373837855
18.000000000000 27.000000000000 0.000354197272
18.000000000000 28.000000000000 0.000335779922
18.000000000000 29.000000000000 0.000318590570
18.000000000000 30.000000000000 0.000302629768
18.000000000000 31.000000000000 0.000287894762
18.000000000000 32.000000000000 0.000274380293
18.000000000000 33.000000000000 0.000262079265
18.000000000000 34.000000000000 0.000250983337
18.000000000000 35.000000000000 0.000241083416
18.000000000000 36.000000000000 0.000232370080
18.000000000000 37.000000000000 0.000224833925
18.000000000000 38.000000000000 0.000218465865
18.000000000000 39.000000000000 0.000213257360
18.000000000000 40.000000000000 0.000209200607
18.000000000000 41.000000000000 0.000206288674
18.000000000000 42.000000000000 0.000202760168
18.000000000000 43.000000000000 0.000063175500
18.000000000000 44.000000000000 0.000017069121
18.000000000000 45.000000000000 0.000004060937
18.000000000000 46.000000000000 0.000000920658
18.000000000000 47.000000000000 0.000000113351
18.000000000000 48.000000000000 0.000000000521
18.000000000000 49.000000000000 0.000000000002
18.000000000000 50.000000000000 0.000000000000
18.000000000000 51.000000000000 0.000000000000

19.000000000000 -51.000000000000 0.000000000000
19.000000000000 -50.000000000000 0.000000000000
19.000000000000 -49.000000000000 0.000000000002
19.000000000000 -48.000000000000 0.000000000488
19.000000000000 -47.000000000000 0.000000106689
19.000000000000 -46.000000000000 0.000000871233
19.000000000000 -45.000000000000 0.000003861898
19.000000000000 -44.000000000000 0.000016315998
19.000000000000 -43.000000000000 0.000060725751
19.000000000000 -42.000000000000 0.000196093209
19.000000000000 -41.000000000000 0.000199541554
19.000000000000 -40.000000000000 0.000202356309
19.000000000000 -39.000000000000 0.000206258438
19.000000000000 -38.000000000000 0.000211253951
19.000000000000 -37.000000000000 0.000217349362
19.000000000000 -36.000000000000 0.000224551543
19.000000000000 -35.000000000000 0.000232867539
19.000000000000 -34.000000000000 0.000242304329
19.000000000000 -33.000000000000 0.000252868531
19.000000000000 -32.000000000000 0.000264566047
19.000000000000 -31.000000000000 0.000277401649
19.000000000000 -30.000000000000 0.000291378483
19.000000000000 -29.000000000000 0.000306497502
19.000000000000 -28.000000000000 0.000322756801
19.000000000000 -27.000000000000 0.000340150862
19.000000000000 -26.000000000000 0.000358669682
19.000000000000 -25.000000000000 0.000378297792
19.000000000000 -24.000000000000 0.000399013135
19.000000000000 -23.000000000000 0.000420785814
19.000000000000 -22.000000000000 0.000443576695
19.000000000000 -21.000000000000 0.000467335856
19.000000000000 -20.000000000000 0.000492000899
19.000000000000 -19.000000000000 0.000517495126
19.000000000000 -18.000000000000 0.000543725612
19.000000000000 -17.000000000000 0.000570581208
19.000000000000 -16.000000000000 0.000597930558
19.000000000000 -15.000000000000 0.000625620192
19.000000000000 -14.000000000000 0.000653472860
19.000000000000 -13.000000000000 0.000681286242
19.000000000000 -12.000000000000 0.000708832257
19.000000000000 -11.000000000000 0.000735857226
19.000000000000 -10.000000000000 0.000762083142
19.000000000000 -9.000000000000 0.000787210366
19.000000000000 -8.000000000000 0.000810922003
19.000000000000 -7.000000000000 0.000832890168
19.000000000000 -6.000000000000 0.000852784231
19.000000000000 -5.000000000000 0.000870280939
19.000000000000 -4.000000000000 0.000885076070
19.000000000000 -3.000000000000 0.000896896995
19.000000000000 -2.000000000000 0.000905515275
19.000000000000 -1.000000000000 0.000910758183
19.000000000000 0.000000000000 0.000912518020
19.000000000000 1.000000000000 0.000910758183
19.000000000000 2.000000000000 0.000905515275
19.000000000000 3.000000000000 0.000896896995
19.000000000000 4.000000000000 0.000885076070
19.000000000000 5.000000000000 0.000870280939
19.000000000000 6.000000000000 0.000852784231
19.000000000000 7.000000000000 0.000832890168
19.000000000000 8.000000000000 0.000810922003
19.000000000000 9.000000000000 0.000787210366
19.000000000000 10.000000000000 0.000762083142
19.000000000000 11.000000000000 0.000735857226
19.000000000000 12.000000000000 0.000708832257
19.000000000000 13.000000000000 0.000681286242
19.000000000000 14.000000000000 0.000653472860
19.000000000000 15.000000000000 0.000625620192
19.000000000000 16.000000000000 0.000597930558
19.000000000000 17.000000000000 0.000570581208
19.000000000000 18.000000000000 0.000543725612
19.000000000000 19.000000000000 0.000517495126
19.000000000000 20.000000000000 0.000492000899
19.000000000000 21.000000000000 0.000467335856
19.000000000000 22.000000000000 0.000443576695
19.000000000000 23.000000000000 0.000420785814
19.000000000000 24.000000000000 0.000399013135
19.000000000000 25.000000000000 0.000378297792
19.000000000000 26.000000000000 0.000358669682
19.000000000000 27.000000000000 0.000340150862
19.000000000000 28.000000000000 0.000322756801
19.000000000000 29.000000000000 0.000306497502
19.000000000000 30.000000000000 0.000291378483
19.000000000000 31.000000000000 0.000277401649
19.000000000000 32.000000000000 0.000264566047
19.000000000000 33.000000000000 0.000252868531
19.000000000000 34.000000000000 0.000242304329
19.000000000000 35.000000000000 0.000232867539
19.000000000000 36.000000000000 0.000224551543
19.000000000000 37.000000000000 0.000217349362
19.000000000000 38.000000000000 0.000211253951
19.000000000000 39.000000000000 0.000206258438
19.000000000000 40.000000000000 0.000202356309
19.000000000000 41.000000000000 0.000199541554
19.000000000000 42.000000000000 0.000196093209
19.000000000000 43.000000000000 0.000060725751
19.000000000000 44.000000000000 0.000016315998
19.000000000000 45.000000000000 0.000003861898
19.000000000000 46.000000000000 0.000000871233
19.000000000000 47.000000000000 0.000000106689
19.000000000000 48.000000000000 0.000000000488
19.000000000000 49.000000000000 0.000000000002
19.000000000000 50.000000000000 0.000000000000
19.000000000000 51.000000000000 0.000000000000

20.000000000000 -51.000000000000 0.000000000000
20.000000000000 -50.000000000000 0.000000000000
20.000000000000 -49.000000000000 0.000000000002
20.000000000000 -48.000000000000 0.000000000456
20.000000000000 -47.000000000000 0.000000100153
20.000000000000 -46.000000000000 0.000000822497
20.000000000000 -45.000000000000 0.000003664805
20.000000000000 -44.000000000000 0.000015567145
20.000000000000 -43.000000000000 0.000058279804
20.000000000000 -42.000000000000 0.000189409632
20.000000000000 -41.000000000000 0.000192777066
20.000000000000 -40.000000000000 0.000195495253
20.000000000000 -39.000000000000 0.000199244389
20.000000000000 -38.000000000000 0.000204029634
20.000000000000 -37.000000000000 0.000209856313
20.000000000000 -36.000000000000 0.000216729780
20.000000000000 -35.000000000000 0.000224655222
20.000000000000 -34.000000000000 0.000233637427
20.000000000000 -33.000000000000 0.000243680490
20.000000000000 -32.000000000000 0.000254787468
20.000000000000 -31.000000000000 0.000266959967
20.000000000000 -30.000000000000 0.000280197669
20.000000000000 -29.000000000000 0.000294497778
20.000000000000 -28.000000000000 0.000309854390
20.000000000000 -27.000000000000 0.000326257780
20.000000000000 -26.000000000000 0.000343693583
20.000000000000 -25.000000000000 0.000362141889
20.000000000000 -24.000000000000 0.000381576219
20.000000000000 -23.000000000000 0.000401962405
20.000000000000 -22.000000000000 0.000423257347
20.000000000000 -21.000000000000 0.000445407672
20.000000000000 -20.000000000000 0.000468348294
20.000000000000 -19.000000000000 0.000492000899
20.000000000000 -18.000000000000 0.000516272382
20.000000000000 -17.000000000000 0.000541053285
20.000000000000 -16.000000000000 0.000566216305
20.000000000000 -15.000000000000 0.000591614947
20.000000000000 -14.000000000000 0.000617082452
20.000000000000 -13.000000000000 0.000642431127
20.000000000000 -12.000000000000 0.000667452252
20.000000000000 -11.000000000000 0.000691916748
20.000000000000 -10.000000000000 0.000715576823
20.000000000000 -9.000000000000 0.000738168770
20.000000000000 -8.000000000000 0.000759417106
20.000000000000 -7.000000000000 0.000779040147
20.000000000000 -6.000000000000 0.000796757018
20.000000000000 -5.000000000000 0.000812295965
20.000000000000 -4.000000000000 0.000825403653
20.000000000000 -3.000000000000 0.000835854948
20.000000000000 -2.000000000000 0.000843462521
20.000000000000 -1.000000000000 0.000848085505
20.000000000000 0.000000000000 0.000849636395
20.000000000000 1.000000000000 0.000848085505
20.000000000000 2.000000000000 0.000843462521
20.000000000000 3.000000000000 0.000835854948
20.000000000000 4.000000000000 0.000825403653
20.000000000000 5.000000000000 0.000812295965
20.000000000000 6.000000000000 0.000796757018
20.000000000000 7.000000000000 0.000779040147
20.000000000000 8.000000000000 0.000759417106
20.000000000000 9.000000000000 0.000738168770
20.000000000000 10.000000000000 0.000715576823
20.000000000000 11.000000000000 0.000691916748
20.000000000000 12.000000000000 0.000667452252
20.000000000000 13.000000000000 0.000642431127
20.000000000000 14.000000000000 0.000617082452
20.000000000000 15.000000000000 0.000591614947
20.000000000000 16.000000000000 0.000566216305
20.000000000000 17.000000000000 0.000541053285
20.000000000000 18.000000000000 0.000516272382
20.000000000000 19.000000000000 0.000492000899
20.000000000000 20.000000000000 0.000468348294
20.000000000000 21.000000000000 0.000445407672
20.000000000000 22.000000000000 0.000423257347
20.000000000000 23.000000000000 0.000401962405
20.000000000000 24.000000000000 0.000381576219
20.000000000000 25.000000000000 0.000362141889
20.000000000000 26.000000000000 0.000343693583
20.000000000000 27.000000000000 0.000326257780
20.000000000000 28.000000000000 0.000309854390
20.000000000000 29.000000000000 0.000294497778
20.000000000000 30.000000000000 0.000280197669
20.000000000000 31.000000000000 0.000266959967
20.000000000000 32.000000000000 0.000254787468
20.000000000000 33.000000000000 0.000243680490
20.000000000000 34.000000000000 0.000233637427
20.000000000000 35.000000000000 0.000224655222
20.000000000000 36.000000000000 0.000216729780
20.000000000000 37.000000000000 0.000209856313
20.000000000000 38.000000000000 0.000204029634
20.000000000000 39.000000000000 0.000199244389
20.000000000000 40.000000000000 0.000195495253
20.000000000000 41.000000000000 0.000192777066
20.000000000000 42.000000000000 0.000189409632
20.000000000000 43.000000000000 0.000058279804
20.000000000000 44.000000000000 0.000015567145
20.000000000000 45.000000000000 0.000003664805
20.000000000000 46.000000000000 0.000000822497
20.000000000000 47.000000000000 0.000000100153
20.000000000000 48.000000000000 0.000000000456
20.000000000000 49.000000000000 0.000000000002
20.000000000000 50.000000000000 0.000000000000
20.000000000000 51.000000000000 0.000000000000

21.000000000000 -51.000000000000 0.000000000000
21.000000000000 -50.000000000000 0.000000000000
21.000000000000 -49.000000000000 0.000000000002
21.000000000000 -48.000000000000 0.000000000424
21.000000000000 -47.000000000000 0.000000093777
21.000000000000 -46.000000000000 0.000000774721
21.000000000000 -45.000000000000 0.000003470755
21.000000000000 -44.000000000000 0.000014826725
21.000000000000 -43.000000000000 0.000055851129
21.000000000000 -42.000000000000 0.000182745698
21.000000000000 -41.000000000000 0.000186031894
21.000000000000 -40.000000000000 0.000188654638
21.000000000000 -39.000000000000 0.000192253231
21.000000000000 -38.000000000000 0.000196832053
21.000000000000 -37.000000000000 0.000202395351
21.000000000000 -36.000000000000 0.000208947102
21.000000000000 -35.000000000000 0.000216490821
21.000000000000 -34.000000000000 0.000225029335
21.000000000000 -33.000000000000 0.000234564499
21.000000000000 -32.000000000000 0.000245096855
21.000000000000 -31.000000000000 0.000256625240
21.000000000000 -30.000000000000 0.000269146332
21.000000000000 -29.000000000000 0.000282654122
21.000000000000 -28.000000000000 0.000297139327
21.000000000000 -27.000000000000 0.000312588714
21.000000000000 -26.000000000000 0.000328984361
21.000000000000 -25.000000000000 0.000346302817
21.000000000000 -24.000000000000 0.000364514194
21.000000000000 -23.000000000000 0.000383581165
21.000000000000 -22.000000000000 0.000403457887
21.000000000000 -21.000000000000 0.000424088850
21.000000000000 -20.000000000000 0.000445407672
21.000000000000 -19.000000000000 0.000467335856
21.000000000000 -18.000000000000 0.000489781556
21.000000000000 -17.000000000000 0.000512638374
21.000000000000 -16.000000000000 0.000535784283
21.000000000000 -15.000000000000 0.000559080717
21.000000000000 -14.000000000000 0.000582371964
21.000000000000 -13.000000000000 0.000605484938
21.000000000000 -12.000000000000 0.000628229497
21.000000000000 -11.000000000000 0.000650399429
21.000000000000 -10.000000000000 0.000671774251
21.000000000000 -9.000000000000 0.000692121963
21.000000000000 -8.000000000000 0.000711202838
21.000000000000 -7.000000000000 0.000728774303
21.000000000000 -6.000000000000 0.000744596860
21.000000000000 -5.000000000000 0.000758440898
21.000000000000 -4.000000000000 0.000770094135
21.000000000000 -3.000000000000 0.000779369281
21.000000000000 -2.000000000000 0.000786111436
21.000000000000 -1.000000000000 0.000790204665
21.000000000000 0.000000000000 0.000791577178
21.000000000000 1.000000000000 0.000790204665
21.000000000000 2.000000000000 0.000786111436
21.000000000000 3.000000000000 0.000779369281
21.000000000000 4.000000000000 0.000770094135
21.000000000000 5.000000000000 0.000758440898
21.000000000000 6.000000000000 0.000744596860
21.000000000000 7.000000000000 0.000728774303
21.000000000000 8.000000000000 0.000711202838
21.000000000000 9.000000000000 0.000692121963
21.000000000000 10.000000000000 0.000671774251
21.000000000000 11.000000000000 0.000650399429
21.000000000000 12.000000000000 0.000628229497
21.000000000000 13.000000000000 0.000605484938
21.000000000000 14.000000000000 0.000582371964
21.000000000000 15.000000000000 0.000559080717
21.000000000000 16.000000000000 0.000535784283
21.000000000000 17.000000000000 0.000512638374
21.000000000000 18.000000000000 0.000489781556
21.000000000000 19.000000000000 0.000467335856
21.000000000000 20.000000000000 0.000445407672
21.000000000000 21.000000000000 0.000424088850
21.000000000000 22.000000000000 0.000403457887
21.000000000000 23.000000000000 0.000383581165
21.000000000000 24.000000000000 0.000364514194
21.000000000000 25.000000000000 0.000346302817
21.000000000000 26.000000000000 0.000328984361
21.000000000000 27.000000000000 0.000312588714
21.000000000000 28.000000000000 0.000297139327
21.000000000000 29.000000000000 0.000282654122
21.000000000000 30.000000000000 0.000269146332
21.000000000000 31.000000000000 0.000256625240
21.000000000000 32.000000000000 0.000245096855
21.000000000000 33.000000000000 0.000234564499
21.000000000000 34.000000000000 0.000225029335
21.000000000000 35.000000000000 0.000216490821
21.000000000000 36.000000000000 0.000208947102
21.000000000000 37.000000000000 0.000202395351
21.000000000000 38.000000000000 0.000196832053
21.000000000000 39.000000000000 0.000192253231
21.000000000000 40.000000000000 0.000188654638
21.000000000000 41.000000000000 0.000186031894
21.000000000000 42.000000000000 0.000182745698
21.000000000000 43.000000000000 0.000055851129
21.000000000000 44.000000000000 0.000014826725
21.000000000000 45.000000000000 0.000003470755
21.000000000000 46.000000000000 0.000000774721
21.000000000000 47.000000000000 0.000000093777
21.000000000000 48.000000000000 0.000000000424
21.000000000000 49.000000000000 0.000000000002
21.000000000000 50.000000000000 0.000000000000
21.000000000000 51.000000000000 0.000000000000

22.000000000000 -51.000000000000 0.000000000000
22.000000000000 -50.000000000000 0.000000000000
22.000000000000 -49.000000000000 0.000000000002
22.000000000000 -48.000000000000 0.000000000394
22.000000000000 -47.000000000000 0.000000087595
22.000000000000 -46.000000000000 0.000000728150
22.000000000000 -45.000000000000 0.000003280756
22.000000000000 -44.000000000000 0.000014098609
22.000000000000 -43.000000000000 0.000053452463
22.000000000000 -42.000000000000 0.000176136203
22.000000000000 -41.000000000000 0.000179341246
22.000000000000 -40.000000000000 0.000181870150
22.000000000000 -39.000000000000 0.000185321397
22.000000000000 -38.000000000000 0.000189698661
22.000000000000 -37.000000000000 0.000195005214
22.000000000000 -36.000000000000 0.000201243797
22.000000000000 -35.000000000000 0.000208416437
22.000000000000 -34.000000000000 0.000216524225
22.000000000000 -33.000000000000 0.000225567043
22.000000000000 -32.000000000000 0.000235543241
22.000000000000 -31.000000000000 0.000246449263
22.000000000000 -30.000000000000 0.000258279216
22.000000000000 -29.000000000000 0.000271024380
22.000000000000 -28.000000000000 0.000284672658
22.000000000000 -27.000000000000 0.000299207960
22.000000000000 -26.000000000000 0.000314609521
22.000000000000 -25.000000000000 0.000330851157
22.000000000000 -24.000000000000 0.000347900450
22.000000000000 -23.000000000000 0.000365717876
22.000000000000 -22.000000000000 0.000384255875
22.000000000000 -21.000000000000 0.000403457887
22.000000000000 -20.000000000000 0.000423257347
22.000000000000 -19.000000000000 0.000443576695
22.000000000000 -18.000000000000 0.000464326412
22.000000000000 -17.000000000000 0.000485404128
22.000000000000 -16.000000000000 0.000506693870
22.000000000000 -15.000000000000 0.000528065504
22.000000000000 -14.000000000000 0.000549374466
22.000000000000 -13.000000000000 0.000570461856
22.000000000000 -12.000000000000 0.000591155021
22.000000000000 -11.000000000000 0.000611268708
22.000000000000 -10.000000000000 0.000630606903
22.000000000000 -9.000000000000 0.000648965427
22.000000000000 -8.000000000000 0.000666135350
22.000000000000 -7.000000000000 0.000681907217
22.000000000000 -6.000000000000 0.000696076024
22.000000000000 -5.000000000000 0.000708446807
22.000000000000 -4.000000000000 0.000718840619
22.000000000000 -3.000000000000 0.000727100574
22.000000000000 -2.000000000000 0.000733097600
22.000000000000 -1.000000000000 0.000736735482
22.000000000000 0.000000000000 0.000737954806
22.000000000000 1.000000000000 0.000736735482
22.000000000000 2.000000000000 0.000733097600
22.000000000000 3.000000000000 0.000727100574
22.000000000000 4.000000000000 0.000718840619
22.000000000000 5.000000000000 0.000708446807
22.000000000000 6.000000000000 0.000696076024
22.000000000000 7.000000000000 0.000681907217
22.000000000000 8.000000000000 0.000666135350
22.000000000000 9.000000000000 0.000648965427
22.000000000000 10.000000000000 0.000630606903
22.000000000000 11.000000000000 0.000611268708
22.000000000000 12.000000000000 0.000591155021
22.000000000000 13.000000000000 0.000570461856
22.000000000000 14.000000000000 0.000549374466
22.000000000000 15.000000000000 0.000528065504
22.000000000000 16.000000000000 0.000506693870
22.000000000000 17.000000000000 0.000485404128
22.000000000000 18.000000000000 0.000464326412
22.000000000000 19.000000000000 0.000443576695
22.000000000000 20.000000000000 0.000423257347
22.000000000000 21.000000000000 0.000403457887
22.000000000000 22.000000000000 0.000384255875
22.000000000000 23.000000000000 0.000365717876
22.000000000000 24.000000000000 0.000347900450
22.000000000000 25.000000000000 0.000330851157
22.000000000000 26.000000000000 0.000314609521
22.000000000000 27.000000000000 0.000299207960
22.000000000000 28.000000000000 0.000284672658
22.000000000000 29.000000000000 0.000271024380
22.000000000000 30.000000000000 0.000258279216
22.000000000000 31.000000000000 0.000246449263
22.000000000000 32.000000000000 0.000235543241
22.000000000000 33.000000000000 0.000225567043
22.000000000000 34.000000000000 0.000216524225
22.000000000000 35.000000000000 0.000208416437
22.000000000000 36.000000000000 0.000201243797
22.000000000000 37.000000000000 0.000195005214
22.000000000000 38.000000000000 0.000189698661
22.000000000000 39.000000000000 0.000185321397
22.000000000000 40.000000000000 0.000181870150
22.000000000000 41.000000000000 0.000179341246
22.000000000000 42.000000000000 0.000176136203
22.000000000000 43.000000000000 0.000053452463
22.000000000000 44.000000000000 0.000014098609
22.000000000000 45.000000000000 0.000003280756
22.000000000000 46.000000000000 0.000000728150
22.000000000000 47.000000000000 0.000000087595
22.000000000000 48.000000000000 0.000000000394
22.000000000000 49.000000000000 0.000000000002
22.000000000000 50.000000000000 0.000000000000
22.000000000000 51.000000000000 0.000000000000

23.000000000000 -51.000000000000 0.000000000000
23.000000000000 -50.000000000000 0.000000000000
23.000000000000 -49.000000000000 0.000000000001
23.000000000000 -48.000000000000 0.000000000365
23.000000000000 -47.000000000000 0.000000081633
23.000000000000 -46.000000000000 0.000000682998
23.000000000000 -45.000000000000 0.000003095717
23.000000000000 -44.000000000000 0.000013386366
23.000000000000 -43.000000000000 0.000051095750
23.000000000000 -42.000000000000 0.000169614303
23.000000000000 -41.000000000000 0.000172738686
23.000000000000 -40.000000000000 0.000175175790
23.000000000000 -39.000000000000 0.000178483567
23.000000000000 -38.000000000000 0.000182665047
23.000000000000 -37.000000000000 0.000187722633
23.000000000000 -36.000000000000 0.000193657967
23.000000000000 -35.000000000000 0.000200471763
23.000000000000 -34.000000000000 0.000208163588
23.000000000000 -33.000000000000 0.000216731609
23.000000000000 -32.000000000000 0.000226172287
23.000000000000 -31.000000000000 0.000236480022
23.000000000000 -30.000000000000 0.000247646756
23.000000000000 -29.000000000000 0.000259661517
23.000000000000 -28.000000000000 0.000272509912
23.000000000000 -27.000000000000 0.000286173570
23.000000000000 -26.000000000000 0.000300629528
23.000000000000 -25.000000000000 0.000315849565
23.000000000000 -24.000000000000 0.000331799495
23.000000000000 -23.000000000000 0.000348438405
23.000000000000 -22.000000000000 0.000365717876
23.000000000000 -21.000000000000 0.000383581165
23.000000000000 -20.000000000000 0.000401962405
23.000000000000 -19.000000000000 0.000420785814
23.000000000000 -18.000000000000 0.000439964967
23.000000000000 -17.000000000000 0.000459402157
23.000000000000 -16.000000000000 0.000478987903
23.000000000000 -15.000000000000 0.000498600662
23.000000000000 -14.000000000000 0.000518106804
23.000000000000 -13.000000000000 0.000537360932
23.000000000000 -12.000000000000 0.000556206620
23.000000000000 -11.000000000000 0.000574477638
23.000000000000 -10.000000000000 0.000591999750
23.000000000000 -9.000000000000 0.000608593100
23.000000000000 -8.000000000000 0.000624075250
23.000000000000 -7.000000000000 0.000638264808
23.000000000000 -6.000000000000 0.000650985610
23.000000000000 -5.000000000000 0.000662071310
23.000000000000 -4.000000000000 0.000671370197
23.000000000000 -3.000000000000 0.000678750002
23.000000000000 -2.000000000000 0.000684102399
23.000000000000 -1.000000000000 0.000687346925
23.000000000000 0.000000000000 0.000688434014
23.000000000000 1.000000000000 0.000687346925
23.000000000000 2.000000000000 0.000684102399
23.000000000000 3.000000000000 0.000678750002
23.000000000000 4.000000000000 0.000671370197
23.000000000000 5.000000000000 0.000662071310
23.000000000000 6.000000000000 0.000650985610
23.000000000000 7.000000000000 0.000638264808
23.000000000000 8.000000000000 0.000624075250
23.000000000000 9.000000000000 0.000608593100
23.000000000000 10.000000000000 0.000591999750
23.000000000000 11.000000000000 0.000574477638
23.000000000000 12.000000000000 0.000556206620
23.000000000000 13.000000000000 0.000537360932
23.000000000000 14.000000000000 0.000518106804
23.000000000000 15.000000000000 0.000498600662
23.000000000000 16.000000000000 0.000478987903
23.000000000000 17.000000000000 0.000459402157
23.000000000000 18.000000000000 0.000439964967
23.000000000000 19.000000000000 0.000420785814
23.000000000000 20.000000000000 0.000401962405
23.000000000000 21.000000000000 0.000383581165
23.000000000000 22.000000000000 0.000365717876
23.000000000000 23.000000000000 0.000348438405
23.000000000000 24.000000000000 0.000331799495
23.000000000000 25.000000000000 0.000315849565
23.000000000000 26.000000000000 0.000300629528
23.000000000000 27.000000000000 0.000286173570
23.000000000000 28.000000000000 0.000272509912
23.000000000000 29.000000000000 0.000259661517
23.000000000000 30.000000000000 0.000247646756
23.000000000000 31.000000000000 0.000236480022
23.000000000000 32.000000000000 0.000226172287
23.000000000000 33.000000000000 0.000216731609
23.000000000000 34.000000000000 0.000208163588
23.000000000000 35.000000000000 0.000200471763
23.000000000000 36.000000000000 0.000193657967
23.000000000000 37.000000000000 0.000187722633
23.000000000000 38.000000000000 0.000182665047
23.000000000000 39.000000000000 0.000178483567
23.000000000000 40.000000000000 0.000175175790
23.000000000000 41.000000000000 0.000172738686
23.000000000000 42.000000000000 0.000169614303
23.000000000000 43.000000000000 0.000051095750
23.000000000000 44.000000000000 0.000013386366
23.000000000000 45.000000000000 0.000003095717
23.000000000000 46.000000000000 0.000000682998
23.000000000000 47.000000000000 0.000000081633
23.000000000000 48.000000000000 0.000000000365
23.000000000000 49.000000000000 0.000000000001
23.000000000000 50.000000000000 0.000000000000
23.000000000000 51.000000000000 0.000000000000

24.000000000000 -51.000000000000 0.000000000000
24.000000000000 -50.000000000000 0.000000000000
24.000000000000 -49.000000000000 0.000000000001
24.000000000000 -48.000000000000 0.000000000337
24.000000000000 -47.000000000000 0.000000075915
24.000000000000 -46.000000000000 0.000000639456
24.000000000000 -45.000000000000 0.000002916452
24.000000000000 -44.000000000000 0.000012693255
24.000000000000 -43.000000000000 0.000048792102
24.000000000000 -42.000000000000 0.000163211379
24.000000000000 -41.000000000000 0.000166255985
24.000000000000 -40.000000000000 0.000168603736
24.000000000000 -39.000000000000 0.000171772524
24.000000000000 -38.000000000000 0.000175764806
24.000000000000 -37.000000000000 0.000180582209
24.000000000000 -36.000000000000 0.000186225409
24.000000000000 -35.000000000000 0.000192693970
24.000000000000 -34.000000000000 0.000199986138
24.000000000000 -33.000000000000 0.000208098605
24.000000000000 -32.000000000000 0.000217026223
24.000000000000 -31.000000000000 0.000226761673
24.000000000000 -30.000000000000 0.000237295101
24.000000000000 -29.000000000000 0.000248613697
24.000000000000 -28.000000000000 0.000260701238
24.000000000000 -27.000000000000 0.000273537583
24.000000000000 -26.000000000000 0.000287098128
24.000000000000 -25.000000000000 0.000301353224
24.000000000000 -24.000000000000 0.000316267555
24.000000000000 -23.000000000000 0.000331799495
24.000000000000 -22.000000000000 0.000347900450
24.000000000000 -21.000000000000 0.000364514194
24.000000000000 -20.000000000000 0.000381576219
24.000000000000 -19.000000000000 0.000399013135
24.000000000000 -18.000000000000 0.000416742127
24.000000000000 -17.000000000000 0.000434670525
24.000000000000 -16.000000000000 0.000452695518
24.000000000000 -15.000000000000 0.000470704060
24.000000000000 -14.000000000000 0.000488573028
24.000000000000 -13.000000000000 0.000506169683
24.000000000000 -12.000000000000 0.000523352494
24.000000000000 -11.000000000000 0.000539972372
24.000000000000 -10.000000000000 0.000555874363
24.000000000000 -9.000000000000 0.000570899828
24.000000000000 -8.000000000000 0.000584889101
24.000000000000 -7.000000000000 0.000597684606
24.000000000000 -6.000000000000 0.000609134365
24.000000000000 -5.000000000000 0.000619095772
24.000000000000 -4.000000000000 0.000627439502
24.000000000000 -3.000000000000 0.000634053352
24.000000000000 -2.000000000000 0.000638845800
24.000000000000 -1.000000000000 0.000641749076
24.000000000000 0.000000000000 0.000642721521
24.000000000000 1.000000000000 0.000641749076
24.000000000000 2.000000000000 0.000638845800
24.000000000000 3.000000000000 0.000634053352
24.000000000000 4.000000000000 0.000627439502
24.000000000000 5.000000000000 0.000619095772
24.000000000000 6.000000000000 0.000609134365
24.000000000000 7.000000000000 0.000597684606
24.000000000000 8.000000000000 0.000584889101
24.000000000000 9.000000000000 0.000570899828
24.000000000000 10.000000000000 0.000555874363
24.000000000000 11.000000000000 0.000539972372
24.000000000000 12.000000000000 0.000523352494
24.000000000000 13.000000000000 0.000506169683
24.000000000000 14.000000000000 0.000488573028
24.000000000000 15.000000000000 0.000470704060
24.000000000000 16.000000000000 0.000452695518
24.000000000000 17.000000000000 0.000434670525
24.000000000000 18.000000000000 0.000416742127
24.000000000000 19.000000000000 0.000399013135
24.000000000000 20.000000000000 0.000381576219
24.000000000000 21.000000000000 0.000364514194
24.000000000000 22.000000000000 0.000347900450
24.000000000000 23.000000000000 0.000331799495
24.000000000000 24.000000000000 0.000316267555
24.000000000000 25.000000000000 0.000301353224
24.000000000000 26.000000000000 0.000287098128
24.000000000000 27.000000000000 0.000273537583
24.000000000000 28.000000000000 0.000260701238
24.000000000000 29.000000000000 0.000248613697
24.000000000000 30.000000000000 0.000237295101
24.000000000000 31.000000000000 0.000226761673
24.000000000000 32.000000000000 0.000217026223
24.000000000000 33.000000000000 0.000208098605
24.000000000000 34.000000000000 0.000199986138
24.000000000000 35.000000000000 0.000192693970
24.000000000000 36.000000000000 0.000186225409
24.000000000000 37.000000000000 0.000180582209
24.000000000000 38.000000000000 0.000175764806
24.000000000000 39.000000000000 0.000171772524
24.000000000000 40.000000000000 0.000168603736
24.000000000000 41.000000000000 0.000166255985
24.000000000000 42.000000000000 0.000163211379
24.000000000000 43.000000000000 0.000048792102
24.000000000000 44.000000000000 0.000012693255
24.000000000000 45.000000000000 0.000002916452
24.000000000000 46.000000000000 0.000000639456
24.000000000000 47.000000000000 0.000000075915
24.000000000000 48.000000000000 0.000000000337
24.000000000000 49.000000000000 0.000000000001
24.000000000000 50.000000000000 0.000000000000
24.000000000000 51.000000000000 0.000000000000

25.000000000000 -51.000000000000 0.000000000000
25.000000000000 -50.000000000000 0.000000000000
25.000000000000 -49.000000000000 0.000000000001
25.000000000000 -48.000000000000 0.000000000311
25.000000000000 -47.000000000000 0.000000070459
25.000000000000 -46.000000000000 0.000000597684
25.000000000000 -45.000000000000 0.000002743676
25.000000000000 -44.000000000000 0.000012022217
25.000000000000 -43.000000000000 0.000046551774
25.000000000000 -42.000000000000 0.000156956926
25.000000000000 -41.000000000000 0.000159923020
25.000000000000 -40.000000000000 0.000162184231
25.000000000000 -39.000000000000 0.000165219054
25.000000000000 -38.000000000000 0.000169029433
25.000000000000 -37.000000000000 0.000173616315
25.000000000000 -36.000000000000 0.000178979529
25.000000000000 -35.000000000000 0.000185117641
25.000000000000 -34.000000000000 0.000192027764
25.000000000000 -33.000000000000 0.000199705336
25.000000000000 -32.000000000000 0.000208143856
25.000000000000 -31.000000000000 0.000217334582
25.000000000000 -30.000000000000 0.000227266195
25.000000000000 -29.000000000000 0.000237924421
25.000000000000 -28.000000000000 0.000249291613
25.000000000000 -27.000000000000 0.000261346309
25.000000000000 -26.000000000000 0.000274062746
25.000000000000 -25.000000000000 0.000287410354
25.000000000000 -24.000000000000 0.000301353224
25.000000000000 -23.000000000000 0.000315849565
25.000000000000 -22.000000000000 0.000330851157
25.000000000000 -21.000000000000 0.000346302817
25.000000000000 -20.000000000000 0.000362141889
25.000000000000 -19.000000000000 0.000378297792
25.000000000000 -18.000000000000 0.000394691640
25.000000000000 -17.000000000000 0.000411235972
25.000000000000 -16.000000000000 0.000427834620
25.000000000000 -15.000000000000 0.000444382769
25.000000000000 -14.000000000000 0.000460767235
25.000000000000 -13.000000000000 0.000476867011
25.000000000000 -12.000000000000 0.000492554121
25.000000000000 -11.000000000000 0.000507694828
25.000000000000 -10.000000000000 0.000522151199
25.000000000000 -9.000000000000 0.000535783059
25.000000000000 -8.000000000000 0.000548450325
25.000000000000 -7.000000000000 0.000560015661
25.000000000000 -6.000000000000 0.000570347428
25.000000000000 -5.000000000000 0.000579322804
25.000000000000 -4.000000000000 0.000586830959
25.000000000000 -3.000000000000 0.000592776154
25.000000000000 -2.000000000000 0.000597080576
25.000000000000 -1.000000000000 0.000599686761
25.000000000000 0.000000000000 0.000600559451
25.000000000000 1.000000000000 0.000599686761
25.000000000000 2.000000000000 0.000597080576
25.000000000000 3.000000000000 0.000592776154
25.000000000000 4.000000000000 0.000586830959
25.000000000000 5.000000000000 0.000579322804
25.000000000000 6.000000000000 0.000570347428
25.000000000000 7.000000000000 0.000560015661
25.000000000000 8.000000000000 0.000548450325
25.000000000000 9.000000000000 0.000535783059
25.000000000000 10.000000000000 0.000522151199
25.000000000000 11.000000000000 0.000507694828
25.000000000000 12.000000000000 0.000492554121
25.000000000000 13.000000000000 0.000476867011
25.000000000000 14.000000000000 0.000460767235
25.000000000000 15.000000000000 0.000444382769
25.000000000000 16.000000000000 0.000427834620
25.000000000000 17.000000000000 0.000411235972
25.000000000000 18.000000000000 0.000394691640
25.000000000000 19.000000000000 0.000378297792
25.000000000000 20.000000000000 0.000362141889
25.000000000000 21.000000000000 0.000346302817
25.000000000000 22.000000000000 0.000330851157
25.000000000000 23.000000000000 0.000315849565
25.000000000000 24.000000000000 0.000301353224
25.000000000000 25.000000000000 0.000287410354
25.000000000000 26.000000000000 0.000274062746
25.000000000000 27.000000000000 0.000261346309
25.000000000000 28.000000000000 0.000249291613
25.000000000000 29.000000000000 0.000237924421
25.000000000000 30.000000000000 0.000227266195
25.000000000000 31.000000000000 0.000217334582
25.000000000000 32.000000000000 0.000208143856
25.000000000000 33.000000000000 0.000199705336
25.000000000000 34.000000000000 0.000192027764
25.000000000000 35.000000000000 0.000185117641
25.000000000000 36.000000000000 0.000178979529
25.000000000000 37.000000000000 0.000173616315
25.000000000000 38.000000000000 0.000169029433
25.000000000000 39.000000000000 0.000165219054
25.000000000000 40.000000000000 0.000162184231
25.000000000000 41.000000000000 0.000159923020
25.000000000000 42.000000000000 0.000156956926
25.000000000000 43.000000000000 0.000046551774
25.000000000000 44.000000000000 0.000012022217
25.000000000000 45.000000000000 0.000002743676
25.000000000000 46.000000000000 0.000000597684
25.000000000000 47.000000000000 0.000000070459
25.000000000000 48.000000000000 0.000000000311
25.000000000000 49.000000000000 0.000000000001
25.000000000000 50.000000000000 0.000000000000
25.000000000000 51.000000000000 0.000000000000

26.000000000000 -51.000000000000 0.000000000000
26.000000000000 -50.000000000000 0.000000000000
26.000000000000 -49.000000000000 0.000000000001
26.000000000000 -48.000000000000 0.000000000286
26.000000000000 -47.000000000000 0.000000065280
26.000000000000 -46.000000000000 0.000000557818
26.000000000000 -45.000000000000 0.000002578015
26.000000000000 -44.000000000000 0.000011375884
26.000000000000 -43.000000000000 0.000044384151
26.000000000000 -42.000000000000 0.000150878478
26.000000000000 -41.000000000000 0.000153767687
26.000000000000 -40.000000000000 0.000155945502
26.000000000000 -39.000000000000 0.000158851862
26.000000000000 -38.000000000000 0.000162488259
26.000000000000 -37.000000000000 0.000166855037
26.000000000000 -36.000000000000 0.000171951294
26.000000000000 -35.000000000000 0.000177774736
26.000000000000 -34.000000000000 0.000184321515
26.000000000000 -33.000000000000 0.000191586013
26.000000000000 -32.000000000000 0.000199560610
26.000000000000 -31.000000000000 0.000208235404
26.000000000000 -30.000000000000 0.000217597908
26.000000000000 -29.000000000000 0.000227632707
26.000000000000 -28.000000000000 0.000238321093
26.000000000000 -27.000000000000 0.000249640663
26.000000000000 -26.000000000000 0.000261564902
26.000000000000 -25.000000000000 0.000274062746
26.000000000000 -24.000000000000 0.000287098128
26.000000000000 -23.000000000000 0.000300629528
26.000000000000 -22.000000000000 0.000314609521
26.000000000000 -21.000000000000 0.000328984361
26.000000000000 -20.000000000000 0.000343693583
26.000000000000 -19.000000000000 0.000358669682
26.000000000000 -18.000000000000 0.000373837855
26.000000000000 -17.000000000000 0.000389115861
26.000000000000 -16.000000000000 0.000404414014
26.000000000000 -15.000000000000 0.000419635339
26.000000000000 -14.000000000000 0.000434675936
26.000000000000 -13.000000000000 0.000449425569
26.000000000000 -12.000000000000 0.000463768525
26.000000000000 -11.000000000000 0.000477584747
26.000000000000 -10.000000000000 0.000490751281
26.000000000000 -9.000000000000 0.000503144011
26.000000000000 -8.000000000000 0.000514639689
26.000000000000 -7.000000000000 0.000525118212
26.000000000000 -6.000000000000 0.000534465097
26.000000000000 -5.000000000000 0.000542574065
26.000000000000 -4.000000000000 0.000549349647
26.000000000000 -3.000000000000 0.000554709691
26.000000000000 -2.000000000000 0.000558587636
26.000000000000 -1.000000000000 0.000560934448
26.000000000000 0.000000000000 0.000561720091
26.000000000000 1.000000000000 0.000560934448
26.000000000000 2.000000000000 0.000558587636
26.000000000000 3.000000000000 0.000554709691
26.000000000000 4.000000000000 0.000549349647
26.000000000000 5.000000000000 0.000542574065
26.000000000000 6.000000000000 0.000534465097
26.000000000000 7.000000000000 0.000525118212
26.000000000000 8.000000000000 0.000514639689
26.000000000000 9.000000000000 0.000503144011
26.000000000000 10.000000000000 0.000490751281
26.000000000000 11.000000000000 0.000477584747
26.000000000000 12.000000000000 0.000463768525
26.000000000000 13.000000000000 0.000449425569
26.000000000000 14.000000000000 0.000434675936
26.000000000000 15.000000000000 0.000419635339
26.000000000000 16.000000000000 0.000404414014
26.000000000000 17.000000000000 0.000389115861
26.000000000000 18.000000000000 0.000373837855
26.000000000000 19.000000000000 0.000358669682
26.000000000000 20.000000000000 0.000343693583
26.000000000000 21.000000000000 0.000328984361
26.000000000000 22.000000000000 0.000314609521
26.000000000000 23.000000000000 0.000300629528
26.000000000000 24.000000000000 0.000287098128
26.000000000000 25.000000000000 0.000274062746
26.000000000000 26.000000000000 0.000261564902
26.000000000000 27.000000000000 0.000249640663
26.000000000000 28.000000000000 0.000238321093
26.000000000000 29.000000000000 0.000227632707
26.000000000000 30.000000000000 0.000217597908
26.000000000000 31.000000000000 0.000208235404
26.000000000000 32.000000000000 0.000199560610
26.000000000000 33.000000000000 0.000191586013
26.000000000000 34.000000000000 0.000184321515
26.000000000000 35.000000000000 0.000177774736
26.000000000000 36.000000000000 0.000171951294
26.000000000000 37.000000000000 0.000166855037
26.000000000000 38.000000000000 0.000162488259
26.000000000000 39.000000000000 0.000158851862
26.000000000000 40.000000000000 0.000155945502
26.000000000000 41.000000000000 0.000153767687
26.000000000000 42.000000000000 0.000150878478
26.000000000000 43.000000000000 0.000044384151
26.000000000000 44.000000000000 0.000011375884
26.000000000000 45.000000000000 0.000002578015
26.000000000000 46.000000000000 0.000000557818
26.000000000000 47.000000000000 0.000000065280
26.000000000000 48.000000000000 0.000000000286
26.000000000000 49.000000000000 0.000000000001
26.000000000000 50.000000000000 0.000000000000
26.000000000000 51.000000000000 0.000000000000

27.000000000000 -51.000000000000 0.000000000000
27.000000000000 -50.000000000000 0.000000000000
27.000000000000 -49.000000000000 0.000000000001
27.000000000000 -48.000000000000 0.000000000262
27.000000000000 -47.000000000000 0.000000060391
27.000000000000 -46.000000000000 0.000000519970
27.000000000000 -45.000000000000 0.000002420001
27.000000000000 -44.000000000000 0.000010756581
27.000000000000 -43.000000000000 0.000042297747
27.000000000000 -42.000000000000 0.000145001543
27.000000000000 -41.000000000000 0.000147815844
27.000000000000 -40.000000000000 0.000149913706
27.000000000000 -39.000000000000 0.000152697530
27.000000000000 -38.000000000000 0.000156168402
27.000000000000 -37.000000000000 0.000160326144
27.000000000000 -36.000000000000 0.000165169216
27.000000000000 -35.000000000000 0.000170694597
27.000000000000 -34.000000000000 0.000176897622
27.000000000000 -33.000000000000 0.000183771804
27.000000000000 -32.000000000000 0.000191308606
27.000000000000 -31.000000000000 0.000199497201
27.000000000000 -30.000000000000 0.000208324194
27.000000000000 -29.000000000000 0.000217773315
27.000000000000 -28.000000000000 0.000227825096
27.000000000000 -27.000000000000 0.000238456521
27.000000000000 -26.000000000000 0.000249640663
27.000000000000 -25.000000000000 0.000261346309
27.000000000000 -24.000000000000 0.000273537583
27.000000000000 -23.000000000000 0.000286173570
27.000000000000 -22.000000000000 0.000299207960
27.000000000000 -21.000000000000 0.000312588714
27.000000000000 -20.000000000000 0.000326257780
27.000000000000 -19.000000000000 0.000340150862
27.000000000000 -18.000000000000 0.000354197272
27.000000000000 -17.000000000000 0.000368319888
27.000000000000 -16.000000000000 0.000382435233
27.000000000000 -15.000000000000 0.000396453706
27.000000000000 -14.000000000000 0.000410279994
27.000000000000 -13.000000000000 0.000423813678
27.000000000000 -12.000000000000 0.000436950065
27.000000000000 -11.000000000000 0.000449581253
27.000000000000 -10.000000000000 0.000461597437
27.000000000000 -9.000000000000 0.000472888449
27.000000000000 -8.000000000000 0.000483345527
27.000000000000 -7.000000000000 0.000492863258
27.000000000000 -6.000000000000 0.000501341663
27.000000000000 -5.000000000000 0.000508688352
27.000000000000 -4.000000000000 0.000514820666
27.000000000000 -3.000000000000 0.000519667719
27.000000000000 -2.000000000000 0.000523172243
27.000000000000 -1.000000000000 0.000525292141
27.000000000000 0.000000000000 0.000526001663
27.000000000000 1.000000000000 0.000525292141
27.000000000000 2.000000000000 0.000523172243
27.000000000000 3.000000000000 0.000519667719
27.000000000000 4.000000000000 0.000514820666
27.000000000000 5.000000000000 0.000508688352
27.000000000000 6.000000000000 0.000501341663
27.000000000000 7.000000000000 0.000492863258
27.000000000000 8.000000000000 0.000483345527
27.000000000000 9.000000000000 0.000472888449
27.000000000000 10.000000000000 0.000461597437
27.000000000000 11.000000000000 0.000449581253
27.000000000000 12.000000000000 0.000436950065
27.000000000000 13.000000000000 0.000423813678
27.000000000000 14.000000000000 0.000410279994
27.000000000000 15.000000000000 0.000396453706
27.000000000000 16.000000000000 0.000382435233
27.000000000000 17.000000000000 0.000368319888
27.000000000000 18.000000000000 0.000354197272
27.000000000000 19.000000000000 0.000340150862
27.000000000000 20.000000000000 0.000326257780
27.000000000000 21.000000000000 0.000312588714
27.000000000000 22.000000000000 0.000299207960
27.000000000000 23.000000000000 0.000286173570
27.000000000000 24.000000000000 0.000273537583
27.000000000000 25.000000000000 0.000261346309
27.000000000000 26.000000000000 0.000249640663
27.000000000000 27.000000000000 0.000238456521
27.000000000000 28.000000000000 0.000227825096
27.000000000000 29.000000000000 0.000217773315
27.000000000000 30.000000000000 0.000208324194
27.000000000000 31.000000000000 0.000199497201
27.000000000000 32.000000000000 0.000191308606
27.000000000000 33.000000000000 0.000183771804
27.000000000000 34.000000000000 0.000176897622
27.000000000000 35.000000000000 0.000170694597
27.000000000000 36.000000000000 0.000165169216
27.000000000000 37.000000000000 0.000160326144
27.000000000000 38.000000000000 0.000156168402
27.000000000000 39.000000000000 0.000152697530
27.000000000000 40.000000000000 0.000149913706
27.000000000000 41.000000000000 0.000147815844
27.000000000000 42.000000000000 0.000145001543
27.000000000000 43.000000000000 0.000042297747
27.000000000000 44.000000000000 0.000010756581
27.000000000000 45.000000000000 0.000002420001
27.000000000000 46.000000000000 0.000000519970
27.000000000000 47.000000000000 0.000000060391
27.000000000000 48.000000000000 0.000000000262
27.000000000000 49.000000000000 0.000000000001
27.000000000000 50.000000000000 0.000000000000
27.000000000000 51.000000000000 0.000000000000

28.000000000000 -51.000000000000 0.000000000000
28.000000000000 -50.000000000000 0.000000000000
28.000000000000 -49.000000000000 0.000000000001
28.000000000000 -48.000000000000 0.000000000241
28.000000000000 -47.000000000000 0.000000055799
28.000000000000 -46.000000000000 0.000000484228
28.000000000000 -45.000000000000 0.000002270084
28.000000000000 -44.000000000000 0.000010166337
28.000000000000 -43.000000000000 0.000040300213
28.000000000000 -42.000000000000 0.000139349577
28.000000000000 -41.000000000000 0.000142091272
28.000000000000 -40.000000000000 0.000144112898
28.000000000000 -39.000000000000 0.000146780483
28.000000000000 -38.000000000000 0.000150094755
28.000000000000 -37.000000000000 0.000154055077
28.000000000000 -36.000000000000 0.000158659362
28.000000000000 -35.000000000000 0.000163903967
28.000000000000 -34.000000000000 0.000169783550
28.000000000000 -33.000000000000 0.000176290906
28.000000000000 -32.000000000000 0.000183416769
28.000000000000 -31.000000000000 0.000191149590
28.000000000000 -30.000000000000 0.000199475288
28.000000000000 -29.000000000000 0.000208376982
28.000000000000 -28.000000000000 0.000217834705
28.000000000000 -27.000000000000 0.000227825096
28.000000000000 -26.000000000000 0.000238321093
28.000000000000 -25.000000000000 0.000249291613
28.000000000000 -24.000000000000 0.000260701238
28.000000000000 -23.000000000000 0.000272509912
28.000000000000 -22.000000000000 0.000284672658
28.000000000000 -21.000000000000 0.000297139327
28.000000000000 -20.000000000000 0.000309854390
28.000000000000 -19.000000000000 0.000322756801
28.000000000000 -18.000000000000 0.000335779922
28.000000000000 -17.000000000000 0.000348851557
28.000000000000 -16.000000000000 0.000361894099
28.000000000000 -15.000000000000 0.000374824804
28.000000000000 -14.000000000000 0.000387556235
28.000000000000 -13.000000000000 0.000399996861
28.000000000000 -12.000000000000 0.000412051850
28.000000000000 -11.000000000000 0.000423624056
28.000000000000 -10.000000000000 0.000434615192
28.000000000000 -9.000000000000 0.000444927201
28.000000000000 -8.000000000000 0.000454463782
28.000000000000 -7.000000000000 0.000463132059
28.000000000000 -6.000000000000 0.000470844346
28.000000000000 -5.000000000000 0.000477519944
28.000000000000 -4.000000000000 0.000483086916
28.000000000000 -3.000000000000 0.000487483763
28.000000000000 -2.000000000000 0.000490660926
28.000000000000 -1.000000000000 0.000492582044
28.000000000000 0.000000000000 0.000493224907
28.000000000000 1.000000000000 0.000492582044
28.000000000000 2.000000000000 0.000490660926
28.000000000000 3.000000000000 0.000487483763
28.000000000000 4.000000000000 0.000483086916
28.000000000000 5.000000000000 0.000477519944
28.000000000000 6.000000000000 0.000470844346
28.000000000000 7.000000000000 0.000463132059
28.000000000000 8.000000000000 0.000454463782
28.000000000000 9.000000000000 0.000444927201
28.000000000000 10.000000000000 0.000434615192
28.000000000000 11.000000000000 0.000423624056
28.000000000000 12.000000000000 0.000412051850
28.000000000000 13.000000000000 0.000399996861
28.000000000000 14.000000000000 0.000387556235
28.000000000000 15.000000000000 0.000374824804
28.000000000000 16.000000000000 0.000361894099
28.000000000000 17.000000000000 0.000348851557
28.000000000000 18.000000000000 0.000335779922
28.000000000000 19.000000000000 0.000322756801
28.000000000000 20.000000000000 0.000309854390
28.000000000000 21.000000000000 0.000297139327
28.000000000000 22.000000000000 0.000284672658
28.000000000000 23.000000000000 0.000272509912
28.000000000000 24.000000000000 0.000260701238
28.000000000000 25.000000000000 0.000249291613
28.000000000000 26.000000000000 0.000238321093
28.000000000000 27.000000000000 0.000227825096
28.000000000000 28.000000000000 0.000217834705
28.000000000000 29.000000000000 0.000208376982
28.000000000000 30.000000000000 0.000199475288
28.000000000000 31.000000000000 0.000191149590
28.000000000000 32.000000000000 0.000183416769
28.000000000000 33.000000000000 0.000176290906
28.000000000000 34.000000000000 0.000169783550
28.000000000000 35.000000000000 0.000163903967
28.000000000000 36.000000000000 0.000158659362
28.000000000000 37.000000000000 0.000154055077
28.000000000000 38.000000000000 0.000150094755
28.000000000000 39.000000000000 0.000146780483
28.000000000000 40.000000000000 0.000144112898
28.000000000000 41.000000000000 0.000142091272
28.000000000000 42.000000000000 0.000139349577
28.000000000000 43.000000000000 0.000040300213
28.000000000000 44.000000000000 0.000010166337
28.000000000000 45.000000000000 0.000002270084
28.000000000000 46.000000000000 0.000000484228
28.000000000000 47.000000000000 0.000000055799
28.000000000000 48.000000000000 0.000000000241
28.000000000000 49.000000000000 0.000000000001
28.000000000000 50.000000000000 0.000000000000
28.000000000000 51.000000000000 0.000000000000

29.000000000000 -51.000000000000 0.000000000000
29.000000000000 -50.000000000000 0.000000000000
29.000000000000 -49.000000000000 0.000000000001
29.000000000000 -48.000000000000 0.000000000220
29.000000000000 -47.000000000000 0.000000051510
29.000000000000 -46.000000000000 0.000000450660
29.000000000000 -45.000000000000 0.000002128630
29.000000000000 -44.000000000000 0.000009606900
29.000000000000 -43.000000000000 0.000038398355
29.000000000000 -42.000000000000 0.000133943960
29.000000000000 -41.000000000000 0.000136615663
29.000000000000 -40.000000000000 0.000138565010
29.000000000000 -39.000000000000 0.000141122982
29.000000000000 -38.000000000000 0.000144289984
29.000000000000 -37.000000000000 0.000148064972
29.000000000000 -36.000000000000 0.000152445385
29.000000000000 -35.000000000000 0.000157427051
29.000000000000 -34.000000000000 0.000163004068
29.000000000000 -33.000000000000 0.000169168652
29.000000000000 -32.000000000000 0.000175910964
29.000000000000 -31.000000000000 0.000183218907
29.000000000000 -30.000000000000 0.000191077910
29.000000000000 -29.000000000000 0.000199470687
29.000000000000 -28.000000000000 0.000208376982
29.000000000000 -27.000000000000 0.000217773315
29.000000000000 -26.000000000000 0.000227632707
29.000000000000 -25.000000000000 0.000237924421
29.000000000000 -24.000000000000 0.000248613697
29.000000000000 -23.000000000000 0.000259661517
29.000000000000 -22.000000000000 0.000271024380
29.000000000000 -21.000000000000 0.000282654122
29.000000000000 -20.000000000000 0.000294497778
29.000000000000 -19.000000000000 0.000306497502
29.000000000000 -18.000000000000 0.000318590570
29.000000000000 -17.000000000000 0.000330709461
29.000000000000 -16.000000000000 0.000342782046
29.000000000000 -15.000000000000 0.000354731904
29.000000000000 -14.000000000000 0.000366478765
29.000000000000 -13.000000000000 0.000377939094
29.000000000000 -12.000000000000 0.000389026846
29.000000000000 -11.000000000000 0.000399654361
29.000000000000 -10.000000000000 0.000409733424
29.000000000000 -9.000000000000 0.000419176476
29.000000000000 -8.000000000000 0.000427897935
29.000000000000 -7.000000000000 0.000435815637
29.000000000000 -6.000000000000 0.000442852329
29.000000000000 -5.000000000000 0.000448937176
29.000000000000 -4.000000000000 0.000454007243
29.000000000000 -3.000000000000 0.000458008876
29.000000000000 -2.000000000000 0.000460898940
29.000000000000 -1.000000000000 0.000462645840
29.000000000000 0.000000000000 0.000463230300
29.000000000000 1.000000000000 0.000462645840
29.000000000000 2.000000000000 0.000460898940
29.000000000000 3.000000000000 0.000458008876
29.000000000000 4.000000000000 0.000454007243
29.000000000000 5.000000000000 0.000448937176
29.000000000000 6.000000000000 0.000442852329
29.000000000000 7.000000000000 0.000435815637
29.000000000000 8.000000000000 0.000427897935
29.000000000000 9.000000000000 0.000419176476
29.000000000000 10.000000000000 0.000409733424
29.000000000000 11.000000000000 0.000399654361
29.000000000000 12.000000000000 0.000389026846
29.000000000000 13.000000000000 0.000377939094
29.000000000000 14.000000000000 0.000366478765
29.000000000000 15.000000000000 0.000354731904
29.000000000000 16.000000000000 0.000342782046
29.000000000000 17.000000000000 0.000330709461
29.000000000000 18.000000000000 0.000318590570
29.000000000000 19.000000000000 0.000306497502
29.000000000000 20.000000000000 0.000294497778
29.000000000000 21.000000000000 0.000282654122
29.000000000000 22.000000000000 0.000271024380
29.000000000000 23.000000000000 0.000259661517
29.000000000000 24.000000000000 0.000248613697
29.000000000000 25.000000000000 0.000237924421
29.000000000000 26.000000000000 0.000227632707
29.000000000000 27.000000000000 0.000217773315
29.000000000000 28.000000000000 0.000208376982
29.000000000000 29.000000000000 0.000199470687
29.000000000000 30.000000000000 0.000191077910
29.000000000000 31.000000000000 0.000183218907
29.000000000000 32.000000000000 0.000175910964
29.000000000000 33.000000000000 0.000169168652
29.000000000000 34.000000000000 0.000163004068
29.000000000000 35.000000000000 0.000157427051
29.000000000000 36.000000000000 0.000152445385
29.000000000000 37.000000000000 0.000148064972
29.000000000000 38.000000000000 0.000144289984
29.000000000000 39.000000000000 0.000141122982
29.000000000000 40.000000000000 0.000138565010
29.000000000000 41.000000000000 0.000136615663
29.000000000000 42.000000000000 0.000133943960
29.000000000000 43.000000000000 0.000038398355
29.000000000000 44.000000000000 0.000009606900
29.000000000000 45.000000000000 0.000002128630
29.000000000000 46.000000000000 0.000000450660
29.000000000000 47.000000000000 0.000000051510
29.000000000000 48.000000000000 0.000000000220
29.000000000000 49.000000000000 0.000000000001
29.000000000000 50.000000000000 0.000000000000
29.000000000000 51.000000000000 0.000000000000

30.000000000000 -51.000000000000 0.000000000000
30.000000000000 -50.000000000000 0.000000000000
30.000000000000 -49.000000000000 0.000000000001
30.000000000000 -48.000000000000 0.000000000202
30.000000000000 -47.000000000000 0.000000047526
30.000000000000 -46.000000000000 0.000000419316
30.000000000000 -45.000000000000 0.000001995936
30.000000000000 -44.000000000000 0.000009079747
30.000000000000 -43.000000000000 0.000036598155
30.000000000000 -42.000000000000 0.000128803993
30.000000000000 -41.000000000000 0.000131408603
30.000000000000 -40.000000000000 0.000133289853
30.000000000000 -39.000000000000 0.000135745132
30.000000000000 -38.000000000000 0.000138774547
30.000000000000 -37.000000000000 0.000142376687
30.000000000000 -36.000000000000 0.000146548572
30.000000000000 -35.000000000000 0.000151285580
30.000000000000 -34.000000000000 0.000156581345
30.000000000000 -33.000000000000 0.000162427623
30.000000000000 -32.000000000000 0.000168814136
30.000000000000 -31.000000000000 0.000175728392
30.000000000000 -30.000000000000 0.000183155491
30.000000000000 -29.000000000000 0.000191077910
30.000000000000 -28.000000000000 0.000199475288
30.000000000000 -27.000000000000 0.000208324194
30.000000000000 -26.000000000000 0.000217597908
30.000000000000 -25.000000000000 0.000227266195
30.000000000000 -24.000000000000 0.000237295101
30.000000000000 -23.000000000000 0.000247646756
30.000000000000 -22.000000000000 0.000258279216
30.000000000000 -21.000000000000 0.000269146332
30.000000000000 -20.000000000000 0.000280197669
30.000000000000 -19.000000000000 0.000291378483
30.000000000000 -18.000000000000 0.000302629768
30.000000000000 -17.000000000000 0.000313888376
30.000000000000 -16.000000000000 0.000325087250
30.000000000000 -15.000000000000 0.000336155740
30.000000000000 -14.000000000000 0.000347020051
30.000000000000 -13.000000000000 0.000357603809
30.000000000000 -12.000000000000 0.000367828755
30.000000000000 -11.000000000000 0.000377615570
30.000000000000 -10.000000000000 0.000386884825
30.000000000000 -9.000000000000 0.000395558046
30.000000000000 -8.000000000000 0.000403558871
30.000000000000 -7.000000000000 0.000410814286
30.000000000000 -6.000000000000 0.000417255899
30.000000000000 -5.000000000000 0.000422821212
30.000000000000 -4.000000000000 0.000427454865
30.000000000000 -3.000000000000 0.000431109779
30.000000000000 -2.000000000000 0.000433748183
30.000000000000 -1.000000000000 0.000435342457
30.000000000000 0.000000000000 0.000435875767
30.000000000000 1.000000000000 0.000435342457
30.000000000000 2.000000000000 0.000433748183
30.000000000000 3.000000000000 0.000431109779
30.000000000000 4.000000000000 0.000427454865
30.000000000000 5.000000000000 0.000422821212
30.000000000000 6.000000000000 0.000417255899
30.000000000000 7.000000000000 0.000410814286
30.000000000000 8.000000000000 0.000403558871
30.000000000000 9.000000000000 0.000395558046
30.000000000000 10.000000000000 0.000386884825
30.000000000000 11.000000000000 0.000377615570
30.000000000000 12.000000000000 0.000367828755
30.000000000000 13.000000000000 0.000357603809
30.000000000000 14.000000000000 0.000347020051
30.000000000000 15.000000000000 0.000336155740
30.000000000000 16.000000000000 0.000325087250
30.000000000000 17.000000000000 0.000313888376
30.000000000000 18.000000000000 0.000302629768
30.000000000000 19.000000000000 0.000291378483
30.000000000000 20.000000000000 0.000280197669
30.000000000000 21.000000000000 0.000269146332
30.000000000000 22.000000000000 0.000258279216
30.000000000000 23.000000000000 0.000247646756
30.000000000000 24.000000000000 0.000237295101
30.000000000000 25.000000000000 0.000227266195
30.000000000000 26.000000000000 0.000217597908
30.000000000000 27.000000000000 0.000208324194
30.000000000000 28.000000000000 0.000199475288
30.000000000000 29.000000000000 0.000191077910
30.000000000000 30.000000000000 0.000183155491
30.000000000000 31.000000000000 0.000175728392
30.000000000000 32.000000000000 0.000168814136
30.000000000000 33.000000000000 0.000162427623
30.000000000000 34.000000000000 0.000156581345
30.000000000000 35.000000000000 0.000151285580
30.000000000000 36.000000000000 0.000146548572
30.000000000000 37.000000000000 0.000142376687
30.000000000000 38.000000000000 0.000138774547
30.000000000000 39.000000000000 0.000135745132
30.000000000000 40.000000000000 0.000133289853
30.000000000000 41.000000000000 0.000131408603
30.000000000000 42.000000000000 0.000128803993
30.000000000000 43.000000000000 0.000036598155
30.000000000000 44.000000000000 0.000009079747
30.000000000000 45.000000000000 0.000001995936
30.000000000000 46.000000000000 0.000000419316
30.000000000000 47.000000000000 0.000000047526
30.000000000000 48.000000000000 0.000000000202
30.000000000000 49.000000000000 0.000000000001
30.000000000000 50.000000000000 0.000000000000
30.000000000000 51.000000000000 0.000000000000

31.000000000000 -51.000000000000 0.000000000000
31.000000000000 -50.000000000000 0.000000000000
31.000000000000 -49.000000000000 0.000000000001
31.000000000000 -48.000000000000 0.000000000185
31.000000000000 -47.000000000000 0.000000043849
31.000000000000 -46.000000000000 0.000000390226
31.000000000000 -45.000000000000 0.000001872227
31.000000000000 -44.000000000000 0.000008586102
31.000000000000 -43.000000000000 0.000034904797
31.000000000000 -42.000000000000 0.000123946900
31.000000000000 -41.000000000000 0.000126487583
31.000000000000 -40.000000000000 0.000128305123
31.000000000000 -39.000000000000 0.000130664900
31.000000000000 -38.000000000000 0.000133566731
31.000000000000 -37.000000000000 0.000137008857
31.000000000000 -36.000000000000 0.000140987918
31.000000000000 -35.000000000000 0.000145498902
31.000000000000 -34.000000000000 0.000150535057
31.000000000000 -33.000000000000 0.000156087782
31.000000000000 -32.000000000000 0.000162146474
31.000000000000 -31.000000000000 0.000168698375
31.000000000000 -30.000000000000 0.000175728392
31.000000000000 -29.000000000000 0.000183218907
31.000000000000 -28.000000000000 0.000191149590
31.000000000000 -27.000000000000 0.000199497201
31.000000000000 -26.000000000000 0.000208235404
31.000000000000 -25.000000000000 0.000217334582
31.000000000000 -24.000000000000 0.000226761673
31.000000000000 -23.000000000000 0.000236480022
31.000000000000 -22.000000000000 0.000246449263
31.000000000000 -21.000000000000 0.000256625240
31.000000000000 -20.000000000000 0.000266959967
31.000000000000 -19.000000000000 0.000277401649
31.000000000000 -18.000000000000 0.000287894762
31.000000000000 -17.000000000000 0.000298380214
31.000000000000 -16.000000000000 0.000308795581
31.000000000000 -15.000000000000 0.000319075443
31.000000000000 -14.000000000000 0.000329151818
31.000000000000 -13.000000000000 0.000338954700
31.000000000000 -12.000000000000 0.000348412702
31.000000000000 -11.000000000000 0.000357453810
31.000000000000 -10.000000000000 0.000366006234
31.000000000000 -9.000000000000 0.000373999348
31.000000000000 -8.000000000000 0.000381364708
31.000000000000 -7.000000000000 0.000388037110
31.000000000000 -6.000000000000 0.000393955691
31.000000000000 -5.000000000000 0.000399065002
31.000000000000 -4.000000000000 0.000403316061
31.000000000000 -3.000000000000 0.000406667310
31.000000000000 -2.000000000000 0.000409085468
31.000000000000 -1.000000000000 0.000410546235
31.000000000000 0.000000000000 0.000411034813
31.000000000000 1.000000000000 0.000410546235
31.000000000000 2.000000000000 0.000409085468
31.000000000000 3.000000000000 0.000406667310
31.000000000000 4.000000000000 0.000403316061
31.000000000000 5.000000000000 0.000399065002
31.000000000000 6.000000000000 0.000393955691
31.000000000000 7.000000000000 0.000388037110
31.000000000000 8.000000000000 0.000381364708
31.000000000000 9.000000000000 0.000373999348
31.000000000000 10.000000000000 0.000366006234
31.000000000000 11.000000000000 0.000357453810
31.000000000000 12.000000000000 0.000348412702
31.000000000000 13.000000000000 0.000338954700
31.000000000000 14.000000000000 0.000329151818
31.000000000000 15.000000000000 0.000319075443
31.000000000000 16.000000000000 0.000308795581
31.000000000000 17.000000000000 0.000298380214
31.000000000000 18.000000000000 0.000287894762
31.000000000000 19.000000000000 0.000277401649
31.000000000000 20.000000000000 0.000266959967
31.000000000000 21.000000000000 0.000256625240
31.000000000000 22.000000000000 0.000246449263
31.000000000000 23.000000000000 0.000236480022
31.000000000000 24.000000000000 0.000226761673
31.000000000000 25.000000000000 0.000217334582
31.000000000000 26.000000000000 0.000208235404
31.000000000000 27.000000000000 0.000199497201
31.000000000000 28.000000000000 0.000191149590
31.000000000000 29.000000000000 0.000183218907
31.000000000000 30.000000000000 0.000175728392
31.000000000000 31.000000000000 0.000168698375
31.000000000000 32.000000000000 0.000162146474
31.000000000000 33.000000000000 0.000156087782
31.000000000000 34.000000000000 0.000150535057
31.000000000000 35.000000000000 0.000145498902
31.000000000000 36.000000000000 0.000140987918
31.000000000000 37.000000000000 0.000137008857
31.000000000000 38.000000000000 0.000133566731
31.000000000000 39.000000000000 0.000130664900
31.000000000000 40.000000000000 0.000128305123
31.000000000000 41.000000000000 0.000126487583
31.000000000000 42.000000000000 0.000123946900
31.000000000000 43.000000000000 0.000034904797
31.000000000000 44.000000000000 0.000008586102
31.000000000000 45.000000000000 0.000001872227
31.000000000000 46.000000000000 0.000000390226
31.000000000000 47.000000000000 0.000000043849
31.000000000000 48.000000000000 0.000000000185
31.000000000000 49.000000000000 0.000000000001
31.000000000000 50.000000000000 0.000000000000
31.000000000000 51.000000000000 0.000000000000

32.000000000000 -51.000000000000 0.000000000000
32.000000000000 -50.000000000000 0.000000000000
32.000000000000 -49.000000000000 0.000000000001
32.000000000000 -48.000000000000 0.000000000169
32.000000000000 -47.000000000000 0.000000040477
32.000000000000 -46.000000000000 0.000000363409
32.000000000000 -45.000000000000 0.000001757668
32.000000000000 -44.000000000000 0.000008126952
32.000000000000 -43.000000000000 0.000033322690
32.000000000000 -42.000000000000 0.000119387826
32.000000000000 -41.000000000000 0.000121867987
32.000000000000 -40.000000000000 0.000123626407
32.000000000000 -39.000000000000 0.000125898139
32.000000000000 -38.000000000000 0.000128682694
32.000000000000 -37.000000000000 0.000131977959
32.000000000000 -36.000000000000 0.000135780208
32.000000000000 -35.000000000000 0.000140084080
32.000000000000 -34.000000000000 0.000144882508
32.000000000000 -33.000000000000 0.000150166614
32.000000000000 -32.000000000000 0.000155925575
32.000000000000 -31.000000000000 0.000162146474
32.000000000000 -30.000000000000 0.000168814136
32.000000000000 -29.000000000000 0.000175910964
32.000000000000 -28.000000000000 0.000183416769
32.000000000000 -27.000000000000 0.000191308606
32.000000000000 -26.000000000000 0.000199560610
32.000000000000 -25.000000000000 0.000208143856
32.000000000000 -24.000000000000 0.000217026223
32.000000000000 -23.000000000000 0.000226172287
32.000000000000 -22.000000000000 0.000235543241
32.000000000000 -21.000000000000 0.000245096855
32.000000000000 -20.000000000000 0.000254787468
32.000000000000 -19.000000000000 0.000264566047
32.000000000000 -18.000000000000 0.000274380293
32.000000000000 -17.000000000000 0.000284174819
32.000000000000 -16.000000000000 0.000293891404
32.000000000000 -15.000000000000 0.000303469325
32.000000000000 -14.000000000000 0.000312845777
32.000000000000 -13.000000000000 0.000321956381
32.000000000000 -12.000000000000 0.000330735783
32.000000000000 -11.000000000000 0.000339118337
32.000000000000 -10.000000000000 0.000347038869
32.000000000000 -9.000000000000 0.000354433514
32.000000000000 -8.000000000000 0.000361240607
32.000000000000 -7.000000000000 0.000367401603
32.000000000000 -6.000000000000 0.000372862025
32.000000000000 -5.000000000000 0.000377572382
32.000000000000 -4.000000000000 0.000381489061
32.000000000000 -3.000000000000 0.000384575138
32.000000000000 -2.000000000000 0.000386801096
32.000000000000 -1.000000000000 0.000388145408
32.000000000000 0.000000000000 0.000388594977
32.000000000000 1.000000000000 0.000388145408
32.000000000000 2.000000000000 0.000386801096
32.000000000000 3.000000000000 0.000384575138
32.000000000000 4.000000000000 0.000381489061
32.000000000000 5.000000000000 0.000377572382
32.000000000000 6.000000000000 0.000372862025
32.000000000000 7.000000000000 0.000367401603
32.000000000000 8.000000000000 0.000361240607
32.000000000000 9.000000000000 0.000354433514
32.000000000000 10.000000000000 0.000347038869
32.000000000000 11.000000000000 0.000339118337
32.000000000000 12.000000000000 0.000330735783
32.000000000000 13.000000000000 0.000321956381
32.000000000000 14.000000000000 0.000312845777
32.000000000000 15.000000000000 0.000303469325
32.000000000000 16.000000000000 0.000293891404
32.000000000000 17.000000000000 0.000284174819
32.000000000000 18.000000000000 0.000274380293
32.000000000000 19.000000000000 0.000264566047
32.000000000000 20.000000000000 0.000254787468
32.000000000000 21.000000000000 0.000245096855
32.000000000000 22.000000000000 0.000235543241
32.000000000000 23.000000000000 0.000226172287
32.000000000000 24.000000000000 0.000217026223
32.000000000000 25.000000000000 0.000208143856
32.000000000000 26.000000000000 0.000199560610
32.000000000000 27.000000000000 0.000191308606
32.000000000000 28.000000000000 0.000183416769
32.000000000000 29.000000000000 0.000175910964
32.000000000000 30.000000000000 0.000168814136
32.000000000000 31.000000000000 0.000162146474
32.000000000000 32.000000000000 0.000155925575
32.000000000000 33.000000000000 0.000150166614
32.000000000000 34.000000000000 0.000144882508
32.000000000000 35.000000000000 0.000140084080
32.000000000000 36.000000000000 0.000135780208
32.000000000000 37.000000000000 0.000131977959
32.000000000000 38.000000000000 0.000128682694
32.000000000000 39.000000000000 0.000125898139
32.000000000000 40.000000000000 0.000123626407
32.000000000000 41.000000000000 0.000121867987
32.000000000000 42.000000000000 0.000119387826
32.000000000000 43.000000000000 0.000033322690
32.000000000000 44.000000000000 0.000008126952
32.000000000000 45.000000000000 0.000001757668
32.000000000000 46.000000000000 0.000000363409
32.000000000000 47.000000000000 0.000000040477
32.000000000000 48.000000000000 0.000000000169
32.000000000000 49.000000000000 0.000000000001
32.000000000000 50.000000000000 0.000000000000
32.000000000000 51.000000000000 0.000000000000

33.000000000000 -51.000000000000 0.000000000000
33.000000000000 -50.000000000000 0.000000000000
33.000000000000 -49.000000000000 0.000000000001
33.000000000000 -48.000000000000 0.000000000155
33.000000000000 -47.000000000000 0.000000037407
33.000000000000 -46.000000000000 0.000000338868
33.000000000000 -45.000000000000 0.000001652367
33.000000000000 -44.000000000000 0.000007703063
33.000000000000 -43.000000000000 0.000031855495
33.000000000000 -42.000000000000 0.000115139827
33.000000000000 -41.000000000000 0.000117563088
33.000000000000 -40.000000000000 0.000119267189
33.000000000000 -39.000000000000 0.000121458619
33.000000000000 -38.000000000000 0.000124136523
33.000000000000 -37.000000000000 0.000127298388
33.000000000000 -36.000000000000 0.000130940113
33.000000000000 -35.000000000000 0.000135056013
33.000000000000 -34.000000000000 0.000139638761
33.000000000000 -33.000000000000 0.000144679280
33.000000000000 -32.000000000000 0.000150166614
33.000000000000 -31.000000000000 0.000156087782
33.000000000000 -30.000000000000 0.000162427623
33.000000000000 -29.000000000000 0.000169168652
33.000000000000 -28.000000000000 0.000176290906
33.000000000000 -27.000000000000 0.000183771804
33.000000000000 -26.000000000000 0.000191586013
33.000000000000 -25.000000000000 0.000199705336
33.000000000000 -24.000000000000 0.000208098605
33.000000000000 -23.000000000000 0.000216731609
33.000000000000 -22.000000000000 0.000225567043
33.000000000000 -21.000000000000 0.000234564499
33.000000000000 -20.000000000000 0.000243680490
33.000000000000 -19.000000000000 0.000252868531
33.000000000000 -18.000000000000 0.000262079265
33.000000000000 -17.000000000000 0.000271260659
33.000000000000 -16.000000000000 0.000280358261
33.000000000000 -15.000000000000 0.000289315526
33.000000000000 -14.000000000000 0.000298074223
33.000000000000 -13.000000000000 0.000306574911
33.000000000000 -12.000000000000 0.000314757494
33.000000000000 -11.000000000000 0.000322561844
33.000000000000 -10.000000000000 0.000329928490
33.000000000000 -9.000000000000 0.000336799365
33.000000000000 -8.000000000000 0.000343118586
33.000000000000 -7.000000000000 0.000348833267
33.000000000000 -6.000000000000 0.000353894331
33.000000000000 -5.000000000000 0.000358257312
33.000000000000 -4.000000000000 0.000361883111
33.000000000000 -3.000000000000 0.000364738688
33.000000000000 -2.000000000000 0.000366797672
33.000000000000 -1.000000000000 0.000368040852
33.000000000000 0.000000000000 0.000368456551
33.000000000000 1.000000000000 0.000368040852
33.000000000000 2.000000000000 0.000366797672
33.000000000000 3.000000000000 0.000364738688
33.000000000000 4.000000000000 0.000361883111
33.000000000000 5.000000000000 0.000358257312
33.000000000000 6.000000000000 0.000353894331
33.000000000000 7.000000000000 0.000348833267
33.000000000000 8.000000000000 0.000343118586
33.000000000000 9.000000000000 0.000336799365
33.000000000000 10.000000000000 0.000329928490
33.000000000000 11.000000000000 0.000322561844
33.000000000000 12.000000000000 0.000314757494
33.000000000000 13.000000000000 0.000306574911
33.000000000000 14.000000000000 0.000298074223
33.000000000000 15.000000000000 0.000289315526
33.000000000000 16.000000000000 0.000280358261
33.000000000000 17.000000000000 0.000271260659
33.000000000000 18.000000000000 0.000262079265
33.000000000000 19.000000000000 0.000252868531
33.000000000000 20.000000000000 0.000243680490
33.000000000000 21.000000000000 0.000234564499
33.000000000000 22.000000000000 0.000225567043
33.000000000000 23.000000000000 0.000216731609
33.000000000000 24.000000000000 0.000208098605
33.000000000000 25.000000000000 0.000199705336
33.000000000000 26.000000000000 0.000191586013
33.000000000000 27.000000000000 0.000183771804
33.000000000000 28.000000000000 0.000176290906
33.000000000000 29.000000000000 0.000169168652
33.000000000000 30.000000000000 0.000162427623
33.000000000000 31.000000000000 0.000156087782
33.000000000000 32.000000000000 0.000150166614
33.000000000000 33.000000000000 0.000144679280
33.000000000000 34.000000000000 0.000139638761
33.000000000000 35.000000000000 0.000135056013
33.000000000000 36.000000000000 0.000130940113
33.000000000000 37.000000000000 0.000127298388
33.000000000000 38.000000000000 0.000124136523
33.000000000000 39.000000000000 0.000121458619
33.000000000000 40.000000000000 0.000119267189
33.000000000000 41.000000000000 0.000117563088
33.000000000000 42.000000000000 0.000115139827
33.000000000000 43.000000000000 0.000031855495
33.000000000000 44.000000000000 0.000007703063
33.000000000000 45.000000000000 0.000001652367
33.000000000000 46.000000000000 0.000000338868
33.000000000000 47.000000000000 0.000000037407
33.000000000000 48.000000000000 0.000000000155
33.000000000000 49.000000000000 0.000000000001
33.000000000000 50.000000000000 0.000000000000
33.000000000000 51.000000000000 0.000000000000

34.000000000000 -51.000000000000 0.000000000000
34.000000000000 -50.000000000000 0.000000000000
34.000000000000 -49.000000000000 0.000000000001
34.000000000000 -48.000000000000 0.000000000142
34.000000000000 -47.000000000000 0.000000034635
34.000000000000 -46.000000000000 0.000000316594
34.000000000000 -45.000000000000 0.000001556380
34.000000000000 -44.000000000000 0.000007314985
34.000000000000 -43.000000000000 0.000030506134
34.000000000000 -42.000000000000 0.000111213830
34.000000000000 -41.000000000000 0.000113583998
34.000000000000 -40.000000000000 0.000115238835
34.000000000000 -39.000000000000 0.000117358058
34.000000000000 -38.000000000000 0.000119940306
34.000000000000 -37.000000000000 0.000122982563
34.000000000000 -36.000000000000 0.000126480311
34.000000000000 -35.000000000000 0.000130427561
34.000000000000 -34.000000000000 0.000134816776
34.000000000000 -33.000000000000 0.000139638761
34.000000000000 -32.000000000000 0.000144882508
34.000000000000 -31.000000000000 0.000150535057
34.000000000000 -30.000000000000 0.000156581345
34.000000000000 -29.000000000000 0.000163004068
34.000000000000 -28.000000000000 0.000169783550
34.000000000000 -27.000000000000 0.000176897622
34.000000000000 -26.000000000000 0.000184321515
34.000000000000 -25.000000000000 0.000192027764
34.000000000000 -24.000000000000 0.000199986138
34.000000000000 -23.000000000000 0.000208163588
34.000000000000 -22.000000000000 0.000216524225
34.000000000000 -21.000000000000 0.000225029335
34.000000000000 -20.000000000000 0.000233637427
34.000000000000 -19.000000000000 0.000242304329
34.000000000000 -18.000000000000 0.000250983337
34.000000000000 -17.000000000000 0.000259625412
34.000000000000 -16.000000000000 0.000268179441
34.000000000000 -15.000000000000 0.000276592559
34.000000000000 -14.000000000000 0.000284810534
34.000000000000 -13.000000000000 0.000292778220
34.000000000000 -12.000000000000 0.000300440067
34.000000000000 -11.000000000000 0.000307740692
34.000000000000 -10.000000000000 0.000314625508
34.000000000000 -9.000000000000 0.000321041381
34.000000000000 -8.000000000000 0.000326937338
34.000000000000 -7.000000000000 0.000332265271
34.000000000000 -6.000000000000 0.000336980654
34.000000000000 -5.000000000000 0.000341043237
34.000000000000 -4.000000000000 0.000344417697
34.000000000000 -3.000000000000 0.000347074240
34.000000000000 -2.000000000000 0.000348989117
34.000000000000 -1.000000000000 0.000350145045
34.000000000000 0.000000000000 0.000350531528
34.000000000000 1.000000000000 0.000350145045
34.000000000000 2.000000000000 0.000348989117
34.000000000000 3.000000000000 0.000347074240
34.000000000000 4.000000000000 0.000344417697
34.000000000000 5.000000000000 0.000341043237
34.000000000000 6.000000000000 0.000336980654
34.000000000000 7.000000000000 0.000332265271
34.000000000000 8.000000000000 0.000326937338
34.000000000000 9.000000000000 0.000321041381
34.000000000000 10.000000000000 0.000314625508
34.000000000000 11.000000000000 0.000307740692
34.000000000000 12.000000000000 0.000300440067
34.000000000000 13.000000000000 0.000292778220
34.000000000000 14.000000000000 0.000284810534
34.000000000000 15.000000000000 0.000276592559
34.000000000000 16.000000000000 0.000268179441
34.000000000000 17.000000000000 0.000259625412
34.000000000000 18.000000000000 0.000250983337
34.000000000000 19.000000000000 0.000242304329
34.000000000000 20.000000000000 0.000233637427
34.000000000000 21.000000000000 0.000225029335
34.000000000000 22.000000000000 0.000216524225
34.000000000000 23.000000000000 0.000208163588
34.000000000000 24.000000000000 0.000199986138
34.000000000000 25.000000000000 0.000192027764
34.000000000000 26.000000000000 0.000184321515
34.000000000000 27.000000000000 0.000176897622
34.000000000000 28.000000000000 0.000169783550
34.000000000000 29.000000000000 0.000163004068
34.000000000000 30.000000000000 0.000156581345
34.000000000000 31.000000000000 0.000150535057
34.000000000000 32.000000000000 0.000144882508
34.000000000000 33.000000000000 0.000139638761
34.000000000000 34.000000000000 0.000134816776
34.000000000000 35.000000000000 0.000130427561
34.000000000000 36.000000000000 0.000126480311
34.000000000000 37.000000000000 0.000122982563
34.000000000000 38.000000000000 0.000119940306
34.000000000000 39.000000000000 0.000117358058
34.000000000000 40.000000000000 0.000115238835
34.000000000000 41.000000000000 0.000113583998
34.000000000000 42.000000000000 0.000111213830
34.000000000000 43.000000000000 0.000030506134
34.000000000000 44.000000000000 0.000007314985
34.000000000000 45.000000000000 0.000001556380
34.000000000000 46.000000000000 0.000000316594
34.000000000000 47.000000000000 0.000000034635
34.000000000000 48.000000000000 0.000000000142
34.000000000000 49.000000000000 0.000000000001
34.000000000000 50.000000000000 0.000000000000
34.000000000000 51.000000000000 0.000000000000

35.000000000000 -51.000000000000 0.000000000000
35.000000000000 -50.000000000000 0.000000000000
35.000000000000 -49.000000000000 0.000000000000
35.000000000000 -48.000000000000 0.000000000131
35.000000000000 -47.000000000000 0.000000032155
35.000000000000 -46.000000000000 0.000000296570
35.000000000000 -45.000000000000 0.000001469711
35.000000000000 -44.000000000000 0.000006963055
35.000000000000 -43.000000000000 0.000029276768
35.000000000000 -42.000000000000 0.000107618526
35.000000000000 -41.000000000000 0.000109939566
35.000000000000 -40.000000000000 0.000111550553
35.000000000000 -39.000000000000 0.000113606159
35.000000000000 -38.000000000000 0.000116104228
35.000000000000 -37.000000000000 0.000119041051
35.000000000000 -36.000000000000 0.000122411629
35.000000000000 -35.000000000000 0.000126209689
35.000000000000 -34.000000000000 0.000130427561
35.000000000000 -33.000000000000 0.000135056013
35.000000000000 -32.000000000000 0.000140084080
35.000000000000 -31.000000000000 0.000145498902
35.000000000000 -30.000000000000 0.000151285580
35.000000000000 -29.000000000000 0.000157427051
35.000000000000 -28.000000000000 0.000163903967
35.000000000000 -27.000000000000 0.000170694597
35.000000000000 -26.000000000000 0.000177774736
35.000000000000 -25.000000000000 0.000185117641
35.000000000000 -24.000000000000 0.000192693970
35.000000000000 -23.000000000000 0.000200471763
35.000000000000 -22.000000000000 0.000208416437
35.000000000000 -21.000000000000 0.000216490821
35.000000000000 -20.000000000000 0.000224655222
35.000000000000 -19.000000000000 0.000232867539
35.000000000000 -18.000000000000 0.000241083416
35.000000000000 -17.000000000000 0.000249256451
35.000000000000 -16.000000000000 0.000257338451
35.000000000000 -15.000000000000 0.000265279748
35.000000000000 -14.000000000000 0.000273029568
35.000000000000 -13.000000000000 0.000280536453
35.000000000000 -12.000000000000 0.000287748741
35.000000000000 -11.000000000000 0.000294615091
35.000000000000 -10.000000000000 0.000301085051
35.000000000000 -9.000000000000 0.000307109657
35.000000000000 -8.000000000000 0.000312642061
35.000000000000 -7.000000000000 0.000317638160
35.000000000000 -6.000000000000 0.000322057230
35.000000000000 -5.000000000000 0.000325862533
35.000000000000 -4.000000000000 0.000329021888
35.000000000000 -3.000000000000 0.000331508190
35.000000000000 -2.000000000000 0.000333299861
35.000000000000 -1.000000000000 0.000334381216
35.000000000000 0.000000000000 0.000334742732
35.000000000000 1.000000000000 0.000334381216
35.000000000000 2.000000000000 0.000333299861
35.000000000000 3.000000000000 0.000331508190
35.000000000000 4.000000000000 0.000329021888
35.000000000000 5.000000000000 0.000325862533
35.000000000000 6.000000000000 0.000322057230
35.000000000000 7.000000000000 0.000317638160
35.000000000000 8.000000000000 0.000312642061
35.000000000000 9.000000000000 0.000307109657
35.000000000000 10.000000000000 0.000301085051
35.000000000000 11.000000000000 0.000294615091
35.000000000000 12.000000000000 0.000287748741
35.000000000000 13.000000000000 0.000280536453
35.000000000000 14.000000000000 0.000273029568
35.000000000000 15.000000000000 0.000265279748
35.000000000000 16.000000000000 0.000257338451
35.000000000000 17.000000000000 0.000249256451
35.000000000000 18.000000000000 0.000241083416
35.000000000000 19.000000000000 0.000232867539
35.000000000000 20.000000000000 0.000224655222
35.000000000000 21.000000000000 0.000216490821
35.000000000000 22.000000000000 0.000208416437
35.000000000000 23.000000000000 0.000200471763
35.000000000000 24.000000000000 0.000192693970
35.000000000000 25.000000000000 0.000185117641
35.000000000000 26.000000000000 0.000177774736
35.000000000000 27.000000000000 0.000170694597
35.000000000000 28.000000000000 0.000163903967
35.000000000000 29.000000000000 0.000157427051
35.000000000000 30.000000000000 0.000151285580
35.000000000000 31.000000000000 0.000145498902
35.000000000000 32.000000000000 0.000140084080
35.000000000000 33.000000000000 0.000135056013
35.000000000000 34.000000000000 0.000130427561
35.000000000000 35.000000000000 0.000126209689
35.000000000000 36.000000000000 0.000122411629
35.000000000000 37.000000000000 0.000119041051
35.000000000000 38.000000000000 0.000116104228
35.000000000000 39.000000000000 0.000113606159
35.000000000000 40.000000000000 0.000111550553
35.000000000000 41.000000000000 0.000109939566
35.000000000000 42.000000000000 0.000107618526
35.000000000000 43.000000000000 0.000029276768
35.000000000000 44.000000000000 0.000006963055
35.000000000000 45.000000000000 0.000001469711
35.000000000000 46.000000000000 0.000000296570
35.000000000000 47.000000000000 0.000000032155
35.000000000000 48.000000000000 0.000000000131
35.000000000000 49.000000000000 0.000000000000
35.000000000000 50.000000000000 0.000000000000
35.000000000000 51.000000000000 0.000000000000

36.000000000000 -51.000000000000 0.000000000000
36.000000000000 -50.000000000000 0.000000000000
36.000000000000 -49.000000000000 0.000000000000
36.000000000000 -48.000000000000 0.000000000121
36.000000000000 -47.000000000000 0.000000029960
36.000000000000 -46.000000000000 0.000000278756
36.000000000000 -45.000000000000 0.000001392289
36.000000000000 -44.000000000000 0.000006647326
36.000000000000 -43.000000000000 0.000028168663
36.000000000000 -42.000000000000 0.000104360141
36.000000000000 -41.000000000000 0.000106636137
36.000000000000 -40.000000000000 0.000108209300
36.000000000000 -39.000000000000 0.000110210677
36.000000000000 -38.000000000000 0.000112636729
36.000000000000 -37.000000000000 0.000115482753
36.000000000000 -36.000000000000 0.000118743214
36.000000000000 -35.000000000000 0.000122411629
36.000000000000 -34.000000000000 0.000126480311
36.000000000000 -33.000000000000 0.000130940113
36.000000000000 -32.000000000000 0.000135780208
36.000000000000 -31.000000000000 0.000140987918
36.000000000000 -30.000000000000 0.000146548572
36.000000000000 -29.000000000000 0.000152445385
36.000000000000 -28.000000000000 0.000158659362
36.000000000000 -27.000000000000 0.000165169216
36.000000000000 -26.000000000000 0.000171951294
36.000000000000 -25.000000000000 0.000178979529
36.000000000000 -24.000000000000 0.000186225409
36.000000000000 -23.000000000000 0.000193657967
36.000000000000 -22.000000000000 0.000201243797
36.000000000000 -21.000000000000 0.000208947102
36.000000000000 -20.000000000000 0.000216729780
36.000000000000 -19.000000000000 0.000224551543
36.000000000000 -18.000000000000 0.000232370080
36.000000000000 -17.000000000000 0.000240141267
36.000000000000 -16.000000000000 0.000247819422
36.000000000000 -15.000000000000 0.000255357609
36.000000000000 -14.000000000000 0.000262707994
36.000000000000 -13.000000000000 0.000269822244
36.000000000000 -12.000000000000 0.000276651972
36.000000000000 -11.000000000000 0.000283149229
36.000000000000 -10.000000000000 0.000289267020
36.000000000000 -9.000000000000 0.000294959853
36.000000000000 -8.000000000000 0.000300184306
36.000000000000 -7.000000000000 0.000304899592
36.000000000000 -6.000000000000 0.000309068125
36.000000000000 -5.000000000000 0.000312656059
36.000000000000 -4.000000000000 0.000315633794
36.000000000000 -3.000000000000 0.000317976431
36.000000000000 -2.000000000000 0.000319664173
36.000000000000 -1.000000000000 0.000320682638
36.000000000000 0.000000000000 0.000321023101
36.000000000000 1.000000000000 0.000320682638
36.000000000000 2.000000000000 0.000319664173
36.000000000000 3.000000000000 0.000317976431
36.000000000000 4.000000000000 0.000315633794
36.000000000000 5.000000000000 0.000312656059
36.000000000000 6.000000000000 0.000309068125
36.000000000000 7.000000000000 0.000304899592
36.000000000000 8.000000000000 0.000300184306
36.000000000000 9.000000000000 0.000294959853
36.000000000000 10.000000000000 0.000289267020
36.000000000000 11.000000000000 0.000283149229
36.000000000000 12.000000000000 0.000276651972
36.000000000000 13.000000000000 0.000269822244
36.000000000000 14.000000000000 0.000262707994
36.000000000000 15.000000000000 0.000255357609
36.000000000000 16.000000000000 0.000247819422
36.000000000000 17.000000000000 0.000240141267
36.000000000000 18.000000000000 0.000232370080
36.000000000000 19.000000000000 0.000224551543
36.000000000000 20.000000000000 0.000216729780
36.000000000000 21.000000000000 0.000208947102
36.000000000000 22.000000000000 0.000201243797
36.000000000000 23.000000000000 0.000193657967
36.000000000000 24.000000000000 0.000186225409
36.000000000000 25.000000000000 0.000178979529
36.000000000000 26.000000000000 0.000171951294
36.000000000000 27.000000000000 0.000165169216
36.000000000000 28.000000000000 0.000158659362
36.000000000000 29.000000000000 0.000152445385
36.000000000000 30.000000000000 0.000146548572
36.000000000000 31.000000000000 0.000140987918
36.000000000000 32.000000000000 0.000135780208
36.000000000000 33.000000000000 0.000130940113
36.000000000000 34.000000000000 0.000126480311
36.000000000000 35.000000000000 0.000122411629
36.000000000000 36.000000000000 0.000118743214
36.000000000000 37.000000000000 0.000115482753
36.000000000000 38.000000000000 0.000112636729
36.000000000000 39.000000000000 0.000110210677
36.000000000000 40.000000000000 0.000108209300
36.000000000000 41.000000000000 0.000106636137
36.000000000000 42.000000000000 0.000104360141
36.000000000000 43.000000000000 0.000028168663
36.000000000000 44.000000000000 0.000006647326
36.000000000000 45.000000000000 0.000001392289
36.000000000000 46.000000000000 0.000000278756
36.000000000000 47.000000000000 0.000000029960
36.000000000000 48.000000000000 0.000000000121
36.000000000000 49.000000000000 0.000000000000
36.000000000000 50.000000000000 0.000000000000
36.000000000000 51.000000000000 0.000000000000

37.000000000000 -51.000000000000 0.000000000000
37.000000000000 -50.000000000000 0.000000000000
37.000000000000 -49.000000000000 0.000000000000
37.000000000000 -48.000000000000 0.000000000112
37.000000000000 -47.000000000000 0.000000028039
37.000000000000 -46.000000000000 0.000000263045
37.000000000000 -45.000000000000 0.000001323792
37.000000000000 -44.000000000000 0.000006367095
37.000000000000 -43.000000000000 0.000027181381
37.000000000000 -42.000000000000 0.000101441919
37.000000000000 -41.000000000000 0.000103677042
37.000000000000 -40.000000000000 0.000105219635
37.000000000000 -39.000000000000 0.000107177570
37.000000000000 -38.000000000000 0.000109544768
37.000000000000 -37.000000000000 0.000112315164
37.000000000000 -36.000000000000 0.000115482753
37.000000000000 -35.000000000000 0.000119041051
37.000000000000 -34.000000000000 0.000122982563
37.000000000000 -33.000000000000 0.000127298388
37.000000000000 -32.000000000000 0.000131977959
37.000000000000 -31.000000000000 0.000137008857
37.000000000000 -30.000000000000 0.000142376687
37.000000000000 -29.000000000000 0.000148064972
37.000000000000 -28.000000000000 0.000154055077
37.000000000000 -27.000000000000 0.000160326144
37.000000000000 -26.000000000000 0.000166855037
37.000000000000 -25.000000000000 0.000173616315
37.000000000000 -24.000000000000 0.000180582209
37.000000000000 -23.000000000000 0.000187722633
37.000000000000 -22.000000000000 0.000195005214
37.000000000000 -21.000000000000 0.000202395351
37.000000000000 -20.000000000000 0.000209856313
37.000000000000 -19.000000000000 0.000217349362
37.000000000000 -18.000000000000 0.000224833925
37.000000000000 -17.000000000000 0.000232267804
37.000000000000 -16.000000000000 0.000239607426
37.000000000000 -15.000000000000 0.000246808141
37.000000000000 -14.000000000000 0.000253824561
37.000000000000 -13.000000000000 0.000260610941
37.000000000000 -12.000000000000 0.000267121600
37.000000000000 -11.000000000000 0.000273311376
37.000000000000 -10.000000000000 0.000279136109
37.000000000000 -9.000000000000 0.000284553143
37.000000000000 -8.000000000000 0.000289521846
37.000000000000 -7.000000000000 0.000294004125
37.000000000000 -6.000000000000 0.000297964937
37.000000000000 -5.000000000000 0.000301372773
37.000000000000 -4.000000000000 0.000304200117
37.000000000000 -3.000000000000 0.000306423851
37.000000000000 -2.000000000000 0.000308025606
37.000000000000 -1.000000000000 0.000308992051
37.000000000000 0.000000000000 0.000309315103
37.000000000000 1.000000000000 0.000308992051
37.000000000000 2.000000000000 0.000308025606
37.000000000000 3.000000000000 0.000306423851
37.000000000000 4.000000000000 0.000304200117
37.000000000000 5.000000000000 0.000301372773
37.000000000000 6.000000000000 0.000297964937
37.000000000000 7.000000000000 0.000294004125
37.000000000000 8.000000000000 0.000289521846
37.000000000000 9.000000000000 0.000284553143
37.000000000000 10.000000000000 0.000279136109
37.000000000000 11.000000000000 0.000273311376
37.000000000000 12.000000000000 0.000267121600
37.000000000000 13.000000000000 0.000260610941
37.000000000000 14.000000000000 0.000253824561
37.000000000000 15.000000000000 0.000246808141
37.000000000000 16.000000000000 0.000239607426
37.000000000000 17.000000000000 0.000232267804
37.000000000000 18.000000000000 0.000224833925
37.000000000000 19.000000000000 0.000217349362
37.000000000000 20.000000000000 0.000209856313
37.000000000000 21.000000000000 0.000202395351
37.000000000000 22.000000000000 0.000195005214
37.000000000000 23.000000000000 0.000187722633
37.000000000000 24.000000000000 0.000180582209
37.000000000000 25.000000000000 0.000173616315
37.000000000000 26.000000000000 0.000166855037
37.000000000000 27.000000000000 0.000160326144
37.000000000000 28.000000000000 0.000154055077
37.000000000000 29.000000000000 0.000148064972
37.000000000000 30.000000000000 0.000142376687
37.000000000000 31.000000000000 0.000137008857
37.000000000000 32.000000000000 0.000131977959
37.000000000000 33.000000000000 0.000127298388
37.000000000000 34.000000000000 0.000122982563
37.000000000000 35.000000000000 0.000119041051
37.000000000000 36.000000000000 0.000115482753
37.000000000000 37.000000000000 0.000112315164
37.000000000000 38.000000000000 0.000109544768
37.000000000000 39.000000000000 0.000107177570
37.000000000000 40.000000000000 0.000105219635
37.000000000000 41.000000000000 0.000103677042
37.000000000000 42.000000000000 0.000101441919
37.000000000000 43.000000000000 0.000027181381
37.000000000000 44.000000000000 0.000006367095
37.000000000000 45.000000000000 0.000001323792
37.000000000000 46.000000000000 0.000000263045
37.000000000000 47.000000000000 0.000000028039
37.000000000000 48.000000000000 0.000000000112
37.000000000000 49.000000000000 0.000000000000
37.000000000000 50.000000000000 0.000000000000
37.000000000000 51.000000000000 0.000000000000

38.000000000000 -51.000000000000 0.000000000000
38.000000000000 -50.000000000000 0.000000000000
38.000000000000 -49.000000000000 0.000000000000
38.000000000000 -48.000000000000 0.000000000104
38.000000000000 -47.000000000000 0.000000026350
38.000000000000 -46.000000000000 0.000000249009
38.000000000000 -45.000000000000 0.000001262717
38.000000000000 -44.000000000000 0.000006118125
38.000000000000 -43.000000000000 0.000026307821
38.000000000000 -42.000000000000 0.000098862925
38.000000000000 -41.000000000000 0.000101061424
38.000000000000 -40.000000000000 0.000102583573
38.000000000000 -39.000000000000 0.000104511434
38.000000000000 -38.000000000000 0.000106834342
38.000000000000 -37.000000000000 0.000109544768
38.000000000000 -36.000000000000 0.000112636729
38.000000000000 -35.000000000000 0.000116104228
38.000000000000 -34.000000000000 0.000119940306
38.000000000000 -33.000000000000 0.000124136523
38.000000000000 -32.000000000000 0.000128682694
38.000000000000 -31.000000000000 0.000133566731
38.000000000000 -30.000000000000 0.000138774547
38.000000000000 -29.000000000000 0.000144289984
38.000000000000 -28.000000000000 0.000150094755
38.000000000000 -27.000000000000 0.000156168402
38.000000000000 -26.000000000000 0.000162488259
38.000000000000 -25.000000000000 0.000169029433
38.000000000000 -24.000000000000 0.000175764806
38.000000000000 -23.000000000000 0.000182665047
38.000000000000 -22.000000000000 0.000189698661
38.000000000000 -21.000000000000 0.000196832053
38.000000000000 -20.000000000000 0.000204029634
38.000000000000 -19.000000000000 0.000211253951
38.000000000000 -18.000000000000 0.000218465865
38.000000000000 -17.000000000000 0.000225624751
38.000000000000 -16.000000000000 0.000232688755
38.000000000000 -15.000000000000 0.000239615079
38.000000000000 -14.000000000000 0.000246360309
38.000000000000 -13.000000000000 0.000252880780
38.000000000000 -12.000000000000 0.000259132977
38.000000000000 -11.000000000000 0.000265073962
38.000000000000 -10.000000000000 0.000270661828
38.000000000000 -9.000000000000 0.000275856169
38.000000000000 -8.000000000000 0.000280618560
38.000000000000 -7.000000000000 0.000284913033
38.000000000000 -6.000000000000 0.000288706545
38.000000000000 -5.000000000000 0.000291969426
38.000000000000 -4.000000000000 0.000294675793
38.000000000000 -3.000000000000 0.000296803920
38.000000000000 -2.000000000000 0.000298336560
38.000000000000 -1.000000000000 0.000299261203
38.000000000000 0.000000000000 0.000299570265
38.000000000000 1.000000000000 0.000299261203
38.000000000000 2.000000000000 0.000298336560
38.000000000000 3.000000000000 0.000296803920
38.000000000000 4.000000000000 0.000294675793
38.000000000000 5.000000000000 0.000291969426
38.000000000000 6.000000000000 0.000288706545
38.000000000000 7.000000000000 0.000284913033
38.000000000000 8.000000000000 0.000280618560
38.000000000000 9.000000000000 0.000275856169
38.000000000000 10.000000000000 0.000270661828
38.000000000000 11.000000000000 0.000265073962
38.000000000000 12.000000000000 0.000259132977
38.000000000000 13.000000000000 0.000252880780
38.000000000000 14.000000000000 0.000246360309
38.000000000000 15.000000000000 0.000239615079
38.000000000000 16.000000000000 0.000232688755
38.000000000000 17.000000000000 0.000225624751
38.000000000000 18.000000000000 0.000218465865
38.000000000000 19.000000000000 0.000211253951
38.000000000000 20.000000000000 0.000204029634
38.000000000000 21.000000000000 0.000196832053
38.000000000000 22.000000000000 0.000189698661
38.000000000000 23.000000000000 0.000182665047
38.000000000000 24.000000000000 0.000175764806
38.000000000000 25.000000000000 0.000169029433
38.000000000000 26.000000000000 0.000162488259
38.000000000000 27.000000000000 0.000156168402
38.000000000000 28.000000000000 0.000150094755
38.000000000000 29.000000000000 0.000144289984
38.000000000000 30.000000000000 0.000138774547
38.000000000000 31.000000000000 0.000133566731
38.000000000000 32.000000000000 0.000128682694
38.000000000000 33.000000000000 0.000124136523
38.000000000000 34.000000000000 0.000119940306
38.000000000000 35.000000000000 0.000116104228
38.000000000000 36.000000000000 0.000112636729
38.000000000000 37.000000000000 0.000109544768
38.000000000000 38.000000000000 0.000106834342
38.000000000000 39.000000000000 0.000104511434
38.000000000000 40.000000000000 0.000102583573
38.000000000000 41.000000000000 0.000101061424
38.000000000000 42.000000000000 0.000098862925
38.000000000000 43.000000000000 0.000026307821
38.000000000000 44.000000000000 0.000006118125
38.000000000000 45.000000000000 0.000001262717
38.000000000000 46.000000000000 0.000000249009
38.000000000000 47.000000000000 0.000000026350
38.000000000000 48.000000000000 0.000000000104
38.000000000000 49.000000000000 0.000000000000
38.000000000000 50.000000000000 0.000000000000
38.000000000000 51.000000000000 0.000000000000

39.000000000000 -51.000000000000 0.000000000000
39.000000000000 -50.000000000000 0.000000000000
39.000000000000 -49.000000000000 0.000000000000
39.000000000000 -48.000000000000 0.000000000097
39.000000000000 -47.000000000000 0.000000024725
39.000000000000 -46.000000000000 0.000000234842
39.000000000000 -45.000000000000 0.000001201999
39.000000000000 -44.000000000000 0.000005877783
39.000000000000 -43.000000000000 0.000025503481
39.000000000000 -42.000000000000 0.000096614889
39.000000000000 -41.000000000000 0.000098781403
39.000000000000 -40.000000000000 0.000100300891
39.000000000000 -39.000000000000 0.000102216716
39.000000000000 -38.000000000000 0.000104511434
39.000000000000 -37.000000000000 0.000107177570
39.000000000000 -36.000000000000 0.000110210677
39.000000000000 -35.000000000000 0.000113606159
39.000000000000 -34.000000000000 0.000117358058
39.000000000000 -33.000000000000 0.000121458619
39.000000000000 -32.000000000000 0.000125898139
39.000000000000 -31.000000000000 0.000130664900
39.000000000000 -30.000000000000 0.000135745132
39.000000000000 -29.000000000000 0.000141122982
39.000000000000 -28.000000000000 0.000146780483
39.000000000000 -27.000000000000 0.000152697530
39.000000000000 -26.000000000000 0.000158851862
39.000000000000 -25.000000000000 0.000165219054
39.000000000000 -24.000000000000 0.000171772524
39.000000000000 -23.000000000000 0.000178483567
39.000000000000 -22.000000000000 0.000185321397
39.000000000000 -21.000000000000 0.000192253231
39.000000000000 -20.000000000000 0.000199244389
39.000000000000 -19.000000000000 0.000206258438
39.000000000000 -18.000000000000 0.000213257360
39.000000000000 -17.000000000000 0.000220201763
39.000000000000 -16.000000000000 0.000227051127
39.000000000000 -15.000000000000 0.000233764084
39.000000000000 -14.000000000000 0.000240298739
39.000000000000 -13.000000000000 0.000246613021
39.000000000000 -12.000000000000 0.000252665066
39.000000000000 -11.000000000000 0.000258413628
39.000000000000 -10.000000000000 0.000263818508
39.000000000000 -9.000000000000 0.000268840999
39.000000000000 -8.000000000000 0.000273444339
39.000000000000 -7.000000000000 0.000277594157
39.000000000000 -6.000000000000 0.000281258913
39.000000000000 -5.000000000000 0.000284410312
39.000000000000 -4.000000000000 0.000287023692
39.000000000000 -3.000000000000 0.000289078369
39.000000000000 -2.000000000000 0.000290557930
39.000000000000 -1.000000000000 0.000291450477
39.000000000000 0.000000000000 0.000291748797
39.000000000000 1.000000000000 0.000291450477
39.000000000000 2.000000000000 0.000290557930
39.000000000000 3.000000000000 0.000289078369
39.000000000000 4.000000000000 0.000287023692
39.000000000000 5.000000000000 0.000284410312
39.000000000000 6.000000000000 0.000281258913
39.000000000000 7.000000000000 0.000277594157
39.000000000000 8.000000000000 0.000273444339
39.000000000000 9.000000000000 0.000268840999
39.000000000000 10.000000000000 0.000263818508
39.000000000000 11.000000000000 0.000258413628
39.000000000000 12.000000000000 0.000252665066
39.000000000000 13.000000000000 0.000246613021
39.000000000000 14.000000000000 0.000240298739
39.000000000000 15.000000000000 0.000233764084
39.000000000000 16.000000000000 0.000227051127
39.000000000000 17.000000000000 0.000220201763
39.000000000000 18.000000000000 0.000213257360
39.000000000000 19.000000000000 0.000206258438
39.000000000000 20.000000000000 0.000199244389
39.000000000000 21.000000000000 0.000192253231
39.000000000000 22.000000000000 0.000185321397
39.000000000000 23.000000000000 0.000178483567
39.000000000000 24.000000000000 0.000171772524
39.000000000000 25.000000000000 0.000165219054
39.000000000000 26.000000000000 0.000158851862
39.000000000000 27.000000000000 0.000152697530
39.000000000000 28.000000000000 0.000146780483
39.000000000000 29.000000000000 0.000141122982
39.000000000000 30.000000000000 0.000135745132
39.000000000000 31.000000000000 0.000130664900
39.000000000000 32.000000000000 0.000125898139
39.000000000000 33.000000000000 0.000121458619
39.000000000000 34.000000000000 0.000117358058
39.000000000000 35.000000000000 0.000113606159
39.000000000000 36.000000000000 0.000110210677
39.000000000000 37.000000000000 0.000107177570
39.000000000000 38.000000000000 0.000104511434
39.000000000000 39.000000000000 0.000102216716
39.000000000000 40.000000000000 0.000100300891
39.000000000000 41.000000000000 0.000098781403
39.000000000000 42.000000000000 0.000096614889
39.000000000000 43.000000000000 0.000025503481
39.000000000000 44.000000000000 0.000005877783
39.000000000000 45.000000000000 0.000001201999
39.000000000000 46.000000000000 0.000000234842
39.000000000000 47.000000000000 0.000000024725
39.000000000000 48.000000000000 0.000000000097
39.000000000000 49.000000000000 0.000000000000
39.000000000000 50.000000000000 0.000000000000
39.000000000000 51.000000000000 0.000000000000

40.000000000000 -51.000000000000 0.000000000000
40.000000000000 -50.000000000000 0.000000000000
40.000000000000 -49.000000000000 0.000000000000
40.000000000000 -48.000000000000 0.000000000089
40.000000000000 -47.000000000000 0.000000022512
40.000000000000 -46.000000000000 0.000000214103
40.000000000000 -45.000000000000 0.000001112871
40.000000000000 -44.000000000000 0.000005537370
40.000000000000 -43.000000000000 0.000024503858
40.000000000000 -42.000000000000 0.000094668050
40.000000000000 -41.000000000000 0.000096814563
40.000000000000 -40.000000000000 0.000098372120
40.000000000000 -39.000000000000 0.000100300891
40.000000000000 -38.000000000000 0.000102583573
40.000000000000 -37.000000000000 0.000105219635
40.000000000000 -36.000000000000 0.000108209300
40.000000000000 -35.000000000000 0.000111550553
40.000000000000 -34.000000000000 0.000115238835
40.000000000000 -33.000000000000 0.000119267189
40.000000000000 -32.000000000000 0.000123626407
40.000000000000 -31.000000000000 0.000128305123
40.000000000000 -30.000000000000 0.000133289853
40.000000000000 -29.000000000000 0.000138565010
40.000000000000 -28.000000000000 0.000144112898
40.000000000000 -27.000000000000 0.000149913706
40.000000000000 -26.000000000000 0.000155945502
40.000000000000 -25.000000000000 0.000162184231
40.000000000000 -24.000000000000 0.000168603736
40.000000000000 -23.000000000000 0.000175175790
40.000000000000 -22.000000000000 0.000181870150
40.000000000000 -21.000000000000 0.000188654638
40.000000000000 -20.000000000000 0.000195495253
40.000000000000 -19.000000000000 0.000202356309
40.000000000000 -18.000000000000 0.000209200607
40.000000000000 -17.000000000000 0.000215989644
40.000000000000 -16.000000000000 0.000222683857
40.000000000000 -15.000000000000 0.000229242898
40.000000000000 -14.000000000000 0.000235625948
40.000000000000 -13.000000000000 0.000241792057
40.000000000000 -12.000000000000 0.000247700523
40.000000000000 -11.000000000000 0.000253311277
40.000000000000 -10.000000000000 0.000258585310
40.000000000000 -9.000000000000 0.000263485093
40.000000000000 -8.000000000000 0.000267975010
40.000000000000 -7.000000000000 0.000272021793
40.000000000000 -6.000000000000 0.000275594933
40.000000000000 -5.000000000000 0.000278667078
40.000000000000 -4.000000000000 0.000281214404
40.000000000000 -3.000000000000 0.000283216935
40.000000000000 -2.000000000000 0.000284658831
40.000000000000 -1.000000000000 0.000285528609
40.000000000000 0.000000000000 0.000285819311
40.000000000000 1.000000000000 0.000285528609
40.000000000000 2.000000000000 0.000284658831
40.000000000000 3.000000000000 0.000283216935
40.000000000000 4.000000000000 0.000281214404
40.000000000000 5.000000000000 0.000278667078
40.000000000000 6.000000000000 0.000275594933
40.000000000000 7.000000000000 0.000272021793
40.000000000000 8.000000000000 0.000267975010
40.000000000000 9.000000000000 0.000263485093
40.000000000000 10.000000000000 0.000258585310
40.000000000000 11.000000000000 0.000253311277
40.000000000000 12.000000000000 0.000247700523
40.000000000000 13.000000000000 0.000241792057
40.000000000000 14.000000000000 0.000235625948
40.000000000000 15.000000000000 0.000229242898
40.000000000000 16.000000000000 0.000222683857
40.000000000000 17.000000000000 0.000215989644
40.000000000000 18.000000000000 0.000209200607
40.000000000000 19.000000000000 0.000202356309
40.000000000000 20.000000000000 0.000195495253
40.000000000000 21.000000000000 0.000188654638
40.000000000000 22.000000000000 0.000181870150
40.000000000000 23.000000000000 0.000175175790
40.000000000000 24.000000000000 0.000168603736
40.000000000000 25.000000000000 0.000162184231
40.000000000000 26.000000000000 0.000155945502
40.000000000000 27.000000000000 0.000149913706
40.000000000000 28.000000000000 0.000144112898
40.000000000000 29.000000000000 0.000138565010
40.000000000000 30.000000000000 0.000133289853
40.000000000000 31.000000000000 0.000128305123
40.000000000000 32.000000000000 0.000123626407
40.000000000000 33.000000000000 0.000119267189
40.000000000000 34.000000000000 0.000115238835
40.000000000000 35.000000000000 0.000111550553
40.000000000000 36.000000000000 0.000108209300
40.000000000000 37.000000000000 0.000105219635
40.000000000000 38.000000000000 0.000102583573
40.000000000000 39.000000000000 0.000100300891
40.000000000000 40.000000000000 0.000098372120
40.000000000000 41.000000000000 0.000096814563
40.000000000000 42.000000000000 0.000094668050
40.000000000000 43.000000000000 0.000024503858
40.000000000000 44.000000000000 0.000005537370
40.000000000000 45.000000000000 0.000001112871
40.000000000000 46.000000000000 0.000000214103
40.000000000000 47.000000000000 0.000000022512
40.000000000000 48.000000000000 0.000000000089
40.000000000000 49.000000000000 0.000000000000
40.000000000000 50.000000000000 0.000000000000
40.000000000000 51.000000000000 0.000000000000

41.000000000000 -51.000000000000 0.000000000000
41.000000000000 -50.000000000000 0.000000000000
41.000000000000 -49.000000000000 0.000000000000
41.000000000000 -48.000000000000 0.000000000070
41.000000000000 -47.000000000000 0.000000017907
41.000000000000 -46.000000000000 0.000000170785
41.000000000000 -45.000000000000 0.000000908265
41.000000000000 -44.000000000000 0.000004671654
41.000000000000 -43.000000000000 0.000021802340
41.000000000000 -42.000000000000 0.000092425867
41.000000000000 -41.000000000000 0.000095104554
41.000000000000 -40.000000000000 0.000096814563
41.000000000000 -39.000000000000 0.000098781403
41.000000000000 -38.000000000000 0.000101061424
41.000000000000 -37.000000000000 0.000103677042
41.000000000000 -36.000000000000 0.000106636137
41.000000000000 -35.000000000000 0.000109939566
41.000000000000 -34.000000000000 0.000113583998
41.000000000000 -33.000000000000 0.000117563088
41.000000000000 -32.000000000000 0.000121867987
41.000000000000 -31.000000000000 0.000126487583
41.000000000000 -30.000000000000 0.000131408603
41.000000000000 -29.000000000000 0.000136615663
41.000000000000 -28.000000000000 0.000142091272
41.000000000000 -27.000000000000 0.000147815844
41.000000000000 -26.000000000000 0.000153767687
41.000000000000 -25.000000000000 0.000159923020
41.000000000000 -24.000000000000 0.000166255985
41.000000000000 -23.000000000000 0.000172738686
41.000000000000 -22.000000000000 0.000179341246
41.000000000000 -21.000000000000 0.000186031894
41.000000000000 -20.000000000000 0.000192777066
41.000000000000 -19.000000000000 0.000199541554
41.000000000000 -18.000000000000 0.000206288674
41.000000000000 -17.000000000000 0.000212980475
41.000000000000 -16.000000000000 0.000219577979
41.000000000000 -15.000000000000 0.000226041452
41.000000000000 -14.000000000000 0.000232330717
41.000000000000 -13.000000000000 0.000238405490
41.000000000000 -12.000000000000 0.000244225743
41.000000000000 -11.000000000000 0.000249752097
41.000000000000 -10.000000000000 0.000254946225
41.000000000000 -9.000000000000 0.000259771274
41.000000000000 -8.000000000000 0.000264192282
41.000000000000 -7.000000000000 0.000268176604
41.000000000000 -6.000000000000 0.000271694312
41.000000000000 -5.000000000000 0.000274718587
41.000000000000 -4.000000000000 0.000277226069
41.000000000000 -3.000000000000 0.000279197183
41.000000000000 -2.000000000000 0.000280616405
41.000000000000 -1.000000000000 0.000281472484
41.000000000000 0.000000000000 0.000281758605
41.000000000000 1.000000000000 0.000281472484
41.000000000000 2.000000000000 0.000280616405
41.000000000000 3.000000000000 0.000279197183
41.000000000000 4.000000000000 0.000277226069
41.000000000000 5.000000000000 0.000274718587
41.000000000000 6.000000000000 0.000271694312
41.000000000000 7.000000000000 0.000268176604
41.000000000000 8.000000000000 0.000264192282
41.000000000000 9.000000000000 0.000259771274
41.000000000000 10.000000000000 0.000254946225
41.000000000000 11.000000000000 0.000249752097
41.000000000000 12.000000000000 0.000244225743
41.000000000000 13.000000000000 0.000238405490
41.000000000000 14.000000000000 0.000232330717
41.000000000000 15.000000000000 0.000226041452
41.000000000000 16.000000000000 0.000219577979
41.000000000000 17.000000000000 0.000212980475
41.000000000000 18.000000000000 0.000206288674
41.000000000000 19.000000000000 0.000199541554
41.000000000000 20.000000000000 0.000192777066
41.000000000000 21.000000000000 0.000186031894
41.000000000000 22.000000000000 0.000179341246
41.000000000000 23.000000000000 0.000172738686
41.000000000000 24.000000000000 0.000166255985
41.000000000000 25.000000000000 0.000159923020
41.000000000000 26.000000000000 0.000153767687
41.000000000000 27.000000000000 0.000147815844
41.000000000000 28.000000000000 0.000142091272
41.000000000000 29.000000000000 0.000136615663
41.000000000000 30.000000000000 0.000131408603
41.000000000000 31.000000000000 0.000126487583
41.000000000000 32.000000000000 0.000121867987
41.000000000000 33.000000000000 0.000117563088
41.000000000000 34.000000000000 0.000113583998
41.000000000000 35.000000000000 0.000109939566
41.000000000000 36.000000000000 0.000106636137
41.000000000000 37.000000000000 0.000103677042
41.000000000000 38.000000000000 0.000101061424
41.000000000000 39.000000000000 0.000098781403
41.000000000000 40.000000000000 0.000096814563
41.000000000000 41.000000000000 0.000095104554
41.000000000000 42.000000000000 0.000092425867
41.000000000000 43.000000000000 0.000021802340
41.000000000000 44.000000000000 0.000004671654
41.000000000000 45.000000000000 0.000000908265
41.000000000000 46.000000000000 0.000000170785
41.000000000000 47.000000000000 0.000000017907
41.000000000000 48.000000000000 0.000000000070
41.000000000000 49.000000000000 0.000000000000
41.000000000000 50.000000000000 0.000000000000
41.000000000000 51.000000000000 0.000000000000

42.000000000000 -51.000000000000 0.000000000000
42.000000000000 -50.000000000000 0.000000000000
42.000000000000 -49.000000000000 0.000000000000
42.000000000000 -48.000000000000 0.000000000034
42.000000000000 -47.000000000000 0.000000009087
42.000000000000 -46.000000000000 0.000000091589
42.000000000000 -45.000000000000 0.000000469788
42.000000000000 -44.000000000000 0.000002285092
42.000000000000 -43.000000000000 0.000009706144
42.000000000000 -42.000000000000 0.000034535367
42.000000000000 -41.000000000000 0.000092425867
42.000000000000 -40.000000000000 0.000094668050
42.000000000000 -39.000000000000 0.000096614889
42.000000000000 -38.000000000000 0.000098862925
42.000000000000 -37.000000000000 0.000101441919
42.000000000000 -36.000000000000 0.000104360141
42.000000000000 -35.000000000000 0.000107618526
42.000000000000 -34.000000000000 0.000111213830
42.000000000000 -33.000000000000 0.000115139827
42.000000000000 -32.000000000000 0.000119387826
42.000000000000 -31.000000000000 0.000123946900
42.000000000000 -30.000000000000 0.000128803993
42.000000000000 -29.000000000000 0.000133943960
42.000000000000 -28.000000000000 0.000139349577
42.000000000000 -27.000000000000 0.000145001543
42.000000000000 -26.000000000000 0.000150878478
42.000000000000 -25.000000000000 0.000156956926
42.000000000000 -24.000000000000 0.000163211379
42.000000000000 -23.000000000000 0.000169614303
42.000000000000 -22.000000000000 0.000176136203
42.000000000000 -21.000000000000 0.000182745698
42.000000000000 -20.000000000000 0.000189409632
42.000000000000 -19.000000000000 0.000196093209
42.000000000000 -18.000000000000 0.000202760168
42.000000000000 -17.000000000000 0.000209372986
42.000000000000 -16.000000000000 0.000215893110
42.000000000000 -15.000000000000 0.000222281239
42.000000000000 -14.000000000000 0.000228497619
42.000000000000 -13.000000000000 0.000234502385
42.000000000000 -12.000000000000 0.000240255918
42.000000000000 -11.000000000000 0.000245719236
42.000000000000 -10.000000000000 0.000250854392
42.000000000000 -9.000000000000 0.000255624893
42.000000000000 -8.000000000000 0.000259996117
42.000000000000 -7.000000000000 0.000263935729
42.000000000000 -6.000000000000 0.000267414086
42.000000000000 -5.000000000000 0.000270404620
42.000000000000 -4.000000000000 0.000272884191
42.000000000000 -3.000000000000 0.000274833404
42.000000000000 -2.000000000000 0.000276236879
42.000000000000 -1.000000000000 0.000277083468
42.000000000000 0.000000000000 0.000277366418
42.000000000000 1.000000000000 0.000277083468
42.000000000000 2.000000000000 0.000276236879
42.000000000000 3.000000000000 0.000274833404
42.000000000000 4.000000000000 0.000272884191
42.000000000000 5.000000000000 0.000270404620
42.000000000000 6.000000000000 0.000267414086
42.000000000000 7.000000000000 0.000263935729
42.000000000000 8.000000000000 0.000259996117
42.000000000000 9.000000000000 0.000255624893
42.000000000000 10.000000000000 0.000250854392
42.000000000000 11.000000000000 0.000245719236
42.000000000000 12.000000000000 0.000240255918
42.000000000000 13.000000000000 0.000234502385
42.000000000000 14.000000000000 0.000228497619
42.000000000000 15.000000000000 0.000222281239
42.000000000000 16.000000000000 0.000215893110
42.000000000000 17.000000000000 0.000209372986
42.000000000000 18.000000000000 0.000202760168
42.000000000000 19.000000000000 0.000196093209
42.000000000000 20.000000000000 0.000189409632
42.000000000000 21.000000000000 0.000182745698
42.000000000000 22.000000000000 0.000176136203
42.000000000000 23.000000000000 0.000169614303
42.000000000000 24.000000000000 0.000163211379
42.000000000000 25.000000000000 0.000156956926
42.000000000000 26.000000000000 0.000150878478
42.000000000000 27.000000000000 0.000145001543
42.000000000000 28.000000000000 0.000139349577
42.000000000000 29.000000000000 0.000133943960
42.000000000000 30.000000000000 0.000128803993
42.000000000000 31.000000000000 0.000123946900
42.000000000000 32.000000000000 0.000119387826
42.000000000000 33.000000000000 0.000115139827
42.000000000000 34.000000000000 0.000111213830
42.000000000000 35.000000000000 0.000107618526
42.000000000000 36.000000000000 0.000104360141
42.000000000000 37.000000000000 0.000101441919
42.000000000000 38.000000000000 0.000098862925
42.000000000000 39.000000000000 0.000096614889
42.000000000000 40.000000000000 0.000094668050
42.000000000000 41.000000000000 0.000092425867
42.000000000000 42.000000000000 0.000034535367
42.000000000000 43.000000000000 0.000009706144
42.000000000000 44.000000000000 0.000002285092
42.000000000000 45.000000000000 0.000000469788
42.000000000000 46.000000000000 0.000000091589
42.000000000000 47.000000000000 0.000000009087
42.000000000000 48.000000000000 0.000000000034
42.000000000000 49.000000000000 0.000000000000
42.000000000000 50.000000000000 0.000000000000
42.000000000000 51.000000000000 0.000000000000

43.000000000000 -51.000000000000 0.000000000000
43.000000000000 -50.000000000000 0.000000000000
43.000000000000 -49.000000000000 0.000000000000
43.000000000000 -48.000000000000 0.000000000011
43.000000000000 -47.000000000000 0.000000003275
43.000000000000 -46.000000000000 0.000000035513
43.000000000000 -45.000000000000 0.000000173908
43.000000000000 -44.000000000000 0.000000794995
43.000000000000 -43.000000000000 0.000003094720
43.000000000000 -42.000000000000 0.000009706144
43.000000000000 -41.000000000000 0.000021802340
43.000000000000 -40.000000000000 0.000024503858
43.000000000000 -39.000000000000 0.000025503481
43.000000000000 -38.000000000000 0.000026307821
43.000000000000 -37.000000000000 0.000027181381
43.000000000000 -36.000000000000 0.000028168663
43.000000000000 -35.000000000000 0.000029276768
43.000000000000 -34.000000000000 0.000030506134
43.000000000000 -33.000000000000 0.000031855495
43.000000000000 -32.000000000000 0.000033322690
43.000000000000 -31.000000000000 0.000034904797
43.000000000000 -30.000000000000 0.000036598155
43.000000000000 -29.000000000000 0.000038398355
43.000000000000 -28.000000000000 0.000040300213
43.000000000000 -27.000000000000 0.000042297747
43.000000000000 -26.000000000000 0.000044384151
43.000000000000 -25.000000000000 0.000046551774
43.000000000000 -24.000000000000 0.000048792102
43.000000000000 -23.000000000000 0.000051095750
43.000000000000 -22.000000000000 0.000053452463
43.000000000000 -21.000000000000 0.000055851129
43.000000000000 -20.000000000000 0.000058279804
43.000000000000 -19.000000000000 0.000060725751
43.000000000000 -18.000000000000 0.000063175500
43.000000000000 -17.000000000000 0.000065614915
43.000000000000 -16.000000000000 0.000068029287
43.000000000000 -15.000000000000 0.000070403440
43.000000000000 -14.000000000000 0.000072721855
43.000000000000 -13.000000000000 0.000074968811
43.000000000000 -12.000000000000 0.000077128536
43.000000000000 -11.000000000000 0.000079185379
43.000000000000 -10.000000000000 0.000081123988
43.000000000000 -9.000000000000 0.000082929493
43.000000000000 -8.000000000000 0.000084587697
43.000000000000 -7.000000000000 0.000086085267
43.000000000000 -6.000000000000 0.000087409920
43.000000000000 -5.000000000000 0.000088550596
43.000000000000 -4.000000000000 0.000089497630
43.000000000000 -3.000000000000 0.000090242897
43.000000000000 -2.000000000000 0.000090779936
43.000000000000 -1.000000000000 0.000091104057
43.000000000000 0.000000000000 0.000091212415
43.000000000000 1.000000000000 0.000091104057
43.000000000000 2.000000000000 0.000090779936
43.000000000000 3.000000000000 0.000090242897
43.000000000000 4.000000000000 0.000089497630
43.000000000000 5.000000000000 0.000088550596
43.000000000000 6.000000000000 0.000087409920
43.000000000000 7.000000000000 0.000086085267
43.000000000000 8.000000000000 0.000084587697
43.000000000000 9.000000000000 0.000082929493
43.000000000000 10.000000000000 0.000081123988
43.000000000000 11.000000000000 0.000079185379
43.000000000000 12.000000000000 0.000077128536
43.000000000000 13.000000000000 0.000074968811
43.000000000000 14.000000000000 0.000072721855
43.000000000000 15.000000000000 0.000070403440
43.000000000000 16.000000000000 0.000068029287
43.000000000000 17.000000000000 0.000065614915
43.000000000000 18.000000000000 0.000063175500
43.000000000000 19.000000000000 0.000060725751
43.000000000000 20.000000000000 0.000058279804
43.000000000000 21.000000000000 0.000055851129
43.000000000000 22.000000000000 0.000053452463
43.000000000000 23.000000000000 0.000051095750
43.000000000000 24.000000000000 0.000048792102
43.000000000000 25.000000000000 0.000046551774
43.000000000000 26.000000000000 0.000044384151
43.000000000000 27.000000000000 0.000042297747
43.000000000000 28.000000000000 0.000040300213
43.000000000000 29.000000000000 0.000038398355
43.000000000000 30.000000000000 0.000036598155
43.000000000000 31.000000000000 0.000034904797
43.000000000000 32.000000000000 0.000033322690
43.000000000000 33.000000000000 0.000031855495
43.000000000000 34.000000000000 0.000030506134
43.000000000000 35.000000000000 0.000029276768
43.000000000000 36.000000000000 0.000028168663
43.000000000000 37.000000000000 0.000027181381
43.000000000000 38.000000000000 0.000026307821
43.000000000000 39.000000000000 0.000025503481
43.000000000000 40.000000000000 0.000024503858
43.000000000000 41.000000000000 0.000021802340
43.000000000000 42.000000000000 0.000009706144
43.000000000000 43.000000000000 0.000003094720
43.000000000000 44.000000000000 0.000000794995
43.000000000000 45.000000000000 0.000000173908
43.000000000000 46.000000000000 0.000000035513
43.000000000000 47.000000000000 0.000000003275
43.000000000000 48.000000000000 0.000000000011
43.000000000000 49.000000000000 0.000000000000
43.000000000000 50.000000000000 0.000000000000
43.000000000000 51.000000000000 0.000000000000

44.000000000000 -51.000000000000 0.000000000000
44.000000000000 -50.000000000000 0.000000000000
44.000000000000 -49.000000000000 0.000000000000
44.000000000000 -48.000000000000 0.000000000003
44.000000000000 -47.000000000000 0.000000000919
44.000000000000 -46.000000000000 0.000000010772
44.000000000000 -45.000000000000 0.000000050518
44.000000000000 -44.000000000000 0.000000218814
44.000000000000 -43.000000000000 0.000000794995
44.000000000000 -42.000000000000 0.000002285092
44.000000000000 -41.000000000000 0.000004671654
44.000000000000 -40.000000000000 0.000005537370
44.000000000000 -39.000000000000 0.000005877783
44.000000000000 -38.000000000000 0.000006118125
44.000000000000 -37.000000000000 0.000006367095
44.000000000000 -36.000000000000 0.000006647326
44.000000000000 -35.000000000000 0.000006963055
44.000000000000 -34.000000000000 0.000007314985
44.000000000000 -33.000000000000 0.000007703063
44.000000000000 -32.000000000000 0.000008126952
44.000000000000 -31.000000000000 0.000008586102
44.000000000000 -30.000000000000 0.000009079747
44.000000000000 -29.000000000000 0.000009606900
44.000000000000 -28.000000000000 0.000010166337
44.000000000000 -27.000000000000 0.000010756581
44.000000000000 -26.000000000000 0.000011375884
44.000000000000 -25.000000000000 0.000012022217
44.000000000000 -24.000000000000 0.000012693255
44.000000000000 -23.000000000000 0.000013386366
44.000000000000 -22.000000000000 0.000014098609
44.000000000000 -21.000000000000 0.000014826725
44.000000000000 -20.000000000000 0.000015567145
44.000000000000 -19.000000000000 0.000016315998
44.000000000000 -18.000000000000 0.000017069121
44.000000000000 -17.000000000000 0.000017822084
44.000000000000 -16.000000000000 0.000018570213
44.000000000000 -15.000000000000 0.000019308629
44.000000000000 -14.000000000000 0.000020032287
44.000000000000 -13.000000000000 0.000020736022
44.000000000000 -12.000000000000 0.000021414607
44.000000000000 -11.000000000000 0.000022062810
44.000000000000 -10.000000000000 0.000022675460
44.000000000000 -9.000000000000 0.000023247514
44.000000000000 -8.000000000000 0.000023774127
44.000000000000 -7.000000000000 0.000024250727
44.000000000000 -6.000000000000 0.000024673078
44.000000000000 -5.000000000000 0.000025037353
44.000000000000 -4.000000000000 0.000025340195
44.000000000000 -3.000000000000 0.000025578774
44.000000000000 -2.000000000000 0.000025750833
44.000000000000 -1.000000000000 0.000025854734
44.000000000000 0.000000000000 0.000025889478
44.000000000000 1.000000000000 0.000025854734
44.000000000000 2.000000000000 0.000025750833
44.000000000000 3.000000000000 0.000025578774
44.000000000000 4.000000000000 0.000025340195
44.000000000000 5.000000000000 0.000025037353
44.000000000000 6.000000000000 0.000024673078
44.000000000000 7.000000000000 0.000024250727
44.000000000000 8.000000000000 0.000023774127
44.000000000000 9.000000000000 0.000023247514
44.000000000000 10.000000000000 0.000022675460
44.000000000000 11.000000000000 0.000022062810
44.000000000000 12.000000000000 0.000021414607
44.000000000000 13.000000000000 0.000020736022
44.000000000000 14.000000000000 0.000020032287
44.000000000000 15.000000000000 0.000019308629
44.000000000000 16.000000000000 0.000018570213
44.000000000000 17.000000000000 0.000017822084
44.000000000000 18.000000000000 0.000017069121
44.000000000000 19.000000000000 0.000016315998
44.000000000000 20.000000000000 0.000015567145
44.000000000000 21.000000000000 0.000014826725
44.000000000000 22.000000000000 0.000014098609
44.000000000000 23.000000000000 0.000013386366
44.000000000000 24.000000000000 0.000012693255
44.000000000000 25.000000000000 0.000012022217
44.000000000000 26.000000000000 0.000011375884
44.000000000000 27.000000000000 0.000010756581
44.000000000000 28.000000000000 0.000010166337
44.000000000000 29.000000000000 0.000009606900
44.000000000000 30.000000000000 0.000009079747
44.000000000000 31.000000000000 0.000008586102
44.000000000000 32.000000000000 0.000008126952
44.000000000000 33.000000000000 0.000007703063
44.000000000000 34.000000000000 0.000007314985
44.000000000000 35.000000000000 0.000006963055
44.000000000000 36.000000000000 0.000006647326
44.000000000000 37.000000000000 0.000006367095
44.000000000000 38.000000000000 0.000006118125
44.000000000000 39.000000000000 0.000005877783
44.000000000000 40.000000000000 0.000005537370
44.000000000000 41.000000000000 0.000004671654
44.000000000000 42.000000000000 0.000002285092
44.000000000000 43.000000000000 0.000000794995
44.000000000000 44.000000000000 0.000000218814
44.000000000000 45.000000000000 0.000000050518
44.000000000000 46.000000000000 0.000000010772
44.000000000000 47.000000000000 0.000000000919
44.000000000000 48.000000000000 0.000000000003
44.000000000000 49.000000000000 0.000000000000
44.000000000000 50.000000000000 0.000000000000
44.000000000000 51.000000000000 0.000000000000

45.000000000000 -51.000000000000 0.000000000000
45.000000000000 -50.000000000000 0.000000000000
45.000000000000 -49.000000000000 0.000000000000
45.000000000000 -48.000000000000 0.000000000001
45.000000000000 -47.000000000000 0.000000000213
45.000000000000 -46.000000000000 0.000000002701
45.000000000000 -45.000000000000 0.000000012199
45.000000000000 -44.000000000000 0.000000050518
45.000000000000 -43.000000000000 0.000000173908
45.000000000000 -42.000000000000 0.000000469788
45.000000000000 -41.000000000000 0.000000908265
45.000000000000 -40.000000000000 0.000001112871
45.000000000000 -39.000000000000 0.000001201999
45.000000000000 -38.000000000000 0.000001262717
45.000000000000 -37.000000000000 0.000001323792
45.000000000000 -36.000000000000 0.000001392289
45.000000000000 -35.000000000000 0.000001469711
45.000000000000 -34.000000000000 0.000001556380
45.000000000000 -33.000000000000 0.000001652367
45.000000000000 -32.000000000000 0.000001757668
45.000000000000 -31.000000000000 0.000001872227
45.000000000000 -30.000000000000 0.000001995936
45.000000000000 -29.000000000000 0.000002128630
45.000000000000 -28.000000000000 0.000002270084
45.000000000000 -27.000000000000 0.000002420001
45.000000000000 -26.000000000000 0.000002578015
45.000000000000 -25.000000000000 0.000002743676
45.000000000000 -24.000000000000 0.000002916452
45.000000000000 -23.000000000000 0.000003095717
45.000000000000 -22.000000000000 0.000003280756
45.000000000000 -21.000000000000 0.000003470755
45.000000000000 -20.000000000000 0.000003664805
45.000000000000 -19.000000000000 0.000003861898
45.000000000000 -18.000000000000 0.000004060937
45.000000000000 -17.000000000000 0.000004260733
45.000000000000 -16.000000000000 0.000004460016
45.000000000000 -15.000000000000 0.000004657445
45.000000000000 -14.000000000000 0.000004851616
45.000000000000 -13.000000000000 0.000005041079
45.000000000000 -12.000000000000 0.000005224353
45.000000000000 -11.000000000000 0.000005399944
45.000000000000 -10.000000000000 0.000005566363
45.000000000000 -9.000000000000 0.000005722151
45.000000000000 -8.000000000000 0.000005865897
45.000000000000 -7.000000000000 0.000005996261
45.000000000000 -6.000000000000 0.000006111998
45.000000000000 -5.000000000000 0.000006211979
45.000000000000 -4.000000000000 0.000006295208
45.000000000000 -3.000000000000 0.000006360847
45.000000000000 -2.000000000000 0.000006408222
45.000000000000 -1.000000000000 0.000006436846
45.000000000000 0.000000000000 0.000006446420
45.000000000000 1.000000000000 0.000006436846
45.000000000000 2.000000000000 0.000006408222
45.000000000000 3.000000000000 0.000006360847
45.000000000000 4.000000000000 0.000006295208
45.000000000000 5.000000000000 0.000006211979
45.000000000000 6.000000000000 0.000006111998
45.000000000000 7.000000000000 0.000005996261
45.000000000000 8.000000000000 0.000005865897
45.000000000000 9.000000000000 0.000005722151
45.000000000000 10.000000000000 0.000005566363
45.000000000000 11.000000000000 0.000005399944
45.000000000000 12.000000000000 0.000005224353
45.000000000000 13.000000000000 0.000005041079
45.000000000000 14.000000000000 0.000004851616
45.000000000000 15.000000000000 0.000004657445
45.000000000000 16.000000000000 0.000004460016
45.000000000000 17.000000000000 0.000004260733
45.000000000000 18.000000000000 0.000004060937
45.000000000000 19.000000000000 0.000003861898
45.000000000000 20.000000000000 0.000003664805
45.000000000000 21.000000000000 0.000003470755
45.000000000000 22.000000000000 0.000003280756
45.000000000000 23.000000000000 0.000003095717
45.000000000000 24.000000000000 0.000002916452
45.000000000000 25.000000000000 0.000002743676
45.000000000000 26.000000000000 0.000002578015
45.000000000000 27.000000000000 0.000002420001
45.000000000000 28.000000000000 0.000002270084
45.000000000000 29.000000000000 0.000002128630
45.000000000000 30.000000000000 0.000001995936
45.000000000000 31.000000000000 0.000001872227
45.000000000000 32.000000000000 0.000001757668
45.000000000000 33.000000000000 0.000001652367
45.000000000000 34.000000000000 0.000001556380
45.000000000000 35.000000000000 0.000001469711
45.000000000000 36.000000000000 0.000001392289
45.000000000000 37.000000000000 0.000001323792
45.000000000000 38.000000000000 0.000001262717
45.000000000000 39.000000000000 0.000001201999
45.000000000000 40.000000000000 0.000001112871
45.000000000000 41.000000000000 0.000000908265
45.000000000000 42.000000000000 0.000000469788
45.000000000000 43.000000000000 0.000000173908
45.000000000000 44.000000000000 0.000000050518
45.000000000000 45.000000000000 0.000000012199
45.000000000000 46.000000000000 0.000000002701
45.000000000000 47.000000000000 0.000000000213
45.000000000000 48.000000000000 0.000000000001
45.000000000000 49.000000000000 0.000000000000
45.000000000000 50.000000000000 0.000000000000
45.000000000000 51.000000000000 0.000000000000

46.000000000000 -51.000000000000 0.000000000000
46.000000000000 -50.000000000000 0.000000000000
46.000000000000 -49.000000000000 0.000000000000
46.000000000000 -48.000000000000 0.000000000000
46.000000000000 -47.000000000000 0.000000000045
46.000000000000 -46.000000000000 0.000000000618
46.000000000000 -45.000000000000 0.000000002701
46.000000000000 -44.000000000000 0.000000010772
46.000000000000 -43.000000000000 0.000000035513
46.000000000000 -42.000000000000 0.000000091589
46.000000000000 -41.000000000000 0.000000170785
46.000000000000 -40.000000000000 0.000000214103
46.000000000000 -39.000000000000 0.000000234842
46.000000000000 -38.000000000000 0.000000249009
46.000000000000 -37.000000000000 0.000000263045
46.000000000000 -36.000000000000 0.000000278756
46.000000000000 -35.000000000000 0.000000296570
46.000000000000 -34.000000000000 0.000000316594
46.000000000000 -33.000000000000 0.000000338868
46.000000000000 -32.000000000000 0.000000363409
46.000000000000 -31.000000000000 0.000000390226
46.000000000000 -30.000000000000 0.000000419316
46.000000000000 -29.000000000000 0.000000450660
46.000000000000 -28.000000000000 0.000000484228
46.000000000000 -27.000000000000 0.000000519970
46.000000000000 -26.000000000000 0.000000557818
46.000000000000 -25.000000000000 0.000000597684
46.000000000000 -24.000000000000 0.000000639456
46.000000000000 -23.000000000000 0.000000682998
46.000000000000 -22.000000000000 0.000000728150
46.000000000000 -21.000000000000 0.000000774721
46.000000000000 -20.000000000000 0.000000822497
46.000000000000 -19.000000000000 0.000000871233
46.000000000000 -18.000000000000 0.000000920658
46.000000000000 -17.000000000000 0.000000970474
46.000000000000 -16.000000000000 0.000001020358
46.000000000000 -15.000000000000 0.000001069964
46.000000000000 -14.000000000000 0.000001118928
46.000000000000 -13.000000000000 0.000001166868
46.000000000000 -12.000000000000 0.000001213392
46.000000000000 -11.000000000000 0.000001258099
46.000000000000 -10.000000000000 0.000001300590
46.000000000000 -9.000000000000 0.000001340468
46.000000000000 -8.000000000000 0.000001377349
46.000000000000 -7.000000000000 0.000001410867
46.000000000000 -6.000000000000 0.000001440680
46.000000000000 -5.000000000000 0.000001466474
46.000000000000 -4.000000000000 0.000001487976
46.000000000000 -3.000000000000 0.000001504951
46.000000000000 -2.000000000000 0.000001517213
46.000000000000 -1.000000000000 0.000001524625
46.000000000000 0.000000000000 0.000001527105
46.000000000000 1.000000000000 0.000001524625
46.000000000000 2.000000000000 0.000001517213
46.000000000000 3.000000000000 0.000001504951
46.000000000000 4.000000000000 0.000001487976
46.000000000000 5.000000000000 0.000001466474
46.000000000000 6.000000000000 0.000001440680
46.000000000000 7.000000000000 0.000001410867
46.000000000000 8.000000000000 0.000001377349
46.000000000000 9.000000000000 0.000001340468
46.000000000000 10.000000000000 0.000001300590
46.000000000000 11.000000000000 0.000001258099
46.000000000000 12.000000000000 0.000001213392
46.000000000000 13.000000000000 0.000001166868
46.000000000000 14.000000000000 0.000001118928
46.000000000000 15.000000000000 0.000001069964
46.000000000000 16.000000000000 0.000001020358
46.000000000000 17.000000000000 0.000000970474
46.000000000000 18.000000000000 0.000000920658
46.000000000000 19.000000000000 0.000000871233
46.000000000000 20.000000000000 0.000000822497
46.000000000000 21.000000000000 0.000000774721
46.000000000000 22.000000000000 0.000000728150
46.000000000000 23.000000000000 0.000000682998
46.000000000000 24.000000000000 0.000000639456
46.000000000000 25.000000000000 0.000000597684
46.000000000000 26.000000000000 0.000000557818
46.000000000000 27.000000000000 0.000000519970
46.000000000000 28.000000000000 0.000000484228
46.000000000000 29.000000000000 0.000000450660
46.000000000000 30.000000000000 0.000000419316
46.000000000000 31.000000000000 0.000000390226
46.000000000000 32.000000000000 0.000000363409
46.000000000000 33.000000000000 0.000000338868
46.000000000000 34.000000000000 0.000000316594
46.000000000000 35.000000000000 0.000000296570
46.000000000000 36.000000000000 0.000000278756
46.000000000000 37.000000000000 0.000000263045
46.000000000000 38.000000000000 0.000000249009
46.000000000000 39.000000000000 0.000000234842
46.000000000000 40.000000000000 0.000000214103
46.000000000000 41.000000000000 0.000000170785
46.000000000000 42.000000000000 0.000000091589
46.000000000000 43.000000000000 0.000000035513
46.000000000000 44.000000000000 0.000000010772
46.000000000000 45.000000000000 0.000000002701
46.000000000000 46.000000000000 0.000000000618
46.000000000000 47.000000000000 0.000000000045
46.000000000000 48.000000000000 0.000000000000
46.000000000000 49.000000000000 0.000000000000
46.000000000000 50.000000000000 0.000000000000
46.000000000000 51.000000000000 0.000000000000

47.000000000000 -51.000000000000 0.000000000000
47.000000000000 -50.000000000000 0.000000000000
47.000000000000 -49.000000000000 0.000000000000
47.000000000000 -48.000000000000 0.000000000000
47.000000000000 -47.000000000000 0.000000000000
47.000000000000 -46.000000000000 0.000000000045
47.000000000000 -45.000000000000 0.000000000213
47.000000000000 -44.000000000000 0.000000000919
47.000000000000 -43.000000000000 0.000000003275
47.000000000000 -42.000000000000 0.000000009087
47.000000000000 -41.000000000000 0.000000017907
47.000000000000 -40.000000000000 0.000000022512
47.000000000000 -39.000000000000 0.000000024725
47.000000000000 -38.000000000000 0.000000026350
47.000000000000 -37.000000000000 0.000000028039
47.000000000000 -36.000000000000 0.000000029960
47.000000000000 -35.000000000000 0.000000032155
47.000000000000 -34.000000000000 0.000000034635
47.000000000000 -33.000000000000 0.000000037407
47.000000000000 -32.000000000000 0.000000040477
47.000000000000 -31.000000000000 0.000000043849
47.000000000000 -30.000000000000 0.000000047526
47.000000000000 -29.000000000000 0.000000051510
47.000000000000 -28.000000000000 0.000000055799
47.000000000000 -27.000000000000 0.000000060391
47.000000000000 -26.000000000000 0.000000065280
47.000000000000 -25.000000000000 0.000000070459
47.000000000000 -24.000000000000 0.000000075915
47.000000000000 -23.000000000000 0.000000081633
47.000000000000 -22.000000000000 0.000000087595
47.000000000000 -21.000000000000 0.000000093777
47.000000000000 -20.000000000000 0.000000100153
47.000000000000 -19.000000000000 0.000000106689
47.000000000000 -18.000000000000 0.000000113351
47.000000000000 -17.000000000000 0.000000120098
47.000000000000 -16.000000000000 0.000000126885
47.000000000000 -15.000000000000 0.000000133664
47.000000000000 -14.000000000000 0.000000140384
47.000000000000 -13.000000000000 0.000000146990
47.000000000000 -12.000000000000 0.000000153425
47.000000000000 -11.000000000000 0.000000159631
47.000000000000 -10.000000000000 0.000000165548
47.000000000000 -9.000000000000 0.000000171118
47.000000000000 -8.000000000000 0.000000176284
47.000000000000 -7.000000000000 0.000000180990
47.000000000000 -6.000000000000 0.000000185185
47.000000000000 -5.000000000000 0.000000188821
47.000000000000 -4.000000000000 0.000000191857
47.000000000000 -3.000000000000 0.000000194257
47.000000000000 -2.000000000000 0.000000195992
47.000000000000 -1.000000000000 0.000000197041
47.000000000000 0.000000000000 0.000000197392
47.000000000000 1.000000000000 0.000000197041
47.000000000000 2.000000000000 0.000000195992
47.000000000000 3.000000000000 0.000000194257
47.000000000000 4.000000000000 0.000000191857
47.000000000000 5.000000000000 0.000000188821
47.000000000000 6.000000000000 0.000000185185
47.000000000000 7.000000000000 0.000000180990
47.000000000000 8.000000000000 0.000000176284
47.000000000000 9.000000000000 0.000000171118
47.000000000000 10.000000000000 0.000000165548
47.000000000000 11.000000000000 0.000000159631
47.000000000000 12.000000000000 0.000000153425
47.000000000000 13.000000000000 0.000000146990
47.000000000000 14.000000000000 0.000000140384
47.000000000000 15.000000000000 0.000000133664
47.000000000000 16.000000000000 0.000000126885
47.000000000000 17.000000000000 0.000000120098
47.000000000000 18.000000000000 0.000000113351
47.000000000000 19.000000000000 0.000000106689
47.000000000000 20.000000000000 0.000000100153
47.000000000000 21.000000000000 0.000000093777
47.000000000000 22.000000000000 0.000000087595
47.000000000000 23.000000000000 0.000000081633
47.000000000000 24.000000000000 0.000000075915
47.000000000000 25.000000000000 0.000000070459
47.000000000000 26.000000000000 0.000000065280
47.000000000000 27.000000000000 0.000000060391
47.000000000000 28.000000000000 0.000000055799
47.000000000000 29.000000000000 0.000000051510
47.000000000000 30.000000000000 0.000000047526
47.000000000000 31.000000000000 0.000000043849
47.000000000000 32.000000000000 0.000000040477
47.000000000000 33.000000000000 0.000000037407
47.000000000000 34.000000000000 0.000000034635
47.000000000000 35.000000000000 0.000000032155
47.000000000000 36.000000000000 0.000000029960
47.000000000000 37.000000000000 0.000000028039
47.000000000000 38.000000000000 0.000000026350
47.000000000000 39.000000000000 0.000000024725
47.000000000000 40.000000000000 0.000000022512
47.000000000000 41.000000000000 0.000000017907
47.000000000000 42.000000000000 0.000000009087
47.000000000000 43.000000000000 0.000000003275
47.000000000000 44.000000000000 0.000000000919
47.000000000000 45.000000000000 0.000000000213
47.000000000000 46.000000000000 0.000000000045
47.000000000000 47.000000000000 0.000000000000
47.000000000000 48.000000000000 0.000000000000
47.000000000000 49.000000000000 0.000000000000
47.000000000000 50.000000000000 0.000000000000
47.000000000000 51.000000000000 0.000000000000

48.000000000000 -51.000000000000 0.000000000000
48.000000000000 -50.000000000000 0.000000000000
48.000000000000 -49.000000000000 0.000000000000
48.000000000000 -48.000000000000 0.000000000000
48.000000000000 -47.000000000000 0.000000000000
48.000000000000 -46.000000000000 0.000000000000
48.000000000000 -45.000000000000 0.000000000001
48.000000000000 -44.000000000000 0.000000000003
48.000000000000 -43.000000000000 0.000000000011
48.000000000000 -42.000000000000 0.000000000034
48.000000000000 -41.000000000000 0.000000000070
48.000000000000 -40.000000000000 0.000000000089
48.000000000000 -39.000000000000 0.000000000097
48.000000000000 -38.000000000000 0.000000000104
48.000000000000 -37.000000000000 0.000000000112
48.000000000000 -36.000000000000 0.000000000121
48.000000000000 -35.000000000000 0.000000000131
48.000000000000 -34.000000000000 0.000000000142
48.000000000000 -33.000000000000 0.000000000155
48.000000000000 -32.000000000000 0.000000000169
48.000000000000 -31.000000000000 0.000000000185
48.000000000000 -30.000000000000 0.000000000202
48.000000000000 -29.000000000000 0.000000000220
48.000000000000 -28.000000000000 0.000000000241
48.000000000000 -27.000000000000 0.000000000262
48.000000000000 -26.000000000000 0.000000000286
48.000000000000 -25.000000000000 0.000000000311
48.000000000000 -24.000000000000 0.000000000337
48.000000000000 -23.000000000000 0.000000000365
48.000000000000 -22.000000000000 0.000000000394
48.000000000000 -21.000000000000 0.000000000424
48.000000000000 -20.000000000000 0.000000000456
48.000000000000 -19.000000000000 0.000000000488
48.000000000000 -18.000000000000 0.000000000521
48.000000000000 -17.000000000000 0.000000000555
48.000000000000 -16.000000000000 0.000000000589
48.000000000000 -15.000000000000 0.000000000623
48.000000000000 -14.000000000000 0.000000000657
48.000000000000 -13.000000000000 0.000000000691
48.000000000000 -12.000000000000 0.000000000724
48.000000000000 -11.000000000000 0.000000000756
48.000000000000 -10.000000000000 0.000000000786
48.000000000000 -9.000000000000 0.000000000815
48.000000000000 -8.000000000000 0.000000000842
48.000000000000 -7.000000000000 0.000000000866
48.000000000000 -6.000000000000 0.000000000888
48.000000000000 -5.000000000000 0.000000000907
48.000000000000 -4.000000000000 0.000000000923
48.000000000000 -3.000000000000 0.000000000935
48.000000000000 -2.000000000000 0.000000000944
48.000000000000 -1.000000000000 0.000000000950
48.000000000000 0.000000000000 0.000000000952
48.000000000000 1.000000000000 0.000000000950
48.000000000000 2.000000000000 0.000000000944
48.000000000000 3.000000000000 0.000000000935
48.000000000000 4.000000000000 0.000000000923
48.000000000000 5.000000000000 0.000000000907
48.000000000000 6.000000000000 0.000000000888
48.000000000000 7.000000000000 0.000000000866
48.000000000000 8.000000000000 0.000000000842
48.000000000000 9.000000000000 0.000000000815
48.000000000000 10.000000000000 0.000000000786
48.000000000000 11.000000000000 0.000000000756
48.000000000000 12.000000000000 0.000000000724
48.000000000000 13.000000000000 0.000000000691
48.000000000000 14.000000000000 0.000000000657
48.000000000000 15.000000000000 0.000000000623
48.000000000000 16.000000000000 0.000000000589
48.000000000000 17.000000000000 0.000000000555
48.000000000000 18.000000000000 0.000000000521
48.000000000000 19.000000000000 0.000000000488
48.000000000000 20.000000000000 0.000000000456
48.000000000000 21.000000000000 0.000000000424
48.000000000000 22.000000000000 0.000000000394
48.000000000000 23.000000000000 0.000000000365
48.000000000000 24.000000000000 0.000000000337
48.000000000000 25.000000000000 0.000000000311
48.000000000000 26.000000000000 0.000000000286
48.000000000000 27.000000000000 0.000000000262
48.000000000000 28.000000000000 0.000000000241
48.000000000000 29.000000000000 0.000000000220
48.000000000000 30.000000000000 0.000000000202
48.000000000000 31.000000000000 0.000000000185
48.000000000000 32.000000000000 0.000000000169
48.000000000000 33.000000000000 0.000000000155
48.000000000000 34.000000000000 0.000000000142
48.000000000000 35.000000000000 0.000000000131
48.000000000000 36.000000000000 0.000000000121
48.000000000000 37.000000000000 0.000000000112
48.000000000000 38.000000000000 0.000000000104
48.000000000000 39.000000000000 0.000000000097
48.000000000000 40.000000000000 0.000000000089
48.000000000000 41.000000000000 0.000000000070
48.000000000000 42.000000000000 0.000000000034
48.000000000000 43.000000000000 0.000000000011
48.000000000000 44.000000000000 0.000000000003
48.000000000000 45.000000000000 0.000000000001
48.000000000000 46.000000000000 0.000000000000
48.000000000000 47.000000000000 0.000000000000
48.000000000000 48.000000000000 0.000000000000
48.000000000000 49.000000000000 0.000000000000
48.000000000000 50.000000000000 0.000000000000
48.000000000000 51.000000000000 0.000000000000

49.000000000000 -51.000000000000 0.000000000000
49.000000000000 -50.000000000000 0.000000000000
49.000000000000 -49.000000000000 0.000000000000
49.000000000000 -48.000000000000 0.000000000000
49.000000000000 -47.000000000000 0.000000000000
49.000000000000 -46.000000000000 0.000000000000
49.000000000000 -45.000000000000 0.000000000000
49.000000000000 -44.000000000000 0.000000000000
49.000000000000 -43.000000000000 0.000000000000
49.000000000000 -42.000000000000 0.000000000000
49.000000000000 -41.000000000000 0.000000000000
49.000000000000 -40.000000000000 0.000000000000
49.000000000000 -39.000000000000 0.000000000000
49.000000000000 -38.000000000000 0.000000000000
49.000000000000 -37.000000000000 0.000000000000
49.000000000000 -36.000000000000 0.000000000000
49.000000000000 -35.000000000000 0.000000000000
49.000000000000 -34.000000000000 0.000000000001
49.000000000000 -33.000000000000 0.000000000001
49.000000000000 -32.000000000000 0.000000000001
49.000000000000 -31.000000000000 0.000000000001
49.000000000000 -30.000000000000 0.000000000001
49.000000000000 -29.000000000000 0.000000000001
49.000000000000 -28.000000000000 0.000000000001
49.000000000000 -27.000000000000 0.000000000001
49.000000000000 -26.000000000000 0.000000000001
49.000000000000 -25.000000000000 0.000000000001
49.000000000000 -24.000000000000 0.000000000001
49.000000000000 -23.000000000000 0.000000000001
49.000000000000 -22.000000000000 0.000000000002
49.000000000000 -21.000000000000 0.000000000002
49.000000000000 -20.000000000000 0.000000000002
49.000000000000 -19.000000000000 0.000000000002
49.000000000000 -18.000000000000 0.000000000002
49.000000000000 -17.000000000000 0.000000000002
49.000000000000 -16.000000000000 0.000000000002
49.000000000000 -15.000000000000 0.000000000003
49.000000000000 -14.000000000000 0.000000000003
49.000000000000 -13.000000000000 0.000000000003
49.000000000000 -12.000000000000 0.000000000003
49.000000000000 -11.000000000000 0.000000000003
49.000000000000 -10.000000000000 0.000000000003
49.000000000000 -9.000000000000 0.000000000003
49.000000000000 -8.000000000000 0.000000000003
49.000000000000 -7.000000000000 0.000000000004
49.000000000000 -6.000000000000 0.000000000004
49.000000000000 -5.000000000000 0.000000000004
49.000000000000 -4.000000000000 0.000000000004
49.000000000000 -3.000000000000 0.000000000004
49.000000000000 -2.000000000000 0.000000000004
49.000000000000 -1.000000000000 0.000000000004
49.000000000000 0.000000000000 0.000000000004
49.000000000000 1.000000000000 0.000000000004
49.000000000000 2.000000000000 0.000000000004
49.000000000000 3.000000000000 0.000000000004
49.000000000000 4.000000000000 0.000000000004
49.000000000000 5.000000000000 0.000000000004
49.000000000000 6.000000000000 0.000000000004
49.000000000000 7.000000000000 0.000000000004
49.000000000000 8.000000000000 0.000000000003
49.000000000000 9.000000000000 0.000000000003
49.000000000000 10.000000000000 0.000000000003
49.000000000000 11.000000000000 0.000000000003
49.000000000000 12.000000000000 0.000000000003
49.000000000000 13.000000000000 0.000000000003
49.000000000000 14.000000000000 0.000000000003
49.000000000000 15.000000000000 0.000000000003
49.000000000000 16.000000000000 0.000000000002
49.000000000000 17.000000000000 0.000000000002
49.000000000000 18.000000000000 0.000000000002
49.000000000000 19.000000000000 0.000000000002
49.000000000000 20.000000000000 0.000000000002
49.000000000000 21.000000000000 0.000000000002
49.000000000000 22.000000000000 0.000000000002
49.000000000000 23.000000000000 0.000000000001
49.000000000000 24.000000000000 0.000000000001
49.000000000000 25.000000000000 0.000000000001
49.000000000000 26.000000000000 0.000000000001
49.000000000000 27.000000000000 0.000000000001
49.000000000000 28.000000000000 0.000000000001
49.000000000000 29.000000000000 0.000000000001
49.000000000000 30.000000000000 0.000000000001
49.000000000000 31.000000000000 0.000000000001
49.000000000000 32.000000000000 0.000000000001
49.000000000000 33.000000000000 0.000000000001
49.000000000000 34.000000000000 0.000000000001
49.000000000000 35.000000000000 0.000000000000
49.000000000000 36.000000000000 0.000000000000
49.000000000000 37.000000000000 0.000000000000
49.000000000000 38.000000000000 0.000000000000
49.000000000000 39.000000000000 0.000000000000
49.000000000000 40.000000000000 0.000000000000
49.000000000000 41.000000000000 0.000000000000
49.000000000000 42.000000000000 0.000000000000
49.000000000000 43.000000000000 0.000000000000
49.000000000000 44.000000000000 0.000000000000
49.000000000000 45.000000000000 0.000000000000
49.000000000000 46.000000000000 0.000000000000
49.000000000000 47.000000000000 0.000000000000
49.000000000000 48.000000000000 0.000000000000
49.000000000000 49.000000000000 0.000000000000
49.000000000000 50.000000000000 0.000000000000
49.000000000000 51.000000000000 0.000000000000

50.000000000000 -51.000000000000 0.000000000000
50.000000000000 -50.000000000000 0.000000000000
50.000000000000 -49.000000000000 0.000000000000
50.000000000000 -48.000000000000 0.000000000000
50.000000000000 -47.000000000000 0.000000000000
50.000000000000 -46.000000000000 0.000000000000
50.000000000000 -45.000000000000 0.000000000000
50.000000000000 -44.000000000000 0.000000000000
50.000000000000 -43.000000000000 0.000000000000
50.000000000000 -42.000000000000 0.000000000000
50.000000000000 -41.000000000000 0.000000000000
50.000000000000 -40.000000000000 0.000000000000
50.000000000000 -39.000000000000 0.000000000000
50.000000000000 -38.000000000000 0.000000000000
50.000000000000 -37.000000000000 0.000000000000
50.000000000000 -36.000000000000 0.000000000000
50.000000000000 -35.000000000000 0.000000000000
50.000000000000 -34.000000000000 0.000000000000
50.000000000000 -33.000000000000 0.000000000000
50.000000000000 -32.000000000000 0.000000000000
50.000000000000 -31.000000000000 0.000000000000
50.000000000000 -30.000000000000 0.000000000000
50.000000000000 -29.000000000000 0.000000000000
50.000000000000 -28.000000000000 0.000000000000
50.000000000000 -27.000000000000 0.000000000000
50.000000000000 -26.000000000000 0.000000000000
50.000000000000 -25.000000000000 0.000000000000
50.000000000000 -24.000000000000 0.000000000000
50.000000000000 -23.000000000000 0.000000000000
50.000000000000 -22.000000000000 0.000000000000
50.000000000000 -21.000000000000 0.000000000000
50.000000000000 -20.000000000000 0.000000000000
50.000000000000 -19.000000000000 0.000000000000
50.000000000000 -18.000000000000 0.000000000000
50.000000000000 -17.000000000000 0.000000000000
50.000000000000 -16.000000000000 0.000000000000
50.000000000000 -15.000000000000 0.000000000000
50.000000000000 -14.000000000000 0.000000000000
50.000000000000 -13.000000000000 0.000000000000
50.000000000000 -12.000000000000 0.000000000000
50.000000000000 -11.000000000000 0.000000000000
50.000000000000 -10.000000000000 0.000000000000
50.000000000000 -9.000000000000 0.000000000000
50.000000000000 -8.000000000000 0.000000000000
50.000000000000 -7.000000000000 0.000000000000
50.000000000000 -6.000000000000 0.000000000000
50.000000000000 -5.000000000000 0.000000000000
50.000000000000 -4.000000000000 0.000000000000
50.000000000000 -3.000000000000 0.000000000000
50.000000000000 -2.000000000000 0.000000000000
50.000000000000 -1.000000000000 0.000000000000
50.000000000000 0.000000000000 0.000000000000
50.000000000000 1.000000000000 0.000000000000
50.000000000000 2.000000000000 0.000000000000
50.000000000000 3.000000000000 0.000000000000
50.000000000000 4.000000000000 0.000000000000
50.000000000000 5.000000000000 0.000000000000
50.000000000000 6.000000000000 0.000000000000
50.000000000000 7.000000000000 0.000000000000
50.000000000000 8.000000000000 0.000000000000
50.000000000000 9.000000000000 0.000000000000
50.000000000000 10.000000000000 0.000000000000
50.000000000000 11.000000000000 0.000000000000
50.000000000000 12.000000000000 0.000000000000
50.000000000000 13.000000000000 0.000000000000
50.000000000000 14.000000000000 0.000000000000
50.000000000000 15.000000000000 0.000000000000
50.000000000000 16.000000000000 0.000000000000
50.000000000000 17.000000000000 0.000000000000
50.000000000000 18.000000000000 0.000000000000
50.000000000000 19.000000000000 0.000000000000
50.000000000000 20.000000000000 0.000000000000
50.000000000000 21.000000000000 0.000000000000
50.000000000000 22.000000000000 0.000000000000
50.000000000000 23.000000000000 0.000000000000
50.000000000000 24.000000000000 0.000000000000
50.000000000000 25.000000000000 0.000000000000
50.000000000000 26.000000000000 0.000000000000
50.000000000000 27.000000000000 0.000000000000
50.000000000000 28.000000000000 0.000000000000
50.000000000000 29.000000000000 0.000000000000
50.000000000000 30.000000000000 0.000000000000
50.000000000000 31.000000000000 0.000000000000
50.000000000000 32.000000000000 0.000000000000
50.000000000000 33.000000000000 0.000000000000
50.000000000000 34.000000000000 0.000000000000
50.000000000000 35.000000000000 0.000000000000
50.000000000000 36.000000000000 0.000000000000
50.000000000000 37.000000000000 0.000000000000
50.000000000000 38.000000000000 0.000000000000
50.000000000000 39.000000000000 0.000000000000
50.000000000000 40.000000000000 0.000000000000
50.000000000000 41.000000000000 0.000000000000
50.000000000000 42.000000000000 0.000000000000
50.000000000000 43.000000000000 0.000000000000
50.000000000000 44.000000000000 0.000000000000
50.000000000000 45.000000000000 0.000000000000
50.000000000000 46.000000000000 0.000000000000
50.000000000000 47.000000000000 0.000000000000
50.000000000000 48.000000000000 0.000000000000
50.000000000000 49.000000000000 0.000000000000
50.000000000000 50.000000000000 0.000000000000
50.000000000000 51.000000000000 0.000000000000

51.000000000000 -51.000000000000 0.000000000000
51.000000000000 -50.000000000000 0.000000000000
51.000000000000 -49.000000000000 0.000000000000
51.000000000000 -48.000000000000 0.000000000000
51.000000000000 -47.000000000000 0.000000000000
51.000000000000 -46.000000000000 0.000000000000
51.000000000000 -45.000000000000 0.000000000000
51.000000000000 -44.000000000000 0.000000000000
51.000000000000 -43.000000000000 0.000000000000
51.000000000000 -42.000000000000 0.000000000000
51.000000000000 -41.000000000000 0.000000000000
51.000000000000 -40.000000000000 0.000000000000
51.000000000000 -39.000000000000 0.000000000000
51.000000000000 -38.000000000000 0.000000000000
51.000000000000 -37.000000000000 0.000000000000
51.000000000000 -36.000000000000 0.000000000000
51.000000000000 -35.000000000000 0.000000000000
51.000000000000 -34.000000000000 0.000000000000
51.000000000000 -33.000000000000 0.000000000000
51.000000000000 -32.000000000000 0.000000000000
51.000000000000 -31.000000000000 0.000000000000
51.000000000000 -30.000000000000 0.000000000000
51.000000000000 -29.000000000000 0.000000000000
51.000000000000 -28.000000000000 0.000000000000
51.000000000000 -27.000000000000 0.000000000000
51.000000000000 -26.000000000000 0.000000000000
51.000000000000 -25.000000000000 0.000000000000
51.000000000000 -24.000000000000 0.000000000000
51.000000000000 -23.000000000000 0.000000000000
51.000000000000 -22.000000000000 0.000000000000
51.000000000000 -21.000000000000 0.000000000000
51.000000000000 -20.000000000000 0.000000000000
51.000000000000 -19.000000000000 0.000000000000
51.000000000000 -18.000000000000 0.000000000000
51.000000000000 -17.000000000000 0.000000000000
51.000000000000 -16.000000000000 0.000000000000
51.000000000000 -15.000000000000 0.000000000000
51.000000000000 -14.000000000000 0.000000000000
51.000000000000 -13.000000000000 0.000000000000
51.000000000000 -12.000000000000 0.000000000000
51.000000000000 -11.000000000000 0.000000000000
51.000000000000 -10.000000000000 0.000000000000
51.000000000000 -9.000000000000 0.000000000000
51.000000000000 -8.000000000000 0.000000000000
51.000000000000 -7.000000000000 0.000000000000
51.000000000000 -6.000000000000 0.000000000000
51.000000000000 -5.000000000000 0.000000000000
51.000000000000 -4.000000000000 0.000000000000
51.000000000000 -3.000000000000 0.000000000000
51.000000000000 -2.000000000000 0.000000000000
51.000000000000 -1.000000000000 0.000000000000
51.000000000000 0.000000000000 0.000000000000
51.000000000000 1.000000000000 0.000000000000
51.000000000000 2.000000000000 0.000000000000
51.000000000000 3.000000000000 0.000000000000
51.000000000000 4.000000000000 0.000000000000
51.000000000000 5.000000000000 0.000000000000
51.000000000000 6.000000000000 0.000000000000
51.000000000000 7.000000000000 0.000000000000
51.000000000000 8.000000000000 0.000000000000
51.000000000000 9.000000000000 0.000000000000
51.000000000000 10.000000000000 0.000000000000
51.000000000000 11.000000000000 0.000000000000
51.000000000000 12.000000000000 0.000000000000
51.000000000000 13.000000000000 0.000000000000
51.000000000000 14.000000000000 0.000000000000
51.000000000000 15.000000000000 0.000000000000
51.000000000000 16.000000000000 0.000000000000
51.000000000000 17.000000000000 0.000000000000
51.000000000000 18.000000000000 0.000000000000
51.000000000000 19.000000000000 0.000000000000
51.000000000000 20.000000000000 0.000000000000
51.000000000000 21.000000000000 0.000000000000
51.000000000000 22.000000000000 0.000000000000
51.000000000000 23.000000000000 0.000000000000
51.000000000000 24.000000000000 0.000000000000
51.000000000000 25.000000000000 0.000000000000
51.000000000000 26.000000000000 0.000000000000
51.000000000000 27.000000000000 0.000000000000
51.000000000000 28.000000000000 0.000000000000
51.000000000000 29.000000000000 0.000000000000
51.000000000000 30.000000000000 0.000000000000
51.000000000000 31.000000000000 0.000000000000
51.000000000000 32.000000000000 0.000000000000
51.000000000000 33.000000000000 0.000000000000
51.000000000000 34.000000000000 0.000000000000
51.000000000000 35.000000000000 0.000000000000
51.000000000000 36.000000000000 0.000000000000
51.000000000000 37.000000000000 0.000000000000
51.000000000000 38.000000000000 0.000000000000
51.000000000000 39.000000000000 0.000000000000
51.000000000000 40.000000000000 0.000000000000
51.000000000000 41.000000000000 0.000000000000
51.000000000000 42.000000000000 0.000000000000
51.000000000000 43.000000000000 0.000000000000
51.000000000000 44.000000000000 0.000000000000
51.000000000000 45.000000000000 0.000000000000
51.000000000000 46.000000000000 0.000000000000
51.000000000000 47.000000000000 0.000000000000
51.000000000000 48.000000000000 0.000000000000
51.000000000000 49.000000000000 0.000000000000
51.000000000000 50.000000000000 0.000000000000
51.000000000000 51.000000000000 0.000000000000

