# x y u
-51.000000000000 -51.000000000000 0.000000000000
-51.000000000000 -50.000000000000 0.000000000000
-51.000000000000 -49.000000000000 0.000000000000
-51.000000000000 -48.000000000000 0.000000000000
-51.000000000000 -47.000000000000 0.000000000000
-51.000000000000 -46.000000000000 0.000000000000
-51.000000000000 -45.000000000000 0.000000000000
-51.000000000000 -44.000000000000 0.000000000000
-51.000000000000 -43.000000000000 0.000000000000
-51.000000000000 -42.000000000000 0.000000000000
-51.000000000000 -41.000000000000 0.000000000000
-51.000000000000 -40.000000000000 0.000000000000
-51.000000000000 -39.000000000000 0.000000000000
-51.000000000000 -38.000000000000 0.000000000000
-51.000000000000 -37.000000000000 0.000000000000
-51.000000000000 -36.000000000000 0.000000000000
-51.000000000000 -35.000000000000 0.000000000000
-51.000000000000 -34.000000000000 0.000000000000
-51.000000000000 -33.000000000000 0.000000000000
-51.000000000000 -32.000000000000 0.000000000000
-51.000000000000 -31.000000000000 0.000000000000
-51.000000000000 -30.000000000000 0.000000000000
-51.000000000000 -29.000000000000 0.000000000000
-51.000000000000 -28.000000000000 0.000000000000
-51.000000000000 -27.000000000000 0.000000000000
-51.000000000000 -26.000000000000 0.000000000000
-51.000000000000 -25.000000000000 0.000000000000
-51.000000000000 -24.000000000000 0.000000000000
-51.000000000000 -23.000000000000 0.000000000000
-51.000000000000 -22.000000000000 0.000000000000
-51.000000000000 -21.000000000000 0.000000000000
-51.000000000000 -20.000000000000 0.000000000000
-51.000000000000 -19.000000000000 0.000000000000
-51.000000000000 -18.000000000000 0.000000000000
-51.000000000000 -17.000000000000 0.000000000000
-51.000000000000 -16.000000000000 0.000000000000
-51.000000000000 -15.000000000000 0.000000000000
-51.000000000000 -14.000000000000 0.000000000000
-51.000000000000 -13.000000000000 0.000000000000
-51.000000000000 -12.000000000000 0.000000000000
-51.000000000000 -11.000000000000 0.000000000000
-51.000000000000 -10.000000000000 0.000000000000
-51.000000000000 -9.000000000000 0.000000000000
-51.000000000000 -8.000000000000 0.000000000000
-51.000000000000 -7.000000000000 0.000000000000
-51.000000000000 -6.000000000000 0.000000000000
-51.000000000000 -5.000000000000 0.000000000000
-51.000000000000 -4.000000000000 0.000000000000
-51.000000000000 -3.000000000000 0.000000000000
-51.000000000000 -2.000000000000 0.000000000000
-51.000000000000 -1.000000000000 0.000000000000
-51.000000000000 0.000000000000 0.000000000000
-51.000000000000 1.000000000000 0.000000000000
-51.000000000000 2.000000000000 0.000000000000
-51.000000000000 3.000000000000 0.000000000000
-51.000000000000 4.000000000000 0.000000000000
-51.000000000000 5.000000000000 0.000000000000
-51.000000000000 6.000000000000 0.000000000000
-51.000000000000 7.000000000000 0.000000000000
-51.000000000000 8.000000000000 0.000000000000
-51.000000000000 9.000000000000 0.000000000000
-51.000000000000 10.000000000000 0.000000000000
-51.000000000000 11.000000000000 0.000000000000
-51.000000000000 12.000000000000 0.000000000000
-51.000000000000 13.000000000000 0.000000000000
-51.000000000000 14.000000000000 0.000000000000
-51.000000000000 15.000000000000 0.000000000000
-51.000000000000 16.000000000000 0.000000000000
-51.000000000000 17.000000000000 0.000000000000
-51.000000000000 18.000000000000 0.000000000000
-51.000000000000 19.000000000000 0.000000000000
-51.000000000000 20.000000000000 0.000000000000
-51.000000000000 21.000000000000 0.000000000000
-51.000000000000 22.000000000000 0.000000000000
-51.000000000000 23.000000000000 0.000000000000
-51.000000000000 24.000000000000 0.000000000000
-51.000000000000 25.000000000000 0.000000000000
-51.000000000000 26.000000000000 0.000000000000
-51.000000000000 27.000000000000 0.000000000000
-51.000000000000 28.000000000000 0.000000000000
-51.000000000000 29.000000000000 0.000000000000
-51.000000000000 30.000000000000 0.000000000000
-51.000000000000 31.000000000000 0.000000000000
-51.000000000000 32.000000000000 0.000000000000
-51.000000000000 33.000000000000 0.000000000000
-51.000000000000 34.000000000000 0.000000000000
-51.000000000000 35.000000000000 0.000000000000
-51.000000000000 36.000000000000 0.000000000000
-51.000000000000 37.000000000000 0.000000000000
-51.000000000000 38.000000000000 0.000000000000
-51.000000000000 39.000000000000 0.000000000000
-51.000000000000 40.000000000000 0.000000000000
-51.000000000000 41.000000000000 0.000000000000
-51.000000000000 42.000000000000 0.000000000000
-51.000000000000 43.000000000000 0.000000000000
-51.000000000000 44.000000000000 0.000000000000
-51.000000000000 45.000000000000 0.000000000000
-51.000000000000 46.000000000000 0.000000000000
-51.000000000000 47.000000000000 0.000000000000
-51.000000000000 48.000000000000 0.000000000000
-51.000000000000 49.000000000000 0.000000000000
-51.000000000000 50.000000000000 0.000000000000
-51.000000000000 51.000000000000 0.000000000000

-50.000000000000 -51.000000000000 0.000000000000
-50.000000000000 -50.000000000000 0.000000000000
-50.000000000000 -49.000000000000 0.000000000000
-50.000000000000 -48.000000000000 0.000000000000
-50.000000000000 -47.000000000000 0.000000000000
-50.000000000000 -46.000000000000 0.000000000000
-50.000000000000 -45.000000000000 0.000000000000
-50.000000000000 -44.000000000000 0.000000000000
-50.000000000000 -43.000000000000 0.000000000000
-50.000000000000 -42.000000000000 0.000000000000
-50.000000000000 -41.000000000000 0.000000000000
-50.000000000000 -40.000000000000 0.000000000000
-50.000000000000 -39.000000000000 0.000000000000
-50.000000000000 -38.000000000000 0.000000000000
-50.000000000000 -37.000000000000 0.000000000000
-50.000000000000 -36.000000000000 0.000000000000
-50.000000000000 -35.000000000000 0.000000000000
-50.000000000000 -34.000000000000 0.000000000000
-50.000000000000 -33.000000000000 0.000000000000
-50.000000000000 -32.000000000000 0.000000000000
-50.000000000000 -31.000000000000 0.000000000000
-50.000000000000 -30.000000000000 0.000000000000
-50.000000000000 -29.000000000000 0.000000000000
-50.000000000000 -28.000000000000 0.000000000000
-50.000000000000 -27.000000000000 0.000000000000
-50.000000000000 -26.000000000000 0.000000000000
-50.000000000000 -25.000000000000 0.000000000000
-50.000000000000 -24.000000000000 0.000000000000
-50.000000000000 -23.000000000000 0.000000000000
-50.000000000000 -22.000000000000 0.000000000000
-50.000000000000 -21.000000000000 0.000000000000
-50.000000000000 -20.000000000000 0.000000000000
-50.000000000000 -19.000000000000 0.000000000000
-50.000000000000 -18.000000000000 0.000000000000
-50.000000000000 -17.000000000000 0.000000000000
-50.000000000000 -16.000000000000 0.000000000000
-50.000000000000 -15.000000000000 0.000000000000
-50.000000000000 -14.000000000000 0.000000000000
-50.000000000000 -13.000000000000 0.000000000000
-50.000000000000 -12.000000000000 0.000000000000
-50.000000000000 -11.000000000000 0.000000000000
-50.000000000000 -10.000000000000 0.000000000000
-50.000000000000 -9.000000000000 0.000000000000
-50.000000000000 -8.000000000000 0.000000000000
-50.000000000000 -7.000000000000 0.000000000000
-50.000000000000 -6.000000000000 0.000000000000
-50.000000000000 -5.000000000000 0.000000000000
-50.000000000000 -4.000000000000 0.000000000000
-50.000000000000 -3.000000000000 0.000000000000
-50.000000000000 -2.000000000000 0.000000000000
-50.000000000000 -1.000000000000 0.000000000000
-50.000000000000 0.000000000000 0.000000000000
-50.000000000000 1.000000000000 0.000000000000
-50.000000000000 2.000000000000 0.000000000000
-50.000000000000 3.000000000000 0.000000000000
-50.000000000000 4.000000000000 0.000000000000
-50.000000000000 5.000000000000 0.000000000000
-50.000000000000 6.000000000000 0.000000000000
-50.000000000000 7.000000000000 0.000000000000
-50.000000000000 8.000000000000 0.000000000000
-50.000000000000 9.000000000000 0.000000000000
-50.000000000000 10.000000000000 0.000000000000
-50.000000000000 11.000000000000 0.000000000000
-50.000000000000 12.000000000000 0.000000000000
-50.000000000000 13.000000000000 0.000000000000
-50.000000000000 14.000000000000 0.000000000000
-50.000000000000 15.000000000000 0.000000000000
-50.000000000000 16.000000000000 0.000000000000
-50.000000000000 17.000000000000 0.000000000000
-50.000000000000 18.000000000000 0.000000000000
-50.000000000000 19.000000000000 0.000000000000
-50.000000000000 20.000000000000 0.000000000000
-50.000000000000 21.000000000000 0.000000000000
-50.000000000000 22.000000000000 0.000000000000
-50.000000000000 23.000000000000 0.000000000000
-50.000000000000 24.000000000000 0.000000000000
-50.000000000000 25.000000000000 0.000000000000
-50.000000000000 26.000000000000 0.000000000000
-50.000000000000 27.000000000000 0.000000000000
-50.000000000000 28.000000000000 0.000000000000
-50.000000000000 29.000000000000 0.000000000000
-50.000000000000 30.000000000000 0.000000000000
-50.000000000000 31.000000000000 0.000000000000
-50.000000000000 32.000000000000 0.000000000000
-50.000000000000 33.000000000000 0.000000000000
-50.000000000000 34.000000000000 0.000000000000
-50.000000000000 35.000000000000 0.000000000000
-50.000000000000 36.000000000000 0.000000000000
-50.000000000000 37.000000000000 0.000000000000
-50.000000000000 38.000000000000 0.000000000000
-50.000000000000 39.000000000000 0.000000000000
-50.000000000000 40.000000000000 0.000000000000
-50.000000000000 41.000000000000 0.000000000000
-50.000000000000 42.000000000000 0.000000000000
-50.000000000000 43.000000000000 0.000000000000
-50.000000000000 44.000000000000 0.000000000000
-50.000000000000 45.000000000000 0.000000000000
-50.000000000000 46.000000000000 0.000000000000
-50.000000000000 47.000000000000 0.000000000000
-50.000000000000 48.000000000000 0.000000000000
-50.000000000000 49.000000000000 0.000000000000
-50.000000000000 50.000000000000 0.000000000000
-50.000000000000 51.000000000000 0.000000000000

-49.000000000000 -51.000000000000 0.000000000000
-49.000000000000 -50.000000000000 0.000000000000
-49.000000000000 -49.000000000000 0.000000000000
-49.000000000000 -48.000000000000 0.000000000000
-49.000000000000 -47.000000000000 0.000000000000
-49.000000000000 -46.000000000000 0.000000000000
-49.000000000000 -45.000000000000 0.000000000000
-49.000000000000 -44.000000000000 0.000000000000
-49.000000000000 -43.000000000000 0.000000000000
-49.000000000000 -42.000000000000 0.000000000000
-49.000000000000 -41.000000000000 0.000000000000
-49.000000000000 -40.000000000000 0.000000000000
-49.000000000000 -39.000000000000 0.000000000000
-49.000000000000 -38.000000000000 0.000000000000
-49.000000000000 -37.000000000000 0.000000000000
-49.000000000000 -36.000000000000 0.000000000000
-49.000000000000 -35.000000000000 0.000000000000
-49.000000000000 -34.000000000000 0.000000000000
-49.000000000000 -33.000000000000 0.000000000000
-49.000000000000 -32.000000000000 0.000000000000
-49.000000000000 -31.000000000000 0.000000000000
-49.000000000000 -30.000000000000 0.000000000000
-49.000000000000 -29.000000000000 0.000000000000
-49.000000000000 -28.000000000000 0.000000000000
-49.000000000000 -27.000000000000 0.000000000000
-49.000000000000 -26.000000000000 0.000000000000
-49.000000000000 -25.000000000000 0.000000000000
-49.000000000000 -24.000000000000 0.000000000000
-49.000000000000 -23.000000000000 0.000000000000
-49.000000000000 -22.000000000000 0.000000000000
-49.000000000000 -21.000000000000 0.000000000000
-49.000000000000 -20.000000000000 0.000000000000
-49.000000000000 -19.000000000000 0.000000000000
-49.000000000000 -18.000000000000 0.000000000000
-49.000000000000 -17.000000000000 0.000000000000
-49.000000000000 -16.000000000000 0.000000000000
-49.000000000000 -15.000000000000 0.000000000000
-49.000000000000 -14.000000000000 0.000000000000
-49.000000000000 -13.000000000000 0.000000000000
-49.000000000000 -12.000000000000 0.000000000000
-49.000000000000 -11.000000000000 0.000000000000
-49.000000000000 -10.000000000000 0.000000000000
-49.000000000000 -9.000000000000 0.000000000000
-49.000000000000 -8.000000000000 0.000000000000
-49.000000000000 -7.000000000000 0.000000000000
-49.000000000000 -6.000000000000 0.000000000000
-49.000000000000 -5.000000000000 0.000000000000
-49.000000000000 -4.000000000000 0.000000000000
-49.000000000000 -3.000000000000 0.000000000000
-49.000000000000 -2.000000000000 0.000000000000
-49.000000000000 -1.000000000000 0.000000000000
-49.000000000000 0.000000000000 0.000000000000
-49.000000000000 1.000000000000 0.000000000000
-49.000000000000 2.000000000000 0.000000000000
-49.000000000000 3.000000000000 0.000000000000
-49.000000000000 4.000000000000 0.000000000000
-49.000000000000 5.000000000000 0.000000000000
-49.000000000000 6.000000000000 0.000000000000
-49.000000000000 7.000000000000 0.000000000000
-49.000000000000 8.000000000000 0.000000000000
-49.000000000000 9.000000000000 0.000000000000
-49.000000000000 10.000000000000 0.000000000000
-49.000000000000 11.000000000000 0.000000000000
-49.000000000000 12.000000000000 0.000000000000
-49.000000000000 13.000000000000 0.000000000000
-49.000000000000 14.000000000000 0.000000000000
-49.000000000000 15.000000000000 0.000000000000
-49.000000000000 16.000000000000 0.000000000000
-49.000000000000 17.000000000000 0.000000000000
-49.000000000000 18.000000000000 0.000000000000
-49.000000000000 19.000000000000 0.000000000000
-49.000000000000 20.000000000000 0.000000000000
-49.000000000000 21.000000000000 0.000000000000
-49.000000000000 22.000000000000 0.000000000000
-49.000000000000 23.000000000000 0.000000000000
-49.000000000000 24.000000000000 0.000000000000
-49.000000000000 25.000000000000 0.000000000000
-49.000000000000 26.000000000000 0.000000000000
-49.000000000000 27.000000000000 0.000000000000
-49.000000000000 28.000000000000 0.000000000000
-49.000000000000 29.000000000000 0.000000000000
-49.000000000000 30.000000000000 0.000000000000
-49.000000000000 31.000000000000 0.000000000000
-49.000000000000 32.000000000000 0.000000000000
-49.000000000000 33.000000000000 0.000000000000
-49.000000000000 34.000000000000 0.000000000000
-49.000000000000 35.000000000000 0.000000000000
-49.000000000000 36.000000000000 0.000000000000
-49.000000000000 37.000000000000 0.000000000000
-49.000000000000 38.000000000000 0.000000000000
-49.000000000000 39.000000000000 0.000000000000
-49.000000000000 40.000000000000 0.000000000000
-49.000000000000 41.000000000000 0.000000000000
-49.000000000000 42.000000000000 0.000000000000
-49.000000000000 43.000000000000 0.000000000000
-49.000000000000 44.000000000000 0.000000000000
-49.000000000000 45.000000000000 0.000000000000
-49.000000000000 46.000000000000 0.000000000000
-49.000000000000 47.000000000000 0.000000000000
-49.000000000000 48.000000000000 0.000000000000
-49.000000000000 49.000000000000 0.000000000000
-49.000000000000 50.000000000000 0.000000000000
-49.000000000000 51.000000000000 0.000000000000

-48.000000000000 -51.000000000000 0.000000000000
-48.000000000000 -50.000000000000 0.000000000000
-48.000000000000 -49.000000000000 0.000000000000
-48.000000000000 -48.000000000000 0.000000000000
-48.000000000000 -47.000000000000 0.000000000000
-48.000000000000 -46.000000000000 0.000000000000
-48.000000000000 -45.000000000000 0.000000000000
-48.000000000000 -44.000000000000 0.000000000000
-48.000000000000 -43.000000000000 0.000000000000
-48.000000000000 -42.000000000000 0.000000000001
-48.000000000000 -41.000000000000 0.000000000003
-48.000000000000 -40.000000000000 0.000000000004
-48.000000000000 -39.000000000000 0.000000000004
-48.000000000000 -38.000000000000 0.000000000005
-48.000000000000 -37.000000000000 0.000000000005
-48.000000000000 -36.000000000000 0.000000000006
-48.000000000000 -35.000000000000 0.000000000007
-48.000000000000 -34.000000000000 0.000000000007
-48.000000000000 -33.000000000000 0.000000000008
-48.000000000000 -32.000000000000 0.000000000009
-48.000000000000 -31.000000000000 0.000000000010
-48.000000000000 -30.000000000000 0.000000000012
-48.000000000000 -29.000000000000 0.000000000013
-48.000000000000 -28.000000000000 0.000000000015
-48.000000000000 -27.000000000000 0.000000000016
-48.000000000000 -26.000000000000 0.000000000018
-48.000000000000 -25.000000000000 0.000000000020
-48.000000000000 -24.000000000000 0.000000000022
-48.000000000000 -23.000000000000 0.000000000024
-48.000000000000 -22.000000000000 0.000000000027
-48.000000000000 -21.000000000000 0.000000000029
-48.000000000000 -20.000000000000 0.000000000032
-48.000000000000 -19.000000000000 0.000000000035
-48.000000000000 -18.000000000000 0.000000000038
-48.000000000000 -17.000000000000 0.000000000041
-48.000000000000 -16.000000000000 0.000000000044
-48.000000000000 -15.000000000000 0.000000000047
-48.000000000000 -14.000000000000 0.000000000050
-48.000000000000 -13.000000000000 0.000000000053
-48.000000000000 -12.000000000000 0.000000000056
-48.000000000000 -11.000000000000 0.000000000059
-48.000000000000 -10.000000000000 0.000000000062
-48.000000000000 -9.000000000000 0.000000000065
-48.000000000000 -8.000000000000 0.000000000067
-48.000000000000 -7.000000000000 0.000000000070
-48.000000000000 -6.000000000000 0.000000000072
-48.000000000000 -5.000000000000 0.000000000074
-48.000000000000 -4.000000000000 0.000000000075
-48.000000000000 -3.000000000000 0.000000000077
-48.000000000000 -2.000000000000 0.000000000078
-48.000000000000 -1.000000000000 0.000000000078
-48.000000000000 0.000000000000 0.000000000078
-48.000000000000 1.000000000000 0.000000000078
-48.000000000000 2.000000000000 0.000000000078
-48.000000000000 3.000000000000 0.000000000077
-48.000000000000 4.000000000000 0.000000000075
-48.000000000000 5.000000000000 0.000000000074
-48.000000000000 6.000000000000 0.000000000072
-48.000000000000 7.000000000000 0.000000000070
-48.000000000000 8.000000000000 0.000000000067
-48.000000000000 9.000000000000 0.000000000065
-48.000000000000 10.000000000000 0.000000000062
-48.000000000000 11.000000000000 0.000000000059
-48.000000000000 12.000000000000 0.000000000056
-48.000000000000 13.000000000000 0.000000000053
-48.000000000000 14.000000000000 0.000000000050
-48.000000000000 15.000000000000 0.000000000047
-48.000000000000 16.000000000000 0.000000000044
-48.000000000000 17.000000000000 0.000000000041
-48.000000000000 18.000000000000 0.000000000038
-48.000000000000 19.000000000000 0.000000000035
-48.000000000000 20.000000000000 0.000000000032
-48.000000000000 21.000000000000 0.000000000029
-48.000000000000 22.000000000000 0.000000000027
-48.000000000000 23.000000000000 0.000000000024
-48.000000000000 24.000000000000 0.000000000022
-48.000000000000 25.000000000000 0.000000000020
-48.000000000000 26.000000000000 0.000000000018
-48.000000000000 27.000000000000 0.000000000016
-48.000000000000 28.000000000000 0.000000000015
-48.000000000000 29.000000000000 0.000000000013
-48.000000000000 30.000000000000 0.000000000012
-48.000000000000 31.000000000000 0.000000000010
-48.000000000000 32.000000000000 0.000000000009
-48.000000000000 33.000000000000 0.000000000008
-48.000000000000 34.000000000000 0.000000000007
-48.000000000000 35.000000000000 0.000000000007
-48.000000000000 36.000000000000 0.000000000006
-48.000000000000 37.000000000000 0.000000000005
-48.000000000000 38.000000000000 0.000000000005
-48.000000000000 39.000000000000 0.000000000004
-48.000000000000 40.000000000000 0.000000000004
-48.000000000000 41.000000000000 0.000000000003
-48.000000000000 42.000000000000 0.000000000001
-48.000000000000 43.000000000000 0.000000000000
-48.000000000000 44.000000000000 0.000000000000
-48.000000000000 45.000000000000 0.000000000000
-48.000000000000 46.000000000000 0.000000000000
-48.000000000000 47.000000000000 0.000000000000
-48.000000000000 48.000000000000 0.000000000000
-48.000000000000 49.000000000000 0.000000000000
-48.000000000000 50.000000000000 0.000000000000
-48.000000000000 51.000000000000 0.000000000000

-47.000000000000 -51.000000000000 0.000000000000
-47.000000000000 -50.000000000000 0.000000000000
-47.000000000000 -49.000000000000 0.000000000000
-47.000000000000 -48.000000000000 0.000000000000
-47.000000000000 -47.000000000000 0.000000000000
-47.000000000000 -46.000000000000 0.000000000001
-47.000000000000 -45.000000000000 0.000000000005
-47.000000000000 -44.000000000000 0.000000000030
-47.000000000000 -43.000000000000 0.000000000144
-47.000000000000 -42.000000000000 0.000000000515
-47.000000000000 -41.000000000000 0.000000001226
-47.000000000000 -40.000000000000 0.000000001547
-47.000000000000 -39.000000000000 0.000000001709
-47.000000000000 -38.000000000000 0.000000001856
-47.000000000000 -37.000000000000 0.000000002023
-47.000000000000 -36.000000000000 0.000000002219
-47.000000000000 -35.000000000000 0.000000002447
-47.000000000000 -34.000000000000 0.000000002708
-47.000000000000 -33.000000000000 0.000000003004
-47.000000000000 -32.000000000000 0.000000003337
-47.000000000000 -31.000000000000 0.000000003707
-47.000000000000 -30.000000000000 0.000000004117
-47.000000000000 -29.000000000000 0.000000004567
-47.000000000000 -28.000000000000 0.000000005060
-47.000000000000 -27.000000000000 0.000000005595
-47.000000000000 -26.000000000000 0.000000006173
-47.000000000000 -25.000000000000 0.000000006794
-47.000000000000 -24.000000000000 0.000000007458
-47.000000000000 -23.000000000000 0.000000008165
-47.000000000000 -22.000000000000 0.000000008911
-47.000000000000 -21.000000000000 0.000000009696
-47.000000000000 -20.000000000000 0.000000010516
-47.000000000000 -19.000000000000 0.000000011368
-47.000000000000 -18.000000000000 0.000000012248
-47.000000000000 -17.000000000000 0.000000013149
-47.000000000000 -16.000000000000 0.000000014066
-47.000000000000 -15.000000000000 0.000000014992
-47.000000000000 -14.000000000000 0.000000015919
-47.000000000000 -13.000000000000 0.000000016839
-47.000000000000 -12.000000000000 0.000000017744
-47.000000000000 -11.000000000000 0.000000018624
-47.000000000000 -10.000000000000 0.000000019470
-47.000000000000 -9.000000000000 0.000000020272
-47.000000000000 -8.000000000000 0.000000021020
-47.000000000000 -7.000000000000 0.000000021706
-47.000000000000 -6.000000000000 0.000000022321
-47.000000000000 -5.000000000000 0.000000022856
-47.000000000000 -4.000000000000 0.000000023304
-47.000000000000 -3.000000000000 0.000000023659
-47.000000000000 -2.000000000000 0.000000023917
-47.000000000000 -1.000000000000 0.000000024073
-47.000000000000 0.000000000000 0.000000024125
-47.000000000000 1.000000000000 0.000000024073
-47.000000000000 2.000000000000 0.000000023917
-47.000000000000 3.000000000000 0.000000023659
-47.000000000000 4.000000000000 0.000000023304
-47.000000000000 5.000000000000 0.000000022856
-47.000000000000 6.000000000000 0.000000022321
-47.000000000000 7.000000000000 0.000000021706
-47.000000000000 8.000000000000 0.000000021020
-47.000000000000 9.000000000000 0.000000020272
-47.000000000000 10.000000000000 0.000000019470
-47.000000000000 11.000000000000 0.000000018624
-47.000000000000 12.000000000000 0.000000017744
-47.000000000000 13.000000000000 0.000000016839
-47.000000000000 14.000000000000 0.000000015919
-47.000000000000 15.000000000000 0.000000014992
-47.000000000000 16.000000000000 0.000000014066
-47.000000000000 17.000000000000 0.000000013149
-47.000000000000 18.000000000000 0.000000012248
-47.000000000000 19.000000000000 0.000000011368
-47.000000000000 20.000000000000 0.000000010516
-47.000000000000 21.000000000000 0.000000009696
-47.000000000000 22.000000000000 0.000000008911
-47.000000000000 23.000000000000 0.000000008165
-47.000000000000 24.000000000000 0.000000007458
-47.000000000000 25.000000000000 0.000000006794
-47.000000000000 26.000000000000 0.000000006173
-47.000000000000 27.000000000000 0.000000005595
-47.000000000000 28.000000000000 0.000000005060
-47.000000000000 29.000000000000 0.000000004567
-47.000000000000 30.000000000000 0.000000004117
-47.000000000000 31.000000000000 0.000000003707
-47.000000000000 32.000000000000 0.000000003337
-47.000000000000 33.000000000000 0.000000003004
-47.000000000000 34.000000000000 0.000000002708
-47.000000000000 35.000000000000 0.000000002447
-47.000000000000 36.000000000000 0.000000002219
-47.000000000000 37.000000000000 0.000000002023
-47.000000000000 38.000000000000 0.000000001856
-47.000000000000 39.000000000000 0.000000001709
-47.000000000000 40.000000000000 0.000000001547
-47.000000000000 41.000000000000 0.000000001226
-47.000000000000 42.000000000000 0.000000000515
-47.000000000000 43.000000000000 0.000000000144
-47.000000000000 44.000000000000 0.000000000030
-47.000000000000 45.000000000000 0.000000000005
-47.000000000000 46.000000000000 0.000000000001
-47.000000000000 47.000000000000 0.000000000000
-47.000000000000 48.000000000000 0.000000000000
-47.000000000000 49.000000000000 0.000000000000
-47.000000000000 50.000000000000 0.000000000000
-47.000000000000 51.000000000000 0.000000000000

-46.000000000000 -51.000000000000 0.000000000000
-46.000000000000 -50.000000000000 0.000000000000
-46.000000000000 -49.000000000000 0.000000000000
-46.000000000000 -48.000000000000 0.000000000000
-46.000000000000 -47.000000000000 0.000000000001
-46.000000000000 -46.000000000000 0.000000000017
-46.000000000000 -45.000000000000 0.000000000100
-46.000000000000 -44.000000000000 0.000000000538
-46.000000000000 -43.000000000000 0.000000002350
-46.000000000000 -42.000000000000 0.000000007783
-46.000000000000 -41.000000000000 0.000000017381
-46.000000000000 -40.000000000000 0.000000021905
-46.000000000000 -39.000000000000 0.000000024120
-46.000000000000 -38.000000000000 0.000000025983
-46.000000000000 -37.000000000000 0.000000028060
-46.000000000000 -36.000000000000 0.000000030478
-46.000000000000 -35.000000000000 0.000000033266
-46.000000000000 -34.000000000000 0.000000036443
-46.000000000000 -33.000000000000 0.000000040023
-46.000000000000 -32.000000000000 0.000000044018
-46.000000000000 -31.000000000000 0.000000048441
-46.000000000000 -30.000000000000 0.000000053303
-46.000000000000 -29.000000000000 0.000000058612
-46.000000000000 -28.000000000000 0.000000064375
-46.000000000000 -27.000000000000 0.000000070594
-46.000000000000 -26.000000000000 0.000000077270
-46.000000000000 -25.000000000000 0.000000084396
-46.000000000000 -24.000000000000 0.000000091964
-46.000000000000 -23.000000000000 0.000000099956
-46.000000000000 -22.000000000000 0.000000108352
-46.000000000000 -21.000000000000 0.000000117121
-46.000000000000 -20.000000000000 0.000000126229
-46.000000000000 -19.000000000000 0.000000135631
-46.000000000000 -18.000000000000 0.000000145277
-46.000000000000 -17.000000000000 0.000000155107
-46.000000000000 -16.000000000000 0.000000165056
-46.000000000000 -15.000000000000 0.000000175051
-46.000000000000 -14.000000000000 0.000000185011
-46.000000000000 -13.000000000000 0.000000194852
-46.000000000000 -12.000000000000 0.000000204484
-46.000000000000 -11.000000000000 0.000000213813
-46.000000000000 -10.000000000000 0.000000222745
-46.000000000000 -9.000000000000 0.000000231184
-46.000000000000 -8.000000000000 0.000000239036
-46.000000000000 -7.000000000000 0.000000246211
-46.000000000000 -6.000000000000 0.000000252624
-46.000000000000 -5.000000000000 0.000000258195
-46.000000000000 -4.000000000000 0.000000262854
-46.000000000000 -3.000000000000 0.000000266543
-46.000000000000 -2.000000000000 0.000000269214
-46.000000000000 -1.000000000000 0.000000270830
-46.000000000000 0.000000000000 0.000000271371
-46.000000000000 1.000000000000 0.000000270830
-46.000000000000 2.000000000000 0.000000269214
-46.000000000000 3.000000000000 0.000000266543
-46.000000000000 4.000000000000 0.000000262854
-46.000000000000 5.000000000000 0.000000258195
-46.000000000000 6.000000000000 0.000000252624
-46.000000000000 7.000000000000 0.000000246211
-46.000000000000 8.000000000000 0.000000239036
-46.000000000000 9.000000000000 0.000000231184
-46.000000000000 10.000000000000 0.000000222745
-46.000000000000 11.000000000000 0.000000213813
-46.000000000000 12.000000000000 0.000000204484
-46.000000000000 13.000000000000 0.000000194852
-46.000000000000 14.000000000000 0.000000185011
-46.000000000000 15.000000000000 0.000000175051
-46.000000000000 16.000000000000 0.000000165056
-46.000000000000 17.000000000000 0.000000155107
-46.000000000000 18.000000000000 0.000000145277
-46.000000000000 19.000000000000 0.000000135631
-46.000000000000 20.000000000000 0.000000126229
-46.000000000000 21.000000000000 0.000000117121
-46.000000000000 22.000000000000 0.000000108352
-46.000000000000 23.000000000000 0.000000099956
-46.000000000000 24.000000000000 0.000000091964
-46.000000000000 25.000000000000 0.000000084396
-46.000000000000 26.000000000000 0.000000077270
-46.000000000000 27.000000000000 0.000000070594
-46.000000000000 28.000000000000 0.000000064375
-46.000000000000 29.000000000000 0.000000058612
-46.000000000000 30.000000000000 0.000000053303
-46.000000000000 31.000000000000 0.000000048441
-46.000000000000 32.000000000000 0.000000044018
-46.000000000000 33.000000000000 0.000000040023
-46.000000000000 34.000000000000 0.000000036443
-46.000000000000 35.000000000000 0.000000033266
-46.000000000000 36.000000000000 0.000000030478
-46.000000000000 37.000000000000 0.000000028060
-46.000000000000 38.000000000000 0.000000025983
-46.000000000000 39.000000000000 0.000000024120
-46.000000000000 40.000000000000 0.000000021905
-46.000000000000 41.000000000000 0.000000017381
-46.000000000000 42.000000000000 0.000000007783
-46.000000000000 43.000000000000 0.000000002350
-46.000000000000 44.000000000000 0.000000000538
-46.000000000000 45.000000000000 0.000000000100
-46.000000000000 46.000000000000 0.000000000017
-46.000000000000 47.000000000000 0.000000000001
-46.000000000000 48.000000000000 0.000000000000
-46.000000000000 49.000000000000 0.000000000000
-46.000000000000 50.000000000000 0.000000000000
-46.000000000000 51.000000000000 0.000000000000

-45.000000000000 -51.000000000000 0.000000000000
-45.000000000000 -50.000000000000 0.000000000000
-45.000000000000 -49.000000000000 0.000000000000
-45.000000000000 -48.000000000000 0.000000000000
-45.000000000000 -47.000000000000 0.000000000005
-45.000000000000 -46.000000000000 0.000000000100
-45.000000000000 -45.000000000000 0.000000000625
-45.000000000000 -44.000000000000 0.000000003497
-45.000000000000 -43.000000000000 0.000000016004
-45.000000000000 -42.000000000000 0.000000055848
-45.000000000000 -41.000000000000 0.000000130719
-45.000000000000 -40.000000000000 0.000000160556
-45.000000000000 -39.000000000000 0.000000174178
-45.000000000000 -38.000000000000 0.000000185772
-45.000000000000 -37.000000000000 0.000000198778
-45.000000000000 -36.000000000000 0.000000213863
-45.000000000000 -35.000000000000 0.000000231178
-45.000000000000 -34.000000000000 0.000000250798
-45.000000000000 -33.000000000000 0.000000272781
-45.000000000000 -32.000000000000 0.000000297178
-45.000000000000 -31.000000000000 0.000000324029
-45.000000000000 -30.000000000000 0.000000353368
-45.000000000000 -29.000000000000 0.000000385213
-45.000000000000 -28.000000000000 0.000000419567
-45.000000000000 -27.000000000000 0.000000456415
-45.000000000000 -26.000000000000 0.000000495720
-45.000000000000 -25.000000000000 0.000000537422
-45.000000000000 -24.000000000000 0.000000581431
-45.000000000000 -23.000000000000 0.000000627629
-45.000000000000 -22.000000000000 0.000000675866
-45.000000000000 -21.000000000000 0.000000725956
-45.000000000000 -20.000000000000 0.000000777679
-45.000000000000 -19.000000000000 0.000000830778
-45.000000000000 -18.000000000000 0.000000884957
-45.000000000000 -17.000000000000 0.000000939886
-45.000000000000 -16.000000000000 0.000000995200
-45.000000000000 -15.000000000000 0.000001050501
-45.000000000000 -14.000000000000 0.000001105363
-45.000000000000 -13.000000000000 0.000001159333
-45.000000000000 -12.000000000000 0.000001211943
-45.000000000000 -11.000000000000 0.000001262709
-45.000000000000 -10.000000000000 0.000001311142
-45.000000000000 -9.000000000000 0.000001356757
-45.000000000000 -8.000000000000 0.000001399078
-45.000000000000 -7.000000000000 0.000001437647
-45.000000000000 -6.000000000000 0.000001472038
-45.000000000000 -5.000000000000 0.000001501857
-45.000000000000 -4.000000000000 0.000001526758
-45.000000000000 -3.000000000000 0.000001546445
-45.000000000000 -2.000000000000 0.000001560680
-45.000000000000 -1.000000000000 0.000001569292
-45.000000000000 0.000000000000 0.000001572175
-45.000000000000 1.000000000000 0.000001569292
-45.000000000000 2.000000000000 0.000001560680
-45.000000000000 3.000000000000 0.000001546445
-45.000000000000 4.000000000000 0.000001526758
-45.000000000000 5.000000000000 0.000001501857
-45.000000000000 6.000000000000 0.000001472038
-45.000000000000 7.000000000000 0.000001437647
-45.000000000000 8.000000000000 0.000001399078
-45.000000000000 9.000000000000 0.000001356757
-45.000000000000 10.000000000000 0.000001311142
-45.000000000000 11.000000000000 0.000001262709
-45.000000000000 12.000000000000 0.000001211943
-45.000000000000 13.000000000000 0.000001159333
-45.000000000000 14.000000000000 0.000001105363
-45.000000000000 15.000000000000 0.000001050501
-45.000000000000 16.000000000000 0.000000995200
-45.000000000000 17.000000000000 0.000000939886
-45.000000000000 18.000000000000 0.000000884957
-45.000000000000 19.000000000000 0.000000830778
-45.000000000000 20.000000000000 0.000000777679
-45.000000000000 21.000000000000 0.000000725956
-45.000000000000 22.000000000000 0.000000675866
-45.000000000000 23.000000000000 0.000000627629
-45.000000000000 24.000000000000 0.000000581431
-45.000000000000 25.000000000000 0.000000537422
-45.000000000000 26.000000000000 0.000000495720
-45.000000000000 27.000000000000 0.000000456415
-45.000000000000 28.000000000000 0.000000419567
-45.000000000000 29.000000000000 0.000000385213
-45.000000000000 30.000000000000 0.000000353368
-45.000000000000 31.000000000000 0.000000324029
-45.000000000000 32.000000000000 0.000000297178
-45.000000000000 33.000000000000 0.000000272781
-45.000000000000 34.000000000000 0.000000250798
-45.000000000000 35.000000000000 0.000000231178
-45.000000000000 36.000000000000 0.000000213863
-45.000000000000 37.000000000000 0.000000198778
-45.000000000000 38.000000000000 0.000000185772
-45.000000000000 39.000000000000 0.000000174178
-45.000000000000 40.000000000000 0.000000160556
-45.000000000000 41.000000000000 0.000000130719
-45.000000000000 42.000000000000 0.000000055848
-45.000000000000 43.000000000000 0.000000016004
-45.000000000000 44.000000000000 0.000000003497
-45.000000000000 45.000000000000 0.000000000625
-45.000000000000 46.000000000000 0.000000000100
-45.000000000000 47.000000000000 0.000000000005
-45.000000000000 48.000000000000 0.000000000000
-45.000000000000 49.000000000000 0.000000000000
-45.000000000000 50.000000000000 0.000000000000
-45.000000000000 51.000000000000 0.000000000000

-44.000000000000 -51.000000000000 0.000000000000
-44.000000000000 -50.000000000000 0.000000000000
-44.000000000000 -49.000000000000 0.000000000000
-44.000000000000 -48.000000000000 0.000000000000
-44.000000000000 -47.000000000000 0.000000000030
-44.000000000000 -46.000000000000 0.000000000538
-44.000000000000 -45.000000000000 0.000000003497
-44.000000000000 -44.000000000000 0.000000020528
-44.000000000000 -43.000000000000 0.000000099496
-44.000000000000 -42.000000000000 0.000000371718
-44.000000000000 -41.000000000000 0.000000931799
-44.000000000000 -40.000000000000 0.000001104934
-44.000000000000 -39.000000000000 0.000001179498
-44.000000000000 -38.000000000000 0.000001245633
-44.000000000000 -37.000000000000 0.000001320613
-44.000000000000 -36.000000000000 0.000001407305
-44.000000000000 -35.000000000000 0.000001506309
-44.000000000000 -34.000000000000 0.000001617882
-44.000000000000 -33.000000000000 0.000001742198
-44.000000000000 -32.000000000000 0.000001879379
-44.000000000000 -31.000000000000 0.000002029491
-44.000000000000 -30.000000000000 0.000002192536
-44.000000000000 -29.000000000000 0.000002368441
-44.000000000000 -28.000000000000 0.000002557048
-44.000000000000 -27.000000000000 0.000002758100
-44.000000000000 -26.000000000000 0.000002971232
-44.000000000000 -25.000000000000 0.000003195956
-44.000000000000 -24.000000000000 0.000003431654
-44.000000000000 -23.000000000000 0.000003677565
-44.000000000000 -22.000000000000 0.000003932779
-44.000000000000 -21.000000000000 0.000004196228
-44.000000000000 -20.000000000000 0.000004466685
-44.000000000000 -19.000000000000 0.000004742762
-44.000000000000 -18.000000000000 0.000005022912
-44.000000000000 -17.000000000000 0.000005305433
-44.000000000000 -16.000000000000 0.000005588482
-44.000000000000 -15.000000000000 0.000005870082
-44.000000000000 -14.000000000000 0.000006148145
-44.000000000000 -13.000000000000 0.000006420488
-44.000000000000 -12.000000000000 0.000006684864
-44.000000000000 -11.000000000000 0.000006938988
-44.000000000000 -10.000000000000 0.000007180567
-44.000000000000 -9.000000000000 0.000007407339
-44.000000000000 -8.000000000000 0.000007617105
-44.000000000000 -7.000000000000 0.000007807768
-44.000000000000 -6.000000000000 0.000007977370
-44.000000000000 -5.000000000000 0.000008124130
-44.000000000000 -4.000000000000 0.000008246473
-44.000000000000 -3.000000000000 0.000008343067
-44.000000000000 -2.000000000000 0.000008412844
-44.000000000000 -1.000000000000 0.000008455026
-44.000000000000 0.000000000000 0.000008469139
-44.000000000000 1.000000000000 0.000008455026
-44.000000000000 2.000000000000 0.000008412844
-44.000000000000 3.000000000000 0.000008343067
-44.000000000000 4.000000000000 0.000008246473
-44.000000000000 5.000000000000 0.000008124130
-44.000000000000 6.000000000000 0.000007977370
-44.000000000000 7.000000000000 0.000007807768
-44.000000000000 8.000000000000 0.000007617105
-44.000000000000 9.000000000000 0.000007407339
-44.000000000000 10.000000000000 0.000007180567
-44.000000000000 11.000000000000 0.000006938988
-44.000000000000 12.000000000000 0.000006684864
-44.000000000000 13.000000000000 0.000006420488
-44.000000000000 14.000000000000 0.000006148145
-44.000000000000 15.000000000000 0.000005870082
-44.000000000000 16.000000000000 0.000005588482
-44.000000000000 17.000000000000 0.000005305433
-44.000000000000 18.000000000000 0.000005022912
-44.000000000000 19.000000000000 0.000004742762
-44.000000000000 20.000000000000 0.000004466685
-44.000000000000 21.000000000000 0.000004196228
-44.000000000000 22.000000000000 0.000003932779
-44.000000000000 23.000000000000 0.000003677565
-44.000000000000 24.000000000000 0.000003431654
-44.000000000000 25.000000000000 0.000003195956
-44.000000000000 26.000000000000 0.000002971232
-44.000000000000 27.000000000000 0.000002758100
-44.000000000000 28.000000000000 0.000002557048
-44.000000000000 29.000000000000 0.000002368441
-44.000000000000 30.000000000000 0.000002192536
-44.000000000000 31.000000000000 0.000002029491
-44.000000000000 32.000000000000 0.000001879379
-44.000000000000 33.000000000000 0.000001742198
-44.000000000000 34.000000000000 0.000001617882
-44.000000000000 35.000000000000 0.000001506309
-44.000000000000 36.000000000000 0.000001407305
-44.000000000000 37.000000000000 0.000001320613
-44.000000000000 38.000000000000 0.000001245633
-44.000000000000 39.000000000000 0.000001179498
-44.000000000000 40.000000000000 0.000001104934
-44.000000000000 41.000000000000 0.000000931799
-44.000000000000 42.000000000000 0.000000371718
-44.000000000000 43.000000000000 0.000000099496
-44.000000000000 44.000000000000 0.000000020528
-44.000000000000 45.000000000000 0.000000003497
-44.000000000000 46.000000000000 0.000000000538
-44.000000000000 47.000000000000 0.000000000030
-44.000000000000 48.000000000000 0.000000000000
-44.000000000000 49.000000000000 0.000000000000
-44.000000000000 50.000000000000 0.000000000000
-44.000000000000 51.000000000000 0.000000000000

-43.000000000000 -51.000000000000 0.000000000000
-43.000000000000 -50.000000000000 0.000000000000
-43.000000000000 -49.000000000000 0.000000000000
-43.000000000000 -48.000000000000 0.000000000000
-43.000000000000 -47.000000000000 0.000000000144
-43.000000000000 -46.000000000000 0.000000002350
-43.000000000000 -45.000000000000 0.000000016004
-43.000000000000 -44.000000000000 0.000000099496
-43.000000000000 -43.000000000000 0.000000518957
-43.000000000000 -42.000000000000 0.000002130414
-43.000000000000 -41.000000000000 0.000005958799
-43.000000000000 -40.000000000000 0.000006703446
-43.000000000000 -39.000000000000 0.000007031118
-43.000000000000 -38.000000000000 0.000007351843
-43.000000000000 -37.000000000000 0.000007721011
-43.000000000000 -36.000000000000 0.000008146343
-43.000000000000 -35.000000000000 0.000008629343
-43.000000000000 -34.000000000000 0.000009170510
-43.000000000000 -33.000000000000 0.000009769971
-43.000000000000 -32.000000000000 0.000010427561
-43.000000000000 -31.000000000000 0.000011142811
-43.000000000000 -30.000000000000 0.000011914931
-43.000000000000 -29.000000000000 0.000012742772
-43.000000000000 -28.000000000000 0.000013624796
-43.000000000000 -27.000000000000 0.000014559041
-43.000000000000 -26.000000000000 0.000015543079
-43.000000000000 -25.000000000000 0.000016573988
-43.000000000000 -24.000000000000 0.000017648323
-43.000000000000 -23.000000000000 0.000018762087
-43.000000000000 -22.000000000000 0.000019910714
-43.000000000000 -21.000000000000 0.000021089060
-43.000000000000 -20.000000000000 0.000022291402
-43.000000000000 -19.000000000000 0.000023511441
-43.000000000000 -18.000000000000 0.000024742331
-43.000000000000 -17.000000000000 0.000025976703
-43.000000000000 -16.000000000000 0.000027206716
-43.000000000000 -15.000000000000 0.000028424114
-43.000000000000 -14.000000000000 0.000029620297
-43.000000000000 -13.000000000000 0.000030786407
-43.000000000000 -12.000000000000 0.000031913426
-43.000000000000 -11.000000000000 0.000032992282
-43.000000000000 -10.000000000000 0.000034013968
-43.000000000000 -9.000000000000 0.000034969667
-43.000000000000 -8.000000000000 0.000035850878
-43.000000000000 -7.000000000000 0.000036649551
-43.000000000000 -6.000000000000 0.000037358215
-43.000000000000 -5.000000000000 0.000037970099
-43.000000000000 -4.000000000000 0.000038479256
-43.000000000000 -3.000000000000 0.000038880661
-43.000000000000 -2.000000000000 0.000039170307
-43.000000000000 -1.000000000000 0.000039345277
-43.000000000000 0.000000000000 0.000039403799
-43.000000000000 1.000000000000 0.000039345277
-43.000000000000 2.000000000000 0.000039170307
-43.000000000000 3.000000000000 0.000038880661
-43.000000000000 4.000000000000 0.000038479256
-43.000000000000 5.000000000000 0.000037970099
-43.000000000000 6.000000000000 0.000037358215
-43.000000000000 7.000000000000 0.000036649551
-43.000000000000 8.000000000000 0.000035850878
-43.000000000000 9.000000000000 0.000034969667
-43.000000000000 10.000000000000 0.000034013968
-43.000000000000 11.000000000000 0.000032992282
-43.000000000000 12.000000000000 0.000031913426
-43.000000000000 13.000000000000 0.000030786407
-43.000000000000 14.000000000000 0.000029620297
-43.000000000000 15.000000000000 0.000028424114
-43.000000000000 16.000000000000 0.000027206716
-43.000000000000 17.000000000000 0.000025976703
-43.000000000000 18.000000000000 0.000024742331
-43.000000000000 19.000000000000 0.000023511441
-43.000000000000 20.000000000000 0.000022291402
-43.000000000000 21.000000000000 0.000021089060
-43.000000000000 22.000000000000 0.000019910714
-43.000000000000 23.000000000000 0.000018762087
-43.000000000000 24.000000000000 0.000017648323
-43.000000000000 25.000000000000 0.000016573988
-43.000000000000 26.000000000000 0.000015543079
-43.000000000000 27.000000000000 0.000014559041
-43.000000000000 28.000000000000 0.000013624796
-43.000000000000 29.000000000000 0.000012742772
-43.000000000000 30.000000000000 0.000011914931
-43.000000000000 31.000000000000 0.000011142811
-43.000000000000 32.000000000000 0.000010427561
-43.000000000000 33.000000000000 0.000009769971
-43.000000000000 34.000000000000 0.000009170510
-43.000000000000 35.000000000000 0.000008629343
-43.000000000000 36.000000000000 0.000008146343
-43.000000000000 37.000000000000 0.000007721011
-43.000000000000 38.000000000000 0.000007351843
-43.000000000000 39.000000000000 0.000007031118
-43.000000000000 40.000000000000 0.000006703446
-43.000000000000 41.000000000000 0.000005958799
-43.000000000000 42.000000000000 0.000002130414
-43.000000000000 43.000000000000 0.000000518957
-43.000000000000 44.000000000000 0.000000099496
-43.000000000000 45.000000000000 0.000000016004
-43.000000000000 46.000000000000 0.000000002350
-43.000000000000 47.000000000000 0.000000000144
-43.000000000000 48.000000000000 0.000000000000
-43.000000000000 49.000000000000 0.000000000000
-43.000000000000 50.000000000000 0.000000000000
-43.000000000000 51.000000000000 0.000000000000

-42.000000000000 -51.000000000000 0.000000000000
-42.000000000000 -50.000000000000 0.000000000000
-42.000000000000 -49.000000000000 0.000000000000
-42.000000000000 -48.000000000000 0.000000000001
-42.000000000000 -47.000000000000 0.000000000515
-42.000000000000 -46.000000000000 0.000000007783
-42.000000000000 -45.000000000000 0.000000055848
-42.000000000000 -44.000000000000 0.000000371718
-42.000000000000 -43.000000000000 0.000002130414
-42.000000000000 -42.000000000000 0.000010012227
-42.000000000000 -41.000000000000 0.000033989145
-42.000000000000 -40.000000000000 0.000035115235
-42.000000000000 -39.000000000000 0.000036202126
-42.000000000000 -38.000000000000 0.000037492328
-42.000000000000 -37.000000000000 0.000038998446
-42.000000000000 -36.000000000000 0.000040724707
-42.000000000000 -35.000000000000 0.000042672321
-42.000000000000 -34.000000000000 0.000044840628
-42.000000000000 -33.000000000000 0.000047227505
-42.000000000000 -32.000000000000 0.000049829513
-42.000000000000 -31.000000000000 0.000052641929
-42.000000000000 -30.000000000000 0.000055658720
-42.000000000000 -29.000000000000 0.000058872494
-42.000000000000 -28.000000000000 0.000062274440
-42.000000000000 -27.000000000000 0.000065854259
-42.000000000000 -26.000000000000 0.000069600108
-42.000000000000 -25.000000000000 0.000073498540
-42.000000000000 -24.000000000000 0.000077534468
-42.000000000000 -23.000000000000 0.000081691134
-42.000000000000 -22.000000000000 0.000085950106
-42.000000000000 -21.000000000000 0.000090291294
-42.000000000000 -20.000000000000 0.000094692994
-42.000000000000 -19.000000000000 0.000099131957
-42.000000000000 -18.000000000000 0.000103583492
-42.000000000000 -17.000000000000 0.000108021602
-42.000000000000 -16.000000000000 0.000112419153
-42.000000000000 -15.000000000000 0.000116748072
-42.000000000000 -14.000000000000 0.000120979585
-42.000000000000 -13.000000000000 0.000125084481
-42.000000000000 -12.000000000000 0.000129033408
-42.000000000000 -11.000000000000 0.000132797193
-42.000000000000 -10.000000000000 0.000136347179
-42.000000000000 -9.000000000000 0.000139655580
-42.000000000000 -8.000000000000 0.000142695842
-42.000000000000 -7.000000000000 0.000145443006
-42.000000000000 -6.000000000000 0.000147874060
-42.000000000000 -5.000000000000 0.000149968280
-42.000000000000 -4.000000000000 0.000151707539
-42.000000000000 -3.000000000000 0.000153076593
-42.000000000000 -2.000000000000 0.000154063321
-42.000000000000 -1.000000000000 0.000154658919
-42.000000000000 0.000000000000 0.000154858049
-42.000000000000 1.000000000000 0.000154658919
-42.000000000000 2.000000000000 0.000154063321
-42.000000000000 3.000000000000 0.000153076593
-42.000000000000 4.000000000000 0.000151707539
-42.000000000000 5.000000000000 0.000149968280
-42.000000000000 6.000000000000 0.000147874060
-42.000000000000 7.000000000000 0.000145443006
-42.000000000000 8.000000000000 0.000142695842
-42.000000000000 9.000000000000 0.000139655580
-42.000000000000 10.000000000000 0.000136347179
-42.000000000000 11.000000000000 0.000132797193
-42.000000000000 12.000000000000 0.000129033408
-42.000000000000 13.000000000000 0.000125084481
-42.000000000000 14.000000000000 0.000120979585
-42.000000000000 15.000000000000 0.000116748072
-42.000000000000 16.000000000000 0.000112419153
-42.000000000000 17.000000000000 0.000108021602
-42.000000000000 18.000000000000 0.000103583492
-42.000000000000 19.000000000000 0.000099131957
-42.000000000000 20.000000000000 0.000094692994
-42.000000000000 21.000000000000 0.000090291294
-42.000000000000 22.000000000000 0.000085950106
-42.000000000000 23.000000000000 0.000081691134
-42.000000000000 24.000000000000 0.000077534468
-42.000000000000 25.000000000000 0.000073498540
-42.000000000000 26.000000000000 0.000069600108
-42.000000000000 27.000000000000 0.000065854259
-42.000000000000 28.000000000000 0.000062274440
-42.000000000000 29.000000000000 0.000058872494
-42.000000000000 30.000000000000 0.000055658720
-42.000000000000 31.000000000000 0.000052641929
-42.000000000000 32.000000000000 0.000049829513
-42.000000000000 33.000000000000 0.000047227505
-42.000000000000 34.000000000000 0.000044840628
-42.000000000000 35.000000000000 0.000042672321
-42.000000000000 36.000000000000 0.000040724707
-42.000000000000 37.000000000000 0.000038998446
-42.000000000000 38.000000000000 0.000037492328
-42.000000000000 39.000000000000 0.000036202126
-42.000000000000 40.000000000000 0.000035115235
-42.000000000000 41.000000000000 0.000033989145
-42.000000000000 42.000000000000 0.000010012227
-42.000000000000 43.000000000000 0.000002130414
-42.000000000000 44.000000000000 0.000000371718
-42.000000000000 45.000000000000 0.000000055848
-42.000000000000 46.000000000000 0.000000007783
-42.000000000000 47.000000000000 0.000000000515
-42.000000000000 48.000000000000 0.000000000001
-42.000000000000 49.000000000000 0.000000000000
-42.000000000000 50.000000000000 0.000000000000
-42.000000000000 51.000000000000 0.000000000000

-41.000000000000 -51.000000000000 0.000000000000
-41.000000000000 -50.000000000000 0.000000000000
-41.000000000000 -49.000000000000 0.000000000000
-41.000000000000 -48.000000000000 0.000000000003
-41.000000000000 -47.000000000000 0.000000001226
-41.000000000000 -46.000000000000 0.000000017381
-41.000000000000 -45.000000000000 0.000000130719
-41.000000000000 -44.000000000000 0.000000931799
-41.000000000000 -43.000000000000 0.000005958799
-41.000000000000 -42.000000000000 0.000033989145
-41.000000000000 -41.000000000000 0.000035374926
-41.000000000000 -40.000000000000 0.000036298348
-41.000000000000 -39.000000000000 0.000037407592
-41.000000000000 -38.000000000000 0.000038726979
-41.000000000000 -37.000000000000 0.000040266742
-41.000000000000 -36.000000000000 0.000042031070
-41.000000000000 -35.000000000000 0.000044021140
-41.000000000000 -34.000000000000 0.000046236211
-41.000000000000 -33.000000000000 0.000048674046
-41.000000000000 -32.000000000000 0.000051331060
-41.000000000000 -31.000000000000 0.000054202352
-41.000000000000 -30.000000000000 0.000057281687
-41.000000000000 -29.000000000000 0.000060561442
-41.000000000000 -28.000000000000 0.000064032551
-41.000000000000 -27.000000000000 0.000067684438
-41.000000000000 -26.000000000000 0.000071504955
-41.000000000000 -25.000000000000 0.000075480330
-41.000000000000 -24.000000000000 0.000079595129
-41.000000000000 -23.000000000000 0.000083832225
-41.000000000000 -22.000000000000 0.000088172799
-41.000000000000 -21.000000000000 0.000092596359
-41.000000000000 -20.000000000000 0.000097080778
-41.000000000000 -19.000000000000 0.000101602374
-41.000000000000 -18.000000000000 0.000106136012
-41.000000000000 -17.000000000000 0.000110655242
-41.000000000000 -16.000000000000 0.000115132471
-41.000000000000 -15.000000000000 0.000119539163
-41.000000000000 -14.000000000000 0.000123846085
-41.000000000000 -13.000000000000 0.000128023571
-41.000000000000 -12.000000000000 0.000132041821
-41.000000000000 -11.000000000000 0.000135871224
-41.000000000000 -10.000000000000 0.000139482704
-41.000000000000 -9.000000000000 0.000142848076
-41.000000000000 -8.000000000000 0.000145940410
-41.000000000000 -7.000000000000 0.000148734397
-41.000000000000 -6.000000000000 0.000151206708
-41.000000000000 -5.000000000000 0.000153336337
-41.000000000000 -4.000000000000 0.000155104911
-41.000000000000 -3.000000000000 0.000156496983
-41.000000000000 -2.000000000000 0.000157500269
-41.000000000000 -1.000000000000 0.000158105849
-41.000000000000 0.000000000000 0.000158308314
-41.000000000000 1.000000000000 0.000158105849
-41.000000000000 2.000000000000 0.000157500269
-41.000000000000 3.000000000000 0.000156496983
-41.000000000000 4.000000000000 0.000155104911
-41.000000000000 5.000000000000 0.000153336337
-41.000000000000 6.000000000000 0.000151206708
-41.000000000000 7.000000000000 0.000148734397
-41.000000000000 8.000000000000 0.000145940410
-41.000000000000 9.000000000000 0.000142848076
-41.000000000000 10.000000000000 0.000139482704
-41.000000000000 11.000000000000 0.000135871224
-41.000000000000 12.000000000000 0.000132041821
-41.000000000000 13.000000000000 0.000128023571
-41.000000000000 14.000000000000 0.000123846085
-41.000000000000 15.000000000000 0.000119539163
-41.000000000000 16.000000000000 0.000115132471
-41.000000000000 17.000000000000 0.000110655242
-41.000000000000 18.000000000000 0.000106136012
-41.000000000000 19.000000000000 0.000101602374
-41.000000000000 20.000000000000 0.000097080778
-41.000000000000 21.000000000000 0.000092596359
-41.000000000000 22.000000000000 0.000088172799
-41.000000000000 23.000000000000 0.000083832225
-41.000000000000 24.000000000000 0.000079595129
-41.000000000000 25.000000000000 0.000075480330
-41.000000000000 26.000000000000 0.000071504955
-41.000000000000 27.000000000000 0.000067684438
-41.000000000000 28.000000000000 0.000064032551
-41.000000000000 29.000000000000 0.000060561442
-41.000000000000 30.000000000000 0.000057281687
-41.000000000000 31.000000000000 0.000054202352
-41.000000000000 32.000000000000 0.000051331060
-41.000000000000 33.000000000000 0.000048674046
-41.000000000000 34.000000000000 0.000046236211
-41.000000000000 35.000000000000 0.000044021140
-41.000000000000 36.000000000000 0.000042031070
-41.000000000000 37.000000000000 0.000040266742
-41.000000000000 38.000000000000 0.000038726979
-41.000000000000 39.000000000000 0.000037407592
-41.000000000000 40.000000000000 0.000036298348
-41.000000000000 41.000000000000 0.000035374926
-41.000000000000 42.000000000000 0.000033989145
-41.000000000000 43.000000000000 0.000005958799
-41.000000000000 44.000000000000 0.000000931799
-41.000000000000 45.000000000000 0.000000130719
-41.000000000000 46.000000000000 0.000000017381
-41.000000000000 47.000000000000 0.000000001226
-41.000000000000 48.000000000000 0.000000000003
-41.000000000000 49.000000000000 0.000000000000
-41.000000000000 50.000000000000 0.000000000000
-41.000000000000 51.000000000000 0.000000000000

-40.000000000000 -51.000000000000 0.000000000000
-40.000000000000 -50.000000000000 0.000000000000
-40.000000000000 -49.000000000000 0.000000000000
-40.000000000000 -48.000000000000 0.000000000004
-40.000000000000 -47.000000000000 0.000000001547
-40.000000000000 -46.000000000000 0.000000021905
-40.000000000000 -45.000000000000 0.000000160556
-40.000000000000 -44.000000000000 0.000001104934
-40.000000000000 -43.000000000000 0.000006703446
-40.000000000000 -42.000000000000 0.000035115235
-40.000000000000 -41.000000000000 0.000036298348
-40.000000000000 -40.000000000000 0.000037168838
-40.000000000000 -39.000000000000 0.000038273666
-40.000000000000 -38.000000000000 0.000039607431
-40.000000000000 -37.000000000000 0.000041171219
-40.000000000000 -36.000000000000 0.000042966200
-40.000000000000 -35.000000000000 0.000044992422
-40.000000000000 -34.000000000000 0.000047248655
-40.000000000000 -33.000000000000 0.000049732410
-40.000000000000 -32.000000000000 0.000052439934
-40.000000000000 -31.000000000000 0.000055366194
-40.000000000000 -30.000000000000 0.000058504823
-40.000000000000 -29.000000000000 0.000061848059
-40.000000000000 -28.000000000000 0.000065386680
-40.000000000000 -27.000000000000 0.000069109929
-40.000000000000 -26.000000000000 0.000073005455
-40.000000000000 -25.000000000000 0.000077059250
-40.000000000000 -24.000000000000 0.000081255614
-40.000000000000 -23.000000000000 0.000085577119
-40.000000000000 -22.000000000000 0.000090004607
-40.000000000000 -21.000000000000 0.000094517209
-40.000000000000 -20.000000000000 0.000099092382
-40.000000000000 -19.000000000000 0.000103705991
-40.000000000000 -18.000000000000 0.000108332405
-40.000000000000 -17.000000000000 0.000112944641
-40.000000000000 -16.000000000000 0.000117514537
-40.000000000000 -15.000000000000 0.000122012957
-40.000000000000 -14.000000000000 0.000126410039
-40.000000000000 -13.000000000000 0.000130675461
-40.000000000000 -12.000000000000 0.000134778754
-40.000000000000 -11.000000000000 0.000138689630
-40.000000000000 -10.000000000000 0.000142378333
-40.000000000000 -9.000000000000 0.000145816007
-40.000000000000 -8.000000000000 0.000148975070
-40.000000000000 -7.000000000000 0.000151829593
-40.000000000000 -6.000000000000 0.000154355668
-40.000000000000 -5.000000000000 0.000156531755
-40.000000000000 -4.000000000000 0.000158339017
-40.000000000000 -3.000000000000 0.000159761608
-40.000000000000 -2.000000000000 0.000160786926
-40.000000000000 -1.000000000000 0.000161405821
-40.000000000000 0.000000000000 0.000161612739
-40.000000000000 1.000000000000 0.000161405821
-40.000000000000 2.000000000000 0.000160786926
-40.000000000000 3.000000000000 0.000159761608
-40.000000000000 4.000000000000 0.000158339017
-40.000000000000 5.000000000000 0.000156531755
-40.000000000000 6.000000000000 0.000154355668
-40.000000000000 7.000000000000 0.000151829593
-40.000000000000 8.000000000000 0.000148975070
-40.000000000000 9.000000000000 0.000145816007
-40.000000000000 10.000000000000 0.000142378333
-40.000000000000 11.000000000000 0.000138689630
-40.000000000000 12.000000000000 0.000134778754
-40.000000000000 13.000000000000 0.000130675461
-40.000000000000 14.000000000000 0.000126410039
-40.000000000000 15.000000000000 0.000122012957
-40.000000000000 16.000000000000 0.000117514537
-40.000000000000 17.000000000000 0.000112944641
-40.000000000000 18.000000000000 0.000108332405
-40.000000000000 19.000000000000 0.000103705991
-40.000000000000 20.000000000000 0.000099092382
-40.000000000000 21.000000000000 0.000094517209
-40.000000000000 22.000000000000 0.000090004607
-40.000000000000 23.000000000000 0.000085577119
-40.000000000000 24.000000000000 0.000081255614
-40.000000000000 25.000000000000 0.000077059250
-40.000000000000 26.000000000000 0.000073005455
-40.000000000000 27.000000000000 0.000069109929
-40.000000000000 28.000000000000 0.000065386680
-40.000000000000 29.000000000000 0.000061848059
-40.000000000000 30.000000000000 0.000058504823
-40.000000000000 31.000000000000 0.000055366194
-40.000000000000 32.000000000000 0.000052439934
-40.000000000000 33.000000000000 0.000049732410
-40.000000000000 34.000000000000 0.000047248655
-40.000000000000 35.000000000000 0.000044992422
-40.000000000000 36.000000000000 0.000042966200
-40.000000000000 37.000000000000 0.000041171219
-40.000000000000 38.000000000000 0.000039607431
-40.000000000000 39.000000000000 0.000038273666
-40.000000000000 40.000000000000 0.000037168838
-40.000000000000 41.000000000000 0.000036298348
-40.000000000000 42.000000000000 0.000035115235
-40.000000000000 43.000000000000 0.000006703446
-40.000000000000 44.000000000000 0.000001104934
-40.000000000000 45.000000000000 0.000000160556
-40.000000000000 46.000000000000 0.000000021905
-40.000000000000 47.000000000000 0.000000001547
-40.000000000000 48.000000000000 0.000000000004
-40.000000000000 49.000000000000 0.000000000000
-40.000000000000 50.000000000000 0.000000000000
-40.000000000000 51.000000000000 0.000000000000

-39.000000000000 -51.000000000000 0.000000000000
-39.000000000000 -50.000000000000 0.000000000000
-39.000000000000 -49.000000000000 0.000000000000
-39.000000000000 -48.000000000000 0.000000000004
-39.000000000000 -47.000000000000 0.000000001709
-39.000000000000 -46.000000000000 0.000000024120
-39.000000000000 -45.000000000000 0.000000174178
-39.000000000000 -44.000000000000 0.000001179498
-39.000000000000 -43.000000000000 0.000007031118
-39.000000000000 -42.000000000000 0.000036202126
-39.000000000000 -41.000000000000 0.000037407592
-39.000000000000 -40.000000000000 0.000038273666
-39.000000000000 -39.000000000000 0.000039387908
-39.000000000000 -38.000000000000 0.000040744843
-39.000000000000 -37.000000000000 0.000042342805
-39.000000000000 -36.000000000000 0.000044181131
-39.000000000000 -35.000000000000 0.000046258869
-39.000000000000 -34.000000000000 0.000048574254
-39.000000000000 -33.000000000000 0.000051124487
-39.000000000000 -32.000000000000 0.000053905616
-39.000000000000 -31.000000000000 0.000056912452
-39.000000000000 -30.000000000000 0.000060138480
-39.000000000000 -29.000000000000 0.000063575784
-39.000000000000 -28.000000000000 0.000067214958
-39.000000000000 -27.000000000000 0.000071045035
-39.000000000000 -26.000000000000 0.000075053405
-39.000000000000 -25.000000000000 0.000079225760
-39.000000000000 -24.000000000000 0.000083546040
-39.000000000000 -23.000000000000 0.000087996400
-39.000000000000 -22.000000000000 0.000092557202
-39.000000000000 -21.000000000000 0.000097207027
-39.000000000000 -20.000000000000 0.000101922712
-39.000000000000 -19.000000000000 0.000106679428
-39.000000000000 -18.000000000000 0.000111450776
-39.000000000000 -17.000000000000 0.000116208934
-39.000000000000 -16.000000000000 0.000120924829
-39.000000000000 -15.000000000000 0.000125568351
-39.000000000000 -14.000000000000 0.000130108601
-39.000000000000 -13.000000000000 0.000134514177
-39.000000000000 -12.000000000000 0.000138753485
-39.000000000000 -11.000000000000 0.000142795089
-39.000000000000 -10.000000000000 0.000146608077
-39.000000000000 -9.000000000000 0.000150162441
-39.000000000000 -8.000000000000 0.000153429477
-39.000000000000 -7.000000000000 0.000156382177
-39.000000000000 -6.000000000000 0.000158995619
-39.000000000000 -5.000000000000 0.000161247338
-39.000000000000 -4.000000000000 0.000163117672
-39.000000000000 -3.000000000000 0.000164590077
-39.000000000000 -2.000000000000 0.000165651390
-39.000000000000 -1.000000000000 0.000166292048
-39.000000000000 0.000000000000 0.000166506250
-39.000000000000 1.000000000000 0.000166292048
-39.000000000000 2.000000000000 0.000165651390
-39.000000000000 3.000000000000 0.000164590077
-39.000000000000 4.000000000000 0.000163117672
-39.000000000000 5.000000000000 0.000161247338
-39.000000000000 6.000000000000 0.000158995619
-39.000000000000 7.000000000000 0.000156382177
-39.000000000000 8.000000000000 0.000153429477
-39.000000000000 9.000000000000 0.000150162441
-39.000000000000 10.000000000000 0.000146608077
-39.000000000000 11.000000000000 0.000142795089
-39.000000000000 12.000000000000 0.000138753485
-39.000000000000 13.000000000000 0.000134514177
-39.000000000000 14.000000000000 0.000130108601
-39.000000000000 15.000000000000 0.000125568351
-39.000000000000 16.000000000000 0.000120924829
-39.000000000000 17.000000000000 0.000116208934
-39.000000000000 18.000000000000 0.000111450776
-39.000000000000 19.000000000000 0.000106679428
-39.000000000000 20.000000000000 0.000101922712
-39.000000000000 21.000000000000 0.000097207027
-39.000000000000 22.000000000000 0.000092557202
-39.000000000000 23.000000000000 0.000087996400
-39.000000000000 24.000000000000 0.000083546040
-39.000000000000 25.000000000000 0.000079225760
-39.000000000000 26.000000000000 0.000075053405
-39.000000000000 27.000000000000 0.000071045035
-39.000000000000 28.000000000000 0.000067214958
-39.000000000000 29.000000000000 0.000063575784
-39.000000000000 30.000000000000 0.000060138480
-39.000000000000 31.000000000000 0.000056912452
-39.000000000000 32.000000000000 0.000053905616
-39.000000000000 33.000000000000 0.000051124487
-39.000000000000 34.000000000000 0.000048574254
-39.000000000000 35.000000000000 0.000046258869
-39.000000000000 36.000000000000 0.000044181131
-39.000000000000 37.000000000000 0.000042342805
-39.000000000000 38.000000000000 0.000040744843
-39.000000000000 39.000000000000 0.000039387908
-39.000000000000 40.000000000000 0.000038273666
-39.000000000000 41.000000000000 0.000037407592
-39.000000000000 42.000000000000 0.000036202126
-39.000000000000 43.000000000000 0.000007031118
-39.000000000000 44.000000000000 0.000001179498
-39.000000000000 45.000000000000 0.000000174178
-39.000000000000 46.000000000000 0.000000024120
-39.000000000000 47.000000000000 0.000000001709
-39.000000000000 48.000000000000 0.000000000004
-39.000000000000 49.000000000000 0.000000000000
-39.000000000000 50.000000000000 0.000000000000
-39.000000000000 51.000000000000 0.000000000000

-38.000000000000 -51.000000000000 0.000000000000
-38.000000000000 -50.000000000000 0.000000000000
-38.000000000000 -49.000000000000 0.000000000000
-38.000000000000 -48.000000000000 0.000000000005
-38.000000000000 -47.000000000000 0.000000001856
-38.000000000000 -46.000000000000 0.000000025983
-38.000000000000 -45.000000000000 0.000000185772
-38.000000000000 -44.000000000000 0.000001245633
-38.000000000000 -43.000000000000 0.000007351843
-38.000000000000 -42.000000000000 0.000037492328
-38.000000000000 -41.000000000000 0.000038726979
-38.000000000000 -40.000000000000 0.000039607431
-38.000000000000 -39.000000000000 0.000040744843
-38.000000000000 -38.000000000000 0.000042136448
-38.000000000000 -37.000000000000 0.000043780579
-38.000000000000 -36.000000000000 0.000045676002
-38.000000000000 -35.000000000000 0.000047821246
-38.000000000000 -34.000000000000 0.000050214187
-38.000000000000 -33.000000000000 0.000052851781
-38.000000000000 -32.000000000000 0.000055729903
-38.000000000000 -31.000000000000 0.000058843219
-38.000000000000 -30.000000000000 0.000062185071
-38.000000000000 -29.000000000000 0.000065747379
-38.000000000000 -28.000000000000 0.000069520543
-38.000000000000 -27.000000000000 0.000073493351
-38.000000000000 -26.000000000000 0.000077652895
-38.000000000000 -25.000000000000 0.000081984499
-38.000000000000 -24.000000000000 0.000086471658
-38.000000000000 -23.000000000000 0.000091096000
-38.000000000000 -22.000000000000 0.000095837265
-38.000000000000 -21.000000000000 0.000100673313
-38.000000000000 -20.000000000000 0.000105580158
-38.000000000000 -19.000000000000 0.000110532037
-38.000000000000 -18.000000000000 0.000115501510
-38.000000000000 -17.000000000000 0.000120459604
-38.000000000000 -16.000000000000 0.000125375988
-38.000000000000 -15.000000000000 0.000130219195
-38.000000000000 -14.000000000000 0.000134956877
-38.000000000000 -13.000000000000 0.000139556105
-38.000000000000 -12.000000000000 0.000143983697
-38.000000000000 -11.000000000000 0.000148206586
-38.000000000000 -10.000000000000 0.000152192202
-38.000000000000 -9.000000000000 0.000155908892
-38.000000000000 -8.000000000000 0.000159326333
-38.000000000000 -7.000000000000 0.000162415961
-38.000000000000 -6.000000000000 0.000165151388
-38.000000000000 -5.000000000000 0.000167508805
-38.000000000000 -4.000000000000 0.000169467358
-38.000000000000 -3.000000000000 0.000171009482
-38.000000000000 -2.000000000000 0.000172121196
-38.000000000000 -1.000000000000 0.000172792339
-38.000000000000 0.000000000000 0.000173016742
-38.000000000000 1.000000000000 0.000172792339
-38.000000000000 2.000000000000 0.000172121196
-38.000000000000 3.000000000000 0.000171009482
-38.000000000000 4.000000000000 0.000169467358
-38.000000000000 5.000000000000 0.000167508805
-38.000000000000 6.000000000000 0.000165151388
-38.000000000000 7.000000000000 0.000162415961
-38.000000000000 8.000000000000 0.000159326333
-38.000000000000 9.000000000000 0.000155908892
-38.000000000000 10.000000000000 0.000152192202
-38.000000000000 11.000000000000 0.000148206586
-38.000000000000 12.000000000000 0.000143983697
-38.000000000000 13.000000000000 0.000139556105
-38.000000000000 14.000000000000 0.000134956877
-38.000000000000 15.000000000000 0.000130219195
-38.000000000000 16.000000000000 0.000125375988
-38.000000000000 17.000000000000 0.000120459604
-38.000000000000 18.000000000000 0.000115501510
-38.000000000000 19.000000000000 0.000110532037
-38.000000000000 20.000000000000 0.000105580158
-38.000000000000 21.000000000000 0.000100673313
-38.000000000000 22.000000000000 0.000095837265
-38.000000000000 23.000000000000 0.000091096000
-38.000000000000 24.000000000000 0.000086471658
-38.000000000000 25.000000000000 0.000081984499
-38.000000000000 26.000000000000 0.000077652895
-38.000000000000 27.000000000000 0.000073493351
-38.000000000000 28.000000000000 0.000069520543
-38.000000000000 29.000000000000 0.000065747379
-38.000000000000 30.000000000000 0.000062185071
-38.000000000000 31.000000000000 0.000058843219
-38.000000000000 32.000000000000 0.000055729903
-38.000000000000 33.000000000000 0.000052851781
-38.000000000000 34.000000000000 0.000050214187
-38.000000000000 35.000000000000 0.000047821246
-38.000000000000 36.000000000000 0.000045676002
-38.000000000000 37.000000000000 0.000043780579
-38.000000000000 38.000000000000 0.000042136448
-38.000000000000 39.000000000000 0.000040744843
-38.000000000000 40.000000000000 0.000039607431
-38.000000000000 41.000000000000 0.000038726979
-38.000000000000 42.000000000000 0.000037492328
-38.000000000000 43.000000000000 0.000007351843
-38.000000000000 44.000000000000 0.000001245633
-38.000000000000 45.000000000000 0.000000185772
-38.000000000000 46.000000000000 0.000000025983
-38.000000000000 47.000000000000 0.000000001856
-38.000000000000 48.000000000000 0.000000000005
-38.000000000000 49.000000000000 0.000000000000
-38.000000000000 50.000000000000 0.000000000000
-38.000000000000 51.000000000000 0.000000000000

-37.000000000000 -51.000000000000 0.000000000000
-37.000000000000 -50.000000000000 0.000000000000
-37.000000000000 -49.000000000000 0.000000000000
-37.000000000000 -48.000000000000 0.000000000005
-37.000000000000 -47.000000000000 0.000000002023
-37.000000000000 -46.000000000000 0.000000028060
-37.000000000000 -45.000000000000 0.000000198778
-37.000000000000 -44.000000000000 0.000001320613
-37.000000000000 -43.000000000000 0.000007721011
-37.000000000000 -42.000000000000 0.000038998446
-37.000000000000 -41.000000000000 0.000040266742
-37.000000000000 -40.000000000000 0.000041171219
-37.000000000000 -39.000000000000 0.000042342805
-37.000000000000 -38.000000000000 0.000043780579
-37.000000000000 -37.000000000000 0.000045483500
-37.000000000000 -36.000000000000 0.000047450373
-37.000000000000 -35.000000000000 0.000049679596
-37.000000000000 -34.000000000000 0.000052168886
-37.000000000000 -33.000000000000 0.000054915069
-37.000000000000 -32.000000000000 0.000057913907
-37.000000000000 -31.000000000000 0.000061159957
-37.000000000000 -30.000000000000 0.000064646439
-37.000000000000 -29.000000000000 0.000068365119
-37.000000000000 -28.000000000000 0.000072306195
-37.000000000000 -27.000000000000 0.000076458195
-37.000000000000 -26.000000000000 0.000080807874
-37.000000000000 -25.000000000000 0.000085340131
-37.000000000000 -24.000000000000 0.000090037939
-37.000000000000 -23.000000000000 0.000094882290
-37.000000000000 -22.000000000000 0.000099852168
-37.000000000000 -21.000000000000 0.000104924547
-37.000000000000 -20.000000000000 0.000110074413
-37.000000000000 -19.000000000000 0.000115274833
-37.000000000000 -18.000000000000 0.000120497047
-37.000000000000 -17.000000000000 0.000125710616
-37.000000000000 -16.000000000000 0.000130883597
-37.000000000000 -15.000000000000 0.000135982772
-37.000000000000 -14.000000000000 0.000140973920
-37.000000000000 -13.000000000000 0.000145822122
-37.000000000000 -12.000000000000 0.000150492121
-37.000000000000 -11.000000000000 0.000154948708
-37.000000000000 -10.000000000000 0.000159157140
-37.000000000000 -9.000000000000 0.000163083585
-37.000000000000 -8.000000000000 0.000166695580
-37.000000000000 -7.000000000000 0.000169962496
-37.000000000000 -6.000000000000 0.000172855998
-37.000000000000 -5.000000000000 0.000175350485
-37.000000000000 -4.000000000000 0.000177423508
-37.000000000000 -3.000000000000 0.000179056143
-37.000000000000 -2.000000000000 0.000180233314
-37.000000000000 -1.000000000000 0.000180944057
-37.000000000000 0.000000000000 0.000181181716
-37.000000000000 1.000000000000 0.000180944057
-37.000000000000 2.000000000000 0.000180233314
-37.000000000000 3.000000000000 0.000179056143
-37.000000000000 4.000000000000 0.000177423508
-37.000000000000 5.000000000000 0.000175350485
-37.000000000000 6.000000000000 0.000172855998
-37.000000000000 7.000000000000 0.000169962496
-37.000000000000 8.000000000000 0.000166695580
-37.000000000000 9.000000000000 0.000163083585
-37.000000000000 10.000000000000 0.000159157140
-37.000000000000 11.000000000000 0.000154948708
-37.000000000000 12.000000000000 0.000150492121
-37.000000000000 13.000000000000 0.000145822122
-37.000000000000 14.000000000000 0.000140973920
-37.000000000000 15.000000000000 0.000135982772
-37.000000000000 16.000000000000 0.000130883597
-37.000000000000 17.000000000000 0.000125710616
-37.000000000000 18.000000000000 0.000120497047
-37.000000000000 19.000000000000 0.000115274833
-37.000000000000 20.000000000000 0.000110074413
-37.000000000000 21.000000000000 0.000104924547
-37.000000000000 22.000000000000 0.000099852168
-37.000000000000 23.000000000000 0.000094882290
-37.000000000000 24.000000000000 0.000090037939
-37.000000000000 25.000000000000 0.000085340131
-37.000000000000 26.000000000000 0.000080807874
-37.000000000000 27.000000000000 0.000076458195
-37.000000000000 28.000000000000 0.000072306195
-37.000000000000 29.000000000000 0.000068365119
-37.000000000000 30.000000000000 0.000064646439
-37.000000000000 31.000000000000 0.000061159957
-37.000000000000 32.000000000000 0.000057913907
-37.000000000000 33.000000000000 0.000054915069
-37.000000000000 34.000000000000 0.000052168886
-37.000000000000 35.000000000000 0.000049679596
-37.000000000000 36.000000000000 0.000047450373
-37.000000000000 37.000000000000 0.000045483500
-37.000000000000 38.000000000000 0.000043780579
-37.000000000000 39.000000000000 0.000042342805
-37.000000000000 40.000000000000 0.000041171219
-37.000000000000 41.000000000000 0.000040266742
-37.000000000000 42.000000000000 0.000038998446
-37.000000000000 43.000000000000 0.000007721011
-37.000000000000 44.000000000000 0.000001320613
-37.000000000000 45.000000000000 0.000000198778
-37.000000000000 46.000000000000 0.000000028060
-37.000000000000 47.000000000000 0.000000002023
-37.000000000000 48.000000000000 0.000000000005
-37.000000000000 49.000000000000 0.000000000000
-37.000000000000 50.000000000000 0.000000000000
-37.000000000000 51.000000000000 0.000000000000

-36.000000000000 -51.000000000000 0.000000000000
-36.000000000000 -50.000000000000 0.000000000000
-36.000000000000 -49.000000000000 0.000000000000
-36.000000000000 -48.000000000000 0.000000000006
-36.000000000000 -47.000000000000 0.000000002219
-36.000000000000 -46.000000000000 0.000000030478
-36.000000000000 -45.000000000000 0.000000213863
-36.000000000000 -44.000000000000 0.000001407305
-36.000000000000 -43.000000000000 0.000008146343
-36.000000000000 -42.000000000000 0.000040724707
-36.000000000000 -41.000000000000 0.000042031070
-36.000000000000 -40.000000000000 0.000042966200
-36.000000000000 -39.000000000000 0.000044181131
-36.000000000000 -38.000000000000 0.000045676002
-36.000000000000 -37.000000000000 0.000047450373
-36.000000000000 -36.000000000000 0.000049503314
-36.000000000000 -35.000000000000 0.000051833299
-36.000000000000 -34.000000000000 0.000054438053
-36.000000000000 -33.000000000000 0.000057314379
-36.000000000000 -32.000000000000 0.000060458004
-36.000000000000 -31.000000000000 0.000063863426
-36.000000000000 -30.000000000000 0.000067523778
-36.000000000000 -29.000000000000 0.000071430696
-36.000000000000 -28.000000000000 0.000075574183
-36.000000000000 -27.000000000000 0.000079942497
-36.000000000000 -26.000000000000 0.000084522032
-36.000000000000 -25.000000000000 0.000089297216
-36.000000000000 -24.000000000000 0.000094250429
-36.000000000000 -23.000000000000 0.000099361932
-36.000000000000 -22.000000000000 0.000104609824
-36.000000000000 -21.000000000000 0.000109970029
-36.000000000000 -20.000000000000 0.000115416311
-36.000000000000 -19.000000000000 0.000120920326
-36.000000000000 -18.000000000000 0.000126451719
-36.000000000000 -17.000000000000 0.000131978262
-36.000000000000 -16.000000000000 0.000137466037
-36.000000000000 -15.000000000000 0.000142879671
-36.000000000000 -14.000000000000 0.000148182619
-36.000000000000 -13.000000000000 0.000153337496
-36.000000000000 -12.000000000000 0.000158306454
-36.000000000000 -11.000000000000 0.000163051602
-36.000000000000 -10.000000000000 0.000167535463
-36.000000000000 -9.000000000000 0.000171721465
-36.000000000000 -8.000000000000 0.000175574439
-36.000000000000 -7.000000000000 0.000179061141
-36.000000000000 -6.000000000000 0.000182150762
-36.000000000000 -5.000000000000 0.000184815425
-36.000000000000 -4.000000000000 0.000187030649
-36.000000000000 -3.000000000000 0.000188775774
-36.000000000000 -2.000000000000 0.000190034326
-36.000000000000 -1.000000000000 0.000190794316
-36.000000000000 0.000000000000 0.000191048460
-36.000000000000 1.000000000000 0.000190794316
-36.000000000000 2.000000000000 0.000190034326
-36.000000000000 3.000000000000 0.000188775774
-36.000000000000 4.000000000000 0.000187030649
-36.000000000000 5.000000000000 0.000184815425
-36.000000000000 6.000000000000 0.000182150762
-36.000000000000 7.000000000000 0.000179061141
-36.000000000000 8.000000000000 0.000175574439
-36.000000000000 9.000000000000 0.000171721465
-36.000000000000 10.000000000000 0.000167535463
-36.000000000000 11.000000000000 0.000163051602
-36.000000000000 12.000000000000 0.000158306454
-36.000000000000 13.000000000000 0.000153337496
-36.000000000000 14.000000000000 0.000148182619
-36.000000000000 15.000000000000 0.000142879671
-36.000000000000 16.000000000000 0.000137466037
-36.000000000000 17.000000000000 0.000131978262
-36.000000000000 18.000000000000 0.000126451719
-36.000000000000 19.000000000000 0.000120920326
-36.000000000000 20.000000000000 0.000115416311
-36.000000000000 21.000000000000 0.000109970029
-36.000000000000 22.000000000000 0.000104609824
-36.000000000000 23.000000000000 0.000099361932
-36.000000000000 24.000000000000 0.000094250429
-36.000000000000 25.000000000000 0.000089297216
-36.000000000000 26.000000000000 0.000084522032
-36.000000000000 27.000000000000 0.000079942497
-36.000000000000 28.000000000000 0.000075574183
-36.000000000000 29.000000000000 0.000071430696
-36.000000000000 30.000000000000 0.000067523778
-36.000000000000 31.000000000000 0.000063863426
-36.000000000000 32.000000000000 0.000060458004
-36.000000000000 33.000000000000 0.000057314379
-36.000000000000 34.000000000000 0.000054438053
-36.000000000000 35.000000000000 0.000051833299
-36.000000000000 36.000000000000 0.000049503314
-36.000000000000 37.000000000000 0.000047450373
-36.000000000000 38.000000000000 0.000045676002
-36.000000000000 39.000000000000 0.000044181131
-36.000000000000 40.000000000000 0.000042966200
-36.000000000000 41.000000000000 0.000042031070
-36.000000000000 42.000000000000 0.000040724707
-36.000000000000 43.000000000000 0.000008146343
-36.000000000000 44.000000000000 0.000001407305
-36.000000000000 45.000000000000 0.000000213863
-36.000000000000 46.000000000000 0.000000030478
-36.000000000000 47.000000000000 0.000000002219
-36.000000000000 48.000000000000 0.000000000006
-36.000000000000 49.000000000000 0.000000000000
-36.000000000000 50.000000000000 0.000000000000
-36.000000000000 51.000000000000 0.000000000000

-35.000000000000 -51.000000000000 0.000000000000
-35.000000000000 -50.000000000000 0.000000000000
-35.000000000000 -49.000000000000 0.000000000000
-35.000000000000 -48.000000000000 0.000000000007
-35.000000000000 -47.000000000000 0.000000002447
-35.000000000000 -46.000000000000 0.000000033266
-35.000000000000 -45.000000000000 0.000000231178
-35.000000000000 -44.000000000000 0.000001506309
-35.000000000000 -43.000000000000 0.000008629343
-35.000000000000 -42.000000000000 0.000042672321
-35.000000000000 -41.000000000000 0.000044021140
-35.000000000000 -40.000000000000 0.000044992422
-35.000000000000 -39.000000000000 0.000046258869
-35.000000000000 -38.000000000000 0.000047821246
-35.000000000000 -37.000000000000 0.000049679596
-35.000000000000 -36.000000000000 0.000051833299
-35.000000000000 -35.000000000000 0.000054281022
-35.000000000000 -34.000000000000 0.000057020606
-35.000000000000 -33.000000000000 0.000060048928
-35.000000000000 -32.000000000000 0.000063361754
-35.000000000000 -31.000000000000 0.000066953587
-35.000000000000 -30.000000000000 0.000070817523
-35.000000000000 -29.000000000000 0.000074945095
-35.000000000000 -28.000000000000 0.000079326139
-35.000000000000 -27.000000000000 0.000083948646
-35.000000000000 -26.000000000000 0.000088798636
-35.000000000000 -25.000000000000 0.000093860035
-35.000000000000 -24.000000000000 0.000099114570
-35.000000000000 -23.000000000000 0.000104541686
-35.000000000000 -22.000000000000 0.000110118481
-35.000000000000 -21.000000000000 0.000115819675
-35.000000000000 -20.000000000000 0.000121617616
-35.000000000000 -19.000000000000 0.000127482317
-35.000000000000 -18.000000000000 0.000133381547
-35.000000000000 -17.000000000000 0.000139280964
-35.000000000000 -16.000000000000 0.000145144300
-35.000000000000 -15.000000000000 0.000150933605
-35.000000000000 -14.000000000000 0.000156609548
-35.000000000000 -13.000000000000 0.000162131762
-35.000000000000 -12.000000000000 0.000167459261
-35.000000000000 -11.000000000000 0.000172550895
-35.000000000000 -10.000000000000 0.000177365853
-35.000000000000 -9.000000000000 0.000181864203
-35.000000000000 -8.000000000000 0.000186007455
-35.000000000000 -7.000000000000 0.000189759147
-35.000000000000 -6.000000000000 0.000193085415
-35.000000000000 -5.000000000000 0.000195955565
-35.000000000000 -4.000000000000 0.000198342600
-35.000000000000 -3.000000000000 0.000200223704
-35.000000000000 -2.000000000000 0.000201580667
-35.000000000000 -1.000000000000 0.000202400224
-35.000000000000 0.000000000000 0.000202674311
-35.000000000000 1.000000000000 0.000202400224
-35.000000000000 2.000000000000 0.000201580667
-35.000000000000 3.000000000000 0.000200223704
-35.000000000000 4.000000000000 0.000198342600
-35.000000000000 5.000000000000 0.000195955565
-35.000000000000 6.000000000000 0.000193085415
-35.000000000000 7.000000000000 0.000189759147
-35.000000000000 8.000000000000 0.000186007455
-35.000000000000 9.000000000000 0.000181864203
-35.000000000000 10.000000000000 0.000177365853
-35.000000000000 11.000000000000 0.000172550895
-35.000000000000 12.000000000000 0.000167459261
-35.000000000000 13.000000000000 0.000162131762
-35.000000000000 14.000000000000 0.000156609548
-35.000000000000 15.000000000000 0.000150933605
-35.000000000000 16.000000000000 0.000145144300
-35.000000000000 17.000000000000 0.000139280964
-35.000000000000 18.000000000000 0.000133381547
-35.000000000000 19.000000000000 0.000127482317
-35.000000000000 20.000000000000 0.000121617616
-35.000000000000 21.000000000000 0.000115819675
-35.000000000000 22.000000000000 0.000110118481
-35.000000000000 23.000000000000 0.000104541686
-35.000000000000 24.000000000000 0.000099114570
-35.000000000000 25.000000000000 0.000093860035
-35.000000000000 26.000000000000 0.000088798636
-35.000000000000 27.000000000000 0.000083948646
-35.000000000000 28.000000000000 0.000079326139
-35.000000000000 29.000000000000 0.000074945095
-35.000000000000 30.000000000000 0.000070817523
-35.000000000000 31.000000000000 0.000066953587
-35.000000000000 32.000000000000 0.000063361754
-35.000000000000 33.000000000000 0.000060048928
-35.000000000000 34.000000000000 0.000057020606
-35.000000000000 35.000000000000 0.000054281022
-35.000000000000 36.000000000000 0.000051833299
-35.000000000000 37.000000000000 0.000049679596
-35.000000000000 38.000000000000 0.000047821246
-35.000000000000 39.000000000000 0.000046258869
-35.000000000000 40.000000000000 0.000044992422
-35.000000000000 41.000000000000 0.000044021140
-35.000000000000 42.000000000000 0.000042672321
-35.000000000000 43.000000000000 0.000008629343
-35.000000000000 44.000000000000 0.000001506309
-35.000000000000 45.000000000000 0.000000231178
-35.000000000000 46.000000000000 0.000000033266
-35.000000000000 47.000000000000 0.000000002447
-35.000000000000 48.000000000000 0.000000000007
-35.000000000000 49.000000000000 0.000000000000
-35.000000000000 50.000000000000 0.000000000000
-35.000000000000 51.000000000000 0.000000000000

-34.000000000000 -51.000000000000 0.000000000000
-34.000000000000 -50.000000000000 0.000000000000
-34.000000000000 -49.000000000000 0.000000000000
-34.000000000000 -48.000000000000 0.000000000007
-34.000000000000 -47.000000000000 0.000000002708
-34.000000000000 -46.000000000000 0.000000036443
-34.000000000000 -45.000000000000 0.000000250798
-34.000000000000 -44.000000000000 0.000001617882
-34.000000000000 -43.000000000000 0.000009170510
-34.000000000000 -42.000000000000 0.000044840628
-34.000000000000 -41.000000000000 0.000046236211
-34.000000000000 -40.000000000000 0.000047248655
-34.000000000000 -39.000000000000 0.000048574254
-34.000000000000 -38.000000000000 0.000050214187
-34.000000000000 -37.000000000000 0.000052168886
-34.000000000000 -36.000000000000 0.000054438053
-34.000000000000 -35.000000000000 0.000057020606
-34.000000000000 -34.000000000000 0.000059914584
-34.000000000000 -33.000000000000 0.000063117019
-34.000000000000 -32.000000000000 0.000066623794
-34.000000000000 -31.000000000000 0.000070429486
-34.000000000000 -30.000000000000 0.000074527207
-34.000000000000 -29.000000000000 0.000078908444
-34.000000000000 -28.000000000000 0.000083562894
-34.000000000000 -27.000000000000 0.000088478307
-34.000000000000 -26.000000000000 0.000093640332
-34.000000000000 -25.000000000000 0.000099032374
-34.000000000000 -24.000000000000 0.000104635469
-34.000000000000 -23.000000000000 0.000110428172
-34.000000000000 -22.000000000000 0.000116386474
-34.000000000000 -21.000000000000 0.000122483754
-34.000000000000 -20.000000000000 0.000128690757
-34.000000000000 -19.000000000000 0.000134975626
-34.000000000000 -18.000000000000 0.000141303973
-34.000000000000 -17.000000000000 0.000147639011
-34.000000000000 -16.000000000000 0.000153941739
-34.000000000000 -15.000000000000 0.000160171192
-34.000000000000 -14.000000000000 0.000166284755
-34.000000000000 -13.000000000000 0.000172238544
-34.000000000000 -12.000000000000 0.000177987843
-34.000000000000 -11.000000000000 0.000183487617
-34.000000000000 -10.000000000000 0.000188693060
-34.000000000000 -9.000000000000 0.000193560205
-34.000000000000 -8.000000000000 0.000198046562
-34.000000000000 -7.000000000000 0.000202111773
-34.000000000000 -6.000000000000 0.000205718274
-34.000000000000 -5.000000000000 0.000208831946
-34.000000000000 -4.000000000000 0.000211422726
-34.000000000000 -3.000000000000 0.000213465171
-34.000000000000 -2.000000000000 0.000214938946
-34.000000000000 -1.000000000000 0.000215829227
-34.000000000000 0.000000000000 0.000216126996
-34.000000000000 1.000000000000 0.000215829227
-34.000000000000 2.000000000000 0.000214938946
-34.000000000000 3.000000000000 0.000213465171
-34.000000000000 4.000000000000 0.000211422726
-34.000000000000 5.000000000000 0.000208831946
-34.000000000000 6.000000000000 0.000205718274
-34.000000000000 7.000000000000 0.000202111773
-34.000000000000 8.000000000000 0.000198046562
-34.000000000000 9.000000000000 0.000193560205
-34.000000000000 10.000000000000 0.000188693060
-34.000000000000 11.000000000000 0.000183487617
-34.000000000000 12.000000000000 0.000177987843
-34.000000000000 13.000000000000 0.000172238544
-34.000000000000 14.000000000000 0.000166284755
-34.000000000000 15.000000000000 0.000160171192
-34.000000000000 16.000000000000 0.000153941739
-34.000000000000 17.000000000000 0.000147639011
-34.000000000000 18.000000000000 0.000141303973
-34.000000000000 19.000000000000 0.000134975626
-34.000000000000 20.000000000000 0.000128690757
-34.000000000000 21.000000000000 0.000122483754
-34.000000000000 22.000000000000 0.000116386474
-34.000000000000 23.000000000000 0.000110428172
-34.000000000000 24.000000000000 0.000104635469
-34.000000000000 25.000000000000 0.000099032374
-34.000000000000 26.000000000000 0.000093640332
-34.000000000000 27.000000000000 0.000088478307
-34.000000000000 28.000000000000 0.000083562894
-34.000000000000 29.000000000000 0.000078908444
-34.000000000000 30.000000000000 0.000074527207
-34.000000000000 31.000000000000 0.000070429486
-34.000000000000 32.000000000000 0.000066623794
-34.000000000000 33.000000000000 0.000063117019
-34.000000000000 34.000000000000 0.000059914584
-34.000000000000 35.000000000000 0.000057020606
-34.000000000000 36.000000000000 0.000054438053
-34.000000000000 37.000000000000 0.000052168886
-34.000000000000 38.000000000000 0.000050214187
-34.000000000000 39.000000000000 0.000048574254
-34.000000000000 40.000000000000 0.000047248655
-34.000000000000 41.000000000000 0.000046236211
-34.000000000000 42.000000000000 0.000044840628
-34.000000000000 43.000000000000 0.000009170510
-34.000000000000 44.000000000000 0.000001617882
-34.000000000000 45.000000000000 0.000000250798
-34.000000000000 46.000000000000 0.000000036443
-34.000000000000 47.000000000000 0.000000002708
-34.000000000000 48.000000000000 0.000000000007
-34.000000000000 49.000000000000 0.000000000000
-34.000000000000 50.000000000000 0.000000000000
-34.000000000000 51.000000000000 0.000000000000

-33.000000000000 -51.000000000000 0.000000000000
-33.000000000000 -50.000000000000 0.000000000000
-33.000000000000 -49.000000000000 0.000000000000
-33.000000000000 -48.000000000000 0.000000000008
-33.000000000000 -47.000000000000 0.000000003004
-33.000000000000 -46.000000000000 0.000000040023
-33.000000000000 -45.000000000000 0.000000272781
-33.000000000000 -44.000000000000 0.000001742198
-33.000000000000 -43.000000000000 0.000009769971
-33.000000000000 -42.000000000000 0.000047227505
-33.000000000000 -41.000000000000 0.000048674046
-33.000000000000 -40.000000000000 0.000049732410
-33.000000000000 -39.000000000000 0.000051124487
-33.000000000000 -38.000000000000 0.000052851781
-33.000000000000 -37.000000000000 0.000054915069
-33.000000000000 -36.000000000000 0.000057314379
-33.000000000000 -35.000000000000 0.000060048928
-33.000000000000 -34.000000000000 0.000063117019
-33.000000000000 -33.000000000000 0.000066515918
-33.000000000000 -32.000000000000 0.000070241702
-33.000000000000 -31.000000000000 0.000074289098
-33.000000000000 -30.000000000000 0.000078651307
-33.000000000000 -29.000000000000 0.000083319829
-33.000000000000 -28.000000000000 0.000088284280
-33.000000000000 -27.000000000000 0.000093532205
-33.000000000000 -26.000000000000 0.000099048907
-33.000000000000 -25.000000000000 0.000104817274
-33.000000000000 -24.000000000000 0.000110817624
-33.000000000000 -23.000000000000 0.000117027573
-33.000000000000 -22.000000000000 0.000123421921
-33.000000000000 -21.000000000000 0.000129972574
-33.000000000000 -20.000000000000 0.000136648506
-33.000000000000 -19.000000000000 0.000143415766
-33.000000000000 -18.000000000000 0.000150237535
-33.000000000000 -17.000000000000 0.000157074246
-33.000000000000 -16.000000000000 0.000163883769
-33.000000000000 -15.000000000000 0.000170621667
-33.000000000000 -14.000000000000 0.000177241523
-33.000000000000 -13.000000000000 0.000183695349
-33.000000000000 -12.000000000000 0.000189934071
-33.000000000000 -11.000000000000 0.000195908076
-33.000000000000 -10.000000000000 0.000201567843
-33.000000000000 -9.000000000000 0.000206864622
-33.000000000000 -8.000000000000 0.000211751154
-33.000000000000 -7.000000000000 0.000216182428
-33.000000000000 -6.000000000000 0.000220116448
-33.000000000000 -5.000000000000 0.000223514977
-33.000000000000 -4.000000000000 0.000226344261
-33.000000000000 -3.000000000000 0.000228575684
-33.000000000000 -2.000000000000 0.000230186343
-33.000000000000 -1.000000000000 0.000231159526
-33.000000000000 0.000000000000 0.000231485059
-33.000000000000 1.000000000000 0.000231159526
-33.000000000000 2.000000000000 0.000230186343
-33.000000000000 3.000000000000 0.000228575684
-33.000000000000 4.000000000000 0.000226344261
-33.000000000000 5.000000000000 0.000223514977
-33.000000000000 6.000000000000 0.000220116448
-33.000000000000 7.000000000000 0.000216182428
-33.000000000000 8.000000000000 0.000211751154
-33.000000000000 9.000000000000 0.000206864622
-33.000000000000 10.000000000000 0.000201567843
-33.000000000000 11.000000000000 0.000195908076
-33.000000000000 12.000000000000 0.000189934071
-33.000000000000 13.000000000000 0.000183695349
-33.000000000000 14.000000000000 0.000177241523
-33.000000000000 15.000000000000 0.000170621667
-33.000000000000 16.000000000000 0.000163883769
-33.000000000000 17.000000000000 0.000157074246
-33.000000000000 18.000000000000 0.000150237535
-33.000000000000 19.000000000000 0.000143415766
-33.000000000000 20.000000000000 0.000136648506
-33.000000000000 21.000000000000 0.000129972574
-33.000000000000 22.000000000000 0.000123421921
-33.000000000000 23.000000000000 0.000117027573
-33.000000000000 24.000000000000 0.000110817624
-33.000000000000 25.000000000000 0.000104817274
-33.000000000000 26.000000000000 0.000099048907
-33.000000000000 27.000000000000 0.000093532205
-33.000000000000 28.000000000000 0.000088284280
-33.000000000000 29.000000000000 0.000083319829
-33.000000000000 30.000000000000 0.000078651307
-33.000000000000 31.000000000000 0.000074289098
-33.000000000000 32.000000000000 0.000070241702
-33.000000000000 33.000000000000 0.000066515918
-33.000000000000 34.000000000000 0.000063117019
-33.000000000000 35.000000000000 0.000060048928
-33.000000000000 36.000000000000 0.000057314379
-33.000000000000 37.000000000000 0.000054915069
-33.000000000000 38.000000000000 0.000052851781
-33.000000000000 39.000000000000 0.000051124487
-33.000000000000 40.000000000000 0.000049732410
-33.000000000000 41.000000000000 0.000048674046
-33.000000000000 42.000000000000 0.000047227505
-33.000000000000 43.000000000000 0.000009769971
-33.000000000000 44.000000000000 0.000001742198
-33.000000000000 45.000000000000 0.000000272781
-33.000000000000 46.000000000000 0.000000040023
-33.000000000000 47.000000000000 0.000000003004
-33.000000000000 48.000000000000 0.000000000008
-33.000000000000 49.000000000000 0.000000000000
-33.000000000000 50.000000000000 0.000000000000
-33.000000000000 51.000000000000 0.000000000000

-32.000000000000 -51.000000000000 0.000000000000
-32.000000000000 -50.000000000000 0.000000000000
-32.000000000000 -49.000000000000 0.000000000000
-32.000000000000 -48.000000000000 0.000000000009
-32.000000000000 -47.000000000000 0.000000003337
-32.000000000000 -46.000000000000 0.000000044018
-32.000000000000 -45.000000000000 0.000000297178
-32.000000000000 -44.000000000000 0.000001879379
-32.000000000000 -43.000000000000 0.000010427561
-32.000000000000 -42.000000000000 0.000049829513
-32.000000000000 -41.000000000000 0.000051331060
-32.000000000000 -40.000000000000 0.000052439934
-32.000000000000 -39.000000000000 0.000053905616
-32.000000000000 -38.000000000000 0.000055729903
-32.000000000000 -37.000000000000 0.000057913907
-32.000000000000 -36.000000000000 0.000060458004
-32.000000000000 -35.000000000000 0.000063361754
-32.000000000000 -34.000000000000 0.000066623794
-32.000000000000 -33.000000000000 0.000070241702
-32.000000000000 -32.000000000000 0.000074211835
-32.000000000000 -31.000000000000 0.000078529155
-32.000000000000 -30.000000000000 0.000083187041
-32.000000000000 -29.000000000000 0.000088177086
-32.000000000000 -28.000000000000 0.000093488894
-32.000000000000 -27.000000000000 0.000099109870
-32.000000000000 -26.000000000000 0.000105025015
-32.000000000000 -25.000000000000 0.000111216725
-32.000000000000 -24.000000000000 0.000117664606
-32.000000000000 -23.000000000000 0.000124345303
-32.000000000000 -22.000000000000 0.000131232360
-32.000000000000 -21.000000000000 0.000138296105
-32.000000000000 -20.000000000000 0.000145503587
-32.000000000000 -19.000000000000 0.000152818550
-32.000000000000 -18.000000000000 0.000160201473
-32.000000000000 -17.000000000000 0.000167609677
-32.000000000000 -16.000000000000 0.000174997497
-32.000000000000 -15.000000000000 0.000182316543
-32.000000000000 -14.000000000000 0.000189516049
-32.000000000000 -13.000000000000 0.000196543302
-32.000000000000 -12.000000000000 0.000203344170
-32.000000000000 -11.000000000000 0.000209863718
-32.000000000000 -10.000000000000 0.000216046905
-32.000000000000 -9.000000000000 0.000221839351
-32.000000000000 -8.000000000000 0.000227188173
-32.000000000000 -7.000000000000 0.000232042845
-32.000000000000 -6.000000000000 0.000236356093
-32.000000000000 -5.000000000000 0.000240084773
-32.000000000000 -4.000000000000 0.000243190712
-32.000000000000 -3.000000000000 0.000245641488
-32.000000000000 -2.000000000000 0.000247411115
-32.000000000000 -1.000000000000 0.000248480607
-32.000000000000 0.000000000000 0.000248838399
-32.000000000000 1.000000000000 0.000248480607
-32.000000000000 2.000000000000 0.000247411115
-32.000000000000 3.000000000000 0.000245641488
-32.000000000000 4.000000000000 0.000243190712
-32.000000000000 5.000000000000 0.000240084773
-32.000000000000 6.000000000000 0.000236356093
-32.000000000000 7.000000000000 0.000232042845
-32.000000000000 8.000000000000 0.000227188173
-32.000000000000 9.000000000000 0.000221839351
-32.000000000000 10.000000000000 0.000216046905
-32.000000000000 11.000000000000 0.000209863718
-32.000000000000 12.000000000000 0.000203344170
-32.000000000000 13.000000000000 0.000196543302
-32.000000000000 14.000000000000 0.000189516049
-32.000000000000 15.000000000000 0.000182316543
-32.000000000000 16.000000000000 0.000174997497
-32.000000000000 17.000000000000 0.000167609677
-32.000000000000 18.000000000000 0.000160201473
-32.000000000000 19.000000000000 0.000152818550
-32.000000000000 20.000000000000 0.000145503587
-32.000000000000 21.000000000000 0.000138296105
-32.000000000000 22.000000000000 0.000131232360
-32.000000000000 23.000000000000 0.000124345303
-32.000000000000 24.000000000000 0.000117664606
-32.000000000000 25.000000000000 0.000111216725
-32.000000000000 26.000000000000 0.000105025015
-32.000000000000 27.000000000000 0.000099109870
-32.000000000000 28.000000000000 0.000093488894
-32.000000000000 29.000000000000 0.000088177086
-32.000000000000 30.000000000000 0.000083187041
-32.000000000000 31.000000000000 0.000078529155
-32.000000000000 32.000000000000 0.000074211835
-32.000000000000 33.000000000000 0.000070241702
-32.000000000000 34.000000000000 0.000066623794
-32.000000000000 35.000000000000 0.000063361754
-32.000000000000 36.000000000000 0.000060458004
-32.000000000000 37.000000000000 0.000057913907
-32.000000000000 38.000000000000 0.000055729903
-32.000000000000 39.000000000000 0.000053905616
-32.000000000000 40.000000000000 0.000052439934
-32.000000000000 41.000000000000 0.000051331060
-32.000000000000 42.000000000000 0.000049829513
-32.000000000000 43.000000000000 0.000010427561
-32.000000000000 44.000000000000 0.000001879379
-32.000000000000 45.000000000000 0.000000297178
-32.000000000000 46.000000000000 0.000000044018
-32.000000000000 47.000000000000 0.000000003337
-32.000000000000 48.000000000000 0.000000000009
-32.000000000000 49.000000000000 0.000000000000
-32.000000000000 50.000000000000 0.000000000000
-32.000000000000 51.000000000000 0.000000000000

-31.000000000000 -51.000000000000 0.000000000000
-31.000000000000 -50.000000000000 0.000000000000
-31.000000000000 -49.000000000000 0.000000000000
-31.000000000000 -48.000000000000 0.000000000010
-31.000000000000 -47.000000000000 0.000000003707
-31.000000000000 -46.000000000000 0.000000048441
-31.000000000000 -45.000000000000 0.000000324029
-31.000000000000 -44.000000000000 0.000002029491
-31.000000000000 -43.000000000000 0.000011142811
-31.000000000000 -42.000000000000 0.000052641929
-31.000000000000 -41.000000000000 0.000054202352
-31.000000000000 -40.000000000000 0.000055366194
-31.000000000000 -39.000000000000 0.000056912452
-31.000000000000 -38.000000000000 0.000058843219
-31.000000000000 -37.000000000000 0.000061159957
-31.000000000000 -36.000000000000 0.000063863426
-31.000000000000 -35.000000000000 0.000066953587
-31.000000000000 -34.000000000000 0.000070429486
-31.000000000000 -33.000000000000 0.000074289098
-31.000000000000 -32.000000000000 0.000078529155
-31.000000000000 -31.000000000000 0.000083144960
-31.000000000000 -30.000000000000 0.000088130167
-31.000000000000 -29.000000000000 0.000093476565
-31.000000000000 -28.000000000000 0.000099173842
-31.000000000000 -27.000000000000 0.000105209350
-31.000000000000 -26.000000000000 0.000111567860
-31.000000000000 -25.000000000000 0.000118231332
-31.000000000000 -24.000000000000 0.000125178689
-31.000000000000 -23.000000000000 0.000132385607
-31.000000000000 -22.000000000000 0.000139824335
-31.000000000000 -21.000000000000 0.000147463546
-31.000000000000 -20.000000000000 0.000155268227
-31.000000000000 -19.000000000000 0.000163199627
-31.000000000000 -18.000000000000 0.000171215267
-31.000000000000 -17.000000000000 0.000179269020
-31.000000000000 -16.000000000000 0.000187311274
-31.000000000000 -15.000000000000 0.000195289194
-31.000000000000 -14.000000000000 0.000203147076
-31.000000000000 -13.000000000000 0.000210826813
-31.000000000000 -12.000000000000 0.000218268465
-31.000000000000 -11.000000000000 0.000225410941
-31.000000000000 -10.000000000000 0.000232192783
-31.000000000000 -9.000000000000 0.000238553037
-31.000000000000 -8.000000000000 0.000244432210
-31.000000000000 -7.000000000000 0.000249773277
-31.000000000000 -6.000000000000 0.000254522717
-31.000000000000 -5.000000000000 0.000258631552
-31.000000000000 -4.000000000000 0.000262056342
-31.000000000000 -3.000000000000 0.000264760120
-31.000000000000 -2.000000000000 0.000266713206
-31.000000000000 -1.000000000000 0.000267893889
-31.000000000000 0.000000000000 0.000268288932
-31.000000000000 1.000000000000 0.000267893889
-31.000000000000 2.000000000000 0.000266713206
-31.000000000000 3.000000000000 0.000264760120
-31.000000000000 4.000000000000 0.000262056342
-31.000000000000 5.000000000000 0.000258631552
-31.000000000000 6.000000000000 0.000254522717
-31.000000000000 7.000000000000 0.000249773277
-31.000000000000 8.000000000000 0.000244432210
-31.000000000000 9.000000000000 0.000238553037
-31.000000000000 10.000000000000 0.000232192783
-31.000000000000 11.000000000000 0.000225410941
-31.000000000000 12.000000000000 0.000218268465
-31.000000000000 13.000000000000 0.000210826813
-31.000000000000 14.000000000000 0.000203147076
-31.000000000000 15.000000000000 0.000195289194
-31.000000000000 16.000000000000 0.000187311274
-31.000000000000 17.000000000000 0.000179269020
-31.000000000000 18.000000000000 0.000171215267
-31.000000000000 19.000000000000 0.000163199627
-31.000000000000 20.000000000000 0.000155268227
-31.000000000000 21.000000000000 0.000147463546
-31.000000000000 22.000000000000 0.000139824335
-31.000000000000 23.000000000000 0.000132385607
-31.000000000000 24.000000000000 0.000125178689
-31.000000000000 25.000000000000 0.000118231332
-31.000000000000 26.000000000000 0.000111567860
-31.000000000000 27.000000000000 0.000105209350
-31.000000000000 28.000000000000 0.000099173842
-31.000000000000 29.000000000000 0.000093476565
-31.000000000000 30.000000000000 0.000088130167
-31.000000000000 31.000000000000 0.000083144960
-31.000000000000 32.000000000000 0.000078529155
-31.000000000000 33.000000000000 0.000074289098
-31.000000000000 34.000000000000 0.000070429486
-31.000000000000 35.000000000000 0.000066953587
-31.000000000000 36.000000000000 0.000063863426
-31.000000000000 37.000000000000 0.000061159957
-31.000000000000 38.000000000000 0.000058843219
-31.000000000000 39.000000000000 0.000056912452
-31.000000000000 40.000000000000 0.000055366194
-31.000000000000 41.000000000000 0.000054202352
-31.000000000000 42.000000000000 0.000052641929
-31.000000000000 43.000000000000 0.000011142811
-31.000000000000 44.000000000000 0.000002029491
-31.000000000000 45.000000000000 0.000000324029
-31.000000000000 46.000000000000 0.000000048441
-31.000000000000 47.000000000000 0.000000003707
-31.000000000000 48.000000000000 0.000000000010
-31.000000000000 49.000000000000 0.000000000000
-31.000000000000 50.000000000000 0.000000000000
-31.000000000000 51.000000000000 0.000000000000

-30.000000000000 -51.000000000000 0.000000000000
-30.000000000000 -50.000000000000 0.000000000000
-30.000000000000 -49.000000000000 0.000000000000
-30.000000000000 -48.000000000000 0.000000000012
-30.000000000000 -47.000000000000 0.000000004117
-30.000000000000 -46.000000000000 0.000000053303
-30.000000000000 -45.000000000000 0.000000353368
-30.000000000000 -44.000000000000 0.000002192536
-30.000000000000 -43.000000000000 0.000011914931
-30.000000000000 -42.000000000000 0.000055658720
-30.000000000000 -41.000000000000 0.000057281687
-30.000000000000 -40.000000000000 0.000058504823
-30.000000000000 -39.000000000000 0.000060138480
-30.000000000000 -38.000000000000 0.000062185071
-30.000000000000 -37.000000000000 0.000064646439
-30.000000000000 -36.000000000000 0.000067523778
-30.000000000000 -35.000000000000 0.000070817523
-30.000000000000 -34.000000000000 0.000074527207
-30.000000000000 -33.000000000000 0.000078651307
-30.000000000000 -32.000000000000 0.000083187041
-30.000000000000 -31.000000000000 0.000088130167
-30.000000000000 -30.000000000000 0.000093474740
-30.000000000000 -29.000000000000 0.000099212869
-30.000000000000 -28.000000000000 0.000105334450
-30.000000000000 -27.000000000000 0.000111826894
-30.000000000000 -26.000000000000 0.000118674850
-30.000000000000 -25.000000000000 0.000125859929
-30.000000000000 -24.000000000000 0.000133360436
-30.000000000000 -23.000000000000 0.000141151114
-30.000000000000 -22.000000000000 0.000149202918
-30.000000000000 -21.000000000000 0.000157482814
-30.000000000000 -20.000000000000 0.000165953626
-30.000000000000 -19.000000000000 0.000174573944
-30.000000000000 -18.000000000000 0.000183298085
-30.000000000000 -17.000000000000 0.000192076151
-30.000000000000 -16.000000000000 0.000200854172
-30.000000000000 -15.000000000000 0.000209574349
-30.000000000000 -14.000000000000 0.000218175428
-30.000000000000 -13.000000000000 0.000226593187
-30.000000000000 -12.000000000000 0.000234761053
-30.000000000000 -11.000000000000 0.000242610861
-30.000000000000 -10.000000000000 0.000250073728
-30.000000000000 -9.000000000000 0.000257081053
-30.000000000000 -8.000000000000 0.000263565615
-30.000000000000 -7.000000000000 0.000269462743
-30.000000000000 -6.000000000000 0.000274711543
-30.000000000000 -5.000000000000 0.000279256118
-30.000000000000 -4.000000000000 0.000283046767
-30.000000000000 -3.000000000000 0.000286041095
-30.000000000000 -2.000000000000 0.000288205005
-30.000000000000 -1.000000000000 0.000289513521
-30.000000000000 0.000000000000 0.000289951401
-30.000000000000 1.000000000000 0.000289513521
-30.000000000000 2.000000000000 0.000288205005
-30.000000000000 3.000000000000 0.000286041095
-30.000000000000 4.000000000000 0.000283046767
-30.000000000000 5.000000000000 0.000279256118
-30.000000000000 6.000000000000 0.000274711543
-30.000000000000 7.000000000000 0.000269462743
-30.000000000000 8.000000000000 0.000263565615
-30.000000000000 9.000000000000 0.000257081053
-30.000000000000 10.000000000000 0.000250073728
-30.000000000000 11.000000000000 0.000242610861
-30.000000000000 12.000000000000 0.000234761053
-30.000000000000 13.000000000000 0.000226593187
-30.000000000000 14.000000000000 0.000218175428
-30.000000000000 15.000000000000 0.000209574349
-30.000000000000 16.000000000000 0.000200854172
-30.000000000000 17.000000000000 0.000192076151
-30.000000000000 18.000000000000 0.000183298085
-30.000000000000 19.000000000000 0.000174573944
-30.000000000000 20.000000000000 0.000165953626
-30.000000000000 21.000000000000 0.000157482814
-30.000000000000 22.000000000000 0.000149202918
-30.000000000000 23.000000000000 0.000141151114
-30.000000000000 24.000000000000 0.000133360436
-30.000000000000 25.000000000000 0.000125859929
-30.000000000000 26.000000000000 0.000118674850
-30.000000000000 27.000000000000 0.000111826894
-30.000000000000 28.000000000000 0.000105334450
-30.000000000000 29.000000000000 0.000099212869
-30.000000000000 30.000000000000 0.000093474740
-30.000000000000 31.000000000000 0.000088130167
-30.000000000000 32.000000000000 0.000083187041
-30.000000000000 33.000000000000 0.000078651307
-30.000000000000 34.000000000000 0.000074527207
-30.000000000000 35.000000000000 0.000070817523
-30.000000000000 36.000000000000 0.000067523778
-30.000000000000 37.000000000000 0.000064646439
-30.000000000000 38.000000000000 0.000062185071
-30.000000000000 39.000000000000 0.000060138480
-30.000000000000 40.000000000000 0.000058504823
-30.000000000000 41.000000000000 0.000057281687
-30.000000000000 42.000000000000 0.000055658720
-30.000000000000 43.000000000000 0.000011914931
-30.000000000000 44.000000000000 0.000002192536
-30.000000000000 45.000000000000 0.000000353368
-30.000000000000 46.000000000000 0.000000053303
-30.000000000000 47.000000000000 0.000000004117
-30.000000000000 48.000000000000 0.000000000012
-30.000000000000 49.000000000000 0.000000000000
-30.000000000000 50.000000000000 0.000000000000
-30.000000000000 51.000000000000 0.000000000000

-29.000000000000 -51.000000000000 0.000000000000
-29.000000000000 -50.000000000000 0.000000000000
-29.000000000000 -49.000000000000 0.000000000000
-29.000000000000 -48.000000000000 0.000000000013
-29.000000000000 -47.000000000000 0.000000004567
-29.000000000000 -46.000000000000 0.000000058612
-29.000000000000 -45.000000000000 0.000000385213
-29.000000000000 -44.000000000000 0.000002368441
-29.000000000000 -43.000000000000 0.000012742772
-29.000000000000 -42.000000000000 0.000058872494
-29.000000000000 -41.000000000000 0.000060561442
-29.000000000000 -40.000000000000 0.000061848059
-29.000000000000 -39.000000000000 0.000063575784
-29.000000000000 -38.000000000000 0.000065747379
-29.000000000000 -37.000000000000 0.000068365119
-29.000000000000 -36.000000000000 0.000071430696
-29.000000000000 -35.000000000000 0.000074945095
-29.000000000000 -34.000000000000 0.000078908444
-29.000000000000 -33.000000000000 0.000083319829
-29.000000000000 -32.000000000000 0.000088177086
-29.000000000000 -31.000000000000 0.000093476565
-29.000000000000 -30.000000000000 0.000099212869
-29.000000000000 -29.000000000000 0.000105378579
-29.000000000000 -28.000000000000 0.000111963950
-29.000000000000 -27.000000000000 0.000118956603
-29.000000000000 -26.000000000000 0.000126341208
-29.000000000000 -25.000000000000 0.000134099153
-29.000000000000 -24.000000000000 0.000142208233
-29.000000000000 -23.000000000000 0.000150642338
-29.000000000000 -22.000000000000 0.000159371166
-29.000000000000 -21.000000000000 0.000168359973
-29.000000000000 -20.000000000000 0.000177569359
-29.000000000000 -19.000000000000 0.000186955114
-29.000000000000 -18.000000000000 0.000196468144
-29.000000000000 -17.000000000000 0.000206054470
-29.000000000000 -16.000000000000 0.000215655349
-29.000000000000 -15.000000000000 0.000225207498
-29.000000000000 -14.000000000000 0.000234643463
-29.000000000000 -13.000000000000 0.000243892132
-29.000000000000 -12.000000000000 0.000252879404
-29.000000000000 -11.000000000000 0.000261529015
-29.000000000000 -10.000000000000 0.000269763529
-29.000000000000 -9.000000000000 0.000277505475
-29.000000000000 -8.000000000000 0.000284678610
-29.000000000000 -7.000000000000 0.000291209297
-29.000000000000 -6.000000000000 0.000297027939
-29.000000000000 -5.000000000000 0.000302070448
-29.000000000000 -4.000000000000 0.000306279669
-29.000000000000 -3.000000000000 0.000309606733
-29.000000000000 -2.000000000000 0.000312012258
-29.000000000000 -1.000000000000 0.000313467351
-29.000000000000 0.000000000000 0.000313954360
-29.000000000000 1.000000000000 0.000313467351
-29.000000000000 2.000000000000 0.000312012258
-29.000000000000 3.000000000000 0.000309606733
-29.000000000000 4.000000000000 0.000306279669
-29.000000000000 5.000000000000 0.000302070448
-29.000000000000 6.000000000000 0.000297027939
-29.000000000000 7.000000000000 0.000291209297
-29.000000000000 8.000000000000 0.000284678610
-29.000000000000 9.000000000000 0.000277505475
-29.000000000000 10.000000000000 0.000269763529
-29.000000000000 11.000000000000 0.000261529015
-29.000000000000 12.000000000000 0.000252879404
-29.000000000000 13.000000000000 0.000243892132
-29.000000000000 14.000000000000 0.000234643463
-29.000000000000 15.000000000000 0.000225207498
-29.000000000000 16.000000000000 0.000215655349
-29.000000000000 17.000000000000 0.000206054470
-29.000000000000 18.000000000000 0.000196468144
-29.000000000000 19.000000000000 0.000186955114
-29.000000000000 20.000000000000 0.000177569359
-29.000000000000 21.000000000000 0.000168359973
-29.000000000000 22.000000000000 0.000159371166
-29.000000000000 23.000000000000 0.000150642338
-29.000000000000 24.000000000000 0.000142208233
-29.000000000000 25.000000000000 0.000134099153
-29.000000000000 26.000000000000 0.000126341208
-29.000000000000 27.000000000000 0.000118956603
-29.000000000000 28.000000000000 0.000111963950
-29.000000000000 29.000000000000 0.000105378579
-29.000000000000 30.000000000000 0.000099212869
-29.000000000000 31.000000000000 0.000093476565
-29.000000000000 32.000000000000 0.000088177086
-29.000000000000 33.000000000000 0.000083319829
-29.000000000000 34.000000000000 0.000078908444
-29.000000000000 35.000000000000 0.000074945095
-29.000000000000 36.000000000000 0.000071430696
-29.000000000000 37.000000000000 0.000068365119
-29.000000000000 38.000000000000 0.000065747379
-29.000000000000 39.000000000000 0.000063575784
-29.000000000000 40.000000000000 0.000061848059
-29.000000000000 41.000000000000 0.000060561442
-29.000000000000 42.000000000000 0.000058872494
-29.000000000000 43.000000000000 0.000012742772
-29.000000000000 44.000000000000 0.000002368441
-29.000000000000 45.000000000000 0.000000385213
-29.000000000000 46.000000000000 0.000000058612
-29.000000000000 47.000000000000 0.000000004567
-29.000000000000 48.000000000000 0.000000000013
-29.000000000000 49.000000000000 0.000000000000
-29.000000000000 50.000000000000 0.000000000000
-29.000000000000 51.000000000000 0.000000000000

-28.000000000000 -51.000000000000 0.000000000000
-28.000000000000 -50.000000000000 0.000000000000
-28.000000000000 -49.000000000000 0.000000000000
-28.000000000000 -48.000000000000 0.000000000015
-28.000000000000 -47.000000000000 0.000000005060
-28.000000000000 -46.000000000000 0.000000064375
-28.000000000000 -45.000000000000 0.000000419567
-28.000000000000 -44.000000000000 0.000002557048
-28.000000000000 -43.000000000000 0.000013624796
-28.000000000000 -42.000000000000 0.000062274440
-28.000000000000 -41.000000000000 0.000064032551
-28.000000000000 -40.000000000000 0.000065386680
-28.000000000000 -39.000000000000 0.000067214958
-28.000000000000 -38.000000000000 0.000069520543
-28.000000000000 -37.000000000000 0.000072306195
-28.000000000000 -36.000000000000 0.000075574183
-28.000000000000 -35.000000000000 0.000079326139
-28.000000000000 -34.000000000000 0.000083562894
-28.000000000000 -33.000000000000 0.000088284280
-28.000000000000 -32.000000000000 0.000093488894
-28.000000000000 -31.000000000000 0.000099173842
-28.000000000000 -30.000000000000 0.000105334450
-28.000000000000 -29.000000000000 0.000111963950
-28.000000000000 -28.000000000000 0.000119053145
-28.000000000000 -27.000000000000 0.000126590056
-28.000000000000 -26.000000000000 0.000134559553
-28.000000000000 -25.000000000000 0.000142942980
-28.000000000000 -24.000000000000 0.000151717776
-28.000000000000 -23.000000000000 0.000160857108
-28.000000000000 -22.000000000000 0.000170329514
-28.000000000000 -21.000000000000 0.000180098584
-28.000000000000 -20.000000000000 0.000190122677
-28.000000000000 -19.000000000000 0.000200354702
-28.000000000000 -18.000000000000 0.000210741970
-28.000000000000 -17.000000000000 0.000221226147
-28.000000000000 -16.000000000000 0.000231743316
-28.000000000000 -15.000000000000 0.000242224176
-28.000000000000 -14.000000000000 0.000252594402
-28.000000000000 -13.000000000000 0.000262775168
-28.000000000000 -12.000000000000 0.000272683859
-28.000000000000 -11.000000000000 0.000282234985
-28.000000000000 -10.000000000000 0.000291341282
-28.000000000000 -9.000000000000 0.000299915008
-28.000000000000 -8.000000000000 0.000307869411
-28.000000000000 -7.000000000000 0.000315120334
-28.000000000000 -6.000000000000 0.000321587922
-28.000000000000 -5.000000000000 0.000327198370
-28.000000000000 -4.000000000000 0.000331885653
-28.000000000000 -3.000000000000 0.000335593163
-28.000000000000 -2.000000000000 0.000338275179
-28.000000000000 -1.000000000000 0.000339898100
-28.000000000000 0.000000000000 0.000340441379
-28.000000000000 1.000000000000 0.000339898100
-28.000000000000 2.000000000000 0.000338275179
-28.000000000000 3.000000000000 0.000335593163
-28.000000000000 4.000000000000 0.000331885653
-28.000000000000 5.000000000000 0.000327198370
-28.000000000000 6.000000000000 0.000321587922
-28.000000000000 7.000000000000 0.000315120334
-28.000000000000 8.000000000000 0.000307869411
-28.000000000000 9.000000000000 0.000299915008
-28.000000000000 10.000000000000 0.000291341282
-28.000000000000 11.000000000000 0.000282234985
-28.000000000000 12.000000000000 0.000272683859
-28.000000000000 13.000000000000 0.000262775168
-28.000000000000 14.000000000000 0.000252594402
-28.000000000000 15.000000000000 0.000242224176
-28.000000000000 16.000000000000 0.000231743316
-28.000000000000 17.000000000000 0.000221226147
-28.000000000000 18.000000000000 0.000210741970
-28.000000000000 19.000000000000 0.000200354702
-28.000000000000 20.000000000000 0.000190122677
-28.000000000000 21.000000000000 0.000180098584
-28.000000000000 22.000000000000 0.000170329514
-28.000000000000 23.000000000000 0.000160857108
-28.000000000000 24.000000000000 0.000151717776
-28.000000000000 25.000000000000 0.000142942980
-28.000000000000 26.000000000000 0.000134559553
-28.000000000000 27.000000000000 0.000126590056
-28.000000000000 28.000000000000 0.000119053145
-28.000000000000 29.000000000000 0.000111963950
-28.000000000000 30.000000000000 0.000105334450
-28.000000000000 31.000000000000 0.000099173842
-28.000000000000 32.000000000000 0.000093488894
-28.000000000000 33.000000000000 0.000088284280
-28.000000000000 34.000000000000 0.000083562894
-28.000000000000 35.000000000000 0.000079326139
-28.000000000000 36.000000000000 0.000075574183
-28.000000000000 37.000000000000 0.000072306195
-28.000000000000 38.000000000000 0.000069520543
-28.000000000000 39.000000000000 0.000067214958
-28.000000000000 40.000000000000 0.000065386680
-28.000000000000 41.000000000000 0.000064032551
-28.000000000000 42.000000000000 0.000062274440
-28.000000000000 43.000000000000 0.000013624796
-28.000000000000 44.000000000000 0.000002557048
-28.000000000000 45.000000000000 0.000000419567
-28.000000000000 46.000000000000 0.000000064375
-28.000000000000 47.000000000000 0.000000005060
-28.000000000000 48.000000000000 0.000000000015
-28.000000000000 49.000000000000 0.000000000000
-28.000000000000 50.000000000000 0.000000000000
-28.000000000000 51.000000000000 0.000000000000

-27.000000000000 -51.000000000000 0.000000000000
-27.000000000000 -50.000000000000 0.000000000000
-27.000000000000 -49.000000000000 0.000000000000
-27.000000000000 -48.000000000000 0.000000000016
-27.000000000000 -47.000000000000 0.000000005595
-27.000000000000 -46.000000000000 0.000000070594
-27.000000000000 -45.000000000000 0.000000456415
-27.000000000000 -44.000000000000 0.000002758100
-27.000000000000 -43.000000000000 0.000014559041
-27.000000000000 -42.000000000000 0.000065854259
-27.000000000000 -41.000000000000 0.000067684438
-27.000000000000 -40.000000000000 0.000069109929
-27.000000000000 -39.000000000000 0.000071045035
-27.000000000000 -38.000000000000 0.000073493351
-27.000000000000 -37.000000000000 0.000076458195
-27.000000000000 -36.000000000000 0.000079942497
-27.000000000000 -35.000000000000 0.000083948646
-27.000000000000 -34.000000000000 0.000088478307
-27.000000000000 -33.000000000000 0.000093532205
-27.000000000000 -32.000000000000 0.000099109870
-27.000000000000 -31.000000000000 0.000105209350
-27.000000000000 -30.000000000000 0.000111826894
-27.000000000000 -29.000000000000 0.000118956603
-27.000000000000 -28.000000000000 0.000126590056
-27.000000000000 -27.000000000000 0.000134715902
-27.000000000000 -26.000000000000 0.000143319448
-27.000000000000 -25.000000000000 0.000152382218
-27.000000000000 -24.000000000000 0.000161881510
-27.000000000000 -23.000000000000 0.000171789959
-27.000000000000 -22.000000000000 0.000182075100
-27.000000000000 -21.000000000000 0.000192698969
-27.000000000000 -20.000000000000 0.000203617735
-27.000000000000 -19.000000000000 0.000214781395
-27.000000000000 -18.000000000000 0.000226133544
-27.000000000000 -17.000000000000 0.000237611250
-27.000000000000 -16.000000000000 0.000249145052
-27.000000000000 -15.000000000000 0.000260659110
-27.000000000000 -14.000000000000 0.000272071530
-27.000000000000 -13.000000000000 0.000283294896
-27.000000000000 -12.000000000000 0.000294237018
-27.000000000000 -11.000000000000 0.000304801923
-27.000000000000 -10.000000000000 0.000314891080
-27.000000000000 -9.000000000000 0.000324404882
-27.000000000000 -8.000000000000 0.000333244334
-27.000000000000 -7.000000000000 0.000341312942
-27.000000000000 -6.000000000000 0.000348518740
-27.000000000000 -5.000000000000 0.000354776390
-27.000000000000 -4.000000000000 0.000360009281
-27.000000000000 -3.000000000000 0.000364151531
-27.000000000000 -2.000000000000 0.000367149797
-27.000000000000 -1.000000000000 0.000368964806
-27.000000000000 0.000000000000 0.000369572508
-27.000000000000 1.000000000000 0.000368964806
-27.000000000000 2.000000000000 0.000367149797
-27.000000000000 3.000000000000 0.000364151531
-27.000000000000 4.000000000000 0.000360009281
-27.000000000000 5.000000000000 0.000354776390
-27.000000000000 6.000000000000 0.000348518740
-27.000000000000 7.000000000000 0.000341312942
-27.000000000000 8.000000000000 0.000333244334
-27.000000000000 9.000000000000 0.000324404882
-27.000000000000 10.000000000000 0.000314891080
-27.000000000000 11.000000000000 0.000304801923
-27.000000000000 12.000000000000 0.000294237018
-27.000000000000 13.000000000000 0.000283294896
-27.000000000000 14.000000000000 0.000272071530
-27.000000000000 15.000000000000 0.000260659110
-27.000000000000 16.000000000000 0.000249145052
-27.000000000000 17.000000000000 0.000237611250
-27.000000000000 18.000000000000 0.000226133544
-27.000000000000 19.000000000000 0.000214781395
-27.000000000000 20.000000000000 0.000203617735
-27.000000000000 21.000000000000 0.000192698969
-27.000000000000 22.000000000000 0.000182075100
-27.000000000000 23.000000000000 0.000171789959
-27.000000000000 24.000000000000 0.000161881510
-27.000000000000 25.000000000000 0.000152382218
-27.000000000000 26.000000000000 0.000143319448
-27.000000000000 27.000000000000 0.000134715902
-27.000000000000 28.000000000000 0.000126590056
-27.000000000000 29.000000000000 0.000118956603
-27.000000000000 30.000000000000 0.000111826894
-27.000000000000 31.000000000000 0.000105209350
-27.000000000000 32.000000000000 0.000099109870
-27.000000000000 33.000000000000 0.000093532205
-27.000000000000 34.000000000000 0.000088478307
-27.000000000000 35.000000000000 0.000083948646
-27.000000000000 36.000000000000 0.000079942497
-27.000000000000 37.000000000000 0.000076458195
-27.000000000000 38.000000000000 0.000073493351
-27.000000000000 39.000000000000 0.000071045035
-27.000000000000 40.000000000000 0.000069109929
-27.000000000000 41.000000000000 0.000067684438
-27.000000000000 42.000000000000 0.000065854259
-27.000000000000 43.000000000000 0.000014559041
-27.000000000000 44.000000000000 0.000002758100
-27.000000000000 45.000000000000 0.000000456415
-27.000000000000 46.000000000000 0.000000070594
-27.000000000000 47.000000000000 0.000000005595
-27.000000000000 48.000000000000 0.000000000016
-27.000000000000 49.000000000000 0.000000000000
-27.000000000000 50.000000000000 0.000000000000
-27.000000000000 51.000000000000 0.000000000000

-26.000000000000 -51.000000000000 0.000000000000
-26.000000000000 -50.000000000000 0.000000000000
-26.000000000000 -49.000000000000 0.000000000000
-26.000000000000 -48.000000000000 0.000000000018
-26.000000000000 -47.000000000000 0.000000006173
-26.000000000000 -46.000000000000 0.000000077270
-26.000000000000 -45.000000000000 0.000000495720
-26.000000000000 -44.000000000000 0.000002971232
-26.000000000000 -43.000000000000 0.000015543079
-26.000000000000 -42.000000000000 0.000069600108
-26.000000000000 -41.000000000000 0.000071504955
-26.000000000000 -40.000000000000 0.000073005455
-26.000000000000 -39.000000000000 0.000075053405
-26.000000000000 -38.000000000000 0.000077652895
-26.000000000000 -37.000000000000 0.000080807874
-26.000000000000 -36.000000000000 0.000084522032
-26.000000000000 -35.000000000000 0.000088798636
-26.000000000000 -34.000000000000 0.000093640332
-26.000000000000 -33.000000000000 0.000099048907
-26.000000000000 -32.000000000000 0.000105025015
-26.000000000000 -31.000000000000 0.000111567860
-26.000000000000 -30.000000000000 0.000118674850
-26.000000000000 -29.000000000000 0.000126341208
-26.000000000000 -28.000000000000 0.000134559553
-26.000000000000 -27.000000000000 0.000143319448
-26.000000000000 -26.000000000000 0.000152606921
-26.000000000000 -25.000000000000 0.000162403966
-26.000000000000 -24.000000000000 0.000172688020
-26.000000000000 -23.000000000000 0.000183431449
-26.000000000000 -22.000000000000 0.000194601020
-26.000000000000 -21.000000000000 0.000206157404
-26.000000000000 -20.000000000000 0.000218054709
-26.000000000000 -19.000000000000 0.000230240069
-26.000000000000 -18.000000000000 0.000242653312
-26.000000000000 -17.000000000000 0.000255226730
-26.000000000000 -16.000000000000 0.000267884990
-26.000000000000 -15.000000000000 0.000280545208
-26.000000000000 -14.000000000000 0.000293117224
-26.000000000000 -13.000000000000 0.000305504115
-26.000000000000 -12.000000000000 0.000317602967
-26.000000000000 -11.000000000000 0.000329305935
-26.000000000000 -10.000000000000 0.000340501607
-26.000000000000 -9.000000000000 0.000351076674
-26.000000000000 -8.000000000000 0.000360917887
-26.000000000000 -7.000000000000 0.000369914272
-26.000000000000 -6.000000000000 0.000377959545
-26.000000000000 -5.000000000000 0.000384954646
-26.000000000000 -4.000000000000 0.000390810296
-26.000000000000 -3.000000000000 0.000395449462
-26.000000000000 -2.000000000000 0.000398809601
-26.000000000000 -1.000000000000 0.000400844569
-26.000000000000 0.000000000000 0.000401526070
-26.000000000000 1.000000000000 0.000400844569
-26.000000000000 2.000000000000 0.000398809601
-26.000000000000 3.000000000000 0.000395449462
-26.000000000000 4.000000000000 0.000390810296
-26.000000000000 5.000000000000 0.000384954646
-26.000000000000 6.000000000000 0.000377959545
-26.000000000000 7.000000000000 0.000369914272
-26.000000000000 8.000000000000 0.000360917887
-26.000000000000 9.000000000000 0.000351076674
-26.000000000000 10.000000000000 0.000340501607
-26.000000000000 11.000000000000 0.000329305935
-26.000000000000 12.000000000000 0.000317602967
-26.000000000000 13.000000000000 0.000305504115
-26.000000000000 14.000000000000 0.000293117224
-26.000000000000 15.000000000000 0.000280545208
-26.000000000000 16.000000000000 0.000267884990
-26.000000000000 17.000000000000 0.000255226730
-26.000000000000 18.000000000000 0.000242653312
-26.000000000000 19.000000000000 0.000230240069
-26.000000000000 20.000000000000 0.000218054709
-26.000000000000 21.000000000000 0.000206157404
-26.000000000000 22.000000000000 0.000194601020
-26.000000000000 23.000000000000 0.000183431449
-26.000000000000 24.000000000000 0.000172688020
-26.000000000000 25.000000000000 0.000162403966
-26.000000000000 26.000000000000 0.000152606921
-26.000000000000 27.000000000000 0.000143319448
-26.000000000000 28.000000000000 0.000134559553
-26.000000000000 29.000000000000 0.000126341208
-26.000000000000 30.000000000000 0.000118674850
-26.000000000000 31.000000000000 0.000111567860
-26.000000000000 32.000000000000 0.000105025015
-26.000000000000 33.000000000000 0.000099048907
-26.000000000000 34.000000000000 0.000093640332
-26.000000000000 35.000000000000 0.000088798636
-26.000000000000 36.000000000000 0.000084522032
-26.000000000000 37.000000000000 0.000080807874
-26.000000000000 38.000000000000 0.000077652895
-26.000000000000 39.000000000000 0.000075053405
-26.000000000000 40.000000000000 0.000073005455
-26.000000000000 41.000000000000 0.000071504955
-26.000000000000 42.000000000000 0.000069600108
-26.000000000000 43.000000000000 0.000015543079
-26.000000000000 44.000000000000 0.000002971232
-26.000000000000 45.000000000000 0.000000495720
-26.000000000000 46.000000000000 0.000000077270
-26.000000000000 47.000000000000 0.000000006173
-26.000000000000 48.000000000000 0.000000000018
-26.000000000000 49.000000000000 0.000000000000
-26.000000000000 50.000000000000 0.000000000000
-26.000000000000 51.000000000000 0.000000000000

-25.000000000000 -51.000000000000 0.000000000000
-25.000000000000 -50.000000000000 0.000000000000
-25.000000000000 -49.000000000000 0.000000000000
-25.000000000000 -48.000000000000 0.000000000020
-25.000000000000 -47.000000000000 0.000000006794
-25.000000000000 -46.000000000000 0.000000084396
-25.000000000000 -45.000000000000 0.000000537422
-25.000000000000 -44.000000000000 0.000003195956
-25.000000000000 -43.000000000000 0.000016573988
-25.000000000000 -42.000000000000 0.000073498540
-25.000000000000 -41.000000000000 0.000075480330
-25.000000000000 -40.000000000000 0.000077059250
-25.000000000000 -39.000000000000 0.000079225760
-25.000000000000 -38.000000000000 0.000081984499
-25.000000000000 -37.000000000000 0.000085340131
-25.000000000000 -36.000000000000 0.000089297216
-25.000000000000 -35.000000000000 0.000093860035
-25.000000000000 -34.000000000000 0.000099032374
-25.000000000000 -33.000000000000 0.000104817274
-25.000000000000 -32.000000000000 0.000111216725
-25.000000000000 -31.000000000000 0.000118231332
-25.000000000000 -30.000000000000 0.000125859929
-25.000000000000 -29.000000000000 0.000134099153
-25.000000000000 -28.000000000000 0.000142942980
-25.000000000000 -27.000000000000 0.000152382218
-25.000000000000 -26.000000000000 0.000162403966
-25.000000000000 -25.000000000000 0.000172991041
-25.000000000000 -24.000000000000 0.000184121382
-25.000000000000 -23.000000000000 0.000195767429
-25.000000000000 -22.000000000000 0.000207895507
-25.000000000000 -21.000000000000 0.000220465208
-25.000000000000 -20.000000000000 0.000233428808
-25.000000000000 -19.000000000000 0.000246730726
-25.000000000000 -18.000000000000 0.000260307063
-25.000000000000 -17.000000000000 0.000274085244
-25.000000000000 -16.000000000000 0.000287983803
-25.000000000000 -15.000000000000 0.000301912357
-25.000000000000 -14.000000000000 0.000315771793
-25.000000000000 -13.000000000000 0.000329454735
-25.000000000000 -12.000000000000 0.000342846318
-25.000000000000 -11.000000000000 0.000355825303
-25.000000000000 -10.000000000000 0.000368265577
-25.000000000000 -9.000000000000 0.000380038031
-25.000000000000 -8.000000000000 0.000391012815
-25.000000000000 -7.000000000000 0.000401061941
-25.000000000000 -6.000000000000 0.000410062164
-25.000000000000 -5.000000000000 0.000417898049
-25.000000000000 -4.000000000000 0.000424465104
-25.000000000000 -3.000000000000 0.000429672831
-25.000000000000 -2.000000000000 0.000433447528
-25.000000000000 -1.000000000000 0.000435734690
-25.000000000000 0.000000000000 0.000436500841
-25.000000000000 1.000000000000 0.000435734690
-25.000000000000 2.000000000000 0.000433447528
-25.000000000000 3.000000000000 0.000429672831
-25.000000000000 4.000000000000 0.000424465104
-25.000000000000 5.000000000000 0.000417898049
-25.000000000000 6.000000000000 0.000410062164
-25.000000000000 7.000000000000 0.000401061941
-25.000000000000 8.000000000000 0.000391012815
-25.000000000000 9.000000000000 0.000380038031
-25.000000000000 10.000000000000 0.000368265577
-25.000000000000 11.000000000000 0.000355825303
-25.000000000000 12.000000000000 0.000342846318
-25.000000000000 13.000000000000 0.000329454735
-25.000000000000 14.000000000000 0.000315771793
-25.000000000000 15.000000000000 0.000301912357
-25.000000000000 16.000000000000 0.000287983803
-25.000000000000 17.000000000000 0.000274085244
-25.000000000000 18.000000000000 0.000260307063
-25.000000000000 19.000000000000 0.000246730726
-25.000000000000 20.000000000000 0.000233428808
-25.000000000000 21.000000000000 0.000220465208
-25.000000000000 22.000000000000 0.000207895507
-25.000000000000 23.000000000000 0.000195767429
-25.000000000000 24.000000000000 0.000184121382
-25.000000000000 25.000000000000 0.000172991041
-25.000000000000 26.000000000000 0.000162403966
-25.000000000000 27.000000000000 0.000152382218
-25.000000000000 28.000000000000 0.000142942980
-25.000000000000 29.000000000000 0.000134099153
-25.000000000000 30.000000000000 0.000125859929
-25.000000000000 31.000000000000 0.000118231332
-25.000000000000 32.000000000000 0.000111216725
-25.000000000000 33.000000000000 0.000104817274
-25.000000000000 34.000000000000 0.000099032374
-25.000000000000 35.000000000000 0.000093860035
-25.000000000000 36.000000000000 0.000089297216
-25.000000000000 37.000000000000 0.000085340131
-25.000000000000 38.000000000000 0.000081984499
-25.000000000000 39.000000000000 0.000079225760
-25.000000000000 40.000000000000 0.000077059250
-25.000000000000 41.000000000000 0.000075480330
-25.000000000000 42.000000000000 0.000073498540
-25.000000000000 43.000000000000 0.000016573988
-25.000000000000 44.000000000000 0.000003195956
-25.000000000000 45.000000000000 0.000000537422
-25.000000000000 46.000000000000 0.000000084396
-25.000000000000 47.000000000000 0.000000006794
-25.000000000000 48.000000000000 0.000000000020
-25.000000000000 49.000000000000 0.000000000000
-25.000000000000 50.000000000000 0.000000000000
-25.000000000000 51.000000000000 0.000000000000

-24.000000000000 -51.000000000000 0.000000000000
-24.000000000000 -50.000000000000 0.000000000000
-24.000000000000 -49.000000000000 0.000000000000
-24.000000000000 -48.000000000000 0.000000000022
-24.000000000000 -47.000000000000 0.000000007458
-24.000000000000 -46.000000000000 0.000000091964
-24.000000000000 -45.000000000000 0.000000581431
-24.000000000000 -44.000000000000 0.000003431654
-24.000000000000 -43.000000000000 0.000017648323
-24.000000000000 -42.000000000000 0.000077534468
-24.000000000000 -41.000000000000 0.000079595129
-24.000000000000 -40.000000000000 0.000081255614
-24.000000000000 -39.000000000000 0.000083546040
-24.000000000000 -38.000000000000 0.000086471658
-24.000000000000 -37.000000000000 0.000090037939
-24.000000000000 -36.000000000000 0.000094250429
-24.000000000000 -35.000000000000 0.000099114570
-24.000000000000 -34.000000000000 0.000104635469
-24.000000000000 -33.000000000000 0.000110817624
-24.000000000000 -32.000000000000 0.000117664606
-24.000000000000 -31.000000000000 0.000125178689
-24.000000000000 -30.000000000000 0.000133360436
-24.000000000000 -29.000000000000 0.000142208233
-24.000000000000 -28.000000000000 0.000151717776
-24.000000000000 -27.000000000000 0.000161881510
-24.000000000000 -26.000000000000 0.000172688020
-24.000000000000 -25.000000000000 0.000184121382
-24.000000000000 -24.000000000000 0.000196160474
-24.000000000000 -23.000000000000 0.000208778260
-24.000000000000 -22.000000000000 0.000221941051
-24.000000000000 -21.000000000000 0.000235607762
-24.000000000000 -20.000000000000 0.000249729185
-24.000000000000 -19.000000000000 0.000264247299
-24.000000000000 -18.000000000000 0.000279094641
-24.000000000000 -17.000000000000 0.000294193791
-24.000000000000 -16.000000000000 0.000309456997
-24.000000000000 -15.000000000000 0.000324785992
-24.000000000000 -14.000000000000 0.000340072067
-24.000000000000 -13.000000000000 0.000355196443
-24.000000000000 -12.000000000000 0.000370031009
-24.000000000000 -11.000000000000 0.000384439478
-24.000000000000 -10.000000000000 0.000398279000
-24.000000000000 -9.000000000000 0.000411402261
-24.000000000000 -8.000000000000 0.000423660076
-24.000000000000 -7.000000000000 0.000434904439
-24.000000000000 -6.000000000000 0.000444991963
-24.000000000000 -5.000000000000 0.000453787608
-24.000000000000 -4.000000000000 0.000461168535
-24.000000000000 -3.000000000000 0.000467027905
-24.000000000000 -2.000000000000 0.000471278409
-24.000000000000 -1.000000000000 0.000473855302
-24.000000000000 0.000000000000 0.000474718748
-24.000000000000 1.000000000000 0.000473855302
-24.000000000000 2.000000000000 0.000471278409
-24.000000000000 3.000000000000 0.000467027905
-24.000000000000 4.000000000000 0.000461168535
-24.000000000000 5.000000000000 0.000453787608
-24.000000000000 6.000000000000 0.000444991963
-24.000000000000 7.000000000000 0.000434904439
-24.000000000000 8.000000000000 0.000423660076
-24.000000000000 9.000000000000 0.000411402261
-24.000000000000 10.000000000000 0.000398279000
-24.000000000000 11.000000000000 0.000384439478
-24.000000000000 12.000000000000 0.000370031009
-24.000000000000 13.000000000000 0.000355196443
-24.000000000000 14.000000000000 0.000340072067
-24.000000000000 15.000000000000 0.000324785992
-24.000000000000 16.000000000000 0.000309456997
-24.000000000000 17.000000000000 0.000294193791
-24.000000000000 18.000000000000 0.000279094641
-24.000000000000 19.000000000000 0.000264247299
-24.000000000000 20.000000000000 0.000249729185
-24.000000000000 21.000000000000 0.000235607762
-24.000000000000 22.000000000000 0.000221941051
-24.000000000000 23.000000000000 0.000208778260
-24.000000000000 24.000000000000 0.000196160474
-24.000000000000 25.000000000000 0.000184121382
-24.000000000000 26.000000000000 0.000172688020
-24.000000000000 27.000000000000 0.000161881510
-24.000000000000 28.000000000000 0.000151717776
-24.000000000000 29.000000000000 0.000142208233
-24.000000000000 30.000000000000 0.000133360436
-24.000000000000 31.000000000000 0.000125178689
-24.000000000000 32.000000000000 0.000117664606
-24.000000000000 33.000000000000 0.000110817624
-24.000000000000 34.000000000000 0.000104635469
-24.000000000000 35.000000000000 0.000099114570
-24.000000000000 36.000000000000 0.000094250429
-24.000000000000 37.000000000000 0.000090037939
-24.000000000000 38.000000000000 0.000086471658
-24.000000000000 39.000000000000 0.000083546040
-24.000000000000 40.000000000000 0.000081255614
-24.000000000000 41.000000000000 0.000079595129
-24.000000000000 42.000000000000 0.000077534468
-24.000000000000 43.000000000000 0.000017648323
-24.000000000000 44.000000000000 0.000003431654
-24.000000000000 45.000000000000 0.000000581431
-24.000000000000 46.000000000000 0.000000091964
-24.000000000000 47.000000000000 0.000000007458
-24.000000000000 48.000000000000 0.000000000022
-24.000000000000 49.000000000000 0.000000000000
-24.000000000000 50.000000000000 0.000000000000
-24.000000000000 51.000000000000 0.000000000000

-23.000000000000 -51.000000000000 0.000000000000
-23.000000000000 -50.000000000000 0.000000000000
-23.000000000000 -49.000000000000 0.000000000000
-23.000000000000 -48.000000000000 0.000000000024
-23.000000000000 -47.000000000000 0.000000008165
-23.000000000000 -46.000000000000 0.000000099956
-23.000000000000 -45.000000000000 0.000000627629
-23.000000000000 -44.000000000000 0.000003677565
-23.000000000000 -43.000000000000 0.000018762087
-23.000000000000 -42.000000000000 0.000081691134
-23.000000000000 -41.000000000000 0.000083832225
-23.000000000000 -40.000000000000 0.000085577119
-23.000000000000 -39.000000000000 0.000087996400
-23.000000000000 -38.000000000000 0.000091096000
-23.000000000000 -37.000000000000 0.000094882290
-23.000000000000 -36.000000000000 0.000099361932
-23.000000000000 -35.000000000000 0.000104541686
-23.000000000000 -34.000000000000 0.000110428172
-23.000000000000 -33.000000000000 0.000117027573
-23.000000000000 -32.000000000000 0.000124345303
-23.000000000000 -31.000000000000 0.000132385607
-23.000000000000 -30.000000000000 0.000141151114
-23.000000000000 -29.000000000000 0.000150642338
-23.000000000000 -28.000000000000 0.000160857108
-23.000000000000 -27.000000000000 0.000171789959
-23.000000000000 -26.000000000000 0.000183431449
-23.000000000000 -25.000000000000 0.000195767429
-23.000000000000 -24.000000000000 0.000208778260
-23.000000000000 -23.000000000000 0.000222437981
-23.000000000000 -22.000000000000 0.000236713444
-23.000000000000 -21.000000000000 0.000251563424
-23.000000000000 -20.000000000000 0.000266937727
-23.000000000000 -19.000000000000 0.000282776314
-23.000000000000 -18.000000000000 0.000299008486
-23.000000000000 -17.000000000000 0.000315552155
-23.000000000000 -16.000000000000 0.000332313264
-23.000000000000 -15.000000000000 0.000349185405
-23.000000000000 -14.000000000000 0.000366049707
-23.000000000000 -13.000000000000 0.000382775068
-23.000000000000 -12.000000000000 0.000399218803
-23.000000000000 -11.000000000000 0.000415227791
-23.000000000000 -10.000000000000 0.000430640184
-23.000000000000 -9.000000000000 0.000445287726
-23.000000000000 -8.000000000000 0.000458998705
-23.000000000000 -7.000000000000 0.000471601526
-23.000000000000 -6.000000000000 0.000482928822
-23.000000000000 -5.000000000000 0.000492821990
-23.000000000000 -4.000000000000 0.000501135959
-23.000000000000 -3.000000000000 0.000507743951
-23.000000000000 -2.000000000000 0.000512541950
-23.000000000000 -1.000000000000 0.000515452592
-23.000000000000 0.000000000000 0.000516428179
-23.000000000000 1.000000000000 0.000515452592
-23.000000000000 2.000000000000 0.000512541950
-23.000000000000 3.000000000000 0.000507743951
-23.000000000000 4.000000000000 0.000501135959
-23.000000000000 5.000000000000 0.000492821990
-23.000000000000 6.000000000000 0.000482928822
-23.000000000000 7.000000000000 0.000471601526
-23.000000000000 8.000000000000 0.000458998705
-23.000000000000 9.000000000000 0.000445287726
-23.000000000000 10.000000000000 0.000430640184
-23.000000000000 11.000000000000 0.000415227791
-23.000000000000 12.000000000000 0.000399218803
-23.000000000000 13.000000000000 0.000382775068
-23.000000000000 14.000000000000 0.000366049707
-23.000000000000 15.000000000000 0.000349185405
-23.000000000000 16.000000000000 0.000332313264
-23.000000000000 17.000000000000 0.000315552155
-23.000000000000 18.000000000000 0.000299008486
-23.000000000000 19.000000000000 0.000282776314
-23.000000000000 20.000000000000 0.000266937727
-23.000000000000 21.000000000000 0.000251563424
-23.000000000000 22.000000000000 0.000236713444
-23.000000000000 23.000000000000 0.000222437981
-23.000000000000 24.000000000000 0.000208778260
-23.000000000000 25.000000000000 0.000195767429
-23.000000000000 26.000000000000 0.000183431449
-23.000000000000 27.000000000000 0.000171789959
-23.000000000000 28.000000000000 0.000160857108
-23.000000000000 29.000000000000 0.000150642338
-23.000000000000 30.000000000000 0.000141151114
-23.000000000000 31.000000000000 0.000132385607
-23.000000000000 32.000000000000 0.000124345303
-23.000000000000 33.000000000000 0.000117027573
-23.000000000000 34.000000000000 0.000110428172
-23.000000000000 35.000000000000 0.000104541686
-23.000000000000 36.000000000000 0.000099361932
-23.000000000000 37.000000000000 0.000094882290
-23.000000000000 38.000000000000 0.000091096000
-23.000000000000 39.000000000000 0.000087996400
-23.000000000000 40.000000000000 0.000085577119
-23.000000000000 41.000000000000 0.000083832225
-23.000000000000 42.000000000000 0.000081691134
-23.000000000000 43.000000000000 0.000018762087
-23.000000000000 44.000000000000 0.000003677565
-23.000000000000 45.000000000000 0.000000627629
-23.000000000000 46.000000000000 0.000000099956
-23.000000000000 47.000000000000 0.000000008165
-23.000000000000 48.000000000000 0.000000000024
-23.000000000000 49.000000000000 0.000000000000
-23.000000000000 50.000000000000 0.000000000000
-23.000000000000 51.000000000000 0.000000000000

-22.000000000000 -51.000000000000 0.000000000000
-22.000000000000 -50.000000000000 0.000000000000
-22.000000000000 -49.000000000000 0.000000000000
-22.000000000000 -48.000000000000 0.000000000027
-22.000000000000 -47.000000000000 0.000000008911
-22.000000000000 -46.000000000000 0.000000108352
-22.000000000000 -45.000000000000 0.000000675866
-22.000000000000 -44.000000000000 0.000003932779
-22.000000000000 -43.000000000000 0.000019910714
-22.000000000000 -42.000000000000 0.000085950106
-22.000000000000 -41.000000000000 0.000088172799
-22.000000000000 -40.000000000000 0.000090004607
-22.000000000000 -39.000000000000 0.000092557202
-22.000000000000 -38.000000000000 0.000095837265
-22.000000000000 -37.000000000000 0.000099852168
-22.000000000000 -36.000000000000 0.000104609824
-22.000000000000 -35.000000000000 0.000110118481
-22.000000000000 -34.000000000000 0.000116386474
-22.000000000000 -33.000000000000 0.000123421921
-22.000000000000 -32.000000000000 0.000131232360
-22.000000000000 -31.000000000000 0.000139824335
-22.000000000000 -30.000000000000 0.000149202918
-22.000000000000 -29.000000000000 0.000159371166
-22.000000000000 -28.000000000000 0.000170329514
-22.000000000000 -27.000000000000 0.000182075100
-22.000000000000 -26.000000000000 0.000194601020
-22.000000000000 -25.000000000000 0.000207895507
-22.000000000000 -24.000000000000 0.000221941051
-22.000000000000 -23.000000000000 0.000236713444
-22.000000000000 -22.000000000000 0.000252180776
-22.000000000000 -21.000000000000 0.000268302375
-22.000000000000 -20.000000000000 0.000285027732
-22.000000000000 -19.000000000000 0.000302295410
-22.000000000000 -18.000000000000 0.000320031992
-22.000000000000 -17.000000000000 0.000338151104
-22.000000000000 -16.000000000000 0.000356552564
-22.000000000000 -15.000000000000 0.000375121734
-22.000000000000 -14.000000000000 0.000393729159
-22.000000000000 -13.000000000000 0.000412230574
-22.000000000000 -12.000000000000 0.000430467393
-22.000000000000 -11.000000000000 0.000448267780
-22.000000000000 -10.000000000000 0.000465448403
-22.000000000000 -9.000000000000 0.000481816954
-22.000000000000 -8.000000000000 0.000497175483
-22.000000000000 -7.000000000000 0.000511324561
-22.000000000000 -6.000000000000 0.000524068187
-22.000000000000 -5.000000000000 0.000535219323
-22.000000000000 -4.000000000000 0.000544605815
-22.000000000000 -3.000000000000 0.000552076400
-22.000000000000 -2.000000000000 0.000557506415
-22.000000000000 -1.000000000000 0.000560802815
-22.000000000000 0.000000000000 0.000561908100
-22.000000000000 1.000000000000 0.000560802815
-22.000000000000 2.000000000000 0.000557506415
-22.000000000000 3.000000000000 0.000552076400
-22.000000000000 4.000000000000 0.000544605815
-22.000000000000 5.000000000000 0.000535219323
-22.000000000000 6.000000000000 0.000524068187
-22.000000000000 7.000000000000 0.000511324561
-22.000000000000 8.000000000000 0.000497175483
-22.000000000000 9.000000000000 0.000481816954
-22.000000000000 10.000000000000 0.000465448403
-22.000000000000 11.000000000000 0.000448267780
-22.000000000000 12.000000000000 0.000430467393
-22.000000000000 13.000000000000 0.000412230574
-22.000000000000 14.000000000000 0.000393729159
-22.000000000000 15.000000000000 0.000375121734
-22.000000000000 16.000000000000 0.000356552564
-22.000000000000 17.000000000000 0.000338151104
-22.000000000000 18.000000000000 0.000320031992
-22.000000000000 19.000000000000 0.000302295410
-22.000000000000 20.000000000000 0.000285027732
-22.000000000000 21.000000000000 0.000268302375
-22.000000000000 22.000000000000 0.000252180776
-22.000000000000 23.000000000000 0.000236713444
-22.000000000000 24.000000000000 0.000221941051
-22.000000000000 25.000000000000 0.000207895507
-22.000000000000 26.000000000000 0.000194601020
-22.000000000000 27.000000000000 0.000182075100
-22.000000000000 28.000000000000 0.000170329514
-22.000000000000 29.000000000000 0.000159371166
-22.000000000000 30.000000000000 0.000149202918
-22.000000000000 31.000000000000 0.000139824335
-22.000000000000 32.000000000000 0.000131232360
-22.000000000000 33.000000000000 0.000123421921
-22.000000000000 34.000000000000 0.000116386474
-22.000000000000 35.000000000000 0.000110118481
-22.000000000000 36.000000000000 0.000104609824
-22.000000000000 37.000000000000 0.000099852168
-22.000000000000 38.000000000000 0.000095837265
-22.000000000000 39.000000000000 0.000092557202
-22.000000000000 40.000000000000 0.000090004607
-22.000000000000 41.000000000000 0.000088172799
-22.000000000000 42.000000000000 0.000085950106
-22.000000000000 43.000000000000 0.000019910714
-22.000000000000 44.000000000000 0.000003932779
-22.000000000000 45.000000000000 0.000000675866
-22.000000000000 46.000000000000 0.000000108352
-22.000000000000 47.000000000000 0.000000008911
-22.000000000000 48.000000000000 0.000000000027
-22.000000000000 49.000000000000 0.000000000000
-22.000000000000 50.000000000000 0.000000000000
-22.000000000000 51.000000000000 0.000000000000

-21.000000000000 -51.000000000000 0.000000000000
-21.000000000000 -50.000000000000 0.000000000000
-21.000000000000 -49.000000000000 0.000000000000
-21.000000000000 -48.000000000000 0.000000000029
-21.000000000000 -47.000000000000 0.000000009696
-21.000000000000 -46.000000000000 0.000000117121
-21.000000000000 -45.000000000000 0.000000725956
-21.000000000000 -44.000000000000 0.000004196228
-21.000000000000 -43.000000000000 0.000021089060
-21.000000000000 -42.000000000000 0.000090291294
-21.000000000000 -41.000000000000 0.000092596359
-21.000000000000 -40.000000000000 0.000094517209
-21.000000000000 -39.000000000000 0.000097207027
-21.000000000000 -38.000000000000 0.000100673313
-21.000000000000 -37.000000000000 0.000104924547
-21.000000000000 -36.000000000000 0.000109970029
-21.000000000000 -35.000000000000 0.000115819675
-21.000000000000 -34.000000000000 0.000122483754
-21.000000000000 -33.000000000000 0.000129972574
-21.000000000000 -32.000000000000 0.000138296105
-21.000000000000 -31.000000000000 0.000147463546
-21.000000000000 -30.000000000000 0.000157482814
-21.000000000000 -29.000000000000 0.000168359973
-21.000000000000 -28.000000000000 0.000180098584
-21.000000000000 -27.000000000000 0.000192698969
-21.000000000000 -26.000000000000 0.000206157404
-21.000000000000 -25.000000000000 0.000220465208
-21.000000000000 -24.000000000000 0.000235607762
-21.000000000000 -23.000000000000 0.000251563424
-21.000000000000 -22.000000000000 0.000268302375
-21.000000000000 -21.000000000000 0.000285785376
-21.000000000000 -20.000000000000 0.000303962479
-21.000000000000 -19.000000000000 0.000322771694
-21.000000000000 -18.000000000000 0.000342137659
-21.000000000000 -17.000000000000 0.000361970349
-21.000000000000 -16.000000000000 0.000382163896
-21.000000000000 -15.000000000000 0.000402595597
-21.000000000000 -14.000000000000 0.000423125200
-21.000000000000 -13.000000000000 0.000443594597
-21.000000000000 -12.000000000000 0.000463828041
-21.000000000000 -11.000000000000 0.000483633046
-21.000000000000 -10.000000000000 0.000502802110
-21.000000000000 -9.000000000000 0.000521115374
-21.000000000000 -8.000000000000 0.000538344350
-21.000000000000 -7.000000000000 0.000554256721
-21.000000000000 -6.000000000000 0.000568622200
-21.000000000000 -5.000000000000 0.000581219284
-21.000000000000 -4.000000000000 0.000591842643
-21.000000000000 -3.000000000000 0.000600310736
-21.000000000000 -2.000000000000 0.000606473177
-21.000000000000 -1.000000000000 0.000610217274
-21.000000000000 0.000000000000 0.000611473192
-21.000000000000 1.000000000000 0.000610217274
-21.000000000000 2.000000000000 0.000606473177
-21.000000000000 3.000000000000 0.000600310736
-21.000000000000 4.000000000000 0.000591842643
-21.000000000000 5.000000000000 0.000581219284
-21.000000000000 6.000000000000 0.000568622200
-21.000000000000 7.000000000000 0.000554256721
-21.000000000000 8.000000000000 0.000538344350
-21.000000000000 9.000000000000 0.000521115374
-21.000000000000 10.000000000000 0.000502802110
-21.000000000000 11.000000000000 0.000483633046
-21.000000000000 12.000000000000 0.000463828041
-21.000000000000 13.000000000000 0.000443594597
-21.000000000000 14.000000000000 0.000423125200
-21.000000000000 15.000000000000 0.000402595597
-21.000000000000 16.000000000000 0.000382163896
-21.000000000000 17.000000000000 0.000361970349
-21.000000000000 18.000000000000 0.000342137659
-21.000000000000 19.000000000000 0.000322771694
-21.000000000000 20.000000000000 0.000303962479
-21.000000000000 21.000000000000 0.000285785376
-21.000000000000 22.000000000000 0.000268302375
-21.000000000000 23.000000000000 0.000251563424
-21.000000000000 24.000000000000 0.000235607762
-21.000000000000 25.000000000000 0.000220465208
-21.000000000000 26.000000000000 0.000206157404
-21.000000000000 27.000000000000 0.000192698969
-21.000000000000 28.000000000000 0.000180098584
-21.000000000000 29.000000000000 0.000168359973
-21.000000000000 30.000000000000 0.000157482814
-21.000000000000 31.000000000000 0.000147463546
-21.000000000000 32.000000000000 0.000138296105
-21.000000000000 33.000000000000 0.000129972574
-21.000000000000 34.000000000000 0.000122483754
-21.000000000000 35.000000000000 0.000115819675
-21.000000000000 36.000000000000 0.000109970029
-21.000000000000 37.000000000000 0.000104924547
-21.000000000000 38.000000000000 0.000100673313
-21.000000000000 39.000000000000 0.000097207027
-21.000000000000 40.000000000000 0.000094517209
-21.000000000000 41.000000000000 0.000092596359
-21.000000000000 42.000000000000 0.000090291294
-21.000000000000 43.000000000000 0.000021089060
-21.000000000000 44.000000000000 0.000004196228
-21.000000000000 45.000000000000 0.000000725956
-21.000000000000 46.000000000000 0.000000117121
-21.000000000000 47.000000000000 0.000000009696
-21.000000000000 48.000000000000 0.000000000029
-21.000000000000 49.000000000000 0.000000000000
-21.000000000000 50.000000000000 0.000000000000
-21.000000000000 51.000000000000 0.000000000000

-20.000000000000 -51.000000000000 0.000000000000
-20.000000000000 -50.000000000000 0.000000000000
-20.000000000000 -49.000000000000 0.000000000000
-20.000000000000 -48.000000000000 0.000000000032
-20.000000000000 -47.000000000000 0.000000010516
-20.000000000000 -46.000000000000 0.000000126229
-20.000000000000 -45.000000000000 0.000000777679
-20.000000000000 -44.000000000000 0.000004466685
-20.000000000000 -43.000000000000 0.000022291402
-20.000000000000 -42.000000000000 0.000094692994
-20.000000000000 -41.000000000000 0.000097080778
-20.000000000000 -40.000000000000 0.000099092382
-20.000000000000 -39.000000000000 0.000101922712
-20.000000000000 -38.000000000000 0.000105580158
-20.000000000000 -37.000000000000 0.000110074413
-20.000000000000 -36.000000000000 0.000115416311
-20.000000000000 -35.000000000000 0.000121617616
-20.000000000000 -34.000000000000 0.000128690757
-20.000000000000 -33.000000000000 0.000136648506
-20.000000000000 -32.000000000000 0.000145503587
-20.000000000000 -31.000000000000 0.000155268227
-20.000000000000 -30.000000000000 0.000165953626
-20.000000000000 -29.000000000000 0.000177569359
-20.000000000000 -28.000000000000 0.000190122677
-20.000000000000 -27.000000000000 0.000203617735
-20.000000000000 -26.000000000000 0.000218054709
-20.000000000000 -25.000000000000 0.000233428808
-20.000000000000 -24.000000000000 0.000249729185
-20.000000000000 -23.000000000000 0.000266937727
-20.000000000000 -22.000000000000 0.000285027732
-20.000000000000 -21.000000000000 0.000303962479
-20.000000000000 -20.000000000000 0.000323693699
-20.000000000000 -19.000000000000 0.000344159968
-20.000000000000 -18.000000000000 0.000365285046
-20.000000000000 -17.000000000000 0.000386976224
-20.000000000000 -16.000000000000 0.000409122732
-20.000000000000 -15.000000000000 0.000431594301
-20.000000000000 -14.000000000000 0.000454239987
-20.000000000000 -13.000000000000 0.000476887414
-20.000000000000 -12.000000000000 0.000499342587
-20.000000000000 -11.000000000000 0.000521390469
-20.000000000000 -10.000000000000 0.000542796538
-20.000000000000 -9.000000000000 0.000563309509
-20.000000000000 -8.000000000000 0.000582665389
-20.000000000000 -7.000000000000 0.000600592984
-20.000000000000 -6.000000000000 0.000616820838
-20.000000000000 -5.000000000000 0.000631085489
-20.000000000000 -4.000000000000 0.000643140711
-20.000000000000 -3.000000000000 0.000652767248
-20.000000000000 -2.000000000000 0.000659782387
-20.000000000000 -1.000000000000 0.000664048578
-20.000000000000 0.000000000000 0.000665480314
-20.000000000000 1.000000000000 0.000664048578
-20.000000000000 2.000000000000 0.000659782387
-20.000000000000 3.000000000000 0.000652767248
-20.000000000000 4.000000000000 0.000643140711
-20.000000000000 5.000000000000 0.000631085489
-20.000000000000 6.000000000000 0.000616820838
-20.000000000000 7.000000000000 0.000600592984
-20.000000000000 8.000000000000 0.000582665389
-20.000000000000 9.000000000000 0.000563309509
-20.000000000000 10.000000000000 0.000542796538
-20.000000000000 11.000000000000 0.000521390469
-20.000000000000 12.000000000000 0.000499342587
-20.000000000000 13.000000000000 0.000476887414
-20.000000000000 14.000000000000 0.000454239987
-20.000000000000 15.000000000000 0.000431594301
-20.000000000000 16.000000000000 0.000409122732
-20.000000000000 17.000000000000 0.000386976224
-20.000000000000 18.000000000000 0.000365285046
-20.000000000000 19.000000000000 0.000344159968
-20.000000000000 20.000000000000 0.000323693699
-20.000000000000 21.000000000000 0.000303962479
-20.000000000000 22.000000000000 0.000285027732
-20.000000000000 23.000000000000 0.000266937727
-20.000000000000 24.000000000000 0.000249729185
-20.000000000000 25.000000000000 0.000233428808
-20.000000000000 26.000000000000 0.000218054709
-20.000000000000 27.000000000000 0.000203617735
-20.000000000000 28.000000000000 0.000190122677
-20.000000000000 29.000000000000 0.000177569359
-20.000000000000 30.000000000000 0.000165953626
-20.000000000000 31.000000000000 0.000155268227
-20.000000000000 32.000000000000 0.000145503587
-20.000000000000 33.000000000000 0.000136648506
-20.000000000000 34.000000000000 0.000128690757
-20.000000000000 35.000000000000 0.000121617616
-20.000000000000 36.000000000000 0.000115416311
-20.000000000000 37.000000000000 0.000110074413
-20.000000000000 38.000000000000 0.000105580158
-20.000000000000 39.000000000000 0.000101922712
-20.000000000000 40.000000000000 0.000099092382
-20.000000000000 41.000000000000 0.000097080778
-20.000000000000 42.000000000000 0.000094692994
-20.000000000000 43.000000000000 0.000022291402
-20.000000000000 44.000000000000 0.000004466685
-20.000000000000 45.000000000000 0.000000777679
-20.000000000000 46.000000000000 0.000000126229
-20.000000000000 47.000000000000 0.000000010516
-20.000000000000 48.000000000000 0.000000000032
-20.000000000000 49.000000000000 0.000000000000
-20.000000000000 50.000000000000 0.000000000000
-20.000000000000 51.000000000000 0.000000000000

-19.000000000000 -51.000000000000 0.000000000000
-19.000000000000 -50.000000000000 0.000000000000
-19.000000000000 -49.000000000000 0.000000000000
-19.000000000000 -48.000000000000 0.000000000035
-19.000000000000 -47.000000000000 0.000000011368
-19.000000000000 -46.000000000000 0.000000135631
-19.000000000000 -45.000000000000 0.000000830778
-19.000000000000 -44.000000000000 0.000004742762
-19.000000000000 -43.000000000000 0.000023511441
-19.000000000000 -42.000000000000 0.000099131957
-19.000000000000 -41.000000000000 0.000101602374
-19.000000000000 -40.000000000000 0.000103705991
-19.000000000000 -39.000000000000 0.000106679428
-19.000000000000 -38.000000000000 0.000110532037
-19.000000000000 -37.000000000000 0.000115274833
-19.000000000000 -36.000000000000 0.000120920326
-19.000000000000 -35.000000000000 0.000127482317
-19.000000000000 -34.000000000000 0.000134975626
-19.000000000000 -33.000000000000 0.000143415766
-19.000000000000 -32.000000000000 0.000152818550
-19.000000000000 -31.000000000000 0.000163199627
-19.000000000000 -30.000000000000 0.000174573944
-19.000000000000 -29.000000000000 0.000186955114
-19.000000000000 -28.000000000000 0.000200354702
-19.000000000000 -27.000000000000 0.000214781395
-19.000000000000 -26.000000000000 0.000230240069
-19.000000000000 -25.000000000000 0.000246730726
-19.000000000000 -24.000000000000 0.000264247299
-19.000000000000 -23.000000000000 0.000282776314
-19.000000000000 -22.000000000000 0.000302295410
-19.000000000000 -21.000000000000 0.000322771694
-19.000000000000 -20.000000000000 0.000344159968
-19.000000000000 -19.000000000000 0.000366400803
-19.000000000000 -18.000000000000 0.000389418520
-19.000000000000 -17.000000000000 0.000413119097
-19.000000000000 -16.000000000000 0.000437388077
-19.000000000000 -15.000000000000 0.000462088580
-19.000000000000 -14.000000000000 0.000487059525
-19.000000000000 -13.000000000000 0.000512114248
-19.000000000000 -12.000000000000 0.000537039722
-19.000000000000 -11.000000000000 0.000561596618
-19.000000000000 -10.000000000000 0.000585520496
-19.000000000000 -9.000000000000 0.000608524412
-19.000000000000 -8.000000000000 0.000630303215
-19.000000000000 -7.000000000000 0.000650539742
-19.000000000000 -6.000000000000 0.000668912990
-19.000000000000 -5.000000000000 0.000685108180
-19.000000000000 -4.000000000000 0.000698828354
-19.000000000000 -3.000000000000 0.000709806894
-19.000000000000 -2.000000000000 0.000717820076
-19.000000000000 -1.000000000000 0.000722698563
-19.000000000000 0.000000000000 0.000724336699
-19.000000000000 1.000000000000 0.000722698563
-19.000000000000 2.000000000000 0.000717820076
-19.000000000000 3.000000000000 0.000709806894
-19.000000000000 4.000000000000 0.000698828354
-19.000000000000 5.000000000000 0.000685108180
-19.000000000000 6.000000000000 0.000668912990
-19.000000000000 7.000000000000 0.000650539742
-19.000000000000 8.000000000000 0.000630303215
-19.000000000000 9.000000000000 0.000608524412
-19.000000000000 10.000000000000 0.000585520496
-19.000000000000 11.000000000000 0.000561596618
-19.000000000000 12.000000000000 0.000537039722
-19.000000000000 13.000000000000 0.000512114248
-19.000000000000 14.000000000000 0.000487059525
-19.000000000000 15.000000000000 0.000462088580
-19.000000000000 16.000000000000 0.000437388077
-19.000000000000 17.000000000000 0.000413119097
-19.000000000000 18.000000000000 0.000389418520
-19.000000000000 19.000000000000 0.000366400803
-19.000000000000 20.000000000000 0.000344159968
-19.000000000000 21.000000000000 0.000322771694
-19.000000000000 22.000000000000 0.000302295410
-19.000000000000 23.000000000000 0.000282776314
-19.000000000000 24.000000000000 0.000264247299
-19.000000000000 25.000000000000 0.000246730726
-19.000000000000 26.000000000000 0.000230240069
-19.000000000000 27.000000000000 0.000214781395
-19.000000000000 28.000000000000 0.000200354702
-19.000000000000 29.000000000000 0.000186955114
-19.000000000000 30.000000000000 0.000174573944
-19.000000000000 31.000000000000 0.000163199627
-19.000000000000 32.000000000000 0.000152818550
-19.000000000000 33.000000000000 0.000143415766
-19.000000000000 34.000000000000 0.000134975626
-19.000000000000 35.000000000000 0.000127482317
-19.000000000000 36.000000000000 0.000120920326
-19.000000000000 37.000000000000 0.000115274833
-19.000000000000 38.000000000000 0.000110532037
-19.000000000000 39.000000000000 0.000106679428
-19.000000000000 40.000000000000 0.000103705991
-19.000000000000 41.000000000000 0.000101602374
-19.000000000000 42.000000000000 0.000099131957
-19.000000000000 43.000000000000 0.000023511441
-19.000000000000 44.000000000000 0.000004742762
-19.000000000000 45.000000000000 0.000000830778
-19.000000000000 46.000000000000 0.000000135631
-19.000000000000 47.000000000000 0.000000011368
-19.000000000000 48.000000000000 0.000000000035
-19.000000000000 49.000000000000 0.000000000000
-19.000000000000 50.000000000000 0.000000000000
-19.000000000000 51.000000000000 0.000000000000

-18.000000000000 -51.000000000000 0.000000000000
-18.000000000000 -50.000000000000 0.000000000000
-18.000000000000 -49.000000000000 0.000000000000
-18.000000000000 -48.000000000000 0.000000000038
-18.000000000000 -47.000000000000 0.000000012248
-18.000000000000 -46.000000000000 0.000000145277
-18.000000000000 -45.000000000000 0.000000884957
-18.000000000000 -44.000000000000 0.000005022912
-18.000000000000 -43.000000000000 0.000024742331
-18.000000000000 -42.000000000000 0.000103583492
-18.000000000000 -41.000000000000 0.000106136012
-18.000000000000 -40.000000000000 0.000108332405
-18.000000000000 -39.000000000000 0.000111450776
-18.000000000000 -38.000000000000 0.000115501510
-18.000000000000 -37.000000000000 0.000120497047
-18.000000000000 -36.000000000000 0.000126451719
-18.000000000000 -35.000000000000 0.000133381547
-18.000000000000 -34.000000000000 0.000141303973
-18.000000000000 -33.000000000000 0.000150237535
-18.000000000000 -32.000000000000 0.000160201473
-18.000000000000 -31.000000000000 0.000171215267
-18.000000000000 -30.000000000000 0.000183298085
-18.000000000000 -29.000000000000 0.000196468144
-18.000000000000 -28.000000000000 0.000210741970
-18.000000000000 -27.000000000000 0.000226133544
-18.000000000000 -26.000000000000 0.000242653312
-18.000000000000 -25.000000000000 0.000260307063
-18.000000000000 -24.000000000000 0.000279094641
-18.000000000000 -23.000000000000 0.000299008486
-18.000000000000 -22.000000000000 0.000320031992
-18.000000000000 -21.000000000000 0.000342137659
-18.000000000000 -20.000000000000 0.000365285046
-18.000000000000 -19.000000000000 0.000389418520
-18.000000000000 -18.000000000000 0.000414464824
-18.000000000000 -17.000000000000 0.000440330481
-18.000000000000 -16.000000000000 0.000466899122
-18.000000000000 -15.000000000000 0.000494028804
-18.000000000000 -14.000000000000 0.000521549471
-18.000000000000 -13.000000000000 0.000549260745
-18.000000000000 -12.000000000000 0.000576930299
-18.000000000000 -11.000000000000 0.000604293128
-18.000000000000 -10.000000000000 0.000631052080
-18.000000000000 -9.000000000000 0.000656880083
-18.000000000000 -8.000000000000 0.000681424472
-18.000000000000 -7.000000000000 0.000704313793
-18.000000000000 -6.000000000000 0.000725167304
-18.000000000000 -5.000000000000 0.000743607193
-18.000000000000 -4.000000000000 0.000759273150
-18.000000000000 -3.000000000000 0.000771838560
-18.000000000000 -2.000000000000 0.000781027126
-18.000000000000 -1.000000000000 0.000786628387
-18.000000000000 0.000000000000 0.000788510454
-18.000000000000 1.000000000000 0.000786628387
-18.000000000000 2.000000000000 0.000781027126
-18.000000000000 3.000000000000 0.000771838560
-18.000000000000 4.000000000000 0.000759273150
-18.000000000000 5.000000000000 0.000743607193
-18.000000000000 6.000000000000 0.000725167304
-18.000000000000 7.000000000000 0.000704313793
-18.000000000000 8.000000000000 0.000681424472
-18.000000000000 9.000000000000 0.000656880083
-18.000000000000 10.000000000000 0.000631052080
-18.000000000000 11.000000000000 0.000604293128
-18.000000000000 12.000000000000 0.000576930299
-18.000000000000 13.000000000000 0.000549260745
-18.000000000000 14.000000000000 0.000521549471
-18.000000000000 15.000000000000 0.000494028804
-18.000000000000 16.000000000000 0.000466899122
-18.000000000000 17.000000000000 0.000440330481
-18.000000000000 18.000000000000 0.000414464824
-18.000000000000 19.000000000000 0.000389418520
-18.000000000000 20.000000000000 0.000365285046
-18.000000000000 21.000000000000 0.000342137659
-18.000000000000 22.000000000000 0.000320031992
-18.000000000000 23.000000000000 0.000299008486
-18.000000000000 24.000000000000 0.000279094641
-18.000000000000 25.000000000000 0.000260307063
-18.000000000000 26.000000000000 0.000242653312
-18.000000000000 27.000000000000 0.000226133544
-18.000000000000 28.000000000000 0.000210741970
-18.000000000000 29.000000000000 0.000196468144
-18.000000000000 30.000000000000 0.000183298085
-18.000000000000 31.000000000000 0.000171215267
-18.000000000000 32.000000000000 0.000160201473
-18.000000000000 33.000000000000 0.000150237535
-18.000000000000 34.000000000000 0.000141303973
-18.000000000000 35.000000000000 0.000133381547
-18.000000000000 36.000000000000 0.000126451719
-18.000000000000 37.000000000000 0.000120497047
-18.000000000000 38.000000000000 0.000115501510
-18.000000000000 39.000000000000 0.000111450776
-18.000000000000 40.000000000000 0.000108332405
-18.000000000000 41.000000000000 0.000106136012
-18.000000000000 42.000000000000 0.000103583492
-18.000000000000 43.000000000000 0.000024742331
-18.000000000000 44.000000000000 0.000005022912
-18.000000000000 45.000000000000 0.000000884957
-18.000000000000 46.000000000000 0.000000145277
-18.000000000000 47.000000000000 0.000000012248
-18.000000000000 48.000000000000 0.000000000038
-18.000000000000 49.000000000000 0.000000000000
-18.000000000000 50.000000000000 0.000000000000
-18.000000000000 51.000000000000 0.000000000000

-17.000000000000 -51.000000000000 0.000000000000
-17.000000000000 -50.000000000000 0.000000000000
-17.000000000000 -49.000000000000 0.000000000000
-17.000000000000 -48.000000000000 0.000000000041
-17.000000000000 -47.000000000000 0.000000013149
-17.000000000000 -46.000000000000 0.000000155107
-17.000000000000 -45.000000000000 0.000000939886
-17.000000000000 -44.000000000000 0.000005305433
-17.000000000000 -43.000000000000 0.000025976703
-17.000000000000 -42.000000000000 0.000108021602
-17.000000000000 -41.000000000000 0.000110655242
-17.000000000000 -40.000000000000 0.000112944641
-17.000000000000 -39.000000000000 0.000116208934
-17.000000000000 -38.000000000000 0.000120459604
-17.000000000000 -37.000000000000 0.000125710616
-17.000000000000 -36.000000000000 0.000131978262
-17.000000000000 -35.000000000000 0.000139280964
-17.000000000000 -34.000000000000 0.000147639011
-17.000000000000 -33.000000000000 0.000157074246
-17.000000000000 -32.000000000000 0.000167609677
-17.000000000000 -31.000000000000 0.000179269020
-17.000000000000 -30.000000000000 0.000192076151
-17.000000000000 -29.000000000000 0.000206054470
-17.000000000000 -28.000000000000 0.000221226147
-17.000000000000 -27.000000000000 0.000237611250
-17.000000000000 -26.000000000000 0.000255226730
-17.000000000000 -25.000000000000 0.000274085244
-17.000000000000 -24.000000000000 0.000294193791
-17.000000000000 -23.000000000000 0.000315552155
-17.000000000000 -22.000000000000 0.000338151104
-17.000000000000 -21.000000000000 0.000361970349
-17.000000000000 -20.000000000000 0.000386976224
-17.000000000000 -19.000000000000 0.000413119097
-17.000000000000 -18.000000000000 0.000440330481
-17.000000000000 -17.000000000000 0.000468519897
-17.000000000000 -16.000000000000 0.000497571505
-17.000000000000 -15.000000000000 0.000527340611
-17.000000000000 -14.000000000000 0.000557650169
-17.000000000000 -13.000000000000 0.000588287498
-17.000000000000 -12.000000000000 0.000619001496
-17.000000000000 -11.000000000000 0.000649500739
-17.000000000000 -10.000000000000 0.000679452954
-17.000000000000 -9.000000000000 0.000708486435
-17.000000000000 -8.000000000000 0.000736194036
-17.000000000000 -7.000000000000 0.000762140353
-17.000000000000 -6.000000000000 0.000785872558
-17.000000000000 -5.000000000000 0.000806935108
-17.000000000000 -4.000000000000 0.000824888050
-17.000000000000 -3.000000000000 0.000839328063
-17.000000000000 -2.000000000000 0.000849910689
-17.000000000000 -1.000000000000 0.000856371565
-17.000000000000 0.000000000000 0.000858544156
-17.000000000000 1.000000000000 0.000856371565
-17.000000000000 2.000000000000 0.000849910689
-17.000000000000 3.000000000000 0.000839328063
-17.000000000000 4.000000000000 0.000824888050
-17.000000000000 5.000000000000 0.000806935108
-17.000000000000 6.000000000000 0.000785872558
-17.000000000000 7.000000000000 0.000762140353
-17.000000000000 8.000000000000 0.000736194036
-17.000000000000 9.000000000000 0.000708486435
-17.000000000000 10.000000000000 0.000679452954
-17.000000000000 11.000000000000 0.000649500739
-17.000000000000 12.000000000000 0.000619001496
-17.000000000000 13.000000000000 0.000588287498
-17.000000000000 14.000000000000 0.000557650169
-17.000000000000 15.000000000000 0.000527340611
-17.000000000000 16.000000000000 0.000497571505
-17.000000000000 17.000000000000 0.000468519897
-17.000000000000 18.000000000000 0.000440330481
-17.000000000000 19.000000000000 0.000413119097
-17.000000000000 20.000000000000 0.000386976224
-17.000000000000 21.000000000000 0.000361970349
-17.000000000000 22.000000000000 0.000338151104
-17.000000000000 23.000000000000 0.000315552155
-17.000000000000 24.000000000000 0.000294193791
-17.000000000000 25.000000000000 0.000274085244
-17.000000000000 26.000000000000 0.000255226730
-17.000000000000 27.000000000000 0.000237611250
-17.000000000000 28.000000000000 0.000221226147
-17.000000000000 29.000000000000 0.000206054470
-17.000000000000 30.000000000000 0.000192076151
-17.000000000000 31.000000000000 0.000179269020
-17.000000000000 32.000000000000 0.000167609677
-17.000000000000 33.000000000000 0.000157074246
-17.000000000000 34.000000000000 0.000147639011
-17.000000000000 35.000000000000 0.000139280964
-17.000000000000 36.000000000000 0.000131978262
-17.000000000000 37.000000000000 0.000125710616
-17.000000000000 38.000000000000 0.000120459604
-17.000000000000 39.000000000000 0.000116208934
-17.000000000000 40.000000000000 0.000112944641
-17.000000000000 41.000000000000 0.000110655242
-17.000000000000 42.000000000000 0.000108021602
-17.000000000000 43.000000000000 0.000025976703
-17.000000000000 44.000000000000 0.000005305433
-17.000000000000 45.000000000000 0.000000939886
-17.000000000000 46.000000000000 0.000000155107
-17.000000000000 47.000000000000 0.000000013149
-17.000000000000 48.000000000000 0.000000000041
-17.000000000000 49.000000000000 0.000000000000
-17.000000000000 50.000000000000 0.000000000000
-17.000000000000 51.000000000000 0.000000000000

-16.000000000000 -51.000000000000 0.000000000000
-16.000000000000 -50.000000000000 0.000000000000
-16.000000000000 -49.000000000000 0.000000000000
-16.000000000000 -48.000000000000 0.000000000044
-16.000000000000 -47.000000000000 0.000000014066
-16.000000000000 -46.000000000000 0.000000165056
-16.000000000000 -45.000000000000 0.000000995200
-16.000000000000 -44.000000000000 0.000005588482
-16.000000000000 -43.000000000000 0.000027206716
-16.000000000000 -42.000000000000 0.000112419153
-16.000000000000 -41.000000000000 0.000115132471
-16.000000000000 -40.000000000000 0.000117514537
-16.000000000000 -39.000000000000 0.000120924829
-16.000000000000 -38.000000000000 0.000125375988
-16.000000000000 -37.000000000000 0.000130883597
-16.000000000000 -36.000000000000 0.000137466037
-16.000000000000 -35.000000000000 0.000145144300
-16.000000000000 -34.000000000000 0.000153941739
-16.000000000000 -33.000000000000 0.000163883769
-16.000000000000 -32.000000000000 0.000174997497
-16.000000000000 -31.000000000000 0.000187311274
-16.000000000000 -30.000000000000 0.000200854172
-16.000000000000 -29.000000000000 0.000215655349
-16.000000000000 -28.000000000000 0.000231743316
-16.000000000000 -27.000000000000 0.000249145052
-16.000000000000 -26.000000000000 0.000267884990
-16.000000000000 -25.000000000000 0.000287983803
-16.000000000000 -24.000000000000 0.000309456997
-16.000000000000 -23.000000000000 0.000332313264
-16.000000000000 -22.000000000000 0.000356552564
-16.000000000000 -21.000000000000 0.000382163896
-16.000000000000 -20.000000000000 0.000409122732
-16.000000000000 -19.000000000000 0.000437388077
-16.000000000000 -18.000000000000 0.000466899122
-16.000000000000 -17.000000000000 0.000497571505
-16.000000000000 -16.000000000000 0.000529293177
-16.000000000000 -15.000000000000 0.000561919953
-16.000000000000 -14.000000000000 0.000595270851
-16.000000000000 -13.000000000000 0.000629123451
-16.000000000000 -12.000000000000 0.000663209562
-16.000000000000 -11.000000000000 0.000697211665
-16.000000000000 -10.000000000000 0.000730760751
-16.000000000000 -9.000000000000 0.000763436305
-16.000000000000 -8.000000000000 0.000794769353
-16.000000000000 -7.000000000000 0.000824249545
-16.000000000000 -6.000000000000 0.000851337126
-16.000000000000 -5.000000000000 0.000875480391
-16.000000000000 -4.000000000000 0.000896138592
-16.000000000000 -3.000000000000 0.000912809391
-16.000000000000 -2.000000000000 0.000925058862
-16.000000000000 -1.000000000000 0.000932550964
-16.000000000000 0.000000000000 0.000935072669
-16.000000000000 1.000000000000 0.000932550964
-16.000000000000 2.000000000000 0.000925058862
-16.000000000000 3.000000000000 0.000912809391
-16.000000000000 4.000000000000 0.000896138592
-16.000000000000 5.000000000000 0.000875480391
-16.000000000000 6.000000000000 0.000851337126
-16.000000000000 7.000000000000 0.000824249545
-16.000000000000 8.000000000000 0.000794769353
-16.000000000000 9.000000000000 0.000763436305
-16.000000000000 10.000000000000 0.000730760751
-16.000000000000 11.000000000000 0.000697211665
-16.000000000000 12.000000000000 0.000663209562
-16.000000000000 13.000000000000 0.000629123451
-16.000000000000 14.000000000000 0.000595270851
-16.000000000000 15.000000000000 0.000561919953
-16.000000000000 16.000000000000 0.000529293177
-16.000000000000 17.000000000000 0.000497571505
-16.000000000000 18.000000000000 0.000466899122
-16.000000000000 19.000000000000 0.000437388077
-16.000000000000 20.000000000000 0.000409122732
-16.000000000000 21.000000000000 0.000382163896
-16.000000000000 22.000000000000 0.000356552564
-16.000000000000 23.000000000000 0.000332313264
-16.000000000000 24.000000000000 0.000309456997
-16.000000000000 25.000000000000 0.000287983803
-16.000000000000 26.000000000000 0.000267884990
-16.000000000000 27.000000000000 0.000249145052
-16.000000000000 28.000000000000 0.000231743316
-16.000000000000 29.000000000000 0.000215655349
-16.000000000000 30.000000000000 0.000200854172
-16.000000000000 31.000000000000 0.000187311274
-16.000000000000 32.000000000000 0.000174997497
-16.000000000000 33.000000000000 0.000163883769
-16.000000000000 34.000000000000 0.000153941739
-16.000000000000 35.000000000000 0.000145144300
-16.000000000000 36.000000000000 0.000137466037
-16.000000000000 37.000000000000 0.000130883597
-16.000000000000 38.000000000000 0.000125375988
-16.000000000000 39.000000000000 0.000120924829
-16.000000000000 40.000000000000 0.000117514537
-16.000000000000 41.000000000000 0.000115132471
-16.000000000000 42.000000000000 0.000112419153
-16.000000000000 43.000000000000 0.000027206716
-16.000000000000 44.000000000000 0.000005588482
-16.000000000000 45.000000000000 0.000000995200
-16.000000000000 46.000000000000 0.000000165056
-16.000000000000 47.000000000000 0.000000014066
-16.000000000000 48.000000000000 0.000000000044
-16.000000000000 49.000000000000 0.000000000000
-16.000000000000 50.000000000000 0.000000000000
-16.000000000000 51.000000000000 0.000000000000

-15.000000000000 -51.000000000000 0.000000000000
-15.000000000000 -50.000000000000 0.000000000000
-15.000000000000 -49.000000000000 0.000000000000
-15.000000000000 -48.000000000000 0.000000000047
-15.000000000000 -47.000000000000 0.000000014992
-15.000000000000 -46.000000000000 0.000000175051
-15.000000000000 -45.000000000000 0.000001050501
-15.000000000000 -44.000000000000 0.000005870082
-15.000000000000 -43.000000000000 0.000028424114
-15.000000000000 -42.000000000000 0.000116748072
-15.000000000000 -41.000000000000 0.000119539163
-15.000000000000 -40.000000000000 0.000122012957
-15.000000000000 -39.000000000000 0.000125568351
-15.000000000000 -38.000000000000 0.000130219195
-15.000000000000 -37.000000000000 0.000135982772
-15.000000000000 -36.000000000000 0.000142879671
-15.000000000000 -35.000000000000 0.000150933605
-15.000000000000 -34.000000000000 0.000160171192
-15.000000000000 -33.000000000000 0.000170621667
-15.000000000000 -32.000000000000 0.000182316543
-15.000000000000 -31.000000000000 0.000195289194
-15.000000000000 -30.000000000000 0.000209574349
-15.000000000000 -29.000000000000 0.000225207498
-15.000000000000 -28.000000000000 0.000242224176
-15.000000000000 -27.000000000000 0.000260659110
-15.000000000000 -26.000000000000 0.000280545208
-15.000000000000 -25.000000000000 0.000301912357
-15.000000000000 -24.000000000000 0.000324785992
-15.000000000000 -23.000000000000 0.000349185405
-15.000000000000 -22.000000000000 0.000375121734
-15.000000000000 -21.000000000000 0.000402595597
-15.000000000000 -20.000000000000 0.000431594301
-15.000000000000 -19.000000000000 0.000462088580
-15.000000000000 -18.000000000000 0.000494028804
-15.000000000000 -17.000000000000 0.000527340611
-15.000000000000 -16.000000000000 0.000561919953
-15.000000000000 -15.000000000000 0.000597627565
-15.000000000000 -14.000000000000 0.000634282949
-15.000000000000 -13.000000000000 0.000671658043
-15.000000000000 -12.000000000000 0.000709470899
-15.000000000000 -11.000000000000 0.000747379865
-15.000000000000 -10.000000000000 0.000784979008
-15.000000000000 -9.000000000000 0.000821795766
-15.000000000000 -8.000000000000 0.000857292089
-15.000000000000 -7.000000000000 0.000890870543
-15.000000000000 -6.000000000000 0.000921886851
-15.000000000000 -5.000000000000 0.000949670115
-15.000000000000 -4.000000000000 0.000973551230
-15.000000000000 -3.000000000000 0.000992898746
-15.000000000000 -2.000000000000 0.001007159731
-15.000000000000 -1.000000000000 0.001015901281
-15.000000000000 0.000000000000 0.001018846851
-15.000000000000 1.000000000000 0.001015901281
-15.000000000000 2.000000000000 0.001007159731
-15.000000000000 3.000000000000 0.000992898746
-15.000000000000 4.000000000000 0.000973551230
-15.000000000000 5.000000000000 0.000949670115
-15.000000000000 6.000000000000 0.000921886851
-15.000000000000 7.000000000000 0.000890870543
-15.000000000000 8.000000000000 0.000857292089
-15.000000000000 9.000000000000 0.000821795766
-15.000000000000 10.000000000000 0.000784979008
-15.000000000000 11.000000000000 0.000747379865
-15.000000000000 12.000000000000 0.000709470899
-15.000000000000 13.000000000000 0.000671658043
-15.000000000000 14.000000000000 0.000634282949
-15.000000000000 15.000000000000 0.000597627565
-15.000000000000 16.000000000000 0.000561919953
-15.000000000000 17.000000000000 0.000527340611
-15.000000000000 18.000000000000 0.000494028804
-15.000000000000 19.000000000000 0.000462088580
-15.000000000000 20.000000000000 0.000431594301
-15.000000000000 21.000000000000 0.000402595597
-15.000000000000 22.000000000000 0.000375121734
-15.000000000000 23.000000000000 0.000349185405
-15.000000000000 24.000000000000 0.000324785992
-15.000000000000 25.000000000000 0.000301912357
-15.000000000000 26.000000000000 0.000280545208
-15.000000000000 27.000000000000 0.000260659110
-15.000000000000 28.000000000000 0.000242224176
-15.000000000000 29.000000000000 0.000225207498
-15.000000000000 30.000000000000 0.000209574349
-15.000000000000 31.000000000000 0.000195289194
-15.000000000000 32.000000000000 0.000182316543
-15.000000000000 33.000000000000 0.000170621667
-15.000000000000 34.000000000000 0.000160171192
-15.000000000000 35.000000000000 0.000150933605
-15.000000000000 36.000000000000 0.000142879671
-15.000000000000 37.000000000000 0.000135982772
-15.000000000000 38.000000000000 0.000130219195
-15.000000000000 39.000000000000 0.000125568351
-15.000000000000 40.000000000000 0.000122012957
-15.000000000000 41.000000000000 0.000119539163
-15.000000000000 42.000000000000 0.000116748072
-15.000000000000 43.000000000000 0.000028424114
-15.000000000000 44.000000000000 0.000005870082
-15.000000000000 45.000000000000 0.000001050501
-15.000000000000 46.000000000000 0.000000175051
-15.000000000000 47.000000000000 0.000000014992
-15.000000000000 48.000000000000 0.000000000047
-15.000000000000 49.000000000000 0.000000000000
-15.000000000000 50.000000000000 0.000000000000
-15.000000000000 51.000000000000 0.000000000000

-14.000000000000 -51.000000000000 0.000000000000
-14.000000000000 -50.000000000000 0.000000000000
-14.000000000000 -49.000000000000 0.000000000000
-14.000000000000 -48.000000000000 0.000000000050
-14.000000000000 -47.000000000000 0.000000015919
-14.000000000000 -46.000000000000 0.000000185011
-14.000000000000 -45.000000000000 0.000001105363
-14.000000000000 -44.000000000000 0.000006148145
-14.000000000000 -43.000000000000 0.000029620297
-14.000000000000 -42.000000000000 0.000120979585
-14.000000000000 -41.000000000000 0.000123846085
-14.000000000000 -40.000000000000 0.000126410039
-14.000000000000 -39.000000000000 0.000130108601
-14.000000000000 -38.000000000000 0.000134956877
-14.000000000000 -37.000000000000 0.000140973920
-14.000000000000 -36.000000000000 0.000148182619
-14.000000000000 -35.000000000000 0.000156609548
-14.000000000000 -34.000000000000 0.000166284755
-14.000000000000 -33.000000000000 0.000177241523
-14.000000000000 -32.000000000000 0.000189516049
-14.000000000000 -31.000000000000 0.000203147076
-14.000000000000 -30.000000000000 0.000218175428
-14.000000000000 -29.000000000000 0.000234643463
-14.000000000000 -28.000000000000 0.000252594402
-14.000000000000 -27.000000000000 0.000272071530
-14.000000000000 -26.000000000000 0.000293117224
-14.000000000000 -25.000000000000 0.000315771793
-14.000000000000 -24.000000000000 0.000340072067
-14.000000000000 -23.000000000000 0.000366049707
-14.000000000000 -22.000000000000 0.000393729159
-14.000000000000 -21.000000000000 0.000423125200
-14.000000000000 -20.000000000000 0.000454239987
-14.000000000000 -19.000000000000 0.000487059525
-14.000000000000 -18.000000000000 0.000521549471
-14.000000000000 -17.000000000000 0.000557650169
-14.000000000000 -16.000000000000 0.000595270851
-14.000000000000 -15.000000000000 0.000634282949
-14.000000000000 -14.000000000000 0.000674512533
-14.000000000000 -13.000000000000 0.000715731991
-14.000000000000 -12.000000000000 0.000757651207
-14.000000000000 -11.000000000000 0.000799908762
-14.000000000000 -10.000000000000 0.000842063942
-14.000000000000 -9.000000000000 0.000883590800
-14.000000000000 -8.000000000000 0.000923875938
-14.000000000000 -7.000000000000 0.000962222126
-14.000000000000 -6.000000000000 0.000997860199
-14.000000000000 -5.000000000000 0.001029971527
-14.000000000000 -4.000000000000 0.001057722673
-14.000000000000 -3.000000000000 0.001080312119
-14.000000000000 -2.000000000000 0.001097026347
-14.000000000000 -1.000000000000 0.001107299202
-14.000000000000 0.000000000000 0.001110765574
-14.000000000000 1.000000000000 0.001107299202
-14.000000000000 2.000000000000 0.001097026347
-14.000000000000 3.000000000000 0.001080312119
-14.000000000000 4.000000000000 0.001057722673
-14.000000000000 5.000000000000 0.001029971527
-14.000000000000 6.000000000000 0.000997860199
-14.000000000000 7.000000000000 0.000962222126
-14.000000000000 8.000000000000 0.000923875938
-14.000000000000 9.000000000000 0.000883590800
-14.000000000000 10.000000000000 0.000842063942
-14.000000000000 11.000000000000 0.000799908762
-14.000000000000 12.000000000000 0.000757651207
-14.000000000000 13.000000000000 0.000715731991
-14.000000000000 14.000000000000 0.000674512533
-14.000000000000 15.000000000000 0.000634282949
-14.000000000000 16.000000000000 0.000595270851
-14.000000000000 17.000000000000 0.000557650169
-14.000000000000 18.000000000000 0.000521549471
-14.000000000000 19.000000000000 0.000487059525
-14.000000000000 20.000000000000 0.000454239987
-14.000000000000 21.000000000000 0.000423125200
-14.000000000000 22.000000000000 0.000393729159
-14.000000000000 23.000000000000 0.000366049707
-14.000000000000 24.000000000000 0.000340072067
-14.000000000000 25.000000000000 0.000315771793
-14.000000000000 26.000000000000 0.000293117224
-14.000000000000 27.000000000000 0.000272071530
-14.000000000000 28.000000000000 0.000252594402
-14.000000000000 29.000000000000 0.000234643463
-14.000000000000 30.000000000000 0.000218175428
-14.000000000000 31.000000000000 0.000203147076
-14.000000000000 32.000000000000 0.000189516049
-14.000000000000 33.000000000000 0.000177241523
-14.000000000000 34.000000000000 0.000166284755
-14.000000000000 35.000000000000 0.000156609548
-14.000000000000 36.000000000000 0.000148182619
-14.000000000000 37.000000000000 0.000140973920
-14.000000000000 38.000000000000 0.000134956877
-14.000000000000 39.000000000000 0.000130108601
-14.000000000000 40.000000000000 0.000126410039
-14.000000000000 41.000000000000 0.000123846085
-14.000000000000 42.000000000000 0.000120979585
-14.000000000000 43.000000000000 0.000029620297
-14.000000000000 44.000000000000 0.000006148145
-14.000000000000 45.000000000000 0.000001105363
-14.000000000000 46.000000000000 0.000000185011
-14.000000000000 47.000000000000 0.000000015919
-14.000000000000 48.000000000000 0.000000000050
-14.000000000000 49.000000000000 0.000000000000
-14.000000000000 50.000000000000 0.000000000000
-14.000000000000 51.000000000000 0.000000000000

-13.000000000000 -51.000000000000 0.000000000000
-13.000000000000 -50.000000000000 0.000000000000
-13.000000000000 -49.000000000000 0.000000000000
-13.000000000000 -48.000000000000 0.000000000053
-13.000000000000 -47.000000000000 0.000000016839
-13.000000000000 -46.000000000000 0.000000194852
-13.000000000000 -45.000000000000 0.000001159333
-13.000000000000 -44.000000000000 0.000006420488
-13.000000000000 -43.000000000000 0.000030786407
-13.000000000000 -42.000000000000 0.000125084481
-13.000000000000 -41.000000000000 0.000128023571
-13.000000000000 -40.000000000000 0.000130675461
-13.000000000000 -39.000000000000 0.000134514177
-13.000000000000 -38.000000000000 0.000139556105
-13.000000000000 -37.000000000000 0.000145822122
-13.000000000000 -36.000000000000 0.000153337496
-13.000000000000 -35.000000000000 0.000162131762
-13.000000000000 -34.000000000000 0.000172238544
-13.000000000000 -33.000000000000 0.000183695349
-13.000000000000 -32.000000000000 0.000196543302
-13.000000000000 -31.000000000000 0.000210826813
-13.000000000000 -30.000000000000 0.000226593187
-13.000000000000 -29.000000000000 0.000243892132
-13.000000000000 -28.000000000000 0.000262775168
-13.000000000000 -27.000000000000 0.000283294896
-13.000000000000 -26.000000000000 0.000305504115
-13.000000000000 -25.000000000000 0.000329454735
-13.000000000000 -24.000000000000 0.000355196443
-13.000000000000 -23.000000000000 0.000382775068
-13.000000000000 -22.000000000000 0.000412230574
-13.000000000000 -21.000000000000 0.000443594597
-13.000000000000 -20.000000000000 0.000476887414
-13.000000000000 -19.000000000000 0.000512114248
-13.000000000000 -18.000000000000 0.000549260745
-13.000000000000 -17.000000000000 0.000588287498
-13.000000000000 -16.000000000000 0.000629123451
-13.000000000000 -15.000000000000 0.000671658043
-13.000000000000 -14.000000000000 0.000715731991
-13.000000000000 -13.000000000000 0.000761126706
-13.000000000000 -12.000000000000 0.000807552488
-13.000000000000 -11.000000000000 0.000854635909
-13.000000000000 -10.000000000000 0.000901907208
-13.000000000000 -9.000000000000 0.000948789082
-13.000000000000 -8.000000000000 0.000994588971
-13.000000000000 -7.000000000000 0.001038497802
-13.000000000000 -6.000000000000 0.001079598888
-13.000000000000 -5.000000000000 0.001116891088
-13.000000000000 -4.000000000000 0.001149329784
-13.000000000000 -3.000000000000 0.001175887227
-13.000000000000 -2.000000000000 0.001195629865
-13.000000000000 -1.000000000000 0.001207804567
-13.000000000000 0.000000000000 0.001211919816
-13.000000000000 1.000000000000 0.001207804567
-13.000000000000 2.000000000000 0.001195629865
-13.000000000000 3.000000000000 0.001175887227
-13.000000000000 4.000000000000 0.001149329784
-13.000000000000 5.000000000000 0.001116891088
-13.000000000000 6.000000000000 0.001079598888
-13.000000000000 7.000000000000 0.001038497802
-13.000000000000 8.000000000000 0.000994588971
-13.000000000000 9.000000000000 0.000948789082
-13.000000000000 10.000000000000 0.000901907208
-13.000000000000 11.000000000000 0.000854635909
-13.000000000000 12.000000000000 0.000807552488
-13.000000000000 13.000000000000 0.000761126706
-13.000000000000 14.000000000000 0.000715731991
-13.000000000000 15.000000000000 0.000671658043
-13.000000000000 16.000000000000 0.000629123451
-13.000000000000 17.000000000000 0.000588287498
-13.000000000000 18.000000000000 0.000549260745
-13.000000000000 19.000000000000 0.000512114248
-13.000000000000 20.000000000000 0.000476887414
-13.000000000000 21.000000000000 0.000443594597
-13.000000000000 22.000000000000 0.000412230574
-13.000000000000 23.000000000000 0.000382775068
-13.000000000000 24.000000000000 0.000355196443
-13.000000000000 25.000000000000 0.000329454735
-13.000000000000 26.000000000000 0.000305504115
-13.000000000000 27.000000000000 0.000283294896
-13.000000000000 28.000000000000 0.000262775168
-13.000000000000 29.000000000000 0.000243892132
-13.000000000000 30.000000000000 0.000226593187
-13.000000000000 31.000000000000 0.000210826813
-13.000000000000 32.000000000000 0.000196543302
-13.000000000000 33.000000000000 0.000183695349
-13.000000000000 34.000000000000 0.000172238544
-13.000000000000 35.000000000000 0.000162131762
-13.000000000000 36.000000000000 0.000153337496
-13.000000000000 37.000000000000 0.000145822122
-13.000000000000 38.000000000000 0.000139556105
-13.000000000000 39.000000000000 0.000134514177
-13.000000000000 40.000000000000 0.000130675461
-13.000000000000 41.000000000000 0.000128023571
-13.000000000000 42.000000000000 0.000125084481
-13.000000000000 43.000000000000 0.000030786407
-13.000000000000 44.000000000000 0.000006420488
-13.000000000000 45.000000000000 0.000001159333
-13.000000000000 46.000000000000 0.000000194852
-13.000000000000 47.000000000000 0.000000016839
-13.000000000000 48.000000000000 0.000000000053
-13.000000000000 49.000000000000 0.000000000000
-13.000000000000 50.000000000000 0.000000000000
-13.000000000000 51.000000000000 0.000000000000

-12.000000000000 -51.000000000000 0.000000000000
-12.000000000000 -50.000000000000 0.000000000000
-12.000000000000 -49.000000000000 0.000000000000
-12.000000000000 -48.000000000000 0.000000000056
-12.000000000000 -47.000000000000 0.000000017744
-12.000000000000 -46.000000000000 0.000000204484
-12.000000000000 -45.000000000000 0.000001211943
-12.000000000000 -44.000000000000 0.000006684864
-12.000000000000 -43.000000000000 0.000031913426
-12.000000000000 -42.000000000000 0.000129033408
-12.000000000000 -41.000000000000 0.000132041821
-12.000000000000 -40.000000000000 0.000134778754
-12.000000000000 -39.000000000000 0.000138753485
-12.000000000000 -38.000000000000 0.000143983697
-12.000000000000 -37.000000000000 0.000150492121
-12.000000000000 -36.000000000000 0.000158306454
-12.000000000000 -35.000000000000 0.000167459261
-12.000000000000 -34.000000000000 0.000177987843
-12.000000000000 -33.000000000000 0.000189934071
-12.000000000000 -32.000000000000 0.000203344170
-12.000000000000 -31.000000000000 0.000218268465
-12.000000000000 -30.000000000000 0.000234761053
-12.000000000000 -29.000000000000 0.000252879404
-12.000000000000 -28.000000000000 0.000272683859
-12.000000000000 -27.000000000000 0.000294237018
-12.000000000000 -26.000000000000 0.000317602967
-12.000000000000 -25.000000000000 0.000342846318
-12.000000000000 -24.000000000000 0.000370031009
-12.000000000000 -23.000000000000 0.000399218803
-12.000000000000 -22.000000000000 0.000430467393
-12.000000000000 -21.000000000000 0.000463828041
-12.000000000000 -20.000000000000 0.000499342587
-12.000000000000 -19.000000000000 0.000537039722
-12.000000000000 -18.000000000000 0.000576930299
-12.000000000000 -17.000000000000 0.000619001496
-12.000000000000 -16.000000000000 0.000663209562
-12.000000000000 -15.000000000000 0.000709470899
-12.000000000000 -14.000000000000 0.000757651207
-12.000000000000 -13.000000000000 0.000807552488
-12.000000000000 -12.000000000000 0.000858897831
-12.000000000000 -11.000000000000 0.000911314182
-12.000000000000 -10.000000000000 0.000964313735
-12.000000000000 -9.000000000000 0.001017275337
-12.000000000000 -8.000000000000 0.001069428344
-12.000000000000 -7.000000000000 0.001119842763
-12.000000000000 -6.000000000000 0.001167431084
-12.000000000000 -5.000000000000 0.001210968536
-12.000000000000 -4.000000000000 0.001249138858
-12.000000000000 -3.000000000000 0.001280610653
-12.000000000000 -2.000000000000 0.001304144027
-12.000000000000 -1.000000000000 0.001318717635
-12.000000000000 0.000000000000 0.001323654657
-12.000000000000 1.000000000000 0.001318717635
-12.000000000000 2.000000000000 0.001304144027
-12.000000000000 3.000000000000 0.001280610653
-12.000000000000 4.000000000000 0.001249138858
-12.000000000000 5.000000000000 0.001210968536
-12.000000000000 6.000000000000 0.001167431084
-12.000000000000 7.000000000000 0.001119842763
-12.000000000000 8.000000000000 0.001069428344
-12.000000000000 9.000000000000 0.001017275337
-12.000000000000 10.000000000000 0.000964313735
-12.000000000000 11.000000000000 0.000911314182
-12.000000000000 12.000000000000 0.000858897831
-12.000000000000 13.000000000000 0.000807552488
-12.000000000000 14.000000000000 0.000757651207
-12.000000000000 15.000000000000 0.000709470899
-12.000000000000 16.000000000000 0.000663209562
-12.000000000000 17.000000000000 0.000619001496
-12.000000000000 18.000000000000 0.000576930299
-12.000000000000 19.000000000000 0.000537039722
-12.000000000000 20.000000000000 0.000499342587
-12.000000000000 21.000000000000 0.000463828041
-12.000000000000 22.000000000000 0.000430467393
-12.000000000000 23.000000000000 0.000399218803
-12.000000000000 24.000000000000 0.000370031009
-12.000000000000 25.000000000000 0.000342846318
-12.000000000000 26.000000000000 0.000317602967
-12.000000000000 27.000000000000 0.000294237018
-12.000000000000 28.000000000000 0.000272683859
-12.000000000000 29.000000000000 0.000252879404
-12.000000000000 30.000000000000 0.000234761053
-12.000000000000 31.000000000000 0.000218268465
-12.000000000000 32.000000000000 0.000203344170
-12.000000000000 33.000000000000 0.000189934071
-12.000000000000 34.000000000000 0.000177987843
-12.000000000000 35.000000000000 0.000167459261
-12.000000000000 36.000000000000 0.000158306454
-12.000000000000 37.000000000000 0.000150492121
-12.000000000000 38.000000000000 0.000143983697
-12.000000000000 39.000000000000 0.000138753485
-12.000000000000 40.000000000000 0.000134778754
-12.000000000000 41.000000000000 0.000132041821
-12.000000000000 42.000000000000 0.000129033408
-12.000000000000 43.000000000000 0.000031913426
-12.000000000000 44.000000000000 0.000006684864
-12.000000000000 45.000000000000 0.000001211943
-12.000000000000 46.000000000000 0.000000204484
-12.000000000000 47.000000000000 0.000000017744
-12.000000000000 48.000000000000 0.000000000056
-12.000000000000 49.000000000000 0.000000000000
-12.000000000000 50.000000000000 0.000000000000
-12.000000000000 51.000000000000 0.000000000000

-11.000000000000 -51.000000000000 0.000000000000
-11.000000000000 -50.000000000000 0.000000000000
-11.000000000000 -49.000000000000 0.000000000000
-11.000000000000 -48.000000000000 0.000000000059
-11.000000000000 -47.000000000000 0.000000018624
-11.000000000000 -46.000000000000 0.000000213813
-11.000000000000 -45.000000000000 0.000001262709
-11.000000000000 -44.000000000000 0.000006938988
-11.000000000000 -43.000000000000 0.000032992282
-11.000000000000 -42.000000000000 0.000132797193
-11.000000000000 -41.000000000000 0.000135871224
-11.000000000000 -40.000000000000 0.000138689630
-11.000000000000 -39.000000000000 0.000142795089
-11.000000000000 -38.000000000000 0.000148206586
-11.000000000000 -37.000000000000 0.000154948708
-11.000000000000 -36.000000000000 0.000163051602
-11.000000000000 -35.000000000000 0.000172550895
-11.000000000000 -34.000000000000 0.000183487617
-11.000000000000 -33.000000000000 0.000195908076
-11.000000000000 -32.000000000000 0.000209863718
-11.000000000000 -31.000000000000 0.000225410941
-11.000000000000 -30.000000000000 0.000242610861
-11.000000000000 -29.000000000000 0.000261529015
-11.000000000000 -28.000000000000 0.000282234985
-11.000000000000 -27.000000000000 0.000304801923
-11.000000000000 -26.000000000000 0.000329305935
-11.000000000000 -25.000000000000 0.000355825303
-11.000000000000 -24.000000000000 0.000384439478
-11.000000000000 -23.000000000000 0.000415227791
-11.000000000000 -22.000000000000 0.000448267780
-11.000000000000 -21.000000000000 0.000483633046
-11.000000000000 -20.000000000000 0.000521390469
-11.000000000000 -19.000000000000 0.000561596618
-11.000000000000 -18.000000000000 0.000604293128
-11.000000000000 -17.000000000000 0.000649500739
-11.000000000000 -16.000000000000 0.000697211665
-11.000000000000 -15.000000000000 0.000747379865
-11.000000000000 -14.000000000000 0.000799908762
-11.000000000000 -13.000000000000 0.000854635909
-11.000000000000 -12.000000000000 0.000911314182
-11.000000000000 -11.000000000000 0.000969589279
-11.000000000000 -10.000000000000 0.001028973725
-11.000000000000 -9.000000000000 0.001088818458
-11.000000000000 -8.000000000000 0.001148284421
-11.000000000000 -7.000000000000 0.001206318701
-11.000000000000 -6.000000000000 0.001261642538
-11.000000000000 -5.000000000000 0.001312761644
-11.000000000000 -4.000000000000 0.001358011622
-11.000000000000 -3.000000000000 0.001395650708
-11.000000000000 -2.000000000000 0.001424005536
-11.000000000000 -1.000000000000 0.001441660512
-11.000000000000 0.000000000000 0.001447658653
-11.000000000000 1.000000000000 0.001441660512
-11.000000000000 2.000000000000 0.001424005536
-11.000000000000 3.000000000000 0.001395650708
-11.000000000000 4.000000000000 0.001358011622
-11.000000000000 5.000000000000 0.001312761644
-11.000000000000 6.000000000000 0.001261642538
-11.000000000000 7.000000000000 0.001206318701
-11.000000000000 8.000000000000 0.001148284421
-11.000000000000 9.000000000000 0.001088818458
-11.000000000000 10.000000000000 0.001028973725
-11.000000000000 11.000000000000 0.000969589279
-11.000000000000 12.000000000000 0.000911314182
-11.000000000000 13.000000000000 0.000854635909
-11.000000000000 14.000000000000 0.000799908762
-11.000000000000 15.000000000000 0.000747379865
-11.000000000000 16.000000000000 0.000697211665
-11.000000000000 17.000000000000 0.000649500739
-11.000000000000 18.000000000000 0.000604293128
-11.000000000000 19.000000000000 0.000561596618
-11.000000000000 20.000000000000 0.000521390469
-11.000000000000 21.000000000000 0.000483633046
-11.000000000000 22.000000000000 0.000448267780
-11.000000000000 23.000000000000 0.000415227791
-11.000000000000 24.000000000000 0.000384439478
-11.000000000000 25.000000000000 0.000355825303
-11.000000000000 26.000000000000 0.000329305935
-11.000000000000 27.000000000000 0.000304801923
-11.000000000000 28.000000000000 0.000282234985
-11.000000000000 29.000000000000 0.000261529015
-11.000000000000 30.000000000000 0.000242610861
-11.000000000000 31.000000000000 0.000225410941
-11.000000000000 32.000000000000 0.000209863718
-11.000000000000 33.000000000000 0.000195908076
-11.000000000000 34.000000000000 0.000183487617
-11.000000000000 35.000000000000 0.000172550895
-11.000000000000 36.000000000000 0.000163051602
-11.000000000000 37.000000000000 0.000154948708
-11.000000000000 38.000000000000 0.000148206586
-11.000000000000 39.000000000000 0.000142795089
-11.000000000000 40.000000000000 0.000138689630
-11.000000000000 41.000000000000 0.000135871224
-11.000000000000 42.000000000000 0.000132797193
-11.000000000000 43.000000000000 0.000032992282
-11.000000000000 44.000000000000 0.000006938988
-11.000000000000 45.000000000000 0.000001262709
-11.000000000000 46.000000000000 0.000000213813
-11.000000000000 47.000000000000 0.000000018624
-11.000000000000 48.000000000000 0.000000000059
-11.000000000000 49.000000000000 0.000000000000
-11.000000000000 50.000000000000 0.000000000000
-11.000000000000 51.000000000000 0.000000000000

-10.000000000000 -51.000000000000 0.000000000000
-10.000000000000 -50.000000000000 0.000000000000
-10.000000000000 -49.000000000000 0.000000000000
-10.000000000000 -48.000000000000 0.000000000062
-10.000000000000 -47.000000000000 0.000000019470
-10.000000000000 -46.000000000000 0.000000222745
-10.000000000000 -45.000000000000 0.000001311142
-10.000000000000 -44.000000000000 0.000007180567
-10.000000000000 -43.000000000000 0.000034013968
-10.000000000000 -42.000000000000 0.000136347179
-10.000000000000 -41.000000000000 0.000139482704
-10.000000000000 -40.000000000000 0.000142378333
-10.000000000000 -39.000000000000 0.000146608077
-10.000000000000 -38.000000000000 0.000152192202
-10.000000000000 -37.000000000000 0.000159157140
-10.000000000000 -36.000000000000 0.000167535463
-10.000000000000 -35.000000000000 0.000177365853
-10.000000000000 -34.000000000000 0.000188693060
-10.000000000000 -33.000000000000 0.000201567843
-10.000000000000 -32.000000000000 0.000216046905
-10.000000000000 -31.000000000000 0.000232192783
-10.000000000000 -30.000000000000 0.000250073728
-10.000000000000 -29.000000000000 0.000269763529
-10.000000000000 -28.000000000000 0.000291341282
-10.000000000000 -27.000000000000 0.000314891080
-10.000000000000 -26.000000000000 0.000340501607
-10.000000000000 -25.000000000000 0.000368265577
-10.000000000000 -24.000000000000 0.000398279000
-10.000000000000 -23.000000000000 0.000430640184
-10.000000000000 -22.000000000000 0.000465448403
-10.000000000000 -21.000000000000 0.000502802110
-10.000000000000 -20.000000000000 0.000542796538
-10.000000000000 -19.000000000000 0.000585520496
-10.000000000000 -18.000000000000 0.000631052080
-10.000000000000 -17.000000000000 0.000679452954
-10.000000000000 -16.000000000000 0.000730760751
-10.000000000000 -15.000000000000 0.000784979008
-10.000000000000 -14.000000000000 0.000842063942
-10.000000000000 -13.000000000000 0.000901907208
-10.000000000000 -12.000000000000 0.000964313735
-10.000000000000 -11.000000000000 0.001028973725
-10.000000000000 -10.000000000000 0.001095428234
-10.000000000000 -9.000000000000 0.001163028490
-10.000000000000 -8.000000000000 0.001230890690
-10.000000000000 -7.000000000000 0.001297850817
-10.000000000000 -6.000000000000 0.001362428384
-10.000000000000 -5.000000000000 0.001422814027
-10.000000000000 -4.000000000000 0.001476902358
-10.000000000000 -3.000000000000 0.001522395371
-10.000000000000 -2.000000000000 0.001556996781
-10.000000000000 -1.000000000000 0.001578695853
-10.000000000000 0.000000000000 0.001586096479
-10.000000000000 1.000000000000 0.001578695853
-10.000000000000 2.000000000000 0.001556996781
-10.000000000000 3.000000000000 0.001522395371
-10.000000000000 4.000000000000 0.001476902358
-10.000000000000 5.000000000000 0.001422814027
-10.000000000000 6.000000000000 0.001362428384
-10.000000000000 7.000000000000 0.001297850817
-10.000000000000 8.000000000000 0.001230890690
-10.000000000000 9.000000000000 0.001163028490
-10.000000000000 10.000000000000 0.001095428234
-10.000000000000 11.000000000000 0.001028973725
-10.000000000000 12.000000000000 0.000964313735
-10.000000000000 13.000000000000 0.000901907208
-10.000000000000 14.000000000000 0.000842063942
-10.000000000000 15.000000000000 0.000784979008
-10.000000000000 16.000000000000 0.000730760751
-10.000000000000 17.000000000000 0.000679452954
-10.000000000000 18.000000000000 0.000631052080
-10.000000000000 19.000000000000 0.000585520496
-10.000000000000 20.000000000000 0.000542796538
-10.000000000000 21.000000000000 0.000502802110
-10.000000000000 22.000000000000 0.000465448403
-10.000000000000 23.000000000000 0.000430640184
-10.000000000000 24.000000000000 0.000398279000
-10.000000000000 25.000000000000 0.000368265577
-10.000000000000 26.000000000000 0.000340501607
-10.000000000000 27.000000000000 0.000314891080
-10.000000000000 28.000000000000 0.000291341282
-10.000000000000 29.000000000000 0.000269763529
-10.000000000000 30.000000000000 0.000250073728
-10.000000000000 31.000000000000 0.000232192783
-10.000000000000 32.000000000000 0.000216046905
-10.000000000000 33.000000000000 0.000201567843
-10.000000000000 34.000000000000 0.000188693060
-10.000000000000 35.000000000000 0.000177365853
-10.000000000000 36.000000000000 0.000167535463
-10.000000000000 37.000000000000 0.000159157140
-10.000000000000 38.000000000000 0.000152192202
-10.000000000000 39.000000000000 0.000146608077
-10.000000000000 40.000000000000 0.000142378333
-10.000000000000 41.000000000000 0.000139482704
-10.000000000000 42.000000000000 0.000136347179
-10.000000000000 43.000000000000 0.000034013968
-10.000000000000 44.000000000000 0.000007180567
-10.000000000000 45.000000000000 0.000001311142
-10.000000000000 46.000000000000 0.000000222745
-10.000000000000 47.000000000000 0.000000019470
-10.000000000000 48.000000000000 0.000000000062
-10.000000000000 49.000000000000 0.000000000000
-10.000000000000 50.000000000000 0.000000000000
-10.000000000000 51.000000000000 0.000000000000

-9.000000000000 -51.000000000000 0.000000000000
-9.000000000000 -50.000000000000 0.000000000000
-9.000000000000 -49.000000000000 0.000000000000
-9.000000000000 -48.000000000000 0.000000000065
-9.000000000000 -47.000000000000 0.000000020272
-9.000000000000 -46.000000000000 0.000000231184
-9.000000000000 -45.000000000000 0.000001356757
-9.000000000000 -44.000000000000 0.000007407339
-9.000000000000 -43.000000000000 0.000034969667
-9.000000000000 -42.000000000000 0.000139655580
-9.000000000000 -41.000000000000 0.000142848076
-9.000000000000 -40.000000000000 0.000145816007
-9.000000000000 -39.000000000000 0.000150162441
-9.000000000000 -38.000000000000 0.000155908892
-9.000000000000 -37.000000000000 0.000163083585
-9.000000000000 -36.000000000000 0.000171721465
-9.000000000000 -35.000000000000 0.000181864203
-9.000000000000 -34.000000000000 0.000193560205
-9.000000000000 -33.000000000000 0.000206864622
-9.000000000000 -32.000000000000 0.000221839351
-9.000000000000 -31.000000000000 0.000238553037
-9.000000000000 -30.000000000000 0.000257081053
-9.000000000000 -29.000000000000 0.000277505475
-9.000000000000 -28.000000000000 0.000299915008
-9.000000000000 -27.000000000000 0.000324404882
-9.000000000000 -26.000000000000 0.000351076674
-9.000000000000 -25.000000000000 0.000380038031
-9.000000000000 -24.000000000000 0.000411402261
-9.000000000000 -23.000000000000 0.000445287726
-9.000000000000 -22.000000000000 0.000481816954
-9.000000000000 -21.000000000000 0.000521115374
-9.000000000000 -20.000000000000 0.000563309509
-9.000000000000 -19.000000000000 0.000608524412
-9.000000000000 -18.000000000000 0.000656880083
-9.000000000000 -17.000000000000 0.000708486435
-9.000000000000 -16.000000000000 0.000763436305
-9.000000000000 -15.000000000000 0.000821795766
-9.000000000000 -14.000000000000 0.000883590800
-9.000000000000 -13.000000000000 0.000948789082
-9.000000000000 -12.000000000000 0.001017275337
-9.000000000000 -11.000000000000 0.001088818458
-9.000000000000 -10.000000000000 0.001163028490
-9.000000000000 -9.000000000000 0.001239301939
-9.000000000000 -8.000000000000 0.001316755250
-9.000000000000 -7.000000000000 0.001394149375
-9.000000000000 -6.000000000000 0.001469814348
-9.000000000000 -5.000000000000 0.001541592734
-9.000000000000 -4.000000000000 0.001606834622
-9.000000000000 -3.000000000000 0.001662491332
-9.000000000000 -2.000000000000 0.001705359750
-9.000000000000 -1.000000000000 0.001732504861
-9.000000000000 0.000000000000 0.001741812726
-9.000000000000 1.000000000000 0.001732504861
-9.000000000000 2.000000000000 0.001705359750
-9.000000000000 3.000000000000 0.001662491332
-9.000000000000 4.000000000000 0.001606834622
-9.000000000000 5.000000000000 0.001541592734
-9.000000000000 6.000000000000 0.001469814348
-9.000000000000 7.000000000000 0.001394149375
-9.000000000000 8.000000000000 0.001316755250
-9.000000000000 9.000000000000 0.001239301939
-9.000000000000 10.000000000000 0.001163028490
-9.000000000000 11.000000000000 0.001088818458
-9.000000000000 12.000000000000 0.001017275337
-9.000000000000 13.000000000000 0.000948789082
-9.000000000000 14.000000000000 0.000883590800
-9.000000000000 15.000000000000 0.000821795766
-9.000000000000 16.000000000000 0.000763436305
-9.000000000000 17.000000000000 0.000708486435
-9.000000000000 18.000000000000 0.000656880083
-9.000000000000 19.000000000000 0.000608524412
-9.000000000000 20.000000000000 0.000563309509
-9.000000000000 21.000000000000 0.000521115374
-9.000000000000 22.000000000000 0.000481816954
-9.000000000000 23.000000000000 0.000445287726
-9.000000000000 24.000000000000 0.000411402261
-9.000000000000 25.000000000000 0.000380038031
-9.000000000000 26.000000000000 0.000351076674
-9.000000000000 27.000000000000 0.000324404882
-9.000000000000 28.000000000000 0.000299915008
-9.000000000000 29.000000000000 0.000277505475
-9.000000000000 30.000000000000 0.000257081053
-9.000000000000 31.000000000000 0.000238553037
-9.000000000000 32.000000000000 0.000221839351
-9.000000000000 33.000000000000 0.000206864622
-9.000000000000 34.000000000000 0.000193560205
-9.000000000000 35.000000000000 0.000181864203
-9.000000000000 36.000000000000 0.000171721465
-9.000000000000 37.000000000000 0.000163083585
-9.000000000000 38.000000000000 0.000155908892
-9.000000000000 39.000000000000 0.000150162441
-9.000000000000 40.000000000000 0.000145816007
-9.000000000000 41.000000000000 0.000142848076
-9.000000000000 42.000000000000 0.000139655580
-9.000000000000 43.000000000000 0.000034969667
-9.000000000000 44.000000000000 0.000007407339
-9.000000000000 45.000000000000 0.000001356757
-9.000000000000 46.000000000000 0.000000231184
-9.000000000000 47.000000000000 0.000000020272
-9.000000000000 48.000000000000 0.000000000065
-9.000000000000 49.000000000000 0.000000000000
-9.000000000000 50.000000000000 0.000000000000
-9.000000000000 51.000000000000 0.000000000000

-8.000000000000 -51.000000000000 0.000000000000
-8.000000000000 -50.000000000000 0.000000000000
-8.000000000000 -49.000000000000 0.000000000000
-8.000000000000 -48.000000000000 0.000000000067
-8.000000000000 -47.000000000000 0.000000021020
-8.000000000000 -46.000000000000 0.000000239036
-8.000000000000 -45.000000000000 0.000001399078
-8.000000000000 -44.000000000000 0.000007617105
-8.000000000000 -43.000000000000 0.000035850878
-8.000000000000 -42.000000000000 0.000142695842
-8.000000000000 -41.000000000000 0.000145940410
-8.000000000000 -40.000000000000 0.000148975070
-8.000000000000 -39.000000000000 0.000153429477
-8.000000000000 -38.000000000000 0.000159326333
-8.000000000000 -37.000000000000 0.000166695580
-8.000000000000 -36.000000000000 0.000175574439
-8.000000000000 -35.000000000000 0.000186007455
-8.000000000000 -34.000000000000 0.000198046562
-8.000000000000 -33.000000000000 0.000211751154
-8.000000000000 -32.000000000000 0.000227188173
-8.000000000000 -31.000000000000 0.000244432210
-8.000000000000 -30.000000000000 0.000263565615
-8.000000000000 -29.000000000000 0.000284678610
-8.000000000000 -28.000000000000 0.000307869411
-8.000000000000 -27.000000000000 0.000333244334
-8.000000000000 -26.000000000000 0.000360917887
-8.000000000000 -25.000000000000 0.000391012815
-8.000000000000 -24.000000000000 0.000423660076
-8.000000000000 -23.000000000000 0.000458998705
-8.000000000000 -22.000000000000 0.000497175483
-8.000000000000 -21.000000000000 0.000538344350
-8.000000000000 -20.000000000000 0.000582665389
-8.000000000000 -19.000000000000 0.000630303215
-8.000000000000 -18.000000000000 0.000681424472
-8.000000000000 -17.000000000000 0.000736194036
-8.000000000000 -16.000000000000 0.000794769353
-8.000000000000 -15.000000000000 0.000857292089
-8.000000000000 -14.000000000000 0.000923875938
-8.000000000000 -13.000000000000 0.000994588971
-8.000000000000 -12.000000000000 0.001069428344
-8.000000000000 -11.000000000000 0.001148284421
-8.000000000000 -10.000000000000 0.001230890690
-8.000000000000 -9.000000000000 0.001316755250
-8.000000000000 -8.000000000000 0.001405070029
-8.000000000000 -7.000000000000 0.001494596182
-8.000000000000 -6.000000000000 0.001583530666
-8.000000000000 -5.000000000000 0.001669372825
-8.000000000000 -4.000000000000 0.001748834402
-8.000000000000 -3.000000000000 0.001817871607
-8.000000000000 -2.000000000000 0.001871951876
-8.000000000000 -1.000000000000 0.001906662888
-8.000000000000 0.000000000000 0.001918658455
-8.000000000000 1.000000000000 0.001906662888
-8.000000000000 2.000000000000 0.001871951876
-8.000000000000 3.000000000000 0.001817871607
-8.000000000000 4.000000000000 0.001748834402
-8.000000000000 5.000000000000 0.001669372825
-8.000000000000 6.000000000000 0.001583530666
-8.000000000000 7.000000000000 0.001494596182
-8.000000000000 8.000000000000 0.001405070029
-8.000000000000 9.000000000000 0.001316755250
-8.000000000000 10.000000000000 0.001230890690
-8.000000000000 11.000000000000 0.001148284421
-8.000000000000 12.000000000000 0.001069428344
-8.000000000000 13.000000000000 0.000994588971
-8.000000000000 14.000000000000 0.000923875938
-8.000000000000 15.000000000000 0.000857292089
-8.000000000000 16.000000000000 0.000794769353
-8.000000000000 17.000000000000 0.000736194036
-8.000000000000 18.000000000000 0.000681424472
-8.000000000000 19.000000000000 0.000630303215
-8.000000000000 20.000000000000 0.000582665389
-8.000000000000 21.000000000000 0.000538344350
-8.000000000000 22.000000000000 0.000497175483
-8.000000000000 23.000000000000 0.000458998705
-8.000000000000 24.000000000000 0.000423660076
-8.000000000000 25.000000000000 0.000391012815
-8.000000000000 26.000000000000 0.000360917887
-8.000000000000 27.000000000000 0.000333244334
-8.000000000000 28.000000000000 0.000307869411
-8.000000000000 29.000000000000 0.000284678610
-8.000000000000 30.000000000000 0.000263565615
-8.000000000000 31.000000000000 0.000244432210
-8.000000000000 32.000000000000 0.000227188173
-8.000000000000 33.000000000000 0.000211751154
-8.000000000000 34.000000000000 0.000198046562
-8.000000000000 35.000000000000 0.000186007455
-8.000000000000 36.000000000000 0.000175574439
-8.000000000000 37.000000000000 0.000166695580
-8.000000000000 38.000000000000 0.000159326333
-8.000000000000 39.000000000000 0.000153429477
-8.000000000000 40.000000000000 0.000148975070
-8.000000000000 41.000000000000 0.000145940410
-8.000000000000 42.000000000000 0.000142695842
-8.000000000000 43.000000000000 0.000035850878
-8.000000000000 44.000000000000 0.000007617105
-8.000000000000 45.000000000000 0.000001399078
-8.000000000000 46.000000000000 0.000000239036
-8.000000000000 47.000000000000 0.000000021020
-8.000000000000 48.000000000000 0.000000000067
-8.000000000000 49.000000000000 0.000000000000
-8.000000000000 50.000000000000 0.000000000000
-8.000000000000 51.000000000000 0.000000000000

-7.000000000000 -51.000000000000 0.000000000000
-7.000000000000 -50.000000000000 0.000000000000
-7.000000000000 -49.000000000000 0.000000000000
-7.000000000000 -48.000000000000 0.000000000070
-7.000000000000 -47.000000000000 0.000000021706
-7.000000000000 -46.000000000000 0.000000246211
-7.000000000000 -45.000000000000 0.000001437647
-7.000000000000 -44.000000000000 0.000007807768
-7.000000000000 -43.000000000000 0.000036649551
-7.000000000000 -42.000000000000 0.000145443006
-7.000000000000 -41.000000000000 0.000148734397
-7.000000000000 -40.000000000000 0.000151829593
-7.000000000000 -39.000000000000 0.000156382177
-7.000000000000 -38.000000000000 0.000162415961
-7.000000000000 -37.000000000000 0.000169962496
-7.000000000000 -36.000000000000 0.000179061141
-7.000000000000 -35.000000000000 0.000189759147
-7.000000000000 -34.000000000000 0.000202111773
-7.000000000000 -33.000000000000 0.000216182428
-7.000000000000 -32.000000000000 0.000232042845
-7.000000000000 -31.000000000000 0.000249773277
-7.000000000000 -30.000000000000 0.000269462743
-7.000000000000 -29.000000000000 0.000291209297
-7.000000000000 -28.000000000000 0.000315120334
-7.000000000000 -27.000000000000 0.000341312942
-7.000000000000 -26.000000000000 0.000369914272
-7.000000000000 -25.000000000000 0.000401061941
-7.000000000000 -24.000000000000 0.000434904439
-7.000000000000 -23.000000000000 0.000471601526
-7.000000000000 -22.000000000000 0.000511324561
-7.000000000000 -21.000000000000 0.000554256721
-7.000000000000 -20.000000000000 0.000600592984
-7.000000000000 -19.000000000000 0.000650539742
-7.000000000000 -18.000000000000 0.000704313793
-7.000000000000 -17.000000000000 0.000762140353
-7.000000000000 -16.000000000000 0.000824249545
-7.000000000000 -15.000000000000 0.000890870543
-7.000000000000 -14.000000000000 0.000962222126
-7.000000000000 -13.000000000000 0.001038497802
-7.000000000000 -12.000000000000 0.001119842763
-7.000000000000 -11.000000000000 0.001206318701
-7.000000000000 -10.000000000000 0.001297850817
-7.000000000000 -9.000000000000 0.001394149375
-7.000000000000 -8.000000000000 0.001494596182
-7.000000000000 -7.000000000000 0.001598085844
-7.000000000000 -6.000000000000 0.001702815480
-7.000000000000 -5.000000000000 0.001806031071
-7.000000000000 -4.000000000000 0.001903773809
-7.000000000000 -3.000000000000 0.001990737934
-7.000000000000 -2.000000000000 0.002060452332
-7.000000000000 -1.000000000000 0.002106081435
-7.000000000000 0.000000000000 0.002122042393
-7.000000000000 1.000000000000 0.002106081435
-7.000000000000 2.000000000000 0.002060452332
-7.000000000000 3.000000000000 0.001990737934
-7.000000000000 4.000000000000 0.001903773809
-7.000000000000 5.000000000000 0.001806031071
-7.000000000000 6.000000000000 0.001702815480
-7.000000000000 7.000000000000 0.001598085844
-7.000000000000 8.000000000000 0.001494596182
-7.000000000000 9.000000000000 0.001394149375
-7.000000000000 10.000000000000 0.001297850817
-7.000000000000 11.000000000000 0.001206318701
-7.000000000000 12.000000000000 0.001119842763
-7.000000000000 13.000000000000 0.001038497802
-7.000000000000 14.000000000000 0.000962222126
-7.000000000000 15.000000000000 0.000890870543
-7.000000000000 16.000000000000 0.000824249545
-7.000000000000 17.000000000000 0.000762140353
-7.000000000000 18.000000000000 0.000704313793
-7.000000000000 19.000000000000 0.000650539742
-7.000000000000 20.000000000000 0.000600592984
-7.000000000000 21.000000000000 0.000554256721
-7.000000000000 22.000000000000 0.000511324561
-7.000000000000 23.000000000000 0.000471601526
-7.000000000000 24.000000000000 0.000434904439
-7.000000000000 25.000000000000 0.000401061941
-7.000000000000 26.000000000000 0.000369914272
-7.000000000000 27.000000000000 0.000341312942
-7.000000000000 28.000000000000 0.000315120334
-7.000000000000 29.000000000000 0.000291209297
-7.000000000000 30.000000000000 0.000269462743
-7.000000000000 31.000000000000 0.000249773277
-7.000000000000 32.000000000000 0.000232042845
-7.000000000000 33.000000000000 0.000216182428
-7.000000000000 34.000000000000 0.000202111773
-7.000000000000 35.000000000000 0.000189759147
-7.000000000000 36.000000000000 0.000179061141
-7.000000000000 37.000000000000 0.000169962496
-7.000000000000 38.000000000000 0.000162415961
-7.000000000000 39.000000000000 0.000156382177
-7.000000000000 40.000000000000 0.000151829593
-7.000000000000 41.000000000000 0.000148734397
-7.000000000000 42.000000000000 0.000145443006
-7.000000000000 43.000000000000 0.000036649551
-7.000000000000 44.000000000000 0.000007807768
-7.000000000000 45.000000000000 0.000001437647
-7.000000000000 46.000000000000 0.000000246211
-7.000000000000 47.000000000000 0.000000021706
-7.000000000000 48.000000000000 0.000000000070
-7.000000000000 49.000000000000 0.000000000000
-7.000000000000 50.000000000000 0.000000000000
-7.000000000000 51.000000000000 0.000000000000

-6.000000000000 -51.000000000000 0.000000000000
-6.000000000000 -50.000000000000 0.000000000000
-6.000000000000 -49.000000000000 0.000000000000
-6.000000000000 -48.000000000000 0.000000000072
-6.000000000000 -47.000000000000 0.000000022321
-6.000000000000 -46.000000000000 0.000000252624
-6.000000000000 -45.000000000000 0.000001472038
-6.000000000000 -44.000000000000 0.000007977370
-6.000000000000 -43.000000000000 0.000037358215
-6.000000000000 -42.000000000000 0.000147874060
-6.000000000000 -41.000000000000 0.000151206708
-6.000000000000 -40.000000000000 0.000154355668
-6.000000000000 -39.000000000000 0.000158995619
-6.000000000000 -38.000000000000 0.000165151388
-6.000000000000 -37.000000000000 0.000172855998
-6.000000000000 -36.000000000000 0.000182150762
-6.000000000000 -35.000000000000 0.000193085415
-6.000000000000 -34.000000000000 0.000205718274
-6.000000000000 -33.000000000000 0.000220116448
-6.000000000000 -32.000000000000 0.000236356093
-6.000000000000 -31.000000000000 0.000254522717
-6.000000000000 -30.000000000000 0.000274711543
-6.000000000000 -29.000000000000 0.000297027939
-6.000000000000 -28.000000000000 0.000321587922
-6.000000000000 -27.000000000000 0.000348518740
-6.000000000000 -26.000000000000 0.000377959545
-6.000000000000 -25.000000000000 0.000410062164
-6.000000000000 -24.000000000000 0.000444991963
-6.000000000000 -23.000000000000 0.000482928822
-6.000000000000 -22.000000000000 0.000524068187
-6.000000000000 -21.000000000000 0.000568622200
-6.000000000000 -20.000000000000 0.000616820838
-6.000000000000 -19.000000000000 0.000668912990
-6.000000000000 -18.000000000000 0.000725167304
-6.000000000000 -17.000000000000 0.000785872558
-6.000000000000 -16.000000000000 0.000851337126
-6.000000000000 -15.000000000000 0.000921886851
-6.000000000000 -14.000000000000 0.000997860199
-6.000000000000 -13.000000000000 0.001079598888
-6.000000000000 -12.000000000000 0.001167431084
-6.000000000000 -11.000000000000 0.001261642538
-6.000000000000 -10.000000000000 0.001362428384
-6.000000000000 -9.000000000000 0.001469814348
-6.000000000000 -8.000000000000 0.001583530666
-6.000000000000 -7.000000000000 0.001702815480
-6.000000000000 -6.000000000000 0.001826119571
-6.000000000000 -5.000000000000 0.001950689045
-6.000000000000 -4.000000000000 0.002072036594
-6.000000000000 -3.000000000000 0.002183412773
-6.000000000000 -2.000000000000 0.002275606942
-6.000000000000 -1.000000000000 0.002337743059
-6.000000000000 0.000000000000 0.002359925202
-6.000000000000 1.000000000000 0.002337743059
-6.000000000000 2.000000000000 0.002275606942
-6.000000000000 3.000000000000 0.002183412773
-6.000000000000 4.000000000000 0.002072036594
-6.000000000000 5.000000000000 0.001950689045
-6.000000000000 6.000000000000 0.001826119571
-6.000000000000 7.000000000000 0.001702815480
-6.000000000000 8.000000000000 0.001583530666
-6.000000000000 9.000000000000 0.001469814348
-6.000000000000 10.000000000000 0.001362428384
-6.000000000000 11.000000000000 0.001261642538
-6.000000000000 12.000000000000 0.001167431084
-6.000000000000 13.000000000000 0.001079598888
-6.000000000000 14.000000000000 0.000997860199
-6.000000000000 15.000000000000 0.000921886851
-6.000000000000 16.000000000000 0.000851337126
-6.000000000000 17.000000000000 0.000785872558
-6.000000000000 18.000000000000 0.000725167304
-6.000000000000 19.000000000000 0.000668912990
-6.000000000000 20.000000000000 0.000616820838
-6.000000000000 21.000000000000 0.000568622200
-6.000000000000 22.000000000000 0.000524068187
-6.000000000000 23.000000000000 0.000482928822
-6.000000000000 24.000000000000 0.000444991963
-6.000000000000 25.000000000000 0.000410062164
-6.000000000000 26.000000000000 0.000377959545
-6.000000000000 27.000000000000 0.000348518740
-6.000000000000 28.000000000000 0.000321587922
-6.000000000000 29.000000000000 0.000297027939
-6.000000000000 30.000000000000 0.000274711543
-6.000000000000 31.000000000000 0.000254522717
-6.000000000000 32.000000000000 0.000236356093
-6.000000000000 33.000000000000 0.000220116448
-6.000000000000 34.000000000000 0.000205718274
-6.000000000000 35.000000000000 0.000193085415
-6.000000000000 36.000000000000 0.000182150762
-6.000000000000 37.000000000000 0.000172855998
-6.000000000000 38.000000000000 0.000165151388
-6.000000000000 39.000000000000 0.000158995619
-6.000000000000 40.000000000000 0.000154355668
-6.000000000000 41.000000000000 0.000151206708
-6.000000000000 42.000000000000 0.000147874060
-6.000000000000 43.000000000000 0.000037358215
-6.000000000000 44.000000000000 0.000007977370
-6.000000000000 45.000000000000 0.000001472038
-6.000000000000 46.000000000000 0.000000252624
-6.000000000000 47.000000000000 0.000000022321
-6.000000000000 48.000000000000 0.000000000072
-6.000000000000 49.000000000000 0.000000000000
-6.000000000000 50.000000000000 0.000000000000
-6.000000000000 51.000000000000 0.000000000000

-5.000000000000 -51.000000000000 0.000000000000
-5.000000000000 -50.000000000000 0.000000000000
-5.000000000000 -49.000000000000 0.000000000000
-5.000000000000 -48.000000000000 0.000000000074
-5.000000000000 -47.000000000000 0.000000022856
-5.000000000000 -46.000000000000 0.000000258195
-5.000000000000 -45.000000000000 0.000001501857
-5.000000000000 -44.000000000000 0.000008124130
-5.000000000000 -43.000000000000 0.000037970099
-5.000000000000 -42.000000000000 0.000149968280
-5.000000000000 -41.000000000000 0.000153336337
-5.000000000000 -40.000000000000 0.000156531755
-5.000000000000 -39.000000000000 0.000161247338
-5.000000000000 -38.000000000000 0.000167508805
-5.000000000000 -37.000000000000 0.000175350485
-5.000000000000 -36.000000000000 0.000184815425
-5.000000000000 -35.000000000000 0.000195955565
-5.000000000000 -34.000000000000 0.000208831946
-5.000000000000 -33.000000000000 0.000223514977
-5.000000000000 -32.000000000000 0.000240084773
-5.000000000000 -31.000000000000 0.000258631552
-5.000000000000 -30.000000000000 0.000279256118
-5.000000000000 -29.000000000000 0.000302070448
-5.000000000000 -28.000000000000 0.000327198370
-5.000000000000 -27.000000000000 0.000354776390
-5.000000000000 -26.000000000000 0.000384954646
-5.000000000000 -25.000000000000 0.000417898049
-5.000000000000 -24.000000000000 0.000453787608
-5.000000000000 -23.000000000000 0.000492821990
-5.000000000000 -22.000000000000 0.000535219323
-5.000000000000 -21.000000000000 0.000581219284
-5.000000000000 -20.000000000000 0.000631085489
-5.000000000000 -19.000000000000 0.000685108180
-5.000000000000 -18.000000000000 0.000743607193
-5.000000000000 -17.000000000000 0.000806935108
-5.000000000000 -16.000000000000 0.000875480391
-5.000000000000 -15.000000000000 0.000949670115
-5.000000000000 -14.000000000000 0.001029971527
-5.000000000000 -13.000000000000 0.001116891088
-5.000000000000 -12.000000000000 0.001210968536
-5.000000000000 -11.000000000000 0.001312761644
-5.000000000000 -10.000000000000 0.001422814027
-5.000000000000 -9.000000000000 0.001541592734
-5.000000000000 -8.000000000000 0.001669372825
-5.000000000000 -7.000000000000 0.001806031071
-5.000000000000 -6.000000000000 0.001950689045
-5.000000000000 -5.000000000000 0.002101121575
-5.000000000000 -4.000000000000 0.002252841446
-5.000000000000 -3.000000000000 0.002397854482
-5.000000000000 -2.000000000000 0.002523414645
-5.000000000000 -1.000000000000 0.002611959823
-5.000000000000 0.000000000000 0.002644775514
-5.000000000000 1.000000000000 0.002611959823
-5.000000000000 2.000000000000 0.002523414645
-5.000000000000 3.000000000000 0.002397854482
-5.000000000000 4.000000000000 0.002252841446
-5.000000000000 5.000000000000 0.002101121575
-5.000000000000 6.000000000000 0.001950689045
-5.000000000000 7.000000000000 0.001806031071
-5.000000000000 8.000000000000 0.001669372825
-5.000000000000 9.000000000000 0.001541592734
-5.000000000000 10.000000000000 0.001422814027
-5.000000000000 11.000000000000 0.001312761644
-5.000000000000 12.000000000000 0.001210968536
-5.000000000000 13.000000000000 0.001116891088
-5.000000000000 14.000000000000 0.001029971527
-5.000000000000 15.000000000000 0.000949670115
-5.000000000000 16.000000000000 0.000875480391
-5.000000000000 17.000000000000 0.000806935108
-5.000000000000 18.000000000000 0.000743607193
-5.000000000000 19.000000000000 0.000685108180
-5.000000000000 20.000000000000 0.000631085489
-5.000000000000 21.000000000000 0.000581219284
-5.000000000000 22.000000000000 0.000535219323
-5.000000000000 23.000000000000 0.000492821990
-5.000000000000 24.000000000000 0.000453787608
-5.000000000000 25.000000000000 0.000417898049
-5.000000000000 26.000000000000 0.000384954646
-5.000000000000 27.000000000000 0.000354776390
-5.000000000000 28.000000000000 0.000327198370
-5.000000000000 29.000000000000 0.000302070448
-5.000000000000 30.000000000000 0.000279256118
-5.000000000000 31.000000000000 0.000258631552
-5.000000000000 32.000000000000 0.000240084773
-5.000000000000 33.000000000000 0.000223514977
-5.000000000000 34.000000000000 0.000208831946
-5.000000000000 35.000000000000 0.000195955565
-5.000000000000 36.000000000000 0.000184815425
-5.000000000000 37.000000000000 0.000175350485
-5.000000000000 38.000000000000 0.000167508805
-5.000000000000 39.000000000000 0.000161247338
-5.000000000000 40.000000000000 0.000156531755
-5.000000000000 41.000000000000 0.000153336337
-5.000000000000 42.000000000000 0.000149968280
-5.000000000000 43.000000000000 0.000037970099
-5.000000000000 44.000000000000 0.000008124130
-5.000000000000 45.000000000000 0.000001501857
-5.000000000000 46.000000000000 0.000000258195
-5.000000000000 47.000000000000 0.000000022856
-5.000000000000 48.000000000000 0.000000000074
-5.000000000000 49.000000000000 0.000000000000
-5.000000000000 50.000000000000 0.000000000000
-5.000000000000 51.000000000000 0.000000000000

-4.000000000000 -51.000000000000 0.000000000000
-4.000000000000 -50.000000000000 0.000000000000
-4.000000000000 -49.000000000000 0.000000000000
-4.000000000000 -48.000000000000 0.000000000075
-4.000000000000 -47.000000000000 0.000000023304
-4.000000000000 -46.000000000000 0.000000262854
-4.000000000000 -45.000000000000 0.000001526758
-4.000000000000 -44.000000000000 0.000008246473
-4.000000000000 -43.000000000000 0.000038479256
-4.000000000000 -42.000000000000 0.000151707539
-4.000000000000 -41.000000000000 0.000155104911
-4.000000000000 -40.000000000000 0.000158339017
-4.000000000000 -39.000000000000 0.000163117672
-4.000000000000 -38.000000000000 0.000169467358
-4.000000000000 -37.000000000000 0.000177423508
-4.000000000000 -36.000000000000 0.000187030649
-4.000000000000 -35.000000000000 0.000198342600
-4.000000000000 -34.000000000000 0.000211422726
-4.000000000000 -33.000000000000 0.000226344261
-4.000000000000 -32.000000000000 0.000243190712
-4.000000000000 -31.000000000000 0.000262056342
-4.000000000000 -30.000000000000 0.000283046767
-4.000000000000 -29.000000000000 0.000306279669
-4.000000000000 -28.000000000000 0.000331885653
-4.000000000000 -27.000000000000 0.000360009281
-4.000000000000 -26.000000000000 0.000390810296
-4.000000000000 -25.000000000000 0.000424465104
-4.000000000000 -24.000000000000 0.000461168535
-4.000000000000 -23.000000000000 0.000501135959
-4.000000000000 -22.000000000000 0.000544605815
-4.000000000000 -21.000000000000 0.000591842643
-4.000000000000 -20.000000000000 0.000643140711
-4.000000000000 -19.000000000000 0.000698828354
-4.000000000000 -18.000000000000 0.000759273150
-4.000000000000 -17.000000000000 0.000824888050
-4.000000000000 -16.000000000000 0.000896138592
-4.000000000000 -15.000000000000 0.000973551230
-4.000000000000 -14.000000000000 0.001057722673
-4.000000000000 -13.000000000000 0.001149329784
-4.000000000000 -12.000000000000 0.001249138858
-4.000000000000 -11.000000000000 0.001358011622
-4.000000000000 -10.000000000000 0.001476902358
-4.000000000000 -9.000000000000 0.001606834622
-4.000000000000 -8.000000000000 0.001748834402
-4.000000000000 -7.000000000000 0.001903773809
-4.000000000000 -6.000000000000 0.002072036594
-4.000000000000 -5.000000000000 0.002252841446
-4.000000000000 -4.000000000000 0.002442946036
-4.000000000000 -3.000000000000 0.002634356254
-4.000000000000 -2.000000000000 0.002810854784
-4.000000000000 -1.000000000000 0.002944529710
-4.000000000000 0.000000000000 0.002997882910
-4.000000000000 1.000000000000 0.002944529710
-4.000000000000 2.000000000000 0.002810854784
-4.000000000000 3.000000000000 0.002634356254
-4.000000000000 4.000000000000 0.002442946036
-4.000000000000 5.000000000000 0.002252841446
-4.000000000000 6.000000000000 0.002072036594
-4.000000000000 7.000000000000 0.001903773809
-4.000000000000 8.000000000000 0.001748834402
-4.000000000000 9.000000000000 0.001606834622
-4.000000000000 10.000000000000 0.001476902358
-4.000000000000 11.000000000000 0.001358011622
-4.000000000000 12.000000000000 0.001249138858
-4.000000000000 13.000000000000 0.001149329784
-4.000000000000 14.000000000000 0.001057722673
-4.000000000000 15.000000000000 0.000973551230
-4.000000000000 16.000000000000 0.000896138592
-4.000000000000 17.000000000000 0.000824888050
-4.000000000000 18.000000000000 0.000759273150
-4.000000000000 19.000000000000 0.000698828354
-4.000000000000 20.000000000000 0.000643140711
-4.000000000000 21.000000000000 0.000591842643
-4.000000000000 22.000000000000 0.000544605815
-4.000000000000 23.000000000000 0.000501135959
-4.000000000000 24.000000000000 0.000461168535
-4.000000000000 25.000000000000 0.000424465104
-4.000000000000 26.000000000000 0.000390810296
-4.000000000000 27.000000000000 0.000360009281
-4.000000000000 28.000000000000 0.000331885653
-4.000000000000 29.000000000000 0.000306279669
-4.000000000000 30.000000000000 0.000283046767
-4.000000000000 31.000000000000 0.000262056342
-4.000000000000 32.000000000000 0.000243190712
-4.000000000000 33.000000000000 0.000226344261
-4.000000000000 34.000000000000 0.000211422726
-4.000000000000 35.000000000000 0.000198342600
-4.000000000000 36.000000000000 0.000187030649
-4.000000000000 37.000000000000 0.000177423508
-4.000000000000 38.000000000000 0.000169467358
-4.000000000000 39.000000000000 0.000163117672
-4.000000000000 40.000000000000 0.000158339017
-4.000000000000 41.000000000000 0.000155104911
-4.000000000000 42.000000000000 0.000151707539
-4.000000000000 43.000000000000 0.000038479256
-4.000000000000 44.000000000000 0.000008246473
-4.000000000000 45.000000000000 0.000001526758
-4.000000000000 46.000000000000 0.000000262854
-4.000000000000 47.000000000000 0.000000023304
-4.000000000000 48.000000000000 0.000000000075
-4.000000000000 49.000000000000 0.000000000000
-4.000000000000 50.000000000000 0.000000000000
-4.000000000000 51.000000000000 0.000000000000

-3.000000000000 -51.000000000000 0.000000000000
-3.000000000000 -50.000000000000 0.000000000000
-3.000000000000 -49.000000000000 0.000000000000
-3.000000000000 -48.000000000000 0.000000000077
-3.000000000000 -47.000000000000 0.000000023659
-3.000000000000 -46.000000000000 0.000000266543
-3.000000000000 -45.000000000000 0.000001546445
-3.000000000000 -44.000000000000 0.000008343067
-3.000000000000 -43.000000000000 0.000038880661
-3.000000000000 -42.000000000000 0.000153076593
-3.000000000000 -41.000000000000 0.000156496983
-3.000000000000 -40.000000000000 0.000159761608
-3.000000000000 -39.000000000000 0.000164590077
-3.000000000000 -38.000000000000 0.000171009482
-3.000000000000 -37.000000000000 0.000179056143
-3.000000000000 -36.000000000000 0.000188775774
-3.000000000000 -35.000000000000 0.000200223704
-3.000000000000 -34.000000000000 0.000213465171
-3.000000000000 -33.000000000000 0.000228575684
-3.000000000000 -32.000000000000 0.000245641488
-3.000000000000 -31.000000000000 0.000264760120
-3.000000000000 -30.000000000000 0.000286041095
-3.000000000000 -29.000000000000 0.000309606733
-3.000000000000 -28.000000000000 0.000335593163
-3.000000000000 -27.000000000000 0.000364151531
-3.000000000000 -26.000000000000 0.000395449462
-3.000000000000 -25.000000000000 0.000429672831
-3.000000000000 -24.000000000000 0.000467027905
-3.000000000000 -23.000000000000 0.000507743951
-3.000000000000 -22.000000000000 0.000552076400
-3.000000000000 -21.000000000000 0.000600310736
-3.000000000000 -20.000000000000 0.000652767248
-3.000000000000 -19.000000000000 0.000709806894
-3.000000000000 -18.000000000000 0.000771838560
-3.000000000000 -17.000000000000 0.000839328063
-3.000000000000 -16.000000000000 0.000912809391
-3.000000000000 -15.000000000000 0.000992898746
-3.000000000000 -14.000000000000 0.001080312119
-3.000000000000 -13.000000000000 0.001175887227
-3.000000000000 -12.000000000000 0.001280610653
-3.000000000000 -11.000000000000 0.001395650708
-3.000000000000 -10.000000000000 0.001522395371
-3.000000000000 -9.000000000000 0.001662491332
-3.000000000000 -8.000000000000 0.001817871607
-3.000000000000 -7.000000000000 0.001990737934
-3.000000000000 -6.000000000000 0.002183412773
-3.000000000000 -5.000000000000 0.002397854482
-3.000000000000 -4.000000000000 0.002634356254
-3.000000000000 -3.000000000000 0.002888395353
-3.000000000000 -2.000000000000 0.003143754503
-3.000000000000 -1.000000000000 0.003360063523
-3.000000000000 0.000000000000 0.003460340985
-3.000000000000 1.000000000000 0.003360063523
-3.000000000000 2.000000000000 0.003143754503
-3.000000000000 3.000000000000 0.002888395353
-3.000000000000 4.000000000000 0.002634356254
-3.000000000000 5.000000000000 0.002397854482
-3.000000000000 6.000000000000 0.002183412773
-3.000000000000 7.000000000000 0.001990737934
-3.000000000000 8.000000000000 0.001817871607
-3.000000000000 9.000000000000 0.001662491332
-3.000000000000 10.000000000000 0.001522395371
-3.000000000000 11.000000000000 0.001395650708
-3.000000000000 12.000000000000 0.001280610653
-3.000000000000 13.000000000000 0.001175887227
-3.000000000000 14.000000000000 0.001080312119
-3.000000000000 15.000000000000 0.000992898746
-3.000000000000 16.000000000000 0.000912809391
-3.000000000000 17.000000000000 0.000839328063
-3.000000000000 18.000000000000 0.000771838560
-3.000000000000 19.000000000000 0.000709806894
-3.000000000000 20.000000000000 0.000652767248
-3.000000000000 21.000000000000 0.000600310736
-3.000000000000 22.000000000000 0.000552076400
-3.000000000000 23.000000000000 0.000507743951
-3.000000000000 24.000000000000 0.000467027905
-3.000000000000 25.000000000000 0.000429672831
-3.000000000000 26.000000000000 0.000395449462
-3.000000000000 27.000000000000 0.000364151531
-3.000000000000 28.000000000000 0.000335593163
-3.000000000000 29.000000000000 0.000309606733
-3.000000000000 30.000000000000 0.000286041095
-3.000000000000 31.000000000000 0.000264760120
-3.000000000000 32.000000000000 0.000245641488
-3.000000000000 33.000000000000 0.000228575684
-3.000000000000 34.000000000000 0.000213465171
-3.000000000000 35.000000000000 0.000200223704
-3.000000000000 36.000000000000 0.000188775774
-3.000000000000 37.000000000000 0.000179056143
-3.000000000000 38.000000000000 0.000171009482
-3.000000000000 39.000000000000 0.000164590077
-3.000000000000 40.000000000000 0.000159761608
-3.000000000000 41.000000000000 0.000156496983
-3.000000000000 42.000000000000 0.000153076593
-3.000000000000 43.000000000000 0.000038880661
-3.000000000000 44.000000000000 0.000008343067
-3.000000000000 45.000000000000 0.000001546445
-3.000000000000 46.000000000000 0.000000266543
-3.000000000000 47.000000000000 0.000000023659
-3.000000000000 48.000000000000 0.000000000077
-3.000000000000 49.000000000000 0.000000000000
-3.000000000000 50.000000000000 0.000000000000
-3.000000000000 51.000000000000 0.000000000000

-2.000000000000 -51.000000000000 0.000000000000
-2.000000000000 -50.000000000000 0.000000000000
-2.000000000000 -49.000000000000 0.000000000000
-2.000000000000 -48.000000000000 0.000000000078
-2.000000000000 -47.000000000000 0.000000023917
-2.000000000000 -46.000000000000 0.000000269214
-2.000000000000 -45.000000000000 0.000001560680
-2.000000000000 -44.000000000000 0.000008412844
-2.000000000000 -43.000000000000 0.000039170307
-2.000000000000 -42.000000000000 0.000154063321
-2.000000000000 -41.000000000000 0.000157500269
-2.000000000000 -40.000000000000 0.000160786926
-2.000000000000 -39.000000000000 0.000165651390
-2.000000000000 -38.000000000000 0.000172121196
-2.000000000000 -37.000000000000 0.000180233314
-2.000000000000 -36.000000000000 0.000190034326
-2.000000000000 -35.000000000000 0.000201580667
-2.000000000000 -34.000000000000 0.000214938946
-2.000000000000 -33.000000000000 0.000230186343
-2.000000000000 -32.000000000000 0.000247411115
-2.000000000000 -31.000000000000 0.000266713206
-2.000000000000 -30.000000000000 0.000288205005
-2.000000000000 -29.000000000000 0.000312012258
-2.000000000000 -28.000000000000 0.000338275179
-2.000000000000 -27.000000000000 0.000367149797
-2.000000000000 -26.000000000000 0.000398809601
-2.000000000000 -25.000000000000 0.000433447528
-2.000000000000 -24.000000000000 0.000471278409
-2.000000000000 -23.000000000000 0.000512541950
-2.000000000000 -22.000000000000 0.000557506415
-2.000000000000 -21.000000000000 0.000606473177
-2.000000000000 -20.000000000000 0.000659782387
-2.000000000000 -19.000000000000 0.000717820076
-2.000000000000 -18.000000000000 0.000781027126
-2.000000000000 -17.000000000000 0.000849910689
-2.000000000000 -16.000000000000 0.000925058862
-2.000000000000 -15.000000000000 0.001007159731
-2.000000000000 -14.000000000000 0.001097026347
-2.000000000000 -13.000000000000 0.001195629865
-2.000000000000 -12.000000000000 0.001304144027
-2.000000000000 -11.000000000000 0.001424005536
-2.000000000000 -10.000000000000 0.001556996781
-2.000000000000 -9.000000000000 0.001705359750
-2.000000000000 -8.000000000000 0.001871951876
-2.000000000000 -7.000000000000 0.002060452332
-2.000000000000 -6.000000000000 0.002275606942
-2.000000000000 -5.000000000000 0.002523414645
-2.000000000000 -4.000000000000 0.002810854784
-2.000000000000 -3.000000000000 0.003143754503
-2.000000000000 -2.000000000000 0.003518354845
-2.000000000000 -1.000000000000 0.003894285651
-2.000000000000 0.000000000000 0.004126012829
-2.000000000000 1.000000000000 0.003894285651
-2.000000000000 2.000000000000 0.003518354845
-2.000000000000 3.000000000000 0.003143754503
-2.000000000000 4.000000000000 0.002810854784
-2.000000000000 5.000000000000 0.002523414645
-2.000000000000 6.000000000000 0.002275606942
-2.000000000000 7.000000000000 0.002060452332
-2.000000000000 8.000000000000 0.001871951876
-2.000000000000 9.000000000000 0.001705359750
-2.000000000000 10.000000000000 0.001556996781
-2.000000000000 11.000000000000 0.001424005536
-2.000000000000 12.000000000000 0.001304144027
-2.000000000000 13.000000000000 0.001195629865
-2.000000000000 14.000000000000 0.001097026347
-2.000000000000 15.000000000000 0.001007159731
-2.000000000000 16.000000000000 0.000925058862
-2.000000000000 17.000000000000 0.000849910689
-2.000000000000 18.000000000000 0.000781027126
-2.000000000000 19.000000000000 0.000717820076
-2.000000000000 20.000000000000 0.000659782387
-2.000000000000 21.000000000000 0.000606473177
-2.000000000000 22.000000000000 0.000557506415
-2.000000000000 23.000000000000 0.000512541950
-2.000000000000 24.000000000000 0.000471278409
-2.000000000000 25.000000000000 0.000433447528
-2.000000000000 26.000000000000 0.000398809601
-2.000000000000 27.000000000000 0.000367149797
-2.000000000000 28.000000000000 0.000338275179
-2.000000000000 29.000000000000 0.000312012258
-2.000000000000 30.000000000000 0.000288205005
-2.000000000000 31.000000000000 0.000266713206
-2.000000000000 32.000000000000 0.000247411115
-2.000000000000 33.000000000000 0.000230186343
-2.000000000000 34.000000000000 0.000214938946
-2.000000000000 35.000000000000 0.000201580667
-2.000000000000 36.000000000000 0.000190034326
-2.000000000000 37.000000000000 0.000180233314
-2.000000000000 38.000000000000 0.000172121196
-2.000000000000 39.000000000000 0.000165651390
-2.000000000000 40.000000000000 0.000160786926
-2.000000000000 41.000000000000 0.000157500269
-2.000000000000 42.000000000000 0.000154063321
-2.000000000000 43.000000000000 0.000039170307
-2.000000000000 44.000000000000 0.000008412844
-2.000000000000 45.000000000000 0.000001560680
-2.000000000000 46.000000000000 0.000000269214
-2.000000000000 47.000000000000 0.000000023917
-2.000000000000 48.000000000000 0.000000000078
-2.000000000000 49.000000000000 0.000000000000
-2.000000000000 50.000000000000 0.000000000000
-2.000000000000 51.000000000000 0.000000000000

-1.000000000000 -51.000000000000 0.000000000000
-1.000000000000 -50.000000000000 0.000000000000
-1.000000000000 -49.000000000000 0.000000000000
-1.000000000000 -48.000000000000 0.000000000078
-1.000000000000 -47.000000000000 0.000000024073
-1.000000000000 -46.000000000000 0.000000270830
-1.000000000000 -45.000000000000 0.000001569292
-1.000000000000 -44.000000000000 0.000008455026
-1.000000000000 -43.000000000000 0.000039345277
-1.000000000000 -42.000000000000 0.000154658919
-1.000000000000 -41.000000000000 0.000158105849
-1.000000000000 -40.000000000000 0.000161405821
-1.000000000000 -39.000000000000 0.000166292048
-1.000000000000 -38.000000000000 0.000172792339
-1.000000000000 -37.000000000000 0.000180944057
-1.000000000000 -36.000000000000 0.000190794316
-1.000000000000 -35.000000000000 0.000202400224
-1.000000000000 -34.000000000000 0.000215829227
-1.000000000000 -33.000000000000 0.000231159526
-1.000000000000 -32.000000000000 0.000248480607
-1.000000000000 -31.000000000000 0.000267893889
-1.000000000000 -30.000000000000 0.000289513521
-1.000000000000 -29.000000000000 0.000313467351
-1.000000000000 -28.000000000000 0.000339898100
-1.000000000000 -27.000000000000 0.000368964806
-1.000000000000 -26.000000000000 0.000400844569
-1.000000000000 -25.000000000000 0.000435734690
-1.000000000000 -24.000000000000 0.000473855302
-1.000000000000 -23.000000000000 0.000515452592
-1.000000000000 -22.000000000000 0.000560802815
-1.000000000000 -21.000000000000 0.000610217274
-1.000000000000 -20.000000000000 0.000664048578
-1.000000000000 -19.000000000000 0.000722698563
-1.000000000000 -18.000000000000 0.000786628387
-1.000000000000 -17.000000000000 0.000856371565
-1.000000000000 -16.000000000000 0.000932550964
-1.000000000000 -15.000000000000 0.001015901281
-1.000000000000 -14.000000000000 0.001107299202
-1.000000000000 -13.000000000000 0.001207804567
-1.000000000000 -12.000000000000 0.001318717635
-1.000000000000 -11.000000000000 0.001441660512
-1.000000000000 -10.000000000000 0.001578695853
-1.000000000000 -9.000000000000 0.001732504861
-1.000000000000 -8.000000000000 0.001906662888
-1.000000000000 -7.000000000000 0.002106081435
-1.000000000000 -6.000000000000 0.002337743059
-1.000000000000 -5.000000000000 0.002611959823
-1.000000000000 -4.000000000000 0.002944529710
-1.000000000000 -3.000000000000 0.003360063523
-1.000000000000 -2.000000000000 0.003894285651
-1.000000000000 -1.000000000000 0.004575378617
-1.000000000000 0.000000000000 0.005257808340
-1.000000000000 1.000000000000 0.004575378617
-1.000000000000 2.000000000000 0.003894285651
-1.000000000000 3.000000000000 0.003360063523
-1.000000000000 4.000000000000 0.002944529710
-1.000000000000 5.000000000000 0.002611959823
-1.000000000000 6.000000000000 0.002337743059
-1.000000000000 7.000000000000 0.002106081435
-1.000000000000 8.000000000000 0.001906662888
-1.000000000000 9.000000000000 0.001732504861
-1.000000000000 10.000000000000 0.001578695853
-1.000000000000 11.000000000000 0.001441660512
-1.000000000000 12.000000000000 0.001318717635
-1.000000000000 13.000000000000 0.001207804567
-1.000000000000 14.000000000000 0.001107299202
-1.000000000000 15.000000000000 0.001015901281
-1.000000000000 16.000000000000 0.000932550964
-1.000000000000 17.000000000000 0.000856371565
-1.000000000000 18.000000000000 0.000786628387
-1.000000000000 19.000000000000 0.000722698563
-1.000000000000 20.000000000000 0.000664048578
-1.000000000000 21.000000000000 0.000610217274
-1.000000000000 22.000000000000 0.000560802815
-1.000000000000 23.000000000000 0.000515452592
-1.000000000000 24.000000000000 0.000473855302
-1.000000000000 25.000000000000 0.000435734690
-1.000000000000 26.000000000000 0.000400844569
-1.000000000000 27.000000000000 0.000368964806
-1.000000000000 28.000000000000 0.000339898100
-1.000000000000 29.000000000000 0.000313467351
-1.000000000000 30.000000000000 0.000289513521
-1.000000000000 31.000000000000 0.000267893889
-1.000000000000 32.000000000000 0.000248480607
-1.000000000000 33.000000000000 0.000231159526
-1.000000000000 34.000000000000 0.000215829227
-1.000000000000 35.000000000000 0.000202400224
-1.000000000000 36.000000000000 0.000190794316
-1.000000000000 37.000000000000 0.000180944057
-1.000000000000 38.000000000000 0.000172792339
-1.000000000000 39.000000000000 0.000166292048
-1.000000000000 40.000000000000 0.000161405821
-1.000000000000 41.000000000000 0.000158105849
-1.000000000000 42.000000000000 0.000154658919
-1.000000000000 43.000000000000 0.000039345277
-1.000000000000 44.000000000000 0.000008455026
-1.000000000000 45.000000000000 0.000001569292
-1.000000000000 46.000000000000 0.000000270830
-1.000000000000 47.000000000000 0.000000024073
-1.000000000000 48.000000000000 0.000000000078
-1.000000000000 49.000000000000 0.000000000000
-1.000000000000 50.000000000000 0.000000000000
-1.000000000000 51.000000000000 0.000000000000

0.000000000000 -51.000000000000 0.000000000000
0.000000000000 -50.000000000000 0.000000000000
0.000000000000 -49.000000000000 0.000000000000
0.000000000000 -48.000000000000 0.000000000078
0.000000000000 -47.000000000000 0.000000024125
0.000000000000 -46.000000000000 0.000000271371
0.000000000000 -45.000000000000 0.000001572175
0.000000000000 -44.000000000000 0.000008469139
0.000000000000 -43.000000000000 0.000039403799
0.000000000000 -42.000000000000 0.000154858049
0.000000000000 -41.000000000000 0.000158308314
0.000000000000 -40.000000000000 0.000161612739
0.000000000000 -39.000000000000 0.000166506250
0.000000000000 -38.000000000000 0.000173016742
0.000000000000 -37.000000000000 0.000181181716
0.000000000000 -36.000000000000 0.000191048460
0.000000000000 -35.000000000000 0.000202674311
0.000000000000 -34.000000000000 0.000216126996
0.000000000000 -33.000000000000 0.000231485059
0.000000000000 -32.000000000000 0.000248838399
0.000000000000 -31.000000000000 0.000268288932
0.000000000000 -30.000000000000 0.000289951401
0.000000000000 -29.000000000000 0.000313954360
0.000000000000 -28.000000000000 0.000340441379
0.000000000000 -27.000000000000 0.000369572508
0.000000000000 -26.000000000000 0.000401526070
0.000000000000 -25.000000000000 0.000436500841
0.000000000000 -24.000000000000 0.000474718748
0.000000000000 -23.000000000000 0.000516428179
0.000000000000 -22.000000000000 0.000561908100
0.000000000000 -21.000000000000 0.000611473192
0.000000000000 -20.000000000000 0.000665480314
0.000000000000 -19.000000000000 0.000724336699
0.000000000000 -18.000000000000 0.000788510454
0.000000000000 -17.000000000000 0.000858544156
0.000000000000 -16.000000000000 0.000935072669
0.000000000000 -15.000000000000 0.001018846851
0.000000000000 -14.000000000000 0.001110765574
0.000000000000 -13.000000000000 0.001211919816
0.000000000000 -12.000000000000 0.001323654657
0.000000000000 -11.000000000000 0.001447658653
0.000000000000 -10.000000000000 0.001586096479
0.000000000000 -9.000000000000 0.001741812726
0.000000000000 -8.000000000000 0.001918658455
0.000000000000 -7.000000000000 0.002122042393
0.000000000000 -6.000000000000 0.002359925202
0.000000000000 -5.000000000000 0.002644775514
0.000000000000 -4.000000000000 0.002997882910
0.000000000000 -3.000000000000 0.003460340985
0.000000000000 -2.000000000000 0.004126012829
0.000000000000 -1.000000000000 0.005257808340
0.000000000000 0.000000000000 0.007757138909
0.000000000000 1.000000000000 0.005257808340
0.000000000000 2.000000000000 0.004126012829
0.000000000000 3.000000000000 0.003460340985
0.000000000000 4.000000000000 0.002997882910
0.000000000000 5.000000000000 0.002644775514
0.000000000000 6.000000000000 0.002359925202
0.000000000000 7.000000000000 0.002122042393
0.000000000000 8.000000000000 0.001918658455
0.000000000000 9.000000000000 0.001741812726
0.000000000000 10.000000000000 0.001586096479
0.000000000000 11.000000000000 0.001447658653
0.000000000000 12.000000000000 0.001323654657
0.000000000000 13.000000000000 0.001211919816
0.000000000000 14.000000000000 0.001110765574
0.000000000000 15.000000000000 0.001018846851
0.000000000000 16.000000000000 0.000935072669
0.000000000000 17.000000000000 0.000858544156
0.000000000000 18.000000000000 0.000788510454
0.000000000000 19.000000000000 0.000724336699
0.000000000000 20.000000000000 0.000665480314
0.000000000000 21.000000000000 0.000611473192
0.000000000000 22.000000000000 0.000561908100
0.000000000000 23.000000000000 0.000516428179
0.000000000000 24.000000000000 0.000474718748
0.000000000000 25.000000000000 0.000436500841
0.000000000000 26.000000000000 0.000401526070
0.000000000000 27.000000000000 0.000369572508
0.000000000000 28.000000000000 0.000340441379
0.000000000000 29.000000000000 0.000313954360
0.000000000000 30.000000000000 0.000289951401
0.000000000000 31.000000000000 0.000268288932
0.000000000000 32.000000000000 0.000248838399
0.000000000000 33.000000000000 0.000231485059
0.000000000000 34.000000000000 0.000216126996
0.000000000000 35.000000000000 0.000202674311
0.000000000000 36.000000000000 0.000191048460
0.000000000000 37.000000000000 0.000181181716
0.000000000000 38.000000000000 0.000173016742
0.000000000000 39.000000000000 0.000166506250
0.000000000000 40.000000000000 0.000161612739
0.000000000000 41.000000000000 0.000158308314
0.000000000000 42.000000000000 0.000154858049
0.000000000000 43.000000000000 0.000039403799
0.000000000000 44.000000000000 0.000008469139
0.000000000000 45.000000000000 0.000001572175
0.000000000000 46.000000000000 0.000000271371
0.000000000000 47.000000000000 0.000000024125
0.000000000000 48.000000000000 0.000000000078
0.000000000000 49.000000000000 0.000000000000
0.000000000000 50.000000000000 0.000000000000
0.000000000000 51.000000000000 0.000000000000

1.000000000000 -51.000000000000 0.000000000000
1.000000000000 -50.000000000000 0.000000000000
1.000000000000 -49.000000000000 0.000000000000
1.000000000000 -48.000000000000 0.000000000078
1.000000000000 -47.000000000000 0.000000024073
1.000000000000 -46.000000000000 0.000000270830
1.000000000000 -45.000000000000 0.000001569292
1.000000000000 -44.000000000000 0.000008455026
1.000000000000 -43.000000000000 0.000039345277
1.000000000000 -42.000000000000 0.000154658919
1.000000000000 -41.000000000000 0.000158105849
1.000000000000 -40.000000000000 0.000161405821
1.000000000000 -39.000000000000 0.000166292048
1.000000000000 -38.000000000000 0.000172792339
1.000000000000 -37.000000000000 0.000180944057
1.000000000000 -36.000000000000 0.000190794316
1.000000000000 -35.000000000000 0.000202400224
1.000000000000 -34.000000000000 0.000215829227
1.000000000000 -33.000000000000 0.000231159526
1.000000000000 -32.000000000000 0.000248480607
1.000000000000 -31.000000000000 0.000267893889
1.000000000000 -30.000000000000 0.000289513521
1.000000000000 -29.000000000000 0.000313467351
1.000000000000 -28.000000000000 0.000339898100
1.000000000000 -27.000000000000 0.000368964806
1.000000000000 -26.000000000000 0.000400844569
1.000000000000 -25.000000000000 0.000435734690
1.000000000000 -24.000000000000 0.000473855302
1.000000000000 -23.000000000000 0.000515452592
1.000000000000 -22.000000000000 0.000560802815
1.000000000000 -21.000000000000 0.000610217274
1.000000000000 -20.000000000000 0.000664048578
1.000000000000 -19.000000000000 0.000722698563
1.000000000000 -18.000000000000 0.000786628387
1.000000000000 -17.000000000000 0.000856371565
1.000000000000 -16.000000000000 0.000932550964
1.000000000000 -15.000000000000 0.001015901281
1.000000000000 -14.000000000000 0.001107299202
1.000000000000 -13.000000000000 0.001207804567
1.000000000000 -12.000000000000 0.001318717635
1.000000000000 -11.000000000000 0.001441660512
1.000000000000 -10.000000000000 0.001578695853
1.000000000000 -9.000000000000 0.001732504861
1.000000000000 -8.000000000000 0.001906662888
1.000000000000 -7.000000000000 0.002106081435
1.000000000000 -6.000000000000 0.002337743059
1.000000000000 -5.000000000000 0.002611959823
1.000000000000 -4.000000000000 0.002944529710
1.000000000000 -3.000000000000 0.003360063523
1.000000000000 -2.000000000000 0.003894285651
1.000000000000 -1.000000000000 0.004575378617
1.000000000000 0.000000000000 0.005257808340
1.000000000000 1.000000000000 0.004575378617
1.000000000000 2.000000000000 0.003894285651
1.000000000000 3.000000000000 0.003360063523
1.000000000000 4.000000000000 0.002944529710
1.000000000000 5.000000000000 0.002611959823
1.000000000000 6.000000000000 0.002337743059
1.000000000000 7.000000000000 0.002106081435
1.000000000000 8.000000000000 0.001906662888
1.000000000000 9.000000000000 0.001732504861
1.000000000000 10.000000000000 0.001578695853
1.000000000000 11.000000000000 0.001441660512
1.000000000000 12.000000000000 0.001318717635
1.000000000000 13.000000000000 0.001207804567
1.000000000000 14.000000000000 0.001107299202
1.000000000000 15.000000000000 0.001015901281
1.000000000000 16.000000000000 0.000932550964
1.000000000000 17.000000000000 0.000856371565
1.000000000000 18.000000000000 0.000786628387
1.000000000000 19.000000000000 0.000722698563
1.000000000000 20.000000000000 0.000664048578
1.000000000000 21.000000000000 0.000610217274
1.000000000000 22.000000000000 0.000560802815
1.000000000000 23.000000000000 0.000515452592
1.000000000000 24.000000000000 0.000473855302
1.000000000000 25.000000000000 0.000435734690
1.000000000000 26.000000000000 0.000400844569
1.000000000000 27.000000000000 0.000368964806
1.000000000000 28.000000000000 0.000339898100
1.000000000000 29.000000000000 0.000313467351
1.000000000000 30.000000000000 0.000289513521
1.000000000000 31.000000000000 0.000267893889
1.000000000000 32.000000000000 0.000248480607
1.000000000000 33.000000000000 0.000231159526
1.000000000000 34.000000000000 0.000215829227
1.000000000000 35.000000000000 0.000202400224
1.000000000000 36.000000000000 0.000190794316
1.000000000000 37.000000000000 0.000180944057
1.000000000000 38.000000000000 0.000172792339
1.000000000000 39.000000000000 0.000166292048
1.000000000000 40.000000000000 0.000161405821
1.000000000000 41.000000000000 0.000158105849
1.000000000000 42.000000000000 0.000154658919
1.000000000000 43.000000000000 0.000039345277
1.000000000000 44.000000000000 0.000008455026
1.000000000000 45.000000000000 0.000001569292
1.000000000000 46.000000000000 0.000000270830
1.000000000000 47.000000000000 0.000000024073
1.000000000000 48.000000000000 0.000000000078
1.000000000000 49.000000000000 0.000000000000
1.000000000000 50.000000000000 0.000000000000
1.000000000000 51.000000000000 0.000000000000

2.000000000000 -51.000000000000 0.000000000000
2.000000000000 -50.000000000000 0.000000000000
2.000000000000 -49.000000000000 0.000000000000
2.000000000000 -48.000000000000 0.000000000078
2.000000000000 -47.000000000000 0.000000023917
2.000000000000 -46.000000000000 0.000000269214
2.000000000000 -45.000000000000 0.000001560680
2.000000000000 -44.000000000000 0.000008412844
2.000000000000 -43.000000000000 0.000039170307
2.000000000000 -42.000000000000 0.000154063321
2.000000000000 -41.000000000000 0.000157500269
2.000000000000 -40.000000000000 0.000160786926
2.000000000000 -39.000000000000 0.000165651390
2.000000000000 -38.000000000000 0.000172121196
2.000000000000 -37.000000000000 0.000180233314
2.000000000000 -36.000000000000 0.000190034326
2.000000000000 -35.000000000000 0.000201580667
2.000000000000 -34.000000000000 0.000214938946
2.000000000000 -33.000000000000 0.000230186343
2.000000000000 -32.000000000000 0.000247411115
2.000000000000 -31.000000000000 0.000266713206
2.000000000000 -30.000000000000 0.000288205005
2.000000000000 -29.000000000000 0.000312012258
2.000000000000 -28.000000000000 0.000338275179
2.000000000000 -27.000000000000 0.000367149797
2.000000000000 -26.000000000000 0.000398809601
2.000000000000 -25.000000000000 0.000433447528
2.000000000000 -24.000000000000 0.000471278409
2.000000000000 -23.000000000000 0.000512541950
2.000000000000 -22.000000000000 0.000557506415
2.000000000000 -21.000000000000 0.000606473177
2.000000000000 -20.000000000000 0.000659782387
2.000000000000 -19.000000000000 0.000717820076
2.000000000000 -18.000000000000 0.000781027126
2.000000000000 -17.000000000000 0.000849910689
2.000000000000 -16.000000000000 0.000925058862
2.000000000000 -15.000000000000 0.001007159731
2.000000000000 -14.000000000000 0.001097026347
2.000000000000 -13.000000000000 0.001195629865
2.000000000000 -12.000000000000 0.001304144027
2.000000000000 -11.000000000000 0.001424005536
2.000000000000 -10.000000000000 0.001556996781
2.000000000000 -9.000000000000 0.001705359750
2.000000000000 -8.000000000000 0.001871951876
2.000000000000 -7.000000000000 0.002060452332
2.000000000000 -6.000000000000 0.002275606942
2.000000000000 -5.000000000000 0.002523414645
2.000000000000 -4.000000000000 0.002810854784
2.000000000000 -3.000000000000 0.003143754503
2.000000000000 -2.000000000000 0.003518354845
2.000000000000 -1.000000000000 0.003894285651
2.000000000000 0.000000000000 0.004126012829
2.000000000000 1.000000000000 0.003894285651
2.000000000000 2.000000000000 0.003518354845
2.000000000000 3.000000000000 0.003143754503
2.000000000000 4.000000000000 0.002810854784
2.000000000000 5.000000000000 0.002523414645
2.000000000000 6.000000000000 0.002275606942
2.000000000000 7.000000000000 0.002060452332
2.000000000000 8.000000000000 0.001871951876
2.000000000000 9.000000000000 0.001705359750
2.000000000000 10.000000000000 0.001556996781
2.000000000000 11.000000000000 0.001424005536
2.000000000000 12.000000000000 0.001304144027
2.000000000000 13.000000000000 0.001195629865
2.000000000000 14.000000000000 0.001097026347
2.000000000000 15.000000000000 0.001007159731
2.000000000000 16.000000000000 0.000925058862
2.000000000000 17.000000000000 0.000849910689
2.000000000000 18.000000000000 0.000781027126
2.000000000000 19.000000000000 0.000717820076
2.000000000000 20.000000000000 0.000659782387
2.000000000000 21.000000000000 0.000606473177
2.000000000000 22.000000000000 0.000557506415
2.000000000000 23.000000000000 0.000512541950
2.000000000000 24.000000000000 0.000471278409
2.000000000000 25.000000000000 0.000433447528
2.000000000000 26.000000000000 0.000398809601
2.000000000000 27.000000000000 0.000367149797
2.000000000000 28.000000000000 0.000338275179
2.000000000000 29.000000000000 0.000312012258
2.000000000000 30.000000000000 0.000288205005
2.000000000000 31.000000000000 0.000266713206
2.000000000000 32.000000000000 0.000247411115
2.000000000000 33.000000000000 0.000230186343
2.000000000000 34.000000000000 0.000214938946
2.000000000000 35.000000000000 0.000201580667
2.000000000000 36.000000000000 0.000190034326
2.000000000000 37.000000000000 0.000180233314
2.000000000000 38.000000000000 0.000172121196
2.000000000000 39.000000000000 0.000165651390
2.000000000000 40.000000000000 0.000160786926
2.000000000000 41.000000000000 0.000157500269
2.000000000000 42.000000000000 0.000154063321
2.000000000000 43.000000000000 0.000039170307
2.000000000000 44.000000000000 0.000008412844
2.000000000000 45.000000000000 0.000001560680
2.000000000000 46.000000000000 0.000000269214
2.000000000000 47.000000000000 0.000000023917
2.000000000000 48.000000000000 0.000000000078
2.000000000000 49.000000000000 0.000000000000
2.000000000000 50.000000000000 0.000000000000
2.000000000000 51.000000000000 0.000000000000

3.000000000000 -51.000000000000 0.000000000000
3.000000000000 -50.000000000000 0.000000000000
3.000000000000 -49.000000000000 0.000000000000
3.000000000000 -48.000000000000 0.000000000077
3.000000000000 -47.000000000000 0.000000023659
3.000000000000 -46.000000000000 0.000000266543
3.000000000000 -45.000000000000 0.000001546445
3.000000000000 -44.000000000000 0.000008343067
3.000000000000 -43.000000000000 0.000038880661
3.000000000000 -42.000000000000 0.000153076593
3.000000000000 -41.000000000000 0.000156496983
3.000000000000 -40.000000000000 0.000159761608
3.000000000000 -39.000000000000 0.000164590077
3.000000000000 -38.000000000000 0.000171009482
3.000000000000 -37.000000000000 0.000179056143
3.000000000000 -36.000000000000 0.000188775774
3.000000000000 -35.000000000000 0.000200223704
3.000000000000 -34.000000000000 0.000213465171
3.000000000000 -33.000000000000 0.000228575684
3.000000000000 -32.000000000000 0.000245641488
3.000000000000 -31.000000000000 0.000264760120
3.000000000000 -30.000000000000 0.000286041095
3.000000000000 -29.000000000000 0.000309606733
3.000000000000 -28.000000000000 0.000335593163
3.000000000000 -27.000000000000 0.000364151531
3.000000000000 -26.000000000000 0.000395449462
3.000000000000 -25.000000000000 0.000429672831
3.000000000000 -24.000000000000 0.000467027905
3.000000000000 -23.000000000000 0.000507743951
3.000000000000 -22.000000000000 0.000552076400
3.000000000000 -21.000000000000 0.000600310736
3.000000000000 -20.000000000000 0.000652767248
3.000000000000 -19.000000000000 0.000709806894
3.000000000000 -18.000000000000 0.000771838560
3.000000000000 -17.000000000000 0.000839328063
3.000000000000 -16.000000000000 0.000912809391
3.000000000000 -15.000000000000 0.000992898746
3.000000000000 -14.000000000000 0.001080312119
3.000000000000 -13.000000000000 0.001175887227
3.000000000000 -12.000000000000 0.001280610653
3.000000000000 -11.000000000000 0.001395650708
3.000000000000 -10.000000000000 0.001522395371
3.000000000000 -9.000000000000 0.001662491332
3.000000000000 -8.000000000000 0.001817871607
3.000000000000 -7.000000000000 0.001990737934
3.000000000000 -6.000000000000 0.002183412773
3.000000000000 -5.000000000000 0.002397854482
3.000000000000 -4.000000000000 0.002634356254
3.000000000000 -3.000000000000 0.002888395353
3.000000000000 -2.000000000000 0.003143754503
3.000000000000 -1.000000000000 0.003360063523
3.000000000000 0.000000000000 0.003460340985
3.000000000000 1.000000000000 0.003360063523
3.000000000000 2.000000000000 0.003143754503
3.000000000000 3.000000000000 0.002888395353
3.000000000000 4.000000000000 0.002634356254
3.000000000000 5.000000000000 0.002397854482
3.000000000000 6.000000000000 0.002183412773
3.000000000000 7.000000000000 0.001990737934
3.000000000000 8.000000000000 0.001817871607
3.000000000000 9.000000000000 0.001662491332
3.000000000000 10.000000000000 0.001522395371
3.000000000000 11.000000000000 0.001395650708
3.000000000000 12.000000000000 0.001280610653
3.000000000000 13.000000000000 0.001175887227
3.000000000000 14.000000000000 0.001080312119
3.000000000000 15.000000000000 0.000992898746
3.000000000000 16.000000000000 0.000912809391
3.000000000000 17.000000000000 0.000839328063
3.000000000000 18.000000000000 0.000771838560
3.000000000000 19.000000000000 0.000709806894
3.000000000000 20.000000000000 0.000652767248
3.000000000000 21.000000000000 0.000600310736
3.000000000000 22.000000000000 0.000552076400
3.000000000000 23.000000000000 0.000507743951
3.000000000000 24.000000000000 0.000467027905
3.000000000000 25.000000000000 0.000429672831
3.000000000000 26.000000000000 0.000395449462
3.000000000000 27.000000000000 0.000364151531
3.000000000000 28.000000000000 0.000335593163
3.000000000000 29.000000000000 0.000309606733
3.000000000000 30.000000000000 0.000286041095
3.000000000000 31.000000000000 0.000264760120
3.000000000000 32.000000000000 0.000245641488
3.000000000000 33.000000000000 0.000228575684
3.000000000000 34.000000000000 0.000213465171
3.000000000000 35.000000000000 0.000200223704
3.000000000000 36.000000000000 0.000188775774
3.000000000000 37.000000000000 0.000179056143
3.000000000000 38.000000000000 0.000171009482
3.000000000000 39.000000000000 0.000164590077
3.000000000000 40.000000000000 0.000159761608
3.000000000000 41.000000000000 0.000156496983
3.000000000000 42.000000000000 0.000153076593
3.000000000000 43.000000000000 0.000038880661
3.000000000000 44.000000000000 0.000008343067
3.000000000000 45.000000000000 0.000001546445
3.000000000000 46.000000000000 0.000000266543
3.000000000000 47.000000000000 0.000000023659
3.000000000000 48.000000000000 0.000000000077
3.000000000000 49.000000000000 0.000000000000
3.000000000000 50.000000000000 0.000000000000
3.000000000000 51.000000000000 0.000000000000

4.000000000000 -51.000000000000 0.000000000000
4.000000000000 -50.000000000000 0.000000000000
4.000000000000 -49.000000000000 0.000000000000
4.000000000000 -48.000000000000 0.000000000075
4.000000000000 -47.000000000000 0.000000023304
4.000000000000 -46.000000000000 0.000000262854
4.000000000000 -45.000000000000 0.000001526758
4.000000000000 -44.000000000000 0.000008246473
4.000000000000 -43.000000000000 0.000038479256
4.000000000000 -42.000000000000 0.000151707539
4.000000000000 -41.000000000000 0.000155104911
4.000000000000 -40.000000000000 0.000158339017
4.000000000000 -39.000000000000 0.000163117672
4.000000000000 -38.000000000000 0.000169467358
4.000000000000 -37.000000000000 0.000177423508
4.000000000000 -36.000000000000 0.000187030649
4.000000000000 -35.000000000000 0.000198342600
4.000000000000 -34.000000000000 0.000211422726
4.000000000000 -33.000000000000 0.000226344261
4.000000000000 -32.000000000000 0.000243190712
4.000000000000 -31.000000000000 0.000262056342
4.000000000000 -30.000000000000 0.000283046767
4.000000000000 -29.000000000000 0.000306279669
4.000000000000 -28.000000000000 0.000331885653
4.000000000000 -27.000000000000 0.000360009281
4.000000000000 -26.000000000000 0.000390810296
4.000000000000 -25.000000000000 0.000424465104
4.000000000000 -24.000000000000 0.000461168535
4.000000000000 -23.000000000000 0.000501135959
4.000000000000 -22.000000000000 0.000544605815
4.000000000000 -21.000000000000 0.000591842643
4.000000000000 -20.000000000000 0.000643140711
4.000000000000 -19.000000000000 0.000698828354
4.000000000000 -18.000000000000 0.000759273150
4.000000000000 -17.000000000000 0.000824888050
4.000000000000 -16.000000000000 0.000896138592
4.000000000000 -15.000000000000 0.000973551230
4.000000000000 -14.000000000000 0.001057722673
4.000000000000 -13.000000000000 0.001149329784
4.000000000000 -12.000000000000 0.001249138858
4.000000000000 -11.000000000000 0.001358011622
4.000000000000 -10.000000000000 0.001476902358
4.000000000000 -9.000000000000 0.001606834622
4.000000000000 -8.000000000000 0.001748834402
4.000000000000 -7.000000000000 0.001903773809
4.000000000000 -6.000000000000 0.002072036594
4.000000000000 -5.000000000000 0.002252841446
4.000000000000 -4.000000000000 0.002442946036
4.000000000000 -3.000000000000 0.002634356254
4.000000000000 -2.000000000000 0.002810854784
4.000000000000 -1.000000000000 0.002944529710
4.000000000000 0.000000000000 0.002997882910
4.000000000000 1.000000000000 0.002944529710
4.000000000000 2.000000000000 0.002810854784
4.000000000000 3.000000000000 0.002634356254
4.000000000000 4.000000000000 0.002442946036
4.000000000000 5.000000000000 0.002252841446
4.000000000000 6.000000000000 0.002072036594
4.000000000000 7.000000000000 0.001903773809
4.000000000000 8.000000000000 0.001748834402
4.000000000000 9.000000000000 0.001606834622
4.000000000000 10.000000000000 0.001476902358
4.000000000000 11.000000000000 0.001358011622
4.000000000000 12.000000000000 0.001249138858
4.000000000000 13.000000000000 0.001149329784
4.000000000000 14.000000000000 0.001057722673
4.000000000000 15.000000000000 0.000973551230
4.000000000000 16.000000000000 0.000896138592
4.000000000000 17.000000000000 0.000824888050
4.000000000000 18.000000000000 0.000759273150
4.000000000000 19.000000000000 0.000698828354
4.000000000000 20.000000000000 0.000643140711
4.000000000000 21.000000000000 0.000591842643
4.000000000000 22.000000000000 0.000544605815
4.000000000000 23.000000000000 0.000501135959
4.000000000000 24.000000000000 0.000461168535
4.000000000000 25.000000000000 0.000424465104
4.000000000000 26.000000000000 0.000390810296
4.000000000000 27.000000000000 0.000360009281
4.000000000000 28.000000000000 0.000331885653
4.000000000000 29.000000000000 0.000306279669
4.000000000000 30.000000000000 0.000283046767
4.000000000000 31.000000000000 0.000262056342
4.000000000000 32.000000000000 0.000243190712
4.000000000000 33.000000000000 0.000226344261
4.000000000000 34.000000000000 0.000211422726
4.000000000000 35.000000000000 0.000198342600
4.000000000000 36.000000000000 0.000187030649
4.000000000000 37.000000000000 0.000177423508
4.000000000000 38.000000000000 0.000169467358
4.000000000000 39.000000000000 0.000163117672
4.000000000000 40.000000000000 0.000158339017
4.000000000000 41.000000000000 0.000155104911
4.000000000000 42.000000000000 0.000151707539
4.000000000000 43.000000000000 0.000038479256
4.000000000000 44.000000000000 0.000008246473
4.000000000000 45.000000000000 0.000001526758
4.000000000000 46.000000000000 0.000000262854
4.000000000000 47.000000000000 0.000000023304
4.000000000000 48.000000000000 0.000000000075
4.000000000000 49.000000000000 0.000000000000
4.000000000000 50.000000000000 0.000000000000
4.000000000000 51.000000000000 0.000000000000

5.000000000000 -51.000000000000 0.000000000000
5.000000000000 -50.000000000000 0.000000000000
5.000000000000 -49.000000000000 0.000000000000
5.000000000000 -48.000000000000 0.000000000074
5.000000000000 -47.000000000000 0.000000022856
5.000000000000 -46.000000000000 0.000000258195
5.000000000000 -45.000000000000 0.000001501857
5.000000000000 -44.000000000000 0.000008124130
5.000000000000 -43.000000000000 0.000037970099
5.000000000000 -42.000000000000 0.000149968280
5.000000000000 -41.000000000000 0.000153336337
5.000000000000 -40.000000000000 0.000156531755
5.000000000000 -39.000000000000 0.000161247338
5.000000000000 -38.000000000000 0.000167508805
5.000000000000 -37.000000000000 0.000175350485
5.000000000000 -36.000000000000 0.000184815425
5.000000000000 -35.000000000000 0.000195955565
5.000000000000 -34.000000000000 0.000208831946
5.000000000000 -33.000000000000 0.000223514977
5.000000000000 -32.000000000000 0.000240084773
5.000000000000 -31.000000000000 0.000258631552
5.000000000000 -30.000000000000 0.000279256118
5.000000000000 -29.000000000000 0.000302070448
5.000000000000 -28.000000000000 0.000327198370
5.000000000000 -27.000000000000 0.000354776390
5.000000000000 -26.000000000000 0.000384954646
5.000000000000 -25.000000000000 0.000417898049
5.000000000000 -24.000000000000 0.000453787608
5.000000000000 -23.000000000000 0.000492821990
5.000000000000 -22.000000000000 0.000535219323
5.000000000000 -21.000000000000 0.000581219284
5.000000000000 -20.000000000000 0.000631085489
5.000000000000 -19.000000000000 0.000685108180
5.000000000000 -18.000000000000 0.000743607193
5.000000000000 -17.000000000000 0.000806935108
5.000000000000 -16.000000000000 0.000875480391
5.000000000000 -15.000000000000 0.000949670115
5.000000000000 -14.000000000000 0.001029971527
5.000000000000 -13.000000000000 0.001116891088
5.000000000000 -12.000000000000 0.001210968536
5.000000000000 -11.000000000000 0.001312761644
5.000000000000 -10.000000000000 0.001422814027
5.000000000000 -9.000000000000 0.001541592734
5.000000000000 -8.000000000000 0.001669372825
5.000000000000 -7.000000000000 0.001806031071
5.000000000000 -6.000000000000 0.001950689045
5.000000000000 -5.000000000000 0.002101121575
5.000000000000 -4.000000000000 0.002252841446
5.000000000000 -3.000000000000 0.002397854482
5.000000000000 -2.000000000000 0.002523414645
5.000000000000 -1.000000000000 0.002611959823
5.000000000000 0.000000000000 0.002644775514
5.000000000000 1.000000000000 0.002611959823
5.000000000000 2.000000000000 0.002523414645
5.000000000000 3.000000000000 0.002397854482
5.000000000000 4.000000000000 0.002252841446
5.000000000000 5.000000000000 0.002101121575
5.000000000000 6.000000000000 0.001950689045
5.000000000000 7.000000000000 0.001806031071
5.000000000000 8.000000000000 0.001669372825
5.000000000000 9.000000000000 0.001541592734
5.000000000000 10.000000000000 0.001422814027
5.000000000000 11.000000000000 0.001312761644
5.000000000000 12.000000000000 0.001210968536
5.000000000000 13.000000000000 0.001116891088
5.000000000000 14.000000000000 0.001029971527
5.000000000000 15.000000000000 0.000949670115
5.000000000000 16.000000000000 0.000875480391
5.000000000000 17.000000000000 0.000806935108
5.000000000000 18.000000000000 0.000743607193
5.000000000000 19.000000000000 0.000685108180
5.000000000000 20.000000000000 0.000631085489
5.000000000000 21.000000000000 0.000581219284
5.000000000000 22.000000000000 0.000535219323
5.000000000000 23.000000000000 0.000492821990
5.000000000000 24.000000000000 0.000453787608
5.000000000000 25.000000000000 0.000417898049
5.000000000000 26.000000000000 0.000384954646
5.000000000000 27.000000000000 0.000354776390
5.000000000000 28.000000000000 0.000327198370
5.000000000000 29.000000000000 0.000302070448
5.000000000000 30.000000000000 0.000279256118
5.000000000000 31.000000000000 0.000258631552
5.000000000000 32.000000000000 0.000240084773
5.000000000000 33.000000000000 0.000223514977
5.000000000000 34.000000000000 0.000208831946
5.000000000000 35.000000000000 0.000195955565
5.000000000000 36.000000000000 0.000184815425
5.000000000000 37.000000000000 0.000175350485
5.000000000000 38.000000000000 0.000167508805
5.000000000000 39.000000000000 0.000161247338
5.000000000000 40.000000000000 0.000156531755
5.000000000000 41.000000000000 0.000153336337
5.000000000000 42.000000000000 0.000149968280
5.000000000000 43.000000000000 0.000037970099
5.000000000000 44.000000000000 0.000008124130
5.000000000000 45.000000000000 0.000001501857
5.000000000000 46.000000000000 0.000000258195
5.000000000000 47.000000000000 0.000000022856
5.000000000000 48.000000000000 0.000000000074
5.000000000000 49.000000000000 0.000000000000
5.000000000000 50.000000000000 0.000000000000
5.000000000000 51.000000000000 0.000000000000

6.000000000000 -51.000000000000 0.000000000000
6.000000000000 -50.000000000000 0.000000000000
6.000000000000 -49.000000000000 0.000000000000
6.000000000000 -48.000000000000 0.000000000072
6.000000000000 -47.000000000000 0.000000022321
6.000000000000 -46.000000000000 0.000000252624
6.000000000000 -45.000000000000 0.000001472038
6.000000000000 -44.000000000000 0.000007977370
6.000000000000 -43.000000000000 0.000037358215
6.000000000000 -42.000000000000 0.000147874060
6.000000000000 -41.000000000000 0.000151206708
6.000000000000 -40.000000000000 0.000154355668
6.000000000000 -39.000000000000 0.000158995619
6.000000000000 -38.000000000000 0.000165151388
6.000000000000 -37.000000000000 0.000172855998
6.000000000000 -36.000000000000 0.000182150762
6.000000000000 -35.000000000000 0.000193085415
6.000000000000 -34.000000000000 0.000205718274
6.000000000000 -33.000000000000 0.000220116448
6.000000000000 -32.000000000000 0.000236356093
6.000000000000 -31.000000000000 0.000254522717
6.000000000000 -30.000000000000 0.000274711543
6.000000000000 -29.000000000000 0.000297027939
6.000000000000 -28.000000000000 0.000321587922
6.000000000000 -27.000000000000 0.000348518740
6.000000000000 -26.000000000000 0.000377959545
6.000000000000 -25.000000000000 0.000410062164
6.000000000000 -24.000000000000 0.000444991963
6.000000000000 -23.000000000000 0.000482928822
6.000000000000 -22.000000000000 0.000524068187
6.000000000000 -21.000000000000 0.000568622200
6.000000000000 -20.000000000000 0.000616820838
6.000000000000 -19.000000000000 0.000668912990
6.000000000000 -18.000000000000 0.000725167304
6.000000000000 -17.000000000000 0.000785872558
6.000000000000 -16.000000000000 0.000851337126
6.000000000000 -15.000000000000 0.000921886851
6.000000000000 -14.000000000000 0.000997860199
6.000000000000 -13.000000000000 0.001079598888
6.000000000000 -12.000000000000 0.001167431084
6.000000000000 -11.000000000000 0.001261642538
6.000000000000 -10.000000000000 0.001362428384
6.000000000000 -9.000000000000 0.001469814348
6.000000000000 -8.000000000000 0.001583530666
6.000000000000 -7.000000000000 0.001702815480
6.000000000000 -6.000000000000 0.001826119571
6.000000000000 -5.000000000000 0.001950689045
6.000000000000 -4.000000000000 0.002072036594
6.000000000000 -3.000000000000 0.002183412773
6.000000000000 -2.000000000000 0.002275606942
6.000000000000 -1.000000000000 0.002337743059
6.000000000000 0.000000000000 0.002359925202
6.000000000000 1.000000000000 0.002337743059
6.000000000000 2.000000000000 0.002275606942
6.000000000000 3.000000000000 0.002183412773
6.000000000000 4.000000000000 0.002072036594
6.000000000000 5.000000000000 0.001950689045
6.000000000000 6.000000000000 0.001826119571
6.000000000000 7.000000000000 0.001702815480
6.000000000000 8.000000000000 0.001583530666
6.000000000000 9.000000000000 0.001469814348
6.000000000000 10.000000000000 0.001362428384
6.000000000000 11.000000000000 0.001261642538
6.000000000000 12.000000000000 0.001167431084
6.000000000000 13.000000000000 0.001079598888
6.000000000000 14.000000000000 0.000997860199
6.000000000000 15.000000000000 0.000921886851
6.000000000000 16.000000000000 0.000851337126
6.000000000000 17.000000000000 0.000785872558
6.000000000000 18.000000000000 0.000725167304
6.000000000000 19.000000000000 0.000668912990
6.000000000000 20.000000000000 0.000616820838
6.000000000000 21.000000000000 0.000568622200
6.000000000000 22.000000000000 0.000524068187
6.000000000000 23.000000000000 0.000482928822
6.000000000000 24.000000000000 0.000444991963
6.000000000000 25.000000000000 0.000410062164
6.000000000000 26.000000000000 0.000377959545
6.000000000000 27.000000000000 0.000348518740
6.000000000000 28.000000000000 0.000321587922
6.000000000000 29.000000000000 0.000297027939
6.000000000000 30.000000000000 0.000274711543
6.000000000000 31.000000000000 0.000254522717
6.000000000000 32.000000000000 0.000236356093
6.000000000000 33.000000000000 0.000220116448
6.000000000000 34.000000000000 0.000205718274
6.000000000000 35.000000000000 0.000193085415
6.000000000000 36.000000000000 0.000182150762
6.000000000000 37.000000000000 0.000172855998
6.000000000000 38.000000000000 0.000165151388
6.000000000000 39.000000000000 0.000158995619
6.000000000000 40.000000000000 0.000154355668
6.000000000000 41.000000000000 0.000151206708
6.000000000000 42.000000000000 0.000147874060
6.000000000000 43.000000000000 0.000037358215
6.000000000000 44.000000000000 0.000007977370
6.000000000000 45.000000000000 0.000001472038
6.000000000000 46.000000000000 0.000000252624
6.000000000000 47.000000000000 0.000000022321
6.000000000000 48.000000000000 0.000000000072
6.000000000000 49.000000000000 0.000000000000
6.000000000000 50.000000000000 0.000000000000
6.000000000000 51.000000000000 0.000000000000

7.000000000000 -51.000000000000 0.000000000000
7.000000000000 -50.000000000000 0.000000000000
7.000000000000 -49.000000000000 0.000000000000
7.000000000000 -48.000000000000 0.000000000070
7.000000000000 -47.000000000000 0.000000021706
7.000000000000 -46.000000000000 0.000000246211
7.000000000000 -45.000000000000 0.000001437647
7.000000000000 -44.000000000000 0.000007807768
7.000000000000 -43.000000000000 0.000036649551
7.000000000000 -42.000000000000 0.000145443006
7.000000000000 -41.000000000000 0.000148734397
7.000000000000 -40.000000000000 0.000151829593
7.000000000000 -39.000000000000 0.000156382177
7.000000000000 -38.000000000000 0.000162415961
7.000000000000 -37.000000000000 0.000169962496
7.000000000000 -36.000000000000 0.000179061141
7.000000000000 -35.000000000000 0.000189759147
7.000000000000 -34.000000000000 0.000202111773
7.000000000000 -33.000000000000 0.000216182428
7.000000000000 -32.000000000000 0.000232042845
7.000000000000 -31.000000000000 0.000249773277
7.000000000000 -30.000000000000 0.000269462743
7.000000000000 -29.000000000000 0.000291209297
7.000000000000 -28.000000000000 0.000315120334
7.000000000000 -27.000000000000 0.000341312942
7.000000000000 -26.000000000000 0.000369914272
7.000000000000 -25.000000000000 0.000401061941
7.000000000000 -24.000000000000 0.000434904439
7.000000000000 -23.000000000000 0.000471601526
7.000000000000 -22.000000000000 0.000511324561
7.000000000000 -21.000000000000 0.000554256721
7.000000000000 -20.000000000000 0.000600592984
7.000000000000 -19.000000000000 0.000650539742
7.000000000000 -18.000000000000 0.000704313793
7.000000000000 -17.000000000000 0.000762140353
7.000000000000 -16.000000000000 0.000824249545
7.000000000000 -15.000000000000 0.000890870543
7.000000000000 -14.000000000000 0.000962222126
7.000000000000 -13.000000000000 0.001038497802
7.000000000000 -12.000000000000 0.001119842763
7.000000000000 -11.000000000000 0.001206318701
7.000000000000 -10.000000000000 0.001297850817
7.000000000000 -9.000000000000 0.001394149375
7.000000000000 -8.000000000000 0.001494596182
7.000000000000 -7.000000000000 0.001598085844
7.000000000000 -6.000000000000 0.001702815480
7.000000000000 -5.000000000000 0.001806031071
7.000000000000 -4.000000000000 0.001903773809
7.000000000000 -3.000000000000 0.001990737934
7.000000000000 -2.000000000000 0.002060452332
7.000000000000 -1.000000000000 0.002106081435
7.000000000000 0.000000000000 0.002122042393
7.000000000000 1.000000000000 0.002106081435
7.000000000000 2.000000000000 0.002060452332
7.000000000000 3.000000000000 0.001990737934
7.000000000000 4.000000000000 0.001903773809
7.000000000000 5.000000000000 0.001806031071
7.000000000000 6.000000000000 0.001702815480
7.000000000000 7.000000000000 0.001598085844
7.000000000000 8.000000000000 0.001494596182
7.000000000000 9.000000000000 0.001394149375
7.000000000000 10.000000000000 0.001297850817
7.000000000000 11.000000000000 0.001206318701
7.000000000000 12.000000000000 0.001119842763
7.000000000000 13.000000000000 0.001038497802
7.000000000000 14.000000000000 0.000962222126
7.000000000000 15.000000000000 0.000890870543
7.000000000000 16.000000000000 0.000824249545
7.000000000000 17.000000000000 0.000762140353
7.000000000000 18.000000000000 0.000704313793
7.000000000000 19.000000000000 0.000650539742
7.000000000000 20.000000000000 0.000600592984
7.000000000000 21.000000000000 0.000554256721
7.000000000000 22.000000000000 0.000511324561
7.000000000000 23.000000000000 0.000471601526
7.000000000000 24.000000000000 0.000434904439
7.000000000000 25.000000000000 0.000401061941
7.000000000000 26.000000000000 0.000369914272
7.000000000000 27.000000000000 0.000341312942
7.000000000000 28.000000000000 0.000315120334
7.000000000000 29.000000000000 0.000291209297
7.000000000000 30.000000000000 0.000269462743
7.000000000000 31.000000000000 0.000249773277
7.000000000000 32.000000000000 0.000232042845
7.000000000000 33.000000000000 0.000216182428
7.000000000000 34.000000000000 0.000202111773
7.000000000000 35.000000000000 0.000189759147
7.000000000000 36.000000000000 0.000179061141
7.000000000000 37.000000000000 0.000169962496
7.000000000000 38.000000000000 0.000162415961
7.000000000000 39.000000000000 0.000156382177
7.000000000000 40.000000000000 0.000151829593
7.000000000000 41.000000000000 0.000148734397
7.000000000000 42.000000000000 0.000145443006
7.000000000000 43.000000000000 0.000036649551
7.000000000000 44.000000000000 0.000007807768
7.000000000000 45.000000000000 0.000001437647
7.000000000000 46.000000000000 0.000000246211
7.000000000000 47.000000000000 0.000000021706
7.000000000000 48.000000000000 0.000000000070
7.000000000000 49.000000000000 0.000000000000
7.000000000000 50.000000000000 0.000000000000
7.000000000000 51.000000000000 0.000000000000

8.000000000000 -51.000000000000 0.000000000000
8.000000000000 -50.000000000000 0.000000000000
8.000000000000 -49.000000000000 0.000000000000
8.000000000000 -48.000000000000 0.000000000067
8.000000000000 -47.000000000000 0.000000021020
8.000000000000 -46.000000000000 0.000000239036
8.000000000000 -45.000000000000 0.000001399078
8.000000000000 -44.000000000000 0.000007617105
8.000000000000 -43.000000000000 0.000035850878
8.000000000000 -42.000000000000 0.000142695842
8.000000000000 -41.000000000000 0.000145940410
8.000000000000 -40.000000000000 0.000148975070
8.000000000000 -39.000000000000 0.000153429477
8.000000000000 -38.000000000000 0.000159326333
8.000000000000 -37.000000000000 0.000166695580
8.000000000000 -36.000000000000 0.000175574439
8.000000000000 -35.000000000000 0.000186007455
8.000000000000 -34.000000000000 0.000198046562
8.000000000000 -33.000000000000 0.000211751154
8.000000000000 -32.000000000000 0.000227188173
8.000000000000 -31.000000000000 0.000244432210
8.000000000000 -30.000000000000 0.000263565615
8.000000000000 -29.000000000000 0.000284678610
8.000000000000 -28.000000000000 0.000307869411
8.000000000000 -27.000000000000 0.000333244334
8.000000000000 -26.000000000000 0.000360917887
8.000000000000 -25.000000000000 0.000391012815
8.000000000000 -24.000000000000 0.000423660076
8.000000000000 -23.000000000000 0.000458998705
8.000000000000 -22.000000000000 0.000497175483
8.000000000000 -21.000000000000 0.000538344350
8.000000000000 -20.000000000000 0.000582665389
8.000000000000 -19.000000000000 0.000630303215
8.000000000000 -18.000000000000 0.000681424472
8.000000000000 -17.000000000000 0.000736194036
8.000000000000 -16.000000000000 0.000794769353
8.000000000000 -15.000000000000 0.000857292089
8.000000000000 -14.000000000000 0.000923875938
8.000000000000 -13.000000000000 0.000994588971
8.000000000000 -12.000000000000 0.001069428344
8.000000000000 -11.000000000000 0.001148284421
8.000000000000 -10.000000000000 0.001230890690
8.000000000000 -9.000000000000 0.001316755250
8.000000000000 -8.000000000000 0.001405070029
8.000000000000 -7.000000000000 0.001494596182
8.000000000000 -6.000000000000 0.001583530666
8.000000000000 -5.000000000000 0.001669372825
8.000000000000 -4.000000000000 0.001748834402
8.000000000000 -3.000000000000 0.001817871607
8.000000000000 -2.000000000000 0.001871951876
8.000000000000 -1.000000000000 0.001906662888
8.000000000000 0.000000000000 0.001918658455
8.000000000000 1.000000000000 0.001906662888
8.000000000000 2.000000000000 0.001871951876
8.000000000000 3.000000000000 0.001817871607
8.000000000000 4.000000000000 0.001748834402
8.000000000000 5.000000000000 0.001669372825
8.000000000000 6.000000000000 0.001583530666
8.000000000000 7.000000000000 0.001494596182
8.000000000000 8.000000000000 0.001405070029
8.000000000000 9.000000000000 0.001316755250
8.000000000000 10.000000000000 0.001230890690
8.000000000000 11.000000000000 0.001148284421
8.000000000000 12.000000000000 0.001069428344
8.000000000000 13.000000000000 0.000994588971
8.000000000000 14.000000000000 0.000923875938
8.000000000000 15.000000000000 0.000857292089
8.000000000000 16.000000000000 0.000794769353
8.000000000000 17.000000000000 0.000736194036
8.000000000000 18.000000000000 0.000681424472
8.000000000000 19.000000000000 0.000630303215
8.000000000000 20.000000000000 0.000582665389
8.000000000000 21.000000000000 0.000538344350
8.000000000000 22.000000000000 0.000497175483
8.000000000000 23.000000000000 0.000458998705
8.000000000000 24.000000000000 0.000423660076
8.000000000000 25.000000000000 0.000391012815
8.000000000000 26.000000000000 0.000360917887
8.000000000000 27.000000000000 0.000333244334
8.000000000000 28.000000000000 0.000307869411
8.000000000000 29.000000000000 0.000284678610
8.000000000000 30.000000000000 0.000263565615
8.000000000000 31.000000000000 0.000244432210
8.000000000000 32.000000000000 0.000227188173
8.000000000000 33.000000000000 0.000211751154
8.000000000000 34.000000000000 0.000198046562
8.000000000000 35.000000000000 0.000186007455
8.000000000000 36.000000000000 0.000175574439
8.000000000000 37.000000000000 0.000166695580
8.000000000000 38.000000000000 0.000159326333
8.000000000000 39.000000000000 0.000153429477
8.000000000000 40.000000000000 0.000148975070
8.000000000000 41.000000000000 0.000145940410
8.000000000000 42.000000000000 0.000142695842
8.000000000000 43.000000000000 0.000035850878
8.000000000000 44.000000000000 0.000007617105
8.000000000000 45.000000000000 0.000001399078
8.000000000000 46.000000000000 0.000000239036
8.000000000000 47.000000000000 0.000000021020
8.000000000000 48.000000000000 0.000000000067
8.000000000000 49.000000000000 0.000000000000
8.000000000000 50.000000000000 0.000000000000
8.000000000000 51.000000000000 0.000000000000

9.000000000000 -51.000000000000 0.000000000000
9.000000000000 -50.000000000000 0.000000000000
9.000000000000 -49.000000000000 0.000000000000
9.000000000000 -48.000000000000 0.000000000065
9.000000000000 -47.000000000000 0.000000020272
9.000000000000 -46.000000000000 0.000000231184
9.000000000000 -45.000000000000 0.000001356757
9.000000000000 -44.000000000000 0.000007407339
9.000000000000 -43.000000000000 0.000034969667
9.000000000000 -42.000000000000 0.000139655580
9.000000000000 -41.000000000000 0.000142848076
9.000000000000 -40.000000000000 0.000145816007
9.000000000000 -39.000000000000 0.000150162441
9.000000000000 -38.000000000000 0.000155908892
9.000000000000 -37.000000000000 0.000163083585
9.000000000000 -36.000000000000 0.000171721465
9.000000000000 -35.000000000000 0.000181864203
9.000000000000 -34.000000000000 0.000193560205
9.000000000000 -33.000000000000 0.000206864622
9.000000000000 -32.000000000000 0.000221839351
9.000000000000 -31.000000000000 0.000238553037
9.000000000000 -30.000000000000 0.000257081053
9.000000000000 -29.000000000000 0.000277505475
9.000000000000 -28.000000000000 0.000299915008
9.000000000000 -27.000000000000 0.000324404882
9.000000000000 -26.000000000000 0.000351076674
9.000000000000 -25.000000000000 0.000380038031
9.000000000000 -24.000000000000 0.000411402261
9.000000000000 -23.000000000000 0.000445287726
9.000000000000 -22.000000000000 0.000481816954
9.000000000000 -21.000000000000 0.000521115374
9.000000000000 -20.000000000000 0.000563309509
9.000000000000 -19.000000000000 0.000608524412
9.000000000000 -18.000000000000 0.000656880083
9.000000000000 -17.000000000000 0.000708486435
9.000000000000 -16.000000000000 0.000763436305
9.000000000000 -15.000000000000 0.000821795766
9.000000000000 -14.000000000000 0.000883590800
9.000000000000 -13.000000000000 0.000948789082
9.000000000000 -12.000000000000 0.001017275337
9.000000000000 -11.000000000000 0.001088818458
9.000000000000 -10.000000000000 0.001163028490
9.000000000000 -9.000000000000 0.001239301939
9.000000000000 -8.000000000000 0.001316755250
9.000000000000 -7.000000000000 0.001394149375
9.000000000000 -6.000000000000 0.001469814348
9.000000000000 -5.000000000000 0.001541592734
9.000000000000 -4.000000000000 0.001606834622
9.000000000000 -3.000000000000 0.001662491332
9.000000000000 -2.000000000000 0.001705359750
9.000000000000 -1.000000000000 0.001732504861
9.000000000000 0.000000000000 0.001741812726
9.000000000000 1.000000000000 0.001732504861
9.000000000000 2.000000000000 0.001705359750
9.000000000000 3.000000000000 0.001662491332
9.000000000000 4.000000000000 0.001606834622
9.000000000000 5.000000000000 0.001541592734
9.000000000000 6.000000000000 0.001469814348
9.000000000000 7.000000000000 0.001394149375
9.000000000000 8.000000000000 0.001316755250
9.000000000000 9.000000000000 0.001239301939
9.000000000000 10.000000000000 0.001163028490
9.000000000000 11.000000000000 0.001088818458
9.000000000000 12.000000000000 0.001017275337
9.000000000000 13.000000000000 0.000948789082
9.000000000000 14.000000000000 0.000883590800
9.000000000000 15.000000000000 0.000821795766
9.000000000000 16.000000000000 0.000763436305
9.000000000000 17.000000000000 0.000708486435
9.000000000000 18.000000000000 0.000656880083
9.000000000000 19.000000000000 0.000608524412
9.000000000000 20.000000000000 0.000563309509
9.000000000000 21.000000000000 0.000521115374
9.000000000000 22.000000000000 0.000481816954
9.000000000000 23.000000000000 0.000445287726
9.000000000000 24.000000000000 0.000411402261
9.000000000000 25.000000000000 0.000380038031
9.000000000000 26.000000000000 0.000351076674
9.000000000000 27.000000000000 0.000324404882
9.000000000000 28.000000000000 0.000299915008
9.000000000000 29.000000000000 0.000277505475
9.000000000000 30.000000000000 0.000257081053
9.000000000000 31.000000000000 0.000238553037
9.000000000000 32.000000000000 0.000221839351
9.000000000000 33.000000000000 0.000206864622
9.000000000000 34.000000000000 0.000193560205
9.000000000000 35.000000000000 0.000181864203
9.000000000000 36.000000000000 0.000171721465
9.000000000000 37.000000000000 0.000163083585
9.000000000000 38.000000000000 0.000155908892
9.000000000000 39.000000000000 0.000150162441
9.000000000000 40.000000000000 0.000145816007
9.000000000000 41.000000000000 0.000142848076
9.000000000000 42.000000000000 0.000139655580
9.000000000000 43.000000000000 0.000034969667
9.000000000000 44.000000000000 0.000007407339
9.000000000000 45.000000000000 0.000001356757
9.000000000000 46.000000000000 0.000000231184
9.000000000000 47.000000000000 0.000000020272
9.000000000000 48.000000000000 0.000000000065
9.000000000000 49.000000000000 0.000000000000
9.000000000000 50.000000000000 0.000000000000
9.000000000000 51.000000000000 0.000000000000

10.000000000000 -51.000000000000 0.000000000000
10.000000000000 -50.000000000000 0.000000000000
10.000000000000 -49.000000000000 0.000000000000
10.000000000000 -48.000000000000 0.000000000062
10.000000000000 -47.000000000000 0.000000019470
10.000000000000 -46.000000000000 0.000000222745
10.000000000000 -45.000000000000 0.000001311142
10.000000000000 -44.000000000000 0.000007180567
10.000000000000 -43.000000000000 0.000034013968
10.000000000000 -42.000000000000 0.000136347179
10.000000000000 -41.000000000000 0.000139482704
10.000000000000 -40.000000000000 0.000142378333
10.000000000000 -39.000000000000 0.000146608077
10.000000000000 -38.000000000000 0.000152192202
10.000000000000 -37.000000000000 0.000159157140
10.000000000000 -36.000000000000 0.000167535463
10.000000000000 -35.000000000000 0.000177365853
10.000000000000 -34.000000000000 0.000188693060
10.000000000000 -33.000000000000 0.000201567843
10.000000000000 -32.000000000000 0.000216046905
10.000000000000 -31.000000000000 0.000232192783
10.000000000000 -30.000000000000 0.000250073728
10.000000000000 -29.000000000000 0.000269763529
10.000000000000 -28.000000000000 0.000291341282
10.000000000000 -27.000000000000 0.000314891080
10.000000000000 -26.000000000000 0.000340501607
10.000000000000 -25.000000000000 0.000368265577
10.000000000000 -24.000000000000 0.000398279000
10.000000000000 -23.000000000000 0.000430640184
10.000000000000 -22.000000000000 0.000465448403
10.000000000000 -21.000000000000 0.000502802110
10.000000000000 -20.000000000000 0.000542796538
10.000000000000 -19.000000000000 0.000585520496
10.000000000000 -18.000000000000 0.000631052080
10.000000000000 -17.000000000000 0.000679452954
10.000000000000 -16.000000000000 0.000730760751
10.000000000000 -15.000000000000 0.000784979008
10.000000000000 -14.000000000000 0.000842063942
10.000000000000 -13.000000000000 0.000901907208
10.000000000000 -12.000000000000 0.000964313735
10.000000000000 -11.000000000000 0.001028973725
10.000000000000 -10.000000000000 0.001095428234
10.000000000000 -9.000000000000 0.001163028490
10.000000000000 -8.000000000000 0.001230890690
10.000000000000 -7.000000000000 0.001297850817
10.000000000000 -6.000000000000 0.001362428384
10.000000000000 -5.000000000000 0.001422814027
10.000000000000 -4.000000000000 0.001476902358
10.000000000000 -3.000000000000 0.001522395371
10.000000000000 -2.000000000000 0.001556996781
10.000000000000 -1.000000000000 0.001578695853
10.000000000000 0.000000000000 0.001586096479
10.000000000000 1.000000000000 0.001578695853
10.000000000000 2.000000000000 0.001556996781
10.000000000000 3.000000000000 0.001522395371
10.000000000000 4.000000000000 0.001476902358
10.000000000000 5.000000000000 0.001422814027
10.000000000000 6.000000000000 0.001362428384
10.000000000000 7.000000000000 0.001297850817
10.000000000000 8.000000000000 0.001230890690
10.000000000000 9.000000000000 0.001163028490
10.000000000000 10.000000000000 0.001095428234
10.000000000000 11.000000000000 0.001028973725
10.000000000000 12.000000000000 0.000964313735
10.000000000000 13.000000000000 0.000901907208
10.000000000000 14.000000000000 0.000842063942
10.000000000000 15.000000000000 0.000784979008
10.000000000000 16.000000000000 0.000730760751
10.000000000000 17.000000000000 0.000679452954
10.000000000000 18.000000000000 0.000631052080
10.000000000000 19.000000000000 0.000585520496
10.000000000000 20.000000000000 0.000542796538
10.000000000000 21.000000000000 0.000502802110
10.000000000000 22.000000000000 0.000465448403
10.000000000000 23.000000000000 0.000430640184
10.000000000000 24.000000000000 0.000398279000
10.000000000000 25.000000000000 0.000368265577
10.000000000000 26.000000000000 0.000340501607
10.000000000000 27.000000000000 0.000314891080
10.000000000000 28.000000000000 0.000291341282
10.000000000000 29.000000000000 0.000269763529
10.000000000000 30.000000000000 0.000250073728
10.000000000000 31.000000000000 0.000232192783
10.000000000000 32.000000000000 0.000216046905
10.000000000000 33.000000000000 0.000201567843
10.000000000000 34.000000000000 0.000188693060
10.000000000000 35.000000000000 0.000177365853
10.000000000000 36.000000000000 0.000167535463
10.000000000000 37.000000000000 0.000159157140
10.000000000000 38.000000000000 0.000152192202
10.000000000000 39.000000000000 0.000146608077
10.000000000000 40.000000000000 0.000142378333
10.000000000000 41.000000000000 0.000139482704
10.000000000000 42.000000000000 0.000136347179
10.000000000000 43.000000000000 0.000034013968
10.000000000000 44.000000000000 0.000007180567
10.000000000000 45.000000000000 0.000001311142
10.000000000000 46.000000000000 0.000000222745
10.000000000000 47.000000000000 0.000000019470
10.000000000000 48.000000000000 0.000000000062
10.000000000000 49.000000000000 0.000000000000
10.000000000000 50.000000000000 0.000000000000
10.000000000000 51.000000000000 0.000000000000

11.000000000000 -51.000000000000 0.000000000000
11.000000000000 -50.000000000000 0.000000000000
11.000000000000 -49.000000000000 0.000000000000
11.000000000000 -48.000000000000 0.000000000059
11.000000000000 -47.000000000000 0.000000018624
11.000000000000 -46.000000000000 0.000000213813
11.000000000000 -45.000000000000 0.000001262709
11.000000000000 -44.000000000000 0.000006938988
11.000000000000 -43.000000000000 0.000032992282
11.000000000000 -42.000000000000 0.000132797193
11.000000000000 -41.000000000000 0.000135871224
11.000000000000 -40.000000000000 0.000138689630
11.000000000000 -39.000000000000 0.000142795089
11.000000000000 -38.000000000000 0.000148206586
11.000000000000 -37.000000000000 0.000154948708
11.000000000000 -36.000000000000 0.000163051602
11.000000000000 -35.000000000000 0.000172550895
11.000000000000 -34.000000000000 0.000183487617
11.000000000000 -33.000000000000 0.000195908076
11.000000000000 -32.000000000000 0.000209863718
11.000000000000 -31.000000000000 0.000225410941
11.000000000000 -30.000000000000 0.000242610861
11.000000000000 -29.000000000000 0.000261529015
11.000000000000 -28.000000000000 0.000282234985
11.000000000000 -27.000000000000 0.000304801923
11.000000000000 -26.000000000000 0.000329305935
11.000000000000 -25.000000000000 0.000355825303
11.000000000000 -24.000000000000 0.000384439478
11.000000000000 -23.000000000000 0.000415227791
11.000000000000 -22.000000000000 0.000448267780
11.000000000000 -21.000000000000 0.000483633046
11.000000000000 -20.000000000000 0.000521390469
11.000000000000 -19.000000000000 0.000561596618
11.000000000000 -18.000000000000 0.000604293128
11.000000000000 -17.000000000000 0.000649500739
11.000000000000 -16.000000000000 0.000697211665
11.000000000000 -15.000000000000 0.000747379865
11.000000000000 -14.000000000000 0.000799908762
11.000000000000 -13.000000000000 0.000854635909
11.000000000000 -12.000000000000 0.000911314182
11.000000000000 -11.000000000000 0.000969589279
11.000000000000 -10.000000000000 0.001028973725
11.000000000000 -9.000000000000 0.001088818458
11.000000000000 -8.000000000000 0.001148284421
11.000000000000 -7.000000000000 0.001206318701
11.000000000000 -6.000000000000 0.001261642538
11.000000000000 -5.000000000000 0.001312761644
11.000000000000 -4.000000000000 0.001358011622
11.000000000000 -3.000000000000 0.001395650708
11.000000000000 -2.000000000000 0.001424005536
11.000000000000 -1.000000000000 0.001441660512
11.000000000000 0.000000000000 0.001447658653
11.000000000000 1.000000000000 0.001441660512
11.000000000000 2.000000000000 0.001424005536
11.000000000000 3.000000000000 0.001395650708
11.000000000000 4.000000000000 0.001358011622
11.000000000000 5.000000000000 0.001312761644
11.000000000000 6.000000000000 0.001261642538
11.000000000000 7.000000000000 0.001206318701
11.000000000000 8.000000000000 0.001148284421
11.000000000000 9.000000000000 0.001088818458
11.000000000000 10.000000000000 0.001028973725
11.000000000000 11.000000000000 0.000969589279
11.000000000000 12.000000000000 0.000911314182
11.000000000000 13.000000000000 0.000854635909
11.000000000000 14.000000000000 0.000799908762
11.000000000000 15.000000000000 0.000747379865
11.000000000000 16.000000000000 0.000697211665
11.000000000000 17.000000000000 0.000649500739
11.000000000000 18.000000000000 0.000604293128
11.000000000000 19.000000000000 0.000561596618
11.000000000000 20.000000000000 0.000521390469
11.000000000000 21.000000000000 0.000483633046
11.000000000000 22.000000000000 0.000448267780
11.000000000000 23.000000000000 0.000415227791
11.000000000000 24.000000000000 0.000384439478
11.000000000000 25.000000000000 0.000355825303
11.000000000000 26.000000000000 0.000329305935
11.000000000000 27.000000000000 0.000304801923
11.000000000000 28.000000000000 0.000282234985
11.000000000000 29.000000000000 0.000261529015
11.000000000000 30.000000000000 0.000242610861
11.000000000000 31.000000000000 0.000225410941
11.000000000000 32.000000000000 0.000209863718
11.000000000000 33.000000000000 0.000195908076
11.000000000000 34.000000000000 0.000183487617
11.000000000000 35.000000000000 0.000172550895
11.000000000000 36.000000000000 0.000163051602
11.000000000000 37.000000000000 0.000154948708
11.000000000000 38.000000000000 0.000148206586
11.000000000000 39.000000000000 0.000142795089
11.000000000000 40.000000000000 0.000138689630
11.000000000000 41.000000000000 0.000135871224
11.000000000000 42.000000000000 0.000132797193
11.000000000000 43.000000000000 0.000032992282
11.000000000000 44.000000000000 0.000006938988
11.000000000000 45.000000000000 0.000001262709
11.000000000000 46.000000000000 0.000000213813
11.000000000000 47.000000000000 0.000000018624
11.000000000000 48.000000000000 0.000000000059
11.000000000000 49.000000000000 0.000000000000
11.000000000000 50.000000000000 0.000000000000
11.000000000000 51.000000000000 0.000000000000

12.000000000000 -51.000000000000 0.000000000000
12.000000000000 -50.000000000000 0.000000000000
12.000000000000 -49.000000000000 0.000000000000
12.000000000000 -48.000000000000 0.000000000056
12.000000000000 -47.000000000000 0.000000017744
12.000000000000 -46.000000000000 0.000000204484
12.000000000000 -45.000000000000 0.000001211943
12.000000000000 -44.000000000000 0.000006684864
12.000000000000 -43.000000000000 0.000031913426
12.000000000000 -42.000000000000 0.000129033408
12.000000000000 -41.000000000000 0.000132041821
12.000000000000 -40.000000000000 0.000134778754
12.000000000000 -39.000000000000 0.000138753485
12.000000000000 -38.000000000000 0.000143983697
12.000000000000 -37.000000000000 0.000150492121
12.000000000000 -36.000000000000 0.000158306454
12.000000000000 -35.000000000000 0.000167459261
12.000000000000 -34.000000000000 0.000177987843
12.000000000000 -33.000000000000 0.000189934071
12.000000000000 -32.000000000000 0.000203344170
12.000000000000 -31.000000000000 0.000218268465
12.000000000000 -30.000000000000 0.000234761053
12.000000000000 -29.000000000000 0.000252879404
12.000000000000 -28.000000000000 0.000272683859
12.000000000000 -27.000000000000 0.000294237018
12.000000000000 -26.000000000000 0.000317602967
12.000000000000 -25.000000000000 0.000342846318
12.000000000000 -24.000000000000 0.000370031009
12.000000000000 -23.000000000000 0.000399218803
12.000000000000 -22.000000000000 0.000430467393
12.000000000000 -21.000000000000 0.000463828041
12.000000000000 -20.000000000000 0.000499342587
12.000000000000 -19.000000000000 0.000537039722
12.000000000000 -18.000000000000 0.000576930299
12.000000000000 -17.000000000000 0.000619001496
12.000000000000 -16.000000000000 0.000663209562
12.000000000000 -15.000000000000 0.000709470899
12.000000000000 -14.000000000000 0.000757651207
12.000000000000 -13.000000000000 0.000807552488
12.000000000000 -12.000000000000 0.000858897831
12.000000000000 -11.000000000000 0.000911314182
12.000000000000 -10.000000000000 0.000964313735
12.000000000000 -9.000000000000 0.001017275337
12.000000000000 -8.000000000000 0.001069428344
12.000000000000 -7.000000000000 0.001119842763
12.000000000000 -6.000000000000 0.001167431084
12.000000000000 -5.000000000000 0.001210968536
12.000000000000 -4.000000000000 0.001249138858
12.000000000000 -3.000000000000 0.001280610653
12.000000000000 -2.000000000000 0.001304144027
12.000000000000 -1.000000000000 0.001318717635
12.000000000000 0.000000000000 0.001323654657
12.000000000000 1.000000000000 0.001318717635
12.000000000000 2.000000000000 0.001304144027
12.000000000000 3.000000000000 0.001280610653
12.000000000000 4.000000000000 0.001249138858
12.000000000000 5.000000000000 0.001210968536
12.000000000000 6.000000000000 0.001167431084
12.000000000000 7.000000000000 0.001119842763
12.000000000000 8.000000000000 0.001069428344
12.000000000000 9.000000000000 0.001017275337
12.000000000000 10.000000000000 0.000964313735
12.000000000000 11.000000000000 0.000911314182
12.000000000000 12.000000000000 0.000858897831
12.000000000000 13.000000000000 0.000807552488
12.000000000000 14.000000000000 0.000757651207
12.000000000000 15.000000000000 0.000709470899
12.000000000000 16.000000000000 0.000663209562
12.000000000000 17.000000000000 0.000619001496
12.000000000000 18.000000000000 0.000576930299
12.000000000000 19.000000000000 0.000537039722
12.000000000000 20.000000000000 0.000499342587
12.000000000000 21.000000000000 0.000463828041
12.000000000000 22.000000000000 0.000430467393
12.000000000000 23.000000000000 0.000399218803
12.000000000000 24.000000000000 0.000370031009
12.000000000000 25.000000000000 0.000342846318
12.000000000000 26.000000000000 0.000317602967
12.000000000000 27.000000000000 0.000294237018
12.000000000000 28.000000000000 0.000272683859
12.000000000000 29.000000000000 0.000252879404
12.000000000000 30.000000000000 0.000234761053
12.000000000000 31.000000000000 0.000218268465
12.000000000000 32.000000000000 0.000203344170
12.000000000000 33.000000000000 0.000189934071
12.000000000000 34.000000000000 0.000177987843
12.000000000000 35.000000000000 0.000167459261
12.000000000000 36.000000000000 0.000158306454
12.000000000000 37.000000000000 0.000150492121
12.000000000000 38.000000000000 0.000143983697
12.000000000000 39.000000000000 0.000138753485
12.000000000000 40.000000000000 0.000134778754
12.000000000000 41.000000000000 0.000132041821
12.000000000000 42.000000000000 0.000129033408
12.000000000000 43.000000000000 0.000031913426
12.000000000000 44.000000000000 0.000006684864
12.000000000000 45.000000000000 0.000001211943
12.000000000000 46.000000000000 0.000000204484
12.000000000000 47.000000000000 0.000000017744
12.000000000000 48.000000000000 0.000000000056
12.000000000000 49.000000000000 0.000000000000
12.000000000000 50.000000000000 0.000000000000
12.000000000000 51.000000000000 0.000000000000

13.000000000000 -51.000000000000 0.000000000000
13.000000000000 -50.000000000000 0.000000000000
13.000000000000 -49.000000000000 0.000000000000
13.000000000000 -48.000000000000 0.000000000053
13.000000000000 -47.000000000000 0.000000016839
13.000000000000 -46.000000000000 0.000000194852
13.000000000000 -45.000000000000 0.000001159333
13.000000000000 -44.000000000000 0.000006420488
13.000000000000 -43.000000000000 0.000030786407
13.000000000000 -42.000000000000 0.000125084481
13.000000000000 -41.000000000000 0.000128023571
13.000000000000 -40.000000000000 0.000130675461
13.000000000000 -39.000000000000 0.000134514177
13.000000000000 -38.000000000000 0.000139556105
13.000000000000 -37.000000000000 0.000145822122
13.000000000000 -36.000000000000 0.000153337496
13.000000000000 -35.000000000000 0.000162131762
13.000000000000 -34.000000000000 0.000172238544
13.000000000000 -33.000000000000 0.000183695349
13.000000000000 -32.000000000000 0.000196543302
13.000000000000 -31.000000000000 0.000210826813
13.000000000000 -30.000000000000 0.000226593187
13.000000000000 -29.000000000000 0.000243892132
13.000000000000 -28.000000000000 0.000262775168
13.000000000000 -27.000000000000 0.000283294896
13.000000000000 -26.000000000000 0.000305504115
13.000000000000 -25.000000000000 0.000329454735
13.000000000000 -24.000000000000 0.000355196443
13.000000000000 -23.000000000000 0.000382775068
13.000000000000 -22.000000000000 0.000412230574
13.000000000000 -21.000000000000 0.000443594597
13.000000000000 -20.000000000000 0.000476887414
13.000000000000 -19.000000000000 0.000512114248
13.000000000000 -18.000000000000 0.000549260745
13.000000000000 -17.000000000000 0.000588287498
13.000000000000 -16.000000000000 0.000629123451
13.000000000000 -15.000000000000 0.000671658043
13.000000000000 -14.000000000000 0.000715731991
13.000000000000 -13.000000000000 0.000761126706
13.000000000000 -12.000000000000 0.000807552488
13.000000000000 -11.000000000000 0.000854635909
13.000000000000 -10.000000000000 0.000901907208
13.000000000000 -9.000000000000 0.000948789082
13.000000000000 -8.000000000000 0.000994588971
13.000000000000 -7.000000000000 0.001038497802
13.000000000000 -6.000000000000 0.001079598888
13.000000000000 -5.000000000000 0.001116891088
13.000000000000 -4.000000000000 0.001149329784
13.000000000000 -3.000000000000 0.001175887227
13.000000000000 -2.000000000000 0.001195629865
13.000000000000 -1.000000000000 0.001207804567
13.000000000000 0.000000000000 0.001211919816
13.000000000000 1.000000000000 0.001207804567
13.000000000000 2.000000000000 0.001195629865
13.000000000000 3.000000000000 0.001175887227
13.000000000000 4.000000000000 0.001149329784
13.000000000000 5.000000000000 0.001116891088
13.000000000000 6.000000000000 0.001079598888
13.000000000000 7.000000000000 0.001038497802
13.000000000000 8.000000000000 0.000994588971
13.000000000000 9.000000000000 0.000948789082
13.000000000000 10.000000000000 0.000901907208
13.000000000000 11.000000000000 0.000854635909
13.000000000000 12.000000000000 0.000807552488
13.000000000000 13.000000000000 0.000761126706
13.000000000000 14.000000000000 0.000715731991
13.000000000000 15.000000000000 0.000671658043
13.000000000000 16.000000000000 0.000629123451
13.000000000000 17.000000000000 0.000588287498
13.000000000000 18.000000000000 0.000549260745
13.000000000000 19.000000000000 0.000512114248
13.000000000000 20.000000000000 0.000476887414
13.000000000000 21.000000000000 0.000443594597
13.000000000000 22.000000000000 0.000412230574
13.000000000000 23.000000000000 0.000382775068
13.000000000000 24.000000000000 0.000355196443
13.000000000000 25.000000000000 0.000329454735
13.000000000000 26.000000000000 0.000305504115
13.000000000000 27.000000000000 0.000283294896
13.000000000000 28.000000000000 0.000262775168
13.000000000000 29.000000000000 0.000243892132
13.000000000000 30.000000000000 0.000226593187
13.000000000000 31.000000000000 0.000210826813
13.000000000000 32.000000000000 0.000196543302
13.000000000000 33.000000000000 0.000183695349
13.000000000000 34.000000000000 0.000172238544
13.000000000000 35.000000000000 0.000162131762
13.000000000000 36.000000000000 0.000153337496
13.000000000000 37.000000000000 0.000145822122
13.000000000000 38.000000000000 0.000139556105
13.000000000000 39.000000000000 0.000134514177
13.000000000000 40.000000000000 0.000130675461
13.000000000000 41.000000000000 0.000128023571
13.000000000000 42.000000000000 0.000125084481
13.000000000000 43.000000000000 0.000030786407
13.000000000000 44.000000000000 0.000006420488
13.000000000000 45.000000000000 0.000001159333
13.000000000000 46.000000000000 0.000000194852
13.000000000000 47.000000000000 0.000000016839
13.000000000000 48.000000000000 0.000000000053
13.000000000000 49.000000000000 0.000000000000
13.000000000000 50.000000000000 0.000000000000
13.000000000000 51.000000000000 0.000000000000

14.000000000000 -51.000000000000 0.000000000000
14.000000000000 -50.000000000000 0.000000000000
14.000000000000 -49.000000000000 0.000000000000
14.000000000000 -48.000000000000 0.000000000050
14.000000000000 -47.000000000000 0.000000015919
14.000000000000 -46.000000000000 0.000000185011
14.000000000000 -45.000000000000 0.000001105363
14.000000000000 -44.000000000000 0.000006148145
14.000000000000 -43.000000000000 0.000029620297
14.000000000000 -42.000000000000 0.000120979585
14.000000000000 -41.000000000000 0.000123846085
14.000000000000 -40.000000000000 0.000126410039
14.000000000000 -39.000000000000 0.000130108601
14.000000000000 -38.000000000000 0.000134956877
14.000000000000 -37.000000000000 0.000140973920
14.000000000000 -36.000000000000 0.000148182619
14.000000000000 -35.000000000000 0.000156609548
14.000000000000 -34.000000000000 0.000166284755
14.000000000000 -33.000000000000 0.000177241523
14.000000000000 -32.000000000000 0.000189516049
14.000000000000 -31.000000000000 0.000203147076
14.000000000000 -30.000000000000 0.000218175428
14.000000000000 -29.000000000000 0.000234643463
14.000000000000 -28.000000000000 0.000252594402
14.000000000000 -27.000000000000 0.000272071530
14.000000000000 -26.000000000000 0.000293117224
14.000000000000 -25.000000000000 0.000315771793
14.000000000000 -24.000000000000 0.000340072067
14.000000000000 -23.000000000000 0.000366049707
14.000000000000 -22.000000000000 0.000393729159
14.000000000000 -21.000000000000 0.000423125200
14.000000000000 -20.000000000000 0.000454239987
14.000000000000 -19.000000000000 0.000487059525
14.000000000000 -18.000000000000 0.000521549471
14.000000000000 -17.000000000000 0.000557650169
14.000000000000 -16.000000000000 0.000595270851
14.000000000000 -15.000000000000 0.000634282949
14.000000000000 -14.000000000000 0.000674512533
14.000000000000 -13.000000000000 0.000715731991
14.000000000000 -12.000000000000 0.000757651207
14.000000000000 -11.000000000000 0.000799908762
14.000000000000 -10.000000000000 0.000842063942
14.000000000000 -9.000000000000 0.000883590800
14.000000000000 -8.000000000000 0.000923875938
14.000000000000 -7.000000000000 0.000962222126
14.000000000000 -6.000000000000 0.000997860199
14.000000000000 -5.000000000000 0.001029971527
14.000000000000 -4.000000000000 0.001057722673
14.000000000000 -3.000000000000 0.001080312119
14.000000000000 -2.000000000000 0.001097026347
14.000000000000 -1.000000000000 0.001107299202
14.000000000000 0.000000000000 0.001110765574
14.000000000000 1.000000000000 0.001107299202
14.000000000000 2.000000000000 0.001097026347
14.000000000000 3.000000000000 0.001080312119
14.000000000000 4.000000000000 0.001057722673
14.000000000000 5.000000000000 0.001029971527
14.000000000000 6.000000000000 0.000997860199
14.000000000000 7.000000000000 0.000962222126
14.000000000000 8.000000000000 0.000923875938
14.000000000000 9.000000000000 0.000883590800
14.000000000000 10.000000000000 0.000842063942
14.000000000000 11.000000000000 0.000799908762
14.000000000000 12.000000000000 0.000757651207
14.000000000000 13.000000000000 0.000715731991
14.000000000000 14.000000000000 0.000674512533
14.000000000000 15.000000000000 0.000634282949
14.000000000000 16.000000000000 0.000595270851
14.000000000000 17.000000000000 0.000557650169
14.000000000000 18.000000000000 0.000521549471
14.000000000000 19.000000000000 0.000487059525
14.000000000000 20.000000000000 0.000454239987
14.000000000000 21.000000000000 0.000423125200
14.000000000000 22.000000000000 0.000393729159
14.000000000000 23.000000000000 0.000366049707
14.000000000000 24.000000000000 0.000340072067
14.000000000000 25.000000000000 0.000315771793
14.000000000000 26.000000000000 0.000293117224
14.000000000000 27.000000000000 0.000272071530
14.000000000000 28.000000000000 0.000252594402
14.000000000000 29.000000000000 0.000234643463
14.000000000000 30.000000000000 0.000218175428
14.000000000000 31.000000000000 0.000203147076
14.000000000000 32.000000000000 0.000189516049
14.000000000000 33.000000000000 0.000177241523
14.000000000000 34.000000000000 0.000166284755
14.000000000000 35.000000000000 0.000156609548
14.000000000000 36.000000000000 0.000148182619
14.000000000000 37.000000000000 0.000140973920
14.000000000000 38.000000000000 0.000134956877
14.000000000000 39.000000000000 0.000130108601
14.000000000000 40.000000000000 0.000126410039
14.000000000000 41.000000000000 0.000123846085
14.000000000000 42.000000000000 0.000120979585
14.000000000000 43.000000000000 0.000029620297
14.000000000000 44.000000000000 0.000006148145
14.000000000000 45.000000000000 0.000001105363
14.000000000000 46.000000000000 0.000000185011
14.000000000000 47.000000000000 0.000000015919
14.000000000000 48.000000000000 0.000000000050
14.000000000000 49.000000000000 0.000000000000
14.000000000000 50.000000000000 0.000000000000
14.000000000000 51.000000000000 0.000000000000

15.000000000000 -51.000000000000 0.000000000000
15.000000000000 -50.000000000000 0.000000000000
15.000000000000 -49.000000000000 0.000000000000
15.000000000000 -48.000000000000 0.000000000047
15.000000000000 -47.000000000000 0.000000014992
15.000000000000 -46.000000000000 0.000000175051
15.000000000000 -45.000000000000 0.000001050501
15.000000000000 -44.000000000000 0.000005870082
15.000000000000 -43.000000000000 0.000028424114
15.000000000000 -42.000000000000 0.000116748072
15.000000000000 -41.000000000000 0.000119539163
15.000000000000 -40.000000000000 0.000122012957
15.000000000000 -39.000000000000 0.000125568351
15.000000000000 -38.000000000000 0.000130219195
15.000000000000 -37.000000000000 0.000135982772
15.000000000000 -36.000000000000 0.000142879671
15.000000000000 -35.000000000000 0.000150933605
15.000000000000 -34.000000000000 0.000160171192
15.000000000000 -33.000000000000 0.000170621667
15.000000000000 -32.000000000000 0.000182316543
15.000000000000 -31.000000000000 0.000195289194
15.000000000000 -30.000000000000 0.000209574349
15.000000000000 -29.000000000000 0.000225207498
15.000000000000 -28.000000000000 0.000242224176
15.000000000000 -27.000000000000 0.000260659110
15.000000000000 -26.000000000000 0.000280545208
15.000000000000 -25.000000000000 0.000301912357
15.000000000000 -24.000000000000 0.000324785992
15.000000000000 -23.000000000000 0.000349185405
15.000000000000 -22.000000000000 0.000375121734
15.000000000000 -21.000000000000 0.000402595597
15.000000000000 -20.000000000000 0.000431594301
15.000000000000 -19.000000000000 0.000462088580
15.000000000000 -18.000000000000 0.000494028804
15.000000000000 -17.000000000000 0.000527340611
15.000000000000 -16.000000000000 0.000561919953
15.000000000000 -15.000000000000 0.000597627565
15.000000000000 -14.000000000000 0.000634282949
15.000000000000 -13.000000000000 0.000671658043
15.000000000000 -12.000000000000 0.000709470899
15.000000000000 -11.000000000000 0.000747379865
15.000000000000 -10.000000000000 0.000784979008
15.000000000000 -9.000000000000 0.000821795766
15.000000000000 -8.000000000000 0.000857292089
15.000000000000 -7.000000000000 0.000890870543
15.000000000000 -6.000000000000 0.000921886851
15.000000000000 -5.000000000000 0.000949670115
15.000000000000 -4.000000000000 0.000973551230
15.000000000000 -3.000000000000 0.000992898746
15.000000000000 -2.000000000000 0.001007159731
15.000000000000 -1.000000000000 0.001015901281
15.000000000000 0.000000000000 0.001018846851
15.000000000000 1.000000000000 0.001015901281
15.000000000000 2.000000000000 0.001007159731
15.000000000000 3.000000000000 0.000992898746
15.000000000000 4.000000000000 0.000973551230
15.000000000000 5.000000000000 0.000949670115
15.000000000000 6.000000000000 0.000921886851
15.000000000000 7.000000000000 0.000890870543
15.000000000000 8.000000000000 0.000857292089
15.000000000000 9.000000000000 0.000821795766
15.000000000000 10.000000000000 0.000784979008
15.000000000000 11.000000000000 0.000747379865
15.000000000000 12.000000000000 0.000709470899
15.000000000000 13.000000000000 0.000671658043
15.000000000000 14.000000000000 0.000634282949
15.000000000000 15.000000000000 0.000597627565
15.000000000000 16.000000000000 0.000561919953
15.000000000000 17.000000000000 0.000527340611
15.000000000000 18.000000000000 0.000494028804
15.000000000000 19.000000000000 0.000462088580
15.000000000000 20.000000000000 0.000431594301
15.000000000000 21.000000000000 0.000402595597
15.000000000000 22.000000000000 0.000375121734
15.000000000000 23.000000000000 0.000349185405
15.000000000000 24.000000000000 0.000324785992
15.000000000000 25.000000000000 0.000301912357
15.000000000000 26.000000000000 0.000280545208
15.000000000000 27.000000000000 0.000260659110
15.000000000000 28.000000000000 0.000242224176
15.000000000000 29.000000000000 0.000225207498
15.000000000000 30.000000000000 0.000209574349
15.000000000000 31.000000000000 0.000195289194
15.000000000000 32.000000000000 0.000182316543
15.000000000000 33.000000000000 0.000170621667
15.000000000000 34.000000000000 0.000160171192
15.000000000000 35.000000000000 0.000150933605
15.000000000000 36.000000000000 0.000142879671
15.000000000000 37.000000000000 0.000135982772
15.000000000000 38.000000000000 0.000130219195
15.000000000000 39.000000000000 0.000125568351
15.000000000000 40.000000000000 0.000122012957
15.000000000000 41.000000000000 0.000119539163
15.000000000000 42.000000000000 0.000116748072
15.000000000000 43.000000000000 0.000028424114
15.000000000000 44.000000000000 0.000005870082
15.000000000000 45.000000000000 0.000001050501
15.000000000000 46.000000000000 0.000000175051
15.000000000000 47.000000000000 0.000000014992
15.000000000000 48.000000000000 0.000000000047
15.000000000000 49.000000000000 0.000000000000
15.000000000000 50.000000000000 0.000000000000
15.000000000000 51.000000000000 0.000000000000

16.000000000000 -51.000000000000 0.000000000000
16.000000000000 -50.000000000000 0.000000000000
16.000000000000 -49.000000000000 0.000000000000
16.000000000000 -48.000000000000 0.000000000044
16.000000000000 -47.000000000000 0.000000014066
16.000000000000 -46.000000000000 0.000000165056
16.000000000000 -45.000000000000 0.000000995200
16.000000000000 -44.000000000000 0.000005588482
16.000000000000 -43.000000000000 0.000027206716
16.000000000000 -42.000000000000 0.000112419153
16.000000000000 -41.000000000000 0.000115132471
16.000000000000 -40.000000000000 0.000117514537
16.000000000000 -39.000000000000 0.000120924829
16.000000000000 -38.000000000000 0.000125375988
16.000000000000 -37.000000000000 0.000130883597
16.000000000000 -36.000000000000 0.000137466037
16.000000000000 -35.000000000000 0.000145144300
16.000000000000 -34.000000000000 0.000153941739
16.000000000000 -33.000000000000 0.000163883769
16.000000000000 -32.000000000000 0.000174997497
16.000000000000 -31.000000000000 0.000187311274
16.000000000000 -30.000000000000 0.000200854172
16.000000000000 -29.000000000000 0.000215655349
16.000000000000 -28.000000000000 0.000231743316
16.000000000000 -27.000000000000 0.000249145052
16.000000000000 -26.000000000000 0.000267884990
16.000000000000 -25.000000000000 0.000287983803
16.000000000000 -24.000000000000 0.000309456997
16.000000000000 -23.000000000000 0.000332313264
16.000000000000 -22.000000000000 0.000356552564
16.000000000000 -21.000000000000 0.000382163896
16.000000000000 -20.000000000000 0.000409122732
16.000000000000 -19.000000000000 0.000437388077
16.000000000000 -18.000000000000 0.000466899122
16.000000000000 -17.000000000000 0.000497571505
16.000000000000 -16.000000000000 0.000529293177
16.000000000000 -15.000000000000 0.000561919953
16.000000000000 -14.000000000000 0.000595270851
16.000000000000 -13.000000000000 0.000629123451
16.000000000000 -12.000000000000 0.000663209562
16.000000000000 -11.000000000000 0.000697211665
16.000000000000 -10.000000000000 0.000730760751
16.000000000000 -9.000000000000 0.000763436305
16.000000000000 -8.000000000000 0.000794769353
16.000000000000 -7.000000000000 0.000824249545
16.000000000000 -6.000000000000 0.000851337126
16.000000000000 -5.000000000000 0.000875480391
16.000000000000 -4.000000000000 0.000896138592
16.000000000000 -3.000000000000 0.000912809391
16.000000000000 -2.000000000000 0.000925058862
16.000000000000 -1.000000000000 0.000932550964
16.000000000000 0.000000000000 0.000935072669
16.000000000000 1.000000000000 0.000932550964
16.000000000000 2.000000000000 0.000925058862
16.000000000000 3.000000000000 0.000912809391
16.000000000000 4.000000000000 0.000896138592
16.000000000000 5.000000000000 0.000875480391
16.000000000000 6.000000000000 0.000851337126
16.000000000000 7.000000000000 0.000824249545
16.000000000000 8.000000000000 0.000794769353
16.000000000000 9.000000000000 0.000763436305
16.000000000000 10.000000000000 0.000730760751
16.000000000000 11.000000000000 0.000697211665
16.000000000000 12.000000000000 0.000663209562
16.000000000000 13.000000000000 0.000629123451
16.000000000000 14.000000000000 0.000595270851
16.000000000000 15.000000000000 0.000561919953
16.000000000000 16.000000000000 0.000529293177
16.000000000000 17.000000000000 0.000497571505
16.000000000000 18.000000000000 0.000466899122
16.000000000000 19.000000000000 0.000437388077
16.000000000000 20.000000000000 0.000409122732
16.000000000000 21.000000000000 0.000382163896
16.000000000000 22.000000000000 0.000356552564
16.000000000000 23.000000000000 0.000332313264
16.000000000000 24.000000000000 0.000309456997
16.000000000000 25.000000000000 0.000287983803
16.000000000000 26.000000000000 0.000267884990
16.000000000000 27.000000000000 0.000249145052
16.000000000000 28.000000000000 0.000231743316
16.000000000000 29.000000000000 0.000215655349
16.000000000000 30.000000000000 0.000200854172
16.000000000000 31.000000000000 0.000187311274
16.000000000000 32.000000000000 0.000174997497
16.000000000000 33.000000000000 0.000163883769
16.000000000000 34.000000000000 0.000153941739
16.000000000000 35.000000000000 0.000145144300
16.000000000000 36.000000000000 0.000137466037
16.000000000000 37.000000000000 0.000130883597
16.000000000000 38.000000000000 0.000125375988
16.000000000000 39.000000000000 0.000120924829
16.000000000000 40.000000000000 0.000117514537
16.000000000000 41.000000000000 0.000115132471
16.000000000000 42.000000000000 0.000112419153
16.000000000000 43.000000000000 0.000027206716
16.000000000000 44.000000000000 0.000005588482
16.000000000000 45.000000000000 0.000000995200
16.000000000000 46.000000000000 0.000000165056
16.000000000000 47.000000000000 0.000000014066
16.000000000000 48.000000000000 0.000000000044
16.000000000000 49.000000000000 0.000000000000
16.000000000000 50.000000000000 0.000000000000
16.000000000000 51.000000000000 0.000000000000

17.000000000000 -51.000000000000 0.000000000000
17.000000000000 -50.000000000000 0.000000000000
17.000000000000 -49.000000000000 0.000000000000
17.000000000000 -48.000000000000 0.000000000041
17.000000000000 -47.000000000000 0.000000013149
17.000000000000 -46.000000000000 0.000000155107
17.000000000000 -45.000000000000 0.000000939886
17.000000000000 -44.000000000000 0.000005305433
17.000000000000 -43.000000000000 0.000025976703
17.000000000000 -42.000000000000 0.000108021602
17.000000000000 -41.000000000000 0.000110655242
17.000000000000 -40.000000000000 0.000112944641
17.000000000000 -39.000000000000 0.000116208934
17.000000000000 -38.000000000000 0.000120459604
17.000000000000 -37.000000000000 0.000125710616
17.000000000000 -36.000000000000 0.000131978262
17.000000000000 -35.000000000000 0.000139280964
17.000000000000 -34.000000000000 0.000147639011
17.000000000000 -33.000000000000 0.000157074246
17.000000000000 -32.000000000000 0.000167609677
17.000000000000 -31.000000000000 0.000179269020
17.000000000000 -30.000000000000 0.000192076151
17.000000000000 -29.000000000000 0.000206054470
17.000000000000 -28.000000000000 0.000221226147
17.000000000000 -27.000000000000 0.000237611250
17.000000000000 -26.000000000000 0.000255226730
17.000000000000 -25.000000000000 0.000274085244
17.000000000000 -24.000000000000 0.000294193791
17.000000000000 -23.000000000000 0.000315552155
17.000000000000 -22.000000000000 0.000338151104
17.000000000000 -21.000000000000 0.000361970349
17.000000000000 -20.000000000000 0.000386976224
17.000000000000 -19.000000000000 0.000413119097
17.000000000000 -18.000000000000 0.000440330481
17.000000000000 -17.000000000000 0.000468519897
17.000000000000 -16.000000000000 0.000497571505
17.000000000000 -15.000000000000 0.000527340611
17.000000000000 -14.000000000000 0.000557650169
17.000000000000 -13.000000000000 0.000588287498
17.000000000000 -12.000000000000 0.000619001496
17.000000000000 -11.000000000000 0.000649500739
17.000000000000 -10.000000000000 0.000679452954
17.000000000000 -9.000000000000 0.000708486435
17.000000000000 -8.000000000000 0.000736194036
17.000000000000 -7.000000000000 0.000762140353
17.000000000000 -6.000000000000 0.000785872558
17.000000000000 -5.000000000000 0.000806935108
17.000000000000 -4.000000000000 0.000824888050
17.000000000000 -3.000000000000 0.000839328063
17.000000000000 -2.000000000000 0.000849910689
17.000000000000 -1.000000000000 0.000856371565
17.000000000000 0.000000000000 0.000858544156
17.000000000000 1.000000000000 0.000856371565
17.000000000000 2.000000000000 0.000849910689
17.000000000000 3.000000000000 0.000839328063
17.000000000000 4.000000000000 0.000824888050
17.000000000000 5.000000000000 0.000806935108
17.000000000000 6.000000000000 0.000785872558
17.000000000000 7.000000000000 0.000762140353
17.000000000000 8.000000000000 0.000736194036
17.000000000000 9.000000000000 0.000708486435
17.000000000000 10.000000000000 0.000679452954
17.000000000000 11.000000000000 0.000649500739
17.000000000000 12.000000000000 0.000619001496
17.000000000000 13.000000000000 0.000588287498
17.000000000000 14.000000000000 0.000557650169
17.000000000000 15.000000000000 0.000527340611
17.000000000000 16.000000000000 0.000497571505
17.000000000000 17.000000000000 0.000468519897
17.000000000000 18.000000000000 0.000440330481
17.000000000000 19.000000000000 0.000413119097
17.000000000000 20.000000000000 0.000386976224
17.000000000000 21.000000000000 0.000361970349
17.000000000000 22.000000000000 0.000338151104
17.000000000000 23.000000000000 0.000315552155
17.000000000000 24.000000000000 0.000294193791
17.000000000000 25.000000000000 0.000274085244
17.000000000000 26.000000000000 0.000255226730
17.000000000000 27.000000000000 0.000237611250
17.000000000000 28.000000000000 0.000221226147
17.000000000000 29.000000000000 0.000206054470
17.000000000000 30.000000000000 0.000192076151
17.000000000000 31.000000000000 0.000179269020
17.000000000000 32.000000000000 0.000167609677
17.000000000000 33.000000000000 0.000157074246
17.000000000000 34.000000000000 0.000147639011
17.000000000000 35.000000000000 0.000139280964
17.000000000000 36.000000000000 0.000131978262
17.000000000000 37.000000000000 0.000125710616
17.000000000000 38.000000000000 0.000120459604
17.000000000000 39.000000000000 0.000116208934
17.000000000000 40.000000000000 0.000112944641
17.000000000000 41.000000000000 0.000110655242
17.000000000000 42.000000000000 0.000108021602
17.000000000000 43.000000000000 0.000025976703
17.000000000000 44.000000000000 0.000005305433
17.000000000000 45.000000000000 0.000000939886
17.000000000000 46.000000000000 0.000000155107
17.000000000000 47.000000000000 0.000000013149
17.000000000000 48.000000000000 0.000000000041
17.000000000000 49.000000000000 0.000000000000
17.000000000000 50.000000000000 0.000000000000
17.000000000000 51.000000000000 0.000000000000

18.000000000000 -51.000000000000 0.000000000000
18.000000000000 -50.000000000000 0.000000000000
18.000000000000 -49.000000000000 0.000000000000
18.000000000000 -48.000000000000 0.000000000038
18.000000000000 -47.000000000000 0.000000012248
18.000000000000 -46.000000000000 0.000000145277
18.000000000000 -45.000000000000 0.000000884957
18.000000000000 -44.000000000000 0.000005022912
18.000000000000 -43.000000000000 0.000024742331
18.000000000000 -42.000000000000 0.000103583492
18.000000000000 -41.000000000000 0.000106136012
18.000000000000 -40.000000000000 0.000108332405
18.000000000000 -39.000000000000 0.000111450776
18.000000000000 -38.000000000000 0.000115501510
18.000000000000 -37.000000000000 0.000120497047
18.000000000000 -36.000000000000 0.000126451719
18.000000000000 -35.000000000000 0.000133381547
18.000000000000 -34.000000000000 0.000141303973
18.000000000000 -33.000000000000 0.000150237535
18.000000000000 -32.000000000000 0.000160201473
18.000000000000 -31.000000000000 0.000171215267
18.000000000000 -30.000000000000 0.000183298085
18.000000000000 -29.000000000000 0.000196468144
18.000000000000 -28.000000000000 0.000210741970
18.000000000000 -27.000000000000 0.000226133544
18.000000000000 -26.000000000000 0.000242653312
18.000000000000 -25.000000000000 0.000260307063
18.000000000000 -24.000000000000 0.000279094641
18.000000000000 -23.000000000000 0.000299008486
18.000000000000 -22.000000000000 0.000320031992
18.000000000000 -21.000000000000 0.000342137659
18.000000000000 -20.000000000000 0.000365285046
18.000000000000 -19.000000000000 0.000389418520
18.000000000000 -18.000000000000 0.000414464824
18.000000000000 -17.000000000000 0.000440330481
18.000000000000 -16.000000000000 0.000466899122
18.000000000000 -15.000000000000 0.000494028804
18.000000000000 -14.000000000000 0.000521549471
18.000000000000 -13.000000000000 0.000549260745
18.000000000000 -12.000000000000 0.000576930299
18.000000000000 -11.000000000000 0.000604293128
18.000000000000 -10.000000000000 0.000631052080
18.000000000000 -9.000000000000 0.000656880083
18.000000000000 -8.000000000000 0.000681424472
18.000000000000 -7.000000000000 0.000704313793
18.000000000000 -6.000000000000 0.000725167304
18.000000000000 -5.000000000000 0.000743607193
18.000000000000 -4.000000000000 0.000759273150
18.000000000000 -3.000000000000 0.000771838560
18.000000000000 -2.000000000000 0.000781027126
18.000000000000 -1.000000000000 0.000786628387
18.000000000000 0.000000000000 0.000788510454
18.000000000000 1.000000000000 0.000786628387
18.000000000000 2.000000000000 0.000781027126
18.000000000000 3.000000000000 0.000771838560
18.000000000000 4.000000000000 0.000759273150
18.000000000000 5.000000000000 0.000743607193
18.000000000000 6.000000000000 0.000725167304
18.000000000000 7.000000000000 0.000704313793
18.000000000000 8.000000000000 0.000681424472
18.000000000000 9.000000000000 0.000656880083
18.000000000000 10.000000000000 0.000631052080
18.000000000000 11.000000000000 0.000604293128
18.000000000000 12.000000000000 0.000576930299
18.000000000000 13.000000000000 0.000549260745
18.000000000000 14.000000000000 0.000521549471
18.000000000000 15.000000000000 0.000494028804
18.000000000000 16.000000000000 0.000466899122
18.000000000000 17.000000000000 0.000440330481
18.000000000000 18.000000000000 0.000414464824
18.000000000000 19.000000000000 0.000389418520
18.000000000000 20.000000000000 0.000365285046
18.000000000000 21.000000000000 0.000342137659
18.000000000000 22.000000000000 0.000320031992
18.000000000000 23.000000000000 0.000299008486
18.000000000000 24.000000000000 0.000279094641
18.000000000000 25.000000000000 0.000260307063
18.000000000000 26.000000000000 0.000242653312
18.000000000000 27.000000000000 0.000226133544
18.000000000000 28.000000000000 0.000210741970
18.000000000000 29.000000000000 0.000196468144
18.000000000000 30.000000000000 0.000183298085
18.000000000000 31.000000000000 0.000171215267
18.000000000000 32.000000000000 0.000160201473
18.000000000000 33.000000000000 0.000150237535
18.000000000000 34.000000000000 0.000141303973
18.000000000000 35.000000000000 0.000133381547
18.000000000000 36.000000000000 0.000126451719
18.000000000000 37.000000000000 0.000120497047
18.000000000000 38.000000000000 0.000115501510
18.000000000000 39.000000000000 0.000111450776
18.000000000000 40.000000000000 0.000108332405
18.000000000000 41.000000000000 0.000106136012
18.000000000000 42.000000000000 0.000103583492
18.000000000000 43.000000000000 0.000024742331
18.000000000000 44.000000000000 0.000005022912
18.000000000000 45.000000000000 0.000000884957
18.000000000000 46.000000000000 0.000000145277
18.000000000000 47.000000000000 0.000000012248
18.000000000000 48.000000000000 0.000000000038
18.000000000000 49.000000000000 0.000000000000
18.000000000000 50.000000000000 0.000000000000
18.000000000000 51.000000000000 0.000000000000

19.000000000000 -51.000000000000 0.000000000000
19.000000000000 -50.000000000000 0.000000000000
19.000000000000 -49.000000000000 0.000000000000
19.000000000000 -48.000000000000 0.000000000035
19.000000000000 -47.000000000000 0.000000011368
19.000000000000 -46.000000000000 0.000000135631
19.000000000000 -45.000000000000 0.000000830778
19.000000000000 -44.000000000000 0.000004742762
19.000000000000 -43.000000000000 0.000023511441
19.000000000000 -42.000000000000 0.000099131957
19.000000000000 -41.000000000000 0.000101602374
19.000000000000 -40.000000000000 0.000103705991
19.000000000000 -39.000000000000 0.000106679428
19.000000000000 -38.000000000000 0.000110532037
19.000000000000 -37.000000000000 0.000115274833
19.000000000000 -36.000000000000 0.000120920326
19.000000000000 -35.000000000000 0.000127482317
19.000000000000 -34.000000000000 0.000134975626
19.000000000000 -33.000000000000 0.000143415766
19.000000000000 -32.000000000000 0.000152818550
19.000000000000 -31.000000000000 0.000163199627
19.000000000000 -30.000000000000 0.000174573944
19.000000000000 -29.000000000000 0.000186955114
19.000000000000 -28.000000000000 0.000200354702
19.000000000000 -27.000000000000 0.000214781395
19.000000000000 -26.000000000000 0.000230240069
19.000000000000 -25.000000000000 0.000246730726
19.000000000000 -24.000000000000 0.000264247299
19.000000000000 -23.000000000000 0.000282776314
19.000000000000 -22.000000000000 0.000302295410
19.000000000000 -21.000000000000 0.000322771694
19.000000000000 -20.000000000000 0.000344159968
19.000000000000 -19.000000000000 0.000366400803
19.000000000000 -18.000000000000 0.000389418520
19.000000000000 -17.000000000000 0.000413119097
19.000000000000 -16.000000000000 0.000437388077
19.000000000000 -15.000000000000 0.000462088580
19.000000000000 -14.000000000000 0.000487059525
19.000000000000 -13.000000000000 0.000512114248
19.000000000000 -12.000000000000 0.000537039722
19.000000000000 -11.000000000000 0.000561596618
19.000000000000 -10.000000000000 0.000585520496
19.000000000000 -9.000000000000 0.000608524412
19.000000000000 -8.000000000000 0.000630303215
19.000000000000 -7.000000000000 0.000650539742
19.000000000000 -6.000000000000 0.000668912990
19.000000000000 -5.000000000000 0.000685108180
19.000000000000 -4.000000000000 0.000698828354
19.000000000000 -3.000000000000 0.000709806894
19.000000000000 -2.000000000000 0.000717820076
19.000000000000 -1.000000000000 0.000722698563
19.000000000000 0.000000000000 0.000724336699
19.000000000000 1.000000000000 0.000722698563
19.000000000000 2.000000000000 0.000717820076
19.000000000000 3.000000000000 0.000709806894
19.000000000000 4.000000000000 0.000698828354
19.000000000000 5.000000000000 0.000685108180
19.000000000000 6.000000000000 0.000668912990
19.000000000000 7.000000000000 0.000650539742
19.000000000000 8.000000000000 0.000630303215
19.000000000000 9.000000000000 0.000608524412
19.000000000000 10.000000000000 0.000585520496
19.000000000000 11.000000000000 0.000561596618
19.000000000000 12.000000000000 0.000537039722
19.000000000000 13.000000000000 0.000512114248
19.000000000000 14.000000000000 0.000487059525
19.000000000000 15.000000000000 0.000462088580
19.000000000000 16.000000000000 0.000437388077
19.000000000000 17.000000000000 0.000413119097
19.000000000000 18.000000000000 0.000389418520
19.000000000000 19.000000000000 0.000366400803
19.000000000000 20.000000000000 0.000344159968
19.000000000000 21.000000000000 0.000322771694
19.000000000000 22.000000000000 0.000302295410
19.000000000000 23.000000000000 0.000282776314
19.000000000000 24.000000000000 0.000264247299
19.000000000000 25.000000000000 0.000246730726
19.000000000000 26.000000000000 0.000230240069
19.000000000000 27.000000000000 0.000214781395
19.000000000000 28.000000000000 0.000200354702
19.000000000000 29.000000000000 0.000186955114
19.000000000000 30.000000000000 0.000174573944
19.000000000000 31.000000000000 0.000163199627
19.000000000000 32.000000000000 0.000152818550
19.000000000000 33.000000000000 0.000143415766
19.000000000000 34.000000000000 0.000134975626
19.000000000000 35.000000000000 0.000127482317
19.000000000000 36.000000000000 0.000120920326
19.000000000000 37.000000000000 0.000115274833
19.000000000000 38.000000000000 0.000110532037
19.000000000000 39.000000000000 0.000106679428
19.000000000000 40.000000000000 0.000103705991
19.000000000000 41.000000000000 0.000101602374
19.000000000000 42.000000000000 0.000099131957
19.000000000000 43.000000000000 0.000023511441
19.000000000000 44.000000000000 0.000004742762
19.000000000000 45.000000000000 0.000000830778
19.000000000000 46.000000000000 0.000000135631
19.000000000000 47.000000000000 0.000000011368
19.000000000000 48.000000000000 0.000000000035
19.000000000000 49.000000000000 0.000000000000
19.000000000000 50.000000000000 0.000000000000
19.000000000000 51.000000000000 0.000000000000

20.000000000000 -51.000000000000 0.000000000000
20.000000000000 -50.000000000000 0.000000000000
20.000000000000 -49.000000000000 0.000000000000
20.000000000000 -48.000000000000 0.000000000032
20.000000000000 -47.000000000000 0.000000010516
20.000000000000 -46.000000000000 0.000000126229
20.000000000000 -45.000000000000 0.000000777679
20.000000000000 -44.000000000000 0.000004466685
20.000000000000 -43.000000000000 0.000022291402
20.000000000000 -42.000000000000 0.000094692994
20.000000000000 -41.000000000000 0.000097080778
20.000000000000 -40.000000000000 0.000099092382
20.000000000000 -39.000000000000 0.000101922712
20.000000000000 -38.000000000000 0.000105580158
20.000000000000 -37.000000000000 0.000110074413
20.000000000000 -36.000000000000 0.000115416311
20.000000000000 -35.000000000000 0.000121617616
20.000000000000 -34.000000000000 0.000128690757
20.000000000000 -33.000000000000 0.000136648506
20.000000000000 -32.000000000000 0.000145503587
20.000000000000 -31.000000000000 0.000155268227
20.000000000000 -30.000000000000 0.000165953626
20.000000000000 -29.000000000000 0.000177569359
20.000000000000 -28.000000000000 0.000190122677
20.000000000000 -27.000000000000 0.000203617735
20.000000000000 -26.000000000000 0.000218054709
20.000000000000 -25.000000000000 0.000233428808
20.000000000000 -24.000000000000 0.000249729185
20.000000000000 -23.000000000000 0.000266937727
20.000000000000 -22.000000000000 0.000285027732
20.000000000000 -21.000000000000 0.000303962479
20.000000000000 -20.000000000000 0.000323693699
20.000000000000 -19.000000000000 0.000344159968
20.000000000000 -18.000000000000 0.000365285046
20.000000000000 -17.000000000000 0.000386976224
20.000000000000 -16.000000000000 0.000409122732
20.000000000000 -15.000000000000 0.000431594301
20.000000000000 -14.000000000000 0.000454239987
20.000000000000 -13.000000000000 0.000476887414
20.000000000000 -12.000000000000 0.000499342587
20.000000000000 -11.000000000000 0.000521390469
20.000000000000 -10.000000000000 0.000542796538
20.000000000000 -9.000000000000 0.000563309509
20.000000000000 -8.000000000000 0.000582665389
20.000000000000 -7.000000000000 0.000600592984
20.000000000000 -6.000000000000 0.000616820838
20.000000000000 -5.000000000000 0.000631085489
20.000000000000 -4.000000000000 0.000643140711
20.000000000000 -3.000000000000 0.000652767248
20.000000000000 -2.000000000000 0.000659782387
20.000000000000 -1.000000000000 0.000664048578
20.000000000000 0.000000000000 0.000665480314
20.000000000000 1.000000000000 0.000664048578
20.000000000000 2.000000000000 0.000659782387
20.000000000000 3.000000000000 0.000652767248
20.000000000000 4.000000000000 0.000643140711
20.000000000000 5.000000000000 0.000631085489
20.000000000000 6.000000000000 0.000616820838
20.000000000000 7.000000000000 0.000600592984
20.000000000000 8.000000000000 0.000582665389
20.000000000000 9.000000000000 0.000563309509
20.000000000000 10.000000000000 0.000542796538
20.000000000000 11.000000000000 0.000521390469
20.000000000000 12.000000000000 0.000499342587
20.000000000000 13.000000000000 0.000476887414
20.000000000000 14.000000000000 0.000454239987
20.000000000000 15.000000000000 0.000431594301
20.000000000000 16.000000000000 0.000409122732
20.000000000000 17.000000000000 0.000386976224
20.000000000000 18.000000000000 0.000365285046
20.000000000000 19.000000000000 0.000344159968
20.000000000000 20.000000000000 0.000323693699
20.000000000000 21.000000000000 0.000303962479
20.000000000000 22.000000000000 0.000285027732
20.000000000000 23.000000000000 0.000266937727
20.000000000000 24.000000000000 0.000249729185
20.000000000000 25.000000000000 0.000233428808
20.000000000000 26.000000000000 0.000218054709
20.000000000000 27.000000000000 0.000203617735
20.000000000000 28.000000000000 0.000190122677
20.000000000000 29.000000000000 0.000177569359
20.000000000000 30.000000000000 0.000165953626
20.000000000000 31.000000000000 0.000155268227
20.000000000000 32.000000000000 0.000145503587
20.000000000000 33.000000000000 0.000136648506
20.000000000000 34.000000000000 0.000128690757
20.000000000000 35.000000000000 0.000121617616
20.000000000000 36.000000000000 0.000115416311
20.000000000000 37.000000000000 0.000110074413
20.000000000000 38.000000000000 0.000105580158
20.000000000000 39.000000000000 0.000101922712
20.000000000000 40.000000000000 0.000099092382
20.000000000000 41.000000000000 0.000097080778
20.000000000000 42.000000000000 0.000094692994
20.000000000000 43.000000000000 0.000022291402
20.000000000000 44.000000000000 0.000004466685
20.000000000000 45.000000000000 0.000000777679
20.000000000000 46.000000000000 0.000000126229
20.000000000000 47.000000000000 0.000000010516
20.000000000000 48.000000000000 0.000000000032
20.000000000000 49.000000000000 0.000000000000
20.000000000000 50.000000000000 0.000000000000
20.000000000000 51.000000000000 0.000000000000

21.000000000000 -51.000000000000 0.000000000000
21.000000000000 -50.000000000000 0.000000000000
21.000000000000 -49.000000000000 0.000000000000
21.000000000000 -48.000000000000 0.000000000029
21.000000000000 -47.000000000000 0.000000009696
21.000000000000 -46.000000000000 0.000000117121
21.000000000000 -45.000000000000 0.000000725956
21.000000000000 -44.000000000000 0.000004196228
21.000000000000 -43.000000000000 0.000021089060
21.000000000000 -42.000000000000 0.000090291294
21.000000000000 -41.000000000000 0.000092596359
21.000000000000 -40.000000000000 0.000094517209
21.000000000000 -39.000000000000 0.000097207027
21.000000000000 -38.000000000000 0.000100673313
21.000000000000 -37.000000000000 0.000104924547
21.000000000000 -36.000000000000 0.000109970029
21.000000000000 -35.000000000000 0.000115819675
21.000000000000 -34.000000000000 0.000122483754
21.000000000000 -33.000000000000 0.000129972574
21.000000000000 -32.000000000000 0.000138296105
21.000000000000 -31.000000000000 0.000147463546
21.000000000000 -30.000000000000 0.000157482814
21.000000000000 -29.000000000000 0.000168359973
21.000000000000 -28.000000000000 0.000180098584
21.000000000000 -27.000000000000 0.000192698969
21.000000000000 -26.000000000000 0.000206157404
21.000000000000 -25.000000000000 0.000220465208
21.000000000000 -24.000000000000 0.000235607762
21.000000000000 -23.000000000000 0.000251563424
21.000000000000 -22.000000000000 0.000268302375
21.000000000000 -21.000000000000 0.000285785376
21.000000000000 -20.000000000000 0.000303962479
21.000000000000 -19.000000000000 0.000322771694
21.000000000000 -18.000000000000 0.000342137659
21.000000000000 -17.000000000000 0.000361970349
21.000000000000 -16.000000000000 0.000382163896
21.000000000000 -15.000000000000 0.000402595597
21.000000000000 -14.000000000000 0.000423125200
21.000000000000 -13.000000000000 0.000443594597
21.000000000000 -12.000000000000 0.000463828041
21.000000000000 -11.000000000000 0.000483633046
21.000000000000 -10.000000000000 0.000502802110
21.000000000000 -9.000000000000 0.000521115374
21.000000000000 -8.000000000000 0.000538344350
21.000000000000 -7.000000000000 0.000554256721
21.000000000000 -6.000000000000 0.000568622200
21.000000000000 -5.000000000000 0.000581219284
21.000000000000 -4.000000000000 0.000591842643
21.000000000000 -3.000000000000 0.000600310736
21.000000000000 -2.000000000000 0.000606473177
21.000000000000 -1.000000000000 0.000610217274
21.000000000000 0.000000000000 0.000611473192
21.000000000000 1.000000000000 0.000610217274
21.000000000000 2.000000000000 0.000606473177
21.000000000000 3.000000000000 0.000600310736
21.000000000000 4.000000000000 0.000591842643
21.000000000000 5.000000000000 0.000581219284
21.000000000000 6.000000000000 0.000568622200
21.000000000000 7.000000000000 0.000554256721
21.000000000000 8.000000000000 0.000538344350
21.000000000000 9.000000000000 0.000521115374
21.000000000000 10.000000000000 0.000502802110
21.000000000000 11.000000000000 0.000483633046
21.000000000000 12.000000000000 0.000463828041
21.000000000000 13.000000000000 0.000443594597
21.000000000000 14.000000000000 0.000423125200
21.000000000000 15.000000000000 0.000402595597
21.000000000000 16.000000000000 0.000382163896
21.000000000000 17.000000000000 0.000361970349
21.000000000000 18.000000000000 0.000342137659
21.000000000000 19.000000000000 0.000322771694
21.000000000000 20.000000000000 0.000303962479
21.000000000000 21.000000000000 0.000285785376
21.000000000000 22.000000000000 0.000268302375
21.000000000000 23.000000000000 0.000251563424
21.000000000000 24.000000000000 0.000235607762
21.000000000000 25.000000000000 0.000220465208
21.000000000000 26.000000000000 0.000206157404
21.000000000000 27.000000000000 0.000192698969
21.000000000000 28.000000000000 0.000180098584
21.000000000000 29.000000000000 0.000168359973
21.000000000000 30.000000000000 0.000157482814
21.000000000000 31.000000000000 0.000147463546
21.000000000000 32.000000000000 0.000138296105
21.000000000000 33.000000000000 0.000129972574
21.000000000000 34.000000000000 0.000122483754
21.000000000000 35.000000000000 0.000115819675
21.000000000000 36.000000000000 0.000109970029
21.000000000000 37.000000000000 0.000104924547
21.000000000000 38.000000000000 0.000100673313
21.000000000000 39.000000000000 0.000097207027
21.000000000000 40.000000000000 0.000094517209
21.000000000000 41.000000000000 0.000092596359
21.000000000000 42.000000000000 0.000090291294
21.000000000000 43.000000000000 0.000021089060
21.000000000000 44.000000000000 0.000004196228
21.000000000000 45.000000000000 0.000000725956
21.000000000000 46.000000000000 0.000000117121
21.000000000000 47.000000000000 0.000000009696
21.000000000000 48.000000000000 0.000000000029
21.000000000000 49.000000000000 0.000000000000
21.000000000000 50.000000000000 0.000000000000
21.000000000000 51.000000000000 0.000000000000

22.000000000000 -51.000000000000 0.000000000000
22.000000000000 -50.000000000000 0.000000000000
22.000000000000 -49.000000000000 0.000000000000
22.000000000000 -48.000000000000 0.000000000027
22.000000000000 -47.000000000000 0.000000008911
22.000000000000 -46.000000000000 0.000000108352
22.000000000000 -45.000000000000 0.000000675866
22.000000000000 -44.000000000000 0.000003932779
22.000000000000 -43.000000000000 0.000019910714
22.000000000000 -42.000000000000 0.000085950106
22.000000000000 -41.000000000000 0.000088172799
22.000000000000 -40.000000000000 0.000090004607
22.000000000000 -39.000000000000 0.000092557202
22.000000000000 -38.000000000000 0.000095837265
22.000000000000 -37.000000000000 0.000099852168
22.000000000000 -36.000000000000 0.000104609824
22.000000000000 -35.000000000000 0.000110118481
22.000000000000 -34.000000000000 0.000116386474
22.000000000000 -33.000000000000 0.000123421921
22.000000000000 -32.000000000000 0.000131232360
22.000000000000 -31.000000000000 0.000139824335
22.000000000000 -30.000000000000 0.000149202918
22.000000000000 -29.000000000000 0.000159371166
22.000000000000 -28.000000000000 0.000170329514
22.000000000000 -27.000000000000 0.000182075100
22.000000000000 -26.000000000000 0.000194601020
22.000000000000 -25.000000000000 0.000207895507
22.000000000000 -24.000000000000 0.000221941051
22.000000000000 -23.000000000000 0.000236713444
22.000000000000 -22.000000000000 0.000252180776
22.000000000000 -21.000000000000 0.000268302375
22.000000000000 -20.000000000000 0.000285027732
22.000000000000 -19.000000000000 0.000302295410
22.000000000000 -18.000000000000 0.000320031992
22.000000000000 -17.000000000000 0.000338151104
22.000000000000 -16.000000000000 0.000356552564
22.000000000000 -15.000000000000 0.000375121734
22.000000000000 -14.000000000000 0.000393729159
22.000000000000 -13.000000000000 0.000412230574
22.000000000000 -12.000000000000 0.000430467393
22.000000000000 -11.000000000000 0.000448267780
22.000000000000 -10.000000000000 0.000465448403
22.000000000000 -9.000000000000 0.000481816954
22.000000000000 -8.000000000000 0.000497175483
22.000000000000 -7.000000000000 0.000511324561
22.000000000000 -6.000000000000 0.000524068187
22.000000000000 -5.000000000000 0.000535219323
22.000000000000 -4.000000000000 0.000544605815
22.000000000000 -3.000000000000 0.000552076400
22.000000000000 -2.000000000000 0.000557506415
22.000000000000 -1.000000000000 0.000560802815
22.000000000000 0.000000000000 0.000561908100
22.000000000000 1.000000000000 0.000560802815
22.000000000000 2.000000000000 0.000557506415
22.000000000000 3.000000000000 0.000552076400
22.000000000000 4.000000000000 0.000544605815
22.000000000000 5.000000000000 0.000535219323
22.000000000000 6.000000000000 0.000524068187
22.000000000000 7.000000000000 0.000511324561
22.000000000000 8.000000000000 0.000497175483
22.000000000000 9.000000000000 0.000481816954
22.000000000000 10.000000000000 0.000465448403
22.000000000000 11.000000000000 0.000448267780
22.000000000000 12.000000000000 0.000430467393
22.000000000000 13.000000000000 0.000412230574
22.000000000000 14.000000000000 0.000393729159
22.000000000000 15.000000000000 0.000375121734
22.000000000000 16.000000000000 0.000356552564
22.000000000000 17.000000000000 0.000338151104
22.000000000000 18.000000000000 0.000320031992
22.000000000000 19.000000000000 0.000302295410
22.000000000000 20.000000000000 0.000285027732
22.000000000000 21.000000000000 0.000268302375
22.000000000000 22.000000000000 0.000252180776
22.000000000000 23.000000000000 0.000236713444
22.000000000000 24.000000000000 0.000221941051
22.000000000000 25.000000000000 0.000207895507
22.000000000000 26.000000000000 0.000194601020
22.000000000000 27.000000000000 0.000182075100
22.000000000000 28.000000000000 0.000170329514
22.000000000000 29.000000000000 0.000159371166
22.000000000000 30.000000000000 0.000149202918
22.000000000000 31.000000000000 0.000139824335
22.000000000000 32.000000000000 0.000131232360
22.000000000000 33.000000000000 0.000123421921
22.000000000000 34.000000000000 0.000116386474
22.000000000000 35.000000000000 0.000110118481
22.000000000000 36.000000000000 0.000104609824
22.000000000000 37.000000000000 0.000099852168
22.000000000000 38.000000000000 0.000095837265
22.000000000000 39.000000000000 0.000092557202
22.000000000000 40.000000000000 0.000090004607
22.000000000000 41.000000000000 0.000088172799
22.000000000000 42.000000000000 0.000085950106
22.000000000000 43.000000000000 0.000019910714
22.000000000000 44.000000000000 0.000003932779
22.000000000000 45.000000000000 0.000000675866
22.000000000000 46.000000000000 0.000000108352
22.000000000000 47.000000000000 0.000000008911
22.000000000000 48.000000000000 0.000000000027
22.000000000000 49.000000000000 0.000000000000
22.000000000000 50.000000000000 0.000000000000
22.000000000000 51.000000000000 0.000000000000

23.000000000000 -51.000000000000 0.000000000000
23.000000000000 -50.000000000000 0.000000000000
23.000000000000 -49.000000000000 0.000000000000
23.000000000000 -48.000000000000 0.000000000024
23.000000000000 -47.000000000000 0.000000008165
23.000000000000 -46.000000000000 0.000000099956
23.000000000000 -45.000000000000 0.000000627629
23.000000000000 -44.000000000000 0.000003677565
23.000000000000 -43.000000000000 0.000018762087
23.000000000000 -42.000000000000 0.000081691134
23.000000000000 -41.000000000000 0.000083832225
23.000000000000 -40.000000000000 0.000085577119
23.000000000000 -39.000000000000 0.000087996400
23.000000000000 -38.000000000000 0.000091096000
23.000000000000 -37.000000000000 0.000094882290
23.000000000000 -36.000000000000 0.000099361932
23.000000000000 -35.000000000000 0.000104541686
23.000000000000 -34.000000000000 0.000110428172
23.000000000000 -33.000000000000 0.000117027573
23.000000000000 -32.000000000000 0.000124345303
23.000000000000 -31.000000000000 0.000132385607
23.000000000000 -30.000000000000 0.000141151114
23.000000000000 -29.000000000000 0.000150642338
23.000000000000 -28.000000000000 0.000160857108
23.000000000000 -27.000000000000 0.000171789959
23.000000000000 -26.000000000000 0.000183431449
23.000000000000 -25.000000000000 0.000195767429
23.000000000000 -24.000000000000 0.000208778260
23.000000000000 -23.000000000000 0.000222437981
23.000000000000 -22.000000000000 0.000236713444
23.000000000000 -21.000000000000 0.000251563424
23.000000000000 -20.000000000000 0.000266937727
23.000000000000 -19.000000000000 0.000282776314
23.000000000000 -18.000000000000 0.000299008486
23.000000000000 -17.000000000000 0.000315552155
23.000000000000 -16.000000000000 0.000332313264
23.000000000000 -15.000000000000 0.000349185405
23.000000000000 -14.000000000000 0.000366049707
23.000000000000 -13.000000000000 0.000382775068
23.000000000000 -12.000000000000 0.000399218803
23.000000000000 -11.000000000000 0.000415227791
23.000000000000 -10.000000000000 0.000430640184
23.000000000000 -9.000000000000 0.000445287726
23.000000000000 -8.000000000000 0.000458998705
23.000000000000 -7.000000000000 0.000471601526
23.000000000000 -6.000000000000 0.000482928822
23.000000000000 -5.000000000000 0.000492821990
23.000000000000 -4.000000000000 0.000501135959
23.000000000000 -3.000000000000 0.000507743951
23.000000000000 -2.000000000000 0.000512541950
23.000000000000 -1.000000000000 0.000515452592
23.000000000000 0.000000000000 0.000516428179
23.000000000000 1.000000000000 0.000515452592
23.000000000000 2.000000000000 0.000512541950
23.000000000000 3.000000000000 0.000507743951
23.000000000000 4.000000000000 0.000501135959
23.000000000000 5.000000000000 0.000492821990
23.000000000000 6.000000000000 0.000482928822
23.000000000000 7.000000000000 0.000471601526
23.000000000000 8.000000000000 0.000458998705
23.000000000000 9.000000000000 0.000445287726
23.000000000000 10.000000000000 0.000430640184
23.000000000000 11.000000000000 0.000415227791
23.000000000000 12.000000000000 0.000399218803
23.000000000000 13.000000000000 0.000382775068
23.000000000000 14.000000000000 0.000366049707
23.000000000000 15.000000000000 0.000349185405
23.000000000000 16.000000000000 0.000332313264
23.000000000000 17.000000000000 0.000315552155
23.000000000000 18.000000000000 0.000299008486
23.000000000000 19.000000000000 0.000282776314
23.000000000000 20.000000000000 0.000266937727
23.000000000000 21.000000000000 0.000251563424
23.000000000000 22.000000000000 0.000236713444
23.000000000000 23.000000000000 0.000222437981
23.000000000000 24.000000000000 0.000208778260
23.000000000000 25.000000000000 0.000195767429
23.000000000000 26.000000000000 0.000183431449
23.000000000000 27.000000000000 0.000171789959
23.000000000000 28.000000000000 0.000160857108
23.000000000000 29.000000000000 0.000150642338
23.000000000000 30.000000000000 0.000141151114
23.000000000000 31.000000000000 0.000132385607
23.000000000000 32.000000000000 0.000124345303
23.000000000000 33.000000000000 0.000117027573
23.000000000000 34.000000000000 0.000110428172
23.000000000000 35.000000000000 0.000104541686
23.000000000000 36.000000000000 0.000099361932
23.000000000000 37.000000000000 0.000094882290
23.000000000000 38.000000000000 0.000091096000
23.000000000000 39.000000000000 0.000087996400
23.000000000000 40.000000000000 0.000085577119
23.000000000000 41.000000000000 0.000083832225
23.000000000000 42.000000000000 0.000081691134
23.000000000000 43.000000000000 0.000018762087
23.000000000000 44.000000000000 0.000003677565
23.000000000000 45.000000000000 0.000000627629
23.000000000000 46.000000000000 0.000000099956
23.000000000000 47.000000000000 0.000000008165
23.000000000000 48.000000000000 0.000000000024
23.000000000000 49.000000000000 0.000000000000
23.000000000000 50.000000000000 0.000000000000
23.000000000000 51.000000000000 0.000000000000

24.000000000000 -51.000000000000 0.000000000000
24.000000000000 -50.000000000000 0.000000000000
24.000000000000 -49.000000000000 0.000000000000
24.000000000000 -48.000000000000 0.000000000022
24.000000000000 -47.000000000000 0.000000007458
24.000000000000 -46.000000000000 0.000000091964
24.000000000000 -45.000000000000 0.000000581431
24.000000000000 -44.000000000000 0.000003431654
24.000000000000 -43.000000000000 0.000017648323
24.000000000000 -42.000000000000 0.000077534468
24.000000000000 -41.000000000000 0.000079595129
24.000000000000 -40.000000000000 0.000081255614
24.000000000000 -39.000000000000 0.000083546040
24.000000000000 -38.000000000000 0.000086471658
24.000000000000 -37.000000000000 0.000090037939
24.000000000000 -36.000000000000 0.000094250429
24.000000000000 -35.000000000000 0.000099114570
24.000000000000 -34.000000000000 0.000104635469
24.000000000000 -33.000000000000 0.000110817624
24.000000000000 -32.000000000000 0.000117664606
24.000000000000 -31.000000000000 0.000125178689
24.000000000000 -30.000000000000 0.000133360436
24.000000000000 -29.000000000000 0.000142208233
24.000000000000 -28.000000000000 0.000151717776
24.000000000000 -27.000000000000 0.000161881510
24.000000000000 -26.000000000000 0.000172688020
24.000000000000 -25.000000000000 0.000184121382
24.000000000000 -24.000000000000 0.000196160474
24.000000000000 -23.000000000000 0.000208778260
24.000000000000 -22.000000000000 0.000221941051
24.000000000000 -21.000000000000 0.000235607762
24.000000000000 -20.000000000000 0.000249729185
24.000000000000 -19.000000000000 0.000264247299
24.000000000000 -18.000000000000 0.000279094641
24.000000000000 -17.000000000000 0.000294193791
24.000000000000 -16.000000000000 0.000309456997
24.000000000000 -15.000000000000 0.000324785992
24.000000000000 -14.000000000000 0.000340072067
24.000000000000 -13.000000000000 0.000355196443
24.000000000000 -12.000000000000 0.000370031009
24.000000000000 -11.000000000000 0.000384439478
24.000000000000 -10.000000000000 0.000398279000
24.000000000000 -9.000000000000 0.000411402261
24.000000000000 -8.000000000000 0.000423660076
24.000000000000 -7.000000000000 0.000434904439
24.000000000000 -6.000000000000 0.000444991963
24.000000000000 -5.000000000000 0.000453787608
24.000000000000 -4.000000000000 0.000461168535
24.000000000000 -3.000000000000 0.000467027905
24.000000000000 -2.000000000000 0.000471278409
24.000000000000 -1.000000000000 0.000473855302
24.000000000000 0.000000000000 0.000474718748
24.000000000000 1.000000000000 0.000473855302
24.000000000000 2.000000000000 0.000471278409
24.000000000000 3.000000000000 0.000467027905
24.000000000000 4.000000000000 0.000461168535
24.000000000000 5.000000000000 0.000453787608
24.000000000000 6.000000000000 0.000444991963
24.000000000000 7.000000000000 0.000434904439
24.000000000000 8.000000000000 0.000423660076
24.000000000000 9.000000000000 0.000411402261
24.000000000000 10.000000000000 0.000398279000
24.000000000000 11.000000000000 0.000384439478
24.000000000000 12.000000000000 0.000370031009
24.000000000000 13.000000000000 0.000355196443
24.000000000000 14.000000000000 0.000340072067
24.000000000000 15.000000000000 0.000324785992
24.000000000000 16.000000000000 0.000309456997
24.000000000000 17.000000000000 0.000294193791
24.000000000000 18.000000000000 0.000279094641
24.000000000000 19.000000000000 0.000264247299
24.000000000000 20.000000000000 0.000249729185
24.000000000000 21.000000000000 0.000235607762
24.000000000000 22.000000000000 0.000221941051
24.000000000000 23.000000000000 0.000208778260
24.000000000000 24.000000000000 0.000196160474
24.000000000000 25.000000000000 0.000184121382
24.000000000000 26.000000000000 0.000172688020
24.000000000000 27.000000000000 0.000161881510
24.000000000000 28.000000000000 0.000151717776
24.000000000000 29.000000000000 0.000142208233
24.000000000000 30.000000000000 0.000133360436
24.000000000000 31.000000000000 0.000125178689
24.000000000000 32.000000000000 0.000117664606
24.000000000000 33.000000000000 0.000110817624
24.000000000000 34.000000000000 0.000104635469
24.000000000000 35.000000000000 0.000099114570
24.000000000000 36.000000000000 0.000094250429
24.000000000000 37.000000000000 0.000090037939
24.000000000000 38.000000000000 0.000086471658
24.000000000000 39.000000000000 0.000083546040
24.000000000000 40.000000000000 0.000081255614
24.000000000000 41.000000000000 0.000079595129
24.000000000000 42.000000000000 0.000077534468
24.000000000000 43.000000000000 0.000017648323
24.000000000000 44.000000000000 0.000003431654
24.000000000000 45.000000000000 0.000000581431
24.000000000000 46.000000000000 0.000000091964
24.000000000000 47.000000000000 0.000000007458
24.000000000000 48.000000000000 0.000000000022
24.000000000000 49.000000000000 0.000000000000
24.000000000000 50.000000000000 0.000000000000
24.000000000000 51.000000000000 0.000000000000

25.000000000000 -51.000000000000 0.000000000000
25.000000000000 -50.000000000000 0.000000000000
25.000000000000 -49.000000000000 0.000000000000
25.000000000000 -48.000000000000 0.000000000020
25.000000000000 -47.000000000000 0.000000006794
25.000000000000 -46.000000000000 0.000000084396
25.000000000000 -45.000000000000 0.000000537422
25.000000000000 -44.000000000000 0.000003195956
25.000000000000 -43.000000000000 0.000016573988
25.000000000000 -42.000000000000 0.000073498540
25.000000000000 -41.000000000000 0.000075480330
25.000000000000 -40.000000000000 0.000077059250
25.000000000000 -39.000000000000 0.000079225760
25.000000000000 -38.000000000000 0.000081984499
25.000000000000 -37.000000000000 0.000085340131
25.000000000000 -36.000000000000 0.000089297216
25.000000000000 -35.000000000000 0.000093860035
25.000000000000 -34.000000000000 0.000099032374
25.000000000000 -33.000000000000 0.000104817274
25.000000000000 -32.000000000000 0.000111216725
25.000000000000 -31.000000000000 0.000118231332
25.000000000000 -30.000000000000 0.000125859929
25.000000000000 -29.000000000000 0.000134099153
25.000000000000 -28.000000000000 0.000142942980
25.000000000000 -27.000000000000 0.000152382218
25.000000000000 -26.000000000000 0.000162403966
25.000000000000 -25.000000000000 0.000172991041
25.000000000000 -24.000000000000 0.000184121382
25.000000000000 -23.000000000000 0.000195767429
25.000000000000 -22.000000000000 0.000207895507
25.000000000000 -21.000000000000 0.000220465208
25.000000000000 -20.000000000000 0.000233428808
25.000000000000 -19.000000000000 0.000246730726
25.000000000000 -18.000000000000 0.000260307063
25.000000000000 -17.000000000000 0.000274085244
25.000000000000 -16.000000000000 0.000287983803
25.000000000000 -15.000000000000 0.000301912357
25.000000000000 -14.000000000000 0.000315771793
25.000000000000 -13.000000000000 0.000329454735
25.000000000000 -12.000000000000 0.000342846318
25.000000000000 -11.000000000000 0.000355825303
25.000000000000 -10.000000000000 0.000368265577
25.000000000000 -9.000000000000 0.000380038031
25.000000000000 -8.000000000000 0.000391012815
25.000000000000 -7.000000000000 0.000401061941
25.000000000000 -6.000000000000 0.000410062164
25.000000000000 -5.000000000000 0.000417898049
25.000000000000 -4.000000000000 0.000424465104
25.000000000000 -3.000000000000 0.000429672831
25.000000000000 -2.000000000000 0.000433447528
25.000000000000 -1.000000000000 0.000435734690
25.000000000000 0.000000000000 0.000436500841
25.000000000000 1.000000000000 0.000435734690
25.000000000000 2.000000000000 0.000433447528
25.000000000000 3.000000000000 0.000429672831
25.000000000000 4.000000000000 0.000424465104
25.000000000000 5.000000000000 0.000417898049
25.000000000000 6.000000000000 0.000410062164
25.000000000000 7.000000000000 0.000401061941
25.000000000000 8.000000000000 0.000391012815
25.000000000000 9.000000000000 0.000380038031
25.000000000000 10.000000000000 0.000368265577
25.000000000000 11.000000000000 0.000355825303
25.000000000000 12.000000000000 0.000342846318
25.000000000000 13.000000000000 0.000329454735
25.000000000000 14.000000000000 0.000315771793
25.000000000000 15.000000000000 0.000301912357
25.000000000000 16.000000000000 0.000287983803
25.000000000000 17.000000000000 0.000274085244
25.000000000000 18.000000000000 0.000260307063
25.000000000000 19.000000000000 0.000246730726
25.000000000000 20.000000000000 0.000233428808
25.000000000000 21.000000000000 0.000220465208
25.000000000000 22.000000000000 0.000207895507
25.000000000000 23.000000000000 0.000195767429
25.000000000000 24.000000000000 0.000184121382
25.000000000000 25.000000000000 0.000172991041
25.000000000000 26.000000000000 0.000162403966
25.000000000000 27.000000000000 0.000152382218
25.000000000000 28.000000000000 0.000142942980
25.000000000000 29.000000000000 0.000134099153
25.000000000000 30.000000000000 0.000125859929
25.000000000000 31.000000000000 0.000118231332
25.000000000000 32.000000000000 0.000111216725
25.000000000000 33.000000000000 0.000104817274
25.000000000000 34.000000000000 0.000099032374
25.000000000000 35.000000000000 0.000093860035
25.000000000000 36.000000000000 0.000089297216
25.000000000000 37.000000000000 0.000085340131
25.000000000000 38.000000000000 0.000081984499
25.000000000000 39.000000000000 0.000079225760
25.000000000000 40.000000000000 0.000077059250
25.000000000000 41.000000000000 0.000075480330
25.000000000000 42.000000000000 0.000073498540
25.000000000000 43.000000000000 0.000016573988
25.000000000000 44.000000000000 0.000003195956
25.000000000000 45.000000000000 0.000000537422
25.000000000000 46.000000000000 0.000000084396
25.000000000000 47.000000000000 0.000000006794
25.000000000000 48.000000000000 0.000000000020
25.000000000000 49.000000000000 0.000000000000
25.000000000000 50.000000000000 0.000000000000
25.000000000000 51.000000000000 0.000000000000

26.000000000000 -51.000000000000 0.000000000000
26.000000000000 -50.000000000000 0.000000000000
26.000000000000 -49.000000000000 0.000000000000
26.000000000000 -48.000000000000 0.000000000018
26.000000000000 -47.000000000000 0.000000006173
26.000000000000 -46.000000000000 0.000000077270
26.000000000000 -45.000000000000 0.000000495720
26.000000000000 -44.000000000000 0.000002971232
26.000000000000 -43.000000000000 0.000015543079
26.000000000000 -42.000000000000 0.000069600108
26.000000000000 -41.000000000000 0.000071504955
26.000000000000 -40.000000000000 0.000073005455
26.000000000000 -39.000000000000 0.000075053405
26.000000000000 -38.000000000000 0.000077652895
26.000000000000 -37.000000000000 0.000080807874
26.000000000000 -36.000000000000 0.000084522032
26.000000000000 -35.000000000000 0.000088798636
26.000000000000 -34.000000000000 0.000093640332
26.000000000000 -33.000000000000 0.000099048907
26.000000000000 -32.000000000000 0.000105025015
26.000000000000 -31.000000000000 0.000111567860
26.000000000000 -30.000000000000 0.000118674850
26.000000000000 -29.000000000000 0.000126341208
26.000000000000 -28.000000000000 0.000134559553
26.000000000000 -27.000000000000 0.000143319448
26.000000000000 -26.000000000000 0.000152606921
26.000000000000 -25.000000000000 0.000162403966
26.000000000000 -24.000000000000 0.000172688020
26.000000000000 -23.000000000000 0.000183431449
26.000000000000 -22.000000000000 0.000194601020
26.000000000000 -21.000000000000 0.000206157404
26.000000000000 -20.000000000000 0.000218054709
26.000000000000 -19.000000000000 0.000230240069
26.000000000000 -18.000000000000 0.000242653312
26.000000000000 -17.000000000000 0.000255226730
26.000000000000 -16.000000000000 0.000267884990
26.000000000000 -15.000000000000 0.000280545208
26.000000000000 -14.000000000000 0.000293117224
26.000000000000 -13.000000000000 0.000305504115
26.000000000000 -12.000000000000 0.000317602967
26.000000000000 -11.000000000000 0.000329305935
26.000000000000 -10.000000000000 0.000340501607
26.000000000000 -9.000000000000 0.000351076674
26.000000000000 -8.000000000000 0.000360917887
26.000000000000 -7.000000000000 0.000369914272
26.000000000000 -6.000000000000 0.000377959545
26.000000000000 -5.000000000000 0.000384954646
26.000000000000 -4.000000000000 0.000390810296
26.000000000000 -3.000000000000 0.000395449462
26.000000000000 -2.000000000000 0.000398809601
26.000000000000 -1.000000000000 0.000400844569
26.000000000000 0.000000000000 0.000401526070
26.000000000000 1.000000000000 0.000400844569
26.000000000000 2.000000000000 0.000398809601
26.000000000000 3.000000000000 0.000395449462
26.000000000000 4.000000000000 0.000390810296
26.000000000000 5.000000000000 0.000384954646
26.000000000000 6.000000000000 0.000377959545
26.000000000000 7.000000000000 0.000369914272
26.000000000000 8.000000000000 0.000360917887
26.000000000000 9.000000000000 0.000351076674
26.000000000000 10.000000000000 0.000340501607
26.000000000000 11.000000000000 0.000329305935
26.000000000000 12.000000000000 0.000317602967
26.000000000000 13.000000000000 0.000305504115
26.000000000000 14.000000000000 0.000293117224
26.000000000000 15.000000000000 0.000280545208
26.000000000000 16.000000000000 0.000267884990
26.000000000000 17.000000000000 0.000255226730
26.000000000000 18.000000000000 0.000242653312
26.000000000000 19.000000000000 0.000230240069
26.000000000000 20.000000000000 0.000218054709
26.000000000000 21.000000000000 0.000206157404
26.000000000000 22.000000000000 0.000194601020
26.000000000000 23.000000000000 0.000183431449
26.000000000000 24.000000000000 0.000172688020
26.000000000000 25.000000000000 0.000162403966
26.000000000000 26.000000000000 0.000152606921
26.000000000000 27.000000000000 0.000143319448
26.000000000000 28.000000000000 0.000134559553
26.000000000000 29.000000000000 0.000126341208
26.000000000000 30.000000000000 0.000118674850
26.000000000000 31.000000000000 0.000111567860
26.000000000000 32.000000000000 0.000105025015
26.000000000000 33.000000000000 0.000099048907
26.000000000000 34.000000000000 0.000093640332
26.000000000000 35.000000000000 0.000088798636
26.000000000000 36.000000000000 0.000084522032
26.000000000000 37.000000000000 0.000080807874
26.000000000000 38.000000000000 0.000077652895
26.000000000000 39.000000000000 0.000075053405
26.000000000000 40.000000000000 0.000073005455
26.000000000000 41.000000000000 0.000071504955
26.000000000000 42.000000000000 0.000069600108
26.000000000000 43.000000000000 0.000015543079
26.000000000000 44.000000000000 0.000002971232
26.000000000000 45.000000000000 0.000000495720
26.000000000000 46.000000000000 0.000000077270
26.000000000000 47.000000000000 0.000000006173
26.000000000000 48.000000000000 0.000000000018
26.000000000000 49.000000000000 0.000000000000
26.000000000000 50.000000000000 0.000000000000
26.000000000000 51.000000000000 0.000000000000

27.000000000000 -51.000000000000 0.000000000000
27.000000000000 -50.000000000000 0.000000000000
27.000000000000 -49.000000000000 0.000000000000
27.000000000000 -48.000000000000 0.000000000016
27.000000000000 -47.000000000000 0.000000005595
27.000000000000 -46.000000000000 0.000000070594
27.000000000000 -45.000000000000 0.000000456415
27.000000000000 -44.000000000000 0.000002758100
27.000000000000 -43.000000000000 0.000014559041
27.000000000000 -42.000000000000 0.000065854259
27.000000000000 -41.000000000000 0.000067684438
27.000000000000 -40.000000000000 0.000069109929
27.000000000000 -39.000000000000 0.000071045035
27.000000000000 -38.000000000000 0.000073493351
27.000000000000 -37.000000000000 0.000076458195
27.000000000000 -36.000000000000 0.000079942497
27.000000000000 -35.000000000000 0.000083948646
27.000000000000 -34.000000000000 0.000088478307
27.000000000000 -33.000000000000 0.000093532205
27.000000000000 -32.000000000000 0.000099109870
27.000000000000 -31.000000000000 0.000105209350
27.000000000000 -30.000000000000 0.000111826894
27.000000000000 -29.000000000000 0.000118956603
27.000000000000 -28.000000000000 0.000126590056
27.000000000000 -27.000000000000 0.000134715902
27.000000000000 -26.000000000000 0.000143319448
27.000000000000 -25.000000000000 0.000152382218
27.000000000000 -24.000000000000 0.000161881510
27.000000000000 -23.000000000000 0.000171789959
27.000000000000 -22.000000000000 0.000182075100
27.000000000000 -21.000000000000 0.000192698969
27.000000000000 -20.000000000000 0.000203617735
27.000000000000 -19.000000000000 0.000214781395
27.000000000000 -18.000000000000 0.000226133544
27.000000000000 -17.000000000000 0.000237611250
27.000000000000 -16.000000000000 0.000249145052
27.000000000000 -15.000000000000 0.000260659110
27.000000000000 -14.000000000000 0.000272071530
27.000000000000 -13.000000000000 0.000283294896
27.000000000000 -12.000000000000 0.000294237018
27.000000000000 -11.000000000000 0.000304801923
27.000000000000 -10.000000000000 0.000314891080
27.000000000000 -9.000000000000 0.000324404882
27.000000000000 -8.000000000000 0.000333244334
27.000000000000 -7.000000000000 0.000341312942
27.000000000000 -6.000000000000 0.000348518740
27.000000000000 -5.000000000000 0.000354776390
27.000000000000 -4.000000000000 0.000360009281
27.000000000000 -3.000000000000 0.000364151531
27.000000000000 -2.000000000000 0.000367149797
27.000000000000 -1.000000000000 0.000368964806
27.000000000000 0.000000000000 0.000369572508
27.000000000000 1.000000000000 0.000368964806
27.000000000000 2.000000000000 0.000367149797
27.000000000000 3.000000000000 0.000364151531
27.000000000000 4.000000000000 0.000360009281
27.000000000000 5.000000000000 0.000354776390
27.000000000000 6.000000000000 0.000348518740
27.000000000000 7.000000000000 0.000341312942
27.000000000000 8.000000000000 0.000333244334
27.000000000000 9.000000000000 0.000324404882
27.000000000000 10.000000000000 0.000314891080
27.000000000000 11.000000000000 0.000304801923
27.000000000000 12.000000000000 0.000294237018
27.000000000000 13.000000000000 0.000283294896
27.000000000000 14.000000000000 0.000272071530
27.000000000000 15.000000000000 0.000260659110
27.000000000000 16.000000000000 0.000249145052
27.000000000000 17.000000000000 0.000237611250
27.000000000000 18.000000000000 0.000226133544
27.000000000000 19.000000000000 0.000214781395
27.000000000000 20.000000000000 0.000203617735
27.000000000000 21.000000000000 0.000192698969
27.000000000000 22.000000000000 0.000182075100
27.000000000000 23.000000000000 0.000171789959
27.000000000000 24.000000000000 0.000161881510
27.000000000000 25.000000000000 0.000152382218
27.000000000000 26.000000000000 0.000143319448
27.000000000000 27.000000000000 0.000134715902
27.000000000000 28.000000000000 0.000126590056
27.000000000000 29.000000000000 0.000118956603
27.000000000000 30.000000000000 0.000111826894
27.000000000000 31.000000000000 0.000105209350
27.000000000000 32.000000000000 0.000099109870
27.000000000000 33.000000000000 0.000093532205
27.000000000000 34.000000000000 0.000088478307
27.000000000000 35.000000000000 0.000083948646
27.000000000000 36.000000000000 0.000079942497
27.000000000000 37.000000000000 0.000076458195
27.000000000000 38.000000000000 0.000073493351
27.000000000000 39.000000000000 0.000071045035
27.000000000000 40.000000000000 0.000069109929
27.000000000000 41.000000000000 0.000067684438
27.000000000000 42.000000000000 0.000065854259
27.000000000000 43.000000000000 0.000014559041
27.000000000000 44.000000000000 0.000002758100
27.000000000000 45.000000000000 0.000000456415
27.000000000000 46.000000000000 0.000000070594
27.000000000000 47.000000000000 0.000000005595
27.000000000000 48.000000000000 0.000000000016
27.000000000000 49.000000000000 0.000000000000
27.000000000000 50.000000000000 0.000000000000
27.000000000000 51.000000000000 0.000000000000

28.000000000000 -51.000000000000 0.000000000000
28.000000000000 -50.000000000000 0.000000000000
28.000000000000 -49.000000000000 0.000000000000
28.000000000000 -48.000000000000 0.000000000015
28.000000000000 -47.000000000000 0.000000005060
28.000000000000 -46.000000000000 0.000000064375
28.000000000000 -45.000000000000 0.000000419567
28.000000000000 -44.000000000000 0.000002557048
28.000000000000 -43.000000000000 0.000013624796
28.000000000000 -42.000000000000 0.000062274440
28.000000000000 -41.000000000000 0.000064032551
28.000000000000 -40.000000000000 0.000065386680
28.000000000000 -39.000000000000 0.000067214958
28.000000000000 -38.000000000000 0.000069520543
28.000000000000 -37.000000000000 0.000072306195
28.000000000000 -36.000000000000 0.000075574183
28.000000000000 -35.000000000000 0.000079326139
28.000000000000 -34.000000000000 0.000083562894
28.000000000000 -33.000000000000 0.000088284280
28.000000000000 -32.000000000000 0.000093488894
28.000000000000 -31.000000000000 0.000099173842
28.000000000000 -30.000000000000 0.000105334450
28.000000000000 -29.000000000000 0.000111963950
28.000000000000 -28.000000000000 0.000119053145
28.000000000000 -27.000000000000 0.000126590056
28.000000000000 -26.000000000000 0.000134559553
28.000000000000 -25.000000000000 0.000142942980
28.000000000000 -24.000000000000 0.000151717776
28.000000000000 -23.000000000000 0.000160857108
28.000000000000 -22.000000000000 0.000170329514
28.000000000000 -21.000000000000 0.000180098584
28.000000000000 -20.000000000000 0.000190122677
28.000000000000 -19.000000000000 0.000200354702
28.000000000000 -18.000000000000 0.000210741970
28.000000000000 -17.000000000000 0.000221226147
28.000000000000 -16.000000000000 0.000231743316
28.000000000000 -15.000000000000 0.000242224176
28.000000000000 -14.000000000000 0.000252594402
28.000000000000 -13.000000000000 0.000262775168
28.000000000000 -12.000000000000 0.000272683859
28.000000000000 -11.000000000000 0.000282234985
28.000000000000 -10.000000000000 0.000291341282
28.000000000000 -9.000000000000 0.000299915008
28.000000000000 -8.000000000000 0.000307869411
28.000000000000 -7.000000000000 0.000315120334
28.000000000000 -6.000000000000 0.000321587922
28.000000000000 -5.000000000000 0.000327198370
28.000000000000 -4.000000000000 0.000331885653
28.000000000000 -3.000000000000 0.000335593163
28.000000000000 -2.000000000000 0.000338275179
28.000000000000 -1.000000000000 0.000339898100
28.000000000000 0.000000000000 0.000340441379
28.000000000000 1.000000000000 0.000339898100
28.000000000000 2.000000000000 0.000338275179
28.000000000000 3.000000000000 0.000335593163
28.000000000000 4.000000000000 0.000331885653
28.000000000000 5.000000000000 0.000327198370
28.000000000000 6.000000000000 0.000321587922
28.000000000000 7.000000000000 0.000315120334
28.000000000000 8.000000000000 0.000307869411
28.000000000000 9.000000000000 0.000299915008
28.000000000000 10.000000000000 0.000291341282
28.000000000000 11.000000000000 0.000282234985
28.000000000000 12.000000000000 0.000272683859
28.000000000000 13.000000000000 0.000262775168
28.000000000000 14.000000000000 0.000252594402
28.000000000000 15.000000000000 0.000242224176
28.000000000000 16.000000000000 0.000231743316
28.000000000000 17.000000000000 0.000221226147
28.000000000000 18.000000000000 0.000210741970
28.000000000000 19.000000000000 0.000200354702
28.000000000000 20.000000000000 0.000190122677
28.000000000000 21.000000000000 0.000180098584
28.000000000000 22.000000000000 0.000170329514
28.000000000000 23.000000000000 0.000160857108
28.000000000000 24.000000000000 0.000151717776
28.000000000000 25.000000000000 0.000142942980
28.000000000000 26.000000000000 0.000134559553
28.000000000000 27.000000000000 0.000126590056
28.000000000000 28.000000000000 0.000119053145
28.000000000000 29.000000000000 0.000111963950
28.000000000000 30.000000000000 0.000105334450
28.000000000000 31.000000000000 0.000099173842
28.000000000000 32.000000000000 0.000093488894
28.000000000000 33.000000000000 0.000088284280
28.000000000000 34.000000000000 0.000083562894
28.000000000000 35.000000000000 0.000079326139
28.000000000000 36.000000000000 0.000075574183
28.000000000000 37.000000000000 0.000072306195
28.000000000000 38.000000000000 0.000069520543
28.000000000000 39.000000000000 0.000067214958
28.000000000000 40.000000000000 0.000065386680
28.000000000000 41.000000000000 0.000064032551
28.000000000000 42.000000000000 0.000062274440
28.000000000000 43.000000000000 0.000013624796
28.000000000000 44.000000000000 0.000002557048
28.000000000000 45.000000000000 0.000000419567
28.000000000000 46.000000000000 0.000000064375
28.000000000000 47.000000000000 0.000000005060
28.000000000000 48.000000000000 0.000000000015
28.000000000000 49.000000000000 0.000000000000
28.000000000000 50.000000000000 0.000000000000
28.000000000000 51.000000000000 0.000000000000

29.000000000000 -51.000000000000 0.000000000000
29.000000000000 -50.000000000000 0.000000000000
29.000000000000 -49.000000000000 0.000000000000
29.000000000000 -48.000000000000 0.000000000013
29.000000000000 -47.000000000000 0.000000004567
29.000000000000 -46.000000000000 0.000000058612
29.000000000000 -45.000000000000 0.000000385213
29.000000000000 -44.000000000000 0.000002368441
29.000000000000 -43.000000000000 0.000012742772
29.000000000000 -42.000000000000 0.000058872494
29.000000000000 -41.000000000000 0.000060561442
29.000000000000 -40.000000000000 0.000061848059
29.000000000000 -39.000000000000 0.000063575784
29.000000000000 -38.000000000000 0.000065747379
29.000000000000 -37.000000000000 0.000068365119
29.000000000000 -36.000000000000 0.000071430696
29.000000000000 -35.000000000000 0.000074945095
29.000000000000 -34.000000000000 0.000078908444
29.000000000000 -33.000000000000 0.000083319829
29.000000000000 -32.000000000000 0.000088177086
29.000000000000 -31.000000000000 0.000093476565
29.000000000000 -30.000000000000 0.000099212869
29.000000000000 -29.000000000000 0.000105378579
29.000000000000 -28.000000000000 0.000111963950
29.000000000000 -27.000000000000 0.000118956603
29.000000000000 -26.000000000000 0.000126341208
29.000000000000 -25.000000000000 0.000134099153
29.000000000000 -24.000000000000 0.000142208233
29.000000000000 -23.000000000000 0.000150642338
29.000000000000 -22.000000000000 0.000159371166
29.000000000000 -21.000000000000 0.000168359973
29.000000000000 -20.000000000000 0.000177569359
29.000000000000 -19.000000000000 0.000186955114
29.000000000000 -18.000000000000 0.000196468144
29.000000000000 -17.000000000000 0.000206054470
29.000000000000 -16.000000000000 0.000215655349
29.000000000000 -15.000000000000 0.000225207498
29.000000000000 -14.000000000000 0.000234643463
29.000000000000 -13.000000000000 0.000243892132
29.000000000000 -12.000000000000 0.000252879404
29.000000000000 -11.000000000000 0.000261529015
29.000000000000 -10.000000000000 0.000269763529
29.000000000000 -9.000000000000 0.000277505475
29.000000000000 -8.000000000000 0.000284678610
29.000000000000 -7.000000000000 0.000291209297
29.000000000000 -6.000000000000 0.000297027939
29.000000000000 -5.000000000000 0.000302070448
29.000000000000 -4.000000000000 0.000306279669
29.000000000000 -3.000000000000 0.000309606733
29.000000000000 -2.000000000000 0.000312012258
29.000000000000 -1.000000000000 0.000313467351
29.000000000000 0.000000000000 0.000313954360
29.000000000000 1.000000000000 0.000313467351
29.000000000000 2.000000000000 0.000312012258
29.000000000000 3.000000000000 0.000309606733
29.000000000000 4.000000000000 0.000306279669
29.000000000000 5.000000000000 0.000302070448
29.000000000000 6.000000000000 0.000297027939
29.000000000000 7.000000000000 0.000291209297
29.000000000000 8.000000000000 0.000284678610
29.000000000000 9.000000000000 0.000277505475
29.000000000000 10.000000000000 0.000269763529
29.000000000000 11.000000000000 0.000261529015
29.000000000000 12.000000000000 0.000252879404
29.000000000000 13.000000000000 0.000243892132
29.000000000000 14.000000000000 0.000234643463
29.000000000000 15.000000000000 0.000225207498
29.000000000000 16.000000000000 0.000215655349
29.000000000000 17.000000000000 0.000206054470
29.000000000000 18.000000000000 0.000196468144
29.000000000000 19.000000000000 0.000186955114
29.000000000000 20.000000000000 0.000177569359
29.000000000000 21.000000000000 0.000168359973
29.000000000000 22.000000000000 0.000159371166
29.000000000000 23.000000000000 0.000150642338
29.000000000000 24.000000000000 0.000142208233
29.000000000000 25.000000000000 0.000134099153
29.000000000000 26.000000000000 0.000126341208
29.000000000000 27.000000000000 0.000118956603
29.000000000000 28.000000000000 0.000111963950
29.000000000000 29.000000000000 0.000105378579
29.000000000000 30.000000000000 0.000099212869
29.000000000000 31.000000000000 0.000093476565
29.000000000000 32.000000000000 0.000088177086
29.000000000000 33.000000000000 0.000083319829
29.000000000000 34.000000000000 0.000078908444
29.000000000000 35.000000000000 0.000074945095
29.000000000000 36.000000000000 0.000071430696
29.000000000000 37.000000000000 0.000068365119
29.000000000000 38.000000000000 0.000065747379
29.000000000000 39.000000000000 0.000063575784
29.000000000000 40.000000000000 0.000061848059
29.000000000000 41.000000000000 0.000060561442
29.000000000000 42.000000000000 0.000058872494
29.000000000000 43.000000000000 0.000012742772
29.000000000000 44.000000000000 0.000002368441
29.000000000000 45.000000000000 0.000000385213
29.000000000000 46.000000000000 0.000000058612
29.000000000000 47.000000000000 0.000000004567
29.000000000000 48.000000000000 0.000000000013
29.000000000000 49.000000000000 0.000000000000
29.000000000000 50.000000000000 0.000000000000
29.000000000000 51.000000000000 0.000000000000

30.000000000000 -51.000000000000 0.000000000000
30.000000000000 -50.000000000000 0.000000000000
30.000000000000 -49.000000000000 0.000000000000
30.000000000000 -48.000000000000 0.000000000012
30.000000000000 -47.000000000000 0.000000004117
30.000000000000 -46.000000000000 0.000000053303
30.000000000000 -45.000000000000 0.000000353368
30.000000000000 -44.000000000000 0.000002192536
30.000000000000 -43.000000000000 0.000011914931
30.000000000000 -42.000000000000 0.000055658720
30.000000000000 -41.000000000000 0.000057281687
30.000000000000 -40.000000000000 0.000058504823
30.000000000000 -39.000000000000 0.000060138480
30.000000000000 -38.000000000000 0.000062185071
30.000000000000 -37.000000000000 0.000064646439
30.000000000000 -36.000000000000 0.000067523778
30.000000000000 -35.000000000000 0.000070817523
30.000000000000 -34.000000000000 0.000074527207
30.000000000000 -33.000000000000 0.000078651307
30.000000000000 -32.000000000000 0.000083187041
30.000000000000 -31.000000000000 0.000088130167
30.000000000000 -30.000000000000 0.000093474740
30.000000000000 -29.000000000000 0.000099212869
30.000000000000 -28.000000000000 0.000105334450
30.000000000000 -27.000000000000 0.000111826894
30.000000000000 -26.000000000000 0.000118674850
30.000000000000 -25.000000000000 0.000125859929
30.000000000000 -24.000000000000 0.000133360436
30.000000000000 -23.000000000000 0.000141151114
30.000000000000 -22.000000000000 0.000149202918
30.000000000000 -21.000000000000 0.000157482814
30.000000000000 -20.000000000000 0.000165953626
30.000000000000 -19.000000000000 0.000174573944
30.000000000000 -18.000000000000 0.000183298085
30.000000000000 -17.000000000000 0.000192076151
30.000000000000 -16.000000000000 0.000200854172
30.000000000000 -15.000000000000 0.000209574349
30.000000000000 -14.000000000000 0.000218175428
30.000000000000 -13.000000000000 0.000226593187
30.000000000000 -12.000000000000 0.000234761053
30.000000000000 -11.000000000000 0.000242610861
30.000000000000 -10.000000000000 0.000250073728
30.000000000000 -9.000000000000 0.000257081053
30.000000000000 -8.000000000000 0.000263565615
30.000000000000 -7.000000000000 0.000269462743
30.000000000000 -6.000000000000 0.000274711543
30.000000000000 -5.000000000000 0.000279256118
30.000000000000 -4.000000000000 0.000283046767
30.000000000000 -3.000000000000 0.000286041095
30.000000000000 -2.000000000000 0.000288205005
30.000000000000 -1.000000000000 0.000289513521
30.000000000000 0.000000000000 0.000289951401
30.000000000000 1.000000000000 0.000289513521
30.000000000000 2.000000000000 0.000288205005
30.000000000000 3.000000000000 0.000286041095
30.000000000000 4.000000000000 0.000283046767
30.000000000000 5.000000000000 0.000279256118
30.000000000000 6.000000000000 0.000274711543
30.000000000000 7.000000000000 0.000269462743
30.000000000000 8.000000000000 0.000263565615
30.000000000000 9.000000000000 0.000257081053
30.000000000000 10.000000000000 0.000250073728
30.000000000000 11.000000000000 0.000242610861
30.000000000000 12.000000000000 0.000234761053
30.000000000000 13.000000000000 0.000226593187
30.000000000000 14.000000000000 0.000218175428
30.000000000000 15.000000000000 0.000209574349
30.000000000000 16.000000000000 0.000200854172
30.000000000000 17.000000000000 0.000192076151
30.000000000000 18.000000000000 0.000183298085
30.000000000000 19.000000000000 0.000174573944
30.000000000000 20.000000000000 0.000165953626
30.000000000000 21.000000000000 0.000157482814
30.000000000000 22.000000000000 0.000149202918
30.000000000000 23.000000000000 0.000141151114
30.000000000000 24.000000000000 0.000133360436
30.000000000000 25.000000000000 0.000125859929
30.000000000000 26.000000000000 0.000118674850
30.000000000000 27.000000000000 0.000111826894
30.000000000000 28.000000000000 0.000105334450
30.000000000000 29.000000000000 0.000099212869
30.000000000000 30.000000000000 0.000093474740
30.000000000000 31.000000000000 0.000088130167
30.000000000000 32.000000000000 0.000083187041
30.000000000000 33.000000000000 0.000078651307
30.000000000000 34.000000000000 0.000074527207
30.000000000000 35.000000000000 0.000070817523
30.000000000000 36.000000000000 0.000067523778
30.000000000000 37.000000000000 0.000064646439
30.000000000000 38.000000000000 0.000062185071
30.000000000000 39.000000000000 0.000060138480
30.000000000000 40.000000000000 0.000058504823
30.000000000000 41.000000000000 0.000057281687
30.000000000000 42.000000000000 0.000055658720
30.000000000000 43.000000000000 0.000011914931
30.000000000000 44.000000000000 0.000002192536
30.000000000000 45.000000000000 0.000000353368
30.000000000000 46.000000000000 0.000000053303
30.000000000000 47.000000000000 0.000000004117
30.000000000000 48.000000000000 0.000000000012
30.000000000000 49.000000000000 0.000000000000
30.000000000000 50.000000000000 0.000000000000
30.000000000000 51.000000000000 0.000000000000

31.000000000000 -51.000000000000 0.000000000000
31.000000000000 -50.000000000000 0.000000000000
31.000000000000 -49.000000000000 0.000000000000
31.000000000000 -48.000000000000 0.000000000010
31.000000000000 -47.000000000000 0.000000003707
31.000000000000 -46.000000000000 0.000000048441
31.000000000000 -45.000000000000 0.000000324029
31.000000000000 -44.000000000000 0.000002029491
31.000000000000 -43.000000000000 0.000011142811
31.000000000000 -42.000000000000 0.000052641929
31.000000000000 -41.000000000000 0.000054202352
31.000000000000 -40.000000000000 0.000055366194
31.000000000000 -39.000000000000 0.000056912452
31.000000000000 -38.000000000000 0.000058843219
31.000000000000 -37.000000000000 0.000061159957
31.000000000000 -36.000000000000 0.000063863426
31.000000000000 -35.000000000000 0.000066953587
31.000000000000 -34.000000000000 0.000070429486
31.000000000000 -33.000000000000 0.000074289098
31.000000000000 -32.000000000000 0.000078529155
31.000000000000 -31.000000000000 0.000083144960
31.000000000000 -30.000000000000 0.000088130167
31.000000000000 -29.000000000000 0.000093476565
31.000000000000 -28.000000000000 0.000099173842
31.000000000000 -27.000000000000 0.000105209350
31.000000000000 -26.000000000000 0.000111567860
31.000000000000 -25.000000000000 0.000118231332
31.000000000000 -24.000000000000 0.000125178689
31.000000000000 -23.000000000000 0.000132385607
31.000000000000 -22.000000000000 0.000139824335
31.000000000000 -21.000000000000 0.000147463546
31.000000000000 -20.000000000000 0.000155268227
31.000000000000 -19.000000000000 0.000163199627
31.000000000000 -18.000000000000 0.000171215267
31.000000000000 -17.000000000000 0.000179269020
31.000000000000 -16.000000000000 0.000187311274
31.000000000000 -15.000000000000 0.000195289194
31.000000000000 -14.000000000000 0.000203147076
31.000000000000 -13.000000000000 0.000210826813
31.000000000000 -12.000000000000 0.000218268465
31.000000000000 -11.000000000000 0.000225410941
31.000000000000 -10.000000000000 0.000232192783
31.000000000000 -9.000000000000 0.000238553037
31.000000000000 -8.000000000000 0.000244432210
31.000000000000 -7.000000000000 0.000249773277
31.000000000000 -6.000000000000 0.000254522717
31.000000000000 -5.000000000000 0.000258631552
31.000000000000 -4.000000000000 0.000262056342
31.000000000000 -3.000000000000 0.000264760120
31.000000000000 -2.000000000000 0.000266713206
31.000000000000 -1.000000000000 0.000267893889
31.000000000000 0.000000000000 0.000268288932
31.000000000000 1.000000000000 0.000267893889
31.000000000000 2.000000000000 0.000266713206
31.000000000000 3.000000000000 0.000264760120
31.000000000000 4.000000000000 0.000262056342
31.000000000000 5.000000000000 0.000258631552
31.000000000000 6.000000000000 0.000254522717
31.000000000000 7.000000000000 0.000249773277
31.000000000000 8.000000000000 0.000244432210
31.000000000000 9.000000000000 0.000238553037
31.000000000000 10.000000000000 0.000232192783
31.000000000000 11.000000000000 0.000225410941
31.000000000000 12.000000000000 0.000218268465
31.000000000000 13.000000000000 0.000210826813
31.000000000000 14.000000000000 0.000203147076
31.000000000000 15.000000000000 0.000195289194
31.000000000000 16.000000000000 0.000187311274
31.000000000000 17.000000000000 0.000179269020
31.000000000000 18.000000000000 0.000171215267
31.000000000000 19.000000000000 0.000163199627
31.000000000000 20.000000000000 0.000155268227
31.000000000000 21.000000000000 0.000147463546
31.000000000000 22.000000000000 0.000139824335
31.000000000000 23.000000000000 0.000132385607
31.000000000000 24.000000000000 0.000125178689
31.000000000000 25.000000000000 0.000118231332
31.000000000000 26.000000000000 0.000111567860
31.000000000000 27.000000000000 0.000105209350
31.000000000000 28.000000000000 0.000099173842
31.000000000000 29.000000000000 0.000093476565
31.000000000000 30.000000000000 0.000088130167
31.000000000000 31.000000000000 0.000083144960
31.000000000000 32.000000000000 0.000078529155
31.000000000000 33.000000000000 0.000074289098
31.000000000000 34.000000000000 0.000070429486
31.000000000000 35.000000000000 0.000066953587
31.000000000000 36.000000000000 0.000063863426
31.000000000000 37.000000000000 0.000061159957
31.000000000000 38.000000000000 0.000058843219
31.000000000000 39.000000000000 0.000056912452
31.000000000000 40.000000000000 0.000055366194
31.000000000000 41.000000000000 0.000054202352
31.000000000000 42.000000000000 0.000052641929
31.000000000000 43.000000000000 0.000011142811
31.000000000000 44.000000000000 0.000002029491
31.000000000000 45.000000000000 0.000000324029
31.000000000000 46.000000000000 0.000000048441
31.000000000000 47.000000000000 0.000000003707
31.000000000000 48.000000000000 0.000000000010
31.000000000000 49.000000000000 0.000000000000
31.000000000000 50.000000000000 0.000000000000
31.000000000000 51.000000000000 0.000000000000

32.000000000000 -51.000000000000 0.000000000000
32.000000000000 -50.000000000000 0.000000000000
32.000000000000 -49.000000000000 0.000000000000
32.000000000000 -48.000000000000 0.000000000009
32.000000000000 -47.000000000000 0.000000003337
32.000000000000 -46.000000000000 0.000000044018
32.000000000000 -45.000000000000 0.000000297178
32.000000000000 -44.000000000000 0.000001879379
32.000000000000 -43.000000000000 0.000010427561
32.000000000000 -42.000000000000 0.000049829513
32.000000000000 -41.000000000000 0.000051331060
32.000000000000 -40.000000000000 0.000052439934
32.000000000000 -39.000000000000 0.000053905616
32.000000000000 -38.000000000000 0.000055729903
32.000000000000 -37.000000000000 0.000057913907
32.000000000000 -36.000000000000 0.000060458004
32.000000000000 -35.000000000000 0.000063361754
32.000000000000 -34.000000000000 0.000066623794
32.000000000000 -33.000000000000 0.000070241702
32.000000000000 -32.000000000000 0.000074211835
32.000000000000 -31.000000000000 0.000078529155
32.000000000000 -30.000000000000 0.000083187041
32.000000000000 -29.000000000000 0.000088177086
32.000000000000 -28.000000000000 0.000093488894
32.000000000000 -27.000000000000 0.000099109870
32.000000000000 -26.000000000000 0.000105025015
32.000000000000 -25.000000000000 0.000111216725
32.000000000000 -24.000000000000 0.000117664606
32.000000000000 -23.000000000000 0.000124345303
32.000000000000 -22.000000000000 0.000131232360
32.000000000000 -21.000000000000 0.000138296105
32.000000000000 -20.000000000000 0.000145503587
32.000000000000 -19.000000000000 0.000152818550
32.000000000000 -18.000000000000 0.000160201473
32.000000000000 -17.000000000000 0.000167609677
32.000000000000 -16.000000000000 0.000174997497
32.000000000000 -15.000000000000 0.000182316543
32.000000000000 -14.000000000000 0.000189516049
32.000000000000 -13.000000000000 0.000196543302
32.000000000000 -12.000000000000 0.000203344170
32.000000000000 -11.000000000000 0.000209863718
32.000000000000 -10.000000000000 0.000216046905
32.000000000000 -9.000000000000 0.000221839351
32.000000000000 -8.000000000000 0.000227188173
32.000000000000 -7.000000000000 0.000232042845
32.000000000000 -6.000000000000 0.000236356093
32.000000000000 -5.000000000000 0.000240084773
32.000000000000 -4.000000000000 0.000243190712
32.000000000000 -3.000000000000 0.000245641488
32.000000000000 -2.000000000000 0.000247411115
32.000000000000 -1.000000000000 0.000248480607
32.000000000000 0.000000000000 0.000248838399
32.000000000000 1.000000000000 0.000248480607
32.000000000000 2.000000000000 0.000247411115
32.000000000000 3.000000000000 0.000245641488
32.000000000000 4.000000000000 0.000243190712
32.000000000000 5.000000000000 0.000240084773
32.000000000000 6.000000000000 0.000236356093
32.000000000000 7.000000000000 0.000232042845
32.000000000000 8.000000000000 0.000227188173
32.000000000000 9.000000000000 0.000221839351
32.000000000000 10.000000000000 0.000216046905
32.000000000000 11.000000000000 0.000209863718
32.000000000000 12.000000000000 0.000203344170
32.000000000000 13.000000000000 0.000196543302
32.000000000000 14.000000000000 0.000189516049
32.000000000000 15.000000000000 0.000182316543
32.000000000000 16.000000000000 0.000174997497
32.000000000000 17.000000000000 0.000167609677
32.000000000000 18.000000000000 0.000160201473
32.000000000000 19.000000000000 0.000152818550
32.000000000000 20.000000000000 0.000145503587
32.000000000000 21.000000000000 0.000138296105
32.000000000000 22.000000000000 0.000131232360
32.000000000000 23.000000000000 0.000124345303
32.000000000000 24.000000000000 0.000117664606
32.000000000000 25.000000000000 0.000111216725
32.000000000000 26.000000000000 0.000105025015
32.000000000000 27.000000000000 0.000099109870
32.000000000000 28.000000000000 0.000093488894
32.000000000000 29.000000000000 0.000088177086
32.000000000000 30.000000000000 0.000083187041
32.000000000000 31.000000000000 0.000078529155
32.000000000000 32.000000000000 0.000074211835
32.000000000000 33.000000000000 0.000070241702
32.000000000000 34.000000000000 0.000066623794
32.000000000000 35.000000000000 0.000063361754
32.000000000000 36.000000000000 0.000060458004
32.000000000000 37.000000000000 0.000057913907
32.000000000000 38.000000000000 0.000055729903
32.000000000000 39.000000000000 0.000053905616
32.000000000000 40.000000000000 0.000052439934
32.000000000000 41.000000000000 0.000051331060
32.000000000000 42.000000000000 0.000049829513
32.000000000000 43.000000000000 0.000010427561
32.000000000000 44.000000000000 0.000001879379
32.000000000000 45.000000000000 0.000000297178
32.000000000000 46.000000000000 0.000000044018
32.000000000000 47.000000000000 0.000000003337
32.000000000000 48.000000000000 0.000000000009
32.000000000000 49.000000000000 0.000000000000
32.000000000000 50.000000000000 0.000000000000
32.000000000000 51.000000000000 0.000000000000

33.000000000000 -51.000000000000 0.000000000000
33.000000000000 -50.000000000000 0.000000000000
33.000000000000 -49.000000000000 0.000000000000
33.000000000000 -48.000000000000 0.000000000008
33.000000000000 -47.000000000000 0.000000003004
33.000000000000 -46.000000000000 0.000000040023
33.000000000000 -45.000000000000 0.000000272781
33.000000000000 -44.000000000000 0.000001742198
33.000000000000 -43.000000000000 0.000009769971
33.000000000000 -42.000000000000 0.000047227505
33.000000000000 -41.000000000000 0.000048674046
33.000000000000 -40.000000000000 0.000049732410
33.000000000000 -39.000000000000 0.000051124487
33.000000000000 -38.000000000000 0.000052851781
33.000000000000 -37.000000000000 0.000054915069
33.000000000000 -36.000000000000 0.000057314379
33.000000000000 -35.000000000000 0.000060048928
33.000000000000 -34.000000000000 0.000063117019
33.000000000000 -33.000000000000 0.000066515918
33.000000000000 -32.000000000000 0.000070241702
33.000000000000 -31.000000000000 0.000074289098
33.000000000000 -30.000000000000 0.000078651307
33.000000000000 -29.000000000000 0.000083319829
33.000000000000 -28.000000000000 0.000088284280
33.000000000000 -27.000000000000 0.000093532205
33.000000000000 -26.000000000000 0.000099048907
33.000000000000 -25.000000000000 0.000104817274
33.000000000000 -24.000000000000 0.000110817624
33.000000000000 -23.000000000000 0.000117027573
33.000000000000 -22.000000000000 0.000123421921
33.000000000000 -21.000000000000 0.000129972574
33.000000000000 -20.000000000000 0.000136648506
33.000000000000 -19.000000000000 0.000143415766
33.000000000000 -18.000000000000 0.000150237535
33.000000000000 -17.000000000000 0.000157074246
33.000000000000 -16.000000000000 0.000163883769
33.000000000000 -15.000000000000 0.000170621667
33.000000000000 -14.000000000000 0.000177241523
33.000000000000 -13.000000000000 0.000183695349
33.000000000000 -12.000000000000 0.000189934071
33.000000000000 -11.000000000000 0.000195908076
33.000000000000 -10.000000000000 0.000201567843
33.000000000000 -9.000000000000 0.000206864622
33.000000000000 -8.000000000000 0.000211751154
33.000000000000 -7.000000000000 0.000216182428
33.000000000000 -6.000000000000 0.000220116448
33.000000000000 -5.000000000000 0.000223514977
33.000000000000 -4.000000000000 0.000226344261
33.000000000000 -3.000000000000 0.000228575684
33.000000000000 -2.000000000000 0.000230186343
33.000000000000 -1.000000000000 0.000231159526
33.000000000000 0.000000000000 0.000231485059
33.000000000000 1.000000000000 0.000231159526
33.000000000000 2.000000000000 0.000230186343
33.000000000000 3.000000000000 0.000228575684
33.000000000000 4.000000000000 0.000226344261
33.000000000000 5.000000000000 0.000223514977
33.000000000000 6.000000000000 0.000220116448
33.000000000000 7.000000000000 0.000216182428
33.000000000000 8.000000000000 0.000211751154
33.000000000000 9.000000000000 0.000206864622
33.000000000000 10.000000000000 0.000201567843
33.000000000000 11.000000000000 0.000195908076
33.000000000000 12.000000000000 0.000189934071
33.000000000000 13.000000000000 0.000183695349
33.000000000000 14.000000000000 0.000177241523
33.000000000000 15.000000000000 0.000170621667
33.000000000000 16.000000000000 0.000163883769
33.000000000000 17.000000000000 0.000157074246
33.000000000000 18.000000000000 0.000150237535
33.000000000000 19.000000000000 0.000143415766
33.000000000000 20.000000000000 0.000136648506
33.000000000000 21.000000000000 0.000129972574
33.000000000000 22.000000000000 0.000123421921
33.000000000000 23.000000000000 0.000117027573
33.000000000000 24.000000000000 0.000110817624
33.000000000000 25.000000000000 0.000104817274
33.000000000000 26.000000000000 0.000099048907
33.000000000000 27.000000000000 0.000093532205
33.000000000000 28.000000000000 0.000088284280
33.000000000000 29.000000000000 0.000083319829
33.000000000000 30.000000000000 0.000078651307
33.000000000000 31.000000000000 0.000074289098
33.000000000000 32.000000000000 0.000070241702
33.000000000000 33.000000000000 0.000066515918
33.000000000000 34.000000000000 0.000063117019
33.000000000000 35.000000000000 0.000060048928
33.000000000000 36.000000000000 0.000057314379
33.000000000000 37.000000000000 0.000054915069
33.000000000000 38.000000000000 0.000052851781
33.000000000000 39.000000000000 0.000051124487
33.000000000000 40.000000000000 0.000049732410
33.000000000000 41.000000000000 0.000048674046
33.000000000000 42.000000000000 0.000047227505
33.000000000000 43.000000000000 0.000009769971
33.000000000000 44.000000000000 0.000001742198
33.000000000000 45.000000000000 0.000000272781
33.000000000000 46.000000000000 0.000000040023
33.000000000000 47.000000000000 0.000000003004
33.000000000000 48.000000000000 0.000000000008
33.000000000000 49.000000000000 0.000000000000
33.000000000000 50.000000000000 0.000000000000
33.000000000000 51.000000000000 0.000000000000

34.000000000000 -51.000000000000 0.000000000000
34.000000000000 -50.000000000000 0.000000000000
34.000000000000 -49.000000000000 0.000000000000
34.000000000000 -48.000000000000 0.000000000007
34.000000000000 -47.000000000000 0.000000002708
34.000000000000 -46.000000000000 0.000000036443
34.000000000000 -45.000000000000 0.000000250798
34.000000000000 -44.000000000000 0.000001617882
34.000000000000 -43.000000000000 0.000009170510
34.000000000000 -42.000000000000 0.000044840628
34.000000000000 -41.000000000000 0.000046236211
34.000000000000 -40.000000000000 0.000047248655
34.000000000000 -39.000000000000 0.000048574254
34.000000000000 -38.000000000000 0.000050214187
34.000000000000 -37.000000000000 0.000052168886
34.000000000000 -36.000000000000 0.000054438053
34.000000000000 -35.000000000000 0.000057020606
34.000000000000 -34.000000000000 0.000059914584
34.000000000000 -33.000000000000 0.000063117019
34.000000000000 -32.000000000000 0.000066623794
34.000000000000 -31.000000000000 0.000070429486
34.000000000000 -30.000000000000 0.000074527207
34.000000000000 -29.000000000000 0.000078908444
34.000000000000 -28.000000000000 0.000083562894
34.000000000000 -27.000000000000 0.000088478307
34.000000000000 -26.000000000000 0.000093640332
34.000000000000 -25.000000000000 0.000099032374
34.000000000000 -24.000000000000 0.000104635469
34.000000000000 -23.000000000000 0.000110428172
34.000000000000 -22.000000000000 0.000116386474
34.000000000000 -21.000000000000 0.000122483754
34.000000000000 -20.000000000000 0.000128690757
34.000000000000 -19.000000000000 0.000134975626
34.000000000000 -18.000000000000 0.000141303973
34.000000000000 -17.000000000000 0.000147639011
34.000000000000 -16.000000000000 0.000153941739
34.000000000000 -15.000000000000 0.000160171192
34.000000000000 -14.000000000000 0.000166284755
34.000000000000 -13.000000000000 0.000172238544
34.000000000000 -12.000000000000 0.000177987843
34.000000000000 -11.000000000000 0.000183487617
34.000000000000 -10.000000000000 0.000188693060
34.000000000000 -9.000000000000 0.000193560205
34.000000000000 -8.000000000000 0.000198046562
34.000000000000 -7.000000000000 0.000202111773
34.000000000000 -6.000000000000 0.000205718274
34.000000000000 -5.000000000000 0.000208831946
34.000000000000 -4.000000000000 0.000211422726
34.000000000000 -3.000000000000 0.000213465171
34.000000000000 -2.000000000000 0.000214938946
34.000000000000 -1.000000000000 0.000215829227
34.000000000000 0.000000000000 0.000216126996
34.000000000000 1.000000000000 0.000215829227
34.000000000000 2.000000000000 0.000214938946
34.000000000000 3.000000000000 0.000213465171
34.000000000000 4.000000000000 0.000211422726
34.000000000000 5.000000000000 0.000208831946
34.000000000000 6.000000000000 0.000205718274
34.000000000000 7.000000000000 0.000202111773
34.000000000000 8.000000000000 0.000198046562
34.000000000000 9.000000000000 0.000193560205
34.000000000000 10.000000000000 0.000188693060
34.000000000000 11.000000000000 0.000183487617
34.000000000000 12.000000000000 0.000177987843
34.000000000000 13.000000000000 0.000172238544
34.000000000000 14.000000000000 0.000166284755
34.000000000000 15.000000000000 0.000160171192
34.000000000000 16.000000000000 0.000153941739
34.000000000000 17.000000000000 0.000147639011
34.000000000000 18.000000000000 0.000141303973
34.000000000000 19.000000000000 0.000134975626
34.000000000000 20.000000000000 0.000128690757
34.000000000000 21.000000000000 0.000122483754
34.000000000000 22.000000000000 0.000116386474
34.000000000000 23.000000000000 0.000110428172
34.000000000000 24.000000000000 0.000104635469
34.000000000000 25.000000000000 0.000099032374
34.000000000000 26.000000000000 0.000093640332
34.000000000000 27.000000000000 0.000088478307
34.000000000000 28.000000000000 0.000083562894
34.000000000000 29.000000000000 0.000078908444
34.000000000000 30.000000000000 0.000074527207
34.000000000000 31.000000000000 0.000070429486
34.000000000000 32.000000000000 0.000066623794
34.000000000000 33.000000000000 0.000063117019
34.000000000000 34.000000000000 0.000059914584
34.000000000000 35.000000000000 0.000057020606
34.000000000000 36.000000000000 0.000054438053
34.000000000000 37.000000000000 0.000052168886
34.000000000000 38.000000000000 0.000050214187
34.000000000000 39.000000000000 0.000048574254
34.000000000000 40.000000000000 0.000047248655
34.000000000000 41.000000000000 0.000046236211
34.000000000000 42.000000000000 0.000044840628
34.000000000000 43.000000000000 0.000009170510
34.000000000000 44.000000000000 0.000001617882
34.000000000000 45.000000000000 0.000000250798
34.000000000000 46.000000000000 0.000000036443
34.000000000000 47.000000000000 0.000000002708
34.000000000000 48.000000000000 0.000000000007
34.000000000000 49.000000000000 0.000000000000
34.000000000000 50.000000000000 0.000000000000
34.000000000000 51.000000000000 0.000000000000

35.000000000000 -51.000000000000 0.000000000000
35.000000000000 -50.000000000000 0.000000000000
35.000000000000 -49.000000000000 0.000000000000
35.000000000000 -48.000000000000 0.000000000007
35.000000000000 -47.000000000000 0.000000002447
35.000000000000 -46.000000000000 0.000000033266
35.000000000000 -45.000000000000 0.000000231178
35.000000000000 -44.000000000000 0.000001506309
35.000000000000 -43.000000000000 0.000008629343
35.000000000000 -42.000000000000 0.000042672321
35.000000000000 -41.000000000000 0.000044021140
35.000000000000 -40.000000000000 0.000044992422
35.000000000000 -39.000000000000 0.000046258869
35.000000000000 -38.000000000000 0.000047821246
35.000000000000 -37.000000000000 0.000049679596
35.000000000000 -36.000000000000 0.000051833299
35.000000000000 -35.000000000000 0.000054281022
35.000000000000 -34.000000000000 0.000057020606
35.000000000000 -33.000000000000 0.000060048928
35.000000000000 -32.000000000000 0.000063361754
35.000000000000 -31.000000000000 0.000066953587
35.000000000000 -30.000000000000 0.000070817523
35.000000000000 -29.000000000000 0.000074945095
35.000000000000 -28.000000000000 0.000079326139
35.000000000000 -27.000000000000 0.000083948646
35.000000000000 -26.000000000000 0.000088798636
35.000000000000 -25.000000000000 0.000093860035
35.000000000000 -24.000000000000 0.000099114570
35.000000000000 -23.000000000000 0.000104541686
35.000000000000 -22.000000000000 0.000110118481
35.000000000000 -21.000000000000 0.000115819675
35.000000000000 -20.000000000000 0.000121617616
35.000000000000 -19.000000000000 0.000127482317
35.000000000000 -18.000000000000 0.000133381547
35.000000000000 -17.000000000000 0.000139280964
35.000000000000 -16.000000000000 0.000145144300
35.000000000000 -15.000000000000 0.000150933605
35.000000000000 -14.000000000000 0.000156609548
35.000000000000 -13.000000000000 0.000162131762
35.000000000000 -12.000000000000 0.000167459261
35.000000000000 -11.000000000000 0.000172550895
35.000000000000 -10.000000000000 0.000177365853
35.000000000000 -9.000000000000 0.000181864203
35.000000000000 -8.000000000000 0.000186007455
35.000000000000 -7.000000000000 0.000189759147
35.000000000000 -6.000000000000 0.000193085415
35.000000000000 -5.000000000000 0.000195955565
35.000000000000 -4.000000000000 0.000198342600
35.000000000000 -3.000000000000 0.000200223704
35.000000000000 -2.000000000000 0.000201580667
35.000000000000 -1.000000000000 0.000202400224
35.000000000000 0.000000000000 0.000202674311
35.000000000000 1.000000000000 0.000202400224
35.000000000000 2.000000000000 0.000201580667
35.000000000000 3.000000000000 0.000200223704
35.000000000000 4.000000000000 0.000198342600
35.000000000000 5.000000000000 0.000195955565
35.000000000000 6.000000000000 0.000193085415
35.000000000000 7.000000000000 0.000189759147
35.000000000000 8.000000000000 0.000186007455
35.000000000000 9.000000000000 0.000181864203
35.000000000000 10.000000000000 0.000177365853
35.000000000000 11.000000000000 0.000172550895
35.000000000000 12.000000000000 0.000167459261
35.000000000000 13.000000000000 0.000162131762
35.000000000000 14.000000000000 0.000156609548
35.000000000000 15.000000000000 0.000150933605
35.000000000000 16.000000000000 0.000145144300
35.000000000000 17.000000000000 0.000139280964
35.000000000000 18.000000000000 0.000133381547
35.000000000000 19.000000000000 0.000127482317
35.000000000000 20.000000000000 0.000121617616
35.000000000000 21.000000000000 0.000115819675
35.000000000000 22.000000000000 0.000110118481
35.000000000000 23.000000000000 0.000104541686
35.000000000000 24.000000000000 0.000099114570
35.000000000000 25.000000000000 0.000093860035
35.000000000000 26.000000000000 0.000088798636
35.000000000000 27.000000000000 0.000083948646
35.000000000000 28.000000000000 0.000079326139
35.000000000000 29.000000000000 0.000074945095
35.000000000000 30.000000000000 0.000070817523
35.000000000000 31.000000000000 0.000066953587
35.000000000000 32.000000000000 0.000063361754
35.000000000000 33.000000000000 0.000060048928
35.000000000000 34.000000000000 0.000057020606
35.000000000000 35.000000000000 0.000054281022
35.000000000000 36.000000000000 0.000051833299
35.000000000000 37.000000000000 0.000049679596
35.000000000000 38.000000000000 0.000047821246
35.000000000000 39.000000000000 0.000046258869
35.000000000000 40.000000000000 0.000044992422
35.000000000000 41.000000000000 0.000044021140
35.000000000000 42.000000000000 0.000042672321
35.000000000000 43.000000000000 0.000008629343
35.000000000000 44.000000000000 0.000001506309
35.000000000000 45.000000000000 0.000000231178
35.000000000000 46.000000000000 0.000000033266
35.000000000000 47.000000000000 0.000000002447
35.000000000000 48.000000000000 0.000000000007
35.000000000000 49.000000000000 0.000000000000
35.000000000000 50.000000000000 0.000000000000
35.000000000000 51.000000000000 0.000000000000

36.000000000000 -51.000000000000 0.000000000000
36.000000000000 -50.000000000000 0.000000000000
36.000000000000 -49.000000000000 0.000000000000
36.000000000000 -48.000000000000 0.000000000006
36.000000000000 -47.000000000000 0.000000002219
36.000000000000 -46.000000000000 0.000000030478
36.000000000000 -45.000000000000 0.000000213863
36.000000000000 -44.000000000000 0.000001407305
36.000000000000 -43.000000000000 0.000008146343
36.000000000000 -42.000000000000 0.000040724707
36.000000000000 -41.000000000000 0.000042031070
36.000000000000 -40.000000000000 0.000042966200
36.000000000000 -39.000000000000 0.000044181131
36.000000000000 -38.000000000000 0.000045676002
36.000000000000 -37.000000000000 0.000047450373
36.000000000000 -36.000000000000 0.000049503314
36.000000000000 -35.000000000000 0.000051833299
36.000000000000 -34.000000000000 0.000054438053
36.000000000000 -33.000000000000 0.000057314379
36.000000000000 -32.000000000000 0.000060458004
36.000000000000 -31.000000000000 0.000063863426
36.000000000000 -30.000000000000 0.000067523778
36.000000000000 -29.000000000000 0.000071430696
36.000000000000 -28.000000000000 0.000075574183
36.000000000000 -27.000000000000 0.000079942497
36.000000000000 -26.000000000000 0.000084522032
36.000000000000 -25.000000000000 0.000089297216
36.000000000000 -24.000000000000 0.000094250429
36.000000000000 -23.000000000000 0.000099361932
36.000000000000 -22.000000000000 0.000104609824
36.000000000000 -21.000000000000 0.000109970029
36.000000000000 -20.000000000000 0.000115416311
36.000000000000 -19.000000000000 0.000120920326
36.000000000000 -18.000000000000 0.000126451719
36.000000000000 -17.000000000000 0.000131978262
36.000000000000 -16.000000000000 0.000137466037
36.000000000000 -15.000000000000 0.000142879671
36.000000000000 -14.000000000000 0.000148182619
36.000000000000 -13.000000000000 0.000153337496
36.000000000000 -12.000000000000 0.000158306454
36.000000000000 -11.000000000000 0.000163051602
36.000000000000 -10.000000000000 0.000167535463
36.000000000000 -9.000000000000 0.000171721465
36.000000000000 -8.000000000000 0.000175574439
36.000000000000 -7.000000000000 0.000179061141
36.000000000000 -6.000000000000 0.000182150762
36.000000000000 -5.000000000000 0.000184815425
36.000000000000 -4.000000000000 0.000187030649
36.000000000000 -3.000000000000 0.000188775774
36.000000000000 -2.000000000000 0.000190034326
36.000000000000 -1.000000000000 0.000190794316
36.000000000000 0.000000000000 0.000191048460
36.000000000000 1.000000000000 0.000190794316
36.000000000000 2.000000000000 0.000190034326
36.000000000000 3.000000000000 0.000188775774
36.000000000000 4.000000000000 0.000187030649
36.000000000000 5.000000000000 0.000184815425
36.000000000000 6.000000000000 0.000182150762
36.000000000000 7.000000000000 0.000179061141
36.000000000000 8.000000000000 0.000175574439
36.000000000000 9.000000000000 0.000171721465
36.000000000000 10.000000000000 0.000167535463
36.000000000000 11.000000000000 0.000163051602
36.000000000000 12.000000000000 0.000158306454
36.000000000000 13.000000000000 0.000153337496
36.000000000000 14.000000000000 0.000148182619
36.000000000000 15.000000000000 0.000142879671
36.000000000000 16.000000000000 0.000137466037
36.000000000000 17.000000000000 0.000131978262
36.000000000000 18.000000000000 0.000126451719
36.000000000000 19.000000000000 0.000120920326
36.000000000000 20.000000000000 0.000115416311
36.000000000000 21.000000000000 0.000109970029
36.000000000000 22.000000000000 0.000104609824
36.000000000000 23.000000000000 0.000099361932
36.000000000000 24.000000000000 0.000094250429
36.000000000000 25.000000000000 0.000089297216
36.000000000000 26.000000000000 0.000084522032
36.000000000000 27.000000000000 0.000079942497
36.000000000000 28.000000000000 0.000075574183
36.000000000000 29.000000000000 0.000071430696
36.000000000000 30.000000000000 0.000067523778
36.000000000000 31.000000000000 0.000063863426
36.000000000000 32.000000000000 0.000060458004
36.000000000000 33.000000000000 0.000057314379
36.000000000000 34.000000000000 0.000054438053
36.000000000000 35.000000000000 0.000051833299
36.000000000000 36.000000000000 0.000049503314
36.000000000000 37.000000000000 0.000047450373
36.000000000000 38.000000000000 0.000045676002
36.000000000000 39.000000000000 0.000044181131
36.000000000000 40.000000000000 0.000042966200
36.000000000000 41.000000000000 0.000042031070
36.000000000000 42.000000000000 0.000040724707
36.000000000000 43.000000000000 0.000008146343
36.000000000000 44.000000000000 0.000001407305
36.000000000000 45.000000000000 0.000000213863
36.000000000000 46.000000000000 0.000000030478
36.000000000000 47.000000000000 0.000000002219
36.000000000000 48.000000000000 0.000000000006
36.000000000000 49.000000000000 0.000000000000
36.000000000000 50.000000000000 0.000000000000
36.000000000000 51.000000000000 0.000000000000

37.000000000000 -51.000000000000 0.000000000000
37.000000000000 -50.000000000000 0.000000000000
37.000000000000 -49.000000000000 0.000000000000
37.000000000000 -48.000000000000 0.000000000005
37.000000000000 -47.000000000000 0.000000002023
37.000000000000 -46.000000000000 0.000000028060
37.000000000000 -45.000000000000 0.000000198778
37.000000000000 -44.000000000000 0.000001320613
37.000000000000 -43.000000000000 0.000007721011
37.000000000000 -42.000000000000 0.000038998446
37.000000000000 -41.000000000000 0.000040266742
37.000000000000 -40.000000000000 0.000041171219
37.000000000000 -39.000000000000 0.000042342805
37.000000000000 -38.000000000000 0.000043780579
37.000000000000 -37.000000000000 0.000045483500
37.000000000000 -36.000000000000 0.000047450373
37.000000000000 -35.000000000000 0.000049679596
37.000000000000 -34.000000000000 0.000052168886
37.000000000000 -33.000000000000 0.000054915069
37.000000000000 -32.000000000000 0.000057913907
37.000000000000 -31.000000000000 0.000061159957
37.000000000000 -30.000000000000 0.000064646439
37.000000000000 -29.000000000000 0.000068365119
37.000000000000 -28.000000000000 0.000072306195
37.000000000000 -27.000000000000 0.000076458195
37.000000000000 -26.000000000000 0.000080807874
37.000000000000 -25.000000000000 0.000085340131
37.000000000000 -24.000000000000 0.000090037939
37.000000000000 -23.000000000000 0.000094882290
37.000000000000 -22.000000000000 0.000099852168
37.000000000000 -21.000000000000 0.000104924547
37.000000000000 -20.000000000000 0.000110074413
37.000000000000 -19.000000000000 0.000115274833
37.000000000000 -18.000000000000 0.000120497047
37.000000000000 -17.000000000000 0.000125710616
37.000000000000 -16.000000000000 0.000130883597
37.000000000000 -15.000000000000 0.000135982772
37.000000000000 -14.000000000000 0.000140973920
37.000000000000 -13.000000000000 0.000145822122
37.000000000000 -12.000000000000 0.000150492121
37.000000000000 -11.000000000000 0.000154948708
37.000000000000 -10.000000000000 0.000159157140
37.000000000000 -9.000000000000 0.000163083585
37.000000000000 -8.000000000000 0.000166695580
37.000000000000 -7.000000000000 0.000169962496
37.000000000000 -6.000000000000 0.000172855998
37.000000000000 -5.000000000000 0.000175350485
37.000000000000 -4.000000000000 0.000177423508
37.000000000000 -3.000000000000 0.000179056143
37.000000000000 -2.000000000000 0.000180233314
37.000000000000 -1.000000000000 0.000180944057
37.000000000000 0.000000000000 0.000181181716
37.000000000000 1.000000000000 0.000180944057
37.000000000000 2.000000000000 0.000180233314
37.000000000000 3.000000000000 0.000179056143
37.000000000000 4.000000000000 0.000177423508
37.000000000000 5.000000000000 0.000175350485
37.000000000000 6.000000000000 0.000172855998
37.000000000000 7.000000000000 0.000169962496
37.000000000000 8.000000000000 0.000166695580
37.000000000000 9.000000000000 0.000163083585
37.000000000000 10.000000000000 0.000159157140
37.000000000000 11.000000000000 0.000154948708
37.000000000000 12.000000000000 0.000150492121
37.000000000000 13.000000000000 0.000145822122
37.000000000000 14.000000000000 0.000140973920
37.000000000000 15.000000000000 0.000135982772
37.000000000000 16.000000000000 0.000130883597
37.000000000000 17.000000000000 0.000125710616
37.000000000000 18.000000000000 0.000120497047
37.000000000000 19.000000000000 0.000115274833
37.000000000000 20.000000000000 0.000110074413
37.000000000000 21.000000000000 0.000104924547
37.000000000000 22.000000000000 0.000099852168
37.000000000000 23.000000000000 0.000094882290
37.000000000000 24.000000000000 0.000090037939
37.000000000000 25.000000000000 0.000085340131
37.000000000000 26.000000000000 0.000080807874
37.000000000000 27.000000000000 0.000076458195
37.000000000000 28.000000000000 0.000072306195
37.000000000000 29.000000000000 0.000068365119
37.000000000000 30.000000000000 0.000064646439
37.000000000000 31.000000000000 0.000061159957
37.000000000000 32.000000000000 0.000057913907
37.000000000000 33.000000000000 0.000054915069
37.000000000000 34.000000000000 0.000052168886
37.000000000000 35.000000000000 0.000049679596
37.000000000000 36.000000000000 0.000047450373
37.000000000000 37.000000000000 0.000045483500
37.000000000000 38.000000000000 0.000043780579
37.000000000000 39.000000000000 0.000042342805
37.000000000000 40.000000000000 0.000041171219
37.000000000000 41.000000000000 0.000040266742
37.000000000000 42.000000000000 0.000038998446
37.000000000000 43.000000000000 0.000007721011
37.000000000000 44.000000000000 0.000001320613
37.000000000000 45.000000000000 0.000000198778
37.000000000000 46.000000000000 0.000000028060
37.000000000000 47.000000000000 0.000000002023
37.000000000000 48.000000000000 0.000000000005
37.000000000000 49.000000000000 0.000000000000
37.000000000000 50.000000000000 0.000000000000
37.000000000000 51.000000000000 0.000000000000

38.000000000000 -51.000000000000 0.000000000000
38.000000000000 -50.000000000000 0.000000000000
38.000000000000 -49.000000000000 0.000000000000
38.000000000000 -48.000000000000 0.000000000005
38.000000000000 -47.000000000000 0.000000001856
38.000000000000 -46.000000000000 0.000000025983
38.000000000000 -45.000000000000 0.000000185772
38.000000000000 -44.000000000000 0.000001245633
38.000000000000 -43.000000000000 0.000007351843
38.000000000000 -42.000000000000 0.000037492328
38.000000000000 -41.000000000000 0.000038726979
38.000000000000 -40.000000000000 0.000039607431
38.000000000000 -39.000000000000 0.000040744843
38.000000000000 -38.000000000000 0.000042136448
38.000000000000 -37.000000000000 0.000043780579
38.000000000000 -36.000000000000 0.000045676002
38.000000000000 -35.000000000000 0.000047821246
38.000000000000 -34.000000000000 0.000050214187
38.000000000000 -33.000000000000 0.000052851781
38.000000000000 -32.000000000000 0.000055729903
38.000000000000 -31.000000000000 0.000058843219
38.000000000000 -30.000000000000 0.000062185071
38.000000000000 -29.000000000000 0.000065747379
38.000000000000 -28.000000000000 0.000069520543
38.000000000000 -27.000000000000 0.000073493351
38.000000000000 -26.000000000000 0.000077652895
38.000000000000 -25.000000000000 0.000081984499
38.000000000000 -24.000000000000 0.000086471658
38.000000000000 -23.000000000000 0.000091096000
38.000000000000 -22.000000000000 0.000095837265
38.000000000000 -21.000000000000 0.000100673313
38.000000000000 -20.000000000000 0.000105580158
38.000000000000 -19.000000000000 0.000110532037
38.000000000000 -18.000000000000 0.000115501510
38.000000000000 -17.000000000000 0.000120459604
38.000000000000 -16.000000000000 0.000125375988
38.000000000000 -15.000000000000 0.000130219195
38.000000000000 -14.000000000000 0.000134956877
38.000000000000 -13.000000000000 0.000139556105
38.000000000000 -12.000000000000 0.000143983697
38.000000000000 -11.000000000000 0.000148206586
38.000000000000 -10.000000000000 0.000152192202
38.000000000000 -9.000000000000 0.000155908892
38.000000000000 -8.000000000000 0.000159326333
38.000000000000 -7.000000000000 0.000162415961
38.000000000000 -6.000000000000 0.000165151388
38.000000000000 -5.000000000000 0.000167508805
38.000000000000 -4.000000000000 0.000169467358
38.000000000000 -3.000000000000 0.000171009482
38.000000000000 -2.000000000000 0.000172121196
38.000000000000 -1.000000000000 0.000172792339
38.000000000000 0.000000000000 0.000173016742
38.000000000000 1.000000000000 0.000172792339
38.000000000000 2.000000000000 0.000172121196
38.000000000000 3.000000000000 0.000171009482
38.000000000000 4.000000000000 0.000169467358
38.000000000000 5.000000000000 0.000167508805
38.000000000000 6.000000000000 0.000165151388
38.000000000000 7.000000000000 0.000162415961
38.000000000000 8.000000000000 0.000159326333
38.000000000000 9.000000000000 0.000155908892
38.000000000000 10.000000000000 0.000152192202
38.000000000000 11.000000000000 0.000148206586
38.000000000000 12.000000000000 0.000143983697
38.000000000000 13.000000000000 0.000139556105
38.000000000000 14.000000000000 0.000134956877
38.000000000000 15.000000000000 0.000130219195
38.000000000000 16.000000000000 0.000125375988
38.000000000000 17.000000000000 0.000120459604
38.000000000000 18.000000000000 0.000115501510
38.000000000000 19.000000000000 0.000110532037
38.000000000000 20.000000000000 0.000105580158
38.000000000000 21.000000000000 0.000100673313
38.000000000000 22.000000000000 0.000095837265
38.000000000000 23.000000000000 0.000091096000
38.000000000000 24.000000000000 0.000086471658
38.000000000000 25.000000000000 0.000081984499
38.000000000000 26.000000000000 0.000077652895
38.000000000000 27.000000000000 0.000073493351
38.000000000000 28.000000000000 0.000069520543
38.000000000000 29.000000000000 0.000065747379
38.000000000000 30.000000000000 0.000062185071
38.000000000000 31.000000000000 0.000058843219
38.000000000000 32.000000000000 0.000055729903
38.000000000000 33.000000000000 0.000052851781
38.000000000000 34.000000000000 0.000050214187
38.000000000000 35.000000000000 0.000047821246
38.000000000000 36.000000000000 0.000045676002
38.000000000000 37.000000000000 0.000043780579
38.000000000000 38.000000000000 0.000042136448
38.000000000000 39.000000000000 0.000040744843
38.000000000000 40.000000000000 0.000039607431
38.000000000000 41.000000000000 0.000038726979
38.000000000000 42.000000000000 0.000037492328
38.000000000000 43.000000000000 0.000007351843
38.000000000000 44.000000000000 0.000001245633
38.000000000000 45.000000000000 0.000000185772
38.000000000000 46.000000000000 0.000000025983
38.000000000000 47.000000000000 0.000000001856
38.000000000000 48.000000000000 0.000000000005
38.000000000000 49.000000000000 0.000000000000
38.000000000000 50.000000000000 0.000000000000
38.000000000000 51.000000000000 0.000000000000

39.000000000000 -51.000000000000 0.000000000000
39.000000000000 -50.000000000000 0.000000000000
39.000000000000 -49.000000000000 0.000000000000
39.000000000000 -48.000000000000 0.000000000004
39.000000000000 -47.000000000000 0.000000001709
39.000000000000 -46.000000000000 0.000000024120
39.000000000000 -45.000000000000 0.000000174178
39.000000000000 -44.000000000000 0.000001179498
39.000000000000 -43.000000000000 0.000007031118
39.000000000000 -42.000000000000 0.000036202126
39.000000000000 -41.000000000000 0.000037407592
39.000000000000 -40.000000000000 0.000038273666
39.000000000000 -39.000000000000 0.000039387908
39.000000000000 -38.000000000000 0.000040744843
39.000000000000 -37.000000000000 0.000042342805
39.000000000000 -36.000000000000 0.000044181131
39.000000000000 -35.000000000000 0.000046258869
39.000000000000 -34.000000000000 0.000048574254
39.000000000000 -33.000000000000 0.000051124487
39.000000000000 -32.000000000000 0.000053905616
39.000000000000 -31.000000000000 0.000056912452
39.000000000000 -30.000000000000 0.000060138480
39.000000000000 -29.000000000000 0.000063575784
39.000000000000 -28.000000000000 0.000067214958
39.000000000000 -27.000000000000 0.000071045035
39.000000000000 -26.000000000000 0.000075053405
39.000000000000 -25.000000000000 0.000079225760
39.000000000000 -24.000000000000 0.000083546040
39.000000000000 -23.000000000000 0.000087996400
39.000000000000 -22.000000000000 0.000092557202
39.000000000000 -21.000000000000 0.000097207027
39.000000000000 -20.000000000000 0.000101922712
39.000000000000 -19.000000000000 0.000106679428
39.000000000000 -18.000000000000 0.000111450776
39.000000000000 -17.000000000000 0.000116208934
39.000000000000 -16.000000000000 0.000120924829
39.000000000000 -15.000000000000 0.000125568351
39.000000000000 -14.000000000000 0.000130108601
39.000000000000 -13.000000000000 0.000134514177
39.000000000000 -12.000000000000 0.000138753485
39.000000000000 -11.000000000000 0.000142795089
39.000000000000 -10.000000000000 0.000146608077
39.000000000000 -9.000000000000 0.000150162441
39.000000000000 -8.000000000000 0.000153429477
39.000000000000 -7.000000000000 0.000156382177
39.000000000000 -6.000000000000 0.000158995619
39.000000000000 -5.000000000000 0.000161247338
39.000000000000 -4.000000000000 0.000163117672
39.000000000000 -3.000000000000 0.000164590077
39.000000000000 -2.000000000000 0.000165651390
39.000000000000 -1.000000000000 0.000166292048
39.000000000000 0.000000000000 0.000166506250
39.000000000000 1.000000000000 0.000166292048
39.000000000000 2.000000000000 0.000165651390
39.000000000000 3.000000000000 0.000164590077
39.000000000000 4.000000000000 0.000163117672
39.000000000000 5.000000000000 0.000161247338
39.000000000000 6.000000000000 0.000158995619
39.000000000000 7.000000000000 0.000156382177
39.000000000000 8.000000000000 0.000153429477
39.000000000000 9.000000000000 0.000150162441
39.000000000000 10.000000000000 0.000146608077
39.000000000000 11.000000000000 0.000142795089
39.000000000000 12.000000000000 0.000138753485
39.000000000000 13.000000000000 0.000134514177
39.000000000000 14.000000000000 0.000130108601
39.000000000000 15.000000000000 0.000125568351
39.000000000000 16.000000000000 0.000120924829
39.000000000000 17.000000000000 0.000116208934
39.000000000000 18.000000000000 0.000111450776
39.000000000000 19.000000000000 0.000106679428
39.000000000000 20.000000000000 0.000101922712
39.000000000000 21.000000000000 0.000097207027
39.000000000000 22.000000000000 0.000092557202
39.000000000000 23.000000000000 0.000087996400
39.000000000000 24.000000000000 0.000083546040
39.000000000000 25.000000000000 0.000079225760
39.000000000000 26.000000000000 0.000075053405
39.000000000000 27.000000000000 0.000071045035
39.000000000000 28.000000000000 0.000067214958
39.000000000000 29.000000000000 0.000063575784
39.000000000000 30.000000000000 0.000060138480
39.000000000000 31.000000000000 0.000056912452
39.000000000000 32.000000000000 0.000053905616
39.000000000000 33.000000000000 0.000051124487
39.000000000000 34.000000000000 0.000048574254
39.000000000000 35.000000000000 0.000046258869
39.000000000000 36.000000000000 0.000044181131
39.000000000000 37.000000000000 0.000042342805
39.000000000000 38.000000000000 0.000040744843
39.000000000000 39.000000000000 0.000039387908
39.000000000000 40.000000000000 0.000038273666
39.000000000000 41.000000000000 0.000037407592
39.000000000000 42.000000000000 0.000036202126
39.000000000000 43.000000000000 0.000007031118
39.000000000000 44.000000000000 0.000001179498
39.000000000000 45.000000000000 0.000000174178
39.000000000000 46.000000000000 0.000000024120
39.000000000000 47.000000000000 0.000000001709
39.000000000000 48.000000000000 0.000000000004
39.000000000000 49.000000000000 0.000000000000
39.000000000000 50.000000000000 0.000000000000
39.000000000000 51.000000000000 0.000000000000

40.000000000000 -51.000000000000 0.000000000000
40.000000000000 -50.000000000000 0.000000000000
40.000000000000 -49.000000000000 0.000000000000
40.000000000000 -48.000000000000 0.000000000004
40.000000000000 -47.000000000000 0.000000001547
40.000000000000 -46.000000000000 0.000000021905
40.000000000000 -45.000000000000 0.000000160556
40.000000000000 -44.000000000000 0.000001104934
40.000000000000 -43.000000000000 0.000006703446
40.000000000000 -42.000000000000 0.000035115235
40.000000000000 -41.000000000000 0.000036298348
40.000000000000 -40.000000000000 0.000037168838
40.000000000000 -39.000000000000 0.000038273666
40.000000000000 -38.000000000000 0.000039607431
40.000000000000 -37.000000000000 0.000041171219
40.000000000000 -36.000000000000 0.000042966200
40.000000000000 -35.000000000000 0.000044992422
40.000000000000 -34.000000000000 0.000047248655
40.000000000000 -33.000000000000 0.000049732410
40.000000000000 -32.000000000000 0.000052439934
40.000000000000 -31.000000000000 0.000055366194
40.000000000000 -30.000000000000 0.000058504823
40.000000000000 -29.000000000000 0.000061848059
40.000000000000 -28.000000000000 0.000065386680
40.000000000000 -27.000000000000 0.000069109929
40.000000000000 -26.000000000000 0.000073005455
40.000000000000 -25.000000000000 0.000077059250
40.000000000000 -24.000000000000 0.000081255614
40.000000000000 -23.000000000000 0.000085577119
40.000000000000 -22.000000000000 0.000090004607
40.000000000000 -21.000000000000 0.000094517209
40.000000000000 -20.000000000000 0.000099092382
40.000000000000 -19.000000000000 0.000103705991
40.000000000000 -18.000000000000 0.000108332405
40.000000000000 -17.000000000000 0.000112944641
40.000000000000 -16.000000000000 0.000117514537
40.000000000000 -15.000000000000 0.000122012957
40.000000000000 -14.000000000000 0.000126410039
40.000000000000 -13.000000000000 0.000130675461
40.000000000000 -12.000000000000 0.000134778754
40.000000000000 -11.000000000000 0.000138689630
40.000000000000 -10.000000000000 0.000142378333
40.000000000000 -9.000000000000 0.000145816007
40.000000000000 -8.000000000000 0.000148975070
40.000000000000 -7.000000000000 0.000151829593
40.000000000000 -6.000000000000 0.000154355668
40.000000000000 -5.000000000000 0.000156531755
40.000000000000 -4.000000000000 0.000158339017
40.000000000000 -3.000000000000 0.000159761608
40.000000000000 -2.000000000000 0.000160786926
40.000000000000 -1.000000000000 0.000161405821
40.000000000000 0.000000000000 0.000161612739
40.000000000000 1.000000000000 0.000161405821
40.000000000000 2.000000000000 0.000160786926
40.000000000000 3.000000000000 0.000159761608
40.000000000000 4.000000000000 0.000158339017
40.000000000000 5.000000000000 0.000156531755
40.000000000000 6.000000000000 0.000154355668
40.000000000000 7.000000000000 0.000151829593
40.000000000000 8.000000000000 0.000148975070
40.000000000000 9.000000000000 0.000145816007
40.000000000000 10.000000000000 0.000142378333
40.000000000000 11.000000000000 0.000138689630
40.000000000000 12.000000000000 0.000134778754
40.000000000000 13.000000000000 0.000130675461
40.000000000000 14.000000000000 0.000126410039
40.000000000000 15.000000000000 0.000122012957
40.000000000000 16.000000000000 0.000117514537
40.000000000000 17.000000000000 0.000112944641
40.000000000000 18.000000000000 0.000108332405
40.000000000000 19.000000000000 0.000103705991
40.000000000000 20.000000000000 0.000099092382
40.000000000000 21.000000000000 0.000094517209
40.000000000000 22.000000000000 0.000090004607
40.000000000000 23.000000000000 0.000085577119
40.000000000000 24.000000000000 0.000081255614
40.000000000000 25.000000000000 0.000077059250
40.000000000000 26.000000000000 0.000073005455
40.000000000000 27.000000000000 0.000069109929
40.000000000000 28.000000000000 0.000065386680
40.000000000000 29.000000000000 0.000061848059
40.000000000000 30.000000000000 0.000058504823
40.000000000000 31.000000000000 0.000055366194
40.000000000000 32.000000000000 0.000052439934
40.000000000000 33.000000000000 0.000049732410
40.000000000000 34.000000000000 0.000047248655
40.000000000000 35.000000000000 0.000044992422
40.000000000000 36.000000000000 0.000042966200
40.000000000000 37.000000000000 0.000041171219
40.000000000000 38.000000000000 0.000039607431
40.000000000000 39.000000000000 0.000038273666
40.000000000000 40.000000000000 0.000037168838
40.000000000000 41.000000000000 0.000036298348
40.000000000000 42.000000000000 0.000035115235
40.000000000000 43.000000000000 0.000006703446
40.000000000000 44.000000000000 0.000001104934
40.000000000000 45.000000000000 0.000000160556
40.000000000000 46.000000000000 0.000000021905
40.000000000000 47.000000000000 0.000000001547
40.000000000000 48.000000000000 0.000000000004
40.000000000000 49.000000000000 0.000000000000
40.000000000000 50.000000000000 0.000000000000
40.000000000000 51.000000000000 0.000000000000

41.000000000000 -51.000000000000 0.000000000000
41.000000000000 -50.000000000000 0.000000000000
41.000000000000 -49.000000000000 0.000000000000
41.000000000000 -48.000000000000 0.000000000003
41.000000000000 -47.000000000000 0.000000001226
41.000000000000 -46.000000000000 0.000000017381
41.000000000000 -45.000000000000 0.000000130719
41.000000000000 -44.000000000000 0.000000931799
41.000000000000 -43.000000000000 0.000005958799
41.000000000000 -42.000000000000 0.000033989145
41.000000000000 -41.000000000000 0.000035374926
41.000000000000 -40.000000000000 0.000036298348
41.000000000000 -39.000000000000 0.000037407592
41.000000000000 -38.000000000000 0.000038726979
41.000000000000 -37.000000000000 0.000040266742
41.000000000000 -36.000000000000 0.000042031070
41.000000000000 -35.000000000000 0.000044021140
41.000000000000 -34.000000000000 0.000046236211
41.000000000000 -33.000000000000 0.000048674046
41.000000000000 -32.000000000000 0.000051331060
41.000000000000 -31.000000000000 0.000054202352
41.000000000000 -30.000000000000 0.000057281687
41.000000000000 -29.000000000000 0.000060561442
41.000000000000 -28.000000000000 0.000064032551
41.000000000000 -27.000000000000 0.000067684438
41.000000000000 -26.000000000000 0.000071504955
41.000000000000 -25.000000000000 0.000075480330
41.000000000000 -24.000000000000 0.000079595129
41.000000000000 -23.000000000000 0.000083832225
41.000000000000 -22.000000000000 0.000088172799
41.000000000000 -21.000000000000 0.000092596359
41.000000000000 -20.000000000000 0.000097080778
41.000000000000 -19.000000000000 0.000101602374
41.000000000000 -18.000000000000 0.000106136012
41.000000000000 -17.000000000000 0.000110655242
41.000000000000 -16.000000000000 0.000115132471
41.000000000000 -15.000000000000 0.000119539163
41.000000000000 -14.000000000000 0.000123846085
41.000000000000 -13.000000000000 0.000128023571
41.000000000000 -12.000000000000 0.000132041821
41.000000000000 -11.000000000000 0.000135871224
41.000000000000 -10.000000000000 0.000139482704
41.000000000000 -9.000000000000 0.000142848076
41.000000000000 -8.000000000000 0.000145940410
41.000000000000 -7.000000000000 0.000148734397
41.000000000000 -6.000000000000 0.000151206708
41.000000000000 -5.000000000000 0.000153336337
41.000000000000 -4.000000000000 0.000155104911
41.000000000000 -3.000000000000 0.000156496983
41.000000000000 -2.000000000000 0.000157500269
41.000000000000 -1.000000000000 0.000158105849
41.000000000000 0.000000000000 0.000158308314
41.000000000000 1.000000000000 0.000158105849
41.000000000000 2.000000000000 0.000157500269
41.000000000000 3.000000000000 0.000156496983
41.000000000000 4.000000000000 0.000155104911
41.000000000000 5.000000000000 0.000153336337
41.000000000000 6.000000000000 0.000151206708
41.000000000000 7.000000000000 0.000148734397
41.000000000000 8.000000000000 0.000145940410
41.000000000000 9.000000000000 0.000142848076
41.000000000000 10.000000000000 0.000139482704
41.000000000000 11.000000000000 0.000135871224
41.000000000000 12.000000000000 0.000132041821
41.000000000000 13.000000000000 0.000128023571
41.000000000000 14.000000000000 0.000123846085
41.000000000000 15.000000000000 0.000119539163
41.000000000000 16.000000000000 0.000115132471
41.000000000000 17.000000000000 0.000110655242
41.000000000000 18.000000000000 0.000106136012
41.000000000000 19.000000000000 0.000101602374
41.000000000000 20.000000000000 0.000097080778
41.000000000000 21.000000000000 0.000092596359
41.000000000000 22.000000000000 0.000088172799
41.000000000000 23.000000000000 0.000083832225
41.000000000000 24.000000000000 0.000079595129
41.000000000000 25.000000000000 0.000075480330
41.000000000000 26.000000000000 0.000071504955
41.000000000000 27.000000000000 0.000067684438
41.000000000000 28.000000000000 0.000064032551
41.000000000000 29.000000000000 0.000060561442
41.000000000000 30.000000000000 0.000057281687
41.000000000000 31.000000000000 0.000054202352
41.000000000000 32.000000000000 0.000051331060
41.000000000000 33.000000000000 0.000048674046
41.000000000000 34.000000000000 0.000046236211
41.000000000000 35.000000000000 0.000044021140
41.000000000000 36.000000000000 0.000042031070
41.000000000000 37.000000000000 0.000040266742
41.000000000000 38.000000000000 0.000038726979
41.000000000000 39.000000000000 0.000037407592
41.000000000000 40.000000000000 0.000036298348
41.000000000000 41.000000000000 0.000035374926
41.000000000000 42.000000000000 0.000033989145
41.000000000000 43.000000000000 0.000005958799
41.000000000000 44.000000000000 0.000000931799
41.000000000000 45.000000000000 0.000000130719
41.000000000000 46.000000000000 0.000000017381
41.000000000000 47.000000000000 0.000000001226
41.000000000000 48.000000000000 0.000000000003
41.000000000000 49.000000000000 0.000000000000
41.000000000000 50.000000000000 0.000000000000
41.000000000000 51.000000000000 0.000000000000

42.000000000000 -51.000000000000 0.000000000000
42.000000000000 -50.000000000000 0.000000000000
42.000000000000 -49.000000000000 0.000000000000
42.000000000000 -48.000000000000 0.000000000001
42.000000000000 -47.000000000000 0.000000000515
42.000000000000 -46.000000000000 0.000000007783
42.000000000000 -45.000000000000 0.000000055848
42.000000000000 -44.000000000000 0.000000371718
42.000000000000 -43.000000000000 0.000002130414
42.000000000000 -42.000000000000 0.000010012227
42.000000000000 -41.000000000000 0.000033989145
42.000000000000 -40.000000000000 0.000035115235
42.000000000000 -39.000000000000 0.000036202126
42.000000000000 -38.000000000000 0.000037492328
42.000000000000 -37.000000000000 0.000038998446
42.000000000000 -36.000000000000 0.000040724707
42.000000000000 -35.000000000000 0.000042672321
42.000000000000 -34.000000000000 0.000044840628
42.000000000000 -33.000000000000 0.000047227505
42.000000000000 -32.000000000000 0.000049829513
42.000000000000 -31.000000000000 0.000052641929
42.000000000000 -30.000000000000 0.000055658720
42.000000000000 -29.000000000000 0.000058872494
42.000000000000 -28.000000000000 0.000062274440
42.000000000000 -27.000000000000 0.000065854259
42.000000000000 -26.000000000000 0.000069600108
42.000000000000 -25.000000000000 0.000073498540
42.000000000000 -24.000000000000 0.000077534468
42.000000000000 -23.000000000000 0.000081691134
42.000000000000 -22.000000000000 0.000085950106
42.000000000000 -21.000000000000 0.000090291294
42.000000000000 -20.000000000000 0.000094692994
42.000000000000 -19.000000000000 0.000099131957
42.000000000000 -18.000000000000 0.000103583492
42.000000000000 -17.000000000000 0.000108021602
42.000000000000 -16.000000000000 0.000112419153
42.000000000000 -15.000000000000 0.000116748072
42.000000000000 -14.000000000000 0.000120979585
42.000000000000 -13.000000000000 0.000125084481
42.000000000000 -12.000000000000 0.000129033408
42.000000000000 -11.000000000000 0.000132797193
42.000000000000 -10.000000000000 0.000136347179
42.000000000000 -9.000000000000 0.000139655580
42.000000000000 -8.000000000000 0.000142695842
42.000000000000 -7.000000000000 0.000145443006
42.000000000000 -6.000000000000 0.000147874060
42.000000000000 -5.000000000000 0.000149968280
42.000000000000 -4.000000000000 0.000151707539
42.000000000000 -3.000000000000 0.000153076593
42.000000000000 -2.000000000000 0.000154063321
42.000000000000 -1.000000000000 0.000154658919
42.000000000000 0.000000000000 0.000154858049
42.000000000000 1.000000000000 0.000154658919
42.000000000000 2.000000000000 0.000154063321
42.000000000000 3.000000000000 0.000153076593
42.000000000000 4.000000000000 0.000151707539
42.000000000000 5.000000000000 0.000149968280
42.000000000000 6.000000000000 0.000147874060
42.000000000000 7.000000000000 0.000145443006
42.000000000000 8.000000000000 0.000142695842
42.000000000000 9.000000000000 0.000139655580
42.000000000000 10.000000000000 0.000136347179
42.000000000000 11.000000000000 0.000132797193
42.000000000000 12.000000000000 0.000129033408
42.000000000000 13.000000000000 0.000125084481
42.000000000000 14.000000000000 0.000120979585
42.000000000000 15.000000000000 0.000116748072
42.000000000000 16.000000000000 0.000112419153
42.000000000000 17.000000000000 0.000108021602
42.000000000000 18.000000000000 0.000103583492
42.000000000000 19.000000000000 0.000099131957
42.000000000000 20.000000000000 0.000094692994
42.000000000000 21.000000000000 0.000090291294
42.000000000000 22.000000000000 0.000085950106
42.000000000000 23.000000000000 0.000081691134
42.000000000000 24.000000000000 0.000077534468
42.000000000000 25.000000000000 0.000073498540
42.000000000000 26.000000000000 0.000069600108
42.000000000000 27.000000000000 0.000065854259
42.000000000000 28.000000000000 0.000062274440
42.000000000000 29.000000000000 0.000058872494
42.000000000000 30.000000000000 0.000055658720
42.000000000000 31.000000000000 0.000052641929
42.000000000000 32.000000000000 0.000049829513
42.000000000000 33.000000000000 0.000047227505
42.000000000000 34.000000000000 0.000044840628
42.000000000000 35.000000000000 0.000042672321
42.000000000000 36.000000000000 0.000040724707
42.000000000000 37.000000000000 0.000038998446
42.000000000000 38.000000000000 0.000037492328
42.000000000000 39.000000000000 0.000036202126
42.000000000000 40.000000000000 0.000035115235
42.000000000000 41.000000000000 0.000033989145
42.000000000000 42.000000000000 0.000010012227
42.000000000000 43.000000000000 0.000002130414
42.000000000000 44.000000000000 0.000000371718
42.000000000000 45.000000000000 0.000000055848
42.000000000000 46.000000000000 0.000000007783
42.000000000000 47.000000000000 0.000000000515
42.000000000000 48.000000000000 0.000000000001
42.000000000000 49.000000000000 0.000000000000
42.000000000000 50.000000000000 0.000000000000
42.000000000000 51.000000000000 0.000000000000

43.000000000000 -51.000000000000 0.000000000000
43.000000000000 -50.000000000000 0.000000000000
43.000000000000 -49.000000000000 0.000000000000
43.000000000000 -48.000000000000 0.000000000000
43.000000000000 -47.000000000000 0.000000000144
43.000000000000 -46.000000000000 0.000000002350
43.000000000000 -45.000000000000 0.000000016004
43.000000000000 -44.000000000000 0.000000099496
43.000000000000 -43.000000000000 0.000000518957
43.000000000000 -42.000000000000 0.000002130414
43.000000000000 -41.000000000000 0.000005958799
43.000000000000 -40.000000000000 0.000006703446
43.000000000000 -39.000000000000 0.000007031118
43.000000000000 -38.000000000000 0.000007351843
43.000000000000 -37.000000000000 0.000007721011
43.000000000000 -36.000000000000 0.000008146343
43.000000000000 -35.000000000000 0.000008629343
43.000000000000 -34.000000000000 0.000009170510
43.000000000000 -33.000000000000 0.000009769971
43.000000000000 -32.000000000000 0.000010427561
43.000000000000 -31.000000000000 0.000011142811
43.000000000000 -30.000000000000 0.000011914931
43.000000000000 -29.000000000000 0.000012742772
43.000000000000 -28.000000000000 0.000013624796
43.000000000000 -27.000000000000 0.000014559041
43.000000000000 -26.000000000000 0.000015543079
43.000000000000 -25.000000000000 0.000016573988
43.000000000000 -24.000000000000 0.000017648323
43.000000000000 -23.000000000000 0.000018762087
43.000000000000 -22.000000000000 0.000019910714
43.000000000000 -21.000000000000 0.000021089060
43.000000000000 -20.000000000000 0.000022291402
43.000000000000 -19.000000000000 0.000023511441
43.000000000000 -18.000000000000 0.000024742331
43.000000000000 -17.000000000000 0.000025976703
43.000000000000 -16.000000000000 0.000027206716
43.000000000000 -15.000000000000 0.000028424114
43.000000000000 -14.000000000000 0.000029620297
43.000000000000 -13.000000000000 0.000030786407
43.000000000000 -12.000000000000 0.000031913426
43.000000000000 -11.000000000000 0.000032992282
43.000000000000 -10.000000000000 0.000034013968
43.000000000000 -9.000000000000 0.000034969667
43.000000000000 -8.000000000000 0.000035850878
43.000000000000 -7.000000000000 0.000036649551
43.000000000000 -6.000000000000 0.000037358215
43.000000000000 -5.000000000000 0.000037970099
43.000000000000 -4.000000000000 0.000038479256
43.000000000000 -3.000000000000 0.000038880661
43.000000000000 -2.000000000000 0.000039170307
43.000000000000 -1.000000000000 0.000039345277
43.000000000000 0.000000000000 0.000039403799
43.000000000000 1.000000000000 0.000039345277
43.000000000000 2.000000000000 0.000039170307
43.000000000000 3.000000000000 0.000038880661
43.000000000000 4.000000000000 0.000038479256
43.000000000000 5.000000000000 0.000037970099
43.000000000000 6.000000000000 0.000037358215
43.000000000000 7.000000000000 0.000036649551
43.000000000000 8.000000000000 0.000035850878
43.000000000000 9.000000000000 0.000034969667
43.000000000000 10.000000000000 0.000034013968
43.000000000000 11.000000000000 0.000032992282
43.000000000000 12.000000000000 0.000031913426
43.000000000000 13.000000000000 0.000030786407
43.000000000000 14.000000000000 0.000029620297
43.000000000000 15.000000000000 0.000028424114
43.000000000000 16.000000000000 0.000027206716
43.000000000000 17.000000000000 0.000025976703
43.000000000000 18.000000000000 0.000024742331
43.000000000000 19.000000000000 0.000023511441
43.000000000000 20.000000000000 0.000022291402
43.000000000000 21.000000000000 0.000021089060
43.000000000000 22.000000000000 0.000019910714
43.000000000000 23.000000000000 0.000018762087
43.000000000000 24.000000000000 0.000017648323
43.000000000000 25.000000000000 0.000016573988
43.000000000000 26.000000000000 0.000015543079
43.000000000000 27.000000000000 0.000014559041
43.000000000000 28.000000000000 0.000013624796
43.000000000000 29.000000000000 0.000012742772
43.000000000000 30.000000000000 0.000011914931
43.000000000000 31.000000000000 0.000011142811
43.000000000000 32.000000000000 0.000010427561
43.000000000000 33.000000000000 0.000009769971
43.000000000000 34.000000000000 0.000009170510
43.000000000000 35.000000000000 0.000008629343
43.000000000000 36.000000000000 0.000008146343
43.000000000000 37.000000000000 0.000007721011
43.000000000000 38.000000000000 0.000007351843
43.000000000000 39.000000000000 0.000007031118
43.000000000000 40.000000000000 0.000006703446
43.000000000000 41.000000000000 0.000005958799
43.000000000000 42.000000000000 0.000002130414
43.000000000000 43.000000000000 0.000000518957
43.000000000000 44.000000000000 0.000000099496
43.000000000000 45.000000000000 0.000000016004
43.000000000000 46.000000000000 0.000000002350
43.000000000000 47.000000000000 0.000000000144
43.000000000000 48.000000000000 0.000000000000
43.000000000000 49.000000000000 0.000000000000
43.000000000000 50.000000000000 0.000000000000
43.000000000000 51.000000000000 0.000000000000

44.000000000000 -51.000000000000 0.000000000000
44.000000000000 -50.000000000000 0.000000000000
44.000000000000 -49.000000000000 0.000000000000
44.000000000000 -48.000000000000 0.000000000000
44.000000000000 -47.000000000000 0.000000000030
44.000000000000 -46.000000000000 0.000000000538
44.000000000000 -45.000000000000 0.000000003497
44.000000000000 -44.000000000000 0.000000020528
44.000000000000 -43.000000000000 0.000000099496
44.000000000000 -42.000000000000 0.000000371718
44.000000000000 -41.000000000000 0.000000931799
44.000000000000 -40.000000000000 0.000001104934
44.000000000000 -39.000000000000 0.000001179498
44.000000000000 -38.000000000000 0.000001245633
44.000000000000 -37.000000000000 0.000001320613
44.000000000000 -36.000000000000 0.000001407305
44.000000000000 -35.000000000000 0.000001506309
44.000000000000 -34.000000000000 0.000001617882
44.000000000000 -33.000000000000 0.000001742198
44.000000000000 -32.000000000000 0.000001879379
44.000000000000 -31.000000000000 0.000002029491
44.000000000000 -30.000000000000 0.000002192536
44.000000000000 -29.000000000000 0.000002368441
44.000000000000 -28.000000000000 0.000002557048
44.000000000000 -27.000000000000 0.000002758100
44.000000000000 -26.000000000000 0.000002971232
44.000000000000 -25.000000000000 0.000003195956
44.000000000000 -24.000000000000 0.000003431654
44.000000000000 -23.000000000000 0.000003677565
44.000000000000 -22.000000000000 0.000003932779
44.000000000000 -21.000000000000 0.000004196228
44.000000000000 -20.000000000000 0.000004466685
44.000000000000 -19.000000000000 0.000004742762
44.000000000000 -18.000000000000 0.000005022912
44.000000000000 -17.000000000000 0.000005305433
44.000000000000 -16.000000000000 0.000005588482
44.000000000000 -15.000000000000 0.000005870082
44.000000000000 -14.000000000000 0.000006148145
44.000000000000 -13.000000000000 0.000006420488
44.000000000000 -12.000000000000 0.000006684864
44.000000000000 -11.000000000000 0.000006938988
44.000000000000 -10.000000000000 0.000007180567
44.000000000000 -9.000000000000 0.000007407339
44.000000000000 -8.000000000000 0.000007617105
44.000000000000 -7.000000000000 0.000007807768
44.000000000000 -6.000000000000 0.000007977370
44.000000000000 -5.000000000000 0.000008124130
44.000000000000 -4.000000000000 0.000008246473
44.000000000000 -3.000000000000 0.000008343067
44.000000000000 -2.000000000000 0.000008412844
44.000000000000 -1.000000000000 0.000008455026
44.000000000000 0.000000000000 0.000008469139
44.000000000000 1.000000000000 0.000008455026
44.000000000000 2.000000000000 0.000008412844
44.000000000000 3.000000000000 0.000008343067
44.000000000000 4.000000000000 0.000008246473
44.000000000000 5.000000000000 0.000008124130
44.000000000000 6.000000000000 0.000007977370
44.000000000000 7.000000000000 0.000007807768
44.000000000000 8.000000000000 0.000007617105
44.000000000000 9.000000000000 0.000007407339
44.000000000000 10.000000000000 0.000007180567
44.000000000000 11.000000000000 0.000006938988
44.000000000000 12.000000000000 0.000006684864
44.000000000000 13.000000000000 0.000006420488
44.000000000000 14.000000000000 0.000006148145
44.000000000000 15.000000000000 0.000005870082
44.000000000000 16.000000000000 0.000005588482
44.000000000000 17.000000000000 0.000005305433
44.000000000000 18.000000000000 0.000005022912
44.000000000000 19.000000000000 0.000004742762
44.000000000000 20.000000000000 0.000004466685
44.000000000000 21.000000000000 0.000004196228
44.000000000000 22.000000000000 0.000003932779
44.000000000000 23.000000000000 0.000003677565
44.000000000000 24.000000000000 0.000003431654
44.000000000000 25.000000000000 0.000003195956
44.000000000000 26.000000000000 0.000002971232
44.000000000000 27.000000000000 0.000002758100
44.000000000000 28.000000000000 0.000002557048
44.000000000000 29.000000000000 0.000002368441
44.000000000000 30.000000000000 0.000002192536
44.000000000000 31.000000000000 0.000002029491
44.000000000000 32.000000000000 0.000001879379
44.000000000000 33.000000000000 0.000001742198
44.000000000000 34.000000000000 0.000001617882
44.000000000000 35.000000000000 0.000001506309
44.000000000000 36.000000000000 0.000001407305
44.000000000000 37.000000000000 0.000001320613
44.000000000000 38.000000000000 0.000001245633
44.000000000000 39.000000000000 0.000001179498
44.000000000000 40.000000000000 0.000001104934
44.000000000000 41.000000000000 0.000000931799
44.000000000000 42.000000000000 0.000000371718
44.000000000000 43.000000000000 0.000000099496
44.000000000000 44.000000000000 0.000000020528
44.000000000000 45.000000000000 0.000000003497
44.000000000000 46.000000000000 0.000000000538
44.000000000000 47.000000000000 0.000000000030
44.000000000000 48.000000000000 0.000000000000
44.000000000000 49.000000000000 0.000000000000
44.000000000000 50.000000000000 0.000000000000
44.000000000000 51.000000000000 0.000000000000

45.000000000000 -51.000000000000 0.000000000000
45.000000000000 -50.000000000000 0.000000000000
45.000000000000 -49.000000000000 0.000000000000
45.000000000000 -48.000000000000 0.000000000000
45.000000000000 -47.000000000000 0.000000000005
45.000000000000 -46.000000000000 0.000000000100
45.000000000000 -45.000000000000 0.000000000625
45.000000000000 -44.000000000000 0.000000003497
45.000000000000 -43.000000000000 0.000000016004
45.000000000000 -42.000000000000 0.000000055848
45.000000000000 -41.000000000000 0.000000130719
45.000000000000 -40.000000000000 0.000000160556
45.000000000000 -39.000000000000 0.000000174178
45.000000000000 -38.000000000000 0.000000185772
45.000000000000 -37.000000000000 0.000000198778
45.000000000000 -36.000000000000 0.000000213863
45.000000000000 -35.000000000000 0.000000231178
45.000000000000 -34.000000000000 0.000000250798
45.000000000000 -33.000000000000 0.000000272781
45.000000000000 -32.000000000000 0.000000297178
45.000000000000 -31.000000000000 0.000000324029
45.000000000000 -30.000000000000 0.000000353368
45.000000000000 -29.000000000000 0.000000385213
45.000000000000 -28.000000000000 0.000000419567
45.000000000000 -27.000000000000 0.000000456415
45.000000000000 -26.000000000000 0.000000495720
45.000000000000 -25.000000000000 0.000000537422
45.000000000000 -24.000000000000 0.000000581431
45.000000000000 -23.000000000000 0.000000627629
45.000000000000 -22.000000000000 0.000000675866
45.000000000000 -21.000000000000 0.000000725956
45.000000000000 -20.000000000000 0.000000777679
45.000000000000 -19.000000000000 0.000000830778
45.000000000000 -18.000000000000 0.000000884957
45.000000000000 -17.000000000000 0.000000939886
45.000000000000 -16.000000000000 0.000000995200
45.000000000000 -15.000000000000 0.000001050501
45.000000000000 -14.000000000000 0.000001105363
45.000000000000 -13.000000000000 0.000001159333
45.000000000000 -12.000000000000 0.000001211943
45.000000000000 -11.000000000000 0.000001262709
45.000000000000 -10.000000000000 0.000001311142
45.000000000000 -9.000000000000 0.000001356757
45.000000000000 -8.000000000000 0.000001399078
45.000000000000 -7.000000000000 0.000001437647
45.000000000000 -6.000000000000 0.000001472038
45.000000000000 -5.000000000000 0.000001501857
45.000000000000 -4.000000000000 0.000001526758
45.000000000000 -3.000000000000 0.000001546445
45.000000000000 -2.000000000000 0.000001560680
45.000000000000 -1.000000000000 0.000001569292
45.000000000000 0.000000000000 0.000001572175
45.000000000000 1.000000000000 0.000001569292
45.000000000000 2.000000000000 0.000001560680
45.000000000000 3.000000000000 0.000001546445
45.000000000000 4.000000000000 0.000001526758
45.000000000000 5.000000000000 0.000001501857
45.000000000000 6.000000000000 0.000001472038
45.000000000000 7.000000000000 0.000001437647
45.000000000000 8.000000000000 0.000001399078
45.000000000000 9.000000000000 0.000001356757
45.000000000000 10.000000000000 0.000001311142
45.000000000000 11.000000000000 0.000001262709
45.000000000000 12.000000000000 0.000001211943
45.000000000000 13.000000000000 0.000001159333
45.000000000000 14.000000000000 0.000001105363
45.000000000000 15.000000000000 0.000001050501
45.000000000000 16.000000000000 0.000000995200
45.000000000000 17.000000000000 0.000000939886
45.000000000000 18.000000000000 0.000000884957
45.000000000000 19.000000000000 0.000000830778
45.000000000000 20.000000000000 0.000000777679
45.000000000000 21.000000000000 0.000000725956
45.000000000000 22.000000000000 0.000000675866
45.000000000000 23.000000000000 0.000000627629
45.000000000000 24.000000000000 0.000000581431
45.000000000000 25.000000000000 0.000000537422
45.000000000000 26.000000000000 0.000000495720
45.000000000000 27.000000000000 0.000000456415
45.000000000000 28.000000000000 0.000000419567
45.000000000000 29.000000000000 0.000000385213
45.000000000000 30.000000000000 0.000000353368
45.000000000000 31.000000000000 0.000000324029
45.000000000000 32.000000000000 0.000000297178
45.000000000000 33.000000000000 0.000000272781
45.000000000000 34.000000000000 0.000000250798
45.000000000000 35.000000000000 0.000000231178
45.000000000000 36.000000000000 0.000000213863
45.000000000000 37.000000000000 0.000000198778
45.000000000000 38.000000000000 0.000000185772
45.000000000000 39.000000000000 0.000000174178
45.000000000000 40.000000000000 0.000000160556
45.000000000000 41.000000000000 0.000000130719
45.000000000000 42.000000000000 0.000000055848
45.000000000000 43.000000000000 0.000000016004
45.000000000000 44.000000000000 0.000000003497
45.000000000000 45.000000000000 0.000000000625
45.000000000000 46.000000000000 0.000000000100
45.000000000000 47.000000000000 0.000000000005
45.000000000000 48.000000000000 0.000000000000
45.000000000000 49.000000000000 0.000000000000
45.000000000000 50.000000000000 0.000000000000
45.000000000000 51.000000000000 0.000000000000

46.000000000000 -51.000000000000 0.000000000000
46.000000000000 -50.000000000000 0.000000000000
46.000000000000 -49.000000000000 0.000000000000
46.000000000000 -48.000000000000 0.000000000000
46.000000000000 -47.000000000000 0.000000000001
46.000000000000 -46.000000000000 0.000000000017
46.000000000000 -45.000000000000 0.000000000100
46.000000000000 -44.000000000000 0.000000000538
46.000000000000 -43.000000000000 0.000000002350
46.000000000000 -42.000000000000 0.000000007783
46.000000000000 -41.000000000000 0.000000017381
46.000000000000 -40.000000000000 0.000000021905
46.000000000000 -39.000000000000 0.000000024120
46.000000000000 -38.000000000000 0.000000025983
46.000000000000 -37.000000000000 0.000000028060
46.000000000000 -36.000000000000 0.000000030478
46.000000000000 -35.000000000000 0.000000033266
46.000000000000 -34.000000000000 0.000000036443
46.000000000000 -33.000000000000 0.000000040023
46.000000000000 -32.000000000000 0.000000044018
46.000000000000 -31.000000000000 0.000000048441
46.000000000000 -30.000000000000 0.000000053303
46.000000000000 -29.000000000000 0.000000058612
46.000000000000 -28.000000000000 0.000000064375
46.000000000000 -27.000000000000 0.000000070594
46.000000000000 -26.000000000000 0.000000077270
46.000000000000 -25.000000000000 0.000000084396
46.000000000000 -24.000000000000 0.000000091964
46.000000000000 -23.000000000000 0.000000099956
46.000000000000 -22.000000000000 0.000000108352
46.000000000000 -21.000000000000 0.000000117121
46.000000000000 -20.000000000000 0.000000126229
46.000000000000 -19.000000000000 0.000000135631
46.000000000000 -18.000000000000 0.000000145277
46.000000000000 -17.000000000000 0.000000155107
46.000000000000 -16.000000000000 0.000000165056
46.000000000000 -15.000000000000 0.000000175051
46.000000000000 -14.000000000000 0.000000185011
46.000000000000 -13.000000000000 0.000000194852
46.000000000000 -12.000000000000 0.000000204484
46.000000000000 -11.000000000000 0.000000213813
46.000000000000 -10.000000000000 0.000000222745
46.000000000000 -9.000000000000 0.000000231184
46.000000000000 -8.000000000000 0.000000239036
46.000000000000 -7.000000000000 0.000000246211
46.000000000000 -6.000000000000 0.000000252624
46.000000000000 -5.000000000000 0.000000258195
46.000000000000 -4.000000000000 0.000000262854
46.000000000000 -3.000000000000 0.000000266543
46.000000000000 -2.000000000000 0.000000269214
46.000000000000 -1.000000000000 0.000000270830
46.000000000000 0.000000000000 0.000000271371
46.000000000000 1.000000000000 0.000000270830
46.000000000000 2.000000000000 0.000000269214
46.000000000000 3.000000000000 0.000000266543
46.000000000000 4.000000000000 0.000000262854
46.000000000000 5.000000000000 0.000000258195
46.000000000000 6.000000000000 0.000000252624
46.000000000000 7.000000000000 0.000000246211
46.000000000000 8.000000000000 0.000000239036
46.000000000000 9.000000000000 0.000000231184
46.000000000000 10.000000000000 0.000000222745
46.000000000000 11.000000000000 0.000000213813
46.000000000000 12.000000000000 0.000000204484
46.000000000000 13.000000000000 0.000000194852
46.000000000000 14.000000000000 0.000000185011
46.000000000000 15.000000000000 0.000000175051
46.000000000000 16.000000000000 0.000000165056
46.000000000000 17.000000000000 0.000000155107
46.000000000000 18.000000000000 0.000000145277
46.000000000000 19.000000000000 0.000000135631
46.000000000000 20.000000000000 0.000000126229
46.000000000000 21.000000000000 0.000000117121
46.000000000000 22.000000000000 0.000000108352
46.000000000000 23.000000000000 0.000000099956
46.000000000000 24.000000000000 0.000000091964
46.000000000000 25.000000000000 0.000000084396
46.000000000000 26.000000000000 0.000000077270
46.000000000000 27.000000000000 0.000000070594
46.000000000000 28.000000000000 0.000000064375
46.000000000000 29.000000000000 0.000000058612
46.000000000000 30.000000000000 0.000000053303
46.000000000000 31.000000000000 0.000000048441
46.000000000000 32.000000000000 0.000000044018
46.000000000000 33.000000000000 0.000000040023
46.000000000000 34.000000000000 0.000000036443
46.000000000000 35.000000000000 0.000000033266
46.000000000000 36.000000000000 0.000000030478
46.000000000000 37.000000000000 0.000000028060
46.000000000000 38.000000000000 0.000000025983
46.000000000000 39.000000000000 0.000000024120
46.000000000000 40.000000000000 0.000000021905
46.000000000000 41.000000000000 0.000000017381
46.000000000000 42.000000000000 0.000000007783
46.000000000000 43.000000000000 0.000000002350
46.000000000000 44.000000000000 0.000000000538
46.000000000000 45.000000000000 0.000000000100
46.000000000000 46.000000000000 0.000000000017
46.000000000000 47.000000000000 0.000000000001
46.000000000000 48.000000000000 0.000000000000
46.000000000000 49.000000000000 0.000000000000
46.000000000000 50.000000000000 0.000000000000
46.000000000000 51.000000000000 0.000000000000

47.000000000000 -51.000000000000 0.000000000000
47.000000000000 -50.000000000000 0.000000000000
47.000000000000 -49.000000000000 0.000000000000
47.000000000000 -48.000000000000 0.000000000000
47.000000000000 -47.000000000000 0.000000000000
47.000000000000 -46.000000000000 0.000000000001
47.000000000000 -45.000000000000 0.000000000005
47.000000000000 -44.000000000000 0.000000000030
47.000000000000 -43.000000000000 0.000000000144
47.000000000000 -42.000000000000 0.000000000515
47.000000000000 -41.000000000000 0.000000001226
47.000000000000 -40.000000000000 0.000000001547
47.000000000000 -39.000000000000 0.000000001709
47.000000000000 -38.000000000000 0.000000001856
47.000000000000 -37.000000000000 0.000000002023
47.000000000000 -36.000000000000 0.000000002219
47.000000000000 -35.000000000000 0.000000002447
47.000000000000 -34.000000000000 0.000000002708
47.000000000000 -33.000000000000 0.000000003004
47.000000000000 -32.000000000000 0.000000003337
47.000000000000 -31.000000000000 0.000000003707
47.000000000000 -30.000000000000 0.000000004117
47.000000000000 -29.000000000000 0.000000004567
47.000000000000 -28.000000000000 0.000000005060
47.000000000000 -27.000000000000 0.000000005595
47.000000000000 -26.000000000000 0.000000006173
47.000000000000 -25.000000000000 0.000000006794
47.000000000000 -24.000000000000 0.000000007458
47.000000000000 -23.000000000000 0.000000008165
47.000000000000 -22.000000000000 0.000000008911
47.000000000000 -21.000000000000 0.000000009696
47.000000000000 -20.000000000000 0.000000010516
47.000000000000 -19.000000000000 0.000000011368
47.000000000000 -18.000000000000 0.000000012248
47.000000000000 -17.000000000000 0.000000013149
47.000000000000 -16.000000000000 0.000000014066
47.000000000000 -15.000000000000 0.000000014992
47.000000000000 -14.000000000000 0.000000015919
47.000000000000 -13.000000000000 0.000000016839
47.000000000000 -12.000000000000 0.000000017744
47.000000000000 -11.000000000000 0.000000018624
47.000000000000 -10.000000000000 0.000000019470
47.000000000000 -9.000000000000 0.000000020272
47.000000000000 -8.000000000000 0.000000021020
47.000000000000 -7.000000000000 0.000000021706
47.000000000000 -6.000000000000 0.000000022321
47.000000000000 -5.000000000000 0.000000022856
47.000000000000 -4.000000000000 0.000000023304
47.000000000000 -3.000000000000 0.000000023659
47.000000000000 -2.000000000000 0.000000023917
47.000000000000 -1.000000000000 0.000000024073
47.000000000000 0.000000000000 0.000000024125
47.000000000000 1.000000000000 0.000000024073
47.000000000000 2.000000000000 0.000000023917
47.000000000000 3.000000000000 0.000000023659
47.000000000000 4.000000000000 0.000000023304
47.000000000000 5.000000000000 0.000000022856
47.000000000000 6.000000000000 0.000000022321
47.000000000000 7.000000000000 0.000000021706
47.000000000000 8.000000000000 0.000000021020
47.000000000000 9.000000000000 0.000000020272
47.000000000000 10.000000000000 0.000000019470
47.000000000000 11.000000000000 0.000000018624
47.000000000000 12.000000000000 0.000000017744
47.000000000000 13.000000000000 0.000000016839
47.000000000000 14.000000000000 0.000000015919
47.000000000000 15.000000000000 0.000000014992
47.000000000000 16.000000000000 0.000000014066
47.000000000000 17.000000000000 0.000000013149
47.000000000000 18.000000000000 0.000000012248
47.000000000000 19.000000000000 0.000000011368
47.000000000000 20.000000000000 0.000000010516
47.000000000000 21.000000000000 0.000000009696
47.000000000000 22.000000000000 0.000000008911
47.000000000000 23.000000000000 0.000000008165
47.000000000000 24.000000000000 0.000000007458
47.000000000000 25.000000000000 0.000000006794
47.000000000000 26.000000000000 0.000000006173
47.000000000000 27.000000000000 0.000000005595
47.000000000000 28.000000000000 0.000000005060
47.000000000000 29.000000000000 0.000000004567
47.000000000000 30.000000000000 0.000000004117
47.000000000000 31.000000000000 0.000000003707
47.000000000000 32.000000000000 0.000000003337
47.000000000000 33.000000000000 0.000000003004
47.000000000000 34.000000000000 0.000000002708
47.000000000000 35.000000000000 0.000000002447
47.000000000000 36.000000000000 0.000000002219
47.000000000000 37.000000000000 0.000000002023
47.000000000000 38.000000000000 0.000000001856
47.000000000000 39.000000000000 0.000000001709
47.000000000000 40.000000000000 0.000000001547
47.000000000000 41.000000000000 0.000000001226
47.000000000000 42.000000000000 0.000000000515
47.000000000000 43.000000000000 0.000000000144
47.000000000000 44.000000000000 0.000000000030
47.000000000000 45.000000000000 0.000000000005
47.000000000000 46.000000000000 0.000000000001
47.000000000000 47.000000000000 0.000000000000
47.000000000000 48.000000000000 0.000000000000
47.000000000000 49.000000000000 0.000000000000
47.000000000000 50.000000000000 0.000000000000
47.000000000000 51.000000000000 0.000000000000

48.000000000000 -51.000000000000 0.000000000000
48.000000000000 -50.000000000000 0.000000000000
48.000000000000 -49.000000000000 0.000000000000
48.000000000000 -48.000000000000 0.000000000000
48.000000000000 -47.000000000000 0.000000000000
48.000000000000 -46.000000000000 0.000000000000
48.000000000000 -45.000000000000 0.000000000000
48.000000000000 -44.000000000000 0.000000000000
48.000000000000 -43.000000000000 0.000000000000
48.000000000000 -42.000000000000 0.000000000001
48.000000000000 -41.000000000000 0.000000000003
48.000000000000 -40.000000000000 0.000000000004
48.000000000000 -39.000000000000 0.000000000004
48.000000000000 -38.000000000000 0.000000000005
48.000000000000 -37.000000000000 0.000000000005
48.000000000000 -36.000000000000 0.000000000006
48.000000000000 -35.000000000000 0.000000000007
48.000000000000 -34.000000000000 0.000000000007
48.000000000000 -33.000000000000 0.000000000008
48.000000000000 -32.000000000000 0.000000000009
48.000000000000 -31.000000000000 0.000000000010
48.000000000000 -30.000000000000 0.000000000012
48.000000000000 -29.000000000000 0.000000000013
48.000000000000 -28.000000000000 0.000000000015
48.000000000000 -27.000000000000 0.000000000016
48.000000000000 -26.000000000000 0.000000000018
48.000000000000 -25.000000000000 0.000000000020
48.000000000000 -24.000000000000 0.000000000022
48.000000000000 -23.000000000000 0.000000000024
48.000000000000 -22.000000000000 0.000000000027
48.000000000000 -21.000000000000 0.000000000029
48.000000000000 -20.000000000000 0.000000000032
48.000000000000 -19.000000000000 0.000000000035
48.000000000000 -18.000000000000 0.000000000038
48.000000000000 -17.000000000000 0.000000000041
48.000000000000 -16.000000000000 0.000000000044
48.000000000000 -15.000000000000 0.000000000047
48.000000000000 -14.000000000000 0.000000000050
48.000000000000 -13.000000000000 0.000000000053
48.000000000000 -12.000000000000 0.000000000056
48.000000000000 -11.000000000000 0.000000000059
48.000000000000 -10.000000000000 0.000000000062
48.000000000000 -9.000000000000 0.000000000065
48.000000000000 -8.000000000000 0.000000000067
48.000000000000 -7.000000000000 0.000000000070
48.000000000000 -6.000000000000 0.000000000072
48.000000000000 -5.000000000000 0.000000000074
48.000000000000 -4.000000000000 0.000000000075
48.000000000000 -3.000000000000 0.000000000077
48.000000000000 -2.000000000000 0.000000000078
48.000000000000 -1.000000000000 0.000000000078
48.000000000000 0.000000000000 0.000000000078
48.000000000000 1.000000000000 0.000000000078
48.000000000000 2.000000000000 0.000000000078
48.000000000000 3.000000000000 0.000000000077
48.000000000000 4.000000000000 0.000000000075
48.000000000000 5.000000000000 0.000000000074
48.000000000000 6.000000000000 0.000000000072
48.000000000000 7.000000000000 0.000000000070
48.000000000000 8.000000000000 0.000000000067
48.000000000000 9.000000000000 0.000000000065
48.000000000000 10.000000000000 0.000000000062
48.000000000000 11.000000000000 0.000000000059
48.000000000000 12.000000000000 0.000000000056
48.000000000000 13.000000000000 0.000000000053
48.000000000000 14.000000000000 0.000000000050
48.000000000000 15.000000000000 0.000000000047
48.000000000000 16.000000000000 0.000000000044
48.000000000000 17.000000000000 0.000000000041
48.000000000000 18.000000000000 0.000000000038
48.000000000000 19.000000000000 0.000000000035
48.000000000000 20.000000000000 0.000000000032
48.000000000000 21.000000000000 0.000000000029
48.000000000000 22.000000000000 0.000000000027
48.000000000000 23.000000000000 0.000000000024
48.000000000000 24.000000000000 0.000000000022
48.000000000000 25.000000000000 0.000000000020
48.000000000000 26.000000000000 0.000000000018
48.000000000000 27.000000000000 0.000000000016
48.000000000000 28.000000000000 0.000000000015
48.000000000000 29.000000000000 0.000000000013
48.000000000000 30.000000000000 0.000000000012
48.000000000000 31.000000000000 0.000000000010
48.000000000000 32.000000000000 0.000000000009
48.000000000000 33.000000000000 0.000000000008
48.000000000000 34.000000000000 0.000000000007
48.000000000000 35.000000000000 0.000000000007
48.000000000000 36.000000000000 0.000000000006
48.000000000000 37.000000000000 0.000000000005
48.000000000000 38.000000000000 0.000000000005
48.000000000000 39.000000000000 0.000000000004
48.000000000000 40.000000000000 0.000000000004
48.000000000000 41.000000000000 0.000000000003
48.000000000000 42.000000000000 0.000000000001
48.000000000000 43.000000000000 0.000000000000
48.000000000000 44.000000000000 0.000000000000
48.000000000000 45.000000000000 0.000000000000
48.000000000000 46.000000000000 0.000000000000
48.000000000000 47.000000000000 0.000000000000
48.000000000000 48.000000000000 0.000000000000
48.000000000000 49.000000000000 0.000000000000
48.000000000000 50.000000000000 0.000000000000
48.000000000000 51.000000000000 0.000000000000

49.000000000000 -51.000000000000 0.000000000000
49.000000000000 -50.000000000000 0.000000000000
49.000000000000 -49.000000000000 0.000000000000
49.000000000000 -48.000000000000 0.000000000000
49.000000000000 -47.000000000000 0.000000000000
49.000000000000 -46.000000000000 0.000000000000
49.000000000000 -45.000000000000 0.000000000000
49.000000000000 -44.000000000000 0.000000000000
49.000000000000 -43.000000000000 0.000000000000
49.000000000000 -42.000000000000 0.000000000000
49.000000000000 -41.000000000000 0.000000000000
49.000000000000 -40.000000000000 0.000000000000
49.000000000000 -39.000000000000 0.000000000000
49.000000000000 -38.000000000000 0.000000000000
49.000000000000 -37.000000000000 0.000000000000
49.000000000000 -36.000000000000 0.000000000000
49.000000000000 -35.000000000000 0.000000000000
49.000000000000 -34.000000000000 0.000000000000
49.000000000000 -33.000000000000 0.000000000000
49.000000000000 -32.000000000000 0.000000000000
49.000000000000 -31.000000000000 0.000000000000
49.000000000000 -30.000000000000 0.000000000000
49.000000000000 -29.000000000000 0.000000000000
49.000000000000 -28.000000000000 0.000000000000
49.000000000000 -27.000000000000 0.000000000000
49.000000000000 -26.000000000000 0.000000000000
49.000000000000 -25.000000000000 0.000000000000
49.000000000000 -24.000000000000 0.000000000000
49.000000000000 -23.000000000000 0.000000000000
49.000000000000 -22.000000000000 0.000000000000
49.000000000000 -21.000000000000 0.000000000000
49.000000000000 -20.000000000000 0.000000000000
49.000000000000 -19.000000000000 0.000000000000
49.000000000000 -18.000000000000 0.000000000000
49.000000000000 -17.000000000000 0.000000000000
49.000000000000 -16.000000000000 0.000000000000
49.000000000000 -15.000000000000 0.000000000000
49.000000000000 -14.000000000000 0.000000000000
49.000000000000 -13.000000000000 0.000000000000
49.000000000000 -12.000000000000 0.000000000000
49.000000000000 -11.000000000000 0.000000000000
49.000000000000 -10.000000000000 0.000000000000
49.000000000000 -9.000000000000 0.000000000000
49.000000000000 -8.000000000000 0.000000000000
49.000000000000 -7.000000000000 0.000000000000
49.000000000000 -6.000000000000 0.000000000000
49.000000000000 -5.000000000000 0.000000000000
49.000000000000 -4.000000000000 0.000000000000
49.000000000000 -3.000000000000 0.000000000000
49.000000000000 -2.000000000000 0.000000000000
49.000000000000 -1.000000000000 0.000000000000
49.000000000000 0.000000000000 0.000000000000
49.000000000000 1.000000000000 0.000000000000
49.000000000000 2.000000000000 0.000000000000
49.000000000000 3.000000000000 0.000000000000
49.000000000000 4.000000000000 0.000000000000
49.000000000000 5.000000000000 0.000000000000
49.000000000000 6.000000000000 0.000000000000
49.000000000000 7.000000000000 0.000000000000
49.000000000000 8.000000000000 0.000000000000
49.000000000000 9.000000000000 0.000000000000
49.000000000000 10.000000000000 0.000000000000
49.000000000000 11.000000000000 0.000000000000
49.000000000000 12.000000000000 0.000000000000
49.000000000000 13.000000000000 0.000000000000
49.000000000000 14.000000000000 0.000000000000
49.000000000000 15.000000000000 0.000000000000
49.000000000000 16.000000000000 0.000000000000
49.000000000000 17.000000000000 0.000000000000
49.000000000000 18.000000000000 0.000000000000
49.000000000000 19.000000000000 0.000000000000
49.000000000000 20.000000000000 0.000000000000
49.000000000000 21.000000000000 0.000000000000
49.000000000000 22.000000000000 0.000000000000
49.000000000000 23.000000000000 0.000000000000
49.000000000000 24.000000000000 0.000000000000
49.000000000000 25.000000000000 0.000000000000
49.000000000000 26.000000000000 0.000000000000
49.000000000000 27.000000000000 0.000000000000
49.000000000000 28.000000000000 0.000000000000
49.000000000000 29.000000000000 0.000000000000
49.000000000000 30.000000000000 0.000000000000
49.000000000000 31.000000000000 0.000000000000
49.000000000000 32.000000000000 0.000000000000
49.000000000000 33.000000000000 0.000000000000
49.000000000000 34.000000000000 0.000000000000
49.000000000000 35.000000000000 0.000000000000
49.000000000000 36.000000000000 0.000000000000
49.000000000000 37.000000000000 0.000000000000
49.000000000000 38.000000000000 0.000000000000
49.000000000000 39.000000000000 0.000000000000
49.000000000000 40.000000000000 0.000000000000
49.000000000000 41.000000000000 0.000000000000
49.000000000000 42.000000000000 0.000000000000
49.000000000000 43.000000000000 0.000000000000
49.000000000000 44.000000000000 0.000000000000
49.000000000000 45.000000000000 0.000000000000
49.000000000000 46.000000000000 0.000000000000
49.000000000000 47.000000000000 0.000000000000
49.000000000000 48.000000000000 0.000000000000
49.000000000000 49.000000000000 0.000000000000
49.000000000000 50.000000000000 0.000000000000
49.000000000000 51.000000000000 0.000000000000

50.000000000000 -51.000000000000 0.000000000000
50.000000000000 -50.000000000000 0.000000000000
50.000000000000 -49.000000000000 0.000000000000
50.000000000000 -48.000000000000 0.000000000000
50.000000000000 -47.000000000000 0.000000000000
50.000000000000 -46.000000000000 0.000000000000
50.000000000000 -45.000000000000 0.000000000000
50.000000000000 -44.000000000000 0.000000000000
50.000000000000 -43.000000000000 0.000000000000
50.000000000000 -42.000000000000 0.000000000000
50.000000000000 -41.000000000000 0.000000000000
50.000000000000 -40.000000000000 0.000000000000
50.000000000000 -39.000000000000 0.000000000000
50.000000000000 -38.000000000000 0.000000000000
50.000000000000 -37.000000000000 0.000000000000
50.000000000000 -36.000000000000 0.000000000000
50.000000000000 -35.000000000000 0.000000000000
50.000000000000 -34.000000000000 0.000000000000
50.000000000000 -33.000000000000 0.000000000000
50.000000000000 -32.000000000000 0.000000000000
50.000000000000 -31.000000000000 0.000000000000
50.000000000000 -30.000000000000 0.000000000000
50.000000000000 -29.000000000000 0.000000000000
50.000000000000 -28.000000000000 0.000000000000
50.000000000000 -27.000000000000 0.000000000000
50.000000000000 -26.000000000000 0.000000000000
50.000000000000 -25.000000000000 0.000000000000
50.000000000000 -24.000000000000 0.000000000000
50.000000000000 -23.000000000000 0.000000000000
50.000000000000 -22.000000000000 0.000000000000
50.000000000000 -21.000000000000 0.000000000000
50.000000000000 -20.000000000000 0.000000000000
50.000000000000 -19.000000000000 0.000000000000
50.000000000000 -18.000000000000 0.000000000000
50.000000000000 -17.000000000000 0.000000000000
50.000000000000 -16.000000000000 0.000000000000
50.000000000000 -15.000000000000 0.000000000000
50.000000000000 -14.000000000000 0.000000000000
50.000000000000 -13.000000000000 0.000000000000
50.000000000000 -12.000000000000 0.000000000000
50.000000000000 -11.000000000000 0.000000000000
50.000000000000 -10.000000000000 0.000000000000
50.000000000000 -9.000000000000 0.000000000000
50.000000000000 -8.000000000000 0.000000000000
50.000000000000 -7.000000000000 0.000000000000
50.000000000000 -6.000000000000 0.000000000000
50.000000000000 -5.000000000000 0.000000000000
50.000000000000 -4.000000000000 0.000000000000
50.000000000000 -3.000000000000 0.000000000000
50.000000000000 -2.000000000000 0.000000000000
50.000000000000 -1.000000000000 0.000000000000
50.000000000000 0.000000000000 0.000000000000
50.000000000000 1.000000000000 0.000000000000
50.000000000000 2.000000000000 0.000000000000
50.000000000000 3.000000000000 0.000000000000
50.000000000000 4.000000000000 0.000000000000
50.000000000000 5.000000000000 0.000000000000
50.000000000000 6.000000000000 0.000000000000
50.000000000000 7.000000000000 0.000000000000
50.000000000000 8.000000000000 0.000000000000
50.000000000000 9.000000000000 0.000000000000
50.000000000000 10.000000000000 0.000000000000
50.000000000000 11.000000000000 0.000000000000
50.000000000000 12.000000000000 0.000000000000
50.000000000000 13.000000000000 0.000000000000
50.000000000000 14.000000000000 0.000000000000
50.000000000000 15.000000000000 0.000000000000
50.000000000000 16.000000000000 0.000000000000
50.000000000000 17.000000000000 0.000000000000
50.000000000000 18.000000000000 0.000000000000
50.000000000000 19.000000000000 0.000000000000
50.000000000000 20.000000000000 0.000000000000
50.000000000000 21.000000000000 0.000000000000
50.000000000000 22.000000000000 0.000000000000
50.000000000000 23.000000000000 0.000000000000
50.000000000000 24.000000000000 0.000000000000
50.000000000000 25.000000000000 0.000000000000
50.000000000000 26.000000000000 0.000000000000
50.000000000000 27.000000000000 0.000000000000
50.000000000000 28.000000000000 0.000000000000
50.000000000000 29.000000000000 0.000000000000
50.000000000000 30.000000000000 0.000000000000
50.000000000000 31.000000000000 0.000000000000
50.000000000000 32.000000000000 0.000000000000
50.000000000000 33.000000000000 0.000000000000
50.000000000000 34.000000000000 0.000000000000
50.000000000000 35.000000000000 0.000000000000
50.000000000000 36.000000000000 0.000000000000
50.000000000000 37.000000000000 0.000000000000
50.000000000000 38.000000000000 0.000000000000
50.000000000000 39.000000000000 0.000000000000
50.000000000000 40.000000000000 0.000000000000
50.000000000000 41.000000000000 0.000000000000
50.000000000000 42.000000000000 0.000000000000
50.000000000000 43.000000000000 0.000000000000
50.000000000000 44.000000000000 0.000000000000
50.000000000000 45.000000000000 0.000000000000
50.000000000000 46.000000000000 0.000000000000
50.000000000000 47.000000000000 0.000000000000
50.000000000000 48.000000000000 0.000000000000
50.000000000000 49.000000000000 0.000000000000
50.000000000000 50.000000000000 0.000000000000
50.000000000000 51.000000000000 0.000000000000

51.000000000000 -51.000000000000 0.000000000000
51.000000000000 -50.000000000000 0.000000000000
51.000000000000 -49.000000000000 0.000000000000
51.000000000000 -48.000000000000 0.000000000000
51.000000000000 -47.000000000000 0.000000000000
51.000000000000 -46.000000000000 0.000000000000
51.000000000000 -45.000000000000 0.000000000000
51.000000000000 -44.000000000000 0.000000000000
51.000000000000 -43.000000000000 0.000000000000
51.000000000000 -42.000000000000 0.000000000000
51.000000000000 -41.000000000000 0.000000000000
51.000000000000 -40.000000000000 0.000000000000
51.000000000000 -39.000000000000 0.000000000000
51.000000000000 -38.000000000000 0.000000000000
51.000000000000 -37.000000000000 0.000000000000
51.000000000000 -36.000000000000 0.000000000000
51.000000000000 -35.000000000000 0.000000000000
51.000000000000 -34.000000000000 0.000000000000
51.000000000000 -33.000000000000 0.000000000000
51.000000000000 -32.000000000000 0.000000000000
51.000000000000 -31.000000000000 0.000000000000
51.000000000000 -30.000000000000 0.000000000000
51.000000000000 -29.000000000000 0.000000000000
51.000000000000 -28.000000000000 0.000000000000
51.000000000000 -27.000000000000 0.000000000000
51.000000000000 -26.000000000000 0.000000000000
51.000000000000 -25.000000000000 0.000000000000
51.000000000000 -24.000000000000 0.000000000000
51.000000000000 -23.000000000000 0.000000000000
51.000000000000 -22.000000000000 0.000000000000
51.000000000000 -21.000000000000 0.000000000000
51.000000000000 -20.000000000000 0.000000000000
51.000000000000 -19.000000000000 0.000000000000
51.000000000000 -18.000000000000 0.000000000000
51.000000000000 -17.000000000000 0.000000000000
51.000000000000 -16.000000000000 0.000000000000
51.000000000000 -15.000000000000 0.000000000000
51.000000000000 -14.000000000000 0.000000000000
51.000000000000 -13.000000000000 0.000000000000
51.000000000000 -12.000000000000 0.000000000000
51.000000000000 -11.000000000000 0.000000000000
51.000000000000 -10.000000000000 0.000000000000
51.000000000000 -9.000000000000 0.000000000000
51.000000000000 -8.000000000000 0.000000000000
51.000000000000 -7.000000000000 0.000000000000
51.000000000000 -6.000000000000 0.000000000000
51.000000000000 -5.000000000000 0.000000000000
51.000000000000 -4.000000000000 0.000000000000
51.000000000000 -3.000000000000 0.000000000000
51.000000000000 -2.000000000000 0.000000000000
51.000000000000 -1.000000000000 0.000000000000
51.000000000000 0.000000000000 0.000000000000
51.000000000000 1.000000000000 0.000000000000
51.000000000000 2.000000000000 0.000000000000
51.000000000000 3.000000000000 0.000000000000
51.000000000000 4.000000000000 0.000000000000
51.000000000000 5.000000000000 0.000000000000
51.000000000000 6.000000000000 0.000000000000
51.000000000000 7.000000000000 0.000000000000
51.000000000000 8.000000000000 0.000000000000
51.000000000000 9.000000000000 0.000000000000
51.000000000000 10.000000000000 0.000000000000
51.000000000000 11.000000000000 0.000000000000
51.000000000000 12.000000000000 0.000000000000
51.000000000000 13.000000000000 0.000000000000
51.000000000000 14.000000000000 0.000000000000
51.000000000000 15.000000000000 0.000000000000
51.000000000000 16.000000000000 0.000000000000
51.000000000000 17.000000000000 0.000000000000
51.000000000000 18.000000000000 0.000000000000
51.000000000000 19.000000000000 0.000000000000
51.000000000000 20.000000000000 0.000000000000
51.000000000000 21.000000000000 0.000000000000
51.000000000000 22.000000000000 0.000000000000
51.000000000000 23.000000000000 0.000000000000
51.000000000000 24.000000000000 0.000000000000
51.000000000000 25.000000000000 0.000000000000
51.000000000000 26.000000000000 0.000000000000
51.000000000000 27.000000000000 0.000000000000
51.000000000000 28.000000000000 0.000000000000
51.000000000000 29.000000000000 0.000000000000
51.000000000000 30.000000000000 0.000000000000
51.000000000000 31.000000000000 0.000000000000
51.000000000000 32.000000000000 0.000000000000
51.000000000000 33.000000000000 0.000000000000
51.000000000000 34.000000000000 0.000000000000
51.000000000000 35.000000000000 0.000000000000
51.000000000000 36.000000000000 0.000000000000
51.000000000000 37.000000000000 0.000000000000
51.000000000000 38.000000000000 0.000000000000
51.000000000000 39.000000000000 0.000000000000
51.000000000000 40.000000000000 0.000000000000
51.000000000000 41.000000000000 0.000000000000
51.000000000000 42.000000000000 0.000000000000
51.000000000000 43.000000000000 0.000000000000
51.000000000000 44.000000000000 0.000000000000
51.000000000000 45.000000000000 0.000000000000
51.000000000000 46.000000000000 0.000000000000
51.000000000000 47.000000000000 0.000000000000
51.000000000000 48.000000000000 0.000000000000
51.000000000000 49.000000000000 0.000000000000
51.000000000000 50.000000000000 0.000000000000
51.000000000000 51.000000000000 0.000000000000

