x,y,value
0.000000000000,0.000000000000,0.000000000000
0.000000000000,0.023437500000,0.000000000000
0.000000000000,0.046875000000,0.000000000000
0.000000000000,0.070312500000,0.000000000000
0.000000000000,0.093750000000,0.000000000000
0.000000000000,0.117187500000,0.000000000000
0.000000000000,0.140625000000,0.000000000000
0.000000000000,0.164062500000,0.000000000000
0.000000000000,0.187500000000,0.000000000000
0.000000000000,0.210937500000,0.000000000000
0.000000000000,0.234375000000,0.000000000000
0.000000000000,0.257812500000,0.000000000000
0.000000000000,0.281250000000,0.000000000000
0.000000000000,0.304687500000,0.000000000000
0.000000000000,0.328125000000,0.000000000000
0.000000000000,0.351562500000,0.000000000000
0.000000000000,0.375000000000,0.000000000000
0.000000000000,0.398437500000,0.000000000000
0.000000000000,0.421875000000,0.000000000000
0.000000000000,0.445312500000,0.000000000000
0.000000000000,0.468750000000,0.000000000000
0.000000000000,0.492187500000,0.000000000000
0.000000000000,0.515625000000,0.000000000000
0.000000000000,0.539062500000,0.000000000000
0.000000000000,0.562500000000,0.000000000000
0.000000000000,0.585937500000,0.000000000000
0.000000000000,0.609375000000,0.000000000000
0.000000000000,0.632812500000,0.000000000000
0.000000000000,0.656250000000,0.000000000000
0.000000000000,0.679687500000,0.000000000000
0.000000000000,0.703125000000,0.000000000000
0.000000000000,0.726562500000,0.000000000000
0.000000000000,0.750000000000,0.000000000000
0.000000000000,0.773437500000,0.000000000000
0.000000000000,0.796875000000,0.000000000000
0.000000000000,0.820312500000,0.000000000000
0.000000000000,0.843750000000,0.000000000000
0.000000000000,0.867187500000,0.000000000000
0.000000000000,0.890625000000,0.000000000000
0.000000000000,0.914062500000,0.000000000000
0.000000000000,0.937500000000,0.000000000000
0.000000000000,0.960937500000,0.000000000000
0.000000000000,0.984375000000,0.000000000000
0.000000000000,1.007812500000,0.000000000000
0.000000000000,1.031250000000,0.000000000000
0.000000000000,1.054687500000,0.000000000000
0.000000000000,1.078125000000,0.000000000000
0.000000000000,1.101562500000,0.000000000000
0.000000000000,1.125000000000,0.000000000000
0.000000000000,1.148437500000,0.000000000000
0.000000000000,1.171875000000,0.000000000000
0.000000000000,1.195312500000,0.000000000000
0.000000000000,1.218750000000,0.000000000000
0.000000000000,1.242187500000,0.000000000000
0.000000000000,1.265625000000,0.000000000000
0.000000000000,1.289062500000,0.000000000000
0.000000000000,1.312500000000,0.000000000000
0.000000000000,1.335937500000,0.000000000000
0.000000000000,1.359375000000,0.000000000000
0.000000000000,1.382812500000,0.000000000000
0.000000000000,1.406250000000,0.000000000000
0.000000000000,1.429687500000,0.000000000000
0.000000000000,1.453125000000,0.000000000000
0.000000000000,1.476562500000,0.000000000000
0.000000000000,1.500000000000,0.000000000000
0.000000000000,1.523437500000,0.000000000000
0.000000000000,1.546875000000,0.000000000000
0.000000000000,1.570312500000,0.000000000000
0.000000000000,1.593750000000,0.000000000000
0.000000000000,1.617187500000,0.000000000000
0.000000000000,1.640625000000,0.000000000000
0.000000000000,1.664062500000,0.000000000000
0.000000000000,1.687500000000,0.000000000000
0.000000000000,1.710937500000,0.000000000000
0.000000000000,1.734375000000,0.000000000000
0.000000000000,1.757812500000,0.000000000000
0.000000000000,1.781250000000,0.000000000000
0.000000000000,1.804687500000,0.000000000000
0.000000000000,1.828125000000,0.000000000000
0.000000000000,1.851562500000,0.000000000000
0.000000000000,1.875000000000,0.000000000000
0.000000000000,1.898437500000,0.000000000000
0.000000000000,1.921875000000,0.000000000000
0.000000000000,1.945312500000,0.000000000000
0.000000000000,1.968750000000,0.000000000000
0.000000000000,1.992187500000,0.000000000000
0.000000000000,2.015625000000,0.000000000000
0.000000000000,2.039062500000,0.000000000000
0.000000000000,2.062500000000,0.000000000000
0.000000000000,2.085937500000,0.000000000000
0.000000000000,2.109375000000,0.000000000000
0.000000000000,2.132812500000,0.000000000000
0.000000000000,2.156250000000,0.000000000000
0.000000000000,2.179687500000,0.000000000000
0.000000000000,2.203125000000,0.000000000000
0.000000000000,2.226562500000,0.000000000000
0.000000000000,2.250000000000,0.000000000000
0.000000000000,2.273437500000,0.000000000000
0.000000000000,2.296875000000,0.000000000000
0.000000000000,2.320312500000,0.000000000000
0.000000000000,2.343750000000,0.000000000000
0.000000000000,2.367187500000,0.000000000000
0.000000000000,2.390625000000,0.000000000000
0.000000000000,2.414062500000,0.000000000000
0.000000000000,2.437500000000,0.000000000000
0.000000000000,2.460937500000,0.000000000000
0.000000000000,2.484375000000,0.000000000000
0.000000000000,2.507812500000,0.000000000000
0.000000000000,2.531250000000,0.000000000000
0.000000000000,2.554687500000,0.000000000000
0.000000000000,2.578125000000,0.000000000000
0.000000000000,2.601562500000,0.000000000000
0.000000000000,2.625000000000,0.000000000000
0.000000000000,2.648437500000,0.000000000000
0.000000000000,2.671875000000,0.000000000000
0.000000000000,2.695312500000,0.000000000000
0.000000000000,2.718750000000,0.000000000000
0.000000000000,2.742187500000,0.000000000000
0.000000000000,2.765625000000,0.000000000000
0.000000000000,2.789062500000,0.000000000000
0.000000000000,2.812500000000,0.000000000000
0.000000000000,2.835937500000,0.000000000000
0.000000000000,2.859375000000,0.000000000000
0.000000000000,2.882812500000,0.000000000000
0.000000000000,2.906250000000,0.000000000000
0.000000000000,2.929687500000,0.000000000000
0.000000000000,2.953125000000,0.000000000000
0.000000000000,2.976562500000,0.000000000000
0.000000000000,3.000000000000,0.000000000000
0.023437500000,0.000000000000,0.000000000000
0.023437500000,0.023437500000,0.000000000227
0.023437500000,0.046875000000,0.000000000343
0.023437500000,0.070312500000,0.000000000459
0.023437500000,0.093750000000,0.000000000570
0.023437500000,0.117187500000,0.000000000683
0.023437500000,0.140625000000,0.000000000791
0.023437500000,0.164062500000,0.000000000898
0.023437500000,0.187500000000,0.000000001006
0.023437500000,0.210937500000,0.000000001109
0.023437500000,0.234375000000,0.000000001211
0.023437500000,0.257812500000,0.000000001312
0.023437500000,0.281250000000,0.000000001410
0.023437500000,0.304687500000,0.000000001503
0.023437500000,0.328125000000,0.000000001598
0.023437500000,0.351562500000,0.000000001691
0.023437500000,0.375000000000,0.000000001780
0.023437500000,0.398437500000,0.000000001867
0.023437500000,0.421875000000,0.000000001953
0.023437500000,0.445312500000,0.000000002036
0.023437500000,0.468750000000,0.000000002114
0.023437500000,0.492187500000,0.000000002193
0.023437500000,0.515625000000,0.000000002269
0.023437500000,0.539062500000,0.000000002343
0.023437500000,0.562500000000,0.000000002412
0.023437500000,0.585937500000,0.000000002483
0.023437500000,0.609375000000,0.000000002548
0.023437500000,0.632812500000,0.000000002613
0.023437500000,0.656250000000,0.000000002673
0.023437500000,0.679687500000,0.000000002733
0.023437500000,0.703125000000,0.000000002789
0.023437500000,0.726562500000,0.000000002842
0.023437500000,0.750000000000,0.000000002894
0.023437500000,0.773437500000,0.000000002943
0.023437500000,0.796875000000,0.000000002989
0.023437500000,0.820312500000,0.000000003034
0.023437500000,0.843750000000,0.000000003076
0.023437500000,0.867187500000,0.000000003115
0.023437500000,0.890625000000,0.000000003152
0.023437500000,0.914062500000,0.000000003187
0.023437500000,0.937500000000,0.000000003219
0.023437500000,0.960937500000,0.000000003249
0.023437500000,0.984375000000,0.000000003275
0.023437500000,1.007812500000,0.000000003299
0.023437500000,1.031250000000,0.000000003321
0.023437500000,1.054687500000,0.000000003342
0.023437500000,1.078125000000,0.000000003360
0.023437500000,1.101562500000,0.000000003374
0.023437500000,1.125000000000,0.000000003387
0.023437500000,1.148437500000,0.000000003398
0.023437500000,1.171875000000,0.000000003406
0.023437500000,1.195312500000,0.000000003412
0.023437500000,1.218750000000,0.000000003416
0.023437500000,1.242187500000,0.000000003417
0.023437500000,1.265625000000,0.000000003416
0.023437500000,1.289062500000,0.000000003416
0.023437500000,1.312500000000,0.000000003408
0.023437500000,1.335937500000,0.000000003403
0.023437500000,1.359375000000,0.000000003393
0.023437500000,1.382812500000,0.000000003380
0.023437500000,1.406250000000,0.000000003371
0.023437500000,1.429687500000,0.000000003354
0.023437500000,1.453125000000,0.000000003335
0.023437500000,1.476562500000,0.000000003317
0.023437500000,1.500000000000,0.000000003296
0.023437500000,1.523437500000,0.000000003274
0.023437500000,1.546875000000,0.000000003248
0.023437500000,1.570312500000,0.000000003224
0.023437500000,1.593750000000,0.000000003194
0.023437500000,1.617187500000,0.000000003165
0.023437500000,1.640625000000,0.000000003132
0.023437500000,1.664062500000,0.000000003099
0.023437500000,1.687500000000,0.000000003065
0.023437500000,1.710937500000,0.000000003029
0.023437500000,1.734375000000,0.000000002992
0.023437500000,1.757812500000,0.000000002951
0.023437500000,1.781250000000,0.000000002911
0.023437500000,1.804687500000,0.000000002870
0.023437500000,1.828125000000,0.000000002828
0.023437500000,1.851562500000,0.000000002783
0.023437500000,1.875000000000,0.000000002738
0.023437500000,1.898437500000,0.000000002691
0.023437500000,1.921875000000,0.000000002643
0.023437500000,1.945312500000,0.000000002594
0.023437500000,1.968750000000,0.000000002544
0.023437500000,1.992187500000,0.000000002493
0.023437500000,2.015625000000,0.000000002441
0.023437500000,2.039062500000,0.000000002387
0.023437500000,2.062500000000,0.000000002334
0.023437500000,2.085937500000,0.000000002278
0.023437500000,2.109375000000,0.000000002224
0.023437500000,2.132812500000,0.000000002165
0.023437500000,2.156250000000,0.000000002109
0.023437500000,2.179687500000,0.000000002052
0.023437500000,2.203125000000,0.000000001995
0.023437500000,2.226562500000,0.000000001936
0.023437500000,2.250000000000,0.000000001877
0.023437500000,2.273437500000,0.000000001816
0.023437500000,2.296875000000,0.000000001757
0.023437500000,2.320312500000,0.000000001695
0.023437500000,2.343750000000,0.000000001635
0.023437500000,2.367187500000,0.000000001573
0.023437500000,2.390625000000,0.000000001512
0.023437500000,2.414062500000,0.000000001450
0.023437500000,2.437500000000,0.000000001390
0.023437500000,2.460937500000,0.000000001325
0.023437500000,2.484375000000,0.000000001264
0.023437500000,2.507812500000,0.000000001201
0.023437500000,2.531250000000,0.000000001139
0.023437500000,2.554687500000,0.000000001078
0.023437500000,2.578125000000,0.000000001015
0.023437500000,2.601562500000,0.000000000954
0.023437500000,2.625000000000,0.000000000891
0.023437500000,2.648437500000,0.000000000830
0.023437500000,2.671875000000,0.000000000768
0.023437500000,2.695312500000,0.000000000707
0.023437500000,2.718750000000,0.000000000646
0.023437500000,2.742187500000,0.000000000585
0.023437500000,2.765625000000,0.000000000525
0.023437500000,2.789062500000,0.000000000465
0.023437500000,2.812500000000,0.000000000406
0.023437500000,2.835937500000,0.000000000347
0.023437500000,2.859375000000,0.000000000289
0.023437500000,2.882812500000,0.000000000230
0.023437500000,2.906250000000,0.000000000173
0.023437500000,2.929687500000,0.000000000116
0.023437500000,2.953125000000,0.000000000060
0.023437500000,2.976562500000,0.000000000004
0.023437500000,3.000000000000,0.000000000000
0.046875000000,0.000000000000,0.000000000000
0.046875000000,0.023437500000,0.000000000343
0.046875000000,0.046875000000,0.000000000469
0.046875000000,0.070312500000,0.000000000592
0.046875000000,0.093750000000,0.000000000712
0.046875000000,0.117187500000,0.000000000832
0.046875000000,0.140625000000,0.000000000947
0.046875000000,0.164062500000,0.000000001065
0.046875000000,0.187500000000,0.000000001176
0.046875000000,0.210937500000,0.000000001288
0.046875000000,0.234375000000,0.000000001394
0.046875000000,0.257812500000,0.000000001504
0.046875000000,0.281250000000,0.000000001607
0.046875000000,0.304687500000,0.000000001711
0.046875000000,0.328125000000,0.000000001808
0.046875000000,0.351562500000,0.000000001906
0.046875000000,0.375000000000,0.000000002001
0.046875000000,0.398437500000,0.000000002095
0.046875000000,0.421875000000,0.000000002184
0.046875000000,0.445312500000,0.000000002272
0.046875000000,0.468750000000,0.000000002357
0.046875000000,0.492187500000,0.000000002439
0.046875000000,0.515625000000,0.000000002519
0.046875000000,0.539062500000,0.000000002596
0.046875000000,0.562500000000,0.000000002672
0.046875000000,0.585937500000,0.000000002742
0.046875000000,0.609375000000,0.000000002814
0.046875000000,0.632812500000,0.000000002881
0.046875000000,0.656250000000,0.000000002947
0.046875000000,0.679687500000,0.000000003009
0.046875000000,0.703125000000,0.000000003066
0.046875000000,0.726562500000,0.000000003124
0.046875000000,0.750000000000,0.000000003178
0.046875000000,0.773437500000,0.000000003229
0.046875000000,0.796875000000,0.000000003277
0.046875000000,0.820312500000,0.000000003322
0.046875000000,0.843750000000,0.000000003366
0.046875000000,0.867187500000,0.000000003406
0.046875000000,0.890625000000,0.000000003443
0.046875000000,0.914062500000,0.000000003478
0.046875000000,0.937500000000,0.000000003513
0.046875000000,0.960937500000,0.000000003542
0.046875000000,0.984375000000,0.000000003569
0.046875000000,1.007812500000,0.000000003593
0.046875000000,1.031250000000,0.000000003617
0.046875000000,1.054687500000,0.000000003636
0.046875000000,1.078125000000,0.000000003653
0.046875000000,1.101562500000,0.000000003667
0.046875000000,1.125000000000,0.000000003678
0.046875000000,1.148437500000,0.000000003689
0.046875000000,1.171875000000,0.000000003695
0.046875000000,1.195312500000,0.000000003699
0.046875000000,1.218750000000,0.000000003703
0.046875000000,1.242187500000,0.000000003703
0.046875000000,1.265625000000,0.000000003701
0.046875000000,1.289062500000,0.000000003693
0.046875000000,1.312500000000,0.000000003688
0.046875000000,1.335937500000,0.000000003678
0.046875000000,1.359375000000,0.000000003667
0.046875000000,1.382812500000,0.000000003654
0.046875000000,1.406250000000,0.000000003635
0.046875000000,1.429687500000,0.000000003619
0.046875000000,1.453125000000,0.000000003598
0.046875000000,1.476562500000,0.000000003577
0.046875000000,1.500000000000,0.000000003555
0.046875000000,1.523437500000,0.000000003526
0.046875000000,1.546875000000,0.000000003499
0.046875000000,1.570312500000,0.000000003467
0.046875000000,1.593750000000,0.000000003437
0.046875000000,1.617187500000,0.000000003403
0.046875000000,1.640625000000,0.000000003369
0.046875000000,1.664062500000,0.000000003332
0.046875000000,1.687500000000,0.000000003291
0.046875000000,1.710937500000,0.000000003250
0.046875000000,1.734375000000,0.000000003209
0.046875000000,1.757812500000,0.000000003167
0.046875000000,1.781250000000,0.000000003121
0.046875000000,1.804687500000,0.000000003074
0.046875000000,1.828125000000,0.000000003026
0.046875000000,1.851562500000,0.000000002978
0.046875000000,1.875000000000,0.000000002928
0.046875000000,1.898437500000,0.000000002875
0.046875000000,1.921875000000,0.000000002823
0.046875000000,1.945312500000,0.000000002768
0.046875000000,1.968750000000,0.000000002714
0.046875000000,1.992187500000,0.000000002656
0.046875000000,2.015625000000,0.000000002600
0.046875000000,2.039062500000,0.000000002541
0.046875000000,2.062500000000,0.000000002483
0.046875000000,2.085937500000,0.000000002423
0.046875000000,2.109375000000,0.000000002361
0.046875000000,2.132812500000,0.000000002300
0.046875000000,2.156250000000,0.000000002237
0.046875000000,2.179687500000,0.000000002176
0.046875000000,2.203125000000,0.000000002113
0.046875000000,2.226562500000,0.000000002047
0.046875000000,2.250000000000,0.000000001982
0.046875000000,2.273437500000,0.000000001918
0.046875000000,2.296875000000,0.000000001851
0.046875000000,2.320312500000,0.000000001786
0.046875000000,2.343750000000,0.000000001719
0.046875000000,2.367187500000,0.000000001653
0.046875000000,2.390625000000,0.000000001588
0.046875000000,2.414062500000,0.000000001519
0.046875000000,2.437500000000,0.000000001452
0.046875000000,2.460937500000,0.000000001385
0.046875000000,2.484375000000,0.000000001317
0.046875000000,2.507812500000,0.000000001251
0.046875000000,2.531250000000,0.000000001182
0.046875000000,2.554687500000,0.000000001116
0.046875000000,2.578125000000,0.000000001050
0.046875000000,2.601562500000,0.000000000982
0.046875000000,2.625000000000,0.000000000914
0.046875000000,2.648437500000,0.000000000846
0.046875000000,2.671875000000,0.000000000780
0.046875000000,2.695312500000,0.000000000716
0.046875000000,2.718750000000,0.000000000650
0.046875000000,2.742187500000,0.000000000585
0.046875000000,2.765625000000,0.000000000519
0.046875000000,2.789062500000,0.000000000454
0.046875000000,2.812500000000,0.000000000390
0.046875000000,2.835937500000,0.000000000327
0.046875000000,2.859375000000,0.000000000263
0.046875000000,2.882812500000,0.000000000203
0.046875000000,2.906250000000,0.000000000140
0.046875000000,2.929687500000,0.000000000079
0.046875000000,2.953125000000,0.000000000019
0.046875000000,2.976562500000,-0.000000000040
0.046875000000,3.000000000000,0.000000000000
0.070312500000,0.000000000000,0.000000000000
0.070312500000,0.023437500000,0.000000000460
0.070312500000,0.046875000000,0.000000000591
0.070312500000,0.070312500000,0.000000000721
0.070312500000,0.093750000000,0.000000000851
0.070312500000,0.117187500000,0.000000000977
0.070312500000,0.140625000000,0.000000001103
0.070312500000,0.164062500000,0.000000001224
0.070312500000,0.187500000000,0.000000001346
0.070312500000,0.210937500000,0.000000001462
0.070312500000,0.234375000000,0.000000001580
0.070312500000,0.257812500000,0.000000001690
0.070312500000,0.281250000000,0.000000001802
0.070312500000,0.304687500000,0.000000001909
0.070312500000,0.328125000000,0.000000002015
0.070312500000,0.351562500000,0.000000002120
0.070312500000,0.375000000000,0.000000002221
0.070312500000,0.398437500000,0.000000002317
0.070312500000,0.421875000000,0.000000002413
0.070312500000,0.445312500000,0.000000002505
0.070312500000,0.468750000000,0.000000002595
0.070312500000,0.492187500000,0.000000002682
0.070312500000,0.515625000000,0.000000002767
0.070312500000,0.539062500000,0.000000002850
0.070312500000,0.562500000000,0.000000002928
0.070312500000,0.585937500000,0.000000003004
0.070312500000,0.609375000000,0.000000003076
0.070312500000,0.632812500000,0.000000003147
0.070312500000,0.656250000000,0.000000003213
0.070312500000,0.679687500000,0.000000003277
0.070312500000,0.703125000000,0.000000003339
0.070312500000,0.726562500000,0.000000003398
0.070312500000,0.750000000000,0.000000003454
0.070312500000,0.773437500000,0.000000003506
0.070312500000,0.796875000000,0.000000003558
0.070312500000,0.820312500000,0.000000003606
0.070312500000,0.843750000000,0.000000003650
0.070312500000,0.867187500000,0.000000003692
0.070312500000,0.890625000000,0.000000003731
0.070312500000,0.914062500000,0.000000003766
0.070312500000,0.937500000000,0.000000003799
0.070312500000,0.960937500000,0.000000003830
0.070312500000,0.984375000000,0.000000003857
0.070312500000,1.007812500000,0.000000003882
0.070312500000,1.031250000000,0.000000003904
0.070312500000,1.054687500000,0.000000003924
0.070312500000,1.078125000000,0.000000003940
0.070312500000,1.101562500000,0.000000003953
0.070312500000,1.125000000000,0.000000003965
0.070312500000,1.148437500000,0.000000003974
0.070312500000,1.171875000000,0.000000003980
0.070312500000,1.195312500000,0.000000003983
0.070312500000,1.218750000000,0.000000003983
0.070312500000,1.242187500000,0.000000003980
0.070312500000,1.265625000000,0.000000003976
0.070312500000,1.289062500000,0.000000003972
0.070312500000,1.312500000000,0.000000003961
0.070312500000,1.335937500000,0.000000003948
0.070312500000,1.359375000000,0.000000003937
0.070312500000,1.382812500000,0.000000003918
0.070312500000,1.406250000000,0.000000003901
0.070312500000,1.429687500000,0.000000003880
0.070312500000,1.453125000000,0.000000003858
0.070312500000,1.476562500000,0.000000003831
0.070312500000,1.500000000000,0.000000003804
0.070312500000,1.523437500000,0.000000003773
0.070312500000,1.546875000000,0.000000003743
0.070312500000,1.570312500000,0.000000003710
0.070312500000,1.593750000000,0.000000003673
0.070312500000,1.617187500000,0.000000003637
0.070312500000,1.640625000000,0.000000003595
0.070312500000,1.664062500000,0.000000003555
0.070312500000,1.687500000000,0.000000003513
0.070312500000,1.710937500000,0.000000003471
0.070312500000,1.734375000000,0.000000003423
0.070312500000,1.757812500000,0.000000003375
0.070312500000,1.781250000000,0.000000003325
0.070312500000,1.804687500000,0.000000003274
0.070312500000,1.828125000000,0.000000003221
0.070312500000,1.851562500000,0.000000003168
0.070312500000,1.875000000000,0.000000003112
0.070312500000,1.898437500000,0.000000003056
0.070312500000,1.921875000000,0.000000002998
0.070312500000,1.945312500000,0.000000002940
0.070312500000,1.968750000000,0.000000002879
0.070312500000,1.992187500000,0.000000002818
0.070312500000,2.015625000000,0.000000002756
0.070312500000,2.039062500000,0.000000002693
0.070312500000,2.062500000000,0.000000002628
0.070312500000,2.085937500000,0.000000002563
0.070312500000,2.109375000000,0.000000002498
0.070312500000,2.132812500000,0.000000002429
0.070312500000,2.156250000000,0.000000002364
0.070312500000,2.179687500000,0.000000002296
0.070312500000,2.203125000000,0.000000002226
0.070312500000,2.226562500000,0.000000002157
0.070312500000,2.250000000000,0.000000002087
0.070312500000,2.273437500000,0.000000002016
0.070312500000,2.296875000000,0.000000001945
0.070312500000,2.320312500000,0.000000001875
0.070312500000,2.343750000000,0.000000001803
0.070312500000,2.367187500000,0.000000001732
0.070312500000,2.390625000000,0.000000001659
0.070312500000,2.414062500000,0.000000001588
0.070312500000,2.437500000000,0.000000001514
0.070312500000,2.460937500000,0.000000001443
0.070312500000,2.484375000000,0.000000001369
0.070312500000,2.507812500000,0.000000001296
0.070312500000,2.531250000000,0.000000001224
0.070312500000,2.554687500000,0.000000001152
0.070312500000,2.578125000000,0.000000001079
0.070312500000,2.601562500000,0.000000001006
0.070312500000,2.625000000000,0.000000000936
0.070312500000,2.648437500000,0.000000000866
0.070312500000,2.671875000000,0.000000000794
0.070312500000,2.695312500000,0.000000000724
0.070312500000,2.718750000000,0.000000000651
0.070312500000,2.742187500000,0.000000000581
0.070312500000,2.765625000000,0.000000000512
0.070312500000,2.789062500000,0.000000000443
0.070312500000,2.812500000000,0.000000000376
0.070312500000,2.835937500000,0.000000000308
0.070312500000,2.859375000000,0.000000000241
0.070312500000,2.882812500000,0.000000000172
0.070312500000,2.906250000000,0.000000000107
0.070312500000,2.929687500000,0.000000000042
0.070312500000,2.953125000000,-0.000000000022
0.070312500000,2.976562500000,-0.000000000087
0.070312500000,3.000000000000,0.000000000000
0.093750000000,0.000000000000,0.000000000000
0.093750000000,0.023437500000,0.000000000571
0.093750000000,0.046875000000,0.000000000711
0.093750000000,0.070312500000,0.000000000851
0.093750000000,0.093750000000,0.000000000987
0.093750000000,0.117187500000,0.000000001122
0.093750000000,0.140625000000,0.000000001252
0.093750000000,0.164062500000,0.000000001384
0.093750000000,0.187500000000,0.000000001510
0.093750000000,0.210937500000,0.000000001634
0.093750000000,0.234375000000,0.000000001756
0.093750000000,0.257812500000,0.000000001877
0.093750000000,0.281250000000,0.000000001992
0.093750000000,0.304687500000,0.000000002106
0.093750000000,0.328125000000,0.000000002219
0.093750000000,0.351562500000,0.000000002327
0.093750000000,0.375000000000,0.000000002432
0.093750000000,0.398437500000,0.000000002535
0.093750000000,0.421875000000,0.000000002634
0.093750000000,0.445312500000,0.000000002733
0.093750000000,0.468750000000,0.000000002828
0.093750000000,0.492187500000,0.000000002921
0.093750000000,0.515625000000,0.000000003007
0.093750000000,0.539062500000,0.000000003092
0.093750000000,0.562500000000,0.000000003175
0.093750000000,0.585937500000,0.000000003255
0.093750000000,0.609375000000,0.000000003330
0.093750000000,0.632812500000,0.000000003405
0.093750000000,0.656250000000,0.000000003475
0.093750000000,0.679687500000,0.000000003543
0.093750000000,0.703125000000,0.000000003608
0.093750000000,0.726562500000,0.000000003669
0.093750000000,0.750000000000,0.000000003728
0.093750000000,0.773437500000,0.000000003782
0.093750000000,0.796875000000,0.000000003833
0.093750000000,0.820312500000,0.000000003881
0.093750000000,0.843750000000,0.000000003929
0.093750000000,0.867187500000,0.000000003971
0.093750000000,0.890625000000,0.000000004011
0.093750000000,0.914062500000,0.000000004048
0.093750000000,0.937500000000,0.000000004082
0.093750000000,0.960937500000,0.000000004112
0.093750000000,0.984375000000,0.000000004140
0.093750000000,1.007812500000,0.000000004165
0.093750000000,1.031250000000,0.000000004186
0.093750000000,1.054687500000,0.000000004205
0.093750000000,1.078125000000,0.000000004221
0.093750000000,1.101562500000,0.000000004235
0.093750000000,1.125000000000,0.000000004246
0.093750000000,1.148437500000,0.000000004252
0.093750000000,1.171875000000,0.000000004257
0.093750000000,1.195312500000,0.000000004257
0.093750000000,1.218750000000,0.000000004258
0.093750000000,1.242187500000,0.000000004256
0.093750000000,1.265625000000,0.000000004249
0.093750000000,1.289062500000,0.000000004238
0.093750000000,1.312500000000,0.000000004228
0.093750000000,1.335937500000,0.000000004215
0.093750000000,1.359375000000,0.000000004198
0.093750000000,1.382812500000,0.000000004180
0.093750000000,1.406250000000,0.000000004157
0.093750000000,1.429687500000,0.000000004132
0.093750000000,1.453125000000,0.000000004107
0.093750000000,1.476562500000,0.000000004078
0.093750000000,1.500000000000,0.000000004047
0.093750000000,1.523437500000,0.000000004017
0.093750000000,1.546875000000,0.000000003980
0.093750000000,1.570312500000,0.000000003943
0.093750000000,1.593750000000,0.000000003906
0.093750000000,1.617187500000,0.000000003864
0.093750000000,1.640625000000,0.000000003820
0.093750000000,1.664062500000,0.000000003776
0.093750000000,1.687500000000,0.000000003729
0.093750000000,1.710937500000,0.000000003679
0.093750000000,1.734375000000,0.000000003630
0.093750000000,1.757812500000,0.000000003577
0.093750000000,1.781250000000,0.000000003524
0.093750000000,1.804687500000,0.000000003469
0.093750000000,1.828125000000,0.000000003412
0.093750000000,1.851562500000,0.000000003353
0.093750000000,1.875000000000,0.000000003293
0.093750000000,1.898437500000,0.000000003232
0.093750000000,1.921875000000,0.000000003170
0.093750000000,1.945312500000,0.000000003106
0.093750000000,1.968750000000,0.000000003042
0.093750000000,1.992187500000,0.000000002975
0.093750000000,2.015625000000,0.000000002909
0.093750000000,2.039062500000,0.000000002839
0.093750000000,2.062500000000,0.000000002771
0.093750000000,2.085937500000,0.000000002701
0.093750000000,2.109375000000,0.000000002630
0.093750000000,2.132812500000,0.000000002557
0.093750000000,2.156250000000,0.000000002487
0.093750000000,2.179687500000,0.000000002411
0.093750000000,2.203125000000,0.000000002339
0.093750000000,2.226562500000,0.000000002261
0.093750000000,2.250000000000,0.000000002187
0.093750000000,2.273437500000,0.000000002115
0.093750000000,2.296875000000,0.000000002039
0.093750000000,2.320312500000,0.000000001959
0.093750000000,2.343750000000,0.000000001886
0.093750000000,2.367187500000,0.000000001807
0.093750000000,2.390625000000,0.000000001729
0.093750000000,2.414062500000,0.000000001653
0.093750000000,2.437500000000,0.000000001574
0.093750000000,2.460937500000,0.000000001495
0.093750000000,2.484375000000,0.000000001422
0.093750000000,2.507812500000,0.000000001343
0.093750000000,2.531250000000,0.000000001267
0.093750000000,2.554687500000,0.000000001188
0.093750000000,2.578125000000,0.000000001111
0.093750000000,2.601562500000,0.000000001036
0.093750000000,2.625000000000,0.000000000959
0.093750000000,2.648437500000,0.000000000880
0.093750000000,2.671875000000,0.000000000804
0.093750000000,2.695312500000,0.000000000729
0.093750000000,2.718750000000,0.000000000654
0.093750000000,2.742187500000,0.000000000581
0.093750000000,2.765625000000,0.000000000507
0.093750000000,2.789062500000,0.000000000432
0.093750000000,2.812500000000,0.000000000358
0.093750000000,2.835937500000,0.000000000287
0.093750000000,2.859375000000,0.000000000214
0.093750000000,2.882812500000,0.000000000145
0.093750000000,2.906250000000,0.000000000075
0.093750000000,2.929687500000,0.000000000006
0.093750000000,2.953125000000,-0.000000000063
0.093750000000,2.976562500000,-0.000000000130
0.093750000000,3.000000000000,0.000000000000
0.117187500000,0.000000000000,0.000000000000
0.117187500000,0.023437500000,0.000000000682
0.117187500000,0.046875000000,0.000000000830
0.117187500000,0.070312500000,0.000000000978
0.117187500000,0.093750000000,0.000000001121
0.117187500000,0.117187500000,0.000000001263
0.117187500000,0.140625000000,0.000000001404
0.117187500000,0.164062500000,0.000000001538
0.117187500000,0.187500000000,0.000000001672
0.117187500000,0.210937500000,0.000000001805
0.117187500000,0.234375000000,0.000000001931
0.117187500000,0.257812500000,0.000000002056
0.117187500000,0.281250000000,0.000000002179
0.117187500000,0.304687500000,0.000000002302
0.117187500000,0.328125000000,0.000000002418
0.117187500000,0.351562500000,0.000000002532
0.117187500000,0.375000000000,0.000000002642
0.117187500000,0.398437500000,0.000000002751
0.117187500000,0.421875000000,0.000000002859
0.117187500000,0.445312500000,0.000000002960
0.117187500000,0.468750000000,0.000000003055
0.117187500000,0.492187500000,0.000000003150
0.117187500000,0.515625000000,0.000000003245
0.117187500000,0.539062500000,0.000000003334
0.117187500000,0.562500000000,0.000000003419
0.117187500000,0.585937500000,0.000000003501
0.117187500000,0.609375000000,0.000000003584
0.117187500000,0.632812500000,0.000000003659
0.117187500000,0.656250000000,0.000000003733
0.117187500000,0.679687500000,0.000000003802
0.117187500000,0.703125000000,0.000000003867
0.117187500000,0.726562500000,0.000000003932
0.117187500000,0.750000000000,0.000000003992
0.117187500000,0.773437500000,0.000000004050
0.117187500000,0.796875000000,0.000000004104
0.117187500000,0.820312500000,0.000000004154
0.117187500000,0.843750000000,0.000000004200
0.117187500000,0.867187500000,0.000000004245
0.117187500000,0.890625000000,0.000000004285
0.117187500000,0.914062500000,0.000000004323
0.117187500000,0.937500000000,0.000000004357
0.117187500000,0.960937500000,0.000000004390
0.117187500000,0.984375000000,0.000000004417
0.117187500000,1.007812500000,0.000000004441
0.117187500000,1.031250000000,0.000000004463
0.117187500000,1.054687500000,0.000000004481
0.117187500000,1.078125000000,0.000000004498
0.117187500000,1.101562500000,0.000000004509
0.117187500000,1.125000000000,0.000000004517
0.117187500000,1.148437500000,0.000000004527
0.117187500000,1.171875000000,0.000000004528
0.117187500000,1.195312500000,0.000000004530
0.117187500000,1.218750000000,0.000000004527
0.117187500000,1.242187500000,0.000000004523
0.117187500000,1.265625000000,0.000000004515
0.117187500000,1.289062500000,0.000000004504
0.117187500000,1.312500000000,0.000000004490
0.117187500000,1.335937500000,0.000000004473
0.117187500000,1.359375000000,0.000000004456
0.117187500000,1.382812500000,0.000000004432
0.117187500000,1.406250000000,0.000000004407
0.117187500000,1.429687500000,0.000000004387
0.117187500000,1.453125000000,0.000000004355
0.117187500000,1.476562500000,0.000000004323
0.117187500000,1.500000000000,0.000000004290
0.117187500000,1.523437500000,0.000000004253
0.117187500000,1.546875000000,0.000000004216
0.117187500000,1.570312500000,0.000000004176
0.117187500000,1.593750000000,0.000000004129
0.117187500000,1.617187500000,0.000000004085
0.117187500000,1.640625000000,0.000000004041
0.117187500000,1.664062500000,0.000000003991
0.117187500000,1.687500000000,0.000000003940
0.117187500000,1.710937500000,0.000000003888
0.117187500000,1.734375000000,0.000000003834
0.117187500000,1.757812500000,0.000000003778
0.117187500000,1.781250000000,0.000000003717
0.117187500000,1.804687500000,0.000000003660
0.117187500000,1.828125000000,0.000000003597
0.117187500000,1.851562500000,0.000000003536
0.117187500000,1.875000000000,0.000000003471
0.117187500000,1.898437500000,0.000000003405
0.117187500000,1.921875000000,0.000000003338
0.117187500000,1.945312500000,0.000000003269
0.117187500000,1.968750000000,0.000000003199
0.117187500000,1.992187500000,0.000000003128
0.117187500000,2.015625000000,0.000000003056
0.117187500000,2.039062500000,0.000000002984
0.117187500000,2.062500000000,0.000000002909
0.117187500000,2.085937500000,0.000000002833
0.117187500000,2.109375000000,0.000000002759
0.117187500000,2.132812500000,0.000000002683
0.117187500000,2.156250000000,0.000000002604
0.117187500000,2.179687500000,0.000000002525
0.117187500000,2.203125000000,0.000000002446
0.117187500000,2.226562500000,0.000000002369
0.117187500000,2.250000000000,0.000000002290
0.117187500000,2.273437500000,0.000000002206
0.117187500000,2.296875000000,0.000000002124
0.117187500000,2.320312500000,0.000000002045
0.117187500000,2.343750000000,0.000000001962
0.117187500000,2.367187500000,0.000000001881
0.117187500000,2.390625000000,0.000000001798
0.117187500000,2.414062500000,0.000000001715
0.117187500000,2.437500000000,0.000000001634
0.117187500000,2.460937500000,0.000000001554
0.117187500000,2.484375000000,0.000000001468
0.117187500000,2.507812500000,0.000000001387
0.117187500000,2.531250000000,0.000000001302
0.117187500000,2.554687500000,0.000000001221
0.117187500000,2.578125000000,0.000000001140
0.117187500000,2.601562500000,0.000000001060
0.117187500000,2.625000000000,0.000000000975
0.117187500000,2.648437500000,0.000000000896
0.117187500000,2.671875000000,0.000000000815
0.117187500000,2.695312500000,0.000000000735
0.117187500000,2.718750000000,0.000000000658
0.117187500000,2.742187500000,0.000000000576
0.117187500000,2.765625000000,0.000000000499
0.117187500000,2.789062500000,0.000000000420
0.117187500000,2.812500000000,0.000000000345
0.117187500000,2.835937500000,0.000000000267
0.117187500000,2.859375000000,0.000000000192
0.117187500000,2.882812500000,0.000000000117
0.117187500000,2.906250000000,0.000000000042
0.117187500000,2.929687500000,-0.000000000029
0.117187500000,2.953125000000,-0.000000000103
0.117187500000,2.976562500000,-0.000000000174
0.117187500000,3.000000000000,0.000000000000
0.140625000000,0.000000000000,0.000000000000
0.140625000000,0.023437500000,0.000000000791
0.140625000000,0.046875000000,0.000000000949
0.140625000000,0.070312500000,0.000000001102
0.140625000000,0.093750000000,0.000000001254
0.140625000000,0.117187500000,0.000000001403
0.140625000000,0.140625000000,0.000000001546
0.140625000000,0.164062500000,0.000000001691
0.140625000000,0.187500000000,0.000000001832
0.140625000000,0.210937500000,0.000000001967
0.140625000000,0.234375000000,0.000000002103
0.140625000000,0.257812500000,0.000000002236
0.140625000000,0.281250000000,0.000000002367
0.140625000000,0.304687500000,0.000000002489
0.140625000000,0.328125000000,0.000000002610
0.140625000000,0.351562500000,0.000000002732
0.140625000000,0.375000000000,0.000000002848
0.140625000000,0.398437500000,0.000000002960
0.140625000000,0.421875000000,0.000000003069
0.140625000000,0.445312500000,0.000000003176
0.140625000000,0.468750000000,0.000000003281
0.140625000000,0.492187500000,0.000000003379
0.140625000000,0.515625000000,0.000000003476
0.140625000000,0.539062500000,0.000000003570
0.140625000000,0.562500000000,0.000000003659
0.140625000000,0.585937500000,0.000000003746
0.140625000000,0.609375000000,0.000000003827
0.140625000000,0.632812500000,0.000000003906
0.140625000000,0.656250000000,0.000000003986
0.140625000000,0.679687500000,0.000000004057
0.140625000000,0.703125000000,0.000000004128
0.140625000000,0.726562500000,0.000000004191
0.140625000000,0.750000000000,0.000000004253
0.140625000000,0.773437500000,0.000000004311
0.140625000000,0.796875000000,0.000000004368
0.140625000000,0.820312500000,0.000000004419
0.140625000000,0.843750000000,0.000000004468
0.140625000000,0.867187500000,0.000000004513
0.140625000000,0.890625000000,0.000000004554
0.140625000000,0.914062500000,0.000000004592
0.140625000000,0.937500000000,0.000000004627
0.140625000000,0.960937500000,0.000000004658
0.140625000000,0.984375000000,0.000000004687
0.140625000000,1.007812500000,0.000000004711
0.140625000000,1.031250000000,0.000000004733
0.140625000000,1.054687500000,0.000000004752
0.140625000000,1.078125000000,0.000000004766
0.140625000000,1.101562500000,0.000000004778
0.140625000000,1.125000000000,0.000000004788
0.140625000000,1.148437500000,0.000000004790
0.140625000000,1.171875000000,0.000000004793
0.140625000000,1.195312500000,0.000000004796
0.140625000000,1.218750000000,0.000000004790
0.140625000000,1.242187500000,0.000000004782
0.140625000000,1.265625000000,0.000000004774
0.140625000000,1.289062500000,0.000000004758
0.140625000000,1.312500000000,0.000000004746
0.140625000000,1.335937500000,0.000000004729
0.140625000000,1.359375000000,0.000000004707
0.140625000000,1.382812500000,0.000000004680
0.140625000000,1.406250000000,0.000000004657
0.140625000000,1.429687500000,0.000000004625
0.140625000000,1.453125000000,0.000000004592
0.140625000000,1.476562500000,0.000000004562
0.140625000000,1.500000000000,0.000000004524
0.140625000000,1.523437500000,0.000000004482
0.140625000000,1.546875000000,0.000000004442
0.140625000000,1.570312500000,0.000000004398
0.140625000000,1.593750000000,0.000000004353
0.140625000000,1.617187500000,0.000000004306
0.140625000000,1.640625000000,0.000000004255
0.140625000000,1.664062500000,0.000000004203
0.140625000000,1.687500000000,0.000000004145
0.140625000000,1.710937500000,0.000000004089
0.140625000000,1.734375000000,0.000000004030
0.140625000000,1.757812500000,0.000000003969
0.140625000000,1.781250000000,0.000000003908
0.140625000000,1.804687500000,0.000000003844
0.140625000000,1.828125000000,0.000000003779
0.140625000000,1.851562500000,0.000000003712
0.140625000000,1.875000000000,0.000000003643
0.140625000000,1.898437500000,0.000000003573
0.140625000000,1.921875000000,0.000000003502
0.140625000000,1.945312500000,0.000000003428
0.140625000000,1.968750000000,0.000000003354
0.140625000000,1.992187500000,0.000000003277
0.140625000000,2.015625000000,0.000000003202
0.140625000000,2.039062500000,0.000000003124
0.140625000000,2.062500000000,0.000000003045
0.140625000000,2.085937500000,0.000000002966
0.140625000000,2.109375000000,0.000000002884
0.140625000000,2.132812500000,0.000000002802
0.140625000000,2.156250000000,0.000000002718
0.140625000000,2.179687500000,0.000000002638
0.140625000000,2.203125000000,0.000000002554
0.140625000000,2.226562500000,0.000000002469
0.140625000000,2.250000000000,0.000000002383
0.140625000000,2.273437500000,0.000000002296
0.140625000000,2.296875000000,0.000000002214
0.140625000000,2.320312500000,0.000000002128
0.140625000000,2.343750000000,0.000000002041
0.140625000000,2.367187500000,0.000000001950
0.140625000000,2.390625000000,0.000000001865
0.140625000000,2.414062500000,0.000000001779
0.140625000000,2.437500000000,0.000000001692
0.140625000000,2.460937500000,0.000000001602
0.140625000000,2.484375000000,0.000000001517
0.140625000000,2.507812500000,0.000000001429
0.140625000000,2.531250000000,0.000000001344
0.140625000000,2.554687500000,0.000000001258
0.140625000000,2.578125000000,0.000000001170
0.140625000000,2.601562500000,0.000000001081
0.140625000000,2.625000000000,0.000000000999
0.140625000000,2.648437500000,0.000000000913
0.140625000000,2.671875000000,0.000000000828
0.140625000000,2.695312500000,0.000000000745
0.140625000000,2.718750000000,0.000000000657
0.140625000000,2.742187500000,0.000000000577
0.140625000000,2.765625000000,0.000000000492
0.140625000000,2.789062500000,0.000000000409
0.140625000000,2.812500000000,0.000000000329
0.140625000000,2.835937500000,0.000000000248
0.140625000000,2.859375000000,0.000000000168
0.140625000000,2.882812500000,0.000000000089
0.140625000000,2.906250000000,0.000000000011
0.140625000000,2.929687500000,-0.000000000065
0.140625000000,2.953125000000,-0.000000000142
0.140625000000,2.976562500000,-0.000000000216
0.140625000000,3.000000000000,0.000000000000
0.164062500000,0.000000000000,0.000000000000
0.164062500000,0.023437500000,0.000000000899
0.164062500000,0.046875000000,0.000000001064
0.164062500000,0.070312500000,0.000000001224
0.164062500000,0.093750000000,0.000000001383
0.164062500000,0.117187500000,0.000000001538
0.164062500000,0.140625000000,0.000000001691
0.164062500000,0.164062500000,0.000000001842
0.164062500000,0.187500000000,0.000000001987
0.164062500000,0.210937500000,0.000000002133
0.164062500000,0.234375000000,0.000000002273
0.164062500000,0.257812500000,0.000000002410
0.164062500000,0.281250000000,0.000000002543
0.164062500000,0.304687500000,0.000000002675
0.164062500000,0.328125000000,0.000000002805
0.164062500000,0.351562500000,0.000000002926
0.164062500000,0.375000000000,0.000000003048
0.164062500000,0.398437500000,0.000000003168
0.164062500000,0.421875000000,0.000000003281
0.164062500000,0.445312500000,0.000000003393
0.164062500000,0.468750000000,0.000000003498
0.164062500000,0.492187500000,0.000000003605
0.164062500000,0.515625000000,0.000000003706
0.164062500000,0.539062500000,0.000000003797
0.164062500000,0.562500000000,0.000000003896
0.164062500000,0.585937500000,0.000000003982
0.164062500000,0.609375000000,0.000000004070
0.164062500000,0.632812500000,0.000000004150
0.164062500000,0.656250000000,0.000000004228
0.164062500000,0.679687500000,0.000000004304
0.164062500000,0.703125000000,0.000000004378
0.164062500000,0.726562500000,0.000000004442
0.164062500000,0.750000000000,0.000000004511
0.164062500000,0.773437500000,0.000000004569
0.164062500000,0.796875000000,0.000000004625
0.164062500000,0.820312500000,0.000000004679
0.164062500000,0.843750000000,0.000000004729
0.164062500000,0.867187500000,0.000000004775
0.164062500000,0.890625000000,0.000000004817
0.164062500000,0.914062500000,0.000000004855
0.164062500000,0.937500000000,0.000000004891
0.164062500000,0.960937500000,0.000000004923
0.164062500000,0.984375000000,0.000000004950
0.164062500000,1.007812500000,0.000000004975
0.164062500000,1.031250000000,0.000000004997
0.164062500000,1.054687500000,0.000000005015
0.164062500000,1.078125000000,0.000000005029
0.164062500000,1.101562500000,0.000000005041
0.164062500000,1.125000000000,0.000000005047
0.164062500000,1.148437500000,0.000000005053
0.164062500000,1.171875000000,0.000000005055
0.164062500000,1.195312500000,0.000000005050
0.164062500000,1.218750000000,0.000000005048
0.164062500000,1.242187500000,0.000000005038
0.164062500000,1.265625000000,0.000000005026
0.164062500000,1.289062500000,0.000000005014
0.164062500000,1.312500000000,0.000000004995
0.164062500000,1.335937500000,0.000000004973
0.164062500000,1.359375000000,0.000000004949
0.164062500000,1.382812500000,0.000000004928
0.164062500000,1.406250000000,0.000000004895
0.164062500000,1.429687500000,0.000000004863
0.164062500000,1.453125000000,0.000000004829
0.164062500000,1.476562500000,0.000000004792
0.164062500000,1.500000000000,0.000000004752
0.164062500000,1.523437500000,0.000000004712
0.164062500000,1.546875000000,0.000000004667
0.164062500000,1.570312500000,0.000000004617
0.164062500000,1.593750000000,0.000000004566
0.164062500000,1.617187500000,0.000000004514
0.164062500000,1.640625000000,0.000000004461
0.164062500000,1.664062500000,0.000000004403
0.164062500000,1.687500000000,0.000000004348
0.164062500000,1.710937500000,0.000000004288
0.164062500000,1.734375000000,0.000000004225
0.164062500000,1.757812500000,0.000000004161
0.164062500000,1.781250000000,0.000000004094
0.164062500000,1.804687500000,0.000000004025
0.164062500000,1.828125000000,0.000000003956
0.164062500000,1.851562500000,0.000000003884
0.164062500000,1.875000000000,0.000000003810
0.164062500000,1.898437500000,0.000000003736
0.164062500000,1.921875000000,0.000000003660
0.164062500000,1.945312500000,0.000000003583
0.164062500000,1.968750000000,0.000000003504
0.164062500000,1.992187500000,0.000000003424
0.164062500000,2.015625000000,0.000000003342
0.164062500000,2.039062500000,0.000000003260
0.164062500000,2.062500000000,0.000000003176
0.164062500000,2.085937500000,0.000000003092
0.164062500000,2.109375000000,0.000000003007
0.164062500000,2.132812500000,0.000000002919
0.164062500000,2.156250000000,0.000000002834
0.164062500000,2.179687500000,0.000000002745
0.164062500000,2.203125000000,0.000000002656
0.164062500000,2.226562500000,0.000000002566
0.164062500000,2.250000000000,0.000000002478
0.164062500000,2.273437500000,0.000000002388
0.164062500000,2.296875000000,0.000000002296
0.164062500000,2.320312500000,0.000000002204
0.164062500000,2.343750000000,0.000000002114
0.164062500000,2.367187500000,0.000000002022
0.164062500000,2.390625000000,0.000000001930
0.164062500000,2.414062500000,0.000000001838
0.164062500000,2.437500000000,0.000000001748
0.164062500000,2.460937500000,0.000000001655
0.164062500000,2.484375000000,0.000000001563
0.164062500000,2.507812500000,0.000000001471
0.164062500000,2.531250000000,0.000000001380
0.164062500000,2.554687500000,0.000000001284
0.164062500000,2.578125000000,0.000000001195
0.164062500000,2.601562500000,0.000000001108
0.164062500000,2.625000000000,0.000000001015
0.164062500000,2.648437500000,0.000000000924
0.164062500000,2.671875000000,0.000000000834
0.164062500000,2.695312500000,0.000000000745
0.164062500000,2.718750000000,0.000000000659
0.164062500000,2.742187500000,0.000000000570
0.164062500000,2.765625000000,0.000000000485
0.164062500000,2.789062500000,0.000000000398
0.164062500000,2.812500000000,0.000000000312
0.164062500000,2.835937500000,0.000000000228
0.164062500000,2.859375000000,0.000000000144
0.164062500000,2.882812500000,0.000000000062
0.164062500000,2.906250000000,-0.000000000019
0.164062500000,2.929687500000,-0.000000000102
0.164062500000,2.953125000000,-0.000000000180
0.164062500000,2.976562500000,-0.000000000260
0.164062500000,3.000000000000,0.000000000000
0.187500000000,0.000000000000,0.000000000000
0.187500000000,0.023437500000,0.000000001008
0.187500000000,0.046875000000,0.000000001176
0.187500000000,0.070312500000,0.000000001345
0.187500000000,0.093750000000,0.000000001510
0.187500000000,0.117187500000,0.000000001672
0.187500000000,0.140625000000,0.000000001832
0.187500000000,0.164062500000,0.000000001988
0.187500000000,0.187500000000,0.000000002144
0.187500000000,0.210937500000,0.000000002290
0.187500000000,0.234375000000,0.000000002436
0.187500000000,0.257812500000,0.000000002581
0.187500000000,0.281250000000,0.000000002718
0.187500000000,0.304687500000,0.000000002856
0.187500000000,0.328125000000,0.000000002987
0.187500000000,0.351562500000,0.000000003120
0.187500000000,0.375000000000,0.000000003247
0.187500000000,0.398437500000,0.000000003366
0.187500000000,0.421875000000,0.000000003487
0.187500000000,0.445312500000,0.000000003603
0.187500000000,0.468750000000,0.000000003713
0.187500000000,0.492187500000,0.000000003820
0.187500000000,0.515625000000,0.000000003924
0.187500000000,0.539062500000,0.000000004026
0.187500000000,0.562500000000,0.000000004123
0.187500000000,0.585937500000,0.000000004213
0.187500000000,0.609375000000,0.000000004304
0.187500000000,0.632812500000,0.000000004389
0.187500000000,0.656250000000,0.000000004470
0.187500000000,0.679687500000,0.000000004549
0.187500000000,0.703125000000,0.000000004619
0.187500000000,0.726562500000,0.000000004693
0.187500000000,0.750000000000,0.000000004755
0.187500000000,0.773437500000,0.000000004819
0.187500000000,0.796875000000,0.000000004878
0.187500000000,0.820312500000,0.000000004933
0.187500000000,0.843750000000,0.000000004983
0.187500000000,0.867187500000,0.000000005030
0.187500000000,0.890625000000,0.000000005073
0.187500000000,0.914062500000,0.000000005113
0.187500000000,0.937500000000,0.000000005149
0.187500000000,0.960937500000,0.000000005180
0.187500000000,0.984375000000,0.000000005208
0.187500000000,1.007812500000,0.000000005234
0.187500000000,1.031250000000,0.000000005253
0.187500000000,1.054687500000,0.000000005273
0.187500000000,1.078125000000,0.000000005286
0.187500000000,1.101562500000,0.000000005297
0.187500000000,1.125000000000,0.000000005304
0.187500000000,1.148437500000,0.000000005307
0.187500000000,1.171875000000,0.000000005307
0.187500000000,1.195312500000,0.000000005304
0.187500000000,1.218750000000,0.000000005296
0.187500000000,1.242187500000,0.000000005288
0.187500000000,1.265625000000,0.000000005272
0.187500000000,1.289062500000,0.000000005260
0.187500000000,1.312500000000,0.000000005236
0.187500000000,1.335937500000,0.000000005217
0.187500000000,1.359375000000,0.000000005189
0.187500000000,1.382812500000,0.000000005157
0.187500000000,1.406250000000,0.000000005128
0.187500000000,1.429687500000,0.000000005097
0.187500000000,1.453125000000,0.000000005056
0.187500000000,1.476562500000,0.000000005018
0.187500000000,1.500000000000,0.000000004976
0.187500000000,1.523437500000,0.000000004928
0.187500000000,1.546875000000,0.000000004880
0.187500000000,1.570312500000,0.000000004830
0.187500000000,1.593750000000,0.000000004781
0.187500000000,1.617187500000,0.000000004722
0.187500000000,1.640625000000,0.000000004666
0.187500000000,1.664062500000,0.000000004606
0.187500000000,1.687500000000,0.000000004544
0.187500000000,1.710937500000,0.000000004478
0.187500000000,1.734375000000,0.000000004412
0.187500000000,1.757812500000,0.000000004344
0.187500000000,1.781250000000,0.000000004275
0.187500000000,1.804687500000,0.000000004203
0.187500000000,1.828125000000,0.000000004127
0.187500000000,1.851562500000,0.000000004052
0.187500000000,1.875000000000,0.000000003975
0.187500000000,1.898437500000,0.000000003896
0.187500000000,1.921875000000,0.000000003814
0.187500000000,1.945312500000,0.000000003732
0.187500000000,1.968750000000,0.000000003650
0.187500000000,1.992187500000,0.000000003565
0.187500000000,2.015625000000,0.000000003480
0.187500000000,2.039062500000,0.000000003393
0.187500000000,2.062500000000,0.000000003304
0.187500000000,2.085937500000,0.000000003216
0.187500000000,2.109375000000,0.000000003124
0.187500000000,2.132812500000,0.000000003034
0.187500000000,2.156250000000,0.000000002945
0.187500000000,2.179687500000,0.000000002849
0.187500000000,2.203125000000,0.000000002756
0.187500000000,2.226562500000,0.000000002664
0.187500000000,2.250000000000,0.000000002567
0.187500000000,2.273437500000,0.000000002474
0.187500000000,2.296875000000,0.000000002379
0.187500000000,2.320312500000,0.000000002283
0.187500000000,2.343750000000,0.000000002184
0.187500000000,2.367187500000,0.000000002089
0.187500000000,2.390625000000,0.000000001995
0.187500000000,2.414062500000,0.000000001896
0.187500000000,2.437500000000,0.000000001800
0.187500000000,2.460937500000,0.000000001703
0.187500000000,2.484375000000,0.000000001607
0.187500000000,2.507812500000,0.000000001511
0.187500000000,2.531250000000,0.000000001413
0.187500000000,2.554687500000,0.000000001320
0.187500000000,2.578125000000,0.000000001224
0.187500000000,2.601562500000,0.000000001126
0.187500000000,2.625000000000,0.000000001030
0.187500000000,2.648437500000,0.000000000938
0.187500000000,2.671875000000,0.000000000847
0.187500000000,2.695312500000,0.000000000751
0.187500000000,2.718750000000,0.000000000660
0.187500000000,2.742187500000,0.000000000568
0.187500000000,2.765625000000,0.000000000476
0.187500000000,2.789062500000,0.000000000388
0.187500000000,2.812500000000,0.000000000298
0.187500000000,2.835937500000,0.000000000208
0.187500000000,2.859375000000,0.000000000121
0.187500000000,2.882812500000,0.000000000035
0.187500000000,2.906250000000,-0.000000000052
0.187500000000,2.929687500000,-0.000000000135
0.187500000000,2.953125000000,-0.000000000219
0.187500000000,2.976562500000,-0.000000000301
0.187500000000,3.000000000000,0.000000000000
0.210937500000,0.000000000000,0.000000000000
0.210937500000,0.023437500000,0.000000001108
0.210937500000,0.046875000000,0.000000001288
0.210937500000,0.070312500000,0.000000001461
0.210937500000,0.093750000000,0.000000001634
0.210937500000,0.117187500000,0.000000001804
0.210937500000,0.140625000000,0.000000001971
0.210937500000,0.164062500000,0.000000002132
0.210937500000,0.187500000000,0.000000002289
0.210937500000,0.210937500000,0.000000002446
0.210937500000,0.234375000000,0.000000002601
0.210937500000,0.257812500000,0.000000002746
0.210937500000,0.281250000000,0.000000002895
0.210937500000,0.304687500000,0.000000003037
0.210937500000,0.328125000000,0.000000003173
0.210937500000,0.351562500000,0.000000003311
0.210937500000,0.375000000000,0.000000003438
0.210937500000,0.398437500000,0.000000003563
0.210937500000,0.421875000000,0.000000003687
0.210937500000,0.445312500000,0.000000003807
0.210937500000,0.468750000000,0.000000003922
0.210937500000,0.492187500000,0.000000004034
0.210937500000,0.515625000000,0.000000004139
0.210937500000,0.539062500000,0.000000004245
0.210937500000,0.562500000000,0.000000004343
0.210937500000,0.585937500000,0.000000004444
0.210937500000,0.609375000000,0.000000004530
0.210937500000,0.632812500000,0.000000004619
0.210937500000,0.656250000000,0.000000004707
0.210937500000,0.679687500000,0.000000004784
0.210937500000,0.703125000000,0.000000004858
0.210937500000,0.726562500000,0.000000004932
0.210937500000,0.750000000000,0.000000005000
0.210937500000,0.773437500000,0.000000005061
0.210937500000,0.796875000000,0.000000005123
0.210937500000,0.820312500000,0.000000005178
0.210937500000,0.843750000000,0.000000005231
0.210937500000,0.867187500000,0.000000005278
0.210937500000,0.890625000000,0.000000005323
0.210937500000,0.914062500000,0.000000005362
0.210937500000,0.937500000000,0.000000005398
0.210937500000,0.960937500000,0.000000005431
0.210937500000,0.984375000000,0.000000005459
0.210937500000,1.007812500000,0.000000005484
0.210937500000,1.031250000000,0.000000005506
0.210937500000,1.054687500000,0.000000005523
0.210937500000,1.078125000000,0.000000005536
0.210937500000,1.101562500000,0.000000005544
0.210937500000,1.125000000000,0.000000005552
0.210937500000,1.148437500000,0.000000005554
0.210937500000,1.171875000000,0.000000005553
0.210937500000,1.195312500000,0.000000005548
0.210937500000,1.218750000000,0.000000005543
0.210937500000,1.242187500000,0.000000005527
0.210937500000,1.265625000000,0.000000005516
0.210937500000,1.289062500000,0.000000005494
0.210937500000,1.312500000000,0.000000005475
0.210937500000,1.335937500000,0.000000005449
0.210937500000,1.359375000000,0.000000005424
0.210937500000,1.382812500000,0.000000005393
0.210937500000,1.406250000000,0.000000005355
0.210937500000,1.429687500000,0.000000005321
0.210937500000,1.453125000000,0.000000005280
0.210937500000,1.476562500000,0.000000005238
0.210937500000,1.500000000000,0.000000005195
0.210937500000,1.523437500000,0.000000005143
0.210937500000,1.546875000000,0.000000005092
0.210937500000,1.570312500000,0.000000005042
0.210937500000,1.593750000000,0.000000004983
0.210937500000,1.617187500000,0.000000004925
0.210937500000,1.640625000000,0.000000004861
0.210937500000,1.664062500000,0.000000004798
0.210937500000,1.687500000000,0.000000004733
0.210937500000,1.710937500000,0.000000004667
0.210937500000,1.734375000000,0.000000004596
0.210937500000,1.757812500000,0.000000004524
0.210937500000,1.781250000000,0.000000004448
0.210937500000,1.804687500000,0.000000004372
0.210937500000,1.828125000000,0.000000004295
0.210937500000,1.851562500000,0.000000004216
0.210937500000,1.875000000000,0.000000004135
0.210937500000,1.898437500000,0.000000004051
0.210937500000,1.921875000000,0.000000003968
0.210937500000,1.945312500000,0.000000003882
0.210937500000,1.968750000000,0.000000003792
0.210937500000,1.992187500000,0.000000003704
0.210937500000,2.015625000000,0.000000003613
0.210937500000,2.039062500000,0.000000003522
0.210937500000,2.062500000000,0.000000003430
0.210937500000,2.085937500000,0.000000003335
0.210937500000,2.109375000000,0.000000003242
0.210937500000,2.132812500000,0.000000003147
0.210937500000,2.156250000000,0.000000003047
0.210937500000,2.179687500000,0.000000002952
0.210937500000,2.203125000000,0.000000002854
0.210937500000,2.226562500000,0.000000002756
0.210937500000,2.250000000000,0.000000002658
0.210937500000,2.273437500000,0.000000002558
0.210937500000,2.296875000000,0.000000002453
0.210937500000,2.320312500000,0.000000002357
0.210937500000,2.343750000000,0.000000002256
0.210937500000,2.367187500000,0.000000002155
0.210937500000,2.390625000000,0.000000002051
0.210937500000,2.414062500000,0.000000001952
0.210937500000,2.437500000000,0.000000001853
0.210937500000,2.460937500000,0.000000001750
0.210937500000,2.484375000000,0.000000001649
0.210937500000,2.507812500000,0.000000001551
0.210937500000,2.531250000000,0.000000001451
0.210937500000,2.554687500000,0.000000001348
0.210937500000,2.578125000000,0.000000001250
0.210937500000,2.601562500000,0.000000001151
0.210937500000,2.625000000000,0.000000001049
0.210937500000,2.648437500000,0.000000000953
0.210937500000,2.671875000000,0.000000000851
0.210937500000,2.695312500000,0.000000000757
0.210937500000,2.718750000000,0.000000000660
0.210937500000,2.742187500000,0.000000000564
0.210937500000,2.765625000000,0.000000000470
0.210937500000,2.789062500000,0.000000000373
0.210937500000,2.812500000000,0.000000000281
0.210937500000,2.835937500000,0.000000000190
0.210937500000,2.859375000000,0.000000000097
0.210937500000,2.882812500000,0.000000000007
0.210937500000,2.906250000000,-0.000000000081
0.210937500000,2.929687500000,-0.000000000170
0.210937500000,2.953125000000,-0.000000000257
0.210937500000,2.976562500000,-0.000000000343
0.210937500000,3.000000000000,0.000000000000
0.234375000000,0.000000000000,0.000000000000
0.234375000000,0.023437500000,0.000000001211
0.234375000000,0.046875000000,0.000000001395
0.234375000000,0.070312500000,0.000000001578
0.234375000000,0.093750000000,0.000000001756
0.234375000000,0.117187500000,0.000000001933
0.234375000000,0.140625000000,0.000000002103
0.234375000000,0.164062500000,0.000000002272
0.234375000000,0.187500000000,0.000000002436
0.234375000000,0.210937500000,0.000000002600
0.234375000000,0.234375000000,0.000000002756
0.234375000000,0.257812500000,0.000000002912
0.234375000000,0.281250000000,0.000000003060
0.234375000000,0.304687500000,0.000000003207
0.234375000000,0.328125000000,0.000000003351
0.234375000000,0.351562500000,0.000000003489
0.234375000000,0.375000000000,0.000000003623
0.234375000000,0.398437500000,0.000000003759
0.234375000000,0.421875000000,0.000000003885
0.234375000000,0.445312500000,0.000000004009
0.234375000000,0.468750000000,0.000000004129
0.234375000000,0.492187500000,0.000000004240
0.234375000000,0.515625000000,0.000000004356
0.234375000000,0.539062500000,0.000000004462
0.234375000000,0.562500000000,0.000000004560
0.234375000000,0.585937500000,0.000000004659
0.234375000000,0.609375000000,0.000000004757
0.234375000000,0.632812500000,0.000000004850
0.234375000000,0.656250000000,0.000000004933
0.234375000000,0.679687500000,0.000000005011
0.234375000000,0.703125000000,0.000000005092
0.234375000000,0.726562500000,0.000000005167
0.234375000000,0.750000000000,0.000000005234
0.234375000000,0.773437500000,0.000000005302
0.234375000000,0.796875000000,0.000000005363
0.234375000000,0.820312500000,0.000000005420
0.234375000000,0.843750000000,0.000000005471
0.234375000000,0.867187500000,0.000000005522
0.234375000000,0.890625000000,0.000000005565
0.234375000000,0.914062500000,0.000000005607
0.234375000000,0.937500000000,0.000000005643
0.234375000000,0.960937500000,0.000000005675
0.234375000000,0.984375000000,0.000000005705
0.234375000000,1.007812500000,0.000000005730
0.234375000000,1.031250000000,0.000000005750
0.234375000000,1.054687500000,0.000000005766
0.234375000000,1.078125000000,0.000000005779
0.234375000000,1.101562500000,0.000000005789
0.234375000000,1.125000000000,0.000000005793
0.234375000000,1.148437500000,0.000000005798
0.234375000000,1.171875000000,0.000000005793
0.234375000000,1.195312500000,0.000000005788
0.234375000000,1.218750000000,0.000000005777
0.234375000000,1.242187500000,0.000000005766
0.234375000000,1.265625000000,0.000000005749
0.234375000000,1.289062500000,0.000000005729
0.234375000000,1.312500000000,0.000000005706
0.234375000000,1.335937500000,0.000000005681
0.234375000000,1.359375000000,0.000000005649
0.234375000000,1.382812500000,0.000000005615
0.234375000000,1.406250000000,0.000000005582
0.234375000000,1.429687500000,0.000000005538
0.234375000000,1.453125000000,0.000000005496
0.234375000000,1.476562500000,0.000000005450
0.234375000000,1.500000000000,0.000000005403
0.234375000000,1.523437500000,0.000000005351
0.234375000000,1.546875000000,0.000000005300
0.234375000000,1.570312500000,0.000000005239
0.234375000000,1.593750000000,0.000000005180
0.234375000000,1.617187500000,0.000000005118
0.234375000000,1.640625000000,0.000000005058
0.234375000000,1.664062500000,0.000000004990
0.234375000000,1.687500000000,0.000000004920
0.234375000000,1.710937500000,0.000000004845
0.234375000000,1.734375000000,0.000000004774
0.234375000000,1.757812500000,0.000000004698
0.234375000000,1.781250000000,0.000000004619
0.234375000000,1.804687500000,0.000000004540
0.234375000000,1.828125000000,0.000000004458
0.234375000000,1.851562500000,0.000000004375
0.234375000000,1.875000000000,0.000000004289
0.234375000000,1.898437500000,0.000000004200
0.234375000000,1.921875000000,0.000000004111
0.234375000000,1.945312500000,0.000000004023
0.234375000000,1.968750000000,0.000000003930
0.234375000000,1.992187500000,0.000000003837
0.234375000000,2.015625000000,0.000000003743
0.234375000000,2.039062500000,0.000000003647
0.234375000000,2.062500000000,0.000000003550
0.234375000000,2.085937500000,0.000000003452
0.234375000000,2.109375000000,0.000000003353
0.234375000000,2.132812500000,0.000000003254
0.234375000000,2.156250000000,0.000000003151
0.234375000000,2.179687500000,0.000000003050
0.234375000000,2.203125000000,0.000000002949
0.234375000000,2.226562500000,0.000000002846
0.234375000000,2.250000000000,0.000000002738
0.234375000000,2.273437500000,0.000000002636
0.234375000000,2.296875000000,0.000000002536
0.234375000000,2.320312500000,0.000000002428
0.234375000000,2.343750000000,0.000000002325
0.234375000000,2.367187500000,0.000000002220
0.234375000000,2.390625000000,0.000000002115
0.234375000000,2.414062500000,0.000000002010
0.234375000000,2.437500000000,0.000000001899
0.234375000000,2.460937500000,0.000000001800
0.234375000000,2.484375000000,0.000000001689
0.234375000000,2.507812500000,0.000000001588
0.234375000000,2.531250000000,0.000000001479
0.234375000000,2.554687500000,0.000000001375
0.234375000000,2.578125000000,0.000000001270
0.234375000000,2.601562500000,0.000000001169
0.234375000000,2.625000000000,0.000000001066
0.234375000000,2.648437500000,0.000000000968
0.234375000000,2.671875000000,0.000000000861
0.234375000000,2.695312500000,0.000000000759
0.234375000000,2.718750000000,0.000000000657
0.234375000000,2.742187500000,0.000000000561
0.234375000000,2.765625000000,0.000000000460
0.234375000000,2.789062500000,0.000000000364
0.234375000000,2.812500000000,0.000000000267
0.234375000000,2.835937500000,0.000000000170
0.234375000000,2.859375000000,0.000000000074
0.234375000000,2.882812500000,-0.000000000020
0.234375000000,2.906250000000,-0.000000000112
0.234375000000,2.929687500000,-0.000000000204
0.234375000000,2.953125000000,-0.000000000293
0.234375000000,2.976562500000,-0.000000000382
0.234375000000,3.000000000000,0.000000000000
0.257812500000,0.000000000000,0.000000000000
0.257812500000,0.023437500000,0.000000001312
0.257812500000,0.046875000000,0.000000001503
0.257812500000,0.070312500000,0.000000001691
0.257812500000,0.093750000000,0.000000001876
0.257812500000,0.117187500000,0.000000002058
0.257812500000,0.140625000000,0.000000002235
0.257812500000,0.164062500000,0.000000002410
0.257812500000,0.187500000000,0.000000002581
0.257812500000,0.210937500000,0.000000002747
0.257812500000,0.234375000000,0.000000002911
0.257812500000,0.257812500000,0.000000003070
0.257812500000,0.281250000000,0.000000003224
0.257812500000,0.304687500000,0.000000003377
0.257812500000,0.328125000000,0.000000003525
0.257812500000,0.351562500000,0.000000003669
0.257812500000,0.375000000000,0.000000003811
0.257812500000,0.398437500000,0.000000003940
0.257812500000,0.421875000000,0.000000004075
0.257812500000,0.445312500000,0.000000004200
0.257812500000,0.468750000000,0.000000004324
0.257812500000,0.492187500000,0.000000004445
0.257812500000,0.515625000000,0.000000004559
0.257812500000,0.539062500000,0.000000004667
0.257812500000,0.562500000000,0.000000004776
0.257812500000,0.585937500000,0.000000004879
0.257812500000,0.609375000000,0.000000004972
0.257812500000,0.632812500000,0.000000005066
0.257812500000,0.656250000000,0.000000005157
0.257812500000,0.679687500000,0.000000005242
0.257812500000,0.703125000000,0.000000005318
0.257812500000,0.726562500000,0.000000005394
0.257812500000,0.750000000000,0.000000005467
0.257812500000,0.773437500000,0.000000005535
0.257812500000,0.796875000000,0.000000005597
0.257812500000,0.820312500000,0.000000005652
0.257812500000,0.843750000000,0.000000005709
0.257812500000,0.867187500000,0.000000005757
0.257812500000,0.890625000000,0.000000005804
0.257812500000,0.914062500000,0.000000005844
0.257812500000,0.937500000000,0.000000005881
0.257812500000,0.960937500000,0.000000005914
0.257812500000,0.984375000000,0.000000005943
0.257812500000,1.007812500000,0.000000005967
0.257812500000,1.031250000000,0.000000005987
0.257812500000,1.054687500000,0.000000006004
0.257812500000,1.078125000000,0.000000006017
0.257812500000,1.101562500000,0.000000006025
0.257812500000,1.125000000000,0.000000006031
0.257812500000,1.148437500000,0.000000006029
0.257812500000,1.171875000000,0.000000006025
0.257812500000,1.195312500000,0.000000006019
0.257812500000,1.218750000000,0.000000006010
0.257812500000,1.242187500000,0.000000005996
0.257812500000,1.265625000000,0.000000005976
0.257812500000,1.289062500000,0.000000005952
0.257812500000,1.312500000000,0.000000005930
0.257812500000,1.335937500000,0.000000005902
0.257812500000,1.359375000000,0.000000005868
0.257812500000,1.382812500000,0.000000005834
0.257812500000,1.406250000000,0.000000005794
0.257812500000,1.429687500000,0.000000005752
0.257812500000,1.453125000000,0.000000005707
0.257812500000,1.476562500000,0.000000005661
0.257812500000,1.500000000000,0.000000005606
0.257812500000,1.523437500000,0.000000005556
0.257812500000,1.546875000000,0.000000005498
0.257812500000,1.570312500000,0.000000005435
0.257812500000,1.593750000000,0.000000005372
0.257812500000,1.617187500000,0.000000005312
0.257812500000,1.640625000000,0.000000005241
0.257812500000,1.664062500000,0.000000005174
0.257812500000,1.687500000000,0.000000005097
0.257812500000,1.710937500000,0.000000005024
0.257812500000,1.734375000000,0.000000004947
0.257812500000,1.757812500000,0.000000004867
0.257812500000,1.781250000000,0.000000004785
0.257812500000,1.804687500000,0.000000004701
0.257812500000,1.828125000000,0.000000004616
0.257812500000,1.851562500000,0.000000004529
0.257812500000,1.875000000000,0.000000004439
0.257812500000,1.898437500000,0.000000004348
0.257812500000,1.921875000000,0.000000004257
0.257812500000,1.945312500000,0.000000004160
0.257812500000,1.968750000000,0.000000004065
0.257812500000,1.992187500000,0.000000003967
0.257812500000,2.015625000000,0.000000003868
0.257812500000,2.039062500000,0.000000003768
0.257812500000,2.062500000000,0.000000003668
0.257812500000,2.085937500000,0.000000003565
0.257812500000,2.109375000000,0.000000003461
0.257812500000,2.132812500000,0.000000003357
0.257812500000,2.156250000000,0.000000003252
0.257812500000,2.179687500000,0.000000003147
0.257812500000,2.203125000000,0.000000003039
0.257812500000,2.226562500000,0.000000002929
0.257812500000,2.250000000000,0.000000002824
0.257812500000,2.273437500000,0.000000002720
0.257812500000,2.296875000000,0.000000002605
0.257812500000,2.320312500000,0.000000002498
0.257812500000,2.343750000000,0.000000002389
0.257812500000,2.367187500000,0.000000002281
0.257812500000,2.390625000000,0.000000002169
0.257812500000,2.414062500000,0.000000002056
0.257812500000,2.437500000000,0.000000001952
0.257812500000,2.460937500000,0.000000001839
0.257812500000,2.484375000000,0.000000001733
0.257812500000,2.507812500000,0.000000001620
0.257812500000,2.531250000000,0.000000001513
0.257812500000,2.554687500000,0.000000001407
0.257812500000,2.578125000000,0.000000001300
0.257812500000,2.601562500000,0.000000001189
0.257812500000,2.625000000000,0.000000001082
0.257812500000,2.648437500000,0.000000000973
0.257812500000,2.671875000000,0.000000000870
0.257812500000,2.695312500000,0.000000000766
0.257812500000,2.718750000000,0.000000000658
0.257812500000,2.742187500000,0.000000000553
0.257812500000,2.765625000000,0.000000000453
0.257812500000,2.789062500000,0.000000000353
0.257812500000,2.812500000000,0.000000000251
0.257812500000,2.835937500000,0.000000000151
0.257812500000,2.859375000000,0.000000000053
0.257812500000,2.882812500000,-0.000000000045
0.257812500000,2.906250000000,-0.000000000141
0.257812500000,2.929687500000,-0.000000000237
0.257812500000,2.953125000000,-0.000000000331
0.257812500000,2.976562500000,-0.000000000422
0.257812500000,3.000000000000,0.000000000000
0.281250000000,0.000000000000,0.000000000000
0.281250000000,0.023437500000,0.000000001410
0.281250000000,0.046875000000,0.000000001607
0.281250000000,0.070312500000,0.000000001803
0.281250000000,0.093750000000,0.000000001993
0.281250000000,0.117187500000,0.000000002178
0.281250000000,0.140625000000,0.000000002366
0.281250000000,0.164062500000,0.000000002545
0.281250000000,0.187500000000,0.000000002719
0.281250000000,0.210937500000,0.000000002894
0.281250000000,0.234375000000,0.000000003060
0.281250000000,0.257812500000,0.000000003227
0.281250000000,0.281250000000,0.000000003389
0.281250000000,0.304687500000,0.000000003545
0.281250000000,0.328125000000,0.000000003695
0.281250000000,0.351562500000,0.000000003845
0.281250000000,0.375000000000,0.000000003986
0.281250000000,0.398437500000,0.000000004126
0.281250000000,0.421875000000,0.000000004264
0.281250000000,0.445312500000,0.000000004398
0.281250000000,0.468750000000,0.000000004517
0.281250000000,0.492187500000,0.000000004641
0.281250000000,0.515625000000,0.000000004759
0.281250000000,0.539062500000,0.000000004875
0.281250000000,0.562500000000,0.000000004982
0.281250000000,0.585937500000,0.000000005085
0.281250000000,0.609375000000,0.000000005187
0.281250000000,0.632812500000,0.000000005281
0.281250000000,0.656250000000,0.000000005373
0.281250000000,0.679687500000,0.000000005458
0.281250000000,0.703125000000,0.000000005542
0.281250000000,0.726562500000,0.000000005619
0.281250000000,0.750000000000,0.000000005692
0.281250000000,0.773437500000,0.000000005756
0.281250000000,0.796875000000,0.000000005823
0.281250000000,0.820312500000,0.000000005883
0.281250000000,0.843750000000,0.000000005939
0.281250000000,0.867187500000,0.000000005988
0.281250000000,0.890625000000,0.000000006034
0.281250000000,0.914062500000,0.000000006076
0.281250000000,0.937500000000,0.000000006112
0.281250000000,0.960937500000,0.000000006146
0.281250000000,0.984375000000,0.000000006174
0.281250000000,1.007812500000,0.000000006199
0.281250000000,1.031250000000,0.000000006219
0.281250000000,1.054687500000,0.000000006235
0.281250000000,1.078125000000,0.000000006248
0.281250000000,1.101562500000,0.000000006254
0.281250000000,1.125000000000,0.000000006259
0.281250000000,1.148437500000,0.000000006258
0.281250000000,1.171875000000,0.000000006255
0.281250000000,1.195312500000,0.000000006245
0.281250000000,1.218750000000,0.000000006233
0.281250000000,1.242187500000,0.000000006217
0.281250000000,1.265625000000,0.000000006196
0.281250000000,1.289062500000,0.000000006176
0.281250000000,1.312500000000,0.000000006147
0.281250000000,1.335937500000,0.000000006114
0.281250000000,1.359375000000,0.000000006083
0.281250000000,1.382812500000,0.000000006044
0.281250000000,1.406250000000,0.000000006002
0.281250000000,1.429687500000,0.000000005958
0.281250000000,1.453125000000,0.000000005915
0.281250000000,1.476562500000,0.000000005857
0.281250000000,1.500000000000,0.000000005812
0.281250000000,1.523437500000,0.000000005747
0.281250000000,1.546875000000,0.000000005694
0.281250000000,1.570312500000,0.000000005628
0.281250000000,1.593750000000,0.000000005564
0.281250000000,1.617187500000,0.000000005494
0.281250000000,1.640625000000,0.000000005421
0.281250000000,1.664062500000,0.000000005349
0.281250000000,1.687500000000,0.000000005273
0.281250000000,1.710937500000,0.000000005194
0.281250000000,1.734375000000,0.000000005114
0.281250000000,1.757812500000,0.000000005030
0.281250000000,1.781250000000,0.000000004946
0.281250000000,1.804687500000,0.000000004857
0.281250000000,1.828125000000,0.000000004770
0.281250000000,1.851562500000,0.000000004677
0.281250000000,1.875000000000,0.000000004581
0.281250000000,1.898437500000,0.000000004489
0.281250000000,1.921875000000,0.000000004391
0.281250000000,1.945312500000,0.000000004294
0.281250000000,1.968750000000,0.000000004193
0.281250000000,1.992187500000,0.000000004092
0.281250000000,2.015625000000,0.000000003989
0.281250000000,2.039062500000,0.000000003887
0.281250000000,2.062500000000,0.000000003779
0.281250000000,2.085937500000,0.000000003675
0.281250000000,2.109375000000,0.000000003565
0.281250000000,2.132812500000,0.000000003459
0.281250000000,2.156250000000,0.000000003348
0.281250000000,2.179687500000,0.000000003240
0.281250000000,2.203125000000,0.000000003126
0.281250000000,2.226562500000,0.000000003017
0.281250000000,2.250000000000,0.000000002905
0.281250000000,2.273437500000,0.000000002790
0.281250000000,2.296875000000,0.000000002681
0.281250000000,2.320312500000,0.000000002563
0.281250000000,2.343750000000,0.000000002452
0.281250000000,2.367187500000,0.000000002341
0.281250000000,2.390625000000,0.000000002221
0.281250000000,2.414062500000,0.000000002110
0.281250000000,2.437500000000,0.000000001994
0.281250000000,2.460937500000,0.000000001883
0.281250000000,2.484375000000,0.000000001767
0.281250000000,2.507812500000,0.000000001657
0.281250000000,2.531250000000,0.000000001542
0.281250000000,2.554687500000,0.000000001430
0.281250000000,2.578125000000,0.000000001314
0.281250000000,2.601562500000,0.000000001205
0.281250000000,2.625000000000,0.000000001095
0.281250000000,2.648437500000,0.000000000984
0.281250000000,2.671875000000,0.000000000875
0.281250000000,2.695312500000,0.000000000762
0.281250000000,2.718750000000,0.000000000660
0.281250000000,2.742187500000,0.000000000551
0.281250000000,2.765625000000,0.000000000441
0.281250000000,2.789062500000,0.000000000337
0.281250000000,2.812500000000,0.000000000234
0.281250000000,2.835937500000,0.000000000131
0.281250000000,2.859375000000,0.000000000028
0.281250000000,2.882812500000,-0.000000000071
0.281250000000,2.906250000000,-0.000000000171
0.281250000000,2.929687500000,-0.000000000267
0.281250000000,2.953125000000,-0.000000000366
0.281250000000,2.976562500000,-0.000000000462
0.281250000000,3.000000000000,0.000000000000
0.304687500000,0.000000000000,0.000000000000
0.304687500000,0.023437500000,0.000000001504
0.304687500000,0.046875000000,0.000000001710
0.304687500000,0.070312500000,0.000000001909
0.304687500000,0.093750000000,0.000000002106
0.304687500000,0.117187500000,0.000000002302
0.304687500000,0.140625000000,0.000000002489
0.304687500000,0.164062500000,0.000000002675
0.304687500000,0.187500000000,0.000000002856
0.304687500000,0.210937500000,0.000000003032
0.304687500000,0.234375000000,0.000000003210
0.304687500000,0.257812500000,0.000000003377
0.304687500000,0.281250000000,0.000000003546
0.304687500000,0.304687500000,0.000000003702
0.304687500000,0.328125000000,0.000000003865
0.304687500000,0.351562500000,0.000000004011
0.304687500000,0.375000000000,0.000000004165
0.304687500000,0.398437500000,0.000000004303
0.304687500000,0.421875000000,0.000000004444
0.304687500000,0.445312500000,0.000000004576
0.304687500000,0.468750000000,0.000000004710
0.304687500000,0.492187500000,0.000000004834
0.304687500000,0.515625000000,0.000000004955
0.304687500000,0.539062500000,0.000000005072
0.304687500000,0.562500000000,0.000000005183
0.304687500000,0.585937500000,0.000000005289
0.304687500000,0.609375000000,0.000000005393
0.304687500000,0.632812500000,0.000000005489
0.304687500000,0.656250000000,0.000000005584
0.304687500000,0.679687500000,0.000000005671
0.304687500000,0.703125000000,0.000000005755
0.304687500000,0.726562500000,0.000000005833
0.304687500000,0.750000000000,0.000000005905
0.304687500000,0.773437500000,0.000000005980
0.304687500000,0.796875000000,0.000000006043
0.304687500000,0.820312500000,0.000000006104
0.304687500000,0.843750000000,0.000000006158
0.304687500000,0.867187500000,0.000000006212
0.304687500000,0.890625000000,0.000000006259
0.304687500000,0.914062500000,0.000000006299
0.304687500000,0.937500000000,0.000000006339
0.304687500000,0.960937500000,0.000000006370
0.304687500000,0.984375000000,0.000000006400
0.304687500000,1.007812500000,0.000000006423
0.304687500000,1.031250000000,0.000000006443
0.304687500000,1.054687500000,0.000000006459
0.304687500000,1.078125000000,0.000000006469
0.304687500000,1.101562500000,0.000000006477
0.304687500000,1.125000000000,0.000000006481
0.304687500000,1.148437500000,0.000000006479
0.304687500000,1.171875000000,0.000000006473
0.304687500000,1.195312500000,0.000000006464
0.304687500000,1.218750000000,0.000000006451
0.304687500000,1.242187500000,0.000000006432
0.304687500000,1.265625000000,0.000000006414
0.304687500000,1.289062500000,0.000000006385
0.304687500000,1.312500000000,0.000000006361
0.304687500000,1.335937500000,0.000000006322
0.304687500000,1.359375000000,0.000000006289
0.304687500000,1.382812500000,0.000000006251
0.304687500000,1.406250000000,0.000000006211
0.304687500000,1.429687500000,0.000000006160
0.304687500000,1.453125000000,0.000000006108
0.304687500000,1.476562500000,0.000000006058
0.304687500000,1.500000000000,0.000000006001
0.304687500000,1.523437500000,0.000000005941
0.304687500000,1.546875000000,0.000000005880
0.304687500000,1.570312500000,0.000000005813
0.304687500000,1.593750000000,0.000000005746
0.304687500000,1.617187500000,0.000000005672
0.304687500000,1.640625000000,0.000000005600
0.304687500000,1.664062500000,0.000000005519
0.304687500000,1.687500000000,0.000000005443
0.304687500000,1.710937500000,0.000000005361
0.304687500000,1.734375000000,0.000000005278
0.304687500000,1.757812500000,0.000000005191
0.304687500000,1.781250000000,0.000000005102
0.304687500000,1.804687500000,0.000000005010
0.304687500000,1.828125000000,0.000000004918
0.304687500000,1.851562500000,0.000000004823
0.304687500000,1.875000000000,0.000000004727
0.304687500000,1.898437500000,0.000000004626
0.304687500000,1.921875000000,0.000000004527
0.304687500000,1.945312500000,0.000000004423
0.304687500000,1.968750000000,0.000000004320
0.304687500000,1.992187500000,0.000000004213
0.304687500000,2.015625000000,0.000000004108
0.304687500000,2.039062500000,0.000000003999
0.304687500000,2.062500000000,0.000000003892
0.304687500000,2.085937500000,0.000000003778
0.304687500000,2.109375000000,0.000000003669
0.304687500000,2.132812500000,0.000000003555
0.304687500000,2.156250000000,0.000000003442
0.304687500000,2.179687500000,0.000000003328
0.304687500000,2.203125000000,0.000000003215
0.304687500000,2.226562500000,0.000000003095
0.304687500000,2.250000000000,0.000000002980
0.304687500000,2.273437500000,0.000000002867
0.304687500000,2.296875000000,0.000000002747
0.304687500000,2.320312500000,0.000000002632
0.304687500000,2.343750000000,0.000000002510
0.304687500000,2.367187500000,0.000000002394
0.304687500000,2.390625000000,0.000000002280
0.304687500000,2.414062500000,0.000000002161
0.304687500000,2.437500000000,0.000000002045
0.304687500000,2.460937500000,0.000000001922
0.304687500000,2.484375000000,0.000000001804
0.304687500000,2.507812500000,0.000000001691
0.304687500000,2.531250000000,0.000000001572
0.304687500000,2.554687500000,0.000000001456
0.304687500000,2.578125000000,0.000000001339
0.304687500000,2.601562500000,0.000000001223
0.304687500000,2.625000000000,0.000000001109
0.304687500000,2.648437500000,0.000000000993
0.304687500000,2.671875000000,0.000000000881
0.304687500000,2.695312500000,0.000000000770
0.304687500000,2.718750000000,0.000000000657
0.304687500000,2.742187500000,0.000000000547
0.304687500000,2.765625000000,0.000000000438
0.304687500000,2.789062500000,0.000000000326
0.304687500000,2.812500000000,0.000000000218
0.304687500000,2.835937500000,0.000000000113
0.304687500000,2.859375000000,0.000000000008
0.304687500000,2.882812500000,-0.000000000097
0.304687500000,2.906250000000,-0.000000000198
0.304687500000,2.929687500000,-0.000000000301
0.304687500000,2.953125000000,-0.000000000401
0.304687500000,2.976562500000,-0.000000000498
0.304687500000,3.000000000000,0.000000000000
0.328125000000,0.000000000000,0.000000000000
0.328125000000,0.023437500000,0.000000001600
0.328125000000,0.046875000000,0.000000001809
0.328125000000,0.070312500000,0.000000002015
0.328125000000,0.093750000000,0.000000002221
0.328125000000,0.117187500000,0.000000002416
0.328125000000,0.140625000000,0.000000002612
0.328125000000,0.164062500000,0.000000002802
0.328125000000,0.187500000000,0.000000002991
0.328125000000,0.210937500000,0.000000003173
0.328125000000,0.234375000000,0.000000003351
0.328125000000,0.257812500000,0.000000003524
0.328125000000,0.281250000000,0.000000003697
0.328125000000,0.304687500000,0.000000003861
0.328125000000,0.328125000000,0.000000004022
0.328125000000,0.351562500000,0.000000004173
0.328125000000,0.375000000000,0.000000004333
0.328125000000,0.398437500000,0.000000004477
0.328125000000,0.421875000000,0.000000004621
0.328125000000,0.445312500000,0.000000004757
0.328125000000,0.468750000000,0.000000004892
0.328125000000,0.492187500000,0.000000005021
0.328125000000,0.515625000000,0.000000005143
0.328125000000,0.539062500000,0.000000005266
0.328125000000,0.562500000000,0.000000005377
0.328125000000,0.585937500000,0.000000005488
0.328125000000,0.609375000000,0.000000005592
0.328125000000,0.632812500000,0.000000005690
0.328125000000,0.656250000000,0.000000005788
0.328125000000,0.679687500000,0.000000005877
0.328125000000,0.703125000000,0.000000005964
0.328125000000,0.726562500000,0.000000006045
0.328125000000,0.750000000000,0.000000006122
0.328125000000,0.773437500000,0.000000006188
0.328125000000,0.796875000000,0.000000006256
0.328125000000,0.820312500000,0.000000006317
0.328125000000,0.843750000000,0.000000006376
0.328125000000,0.867187500000,0.000000006426
0.328125000000,0.890625000000,0.000000006475
0.328125000000,0.914062500000,0.000000006517
0.328125000000,0.937500000000,0.000000006555
0.328125000000,0.960937500000,0.000000006589
0.328125000000,0.984375000000,0.000000006616
0.328125000000,1.007812500000,0.000000006642
0.328125000000,1.031250000000,0.000000006662
0.328125000000,1.054687500000,0.000000006676
0.328125000000,1.078125000000,0.000000006688
0.328125000000,1.101562500000,0.000000006693
0.328125000000,1.125000000000,0.000000006695
0.328125000000,1.148437500000,0.000000006693
0.328125000000,1.171875000000,0.000000006687
0.328125000000,1.195312500000,0.000000006675
0.328125000000,1.218750000000,0.000000006662
0.328125000000,1.242187500000,0.000000006640
0.328125000000,1.265625000000,0.000000006621
0.328125000000,1.289062500000,0.000000006594
0.328125000000,1.312500000000,0.000000006562
0.328125000000,1.335937500000,0.000000006527
0.328125000000,1.359375000000,0.000000006492
0.328125000000,1.382812500000,0.000000006448
0.328125000000,1.406250000000,0.000000006402
0.328125000000,1.429687500000,0.000000006353
0.328125000000,1.453125000000,0.000000006305
0.328125000000,1.476562500000,0.000000006243
0.328125000000,1.500000000000,0.000000006188
0.328125000000,1.523437500000,0.000000006127
0.328125000000,1.546875000000,0.000000006055
0.328125000000,1.570312500000,0.000000005991
0.328125000000,1.593750000000,0.000000005920
0.328125000000,1.617187500000,0.000000005843
0.328125000000,1.640625000000,0.000000005769
0.328125000000,1.664062500000,0.000000005691
0.328125000000,1.687500000000,0.000000005605
0.328125000000,1.710937500000,0.000000005520
0.328125000000,1.734375000000,0.000000005430
0.328125000000,1.757812500000,0.000000005345
0.328125000000,1.781250000000,0.000000005253
0.328125000000,1.804687500000,0.000000005157
0.328125000000,1.828125000000,0.000000005061
0.328125000000,1.851562500000,0.000000004960
0.328125000000,1.875000000000,0.000000004859
0.328125000000,1.898437500000,0.000000004758
0.328125000000,1.921875000000,0.000000004654
0.328125000000,1.945312500000,0.000000004548
0.328125000000,1.968750000000,0.000000004440
0.328125000000,1.992187500000,0.000000004332
0.328125000000,2.015625000000,0.000000004221
0.328125000000,2.039062500000,0.000000004110
0.328125000000,2.062500000000,0.000000003995
0.328125000000,2.085937500000,0.000000003882
0.328125000000,2.109375000000,0.000000003765
0.328125000000,2.132812500000,0.000000003649
0.328125000000,2.156250000000,0.000000003534
0.328125000000,2.179687500000,0.000000003413
0.328125000000,2.203125000000,0.000000003296
0.328125000000,2.226562500000,0.000000003178
0.328125000000,2.250000000000,0.000000003055
0.328125000000,2.273437500000,0.000000002934
0.328125000000,2.296875000000,0.000000002812
0.328125000000,2.320312500000,0.000000002695
0.328125000000,2.343750000000,0.000000002572
0.328125000000,2.367187500000,0.000000002451
0.328125000000,2.390625000000,0.000000002325
0.328125000000,2.414062500000,0.000000002206
0.328125000000,2.437500000000,0.000000002083
0.328125000000,2.460937500000,0.000000001958
0.328125000000,2.484375000000,0.000000001844
0.328125000000,2.507812500000,0.000000001721
0.328125000000,2.531250000000,0.000000001597
0.328125000000,2.554687500000,0.000000001474
0.328125000000,2.578125000000,0.000000001361
0.328125000000,2.601562500000,0.000000001237
0.328125000000,2.625000000000,0.000000001121
0.328125000000,2.648437500000,0.000000001001
0.328125000000,2.671875000000,0.000000000887
0.328125000000,2.695312500000,0.000000000769
0.328125000000,2.718750000000,0.000000000653
0.328125000000,2.742187500000,0.000000000540
0.328125000000,2.765625000000,0.000000000427
0.328125000000,2.789062500000,0.000000000315
0.328125000000,2.812500000000,0.000000000205
0.328125000000,2.835937500000,0.000000000095
0.328125000000,2.859375000000,-0.000000000014
0.328125000000,2.882812500000,-0.000000000121
0.328125000000,2.906250000000,-0.000000000228
0.328125000000,2.929687500000,-0.000000000333
0.328125000000,2.953125000000,-0.000000000435
0.328125000000,2.976562500000,-0.000000000537
0.328125000000,3.000000000000,0.000000000000
0.351562500000,0.000000000000,0.000000000000
0.351562500000,0.023437500000,0.000000001691
0.351562500000,0.046875000000,0.000000001903
0.351562500000,0.070312500000,0.000000002120
0.351562500000,0.093750000000,0.000000002326
0.351562500000,0.117187500000,0.000000002531
0.351562500000,0.140625000000,0.000000002729
0.351562500000,0.164062500000,0.000000002928
0.351562500000,0.187500000000,0.000000003120
0.351562500000,0.210937500000,0.000000003308
0.351562500000,0.234375000000,0.000000003489
0.351562500000,0.257812500000,0.000000003671
0.351562500000,0.281250000000,0.000000003844
0.351562500000,0.304687500000,0.000000004014
0.351562500000,0.328125000000,0.000000004181
0.351562500000,0.351562500000,0.000000004341
0.351562500000,0.375000000000,0.000000004494
0.351562500000,0.398437500000,0.000000004645
0.351562500000,0.421875000000,0.000000004794
0.351562500000,0.445312500000,0.000000004933
0.351562500000,0.468750000000,0.000000005072
0.351562500000,0.492187500000,0.000000005201
0.351562500000,0.515625000000,0.000000005331
0.351562500000,0.539062500000,0.000000005446
0.351562500000,0.562500000000,0.000000005567
0.351562500000,0.585937500000,0.000000005678
0.351562500000,0.609375000000,0.000000005785
0.351562500000,0.632812500000,0.000000005891
0.351562500000,0.656250000000,0.000000005987
0.351562500000,0.679687500000,0.000000006077
0.351562500000,0.703125000000,0.000000006167
0.351562500000,0.726562500000,0.000000006248
0.351562500000,0.750000000000,0.000000006322
0.351562500000,0.773437500000,0.000000006400
0.351562500000,0.796875000000,0.000000006466
0.351562500000,0.820312500000,0.000000006528
0.351562500000,0.843750000000,0.000000006584
0.351562500000,0.867187500000,0.000000006638
0.351562500000,0.890625000000,0.000000006684
0.351562500000,0.914062500000,0.000000006728
0.351562500000,0.937500000000,0.000000006766
0.351562500000,0.960937500000,0.000000006799
0.351562500000,0.984375000000,0.000000006828
0.351562500000,1.007812500000,0.000000006853
0.351562500000,1.031250000000,0.000000006872
0.351562500000,1.054687500000,0.000000006886
0.351562500000,1.078125000000,0.000000006896
0.351562500000,1.101562500000,0.000000006905
0.351562500000,1.125000000000,0.000000006903
0.351562500000,1.148437500000,0.000000006902
0.351562500000,1.171875000000,0.000000006892
0.351562500000,1.195312500000,0.000000006882
0.351562500000,1.218750000000,0.000000006866
0.351562500000,1.242187500000,0.000000006845
0.351562500000,1.265625000000,0.000000006818
0.351562500000,1.289062500000,0.000000006794
0.351562500000,1.312500000000,0.000000006761
0.351562500000,1.335937500000,0.000000006724
0.351562500000,1.359375000000,0.000000006686
0.351562500000,1.382812500000,0.000000006642
0.351562500000,1.406250000000,0.000000006592
0.351562500000,1.429687500000,0.000000006539
0.351562500000,1.453125000000,0.000000006489
0.351562500000,1.476562500000,0.000000006429
0.351562500000,1.500000000000,0.000000006368
0.351562500000,1.523437500000,0.000000006307
0.351562500000,1.546875000000,0.000000006232
0.351562500000,1.570312500000,0.000000006166
0.351562500000,1.593750000000,0.000000006089
0.351562500000,1.617187500000,0.000000006010
0.351562500000,1.640625000000,0.000000005931
0.351562500000,1.664062500000,0.000000005850
0.351562500000,1.687500000000,0.000000005766
0.351562500000,1.710937500000,0.000000005676
0.351562500000,1.734375000000,0.000000005586
0.351562500000,1.757812500000,0.000000005492
0.351562500000,1.781250000000,0.000000005394
0.351562500000,1.804687500000,0.000000005299
0.351562500000,1.828125000000,0.000000005197
0.351562500000,1.851562500000,0.000000005095
0.351562500000,1.875000000000,0.000000004993
0.351562500000,1.898437500000,0.000000004886
0.351562500000,1.921875000000,0.000000004778
0.351562500000,1.945312500000,0.000000004668
0.351562500000,1.968750000000,0.000000004557
0.351562500000,1.992187500000,0.000000004445
0.351562500000,2.015625000000,0.000000004330
0.351562500000,2.039062500000,0.000000004216
0.351562500000,2.062500000000,0.000000004096
0.351562500000,2.085937500000,0.000000003981
0.351562500000,2.109375000000,0.000000003862
0.351562500000,2.132812500000,0.000000003742
0.351562500000,2.156250000000,0.000000003619
0.351562500000,2.179687500000,0.000000003496
0.351562500000,2.203125000000,0.000000003375
0.351562500000,2.226562500000,0.000000003251
0.351562500000,2.250000000000,0.000000003129
0.351562500000,2.273437500000,0.000000003002
0.351562500000,2.296875000000,0.000000002879
0.351562500000,2.320312500000,0.000000002753
0.351562500000,2.343750000000,0.000000002628
0.351562500000,2.367187500000,0.000000002499
0.351562500000,2.390625000000,0.000000002377
0.351562500000,2.414062500000,0.000000002247
0.351562500000,2.437500000000,0.000000002127
0.351562500000,2.460937500000,0.000000002003
0.351562500000,2.484375000000,0.000000001872
0.351562500000,2.507812500000,0.000000001748
0.351562500000,2.531250000000,0.000000001628
0.351562500000,2.554687500000,0.000000001502
0.351562500000,2.578125000000,0.000000001379
0.351562500000,2.601562500000,0.000000001254
0.351562500000,2.625000000000,0.000000001134
0.351562500000,2.648437500000,0.000000001014
0.351562500000,2.671875000000,0.000000000890
0.351562500000,2.695312500000,0.000000000772
0.351562500000,2.718750000000,0.000000000651
0.351562500000,2.742187500000,0.000000000535
0.351562500000,2.765625000000,0.000000000419
0.351562500000,2.789062500000,0.000000000303
0.351562500000,2.812500000000,0.000000000188
0.351562500000,2.835937500000,0.000000000074
0.351562500000,2.859375000000,-0.000000000038
0.351562500000,2.882812500000,-0.000000000147
0.351562500000,2.906250000000,-0.000000000257
0.351562500000,2.929687500000,-0.000000000364
0.351562500000,2.953125000000,-0.000000000469
0.351562500000,2.976562500000,-0.000000000573
0.351562500000,3.000000000000,0.000000000000
0.375000000000,0.000000000000,0.000000000000
0.375000000000,0.023437500000,0.000000001779
0.375000000000,0.046875000000,0.000000002002
0.375000000000,0.070312500000,0.000000002221
0.375000000000,0.093750000000,0.000000002431
0.375000000000,0.117187500000,0.000000002643
0.375000000000,0.140625000000,0.000000002848
0.375000000000,0.164062500000,0.000000003049
0.375000000000,0.187500000000,0.000000003246
0.375000000000,0.210937500000,0.000000003440
0.375000000000,0.234375000000,0.000000003625
0.375000000000,0.257812500000,0.000000003806
0.375000000000,0.281250000000,0.000000003987
0.375000000000,0.304687500000,0.000000004162
0.375000000000,0.328125000000,0.000000004330
0.375000000000,0.351562500000,0.000000004494
0.375000000000,0.375000000000,0.000000004653
0.375000000000,0.398437500000,0.000000004810
0.375000000000,0.421875000000,0.000000004960
0.375000000000,0.445312500000,0.000000005102
0.375000000000,0.468750000000,0.000000005246
0.375000000000,0.492187500000,0.000000005377
0.375000000000,0.515625000000,0.000000005503
0.375000000000,0.539062500000,0.000000005632
0.375000000000,0.562500000000,0.000000005750
0.375000000000,0.585937500000,0.000000005865
0.375000000000,0.609375000000,0.000000005977
0.375000000000,0.632812500000,0.000000006079
0.375000000000,0.656250000000,0.000000006180
0.375000000000,0.679687500000,0.000000006274
0.375000000000,0.703125000000,0.000000006358
0.375000000000,0.726562500000,0.000000006446
0.375000000000,0.750000000000,0.000000006523
0.375000000000,0.773437500000,0.000000006596
0.375000000000,0.796875000000,0.000000006664
0.375000000000,0.820312500000,0.000000006727
0.375000000000,0.843750000000,0.000000006788
0.375000000000,0.867187500000,0.000000006839
0.375000000000,0.890625000000,0.000000006889
0.375000000000,0.914062500000,0.000000006932
0.375000000000,0.937500000000,0.000000006971
0.375000000000,0.960937500000,0.000000007003
0.375000000000,0.984375000000,0.000000007035
0.375000000000,1.007812500000,0.000000007056
0.375000000000,1.031250000000,0.000000007076
0.375000000000,1.054687500000,0.000000007090
0.375000000000,1.078125000000,0.000000007100
0.375000000000,1.101562500000,0.000000007105
0.375000000000,1.125000000000,0.000000007105
0.375000000000,1.148437500000,0.000000007102
0.375000000000,1.171875000000,0.000000007091
0.375000000000,1.195312500000,0.000000007083
0.375000000000,1.218750000000,0.000000007060
0.375000000000,1.242187500000,0.000000007046
0.375000000000,1.265625000000,0.000000007014
0.375000000000,1.289062500000,0.000000006985
0.375000000000,1.312500000000,0.000000006953
0.375000000000,1.335937500000,0.000000006914
0.375000000000,1.359375000000,0.000000006871
0.375000000000,1.382812500000,0.000000006826
0.375000000000,1.406250000000,0.000000006779
0.375000000000,1.429687500000,0.000000006724
0.375000000000,1.453125000000,0.000000006666
0.375000000000,1.476562500000,0.000000006608
0.375000000000,1.500000000000,0.000000006542
0.375000000000,1.523437500000,0.000000006478
0.375000000000,1.546875000000,0.000000006405
0.375000000000,1.570312500000,0.000000006329
0.375000000000,1.593750000000,0.000000006253
0.375000000000,1.617187500000,0.000000006177
0.375000000000,1.640625000000,0.000000006089
0.375000000000,1.664062500000,0.000000006006
0.375000000000,1.687500000000,0.000000005917
0.375000000000,1.710937500000,0.000000005823
0.375000000000,1.734375000000,0.000000005729
0.375000000000,1.757812500000,0.000000005636
0.375000000000,1.781250000000,0.000000005536
0.375000000000,1.804687500000,0.000000005436
0.375000000000,1.828125000000,0.000000005333
0.375000000000,1.851562500000,0.000000005227
0.375000000000,1.875000000000,0.000000005118
0.375000000000,1.898437500000,0.000000005011
0.375000000000,1.921875000000,0.000000004897
0.375000000000,1.945312500000,0.000000004785
0.375000000000,1.968750000000,0.000000004671
0.375000000000,1.992187500000,0.000000004554
0.375000000000,2.015625000000,0.000000004435
0.375000000000,2.039062500000,0.000000004316
0.375000000000,2.062500000000,0.000000004196
0.375000000000,2.085937500000,0.000000004073
0.375000000000,2.109375000000,0.000000003952
0.375000000000,2.132812500000,0.000000003825
0.375000000000,2.156250000000,0.000000003704
0.375000000000,2.179687500000,0.000000003576
0.375000000000,2.203125000000,0.000000003450
0.375000000000,2.226562500000,0.000000003326
0.375000000000,2.250000000000,0.000000003192
0.375000000000,2.273437500000,0.000000003066
0.375000000000,2.296875000000,0.000000002940
0.375000000000,2.320312500000,0.000000002808
0.375000000000,2.343750000000,0.000000002681
0.375000000000,2.367187500000,0.000000002554
0.375000000000,2.390625000000,0.000000002421
0.375000000000,2.414062500000,0.000000002294
0.375000000000,2.437500000000,0.000000002162
0.375000000000,2.460937500000,0.000000002035
0.375000000000,2.484375000000,0.000000001909
0.375000000000,2.507812500000,0.000000001777
0.375000000000,2.531250000000,0.000000001649
0.375000000000,2.554687500000,0.000000001521
0.375000000000,2.578125000000,0.000000001395
0.375000000000,2.601562500000,0.000000001267
0.375000000000,2.625000000000,0.000000001146
0.375000000000,2.648437500000,0.000000001022
0.375000000000,2.671875000000,0.000000000897
0.375000000000,2.695312500000,0.000000000770
0.375000000000,2.718750000000,0.000000000649
0.375000000000,2.742187500000,0.000000000529
0.375000000000,2.765625000000,0.000000000407
0.375000000000,2.789062500000,0.000000000289
0.375000000000,2.812500000000,0.000000000175
0.375000000000,2.835937500000,0.000000000057
0.375000000000,2.859375000000,-0.000000000056
0.375000000000,2.882812500000,-0.000000000171
0.375000000000,2.906250000000,-0.000000000282
0.375000000000,2.929687500000,-0.000000000393
0.375000000000,2.953125000000,-0.000000000502
0.375000000000,2.976562500000,-0.000000000609
0.375000000000,3.000000000000,0.000000000000
0.398437500000,0.000000000000,0.000000000000
0.398437500000,0.023437500000,0.000000001867
0.398437500000,0.046875000000,0.000000002096
0.398437500000,0.070312500000,0.000000002317
0.398437500000,0.093750000000,0.000000002536
0.398437500000,0.117187500000,0.000000002752
0.398437500000,0.140625000000,0.000000002959
0.398437500000,0.164062500000,0.000000003167
0.398437500000,0.187500000000,0.000000003365
0.398437500000,0.210937500000,0.000000003563
0.398437500000,0.234375000000,0.000000003758
0.398437500000,0.257812500000,0.000000003943
0.398437500000,0.281250000000,0.000000004128
0.398437500000,0.304687500000,0.000000004304
0.398437500000,0.328125000000,0.000000004476
0.398437500000,0.351562500000,0.000000004644
0.398437500000,0.375000000000,0.000000004808
0.398437500000,0.398437500000,0.000000004967
0.398437500000,0.421875000000,0.000000005119
0.398437500000,0.445312500000,0.000000005270
0.398437500000,0.468750000000,0.000000005410
0.398437500000,0.492187500000,0.000000005546
0.398437500000,0.515625000000,0.000000005682
0.398437500000,0.539062500000,0.000000005809
0.398437500000,0.562500000000,0.000000005929
0.398437500000,0.585937500000,0.000000006047
0.398437500000,0.609375000000,0.000000006155
0.398437500000,0.632812500000,0.000000006264
0.398437500000,0.656250000000,0.000000006363
0.398437500000,0.679687500000,0.000000006456
0.398437500000,0.703125000000,0.000000006550
0.398437500000,0.726562500000,0.000000006636
0.398437500000,0.750000000000,0.000000006717
0.398437500000,0.773437500000,0.000000006789
0.398437500000,0.796875000000,0.000000006861
0.398437500000,0.820312500000,0.000000006922
0.398437500000,0.843750000000,0.000000006984
0.398437500000,0.867187500000,0.000000007037
0.398437500000,0.890625000000,0.000000007086
0.398437500000,0.914062500000,0.000000007131
0.398437500000,0.937500000000,0.000000007168
0.398437500000,0.960937500000,0.000000007203
0.398437500000,0.984375000000,0.000000007231
0.398437500000,1.007812500000,0.000000007254
0.398437500000,1.031250000000,0.000000007273
0.398437500000,1.054687500000,0.000000007287
0.398437500000,1.078125000000,0.000000007295
0.398437500000,1.101562500000,0.000000007304
0.398437500000,1.125000000000,0.000000007299
0.398437500000,1.148437500000,0.000000007295
0.398437500000,1.171875000000,0.000000007287
0.398437500000,1.195312500000,0.000000007273
0.398437500000,1.218750000000,0.000000007252
0.398437500000,1.242187500000,0.000000007232
0.398437500000,1.265625000000,0.000000007205
0.398437500000,1.289062500000,0.000000007171
0.398437500000,1.312500000000,0.000000007136
0.398437500000,1.335937500000,0.000000007096
0.398437500000,1.359375000000,0.000000007055
0.398437500000,1.382812500000,0.000000007003
0.398437500000,1.406250000000,0.000000006952
0.398437500000,1.429687500000,0.000000006899
0.398437500000,1.453125000000,0.000000006838
0.398437500000,1.476562500000,0.000000006775
0.398437500000,1.500000000000,0.000000006710
0.398437500000,1.523437500000,0.000000006641
0.398437500000,1.546875000000,0.000000006571
0.398437500000,1.570312500000,0.000000006491
0.398437500000,1.593750000000,0.000000006412
0.398437500000,1.617187500000,0.000000006331
0.398437500000,1.640625000000,0.000000006242
0.398437500000,1.664062500000,0.000000006158
0.398437500000,1.687500000000,0.000000006060
0.398437500000,1.710937500000,0.000000005971
0.398437500000,1.734375000000,0.000000005871
0.398437500000,1.757812500000,0.000000005772
0.398437500000,1.781250000000,0.000000005670
0.398437500000,1.804687500000,0.000000005567
0.398437500000,1.828125000000,0.000000005459
0.398437500000,1.851562500000,0.000000005353
0.398437500000,1.875000000000,0.000000005242
0.398437500000,1.898437500000,0.000000005128
0.398437500000,1.921875000000,0.000000005013
0.398437500000,1.945312500000,0.000000004898
0.398437500000,1.968750000000,0.000000004778
0.398437500000,1.992187500000,0.000000004659
0.398437500000,2.015625000000,0.000000004536
0.398437500000,2.039062500000,0.000000004414
0.398437500000,2.062500000000,0.000000004291
0.398437500000,2.085937500000,0.000000004165
0.398437500000,2.109375000000,0.000000004037
0.398437500000,2.132812500000,0.000000003912
0.398437500000,2.156250000000,0.000000003782
0.398437500000,2.179687500000,0.000000003652
0.398437500000,2.203125000000,0.000000003525
0.398437500000,2.226562500000,0.000000003389
0.398437500000,2.250000000000,0.000000003264
0.398437500000,2.273437500000,0.000000003130
0.398437500000,2.296875000000,0.000000002996
0.398437500000,2.320312500000,0.000000002868
0.398437500000,2.343750000000,0.000000002732
0.398437500000,2.367187500000,0.000000002596
0.398437500000,2.390625000000,0.000000002466
0.398437500000,2.414062500000,0.000000002334
0.398437500000,2.437500000000,0.000000002203
0.398437500000,2.460937500000,0.000000002067
0.398437500000,2.484375000000,0.000000001933
0.398437500000,2.507812500000,0.000000001805
0.398437500000,2.531250000000,0.000000001676
0.398437500000,2.554687500000,0.000000001543
0.398437500000,2.578125000000,0.000000001412
0.398437500000,2.601562500000,0.000000001282
0.398437500000,2.625000000000,0.000000001153
0.398437500000,2.648437500000,0.000000001023
0.398437500000,2.671875000000,0.000000000894
0.398437500000,2.695312500000,0.000000000772
0.398437500000,2.718750000000,0.000000000645
0.398437500000,2.742187500000,0.000000000524
0.398437500000,2.765625000000,0.000000000399
0.398437500000,2.789062500000,0.000000000277
0.398437500000,2.812500000000,0.000000000158
0.398437500000,2.835937500000,0.000000000038
0.398437500000,2.859375000000,-0.000000000080
0.398437500000,2.882812500000,-0.000000000195
0.398437500000,2.906250000000,-0.000000000310
0.398437500000,2.929687500000,-0.000000000423
0.398437500000,2.953125000000,-0.000000000535
0.398437500000,2.976562500000,-0.000000000645
0.398437500000,3.000000000000,0.000000000000
0.421875000000,0.000000000000,0.000000000000
0.421875000000,0.023437500000,0.000000001951
0.421875000000,0.046875000000,0.000000002186
0.421875000000,0.070312500000,0.000000002411
0.421875000000,0.093750000000,0.000000002634
0.421875000000,0.117187500000,0.000000002857
0.421875000000,0.140625000000,0.000000003070
0.421875000000,0.164062500000,0.000000003282
0.421875000000,0.187500000000,0.000000003486
0.421875000000,0.210937500000,0.000000003691
0.421875000000,0.234375000000,0.000000003881
0.421875000000,0.257812500000,0.000000004075
0.421875000000,0.281250000000,0.000000004264
0.421875000000,0.304687500000,0.000000004444
0.421875000000,0.328125000000,0.000000004623
0.421875000000,0.351562500000,0.000000004792
0.421875000000,0.375000000000,0.000000004961
0.421875000000,0.398437500000,0.000000005119
0.421875000000,0.421875000000,0.000000005277
0.421875000000,0.445312500000,0.000000005424
0.421875000000,0.468750000000,0.000000005569
0.421875000000,0.492187500000,0.000000005715
0.421875000000,0.515625000000,0.000000005844
0.421875000000,0.539062500000,0.000000005978
0.421875000000,0.562500000000,0.000000006099
0.421875000000,0.585937500000,0.000000006221
0.421875000000,0.609375000000,0.000000006334
0.421875000000,0.632812500000,0.000000006441
0.421875000000,0.656250000000,0.000000006546
0.421875000000,0.679687500000,0.000000006644
0.421875000000,0.703125000000,0.000000006734
0.421875000000,0.726562500000,0.000000006820
0.421875000000,0.750000000000,0.000000006899
0.421875000000,0.773437500000,0.000000006979
0.421875000000,0.796875000000,0.000000007047
0.421875000000,0.820312500000,0.000000007113
0.421875000000,0.843750000000,0.000000007173
0.421875000000,0.867187500000,0.000000007225
0.421875000000,0.890625000000,0.000000007274
0.421875000000,0.914062500000,0.000000007319
0.421875000000,0.937500000000,0.000000007357
0.421875000000,0.960937500000,0.000000007392
0.421875000000,0.984375000000,0.000000007421
0.421875000000,1.007812500000,0.000000007444
0.421875000000,1.031250000000,0.000000007462
0.421875000000,1.054687500000,0.000000007477
0.421875000000,1.078125000000,0.000000007486
0.421875000000,1.101562500000,0.000000007486
0.421875000000,1.125000000000,0.000000007488
0.421875000000,1.148437500000,0.000000007482
0.421875000000,1.171875000000,0.000000007472
0.421875000000,1.195312500000,0.000000007455
0.421875000000,1.218750000000,0.000000007439
0.421875000000,1.242187500000,0.000000007413
0.421875000000,1.265625000000,0.000000007381
0.421875000000,1.289062500000,0.000000007352
0.421875000000,1.312500000000,0.000000007315
0.421875000000,1.335937500000,0.000000007270
0.421875000000,1.359375000000,0.000000007224
0.421875000000,1.382812500000,0.000000007183
0.421875000000,1.406250000000,0.000000007125
0.421875000000,1.429687500000,0.000000007068
0.421875000000,1.453125000000,0.000000007002
0.421875000000,1.476562500000,0.000000006941
0.421875000000,1.500000000000,0.000000006871
0.421875000000,1.523437500000,0.000000006800
0.421875000000,1.546875000000,0.000000006723
0.421875000000,1.570312500000,0.000000006649
0.421875000000,1.593750000000,0.000000006560
0.421875000000,1.617187500000,0.000000006481
0.421875000000,1.640625000000,0.000000006393
0.421875000000,1.664062500000,0.000000006298
0.421875000000,1.687500000000,0.000000006205
0.421875000000,1.710937500000,0.000000006111
0.421875000000,1.734375000000,0.000000006007
0.421875000000,1.757812500000,0.000000005906
0.421875000000,1.781250000000,0.000000005802
0.421875000000,1.804687500000,0.000000005693
0.421875000000,1.828125000000,0.000000005587
0.421875000000,1.851562500000,0.000000005472
0.421875000000,1.875000000000,0.000000005358
0.421875000000,1.898437500000,0.000000005241
0.421875000000,1.921875000000,0.000000005124
0.421875000000,1.945312500000,0.000000005004
0.421875000000,1.968750000000,0.000000004883
0.421875000000,1.992187500000,0.000000004760
0.421875000000,2.015625000000,0.000000004635
0.421875000000,2.039062500000,0.000000004509
0.421875000000,2.062500000000,0.000000004379
0.421875000000,2.085937500000,0.000000004253
0.421875000000,2.109375000000,0.000000004124
0.421875000000,2.132812500000,0.000000003993
0.421875000000,2.156250000000,0.000000003856
0.421875000000,2.179687500000,0.000000003726
0.421875000000,2.203125000000,0.000000003594
0.421875000000,2.226562500000,0.000000003462
0.421875000000,2.250000000000,0.000000003320
0.421875000000,2.273437500000,0.000000003190
0.421875000000,2.296875000000,0.000000003054
0.421875000000,2.320312500000,0.000000002914
0.421875000000,2.343750000000,0.000000002783
0.421875000000,2.367187500000,0.000000002647
0.421875000000,2.390625000000,0.000000002506
0.421875000000,2.414062500000,0.000000002373
0.421875000000,2.437500000000,0.000000002234
0.421875000000,2.460937500000,0.000000002103
0.421875000000,2.484375000000,0.000000001967
0.421875000000,2.507812500000,0.000000001828
0.421875000000,2.531250000000,0.000000001693
0.421875000000,2.554687500000,0.000000001561
0.421875000000,2.578125000000,0.000000001427
0.421875000000,2.601562500000,0.000000001294
0.421875000000,2.625000000000,0.000000001160
0.421875000000,2.648437500000,0.000000001034
0.421875000000,2.671875000000,0.000000000901
0.421875000000,2.695312500000,0.000000000771
0.421875000000,2.718750000000,0.000000000643
0.421875000000,2.742187500000,0.000000000517
0.421875000000,2.765625000000,0.000000000389
0.421875000000,2.789062500000,0.000000000266
0.421875000000,2.812500000000,0.000000000142
0.421875000000,2.835937500000,0.000000000021
0.421875000000,2.859375000000,-0.000000000100
0.421875000000,2.882812500000,-0.000000000220
0.421875000000,2.906250000000,-0.000000000336
0.421875000000,2.929687500000,-0.000000000451
0.421875000000,2.953125000000,-0.000000000565
0.421875000000,2.976562500000,-0.000000000678
0.421875000000,3.000000000000,0.000000000000
0.445312500000,0.000000000000,0.000000000000
0.445312500000,0.023437500000,0.000000002036
0.445312500000,0.046875000000,0.000000002269
0.445312500000,0.070312500000,0.000000002505
0.445312500000,0.093750000000,0.000000002734
0.445312500000,0.117187500000,0.000000002958
0.445312500000,0.140625000000,0.000000003177
0.445312500000,0.164062500000,0.000000003392
0.445312500000,0.187500000000,0.000000003600
0.445312500000,0.210937500000,0.000000003808
0.445312500000,0.234375000000,0.000000004008
0.445312500000,0.257812500000,0.000000004200
0.445312500000,0.281250000000,0.000000004393
0.445312500000,0.304687500000,0.000000004581
0.445312500000,0.328125000000,0.000000004754
0.445312500000,0.351562500000,0.000000004929
0.445312500000,0.375000000000,0.000000005105
0.445312500000,0.398437500000,0.000000005270
0.445312500000,0.421875000000,0.000000005425
0.445312500000,0.445312500000,0.000000005582
0.445312500000,0.468750000000,0.000000005727
0.445312500000,0.492187500000,0.000000005872
0.445312500000,0.515625000000,0.000000006011
0.445312500000,0.539062500000,0.000000006140
0.445312500000,0.562500000000,0.000000006266
0.445312500000,0.585937500000,0.000000006386
0.445312500000,0.609375000000,0.000000006502
0.445312500000,0.632812500000,0.000000006610
0.445312500000,0.656250000000,0.000000006718
0.445312500000,0.679687500000,0.000000006816
0.445312500000,0.703125000000,0.000000006907
0.445312500000,0.726562500000,0.000000007000
0.445312500000,0.750000000000,0.000000007078
0.445312500000,0.773437500000,0.000000007155
0.445312500000,0.796875000000,0.000000007225
0.445312500000,0.820312500000,0.000000007294
0.445312500000,0.843750000000,0.000000007354
0.445312500000,0.867187500000,0.000000007409
0.445312500000,0.890625000000,0.000000007459
0.445312500000,0.914062500000,0.000000007503
0.445312500000,0.937500000000,0.000000007542
0.445312500000,0.960937500000,0.000000007576
0.445312500000,0.984375000000,0.000000007604
0.445312500000,1.007812500000,0.000000007627
0.445312500000,1.031250000000,0.000000007648
0.445312500000,1.054687500000,0.000000007657
0.445312500000,1.078125000000,0.000000007667
0.445312500000,1.101562500000,0.000000007669
0.445312500000,1.125000000000,0.000000007668
0.445312500000,1.148437500000,0.000000007661
0.445312500000,1.171875000000,0.000000007651
0.445312500000,1.195312500000,0.000000007635
0.445312500000,1.218750000000,0.000000007610
0.445312500000,1.242187500000,0.000000007586
0.445312500000,1.265625000000,0.000000007561
0.445312500000,1.289062500000,0.000000007524
0.445312500000,1.312500000000,0.000000007484
0.445312500000,1.335937500000,0.000000007444
0.445312500000,1.359375000000,0.000000007394
0.445312500000,1.382812500000,0.000000007344
0.445312500000,1.406250000000,0.000000007285
0.445312500000,1.429687500000,0.000000007229
0.445312500000,1.453125000000,0.000000007167
0.445312500000,1.476562500000,0.000000007099
0.445312500000,1.500000000000,0.000000007026
0.445312500000,1.523437500000,0.000000006951
0.445312500000,1.546875000000,0.000000006877
0.445312500000,1.570312500000,0.000000006795
0.445312500000,1.593750000000,0.000000006709
0.445312500000,1.617187500000,0.000000006621
0.445312500000,1.640625000000,0.000000006529
0.445312500000,1.664062500000,0.000000006438
0.445312500000,1.687500000000,0.000000006338
0.445312500000,1.710937500000,0.000000006243
0.445312500000,1.734375000000,0.000000006135
0.445312500000,1.757812500000,0.000000006034
0.445312500000,1.781250000000,0.000000005923
0.445312500000,1.804687500000,0.000000005815
0.445312500000,1.828125000000,0.000000005699
0.445312500000,1.851562500000,0.000000005585
0.445312500000,1.875000000000,0.000000005469
0.445312500000,1.898437500000,0.000000005352
0.445312500000,1.921875000000,0.000000005230
0.445312500000,1.945312500000,0.000000005106
0.445312500000,1.968750000000,0.000000004983
0.445312500000,1.992187500000,0.000000004855
0.445312500000,2.015625000000,0.000000004728
0.445312500000,2.039062500000,0.000000004599
0.445312500000,2.062500000000,0.000000004467
0.445312500000,2.085937500000,0.000000004334
0.445312500000,2.109375000000,0.000000004204
0.445312500000,2.132812500000,0.000000004067
0.445312500000,2.156250000000,0.000000003931
0.445312500000,2.179687500000,0.000000003798
0.445312500000,2.203125000000,0.000000003659
0.445312500000,2.226562500000,0.000000003521
0.445312500000,2.250000000000,0.000000003388
0.445312500000,2.273437500000,0.000000003241
0.445312500000,2.296875000000,0.000000003107
0.445312500000,2.320312500000,0.000000002968
0.445312500000,2.343750000000,0.000000002830
0.445312500000,2.367187500000,0.000000002685
0.445312500000,2.390625000000,0.000000002549
0.445312500000,2.414062500000,0.000000002409
0.445312500000,2.437500000000,0.000000002270
0.445312500000,2.460937500000,0.000000002130
0.445312500000,2.484375000000,0.000000001989
0.445312500000,2.507812500000,0.000000001854
0.445312500000,2.531250000000,0.000000001717
0.445312500000,2.554687500000,0.000000001577
0.445312500000,2.578125000000,0.000000001440
0.445312500000,2.601562500000,0.000000001309
0.445312500000,2.625000000000,0.000000001171
0.445312500000,2.648437500000,0.000000001034
0.445312500000,2.671875000000,0.000000000904
0.445312500000,2.695312500000,0.000000000771
0.445312500000,2.718750000000,0.000000000639
0.445312500000,2.742187500000,0.000000000508
0.445312500000,2.765625000000,0.000000000381
0.445312500000,2.789062500000,0.000000000255
0.445312500000,2.812500000000,0.000000000126
0.445312500000,2.835937500000,0.000000000005
0.445312500000,2.859375000000,-0.000000000122
0.445312500000,2.882812500000,-0.000000000243
0.445312500000,2.906250000000,-0.000000000362
0.445312500000,2.929687500000,-0.000000000481
0.445312500000,2.953125000000,-0.000000000596
0.445312500000,2.976562500000,-0.000000000710
0.445312500000,3.000000000000,0.000000000000
0.468750000000,0.000000000000,0.000000000000
0.468750000000,0.023437500000,0.000000002115
0.468750000000,0.046875000000,0.000000002359
0.468750000000,0.070312500000,0.000000002595
0.468750000000,0.093750000000,0.000000002829
0.468750000000,0.117187500000,0.000000003055
0.468750000000,0.140625000000,0.000000003279
0.468750000000,0.164062500000,0.000000003498
0.468750000000,0.187500000000,0.000000003716
0.468750000000,0.210937500000,0.000000003918
0.468750000000,0.234375000000,0.000000004127
0.468750000000,0.257812500000,0.000000004328
0.468750000000,0.281250000000,0.000000004518
0.468750000000,0.304687500000,0.000000004707
0.468750000000,0.328125000000,0.000000004895
0.468750000000,0.351562500000,0.000000005070
0.468750000000,0.375000000000,0.000000005242
0.468750000000,0.398437500000,0.000000005411
0.468750000000,0.421875000000,0.000000005571
0.468750000000,0.445312500000,0.000000005730
0.468750000000,0.468750000000,0.000000005881
0.468750000000,0.492187500000,0.000000006024
0.468750000000,0.515625000000,0.000000006163
0.468750000000,0.539062500000,0.000000006299
0.468750000000,0.562500000000,0.000000006425
0.468750000000,0.585937500000,0.000000006549
0.468750000000,0.609375000000,0.000000006668
0.468750000000,0.632812500000,0.000000006778
0.468750000000,0.656250000000,0.000000006887
0.468750000000,0.679687500000,0.000000006982
0.468750000000,0.703125000000,0.000000007081
0.468750000000,0.726562500000,0.000000007167
0.468750000000,0.750000000000,0.000000007253
0.468750000000,0.773437500000,0.000000007330
0.468750000000,0.796875000000,0.000000007402
0.468750000000,0.820312500000,0.000000007467
0.468750000000,0.843750000000,0.000000007527
0.468750000000,0.867187500000,0.000000007585
0.468750000000,0.890625000000,0.000000007634
0.468750000000,0.914062500000,0.000000007679
0.468750000000,0.937500000000,0.000000007718
0.468750000000,0.960937500000,0.000000007752
0.468750000000,0.984375000000,0.000000007781
0.468750000000,1.007812500000,0.000000007804
0.468750000000,1.031250000000,0.000000007821
0.468750000000,1.054687500000,0.000000007834
0.468750000000,1.078125000000,0.000000007842
0.468750000000,1.101562500000,0.000000007844
0.468750000000,1.125000000000,0.000000007843
0.468750000000,1.148437500000,0.000000007833
0.468750000000,1.171875000000,0.000000007825
0.468750000000,1.195312500000,0.000000007799
0.468750000000,1.218750000000,0.000000007785
0.468750000000,1.242187500000,0.000000007757
0.468750000000,1.265625000000,0.000000007724
0.468750000000,1.289062500000,0.000000007690
0.468750000000,1.312500000000,0.000000007647
0.468750000000,1.335937500000,0.000000007605
0.468750000000,1.359375000000,0.000000007555
0.468750000000,1.382812500000,0.000000007502
0.468750000000,1.406250000000,0.000000007445
0.468750000000,1.429687500000,0.000000007385
0.468750000000,1.453125000000,0.000000007320
0.468750000000,1.476562500000,0.000000007250
0.468750000000,1.500000000000,0.000000007177
0.468750000000,1.523437500000,0.000000007103
0.468750000000,1.546875000000,0.000000007018
0.468750000000,1.570312500000,0.000000006939
0.468750000000,1.593750000000,0.000000006849
0.468750000000,1.617187500000,0.000000006762
0.468750000000,1.640625000000,0.000000006664
0.468750000000,1.664062500000,0.000000006570
0.468750000000,1.687500000000,0.000000006470
0.468750000000,1.710937500000,0.000000006369
0.468750000000,1.734375000000,0.000000006259
0.468750000000,1.757812500000,0.000000006152
0.468750000000,1.781250000000,0.000000006046
0.468750000000,1.804687500000,0.000000005930
0.468750000000,1.828125000000,0.000000005816
0.468750000000,1.851562500000,0.000000005697
0.468750000000,1.875000000000,0.000000005577
0.468750000000,1.898437500000,0.000000005454
0.468750000000,1.921875000000,0.000000005330
0.468750000000,1.945312500000,0.000000005204
0.468750000000,1.968750000000,0.000000005077
0.468750000000,1.992187500000,0.000000004946
0.468750000000,2.015625000000,0.000000004817
0.468750000000,2.039062500000,0.000000004684
0.468750000000,2.062500000000,0.000000004549
0.468750000000,2.085937500000,0.000000004415
0.468750000000,2.109375000000,0.000000004278
0.468750000000,2.132812500000,0.000000004142
0.468750000000,2.156250000000,0.000000004002
0.468750000000,2.179687500000,0.000000003864
0.468750000000,2.203125000000,0.000000003726
0.468750000000,2.226562500000,0.000000003581
0.468750000000,2.250000000000,0.000000003439
0.468750000000,2.273437500000,0.000000003302
0.468750000000,2.296875000000,0.000000003158
0.468750000000,2.320312500000,0.000000003017
0.468750000000,2.343750000000,0.000000002870
0.468750000000,2.367187500000,0.000000002729
0.468750000000,2.390625000000,0.000000002587
0.468750000000,2.414062500000,0.000000002447
0.468750000000,2.437500000000,0.000000002301
0.468750000000,2.460937500000,0.000000002157
0.468750000000,2.484375000000,0.000000002019
0.468750000000,2.507812500000,0.000000001876
0.468750000000,2.531250000000,0.000000001735
0.468750000000,2.554687500000,0.000000001594
0.468750000000,2.578125000000,0.000000001455
0.468750000000,2.601562500000,0.000000001313
0.468750000000,2.625000000000,0.000000001176
0.468750000000,2.648437500000,0.000000001041
0.468750000000,2.671875000000,0.000000000901
0.468750000000,2.695312500000,0.000000000772
0.468750000000,2.718750000000,0.000000000634
0.468750000000,2.742187500000,0.000000000501
0.468750000000,2.765625000000,0.000000000372
0.468750000000,2.789062500000,0.000000000243
0.468750000000,2.812500000000,0.000000000114
0.468750000000,2.835937500000,-0.000000000017
0.468750000000,2.859375000000,-0.000000000140
0.468750000000,2.882812500000,-0.000000000264
0.468750000000,2.906250000000,-0.000000000388
0.468750000000,2.929687500000,-0.000000000508
0.468750000000,2.953125000000,-0.000000000627
0.468750000000,2.976562500000,-0.000000000744
0.468750000000,3.000000000000,0.000000000000
0.492187500000,0.000000000000,0.000000000000
0.492187500000,0.023437500000,0.000000002193
0.492187500000,0.046875000000,0.000000002439
0.492187500000,0.070312500000,0.000000002683
0.492187500000,0.093750000000,0.000000002919
0.492187500000,0.117187500000,0.000000003152
0.492187500000,0.140625000000,0.000000003381
0.492187500000,0.164062500000,0.000000003598
0.492187500000,0.187500000000,0.000000003824
0.492187500000,0.210937500000,0.000000004036
0.492187500000,0.234375000000,0.000000004240
0.492187500000,0.257812500000,0.000000004444
0.492187500000,0.281250000000,0.000000004642
0.492187500000,0.304687500000,0.000000004834
0.492187500000,0.328125000000,0.000000005024
0.492187500000,0.351562500000,0.000000005200
0.492187500000,0.375000000000,0.000000005380
0.492187500000,0.398437500000,0.000000005544
0.492187500000,0.421875000000,0.000000005711
0.492187500000,0.445312500000,0.000000005870
0.492187500000,0.468750000000,0.000000006024
0.492187500000,0.492187500000,0.000000006169
0.492187500000,0.515625000000,0.000000006315
0.492187500000,0.539062500000,0.000000006450
0.492187500000,0.562500000000,0.000000006580
0.492187500000,0.585937500000,0.000000006704
0.492187500000,0.609375000000,0.000000006828
0.492187500000,0.632812500000,0.000000006937
0.492187500000,0.656250000000,0.000000007041
0.492187500000,0.679687500000,0.000000007147
0.492187500000,0.703125000000,0.000000007242
0.492187500000,0.726562500000,0.000000007334
0.492187500000,0.750000000000,0.000000007413
0.492187500000,0.773437500000,0.000000007498
0.492187500000,0.796875000000,0.000000007567
0.492187500000,0.820312500000,0.000000007636
0.492187500000,0.843750000000,0.000000007695
0.492187500000,0.867187500000,0.000000007753
0.492187500000,0.890625000000,0.000000007804
0.492187500000,0.914062500000,0.000000007849
0.492187500000,0.937500000000,0.000000007888
0.492187500000,0.960937500000,0.000000007922
0.492187500000,0.984375000000,0.000000007950
0.492187500000,1.007812500000,0.000000007973
0.492187500000,1.031250000000,0.000000007989
0.492187500000,1.054687500000,0.000000008002
0.492187500000,1.078125000000,0.000000008011
0.492187500000,1.101562500000,0.000000008014
0.492187500000,1.125000000000,0.000000008006
0.492187500000,1.148437500000,0.000000008001
0.492187500000,1.171875000000,0.000000007988
0.492187500000,1.195312500000,0.000000007967
0.492187500000,1.218750000000,0.000000007950
0.492187500000,1.242187500000,0.000000007914
0.492187500000,1.265625000000,0.000000007886
0.492187500000,1.289062500000,0.000000007848
0.492187500000,1.312500000000,0.000000007807
0.492187500000,1.335937500000,0.000000007761
0.492187500000,1.359375000000,0.000000007714
0.492187500000,1.382812500000,0.000000007650
0.492187500000,1.406250000000,0.000000007597
0.492187500000,1.429687500000,0.000000007535
0.492187500000,1.453125000000,0.000000007465
0.492187500000,1.476562500000,0.000000007397
0.492187500000,1.500000000000,0.000000007319
0.492187500000,1.523437500000,0.000000007240
0.492187500000,1.546875000000,0.000000007159
0.492187500000,1.570312500000,0.000000007073
0.492187500000,1.593750000000,0.000000006983
0.492187500000,1.617187500000,0.000000006892
0.492187500000,1.640625000000,0.000000006797
0.492187500000,1.664062500000,0.000000006694
0.492187500000,1.687500000000,0.000000006595
0.492187500000,1.710937500000,0.000000006485
0.492187500000,1.734375000000,0.000000006384
0.492187500000,1.757812500000,0.000000006273
0.492187500000,1.781250000000,0.000000006155
0.492187500000,1.804687500000,0.000000006041
0.492187500000,1.828125000000,0.000000005922
0.492187500000,1.851562500000,0.000000005801
0.492187500000,1.875000000000,0.000000005679
0.492187500000,1.898437500000,0.000000005554
0.492187500000,1.921875000000,0.000000005428
0.492187500000,1.945312500000,0.000000005299
0.492187500000,1.968750000000,0.000000005168
0.492187500000,1.992187500000,0.000000005035
0.492187500000,2.015625000000,0.000000004902
0.492187500000,2.039062500000,0.000000004764
0.492187500000,2.062500000000,0.000000004629
0.492187500000,2.085937500000,0.000000004490
0.492187500000,2.109375000000,0.000000004352
0.492187500000,2.132812500000,0.000000004212
0.492187500000,2.156250000000,0.000000004067
0.492187500000,2.179687500000,0.000000003932
0.492187500000,2.203125000000,0.000000003781
0.492187500000,2.226562500000,0.000000003638
0.492187500000,2.250000000000,0.000000003499
0.492187500000,2.273437500000,0.000000003349
0.492187500000,2.296875000000,0.000000003207
0.492187500000,2.320312500000,0.000000003057
0.492187500000,2.343750000000,0.000000002915
0.492187500000,2.367187500000,0.000000002769
0.492187500000,2.390625000000,0.000000002620
0.492187500000,2.414062500000,0.000000002477
0.492187500000,2.437500000000,0.000000002327
0.492187500000,2.460937500000,0.000000002186
0.492187500000,2.484375000000,0.000000002044
0.492187500000,2.507812500000,0.000000001896
0.492187500000,2.531250000000,0.000000001753
0.492187500000,2.554687500000,0.000000001610
0.492187500000,2.578125000000,0.000000001467
0.492187500000,2.601562500000,0.000000001328
0.492187500000,2.625000000000,0.000000001184
0.492187500000,2.648437500000,0.000000001046
0.492187500000,2.671875000000,0.000000000907
0.492187500000,2.695312500000,0.000000000766
0.492187500000,2.718750000000,0.000000000633
0.492187500000,2.742187500000,0.000000000497
0.492187500000,2.765625000000,0.000000000360
0.492187500000,2.789062500000,0.000000000228
0.492187500000,2.812500000000,0.000000000095
0.492187500000,2.835937500000,-0.000000000032
0.492187500000,2.859375000000,-0.000000000160
0.492187500000,2.882812500000,-0.000000000287
0.492187500000,2.906250000000,-0.000000000411
0.492187500000,2.929687500000,-0.000000000535
0.492187500000,2.953125000000,-0.000000000657
0.492187500000,2.976562500000,-0.000000000775
0.492187500000,3.000000000000,0.000000000000
0.515625000000,0.000000000000,0.000000000000
0.515625000000,0.023437500000,0.000000002269
0.515625000000,0.046875000000,0.000000002519
0.515625000000,0.070312500000,0.000000002767
0.515625000000,0.093750000000,0.000000003007
0.515625000000,0.117187500000,0.000000003244
0.515625000000,0.140625000000,0.000000003478
0.515625000000,0.164062500000,0.000000003703
0.515625000000,0.187500000000,0.000000003924
0.515625000000,0.210937500000,0.000000004142
0.515625000000,0.234375000000,0.000000004352
0.515625000000,0.257812500000,0.000000004561
0.515625000000,0.281250000000,0.000000004759
0.515625000000,0.304687500000,0.000000004954
0.515625000000,0.328125000000,0.000000005143
0.515625000000,0.351562500000,0.000000005329
0.515625000000,0.375000000000,0.000000005505
0.515625000000,0.398437500000,0.000000005678
0.515625000000,0.421875000000,0.000000005847
0.515625000000,0.445312500000,0.000000006011
0.515625000000,0.468750000000,0.000000006165
0.515625000000,0.492187500000,0.000000006320
0.515625000000,0.515625000000,0.000000006458
0.515625000000,0.539062500000,0.000000006597
0.515625000000,0.562500000000,0.000000006733
0.515625000000,0.585937500000,0.000000006851
0.515625000000,0.609375000000,0.000000006975
0.515625000000,0.632812500000,0.000000007091
0.515625000000,0.656250000000,0.000000007204
0.515625000000,0.679687500000,0.000000007302
0.515625000000,0.703125000000,0.000000007400
0.515625000000,0.726562500000,0.000000007493
0.515625000000,0.750000000000,0.000000007574
0.515625000000,0.773437500000,0.000000007655
0.515625000000,0.796875000000,0.000000007732
0.515625000000,0.820312500000,0.000000007799
0.515625000000,0.843750000000,0.000000007860
0.515625000000,0.867187500000,0.000000007915
0.515625000000,0.890625000000,0.000000007966
0.515625000000,0.914062500000,0.000000008010
0.515625000000,0.937500000000,0.000000008050
0.515625000000,0.960937500000,0.000000008084
0.515625000000,0.984375000000,0.000000008112
0.515625000000,1.007812500000,0.000000008133
0.515625000000,1.031250000000,0.000000008152
0.515625000000,1.054687500000,0.000000008162
0.515625000000,1.078125000000,0.000000008173
0.515625000000,1.101562500000,0.000000008169
0.515625000000,1.125000000000,0.000000008168
0.515625000000,1.148437500000,0.000000008159
0.515625000000,1.171875000000,0.000000008145
0.515625000000,1.195312500000,0.000000008126
0.515625000000,1.218750000000,0.000000008101
0.515625000000,1.242187500000,0.000000008076
0.515625000000,1.265625000000,0.000000008036
0.515625000000,1.289062500000,0.000000008003
0.515625000000,1.312500000000,0.000000007956
0.515625000000,1.335937500000,0.000000007909
0.515625000000,1.359375000000,0.000000007854
0.515625000000,1.382812500000,0.000000007805
0.515625000000,1.406250000000,0.000000007738
0.515625000000,1.429687500000,0.000000007678
0.515625000000,1.453125000000,0.000000007606
0.515625000000,1.476562500000,0.000000007533
0.515625000000,1.500000000000,0.000000007456
0.515625000000,1.523437500000,0.000000007377
0.515625000000,1.546875000000,0.000000007289
0.515625000000,1.570312500000,0.000000007204
0.515625000000,1.593750000000,0.000000007114
0.515625000000,1.617187500000,0.000000007017
0.515625000000,1.640625000000,0.000000006919
0.515625000000,1.664062500000,0.000000006814
0.515625000000,1.687500000000,0.000000006712
0.515625000000,1.710937500000,0.000000006609
0.515625000000,1.734375000000,0.000000006496
0.515625000000,1.757812500000,0.000000006382
0.515625000000,1.781250000000,0.000000006266
0.515625000000,1.804687500000,0.000000006148
0.515625000000,1.828125000000,0.000000006027
0.515625000000,1.851562500000,0.000000005904
0.515625000000,1.875000000000,0.000000005777
0.515625000000,1.898437500000,0.000000005649
0.515625000000,1.921875000000,0.000000005519
0.515625000000,1.945312500000,0.000000005387
0.515625000000,1.968750000000,0.000000005253
0.515625000000,1.992187500000,0.000000005120
0.515625000000,2.015625000000,0.000000004981
0.515625000000,2.039062500000,0.000000004843
0.515625000000,2.062500000000,0.000000004704
0.515625000000,2.085937500000,0.000000004562
0.515625000000,2.109375000000,0.000000004422
0.515625000000,2.132812500000,0.000000004277
0.515625000000,2.156250000000,0.000000004131
0.515625000000,2.179687500000,0.000000003986
0.515625000000,2.203125000000,0.000000003842
0.515625000000,2.226562500000,0.000000003692
0.515625000000,2.250000000000,0.000000003545
0.515625000000,2.273437500000,0.000000003396
0.515625000000,2.296875000000,0.000000003252
0.515625000000,2.320312500000,0.000000003101
0.515625000000,2.343750000000,0.000000002953
0.515625000000,2.367187500000,0.000000002806
0.515625000000,2.390625000000,0.000000002652
0.515625000000,2.414062500000,0.000000002508
0.515625000000,2.437500000000,0.000000002358
0.515625000000,2.460937500000,0.000000002209
0.515625000000,2.484375000000,0.000000002066
0.515625000000,2.507812500000,0.000000001914
0.515625000000,2.531250000000,0.000000001769
0.515625000000,2.554687500000,0.000000001624
0.515625000000,2.578125000000,0.000000001479
0.515625000000,2.601562500000,0.000000001330
0.515625000000,2.625000000000,0.000000001191
0.515625000000,2.648437500000,0.000000001045
0.515625000000,2.671875000000,0.000000000906
0.515625000000,2.695312500000,0.000000000764
0.515625000000,2.718750000000,0.000000000625
0.515625000000,2.742187500000,0.000000000484
0.515625000000,2.765625000000,0.000000000353
0.515625000000,2.789062500000,0.000000000218
0.515625000000,2.812500000000,0.000000000083
0.515625000000,2.835937500000,-0.000000000051
0.515625000000,2.859375000000,-0.000000000182
0.515625000000,2.882812500000,-0.000000000307
0.515625000000,2.906250000000,-0.000000000435
0.515625000000,2.929687500000,-0.000000000562
0.515625000000,2.953125000000,-0.000000000683
0.515625000000,2.976562500000,-0.000000000806
0.515625000000,3.000000000000,0.000000000000
0.539062500000,0.000000000000,0.000000000000
0.539062500000,0.023437500000,0.000000002343
0.539062500000,0.046875000000,0.000000002599
0.539062500000,0.070312500000,0.000000002847
0.539062500000,0.093750000000,0.000000003094
0.539062500000,0.117187500000,0.000000003334
0.539062500000,0.140625000000,0.000000003569
0.539062500000,0.164062500000,0.000000003800
0.539062500000,0.187500000000,0.000000004024
0.539062500000,0.210937500000,0.000000004247
0.539062500000,0.234375000000,0.000000004461
0.539062500000,0.257812500000,0.000000004666
0.539062500000,0.281250000000,0.000000004874
0.539062500000,0.304687500000,0.000000005072
0.539062500000,0.328125000000,0.000000005268
0.539062500000,0.351562500000,0.000000005448
0.539062500000,0.375000000000,0.000000005633
0.539062500000,0.398437500000,0.000000005810
0.539062500000,0.421875000000,0.000000005975
0.539062500000,0.445312500000,0.000000006140
0.539062500000,0.468750000000,0.000000006299
0.539062500000,0.492187500000,0.000000006445
0.539062500000,0.515625000000,0.000000006594
0.539062500000,0.539062500000,0.000000006733
0.539062500000,0.562500000000,0.000000006873
0.539062500000,0.585937500000,0.000000007000
0.539062500000,0.609375000000,0.000000007122
0.539062500000,0.632812500000,0.000000007239
0.539062500000,0.656250000000,0.000000007344
0.539062500000,0.679687500000,0.000000007454
0.539062500000,0.703125000000,0.000000007549
0.539062500000,0.726562500000,0.000000007642
0.539062500000,0.750000000000,0.000000007726
0.539062500000,0.773437500000,0.000000007808
0.539062500000,0.796875000000,0.000000007881
0.539062500000,0.820312500000,0.000000007949
0.539062500000,0.843750000000,0.000000008014
0.539062500000,0.867187500000,0.000000008069
0.539062500000,0.890625000000,0.000000008121
0.539062500000,0.914062500000,0.000000008167
0.539062500000,0.937500000000,0.000000008207
0.539062500000,0.960937500000,0.000000008240
0.539062500000,0.984375000000,0.000000008267
0.539062500000,1.007812500000,0.000000008290
0.539062500000,1.031250000000,0.000000008305
0.539062500000,1.054687500000,0.000000008318
0.539062500000,1.078125000000,0.000000008324
0.539062500000,1.101562500000,0.000000008324
0.539062500000,1.125000000000,0.000000008321
0.539062500000,1.148437500000,0.000000008308
0.539062500000,1.171875000000,0.000000008296
0.539062500000,1.195312500000,0.000000008273
0.539062500000,1.218750000000,0.000000008250
0.539062500000,1.242187500000,0.000000008216
0.539062500000,1.265625000000,0.000000008188
0.539062500000,1.289062500000,0.000000008142
0.539062500000,1.312500000000,0.000000008102
0.539062500000,1.335937500000,0.000000008054
0.539062500000,1.359375000000,0.000000008000
0.539062500000,1.382812500000,0.000000007937
0.539062500000,1.406250000000,0.000000007879
0.539062500000,1.429687500000,0.000000007811
0.539062500000,1.453125000000,0.000000007737
0.539062500000,1.476562500000,0.000000007667
0.539062500000,1.500000000000,0.000000007589
0.539062500000,1.523437500000,0.000000007505
0.539062500000,1.546875000000,0.000000007419
0.539062500000,1.570312500000,0.000000007330
0.539062500000,1.593750000000,0.000000007235
0.539062500000,1.617187500000,0.000000007137
0.539062500000,1.640625000000,0.000000007038
0.539062500000,1.664062500000,0.000000006932
0.539062500000,1.687500000000,0.000000006826
0.539062500000,1.710937500000,0.000000006714
0.539062500000,1.734375000000,0.000000006602
0.539062500000,1.757812500000,0.000000006486
0.539062500000,1.781250000000,0.000000006369
0.539062500000,1.804687500000,0.000000006248
0.539062500000,1.828125000000,0.000000006124
0.539062500000,1.851562500000,0.000000005999
0.539062500000,1.875000000000,0.000000005870
0.539062500000,1.898437500000,0.000000005740
0.539062500000,1.921875000000,0.000000005606
0.539062500000,1.945312500000,0.000000005472
0.539062500000,1.968750000000,0.000000005336
0.539062500000,1.992187500000,0.000000005199
0.539062500000,2.015625000000,0.000000005058
0.539062500000,2.039062500000,0.000000004916
0.539062500000,2.062500000000,0.000000004775
0.539062500000,2.085937500000,0.000000004632
0.539062500000,2.109375000000,0.000000004483
0.539062500000,2.132812500000,0.000000004341
0.539062500000,2.156250000000,0.000000004190
0.539062500000,2.179687500000,0.000000004043
0.539062500000,2.203125000000,0.000000003895
0.539062500000,2.226562500000,0.000000003745
0.539062500000,2.250000000000,0.000000003596
0.539062500000,2.273437500000,0.000000003447
0.539062500000,2.296875000000,0.000000003292
0.539062500000,2.320312500000,0.000000003143
0.539062500000,2.343750000000,0.000000002989
0.539062500000,2.367187500000,0.000000002843
0.539062500000,2.390625000000,0.000000002688
0.539062500000,2.414062500000,0.000000002537
0.539062500000,2.437500000000,0.000000002385
0.539062500000,2.460937500000,0.000000002233
0.539062500000,2.484375000000,0.000000002084
0.539062500000,2.507812500000,0.000000001937
0.539062500000,2.531250000000,0.000000001783
0.539062500000,2.554687500000,0.000000001635
0.539062500000,2.578125000000,0.000000001489
0.539062500000,2.601562500000,0.000000001340
0.539062500000,2.625000000000,0.000000001198
0.539062500000,2.648437500000,0.000000001051
0.539062500000,2.671875000000,0.000000000907
0.539062500000,2.695312500000,0.000000000762
0.539062500000,2.718750000000,0.000000000621
0.539062500000,2.742187500000,0.000000000482
0.539062500000,2.765625000000,0.000000000341
0.539062500000,2.789062500000,0.000000000203
0.539062500000,2.812500000000,0.000000000070
0.539062500000,2.835937500000,-0.000000000066
0.539062500000,2.859375000000,-0.000000000199
0.539062500000,2.882812500000,-0.000000000331
0.539062500000,2.906250000000,-0.000000000460
0.539062500000,2.929687500000,-0.000000000587
0.539062500000,2.953125000000,-0.000000000712
0.539062500000,2.976562500000,-0.000000000837
0.539062500000,3.000000000000,0.000000000000
0.562500000000,0.000000000000,0.000000000000
0.562500000000,0.023437500000,0.000000002413
0.562500000000,0.046875000000,0.000000002672
0.562500000000,0.070312500000,0.000000002927
0.562500000000,0.093750000000,0.000000003175
0.562500000000,0.117187500000,0.000000003420
0.562500000000,0.140625000000,0.000000003661
0.562500000000,0.164062500000,0.000000003892
0.562500000000,0.187500000000,0.000000004123
0.562500000000,0.210937500000,0.000000004343
0.562500000000,0.234375000000,0.000000004564
0.562500000000,0.257812500000,0.000000004773
0.562500000000,0.281250000000,0.000000004985
0.562500000000,0.304687500000,0.000000005182
0.562500000000,0.328125000000,0.000000005380
0.562500000000,0.351562500000,0.000000005567
0.562500000000,0.375000000000,0.000000005751
0.562500000000,0.398437500000,0.000000005926
0.562500000000,0.421875000000,0.000000006099
0.562500000000,0.445312500000,0.000000006271
0.562500000000,0.468750000000,0.000000006426
0.562500000000,0.492187500000,0.000000006582
0.562500000000,0.515625000000,0.000000006734
0.562500000000,0.539062500000,0.000000006870
0.562500000000,0.562500000000,0.000000007005
0.562500000000,0.585937500000,0.000000007135
0.562500000000,0.609375000000,0.000000007259
0.562500000000,0.632812500000,0.000000007376
0.562500000000,0.656250000000,0.000000007487
0.562500000000,0.679687500000,0.000000007590
0.562500000000,0.703125000000,0.000000007691
0.562500000000,0.726562500000,0.000000007786
0.562500000000,0.750000000000,0.000000007873
0.562500000000,0.773437500000,0.000000007955
0.562500000000,0.796875000000,0.000000008030
0.562500000000,0.820312500000,0.000000008097
0.562500000000,0.843750000000,0.000000008161
0.562500000000,0.867187500000,0.000000008217
0.562500000000,0.890625000000,0.000000008269
0.562500000000,0.914062500000,0.000000008314
0.562500000000,0.937500000000,0.000000008354
0.562500000000,0.960937500000,0.000000008386
0.562500000000,0.984375000000,0.000000008415
0.562500000000,1.007812500000,0.000000008436
0.562500000000,1.031250000000,0.000000008455
0.562500000000,1.054687500000,0.000000008464
0.562500000000,1.078125000000,0.000000008470
0.562500000000,1.101562500000,0.000000008468
0.562500000000,1.125000000000,0.000000008468
0.562500000000,1.148437500000,0.000000008452
0.562500000000,1.171875000000,0.000000008438
0.562500000000,1.195312500000,0.000000008419
0.562500000000,1.218750000000,0.000000008393
0.562500000000,1.242187500000,0.000000008360
0.562500000000,1.265625000000,0.000000008320
0.562500000000,1.289062500000,0.000000008286
0.562500000000,1.312500000000,0.000000008237
0.562500000000,1.335937500000,0.000000008187
0.562500000000,1.359375000000,0.000000008132
0.562500000000,1.382812500000,0.000000008072
0.562500000000,1.406250000000,0.000000008008
0.562500000000,1.429687500000,0.000000007941
0.562500000000,1.453125000000,0.000000007868
0.562500000000,1.476562500000,0.000000007789
0.562500000000,1.500000000000,0.000000007710
0.562500000000,1.523437500000,0.000000007628
0.562500000000,1.546875000000,0.000000007536
0.562500000000,1.570312500000,0.000000007446
0.562500000000,1.593750000000,0.000000007348
0.562500000000,1.617187500000,0.000000007250
0.562500000000,1.640625000000,0.000000007148
0.562500000000,1.664062500000,0.000000007041
0.562500000000,1.687500000000,0.000000006933
0.562500000000,1.710937500000,0.000000006820
0.562500000000,1.734375000000,0.000000006705
0.562500000000,1.757812500000,0.000000006588
0.562500000000,1.781250000000,0.000000006467
0.562500000000,1.804687500000,0.000000006344
0.562500000000,1.828125000000,0.000000006217
0.562500000000,1.851562500000,0.000000006088
0.562500000000,1.875000000000,0.000000005958
0.562500000000,1.898437500000,0.000000005825
0.562500000000,1.921875000000,0.000000005690
0.562500000000,1.945312500000,0.000000005552
0.562500000000,1.968750000000,0.000000005415
0.562500000000,1.992187500000,0.000000005274
0.562500000000,2.015625000000,0.000000005130
0.562500000000,2.039062500000,0.000000004988
0.562500000000,2.062500000000,0.000000004842
0.562500000000,2.085937500000,0.000000004694
0.562500000000,2.109375000000,0.000000004548
0.562500000000,2.132812500000,0.000000004400
0.562500000000,2.156250000000,0.000000004249
0.562500000000,2.179687500000,0.000000004097
0.562500000000,2.203125000000,0.000000003945
0.562500000000,2.226562500000,0.000000003794
0.562500000000,2.250000000000,0.000000003642
0.562500000000,2.273437500000,0.000000003486
0.562500000000,2.296875000000,0.000000003334
0.562500000000,2.320312500000,0.000000003176
0.562500000000,2.343750000000,0.000000003024
0.562500000000,2.367187500000,0.000000002873
0.562500000000,2.390625000000,0.000000002719
0.562500000000,2.414062500000,0.000000002563
0.562500000000,2.437500000000,0.000000002410
0.562500000000,2.460937500000,0.000000002257
0.562500000000,2.484375000000,0.000000002105
0.562500000000,2.507812500000,0.000000001949
0.562500000000,2.531250000000,0.000000001796
0.562500000000,2.554687500000,0.000000001650
0.562500000000,2.578125000000,0.000000001495
0.562500000000,2.601562500000,0.000000001349
0.562500000000,2.625000000000,0.000000001196
0.562500000000,2.648437500000,0.000000001051
0.562500000000,2.671875000000,0.000000000904
0.562500000000,2.695312500000,0.000000000757
0.562500000000,2.718750000000,0.000000000617
0.562500000000,2.742187500000,0.000000000473
0.562500000000,2.765625000000,0.000000000331
0.562500000000,2.789062500000,0.000000000190
0.562500000000,2.812500000000,0.000000000054
0.562500000000,2.835937500000,-0.000000000082
0.562500000000,2.859375000000,-0.000000000218
0.562500000000,2.882812500000,-0.000000000350
0.562500000000,2.906250000000,-0.000000000482
0.562500000000,2.929687500000,-0.000000000611
0.562500000000,2.953125000000,-0.000000000740
0.562500000000,2.976562500000,-0.000000000864
0.562500000000,3.000000000000,0.000000000000
0.585937500000,0.000000000000,0.000000000000
0.585937500000,0.023437500000,0.000000002481
0.585937500000,0.046875000000,0.000000002744
0.585937500000,0.070312500000,0.000000003002
0.585937500000,0.093750000000,0.000000003256
0.585937500000,0.117187500000,0.000000003503
0.585937500000,0.140625000000,0.000000003747
0.585937500000,0.164062500000,0.000000003980
0.585937500000,0.187500000000,0.000000004213
0.585937500000,0.210937500000,0.000000004442
0.585937500000,0.234375000000,0.000000004663
0.585937500000,0.257812500000,0.000000004875
0.585937500000,0.281250000000,0.000000005082
0.585937500000,0.304687500000,0.000000005289
0.585937500000,0.328125000000,0.000000005486
0.585937500000,0.351562500000,0.000000005679
0.585937500000,0.375000000000,0.000000005866
0.585937500000,0.398437500000,0.000000006047
0.585937500000,0.421875000000,0.000000006218
0.585937500000,0.445312500000,0.000000006390
0.585937500000,0.468750000000,0.000000006544
0.585937500000,0.492187500000,0.000000006707
0.585937500000,0.515625000000,0.000000006853
0.585937500000,0.539062500000,0.000000007001
0.585937500000,0.562500000000,0.000000007136
0.585937500000,0.585937500000,0.000000007267
0.585937500000,0.609375000000,0.000000007393
0.585937500000,0.632812500000,0.000000007510
0.585937500000,0.656250000000,0.000000007627
0.585937500000,0.679687500000,0.000000007730
0.585937500000,0.703125000000,0.000000007828
0.585937500000,0.726562500000,0.000000007927
0.585937500000,0.750000000000,0.000000008010
0.585937500000,0.773437500000,0.000000008095
0.585937500000,0.796875000000,0.000000008170
0.585937500000,0.820312500000,0.000000008239
0.585937500000,0.843750000000,0.000000008301
0.585937500000,0.867187500000,0.000000008361
0.585937500000,0.890625000000,0.000000008410
0.585937500000,0.914062500000,0.000000008455
0.585937500000,0.937500000000,0.000000008495
0.585937500000,0.960937500000,0.000000008528
0.585937500000,0.984375000000,0.000000008556
0.585937500000,1.007812500000,0.000000008578
0.585937500000,1.031250000000,0.000000008594
0.585937500000,1.054687500000,0.000000008606
0.585937500000,1.078125000000,0.000000008610
0.585937500000,1.101562500000,0.000000008608
0.585937500000,1.125000000000,0.000000008604
0.585937500000,1.148437500000,0.000000008592
0.585937500000,1.171875000000,0.000000008575
0.585937500000,1.195312500000,0.000000008550
0.585937500000,1.218750000000,0.000000008526
0.585937500000,1.242187500000,0.000000008496
0.585937500000,1.265625000000,0.000000008454
0.585937500000,1.289062500000,0.000000008414
0.585937500000,1.312500000000,0.000000008366
0.585937500000,1.335937500000,0.000000008319
0.585937500000,1.359375000000,0.000000008261
0.585937500000,1.382812500000,0.000000008197
0.585937500000,1.406250000000,0.000000008132
0.585937500000,1.429687500000,0.000000008063
0.585937500000,1.453125000000,0.000000007988
0.585937500000,1.476562500000,0.000000007910
0.585937500000,1.500000000000,0.000000007829
0.585937500000,1.523437500000,0.000000007744
0.585937500000,1.546875000000,0.000000007652
0.585937500000,1.570312500000,0.000000007554
0.585937500000,1.593750000000,0.000000007457
0.585937500000,1.617187500000,0.000000007357
0.585937500000,1.640625000000,0.000000007254
0.585937500000,1.664062500000,0.000000007148
0.585937500000,1.687500000000,0.000000007032
0.585937500000,1.710937500000,0.000000006923
0.585937500000,1.734375000000,0.000000006800
0.585937500000,1.757812500000,0.000000006685
0.585937500000,1.781250000000,0.000000006559
0.585937500000,1.804687500000,0.000000006432
0.585937500000,1.828125000000,0.000000006304
0.585937500000,1.851562500000,0.000000006175
0.585937500000,1.875000000000,0.000000006041
0.585937500000,1.898437500000,0.000000005907
0.585937500000,1.921875000000,0.000000005769
0.585937500000,1.945312500000,0.000000005628
0.585937500000,1.968750000000,0.000000005488
0.585937500000,1.992187500000,0.000000005343
0.585937500000,2.015625000000,0.000000005199
0.585937500000,2.039062500000,0.000000005053
0.585937500000,2.062500000000,0.000000004903
0.585937500000,2.085937500000,0.000000004758
0.585937500000,2.109375000000,0.000000004604
0.585937500000,2.132812500000,0.000000004455
0.585937500000,2.156250000000,0.000000004299
0.585937500000,2.179687500000,0.000000004148
0.585937500000,2.203125000000,0.000000003996
0.585937500000,2.226562500000,0.000000003839
0.585937500000,2.250000000000,0.000000003680
0.585937500000,2.273437500000,0.000000003531
0.585937500000,2.296875000000,0.000000003374
0.585937500000,2.320312500000,0.000000003215
0.585937500000,2.343750000000,0.000000003055
0.585937500000,2.367187500000,0.000000002903
0.585937500000,2.390625000000,0.000000002747
0.585937500000,2.414062500000,0.000000002588
0.585937500000,2.437500000000,0.000000002432
0.585937500000,2.460937500000,0.000000002274
0.585937500000,2.484375000000,0.000000002122
0.585937500000,2.507812500000,0.000000001963
0.585937500000,2.531250000000,0.000000001813
0.585937500000,2.554687500000,0.000000001656
0.585937500000,2.578125000000,0.000000001505
0.585937500000,2.601562500000,0.000000001355
0.585937500000,2.625000000000,0.000000001204
0.585937500000,2.648437500000,0.000000001050
0.585937500000,2.671875000000,0.000000000904
0.585937500000,2.695312500000,0.000000000759
0.585937500000,2.718750000000,0.000000000610
0.585937500000,2.742187500000,0.000000000464
0.585937500000,2.765625000000,0.000000000320
0.585937500000,2.789062500000,0.000000000178
0.585937500000,2.812500000000,0.000000000039
0.585937500000,2.835937500000,-0.000000000101
0.585937500000,2.859375000000,-0.000000000236
0.585937500000,2.882812500000,-0.000000000372
0.585937500000,2.906250000000,-0.000000000505
0.585937500000,2.929687500000,-0.000000000636
0.585937500000,2.953125000000,-0.000000000766
0.585937500000,2.976562500000,-0.000000000892
0.585937500000,3.000000000000,0.000000000000
0.609375000000,0.000000000000,0.000000000000
0.609375000000,0.023437500000,0.000000002547
0.609375000000,0.046875000000,0.000000002815
0.609375000000,0.070312500000,0.000000003076
0.609375000000,0.093750000000,0.000000003331
0.609375000000,0.117187500000,0.000000003584
0.609375000000,0.140625000000,0.000000003827
0.609375000000,0.164062500000,0.000000004069
0.609375000000,0.187500000000,0.000000004303
0.609375000000,0.210937500000,0.000000004532
0.609375000000,0.234375000000,0.000000004757
0.609375000000,0.257812500000,0.000000004975
0.609375000000,0.281250000000,0.000000005185
0.609375000000,0.304687500000,0.000000005391
0.609375000000,0.328125000000,0.000000005594
0.609375000000,0.351562500000,0.000000005787
0.609375000000,0.375000000000,0.000000005975
0.609375000000,0.398437500000,0.000000006156
0.609375000000,0.421875000000,0.000000006335
0.609375000000,0.445312500000,0.000000006501
0.609375000000,0.468750000000,0.000000006670
0.609375000000,0.492187500000,0.000000006825
0.609375000000,0.515625000000,0.000000006973
0.609375000000,0.539062500000,0.000000007121
0.609375000000,0.562500000000,0.000000007258
0.609375000000,0.585937500000,0.000000007393
0.609375000000,0.609375000000,0.000000007517
0.609375000000,0.632812500000,0.000000007637
0.609375000000,0.656250000000,0.000000007751
0.609375000000,0.679687500000,0.000000007859
0.609375000000,0.703125000000,0.000000007961
0.609375000000,0.726562500000,0.000000008053
0.609375000000,0.750000000000,0.000000008143
0.609375000000,0.773437500000,0.000000008225
0.609375000000,0.796875000000,0.000000008299
0.609375000000,0.820312500000,0.000000008371
0.609375000000,0.843750000000,0.000000008434
0.609375000000,0.867187500000,0.000000008491
0.609375000000,0.890625000000,0.000000008543
0.609375000000,0.914062500000,0.000000008590
0.609375000000,0.937500000000,0.000000008628
0.609375000000,0.960937500000,0.000000008662
0.609375000000,0.984375000000,0.000000008689
0.609375000000,1.007812500000,0.000000008711
0.609375000000,1.031250000000,0.000000008727
0.609375000000,1.054687500000,0.000000008737
0.609375000000,1.078125000000,0.000000008741
0.609375000000,1.101562500000,0.000000008743
0.609375000000,1.125000000000,0.000000008733
0.609375000000,1.148437500000,0.000000008721
0.609375000000,1.171875000000,0.000000008704
0.609375000000,1.195312500000,0.000000008680
0.609375000000,1.218750000000,0.000000008654
0.609375000000,1.242187500000,0.000000008622
0.609375000000,1.265625000000,0.000000008582
0.609375000000,1.289062500000,0.000000008539
0.609375000000,1.312500000000,0.000000008489
0.609375000000,1.335937500000,0.000000008434
0.609375000000,1.359375000000,0.000000008380
0.609375000000,1.382812500000,0.000000008314
0.609375000000,1.406250000000,0.000000008248
0.609375000000,1.429687500000,0.000000008177
0.609375000000,1.453125000000,0.000000008104
0.609375000000,1.476562500000,0.000000008022
0.609375000000,1.500000000000,0.000000007935
0.609375000000,1.523437500000,0.000000007849
0.609375000000,1.546875000000,0.000000007755
0.609375000000,1.570312500000,0.000000007664
0.609375000000,1.593750000000,0.000000007565
0.609375000000,1.617187500000,0.000000007461
0.609375000000,1.640625000000,0.000000007352
0.609375000000,1.664062500000,0.000000007245
0.609375000000,1.687500000000,0.000000007130
0.609375000000,1.710937500000,0.000000007013
0.609375000000,1.734375000000,0.000000006895
0.609375000000,1.757812500000,0.000000006767
0.609375000000,1.781250000000,0.000000006647
0.609375000000,1.804687500000,0.000000006520
0.609375000000,1.828125000000,0.000000006388
0.609375000000,1.851562500000,0.000000006254
0.609375000000,1.875000000000,0.000000006119
0.609375000000,1.898437500000,0.000000005981
0.609375000000,1.921875000000,0.000000005841
0.609375000000,1.945312500000,0.000000005699
0.609375000000,1.968750000000,0.000000005557
0.609375000000,1.992187500000,0.000000005410
0.609375000000,2.015625000000,0.000000005263
0.609375000000,2.039062500000,0.000000005115
0.609375000000,2.062500000000,0.000000004963
0.609375000000,2.085937500000,0.000000004814
0.609375000000,2.109375000000,0.000000004659
0.609375000000,2.132812500000,0.000000004506
0.609375000000,2.156250000000,0.000000004352
0.609375000000,2.179687500000,0.000000004193
0.609375000000,2.203125000000,0.000000004039
0.609375000000,2.226562500000,0.000000003876
0.609375000000,2.250000000000,0.000000003727
0.609375000000,2.273437500000,0.000000003566
0.609375000000,2.296875000000,0.000000003404
0.609375000000,2.320312500000,0.000000003248
0.609375000000,2.343750000000,0.000000003091
0.609375000000,2.367187500000,0.000000002928
0.609375000000,2.390625000000,0.000000002770
0.609375000000,2.414062500000,0.000000002613
0.609375000000,2.437500000000,0.000000002453
0.609375000000,2.460937500000,0.000000002292
0.609375000000,2.484375000000,0.000000002135
0.609375000000,2.507812500000,0.000000001982
0.609375000000,2.531250000000,0.000000001820
0.609375000000,2.554687500000,0.000000001667
0.609375000000,2.578125000000,0.000000001511
0.609375000000,2.601562500000,0.000000001356
0.609375000000,2.625000000000,0.000000001201
0.609375000000,2.648437500000,0.000000001056
0.609375000000,2.671875000000,0.000000000897
0.609375000000,2.695312500000,0.000000000751
0.609375000000,2.718750000000,0.000000000602
0.609375000000,2.742187500000,0.000000000457
0.609375000000,2.765625000000,0.000000000309
0.609375000000,2.789062500000,0.000000000165
0.609375000000,2.812500000000,0.000000000024
0.609375000000,2.835937500000,-0.000000000116
0.609375000000,2.859375000000,-0.000000000254
0.609375000000,2.882812500000,-0.000000000392
0.609375000000,2.906250000000,-0.000000000526
0.609375000000,2.929687500000,-0.000000000659
0.609375000000,2.953125000000,-0.000000000791
0.609375000000,2.976562500000,-0.000000000919
0.609375000000,3.000000000000,0.000000000000
0.632812500000,0.000000000000,0.000000000000
0.632812500000,0.023437500000,0.000000002614
0.632812500000,0.046875000000,0.000000002880
0.632812500000,0.070312500000,0.000000003146
0.632812500000,0.093750000000,0.000000003405
0.632812500000,0.117187500000,0.000000003659
0.632812500000,0.140625000000,0.000000003907
0.632812500000,0.164062500000,0.000000004150
0.632812500000,0.187500000000,0.000000004390
0.632812500000,0.210937500000,0.000000004622
0.632812500000,0.234375000000,0.000000004846
0.632812500000,0.257812500000,0.000000005069
0.632812500000,0.281250000000,0.000000005281
0.632812500000,0.304687500000,0.000000005492
0.632812500000,0.328125000000,0.000000005691
0.632812500000,0.351562500000,0.000000005890
0.632812500000,0.375000000000,0.000000006081
0.632812500000,0.398437500000,0.000000006263
0.632812500000,0.421875000000,0.000000006439
0.632812500000,0.445312500000,0.000000006612
0.632812500000,0.468750000000,0.000000006778
0.632812500000,0.492187500000,0.000000006939
0.632812500000,0.515625000000,0.000000007089
0.632812500000,0.539062500000,0.000000007237
0.632812500000,0.562500000000,0.000000007376
0.632812500000,0.585937500000,0.000000007510
0.632812500000,0.609375000000,0.000000007641
0.632812500000,0.632812500000,0.000000007761
0.632812500000,0.656250000000,0.000000007875
0.632812500000,0.679687500000,0.000000007981
0.632812500000,0.703125000000,0.000000008082
0.632812500000,0.726562500000,0.000000008181
0.632812500000,0.750000000000,0.000000008271
0.632812500000,0.773437500000,0.000000008350
0.632812500000,0.796875000000,0.000000008429
0.632812500000,0.820312500000,0.000000008497
0.632812500000,0.843750000000,0.000000008564
0.632812500000,0.867187500000,0.000000008619
0.632812500000,0.890625000000,0.000000008670
0.632812500000,0.914062500000,0.000000008717
0.632812500000,0.937500000000,0.000000008755
0.632812500000,0.960937500000,0.000000008790
0.632812500000,0.984375000000,0.000000008816
0.632812500000,1.007812500000,0.000000008837
0.632812500000,1.031250000000,0.000000008855
0.632812500000,1.054687500000,0.000000008862
0.632812500000,1.078125000000,0.000000008866
0.632812500000,1.101562500000,0.000000008865
0.632812500000,1.125000000000,0.000000008860
0.632812500000,1.148437500000,0.000000008841
0.632812500000,1.171875000000,0.000000008827
0.632812500000,1.195312500000,0.000000008802
0.632812500000,1.218750000000,0.000000008773
0.632812500000,1.242187500000,0.000000008739
0.632812500000,1.265625000000,0.000000008699
0.632812500000,1.289062500000,0.000000008655
0.632812500000,1.312500000000,0.000000008604
0.632812500000,1.335937500000,0.000000008550
0.632812500000,1.359375000000,0.000000008493
0.632812500000,1.382812500000,0.000000008432
0.632812500000,1.406250000000,0.000000008358
0.632812500000,1.429687500000,0.000000008289
0.632812500000,1.453125000000,0.000000008211
0.632812500000,1.476562500000,0.000000008128
0.632812500000,1.500000000000,0.000000008043
0.632812500000,1.523437500000,0.000000007954
0.632812500000,1.546875000000,0.000000007859
0.632812500000,1.570312500000,0.000000007763
0.632812500000,1.593750000000,0.000000007664
0.632812500000,1.617187500000,0.000000007554
0.632812500000,1.640625000000,0.000000007447
0.632812500000,1.664062500000,0.000000007335
0.632812500000,1.687500000000,0.000000007220
0.632812500000,1.710937500000,0.000000007104
0.632812500000,1.734375000000,0.000000006982
0.632812500000,1.757812500000,0.000000006856
0.632812500000,1.781250000000,0.000000006726
0.632812500000,1.804687500000,0.000000006599
0.632812500000,1.828125000000,0.000000006465
0.632812500000,1.851562500000,0.000000006331
0.632812500000,1.875000000000,0.000000006192
0.632812500000,1.898437500000,0.000000006055
0.632812500000,1.921875000000,0.000000005910
0.632812500000,1.945312500000,0.000000005767
0.632812500000,1.968750000000,0.000000005620
0.632812500000,1.992187500000,0.000000005473
0.632812500000,2.015625000000,0.000000005323
0.632812500000,2.039062500000,0.000000005172
0.632812500000,2.062500000000,0.000000005019
0.632812500000,2.085937500000,0.000000004868
0.632812500000,2.109375000000,0.000000004710
0.632812500000,2.132812500000,0.000000004555
0.632812500000,2.156250000000,0.000000004396
0.632812500000,2.179687500000,0.000000004237
0.632812500000,2.203125000000,0.000000004082
0.632812500000,2.226562500000,0.000000003921
0.632812500000,2.250000000000,0.000000003761
0.632812500000,2.273437500000,0.000000003600
0.632812500000,2.296875000000,0.000000003438
0.632812500000,2.320312500000,0.000000003274
0.632812500000,2.343750000000,0.000000003121
0.632812500000,2.367187500000,0.000000002953
0.632812500000,2.390625000000,0.000000002789
0.632812500000,2.414062500000,0.000000002632
0.632812500000,2.437500000000,0.000000002471
0.632812500000,2.460937500000,0.000000002309
0.632812500000,2.484375000000,0.000000002150
0.632812500000,2.507812500000,0.000000001993
0.632812500000,2.531250000000,0.000000001835
0.632812500000,2.554687500000,0.000000001672
0.632812500000,2.578125000000,0.000000001519
0.632812500000,2.601562500000,0.000000001359
0.632812500000,2.625000000000,0.000000001206
0.632812500000,2.648437500000,0.000000001052
0.632812500000,2.671875000000,0.000000000901
0.632812500000,2.695312500000,0.000000000748
0.632812500000,2.718750000000,0.000000000596
0.632812500000,2.742187500000,0.000000000451
0.632812500000,2.765625000000,0.000000000302
0.632812500000,2.789062500000,0.000000000156
0.632812500000,2.812500000000,0.000000000009
0.632812500000,2.835937500000,-0.000000000132
0.632812500000,2.859375000000,-0.000000000272
0.632812500000,2.882812500000,-0.000000000411
0.632812500000,2.906250000000,-0.000000000548
0.632812500000,2.929687500000,-0.000000000684
0.632812500000,2.953125000000,-0.000000000815
0.632812500000,2.976562500000,-0.000000000946
0.632812500000,3.000000000000,0.000000000000
0.656250000000,0.000000000000,0.000000000000
0.656250000000,0.023437500000,0.000000002674
0.656250000000,0.046875000000,0.000000002945
0.656250000000,0.070312500000,0.000000003215
0.656250000000,0.093750000000,0.000000003475
0.656250000000,0.117187500000,0.000000003731
0.656250000000,0.140625000000,0.000000003985
0.656250000000,0.164062500000,0.000000004229
0.656250000000,0.187500000000,0.000000004468
0.656250000000,0.210937500000,0.000000004703
0.656250000000,0.234375000000,0.000000004931
0.656250000000,0.257812500000,0.000000005157
0.656250000000,0.281250000000,0.000000005373
0.656250000000,0.304687500000,0.000000005581
0.656250000000,0.328125000000,0.000000005787
0.656250000000,0.351562500000,0.000000005986
0.656250000000,0.375000000000,0.000000006174
0.656250000000,0.398437500000,0.000000006364
0.656250000000,0.421875000000,0.000000006547
0.656250000000,0.445312500000,0.000000006716
0.656250000000,0.468750000000,0.000000006886
0.656250000000,0.492187500000,0.000000007045
0.656250000000,0.515625000000,0.000000007200
0.656250000000,0.539062500000,0.000000007349
0.656250000000,0.562500000000,0.000000007490
0.656250000000,0.585937500000,0.000000007624
0.656250000000,0.609375000000,0.000000007750
0.656250000000,0.632812500000,0.000000007873
0.656250000000,0.656250000000,0.000000007988
0.656250000000,0.679687500000,0.000000008101
0.656250000000,0.703125000000,0.000000008201
0.656250000000,0.726562500000,0.000000008295
0.656250000000,0.750000000000,0.000000008386
0.656250000000,0.773437500000,0.000000008470
0.656250000000,0.796875000000,0.000000008545
0.656250000000,0.820312500000,0.000000008619
0.656250000000,0.843750000000,0.000000008681
0.656250000000,0.867187500000,0.000000008739
0.656250000000,0.890625000000,0.000000008790
0.656250000000,0.914062500000,0.000000008835
0.656250000000,0.937500000000,0.000000008875
0.656250000000,0.960937500000,0.000000008908
0.656250000000,0.984375000000,0.000000008935
0.656250000000,1.007812500000,0.000000008957
0.656250000000,1.031250000000,0.000000008972
0.656250000000,1.054687500000,0.000000008980
0.656250000000,1.078125000000,0.000000008985
0.656250000000,1.101562500000,0.000000008983
0.656250000000,1.125000000000,0.000000008974
0.656250000000,1.148437500000,0.000000008959
0.656250000000,1.171875000000,0.000000008942
0.656250000000,1.195312500000,0.000000008915
0.656250000000,1.218750000000,0.000000008888
0.656250000000,1.242187500000,0.000000008850
0.656250000000,1.265625000000,0.000000008809
0.656250000000,1.289062500000,0.000000008770
0.656250000000,1.312500000000,0.000000008719
0.656250000000,1.335937500000,0.000000008661
0.656250000000,1.359375000000,0.000000008597
0.656250000000,1.382812500000,0.000000008533
0.656250000000,1.406250000000,0.000000008469
0.656250000000,1.429687500000,0.000000008389
0.656250000000,1.453125000000,0.000000008311
0.656250000000,1.476562500000,0.000000008230
0.656250000000,1.500000000000,0.000000008143
0.656250000000,1.523437500000,0.000000008050
0.656250000000,1.546875000000,0.000000007956
0.656250000000,1.570312500000,0.000000007855
0.656250000000,1.593750000000,0.000000007748
0.656250000000,1.617187500000,0.000000007647
0.656250000000,1.640625000000,0.000000007534
0.656250000000,1.664062500000,0.000000007422
0.656250000000,1.687500000000,0.000000007304
0.656250000000,1.710937500000,0.000000007185
0.656250000000,1.734375000000,0.000000007060
0.656250000000,1.757812500000,0.000000006933
0.656250000000,1.781250000000,0.000000006805
0.656250000000,1.804687500000,0.000000006674
0.656250000000,1.828125000000,0.000000006538
0.656250000000,1.851562500000,0.000000006400
0.656250000000,1.875000000000,0.000000006261
0.656250000000,1.898437500000,0.000000006119
0.656250000000,1.921875000000,0.000000005975
0.656250000000,1.945312500000,0.000000005829
0.656250000000,1.968750000000,0.000000005681
0.656250000000,1.992187500000,0.000000005532
0.656250000000,2.015625000000,0.000000005379
0.656250000000,2.039062500000,0.000000005226
0.656250000000,2.062500000000,0.000000005072
0.656250000000,2.085937500000,0.000000004915
0.656250000000,2.109375000000,0.000000004758
0.656250000000,2.132812500000,0.000000004600
0.656250000000,2.156250000000,0.000000004440
0.656250000000,2.179687500000,0.000000004279
0.656250000000,2.203125000000,0.000000004120
0.656250000000,2.226562500000,0.000000003958
0.656250000000,2.250000000000,0.000000003796
0.656250000000,2.273437500000,0.000000003630
0.656250000000,2.296875000000,0.000000003470
0.656250000000,2.320312500000,0.000000003304
0.656250000000,2.343750000000,0.000000003141
0.656250000000,2.367187500000,0.000000002978
0.656250000000,2.390625000000,0.000000002818
0.656250000000,2.414062500000,0.000000002648
0.656250000000,2.437500000000,0.000000002491
0.656250000000,2.460937500000,0.000000002322
0.656250000000,2.484375000000,0.000000002165
0.656250000000,2.507812500000,0.000000002003
0.656250000000,2.531250000000,0.000000001841
0.656250000000,2.554687500000,0.000000001683
0.656250000000,2.578125000000,0.000000001524
0.656250000000,2.601562500000,0.000000001360
0.656250000000,2.625000000000,0.000000001210
0.656250000000,2.648437500000,0.000000001051
0.656250000000,2.671875000000,0.000000000896
0.656250000000,2.695312500000,0.000000000745
0.656250000000,2.718750000000,0.000000000591
0.656250000000,2.742187500000,0.000000000437
0.656250000000,2.765625000000,0.000000000289
0.656250000000,2.789062500000,0.000000000143
0.656250000000,2.812500000000,-0.000000000004
0.656250000000,2.835937500000,-0.000000000145
0.656250000000,2.859375000000,-0.000000000290
0.656250000000,2.882812500000,-0.000000000430
0.656250000000,2.906250000000,-0.000000000568
0.656250000000,2.929687500000,-0.000000000705
0.656250000000,2.953125000000,-0.000000000838
0.656250000000,2.976562500000,-0.000000000971
0.656250000000,3.000000000000,0.000000000000
0.679687500000,0.000000000000,0.000000000000
0.679687500000,0.023437500000,0.000000002733
0.679687500000,0.046875000000,0.000000003009
0.679687500000,0.070312500000,0.000000003278
0.679687500000,0.093750000000,0.000000003541
0.679687500000,0.117187500000,0.000000003804
0.679687500000,0.140625000000,0.000000004054
0.679687500000,0.164062500000,0.000000004306
0.679687500000,0.187500000000,0.000000004548
0.679687500000,0.210937500000,0.000000004783
0.679687500000,0.234375000000,0.000000005017
0.679687500000,0.257812500000,0.000000005240
0.679687500000,0.281250000000,0.000000005462
0.679687500000,0.304687500000,0.000000005672
0.679687500000,0.328125000000,0.000000005873
0.679687500000,0.351562500000,0.000000006080
0.679687500000,0.375000000000,0.000000006273
0.679687500000,0.398437500000,0.000000006460
0.679687500000,0.421875000000,0.000000006644
0.679687500000,0.445312500000,0.000000006816
0.679687500000,0.468750000000,0.000000006986
0.679687500000,0.492187500000,0.000000007145
0.679687500000,0.515625000000,0.000000007303
0.679687500000,0.539062500000,0.000000007451
0.679687500000,0.562500000000,0.000000007593
0.679687500000,0.585937500000,0.000000007732
0.679687500000,0.609375000000,0.000000007859
0.679687500000,0.632812500000,0.000000007980
0.679687500000,0.656250000000,0.000000008096
0.679687500000,0.679687500000,0.000000008209
0.679687500000,0.703125000000,0.000000008314
0.679687500000,0.726562500000,0.000000008407
0.679687500000,0.750000000000,0.000000008497
0.679687500000,0.773437500000,0.000000008581
0.679687500000,0.796875000000,0.000000008660
0.679687500000,0.820312500000,0.000000008728
0.679687500000,0.843750000000,0.000000008793
0.679687500000,0.867187500000,0.000000008853
0.679687500000,0.890625000000,0.000000008904
0.679687500000,0.914062500000,0.000000008949
0.679687500000,0.937500000000,0.000000008989
0.679687500000,0.960937500000,0.000000009021
0.679687500000,0.984375000000,0.000000009047
0.679687500000,1.007812500000,0.000000009069
0.679687500000,1.031250000000,0.000000009085
0.679687500000,1.054687500000,0.000000009090
0.679687500000,1.078125000000,0.000000009099
0.679687500000,1.101562500000,0.000000009089
0.679687500000,1.125000000000,0.000000009085
0.679687500000,1.148437500000,0.000000009069
0.679687500000,1.171875000000,0.000000009049
0.679687500000,1.195312500000,0.000000009025
0.679687500000,1.218750000000,0.000000008996
0.679687500000,1.242187500000,0.000000008956
0.679687500000,1.265625000000,0.000000008917
0.679687500000,1.289062500000,0.000000008865
0.679687500000,1.312500000000,0.000000008817
0.679687500000,1.335937500000,0.000000008764
0.679687500000,1.359375000000,0.000000008698
0.679687500000,1.382812500000,0.000000008634
0.679687500000,1.406250000000,0.000000008562
0.679687500000,1.429687500000,0.000000008485
0.679687500000,1.453125000000,0.000000008406
0.679687500000,1.476562500000,0.000000008321
0.679687500000,1.500000000000,0.000000008231
0.679687500000,1.523437500000,0.000000008141
0.679687500000,1.546875000000,0.000000008043
0.679687500000,1.570312500000,0.000000007944
0.679687500000,1.593750000000,0.000000007839
0.679687500000,1.617187500000,0.000000007730
0.679687500000,1.640625000000,0.000000007620
0.679687500000,1.664062500000,0.000000007501
0.679687500000,1.687500000000,0.000000007385
0.679687500000,1.710937500000,0.000000007260
0.679687500000,1.734375000000,0.000000007138
0.679687500000,1.757812500000,0.000000007007
0.679687500000,1.781250000000,0.000000006877
0.679687500000,1.804687500000,0.000000006742
0.679687500000,1.828125000000,0.000000006606
0.679687500000,1.851562500000,0.000000006466
0.679687500000,1.875000000000,0.000000006325
0.679687500000,1.898437500000,0.000000006180
0.679687500000,1.921875000000,0.000000006035
0.679687500000,1.945312500000,0.000000005888
0.679687500000,1.968750000000,0.000000005737
0.679687500000,1.992187500000,0.000000005585
0.679687500000,2.015625000000,0.000000005431
0.679687500000,2.039062500000,0.000000005276
0.679687500000,2.062500000000,0.000000005119
0.679687500000,2.085937500000,0.000000004961
0.679687500000,2.109375000000,0.000000004802
0.679687500000,2.132812500000,0.000000004640
0.679687500000,2.156250000000,0.000000004479
0.679687500000,2.179687500000,0.000000004317
0.679687500000,2.203125000000,0.000000004153
0.679687500000,2.226562500000,0.000000003992
0.679687500000,2.250000000000,0.000000003826
0.679687500000,2.273437500000,0.000000003659
0.679687500000,2.296875000000,0.000000003495
0.679687500000,2.320312500000,0.000000003332
0.679687500000,2.343750000000,0.000000003165
0.679687500000,2.367187500000,0.000000003001
0.679687500000,2.390625000000,0.000000002834
0.679687500000,2.414062500000,0.000000002667
0.679687500000,2.437500000000,0.000000002504
0.679687500000,2.460937500000,0.000000002339
0.679687500000,2.484375000000,0.000000002175
0.679687500000,2.507812500000,0.000000002012
0.679687500000,2.531250000000,0.000000001847
0.679687500000,2.554687500000,0.000000001686
0.679687500000,2.578125000000,0.000000001527
0.679687500000,2.601562500000,0.000000001369
0.679687500000,2.625000000000,0.000000001202
0.679687500000,2.648437500000,0.000000001047
0.679687500000,2.671875000000,0.000000000892
0.679687500000,2.695312500000,0.000000000738
0.679687500000,2.718750000000,0.000000000582
0.679687500000,2.742187500000,0.000000000429
0.679687500000,2.765625000000,0.000000000278
0.679687500000,2.789062500000,0.000000000132
0.679687500000,2.812500000000,-0.000000000016
0.679687500000,2.835937500000,-0.000000000164
0.679687500000,2.859375000000,-0.000000000307
0.679687500000,2.882812500000,-0.000000000449
0.679687500000,2.906250000000,-0.000000000589
0.679687500000,2.929687500000,-0.000000000726
0.679687500000,2.953125000000,-0.000000000862
0.679687500000,2.976562500000,-0.000000000996
0.679687500000,3.000000000000,0.000000000000
0.703125000000,0.000000000000,0.000000000000
0.703125000000,0.023437500000,0.000000002789
0.703125000000,0.046875000000,0.000000003067
0.703125000000,0.070312500000,0.000000003340
0.703125000000,0.093750000000,0.000000003607
0.703125000000,0.117187500000,0.000000003869
0.703125000000,0.140625000000,0.000000004125
0.703125000000,0.164062500000,0.000000004377
0.703125000000,0.187500000000,0.000000004619
0.703125000000,0.210937500000,0.000000004860
0.703125000000,0.234375000000,0.000000005092
0.703125000000,0.257812500000,0.000000005319
0.703125000000,0.281250000000,0.000000005540
0.703125000000,0.304687500000,0.000000005753
0.703125000000,0.328125000000,0.000000005966
0.703125000000,0.351562500000,0.000000006163
0.703125000000,0.375000000000,0.000000006362
0.703125000000,0.398437500000,0.000000006552
0.703125000000,0.421875000000,0.000000006734
0.703125000000,0.445312500000,0.000000006908
0.703125000000,0.468750000000,0.000000007082
0.703125000000,0.492187500000,0.000000007238
0.703125000000,0.515625000000,0.000000007398
0.703125000000,0.539062500000,0.000000007549
0.703125000000,0.562500000000,0.000000007691
0.703125000000,0.585937500000,0.000000007830
0.703125000000,0.609375000000,0.000000007962
0.703125000000,0.632812500000,0.000000008079
0.703125000000,0.656250000000,0.000000008202
0.703125000000,0.679687500000,0.000000008311
0.703125000000,0.703125000000,0.000000008414
0.703125000000,0.726562500000,0.000000008513
0.703125000000,0.750000000000,0.000000008603
0.703125000000,0.773437500000,0.000000008686
0.703125000000,0.796875000000,0.000000008765
0.703125000000,0.820312500000,0.000000008835
0.703125000000,0.843750000000,0.000000008900
0.703125000000,0.867187500000,0.000000008958
0.703125000000,0.890625000000,0.000000009011
0.703125000000,0.914062500000,0.000000009055
0.703125000000,0.937500000000,0.000000009094
0.703125000000,0.960937500000,0.000000009127
0.703125000000,0.984375000000,0.000000009152
0.703125000000,1.007812500000,0.000000009175
0.703125000000,1.031250000000,0.000000009188
0.703125000000,1.054687500000,0.000000009196
0.703125000000,1.078125000000,0.000000009200
0.703125000000,1.101562500000,0.000000009195
0.703125000000,1.125000000000,0.000000009187
0.703125000000,1.148437500000,0.000000009170
0.703125000000,1.171875000000,0.000000009153
0.703125000000,1.195312500000,0.000000009124
0.703125000000,1.218750000000,0.000000009089
0.703125000000,1.242187500000,0.000000009057
0.703125000000,1.265625000000,0.000000009012
0.703125000000,1.289062500000,0.000000008966
0.703125000000,1.312500000000,0.000000008913
0.703125000000,1.335937500000,0.000000008854
0.703125000000,1.359375000000,0.000000008792
0.703125000000,1.382812500000,0.000000008726
0.703125000000,1.406250000000,0.000000008650
0.703125000000,1.429687500000,0.000000008578
0.703125000000,1.453125000000,0.000000008494
0.703125000000,1.476562500000,0.000000008409
0.703125000000,1.500000000000,0.000000008317
0.703125000000,1.523437500000,0.000000008225
0.703125000000,1.546875000000,0.000000008125
0.703125000000,1.570312500000,0.000000008025
0.703125000000,1.593750000000,0.000000007916
0.703125000000,1.617187500000,0.000000007807
0.703125000000,1.640625000000,0.000000007693
0.703125000000,1.664062500000,0.000000007576
0.703125000000,1.687500000000,0.000000007455
0.703125000000,1.710937500000,0.000000007334
0.703125000000,1.734375000000,0.000000007206
0.703125000000,1.757812500000,0.000000007075
0.703125000000,1.781250000000,0.000000006942
0.703125000000,1.804687500000,0.000000006808
0.703125000000,1.828125000000,0.000000006670
0.703125000000,1.851562500000,0.000000006528
0.703125000000,1.875000000000,0.000000006384
0.703125000000,1.898437500000,0.000000006238
0.703125000000,1.921875000000,0.000000006090
0.703125000000,1.945312500000,0.000000005940
0.703125000000,1.968750000000,0.000000005788
0.703125000000,1.992187500000,0.000000005633
0.703125000000,2.015625000000,0.000000005479
0.703125000000,2.039062500000,0.000000005323
0.703125000000,2.062500000000,0.000000005161
0.703125000000,2.085937500000,0.000000005004
0.703125000000,2.109375000000,0.000000004843
0.703125000000,2.132812500000,0.000000004678
0.703125000000,2.156250000000,0.000000004518
0.703125000000,2.179687500000,0.000000004350
0.703125000000,2.203125000000,0.000000004188
0.703125000000,2.226562500000,0.000000004019
0.703125000000,2.250000000000,0.000000003855
0.703125000000,2.273437500000,0.000000003690
0.703125000000,2.296875000000,0.000000003520
0.703125000000,2.320312500000,0.000000003352
0.703125000000,2.343750000000,0.000000003186
0.703125000000,2.367187500000,0.000000003017
0.703125000000,2.390625000000,0.000000002853
0.703125000000,2.414062500000,0.000000002682
0.703125000000,2.437500000000,0.000000002519
0.703125000000,2.460937500000,0.000000002352
0.703125000000,2.484375000000,0.000000002184
0.703125000000,2.507812500000,0.000000002021
0.703125000000,2.531250000000,0.000000001853
0.703125000000,2.554687500000,0.000000001692
0.703125000000,2.578125000000,0.000000001530
0.703125000000,2.601562500000,0.000000001365
0.703125000000,2.625000000000,0.000000001207
0.703125000000,2.648437500000,0.000000001047
0.703125000000,2.671875000000,0.000000000890
0.703125000000,2.695312500000,0.000000000730
0.703125000000,2.718750000000,0.000000000577
0.703125000000,2.742187500000,0.000000000421
0.703125000000,2.765625000000,0.000000000269
0.703125000000,2.789062500000,0.000000000117
0.703125000000,2.812500000000,-0.000000000031
0.703125000000,2.835937500000,-0.000000000177
0.703125000000,2.859375000000,-0.000000000322
0.703125000000,2.882812500000,-0.000000000467
0.703125000000,2.906250000000,-0.000000000608
0.703125000000,2.929687500000,-0.000000000747
0.703125000000,2.953125000000,-0.000000000884
0.703125000000,2.976562500000,-0.000000001018
0.703125000000,3.000000000000,0.000000000000
0.726562500000,0.000000000000,0.000000000000
0.726562500000,0.023437500000,0.000000002842
0.726562500000,0.046875000000,0.000000003124
0.726562500000,0.070312500000,0.000000003399
0.726562500000,0.093750000000,0.000000003667
0.726562500000,0.117187500000,0.000000003934
0.726562500000,0.140625000000,0.000000004192
0.726562500000,0.164062500000,0.000000004445
0.726562500000,0.187500000000,0.000000004691
0.726562500000,0.210937500000,0.000000004932
0.726562500000,0.234375000000,0.000000005165
0.726562500000,0.257812500000,0.000000005395
0.726562500000,0.281250000000,0.000000005619
0.726562500000,0.304687500000,0.000000005834
0.726562500000,0.328125000000,0.000000006041
0.726562500000,0.351562500000,0.000000006252
0.726562500000,0.375000000000,0.000000006442
0.726562500000,0.398437500000,0.000000006636
0.726562500000,0.421875000000,0.000000006820
0.726562500000,0.445312500000,0.000000006997
0.726562500000,0.468750000000,0.000000007167
0.726562500000,0.492187500000,0.000000007334
0.726562500000,0.515625000000,0.000000007493
0.726562500000,0.539062500000,0.000000007642
0.726562500000,0.562500000000,0.000000007785
0.726562500000,0.585937500000,0.000000007923
0.726562500000,0.609375000000,0.000000008059
0.726562500000,0.632812500000,0.000000008182
0.726562500000,0.656250000000,0.000000008297
0.726562500000,0.679687500000,0.000000008407
0.726562500000,0.703125000000,0.000000008515
0.726562500000,0.726562500000,0.000000008609
0.726562500000,0.750000000000,0.000000008700
0.726562500000,0.773437500000,0.000000008784
0.726562500000,0.796875000000,0.000000008863
0.726562500000,0.820312500000,0.000000008933
0.726562500000,0.843750000000,0.000000008999
0.726562500000,0.867187500000,0.000000009056
0.726562500000,0.890625000000,0.000000009108
0.726562500000,0.914062500000,0.000000009154
0.726562500000,0.937500000000,0.000000009192
0.726562500000,0.960937500000,0.000000009224
0.726562500000,0.984375000000,0.000000009251
0.726562500000,1.007812500000,0.000000009271
0.726562500000,1.031250000000,0.000000009285
0.726562500000,1.054687500000,0.000000009295
0.726562500000,1.078125000000,0.000000009294
0.726562500000,1.101562500000,0.000000009292
0.726562500000,1.125000000000,0.000000009281
0.726562500000,1.148437500000,0.000000009266
0.726562500000,1.171875000000,0.000000009244
0.726562500000,1.195312500000,0.000000009217
0.726562500000,1.218750000000,0.000000009185
0.726562500000,1.242187500000,0.000000009148
0.726562500000,1.265625000000,0.000000009103
0.726562500000,1.289062500000,0.000000009055
0.726562500000,1.312500000000,0.000000009002
0.726562500000,1.335937500000,0.000000008941
0.726562500000,1.359375000000,0.000000008879
0.726562500000,1.382812500000,0.000000008813
0.726562500000,1.406250000000,0.000000008733
0.726562500000,1.429687500000,0.000000008657
0.726562500000,1.453125000000,0.000000008579
0.726562500000,1.476562500000,0.000000008489
0.726562500000,1.500000000000,0.000000008399
0.726562500000,1.523437500000,0.000000008301
0.726562500000,1.546875000000,0.000000008203
0.726562500000,1.570312500000,0.000000008100
0.726562500000,1.593750000000,0.000000007990
0.726562500000,1.617187500000,0.000000007880
0.726562500000,1.640625000000,0.000000007765
0.726562500000,1.664062500000,0.000000007648
0.726562500000,1.687500000000,0.000000007522
0.726562500000,1.710937500000,0.000000007397
0.726562500000,1.734375000000,0.000000007270
0.726562500000,1.757812500000,0.000000007138
0.726562500000,1.781250000000,0.000000007003
0.726562500000,1.804687500000,0.000000006865
0.726562500000,1.828125000000,0.000000006727
0.726562500000,1.851562500000,0.000000006584
0.726562500000,1.875000000000,0.000000006439
0.726562500000,1.898437500000,0.000000006291
0.726562500000,1.921875000000,0.000000006141
0.726562500000,1.945312500000,0.000000005989
0.726562500000,1.968750000000,0.000000005835
0.726562500000,1.992187500000,0.000000005680
0.726562500000,2.015625000000,0.000000005523
0.726562500000,2.039062500000,0.000000005364
0.726562500000,2.062500000000,0.000000005203
0.726562500000,2.085937500000,0.000000005040
0.726562500000,2.109375000000,0.000000004878
0.726562500000,2.132812500000,0.000000004716
0.726562500000,2.156250000000,0.000000004549
0.726562500000,2.179687500000,0.000000004381
0.726562500000,2.203125000000,0.000000004216
0.726562500000,2.226562500000,0.000000004046
0.726562500000,2.250000000000,0.000000003880
0.726562500000,2.273437500000,0.000000003714
0.726562500000,2.296875000000,0.000000003543
0.726562500000,2.320312500000,0.000000003374
0.726562500000,2.343750000000,0.000000003206
0.726562500000,2.367187500000,0.000000003035
0.726562500000,2.390625000000,0.000000002866
0.726562500000,2.414062500000,0.000000002696
0.726562500000,2.437500000000,0.000000002531
0.726562500000,2.460937500000,0.000000002363
0.726562500000,2.484375000000,0.000000002190
0.726562500000,2.507812500000,0.000000002029
0.726562500000,2.531250000000,0.000000001860
0.726562500000,2.554687500000,0.000000001696
0.726562500000,2.578125000000,0.000000001529
0.726562500000,2.601562500000,0.000000001368
0.726562500000,2.625000000000,0.000000001204
0.726562500000,2.648437500000,0.000000001042
0.726562500000,2.671875000000,0.000000000883
0.726562500000,2.695312500000,0.000000000725
0.726562500000,2.718750000000,0.000000000567
0.726562500000,2.742187500000,0.000000000412
0.726562500000,2.765625000000,0.000000000257
0.726562500000,2.789062500000,0.000000000105
0.726562500000,2.812500000000,-0.000000000044
0.726562500000,2.835937500000,-0.000000000192
0.726562500000,2.859375000000,-0.000000000340
0.726562500000,2.882812500000,-0.000000000484
0.726562500000,2.906250000000,-0.000000000626
0.726562500000,2.929687500000,-0.000000000767
0.726562500000,2.953125000000,-0.000000000905
0.726562500000,2.976562500000,-0.000000001041
0.726562500000,3.000000000000,0.000000000000
0.750000000000,0.000000000000,0.000000000000
0.750000000000,0.023437500000,0.000000002895
0.750000000000,0.046875000000,0.000000003177
0.750000000000,0.070312500000,0.000000003454
0.750000000000,0.093750000000,0.000000003727
0.750000000000,0.117187500000,0.000000003993
0.750000000000,0.140625000000,0.000000004253
0.750000000000,0.164062500000,0.000000004509
0.750000000000,0.187500000000,0.000000004759
0.750000000000,0.210937500000,0.000000004998
0.750000000000,0.234375000000,0.000000005237
0.750000000000,0.257812500000,0.000000005464
0.750000000000,0.281250000000,0.000000005694
0.750000000000,0.304687500000,0.000000005909
0.750000000000,0.328125000000,0.000000006119
0.750000000000,0.351562500000,0.000000006319
0.750000000000,0.375000000000,0.000000006522
0.750000000000,0.398437500000,0.000000006717
0.750000000000,0.421875000000,0.000000006899
0.750000000000,0.445312500000,0.000000007082
0.750000000000,0.468750000000,0.000000007252
0.750000000000,0.492187500000,0.000000007417
0.750000000000,0.515625000000,0.000000007577
0.750000000000,0.539062500000,0.000000007725
0.750000000000,0.562500000000,0.000000007875
0.750000000000,0.585937500000,0.000000008011
0.750000000000,0.609375000000,0.000000008142
0.750000000000,0.632812500000,0.000000008269
0.750000000000,0.656250000000,0.000000008388
0.750000000000,0.679687500000,0.000000008496
0.750000000000,0.703125000000,0.000000008603
0.750000000000,0.726562500000,0.000000008701
0.750000000000,0.750000000000,0.000000008792
0.750000000000,0.773437500000,0.000000008876
0.750000000000,0.796875000000,0.000000008954
0.750000000000,0.820312500000,0.000000009025
0.750000000000,0.843750000000,0.000000009090
0.750000000000,0.867187500000,0.000000009147
0.750000000000,0.890625000000,0.000000009199
0.750000000000,0.914062500000,0.000000009245
0.750000000000,0.937500000000,0.000000009284
0.750000000000,0.960937500000,0.000000009316
0.750000000000,0.984375000000,0.000000009342
0.750000000000,1.007812500000,0.000000009362
0.750000000000,1.031250000000,0.000000009375
0.750000000000,1.054687500000,0.000000009383
0.750000000000,1.078125000000,0.000000009384
0.750000000000,1.101562500000,0.000000009381
0.750000000000,1.125000000000,0.000000009369
0.750000000000,1.148437500000,0.000000009356
0.750000000000,1.171875000000,0.000000009329
0.750000000000,1.195312500000,0.000000009305
0.750000000000,1.218750000000,0.000000009269
0.750000000000,1.242187500000,0.000000009232
0.750000000000,1.265625000000,0.000000009187
0.750000000000,1.289062500000,0.000000009140
0.750000000000,1.312500000000,0.000000009084
0.750000000000,1.335937500000,0.000000009024
0.750000000000,1.359375000000,0.000000008958
0.750000000000,1.382812500000,0.000000008889
0.750000000000,1.406250000000,0.000000008816
0.750000000000,1.429687500000,0.000000008734
0.750000000000,1.453125000000,0.000000008652
0.750000000000,1.476562500000,0.000000008565
0.750000000000,1.500000000000,0.000000008469
0.750000000000,1.523437500000,0.000000008374
0.750000000000,1.546875000000,0.000000008272
0.750000000000,1.570312500000,0.000000008167
0.750000000000,1.593750000000,0.000000008057
0.750000000000,1.617187500000,0.000000007944
0.750000000000,1.640625000000,0.000000007830
0.750000000000,1.664062500000,0.000000007707
0.750000000000,1.687500000000,0.000000007588
0.750000000000,1.710937500000,0.000000007460
0.750000000000,1.734375000000,0.000000007330
0.750000000000,1.757812500000,0.000000007197
0.750000000000,1.781250000000,0.000000007059
0.750000000000,1.804687500000,0.000000006920
0.750000000000,1.828125000000,0.000000006779
0.750000000000,1.851562500000,0.000000006636
0.750000000000,1.875000000000,0.000000006487
0.750000000000,1.898437500000,0.000000006339
0.750000000000,1.921875000000,0.000000006188
0.750000000000,1.945312500000,0.000000006033
0.750000000000,1.968750000000,0.000000005879
0.750000000000,1.992187500000,0.000000005720
0.750000000000,2.015625000000,0.000000005563
0.750000000000,2.039062500000,0.000000005402
0.750000000000,2.062500000000,0.000000005239
0.750000000000,2.085937500000,0.000000005077
0.750000000000,2.109375000000,0.000000004909
0.750000000000,2.132812500000,0.000000004748
0.750000000000,2.156250000000,0.000000004579
0.750000000000,2.179687500000,0.000000004409
0.750000000000,2.203125000000,0.000000004243
0.750000000000,2.226562500000,0.000000004074
0.750000000000,2.250000000000,0.000000003903
0.750000000000,2.273437500000,0.000000003733
0.750000000000,2.296875000000,0.000000003563
0.750000000000,2.320312500000,0.000000003391
0.750000000000,2.343750000000,0.000000003220
0.750000000000,2.367187500000,0.000000003050
0.750000000000,2.390625000000,0.000000002880
0.750000000000,2.414062500000,0.000000002710
0.750000000000,2.437500000000,0.000000002538
0.750000000000,2.460937500000,0.000000002368
0.750000000000,2.484375000000,0.000000002202
0.750000000000,2.507812500000,0.000000002032
0.750000000000,2.531250000000,0.000000001867
0.750000000000,2.554687500000,0.000000001694
0.750000000000,2.578125000000,0.000000001533
0.750000000000,2.601562500000,0.000000001367
0.750000000000,2.625000000000,0.000000001202
0.750000000000,2.648437500000,0.000000001040
0.750000000000,2.671875000000,0.000000000880
0.750000000000,2.695312500000,0.000000000719
0.750000000000,2.718750000000,0.000000000561
0.750000000000,2.742187500000,0.000000000407
0.750000000000,2.765625000000,0.000000000249
0.750000000000,2.789062500000,0.000000000094
0.750000000000,2.812500000000,-0.000000000057
0.750000000000,2.835937500000,-0.000000000207
0.750000000000,2.859375000000,-0.000000000355
0.750000000000,2.882812500000,-0.000000000501
0.750000000000,2.906250000000,-0.000000000645
0.750000000000,2.929687500000,-0.000000000786
0.750000000000,2.953125000000,-0.000000000926
0.750000000000,2.976562500000,-0.000000001063
0.750000000000,3.000000000000,0.000000000000
0.773437500000,0.000000000000,0.000000000000
0.773437500000,0.023437500000,0.000000002943
0.773437500000,0.046875000000,0.000000003229
0.773437500000,0.070312500000,0.000000003507
0.773437500000,0.093750000000,0.000000003780
0.773437500000,0.117187500000,0.000000004050
0.773437500000,0.140625000000,0.000000004313
0.773437500000,0.164062500000,0.000000004567
0.773437500000,0.187500000000,0.000000004819
0.773437500000,0.210937500000,0.000000005063
0.773437500000,0.234375000000,0.000000005300
0.773437500000,0.257812500000,0.000000005534
0.773437500000,0.281250000000,0.000000005757
0.773437500000,0.304687500000,0.000000005978
0.773437500000,0.328125000000,0.000000006192
0.773437500000,0.351562500000,0.000000006396
0.773437500000,0.375000000000,0.000000006598
0.773437500000,0.398437500000,0.000000006793
0.773437500000,0.421875000000,0.000000006977
0.773437500000,0.445312500000,0.000000007156
0.773437500000,0.468750000000,0.000000007330
0.773437500000,0.492187500000,0.000000007495
0.773437500000,0.515625000000,0.000000007655
0.773437500000,0.539062500000,0.000000007808
0.773437500000,0.562500000000,0.000000007955
0.773437500000,0.585937500000,0.000000008092
0.773437500000,0.609375000000,0.000000008223
0.773437500000,0.632812500000,0.000000008349
0.773437500000,0.656250000000,0.000000008470
0.773437500000,0.679687500000,0.000000008584
0.773437500000,0.703125000000,0.000000008685
0.773437500000,0.726562500000,0.000000008785
0.773437500000,0.750000000000,0.000000008876
0.773437500000,0.773437500000,0.000000008960
0.773437500000,0.796875000000,0.000000009039
0.773437500000,0.820312500000,0.000000009111
0.773437500000,0.843750000000,0.000000009175
0.773437500000,0.867187500000,0.000000009233
0.773437500000,0.890625000000,0.000000009284
0.773437500000,0.914062500000,0.000000009330
0.773437500000,0.937500000000,0.000000009369
0.773437500000,0.960937500000,0.000000009401
0.773437500000,0.984375000000,0.000000009427
0.773437500000,1.007812500000,0.000000009445
0.773437500000,1.031250000000,0.000000009459
0.773437500000,1.054687500000,0.000000009465
0.773437500000,1.078125000000,0.000000009468
0.773437500000,1.101562500000,0.000000009462
0.773437500000,1.125000000000,0.000000009451
0.773437500000,1.148437500000,0.000000009435
0.773437500000,1.171875000000,0.000000009410
0.773437500000,1.195312500000,0.000000009384
0.773437500000,1.218750000000,0.000000009349
0.773437500000,1.242187500000,0.000000009308
0.773437500000,1.265625000000,0.000000009266
0.773437500000,1.289062500000,0.000000009213
0.773437500000,1.312500000000,0.000000009157
0.773437500000,1.335937500000,0.000000009098
0.773437500000,1.359375000000,0.000000009031
0.773437500000,1.382812500000,0.000000008962
0.773437500000,1.406250000000,0.000000008887
0.773437500000,1.429687500000,0.000000008802
0.773437500000,1.453125000000,0.000000008719
0.773437500000,1.476562500000,0.000000008631
0.773437500000,1.500000000000,0.000000008539
0.773437500000,1.523437500000,0.000000008437
0.773437500000,1.546875000000,0.000000008338
0.773437500000,1.570312500000,0.000000008230
0.773437500000,1.593750000000,0.000000008121
0.773437500000,1.617187500000,0.000000008009
0.773437500000,1.640625000000,0.000000007889
0.773437500000,1.664062500000,0.000000007765
0.773437500000,1.687500000000,0.000000007641
0.773437500000,1.710937500000,0.000000007512
0.773437500000,1.734375000000,0.000000007383
0.773437500000,1.757812500000,0.000000007249
0.773437500000,1.781250000000,0.000000007109
0.773437500000,1.804687500000,0.000000006970
0.773437500000,1.828125000000,0.000000006826
0.773437500000,1.851562500000,0.000000006681
0.773437500000,1.875000000000,0.000000006533
0.773437500000,1.898437500000,0.000000006382
0.773437500000,1.921875000000,0.000000006230
0.773437500000,1.945312500000,0.000000006074
0.773437500000,1.968750000000,0.000000005917
0.773437500000,1.992187500000,0.000000005759
0.773437500000,2.015625000000,0.000000005598
0.773437500000,2.039062500000,0.000000005436
0.773437500000,2.062500000000,0.000000005272
0.773437500000,2.085937500000,0.000000005108
0.773437500000,2.109375000000,0.000000004938
0.773437500000,2.132812500000,0.000000004775
0.773437500000,2.156250000000,0.000000004605
0.773437500000,2.179687500000,0.000000004434
0.773437500000,2.203125000000,0.000000004265
0.773437500000,2.226562500000,0.000000004095
0.773437500000,2.250000000000,0.000000003924
0.773437500000,2.273437500000,0.000000003751
0.773437500000,2.296875000000,0.000000003578
0.773437500000,2.320312500000,0.000000003408
0.773437500000,2.343750000000,0.000000003236
0.773437500000,2.367187500000,0.000000003063
0.773437500000,2.390625000000,0.000000002891
0.773437500000,2.414062500000,0.000000002719
0.773437500000,2.437500000000,0.000000002548
0.773437500000,2.460937500000,0.000000002375
0.773437500000,2.484375000000,0.000000002204
0.773437500000,2.507812500000,0.000000002036
0.773437500000,2.531250000000,0.000000001867
0.773437500000,2.554687500000,0.000000001699
0.773437500000,2.578125000000,0.000000001528
0.773437500000,2.601562500000,0.000000001365
0.773437500000,2.625000000000,0.000000001198
0.773437500000,2.648437500000,0.000000001034
0.773437500000,2.671875000000,0.000000000874
0.773437500000,2.695312500000,0.000000000712
0.773437500000,2.718750000000,0.000000000554
0.773437500000,2.742187500000,0.000000000395
0.773437500000,2.765625000000,0.000000000239
0.773437500000,2.789062500000,0.000000000081
0.773437500000,2.812500000000,-0.000000000071
0.773437500000,2.835937500000,-0.000000000220
0.773437500000,2.859375000000,-0.000000000371
0.773437500000,2.882812500000,-0.000000000517
0.773437500000,2.906250000000,-0.000000000663
0.773437500000,2.929687500000,-0.000000000804
0.773437500000,2.953125000000,-0.000000000945
0.773437500000,2.976562500000,-0.000000001084
0.773437500000,3.000000000000,0.000000000000
0.796875000000,0.000000000000,0.000000000000
0.796875000000,0.023437500000,0.000000002990
0.796875000000,0.046875000000,0.000000003277
0.796875000000,0.070312500000,0.000000003558
0.796875000000,0.093750000000,0.000000003833
0.796875000000,0.117187500000,0.000000004105
0.796875000000,0.140625000000,0.000000004366
0.796875000000,0.164062500000,0.000000004626
0.796875000000,0.187500000000,0.000000004876
0.796875000000,0.210937500000,0.000000005123
0.796875000000,0.234375000000,0.000000005361
0.796875000000,0.257812500000,0.000000005597
0.796875000000,0.281250000000,0.000000005824
0.796875000000,0.304687500000,0.000000006043
0.796875000000,0.328125000000,0.000000006258
0.796875000000,0.351562500000,0.000000006466
0.796875000000,0.375000000000,0.000000006664
0.796875000000,0.398437500000,0.000000006858
0.796875000000,0.421875000000,0.000000007049
0.796875000000,0.445312500000,0.000000007227
0.796875000000,0.468750000000,0.000000007402
0.796875000000,0.492187500000,0.000000007569
0.796875000000,0.515625000000,0.000000007728
0.796875000000,0.539062500000,0.000000007881
0.796875000000,0.562500000000,0.000000008031
0.796875000000,0.585937500000,0.000000008168
0.796875000000,0.609375000000,0.000000008302
0.796875000000,0.632812500000,0.000000008426
0.796875000000,0.656250000000,0.000000008548
0.796875000000,0.679687500000,0.000000008661
0.796875000000,0.703125000000,0.000000008764
0.796875000000,0.726562500000,0.000000008862
0.796875000000,0.750000000000,0.000000008954
0.796875000000,0.773437500000,0.000000009039
0.796875000000,0.796875000000,0.000000009117
0.796875000000,0.820312500000,0.000000009188
0.796875000000,0.843750000000,0.000000009254
0.796875000000,0.867187500000,0.000000009312
0.796875000000,0.890625000000,0.000000009363
0.796875000000,0.914062500000,0.000000009407
0.796875000000,0.937500000000,0.000000009445
0.796875000000,0.960937500000,0.000000009479
0.796875000000,0.984375000000,0.000000009503
0.796875000000,1.007812500000,0.000000009523
0.796875000000,1.031250000000,0.000000009535
0.796875000000,1.054687500000,0.000000009542
0.796875000000,1.078125000000,0.000000009543
0.796875000000,1.101562500000,0.000000009536
0.796875000000,1.125000000000,0.000000009526
0.796875000000,1.148437500000,0.000000009507
0.796875000000,1.171875000000,0.000000009483
0.796875000000,1.195312500000,0.000000009455
0.796875000000,1.218750000000,0.000000009420
0.796875000000,1.242187500000,0.000000009379
0.796875000000,1.265625000000,0.000000009335
0.796875000000,1.289062500000,0.000000009283
0.796875000000,1.312500000000,0.000000009228
0.796875000000,1.335937500000,0.000000009166
0.796875000000,1.359375000000,0.000000009097
0.796875000000,1.382812500000,0.000000009028
0.796875000000,1.406250000000,0.000000008949
0.796875000000,1.429687500000,0.000000008870
0.796875000000,1.453125000000,0.000000008784
0.796875000000,1.476562500000,0.000000008693
0.796875000000,1.500000000000,0.000000008595
0.796875000000,1.523437500000,0.000000008497
0.796875000000,1.546875000000,0.000000008395
0.796875000000,1.570312500000,0.000000008288
0.796875000000,1.593750000000,0.000000008175
0.796875000000,1.617187500000,0.000000008061
0.796875000000,1.640625000000,0.000000007943
0.796875000000,1.664062500000,0.000000007819
0.796875000000,1.687500000000,0.000000007693
0.796875000000,1.710937500000,0.000000007563
0.796875000000,1.734375000000,0.000000007430
0.796875000000,1.757812500000,0.000000007295
0.796875000000,1.781250000000,0.000000007157
0.796875000000,1.804687500000,0.000000007013
0.796875000000,1.828125000000,0.000000006870
0.796875000000,1.851562500000,0.000000006722
0.796875000000,1.875000000000,0.000000006573
0.796875000000,1.898437500000,0.000000006420
0.796875000000,1.921875000000,0.000000006268
0.796875000000,1.945312500000,0.000000006110
0.796875000000,1.968750000000,0.000000005953
0.796875000000,1.992187500000,0.000000005791
0.796875000000,2.015625000000,0.000000005630
0.796875000000,2.039062500000,0.000000005466
0.796875000000,2.062500000000,0.000000005301
0.796875000000,2.085937500000,0.000000005133
0.796875000000,2.109375000000,0.000000004968
0.796875000000,2.132812500000,0.000000004798
0.796875000000,2.156250000000,0.000000004629
0.796875000000,2.179687500000,0.000000004456
0.796875000000,2.203125000000,0.000000004285
0.796875000000,2.226562500000,0.000000004115
0.796875000000,2.250000000000,0.000000003939
0.796875000000,2.273437500000,0.000000003768
0.796875000000,2.296875000000,0.000000003595
0.796875000000,2.320312500000,0.000000003421
0.796875000000,2.343750000000,0.000000003248
0.796875000000,2.367187500000,0.000000003074
0.796875000000,2.390625000000,0.000000002899
0.796875000000,2.414062500000,0.000000002726
0.796875000000,2.437500000000,0.000000002554
0.796875000000,2.460937500000,0.000000002382
0.796875000000,2.484375000000,0.000000002210
0.796875000000,2.507812500000,0.000000002038
0.796875000000,2.531250000000,0.000000001869
0.796875000000,2.554687500000,0.000000001701
0.796875000000,2.578125000000,0.000000001527
0.796875000000,2.601562500000,0.000000001363
0.796875000000,2.625000000000,0.000000001196
0.796875000000,2.648437500000,0.000000001030
0.796875000000,2.671875000000,0.000000000865
0.796875000000,2.695312500000,0.000000000705
0.796875000000,2.718750000000,0.000000000544
0.796875000000,2.742187500000,0.000000000384
0.796875000000,2.765625000000,0.000000000227
0.796875000000,2.789062500000,0.000000000072
0.796875000000,2.812500000000,-0.000000000083
0.796875000000,2.835937500000,-0.000000000235
0.796875000000,2.859375000000,-0.000000000385
0.796875000000,2.882812500000,-0.000000000533
0.796875000000,2.906250000000,-0.000000000680
0.796875000000,2.929687500000,-0.000000000822
0.796875000000,2.953125000000,-0.000000000964
0.796875000000,2.976562500000,-0.000000001104
0.796875000000,3.000000000000,0.000000000000
0.820312500000,0.000000000000,0.000000000000
0.820312500000,0.023437500000,0.000000003034
0.820312500000,0.046875000000,0.000000003322
0.820312500000,0.070312500000,0.000000003606
0.820312500000,0.093750000000,0.000000003881
0.820312500000,0.117187500000,0.000000004155
0.820312500000,0.140625000000,0.000000004419
0.820312500000,0.164062500000,0.000000004677
0.820312500000,0.187500000000,0.000000004932
0.820312500000,0.210937500000,0.000000005178
0.820312500000,0.234375000000,0.000000005420
0.820312500000,0.257812500000,0.000000005655
0.820312500000,0.281250000000,0.000000005883
0.820312500000,0.304687500000,0.000000006103
0.820312500000,0.328125000000,0.000000006318
0.820312500000,0.351562500000,0.000000006527
0.820312500000,0.375000000000,0.000000006729
0.820312500000,0.398437500000,0.000000006923
0.820312500000,0.421875000000,0.000000007111
0.820312500000,0.445312500000,0.000000007295
0.820312500000,0.468750000000,0.000000007468
0.820312500000,0.492187500000,0.000000007637
0.820312500000,0.515625000000,0.000000007793
0.820312500000,0.539062500000,0.000000007952
0.820312500000,0.562500000000,0.000000008098
0.820312500000,0.585937500000,0.000000008239
0.820312500000,0.609375000000,0.000000008371
0.820312500000,0.632812500000,0.000000008496
0.820312500000,0.656250000000,0.000000008616
0.820312500000,0.679687500000,0.000000008728
0.820312500000,0.703125000000,0.000000008836
0.820312500000,0.726562500000,0.000000008934
0.820312500000,0.750000000000,0.000000009024
0.820312500000,0.773437500000,0.000000009112
0.820312500000,0.796875000000,0.000000009188
0.820312500000,0.820312500000,0.000000009259
0.820312500000,0.843750000000,0.000000009325
0.820312500000,0.867187500000,0.000000009382
0.820312500000,0.890625000000,0.000000009434
0.820312500000,0.914062500000,0.000000009479
0.820312500000,0.937500000000,0.000000009516
0.820312500000,0.960937500000,0.000000009549
0.820312500000,0.984375000000,0.000000009573
0.820312500000,1.007812500000,0.000000009592
0.820312500000,1.031250000000,0.000000009605
0.820312500000,1.054687500000,0.000000009610
0.820312500000,1.078125000000,0.000000009612
0.820312500000,1.101562500000,0.000000009604
0.820312500000,1.125000000000,0.000000009594
0.820312500000,1.148437500000,0.000000009574
0.820312500000,1.171875000000,0.000000009550
0.820312500000,1.195312500000,0.000000009521
0.820312500000,1.218750000000,0.000000009484
0.820312500000,1.242187500000,0.000000009445
0.820312500000,1.265625000000,0.000000009400
0.820312500000,1.289062500000,0.000000009344
0.820312500000,1.312500000000,0.000000009287
0.820312500000,1.335937500000,0.000000009226
0.820312500000,1.359375000000,0.000000009159
0.820312500000,1.382812500000,0.000000009087
0.820312500000,1.406250000000,0.000000009009
0.820312500000,1.429687500000,0.000000008927
0.820312500000,1.453125000000,0.000000008839
0.820312500000,1.476562500000,0.000000008749
0.820312500000,1.500000000000,0.000000008652
0.820312500000,1.523437500000,0.000000008552
0.820312500000,1.546875000000,0.000000008445
0.820312500000,1.570312500000,0.000000008337
0.820312500000,1.593750000000,0.000000008226
0.820312500000,1.617187500000,0.000000008108
0.820312500000,1.640625000000,0.000000007990
0.820312500000,1.664062500000,0.000000007865
0.820312500000,1.687500000000,0.000000007739
0.820312500000,1.710937500000,0.000000007607
0.820312500000,1.734375000000,0.000000007474
0.820312500000,1.757812500000,0.000000007337
0.820312500000,1.781250000000,0.000000007196
0.820312500000,1.804687500000,0.000000007054
0.820312500000,1.828125000000,0.000000006908
0.820312500000,1.851562500000,0.000000006759
0.820312500000,1.875000000000,0.000000006608
0.820312500000,1.898437500000,0.000000006454
0.820312500000,1.921875000000,0.000000006299
0.820312500000,1.945312500000,0.000000006141
0.820312500000,1.968750000000,0.000000005982
0.820312500000,1.992187500000,0.000000005821
0.820312500000,2.015625000000,0.000000005657
0.820312500000,2.039062500000,0.000000005493
0.820312500000,2.062500000000,0.000000005325
0.820312500000,2.085937500000,0.000000005158
0.820312500000,2.109375000000,0.000000004990
0.820312500000,2.132812500000,0.000000004818
0.820312500000,2.156250000000,0.000000004649
0.820312500000,2.179687500000,0.000000004475
0.820312500000,2.203125000000,0.000000004304
0.820312500000,2.226562500000,0.000000004129
0.820312500000,2.250000000000,0.000000003956
0.820312500000,2.273437500000,0.000000003781
0.820312500000,2.296875000000,0.000000003607
0.820312500000,2.320312500000,0.000000003431
0.820312500000,2.343750000000,0.000000003258
0.820312500000,2.367187500000,0.000000003082
0.820312500000,2.390625000000,0.000000002907
0.820312500000,2.414062500000,0.000000002731
0.820312500000,2.437500000000,0.000000002558
0.820312500000,2.460937500000,0.000000002385
0.820312500000,2.484375000000,0.000000002211
0.820312500000,2.507812500000,0.000000002040
0.820312500000,2.531250000000,0.000000001866
0.820312500000,2.554687500000,0.000000001698
0.820312500000,2.578125000000,0.000000001527
0.820312500000,2.601562500000,0.000000001360
0.820312500000,2.625000000000,0.000000001193
0.820312500000,2.648437500000,0.000000001027
0.820312500000,2.671875000000,0.000000000860
0.820312500000,2.695312500000,0.000000000697
0.820312500000,2.718750000000,0.000000000534
0.820312500000,2.742187500000,0.000000000376
0.820312500000,2.765625000000,0.000000000216
0.820312500000,2.789062500000,0.000000000060
0.820312500000,2.812500000000,-0.000000000096
0.820312500000,2.835937500000,-0.000000000249
0.820312500000,2.859375000000,-0.000000000400
0.820312500000,2.882812500000,-0.000000000548
0.820312500000,2.906250000000,-0.000000000694
0.820312500000,2.929687500000,-0.000000000840
0.820312500000,2.953125000000,-0.000000000982
0.820312500000,2.976562500000,-0.000000001122
0.820312500000,3.000000000000,0.000000000000
0.843750000000,0.000000000000,0.000000000000
0.843750000000,0.023437500000,0.000000003076
0.843750000000,0.046875000000,0.000000003366
0.843750000000,0.070312500000,0.000000003650
0.843750000000,0.093750000000,0.000000003928
0.843750000000,0.117187500000,0.000000004202
0.843750000000,0.140625000000,0.000000004468
0.843750000000,0.164062500000,0.000000004727
0.843750000000,0.187500000000,0.000000004983
0.843750000000,0.210937500000,0.000000005231
0.843750000000,0.234375000000,0.000000005473
0.843750000000,0.257812500000,0.000000005707
0.843750000000,0.281250000000,0.000000005939
0.843750000000,0.304687500000,0.000000006159
0.843750000000,0.328125000000,0.000000006374
0.843750000000,0.351562500000,0.000000006584
0.843750000000,0.375000000000,0.000000006788
0.843750000000,0.398437500000,0.000000006983
0.843750000000,0.421875000000,0.000000007170
0.843750000000,0.445312500000,0.000000007355
0.843750000000,0.468750000000,0.000000007528
0.843750000000,0.492187500000,0.000000007699
0.843750000000,0.515625000000,0.000000007859
0.843750000000,0.539062500000,0.000000008013
0.843750000000,0.562500000000,0.000000008161
0.843750000000,0.585937500000,0.000000008301
0.843750000000,0.609375000000,0.000000008436
0.843750000000,0.632812500000,0.000000008562
0.843750000000,0.656250000000,0.000000008681
0.843750000000,0.679687500000,0.000000008794
0.843750000000,0.703125000000,0.000000008899
0.843750000000,0.726562500000,0.000000009000
0.843750000000,0.750000000000,0.000000009091
0.843750000000,0.773437500000,0.000000009174
0.843750000000,0.796875000000,0.000000009254
0.843750000000,0.820312500000,0.000000009326
0.843750000000,0.843750000000,0.000000009389
0.843750000000,0.867187500000,0.000000009447
0.843750000000,0.890625000000,0.000000009498
0.843750000000,0.914062500000,0.000000009542
0.843750000000,0.937500000000,0.000000009580
0.843750000000,0.960937500000,0.000000009611
0.843750000000,0.984375000000,0.000000009636
0.843750000000,1.007812500000,0.000000009655
0.843750000000,1.031250000000,0.000000009667
0.843750000000,1.054687500000,0.000000009673
0.843750000000,1.078125000000,0.000000009672
0.843750000000,1.101562500000,0.000000009666
0.843750000000,1.125000000000,0.000000009653
0.843750000000,1.148437500000,0.000000009634
0.843750000000,1.171875000000,0.000000009609
0.843750000000,1.195312500000,0.000000009581
0.843750000000,1.218750000000,0.000000009544
0.843750000000,1.242187500000,0.000000009501
0.843750000000,1.265625000000,0.000000009454
0.843750000000,1.289062500000,0.000000009402
0.843750000000,1.312500000000,0.000000009344
0.843750000000,1.335937500000,0.000000009280
0.843750000000,1.359375000000,0.000000009212
0.843750000000,1.382812500000,0.000000009138
0.843750000000,1.406250000000,0.000000009058
0.843750000000,1.429687500000,0.000000008978
0.843750000000,1.453125000000,0.000000008891
0.843750000000,1.476562500000,0.000000008797
0.843750000000,1.500000000000,0.000000008699
0.843750000000,1.523437500000,0.000000008600
0.843750000000,1.546875000000,0.000000008493
0.843750000000,1.570312500000,0.000000008383
0.843750000000,1.593750000000,0.000000008270
0.843750000000,1.617187500000,0.000000008153
0.843750000000,1.640625000000,0.000000008030
0.843750000000,1.664062500000,0.000000007907
0.843750000000,1.687500000000,0.000000007777
0.843750000000,1.710937500000,0.000000007646
0.843750000000,1.734375000000,0.000000007511
0.843750000000,1.757812500000,0.000000007371
0.843750000000,1.781250000000,0.000000007231
0.843750000000,1.804687500000,0.000000007087
0.843750000000,1.828125000000,0.000000006941
0.843750000000,1.851562500000,0.000000006791
0.843750000000,1.875000000000,0.000000006639
0.843750000000,1.898437500000,0.000000006485
0.843750000000,1.921875000000,0.000000006327
0.843750000000,1.945312500000,0.000000006169
0.843750000000,1.968750000000,0.000000006008
0.843750000000,1.992187500000,0.000000005846
0.843750000000,2.015625000000,0.000000005681
0.843750000000,2.039062500000,0.000000005516
0.843750000000,2.062500000000,0.000000005346
0.843750000000,2.085937500000,0.000000005179
0.843750000000,2.109375000000,0.000000005009
0.843750000000,2.132812500000,0.000000004837
0.843750000000,2.156250000000,0.000000004665
0.843750000000,2.179687500000,0.000000004491
0.843750000000,2.203125000000,0.000000004318
0.843750000000,2.226562500000,0.000000004143
0.843750000000,2.250000000000,0.000000003968
0.843750000000,2.273437500000,0.000000003793
0.843750000000,2.296875000000,0.000000003617
0.843750000000,2.320312500000,0.000000003439
0.843750000000,2.343750000000,0.000000003265
0.843750000000,2.367187500000,0.000000003088
0.843750000000,2.390625000000,0.000000002915
0.843750000000,2.414062500000,0.000000002736
0.843750000000,2.437500000000,0.000000002560
0.843750000000,2.460937500000,0.000000002389
0.843750000000,2.484375000000,0.000000002213
0.843750000000,2.507812500000,0.000000002039
0.843750000000,2.531250000000,0.000000001866
0.843750000000,2.554687500000,0.000000001695
0.843750000000,2.578125000000,0.000000001524
0.843750000000,2.601562500000,0.000000001355
0.843750000000,2.625000000000,0.000000001186
0.843750000000,2.648437500000,0.000000001020
0.843750000000,2.671875000000,0.000000000854
0.843750000000,2.695312500000,0.000000000688
0.843750000000,2.718750000000,0.000000000526
0.843750000000,2.742187500000,0.000000000364
0.843750000000,2.765625000000,0.000000000207
0.843750000000,2.789062500000,0.000000000049
0.843750000000,2.812500000000,-0.000000000107
0.843750000000,2.835937500000,-0.000000000262
0.843750000000,2.859375000000,-0.000000000413
0.843750000000,2.882812500000,-0.000000000563
0.843750000000,2.906250000000,-0.000000000711
0.843750000000,2.929687500000,-0.000000000856
0.843750000000,2.953125000000,-0.000000001000
0.843750000000,2.976562500000,-0.000000001140
0.843750000000,3.000000000000,0.000000000000
0.867187500000,0.000000000000,0.000000000000
0.867187500000,0.023437500000,0.000000003115
0.867187500000,0.046875000000,0.000000003407
0.867187500000,0.070312500000,0.000000003692
0.867187500000,0.093750000000,0.000000003971
0.867187500000,0.117187500000,0.000000004245
0.867187500000,0.140625000000,0.000000004513
0.867187500000,0.164062500000,0.000000004774
0.867187500000,0.187500000000,0.000000005029
0.867187500000,0.210937500000,0.000000005279
0.867187500000,0.234375000000,0.000000005521
0.867187500000,0.257812500000,0.000000005758
0.867187500000,0.281250000000,0.000000005988
0.867187500000,0.304687500000,0.000000006211
0.867187500000,0.328125000000,0.000000006427
0.867187500000,0.351562500000,0.000000006637
0.867187500000,0.375000000000,0.000000006843
0.867187500000,0.398437500000,0.000000007037
0.867187500000,0.421875000000,0.000000007225
0.867187500000,0.445312500000,0.000000007410
0.867187500000,0.468750000000,0.000000007585
0.867187500000,0.492187500000,0.000000007754
0.867187500000,0.515625000000,0.000000007914
0.867187500000,0.539062500000,0.000000008071
0.867187500000,0.562500000000,0.000000008217
0.867187500000,0.585937500000,0.000000008357
0.867187500000,0.609375000000,0.000000008493
0.867187500000,0.632812500000,0.000000008619
0.867187500000,0.656250000000,0.000000008740
0.867187500000,0.679687500000,0.000000008851
0.867187500000,0.703125000000,0.000000008958
0.867187500000,0.726562500000,0.000000009055
0.867187500000,0.750000000000,0.000000009148
0.867187500000,0.773437500000,0.000000009234
0.867187500000,0.796875000000,0.000000009311
0.867187500000,0.820312500000,0.000000009383
0.867187500000,0.843750000000,0.000000009448
0.867187500000,0.867187500000,0.000000009504
0.867187500000,0.890625000000,0.000000009557
0.867187500000,0.914062500000,0.000000009600
0.867187500000,0.937500000000,0.000000009638
0.867187500000,0.960937500000,0.000000009668
0.867187500000,0.984375000000,0.000000009693
0.867187500000,1.007812500000,0.000000009710
0.867187500000,1.031250000000,0.000000009723
0.867187500000,1.054687500000,0.000000009727
0.867187500000,1.078125000000,0.000000009727
0.867187500000,1.101562500000,0.000000009720
0.867187500000,1.125000000000,0.000000009706
0.867187500000,1.148437500000,0.000000009688
0.867187500000,1.171875000000,0.000000009662
0.867187500000,1.195312500000,0.000000009631
0.867187500000,1.218750000000,0.000000009595
0.867187500000,1.242187500000,0.000000009551
0.867187500000,1.265625000000,0.000000009504
0.867187500000,1.289062500000,0.000000009450
0.867187500000,1.312500000000,0.000000009393
0.867187500000,1.335937500000,0.000000009328
0.867187500000,1.359375000000,0.000000009259
0.867187500000,1.382812500000,0.000000009186
0.867187500000,1.406250000000,0.000000009105
0.867187500000,1.429687500000,0.000000009023
0.867187500000,1.453125000000,0.000000008933
0.867187500000,1.476562500000,0.000000008839
0.867187500000,1.500000000000,0.000000008742
0.867187500000,1.523437500000,0.000000008641
0.867187500000,1.546875000000,0.000000008532
0.867187500000,1.570312500000,0.000000008422
0.867187500000,1.593750000000,0.000000008309
0.867187500000,1.617187500000,0.000000008190
0.867187500000,1.640625000000,0.000000008067
0.867187500000,1.664062500000,0.000000007941
0.867187500000,1.687500000000,0.000000007812
0.867187500000,1.710937500000,0.000000007680
0.867187500000,1.734375000000,0.000000007543
0.867187500000,1.757812500000,0.000000007405
0.867187500000,1.781250000000,0.000000007261
0.867187500000,1.804687500000,0.000000007116
0.867187500000,1.828125000000,0.000000006968
0.867187500000,1.851562500000,0.000000006818
0.867187500000,1.875000000000,0.000000006665
0.867187500000,1.898437500000,0.000000006509
0.867187500000,1.921875000000,0.000000006352
0.867187500000,1.945312500000,0.000000006192
0.867187500000,1.968750000000,0.000000006030
0.867187500000,1.992187500000,0.000000005867
0.867187500000,2.015625000000,0.000000005701
0.867187500000,2.039062500000,0.000000005535
0.867187500000,2.062500000000,0.000000005365
0.867187500000,2.085937500000,0.000000005196
0.867187500000,2.109375000000,0.000000005024
0.867187500000,2.132812500000,0.000000004852
0.867187500000,2.156250000000,0.000000004679
0.867187500000,2.179687500000,0.000000004504
0.867187500000,2.203125000000,0.000000004328
0.867187500000,2.226562500000,0.000000004154
0.867187500000,2.250000000000,0.000000003977
0.867187500000,2.273437500000,0.000000003799
0.867187500000,2.296875000000,0.000000003624
0.867187500000,2.320312500000,0.000000003446
0.867187500000,2.343750000000,0.000000003271
0.867187500000,2.367187500000,0.000000003092
0.867187500000,2.390625000000,0.000000002914
0.867187500000,2.414062500000,0.000000002741
0.867187500000,2.437500000000,0.000000002563
0.867187500000,2.460937500000,0.000000002388
0.867187500000,2.484375000000,0.000000002213
0.867187500000,2.507812500000,0.000000002037
0.867187500000,2.531250000000,0.000000001866
0.867187500000,2.554687500000,0.000000001693
0.867187500000,2.578125000000,0.000000001520
0.867187500000,2.601562500000,0.000000001349
0.867187500000,2.625000000000,0.000000001180
0.867187500000,2.648437500000,0.000000001012
0.867187500000,2.671875000000,0.000000000847
0.867187500000,2.695312500000,0.000000000681
0.867187500000,2.718750000000,0.000000000517
0.867187500000,2.742187500000,0.000000000355
0.867187500000,2.765625000000,0.000000000195
0.867187500000,2.789062500000,0.000000000037
0.867187500000,2.812500000000,-0.000000000119
0.867187500000,2.835937500000,-0.000000000275
0.867187500000,2.859375000000,-0.000000000427
0.867187500000,2.882812500000,-0.000000000578
0.867187500000,2.906250000000,-0.000000000725
0.867187500000,2.929687500000,-0.000000000872
0.867187500000,2.953125000000,-0.000000001015
0.867187500000,2.976562500000,-0.000000001156
0.867187500000,3.000000000000,0.000000000000
0.890625000000,0.000000000000,0.000000000000
0.890625000000,0.023437500000,0.000000003151
0.890625000000,0.046875000000,0.000000003444
0.890625000000,0.070312500000,0.000000003730
0.890625000000,0.093750000000,0.000000004011
0.890625000000,0.117187500000,0.000000004285
0.890625000000,0.140625000000,0.000000004554
0.890625000000,0.164062500000,0.000000004816
0.890625000000,0.187500000000,0.000000005073
0.890625000000,0.210937500000,0.000000005323
0.890625000000,0.234375000000,0.000000005566
0.890625000000,0.257812500000,0.000000005803
0.890625000000,0.281250000000,0.000000006034
0.890625000000,0.304687500000,0.000000006257
0.890625000000,0.328125000000,0.000000006476
0.890625000000,0.351562500000,0.000000006683
0.890625000000,0.375000000000,0.000000006888
0.890625000000,0.398437500000,0.000000007087
0.890625000000,0.421875000000,0.000000007275
0.890625000000,0.445312500000,0.000000007458
0.890625000000,0.468750000000,0.000000007635
0.890625000000,0.492187500000,0.000000007805
0.890625000000,0.515625000000,0.000000007965
0.890625000000,0.539062500000,0.000000008121
0.890625000000,0.562500000000,0.000000008269
0.890625000000,0.585937500000,0.000000008409
0.890625000000,0.609375000000,0.000000008544
0.890625000000,0.632812500000,0.000000008671
0.890625000000,0.656250000000,0.000000008789
0.890625000000,0.679687500000,0.000000008904
0.890625000000,0.703125000000,0.000000009009
0.890625000000,0.726562500000,0.000000009108
0.890625000000,0.750000000000,0.000000009201
0.890625000000,0.773437500000,0.000000009285
0.890625000000,0.796875000000,0.000000009363
0.890625000000,0.820312500000,0.000000009434
0.890625000000,0.843750000000,0.000000009498
0.890625000000,0.867187500000,0.000000009556
0.890625000000,0.890625000000,0.000000009606
0.890625000000,0.914062500000,0.000000009650
0.890625000000,0.937500000000,0.000000009687
0.890625000000,0.960937500000,0.000000009717
0.890625000000,0.984375000000,0.000000009742
0.890625000000,1.007812500000,0.000000009760
0.890625000000,1.031250000000,0.000000009771
0.890625000000,1.054687500000,0.000000009776
0.890625000000,1.078125000000,0.000000009774
0.890625000000,1.101562500000,0.000000009767
0.890625000000,1.125000000000,0.000000009753
0.890625000000,1.148437500000,0.000000009734
0.890625000000,1.171875000000,0.000000009708
0.890625000000,1.195312500000,0.000000009675
0.890625000000,1.218750000000,0.000000009640
0.890625000000,1.242187500000,0.000000009596
0.890625000000,1.265625000000,0.000000009548
0.890625000000,1.289062500000,0.000000009492
0.890625000000,1.312500000000,0.000000009434
0.890625000000,1.335937500000,0.000000009369
0.890625000000,1.359375000000,0.000000009300
0.890625000000,1.382812500000,0.000000009224
0.890625000000,1.406250000000,0.000000009145
0.890625000000,1.429687500000,0.000000009060
0.890625000000,1.453125000000,0.000000008970
0.890625000000,1.476562500000,0.000000008878
0.890625000000,1.500000000000,0.000000008777
0.890625000000,1.523437500000,0.000000008676
0.890625000000,1.546875000000,0.000000008567
0.890625000000,1.570312500000,0.000000008456
0.890625000000,1.593750000000,0.000000008341
0.890625000000,1.617187500000,0.000000008221
0.890625000000,1.640625000000,0.000000008097
0.890625000000,1.664062500000,0.000000007972
0.890625000000,1.687500000000,0.000000007840
0.890625000000,1.710937500000,0.000000007708
0.890625000000,1.734375000000,0.000000007571
0.890625000000,1.757812500000,0.000000007431
0.890625000000,1.781250000000,0.000000007287
0.890625000000,1.804687500000,0.000000007141
0.890625000000,1.828125000000,0.000000006993
0.890625000000,1.851562500000,0.000000006841
0.890625000000,1.875000000000,0.000000006687
0.890625000000,1.898437500000,0.000000006531
0.890625000000,1.921875000000,0.000000006372
0.890625000000,1.945312500000,0.000000006211
0.890625000000,1.968750000000,0.000000006047
0.890625000000,1.992187500000,0.000000005883
0.890625000000,2.015625000000,0.000000005717
0.890625000000,2.039062500000,0.000000005549
0.890625000000,2.062500000000,0.000000005379
0.890625000000,2.085937500000,0.000000005208
0.890625000000,2.109375000000,0.000000005037
0.890625000000,2.132812500000,0.000000004863
0.890625000000,2.156250000000,0.000000004688
0.890625000000,2.179687500000,0.000000004514
0.890625000000,2.203125000000,0.000000004338
0.890625000000,2.226562500000,0.000000004161
0.890625000000,2.250000000000,0.000000003985
0.890625000000,2.273437500000,0.000000003804
0.890625000000,2.296875000000,0.000000003631
0.890625000000,2.320312500000,0.000000003450
0.890625000000,2.343750000000,0.000000003273
0.890625000000,2.367187500000,0.000000003095
0.890625000000,2.390625000000,0.000000002917
0.890625000000,2.414062500000,0.000000002739
0.890625000000,2.437500000000,0.000000002563
0.890625000000,2.460937500000,0.000000002387
0.890625000000,2.484375000000,0.000000002211
0.890625000000,2.507812500000,0.000000002036
0.890625000000,2.531250000000,0.000000001862
0.890625000000,2.554687500000,0.000000001687
0.890625000000,2.578125000000,0.000000001515
0.890625000000,2.601562500000,0.000000001345
0.890625000000,2.625000000000,0.000000001174
0.890625000000,2.648437500000,0.000000001004
0.890625000000,2.671875000000,0.000000000839
0.890625000000,2.695312500000,0.000000000672
0.890625000000,2.718750000000,0.000000000508
0.890625000000,2.742187500000,0.000000000345
0.890625000000,2.765625000000,0.000000000183
0.890625000000,2.789062500000,0.000000000024
0.890625000000,2.812500000000,-0.000000000132
0.890625000000,2.835937500000,-0.000000000287
0.890625000000,2.859375000000,-0.000000000441
0.890625000000,2.882812500000,-0.000000000591
0.890625000000,2.906250000000,-0.000000000740
0.890625000000,2.929687500000,-0.000000000887
0.890625000000,2.953125000000,-0.000000001032
0.890625000000,2.976562500000,-0.000000001173
0.890625000000,3.000000000000,0.000000000000
0.914062500000,0.000000000000,0.000000000000
0.914062500000,0.023437500000,0.000000003186
0.914062500000,0.046875000000,0.000000003479
0.914062500000,0.070312500000,0.000000003766
0.914062500000,0.093750000000,0.000000004048
0.914062500000,0.117187500000,0.000000004322
0.914062500000,0.140625000000,0.000000004592
0.914062500000,0.164062500000,0.000000004856
0.914062500000,0.187500000000,0.000000005112
0.914062500000,0.210937500000,0.000000005362
0.914062500000,0.234375000000,0.000000005607
0.914062500000,0.257812500000,0.000000005844
0.914062500000,0.281250000000,0.000000006075
0.914062500000,0.304687500000,0.000000006299
0.914062500000,0.328125000000,0.000000006518
0.914062500000,0.351562500000,0.000000006727
0.914062500000,0.375000000000,0.000000006931
0.914062500000,0.398437500000,0.000000007131
0.914062500000,0.421875000000,0.000000007317
0.914062500000,0.445312500000,0.000000007503
0.914062500000,0.468750000000,0.000000007678
0.914062500000,0.492187500000,0.000000007849
0.914062500000,0.515625000000,0.000000008012
0.914062500000,0.539062500000,0.000000008167
0.914062500000,0.562500000000,0.000000008315
0.914062500000,0.585937500000,0.000000008454
0.914062500000,0.609375000000,0.000000008589
0.914062500000,0.632812500000,0.000000008716
0.914062500000,0.656250000000,0.000000008836
0.914062500000,0.679687500000,0.000000008949
0.914062500000,0.703125000000,0.000000009055
0.914062500000,0.726562500000,0.000000009152
0.914062500000,0.750000000000,0.000000009244
0.914062500000,0.773437500000,0.000000009330
0.914062500000,0.796875000000,0.000000009407
0.914062500000,0.820312500000,0.000000009478
0.914062500000,0.843750000000,0.000000009542
0.914062500000,0.867187500000,0.000000009600
0.914062500000,0.890625000000,0.000000009650
0.914062500000,0.914062500000,0.000000009694
0.914062500000,0.937500000000,0.000000009731
0.914062500000,0.960937500000,0.000000009761
0.914062500000,0.984375000000,0.000000009785
0.914062500000,1.007812500000,0.000000009803
0.914062500000,1.031250000000,0.000000009813
0.914062500000,1.054687500000,0.000000009816
0.914062500000,1.078125000000,0.000000009816
0.914062500000,1.101562500000,0.000000009808
0.914062500000,1.125000000000,0.000000009793
0.914062500000,1.148437500000,0.000000009772
0.914062500000,1.171875000000,0.000000009748
0.914062500000,1.195312500000,0.000000009714
0.914062500000,1.218750000000,0.000000009677
0.914062500000,1.242187500000,0.000000009633
0.914062500000,1.265625000000,0.000000009584
0.914062500000,1.289062500000,0.000000009530
0.914062500000,1.312500000000,0.000000009470
0.914062500000,1.335937500000,0.000000009404
0.914062500000,1.359375000000,0.000000009333
0.914062500000,1.382812500000,0.000000009258
0.914062500000,1.406250000000,0.000000009178
0.914062500000,1.429687500000,0.000000009091
0.914062500000,1.453125000000,0.000000009002
0.914062500000,1.476562500000,0.000000008907
0.914062500000,1.500000000000,0.000000008808
0.914062500000,1.523437500000,0.000000008704
0.914062500000,1.546875000000,0.000000008596
0.914062500000,1.570312500000,0.000000008484
0.914062500000,1.593750000000,0.000000008367
0.914062500000,1.617187500000,0.000000008248
0.914062500000,1.640625000000,0.000000008124
0.914062500000,1.664062500000,0.000000007996
0.914062500000,1.687500000000,0.000000007865
0.914062500000,1.710937500000,0.000000007731
0.914062500000,1.734375000000,0.000000007593
0.914062500000,1.757812500000,0.000000007452
0.914062500000,1.781250000000,0.000000007308
0.914062500000,1.804687500000,0.000000007161
0.914062500000,1.828125000000,0.000000007011
0.914062500000,1.851562500000,0.000000006859
0.914062500000,1.875000000000,0.000000006704
0.914062500000,1.898437500000,0.000000006546
0.914062500000,1.921875000000,0.000000006387
0.914062500000,1.945312500000,0.000000006226
0.914062500000,1.968750000000,0.000000006062
0.914062500000,1.992187500000,0.000000005896
0.914062500000,2.015625000000,0.000000005729
0.914062500000,2.039062500000,0.000000005561
0.914062500000,2.062500000000,0.000000005390
0.914062500000,2.085937500000,0.000000005218
0.914062500000,2.109375000000,0.000000005045
0.914062500000,2.132812500000,0.000000004871
0.914062500000,2.156250000000,0.000000004697
0.914062500000,2.179687500000,0.000000004519
0.914062500000,2.203125000000,0.000000004343
0.914062500000,2.226562500000,0.000000004166
0.914062500000,2.250000000000,0.000000003989
0.914062500000,2.273437500000,0.000000003808
0.914062500000,2.296875000000,0.000000003632
0.914062500000,2.320312500000,0.000000003452
0.914062500000,2.343750000000,0.000000003275
0.914062500000,2.367187500000,0.000000003095
0.914062500000,2.390625000000,0.000000002917
0.914062500000,2.414062500000,0.000000002739
0.914062500000,2.437500000000,0.000000002561
0.914062500000,2.460937500000,0.000000002385
0.914062500000,2.484375000000,0.000000002207
0.914062500000,2.507812500000,0.000000002033
0.914062500000,2.531250000000,0.000000001857
0.914062500000,2.554687500000,0.000000001683
0.914062500000,2.578125000000,0.000000001509
0.914062500000,2.601562500000,0.000000001336
0.914062500000,2.625000000000,0.000000001168
0.914062500000,2.648437500000,0.000000000997
0.914062500000,2.671875000000,0.000000000830
0.914062500000,2.695312500000,0.000000000664
0.914062500000,2.718750000000,0.000000000498
0.914062500000,2.742187500000,0.000000000335
0.914062500000,2.765625000000,0.000000000174
0.914062500000,2.789062500000,0.000000000013
0.914062500000,2.812500000000,-0.000000000144
0.914062500000,2.835937500000,-0.000000000299
0.914062500000,2.859375000000,-0.000000000453
0.914062500000,2.882812500000,-0.000000000604
0.914062500000,2.906250000000,-0.000000000754
0.914062500000,2.929687500000,-0.000000000901
0.914062500000,2.953125000000,-0.000000001046
0.914062500000,2.976562500000,-0.000000001187
0.914062500000,3.000000000000,0.000000000000
0.937500000000,0.000000000000,0.000000000000
0.937500000000,0.023437500000,0.000000003218
0.937500000000,0.046875000000,0.000000003512
0.937500000000,0.070312500000,0.000000003800
0.937500000000,0.093750000000,0.000000004082
0.937500000000,0.117187500000,0.000000004357
0.937500000000,0.140625000000,0.000000004629
0.937500000000,0.164062500000,0.000000004889
0.937500000000,0.187500000000,0.000000005148
0.937500000000,0.210937500000,0.000000005400
0.937500000000,0.234375000000,0.000000005643
0.937500000000,0.257812500000,0.000000005882
0.937500000000,0.281250000000,0.000000006112
0.937500000000,0.304687500000,0.000000006336
0.937500000000,0.328125000000,0.000000006556
0.937500000000,0.351562500000,0.000000006766
0.937500000000,0.375000000000,0.000000006970
0.937500000000,0.398437500000,0.000000007168
0.937500000000,0.421875000000,0.000000007360
0.937500000000,0.445312500000,0.000000007543
0.937500000000,0.468750000000,0.000000007718
0.937500000000,0.492187500000,0.000000007889
0.937500000000,0.515625000000,0.000000008049
0.937500000000,0.539062500000,0.000000008205
0.937500000000,0.562500000000,0.000000008354
0.937500000000,0.585937500000,0.000000008495
0.937500000000,0.609375000000,0.000000008629
0.937500000000,0.632812500000,0.000000008756
0.937500000000,0.656250000000,0.000000008876
0.937500000000,0.679687500000,0.000000008988
0.937500000000,0.703125000000,0.000000009094
0.937500000000,0.726562500000,0.000000009192
0.937500000000,0.750000000000,0.000000009284
0.937500000000,0.773437500000,0.000000009369
0.937500000000,0.796875000000,0.000000009446
0.937500000000,0.820312500000,0.000000009517
0.937500000000,0.843750000000,0.000000009582
0.937500000000,0.867187500000,0.000000009637
0.937500000000,0.890625000000,0.000000009688
0.937500000000,0.914062500000,0.000000009730
0.937500000000,0.937500000000,0.000000009767
0.937500000000,0.960937500000,0.000000009798
0.937500000000,0.984375000000,0.000000009821
0.937500000000,1.007812500000,0.000000009838
0.937500000000,1.031250000000,0.000000009847
0.937500000000,1.054687500000,0.000000009853
0.937500000000,1.078125000000,0.000000009849
0.937500000000,1.101562500000,0.000000009841
0.937500000000,1.125000000000,0.000000009826
0.937500000000,1.148437500000,0.000000009806
0.937500000000,1.171875000000,0.000000009780
0.937500000000,1.195312500000,0.000000009746
0.937500000000,1.218750000000,0.000000009708
0.937500000000,1.242187500000,0.000000009663
0.937500000000,1.265625000000,0.000000009615
0.937500000000,1.289062500000,0.000000009558
0.937500000000,1.312500000000,0.000000009500
0.937500000000,1.335937500000,0.000000009432
0.937500000000,1.359375000000,0.000000009362
0.937500000000,1.382812500000,0.000000009285
0.937500000000,1.406250000000,0.000000009204
0.937500000000,1.429687500000,0.000000009117
0.937500000000,1.453125000000,0.000000009028
0.937500000000,1.476562500000,0.000000008931
0.937500000000,1.500000000000,0.000000008831
0.937500000000,1.523437500000,0.000000008728
0.937500000000,1.546875000000,0.000000008618
0.937500000000,1.570312500000,0.000000008506
0.937500000000,1.593750000000,0.000000008391
0.937500000000,1.617187500000,0.000000008268
0.937500000000,1.640625000000,0.000000008143
0.937500000000,1.664062500000,0.000000008015
0.937500000000,1.687500000000,0.000000007883
0.937500000000,1.710937500000,0.000000007748
0.937500000000,1.734375000000,0.000000007609
0.937500000000,1.757812500000,0.000000007468
0.937500000000,1.781250000000,0.000000007323
0.937500000000,1.804687500000,0.000000007176
0.937500000000,1.828125000000,0.000000007025
0.937500000000,1.851562500000,0.000000006873
0.937500000000,1.875000000000,0.000000006716
0.937500000000,1.898437500000,0.000000006558
0.937500000000,1.921875000000,0.000000006398
0.937500000000,1.945312500000,0.000000006237
0.937500000000,1.968750000000,0.000000006071
0.937500000000,1.992187500000,0.000000005906
0.937500000000,2.015625000000,0.000000005738
0.937500000000,2.039062500000,0.000000005568
0.937500000000,2.062500000000,0.000000005396
0.937500000000,2.085937500000,0.000000005224
0.937500000000,2.109375000000,0.000000005052
0.937500000000,2.132812500000,0.000000004876
0.937500000000,2.156250000000,0.000000004700
0.937500000000,2.179687500000,0.000000004524
0.937500000000,2.203125000000,0.000000004346
0.937500000000,2.226562500000,0.000000004168
0.937500000000,2.250000000000,0.000000003990
0.937500000000,2.273437500000,0.000000003810
0.937500000000,2.296875000000,0.000000003633
0.937500000000,2.320312500000,0.000000003452
0.937500000000,2.343750000000,0.000000003274
0.937500000000,2.367187500000,0.000000003094
0.937500000000,2.390625000000,0.000000002914
0.937500000000,2.414062500000,0.000000002735
0.937500000000,2.437500000000,0.000000002558
0.937500000000,2.460937500000,0.000000002380
0.937500000000,2.484375000000,0.000000002202
0.937500000000,2.507812500000,0.000000002026
0.937500000000,2.531250000000,0.000000001851
0.937500000000,2.554687500000,0.000000001676
0.937500000000,2.578125000000,0.000000001502
0.937500000000,2.601562500000,0.000000001330
0.937500000000,2.625000000000,0.000000001160
0.937500000000,2.648437500000,0.000000000989
0.937500000000,2.671875000000,0.000000000821
0.937500000000,2.695312500000,0.000000000654
0.937500000000,2.718750000000,0.000000000488
0.937500000000,2.742187500000,0.000000000325
0.937500000000,2.765625000000,0.000000000164
0.937500000000,2.789062500000,0.000000000003
0.937500000000,2.812500000000,-0.000000000155
0.937500000000,2.835937500000,-0.000000000312
0.937500000000,2.859375000000,-0.000000000466
0.937500000000,2.882812500000,-0.000000000617
0.937500000000,2.906250000000,-0.000000000767
0.937500000000,2.929687500000,-0.000000000914
0.937500000000,2.953125000000,-0.000000001058
0.937500000000,2.976562500000,-0.000000001202
0.937500000000,3.000000000000,0.000000000000
0.960937500000,0.000000000000,0.000000000000
0.960937500000,0.023437500000,0.000000003247
0.960937500000,0.046875000000,0.000000003542
0.960937500000,0.070312500000,0.000000003830
0.960937500000,0.093750000000,0.000000004113
0.960937500000,0.117187500000,0.000000004388
0.960937500000,0.140625000000,0.000000004659
0.960937500000,0.164062500000,0.000000004922
0.960937500000,0.187500000000,0.000000005180
0.960937500000,0.210937500000,0.000000005431
0.960937500000,0.234375000000,0.000000005675
0.960937500000,0.257812500000,0.000000005915
0.960937500000,0.281250000000,0.000000006145
0.960937500000,0.304687500000,0.000000006369
0.960937500000,0.328125000000,0.000000006590
0.960937500000,0.351562500000,0.000000006799
0.960937500000,0.375000000000,0.000000007003
0.960937500000,0.398437500000,0.000000007202
0.960937500000,0.421875000000,0.000000007392
0.960937500000,0.445312500000,0.000000007575
0.960937500000,0.468750000000,0.000000007752
0.960937500000,0.492187500000,0.000000007921
0.960937500000,0.515625000000,0.000000008083
0.960937500000,0.539062500000,0.000000008239
0.960937500000,0.562500000000,0.000000008388
0.960937500000,0.585937500000,0.000000008528
0.960937500000,0.609375000000,0.000000008661
0.960937500000,0.632812500000,0.000000008789
0.960937500000,0.656250000000,0.000000008908
0.960937500000,0.679687500000,0.000000009020
0.960937500000,0.703125000000,0.000000009126
0.960937500000,0.726562500000,0.000000009225
0.960937500000,0.750000000000,0.000000009316
0.960937500000,0.773437500000,0.000000009401
0.960937500000,0.796875000000,0.000000009478
0.960937500000,0.820312500000,0.000000009549
0.960937500000,0.843750000000,0.000000009611
0.960937500000,0.867187500000,0.000000009669
0.960937500000,0.890625000000,0.000000009718
0.960937500000,0.914062500000,0.000000009761
0.960937500000,0.937500000000,0.000000009798
0.960937500000,0.960937500000,0.000000009827
0.960937500000,0.984375000000,0.000000009849
0.960937500000,1.007812500000,0.000000009866
0.960937500000,1.031250000000,0.000000009877
0.960937500000,1.054687500000,0.000000009879
0.960937500000,1.078125000000,0.000000009877
0.960937500000,1.101562500000,0.000000009869
0.960937500000,1.125000000000,0.000000009853
0.960937500000,1.148437500000,0.000000009832
0.960937500000,1.171875000000,0.000000009804
0.960937500000,1.195312500000,0.000000009772
0.960937500000,1.218750000000,0.000000009732
0.960937500000,1.242187500000,0.000000009688
0.960937500000,1.265625000000,0.000000009638
0.960937500000,1.289062500000,0.000000009581
0.960937500000,1.312500000000,0.000000009522
0.960937500000,1.335937500000,0.000000009454
0.960937500000,1.359375000000,0.000000009383
0.960937500000,1.382812500000,0.000000009307
0.960937500000,1.406250000000,0.000000009224
0.960937500000,1.429687500000,0.000000009137
0.960937500000,1.453125000000,0.000000009047
0.960937500000,1.476562500000,0.000000008951
0.960937500000,1.500000000000,0.000000008850
0.960937500000,1.523437500000,0.000000008744
0.960937500000,1.546875000000,0.000000008636
0.960937500000,1.570312500000,0.000000008521
0.960937500000,1.593750000000,0.000000008405
0.960937500000,1.617187500000,0.000000008282
0.960937500000,1.640625000000,0.000000008156
0.960937500000,1.664062500000,0.000000008028
0.960937500000,1.687500000000,0.000000007897
0.960937500000,1.710937500000,0.000000007761
0.960937500000,1.734375000000,0.000000007622
0.960937500000,1.757812500000,0.000000007479
0.960937500000,1.781250000000,0.000000007334
0.960937500000,1.804687500000,0.000000007185
0.960937500000,1.828125000000,0.000000007034
0.960937500000,1.851562500000,0.000000006880
0.960937500000,1.875000000000,0.000000006725
0.960937500000,1.898437500000,0.000000006566
0.960937500000,1.921875000000,0.000000006405
0.960937500000,1.945312500000,0.000000006243
0.960937500000,1.968750000000,0.000000006078
0.960937500000,1.992187500000,0.000000005911
0.960937500000,2.015625000000,0.000000005742
0.960937500000,2.039062500000,0.000000005572
0.960937500000,2.062500000000,0.000000005400
0.960937500000,2.085937500000,0.000000005227
0.960937500000,2.109375000000,0.000000005053
0.960937500000,2.132812500000,0.000000004878
0.960937500000,2.156250000000,0.000000004702
0.960937500000,2.179687500000,0.000000004524
0.960937500000,2.203125000000,0.000000004346
0.960937500000,2.226562500000,0.000000004167
0.960937500000,2.250000000000,0.000000003990
0.960937500000,2.273437500000,0.000000003810
0.960937500000,2.296875000000,0.000000003629
0.960937500000,2.320312500000,0.000000003449
0.960937500000,2.343750000000,0.000000003271
0.960937500000,2.367187500000,0.000000003090
0.960937500000,2.390625000000,0.000000002910
0.960937500000,2.414062500000,0.000000002732
0.960937500000,2.437500000000,0.000000002553
0.960937500000,2.460937500000,0.000000002375
0.960937500000,2.484375000000,0.000000002197
0.960937500000,2.507812500000,0.000000002020
0.960937500000,2.531250000000,0.000000001845
0.960937500000,2.554687500000,0.000000001669
0.960937500000,2.578125000000,0.000000001496
0.960937500000,2.601562500000,0.000000001322
0.960937500000,2.625000000000,0.000000001150
0.960937500000,2.648437500000,0.000000000979
0.960937500000,2.671875000000,0.000000000812
0.960937500000,2.695312500000,0.000000000645
0.960937500000,2.718750000000,0.000000000478
0.960937500000,2.742187500000,0.000000000315
0.960937500000,2.765625000000,0.000000000152
0.960937500000,2.789062500000,-0.000000000008
0.960937500000,2.812500000000,-0.000000000167
0.960937500000,2.835937500000,-0.000000000323
0.960937500000,2.859375000000,-0.000000000478
0.960937500000,2.882812500000,-0.000000000629
0.960937500000,2.906250000000,-0.000000000779
0.960937500000,2.929687500000,-0.000000000927
0.960937500000,2.953125000000,-0.000000001072
0.960937500000,2.976562500000,-0.000000001216
0.960937500000,3.000000000000,0.000000000000
0.984375000000,0.000000000000,0.000000000000
0.984375000000,0.023437500000,0.000000003275
0.984375000000,0.046875000000,0.000000003569
0.984375000000,0.070312500000,0.000000003857
0.984375000000,0.093750000000,0.000000004140
0.984375000000,0.117187500000,0.000000004416
0.984375000000,0.140625000000,0.000000004688
0.984375000000,0.164062500000,0.000000004950
0.984375000000,0.187500000000,0.000000005209
0.984375000000,0.210937500000,0.000000005460
0.984375000000,0.234375000000,0.000000005704
0.984375000000,0.257812500000,0.000000005943
0.984375000000,0.281250000000,0.000000006175
0.984375000000,0.304687500000,0.000000006398
0.984375000000,0.328125000000,0.000000006617
0.984375000000,0.351562500000,0.000000006829
0.984375000000,0.375000000000,0.000000007032
0.984375000000,0.398437500000,0.000000007231
0.984375000000,0.421875000000,0.000000007420
0.984375000000,0.445312500000,0.000000007604
0.984375000000,0.468750000000,0.000000007780
0.984375000000,0.492187500000,0.000000007952
0.984375000000,0.515625000000,0.000000008111
0.984375000000,0.539062500000,0.000000008266
0.984375000000,0.562500000000,0.000000008415
0.984375000000,0.585937500000,0.000000008556
0.984375000000,0.609375000000,0.000000008688
0.984375000000,0.632812500000,0.000000008816
0.984375000000,0.656250000000,0.000000008935
0.984375000000,0.679687500000,0.000000009049
0.984375000000,0.703125000000,0.000000009154
0.984375000000,0.726562500000,0.000000009252
0.984375000000,0.750000000000,0.000000009343
0.984375000000,0.773437500000,0.000000009426
0.984375000000,0.796875000000,0.000000009503
0.984375000000,0.820312500000,0.000000009573
0.984375000000,0.843750000000,0.000000009636
0.984375000000,0.867187500000,0.000000009692
0.984375000000,0.890625000000,0.000000009742
0.984375000000,0.914062500000,0.000000009785
0.984375000000,0.937500000000,0.000000009820
0.984375000000,0.960937500000,0.000000009850
0.984375000000,0.984375000000,0.000000009873
0.984375000000,1.007812500000,0.000000009889
0.984375000000,1.031250000000,0.000000009897
0.984375000000,1.054687500000,0.000000009902
0.984375000000,1.078125000000,0.000000009899
0.984375000000,1.101562500000,0.000000009888
0.984375000000,1.125000000000,0.000000009872
0.984375000000,1.148437500000,0.000000009852
0.984375000000,1.171875000000,0.000000009824
0.984375000000,1.195312500000,0.000000009791
0.984375000000,1.218750000000,0.000000009750
0.984375000000,1.242187500000,0.000000009707
0.984375000000,1.265625000000,0.000000009656
0.984375000000,1.289062500000,0.000000009598
0.984375000000,1.312500000000,0.000000009537
0.984375000000,1.335937500000,0.000000009470
0.984375000000,1.359375000000,0.000000009397
0.984375000000,1.382812500000,0.000000009320
0.984375000000,1.406250000000,0.000000009239
0.984375000000,1.429687500000,0.000000009150
0.984375000000,1.453125000000,0.000000009060
0.984375000000,1.476562500000,0.000000008962
0.984375000000,1.500000000000,0.000000008861
0.984375000000,1.523437500000,0.000000008756
0.984375000000,1.546875000000,0.000000008646
0.984375000000,1.570312500000,0.000000008532
0.984375000000,1.593750000000,0.000000008414
0.984375000000,1.617187500000,0.000000008293
0.984375000000,1.640625000000,0.000000008168
0.984375000000,1.664062500000,0.000000008037
0.984375000000,1.687500000000,0.000000007905
0.984375000000,1.710937500000,0.000000007768
0.984375000000,1.734375000000,0.000000007628
0.984375000000,1.757812500000,0.000000007486
0.984375000000,1.781250000000,0.000000007339
0.984375000000,1.804687500000,0.000000007191
0.984375000000,1.828125000000,0.000000007039
0.984375000000,1.851562500000,0.000000006885
0.984375000000,1.875000000000,0.000000006728
0.984375000000,1.898437500000,0.000000006569
0.984375000000,1.921875000000,0.000000006408
0.984375000000,1.945312500000,0.000000006245
0.984375000000,1.968750000000,0.000000006079
0.984375000000,1.992187500000,0.000000005912
0.984375000000,2.015625000000,0.000000005743
0.984375000000,2.039062500000,0.000000005573
0.984375000000,2.062500000000,0.000000005400
0.984375000000,2.085937500000,0.000000005227
0.984375000000,2.109375000000,0.000000005053
0.984375000000,2.132812500000,0.000000004876
0.984375000000,2.156250000000,0.000000004699
0.984375000000,2.179687500000,0.000000004522
0.984375000000,2.203125000000,0.000000004344
0.984375000000,2.226562500000,0.000000004165
0.984375000000,2.250000000000,0.000000003986
0.984375000000,2.273437500000,0.000000003805
0.984375000000,2.296875000000,0.000000003627
0.984375000000,2.320312500000,0.000000003443
0.984375000000,2.343750000000,0.000000003266
0.984375000000,2.367187500000,0.000000003085
0.984375000000,2.390625000000,0.000000002905
0.984375000000,2.414062500000,0.000000002726
0.984375000000,2.437500000000,0.000000002547
0.984375000000,2.460937500000,0.000000002368
0.984375000000,2.484375000000,0.000000002190
0.984375000000,2.507812500000,0.000000002012
0.984375000000,2.531250000000,0.000000001836
0.984375000000,2.554687500000,0.000000001662
0.984375000000,2.578125000000,0.000000001486
0.984375000000,2.601562500000,0.000000001312
0.984375000000,2.625000000000,0.000000001142
0.984375000000,2.648437500000,0.000000000971
0.984375000000,2.671875000000,0.000000000801
0.984375000000,2.695312500000,0.000000000634
0.984375000000,2.718750000000,0.000000000469
0.984375000000,2.742187500000,0.000000000305
0.984375000000,2.765625000000,0.000000000141
0.984375000000,2.789062500000,-0.000000000018
0.984375000000,2.812500000000,-0.000000000178
0.984375000000,2.835937500000,-0.000000000333
0.984375000000,2.859375000000,-0.000000000489
0.984375000000,2.882812500000,-0.000000000640
0.984375000000,2.906250000000,-0.000000000791
0.984375000000,2.929687500000,-0.000000000938
0.984375000000,2.953125000000,-0.000000001084
0.984375000000,2.976562500000,-0.000000001227
0.984375000000,3.000000000000,0.000000000000
1.007812500000,0.000000000000,0.000000000000
1.007812500000,0.023437500000,0.000000003300
1.007812500000,0.046875000000,0.000000003593
1.007812500000,0.070312500000,0.000000003883
1.007812500000,0.093750000000,0.000000004164
1.007812500000,0.117187500000,0.000000004441
1.007812500000,0.140625000000,0.000000004712
1.007812500000,0.164062500000,0.000000004976
1.007812500000,0.187500000000,0.000000005232
1.007812500000,0.210937500000,0.000000005485
1.007812500000,0.234375000000,0.000000005729
1.007812500000,0.257812500000,0.000000005969
1.007812500000,0.281250000000,0.000000006197
1.007812500000,0.304687500000,0.000000006424
1.007812500000,0.328125000000,0.000000006643
1.007812500000,0.351562500000,0.000000006852
1.007812500000,0.375000000000,0.000000007057
1.007812500000,0.398437500000,0.000000007253
1.007812500000,0.421875000000,0.000000007444
1.007812500000,0.445312500000,0.000000007628
1.007812500000,0.468750000000,0.000000007803
1.007812500000,0.492187500000,0.000000007972
1.007812500000,0.515625000000,0.000000008135
1.007812500000,0.539062500000,0.000000008290
1.007812500000,0.562500000000,0.000000008438
1.007812500000,0.585937500000,0.000000008578
1.007812500000,0.609375000000,0.000000008712
1.007812500000,0.632812500000,0.000000008837
1.007812500000,0.656250000000,0.000000008957
1.007812500000,0.679687500000,0.000000009068
1.007812500000,0.703125000000,0.000000009173
1.007812500000,0.726562500000,0.000000009271
1.007812500000,0.750000000000,0.000000009362
1.007812500000,0.773437500000,0.000000009446
1.007812500000,0.796875000000,0.000000009523
1.007812500000,0.820312500000,0.000000009591
1.007812500000,0.843750000000,0.000000009655
1.007812500000,0.867187500000,0.000000009711
1.007812500000,0.890625000000,0.000000009761
1.007812500000,0.914062500000,0.000000009801
1.007812500000,0.937500000000,0.000000009838
1.007812500000,0.960937500000,0.000000009866
1.007812500000,0.984375000000,0.000000009888
1.007812500000,1.007812500000,0.000000009904
1.007812500000,1.031250000000,0.000000009914
1.007812500000,1.054687500000,0.000000009916
1.007812500000,1.078125000000,0.000000009912
1.007812500000,1.101562500000,0.000000009903
1.007812500000,1.125000000000,0.000000009887
1.007812500000,1.148437500000,0.000000009864
1.007812500000,1.171875000000,0.000000009837
1.007812500000,1.195312500000,0.000000009802
1.007812500000,1.218750000000,0.000000009763
1.007812500000,1.242187500000,0.000000009716
1.007812500000,1.265625000000,0.000000009666
1.007812500000,1.289062500000,0.000000009607
1.007812500000,1.312500000000,0.000000009548
1.007812500000,1.335937500000,0.000000009481
1.007812500000,1.359375000000,0.000000009407
1.007812500000,1.382812500000,0.000000009332
1.007812500000,1.406250000000,0.000000009246
1.007812500000,1.429687500000,0.000000009159
1.007812500000,1.453125000000,0.000000009067
1.007812500000,1.476562500000,0.000000008969
1.007812500000,1.500000000000,0.000000008868
1.007812500000,1.523437500000,0.000000008762
1.007812500000,1.546875000000,0.000000008652
1.007812500000,1.570312500000,0.000000008537
1.007812500000,1.593750000000,0.000000008420
1.007812500000,1.617187500000,0.000000008297
1.007812500000,1.640625000000,0.000000008170
1.007812500000,1.664062500000,0.000000008040
1.007812500000,1.687500000000,0.000000007907
1.007812500000,1.710937500000,0.000000007771
1.007812500000,1.734375000000,0.000000007630
1.007812500000,1.757812500000,0.000000007487
1.007812500000,1.781250000000,0.000000007341
1.007812500000,1.804687500000,0.000000007192
1.007812500000,1.828125000000,0.000000007040
1.007812500000,1.851562500000,0.000000006886
1.007812500000,1.875000000000,0.000000006729
1.007812500000,1.898437500000,0.000000006569
1.007812500000,1.921875000000,0.000000006407
1.007812500000,1.945312500000,0.000000006244
1.007812500000,1.968750000000,0.000000006077
1.007812500000,1.992187500000,0.000000005911
1.007812500000,2.015625000000,0.000000005741
1.007812500000,2.039062500000,0.000000005569
1.007812500000,2.062500000000,0.000000005397
1.007812500000,2.085937500000,0.000000005224
1.007812500000,2.109375000000,0.000000005047
1.007812500000,2.132812500000,0.000000004872
1.007812500000,2.156250000000,0.000000004694
1.007812500000,2.179687500000,0.000000004516
1.007812500000,2.203125000000,0.000000004339
1.007812500000,2.226562500000,0.000000004160
1.007812500000,2.250000000000,0.000000003979
1.007812500000,2.273437500000,0.000000003800
1.007812500000,2.296875000000,0.000000003617
1.007812500000,2.320312500000,0.000000003439
1.007812500000,2.343750000000,0.000000003257
1.007812500000,2.367187500000,0.000000003077
1.007812500000,2.390625000000,0.000000002898
1.007812500000,2.414062500000,0.000000002717
1.007812500000,2.437500000000,0.000000002537
1.007812500000,2.460937500000,0.000000002360
1.007812500000,2.484375000000,0.000000002180
1.007812500000,2.507812500000,0.000000002004
1.007812500000,2.531250000000,0.000000001828
1.007812500000,2.554687500000,0.000000001651
1.007812500000,2.578125000000,0.000000001477
1.007812500000,2.601562500000,0.000000001306
1.007812500000,2.625000000000,0.000000001131
1.007812500000,2.648437500000,0.000000000961
1.007812500000,2.671875000000,0.000000000793
1.007812500000,2.695312500000,0.000000000625
1.007812500000,2.718750000000,0.000000000458
1.007812500000,2.742187500000,0.000000000294
1.007812500000,2.765625000000,0.000000000132
1.007812500000,2.789062500000,-0.000000000029
1.007812500000,2.812500000000,-0.000000000188
1.007812500000,2.835937500000,-0.000000000346
1.007812500000,2.859375000000,-0.000000000500
1.007812500000,2.882812500000,-0.000000000653
1.007812500000,2.906250000000,-0.000000000802
1.007812500000,2.929687500000,-0.000000000950
1.007812500000,2.953125000000,-0.000000001094
1.007812500000,2.976562500000,-0.000000001239
1.007812500000,3.000000000000,0.000000000000
1.031250000000,0.000000000000,0.000000000000
1.031250000000,0.023437500000,0.000000003321
1.031250000000,0.046875000000,0.000000003617
1.031250000000,0.070312500000,0.000000003903
1.031250000000,0.093750000000,0.000000004187
1.031250000000,0.117187500000,0.000000004464
1.031250000000,0.140625000000,0.000000004734
1.031250000000,0.164062500000,0.000000004995
1.031250000000,0.187500000000,0.000000005256
1.031250000000,0.210937500000,0.000000005506
1.031250000000,0.234375000000,0.000000005749
1.031250000000,0.257812500000,0.000000005987
1.031250000000,0.281250000000,0.000000006221
1.031250000000,0.304687500000,0.000000006444
1.031250000000,0.328125000000,0.000000006660
1.031250000000,0.351562500000,0.000000006872
1.031250000000,0.375000000000,0.000000007075
1.031250000000,0.398437500000,0.000000007274
1.031250000000,0.421875000000,0.000000007463
1.031250000000,0.445312500000,0.000000007645
1.031250000000,0.468750000000,0.000000007822
1.031250000000,0.492187500000,0.000000007991
1.031250000000,0.515625000000,0.000000008152
1.031250000000,0.539062500000,0.000000008306
1.031250000000,0.562500000000,0.000000008454
1.031250000000,0.585937500000,0.000000008595
1.031250000000,0.609375000000,0.000000008728
1.031250000000,0.632812500000,0.000000008854
1.031250000000,0.656250000000,0.000000008972
1.031250000000,0.679687500000,0.000000009084
1.031250000000,0.703125000000,0.000000009188
1.031250000000,0.726562500000,0.000000009285
1.031250000000,0.750000000000,0.000000009375
1.031250000000,0.773437500000,0.000000009458
1.031250000000,0.796875000000,0.000000009534
1.031250000000,0.820312500000,0.000000009605
1.031250000000,0.843750000000,0.000000009667
1.031250000000,0.867187500000,0.000000009723
1.031250000000,0.890625000000,0.000000009770
1.031250000000,0.914062500000,0.000000009813
1.031250000000,0.937500000000,0.000000009848
1.031250000000,0.960937500000,0.000000009876
1.031250000000,0.984375000000,0.000000009898
1.031250000000,1.007812500000,0.000000009913
1.031250000000,1.031250000000,0.000000009922
1.031250000000,1.054687500000,0.000000009924
1.031250000000,1.078125000000,0.000000009922
1.031250000000,1.101562500000,0.000000009910
1.031250000000,1.125000000000,0.000000009893
1.031250000000,1.148437500000,0.000000009871
1.031250000000,1.171875000000,0.000000009842
1.031250000000,1.195312500000,0.000000009809
1.031250000000,1.218750000000,0.000000009767
1.031250000000,1.242187500000,0.000000009722
1.031250000000,1.265625000000,0.000000009670
1.031250000000,1.289062500000,0.000000009613
1.031250000000,1.312500000000,0.000000009553
1.031250000000,1.335937500000,0.000000009481
1.031250000000,1.359375000000,0.000000009410
1.031250000000,1.382812500000,0.000000009330
1.031250000000,1.406250000000,0.000000009249
1.031250000000,1.429687500000,0.000000009160
1.031250000000,1.453125000000,0.000000009068
1.031250000000,1.476562500000,0.000000008972
1.031250000000,1.500000000000,0.000000008870
1.031250000000,1.523437500000,0.000000008764
1.031250000000,1.546875000000,0.000000008652
1.031250000000,1.570312500000,0.000000008537
1.031250000000,1.593750000000,0.000000008417
1.031250000000,1.617187500000,0.000000008295
1.031250000000,1.640625000000,0.000000008169
1.031250000000,1.664062500000,0.000000008039
1.031250000000,1.687500000000,0.000000007906
1.031250000000,1.710937500000,0.000000007769
1.031250000000,1.734375000000,0.000000007628
1.031250000000,1.757812500000,0.000000007484
1.031250000000,1.781250000000,0.000000007338
1.031250000000,1.804687500000,0.000000007187
1.031250000000,1.828125000000,0.000000007036
1.031250000000,1.851562500000,0.000000006880
1.031250000000,1.875000000000,0.000000006724
1.031250000000,1.898437500000,0.000000006564
1.031250000000,1.921875000000,0.000000006402
1.031250000000,1.945312500000,0.000000006238
1.031250000000,1.968750000000,0.000000006071
1.031250000000,1.992187500000,0.000000005904
1.031250000000,2.015625000000,0.000000005733
1.031250000000,2.039062500000,0.000000005563
1.031250000000,2.062500000000,0.000000005391
1.031250000000,2.085937500000,0.000000005215
1.031250000000,2.109375000000,0.000000005042
1.031250000000,2.132812500000,0.000000004864
1.031250000000,2.156250000000,0.000000004687
1.031250000000,2.179687500000,0.000000004509
1.031250000000,2.203125000000,0.000000004331
1.031250000000,2.226562500000,0.000000004150
1.031250000000,2.250000000000,0.000000003971
1.031250000000,2.273437500000,0.000000003789
1.031250000000,2.296875000000,0.000000003611
1.031250000000,2.320312500000,0.000000003429
1.031250000000,2.343750000000,0.000000003250
1.031250000000,2.367187500000,0.000000003068
1.031250000000,2.390625000000,0.000000002887
1.031250000000,2.414062500000,0.000000002708
1.031250000000,2.437500000000,0.000000002529
1.031250000000,2.460937500000,0.000000002350
1.031250000000,2.484375000000,0.000000002173
1.031250000000,2.507812500000,0.000000001992
1.031250000000,2.531250000000,0.000000001817
1.031250000000,2.554687500000,0.000000001643
1.031250000000,2.578125000000,0.000000001467
1.031250000000,2.601562500000,0.000000001294
1.031250000000,2.625000000000,0.000000001122
1.031250000000,2.648437500000,0.000000000950
1.031250000000,2.671875000000,0.000000000780
1.031250000000,2.695312500000,0.000000000613
1.031250000000,2.718750000000,0.000000000447
1.031250000000,2.742187500000,0.000000000283
1.031250000000,2.765625000000,0.000000000120
1.031250000000,2.789062500000,-0.000000000040
1.031250000000,2.812500000000,-0.000000000198
1.031250000000,2.835937500000,-0.000000000354
1.031250000000,2.859375000000,-0.000000000509
1.031250000000,2.882812500000,-0.000000000662
1.031250000000,2.906250000000,-0.000000000812
1.031250000000,2.929687500000,-0.000000000961
1.031250000000,2.953125000000,-0.000000001106
1.031250000000,2.976562500000,-0.000000001248
1.031250000000,3.000000000000,0.000000000000
1.054687500000,0.000000000000,0.000000000000
1.054687500000,0.023437500000,0.000000003342
1.054687500000,0.046875000000,0.000000003634
1.054687500000,0.070312500000,0.000000003925
1.054687500000,0.093750000000,0.000000004205
1.054687500000,0.117187500000,0.000000004480
1.054687500000,0.140625000000,0.000000004752
1.054687500000,0.164062500000,0.000000005016
1.054687500000,0.187500000000,0.000000005271
1.054687500000,0.210937500000,0.000000005522
1.054687500000,0.234375000000,0.000000005767
1.054687500000,0.257812500000,0.000000006004
1.054687500000,0.281250000000,0.000000006235
1.054687500000,0.304687500000,0.000000006457
1.054687500000,0.328125000000,0.000000006676
1.054687500000,0.351562500000,0.000000006887
1.054687500000,0.375000000000,0.000000007092
1.054687500000,0.398437500000,0.000000007286
1.054687500000,0.421875000000,0.000000007476
1.054687500000,0.445312500000,0.000000007660
1.054687500000,0.468750000000,0.000000007835
1.054687500000,0.492187500000,0.000000008002
1.054687500000,0.515625000000,0.000000008165
1.054687500000,0.539062500000,0.000000008317
1.054687500000,0.562500000000,0.000000008465
1.054687500000,0.585937500000,0.000000008604
1.054687500000,0.609375000000,0.000000008736
1.054687500000,0.632812500000,0.000000008863
1.054687500000,0.656250000000,0.000000008981
1.054687500000,0.679687500000,0.000000009092
1.054687500000,0.703125000000,0.000000009196
1.054687500000,0.726562500000,0.000000009294
1.054687500000,0.750000000000,0.000000009384
1.054687500000,0.773437500000,0.000000009466
1.054687500000,0.796875000000,0.000000009543
1.054687500000,0.820312500000,0.000000009611
1.054687500000,0.843750000000,0.000000009673
1.054687500000,0.867187500000,0.000000009728
1.054687500000,0.890625000000,0.000000009776
1.054687500000,0.914062500000,0.000000009817
1.054687500000,0.937500000000,0.000000009852
1.054687500000,0.960937500000,0.000000009880
1.054687500000,0.984375000000,0.000000009902
1.054687500000,1.007812500000,0.000000009917
1.054687500000,1.031250000000,0.000000009924
1.054687500000,1.054687500000,0.000000009928
1.054687500000,1.078125000000,0.000000009921
1.054687500000,1.101562500000,0.000000009912
1.054687500000,1.125000000000,0.000000009894
1.054687500000,1.148437500000,0.000000009873
1.054687500000,1.171875000000,0.000000009842
1.054687500000,1.195312500000,0.000000009809
1.054687500000,1.218750000000,0.000000009767
1.054687500000,1.242187500000,0.000000009721
1.054687500000,1.265625000000,0.000000009669
1.054687500000,1.289062500000,0.000000009613
1.054687500000,1.312500000000,0.000000009547
1.054687500000,1.335937500000,0.000000009482
1.054687500000,1.359375000000,0.000000009406
1.054687500000,1.382812500000,0.000000009330
1.054687500000,1.406250000000,0.000000009245
1.054687500000,1.429687500000,0.000000009157
1.054687500000,1.453125000000,0.000000009064
1.054687500000,1.476562500000,0.000000008964
1.054687500000,1.500000000000,0.000000008862
1.054687500000,1.523437500000,0.000000008757
1.054687500000,1.546875000000,0.000000008645
1.054687500000,1.570312500000,0.000000008531
1.054687500000,1.593750000000,0.000000008413
1.054687500000,1.617187500000,0.000000008289
1.054687500000,1.640625000000,0.000000008163
1.054687500000,1.664062500000,0.000000008031
1.054687500000,1.687500000000,0.000000007897
1.054687500000,1.710937500000,0.000000007760
1.054687500000,1.734375000000,0.000000007620
1.054687500000,1.757812500000,0.000000007476
1.054687500000,1.781250000000,0.000000007329
1.054687500000,1.804687500000,0.000000007180
1.054687500000,1.828125000000,0.000000007026
1.054687500000,1.851562500000,0.000000006872
1.054687500000,1.875000000000,0.000000006714
1.054687500000,1.898437500000,0.000000006553
1.054687500000,1.921875000000,0.000000006392
1.054687500000,1.945312500000,0.000000006228
1.054687500000,1.968750000000,0.000000006062
1.054687500000,1.992187500000,0.000000005893
1.054687500000,2.015625000000,0.000000005724
1.054687500000,2.039062500000,0.000000005553
1.054687500000,2.062500000000,0.000000005380
1.054687500000,2.085937500000,0.000000005206
1.054687500000,2.109375000000,0.000000005030
1.054687500000,2.132812500000,0.000000004855
1.054687500000,2.156250000000,0.000000004677
1.054687500000,2.179687500000,0.000000004497
1.054687500000,2.203125000000,0.000000004321
1.054687500000,2.226562500000,0.000000004139
1.054687500000,2.250000000000,0.000000003959
1.054687500000,2.273437500000,0.000000003781
1.054687500000,2.296875000000,0.000000003601
1.054687500000,2.320312500000,0.000000003418
1.054687500000,2.343750000000,0.000000003237
1.054687500000,2.367187500000,0.000000003059
1.054687500000,2.390625000000,0.000000002876
1.054687500000,2.414062500000,0.000000002699
1.054687500000,2.437500000000,0.000000002518
1.054687500000,2.460937500000,0.000000002338
1.054687500000,2.484375000000,0.000000002160
1.054687500000,2.507812500000,0.000000001985
1.054687500000,2.531250000000,0.000000001807
1.054687500000,2.554687500000,0.000000001630
1.054687500000,2.578125000000,0.000000001455
1.054687500000,2.601562500000,0.000000001283
1.054687500000,2.625000000000,0.000000001110
1.054687500000,2.648437500000,0.000000000941
1.054687500000,2.671875000000,0.000000000771
1.054687500000,2.695312500000,0.000000000604
1.054687500000,2.718750000000,0.000000000438
1.054687500000,2.742187500000,0.000000000272
1.054687500000,2.765625000000,0.000000000110
1.054687500000,2.789062500000,-0.000000000050
1.054687500000,2.812500000000,-0.000000000209
1.054687500000,2.835937500000,-0.000000000366
1.054687500000,2.859375000000,-0.000000000520
1.054687500000,2.882812500000,-0.000000000673
1.054687500000,2.906250000000,-0.000000000824
1.054687500000,2.929687500000,-0.000000000970
1.054687500000,2.953125000000,-0.000000001114
1.054687500000,2.976562500000,-0.000000001259
1.054687500000,3.000000000000,0.000000000000
1.078125000000,0.000000000000,0.000000000000
1.078125000000,0.023437500000,0.000000003359
1.078125000000,0.046875000000,0.000000003653
1.078125000000,0.070312500000,0.000000003941
1.078125000000,0.093750000000,0.000000004221
1.078125000000,0.117187500000,0.000000004498
1.078125000000,0.140625000000,0.000000004765
1.078125000000,0.164062500000,0.000000005028
1.078125000000,0.187500000000,0.000000005287
1.078125000000,0.210937500000,0.000000005535
1.078125000000,0.234375000000,0.000000005779
1.078125000000,0.257812500000,0.000000006018
1.078125000000,0.281250000000,0.000000006247
1.078125000000,0.304687500000,0.000000006470
1.078125000000,0.328125000000,0.000000006688
1.078125000000,0.351562500000,0.000000006897
1.078125000000,0.375000000000,0.000000007099
1.078125000000,0.398437500000,0.000000007297
1.078125000000,0.421875000000,0.000000007487
1.078125000000,0.445312500000,0.000000007667
1.078125000000,0.468750000000,0.000000007840
1.078125000000,0.492187500000,0.000000008011
1.078125000000,0.515625000000,0.000000008170
1.078125000000,0.539062500000,0.000000008325
1.078125000000,0.562500000000,0.000000008470
1.078125000000,0.585937500000,0.000000008610
1.078125000000,0.609375000000,0.000000008742
1.078125000000,0.632812500000,0.000000008866
1.078125000000,0.656250000000,0.000000008985
1.078125000000,0.679687500000,0.000000009096
1.078125000000,0.703125000000,0.000000009200
1.078125000000,0.726562500000,0.000000009295
1.078125000000,0.750000000000,0.000000009384
1.078125000000,0.773437500000,0.000000009468
1.078125000000,0.796875000000,0.000000009541
1.078125000000,0.820312500000,0.000000009610
1.078125000000,0.843750000000,0.000000009671
1.078125000000,0.867187500000,0.000000009726
1.078125000000,0.890625000000,0.000000009774
1.078125000000,0.914062500000,0.000000009815
1.078125000000,0.937500000000,0.000000009850
1.078125000000,0.960937500000,0.000000009877
1.078125000000,0.984375000000,0.000000009898
1.078125000000,1.007812500000,0.000000009912
1.078125000000,1.031250000000,0.000000009921
1.078125000000,1.054687500000,0.000000009921
1.078125000000,1.078125000000,0.000000009918
1.078125000000,1.101562500000,0.000000009905
1.078125000000,1.125000000000,0.000000009889
1.078125000000,1.148437500000,0.000000009864
1.078125000000,1.171875000000,0.000000009837
1.078125000000,1.195312500000,0.000000009801
1.078125000000,1.218750000000,0.000000009760
1.078125000000,1.242187500000,0.000000009713
1.078125000000,1.265625000000,0.000000009663
1.078125000000,1.289062500000,0.000000009603
1.078125000000,1.312500000000,0.000000009541
1.078125000000,1.335937500000,0.000000009471
1.078125000000,1.359375000000,0.000000009398
1.078125000000,1.382812500000,0.000000009319
1.078125000000,1.406250000000,0.000000009235
1.078125000000,1.429687500000,0.000000009147
1.078125000000,1.453125000000,0.000000009055
1.078125000000,1.476562500000,0.000000008957
1.078125000000,1.500000000000,0.000000008855
1.078125000000,1.523437500000,0.000000008745
1.078125000000,1.546875000000,0.000000008637
1.078125000000,1.570312500000,0.000000008521
1.078125000000,1.593750000000,0.000000008400
1.078125000000,1.617187500000,0.000000008278
1.078125000000,1.640625000000,0.000000008150
1.078125000000,1.664062500000,0.000000008020
1.078125000000,1.687500000000,0.000000007886
1.078125000000,1.710937500000,0.000000007748
1.078125000000,1.734375000000,0.000000007607
1.078125000000,1.757812500000,0.000000007463
1.078125000000,1.781250000000,0.000000007316
1.078125000000,1.804687500000,0.000000007166
1.078125000000,1.828125000000,0.000000007015
1.078125000000,1.851562500000,0.000000006860
1.078125000000,1.875000000000,0.000000006702
1.078125000000,1.898437500000,0.000000006543
1.078125000000,1.921875000000,0.000000006379
1.078125000000,1.945312500000,0.000000006216
1.078125000000,1.968750000000,0.000000006048
1.078125000000,1.992187500000,0.000000005882
1.078125000000,2.015625000000,0.000000005710
1.078125000000,2.039062500000,0.000000005539
1.078125000000,2.062500000000,0.000000005367
1.078125000000,2.085937500000,0.000000005192
1.078125000000,2.109375000000,0.000000005018
1.078125000000,2.132812500000,0.000000004840
1.078125000000,2.156250000000,0.000000004662
1.078125000000,2.179687500000,0.000000004486
1.078125000000,2.203125000000,0.000000004305
1.078125000000,2.226562500000,0.000000004127
1.078125000000,2.250000000000,0.000000003949
1.078125000000,2.273437500000,0.000000003765
1.078125000000,2.296875000000,0.000000003585
1.078125000000,2.320312500000,0.000000003405
1.078125000000,2.343750000000,0.000000003226
1.078125000000,2.367187500000,0.000000003043
1.078125000000,2.390625000000,0.000000002865
1.078125000000,2.414062500000,0.000000002683
1.078125000000,2.437500000000,0.000000002503
1.078125000000,2.460937500000,0.000000002327
1.078125000000,2.484375000000,0.000000002149
1.078125000000,2.507812500000,0.000000001969
1.078125000000,2.531250000000,0.000000001792
1.078125000000,2.554687500000,0.000000001618
1.078125000000,2.578125000000,0.000000001445
1.078125000000,2.601562500000,0.000000001270
1.078125000000,2.625000000000,0.000000001099
1.078125000000,2.648437500000,0.000000000930
1.078125000000,2.671875000000,0.000000000760
1.078125000000,2.695312500000,0.000000000592
1.078125000000,2.718750000000,0.000000000426
1.078125000000,2.742187500000,0.000000000264
1.078125000000,2.765625000000,0.000000000100
1.078125000000,2.789062500000,-0.000000000060
1.078125000000,2.812500000000,-0.000000000219
1.078125000000,2.835937500000,-0.000000000376
1.078125000000,2.859375000000,-0.000000000529
1.078125000000,2.882812500000,-0.000000000681
1.078125000000,2.906250000000,-0.000000000830
1.078125000000,2.929687500000,-0.000000000978
1.078125000000,2.953125000000,-0.000000001124
1.078125000000,2.976562500000,-0.000000001267
1.078125000000,3.000000000000,0.000000000000
1.101562500000,0.000000000000,0.000000000000
1.101562500000,0.023437500000,0.000000003375
1.101562500000,0.046875000000,0.000000003667
1.101562500000,0.070312500000,0.000000003953
1.101562500000,0.093750000000,0.000000004234
1.101562500000,0.117187500000,0.000000004510
1.101562500000,0.140625000000,0.000000004778
1.101562500000,0.164062500000,0.000000005040
1.101562500000,0.187500000000,0.000000005296
1.101562500000,0.210937500000,0.000000005547
1.101562500000,0.234375000000,0.000000005787
1.101562500000,0.257812500000,0.000000006025
1.101562500000,0.281250000000,0.000000006255
1.101562500000,0.304687500000,0.000000006477
1.101562500000,0.328125000000,0.000000006694
1.101562500000,0.351562500000,0.000000006903
1.101562500000,0.375000000000,0.000000007104
1.101562500000,0.398437500000,0.000000007302
1.101562500000,0.421875000000,0.000000007488
1.101562500000,0.445312500000,0.000000007669
1.101562500000,0.468750000000,0.000000007848
1.101562500000,0.492187500000,0.000000008010
1.101562500000,0.515625000000,0.000000008170
1.101562500000,0.539062500000,0.000000008325
1.101562500000,0.562500000000,0.000000008470
1.101562500000,0.585937500000,0.000000008610
1.101562500000,0.609375000000,0.000000008741
1.101562500000,0.632812500000,0.000000008866
1.101562500000,0.656250000000,0.000000008980
1.101562500000,0.679687500000,0.000000009091
1.101562500000,0.703125000000,0.000000009194
1.101562500000,0.726562500000,0.000000009292
1.101562500000,0.750000000000,0.000000009379
1.101562500000,0.773437500000,0.000000009461
1.101562500000,0.796875000000,0.000000009537
1.101562500000,0.820312500000,0.000000009605
1.101562500000,0.843750000000,0.000000009666
1.101562500000,0.867187500000,0.000000009721
1.101562500000,0.890625000000,0.000000009767
1.101562500000,0.914062500000,0.000000009808
1.101562500000,0.937500000000,0.000000009841
1.101562500000,0.960937500000,0.000000009868
1.101562500000,0.984375000000,0.000000009889
1.101562500000,1.007812500000,0.000000009903
1.101562500000,1.031250000000,0.000000009909
1.101562500000,1.054687500000,0.000000009912
1.101562500000,1.078125000000,0.000000009906
1.101562500000,1.101562500000,0.000000009895
1.101562500000,1.125000000000,0.000000009876
1.101562500000,1.148437500000,0.000000009853
1.101562500000,1.171875000000,0.000000009824
1.101562500000,1.195312500000,0.000000009790
1.101562500000,1.218750000000,0.000000009744
1.101562500000,1.242187500000,0.000000009701
1.101562500000,1.265625000000,0.000000009647
1.101562500000,1.289062500000,0.000000009589
1.101562500000,1.312500000000,0.000000009527
1.101562500000,1.335937500000,0.000000009458
1.101562500000,1.359375000000,0.000000009383
1.101562500000,1.382812500000,0.000000009306
1.101562500000,1.406250000000,0.000000009221
1.101562500000,1.429687500000,0.000000009133
1.101562500000,1.453125000000,0.000000009039
1.101562500000,1.476562500000,0.000000008940
1.101562500000,1.500000000000,0.000000008836
1.101562500000,1.523437500000,0.000000008732
1.101562500000,1.546875000000,0.000000008620
1.101562500000,1.570312500000,0.000000008503
1.101562500000,1.593750000000,0.000000008383
1.101562500000,1.617187500000,0.000000008260
1.101562500000,1.640625000000,0.000000008133
1.101562500000,1.664062500000,0.000000008003
1.101562500000,1.687500000000,0.000000007870
1.101562500000,1.710937500000,0.000000007731
1.101562500000,1.734375000000,0.000000007591
1.101562500000,1.757812500000,0.000000007446
1.101562500000,1.781250000000,0.000000007300
1.101562500000,1.804687500000,0.000000007150
1.101562500000,1.828125000000,0.000000006997
1.101562500000,1.851562500000,0.000000006842
1.101562500000,1.875000000000,0.000000006684
1.101562500000,1.898437500000,0.000000006524
1.101562500000,1.921875000000,0.000000006362
1.101562500000,1.945312500000,0.000000006197
1.101562500000,1.968750000000,0.000000006031
1.101562500000,1.992187500000,0.000000005863
1.101562500000,2.015625000000,0.000000005694
1.101562500000,2.039062500000,0.000000005522
1.101562500000,2.062500000000,0.000000005350
1.101562500000,2.085937500000,0.000000005177
1.101562500000,2.109375000000,0.000000004999
1.101562500000,2.132812500000,0.000000004824
1.101562500000,2.156250000000,0.000000004648
1.101562500000,2.179687500000,0.000000004468
1.101562500000,2.203125000000,0.000000004291
1.101562500000,2.226562500000,0.000000004112
1.101562500000,2.250000000000,0.000000003930
1.101562500000,2.273437500000,0.000000003752
1.101562500000,2.296875000000,0.000000003570
1.101562500000,2.320312500000,0.000000003391
1.101562500000,2.343750000000,0.000000003209
1.101562500000,2.367187500000,0.000000003030
1.101562500000,2.390625000000,0.000000002849
1.101562500000,2.414062500000,0.000000002669
1.101562500000,2.437500000000,0.000000002491
1.101562500000,2.460937500000,0.000000002312
1.101562500000,2.484375000000,0.000000002133
1.101562500000,2.507812500000,0.000000001956
1.101562500000,2.531250000000,0.000000001783
1.101562500000,2.554687500000,0.000000001606
1.101562500000,2.578125000000,0.000000001432
1.101562500000,2.601562500000,0.000000001261
1.101562500000,2.625000000000,0.000000001088
1.101562500000,2.648437500000,0.000000000917
1.101562500000,2.671875000000,0.000000000748
1.101562500000,2.695312500000,0.000000000582
1.101562500000,2.718750000000,0.000000000416
1.101562500000,2.742187500000,0.000000000251
1.101562500000,2.765625000000,0.000000000090
1.101562500000,2.789062500000,-0.000000000070
1.101562500000,2.812500000000,-0.000000000228
1.101562500000,2.835937500000,-0.000000000385
1.101562500000,2.859375000000,-0.000000000539
1.101562500000,2.882812500000,-0.000000000691
1.101562500000,2.906250000000,-0.000000000840
1.101562500000,2.929687500000,-0.000000000988
1.101562500000,2.953125000000,-0.000000001133
1.101562500000,2.976562500000,-0.000000001274
1.101562500000,3.000000000000,0.000000000000
1.125000000000,0.000000000000,0.000000000000
1.125000000000,0.023437500000,0.000000003387
1.125000000000,0.046875000000,0.000000003678
1.125000000000,0.070312500000,0.000000003964
1.125000000000,0.093750000000,0.000000004247
1.125000000000,0.117187500000,0.000000004518
1.125000000000,0.140625000000,0.000000004787
1.125000000000,0.164062500000,0.000000005048
1.125000000000,0.187500000000,0.000000005302
1.125000000000,0.210937500000,0.000000005551
1.125000000000,0.234375000000,0.000000005796
1.125000000000,0.257812500000,0.000000006029
1.125000000000,0.281250000000,0.000000006257
1.125000000000,0.304687500000,0.000000006481
1.125000000000,0.328125000000,0.000000006695
1.125000000000,0.351562500000,0.000000006903
1.125000000000,0.375000000000,0.000000007106
1.125000000000,0.398437500000,0.000000007299
1.125000000000,0.421875000000,0.000000007487
1.125000000000,0.445312500000,0.000000007669
1.125000000000,0.468750000000,0.000000007837
1.125000000000,0.492187500000,0.000000008009
1.125000000000,0.515625000000,0.000000008168
1.125000000000,0.539062500000,0.000000008320
1.125000000000,0.562500000000,0.000000008467
1.125000000000,0.585937500000,0.000000008601
1.125000000000,0.609375000000,0.000000008734
1.125000000000,0.632812500000,0.000000008856
1.125000000000,0.656250000000,0.000000008974
1.125000000000,0.679687500000,0.000000009084
1.125000000000,0.703125000000,0.000000009186
1.125000000000,0.726562500000,0.000000009280
1.125000000000,0.750000000000,0.000000009370
1.125000000000,0.773437500000,0.000000009451
1.125000000000,0.796875000000,0.000000009526
1.125000000000,0.820312500000,0.000000009592
1.125000000000,0.843750000000,0.000000009653
1.125000000000,0.867187500000,0.000000009706
1.125000000000,0.890625000000,0.000000009753
1.125000000000,0.914062500000,0.000000009793
1.125000000000,0.937500000000,0.000000009826
1.125000000000,0.960937500000,0.000000009854
1.125000000000,0.984375000000,0.000000009873
1.125000000000,1.007812500000,0.000000009886
1.125000000000,1.031250000000,0.000000009894
1.125000000000,1.054687500000,0.000000009894
1.125000000000,1.078125000000,0.000000009889
1.125000000000,1.101562500000,0.000000009878
1.125000000000,1.125000000000,0.000000009858
1.125000000000,1.148437500000,0.000000009836
1.125000000000,1.171875000000,0.000000009805
1.125000000000,1.195312500000,0.000000009769
1.125000000000,1.218750000000,0.000000009729
1.125000000000,1.242187500000,0.000000009680
1.125000000000,1.265625000000,0.000000009628
1.125000000000,1.289062500000,0.000000009570
1.125000000000,1.312500000000,0.000000009507
1.125000000000,1.335937500000,0.000000009435
1.125000000000,1.359375000000,0.000000009365
1.125000000000,1.382812500000,0.000000009284
1.125000000000,1.406250000000,0.000000009202
1.125000000000,1.429687500000,0.000000009108
1.125000000000,1.453125000000,0.000000009016
1.125000000000,1.476562500000,0.000000008919
1.125000000000,1.500000000000,0.000000008813
1.125000000000,1.523437500000,0.000000008709
1.125000000000,1.546875000000,0.000000008596
1.125000000000,1.570312500000,0.000000008481
1.125000000000,1.593750000000,0.000000008363
1.125000000000,1.617187500000,0.000000008239
1.125000000000,1.640625000000,0.000000008112
1.125000000000,1.664062500000,0.000000007981
1.125000000000,1.687500000000,0.000000007846
1.125000000000,1.710937500000,0.000000007711
1.125000000000,1.734375000000,0.000000007570
1.125000000000,1.757812500000,0.000000007426
1.125000000000,1.781250000000,0.000000007278
1.125000000000,1.804687500000,0.000000007128
1.125000000000,1.828125000000,0.000000006976
1.125000000000,1.851562500000,0.000000006820
1.125000000000,1.875000000000,0.000000006663
1.125000000000,1.898437500000,0.000000006503
1.125000000000,1.921875000000,0.000000006342
1.125000000000,1.945312500000,0.000000006178
1.125000000000,1.968750000000,0.000000006012
1.125000000000,1.992187500000,0.000000005844
1.125000000000,2.015625000000,0.000000005673
1.125000000000,2.039062500000,0.000000005503
1.125000000000,2.062500000000,0.000000005331
1.125000000000,2.085937500000,0.000000005154
1.125000000000,2.109375000000,0.000000004983
1.125000000000,2.132812500000,0.000000004805
1.125000000000,2.156250000000,0.000000004629
1.125000000000,2.179687500000,0.000000004450
1.125000000000,2.203125000000,0.000000004273
1.125000000000,2.226562500000,0.000000004093
1.125000000000,2.250000000000,0.000000003912
1.125000000000,2.273437500000,0.000000003733
1.125000000000,2.296875000000,0.000000003554
1.125000000000,2.320312500000,0.000000003371
1.125000000000,2.343750000000,0.000000003192
1.125000000000,2.367187500000,0.000000003014
1.125000000000,2.390625000000,0.000000002833
1.125000000000,2.414062500000,0.000000002654
1.125000000000,2.437500000000,0.000000002474
1.125000000000,2.460937500000,0.000000002299
1.125000000000,2.484375000000,0.000000002119
1.125000000000,2.507812500000,0.000000001944
1.125000000000,2.531250000000,0.000000001766
1.125000000000,2.554687500000,0.000000001593
1.125000000000,2.578125000000,0.000000001418
1.125000000000,2.601562500000,0.000000001244
1.125000000000,2.625000000000,0.000000001072
1.125000000000,2.648437500000,0.000000000907
1.125000000000,2.671875000000,0.000000000736
1.125000000000,2.695312500000,0.000000000568
1.125000000000,2.718750000000,0.000000000404
1.125000000000,2.742187500000,0.000000000240
1.125000000000,2.765625000000,0.000000000078
1.125000000000,2.789062500000,-0.000000000082
1.125000000000,2.812500000000,-0.000000000239
1.125000000000,2.835937500000,-0.000000000394
1.125000000000,2.859375000000,-0.000000000548
1.125000000000,2.882812500000,-0.000000000698
1.125000000000,2.906250000000,-0.000000000848
1.125000000000,2.929687500000,-0.000000000995
1.125000000000,2.953125000000,-0.000000001138
1.125000000000,2.976562500000,-0.000000001281
1.125000000000,3.000000000000,0.000000000000
1.148437500000,0.000000000000,0.000000000000
1.148437500000,0.023437500000,0.000000003397
1.148437500000,0.046875000000,0.000000003688
1.148437500000,0.070312500000,0.000000003975
1.148437500000,0.093750000000,0.000000004251
1.148437500000,0.117187500000,0.000000004526
1.148437500000,0.140625000000,0.000000004792
1.148437500000,0.164062500000,0.000000005053
1.148437500000,0.187500000000,0.000000005307
1.148437500000,0.210937500000,0.000000005554
1.148437500000,0.234375000000,0.000000005795
1.148437500000,0.257812500000,0.000000006030
1.148437500000,0.281250000000,0.000000006260
1.148437500000,0.304687500000,0.000000006477
1.148437500000,0.328125000000,0.000000006693
1.148437500000,0.351562500000,0.000000006901
1.148437500000,0.375000000000,0.000000007101
1.148437500000,0.398437500000,0.000000007293
1.148437500000,0.421875000000,0.000000007484
1.148437500000,0.445312500000,0.000000007662
1.148437500000,0.468750000000,0.000000007836
1.148437500000,0.492187500000,0.000000007998
1.148437500000,0.515625000000,0.000000008161
1.148437500000,0.539062500000,0.000000008311
1.148437500000,0.562500000000,0.000000008453
1.148437500000,0.585937500000,0.000000008589
1.148437500000,0.609375000000,0.000000008721
1.148437500000,0.632812500000,0.000000008846
1.148437500000,0.656250000000,0.000000008962
1.148437500000,0.679687500000,0.000000009068
1.148437500000,0.703125000000,0.000000009173
1.148437500000,0.726562500000,0.000000009268
1.148437500000,0.750000000000,0.000000009354
1.148437500000,0.773437500000,0.000000009434
1.148437500000,0.796875000000,0.000000009508
1.148437500000,0.820312500000,0.000000009575
1.148437500000,0.843750000000,0.000000009634
1.148437500000,0.867187500000,0.000000009687
1.148437500000,0.890625000000,0.000000009733
1.148437500000,0.914062500000,0.000000009772
1.148437500000,0.937500000000,0.000000009806
1.148437500000,0.960937500000,0.000000009832
1.148437500000,0.984375000000,0.000000009852
1.148437500000,1.007812500000,0.000000009864
1.148437500000,1.031250000000,0.000000009871
1.148437500000,1.054687500000,0.000000009871
1.148437500000,1.078125000000,0.000000009866
1.148437500000,1.101562500000,0.000000009853
1.148437500000,1.125000000000,0.000000009835
1.148437500000,1.148437500000,0.000000009810
1.148437500000,1.171875000000,0.000000009783
1.148437500000,1.195312500000,0.000000009742
1.148437500000,1.218750000000,0.000000009704
1.148437500000,1.242187500000,0.000000009653
1.148437500000,1.265625000000,0.000000009604
1.148437500000,1.289062500000,0.000000009544
1.148437500000,1.312500000000,0.000000009478
1.148437500000,1.335937500000,0.000000009411
1.148437500000,1.359375000000,0.000000009337
1.148437500000,1.382812500000,0.000000009258
1.148437500000,1.406250000000,0.000000009170
1.148437500000,1.429687500000,0.000000009085
1.148437500000,1.453125000000,0.000000008988
1.148437500000,1.476562500000,0.000000008892
1.148437500000,1.500000000000,0.000000008792
1.148437500000,1.523437500000,0.000000008681
1.148437500000,1.546875000000,0.000000008572
1.148437500000,1.570312500000,0.000000008456
1.148437500000,1.593750000000,0.000000008337
1.148437500000,1.617187500000,0.000000008213
1.148437500000,1.640625000000,0.000000008087
1.148437500000,1.664062500000,0.000000007954
1.148437500000,1.687500000000,0.000000007820
1.148437500000,1.710937500000,0.000000007683
1.148437500000,1.734375000000,0.000000007541
1.148437500000,1.757812500000,0.000000007398
1.148437500000,1.781250000000,0.000000007253
1.148437500000,1.804687500000,0.000000007103
1.148437500000,1.828125000000,0.000000006949
1.148437500000,1.851562500000,0.000000006795
1.148437500000,1.875000000000,0.000000006638
1.148437500000,1.898437500000,0.000000006478
1.148437500000,1.921875000000,0.000000006315
1.148437500000,1.945312500000,0.000000006152
1.148437500000,1.968750000000,0.000000005986
1.148437500000,1.992187500000,0.000000005819
1.148437500000,2.015625000000,0.000000005650
1.148437500000,2.039062500000,0.000000005479
1.148437500000,2.062500000000,0.000000005306
1.148437500000,2.085937500000,0.000000005135
1.148437500000,2.109375000000,0.000000004958
1.148437500000,2.132812500000,0.000000004783
1.148437500000,2.156250000000,0.000000004606
1.148437500000,2.179687500000,0.000000004429
1.148437500000,2.203125000000,0.000000004251
1.148437500000,2.226562500000,0.000000004072
1.148437500000,2.250000000000,0.000000003894
1.148437500000,2.273437500000,0.000000003715
1.148437500000,2.296875000000,0.000000003534
1.148437500000,2.320312500000,0.000000003354
1.148437500000,2.343750000000,0.000000003174
1.148437500000,2.367187500000,0.000000002996
1.148437500000,2.390625000000,0.000000002813
1.148437500000,2.414062500000,0.000000002637
1.148437500000,2.437500000000,0.000000002460
1.148437500000,2.460937500000,0.000000002281
1.148437500000,2.484375000000,0.000000002106
1.148437500000,2.507812500000,0.000000001927
1.148437500000,2.531250000000,0.000000001751
1.148437500000,2.554687500000,0.000000001579
1.148437500000,2.578125000000,0.000000001405
1.148437500000,2.601562500000,0.000000001234
1.148437500000,2.625000000000,0.000000001063
1.148437500000,2.648437500000,0.000000000891
1.148437500000,2.671875000000,0.000000000725
1.148437500000,2.695312500000,0.000000000558
1.148437500000,2.718750000000,0.000000000394
1.148437500000,2.742187500000,0.000000000232
1.148437500000,2.765625000000,0.000000000071
1.148437500000,2.789062500000,-0.000000000090
1.148437500000,2.812500000000,-0.000000000246
1.148437500000,2.835937500000,-0.000000000402
1.148437500000,2.859375000000,-0.000000000554
1.148437500000,2.882812500000,-0.000000000708
1.148437500000,2.906250000000,-0.000000000855
1.148437500000,2.929687500000,-0.000000001001
1.148437500000,2.953125000000,-0.000000001145
1.148437500000,2.976562500000,-0.000000001286
1.148437500000,3.000000000000,0.000000000000
1.171875000000,0.000000000000,0.000000000000
1.171875000000,0.023437500000,0.000000003407
1.171875000000,0.046875000000,0.000000003695
1.171875000000,0.070312500000,0.000000003980
1.171875000000,0.093750000000,0.000000004257
1.171875000000,0.117187500000,0.000000004529
1.171875000000,0.140625000000,0.000000004794
1.171875000000,0.164062500000,0.000000005054
1.171875000000,0.187500000000,0.000000005307
1.171875000000,0.210937500000,0.000000005553
1.171875000000,0.234375000000,0.000000005794
1.171875000000,0.257812500000,0.000000006028
1.171875000000,0.281250000000,0.000000006251
1.171875000000,0.304687500000,0.000000006473
1.171875000000,0.328125000000,0.000000006687
1.171875000000,0.351562500000,0.000000006894
1.171875000000,0.375000000000,0.000000007090
1.171875000000,0.398437500000,0.000000007288
1.171875000000,0.421875000000,0.000000007469
1.171875000000,0.445312500000,0.000000007648
1.171875000000,0.468750000000,0.000000007822
1.171875000000,0.492187500000,0.000000007988
1.171875000000,0.515625000000,0.000000008143
1.171875000000,0.539062500000,0.000000008297
1.171875000000,0.562500000000,0.000000008436
1.171875000000,0.585937500000,0.000000008578
1.171875000000,0.609375000000,0.000000008704
1.171875000000,0.632812500000,0.000000008824
1.171875000000,0.656250000000,0.000000008941
1.171875000000,0.679687500000,0.000000009051
1.171875000000,0.703125000000,0.000000009150
1.171875000000,0.726562500000,0.000000009244
1.171875000000,0.750000000000,0.000000009332
1.171875000000,0.773437500000,0.000000009412
1.171875000000,0.796875000000,0.000000009485
1.171875000000,0.820312500000,0.000000009550
1.171875000000,0.843750000000,0.000000009608
1.171875000000,0.867187500000,0.000000009663
1.171875000000,0.890625000000,0.000000009708
1.171875000000,0.914062500000,0.000000009747
1.171875000000,0.937500000000,0.000000009779
1.171875000000,0.960937500000,0.000000009805
1.171875000000,0.984375000000,0.000000009824
1.171875000000,1.007812500000,0.000000009837
1.171875000000,1.031250000000,0.000000009843
1.171875000000,1.054687500000,0.000000009843
1.171875000000,1.078125000000,0.000000009837
1.171875000000,1.101562500000,0.000000009823
1.171875000000,1.125000000000,0.000000009806
1.171875000000,1.148437500000,0.000000009780
1.171875000000,1.171875000000,0.000000009748
1.171875000000,1.195312500000,0.000000009718
1.171875000000,1.218750000000,0.000000009668
1.171875000000,1.242187500000,0.000000009627
1.171875000000,1.265625000000,0.000000009571
1.171875000000,1.289062500000,0.000000009512
1.171875000000,1.312500000000,0.000000009449
1.171875000000,1.335937500000,0.000000009379
1.171875000000,1.359375000000,0.000000009303
1.171875000000,1.382812500000,0.000000009224
1.171875000000,1.406250000000,0.000000009140
1.171875000000,1.429687500000,0.000000009050
1.171875000000,1.453125000000,0.000000008961
1.171875000000,1.476562500000,0.000000008861
1.171875000000,1.500000000000,0.000000008755
1.171875000000,1.523437500000,0.000000008648
1.171875000000,1.546875000000,0.000000008539
1.171875000000,1.570312500000,0.000000008423
1.171875000000,1.593750000000,0.000000008303
1.171875000000,1.617187500000,0.000000008179
1.171875000000,1.640625000000,0.000000008052
1.171875000000,1.664062500000,0.000000007923
1.171875000000,1.687500000000,0.000000007791
1.171875000000,1.710937500000,0.000000007651
1.171875000000,1.734375000000,0.000000007512
1.171875000000,1.757812500000,0.000000007369
1.171875000000,1.781250000000,0.000000007221
1.171875000000,1.804687500000,0.000000007072
1.171875000000,1.828125000000,0.000000006922
1.171875000000,1.851562500000,0.000000006767
1.171875000000,1.875000000000,0.000000006609
1.171875000000,1.898437500000,0.000000006450
1.171875000000,1.921875000000,0.000000006288
1.171875000000,1.945312500000,0.000000006125
1.171875000000,1.968750000000,0.000000005958
1.171875000000,1.992187500000,0.000000005793
1.171875000000,2.015625000000,0.000000005623
1.171875000000,2.039062500000,0.000000005452
1.171875000000,2.062500000000,0.000000005280
1.171875000000,2.085937500000,0.000000005109
1.171875000000,2.109375000000,0.000000004932
1.171875000000,2.132812500000,0.000000004760
1.171875000000,2.156250000000,0.000000004581
1.171875000000,2.179687500000,0.000000004403
1.171875000000,2.203125000000,0.000000004229
1.171875000000,2.226562500000,0.000000004046
1.171875000000,2.250000000000,0.000000003873
1.171875000000,2.273437500000,0.000000003692
1.171875000000,2.296875000000,0.000000003513
1.171875000000,2.320312500000,0.000000003334
1.171875000000,2.343750000000,0.000000003155
1.171875000000,2.367187500000,0.000000002976
1.171875000000,2.390625000000,0.000000002800
1.171875000000,2.414062500000,0.000000002620
1.171875000000,2.437500000000,0.000000002436
1.171875000000,2.460937500000,0.000000002266
1.171875000000,2.484375000000,0.000000002084
1.171875000000,2.507812500000,0.000000001909
1.171875000000,2.531250000000,0.000000001736
1.171875000000,2.554687500000,0.000000001562
1.171875000000,2.578125000000,0.000000001390
1.171875000000,2.601562500000,0.000000001215
1.171875000000,2.625000000000,0.000000001049
1.171875000000,2.648437500000,0.000000000879
1.171875000000,2.671875000000,0.000000000711
1.171875000000,2.695312500000,0.000000000546
1.171875000000,2.718750000000,0.000000000383
1.171875000000,2.742187500000,0.000000000216
1.171875000000,2.765625000000,0.000000000059
1.171875000000,2.789062500000,-0.000000000100
1.171875000000,2.812500000000,-0.000000000256
1.171875000000,2.835937500000,-0.000000000412
1.171875000000,2.859375000000,-0.000000000563
1.171875000000,2.882812500000,-0.000000000714
1.171875000000,2.906250000000,-0.000000000861
1.171875000000,2.929687500000,-0.000000001007
1.171875000000,2.953125000000,-0.000000001151
1.171875000000,2.976562500000,-0.000000001292
1.171875000000,3.000000000000,0.000000000000
1.195312500000,0.000000000000,0.000000000000
1.195312500000,0.023437500000,0.000000003411
1.195312500000,0.046875000000,0.000000003700
1.195312500000,0.070312500000,0.000000003983
1.195312500000,0.093750000000,0.000000004259
1.195312500000,0.117187500000,0.000000004528
1.195312500000,0.140625000000,0.000000004796
1.195312500000,0.164062500000,0.000000005050
1.195312500000,0.187500000000,0.000000005304
1.195312500000,0.210937500000,0.000000005548
1.195312500000,0.234375000000,0.000000005786
1.195312500000,0.257812500000,0.000000006019
1.195312500000,0.281250000000,0.000000006243
1.195312500000,0.304687500000,0.000000006464
1.195312500000,0.328125000000,0.000000006677
1.195312500000,0.351562500000,0.000000006882
1.195312500000,0.375000000000,0.000000007079
1.195312500000,0.398437500000,0.000000007272
1.195312500000,0.421875000000,0.000000007458
1.195312500000,0.445312500000,0.000000007639
1.195312500000,0.468750000000,0.000000007799
1.195312500000,0.492187500000,0.000000007968
1.195312500000,0.515625000000,0.000000008125
1.195312500000,0.539062500000,0.000000008273
1.195312500000,0.562500000000,0.000000008418
1.195312500000,0.585937500000,0.000000008552
1.195312500000,0.609375000000,0.000000008680
1.195312500000,0.632812500000,0.000000008806
1.195312500000,0.656250000000,0.000000008915
1.195312500000,0.679687500000,0.000000009023
1.195312500000,0.703125000000,0.000000009123
1.195312500000,0.726562500000,0.000000009218
1.195312500000,0.750000000000,0.000000009303
1.195312500000,0.773437500000,0.000000009382
1.195312500000,0.796875000000,0.000000009456
1.195312500000,0.820312500000,0.000000009522
1.195312500000,0.843750000000,0.000000009582
1.195312500000,0.867187500000,0.000000009631
1.195312500000,0.890625000000,0.000000009676
1.195312500000,0.914062500000,0.000000009715
1.195312500000,0.937500000000,0.000000009746
1.195312500000,0.960937500000,0.000000009771
1.195312500000,0.984375000000,0.000000009790
1.195312500000,1.007812500000,0.000000009801
1.195312500000,1.031250000000,0.000000009809
1.195312500000,1.054687500000,0.000000009808
1.195312500000,1.078125000000,0.000000009801
1.195312500000,1.101562500000,0.000000009790
1.195312500000,1.125000000000,0.000000009768
1.195312500000,1.148437500000,0.000000009747
1.195312500000,1.171875000000,0.000000009715
1.195312500000,1.195312500000,0.000000009675
1.195312500000,1.218750000000,0.000000009636
1.195312500000,1.242187500000,0.000000009587
1.195312500000,1.265625000000,0.000000009534
1.195312500000,1.289062500000,0.000000009476
1.195312500000,1.312500000000,0.000000009407
1.195312500000,1.335937500000,0.000000009344
1.195312500000,1.359375000000,0.000000009269
1.195312500000,1.382812500000,0.000000009186
1.195312500000,1.406250000000,0.000000009106
1.195312500000,1.429687500000,0.000000009014
1.195312500000,1.453125000000,0.000000008919
1.195312500000,1.476562500000,0.000000008822
1.195312500000,1.500000000000,0.000000008720
1.195312500000,1.523437500000,0.000000008611
1.195312500000,1.546875000000,0.000000008500
1.195312500000,1.570312500000,0.000000008385
1.195312500000,1.593750000000,0.000000008268
1.195312500000,1.617187500000,0.000000008145
1.195312500000,1.640625000000,0.000000008019
1.195312500000,1.664062500000,0.000000007887
1.195312500000,1.687500000000,0.000000007754
1.195312500000,1.710937500000,0.000000007617
1.195312500000,1.734375000000,0.000000007478
1.195312500000,1.757812500000,0.000000007333
1.195312500000,1.781250000000,0.000000007185
1.195312500000,1.804687500000,0.000000007037
1.195312500000,1.828125000000,0.000000006886
1.195312500000,1.851562500000,0.000000006732
1.195312500000,1.875000000000,0.000000006576
1.195312500000,1.898437500000,0.000000006416
1.195312500000,1.921875000000,0.000000006256
1.195312500000,1.945312500000,0.000000006092
1.195312500000,1.968750000000,0.000000005929
1.195312500000,1.992187500000,0.000000005760
1.195312500000,2.015625000000,0.000000005592
1.195312500000,2.039062500000,0.000000005424
1.195312500000,2.062500000000,0.000000005252
1.195312500000,2.085937500000,0.000000005079
1.195312500000,2.109375000000,0.000000004907
1.195312500000,2.132812500000,0.000000004730
1.195312500000,2.156250000000,0.000000004553
1.195312500000,2.179687500000,0.000000004380
1.195312500000,2.203125000000,0.000000004201
1.195312500000,2.226562500000,0.000000004026
1.195312500000,2.250000000000,0.000000003843
1.195312500000,2.273437500000,0.000000003668
1.195312500000,2.296875000000,0.000000003490
1.195312500000,2.320312500000,0.000000003309
1.195312500000,2.343750000000,0.000000003132
1.195312500000,2.367187500000,0.000000002952
1.195312500000,2.390625000000,0.000000002774
1.195312500000,2.414062500000,0.000000002597
1.195312500000,2.437500000000,0.000000002424
1.195312500000,2.460937500000,0.000000002242
1.195312500000,2.484375000000,0.000000002067
1.195312500000,2.507812500000,0.000000001898
1.195312500000,2.531250000000,0.000000001718
1.195312500000,2.554687500000,0.000000001549
1.195312500000,2.578125000000,0.000000001374
1.195312500000,2.601562500000,0.000000001206
1.195312500000,2.625000000000,0.000000001031
1.195312500000,2.648437500000,0.000000000865
1.195312500000,2.671875000000,0.000000000699
1.195312500000,2.695312500000,0.000000000535
1.195312500000,2.718750000000,0.000000000370
1.195312500000,2.742187500000,0.000000000211
1.195312500000,2.765625000000,0.000000000049
1.195312500000,2.789062500000,-0.000000000108
1.195312500000,2.812500000000,-0.000000000264
1.195312500000,2.835937500000,-0.000000000419
1.195312500000,2.859375000000,-0.000000000570
1.195312500000,2.882812500000,-0.000000000720
1.195312500000,2.906250000000,-0.000000000867
1.195312500000,2.929687500000,-0.000000001012
1.195312500000,2.953125000000,-0.000000001155
1.195312500000,2.976562500000,-0.000000001295
1.195312500000,3.000000000000,0.000000000000
1.218750000000,0.000000000000,0.000000000000
1.218750000000,0.023437500000,0.000000003415
1.218750000000,0.046875000000,0.000000003702
1.218750000000,0.070312500000,0.000000003984
1.218750000000,0.093750000000,0.000000004258
1.218750000000,0.117187500000,0.000000004527
1.218750000000,0.140625000000,0.000000004789
1.218750000000,0.164062500000,0.000000005049
1.218750000000,0.187500000000,0.000000005296
1.218750000000,0.210937500000,0.000000005538
1.218750000000,0.234375000000,0.000000005778
1.218750000000,0.257812500000,0.000000006007
1.218750000000,0.281250000000,0.000000006235
1.218750000000,0.304687500000,0.000000006451
1.218750000000,0.328125000000,0.000000006660
1.218750000000,0.351562500000,0.000000006869
1.218750000000,0.375000000000,0.000000007064
1.218750000000,0.398437500000,0.000000007253
1.218750000000,0.421875000000,0.000000007437
1.218750000000,0.445312500000,0.000000007611
1.218750000000,0.468750000000,0.000000007786
1.218750000000,0.492187500000,0.000000007947
1.218750000000,0.515625000000,0.000000008100
1.218750000000,0.539062500000,0.000000008249
1.218750000000,0.562500000000,0.000000008391
1.218750000000,0.585937500000,0.000000008525
1.218750000000,0.609375000000,0.000000008656
1.218750000000,0.632812500000,0.000000008773
1.218750000000,0.656250000000,0.000000008888
1.218750000000,0.679687500000,0.000000008993
1.218750000000,0.703125000000,0.000000009093
1.218750000000,0.726562500000,0.000000009186
1.218750000000,0.750000000000,0.000000009271
1.218750000000,0.773437500000,0.000000009351
1.218750000000,0.796875000000,0.000000009420
1.218750000000,0.820312500000,0.000000009485
1.218750000000,0.843750000000,0.000000009542
1.218750000000,0.867187500000,0.000000009594
1.218750000000,0.890625000000,0.000000009639
1.218750000000,0.914062500000,0.000000009678
1.218750000000,0.937500000000,0.000000009707
1.218750000000,0.960937500000,0.000000009733
1.218750000000,0.984375000000,0.000000009750
1.218750000000,1.007812500000,0.000000009763
1.218750000000,1.031250000000,0.000000009768
1.218750000000,1.054687500000,0.000000009766
1.218750000000,1.078125000000,0.000000009761
1.218750000000,1.101562500000,0.000000009746
1.218750000000,1.125000000000,0.000000009730
1.218750000000,1.148437500000,0.000000009701
1.218750000000,1.171875000000,0.000000009672
1.218750000000,1.195312500000,0.000000009637
1.218750000000,1.218750000000,0.000000009592
1.218750000000,1.242187500000,0.000000009545
1.218750000000,1.265625000000,0.000000009491
1.218750000000,1.289062500000,0.000000009428
1.218750000000,1.312500000000,0.000000009371
1.218750000000,1.335937500000,0.000000009297
1.218750000000,1.359375000000,0.000000009222
1.218750000000,1.382812500000,0.000000009148
1.218750000000,1.406250000000,0.000000009059
1.218750000000,1.429687500000,0.000000008973
1.218750000000,1.453125000000,0.000000008876
1.218750000000,1.476562500000,0.000000008782
1.218750000000,1.500000000000,0.000000008677
1.218750000000,1.523437500000,0.000000008571
1.218750000000,1.546875000000,0.000000008463
1.218750000000,1.570312500000,0.000000008345
1.218750000000,1.593750000000,0.000000008227
1.218750000000,1.617187500000,0.000000008102
1.218750000000,1.640625000000,0.000000007975
1.218750000000,1.664062500000,0.000000007850
1.218750000000,1.687500000000,0.000000007711
1.218750000000,1.710937500000,0.000000007576
1.218750000000,1.734375000000,0.000000007437
1.218750000000,1.757812500000,0.000000007295
1.218750000000,1.781250000000,0.000000007148
1.218750000000,1.804687500000,0.000000007001
1.218750000000,1.828125000000,0.000000006848
1.218750000000,1.851562500000,0.000000006694
1.218750000000,1.875000000000,0.000000006539
1.218750000000,1.898437500000,0.000000006381
1.218750000000,1.921875000000,0.000000006220
1.218750000000,1.945312500000,0.000000006058
1.218750000000,1.968750000000,0.000000005893
1.218750000000,1.992187500000,0.000000005728
1.218750000000,2.015625000000,0.000000005560
1.218750000000,2.039062500000,0.000000005390
1.218750000000,2.062500000000,0.000000005221
1.218750000000,2.085937500000,0.000000005047
1.218750000000,2.109375000000,0.000000004874
1.218750000000,2.132812500000,0.000000004700
1.218750000000,2.156250000000,0.000000004526
1.218750000000,2.179687500000,0.000000004350
1.218750000000,2.203125000000,0.000000004174
1.218750000000,2.226562500000,0.000000003995
1.218750000000,2.250000000000,0.000000003821
1.218750000000,2.273437500000,0.000000003644
1.218750000000,2.296875000000,0.000000003463
1.218750000000,2.320312500000,0.000000003283
1.218750000000,2.343750000000,0.000000003110
1.218750000000,2.367187500000,0.000000002932
1.218750000000,2.390625000000,0.000000002753
1.218750000000,2.414062500000,0.000000002579
1.218750000000,2.437500000000,0.000000002400
1.218750000000,2.460937500000,0.000000002225
1.218750000000,2.484375000000,0.000000002051
1.218750000000,2.507812500000,0.000000001870
1.218750000000,2.531250000000,0.000000001701
1.218750000000,2.554687500000,0.000000001531
1.218750000000,2.578125000000,0.000000001360
1.218750000000,2.601562500000,0.000000001186
1.218750000000,2.625000000000,0.000000001022
1.218750000000,2.648437500000,0.000000000852
1.218750000000,2.671875000000,0.000000000687
1.218750000000,2.695312500000,0.000000000522
1.218750000000,2.718750000000,0.000000000359
1.218750000000,2.742187500000,0.000000000197
1.218750000000,2.765625000000,0.000000000038
1.218750000000,2.789062500000,-0.000000000119
1.218750000000,2.812500000000,-0.000000000272
1.218750000000,2.835937500000,-0.000000000427
1.218750000000,2.859375000000,-0.000000000578
1.218750000000,2.882812500000,-0.000000000728
1.218750000000,2.906250000000,-0.000000000873
1.218750000000,2.929687500000,-0.000000001017
1.218750000000,2.953125000000,-0.000000001159
1.218750000000,2.976562500000,-0.000000001299
1.218750000000,3.000000000000,0.000000000000
1.242187500000,0.000000000000,0.000000000000
1.242187500000,0.023437500000,0.000000003418
1.242187500000,0.046875000000,0.000000003703
1.242187500000,0.070312500000,0.000000003980
1.242187500000,0.093750000000,0.000000004255
1.242187500000,0.117187500000,0.000000004521
1.242187500000,0.140625000000,0.000000004785
1.242187500000,0.164062500000,0.000000005036
1.242187500000,0.187500000000,0.000000005286
1.242187500000,0.210937500000,0.000000005531
1.242187500000,0.234375000000,0.000000005764
1.242187500000,0.257812500000,0.000000005997
1.242187500000,0.281250000000,0.000000006217
1.242187500000,0.304687500000,0.000000006435
1.242187500000,0.328125000000,0.000000006643
1.242187500000,0.351562500000,0.000000006843
1.242187500000,0.375000000000,0.000000007043
1.242187500000,0.398437500000,0.000000007229
1.242187500000,0.421875000000,0.000000007412
1.242187500000,0.445312500000,0.000000007586
1.242187500000,0.468750000000,0.000000007758
1.242187500000,0.492187500000,0.000000007914
1.242187500000,0.515625000000,0.000000008075
1.242187500000,0.539062500000,0.000000008222
1.242187500000,0.562500000000,0.000000008359
1.242187500000,0.585937500000,0.000000008495
1.242187500000,0.609375000000,0.000000008618
1.242187500000,0.632812500000,0.000000008738
1.242187500000,0.656250000000,0.000000008850
1.242187500000,0.679687500000,0.000000008956
1.242187500000,0.703125000000,0.000000009059
1.242187500000,0.726562500000,0.000000009147
1.242187500000,0.750000000000,0.000000009230
1.242187500000,0.773437500000,0.000000009307
1.242187500000,0.796875000000,0.000000009381
1.242187500000,0.820312500000,0.000000009444
1.242187500000,0.843750000000,0.000000009502
1.242187500000,0.867187500000,0.000000009552
1.242187500000,0.890625000000,0.000000009596
1.242187500000,0.914062500000,0.000000009632
1.242187500000,0.937500000000,0.000000009665
1.242187500000,0.960937500000,0.000000009688
1.242187500000,0.984375000000,0.000000009706
1.242187500000,1.007812500000,0.000000009718
1.242187500000,1.031250000000,0.000000009721
1.242187500000,1.054687500000,0.000000009721
1.242187500000,1.078125000000,0.000000009713
1.242187500000,1.101562500000,0.000000009700
1.242187500000,1.125000000000,0.000000009680
1.242187500000,1.148437500000,0.000000009655
1.242187500000,1.171875000000,0.000000009624
1.242187500000,1.195312500000,0.000000009586
1.242187500000,1.218750000000,0.000000009546
1.242187500000,1.242187500000,0.000000009495
1.242187500000,1.265625000000,0.000000009442
1.242187500000,1.289062500000,0.000000009385
1.242187500000,1.312500000000,0.000000009317
1.242187500000,1.335937500000,0.000000009252
1.242187500000,1.359375000000,0.000000009175
1.242187500000,1.382812500000,0.000000009096
1.242187500000,1.406250000000,0.000000009013
1.242187500000,1.429687500000,0.000000008923
1.242187500000,1.453125000000,0.000000008835
1.242187500000,1.476562500000,0.000000008730
1.242187500000,1.500000000000,0.000000008630
1.242187500000,1.523437500000,0.000000008524
1.242187500000,1.546875000000,0.000000008414
1.242187500000,1.570312500000,0.000000008295
1.242187500000,1.593750000000,0.000000008179
1.242187500000,1.617187500000,0.000000008055
1.242187500000,1.640625000000,0.000000007937
1.242187500000,1.664062500000,0.000000007800
1.242187500000,1.687500000000,0.000000007667
1.242187500000,1.710937500000,0.000000007537
1.242187500000,1.734375000000,0.000000007392
1.242187500000,1.757812500000,0.000000007253
1.242187500000,1.781250000000,0.000000007108
1.242187500000,1.804687500000,0.000000006958
1.242187500000,1.828125000000,0.000000006807
1.242187500000,1.851562500000,0.000000006655
1.242187500000,1.875000000000,0.000000006500
1.242187500000,1.898437500000,0.000000006341
1.242187500000,1.921875000000,0.000000006181
1.242187500000,1.945312500000,0.000000006021
1.242187500000,1.968750000000,0.000000005854
1.242187500000,1.992187500000,0.000000005691
1.242187500000,2.015625000000,0.000000005523
1.242187500000,2.039062500000,0.000000005354
1.242187500000,2.062500000000,0.000000005185
1.242187500000,2.085937500000,0.000000005013
1.242187500000,2.109375000000,0.000000004840
1.242187500000,2.132812500000,0.000000004667
1.242187500000,2.156250000000,0.000000004495
1.242187500000,2.179687500000,0.000000004321
1.242187500000,2.203125000000,0.000000004141
1.242187500000,2.226562500000,0.000000003967
1.242187500000,2.250000000000,0.000000003789
1.242187500000,2.273437500000,0.000000003612
1.242187500000,2.296875000000,0.000000003439
1.242187500000,2.320312500000,0.000000003261
1.242187500000,2.343750000000,0.000000003082
1.242187500000,2.367187500000,0.000000002906
1.242187500000,2.390625000000,0.000000002732
1.242187500000,2.414062500000,0.000000002553
1.242187500000,2.437500000000,0.000000002378
1.242187500000,2.460937500000,0.000000002203
1.242187500000,2.484375000000,0.000000002028
1.242187500000,2.507812500000,0.000000001854
1.242187500000,2.531250000000,0.000000001683
1.242187500000,2.554687500000,0.000000001512
1.242187500000,2.578125000000,0.000000001339
1.242187500000,2.601562500000,0.000000001171
1.242187500000,2.625000000000,0.000000001003
1.242187500000,2.648437500000,0.000000000837
1.242187500000,2.671875000000,0.000000000673
1.242187500000,2.695312500000,0.000000000506
1.242187500000,2.718750000000,0.000000000347
1.242187500000,2.742187500000,0.000000000191
1.242187500000,2.765625000000,0.000000000029
1.242187500000,2.789062500000,-0.000000000127
1.242187500000,2.812500000000,-0.000000000283
1.242187500000,2.835937500000,-0.000000000434
1.242187500000,2.859375000000,-0.000000000584
1.242187500000,2.882812500000,-0.000000000732
1.242187500000,2.906250000000,-0.000000000878
1.242187500000,2.929687500000,-0.000000001021
1.242187500000,2.953125000000,-0.000000001163
1.242187500000,2.976562500000,-0.000000001301
1.242187500000,3.000000000000,0.000000000000
1.265625000000,0.000000000000,0.000000000000
1.265625000000,0.023437500000,0.000000003415
1.265625000000,0.046875000000,0.000000003700
1.265625000000,0.070312500000,0.000000003977
1.265625000000,0.093750000000,0.000000004247
1.265625000000,0.117187500000,0.000000004515
1.265625000000,0.140625000000,0.000000004772
1.265625000000,0.164062500000,0.000000005028
1.265625000000,0.187500000000,0.000000005274
1.265625000000,0.210937500000,0.000000005514
1.265625000000,0.234375000000,0.000000005749
1.265625000000,0.257812500000,0.000000005978
1.265625000000,0.281250000000,0.000000006195
1.265625000000,0.304687500000,0.000000006412
1.265625000000,0.328125000000,0.000000006619
1.265625000000,0.351562500000,0.000000006824
1.265625000000,0.375000000000,0.000000007015
1.265625000000,0.398437500000,0.000000007205
1.265625000000,0.421875000000,0.000000007383
1.265625000000,0.445312500000,0.000000007559
1.265625000000,0.468750000000,0.000000007727
1.265625000000,0.492187500000,0.000000007884
1.265625000000,0.515625000000,0.000000008037
1.265625000000,0.539062500000,0.000000008189
1.265625000000,0.562500000000,0.000000008324
1.265625000000,0.585937500000,0.000000008454
1.265625000000,0.609375000000,0.000000008582
1.265625000000,0.632812500000,0.000000008701
1.265625000000,0.656250000000,0.000000008813
1.265625000000,0.679687500000,0.000000008915
1.265625000000,0.703125000000,0.000000009013
1.265625000000,0.726562500000,0.000000009103
1.265625000000,0.750000000000,0.000000009190
1.265625000000,0.773437500000,0.000000009266
1.265625000000,0.796875000000,0.000000009335
1.265625000000,0.820312500000,0.000000009396
1.265625000000,0.843750000000,0.000000009455
1.265625000000,0.867187500000,0.000000009504
1.265625000000,0.890625000000,0.000000009548
1.265625000000,0.914062500000,0.000000009584
1.265625000000,0.937500000000,0.000000009614
1.265625000000,0.960937500000,0.000000009637
1.265625000000,0.984375000000,0.000000009656
1.265625000000,1.007812500000,0.000000009666
1.265625000000,1.031250000000,0.000000009670
1.265625000000,1.054687500000,0.000000009670
1.265625000000,1.078125000000,0.000000009660
1.265625000000,1.101562500000,0.000000009648
1.265625000000,1.125000000000,0.000000009628
1.265625000000,1.148437500000,0.000000009604
1.265625000000,1.171875000000,0.000000009572
1.265625000000,1.195312500000,0.000000009532
1.265625000000,1.218750000000,0.000000009492
1.265625000000,1.242187500000,0.000000009440
1.265625000000,1.265625000000,0.000000009391
1.265625000000,1.289062500000,0.000000009330
1.265625000000,1.312500000000,0.000000009265
1.265625000000,1.335937500000,0.000000009197
1.265625000000,1.359375000000,0.000000009125
1.265625000000,1.382812500000,0.000000009041
1.265625000000,1.406250000000,0.000000008961
1.265625000000,1.429687500000,0.000000008874
1.265625000000,1.453125000000,0.000000008778
1.265625000000,1.476562500000,0.000000008677
1.265625000000,1.500000000000,0.000000008580
1.265625000000,1.523437500000,0.000000008472
1.265625000000,1.546875000000,0.000000008362
1.265625000000,1.570312500000,0.000000008248
1.265625000000,1.593750000000,0.000000008130
1.265625000000,1.617187500000,0.000000008005
1.265625000000,1.640625000000,0.000000007878
1.265625000000,1.664062500000,0.000000007754
1.265625000000,1.687500000000,0.000000007621
1.265625000000,1.710937500000,0.000000007482
1.265625000000,1.734375000000,0.000000007347
1.265625000000,1.757812500000,0.000000007203
1.265625000000,1.781250000000,0.000000007058
1.265625000000,1.804687500000,0.000000006912
1.265625000000,1.828125000000,0.000000006761
1.265625000000,1.851562500000,0.000000006609
1.265625000000,1.875000000000,0.000000006455
1.265625000000,1.898437500000,0.000000006297
1.265625000000,1.921875000000,0.000000006139
1.265625000000,1.945312500000,0.000000005977
1.265625000000,1.968750000000,0.000000005814
1.265625000000,1.992187500000,0.000000005650
1.265625000000,2.015625000000,0.000000005482
1.265625000000,2.039062500000,0.000000005317
1.265625000000,2.062500000000,0.000000005144
1.265625000000,2.085937500000,0.000000004978
1.265625000000,2.109375000000,0.000000004803
1.265625000000,2.132812500000,0.000000004635
1.265625000000,2.156250000000,0.000000004458
1.265625000000,2.179687500000,0.000000004283
1.265625000000,2.203125000000,0.000000004113
1.265625000000,2.226562500000,0.000000003934
1.265625000000,2.250000000000,0.000000003762
1.265625000000,2.273437500000,0.000000003584
1.265625000000,2.296875000000,0.000000003406
1.265625000000,2.320312500000,0.000000003227
1.265625000000,2.343750000000,0.000000003058
1.265625000000,2.367187500000,0.000000002879
1.265625000000,2.390625000000,0.000000002707
1.265625000000,2.414062500000,0.000000002527
1.265625000000,2.437500000000,0.000000002354
1.265625000000,2.460937500000,0.000000002181
1.265625000000,2.484375000000,0.000000002007
1.265625000000,2.507812500000,0.000000001836
1.265625000000,2.531250000000,0.000000001664
1.265625000000,2.554687500000,0.000000001493
1.265625000000,2.578125000000,0.000000001325
1.265625000000,2.601562500000,0.000000001157
1.265625000000,2.625000000000,0.000000000988
1.265625000000,2.648437500000,0.000000000826
1.265625000000,2.671875000000,0.000000000660
1.265625000000,2.695312500000,0.000000000498
1.265625000000,2.718750000000,0.000000000339
1.265625000000,2.742187500000,0.000000000176
1.265625000000,2.765625000000,0.000000000018
1.265625000000,2.789062500000,-0.000000000136
1.265625000000,2.812500000000,-0.000000000290
1.265625000000,2.835937500000,-0.000000000440
1.265625000000,2.859375000000,-0.000000000588
1.265625000000,2.882812500000,-0.000000000736
1.265625000000,2.906250000000,-0.000000000882
1.265625000000,2.929687500000,-0.000000001025
1.265625000000,2.953125000000,-0.000000001163
1.265625000000,2.976562500000,-0.000000001303
1.265625000000,3.000000000000,0.000000000000
1.289062500000,0.000000000000,0.000000000000
1.289062500000,0.023437500000,0.000000003414
1.289062500000,0.046875000000,0.000000003696
1.289062500000,0.070312500000,0.000000003970
1.289062500000,0.093750000000,0.000000004241
1.289062500000,0.117187500000,0.000000004501
1.289062500000,0.140625000000,0.000000004762
1.289062500000,0.164062500000,0.000000005013
1.289062500000,0.187500000000,0.000000005257
1.289062500000,0.210937500000,0.000000005496
1.289062500000,0.234375000000,0.000000005729
1.289062500000,0.257812500000,0.000000005950
1.289062500000,0.281250000000,0.000000006177
1.289062500000,0.304687500000,0.000000006388
1.289062500000,0.328125000000,0.000000006595
1.289062500000,0.351562500000,0.000000006793
1.289062500000,0.375000000000,0.000000006989
1.289062500000,0.398437500000,0.000000007171
1.289062500000,0.421875000000,0.000000007350
1.289062500000,0.445312500000,0.000000007524
1.289062500000,0.468750000000,0.000000007687
1.289062500000,0.492187500000,0.000000007852
1.289062500000,0.515625000000,0.000000008000
1.289062500000,0.539062500000,0.000000008142
1.289062500000,0.562500000000,0.000000008282
1.289062500000,0.585937500000,0.000000008418
1.289062500000,0.609375000000,0.000000008538
1.289062500000,0.632812500000,0.000000008654
1.289062500000,0.656250000000,0.000000008769
1.289062500000,0.679687500000,0.000000008867
1.289062500000,0.703125000000,0.000000008966
1.289062500000,0.726562500000,0.000000009054
1.289062500000,0.750000000000,0.000000009138
1.289062500000,0.773437500000,0.000000009212
1.289062500000,0.796875000000,0.000000009283
1.289062500000,0.820312500000,0.000000009345
1.289062500000,0.843750000000,0.000000009401
1.289062500000,0.867187500000,0.000000009451
1.289062500000,0.890625000000,0.000000009494
1.289062500000,0.914062500000,0.000000009530
1.289062500000,0.937500000000,0.000000009559
1.289062500000,0.960937500000,0.000000009583
1.289062500000,0.984375000000,0.000000009599
1.289062500000,1.007812500000,0.000000009609
1.289062500000,1.031250000000,0.000000009614
1.289062500000,1.054687500000,0.000000009610
1.289062500000,1.078125000000,0.000000009604
1.289062500000,1.101562500000,0.000000009590
1.289062500000,1.125000000000,0.000000009570
1.289062500000,1.148437500000,0.000000009545
1.289062500000,1.171875000000,0.000000009508
1.289062500000,1.195312500000,0.000000009476
1.289062500000,1.218750000000,0.000000009432
1.289062500000,1.242187500000,0.000000009385
1.289062500000,1.265625000000,0.000000009332
1.289062500000,1.289062500000,0.000000009272
1.289062500000,1.312500000000,0.000000009209
1.289062500000,1.335937500000,0.000000009134
1.289062500000,1.359375000000,0.000000009064
1.289062500000,1.382812500000,0.000000008985
1.289062500000,1.406250000000,0.000000008901
1.289062500000,1.429687500000,0.000000008811
1.289062500000,1.453125000000,0.000000008719
1.289062500000,1.476562500000,0.000000008623
1.289062500000,1.500000000000,0.000000008519
1.289062500000,1.523437500000,0.000000008412
1.289062500000,1.546875000000,0.000000008304
1.289062500000,1.570312500000,0.000000008187
1.289062500000,1.593750000000,0.000000008074
1.289062500000,1.617187500000,0.000000007955
1.289062500000,1.640625000000,0.000000007828
1.289062500000,1.664062500000,0.000000007698
1.289062500000,1.687500000000,0.000000007566
1.289062500000,1.710937500000,0.000000007430
1.289062500000,1.734375000000,0.000000007296
1.289062500000,1.757812500000,0.000000007152
1.289062500000,1.781250000000,0.000000007008
1.289062500000,1.804687500000,0.000000006862
1.289062500000,1.828125000000,0.000000006713
1.289062500000,1.851562500000,0.000000006562
1.289062500000,1.875000000000,0.000000006407
1.289062500000,1.898437500000,0.000000006251
1.289062500000,1.921875000000,0.000000006092
1.289062500000,1.945312500000,0.000000005932
1.289062500000,1.968750000000,0.000000005771
1.289062500000,1.992187500000,0.000000005607
1.289062500000,2.015625000000,0.000000005442
1.289062500000,2.039062500000,0.000000005273
1.289062500000,2.062500000000,0.000000005107
1.289062500000,2.085937500000,0.000000004935
1.289062500000,2.109375000000,0.000000004770
1.289062500000,2.132812500000,0.000000004593
1.289062500000,2.156250000000,0.000000004421
1.289062500000,2.179687500000,0.000000004250
1.289062500000,2.203125000000,0.000000004076
1.289062500000,2.226562500000,0.000000003900
1.289062500000,2.250000000000,0.000000003726
1.289062500000,2.273437500000,0.000000003551
1.289062500000,2.296875000000,0.000000003378
1.289062500000,2.320312500000,0.000000003204
1.289062500000,2.343750000000,0.000000003025
1.289062500000,2.367187500000,0.000000002850
1.289062500000,2.390625000000,0.000000002679
1.289062500000,2.414062500000,0.000000002506
1.289062500000,2.437500000000,0.000000002335
1.289062500000,2.460937500000,0.000000002156
1.289062500000,2.484375000000,0.000000001989
1.289062500000,2.507812500000,0.000000001814
1.289062500000,2.531250000000,0.000000001642
1.289062500000,2.554687500000,0.000000001474
1.289062500000,2.578125000000,0.000000001304
1.289062500000,2.601562500000,0.000000001142
1.289062500000,2.625000000000,0.000000000971
1.289062500000,2.648437500000,0.000000000810
1.289062500000,2.671875000000,0.000000000643
1.289062500000,2.695312500000,0.000000000485
1.289062500000,2.718750000000,0.000000000324
1.289062500000,2.742187500000,0.000000000165
1.289062500000,2.765625000000,0.000000000013
1.289062500000,2.789062500000,-0.000000000144
1.289062500000,2.812500000000,-0.000000000297
1.289062500000,2.835937500000,-0.000000000446
1.289062500000,2.859375000000,-0.000000000595
1.289062500000,2.882812500000,-0.000000000742
1.289062500000,2.906250000000,-0.000000000886
1.289062500000,2.929687500000,-0.000000001026
1.289062500000,2.953125000000,-0.000000001167
1.289062500000,2.976562500000,-0.000000001303
1.289062500000,3.000000000000,0.000000000000
1.312500000000,0.000000000000,0.000000000000
1.312500000000,0.023437500000,0.000000003409
1.312500000000,0.046875000000,0.000000003687
1.312500000000,0.070312500000,0.000000003961
1.312500000000,0.093750000000,0.000000004227
1.312500000000,0.117187500000,0.000000004489
1.312500000000,0.140625000000,0.000000004747
1.312500000000,0.164062500000,0.000000004995
1.312500000000,0.187500000000,0.000000005235
1.312500000000,0.210937500000,0.000000005475
1.312500000000,0.234375000000,0.000000005708
1.312500000000,0.257812500000,0.000000005925
1.312500000000,0.281250000000,0.000000006149
1.312500000000,0.304687500000,0.000000006357
1.312500000000,0.328125000000,0.000000006562
1.312500000000,0.351562500000,0.000000006761
1.312500000000,0.375000000000,0.000000006948
1.312500000000,0.398437500000,0.000000007136
1.312500000000,0.421875000000,0.000000007315
1.312500000000,0.445312500000,0.000000007481
1.312500000000,0.468750000000,0.000000007649
1.312500000000,0.492187500000,0.000000007805
1.312500000000,0.515625000000,0.000000007959
1.312500000000,0.539062500000,0.000000008102
1.312500000000,0.562500000000,0.000000008233
1.312500000000,0.585937500000,0.000000008364
1.312500000000,0.609375000000,0.000000008494
1.312500000000,0.632812500000,0.000000008605
1.312500000000,0.656250000000,0.000000008714
1.312500000000,0.679687500000,0.000000008816
1.312500000000,0.703125000000,0.000000008913
1.312500000000,0.726562500000,0.000000009000
1.312500000000,0.750000000000,0.000000009084
1.312500000000,0.773437500000,0.000000009160
1.312500000000,0.796875000000,0.000000009227
1.312500000000,0.820312500000,0.000000009290
1.312500000000,0.843750000000,0.000000009344
1.312500000000,0.867187500000,0.000000009392
1.312500000000,0.890625000000,0.000000009434
1.312500000000,0.914062500000,0.000000009468
1.312500000000,0.937500000000,0.000000009500
1.312500000000,0.960937500000,0.000000009520
1.312500000000,0.984375000000,0.000000009538
1.312500000000,1.007812500000,0.000000009546
1.312500000000,1.031250000000,0.000000009553
1.312500000000,1.054687500000,0.000000009548
1.312500000000,1.078125000000,0.000000009540
1.312500000000,1.101562500000,0.000000009528
1.312500000000,1.125000000000,0.000000009505
1.312500000000,1.148437500000,0.000000009478
1.312500000000,1.171875000000,0.000000009449
1.312500000000,1.195312500000,0.000000009412
1.312500000000,1.218750000000,0.000000009368
1.312500000000,1.242187500000,0.000000009320
1.312500000000,1.265625000000,0.000000009262
1.312500000000,1.289062500000,0.000000009209
1.312500000000,1.312500000000,0.000000009143
1.312500000000,1.335937500000,0.000000009075
1.312500000000,1.359375000000,0.000000009002
1.312500000000,1.382812500000,0.000000008922
1.312500000000,1.406250000000,0.000000008835
1.312500000000,1.429687500000,0.000000008750
1.312500000000,1.453125000000,0.000000008660
1.312500000000,1.476562500000,0.000000008559
1.312500000000,1.500000000000,0.000000008460
1.312500000000,1.523437500000,0.000000008354
1.312500000000,1.546875000000,0.000000008245
1.312500000000,1.570312500000,0.000000008130
1.312500000000,1.593750000000,0.000000008013
1.312500000000,1.617187500000,0.000000007892
1.312500000000,1.640625000000,0.000000007765
1.312500000000,1.664062500000,0.000000007643
1.312500000000,1.687500000000,0.000000007508
1.312500000000,1.710937500000,0.000000007376
1.312500000000,1.734375000000,0.000000007236
1.312500000000,1.757812500000,0.000000007101
1.312500000000,1.781250000000,0.000000006952
1.312500000000,1.804687500000,0.000000006806
1.312500000000,1.828125000000,0.000000006658
1.312500000000,1.851562500000,0.000000006508
1.312500000000,1.875000000000,0.000000006355
1.312500000000,1.898437500000,0.000000006200
1.312500000000,1.921875000000,0.000000006043
1.312500000000,1.945312500000,0.000000005884
1.312500000000,1.968750000000,0.000000005722
1.312500000000,1.992187500000,0.000000005558
1.312500000000,2.015625000000,0.000000005395
1.312500000000,2.039062500000,0.000000005228
1.312500000000,2.062500000000,0.000000005062
1.312500000000,2.085937500000,0.000000004895
1.312500000000,2.109375000000,0.000000004722
1.312500000000,2.132812500000,0.000000004555
1.312500000000,2.156250000000,0.000000004384
1.312500000000,2.179687500000,0.000000004209
1.312500000000,2.203125000000,0.000000004039
1.312500000000,2.226562500000,0.000000003864
1.312500000000,2.250000000000,0.000000003691
1.312500000000,2.273437500000,0.000000003518
1.312500000000,2.296875000000,0.000000003342
1.312500000000,2.320312500000,0.000000003167
1.312500000000,2.343750000000,0.000000002998
1.312500000000,2.367187500000,0.000000002827
1.312500000000,2.390625000000,0.000000002649
1.312500000000,2.414062500000,0.000000002477
1.312500000000,2.437500000000,0.000000002303
1.312500000000,2.460937500000,0.000000002133
1.312500000000,2.484375000000,0.000000001963
1.312500000000,2.507812500000,0.000000001790
1.312500000000,2.531250000000,0.000000001621
1.312500000000,2.554687500000,0.000000001456
1.312500000000,2.578125000000,0.000000001285
1.312500000000,2.601562500000,0.000000001122
1.312500000000,2.625000000000,0.000000000959
1.312500000000,2.648437500000,0.000000000790
1.312500000000,2.671875000000,0.000000000632
1.312500000000,2.695312500000,0.000000000471
1.312500000000,2.718750000000,0.000000000313
1.312500000000,2.742187500000,0.000000000157
1.312500000000,2.765625000000,0.000000000001
1.312500000000,2.789062500000,-0.000000000151
1.312500000000,2.812500000000,-0.000000000305
1.312500000000,2.835937500000,-0.000000000453
1.312500000000,2.859375000000,-0.000000000600
1.312500000000,2.882812500000,-0.000000000746
1.312500000000,2.906250000000,-0.000000000887
1.312500000000,2.929687500000,-0.000000001029
1.312500000000,2.953125000000,-0.000000001167
1.312500000000,2.976562500000,-0.000000001304
1.312500000000,3.000000000000,0.000000000000
1.335937500000,0.000000000000,0.000000000000
1.335937500000,0.023437500000,0.000000003401
1.335937500000,0.046875000000,0.000000003677
1.335937500000,0.070312500000,0.000000003950
1.335937500000,0.093750000000,0.000000004213
1.335937500000,0.117187500000,0.000000004475
1.335937500000,0.140625000000,0.000000004728
1.335937500000,0.164062500000,0.000000004970
1.335937500000,0.187500000000,0.000000005220
1.335937500000,0.210937500000,0.000000005450
1.335937500000,0.234375000000,0.000000005678
1.335937500000,0.257812500000,0.000000005903
1.335937500000,0.281250000000,0.000000006114
1.335937500000,0.304687500000,0.000000006325
1.335937500000,0.328125000000,0.000000006530
1.335937500000,0.351562500000,0.000000006719
1.335937500000,0.375000000000,0.000000006914
1.335937500000,0.398437500000,0.000000007098
1.335937500000,0.421875000000,0.000000007273
1.335937500000,0.445312500000,0.000000007449
1.335937500000,0.468750000000,0.000000007605
1.335937500000,0.492187500000,0.000000007763
1.335937500000,0.515625000000,0.000000007909
1.335937500000,0.539062500000,0.000000008052
1.335937500000,0.562500000000,0.000000008189
1.335937500000,0.585937500000,0.000000008314
1.335937500000,0.609375000000,0.000000008436
1.335937500000,0.632812500000,0.000000008555
1.335937500000,0.656250000000,0.000000008659
1.335937500000,0.679687500000,0.000000008759
1.335937500000,0.703125000000,0.000000008854
1.335937500000,0.726562500000,0.000000008945
1.335937500000,0.750000000000,0.000000009020
1.335937500000,0.773437500000,0.000000009098
1.335937500000,0.796875000000,0.000000009164
1.335937500000,0.820312500000,0.000000009227
1.335937500000,0.843750000000,0.000000009280
1.335937500000,0.867187500000,0.000000009328
1.335937500000,0.890625000000,0.000000009369
1.335937500000,0.914062500000,0.000000009405
1.335937500000,0.937500000000,0.000000009432
1.335937500000,0.960937500000,0.000000009453
1.335937500000,0.984375000000,0.000000009469
1.335937500000,1.007812500000,0.000000009480
1.335937500000,1.031250000000,0.000000009482
1.335937500000,1.054687500000,0.000000009480
1.335937500000,1.078125000000,0.000000009473
1.335937500000,1.101562500000,0.000000009456
1.335937500000,1.125000000000,0.000000009438
1.335937500000,1.148437500000,0.000000009412
1.335937500000,1.171875000000,0.000000009377
1.335937500000,1.195312500000,0.000000009343
1.335937500000,1.218750000000,0.000000009298
1.335937500000,1.242187500000,0.000000009253
1.335937500000,1.265625000000,0.000000009198
1.335937500000,1.289062500000,0.000000009138
1.335937500000,1.312500000000,0.000000009074
1.335937500000,1.335937500000,0.000000009003
1.335937500000,1.359375000000,0.000000008932
1.335937500000,1.382812500000,0.000000008854
1.335937500000,1.406250000000,0.000000008772
1.335937500000,1.429687500000,0.000000008680
1.335937500000,1.453125000000,0.000000008589
1.335937500000,1.476562500000,0.000000008491
1.335937500000,1.500000000000,0.000000008391
1.335937500000,1.523437500000,0.000000008286
1.335937500000,1.546875000000,0.000000008176
1.335937500000,1.570312500000,0.000000008069
1.335937500000,1.593750000000,0.000000007949
1.335937500000,1.617187500000,0.000000007828
1.335937500000,1.640625000000,0.000000007705
1.335937500000,1.664062500000,0.000000007578
1.335937500000,1.687500000000,0.000000007449
1.335937500000,1.710937500000,0.000000007315
1.335937500000,1.734375000000,0.000000007180
1.335937500000,1.757812500000,0.000000007038
1.335937500000,1.781250000000,0.000000006897
1.335937500000,1.804687500000,0.000000006753
1.335937500000,1.828125000000,0.000000006603
1.335937500000,1.851562500000,0.000000006454
1.335937500000,1.875000000000,0.000000006300
1.335937500000,1.898437500000,0.000000006145
1.335937500000,1.921875000000,0.000000005991
1.335937500000,1.945312500000,0.000000005833
1.335937500000,1.968750000000,0.000000005671
1.335937500000,1.992187500000,0.000000005510
1.335937500000,2.015625000000,0.000000005346
1.335937500000,2.039062500000,0.000000005183
1.335937500000,2.062500000000,0.000000005016
1.335937500000,2.085937500000,0.000000004849
1.335937500000,2.109375000000,0.000000004681
1.335937500000,2.132812500000,0.000000004509
1.335937500000,2.156250000000,0.000000004343
1.335937500000,2.179687500000,0.000000004169
1.335937500000,2.203125000000,0.000000003999
1.335937500000,2.226562500000,0.000000003831
1.335937500000,2.250000000000,0.000000003655
1.335937500000,2.273437500000,0.000000003481
1.335937500000,2.296875000000,0.000000003312
1.335937500000,2.320312500000,0.000000003138
1.335937500000,2.343750000000,0.000000002966
1.335937500000,2.367187500000,0.000000002795
1.335937500000,2.390625000000,0.000000002618
1.335937500000,2.414062500000,0.000000002451
1.335937500000,2.437500000000,0.000000002278
1.335937500000,2.460937500000,0.000000002107
1.335937500000,2.484375000000,0.000000001937
1.335937500000,2.507812500000,0.000000001771
1.335937500000,2.531250000000,0.000000001604
1.335937500000,2.554687500000,0.000000001435
1.335937500000,2.578125000000,0.000000001269
1.335937500000,2.601562500000,0.000000001099
1.335937500000,2.625000000000,0.000000000939
1.335937500000,2.648437500000,0.000000000782
1.335937500000,2.671875000000,0.000000000618
1.335937500000,2.695312500000,0.000000000457
1.335937500000,2.718750000000,0.000000000301
1.335937500000,2.742187500000,0.000000000142
1.335937500000,2.765625000000,-0.000000000010
1.335937500000,2.789062500000,-0.000000000163
1.335937500000,2.812500000000,-0.000000000312
1.335937500000,2.835937500000,-0.000000000459
1.335937500000,2.859375000000,-0.000000000606
1.335937500000,2.882812500000,-0.000000000750
1.335937500000,2.906250000000,-0.000000000891
1.335937500000,2.929687500000,-0.000000001031
1.335937500000,2.953125000000,-0.000000001166
1.335937500000,2.976562500000,-0.000000001301
1.335937500000,3.000000000000,0.000000000000
1.359375000000,0.000000000000,0.000000000000
1.359375000000,0.023437500000,0.000000003394
1.359375000000,0.046875000000,0.000000003666
1.359375000000,0.070312500000,0.000000003935
1.359375000000,0.093750000000,0.000000004199
1.359375000000,0.117187500000,0.000000004454
1.359375000000,0.140625000000,0.000000004706
1.359375000000,0.164062500000,0.000000004952
1.359375000000,0.187500000000,0.000000005187
1.359375000000,0.210937500000,0.000000005424
1.359375000000,0.234375000000,0.000000005648
1.359375000000,0.257812500000,0.000000005868
1.359375000000,0.281250000000,0.000000006085
1.359375000000,0.304687500000,0.000000006289
1.359375000000,0.328125000000,0.000000006493
1.359375000000,0.351562500000,0.000000006688
1.359375000000,0.375000000000,0.000000006874
1.359375000000,0.398437500000,0.000000007055
1.359375000000,0.421875000000,0.000000007225
1.359375000000,0.445312500000,0.000000007393
1.359375000000,0.468750000000,0.000000007555
1.359375000000,0.492187500000,0.000000007711
1.359375000000,0.515625000000,0.000000007855
1.359375000000,0.539062500000,0.000000007998
1.359375000000,0.562500000000,0.000000008133
1.359375000000,0.585937500000,0.000000008261
1.359375000000,0.609375000000,0.000000008379
1.359375000000,0.632812500000,0.000000008492
1.359375000000,0.656250000000,0.000000008599
1.359375000000,0.679687500000,0.000000008703
1.359375000000,0.703125000000,0.000000008791
1.359375000000,0.726562500000,0.000000008878
1.359375000000,0.750000000000,0.000000008959
1.359375000000,0.773437500000,0.000000009033
1.359375000000,0.796875000000,0.000000009098
1.359375000000,0.820312500000,0.000000009160
1.359375000000,0.843750000000,0.000000009213
1.359375000000,0.867187500000,0.000000009258
1.359375000000,0.890625000000,0.000000009300
1.359375000000,0.914062500000,0.000000009334
1.359375000000,0.937500000000,0.000000009362
1.359375000000,0.960937500000,0.000000009384
1.359375000000,0.984375000000,0.000000009398
1.359375000000,1.007812500000,0.000000009407
1.359375000000,1.031250000000,0.000000009411
1.359375000000,1.054687500000,0.000000009406
1.359375000000,1.078125000000,0.000000009398
1.359375000000,1.101562500000,0.000000009385
1.359375000000,1.125000000000,0.000000009361
1.359375000000,1.148437500000,0.000000009333
1.359375000000,1.171875000000,0.000000009305
1.359375000000,1.195312500000,0.000000009266
1.359375000000,1.218750000000,0.000000009226
1.359375000000,1.242187500000,0.000000009175
1.359375000000,1.265625000000,0.000000009121
1.359375000000,1.289062500000,0.000000009063
1.359375000000,1.312500000000,0.000000009003
1.359375000000,1.335937500000,0.000000008935
1.359375000000,1.359375000000,0.000000008854
1.359375000000,1.382812500000,0.000000008780
1.359375000000,1.406250000000,0.000000008698
1.359375000000,1.429687500000,0.000000008612
1.359375000000,1.453125000000,0.000000008516
1.359375000000,1.476562500000,0.000000008423
1.359375000000,1.500000000000,0.000000008322
1.359375000000,1.523437500000,0.000000008220
1.359375000000,1.546875000000,0.000000008109
1.359375000000,1.570312500000,0.000000007996
1.359375000000,1.593750000000,0.000000007883
1.359375000000,1.617187500000,0.000000007762
1.359375000000,1.640625000000,0.000000007638
1.359375000000,1.664062500000,0.000000007512
1.359375000000,1.687500000000,0.000000007379
1.359375000000,1.710937500000,0.000000007252
1.359375000000,1.734375000000,0.000000007111
1.359375000000,1.757812500000,0.000000006975
1.359375000000,1.781250000000,0.000000006832
1.359375000000,1.804687500000,0.000000006691
1.359375000000,1.828125000000,0.000000006543
1.359375000000,1.851562500000,0.000000006396
1.359375000000,1.875000000000,0.000000006243
1.359375000000,1.898437500000,0.000000006090
1.359375000000,1.921875000000,0.000000005935
1.359375000000,1.945312500000,0.000000005778
1.359375000000,1.968750000000,0.000000005620
1.359375000000,1.992187500000,0.000000005457
1.359375000000,2.015625000000,0.000000005296
1.359375000000,2.039062500000,0.000000005132
1.359375000000,2.062500000000,0.000000004967
1.359375000000,2.085937500000,0.000000004801
1.359375000000,2.109375000000,0.000000004633
1.359375000000,2.132812500000,0.000000004467
1.359375000000,2.156250000000,0.000000004294
1.359375000000,2.179687500000,0.000000004130
1.359375000000,2.203125000000,0.000000003956
1.359375000000,2.226562500000,0.000000003789
1.359375000000,2.250000000000,0.000000003616
1.359375000000,2.273437500000,0.000000003446
1.359375000000,2.296875000000,0.000000003274
1.359375000000,2.320312500000,0.000000003100
1.359375000000,2.343750000000,0.000000002931
1.359375000000,2.367187500000,0.000000002761
1.359375000000,2.390625000000,0.000000002589
1.359375000000,2.414062500000,0.000000002418
1.359375000000,2.437500000000,0.000000002247
1.359375000000,2.460937500000,0.000000002079
1.359375000000,2.484375000000,0.000000001911
1.359375000000,2.507812500000,0.000000001747
1.359375000000,2.531250000000,0.000000001577
1.359375000000,2.554687500000,0.000000001410
1.359375000000,2.578125000000,0.000000001249
1.359375000000,2.601562500000,0.000000001085
1.359375000000,2.625000000000,0.000000000922
1.359375000000,2.648437500000,0.000000000760
1.359375000000,2.671875000000,0.000000000604
1.359375000000,2.695312500000,0.000000000444
1.359375000000,2.718750000000,0.000000000289
1.359375000000,2.742187500000,0.000000000135
1.359375000000,2.765625000000,-0.000000000018
1.359375000000,2.789062500000,-0.000000000167
1.359375000000,2.812500000000,-0.000000000319
1.359375000000,2.835937500000,-0.000000000465
1.359375000000,2.859375000000,-0.000000000610
1.359375000000,2.882812500000,-0.000000000752
1.359375000000,2.906250000000,-0.000000000892
1.359375000000,2.929687500000,-0.000000001031
1.359375000000,2.953125000000,-0.000000001167
1.359375000000,2.976562500000,-0.000000001300
1.359375000000,3.000000000000,0.000000000000
1.382812500000,0.000000000000,0.000000000000
1.382812500000,0.023437500000,0.000000003380
1.382812500000,0.046875000000,0.000000003655
1.382812500000,0.070312500000,0.000000003919
1.382812500000,0.093750000000,0.000000004179
1.382812500000,0.117187500000,0.000000004436
1.382812500000,0.140625000000,0.000000004681
1.382812500000,0.164062500000,0.000000004924
1.382812500000,0.187500000000,0.000000005164
1.382812500000,0.210937500000,0.000000005390
1.382812500000,0.234375000000,0.000000005612
1.382812500000,0.257812500000,0.000000005833
1.382812500000,0.281250000000,0.000000006044
1.382812500000,0.304687500000,0.000000006254
1.382812500000,0.328125000000,0.000000006446
1.382812500000,0.351562500000,0.000000006640
1.382812500000,0.375000000000,0.000000006825
1.382812500000,0.398437500000,0.000000007004
1.382812500000,0.421875000000,0.000000007178
1.382812500000,0.445312500000,0.000000007343
1.382812500000,0.468750000000,0.000000007500
1.382812500000,0.492187500000,0.000000007654
1.382812500000,0.515625000000,0.000000007803
1.382812500000,0.539062500000,0.000000007939
1.382812500000,0.562500000000,0.000000008071
1.382812500000,0.585937500000,0.000000008200
1.382812500000,0.609375000000,0.000000008313
1.382812500000,0.632812500000,0.000000008428
1.382812500000,0.656250000000,0.000000008537
1.382812500000,0.679687500000,0.000000008632
1.382812500000,0.703125000000,0.000000008725
1.382812500000,0.726562500000,0.000000008811
1.382812500000,0.750000000000,0.000000008889
1.382812500000,0.773437500000,0.000000008958
1.382812500000,0.796875000000,0.000000009028
1.382812500000,0.820312500000,0.000000009087
1.382812500000,0.843750000000,0.000000009138
1.382812500000,0.867187500000,0.000000009183
1.382812500000,0.890625000000,0.000000009225
1.382812500000,0.914062500000,0.000000009256
1.382812500000,0.937500000000,0.000000009285
1.382812500000,0.960937500000,0.000000009305
1.382812500000,0.984375000000,0.000000009321
1.382812500000,1.007812500000,0.000000009328
1.382812500000,1.031250000000,0.000000009333
1.382812500000,1.054687500000,0.000000009330
1.382812500000,1.078125000000,0.000000009319
1.382812500000,1.101562500000,0.000000009304
1.382812500000,1.125000000000,0.000000009282
1.382812500000,1.148437500000,0.000000009257
1.382812500000,1.171875000000,0.000000009225
1.382812500000,1.195312500000,0.000000009191
1.382812500000,1.218750000000,0.000000009144
1.382812500000,1.242187500000,0.000000009097
1.382812500000,1.265625000000,0.000000009044
1.382812500000,1.289062500000,0.000000008986
1.382812500000,1.312500000000,0.000000008922
1.382812500000,1.335937500000,0.000000008852
1.382812500000,1.359375000000,0.000000008781
1.382812500000,1.382812500000,0.000000008701
1.382812500000,1.406250000000,0.000000008624
1.382812500000,1.429687500000,0.000000008531
1.382812500000,1.453125000000,0.000000008438
1.382812500000,1.476562500000,0.000000008346
1.382812500000,1.500000000000,0.000000008248
1.382812500000,1.523437500000,0.000000008142
1.382812500000,1.546875000000,0.000000008037
1.382812500000,1.570312500000,0.000000007918
1.382812500000,1.593750000000,0.000000007807
1.382812500000,1.617187500000,0.000000007689
1.382812500000,1.640625000000,0.000000007568
1.382812500000,1.664062500000,0.000000007441
1.382812500000,1.687500000000,0.000000007314
1.382812500000,1.710937500000,0.000000007182
1.382812500000,1.734375000000,0.000000007044
1.382812500000,1.757812500000,0.000000006907
1.382812500000,1.781250000000,0.000000006768
1.382812500000,1.804687500000,0.000000006625
1.382812500000,1.828125000000,0.000000006479
1.382812500000,1.851562500000,0.000000006331
1.382812500000,1.875000000000,0.000000006182
1.382812500000,1.898437500000,0.000000006031
1.382812500000,1.921875000000,0.000000005875
1.382812500000,1.945312500000,0.000000005719
1.382812500000,1.968750000000,0.000000005561
1.382812500000,1.992187500000,0.000000005403
1.382812500000,2.015625000000,0.000000005242
1.382812500000,2.039062500000,0.000000005079
1.382812500000,2.062500000000,0.000000004916
1.382812500000,2.085937500000,0.000000004750
1.382812500000,2.109375000000,0.000000004585
1.382812500000,2.132812500000,0.000000004418
1.382812500000,2.156250000000,0.000000004253
1.382812500000,2.179687500000,0.000000004083
1.382812500000,2.203125000000,0.000000003915
1.382812500000,2.226562500000,0.000000003746
1.382812500000,2.250000000000,0.000000003572
1.382812500000,2.273437500000,0.000000003408
1.382812500000,2.296875000000,0.000000003235
1.382812500000,2.320312500000,0.000000003064
1.382812500000,2.343750000000,0.000000002899
1.382812500000,2.367187500000,0.000000002724
1.382812500000,2.390625000000,0.000000002558
1.382812500000,2.414062500000,0.000000002390
1.382812500000,2.437500000000,0.000000002223
1.382812500000,2.460937500000,0.000000002052
1.382812500000,2.484375000000,0.000000001887
1.382812500000,2.507812500000,0.000000001717
1.382812500000,2.531250000000,0.000000001556
1.382812500000,2.554687500000,0.000000001395
1.382812500000,2.578125000000,0.000000001222
1.382812500000,2.601562500000,0.000000001067
1.382812500000,2.625000000000,0.000000000905
1.382812500000,2.648437500000,0.000000000745
1.382812500000,2.671875000000,0.000000000587
1.382812500000,2.695312500000,0.000000000431
1.382812500000,2.718750000000,0.000000000276
1.382812500000,2.742187500000,0.000000000124
1.382812500000,2.765625000000,-0.000000000028
1.382812500000,2.789062500000,-0.000000000175
1.382812500000,2.812500000000,-0.000000000324
1.382812500000,2.835937500000,-0.000000000470
1.382812500000,2.859375000000,-0.000000000613
1.382812500000,2.882812500000,-0.000000000755
1.382812500000,2.906250000000,-0.000000000893
1.382812500000,2.929687500000,-0.000000001031
1.382812500000,2.953125000000,-0.000000001164
1.382812500000,2.976562500000,-0.000000001298
1.382812500000,3.000000000000,0.000000000000
1.406250000000,0.000000000000,0.000000000000
1.406250000000,0.023437500000,0.000000003368
1.406250000000,0.046875000000,0.000000003639
1.406250000000,0.070312500000,0.000000003899
1.406250000000,0.093750000000,0.000000004158
1.406250000000,0.117187500000,0.000000004409
1.406250000000,0.140625000000,0.000000004655
1.406250000000,0.164062500000,0.000000004896
1.406250000000,0.187500000000,0.000000005128
1.406250000000,0.210937500000,0.000000005358
1.406250000000,0.234375000000,0.000000005579
1.406250000000,0.257812500000,0.000000005797
1.406250000000,0.281250000000,0.000000006004
1.406250000000,0.304687500000,0.000000006206
1.406250000000,0.328125000000,0.000000006406
1.406250000000,0.351562500000,0.000000006589
1.406250000000,0.375000000000,0.000000006779
1.406250000000,0.398437500000,0.000000006953
1.406250000000,0.421875000000,0.000000007124
1.406250000000,0.445312500000,0.000000007288
1.406250000000,0.468750000000,0.000000007451
1.406250000000,0.492187500000,0.000000007595
1.406250000000,0.515625000000,0.000000007740
1.406250000000,0.539062500000,0.000000007878
1.406250000000,0.562500000000,0.000000008006
1.406250000000,0.585937500000,0.000000008130
1.406250000000,0.609375000000,0.000000008254
1.406250000000,0.632812500000,0.000000008362
1.406250000000,0.656250000000,0.000000008465
1.406250000000,0.679687500000,0.000000008561
1.406250000000,0.703125000000,0.000000008653
1.406250000000,0.726562500000,0.000000008737
1.406250000000,0.750000000000,0.000000008816
1.406250000000,0.773437500000,0.000000008885
1.406250000000,0.796875000000,0.000000008951
1.406250000000,0.820312500000,0.000000009010
1.406250000000,0.843750000000,0.000000009060
1.406250000000,0.867187500000,0.000000009105
1.406250000000,0.890625000000,0.000000009146
1.406250000000,0.914062500000,0.000000009179
1.406250000000,0.937500000000,0.000000009203
1.406250000000,0.960937500000,0.000000009226
1.406250000000,0.984375000000,0.000000009237
1.406250000000,1.007812500000,0.000000009247
1.406250000000,1.031250000000,0.000000009250
1.406250000000,1.054687500000,0.000000009245
1.406250000000,1.078125000000,0.000000009236
1.406250000000,1.101562500000,0.000000009219
1.406250000000,1.125000000000,0.000000009200
1.406250000000,1.148437500000,0.000000009171
1.406250000000,1.171875000000,0.000000009144
1.406250000000,1.195312500000,0.000000009102
1.406250000000,1.218750000000,0.000000009062
1.406250000000,1.242187500000,0.000000009012
1.406250000000,1.265625000000,0.000000008957
1.406250000000,1.289062500000,0.000000008902
1.406250000000,1.312500000000,0.000000008837
1.406250000000,1.335937500000,0.000000008768
1.406250000000,1.359375000000,0.000000008698
1.406250000000,1.382812500000,0.000000008620
1.406250000000,1.406250000000,0.000000008533
1.406250000000,1.429687500000,0.000000008454
1.406250000000,1.453125000000,0.000000008364
1.406250000000,1.476562500000,0.000000008263
1.406250000000,1.500000000000,0.000000008166
1.406250000000,1.523437500000,0.000000008063
1.406250000000,1.546875000000,0.000000007955
1.406250000000,1.570312500000,0.000000007849
1.406250000000,1.593750000000,0.000000007733
1.406250000000,1.617187500000,0.000000007614
1.406250000000,1.640625000000,0.000000007495
1.406250000000,1.664062500000,0.000000007365
1.406250000000,1.687500000000,0.000000007238
1.406250000000,1.710937500000,0.000000007107
1.406250000000,1.734375000000,0.000000006976
1.406250000000,1.757812500000,0.000000006841
1.406250000000,1.781250000000,0.000000006699
1.406250000000,1.804687500000,0.000000006560
1.406250000000,1.828125000000,0.000000006414
1.406250000000,1.851562500000,0.000000006268
1.406250000000,1.875000000000,0.000000006117
1.406250000000,1.898437500000,0.000000005966
1.406250000000,1.921875000000,0.000000005813
1.406250000000,1.945312500000,0.000000005659
1.406250000000,1.968750000000,0.000000005503
1.406250000000,1.992187500000,0.000000005344
1.406250000000,2.015625000000,0.000000005186
1.406250000000,2.039062500000,0.000000005024
1.406250000000,2.062500000000,0.000000004861
1.406250000000,2.085937500000,0.000000004697
1.406250000000,2.109375000000,0.000000004536
1.406250000000,2.132812500000,0.000000004370
1.406250000000,2.156250000000,0.000000004201
1.406250000000,2.179687500000,0.000000004038
1.406250000000,2.203125000000,0.000000003868
1.406250000000,2.226562500000,0.000000003700
1.406250000000,2.250000000000,0.000000003536
1.406250000000,2.273437500000,0.000000003362
1.406250000000,2.296875000000,0.000000003197
1.406250000000,2.320312500000,0.000000003028
1.406250000000,2.343750000000,0.000000002861
1.406250000000,2.367187500000,0.000000002691
1.406250000000,2.390625000000,0.000000002528
1.406250000000,2.414062500000,0.000000002356
1.406250000000,2.437500000000,0.000000002190
1.406250000000,2.460937500000,0.000000002024
1.406250000000,2.484375000000,0.000000001861
1.406250000000,2.507812500000,0.000000001694
1.406250000000,2.531250000000,0.000000001531
1.406250000000,2.554687500000,0.000000001364
1.406250000000,2.578125000000,0.000000001209
1.406250000000,2.601562500000,0.000000001043
1.406250000000,2.625000000000,0.000000000887
1.406250000000,2.648437500000,0.000000000730
1.406250000000,2.671875000000,0.000000000573
1.406250000000,2.695312500000,0.000000000418
1.406250000000,2.718750000000,0.000000000267
1.406250000000,2.742187500000,0.000000000110
1.406250000000,2.765625000000,-0.000000000039
1.406250000000,2.789062500000,-0.000000000186
1.406250000000,2.812500000000,-0.000000000329
1.406250000000,2.835937500000,-0.000000000472
1.406250000000,2.859375000000,-0.000000000616
1.406250000000,2.882812500000,-0.000000000756
1.406250000000,2.906250000000,-0.000000000894
1.406250000000,2.929687500000,-0.000000001030
1.406250000000,2.953125000000,-0.000000001163
1.406250000000,2.976562500000,-0.000000001293
1.406250000000,3.000000000000,0.000000000000
1.429687500000,0.000000000000,0.000000000000
1.429687500000,0.023437500000,0.000000003351
1.429687500000,0.046875000000,0.000000003620
1.429687500000,0.070312500000,0.000000003880
1.429687500000,0.093750000000,0.000000004133
1.429687500000,0.117187500000,0.000000004383
1.429687500000,0.140625000000,0.000000004625
1.429687500000,0.164062500000,0.000000004865
1.429687500000,0.187500000000,0.000000005096
1.429687500000,0.210937500000,0.000000005317
1.429687500000,0.234375000000,0.000000005539
1.429687500000,0.257812500000,0.000000005753
1.429687500000,0.281250000000,0.000000005965
1.429687500000,0.304687500000,0.000000006158
1.429687500000,0.328125000000,0.000000006358
1.429687500000,0.351562500000,0.000000006540
1.429687500000,0.375000000000,0.000000006725
1.429687500000,0.398437500000,0.000000006897
1.429687500000,0.421875000000,0.000000007068
1.429687500000,0.445312500000,0.000000007229
1.429687500000,0.468750000000,0.000000007382
1.429687500000,0.492187500000,0.000000007534
1.429687500000,0.515625000000,0.000000007675
1.429687500000,0.539062500000,0.000000007812
1.429687500000,0.562500000000,0.000000007940
1.429687500000,0.585937500000,0.000000008065
1.429687500000,0.609375000000,0.000000008177
1.429687500000,0.632812500000,0.000000008287
1.429687500000,0.656250000000,0.000000008391
1.429687500000,0.679687500000,0.000000008487
1.429687500000,0.703125000000,0.000000008575
1.429687500000,0.726562500000,0.000000008657
1.429687500000,0.750000000000,0.000000008736
1.429687500000,0.773437500000,0.000000008804
1.429687500000,0.796875000000,0.000000008871
1.429687500000,0.820312500000,0.000000008925
1.429687500000,0.843750000000,0.000000008978
1.429687500000,0.867187500000,0.000000009023
1.429687500000,0.890625000000,0.000000009060
1.429687500000,0.914062500000,0.000000009091
1.429687500000,0.937500000000,0.000000009119
1.429687500000,0.960937500000,0.000000009136
1.429687500000,0.984375000000,0.000000009151
1.429687500000,1.007812500000,0.000000009161
1.429687500000,1.031250000000,0.000000009160
1.429687500000,1.054687500000,0.000000009157
1.429687500000,1.078125000000,0.000000009146
1.429687500000,1.101562500000,0.000000009130
1.429687500000,1.125000000000,0.000000009113
1.429687500000,1.148437500000,0.000000009085
1.429687500000,1.171875000000,0.000000009048
1.429687500000,1.195312500000,0.000000009020
1.429687500000,1.218750000000,0.000000008971
1.429687500000,1.242187500000,0.000000008923
1.429687500000,1.265625000000,0.000000008873
1.429687500000,1.289062500000,0.000000008814
1.429687500000,1.312500000000,0.000000008750
1.429687500000,1.335937500000,0.000000008683
1.429687500000,1.359375000000,0.000000008609
1.429687500000,1.382812500000,0.000000008536
1.429687500000,1.406250000000,0.000000008453
1.429687500000,1.429687500000,0.000000008365
1.429687500000,1.453125000000,0.000000008275
1.429687500000,1.476562500000,0.000000008181
1.429687500000,1.500000000000,0.000000008085
1.429687500000,1.523437500000,0.000000007978
1.429687500000,1.546875000000,0.000000007872
1.429687500000,1.570312500000,0.000000007764
1.429687500000,1.593750000000,0.000000007650
1.429687500000,1.617187500000,0.000000007535
1.429687500000,1.640625000000,0.000000007414
1.429687500000,1.664062500000,0.000000007294
1.429687500000,1.687500000000,0.000000007163
1.429687500000,1.710937500000,0.000000007036
1.429687500000,1.734375000000,0.000000006903
1.429687500000,1.757812500000,0.000000006765
1.429687500000,1.781250000000,0.000000006626
1.429687500000,1.804687500000,0.000000006486
1.429687500000,1.828125000000,0.000000006340
1.429687500000,1.851562500000,0.000000006198
1.429687500000,1.875000000000,0.000000006051
1.429687500000,1.898437500000,0.000000005901
1.429687500000,1.921875000000,0.000000005749
1.429687500000,1.945312500000,0.000000005595
1.429687500000,1.968750000000,0.000000005440
1.429687500000,1.992187500000,0.000000005285
1.429687500000,2.015625000000,0.000000005125
1.429687500000,2.039062500000,0.000000004965
1.429687500000,2.062500000000,0.000000004806
1.429687500000,2.085937500000,0.000000004643
1.429687500000,2.109375000000,0.000000004481
1.429687500000,2.132812500000,0.000000004316
1.429687500000,2.156250000000,0.000000004154
1.429687500000,2.179687500000,0.000000003985
1.429687500000,2.203125000000,0.000000003819
1.429687500000,2.226562500000,0.000000003655
1.429687500000,2.250000000000,0.000000003493
1.429687500000,2.273437500000,0.000000003321
1.429687500000,2.296875000000,0.000000003156
1.429687500000,2.320312500000,0.000000002988
1.429687500000,2.343750000000,0.000000002824
1.429687500000,2.367187500000,0.000000002654
1.429687500000,2.390625000000,0.000000002491
1.429687500000,2.414062500000,0.000000002326
1.429687500000,2.437500000000,0.000000002160
1.429687500000,2.460937500000,0.000000001993
1.429687500000,2.484375000000,0.000000001828
1.429687500000,2.507812500000,0.000000001669
1.429687500000,2.531250000000,0.000000001507
1.429687500000,2.554687500000,0.000000001345
1.429687500000,2.578125000000,0.000000001186
1.429687500000,2.601562500000,0.000000001027
1.429687500000,2.625000000000,0.000000000869
1.429687500000,2.648437500000,0.000000000713
1.429687500000,2.671875000000,0.000000000560
1.429687500000,2.695312500000,0.000000000407
1.429687500000,2.718750000000,0.000000000249
1.429687500000,2.742187500000,0.000000000107
1.429687500000,2.765625000000,-0.000000000043
1.429687500000,2.789062500000,-0.000000000193
1.429687500000,2.812500000000,-0.000000000338
1.429687500000,2.835937500000,-0.000000000479
1.429687500000,2.859375000000,-0.000000000618
1.429687500000,2.882812500000,-0.000000000759
1.429687500000,2.906250000000,-0.000000000895
1.429687500000,2.929687500000,-0.000000001029
1.429687500000,2.953125000000,-0.000000001160
1.429687500000,2.976562500000,-0.000000001289
1.429687500000,3.000000000000,0.000000000000
1.453125000000,0.000000000000,0.000000000000
1.453125000000,0.023437500000,0.000000003336
1.453125000000,0.046875000000,0.000000003600
1.453125000000,0.070312500000,0.000000003855
1.453125000000,0.093750000000,0.000000004108
1.453125000000,0.117187500000,0.000000004355
1.453125000000,0.140625000000,0.000000004595
1.453125000000,0.164062500000,0.000000004830
1.453125000000,0.187500000000,0.000000005057
1.453125000000,0.210937500000,0.000000005281
1.453125000000,0.234375000000,0.000000005497
1.453125000000,0.257812500000,0.000000005709
1.453125000000,0.281250000000,0.000000005909
1.453125000000,0.304687500000,0.000000006111
1.453125000000,0.328125000000,0.000000006298
1.453125000000,0.351562500000,0.000000006490
1.453125000000,0.375000000000,0.000000006663
1.453125000000,0.398437500000,0.000000006840
1.453125000000,0.421875000000,0.000000007004
1.453125000000,0.445312500000,0.000000007168
1.453125000000,0.468750000000,0.000000007322
1.453125000000,0.492187500000,0.000000007465
1.453125000000,0.515625000000,0.000000007611
1.453125000000,0.539062500000,0.000000007738
1.453125000000,0.562500000000,0.000000007867
1.453125000000,0.585937500000,0.000000007990
1.453125000000,0.609375000000,0.000000008100
1.453125000000,0.632812500000,0.000000008213
1.453125000000,0.656250000000,0.000000008310
1.453125000000,0.679687500000,0.000000008409
1.453125000000,0.703125000000,0.000000008499
1.453125000000,0.726562500000,0.000000008577
1.453125000000,0.750000000000,0.000000008649
1.453125000000,0.773437500000,0.000000008722
1.453125000000,0.796875000000,0.000000008782
1.453125000000,0.820312500000,0.000000008839
1.453125000000,0.843750000000,0.000000008889
1.453125000000,0.867187500000,0.000000008933
1.453125000000,0.890625000000,0.000000008971
1.453125000000,0.914062500000,0.000000009002
1.453125000000,0.937500000000,0.000000009026
1.453125000000,0.960937500000,0.000000009046
1.453125000000,0.984375000000,0.000000009059
1.453125000000,1.007812500000,0.000000009067
1.453125000000,1.031250000000,0.000000009068
1.453125000000,1.054687500000,0.000000009062
1.453125000000,1.078125000000,0.000000009056
1.453125000000,1.101562500000,0.000000009037
1.453125000000,1.125000000000,0.000000009017
1.453125000000,1.148437500000,0.000000008989
1.453125000000,1.171875000000,0.000000008960
1.453125000000,1.195312500000,0.000000008917
1.453125000000,1.218750000000,0.000000008878
1.453125000000,1.242187500000,0.000000008831
1.453125000000,1.265625000000,0.000000008778
1.453125000000,1.289062500000,0.000000008716
1.453125000000,1.312500000000,0.000000008657
1.453125000000,1.335937500000,0.000000008590
1.453125000000,1.359375000000,0.000000008515
1.453125000000,1.382812500000,0.000000008440
1.453125000000,1.406250000000,0.000000008360
1.453125000000,1.429687500000,0.000000008277
1.453125000000,1.453125000000,0.000000008184
1.453125000000,1.476562500000,0.000000008091
1.453125000000,1.500000000000,0.000000007995
1.453125000000,1.523437500000,0.000000007896
1.453125000000,1.546875000000,0.000000007789
1.453125000000,1.570312500000,0.000000007681
1.453125000000,1.593750000000,0.000000007564
1.453125000000,1.617187500000,0.000000007451
1.453125000000,1.640625000000,0.000000007329
1.453125000000,1.664062500000,0.000000007205
1.453125000000,1.687500000000,0.000000007079
1.453125000000,1.710937500000,0.000000006952
1.453125000000,1.734375000000,0.000000006824
1.453125000000,1.757812500000,0.000000006687
1.453125000000,1.781250000000,0.000000006551
1.453125000000,1.804687500000,0.000000006411
1.453125000000,1.828125000000,0.000000006272
1.453125000000,1.851562500000,0.000000006126
1.453125000000,1.875000000000,0.000000005979
1.453125000000,1.898437500000,0.000000005831
1.453125000000,1.921875000000,0.000000005682
1.453125000000,1.945312500000,0.000000005530
1.453125000000,1.968750000000,0.000000005376
1.453125000000,1.992187500000,0.000000005222
1.453125000000,2.015625000000,0.000000005063
1.453125000000,2.039062500000,0.000000004906
1.453125000000,2.062500000000,0.000000004747
1.453125000000,2.085937500000,0.000000004587
1.453125000000,2.109375000000,0.000000004425
1.453125000000,2.132812500000,0.000000004263
1.453125000000,2.156250000000,0.000000004101
1.453125000000,2.179687500000,0.000000003936
1.453125000000,2.203125000000,0.000000003774
1.453125000000,2.226562500000,0.000000003607
1.453125000000,2.250000000000,0.000000003443
1.453125000000,2.273437500000,0.000000003280
1.453125000000,2.296875000000,0.000000003114
1.453125000000,2.320312500000,0.000000002950
1.453125000000,2.343750000000,0.000000002784
1.453125000000,2.367187500000,0.000000002616
1.453125000000,2.390625000000,0.000000002456
1.453125000000,2.414062500000,0.000000002287
1.453125000000,2.437500000000,0.000000002130
1.453125000000,2.460937500000,0.000000001968
1.453125000000,2.484375000000,0.000000001804
1.453125000000,2.507812500000,0.000000001641
1.453125000000,2.531250000000,0.000000001481
1.453125000000,2.554687500000,0.000000001323
1.453125000000,2.578125000000,0.000000001164
1.453125000000,2.601562500000,0.000000001008
1.453125000000,2.625000000000,0.000000000851
1.453125000000,2.648437500000,0.000000000693
1.453125000000,2.671875000000,0.000000000543
1.453125000000,2.695312500000,0.000000000391
1.453125000000,2.718750000000,0.000000000240
1.453125000000,2.742187500000,0.000000000093
1.453125000000,2.765625000000,-0.000000000053
1.453125000000,2.789062500000,-0.000000000197
1.453125000000,2.812500000000,-0.000000000342
1.453125000000,2.835937500000,-0.000000000483
1.453125000000,2.859375000000,-0.000000000622
1.453125000000,2.882812500000,-0.000000000758
1.453125000000,2.906250000000,-0.000000000893
1.453125000000,2.929687500000,-0.000000001025
1.453125000000,2.953125000000,-0.000000001157
1.453125000000,2.976562500000,-0.000000001284
1.453125000000,3.000000000000,0.000000000000
1.476562500000,0.000000000000,0.000000000000
1.476562500000,0.023437500000,0.000000003318
1.476562500000,0.046875000000,0.000000003578
1.476562500000,0.070312500000,0.000000003828
1.476562500000,0.093750000000,0.000000004081
1.476562500000,0.117187500000,0.000000004322
1.476562500000,0.140625000000,0.000000004563
1.476562500000,0.164062500000,0.000000004787
1.476562500000,0.187500000000,0.000000005018
1.476562500000,0.210937500000,0.000000005240
1.476562500000,0.234375000000,0.000000005448
1.476562500000,0.257812500000,0.000000005661
1.476562500000,0.281250000000,0.000000005860
1.476562500000,0.304687500000,0.000000006058
1.476562500000,0.328125000000,0.000000006246
1.476562500000,0.351562500000,0.000000006430
1.476562500000,0.375000000000,0.000000006606
1.476562500000,0.398437500000,0.000000006773
1.476562500000,0.421875000000,0.000000006940
1.476562500000,0.445312500000,0.000000007099
1.476562500000,0.468750000000,0.000000007249
1.476562500000,0.492187500000,0.000000007394
1.476562500000,0.515625000000,0.000000007531
1.476562500000,0.539062500000,0.000000007666
1.476562500000,0.562500000000,0.000000007793
1.476562500000,0.585937500000,0.000000007907
1.476562500000,0.609375000000,0.000000008022
1.476562500000,0.632812500000,0.000000008131
1.476562500000,0.656250000000,0.000000008226
1.476562500000,0.679687500000,0.000000008323
1.476562500000,0.703125000000,0.000000008406
1.476562500000,0.726562500000,0.000000008491
1.476562500000,0.750000000000,0.000000008561
1.476562500000,0.773437500000,0.000000008632
1.476562500000,0.796875000000,0.000000008692
1.476562500000,0.820312500000,0.000000008746
1.476562500000,0.843750000000,0.000000008797
1.476562500000,0.867187500000,0.000000008840
1.476562500000,0.890625000000,0.000000008876
1.476562500000,0.914062500000,0.000000008907
1.476562500000,0.937500000000,0.000000008932
1.476562500000,0.960937500000,0.000000008949
1.476562500000,0.984375000000,0.000000008963
1.476562500000,1.007812500000,0.000000008971
1.476562500000,1.031250000000,0.000000008970
1.476562500000,1.054687500000,0.000000008967
1.476562500000,1.078125000000,0.000000008957
1.476562500000,1.101562500000,0.000000008939
1.476562500000,1.125000000000,0.000000008919
1.476562500000,1.148437500000,0.000000008890
1.476562500000,1.171875000000,0.000000008862
1.476562500000,1.195312500000,0.000000008821
1.476562500000,1.218750000000,0.000000008780
1.476562500000,1.242187500000,0.000000008732
1.476562500000,1.265625000000,0.000000008680
1.476562500000,1.289062500000,0.000000008622
1.476562500000,1.312500000000,0.000000008557
1.476562500000,1.335937500000,0.000000008494
1.476562500000,1.359375000000,0.000000008423
1.476562500000,1.382812500000,0.000000008345
1.476562500000,1.406250000000,0.000000008265
1.476562500000,1.429687500000,0.000000008180
1.476562500000,1.453125000000,0.000000008093
1.476562500000,1.476562500000,0.000000007997
1.476562500000,1.500000000000,0.000000007900
1.476562500000,1.523437500000,0.000000007801
1.476562500000,1.546875000000,0.000000007696
1.476562500000,1.570312500000,0.000000007589
1.476562500000,1.593750000000,0.000000007478
1.476562500000,1.617187500000,0.000000007360
1.476562500000,1.640625000000,0.000000007246
1.476562500000,1.664062500000,0.000000007125
1.476562500000,1.687500000000,0.000000006997
1.476562500000,1.710937500000,0.000000006870
1.476562500000,1.734375000000,0.000000006742
1.476562500000,1.757812500000,0.000000006605
1.476562500000,1.781250000000,0.000000006473
1.476562500000,1.804687500000,0.000000006333
1.476562500000,1.828125000000,0.000000006192
1.476562500000,1.851562500000,0.000000006053
1.476562500000,1.875000000000,0.000000005906
1.476562500000,1.898437500000,0.000000005759
1.476562500000,1.921875000000,0.000000005611
1.476562500000,1.945312500000,0.000000005460
1.476562500000,1.968750000000,0.000000005308
1.476562500000,1.992187500000,0.000000005154
1.476562500000,2.015625000000,0.000000005000
1.476562500000,2.039062500000,0.000000004844
1.476562500000,2.062500000000,0.000000004686
1.476562500000,2.085937500000,0.000000004529
1.476562500000,2.109375000000,0.000000004366
1.476562500000,2.132812500000,0.000000004208
1.476562500000,2.156250000000,0.000000004047
1.476562500000,2.179687500000,0.000000003884
1.476562500000,2.203125000000,0.000000003720
1.476562500000,2.226562500000,0.000000003561
1.476562500000,2.250000000000,0.000000003396
1.476562500000,2.273437500000,0.000000003233
1.476562500000,2.296875000000,0.000000003071
1.476562500000,2.320312500000,0.000000002905
1.476562500000,2.343750000000,0.000000002745
1.476562500000,2.367187500000,0.000000002579
1.476562500000,2.390625000000,0.000000002419
1.476562500000,2.414062500000,0.000000002256
1.476562500000,2.437500000000,0.000000002089
1.476562500000,2.460937500000,0.000000001932
1.476562500000,2.484375000000,0.000000001771
1.476562500000,2.507812500000,0.000000001619
1.476562500000,2.531250000000,0.000000001452
1.476562500000,2.554687500000,0.000000001294
1.476562500000,2.578125000000,0.000000001137
1.476562500000,2.601562500000,0.000000000986
1.476562500000,2.625000000000,0.000000000833
1.476562500000,2.648437500000,0.000000000679
1.476562500000,2.671875000000,0.000000000528
1.476562500000,2.695312500000,0.000000000375
1.476562500000,2.718750000000,0.000000000228
1.476562500000,2.742187500000,0.000000000080
1.476562500000,2.765625000000,-0.000000000065
1.476562500000,2.789062500000,-0.000000000205
1.476562500000,2.812500000000,-0.000000000349
1.476562500000,2.835937500000,-0.000000000487
1.476562500000,2.859375000000,-0.000000000624
1.476562500000,2.882812500000,-0.000000000759
1.476562500000,2.906250000000,-0.000000000892
1.476562500000,2.929687500000,-0.000000001024
1.476562500000,2.953125000000,-0.000000001152
1.476562500000,2.976562500000,-0.000000001279
1.476562500000,3.000000000000,0.000000000000
1.500000000000,0.000000000000,0.000000000000
1.500000000000,0.023437500000,0.000000003297
1.500000000000,0.046875000000,0.000000003551
1.500000000000,0.070312500000,0.000000003805
1.500000000000,0.093750000000,0.000000004048
1.500000000000,0.117187500000,0.000000004290
1.500000000000,0.140625000000,0.000000004522
1.500000000000,0.164062500000,0.000000004755
1.500000000000,0.187500000000,0.000000004972
1.500000000000,0.210937500000,0.000000005190
1.500000000000,0.234375000000,0.000000005407
1.500000000000,0.257812500000,0.000000005606
1.500000000000,0.281250000000,0.000000005807
1.500000000000,0.304687500000,0.000000006002
1.500000000000,0.328125000000,0.000000006188
1.500000000000,0.351562500000,0.000000006366
1.500000000000,0.375000000000,0.000000006545
1.500000000000,0.398437500000,0.000000006711
1.500000000000,0.421875000000,0.000000006875
1.500000000000,0.445312500000,0.000000007027
1.500000000000,0.468750000000,0.000000007179
1.500000000000,0.492187500000,0.000000007323
1.500000000000,0.515625000000,0.000000007458
1.500000000000,0.539062500000,0.000000007586
1.500000000000,0.562500000000,0.000000007712
1.500000000000,0.585937500000,0.000000007829
1.500000000000,0.609375000000,0.000000007937
1.500000000000,0.632812500000,0.000000008043
1.500000000000,0.656250000000,0.000000008140
1.500000000000,0.679687500000,0.000000008235
1.500000000000,0.703125000000,0.000000008319
1.500000000000,0.726562500000,0.000000008401
1.500000000000,0.750000000000,0.000000008470
1.500000000000,0.773437500000,0.000000008539
1.500000000000,0.796875000000,0.000000008597
1.500000000000,0.820312500000,0.000000008652
1.500000000000,0.843750000000,0.000000008703
1.500000000000,0.867187500000,0.000000008742
1.500000000000,0.890625000000,0.000000008778
1.500000000000,0.914062500000,0.000000008807
1.500000000000,0.937500000000,0.000000008832
1.500000000000,0.960937500000,0.000000008850
1.500000000000,0.984375000000,0.000000008862
1.500000000000,1.007812500000,0.000000008868
1.500000000000,1.031250000000,0.000000008868
1.500000000000,1.054687500000,0.000000008865
1.500000000000,1.078125000000,0.000000008853
1.500000000000,1.101562500000,0.000000008835
1.500000000000,1.125000000000,0.000000008816
1.500000000000,1.148437500000,0.000000008790
1.500000000000,1.171875000000,0.000000008755
1.500000000000,1.195312500000,0.000000008719
1.500000000000,1.218750000000,0.000000008674
1.500000000000,1.242187500000,0.000000008632
1.500000000000,1.265625000000,0.000000008581
1.500000000000,1.289062500000,0.000000008521
1.500000000000,1.312500000000,0.000000008460
1.500000000000,1.335937500000,0.000000008389
1.500000000000,1.359375000000,0.000000008321
1.500000000000,1.382812500000,0.000000008247
1.500000000000,1.406250000000,0.000000008166
1.500000000000,1.429687500000,0.000000008085
1.500000000000,1.453125000000,0.000000007992
1.500000000000,1.476562500000,0.000000007902
1.500000000000,1.500000000000,0.000000007812
1.500000000000,1.523437500000,0.000000007703
1.500000000000,1.546875000000,0.000000007604
1.500000000000,1.570312500000,0.000000007497
1.500000000000,1.593750000000,0.000000007385
1.500000000000,1.617187500000,0.000000007272
1.500000000000,1.640625000000,0.000000007156
1.500000000000,1.664062500000,0.000000007033
1.500000000000,1.687500000000,0.000000006911
1.500000000000,1.710937500000,0.000000006785
1.500000000000,1.734375000000,0.000000006656
1.500000000000,1.757812500000,0.000000006524
1.500000000000,1.781250000000,0.000000006392
1.500000000000,1.804687500000,0.000000006251
1.500000000000,1.828125000000,0.000000006112
1.500000000000,1.851562500000,0.000000005971
1.500000000000,1.875000000000,0.000000005830
1.500000000000,1.898437500000,0.000000005685
1.500000000000,1.921875000000,0.000000005539
1.500000000000,1.945312500000,0.000000005389
1.500000000000,1.968750000000,0.000000005239
1.500000000000,1.992187500000,0.000000005085
1.500000000000,2.015625000000,0.000000004933
1.500000000000,2.039062500000,0.000000004777
1.500000000000,2.062500000000,0.000000004625
1.500000000000,2.085937500000,0.000000004463
1.500000000000,2.109375000000,0.000000004311
1.500000000000,2.132812500000,0.000000004148
1.500000000000,2.156250000000,0.000000003990
1.500000000000,2.179687500000,0.000000003829
1.500000000000,2.203125000000,0.000000003669
1.500000000000,2.226562500000,0.000000003510
1.500000000000,2.250000000000,0.000000003345
1.500000000000,2.273437500000,0.000000003186
1.500000000000,2.296875000000,0.000000003025
1.500000000000,2.320312500000,0.000000002862
1.500000000000,2.343750000000,0.000000002704
1.500000000000,2.367187500000,0.000000002540
1.500000000000,2.390625000000,0.000000002379
1.500000000000,2.414062500000,0.000000002218
1.500000000000,2.437500000000,0.000000002063
1.500000000000,2.460937500000,0.000000001900
1.500000000000,2.484375000000,0.000000001742
1.500000000000,2.507812500000,0.000000001582
1.500000000000,2.531250000000,0.000000001427
1.500000000000,2.554687500000,0.000000001276
1.500000000000,2.578125000000,0.000000001119
1.500000000000,2.601562500000,0.000000000962
1.500000000000,2.625000000000,0.000000000813
1.500000000000,2.648437500000,0.000000000657
1.500000000000,2.671875000000,0.000000000507
1.500000000000,2.695312500000,0.000000000366
1.500000000000,2.718750000000,0.000000000214
1.500000000000,2.742187500000,0.000000000071
1.500000000000,2.765625000000,-0.000000000070
1.500000000000,2.789062500000,-0.000000000213
1.500000000000,2.812500000000,-0.000000000351
1.500000000000,2.835937500000,-0.000000000490
1.500000000000,2.859375000000,-0.000000000627
1.500000000000,2.882812500000,-0.000000000760
1.500000000000,2.906250000000,-0.000000000890
1.500000000000,2.929687500000,-0.000000001019
1.500000000000,2.953125000000,-0.000000001148
1.500000000000,2.976562500000,-0.000000001272
1.500000000000,3.000000000000,0.000000000000
1.523437500000,0.000000000000,0.000000000000
1.523437500000,0.023437500000,0.000000003273
1.523437500000,0.046875000000,0.000000003527
1.523437500000,0.070312500000,0.000000003774
1.523437500000,0.093750000000,0.000000004015
1.523437500000,0.117187500000,0.000000004253
1.523437500000,0.140625000000,0.000000004483
1.523437500000,0.164062500000,0.000000004709
1.523437500000,0.187500000000,0.000000004933
1.523437500000,0.210937500000,0.000000005143
1.523437500000,0.234375000000,0.000000005352
1.523437500000,0.257812500000,0.000000005557
1.523437500000,0.281250000000,0.000000005749
1.523437500000,0.304687500000,0.000000005945
1.523437500000,0.328125000000,0.000000006128
1.523437500000,0.351562500000,0.000000006304
1.523437500000,0.375000000000,0.000000006473
1.523437500000,0.398437500000,0.000000006639
1.523437500000,0.421875000000,0.000000006802
1.523437500000,0.445312500000,0.000000006954
1.523437500000,0.468750000000,0.000000007099
1.523437500000,0.492187500000,0.000000007238
1.523437500000,0.515625000000,0.000000007377
1.523437500000,0.539062500000,0.000000007504
1.523437500000,0.562500000000,0.000000007625
1.523437500000,0.585937500000,0.000000007744
1.523437500000,0.609375000000,0.000000007850
1.523437500000,0.632812500000,0.000000007954
1.523437500000,0.656250000000,0.000000008052
1.523437500000,0.679687500000,0.000000008140
1.523437500000,0.703125000000,0.000000008223
1.523437500000,0.726562500000,0.000000008300
1.523437500000,0.750000000000,0.000000008372
1.523437500000,0.773437500000,0.000000008437
1.523437500000,0.796875000000,0.000000008498
1.523437500000,0.820312500000,0.000000008550
1.523437500000,0.843750000000,0.000000008597
1.523437500000,0.867187500000,0.000000008641
1.523437500000,0.890625000000,0.000000008675
1.523437500000,0.914062500000,0.000000008705
1.523437500000,0.937500000000,0.000000008726
1.523437500000,0.960937500000,0.000000008746
1.523437500000,0.984375000000,0.000000008756
1.523437500000,1.007812500000,0.000000008762
1.523437500000,1.031250000000,0.000000008764
1.523437500000,1.054687500000,0.000000008756
1.523437500000,1.078125000000,0.000000008746
1.523437500000,1.101562500000,0.000000008732
1.523437500000,1.125000000000,0.000000008710
1.523437500000,1.148437500000,0.000000008679
1.523437500000,1.171875000000,0.000000008650
1.523437500000,1.195312500000,0.000000008616
1.523437500000,1.218750000000,0.000000008571
1.523437500000,1.242187500000,0.000000008522
1.523437500000,1.265625000000,0.000000008473
1.523437500000,1.289062500000,0.000000008415
1.523437500000,1.312500000000,0.000000008354
1.523437500000,1.335937500000,0.000000008288
1.523437500000,1.359375000000,0.000000008216
1.523437500000,1.382812500000,0.000000008146
1.523437500000,1.406250000000,0.000000008061
1.523437500000,1.429687500000,0.000000007977
1.523437500000,1.453125000000,0.000000007895
1.523437500000,1.476562500000,0.000000007801
1.523437500000,1.500000000000,0.000000007706
1.523437500000,1.523437500000,0.000000007607
1.523437500000,1.546875000000,0.000000007508
1.523437500000,1.570312500000,0.000000007396
1.523437500000,1.593750000000,0.000000007292
1.523437500000,1.617187500000,0.000000007178
1.523437500000,1.640625000000,0.000000007059
1.523437500000,1.664062500000,0.000000006941
1.523437500000,1.687500000000,0.000000006819
1.523437500000,1.710937500000,0.000000006696
1.523437500000,1.734375000000,0.000000006571
1.523437500000,1.757812500000,0.000000006438
1.523437500000,1.781250000000,0.000000006306
1.523437500000,1.804687500000,0.000000006171
1.523437500000,1.828125000000,0.000000006035
1.523437500000,1.851562500000,0.000000005894
1.523437500000,1.875000000000,0.000000005751
1.523437500000,1.898437500000,0.000000005607
1.523437500000,1.921875000000,0.000000005461
1.523437500000,1.945312500000,0.000000005314
1.523437500000,1.968750000000,0.000000005167
1.523437500000,1.992187500000,0.000000005015
1.523437500000,2.015625000000,0.000000004865
1.523437500000,2.039062500000,0.000000004710
1.523437500000,2.062500000000,0.000000004558
1.523437500000,2.085937500000,0.000000004401
1.523437500000,2.109375000000,0.000000004247
1.523437500000,2.132812500000,0.000000004089
1.523437500000,2.156250000000,0.000000003931
1.523437500000,2.179687500000,0.000000003771
1.523437500000,2.203125000000,0.000000003618
1.523437500000,2.226562500000,0.000000003453
1.523437500000,2.250000000000,0.000000003296
1.523437500000,2.273437500000,0.000000003137
1.523437500000,2.296875000000,0.000000002978
1.523437500000,2.320312500000,0.000000002820
1.523437500000,2.343750000000,0.000000002657
1.523437500000,2.367187500000,0.000000002502
1.523437500000,2.390625000000,0.000000002343
1.523437500000,2.414062500000,0.000000002185
1.523437500000,2.437500000000,0.000000002024
1.523437500000,2.460937500000,0.000000001870
1.523437500000,2.484375000000,0.000000001709
1.523437500000,2.507812500000,0.000000001557
1.523437500000,2.531250000000,0.000000001406
1.523437500000,2.554687500000,0.000000001245
1.523437500000,2.578125000000,0.000000001093
1.523437500000,2.601562500000,0.000000000943
1.523437500000,2.625000000000,0.000000000790
1.523437500000,2.648437500000,0.000000000646
1.523437500000,2.671875000000,0.000000000495
1.523437500000,2.695312500000,0.000000000351
1.523437500000,2.718750000000,0.000000000205
1.523437500000,2.742187500000,0.000000000061
1.523437500000,2.765625000000,-0.000000000076
1.523437500000,2.789062500000,-0.000000000221
1.523437500000,2.812500000000,-0.000000000358
1.523437500000,2.835937500000,-0.000000000493
1.523437500000,2.859375000000,-0.000000000626
1.523437500000,2.882812500000,-0.000000000760
1.523437500000,2.906250000000,-0.000000000889
1.523437500000,2.929687500000,-0.000000001017
1.523437500000,2.953125000000,-0.000000001141
1.523437500000,2.976562500000,-0.000000001266
1.523437500000,3.000000000000,0.000000000000
1.546875000000,0.000000000000,0.000000000000
1.546875000000,0.023437500000,0.000000003250
1.546875000000,0.046875000000,0.000000003499
1.546875000000,0.070312500000,0.000000003741
1.546875000000,0.093750000000,0.000000003982
1.546875000000,0.117187500000,0.000000004215
1.546875000000,0.140625000000,0.000000004443
1.546875000000,0.164062500000,0.000000004665
1.546875000000,0.187500000000,0.000000004881
1.546875000000,0.210937500000,0.000000005092
1.546875000000,0.234375000000,0.000000005298
1.546875000000,0.257812500000,0.000000005496
1.546875000000,0.281250000000,0.000000005690
1.546875000000,0.304687500000,0.000000005874
1.546875000000,0.328125000000,0.000000006062
1.546875000000,0.351562500000,0.000000006233
1.546875000000,0.375000000000,0.000000006404
1.546875000000,0.398437500000,0.000000006569
1.546875000000,0.421875000000,0.000000006725
1.546875000000,0.445312500000,0.000000006873
1.546875000000,0.468750000000,0.000000007023
1.546875000000,0.492187500000,0.000000007159
1.546875000000,0.515625000000,0.000000007292
1.546875000000,0.539062500000,0.000000007418
1.546875000000,0.562500000000,0.000000007542
1.546875000000,0.585937500000,0.000000007648
1.546875000000,0.609375000000,0.000000007760
1.546875000000,0.632812500000,0.000000007863
1.546875000000,0.656250000000,0.000000007955
1.546875000000,0.679687500000,0.000000008044
1.546875000000,0.703125000000,0.000000008125
1.546875000000,0.726562500000,0.000000008201
1.546875000000,0.750000000000,0.000000008274
1.546875000000,0.773437500000,0.000000008339
1.546875000000,0.796875000000,0.000000008395
1.546875000000,0.820312500000,0.000000008446
1.546875000000,0.843750000000,0.000000008494
1.546875000000,0.867187500000,0.000000008534
1.546875000000,0.890625000000,0.000000008567
1.546875000000,0.914062500000,0.000000008597
1.546875000000,0.937500000000,0.000000008619
1.546875000000,0.960937500000,0.000000008635
1.546875000000,0.984375000000,0.000000008647
1.546875000000,1.007812500000,0.000000008652
1.546875000000,1.031250000000,0.000000008651
1.546875000000,1.054687500000,0.000000008647
1.546875000000,1.078125000000,0.000000008635
1.546875000000,1.101562500000,0.000000008619
1.546875000000,1.125000000000,0.000000008597
1.546875000000,1.148437500000,0.000000008569
1.546875000000,1.171875000000,0.000000008541
1.546875000000,1.195312500000,0.000000008499
1.546875000000,1.218750000000,0.000000008461
1.546875000000,1.242187500000,0.000000008411
1.546875000000,1.265625000000,0.000000008360
1.546875000000,1.289062500000,0.000000008305
1.546875000000,1.312500000000,0.000000008242
1.546875000000,1.335937500000,0.000000008179
1.546875000000,1.359375000000,0.000000008104
1.546875000000,1.382812500000,0.000000008038
1.546875000000,1.406250000000,0.000000007956
1.546875000000,1.429687500000,0.000000007872
1.546875000000,1.453125000000,0.000000007790
1.546875000000,1.476562500000,0.000000007694
1.546875000000,1.500000000000,0.000000007601
1.546875000000,1.523437500000,0.000000007509
1.546875000000,1.546875000000,0.000000007403
1.546875000000,1.570312500000,0.000000007299
1.546875000000,1.593750000000,0.000000007189
1.546875000000,1.617187500000,0.000000007080
1.546875000000,1.640625000000,0.000000006968
1.546875000000,1.664062500000,0.000000006847
1.546875000000,1.687500000000,0.000000006726
1.546875000000,1.710937500000,0.000000006605
1.546875000000,1.734375000000,0.000000006472
1.546875000000,1.757812500000,0.000000006348
1.546875000000,1.781250000000,0.000000006212
1.546875000000,1.804687500000,0.000000006082
1.546875000000,1.828125000000,0.000000005947
1.546875000000,1.851562500000,0.000000005809
1.546875000000,1.875000000000,0.000000005667
1.546875000000,1.898437500000,0.000000005527
1.546875000000,1.921875000000,0.000000005384
1.546875000000,1.945312500000,0.000000005238
1.546875000000,1.968750000000,0.000000005092
1.546875000000,1.992187500000,0.000000004943
1.546875000000,2.015625000000,0.000000004793
1.546875000000,2.039062500000,0.000000004641
1.546875000000,2.062500000000,0.000000004490
1.546875000000,2.085937500000,0.000000004336
1.546875000000,2.109375000000,0.000000004184
1.546875000000,2.132812500000,0.000000004026
1.546875000000,2.156250000000,0.000000003870
1.546875000000,2.179687500000,0.000000003720
1.546875000000,2.203125000000,0.000000003559
1.546875000000,2.226562500000,0.000000003399
1.546875000000,2.250000000000,0.000000003246
1.546875000000,2.273437500000,0.000000003086
1.546875000000,2.296875000000,0.000000002929
1.546875000000,2.320312500000,0.000000002772
1.546875000000,2.343750000000,0.000000002618
1.546875000000,2.367187500000,0.000000002454
1.546875000000,2.390625000000,0.000000002300
1.546875000000,2.414062500000,0.000000002144
1.546875000000,2.437500000000,0.000000001993
1.546875000000,2.460937500000,0.000000001834
1.546875000000,2.484375000000,0.000000001679
1.546875000000,2.507812500000,0.000000001523
1.546875000000,2.531250000000,0.000000001375
1.546875000000,2.554687500000,0.000000001219
1.546875000000,2.578125000000,0.000000001074
1.546875000000,2.601562500000,0.000000000920
1.546875000000,2.625000000000,0.000000000773
1.546875000000,2.648437500000,0.000000000623
1.546875000000,2.671875000000,0.000000000482
1.546875000000,2.695312500000,0.000000000335
1.546875000000,2.718750000000,0.000000000191
1.546875000000,2.742187500000,0.000000000053
1.546875000000,2.765625000000,-0.000000000088
1.546875000000,2.789062500000,-0.000000000225
1.546875000000,2.812500000000,-0.000000000361
1.546875000000,2.835937500000,-0.000000000496
1.546875000000,2.859375000000,-0.000000000628
1.546875000000,2.882812500000,-0.000000000757
1.546875000000,2.906250000000,-0.000000000887
1.546875000000,2.929687500000,-0.000000001011
1.546875000000,2.953125000000,-0.000000001136
1.546875000000,2.976562500000,-0.000000001257
1.546875000000,3.000000000000,0.000000000000
1.570312500000,0.000000000000,0.000000000000
1.570312500000,0.023437500000,0.000000003224
1.570312500000,0.046875000000,0.000000003469
1.570312500000,0.070312500000,0.000000003708
1.570312500000,0.093750000000,0.000000003943
1.570312500000,0.117187500000,0.000000004175
1.570312500000,0.140625000000,0.000000004398
1.570312500000,0.164062500000,0.000000004616
1.570312500000,0.187500000000,0.000000004830
1.570312500000,0.210937500000,0.000000005042
1.570312500000,0.234375000000,0.000000005243
1.570312500000,0.257812500000,0.000000005439
1.570312500000,0.281250000000,0.000000005625
1.570312500000,0.304687500000,0.000000005813
1.570312500000,0.328125000000,0.000000005991
1.570312500000,0.351562500000,0.000000006162
1.570312500000,0.375000000000,0.000000006333
1.570312500000,0.398437500000,0.000000006492
1.570312500000,0.421875000000,0.000000006646
1.570312500000,0.445312500000,0.000000006796
1.570312500000,0.468750000000,0.000000006939
1.570312500000,0.492187500000,0.000000007071
1.570312500000,0.515625000000,0.000000007203
1.570312500000,0.539062500000,0.000000007329
1.570312500000,0.562500000000,0.000000007444
1.570312500000,0.585937500000,0.000000007557
1.570312500000,0.609375000000,0.000000007666
1.570312500000,0.632812500000,0.000000007760
1.570312500000,0.656250000000,0.000000007855
1.570312500000,0.679687500000,0.000000007946
1.570312500000,0.703125000000,0.000000008025
1.570312500000,0.726562500000,0.000000008100
1.570312500000,0.750000000000,0.000000008168
1.570312500000,0.773437500000,0.000000008230
1.570312500000,0.796875000000,0.000000008288
1.570312500000,0.820312500000,0.000000008340
1.570312500000,0.843750000000,0.000000008383
1.570312500000,0.867187500000,0.000000008421
1.570312500000,0.890625000000,0.000000008456
1.570312500000,0.914062500000,0.000000008483
1.570312500000,0.937500000000,0.000000008505
1.570312500000,0.960937500000,0.000000008521
1.570312500000,0.984375000000,0.000000008532
1.570312500000,1.007812500000,0.000000008538
1.570312500000,1.031250000000,0.000000008538
1.570312500000,1.054687500000,0.000000008531
1.570312500000,1.078125000000,0.000000008521
1.570312500000,1.101562500000,0.000000008502
1.570312500000,1.125000000000,0.000000008482
1.570312500000,1.148437500000,0.000000008455
1.570312500000,1.171875000000,0.000000008424
1.570312500000,1.195312500000,0.000000008386
1.570312500000,1.218750000000,0.000000008344
1.570312500000,1.242187500000,0.000000008299
1.570312500000,1.265625000000,0.000000008247
1.570312500000,1.289062500000,0.000000008185
1.570312500000,1.312500000000,0.000000008129
1.570312500000,1.335937500000,0.000000008070
1.570312500000,1.359375000000,0.000000008000
1.570312500000,1.382812500000,0.000000007924
1.570312500000,1.406250000000,0.000000007845
1.570312500000,1.429687500000,0.000000007763
1.570312500000,1.453125000000,0.000000007682
1.570312500000,1.476562500000,0.000000007589
1.570312500000,1.500000000000,0.000000007500
1.570312500000,1.523437500000,0.000000007395
1.570312500000,1.546875000000,0.000000007301
1.570312500000,1.570312500000,0.000000007198
1.570312500000,1.593750000000,0.000000007087
1.570312500000,1.617187500000,0.000000006978
1.570312500000,1.640625000000,0.000000006861
1.570312500000,1.664062500000,0.000000006749
1.570312500000,1.687500000000,0.000000006630
1.570312500000,1.710937500000,0.000000006509
1.570312500000,1.734375000000,0.000000006382
1.570312500000,1.757812500000,0.000000006256
1.570312500000,1.781250000000,0.000000006127
1.570312500000,1.804687500000,0.000000005995
1.570312500000,1.828125000000,0.000000005858
1.570312500000,1.851562500000,0.000000005725
1.570312500000,1.875000000000,0.000000005585
1.570312500000,1.898437500000,0.000000005445
1.570312500000,1.921875000000,0.000000005303
1.570312500000,1.945312500000,0.000000005158
1.570312500000,1.968750000000,0.000000005014
1.570312500000,1.992187500000,0.000000004867
1.570312500000,2.015625000000,0.000000004719
1.570312500000,2.039062500000,0.000000004569
1.570312500000,2.062500000000,0.000000004420
1.570312500000,2.085937500000,0.000000004270
1.570312500000,2.109375000000,0.000000004115
1.570312500000,2.132812500000,0.000000003963
1.570312500000,2.156250000000,0.000000003812
1.570312500000,2.179687500000,0.000000003652
1.570312500000,2.203125000000,0.000000003503
1.570312500000,2.226562500000,0.000000003347
1.570312500000,2.250000000000,0.000000003188
1.570312500000,2.273437500000,0.000000003039
1.570312500000,2.296875000000,0.000000002881
1.570312500000,2.320312500000,0.000000002729
1.570312500000,2.343750000000,0.000000002568
1.570312500000,2.367187500000,0.000000002417
1.570312500000,2.390625000000,0.000000002259
1.570312500000,2.414062500000,0.000000002108
1.570312500000,2.437500000000,0.000000001951
1.570312500000,2.460937500000,0.000000001800
1.570312500000,2.484375000000,0.000000001646
1.570312500000,2.507812500000,0.000000001496
1.570312500000,2.531250000000,0.000000001341
1.570312500000,2.554687500000,0.000000001198
1.570312500000,2.578125000000,0.000000001044
1.570312500000,2.601562500000,0.000000000901
1.570312500000,2.625000000000,0.000000000753
1.570312500000,2.648437500000,0.000000000607
1.570312500000,2.671875000000,0.000000000462
1.570312500000,2.695312500000,0.000000000321
1.570312500000,2.718750000000,0.000000000179
1.570312500000,2.742187500000,0.000000000043
1.570312500000,2.765625000000,-0.000000000094
1.570312500000,2.789062500000,-0.000000000232
1.570312500000,2.812500000000,-0.000000000365
1.570312500000,2.835937500000,-0.000000000498
1.570312500000,2.859375000000,-0.000000000627
1.570312500000,2.882812500000,-0.000000000755
1.570312500000,2.906250000000,-0.000000000883
1.570312500000,2.929687500000,-0.000000001007
1.570312500000,2.953125000000,-0.000000001128
1.570312500000,2.976562500000,-0.000000001248
1.570312500000,3.000000000000,0.000000000000
1.593750000000,0.000000000000,0.000000000000
1.593750000000,0.023437500000,0.000000003195
1.593750000000,0.046875000000,0.000000003436
1.593750000000,0.070312500000,0.000000003674
1.593750000000,0.093750000000,0.000000003904
1.593750000000,0.117187500000,0.000000004133
1.593750000000,0.140625000000,0.000000004353
1.593750000000,0.164062500000,0.000000004568
1.593750000000,0.187500000000,0.000000004776
1.593750000000,0.210937500000,0.000000004985
1.593750000000,0.234375000000,0.000000005180
1.593750000000,0.257812500000,0.000000005376
1.593750000000,0.281250000000,0.000000005566
1.593750000000,0.304687500000,0.000000005745
1.593750000000,0.328125000000,0.000000005919
1.593750000000,0.351562500000,0.000000006093
1.593750000000,0.375000000000,0.000000006252
1.593750000000,0.398437500000,0.000000006410
1.593750000000,0.421875000000,0.000000006565
1.593750000000,0.445312500000,0.000000006709
1.593750000000,0.468750000000,0.000000006851
1.593750000000,0.492187500000,0.000000006986
1.593750000000,0.515625000000,0.000000007110
1.593750000000,0.539062500000,0.000000007235
1.593750000000,0.562500000000,0.000000007345
1.593750000000,0.585937500000,0.000000007458
1.593750000000,0.609375000000,0.000000007565
1.593750000000,0.632812500000,0.000000007657
1.593750000000,0.656250000000,0.000000007753
1.593750000000,0.679687500000,0.000000007834
1.593750000000,0.703125000000,0.000000007917
1.593750000000,0.726562500000,0.000000007994
1.593750000000,0.750000000000,0.000000008057
1.593750000000,0.773437500000,0.000000008120
1.593750000000,0.796875000000,0.000000008176
1.593750000000,0.820312500000,0.000000008224
1.593750000000,0.843750000000,0.000000008268
1.593750000000,0.867187500000,0.000000008308
1.593750000000,0.890625000000,0.000000008341
1.593750000000,0.914062500000,0.000000008369
1.593750000000,0.937500000000,0.000000008388
1.593750000000,0.960937500000,0.000000008405
1.593750000000,0.984375000000,0.000000008414
1.593750000000,1.007812500000,0.000000008419
1.593750000000,1.031250000000,0.000000008418
1.593750000000,1.054687500000,0.000000008412
1.593750000000,1.078125000000,0.000000008402
1.593750000000,1.101562500000,0.000000008381
1.593750000000,1.125000000000,0.000000008366
1.593750000000,1.148437500000,0.000000008335
1.593750000000,1.171875000000,0.000000008303
1.593750000000,1.195312500000,0.000000008270
1.593750000000,1.218750000000,0.000000008226
1.593750000000,1.242187500000,0.000000008178
1.593750000000,1.265625000000,0.000000008132
1.593750000000,1.289062500000,0.000000008074
1.593750000000,1.312500000000,0.000000008016
1.593750000000,1.335937500000,0.000000007944
1.593750000000,1.359375000000,0.000000007882
1.593750000000,1.382812500000,0.000000007806
1.593750000000,1.406250000000,0.000000007732
1.593750000000,1.429687500000,0.000000007652
1.593750000000,1.453125000000,0.000000007567
1.593750000000,1.476562500000,0.000000007477
1.593750000000,1.500000000000,0.000000007385
1.593750000000,1.523437500000,0.000000007291
1.593750000000,1.546875000000,0.000000007187
1.593750000000,1.570312500000,0.000000007089
1.593750000000,1.593750000000,0.000000006984
1.593750000000,1.617187500000,0.000000006875
1.593750000000,1.640625000000,0.000000006761
1.593750000000,1.664062500000,0.000000006649
1.593750000000,1.687500000000,0.000000006530
1.593750000000,1.710937500000,0.000000006407
1.593750000000,1.734375000000,0.000000006285
1.593750000000,1.757812500000,0.000000006159
1.593750000000,1.781250000000,0.000000006034
1.593750000000,1.804687500000,0.000000005901
1.593750000000,1.828125000000,0.000000005769
1.593750000000,1.851562500000,0.000000005634
1.593750000000,1.875000000000,0.000000005498
1.593750000000,1.898437500000,0.000000005360
1.593750000000,1.921875000000,0.000000005220
1.593750000000,1.945312500000,0.000000005079
1.593750000000,1.968750000000,0.000000004934
1.593750000000,1.992187500000,0.000000004790
1.593750000000,2.015625000000,0.000000004644
1.593750000000,2.039062500000,0.000000004496
1.593750000000,2.062500000000,0.000000004349
1.593750000000,2.085937500000,0.000000004200
1.593750000000,2.109375000000,0.000000004049
1.593750000000,2.132812500000,0.000000003899
1.593750000000,2.156250000000,0.000000003746
1.593750000000,2.179687500000,0.000000003596
1.593750000000,2.203125000000,0.000000003443
1.593750000000,2.226562500000,0.000000003290
1.593750000000,2.250000000000,0.000000003137
1.593750000000,2.273437500000,0.000000002980
1.593750000000,2.296875000000,0.000000002830
1.593750000000,2.320312500000,0.000000002679
1.593750000000,2.343750000000,0.000000002524
1.593750000000,2.367187500000,0.000000002369
1.593750000000,2.390625000000,0.000000002221
1.593750000000,2.414062500000,0.000000002065
1.593750000000,2.437500000000,0.000000001917
1.593750000000,2.460937500000,0.000000001765
1.593750000000,2.484375000000,0.000000001614
1.593750000000,2.507812500000,0.000000001466
1.593750000000,2.531250000000,0.000000001318
1.593750000000,2.554687500000,0.000000001168
1.593750000000,2.578125000000,0.000000001021
1.593750000000,2.601562500000,0.000000000874
1.593750000000,2.625000000000,0.000000000732
1.593750000000,2.648437500000,0.000000000590
1.593750000000,2.671875000000,0.000000000448
1.593750000000,2.695312500000,0.000000000307
1.593750000000,2.718750000000,0.000000000173
1.593750000000,2.742187500000,0.000000000034
1.593750000000,2.765625000000,-0.000000000105
1.593750000000,2.789062500000,-0.000000000236
1.593750000000,2.812500000000,-0.000000000370
1.593750000000,2.835937500000,-0.000000000498
1.593750000000,2.859375000000,-0.000000000627
1.593750000000,2.882812500000,-0.000000000755
1.593750000000,2.906250000000,-0.000000000878
1.593750000000,2.929687500000,-0.000000001001
1.593750000000,2.953125000000,-0.000000001122
1.593750000000,2.976562500000,-0.000000001239
1.593750000000,3.000000000000,0.000000000000
1.617187500000,0.000000000000,0.000000000000
1.617187500000,0.023437500000,0.000000003164
1.617187500000,0.046875000000,0.000000003403
1.617187500000,0.070312500000,0.000000003637
1.617187500000,0.093750000000,0.000000003862
1.617187500000,0.117187500000,0.000000004088
1.617187500000,0.140625000000,0.000000004306
1.617187500000,0.164062500000,0.000000004515
1.617187500000,0.187500000000,0.000000004721
1.617187500000,0.210937500000,0.000000004925
1.617187500000,0.234375000000,0.000000005118
1.617187500000,0.257812500000,0.000000005311
1.617187500000,0.281250000000,0.000000005492
1.617187500000,0.304687500000,0.000000005674
1.617187500000,0.328125000000,0.000000005842
1.617187500000,0.351562500000,0.000000006012
1.617187500000,0.375000000000,0.000000006177
1.617187500000,0.398437500000,0.000000006328
1.617187500000,0.421875000000,0.000000006480
1.617187500000,0.445312500000,0.000000006618
1.617187500000,0.468750000000,0.000000006760
1.617187500000,0.492187500000,0.000000006892
1.617187500000,0.515625000000,0.000000007018
1.617187500000,0.539062500000,0.000000007136
1.617187500000,0.562500000000,0.000000007254
1.617187500000,0.585937500000,0.000000007358
1.617187500000,0.609375000000,0.000000007460
1.617187500000,0.632812500000,0.000000007554
1.617187500000,0.656250000000,0.000000007648
1.617187500000,0.679687500000,0.000000007732
1.617187500000,0.703125000000,0.000000007805
1.617187500000,0.726562500000,0.000000007880
1.617187500000,0.750000000000,0.000000007945
1.617187500000,0.773437500000,0.000000008008
1.617187500000,0.796875000000,0.000000008062
1.617187500000,0.820312500000,0.000000008110
1.617187500000,0.843750000000,0.000000008153
1.617187500000,0.867187500000,0.000000008190
1.617187500000,0.890625000000,0.000000008221
1.617187500000,0.914062500000,0.000000008247
1.617187500000,0.937500000000,0.000000008267
1.617187500000,0.960937500000,0.000000008283
1.617187500000,0.984375000000,0.000000008292
1.617187500000,1.007812500000,0.000000008296
1.617187500000,1.031250000000,0.000000008298
1.617187500000,1.054687500000,0.000000008285
1.617187500000,1.078125000000,0.000000008280
1.617187500000,1.101562500000,0.000000008260
1.617187500000,1.125000000000,0.000000008239
1.617187500000,1.148437500000,0.000000008213
1.617187500000,1.171875000000,0.000000008180
1.617187500000,1.195312500000,0.000000008146
1.617187500000,1.218750000000,0.000000008101
1.617187500000,1.242187500000,0.000000008058
1.617187500000,1.265625000000,0.000000008009
1.617187500000,1.289062500000,0.000000007952
1.617187500000,1.312500000000,0.000000007892
1.617187500000,1.335937500000,0.000000007830
1.617187500000,1.359375000000,0.000000007761
1.617187500000,1.382812500000,0.000000007691
1.617187500000,1.406250000000,0.000000007614
1.617187500000,1.429687500000,0.000000007532
1.617187500000,1.453125000000,0.000000007451
1.617187500000,1.476562500000,0.000000007362
1.617187500000,1.500000000000,0.000000007273
1.617187500000,1.523437500000,0.000000007176
1.617187500000,1.546875000000,0.000000007077
1.617187500000,1.570312500000,0.000000006979
1.617187500000,1.593750000000,0.000000006876
1.617187500000,1.617187500000,0.000000006764
1.617187500000,1.640625000000,0.000000006655
1.617187500000,1.664062500000,0.000000006539
1.617187500000,1.687500000000,0.000000006423
1.617187500000,1.710937500000,0.000000006310
1.617187500000,1.734375000000,0.000000006187
1.617187500000,1.757812500000,0.000000006058
1.617187500000,1.781250000000,0.000000005935
1.617187500000,1.804687500000,0.000000005807
1.617187500000,1.828125000000,0.000000005676
1.617187500000,1.851562500000,0.000000005542
1.617187500000,1.875000000000,0.000000005408
1.617187500000,1.898437500000,0.000000005272
1.617187500000,1.921875000000,0.000000005132
1.617187500000,1.945312500000,0.000000004994
1.617187500000,1.968750000000,0.000000004852
1.617187500000,1.992187500000,0.000000004710
1.617187500000,2.015625000000,0.000000004566
1.617187500000,2.039062500000,0.000000004421
1.617187500000,2.062500000000,0.000000004274
1.617187500000,2.085937500000,0.000000004129
1.617187500000,2.109375000000,0.000000003980
1.617187500000,2.132812500000,0.000000003829
1.617187500000,2.156250000000,0.000000003685
1.617187500000,2.179687500000,0.000000003532
1.617187500000,2.203125000000,0.000000003380
1.617187500000,2.226562500000,0.000000003232
1.617187500000,2.250000000000,0.000000003081
1.617187500000,2.273437500000,0.000000002930
1.617187500000,2.296875000000,0.000000002778
1.617187500000,2.320312500000,0.000000002625
1.617187500000,2.343750000000,0.000000002479
1.617187500000,2.367187500000,0.000000002324
1.617187500000,2.390625000000,0.000000002178
1.617187500000,2.414062500000,0.000000002026
1.617187500000,2.437500000000,0.000000001879
1.617187500000,2.460937500000,0.000000001723
1.617187500000,2.484375000000,0.000000001579
1.617187500000,2.507812500000,0.000000001433
1.617187500000,2.531250000000,0.000000001287
1.617187500000,2.554687500000,0.000000001142
1.617187500000,2.578125000000,0.000000000999
1.617187500000,2.601562500000,0.000000000855
1.617187500000,2.625000000000,0.000000000715
1.617187500000,2.648437500000,0.000000000570
1.617187500000,2.671875000000,0.000000000433
1.617187500000,2.695312500000,0.000000000293
1.617187500000,2.718750000000,0.000000000151
1.617187500000,2.742187500000,0.000000000023
1.617187500000,2.765625000000,-0.000000000110
1.617187500000,2.789062500000,-0.000000000243
1.617187500000,2.812500000000,-0.000000000373
1.617187500000,2.835937500000,-0.000000000502
1.617187500000,2.859375000000,-0.000000000628
1.617187500000,2.882812500000,-0.000000000752
1.617187500000,2.906250000000,-0.000000000873
1.617187500000,2.929687500000,-0.000000000995
1.617187500000,2.953125000000,-0.000000001113
1.617187500000,2.976562500000,-0.000000001229
1.617187500000,3.000000000000,0.000000000000
1.640625000000,0.000000000000,0.000000000000
1.640625000000,0.023437500000,0.000000003134
1.640625000000,0.046875000000,0.000000003368
1.640625000000,0.070312500000,0.000000003596
1.640625000000,0.093750000000,0.000000003821
1.640625000000,0.117187500000,0.000000004039
1.640625000000,0.140625000000,0.000000004254
1.640625000000,0.164062500000,0.000000004463
1.640625000000,0.187500000000,0.000000004666
1.640625000000,0.210937500000,0.000000004863
1.640625000000,0.234375000000,0.000000005057
1.640625000000,0.257812500000,0.000000005242
1.640625000000,0.281250000000,0.000000005424
1.640625000000,0.304687500000,0.000000005595
1.640625000000,0.328125000000,0.000000005769
1.640625000000,0.351562500000,0.000000005932
1.640625000000,0.375000000000,0.000000006092
1.640625000000,0.398437500000,0.000000006245
1.640625000000,0.421875000000,0.000000006388
1.640625000000,0.445312500000,0.000000006533
1.640625000000,0.468750000000,0.000000006665
1.640625000000,0.492187500000,0.000000006795
1.640625000000,0.515625000000,0.000000006917
1.640625000000,0.539062500000,0.000000007037
1.640625000000,0.562500000000,0.000000007149
1.640625000000,0.585937500000,0.000000007253
1.640625000000,0.609375000000,0.000000007354
1.640625000000,0.632812500000,0.000000007448
1.640625000000,0.656250000000,0.000000007532
1.640625000000,0.679687500000,0.000000007620
1.640625000000,0.703125000000,0.000000007694
1.640625000000,0.726562500000,0.000000007767
1.640625000000,0.750000000000,0.000000007829
1.640625000000,0.773437500000,0.000000007889
1.640625000000,0.796875000000,0.000000007942
1.640625000000,0.820312500000,0.000000007989
1.640625000000,0.843750000000,0.000000008031
1.640625000000,0.867187500000,0.000000008067
1.640625000000,0.890625000000,0.000000008099
1.640625000000,0.914062500000,0.000000008124
1.640625000000,0.937500000000,0.000000008144
1.640625000000,0.960937500000,0.000000008158
1.640625000000,0.984375000000,0.000000008166
1.640625000000,1.007812500000,0.000000008171
1.640625000000,1.031250000000,0.000000008169
1.640625000000,1.054687500000,0.000000008162
1.640625000000,1.078125000000,0.000000008152
1.640625000000,1.101562500000,0.000000008133
1.640625000000,1.125000000000,0.000000008111
1.640625000000,1.148437500000,0.000000008087
1.640625000000,1.171875000000,0.000000008052
1.640625000000,1.195312500000,0.000000008016
1.640625000000,1.218750000000,0.000000007980
1.640625000000,1.242187500000,0.000000007931
1.640625000000,1.265625000000,0.000000007879
1.640625000000,1.289062500000,0.000000007827
1.640625000000,1.312500000000,0.000000007768
1.640625000000,1.335937500000,0.000000007704
1.640625000000,1.359375000000,0.000000007639
1.640625000000,1.382812500000,0.000000007566
1.640625000000,1.406250000000,0.000000007491
1.640625000000,1.429687500000,0.000000007415
1.640625000000,1.453125000000,0.000000007328
1.640625000000,1.476562500000,0.000000007242
1.640625000000,1.500000000000,0.000000007157
1.640625000000,1.523437500000,0.000000007066
1.640625000000,1.546875000000,0.000000006966
1.640625000000,1.570312500000,0.000000006864
1.640625000000,1.593750000000,0.000000006762
1.640625000000,1.617187500000,0.000000006653
1.640625000000,1.640625000000,0.000000006547
1.640625000000,1.664062500000,0.000000006436
1.640625000000,1.687500000000,0.000000006320
1.640625000000,1.710937500000,0.000000006202
1.640625000000,1.734375000000,0.000000006083
1.640625000000,1.757812500000,0.000000005960
1.640625000000,1.781250000000,0.000000005834
1.640625000000,1.804687500000,0.000000005709
1.640625000000,1.828125000000,0.000000005580
1.640625000000,1.851562500000,0.000000005449
1.640625000000,1.875000000000,0.000000005316
1.640625000000,1.898437500000,0.000000005181
1.640625000000,1.921875000000,0.000000005046
1.640625000000,1.945312500000,0.000000004908
1.640625000000,1.968750000000,0.000000004770
1.640625000000,1.992187500000,0.000000004628
1.640625000000,2.015625000000,0.000000004487
1.640625000000,2.039062500000,0.000000004343
1.640625000000,2.062500000000,0.000000004199
1.640625000000,2.085937500000,0.000000004056
1.640625000000,2.109375000000,0.000000003906
1.640625000000,2.132812500000,0.000000003764
1.640625000000,2.156250000000,0.000000003614
1.640625000000,2.179687500000,0.000000003471
1.640625000000,2.203125000000,0.000000003318
1.640625000000,2.226562500000,0.000000003170
1.640625000000,2.250000000000,0.000000003025
1.640625000000,2.273437500000,0.000000002871
1.640625000000,2.296875000000,0.000000002726
1.640625000000,2.320312500000,0.000000002577
1.640625000000,2.343750000000,0.000000002426
1.640625000000,2.367187500000,0.000000002281
1.640625000000,2.390625000000,0.000000002133
1.640625000000,2.414062500000,0.000000001985
1.640625000000,2.437500000000,0.000000001837
1.640625000000,2.460937500000,0.000000001694
1.640625000000,2.484375000000,0.000000001546
1.640625000000,2.507812500000,0.000000001401
1.640625000000,2.531250000000,0.000000001256
1.640625000000,2.554687500000,0.000000001115
1.640625000000,2.578125000000,0.000000000972
1.640625000000,2.601562500000,0.000000000830
1.640625000000,2.625000000000,0.000000000691
1.640625000000,2.648437500000,0.000000000550
1.640625000000,2.671875000000,0.000000000413
1.640625000000,2.695312500000,0.000000000279
1.640625000000,2.718750000000,0.000000000144
1.640625000000,2.742187500000,0.000000000012
1.640625000000,2.765625000000,-0.000000000119
1.640625000000,2.789062500000,-0.000000000249
1.640625000000,2.812500000000,-0.000000000375
1.640625000000,2.835937500000,-0.000000000502
1.640625000000,2.859375000000,-0.000000000626
1.640625000000,2.882812500000,-0.000000000750
1.640625000000,2.906250000000,-0.000000000869
1.640625000000,2.929687500000,-0.000000000988
1.640625000000,2.953125000000,-0.000000001103
1.640625000000,2.976562500000,-0.000000001219
1.640625000000,3.000000000000,0.000000000000
1.664062500000,0.000000000000,0.000000000000
1.664062500000,0.023437500000,0.000000003100
1.664062500000,0.046875000000,0.000000003330
1.664062500000,0.070312500000,0.000000003555
1.664062500000,0.093750000000,0.000000003777
1.664062500000,0.117187500000,0.000000003991
1.664062500000,0.140625000000,0.000000004201
1.664062500000,0.164062500000,0.000000004405
1.664062500000,0.187500000000,0.000000004605
1.664062500000,0.210937500000,0.000000004800
1.664062500000,0.234375000000,0.000000004988
1.664062500000,0.257812500000,0.000000005172
1.664062500000,0.281250000000,0.000000005351
1.664062500000,0.304687500000,0.000000005519
1.664062500000,0.328125000000,0.000000005691
1.664062500000,0.351562500000,0.000000005849
1.664062500000,0.375000000000,0.000000006006
1.664062500000,0.398437500000,0.000000006156
1.664062500000,0.421875000000,0.000000006297
1.664062500000,0.445312500000,0.000000006439
1.664062500000,0.468750000000,0.000000006570
1.664062500000,0.492187500000,0.000000006696
1.664062500000,0.515625000000,0.000000006817
1.664062500000,0.539062500000,0.000000006931
1.664062500000,0.562500000000,0.000000007043
1.664062500000,0.585937500000,0.000000007148
1.664062500000,0.609375000000,0.000000007240
1.664062500000,0.632812500000,0.000000007336
1.664062500000,0.656250000000,0.000000007421
1.664062500000,0.679687500000,0.000000007504
1.664062500000,0.703125000000,0.000000007575
1.664062500000,0.726562500000,0.000000007646
1.664062500000,0.750000000000,0.000000007707
1.664062500000,0.773437500000,0.000000007768
1.664062500000,0.796875000000,0.000000007818
1.664062500000,0.820312500000,0.000000007864
1.664062500000,0.843750000000,0.000000007907
1.664062500000,0.867187500000,0.000000007942
1.664062500000,0.890625000000,0.000000007971
1.664062500000,0.914062500000,0.000000007995
1.664062500000,0.937500000000,0.000000008015
1.664062500000,0.960937500000,0.000000008028
1.664062500000,0.984375000000,0.000000008037
1.664062500000,1.007812500000,0.000000008041
1.664062500000,1.031250000000,0.000000008039
1.664062500000,1.054687500000,0.000000008031
1.664062500000,1.078125000000,0.000000008021
1.664062500000,1.101562500000,0.000000008002
1.664062500000,1.125000000000,0.000000007983
1.664062500000,1.148437500000,0.000000007954
1.664062500000,1.171875000000,0.000000007923
1.664062500000,1.195312500000,0.000000007888
1.664062500000,1.218750000000,0.000000007848
1.664062500000,1.242187500000,0.000000007801
1.664062500000,1.265625000000,0.000000007755
1.664062500000,1.289062500000,0.000000007699
1.664062500000,1.312500000000,0.000000007642
1.664062500000,1.335937500000,0.000000007578
1.664062500000,1.359375000000,0.000000007508
1.664062500000,1.382812500000,0.000000007439
1.664062500000,1.406250000000,0.000000007370
1.664062500000,1.429687500000,0.000000007288
1.664062500000,1.453125000000,0.000000007208
1.664062500000,1.476562500000,0.000000007123
1.664062500000,1.500000000000,0.000000007034
1.664062500000,1.523437500000,0.000000006944
1.664062500000,1.546875000000,0.000000006846
1.664062500000,1.570312500000,0.000000006746
1.664062500000,1.593750000000,0.000000006648
1.664062500000,1.617187500000,0.000000006539
1.664062500000,1.640625000000,0.000000006435
1.664062500000,1.664062500000,0.000000006321
1.664062500000,1.687500000000,0.000000006212
1.664062500000,1.710937500000,0.000000006095
1.664062500000,1.734375000000,0.000000005980
1.664062500000,1.757812500000,0.000000005856
1.664062500000,1.781250000000,0.000000005734
1.664062500000,1.804687500000,0.000000005610
1.664062500000,1.828125000000,0.000000005482
1.664062500000,1.851562500000,0.000000005353
1.664062500000,1.875000000000,0.000000005223
1.664062500000,1.898437500000,0.000000005090
1.664062500000,1.921875000000,0.000000004956
1.664062500000,1.945312500000,0.000000004820
1.664062500000,1.968750000000,0.000000004683
1.664062500000,1.992187500000,0.000000004545
1.664062500000,2.015625000000,0.000000004405
1.664062500000,2.039062500000,0.000000004266
1.664062500000,2.062500000000,0.000000004122
1.664062500000,2.085937500000,0.000000003981
1.664062500000,2.109375000000,0.000000003835
1.664062500000,2.132812500000,0.000000003694
1.664062500000,2.156250000000,0.000000003547
1.664062500000,2.179687500000,0.000000003402
1.664062500000,2.203125000000,0.000000003256
1.664062500000,2.226562500000,0.000000003112
1.664062500000,2.250000000000,0.000000002967
1.664062500000,2.273437500000,0.000000002816
1.664062500000,2.296875000000,0.000000002672
1.664062500000,2.320312500000,0.000000002528
1.664062500000,2.343750000000,0.000000002379
1.664062500000,2.367187500000,0.000000002232
1.664062500000,2.390625000000,0.000000002088
1.664062500000,2.414062500000,0.000000001943
1.664062500000,2.437500000000,0.000000001797
1.664062500000,2.460937500000,0.000000001655
1.664062500000,2.484375000000,0.000000001510
1.664062500000,2.507812500000,0.000000001371
1.664062500000,2.531250000000,0.000000001227
1.664062500000,2.554687500000,0.000000001084
1.664062500000,2.578125000000,0.000000000946
1.664062500000,2.601562500000,0.000000000808
1.664062500000,2.625000000000,0.000000000669
1.664062500000,2.648437500000,0.000000000538
1.664062500000,2.671875000000,0.000000000403
1.664062500000,2.695312500000,0.000000000267
1.664062500000,2.718750000000,0.000000000133
1.664062500000,2.742187500000,0.000000000003
1.664062500000,2.765625000000,-0.000000000125
1.664062500000,2.789062500000,-0.000000000253
1.664062500000,2.812500000000,-0.000000000381
1.664062500000,2.835937500000,-0.000000000504
1.664062500000,2.859375000000,-0.000000000625
1.664062500000,2.882812500000,-0.000000000745
1.664062500000,2.906250000000,-0.000000000864
1.664062500000,2.929687500000,-0.000000000981
1.664062500000,2.953125000000,-0.000000001095
1.664062500000,2.976562500000,-0.000000001207
1.664062500000,3.000000000000,0.000000000000
1.687500000000,0.000000000000,0.000000000000
1.687500000000,0.023437500000,0.000000003065
1.687500000000,0.046875000000,0.000000003292
1.687500000000,0.070312500000,0.000000003512
1.687500000000,0.093750000000,0.000000003729
1.687500000000,0.117187500000,0.000000003940
1.687500000000,0.140625000000,0.000000004145
1.687500000000,0.164062500000,0.000000004347
1.687500000000,0.187500000000,0.000000004543
1.687500000000,0.210937500000,0.000000004732
1.687500000000,0.234375000000,0.000000004919
1.687500000000,0.257812500000,0.000000005098
1.687500000000,0.281250000000,0.000000005276
1.687500000000,0.304687500000,0.000000005442
1.687500000000,0.328125000000,0.000000005605
1.687500000000,0.351562500000,0.000000005762
1.687500000000,0.375000000000,0.000000005916
1.687500000000,0.398437500000,0.000000006064
1.687500000000,0.421875000000,0.000000006207
1.687500000000,0.445312500000,0.000000006340
1.687500000000,0.468750000000,0.000000006468
1.687500000000,0.492187500000,0.000000006596
1.687500000000,0.515625000000,0.000000006714
1.687500000000,0.539062500000,0.000000006827
1.687500000000,0.562500000000,0.000000006936
1.687500000000,0.585937500000,0.000000007033
1.687500000000,0.609375000000,0.000000007130
1.687500000000,0.632812500000,0.000000007221
1.687500000000,0.656250000000,0.000000007304
1.687500000000,0.679687500000,0.000000007383
1.687500000000,0.703125000000,0.000000007453
1.687500000000,0.726562500000,0.000000007523
1.687500000000,0.750000000000,0.000000007588
1.687500000000,0.773437500000,0.000000007643
1.687500000000,0.796875000000,0.000000007694
1.687500000000,0.820312500000,0.000000007738
1.687500000000,0.843750000000,0.000000007778
1.687500000000,0.867187500000,0.000000007812
1.687500000000,0.890625000000,0.000000007841
1.687500000000,0.914062500000,0.000000007866
1.687500000000,0.937500000000,0.000000007884
1.687500000000,0.960937500000,0.000000007895
1.687500000000,0.984375000000,0.000000007905
1.687500000000,1.007812500000,0.000000007907
1.687500000000,1.031250000000,0.000000007905
1.687500000000,1.054687500000,0.000000007897
1.687500000000,1.078125000000,0.000000007885
1.687500000000,1.101562500000,0.000000007869
1.687500000000,1.125000000000,0.000000007847
1.687500000000,1.148437500000,0.000000007820
1.687500000000,1.171875000000,0.000000007791
1.687500000000,1.195312500000,0.000000007753
1.687500000000,1.218750000000,0.000000007713
1.687500000000,1.242187500000,0.000000007670
1.687500000000,1.265625000000,0.000000007618
1.687500000000,1.289062500000,0.000000007565
1.687500000000,1.312500000000,0.000000007509
1.687500000000,1.335937500000,0.000000007450
1.687500000000,1.359375000000,0.000000007379
1.687500000000,1.382812500000,0.000000007314
1.687500000000,1.406250000000,0.000000007241
1.687500000000,1.429687500000,0.000000007163
1.687500000000,1.453125000000,0.000000007082
1.687500000000,1.476562500000,0.000000007001
1.687500000000,1.500000000000,0.000000006911
1.687500000000,1.523437500000,0.000000006817
1.687500000000,1.546875000000,0.000000006727
1.687500000000,1.570312500000,0.000000006628
1.687500000000,1.593750000000,0.000000006528
1.687500000000,1.617187500000,0.000000006427
1.687500000000,1.640625000000,0.000000006322
1.687500000000,1.664062500000,0.000000006208
1.687500000000,1.687500000000,0.000000006098
1.687500000000,1.710937500000,0.000000005984
1.687500000000,1.734375000000,0.000000005870
1.687500000000,1.757812500000,0.000000005751
1.687500000000,1.781250000000,0.000000005630
1.687500000000,1.804687500000,0.000000005507
1.687500000000,1.828125000000,0.000000005381
1.687500000000,1.851562500000,0.000000005255
1.687500000000,1.875000000000,0.000000005126
1.687500000000,1.898437500000,0.000000004995
1.687500000000,1.921875000000,0.000000004864
1.687500000000,1.945312500000,0.000000004730
1.687500000000,1.968750000000,0.000000004595
1.687500000000,1.992187500000,0.000000004459
1.687500000000,2.015625000000,0.000000004322
1.687500000000,2.039062500000,0.000000004183
1.687500000000,2.062500000000,0.000000004044
1.687500000000,2.085937500000,0.000000003903
1.687500000000,2.109375000000,0.000000003762
1.687500000000,2.132812500000,0.000000003622
1.687500000000,2.156250000000,0.000000003477
1.687500000000,2.179687500000,0.000000003336
1.687500000000,2.203125000000,0.000000003190
1.687500000000,2.226562500000,0.000000003048
1.687500000000,2.250000000000,0.000000002905
1.687500000000,2.273437500000,0.000000002761
1.687500000000,2.296875000000,0.000000002616
1.687500000000,2.320312500000,0.000000002471
1.687500000000,2.343750000000,0.000000002334
1.687500000000,2.367187500000,0.000000002186
1.687500000000,2.390625000000,0.000000002044
1.687500000000,2.414062500000,0.000000001898
1.687500000000,2.437500000000,0.000000001757
1.687500000000,2.460937500000,0.000000001616
1.687500000000,2.484375000000,0.000000001478
1.687500000000,2.507812500000,0.000000001333
1.687500000000,2.531250000000,0.000000001196
1.687500000000,2.554687500000,0.000000001057
1.687500000000,2.578125000000,0.000000000922
1.687500000000,2.601562500000,0.000000000785
1.687500000000,2.625000000000,0.000000000648
1.687500000000,2.648437500000,0.000000000514
1.687500000000,2.671875000000,0.000000000383
1.687500000000,2.695312500000,0.000000000252
1.687500000000,2.718750000000,0.000000000122
1.687500000000,2.742187500000,-0.000000000008
1.687500000000,2.765625000000,-0.000000000134
1.687500000000,2.789062500000,-0.000000000261
1.687500000000,2.812500000000,-0.000000000381
1.687500000000,2.835937500000,-0.000000000503
1.687500000000,2.859375000000,-0.000000000624
1.687500000000,2.882812500000,-0.000000000741
1.687500000000,2.906250000000,-0.000000000857
1.687500000000,2.929687500000,-0.000000000972
1.687500000000,2.953125000000,-0.000000001086
1.687500000000,2.976562500000,-0.000000001195
1.687500000000,3.000000000000,0.000000000000
1.710937500000,0.000000000000,0.000000000000
1.710937500000,0.023437500000,0.000000003030
1.710937500000,0.046875000000,0.000000003251
1.710937500000,0.070312500000,0.000000003468
1.710937500000,0.093750000000,0.000000003680
1.710937500000,0.117187500000,0.000000003888
1.710937500000,0.140625000000,0.000000004089
1.710937500000,0.164062500000,0.000000004288
1.710937500000,0.187500000000,0.000000004479
1.710937500000,0.210937500000,0.000000004668
1.710937500000,0.234375000000,0.000000004845
1.710937500000,0.257812500000,0.000000005025
1.710937500000,0.281250000000,0.000000005194
1.710937500000,0.304687500000,0.000000005362
1.710937500000,0.328125000000,0.000000005520
1.710937500000,0.351562500000,0.000000005675
1.710937500000,0.375000000000,0.000000005827
1.710937500000,0.398437500000,0.000000005971
1.710937500000,0.421875000000,0.000000006106
1.710937500000,0.445312500000,0.000000006239
1.710937500000,0.468750000000,0.000000006369
1.710937500000,0.492187500000,0.000000006489
1.710937500000,0.515625000000,0.000000006605
1.710937500000,0.539062500000,0.000000006712
1.710937500000,0.562500000000,0.000000006821
1.710937500000,0.585937500000,0.000000006920
1.710937500000,0.609375000000,0.000000007015
1.710937500000,0.632812500000,0.000000007101
1.710937500000,0.656250000000,0.000000007187
1.710937500000,0.679687500000,0.000000007261
1.710937500000,0.703125000000,0.000000007334
1.710937500000,0.726562500000,0.000000007398
1.710937500000,0.750000000000,0.000000007458
1.710937500000,0.773437500000,0.000000007513
1.710937500000,0.796875000000,0.000000007563
1.710937500000,0.820312500000,0.000000007608
1.710937500000,0.843750000000,0.000000007645
1.710937500000,0.867187500000,0.000000007679
1.710937500000,0.890625000000,0.000000007708
1.710937500000,0.914062500000,0.000000007730
1.710937500000,0.937500000000,0.000000007748
1.710937500000,0.960937500000,0.000000007760
1.710937500000,0.984375000000,0.000000007768
1.710937500000,1.007812500000,0.000000007771
1.710937500000,1.031250000000,0.000000007767
1.710937500000,1.054687500000,0.000000007761
1.710937500000,1.078125000000,0.000000007748
1.710937500000,1.101562500000,0.000000007732
1.710937500000,1.125000000000,0.000000007711
1.710937500000,1.148437500000,0.000000007682
1.710937500000,1.171875000000,0.000000007653
1.710937500000,1.195312500000,0.000000007616
1.710937500000,1.218750000000,0.000000007576
1.710937500000,1.242187500000,0.000000007534
1.710937500000,1.265625000000,0.000000007482
1.710937500000,1.289062500000,0.000000007432
1.710937500000,1.312500000000,0.000000007375
1.710937500000,1.335937500000,0.000000007314
1.710937500000,1.359375000000,0.000000007250
1.710937500000,1.382812500000,0.000000007181
1.710937500000,1.406250000000,0.000000007108
1.710937500000,1.429687500000,0.000000007035
1.710937500000,1.453125000000,0.000000006951
1.710937500000,1.476562500000,0.000000006870
1.710937500000,1.500000000000,0.000000006784
1.710937500000,1.523437500000,0.000000006698
1.710937500000,1.546875000000,0.000000006603
1.710937500000,1.570312500000,0.000000006506
1.710937500000,1.593750000000,0.000000006409
1.710937500000,1.617187500000,0.000000006305
1.710937500000,1.640625000000,0.000000006203
1.710937500000,1.664062500000,0.000000006096
1.710937500000,1.687500000000,0.000000005985
1.710937500000,1.710937500000,0.000000005875
1.710937500000,1.734375000000,0.000000005757
1.710937500000,1.757812500000,0.000000005643
1.710937500000,1.781250000000,0.000000005523
1.710937500000,1.804687500000,0.000000005402
1.710937500000,1.828125000000,0.000000005279
1.710937500000,1.851562500000,0.000000005156
1.710937500000,1.875000000000,0.000000005028
1.710937500000,1.898437500000,0.000000004900
1.710937500000,1.921875000000,0.000000004770
1.710937500000,1.945312500000,0.000000004639
1.710937500000,1.968750000000,0.000000004505
1.710937500000,1.992187500000,0.000000004373
1.710937500000,2.015625000000,0.000000004236
1.710937500000,2.039062500000,0.000000004101
1.710937500000,2.062500000000,0.000000003964
1.710937500000,2.085937500000,0.000000003825
1.710937500000,2.109375000000,0.000000003687
1.710937500000,2.132812500000,0.000000003546
1.710937500000,2.156250000000,0.000000003408
1.710937500000,2.179687500000,0.000000003266
1.710937500000,2.203125000000,0.000000003126
1.710937500000,2.226562500000,0.000000002986
1.710937500000,2.250000000000,0.000000002843
1.710937500000,2.273437500000,0.000000002701
1.710937500000,2.296875000000,0.000000002565
1.710937500000,2.320312500000,0.000000002416
1.710937500000,2.343750000000,0.000000002279
1.710937500000,2.367187500000,0.000000002139
1.710937500000,2.390625000000,0.000000001996
1.710937500000,2.414062500000,0.000000001857
1.710937500000,2.437500000000,0.000000001718
1.710937500000,2.460937500000,0.000000001579
1.710937500000,2.484375000000,0.000000001439
1.710937500000,2.507812500000,0.000000001303
1.710937500000,2.531250000000,0.000000001162
1.710937500000,2.554687500000,0.000000001029
1.710937500000,2.578125000000,0.000000000894
1.710937500000,2.601562500000,0.000000000759
1.710937500000,2.625000000000,0.000000000630
1.710937500000,2.648437500000,0.000000000493
1.710937500000,2.671875000000,0.000000000368
1.710937500000,2.695312500000,0.000000000238
1.710937500000,2.718750000000,0.000000000109
1.710937500000,2.742187500000,-0.000000000017
1.710937500000,2.765625000000,-0.000000000139
1.710937500000,2.789062500000,-0.000000000263
1.710937500000,2.812500000000,-0.000000000384
1.710937500000,2.835937500000,-0.000000000506
1.710937500000,2.859375000000,-0.000000000622
1.710937500000,2.882812500000,-0.000000000739
1.710937500000,2.906250000000,-0.000000000852
1.710937500000,2.929687500000,-0.000000000964
1.710937500000,2.953125000000,-0.000000001074
1.710937500000,2.976562500000,-0.000000001180
1.710937500000,3.000000000000,0.000000000000
1.734375000000,0.000000000000,0.000000000000
1.734375000000,0.023437500000,0.000000002992
1.734375000000,0.046875000000,0.000000003210
1.734375000000,0.070312500000,0.000000003422
1.734375000000,0.093750000000,0.000000003629
1.734375000000,0.117187500000,0.000000003832
1.734375000000,0.140625000000,0.000000004032
1.734375000000,0.164062500000,0.000000004223
1.734375000000,0.187500000000,0.000000004413
1.734375000000,0.210937500000,0.000000004596
1.734375000000,0.234375000000,0.000000004772
1.734375000000,0.257812500000,0.000000004948
1.734375000000,0.281250000000,0.000000005113
1.734375000000,0.304687500000,0.000000005276
1.734375000000,0.328125000000,0.000000005433
1.734375000000,0.351562500000,0.000000005583
1.734375000000,0.375000000000,0.000000005731
1.734375000000,0.398437500000,0.000000005872
1.734375000000,0.421875000000,0.000000006010
1.734375000000,0.445312500000,0.000000006140
1.734375000000,0.468750000000,0.000000006260
1.734375000000,0.492187500000,0.000000006381
1.734375000000,0.515625000000,0.000000006497
1.734375000000,0.539062500000,0.000000006603
1.734375000000,0.562500000000,0.000000006706
1.734375000000,0.585937500000,0.000000006801
1.734375000000,0.609375000000,0.000000006893
1.734375000000,0.632812500000,0.000000006981
1.734375000000,0.656250000000,0.000000007060
1.734375000000,0.679687500000,0.000000007136
1.734375000000,0.703125000000,0.000000007205
1.734375000000,0.726562500000,0.000000007271
1.734375000000,0.750000000000,0.000000007331
1.734375000000,0.773437500000,0.000000007382
1.734375000000,0.796875000000,0.000000007431
1.734375000000,0.820312500000,0.000000007473
1.734375000000,0.843750000000,0.000000007510
1.734375000000,0.867187500000,0.000000007543
1.734375000000,0.890625000000,0.000000007570
1.734375000000,0.914062500000,0.000000007594
1.734375000000,0.937500000000,0.000000007610
1.734375000000,0.960937500000,0.000000007622
1.734375000000,0.984375000000,0.000000007629
1.734375000000,1.007812500000,0.000000007630
1.734375000000,1.031250000000,0.000000007627
1.734375000000,1.054687500000,0.000000007621
1.734375000000,1.078125000000,0.000000007606
1.734375000000,1.101562500000,0.000000007592
1.734375000000,1.125000000000,0.000000007568
1.734375000000,1.148437500000,0.000000007542
1.734375000000,1.171875000000,0.000000007513
1.734375000000,1.195312500000,0.000000007477
1.734375000000,1.218750000000,0.000000007436
1.734375000000,1.242187500000,0.000000007394
1.734375000000,1.265625000000,0.000000007346
1.734375000000,1.289062500000,0.000000007295
1.734375000000,1.312500000000,0.000000007235
1.734375000000,1.335937500000,0.000000007182
1.734375000000,1.359375000000,0.000000007113
1.734375000000,1.382812500000,0.000000007046
1.734375000000,1.406250000000,0.000000006978
1.734375000000,1.429687500000,0.000000006903
1.734375000000,1.453125000000,0.000000006822
1.734375000000,1.476562500000,0.000000006741
1.734375000000,1.500000000000,0.000000006659
1.734375000000,1.523437500000,0.000000006569
1.734375000000,1.546875000000,0.000000006475
1.734375000000,1.570312500000,0.000000006384
1.734375000000,1.593750000000,0.000000006285
1.734375000000,1.617187500000,0.000000006187
1.734375000000,1.640625000000,0.000000006081
1.734375000000,1.664062500000,0.000000005978
1.734375000000,1.687500000000,0.000000005870
1.734375000000,1.710937500000,0.000000005758
1.734375000000,1.734375000000,0.000000005647
1.734375000000,1.757812500000,0.000000005533
1.734375000000,1.781250000000,0.000000005416
1.734375000000,1.804687500000,0.000000005295
1.734375000000,1.828125000000,0.000000005175
1.734375000000,1.851562500000,0.000000005052
1.734375000000,1.875000000000,0.000000004928
1.734375000000,1.898437500000,0.000000004801
1.734375000000,1.921875000000,0.000000004673
1.734375000000,1.945312500000,0.000000004545
1.734375000000,1.968750000000,0.000000004415
1.734375000000,1.992187500000,0.000000004283
1.734375000000,2.015625000000,0.000000004150
1.734375000000,2.039062500000,0.000000004018
1.734375000000,2.062500000000,0.000000003881
1.734375000000,2.085937500000,0.000000003746
1.734375000000,2.109375000000,0.000000003609
1.734375000000,2.132812500000,0.000000003475
1.734375000000,2.156250000000,0.000000003336
1.734375000000,2.179687500000,0.000000003197
1.734375000000,2.203125000000,0.000000003060
1.734375000000,2.226562500000,0.000000002920
1.734375000000,2.250000000000,0.000000002782
1.734375000000,2.273437500000,0.000000002642
1.734375000000,2.296875000000,0.000000002503
1.734375000000,2.320312500000,0.000000002367
1.734375000000,2.343750000000,0.000000002228
1.734375000000,2.367187500000,0.000000002089
1.734375000000,2.390625000000,0.000000001951
1.734375000000,2.414062500000,0.000000001812
1.734375000000,2.437500000000,0.000000001673
1.734375000000,2.460937500000,0.000000001538
1.734375000000,2.484375000000,0.000000001403
1.734375000000,2.507812500000,0.000000001269
1.734375000000,2.531250000000,0.000000001137
1.734375000000,2.554687500000,0.000000000999
1.734375000000,2.578125000000,0.000000000868
1.734375000000,2.601562500000,0.000000000738
1.734375000000,2.625000000000,0.000000000605
1.734375000000,2.648437500000,0.000000000479
1.734375000000,2.671875000000,0.000000000349
1.734375000000,2.695312500000,0.000000000225
1.734375000000,2.718750000000,0.000000000098
1.734375000000,2.742187500000,-0.000000000026
1.734375000000,2.765625000000,-0.000000000148
1.734375000000,2.789062500000,-0.000000000268
1.734375000000,2.812500000000,-0.000000000386
1.734375000000,2.835937500000,-0.000000000504
1.734375000000,2.859375000000,-0.000000000619
1.734375000000,2.882812500000,-0.000000000733
1.734375000000,2.906250000000,-0.000000000846
1.734375000000,2.929687500000,-0.000000000955
1.734375000000,2.953125000000,-0.000000001064
1.734375000000,2.976562500000,-0.000000001169
1.734375000000,3.000000000000,0.000000000000
1.757812500000,0.000000000000,0.000000000000
1.757812500000,0.023437500000,0.000000002953
1.757812500000,0.046875000000,0.000000003166
1.757812500000,0.070312500000,0.000000003374
1.757812500000,0.093750000000,0.000000003577
1.757812500000,0.117187500000,0.000000003777
1.757812500000,0.140625000000,0.000000003971
1.757812500000,0.164062500000,0.000000004158
1.757812500000,0.187500000000,0.000000004346
1.757812500000,0.210937500000,0.000000004523
1.757812500000,0.234375000000,0.000000004696
1.757812500000,0.257812500000,0.000000004868
1.757812500000,0.281250000000,0.000000005029
1.757812500000,0.304687500000,0.000000005194
1.757812500000,0.328125000000,0.000000005344
1.757812500000,0.351562500000,0.000000005493
1.757812500000,0.375000000000,0.000000005633
1.757812500000,0.398437500000,0.000000005775
1.757812500000,0.421875000000,0.000000005902
1.757812500000,0.445312500000,0.000000006032
1.757812500000,0.468750000000,0.000000006154
1.757812500000,0.492187500000,0.000000006272
1.757812500000,0.515625000000,0.000000006382
1.757812500000,0.539062500000,0.000000006490
1.757812500000,0.562500000000,0.000000006585
1.757812500000,0.585937500000,0.000000006684
1.757812500000,0.609375000000,0.000000006771
1.757812500000,0.632812500000,0.000000006856
1.757812500000,0.656250000000,0.000000006933
1.757812500000,0.679687500000,0.000000007008
1.757812500000,0.703125000000,0.000000007073
1.757812500000,0.726562500000,0.000000007139
1.757812500000,0.750000000000,0.000000007195
1.757812500000,0.773437500000,0.000000007248
1.757812500000,0.796875000000,0.000000007294
1.757812500000,0.820312500000,0.000000007337
1.757812500000,0.843750000000,0.000000007372
1.757812500000,0.867187500000,0.000000007405
1.757812500000,0.890625000000,0.000000007429
1.757812500000,0.914062500000,0.000000007451
1.757812500000,0.937500000000,0.000000007469
1.757812500000,0.960937500000,0.000000007479
1.757812500000,0.984375000000,0.000000007486
1.757812500000,1.007812500000,0.000000007487
1.757812500000,1.031250000000,0.000000007484
1.757812500000,1.054687500000,0.000000007477
1.757812500000,1.078125000000,0.000000007464
1.757812500000,1.101562500000,0.000000007448
1.757812500000,1.125000000000,0.000000007423
1.757812500000,1.148437500000,0.000000007398
1.757812500000,1.171875000000,0.000000007368
1.757812500000,1.195312500000,0.000000007335
1.757812500000,1.218750000000,0.000000007294
1.757812500000,1.242187500000,0.000000007251
1.757812500000,1.265625000000,0.000000007203
1.757812500000,1.289062500000,0.000000007153
1.757812500000,1.312500000000,0.000000007098
1.757812500000,1.335937500000,0.000000007040
1.757812500000,1.359375000000,0.000000006974
1.757812500000,1.382812500000,0.000000006906
1.757812500000,1.406250000000,0.000000006839
1.757812500000,1.429687500000,0.000000006764
1.757812500000,1.453125000000,0.000000006686
1.757812500000,1.476562500000,0.000000006608
1.757812500000,1.500000000000,0.000000006525
1.757812500000,1.523437500000,0.000000006438
1.757812500000,1.546875000000,0.000000006349
1.757812500000,1.570312500000,0.000000006256
1.757812500000,1.593750000000,0.000000006158
1.757812500000,1.617187500000,0.000000006061
1.757812500000,1.640625000000,0.000000005960
1.757812500000,1.664062500000,0.000000005857
1.757812500000,1.687500000000,0.000000005752
1.757812500000,1.710937500000,0.000000005641
1.757812500000,1.734375000000,0.000000005533
1.757812500000,1.757812500000,0.000000005419
1.757812500000,1.781250000000,0.000000005304
1.757812500000,1.804687500000,0.000000005186
1.757812500000,1.828125000000,0.000000005069
1.757812500000,1.851562500000,0.000000004947
1.757812500000,1.875000000000,0.000000004826
1.757812500000,1.898437500000,0.000000004702
1.757812500000,1.921875000000,0.000000004576
1.757812500000,1.945312500000,0.000000004449
1.757812500000,1.968750000000,0.000000004321
1.757812500000,1.992187500000,0.000000004193
1.757812500000,2.015625000000,0.000000004062
1.757812500000,2.039062500000,0.000000003931
1.757812500000,2.062500000000,0.000000003798
1.757812500000,2.085937500000,0.000000003664
1.757812500000,2.109375000000,0.000000003531
1.757812500000,2.132812500000,0.000000003400
1.757812500000,2.156250000000,0.000000003261
1.757812500000,2.179687500000,0.000000003126
1.757812500000,2.203125000000,0.000000002993
1.757812500000,2.226562500000,0.000000002852
1.757812500000,2.250000000000,0.000000002719
1.757812500000,2.273437500000,0.000000002582
1.757812500000,2.296875000000,0.000000002445
1.757812500000,2.320312500000,0.000000002310
1.757812500000,2.343750000000,0.000000002177
1.757812500000,2.367187500000,0.000000002037
1.757812500000,2.390625000000,0.000000001902
1.757812500000,2.414062500000,0.000000001770
1.757812500000,2.437500000000,0.000000001634
1.757812500000,2.460937500000,0.000000001498
1.757812500000,2.484375000000,0.000000001367
1.757812500000,2.507812500000,0.000000001233
1.757812500000,2.531250000000,0.000000001101
1.757812500000,2.554687500000,0.000000000972
1.757812500000,2.578125000000,0.000000000842
1.757812500000,2.601562500000,0.000000000712
1.757812500000,2.625000000000,0.000000000584
1.757812500000,2.648437500000,0.000000000459
1.757812500000,2.671875000000,0.000000000332
1.757812500000,2.695312500000,0.000000000211
1.757812500000,2.718750000000,0.000000000087
1.757812500000,2.742187500000,-0.000000000035
1.757812500000,2.765625000000,-0.000000000154
1.757812500000,2.789062500000,-0.000000000274
1.757812500000,2.812500000000,-0.000000000389
1.757812500000,2.835937500000,-0.000000000504
1.757812500000,2.859375000000,-0.000000000615
1.757812500000,2.882812500000,-0.000000000727
1.757812500000,2.906250000000,-0.000000000839
1.757812500000,2.929687500000,-0.000000000946
1.757812500000,2.953125000000,-0.000000001051
1.757812500000,2.976562500000,-0.000000001155
1.757812500000,3.000000000000,0.000000000000
1.781250000000,0.000000000000,0.000000000000
1.781250000000,0.023437500000,0.000000002913
1.781250000000,0.046875000000,0.000000003120
1.781250000000,0.070312500000,0.000000003325
1.781250000000,0.093750000000,0.000000003525
1.781250000000,0.117187500000,0.000000003718
1.781250000000,0.140625000000,0.000000003909
1.781250000000,0.164062500000,0.000000004094
1.781250000000,0.187500000000,0.000000004273
1.781250000000,0.210937500000,0.000000004448
1.781250000000,0.234375000000,0.000000004621
1.781250000000,0.257812500000,0.000000004785
1.781250000000,0.281250000000,0.000000004946
1.781250000000,0.304687500000,0.000000005102
1.781250000000,0.328125000000,0.000000005251
1.781250000000,0.351562500000,0.000000005398
1.781250000000,0.375000000000,0.000000005537
1.781250000000,0.398437500000,0.000000005670
1.781250000000,0.421875000000,0.000000005802
1.781250000000,0.445312500000,0.000000005926
1.781250000000,0.468750000000,0.000000006042
1.781250000000,0.492187500000,0.000000006157
1.781250000000,0.515625000000,0.000000006268
1.781250000000,0.539062500000,0.000000006367
1.781250000000,0.562500000000,0.000000006467
1.781250000000,0.585937500000,0.000000006558
1.781250000000,0.609375000000,0.000000006647
1.781250000000,0.632812500000,0.000000006730
1.781250000000,0.656250000000,0.000000006801
1.781250000000,0.679687500000,0.000000006877
1.781250000000,0.703125000000,0.000000006943
1.781250000000,0.726562500000,0.000000007002
1.781250000000,0.750000000000,0.000000007059
1.781250000000,0.773437500000,0.000000007111
1.781250000000,0.796875000000,0.000000007155
1.781250000000,0.820312500000,0.000000007196
1.781250000000,0.843750000000,0.000000007232
1.781250000000,0.867187500000,0.000000007262
1.781250000000,0.890625000000,0.000000007287
1.781250000000,0.914062500000,0.000000007307
1.781250000000,0.937500000000,0.000000007324
1.781250000000,0.960937500000,0.000000007333
1.781250000000,0.984375000000,0.000000007340
1.781250000000,1.007812500000,0.000000007341
1.781250000000,1.031250000000,0.000000007337
1.781250000000,1.054687500000,0.000000007329
1.781250000000,1.078125000000,0.000000007317
1.781250000000,1.101562500000,0.000000007300
1.781250000000,1.125000000000,0.000000007278
1.781250000000,1.148437500000,0.000000007252
1.781250000000,1.171875000000,0.000000007221
1.781250000000,1.195312500000,0.000000007189
1.781250000000,1.218750000000,0.000000007146
1.781250000000,1.242187500000,0.000000007107
1.781250000000,1.265625000000,0.000000007061
1.781250000000,1.289062500000,0.000000007007
1.781250000000,1.312500000000,0.000000006955
1.781250000000,1.335937500000,0.000000006894
1.781250000000,1.359375000000,0.000000006833
1.781250000000,1.382812500000,0.000000006770
1.781250000000,1.406250000000,0.000000006699
1.781250000000,1.429687500000,0.000000006627
1.781250000000,1.453125000000,0.000000006551
1.781250000000,1.476562500000,0.000000006471
1.781250000000,1.500000000000,0.000000006390
1.781250000000,1.523437500000,0.000000006306
1.781250000000,1.546875000000,0.000000006214
1.781250000000,1.570312500000,0.000000006128
1.781250000000,1.593750000000,0.000000006032
1.781250000000,1.617187500000,0.000000005933
1.781250000000,1.640625000000,0.000000005837
1.781250000000,1.664062500000,0.000000005731
1.781250000000,1.687500000000,0.000000005630
1.781250000000,1.710937500000,0.000000005525
1.781250000000,1.734375000000,0.000000005414
1.781250000000,1.757812500000,0.000000005303
1.781250000000,1.781250000000,0.000000005191
1.781250000000,1.804687500000,0.000000005077
1.781250000000,1.828125000000,0.000000004960
1.781250000000,1.851562500000,0.000000004842
1.781250000000,1.875000000000,0.000000004721
1.781250000000,1.898437500000,0.000000004599
1.781250000000,1.921875000000,0.000000004477
1.781250000000,1.945312500000,0.000000004352
1.781250000000,1.968750000000,0.000000004227
1.781250000000,1.992187500000,0.000000004100
1.781250000000,2.015625000000,0.000000003972
1.781250000000,2.039062500000,0.000000003843
1.781250000000,2.062500000000,0.000000003714
1.781250000000,2.085937500000,0.000000003583
1.781250000000,2.109375000000,0.000000003451
1.781250000000,2.132812500000,0.000000003321
1.781250000000,2.156250000000,0.000000003188
1.781250000000,2.179687500000,0.000000003055
1.781250000000,2.203125000000,0.000000002921
1.781250000000,2.226562500000,0.000000002790
1.781250000000,2.250000000000,0.000000002654
1.781250000000,2.273437500000,0.000000002522
1.781250000000,2.296875000000,0.000000002386
1.781250000000,2.320312500000,0.000000002257
1.781250000000,2.343750000000,0.000000002118
1.781250000000,2.367187500000,0.000000001989
1.781250000000,2.390625000000,0.000000001853
1.781250000000,2.414062500000,0.000000001723
1.781250000000,2.437500000000,0.000000001590
1.781250000000,2.460937500000,0.000000001458
1.781250000000,2.484375000000,0.000000001330
1.781250000000,2.507812500000,0.000000001199
1.781250000000,2.531250000000,0.000000001069
1.781250000000,2.554687500000,0.000000000943
1.781250000000,2.578125000000,0.000000000813
1.781250000000,2.601562500000,0.000000000689
1.781250000000,2.625000000000,0.000000000564
1.781250000000,2.648437500000,0.000000000440
1.781250000000,2.671875000000,0.000000000316
1.781250000000,2.695312500000,0.000000000196
1.781250000000,2.718750000000,0.000000000075
1.781250000000,2.742187500000,-0.000000000042
1.781250000000,2.765625000000,-0.000000000161
1.781250000000,2.789062500000,-0.000000000274
1.781250000000,2.812500000000,-0.000000000392
1.781250000000,2.835937500000,-0.000000000504
1.781250000000,2.859375000000,-0.000000000615
1.781250000000,2.882812500000,-0.000000000723
1.781250000000,2.906250000000,-0.000000000830
1.781250000000,2.929687500000,-0.000000000937
1.781250000000,2.953125000000,-0.000000001039
1.781250000000,2.976562500000,-0.000000001141
1.781250000000,3.000000000000,0.000000000000
1.804687500000,0.000000000000,0.000000000000
1.804687500000,0.023437500000,0.000000002870
1.804687500000,0.046875000000,0.000000003075
1.804687500000,0.070312500000,0.000000003274
1.804687500000,0.093750000000,0.000000003469
1.804687500000,0.117187500000,0.000000003659
1.804687500000,0.140625000000,0.000000003845
1.804687500000,0.164062500000,0.000000004026
1.804687500000,0.187500000000,0.000000004201
1.804687500000,0.210937500000,0.000000004375
1.804687500000,0.234375000000,0.000000004539
1.804687500000,0.257812500000,0.000000004702
1.804687500000,0.281250000000,0.000000004857
1.804687500000,0.304687500000,0.000000005009
1.804687500000,0.328125000000,0.000000005159
1.804687500000,0.351562500000,0.000000005296
1.804687500000,0.375000000000,0.000000005433
1.804687500000,0.398437500000,0.000000005565
1.804687500000,0.421875000000,0.000000005691
1.804687500000,0.445312500000,0.000000005817
1.804687500000,0.468750000000,0.000000005930
1.804687500000,0.492187500000,0.000000006042
1.804687500000,0.515625000000,0.000000006146
1.804687500000,0.539062500000,0.000000006248
1.804687500000,0.562500000000,0.000000006343
1.804687500000,0.585937500000,0.000000006433
1.804687500000,0.609375000000,0.000000006518
1.804687500000,0.632812500000,0.000000006599
1.804687500000,0.656250000000,0.000000006672
1.804687500000,0.679687500000,0.000000006742
1.804687500000,0.703125000000,0.000000006807
1.804687500000,0.726562500000,0.000000006866
1.804687500000,0.750000000000,0.000000006921
1.804687500000,0.773437500000,0.000000006969
1.804687500000,0.796875000000,0.000000007013
1.804687500000,0.820312500000,0.000000007053
1.804687500000,0.843750000000,0.000000007088
1.804687500000,0.867187500000,0.000000007118
1.804687500000,0.890625000000,0.000000007142
1.804687500000,0.914062500000,0.000000007159
1.804687500000,0.937500000000,0.000000007175
1.804687500000,0.960937500000,0.000000007185
1.804687500000,0.984375000000,0.000000007191
1.804687500000,1.007812500000,0.000000007192
1.804687500000,1.031250000000,0.000000007188
1.804687500000,1.054687500000,0.000000007180
1.804687500000,1.078125000000,0.000000007167
1.804687500000,1.101562500000,0.000000007150
1.804687500000,1.125000000000,0.000000007128
1.804687500000,1.148437500000,0.000000007103
1.804687500000,1.171875000000,0.000000007072
1.804687500000,1.195312500000,0.000000007038
1.804687500000,1.218750000000,0.000000007000
1.804687500000,1.242187500000,0.000000006959
1.804687500000,1.265625000000,0.000000006911
1.804687500000,1.289062500000,0.000000006861
1.804687500000,1.312500000000,0.000000006811
1.804687500000,1.335937500000,0.000000006752
1.804687500000,1.359375000000,0.000000006687
1.804687500000,1.382812500000,0.000000006627
1.804687500000,1.406250000000,0.000000006558
1.804687500000,1.429687500000,0.000000006485
1.804687500000,1.453125000000,0.000000006412
1.804687500000,1.476562500000,0.000000006335
1.804687500000,1.500000000000,0.000000006253
1.804687500000,1.523437500000,0.000000006171
1.804687500000,1.546875000000,0.000000006081
1.804687500000,1.570312500000,0.000000005994
1.804687500000,1.593750000000,0.000000005903
1.804687500000,1.617187500000,0.000000005807
1.804687500000,1.640625000000,0.000000005711
1.804687500000,1.664062500000,0.000000005608
1.804687500000,1.687500000000,0.000000005507
1.804687500000,1.710937500000,0.000000005404
1.804687500000,1.734375000000,0.000000005297
1.804687500000,1.757812500000,0.000000005187
1.804687500000,1.781250000000,0.000000005077
1.804687500000,1.804687500000,0.000000004963
1.804687500000,1.828125000000,0.000000004848
1.804687500000,1.851562500000,0.000000004734
1.804687500000,1.875000000000,0.000000004615
1.804687500000,1.898437500000,0.000000004497
1.804687500000,1.921875000000,0.000000004376
1.804687500000,1.945312500000,0.000000004254
1.804687500000,1.968750000000,0.000000004131
1.804687500000,1.992187500000,0.000000004006
1.804687500000,2.015625000000,0.000000003881
1.804687500000,2.039062500000,0.000000003754
1.804687500000,2.062500000000,0.000000003628
1.804687500000,2.085937500000,0.000000003499
1.804687500000,2.109375000000,0.000000003371
1.804687500000,2.132812500000,0.000000003242
1.804687500000,2.156250000000,0.000000003111
1.804687500000,2.179687500000,0.000000002981
1.804687500000,2.203125000000,0.000000002852
1.804687500000,2.226562500000,0.000000002720
1.804687500000,2.250000000000,0.000000002589
1.804687500000,2.273437500000,0.000000002459
1.804687500000,2.296875000000,0.000000002328
1.804687500000,2.320312500000,0.000000002199
1.804687500000,2.343750000000,0.000000002065
1.804687500000,2.367187500000,0.000000001938
1.804687500000,2.390625000000,0.000000001805
1.804687500000,2.414062500000,0.000000001679
1.804687500000,2.437500000000,0.000000001546
1.804687500000,2.460937500000,0.000000001421
1.804687500000,2.484375000000,0.000000001291
1.804687500000,2.507812500000,0.000000001165
1.804687500000,2.531250000000,0.000000001038
1.804687500000,2.554687500000,0.000000000913
1.804687500000,2.578125000000,0.000000000788
1.804687500000,2.601562500000,0.000000000664
1.804687500000,2.625000000000,0.000000000541
1.804687500000,2.648437500000,0.000000000420
1.804687500000,2.671875000000,0.000000000303
1.804687500000,2.695312500000,0.000000000180
1.804687500000,2.718750000000,0.000000000064
1.804687500000,2.742187500000,-0.000000000053
1.804687500000,2.765625000000,-0.000000000169
1.804687500000,2.789062500000,-0.000000000280
1.804687500000,2.812500000000,-0.000000000391
1.804687500000,2.835937500000,-0.000000000501
1.804687500000,2.859375000000,-0.000000000610
1.804687500000,2.882812500000,-0.000000000717
1.804687500000,2.906250000000,-0.000000000822
1.804687500000,2.929687500000,-0.000000000925
1.804687500000,2.953125000000,-0.000000001026
1.804687500000,2.976562500000,-0.000000001127
1.804687500000,3.000000000000,0.000000000000
1.828125000000,0.000000000000,0.000000000000
1.828125000000,0.023437500000,0.000000002828
1.828125000000,0.046875000000,0.000000003027
1.828125000000,0.070312500000,0.000000003221
1.828125000000,0.093750000000,0.000000003411
1.828125000000,0.117187500000,0.000000003598
1.828125000000,0.140625000000,0.000000003779
1.828125000000,0.164062500000,0.000000003957
1.828125000000,0.187500000000,0.000000004127
1.828125000000,0.210937500000,0.000000004295
1.828125000000,0.234375000000,0.000000004458
1.828125000000,0.257812500000,0.000000004616
1.828125000000,0.281250000000,0.000000004769
1.828125000000,0.304687500000,0.000000004917
1.828125000000,0.328125000000,0.000000005062
1.828125000000,0.351562500000,0.000000005198
1.828125000000,0.375000000000,0.000000005334
1.828125000000,0.398437500000,0.000000005462
1.828125000000,0.421875000000,0.000000005581
1.828125000000,0.445312500000,0.000000005701
1.828125000000,0.468750000000,0.000000005812
1.828125000000,0.492187500000,0.000000005923
1.828125000000,0.515625000000,0.000000006025
1.828125000000,0.539062500000,0.000000006124
1.828125000000,0.562500000000,0.000000006217
1.828125000000,0.585937500000,0.000000006306
1.828125000000,0.609375000000,0.000000006388
1.828125000000,0.632812500000,0.000000006468
1.828125000000,0.656250000000,0.000000006538
1.828125000000,0.679687500000,0.000000006607
1.828125000000,0.703125000000,0.000000006669
1.828125000000,0.726562500000,0.000000006727
1.828125000000,0.750000000000,0.000000006779
1.828125000000,0.773437500000,0.000000006826
1.828125000000,0.796875000000,0.000000006869
1.828125000000,0.820312500000,0.000000006907
1.828125000000,0.843750000000,0.000000006941
1.828125000000,0.867187500000,0.000000006969
1.828125000000,0.890625000000,0.000000006993
1.828125000000,0.914062500000,0.000000007011
1.828125000000,0.937500000000,0.000000007026
1.828125000000,0.960937500000,0.000000007034
1.828125000000,0.984375000000,0.000000007040
1.828125000000,1.007812500000,0.000000007040
1.828125000000,1.031250000000,0.000000007036
1.828125000000,1.054687500000,0.000000007028
1.828125000000,1.078125000000,0.000000007014
1.828125000000,1.101562500000,0.000000006998
1.828125000000,1.125000000000,0.000000006976
1.828125000000,1.148437500000,0.000000006949
1.828125000000,1.171875000000,0.000000006921
1.828125000000,1.195312500000,0.000000006885
1.828125000000,1.218750000000,0.000000006849
1.828125000000,1.242187500000,0.000000006809
1.828125000000,1.265625000000,0.000000006762
1.828125000000,1.289062500000,0.000000006711
1.828125000000,1.312500000000,0.000000006662
1.828125000000,1.335937500000,0.000000006604
1.828125000000,1.359375000000,0.000000006543
1.828125000000,1.382812500000,0.000000006479
1.828125000000,1.406250000000,0.000000006414
1.828125000000,1.429687500000,0.000000006343
1.828125000000,1.453125000000,0.000000006269
1.828125000000,1.476562500000,0.000000006194
1.828125000000,1.500000000000,0.000000006116
1.828125000000,1.523437500000,0.000000006032
1.828125000000,1.546875000000,0.000000005948
1.828125000000,1.570312500000,0.000000005857
1.828125000000,1.593750000000,0.000000005769
1.828125000000,1.617187500000,0.000000005676
1.828125000000,1.640625000000,0.000000005581
1.828125000000,1.664062500000,0.000000005481
1.828125000000,1.687500000000,0.000000005382
1.828125000000,1.710937500000,0.000000005278
1.828125000000,1.734375000000,0.000000005176
1.828125000000,1.757812500000,0.000000005069
1.828125000000,1.781250000000,0.000000004958
1.828125000000,1.804687500000,0.000000004849
1.828125000000,1.828125000000,0.000000004738
1.828125000000,1.851562500000,0.000000004623
1.828125000000,1.875000000000,0.000000004509
1.828125000000,1.898437500000,0.000000004392
1.828125000000,1.921875000000,0.000000004273
1.828125000000,1.945312500000,0.000000004154
1.828125000000,1.968750000000,0.000000004032
1.828125000000,1.992187500000,0.000000003911
1.828125000000,2.015625000000,0.000000003789
1.828125000000,2.039062500000,0.000000003664
1.828125000000,2.062500000000,0.000000003540
1.828125000000,2.085937500000,0.000000003414
1.828125000000,2.109375000000,0.000000003289
1.828125000000,2.132812500000,0.000000003162
1.828125000000,2.156250000000,0.000000003035
1.828125000000,2.179687500000,0.000000002908
1.828125000000,2.203125000000,0.000000002779
1.828125000000,2.226562500000,0.000000002652
1.828125000000,2.250000000000,0.000000002524
1.828125000000,2.273437500000,0.000000002396
1.828125000000,2.296875000000,0.000000002269
1.828125000000,2.320312500000,0.000000002139
1.828125000000,2.343750000000,0.000000002013
1.828125000000,2.367187500000,0.000000001886
1.828125000000,2.390625000000,0.000000001756
1.828125000000,2.414062500000,0.000000001632
1.828125000000,2.437500000000,0.000000001503
1.828125000000,2.460937500000,0.000000001378
1.828125000000,2.484375000000,0.000000001251
1.828125000000,2.507812500000,0.000000001131
1.828125000000,2.531250000000,0.000000001005
1.828125000000,2.554687500000,0.000000000883
1.828125000000,2.578125000000,0.000000000762
1.828125000000,2.601562500000,0.000000000640
1.828125000000,2.625000000000,0.000000000520
1.828125000000,2.648437500000,0.000000000401
1.828125000000,2.671875000000,0.000000000283
1.828125000000,2.695312500000,0.000000000170
1.828125000000,2.718750000000,0.000000000053
1.828125000000,2.742187500000,-0.000000000059
1.828125000000,2.765625000000,-0.000000000173
1.828125000000,2.789062500000,-0.000000000284
1.828125000000,2.812500000000,-0.000000000393
1.828125000000,2.835937500000,-0.000000000500
1.828125000000,2.859375000000,-0.000000000606
1.828125000000,2.882812500000,-0.000000000711
1.828125000000,2.906250000000,-0.000000000814
1.828125000000,2.929687500000,-0.000000000915
1.828125000000,2.953125000000,-0.000000001013
1.828125000000,2.976562500000,-0.000000001111
1.828125000000,3.000000000000,0.000000000000
1.851562500000,0.000000000000,0.000000000000
1.851562500000,0.023437500000,0.000000002783
1.851562500000,0.046875000000,0.000000002978
1.851562500000,0.070312500000,0.000000003167
1.851562500000,0.093750000000,0.000000003354
1.851562500000,0.117187500000,0.000000003535
1.851562500000,0.140625000000,0.000000003712
1.851562500000,0.164062500000,0.000000003885
1.851562500000,0.187500000000,0.000000004051
1.851562500000,0.210937500000,0.000000004216
1.851562500000,0.234375000000,0.000000004374
1.851562500000,0.257812500000,0.000000004528
1.851562500000,0.281250000000,0.000000004677
1.851562500000,0.304687500000,0.000000004821
1.851562500000,0.328125000000,0.000000004961
1.851562500000,0.351562500000,0.000000005098
1.851562500000,0.375000000000,0.000000005225
1.851562500000,0.398437500000,0.000000005352
1.851562500000,0.421875000000,0.000000005472
1.851562500000,0.445312500000,0.000000005586
1.851562500000,0.468750000000,0.000000005698
1.851562500000,0.492187500000,0.000000005801
1.851562500000,0.515625000000,0.000000005903
1.851562500000,0.539062500000,0.000000005998
1.851562500000,0.562500000000,0.000000006088
1.851562500000,0.585937500000,0.000000006175
1.851562500000,0.609375000000,0.000000006256
1.851562500000,0.632812500000,0.000000006329
1.851562500000,0.656250000000,0.000000006401
1.851562500000,0.679687500000,0.000000006466
1.851562500000,0.703125000000,0.000000006528
1.851562500000,0.726562500000,0.000000006583
1.851562500000,0.750000000000,0.000000006635
1.851562500000,0.773437500000,0.000000006681
1.851562500000,0.796875000000,0.000000006723
1.851562500000,0.820312500000,0.000000006759
1.851562500000,0.843750000000,0.000000006790
1.851562500000,0.867187500000,0.000000006818
1.851562500000,0.890625000000,0.000000006841
1.851562500000,0.914062500000,0.000000006859
1.851562500000,0.937500000000,0.000000006872
1.851562500000,0.960937500000,0.000000006881
1.851562500000,0.984375000000,0.000000006885
1.851562500000,1.007812500000,0.000000006885
1.851562500000,1.031250000000,0.000000006881
1.851562500000,1.054687500000,0.000000006873
1.851562500000,1.078125000000,0.000000006860
1.851562500000,1.101562500000,0.000000006841
1.851562500000,1.125000000000,0.000000006822
1.851562500000,1.148437500000,0.000000006794
1.851562500000,1.171875000000,0.000000006767
1.851562500000,1.195312500000,0.000000006732
1.851562500000,1.218750000000,0.000000006696
1.851562500000,1.242187500000,0.000000006653
1.851562500000,1.265625000000,0.000000006610
1.851562500000,1.289062500000,0.000000006560
1.851562500000,1.312500000000,0.000000006509
1.851562500000,1.335937500000,0.000000006454
1.851562500000,1.359375000000,0.000000006393
1.851562500000,1.382812500000,0.000000006334
1.851562500000,1.406250000000,0.000000006265
1.851562500000,1.429687500000,0.000000006198
1.851562500000,1.453125000000,0.000000006128
1.851562500000,1.476562500000,0.000000006050
1.851562500000,1.500000000000,0.000000005972
1.851562500000,1.523437500000,0.000000005893
1.851562500000,1.546875000000,0.000000005809
1.851562500000,1.570312500000,0.000000005724
1.851562500000,1.593750000000,0.000000005634
1.851562500000,1.617187500000,0.000000005544
1.851562500000,1.640625000000,0.000000005449
1.851562500000,1.664062500000,0.000000005352
1.851562500000,1.687500000000,0.000000005254
1.851562500000,1.710937500000,0.000000005155
1.851562500000,1.734375000000,0.000000005051
1.851562500000,1.757812500000,0.000000004948
1.851562500000,1.781250000000,0.000000004841
1.851562500000,1.804687500000,0.000000004733
1.851562500000,1.828125000000,0.000000004623
1.851562500000,1.851562500000,0.000000004511
1.851562500000,1.875000000000,0.000000004399
1.851562500000,1.898437500000,0.000000004285
1.851562500000,1.921875000000,0.000000004169
1.851562500000,1.945312500000,0.000000004052
1.851562500000,1.968750000000,0.000000003934
1.851562500000,1.992187500000,0.000000003814
1.851562500000,2.015625000000,0.000000003695
1.851562500000,2.039062500000,0.000000003572
1.851562500000,2.062500000000,0.000000003453
1.851562500000,2.085937500000,0.000000003328
1.851562500000,2.109375000000,0.000000003207
1.851562500000,2.132812500000,0.000000003082
1.851562500000,2.156250000000,0.000000002957
1.851562500000,2.179687500000,0.000000002833
1.851562500000,2.203125000000,0.000000002708
1.851562500000,2.226562500000,0.000000002582
1.851562500000,2.250000000000,0.000000002458
1.851562500000,2.273437500000,0.000000002333
1.851562500000,2.296875000000,0.000000002205
1.851562500000,2.320312500000,0.000000002082
1.851562500000,2.343750000000,0.000000001956
1.851562500000,2.367187500000,0.000000001832
1.851562500000,2.390625000000,0.000000001706
1.851562500000,2.414062500000,0.000000001585
1.851562500000,2.437500000000,0.000000001459
1.851562500000,2.460937500000,0.000000001338
1.851562500000,2.484375000000,0.000000001215
1.851562500000,2.507812500000,0.000000001094
1.851562500000,2.531250000000,0.000000000971
1.851562500000,2.554687500000,0.000000000851
1.851562500000,2.578125000000,0.000000000734
1.851562500000,2.601562500000,0.000000000614
1.851562500000,2.625000000000,0.000000000498
1.851562500000,2.648437500000,0.000000000381
1.851562500000,2.671875000000,0.000000000268
1.851562500000,2.695312500000,0.000000000153
1.851562500000,2.718750000000,0.000000000042
1.851562500000,2.742187500000,-0.000000000069
1.851562500000,2.765625000000,-0.000000000179
1.851562500000,2.789062500000,-0.000000000287
1.851562500000,2.812500000000,-0.000000000395
1.851562500000,2.835937500000,-0.000000000498
1.851562500000,2.859375000000,-0.000000000602
1.851562500000,2.882812500000,-0.000000000704
1.851562500000,2.906250000000,-0.000000000806
1.851562500000,2.929687500000,-0.000000000904
1.851562500000,2.953125000000,-0.000000001000
1.851562500000,2.976562500000,-0.000000001095
1.851562500000,3.000000000000,0.000000000000
1.875000000000,0.000000000000,0.000000000000
1.875000000000,0.023437500000,0.000000002737
1.875000000000,0.046875000000,0.000000002928
1.875000000000,0.070312500000,0.000000003112
1.875000000000,0.093750000000,0.000000003294
1.875000000000,0.117187500000,0.000000003471
1.875000000000,0.140625000000,0.000000003643
1.875000000000,0.164062500000,0.000000003810
1.875000000000,0.187500000000,0.000000003975
1.875000000000,0.210937500000,0.000000004135
1.875000000000,0.234375000000,0.000000004288
1.875000000000,0.257812500000,0.000000004439
1.875000000000,0.281250000000,0.000000004584
1.875000000000,0.304687500000,0.000000004725
1.875000000000,0.328125000000,0.000000004859
1.875000000000,0.351562500000,0.000000004992
1.875000000000,0.375000000000,0.000000005120
1.875000000000,0.398437500000,0.000000005240
1.875000000000,0.421875000000,0.000000005358
1.875000000000,0.445312500000,0.000000005470
1.875000000000,0.468750000000,0.000000005577
1.875000000000,0.492187500000,0.000000005679
1.875000000000,0.515625000000,0.000000005777
1.875000000000,0.539062500000,0.000000005871
1.875000000000,0.562500000000,0.000000005957
1.875000000000,0.585937500000,0.000000006041
1.875000000000,0.609375000000,0.000000006120
1.875000000000,0.632812500000,0.000000006194
1.875000000000,0.656250000000,0.000000006261
1.875000000000,0.679687500000,0.000000006325
1.875000000000,0.703125000000,0.000000006384
1.875000000000,0.726562500000,0.000000006438
1.875000000000,0.750000000000,0.000000006488
1.875000000000,0.773437500000,0.000000006532
1.875000000000,0.796875000000,0.000000006573
1.875000000000,0.820312500000,0.000000006608
1.875000000000,0.843750000000,0.000000006639
1.875000000000,0.867187500000,0.000000006665
1.875000000000,0.890625000000,0.000000006687
1.875000000000,0.914062500000,0.000000006704
1.875000000000,0.937500000000,0.000000006716
1.875000000000,0.960937500000,0.000000006724
1.875000000000,0.984375000000,0.000000006729
1.875000000000,1.007812500000,0.000000006728
1.875000000000,1.031250000000,0.000000006723
1.875000000000,1.054687500000,0.000000006715
1.875000000000,1.078125000000,0.000000006702
1.875000000000,1.101562500000,0.000000006683
1.875000000000,1.125000000000,0.000000006664
1.875000000000,1.148437500000,0.000000006637
1.875000000000,1.171875000000,0.000000006609
1.875000000000,1.195312500000,0.000000006575
1.875000000000,1.218750000000,0.000000006539
1.875000000000,1.242187500000,0.000000006500
1.875000000000,1.265625000000,0.000000006454
1.875000000000,1.289062500000,0.000000006408
1.875000000000,1.312500000000,0.000000006353
1.875000000000,1.335937500000,0.000000006303
1.875000000000,1.359375000000,0.000000006243
1.875000000000,1.382812500000,0.000000006184
1.875000000000,1.406250000000,0.000000006118
1.875000000000,1.429687500000,0.000000006048
1.875000000000,1.453125000000,0.000000005979
1.875000000000,1.476562500000,0.000000005907
1.875000000000,1.500000000000,0.000000005830
1.875000000000,1.523437500000,0.000000005751
1.875000000000,1.546875000000,0.000000005669
1.875000000000,1.570312500000,0.000000005585
1.875000000000,1.593750000000,0.000000005498
1.875000000000,1.617187500000,0.000000005408
1.875000000000,1.640625000000,0.000000005317
1.875000000000,1.664062500000,0.000000005223
1.875000000000,1.687500000000,0.000000005126
1.875000000000,1.710937500000,0.000000005028
1.875000000000,1.734375000000,0.000000004927
1.875000000000,1.757812500000,0.000000004826
1.875000000000,1.781250000000,0.000000004721
1.875000000000,1.804687500000,0.000000004616
1.875000000000,1.828125000000,0.000000004509
1.875000000000,1.851562500000,0.000000004399
1.875000000000,1.875000000000,0.000000004288
1.875000000000,1.898437500000,0.000000004177
1.875000000000,1.921875000000,0.000000004063
1.875000000000,1.945312500000,0.000000003949
1.875000000000,1.968750000000,0.000000003833
1.875000000000,1.992187500000,0.000000003717
1.875000000000,2.015625000000,0.000000003599
1.875000000000,2.039062500000,0.000000003480
1.875000000000,2.062500000000,0.000000003362
1.875000000000,2.085937500000,0.000000003241
1.875000000000,2.109375000000,0.000000003122
1.875000000000,2.132812500000,0.000000003001
1.875000000000,2.156250000000,0.000000002878
1.875000000000,2.179687500000,0.000000002757
1.875000000000,2.203125000000,0.000000002636
1.875000000000,2.226562500000,0.000000002512
1.875000000000,2.250000000000,0.000000002391
1.875000000000,2.273437500000,0.000000002268
1.875000000000,2.296875000000,0.000000002144
1.875000000000,2.320312500000,0.000000002024
1.875000000000,2.343750000000,0.000000001901
1.875000000000,2.367187500000,0.000000001778
1.875000000000,2.390625000000,0.000000001657
1.875000000000,2.414062500000,0.000000001535
1.875000000000,2.437500000000,0.000000001415
1.875000000000,2.460937500000,0.000000001298
1.875000000000,2.484375000000,0.000000001176
1.875000000000,2.507812500000,0.000000001058
1.875000000000,2.531250000000,0.000000000939
1.875000000000,2.554687500000,0.000000000822
1.875000000000,2.578125000000,0.000000000707
1.875000000000,2.601562500000,0.000000000590
1.875000000000,2.625000000000,0.000000000477
1.875000000000,2.648437500000,0.000000000364
1.875000000000,2.671875000000,0.000000000251
1.875000000000,2.695312500000,0.000000000140
1.875000000000,2.718750000000,0.000000000031
1.875000000000,2.742187500000,-0.000000000077
1.875000000000,2.765625000000,-0.000000000185
1.875000000000,2.789062500000,-0.000000000290
1.875000000000,2.812500000000,-0.000000000396
1.875000000000,2.835937500000,-0.000000000497
1.875000000000,2.859375000000,-0.000000000598
1.875000000000,2.882812500000,-0.000000000698
1.875000000000,2.906250000000,-0.000000000796
1.875000000000,2.929687500000,-0.000000000891
1.875000000000,2.953125000000,-0.000000000985
1.875000000000,2.976562500000,-0.000000001078
1.875000000000,3.000000000000,0.000000000000
1.898437500000,0.000000000000,0.000000000000
1.898437500000,0.023437500000,0.000000002691
1.898437500000,0.046875000000,0.000000002874
1.898437500000,0.070312500000,0.000000003057
1.898437500000,0.093750000000,0.000000003232
1.898437500000,0.117187500000,0.000000003404
1.898437500000,0.140625000000,0.000000003574
1.898437500000,0.164062500000,0.000000003736
1.898437500000,0.187500000000,0.000000003896
1.898437500000,0.210937500000,0.000000004050
1.898437500000,0.234375000000,0.000000004201
1.898437500000,0.257812500000,0.000000004349
1.898437500000,0.281250000000,0.000000004488
1.898437500000,0.304687500000,0.000000004625
1.898437500000,0.328125000000,0.000000004760
1.898437500000,0.351562500000,0.000000004886
1.898437500000,0.375000000000,0.000000005010
1.898437500000,0.398437500000,0.000000005128
1.898437500000,0.421875000000,0.000000005241
1.898437500000,0.445312500000,0.000000005349
1.898437500000,0.468750000000,0.000000005455
1.898437500000,0.492187500000,0.000000005556
1.898437500000,0.515625000000,0.000000005650
1.898437500000,0.539062500000,0.000000005739
1.898437500000,0.562500000000,0.000000005825
1.898437500000,0.585937500000,0.000000005905
1.898437500000,0.609375000000,0.000000005982
1.898437500000,0.632812500000,0.000000006053
1.898437500000,0.656250000000,0.000000006119
1.898437500000,0.679687500000,0.000000006181
1.898437500000,0.703125000000,0.000000006237
1.898437500000,0.726562500000,0.000000006290
1.898437500000,0.750000000000,0.000000006340
1.898437500000,0.773437500000,0.000000006382
1.898437500000,0.796875000000,0.000000006421
1.898437500000,0.820312500000,0.000000006455
1.898437500000,0.843750000000,0.000000006484
1.898437500000,0.867187500000,0.000000006509
1.898437500000,0.890625000000,0.000000006530
1.898437500000,0.914062500000,0.000000006547
1.898437500000,0.937500000000,0.000000006559
1.898437500000,0.960937500000,0.000000006566
1.898437500000,0.984375000000,0.000000006570
1.898437500000,1.007812500000,0.000000006568
1.898437500000,1.031250000000,0.000000006565
1.898437500000,1.054687500000,0.000000006556
1.898437500000,1.078125000000,0.000000006542
1.898437500000,1.101562500000,0.000000006524
1.898437500000,1.125000000000,0.000000006504
1.898437500000,1.148437500000,0.000000006478
1.898437500000,1.171875000000,0.000000006449
1.898437500000,1.195312500000,0.000000006417
1.898437500000,1.218750000000,0.000000006380
1.898437500000,1.242187500000,0.000000006343
1.898437500000,1.265625000000,0.000000006297
1.898437500000,1.289062500000,0.000000006250
1.898437500000,1.312500000000,0.000000006201
1.898437500000,1.335937500000,0.000000006148
1.898437500000,1.359375000000,0.000000006090
1.898437500000,1.382812500000,0.000000006029
1.898437500000,1.406250000000,0.000000005968
1.898437500000,1.429687500000,0.000000005899
1.898437500000,1.453125000000,0.000000005833
1.898437500000,1.476562500000,0.000000005759
1.898437500000,1.500000000000,0.000000005686
1.898437500000,1.523437500000,0.000000005606
1.898437500000,1.546875000000,0.000000005527
1.898437500000,1.570312500000,0.000000005445
1.898437500000,1.593750000000,0.000000005360
1.898437500000,1.617187500000,0.000000005271
1.898437500000,1.640625000000,0.000000005182
1.898437500000,1.664062500000,0.000000005090
1.898437500000,1.687500000000,0.000000004996
1.898437500000,1.710937500000,0.000000004899
1.898437500000,1.734375000000,0.000000004802
1.898437500000,1.757812500000,0.000000004701
1.898437500000,1.781250000000,0.000000004600
1.898437500000,1.804687500000,0.000000004497
1.898437500000,1.828125000000,0.000000004392
1.898437500000,1.851562500000,0.000000004284
1.898437500000,1.875000000000,0.000000004176
1.898437500000,1.898437500000,0.000000004067
1.898437500000,1.921875000000,0.000000003956
1.898437500000,1.945312500000,0.000000003845
1.898437500000,1.968750000000,0.000000003732
1.898437500000,1.992187500000,0.000000003618
1.898437500000,2.015625000000,0.000000003503
1.898437500000,2.039062500000,0.000000003387
1.898437500000,2.062500000000,0.000000003272
1.898437500000,2.085937500000,0.000000003154
1.898437500000,2.109375000000,0.000000003036
1.898437500000,2.132812500000,0.000000002917
1.898437500000,2.156250000000,0.000000002800
1.898437500000,2.179687500000,0.000000002680
1.898437500000,2.203125000000,0.000000002561
1.898437500000,2.226562500000,0.000000002442
1.898437500000,2.250000000000,0.000000002320
1.898437500000,2.273437500000,0.000000002203
1.898437500000,2.296875000000,0.000000002083
1.898437500000,2.320312500000,0.000000001964
1.898437500000,2.343750000000,0.000000001844
1.898437500000,2.367187500000,0.000000001725
1.898437500000,2.390625000000,0.000000001607
1.898437500000,2.414062500000,0.000000001490
1.898437500000,2.437500000000,0.000000001371
1.898437500000,2.460937500000,0.000000001252
1.898437500000,2.484375000000,0.000000001138
1.898437500000,2.507812500000,0.000000001021
1.898437500000,2.531250000000,0.000000000906
1.898437500000,2.554687500000,0.000000000793
1.898437500000,2.578125000000,0.000000000678
1.898437500000,2.601562500000,0.000000000566
1.898437500000,2.625000000000,0.000000000454
1.898437500000,2.648437500000,0.000000000345
1.898437500000,2.671875000000,0.000000000234
1.898437500000,2.695312500000,0.000000000127
1.898437500000,2.718750000000,0.000000000019
1.898437500000,2.742187500000,-0.000000000086
1.898437500000,2.765625000000,-0.000000000190
1.898437500000,2.789062500000,-0.000000000292
1.898437500000,2.812500000000,-0.000000000395
1.898437500000,2.835937500000,-0.000000000494
1.898437500000,2.859375000000,-0.000000000594
1.898437500000,2.882812500000,-0.000000000691
1.898437500000,2.906250000000,-0.000000000786
1.898437500000,2.929687500000,-0.000000000880
1.898437500000,2.953125000000,-0.000000000971
1.898437500000,2.976562500000,-0.000000001062
1.898437500000,3.000000000000,0.000000000000
1.921875000000,0.000000000000,0.000000000000
1.921875000000,0.023437500000,0.000000002642
1.921875000000,0.046875000000,0.000000002824
1.921875000000,0.070312500000,0.000000002998
1.921875000000,0.093750000000,0.000000003170
1.921875000000,0.117187500000,0.000000003338
1.921875000000,0.140625000000,0.000000003502
1.921875000000,0.164062500000,0.000000003660
1.921875000000,0.187500000000,0.000000003815
1.921875000000,0.210937500000,0.000000003965
1.921875000000,0.234375000000,0.000000004113
1.921875000000,0.257812500000,0.000000004255
1.921875000000,0.281250000000,0.000000004392
1.921875000000,0.304687500000,0.000000004525
1.921875000000,0.328125000000,0.000000004654
1.921875000000,0.351562500000,0.000000004779
1.921875000000,0.375000000000,0.000000004897
1.921875000000,0.398437500000,0.000000005012
1.921875000000,0.421875000000,0.000000005124
1.921875000000,0.445312500000,0.000000005231
1.921875000000,0.468750000000,0.000000005331
1.921875000000,0.492187500000,0.000000005426
1.921875000000,0.515625000000,0.000000005519
1.921875000000,0.539062500000,0.000000005607
1.921875000000,0.562500000000,0.000000005690
1.921875000000,0.585937500000,0.000000005768
1.921875000000,0.609375000000,0.000000005841
1.921875000000,0.632812500000,0.000000005911
1.921875000000,0.656250000000,0.000000005976
1.921875000000,0.679687500000,0.000000006035
1.921875000000,0.703125000000,0.000000006090
1.921875000000,0.726562500000,0.000000006141
1.921875000000,0.750000000000,0.000000006187
1.921875000000,0.773437500000,0.000000006229
1.921875000000,0.796875000000,0.000000006267
1.921875000000,0.820312500000,0.000000006300
1.921875000000,0.843750000000,0.000000006328
1.921875000000,0.867187500000,0.000000006351
1.921875000000,0.890625000000,0.000000006372
1.921875000000,0.914062500000,0.000000006387
1.921875000000,0.937500000000,0.000000006398
1.921875000000,0.960937500000,0.000000006406
1.921875000000,0.984375000000,0.000000006408
1.921875000000,1.007812500000,0.000000006407
1.921875000000,1.031250000000,0.000000006402
1.921875000000,1.054687500000,0.000000006392
1.921875000000,1.078125000000,0.000000006380
1.921875000000,1.101562500000,0.000000006362
1.921875000000,1.125000000000,0.000000006341
1.921875000000,1.148437500000,0.000000006317
1.921875000000,1.171875000000,0.000000006288
1.921875000000,1.195312500000,0.000000006257
1.921875000000,1.218750000000,0.000000006219
1.921875000000,1.242187500000,0.000000006181
1.921875000000,1.265625000000,0.000000006139
1.921875000000,1.289062500000,0.000000006092
1.921875000000,1.312500000000,0.000000006044
1.921875000000,1.335937500000,0.000000005990
1.921875000000,1.359375000000,0.000000005934
1.921875000000,1.382812500000,0.000000005876
1.921875000000,1.406250000000,0.000000005815
1.921875000000,1.429687500000,0.000000005748
1.921875000000,1.453125000000,0.000000005682
1.921875000000,1.476562500000,0.000000005610
1.921875000000,1.500000000000,0.000000005538
1.921875000000,1.523437500000,0.000000005461
1.921875000000,1.546875000000,0.000000005384
1.921875000000,1.570312500000,0.000000005302
1.921875000000,1.593750000000,0.000000005219
1.921875000000,1.617187500000,0.000000005133
1.921875000000,1.640625000000,0.000000005045
1.921875000000,1.664062500000,0.000000004957
1.921875000000,1.687500000000,0.000000004863
1.921875000000,1.710937500000,0.000000004769
1.921875000000,1.734375000000,0.000000004673
1.921875000000,1.757812500000,0.000000004576
1.921875000000,1.781250000000,0.000000004477
1.921875000000,1.804687500000,0.000000004376
1.921875000000,1.828125000000,0.000000004273
1.921875000000,1.851562500000,0.000000004169
1.921875000000,1.875000000000,0.000000004063
1.921875000000,1.898437500000,0.000000003957
1.921875000000,1.921875000000,0.000000003848
1.921875000000,1.945312500000,0.000000003739
1.921875000000,1.968750000000,0.000000003629
1.921875000000,1.992187500000,0.000000003518
1.921875000000,2.015625000000,0.000000003405
1.921875000000,2.039062500000,0.000000003293
1.921875000000,2.062500000000,0.000000003180
1.921875000000,2.085937500000,0.000000003065
1.921875000000,2.109375000000,0.000000002951
1.921875000000,2.132812500000,0.000000002835
1.921875000000,2.156250000000,0.000000002719
1.921875000000,2.179687500000,0.000000002603
1.921875000000,2.203125000000,0.000000002487
1.921875000000,2.226562500000,0.000000002370
1.921875000000,2.250000000000,0.000000002253
1.921875000000,2.273437500000,0.000000002138
1.921875000000,2.296875000000,0.000000002020
1.921875000000,2.320312500000,0.000000001904
1.921875000000,2.343750000000,0.000000001787
1.921875000000,2.367187500000,0.000000001672
1.921875000000,2.390625000000,0.000000001556
1.921875000000,2.414062500000,0.000000001441
1.921875000000,2.437500000000,0.000000001326
1.921875000000,2.460937500000,0.000000001211
1.921875000000,2.484375000000,0.000000001098
1.921875000000,2.507812500000,0.000000000985
1.921875000000,2.531250000000,0.000000000872
1.921875000000,2.554687500000,0.000000000761
1.921875000000,2.578125000000,0.000000000650
1.921875000000,2.601562500000,0.000000000540
1.921875000000,2.625000000000,0.000000000432
1.921875000000,2.648437500000,0.000000000326
1.921875000000,2.671875000000,0.000000000218
1.921875000000,2.695312500000,0.000000000113
1.921875000000,2.718750000000,0.000000000009
1.921875000000,2.742187500000,-0.000000000095
1.921875000000,2.765625000000,-0.000000000195
1.921875000000,2.789062500000,-0.000000000296
1.921875000000,2.812500000000,-0.000000000394
1.921875000000,2.835937500000,-0.000000000492
1.921875000000,2.859375000000,-0.000000000588
1.921875000000,2.882812500000,-0.000000000682
1.921875000000,2.906250000000,-0.000000000776
1.921875000000,2.929687500000,-0.000000000867
1.921875000000,2.953125000000,-0.000000000956
1.921875000000,2.976562500000,-0.000000001043
1.921875000000,3.000000000000,0.000000000000
1.945312500000,0.000000000000,0.000000000000
1.945312500000,0.023437500000,0.000000002594
1.945312500000,0.046875000000,0.000000002767
1.945312500000,0.070312500000,0.000000002940
1.945312500000,0.093750000000,0.000000003105
1.945312500000,0.117187500000,0.000000003270
1.945312500000,0.140625000000,0.000000003428
1.945312500000,0.164062500000,0.000000003582
1.945312500000,0.187500000000,0.000000003734
1.945312500000,0.210937500000,0.000000003880
1.945312500000,0.234375000000,0.000000004023
1.945312500000,0.257812500000,0.000000004161
1.945312500000,0.281250000000,0.000000004294
1.945312500000,0.304687500000,0.000000004422
1.945312500000,0.328125000000,0.000000004548
1.945312500000,0.351562500000,0.000000004668
1.945312500000,0.375000000000,0.000000004784
1.945312500000,0.398437500000,0.000000004897
1.945312500000,0.421875000000,0.000000005003
1.945312500000,0.445312500000,0.000000005106
1.945312500000,0.468750000000,0.000000005204
1.945312500000,0.492187500000,0.000000005297
1.945312500000,0.515625000000,0.000000005388
1.945312500000,0.539062500000,0.000000005473
1.945312500000,0.562500000000,0.000000005554
1.945312500000,0.585937500000,0.000000005629
1.945312500000,0.609375000000,0.000000005700
1.945312500000,0.632812500000,0.000000005767
1.945312500000,0.656250000000,0.000000005828
1.945312500000,0.679687500000,0.000000005888
1.945312500000,0.703125000000,0.000000005940
1.945312500000,0.726562500000,0.000000005989
1.945312500000,0.750000000000,0.000000006034
1.945312500000,0.773437500000,0.000000006074
1.945312500000,0.796875000000,0.000000006110
1.945312500000,0.820312500000,0.000000006142
1.945312500000,0.843750000000,0.000000006169
1.945312500000,0.867187500000,0.000000006192
1.945312500000,0.890625000000,0.000000006211
1.945312500000,0.914062500000,0.000000006225
1.945312500000,0.937500000000,0.000000006237
1.945312500000,0.960937500000,0.000000006242
1.945312500000,0.984375000000,0.000000006245
1.945312500000,1.007812500000,0.000000006243
1.945312500000,1.031250000000,0.000000006238
1.945312500000,1.054687500000,0.000000006229
1.945312500000,1.078125000000,0.000000006214
1.945312500000,1.101562500000,0.000000006198
1.945312500000,1.125000000000,0.000000006176
1.945312500000,1.148437500000,0.000000006153
1.945312500000,1.171875000000,0.000000006125
1.945312500000,1.195312500000,0.000000006092
1.945312500000,1.218750000000,0.000000006056
1.945312500000,1.242187500000,0.000000006020
1.945312500000,1.265625000000,0.000000005979
1.945312500000,1.289062500000,0.000000005932
1.945312500000,1.312500000000,0.000000005883
1.945312500000,1.335937500000,0.000000005831
1.945312500000,1.359375000000,0.000000005778
1.945312500000,1.382812500000,0.000000005719
1.945312500000,1.406250000000,0.000000005660
1.945312500000,1.429687500000,0.000000005596
1.945312500000,1.453125000000,0.000000005529
1.945312500000,1.476562500000,0.000000005461
1.945312500000,1.500000000000,0.000000005389
1.945312500000,1.523437500000,0.000000005316
1.945312500000,1.546875000000,0.000000005238
1.945312500000,1.570312500000,0.000000005158
1.945312500000,1.593750000000,0.000000005078
1.945312500000,1.617187500000,0.000000004994
1.945312500000,1.640625000000,0.000000004908
1.945312500000,1.664062500000,0.000000004821
1.945312500000,1.687500000000,0.000000004731
1.945312500000,1.710937500000,0.000000004639
1.945312500000,1.734375000000,0.000000004546
1.945312500000,1.757812500000,0.000000004450
1.945312500000,1.781250000000,0.000000004352
1.945312500000,1.804687500000,0.000000004254
1.945312500000,1.828125000000,0.000000004153
1.945312500000,1.851562500000,0.000000004052
1.945312500000,1.875000000000,0.000000003950
1.945312500000,1.898437500000,0.000000003845
1.945312500000,1.921875000000,0.000000003739
1.945312500000,1.945312500000,0.000000003633
1.945312500000,1.968750000000,0.000000003525
1.945312500000,1.992187500000,0.000000003417
1.945312500000,2.015625000000,0.000000003307
1.945312500000,2.039062500000,0.000000003198
1.945312500000,2.062500000000,0.000000003086
1.945312500000,2.085937500000,0.000000002976
1.945312500000,2.109375000000,0.000000002863
1.945312500000,2.132812500000,0.000000002750
1.945312500000,2.156250000000,0.000000002638
1.945312500000,2.179687500000,0.000000002525
1.945312500000,2.203125000000,0.000000002409
1.945312500000,2.226562500000,0.000000002299
1.945312500000,2.250000000000,0.000000002185
1.945312500000,2.273437500000,0.000000002070
1.945312500000,2.296875000000,0.000000001957
1.945312500000,2.320312500000,0.000000001842
1.945312500000,2.343750000000,0.000000001731
1.945312500000,2.367187500000,0.000000001617
1.945312500000,2.390625000000,0.000000001503
1.945312500000,2.414062500000,0.000000001392
1.945312500000,2.437500000000,0.000000001282
1.945312500000,2.460937500000,0.000000001169
1.945312500000,2.484375000000,0.000000001060
1.945312500000,2.507812500000,0.000000000948
1.945312500000,2.531250000000,0.000000000839
1.945312500000,2.554687500000,0.000000000731
1.945312500000,2.578125000000,0.000000000624
1.945312500000,2.601562500000,0.000000000518
1.945312500000,2.625000000000,0.000000000410
1.945312500000,2.648437500000,0.000000000306
1.945312500000,2.671875000000,0.000000000201
1.945312500000,2.695312500000,0.000000000098
1.945312500000,2.718750000000,-0.000000000002
1.945312500000,2.742187500000,-0.000000000103
1.945312500000,2.765625000000,-0.000000000201
1.945312500000,2.789062500000,-0.000000000298
1.945312500000,2.812500000000,-0.000000000395
1.945312500000,2.835937500000,-0.000000000490
1.945312500000,2.859375000000,-0.000000000583
1.945312500000,2.882812500000,-0.000000000675
1.945312500000,2.906250000000,-0.000000000765
1.945312500000,2.929687500000,-0.000000000854
1.945312500000,2.953125000000,-0.000000000941
1.945312500000,2.976562500000,-0.000000001026
1.945312500000,3.000000000000,0.000000000000
1.968750000000,0.000000000000,0.000000000000
1.968750000000,0.023437500000,0.000000002543
1.968750000000,0.046875000000,0.000000002713
1.968750000000,0.070312500000,0.000000002879
1.968750000000,0.093750000000,0.000000003041
1.968750000000,0.117187500000,0.000000003200
1.968750000000,0.140625000000,0.000000003354
1.968750000000,0.164062500000,0.000000003504
1.968750000000,0.187500000000,0.000000003651
1.968750000000,0.210937500000,0.000000003792
1.968750000000,0.234375000000,0.000000003930
1.968750000000,0.257812500000,0.000000004064
1.968750000000,0.281250000000,0.000000004194
1.968750000000,0.304687500000,0.000000004318
1.968750000000,0.328125000000,0.000000004441
1.968750000000,0.351562500000,0.000000004559
1.968750000000,0.375000000000,0.000000004669
1.968750000000,0.398437500000,0.000000004778
1.968750000000,0.421875000000,0.000000004882
1.968750000000,0.445312500000,0.000000004982
1.968750000000,0.468750000000,0.000000005077
1.968750000000,0.492187500000,0.000000005167
1.968750000000,0.515625000000,0.000000005254
1.968750000000,0.539062500000,0.000000005336
1.968750000000,0.562500000000,0.000000005414
1.968750000000,0.585937500000,0.000000005487
1.968750000000,0.609375000000,0.000000005555
1.968750000000,0.632812500000,0.000000005620
1.968750000000,0.656250000000,0.000000005681
1.968750000000,0.679687500000,0.000000005737
1.968750000000,0.703125000000,0.000000005788
1.968750000000,0.726562500000,0.000000005835
1.968750000000,0.750000000000,0.000000005878
1.968750000000,0.773437500000,0.000000005917
1.968750000000,0.796875000000,0.000000005951
1.968750000000,0.820312500000,0.000000005983
1.968750000000,0.843750000000,0.000000006008
1.968750000000,0.867187500000,0.000000006029
1.968750000000,0.890625000000,0.000000006048
1.968750000000,0.914062500000,0.000000006062
1.968750000000,0.937500000000,0.000000006072
1.968750000000,0.960937500000,0.000000006078
1.968750000000,0.984375000000,0.000000006079
1.968750000000,1.007812500000,0.000000006078
1.968750000000,1.031250000000,0.000000006071
1.968750000000,1.054687500000,0.000000006063
1.968750000000,1.078125000000,0.000000006048
1.968750000000,1.101562500000,0.000000006032
1.968750000000,1.125000000000,0.000000006012
1.968750000000,1.148437500000,0.000000005987
1.968750000000,1.171875000000,0.000000005958
1.968750000000,1.195312500000,0.000000005927
1.968750000000,1.218750000000,0.000000005895
1.968750000000,1.242187500000,0.000000005856
1.968750000000,1.265625000000,0.000000005815
1.968750000000,1.289062500000,0.000000005769
1.968750000000,1.312500000000,0.000000005722
1.968750000000,1.335937500000,0.000000005672
1.968750000000,1.359375000000,0.000000005619
1.968750000000,1.382812500000,0.000000005562
1.968750000000,1.406250000000,0.000000005503
1.968750000000,1.429687500000,0.000000005440
1.968750000000,1.453125000000,0.000000005376
1.968750000000,1.476562500000,0.000000005309
1.968750000000,1.500000000000,0.000000005238
1.968750000000,1.523437500000,0.000000005166
1.968750000000,1.546875000000,0.000000005091
1.968750000000,1.570312500000,0.000000005014
1.968750000000,1.593750000000,0.000000004934
1.968750000000,1.617187500000,0.000000004853
1.968750000000,1.640625000000,0.000000004769
1.968750000000,1.664062500000,0.000000004684
1.968750000000,1.687500000000,0.000000004595
1.968750000000,1.710937500000,0.000000004505
1.968750000000,1.734375000000,0.000000004415
1.968750000000,1.757812500000,0.000000004321
1.968750000000,1.781250000000,0.000000004227
1.968750000000,1.804687500000,0.000000004131
1.968750000000,1.828125000000,0.000000004033
1.968750000000,1.851562500000,0.000000003934
1.968750000000,1.875000000000,0.000000003833
1.968750000000,1.898437500000,0.000000003732
1.968750000000,1.921875000000,0.000000003629
1.968750000000,1.945312500000,0.000000003526
1.968750000000,1.968750000000,0.000000003421
1.968750000000,1.992187500000,0.000000003315
1.968750000000,2.015625000000,0.000000003209
1.968750000000,2.039062500000,0.000000003101
1.968750000000,2.062500000000,0.000000002993
1.968750000000,2.085937500000,0.000000002885
1.968750000000,2.109375000000,0.000000002776
1.968750000000,2.132812500000,0.000000002666
1.968750000000,2.156250000000,0.000000002556
1.968750000000,2.179687500000,0.000000002445
1.968750000000,2.203125000000,0.000000002336
1.968750000000,2.226562500000,0.000000002226
1.968750000000,2.250000000000,0.000000002114
1.968750000000,2.273437500000,0.000000002003
1.968750000000,2.296875000000,0.000000001893
1.968750000000,2.320312500000,0.000000001783
1.968750000000,2.343750000000,0.000000001673
1.968750000000,2.367187500000,0.000000001563
1.968750000000,2.390625000000,0.000000001452
1.968750000000,2.414062500000,0.000000001343
1.968750000000,2.437500000000,0.000000001236
1.968750000000,2.460937500000,0.000000001125
1.968750000000,2.484375000000,0.000000001019
1.968750000000,2.507812500000,0.000000000912
1.968750000000,2.531250000000,0.000000000805
1.968750000000,2.554687500000,0.000000000701
1.968750000000,2.578125000000,0.000000000594
1.968750000000,2.601562500000,0.000000000491
1.968750000000,2.625000000000,0.000000000388
1.968750000000,2.648437500000,0.000000000286
1.968750000000,2.671875000000,0.000000000185
1.968750000000,2.695312500000,0.000000000087
1.968750000000,2.718750000000,-0.000000000012
1.968750000000,2.742187500000,-0.000000000110
1.968750000000,2.765625000000,-0.000000000206
1.968750000000,2.789062500000,-0.000000000301
1.968750000000,2.812500000000,-0.000000000394
1.968750000000,2.835937500000,-0.000000000486
1.968750000000,2.859375000000,-0.000000000577
1.968750000000,2.882812500000,-0.000000000666
1.968750000000,2.906250000000,-0.000000000755
1.968750000000,2.929687500000,-0.000000000840
1.968750000000,2.953125000000,-0.000000000925
1.968750000000,2.976562500000,-0.000000001008
1.968750000000,3.000000000000,0.000000000000
1.992187500000,0.000000000000,0.000000000000
1.992187500000,0.023437500000,0.000000002493
1.992187500000,0.046875000000,0.000000002657
1.992187500000,0.070312500000,0.000000002819
1.992187500000,0.093750000000,0.000000002975
1.992187500000,0.117187500000,0.000000003129
1.992187500000,0.140625000000,0.000000003278
1.992187500000,0.164062500000,0.000000003424
1.992187500000,0.187500000000,0.000000003566
1.992187500000,0.210937500000,0.000000003703
1.992187500000,0.234375000000,0.000000003837
1.992187500000,0.257812500000,0.000000003967
1.992187500000,0.281250000000,0.000000004093
1.992187500000,0.304687500000,0.000000004213
1.992187500000,0.328125000000,0.000000004332
1.992187500000,0.351562500000,0.000000004444
1.992187500000,0.375000000000,0.000000004554
1.992187500000,0.398437500000,0.000000004658
1.992187500000,0.421875000000,0.000000004760
1.992187500000,0.445312500000,0.000000004855
1.992187500000,0.468750000000,0.000000004948
1.992187500000,0.492187500000,0.000000005035
1.992187500000,0.515625000000,0.000000005118
1.992187500000,0.539062500000,0.000000005199
1.992187500000,0.562500000000,0.000000005273
1.992187500000,0.585937500000,0.000000005343
1.992187500000,0.609375000000,0.000000005411
1.992187500000,0.632812500000,0.000000005472
1.992187500000,0.656250000000,0.000000005531
1.992187500000,0.679687500000,0.000000005586
1.992187500000,0.703125000000,0.000000005635
1.992187500000,0.726562500000,0.000000005681
1.992187500000,0.750000000000,0.000000005721
1.992187500000,0.773437500000,0.000000005759
1.992187500000,0.796875000000,0.000000005792
1.992187500000,0.820312500000,0.000000005821
1.992187500000,0.843750000000,0.000000005845
1.992187500000,0.867187500000,0.000000005867
1.992187500000,0.890625000000,0.000000005884
1.992187500000,0.914062500000,0.000000005897
1.992187500000,0.937500000000,0.000000005905
1.992187500000,0.960937500000,0.000000005911
1.992187500000,0.984375000000,0.000000005912
1.992187500000,1.007812500000,0.000000005909
1.992187500000,1.031250000000,0.000000005904
1.992187500000,1.054687500000,0.000000005894
1.992187500000,1.078125000000,0.000000005881
1.992187500000,1.101562500000,0.000000005864
1.992187500000,1.125000000000,0.000000005842
1.992187500000,1.148437500000,0.000000005820
1.992187500000,1.171875000000,0.000000005792
1.992187500000,1.195312500000,0.000000005762
1.992187500000,1.218750000000,0.000000005727
1.992187500000,1.242187500000,0.000000005689
1.992187500000,1.265625000000,0.000000005650
1.992187500000,1.289062500000,0.000000005606
1.992187500000,1.312500000000,0.000000005560
1.992187500000,1.335937500000,0.000000005511
1.992187500000,1.359375000000,0.000000005459
1.992187500000,1.382812500000,0.000000005402
1.992187500000,1.406250000000,0.000000005344
1.992187500000,1.429687500000,0.000000005285
1.992187500000,1.453125000000,0.000000005220
1.992187500000,1.476562500000,0.000000005155
1.992187500000,1.500000000000,0.000000005085
1.992187500000,1.523437500000,0.000000005016
1.992187500000,1.546875000000,0.000000004944
1.992187500000,1.570312500000,0.000000004867
1.992187500000,1.593750000000,0.000000004790
1.992187500000,1.617187500000,0.000000004710
1.992187500000,1.640625000000,0.000000004628
1.992187500000,1.664062500000,0.000000004544
1.992187500000,1.687500000000,0.000000004459
1.992187500000,1.710937500000,0.000000004371
1.992187500000,1.734375000000,0.000000004283
1.992187500000,1.757812500000,0.000000004192
1.992187500000,1.781250000000,0.000000004099
1.992187500000,1.804687500000,0.000000004006
1.992187500000,1.828125000000,0.000000003911
1.992187500000,1.851562500000,0.000000003815
1.992187500000,1.875000000000,0.000000003717
1.992187500000,1.898437500000,0.000000003618
1.992187500000,1.921875000000,0.000000003518
1.992187500000,1.945312500000,0.000000003417
1.992187500000,1.968750000000,0.000000003315
1.992187500000,1.992187500000,0.000000003212
1.992187500000,2.015625000000,0.000000003108
1.992187500000,2.039062500000,0.000000003004
1.992187500000,2.062500000000,0.000000002899
1.992187500000,2.085937500000,0.000000002793
1.992187500000,2.109375000000,0.000000002686
1.992187500000,2.132812500000,0.000000002580
1.992187500000,2.156250000000,0.000000002473
1.992187500000,2.179687500000,0.000000002367
1.992187500000,2.203125000000,0.000000002259
1.992187500000,2.226562500000,0.000000002151
1.992187500000,2.250000000000,0.000000002044
1.992187500000,2.273437500000,0.000000001936
1.992187500000,2.296875000000,0.000000001830
1.992187500000,2.320312500000,0.000000001722
1.992187500000,2.343750000000,0.000000001613
1.992187500000,2.367187500000,0.000000001505
1.992187500000,2.390625000000,0.000000001401
1.992187500000,2.414062500000,0.000000001295
1.992187500000,2.437500000000,0.000000001188
1.992187500000,2.460937500000,0.000000001084
1.992187500000,2.484375000000,0.000000000980
1.992187500000,2.507812500000,0.000000000875
1.992187500000,2.531250000000,0.000000000771
1.992187500000,2.554687500000,0.000000000667
1.992187500000,2.578125000000,0.000000000567
1.992187500000,2.601562500000,0.000000000466
1.992187500000,2.625000000000,0.000000000366
1.992187500000,2.648437500000,0.000000000268
1.992187500000,2.671875000000,0.000000000171
1.992187500000,2.695312500000,0.000000000072
1.992187500000,2.718750000000,-0.000000000023
1.992187500000,2.742187500000,-0.000000000117
1.992187500000,2.765625000000,-0.000000000210
1.992187500000,2.789062500000,-0.000000000302
1.992187500000,2.812500000000,-0.000000000394
1.992187500000,2.835937500000,-0.000000000483
1.992187500000,2.859375000000,-0.000000000572
1.992187500000,2.882812500000,-0.000000000657
1.992187500000,2.906250000000,-0.000000000742
1.992187500000,2.929687500000,-0.000000000826
1.992187500000,2.953125000000,-0.000000000909
1.992187500000,2.976562500000,-0.000000000990
1.992187500000,3.000000000000,0.000000000000
2.015625000000,0.000000000000,0.000000000000
2.015625000000,0.023437500000,0.000000002441
2.015625000000,0.046875000000,0.000000002600
2.015625000000,0.070312500000,0.000000002757
2.015625000000,0.093750000000,0.000000002907
2.015625000000,0.117187500000,0.000000003057
2.015625000000,0.140625000000,0.000000003201
2.015625000000,0.164062500000,0.000000003343
2.015625000000,0.187500000000,0.000000003480
2.015625000000,0.210937500000,0.000000003612
2.015625000000,0.234375000000,0.000000003743
2.015625000000,0.257812500000,0.000000003869
2.015625000000,0.281250000000,0.000000003992
2.015625000000,0.304687500000,0.000000004107
2.015625000000,0.328125000000,0.000000004219
2.015625000000,0.351562500000,0.000000004332
2.015625000000,0.375000000000,0.000000004436
2.015625000000,0.398437500000,0.000000004538
2.015625000000,0.421875000000,0.000000004633
2.015625000000,0.445312500000,0.000000004728
2.015625000000,0.468750000000,0.000000004817
2.015625000000,0.492187500000,0.000000004902
2.015625000000,0.515625000000,0.000000004982
2.015625000000,0.539062500000,0.000000005059
2.015625000000,0.562500000000,0.000000005131
2.015625000000,0.585937500000,0.000000005200
2.015625000000,0.609375000000,0.000000005263
2.015625000000,0.632812500000,0.000000005323
2.015625000000,0.656250000000,0.000000005380
2.015625000000,0.679687500000,0.000000005430
2.015625000000,0.703125000000,0.000000005479
2.015625000000,0.726562500000,0.000000005522
2.015625000000,0.750000000000,0.000000005561
2.015625000000,0.773437500000,0.000000005597
2.015625000000,0.796875000000,0.000000005629
2.015625000000,0.820312500000,0.000000005657
2.015625000000,0.843750000000,0.000000005681
2.015625000000,0.867187500000,0.000000005700
2.015625000000,0.890625000000,0.000000005717
2.015625000000,0.914062500000,0.000000005729
2.015625000000,0.937500000000,0.000000005738
2.015625000000,0.960937500000,0.000000005743
2.015625000000,0.984375000000,0.000000005743
2.015625000000,1.007812500000,0.000000005741
2.015625000000,1.031250000000,0.000000005734
2.015625000000,1.054687500000,0.000000005724
2.015625000000,1.078125000000,0.000000005711
2.015625000000,1.101562500000,0.000000005694
2.015625000000,1.125000000000,0.000000005673
2.015625000000,1.148437500000,0.000000005650
2.015625000000,1.171875000000,0.000000005623
2.015625000000,1.195312500000,0.000000005592
2.015625000000,1.218750000000,0.000000005560
2.015625000000,1.242187500000,0.000000005524
2.015625000000,1.265625000000,0.000000005483
2.015625000000,1.289062500000,0.000000005441
2.015625000000,1.312500000000,0.000000005397
2.015625000000,1.335937500000,0.000000005346
2.015625000000,1.359375000000,0.000000005296
2.015625000000,1.382812500000,0.000000005241
2.015625000000,1.406250000000,0.000000005185
2.015625000000,1.429687500000,0.000000005125
2.015625000000,1.453125000000,0.000000005064
2.015625000000,1.476562500000,0.000000005000
2.015625000000,1.500000000000,0.000000004934
2.015625000000,1.523437500000,0.000000004864
2.015625000000,1.546875000000,0.000000004792
2.015625000000,1.570312500000,0.000000004719
2.015625000000,1.593750000000,0.000000004645
2.015625000000,1.617187500000,0.000000004566
2.015625000000,1.640625000000,0.000000004486
2.015625000000,1.664062500000,0.000000004405
2.015625000000,1.687500000000,0.000000004322
2.015625000000,1.710937500000,0.000000004237
2.015625000000,1.734375000000,0.000000004150
2.015625000000,1.757812500000,0.000000004062
2.015625000000,1.781250000000,0.000000003973
2.015625000000,1.804687500000,0.000000003881
2.015625000000,1.828125000000,0.000000003789
2.015625000000,1.851562500000,0.000000003694
2.015625000000,1.875000000000,0.000000003599
2.015625000000,1.898437500000,0.000000003503
2.015625000000,1.921875000000,0.000000003406
2.015625000000,1.945312500000,0.000000003307
2.015625000000,1.968750000000,0.000000003208
2.015625000000,1.992187500000,0.000000003108
2.015625000000,2.015625000000,0.000000003008
2.015625000000,2.039062500000,0.000000002906
2.015625000000,2.062500000000,0.000000002804
2.015625000000,2.085937500000,0.000000002700
2.015625000000,2.109375000000,0.000000002599
2.015625000000,2.132812500000,0.000000002495
2.015625000000,2.156250000000,0.000000002391
2.015625000000,2.179687500000,0.000000002287
2.015625000000,2.203125000000,0.000000002182
2.015625000000,2.226562500000,0.000000002077
2.015625000000,2.250000000000,0.000000001974
2.015625000000,2.273437500000,0.000000001868
2.015625000000,2.296875000000,0.000000001764
2.015625000000,2.320312500000,0.000000001659
2.015625000000,2.343750000000,0.000000001556
2.015625000000,2.367187500000,0.000000001454
2.015625000000,2.390625000000,0.000000001348
2.015625000000,2.414062500000,0.000000001244
2.015625000000,2.437500000000,0.000000001145
2.015625000000,2.460937500000,0.000000001041
2.015625000000,2.484375000000,0.000000000938
2.015625000000,2.507812500000,0.000000000839
2.015625000000,2.531250000000,0.000000000737
2.015625000000,2.554687500000,0.000000000639
2.015625000000,2.578125000000,0.000000000540
2.015625000000,2.601562500000,0.000000000443
2.015625000000,2.625000000000,0.000000000345
2.015625000000,2.648437500000,0.000000000249
2.015625000000,2.671875000000,0.000000000153
2.015625000000,2.695312500000,0.000000000060
2.015625000000,2.718750000000,-0.000000000033
2.015625000000,2.742187500000,-0.000000000125
2.015625000000,2.765625000000,-0.000000000215
2.015625000000,2.789062500000,-0.000000000305
2.015625000000,2.812500000000,-0.000000000392
2.015625000000,2.835937500000,-0.000000000480
2.015625000000,2.859375000000,-0.000000000565
2.015625000000,2.882812500000,-0.000000000649
2.015625000000,2.906250000000,-0.000000000732
2.015625000000,2.929687500000,-0.000000000813
2.015625000000,2.953125000000,-0.000000000893
2.015625000000,2.976562500000,-0.000000000970
2.015625000000,3.000000000000,0.000000000000
2.039062500000,0.000000000000,0.000000000000
2.039062500000,0.023437500000,0.000000002386
2.039062500000,0.046875000000,0.000000002542
2.039062500000,0.070312500000,0.000000002692
2.039062500000,0.093750000000,0.000000002839
2.039062500000,0.117187500000,0.000000002983
2.039062500000,0.140625000000,0.000000003124
2.039062500000,0.164062500000,0.000000003261
2.039062500000,0.187500000000,0.000000003392
2.039062500000,0.210937500000,0.000000003522
2.039062500000,0.234375000000,0.000000003648
2.039062500000,0.257812500000,0.000000003768
2.039062500000,0.281250000000,0.000000003885
2.039062500000,0.304687500000,0.000000003999
2.039062500000,0.328125000000,0.000000004110
2.039062500000,0.351562500000,0.000000004214
2.039062500000,0.375000000000,0.000000004316
2.039062500000,0.398437500000,0.000000004413
2.039062500000,0.421875000000,0.000000004509
2.039062500000,0.445312500000,0.000000004598
2.039062500000,0.468750000000,0.000000004684
2.039062500000,0.492187500000,0.000000004765
2.039062500000,0.515625000000,0.000000004843
2.039062500000,0.539062500000,0.000000004918
2.039062500000,0.562500000000,0.000000004987
2.039062500000,0.585937500000,0.000000005053
2.039062500000,0.609375000000,0.000000005114
2.039062500000,0.632812500000,0.000000005172
2.039062500000,0.656250000000,0.000000005225
2.039062500000,0.679687500000,0.000000005276
2.039062500000,0.703125000000,0.000000005321
2.039062500000,0.726562500000,0.000000005363
2.039062500000,0.750000000000,0.000000005402
2.039062500000,0.773437500000,0.000000005436
2.039062500000,0.796875000000,0.000000005466
2.039062500000,0.820312500000,0.000000005492
2.039062500000,0.843750000000,0.000000005515
2.039062500000,0.867187500000,0.000000005534
2.039062500000,0.890625000000,0.000000005549
2.039062500000,0.914062500000,0.000000005561
2.039062500000,0.937500000000,0.000000005568
2.039062500000,0.960937500000,0.000000005571
2.039062500000,0.984375000000,0.000000005573
2.039062500000,1.007812500000,0.000000005568
2.039062500000,1.031250000000,0.000000005563
2.039062500000,1.054687500000,0.000000005553
2.039062500000,1.078125000000,0.000000005540
2.039062500000,1.101562500000,0.000000005522
2.039062500000,1.125000000000,0.000000005503
2.039062500000,1.148437500000,0.000000005479
2.039062500000,1.171875000000,0.000000005452
2.039062500000,1.195312500000,0.000000005424
2.039062500000,1.218750000000,0.000000005390
2.039062500000,1.242187500000,0.000000005353
2.039062500000,1.265625000000,0.000000005317
2.039062500000,1.289062500000,0.000000005274
2.039062500000,1.312500000000,0.000000005227
2.039062500000,1.335937500000,0.000000005183
2.039062500000,1.359375000000,0.000000005132
2.039062500000,1.382812500000,0.000000005079
2.039062500000,1.406250000000,0.000000005023
2.039062500000,1.429687500000,0.000000004966
2.039062500000,1.453125000000,0.000000004906
2.039062500000,1.476562500000,0.000000004843
2.039062500000,1.500000000000,0.000000004777
2.039062500000,1.523437500000,0.000000004711
2.039062500000,1.546875000000,0.000000004642
2.039062500000,1.570312500000,0.000000004571
2.039062500000,1.593750000000,0.000000004495
2.039062500000,1.617187500000,0.000000004420
2.039062500000,1.640625000000,0.000000004345
2.039062500000,1.664062500000,0.000000004265
2.039062500000,1.687500000000,0.000000004183
2.039062500000,1.710937500000,0.000000004100
2.039062500000,1.734375000000,0.000000004016
2.039062500000,1.757812500000,0.000000003930
2.039062500000,1.781250000000,0.000000003843
2.039062500000,1.804687500000,0.000000003755
2.039062500000,1.828125000000,0.000000003664
2.039062500000,1.851562500000,0.000000003574
2.039062500000,1.875000000000,0.000000003481
2.039062500000,1.898437500000,0.000000003387
2.039062500000,1.921875000000,0.000000003293
2.039062500000,1.945312500000,0.000000003197
2.039062500000,1.968750000000,0.000000003101
2.039062500000,1.992187500000,0.000000003004
2.039062500000,2.015625000000,0.000000002905
2.039062500000,2.039062500000,0.000000002807
2.039062500000,2.062500000000,0.000000002708
2.039062500000,2.085937500000,0.000000002608
2.039062500000,2.109375000000,0.000000002508
2.039062500000,2.132812500000,0.000000002408
2.039062500000,2.156250000000,0.000000002307
2.039062500000,2.179687500000,0.000000002206
2.039062500000,2.203125000000,0.000000002106
2.039062500000,2.226562500000,0.000000002003
2.039062500000,2.250000000000,0.000000001902
2.039062500000,2.273437500000,0.000000001801
2.039062500000,2.296875000000,0.000000001699
2.039062500000,2.320312500000,0.000000001598
2.039062500000,2.343750000000,0.000000001497
2.039062500000,2.367187500000,0.000000001395
2.039062500000,2.390625000000,0.000000001296
2.039062500000,2.414062500000,0.000000001197
2.039062500000,2.437500000000,0.000000001095
2.039062500000,2.460937500000,0.000000000997
2.039062500000,2.484375000000,0.000000000899
2.039062500000,2.507812500000,0.000000000801
2.039062500000,2.531250000000,0.000000000704
2.039062500000,2.554687500000,0.000000000608
2.039062500000,2.578125000000,0.000000000511
2.039062500000,2.601562500000,0.000000000416
2.039062500000,2.625000000000,0.000000000322
2.039062500000,2.648437500000,0.000000000231
2.039062500000,2.671875000000,0.000000000138
2.039062500000,2.695312500000,0.000000000046
2.039062500000,2.718750000000,-0.000000000043
2.039062500000,2.742187500000,-0.000000000133
2.039062500000,2.765625000000,-0.000000000219
2.039062500000,2.789062500000,-0.000000000308
2.039062500000,2.812500000000,-0.000000000393
2.039062500000,2.835937500000,-0.000000000476
2.039062500000,2.859375000000,-0.000000000558
2.039062500000,2.882812500000,-0.000000000640
2.039062500000,2.906250000000,-0.000000000719
2.039062500000,2.929687500000,-0.000000000797
2.039062500000,2.953125000000,-0.000000000875
2.039062500000,2.976562500000,-0.000000000950
2.039062500000,3.000000000000,0.000000000000
2.062500000000,0.000000000000,0.000000000000
2.062500000000,0.023437500000,0.000000002335
2.062500000000,0.046875000000,0.000000002481
2.062500000000,0.070312500000,0.000000002629
2.062500000000,0.093750000000,0.000000002770
2.062500000000,0.117187500000,0.000000002911
2.062500000000,0.140625000000,0.000000003045
2.062500000000,0.164062500000,0.000000003176
2.062500000000,0.187500000000,0.000000003306
2.062500000000,0.210937500000,0.000000003429
2.062500000000,0.234375000000,0.000000003550
2.062500000000,0.257812500000,0.000000003667
2.062500000000,0.281250000000,0.000000003780
2.062500000000,0.304687500000,0.000000003891
2.062500000000,0.328125000000,0.000000003996
2.062500000000,0.351562500000,0.000000004098
2.062500000000,0.375000000000,0.000000004196
2.062500000000,0.398437500000,0.000000004290
2.062500000000,0.421875000000,0.000000004380
2.062500000000,0.445312500000,0.000000004466
2.062500000000,0.468750000000,0.000000004551
2.062500000000,0.492187500000,0.000000004630
2.062500000000,0.515625000000,0.000000004705
2.062500000000,0.539062500000,0.000000004774
2.062500000000,0.562500000000,0.000000004842
2.062500000000,0.585937500000,0.000000004904
2.062500000000,0.609375000000,0.000000004964
2.062500000000,0.632812500000,0.000000005019
2.062500000000,0.656250000000,0.000000005072
2.062500000000,0.679687500000,0.000000005119
2.062500000000,0.703125000000,0.000000005165
2.062500000000,0.726562500000,0.000000005204
2.062500000000,0.750000000000,0.000000005239
2.062500000000,0.773437500000,0.000000005271
2.062500000000,0.796875000000,0.000000005301
2.062500000000,0.820312500000,0.000000005326
2.062500000000,0.843750000000,0.000000005347
2.062500000000,0.867187500000,0.000000005366
2.062500000000,0.890625000000,0.000000005379
2.062500000000,0.914062500000,0.000000005390
2.062500000000,0.937500000000,0.000000005397
2.062500000000,0.960937500000,0.000000005400
2.062500000000,0.984375000000,0.000000005400
2.062500000000,1.007812500000,0.000000005397
2.062500000000,1.031250000000,0.000000005390
2.062500000000,1.054687500000,0.000000005380
2.062500000000,1.078125000000,0.000000005365
2.062500000000,1.101562500000,0.000000005352
2.062500000000,1.125000000000,0.000000005329
2.062500000000,1.148437500000,0.000000005306
2.062500000000,1.171875000000,0.000000005281
2.062500000000,1.195312500000,0.000000005252
2.062500000000,1.218750000000,0.000000005219
2.062500000000,1.242187500000,0.000000005186
2.062500000000,1.265625000000,0.000000005147
2.062500000000,1.289062500000,0.000000005105
2.062500000000,1.312500000000,0.000000005064
2.062500000000,1.335937500000,0.000000005015
2.062500000000,1.359375000000,0.000000004967
2.062500000000,1.382812500000,0.000000004916
2.062500000000,1.406250000000,0.000000004862
2.062500000000,1.429687500000,0.000000004806
2.062500000000,1.453125000000,0.000000004747
2.062500000000,1.476562500000,0.000000004686
2.062500000000,1.500000000000,0.000000004623
2.062500000000,1.523437500000,0.000000004556
2.062500000000,1.546875000000,0.000000004490
2.062500000000,1.570312500000,0.000000004419
2.062500000000,1.593750000000,0.000000004349
2.062500000000,1.617187500000,0.000000004276
2.062500000000,1.640625000000,0.000000004199
2.062500000000,1.664062500000,0.000000004123
2.062500000000,1.687500000000,0.000000004044
2.062500000000,1.710937500000,0.000000003965
2.062500000000,1.734375000000,0.000000003882
2.062500000000,1.757812500000,0.000000003798
2.062500000000,1.781250000000,0.000000003713
2.062500000000,1.804687500000,0.000000003627
2.062500000000,1.828125000000,0.000000003541
2.062500000000,1.851562500000,0.000000003451
2.062500000000,1.875000000000,0.000000003362
2.062500000000,1.898437500000,0.000000003271
2.062500000000,1.921875000000,0.000000003180
2.062500000000,1.945312500000,0.000000003087
2.062500000000,1.968750000000,0.000000002994
2.062500000000,1.992187500000,0.000000002899
2.062500000000,2.015625000000,0.000000002804
2.062500000000,2.039062500000,0.000000002708
2.062500000000,2.062500000000,0.000000002613
2.062500000000,2.085937500000,0.000000002516
2.062500000000,2.109375000000,0.000000002418
2.062500000000,2.132812500000,0.000000002322
2.062500000000,2.156250000000,0.000000002223
2.062500000000,2.179687500000,0.000000002126
2.062500000000,2.203125000000,0.000000002027
2.062500000000,2.226562500000,0.000000001928
2.062500000000,2.250000000000,0.000000001831
2.062500000000,2.273437500000,0.000000001732
2.062500000000,2.296875000000,0.000000001633
2.062500000000,2.320312500000,0.000000001536
2.062500000000,2.343750000000,0.000000001437
2.062500000000,2.367187500000,0.000000001341
2.062500000000,2.390625000000,0.000000001243
2.062500000000,2.414062500000,0.000000001145
2.062500000000,2.437500000000,0.000000001050
2.062500000000,2.460937500000,0.000000000953
2.062500000000,2.484375000000,0.000000000858
2.062500000000,2.507812500000,0.000000000764
2.062500000000,2.531250000000,0.000000000670
2.062500000000,2.554687500000,0.000000000575
2.062500000000,2.578125000000,0.000000000484
2.062500000000,2.601562500000,0.000000000392
2.062500000000,2.625000000000,0.000000000301
2.062500000000,2.648437500000,0.000000000210
2.062500000000,2.671875000000,0.000000000121
2.062500000000,2.695312500000,0.000000000034
2.062500000000,2.718750000000,-0.000000000053
2.062500000000,2.742187500000,-0.000000000139
2.062500000000,2.765625000000,-0.000000000224
2.062500000000,2.789062500000,-0.000000000308
2.062500000000,2.812500000000,-0.000000000389
2.062500000000,2.835937500000,-0.000000000471
2.062500000000,2.859375000000,-0.000000000551
2.062500000000,2.882812500000,-0.000000000630
2.062500000000,2.906250000000,-0.000000000708
2.062500000000,2.929687500000,-0.000000000784
2.062500000000,2.953125000000,-0.000000000857
2.062500000000,2.976562500000,-0.000000000932
2.062500000000,3.000000000000,0.000000000000
2.085937500000,0.000000000000,0.000000000000
2.085937500000,0.023437500000,0.000000002278
2.085937500000,0.046875000000,0.000000002422
2.085937500000,0.070312500000,0.000000002564
2.085937500000,0.093750000000,0.000000002701
2.085937500000,0.117187500000,0.000000002834
2.085937500000,0.140625000000,0.000000002965
2.085937500000,0.164062500000,0.000000003092
2.085937500000,0.187500000000,0.000000003216
2.085937500000,0.210937500000,0.000000003335
2.085937500000,0.234375000000,0.000000003451
2.085937500000,0.257812500000,0.000000003565
2.085937500000,0.281250000000,0.000000003675
2.085937500000,0.304687500000,0.000000003780
2.085937500000,0.328125000000,0.000000003881
2.085937500000,0.351562500000,0.000000003978
2.085937500000,0.375000000000,0.000000004074
2.085937500000,0.398437500000,0.000000004167
2.085937500000,0.421875000000,0.000000004254
2.085937500000,0.445312500000,0.000000004337
2.085937500000,0.468750000000,0.000000004413
2.085937500000,0.492187500000,0.000000004489
2.085937500000,0.515625000000,0.000000004560
2.085937500000,0.539062500000,0.000000004630
2.085937500000,0.562500000000,0.000000004694
2.085937500000,0.585937500000,0.000000004756
2.085937500000,0.609375000000,0.000000004813
2.085937500000,0.632812500000,0.000000004867
2.085937500000,0.656250000000,0.000000004916
2.085937500000,0.679687500000,0.000000004962
2.085937500000,0.703125000000,0.000000005003
2.085937500000,0.726562500000,0.000000005042
2.085937500000,0.750000000000,0.000000005077
2.085937500000,0.773437500000,0.000000005107
2.085937500000,0.796875000000,0.000000005134
2.085937500000,0.820312500000,0.000000005158
2.085937500000,0.843750000000,0.000000005179
2.085937500000,0.867187500000,0.000000005196
2.085937500000,0.890625000000,0.000000005208
2.085937500000,0.914062500000,0.000000005219
2.085937500000,0.937500000000,0.000000005225
2.085937500000,0.960937500000,0.000000005228
2.085937500000,0.984375000000,0.000000005228
2.085937500000,1.007812500000,0.000000005223
2.085937500000,1.031250000000,0.000000005216
2.085937500000,1.054687500000,0.000000005206
2.085937500000,1.078125000000,0.000000005192
2.085937500000,1.101562500000,0.000000005177
2.085937500000,1.125000000000,0.000000005156
2.085937500000,1.148437500000,0.000000005133
2.085937500000,1.171875000000,0.000000005108
2.085937500000,1.195312500000,0.000000005080
2.085937500000,1.218750000000,0.000000005049
2.085937500000,1.242187500000,0.000000005013
2.085937500000,1.265625000000,0.000000004976
2.085937500000,1.289062500000,0.000000004937
2.085937500000,1.312500000000,0.000000004893
2.085937500000,1.335937500000,0.000000004849
2.085937500000,1.359375000000,0.000000004801
2.085937500000,1.382812500000,0.000000004752
2.085937500000,1.406250000000,0.000000004699
2.085937500000,1.429687500000,0.000000004643
2.085937500000,1.453125000000,0.000000004585
2.085937500000,1.476562500000,0.000000004527
2.085937500000,1.500000000000,0.000000004465
2.085937500000,1.523437500000,0.000000004403
2.085937500000,1.546875000000,0.000000004337
2.085937500000,1.570312500000,0.000000004269
2.085937500000,1.593750000000,0.000000004200
2.085937500000,1.617187500000,0.000000004128
2.085937500000,1.640625000000,0.000000004056
2.085937500000,1.664062500000,0.000000003980
2.085937500000,1.687500000000,0.000000003903
2.085937500000,1.710937500000,0.000000003825
2.085937500000,1.734375000000,0.000000003747
2.085937500000,1.757812500000,0.000000003667
2.085937500000,1.781250000000,0.000000003584
2.085937500000,1.804687500000,0.000000003501
2.085937500000,1.828125000000,0.000000003415
2.085937500000,1.851562500000,0.000000003329
2.085937500000,1.875000000000,0.000000003242
2.085937500000,1.898437500000,0.000000003153
2.085937500000,1.921875000000,0.000000003065
2.085937500000,1.945312500000,0.000000002975
2.085937500000,1.968750000000,0.000000002884
2.085937500000,1.992187500000,0.000000002793
2.085937500000,2.015625000000,0.000000002701
2.085937500000,2.039062500000,0.000000002608
2.085937500000,2.062500000000,0.000000002515
2.085937500000,2.085937500000,0.000000002422
2.085937500000,2.109375000000,0.000000002328
2.085937500000,2.132812500000,0.000000002233
2.085937500000,2.156250000000,0.000000002140
2.085937500000,2.179687500000,0.000000002043
2.085937500000,2.203125000000,0.000000001949
2.085937500000,2.226562500000,0.000000001852
2.085937500000,2.250000000000,0.000000001758
2.085937500000,2.273437500000,0.000000001664
2.085937500000,2.296875000000,0.000000001568
2.085937500000,2.320312500000,0.000000001472
2.085937500000,2.343750000000,0.000000001379
2.085937500000,2.367187500000,0.000000001284
2.085937500000,2.390625000000,0.000000001192
2.085937500000,2.414062500000,0.000000001096
2.085937500000,2.437500000000,0.000000001004
2.085937500000,2.460937500000,0.000000000912
2.085937500000,2.484375000000,0.000000000818
2.085937500000,2.507812500000,0.000000000726
2.085937500000,2.531250000000,0.000000000636
2.085937500000,2.554687500000,0.000000000548
2.085937500000,2.578125000000,0.000000000457
2.085937500000,2.601562500000,0.000000000368
2.085937500000,2.625000000000,0.000000000279
2.085937500000,2.648437500000,0.000000000191
2.085937500000,2.671875000000,0.000000000108
2.085937500000,2.695312500000,0.000000000021
2.085937500000,2.718750000000,-0.000000000063
2.085937500000,2.742187500000,-0.000000000145
2.085937500000,2.765625000000,-0.000000000228
2.085937500000,2.789062500000,-0.000000000309
2.085937500000,2.812500000000,-0.000000000389
2.085937500000,2.835937500000,-0.000000000468
2.085937500000,2.859375000000,-0.000000000544
2.085937500000,2.882812500000,-0.000000000620
2.085937500000,2.906250000000,-0.000000000695
2.085937500000,2.929687500000,-0.000000000768
2.085937500000,2.953125000000,-0.000000000841
2.085937500000,2.976562500000,-0.000000000909
2.085937500000,3.000000000000,0.000000000000
2.109375000000,0.000000000000,0.000000000000
2.109375000000,0.023437500000,0.000000002222
2.109375000000,0.046875000000,0.000000002362
2.109375000000,0.070312500000,0.000000002497
2.109375000000,0.093750000000,0.000000002630
2.109375000000,0.117187500000,0.000000002759
2.109375000000,0.140625000000,0.000000002884
2.109375000000,0.164062500000,0.000000003006
2.109375000000,0.187500000000,0.000000003125
2.109375000000,0.210937500000,0.000000003241
2.109375000000,0.234375000000,0.000000003354
2.109375000000,0.257812500000,0.000000003463
2.109375000000,0.281250000000,0.000000003566
2.109375000000,0.304687500000,0.000000003669
2.109375000000,0.328125000000,0.000000003767
2.109375000000,0.351562500000,0.000000003862
2.109375000000,0.375000000000,0.000000003951
2.109375000000,0.398437500000,0.000000004038
2.109375000000,0.421875000000,0.000000004121
2.109375000000,0.445312500000,0.000000004200
2.109375000000,0.468750000000,0.000000004280
2.109375000000,0.492187500000,0.000000004351
2.109375000000,0.515625000000,0.000000004419
2.109375000000,0.539062500000,0.000000004486
2.109375000000,0.562500000000,0.000000004549
2.109375000000,0.585937500000,0.000000004607
2.109375000000,0.609375000000,0.000000004660
2.109375000000,0.632812500000,0.000000004709
2.109375000000,0.656250000000,0.000000004759
2.109375000000,0.679687500000,0.000000004801
2.109375000000,0.703125000000,0.000000004842
2.109375000000,0.726562500000,0.000000004878
2.109375000000,0.750000000000,0.000000004911
2.109375000000,0.773437500000,0.000000004940
2.109375000000,0.796875000000,0.000000004968
2.109375000000,0.820312500000,0.000000004990
2.109375000000,0.843750000000,0.000000005009
2.109375000000,0.867187500000,0.000000005024
2.109375000000,0.890625000000,0.000000005037
2.109375000000,0.914062500000,0.000000005045
2.109375000000,0.937500000000,0.000000005051
2.109375000000,0.960937500000,0.000000005052
2.109375000000,0.984375000000,0.000000005053
2.109375000000,1.007812500000,0.000000005048
2.109375000000,1.031250000000,0.000000005041
2.109375000000,1.054687500000,0.000000005031
2.109375000000,1.078125000000,0.000000005018
2.109375000000,1.101562500000,0.000000004999
2.109375000000,1.125000000000,0.000000004982
2.109375000000,1.148437500000,0.000000004960
2.109375000000,1.171875000000,0.000000004934
2.109375000000,1.195312500000,0.000000004904
2.109375000000,1.218750000000,0.000000004875
2.109375000000,1.242187500000,0.000000004840
2.109375000000,1.265625000000,0.000000004806
2.109375000000,1.289062500000,0.000000004766
2.109375000000,1.312500000000,0.000000004724
2.109375000000,1.335937500000,0.000000004680
2.109375000000,1.359375000000,0.000000004635
2.109375000000,1.382812500000,0.000000004585
2.109375000000,1.406250000000,0.000000004533
2.109375000000,1.429687500000,0.000000004480
2.109375000000,1.453125000000,0.000000004427
2.109375000000,1.476562500000,0.000000004368
2.109375000000,1.500000000000,0.000000004306
2.109375000000,1.523437500000,0.000000004248
2.109375000000,1.546875000000,0.000000004181
2.109375000000,1.570312500000,0.000000004116
2.109375000000,1.593750000000,0.000000004050
2.109375000000,1.617187500000,0.000000003980
2.109375000000,1.640625000000,0.000000003907
2.109375000000,1.664062500000,0.000000003836
2.109375000000,1.687500000000,0.000000003762
2.109375000000,1.710937500000,0.000000003686
2.109375000000,1.734375000000,0.000000003610
2.109375000000,1.757812500000,0.000000003530
2.109375000000,1.781250000000,0.000000003451
2.109375000000,1.804687500000,0.000000003370
2.109375000000,1.828125000000,0.000000003288
2.109375000000,1.851562500000,0.000000003206
2.109375000000,1.875000000000,0.000000003122
2.109375000000,1.898437500000,0.000000003037
2.109375000000,1.921875000000,0.000000002950
2.109375000000,1.945312500000,0.000000002863
2.109375000000,1.968750000000,0.000000002775
2.109375000000,1.992187500000,0.000000002687
2.109375000000,2.015625000000,0.000000002598
2.109375000000,2.039062500000,0.000000002508
2.109375000000,2.062500000000,0.000000002420
2.109375000000,2.085937500000,0.000000002328
2.109375000000,2.109375000000,0.000000002237
2.109375000000,2.132812500000,0.000000002146
2.109375000000,2.156250000000,0.000000002054
2.109375000000,2.179687500000,0.000000001964
2.109375000000,2.203125000000,0.000000001870
2.109375000000,2.226562500000,0.000000001779
2.109375000000,2.250000000000,0.000000001686
2.109375000000,2.273437500000,0.000000001593
2.109375000000,2.296875000000,0.000000001505
2.109375000000,2.320312500000,0.000000001413
2.109375000000,2.343750000000,0.000000001319
2.109375000000,2.367187500000,0.000000001228
2.109375000000,2.390625000000,0.000000001137
2.109375000000,2.414062500000,0.000000001048
2.109375000000,2.437500000000,0.000000000957
2.109375000000,2.460937500000,0.000000000869
2.109375000000,2.484375000000,0.000000000779
2.109375000000,2.507812500000,0.000000000691
2.109375000000,2.531250000000,0.000000000604
2.109375000000,2.554687500000,0.000000000513
2.109375000000,2.578125000000,0.000000000426
2.109375000000,2.601562500000,0.000000000343
2.109375000000,2.625000000000,0.000000000258
2.109375000000,2.648437500000,0.000000000177
2.109375000000,2.671875000000,0.000000000090
2.109375000000,2.695312500000,0.000000000009
2.109375000000,2.718750000000,-0.000000000074
2.109375000000,2.742187500000,-0.000000000153
2.109375000000,2.765625000000,-0.000000000230
2.109375000000,2.789062500000,-0.000000000311
2.109375000000,2.812500000000,-0.000000000388
2.109375000000,2.835937500000,-0.000000000462
2.109375000000,2.859375000000,-0.000000000537
2.109375000000,2.882812500000,-0.000000000611
2.109375000000,2.906250000000,-0.000000000682
2.109375000000,2.929687500000,-0.000000000753
2.109375000000,2.953125000000,-0.000000000822
2.109375000000,2.976562500000,-0.000000000891
2.109375000000,3.000000000000,0.000000000000
2.132812500000,0.000000000000,0.000000000000
2.132812500000,0.023437500000,0.000000002166
2.132812500000,0.046875000000,0.000000002300
2.132812500000,0.070312500000,0.000000002431
2.132812500000,0.093750000000,0.000000002556
2.132812500000,0.117187500000,0.000000002683
2.132812500000,0.140625000000,0.000000002802
2.132812500000,0.164062500000,0.000000002919
2.132812500000,0.187500000000,0.000000003035
2.132812500000,0.210937500000,0.000000003146
2.132812500000,0.234375000000,0.000000003252
2.132812500000,0.257812500000,0.000000003356
2.132812500000,0.281250000000,0.000000003458
2.132812500000,0.304687500000,0.000000003556
2.132812500000,0.328125000000,0.000000003647
2.132812500000,0.351562500000,0.000000003739
2.132812500000,0.375000000000,0.000000003828
2.132812500000,0.398437500000,0.000000003910
2.132812500000,0.421875000000,0.000000003992
2.132812500000,0.445312500000,0.000000004068
2.132812500000,0.468750000000,0.000000004140
2.132812500000,0.492187500000,0.000000004211
2.132812500000,0.515625000000,0.000000004279
2.132812500000,0.539062500000,0.000000004339
2.132812500000,0.562500000000,0.000000004397
2.132812500000,0.585937500000,0.000000004453
2.132812500000,0.609375000000,0.000000004507
2.132812500000,0.632812500000,0.000000004554
2.132812500000,0.656250000000,0.000000004599
2.132812500000,0.679687500000,0.000000004641
2.132812500000,0.703125000000,0.000000004678
2.132812500000,0.726562500000,0.000000004713
2.132812500000,0.750000000000,0.000000004746
2.132812500000,0.773437500000,0.000000004774
2.132812500000,0.796875000000,0.000000004798
2.132812500000,0.820312500000,0.000000004819
2.132812500000,0.843750000000,0.000000004837
2.132812500000,0.867187500000,0.000000004851
2.132812500000,0.890625000000,0.000000004863
2.132812500000,0.914062500000,0.000000004871
2.132812500000,0.937500000000,0.000000004877
2.132812500000,0.960937500000,0.000000004878
2.132812500000,0.984375000000,0.000000004876
2.132812500000,1.007812500000,0.000000004872
2.132812500000,1.031250000000,0.000000004866
2.132812500000,1.054687500000,0.000000004853
2.132812500000,1.078125000000,0.000000004839
2.132812500000,1.101562500000,0.000000004825
2.132812500000,1.125000000000,0.000000004806
2.132812500000,1.148437500000,0.000000004783
2.132812500000,1.171875000000,0.000000004756
2.132812500000,1.195312500000,0.000000004731
2.132812500000,1.218750000000,0.000000004699
2.132812500000,1.242187500000,0.000000004670
2.132812500000,1.265625000000,0.000000004632
2.132812500000,1.289062500000,0.000000004596
2.132812500000,1.312500000000,0.000000004554
2.132812500000,1.335937500000,0.000000004510
2.132812500000,1.359375000000,0.000000004466
2.132812500000,1.382812500000,0.000000004417
2.132812500000,1.406250000000,0.000000004370
2.132812500000,1.429687500000,0.000000004319
2.132812500000,1.453125000000,0.000000004264
2.132812500000,1.476562500000,0.000000004208
2.132812500000,1.500000000000,0.000000004150
2.132812500000,1.523437500000,0.000000004089
2.132812500000,1.546875000000,0.000000004028
2.132812500000,1.570312500000,0.000000003964
2.132812500000,1.593750000000,0.000000003896
2.132812500000,1.617187500000,0.000000003831
2.132812500000,1.640625000000,0.000000003764
2.132812500000,1.664062500000,0.000000003692
2.132812500000,1.687500000000,0.000000003620
2.132812500000,1.710937500000,0.000000003546
2.132812500000,1.734375000000,0.000000003472
2.132812500000,1.757812500000,0.000000003397
2.132812500000,1.781250000000,0.000000003320
2.132812500000,1.804687500000,0.000000003243
2.132812500000,1.828125000000,0.000000003162
2.132812500000,1.851562500000,0.000000003082
2.132812500000,1.875000000000,0.000000003000
2.132812500000,1.898437500000,0.000000002918
2.132812500000,1.921875000000,0.000000002836
2.132812500000,1.945312500000,0.000000002751
2.132812500000,1.968750000000,0.000000002665
2.132812500000,1.992187500000,0.000000002581
2.132812500000,2.015625000000,0.000000002495
2.132812500000,2.039062500000,0.000000002408
2.132812500000,2.062500000000,0.000000002321
2.132812500000,2.085937500000,0.000000002233
2.132812500000,2.109375000000,0.000000002146
2.132812500000,2.132812500000,0.000000002056
2.132812500000,2.156250000000,0.000000001969
2.132812500000,2.179687500000,0.000000001881
2.132812500000,2.203125000000,0.000000001791
2.132812500000,2.226562500000,0.000000001703
2.132812500000,2.250000000000,0.000000001615
2.132812500000,2.273437500000,0.000000001527
2.132812500000,2.296875000000,0.000000001436
2.132812500000,2.320312500000,0.000000001349
2.132812500000,2.343750000000,0.000000001259
2.132812500000,2.367187500000,0.000000001173
2.132812500000,2.390625000000,0.000000001084
2.132812500000,2.414062500000,0.000000000997
2.132812500000,2.437500000000,0.000000000909
2.132812500000,2.460937500000,0.000000000823
2.132812500000,2.484375000000,0.000000000737
2.132812500000,2.507812500000,0.000000000652
2.132812500000,2.531250000000,0.000000000566
2.132812500000,2.554687500000,0.000000000486
2.132812500000,2.578125000000,0.000000000401
2.132812500000,2.601562500000,0.000000000318
2.132812500000,2.625000000000,0.000000000236
2.132812500000,2.648437500000,0.000000000153
2.132812500000,2.671875000000,0.000000000075
2.132812500000,2.695312500000,-0.000000000006
2.132812500000,2.718750000000,-0.000000000082
2.132812500000,2.742187500000,-0.000000000161
2.132812500000,2.765625000000,-0.000000000239
2.132812500000,2.789062500000,-0.000000000312
2.132812500000,2.812500000000,-0.000000000385
2.132812500000,2.835937500000,-0.000000000458
2.132812500000,2.859375000000,-0.000000000530
2.132812500000,2.882812500000,-0.000000000600
2.132812500000,2.906250000000,-0.000000000670
2.132812500000,2.929687500000,-0.000000000737
2.132812500000,2.953125000000,-0.000000000804
2.132812500000,2.976562500000,-0.000000000868
2.132812500000,3.000000000000,0.000000000000
2.156250000000,0.000000000000,0.000000000000
2.156250000000,0.023437500000,0.000000002112
2.156250000000,0.046875000000,0.000000002237
2.156250000000,0.070312500000,0.000000002363
2.156250000000,0.093750000000,0.000000002487
2.156250000000,0.117187500000,0.000000002603
2.156250000000,0.140625000000,0.000000002719
2.156250000000,0.164062500000,0.000000002835
2.156250000000,0.187500000000,0.000000002942
2.156250000000,0.210937500000,0.000000003048
2.156250000000,0.234375000000,0.000000003152
2.156250000000,0.257812500000,0.000000003253
2.156250000000,0.281250000000,0.000000003350
2.156250000000,0.304687500000,0.000000003441
2.156250000000,0.328125000000,0.000000003534
2.156250000000,0.351562500000,0.000000003620
2.156250000000,0.375000000000,0.000000003700
2.156250000000,0.398437500000,0.000000003783
2.156250000000,0.421875000000,0.000000003861
2.156250000000,0.445312500000,0.000000003934
2.156250000000,0.468750000000,0.000000004001
2.156250000000,0.492187500000,0.000000004067
2.156250000000,0.515625000000,0.000000004132
2.156250000000,0.539062500000,0.000000004194
2.156250000000,0.562500000000,0.000000004248
2.156250000000,0.585937500000,0.000000004299
2.156250000000,0.609375000000,0.000000004352
2.156250000000,0.632812500000,0.000000004398
2.156250000000,0.656250000000,0.000000004439
2.156250000000,0.679687500000,0.000000004478
2.156250000000,0.703125000000,0.000000004518
2.156250000000,0.726562500000,0.000000004550
2.156250000000,0.750000000000,0.000000004579
2.156250000000,0.773437500000,0.000000004605
2.156250000000,0.796875000000,0.000000004629
2.156250000000,0.820312500000,0.000000004648
2.156250000000,0.843750000000,0.000000004664
2.156250000000,0.867187500000,0.000000004679
2.156250000000,0.890625000000,0.000000004687
2.156250000000,0.914062500000,0.000000004695
2.156250000000,0.937500000000,0.000000004700
2.156250000000,0.960937500000,0.000000004699
2.156250000000,0.984375000000,0.000000004701
2.156250000000,1.007812500000,0.000000004696
2.156250000000,1.031250000000,0.000000004686
2.156250000000,1.054687500000,0.000000004677
2.156250000000,1.078125000000,0.000000004664
2.156250000000,1.101562500000,0.000000004647
2.156250000000,1.125000000000,0.000000004628
2.156250000000,1.148437500000,0.000000004606
2.156250000000,1.171875000000,0.000000004581
2.156250000000,1.195312500000,0.000000004555
2.156250000000,1.218750000000,0.000000004526
2.156250000000,1.242187500000,0.000000004494
2.156250000000,1.265625000000,0.000000004459
2.156250000000,1.289062500000,0.000000004420
2.156250000000,1.312500000000,0.000000004381
2.156250000000,1.335937500000,0.000000004344
2.156250000000,1.359375000000,0.000000004294
2.156250000000,1.382812500000,0.000000004254
2.156250000000,1.406250000000,0.000000004205
2.156250000000,1.429687500000,0.000000004151
2.156250000000,1.453125000000,0.000000004098
2.156250000000,1.476562500000,0.000000004047
2.156250000000,1.500000000000,0.000000003989
2.156250000000,1.523437500000,0.000000003931
2.156250000000,1.546875000000,0.000000003872
2.156250000000,1.570312500000,0.000000003812
2.156250000000,1.593750000000,0.000000003749
2.156250000000,1.617187500000,0.000000003682
2.156250000000,1.640625000000,0.000000003616
2.156250000000,1.664062500000,0.000000003547
2.156250000000,1.687500000000,0.000000003479
2.156250000000,1.710937500000,0.000000003409
2.156250000000,1.734375000000,0.000000003336
2.156250000000,1.757812500000,0.000000003262
2.156250000000,1.781250000000,0.000000003187
2.156250000000,1.804687500000,0.000000003111
2.156250000000,1.828125000000,0.000000003035
2.156250000000,1.851562500000,0.000000002958
2.156250000000,1.875000000000,0.000000002879
2.156250000000,1.898437500000,0.000000002800
2.156250000000,1.921875000000,0.000000002718
2.156250000000,1.945312500000,0.000000002637
2.156250000000,1.968750000000,0.000000002556
2.156250000000,1.992187500000,0.000000002473
2.156250000000,2.015625000000,0.000000002391
2.156250000000,2.039062500000,0.000000002307
2.156250000000,2.062500000000,0.000000002223
2.156250000000,2.085937500000,0.000000002139
2.156250000000,2.109375000000,0.000000002052
2.156250000000,2.132812500000,0.000000001970
2.156250000000,2.156250000000,0.000000001883
2.156250000000,2.179687500000,0.000000001798
2.156250000000,2.203125000000,0.000000001712
2.156250000000,2.226562500000,0.000000001628
2.156250000000,2.250000000000,0.000000001541
2.156250000000,2.273437500000,0.000000001454
2.156250000000,2.296875000000,0.000000001374
2.156250000000,2.320312500000,0.000000001282
2.156250000000,2.343750000000,0.000000001204
2.156250000000,2.367187500000,0.000000001114
2.156250000000,2.390625000000,0.000000001032
2.156250000000,2.414062500000,0.000000000947
2.156250000000,2.437500000000,0.000000000865
2.156250000000,2.460937500000,0.000000000779
2.156250000000,2.484375000000,0.000000000701
2.156250000000,2.507812500000,0.000000000613
2.156250000000,2.531250000000,0.000000000535
2.156250000000,2.554687500000,0.000000000452
2.156250000000,2.578125000000,0.000000000373
2.156250000000,2.601562500000,0.000000000293
2.156250000000,2.625000000000,0.000000000214
2.156250000000,2.648437500000,0.000000000138
2.156250000000,2.671875000000,0.000000000059
2.156250000000,2.695312500000,-0.000000000017
2.156250000000,2.718750000000,-0.000000000092
2.156250000000,2.742187500000,-0.000000000165
2.156250000000,2.765625000000,-0.000000000237
2.156250000000,2.789062500000,-0.000000000310
2.156250000000,2.812500000000,-0.000000000382
2.156250000000,2.835937500000,-0.000000000452
2.156250000000,2.859375000000,-0.000000000521
2.156250000000,2.882812500000,-0.000000000589
2.156250000000,2.906250000000,-0.000000000654
2.156250000000,2.929687500000,-0.000000000721
2.156250000000,2.953125000000,-0.000000000785
2.156250000000,2.976562500000,-0.000000000848
2.156250000000,3.000000000000,0.000000000000
2.179687500000,0.000000000000,0.000000000000
2.179687500000,0.023437500000,0.000000002051
2.179687500000,0.046875000000,0.000000002176
2.179687500000,0.070312500000,0.000000002295
2.179687500000,0.093750000000,0.000000002410
2.179687500000,0.117187500000,0.000000002527
2.179687500000,0.140625000000,0.000000002639
2.179687500000,0.164062500000,0.000000002743
2.179687500000,0.187500000000,0.000000002848
2.179687500000,0.210937500000,0.000000002953
2.179687500000,0.234375000000,0.000000003050
2.179687500000,0.257812500000,0.000000003146
2.179687500000,0.281250000000,0.000000003238
2.179687500000,0.304687500000,0.000000003330
2.179687500000,0.328125000000,0.000000003414
2.179687500000,0.351562500000,0.000000003496
2.179687500000,0.375000000000,0.000000003578
2.179687500000,0.398437500000,0.000000003653
2.179687500000,0.421875000000,0.000000003727
2.179687500000,0.445312500000,0.000000003796
2.179687500000,0.468750000000,0.000000003862
2.179687500000,0.492187500000,0.000000003931
2.179687500000,0.515625000000,0.000000003987
2.179687500000,0.539062500000,0.000000004040
2.179687500000,0.562500000000,0.000000004100
2.179687500000,0.585937500000,0.000000004151
2.179687500000,0.609375000000,0.000000004195
2.179687500000,0.632812500000,0.000000004235
2.179687500000,0.656250000000,0.000000004284
2.179687500000,0.679687500000,0.000000004321
2.179687500000,0.703125000000,0.000000004352
2.179687500000,0.726562500000,0.000000004383
2.179687500000,0.750000000000,0.000000004409
2.179687500000,0.773437500000,0.000000004434
2.179687500000,0.796875000000,0.000000004457
2.179687500000,0.820312500000,0.000000004475
2.179687500000,0.843750000000,0.000000004492
2.179687500000,0.867187500000,0.000000004503
2.179687500000,0.890625000000,0.000000004514
2.179687500000,0.914062500000,0.000000004520
2.179687500000,0.937500000000,0.000000004523
2.179687500000,0.960937500000,0.000000004525
2.179687500000,0.984375000000,0.000000004521
2.179687500000,1.007812500000,0.000000004516
2.179687500000,1.031250000000,0.000000004509
2.179687500000,1.054687500000,0.000000004498
2.179687500000,1.078125000000,0.000000004485
2.179687500000,1.101562500000,0.000000004468
2.179687500000,1.125000000000,0.000000004452
2.179687500000,1.148437500000,0.000000004427
2.179687500000,1.171875000000,0.000000004406
2.179687500000,1.195312500000,0.000000004378
2.179687500000,1.218750000000,0.000000004351
2.179687500000,1.242187500000,0.000000004318
2.179687500000,1.265625000000,0.000000004284
2.179687500000,1.289062500000,0.000000004248
2.179687500000,1.312500000000,0.000000004214
2.179687500000,1.335937500000,0.000000004169
2.179687500000,1.359375000000,0.000000004129
2.179687500000,1.382812500000,0.000000004084
2.179687500000,1.406250000000,0.000000004036
2.179687500000,1.429687500000,0.000000003987
2.179687500000,1.453125000000,0.000000003937
2.179687500000,1.476562500000,0.000000003882
2.179687500000,1.500000000000,0.000000003830
2.179687500000,1.523437500000,0.000000003774
2.179687500000,1.546875000000,0.000000003715
2.179687500000,1.570312500000,0.000000003655
2.179687500000,1.593750000000,0.000000003592
2.179687500000,1.617187500000,0.000000003533
2.179687500000,1.640625000000,0.000000003469
2.179687500000,1.664062500000,0.000000003401
2.179687500000,1.687500000000,0.000000003336
2.179687500000,1.710937500000,0.000000003266
2.179687500000,1.734375000000,0.000000003197
2.179687500000,1.757812500000,0.000000003127
2.179687500000,1.781250000000,0.000000003056
2.179687500000,1.804687500000,0.000000002981
2.179687500000,1.828125000000,0.000000002906
2.179687500000,1.851562500000,0.000000002834
2.179687500000,1.875000000000,0.000000002757
2.179687500000,1.898437500000,0.000000002681
2.179687500000,1.921875000000,0.000000002603
2.179687500000,1.945312500000,0.000000002525
2.179687500000,1.968750000000,0.000000002446
2.179687500000,1.992187500000,0.000000002367
2.179687500000,2.015625000000,0.000000002288
2.179687500000,2.039062500000,0.000000002206
2.179687500000,2.062500000000,0.000000002125
2.179687500000,2.085937500000,0.000000002044
2.179687500000,2.109375000000,0.000000001962
2.179687500000,2.132812500000,0.000000001880
2.179687500000,2.156250000000,0.000000001799
2.179687500000,2.179687500000,0.000000001716
2.179687500000,2.203125000000,0.000000001637
2.179687500000,2.226562500000,0.000000001551
2.179687500000,2.250000000000,0.000000001469
2.179687500000,2.273437500000,0.000000001389
2.179687500000,2.296875000000,0.000000001302
2.179687500000,2.320312500000,0.000000001226
2.179687500000,2.343750000000,0.000000001137
2.179687500000,2.367187500000,0.000000001059
2.179687500000,2.390625000000,0.000000000977
2.179687500000,2.414062500000,0.000000000897
2.179687500000,2.437500000000,0.000000000817
2.179687500000,2.460937500000,0.000000000735
2.179687500000,2.484375000000,0.000000000656
2.179687500000,2.507812500000,0.000000000579
2.179687500000,2.531250000000,0.000000000502
2.179687500000,2.554687500000,0.000000000422
2.179687500000,2.578125000000,0.000000000345
2.179687500000,2.601562500000,0.000000000269
2.179687500000,2.625000000000,0.000000000194
2.179687500000,2.648437500000,0.000000000118
2.179687500000,2.671875000000,0.000000000045
2.179687500000,2.695312500000,-0.000000000027
2.179687500000,2.718750000000,-0.000000000099
2.179687500000,2.742187500000,-0.000000000172
2.179687500000,2.765625000000,-0.000000000244
2.179687500000,2.789062500000,-0.000000000311
2.179687500000,2.812500000000,-0.000000000380
2.179687500000,2.835937500000,-0.000000000448
2.179687500000,2.859375000000,-0.000000000515
2.179687500000,2.882812500000,-0.000000000579
2.179687500000,2.906250000000,-0.000000000643
2.179687500000,2.929687500000,-0.000000000706
2.179687500000,2.953125000000,-0.000000000766
2.179687500000,2.976562500000,-0.000000000826
2.179687500000,3.000000000000,0.000000000000
2.203125000000,0.000000000000,0.000000000000
2.203125000000,0.023437500000,0.000000001994
2.203125000000,0.046875000000,0.000000002111
2.203125000000,0.070312500000,0.000000002226
2.203125000000,0.093750000000,0.000000002339
2.203125000000,0.117187500000,0.000000002447
2.203125000000,0.140625000000,0.000000002552
2.203125000000,0.164062500000,0.000000002657
2.203125000000,0.187500000000,0.000000002757
2.203125000000,0.210937500000,0.000000002854
2.203125000000,0.234375000000,0.000000002949
2.203125000000,0.257812500000,0.000000003039
2.203125000000,0.281250000000,0.000000003129
2.203125000000,0.304687500000,0.000000003212
2.203125000000,0.328125000000,0.000000003297
2.203125000000,0.351562500000,0.000000003378
2.203125000000,0.375000000000,0.000000003446
2.203125000000,0.398437500000,0.000000003526
2.203125000000,0.421875000000,0.000000003592
2.203125000000,0.445312500000,0.000000003659
2.203125000000,0.468750000000,0.000000003725
2.203125000000,0.492187500000,0.000000003782
2.203125000000,0.515625000000,0.000000003841
2.203125000000,0.539062500000,0.000000003897
2.203125000000,0.562500000000,0.000000003944
2.203125000000,0.585937500000,0.000000003991
2.203125000000,0.609375000000,0.000000004040
2.203125000000,0.632812500000,0.000000004083
2.203125000000,0.656250000000,0.000000004117
2.203125000000,0.679687500000,0.000000004151
2.203125000000,0.703125000000,0.000000004187
2.203125000000,0.726562500000,0.000000004215
2.203125000000,0.750000000000,0.000000004243
2.203125000000,0.773437500000,0.000000004265
2.203125000000,0.796875000000,0.000000004286
2.203125000000,0.820312500000,0.000000004302
2.203125000000,0.843750000000,0.000000004316
2.203125000000,0.867187500000,0.000000004329
2.203125000000,0.890625000000,0.000000004337
2.203125000000,0.914062500000,0.000000004342
2.203125000000,0.937500000000,0.000000004347
2.203125000000,0.960937500000,0.000000004346
2.203125000000,0.984375000000,0.000000004344
2.203125000000,1.007812500000,0.000000004339
2.203125000000,1.031250000000,0.000000004330
2.203125000000,1.054687500000,0.000000004319
2.203125000000,1.078125000000,0.000000004305
2.203125000000,1.101562500000,0.000000004292
2.203125000000,1.125000000000,0.000000004270
2.203125000000,1.148437500000,0.000000004252
2.203125000000,1.171875000000,0.000000004227
2.203125000000,1.195312500000,0.000000004203
2.203125000000,1.218750000000,0.000000004173
2.203125000000,1.242187500000,0.000000004143
2.203125000000,1.265625000000,0.000000004109
2.203125000000,1.289062500000,0.000000004079
2.203125000000,1.312500000000,0.000000004036
2.203125000000,1.335937500000,0.000000003996
2.203125000000,1.359375000000,0.000000003959
2.203125000000,1.382812500000,0.000000003912
2.203125000000,1.406250000000,0.000000003867
2.203125000000,1.429687500000,0.000000003820
2.203125000000,1.453125000000,0.000000003774
2.203125000000,1.476562500000,0.000000003720
2.203125000000,1.500000000000,0.000000003670
2.203125000000,1.523437500000,0.000000003617
2.203125000000,1.546875000000,0.000000003561
2.203125000000,1.570312500000,0.000000003501
2.203125000000,1.593750000000,0.000000003442
2.203125000000,1.617187500000,0.000000003382
2.203125000000,1.640625000000,0.000000003319
2.203125000000,1.664062500000,0.000000003256
2.203125000000,1.687500000000,0.000000003194
2.203125000000,1.710937500000,0.000000003126
2.203125000000,1.734375000000,0.000000003059
2.203125000000,1.757812500000,0.000000002990
2.203125000000,1.781250000000,0.000000002921
2.203125000000,1.804687500000,0.000000002852
2.203125000000,1.828125000000,0.000000002780
2.203125000000,1.851562500000,0.000000002708
2.203125000000,1.875000000000,0.000000002634
2.203125000000,1.898437500000,0.000000002561
2.203125000000,1.921875000000,0.000000002486
2.203125000000,1.945312500000,0.000000002412
2.203125000000,1.968750000000,0.000000002335
2.203125000000,1.992187500000,0.000000002260
2.203125000000,2.015625000000,0.000000002181
2.203125000000,2.039062500000,0.000000002105
2.203125000000,2.062500000000,0.000000002026
2.203125000000,2.085937500000,0.000000001949
2.203125000000,2.109375000000,0.000000001871
2.203125000000,2.132812500000,0.000000001792
2.203125000000,2.156250000000,0.000000001714
2.203125000000,2.179687500000,0.000000001635
2.203125000000,2.203125000000,0.000000001553
2.203125000000,2.226562500000,0.000000001477
2.203125000000,2.250000000000,0.000000001397
2.203125000000,2.273437500000,0.000000001318
2.203125000000,2.296875000000,0.000000001237
2.203125000000,2.320312500000,0.000000001158
2.203125000000,2.343750000000,0.000000001081
2.203125000000,2.367187500000,0.000000001005
2.203125000000,2.390625000000,0.000000000928
2.203125000000,2.414062500000,0.000000000846
2.203125000000,2.437500000000,0.000000000771
2.203125000000,2.460937500000,0.000000000696
2.203125000000,2.484375000000,0.000000000618
2.203125000000,2.507812500000,0.000000000543
2.203125000000,2.531250000000,0.000000000464
2.203125000000,2.554687500000,0.000000000393
2.203125000000,2.578125000000,0.000000000316
2.203125000000,2.601562500000,0.000000000245
2.203125000000,2.625000000000,0.000000000173
2.203125000000,2.648437500000,0.000000000101
2.203125000000,2.671875000000,0.000000000028
2.203125000000,2.695312500000,-0.000000000041
2.203125000000,2.718750000000,-0.000000000110
2.203125000000,2.742187500000,-0.000000000178
2.203125000000,2.765625000000,-0.000000000246
2.203125000000,2.789062500000,-0.000000000313
2.203125000000,2.812500000000,-0.000000000377
2.203125000000,2.835937500000,-0.000000000441
2.203125000000,2.859375000000,-0.000000000505
2.203125000000,2.882812500000,-0.000000000567
2.203125000000,2.906250000000,-0.000000000630
2.203125000000,2.929687500000,-0.000000000689
2.203125000000,2.953125000000,-0.000000000749
2.203125000000,2.976562500000,-0.000000000805
2.203125000000,3.000000000000,0.000000000000
2.226562500000,0.000000000000,0.000000000000
2.226562500000,0.023437500000,0.000000001936
2.226562500000,0.046875000000,0.000000002047
2.226562500000,0.070312500000,0.000000002157
2.226562500000,0.093750000000,0.000000002264
2.226562500000,0.117187500000,0.000000002367
2.226562500000,0.140625000000,0.000000002469
2.226562500000,0.164062500000,0.000000002569
2.226562500000,0.187500000000,0.000000002661
2.226562500000,0.210937500000,0.000000002756
2.226562500000,0.234375000000,0.000000002843
2.226562500000,0.257812500000,0.000000002934
2.226562500000,0.281250000000,0.000000003015
2.226562500000,0.304687500000,0.000000003097
2.226562500000,0.328125000000,0.000000003177
2.226562500000,0.351562500000,0.000000003246
2.226562500000,0.375000000000,0.000000003327
2.226562500000,0.398437500000,0.000000003394
2.226562500000,0.421875000000,0.000000003459
2.226562500000,0.445312500000,0.000000003519
2.226562500000,0.468750000000,0.000000003582
2.226562500000,0.492187500000,0.000000003640
2.226562500000,0.515625000000,0.000000003695
2.226562500000,0.539062500000,0.000000003742
2.226562500000,0.562500000000,0.000000003793
2.226562500000,0.585937500000,0.000000003838
2.226562500000,0.609375000000,0.000000003882
2.226562500000,0.632812500000,0.000000003917
2.226562500000,0.656250000000,0.000000003958
2.226562500000,0.679687500000,0.000000003991
2.226562500000,0.703125000000,0.000000004019
2.226562500000,0.726562500000,0.000000004048
2.226562500000,0.750000000000,0.000000004074
2.226562500000,0.773437500000,0.000000004095
2.226562500000,0.796875000000,0.000000004114
2.226562500000,0.820312500000,0.000000004130
2.226562500000,0.843750000000,0.000000004144
2.226562500000,0.867187500000,0.000000004154
2.226562500000,0.890625000000,0.000000004162
2.226562500000,0.914062500000,0.000000004166
2.226562500000,0.937500000000,0.000000004168
2.226562500000,0.960937500000,0.000000004167
2.226562500000,0.984375000000,0.000000004166
2.226562500000,1.007812500000,0.000000004157
2.226562500000,1.031250000000,0.000000004151
2.226562500000,1.054687500000,0.000000004139
2.226562500000,1.078125000000,0.000000004128
2.226562500000,1.101562500000,0.000000004110
2.226562500000,1.125000000000,0.000000004093
2.226562500000,1.148437500000,0.000000004075
2.226562500000,1.171875000000,0.000000004050
2.226562500000,1.195312500000,0.000000004023
2.226562500000,1.218750000000,0.000000003997
2.226562500000,1.242187500000,0.000000003967
2.226562500000,1.265625000000,0.000000003933
2.226562500000,1.289062500000,0.000000003900
2.226562500000,1.312500000000,0.000000003863
2.226562500000,1.335937500000,0.000000003832
2.226562500000,1.359375000000,0.000000003787
2.226562500000,1.382812500000,0.000000003745
2.226562500000,1.406250000000,0.000000003703
2.226562500000,1.429687500000,0.000000003656
2.226562500000,1.453125000000,0.000000003608
2.226562500000,1.476562500000,0.000000003559
2.226562500000,1.500000000000,0.000000003509
2.226562500000,1.523437500000,0.000000003455
2.226562500000,1.546875000000,0.000000003401
2.226562500000,1.570312500000,0.000000003347
2.226562500000,1.593750000000,0.000000003291
2.226562500000,1.617187500000,0.000000003231
2.226562500000,1.640625000000,0.000000003172
2.226562500000,1.664062500000,0.000000003112
2.226562500000,1.687500000000,0.000000003048
2.226562500000,1.710937500000,0.000000002985
2.226562500000,1.734375000000,0.000000002920
2.226562500000,1.757812500000,0.000000002855
2.226562500000,1.781250000000,0.000000002787
2.226562500000,1.804687500000,0.000000002719
2.226562500000,1.828125000000,0.000000002654
2.226562500000,1.851562500000,0.000000002583
2.226562500000,1.875000000000,0.000000002513
2.226562500000,1.898437500000,0.000000002441
2.226562500000,1.921875000000,0.000000002370
2.226562500000,1.945312500000,0.000000002297
2.226562500000,1.968750000000,0.000000002225
2.226562500000,1.992187500000,0.000000002151
2.226562500000,2.015625000000,0.000000002079
2.226562500000,2.039062500000,0.000000002002
2.226562500000,2.062500000000,0.000000001929
2.226562500000,2.085937500000,0.000000001853
2.226562500000,2.109375000000,0.000000001777
2.226562500000,2.132812500000,0.000000001705
2.226562500000,2.156250000000,0.000000001625
2.226562500000,2.179687500000,0.000000001550
2.226562500000,2.203125000000,0.000000001476
2.226562500000,2.226562500000,0.000000001398
2.226562500000,2.250000000000,0.000000001324
2.226562500000,2.273437500000,0.000000001247
2.226562500000,2.296875000000,0.000000001173
2.226562500000,2.320312500000,0.000000001098
2.226562500000,2.343750000000,0.000000001023
2.226562500000,2.367187500000,0.000000000948
2.226562500000,2.390625000000,0.000000000873
2.226562500000,2.414062500000,0.000000000799
2.226562500000,2.437500000000,0.000000000723
2.226562500000,2.460937500000,0.000000000650
2.226562500000,2.484375000000,0.000000000577
2.226562500000,2.507812500000,0.000000000506
2.226562500000,2.531250000000,0.000000000432
2.226562500000,2.554687500000,0.000000000360
2.226562500000,2.578125000000,0.000000000292
2.226562500000,2.601562500000,0.000000000219
2.226562500000,2.625000000000,0.000000000152
2.226562500000,2.648437500000,0.000000000082
2.226562500000,2.671875000000,0.000000000018
2.226562500000,2.695312500000,-0.000000000052
2.226562500000,2.718750000000,-0.000000000119
2.226562500000,2.742187500000,-0.000000000184
2.226562500000,2.765625000000,-0.000000000248
2.226562500000,2.789062500000,-0.000000000313
2.226562500000,2.812500000000,-0.000000000375
2.226562500000,2.835937500000,-0.000000000437
2.226562500000,2.859375000000,-0.000000000497
2.226562500000,2.882812500000,-0.000000000555
2.226562500000,2.906250000000,-0.000000000613
2.226562500000,2.929687500000,-0.000000000672
2.226562500000,2.953125000000,-0.000000000727
2.226562500000,2.976562500000,-0.000000000783
2.226562500000,3.000000000000,0.000000000000
2.250000000000,0.000000000000,0.000000000000
2.250000000000,0.023437500000,0.000000001876
2.250000000000,0.046875000000,0.000000001983
2.250000000000,0.070312500000,0.000000002088
2.250000000000,0.093750000000,0.000000002187
2.250000000000,0.117187500000,0.000000002288
2.250000000000,0.140625000000,0.000000002382
2.250000000000,0.164062500000,0.000000002478
2.250000000000,0.187500000000,0.000000002567
2.250000000000,0.210937500000,0.000000002656
2.250000000000,0.234375000000,0.000000002741
2.250000000000,0.257812500000,0.000000002826
2.250000000000,0.281250000000,0.000000002904
2.250000000000,0.304687500000,0.000000002978
2.250000000000,0.328125000000,0.000000003058
2.250000000000,0.351562500000,0.000000003129
2.250000000000,0.375000000000,0.000000003194
2.250000000000,0.398437500000,0.000000003261
2.250000000000,0.421875000000,0.000000003323
2.250000000000,0.445312500000,0.000000003386
2.250000000000,0.468750000000,0.000000003442
2.250000000000,0.492187500000,0.000000003496
2.250000000000,0.515625000000,0.000000003545
2.250000000000,0.539062500000,0.000000003596
2.250000000000,0.562500000000,0.000000003645
2.250000000000,0.585937500000,0.000000003682
2.250000000000,0.609375000000,0.000000003723
2.250000000000,0.632812500000,0.000000003759
2.250000000000,0.656250000000,0.000000003796
2.250000000000,0.679687500000,0.000000003824
2.250000000000,0.703125000000,0.000000003855
2.250000000000,0.726562500000,0.000000003881
2.250000000000,0.750000000000,0.000000003903
2.250000000000,0.773437500000,0.000000003924
2.250000000000,0.796875000000,0.000000003940
2.250000000000,0.820312500000,0.000000003954
2.250000000000,0.843750000000,0.000000003967
2.250000000000,0.867187500000,0.000000003978
2.250000000000,0.890625000000,0.000000003983
2.250000000000,0.914062500000,0.000000003987
2.250000000000,0.937500000000,0.000000003991
2.250000000000,0.960937500000,0.000000003989
2.250000000000,0.984375000000,0.000000003985
2.250000000000,1.007812500000,0.000000003981
2.250000000000,1.031250000000,0.000000003971
2.250000000000,1.054687500000,0.000000003960
2.250000000000,1.078125000000,0.000000003947
2.250000000000,1.101562500000,0.000000003931
2.250000000000,1.125000000000,0.000000003914
2.250000000000,1.148437500000,0.000000003892
2.250000000000,1.171875000000,0.000000003870
2.250000000000,1.195312500000,0.000000003845
2.250000000000,1.218750000000,0.000000003819
2.250000000000,1.242187500000,0.000000003790
2.250000000000,1.265625000000,0.000000003760
2.250000000000,1.289062500000,0.000000003727
2.250000000000,1.312500000000,0.000000003696
2.250000000000,1.335937500000,0.000000003651
2.250000000000,1.359375000000,0.000000003612
2.250000000000,1.382812500000,0.000000003577
2.250000000000,1.406250000000,0.000000003532
2.250000000000,1.429687500000,0.000000003487
2.250000000000,1.453125000000,0.000000003444
2.250000000000,1.476562500000,0.000000003398
2.250000000000,1.500000000000,0.000000003346
2.250000000000,1.523437500000,0.000000003294
2.250000000000,1.546875000000,0.000000003246
2.250000000000,1.570312500000,0.000000003188
2.250000000000,1.593750000000,0.000000003138
2.250000000000,1.617187500000,0.000000003079
2.250000000000,1.640625000000,0.000000003022
2.250000000000,1.664062500000,0.000000002964
2.250000000000,1.687500000000,0.000000002902
2.250000000000,1.710937500000,0.000000002845
2.250000000000,1.734375000000,0.000000002781
2.250000000000,1.757812500000,0.000000002717
2.250000000000,1.781250000000,0.000000002658
2.250000000000,1.804687500000,0.000000002590
2.250000000000,1.828125000000,0.000000002525
2.250000000000,1.851562500000,0.000000002458
2.250000000000,1.875000000000,0.000000002389
2.250000000000,1.898437500000,0.000000002322
2.250000000000,1.921875000000,0.000000002253
2.250000000000,1.945312500000,0.000000002184
2.250000000000,1.968750000000,0.000000002114
2.250000000000,1.992187500000,0.000000002044
2.250000000000,2.015625000000,0.000000001972
2.250000000000,2.039062500000,0.000000001902
2.250000000000,2.062500000000,0.000000001831
2.250000000000,2.085937500000,0.000000001758
2.250000000000,2.109375000000,0.000000001688
2.250000000000,2.132812500000,0.000000001613
2.250000000000,2.156250000000,0.000000001542
2.250000000000,2.179687500000,0.000000001470
2.250000000000,2.203125000000,0.000000001396
2.250000000000,2.226562500000,0.000000001324
2.250000000000,2.250000000000,0.000000001250
2.250000000000,2.273437500000,0.000000001179
2.250000000000,2.296875000000,0.000000001109
2.250000000000,2.320312500000,0.000000001035
2.250000000000,2.343750000000,0.000000000962
2.250000000000,2.367187500000,0.000000000891
2.250000000000,2.390625000000,0.000000000818
2.250000000000,2.414062500000,0.000000000745
2.250000000000,2.437500000000,0.000000000678
2.250000000000,2.460937500000,0.000000000605
2.250000000000,2.484375000000,0.000000000538
2.250000000000,2.507812500000,0.000000000466
2.250000000000,2.531250000000,0.000000000400
2.250000000000,2.554687500000,0.000000000327
2.250000000000,2.578125000000,0.000000000264
2.250000000000,2.601562500000,0.000000000199
2.250000000000,2.625000000000,0.000000000129
2.250000000000,2.648437500000,0.000000000065
2.250000000000,2.671875000000,-0.000000000002
2.250000000000,2.695312500000,-0.000000000063
2.250000000000,2.718750000000,-0.000000000127
2.250000000000,2.742187500000,-0.000000000189
2.250000000000,2.765625000000,-0.000000000251
2.250000000000,2.789062500000,-0.000000000309
2.250000000000,2.812500000000,-0.000000000370
2.250000000000,2.835937500000,-0.000000000430
2.250000000000,2.859375000000,-0.000000000487
2.250000000000,2.882812500000,-0.000000000545
2.250000000000,2.906250000000,-0.000000000601
2.250000000000,2.929687500000,-0.000000000654
2.250000000000,2.953125000000,-0.000000000709
2.250000000000,2.976562500000,-0.000000000761
2.250000000000,3.000000000000,0.000000000000
2.273437500000,0.000000000000,0.000000000000
2.273437500000,0.023437500000,0.000000001816
2.273437500000,0.046875000000,0.000000001918
2.273437500000,0.070312500000,0.000000002016
2.273437500000,0.093750000000,0.000000002113
2.273437500000,0.117187500000,0.000000002209
2.273437500000,0.140625000000,0.000000002296
2.273437500000,0.164062500000,0.000000002387
2.273437500000,0.187500000000,0.000000002473
2.273437500000,0.210937500000,0.000000002560
2.273437500000,0.234375000000,0.000000002637
2.273437500000,0.257812500000,0.000000002715
2.273437500000,0.281250000000,0.000000002793
2.273437500000,0.304687500000,0.000000002862
2.273437500000,0.328125000000,0.000000002932
2.273437500000,0.351562500000,0.000000003003
2.273437500000,0.375000000000,0.000000003068
2.273437500000,0.398437500000,0.000000003132
2.273437500000,0.421875000000,0.000000003192
2.273437500000,0.445312500000,0.000000003241
2.273437500000,0.468750000000,0.000000003298
2.273437500000,0.492187500000,0.000000003350
2.273437500000,0.515625000000,0.000000003397
2.273437500000,0.539062500000,0.000000003444
2.273437500000,0.562500000000,0.000000003486
2.273437500000,0.585937500000,0.000000003528
2.273437500000,0.609375000000,0.000000003566
2.273437500000,0.632812500000,0.000000003597
2.273437500000,0.656250000000,0.000000003629
2.273437500000,0.679687500000,0.000000003660
2.273437500000,0.703125000000,0.000000003686
2.273437500000,0.726562500000,0.000000003710
2.273437500000,0.750000000000,0.000000003732
2.273437500000,0.773437500000,0.000000003752
2.273437500000,0.796875000000,0.000000003769
2.273437500000,0.820312500000,0.000000003782
2.273437500000,0.843750000000,0.000000003792
2.273437500000,0.867187500000,0.000000003801
2.273437500000,0.890625000000,0.000000003807
2.273437500000,0.914062500000,0.000000003810
2.273437500000,0.937500000000,0.000000003810
2.273437500000,0.960937500000,0.000000003809
2.273437500000,0.984375000000,0.000000003804
2.273437500000,1.007812500000,0.000000003799
2.273437500000,1.031250000000,0.000000003790
2.273437500000,1.054687500000,0.000000003780
2.273437500000,1.078125000000,0.000000003766
2.273437500000,1.101562500000,0.000000003752
2.273437500000,1.125000000000,0.000000003733
2.273437500000,1.148437500000,0.000000003714
2.273437500000,1.171875000000,0.000000003692
2.273437500000,1.195312500000,0.000000003668
2.273437500000,1.218750000000,0.000000003642
2.273437500000,1.242187500000,0.000000003614
2.273437500000,1.265625000000,0.000000003585
2.273437500000,1.289062500000,0.000000003548
2.273437500000,1.312500000000,0.000000003517
2.273437500000,1.335937500000,0.000000003484
2.273437500000,1.359375000000,0.000000003446
2.273437500000,1.382812500000,0.000000003407
2.273437500000,1.406250000000,0.000000003364
2.273437500000,1.429687500000,0.000000003325
2.273437500000,1.453125000000,0.000000003283
2.273437500000,1.476562500000,0.000000003232
2.273437500000,1.500000000000,0.000000003188
2.273437500000,1.523437500000,0.000000003137
2.273437500000,1.546875000000,0.000000003083
2.273437500000,1.570312500000,0.000000003037
2.273437500000,1.593750000000,0.000000002982
2.273437500000,1.617187500000,0.000000002931
2.273437500000,1.640625000000,0.000000002876
2.273437500000,1.664062500000,0.000000002819
2.273437500000,1.687500000000,0.000000002763
2.273437500000,1.710937500000,0.000000002700
2.273437500000,1.734375000000,0.000000002646
2.273437500000,1.757812500000,0.000000002582
2.273437500000,1.781250000000,0.000000002517
2.273437500000,1.804687500000,0.000000002458
2.273437500000,1.828125000000,0.000000002394
2.273437500000,1.851562500000,0.000000002333
2.273437500000,1.875000000000,0.000000002269
2.273437500000,1.898437500000,0.000000002203
2.273437500000,1.921875000000,0.000000002137
2.273437500000,1.945312500000,0.000000002071
2.273437500000,1.968750000000,0.000000002005
2.273437500000,1.992187500000,0.000000001936
2.273437500000,2.015625000000,0.000000001869
2.273437500000,2.039062500000,0.000000001801
2.273437500000,2.062500000000,0.000000001731
2.273437500000,2.085937500000,0.000000001663
2.273437500000,2.109375000000,0.000000001596
2.273437500000,2.132812500000,0.000000001523
2.273437500000,2.156250000000,0.000000001458
2.273437500000,2.179687500000,0.000000001387
2.273437500000,2.203125000000,0.000000001316
2.273437500000,2.226562500000,0.000000001250
2.273437500000,2.250000000000,0.000000001179
2.273437500000,2.273437500000,0.000000001111
2.273437500000,2.296875000000,0.000000001040
2.273437500000,2.320312500000,0.000000000972
2.273437500000,2.343750000000,0.000000000900
2.273437500000,2.367187500000,0.000000000838
2.273437500000,2.390625000000,0.000000000766
2.273437500000,2.414062500000,0.000000000700
2.273437500000,2.437500000000,0.000000000633
2.273437500000,2.460937500000,0.000000000563
2.273437500000,2.484375000000,0.000000000497
2.273437500000,2.507812500000,0.000000000433
2.273437500000,2.531250000000,0.000000000364
2.273437500000,2.554687500000,0.000000000304
2.273437500000,2.578125000000,0.000000000236
2.273437500000,2.601562500000,0.000000000173
2.273437500000,2.625000000000,0.000000000107
2.273437500000,2.648437500000,0.000000000048
2.273437500000,2.671875000000,-0.000000000013
2.273437500000,2.695312500000,-0.000000000077
2.273437500000,2.718750000000,-0.000000000140
2.273437500000,2.742187500000,-0.000000000196
2.273437500000,2.765625000000,-0.000000000253
2.273437500000,2.789062500000,-0.000000000314
2.273437500000,2.812500000000,-0.000000000369
2.273437500000,2.835937500000,-0.000000000423
2.273437500000,2.859375000000,-0.000000000477
2.273437500000,2.882812500000,-0.000000000533
2.273437500000,2.906250000000,-0.000000000585
2.273437500000,2.929687500000,-0.000000000638
2.273437500000,2.953125000000,-0.000000000688
2.273437500000,2.976562500000,-0.000000000740
2.273437500000,3.000000000000,0.000000000000
2.296875000000,0.000000000000,0.000000000000
2.296875000000,0.023437500000,0.000000001755
2.296875000000,0.046875000000,0.000000001852
2.296875000000,0.070312500000,0.000000001944
2.296875000000,0.093750000000,0.000000002040
2.296875000000,0.117187500000,0.000000002124
2.296875000000,0.140625000000,0.000000002212
2.296875000000,0.164062500000,0.000000002298
2.296875000000,0.187500000000,0.000000002377
2.296875000000,0.210937500000,0.000000002454
2.296875000000,0.234375000000,0.000000002535
2.296875000000,0.257812500000,0.000000002608
2.296875000000,0.281250000000,0.000000002679
2.296875000000,0.304687500000,0.000000002750
2.296875000000,0.328125000000,0.000000002817
2.296875000000,0.351562500000,0.000000002877
2.296875000000,0.375000000000,0.000000002939
2.296875000000,0.398437500000,0.000000002996
2.296875000000,0.421875000000,0.000000003050
2.296875000000,0.445312500000,0.000000003109
2.296875000000,0.468750000000,0.000000003159
2.296875000000,0.492187500000,0.000000003206
2.296875000000,0.515625000000,0.000000003253
2.296875000000,0.539062500000,0.000000003295
2.296875000000,0.562500000000,0.000000003335
2.296875000000,0.585937500000,0.000000003371
2.296875000000,0.609375000000,0.000000003408
2.296875000000,0.632812500000,0.000000003440
2.296875000000,0.656250000000,0.000000003471
2.296875000000,0.679687500000,0.000000003497
2.296875000000,0.703125000000,0.000000003522
2.296875000000,0.726562500000,0.000000003543
2.296875000000,0.750000000000,0.000000003564
2.296875000000,0.773437500000,0.000000003580
2.296875000000,0.796875000000,0.000000003594
2.296875000000,0.820312500000,0.000000003607
2.296875000000,0.843750000000,0.000000003618
2.296875000000,0.867187500000,0.000000003624
2.296875000000,0.890625000000,0.000000003628
2.296875000000,0.914062500000,0.000000003632
2.296875000000,0.937500000000,0.000000003633
2.296875000000,0.960937500000,0.000000003630
2.296875000000,0.984375000000,0.000000003625
2.296875000000,1.007812500000,0.000000003618
2.296875000000,1.031250000000,0.000000003610
2.296875000000,1.054687500000,0.000000003597
2.296875000000,1.078125000000,0.000000003585
2.296875000000,1.101562500000,0.000000003570
2.296875000000,1.125000000000,0.000000003553
2.296875000000,1.148437500000,0.000000003532
2.296875000000,1.171875000000,0.000000003514
2.296875000000,1.195312500000,0.000000003490
2.296875000000,1.218750000000,0.000000003463
2.296875000000,1.242187500000,0.000000003435
2.296875000000,1.265625000000,0.000000003407
2.296875000000,1.289062500000,0.000000003377
2.296875000000,1.312500000000,0.000000003348
2.296875000000,1.335937500000,0.000000003308
2.296875000000,1.359375000000,0.000000003271
2.296875000000,1.382812500000,0.000000003235
2.296875000000,1.406250000000,0.000000003200
2.296875000000,1.429687500000,0.000000003153
2.296875000000,1.453125000000,0.000000003111
2.296875000000,1.476562500000,0.000000003073
2.296875000000,1.500000000000,0.000000003021
2.296875000000,1.523437500000,0.000000002979
2.296875000000,1.546875000000,0.000000002929
2.296875000000,1.570312500000,0.000000002881
2.296875000000,1.593750000000,0.000000002830
2.296875000000,1.617187500000,0.000000002775
2.296875000000,1.640625000000,0.000000002726
2.296875000000,1.664062500000,0.000000002675
2.296875000000,1.687500000000,0.000000002615
2.296875000000,1.710937500000,0.000000002561
2.296875000000,1.734375000000,0.000000002502
2.296875000000,1.757812500000,0.000000002448
2.296875000000,1.781250000000,0.000000002390
2.296875000000,1.804687500000,0.000000002328
2.296875000000,1.828125000000,0.000000002269
2.296875000000,1.851562500000,0.000000002206
2.296875000000,1.875000000000,0.000000002145
2.296875000000,1.898437500000,0.000000002083
2.296875000000,1.921875000000,0.000000002020
2.296875000000,1.945312500000,0.000000001957
2.296875000000,1.968750000000,0.000000001893
2.296875000000,1.992187500000,0.000000001827
2.296875000000,2.015625000000,0.000000001766
2.296875000000,2.039062500000,0.000000001697
2.296875000000,2.062500000000,0.000000001633
2.296875000000,2.085937500000,0.000000001569
2.296875000000,2.109375000000,0.000000001501
2.296875000000,2.132812500000,0.000000001439
2.296875000000,2.156250000000,0.000000001368
2.296875000000,2.179687500000,0.000000001305
2.296875000000,2.203125000000,0.000000001241
2.296875000000,2.226562500000,0.000000001172
2.296875000000,2.250000000000,0.000000001104
2.296875000000,2.273437500000,0.000000001043
2.296875000000,2.296875000000,0.000000000974
2.296875000000,2.320312500000,0.000000000907
2.296875000000,2.343750000000,0.000000000846
2.296875000000,2.367187500000,0.000000000775
2.296875000000,2.390625000000,0.000000000713
2.296875000000,2.414062500000,0.000000000650
2.296875000000,2.437500000000,0.000000000580
2.296875000000,2.460937500000,0.000000000524
2.296875000000,2.484375000000,0.000000000456
2.296875000000,2.507812500000,0.000000000396
2.296875000000,2.531250000000,0.000000000333
2.296875000000,2.554687500000,0.000000000270
2.296875000000,2.578125000000,0.000000000211
2.296875000000,2.601562500000,0.000000000146
2.296875000000,2.625000000000,0.000000000088
2.296875000000,2.648437500000,0.000000000031
2.296875000000,2.671875000000,-0.000000000030
2.296875000000,2.695312500000,-0.000000000086
2.296875000000,2.718750000000,-0.000000000142
2.296875000000,2.742187500000,-0.000000000202
2.296875000000,2.765625000000,-0.000000000256
2.296875000000,2.789062500000,-0.000000000309
2.296875000000,2.812500000000,-0.000000000365
2.296875000000,2.835937500000,-0.000000000417
2.296875000000,2.859375000000,-0.000000000471
2.296875000000,2.882812500000,-0.000000000522
2.296875000000,2.906250000000,-0.000000000571
2.296875000000,2.929687500000,-0.000000000620
2.296875000000,2.953125000000,-0.000000000671
2.296875000000,2.976562500000,-0.000000000714
2.296875000000,3.000000000000,0.000000000000
2.320312500000,0.000000000000,0.000000000000
2.320312500000,0.023437500000,0.000000001696
2.320312500000,0.046875000000,0.000000001786
2.320312500000,0.070312500000,0.000000001874
2.320312500000,0.093750000000,0.000000001960
2.320312500000,0.117187500000,0.000000002044
2.320312500000,0.140625000000,0.000000002126
2.320312500000,0.164062500000,0.000000002207
2.320312500000,0.187500000000,0.000000002282
2.320312500000,0.210937500000,0.000000002357
2.320312500000,0.234375000000,0.000000002428
2.320312500000,0.257812500000,0.000000002498
2.320312500000,0.281250000000,0.000000002565
2.320312500000,0.304687500000,0.000000002632
2.320312500000,0.328125000000,0.000000002693
2.320312500000,0.351562500000,0.000000002753
2.320312500000,0.375000000000,0.000000002811
2.320312500000,0.398437500000,0.000000002867
2.320312500000,0.421875000000,0.000000002918
2.320312500000,0.445312500000,0.000000002968
2.320312500000,0.468750000000,0.000000003012
2.320312500000,0.492187500000,0.000000003064
2.320312500000,0.515625000000,0.000000003100
2.320312500000,0.539062500000,0.000000003140
2.320312500000,0.562500000000,0.000000003181
2.320312500000,0.585937500000,0.000000003215
2.320312500000,0.609375000000,0.000000003248
2.320312500000,0.632812500000,0.000000003277
2.320312500000,0.656250000000,0.000000003304
2.320312500000,0.679687500000,0.000000003331
2.320312500000,0.703125000000,0.000000003354
2.320312500000,0.726562500000,0.000000003374
2.320312500000,0.750000000000,0.000000003390
2.320312500000,0.773437500000,0.000000003406
2.320312500000,0.796875000000,0.000000003421
2.320312500000,0.820312500000,0.000000003432
2.320312500000,0.843750000000,0.000000003440
2.320312500000,0.867187500000,0.000000003446
2.320312500000,0.890625000000,0.000000003451
2.320312500000,0.914062500000,0.000000003453
2.320312500000,0.937500000000,0.000000003451
2.320312500000,0.960937500000,0.000000003450
2.320312500000,0.984375000000,0.000000003446
2.320312500000,1.007812500000,0.000000003441
2.320312500000,1.031250000000,0.000000003428
2.320312500000,1.054687500000,0.000000003420
2.320312500000,1.078125000000,0.000000003405
2.320312500000,1.101562500000,0.000000003389
2.320312500000,1.125000000000,0.000000003375
2.320312500000,1.148437500000,0.000000003354
2.320312500000,1.171875000000,0.000000003331
2.320312500000,1.195312500000,0.000000003311
2.320312500000,1.218750000000,0.000000003286
2.320312500000,1.242187500000,0.000000003261
2.320312500000,1.265625000000,0.000000003232
2.320312500000,1.289062500000,0.000000003203
2.320312500000,1.312500000000,0.000000003169
2.320312500000,1.335937500000,0.000000003138
2.320312500000,1.359375000000,0.000000003104
2.320312500000,1.382812500000,0.000000003065
2.320312500000,1.406250000000,0.000000003028
2.320312500000,1.429687500000,0.000000002991
2.320312500000,1.453125000000,0.000000002945
2.320312500000,1.476562500000,0.000000002910
2.320312500000,1.500000000000,0.000000002865
2.320312500000,1.523437500000,0.000000002817
2.320312500000,1.546875000000,0.000000002775
2.320312500000,1.570312500000,0.000000002725
2.320312500000,1.593750000000,0.000000002674
2.320312500000,1.617187500000,0.000000002627
2.320312500000,1.640625000000,0.000000002575
2.320312500000,1.664062500000,0.000000002526
2.320312500000,1.687500000000,0.000000002475
2.320312500000,1.710937500000,0.000000002419
2.320312500000,1.734375000000,0.000000002364
2.320312500000,1.757812500000,0.000000002310
2.320312500000,1.781250000000,0.000000002255
2.320312500000,1.804687500000,0.000000002197
2.320312500000,1.828125000000,0.000000002141
2.320312500000,1.851562500000,0.000000002081
2.320312500000,1.875000000000,0.000000002024
2.320312500000,1.898437500000,0.000000001962
2.320312500000,1.921875000000,0.000000001904
2.320312500000,1.945312500000,0.000000001844
2.320312500000,1.968750000000,0.000000001782
2.320312500000,1.992187500000,0.000000001723
2.320312500000,2.015625000000,0.000000001659
2.320312500000,2.039062500000,0.000000001598
2.320312500000,2.062500000000,0.000000001536
2.320312500000,2.085937500000,0.000000001475
2.320312500000,2.109375000000,0.000000001411
2.320312500000,2.132812500000,0.000000001349
2.320312500000,2.156250000000,0.000000001285
2.320312500000,2.179687500000,0.000000001223
2.320312500000,2.203125000000,0.000000001159
2.320312500000,2.226562500000,0.000000001098
2.320312500000,2.250000000000,0.000000001036
2.320312500000,2.273437500000,0.000000000972
2.320312500000,2.296875000000,0.000000000910
2.320312500000,2.320312500000,0.000000000851
2.320312500000,2.343750000000,0.000000000784
2.320312500000,2.367187500000,0.000000000725
2.320312500000,2.390625000000,0.000000000661
2.320312500000,2.414062500000,0.000000000599
2.320312500000,2.437500000000,0.000000000536
2.320312500000,2.460937500000,0.000000000480
2.320312500000,2.484375000000,0.000000000418
2.320312500000,2.507812500000,0.000000000355
2.320312500000,2.531250000000,0.000000000299
2.320312500000,2.554687500000,0.000000000240
2.320312500000,2.578125000000,0.000000000185
2.320312500000,2.601562500000,0.000000000127
2.320312500000,2.625000000000,0.000000000069
2.320312500000,2.648437500000,0.000000000012
2.320312500000,2.671875000000,-0.000000000045
2.320312500000,2.695312500000,-0.000000000099
2.320312500000,2.718750000000,-0.000000000152
2.320312500000,2.742187500000,-0.000000000204
2.320312500000,2.765625000000,-0.000000000259
2.320312500000,2.789062500000,-0.000000000311
2.320312500000,2.812500000000,-0.000000000360
2.320312500000,2.835937500000,-0.000000000411
2.320312500000,2.859375000000,-0.000000000459
2.320312500000,2.882812500000,-0.000000000509
2.320312500000,2.906250000000,-0.000000000556
2.320312500000,2.929687500000,-0.000000000602
2.320312500000,2.953125000000,-0.000000000647
2.320312500000,2.976562500000,-0.000000000692
2.320312500000,3.000000000000,0.000000000000
2.343750000000,0.000000000000,0.000000000000
2.343750000000,0.023437500000,0.000000001635
2.343750000000,0.046875000000,0.000000001719
2.343750000000,0.070312500000,0.000000001805
2.343750000000,0.093750000000,0.000000001885
2.343750000000,0.117187500000,0.000000001963
2.343750000000,0.140625000000,0.000000002040
2.343750000000,0.164062500000,0.000000002111
2.343750000000,0.187500000000,0.000000002186
2.343750000000,0.210937500000,0.000000002259
2.343750000000,0.234375000000,0.000000002323
2.343750000000,0.257812500000,0.000000002390
2.343750000000,0.281250000000,0.000000002449
2.343750000000,0.304687500000,0.000000002510
2.343750000000,0.328125000000,0.000000002572
2.343750000000,0.351562500000,0.000000002628
2.343750000000,0.375000000000,0.000000002681
2.343750000000,0.398437500000,0.000000002730
2.343750000000,0.421875000000,0.000000002784
2.343750000000,0.445312500000,0.000000002828
2.343750000000,0.468750000000,0.000000002872
2.343750000000,0.492187500000,0.000000002914
2.343750000000,0.515625000000,0.000000002952
2.343750000000,0.539062500000,0.000000002990
2.343750000000,0.562500000000,0.000000003022
2.343750000000,0.585937500000,0.000000003059
2.343750000000,0.609375000000,0.000000003086
2.343750000000,0.632812500000,0.000000003115
2.343750000000,0.656250000000,0.000000003142
2.343750000000,0.679687500000,0.000000003163
2.343750000000,0.703125000000,0.000000003185
2.343750000000,0.726562500000,0.000000003204
2.343750000000,0.750000000000,0.000000003221
2.343750000000,0.773437500000,0.000000003236
2.343750000000,0.796875000000,0.000000003245
2.343750000000,0.820312500000,0.000000003258
2.343750000000,0.843750000000,0.000000003264
2.343750000000,0.867187500000,0.000000003270
2.343750000000,0.890625000000,0.000000003274
2.343750000000,0.914062500000,0.000000003273
2.343750000000,0.937500000000,0.000000003273
2.343750000000,0.960937500000,0.000000003270
2.343750000000,0.984375000000,0.000000003265
2.343750000000,1.007812500000,0.000000003256
2.343750000000,1.031250000000,0.000000003249
2.343750000000,1.054687500000,0.000000003236
2.343750000000,1.078125000000,0.000000003226
2.343750000000,1.101562500000,0.000000003209
2.343750000000,1.125000000000,0.000000003192
2.343750000000,1.148437500000,0.000000003174
2.343750000000,1.171875000000,0.000000003157
2.343750000000,1.195312500000,0.000000003131
2.343750000000,1.218750000000,0.000000003107
2.343750000000,1.242187500000,0.000000003082
2.343750000000,1.265625000000,0.000000003055
2.343750000000,1.289062500000,0.000000003030
2.343750000000,1.312500000000,0.000000002993
2.343750000000,1.335937500000,0.000000002962
2.343750000000,1.359375000000,0.000000002931
2.343750000000,1.382812500000,0.000000002897
2.343750000000,1.406250000000,0.000000002861
2.343750000000,1.429687500000,0.000000002819
2.343750000000,1.453125000000,0.000000002790
2.343750000000,1.476562500000,0.000000002743
2.343750000000,1.500000000000,0.000000002700
2.343750000000,1.523437500000,0.000000002657
2.343750000000,1.546875000000,0.000000002618
2.343750000000,1.570312500000,0.000000002569
2.343750000000,1.593750000000,0.000000002524
2.343750000000,1.617187500000,0.000000002481
2.343750000000,1.640625000000,0.000000002426
2.343750000000,1.664062500000,0.000000002378
2.343750000000,1.687500000000,0.000000002331
2.343750000000,1.710937500000,0.000000002281
2.343750000000,1.734375000000,0.000000002229
2.343750000000,1.757812500000,0.000000002172
2.343750000000,1.781250000000,0.000000002122
2.343750000000,1.804687500000,0.000000002065
2.343750000000,1.828125000000,0.000000002013
2.343750000000,1.851562500000,0.000000001956
2.343750000000,1.875000000000,0.000000001902
2.343750000000,1.898437500000,0.000000001845
2.343750000000,1.921875000000,0.000000001787
2.343750000000,1.945312500000,0.000000001731
2.343750000000,1.968750000000,0.000000001672
2.343750000000,1.992187500000,0.000000001615
2.343750000000,2.015625000000,0.000000001555
2.343750000000,2.039062500000,0.000000001498
2.343750000000,2.062500000000,0.000000001438
2.343750000000,2.085937500000,0.000000001378
2.343750000000,2.109375000000,0.000000001320
2.343750000000,2.132812500000,0.000000001260
2.343750000000,2.156250000000,0.000000001201
2.343750000000,2.179687500000,0.000000001142
2.343750000000,2.203125000000,0.000000001083
2.343750000000,2.226562500000,0.000000001024
2.343750000000,2.250000000000,0.000000000963
2.343750000000,2.273437500000,0.000000000901
2.343750000000,2.296875000000,0.000000000841
2.343750000000,2.320312500000,0.000000000782
2.343750000000,2.343750000000,0.000000000728
2.343750000000,2.367187500000,0.000000000665
2.343750000000,2.390625000000,0.000000000613
2.343750000000,2.414062500000,0.000000000551
2.343750000000,2.437500000000,0.000000000495
2.343750000000,2.460937500000,0.000000000435
2.343750000000,2.484375000000,0.000000000381
2.343750000000,2.507812500000,0.000000000322
2.343750000000,2.531250000000,0.000000000268
2.343750000000,2.554687500000,0.000000000209
2.343750000000,2.578125000000,0.000000000158
2.343750000000,2.601562500000,0.000000000103
2.343750000000,2.625000000000,0.000000000047
2.343750000000,2.648437500000,-0.000000000005
2.343750000000,2.671875000000,-0.000000000057
2.343750000000,2.695312500000,-0.000000000105
2.343750000000,2.718750000000,-0.000000000162
2.343750000000,2.742187500000,-0.000000000211
2.343750000000,2.765625000000,-0.000000000259
2.343750000000,2.789062500000,-0.000000000307
2.343750000000,2.812500000000,-0.000000000358
2.343750000000,2.835937500000,-0.000000000404
2.343750000000,2.859375000000,-0.000000000452
2.343750000000,2.882812500000,-0.000000000496
2.343750000000,2.906250000000,-0.000000000541
2.343750000000,2.929687500000,-0.000000000586
2.343750000000,2.953125000000,-0.000000000628
2.343750000000,2.976562500000,-0.000000000670
2.343750000000,3.000000000000,0.000000000000
2.367187500000,0.000000000000,0.000000000000
2.367187500000,0.023437500000,0.000000001572
2.367187500000,0.046875000000,0.000000001653
2.367187500000,0.070312500000,0.000000001731
2.367187500000,0.093750000000,0.000000001807
2.367187500000,0.117187500000,0.000000001880
2.367187500000,0.140625000000,0.000000001952
2.367187500000,0.164062500000,0.000000002022
2.367187500000,0.187500000000,0.000000002089
2.367187500000,0.210937500000,0.000000002155
2.367187500000,0.234375000000,0.000000002219
2.367187500000,0.257812500000,0.000000002278
2.367187500000,0.281250000000,0.000000002339
2.367187500000,0.304687500000,0.000000002391
2.367187500000,0.328125000000,0.000000002449
2.367187500000,0.351562500000,0.000000002500
2.367187500000,0.375000000000,0.000000002555
2.367187500000,0.398437500000,0.000000002596
2.367187500000,0.421875000000,0.000000002644
2.367187500000,0.445312500000,0.000000002690
2.367187500000,0.468750000000,0.000000002732
2.367187500000,0.492187500000,0.000000002768
2.367187500000,0.515625000000,0.000000002810
2.367187500000,0.539062500000,0.000000002835
2.367187500000,0.562500000000,0.000000002872
2.367187500000,0.585937500000,0.000000002903
2.367187500000,0.609375000000,0.000000002928
2.367187500000,0.632812500000,0.000000002957
2.367187500000,0.656250000000,0.000000002976
2.367187500000,0.679687500000,0.000000003004
2.367187500000,0.703125000000,0.000000003018
2.367187500000,0.726562500000,0.000000003038
2.367187500000,0.750000000000,0.000000003051
2.367187500000,0.773437500000,0.000000003062
2.367187500000,0.796875000000,0.000000003074
2.367187500000,0.820312500000,0.000000003082
2.367187500000,0.843750000000,0.000000003089
2.367187500000,0.867187500000,0.000000003094
2.367187500000,0.890625000000,0.000000003095
2.367187500000,0.914062500000,0.000000003095
2.367187500000,0.937500000000,0.000000003094
2.367187500000,0.960937500000,0.000000003092
2.367187500000,0.984375000000,0.000000003085
2.367187500000,1.007812500000,0.000000003078
2.367187500000,1.031250000000,0.000000003068
2.367187500000,1.054687500000,0.000000003057
2.367187500000,1.078125000000,0.000000003045
2.367187500000,1.101562500000,0.000000003031
2.367187500000,1.125000000000,0.000000003010
2.367187500000,1.148437500000,0.000000002998
2.367187500000,1.171875000000,0.000000002975
2.367187500000,1.195312500000,0.000000002957
2.367187500000,1.218750000000,0.000000002931
2.367187500000,1.242187500000,0.000000002907
2.367187500000,1.265625000000,0.000000002877
2.367187500000,1.289062500000,0.000000002853
2.367187500000,1.312500000000,0.000000002826
2.367187500000,1.335937500000,0.000000002795
2.367187500000,1.359375000000,0.000000002760
2.367187500000,1.382812500000,0.000000002727
2.367187500000,1.406250000000,0.000000002694
2.367187500000,1.429687500000,0.000000002658
2.367187500000,1.453125000000,0.000000002617
2.367187500000,1.476562500000,0.000000002579
2.367187500000,1.500000000000,0.000000002541
2.367187500000,1.523437500000,0.000000002500
2.367187500000,1.546875000000,0.000000002459
2.367187500000,1.570312500000,0.000000002417
2.367187500000,1.593750000000,0.000000002373
2.367187500000,1.617187500000,0.000000002325
2.367187500000,1.640625000000,0.000000002282
2.367187500000,1.664062500000,0.000000002234
2.367187500000,1.687500000000,0.000000002183
2.367187500000,1.710937500000,0.000000002138
2.367187500000,1.734375000000,0.000000002089
2.367187500000,1.757812500000,0.000000002037
2.367187500000,1.781250000000,0.000000001987
2.367187500000,1.804687500000,0.000000001937
2.367187500000,1.828125000000,0.000000001883
2.367187500000,1.851562500000,0.000000001831
2.367187500000,1.875000000000,0.000000001778
2.367187500000,1.898437500000,0.000000001725
2.367187500000,1.921875000000,0.000000001672
2.367187500000,1.945312500000,0.000000001616
2.367187500000,1.968750000000,0.000000001563
2.367187500000,1.992187500000,0.000000001507
2.367187500000,2.015625000000,0.000000001452
2.367187500000,2.039062500000,0.000000001396
2.367187500000,2.062500000000,0.000000001340
2.367187500000,2.085937500000,0.000000001285
2.367187500000,2.109375000000,0.000000001228
2.367187500000,2.132812500000,0.000000001172
2.367187500000,2.156250000000,0.000000001117
2.367187500000,2.179687500000,0.000000001058
2.367187500000,2.203125000000,0.000000001002
2.367187500000,2.226562500000,0.000000000946
2.367187500000,2.250000000000,0.000000000888
2.367187500000,2.273437500000,0.000000000835
2.367187500000,2.296875000000,0.000000000778
2.367187500000,2.320312500000,0.000000000725
2.367187500000,2.343750000000,0.000000000669
2.367187500000,2.367187500000,0.000000000616
2.367187500000,2.390625000000,0.000000000554
2.367187500000,2.414062500000,0.000000000499
2.367187500000,2.437500000000,0.000000000451
2.367187500000,2.460937500000,0.000000000393
2.367187500000,2.484375000000,0.000000000340
2.367187500000,2.507812500000,0.000000000285
2.367187500000,2.531250000000,0.000000000235
2.367187500000,2.554687500000,0.000000000187
2.367187500000,2.578125000000,0.000000000131
2.367187500000,2.601562500000,0.000000000078
2.367187500000,2.625000000000,0.000000000029
2.367187500000,2.648437500000,-0.000000000021
2.367187500000,2.671875000000,-0.000000000072
2.367187500000,2.695312500000,-0.000000000121
2.367187500000,2.718750000000,-0.000000000171
2.367187500000,2.742187500000,-0.000000000214
2.367187500000,2.765625000000,-0.000000000260
2.367187500000,2.789062500000,-0.000000000308
2.367187500000,2.812500000000,-0.000000000353
2.367187500000,2.835937500000,-0.000000000398
2.367187500000,2.859375000000,-0.000000000440
2.367187500000,2.882812500000,-0.000000000486
2.367187500000,2.906250000000,-0.000000000526
2.367187500000,2.929687500000,-0.000000000568
2.367187500000,2.953125000000,-0.000000000607
2.367187500000,2.976562500000,-0.000000000648
2.367187500000,3.000000000000,0.000000000000
2.390625000000,0.000000000000,0.000000000000
2.390625000000,0.023437500000,0.000000001512
2.390625000000,0.046875000000,0.000000001588
2.390625000000,0.070312500000,0.000000001658
2.390625000000,0.093750000000,0.000000001730
2.390625000000,0.117187500000,0.000000001800
2.390625000000,0.140625000000,0.000000001865
2.390625000000,0.164062500000,0.000000001931
2.390625000000,0.187500000000,0.000000001995
2.390625000000,0.210937500000,0.000000002055
2.390625000000,0.234375000000,0.000000002114
2.390625000000,0.257812500000,0.000000002169
2.390625000000,0.281250000000,0.000000002224
2.390625000000,0.304687500000,0.000000002277
2.390625000000,0.328125000000,0.000000002329
2.390625000000,0.351562500000,0.000000002374
2.390625000000,0.375000000000,0.000000002423
2.390625000000,0.398437500000,0.000000002471
2.390625000000,0.421875000000,0.000000002506
2.390625000000,0.445312500000,0.000000002547
2.390625000000,0.468750000000,0.000000002586
2.390625000000,0.492187500000,0.000000002620
2.390625000000,0.515625000000,0.000000002656
2.390625000000,0.539062500000,0.000000002689
2.390625000000,0.562500000000,0.000000002716
2.390625000000,0.585937500000,0.000000002743
2.390625000000,0.609375000000,0.000000002769
2.390625000000,0.632812500000,0.000000002794
2.390625000000,0.656250000000,0.000000002816
2.390625000000,0.679687500000,0.000000002831
2.390625000000,0.703125000000,0.000000002854
2.390625000000,0.726562500000,0.000000002864
2.390625000000,0.750000000000,0.000000002878
2.390625000000,0.773437500000,0.000000002892
2.390625000000,0.796875000000,0.000000002899
2.390625000000,0.820312500000,0.000000002909
2.390625000000,0.843750000000,0.000000002912
2.390625000000,0.867187500000,0.000000002915
2.390625000000,0.890625000000,0.000000002918
2.390625000000,0.914062500000,0.000000002917
2.390625000000,0.937500000000,0.000000002915
2.390625000000,0.960937500000,0.000000002909
2.390625000000,0.984375000000,0.000000002905
2.390625000000,1.007812500000,0.000000002897
2.390625000000,1.031250000000,0.000000002887
2.390625000000,1.054687500000,0.000000002878
2.390625000000,1.078125000000,0.000000002864
2.390625000000,1.101562500000,0.000000002848
2.390625000000,1.125000000000,0.000000002837
2.390625000000,1.148437500000,0.000000002814
2.390625000000,1.171875000000,0.000000002798
2.390625000000,1.195312500000,0.000000002774
2.390625000000,1.218750000000,0.000000002752
2.390625000000,1.242187500000,0.000000002728
2.390625000000,1.265625000000,0.000000002708
2.390625000000,1.289062500000,0.000000002678
2.390625000000,1.312500000000,0.000000002645
2.390625000000,1.335937500000,0.000000002623
2.390625000000,1.359375000000,0.000000002589
2.390625000000,1.382812500000,0.000000002557
2.390625000000,1.406250000000,0.000000002525
2.390625000000,1.429687500000,0.000000002489
2.390625000000,1.453125000000,0.000000002455
2.390625000000,1.476562500000,0.000000002420
2.390625000000,1.500000000000,0.000000002379
2.390625000000,1.523437500000,0.000000002337
2.390625000000,1.546875000000,0.000000002302
2.390625000000,1.570312500000,0.000000002259
2.390625000000,1.593750000000,0.000000002220
2.390625000000,1.617187500000,0.000000002177
2.390625000000,1.640625000000,0.000000002131
2.390625000000,1.664062500000,0.000000002087
2.390625000000,1.687500000000,0.000000002044
2.390625000000,1.710937500000,0.000000001997
2.390625000000,1.734375000000,0.000000001948
2.390625000000,1.757812500000,0.000000001901
2.390625000000,1.781250000000,0.000000001855
2.390625000000,1.804687500000,0.000000001807
2.390625000000,1.828125000000,0.000000001760
2.390625000000,1.851562500000,0.000000001709
2.390625000000,1.875000000000,0.000000001657
2.390625000000,1.898437500000,0.000000001607
2.390625000000,1.921875000000,0.000000001556
2.390625000000,1.945312500000,0.000000001504
2.390625000000,1.968750000000,0.000000001454
2.390625000000,1.992187500000,0.000000001400
2.390625000000,2.015625000000,0.000000001350
2.390625000000,2.039062500000,0.000000001295
2.390625000000,2.062500000000,0.000000001244
2.390625000000,2.085937500000,0.000000001191
2.390625000000,2.109375000000,0.000000001138
2.390625000000,2.132812500000,0.000000001084
2.390625000000,2.156250000000,0.000000001031
2.390625000000,2.179687500000,0.000000000978
2.390625000000,2.203125000000,0.000000000925
2.390625000000,2.226562500000,0.000000000871
2.390625000000,2.250000000000,0.000000000821
2.390625000000,2.273437500000,0.000000000768
2.390625000000,2.296875000000,0.000000000714
2.390625000000,2.320312500000,0.000000000661
2.390625000000,2.343750000000,0.000000000609
2.390625000000,2.367187500000,0.000000000554
2.390625000000,2.390625000000,0.000000000506
2.390625000000,2.414062500000,0.000000000452
2.390625000000,2.437500000000,0.000000000403
2.390625000000,2.460937500000,0.000000000354
2.390625000000,2.484375000000,0.000000000300
2.390625000000,2.507812500000,0.000000000250
2.390625000000,2.531250000000,0.000000000207
2.390625000000,2.554687500000,0.000000000150
2.390625000000,2.578125000000,0.000000000101
2.390625000000,2.601562500000,0.000000000058
2.390625000000,2.625000000000,0.000000000010
2.390625000000,2.648437500000,-0.000000000037
2.390625000000,2.671875000000,-0.000000000091
2.390625000000,2.695312500000,-0.000000000127
2.390625000000,2.718750000000,-0.000000000172
2.390625000000,2.742187500000,-0.000000000222
2.390625000000,2.765625000000,-0.000000000265
2.390625000000,2.789062500000,-0.000000000308
2.390625000000,2.812500000000,-0.000000000348
2.390625000000,2.835937500000,-0.000000000390
2.390625000000,2.859375000000,-0.000000000431
2.390625000000,2.882812500000,-0.000000000470
2.390625000000,2.906250000000,-0.000000000509
2.390625000000,2.929687500000,-0.000000000549
2.390625000000,2.953125000000,-0.000000000587
2.390625000000,2.976562500000,-0.000000000625
2.390625000000,3.000000000000,0.000000000000
2.414062500000,0.000000000000,0.000000000000
2.414062500000,0.023437500000,0.000000001450
2.414062500000,0.046875000000,0.000000001519
2.414062500000,0.070312500000,0.000000001586
2.414062500000,0.093750000000,0.000000001652
2.414062500000,0.117187500000,0.000000001718
2.414062500000,0.140625000000,0.000000001779
2.414062500000,0.164062500000,0.000000001840
2.414062500000,0.187500000000,0.000000001895
2.414062500000,0.210937500000,0.000000001954
2.414062500000,0.234375000000,0.000000002006
2.414062500000,0.257812500000,0.000000002061
2.414062500000,0.281250000000,0.000000002108
2.414062500000,0.304687500000,0.000000002160
2.414062500000,0.328125000000,0.000000002207
2.414062500000,0.351562500000,0.000000002252
2.414062500000,0.375000000000,0.000000002290
2.414062500000,0.398437500000,0.000000002332
2.414062500000,0.421875000000,0.000000002373
2.414062500000,0.445312500000,0.000000002407
2.414062500000,0.468750000000,0.000000002445
2.414062500000,0.492187500000,0.000000002480
2.414062500000,0.515625000000,0.000000002505
2.414062500000,0.539062500000,0.000000002538
2.414062500000,0.562500000000,0.000000002566
2.414062500000,0.585937500000,0.000000002591
2.414062500000,0.609375000000,0.000000002609
2.414062500000,0.632812500000,0.000000002634
2.414062500000,0.656250000000,0.000000002652
2.414062500000,0.679687500000,0.000000002669
2.414062500000,0.703125000000,0.000000002683
2.414062500000,0.726562500000,0.000000002701
2.414062500000,0.750000000000,0.000000002709
2.414062500000,0.773437500000,0.000000002718
2.414062500000,0.796875000000,0.000000002724
2.414062500000,0.820312500000,0.000000002732
2.414062500000,0.843750000000,0.000000002738
2.414062500000,0.867187500000,0.000000002740
2.414062500000,0.890625000000,0.000000002740
2.414062500000,0.914062500000,0.000000002739
2.414062500000,0.937500000000,0.000000002737
2.414062500000,0.960937500000,0.000000002731
2.414062500000,0.984375000000,0.000000002725
2.414062500000,1.007812500000,0.000000002718
2.414062500000,1.031250000000,0.000000002708
2.414062500000,1.054687500000,0.000000002696
2.414062500000,1.078125000000,0.000000002685
2.414062500000,1.101562500000,0.000000002670
2.414062500000,1.125000000000,0.000000002655
2.414062500000,1.148437500000,0.000000002635
2.414062500000,1.171875000000,0.000000002619
2.414062500000,1.195312500000,0.000000002599
2.414062500000,1.218750000000,0.000000002575
2.414062500000,1.242187500000,0.000000002554
2.414062500000,1.265625000000,0.000000002531
2.414062500000,1.289062500000,0.000000002502
2.414062500000,1.312500000000,0.000000002477
2.414062500000,1.335937500000,0.000000002448
2.414062500000,1.359375000000,0.000000002420
2.414062500000,1.382812500000,0.000000002385
2.414062500000,1.406250000000,0.000000002357
2.414062500000,1.429687500000,0.000000002325
2.414062500000,1.453125000000,0.000000002290
2.414062500000,1.476562500000,0.000000002258
2.414062500000,1.500000000000,0.000000002218
2.414062500000,1.523437500000,0.000000002186
2.414062500000,1.546875000000,0.000000002146
2.414062500000,1.570312500000,0.000000002107
2.414062500000,1.593750000000,0.000000002067
2.414062500000,1.617187500000,0.000000002026
2.414062500000,1.640625000000,0.000000001986
2.414062500000,1.664062500000,0.000000001940
2.414062500000,1.687500000000,0.000000001899
2.414062500000,1.710937500000,0.000000001856
2.414062500000,1.734375000000,0.000000001811
2.414062500000,1.757812500000,0.000000001767
2.414062500000,1.781250000000,0.000000001723
2.414062500000,1.804687500000,0.000000001674
2.414062500000,1.828125000000,0.000000001630
2.414062500000,1.851562500000,0.000000001584
2.414062500000,1.875000000000,0.000000001535
2.414062500000,1.898437500000,0.000000001490
2.414062500000,1.921875000000,0.000000001441
2.414062500000,1.945312500000,0.000000001393
2.414062500000,1.968750000000,0.000000001343
2.414062500000,1.992187500000,0.000000001295
2.414062500000,2.015625000000,0.000000001244
2.414062500000,2.039062500000,0.000000001197
2.414062500000,2.062500000000,0.000000001145
2.414062500000,2.085937500000,0.000000001099
2.414062500000,2.109375000000,0.000000001047
2.414062500000,2.132812500000,0.000000000997
2.414062500000,2.156250000000,0.000000000946
2.414062500000,2.179687500000,0.000000000900
2.414062500000,2.203125000000,0.000000000848
2.414062500000,2.226562500000,0.000000000797
2.414062500000,2.250000000000,0.000000000751
2.414062500000,2.273437500000,0.000000000698
2.414062500000,2.296875000000,0.000000000652
2.414062500000,2.320312500000,0.000000000598
2.414062500000,2.343750000000,0.000000000550
2.414062500000,2.367187500000,0.000000000503
2.414062500000,2.390625000000,0.000000000454
2.414062500000,2.414062500000,0.000000000408
2.414062500000,2.437500000000,0.000000000357
2.414062500000,2.460937500000,0.000000000309
2.414062500000,2.484375000000,0.000000000263
2.414062500000,2.507812500000,0.000000000216
2.414062500000,2.531250000000,0.000000000171
2.414062500000,2.554687500000,0.000000000126
2.414062500000,2.578125000000,0.000000000075
2.414062500000,2.601562500000,0.000000000034
2.414062500000,2.625000000000,-0.000000000012
2.414062500000,2.648437500000,-0.000000000053
2.414062500000,2.671875000000,-0.000000000096
2.414062500000,2.695312500000,-0.000000000141
2.414062500000,2.718750000000,-0.000000000185
2.414062500000,2.742187500000,-0.000000000223
2.414062500000,2.765625000000,-0.000000000265
2.414062500000,2.789062500000,-0.000000000304
2.414062500000,2.812500000000,-0.000000000345
2.414062500000,2.835937500000,-0.000000000385
2.414062500000,2.859375000000,-0.000000000422
2.414062500000,2.882812500000,-0.000000000459
2.414062500000,2.906250000000,-0.000000000496
2.414062500000,2.929687500000,-0.000000000531
2.414062500000,2.953125000000,-0.000000000566
2.414062500000,2.976562500000,-0.000000000600
2.414062500000,3.000000000000,0.000000000000
2.437500000000,0.000000000000,0.000000000000
2.437500000000,0.023437500000,0.000000001389
2.437500000000,0.046875000000,0.000000001452
2.437500000000,0.070312500000,0.000000001515
2.437500000000,0.093750000000,0.000000001576
2.437500000000,0.117187500000,0.000000001634
2.437500000000,0.140625000000,0.000000001693
2.437500000000,0.164062500000,0.000000001745
2.437500000000,0.187500000000,0.000000001801
2.437500000000,0.210937500000,0.000000001849
2.437500000000,0.234375000000,0.000000001903
2.437500000000,0.257812500000,0.000000001950
2.437500000000,0.281250000000,0.000000001999
2.437500000000,0.304687500000,0.000000002040
2.437500000000,0.328125000000,0.000000002086
2.437500000000,0.351562500000,0.000000002125
2.437500000000,0.375000000000,0.000000002164
2.437500000000,0.398437500000,0.000000002199
2.437500000000,0.421875000000,0.000000002234
2.437500000000,0.445312500000,0.000000002273
2.437500000000,0.468750000000,0.000000002300
2.437500000000,0.492187500000,0.000000002330
2.437500000000,0.515625000000,0.000000002360
2.437500000000,0.539062500000,0.000000002382
2.437500000000,0.562500000000,0.000000002414
2.437500000000,0.585937500000,0.000000002435
2.437500000000,0.609375000000,0.000000002453
2.437500000000,0.632812500000,0.000000002471
2.437500000000,0.656250000000,0.000000002490
2.437500000000,0.679687500000,0.000000002502
2.437500000000,0.703125000000,0.000000002513
2.437500000000,0.726562500000,0.000000002531
2.437500000000,0.750000000000,0.000000002540
2.437500000000,0.773437500000,0.000000002549
2.437500000000,0.796875000000,0.000000002557
2.437500000000,0.820312500000,0.000000002558
2.437500000000,0.843750000000,0.000000002559
2.437500000000,0.867187500000,0.000000002563
2.437500000000,0.890625000000,0.000000002562
2.437500000000,0.914062500000,0.000000002561
2.437500000000,0.937500000000,0.000000002559
2.437500000000,0.960937500000,0.000000002553
2.437500000000,0.984375000000,0.000000002547
2.437500000000,1.007812500000,0.000000002538
2.437500000000,1.031250000000,0.000000002529
2.437500000000,1.054687500000,0.000000002517
2.437500000000,1.078125000000,0.000000002505
2.437500000000,1.101562500000,0.000000002491
2.437500000000,1.125000000000,0.000000002474
2.437500000000,1.148437500000,0.000000002459
2.437500000000,1.171875000000,0.000000002440
2.437500000000,1.195312500000,0.000000002419
2.437500000000,1.218750000000,0.000000002399
2.437500000000,1.242187500000,0.000000002383
2.437500000000,1.265625000000,0.000000002352
2.437500000000,1.289062500000,0.000000002332
2.437500000000,1.312500000000,0.000000002306
2.437500000000,1.335937500000,0.000000002272
2.437500000000,1.359375000000,0.000000002252
2.437500000000,1.382812500000,0.000000002221
2.437500000000,1.406250000000,0.000000002192
2.437500000000,1.429687500000,0.000000002157
2.437500000000,1.453125000000,0.000000002129
2.437500000000,1.476562500000,0.000000002092
2.437500000000,1.500000000000,0.000000002059
2.437500000000,1.523437500000,0.000000002026
2.437500000000,1.546875000000,0.000000001987
2.437500000000,1.570312500000,0.000000001953
2.437500000000,1.593750000000,0.000000001914
2.437500000000,1.617187500000,0.000000001877
2.437500000000,1.640625000000,0.000000001835
2.437500000000,1.664062500000,0.000000001800
2.437500000000,1.687500000000,0.000000001755
2.437500000000,1.710937500000,0.000000001720
2.437500000000,1.734375000000,0.000000001677
2.437500000000,1.757812500000,0.000000001637
2.437500000000,1.781250000000,0.000000001591
2.437500000000,1.804687500000,0.000000001546
2.437500000000,1.828125000000,0.000000001503
2.437500000000,1.851562500000,0.000000001460
2.437500000000,1.875000000000,0.000000001415
2.437500000000,1.898437500000,0.000000001369
2.437500000000,1.921875000000,0.000000001325
2.437500000000,1.945312500000,0.000000001280
2.437500000000,1.968750000000,0.000000001236
2.437500000000,1.992187500000,0.000000001187
2.437500000000,2.015625000000,0.000000001143
2.437500000000,2.039062500000,0.000000001097
2.437500000000,2.062500000000,0.000000001050
2.437500000000,2.085937500000,0.000000001002
2.437500000000,2.109375000000,0.000000000957
2.437500000000,2.132812500000,0.000000000911
2.437500000000,2.156250000000,0.000000000865
2.437500000000,2.179687500000,0.000000000815
2.437500000000,2.203125000000,0.000000000770
2.437500000000,2.226562500000,0.000000000725
2.437500000000,2.250000000000,0.000000000677
2.437500000000,2.273437500000,0.000000000632
2.437500000000,2.296875000000,0.000000000580
2.437500000000,2.320312500000,0.000000000544
2.437500000000,2.343750000000,0.000000000491
2.437500000000,2.367187500000,0.000000000447
2.437500000000,2.390625000000,0.000000000402
2.437500000000,2.414062500000,0.000000000356
2.437500000000,2.437500000000,0.000000000311
2.437500000000,2.460937500000,0.000000000268
2.437500000000,2.484375000000,0.000000000222
2.437500000000,2.507812500000,0.000000000178
2.437500000000,2.531250000000,0.000000000141
2.437500000000,2.554687500000,0.000000000094
2.437500000000,2.578125000000,0.000000000055
2.437500000000,2.601562500000,0.000000000013
2.437500000000,2.625000000000,-0.000000000028
2.437500000000,2.648437500000,-0.000000000072
2.437500000000,2.671875000000,-0.000000000116
2.437500000000,2.695312500000,-0.000000000147
2.437500000000,2.718750000000,-0.000000000191
2.437500000000,2.742187500000,-0.000000000227
2.437500000000,2.765625000000,-0.000000000267
2.437500000000,2.789062500000,-0.000000000303
2.437500000000,2.812500000000,-0.000000000338
2.437500000000,2.835937500000,-0.000000000377
2.437500000000,2.859375000000,-0.000000000411
2.437500000000,2.882812500000,-0.000000000445
2.437500000000,2.906250000000,-0.000000000480
2.437500000000,2.929687500000,-0.000000000512
2.437500000000,2.953125000000,-0.000000000547
2.437500000000,2.976562500000,-0.000000000577
2.437500000000,3.000000000000,0.000000000000
2.460937500000,0.000000000000,0.000000000000
2.460937500000,0.023437500000,0.000000001327
2.460937500000,0.046875000000,0.000000001384
2.460937500000,0.070312500000,0.000000001442
2.460937500000,0.093750000000,0.000000001499
2.460937500000,0.117187500000,0.000000001551
2.460937500000,0.140625000000,0.000000001605
2.460937500000,0.164062500000,0.000000001652
2.460937500000,0.187500000000,0.000000001701
2.460937500000,0.210937500000,0.000000001752
2.460937500000,0.234375000000,0.000000001798
2.460937500000,0.257812500000,0.000000001840
2.460937500000,0.281250000000,0.000000001882
2.460937500000,0.304687500000,0.000000001923
2.460937500000,0.328125000000,0.000000001964
2.460937500000,0.351562500000,0.000000001998
2.460937500000,0.375000000000,0.000000002032
2.460937500000,0.398437500000,0.000000002070
2.460937500000,0.421875000000,0.000000002102
2.460937500000,0.445312500000,0.000000002129
2.460937500000,0.468750000000,0.000000002157
2.460937500000,0.492187500000,0.000000002185
2.460937500000,0.515625000000,0.000000002211
2.460937500000,0.539062500000,0.000000002234
2.460937500000,0.562500000000,0.000000002254
2.460937500000,0.585937500000,0.000000002275
2.460937500000,0.609375000000,0.000000002292
2.460937500000,0.632812500000,0.000000002313
2.460937500000,0.656250000000,0.000000002324
2.460937500000,0.679687500000,0.000000002337
2.460937500000,0.703125000000,0.000000002356
2.460937500000,0.726562500000,0.000000002361
2.460937500000,0.750000000000,0.000000002368
2.460937500000,0.773437500000,0.000000002374
2.460937500000,0.796875000000,0.000000002382
2.460937500000,0.820312500000,0.000000002386
2.460937500000,0.843750000000,0.000000002390
2.460937500000,0.867187500000,0.000000002388
2.460937500000,0.890625000000,0.000000002387
2.460937500000,0.914062500000,0.000000002383
2.460937500000,0.937500000000,0.000000002379
2.460937500000,0.960937500000,0.000000002375
2.460937500000,0.984375000000,0.000000002368
2.460937500000,1.007812500000,0.000000002359
2.460937500000,1.031250000000,0.000000002350
2.460937500000,1.054687500000,0.000000002339
2.460937500000,1.078125000000,0.000000002326
2.460937500000,1.101562500000,0.000000002311
2.460937500000,1.125000000000,0.000000002301
2.460937500000,1.148437500000,0.000000002279
2.460937500000,1.171875000000,0.000000002265
2.460937500000,1.195312500000,0.000000002244
2.460937500000,1.218750000000,0.000000002225
2.460937500000,1.242187500000,0.000000002199
2.460937500000,1.265625000000,0.000000002183
2.460937500000,1.289062500000,0.000000002157
2.460937500000,1.312500000000,0.000000002133
2.460937500000,1.335937500000,0.000000002108
2.460937500000,1.359375000000,0.000000002080
2.460937500000,1.382812500000,0.000000002054
2.460937500000,1.406250000000,0.000000002024
2.460937500000,1.429687500000,0.000000001994
2.460937500000,1.453125000000,0.000000001960
2.460937500000,1.476562500000,0.000000001938
2.460937500000,1.500000000000,0.000000001900
2.460937500000,1.523437500000,0.000000001868
2.460937500000,1.546875000000,0.000000001835
2.460937500000,1.570312500000,0.000000001798
2.460937500000,1.593750000000,0.000000001762
2.460937500000,1.617187500000,0.000000001731
2.460937500000,1.640625000000,0.000000001692
2.460937500000,1.664062500000,0.000000001654
2.460937500000,1.687500000000,0.000000001618
2.460937500000,1.710937500000,0.000000001575
2.460937500000,1.734375000000,0.000000001539
2.460937500000,1.757812500000,0.000000001499
2.460937500000,1.781250000000,0.000000001460
2.460937500000,1.804687500000,0.000000001420
2.460937500000,1.828125000000,0.000000001380
2.460937500000,1.851562500000,0.000000001338
2.460937500000,1.875000000000,0.000000001296
2.460937500000,1.898437500000,0.000000001256
2.460937500000,1.921875000000,0.000000001210
2.460937500000,1.945312500000,0.000000001170
2.460937500000,1.968750000000,0.000000001126
2.460937500000,1.992187500000,0.000000001083
2.460937500000,2.015625000000,0.000000001043
2.460937500000,2.039062500000,0.000000000996
2.460937500000,2.062500000000,0.000000000953
2.460937500000,2.085937500000,0.000000000912
2.460937500000,2.109375000000,0.000000000866
2.460937500000,2.132812500000,0.000000000824
2.460937500000,2.156250000000,0.000000000782
2.460937500000,2.179687500000,0.000000000735
2.460937500000,2.203125000000,0.000000000694
2.460937500000,2.226562500000,0.000000000650
2.460937500000,2.250000000000,0.000000000607
2.460937500000,2.273437500000,0.000000000561
2.460937500000,2.296875000000,0.000000000522
2.460937500000,2.320312500000,0.000000000478
2.460937500000,2.343750000000,0.000000000436
2.460937500000,2.367187500000,0.000000000394
2.460937500000,2.390625000000,0.000000000354
2.460937500000,2.414062500000,0.000000000310
2.460937500000,2.437500000000,0.000000000272
2.460937500000,2.460937500000,0.000000000225
2.460937500000,2.484375000000,0.000000000187
2.460937500000,2.507812500000,0.000000000146
2.460937500000,2.531250000000,0.000000000109
2.460937500000,2.554687500000,0.000000000069
2.460937500000,2.578125000000,0.000000000027
2.460937500000,2.601562500000,-0.000000000011
2.460937500000,2.625000000000,-0.000000000050
2.460937500000,2.648437500000,-0.000000000084
2.460937500000,2.671875000000,-0.000000000124
2.460937500000,2.695312500000,-0.000000000161
2.460937500000,2.718750000000,-0.000000000196
2.460937500000,2.742187500000,-0.000000000231
2.460937500000,2.765625000000,-0.000000000265
2.460937500000,2.789062500000,-0.000000000305
2.460937500000,2.812500000000,-0.000000000332
2.460937500000,2.835937500000,-0.000000000368
2.460937500000,2.859375000000,-0.000000000401
2.460937500000,2.882812500000,-0.000000000434
2.460937500000,2.906250000000,-0.000000000464
2.460937500000,2.929687500000,-0.000000000495
2.460937500000,2.953125000000,-0.000000000524
2.460937500000,2.976562500000,-0.000000000553
2.460937500000,3.000000000000,0.000000000000
2.484375000000,0.000000000000,0.000000000000
2.484375000000,0.023437500000,0.000000001265
2.484375000000,0.046875000000,0.000000001317
2.484375000000,0.070312500000,0.000000001370
2.484375000000,0.093750000000,0.000000001419
2.484375000000,0.117187500000,0.000000001472
2.484375000000,0.140625000000,0.000000001517
2.484375000000,0.164062500000,0.000000001560
2.484375000000,0.187500000000,0.000000001608
2.484375000000,0.210937500000,0.000000001650
2.484375000000,0.234375000000,0.000000001692
2.484375000000,0.257812500000,0.000000001731
2.484375000000,0.281250000000,0.000000001771
2.484375000000,0.304687500000,0.000000001805
2.484375000000,0.328125000000,0.000000001838
2.484375000000,0.351562500000,0.000000001876
2.484375000000,0.375000000000,0.000000001905
2.484375000000,0.398437500000,0.000000001939
2.484375000000,0.421875000000,0.000000001964
2.484375000000,0.445312500000,0.000000001992
2.484375000000,0.468750000000,0.000000002014
2.484375000000,0.492187500000,0.000000002041
2.484375000000,0.515625000000,0.000000002062
2.484375000000,0.539062500000,0.000000002089
2.484375000000,0.562500000000,0.000000002104
2.484375000000,0.585937500000,0.000000002117
2.484375000000,0.609375000000,0.000000002137
2.484375000000,0.632812500000,0.000000002149
2.484375000000,0.656250000000,0.000000002163
2.484375000000,0.679687500000,0.000000002176
2.484375000000,0.703125000000,0.000000002184
2.484375000000,0.726562500000,0.000000002195
2.484375000000,0.750000000000,0.000000002197
2.484375000000,0.773437500000,0.000000002207
2.484375000000,0.796875000000,0.000000002207
2.484375000000,0.820312500000,0.000000002210
2.484375000000,0.843750000000,0.000000002214
2.484375000000,0.867187500000,0.000000002211
2.484375000000,0.890625000000,0.000000002212
2.484375000000,0.914062500000,0.000000002208
2.484375000000,0.937500000000,0.000000002203
2.484375000000,0.960937500000,0.000000002197
2.484375000000,0.984375000000,0.000000002190
2.484375000000,1.007812500000,0.000000002180
2.484375000000,1.031250000000,0.000000002173
2.484375000000,1.054687500000,0.000000002159
2.484375000000,1.078125000000,0.000000002148
2.484375000000,1.101562500000,0.000000002134
2.484375000000,1.125000000000,0.000000002120
2.484375000000,1.148437500000,0.000000002105
2.484375000000,1.171875000000,0.000000002085
2.484375000000,1.195312500000,0.000000002072
2.484375000000,1.218750000000,0.000000002048
2.484375000000,1.242187500000,0.000000002029
2.484375000000,1.265625000000,0.000000002009
2.484375000000,1.289062500000,0.000000001986
2.484375000000,1.312500000000,0.000000001964
2.484375000000,1.335937500000,0.000000001940
2.484375000000,1.359375000000,0.000000001913
2.484375000000,1.382812500000,0.000000001886
2.484375000000,1.406250000000,0.000000001860
2.484375000000,1.429687500000,0.000000001830
2.484375000000,1.453125000000,0.000000001805
2.484375000000,1.476562500000,0.000000001770
2.484375000000,1.500000000000,0.000000001743
2.484375000000,1.523437500000,0.000000001710
2.484375000000,1.546875000000,0.000000001681
2.484375000000,1.570312500000,0.000000001651
2.484375000000,1.593750000000,0.000000001618
2.484375000000,1.617187500000,0.000000001578
2.484375000000,1.640625000000,0.000000001547
2.484375000000,1.664062500000,0.000000001510
2.484375000000,1.687500000000,0.000000001477
2.484375000000,1.710937500000,0.000000001442
2.484375000000,1.734375000000,0.000000001399
2.484375000000,1.757812500000,0.000000001365
2.484375000000,1.781250000000,0.000000001328
2.484375000000,1.804687500000,0.000000001291
2.484375000000,1.828125000000,0.000000001252
2.484375000000,1.851562500000,0.000000001212
2.484375000000,1.875000000000,0.000000001176
2.484375000000,1.898437500000,0.000000001138
2.484375000000,1.921875000000,0.000000001098
2.484375000000,1.945312500000,0.000000001060
2.484375000000,1.968750000000,0.000000001018
2.484375000000,1.992187500000,0.000000000979
2.484375000000,2.015625000000,0.000000000940
2.484375000000,2.039062500000,0.000000000899
2.484375000000,2.062500000000,0.000000000858
2.484375000000,2.085937500000,0.000000000819
2.484375000000,2.109375000000,0.000000000779
2.484375000000,2.132812500000,0.000000000737
2.484375000000,2.156250000000,0.000000000699
2.484375000000,2.179687500000,0.000000000654
2.484375000000,2.203125000000,0.000000000623
2.484375000000,2.226562500000,0.000000000574
2.484375000000,2.250000000000,0.000000000540
2.484375000000,2.273437500000,0.000000000497
2.484375000000,2.296875000000,0.000000000460
2.484375000000,2.320312500000,0.000000000421
2.484375000000,2.343750000000,0.000000000381
2.484375000000,2.367187500000,0.000000000339
2.484375000000,2.390625000000,0.000000000302
2.484375000000,2.414062500000,0.000000000263
2.484375000000,2.437500000000,0.000000000224
2.484375000000,2.460937500000,0.000000000188
2.484375000000,2.484375000000,0.000000000152
2.484375000000,2.507812500000,0.000000000115
2.484375000000,2.531250000000,0.000000000070
2.484375000000,2.554687500000,0.000000000038
2.484375000000,2.578125000000,0.000000000004
2.484375000000,2.601562500000,-0.000000000033
2.484375000000,2.625000000000,-0.000000000070
2.484375000000,2.648437500000,-0.000000000102
2.484375000000,2.671875000000,-0.000000000134
2.484375000000,2.695312500000,-0.000000000169
2.484375000000,2.718750000000,-0.000000000204
2.484375000000,2.742187500000,-0.000000000235
2.484375000000,2.765625000000,-0.000000000267
2.484375000000,2.789062500000,-0.000000000300
2.484375000000,2.812500000000,-0.000000000333
2.484375000000,2.835937500000,-0.000000000363
2.484375000000,2.859375000000,-0.000000000390
2.484375000000,2.882812500000,-0.000000000418
2.484375000000,2.906250000000,-0.000000000448
2.484375000000,2.929687500000,-0.000000000477
2.484375000000,2.953125000000,-0.000000000503
2.484375000000,2.976562500000,-0.000000000531
2.484375000000,3.000000000000,0.000000000000
2.507812500000,0.000000000000,0.000000000000
2.507812500000,0.023437500000,0.000000001201
2.507812500000,0.046875000000,0.000000001249
2.507812500000,0.070312500000,0.000000001296
2.507812500000,0.093750000000,0.000000001346
2.507812500000,0.117187500000,0.000000001387
2.507812500000,0.140625000000,0.000000001428
2.507812500000,0.164062500000,0.000000001471
2.507812500000,0.187500000000,0.000000001510
2.507812500000,0.210937500000,0.000000001552
2.507812500000,0.234375000000,0.000000001582
2.507812500000,0.257812500000,0.000000001621
2.507812500000,0.281250000000,0.000000001660
2.507812500000,0.304687500000,0.000000001688
2.507812500000,0.328125000000,0.000000001720
2.507812500000,0.351562500000,0.000000001750
2.507812500000,0.375000000000,0.000000001777
2.507812500000,0.398437500000,0.000000001803
2.507812500000,0.421875000000,0.000000001829
2.507812500000,0.445312500000,0.000000001853
2.507812500000,0.468750000000,0.000000001879
2.507812500000,0.492187500000,0.000000001894
2.507812500000,0.515625000000,0.000000001918
2.507812500000,0.539062500000,0.000000001935
2.507812500000,0.562500000000,0.000000001947
2.507812500000,0.585937500000,0.000000001968
2.507812500000,0.609375000000,0.000000001978
2.507812500000,0.632812500000,0.000000001996
2.507812500000,0.656250000000,0.000000002001
2.507812500000,0.679687500000,0.000000002014
2.507812500000,0.703125000000,0.000000002019
2.507812500000,0.726562500000,0.000000002029
2.507812500000,0.750000000000,0.000000002036
2.507812500000,0.773437500000,0.000000002035
2.507812500000,0.796875000000,0.000000002037
2.507812500000,0.820312500000,0.000000002040
2.507812500000,0.843750000000,0.000000002039
2.507812500000,0.867187500000,0.000000002038
2.507812500000,0.890625000000,0.000000002034
2.507812500000,0.914062500000,0.000000002031
2.507812500000,0.937500000000,0.000000002027
2.507812500000,0.960937500000,0.000000002020
2.507812500000,0.984375000000,0.000000002013
2.507812500000,1.007812500000,0.000000002003
2.507812500000,1.031250000000,0.000000001994
2.507812500000,1.054687500000,0.000000001982
2.507812500000,1.078125000000,0.000000001969
2.507812500000,1.101562500000,0.000000001958
2.507812500000,1.125000000000,0.000000001942
2.507812500000,1.148437500000,0.000000001926
2.507812500000,1.171875000000,0.000000001912
2.507812500000,1.195312500000,0.000000001893
2.507812500000,1.218750000000,0.000000001876
2.507812500000,1.242187500000,0.000000001857
2.507812500000,1.265625000000,0.000000001834
2.507812500000,1.289062500000,0.000000001814
2.507812500000,1.312500000000,0.000000001788
2.507812500000,1.335937500000,0.000000001769
2.507812500000,1.359375000000,0.000000001744
2.507812500000,1.382812500000,0.000000001720
2.507812500000,1.406250000000,0.000000001694
2.507812500000,1.429687500000,0.000000001669
2.507812500000,1.453125000000,0.000000001643
2.507812500000,1.476562500000,0.000000001615
2.507812500000,1.500000000000,0.000000001582
2.507812500000,1.523437500000,0.000000001556
2.507812500000,1.546875000000,0.000000001526
2.507812500000,1.570312500000,0.000000001495
2.507812500000,1.593750000000,0.000000001464
2.507812500000,1.617187500000,0.000000001437
2.507812500000,1.640625000000,0.000000001400
2.507812500000,1.664062500000,0.000000001371
2.507812500000,1.687500000000,0.000000001334
2.507812500000,1.710937500000,0.000000001302
2.507812500000,1.734375000000,0.000000001273
2.507812500000,1.757812500000,0.000000001231
2.507812500000,1.781250000000,0.000000001199
2.507812500000,1.804687500000,0.000000001163
2.507812500000,1.828125000000,0.000000001130
2.507812500000,1.851562500000,0.000000001095
2.507812500000,1.875000000000,0.000000001058
2.507812500000,1.898437500000,0.000000001020
2.507812500000,1.921875000000,0.000000000985
2.507812500000,1.945312500000,0.000000000948
2.507812500000,1.968750000000,0.000000000910
2.507812500000,1.992187500000,0.000000000875
2.507812500000,2.015625000000,0.000000000838
2.507812500000,2.039062500000,0.000000000801
2.507812500000,2.062500000000,0.000000000764
2.507812500000,2.085937500000,0.000000000729
2.507812500000,2.109375000000,0.000000000689
2.507812500000,2.132812500000,0.000000000654
2.507812500000,2.156250000000,0.000000000614
2.507812500000,2.179687500000,0.000000000577
2.507812500000,2.203125000000,0.000000000544
2.507812500000,2.226562500000,0.000000000505
2.507812500000,2.250000000000,0.000000000471
2.507812500000,2.273437500000,0.000000000429
2.507812500000,2.296875000000,0.000000000398
2.507812500000,2.320312500000,0.000000000356
2.507812500000,2.343750000000,0.000000000320
2.507812500000,2.367187500000,0.000000000289
2.507812500000,2.390625000000,0.000000000251
2.507812500000,2.414062500000,0.000000000216
2.507812500000,2.437500000000,0.000000000182
2.507812500000,2.460937500000,0.000000000145
2.507812500000,2.484375000000,0.000000000113
2.507812500000,2.507812500000,0.000000000078
2.507812500000,2.531250000000,0.000000000044
2.507812500000,2.554687500000,0.000000000015
2.507812500000,2.578125000000,-0.000000000022
2.507812500000,2.601562500000,-0.000000000055
2.507812500000,2.625000000000,-0.000000000085
2.507812500000,2.648437500000,-0.000000000119
2.507812500000,2.671875000000,-0.000000000151
2.507812500000,2.695312500000,-0.000000000179
2.507812500000,2.718750000000,-0.000000000210
2.507812500000,2.742187500000,-0.000000000241
2.507812500000,2.765625000000,-0.000000000267
2.507812500000,2.789062500000,-0.000000000295
2.507812500000,2.812500000000,-0.000000000321
2.507812500000,2.835937500000,-0.000000000351
2.507812500000,2.859375000000,-0.000000000379
2.507812500000,2.882812500000,-0.000000000405
2.507812500000,2.906250000000,-0.000000000431
2.507812500000,2.929687500000,-0.000000000456
2.507812500000,2.953125000000,-0.000000000482
2.507812500000,2.976562500000,-0.000000000507
2.507812500000,3.000000000000,0.000000000000
2.531250000000,0.000000000000,0.000000000000
2.531250000000,0.023437500000,0.000000001139
2.531250000000,0.046875000000,0.000000001183
2.531250000000,0.070312500000,0.000000001224
2.531250000000,0.093750000000,0.000000001265
2.531250000000,0.117187500000,0.000000001304
2.531250000000,0.140625000000,0.000000001343
2.531250000000,0.164062500000,0.000000001377
2.531250000000,0.187500000000,0.000000001416
2.531250000000,0.210937500000,0.000000001449
2.531250000000,0.234375000000,0.000000001481
2.531250000000,0.257812500000,0.000000001513
2.531250000000,0.281250000000,0.000000001539
2.531250000000,0.304687500000,0.000000001572
2.531250000000,0.328125000000,0.000000001594
2.531250000000,0.351562500000,0.000000001627
2.531250000000,0.375000000000,0.000000001651
2.531250000000,0.398437500000,0.000000001672
2.531250000000,0.421875000000,0.000000001694
2.531250000000,0.445312500000,0.000000001716
2.531250000000,0.468750000000,0.000000001734
2.531250000000,0.492187500000,0.000000001758
2.531250000000,0.515625000000,0.000000001770
2.531250000000,0.539062500000,0.000000001785
2.531250000000,0.562500000000,0.000000001803
2.531250000000,0.585937500000,0.000000001811
2.531250000000,0.609375000000,0.000000001820
2.531250000000,0.632812500000,0.000000001834
2.531250000000,0.656250000000,0.000000001843
2.531250000000,0.679687500000,0.000000001848
2.531250000000,0.703125000000,0.000000001856
2.531250000000,0.726562500000,0.000000001858
2.531250000000,0.750000000000,0.000000001862
2.531250000000,0.773437500000,0.000000001866
2.531250000000,0.796875000000,0.000000001868
2.531250000000,0.820312500000,0.000000001868
2.531250000000,0.843750000000,0.000000001868
2.531250000000,0.867187500000,0.000000001863
2.531250000000,0.890625000000,0.000000001861
2.531250000000,0.914062500000,0.000000001857
2.531250000000,0.937500000000,0.000000001851
2.531250000000,0.960937500000,0.000000001846
2.531250000000,0.984375000000,0.000000001836
2.531250000000,1.007812500000,0.000000001828
2.531250000000,1.031250000000,0.000000001817
2.531250000000,1.054687500000,0.000000001806
2.531250000000,1.078125000000,0.000000001794
2.531250000000,1.101562500000,0.000000001781
2.531250000000,1.125000000000,0.000000001768
2.531250000000,1.148437500000,0.000000001753
2.531250000000,1.171875000000,0.000000001735
2.531250000000,1.195312500000,0.000000001720
2.531250000000,1.218750000000,0.000000001701
2.531250000000,1.242187500000,0.000000001682
2.531250000000,1.265625000000,0.000000001663
2.531250000000,1.289062500000,0.000000001644
2.531250000000,1.312500000000,0.000000001623
2.531250000000,1.335937500000,0.000000001599
2.531250000000,1.359375000000,0.000000001580
2.531250000000,1.382812500000,0.000000001555
2.531250000000,1.406250000000,0.000000001530
2.531250000000,1.429687500000,0.000000001507
2.531250000000,1.453125000000,0.000000001482
2.531250000000,1.476562500000,0.000000001454
2.531250000000,1.500000000000,0.000000001426
2.531250000000,1.523437500000,0.000000001402
2.531250000000,1.546875000000,0.000000001376
2.531250000000,1.570312500000,0.000000001341
2.531250000000,1.593750000000,0.000000001317
2.531250000000,1.617187500000,0.000000001288
2.531250000000,1.640625000000,0.000000001253
2.531250000000,1.664062500000,0.000000001229
2.531250000000,1.687500000000,0.000000001195
2.531250000000,1.710937500000,0.000000001163
2.531250000000,1.734375000000,0.000000001135
2.531250000000,1.757812500000,0.000000001104
2.531250000000,1.781250000000,0.000000001070
2.531250000000,1.804687500000,0.000000001038
2.531250000000,1.828125000000,0.000000001005
2.531250000000,1.851562500000,0.000000000973
2.531250000000,1.875000000000,0.000000000939
2.531250000000,1.898437500000,0.000000000906
2.531250000000,1.921875000000,0.000000000873
2.531250000000,1.945312500000,0.000000000840
2.531250000000,1.968750000000,0.000000000806
2.531250000000,1.992187500000,0.000000000772
2.531250000000,2.015625000000,0.000000000738
2.531250000000,2.039062500000,0.000000000703
2.531250000000,2.062500000000,0.000000000671
2.531250000000,2.085937500000,0.000000000635
2.531250000000,2.109375000000,0.000000000602
2.531250000000,2.132812500000,0.000000000567
2.531250000000,2.156250000000,0.000000000534
2.531250000000,2.179687500000,0.000000000502
2.531250000000,2.203125000000,0.000000000461
2.531250000000,2.226562500000,0.000000000434
2.531250000000,2.250000000000,0.000000000398
2.531250000000,2.273437500000,0.000000000367
2.531250000000,2.296875000000,0.000000000335
2.531250000000,2.320312500000,0.000000000302
2.531250000000,2.343750000000,0.000000000267
2.531250000000,2.367187500000,0.000000000232
2.531250000000,2.390625000000,0.000000000205
2.531250000000,2.414062500000,0.000000000170
2.531250000000,2.437500000000,0.000000000137
2.531250000000,2.460937500000,0.000000000104
2.531250000000,2.484375000000,0.000000000076
2.531250000000,2.507812500000,0.000000000048
2.531250000000,2.531250000000,0.000000000014
2.531250000000,2.554687500000,-0.000000000019
2.531250000000,2.578125000000,-0.000000000046
2.531250000000,2.601562500000,-0.000000000075
2.531250000000,2.625000000000,-0.000000000102
2.531250000000,2.648437500000,-0.000000000130
2.531250000000,2.671875000000,-0.000000000160
2.531250000000,2.695312500000,-0.000000000187
2.531250000000,2.718750000000,-0.000000000214
2.531250000000,2.742187500000,-0.000000000242
2.531250000000,2.765625000000,-0.000000000270
2.531250000000,2.789062500000,-0.000000000295
2.531250000000,2.812500000000,-0.000000000322
2.531250000000,2.835937500000,-0.000000000345
2.531250000000,2.859375000000,-0.000000000370
2.531250000000,2.882812500000,-0.000000000393
2.531250000000,2.906250000000,-0.000000000416
2.531250000000,2.929687500000,-0.000000000438
2.531250000000,2.953125000000,-0.000000000461
2.531250000000,2.976562500000,-0.000000000481
2.531250000000,3.000000000000,0.000000000000
2.554687500000,0.000000000000,0.000000000000
2.554687500000,0.023437500000,0.000000001078
2.554687500000,0.046875000000,0.000000001115
2.554687500000,0.070312500000,0.000000001152
2.554687500000,0.093750000000,0.000000001187
2.554687500000,0.117187500000,0.000000001223
2.554687500000,0.140625000000,0.000000001255
2.554687500000,0.164062500000,0.000000001287
2.554687500000,0.187500000000,0.000000001317
2.554687500000,0.210937500000,0.000000001347
2.554687500000,0.234375000000,0.000000001379
2.554687500000,0.257812500000,0.000000001405
2.554687500000,0.281250000000,0.000000001431
2.554687500000,0.304687500000,0.000000001456
2.554687500000,0.328125000000,0.000000001483
2.554687500000,0.351562500000,0.000000001498
2.554687500000,0.375000000000,0.000000001523
2.554687500000,0.398437500000,0.000000001540
2.554687500000,0.421875000000,0.000000001564
2.554687500000,0.445312500000,0.000000001579
2.554687500000,0.468750000000,0.000000001593
2.554687500000,0.492187500000,0.000000001609
2.554687500000,0.515625000000,0.000000001623
2.554687500000,0.539062500000,0.000000001635
2.554687500000,0.562500000000,0.000000001649
2.554687500000,0.585937500000,0.000000001656
2.554687500000,0.609375000000,0.000000001669
2.554687500000,0.632812500000,0.000000001677
2.554687500000,0.656250000000,0.000000001681
2.554687500000,0.679687500000,0.000000001688
2.554687500000,0.703125000000,0.000000001688
2.554687500000,0.726562500000,0.000000001696
2.554687500000,0.750000000000,0.000000001698
2.554687500000,0.773437500000,0.000000001698
2.554687500000,0.796875000000,0.000000001700
2.554687500000,0.820312500000,0.000000001700
2.554687500000,0.843750000000,0.000000001694
2.554687500000,0.867187500000,0.000000001693
2.554687500000,0.890625000000,0.000000001688
2.554687500000,0.914062500000,0.000000001682
2.554687500000,0.937500000000,0.000000001675
2.554687500000,0.960937500000,0.000000001669
2.554687500000,0.984375000000,0.000000001662
2.554687500000,1.007812500000,0.000000001651
2.554687500000,1.031250000000,0.000000001643
2.554687500000,1.054687500000,0.000000001629
2.554687500000,1.078125000000,0.000000001621
2.554687500000,1.101562500000,0.000000001606
2.554687500000,1.125000000000,0.000000001592
2.554687500000,1.148437500000,0.000000001579
2.554687500000,1.171875000000,0.000000001562
2.554687500000,1.195312500000,0.000000001548
2.554687500000,1.218750000000,0.000000001529
2.554687500000,1.242187500000,0.000000001513
2.554687500000,1.265625000000,0.000000001491
2.554687500000,1.289062500000,0.000000001477
2.554687500000,1.312500000000,0.000000001454
2.554687500000,1.335937500000,0.000000001434
2.554687500000,1.359375000000,0.000000001412
2.554687500000,1.382812500000,0.000000001388
2.554687500000,1.406250000000,0.000000001368
2.554687500000,1.429687500000,0.000000001347
2.554687500000,1.453125000000,0.000000001321
2.554687500000,1.476562500000,0.000000001297
2.554687500000,1.500000000000,0.000000001272
2.554687500000,1.523437500000,0.000000001247
2.554687500000,1.546875000000,0.000000001222
2.554687500000,1.570312500000,0.000000001194
2.554687500000,1.593750000000,0.000000001168
2.554687500000,1.617187500000,0.000000001140
2.554687500000,1.640625000000,0.000000001115
2.554687500000,1.664062500000,0.000000001086
2.554687500000,1.687500000000,0.000000001059
2.554687500000,1.710937500000,0.000000001029
2.554687500000,1.734375000000,0.000000000999
2.554687500000,1.757812500000,0.000000000971
2.554687500000,1.781250000000,0.000000000944
2.554687500000,1.804687500000,0.000000000911
2.554687500000,1.828125000000,0.000000000881
2.554687500000,1.851562500000,0.000000000852
2.554687500000,1.875000000000,0.000000000823
2.554687500000,1.898437500000,0.000000000793
2.554687500000,1.921875000000,0.000000000761
2.554687500000,1.945312500000,0.000000000729
2.554687500000,1.968750000000,0.000000000699
2.554687500000,1.992187500000,0.000000000669
2.554687500000,2.015625000000,0.000000000638
2.554687500000,2.039062500000,0.000000000608
2.554687500000,2.062500000000,0.000000000576
2.554687500000,2.085937500000,0.000000000546
2.554687500000,2.109375000000,0.000000000514
2.554687500000,2.132812500000,0.000000000485
2.554687500000,2.156250000000,0.000000000452
2.554687500000,2.179687500000,0.000000000425
2.554687500000,2.203125000000,0.000000000389
2.554687500000,2.226562500000,0.000000000362
2.554687500000,2.250000000000,0.000000000332
2.554687500000,2.273437500000,0.000000000304
2.554687500000,2.296875000000,0.000000000267
2.554687500000,2.320312500000,0.000000000238
2.554687500000,2.343750000000,0.000000000211
2.554687500000,2.367187500000,0.000000000182
2.554687500000,2.390625000000,0.000000000152
2.554687500000,2.414062500000,0.000000000123
2.554687500000,2.437500000000,0.000000000095
2.554687500000,2.460937500000,0.000000000070
2.554687500000,2.484375000000,0.000000000040
2.554687500000,2.507812500000,0.000000000015
2.554687500000,2.531250000000,-0.000000000017
2.554687500000,2.554687500000,-0.000000000042
2.554687500000,2.578125000000,-0.000000000071
2.554687500000,2.601562500000,-0.000000000097
2.554687500000,2.625000000000,-0.000000000122
2.554687500000,2.648437500000,-0.000000000150
2.554687500000,2.671875000000,-0.000000000173
2.554687500000,2.695312500000,-0.000000000195
2.554687500000,2.718750000000,-0.000000000224
2.554687500000,2.742187500000,-0.000000000244
2.554687500000,2.765625000000,-0.000000000269
2.554687500000,2.789062500000,-0.000000000293
2.554687500000,2.812500000000,-0.000000000313
2.554687500000,2.835937500000,-0.000000000337
2.554687500000,2.859375000000,-0.000000000358
2.554687500000,2.882812500000,-0.000000000380
2.554687500000,2.906250000000,-0.000000000400
2.554687500000,2.929687500000,-0.000000000421
2.554687500000,2.953125000000,-0.000000000440
2.554687500000,2.976562500000,-0.000000000458
2.554687500000,3.000000000000,0.000000000000
2.578125000000,0.000000000000,0.000000000000
2.578125000000,0.023437500000,0.000000001015
2.578125000000,0.046875000000,0.000000001048
2.578125000000,0.070312500000,0.000000001081
2.578125000000,0.093750000000,0.000000001111
2.578125000000,0.117187500000,0.000000001140
2.578125000000,0.140625000000,0.000000001171
2.578125000000,0.164062500000,0.000000001197
2.578125000000,0.187500000000,0.000000001225
2.578125000000,0.210937500000,0.000000001247
2.578125000000,0.234375000000,0.000000001272
2.578125000000,0.257812500000,0.000000001296
2.578125000000,0.281250000000,0.000000001318
2.578125000000,0.304687500000,0.000000001336
2.578125000000,0.328125000000,0.000000001358
2.578125000000,0.351562500000,0.000000001378
2.578125000000,0.375000000000,0.000000001395
2.578125000000,0.398437500000,0.000000001411
2.578125000000,0.421875000000,0.000000001427
2.578125000000,0.445312500000,0.000000001438
2.578125000000,0.468750000000,0.000000001455
2.578125000000,0.492187500000,0.000000001467
2.578125000000,0.515625000000,0.000000001479
2.578125000000,0.539062500000,0.000000001490
2.578125000000,0.562500000000,0.000000001496
2.578125000000,0.585937500000,0.000000001502
2.578125000000,0.609375000000,0.000000001513
2.578125000000,0.632812500000,0.000000001516
2.578125000000,0.656250000000,0.000000001520
2.578125000000,0.679687500000,0.000000001525
2.578125000000,0.703125000000,0.000000001528
2.578125000000,0.726562500000,0.000000001532
2.578125000000,0.750000000000,0.000000001531
2.578125000000,0.773437500000,0.000000001531
2.578125000000,0.796875000000,0.000000001528
2.578125000000,0.820312500000,0.000000001529
2.578125000000,0.843750000000,0.000000001524
2.578125000000,0.867187500000,0.000000001521
2.578125000000,0.890625000000,0.000000001517
2.578125000000,0.914062500000,0.000000001509
2.578125000000,0.937500000000,0.000000001503
2.578125000000,0.960937500000,0.000000001495
2.578125000000,0.984375000000,0.000000001486
2.578125000000,1.007812500000,0.000000001476
2.578125000000,1.031250000000,0.000000001466
2.578125000000,1.054687500000,0.000000001456
2.578125000000,1.078125000000,0.000000001445
2.578125000000,1.101562500000,0.000000001430
2.578125000000,1.125000000000,0.000000001421
2.578125000000,1.148437500000,0.000000001405
2.578125000000,1.171875000000,0.000000001389
2.578125000000,1.195312500000,0.000000001372
2.578125000000,1.218750000000,0.000000001357
2.578125000000,1.242187500000,0.000000001340
2.578125000000,1.265625000000,0.000000001325
2.578125000000,1.289062500000,0.000000001305
2.578125000000,1.312500000000,0.000000001285
2.578125000000,1.335937500000,0.000000001268
2.578125000000,1.359375000000,0.000000001247
2.578125000000,1.382812500000,0.000000001230
2.578125000000,1.406250000000,0.000000001204
2.578125000000,1.429687500000,0.000000001184
2.578125000000,1.453125000000,0.000000001165
2.578125000000,1.476562500000,0.000000001141
2.578125000000,1.500000000000,0.000000001118
2.578125000000,1.523437500000,0.000000001095
2.578125000000,1.546875000000,0.000000001070
2.578125000000,1.570312500000,0.000000001048
2.578125000000,1.593750000000,0.000000001019
2.578125000000,1.617187500000,0.000000000997
2.578125000000,1.640625000000,0.000000000973
2.578125000000,1.664062500000,0.000000000944
2.578125000000,1.687500000000,0.000000000918
2.578125000000,1.710937500000,0.000000000895
2.578125000000,1.734375000000,0.000000000872
2.578125000000,1.757812500000,0.000000000839
2.578125000000,1.781250000000,0.000000000815
2.578125000000,1.804687500000,0.000000000788
2.578125000000,1.828125000000,0.000000000761
2.578125000000,1.851562500000,0.000000000733
2.578125000000,1.875000000000,0.000000000707
2.578125000000,1.898437500000,0.000000000679
2.578125000000,1.921875000000,0.000000000651
2.578125000000,1.945312500000,0.000000000624
2.578125000000,1.968750000000,0.000000000596
2.578125000000,1.992187500000,0.000000000568
2.578125000000,2.015625000000,0.000000000539
2.578125000000,2.039062500000,0.000000000512
2.578125000000,2.062500000000,0.000000000484
2.578125000000,2.085937500000,0.000000000456
2.578125000000,2.109375000000,0.000000000430
2.578125000000,2.132812500000,0.000000000399
2.578125000000,2.156250000000,0.000000000372
2.578125000000,2.179687500000,0.000000000346
2.578125000000,2.203125000000,0.000000000317
2.578125000000,2.226562500000,0.000000000291
2.578125000000,2.250000000000,0.000000000266
2.578125000000,2.273437500000,0.000000000236
2.578125000000,2.296875000000,0.000000000212
2.578125000000,2.320312500000,0.000000000186
2.578125000000,2.343750000000,0.000000000157
2.578125000000,2.367187500000,0.000000000128
2.578125000000,2.390625000000,0.000000000106
2.578125000000,2.414062500000,0.000000000080
2.578125000000,2.437500000000,0.000000000051
2.578125000000,2.460937500000,0.000000000028
2.578125000000,2.484375000000,0.000000000007
2.578125000000,2.507812500000,-0.000000000026
2.578125000000,2.531250000000,-0.000000000045
2.578125000000,2.554687500000,-0.000000000072
2.578125000000,2.578125000000,-0.000000000093
2.578125000000,2.601562500000,-0.000000000120
2.578125000000,2.625000000000,-0.000000000137
2.578125000000,2.648437500000,-0.000000000160
2.578125000000,2.671875000000,-0.000000000187
2.578125000000,2.695312500000,-0.000000000206
2.578125000000,2.718750000000,-0.000000000229
2.578125000000,2.742187500000,-0.000000000250
2.578125000000,2.765625000000,-0.000000000270
2.578125000000,2.789062500000,-0.000000000286
2.578125000000,2.812500000000,-0.000000000310
2.578125000000,2.835937500000,-0.000000000328
2.578125000000,2.859375000000,-0.000000000348
2.578125000000,2.882812500000,-0.000000000366
2.578125000000,2.906250000000,-0.000000000384
2.578125000000,2.929687500000,-0.000000000401
2.578125000000,2.953125000000,-0.000000000418
2.578125000000,2.976562500000,-0.000000000434
2.578125000000,3.000000000000,0.000000000000
2.601562500000,0.000000000000,0.000000000000
2.601562500000,0.023437500000,0.000000000953
2.601562500000,0.046875000000,0.000000000982
2.601562500000,0.070312500000,0.000000001007
2.601562500000,0.093750000000,0.000000001034
2.601562500000,0.117187500000,0.000000001058
2.601562500000,0.140625000000,0.000000001084
2.601562500000,0.164062500000,0.000000001103
2.601562500000,0.187500000000,0.000000001131
2.601562500000,0.210937500000,0.000000001151
2.601562500000,0.234375000000,0.000000001166
2.601562500000,0.257812500000,0.000000001191
2.601562500000,0.281250000000,0.000000001204
2.601562500000,0.304687500000,0.000000001224
2.601562500000,0.328125000000,0.000000001238
2.601562500000,0.351562500000,0.000000001255
2.601562500000,0.375000000000,0.000000001269
2.601562500000,0.398437500000,0.000000001282
2.601562500000,0.421875000000,0.000000001296
2.601562500000,0.445312500000,0.000000001305
2.601562500000,0.468750000000,0.000000001314
2.601562500000,0.492187500000,0.000000001327
2.601562500000,0.515625000000,0.000000001334
2.601562500000,0.539062500000,0.000000001340
2.601562500000,0.562500000000,0.000000001345
2.601562500000,0.585937500000,0.000000001357
2.601562500000,0.609375000000,0.000000001355
2.601562500000,0.632812500000,0.000000001360
2.601562500000,0.656250000000,0.000000001365
2.601562500000,0.679687500000,0.000000001366
2.601562500000,0.703125000000,0.000000001371
2.601562500000,0.726562500000,0.000000001367
2.601562500000,0.750000000000,0.000000001367
2.601562500000,0.773437500000,0.000000001363
2.601562500000,0.796875000000,0.000000001362
2.601562500000,0.820312500000,0.000000001358
2.601562500000,0.843750000000,0.000000001355
2.601562500000,0.867187500000,0.000000001348
2.601562500000,0.890625000000,0.000000001344
2.601562500000,0.914062500000,0.000000001337
2.601562500000,0.937500000000,0.000000001330
2.601562500000,0.960937500000,0.000000001322
2.601562500000,0.984375000000,0.000000001313
2.601562500000,1.007812500000,0.000000001304
2.601562500000,1.031250000000,0.000000001293
2.601562500000,1.054687500000,0.000000001283
2.601562500000,1.078125000000,0.000000001272
2.601562500000,1.101562500000,0.000000001259
2.601562500000,1.125000000000,0.000000001246
2.601562500000,1.148437500000,0.000000001234
2.601562500000,1.171875000000,0.000000001218
2.601562500000,1.195312500000,0.000000001203
2.601562500000,1.218750000000,0.000000001187
2.601562500000,1.242187500000,0.000000001172
2.601562500000,1.265625000000,0.000000001158
2.601562500000,1.289062500000,0.000000001139
2.601562500000,1.312500000000,0.000000001121
2.601562500000,1.335937500000,0.000000001104
2.601562500000,1.359375000000,0.000000001083
2.601562500000,1.382812500000,0.000000001067
2.601562500000,1.406250000000,0.000000001044
2.601562500000,1.429687500000,0.000000001027
2.601562500000,1.453125000000,0.000000001003
2.601562500000,1.476562500000,0.000000000986
2.601562500000,1.500000000000,0.000000000962
2.601562500000,1.523437500000,0.000000000945
2.601562500000,1.546875000000,0.000000000922
2.601562500000,1.570312500000,0.000000000899
2.601562500000,1.593750000000,0.000000000875
2.601562500000,1.617187500000,0.000000000854
2.601562500000,1.640625000000,0.000000000835
2.601562500000,1.664062500000,0.000000000804
2.601562500000,1.687500000000,0.000000000788
2.601562500000,1.710937500000,0.000000000758
2.601562500000,1.734375000000,0.000000000736
2.601562500000,1.757812500000,0.000000000712
2.601562500000,1.781250000000,0.000000000691
2.601562500000,1.804687500000,0.000000000665
2.601562500000,1.828125000000,0.000000000640
2.601562500000,1.851562500000,0.000000000616
2.601562500000,1.875000000000,0.000000000590
2.601562500000,1.898437500000,0.000000000566
2.601562500000,1.921875000000,0.000000000541
2.601562500000,1.945312500000,0.000000000517
2.601562500000,1.968750000000,0.000000000491
2.601562500000,1.992187500000,0.000000000467
2.601562500000,2.015625000000,0.000000000442
2.601562500000,2.039062500000,0.000000000417
2.601562500000,2.062500000000,0.000000000393
2.601562500000,2.085937500000,0.000000000367
2.601562500000,2.109375000000,0.000000000342
2.601562500000,2.132812500000,0.000000000318
2.601562500000,2.156250000000,0.000000000294
2.601562500000,2.179687500000,0.000000000268
2.601562500000,2.203125000000,0.000000000246
2.601562500000,2.226562500000,0.000000000219
2.601562500000,2.250000000000,0.000000000195
2.601562500000,2.273437500000,0.000000000174
2.601562500000,2.296875000000,0.000000000146
2.601562500000,2.320312500000,0.000000000124
2.601562500000,2.343750000000,0.000000000102
2.601562500000,2.367187500000,0.000000000079
2.601562500000,2.390625000000,0.000000000058
2.601562500000,2.414062500000,0.000000000034
2.601562500000,2.437500000000,0.000000000010
2.601562500000,2.460937500000,-0.000000000011
2.601562500000,2.484375000000,-0.000000000034
2.601562500000,2.507812500000,-0.000000000054
2.601562500000,2.531250000000,-0.000000000075
2.601562500000,2.554687500000,-0.000000000096
2.601562500000,2.578125000000,-0.000000000117
2.601562500000,2.601562500000,-0.000000000140
2.601562500000,2.625000000000,-0.000000000157
2.601562500000,2.648437500000,-0.000000000176
2.601562500000,2.671875000000,-0.000000000194
2.601562500000,2.695312500000,-0.000000000218
2.601562500000,2.718750000000,-0.000000000235
2.601562500000,2.742187500000,-0.000000000248
2.601562500000,2.765625000000,-0.000000000270
2.601562500000,2.789062500000,-0.000000000287
2.601562500000,2.812500000000,-0.000000000303
2.601562500000,2.835937500000,-0.000000000322
2.601562500000,2.859375000000,-0.000000000336
2.601562500000,2.882812500000,-0.000000000352
2.601562500000,2.906250000000,-0.000000000368
2.601562500000,2.929687500000,-0.000000000383
2.601562500000,2.953125000000,-0.000000000397
2.601562500000,2.976562500000,-0.000000000411
2.601562500000,3.000000000000,0.000000000000
2.625000000000,0.000000000000,0.000000000000
2.625000000000,0.023437500000,0.000000000891
2.625000000000,0.046875000000,0.000000000914
2.625000000000,0.070312500000,0.000000000937
2.625000000000,0.093750000000,0.000000000957
2.625000000000,0.117187500000,0.000000000978
2.625000000000,0.140625000000,0.000000000997
2.625000000000,0.164062500000,0.000000001017
2.625000000000,0.187500000000,0.000000001033
2.625000000000,0.210937500000,0.000000001044
2.625000000000,0.234375000000,0.000000001067
2.625000000000,0.257812500000,0.000000001083
2.625000000000,0.281250000000,0.000000001096
2.625000000000,0.304687500000,0.000000001107
2.625000000000,0.328125000000,0.000000001126
2.625000000000,0.351562500000,0.000000001130
2.625000000000,0.375000000000,0.000000001144
2.625000000000,0.398437500000,0.000000001152
2.625000000000,0.421875000000,0.000000001163
2.625000000000,0.445312500000,0.000000001171
2.625000000000,0.468750000000,0.000000001181
2.625000000000,0.492187500000,0.000000001182
2.625000000000,0.515625000000,0.000000001190
2.625000000000,0.539062500000,0.000000001193
2.625000000000,0.562500000000,0.000000001200
2.625000000000,0.585937500000,0.000000001204
2.625000000000,0.609375000000,0.000000001202
2.625000000000,0.632812500000,0.000000001210
2.625000000000,0.656250000000,0.000000001203
2.625000000000,0.679687500000,0.000000001204
2.625000000000,0.703125000000,0.000000001207
2.625000000000,0.726562500000,0.000000001204
2.625000000000,0.750000000000,0.000000001200
2.625000000000,0.773437500000,0.000000001199
2.625000000000,0.796875000000,0.000000001195
2.625000000000,0.820312500000,0.000000001191
2.625000000000,0.843750000000,0.000000001186
2.625000000000,0.867187500000,0.000000001181
2.625000000000,0.890625000000,0.000000001173
2.625000000000,0.914062500000,0.000000001167
2.625000000000,0.937500000000,0.000000001160
2.625000000000,0.960937500000,0.000000001152
2.625000000000,0.984375000000,0.000000001141
2.625000000000,1.007812500000,0.000000001130
2.625000000000,1.031250000000,0.000000001123
2.625000000000,1.054687500000,0.000000001109
2.625000000000,1.078125000000,0.000000001100
2.625000000000,1.101562500000,0.000000001088
2.625000000000,1.125000000000,0.000000001074
2.625000000000,1.148437500000,0.000000001063
2.625000000000,1.171875000000,0.000000001048
2.625000000000,1.195312500000,0.000000001031
2.625000000000,1.218750000000,0.000000001022
2.625000000000,1.242187500000,0.000000001002
2.625000000000,1.265625000000,0.000000000990
2.625000000000,1.289062500000,0.000000000973
2.625000000000,1.312500000000,0.000000000956
2.625000000000,1.335937500000,0.000000000940
2.625000000000,1.359375000000,0.000000000922
2.625000000000,1.382812500000,0.000000000904
2.625000000000,1.406250000000,0.000000000889
2.625000000000,1.429687500000,0.000000000867
2.625000000000,1.453125000000,0.000000000852
2.625000000000,1.476562500000,0.000000000828
2.625000000000,1.500000000000,0.000000000814
2.625000000000,1.523437500000,0.000000000793
2.625000000000,1.546875000000,0.000000000772
2.625000000000,1.570312500000,0.000000000750
2.625000000000,1.593750000000,0.000000000733
2.625000000000,1.617187500000,0.000000000711
2.625000000000,1.640625000000,0.000000000690
2.625000000000,1.664062500000,0.000000000672
2.625000000000,1.687500000000,0.000000000649
2.625000000000,1.710937500000,0.000000000628
2.625000000000,1.734375000000,0.000000000607
2.625000000000,1.757812500000,0.000000000585
2.625000000000,1.781250000000,0.000000000562
2.625000000000,1.804687500000,0.000000000544
2.625000000000,1.828125000000,0.000000000521
2.625000000000,1.851562500000,0.000000000497
2.625000000000,1.875000000000,0.000000000476
2.625000000000,1.898437500000,0.000000000454
2.625000000000,1.921875000000,0.000000000433
2.625000000000,1.945312500000,0.000000000410
2.625000000000,1.968750000000,0.000000000388
2.625000000000,1.992187500000,0.000000000366
2.625000000000,2.015625000000,0.000000000345
2.625000000000,2.039062500000,0.000000000323
2.625000000000,2.062500000000,0.000000000302
2.625000000000,2.085937500000,0.000000000278
2.625000000000,2.109375000000,0.000000000257
2.625000000000,2.132812500000,0.000000000236
2.625000000000,2.156250000000,0.000000000213
2.625000000000,2.179687500000,0.000000000194
2.625000000000,2.203125000000,0.000000000176
2.625000000000,2.226562500000,0.000000000152
2.625000000000,2.250000000000,0.000000000129
2.625000000000,2.273437500000,0.000000000107
2.625000000000,2.296875000000,0.000000000095
2.625000000000,2.320312500000,0.000000000063
2.625000000000,2.343750000000,0.000000000052
2.625000000000,2.367187500000,0.000000000028
2.625000000000,2.390625000000,0.000000000007
2.625000000000,2.414062500000,-0.000000000009
2.625000000000,2.437500000000,-0.000000000031
2.625000000000,2.460937500000,-0.000000000048
2.625000000000,2.484375000000,-0.000000000067
2.625000000000,2.507812500000,-0.000000000086
2.625000000000,2.531250000000,-0.000000000103
2.625000000000,2.554687500000,-0.000000000122
2.625000000000,2.578125000000,-0.000000000137
2.625000000000,2.601562500000,-0.000000000157
2.625000000000,2.625000000000,-0.000000000173
2.625000000000,2.648437500000,-0.000000000191
2.625000000000,2.671875000000,-0.000000000206
2.625000000000,2.695312500000,-0.000000000217
2.625000000000,2.718750000000,-0.000000000242
2.625000000000,2.742187500000,-0.000000000254
2.625000000000,2.765625000000,-0.000000000269
2.625000000000,2.789062500000,-0.000000000285
2.625000000000,2.812500000000,-0.000000000297
2.625000000000,2.835937500000,-0.000000000311
2.625000000000,2.859375000000,-0.000000000325
2.625000000000,2.882812500000,-0.000000000339
2.625000000000,2.906250000000,-0.000000000352
2.625000000000,2.929687500000,-0.000000000364
2.625000000000,2.953125000000,-0.000000000375
2.625000000000,2.976562500000,-0.000000000387
2.625000000000,3.000000000000,0.000000000000
2.648437500000,0.000000000000,0.000000000000
2.648437500000,0.023437500000,0.000000000828
2.648437500000,0.046875000000,0.000000000849
2.648437500000,0.070312500000,0.000000000864
2.648437500000,0.093750000000,0.000000000880
2.648437500000,0.117187500000,0.000000000897
2.648437500000,0.140625000000,0.000000000909
2.648437500000,0.164062500000,0.000000000928
2.648437500000,0.187500000000,0.000000000938
2.648437500000,0.210937500000,0.000000000953
2.648437500000,0.234375000000,0.000000000962
2.648437500000,0.257812500000,0.000000000974
2.648437500000,0.281250000000,0.000000000985
2.648437500000,0.304687500000,0.000000000996
2.648437500000,0.328125000000,0.000000001001
2.648437500000,0.351562500000,0.000000001008
2.648437500000,0.375000000000,0.000000001022
2.648437500000,0.398437500000,0.000000001027
2.648437500000,0.421875000000,0.000000001028
2.648437500000,0.445312500000,0.000000001037
2.648437500000,0.468750000000,0.000000001039
2.648437500000,0.492187500000,0.000000001042
2.648437500000,0.515625000000,0.000000001045
2.648437500000,0.539062500000,0.000000001051
2.648437500000,0.562500000000,0.000000001049
2.648437500000,0.585937500000,0.000000001050
2.648437500000,0.609375000000,0.000000001056
2.648437500000,0.632812500000,0.000000001050
2.648437500000,0.656250000000,0.000000001052
2.648437500000,0.679687500000,0.000000001049
2.648437500000,0.703125000000,0.000000001044
2.648437500000,0.726562500000,0.000000001044
2.648437500000,0.750000000000,0.000000001040
2.648437500000,0.773437500000,0.000000001035
2.648437500000,0.796875000000,0.000000001031
2.648437500000,0.820312500000,0.000000001026
2.648437500000,0.843750000000,0.000000001018
2.648437500000,0.867187500000,0.000000001012
2.648437500000,0.890625000000,0.000000001005
2.648437500000,0.914062500000,0.000000000998
2.648437500000,0.937500000000,0.000000000989
2.648437500000,0.960937500000,0.000000000981
2.648437500000,0.984375000000,0.000000000970
2.648437500000,1.007812500000,0.000000000961
2.648437500000,1.031250000000,0.000000000951
2.648437500000,1.054687500000,0.000000000940
2.648437500000,1.078125000000,0.000000000929
2.648437500000,1.101562500000,0.000000000917
2.648437500000,1.125000000000,0.000000000904
2.648437500000,1.148437500000,0.000000000893
2.648437500000,1.171875000000,0.000000000878
2.648437500000,1.195312500000,0.000000000867
2.648437500000,1.218750000000,0.000000000850
2.648437500000,1.242187500000,0.000000000838
2.648437500000,1.265625000000,0.000000000824
2.648437500000,1.289062500000,0.000000000809
2.648437500000,1.312500000000,0.000000000790
2.648437500000,1.335937500000,0.000000000782
2.648437500000,1.359375000000,0.000000000761
2.648437500000,1.382812500000,0.000000000745
2.648437500000,1.406250000000,0.000000000730
2.648437500000,1.429687500000,0.000000000711
2.648437500000,1.453125000000,0.000000000696
2.648437500000,1.476562500000,0.000000000678
2.648437500000,1.500000000000,0.000000000663
2.648437500000,1.523437500000,0.000000000640
2.648437500000,1.546875000000,0.000000000631
2.648437500000,1.570312500000,0.000000000606
2.648437500000,1.593750000000,0.000000000590
2.648437500000,1.617187500000,0.000000000572
2.648437500000,1.640625000000,0.000000000553
2.648437500000,1.664062500000,0.000000000538
2.648437500000,1.687500000000,0.000000000515
2.648437500000,1.710937500000,0.000000000497
2.648437500000,1.734375000000,0.000000000479
2.648437500000,1.757812500000,0.000000000458
2.648437500000,1.781250000000,0.000000000438
2.648437500000,1.804687500000,0.000000000420
2.648437500000,1.828125000000,0.000000000400
2.648437500000,1.851562500000,0.000000000383
2.648437500000,1.875000000000,0.000000000363
2.648437500000,1.898437500000,0.000000000345
2.648437500000,1.921875000000,0.000000000325
2.648437500000,1.945312500000,0.000000000305
2.648437500000,1.968750000000,0.000000000287
2.648437500000,1.992187500000,0.000000000267
2.648437500000,2.015625000000,0.000000000250
2.648437500000,2.039062500000,0.000000000229
2.648437500000,2.062500000000,0.000000000210
2.648437500000,2.085937500000,0.000000000192
2.648437500000,2.109375000000,0.000000000174
2.648437500000,2.132812500000,0.000000000156
2.648437500000,2.156250000000,0.000000000137
2.648437500000,2.179687500000,0.000000000120
2.648437500000,2.203125000000,0.000000000100
2.648437500000,2.226562500000,0.000000000081
2.648437500000,2.250000000000,0.000000000066
2.648437500000,2.273437500000,0.000000000044
2.648437500000,2.296875000000,0.000000000029
2.648437500000,2.320312500000,0.000000000016
2.648437500000,2.343750000000,-0.000000000008
2.648437500000,2.367187500000,-0.000000000018
2.648437500000,2.390625000000,-0.000000000037
2.648437500000,2.414062500000,-0.000000000053
2.648437500000,2.437500000000,-0.000000000074
2.648437500000,2.460937500000,-0.000000000085
2.648437500000,2.484375000000,-0.000000000099
2.648437500000,2.507812500000,-0.000000000122
2.648437500000,2.531250000000,-0.000000000134
2.648437500000,2.554687500000,-0.000000000147
2.648437500000,2.578125000000,-0.000000000160
2.648437500000,2.601562500000,-0.000000000179
2.648437500000,2.625000000000,-0.000000000191
2.648437500000,2.648437500000,-0.000000000207
2.648437500000,2.671875000000,-0.000000000220
2.648437500000,2.695312500000,-0.000000000232
2.648437500000,2.718750000000,-0.000000000243
2.648437500000,2.742187500000,-0.000000000258
2.648437500000,2.765625000000,-0.000000000268
2.648437500000,2.789062500000,-0.000000000280
2.648437500000,2.812500000000,-0.000000000293
2.648437500000,2.835937500000,-0.000000000303
2.648437500000,2.859375000000,-0.000000000315
2.648437500000,2.882812500000,-0.000000000325
2.648437500000,2.906250000000,-0.000000000334
2.648437500000,2.929687500000,-0.000000000346
2.648437500000,2.953125000000,-0.000000000354
2.648437500000,2.976562500000,-0.000000000364
2.648437500000,3.000000000000,0.000000000000
2.671875000000,0.000000000000,0.000000000000
2.671875000000,0.023437500000,0.000000000768
2.671875000000,0.046875000000,0.000000000782
2.671875000000,0.070312500000,0.000000000792
2.671875000000,0.093750000000,0.000000000805
2.671875000000,0.117187500000,0.000000000817
2.671875000000,0.140625000000,0.000000000827
2.671875000000,0.164062500000,0.000000000836
2.671875000000,0.187500000000,0.000000000845
2.671875000000,0.210937500000,0.000000000852
2.671875000000,0.234375000000,0.000000000861
2.671875000000,0.257812500000,0.000000000870
2.671875000000,0.281250000000,0.000000000876
2.671875000000,0.304687500000,0.000000000880
2.671875000000,0.328125000000,0.000000000890
2.671875000000,0.351562500000,0.000000000890
2.671875000000,0.375000000000,0.000000000894
2.671875000000,0.398437500000,0.000000000897
2.671875000000,0.421875000000,0.000000000903
2.671875000000,0.445312500000,0.000000000902
2.671875000000,0.468750000000,0.000000000906
2.671875000000,0.492187500000,0.000000000906
2.671875000000,0.515625000000,0.000000000907
2.671875000000,0.539062500000,0.000000000906
2.671875000000,0.562500000000,0.000000000901
2.671875000000,0.585937500000,0.000000000903
2.671875000000,0.609375000000,0.000000000901
2.671875000000,0.632812500000,0.000000000900
2.671875000000,0.656250000000,0.000000000894
2.671875000000,0.679687500000,0.000000000892
2.671875000000,0.703125000000,0.000000000890
2.671875000000,0.726562500000,0.000000000885
2.671875000000,0.750000000000,0.000000000878
2.671875000000,0.773437500000,0.000000000874
2.671875000000,0.796875000000,0.000000000868
2.671875000000,0.820312500000,0.000000000860
2.671875000000,0.843750000000,0.000000000852
2.671875000000,0.867187500000,0.000000000846
2.671875000000,0.890625000000,0.000000000837
2.671875000000,0.914062500000,0.000000000830
2.671875000000,0.937500000000,0.000000000820
2.671875000000,0.960937500000,0.000000000812
2.671875000000,0.984375000000,0.000000000802
2.671875000000,1.007812500000,0.000000000792
2.671875000000,1.031250000000,0.000000000782
2.671875000000,1.054687500000,0.000000000770
2.671875000000,1.078125000000,0.000000000761
2.671875000000,1.101562500000,0.000000000748
2.671875000000,1.125000000000,0.000000000736
2.671875000000,1.148437500000,0.000000000725
2.671875000000,1.171875000000,0.000000000711
2.671875000000,1.195312500000,0.000000000699
2.671875000000,1.218750000000,0.000000000684
2.671875000000,1.242187500000,0.000000000673
2.671875000000,1.265625000000,0.000000000660
2.671875000000,1.289062500000,0.000000000642
2.671875000000,1.312500000000,0.000000000634
2.671875000000,1.335937500000,0.000000000614
2.671875000000,1.359375000000,0.000000000602
2.671875000000,1.382812500000,0.000000000588
2.671875000000,1.406250000000,0.000000000573
2.671875000000,1.429687500000,0.000000000557
2.671875000000,1.453125000000,0.000000000542
2.671875000000,1.476562500000,0.000000000528
2.671875000000,1.500000000000,0.000000000511
2.671875000000,1.523437500000,0.000000000493
2.671875000000,1.546875000000,0.000000000481
2.671875000000,1.570312500000,0.000000000465
2.671875000000,1.593750000000,0.000000000446
2.671875000000,1.617187500000,0.000000000429
2.671875000000,1.640625000000,0.000000000417
2.671875000000,1.664062500000,0.000000000397
2.671875000000,1.687500000000,0.000000000380
2.671875000000,1.710937500000,0.000000000366
2.671875000000,1.734375000000,0.000000000350
2.671875000000,1.757812500000,0.000000000335
2.671875000000,1.781250000000,0.000000000316
2.671875000000,1.804687500000,0.000000000301
2.671875000000,1.828125000000,0.000000000285
2.671875000000,1.851562500000,0.000000000267
2.671875000000,1.875000000000,0.000000000251
2.671875000000,1.898437500000,0.000000000235
2.671875000000,1.921875000000,0.000000000218
2.671875000000,1.945312500000,0.000000000201
2.671875000000,1.968750000000,0.000000000186
2.671875000000,1.992187500000,0.000000000170
2.671875000000,2.015625000000,0.000000000153
2.671875000000,2.039062500000,0.000000000137
2.671875000000,2.062500000000,0.000000000122
2.671875000000,2.085937500000,0.000000000106
2.671875000000,2.109375000000,0.000000000092
2.671875000000,2.132812500000,0.000000000073
2.671875000000,2.156250000000,0.000000000060
2.671875000000,2.179687500000,0.000000000045
2.671875000000,2.203125000000,0.000000000030
2.671875000000,2.226562500000,0.000000000013
2.671875000000,2.250000000000,-0.000000000000
2.671875000000,2.273437500000,-0.000000000014
2.671875000000,2.296875000000,-0.000000000031
2.671875000000,2.320312500000,-0.000000000041
2.671875000000,2.343750000000,-0.000000000056
2.671875000000,2.367187500000,-0.000000000072
2.671875000000,2.390625000000,-0.000000000084
2.671875000000,2.414062500000,-0.000000000095
2.671875000000,2.437500000000,-0.000000000109
2.671875000000,2.460937500000,-0.000000000127
2.671875000000,2.484375000000,-0.000000000137
2.671875000000,2.507812500000,-0.000000000146
2.671875000000,2.531250000000,-0.000000000160
2.671875000000,2.554687500000,-0.000000000169
2.671875000000,2.578125000000,-0.000000000187
2.671875000000,2.601562500000,-0.000000000197
2.671875000000,2.625000000000,-0.000000000209
2.671875000000,2.648437500000,-0.000000000218
2.671875000000,2.671875000000,-0.000000000224
2.671875000000,2.695312500000,-0.000000000240
2.671875000000,2.718750000000,-0.000000000248
2.671875000000,2.742187500000,-0.000000000257
2.671875000000,2.765625000000,-0.000000000268
2.671875000000,2.789062500000,-0.000000000278
2.671875000000,2.812500000000,-0.000000000287
2.671875000000,2.835937500000,-0.000000000295
2.671875000000,2.859375000000,-0.000000000304
2.671875000000,2.882812500000,-0.000000000312
2.671875000000,2.906250000000,-0.000000000319
2.671875000000,2.929687500000,-0.000000000327
2.671875000000,2.953125000000,-0.000000000333
2.671875000000,2.976562500000,-0.000000000340
2.671875000000,3.000000000000,0.000000000000
2.695312500000,0.000000000000,0.000000000000
2.695312500000,0.023437500000,0.000000000707
2.695312500000,0.046875000000,0.000000000716
2.695312500000,0.070312500000,0.000000000721
2.695312500000,0.093750000000,0.000000000731
2.695312500000,0.117187500000,0.000000000736
2.695312500000,0.140625000000,0.000000000741
2.695312500000,0.164062500000,0.000000000749
2.695312500000,0.187500000000,0.000000000751
2.695312500000,0.210937500000,0.000000000758
2.695312500000,0.234375000000,0.000000000759
2.695312500000,0.257812500000,0.000000000767
2.695312500000,0.281250000000,0.000000000763
2.695312500000,0.304687500000,0.000000000767
2.695312500000,0.328125000000,0.000000000772
2.695312500000,0.351562500000,0.000000000769
2.695312500000,0.375000000000,0.000000000773
2.695312500000,0.398437500000,0.000000000774
2.695312500000,0.421875000000,0.000000000771
2.695312500000,0.445312500000,0.000000000773
2.695312500000,0.468750000000,0.000000000767
2.695312500000,0.492187500000,0.000000000766
2.695312500000,0.515625000000,0.000000000763
2.695312500000,0.539062500000,0.000000000766
2.695312500000,0.562500000000,0.000000000759
2.695312500000,0.585937500000,0.000000000756
2.695312500000,0.609375000000,0.000000000753
2.695312500000,0.632812500000,0.000000000747
2.695312500000,0.656250000000,0.000000000746
2.695312500000,0.679687500000,0.000000000737
2.695312500000,0.703125000000,0.000000000731
2.695312500000,0.726562500000,0.000000000722
2.695312500000,0.750000000000,0.000000000717
2.695312500000,0.773437500000,0.000000000712
2.695312500000,0.796875000000,0.000000000705
2.695312500000,0.820312500000,0.000000000699
2.695312500000,0.843750000000,0.000000000689
2.695312500000,0.867187500000,0.000000000680
2.695312500000,0.890625000000,0.000000000673
2.695312500000,0.914062500000,0.000000000663
2.695312500000,0.937500000000,0.000000000653
2.695312500000,0.960937500000,0.000000000644
2.695312500000,0.984375000000,0.000000000635
2.695312500000,1.007812500000,0.000000000623
2.695312500000,1.031250000000,0.000000000615
2.695312500000,1.054687500000,0.000000000602
2.695312500000,1.078125000000,0.000000000592
2.695312500000,1.101562500000,0.000000000581
2.695312500000,1.125000000000,0.000000000569
2.695312500000,1.148437500000,0.000000000558
2.695312500000,1.171875000000,0.000000000545
2.695312500000,1.195312500000,0.000000000538
2.695312500000,1.218750000000,0.000000000519
2.695312500000,1.242187500000,0.000000000510
2.695312500000,1.265625000000,0.000000000496
2.695312500000,1.289062500000,0.000000000486
2.695312500000,1.312500000000,0.000000000472
2.695312500000,1.335937500000,0.000000000457
2.695312500000,1.359375000000,0.000000000445
2.695312500000,1.382812500000,0.000000000430
2.695312500000,1.406250000000,0.000000000418
2.695312500000,1.429687500000,0.000000000406
2.695312500000,1.453125000000,0.000000000387
2.695312500000,1.476562500000,0.000000000378
2.695312500000,1.500000000000,0.000000000362
2.695312500000,1.523437500000,0.000000000354
2.695312500000,1.546875000000,0.000000000334
2.695312500000,1.570312500000,0.000000000322
2.695312500000,1.593750000000,0.000000000309
2.695312500000,1.617187500000,0.000000000296
2.695312500000,1.640625000000,0.000000000279
2.695312500000,1.664062500000,0.000000000269
2.695312500000,1.687500000000,0.000000000252
2.695312500000,1.710937500000,0.000000000236
2.695312500000,1.734375000000,0.000000000221
2.695312500000,1.757812500000,0.000000000210
2.695312500000,1.781250000000,0.000000000196
2.695312500000,1.804687500000,0.000000000181
2.695312500000,1.828125000000,0.000000000167
2.695312500000,1.851562500000,0.000000000154
2.695312500000,1.875000000000,0.000000000140
2.695312500000,1.898437500000,0.000000000127
2.695312500000,1.921875000000,0.000000000114
2.695312500000,1.945312500000,0.000000000099
2.695312500000,1.968750000000,0.000000000087
2.695312500000,1.992187500000,0.000000000073
2.695312500000,2.015625000000,0.000000000059
2.695312500000,2.039062500000,0.000000000047
2.695312500000,2.062500000000,0.000000000035
2.695312500000,2.085937500000,0.000000000019
2.695312500000,2.109375000000,0.000000000011
2.695312500000,2.132812500000,-0.000000000004
2.695312500000,2.156250000000,-0.000000000016
2.695312500000,2.179687500000,-0.000000000029
2.695312500000,2.203125000000,-0.000000000041
2.695312500000,2.226562500000,-0.000000000049
2.695312500000,2.250000000000,-0.000000000066
2.695312500000,2.273437500000,-0.000000000074
2.695312500000,2.296875000000,-0.000000000087
2.695312500000,2.320312500000,-0.000000000099
2.695312500000,2.343750000000,-0.000000000108
2.695312500000,2.367187500000,-0.000000000121
2.695312500000,2.390625000000,-0.000000000128
2.695312500000,2.414062500000,-0.000000000141
2.695312500000,2.437500000000,-0.000000000152
2.695312500000,2.460937500000,-0.000000000160
2.695312500000,2.484375000000,-0.000000000171
2.695312500000,2.507812500000,-0.000000000180
2.695312500000,2.531250000000,-0.000000000190
2.695312500000,2.554687500000,-0.000000000197
2.695312500000,2.578125000000,-0.000000000207
2.695312500000,2.601562500000,-0.000000000216
2.695312500000,2.625000000000,-0.000000000221
2.695312500000,2.648437500000,-0.000000000231
2.695312500000,2.671875000000,-0.000000000238
2.695312500000,2.695312500000,-0.000000000245
2.695312500000,2.718750000000,-0.000000000253
2.695312500000,2.742187500000,-0.000000000259
2.695312500000,2.765625000000,-0.000000000267
2.695312500000,2.789062500000,-0.000000000272
2.695312500000,2.812500000000,-0.000000000280
2.695312500000,2.835937500000,-0.000000000285
2.695312500000,2.859375000000,-0.000000000292
2.695312500000,2.882812500000,-0.000000000296
2.695312500000,2.906250000000,-0.000000000302
2.695312500000,2.929687500000,-0.000000000307
2.695312500000,2.953125000000,-0.000000000312
2.695312500000,2.976562500000,-0.000000000316
2.695312500000,3.000000000000,0.000000000000
2.718750000000,0.000000000000,0.000000000000
2.718750000000,0.023437500000,0.000000000646
2.718750000000,0.046875000000,0.000000000649
2.718750000000,0.070312500000,0.000000000653
2.718750000000,0.093750000000,0.000000000655
2.718750000000,0.117187500000,0.000000000657
2.718750000000,0.140625000000,0.000000000658
2.718750000000,0.164062500000,0.000000000658
2.718750000000,0.187500000000,0.000000000660
2.718750000000,0.210937500000,0.000000000660
2.718750000000,0.234375000000,0.000000000659
2.718750000000,0.257812500000,0.000000000658
2.718750000000,0.281250000000,0.000000000658
2.718750000000,0.304687500000,0.000000000658
2.718750000000,0.328125000000,0.000000000654
2.718750000000,0.351562500000,0.000000000651
2.718750000000,0.375000000000,0.000000000649
2.718750000000,0.398437500000,0.000000000645
2.718750000000,0.421875000000,0.000000000640
2.718750000000,0.445312500000,0.000000000640
2.718750000000,0.468750000000,0.000000000637
2.718750000000,0.492187500000,0.000000000632
2.718750000000,0.515625000000,0.000000000627
2.718750000000,0.539062500000,0.000000000619
2.718750000000,0.562500000000,0.000000000614
2.718750000000,0.585937500000,0.000000000607
2.718750000000,0.609375000000,0.000000000601
2.718750000000,0.632812500000,0.000000000599
2.718750000000,0.656250000000,0.000000000587
2.718750000000,0.679687500000,0.000000000584
2.718750000000,0.703125000000,0.000000000575
2.718750000000,0.726562500000,0.000000000568
2.718750000000,0.750000000000,0.000000000559
2.718750000000,0.773437500000,0.000000000552
2.718750000000,0.796875000000,0.000000000543
2.718750000000,0.820312500000,0.000000000536
2.718750000000,0.843750000000,0.000000000526
2.718750000000,0.867187500000,0.000000000517
2.718750000000,0.890625000000,0.000000000507
2.718750000000,0.914062500000,0.000000000499
2.718750000000,0.937500000000,0.000000000489
2.718750000000,0.960937500000,0.000000000478
2.718750000000,0.984375000000,0.000000000469
2.718750000000,1.007812500000,0.000000000458
2.718750000000,1.031250000000,0.000000000448
2.718750000000,1.054687500000,0.000000000437
2.718750000000,1.078125000000,0.000000000425
2.718750000000,1.101562500000,0.000000000415
2.718750000000,1.125000000000,0.000000000407
2.718750000000,1.148437500000,0.000000000391
2.718750000000,1.171875000000,0.000000000381
2.718750000000,1.195312500000,0.000000000372
2.718750000000,1.218750000000,0.000000000360
2.718750000000,1.242187500000,0.000000000346
2.718750000000,1.265625000000,0.000000000336
2.718750000000,1.289062500000,0.000000000324
2.718750000000,1.312500000000,0.000000000311
2.718750000000,1.335937500000,0.000000000304
2.718750000000,1.359375000000,0.000000000287
2.718750000000,1.382812500000,0.000000000279
2.718750000000,1.406250000000,0.000000000265
2.718750000000,1.429687500000,0.000000000253
2.718750000000,1.453125000000,0.000000000240
2.718750000000,1.476562500000,0.000000000227
2.718750000000,1.500000000000,0.000000000218
2.718750000000,1.523437500000,0.000000000207
2.718750000000,1.546875000000,0.000000000190
2.718750000000,1.570312500000,0.000000000179
2.718750000000,1.593750000000,0.000000000170
2.718750000000,1.617187500000,0.000000000156
2.718750000000,1.640625000000,0.000000000146
2.718750000000,1.664062500000,0.000000000130
2.718750000000,1.687500000000,0.000000000121
2.718750000000,1.710937500000,0.000000000113
2.718750000000,1.734375000000,0.000000000098
2.718750000000,1.757812500000,0.000000000086
2.718750000000,1.781250000000,0.000000000075
2.718750000000,1.804687500000,0.000000000063
2.718750000000,1.828125000000,0.000000000052
2.718750000000,1.851562500000,0.000000000041
2.718750000000,1.875000000000,0.000000000030
2.718750000000,1.898437500000,0.000000000020
2.718750000000,1.921875000000,0.000000000009
2.718750000000,1.945312500000,-0.000000000002
2.718750000000,1.968750000000,-0.000000000013
2.718750000000,1.992187500000,-0.000000000022
2.718750000000,2.015625000000,-0.000000000034
2.718750000000,2.039062500000,-0.000000000043
2.718750000000,2.062500000000,-0.000000000053
2.718750000000,2.085937500000,-0.000000000064
2.718750000000,2.109375000000,-0.000000000073
2.718750000000,2.132812500000,-0.000000000082
2.718750000000,2.156250000000,-0.000000000091
2.718750000000,2.179687500000,-0.000000000103
2.718750000000,2.203125000000,-0.000000000109
2.718750000000,2.226562500000,-0.000000000119
2.718750000000,2.250000000000,-0.000000000126
2.718750000000,2.273437500000,-0.000000000136
2.718750000000,2.296875000000,-0.000000000143
2.718750000000,2.320312500000,-0.000000000152
2.718750000000,2.343750000000,-0.000000000163
2.718750000000,2.367187500000,-0.000000000167
2.718750000000,2.390625000000,-0.000000000176
2.718750000000,2.414062500000,-0.000000000183
2.718750000000,2.437500000000,-0.000000000190
2.718750000000,2.460937500000,-0.000000000197
2.718750000000,2.484375000000,-0.000000000201
2.718750000000,2.507812500000,-0.000000000206
2.718750000000,2.531250000000,-0.000000000216
2.718750000000,2.554687500000,-0.000000000223
2.718750000000,2.578125000000,-0.000000000226
2.718750000000,2.601562500000,-0.000000000234
2.718750000000,2.625000000000,-0.000000000240
2.718750000000,2.648437500000,-0.000000000241
2.718750000000,2.671875000000,-0.000000000247
2.718750000000,2.695312500000,-0.000000000252
2.718750000000,2.718750000000,-0.000000000260
2.718750000000,2.742187500000,-0.000000000261
2.718750000000,2.765625000000,-0.000000000269
2.718750000000,2.789062500000,-0.000000000271
2.718750000000,2.812500000000,-0.000000000274
2.718750000000,2.835937500000,-0.000000000279
2.718750000000,2.859375000000,-0.000000000281
2.718750000000,2.882812500000,-0.000000000283
2.718750000000,2.906250000000,-0.000000000287
2.718750000000,2.929687500000,-0.000000000289
2.718750000000,2.953125000000,-0.000000000292
2.718750000000,2.976562500000,-0.000000000293
2.718750000000,3.000000000000,0.000000000000
2.742187500000,0.000000000000,0.000000000000
2.742187500000,0.023437500000,0.000000000585
2.742187500000,0.046875000000,0.000000000584
2.742187500000,0.070312500000,0.000000000584
2.742187500000,0.093750000000,0.000000000579
2.742187500000,0.117187500000,0.000000000578
2.742187500000,0.140625000000,0.000000000574
2.742187500000,0.164062500000,0.000000000573
2.742187500000,0.187500000000,0.000000000566
2.742187500000,0.210937500000,0.000000000563
2.742187500000,0.234375000000,0.000000000561
2.742187500000,0.257812500000,0.000000000555
2.742187500000,0.281250000000,0.000000000551
2.742187500000,0.304687500000,0.000000000546
2.742187500000,0.328125000000,0.000000000543
2.742187500000,0.351562500000,0.000000000533
2.742187500000,0.375000000000,0.000000000528
2.742187500000,0.398437500000,0.000000000524
2.742187500000,0.421875000000,0.000000000516
2.742187500000,0.445312500000,0.000000000508
2.742187500000,0.468750000000,0.000000000503
2.742187500000,0.492187500000,0.000000000496
2.742187500000,0.515625000000,0.000000000488
2.742187500000,0.539062500000,0.000000000480
2.742187500000,0.562500000000,0.000000000475
2.742187500000,0.585937500000,0.000000000463
2.742187500000,0.609375000000,0.000000000454
2.742187500000,0.632812500000,0.000000000451
2.742187500000,0.656250000000,0.000000000439
2.742187500000,0.679687500000,0.000000000429
2.742187500000,0.703125000000,0.000000000421
2.742187500000,0.726562500000,0.000000000412
2.742187500000,0.750000000000,0.000000000402
2.742187500000,0.773437500000,0.000000000393
2.742187500000,0.796875000000,0.000000000384
2.742187500000,0.820312500000,0.000000000373
2.742187500000,0.843750000000,0.000000000365
2.742187500000,0.867187500000,0.000000000355
2.742187500000,0.890625000000,0.000000000346
2.742187500000,0.914062500000,0.000000000335
2.742187500000,0.937500000000,0.000000000325
2.742187500000,0.960937500000,0.000000000315
2.742187500000,0.984375000000,0.000000000304
2.742187500000,1.007812500000,0.000000000294
2.742187500000,1.031250000000,0.000000000283
2.742187500000,1.054687500000,0.000000000273
2.742187500000,1.078125000000,0.000000000263
2.742187500000,1.101562500000,0.000000000250
2.742187500000,1.125000000000,0.000000000242
2.742187500000,1.148437500000,0.000000000230
2.742187500000,1.171875000000,0.000000000220
2.742187500000,1.195312500000,0.000000000209
2.742187500000,1.218750000000,0.000000000197
2.742187500000,1.242187500000,0.000000000188
2.742187500000,1.265625000000,0.000000000177
2.742187500000,1.289062500000,0.000000000165
2.742187500000,1.312500000000,0.000000000153
2.742187500000,1.335937500000,0.000000000148
2.742187500000,1.359375000000,0.000000000133
2.742187500000,1.382812500000,0.000000000124
2.742187500000,1.406250000000,0.000000000109
2.742187500000,1.429687500000,0.000000000107
2.742187500000,1.453125000000,0.000000000093
2.742187500000,1.476562500000,0.000000000080
2.742187500000,1.500000000000,0.000000000072
2.742187500000,1.523437500000,0.000000000063
2.742187500000,1.546875000000,0.000000000053
2.742187500000,1.570312500000,0.000000000041
2.742187500000,1.593750000000,0.000000000030
2.742187500000,1.617187500000,0.000000000023
2.742187500000,1.640625000000,0.000000000012
2.742187500000,1.664062500000,0.000000000005
2.742187500000,1.687500000000,-0.000000000008
2.742187500000,1.710937500000,-0.000000000016
2.742187500000,1.734375000000,-0.000000000025
2.742187500000,1.757812500000,-0.000000000035
2.742187500000,1.781250000000,-0.000000000042
2.742187500000,1.804687500000,-0.000000000051
2.742187500000,1.828125000000,-0.000000000061
2.742187500000,1.851562500000,-0.000000000069
2.742187500000,1.875000000000,-0.000000000078
2.742187500000,1.898437500000,-0.000000000086
2.742187500000,1.921875000000,-0.000000000094
2.742187500000,1.945312500000,-0.000000000102
2.742187500000,1.968750000000,-0.000000000110
2.742187500000,1.992187500000,-0.000000000117
2.742187500000,2.015625000000,-0.000000000125
2.742187500000,2.039062500000,-0.000000000133
2.742187500000,2.062500000000,-0.000000000138
2.742187500000,2.085937500000,-0.000000000146
2.742187500000,2.109375000000,-0.000000000153
2.742187500000,2.132812500000,-0.000000000158
2.742187500000,2.156250000000,-0.000000000167
2.742187500000,2.179687500000,-0.000000000172
2.742187500000,2.203125000000,-0.000000000177
2.742187500000,2.226562500000,-0.000000000185
2.742187500000,2.250000000000,-0.000000000188
2.742187500000,2.273437500000,-0.000000000197
2.742187500000,2.296875000000,-0.000000000200
2.742187500000,2.320312500000,-0.000000000206
2.742187500000,2.343750000000,-0.000000000211
2.742187500000,2.367187500000,-0.000000000212
2.742187500000,2.390625000000,-0.000000000220
2.742187500000,2.414062500000,-0.000000000225
2.742187500000,2.437500000000,-0.000000000229
2.742187500000,2.460937500000,-0.000000000235
2.742187500000,2.484375000000,-0.000000000232
2.742187500000,2.507812500000,-0.000000000242
2.742187500000,2.531250000000,-0.000000000244
2.742187500000,2.554687500000,-0.000000000247
2.742187500000,2.578125000000,-0.000000000248
2.742187500000,2.601562500000,-0.000000000252
2.742187500000,2.625000000000,-0.000000000254
2.742187500000,2.648437500000,-0.000000000257
2.742187500000,2.671875000000,-0.000000000260
2.742187500000,2.695312500000,-0.000000000259
2.742187500000,2.718750000000,-0.000000000262
2.742187500000,2.742187500000,-0.000000000262
2.742187500000,2.765625000000,-0.000000000265
2.742187500000,2.789062500000,-0.000000000267
2.742187500000,2.812500000000,-0.000000000266
2.742187500000,2.835937500000,-0.000000000269
2.742187500000,2.859375000000,-0.000000000269
2.742187500000,2.882812500000,-0.000000000269
2.742187500000,2.906250000000,-0.000000000270
2.742187500000,2.929687500000,-0.000000000270
2.742187500000,2.953125000000,-0.000000000271
2.742187500000,2.976562500000,-0.000000000270
2.742187500000,3.000000000000,0.000000000000
2.765625000000,0.000000000000,0.000000000000
2.765625000000,0.023437500000,0.000000000526
2.765625000000,0.046875000000,0.000000000519
2.765625000000,0.070312500000,0.000000000513
2.765625000000,0.093750000000,0.000000000506
2.765625000000,0.117187500000,0.000000000499
2.765625000000,0.140625000000,0.000000000491
2.765625000000,0.164062500000,0.000000000486
2.765625000000,0.187500000000,0.000000000477
2.765625000000,0.210937500000,0.000000000470
2.765625000000,0.234375000000,0.000000000461
2.765625000000,0.257812500000,0.000000000451
2.765625000000,0.281250000000,0.000000000445
2.765625000000,0.304687500000,0.000000000437
2.765625000000,0.328125000000,0.000000000427
2.765625000000,0.351562500000,0.000000000415
2.765625000000,0.375000000000,0.000000000409
2.765625000000,0.398437500000,0.000000000401
2.765625000000,0.421875000000,0.000000000390
2.765625000000,0.445312500000,0.000000000383
2.765625000000,0.468750000000,0.000000000369
2.765625000000,0.492187500000,0.000000000362
2.765625000000,0.515625000000,0.000000000352
2.765625000000,0.539062500000,0.000000000339
2.765625000000,0.562500000000,0.000000000331
2.765625000000,0.585937500000,0.000000000323
2.765625000000,0.609375000000,0.000000000310
2.765625000000,0.632812500000,0.000000000299
2.765625000000,0.656250000000,0.000000000293
2.765625000000,0.679687500000,0.000000000281
2.765625000000,0.703125000000,0.000000000269
2.765625000000,0.726562500000,0.000000000258
2.765625000000,0.750000000000,0.000000000250
2.765625000000,0.773437500000,0.000000000237
2.765625000000,0.796875000000,0.000000000228
2.765625000000,0.820312500000,0.000000000216
2.765625000000,0.843750000000,0.000000000204
2.765625000000,0.867187500000,0.000000000195
2.765625000000,0.890625000000,0.000000000184
2.765625000000,0.914062500000,0.000000000173
2.765625000000,0.937500000000,0.000000000163
2.765625000000,0.960937500000,0.000000000152
2.765625000000,0.984375000000,0.000000000140
2.765625000000,1.007812500000,0.000000000132
2.765625000000,1.031250000000,0.000000000120
2.765625000000,1.054687500000,0.000000000110
2.765625000000,1.078125000000,0.000000000100
2.765625000000,1.101562500000,0.000000000089
2.765625000000,1.125000000000,0.000000000080
2.765625000000,1.148437500000,0.000000000070
2.765625000000,1.171875000000,0.000000000058
2.765625000000,1.195312500000,0.000000000050
2.765625000000,1.218750000000,0.000000000039
2.765625000000,1.242187500000,0.000000000029
2.765625000000,1.265625000000,0.000000000022
2.765625000000,1.289062500000,0.000000000008
2.765625000000,1.312500000000,0.000000000002
2.765625000000,1.335937500000,-0.000000000009
2.765625000000,1.359375000000,-0.000000000016
2.765625000000,1.382812500000,-0.000000000028
2.765625000000,1.406250000000,-0.000000000036
2.765625000000,1.429687500000,-0.000000000044
2.765625000000,1.453125000000,-0.000000000055
2.765625000000,1.476562500000,-0.000000000064
2.765625000000,1.500000000000,-0.000000000070
2.765625000000,1.523437500000,-0.000000000078
2.765625000000,1.546875000000,-0.000000000088
2.765625000000,1.570312500000,-0.000000000095
2.765625000000,1.593750000000,-0.000000000103
2.765625000000,1.617187500000,-0.000000000110
2.765625000000,1.640625000000,-0.000000000119
2.765625000000,1.664062500000,-0.000000000125
2.765625000000,1.687500000000,-0.000000000135
2.765625000000,1.710937500000,-0.000000000142
2.765625000000,1.734375000000,-0.000000000148
2.765625000000,1.757812500000,-0.000000000152
2.765625000000,1.781250000000,-0.000000000162
2.765625000000,1.804687500000,-0.000000000168
2.765625000000,1.828125000000,-0.000000000173
2.765625000000,1.851562500000,-0.000000000178
2.765625000000,1.875000000000,-0.000000000184
2.765625000000,1.898437500000,-0.000000000190
2.765625000000,1.921875000000,-0.000000000196
2.765625000000,1.945312500000,-0.000000000201
2.765625000000,1.968750000000,-0.000000000206
2.765625000000,1.992187500000,-0.000000000211
2.765625000000,2.015625000000,-0.000000000216
2.765625000000,2.039062500000,-0.000000000220
2.765625000000,2.062500000000,-0.000000000224
2.765625000000,2.085937500000,-0.000000000227
2.765625000000,2.109375000000,-0.000000000233
2.765625000000,2.132812500000,-0.000000000235
2.765625000000,2.156250000000,-0.000000000239
2.765625000000,2.179687500000,-0.000000000244
2.765625000000,2.203125000000,-0.000000000246
2.765625000000,2.226562500000,-0.000000000249
2.765625000000,2.250000000000,-0.000000000252
2.765625000000,2.273437500000,-0.000000000251
2.765625000000,2.296875000000,-0.000000000255
2.765625000000,2.320312500000,-0.000000000259
2.765625000000,2.343750000000,-0.000000000260
2.765625000000,2.367187500000,-0.000000000261
2.765625000000,2.390625000000,-0.000000000263
2.765625000000,2.414062500000,-0.000000000265
2.765625000000,2.437500000000,-0.000000000265
2.765625000000,2.460937500000,-0.000000000267
2.765625000000,2.484375000000,-0.000000000269
2.765625000000,2.507812500000,-0.000000000269
2.765625000000,2.531250000000,-0.000000000271
2.765625000000,2.554687500000,-0.000000000267
2.765625000000,2.578125000000,-0.000000000267
2.765625000000,2.601562500000,-0.000000000268
2.765625000000,2.625000000000,-0.000000000270
2.765625000000,2.648437500000,-0.000000000269
2.765625000000,2.671875000000,-0.000000000269
2.765625000000,2.695312500000,-0.000000000267
2.765625000000,2.718750000000,-0.000000000269
2.765625000000,2.742187500000,-0.000000000265
2.765625000000,2.765625000000,-0.000000000264
2.765625000000,2.789062500000,-0.000000000264
2.765625000000,2.812500000000,-0.000000000262
2.765625000000,2.835937500000,-0.000000000259
2.765625000000,2.859375000000,-0.000000000258
2.765625000000,2.882812500000,-0.000000000255
2.765625000000,2.906250000000,-0.000000000253
2.765625000000,2.929687500000,-0.000000000251
2.765625000000,2.953125000000,-0.000000000250
2.765625000000,2.976562500000,-0.000000000247
2.765625000000,3.000000000000,0.000000000000
2.789062500000,0.000000000000,0.000000000000
2.789062500000,0.023437500000,0.000000000465
2.789062500000,0.046875000000,0.000000000455
2.789062500000,0.070312500000,0.000000000444
2.789062500000,0.093750000000,0.000000000431
2.789062500000,0.117187500000,0.000000000421
2.789062500000,0.140625000000,0.000000000412
2.789062500000,0.164062500000,0.000000000397
2.789062500000,0.187500000000,0.000000000385
2.789062500000,0.210937500000,0.000000000376
2.789062500000,0.234375000000,0.000000000362
2.789062500000,0.257812500000,0.000000000350
2.789062500000,0.281250000000,0.000000000339
2.789062500000,0.304687500000,0.000000000325
2.789062500000,0.328125000000,0.000000000317
2.789062500000,0.351562500000,0.000000000304
2.789062500000,0.375000000000,0.000000000290
2.789062500000,0.398437500000,0.000000000278
2.789062500000,0.421875000000,0.000000000264
2.789062500000,0.445312500000,0.000000000257
2.789062500000,0.468750000000,0.000000000238
2.789062500000,0.492187500000,0.000000000228
2.789062500000,0.515625000000,0.000000000218
2.789062500000,0.539062500000,0.000000000205
2.789062500000,0.562500000000,0.000000000192
2.789062500000,0.585937500000,0.000000000179
2.789062500000,0.609375000000,0.000000000167
2.789062500000,0.632812500000,0.000000000154
2.789062500000,0.656250000000,0.000000000143
2.789062500000,0.679687500000,0.000000000132
2.789062500000,0.703125000000,0.000000000120
2.789062500000,0.726562500000,0.000000000106
2.789062500000,0.750000000000,0.000000000095
2.789062500000,0.773437500000,0.000000000082
2.789062500000,0.796875000000,0.000000000070
2.789062500000,0.820312500000,0.000000000059
2.789062500000,0.843750000000,0.000000000049
2.789062500000,0.867187500000,0.000000000037
2.789062500000,0.890625000000,0.000000000024
2.789062500000,0.914062500000,0.000000000014
2.789062500000,0.937500000000,0.000000000002
2.789062500000,0.960937500000,-0.000000000008
2.789062500000,0.984375000000,-0.000000000018
2.789062500000,1.007812500000,-0.000000000029
2.789062500000,1.031250000000,-0.000000000040
2.789062500000,1.054687500000,-0.000000000049
2.789062500000,1.078125000000,-0.000000000061
2.789062500000,1.101562500000,-0.000000000071
2.789062500000,1.125000000000,-0.000000000079
2.789062500000,1.148437500000,-0.000000000091
2.789062500000,1.171875000000,-0.000000000099
2.789062500000,1.195312500000,-0.000000000107
2.789062500000,1.218750000000,-0.000000000121
2.789062500000,1.242187500000,-0.000000000126
2.789062500000,1.265625000000,-0.000000000135
2.789062500000,1.289062500000,-0.000000000145
2.789062500000,1.312500000000,-0.000000000153
2.789062500000,1.335937500000,-0.000000000163
2.789062500000,1.359375000000,-0.000000000169
2.789062500000,1.382812500000,-0.000000000176
2.789062500000,1.406250000000,-0.000000000186
2.789062500000,1.429687500000,-0.000000000191
2.789062500000,1.453125000000,-0.000000000199
2.789062500000,1.476562500000,-0.000000000206
2.789062500000,1.500000000000,-0.000000000212
2.789062500000,1.523437500000,-0.000000000221
2.789062500000,1.546875000000,-0.000000000225
2.789062500000,1.570312500000,-0.000000000231
2.789062500000,1.593750000000,-0.000000000239
2.789062500000,1.617187500000,-0.000000000243
2.789062500000,1.640625000000,-0.000000000247
2.789062500000,1.664062500000,-0.000000000255
2.789062500000,1.687500000000,-0.000000000260
2.789062500000,1.710937500000,-0.000000000262
2.789062500000,1.734375000000,-0.000000000268
2.789062500000,1.757812500000,-0.000000000272
2.789062500000,1.781250000000,-0.000000000275
2.789062500000,1.804687500000,-0.000000000279
2.789062500000,1.828125000000,-0.000000000284
2.789062500000,1.851562500000,-0.000000000288
2.789062500000,1.875000000000,-0.000000000290
2.789062500000,1.898437500000,-0.000000000294
2.789062500000,1.921875000000,-0.000000000296
2.789062500000,1.945312500000,-0.000000000298
2.789062500000,1.968750000000,-0.000000000301
2.789062500000,1.992187500000,-0.000000000303
2.789062500000,2.015625000000,-0.000000000305
2.789062500000,2.039062500000,-0.000000000308
2.789062500000,2.062500000000,-0.000000000307
2.789062500000,2.085937500000,-0.000000000309
2.789062500000,2.109375000000,-0.000000000309
2.789062500000,2.132812500000,-0.000000000311
2.789062500000,2.156250000000,-0.000000000311
2.789062500000,2.179687500000,-0.000000000312
2.789062500000,2.203125000000,-0.000000000313
2.789062500000,2.226562500000,-0.000000000309
2.789062500000,2.250000000000,-0.000000000313
2.789062500000,2.273437500000,-0.000000000312
2.789062500000,2.296875000000,-0.000000000311
2.789062500000,2.320312500000,-0.000000000310
2.789062500000,2.343750000000,-0.000000000308
2.789062500000,2.367187500000,-0.000000000309
2.789062500000,2.390625000000,-0.000000000306
2.789062500000,2.414062500000,-0.000000000304
2.789062500000,2.437500000000,-0.000000000303
2.789062500000,2.460937500000,-0.000000000303
2.789062500000,2.484375000000,-0.000000000297
2.789062500000,2.507812500000,-0.000000000295
2.789062500000,2.531250000000,-0.000000000295
2.789062500000,2.554687500000,-0.000000000294
2.789062500000,2.578125000000,-0.000000000289
2.789062500000,2.601562500000,-0.000000000286
2.789062500000,2.625000000000,-0.000000000286
2.789062500000,2.648437500000,-0.000000000281
2.789062500000,2.671875000000,-0.000000000277
2.789062500000,2.695312500000,-0.000000000274
2.789062500000,2.718750000000,-0.000000000270
2.789062500000,2.742187500000,-0.000000000266
2.789062500000,2.765625000000,-0.000000000262
2.789062500000,2.789062500000,-0.000000000258
2.789062500000,2.812500000000,-0.000000000256
2.789062500000,2.835937500000,-0.000000000251
2.789062500000,2.859375000000,-0.000000000246
2.789062500000,2.882812500000,-0.000000000241
2.789062500000,2.906250000000,-0.000000000238
2.789062500000,2.929687500000,-0.000000000234
2.789062500000,2.953125000000,-0.000000000228
2.789062500000,2.976562500000,-0.000000000223
2.789062500000,3.000000000000,0.000000000000
2.812500000000,0.000000000000,0.000000000000
2.812500000000,0.023437500000,0.000000000405
2.812500000000,0.046875000000,0.000000000391
2.812500000000,0.070312500000,0.000000000375
2.812500000000,0.093750000000,0.000000000359
2.812500000000,0.117187500000,0.000000000345
2.812500000000,0.140625000000,0.000000000329
2.812500000000,0.164062500000,0.000000000313
2.812500000000,0.187500000000,0.000000000298
2.812500000000,0.210937500000,0.000000000281
2.812500000000,0.234375000000,0.000000000265
2.812500000000,0.257812500000,0.000000000250
2.812500000000,0.281250000000,0.000000000236
2.812500000000,0.304687500000,0.000000000217
2.812500000000,0.328125000000,0.000000000203
2.812500000000,0.351562500000,0.000000000189
2.812500000000,0.375000000000,0.000000000172
2.812500000000,0.398437500000,0.000000000155
2.812500000000,0.421875000000,0.000000000145
2.812500000000,0.445312500000,0.000000000128
2.812500000000,0.468750000000,0.000000000112
2.812500000000,0.492187500000,0.000000000099
2.812500000000,0.515625000000,0.000000000080
2.812500000000,0.539062500000,0.000000000067
2.812500000000,0.562500000000,0.000000000053
2.812500000000,0.585937500000,0.000000000039
2.812500000000,0.609375000000,0.000000000027
2.812500000000,0.632812500000,0.000000000012
2.812500000000,0.656250000000,-0.000000000005
2.812500000000,0.679687500000,-0.000000000017
2.812500000000,0.703125000000,-0.000000000032
2.812500000000,0.726562500000,-0.000000000043
2.812500000000,0.750000000000,-0.000000000058
2.812500000000,0.773437500000,-0.000000000070
2.812500000000,0.796875000000,-0.000000000083
2.812500000000,0.820312500000,-0.000000000095
2.812500000000,0.843750000000,-0.000000000107
2.812500000000,0.867187500000,-0.000000000119
2.812500000000,0.890625000000,-0.000000000132
2.812500000000,0.914062500000,-0.000000000144
2.812500000000,0.937500000000,-0.000000000156
2.812500000000,0.960937500000,-0.000000000165
2.812500000000,0.984375000000,-0.000000000178
2.812500000000,1.007812500000,-0.000000000187
2.812500000000,1.031250000000,-0.000000000200
2.812500000000,1.054687500000,-0.000000000209
2.812500000000,1.078125000000,-0.000000000220
2.812500000000,1.101562500000,-0.000000000228
2.812500000000,1.125000000000,-0.000000000238
2.812500000000,1.148437500000,-0.000000000247
2.812500000000,1.171875000000,-0.000000000258
2.812500000000,1.195312500000,-0.000000000264
2.812500000000,1.218750000000,-0.000000000274
2.812500000000,1.242187500000,-0.000000000283
2.812500000000,1.265625000000,-0.000000000286
2.812500000000,1.289062500000,-0.000000000299
2.812500000000,1.312500000000,-0.000000000306
2.812500000000,1.335937500000,-0.000000000309
2.812500000000,1.359375000000,-0.000000000317
2.812500000000,1.382812500000,-0.000000000325
2.812500000000,1.406250000000,-0.000000000329
2.812500000000,1.429687500000,-0.000000000338
2.812500000000,1.453125000000,-0.000000000342
2.812500000000,1.476562500000,-0.000000000349
2.812500000000,1.500000000000,-0.000000000350
2.812500000000,1.523437500000,-0.000000000355
2.812500000000,1.546875000000,-0.000000000363
2.812500000000,1.570312500000,-0.000000000365
2.812500000000,1.593750000000,-0.000000000371
2.812500000000,1.617187500000,-0.000000000373
2.812500000000,1.640625000000,-0.000000000377
2.812500000000,1.664062500000,-0.000000000379
2.812500000000,1.687500000000,-0.000000000383
2.812500000000,1.710937500000,-0.000000000385
2.812500000000,1.734375000000,-0.000000000386
2.812500000000,1.757812500000,-0.000000000391
2.812500000000,1.781250000000,-0.000000000390
2.812500000000,1.804687500000,-0.000000000392
2.812500000000,1.828125000000,-0.000000000394
2.812500000000,1.851562500000,-0.000000000393
2.812500000000,1.875000000000,-0.000000000395
2.812500000000,1.898437500000,-0.000000000395
2.812500000000,1.921875000000,-0.000000000395
2.812500000000,1.945312500000,-0.000000000395
2.812500000000,1.968750000000,-0.000000000394
2.812500000000,1.992187500000,-0.000000000393
2.812500000000,2.015625000000,-0.000000000393
2.812500000000,2.039062500000,-0.000000000392
2.812500000000,2.062500000000,-0.000000000390
2.812500000000,2.085937500000,-0.000000000389
2.812500000000,2.109375000000,-0.000000000387
2.812500000000,2.132812500000,-0.000000000385
2.812500000000,2.156250000000,-0.000000000381
2.812500000000,2.179687500000,-0.000000000381
2.812500000000,2.203125000000,-0.000000000377
2.812500000000,2.226562500000,-0.000000000374
2.812500000000,2.250000000000,-0.000000000372
2.812500000000,2.273437500000,-0.000000000367
2.812500000000,2.296875000000,-0.000000000363
2.812500000000,2.320312500000,-0.000000000362
2.812500000000,2.343750000000,-0.000000000359
2.812500000000,2.367187500000,-0.000000000353
2.812500000000,2.390625000000,-0.000000000348
2.812500000000,2.414062500000,-0.000000000345
2.812500000000,2.437500000000,-0.000000000338
2.812500000000,2.460937500000,-0.000000000336
2.812500000000,2.484375000000,-0.000000000329
2.812500000000,2.507812500000,-0.000000000326
2.812500000000,2.531250000000,-0.000000000318
2.812500000000,2.554687500000,-0.000000000315
2.812500000000,2.578125000000,-0.000000000310
2.812500000000,2.601562500000,-0.000000000302
2.812500000000,2.625000000000,-0.000000000297
2.812500000000,2.648437500000,-0.000000000291
2.812500000000,2.671875000000,-0.000000000287
2.812500000000,2.695312500000,-0.000000000280
2.812500000000,2.718750000000,-0.000000000275
2.812500000000,2.742187500000,-0.000000000267
2.812500000000,2.765625000000,-0.000000000262
2.812500000000,2.789062500000,-0.000000000257
2.812500000000,2.812500000000,-0.000000000249
2.812500000000,2.835937500000,-0.000000000241
2.812500000000,2.859375000000,-0.000000000235
2.812500000000,2.882812500000,-0.000000000228
2.812500000000,2.906250000000,-0.000000000222
2.812500000000,2.929687500000,-0.000000000214
2.812500000000,2.953125000000,-0.000000000208
2.812500000000,2.976562500000,-0.000000000200
2.812500000000,3.000000000000,0.000000000000
2.835937500000,0.000000000000,0.000000000000
2.835937500000,0.023437500000,0.000000000347
2.835937500000,0.046875000000,0.000000000328
2.835937500000,0.070312500000,0.000000000307
2.835937500000,0.093750000000,0.000000000288
2.835937500000,0.117187500000,0.000000000268
2.835937500000,0.140625000000,0.000000000248
2.835937500000,0.164062500000,0.000000000227
2.835937500000,0.187500000000,0.000000000210
2.835937500000,0.210937500000,0.000000000188
2.835937500000,0.234375000000,0.000000000171
2.835937500000,0.257812500000,0.000000000152
2.835937500000,0.281250000000,0.000000000132
2.835937500000,0.304687500000,0.000000000114
2.835937500000,0.328125000000,0.000000000091
2.835937500000,0.351562500000,0.000000000077
2.835937500000,0.375000000000,0.000000000058
2.835937500000,0.398437500000,0.000000000038
2.835937500000,0.421875000000,0.000000000021
2.835937500000,0.445312500000,0.000000000002
2.835937500000,0.468750000000,-0.000000000015
2.835937500000,0.492187500000,-0.000000000032
2.835937500000,0.515625000000,-0.000000000049
2.835937500000,0.539062500000,-0.000000000066
2.835937500000,0.562500000000,-0.000000000085
2.835937500000,0.585937500000,-0.000000000100
2.835937500000,0.609375000000,-0.000000000116
2.835937500000,0.632812500000,-0.000000000131
2.835937500000,0.656250000000,-0.000000000149
2.835937500000,0.679687500000,-0.000000000163
2.835937500000,0.703125000000,-0.000000000177
2.835937500000,0.726562500000,-0.000000000192
2.835937500000,0.750000000000,-0.000000000207
2.835937500000,0.773437500000,-0.000000000221
2.835937500000,0.796875000000,-0.000000000234
2.835937500000,0.820312500000,-0.000000000250
2.835937500000,0.843750000000,-0.000000000262
2.835937500000,0.867187500000,-0.000000000274
2.835937500000,0.890625000000,-0.000000000287
2.835937500000,0.914062500000,-0.000000000299
2.835937500000,0.937500000000,-0.000000000312
2.835937500000,0.960937500000,-0.000000000323
2.835937500000,0.984375000000,-0.000000000334
2.835937500000,1.007812500000,-0.000000000344
2.835937500000,1.031250000000,-0.000000000356
2.835937500000,1.054687500000,-0.000000000366
2.835937500000,1.078125000000,-0.000000000374
2.835937500000,1.101562500000,-0.000000000385
2.835937500000,1.125000000000,-0.000000000394
2.835937500000,1.148437500000,-0.000000000401
2.835937500000,1.171875000000,-0.000000000411
2.835937500000,1.195312500000,-0.000000000421
2.835937500000,1.218750000000,-0.000000000425
2.835937500000,1.242187500000,-0.000000000435
2.835937500000,1.265625000000,-0.000000000441
2.835937500000,1.289062500000,-0.000000000447
2.835937500000,1.312500000000,-0.000000000452
2.835937500000,1.335937500000,-0.000000000458
2.835937500000,1.359375000000,-0.000000000465
2.835937500000,1.382812500000,-0.000000000470
2.835937500000,1.406250000000,-0.000000000474
2.835937500000,1.429687500000,-0.000000000479
2.835937500000,1.453125000000,-0.000000000482
2.835937500000,1.476562500000,-0.000000000488
2.835937500000,1.500000000000,-0.000000000490
2.835937500000,1.523437500000,-0.000000000492
2.835937500000,1.546875000000,-0.000000000496
2.835937500000,1.570312500000,-0.000000000497
2.835937500000,1.593750000000,-0.000000000500
2.835937500000,1.617187500000,-0.000000000500
2.835937500000,1.640625000000,-0.000000000502
2.835937500000,1.664062500000,-0.000000000503
2.835937500000,1.687500000000,-0.000000000503
2.835937500000,1.710937500000,-0.000000000504
2.835937500000,1.734375000000,-0.000000000503
2.835937500000,1.757812500000,-0.000000000503
2.835937500000,1.781250000000,-0.000000000503
2.835937500000,1.804687500000,-0.000000000502
2.835937500000,1.828125000000,-0.000000000501
2.835937500000,1.851562500000,-0.000000000498
2.835937500000,1.875000000000,-0.000000000497
2.835937500000,1.898437500000,-0.000000000494
2.835937500000,1.921875000000,-0.000000000491
2.835937500000,1.945312500000,-0.000000000490
2.835937500000,1.968750000000,-0.000000000487
2.835937500000,1.992187500000,-0.000000000483
2.835937500000,2.015625000000,-0.000000000479
2.835937500000,2.039062500000,-0.000000000476
2.835937500000,2.062500000000,-0.000000000470
2.835937500000,2.085937500000,-0.000000000468
2.835937500000,2.109375000000,-0.000000000462
2.835937500000,2.132812500000,-0.000000000459
2.835937500000,2.156250000000,-0.000000000452
2.835937500000,2.179687500000,-0.000000000447
2.835937500000,2.203125000000,-0.000000000443
2.835937500000,2.226562500000,-0.000000000436
2.835937500000,2.250000000000,-0.000000000431
2.835937500000,2.273437500000,-0.000000000423
2.835937500000,2.296875000000,-0.000000000418
2.835937500000,2.320312500000,-0.000000000410
2.835937500000,2.343750000000,-0.000000000405
2.835937500000,2.367187500000,-0.000000000398
2.835937500000,2.390625000000,-0.000000000389
2.835937500000,2.414062500000,-0.000000000384
2.835937500000,2.437500000000,-0.000000000376
2.835937500000,2.460937500000,-0.000000000368
2.835937500000,2.484375000000,-0.000000000361
2.835937500000,2.507812500000,-0.000000000353
2.835937500000,2.531250000000,-0.000000000346
2.835937500000,2.554687500000,-0.000000000336
2.835937500000,2.578125000000,-0.000000000329
2.835937500000,2.601562500000,-0.000000000320
2.835937500000,2.625000000000,-0.000000000311
2.835937500000,2.648437500000,-0.000000000302
2.835937500000,2.671875000000,-0.000000000297
2.835937500000,2.695312500000,-0.000000000285
2.835937500000,2.718750000000,-0.000000000278
2.835937500000,2.742187500000,-0.000000000268
2.835937500000,2.765625000000,-0.000000000259
2.835937500000,2.789062500000,-0.000000000250
2.835937500000,2.812500000000,-0.000000000242
2.835937500000,2.835937500000,-0.000000000233
2.835937500000,2.859375000000,-0.000000000224
2.835937500000,2.882812500000,-0.000000000214
2.835937500000,2.906250000000,-0.000000000205
2.835937500000,2.929687500000,-0.000000000197
2.835937500000,2.953125000000,-0.000000000187
2.835937500000,2.976562500000,-0.000000000177
2.835937500000,3.000000000000,0.000000000000
2.859375000000,0.000000000000,0.000000000000
2.859375000000,0.023437500000,0.000000000288
2.859375000000,0.046875000000,0.000000000265
2.859375000000,0.070312500000,0.000000000240
2.859375000000,0.093750000000,0.000000000216
2.859375000000,0.117187500000,0.000000000192
2.859375000000,0.140625000000,0.000000000168
2.859375000000,0.164062500000,0.000000000146
2.859375000000,0.187500000000,0.000000000120
2.859375000000,0.210937500000,0.000000000097
2.859375000000,0.234375000000,0.000000000074
2.859375000000,0.257812500000,0.000000000052
2.859375000000,0.281250000000,0.000000000030
2.859375000000,0.304687500000,0.000000000008
2.859375000000,0.328125000000,-0.000000000015
2.859375000000,0.351562500000,-0.000000000035
2.859375000000,0.375000000000,-0.000000000058
2.859375000000,0.398437500000,-0.000000000081
2.859375000000,0.421875000000,-0.000000000101
2.859375000000,0.445312500000,-0.000000000119
2.859375000000,0.468750000000,-0.000000000139
2.859375000000,0.492187500000,-0.000000000162
2.859375000000,0.515625000000,-0.000000000181
2.859375000000,0.539062500000,-0.000000000201
2.859375000000,0.562500000000,-0.000000000216
2.859375000000,0.585937500000,-0.000000000237
2.859375000000,0.609375000000,-0.000000000255
2.859375000000,0.632812500000,-0.000000000272
2.859375000000,0.656250000000,-0.000000000289
2.859375000000,0.679687500000,-0.000000000307
2.859375000000,0.703125000000,-0.000000000323
2.859375000000,0.726562500000,-0.000000000340
2.859375000000,0.750000000000,-0.000000000355
2.859375000000,0.773437500000,-0.000000000371
2.859375000000,0.796875000000,-0.000000000385
2.859375000000,0.820312500000,-0.000000000399
2.859375000000,0.843750000000,-0.000000000414
2.859375000000,0.867187500000,-0.000000000427
2.859375000000,0.890625000000,-0.000000000441
2.859375000000,0.914062500000,-0.000000000453
2.859375000000,0.937500000000,-0.000000000465
2.859375000000,0.960937500000,-0.000000000477
2.859375000000,0.984375000000,-0.000000000488
2.859375000000,1.007812500000,-0.000000000499
2.859375000000,1.031250000000,-0.000000000511
2.859375000000,1.054687500000,-0.000000000519
2.859375000000,1.078125000000,-0.000000000530
2.859375000000,1.101562500000,-0.000000000539
2.859375000000,1.125000000000,-0.000000000548
2.859375000000,1.148437500000,-0.000000000556
2.859375000000,1.171875000000,-0.000000000562
2.859375000000,1.195312500000,-0.000000000572
2.859375000000,1.218750000000,-0.000000000577
2.859375000000,1.242187500000,-0.000000000584
2.859375000000,1.265625000000,-0.000000000589
2.859375000000,1.289062500000,-0.000000000595
2.859375000000,1.312500000000,-0.000000000603
2.859375000000,1.335937500000,-0.000000000605
2.859375000000,1.359375000000,-0.000000000608
2.859375000000,1.382812500000,-0.000000000614
2.859375000000,1.406250000000,-0.000000000618
2.859375000000,1.429687500000,-0.000000000618
2.859375000000,1.453125000000,-0.000000000622
2.859375000000,1.476562500000,-0.000000000624
2.859375000000,1.500000000000,-0.000000000625
2.859375000000,1.523437500000,-0.000000000625
2.859375000000,1.546875000000,-0.000000000628
2.859375000000,1.570312500000,-0.000000000629
2.859375000000,1.593750000000,-0.000000000626
2.859375000000,1.617187500000,-0.000000000628
2.859375000000,1.640625000000,-0.000000000627
2.859375000000,1.664062500000,-0.000000000626
2.859375000000,1.687500000000,-0.000000000623
2.859375000000,1.710937500000,-0.000000000622
2.859375000000,1.734375000000,-0.000000000619
2.859375000000,1.757812500000,-0.000000000616
2.859375000000,1.781250000000,-0.000000000614
2.859375000000,1.804687500000,-0.000000000610
2.859375000000,1.828125000000,-0.000000000608
2.859375000000,1.851562500000,-0.000000000602
2.859375000000,1.875000000000,-0.000000000599
2.859375000000,1.898437500000,-0.000000000593
2.859375000000,1.921875000000,-0.000000000588
2.859375000000,1.945312500000,-0.000000000583
2.859375000000,1.968750000000,-0.000000000577
2.859375000000,1.992187500000,-0.000000000572
2.859375000000,2.015625000000,-0.000000000565
2.859375000000,2.039062500000,-0.000000000559
2.859375000000,2.062500000000,-0.000000000551
2.859375000000,2.085937500000,-0.000000000545
2.859375000000,2.109375000000,-0.000000000537
2.859375000000,2.132812500000,-0.000000000530
2.859375000000,2.156250000000,-0.000000000521
2.859375000000,2.179687500000,-0.000000000513
2.859375000000,2.203125000000,-0.000000000507
2.859375000000,2.226562500000,-0.000000000495
2.859375000000,2.250000000000,-0.000000000488
2.859375000000,2.273437500000,-0.000000000480
2.859375000000,2.296875000000,-0.000000000469
2.859375000000,2.320312500000,-0.000000000461
2.859375000000,2.343750000000,-0.000000000450
2.859375000000,2.367187500000,-0.000000000441
2.859375000000,2.390625000000,-0.000000000432
2.859375000000,2.414062500000,-0.000000000421
2.859375000000,2.437500000000,-0.000000000412
2.859375000000,2.460937500000,-0.000000000402
2.859375000000,2.484375000000,-0.000000000389
2.859375000000,2.507812500000,-0.000000000379
2.859375000000,2.531250000000,-0.000000000370
2.859375000000,2.554687500000,-0.000000000359
2.859375000000,2.578125000000,-0.000000000347
2.859375000000,2.601562500000,-0.000000000336
2.859375000000,2.625000000000,-0.000000000326
2.859375000000,2.648437500000,-0.000000000313
2.859375000000,2.671875000000,-0.000000000304
2.859375000000,2.695312500000,-0.000000000292
2.859375000000,2.718750000000,-0.000000000281
2.859375000000,2.742187500000,-0.000000000269
2.859375000000,2.765625000000,-0.000000000257
2.859375000000,2.789062500000,-0.000000000248
2.859375000000,2.812500000000,-0.000000000234
2.859375000000,2.835937500000,-0.000000000224
2.859375000000,2.859375000000,-0.000000000213
2.859375000000,2.882812500000,-0.000000000200
2.859375000000,2.906250000000,-0.000000000189
2.859375000000,2.929687500000,-0.000000000178
2.859375000000,2.953125000000,-0.000000000167
2.859375000000,2.976562500000,-0.000000000154
2.859375000000,3.000000000000,0.000000000000
2.882812500000,0.000000000000,0.000000000000
2.882812500000,0.023437500000,0.000000000231
2.882812500000,0.046875000000,0.000000000202
2.882812500000,0.070312500000,0.000000000173
2.882812500000,0.093750000000,0.000000000145
2.882812500000,0.117187500000,0.000000000116
2.882812500000,0.140625000000,0.000000000090
2.882812500000,0.164062500000,0.000000000062
2.882812500000,0.187500000000,0.000000000034
2.882812500000,0.210937500000,0.000000000007
2.882812500000,0.234375000000,-0.000000000020
2.882812500000,0.257812500000,-0.000000000045
2.882812500000,0.281250000000,-0.000000000070
2.882812500000,0.304687500000,-0.000000000097
2.882812500000,0.328125000000,-0.000000000122
2.882812500000,0.351562500000,-0.000000000146
2.882812500000,0.375000000000,-0.000000000171
2.882812500000,0.398437500000,-0.000000000197
2.882812500000,0.421875000000,-0.000000000218
2.882812500000,0.445312500000,-0.000000000243
2.882812500000,0.468750000000,-0.000000000266
2.882812500000,0.492187500000,-0.000000000287
2.882812500000,0.515625000000,-0.000000000308
2.882812500000,0.539062500000,-0.000000000331
2.882812500000,0.562500000000,-0.000000000351
2.882812500000,0.585937500000,-0.000000000372
2.882812500000,0.609375000000,-0.000000000391
2.882812500000,0.632812500000,-0.000000000411
2.882812500000,0.656250000000,-0.000000000430
2.882812500000,0.679687500000,-0.000000000448
2.882812500000,0.703125000000,-0.000000000468
2.882812500000,0.726562500000,-0.000000000484
2.882812500000,0.750000000000,-0.000000000501
2.882812500000,0.773437500000,-0.000000000517
2.882812500000,0.796875000000,-0.000000000533
2.882812500000,0.820312500000,-0.000000000548
2.882812500000,0.843750000000,-0.000000000563
2.882812500000,0.867187500000,-0.000000000578
2.882812500000,0.890625000000,-0.000000000591
2.882812500000,0.914062500000,-0.000000000605
2.882812500000,0.937500000000,-0.000000000617
2.882812500000,0.960937500000,-0.000000000630
2.882812500000,0.984375000000,-0.000000000640
2.882812500000,1.007812500000,-0.000000000652
2.882812500000,1.031250000000,-0.000000000662
2.882812500000,1.054687500000,-0.000000000673
2.882812500000,1.078125000000,-0.000000000681
2.882812500000,1.101562500000,-0.000000000691
2.882812500000,1.125000000000,-0.000000000700
2.882812500000,1.148437500000,-0.000000000708
2.882812500000,1.171875000000,-0.000000000711
2.882812500000,1.195312500000,-0.000000000722
2.882812500000,1.218750000000,-0.000000000726
2.882812500000,1.242187500000,-0.000000000733
2.882812500000,1.265625000000,-0.000000000736
2.882812500000,1.289062500000,-0.000000000742
2.882812500000,1.312500000000,-0.000000000746
2.882812500000,1.335937500000,-0.000000000748
2.882812500000,1.359375000000,-0.000000000752
2.882812500000,1.382812500000,-0.000000000755
2.882812500000,1.406250000000,-0.000000000756
2.882812500000,1.429687500000,-0.000000000758
2.882812500000,1.453125000000,-0.000000000759
2.882812500000,1.476562500000,-0.000000000760
2.882812500000,1.500000000000,-0.000000000758
2.882812500000,1.523437500000,-0.000000000759
2.882812500000,1.546875000000,-0.000000000758
2.882812500000,1.570312500000,-0.000000000756
2.882812500000,1.593750000000,-0.000000000755
2.882812500000,1.617187500000,-0.000000000751
2.882812500000,1.640625000000,-0.000000000750
2.882812500000,1.664062500000,-0.000000000747
2.882812500000,1.687500000000,-0.000000000742
2.882812500000,1.710937500000,-0.000000000738
2.882812500000,1.734375000000,-0.000000000732
2.882812500000,1.757812500000,-0.000000000728
2.882812500000,1.781250000000,-0.000000000723
2.882812500000,1.804687500000,-0.000000000717
2.882812500000,1.828125000000,-0.000000000711
2.882812500000,1.851562500000,-0.000000000704
2.882812500000,1.875000000000,-0.000000000699
2.882812500000,1.898437500000,-0.000000000690
2.882812500000,1.921875000000,-0.000000000682
2.882812500000,1.945312500000,-0.000000000674
2.882812500000,1.968750000000,-0.000000000667
2.882812500000,1.992187500000,-0.000000000656
2.882812500000,2.015625000000,-0.000000000649
2.882812500000,2.039062500000,-0.000000000639
2.882812500000,2.062500000000,-0.000000000630
2.882812500000,2.085937500000,-0.000000000621
2.882812500000,2.109375000000,-0.000000000610
2.882812500000,2.132812500000,-0.000000000600
2.882812500000,2.156250000000,-0.000000000589
2.882812500000,2.179687500000,-0.000000000577
2.882812500000,2.203125000000,-0.000000000568
2.882812500000,2.226562500000,-0.000000000555
2.882812500000,2.250000000000,-0.000000000545
2.882812500000,2.273437500000,-0.000000000533
2.882812500000,2.296875000000,-0.000000000520
2.882812500000,2.320312500000,-0.000000000510
2.882812500000,2.343750000000,-0.000000000496
2.882812500000,2.367187500000,-0.000000000484
2.882812500000,2.390625000000,-0.000000000470
2.882812500000,2.414062500000,-0.000000000458
2.882812500000,2.437500000000,-0.000000000446
2.882812500000,2.460937500000,-0.000000000433
2.882812500000,2.484375000000,-0.000000000419
2.882812500000,2.507812500000,-0.000000000405
2.882812500000,2.531250000000,-0.000000000393
2.882812500000,2.554687500000,-0.000000000380
2.882812500000,2.578125000000,-0.000000000366
2.882812500000,2.601562500000,-0.000000000351
2.882812500000,2.625000000000,-0.000000000339
2.882812500000,2.648437500000,-0.000000000325
2.882812500000,2.671875000000,-0.000000000311
2.882812500000,2.695312500000,-0.000000000297
2.882812500000,2.718750000000,-0.000000000284
2.882812500000,2.742187500000,-0.000000000269
2.882812500000,2.765625000000,-0.000000000255
2.882812500000,2.789062500000,-0.000000000242
2.882812500000,2.812500000000,-0.000000000229
2.882812500000,2.835937500000,-0.000000000215
2.882812500000,2.859375000000,-0.000000000201
2.882812500000,2.882812500000,-0.000000000188
2.882812500000,2.906250000000,-0.000000000173
2.882812500000,2.929687500000,-0.000000000160
2.882812500000,2.953125000000,-0.000000000147
2.882812500000,2.976562500000,-0.000000000132
2.882812500000,3.000000000000,0.000000000000
2.906250000000,0.000000000000,0.000000000000
2.906250000000,0.023437500000,0.000000000173
2.906250000000,0.046875000000,0.000000000140
2.906250000000,0.070312500000,0.000000000107
2.906250000000,0.093750000000,0.000000000074
2.906250000000,0.117187500000,0.000000000044
2.906250000000,0.140625000000,0.000000000011
2.906250000000,0.164062500000,-0.000000000019
2.906250000000,0.187500000000,-0.000000000051
2.906250000000,0.210937500000,-0.000000000082
2.906250000000,0.234375000000,-0.000000000110
2.906250000000,0.257812500000,-0.000000000143
2.906250000000,0.281250000000,-0.000000000170
2.906250000000,0.304687500000,-0.000000000200
2.906250000000,0.328125000000,-0.000000000229
2.906250000000,0.351562500000,-0.000000000256
2.906250000000,0.375000000000,-0.000000000282
2.906250000000,0.398437500000,-0.000000000310
2.906250000000,0.421875000000,-0.000000000336
2.906250000000,0.445312500000,-0.000000000361
2.906250000000,0.468750000000,-0.000000000387
2.906250000000,0.492187500000,-0.000000000411
2.906250000000,0.515625000000,-0.000000000435
2.906250000000,0.539062500000,-0.000000000460
2.906250000000,0.562500000000,-0.000000000482
2.906250000000,0.585937500000,-0.000000000506
2.906250000000,0.609375000000,-0.000000000527
2.906250000000,0.632812500000,-0.000000000549
2.906250000000,0.656250000000,-0.000000000567
2.906250000000,0.679687500000,-0.000000000589
2.906250000000,0.703125000000,-0.000000000608
2.906250000000,0.726562500000,-0.000000000627
2.906250000000,0.750000000000,-0.000000000644
2.906250000000,0.773437500000,-0.000000000662
2.906250000000,0.796875000000,-0.000000000679
2.906250000000,0.820312500000,-0.000000000695
2.906250000000,0.843750000000,-0.000000000711
2.906250000000,0.867187500000,-0.000000000725
2.906250000000,0.890625000000,-0.000000000740
2.906250000000,0.914062500000,-0.000000000754
2.906250000000,0.937500000000,-0.000000000767
2.906250000000,0.960937500000,-0.000000000779
2.906250000000,0.984375000000,-0.000000000790
2.906250000000,1.007812500000,-0.000000000802
2.906250000000,1.031250000000,-0.000000000813
2.906250000000,1.054687500000,-0.000000000822
2.906250000000,1.078125000000,-0.000000000831
2.906250000000,1.101562500000,-0.000000000840
2.906250000000,1.125000000000,-0.000000000847
2.906250000000,1.148437500000,-0.000000000855
2.906250000000,1.171875000000,-0.000000000860
2.906250000000,1.195312500000,-0.000000000869
2.906250000000,1.218750000000,-0.000000000873
2.906250000000,1.242187500000,-0.000000000878
2.906250000000,1.265625000000,-0.000000000881
2.906250000000,1.289062500000,-0.000000000884
2.906250000000,1.312500000000,-0.000000000890
2.906250000000,1.335937500000,-0.000000000891
2.906250000000,1.359375000000,-0.000000000892
2.906250000000,1.382812500000,-0.000000000894
2.906250000000,1.406250000000,-0.000000000894
2.906250000000,1.429687500000,-0.000000000896
2.906250000000,1.453125000000,-0.000000000893
2.906250000000,1.476562500000,-0.000000000893
2.906250000000,1.500000000000,-0.000000000890
2.906250000000,1.523437500000,-0.000000000889
2.906250000000,1.546875000000,-0.000000000886
2.906250000000,1.570312500000,-0.000000000883
2.906250000000,1.593750000000,-0.000000000879
2.906250000000,1.617187500000,-0.000000000875
2.906250000000,1.640625000000,-0.000000000869
2.906250000000,1.664062500000,-0.000000000864
2.906250000000,1.687500000000,-0.000000000859
2.906250000000,1.710937500000,-0.000000000852
2.906250000000,1.734375000000,-0.000000000845
2.906250000000,1.757812500000,-0.000000000838
2.906250000000,1.781250000000,-0.000000000830
2.906250000000,1.804687500000,-0.000000000822
2.906250000000,1.828125000000,-0.000000000814
2.906250000000,1.851562500000,-0.000000000805
2.906250000000,1.875000000000,-0.000000000795
2.906250000000,1.898437500000,-0.000000000786
2.906250000000,1.921875000000,-0.000000000776
2.906250000000,1.945312500000,-0.000000000765
2.906250000000,1.968750000000,-0.000000000754
2.906250000000,1.992187500000,-0.000000000743
2.906250000000,2.015625000000,-0.000000000732
2.906250000000,2.039062500000,-0.000000000721
2.906250000000,2.062500000000,-0.000000000707
2.906250000000,2.085937500000,-0.000000000696
2.906250000000,2.109375000000,-0.000000000681
2.906250000000,2.132812500000,-0.000000000670
2.906250000000,2.156250000000,-0.000000000656
2.906250000000,2.179687500000,-0.000000000641
2.906250000000,2.203125000000,-0.000000000629
2.906250000000,2.226562500000,-0.000000000614
2.906250000000,2.250000000000,-0.000000000599
2.906250000000,2.273437500000,-0.000000000588
2.906250000000,2.296875000000,-0.000000000570
2.906250000000,2.320312500000,-0.000000000556
2.906250000000,2.343750000000,-0.000000000540
2.906250000000,2.367187500000,-0.000000000526
2.906250000000,2.390625000000,-0.000000000510
2.906250000000,2.414062500000,-0.000000000495
2.906250000000,2.437500000000,-0.000000000480
2.906250000000,2.460937500000,-0.000000000464
2.906250000000,2.484375000000,-0.000000000448
2.906250000000,2.507812500000,-0.000000000432
2.906250000000,2.531250000000,-0.000000000416
2.906250000000,2.554687500000,-0.000000000399
2.906250000000,2.578125000000,-0.000000000385
2.906250000000,2.601562500000,-0.000000000367
2.906250000000,2.625000000000,-0.000000000352
2.906250000000,2.648437500000,-0.000000000334
2.906250000000,2.671875000000,-0.000000000318
2.906250000000,2.695312500000,-0.000000000302
2.906250000000,2.718750000000,-0.000000000286
2.906250000000,2.742187500000,-0.000000000270
2.906250000000,2.765625000000,-0.000000000254
2.906250000000,2.789062500000,-0.000000000238
2.906250000000,2.812500000000,-0.000000000221
2.906250000000,2.835937500000,-0.000000000205
2.906250000000,2.859375000000,-0.000000000189
2.906250000000,2.882812500000,-0.000000000173
2.906250000000,2.906250000000,-0.000000000157
2.906250000000,2.929687500000,-0.000000000141
2.906250000000,2.953125000000,-0.000000000126
2.906250000000,2.976562500000,-0.000000000110
2.906250000000,3.000000000000,0.000000000000
2.929687500000,0.000000000000,0.000000000000
2.929687500000,0.023437500000,0.000000000117
2.929687500000,0.046875000000,0.000000000079
2.929687500000,0.070312500000,0.000000000042
2.929687500000,0.093750000000,0.000000000006
2.929687500000,0.117187500000,-0.000000000031
2.929687500000,0.140625000000,-0.000000000067
2.929687500000,0.164062500000,-0.000000000099
2.929687500000,0.187500000000,-0.000000000137
2.929687500000,0.210937500000,-0.000000000169
2.929687500000,0.234375000000,-0.000000000202
2.929687500000,0.257812500000,-0.000000000238
2.929687500000,0.281250000000,-0.000000000268
2.929687500000,0.304687500000,-0.000000000301
2.929687500000,0.328125000000,-0.000000000332
2.929687500000,0.351562500000,-0.000000000363
2.929687500000,0.375000000000,-0.000000000392
2.929687500000,0.398437500000,-0.000000000424
2.929687500000,0.421875000000,-0.000000000451
2.929687500000,0.445312500000,-0.000000000481
2.929687500000,0.468750000000,-0.000000000509
2.929687500000,0.492187500000,-0.000000000535
2.929687500000,0.515625000000,-0.000000000561
2.929687500000,0.539062500000,-0.000000000587
2.929687500000,0.562500000000,-0.000000000611
2.929687500000,0.585937500000,-0.000000000636
2.929687500000,0.609375000000,-0.000000000659
2.929687500000,0.632812500000,-0.000000000683
2.929687500000,0.656250000000,-0.000000000704
2.929687500000,0.679687500000,-0.000000000726
2.929687500000,0.703125000000,-0.000000000747
2.929687500000,0.726562500000,-0.000000000766
2.929687500000,0.750000000000,-0.000000000786
2.929687500000,0.773437500000,-0.000000000805
2.929687500000,0.796875000000,-0.000000000822
2.929687500000,0.820312500000,-0.000000000839
2.929687500000,0.843750000000,-0.000000000857
2.929687500000,0.867187500000,-0.000000000872
2.929687500000,0.890625000000,-0.000000000887
2.929687500000,0.914062500000,-0.000000000901
2.929687500000,0.937500000000,-0.000000000914
2.929687500000,0.960937500000,-0.000000000926
2.929687500000,0.984375000000,-0.000000000938
2.929687500000,1.007812500000,-0.000000000950
2.929687500000,1.031250000000,-0.000000000961
2.929687500000,1.054687500000,-0.000000000969
2.929687500000,1.078125000000,-0.000000000979
2.929687500000,1.101562500000,-0.000000000987
2.929687500000,1.125000000000,-0.000000000995
2.929687500000,1.148437500000,-0.000000001001
2.929687500000,1.171875000000,-0.000000001008
2.929687500000,1.195312500000,-0.000000001012
2.929687500000,1.218750000000,-0.000000001018
2.929687500000,1.242187500000,-0.000000001020
2.929687500000,1.265625000000,-0.000000001026
2.929687500000,1.289062500000,-0.000000001026
2.929687500000,1.312500000000,-0.000000001030
2.929687500000,1.335937500000,-0.000000001029
2.929687500000,1.359375000000,-0.000000001031
2.929687500000,1.382812500000,-0.000000001030
2.929687500000,1.406250000000,-0.000000001030
2.929687500000,1.429687500000,-0.000000001029
2.929687500000,1.453125000000,-0.000000001025
2.929687500000,1.476562500000,-0.000000001023
2.929687500000,1.500000000000,-0.000000001020
2.929687500000,1.523437500000,-0.000000001017
2.929687500000,1.546875000000,-0.000000001011
2.929687500000,1.570312500000,-0.000000001007
2.929687500000,1.593750000000,-0.000000001001
2.929687500000,1.617187500000,-0.000000000994
2.929687500000,1.640625000000,-0.000000000988
2.929687500000,1.664062500000,-0.000000000980
2.929687500000,1.687500000000,-0.000000000972
2.929687500000,1.710937500000,-0.000000000964
2.929687500000,1.734375000000,-0.000000000955
2.929687500000,1.757812500000,-0.000000000946
2.929687500000,1.781250000000,-0.000000000935
2.929687500000,1.804687500000,-0.000000000925
2.929687500000,1.828125000000,-0.000000000915
2.929687500000,1.851562500000,-0.000000000903
2.929687500000,1.875000000000,-0.000000000891
2.929687500000,1.898437500000,-0.000000000880
2.929687500000,1.921875000000,-0.000000000867
2.929687500000,1.945312500000,-0.000000000853
2.929687500000,1.968750000000,-0.000000000841
2.929687500000,1.992187500000,-0.000000000826
2.929687500000,2.015625000000,-0.000000000813
2.929687500000,2.039062500000,-0.000000000799
2.929687500000,2.062500000000,-0.000000000783
2.929687500000,2.085937500000,-0.000000000768
2.929687500000,2.109375000000,-0.000000000753
2.929687500000,2.132812500000,-0.000000000737
2.929687500000,2.156250000000,-0.000000000721
2.929687500000,2.179687500000,-0.000000000704
2.929687500000,2.203125000000,-0.000000000689
2.929687500000,2.226562500000,-0.000000000671
2.929687500000,2.250000000000,-0.000000000655
2.929687500000,2.273437500000,-0.000000000639
2.929687500000,2.296875000000,-0.000000000619
2.929687500000,2.320312500000,-0.000000000603
2.929687500000,2.343750000000,-0.000000000584
2.929687500000,2.367187500000,-0.000000000567
2.929687500000,2.390625000000,-0.000000000550
2.929687500000,2.414062500000,-0.000000000531
2.929687500000,2.437500000000,-0.000000000513
2.929687500000,2.460937500000,-0.000000000495
2.929687500000,2.484375000000,-0.000000000475
2.929687500000,2.507812500000,-0.000000000457
2.929687500000,2.531250000000,-0.000000000437
2.929687500000,2.554687500000,-0.000000000420
2.929687500000,2.578125000000,-0.000000000403
2.929687500000,2.601562500000,-0.000000000382
2.929687500000,2.625000000000,-0.000000000364
2.929687500000,2.648437500000,-0.000000000344
2.929687500000,2.671875000000,-0.000000000326
2.929687500000,2.695312500000,-0.000000000307
2.929687500000,2.718750000000,-0.000000000290
2.929687500000,2.742187500000,-0.000000000271
2.929687500000,2.765625000000,-0.000000000251
2.929687500000,2.789062500000,-0.000000000234
2.929687500000,2.812500000000,-0.000000000215
2.929687500000,2.835937500000,-0.000000000197
2.929687500000,2.859375000000,-0.000000000178
2.929687500000,2.882812500000,-0.000000000160
2.929687500000,2.906250000000,-0.000000000142
2.929687500000,2.929687500000,-0.000000000124
2.929687500000,2.953125000000,-0.000000000106
2.929687500000,2.976562500000,-0.000000000088
2.929687500000,3.000000000000,0.000000000000
2.953125000000,0.000000000000,0.000000000000
2.953125000000,0.023437500000,0.000000000060
2.953125000000,0.046875000000,0.000000000019
2.953125000000,0.070312500000,-0.000000000022
2.953125000000,0.093750000000,-0.000000000063
2.953125000000,0.117187500000,-0.000000000102
2.953125000000,0.140625000000,-0.000000000142
2.953125000000,0.164062500000,-0.000000000180
2.953125000000,0.187500000000,-0.000000000219
2.953125000000,0.210937500000,-0.000000000257
2.953125000000,0.234375000000,-0.000000000294
2.953125000000,0.257812500000,-0.000000000331
2.953125000000,0.281250000000,-0.000000000365
2.953125000000,0.304687500000,-0.000000000401
2.953125000000,0.328125000000,-0.000000000436
2.953125000000,0.351562500000,-0.000000000469
2.953125000000,0.375000000000,-0.000000000502
2.953125000000,0.398437500000,-0.000000000535
2.953125000000,0.421875000000,-0.000000000566
2.953125000000,0.445312500000,-0.000000000596
2.953125000000,0.468750000000,-0.000000000626
2.953125000000,0.492187500000,-0.000000000656
2.953125000000,0.515625000000,-0.000000000683
2.953125000000,0.539062500000,-0.000000000713
2.953125000000,0.562500000000,-0.000000000739
2.953125000000,0.585937500000,-0.000000000765
2.953125000000,0.609375000000,-0.000000000791
2.953125000000,0.632812500000,-0.000000000816
2.953125000000,0.656250000000,-0.000000000839
2.953125000000,0.679687500000,-0.000000000862
2.953125000000,0.703125000000,-0.000000000884
2.953125000000,0.726562500000,-0.000000000905
2.953125000000,0.750000000000,-0.000000000926
2.953125000000,0.773437500000,-0.000000000945
2.953125000000,0.796875000000,-0.000000000964
2.953125000000,0.820312500000,-0.000000000982
2.953125000000,0.843750000000,-0.000000000999
2.953125000000,0.867187500000,-0.000000001015
2.953125000000,0.890625000000,-0.000000001031
2.953125000000,0.914062500000,-0.000000001045
2.953125000000,0.937500000000,-0.000000001059
2.953125000000,0.960937500000,-0.000000001072
2.953125000000,0.984375000000,-0.000000001084
2.953125000000,1.007812500000,-0.000000001096
2.953125000000,1.031250000000,-0.000000001106
2.953125000000,1.054687500000,-0.000000001115
2.953125000000,1.078125000000,-0.000000001124
2.953125000000,1.101562500000,-0.000000001132
2.953125000000,1.125000000000,-0.000000001139
2.953125000000,1.148437500000,-0.000000001145
2.953125000000,1.171875000000,-0.000000001150
2.953125000000,1.195312500000,-0.000000001155
2.953125000000,1.218750000000,-0.000000001159
2.953125000000,1.242187500000,-0.000000001163
2.953125000000,1.265625000000,-0.000000001165
2.953125000000,1.289062500000,-0.000000001165
2.953125000000,1.312500000000,-0.000000001167
2.953125000000,1.335937500000,-0.000000001167
2.953125000000,1.359375000000,-0.000000001165
2.953125000000,1.382812500000,-0.000000001165
2.953125000000,1.406250000000,-0.000000001163
2.953125000000,1.429687500000,-0.000000001162
2.953125000000,1.453125000000,-0.000000001156
2.953125000000,1.476562500000,-0.000000001154
2.953125000000,1.500000000000,-0.000000001147
2.953125000000,1.523437500000,-0.000000001143
2.953125000000,1.546875000000,-0.000000001137
2.953125000000,1.570312500000,-0.000000001128
2.953125000000,1.593750000000,-0.000000001120
2.953125000000,1.617187500000,-0.000000001113
2.953125000000,1.640625000000,-0.000000001104
2.953125000000,1.664062500000,-0.000000001095
2.953125000000,1.687500000000,-0.000000001086
2.953125000000,1.710937500000,-0.000000001075
2.953125000000,1.734375000000,-0.000000001063
2.953125000000,1.757812500000,-0.000000001052
2.953125000000,1.781250000000,-0.000000001039
2.953125000000,1.804687500000,-0.000000001027
2.953125000000,1.828125000000,-0.000000001013
2.953125000000,1.851562500000,-0.000000001000
2.953125000000,1.875000000000,-0.000000000986
2.953125000000,1.898437500000,-0.000000000972
2.953125000000,1.921875000000,-0.000000000956
2.953125000000,1.945312500000,-0.000000000941
2.953125000000,1.968750000000,-0.000000000925
2.953125000000,1.992187500000,-0.000000000909
2.953125000000,2.015625000000,-0.000000000892
2.953125000000,2.039062500000,-0.000000000876
2.953125000000,2.062500000000,-0.000000000858
2.953125000000,2.085937500000,-0.000000000840
2.953125000000,2.109375000000,-0.000000000822
2.953125000000,2.132812500000,-0.000000000804
2.953125000000,2.156250000000,-0.000000000785
2.953125000000,2.179687500000,-0.000000000766
2.953125000000,2.203125000000,-0.000000000748
2.953125000000,2.226562500000,-0.000000000727
2.953125000000,2.250000000000,-0.000000000709
2.953125000000,2.273437500000,-0.000000000690
2.953125000000,2.296875000000,-0.000000000668
2.953125000000,2.320312500000,-0.000000000647
2.953125000000,2.343750000000,-0.000000000628
2.953125000000,2.367187500000,-0.000000000607
2.953125000000,2.390625000000,-0.000000000587
2.953125000000,2.414062500000,-0.000000000566
2.953125000000,2.437500000000,-0.000000000545
2.953125000000,2.460937500000,-0.000000000523
2.953125000000,2.484375000000,-0.000000000503
2.953125000000,2.507812500000,-0.000000000483
2.953125000000,2.531250000000,-0.000000000461
2.953125000000,2.554687500000,-0.000000000439
2.953125000000,2.578125000000,-0.000000000417
2.953125000000,2.601562500000,-0.000000000397
2.953125000000,2.625000000000,-0.000000000377
2.953125000000,2.648437500000,-0.000000000356
2.953125000000,2.671875000000,-0.000000000333
2.953125000000,2.695312500000,-0.000000000312
2.953125000000,2.718750000000,-0.000000000291
2.953125000000,2.742187500000,-0.000000000270
2.953125000000,2.765625000000,-0.000000000249
2.953125000000,2.789062500000,-0.000000000228
2.953125000000,2.812500000000,-0.000000000207
2.953125000000,2.835937500000,-0.000000000187
2.953125000000,2.859375000000,-0.000000000166
2.953125000000,2.882812500000,-0.000000000146
2.953125000000,2.906250000000,-0.000000000126
2.953125000000,2.929687500000,-0.000000000106
2.953125000000,2.953125000000,-0.000000000087
2.953125000000,2.976562500000,-0.000000000067
2.953125000000,3.000000000000,0.000000000000
2.976562500000,0.000000000000,0.000000000000
2.976562500000,0.023437500000,0.000000000005
2.976562500000,0.046875000000,-0.000000000041
2.976562500000,0.070312500000,-0.000000000086
2.976562500000,0.093750000000,-0.000000000130
2.976562500000,0.117187500000,-0.000000000173
2.976562500000,0.140625000000,-0.000000000218
2.976562500000,0.164062500000,-0.000000000258
2.976562500000,0.187500000000,-0.000000000302
2.976562500000,0.210937500000,-0.000000000342
2.976562500000,0.234375000000,-0.000000000382
2.976562500000,0.257812500000,-0.000000000423
2.976562500000,0.281250000000,-0.000000000461
2.976562500000,0.304687500000,-0.000000000499
2.976562500000,0.328125000000,-0.000000000537
2.976562500000,0.351562500000,-0.000000000574
2.976562500000,0.375000000000,-0.000000000609
2.976562500000,0.398437500000,-0.000000000642
2.976562500000,0.421875000000,-0.000000000678
2.976562500000,0.445312500000,-0.000000000711
2.976562500000,0.468750000000,-0.000000000745
2.976562500000,0.492187500000,-0.000000000775
2.976562500000,0.515625000000,-0.000000000806
2.976562500000,0.539062500000,-0.000000000836
2.976562500000,0.562500000000,-0.000000000865
2.976562500000,0.585937500000,-0.000000000892
2.976562500000,0.609375000000,-0.000000000920
2.976562500000,0.632812500000,-0.000000000946
2.976562500000,0.656250000000,-0.000000000971
2.976562500000,0.679687500000,-0.000000000995
2.976562500000,0.703125000000,-0.000000001018
2.976562500000,0.726562500000,-0.000000001042
2.976562500000,0.750000000000,-0.000000001063
2.976562500000,0.773437500000,-0.000000001084
2.976562500000,0.796875000000,-0.000000001104
2.976562500000,0.820312500000,-0.000000001122
2.976562500000,0.843750000000,-0.000000001140
2.976562500000,0.867187500000,-0.000000001156
2.976562500000,0.890625000000,-0.000000001173
2.976562500000,0.914062500000,-0.000000001187
2.976562500000,0.937500000000,-0.000000001201
2.976562500000,0.960937500000,-0.000000001215
2.976562500000,0.984375000000,-0.000000001227
2.976562500000,1.007812500000,-0.000000001238
2.976562500000,1.031250000000,-0.000000001249
2.976562500000,1.054687500000,-0.000000001258
2.976562500000,1.078125000000,-0.000000001266
2.976562500000,1.101562500000,-0.000000001274
2.976562500000,1.125000000000,-0.000000001281
2.976562500000,1.148437500000,-0.000000001287
2.976562500000,1.171875000000,-0.000000001292
2.976562500000,1.195312500000,-0.000000001295
2.976562500000,1.218750000000,-0.000000001299
2.976562500000,1.242187500000,-0.000000001302
2.976562500000,1.265625000000,-0.000000001303
2.976562500000,1.289062500000,-0.000000001302
2.976562500000,1.312500000000,-0.000000001303
2.976562500000,1.335937500000,-0.000000001302
2.976562500000,1.359375000000,-0.000000001299
2.976562500000,1.382812500000,-0.000000001297
2.976562500000,1.406250000000,-0.000000001293
2.976562500000,1.429687500000,-0.000000001290
2.976562500000,1.453125000000,-0.000000001286
2.976562500000,1.476562500000,-0.000000001278
2.976562500000,1.500000000000,-0.000000001272
2.976562500000,1.523437500000,-0.000000001265
2.976562500000,1.546875000000,-0.000000001256
2.976562500000,1.570312500000,-0.000000001248
2.976562500000,1.593750000000,-0.000000001239
2.976562500000,1.617187500000,-0.000000001229
2.976562500000,1.640625000000,-0.000000001218
2.976562500000,1.664062500000,-0.000000001206
2.976562500000,1.687500000000,-0.000000001195
2.976562500000,1.710937500000,-0.000000001183
2.976562500000,1.734375000000,-0.000000001170
2.976562500000,1.757812500000,-0.000000001154
2.976562500000,1.781250000000,-0.000000001141
2.976562500000,1.804687500000,-0.000000001126
2.976562500000,1.828125000000,-0.000000001111
2.976562500000,1.851562500000,-0.000000001095
2.976562500000,1.875000000000,-0.000000001077
2.976562500000,1.898437500000,-0.000000001061
2.976562500000,1.921875000000,-0.000000001044
2.976562500000,1.945312500000,-0.000000001026
2.976562500000,1.968750000000,-0.000000001008
2.976562500000,1.992187500000,-0.000000000989
2.976562500000,2.015625000000,-0.000000000970
2.976562500000,2.039062500000,-0.000000000952
2.976562500000,2.062500000000,-0.000000000930
2.976562500000,2.085937500000,-0.000000000910
2.976562500000,2.109375000000,-0.000000000891
2.976562500000,2.132812500000,-0.000000000870
2.976562500000,2.156250000000,-0.000000000847
2.976562500000,2.179687500000,-0.000000000827
2.976562500000,2.203125000000,-0.000000000805
2.976562500000,2.226562500000,-0.000000000784
2.976562500000,2.250000000000,-0.000000000759
2.976562500000,2.273437500000,-0.000000000740
2.976562500000,2.296875000000,-0.000000000716
2.976562500000,2.320312500000,-0.000000000693
2.976562500000,2.343750000000,-0.000000000670
2.976562500000,2.367187500000,-0.000000000645
2.976562500000,2.390625000000,-0.000000000625
2.976562500000,2.414062500000,-0.000000000600
2.976562500000,2.437500000000,-0.000000000576
2.976562500000,2.460937500000,-0.000000000554
2.976562500000,2.484375000000,-0.000000000530
2.976562500000,2.507812500000,-0.000000000505
2.976562500000,2.531250000000,-0.000000000482
2.976562500000,2.554687500000,-0.000000000459
2.976562500000,2.578125000000,-0.000000000434
2.976562500000,2.601562500000,-0.000000000411
2.976562500000,2.625000000000,-0.000000000387
2.976562500000,2.648437500000,-0.000000000364
2.976562500000,2.671875000000,-0.000000000340
2.976562500000,2.695312500000,-0.000000000317
2.976562500000,2.718750000000,-0.000000000294
2.976562500000,2.742187500000,-0.000000000270
2.976562500000,2.765625000000,-0.000000000247
2.976562500000,2.789062500000,-0.000000000223
2.976562500000,2.812500000000,-0.000000000201
2.976562500000,2.835937500000,-0.000000000178
2.976562500000,2.859375000000,-0.000000000155
2.976562500000,2.882812500000,-0.000000000132
2.976562500000,2.906250000000,-0.000000000110
2.976562500000,2.929687500000,-0.000000000088
2.976562500000,2.953125000000,-0.000000000066
2.976562500000,2.976562500000,-0.000000000044
2.976562500000,3.000000000000,0.000000000000
3.000000000000,0.000000000000,0.000000000000
3.000000000000,0.023437500000,0.000000000000
3.000000000000,0.046875000000,0.000000000000
3.000000000000,0.070312500000,0.000000000000
3.000000000000,0.093750000000,0.000000000000
3.000000000000,0.117187500000,0.000000000000
3.000000000000,0.140625000000,0.000000000000
3.000000000000,0.164062500000,0.000000000000
3.000000000000,0.187500000000,0.000000000000
3.000000000000,0.210937500000,0.000000000000
3.000000000000,0.234375000000,0.000000000000
3.000000000000,0.257812500000,0.000000000000
3.000000000000,0.281250000000,0.000000000000
3.000000000000,0.304687500000,0.000000000000
3.000000000000,0.328125000000,0.000000000000
3.000000000000,0.351562500000,0.000000000000
3.000000000000,0.375000000000,0.000000000000
3.000000000000,0.398437500000,0.000000000000
3.000000000000,0.421875000000,0.000000000000
3.000000000000,0.445312500000,0.000000000000
3.000000000000,0.468750000000,0.000000000000
3.000000000000,0.492187500000,0.000000000000
3.000000000000,0.515625000000,0.000000000000
3.000000000000,0.539062500000,0.000000000000
3.000000000000,0.562500000000,0.000000000000
3.000000000000,0.585937500000,0.000000000000
3.000000000000,0.609375000000,0.000000000000
3.000000000000,0.632812500000,0.000000000000
3.000000000000,0.656250000000,0.000000000000
3.000000000000,0.679687500000,0.000000000000
3.000000000000,0.703125000000,0.000000000000
3.000000000000,0.726562500000,0.000000000000
3.000000000000,0.750000000000,0.000000000000
3.000000000000,0.773437500000,0.000000000000
3.000000000000,0.796875000000,0.000000000000
3.000000000000,0.820312500000,0.000000000000
3.000000000000,0.843750000000,0.000000000000
3.000000000000,0.867187500000,0.000000000000
3.000000000000,0.890625000000,0.000000000000
3.000000000000,0.914062500000,0.000000000000
3.000000000000,0.937500000000,0.000000000000
3.000000000000,0.960937500000,0.000000000000
3.000000000000,0.984375000000,0.000000000000
3.000000000000,1.007812500000,0.000000000000
3.000000000000,1.031250000000,0.000000000000
3.000000000000,1.054687500000,0.000000000000
3.000000000000,1.078125000000,0.000000000000
3.000000000000,1.101562500000,0.000000000000
3.000000000000,1.125000000000,0.000000000000
3.000000000000,1.148437500000,0.000000000000
3.000000000000,1.171875000000,0.000000000000
3.000000000000,1.195312500000,0.000000000000
3.000000000000,1.218750000000,0.000000000000
3.000000000000,1.242187500000,0.000000000000
3.000000000000,1.265625000000,0.000000000000
3.000000000000,1.289062500000,0.000000000000
3.000000000000,1.312500000000,0.000000000000
3.000000000000,1.335937500000,0.000000000000
3.000000000000,1.359375000000,0.000000000000
3.000000000000,1.382812500000,0.000000000000
3.000000000000,1.406250000000,0.000000000000
3.000000000000,1.429687500000,0.000000000000
3.000000000000,1.453125000000,0.000000000000
3.000000000000,1.476562500000,0.000000000000
3.000000000000,1.500000000000,0.000000000000
3.000000000000,1.523437500000,0.000000000000
3.000000000000,1.546875000000,0.000000000000
3.000000000000,1.570312500000,0.000000000000
3.000000000000,1.593750000000,0.000000000000
3.000000000000,1.617187500000,0.000000000000
3.000000000000,1.640625000000,0.000000000000
3.000000000000,1.664062500000,0.000000000000
3.000000000000,1.687500000000,0.000000000000
3.000000000000,1.710937500000,0.000000000000
3.000000000000,1.734375000000,0.000000000000
3.000000000000,1.757812500000,0.000000000000
3.000000000000,1.781250000000,0.000000000000
3.000000000000,1.804687500000,0.000000000000
3.000000000000,1.828125000000,0.000000000000
3.000000000000,1.851562500000,0.000000000000
3.000000000000,1.875000000000,0.000000000000
3.000000000000,1.898437500000,0.000000000000
3.000000000000,1.921875000000,0.000000000000
3.000000000000,1.945312500000,0.000000000000
3.000000000000,1.968750000000,0.000000000000
3.000000000000,1.992187500000,0.000000000000
3.000000000000,2.015625000000,0.000000000000
3.000000000000,2.039062500000,0.000000000000
3.000000000000,2.062500000000,0.000000000000
3.000000000000,2.085937500000,0.000000000000
3.000000000000,2.109375000000,0.000000000000
3.000000000000,2.132812500000,0.000000000000
3.000000000000,2.156250000000,0.000000000000
3.000000000000,2.179687500000,0.000000000000
3.000000000000,2.203125000000,0.000000000000
3.000000000000,2.226562500000,0.000000000000
3.000000000000,2.250000000000,0.000000000000
3.000000000000,2.273437500000,0.000000000000
3.000000000000,2.296875000000,0.000000000000
3.000000000000,2.320312500000,0.000000000000
3.000000000000,2.343750000000,0.000000000000
3.000000000000,2.367187500000,0.000000000000
3.000000000000,2.390625000000,0.000000000000
3.000000000000,2.414062500000,0.000000000000
3.000000000000,2.437500000000,0.000000000000
3.000000000000,2.460937500000,0.000000000000
3.000000000000,2.484375000000,0.000000000000
3.000000000000,2.507812500000,0.000000000000
3.000000000000,2.531250000000,0.000000000000
3.000000000000,2.554687500000,0.000000000000
3.000000000000,2.578125000000,0.000000000000
3.000000000000,2.601562500000,0.000000000000
3.000000000000,2.625000000000,0.000000000000
3.000000000000,2.648437500000,0.000000000000
3.000000000000,2.671875000000,0.000000000000
3.000000000000,2.695312500000,0.000000000000
3.000000000000,2.718750000000,0.000000000000
3.000000000000,2.742187500000,0.000000000000
3.000000000000,2.765625000000,0.000000000000
3.000000000000,2.789062500000,0.000000000000
3.000000000000,2.812500000000,0.000000000000
3.000000000000,2.835937500000,0.000000000000
3.000000000000,2.859375000000,0.000000000000
3.000000000000,2.882812500000,0.000000000000
3.000000000000,2.906250000000,0.000000000000
3.000000000000,2.929687500000,0.000000000000
3.000000000000,2.953125000000,0.000000000000
3.000000000000,2.976562500000,0.000000000000
3.000000000000,3.000000000000,0.000000000000
