x,y,value
0.000000000000,0.000000000000,0.000000000000
0.000000000000,0.023437500000,0.000000000000
0.000000000000,0.046875000000,0.000000000000
0.000000000000,0.070312500000,0.000000000000
0.000000000000,0.093750000000,0.000000000000
0.000000000000,0.117187500000,0.000000000000
0.000000000000,0.140625000000,0.000000000000
0.000000000000,0.164062500000,0.000000000000
0.000000000000,0.187500000000,0.000000000000
0.000000000000,0.210937500000,0.000000000000
0.000000000000,0.234375000000,0.000000000000
0.000000000000,0.257812500000,0.000000000000
0.000000000000,0.281250000000,0.000000000000
0.000000000000,0.304687500000,0.000000000000
0.000000000000,0.328125000000,0.000000000000
0.000000000000,0.351562500000,0.000000000000
0.000000000000,0.375000000000,0.000000000000
0.000000000000,0.398437500000,0.000000000000
0.000000000000,0.421875000000,0.000000000000
0.000000000000,0.445312500000,0.000000000000
0.000000000000,0.468750000000,0.000000000000
0.000000000000,0.492187500000,0.000000000000
0.000000000000,0.515625000000,0.000000000000
0.000000000000,0.539062500000,0.000000000000
0.000000000000,0.562500000000,0.000000000000
0.000000000000,0.585937500000,0.000000000000
0.000000000000,0.609375000000,0.000000000000
0.000000000000,0.632812500000,0.000000000000
0.000000000000,0.656250000000,0.000000000000
0.000000000000,0.679687500000,0.000000000000
0.000000000000,0.703125000000,0.000000000000
0.000000000000,0.726562500000,0.000000000000
0.000000000000,0.750000000000,0.000000000000
0.000000000000,0.773437500000,0.000000000000
0.000000000000,0.796875000000,0.000000000000
0.000000000000,0.820312500000,0.000000000000
0.000000000000,0.843750000000,0.000000000000
0.000000000000,0.867187500000,0.000000000000
0.000000000000,0.890625000000,0.000000000000
0.000000000000,0.914062500000,0.000000000000
0.000000000000,0.937500000000,0.000000000000
0.000000000000,0.960937500000,0.000000000000
0.000000000000,0.984375000000,0.000000000000
0.000000000000,1.007812500000,0.000000000000
0.000000000000,1.031250000000,0.000000000000
0.000000000000,1.054687500000,0.000000000000
0.000000000000,1.078125000000,0.000000000000
0.000000000000,1.101562500000,0.000000000000
0.000000000000,1.125000000000,0.000000000000
0.000000000000,1.148437500000,0.000000000000
0.000000000000,1.171875000000,0.000000000000
0.000000000000,1.195312500000,0.000000000000
0.000000000000,1.218750000000,0.000000000000
0.000000000000,1.242187500000,0.000000000000
0.000000000000,1.265625000000,0.000000000000
0.000000000000,1.289062500000,0.000000000000
0.000000000000,1.312500000000,0.000000000000
0.000000000000,1.335937500000,0.000000000000
0.000000000000,1.359375000000,0.000000000000
0.000000000000,1.382812500000,0.000000000000
0.000000000000,1.406250000000,0.000000000000
0.000000000000,1.429687500000,0.000000000000
0.000000000000,1.453125000000,0.000000000000
0.000000000000,1.476562500000,0.000000000000
0.000000000000,1.500000000000,0.000000000000
0.000000000000,1.523437500000,0.000000000000
0.000000000000,1.546875000000,0.000000000000
0.000000000000,1.570312500000,0.000000000000
0.000000000000,1.593750000000,0.000000000000
0.000000000000,1.617187500000,0.000000000000
0.000000000000,1.640625000000,0.000000000000
0.000000000000,1.664062500000,0.000000000000
0.000000000000,1.687500000000,0.000000000000
0.000000000000,1.710937500000,0.000000000000
0.000000000000,1.734375000000,0.000000000000
0.000000000000,1.757812500000,0.000000000000
0.000000000000,1.781250000000,0.000000000000
0.000000000000,1.804687500000,0.000000000000
0.000000000000,1.828125000000,0.000000000000
0.000000000000,1.851562500000,0.000000000000
0.000000000000,1.875000000000,0.000000000000
0.000000000000,1.898437500000,0.000000000000
0.000000000000,1.921875000000,0.000000000000
0.000000000000,1.945312500000,0.000000000000
0.000000000000,1.968750000000,0.000000000000
0.000000000000,1.992187500000,0.000000000000
0.000000000000,2.015625000000,0.000000000000
0.000000000000,2.039062500000,0.000000000000
0.000000000000,2.062500000000,0.000000000000
0.000000000000,2.085937500000,0.000000000000
0.000000000000,2.109375000000,0.000000000000
0.000000000000,2.132812500000,0.000000000000
0.000000000000,2.156250000000,0.000000000000
0.000000000000,2.179687500000,0.000000000000
0.000000000000,2.203125000000,0.000000000000
0.000000000000,2.226562500000,0.000000000000
0.000000000000,2.250000000000,0.000000000000
0.000000000000,2.273437500000,0.000000000000
0.000000000000,2.296875000000,0.000000000000
0.000000000000,2.320312500000,0.000000000000
0.000000000000,2.343750000000,0.000000000000
0.000000000000,2.367187500000,0.000000000000
0.000000000000,2.390625000000,0.000000000000
0.000000000000,2.414062500000,0.000000000000
0.000000000000,2.437500000000,0.000000000000
0.000000000000,2.460937500000,0.000000000000
0.000000000000,2.484375000000,0.000000000000
0.000000000000,2.507812500000,0.000000000000
0.000000000000,2.531250000000,0.000000000000
0.000000000000,2.554687500000,0.000000000000
0.000000000000,2.578125000000,0.000000000000
0.000000000000,2.601562500000,0.000000000000
0.000000000000,2.625000000000,0.000000000000
0.000000000000,2.648437500000,0.000000000000
0.000000000000,2.671875000000,0.000000000000
0.000000000000,2.695312500000,0.000000000000
0.000000000000,2.718750000000,0.000000000000
0.000000000000,2.742187500000,0.000000000000
0.000000000000,2.765625000000,0.000000000000
0.000000000000,2.789062500000,0.000000000000
0.000000000000,2.812500000000,0.000000000000
0.000000000000,2.835937500000,0.000000000000
0.000000000000,2.859375000000,0.000000000000
0.000000000000,2.882812500000,0.000000000000
0.000000000000,2.906250000000,0.000000000000
0.000000000000,2.929687500000,0.000000000000
0.000000000000,2.953125000000,0.000000000000
0.000000000000,2.976562500000,0.000000000000
0.000000000000,3.000000000000,0.000000000000
0.023437500000,0.000000000000,0.000000000000
0.023437500000,0.023437500000,-0.000000031460
0.023437500000,0.046875000000,-0.000000054663
0.023437500000,0.070312500000,-0.000000077377
0.023437500000,0.093750000000,-0.000000099463
0.023437500000,0.117187500000,-0.000000120784
0.023437500000,0.140625000000,-0.000000141207
0.023437500000,0.164062500000,-0.000000160605
0.023437500000,0.187500000000,-0.000000178857
0.023437500000,0.210937500000,-0.000000195850
0.023437500000,0.234375000000,-0.000000211475
0.023437500000,0.257812500000,-0.000000225635
0.023437500000,0.281250000000,-0.000000238239
0.023437500000,0.304687500000,-0.000000249204
0.023437500000,0.328125000000,-0.000000258459
0.023437500000,0.351562500000,-0.000000265941
0.023437500000,0.375000000000,-0.000000271597
0.023437500000,0.398437500000,-0.000000275385
0.023437500000,0.421875000000,-0.000000277273
0.023437500000,0.445312500000,-0.000000277241
0.023437500000,0.468750000000,-0.000000275277
0.023437500000,0.492187500000,-0.000000271382
0.023437500000,0.515625000000,-0.000000265568
0.023437500000,0.539062500000,-0.000000257857
0.023437500000,0.562500000000,-0.000000248281
0.023437500000,0.585937500000,-0.000000236884
0.023437500000,0.609375000000,-0.000000223718
0.023437500000,0.632812500000,-0.000000208847
0.023437500000,0.656250000000,-0.000000192344
0.023437500000,0.679687500000,-0.000000174290
0.023437500000,0.703125000000,-0.000000154775
0.023437500000,0.726562500000,-0.000000133899
0.023437500000,0.750000000000,-0.000000111766
0.023437500000,0.773437500000,-0.000000088490
0.023437500000,0.796875000000,-0.000000064192
0.023437500000,0.820312500000,-0.000000038995
0.023437500000,0.843750000000,-0.000000013030
0.023437500000,0.867187500000,0.000000013568
0.023437500000,0.890625000000,0.000000040662
0.023437500000,0.914062500000,0.000000068109
0.023437500000,0.937500000000,0.000000095767
0.023437500000,0.960937500000,0.000000123491
0.023437500000,0.984375000000,0.000000151136
0.023437500000,1.007812500000,0.000000178558
0.023437500000,1.031250000000,0.000000205613
0.023437500000,1.054687500000,0.000000232158
0.023437500000,1.078125000000,0.000000258054
0.023437500000,1.101562500000,0.000000283166
0.023437500000,1.125000000000,0.000000307361
0.023437500000,1.148437500000,0.000000330511
0.023437500000,1.171875000000,0.000000352496
0.023437500000,1.195312500000,0.000000373198
0.023437500000,1.218750000000,0.000000392510
0.023437500000,1.242187500000,0.000000410328
0.023437500000,1.265625000000,0.000000426559
0.023437500000,1.289062500000,0.000000441117
0.023437500000,1.312500000000,0.000000453925
0.023437500000,1.335937500000,0.000000464915
0.023437500000,1.359375000000,0.000000474028
0.023437500000,1.382812500000,0.000000481216
0.023437500000,1.406250000000,0.000000486441
0.023437500000,1.429687500000,0.000000489673
0.023437500000,1.453125000000,0.000000490895
0.023437500000,1.476562500000,0.000000490099
0.023437500000,1.500000000000,0.000000487288
0.023437500000,1.523437500000,0.000000482476
0.023437500000,1.546875000000,0.000000475686
0.023437500000,1.570312500000,0.000000466952
0.023437500000,1.593750000000,0.000000456318
0.023437500000,1.617187500000,0.000000443837
0.023437500000,1.640625000000,0.000000429574
0.023437500000,1.664062500000,0.000000413600
0.023437500000,1.687500000000,0.000000395997
0.023437500000,1.710937500000,0.000000376854
0.023437500000,1.734375000000,0.000000356268
0.023437500000,1.757812500000,0.000000334343
0.023437500000,1.781250000000,0.000000311192
0.023437500000,1.804687500000,0.000000286930
0.023437500000,1.828125000000,0.000000261681
0.023437500000,1.851562500000,0.000000235573
0.023437500000,1.875000000000,0.000000208738
0.023437500000,1.898437500000,0.000000181310
0.023437500000,1.921875000000,0.000000153427
0.023437500000,1.945312500000,0.000000125230
0.023437500000,1.968750000000,0.000000096859
0.023437500000,1.992187500000,0.000000068457
0.023437500000,2.015625000000,0.000000040165
0.023437500000,2.039062500000,0.000000012122
0.023437500000,2.062500000000,-0.000000015531
0.023437500000,2.085937500000,-0.000000042659
0.023437500000,2.109375000000,-0.000000069128
0.023437500000,2.132812500000,-0.000000094810
0.023437500000,2.156250000000,-0.000000119579
0.023437500000,2.179687500000,-0.000000143316
0.023437500000,2.203125000000,-0.000000165907
0.023437500000,2.226562500000,-0.000000187245
0.023437500000,2.250000000000,-0.000000207228
0.023437500000,2.273437500000,-0.000000225764
0.023437500000,2.296875000000,-0.000000242768
0.023437500000,2.320312500000,-0.000000258162
0.023437500000,2.343750000000,-0.000000271878
0.023437500000,2.367187500000,-0.000000283857
0.023437500000,2.390625000000,-0.000000294049
0.023437500000,2.414062500000,-0.000000302414
0.023437500000,2.437500000000,-0.000000308920
0.023437500000,2.460937500000,-0.000000313548
0.023437500000,2.484375000000,-0.000000316285
0.023437500000,2.507812500000,-0.000000317132
0.023437500000,2.531250000000,-0.000000316097
0.023437500000,2.554687500000,-0.000000313198
0.023437500000,2.578125000000,-0.000000308465
0.023437500000,2.601562500000,-0.000000301936
0.023437500000,2.625000000000,-0.000000293657
0.023437500000,2.648437500000,-0.000000283686
0.023437500000,2.671875000000,-0.000000272088
0.023437500000,2.695312500000,-0.000000258935
0.023437500000,2.718750000000,-0.000000244310
0.023437500000,2.742187500000,-0.000000228301
0.023437500000,2.765625000000,-0.000000211003
0.023437500000,2.789062500000,-0.000000192520
0.023437500000,2.812500000000,-0.000000172959
0.023437500000,2.835937500000,-0.000000152433
0.023437500000,2.859375000000,-0.000000131060
0.023437500000,2.882812500000,-0.000000108964
0.023437500000,2.906250000000,-0.000000086268
0.023437500000,2.929687500000,-0.000000063101
0.023437500000,2.953125000000,-0.000000039593
0.023437500000,2.976562500000,-0.000000015876
0.023437500000,3.000000000000,0.000000000000
0.046875000000,0.000000000000,0.000000000000
0.046875000000,0.023437500000,-0.000000054663
0.046875000000,0.046875000000,-0.000000093009
0.046875000000,0.070312500000,-0.000000130530
0.046875000000,0.093750000000,-0.000000166993
0.046875000000,0.117187500000,-0.000000202170
0.046875000000,0.140625000000,-0.000000235843
0.046875000000,0.164062500000,-0.000000267802
0.046875000000,0.187500000000,-0.000000297846
0.046875000000,0.210937500000,-0.000000325787
0.046875000000,0.234375000000,-0.000000351449
0.046875000000,0.257812500000,-0.000000374668
0.046875000000,0.281250000000,-0.000000395294
0.046875000000,0.304687500000,-0.000000413195
0.046875000000,0.328125000000,-0.000000428249
0.046875000000,0.351562500000,-0.000000440355
0.046875000000,0.375000000000,-0.000000449427
0.046875000000,0.398437500000,-0.000000455396
0.046875000000,0.421875000000,-0.000000458210
0.046875000000,0.445312500000,-0.000000457836
0.046875000000,0.468750000000,-0.000000454258
0.046875000000,0.492187500000,-0.000000447479
0.046875000000,0.515625000000,-0.000000437518
0.046875000000,0.539062500000,-0.000000424414
0.046875000000,0.562500000000,-0.000000408224
0.046875000000,0.585937500000,-0.000000389018
0.046875000000,0.609375000000,-0.000000366888
0.046875000000,0.632812500000,-0.000000341940
0.046875000000,0.656250000000,-0.000000314294
0.046875000000,0.679687500000,-0.000000284089
0.046875000000,0.703125000000,-0.000000251476
0.046875000000,0.726562500000,-0.000000216619
0.046875000000,0.750000000000,-0.000000179695
0.046875000000,0.773437500000,-0.000000140893
0.046875000000,0.796875000000,-0.000000100413
0.046875000000,0.820312500000,-0.000000058464
0.046875000000,0.843750000000,-0.000000015261
0.046875000000,0.867187500000,0.000000028970
0.046875000000,0.890625000000,0.000000073999
0.046875000000,0.914062500000,0.000000119591
0.046875000000,0.937500000000,0.000000165509
0.046875000000,0.960937500000,0.000000211513
0.046875000000,0.984375000000,0.000000257360
0.046875000000,1.007812500000,0.000000302812
0.046875000000,1.031250000000,0.000000347628
0.046875000000,1.054687500000,0.000000391575
0.046875000000,1.078125000000,0.000000434419
0.046875000000,1.101562500000,0.000000475937
0.046875000000,1.125000000000,0.000000515909
0.046875000000,1.148437500000,0.000000554124
0.046875000000,1.171875000000,0.000000590380
0.046875000000,1.195312500000,0.000000624487
0.046875000000,1.218750000000,0.000000656263
0.046875000000,1.242187500000,0.000000685540
0.046875000000,1.265625000000,0.000000712164
0.046875000000,1.289062500000,0.000000735993
0.046875000000,1.312500000000,0.000000756900
0.046875000000,1.335937500000,0.000000774774
0.046875000000,1.359375000000,0.000000789519
0.046875000000,1.382812500000,0.000000801055
0.046875000000,1.406250000000,0.000000809320
0.046875000000,1.429687500000,0.000000814269
0.046875000000,1.453125000000,0.000000815874
0.046875000000,1.476562500000,0.000000814122
0.046875000000,1.500000000000,0.000000809021
0.046875000000,1.523437500000,0.000000800595
0.046875000000,1.546875000000,0.000000788885
0.046875000000,1.570312500000,0.000000773948
0.046875000000,1.593750000000,0.000000755860
0.046875000000,1.617187500000,0.000000734711
0.046875000000,1.640625000000,0.000000710609
0.046875000000,1.664062500000,0.000000683675
0.046875000000,1.687500000000,0.000000654044
0.046875000000,1.710937500000,0.000000621868
0.046875000000,1.734375000000,0.000000587309
0.046875000000,1.757812500000,0.000000550543
0.046875000000,1.781250000000,0.000000511754
0.046875000000,1.804687500000,0.000000471140
0.046875000000,1.828125000000,0.000000428905
0.046875000000,1.851562500000,0.000000385262
0.046875000000,1.875000000000,0.000000340433
0.046875000000,1.898437500000,0.000000294641
0.046875000000,1.921875000000,0.000000248117
0.046875000000,1.945312500000,0.000000201094
0.046875000000,1.968750000000,0.000000153807
0.046875000000,1.992187500000,0.000000106492
0.046875000000,2.015625000000,0.000000059385
0.046875000000,2.039062500000,0.000000012719
0.046875000000,2.062500000000,-0.000000033275
0.046875000000,2.085937500000,-0.000000078371
0.046875000000,2.109375000000,-0.000000122348
0.046875000000,2.132812500000,-0.000000164990
0.046875000000,2.156250000000,-0.000000206092
0.046875000000,2.179687500000,-0.000000245454
0.046875000000,2.203125000000,-0.000000282888
0.046875000000,2.226562500000,-0.000000318215
0.046875000000,2.250000000000,-0.000000351271
0.046875000000,2.273437500000,-0.000000381899
0.046875000000,2.296875000000,-0.000000409961
0.046875000000,2.320312500000,-0.000000435328
0.046875000000,2.343750000000,-0.000000457888
0.046875000000,2.367187500000,-0.000000477544
0.046875000000,2.390625000000,-0.000000494213
0.046875000000,2.414062500000,-0.000000507831
0.046875000000,2.437500000000,-0.000000518347
0.046875000000,2.460937500000,-0.000000525728
0.046875000000,2.484375000000,-0.000000529958
0.046875000000,2.507812500000,-0.000000531035
0.046875000000,2.531250000000,-0.000000528976
0.046875000000,2.554687500000,-0.000000523815
0.046875000000,2.578125000000,-0.000000515599
0.046875000000,2.601562500000,-0.000000504395
0.046875000000,2.625000000000,-0.000000490280
0.046875000000,2.648437500000,-0.000000473353
0.046875000000,2.671875000000,-0.000000453720
0.046875000000,2.695312500000,-0.000000431507
0.046875000000,2.718750000000,-0.000000406850
0.046875000000,2.742187500000,-0.000000379897
0.046875000000,2.765625000000,-0.000000350809
0.046875000000,2.789062500000,-0.000000319757
0.046875000000,2.812500000000,-0.000000286922
0.046875000000,2.835937500000,-0.000000252494
0.046875000000,2.859375000000,-0.000000216669
0.046875000000,2.882812500000,-0.000000179651
0.046875000000,2.906250000000,-0.000000141650
0.046875000000,2.929687500000,-0.000000102880
0.046875000000,2.953125000000,-0.000000063557
0.046875000000,2.976562500000,-0.000000023900
0.046875000000,3.000000000000,0.000000000000
0.070312500000,0.000000000000,0.000000000000
0.070312500000,0.023437500000,-0.000000077377
0.070312500000,0.046875000000,-0.000000130530
0.070312500000,0.070312500000,-0.000000182524
0.070312500000,0.093750000000,-0.000000233036
0.070312500000,0.117187500000,-0.000000281749
0.070312500000,0.140625000000,-0.000000328359
0.070312500000,0.164062500000,-0.000000372573
0.070312500000,0.187500000000,-0.000000414115
0.070312500000,0.210937500000,-0.000000452720
0.070312500000,0.234375000000,-0.000000488146
0.070312500000,0.257812500000,-0.000000520164
0.070312500000,0.281250000000,-0.000000548568
0.070312500000,0.304687500000,-0.000000573170
0.070312500000,0.328125000000,-0.000000593807
0.070312500000,0.351562500000,-0.000000610336
0.070312500000,0.375000000000,-0.000000622639
0.070312500000,0.398437500000,-0.000000630620
0.070312500000,0.421875000000,-0.000000634209
0.070312500000,0.445312500000,-0.000000633360
0.070312500000,0.468750000000,-0.000000628054
0.070312500000,0.492187500000,-0.000000618293
0.070312500000,0.515625000000,-0.000000604109
0.070312500000,0.539062500000,-0.000000585554
0.070312500000,0.562500000000,-0.000000562709
0.070312500000,0.585937500000,-0.000000535675
0.070312500000,0.609375000000,-0.000000504579
0.070312500000,0.632812500000,-0.000000469570
0.070312500000,0.656250000000,-0.000000430820
0.070312500000,0.679687500000,-0.000000388520
0.070312500000,0.703125000000,-0.000000342881
0.070312500000,0.726562500000,-0.000000294135
0.070312500000,0.750000000000,-0.000000242530
0.070312500000,0.773437500000,-0.000000188329
0.070312500000,0.796875000000,-0.000000131811
0.070312500000,0.820312500000,-0.000000073268
0.070312500000,0.843750000000,-0.000000013003
0.070312500000,0.867187500000,0.000000048671
0.070312500000,0.890625000000,0.000000111432
0.070312500000,0.914062500000,0.000000174954
0.070312500000,0.937500000000,0.000000238903
0.070312500000,0.960937500000,0.000000302944
0.070312500000,0.984375000000,0.000000366743
0.070312500000,1.007812500000,0.000000429962
0.070312500000,1.031250000000,0.000000492271
0.070312500000,1.054687500000,0.000000553339
0.070312500000,1.078125000000,0.000000612847
0.070312500000,1.101562500000,0.000000670478
0.070312500000,1.125000000000,0.000000725930
0.070312500000,1.148437500000,0.000000778908
0.070312500000,1.171875000000,0.000000829132
0.070312500000,1.195312500000,0.000000876336
0.070312500000,1.218750000000,0.000000920269
0.070312500000,1.242187500000,0.000000960698
0.070312500000,1.265625000000,0.000000997407
0.070312500000,1.289062500000,0.000001030200
0.070312500000,1.312500000000,0.000001058902
0.070312500000,1.335937500000,0.000001083360
0.070312500000,1.359375000000,0.000001103440
0.070312500000,1.382812500000,0.000001119033
0.070312500000,1.406250000000,0.000001130055
0.070312500000,1.429687500000,0.000001136442
0.070312500000,1.453125000000,0.000001138157
0.070312500000,1.476562500000,0.000001135187
0.070312500000,1.500000000000,0.000001127541
0.070312500000,1.523437500000,0.000001115256
0.070312500000,1.546875000000,0.000001098390
0.070312500000,1.570312500000,0.000001077026
0.070312500000,1.593750000000,0.000001051269
0.070312500000,1.617187500000,0.000001021249
0.070312500000,1.640625000000,0.000000987116
0.070312500000,1.664062500000,0.000000949041
0.070312500000,1.687500000000,0.000000907216
0.070312500000,1.710937500000,0.000000861852
0.070312500000,1.734375000000,0.000000813178
0.070312500000,1.757812500000,0.000000761440
0.070312500000,1.781250000000,0.000000706898
0.070312500000,1.804687500000,0.000000649827
0.070312500000,1.828125000000,0.000000590516
0.070312500000,1.851562500000,0.000000529262
0.070312500000,1.875000000000,0.000000466373
0.070312500000,1.898437500000,0.000000402165
0.070312500000,1.921875000000,0.000000336961
0.070312500000,1.945312500000,0.000000271086
0.070312500000,1.968750000000,0.000000204869
0.070312500000,1.992187500000,0.000000138639
0.070312500000,2.015625000000,0.000000072727
0.070312500000,2.039062500000,0.000000007458
0.070312500000,2.062500000000,-0.000000056845
0.070312500000,2.085937500000,-0.000000119866
0.070312500000,2.109375000000,-0.000000181297
0.070312500000,2.132812500000,-0.000000240837
0.070312500000,2.156250000000,-0.000000298198
0.070312500000,2.179687500000,-0.000000353102
0.070312500000,2.203125000000,-0.000000405288
0.070312500000,2.226562500000,-0.000000454507
0.070312500000,2.250000000000,-0.000000500527
0.070312500000,2.273437500000,-0.000000543134
0.070312500000,2.296875000000,-0.000000582131
0.070312500000,2.320312500000,-0.000000617342
0.070312500000,2.343750000000,-0.000000648612
0.070312500000,2.367187500000,-0.000000675805
0.070312500000,2.390625000000,-0.000000698807
0.070312500000,2.414062500000,-0.000000717528
0.070312500000,2.437500000000,-0.000000731899
0.070312500000,2.460937500000,-0.000000741875
0.070312500000,2.484375000000,-0.000000747434
0.070312500000,2.507812500000,-0.000000748576
0.070312500000,2.531250000000,-0.000000745327
0.070312500000,2.554687500000,-0.000000737732
0.070312500000,2.578125000000,-0.000000725861
0.070312500000,2.601562500000,-0.000000709806
0.070312500000,2.625000000000,-0.000000689680
0.070312500000,2.648437500000,-0.000000665618
0.070312500000,2.671875000000,-0.000000637773
0.070312500000,2.695312500000,-0.000000606321
0.070312500000,2.718750000000,-0.000000571452
0.070312500000,2.742187500000,-0.000000533375
0.070312500000,2.765625000000,-0.000000492316
0.070312500000,2.789062500000,-0.000000448516
0.070312500000,2.812500000000,-0.000000402228
0.070312500000,2.835937500000,-0.000000353717
0.070312500000,2.859375000000,-0.000000303261
0.070312500000,2.882812500000,-0.000000251145
0.070312500000,2.906250000000,-0.000000197661
0.070312500000,2.929687500000,-0.000000143111
0.070312500000,2.953125000000,-0.000000087798
0.070312500000,2.976562500000,-0.000000032028
0.070312500000,3.000000000000,0.000000000000
0.093750000000,0.000000000000,0.000000000000
0.093750000000,0.023437500000,-0.000000099463
0.093750000000,0.046875000000,-0.000000166993
0.093750000000,0.070312500000,-0.000000233036
0.093750000000,0.093750000000,-0.000000297178
0.093750000000,0.117187500000,-0.000000359018
0.093750000000,0.140625000000,-0.000000418165
0.093750000000,0.164062500000,-0.000000474246
0.093750000000,0.187500000000,-0.000000526909
0.093750000000,0.210937500000,-0.000000575816
0.093750000000,0.234375000000,-0.000000620657
0.093750000000,0.257812500000,-0.000000661142
0.093750000000,0.281250000000,-0.000000697007
0.093750000000,0.304687500000,-0.000000728014
0.093750000000,0.328125000000,-0.000000753955
0.093750000000,0.351562500000,-0.000000774648
0.093750000000,0.375000000000,-0.000000789942
0.093750000000,0.398437500000,-0.000000799718
0.093750000000,0.421875000000,-0.000000803887
0.093750000000,0.445312500000,-0.000000802392
0.093750000000,0.468750000000,-0.000000795206
0.093750000000,0.492187500000,-0.000000782338
0.093750000000,0.515625000000,-0.000000763827
0.093750000000,0.539062500000,-0.000000739743
0.093750000000,0.562500000000,-0.000000710189
0.093750000000,0.585937500000,-0.000000675295
0.093750000000,0.609375000000,-0.000000635228
0.093750000000,0.632812500000,-0.000000590178
0.093750000000,0.656250000000,-0.000000540363
0.093750000000,0.679687500000,-0.000000486034
0.093750000000,0.703125000000,-0.000000427459
0.093750000000,0.726562500000,-0.000000364937
0.093750000000,0.750000000000,-0.000000298783
0.093750000000,0.773437500000,-0.000000229339
0.093750000000,0.796875000000,-0.000000156961
0.093750000000,0.820312500000,-0.000000082022
0.093750000000,0.843750000000,-0.000000004913
0.093750000000,0.867187500000,0.000000073967
0.093750000000,0.890625000000,0.000000154206
0.093750000000,0.914062500000,0.000000235383
0.093750000000,0.937500000000,0.000000317075
0.093750000000,0.960937500000,0.000000398851
0.093750000000,0.984375000000,0.000000480282
0.093750000000,1.007812500000,0.000000560938
0.093750000000,1.031250000000,0.000000640395
0.093750000000,1.054687500000,0.000000718233
0.093750000000,1.078125000000,0.000000794039
0.093750000000,1.101562500000,0.000000867413
0.093750000000,1.125000000000,0.000000937965
0.093750000000,1.148437500000,0.000001005322
0.093750000000,1.171875000000,0.000001069124
0.093750000000,1.195312500000,0.000001129032
0.093750000000,1.218750000000,0.000001184726
0.093750000000,1.242187500000,0.000001235909
0.093750000000,1.265625000000,0.000001282306
0.093750000000,1.289062500000,0.000001323669
0.093750000000,1.312500000000,0.000001359774
0.093750000000,1.335937500000,0.000001390425
0.093750000000,1.359375000000,0.000001415455
0.093750000000,1.382812500000,0.000001434728
0.093750000000,1.406250000000,0.000001448133
0.093750000000,1.429687500000,0.000001455594
0.093750000000,1.453125000000,0.000001457063
0.093750000000,1.476562500000,0.000001452528
0.093750000000,1.500000000000,0.000001442002
0.093750000000,1.523437500000,0.000001425533
0.093750000000,1.546875000000,0.000001403198
0.093750000000,1.570312500000,0.000001375106
0.093750000000,1.593750000000,0.000001341394
0.093750000000,1.617187500000,0.000001302229
0.093750000000,1.640625000000,0.000001257806
0.093750000000,1.664062500000,0.000001208348
0.093750000000,1.687500000000,0.000001154100
0.093750000000,1.710937500000,0.000001095336
0.093750000000,1.734375000000,0.000001032351
0.093750000000,1.757812500000,0.000000965461
0.093750000000,1.781250000000,0.000000895002
0.093750000000,1.804687500000,0.000000821328
0.093750000000,1.828125000000,0.000000744809
0.093750000000,1.851562500000,0.000000665830
0.093750000000,1.875000000000,0.000000584785
0.093750000000,1.898437500000,0.000000502082
0.093750000000,1.921875000000,0.000000418133
0.093750000000,1.945312500000,0.000000333358
0.093750000000,1.968750000000,0.000000248178
0.093750000000,1.992187500000,0.000000163019
0.093750000000,2.015625000000,0.000000078301
0.093750000000,2.039062500000,-0.000000005556
0.093750000000,2.062500000000,-0.000000088138
0.093750000000,2.085937500000,-0.000000169040
0.093750000000,2.109375000000,-0.000000247866
0.093750000000,2.132812500000,-0.000000324232
0.093750000000,2.156250000000,-0.000000397767
0.093750000000,2.179687500000,-0.000000468116
0.093750000000,2.203125000000,-0.000000534945
0.093750000000,2.226562500000,-0.000000597933
0.093750000000,2.250000000000,-0.000000656785
0.093750000000,2.273437500000,-0.000000711226
0.093750000000,2.296875000000,-0.000000761006
0.093750000000,2.320312500000,-0.000000805899
0.093750000000,2.343750000000,-0.000000845707
0.093750000000,2.367187500000,-0.000000880256
0.093750000000,2.390625000000,-0.000000909404
0.093750000000,2.414062500000,-0.000000933032
0.093750000000,2.437500000000,-0.000000951058
0.093750000000,2.460937500000,-0.000000963421
0.093750000000,2.484375000000,-0.000000970096
0.093750000000,2.507812500000,-0.000000971085
0.093750000000,2.531250000000,-0.000000966420
0.093750000000,2.554687500000,-0.000000956164
0.093750000000,2.578125000000,-0.000000940407
0.093750000000,2.601562500000,-0.000000919267
0.093750000000,2.625000000000,-0.000000892892
0.093750000000,2.648437500000,-0.000000861455
0.093750000000,2.671875000000,-0.000000825156
0.093750000000,2.695312500000,-0.000000784220
0.093750000000,2.718750000000,-0.000000738893
0.093750000000,2.742187500000,-0.000000689448
0.093750000000,2.765625000000,-0.000000636171
0.093750000000,2.789062500000,-0.000000579376
0.093750000000,2.812500000000,-0.000000519387
0.093750000000,2.835937500000,-0.000000456546
0.093750000000,2.859375000000,-0.000000391212
0.093750000000,2.882812500000,-0.000000323750
0.093750000000,2.906250000000,-0.000000254539
0.093750000000,2.929687500000,-0.000000183965
0.093750000000,2.953125000000,-0.000000112418
0.093750000000,2.976562500000,-0.000000040294
0.093750000000,3.000000000000,0.000000000000
0.117187500000,0.000000000000,0.000000000000
0.117187500000,0.023437500000,-0.000000120784
0.117187500000,0.046875000000,-0.000000202170
0.117187500000,0.070312500000,-0.000000281749
0.117187500000,0.093750000000,-0.000000359018
0.117187500000,0.117187500000,-0.000000433489
0.117187500000,0.140625000000,-0.000000504689
0.117187500000,0.164062500000,-0.000000572168
0.117187500000,0.187500000000,-0.000000635495
0.117187500000,0.210937500000,-0.000000694265
0.117187500000,0.234375000000,-0.000000748100
0.117187500000,0.257812500000,-0.000000796649
0.117187500000,0.281250000000,-0.000000839592
0.117187500000,0.304687500000,-0.000000876644
0.117187500000,0.328125000000,-0.000000907550
0.117187500000,0.351562500000,-0.000000932092
0.117187500000,0.375000000000,-0.000000950088
0.117187500000,0.398437500000,-0.000000961395
0.117187500000,0.421875000000,-0.000000965906
0.117187500000,0.445312500000,-0.000000963552
0.117187500000,0.468750000000,-0.000000954305
0.117187500000,0.492187500000,-0.000000938174
0.117187500000,0.515625000000,-0.000000915209
0.117187500000,0.539062500000,-0.000000885498
0.117187500000,0.562500000000,-0.000000849165
0.117187500000,0.585937500000,-0.000000806374
0.117187500000,0.609375000000,-0.000000757324
0.117187500000,0.632812500000,-0.000000702250
0.117187500000,0.656250000000,-0.000000641421
0.117187500000,0.679687500000,-0.000000575137
0.117187500000,0.703125000000,-0.000000503730
0.117187500000,0.726562500000,-0.000000427563
0.117187500000,0.750000000000,-0.000000347022
0.117187500000,0.773437500000,-0.000000262521
0.117187500000,0.796875000000,-0.000000174493
0.117187500000,0.820312500000,-0.000000083396
0.117187500000,0.843750000000,0.000000010297
0.117187500000,0.867187500000,0.000000106099
0.117187500000,0.890625000000,0.000000203509
0.117187500000,0.914062500000,0.000000302016
0.117187500000,0.937500000000,0.000000401102
0.117187500000,0.960937500000,0.000000500247
0.117187500000,0.984375000000,0.000000598927
0.117187500000,1.007812500000,0.000000696622
0.117187500000,1.031250000000,0.000000792814
0.117187500000,1.054687500000,0.000000886992
0.117187500000,1.078125000000,0.000000978659
0.117187500000,1.101562500000,0.000001067325
0.117187500000,1.125000000000,0.000001152520
0.117187500000,1.148437500000,0.000001233788
0.117187500000,1.171875000000,0.000001310694
0.117187500000,1.195312500000,0.000001382829
0.117187500000,1.218750000000,0.000001449804
0.117187500000,1.242187500000,0.000001511259
0.117187500000,1.265625000000,0.000001566862
0.117187500000,1.289062500000,0.000001616313
0.117187500000,1.312500000000,0.000001659340
0.117187500000,1.335937500000,0.000001695710
0.117187500000,1.359375000000,0.000001725220
0.117187500000,1.382812500000,0.000001747707
0.117187500000,1.406250000000,0.000001763039
0.117187500000,1.429687500000,0.000001771126
0.117187500000,1.453125000000,0.000001771914
0.117187500000,1.476562500000,0.000001765387
0.117187500000,1.500000000000,0.000001751566
0.117187500000,1.523437500000,0.000001730512
0.117187500000,1.546875000000,0.000001702323
0.117187500000,1.570312500000,0.000001667131
0.117187500000,1.593750000000,0.000001625109
0.117187500000,1.617187500000,0.000001576460
0.117187500000,1.640625000000,0.000001521426
0.117187500000,1.664062500000,0.000001460279
0.117187500000,1.687500000000,0.000001393324
0.117187500000,1.710937500000,0.000001320894
0.117187500000,1.734375000000,0.000001243349
0.117187500000,1.757812500000,0.000001161079
0.117187500000,1.781250000000,0.000001074495
0.117187500000,1.804687500000,0.000000984029
0.117187500000,1.828125000000,0.000000890136
0.117187500000,1.851562500000,0.000000793283
0.117187500000,1.875000000000,0.000000693955
0.117187500000,1.898437500000,0.000000592649
0.117187500000,1.921875000000,0.000000489869
0.117187500000,1.945312500000,0.000000386127
0.117187500000,1.968750000000,0.000000281938
0.117187500000,1.992187500000,0.000000177821
0.117187500000,2.015625000000,0.000000074289
0.117187500000,2.039062500000,-0.000000028145
0.117187500000,2.062500000000,-0.000000128978
0.117187500000,2.085937500000,-0.000000227713
0.117187500000,2.109375000000,-0.000000323870
0.117187500000,2.132812500000,-0.000000416980
0.117187500000,2.156250000000,-0.000000506591
0.117187500000,2.179687500000,-0.000000592272
0.117187500000,2.203125000000,-0.000000673613
0.117187500000,2.226562500000,-0.000000750227
0.117187500000,2.250000000000,-0.000000821753
0.117187500000,2.273437500000,-0.000000887857
0.117187500000,2.296875000000,-0.000000948236
0.117187500000,2.320312500000,-0.000001002615
0.117187500000,2.343750000000,-0.000001050753
0.117187500000,2.367187500000,-0.000001092441
0.117187500000,2.390625000000,-0.000001127503
0.117187500000,2.414062500000,-0.000001155802
0.117187500000,2.437500000000,-0.000001177234
0.117187500000,2.460937500000,-0.000001191729
0.117187500000,2.484375000000,-0.000001199257
0.117187500000,2.507812500000,-0.000001199822
0.117187500000,2.531250000000,-0.000001193467
0.117187500000,2.554687500000,-0.000001180266
0.117187500000,2.578125000000,-0.000001160335
0.117187500000,2.601562500000,-0.000001133818
0.117187500000,2.625000000000,-0.000001100898
0.117187500000,2.648437500000,-0.000001061786
0.117187500000,2.671875000000,-0.000001016731
0.117187500000,2.695312500000,-0.000000966005
0.117187500000,2.718750000000,-0.000000909915
0.117187500000,2.742187500000,-0.000000848790
0.117187500000,2.765625000000,-0.000000782986
0.117187500000,2.789062500000,-0.000000712883
0.117187500000,2.812500000000,-0.000000638881
0.117187500000,2.835937500000,-0.000000561400
0.117187500000,2.859375000000,-0.000000480875
0.117187500000,2.882812500000,-0.000000397757
0.117187500000,2.906250000000,-0.000000312508
0.117187500000,2.929687500000,-0.000000225600
0.117187500000,2.953125000000,-0.000000137512
0.117187500000,2.976562500000,-0.000000048727
0.117187500000,3.000000000000,0.000000000000
0.140625000000,0.000000000000,0.000000000000
0.140625000000,0.023437500000,-0.000000141207
0.140625000000,0.046875000000,-0.000000235843
0.140625000000,0.070312500000,-0.000000328359
0.140625000000,0.093750000000,-0.000000418165
0.140625000000,0.117187500000,-0.000000504689
0.140625000000,0.140625000000,-0.000000587380
0.140625000000,0.164062500000,-0.000000665706
0.140625000000,0.187500000000,-0.000000739167
0.140625000000,0.210937500000,-0.000000807286
0.140625000000,0.234375000000,-0.000000869623
0.140625000000,0.257812500000,-0.000000925765
0.140625000000,0.281250000000,-0.000000975341
0.140625000000,0.304687500000,-0.000001018015
0.140625000000,0.328125000000,-0.000001053491
0.140625000000,0.351562500000,-0.000001081515
0.140625000000,0.375000000000,-0.000001101874
0.140625000000,0.398437500000,-0.000001114402
0.140625000000,0.421875000000,-0.000001118976
0.140625000000,0.445312500000,-0.000001115516
0.140625000000,0.468750000000,-0.000001103992
0.140625000000,0.492187500000,-0.000001084416
0.140625000000,0.515625000000,-0.000001056848
0.140625000000,0.539062500000,-0.000001021394
0.140625000000,0.562500000000,-0.000000978201
0.140625000000,0.585937500000,-0.000000927464
0.140625000000,0.609375000000,-0.000000869418
0.140625000000,0.632812500000,-0.000000804341
0.140625000000,0.656250000000,-0.000000732549
0.140625000000,0.679687500000,-0.000000654399
0.140625000000,0.703125000000,-0.000000570281
0.140625000000,0.726562500000,-0.000000480621
0.140625000000,0.750000000000,-0.000000385877
0.140625000000,0.773437500000,-0.000000286533
0.140625000000,0.796875000000,-0.000000183103
0.140625000000,0.820312500000,-0.000000076122
0.140625000000,0.843750000000,0.000000033852
0.140625000000,0.867187500000,0.000000146246
0.140625000000,0.890625000000,0.000000260471
0.140625000000,0.914062500000,0.000000375927
0.140625000000,0.937500000000,0.000000492004
0.140625000000,0.960937500000,0.000000608092
0.140625000000,0.984375000000,0.000000723575
0.140625000000,1.007812500000,0.000000837842
0.140625000000,1.031250000000,0.000000950286
0.140625000000,1.054687500000,0.000001060307
0.140625000000,1.078125000000,0.000001167321
0.140625000000,1.101562500000,0.000001270754
0.140625000000,1.125000000000,0.000001370055
0.140625000000,1.148437500000,0.000001464689
0.140625000000,1.171875000000,0.000001554148
0.140625000000,1.195312500000,0.000001637951
0.140625000000,1.218750000000,0.000001715644
0.140625000000,1.242187500000,0.000001786806
0.140625000000,1.265625000000,0.000001851049
0.140625000000,1.289062500000,0.000001908022
0.140625000000,1.312500000000,0.000001957411
0.140625000000,1.335937500000,0.000001998941
0.140625000000,1.359375000000,0.000002032380
0.140625000000,1.382812500000,0.000002057534
0.140625000000,1.406250000000,0.000002074258
0.140625000000,1.429687500000,0.000002082445
0.140625000000,1.453125000000,0.000002082036
0.140625000000,1.476562500000,0.000002073016
0.140625000000,1.500000000000,0.000002055413
0.140625000000,1.523437500000,0.000002029302
0.140625000000,1.546875000000,0.000001994801
0.140625000000,1.570312500000,0.000001952071
0.140625000000,1.593750000000,0.000001901316
0.140625000000,1.617187500000,0.000001842783
0.140625000000,1.640625000000,0.000001776756
0.140625000000,1.664062500000,0.000001703561
0.140625000000,1.687500000000,0.000001623557
0.140625000000,1.710937500000,0.000001537142
0.140625000000,1.734375000000,0.000001444744
0.140625000000,1.757812500000,0.000001346822
0.140625000000,1.781250000000,0.000001243864
0.140625000000,1.804687500000,0.000001136381
0.140625000000,1.828125000000,0.000001024910
0.140625000000,1.851562500000,0.000000910007
0.140625000000,1.875000000000,0.000000792242
0.140625000000,1.898437500000,0.000000672201
0.140625000000,1.921875000000,0.000000550483
0.140625000000,1.945312500000,0.000000427691
0.140625000000,1.968750000000,0.000000304433
0.140625000000,1.992187500000,0.000000181320
0.140625000000,2.015625000000,0.000000058961
0.140625000000,2.039062500000,-0.000000062043
0.140625000000,2.062500000000,-0.000000181096
0.140625000000,2.085937500000,-0.000000297615
0.140625000000,2.109375000000,-0.000000411032
0.140625000000,2.132812500000,-0.000000520794
0.140625000000,2.156250000000,-0.000000626370
0.140625000000,2.179687500000,-0.000000727252
0.140625000000,2.203125000000,-0.000000822956
0.140625000000,2.226562500000,-0.000000913030
0.140625000000,2.250000000000,-0.000000997046
0.140625000000,2.273437500000,-0.000001074615
0.140625000000,2.296875000000,-0.000001145378
0.140625000000,2.320312500000,-0.000001209013
0.140625000000,2.343750000000,-0.000001265238
0.140625000000,2.367187500000,-0.000001313807
0.140625000000,2.390625000000,-0.000001354517
0.140625000000,2.414062500000,-0.000001387206
0.140625000000,2.437500000000,-0.000001411752
0.140625000000,2.460937500000,-0.000001428078
0.140625000000,2.484375000000,-0.000001436148
0.140625000000,2.507812500000,-0.000001435972
0.140625000000,2.531250000000,-0.000001427598
0.140625000000,2.554687500000,-0.000001411120
0.140625000000,2.578125000000,-0.000001386674
0.140625000000,2.601562500000,-0.000001354434
0.140625000000,2.625000000000,-0.000001314616
0.140625000000,2.648437500000,-0.000001267476
0.140625000000,2.671875000000,-0.000001213303
0.140625000000,2.695312500000,-0.000001152426
0.140625000000,2.718750000000,-0.000001085204
0.140625000000,2.742187500000,-0.000001012031
0.140625000000,2.765625000000,-0.000000933330
0.140625000000,2.789062500000,-0.000000849549
0.140625000000,2.812500000000,-0.000000761162
0.140625000000,2.835937500000,-0.000000668667
0.140625000000,2.859375000000,-0.000000572580
0.140625000000,2.882812500000,-0.000000473434
0.140625000000,2.906250000000,-0.000000371777
0.140625000000,2.929687500000,-0.000000268166
0.140625000000,2.953125000000,-0.000000163168
0.140625000000,2.976562500000,-0.000000057356
0.140625000000,3.000000000000,0.000000000000
0.164062500000,0.000000000000,0.000000000000
0.164062500000,0.023437500000,-0.000000160605
0.164062500000,0.046875000000,-0.000000267801
0.164062500000,0.070312500000,-0.000000372573
0.164062500000,0.093750000000,-0.000000474246
0.164062500000,0.117187500000,-0.000000572168
0.164062500000,0.140625000000,-0.000000665706
0.164062500000,0.164062500000,-0.000000754258
0.164062500000,0.187500000000,-0.000000837248
0.164062500000,0.210937500000,-0.000000914134
0.164062500000,0.234375000000,-0.000000984411
0.164062500000,0.257812500000,-0.000001047612
0.164062500000,0.281250000000,-0.000001103313
0.164062500000,0.304687500000,-0.000001151129
0.164062500000,0.328125000000,-0.000001190726
0.164062500000,0.351562500000,-0.000001221812
0.164062500000,0.375000000000,-0.000001244149
0.164062500000,0.398437500000,-0.000001257547
0.164062500000,0.421875000000,-0.000001261866
0.164062500000,0.445312500000,-0.000001257019
0.164062500000,0.468750000000,-0.000001242973
0.164062500000,0.492187500000,-0.000001219744
0.164062500000,0.515625000000,-0.000001187405
0.164062500000,0.539062500000,-0.000001146075
0.164062500000,0.562500000000,-0.000001095929
0.164062500000,0.585937500000,-0.000001037191
0.164062500000,0.609375000000,-0.000000970132
0.164062500000,0.632812500000,-0.000000895075
0.164062500000,0.656250000000,-0.000000812382
0.164062500000,0.679687500000,-0.000000722465
0.164062500000,0.703125000000,-0.000000625771
0.164062500000,0.726562500000,-0.000000522793
0.164062500000,0.750000000000,-0.000000414054
0.164062500000,0.773437500000,-0.000000300113
0.164062500000,0.796875000000,-0.000000181559
0.164062500000,0.820312500000,-0.000000059006
0.164062500000,0.843750000000,0.000000066905
0.164062500000,0.867187500000,0.000000195515
0.164062500000,0.890625000000,0.000000326150
0.164062500000,0.914062500000,0.000000458121
0.164062500000,0.937500000000,0.000000590731
0.164062500000,0.960937500000,0.000000723277
0.164062500000,0.984375000000,0.000000855056
0.164062500000,1.007812500000,0.000000985365
0.164062500000,1.031250000000,0.000001113511
0.164062500000,1.054687500000,0.000001238808
0.164062500000,1.078125000000,0.000001360585
0.164062500000,1.101562500000,0.000001478188
0.164062500000,1.125000000000,0.000001590983
0.164062500000,1.148437500000,0.000001698363
0.164062500000,1.171875000000,0.000001799745
0.164062500000,1.195312500000,0.000001894579
0.164062500000,1.218750000000,0.000001982349
0.164062500000,1.242187500000,0.000002062574
0.164062500000,1.265625000000,0.000002134813
0.164062500000,1.289062500000,0.000002198664
0.164062500000,1.312500000000,0.000002253773
0.164062500000,1.335937500000,0.000002299828
0.164062500000,1.359375000000,0.000002336564
0.164062500000,1.382812500000,0.000002363767
0.164062500000,1.406250000000,0.000002381270
0.164062500000,1.429687500000,0.000002388957
0.164062500000,1.453125000000,0.000002386763
0.164062500000,1.476562500000,0.000002374676
0.164062500000,1.500000000000,0.000002352734
0.164062500000,1.523437500000,0.000002321025
0.164062500000,1.546875000000,0.000002279691
0.164062500000,1.570312500000,0.000002228921
0.164062500000,1.593750000000,0.000002168954
0.164062500000,1.617187500000,0.000002100076
0.164062500000,1.640625000000,0.000002022620
0.164062500000,1.664062500000,0.000001936962
0.164062500000,1.687500000000,0.000001843522
0.164062500000,1.710937500000,0.000001742759
0.164062500000,1.734375000000,0.000001635169
0.164062500000,1.757812500000,0.000001521282
0.164062500000,1.781250000000,0.000001401664
0.164062500000,1.804687500000,0.000001276905
0.164062500000,1.828125000000,0.000001147626
0.164062500000,1.851562500000,0.000001014465
0.164062500000,1.875000000000,0.000000878085
0.164062500000,1.898437500000,0.000000739160
0.164062500000,1.921875000000,0.000000598379
0.164062500000,1.945312500000,0.000000456439
0.164062500000,1.968750000000,0.000000314042
0.164062500000,1.992187500000,0.000000171890
0.164062500000,2.015625000000,0.000000030683
0.164062500000,2.039062500000,-0.000000108883
0.164062500000,2.062500000000,-0.000000246125
0.164062500000,2.085937500000,-0.000000380371
0.164062500000,2.109375000000,-0.000000510966
0.164062500000,2.132812500000,-0.000000637277
0.164062500000,2.156250000000,-0.000000758692
0.164062500000,2.179687500000,-0.000000874628
0.164062500000,2.203125000000,-0.000000984528
0.164062500000,2.226562500000,-0.000001087872
0.164062500000,2.250000000000,-0.000001184172
0.164062500000,2.273437500000,-0.000001272976
0.164062500000,2.296875000000,-0.000001353879
0.164062500000,2.320312500000,-0.000001426510
0.164062500000,2.343750000000,-0.000001490543
0.164062500000,2.367187500000,-0.000001545702
0.164062500000,2.390625000000,-0.000001591752
0.164062500000,2.414062500000,-0.000001628510
0.164062500000,2.437500000000,-0.000001655839
0.164062500000,2.460937500000,-0.000001673651
0.164062500000,2.484375000000,-0.000001681910
0.164062500000,2.507812500000,-0.000001680625
0.164062500000,2.531250000000,-0.000001669860
0.164062500000,2.554687500000,-0.000001649721
0.164062500000,2.578125000000,-0.000001620370
0.164062500000,2.601562500000,-0.000001582011
0.164062500000,2.625000000000,-0.000001534893
0.164062500000,2.648437500000,-0.000001479314
0.164062500000,2.671875000000,-0.000001415611
0.164062500000,2.695312500000,-0.000001344165
0.164062500000,2.718750000000,-0.000001265394
0.164062500000,2.742187500000,-0.000001179750
0.164062500000,2.765625000000,-0.000001087726
0.164062500000,2.789062500000,-0.000000989841
0.164062500000,2.812500000000,-0.000000886642
0.164062500000,2.835937500000,-0.000000778706
0.164062500000,2.859375000000,-0.000000666629
0.164062500000,2.882812500000,-0.000000551028
0.164062500000,2.906250000000,-0.000000432536
0.164062500000,2.929687500000,-0.000000311797
0.164062500000,2.953125000000,-0.000000189468
0.164062500000,2.976562500000,-0.000000066209
0.164062500000,3.000000000000,0.000000000000
0.187500000000,0.000000000000,0.000000000000
0.187500000000,0.023437500000,-0.000000178857
0.187500000000,0.046875000000,-0.000000297846
0.187500000000,0.070312500000,-0.000000414115
0.187500000000,0.093750000000,-0.000000526909
0.187500000000,0.117187500000,-0.000000635495
0.187500000000,0.140625000000,-0.000000739167
0.187500000000,0.164062500000,-0.000000837248
0.187500000000,0.187500000000,-0.000000929092
0.187500000000,0.210937500000,-0.000001014095
0.187500000000,0.234375000000,-0.000001091691
0.187500000000,0.257812500000,-0.000001161355
0.187500000000,0.281250000000,-0.000001222614
0.187500000000,0.304687500000,-0.000001275040
0.187500000000,0.328125000000,-0.000001318255
0.187500000000,0.351562500000,-0.000001351939
0.187500000000,0.375000000000,-0.000001375825
0.187500000000,0.398437500000,-0.000001389700
0.187500000000,0.421875000000,-0.000001393410
0.187500000000,0.445312500000,-0.000001386864
0.187500000000,0.468750000000,-0.000001370024
0.187500000000,0.492187500000,-0.000001342911
0.187500000000,0.515625000000,-0.000001305611
0.187500000000,0.539062500000,-0.000001258260
0.187500000000,0.562500000000,-0.000001201058
0.187500000000,0.585937500000,-0.000001134260
0.187500000000,0.609375000000,-0.000001058173
0.187500000000,0.632812500000,-0.000000973160
0.187500000000,0.656250000000,-0.000000879636
0.187500000000,0.679687500000,-0.000000778061
0.187500000000,0.703125000000,-0.000000668946
0.187500000000,0.726562500000,-0.000000552843
0.187500000000,0.750000000000,-0.000000430344
0.187500000000,0.773437500000,-0.000000302079
0.187500000000,0.796875000000,-0.000000168712
0.187500000000,0.820312500000,-0.000000030938
0.187500000000,0.843750000000,0.000000110525
0.187500000000,0.867187500000,0.000000254933
0.187500000000,0.890625000000,0.000000401526
0.187500000000,0.914062500000,0.000000549529
0.187500000000,0.937500000000,0.000000698157
0.187500000000,0.960937500000,0.000000846620
0.187500000000,0.984375000000,0.000000994127
0.187500000000,1.007812500000,0.000001139888
0.187500000000,1.031250000000,0.000001283123
0.187500000000,1.054687500000,0.000001423062
0.187500000000,1.078125000000,0.000001558950
0.187500000000,1.101562500000,0.000001690055
0.187500000000,1.125000000000,0.000001815664
0.187500000000,1.148437500000,0.000001935095
0.187500000000,1.171875000000,0.000002047697
0.187500000000,1.195312500000,0.000002152854
0.187500000000,1.218750000000,0.000002249985
0.187500000000,1.242187500000,0.000002338554
0.187500000000,1.265625000000,0.000002418069
0.187500000000,1.289062500000,0.000002488082
0.187500000000,1.312500000000,0.000002548195
0.187500000000,1.335937500000,0.000002598064
0.187500000000,1.359375000000,0.000002637396
0.187500000000,1.382812500000,0.000002665953
0.187500000000,1.406250000000,0.000002683552
0.187500000000,1.429687500000,0.000002690069
0.187500000000,1.453125000000,0.000002685435
0.187500000000,1.476562500000,0.000002669643
0.187500000000,1.500000000000,0.000002642741
0.187500000000,1.523437500000,0.000002604832
0.187500000000,1.546875000000,0.000002556083
0.187500000000,1.570312500000,0.000002496713
0.187500000000,1.593750000000,0.000002426997
0.187500000000,1.617187500000,0.000002347263
0.187500000000,1.640625000000,0.000002257891
0.187500000000,1.664062500000,0.000002159311
0.187500000000,1.687500000000,0.000002052001
0.187500000000,1.710937500000,0.000001936484
0.187500000000,1.734375000000,0.000001813324
0.187500000000,1.757812500000,0.000001683125
0.187500000000,1.781250000000,0.000001546528
0.187500000000,1.804687500000,0.000001404205
0.187500000000,1.828125000000,0.000001256858
0.187500000000,1.851562500000,0.000001105213
0.187500000000,1.875000000000,0.000000950019
0.187500000000,1.898437500000,0.000000792042
0.187500000000,1.921875000000,0.000000632061
0.187500000000,1.945312500000,0.000000470866
0.187500000000,1.968750000000,0.000000309251
0.187500000000,1.992187500000,0.000000148010
0.187500000000,2.015625000000,-0.000000012063
0.187500000000,2.039062500000,-0.000000170183
0.187500000000,2.062500000000,-0.000000325577
0.187500000000,2.085937500000,-0.000000477486
0.187500000000,2.109375000000,-0.000000625170
0.187500000000,2.132812500000,-0.000000767914
0.187500000000,2.156250000000,-0.000000905026
0.187500000000,2.179687500000,-0.000001035850
0.187500000000,2.203125000000,-0.000001159757
0.187500000000,2.226562500000,-0.000001276160
0.187500000000,2.250000000000,-0.000001384509
0.187500000000,2.273437500000,-0.000001484299
0.187500000000,2.296875000000,-0.000001575067
0.187500000000,2.320312500000,-0.000001656399
0.187500000000,2.343750000000,-0.000001727933
0.187500000000,2.367187500000,-0.000001789353
0.187500000000,2.390625000000,-0.000001840401
0.187500000000,2.414062500000,-0.000001880871
0.187500000000,2.437500000000,-0.000001910610
0.187500000000,2.460937500000,-0.000001929525
0.187500000000,2.484375000000,-0.000001937573
0.187500000000,2.507812500000,-0.000001934773
0.187500000000,2.531250000000,-0.000001921197
0.187500000000,2.554687500000,-0.000001896971
0.187500000000,2.578125000000,-0.000001862280
0.187500000000,2.601562500000,-0.000001817357
0.187500000000,2.625000000000,-0.000001762490
0.187500000000,2.648437500000,-0.000001698016
0.187500000000,2.671875000000,-0.000001624323
0.187500000000,2.695312500000,-0.000001541842
0.187500000000,2.718750000000,-0.000001451051
0.187500000000,2.742187500000,-0.000001352466
0.187500000000,2.765625000000,-0.000001246645
0.187500000000,2.789062500000,-0.000001134178
0.187500000000,2.812500000000,-0.000001015690
0.187500000000,2.835937500000,-0.000000891835
0.187500000000,2.859375000000,-0.000000763291
0.187500000000,2.882812500000,-0.000000630758
0.187500000000,2.906250000000,-0.000000494955
0.187500000000,2.929687500000,-0.000000356615
0.187500000000,2.953125000000,-0.000000216482
0.187500000000,2.976562500000,-0.000000075306
0.187500000000,3.000000000000,0.000000000000
0.210937500000,0.000000000000,0.000000000000
0.210937500000,0.023437500000,-0.000000195850
0.210937500000,0.046875000000,-0.000000325787
0.210937500000,0.070312500000,-0.000000452720
0.210937500000,0.093750000000,-0.000000575816
0.210937500000,0.117187500000,-0.000000694265
0.210937500000,0.140625000000,-0.000000807287
0.210937500000,0.164062500000,-0.000000914134
0.210937500000,0.187500000000,-0.000001014095
0.210937500000,0.210937500000,-0.000001106503
0.210937500000,0.234375000000,-0.000001190733
0.210937500000,0.257812500000,-0.000001266208
0.210937500000,0.281250000000,-0.000001332405
0.210937500000,0.304687500000,-0.000001388854
0.210937500000,0.328125000000,-0.000001435141
0.210937500000,0.351562500000,-0.000001470912
0.210937500000,0.375000000000,-0.000001495877
0.210937500000,0.398437500000,-0.000001509800
0.210937500000,0.421875000000,-0.000001512519
0.210937500000,0.445312500000,-0.000001503931
0.210937500000,0.468750000000,-0.000001483998
0.210937500000,0.492187500000,-0.000001452751
0.210937500000,0.515625000000,-0.000001410284
0.210937500000,0.539062500000,-0.000001356755
0.210937500000,0.562500000000,-0.000001292386
0.210937500000,0.585937500000,-0.000001217463
0.210937500000,0.609375000000,-0.000001132329
0.210937500000,0.632812500000,-0.000001037393
0.210937500000,0.656250000000,-0.000000933115
0.210937500000,0.679687500000,-0.000000820009
0.210937500000,0.703125000000,-0.000000698641
0.210937500000,0.726562500000,-0.000000569628
0.210937500000,0.750000000000,-0.000000433628
0.210937500000,0.773437500000,-0.000000291342
0.210937500000,0.796875000000,-0.000000143508
0.210937500000,0.820312500000,0.000000009103
0.210937500000,0.843750000000,0.000000165693
0.210937500000,0.867187500000,0.000000325436
0.210937500000,0.890625000000,0.000000487488
0.210937500000,0.914062500000,0.000000650990
0.210937500000,0.937500000000,0.000000815071
0.210937500000,0.960937500000,0.000000978856
0.210937500000,0.984375000000,0.000001141467
0.210937500000,1.007812500000,0.000001302029
0.210937500000,1.031250000000,0.000001459679
0.210937500000,1.054687500000,0.000001613563
0.210937500000,1.078125000000,0.000001762847
0.210937500000,1.101562500000,0.000001906718
0.210937500000,1.125000000000,0.000002044393
0.210937500000,1.148437500000,0.000002175115
0.210937500000,1.171875000000,0.000002298166
0.210937500000,1.195312500000,0.000002412864
0.210937500000,1.218750000000,0.000002518571
0.210937500000,1.242187500000,0.000002614697
0.210937500000,1.265625000000,0.000002700698
0.210937500000,1.289062500000,0.000002776083
0.210937500000,1.312500000000,0.000002840418
0.210937500000,1.335937500000,0.000002893322
0.210937500000,1.359375000000,0.000002934481
0.210937500000,1.382812500000,0.000002963631
0.210937500000,1.406250000000,0.000002980578
0.210937500000,1.429687500000,0.000002985192
0.210937500000,1.453125000000,0.000002977401
0.210937500000,1.476562500000,0.000002957205
0.210937500000,1.500000000000,0.000002924660
0.210937500000,1.523437500000,0.000002879895
0.210937500000,1.546875000000,0.000002823096
0.210937500000,1.570312500000,0.000002754515
0.210937500000,1.593750000000,0.000002674463
0.210937500000,1.617187500000,0.000002583313
0.210937500000,1.640625000000,0.000002481494
0.210937500000,1.664062500000,0.000002369490
0.210937500000,1.687500000000,0.000002247837
0.210937500000,1.710937500000,0.000002117126
0.210937500000,1.734375000000,0.000001977986
0.210937500000,1.757812500000,0.000001831097
0.210937500000,1.781250000000,0.000001677176
0.210937500000,1.804687500000,0.000001516974
0.210937500000,1.828125000000,0.000001351279
0.210937500000,1.851562500000,0.000001180902
0.210937500000,1.875000000000,0.000001006681
0.210937500000,1.898437500000,0.000000829472
0.210937500000,1.921875000000,0.000000650144
0.210937500000,1.945312500000,0.000000469579
0.210937500000,1.968750000000,0.000000288664
0.210937500000,1.992187500000,0.000000108286
0.210937500000,2.015625000000,-0.000000070672
0.210937500000,2.039062500000,-0.000000247333
0.210937500000,2.062500000000,-0.000000420836
0.210937500000,2.085937500000,-0.000000590335
0.210937500000,2.109375000000,-0.000000755006
0.210937500000,2.132812500000,-0.000000914052
0.210937500000,2.156250000000,-0.000001066706
0.210937500000,2.179687500000,-0.000001212233
0.210937500000,2.203125000000,-0.000001349937
0.210937500000,2.226562500000,-0.000001479165
0.210937500000,2.250000000000,-0.000001599306
0.210937500000,2.273437500000,-0.000001709799
0.210937500000,2.296875000000,-0.000001810131
0.210937500000,2.320312500000,-0.000001899844
0.210937500000,2.343750000000,-0.000001978535
0.210937500000,2.367187500000,-0.000002045857
0.210937500000,2.390625000000,-0.000002101528
0.210937500000,2.414062500000,-0.000002145315
0.210937500000,2.437500000000,-0.000002177057
0.210937500000,2.460937500000,-0.000002196650
0.210937500000,2.484375000000,-0.000002204054
0.210937500000,2.507812500000,-0.000002199292
0.210937500000,2.531250000000,-0.000002182447
0.210937500000,2.554687500000,-0.000002153667
0.210937500000,2.578125000000,-0.000002113157
0.210937500000,2.601562500000,-0.000002061185
0.210937500000,2.625000000000,-0.000001998076
0.210937500000,2.648437500000,-0.000001924210
0.210937500000,2.671875000000,-0.000001840022
0.210937500000,2.695312500000,-0.000001745996
0.210937500000,2.718750000000,-0.000001642673
0.210937500000,2.742187500000,-0.000001530631
0.210937500000,2.765625000000,-0.000001410494
0.210937500000,2.789062500000,-0.000001282927
0.210937500000,2.812500000000,-0.000001148629
0.210937500000,2.835937500000,-0.000001008334
0.210937500000,2.859375000000,-0.000000862801
0.210937500000,2.882812500000,-0.000000712816
0.210937500000,2.906250000000,-0.000000559183
0.210937500000,2.929687500000,-0.000000402725
0.210937500000,2.953125000000,-0.000000244273
0.210937500000,2.976562500000,-0.000000084669
0.210937500000,3.000000000000,0.000000000000
0.234375000000,0.000000000000,0.000000000000
0.234375000000,0.023437500000,-0.000000211475
0.234375000000,0.046875000000,-0.000000351449
0.234375000000,0.070312500000,-0.000000488146
0.234375000000,0.093750000000,-0.000000620657
0.234375000000,0.117187500000,-0.000000748100
0.234375000000,0.140625000000,-0.000000869623
0.234375000000,0.164062500000,-0.000000984411
0.234375000000,0.187500000000,-0.000001091690
0.234375000000,0.210937500000,-0.000001190732
0.234375000000,0.234375000000,-0.000001280857
0.234375000000,0.257812500000,-0.000001361438
0.234375000000,0.281250000000,-0.000001431904
0.234375000000,0.304687500000,-0.000001491744
0.234375000000,0.328125000000,-0.000001540511
0.234375000000,0.351562500000,-0.000001577819
0.234375000000,0.375000000000,-0.000001603354
0.234375000000,0.398437500000,-0.000001616865
0.234375000000,0.421875000000,-0.000001618176
0.234375000000,0.445312500000,-0.000001607176
0.234375000000,0.468750000000,-0.000001583835
0.234375000000,0.492187500000,-0.000001548183
0.234375000000,0.515625000000,-0.000001500330
0.234375000000,0.539062500000,-0.000001440452
0.234375000000,0.562500000000,-0.000001368800
0.234375000000,0.585937500000,-0.000001285686
0.234375000000,0.609375000000,-0.000001191494
0.234375000000,0.632812500000,-0.000001086670
0.234375000000,0.656250000000,-0.000000971724
0.234375000000,0.679687500000,-0.000000847224
0.234375000000,0.703125000000,-0.000000713792
0.234375000000,0.726562500000,-0.000000572106
0.234375000000,0.750000000000,-0.000000422891
0.234375000000,0.773437500000,-0.000000266916
0.234375000000,0.796875000000,-0.000000104991
0.234375000000,0.820312500000,0.000000062037
0.234375000000,0.843750000000,0.000000233290
0.234375000000,0.867187500000,0.000000407864
0.234375000000,0.890625000000,0.000000584832
0.234375000000,0.914062500000,0.000000763254
0.234375000000,0.937500000000,0.000000942174
0.234375000000,0.960937500000,0.000001120632
0.234375000000,0.984375000000,0.000001297668
0.234375000000,1.007812500000,0.000001472325
0.234375000000,1.031250000000,0.000001643656
0.234375000000,1.054687500000,0.000001810729
0.234375000000,1.078125000000,0.000001972631
0.234375000000,1.101562500000,0.000002128474
0.234375000000,1.125000000000,0.000002277402
0.234375000000,1.148437500000,0.000002418590
0.234375000000,1.171875000000,0.000002551252
0.234375000000,1.195312500000,0.000002674647
0.234375000000,1.218750000000,0.000002788081
0.234375000000,1.242187500000,0.000002890910
0.234375000000,1.265625000000,0.000002982542
0.234375000000,1.289062500000,0.000003062449
0.234375000000,1.312500000000,0.000003130157
0.234375000000,1.335937500000,0.000003185258
0.234375000000,1.359375000000,0.000003227408
0.234375000000,1.382812500000,0.000003256331
0.234375000000,1.406250000000,0.000003271821
0.234375000000,1.429687500000,0.000003273740
0.234375000000,1.453125000000,0.000003262019
0.234375000000,1.476562500000,0.000003236663
0.234375000000,1.500000000000,0.000003197745
0.234375000000,1.523437500000,0.000003145414
0.234375000000,1.546875000000,0.000003079881
0.234375000000,1.570312500000,0.000003001431
0.234375000000,1.593750000000,0.000002910417
0.234375000000,1.617187500000,0.000002807251
0.234375000000,1.640625000000,0.000002692416
0.234375000000,1.664062500000,0.000002566449
0.234375000000,1.687500000000,0.000002429949
0.234375000000,1.710937500000,0.000002283571
0.234375000000,1.734375000000,0.000002128013
0.234375000000,1.757812500000,0.000001964031
0.234375000000,1.781250000000,0.000001792417
0.234375000000,1.804687500000,0.000001614005
0.234375000000,1.828125000000,0.000001429666
0.234375000000,1.851562500000,0.000001240298
0.234375000000,1.875000000000,0.000001046825
0.234375000000,1.898437500000,0.000000850193
0.234375000000,1.921875000000,0.000000651365
0.234375000000,1.945312500000,0.000000451313
0.234375000000,1.968750000000,0.000000251016
0.234375000000,1.992187500000,0.000000051452
0.234375000000,2.015625000000,-0.000000146404
0.234375000000,2.039062500000,-0.000000341587
0.234375000000,2.062500000000,-0.000000533147
0.234375000000,2.085937500000,-0.000000720151
0.234375000000,2.109375000000,-0.000000901694
0.234375000000,2.132812500000,-0.000001076897
0.234375000000,2.156250000000,-0.000001244915
0.234375000000,2.179687500000,-0.000001404942
0.234375000000,2.203125000000,-0.000001556213
0.234375000000,2.226562500000,-0.000001698009
0.234375000000,2.250000000000,-0.000001829660
0.234375000000,2.273437500000,-0.000001950549
0.234375000000,2.296875000000,-0.000002060116
0.234375000000,2.320312500000,-0.000002157859
0.234375000000,2.343750000000,-0.000002243337
0.234375000000,2.367187500000,-0.000002316171
0.234375000000,2.390625000000,-0.000002376053
0.234375000000,2.414062500000,-0.000002422732
0.234375000000,2.437500000000,-0.000002456036
0.234375000000,2.460937500000,-0.000002475852
0.234375000000,2.484375000000,-0.000002482141
0.234375000000,2.507812500000,-0.000002474933
0.234375000000,2.531250000000,-0.000002454326
0.234375000000,2.554687500000,-0.000002420485
0.234375000000,2.578125000000,-0.000002373645
0.234375000000,2.601562500000,-0.000002314102
0.234375000000,2.625000000000,-0.000002242221
0.234375000000,2.648437500000,-0.000002158425
0.234375000000,2.671875000000,-0.000002063201
0.234375000000,2.695312500000,-0.000001957087
0.234375000000,2.718750000000,-0.000001840680
0.234375000000,2.742187500000,-0.000001714627
0.234375000000,2.765625000000,-0.000001579619
0.234375000000,2.789062500000,-0.000001436394
0.234375000000,2.812500000000,-0.000001285729
0.234375000000,2.835937500000,-0.000001128435
0.234375000000,2.859375000000,-0.000000965356
0.234375000000,2.882812500000,-0.000000797361
0.234375000000,2.906250000000,-0.000000625344
0.234375000000,2.929687500000,-0.000000450214
0.234375000000,2.953125000000,-0.000000272893
0.234375000000,2.976562500000,-0.000000094312
0.234375000000,3.000000000000,0.000000000000
0.257812500000,0.000000000000,0.000000000000
0.257812500000,0.023437500000,-0.000000225635
0.257812500000,0.046875000000,-0.000000374668
0.257812500000,0.070312500000,-0.000000520164
0.257812500000,0.093750000000,-0.000000661142
0.257812500000,0.117187500000,-0.000000796649
0.257812500000,0.140625000000,-0.000000925765
0.257812500000,0.164062500000,-0.000001047612
0.257812500000,0.187500000000,-0.000001161355
0.257812500000,0.210937500000,-0.000001266208
0.257812500000,0.234375000000,-0.000001361438
0.257812500000,0.257812500000,-0.000001446369
0.257812500000,0.281250000000,-0.000001520387
0.257812500000,0.304687500000,-0.000001582944
0.257812500000,0.328125000000,-0.000001633559
0.257812500000,0.351562500000,-0.000001671817
0.257812500000,0.375000000000,-0.000001697383
0.257812500000,0.398437500000,-0.000001709990
0.257812500000,0.421875000000,-0.000001709451
0.257812500000,0.445312500000,-0.000001695653
0.257812500000,0.468750000000,-0.000001668561
0.257812500000,0.492187500000,-0.000001628219
0.257812500000,0.515625000000,-0.000001574750
0.257812500000,0.539062500000,-0.000001508350
0.257812500000,0.562500000000,-0.000001429291
0.257812500000,0.585937500000,-0.000001337919
0.257812500000,0.609375000000,-0.000001234658
0.257812500000,0.632812500000,-0.000001119992
0.257812500000,0.656250000000,-0.000000994478
0.257812500000,0.679687500000,-0.000000858736
0.257812500000,0.703125000000,-0.000000713447
0.257812500000,0.726562500000,-0.000000559345
0.257812500000,0.750000000000,-0.000000397223
0.257812500000,0.773437500000,-0.000000227918
0.257812500000,0.796875000000,-0.000000052311
0.257812500000,0.820312500000,0.000000128677
0.257812500000,0.843750000000,0.000000314093
0.257812500000,0.867187500000,0.000000502954
0.257812500000,0.890625000000,0.000000694253
0.257812500000,0.914062500000,0.000000886968
0.257812500000,0.937500000000,0.000001080064
0.257812500000,0.960937500000,0.000001272498
0.257812500000,0.984375000000,0.000001463229
0.257812500000,1.007812500000,0.000001651221
0.257812500000,1.031250000000,0.000001835445
0.257812500000,1.054687500000,0.000002014895
0.257812500000,1.078125000000,0.000002188580
0.257812500000,1.101562500000,0.000002355542
0.257812500000,1.125000000000,0.000002514851
0.257812500000,1.148437500000,0.000002665618
0.257812500000,1.171875000000,0.000002806997
0.257812500000,1.195312500000,0.000002938185
0.257812500000,1.218750000000,0.000003058435
0.257812500000,1.242187500000,0.000003167053
0.257812500000,1.265625000000,0.000003263406
0.257812500000,1.289062500000,0.000003346923
0.257812500000,1.312500000000,0.000003417098
0.257812500000,1.335937500000,0.000003473497
0.257812500000,1.359375000000,0.000003515753
0.257812500000,1.382812500000,0.000003543576
0.257812500000,1.406250000000,0.000003556748
0.257812500000,1.429687500000,0.000003555129
0.257812500000,1.453125000000,0.000003538655
0.257812500000,1.476562500000,0.000003507339
0.257812500000,1.500000000000,0.000003461272
0.257812500000,1.523437500000,0.000003400621
0.257812500000,1.546875000000,0.000003325630
0.257812500000,1.570312500000,0.000003236616
0.257812500000,1.593750000000,0.000003133972
0.257812500000,1.617187500000,0.000003018156
0.257812500000,1.640625000000,0.000002889703
0.257812500000,1.664062500000,0.000002749208
0.257812500000,1.687500000000,0.000002597328
0.257812500000,1.710937500000,0.000002434786
0.257812500000,1.734375000000,0.000002262353
0.257812500000,1.757812500000,0.000002080854
0.257812500000,1.781250000000,0.000001891164
0.257812500000,1.804687500000,0.000001694197
0.257812500000,1.828125000000,0.000001490905
0.257812500000,1.851562500000,0.000001282275
0.257812500000,1.875000000000,0.000001069320
0.257812500000,1.898437500000,0.000000853075
0.257812500000,1.921875000000,0.000000634593
0.257812500000,1.945312500000,0.000000414937
0.257812500000,1.968750000000,0.000000195178
0.257812500000,1.992187500000,-0.000000023614
0.257812500000,2.015625000000,-0.000000240374
0.257812500000,2.039062500000,-0.000000454049
0.257812500000,2.062500000000,-0.000000663601
0.257812500000,2.085937500000,-0.000000868012
0.257812500000,2.109375000000,-0.000001066295
0.257812500000,2.132812500000,-0.000001257492
0.257812500000,2.156250000000,-0.000001440681
0.257812500000,2.179687500000,-0.000001614984
0.257812500000,2.203125000000,-0.000001779570
0.257812500000,2.226562500000,-0.000001933653
0.257812500000,2.250000000000,-0.000002076507
0.257812500000,2.273437500000,-0.000002207463
0.257812500000,2.296875000000,-0.000002325910
0.257812500000,2.320312500000,-0.000002431304
0.257812500000,2.343750000000,-0.000002523169
0.257812500000,2.367187500000,-0.000002601096
0.257812500000,2.390625000000,-0.000002664750
0.257812500000,2.414062500000,-0.000002713868
0.257812500000,2.437500000000,-0.000002748260
0.257812500000,2.460937500000,-0.000002767811
0.257812500000,2.484375000000,-0.000002772484
0.257812500000,2.507812500000,-0.000002762317
0.257812500000,2.531250000000,-0.000002737423
0.257812500000,2.554687500000,-0.000002697986
0.257812500000,2.578125000000,-0.000002644268
0.257812500000,2.601562500000,-0.000002576600
0.257812500000,2.625000000000,-0.000002495386
0.257812500000,2.648437500000,-0.000002401094
0.257812500000,2.671875000000,-0.000002294261
0.257812500000,2.695312500000,-0.000002175480
0.257812500000,2.718750000000,-0.000002045409
0.257812500000,2.742187500000,-0.000001904760
0.257812500000,2.765625000000,-0.000001754296
0.257812500000,2.789062500000,-0.000001594825
0.257812500000,2.812500000000,-0.000001427204
0.257812500000,2.835937500000,-0.000001252324
0.257812500000,2.859375000000,-0.000001071110
0.257812500000,2.882812500000,-0.000000884521
0.257812500000,2.906250000000,-0.000000693534
0.257812500000,2.929687500000,-0.000000499150
0.257812500000,2.953125000000,-0.000000302381
0.257812500000,2.976562500000,-0.000000104248
0.257812500000,3.000000000000,0.000000000000
0.281250000000,0.000000000000,0.000000000000
0.281250000000,0.023437500000,-0.000000238239
0.281250000000,0.046875000000,-0.000000395294
0.281250000000,0.070312500000,-0.000000548568
0.281250000000,0.093750000000,-0.000000697007
0.281250000000,0.117187500000,-0.000000839592
0.281250000000,0.140625000000,-0.000000975341
0.281250000000,0.164062500000,-0.000001103313
0.281250000000,0.187500000000,-0.000001222614
0.281250000000,0.210937500000,-0.000001332405
0.281250000000,0.234375000000,-0.000001431904
0.281250000000,0.257812500000,-0.000001520388
0.281250000000,0.281250000000,-0.000001597203
0.281250000000,0.304687500000,-0.000001661764
0.281250000000,0.328125000000,-0.000001713558
0.281250000000,0.351562500000,-0.000001752148
0.281250000000,0.375000000000,-0.000001777175
0.281250000000,0.398437500000,-0.000001788361
0.281250000000,0.421875000000,-0.000001785506
0.281250000000,0.445312500000,-0.000001768498
0.281250000000,0.468750000000,-0.000001737304
0.281250000000,0.492187500000,-0.000001691977
0.281250000000,0.515625000000,-0.000001632650
0.281250000000,0.539062500000,-0.000001559545
0.281250000000,0.562500000000,-0.000001472958
0.281250000000,0.585937500000,-0.000001373266
0.281250000000,0.609375000000,-0.000001260927
0.281250000000,0.632812500000,-0.000001136470
0.281250000000,0.656250000000,-0.000001000500
0.281250000000,0.679687500000,-0.000000853684
0.281250000000,0.703125000000,-0.000000696760
0.281250000000,0.726562500000,-0.000000530526
0.281250000000,0.750000000000,-0.000000355833
0.281250000000,0.773437500000,-0.000000173586
0.281250000000,0.796875000000,0.000000015265
0.281250000000,0.820312500000,0.000000209725
0.281250000000,0.843750000000,0.000000408766
0.281250000000,0.867187500000,0.000000611330
0.281250000000,0.890625000000,0.000000816333
0.281250000000,0.914062500000,0.000001022673
0.281250000000,0.937500000000,0.000001229237
0.281250000000,0.960937500000,0.000001434903
0.281250000000,0.984375000000,0.000001638551
0.281250000000,1.007812500000,0.000001839066
0.281250000000,1.031250000000,0.000002035346
0.281250000000,1.054687500000,0.000002226307
0.281250000000,1.078125000000,0.000002410888
0.281250000000,1.101562500000,0.000002588059
0.281250000000,1.125000000000,0.000002756825
0.281250000000,1.148437500000,0.000002916235
0.281250000000,1.171875000000,0.000003065378
0.281250000000,1.195312500000,0.000003203401
0.281250000000,1.218750000000,0.000003329503
0.281250000000,1.242187500000,0.000003442944
0.281250000000,1.265625000000,0.000003543050
0.281250000000,1.289062500000,0.000003629215
0.281250000000,1.312500000000,0.000003700901
0.281250000000,1.335937500000,0.000003757649
0.281250000000,1.359375000000,0.000003799075
0.281250000000,1.382812500000,0.000003824874
0.281250000000,1.406250000000,0.000003834824
0.281250000000,1.429687500000,0.000003828782
0.281250000000,1.453125000000,0.000003806689
0.281250000000,1.476562500000,0.000003768571
0.281250000000,1.500000000000,0.000003714539
0.281250000000,1.523437500000,0.000003644780
0.281250000000,1.546875000000,0.000003559573
0.281250000000,1.570312500000,0.000003459265
0.281250000000,1.593750000000,0.000003344294
0.281250000000,1.617187500000,0.000003215169
0.281250000000,1.640625000000,0.000003072474
0.281250000000,1.664062500000,0.000002916858
0.281250000000,1.687500000000,0.000002749049
0.281250000000,1.710937500000,0.000002569830
0.281250000000,1.734375000000,0.000002380046
0.281250000000,1.757812500000,0.000002180598
0.281250000000,1.781250000000,0.000001972437
0.281250000000,1.804687500000,0.000001756560
0.281250000000,1.828125000000,0.000001534004
0.281250000000,1.851562500000,0.000001305840
0.281250000000,1.875000000000,0.000001073170
0.281250000000,1.898437500000,0.000000837121
0.281250000000,1.921875000000,0.000000598834
0.281250000000,1.945312500000,0.000000359464
0.281250000000,1.968750000000,0.000000120173
0.281250000000,1.992187500000,-0.000000117880
0.281250000000,2.015625000000,-0.000000353540
0.281250000000,2.039062500000,-0.000000585664
0.281250000000,2.062500000000,-0.000000813129
0.281250000000,2.085937500000,-0.000001034834
0.281250000000,2.109375000000,-0.000001249709
0.281250000000,2.132812500000,-0.000001456717
0.281250000000,2.156250000000,-0.000001654863
0.281250000000,2.179687500000,-0.000001843198
0.281250000000,2.203125000000,-0.000002020822
0.281250000000,2.226562500000,-0.000002186891
0.281250000000,2.250000000000,-0.000002340619
0.281250000000,2.273437500000,-0.000002481283
0.281250000000,2.296875000000,-0.000002608230
0.281250000000,2.320312500000,-0.000002720872
0.281250000000,2.343750000000,-0.000002818700
0.281250000000,2.367187500000,-0.000002901273
0.281250000000,2.390625000000,-0.000002968237
0.281250000000,2.414062500000,-0.000003019308
0.281250000000,2.437500000000,-0.000003054289
0.281250000000,2.460937500000,-0.000003073062
0.281250000000,2.484375000000,-0.000003075591
0.281250000000,2.507812500000,-0.000003061925
0.281250000000,2.531250000000,-0.000003032188
0.281250000000,2.554687500000,-0.000002986593
0.281250000000,2.578125000000,-0.000002925427
0.281250000000,2.601562500000,-0.000002849055
0.281250000000,2.625000000000,-0.000002757920
0.281250000000,2.648437500000,-0.000002652539
0.281250000000,2.671875000000,-0.000002533497
0.281250000000,2.695312500000,-0.000002401447
0.281250000000,2.718750000000,-0.000002257109
0.281250000000,2.742187500000,-0.000002101256
0.281250000000,2.765625000000,-0.000001934726
0.281250000000,2.789062500000,-0.000001758399
0.281250000000,2.812500000000,-0.000001573211
0.281250000000,2.835937500000,-0.000001380134
0.281250000000,2.859375000000,-0.000001180178
0.281250000000,2.882812500000,-0.000000974385
0.281250000000,2.906250000000,-0.000000763824
0.281250000000,2.929687500000,-0.000000549583
0.281250000000,2.953125000000,-0.000000332766
0.281250000000,2.976562500000,-0.000000114486
0.281250000000,3.000000000000,0.000000000000
0.304687500000,0.000000000000,0.000000000000
0.304687500000,0.023437500000,-0.000000249204
0.304687500000,0.046875000000,-0.000000413195
0.304687500000,0.070312500000,-0.000000573170
0.304687500000,0.093750000000,-0.000000728014
0.304687500000,0.117187500000,-0.000000876644
0.304687500000,0.140625000000,-0.000001018015
0.304687500000,0.164062500000,-0.000001151129
0.304687500000,0.187500000000,-0.000001275040
0.304687500000,0.210937500000,-0.000001388854
0.304687500000,0.234375000000,-0.000001491743
0.304687500000,0.257812500000,-0.000001582944
0.304687500000,0.281250000000,-0.000001661764
0.304687500000,0.304687500000,-0.000001727583
0.304687500000,0.328125000000,-0.000001779859
0.304687500000,0.351562500000,-0.000001818133
0.304687500000,0.375000000000,-0.000001842026
0.304687500000,0.398437500000,-0.000001851249
0.304687500000,0.421875000000,-0.000001845598
0.304687500000,0.445312500000,-0.000001824953
0.304687500000,0.468750000000,-0.000001789290
0.304687500000,0.492187500000,-0.000001738670
0.304687500000,0.515625000000,-0.000001673243
0.304687500000,0.539062500000,-0.000001593247
0.304687500000,0.562500000000,-0.000001499008
0.304687500000,0.585937500000,-0.000001390936
0.304687500000,0.609375000000,-0.000001269521
0.304687500000,0.632812500000,-0.000001135339
0.304687500000,0.656250000000,-0.000000989034
0.304687500000,0.679687500000,-0.000000831331
0.304687500000,0.703125000000,-0.000000663018
0.304687500000,0.726562500000,-0.000000484953
0.304687500000,0.750000000000,-0.000000298046
0.304687500000,0.773437500000,-0.000000103273
0.304687500000,0.796875000000,0.000000098351
0.304687500000,0.820312500000,0.000000305760
0.304687500000,0.843750000000,0.000000517855
0.304687500000,0.867187500000,0.000000733502
0.304687500000,0.890625000000,0.000000951543
0.304687500000,0.914062500000,0.000001170799
0.304687500000,0.937500000000,0.000001390080
0.304687500000,0.960937500000,0.000001608189
0.304687500000,0.984375000000,0.000001823930
0.304687500000,1.007812500000,0.000002036113
0.304687500000,1.031250000000,0.000002243562
0.304687500000,1.054687500000,0.000002445121
0.304687500000,1.078125000000,0.000002639661
0.304687500000,1.101562500000,0.000002826085
0.304687500000,1.125000000000,0.000003003334
0.304687500000,1.148437500000,0.000003170395
0.304687500000,1.171875000000,0.000003326304
0.304687500000,1.195312500000,0.000003470153
0.304687500000,1.218750000000,0.000003601096
0.304687500000,1.242187500000,0.000003718346
0.304687500000,1.265625000000,0.000003821192
0.304687500000,1.289062500000,0.000003908995
0.304687500000,1.312500000000,0.000003981191
0.304687500000,1.335937500000,0.000004037298
0.304687500000,1.359375000000,0.000004076916
0.304687500000,1.382812500000,0.000004099729
0.304687500000,1.406250000000,0.000004105512
0.304687500000,1.429687500000,0.000004094122
0.304687500000,1.453125000000,0.000004065511
0.304687500000,1.476562500000,0.000004019719
0.304687500000,1.500000000000,0.000003956872
0.304687500000,1.523437500000,0.000003877191
0.304687500000,1.546875000000,0.000003780977
0.304687500000,1.570312500000,0.000003668628
0.304687500000,1.593750000000,0.000003540614
0.304687500000,1.617187500000,0.000003397497
0.304687500000,1.640625000000,0.000003239914
0.304687500000,1.664062500000,0.000003068577
0.304687500000,1.687500000000,0.000002884271
0.304687500000,1.710937500000,0.000002687852
0.304687500000,1.734375000000,0.000002480235
0.304687500000,1.757812500000,0.000002262397
0.304687500000,1.781250000000,0.000002035368
0.304687500000,1.804687500000,0.000001800225
0.304687500000,1.828125000000,0.000001558092
0.304687500000,1.851562500000,0.000001310125
0.304687500000,1.875000000000,0.000001057515
0.304687500000,1.898437500000,0.000000801477
0.304687500000,1.921875000000,0.000000543243
0.304687500000,1.945312500000,0.000000284058
0.304687500000,1.968750000000,0.000000025174
0.304687500000,1.992187500000,-0.000000232158
0.304687500000,2.015625000000,-0.000000486697
0.304687500000,2.039062500000,-0.000000737212
0.304687500000,2.062500000000,-0.000000982494
0.304687500000,2.085937500000,-0.000001221359
0.304687500000,2.109375000000,-0.000001452656
0.304687500000,2.132812500000,-0.000001675273
0.304687500000,2.156250000000,-0.000001888141
0.304687500000,2.179687500000,-0.000002090241
0.304687500000,2.203125000000,-0.000002280607
0.304687500000,2.226562500000,-0.000002458334
0.304687500000,2.250000000000,-0.000002622582
0.304687500000,2.273437500000,-0.000002772577
0.304687500000,2.296875000000,-0.000002907618
0.304687500000,2.320312500000,-0.000003027080
0.304687500000,2.343750000000,-0.000003130419
0.304687500000,2.367187500000,-0.000003217170
0.304687500000,2.390625000000,-0.000003286952
0.304687500000,2.414062500000,-0.000003339472
0.304687500000,2.437500000000,-0.000003374520
0.304687500000,2.460937500000,-0.000003391977
0.304687500000,2.484375000000,-0.000003391812
0.304687500000,2.507812500000,-0.000003374082
0.304687500000,2.531250000000,-0.000003338931
0.304687500000,2.554687500000,-0.000003286594
0.304687500000,2.578125000000,-0.000003217386
0.304687500000,2.601562500000,-0.000003131711
0.304687500000,2.625000000000,-0.000003030050
0.304687500000,2.648437500000,-0.000002912969
0.304687500000,2.671875000000,-0.000002781103
0.304687500000,2.695312500000,-0.000002635165
0.304687500000,2.718750000000,-0.000002475933
0.304687500000,2.742187500000,-0.000002304254
0.304687500000,2.765625000000,-0.000002121031
0.304687500000,2.789062500000,-0.000001927225
0.304687500000,2.812500000000,-0.000001723844
0.304687500000,2.835937500000,-0.000001511946
0.304687500000,2.859375000000,-0.000001292624
0.304687500000,2.882812500000,-0.000001067008
0.304687500000,2.906250000000,-0.000000836254
0.304687500000,2.929687500000,-0.000000601541
0.304687500000,2.953125000000,-0.000000364064
0.304687500000,2.976562500000,-0.000000125028
0.304687500000,3.000000000000,0.000000000000
0.328125000000,0.000000000000,0.000000000000
0.328125000000,0.023437500000,-0.000000258459
0.328125000000,0.046875000000,-0.000000428249
0.328125000000,0.070312500000,-0.000000593807
0.328125000000,0.093750000000,-0.000000753955
0.328125000000,0.117187500000,-0.000000907550
0.328125000000,0.140625000000,-0.000001053491
0.328125000000,0.164062500000,-0.000001190725
0.328125000000,0.187500000000,-0.000001318255
0.328125000000,0.210937500000,-0.000001435143
0.328125000000,0.234375000000,-0.000001540510
0.328125000000,0.257812500000,-0.000001633559
0.328125000000,0.281250000000,-0.000001713558
0.328125000000,0.304687500000,-0.000001779859
0.328125000000,0.328125000000,-0.000001831893
0.328125000000,0.351562500000,-0.000001869180
0.328125000000,0.375000000000,-0.000001891326
0.328125000000,0.398437500000,-0.000001898031
0.328125000000,0.421875000000,-0.000001889082
0.328125000000,0.445312500000,-0.000001864365
0.328125000000,0.468750000000,-0.000001823856
0.328125000000,0.492187500000,-0.000001767631
0.328125000000,0.515625000000,-0.000001695851
0.328125000000,0.539062500000,-0.000001608782
0.328125000000,0.562500000000,-0.000001506773
0.328125000000,0.585937500000,-0.000001390265
0.328125000000,0.609375000000,-0.000001259786
0.328125000000,0.632812500000,-0.000001115949
0.328125000000,0.656250000000,-0.000000959451
0.328125000000,0.679687500000,-0.000000791061
0.328125000000,0.703125000000,-0.000000611625
0.328125000000,0.726562500000,-0.000000422051
0.328125000000,0.750000000000,-0.000000223321
0.328125000000,0.773437500000,-0.000000016462
0.328125000000,0.796875000000,0.000000197435
0.328125000000,0.820312500000,0.000000417240
0.328125000000,0.843750000000,0.000000641784
0.328125000000,0.867187500000,0.000000869857
0.328125000000,0.890625000000,0.000001100232
0.328125000000,0.914062500000,0.000001331656
0.328125000000,0.937500000000,0.000001562864
0.328125000000,0.960937500000,0.000001792587
0.328125000000,0.984375000000,0.000002019555
0.328125000000,1.007812500000,0.000002242505
0.328125000000,1.031250000000,0.000002460194
0.328125000000,1.054687500000,0.000002671395
0.328125000000,1.078125000000,0.000002874913
0.328125000000,1.101562500000,0.000003069588
0.328125000000,1.125000000000,0.000003254301
0.328125000000,1.148437500000,0.000003427982
0.328125000000,1.171875000000,0.000003589614
0.328125000000,1.195312500000,0.000003738239
0.328125000000,1.218750000000,0.000003872964
0.328125000000,1.242187500000,0.000003992969
0.328125000000,1.265625000000,0.000004097502
0.328125000000,1.289062500000,0.000004185896
0.328125000000,1.312500000000,0.000004257564
0.328125000000,1.335937500000,0.000004312001
0.328125000000,1.359375000000,0.000004348798
0.328125000000,1.382812500000,0.000004367632
0.328125000000,1.406250000000,0.000004368271
0.328125000000,1.429687500000,0.000004350584
0.328125000000,1.453125000000,0.000004314527
0.328125000000,1.476562500000,0.000004260158
0.328125000000,1.500000000000,0.000004187629
0.328125000000,1.523437500000,0.000004097185
0.328125000000,1.546875000000,0.000003989165
0.328125000000,1.570312500000,0.000003864001
0.328125000000,1.593750000000,0.000003722214
0.328125000000,1.617187500000,0.000003564412
0.328125000000,1.640625000000,0.000003391290
0.328125000000,1.664062500000,0.000003203617
0.328125000000,1.687500000000,0.000003002247
0.328125000000,1.710937500000,0.000002788100
0.328125000000,1.734375000000,0.000002562166
0.328125000000,1.757812500000,0.000002325499
0.328125000000,1.781250000000,0.000002079206
0.328125000000,1.804687500000,0.000001824449
0.328125000000,1.828125000000,0.000001562433
0.328125000000,1.851562500000,0.000001294402
0.328125000000,1.875000000000,0.000001021636
0.328125000000,1.898437500000,0.000000745436
0.328125000000,1.921875000000,0.000000467127
0.328125000000,1.945312500000,0.000000188042
0.328125000000,1.968750000000,-0.000000090477
0.328125000000,1.992187500000,-0.000000367091
0.328125000000,2.015625000000,-0.000000640470
0.328125000000,2.039062500000,-0.000000909297
0.328125000000,2.062500000000,-0.000001172278
0.328125000000,2.085937500000,-0.000001428150
0.328125000000,2.109375000000,-0.000001675680
0.328125000000,2.132812500000,-0.000001913682
0.328125000000,2.156250000000,-0.000002141013
0.328125000000,2.179687500000,-0.000002356587
0.328125000000,2.203125000000,-0.000002559375
0.328125000000,2.226562500000,-0.000002748411
0.328125000000,2.250000000000,-0.000002922801
0.328125000000,2.273437500000,-0.000003081723
0.328125000000,2.296875000000,-0.000003224430
0.328125000000,2.320312500000,-0.000003350263
0.328125000000,2.343750000000,-0.000003458644
0.328125000000,2.367187500000,-0.000003549080
0.328125000000,2.390625000000,-0.000003621172
0.328125000000,2.414062500000,-0.000003674613
0.328125000000,2.437500000000,-0.000003709185
0.328125000000,2.460937500000,-0.000003724770
0.328125000000,2.484375000000,-0.000003721340
0.328125000000,2.507812500000,-0.000003698967
0.328125000000,2.531250000000,-0.000003657812
0.328125000000,2.554687500000,-0.000003598134
0.328125000000,2.578125000000,-0.000003520278
0.328125000000,2.601562500000,-0.000003424684
0.328125000000,2.625000000000,-0.000003311879
0.328125000000,2.648437500000,-0.000003182472
0.328125000000,2.671875000000,-0.000003037155
0.328125000000,2.695312500000,-0.000002876699
0.328125000000,2.718750000000,-0.000002701945
0.328125000000,2.742187500000,-0.000002513806
0.328125000000,2.765625000000,-0.000002313258
0.328125000000,2.789062500000,-0.000002101338
0.328125000000,2.812500000000,-0.000001879134
0.328125000000,2.835937500000,-0.000001647784
0.328125000000,2.859375000000,-0.000001408469
0.328125000000,2.882812500000,-0.000001162403
0.328125000000,2.906250000000,-0.000000910833
0.328125000000,2.929687500000,-0.000000655029
0.328125000000,2.953125000000,-0.000000396277
0.328125000000,2.976562500000,-0.000000135875
0.328125000000,3.000000000000,0.000000000000
0.351562500000,0.000000000000,0.000000000000
0.351562500000,0.023437500000,-0.000000265941
0.351562500000,0.046875000000,-0.000000440355
0.351562500000,0.070312500000,-0.000000610336
0.351562500000,0.093750000000,-0.000000774648
0.351562500000,0.117187500000,-0.000000932092
0.351562500000,0.140625000000,-0.000001081515
0.351562500000,0.164062500000,-0.000001221812
0.351562500000,0.187500000000,-0.000001351939
0.351562500000,0.210937500000,-0.000001470912
0.351562500000,0.234375000000,-0.000001577819
0.351562500000,0.257812500000,-0.000001671817
0.351562500000,0.281250000000,-0.000001752148
0.351562500000,0.304687500000,-0.000001818133
0.351562500000,0.328125000000,-0.000001869180
0.351562500000,0.351562500000,-0.000001904790
0.351562500000,0.375000000000,-0.000001924559
0.351562500000,0.398437500000,-0.000001928173
0.351562500000,0.421875000000,-0.000001915419
0.351562500000,0.445312500000,-0.000001886182
0.351562500000,0.468750000000,-0.000001840447
0.351562500000,0.492187500000,-0.000001778300
0.351562500000,0.515625000000,-0.000001699922
0.351562500000,0.539062500000,-0.000001605597
0.351562500000,0.562500000000,-0.000001495702
0.351562500000,0.585937500000,-0.000001370712
0.351562500000,0.609375000000,-0.000001231189
0.351562500000,0.632812500000,-0.000001077789
0.351562500000,0.656250000000,-0.000000911250
0.351562500000,0.679687500000,-0.000000732394
0.351562500000,0.703125000000,-0.000000542116
0.351562500000,0.726562500000,-0.000000341386
0.351562500000,0.750000000000,-0.000000131237
0.351562500000,0.773437500000,0.000000087233
0.351562500000,0.796875000000,0.000000312877
0.351562500000,0.820312500000,0.000000544494
0.351562500000,0.843750000000,0.000000780846
0.351562500000,0.867187500000,0.000001020658
0.351562500000,0.890625000000,0.000001262629
0.351562500000,0.914062500000,0.000001505436
0.351562500000,0.937500000000,0.000001747744
0.351562500000,0.960937500000,0.000001988213
0.351562500000,0.984375000000,0.000002225502
0.351562500000,1.007812500000,0.000002458283
0.351562500000,1.031250000000,0.000002685241
0.351562500000,1.054687500000,0.000002905088
0.351562500000,1.078125000000,0.000003116564
0.351562500000,1.101562500000,0.000003318450
0.351562500000,1.125000000000,0.000003509570
0.351562500000,1.148437500000,0.000003688800
0.351562500000,1.171875000000,0.000003855073
0.351562500000,1.195312500000,0.000004007387
0.351562500000,1.218750000000,0.000004144807
0.351562500000,1.242187500000,0.000004266474
0.351562500000,1.265625000000,0.000004371610
0.351562500000,1.289062500000,0.000004459515
0.351562500000,1.312500000000,0.000004529584
0.351562500000,1.335937500000,0.000004581297
0.351562500000,1.359375000000,0.000004614234
0.351562500000,1.382812500000,0.000004628065
0.351562500000,1.406250000000,0.000004622565
0.351562500000,1.429687500000,0.000004597603
0.351562500000,1.453125000000,0.000004553155
0.351562500000,1.476562500000,0.000004489296
0.351562500000,1.500000000000,0.000004406198
0.351562500000,1.523437500000,0.000004304140
0.351562500000,1.546875000000,0.000004183498
0.351562500000,1.570312500000,0.000004044744
0.351562500000,1.593750000000,0.000003888444
0.351562500000,1.617187500000,0.000003715261
0.351562500000,1.640625000000,0.000003525943
0.351562500000,1.664062500000,0.000003321325
0.351562500000,1.687500000000,0.000003102320
0.351562500000,1.710937500000,0.000002869925
0.351562500000,1.734375000000,0.000002625198
0.351562500000,1.757812500000,0.000002369270
0.351562500000,1.781250000000,0.000002103328
0.351562500000,1.804687500000,0.000001828618
0.351562500000,1.828125000000,0.000001546426
0.351562500000,1.851562500000,0.000001258087
0.351562500000,1.875000000000,0.000000964964
0.351562500000,1.898437500000,0.000000668449
0.351562500000,1.921875000000,0.000000369954
0.351562500000,1.945312500000,0.000000070904
0.351562500000,1.968750000000,-0.000000227273
0.351562500000,1.992187500000,-0.000000523149
0.351562500000,2.015625000000,-0.000000815306
0.351562500000,2.039062500000,-0.000001102344
0.351562500000,2.062500000000,-0.000001382885
0.351562500000,2.085937500000,-0.000001655584
0.351562500000,2.109375000000,-0.000001919134
0.351562500000,2.132812500000,-0.000002172271
0.351562500000,2.156250000000,-0.000002413783
0.351562500000,2.179687500000,-0.000002642517
0.351562500000,2.203125000000,-0.000002857382
0.351562500000,2.226562500000,-0.000003057355
0.351562500000,2.250000000000,-0.000003241487
0.351562500000,2.273437500000,-0.000003408909
0.351562500000,2.296875000000,-0.000003558838
0.351562500000,2.320312500000,-0.000003690569
0.351562500000,2.343750000000,-0.000003803498
0.351562500000,2.367187500000,-0.000003897108
0.351562500000,2.390625000000,-0.000003970983
0.351562500000,2.414062500000,-0.000004024800
0.351562500000,2.437500000000,-0.000004058340
0.351562500000,2.460937500000,-0.000004071481
0.351562500000,2.484375000000,-0.000004064206
0.351562500000,2.507812500000,-0.000004036597
0.351562500000,2.531250000000,-0.000003988837
0.351562500000,2.554687500000,-0.000003921205
0.351562500000,2.578125000000,-0.000003834086
0.351562500000,2.601562500000,-0.000003727955
0.351562500000,2.625000000000,-0.000003603378
0.351562500000,2.648437500000,-0.000003461019
0.351562500000,2.671875000000,-0.000003301621
0.351562500000,2.695312500000,-0.000003126014
0.351562500000,2.718750000000,-0.000002935103
0.351562500000,2.742187500000,-0.000002729871
0.351562500000,2.765625000000,-0.000002511366
0.351562500000,2.789062500000,-0.000002280700
0.351562500000,2.812500000000,-0.000002039043
0.351562500000,2.835937500000,-0.000001787615
0.351562500000,2.859375000000,-0.000001527681
0.351562500000,2.882812500000,-0.000001260545
0.351562500000,2.906250000000,-0.000000987542
0.351562500000,2.929687500000,-0.000000710033
0.351562500000,2.953125000000,-0.000000429396
0.351562500000,2.976562500000,-0.000000147020
0.351562500000,3.000000000000,0.000000000000
0.375000000000,0.000000000000,0.000000000000
0.375000000000,0.023437500000,-0.000000271597
0.375000000000,0.046875000000,-0.000000449427
0.375000000000,0.070312500000,-0.000000622639
0.375000000000,0.093750000000,-0.000000789942
0.375000000000,0.117187500000,-0.000000950089
0.375000000000,0.140625000000,-0.000001101874
0.375000000000,0.164062500000,-0.000001244149
0.375000000000,0.187500000000,-0.000001375824
0.375000000000,0.210937500000,-0.000001495877
0.375000000000,0.234375000000,-0.000001603353
0.375000000000,0.257812500000,-0.000001697384
0.375000000000,0.281250000000,-0.000001777175
0.375000000000,0.304687500000,-0.000001842027
0.375000000000,0.328125000000,-0.000001891328
0.375000000000,0.351562500000,-0.000001924559
0.375000000000,0.375000000000,-0.000001941305
0.375000000000,0.398437500000,-0.000001941249
0.375000000000,0.421875000000,-0.000001924172
0.375000000000,0.445312500000,-0.000001889965
0.375000000000,0.468750000000,-0.000001838623
0.375000000000,0.492187500000,-0.000001770240
0.375000000000,0.515625000000,-0.000001685017
0.375000000000,0.539062500000,-0.000001583260
0.375000000000,0.562500000000,-0.000001465374
0.375000000000,0.585937500000,-0.000001331864
0.375000000000,0.609375000000,-0.000001183331
0.375000000000,0.632812500000,-0.000001020471
0.375000000000,0.656250000000,-0.000000844064
0.375000000000,0.679687500000,-0.000000654980
0.375000000000,0.703125000000,-0.000000454168
0.375000000000,0.726562500000,-0.000000242650
0.375000000000,0.750000000000,-0.000000021521
0.375000000000,0.773437500000,0.000000208068
0.375000000000,0.796875000000,0.000000444901
0.375000000000,0.820312500000,0.000000687715
0.375000000000,0.843750000000,0.000000935209
0.375000000000,0.867187500000,0.000001186037
0.375000000000,0.890625000000,0.000001438833
0.375000000000,0.914062500000,0.000001692206
0.375000000000,0.937500000000,0.000001944753
0.375000000000,0.960937500000,0.000002195065
0.375000000000,0.984375000000,0.000002441737
0.375000000000,1.007812500000,0.000002683374
0.375000000000,1.031250000000,0.000002918598
0.375000000000,1.054687500000,0.000003146059
0.375000000000,1.078125000000,0.000003364439
0.375000000000,1.101562500000,0.000003572461
0.375000000000,1.125000000000,0.000003768897
0.375000000000,1.148437500000,0.000003952572
0.375000000000,1.171875000000,0.000004122374
0.375000000000,1.195312500000,0.000004277259
0.375000000000,1.218750000000,0.000004416253
0.375000000000,1.242187500000,0.000004538467
0.375000000000,1.265625000000,0.000004643090
0.375000000000,1.289062500000,0.000004729404
0.375000000000,1.312500000000,0.000004796782
0.375000000000,1.335937500000,0.000004844695
0.375000000000,1.359375000000,0.000004872710
0.375000000000,1.382812500000,0.000004880504
0.375000000000,1.406250000000,0.000004867848
0.375000000000,1.429687500000,0.000004834628
0.375000000000,1.453125000000,0.000004780830
0.375000000000,1.476562500000,0.000004706554
0.375000000000,1.500000000000,0.000004611995
0.375000000000,1.523437500000,0.000004497470
0.375000000000,1.546875000000,0.000004363389
0.375000000000,1.570312500000,0.000004210265
0.375000000000,1.593750000000,0.000004038718
0.375000000000,1.617187500000,0.000003849460
0.375000000000,1.640625000000,0.000003643298
0.375000000000,1.664062500000,0.000003421130
0.375000000000,1.687500000000,0.000003183936
0.375000000000,1.710937500000,0.000002932779
0.375000000000,1.734375000000,0.000002668794
0.375000000000,1.757812500000,0.000002393191
0.375000000000,1.781250000000,0.000002107233
0.375000000000,1.804687500000,0.000001812250
0.375000000000,1.828125000000,0.000001509613
0.375000000000,1.851562500000,0.000001200739
0.375000000000,1.875000000000,0.000000887082
0.375000000000,1.898437500000,0.000000570121
0.375000000000,1.921875000000,0.000000251355
0.375000000000,1.945312500000,-0.000000067702
0.375000000000,1.968750000000,-0.000000385533
0.375000000000,1.992187500000,-0.000000700624
0.375000000000,2.015625000000,-0.000001011471
0.375000000000,2.039062500000,-0.000001316591
0.375000000000,2.062500000000,-0.000001614525
0.375000000000,2.085937500000,-0.000001903847
0.375000000000,2.109375000000,-0.000002183175
0.375000000000,2.132812500000,-0.000002451172
0.375000000000,2.156250000000,-0.000002706559
0.375000000000,2.179687500000,-0.000002948114
0.375000000000,2.203125000000,-0.000003174687
0.375000000000,2.226562500000,-0.000003385200
0.375000000000,2.250000000000,-0.000003578652
0.375000000000,2.273437500000,-0.000003754131
0.375000000000,2.296875000000,-0.000003910806
0.375000000000,2.320312500000,-0.000004047948
0.375000000000,2.343750000000,-0.000004164917
0.375000000000,2.367187500000,-0.000004261176
0.375000000000,2.390625000000,-0.000004336291
0.375000000000,2.414062500000,-0.000004389928
0.375000000000,2.437500000000,-0.000004421864
0.375000000000,2.460937500000,-0.000004431981
0.375000000000,2.484375000000,-0.000004420268
0.375000000000,2.507812500000,-0.000004386823
0.375000000000,2.531250000000,-0.000004331849
0.375000000000,2.554687500000,-0.000004255654
0.375000000000,2.578125000000,-0.000004158653
0.375000000000,2.601562500000,-0.000004041361
0.375000000000,2.625000000000,-0.000003904390
0.375000000000,2.648437500000,-0.000003748451
0.375000000000,2.671875000000,-0.000003574345
0.375000000000,2.695312500000,-0.000003382958
0.375000000000,2.718750000000,-0.000003175265
0.375000000000,2.742187500000,-0.000002952315
0.375000000000,2.765625000000,-0.000002715230
0.375000000000,2.789062500000,-0.000002465197
0.375000000000,2.812500000000,-0.000002203468
0.375000000000,2.835937500000,-0.000001931346
0.375000000000,2.859375000000,-0.000001650181
0.375000000000,2.882812500000,-0.000001361366
0.375000000000,2.906250000000,-0.000001066325
0.375000000000,2.929687500000,-0.000000766512
0.375000000000,2.953125000000,-0.000000463394
0.375000000000,2.976562500000,-0.000000158455
0.375000000000,3.000000000000,0.000000000000
0.398437500000,0.000000000000,0.000000000000
0.398437500000,0.023437500000,-0.000000275385
0.398437500000,0.046875000000,-0.000000455396
0.398437500000,0.070312500000,-0.000000630620
0.398437500000,0.093750000000,-0.000000799718
0.398437500000,0.117187500000,-0.000000961395
0.398437500000,0.140625000000,-0.000001114403
0.398437500000,0.164062500000,-0.000001257547
0.398437500000,0.187500000000,-0.000001389700
0.398437500000,0.210937500000,-0.000001509800
0.398437500000,0.234375000000,-0.000001616865
0.398437500000,0.257812500000,-0.000001709990
0.398437500000,0.281250000000,-0.000001788360
0.398437500000,0.304687500000,-0.000001851249
0.398437500000,0.328125000000,-0.000001898031
0.398437500000,0.351562500000,-0.000001928173
0.398437500000,0.375000000000,-0.000001941248
0.398437500000,0.398437500000,-0.000001936937
0.398437500000,0.421875000000,-0.000001915020
0.398437500000,0.445312500000,-0.000001875394
0.398437500000,0.468750000000,-0.000001818060
0.398437500000,0.492187500000,-0.000001743130
0.398437500000,0.515625000000,-0.000001650824
0.398437500000,0.539062500000,-0.000001541466
0.398437500000,0.562500000000,-0.000001415494
0.398437500000,0.585937500000,-0.000001273441
0.398437500000,0.609375000000,-0.000001115947
0.398437500000,0.632812500000,-0.000000943744
0.398437500000,0.656250000000,-0.000000757659
0.398437500000,0.679687500000,-0.000000558608
0.398437500000,0.703125000000,-0.000000347589
0.398437500000,0.726562500000,-0.000000125679
0.398437500000,0.750000000000,0.000000105974
0.398437500000,0.773437500000,0.000000346156
0.398437500000,0.796875000000,0.000000593594
0.398437500000,0.820312500000,0.000000846967
0.398437500000,0.843750000000,0.000001104903
0.398437500000,0.867187500000,0.000001365997
0.398437500000,0.890625000000,0.000001628817
0.398437500000,0.914062500000,0.000001891907
0.398437500000,0.937500000000,0.000002153799
0.398437500000,0.960937500000,0.000002413021
0.398437500000,0.984375000000,0.000002668105
0.398437500000,1.007812500000,0.000002917593
0.398437500000,1.031250000000,0.000003160049
0.398437500000,1.054687500000,0.000003394063
0.398437500000,1.078125000000,0.000003618263
0.398437500000,1.101562500000,0.000003831318
0.398437500000,1.125000000000,0.000004031953
0.398437500000,1.148437500000,0.000004218943
0.398437500000,1.171875000000,0.000004391137
0.398437500000,1.195312500000,0.000004547450
0.398437500000,1.218750000000,0.000004686877
0.398437500000,1.242187500000,0.000004808499
0.398437500000,1.265625000000,0.000004911478
0.398437500000,1.289062500000,0.000004995078
0.398437500000,1.312500000000,0.000005058659
0.398437500000,1.335937500000,0.000005101679
0.398437500000,1.359375000000,0.000005123706
0.398437500000,1.382812500000,0.000005124413
0.398437500000,1.406250000000,0.000005103584
0.398437500000,1.429687500000,0.000005061112
0.398437500000,1.453125000000,0.000004997005
0.398437500000,1.476562500000,0.000004911383
0.398437500000,1.500000000000,0.000004804478
0.398437500000,1.523437500000,0.000004676632
0.398437500000,1.546875000000,0.000004528298
0.398437500000,1.570312500000,0.000004360038
0.398437500000,1.593750000000,0.000004172517
0.398437500000,1.617187500000,0.000003966505
0.398437500000,1.640625000000,0.000003742865
0.398437500000,1.664062500000,0.000003502559
0.398437500000,1.687500000000,0.000003246636
0.398437500000,1.710937500000,0.000002976228
0.398437500000,1.734375000000,0.000002692545
0.398437500000,1.757812500000,0.000002396872
0.398437500000,1.781250000000,0.000002090556
0.398437500000,1.804687500000,0.000001775004
0.398437500000,1.828125000000,0.000001451676
0.398437500000,1.851562500000,0.000001122071
0.398437500000,1.875000000000,0.000000787730
0.398437500000,1.898437500000,0.000000450220
0.398437500000,1.921875000000,0.000000111129
0.398437500000,1.945312500000,-0.000000227944
0.398437500000,1.968750000000,-0.000000565396
0.398437500000,1.992187500000,-0.000000899625
0.398437500000,2.015625000000,-0.000001229046
0.398437500000,2.039062500000,-0.000001552090
0.398437500000,2.062500000000,-0.000001867219
0.398437500000,2.085937500000,-0.000002172931
0.398437500000,2.109375000000,-0.000002467768
0.398437500000,2.132812500000,-0.000002750323
0.398437500000,2.156250000000,-0.000003019247
0.398437500000,2.179687500000,-0.000003273258
0.398437500000,2.203125000000,-0.000003511149
0.398437500000,2.226562500000,-0.000003731780
0.398437500000,2.250000000000,-0.000003934109
0.398437500000,2.273437500000,-0.000004117176
0.398437500000,2.296875000000,-0.000004280114
0.398437500000,2.320312500000,-0.000004422156
0.398437500000,2.343750000000,-0.000004542642
0.398437500000,2.367187500000,-0.000004641009
0.398437500000,2.390625000000,-0.000004716806
0.398437500000,2.414062500000,-0.000004769697
0.398437500000,2.437500000000,-0.000004799454
0.398437500000,2.460937500000,-0.000004805958
0.398437500000,2.484375000000,-0.000004789213
0.398437500000,2.507812500000,-0.000004749331
0.398437500000,2.531250000000,-0.000004686536
0.398437500000,2.554687500000,-0.000004601167
0.398437500000,2.578125000000,-0.000004493672
0.398437500000,2.601562500000,-0.000004364603
0.398437500000,2.625000000000,-0.000004214622
0.398437500000,2.648437500000,-0.000004044487
0.398437500000,2.671875000000,-0.000003855055
0.398437500000,2.695312500000,-0.000003647276
0.398437500000,2.718750000000,-0.000003422188
0.398437500000,2.742187500000,-0.000003180910
0.398437500000,2.765625000000,-0.000002924636
0.398437500000,2.789062500000,-0.000002654635
0.398437500000,2.812500000000,-0.000002372234
0.398437500000,2.835937500000,-0.000002078824
0.398437500000,2.859375000000,-0.000001775838
0.398437500000,2.882812500000,-0.000001464758
0.398437500000,2.906250000000,-0.000001147099
0.398437500000,2.929687500000,-0.000000824404
0.398437500000,2.953125000000,-0.000000498234
0.398437500000,2.976562500000,-0.000000170165
0.398437500000,3.000000000000,0.000000000000
0.421875000000,0.000000000000,0.000000000000
0.421875000000,0.023437500000,-0.000000277273
0.421875000000,0.046875000000,-0.000000458210
0.421875000000,0.070312500000,-0.000000634209
0.421875000000,0.093750000000,-0.000000803887
0.421875000000,0.117187500000,-0.000000965906
0.421875000000,0.140625000000,-0.000001118976
0.421875000000,0.164062500000,-0.000001261866
0.421875000000,0.187500000000,-0.000001393411
0.421875000000,0.210937500000,-0.000001512519
0.421875000000,0.234375000000,-0.000001618176
0.421875000000,0.257812500000,-0.000001709450
0.421875000000,0.281250000000,-0.000001785506
0.421875000000,0.304687500000,-0.000001845598
0.421875000000,0.328125000000,-0.000001889082
0.421875000000,0.351562500000,-0.000001915419
0.421875000000,0.375000000000,-0.000001924172
0.421875000000,0.398437500000,-0.000001915020
0.421875000000,0.421875000000,-0.000001887748
0.421875000000,0.445312500000,-0.000001842257
0.421875000000,0.468750000000,-0.000001778556
0.421875000000,0.492187500000,-0.000001696776
0.421875000000,0.515625000000,-0.000001597153
0.421875000000,0.539062500000,-0.000001480042
0.421875000000,0.562500000000,-0.000001345900
0.421875000000,0.585937500000,-0.000001195297
0.421875000000,0.609375000000,-0.000001028904
0.421875000000,0.632812500000,-0.000000847497
0.421875000000,0.656250000000,-0.000000651943
0.421875000000,0.679687500000,-0.000000443205
0.421875000000,0.703125000000,-0.000000222330
0.421875000000,0.726562500000,0.000000009555
0.421875000000,0.750000000000,0.000000251247
0.421875000000,0.773437500000,0.000000501476
0.421875000000,0.796875000000,0.000000758910
0.421875000000,0.820312500000,0.000001022170
0.421875000000,0.843750000000,0.000001289824
0.421875000000,0.867187500000,0.000001560406
0.421875000000,0.890625000000,0.000001832420
0.421875000000,0.914062500000,0.000002104350
0.421875000000,0.937500000000,0.000002374667
0.421875000000,0.960937500000,0.000002641839
0.421875000000,0.984375000000,0.000002904336
0.421875000000,1.007812500000,0.000003160645
0.421875000000,1.031250000000,0.000003409271
0.421875000000,1.054687500000,0.000003648752
0.421875000000,1.078125000000,0.000003877663
0.421875000000,1.101562500000,0.000004094626
0.421875000000,1.125000000000,0.000004298317
0.421875000000,1.148437500000,0.000004487474
0.421875000000,1.171875000000,0.000004660904
0.421875000000,1.195312500000,0.000004817486
0.421875000000,1.218750000000,0.000004956190
0.421875000000,1.242187500000,0.000005076066
0.421875000000,1.265625000000,0.000005176259
0.421875000000,1.289062500000,0.000005256015
0.421875000000,1.312500000000,0.000005314683
0.421875000000,1.335937500000,0.000005351716
0.421875000000,1.359375000000,0.000005366681
0.421875000000,1.382812500000,0.000005359255
0.421875000000,1.406250000000,0.000005329230
0.421875000000,1.429687500000,0.000005276520
0.421875000000,1.453125000000,0.000005201149
0.421875000000,1.476562500000,0.000005103265
0.421875000000,1.500000000000,0.000004983130
0.421875000000,1.523437500000,0.000004841125
0.421875000000,1.546875000000,0.000004677745
0.421875000000,1.570312500000,0.000004493597
0.421875000000,1.593750000000,0.000004289395
0.421875000000,1.617187500000,0.000004065969
0.421875000000,1.640625000000,0.000003824240
0.421875000000,1.664062500000,0.000003565234
0.421875000000,1.687500000000,0.000003290067
0.421875000000,1.710937500000,0.000002999944
0.421875000000,1.734375000000,0.000002696150
0.421875000000,1.757812500000,0.000002380046
0.421875000000,1.781250000000,0.000002053059
0.421875000000,1.804687500000,0.000001716678
0.421875000000,1.828125000000,0.000001372444
0.421875000000,1.851562500000,0.000001021947
0.421875000000,1.875000000000,0.000000666809
0.421875000000,1.898437500000,0.000000308683
0.421875000000,1.921875000000,-0.000000050755
0.421875000000,1.945312500000,-0.000000409820
0.421875000000,1.968750000000,-0.000000766823
0.421875000000,1.992187500000,-0.000001120080
0.421875000000,2.015625000000,-0.000001467920
0.421875000000,2.039062500000,-0.000001808697
0.421875000000,2.062500000000,-0.000002140792
0.421875000000,2.085937500000,-0.000002462628
0.421875000000,2.109375000000,-0.000002772673
0.421875000000,2.132812500000,-0.000003069453
0.421875000000,2.156250000000,-0.000003351553
0.421875000000,2.179687500000,-0.000003617630
0.421875000000,2.203125000000,-0.000003866417
0.421875000000,2.226562500000,-0.000004096727
0.421875000000,2.250000000000,-0.000004307467
0.421875000000,2.273437500000,-0.000004497634
0.421875000000,2.296875000000,-0.000004666329
0.421875000000,2.320312500000,-0.000004812752
0.421875000000,2.343750000000,-0.000004936213
0.421875000000,2.367187500000,-0.000005036137
0.421875000000,2.390625000000,-0.000005112058
0.421875000000,2.414062500000,-0.000005163629
0.421875000000,2.437500000000,-0.000005190622
0.421875000000,2.460937500000,-0.000005192927
0.421875000000,2.484375000000,-0.000005170556
0.421875000000,2.507812500000,-0.000005123639
0.421875000000,2.531250000000,-0.000005052424
0.421875000000,2.554687500000,-0.000004957278
0.421875000000,2.578125000000,-0.000004838683
0.421875000000,2.601562500000,-0.000004697236
0.421875000000,2.625000000000,-0.000004533641
0.421875000000,2.648437500000,-0.000004348711
0.421875000000,2.671875000000,-0.000004143356
0.421875000000,2.695312500000,-0.000003918593
0.421875000000,2.718750000000,-0.000003675520
0.421875000000,2.742187500000,-0.000003415327
0.421875000000,2.765625000000,-0.000003139287
0.421875000000,2.789062500000,-0.000002848740
0.421875000000,2.812500000000,-0.000002545098
0.421875000000,2.835937500000,-0.000002229834
0.421875000000,2.859375000000,-0.000001904469
0.421875000000,2.882812500000,-0.000001570571
0.421875000000,2.906250000000,-0.000001229744
0.421875000000,2.929687500000,-0.000000883624
0.421875000000,2.953125000000,-0.000000533864
0.421875000000,2.976562500000,-0.000000182131
0.421875000000,3.000000000000,0.000000000000
0.445312500000,0.000000000000,0.000000000000
0.445312500000,0.023437500000,-0.000000277241
0.445312500000,0.046875000000,-0.000000457836
0.445312500000,0.070312500000,-0.000000633360
0.445312500000,0.093750000000,-0.000000802392
0.445312500000,0.117187500000,-0.000000963552
0.445312500000,0.140625000000,-0.000001115516
0.445312500000,0.164062500000,-0.000001257019
0.445312500000,0.187500000000,-0.000001386864
0.445312500000,0.210937500000,-0.000001503930
0.445312500000,0.234375000000,-0.000001607176
0.445312500000,0.257812500000,-0.000001695652
0.445312500000,0.281250000000,-0.000001768498
0.445312500000,0.304687500000,-0.000001824953
0.445312500000,0.328125000000,-0.000001864366
0.445312500000,0.351562500000,-0.000001886182
0.445312500000,0.375000000000,-0.000001889965
0.445312500000,0.398437500000,-0.000001875394
0.445312500000,0.421875000000,-0.000001842257
0.445312500000,0.445312500000,-0.000001790458
0.445312500000,0.468750000000,-0.000001720028
0.445312500000,0.492187500000,-0.000001631106
0.445312500000,0.515625000000,-0.000001523952
0.445312500000,0.539062500000,-0.000001398942
0.445312500000,0.562500000000,-0.000001256562
0.445312500000,0.585937500000,-0.000001097417
0.445312500000,0.609375000000,-0.000000922208
0.445312500000,0.632812500000,-0.000000731755
0.445312500000,0.656250000000,-0.000000526962
0.445312500000,0.679687500000,-0.000000308840
0.445312500000,0.703125000000,-0.000000078480
0.445312500000,0.726562500000,0.000000162938
0.445312500000,0.750000000000,0.000000414159
0.445312500000,0.773437500000,0.000000673862
0.445312500000,0.796875000000,0.000000940660
0.445312500000,0.820312500000,0.000001213113
0.445312500000,0.843750000000,0.000001489733
0.445312500000,0.867187500000,0.000001768997
0.445312500000,0.890625000000,0.000002049351
0.445312500000,0.914062500000,0.000002329220
0.445312500000,0.937500000000,0.000002607017
0.445312500000,0.960937500000,0.000002881152
0.445312500000,0.984375000000,0.000003150042
0.445312500000,1.007812500000,0.000003412118
0.445312500000,1.031250000000,0.000003665832
0.445312500000,1.054687500000,0.000003909674
0.445312500000,1.078125000000,0.000004142169
0.445312500000,1.101562500000,0.000004361897
0.445312500000,1.125000000000,0.000004567489
0.445312500000,1.148437500000,0.000004757647
0.445312500000,1.171875000000,0.000004931143
0.445312500000,1.195312500000,0.000005086829
0.445312500000,1.218750000000,0.000005223643
0.445312500000,1.242187500000,0.000005340614
0.445312500000,1.265625000000,0.000005436873
0.445312500000,1.289062500000,0.000005511654
0.445312500000,1.312500000000,0.000005564292
0.445312500000,1.335937500000,0.000005594246
0.445312500000,1.359375000000,0.000005601079
0.445312500000,1.382812500000,0.000005584478
0.445312500000,1.406250000000,0.000005544251
0.445312500000,1.429687500000,0.000005480325
0.445312500000,1.453125000000,0.000005392753
0.445312500000,1.476562500000,0.000005281704
0.445312500000,1.500000000000,0.000005147481
0.445312500000,1.523437500000,0.000004990500
0.445312500000,1.546875000000,0.000004811299
0.445312500000,1.570312500000,0.000004610534
0.445312500000,1.593750000000,0.000004388974
0.445312500000,1.617187500000,0.000004147502
0.445312500000,1.640625000000,0.000003887103
0.445312500000,1.664062500000,0.000003608866
0.445312500000,1.687500000000,0.000003313978
0.445312500000,1.710937500000,0.000003003713
0.445312500000,1.734375000000,0.000002679431
0.445312500000,1.757812500000,0.000002342571
0.445312500000,1.781250000000,0.000001994641
0.445312500000,1.804687500000,0.000001637209
0.445312500000,1.828125000000,0.000001271899
0.445312500000,1.851562500000,0.000000900386
0.445312500000,1.875000000000,0.000000524376
0.445312500000,1.898437500000,0.000000145609
0.445312500000,1.921875000000,-0.000000234155
0.445312500000,1.945312500000,-0.000000613147
0.445312500000,1.968750000000,-0.000000989593
0.445312500000,1.992187500000,-0.000001361727
0.445312500000,2.015625000000,-0.000001727797
0.445312500000,2.039062500000,-0.000002086076
0.445312500000,2.062500000000,-0.000002434872
0.445312500000,2.085937500000,-0.000002772531
0.445312500000,2.109375000000,-0.000003097452
0.445312500000,2.132812500000,-0.000003408093
0.445312500000,2.156250000000,-0.000003702977
0.445312500000,2.179687500000,-0.000003980700
0.445312500000,2.203125000000,-0.000004239940
0.445312500000,2.226562500000,-0.000004479461
0.445312500000,2.250000000000,-0.000004698127
0.445312500000,2.273437500000,-0.000004894890
0.445312500000,2.296875000000,-0.000005068820
0.445312500000,2.320312500000,-0.000005219088
0.445312500000,2.343750000000,-0.000005344978
0.445312500000,2.367187500000,-0.000005445899
0.445312500000,2.390625000000,-0.000005521375
0.445312500000,2.414062500000,-0.000005571052
0.445312500000,2.437500000000,-0.000005594701
0.445312500000,2.460937500000,-0.000005592223
0.445312500000,2.484375000000,-0.000005563638
0.445312500000,2.507812500000,-0.000005509096
0.445312500000,2.531250000000,-0.000005428870
0.445312500000,2.554687500000,-0.000005323359
0.445312500000,2.578125000000,-0.000005193081
0.445312500000,2.601562500000,-0.000005038672
0.445312500000,2.625000000000,-0.000004860883
0.445312500000,2.648437500000,-0.000004660582
0.445312500000,2.671875000000,-0.000004438738
0.445312500000,2.695312500000,-0.000004196423
0.445312500000,2.718750000000,-0.000003934807
0.445312500000,2.742187500000,-0.000003655149
0.445312500000,2.765625000000,-0.000003358793
0.445312500000,2.789062500000,-0.000003047164
0.445312500000,2.812500000000,-0.000002721749
0.445312500000,2.835937500000,-0.000002384104
0.445312500000,2.859375000000,-0.000002035839
0.445312500000,2.882812500000,-0.000001678609
0.445312500000,2.906250000000,-0.000001314109
0.445312500000,2.929687500000,-0.000000944062
0.445312500000,2.953125000000,-0.000000570216
0.445312500000,2.976562500000,-0.000000194329
0.445312500000,3.000000000000,0.000000000000
0.468750000000,0.000000000000,0.000000000000
0.468750000000,0.023437500000,-0.000000275277
0.468750000000,0.046875000000,-0.000000454258
0.468750000000,0.070312500000,-0.000000628054
0.468750000000,0.093750000000,-0.000000795207
0.468750000000,0.117187500000,-0.000000954305
0.468750000000,0.140625000000,-0.000001103991
0.468750000000,0.164062500000,-0.000001242973
0.468750000000,0.187500000000,-0.000001370024
0.468750000000,0.210937500000,-0.000001483999
0.468750000000,0.234375000000,-0.000001583834
0.468750000000,0.257812500000,-0.000001668561
0.468750000000,0.281250000000,-0.000001737304
0.468750000000,0.304687500000,-0.000001789290
0.468750000000,0.328125000000,-0.000001823856
0.468750000000,0.351562500000,-0.000001840448
0.468750000000,0.375000000000,-0.000001838623
0.468750000000,0.398437500000,-0.000001818059
0.468750000000,0.421875000000,-0.000001778558
0.468750000000,0.445312500000,-0.000001720028
0.468750000000,0.468750000000,-0.000001642513
0.468750000000,0.492187500000,-0.000001546172
0.468750000000,0.515625000000,-0.000001431285
0.468750000000,0.539062500000,-0.000001298251
0.468750000000,0.562500000000,-0.000001147587
0.468750000000,0.585937500000,-0.000000979925
0.468750000000,0.609375000000,-0.000000796006
0.468750000000,0.632812500000,-0.000000596684
0.468750000000,0.656250000000,-0.000000382904
0.468750000000,0.679687500000,-0.000000155721
0.468750000000,0.703125000000,0.000000083726
0.468750000000,0.726562500000,0.000000334212
0.468750000000,0.750000000000,0.000000594433
0.468750000000,0.773437500000,0.000000863014
0.468750000000,0.796875000000,0.000001138514
0.468750000000,0.820312500000,0.000001419440
0.468750000000,0.843750000000,0.000001704253
0.468750000000,0.867187500000,0.000001991372
0.468750000000,0.890625000000,0.000002279188
0.468750000000,0.914062500000,0.000002566072
0.468750000000,0.937500000000,0.000002850382
0.468750000000,0.960937500000,0.000003130476
0.468750000000,0.984375000000,0.000003404718
0.468750000000,1.007812500000,0.000003671488
0.468750000000,1.031250000000,0.000003929192
0.468750000000,1.054687500000,0.000004176272
0.468750000000,1.078125000000,0.000004411212
0.468750000000,1.101562500000,0.000004632548
0.468750000000,1.125000000000,0.000004838876
0.468750000000,1.148437500000,0.000005028864
0.468750000000,1.171875000000,0.000005201251
0.468750000000,1.195312500000,0.000005354865
0.468750000000,1.218750000000,0.000005488623
0.468750000000,1.242187500000,0.000005601533
0.468750000000,1.265625000000,0.000005692715
0.468750000000,1.289062500000,0.000005761391
0.468750000000,1.312500000000,0.000005806897
0.468750000000,1.335937500000,0.000005828688
0.468750000000,1.359375000000,0.000005826334
0.468750000000,1.382812500000,0.000005799535
0.468750000000,1.406250000000,0.000005748113
0.468750000000,1.429687500000,0.000005672016
0.468750000000,1.453125000000,0.000005571323
0.468750000000,1.476562500000,0.000005446237
0.468750000000,1.500000000000,0.000005297092
0.468750000000,1.523437500000,0.000005124347
0.468750000000,1.546875000000,0.000004928585
0.468750000000,1.570312500000,0.000004710511
0.468750000000,1.593750000000,0.000004470950
0.468750000000,1.617187500000,0.000004210838
0.468750000000,1.640625000000,0.000003931229
0.468750000000,1.664062500000,0.000003633272
0.468750000000,1.687500000000,0.000003318226
0.468750000000,1.710937500000,0.000002987433
0.468750000000,1.734375000000,0.000002642333
0.468750000000,1.757812500000,0.000002284440
0.468750000000,1.781250000000,0.000001915337
0.468750000000,1.804687500000,0.000001536677
0.468750000000,1.828125000000,0.000001150167
0.468750000000,1.851562500000,0.000000757562
0.468750000000,1.875000000000,0.000000360654
0.468750000000,1.898437500000,-0.000000038733
0.468750000000,1.921875000000,-0.000000438759
0.468750000000,1.945312500000,-0.000000837567
0.468750000000,1.968750000000,-0.000001233304
0.468750000000,1.992187500000,-0.000001624120
0.468750000000,2.015625000000,-0.000002008187
0.468750000000,2.039062500000,-0.000002383700
0.468750000000,2.062500000000,-0.000002748890
0.468750000000,2.085937500000,-0.000003102035
0.468750000000,2.109375000000,-0.000003441464
0.468750000000,2.132812500000,-0.000003765570
0.468750000000,2.156250000000,-0.000004072813
0.468750000000,2.179687500000,-0.000004361736
0.468750000000,2.203125000000,-0.000004630959
0.468750000000,2.226562500000,-0.000004879205
0.468750000000,2.250000000000,-0.000005105287
0.468750000000,2.273437500000,-0.000005308127
0.468750000000,2.296875000000,-0.000005486755
0.468750000000,2.320312500000,-0.000005640319
0.468750000000,2.343750000000,-0.000005768084
0.468750000000,2.367187500000,-0.000005869439
0.468750000000,2.390625000000,-0.000005943898
0.468750000000,2.414062500000,-0.000005991108
0.468750000000,2.437500000000,-0.000006010840
0.468750000000,2.460937500000,-0.000006002998
0.468750000000,2.484375000000,-0.000005967624
0.468750000000,2.507812500000,-0.000005904883
0.468750000000,2.531250000000,-0.000005815075
0.468750000000,2.554687500000,-0.000005698631
0.468750000000,2.578125000000,-0.000005556106
0.468750000000,2.601562500000,-0.000005388178
0.468750000000,2.625000000000,-0.000005195648
0.468750000000,2.648437500000,-0.000004979433
0.468750000000,2.671875000000,-0.000004740561
0.468750000000,2.695312500000,-0.000004480167
0.468750000000,2.718750000000,-0.000004199489
0.468750000000,2.742187500000,-0.000003899855
0.468750000000,2.765625000000,-0.000003582684
0.468750000000,2.789062500000,-0.000003249475
0.468750000000,2.812500000000,-0.000002901800
0.468750000000,2.835937500000,-0.000002541299
0.468750000000,2.859375000000,-0.000002169663
0.468750000000,2.882812500000,-0.000001788639
0.468750000000,2.906250000000,-0.000001400008
0.468750000000,2.929687500000,-0.000001005586
0.468750000000,2.953125000000,-0.000000607210
0.468750000000,2.976562500000,-0.000000206731
0.468750000000,3.000000000000,0.000000000000
0.492187500000,0.000000000000,0.000000000000
0.492187500000,0.023437500000,-0.000000271382
0.492187500000,0.046875000000,-0.000000447479
0.492187500000,0.070312500000,-0.000000618293
0.492187500000,0.093750000000,-0.000000782338
0.492187500000,0.117187500000,-0.000000938174
0.492187500000,0.140625000000,-0.000001084416
0.492187500000,0.164062500000,-0.000001219745
0.492187500000,0.187500000000,-0.000001342911
0.492187500000,0.210937500000,-0.000001452751
0.492187500000,0.234375000000,-0.000001548183
0.492187500000,0.257812500000,-0.000001628219
0.492187500000,0.281250000000,-0.000001691976
0.492187500000,0.304687500000,-0.000001738669
0.492187500000,0.328125000000,-0.000001767631
0.492187500000,0.351562500000,-0.000001778299
0.492187500000,0.375000000000,-0.000001770239
0.492187500000,0.398437500000,-0.000001743130
0.492187500000,0.421875000000,-0.000001696776
0.492187500000,0.445312500000,-0.000001631106
0.492187500000,0.468750000000,-0.000001546173
0.492187500000,0.492187500000,-0.000001442153
0.492187500000,0.515625000000,-0.000001319348
0.492187500000,0.539062500000,-0.000001178186
0.492187500000,0.562500000000,-0.000001019210
0.492187500000,0.585937500000,-0.000000843081
0.492187500000,0.609375000000,-0.000000650576
0.492187500000,0.632812500000,-0.000000442584
0.492187500000,0.656250000000,-0.000000220095
0.492187500000,0.679687500000,0.000000015801
0.492187500000,0.703125000000,0.000000263917
0.492187500000,0.726562500000,0.000000522984
0.492187500000,0.750000000000,0.000000791646
0.492187500000,0.773437500000,0.000001068484
0.492187500000,0.796875000000,0.000001352005
0.492187500000,0.820312500000,0.000001640666
0.492187500000,0.843750000000,0.000001932874
0.492187500000,0.867187500000,0.000002226999
0.492187500000,0.890625000000,0.000002521379
0.492187500000,0.914062500000,0.000002814334
0.492187500000,0.937500000000,0.000003104173
0.492187500000,0.960937500000,0.000003389202
0.492187500000,0.984375000000,0.000003667740
0.492187500000,1.007812500000,0.000003938120
0.492187500000,1.031250000000,0.000004198703
0.492187500000,1.054687500000,0.000004447890
0.492187500000,1.078125000000,0.000004684125
0.492187500000,1.101562500000,0.000004905908
0.492187500000,1.125000000000,0.000005111803
0.492187500000,1.148437500000,0.000005300447
0.492187500000,1.171875000000,0.000005470553
0.492187500000,1.195312500000,0.000005620927
0.492187500000,1.218750000000,0.000005750464
0.492187500000,1.242187500000,0.000005858166
0.492187500000,1.265625000000,0.000005943138
0.492187500000,1.289062500000,0.000006004596
0.492187500000,1.312500000000,0.000006041879
0.492187500000,1.335937500000,0.000006054442
0.492187500000,1.359375000000,0.000006041869
0.492187500000,1.382812500000,0.000006003871
0.492187500000,1.406250000000,0.000005940289
0.492187500000,1.429687500000,0.000005851096
0.492187500000,1.453125000000,0.000005736396
0.492187500000,1.476562500000,0.000005596431
0.492187500000,1.500000000000,0.000005431566
0.492187500000,1.523437500000,0.000005242309
0.492187500000,1.546875000000,0.000005029284
0.492187500000,1.570312500000,0.000004793251
0.492187500000,1.593750000000,0.000004535090
0.492187500000,1.617187500000,0.000004255793
0.492187500000,1.640625000000,0.000003956478
0.492187500000,1.664062500000,0.000003638362
0.492187500000,1.687500000000,0.000003302770
0.492187500000,1.710937500000,0.000002951120
0.492187500000,1.734375000000,0.000002584921
0.492187500000,1.757812500000,0.000002205765
0.492187500000,1.781250000000,0.000001815316
0.492187500000,1.804687500000,0.000001415307
0.492187500000,1.828125000000,0.000001007525
0.492187500000,1.851562500000,0.000000593805
0.492187500000,1.875000000000,0.000000176025
0.492187500000,1.898437500000,-0.000000243912
0.492187500000,1.921875000000,-0.000000664080
0.492187500000,1.945312500000,-0.000001082545
0.492187500000,1.968750000000,-0.000001497369
0.492187500000,1.992187500000,-0.000001906628
0.492187500000,2.015625000000,-0.000002308412
0.492187500000,2.039062500000,-0.000002700845
0.492187500000,2.062500000000,-0.000003082084
0.492187500000,2.085937500000,-0.000003450338
0.492187500000,2.109375000000,-0.000003803869
0.492187500000,2.132812500000,-0.000004141008
0.492187500000,2.156250000000,-0.000004460157
0.492187500000,2.179687500000,-0.000004759800
0.492187500000,2.203125000000,-0.000005038515
0.492187500000,2.226562500000,-0.000005294970
0.492187500000,2.250000000000,-0.000005527944
0.492187500000,2.273437500000,-0.000005736320
0.492187500000,2.296875000000,-0.000005919099
0.492187500000,2.320312500000,-0.000006075405
0.492187500000,2.343750000000,-0.000006204482
0.492187500000,2.367187500000,-0.000006305704
0.492187500000,2.390625000000,-0.000006378583
0.492187500000,2.414062500000,-0.000006422755
0.492187500000,2.437500000000,-0.000006438000
0.492187500000,2.460937500000,-0.000006424235
0.492187500000,2.484375000000,-0.000006381509
0.492187500000,2.507812500000,-0.000006310014
0.492187500000,2.531250000000,-0.000006210078
0.492187500000,2.554687500000,-0.000006082161
0.492187500000,2.578125000000,-0.000005926854
0.492187500000,2.601562500000,-0.000005744883
0.492187500000,2.625000000000,-0.000005537098
0.492187500000,2.648437500000,-0.000005304465
0.492187500000,2.671875000000,-0.000005048072
0.492187500000,2.695312500000,-0.000004769119
0.492187500000,2.718750000000,-0.000004468906
0.492187500000,2.742187500000,-0.000004148833
0.492187500000,2.765625000000,-0.000003810395
0.492187500000,2.789062500000,-0.000003455168
0.492187500000,2.812500000000,-0.000003084803
0.492187500000,2.835937500000,-0.000002701022
0.492187500000,2.859375000000,-0.000002305606
0.492187500000,2.882812500000,-0.000001900382
0.492187500000,2.906250000000,-0.000001487226
0.492187500000,2.929687500000,-0.000001068040
0.492187500000,2.953125000000,-0.000000644752
0.492187500000,2.976562500000,-0.000000219303
0.492187500000,3.000000000000,0.000000000000
0.515625000000,0.000000000000,0.000000000000
0.515625000000,0.023437500000,-0.000000265568
0.515625000000,0.046875000000,-0.000000437518
0.515625000000,0.070312500000,-0.000000604109
0.515625000000,0.093750000000,-0.000000763827
0.515625000000,0.117187500000,-0.000000915209
0.515625000000,0.140625000000,-0.000001056848
0.515625000000,0.164062500000,-0.000001187404
0.515625000000,0.187500000000,-0.000001305611
0.515625000000,0.210937500000,-0.000001410283
0.515625000000,0.234375000000,-0.000001500330
0.515625000000,0.257812500000,-0.000001574752
0.515625000000,0.281250000000,-0.000001632650
0.515625000000,0.304687500000,-0.000001673242
0.515625000000,0.328125000000,-0.000001695852
0.515625000000,0.351562500000,-0.000001699921
0.515625000000,0.375000000000,-0.000001685017
0.515625000000,0.398437500000,-0.000001650823
0.515625000000,0.421875000000,-0.000001597153
0.515625000000,0.445312500000,-0.000001523951
0.515625000000,0.468750000000,-0.000001431285
0.515625000000,0.492187500000,-0.000001319349
0.515625000000,0.515625000000,-0.000001188469
0.515625000000,0.539062500000,-0.000001039096
0.515625000000,0.562500000000,-0.000000871799
0.515625000000,0.585937500000,-0.000000687277
0.515625000000,0.609375000000,-0.000000486337
0.515625000000,0.632812500000,-0.000000269900
0.515625000000,0.656250000000,-0.000000038998
0.515625000000,0.679687500000,0.000000205236
0.515625000000,0.703125000000,0.000000461579
0.515625000000,0.726562500000,0.000000728713
0.515625000000,0.750000000000,0.000001005240
0.515625000000,0.773437500000,0.000001289691
0.515625000000,0.796875000000,0.000001580530
0.515625000000,0.820312500000,0.000001876164
0.515625000000,0.843750000000,0.000002174950
0.515625000000,0.867187500000,0.000002475214
0.515625000000,0.890625000000,0.000002775242
0.515625000000,0.914062500000,0.000003073308
0.515625000000,0.937500000000,0.000003367676
0.515625000000,0.960937500000,0.000003656607
0.515625000000,0.984375000000,0.000003938373
0.515625000000,1.007812500000,0.000004211268
0.515625000000,1.031250000000,0.000004473613
0.515625000000,1.054687500000,0.000004723770
0.515625000000,1.078125000000,0.000004960149
0.515625000000,1.101562500000,0.000005181218
0.515625000000,1.125000000000,0.000005385513
0.515625000000,1.148437500000,0.000005571642
0.515625000000,1.171875000000,0.000005738301
0.515625000000,1.195312500000,0.000005884275
0.515625000000,1.218750000000,0.000006008446
0.515625000000,1.242187500000,0.000006109805
0.515625000000,1.265625000000,0.000006187450
0.515625000000,1.289062500000,0.000006240598
0.515625000000,1.312500000000,0.000006268590
0.515625000000,1.335937500000,0.000006270891
0.515625000000,1.359375000000,0.000006247093
0.515625000000,1.382812500000,0.000006196929
0.515625000000,1.406250000000,0.000006120258
0.515625000000,1.429687500000,0.000006017079
0.515625000000,1.453125000000,0.000005887529
0.515625000000,1.476562500000,0.000005731882
0.515625000000,1.500000000000,0.000005550548
0.515625000000,1.523437500000,0.000005344075
0.515625000000,1.546875000000,0.000005113137
0.515625000000,1.570312500000,0.000004858546
0.515625000000,1.593750000000,0.000004581236
0.515625000000,1.617187500000,0.000004282263
0.515625000000,1.640625000000,0.000003962803
0.515625000000,1.664062500000,0.000003624146
0.515625000000,1.687500000000,0.000003267678
0.515625000000,1.710937500000,0.000002894894
0.515625000000,1.734375000000,0.000002507377
0.515625000000,1.757812500000,0.000002106793
0.515625000000,1.781250000000,0.000001694885
0.515625000000,1.804687500000,0.000001273463
0.515625000000,1.828125000000,0.000000844396
0.515625000000,1.851562500000,0.000000409598
0.515625000000,1.875000000000,-0.000000028970
0.515625000000,1.898437500000,-0.000000469326
0.515625000000,1.921875000000,-0.000000909464
0.515625000000,1.945312500000,-0.000001347369
0.515625000000,1.968750000000,-0.000001781027
0.515625000000,1.992187500000,-0.000002208434
0.515625000000,2.015625000000,-0.000002627609
0.515625000000,2.039062500000,-0.000003036600
0.515625000000,2.062500000000,-0.000003433497
0.515625000000,2.085937500000,-0.000003816440
0.515625000000,2.109375000000,-0.000004183629
0.515625000000,2.132812500000,-0.000004533334
0.515625000000,2.156250000000,-0.000004863899
0.515625000000,2.179687500000,-0.000005173761
0.515625000000,2.203125000000,-0.000005461442
0.515625000000,2.226562500000,-0.000005725575
0.515625000000,2.250000000000,-0.000005964895
0.515625000000,2.273437500000,-0.000006178255
0.515625000000,2.296875000000,-0.000006364627
0.515625000000,2.320312500000,-0.000006523110
0.515625000000,2.343750000000,-0.000006652932
0.515625000000,2.367187500000,-0.000006753460
0.515625000000,2.390625000000,-0.000006824190
0.515625000000,2.414062500000,-0.000006864768
0.515625000000,2.437500000000,-0.000006874974
0.515625000000,2.460937500000,-0.000006854735
0.515625000000,2.484375000000,-0.000006804121
0.515625000000,2.507812500000,-0.000006723344
0.515625000000,2.531250000000,-0.000006612758
0.515625000000,2.554687500000,-0.000006472858
0.515625000000,2.578125000000,-0.000006304276
0.515625000000,2.601562500000,-0.000006107780
0.515625000000,2.625000000000,-0.000005884267
0.515625000000,2.648437500000,-0.000005634759
0.515625000000,2.671875000000,-0.000005360403
0.515625000000,2.695312500000,-0.000005062457
0.515625000000,2.718750000000,-0.000004742293
0.515625000000,2.742187500000,-0.000004401380
0.515625000000,2.765625000000,-0.000004041284
0.515625000000,2.789062500000,-0.000003663660
0.515625000000,2.812500000000,-0.000003270240
0.515625000000,2.835937500000,-0.000002862825
0.515625000000,2.859375000000,-0.000002443281
0.515625000000,2.882812500000,-0.000002013524
0.515625000000,2.906250000000,-0.000001575515
0.515625000000,2.929687500000,-0.000001131246
0.515625000000,2.953125000000,-0.000000682734
0.515625000000,2.976562500000,-0.000000232009
0.515625000000,3.000000000000,0.000000000000
0.539062500000,0.000000000000,0.000000000000
0.539062500000,0.023437500000,-0.000000257857
0.539062500000,0.046875000000,-0.000000424414
0.539062500000,0.070312500000,-0.000000585554
0.539062500000,0.093750000000,-0.000000739743
0.539062500000,0.117187500000,-0.000000885498
0.539062500000,0.140625000000,-0.000001021394
0.539062500000,0.164062500000,-0.000001146074
0.539062500000,0.187500000000,-0.000001258260
0.539062500000,0.210937500000,-0.000001356755
0.539062500000,0.234375000000,-0.000001440454
0.539062500000,0.257812500000,-0.000001508350
0.539062500000,0.281250000000,-0.000001559545
0.539062500000,0.304687500000,-0.000001593247
0.539062500000,0.328125000000,-0.000001608783
0.539062500000,0.351562500000,-0.000001605597
0.539062500000,0.375000000000,-0.000001583260
0.539062500000,0.398437500000,-0.000001541467
0.539062500000,0.421875000000,-0.000001480041
0.539062500000,0.445312500000,-0.000001398941
0.539062500000,0.468750000000,-0.000001298251
0.539062500000,0.492187500000,-0.000001178186
0.539062500000,0.515625000000,-0.000001039095
0.539062500000,0.539062500000,-0.000000881452
0.539062500000,0.562500000000,-0.000000705860
0.539062500000,0.585937500000,-0.000000513041
0.539062500000,0.609375000000,-0.000000303836
0.539062500000,0.632812500000,-0.000000079207
0.539062500000,0.656250000000,0.000000159781
0.539062500000,0.679687500000,0.000000411960
0.539062500000,0.703125000000,0.000000676059
0.539062500000,0.726562500000,0.000000950726
0.539062500000,0.750000000000,0.000001234516
0.539062500000,0.773437500000,0.000001525918
0.539062500000,0.796875000000,0.000001823350
0.539062500000,0.820312500000,0.000002125174
0.539062500000,0.843750000000,0.000002429707
0.539062500000,0.867187500000,0.000002735222
0.539062500000,0.890625000000,0.000003039969
0.539062500000,0.914062500000,0.000003342175
0.539062500000,0.937500000000,0.000003640061
0.539062500000,0.960937500000,0.000003931848
0.539062500000,0.984375000000,0.000004215770
0.539062500000,1.007812500000,0.000004490080
0.539062500000,1.031250000000,0.000004753066
0.539062500000,1.054687500000,0.000005003057
0.539062500000,1.078125000000,0.000005238432
0.539062500000,1.101562500000,0.000005457631
0.539062500000,1.125000000000,0.000005659166
0.539062500000,1.148437500000,0.000005841623
0.539062500000,1.171875000000,0.000006003682
0.539062500000,1.195312500000,0.000006144113
0.539062500000,1.218750000000,0.000006261788
0.539062500000,1.242187500000,0.000006355693
0.539062500000,1.265625000000,0.000006424923
0.539062500000,1.289062500000,0.000006468699
0.539062500000,1.312500000000,0.000006486366
0.539062500000,1.335937500000,0.000006477401
0.539062500000,1.359375000000,0.000006441413
0.539062500000,1.382812500000,0.000006378152
0.539062500000,1.406250000000,0.000006287505
0.539062500000,1.429687500000,0.000006169496
0.539062500000,1.453125000000,0.000006024299
0.539062500000,1.476562500000,0.000005852224
0.539062500000,1.500000000000,0.000005653721
0.539062500000,1.523437500000,0.000005429383
0.539062500000,1.546875000000,0.000005179939
0.539062500000,1.570312500000,0.000004906249
0.539062500000,1.593750000000,0.000004609306
0.539062500000,1.617187500000,0.000004290225
0.539062500000,1.640625000000,0.000003950249
0.539062500000,1.664062500000,0.000003590728
0.539062500000,1.687500000000,0.000003213123
0.539062500000,1.710937500000,0.000002818997
0.539062500000,1.734375000000,0.000002410006
0.539062500000,1.757812500000,0.000001987895
0.539062500000,1.781250000000,0.000001554479
0.539062500000,1.804687500000,0.000001111650
0.539062500000,1.828125000000,0.000000661350
0.539062500000,1.851562500000,0.000000205578
0.539062500000,1.875000000000,-0.000000253632
0.539062500000,1.898437500000,-0.000000714214
0.539062500000,1.921875000000,-0.000001174087
0.539062500000,1.945312500000,-0.000001631157
0.539062500000,1.968750000000,-0.000002083335
0.539062500000,1.992187500000,-0.000002528544
0.539062500000,2.015625000000,-0.000002964728
0.539062500000,2.039062500000,-0.000003389868
0.539062500000,2.062500000000,-0.000003801984
0.539062500000,2.085937500000,-0.000004199153
0.539062500000,2.109375000000,-0.000004579514
0.539062500000,2.132812500000,-0.000004941279
0.539062500000,2.156250000000,-0.000005282740
0.539062500000,2.179687500000,-0.000005602281
0.539062500000,2.203125000000,-0.000005898384
0.539062500000,2.226562500000,-0.000006169637
0.539062500000,2.250000000000,-0.000006414742
0.539062500000,2.273437500000,-0.000006632517
0.539062500000,2.296875000000,-0.000006821913
0.539062500000,2.320312500000,-0.000006982005
0.539062500000,2.343750000000,-0.000007112011
0.539062500000,2.367187500000,-0.000007211277
0.539062500000,2.390625000000,-0.000007279309
0.539062500000,2.414062500000,-0.000007315745
0.539062500000,2.437500000000,-0.000007320375
0.539062500000,2.460937500000,-0.000007293137
0.539062500000,2.484375000000,-0.000007234121
0.539062500000,2.507812500000,-0.000007143561
0.539062500000,2.531250000000,-0.000007021842
0.539062500000,2.554687500000,-0.000006869490
0.539062500000,2.578125000000,-0.000006687179
0.539062500000,2.601562500000,-0.000006475720
0.539062500000,2.625000000000,-0.000006236059
0.539062500000,2.648437500000,-0.000005969275
0.539062500000,2.671875000000,-0.000005676567
0.539062500000,2.695312500000,-0.000005359261
0.539062500000,2.718750000000,-0.000005018792
0.539062500000,2.742187500000,-0.000004656699
0.539062500000,2.765625000000,-0.000004274624
0.539062500000,2.789062500000,-0.000003874295
0.539062500000,2.812500000000,-0.000003457524
0.539062500000,2.835937500000,-0.000003026194
0.539062500000,2.859375000000,-0.000002582255
0.539062500000,2.882812500000,-0.000002127706
0.539062500000,2.906250000000,-0.000001664596
0.539062500000,2.929687500000,-0.000001195004
0.539062500000,2.953125000000,-0.000000721034
0.539062500000,2.976562500000,-0.000000244806
0.539062500000,3.000000000000,0.000000000000
0.562500000000,0.000000000000,0.000000000000
0.562500000000,0.023437500000,-0.000000248281
0.562500000000,0.046875000000,-0.000000408224
0.562500000000,0.070312500000,-0.000000562709
0.562500000000,0.093750000000,-0.000000710189
0.562500000000,0.117187500000,-0.000000849165
0.562500000000,0.140625000000,-0.000000978201
0.562500000000,0.164062500000,-0.000001095929
0.562500000000,0.187500000000,-0.000001201058
0.562500000000,0.210937500000,-0.000001292386
0.562500000000,0.234375000000,-0.000001368799
0.562500000000,0.257812500000,-0.000001429291
0.562500000000,0.281250000000,-0.000001472956
0.562500000000,0.304687500000,-0.000001499008
0.562500000000,0.328125000000,-0.000001506774
0.562500000000,0.351562500000,-0.000001495701
0.562500000000,0.375000000000,-0.000001465375
0.562500000000,0.398437500000,-0.000001415493
0.562500000000,0.421875000000,-0.000001345900
0.562500000000,0.445312500000,-0.000001256562
0.562500000000,0.468750000000,-0.000001147586
0.562500000000,0.492187500000,-0.000001019209
0.562500000000,0.515625000000,-0.000000871799
0.562500000000,0.539062500000,-0.000000705860
0.562500000000,0.562500000000,-0.000000522018
0.562500000000,0.585937500000,-0.000000321028
0.562500000000,0.609375000000,-0.000000103763
0.562500000000,0.632812500000,0.000000128783
0.562500000000,0.656250000000,0.000000375510
0.562500000000,0.679687500000,0.000000635211
0.562500000000,0.703125000000,0.000000906579
0.562500000000,0.726562500000,0.000001188218
0.562500000000,0.750000000000,0.000001478649
0.562500000000,0.773437500000,0.000001776314
0.562500000000,0.796875000000,0.000002079596
0.562500000000,0.820312500000,0.000002386813
0.562500000000,0.843750000000,0.000002696240
0.562500000000,0.867187500000,0.000003006110
0.562500000000,0.890625000000,0.000003314631
0.562500000000,0.914062500000,0.000003619994
0.562500000000,0.937500000000,0.000003920381
0.562500000000,0.960937500000,0.000004213974
0.562500000000,0.984375000000,0.000004498973
0.562500000000,1.007812500000,0.000004773600
0.562500000000,1.031250000000,0.000005036110
0.562500000000,1.054687500000,0.000005284803
0.562500000000,1.078125000000,0.000005518033
0.562500000000,1.101562500000,0.000005734217
0.562500000000,1.125000000000,0.000005931846
0.562500000000,1.148437500000,0.000006109492
0.562500000000,1.171875000000,0.000006265819
0.562500000000,1.195312500000,0.000006399588
0.562500000000,1.218750000000,0.000006509666
0.562500000000,1.242187500000,0.000006595035
0.562500000000,1.265625000000,0.000006654794
0.562500000000,1.289062500000,0.000006688169
0.562500000000,1.312500000000,0.000006694517
0.562500000000,1.335937500000,0.000006673325
0.562500000000,1.359375000000,0.000006624226
0.562500000000,1.382812500000,0.000006546989
0.562500000000,1.406250000000,0.000006441526
0.562500000000,1.429687500000,0.000006307902
0.562500000000,1.453125000000,0.000006146317
0.562500000000,1.476562500000,0.000005957121
0.562500000000,1.500000000000,0.000005740813
0.562500000000,1.523437500000,0.000005498027
0.562500000000,1.546875000000,0.000005229547
0.562500000000,1.570312500000,0.000004936283
0.562500000000,1.593750000000,0.000004619289
0.562500000000,1.617187500000,0.000004279742
0.562500000000,1.640625000000,0.000003918943
0.562500000000,1.664062500000,0.000003538313
0.562500000000,1.687500000000,0.000003139379
0.562500000000,1.710937500000,0.000002723777
0.562500000000,1.734375000000,0.000002293233
0.562500000000,1.757812500000,0.000001849567
0.562500000000,1.781250000000,0.000001394670
0.562500000000,1.804687500000,0.000000930506
0.562500000000,1.828125000000,0.000000459101
0.562500000000,1.851562500000,-0.000000017474
0.562500000000,1.875000000000,-0.000000497106
0.562500000000,1.898437500000,-0.000000977656
0.562500000000,1.921875000000,-0.000001456962
0.562500000000,1.945312500000,-0.000001932859
0.562500000000,1.968750000000,-0.000002403184
0.562500000000,1.992187500000,-0.000002865786
0.562500000000,2.015625000000,-0.000003318544
0.562500000000,2.039062500000,-0.000003759367
0.562500000000,2.062500000000,-0.000004186215
0.562500000000,2.085937500000,-0.000004597101
0.562500000000,2.109375000000,-0.000004990106
0.562500000000,2.132812500000,-0.000005363386
0.562500000000,2.156250000000,-0.000005715187
0.562500000000,2.179687500000,-0.000006043842
0.562500000000,2.203125000000,-0.000006347792
0.562500000000,2.226562500000,-0.000006625587
0.562500000000,2.250000000000,-0.000006875895
0.562500000000,2.273437500000,-0.000007097507
0.562500000000,2.296875000000,-0.000007289349
0.562500000000,2.320312500000,-0.000007450482
0.562500000000,2.343750000000,-0.000007580103
0.562500000000,2.367187500000,-0.000007677560
0.562500000000,2.390625000000,-0.000007742348
0.562500000000,2.414062500000,-0.000007774111
0.562500000000,2.437500000000,-0.000007772650
0.562500000000,2.460937500000,-0.000007737915
0.562500000000,2.484375000000,-0.000007670014
0.562500000000,2.507812500000,-0.000007569208
0.562500000000,2.531250000000,-0.000007435910
0.562500000000,2.554687500000,-0.000007270683
0.562500000000,2.578125000000,-0.000007074238
0.562500000000,2.601562500000,-0.000006847432
0.562500000000,2.625000000000,-0.000006591259
0.562500000000,2.648437500000,-0.000006306852
0.562500000000,2.671875000000,-0.000005995472
0.562500000000,2.695312500000,-0.000005658503
0.562500000000,2.718750000000,-0.000005297445
0.562500000000,2.742187500000,-0.000004913909
0.562500000000,2.765625000000,-0.000004509607
0.562500000000,2.789062500000,-0.000004086345
0.562500000000,2.812500000000,-0.000003646009
0.562500000000,2.835937500000,-0.000003190567
0.562500000000,2.859375000000,-0.000002722047
0.562500000000,2.882812500000,-0.000002242535
0.562500000000,2.906250000000,-0.000001754160
0.562500000000,2.929687500000,-0.000001259092
0.562500000000,2.953125000000,-0.000000759520
0.562500000000,2.976562500000,-0.000000257649
0.562500000000,3.000000000000,0.000000000000
0.585937500000,0.000000000000,0.000000000000
0.585937500000,0.023437500000,-0.000000236884
0.585937500000,0.046875000000,-0.000000389018
0.585937500000,0.070312500000,-0.000000535675
0.585937500000,0.093750000000,-0.000000675295
0.585937500000,0.117187500000,-0.000000806374
0.585937500000,0.140625000000,-0.000000927464
0.585937500000,0.164062500000,-0.000001037191
0.585937500000,0.187500000000,-0.000001134259
0.585937500000,0.210937500000,-0.000001217463
0.585937500000,0.234375000000,-0.000001285685
0.585937500000,0.257812500000,-0.000001337921
0.585937500000,0.281250000000,-0.000001373266
0.585937500000,0.304687500000,-0.000001390936
0.585937500000,0.328125000000,-0.000001390265
0.585937500000,0.351562500000,-0.000001370712
0.585937500000,0.375000000000,-0.000001331864
0.585937500000,0.398437500000,-0.000001273441
0.585937500000,0.421875000000,-0.000001195296
0.585937500000,0.445312500000,-0.000001097417
0.585937500000,0.468750000000,-0.000000979924
0.585937500000,0.492187500000,-0.000000843081
0.585937500000,0.515625000000,-0.000000687277
0.585937500000,0.539062500000,-0.000000513040
0.585937500000,0.562500000000,-0.000000321028
0.585937500000,0.585937500000,-0.000000112020
0.585937500000,0.609375000000,0.000000113074
0.585937500000,0.632812500000,0.000000353233
0.585937500000,0.656250000000,0.000000607322
0.585937500000,0.679687500000,0.000000874097
0.585937500000,0.703125000000,0.000001152216
0.585937500000,0.726562500000,0.000001440249
0.585937500000,0.750000000000,0.000001736674
0.585937500000,0.773437500000,0.000002039902
0.585937500000,0.796875000000,0.000002348270
0.585937500000,0.820312500000,0.000002660065
0.585937500000,0.843750000000,0.000002973520
0.585937500000,0.867187500000,0.000003286836
0.585937500000,0.890625000000,0.000003598181
0.585937500000,0.914062500000,0.000003905712
0.585937500000,0.937500000000,0.000004207575
0.585937500000,0.960937500000,0.000004501924
0.585937500000,0.984375000000,0.000004786926
0.585937500000,1.007812500000,0.000005060773
0.585937500000,1.031250000000,0.000005321696
0.585937500000,1.054687500000,0.000005567970
0.585937500000,1.078125000000,0.000005797928
0.585937500000,1.101562500000,0.000006009969
0.585937500000,1.125000000000,0.000006202567
0.585937500000,1.148437500000,0.000006374284
0.585937500000,1.171875000000,0.000006523773
0.585937500000,1.195312500000,0.000006649791
0.585937500000,1.218750000000,0.000006751202
0.585937500000,1.242187500000,0.000006826991
0.585937500000,1.265625000000,0.000006876263
0.585937500000,1.289062500000,0.000006898251
0.585937500000,1.312500000000,0.000006892331
0.585937500000,1.335937500000,0.000006858004
0.585937500000,1.359375000000,0.000006794925
0.585937500000,1.382812500000,0.000006702886
0.585937500000,1.406250000000,0.000006581836
0.585937500000,1.429687500000,0.000006431863
0.585937500000,1.453125000000,0.000006253213
0.585937500000,1.476562500000,0.000006046275
0.585937500000,1.500000000000,0.000005811591
0.585937500000,1.523437500000,0.000005549845
0.585937500000,1.546875000000,0.000005261870
0.585937500000,1.570312500000,0.000004948635
0.585937500000,1.593750000000,0.000004611250
0.585937500000,1.617187500000,0.000004250951
0.585937500000,1.640625000000,0.000003869107
0.585937500000,1.664062500000,0.000003467198
0.585937500000,1.687500000000,0.000003046825
0.585937500000,1.710937500000,0.000002609691
0.585937500000,1.734375000000,0.000002157595
0.585937500000,1.757812500000,0.000001692424
0.585937500000,1.781250000000,0.000001216151
0.585937500000,1.804687500000,0.000000730810
0.585937500000,1.828125000000,0.000000238502
0.585937500000,1.851562500000,-0.000000258629
0.585937500000,1.875000000000,-0.000000758393
0.585937500000,1.898437500000,-0.000001258575
0.585937500000,1.921875000000,-0.000001756944
0.585937500000,1.945312500000,-0.000002251262
0.585937500000,1.968750000000,-0.000002739293
0.585937500000,1.992187500000,-0.000003218821
0.585937500000,2.015625000000,-0.000003687655
0.585937500000,2.039062500000,-0.000004143643
0.585937500000,2.062500000000,-0.000004584681
0.585937500000,2.085937500000,-0.000005008726
0.585937500000,2.109375000000,-0.000005413803
0.585937500000,2.132812500000,-0.000005798017
0.585937500000,2.156250000000,-0.000006159564
0.585937500000,2.179687500000,-0.000006496736
0.585937500000,2.203125000000,-0.000006807932
0.585937500000,2.226562500000,-0.000007091670
0.585937500000,2.250000000000,-0.000007346586
0.585937500000,2.273437500000,-0.000007571444
0.585937500000,2.296875000000,-0.000007765151
0.585937500000,2.320312500000,-0.000007926748
0.585937500000,2.343750000000,-0.000008055428
0.585937500000,2.367187500000,-0.000008150529
0.585937500000,2.390625000000,-0.000008211547
0.585937500000,2.414062500000,-0.000008238127
0.585937500000,2.437500000000,-0.000008230084
0.585937500000,2.460937500000,-0.000008187384
0.585937500000,2.484375000000,-0.000008110153
0.585937500000,2.507812500000,-0.000007998677
0.585937500000,2.531250000000,-0.000007853399
0.585937500000,2.554687500000,-0.000007674921
0.585937500000,2.578125000000,-0.000007463991
0.585937500000,2.601562500000,-0.000007221512
0.585937500000,2.625000000000,-0.000006948529
0.585937500000,2.648437500000,-0.000006646223
0.585937500000,2.671875000000,-0.000006315920
0.585937500000,2.695312500000,-0.000005959057
0.585937500000,2.718750000000,-0.000005577207
0.585937500000,2.742187500000,-0.000005172044
0.585937500000,2.765625000000,-0.000004745353
0.585937500000,2.789062500000,-0.000004299014
0.585937500000,2.812500000000,-0.000003834991
0.585937500000,2.835937500000,-0.000003355328
0.585937500000,2.859375000000,-0.000002862134
0.585937500000,2.882812500000,-0.000002357578
0.585937500000,2.906250000000,-0.000001843873
0.585937500000,2.929687500000,-0.000001323270
0.585937500000,2.953125000000,-0.000000798045
0.585937500000,2.976562500000,-0.000000270488
0.585937500000,3.000000000000,0.000000000000
0.609375000000,0.000000000000,0.000000000000
0.609375000000,0.023437500000,-0.000000223718
0.609375000000,0.046875000000,-0.000000366888
0.609375000000,0.070312500000,-0.000000504579
0.609375000000,0.093750000000,-0.000000635228
0.609375000000,0.117187500000,-0.000000757323
0.609375000000,0.140625000000,-0.000000869418
0.609375000000,0.164062500000,-0.000000970133
0.609375000000,0.187500000000,-0.000001058172
0.609375000000,0.210937500000,-0.000001132330
0.609375000000,0.234375000000,-0.000001191493
0.609375000000,0.257812500000,-0.000001234659
0.609375000000,0.281250000000,-0.000001260928
0.609375000000,0.304687500000,-0.000001269522
0.609375000000,0.328125000000,-0.000001259786
0.609375000000,0.351562500000,-0.000001231189
0.609375000000,0.375000000000,-0.000001183332
0.609375000000,0.398437500000,-0.000001115948
0.609375000000,0.421875000000,-0.000001028904
0.609375000000,0.445312500000,-0.000000922210
0.609375000000,0.468750000000,-0.000000796006
0.609375000000,0.492187500000,-0.000000650577
0.609375000000,0.515625000000,-0.000000486336
0.609375000000,0.539062500000,-0.000000303837
0.609375000000,0.562500000000,-0.000000103763
0.609375000000,0.585937500000,0.000000113075
0.609375000000,0.609375000000,0.000000345742
0.609375000000,0.632812500000,0.000000593180
0.609375000000,0.656250000000,0.000000854226
0.609375000000,0.679687500000,0.000001127601
0.609375000000,0.703125000000,0.000001411933
0.609375000000,0.726562500000,0.000001705753
0.609375000000,0.750000000000,0.000002007508
0.609375000000,0.773437500000,0.000002315573
0.609375000000,0.796875000000,0.000002628254
0.609375000000,0.820312500000,0.000002943796
0.609375000000,0.843750000000,0.000003260405
0.609375000000,0.867187500000,0.000003576246
0.609375000000,0.890625000000,0.000003889457
0.609375000000,0.914062500000,0.000004198162
0.609375000000,0.937500000000,0.000004500480
0.609375000000,0.960937500000,0.000004794535
0.609375000000,0.984375000000,0.000005078468
0.609375000000,1.007812500000,0.000005350450
0.609375000000,1.031250000000,0.000005608687
0.609375000000,1.054687500000,0.000005851436
0.609375000000,1.078125000000,0.000006077014
0.609375000000,1.101562500000,0.000006283805
0.609375000000,1.125000000000,0.000006470274
0.609375000000,1.148437500000,0.000006634972
0.609375000000,1.171875000000,0.000006776551
0.609375000000,1.195312500000,0.000006893764
0.609375000000,1.218750000000,0.000006985481
0.609375000000,1.242187500000,0.000007050689
0.609375000000,1.265625000000,0.000007088505
0.609375000000,1.289062500000,0.000007098175
0.609375000000,1.312500000000,0.000007079088
0.609375000000,1.335937500000,0.000007030771
0.609375000000,1.359375000000,0.000006952902
0.609375000000,1.382812500000,0.000006845303
0.609375000000,1.406250000000,0.000006707951
0.609375000000,1.429687500000,0.000006540974
0.609375000000,1.453125000000,0.000006344653
0.609375000000,1.476562500000,0.000006119422
0.609375000000,1.500000000000,0.000005865870
0.609375000000,1.523437500000,0.000005584729
0.609375000000,1.546875000000,0.000005276884
0.609375000000,1.570312500000,0.000004943361
0.609375000000,1.593750000000,0.000004585324
0.609375000000,1.617187500000,0.000004204077
0.609375000000,1.640625000000,0.000003801044
0.609375000000,1.664062500000,0.000003377777
0.609375000000,1.687500000000,0.000002935940
0.609375000000,1.710937500000,0.000002477305
0.609375000000,1.734375000000,0.000002003740
0.609375000000,1.757812500000,0.000001517208
0.609375000000,1.781250000000,0.000001019744
0.609375000000,1.804687500000,0.000000513466
0.609375000000,1.828125000000,0.000000000539
0.609375000000,1.851562500000,-0.000000516817
0.609375000000,1.875000000000,-0.000001036340
0.609375000000,1.898437500000,-0.000001555747
0.609375000000,1.921875000000,-0.000002072734
0.609375000000,1.945312500000,-0.000002584993
0.609375000000,1.968750000000,-0.000003090224
0.609375000000,1.992187500000,-0.000003586143
0.609375000000,2.015625000000,-0.000004070496
0.609375000000,2.039062500000,-0.000004541071
0.609375000000,2.062500000000,-0.000004995706
0.609375000000,2.085937500000,-0.000005432302
0.609375000000,2.109375000000,-0.000005848834
0.609375000000,2.132812500000,-0.000006243357
0.609375000000,2.156250000000,-0.000006614022
0.609375000000,2.179687500000,-0.000006959082
0.609375000000,2.203125000000,-0.000007276901
0.609375000000,2.226562500000,-0.000007565960
0.609375000000,2.250000000000,-0.000007824872
0.609375000000,2.273437500000,-0.000008052377
0.609375000000,2.296875000000,-0.000008247360
0.609375000000,2.320312500000,-0.000008408854
0.609375000000,2.343750000000,-0.000008536038
0.609375000000,2.367187500000,-0.000008628249
0.609375000000,2.390625000000,-0.000008684984
0.609375000000,2.414062500000,-0.000008705900
0.609375000000,2.437500000000,-0.000008690815
0.609375000000,2.460937500000,-0.000008639713
0.609375000000,2.484375000000,-0.000008552744
0.609375000000,2.507812500000,-0.000008430220
0.609375000000,2.531250000000,-0.000008272615
0.609375000000,2.554687500000,-0.000008080563
0.609375000000,2.578125000000,-0.000007854860
0.609375000000,2.601562500000,-0.000007596447
0.609375000000,2.625000000000,-0.000007306421
0.609375000000,2.648437500000,-0.000006986016
0.609375000000,2.671875000000,-0.000006636611
0.609375000000,2.695312500000,-0.000006259711
0.609375000000,2.718750000000,-0.000005856947
0.609375000000,2.742187500000,-0.000005430062
0.609375000000,2.765625000000,-0.000004980911
0.609375000000,2.789062500000,-0.000004511445
0.609375000000,2.812500000000,-0.000004023703
0.609375000000,2.835937500000,-0.000003519809
0.609375000000,2.859375000000,-0.000003001949
0.609375000000,2.882812500000,-0.000002472370
0.609375000000,2.906250000000,-0.000001933368
0.609375000000,2.929687500000,-0.000001387276
0.609375000000,2.953125000000,-0.000000836452
0.609375000000,2.976562500000,-0.000000283268
0.609375000000,3.000000000000,0.000000000000
0.632812500000,0.000000000000,0.000000000000
0.632812500000,0.023437500000,-0.000000208848
0.632812500000,0.046875000000,-0.000000341939
0.632812500000,0.070312500000,-0.000000469570
0.632812500000,0.093750000000,-0.000000590178
0.632812500000,0.117187500000,-0.000000702250
0.632812500000,0.140625000000,-0.000000804341
0.632812500000,0.164062500000,-0.000000895074
0.632812500000,0.187500000000,-0.000000973161
0.632812500000,0.210937500000,-0.000001037393
0.632812500000,0.234375000000,-0.000001086670
0.632812500000,0.257812500000,-0.000001119991
0.632812500000,0.281250000000,-0.000001136470
0.632812500000,0.304687500000,-0.000001135339
0.632812500000,0.328125000000,-0.000001115951
0.632812500000,0.351562500000,-0.000001077790
0.632812500000,0.375000000000,-0.000001020471
0.632812500000,0.398437500000,-0.000000943745
0.632812500000,0.421875000000,-0.000000847497
0.632812500000,0.445312500000,-0.000000731754
0.632812500000,0.468750000000,-0.000000596683
0.632812500000,0.492187500000,-0.000000442583
0.632812500000,0.515625000000,-0.000000269901
0.632812500000,0.539062500000,-0.000000079207
0.632812500000,0.562500000000,0.000000128782
0.632812500000,0.585937500000,0.000000353233
0.632812500000,0.609375000000,0.000000593180
0.632812500000,0.632812500000,0.000000847539
0.632812500000,0.656250000000,0.000001115110
0.632812500000,0.679687500000,0.000001394588
0.632812500000,0.703125000000,0.000001684568
0.632812500000,0.726562500000,0.000001983549
0.632812500000,0.750000000000,0.000002289950
0.632812500000,0.773437500000,0.000002602112
0.632812500000,0.796875000000,0.000002918308
0.632812500000,0.820312500000,0.000003236759
0.632812500000,0.843750000000,0.000003555637
0.632812500000,0.867187500000,0.000003873077
0.632812500000,0.890625000000,0.000004187191
0.632812500000,0.914062500000,0.000004496077
0.632812500000,0.937500000000,0.000004797829
0.632812500000,0.960937500000,0.000005090546
0.632812500000,0.984375000000,0.000005372351
0.632812500000,1.007812500000,0.000005641392
0.632812500000,1.031250000000,0.000005895861
0.632812500000,1.054687500000,0.000006134000
0.632812500000,1.078125000000,0.000006354112
0.632812500000,1.101562500000,0.000006554575
0.632812500000,1.125000000000,0.000006733845
0.632812500000,1.148437500000,0.000006890472
0.632812500000,1.171875000000,0.000007023107
0.632812500000,1.195312500000,0.000007130506
0.632812500000,1.218750000000,0.000007211543
0.632812500000,1.242187500000,0.000007265218
0.632812500000,1.265625000000,0.000007290663
0.632812500000,1.289062500000,0.000007287137
0.632812500000,1.312500000000,0.000007254051
0.632812500000,1.335937500000,0.000007190957
0.632812500000,1.359375000000,0.000007097556
0.632812500000,1.382812500000,0.000006973705
0.632812500000,1.406250000000,0.000006819414
0.632812500000,1.429687500000,0.000006634847
0.632812500000,1.453125000000,0.000006420329
0.632812500000,1.476562500000,0.000006176338
0.632812500000,1.500000000000,0.000005903506
0.632812500000,1.523437500000,0.000005602621
0.632812500000,1.546875000000,0.000005274615
0.632812500000,1.570312500000,0.000004920575
0.632812500000,1.593750000000,0.000004541723
0.632812500000,1.617187500000,0.000004139416
0.632812500000,1.640625000000,0.000003715149
0.632812500000,1.664062500000,0.000003270533
0.632812500000,1.687500000000,0.000002807298
0.632812500000,1.710937500000,0.000002327284
0.632812500000,1.734375000000,0.000001832431
0.632812500000,1.757812500000,0.000001324764
0.632812500000,1.781250000000,0.000000806395
0.632812500000,1.804687500000,0.000000279504
0.632812500000,1.828125000000,-0.000000253670
0.632812500000,1.851562500000,-0.000000790836
0.632812500000,1.875000000000,-0.000001329666
0.632812500000,1.898437500000,-0.000001867807
0.632812500000,1.921875000000,-0.000002402887
0.632812500000,1.945312500000,-0.000002932535
0.632812500000,1.968750000000,-0.000003454385
0.632812500000,1.992187500000,-0.000003966092
0.632812500000,2.015625000000,-0.000004465343
0.632812500000,2.039062500000,-0.000004949867
0.632812500000,2.062500000000,-0.000005417449
0.632812500000,2.085937500000,-0.000005865938
0.632812500000,2.109375000000,-0.000006293259
0.632812500000,2.132812500000,-0.000006697426
0.632812500000,2.156250000000,-0.000007076546
0.632812500000,2.179687500000,-0.000007428835
0.632812500000,2.203125000000,-0.000007752624
0.632812500000,2.226562500000,-0.000008046366
0.632812500000,2.250000000000,-0.000008308646
0.632812500000,2.273437500000,-0.000008538187
0.632812500000,2.296875000000,-0.000008733858
0.632812500000,2.320312500000,-0.000008894680
0.632812500000,2.343750000000,-0.000009019826
0.632812500000,2.367187500000,-0.000009108631
0.632812500000,2.390625000000,-0.000009160596
0.632812500000,2.414062500000,-0.000009175385
0.632812500000,2.437500000000,-0.000009152828
0.632812500000,2.460937500000,-0.000009092929
0.632812500000,2.484375000000,-0.000008995860
0.632812500000,2.507812500000,-0.000008861958
0.632812500000,2.531250000000,-0.000008691732
0.632812500000,2.554687500000,-0.000008485849
0.632812500000,2.578125000000,-0.000008245145
0.632812500000,2.601562500000,-0.000007970609
0.632812500000,2.625000000000,-0.000007663381
0.632812500000,2.648437500000,-0.000007324754
0.632812500000,2.671875000000,-0.000006956159
0.632812500000,2.695312500000,-0.000006559160
0.632812500000,2.718750000000,-0.000006135451
0.632812500000,2.742187500000,-0.000005686843
0.632812500000,2.765625000000,-0.000005215257
0.632812500000,2.789062500000,-0.000004722715
0.632812500000,2.812500000000,-0.000004211332
0.632812500000,2.835937500000,-0.000003683300
0.632812500000,2.859375000000,-0.000003140886
0.632812500000,2.882812500000,-0.000002586415
0.632812500000,2.906250000000,-0.000002022261
0.632812500000,2.929687500000,-0.000001450835
0.632812500000,2.953125000000,-0.000000874575
0.632812500000,2.976562500000,-0.000000295934
0.632812500000,3.000000000000,0.000000000000
0.656250000000,0.000000000000,0.000000000000
0.656250000000,0.023437500000,-0.000000192344
0.656250000000,0.046875000000,-0.000000314294
0.656250000000,0.070312500000,-0.000000430820
0.656250000000,0.093750000000,-0.000000540364
0.656250000000,0.117187500000,-0.000000641420
0.656250000000,0.140625000000,-0.000000732549
0.656250000000,0.164062500000,-0.000000812382
0.656250000000,0.187500000000,-0.000000879636
0.656250000000,0.210937500000,-0.000000933115
0.656250000000,0.234375000000,-0.000000971724
0.656250000000,0.257812500000,-0.000000994477
0.656250000000,0.281250000000,-0.000001000500
0.656250000000,0.304687500000,-0.000000989034
0.656250000000,0.328125000000,-0.000000959452
0.656250000000,0.351562500000,-0.000000911250
0.656250000000,0.375000000000,-0.000000844064
0.656250000000,0.398437500000,-0.000000757659
0.656250000000,0.421875000000,-0.000000651943
0.656250000000,0.445312500000,-0.000000526964
0.656250000000,0.468750000000,-0.000000382903
0.656250000000,0.492187500000,-0.000000220094
0.656250000000,0.515625000000,-0.000000038999
0.656250000000,0.539062500000,0.000000159781
0.656250000000,0.562500000000,0.000000375510
0.656250000000,0.585937500000,0.000000607323
0.656250000000,0.609375000000,0.000000854226
0.656250000000,0.632812500000,0.000001115109
0.656250000000,0.656250000000,0.000001388746
0.656250000000,0.679687500000,0.000001673802
0.656250000000,0.703125000000,0.000001968842
0.656250000000,0.726562500000,0.000002272339
0.656250000000,0.750000000000,0.000002582682
0.656250000000,0.773437500000,0.000002898182
0.656250000000,0.796875000000,0.000003217092
0.656250000000,0.820312500000,0.000003537598
0.656250000000,0.843750000000,0.000003857850
0.656250000000,0.867187500000,0.000004175960
0.656250000000,0.890625000000,0.000004490015
0.656250000000,0.914062500000,0.000004798091
0.656250000000,0.937500000000,0.000005098261
0.656250000000,0.960937500000,0.000005388608
0.656250000000,0.984375000000,0.000005667236
0.656250000000,1.007812500000,0.000005932280
0.656250000000,1.031250000000,0.000006181919
0.656250000000,1.054687500000,0.000006414386
0.656250000000,1.078125000000,0.000006627978
0.656250000000,1.101562500000,0.000006821065
0.656250000000,1.125000000000,0.000006992105
0.656250000000,1.148437500000,0.000007139649
0.656250000000,1.171875000000,0.000007262348
0.656250000000,1.195312500000,0.000007358970
0.656250000000,1.218750000000,0.000007428400
0.656250000000,1.242187500000,0.000007469648
0.656250000000,1.265625000000,0.000007481863
0.656250000000,1.289062500000,0.000007464329
0.656250000000,1.312500000000,0.000007416474
0.656250000000,1.335937500000,0.000007337882
0.656250000000,1.359375000000,0.000007228282
0.656250000000,1.382812500000,0.000007087566
0.656250000000,1.406250000000,0.000006915776
0.656250000000,1.429687500000,0.000006713121
0.656250000000,1.453125000000,0.000006479965
0.656250000000,1.476562500000,0.000006216832
0.656250000000,1.500000000000,0.000005924402
0.656250000000,1.523437500000,0.000005603513
0.656250000000,1.546875000000,0.000005255153
0.656250000000,1.570312500000,0.000004880463
0.656250000000,1.593750000000,0.000004480719
0.656250000000,1.617187500000,0.000004057345
0.656250000000,1.640625000000,0.000003611890
0.656250000000,1.664062500000,0.000003146034
0.656250000000,1.687500000000,0.000002661568
0.656250000000,1.710937500000,0.000002160400
0.656250000000,1.734375000000,0.000001644530
0.656250000000,1.757812500000,0.000001116056
0.656250000000,1.781250000000,0.000000577154
0.656250000000,1.804687500000,0.000000030072
0.656250000000,1.828125000000,-0.000000522883
0.656250000000,1.851562500000,-0.000001079354
0.656250000000,1.875000000000,-0.000001636950
0.656250000000,1.898437500000,-0.000002193249
0.656250000000,1.921875000000,-0.000002745819
0.656250000000,1.945312500000,-0.000003292224
0.656250000000,1.968750000000,-0.000003830039
0.656250000000,1.992187500000,-0.000004356862
0.656250000000,2.015625000000,-0.000004870322
0.656250000000,2.039062500000,-0.000005368096
0.656250000000,2.062500000000,-0.000005847917
0.656250000000,2.085937500000,-0.000006307588
0.656250000000,2.109375000000,-0.000006744988
0.656250000000,2.132812500000,-0.000007158089
0.656250000000,2.156250000000,-0.000007544963
0.656250000000,2.179687500000,-0.000007903792
0.656250000000,2.203125000000,-0.000008232875
0.656250000000,2.226562500000,-0.000008530638
0.656250000000,2.250000000000,-0.000008795649
0.656250000000,2.273437500000,-0.000009026610
0.656250000000,2.296875000000,-0.000009222380
0.656250000000,2.320312500000,-0.000009381966
0.656250000000,2.343750000000,-0.000009504541
0.656250000000,2.367187500000,-0.000009589441
0.656250000000,2.390625000000,-0.000009636170
0.656250000000,2.414062500000,-0.000009644400
0.656250000000,2.437500000000,-0.000009613983
0.656250000000,2.460937500000,-0.000009544933
0.656250000000,2.484375000000,-0.000009437448
0.656250000000,2.507812500000,-0.000009291894
0.656250000000,2.531250000000,-0.000009108810
0.656250000000,2.554687500000,-0.000008888903
0.656250000000,2.578125000000,-0.000008633043
0.656250000000,2.601562500000,-0.000008342267
0.656250000000,2.625000000000,-0.000008017763
0.656250000000,2.648437500000,-0.000007660873
0.656250000000,2.671875000000,-0.000007273087
0.656250000000,2.695312500000,-0.000006856023
0.656250000000,2.718750000000,-0.000006411438
0.656250000000,2.742187500000,-0.000005941205
0.656250000000,2.765625000000,-0.000005447313
0.656250000000,2.789062500000,-0.000004931853
0.656250000000,2.812500000000,-0.000004397008
0.656250000000,2.835937500000,-0.000003845046
0.656250000000,2.859375000000,-0.000003278305
0.656250000000,2.882812500000,-0.000002699186
0.656250000000,2.906250000000,-0.000002110138
0.656250000000,2.929687500000,-0.000001513650
0.656250000000,2.953125000000,-0.000000912236
0.656250000000,2.976562500000,-0.000000308426
0.656250000000,3.000000000000,0.000000000000
0.679687500000,0.000000000000,0.000000000000
0.679687500000,0.023437500000,-0.000000174290
0.679687500000,0.046875000000,-0.000000284089
0.679687500000,0.070312500000,-0.000000388520
0.679687500000,0.093750000000,-0.000000486034
0.679687500000,0.117187500000,-0.000000575137
0.679687500000,0.140625000000,-0.000000654399
0.679687500000,0.164062500000,-0.000000722465
0.679687500000,0.187500000000,-0.000000778061
0.679687500000,0.210937500000,-0.000000820008
0.679687500000,0.234375000000,-0.000000847224
0.679687500000,0.257812500000,-0.000000858736
0.679687500000,0.281250000000,-0.000000853683
0.679687500000,0.304687500000,-0.000000831331
0.679687500000,0.328125000000,-0.000000791061
0.679687500000,0.351562500000,-0.000000732394
0.679687500000,0.375000000000,-0.000000654980
0.679687500000,0.398437500000,-0.000000558608
0.679687500000,0.421875000000,-0.000000443204
0.679687500000,0.445312500000,-0.000000308841
0.679687500000,0.468750000000,-0.000000155721
0.679687500000,0.492187500000,0.000000015801
0.679687500000,0.515625000000,0.000000205236
0.679687500000,0.539062500000,0.000000411962
0.679687500000,0.562500000000,0.000000635210
0.679687500000,0.585937500000,0.000000874097
0.679687500000,0.609375000000,0.000001127601
0.679687500000,0.632812500000,0.000001394588
0.679687500000,0.656250000000,0.000001673802
0.679687500000,0.679687500000,0.000001963884
0.679687500000,0.703125000000,0.000002263374
0.679687500000,0.726562500000,0.000002570718
0.679687500000,0.750000000000,0.000002884281
0.679687500000,0.773437500000,0.000003202351
0.679687500000,0.796875000000,0.000003523151
0.679687500000,0.820312500000,0.000003844856
0.679687500000,0.843750000000,0.000004165585
0.679687500000,0.867187500000,0.000004483432
0.679687500000,0.890625000000,0.000004796467
0.679687500000,0.914062500000,0.000005102747
0.679687500000,0.937500000000,0.000005400330
0.679687500000,0.960937500000,0.000005687286
0.679687500000,0.984375000000,0.000005961707
0.679687500000,1.007812500000,0.000006221718
0.679687500000,1.031250000000,0.000006465492
0.679687500000,1.054687500000,0.000006691255
0.679687500000,1.078125000000,0.000006897303
0.679687500000,1.101562500000,0.000007082007
0.679687500000,1.125000000000,0.000007243826
0.679687500000,1.148437500000,0.000007381318
0.679687500000,1.171875000000,0.000007493145
0.679687500000,1.195312500000,0.000007578081
0.679687500000,1.218750000000,0.000007635030
0.679687500000,1.242187500000,0.000007663018
0.679687500000,1.265625000000,0.000007661213
0.679687500000,1.289062500000,0.000007628926
0.679687500000,1.312500000000,0.000007565609
0.679687500000,1.335937500000,0.000007470876
0.679687500000,1.359375000000,0.000007344492
0.679687500000,1.382812500000,0.000007186376
0.679687500000,1.406250000000,0.000006996617
0.679687500000,1.429687500000,0.000006775462
0.679687500000,1.453125000000,0.000006523317
0.679687500000,1.476562500000,0.000006240754
0.679687500000,1.500000000000,0.000005928502
0.679687500000,1.523437500000,0.000005587450
0.679687500000,1.546875000000,0.000005218641
0.679687500000,1.570312500000,0.000004823264
0.679687500000,1.593750000000,0.000004402663
0.679687500000,1.617187500000,0.000003958311
0.679687500000,1.640625000000,0.000003491824
0.679687500000,1.664062500000,0.000003004937
0.679687500000,1.687500000000,0.000002499511
0.679687500000,1.710937500000,0.000001977508
0.679687500000,1.734375000000,0.000001441001
0.679687500000,1.757812500000,0.000000892147
0.679687500000,1.781250000000,0.000000333187
0.679687500000,1.804687500000,-0.000000233565
0.679687500000,1.828125000000,-0.000000805742
0.679687500000,1.851562500000,-0.000001380923
0.679687500000,1.875000000000,-0.000001956650
0.679687500000,1.898437500000,-0.000002530445
0.679687500000,1.921875000000,-0.000003099815
0.679687500000,1.945312500000,-0.000003662265
0.679687500000,1.968750000000,-0.000004215316
0.679687500000,1.992187500000,-0.000004756508
0.679687500000,2.015625000000,-0.000005283421
0.679687500000,2.039062500000,-0.000005793682
0.679687500000,2.062500000000,-0.000006284976
0.679687500000,2.085937500000,-0.000006755063
0.679687500000,2.109375000000,-0.000007201783
0.679687500000,2.132812500000,-0.000007623069
0.679687500000,2.156250000000,-0.000008016961
0.679687500000,2.179687500000,-0.000008381607
0.679687500000,2.203125000000,-0.000008715282
0.679687500000,2.226562500000,-0.000009016392
0.679687500000,2.250000000000,-0.000009283481
0.679687500000,2.273437500000,-0.000009515241
0.679687500000,2.296875000000,-0.000009710516
0.679687500000,2.320312500000,-0.000009868313
0.679687500000,2.343750000000,-0.000009987800
0.679687500000,2.367187500000,-0.000010068315
0.679687500000,2.390625000000,-0.000010109369
0.679687500000,2.414062500000,-0.000010110646
0.679687500000,2.437500000000,-0.000010072012
0.679687500000,2.460937500000,-0.000009993503
0.679687500000,2.484375000000,-0.000009875340
0.679687500000,2.507812500000,-0.000009717918
0.679687500000,2.531250000000,-0.000009521805
0.679687500000,2.554687500000,-0.000009287746
0.679687500000,2.578125000000,-0.000009016651
0.679687500000,2.601562500000,-0.000008709599
0.679687500000,2.625000000000,-0.000008367828
0.679687500000,2.648437500000,-0.000007992728
0.679687500000,2.671875000000,-0.000007585841
0.679687500000,2.695312500000,-0.000007148844
0.679687500000,2.718750000000,-0.000006683552
0.679687500000,2.742187500000,-0.000006191900
0.679687500000,2.765625000000,-0.000005675941
0.679687500000,2.789062500000,-0.000005137832
0.679687500000,2.812500000000,-0.000004579825
0.679687500000,2.835937500000,-0.000004004255
0.679687500000,2.859375000000,-0.000003413532
0.679687500000,2.882812500000,-0.000002810131
0.679687500000,2.906250000000,-0.000002196570
0.679687500000,2.929687500000,-0.000001575414
0.679687500000,2.953125000000,-0.000000949249
0.679687500000,2.976562500000,-0.000000320679
0.679687500000,3.000000000000,0.000000000000
0.703125000000,0.000000000000,0.000000000000
0.703125000000,0.023437500000,-0.000000154775
0.703125000000,0.046875000000,-0.000000251476
0.703125000000,0.070312500000,-0.000000342882
0.703125000000,0.093750000000,-0.000000427459
0.703125000000,0.117187500000,-0.000000503730
0.703125000000,0.140625000000,-0.000000570281
0.703125000000,0.164062500000,-0.000000625771
0.703125000000,0.187500000000,-0.000000668946
0.703125000000,0.210937500000,-0.000000698641
0.703125000000,0.234375000000,-0.000000713793
0.703125000000,0.257812500000,-0.000000713446
0.703125000000,0.281250000000,-0.000000696761
0.703125000000,0.304687500000,-0.000000663018
0.703125000000,0.328125000000,-0.000000611624
0.703125000000,0.351562500000,-0.000000542117
0.703125000000,0.375000000000,-0.000000454168
0.703125000000,0.398437500000,-0.000000347589
0.703125000000,0.421875000000,-0.000000222329
0.703125000000,0.445312500000,-0.000000078481
0.703125000000,0.468750000000,0.000000083726
0.703125000000,0.492187500000,0.000000263917
0.703125000000,0.515625000000,0.000000461579
0.703125000000,0.539062500000,0.000000676061
0.703125000000,0.562500000000,0.000000906579
0.703125000000,0.585937500000,0.000001152216
0.703125000000,0.609375000000,0.000001411933
0.703125000000,0.632812500000,0.000001684566
0.703125000000,0.656250000000,0.000001968842
0.703125000000,0.679687500000,0.000002263373
0.703125000000,0.703125000000,0.000002566678
0.703125000000,0.726562500000,0.000002877184
0.703125000000,0.750000000000,0.000003193228
0.703125000000,0.773437500000,0.000003513081
0.703125000000,0.796875000000,0.000003834949
0.703125000000,0.820312500000,0.000004156981
0.703125000000,0.843750000000,0.000004477286
0.703125000000,0.867187500000,0.000004793941
0.703125000000,0.890625000000,0.000005104999
0.703125000000,0.914062500000,0.000005408506
0.703125000000,0.937500000000,0.000005702511
0.703125000000,0.960937500000,0.000005985072
0.703125000000,0.984375000000,0.000006254276
0.703125000000,1.007812500000,0.000006508244
0.703125000000,1.031250000000,0.000006745145
0.703125000000,1.054687500000,0.000006963206
0.703125000000,1.078125000000,0.000007160726
0.703125000000,1.101562500000,0.000007336080
0.703125000000,1.125000000000,0.000007487736
0.703125000000,1.148437500000,0.000007614260
0.703125000000,1.171875000000,0.000007714328
0.703125000000,1.195312500000,0.000007786731
0.703125000000,1.218750000000,0.000007830388
0.703125000000,1.242187500000,0.000007844351
0.703125000000,1.265625000000,0.000007827808
0.703125000000,1.289062500000,0.000007780098
0.703125000000,1.312500000000,0.000007700705
0.703125000000,1.335937500000,0.000007589270
0.703125000000,1.359375000000,0.000007445596
0.703125000000,1.382812500000,0.000007269642
0.703125000000,1.406250000000,0.000007061534
0.703125000000,1.429687500000,0.000006821560
0.703125000000,1.453125000000,0.000006550175
0.703125000000,1.476562500000,0.000006247995
0.703125000000,1.500000000000,0.000005915800
0.703125000000,1.523437500000,0.000005554528
0.703125000000,1.546875000000,0.000005165277
0.703125000000,1.570312500000,0.000004749291
0.703125000000,1.593750000000,0.000004307965
0.703125000000,1.617187500000,0.000003842837
0.703125000000,1.640625000000,0.000003355577
0.703125000000,1.664062500000,0.000002847981
0.703125000000,1.687500000000,0.000002321968
0.703125000000,1.710937500000,0.000001779567
0.703125000000,1.734375000000,0.000001222904
0.703125000000,1.757812500000,0.000000654203
0.703125000000,1.781250000000,0.000000075763
0.703125000000,1.804687500000,-0.000000510042
0.703125000000,1.828125000000,-0.000001100780
0.703125000000,1.851562500000,-0.000001693974
0.703125000000,1.875000000000,-0.000002287109
0.703125000000,1.898437500000,-0.000002877647
0.703125000000,1.921875000000,-0.000003463041
0.703125000000,1.945312500000,-0.000004040742
0.703125000000,1.968750000000,-0.000004608218
0.703125000000,1.992187500000,-0.000005162960
0.703125000000,2.015625000000,-0.000005702500
0.703125000000,2.039062500000,-0.000006224419
0.703125000000,2.062500000000,-0.000006726362
0.703125000000,2.085937500000,-0.000007206047
0.703125000000,2.109375000000,-0.000007661279
0.703125000000,2.132812500000,-0.000008089959
0.703125000000,2.156250000000,-0.000008490092
0.703125000000,2.179687500000,-0.000008859806
0.703125000000,2.203125000000,-0.000009197349
0.703125000000,2.226562500000,-0.000009501108
0.703125000000,2.250000000000,-0.000009769613
0.703125000000,2.273437500000,-0.000010001546
0.703125000000,2.296875000000,-0.000010195740
0.703125000000,2.320312500000,-0.000010351201
0.703125000000,2.343750000000,-0.000010467096
0.703125000000,2.367187500000,-0.000010542770
0.703125000000,2.390625000000,-0.000010577740
0.703125000000,2.414062500000,-0.000010571704
0.703125000000,2.437500000000,-0.000010524542
0.703125000000,2.460937500000,-0.000010436316
0.703125000000,2.484375000000,-0.000010307267
0.703125000000,2.507812500000,-0.000010137819
0.703125000000,2.531250000000,-0.000009928574
0.703125000000,2.554687500000,-0.000009680310
0.703125000000,2.578125000000,-0.000009393979
0.703125000000,2.601562500000,-0.000009070701
0.703125000000,2.625000000000,-0.000008711759
0.703125000000,2.648437500000,-0.000008318595
0.703125000000,2.671875000000,-0.000007892799
0.703125000000,2.695312500000,-0.000007436103
0.703125000000,2.718750000000,-0.000006950381
0.703125000000,2.742187500000,-0.000006437628
0.703125000000,2.765625000000,-0.000005899954
0.703125000000,2.789062500000,-0.000005339584
0.703125000000,2.812500000000,-0.000004758831
0.703125000000,2.835937500000,-0.000004160099
0.703125000000,2.859375000000,-0.000003545865
0.703125000000,2.882812500000,-0.000002918670
0.703125000000,2.906250000000,-0.000002281106
0.703125000000,2.929687500000,-0.000001635803
0.703125000000,2.953125000000,-0.000000985420
0.703125000000,2.976562500000,-0.000000332629
0.703125000000,3.000000000000,0.000000000000
0.726562500000,0.000000000000,0.000000000000
0.726562500000,0.023437500000,-0.000000133899
0.726562500000,0.046875000000,-0.000000216619
0.726562500000,0.070312500000,-0.000000294136
0.726562500000,0.093750000000,-0.000000364936
0.726562500000,0.117187500000,-0.000000427563
0.726562500000,0.140625000000,-0.000000480621
0.726562500000,0.164062500000,-0.000000522793
0.726562500000,0.187500000000,-0.000000552843
0.726562500000,0.210937500000,-0.000000569627
0.726562500000,0.234375000000,-0.000000572106
0.726562500000,0.257812500000,-0.000000559346
0.726562500000,0.281250000000,-0.000000530526
0.726562500000,0.304687500000,-0.000000484952
0.726562500000,0.328125000000,-0.000000422051
0.726562500000,0.351562500000,-0.000000341386
0.726562500000,0.375000000000,-0.000000242652
0.726562500000,0.398437500000,-0.000000125678
0.726562500000,0.421875000000,0.000000009555
0.726562500000,0.445312500000,0.000000162938
0.726562500000,0.468750000000,0.000000334212
0.726562500000,0.492187500000,0.000000522983
0.726562500000,0.515625000000,0.000000728712
0.726562500000,0.539062500000,0.000000950726
0.726562500000,0.562500000000,0.000001188219
0.726562500000,0.585937500000,0.000001440248
0.726562500000,0.609375000000,0.000001705753
0.726562500000,0.632812500000,0.000001983549
0.726562500000,0.656250000000,0.000002272339
0.726562500000,0.679687500000,0.000002570718
0.726562500000,0.703125000000,0.000002877183
0.726562500000,0.726562500000,0.000003190140
0.726562500000,0.750000000000,0.000003507912
0.726562500000,0.773437500000,0.000003828753
0.726562500000,0.796875000000,0.000004150851
0.726562500000,0.820312500000,0.000004472341
0.726562500000,0.843750000000,0.000004791321
0.726562500000,0.867187500000,0.000005105854
0.726562500000,0.890625000000,0.000005413987
0.726562500000,0.914062500000,0.000005713757
0.726562500000,0.937500000000,0.000006003205
0.726562500000,0.960937500000,0.000006280389
0.726562500000,0.984375000000,0.000006543391
0.726562500000,1.007812500000,0.000006790334
0.726562500000,1.031250000000,0.000007019389
0.726562500000,1.054687500000,0.000007228789
0.726562500000,1.078125000000,0.000007416838
0.726562500000,1.101562500000,0.000007581923
0.726562500000,1.125000000000,0.000007722523
0.726562500000,1.148437500000,0.000007837219
0.726562500000,1.171875000000,0.000007924703
0.726562500000,1.195312500000,0.000007983788
0.726562500000,1.218750000000,0.000008013414
0.726562500000,1.242187500000,0.000008012656
0.726562500000,1.265625000000,0.000007980736
0.726562500000,1.289062500000,0.000007917013
0.726562500000,1.312500000000,0.000007821011
0.726562500000,1.335937500000,0.000007692404
0.726562500000,1.359375000000,0.000007531028
0.726562500000,1.382812500000,0.000007336890
0.726562500000,1.406250000000,0.000007110148
0.726562500000,1.429687500000,0.000006851140
0.726562500000,1.453125000000,0.000006560364
0.726562500000,1.476562500000,0.000006238484
0.726562500000,1.500000000000,0.000005886329
0.726562500000,1.523437500000,0.000005504891
0.726562500000,1.546875000000,0.000005095313
0.726562500000,1.570312500000,0.000004658903
0.726562500000,1.593750000000,0.000004197104
0.726562500000,1.617187500000,0.000003711511
0.726562500000,1.640625000000,0.000003203851
0.726562500000,1.664062500000,0.000002675979
0.726562500000,1.687500000000,0.000002129869
0.726562500000,1.710937500000,0.000001567608
0.726562500000,1.734375000000,0.000000991385
0.726562500000,1.757812500000,0.000000403475
0.726562500000,1.781250000000,-0.000000193759
0.726562500000,1.804687500000,-0.000000797890
0.726562500000,1.828125000000,-0.000001406429
0.726562500000,1.851562500000,-0.000002016843
0.726562500000,1.875000000000,-0.000002626563
0.726562500000,1.898437500000,-0.000003232999
0.726562500000,1.921875000000,-0.000003833552
0.726562500000,1.945312500000,-0.000004425624
0.726562500000,1.968750000000,-0.000005006634
0.726562500000,1.992187500000,-0.000005574030
0.726562500000,2.015625000000,-0.000006125300
0.726562500000,2.039062500000,-0.000006657985
0.726562500000,2.062500000000,-0.000007169692
0.726562500000,2.085937500000,-0.000007658103
0.726562500000,2.109375000000,-0.000008120991
0.726562500000,2.132812500000,-0.000008556227
0.726562500000,2.156250000000,-0.000008961794
0.726562500000,2.179687500000,-0.000009335793
0.726562500000,2.203125000000,-0.000009676456
0.726562500000,2.226562500000,-0.000009982155
0.726562500000,2.250000000000,-0.000010251405
0.726562500000,2.273437500000,-0.000010482880
0.726562500000,2.296875000000,-0.000010675411
0.726562500000,2.320312500000,-0.000010828000
0.726562500000,2.343750000000,-0.000010939819
0.726562500000,2.367187500000,-0.000011010218
0.726562500000,2.390625000000,-0.000011038726
0.726562500000,2.414062500000,-0.000011025055
0.726562500000,2.437500000000,-0.000010969102
0.726562500000,2.460937500000,-0.000010870951
0.726562500000,2.484375000000,-0.000010730866
0.726562500000,2.507812500000,-0.000010549302
0.726562500000,2.531250000000,-0.000010326891
0.726562500000,2.554687500000,-0.000010064445
0.726562500000,2.578125000000,-0.000009762960
0.726562500000,2.601562500000,-0.000009423593
0.726562500000,2.625000000000,-0.000009047674
0.726562500000,2.648437500000,-0.000008636688
0.726562500000,2.671875000000,-0.000008192276
0.726562500000,2.695312500000,-0.000007716227
0.726562500000,2.718750000000,-0.000007210463
0.726562500000,2.742187500000,-0.000006677037
0.726562500000,2.765625000000,-0.000006118123
0.726562500000,2.789062500000,-0.000005535999
0.726562500000,2.812500000000,-0.000004933043
0.726562500000,2.835937500000,-0.000004311721
0.726562500000,2.859375000000,-0.000003674574
0.726562500000,2.882812500000,-0.000003024209
0.726562500000,2.906250000000,-0.000002363280
0.726562500000,2.929687500000,-0.000001694486
0.726562500000,2.953125000000,-0.000001020549
0.726562500000,2.976562500000,-0.000000344210
0.726562500000,3.000000000000,0.000000000000
0.750000000000,0.000000000000,0.000000000000
0.750000000000,0.023437500000,-0.000000111766
0.750000000000,0.046875000000,-0.000000179695
0.750000000000,0.070312500000,-0.000000242530
0.750000000000,0.093750000000,-0.000000298784
0.750000000000,0.117187500000,-0.000000347022
0.750000000000,0.140625000000,-0.000000385877
0.750000000000,0.164062500000,-0.000000414054
0.750000000000,0.187500000000,-0.000000430344
0.750000000000,0.210937500000,-0.000000433628
0.750000000000,0.234375000000,-0.000000422891
0.750000000000,0.257812500000,-0.000000397223
0.750000000000,0.281250000000,-0.000000355833
0.750000000000,0.304687500000,-0.000000298047
0.750000000000,0.328125000000,-0.000000223320
0.750000000000,0.351562500000,-0.000000131237
0.750000000000,0.375000000000,-0.000000021520
0.750000000000,0.398437500000,0.000000105974
0.750000000000,0.421875000000,0.000000251247
0.750000000000,0.445312500000,0.000000414159
0.750000000000,0.468750000000,0.000000594433
0.750000000000,0.492187500000,0.000000791646
0.750000000000,0.515625000000,0.000001005240
0.750000000000,0.539062500000,0.000001234517
0.750000000000,0.562500000000,0.000001478648
0.750000000000,0.585937500000,0.000001736674
0.750000000000,0.609375000000,0.000002007510
0.750000000000,0.632812500000,0.000002289951
0.750000000000,0.656250000000,0.000002582681
0.750000000000,0.679687500000,0.000002884280
0.750000000000,0.703125000000,0.000003193227
0.750000000000,0.726562500000,0.000003507913
0.750000000000,0.750000000000,0.000003826646
0.750000000000,0.773437500000,0.000004147665
0.750000000000,0.796875000000,0.000004469150
0.750000000000,0.820312500000,0.000004789225
0.750000000000,0.843750000000,0.000005105980
0.750000000000,0.867187500000,0.000005417471
0.750000000000,0.890625000000,0.000005721740
0.750000000000,0.914062500000,0.000006016822
0.750000000000,0.937500000000,0.000006300757
0.750000000000,0.960937500000,0.000006571602
0.750000000000,0.984375000000,0.000006827446
0.750000000000,1.007812500000,0.000007066415
0.750000000000,1.031250000000,0.000007286688
0.750000000000,1.054687500000,0.000007486508
0.750000000000,1.078125000000,0.000007664192
0.750000000000,1.101562500000,0.000007818139
0.750000000000,1.125000000000,0.000007946845
0.750000000000,1.148437500000,0.000008048913
0.750000000000,1.171875000000,0.000008123054
0.750000000000,1.195312500000,0.000008168106
0.750000000000,1.218750000000,0.000008183033
0.750000000000,1.242187500000,0.000008166941
0.750000000000,1.265625000000,0.000008119078
0.750000000000,1.289062500000,0.000008038843
0.750000000000,1.312500000000,0.000007925788
0.750000000000,1.335937500000,0.000007779629
0.750000000000,1.359375000000,0.000007600239
0.750000000000,1.382812500000,0.000007387663
0.750000000000,1.406250000000,0.000007142109
0.750000000000,1.429687500000,0.000006863952
0.750000000000,1.453125000000,0.000006553742
0.750000000000,1.476562500000,0.000006212188
0.750000000000,1.500000000000,0.000005840172
0.750000000000,1.523437500000,0.000005438728
0.750000000000,1.546875000000,0.000005009061
0.750000000000,1.570312500000,0.000004552523
0.750000000000,1.593750000000,0.000004070617
0.750000000000,1.617187500000,0.000003564987
0.750000000000,1.640625000000,0.000003037418
0.750000000000,1.664062500000,0.000002489817
0.750000000000,1.687500000000,0.000001924214
0.750000000000,1.710937500000,0.000001342753
0.750000000000,1.734375000000,0.000000747673
0.750000000000,1.757812500000,0.000000141308
0.750000000000,1.781250000000,-0.000000473927
0.750000000000,1.804687500000,-0.000001095552
0.750000000000,1.828125000000,-0.000001721026
0.750000000000,1.851562500000,-0.000002347766
0.750000000000,1.875000000000,-0.000002973151
0.750000000000,1.898437500000,-0.000003594546
0.750000000000,1.921875000000,-0.000004209302
0.750000000000,1.945312500000,-0.000004814779
0.750000000000,1.968750000000,-0.000005408353
0.750000000000,1.992187500000,-0.000005987432
0.750000000000,2.015625000000,-0.000006549464
0.750000000000,2.039062500000,-0.000007091955
0.750000000000,2.062500000000,-0.000007612479
0.750000000000,2.085937500000,-0.000008108689
0.750000000000,2.109375000000,-0.000008578329
0.750000000000,2.132812500000,-0.000009019246
0.750000000000,2.156250000000,-0.000009429401
0.750000000000,2.179687500000,-0.000009806876
0.750000000000,2.203125000000,-0.000010149889
0.750000000000,2.226562500000,-0.000010456799
0.750000000000,2.250000000000,-0.000010726114
0.750000000000,2.273437500000,-0.000010956501
0.750000000000,2.296875000000,-0.000011146791
0.750000000000,2.320312500000,-0.000011295986
0.750000000000,2.343750000000,-0.000011403266
0.750000000000,2.367187500000,-0.000011467985
0.750000000000,2.390625000000,-0.000011489687
0.750000000000,2.414062500000,-0.000011468100
0.750000000000,2.437500000000,-0.000011403138
0.750000000000,2.460937500000,-0.000011294908
0.750000000000,2.484375000000,-0.000011143700
0.750000000000,2.507812500000,-0.000010949995
0.750000000000,2.531250000000,-0.000010714460
0.750000000000,2.554687500000,-0.000010437940
0.750000000000,2.578125000000,-0.000010121467
0.750000000000,2.601562500000,-0.000009766239
0.750000000000,2.625000000000,-0.000009373627
0.750000000000,2.648437500000,-0.000008945164
0.750000000000,2.671875000000,-0.000008482540
0.750000000000,2.695312500000,-0.000007987589
0.750000000000,2.718750000000,-0.000007462289
0.750000000000,2.742187500000,-0.000006908743
0.750000000000,2.765625000000,-0.000006329180
0.750000000000,2.789062500000,-0.000005725937
0.750000000000,2.812500000000,-0.000005101449
0.750000000000,2.835937500000,-0.000004458240
0.750000000000,2.859375000000,-0.000003798913
0.750000000000,2.882812500000,-0.000003126131
0.750000000000,2.906250000000,-0.000002442614
0.750000000000,2.929687500000,-0.000001751119
0.750000000000,2.953125000000,-0.000001054431
0.750000000000,2.976562500000,-0.000000355350
0.750000000000,3.000000000000,0.000000000000
0.773437500000,0.000000000000,0.000000000000
0.773437500000,0.023437500000,-0.000000088491
0.773437500000,0.046875000000,-0.000000140893
0.773437500000,0.070312500000,-0.000000188329
0.773437500000,0.093750000000,-0.000000229339
0.773437500000,0.117187500000,-0.000000262520
0.773437500000,0.140625000000,-0.000000286533
0.773437500000,0.164062500000,-0.000000300113
0.773437500000,0.187500000000,-0.000000302079
0.773437500000,0.210937500000,-0.000000291342
0.773437500000,0.234375000000,-0.000000266916
0.773437500000,0.257812500000,-0.000000227918
0.773437500000,0.281250000000,-0.000000173586
0.773437500000,0.304687500000,-0.000000103273
0.773437500000,0.328125000000,-0.000000016462
0.773437500000,0.351562500000,0.000000087234
0.773437500000,0.375000000000,0.000000208068
0.773437500000,0.398437500000,0.000000346156
0.773437500000,0.421875000000,0.000000501476
0.773437500000,0.445312500000,0.000000673862
0.773437500000,0.468750000000,0.000000863013
0.773437500000,0.492187500000,0.000001068484
0.773437500000,0.515625000000,0.000001289692
0.773437500000,0.539062500000,0.000001525918
0.773437500000,0.562500000000,0.000001776315
0.773437500000,0.585937500000,0.000002039901
0.773437500000,0.609375000000,0.000002315573
0.773437500000,0.632812500000,0.000002602112
0.773437500000,0.656250000000,0.000002898184
0.773437500000,0.679687500000,0.000003202351
0.773437500000,0.703125000000,0.000003513081
0.773437500000,0.726562500000,0.000003828753
0.773437500000,0.750000000000,0.000004147665
0.773437500000,0.773437500000,0.000004468048
0.773437500000,0.796875000000,0.000004788073
0.773437500000,0.820312500000,0.000005105859
0.773437500000,0.843750000000,0.000005419492
0.773437500000,0.867187500000,0.000005727029
0.773437500000,0.890625000000,0.000006026508
0.773437500000,0.914062500000,0.000006315968
0.773437500000,0.937500000000,0.000006593454
0.773437500000,0.960937500000,0.000006857029
0.773437500000,0.984375000000,0.000007104789
0.773437500000,1.007812500000,0.000007334871
0.773437500000,1.031250000000,0.000007545467
0.773437500000,1.054687500000,0.000007734835
0.773437500000,1.078125000000,0.000007901307
0.773437500000,1.101562500000,0.000008043303
0.773437500000,1.125000000000,0.000008159341
0.773437500000,1.148437500000,0.000008248044
0.773437500000,1.171875000000,0.000008308150
0.773437500000,1.195312500000,0.000008338526
0.773437500000,1.218750000000,0.000008338165
0.773437500000,1.242187500000,0.000008306204
0.773437500000,1.265625000000,0.000008241925
0.773437500000,1.289062500000,0.000008144762
0.773437500000,1.312500000000,0.000008014307
0.773437500000,1.335937500000,0.000007850312
0.773437500000,1.359375000000,0.000007652691
0.773437500000,1.382812500000,0.000007421533
0.773437500000,1.406250000000,0.000007157091
0.773437500000,1.429687500000,0.000006859784
0.773437500000,1.453125000000,0.000006530208
0.773437500000,1.476562500000,0.000006169121
0.773437500000,1.500000000000,0.000005777451
0.773437500000,1.523437500000,0.000005356287
0.773437500000,1.546875000000,0.000004906879
0.773437500000,1.570312500000,0.000004430632
0.773437500000,1.593750000000,0.000003929100
0.773437500000,1.617187500000,0.000003403982
0.773437500000,1.640625000000,0.000002857111
0.773437500000,1.664062500000,0.000002290448
0.773437500000,1.687500000000,0.000001706076
0.773437500000,1.710937500000,0.000001106186
0.773437500000,1.734375000000,0.000000493073
0.773437500000,1.757812500000,-0.000000130882
0.773437500000,1.781250000000,-0.000000763213
0.773437500000,1.804687500000,-0.000001401391
0.773437500000,1.828125000000,-0.000002042828
0.773437500000,1.851562500000,-0.000002684895
0.773437500000,1.875000000000,-0.000003324927
0.773437500000,1.898437500000,-0.000003960244
0.773437500000,1.921875000000,-0.000004588158
0.773437500000,1.945312500000,-0.000005205988
0.773437500000,1.968750000000,-0.000005811073
0.773437500000,1.992187500000,-0.000006400785
0.773437500000,2.015625000000,-0.000006972540
0.773437500000,2.039062500000,-0.000007523812
0.773437500000,2.062500000000,-0.000008052149
0.773437500000,2.085937500000,-0.000008555176
0.773437500000,2.109375000000,-0.000009030616
0.773437500000,2.132812500000,-0.000009476295
0.773437500000,2.156250000000,-0.000009890157
0.773437500000,2.179687500000,-0.000010270271
0.773437500000,2.203125000000,-0.000010614843
0.773437500000,2.226562500000,-0.000010922224
0.773437500000,2.250000000000,-0.000011190916
0.773437500000,2.273437500000,-0.000011419585
0.773437500000,2.296875000000,-0.000011607064
0.773437500000,2.320312500000,-0.000011752358
0.773437500000,2.343750000000,-0.000011854653
0.773437500000,2.367187500000,-0.000011913317
0.773437500000,2.390625000000,-0.000011927908
0.773437500000,2.414062500000,-0.000011898166
0.773437500000,2.437500000000,-0.000011824028
0.773437500000,2.460937500000,-0.000011705622
0.773437500000,2.484375000000,-0.000011543266
0.773437500000,2.507812500000,-0.000011337468
0.773437500000,2.531250000000,-0.000011088924
0.773437500000,2.554687500000,-0.000010798518
0.773437500000,2.578125000000,-0.000010467310
0.773437500000,2.601562500000,-0.000010096545
0.773437500000,2.625000000000,-0.000009687629
0.773437500000,2.648437500000,-0.000009242142
0.773437500000,2.671875000000,-0.000008761813
0.773437500000,2.695312500000,-0.000008248530
0.773437500000,2.718750000000,-0.000007704314
0.773437500000,2.742187500000,-0.000007131321
0.773437500000,2.765625000000,-0.000006531831
0.773437500000,2.789062500000,-0.000005908231
0.773437500000,2.812500000000,-0.000005263013
0.773437500000,2.835937500000,-0.000004598755
0.773437500000,2.859375000000,-0.000003918112
0.773437500000,2.882812500000,-0.000003223809
0.773437500000,2.906250000000,-0.000002518617
0.773437500000,2.929687500000,-0.000001805351
0.773437500000,2.953125000000,-0.000001086854
0.773437500000,2.976562500000,-0.000000365980
0.773437500000,3.000000000000,0.000000000000
0.796875000000,0.000000000000,0.000000000000
0.796875000000,0.023437500000,-0.000000064192
0.796875000000,0.046875000000,-0.000000100413
0.796875000000,0.070312500000,-0.000000131811
0.796875000000,0.093750000000,-0.000000156961
0.796875000000,0.117187500000,-0.000000174493
0.796875000000,0.140625000000,-0.000000183103
0.796875000000,0.164062500000,-0.000000181558
0.796875000000,0.187500000000,-0.000000168712
0.796875000000,0.210937500000,-0.000000143508
0.796875000000,0.234375000000,-0.000000104991
0.796875000000,0.257812500000,-0.000000052311
0.796875000000,0.281250000000,0.000000015265
0.796875000000,0.304687500000,0.000000098350
0.796875000000,0.328125000000,0.000000197435
0.796875000000,0.351562500000,0.000000312877
0.796875000000,0.375000000000,0.000000444901
0.796875000000,0.398437500000,0.000000593595
0.796875000000,0.421875000000,0.000000758910
0.796875000000,0.445312500000,0.000000940660
0.796875000000,0.468750000000,0.000001138512
0.796875000000,0.492187500000,0.000001352005
0.796875000000,0.515625000000,0.000001580530
0.796875000000,0.539062500000,0.000001823350
0.796875000000,0.562500000000,0.000002079597
0.796875000000,0.585937500000,0.000002348270
0.796875000000,0.609375000000,0.000002628253
0.796875000000,0.632812500000,0.000002918309
0.796875000000,0.656250000000,0.000003217091
0.796875000000,0.679687500000,0.000003523153
0.796875000000,0.703125000000,0.000003834949
0.796875000000,0.726562500000,0.000004150851
0.796875000000,0.750000000000,0.000004469149
0.796875000000,0.773437500000,0.000004788072
0.796875000000,0.796875000000,0.000005105786
0.796875000000,0.820312500000,0.000005420412
0.796875000000,0.843750000000,0.000005730034
0.796875000000,0.867187500000,0.000006032712
0.796875000000,0.890625000000,0.000006326491
0.796875000000,0.914062500000,0.000006609418
0.796875000000,0.937500000000,0.000006879544
0.796875000000,0.960937500000,0.000007134945
0.796875000000,0.984375000000,0.000007373731
0.796875000000,1.007812500000,0.000007594053
0.796875000000,1.031250000000,0.000007794122
0.796875000000,1.054687500000,0.000007972214
0.796875000000,1.078125000000,0.000008126683
0.796875000000,1.101562500000,0.000008255975
0.796875000000,1.125000000000,0.000008358630
0.796875000000,1.148437500000,0.000008433300
0.796875000000,1.171875000000,0.000008478755
0.796875000000,1.195312500000,0.000008493888
0.796875000000,1.218750000000,0.000008477731
0.796875000000,1.242187500000,0.000008429453
0.796875000000,1.265625000000,0.000008348372
0.796875000000,1.289062500000,0.000008233962
0.796875000000,1.312500000000,0.000008085854
0.796875000000,1.335937500000,0.000007903839
0.796875000000,1.359375000000,0.000007687879
0.796875000000,1.382812500000,0.000007438101
0.796875000000,1.406250000000,0.000007154804
0.796875000000,1.429687500000,0.000006838455
0.796875000000,1.453125000000,0.000006489695
0.796875000000,1.476562500000,0.000006109331
0.796875000000,1.500000000000,0.000005698336
0.796875000000,1.523437500000,0.000005257850
0.796875000000,1.546875000000,0.000004789173
0.796875000000,1.570312500000,0.000004293758
0.796875000000,1.593750000000,0.000003773208
0.796875000000,1.617187500000,0.000003229270
0.796875000000,1.640625000000,0.000002663827
0.796875000000,1.664062500000,0.000002078890
0.796875000000,1.687500000000,0.000001476589
0.796875000000,1.710937500000,0.000000859165
0.796875000000,1.734375000000,0.000000228957
0.796875000000,1.757812500000,-0.000000411606
0.796875000000,1.781250000000,-0.000001060015
0.796875000000,1.804687500000,-0.000001713695
0.796875000000,1.828125000000,-0.000002370017
0.796875000000,1.851562500000,-0.000003026309
0.796875000000,1.875000000000,-0.000003679869
0.796875000000,1.898437500000,-0.000004327978
0.796875000000,1.921875000000,-0.000004967912
0.796875000000,1.945312500000,-0.000005596955
0.796875000000,1.968750000000,-0.000006212416
0.796875000000,1.992187500000,-0.000006811635
0.796875000000,2.015625000000,-0.000007392001
0.796875000000,2.039062500000,-0.000007950965
0.796875000000,2.062500000000,-0.000008486048
0.796875000000,2.085937500000,-0.000008994858
0.796875000000,2.109375000000,-0.000009475098
0.796875000000,2.132812500000,-0.000009924581
0.796875000000,2.156250000000,-0.000010341238
0.796875000000,2.179687500000,-0.000010723126
0.796875000000,2.203125000000,-0.000011068446
0.796875000000,2.226562500000,-0.000011375543
0.796875000000,2.250000000000,-0.000011642920
0.796875000000,2.273437500000,-0.000011869243
0.796875000000,2.296875000000,-0.000012053348
0.796875000000,2.320312500000,-0.000012194250
0.796875000000,2.343750000000,-0.000012291143
0.796875000000,2.367187500000,-0.000012343408
0.796875000000,2.390625000000,-0.000012350614
0.796875000000,2.414062500000,-0.000012312525
0.796875000000,2.437500000000,-0.000012229096
0.796875000000,2.460937500000,-0.000012100479
0.796875000000,2.484375000000,-0.000011927016
0.796875000000,2.507812500000,-0.000011709242
0.796875000000,2.531250000000,-0.000011447889
0.796875000000,2.554687500000,-0.000011143865
0.796875000000,2.578125000000,-0.000010798273
0.796875000000,2.601562500000,-0.000010412388
0.796875000000,2.625000000000,-0.000009987658
0.796875000000,2.648437500000,-0.000009525701
0.796875000000,2.671875000000,-0.000009028292
0.796875000000,2.695312500000,-0.000008497360
0.796875000000,2.718750000000,-0.000007934971
0.796875000000,2.742187500000,-0.000007343329
0.796875000000,2.765625000000,-0.000006724757
0.796875000000,2.789062500000,-0.000006081696
0.796875000000,2.812500000000,-0.000005416684
0.796875000000,2.835937500000,-0.000004732349
0.796875000000,2.859375000000,-0.000004031398
0.796875000000,2.882812500000,-0.000003316605
0.796875000000,2.906250000000,-0.000002590793
0.796875000000,2.929687500000,-0.000001856829
0.796875000000,2.953125000000,-0.000001117605
0.796875000000,2.976562500000,-0.000000376028
0.796875000000,3.000000000000,0.000000000000
0.820312500000,0.000000000000,0.000000000000
0.820312500000,0.023437500000,-0.000000038995
0.820312500000,0.046875000000,-0.000000058463
0.820312500000,0.070312500000,-0.000000073268
0.820312500000,0.093750000000,-0.000000082022
0.820312500000,0.117187500000,-0.000000083396
0.820312500000,0.140625000000,-0.000000076122
0.820312500000,0.164062500000,-0.000000059007
0.820312500000,0.187500000000,-0.000000030938
0.820312500000,0.210937500000,0.000000009103
0.820312500000,0.234375000000,0.000000062037
0.820312500000,0.257812500000,0.000000128678
0.820312500000,0.281250000000,0.000000209725
0.820312500000,0.304687500000,0.000000305760
0.820312500000,0.328125000000,0.000000417241
0.820312500000,0.351562500000,0.000000544494
0.820312500000,0.375000000000,0.000000687715
0.820312500000,0.398437500000,0.000000846966
0.820312500000,0.421875000000,0.000001022170
0.820312500000,0.445312500000,0.000001213112
0.820312500000,0.468750000000,0.000001419440
0.820312500000,0.492187500000,0.000001640666
0.820312500000,0.515625000000,0.000001876164
0.820312500000,0.539062500000,0.000002125175
0.820312500000,0.562500000000,0.000002386813
0.820312500000,0.585937500000,0.000002660064
0.820312500000,0.609375000000,0.000002943796
0.820312500000,0.632812500000,0.000003236760
0.820312500000,0.656250000000,0.000003537598
0.820312500000,0.679687500000,0.000003844855
0.820312500000,0.703125000000,0.000004156981
0.820312500000,0.726562500000,0.000004472341
0.820312500000,0.750000000000,0.000004789225
0.820312500000,0.773437500000,0.000005105859
0.820312500000,0.796875000000,0.000005420412
0.820312500000,0.820312500000,0.000005731007
0.820312500000,0.843750000000,0.000006035737
0.820312500000,0.867187500000,0.000006332668
0.820312500000,0.890625000000,0.000006619856
0.820312500000,0.914062500000,0.000006895358
0.820312500000,0.937500000000,0.000007157242
0.820312500000,0.960937500000,0.000007403600
0.820312500000,0.984375000000,0.000007632558
0.820312500000,1.007812500000,0.000007842290
0.820312500000,1.031250000000,0.000008031028
0.820312500000,1.054687500000,0.000008197074
0.820312500000,1.078125000000,0.000008338807
0.820312500000,1.101562500000,0.000008454701
0.820312500000,1.125000000000,0.000008543327
0.820312500000,1.148437500000,0.000008603369
0.820312500000,1.171875000000,0.000008633629
0.820312500000,1.195312500000,0.000008633037
0.820312500000,1.218750000000,0.000008600659
0.820312500000,1.242187500000,0.000008535704
0.820312500000,1.265625000000,0.000008437529
0.820312500000,1.289062500000,0.000008305649
0.820312500000,1.312500000000,0.000008139734
0.820312500000,1.335937500000,0.000007939623
0.820312500000,1.359375000000,0.000007705318
0.820312500000,1.382812500000,0.000007436992
0.820312500000,1.406250000000,0.000007134988
0.820312500000,1.429687500000,0.000006799822
0.820312500000,1.453125000000,0.000006432177
0.820312500000,1.476562500000,0.000006032909
0.820312500000,1.500000000000,0.000005603041
0.820312500000,1.523437500000,0.000005143757
0.820312500000,1.546875000000,0.000004656403
0.820312500000,1.570312500000,0.000004142481
0.820312500000,1.593750000000,0.000003603641
0.820312500000,1.617187500000,0.000003041677
0.820312500000,1.640625000000,0.000002458517
0.820312500000,1.664062500000,0.000001856217
0.820312500000,1.687500000000,0.000001236951
0.820312500000,1.710937500000,0.000000603004
0.820312500000,1.734375000000,-0.000000043242
0.820312500000,1.757812500000,-0.000000699316
0.820312500000,1.781250000000,-0.000001362670
0.820312500000,1.804687500000,-0.000002030691
0.820312500000,1.828125000000,-0.000002700712
0.820312500000,1.851562500000,-0.000003370024
0.820312500000,1.875000000000,-0.000004035893
0.820312500000,1.898437500000,-0.000004695567
0.820312500000,1.921875000000,-0.000005346290
0.820312500000,1.945312500000,-0.000005985321
0.820312500000,1.968750000000,-0.000006609940
0.820312500000,1.992187500000,-0.000007217464
0.820312500000,2.015625000000,-0.000007805261
0.820312500000,2.039062500000,-0.000008370760
0.820312500000,2.062500000000,-0.000008911466
0.820312500000,2.085937500000,-0.000009424971
0.820312500000,2.109375000000,-0.000009908968
0.820312500000,2.132812500000,-0.000010361256
0.820312500000,2.156250000000,-0.000010779760
0.820312500000,2.179687500000,-0.000011162532
0.820312500000,2.203125000000,-0.000011507771
0.820312500000,2.226562500000,-0.000011813820
0.820312500000,2.250000000000,-0.000012079185
0.820312500000,2.273437500000,-0.000012302537
0.820312500000,2.296875000000,-0.000012482719
0.820312500000,2.320312500000,-0.000012618754
0.820312500000,2.343750000000,-0.000012709850
0.820312500000,2.367187500000,-0.000012755402
0.820312500000,2.390625000000,-0.000012754995
0.820312500000,2.414062500000,-0.000012708414
0.820312500000,2.437500000000,-0.000012615632
0.820312500000,2.460937500000,-0.000012476829
0.820312500000,2.484375000000,-0.000012292365
0.820312500000,2.507812500000,-0.000012062811
0.820312500000,2.531250000000,-0.000011788922
0.820312500000,2.554687500000,-0.000011471640
0.820312500000,2.578125000000,-0.000011112101
0.820312500000,2.601562500000,-0.000010711613
0.820312500000,2.625000000000,-0.000010271663
0.820312500000,2.648437500000,-0.000009793904
0.820312500000,2.671875000000,-0.000009280152
0.820312500000,2.695312500000,-0.000008732371
0.820312500000,2.718750000000,-0.000008152674
0.820312500000,2.742187500000,-0.000007543305
0.820312500000,2.765625000000,-0.000006906631
0.820312500000,2.789062500000,-0.000006245135
0.820312500000,2.812500000000,-0.000005561399
0.820312500000,2.835937500000,-0.000004858098
0.820312500000,2.859375000000,-0.000004137984
0.820312500000,2.882812500000,-0.000003403874
0.820312500000,2.906250000000,-0.000002658640
0.820312500000,2.929687500000,-0.000001905192
0.820312500000,2.953125000000,-0.000001146469
0.820312500000,2.976562500000,-0.000000385423
0.820312500000,3.000000000000,0.000000000000
0.843750000000,0.000000000000,0.000000000000
0.843750000000,0.023437500000,-0.000000013030
0.843750000000,0.046875000000,-0.000000015261
0.843750000000,0.070312500000,-0.000000013003
0.843750000000,0.093750000000,-0.000000004913
0.843750000000,0.117187500000,0.000000010297
0.843750000000,0.140625000000,0.000000033853
0.843750000000,0.164062500000,0.000000066904
0.843750000000,0.187500000000,0.000000110525
0.843750000000,0.210937500000,0.000000165693
0.843750000000,0.234375000000,0.000000233290
0.843750000000,0.257812500000,0.000000314093
0.843750000000,0.281250000000,0.000000408766
0.843750000000,0.304687500000,0.000000517855
0.843750000000,0.328125000000,0.000000641783
0.843750000000,0.351562500000,0.000000780846
0.843750000000,0.375000000000,0.000000935209
0.843750000000,0.398437500000,0.000001104902
0.843750000000,0.421875000000,0.000001289824
0.843750000000,0.445312500000,0.000001489733
0.843750000000,0.468750000000,0.000001704253
0.843750000000,0.492187500000,0.000001932873
0.843750000000,0.515625000000,0.000002174951
0.843750000000,0.539062500000,0.000002429707
0.843750000000,0.562500000000,0.000002696239
0.843750000000,0.585937500000,0.000002973520
0.843750000000,0.609375000000,0.000003260406
0.843750000000,0.632812500000,0.000003555637
0.843750000000,0.656250000000,0.000003857851
0.843750000000,0.679687500000,0.000004165585
0.843750000000,0.703125000000,0.000004477286
0.843750000000,0.726562500000,0.000004791321
0.843750000000,0.750000000000,0.000005105980
0.843750000000,0.773437500000,0.000005419492
0.843750000000,0.796875000000,0.000005730034
0.843750000000,0.820312500000,0.000006035737
0.843750000000,0.843750000000,0.000006334703
0.843750000000,0.867187500000,0.000006625014
0.843750000000,0.890625000000,0.000006904739
0.843750000000,0.914062500000,0.000007171952
0.843750000000,0.937500000000,0.000007424742
0.843750000000,0.960937500000,0.000007661221
0.843750000000,0.984375000000,0.000007879539
0.843750000000,1.007812500000,0.000008077897
0.843750000000,1.031250000000,0.000008254552
0.843750000000,1.054687500000,0.000008407836
0.843750000000,1.078125000000,0.000008536160
0.843750000000,1.101562500000,0.000008638029
0.843750000000,1.125000000000,0.000008712050
0.843750000000,1.148437500000,0.000008756942
0.843750000000,1.171875000000,0.000008771544
0.843750000000,1.195312500000,0.000008754825
0.843750000000,1.218750000000,0.000008705891
0.843750000000,1.242187500000,0.000008623992
0.843750000000,1.265625000000,0.000008508527
0.843750000000,1.289062500000,0.000008359052
0.843750000000,1.312500000000,0.000008175284
0.843750000000,1.335937500000,0.000007957103
0.843750000000,1.359375000000,0.000007704558
0.843750000000,1.382812500000,0.000007417867
0.843750000000,1.406250000000,0.000007097418
0.843750000000,1.429687500000,0.000006743775
0.843750000000,1.453125000000,0.000006357665
0.843750000000,1.476562500000,0.000005939991
0.843750000000,1.500000000000,0.000005491819
0.843750000000,1.523437500000,0.000005014382
0.843750000000,1.546875000000,0.000004509070
0.843750000000,1.570312500000,0.000003977430
0.843750000000,1.593750000000,0.000003421155
0.843750000000,1.617187500000,0.000002842082
0.843750000000,1.640625000000,0.000002242182
0.843750000000,1.664062500000,0.000001623552
0.843750000000,1.687500000000,0.000000988408
0.843750000000,1.710937500000,0.000000339071
0.843750000000,1.734375000000,-0.000000322037
0.843750000000,1.757812500000,-0.000000992410
0.843750000000,1.781250000000,-0.000001669465
0.843750000000,1.804687500000,-0.000002350553
0.843750000000,1.828125000000,-0.000003032979
0.843750000000,1.851562500000,-0.000003714003
0.843750000000,1.875000000000,-0.000004390862
0.843750000000,1.898437500000,-0.000005060777
0.843750000000,1.921875000000,-0.000005720971
0.843750000000,1.945312500000,-0.000006368677
0.843750000000,1.968750000000,-0.000007001157
0.843750000000,1.992187500000,-0.000007615709
0.843750000000,2.015625000000,-0.000008209684
0.843750000000,2.039062500000,-0.000008780499
0.843750000000,2.062500000000,-0.000009325647
0.843750000000,2.085937500000,-0.000009842710
0.843750000000,2.109375000000,-0.000010329373
0.843750000000,2.132812500000,-0.000010783430
0.843750000000,2.156250000000,-0.000011202804
0.843750000000,2.179687500000,-0.000011585548
0.843750000000,2.203125000000,-0.000011929858
0.843750000000,2.226562500000,-0.000012234085
0.843750000000,2.250000000000,-0.000012496738
0.843750000000,2.273437500000,-0.000012716497
0.843750000000,2.296875000000,-0.000012892218
0.843750000000,2.320312500000,-0.000013022933
0.843750000000,2.343750000000,-0.000013107864
0.843750000000,2.367187500000,-0.000013146424
0.843750000000,2.390625000000,-0.000013138217
0.843750000000,2.414062500000,-0.000013083045
0.843750000000,2.437500000000,-0.000012980906
0.843750000000,2.460937500000,-0.000012831998
0.843750000000,2.484375000000,-0.000012636715
0.843750000000,2.507812500000,-0.000012395647
0.843750000000,2.531250000000,-0.000012109580
0.843750000000,2.554687500000,-0.000011779488
0.843750000000,2.578125000000,-0.000011406533
0.843750000000,2.601562500000,-0.000010992060
0.843750000000,2.625000000000,-0.000010537587
0.843750000000,2.648437500000,-0.000010044802
0.843750000000,2.671875000000,-0.000009515555
0.843750000000,2.695312500000,-0.000008951848
0.843750000000,2.718750000000,-0.000008355831
0.843750000000,2.742187500000,-0.000007729785
0.843750000000,2.765625000000,-0.000007076115
0.843750000000,2.789062500000,-0.000006397343
0.843750000000,2.812500000000,-0.000005696092
0.843750000000,2.835937500000,-0.000004975074
0.843750000000,2.859375000000,-0.000004237081
0.843750000000,2.882812500000,-0.000003484971
0.843750000000,2.906250000000,-0.000002721654
0.843750000000,2.929687500000,-0.000001950082
0.843750000000,2.953125000000,-0.000001173231
0.843750000000,2.976562500000,-0.000000394092
0.843750000000,3.000000000000,0.000000000000
0.867187500000,0.000000000000,0.000000000000
0.867187500000,0.023437500000,0.000000013568
0.867187500000,0.046875000000,0.000000028970
0.867187500000,0.070312500000,0.000000048671
0.867187500000,0.093750000000,0.000000073967
0.867187500000,0.117187500000,0.000000106099
0.867187500000,0.140625000000,0.000000146246
0.867187500000,0.164062500000,0.000000195515
0.867187500000,0.187500000000,0.000000254933
0.867187500000,0.210937500000,0.000000325436
0.867187500000,0.234375000000,0.000000407864
0.867187500000,0.257812500000,0.000000502954
0.867187500000,0.281250000000,0.000000611330
0.867187500000,0.304687500000,0.000000733502
0.867187500000,0.328125000000,0.000000869857
0.867187500000,0.351562500000,0.000001020658
0.867187500000,0.375000000000,0.000001186038
0.867187500000,0.398437500000,0.000001365997
0.867187500000,0.421875000000,0.000001560406
0.867187500000,0.445312500000,0.000001768996
0.867187500000,0.468750000000,0.000001991372
0.867187500000,0.492187500000,0.000002226999
0.867187500000,0.515625000000,0.000002475213
0.867187500000,0.539062500000,0.000002735222
0.867187500000,0.562500000000,0.000003006110
0.867187500000,0.585937500000,0.000003286836
0.867187500000,0.609375000000,0.000003576246
0.867187500000,0.632812500000,0.000003873077
0.867187500000,0.656250000000,0.000004175960
0.867187500000,0.679687500000,0.000004483432
0.867187500000,0.703125000000,0.000004793941
0.867187500000,0.726562500000,0.000005105854
0.867187500000,0.750000000000,0.000005417471
0.867187500000,0.773437500000,0.000005727028
0.867187500000,0.796875000000,0.000006032712
0.867187500000,0.820312500000,0.000006332668
0.867187500000,0.843750000000,0.000006625014
0.867187500000,0.867187500000,0.000006907847
0.867187500000,0.890625000000,0.000007179261
0.867187500000,0.914062500000,0.000007437349
0.867187500000,0.937500000000,0.000007680225
0.867187500000,0.960937500000,0.000007906029
0.867187500000,0.984375000000,0.000008112939
0.867187500000,1.007812500000,0.000008299185
0.867187500000,1.031250000000,0.000008463059
0.867187500000,1.054687500000,0.000008602924
0.867187500000,1.078125000000,0.000008717228
0.867187500000,1.101562500000,0.000008804514
0.867187500000,1.125000000000,0.000008863426
0.867187500000,1.148437500000,0.000008892723
0.867187500000,1.171875000000,0.000008891287
0.867187500000,1.195312500000,0.000008858126
0.867187500000,1.218750000000,0.000008792391
0.867187500000,1.242187500000,0.000008693374
0.867187500000,1.265625000000,0.000008560519
0.867187500000,1.289062500000,0.000008393428
0.867187500000,1.312500000000,0.000008191863
0.867187500000,1.335937500000,0.000007955749
0.867187500000,1.359375000000,0.000007685181
0.867187500000,1.382812500000,0.000007380423
0.867187500000,1.406250000000,0.000007041909
0.867187500000,1.429687500000,0.000006670247
0.867187500000,1.453125000000,0.000006266210
0.867187500000,1.476562500000,0.000005830747
0.867187500000,1.500000000000,0.000005364968
0.867187500000,1.523437500000,0.000004870149
0.867187500000,1.546875000000,0.000004347723
0.867187500000,1.570312500000,0.000003799276
0.867187500000,1.593750000000,0.000003226546
0.867187500000,1.617187500000,0.000002631407
0.867187500000,1.640625000000,0.000002015869
0.867187500000,1.664062500000,0.000001382067
0.867187500000,1.687500000000,0.000000732250
0.867187500000,1.710937500000,0.000000068777
0.867187500000,1.734375000000,-0.000000605900
0.867187500000,1.757812500000,-0.000001289242
0.867187500000,1.781250000000,-0.000001978638
0.867187500000,1.804687500000,-0.000002671414
0.867187500000,1.828125000000,-0.000003364845
0.867187500000,1.851562500000,-0.000004056169
0.867187500000,1.875000000000,-0.000004742600
0.867187500000,1.898437500000,-0.000005421341
0.867187500000,1.921875000000,-0.000006089595
0.867187500000,1.945312500000,-0.000006744580
0.867187500000,1.968750000000,-0.000007383544
0.867187500000,1.992187500000,-0.000008003772
0.867187500000,2.015625000000,-0.000008602607
0.867187500000,2.039062500000,-0.000009177457
0.867187500000,2.062500000000,-0.000009725809
0.867187500000,2.085937500000,-0.000010245242
0.867187500000,2.109375000000,-0.000010733437
0.867187500000,2.132812500000,-0.000011188193
0.867187500000,2.156250000000,-0.000011607430
0.867187500000,2.179687500000,-0.000011989207
0.867187500000,2.203125000000,-0.000012331727
0.867187500000,2.226562500000,-0.000012633348
0.867187500000,2.250000000000,-0.000012892590
0.867187500000,2.273437500000,-0.000013108144
0.867187500000,2.296875000000,-0.000013278877
0.867187500000,2.320312500000,-0.000013403838
0.867187500000,2.343750000000,-0.000013482267
0.867187500000,2.367187500000,-0.000013513591
0.867187500000,2.390625000000,-0.000013497437
0.867187500000,2.414062500000,-0.000013433625
0.867187500000,2.437500000000,-0.000013322178
0.867187500000,2.460937500000,-0.000013163317
0.867187500000,2.484375000000,-0.000012957459
0.867187500000,2.507812500000,-0.000012705224
0.867187500000,2.531250000000,-0.000012407420
0.867187500000,2.554687500000,-0.000012065051
0.867187500000,2.578125000000,-0.000011679309
0.867187500000,2.601562500000,-0.000011251566
0.867187500000,2.625000000000,-0.000010783372
0.867187500000,2.648437500000,-0.000010276447
0.867187500000,2.671875000000,-0.000009732670
0.867187500000,2.695312500000,-0.000009154078
0.867187500000,2.718750000000,-0.000008542852
0.867187500000,2.742187500000,-0.000007901305
0.867187500000,2.765625000000,-0.000007231877
0.867187500000,2.789062500000,-0.000006537123
0.867187500000,2.812500000000,-0.000005819698
0.867187500000,2.835937500000,-0.000005082351
0.867187500000,2.859375000000,-0.000004327904
0.867187500000,2.882812500000,-0.000003559251
0.867187500000,2.906250000000,-0.000002779334
0.867187500000,2.929687500000,-0.000001991139
0.867187500000,2.953125000000,-0.000001197674
0.867187500000,2.976562500000,-0.000000401965
0.867187500000,3.000000000000,0.000000000000
0.890625000000,0.000000000000,0.000000000000
0.890625000000,0.023437500000,0.000000040662
0.890625000000,0.046875000000,0.000000073999
0.890625000000,0.070312500000,0.000000111432
0.890625000000,0.093750000000,0.000000154206
0.890625000000,0.117187500000,0.000000203509
0.890625000000,0.140625000000,0.000000260471
0.890625000000,0.164062500000,0.000000326150
0.890625000000,0.187500000000,0.000000401526
0.890625000000,0.210937500000,0.000000487488
0.890625000000,0.234375000000,0.000000584833
0.890625000000,0.257812500000,0.000000694253
0.890625000000,0.281250000000,0.000000816333
0.890625000000,0.304687500000,0.000000951543
0.890625000000,0.328125000000,0.000001100232
0.890625000000,0.351562500000,0.000001262629
0.890625000000,0.375000000000,0.000001438833
0.890625000000,0.398437500000,0.000001628816
0.890625000000,0.421875000000,0.000001832419
0.890625000000,0.445312500000,0.000002049351
0.890625000000,0.468750000000,0.000002279189
0.890625000000,0.492187500000,0.000002521378
0.890625000000,0.515625000000,0.000002775242
0.890625000000,0.539062500000,0.000003039969
0.890625000000,0.562500000000,0.000003314631
0.890625000000,0.585937500000,0.000003598181
0.890625000000,0.609375000000,0.000003889457
0.890625000000,0.632812500000,0.000004187191
0.890625000000,0.656250000000,0.000004490015
0.890625000000,0.679687500000,0.000004796467
0.890625000000,0.703125000000,0.000005104999
0.890625000000,0.726562500000,0.000005413987
0.890625000000,0.750000000000,0.000005721740
0.890625000000,0.773437500000,0.000006026508
0.890625000000,0.796875000000,0.000006326491
0.890625000000,0.820312500000,0.000006619856
0.890625000000,0.843750000000,0.000006904739
0.890625000000,0.867187500000,0.000007179261
0.890625000000,0.890625000000,0.000007441539
0.890625000000,0.914062500000,0.000007689697
0.890625000000,0.937500000000,0.000007921876
0.890625000000,0.960937500000,0.000008136249
0.890625000000,0.984375000000,0.000008331027
0.890625000000,1.007812500000,0.000008504476
0.890625000000,1.031250000000,0.000008654924
0.890625000000,1.054687500000,0.000008780774
0.890625000000,1.078125000000,0.000008880515
0.890625000000,1.101562500000,0.000008952728
0.890625000000,1.125000000000,0.000008996103
0.890625000000,1.148437500000,0.000009009442
0.890625000000,1.171875000000,0.000008991668
0.890625000000,1.195312500000,0.000008941839
0.890625000000,1.218750000000,0.000008859149
0.890625000000,1.242187500000,0.000008742937
0.890625000000,1.265625000000,0.000008592695
0.890625000000,1.289062500000,0.000008408069
0.890625000000,1.312500000000,0.000008188870
0.890625000000,1.335937500000,0.000007935068
0.890625000000,1.359375000000,0.000007646807
0.890625000000,1.382812500000,0.000007324393
0.890625000000,1.406250000000,0.000006968311
0.890625000000,1.429687500000,0.000006579208
0.890625000000,1.453125000000,0.000006157906
0.890625000000,1.476562500000,0.000005705395
0.890625000000,1.500000000000,0.000005222827
0.890625000000,1.523437500000,0.000004711521
0.890625000000,1.546875000000,0.000004172946
0.890625000000,1.570312500000,0.000003608733
0.890625000000,1.593750000000,0.000003020652
0.890625000000,1.617187500000,0.000002410614
0.890625000000,1.640625000000,0.000001780664
0.890625000000,1.664062500000,0.000001132969
0.890625000000,1.687500000000,0.000000469809
0.890625000000,1.710937500000,-0.000000206429
0.890625000000,1.734375000000,-0.000000893264
0.890625000000,1.757812500000,-0.000001588134
0.890625000000,1.781250000000,-0.000002288403
0.890625000000,1.804687500000,-0.000002991374
0.890625000000,1.828125000000,-0.000003694305
0.890625000000,1.851562500000,-0.000004394416
0.890625000000,1.875000000000,-0.000005088906
0.890625000000,1.898437500000,-0.000005774963
0.890625000000,1.921875000000,-0.000006449780
0.890625000000,1.945312500000,-0.000007110565
0.890625000000,1.968750000000,-0.000007754558
0.890625000000,1.992187500000,-0.000008379041
0.890625000000,2.015625000000,-0.000008981350
0.890625000000,2.039062500000,-0.000009558894
0.890625000000,2.062500000000,-0.000010109158
0.890625000000,2.085937500000,-0.000010629725
0.890625000000,2.109375000000,-0.000011118280
0.890625000000,2.132812500000,-0.000011572627
0.890625000000,2.156250000000,-0.000011990693
0.890625000000,2.179687500000,-0.000012370547
0.890625000000,2.203125000000,-0.000012710401
0.890625000000,2.226562500000,-0.000013008628
0.890625000000,2.250000000000,-0.000013263759
0.890625000000,2.273437500000,-0.000013474500
0.890625000000,2.296875000000,-0.000013639736
0.890625000000,2.320312500000,-0.000013758533
0.890625000000,2.343750000000,-0.000013830147
0.890625000000,2.367187500000,-0.000013854029
0.890625000000,2.390625000000,-0.000013829825
0.890625000000,2.414062500000,-0.000013757377
0.890625000000,2.437500000000,-0.000013636729
0.890625000000,2.460937500000,-0.000013468127
0.890625000000,2.484375000000,-0.000013252014
0.890625000000,2.507812500000,-0.000012989029
0.890625000000,2.531250000000,-0.000012680012
0.890625000000,2.554687500000,-0.000012325989
0.890625000000,2.578125000000,-0.000011928180
0.890625000000,2.601562500000,-0.000011487984
0.890625000000,2.625000000000,-0.000011006977
0.890625000000,2.648437500000,-0.000010486906
0.890625000000,2.671875000000,-0.000009929680
0.890625000000,2.695312500000,-0.000009337361
0.890625000000,2.718750000000,-0.000008712159
0.890625000000,2.742187500000,-0.000008056414
0.890625000000,2.765625000000,-0.000007372596
0.890625000000,2.789062500000,-0.000006663284
0.890625000000,2.812500000000,-0.000005931165
0.890625000000,2.835937500000,-0.000005179011
0.890625000000,2.859375000000,-0.000004409675
0.890625000000,2.882812500000,-0.000003626075
0.890625000000,2.906250000000,-0.000002831183
0.890625000000,2.929687500000,-0.000002028008
0.890625000000,2.953125000000,-0.000001219587
0.890625000000,2.976562500000,-0.000000408970
0.890625000000,3.000000000000,0.000000000000
0.914062500000,0.000000000000,0.000000000000
0.914062500000,0.023437500000,0.000000068109
0.914062500000,0.046875000000,0.000000119591
0.914062500000,0.070312500000,0.000000174954
0.914062500000,0.093750000000,0.000000235383
0.914062500000,0.117187500000,0.000000302016
0.914062500000,0.140625000000,0.000000375926
0.914062500000,0.164062500000,0.000000458121
0.914062500000,0.187500000000,0.000000549529
0.914062500000,0.210937500000,0.000000650990
0.914062500000,0.234375000000,0.000000763254
0.914062500000,0.257812500000,0.000000886968
0.914062500000,0.281250000000,0.000001022673
0.914062500000,0.304687500000,0.000001170799
0.914062500000,0.328125000000,0.000001331656
0.914062500000,0.351562500000,0.000001505436
0.914062500000,0.375000000000,0.000001692206
0.914062500000,0.398437500000,0.000001891907
0.914062500000,0.421875000000,0.000002104350
0.914062500000,0.445312500000,0.000002329220
0.914062500000,0.468750000000,0.000002566071
0.914062500000,0.492187500000,0.000002814334
0.914062500000,0.515625000000,0.000003073308
0.914062500000,0.539062500000,0.000003342176
0.914062500000,0.562500000000,0.000003619994
0.914062500000,0.585937500000,0.000003905712
0.914062500000,0.609375000000,0.000004198162
0.914062500000,0.632812500000,0.000004496077
0.914062500000,0.656250000000,0.000004798091
0.914062500000,0.679687500000,0.000005102747
0.914062500000,0.703125000000,0.000005408506
0.914062500000,0.726562500000,0.000005713757
0.914062500000,0.750000000000,0.000006016822
0.914062500000,0.773437500000,0.000006315968
0.914062500000,0.796875000000,0.000006609418
0.914062500000,0.820312500000,0.000006895358
0.914062500000,0.843750000000,0.000007171952
0.914062500000,0.867187500000,0.000007437349
0.914062500000,0.890625000000,0.000007689697
0.914062500000,0.914062500000,0.000007927151
0.914062500000,0.937500000000,0.000008147888
0.914062500000,0.960937500000,0.000008350116
0.914062500000,0.984375000000,0.000008532087
0.914062500000,1.007812500000,0.000008692106
0.914062500000,1.031250000000,0.000008828544
0.914062500000,1.054687500000,0.000008939846
0.914062500000,1.078125000000,0.000009024545
0.914062500000,1.101562500000,0.000009081270
0.914062500000,1.125000000000,0.000009108756
0.914062500000,1.148437500000,0.000009105852
0.914062500000,1.171875000000,0.000009071530
0.914062500000,1.195312500000,0.000009004895
0.914062500000,1.218750000000,0.000008905191
0.914062500000,1.242187500000,0.000008771805
0.914062500000,1.265625000000,0.000008604277
0.914062500000,1.289062500000,0.000008402303
0.914062500000,1.312500000000,0.000008165740
0.914062500000,1.335937500000,0.000007894607
0.914062500000,1.359375000000,0.000007589093
0.914062500000,1.382812500000,0.000007249554
0.914062500000,1.406250000000,0.000006876515
0.914062500000,1.429687500000,0.000006470671
0.914062500000,1.453125000000,0.000006032886
0.914062500000,1.476562500000,0.000005564189
0.914062500000,1.500000000000,0.000005065776
0.914062500000,1.523437500000,0.000004538999
0.914062500000,1.546875000000,0.000003985370
0.914062500000,1.570312500000,0.000003406552
0.914062500000,1.593750000000,0.000002804347
0.914062500000,1.617187500000,0.000002180701
0.914062500000,1.640625000000,0.000001537687
0.914062500000,1.664062500000,0.000000877499
0.914062500000,1.687500000000,0.000000202444
0.914062500000,1.710937500000,-0.000000485069
0.914062500000,1.734375000000,-0.000001182538
0.914062500000,1.757812500000,-0.000001887379
0.914062500000,1.781250000000,-0.000002596941
0.914062500000,1.804687500000,-0.000003308513
0.914062500000,1.828125000000,-0.000004019337
0.914062500000,1.851562500000,-0.000004726624
0.914062500000,1.875000000000,-0.000005427564
0.914062500000,1.898437500000,-0.000006119339
0.914062500000,1.921875000000,-0.000006799136
0.914062500000,1.945312500000,-0.000007464162
0.914062500000,1.968750000000,-0.000008111656
0.914062500000,1.992187500000,-0.000008738900
0.914062500000,2.015625000000,-0.000009343235
0.914062500000,2.039062500000,-0.000009922073
0.914062500000,2.062500000000,-0.000010472907
0.914062500000,2.085937500000,-0.000010993328
0.914062500000,2.109375000000,-0.000011481030
0.914062500000,2.132812500000,-0.000011933828
0.914062500000,2.156250000000,-0.000012349664
0.914062500000,2.179687500000,-0.000012726619
0.914062500000,2.203125000000,-0.000013062922
0.914062500000,2.226562500000,-0.000013356959
0.914062500000,2.250000000000,-0.000013607282
0.914062500000,2.273437500000,-0.000013812614
0.914062500000,2.296875000000,-0.000013971858
0.914062500000,2.320312500000,-0.000014084103
0.914062500000,2.343750000000,-0.000014148624
0.914062500000,2.367187500000,-0.000014164895
0.914062500000,2.390625000000,-0.000014132580
0.914062500000,2.414062500000,-0.000014051549
0.914062500000,2.437500000000,-0.000013921867
0.914062500000,2.460937500000,-0.000013743800
0.914062500000,2.484375000000,-0.000013517817
0.914062500000,2.507812500000,-0.000013244582
0.914062500000,2.531250000000,-0.000012924957
0.914062500000,2.554687500000,-0.000012559993
0.914062500000,2.578125000000,-0.000012150931
0.914062500000,2.601562500000,-0.000011699196
0.914062500000,2.625000000000,-0.000011206388
0.914062500000,2.648437500000,-0.000010674275
0.914062500000,2.671875000000,-0.000010104791
0.914062500000,2.695312500000,-0.000009500022
0.914062500000,2.718750000000,-0.000008862197
0.914062500000,2.742187500000,-0.000008193683
0.914062500000,2.765625000000,-0.000007496968
0.914062500000,2.789062500000,-0.000006774656
0.914062500000,2.812500000000,-0.000006029452
0.914062500000,2.835937500000,-0.000005264151
0.914062500000,2.859375000000,-0.000004481626
0.914062500000,2.882812500000,-0.000003684816
0.914062500000,2.906250000000,-0.000002876711
0.914062500000,2.929687500000,-0.000002060340
0.914062500000,2.953125000000,-0.000001238760
0.914062500000,2.976562500000,-0.000000415038
0.914062500000,3.000000000000,0.000000000000
0.937500000000,0.000000000000,0.000000000000
0.937500000000,0.023437500000,0.000000095767
0.937500000000,0.046875000000,0.000000165509
0.937500000000,0.070312500000,0.000000238903
0.937500000000,0.093750000000,0.000000317075
0.937500000000,0.117187500000,0.000000401102
0.937500000000,0.140625000000,0.000000492004
0.937500000000,0.164062500000,0.000000590731
0.937500000000,0.187500000000,0.000000698157
0.937500000000,0.210937500000,0.000000815072
0.937500000000,0.234375000000,0.000000942174
0.937500000000,0.257812500000,0.000001080064
0.937500000000,0.281250000000,0.000001229237
0.937500000000,0.304687500000,0.000001390080
0.937500000000,0.328125000000,0.000001562865
0.937500000000,0.351562500000,0.000001747745
0.937500000000,0.375000000000,0.000001944753
0.937500000000,0.398437500000,0.000002153799
0.937500000000,0.421875000000,0.000002374667
0.937500000000,0.445312500000,0.000002607017
0.937500000000,0.468750000000,0.000002850382
0.937500000000,0.492187500000,0.000003104172
0.937500000000,0.515625000000,0.000003367676
0.937500000000,0.539062500000,0.000003640061
0.937500000000,0.562500000000,0.000003920381
0.937500000000,0.585937500000,0.000004207576
0.937500000000,0.609375000000,0.000004500480
0.937500000000,0.632812500000,0.000004797828
0.937500000000,0.656250000000,0.000005098261
0.937500000000,0.679687500000,0.000005400330
0.937500000000,0.703125000000,0.000005702510
0.937500000000,0.726562500000,0.000006003205
0.937500000000,0.750000000000,0.000006300757
0.937500000000,0.773437500000,0.000006593453
0.937500000000,0.796875000000,0.000006879544
0.937500000000,0.820312500000,0.000007157242
0.937500000000,0.843750000000,0.000007424742
0.937500000000,0.867187500000,0.000007680226
0.937500000000,0.890625000000,0.000007921876
0.937500000000,0.914062500000,0.000008147888
0.937500000000,0.937500000000,0.000008356477
0.937500000000,0.960937500000,0.000008545893
0.937500000000,0.984375000000,0.000008714431
0.937500000000,1.007812500000,0.000008860443
0.937500000000,1.031250000000,0.000008982344
0.937500000000,1.054687500000,0.000009078629
0.937500000000,1.078125000000,0.000009147880
0.937500000000,1.101562500000,0.000009188774
0.937500000000,1.125000000000,0.000009200097
0.937500000000,1.148437500000,0.000009180749
0.937500000000,1.171875000000,0.000009129755
0.937500000000,1.195312500000,0.000009046268
0.937500000000,1.218750000000,0.000008929585
0.937500000000,1.242187500000,0.000008779143
0.937500000000,1.265625000000,0.000008594533
0.937500000000,1.289062500000,0.000008375501
0.937500000000,1.312500000000,0.000008121953
0.937500000000,1.335937500000,0.000007833956
0.937500000000,1.359375000000,0.000007511746
0.937500000000,1.382812500000,0.000007155724
0.937500000000,1.406250000000,0.000006766460
0.937500000000,1.429687500000,0.000006344691
0.937500000000,1.453125000000,0.000005891323
0.937500000000,1.476562500000,0.000005407425
0.937500000000,1.500000000000,0.000004894229
0.937500000000,1.523437500000,0.000004353125
0.937500000000,1.546875000000,0.000003785657
0.937500000000,1.570312500000,0.000003193517
0.937500000000,1.593750000000,0.000002578540
0.937500000000,1.617187500000,0.000001942698
0.937500000000,1.640625000000,0.000001288087
0.937500000000,1.664062500000,0.000000616925
0.937500000000,1.687500000000,-0.000000068462
0.937500000000,1.710937500000,-0.000000765646
0.937500000000,1.734375000000,-0.000001472110
0.937500000000,1.757812500000,-0.000002185258
0.937500000000,1.781250000000,-0.000002902428
0.937500000000,1.804687500000,-0.000003620899
0.937500000000,1.828125000000,-0.000004337911
0.937500000000,1.851562500000,-0.000005050667
0.937500000000,1.875000000000,-0.000005756358
0.937500000000,1.898437500000,-0.000006452165
0.937500000000,1.921875000000,-0.000007135278
0.937500000000,1.945312500000,-0.000007802909
0.937500000000,1.968750000000,-0.000008452303
0.937500000000,1.992187500000,-0.000009080750
0.937500000000,2.015625000000,-0.000009685601
0.937500000000,2.039062500000,-0.000010264279
0.937500000000,2.062500000000,-0.000010814292
0.937500000000,2.085937500000,-0.000011333243
0.937500000000,2.109375000000,-0.000011818844
0.937500000000,2.132812500000,-0.000012268926
0.937500000000,2.156250000000,-0.000012681448
0.937500000000,2.179687500000,-0.000013054512
0.937500000000,2.203125000000,-0.000013386366
0.937500000000,2.226562500000,-0.000013675417
0.937500000000,2.250000000000,-0.000013920238
0.937500000000,2.273437500000,-0.000014119575
0.937500000000,2.296875000000,-0.000014272353
0.937500000000,2.320312500000,-0.000014377682
0.937500000000,2.343750000000,-0.000014434862
0.937500000000,2.367187500000,-0.000014443388
0.937500000000,2.390625000000,-0.000014402951
0.937500000000,2.414062500000,-0.000014313440
0.937500000000,2.437500000000,-0.000014174944
0.937500000000,2.460937500000,-0.000013987755
0.937500000000,2.484375000000,-0.000013752361
0.937500000000,2.507812500000,-0.000013469449
0.937500000000,2.531250000000,-0.000013139902
0.937500000000,2.554687500000,-0.000012764795
0.937500000000,2.578125000000,-0.000012345388
0.937500000000,2.601562500000,-0.000011883127
0.937500000000,2.625000000000,-0.000011379630
0.937500000000,2.648437500000,-0.000010836688
0.937500000000,2.671875000000,-0.000010256250
0.937500000000,2.695312500000,-0.000009640421
0.937500000000,2.718750000000,-0.000008991448
0.937500000000,2.742187500000,-0.000008311713
0.937500000000,2.765625000000,-0.000007603721
0.937500000000,2.789062500000,-0.000006870092
0.937500000000,2.812500000000,-0.000006113544
0.937500000000,2.835937500000,-0.000005336887
0.937500000000,2.859375000000,-0.000004543008
0.937500000000,2.882812500000,-0.000003734859
0.937500000000,2.906250000000,-0.000002915440
0.937500000000,2.929687500000,-0.000002087794
0.937500000000,2.953125000000,-0.000001254989
0.937500000000,2.976562500000,-0.000000420102
0.937500000000,3.000000000000,0.000000000000
0.960937500000,0.000000000000,0.000000000000
0.960937500000,0.023437500000,0.000000123491
0.960937500000,0.046875000000,0.000000211513
0.960937500000,0.070312500000,0.000000302944
0.960937500000,0.093750000000,0.000000398851
0.960937500000,0.117187500000,0.000000500247
0.960937500000,0.140625000000,0.000000608092
0.960937500000,0.164062500000,0.000000723277
0.960937500000,0.187500000000,0.000000846620
0.960937500000,0.210937500000,0.000000978856
0.960937500000,0.234375000000,0.000001120632
0.960937500000,0.257812500000,0.000001272498
0.960937500000,0.281250000000,0.000001434903
0.960937500000,0.304687500000,0.000001608189
0.960937500000,0.328125000000,0.000001792587
0.960937500000,0.351562500000,0.000001988213
0.960937500000,0.375000000000,0.000002195065
0.960937500000,0.398437500000,0.000002413021
0.960937500000,0.421875000000,0.000002641839
0.960937500000,0.445312500000,0.000002881152
0.960937500000,0.468750000000,0.000003130476
0.960937500000,0.492187500000,0.000003389202
0.960937500000,0.515625000000,0.000003656607
0.960937500000,0.539062500000,0.000003931848
0.960937500000,0.562500000000,0.000004213974
0.960937500000,0.585937500000,0.000004501924
0.960937500000,0.609375000000,0.000004794535
0.960937500000,0.632812500000,0.000005090546
0.960937500000,0.656250000000,0.000005388608
0.960937500000,0.679687500000,0.000005687286
0.960937500000,0.703125000000,0.000005985072
0.960937500000,0.726562500000,0.000006280389
0.960937500000,0.750000000000,0.000006571602
0.960937500000,0.773437500000,0.000006857029
0.960937500000,0.796875000000,0.000007134945
0.960937500000,0.820312500000,0.000007403600
0.960937500000,0.843750000000,0.000007661221
0.960937500000,0.867187500000,0.000007906029
0.960937500000,0.890625000000,0.000008136249
0.960937500000,0.914062500000,0.000008350116
0.960937500000,0.937500000000,0.000008545893
0.960937500000,0.960937500000,0.000008721876
0.960937500000,0.984375000000,0.000008876408
0.960937500000,1.007812500000,0.000009007891
0.960937500000,1.031250000000,0.000009114792
0.960937500000,1.054687500000,0.000009195657
0.960937500000,1.078125000000,0.000009249122
0.960937500000,1.101562500000,0.000009273918
0.960937500000,1.125000000000,0.000009268885
0.960937500000,1.148437500000,0.000009232977
0.960937500000,1.171875000000,0.000009165271
0.960937500000,1.195312500000,0.000009064978
0.960937500000,1.218750000000,0.000008931445
0.960937500000,1.242187500000,0.000008764165
0.960937500000,1.265625000000,0.000008562780
0.960937500000,1.289062500000,0.000008327085
0.960937500000,1.312500000000,0.000008057037
0.960937500000,1.335937500000,0.000007752753
0.960937500000,1.359375000000,0.000007414513
0.960937500000,1.382812500000,0.000007042766
0.960937500000,1.406250000000,0.000006638124
0.960937500000,1.429687500000,0.000006201366
0.960937500000,1.453125000000,0.000005733436
0.960937500000,1.476562500000,0.000005235440
0.960937500000,1.500000000000,0.000004708646
0.960937500000,1.523437500000,0.000004154475
0.960937500000,1.546875000000,0.000003574501
0.960937500000,1.570312500000,0.000002970445
0.960937500000,1.593750000000,0.000002344167
0.960937500000,1.617187500000,0.000001697657
0.960937500000,1.640625000000,0.000001033035
0.960937500000,1.664062500000,0.000000352533
0.960937500000,1.687500000000,-0.000000341507
0.960937500000,1.710937500000,-0.000001046647
0.960937500000,1.734375000000,-0.000001760360
0.960937500000,1.757812500000,-0.000002480045
0.960937500000,1.781250000000,-0.000003203034
0.960937500000,1.804687500000,-0.000003926607
0.960937500000,1.828125000000,-0.000004648002
0.960937500000,1.851562500000,-0.000005364430
0.960937500000,1.875000000000,-0.000006073084
0.960937500000,1.898437500000,-0.000006771155
0.960937500000,1.921875000000,-0.000007455842
0.960937500000,1.945312500000,-0.000008124368
0.960937500000,1.968750000000,-0.000008773992
0.960937500000,1.992187500000,-0.000009402020
0.960937500000,2.015625000000,-0.000010005820
0.960937500000,2.039062500000,-0.000010582834
0.960937500000,2.062500000000,-0.000011130588
0.960937500000,2.085937500000,-0.000011646707
0.960937500000,2.109375000000,-0.000012128925
0.960937500000,2.132812500000,-0.000012575095
0.960937500000,2.156250000000,-0.000012983201
0.960937500000,2.179687500000,-0.000013351367
0.960937500000,2.203125000000,-0.000013677868
0.960937500000,2.226562500000,-0.000013961136
0.960937500000,2.250000000000,-0.000014199767
0.960937500000,2.273437500000,-0.000014392535
0.960937500000,2.296875000000,-0.000014538389
0.960937500000,2.320312500000,-0.000014636465
0.960937500000,2.343750000000,-0.000014686088
0.960937500000,2.367187500000,-0.000014686777
0.960937500000,2.390625000000,-0.000014638247
0.960937500000,2.414062500000,-0.000014540412
0.960937500000,2.437500000000,-0.000014393384
0.960937500000,2.460937500000,-0.000014197475
0.960937500000,2.484375000000,-0.000013953196
0.960937500000,2.507812500000,-0.000013661256
0.960937500000,2.531250000000,-0.000013322556
0.960937500000,2.554687500000,-0.000012938189
0.960937500000,2.578125000000,-0.000012509436
0.960937500000,2.601562500000,-0.000012037756
0.960937500000,2.625000000000,-0.000011524785
0.960937500000,2.648437500000,-0.000010972328
0.960937500000,2.671875000000,-0.000010382349
0.960937500000,2.695312500000,-0.000009756963
0.960937500000,2.718750000000,-0.000009098431
0.960937500000,2.742187500000,-0.000008409143
0.960937500000,2.765625000000,-0.000007691617
0.960937500000,2.789062500000,-0.000006948478
0.960937500000,2.812500000000,-0.000006182455
0.960937500000,2.835937500000,-0.000005396363
0.960937500000,2.859375000000,-0.000004593094
0.960937500000,2.882812500000,-0.000003775606
0.960937500000,2.906250000000,-0.000002946906
0.960937500000,2.929687500000,-0.000002110038
0.960937500000,2.953125000000,-0.000001268075
0.960937500000,2.976562500000,-0.000000424096
0.960937500000,3.000000000000,0.000000000000
0.984375000000,0.000000000000,0.000000000000
0.984375000000,0.023437500000,0.000000151136
0.984375000000,0.046875000000,0.000000257360
0.984375000000,0.070312500000,0.000000366743
0.984375000000,0.093750000000,0.000000480282
0.984375000000,0.117187500000,0.000000598927
0.984375000000,0.140625000000,0.000000723575
0.984375000000,0.164062500000,0.000000855056
0.984375000000,0.187500000000,0.000000994127
0.984375000000,0.210937500000,0.000001141467
0.984375000000,0.234375000000,0.000001297668
0.984375000000,0.257812500000,0.000001463229
0.984375000000,0.281250000000,0.000001638551
0.984375000000,0.304687500000,0.000001823930
0.984375000000,0.328125000000,0.000002019555
0.984375000000,0.351562500000,0.000002225502
0.984375000000,0.375000000000,0.000002441737
0.984375000000,0.398437500000,0.000002668105
0.984375000000,0.421875000000,0.000002904336
0.984375000000,0.445312500000,0.000003150042
0.984375000000,0.468750000000,0.000003404718
0.984375000000,0.492187500000,0.000003667740
0.984375000000,0.515625000000,0.000003938373
0.984375000000,0.539062500000,0.000004215770
0.984375000000,0.562500000000,0.000004498973
0.984375000000,0.585937500000,0.000004786926
0.984375000000,0.609375000000,0.000005078468
0.984375000000,0.632812500000,0.000005372351
0.984375000000,0.656250000000,0.000005667236
0.984375000000,0.679687500000,0.000005961707
0.984375000000,0.703125000000,0.000006254276
0.984375000000,0.726562500000,0.000006543391
0.984375000000,0.750000000000,0.000006827446
0.984375000000,0.773437500000,0.000007104789
0.984375000000,0.796875000000,0.000007373731
0.984375000000,0.820312500000,0.000007632558
0.984375000000,0.843750000000,0.000007879539
0.984375000000,0.867187500000,0.000008112939
0.984375000000,0.890625000000,0.000008331027
0.984375000000,0.914062500000,0.000008532087
0.984375000000,0.937500000000,0.000008714431
0.984375000000,0.960937500000,0.000008876408
0.984375000000,0.984375000000,0.000009016414
0.984375000000,1.007812500000,0.000009132905
0.984375000000,1.031250000000,0.000009224404
0.984375000000,1.054687500000,0.000009289515
0.984375000000,1.078125000000,0.000009326929
0.984375000000,1.101562500000,0.000009335436
0.984375000000,1.125000000000,0.000009313932
0.984375000000,1.148437500000,0.000009261429
0.984375000000,1.171875000000,0.000009177063
0.984375000000,1.195312500000,0.000009060100
0.984375000000,1.218750000000,0.000008909944
0.984375000000,1.242187500000,0.000008726140
0.984375000000,1.265625000000,0.000008508385
0.984375000000,1.289062500000,0.000008256528
0.984375000000,1.312500000000,0.000007970573
0.984375000000,1.335937500000,0.000007650686
0.984375000000,1.359375000000,0.000007297196
0.984375000000,1.382812500000,0.000006910594
0.984375000000,1.406250000000,0.000006491534
0.984375000000,1.429687500000,0.000006040836
0.984375000000,1.453125000000,0.000005559480
0.984375000000,1.476562500000,0.000005048608
0.984375000000,1.500000000000,0.000004509516
0.984375000000,1.523437500000,0.000003943658
0.984375000000,1.546875000000,0.000003352632
0.984375000000,1.570312500000,0.000002738181
0.984375000000,1.593750000000,0.000002102185
0.984375000000,1.617187500000,0.000001446653
0.984375000000,1.640625000000,0.000000773718
0.984375000000,1.664062500000,0.000000085622
0.984375000000,1.687500000000,-0.000000615284
0.984375000000,1.710937500000,-0.000001326557
0.984375000000,1.734375000000,-0.000002045668
0.984375000000,1.757812500000,-0.000002770016
0.984375000000,1.781250000000,-0.000003496938
0.984375000000,1.804687500000,-0.000004223719
0.984375000000,1.828125000000,-0.000004947605
0.984375000000,1.851562500000,-0.000005665818
0.984375000000,1.875000000000,-0.000006375565
0.984375000000,1.898437500000,-0.000007074051
0.984375000000,1.921875000000,-0.000007758495
0.984375000000,1.945312500000,-0.000008426137
0.984375000000,1.968750000000,-0.000009074259
0.984375000000,1.992187500000,-0.000009700188
0.984375000000,2.015625000000,-0.000010301317
0.984375000000,2.039062500000,-0.000010875113
0.984375000000,2.062500000000,-0.000011419129
0.984375000000,2.085937500000,-0.000011931017
0.984375000000,2.109375000000,-0.000012408540
0.984375000000,2.132812500000,-0.000012849578
0.984375000000,2.156250000000,-0.000013252147
0.984375000000,2.179687500000,-0.000013614398
0.984375000000,2.203125000000,-0.000013934637
0.984375000000,2.226562500000,-0.000014211324
0.984375000000,2.250000000000,-0.000014443086
0.984375000000,2.273437500000,-0.000014628725
0.984375000000,2.296875000000,-0.000014767218
0.984375000000,2.320312500000,-0.000014857729
0.984375000000,2.343750000000,-0.000014899612
0.984375000000,2.367187500000,-0.000014892410
0.984375000000,2.390625000000,-0.000014835864
0.984375000000,2.414062500000,-0.000014729911
0.984375000000,2.437500000000,-0.000014574686
0.984375000000,2.460937500000,-0.000014370525
0.984375000000,2.484375000000,-0.000014117957
0.984375000000,2.507812500000,-0.000013817709
0.984375000000,2.531250000000,-0.000013470702
0.984375000000,2.554687500000,-0.000013078045
0.984375000000,2.578125000000,-0.000012641030
0.984375000000,2.601562500000,-0.000012161133
0.984375000000,2.625000000000,-0.000011640000
0.984375000000,2.648437500000,-0.000011079446
0.984375000000,2.671875000000,-0.000010481442
0.984375000000,2.695312500000,-0.000009848112
0.984375000000,2.718750000000,-0.000009181721
0.984375000000,2.742187500000,-0.000008484666
0.984375000000,2.765625000000,-0.000007759464
0.984375000000,2.789062500000,-0.000007008744
0.984375000000,2.812500000000,-0.000006235235
0.984375000000,2.835937500000,-0.000005441751
0.984375000000,2.859375000000,-0.000004631183
0.984375000000,2.882812500000,-0.000003806486
0.984375000000,2.906250000000,-0.000002970662
0.984375000000,2.929687500000,-0.000002126755
0.984375000000,2.953125000000,-0.000001277828
0.984375000000,2.976562500000,-0.000000426959
0.984375000000,3.000000000000,0.000000000000
1.007812500000,0.000000000000,0.000000000000
1.007812500000,0.023437500000,0.000000178558
1.007812500000,0.046875000000,0.000000302812
1.007812500000,0.070312500000,0.000000429962
1.007812500000,0.093750000000,0.000000560938
1.007812500000,0.117187500000,0.000000696622
1.007812500000,0.140625000000,0.000000837842
1.007812500000,0.164062500000,0.000000985365
1.007812500000,0.187500000000,0.000001139888
1.007812500000,0.210937500000,0.000001302029
1.007812500000,0.234375000000,0.000001472325
1.007812500000,0.257812500000,0.000001651221
1.007812500000,0.281250000000,0.000001839066
1.007812500000,0.304687500000,0.000002036113
1.007812500000,0.328125000000,0.000002242505
1.007812500000,0.351562500000,0.000002458283
1.007812500000,0.375000000000,0.000002683374
1.007812500000,0.398437500000,0.000002917593
1.007812500000,0.421875000000,0.000003160645
1.007812500000,0.445312500000,0.000003412118
1.007812500000,0.468750000000,0.000003671488
1.007812500000,0.492187500000,0.000003938120
1.007812500000,0.515625000000,0.000004211268
1.007812500000,0.539062500000,0.000004490080
1.007812500000,0.562500000000,0.000004773600
1.007812500000,0.585937500000,0.000005060773
1.007812500000,0.609375000000,0.000005350450
1.007812500000,0.632812500000,0.000005641392
1.007812500000,0.656250000000,0.000005932280
1.007812500000,0.679687500000,0.000006221718
1.007812500000,0.703125000000,0.000006508244
1.007812500000,0.726562500000,0.000006790334
1.007812500000,0.750000000000,0.000007066415
1.007812500000,0.773437500000,0.000007334871
1.007812500000,0.796875000000,0.000007594053
1.007812500000,0.820312500000,0.000007842290
1.007812500000,0.843750000000,0.000008077897
1.007812500000,0.867187500000,0.000008299185
1.007812500000,0.890625000000,0.000008504476
1.007812500000,0.914062500000,0.000008692106
1.007812500000,0.937500000000,0.000008860443
1.007812500000,0.960937500000,0.000009007891
1.007812500000,0.984375000000,0.000009132905
1.007812500000,1.007812500000,0.000009234000
1.007812500000,1.031250000000,0.000009309760
1.007812500000,1.054687500000,0.000009358849
1.007812500000,1.078125000000,0.000009380018
1.007812500000,1.101562500000,0.000009372120
1.007812500000,1.125000000000,0.000009334112
1.007812500000,1.148437500000,0.000009265067
1.007812500000,1.171875000000,0.000009164179
1.007812500000,1.195312500000,0.000009030774
1.007812500000,1.218750000000,0.000008864313
1.007812500000,1.242187500000,0.000008664398
1.007812500000,1.265625000000,0.000008430781
1.007812500000,1.289062500000,0.000008163361
1.007812500000,1.312500000000,0.000007862197
1.007812500000,1.335937500000,0.000007527501
1.007812500000,1.359375000000,0.000007159647
1.007812500000,1.382812500000,0.000006759170
1.007812500000,1.406250000000,0.000006326765
1.007812500000,1.429687500000,0.000005863289
1.007812500000,1.453125000000,0.000005369757
1.007812500000,1.476562500000,0.000004847342
1.007812500000,1.500000000000,0.000004297369
1.007812500000,1.523437500000,0.000003721315
1.007812500000,1.546875000000,0.000003120802
1.007812500000,1.570312500000,0.000002497590
1.007812500000,1.593750000000,0.000001853574
1.007812500000,1.617187500000,0.000001190776
1.007812500000,1.640625000000,0.000000511333
1.007812500000,1.664062500000,-0.000000182503
1.007812500000,1.687500000000,-0.000000888383
1.007812500000,1.710937500000,-0.000001603863
1.007812500000,1.734375000000,-0.000002326422
1.007812500000,1.757812500000,-0.000003053465
1.007812500000,1.781250000000,-0.000003782339
1.007812500000,1.804687500000,-0.000004510343
1.007812500000,1.828125000000,-0.000005234740
1.007812500000,1.851562500000,-0.000005952770
1.007812500000,1.875000000000,-0.000006661661
1.007812500000,1.898437500000,-0.000007358642
1.007812500000,1.921875000000,-0.000008040955
1.007812500000,1.945312500000,-0.000008705870
1.007812500000,1.968750000000,-0.000009350696
1.007812500000,1.992187500000,-0.000009972792
1.007812500000,2.015625000000,-0.000010569581
1.007812500000,2.039062500000,-0.000011138562
1.007812500000,2.062500000000,-0.000011677322
1.007812500000,2.085937500000,-0.000012183549
1.007812500000,2.109375000000,-0.000012655037
1.007812500000,2.132812500000,-0.000013089704
1.007812500000,2.156250000000,-0.000013485599
1.007812500000,2.179687500000,-0.000013840909
1.007812500000,2.203125000000,-0.000014153973
1.007812500000,2.226562500000,-0.000014423285
1.007812500000,2.250000000000,-0.000014647508
1.007812500000,2.273437500000,-0.000014825472
1.007812500000,2.296875000000,-0.000014956189
1.007812500000,2.320312500000,-0.000015038853
1.007812500000,2.343750000000,-0.000015072844
1.007812500000,2.367187500000,-0.000015057736
1.007812500000,2.390625000000,-0.000014993294
1.007812500000,2.414062500000,-0.000014879480
1.007812500000,2.437500000000,-0.000014716452
1.007812500000,2.460937500000,-0.000014504565
1.007812500000,2.484375000000,-0.000014244369
1.007812500000,2.507812500000,-0.000013936609
1.007812500000,2.531250000000,-0.000013582217
1.007812500000,2.554687500000,-0.000013182318
1.007812500000,2.578125000000,-0.000012738215
1.007812500000,2.601562500000,-0.000012251391
1.007812500000,2.625000000000,-0.000011723501
1.007812500000,2.648437500000,-0.000011156364
1.007812500000,2.671875000000,-0.000010551954
1.007812500000,2.695312500000,-0.000009912397
1.007812500000,2.718750000000,-0.000009239957
1.007812500000,2.742187500000,-0.000008537027
1.007812500000,2.765625000000,-0.000007806122
1.007812500000,2.789062500000,-0.000007049865
1.007812500000,2.812500000000,-0.000006270976
1.007812500000,2.835937500000,-0.000005472263
1.007812500000,2.859375000000,-0.000004656606
1.007812500000,2.882812500000,-0.000003826949
1.007812500000,2.906250000000,-0.000002986284
1.007812500000,2.929687500000,-0.000002137639
1.007812500000,2.953125000000,-0.000001284066
1.007812500000,2.976562500000,-0.000000428629
1.007812500000,3.000000000000,0.000000000000
1.031250000000,0.000000000000,0.000000000000
1.031250000000,0.023437500000,0.000000205613
1.031250000000,0.046875000000,0.000000347628
1.031250000000,0.070312500000,0.000000492271
1.031250000000,0.093750000000,0.000000640395
1.031250000000,0.117187500000,0.000000792813
1.031250000000,0.140625000000,0.000000950286
1.031250000000,0.164062500000,0.000001113511
1.031250000000,0.187500000000,0.000001283123
1.031250000000,0.210937500000,0.000001459679
1.031250000000,0.234375000000,0.000001643656
1.031250000000,0.257812500000,0.000001835445
1.031250000000,0.281250000000,0.000002035346
1.031250000000,0.304687500000,0.000002243562
1.031250000000,0.328125000000,0.000002460193
1.031250000000,0.351562500000,0.000002685241
1.031250000000,0.375000000000,0.000002918598
1.031250000000,0.398437500000,0.000003160049
1.031250000000,0.421875000000,0.000003409271
1.031250000000,0.445312500000,0.000003665832
1.031250000000,0.468750000000,0.000003929192
1.031250000000,0.492187500000,0.000004198703
1.031250000000,0.515625000000,0.000004473613
1.031250000000,0.539062500000,0.000004753066
1.031250000000,0.562500000000,0.000005036110
1.031250000000,0.585937500000,0.000005321696
1.031250000000,0.609375000000,0.000005608687
1.031250000000,0.632812500000,0.000005895861
1.031250000000,0.656250000000,0.000006181919
1.031250000000,0.679687500000,0.000006465492
1.031250000000,0.703125000000,0.000006745145
1.031250000000,0.726562500000,0.000007019389
1.031250000000,0.750000000000,0.000007286688
1.031250000000,0.773437500000,0.000007545467
1.031250000000,0.796875000000,0.000007794122
1.031250000000,0.820312500000,0.000008031028
1.031250000000,0.843750000000,0.000008254552
1.031250000000,0.867187500000,0.000008463059
1.031250000000,0.890625000000,0.000008654924
1.031250000000,0.914062500000,0.000008828544
1.031250000000,0.937500000000,0.000008982344
1.031250000000,0.960937500000,0.000009114792
1.031250000000,0.984375000000,0.000009224404
1.031250000000,1.007812500000,0.000009309760
1.031250000000,1.031250000000,0.000009369507
1.031250000000,1.054687500000,0.000009402375
1.031250000000,1.078125000000,0.000009407180
1.031250000000,1.101562500000,0.000009382839
1.031250000000,1.125000000000,0.000009328374
1.031250000000,1.148437500000,0.000009242920
1.031250000000,1.171875000000,0.000009125735
1.031250000000,1.195312500000,0.000008976206
1.031250000000,1.218750000000,0.000008793852
1.031250000000,1.242187500000,0.000008578335
1.031250000000,1.265625000000,0.000008329460
1.031250000000,1.289062500000,0.000008047182
1.031250000000,1.312500000000,0.000007731607
1.031250000000,1.335937500000,0.000007382998
1.031250000000,1.359375000000,0.000007001773
1.031250000000,1.382812500000,0.000006588509
1.031250000000,1.406250000000,0.000006143939
1.031250000000,1.429687500000,0.000005668957
1.031250000000,1.453125000000,0.000005164608
1.031250000000,1.476562500000,0.000004632094
1.031250000000,1.500000000000,0.000004072764
1.031250000000,1.523437500000,0.000003488117
1.031250000000,1.546875000000,0.000002879791
1.031250000000,1.570312500000,0.000002249560
1.031250000000,1.593750000000,0.000001599328
1.031250000000,1.617187500000,0.000000931122
1.031250000000,1.640625000000,0.000000247084
1.031250000000,1.664062500000,-0.000000450539
1.031250000000,1.687500000000,-0.000001159401
1.031250000000,1.710937500000,-0.000001877068
1.031250000000,1.734375000000,-0.000002601029
1.031250000000,1.757812500000,-0.000003328706
1.031250000000,1.781250000000,-0.000004057463
1.031250000000,1.804687500000,-0.000004784622
1.031250000000,1.828125000000,-0.000005507469
1.031250000000,1.851562500000,-0.000006223270
1.031250000000,1.875000000000,-0.000006929283
1.031250000000,1.898437500000,-0.000007622768
1.031250000000,1.921875000000,-0.000008301002
1.031250000000,1.945312500000,-0.000008961287
1.031250000000,1.968750000000,-0.000009600970
1.031250000000,1.992187500000,-0.000010217447
1.031250000000,2.015625000000,-0.000010808182
1.031250000000,2.039062500000,-0.000011370712
1.031250000000,2.062500000000,-0.000011902666
1.031250000000,2.085937500000,-0.000012401771
1.031250000000,2.109375000000,-0.000012865863
1.031250000000,2.132812500000,-0.000013292901
1.031250000000,2.156250000000,-0.000013680974
1.031250000000,2.179687500000,-0.000014028310
1.031250000000,2.203125000000,-0.000014333286
1.031250000000,2.226562500000,-0.000014594437
1.031250000000,2.250000000000,-0.000014810459
1.031250000000,2.273437500000,-0.000014980222
1.031250000000,2.296875000000,-0.000015102770
1.031250000000,2.320312500000,-0.000015177330
1.031250000000,2.343750000000,-0.000015203313
1.031250000000,2.367187500000,-0.000015180322
1.031250000000,2.390625000000,-0.000015108149
1.031250000000,2.414062500000,-0.000014986780
1.031250000000,2.437500000000,-0.000014816396
1.031250000000,2.460937500000,-0.000014597372
1.031250000000,2.484375000000,-0.000014330274
1.031250000000,2.507812500000,-0.000014015862
1.031250000000,2.531250000000,-0.000013655083
1.031250000000,2.554687500000,-0.000013249069
1.031250000000,2.578125000000,-0.000012799132
1.031250000000,2.601562500000,-0.000012306759
1.031250000000,2.625000000000,-0.000011773607
1.031250000000,2.648437500000,-0.000011201494
1.031250000000,2.671875000000,-0.000010592394
1.031250000000,2.695312500000,-0.000009948426
1.031250000000,2.718750000000,-0.000009271847
1.031250000000,2.742187500000,-0.000008565042
1.031250000000,2.765625000000,-0.000007830514
1.031250000000,2.789062500000,-0.000007070871
1.031250000000,2.812500000000,-0.000006288821
1.031250000000,2.835937500000,-0.000005487154
1.031250000000,2.859375000000,-0.000004668731
1.031250000000,2.882812500000,-0.000003836479
1.031250000000,2.906250000000,-0.000002993367
1.031250000000,2.929687500000,-0.000002142403
1.031250000000,2.953125000000,-0.000001286619
1.031250000000,2.976562500000,-0.000000429053
1.031250000000,3.000000000000,0.000000000000
1.054687500000,0.000000000000,0.000000000000
1.054687500000,0.023437500000,0.000000232158
1.054687500000,0.046875000000,0.000000391575
1.054687500000,0.070312500000,0.000000553339
1.054687500000,0.093750000000,0.000000718232
1.054687500000,0.117187500000,0.000000886992
1.054687500000,0.140625000000,0.000001060307
1.054687500000,0.164062500000,0.000001238808
1.054687500000,0.187500000000,0.000001423062
1.054687500000,0.210937500000,0.000001613563
1.054687500000,0.234375000000,0.000001810729
1.054687500000,0.257812500000,0.000002014894
1.054687500000,0.281250000000,0.000002226307
1.054687500000,0.304687500000,0.000002445121
1.054687500000,0.328125000000,0.000002671395
1.054687500000,0.351562500000,0.000002905088
1.054687500000,0.375000000000,0.000003146059
1.054687500000,0.398437500000,0.000003394063
1.054687500000,0.421875000000,0.000003648752
1.054687500000,0.445312500000,0.000003909674
1.054687500000,0.468750000000,0.000004176272
1.054687500000,0.492187500000,0.000004447890
1.054687500000,0.515625000000,0.000004723770
1.054687500000,0.539062500000,0.000005003057
1.054687500000,0.562500000000,0.000005284803
1.054687500000,0.585937500000,0.000005567970
1.054687500000,0.609375000000,0.000005851436
1.054687500000,0.632812500000,0.000006134000
1.054687500000,0.656250000000,0.000006414386
1.054687500000,0.679687500000,0.000006691255
1.054687500000,0.703125000000,0.000006963206
1.054687500000,0.726562500000,0.000007228789
1.054687500000,0.750000000000,0.000007486508
1.054687500000,0.773437500000,0.000007734835
1.054687500000,0.796875000000,0.000007972214
1.054687500000,0.820312500000,0.000008197074
1.054687500000,0.843750000000,0.000008407836
1.054687500000,0.867187500000,0.000008602924
1.054687500000,0.890625000000,0.000008780774
1.054687500000,0.914062500000,0.000008939846
1.054687500000,0.937500000000,0.000009078629
1.054687500000,0.960937500000,0.000009195657
1.054687500000,0.984375000000,0.000009289515
1.054687500000,1.007812500000,0.000009358849
1.054687500000,1.031250000000,0.000009402375
1.054687500000,1.054687500000,0.000009418892
1.054687500000,1.078125000000,0.000009407285
1.054687500000,1.101562500000,0.000009366539
1.054687500000,1.125000000000,0.000009295742
1.054687500000,1.148437500000,0.000009194097
1.054687500000,1.171875000000,0.000009060926
1.054687500000,1.195312500000,0.000008895679
1.054687500000,1.218750000000,0.000008697936
1.054687500000,1.242187500000,0.000008467418
1.054687500000,1.265625000000,0.000008203987
1.054687500000,1.289062500000,0.000007907650
1.054687500000,1.312500000000,0.000007578565
1.054687500000,1.335937500000,0.000007217041
1.054687500000,1.359375000000,0.000006823540
1.054687500000,1.382812500000,0.000006398680
1.054687500000,1.406250000000,0.000005943231
1.054687500000,1.429687500000,0.000005458118
1.054687500000,1.453125000000,0.000004944416
1.054687500000,1.476562500000,0.000004403351
1.054687500000,1.500000000000,0.000003836295
1.054687500000,1.523437500000,0.000003244760
1.054687500000,1.546875000000,0.000002630399
1.054687500000,1.570312500000,0.000001994992
1.054687500000,1.593750000000,0.000001340449
1.054687500000,1.617187500000,0.000000668796
1.054687500000,1.640625000000,-0.000000017830
1.054687500000,1.664062500000,-0.000000717190
1.054687500000,1.687500000000,-0.000001426949
1.054687500000,1.710937500000,-0.000002144689
1.054687500000,1.734375000000,-0.000002867920
1.054687500000,1.757812500000,-0.000003594085
1.054687500000,1.781250000000,-0.000004320576
1.054687500000,1.804687500000,-0.000005044743
1.054687500000,1.828125000000,-0.000005763904
1.054687500000,1.851562500000,-0.000006475361
1.054687500000,1.875000000000,-0.000007176408
1.054687500000,1.898437500000,-0.000007864346
1.054687500000,1.921875000000,-0.000008536490
1.054687500000,1.945312500000,-0.000009190189
1.054687500000,1.968750000000,-0.000009822833
1.054687500000,1.992187500000,-0.000010431863
1.054687500000,2.015625000000,-0.000011014790
1.054687500000,2.039062500000,-0.000011569199
1.054687500000,2.062500000000,-0.000012092766
1.054687500000,2.085937500000,-0.000012583265
1.054687500000,2.109375000000,-0.000013038581
1.054687500000,2.132812500000,-0.000013456718
1.054687500000,2.156250000000,-0.000013835813
1.054687500000,2.179687500000,-0.000014174139
1.054687500000,2.203125000000,-0.000014470118
1.054687500000,2.226562500000,-0.000014722325
1.054687500000,2.250000000000,-0.000014929500
1.054687500000,2.273437500000,-0.000015090551
1.054687500000,2.296875000000,-0.000015204560
1.054687500000,2.320312500000,-0.000015270789
1.054687500000,2.343750000000,-0.000015288681
1.054687500000,2.367187500000,-0.000015257869
1.054687500000,2.390625000000,-0.000015178174
1.054687500000,2.414062500000,-0.000015049605
1.054687500000,2.437500000000,-0.000014872365
1.054687500000,2.460937500000,-0.000014646848
1.054687500000,2.484375000000,-0.000014373636
1.054687500000,2.507812500000,-0.000014053502
1.054687500000,2.531250000000,-0.000013687403
1.054687500000,2.554687500000,-0.000013276475
1.054687500000,2.578125000000,-0.000012822035
1.054687500000,2.601562500000,-0.000012325572
1.054687500000,2.625000000000,-0.000011788738
1.054687500000,2.648437500000,-0.000011213347
1.054687500000,2.671875000000,-0.000010601363
1.054687500000,2.695312500000,-0.000009954894
1.054687500000,2.718750000000,-0.000009276184
1.054687500000,2.742187500000,-0.000008567601
1.054687500000,2.765625000000,-0.000007831629
1.054687500000,2.789062500000,-0.000007070857
1.054687500000,2.812500000000,-0.000006287967
1.054687500000,2.835937500000,-0.000005485725
1.054687500000,2.859375000000,-0.000004666968
1.054687500000,2.882812500000,-0.000003834591
1.054687500000,2.906250000000,-0.000002991536
1.054687500000,2.929687500000,-0.000002140781
1.054687500000,2.953125000000,-0.000001285325
1.054687500000,2.976562500000,-0.000000428177
1.054687500000,3.000000000000,0.000000000000
1.078125000000,0.000000000000,0.000000000000
1.078125000000,0.023437500000,0.000000258054
1.078125000000,0.046875000000,0.000000434419
1.078125000000,0.070312500000,0.000000612847
1.078125000000,0.093750000000,0.000000794039
1.078125000000,0.117187500000,0.000000978659
1.078125000000,0.140625000000,0.000001167321
1.078125000000,0.164062500000,0.000001360585
1.078125000000,0.187500000000,0.000001558950
1.078125000000,0.210937500000,0.000001762847
1.078125000000,0.234375000000,0.000001972631
1.078125000000,0.257812500000,0.000002188580
1.078125000000,0.281250000000,0.000002410888
1.078125000000,0.304687500000,0.000002639661
1.078125000000,0.328125000000,0.000002874913
1.078125000000,0.351562500000,0.000003116564
1.078125000000,0.375000000000,0.000003364439
1.078125000000,0.398437500000,0.000003618263
1.078125000000,0.421875000000,0.000003877663
1.078125000000,0.445312500000,0.000004142169
1.078125000000,0.468750000000,0.000004411212
1.078125000000,0.492187500000,0.000004684125
1.078125000000,0.515625000000,0.000004960149
1.078125000000,0.539062500000,0.000005238432
1.078125000000,0.562500000000,0.000005518033
1.078125000000,0.585937500000,0.000005797928
1.078125000000,0.609375000000,0.000006077014
1.078125000000,0.632812500000,0.000006354112
1.078125000000,0.656250000000,0.000006627978
1.078125000000,0.679687500000,0.000006897303
1.078125000000,0.703125000000,0.000007160726
1.078125000000,0.726562500000,0.000007416838
1.078125000000,0.750000000000,0.000007664191
1.078125000000,0.773437500000,0.000007901307
1.078125000000,0.796875000000,0.000008126683
1.078125000000,0.820312500000,0.000008338807
1.078125000000,0.843750000000,0.000008536160
1.078125000000,0.867187500000,0.000008717228
1.078125000000,0.890625000000,0.000008880515
1.078125000000,0.914062500000,0.000009024545
1.078125000000,0.937500000000,0.000009147880
1.078125000000,0.960937500000,0.000009249122
1.078125000000,0.984375000000,0.000009326929
1.078125000000,1.007812500000,0.000009380018
1.078125000000,1.031250000000,0.000009407180
1.078125000000,1.054687500000,0.000009407285
1.078125000000,1.078125000000,0.000009379290
1.078125000000,1.101562500000,0.000009322252
1.078125000000,1.125000000000,0.000009235328
1.078125000000,1.148437500000,0.000009117791
1.078125000000,1.171875000000,0.000008969030
1.078125000000,1.195312500000,0.000008788558
1.078125000000,1.218750000000,0.000008576020
1.078125000000,1.242187500000,0.000008331195
1.078125000000,1.265625000000,0.000008054001
1.078125000000,1.289062500000,0.000007744500
1.078125000000,1.312500000000,0.000007402900
1.078125000000,1.335937500000,0.000007029556
1.078125000000,1.359375000000,0.000006624974
1.078125000000,1.382812500000,0.000006189808
1.078125000000,1.406250000000,0.000005724864
1.078125000000,1.429687500000,0.000005231096
1.078125000000,1.453125000000,0.000004709605
1.078125000000,1.476562500000,0.000004161639
1.078125000000,1.500000000000,0.000003588584
1.078125000000,1.523437500000,0.000002991966
1.078125000000,1.546875000000,0.000002373444
1.078125000000,1.570312500000,0.000001734803
1.078125000000,1.593750000000,0.000001077948
1.078125000000,1.617187500000,0.000000404899
1.078125000000,1.640625000000,-0.000000282216
1.078125000000,1.664062500000,-0.000000981173
1.078125000000,1.687500000000,-0.000001689658
1.078125000000,1.710937500000,-0.000002405276
1.078125000000,1.734375000000,-0.000003125564
1.078125000000,1.757812500000,-0.000003847994
1.078125000000,1.781250000000,-0.000004569994
1.078125000000,1.804687500000,-0.000005288951
1.078125000000,1.828125000000,-0.000006002223
1.078125000000,1.851562500000,-0.000006707156
1.078125000000,1.875000000000,-0.000007401089
1.078125000000,1.898437500000,-0.000008081370
1.078125000000,1.921875000000,-0.000008745365
1.078125000000,1.945312500000,-0.000009390474
1.078125000000,1.968750000000,-0.000010014138
1.078125000000,1.992187500000,-0.000010613855
1.078125000000,2.015625000000,-0.000011187186
1.078125000000,2.039062500000,-0.000011731775
1.078125000000,2.062500000000,-0.000012245349
1.078125000000,2.085937500000,-0.000012725739
1.078125000000,2.109375000000,-0.000013170882
1.078125000000,2.132812500000,-0.000013578838
1.078125000000,2.156250000000,-0.000013947794
1.078125000000,2.179687500000,-0.000014276074
1.078125000000,2.203125000000,-0.000014562149
1.078125000000,2.226562500000,-0.000014804642
1.078125000000,2.250000000000,-0.000015002338
1.078125000000,2.273437500000,-0.000015154187
1.078125000000,2.296875000000,-0.000015259312
1.078125000000,2.320312500000,-0.000015317010
1.078125000000,2.343750000000,-0.000015326762
1.078125000000,2.367187500000,-0.000015288230
1.078125000000,2.390625000000,-0.000015201263
1.078125000000,2.414062500000,-0.000015065895
1.078125000000,2.437500000000,-0.000014882351
1.078125000000,2.460937500000,-0.000014651042
1.078125000000,2.484375000000,-0.000014372564
1.078125000000,2.507812500000,-0.000014047700
1.078125000000,2.531250000000,-0.000013677413
1.078125000000,2.554687500000,-0.000013262844
1.078125000000,2.578125000000,-0.000012805308
1.078125000000,2.601562500000,-0.000012306289
1.078125000000,2.625000000000,-0.000011767434
1.078125000000,2.648437500000,-0.000011190542
1.078125000000,2.671875000000,-0.000010577566
1.078125000000,2.695312500000,-0.000009930594
1.078125000000,2.718750000000,-0.000009251850
1.078125000000,2.742187500000,-0.000008543679
1.078125000000,2.765625000000,-0.000007808537
1.078125000000,2.789062500000,-0.000007048984
1.078125000000,2.812500000000,-0.000006267673
1.078125000000,2.835937500000,-0.000005467334
1.078125000000,2.859375000000,-0.000004650770
1.078125000000,2.882812500000,-0.000003820839
1.078125000000,2.906250000000,-0.000002980445
1.078125000000,2.929687500000,-0.000002132525
1.078125000000,2.953125000000,-0.000001280039
1.078125000000,2.976562500000,-0.000000425954
1.078125000000,3.000000000000,0.000000000000
1.101562500000,0.000000000000,0.000000000000
1.101562500000,0.023437500000,0.000000283166
1.101562500000,0.046875000000,0.000000475937
1.101562500000,0.070312500000,0.000000670478
1.101562500000,0.093750000000,0.000000867413
1.101562500000,0.117187500000,0.000001067325
1.101562500000,0.140625000000,0.000001270754
1.101562500000,0.164062500000,0.000001478188
1.101562500000,0.187500000000,0.000001690055
1.101562500000,0.210937500000,0.000001906719
1.101562500000,0.234375000000,0.000002128474
1.101562500000,0.257812500000,0.000002355541
1.101562500000,0.281250000000,0.000002588059
1.101562500000,0.304687500000,0.000002826085
1.101562500000,0.328125000000,0.000003069588
1.101562500000,0.351562500000,0.000003318450
1.101562500000,0.375000000000,0.000003572461
1.101562500000,0.398437500000,0.000003831319
1.101562500000,0.421875000000,0.000004094626
1.101562500000,0.445312500000,0.000004361897
1.101562500000,0.468750000000,0.000004632548
1.101562500000,0.492187500000,0.000004905908
1.101562500000,0.515625000000,0.000005181218
1.101562500000,0.539062500000,0.000005457630
1.101562500000,0.562500000000,0.000005734217
1.101562500000,0.585937500000,0.000006009969
1.101562500000,0.609375000000,0.000006283805
1.101562500000,0.632812500000,0.000006554575
1.101562500000,0.656250000000,0.000006821066
1.101562500000,0.679687500000,0.000007082007
1.101562500000,0.703125000000,0.000007336080
1.101562500000,0.726562500000,0.000007581923
1.101562500000,0.750000000000,0.000007818139
1.101562500000,0.773437500000,0.000008043303
1.101562500000,0.796875000000,0.000008255975
1.101562500000,0.820312500000,0.000008454700
1.101562500000,0.843750000000,0.000008638029
1.101562500000,0.867187500000,0.000008804514
1.101562500000,0.890625000000,0.000008952728
1.101562500000,0.914062500000,0.000009081270
1.101562500000,0.937500000000,0.000009188774
1.101562500000,0.960937500000,0.000009273918
1.101562500000,0.984375000000,0.000009335436
1.101562500000,1.007812500000,0.000009372121
1.101562500000,1.031250000000,0.000009382839
1.101562500000,1.054687500000,0.000009366539
1.101562500000,1.078125000000,0.000009322252
1.101562500000,1.101562500000,0.000009249108
1.101562500000,1.125000000000,0.000009146340
1.101562500000,1.148437500000,0.000009013289
1.101562500000,1.171875000000,0.000008849415
1.101562500000,1.195312500000,0.000008654296
1.101562500000,1.218750000000,0.000008427642
1.101562500000,1.242187500000,0.000008169291
1.101562500000,1.265625000000,0.000007879219
1.101562500000,1.289062500000,0.000007557542
1.101562500000,1.312500000000,0.000007204514
1.101562500000,1.335937500000,0.000006820540
1.101562500000,1.359375000000,0.000006406163
1.101562500000,1.382812500000,0.000005962077
1.101562500000,1.406250000000,0.000005489116
1.101562500000,1.429687500000,0.000004988263
1.101562500000,1.453125000000,0.000004460642
1.101562500000,1.476562500000,0.000003907515
1.101562500000,1.500000000000,0.000003330283
1.101562500000,1.523437500000,0.000002730479
1.101562500000,1.546875000000,0.000002109762
1.101562500000,1.570312500000,0.000001469913
1.101562500000,1.593750000000,0.000000812833
1.101562500000,1.617187500000,0.000000140528
1.101562500000,1.640625000000,-0.000000544895
1.101562500000,1.664062500000,-0.000001241230
1.101562500000,1.687500000000,-0.000001946191
1.101562500000,1.710937500000,-0.000002657414
1.101562500000,1.734375000000,-0.000003372471
1.101562500000,1.757812500000,-0.000004088873
1.101562500000,1.781250000000,-0.000004804091
1.101562500000,1.804687500000,-0.000005515555
1.101562500000,1.828125000000,-0.000006220676
1.101562500000,1.851562500000,-0.000006916848
1.101562500000,1.875000000000,-0.000007601465
1.101562500000,1.898437500000,-0.000008271932
1.101562500000,1.921875000000,-0.000008925673
1.101562500000,1.945312500000,-0.000009560147
1.101562500000,1.968750000000,-0.000010172856
1.101562500000,1.992187500000,-0.000010761359
1.101562500000,2.015625000000,-0.000011323280
1.101562500000,2.039062500000,-0.000011856324
1.101562500000,2.062500000000,-0.000012358282
1.101562500000,2.085937500000,-0.000012827043
1.101562500000,2.109375000000,-0.000013260609
1.101562500000,2.132812500000,-0.000013657097
1.101562500000,2.156250000000,-0.000014014750
1.101562500000,2.179687500000,-0.000014331952
1.101562500000,2.203125000000,-0.000014607225
1.101562500000,2.226562500000,-0.000014839245
1.101562500000,2.250000000000,-0.000015026846
1.101562500000,2.273437500000,-0.000015169023
1.101562500000,2.296875000000,-0.000015264943
1.101562500000,2.320312500000,-0.000015313943
1.101562500000,2.343750000000,-0.000015315538
1.101562500000,2.367187500000,-0.000015269423
1.101562500000,2.390625000000,-0.000015175476
1.101562500000,2.414062500000,-0.000015033757
1.101562500000,2.437500000000,-0.000014844509
1.101562500000,2.460937500000,-0.000014608161
1.101562500000,2.484375000000,-0.000014325320
1.101562500000,2.507812500000,-0.000013996777
1.101562500000,2.531250000000,-0.000013623499
1.101562500000,2.554687500000,-0.000013206625
1.101562500000,2.578125000000,-0.000012747469
1.101562500000,2.601562500000,-0.000012247501
1.101562500000,2.625000000000,-0.000011708356
1.101562500000,2.648437500000,-0.000011131820
1.101562500000,2.671875000000,-0.000010519821
1.101562500000,2.695312500000,-0.000009874426
1.101562500000,2.718750000000,-0.000009197827
1.101562500000,2.742187500000,-0.000008492340
1.101562500000,2.765625000000,-0.000007760388
1.101562500000,2.789062500000,-0.000007004492
1.101562500000,2.812500000000,-0.000006227265
1.101562500000,2.835937500000,-0.000005431396
1.101562500000,2.859375000000,-0.000004619644
1.101562500000,2.882812500000,-0.000003794819
1.101562500000,2.906250000000,-0.000002959778
1.101562500000,2.929687500000,-0.000002117412
1.101562500000,2.953125000000,-0.000001270627
1.101562500000,2.976562500000,-0.000000422342
1.101562500000,3.000000000000,0.000000000000
1.125000000000,0.000000000000,0.000000000000
1.125000000000,0.023437500000,0.000000307361
1.125000000000,0.046875000000,0.000000515909
1.125000000000,0.070312500000,0.000000725930
1.125000000000,0.093750000000,0.000000937966
1.125000000000,0.117187500000,0.000001152520
1.125000000000,0.140625000000,0.000001370055
1.125000000000,0.164062500000,0.000001590984
1.125000000000,0.187500000000,0.000001815664
1.125000000000,0.210937500000,0.000002044393
1.125000000000,0.234375000000,0.000002277402
1.125000000000,0.257812500000,0.000002514851
1.125000000000,0.281250000000,0.000002756826
1.125000000000,0.304687500000,0.000003003334
1.125000000000,0.328125000000,0.000003254301
1.125000000000,0.351562500000,0.000003509570
1.125000000000,0.375000000000,0.000003768897
1.125000000000,0.398437500000,0.000004031952
1.125000000000,0.421875000000,0.000004298317
1.125000000000,0.445312500000,0.000004567489
1.125000000000,0.468750000000,0.000004838876
1.125000000000,0.492187500000,0.000005111804
1.125000000000,0.515625000000,0.000005385513
1.125000000000,0.539062500000,0.000005659165
1.125000000000,0.562500000000,0.000005931846
1.125000000000,0.585937500000,0.000006202567
1.125000000000,0.609375000000,0.000006470274
1.125000000000,0.632812500000,0.000006733845
1.125000000000,0.656250000000,0.000006992105
1.125000000000,0.679687500000,0.000007243827
1.125000000000,0.703125000000,0.000007487736
1.125000000000,0.726562500000,0.000007722523
1.125000000000,0.750000000000,0.000007946846
1.125000000000,0.773437500000,0.000008159341
1.125000000000,0.796875000000,0.000008358630
1.125000000000,0.820312500000,0.000008543327
1.125000000000,0.843750000000,0.000008712050
1.125000000000,0.867187500000,0.000008863426
1.125000000000,0.890625000000,0.000008996103
1.125000000000,0.914062500000,0.000009108756
1.125000000000,0.937500000000,0.000009200097
1.125000000000,0.960937500000,0.000009268885
1.125000000000,0.984375000000,0.000009313932
1.125000000000,1.007812500000,0.000009334112
1.125000000000,1.031250000000,0.000009328374
1.125000000000,1.054687500000,0.000009295742
1.125000000000,1.078125000000,0.000009235328
1.125000000000,1.101562500000,0.000009146340
1.125000000000,1.125000000000,0.000009028084
1.125000000000,1.148437500000,0.000008879976
1.125000000000,1.171875000000,0.000008701546
1.125000000000,1.195312500000,0.000008492441
1.125000000000,1.218750000000,0.000008252432
1.125000000000,1.242187500000,0.000007981422
1.125000000000,1.265625000000,0.000007679442
1.125000000000,1.289062500000,0.000007346661
1.125000000000,1.312500000000,0.000006983383
1.125000000000,1.335937500000,0.000006590055
1.125000000000,1.359375000000,0.000006167260
1.125000000000,1.382812500000,0.000005715725
1.125000000000,1.406250000000,0.000005236315
1.125000000000,1.429687500000,0.000004730036
1.125000000000,1.453125000000,0.000004198029
1.125000000000,1.476562500000,0.000003641571
1.125000000000,1.500000000000,0.000003062070
1.125000000000,1.523437500000,0.000002461059
1.125000000000,1.546875000000,0.000001840195
1.125000000000,1.570312500000,0.000001201252
1.125000000000,1.593750000000,0.000000546112
1.125000000000,1.617187500000,-0.000000123234
1.125000000000,1.640625000000,-0.000000804705
1.125000000000,1.664062500000,-0.000001496125
1.125000000000,1.687500000000,-0.000002195242
1.125000000000,1.710937500000,-0.000002899731
1.125000000000,1.734375000000,-0.000003607205
1.125000000000,1.757812500000,-0.000004315224
1.125000000000,1.781250000000,-0.000005021308
1.125000000000,1.804687500000,-0.000005722944
1.125000000000,1.828125000000,-0.000006417596
1.125000000000,1.851562500000,-0.000007102723
1.125000000000,1.875000000000,-0.000007775778
1.125000000000,1.898437500000,-0.000008434233
1.125000000000,1.921875000000,-0.000009075576
1.125000000000,1.945312500000,-0.000009697337
1.125000000000,1.968750000000,-0.000010297084
1.125000000000,1.992187500000,-0.000010872448
1.125000000000,2.015625000000,-0.000011421122
1.125000000000,2.039062500000,-0.000011940880
1.125000000000,2.062500000000,-0.000012429582
1.125000000000,2.085937500000,-0.000012885188
1.125000000000,2.109375000000,-0.000013305764
1.125000000000,2.132812500000,-0.000013689494
1.125000000000,2.156250000000,-0.000014034686
1.125000000000,2.179687500000,-0.000014339782
1.125000000000,2.203125000000,-0.000014603366
1.125000000000,2.226562500000,-0.000014824169
1.125000000000,2.250000000000,-0.000015001077
1.125000000000,2.273437500000,-0.000015133135
1.125000000000,2.296875000000,-0.000015219554
1.125000000000,2.320312500000,-0.000015259715
1.125000000000,2.343750000000,-0.000015253171
1.125000000000,2.367187500000,-0.000015199648
1.125000000000,2.390625000000,-0.000015099055
1.125000000000,2.414062500000,-0.000014951474
1.125000000000,2.437500000000,-0.000014757170
1.125000000000,2.460937500000,-0.000014516583
1.125000000000,2.484375000000,-0.000014230336
1.125000000000,2.507812500000,-0.000013899220
1.125000000000,2.531250000000,-0.000013524205
1.125000000000,2.554687500000,-0.000013106427
1.125000000000,2.578125000000,-0.000012647184
1.125000000000,2.601562500000,-0.000012147940
1.125000000000,2.625000000000,-0.000011610310
1.125000000000,2.648437500000,-0.000011036052
1.125000000000,2.671875000000,-0.000010427071
1.125000000000,2.695312500000,-0.000009785403
1.125000000000,2.718750000000,-0.000009113204
1.125000000000,2.742187500000,-0.000008412751
1.125000000000,2.765625000000,-0.000007686423
1.125000000000,2.789062500000,-0.000006936699
1.125000000000,2.812500000000,-0.000006166142
1.125000000000,2.835937500000,-0.000005377389
1.125000000000,2.859375000000,-0.000004573146
1.125000000000,2.882812500000,-0.000003756169
1.125000000000,2.906250000000,-0.000002929257
1.125000000000,2.929687500000,-0.000002095241
1.125000000000,2.953125000000,-0.000001256971
1.125000000000,2.976562500000,-0.000000417302
1.125000000000,3.000000000000,0.000000000000
1.148437500000,0.000000000000,0.000000000000
1.148437500000,0.023437500000,0.000000330511
1.148437500000,0.046875000000,0.000000554124
1.148437500000,0.070312500000,0.000000778908
1.148437500000,0.093750000000,0.000001005322
1.148437500000,0.117187500000,0.000001233788
1.148437500000,0.140625000000,0.000001464689
1.148437500000,0.164062500000,0.000001698363
1.148437500000,0.187500000000,0.000001935095
1.148437500000,0.210937500000,0.000002175115
1.148437500000,0.234375000000,0.000002418589
1.148437500000,0.257812500000,0.000002665618
1.148437500000,0.281250000000,0.000002916235
1.148437500000,0.304687500000,0.000003170395
1.148437500000,0.328125000000,0.000003427982
1.148437500000,0.351562500000,0.000003688800
1.148437500000,0.375000000000,0.000003952572
1.148437500000,0.398437500000,0.000004218943
1.148437500000,0.421875000000,0.000004487475
1.148437500000,0.445312500000,0.000004757648
1.148437500000,0.468750000000,0.000005028864
1.148437500000,0.492187500000,0.000005300446
1.148437500000,0.515625000000,0.000005571642
1.148437500000,0.539062500000,0.000005841623
1.148437500000,0.562500000000,0.000006109492
1.148437500000,0.585937500000,0.000006374284
1.148437500000,0.609375000000,0.000006634972
1.148437500000,0.632812500000,0.000006890472
1.148437500000,0.656250000000,0.000007139649
1.148437500000,0.679687500000,0.000007381319
1.148437500000,0.703125000000,0.000007614260
1.148437500000,0.726562500000,0.000007837219
1.148437500000,0.750000000000,0.000008048913
1.148437500000,0.773437500000,0.000008248044
1.148437500000,0.796875000000,0.000008433300
1.148437500000,0.820312500000,0.000008603369
1.148437500000,0.843750000000,0.000008756942
1.148437500000,0.867187500000,0.000008892724
1.148437500000,0.890625000000,0.000009009441
1.148437500000,0.914062500000,0.000009105852
1.148437500000,0.937500000000,0.000009180749
1.148437500000,0.960937500000,0.000009232976
1.148437500000,0.984375000000,0.000009261429
1.148437500000,1.007812500000,0.000009265067
1.148437500000,1.031250000000,0.000009242920
1.148437500000,1.054687500000,0.000009194097
1.148437500000,1.078125000000,0.000009117791
1.148437500000,1.101562500000,0.000009013289
1.148437500000,1.125000000000,0.000008879976
1.148437500000,1.148437500000,0.000008717344
1.148437500000,1.171875000000,0.000008524991
1.148437500000,1.195312500000,0.000008302637
1.148437500000,1.218750000000,0.000008050117
1.148437500000,1.242187500000,0.000007767394
1.148437500000,1.265625000000,0.000007454558
1.148437500000,1.289062500000,0.000007111828
1.148437500000,1.312500000000,0.000006739558
1.148437500000,1.335937500000,0.000006338235
1.148437500000,1.359375000000,0.000005908481
1.148437500000,1.382812500000,0.000005451055
1.148437500000,1.406250000000,0.000004966845
1.148437500000,1.429687500000,0.000004456880
1.148437500000,1.453125000000,0.000003922314
1.148437500000,1.476562500000,0.000003364434
1.148437500000,1.500000000000,0.000002784647
1.148437500000,1.523437500000,0.000002184487
1.148437500000,1.546875000000,0.000001565601
1.148437500000,1.570312500000,0.000000929745
1.148437500000,1.593750000000,0.000000278786
1.148437500000,1.617187500000,-0.000000385318
1.148437500000,1.640625000000,-0.000001060512
1.148437500000,1.664062500000,-0.000001744660
1.148437500000,1.687500000000,-0.000002435551
1.148437500000,1.710937500000,-0.000003130905
1.148437500000,1.734375000000,-0.000003828389
1.148437500000,1.757812500000,-0.000004525616
1.148437500000,1.781250000000,-0.000005220166
1.148437500000,1.804687500000,-0.000005909589
1.148437500000,1.828125000000,-0.000006591415
1.148437500000,1.851562500000,-0.000007263169
1.148437500000,1.875000000000,-0.000007922380
1.148437500000,1.898437500000,-0.000008566589
1.148437500000,1.921875000000,-0.000009193363
1.148437500000,1.945312500000,-0.000009800305
1.148437500000,1.968750000000,-0.000010385063
1.148437500000,1.992187500000,-0.000010945342
1.148437500000,2.015625000000,-0.000011478916
1.148437500000,2.039062500000,-0.000011983635
1.148437500000,2.062500000000,-0.000012457436
1.148437500000,2.085937500000,-0.000012898353
1.148437500000,2.109375000000,-0.000013304527
1.148437500000,2.132812500000,-0.000013674214
1.148437500000,2.156250000000,-0.000014005790
1.148437500000,2.179687500000,-0.000014297764
1.148437500000,2.203125000000,-0.000014548784
1.148437500000,2.226562500000,-0.000014757641
1.148437500000,2.250000000000,-0.000014923278
1.148437500000,2.273437500000,-0.000015044793
1.148437500000,2.296875000000,-0.000015121445
1.148437500000,2.320312500000,-0.000015152656
1.148437500000,2.343750000000,-0.000015138021
1.148437500000,2.367187500000,-0.000015077302
1.148437500000,2.390625000000,-0.000014970432
1.148437500000,2.414062500000,-0.000014817521
1.148437500000,2.437500000000,-0.000014618851
1.148437500000,2.460937500000,-0.000014374877
1.148437500000,2.484375000000,-0.000014086226
1.148437500000,2.507812500000,-0.000013753696
1.148437500000,2.531250000000,-0.000013378251
1.148437500000,2.554687500000,-0.000012961019
1.148437500000,2.578125000000,-0.000012503287
1.148437500000,2.601562500000,-0.000012006498
1.148437500000,2.625000000000,-0.000011472241
1.148437500000,2.648437500000,-0.000010902249
1.148437500000,2.671875000000,-0.000010298392
1.148437500000,2.695312500000,-0.000009662665
1.148437500000,2.718750000000,-0.000008997186
1.148437500000,2.742187500000,-0.000008304182
1.148437500000,2.765625000000,-0.000007585983
1.148437500000,2.789062500000,-0.000006845015
1.148437500000,2.812500000000,-0.000006083780
1.148437500000,2.835937500000,-0.000005304860
1.148437500000,2.859375000000,-0.000004510894
1.148437500000,2.882812500000,-0.000003704576
1.148437500000,2.906250000000,-0.000002888638
1.148437500000,2.929687500000,-0.000002065841
1.148437500000,2.953125000000,-0.000001238968
1.148437500000,2.976562500000,-0.000000410803
1.148437500000,3.000000000000,0.000000000000
1.171875000000,0.000000000000,0.000000000000
1.171875000000,0.023437500000,0.000000352496
1.171875000000,0.046875000000,0.000000590380
1.171875000000,0.070312500000,0.000000829132
1.171875000000,0.093750000000,0.000001069124
1.171875000000,0.117187500000,0.000001310695
1.171875000000,0.140625000000,0.000001554148
1.171875000000,0.164062500000,0.000001799745
1.171875000000,0.187500000000,0.000002047697
1.171875000000,0.210937500000,0.000002298166
1.171875000000,0.234375000000,0.000002551252
1.171875000000,0.257812500000,0.000002806997
1.171875000000,0.281250000000,0.000003065379
1.171875000000,0.304687500000,0.000003326304
1.171875000000,0.328125000000,0.000003589613
1.171875000000,0.351562500000,0.000003855073
1.171875000000,0.375000000000,0.000004122376
1.171875000000,0.398437500000,0.000004391137
1.171875000000,0.421875000000,0.000004660903
1.171875000000,0.445312500000,0.000004931143
1.171875000000,0.468750000000,0.000005201251
1.171875000000,0.492187500000,0.000005470553
1.171875000000,0.515625000000,0.000005738301
1.171875000000,0.539062500000,0.000006003682
1.171875000000,0.562500000000,0.000006265818
1.171875000000,0.585937500000,0.000006523773
1.171875000000,0.609375000000,0.000006776551
1.171875000000,0.632812500000,0.000007023106
1.171875000000,0.656250000000,0.000007262348
1.171875000000,0.679687500000,0.000007493144
1.171875000000,0.703125000000,0.000007714327
1.171875000000,0.726562500000,0.000007924703
1.171875000000,0.750000000000,0.000008123054
1.171875000000,0.773437500000,0.000008308151
1.171875000000,0.796875000000,0.000008478755
1.171875000000,0.820312500000,0.000008633629
1.171875000000,0.843750000000,0.000008771544
1.171875000000,0.867187500000,0.000008891287
1.171875000000,0.890625000000,0.000008991668
1.171875000000,0.914062500000,0.000009071530
1.171875000000,0.937500000000,0.000009129755
1.171875000000,0.960937500000,0.000009165271
1.171875000000,0.984375000000,0.000009177063
1.171875000000,1.007812500000,0.000009164179
1.171875000000,1.031250000000,0.000009125735
1.171875000000,1.054687500000,0.000009060926
1.171875000000,1.078125000000,0.000008969030
1.171875000000,1.101562500000,0.000008849415
1.171875000000,1.125000000000,0.000008701546
1.171875000000,1.148437500000,0.000008524991
1.171875000000,1.171875000000,0.000008319425
1.171875000000,1.195312500000,0.000008084633
1.171875000000,1.218750000000,0.000007820520
1.171875000000,1.242187500000,0.000007527108
1.171875000000,1.265625000000,0.000007204544
1.171875000000,1.289062500000,0.000006853099
1.171875000000,1.312500000000,0.000006473172
1.171875000000,1.335937500000,0.000006065291
1.171875000000,1.359375000000,0.000005630113
1.171875000000,1.382812500000,0.000005168425
1.171875000000,1.406250000000,0.000004681141
1.171875000000,1.429687500000,0.000004169303
1.171875000000,1.453125000000,0.000003634078
1.171875000000,1.476562500000,0.000003076755
1.171875000000,1.500000000000,0.000002498739
1.171875000000,1.523437500000,0.000001901557
1.171875000000,1.546875000000,0.000001286837
1.171875000000,1.570312500000,0.000000656319
1.171875000000,1.593750000000,0.000000011838
1.171875000000,1.617187500000,-0.000000644676
1.171875000000,1.640625000000,-0.000001311212
1.171875000000,1.664062500000,-0.000001985675
1.171875000000,1.687500000000,-0.000002665904
1.171875000000,1.710937500000,-0.000003349676
1.171875000000,1.734375000000,-0.000004034713
1.171875000000,1.757812500000,-0.000004718697
1.171875000000,1.781250000000,-0.000005399271
1.171875000000,1.804687500000,-0.000006074058
1.171875000000,1.828125000000,-0.000006740663
1.171875000000,1.851562500000,-0.000007396689
1.171875000000,1.875000000000,-0.000008039744
1.171875000000,1.898437500000,-0.000008667450
1.171875000000,1.921875000000,-0.000009277461
1.171875000000,1.945312500000,-0.000009867460
1.171875000000,1.968750000000,-0.000010435184
1.171875000000,1.992187500000,-0.000010978423
1.171875000000,2.015625000000,-0.000011495036
1.171875000000,2.039062500000,-0.000011982957
1.171875000000,2.062500000000,-0.000012440208
1.171875000000,2.085937500000,-0.000012864905
1.171875000000,2.109375000000,-0.000013255269
1.171875000000,2.132812500000,-0.000013609632
1.171875000000,2.156250000000,-0.000013926448
1.171875000000,2.179687500000,-0.000014204298
1.171875000000,2.203125000000,-0.000014441897
1.171875000000,2.226562500000,-0.000014638100
1.171875000000,2.250000000000,-0.000014791909
1.171875000000,2.273437500000,-0.000014902481
1.171875000000,2.296875000000,-0.000014969123
1.171875000000,2.320312500000,-0.000014991305
1.171875000000,2.343750000000,-0.000014968662
1.171875000000,2.367187500000,-0.000014900988
1.171875000000,2.390625000000,-0.000014788250
1.171875000000,2.414062500000,-0.000014630578
1.171875000000,2.437500000000,-0.000014428273
1.171875000000,2.460937500000,-0.000014181801
1.171875000000,2.484375000000,-0.000013891797
1.171875000000,2.507812500000,-0.000013559056
1.171875000000,2.531250000000,-0.000013184537
1.171875000000,2.554687500000,-0.000012769353
1.171875000000,2.578125000000,-0.000012314777
1.171875000000,2.601562500000,-0.000011822224
1.171875000000,2.625000000000,-0.000011293257
1.171875000000,2.648437500000,-0.000010729570
1.171875000000,2.671875000000,-0.000010132996
1.171875000000,2.695312500000,-0.000009505484
1.171875000000,2.718750000000,-0.000008849100
1.171875000000,2.742187500000,-0.000008166019
1.171875000000,2.765625000000,-0.000007458511
1.171875000000,2.789062500000,-0.000006728938
1.171875000000,2.812500000000,-0.000005979741
1.171875000000,2.835937500000,-0.000005213426
1.171875000000,2.859375000000,-0.000004432566
1.171875000000,2.882812500000,-0.000003639777
1.171875000000,2.906250000000,-0.000002837716
1.171875000000,2.929687500000,-0.000002029068
1.171875000000,2.953125000000,-0.000001216532
1.171875000000,2.976562500000,-0.000000402818
1.171875000000,3.000000000000,0.000000000000
1.195312500000,0.000000000000,0.000000000000
1.195312500000,0.023437500000,0.000000373198
1.195312500000,0.046875000000,0.000000624487
1.195312500000,0.070312500000,0.000000876336
1.195312500000,0.093750000000,0.000001129032
1.195312500000,0.117187500000,0.000001382829
1.195312500000,0.140625000000,0.000001637951
1.195312500000,0.164062500000,0.000001894580
1.195312500000,0.187500000000,0.000002152854
1.195312500000,0.210937500000,0.000002412864
1.195312500000,0.234375000000,0.000002674647
1.195312500000,0.257812500000,0.000002938186
1.195312500000,0.281250000000,0.000003203401
1.195312500000,0.304687500000,0.000003470153
1.195312500000,0.328125000000,0.000003738239
1.195312500000,0.351562500000,0.000004007386
1.195312500000,0.375000000000,0.000004277258
1.195312500000,0.398437500000,0.000004547450
1.195312500000,0.421875000000,0.000004817487
1.195312500000,0.445312500000,0.000005086829
1.195312500000,0.468750000000,0.000005354865
1.195312500000,0.492187500000,0.000005620927
1.195312500000,0.515625000000,0.000005884275
1.195312500000,0.539062500000,0.000006144114
1.195312500000,0.562500000000,0.000006399588
1.195312500000,0.585937500000,0.000006649791
1.195312500000,0.609375000000,0.000006893764
1.195312500000,0.632812500000,0.000007130505
1.195312500000,0.656250000000,0.000007358971
1.195312500000,0.679687500000,0.000007578082
1.195312500000,0.703125000000,0.000007786731
1.195312500000,0.726562500000,0.000007983787
1.195312500000,0.750000000000,0.000008168106
1.195312500000,0.773437500000,0.000008338526
1.195312500000,0.796875000000,0.000008493888
1.195312500000,0.820312500000,0.000008633036
1.195312500000,0.843750000000,0.000008754825
1.195312500000,0.867187500000,0.000008858126
1.195312500000,0.890625000000,0.000008941839
1.195312500000,0.914062500000,0.000009004895
1.195312500000,0.937500000000,0.000009046268
1.195312500000,0.960937500000,0.000009064978
1.195312500000,0.984375000000,0.000009060100
1.195312500000,1.007812500000,0.000009030774
1.195312500000,1.031250000000,0.000008976206
1.195312500000,1.054687500000,0.000008895679
1.195312500000,1.078125000000,0.000008788558
1.195312500000,1.101562500000,0.000008654296
1.195312500000,1.125000000000,0.000008492441
1.195312500000,1.148437500000,0.000008302637
1.195312500000,1.171875000000,0.000008084633
1.195312500000,1.195312500000,0.000007838288
1.195312500000,1.218750000000,0.000007563570
1.195312500000,1.242187500000,0.000007260564
1.195312500000,1.265625000000,0.000006929471
1.195312500000,1.289062500000,0.000006570613
1.195312500000,1.312500000000,0.000006184435
1.195312500000,1.335937500000,0.000005771504
1.195312500000,1.359375000000,0.000005332507
1.195312500000,1.382812500000,0.000004868259
1.195312500000,1.406250000000,0.000004379693
1.195312500000,1.429687500000,0.000003867863
1.195312500000,1.453125000000,0.000003333942
1.195312500000,1.476562500000,0.000002779218
1.195312500000,1.500000000000,0.000002205092
1.195312500000,1.523437500000,0.000001613072
1.195312500000,1.546875000000,0.000001004767
1.195312500000,1.570312500000,0.000000381891
1.195312500000,1.593750000000,-0.000000253758
1.195312500000,1.617187500000,-0.000000900289
1.195312500000,1.640625000000,-0.000001555735
1.195312500000,1.664062500000,-0.000002218054
1.195312500000,1.687500000000,-0.000002885146
1.195312500000,1.710937500000,-0.000003554845
1.195312500000,1.734375000000,-0.000004224945
1.195312500000,1.757812500000,-0.000004893197
1.195312500000,1.781250000000,-0.000005557322
1.195312500000,1.804687500000,-0.000006215023
1.195312500000,1.828125000000,-0.000006863989
1.195312500000,1.851562500000,-0.000007501907
1.195312500000,1.875000000000,-0.000008126474
1.195312500000,1.898437500000,-0.000008735405
1.195312500000,1.921875000000,-0.000009326443
1.195312500000,1.945312500000,-0.000009897367
1.195312500000,1.968750000000,-0.000010446006
1.195312500000,1.992187500000,-0.000010970243
1.195312500000,2.015625000000,-0.000011468031
1.195312500000,2.039062500000,-0.000011937397
1.195312500000,2.062500000000,-0.000012376454
1.195312500000,2.085937500000,-0.000012783406
1.195312500000,2.109375000000,-0.000013156561
1.195312500000,2.132812500000,-0.000013494334
1.195312500000,2.156250000000,-0.000013795263
1.195312500000,2.179687500000,-0.000014058001
1.195312500000,2.203125000000,-0.000014281338
1.195312500000,2.226562500000,-0.000014464199
1.195312500000,2.250000000000,-0.000014605650
1.195312500000,2.273437500000,-0.000014704903
1.195312500000,2.296875000000,-0.000014761322
1.195312500000,2.320312500000,-0.000014774424
1.195312500000,2.343750000000,-0.000014743884
1.195312500000,2.367187500000,-0.000014669533
1.195312500000,2.390625000000,-0.000014551367
1.195312500000,2.414062500000,-0.000014389542
1.195312500000,2.437500000000,-0.000014184370
1.195312500000,2.460937500000,-0.000013936332
1.195312500000,2.484375000000,-0.000013646061
1.195312500000,2.507812500000,-0.000013314354
1.195312500000,2.531250000000,-0.000012942157
1.195312500000,2.554687500000,-0.000012530568
1.195312500000,2.578125000000,-0.000012080835
1.195312500000,2.601562500000,-0.000011594345
1.195312500000,2.625000000000,-0.000011072626
1.195312500000,2.648437500000,-0.000010517334
1.195312500000,2.671875000000,-0.000009930247
1.195312500000,2.695312500000,-0.000009313268
1.195312500000,2.718750000000,-0.000008668403
1.195312500000,2.742187500000,-0.000007997765
1.195312500000,2.765625000000,-0.000007303557
1.195312500000,2.789062500000,-0.000006588070
1.195312500000,2.812500000000,-0.000005853669
1.195312500000,2.835937500000,-0.000005102784
1.195312500000,2.859375000000,-0.000004337904
1.195312500000,2.882812500000,-0.000003561563
1.195312500000,2.906250000000,-0.000002776332
1.195312500000,2.929687500000,-0.000001984806
1.195312500000,2.953125000000,-0.000001189598
1.195312500000,2.976562500000,-0.000000393326
1.195312500000,3.000000000000,0.000000000000
1.218750000000,0.000000000000,0.000000000000
1.218750000000,0.023437500000,0.000000392510
1.218750000000,0.046875000000,0.000000656263
1.218750000000,0.070312500000,0.000000920269
1.218750000000,0.093750000000,0.000001184726
1.218750000000,0.117187500000,0.000001449804
1.218750000000,0.140625000000,0.000001715643
1.218750000000,0.164062500000,0.000001982349
1.218750000000,0.187500000000,0.000002249985
1.218750000000,0.210937500000,0.000002518571
1.218750000000,0.234375000000,0.000002788081
1.218750000000,0.257812500000,0.000003058435
1.218750000000,0.281250000000,0.000003329503
1.218750000000,0.304687500000,0.000003601095
1.218750000000,0.328125000000,0.000003872964
1.218750000000,0.351562500000,0.000004144807
1.218750000000,0.375000000000,0.000004416254
1.218750000000,0.398437500000,0.000004686877
1.218750000000,0.421875000000,0.000004956190
1.218750000000,0.445312500000,0.000005223641
1.218750000000,0.468750000000,0.000005488622
1.218750000000,0.492187500000,0.000005750465
1.218750000000,0.515625000000,0.000006008445
1.218750000000,0.539062500000,0.000006261788
1.218750000000,0.562500000000,0.000006509666
1.218750000000,0.585937500000,0.000006751202
1.218750000000,0.609375000000,0.000006985480
1.218750000000,0.632812500000,0.000007211544
1.218750000000,0.656250000000,0.000007428399
1.218750000000,0.679687500000,0.000007635030
1.218750000000,0.703125000000,0.000007830388
1.218750000000,0.726562500000,0.000008013414
1.218750000000,0.750000000000,0.000008183033
1.218750000000,0.773437500000,0.000008338165
1.218750000000,0.796875000000,0.000008477731
1.218750000000,0.820312500000,0.000008600659
1.218750000000,0.843750000000,0.000008705891
1.218750000000,0.867187500000,0.000008792391
1.218750000000,0.890625000000,0.000008859149
1.218750000000,0.914062500000,0.000008905191
1.218750000000,0.937500000000,0.000008929585
1.218750000000,0.960937500000,0.000008931445
1.218750000000,0.984375000000,0.000008909944
1.218750000000,1.007812500000,0.000008864313
1.218750000000,1.031250000000,0.000008793852
1.218750000000,1.054687500000,0.000008697936
1.218750000000,1.078125000000,0.000008576020
1.218750000000,1.101562500000,0.000008427642
1.218750000000,1.125000000000,0.000008252432
1.218750000000,1.148437500000,0.000008050117
1.218750000000,1.171875000000,0.000007820520
1.218750000000,1.195312500000,0.000007563570
1.218750000000,1.218750000000,0.000007279302
1.218750000000,1.242187500000,0.000006967862
1.218750000000,1.265625000000,0.000006629505
1.218750000000,1.289062500000,0.000006264605
1.218750000000,1.312500000000,0.000005873647
1.218750000000,1.335937500000,0.000005457235
1.218750000000,1.359375000000,0.000005016088
1.218750000000,1.382812500000,0.000004551040
1.218750000000,1.406250000000,0.000004063043
1.218750000000,1.429687500000,0.000003553160
1.218750000000,1.453125000000,0.000003022563
1.218750000000,1.476562500000,0.000002472537
1.218750000000,1.500000000000,0.000001904469
1.218750000000,1.523437500000,0.000001319846
1.218750000000,1.546875000000,0.000000720253
1.218750000000,1.570312500000,0.000000107367
1.218750000000,1.593750000000,-0.000000517052
1.218750000000,1.617187500000,-0.000001151163
1.218750000000,1.640625000000,-0.000001793052
1.218750000000,1.664062500000,-0.000002440736
1.218750000000,1.687500000000,-0.000003092177
1.218750000000,1.710937500000,-0.000003745287
1.218750000000,1.734375000000,-0.000004397930
1.218750000000,1.757812500000,-0.000005047940
1.218750000000,1.781250000000,-0.000005693123
1.218750000000,1.804687500000,-0.000006331269
1.218750000000,1.828125000000,-0.000006960159
1.218750000000,1.851562500000,-0.000007577577
1.218750000000,1.875000000000,-0.000008181317
1.218750000000,1.898437500000,-0.000008769192
1.218750000000,1.921875000000,-0.000009339045
1.218750000000,1.945312500000,-0.000009888758
1.218750000000,1.968750000000,-0.000010416260
1.218750000000,1.992187500000,-0.000010919538
1.218750000000,2.015625000000,-0.000011396645
1.218750000000,2.039062500000,-0.000011845707
1.218750000000,2.062500000000,-0.000012264934
1.218750000000,2.085937500000,-0.000012652629
1.218750000000,2.109375000000,-0.000013007190
1.218750000000,2.132812500000,-0.000013327125
1.218750000000,2.156250000000,-0.000013611052
1.218750000000,2.179687500000,-0.000013857713
1.218750000000,2.203125000000,-0.000014065973
1.218750000000,2.226562500000,-0.000014234828
1.218750000000,2.250000000000,-0.000014363413
1.218750000000,2.273437500000,-0.000014451000
1.218750000000,2.296875000000,-0.000014497011
1.218750000000,2.320312500000,-0.000014501010
1.218750000000,2.343750000000,-0.000014462717
1.218750000000,2.367187500000,-0.000014381997
1.218750000000,2.390625000000,-0.000014258879
1.218750000000,2.414062500000,-0.000014093536
1.218750000000,2.437500000000,-0.000013886301
1.218750000000,2.460937500000,-0.000013637659
1.218750000000,2.484375000000,-0.000013348248
1.218750000000,2.507812500000,-0.000013018853
1.218750000000,2.531250000000,-0.000012650410
1.218750000000,2.554687500000,-0.000012243997
1.218750000000,2.578125000000,-0.000011800833
1.218750000000,2.601562500000,-0.000011322271
1.218750000000,2.625000000000,-0.000010809797
1.218750000000,2.648437500000,-0.000010265017
1.218750000000,2.671875000000,-0.000009689663
1.218750000000,2.695312500000,-0.000009085571
1.218750000000,2.718750000000,-0.000008454685
1.218750000000,2.742187500000,-0.000007799048
1.218750000000,2.765625000000,-0.000007120787
1.218750000000,2.789062500000,-0.000006422111
1.218750000000,2.812500000000,-0.000005705303
1.218750000000,2.835937500000,-0.000004972707
1.218750000000,2.859375000000,-0.000004226719
1.218750000000,2.882812500000,-0.000003469780
1.218750000000,2.906250000000,-0.000002704364
1.218750000000,2.929687500000,-0.000001932971
1.218750000000,2.953125000000,-0.000001158116
1.218750000000,2.976562500000,-0.000000382315
1.218750000000,3.000000000000,0.000000000000
1.242187500000,0.000000000000,0.000000000000
1.242187500000,0.023437500000,0.000000410328
1.242187500000,0.046875000000,0.000000685540
1.242187500000,0.070312500000,0.000000960698
1.242187500000,0.093750000000,0.000001235909
1.242187500000,0.117187500000,0.000001511259
1.242187500000,0.140625000000,0.000001786806
1.242187500000,0.164062500000,0.000002062574
1.242187500000,0.187500000000,0.000002338555
1.242187500000,0.210937500000,0.000002614697
1.242187500000,0.234375000000,0.000002890910
1.242187500000,0.257812500000,0.000003167054
1.242187500000,0.281250000000,0.000003442944
1.242187500000,0.304687500000,0.000003718345
1.242187500000,0.328125000000,0.000003992969
1.242187500000,0.351562500000,0.000004266474
1.242187500000,0.375000000000,0.000004538467
1.242187500000,0.398437500000,0.000004808498
1.242187500000,0.421875000000,0.000005076065
1.242187500000,0.445312500000,0.000005340614
1.242187500000,0.468750000000,0.000005601533
1.242187500000,0.492187500000,0.000005858166
1.242187500000,0.515625000000,0.000006109804
1.242187500000,0.539062500000,0.000006355693
1.242187500000,0.562500000000,0.000006595034
1.242187500000,0.585937500000,0.000006826991
1.242187500000,0.609375000000,0.000007050688
1.242187500000,0.632812500000,0.000007265220
1.242187500000,0.656250000000,0.000007469648
1.242187500000,0.679687500000,0.000007663018
1.242187500000,0.703125000000,0.000007844351
1.242187500000,0.726562500000,0.000008012656
1.242187500000,0.750000000000,0.000008166941
1.242187500000,0.773437500000,0.000008306203
1.242187500000,0.796875000000,0.000008429453
1.242187500000,0.820312500000,0.000008535703
1.242187500000,0.843750000000,0.000008623992
1.242187500000,0.867187500000,0.000008693374
1.242187500000,0.890625000000,0.000008742937
1.242187500000,0.914062500000,0.000008771805
1.242187500000,0.937500000000,0.000008779143
1.242187500000,0.960937500000,0.000008764165
1.242187500000,0.984375000000,0.000008726140
1.242187500000,1.007812500000,0.000008664398
1.242187500000,1.031250000000,0.000008578335
1.242187500000,1.054687500000,0.000008467418
1.242187500000,1.078125000000,0.000008331195
1.242187500000,1.101562500000,0.000008169291
1.242187500000,1.125000000000,0.000007981422
1.242187500000,1.148437500000,0.000007767394
1.242187500000,1.171875000000,0.000007527108
1.242187500000,1.195312500000,0.000007260564
1.242187500000,1.218750000000,0.000006967862
1.242187500000,1.242187500000,0.000006649208
1.242187500000,1.265625000000,0.000006304913
1.242187500000,1.289062500000,0.000005935397
1.242187500000,1.312500000000,0.000005541188
1.242187500000,1.335937500000,0.000005122921
1.242187500000,1.359375000000,0.000004681344
1.242187500000,1.382812500000,0.000004217312
1.242187500000,1.406250000000,0.000003731788
1.242187500000,1.429687500000,0.000003225838
1.242187500000,1.453125000000,0.000002700634
1.242187500000,1.476562500000,0.000002157448
1.242187500000,1.500000000000,0.000001597649
1.242187500000,1.523437500000,0.000001022701
1.242187500000,1.546875000000,0.000000434152
1.242187500000,1.570312500000,-0.000000166361
1.242187500000,1.593750000000,-0.000000777122
1.242187500000,1.617187500000,-0.000001396345
1.242187500000,1.640625000000,-0.000002022181
1.242187500000,1.664062500000,-0.000002652711
1.242187500000,1.687500000000,-0.000003285971
1.242187500000,1.710937500000,-0.000003919953
1.242187500000,1.734375000000,-0.000004552605
1.242187500000,1.757812500000,-0.000005181847
1.242187500000,1.781250000000,-0.000005805583
1.242187500000,1.804687500000,-0.000006421698
1.242187500000,1.828125000000,-0.000007028074
1.242187500000,1.851562500000,-0.000007622597
1.242187500000,1.875000000000,-0.000008203167
1.242187500000,1.898437500000,-0.000008767707
1.242187500000,1.921875000000,-0.000009314167
1.242187500000,1.945312500000,-0.000009840540
1.242187500000,1.968750000000,-0.000010344864
1.242187500000,1.992187500000,-0.000010825237
1.242187500000,2.015625000000,-0.000011279818
1.242187500000,2.039062500000,-0.000011706841
1.242187500000,2.062500000000,-0.000012104623
1.242187500000,2.085937500000,-0.000012471565
1.242187500000,2.109375000000,-0.000012806168
1.242187500000,2.132812500000,-0.000013107034
1.242187500000,2.156250000000,-0.000013372875
1.242187500000,2.179687500000,-0.000013602517
1.242187500000,2.203125000000,-0.000013794906
1.242187500000,2.226562500000,-0.000013949118
1.242187500000,2.250000000000,-0.000014064355
1.242187500000,2.273437500000,-0.000014139957
1.242187500000,2.296875000000,-0.000014175401
1.242187500000,2.320312500000,-0.000014170305
1.242187500000,2.343750000000,-0.000014124430
1.242187500000,2.367187500000,-0.000014037680
1.242187500000,2.390625000000,-0.000013910112
1.242187500000,2.414062500000,-0.000013741922
1.242187500000,2.437500000000,-0.000013533455
1.242187500000,2.460937500000,-0.000013285204
1.242187500000,2.484375000000,-0.000012997805
1.242187500000,2.507812500000,-0.000012672033
1.242187500000,2.531250000000,-0.000012308806
1.242187500000,2.554687500000,-0.000011909179
1.242187500000,2.578125000000,-0.000011474336
1.242187500000,2.601562500000,-0.000011005595
1.242187500000,2.625000000000,-0.000010504390
1.242187500000,2.648437500000,-0.000009972277
1.242187500000,2.671875000000,-0.000009410923
1.242187500000,2.695312500000,-0.000008822101
1.242187500000,2.718750000000,-0.000008207682
1.242187500000,2.742187500000,-0.000007569627
1.242187500000,2.765625000000,-0.000006909982
1.242187500000,2.789062500000,-0.000006230870
1.242187500000,2.812500000000,-0.000005534477
1.242187500000,2.835937500000,-0.000004823051
1.242187500000,2.859375000000,-0.000004098889
1.242187500000,2.882812500000,-0.000003364329
1.242187500000,2.906250000000,-0.000002621740
1.242187500000,2.929687500000,-0.000001873514
1.242187500000,2.953125000000,-0.000001122056
1.242187500000,2.976562500000,-0.000000369775
1.242187500000,3.000000000000,0.000000000000
1.265625000000,0.000000000000,0.000000000000
1.265625000000,0.023437500000,0.000000426559
1.265625000000,0.046875000000,0.000000712164
1.265625000000,0.070312500000,0.000000997407
1.265625000000,0.093750000000,0.000001282306
1.265625000000,0.117187500000,0.000001566862
1.265625000000,0.140625000000,0.000001851049
1.265625000000,0.164062500000,0.000002134813
1.265625000000,0.187500000000,0.000002418069
1.265625000000,0.210937500000,0.000002700698
1.265625000000,0.234375000000,0.000002982543
1.265625000000,0.257812500000,0.000003263406
1.265625000000,0.281250000000,0.000003543051
1.265625000000,0.304687500000,0.000003821191
1.265625000000,0.328125000000,0.000004097502
1.265625000000,0.351562500000,0.000004371609
1.265625000000,0.375000000000,0.000004643089
1.265625000000,0.398437500000,0.000004911478
1.265625000000,0.421875000000,0.000005176259
1.265625000000,0.445312500000,0.000005436873
1.265625000000,0.468750000000,0.000005692715
1.265625000000,0.492187500000,0.000005943138
1.265625000000,0.515625000000,0.000006187449
1.265625000000,0.539062500000,0.000006424923
1.265625000000,0.562500000000,0.000006654794
1.265625000000,0.585937500000,0.000006876262
1.265625000000,0.609375000000,0.000007088505
1.265625000000,0.632812500000,0.000007290663
1.265625000000,0.656250000000,0.000007481862
1.265625000000,0.679687500000,0.000007661214
1.265625000000,0.703125000000,0.000007827808
1.265625000000,0.726562500000,0.000007980735
1.265625000000,0.750000000000,0.000008119079
1.265625000000,0.773437500000,0.000008241925
1.265625000000,0.796875000000,0.000008348372
1.265625000000,0.820312500000,0.000008437529
1.265625000000,0.843750000000,0.000008508527
1.265625000000,0.867187500000,0.000008560520
1.265625000000,0.890625000000,0.000008592695
1.265625000000,0.914062500000,0.000008604277
1.265625000000,0.937500000000,0.000008594534
1.265625000000,0.960937500000,0.000008562780
1.265625000000,0.984375000000,0.000008508385
1.265625000000,1.007812500000,0.000008430781
1.265625000000,1.031250000000,0.000008329460
1.265625000000,1.054687500000,0.000008203987
1.265625000000,1.078125000000,0.000008054001
1.265625000000,1.101562500000,0.000007879219
1.265625000000,1.125000000000,0.000007679443
1.265625000000,1.148437500000,0.000007454558
1.265625000000,1.171875000000,0.000007204544
1.265625000000,1.195312500000,0.000006929471
1.265625000000,1.218750000000,0.000006629506
1.265625000000,1.242187500000,0.000006304913
1.265625000000,1.265625000000,0.000005956058
1.265625000000,1.289062500000,0.000005583405
1.265625000000,1.312500000000,0.000005187521
1.265625000000,1.335937500000,0.000004769077
1.265625000000,1.359375000000,0.000004328839
1.265625000000,1.382812500000,0.000003867681
1.265625000000,1.406250000000,0.000003386574
1.265625000000,1.429687500000,0.000002886584
1.265625000000,1.453125000000,0.000002368879
1.265625000000,1.476562500000,0.000001834711
1.265625000000,1.500000000000,0.000001285427
1.265625000000,1.523437500000,0.000000722458
1.265625000000,1.546875000000,0.000000147315
1.265625000000,1.570312500000,-0.000000438413
1.265625000000,1.593750000000,-0.000001033066
1.265625000000,1.617187500000,-0.000001634919
1.265625000000,1.640625000000,-0.000002242186
1.265625000000,1.664062500000,-0.000002853033
1.265625000000,1.687500000000,-0.000003465572
1.265625000000,1.710937500000,-0.000004077878
1.265625000000,1.734375000000,-0.000004687997
1.265625000000,1.757812500000,-0.000005293949
1.265625000000,1.781250000000,-0.000005893732
1.265625000000,1.804687500000,-0.000006485339
1.265625000000,1.828125000000,-0.000007066764
1.265625000000,1.851562500000,-0.000007636005
1.265625000000,1.875000000000,-0.000008191076
1.265625000000,1.898437500000,-0.000008730014
1.265625000000,1.921875000000,-0.000009250888
1.265625000000,1.945312500000,-0.000009751807
1.265625000000,1.968750000000,-0.000010230930
1.265625000000,1.992187500000,-0.000010686468
1.265625000000,2.015625000000,-0.000011116700
1.265625000000,2.039062500000,-0.000011519973
1.265625000000,2.062500000000,-0.000011894714
1.265625000000,2.085937500000,-0.000012239436
1.265625000000,2.109375000000,-0.000012552742
1.265625000000,2.132812500000,-0.000012833337
1.265625000000,2.156250000000,-0.000013080029
1.265625000000,2.179687500000,-0.000013291736
1.265625000000,2.203125000000,-0.000013467492
1.265625000000,2.226562500000,-0.000013606450
1.265625000000,2.250000000000,-0.000013707889
1.265625000000,2.273437500000,-0.000013771215
1.265625000000,2.296875000000,-0.000013795964
1.265625000000,2.320312500000,-0.000013781806
1.265625000000,2.343750000000,-0.000013728548
1.265625000000,2.367187500000,-0.000013636135
1.265625000000,2.390625000000,-0.000013504646
1.265625000000,2.414062500000,-0.000013334305
1.265625000000,2.437500000000,-0.000013125465
1.265625000000,2.460937500000,-0.000012878625
1.265625000000,2.484375000000,-0.000012594413
1.265625000000,2.507812500000,-0.000012273598
1.265625000000,2.531250000000,-0.000011917075
1.265625000000,2.554687500000,-0.000011525864
1.265625000000,2.578125000000,-0.000011101121
1.265625000000,2.601562500000,-0.000010644110
1.265625000000,2.625000000000,-0.000010156217
1.265625000000,2.648437500000,-0.000009638938
1.265625000000,2.671875000000,-0.000009093874
1.265625000000,2.695312500000,-0.000008522719
1.265625000000,2.718750000000,-0.000007927268
1.265625000000,2.742187500000,-0.000007309394
1.265625000000,2.765625000000,-0.000006671051
1.265625000000,2.789062500000,-0.000006014265
1.265625000000,2.812500000000,-0.000005341120
1.265625000000,2.835937500000,-0.000004653759
1.265625000000,2.859375000000,-0.000003954369
1.265625000000,2.882812500000,-0.000003245175
1.265625000000,2.906250000000,-0.000002528432
1.265625000000,2.929687500000,-0.000001806414
1.265625000000,2.953125000000,-0.000001081409
1.265625000000,2.976562500000,-0.000000355706
1.265625000000,3.000000000000,0.000000000000
1.289062500000,0.000000000000,0.000000000000
1.289062500000,0.023437500000,0.000000441117
1.289062500000,0.046875000000,0.000000735993
1.289062500000,0.070312500000,0.000001030200
1.289062500000,0.093750000000,0.000001323669
1.289062500000,0.117187500000,0.000001616313
1.289062500000,0.140625000000,0.000001908021
1.289062500000,0.164062500000,0.000002198664
1.289062500000,0.187500000000,0.000002488082
1.289062500000,0.210937500000,0.000002776083
1.289062500000,0.234375000000,0.000003062449
1.289062500000,0.257812500000,0.000003346923
1.289062500000,0.281250000000,0.000003629215
1.289062500000,0.304687500000,0.000003908995
1.289062500000,0.328125000000,0.000004185896
1.289062500000,0.351562500000,0.000004459515
1.289062500000,0.375000000000,0.000004729404
1.289062500000,0.398437500000,0.000004995078
1.289062500000,0.421875000000,0.000005256016
1.289062500000,0.445312500000,0.000005511653
1.289062500000,0.468750000000,0.000005761391
1.289062500000,0.492187500000,0.000006004596
1.289062500000,0.515625000000,0.000006240598
1.289062500000,0.539062500000,0.000006468699
1.289062500000,0.562500000000,0.000006688169
1.289062500000,0.585937500000,0.000006898253
1.289062500000,0.609375000000,0.000007098175
1.289062500000,0.632812500000,0.000007287138
1.289062500000,0.656250000000,0.000007464329
1.289062500000,0.679687500000,0.000007628924
1.289062500000,0.703125000000,0.000007780098
1.289062500000,0.726562500000,0.000007917013
1.289062500000,0.750000000000,0.000008038844
1.289062500000,0.773437500000,0.000008144762
1.289062500000,0.796875000000,0.000008233963
1.289062500000,0.820312500000,0.000008305649
1.289062500000,0.843750000000,0.000008359052
1.289062500000,0.867187500000,0.000008393429
1.289062500000,0.890625000000,0.000008408069
1.289062500000,0.914062500000,0.000008402303
1.289062500000,0.937500000000,0.000008375501
1.289062500000,0.960937500000,0.000008327085
1.289062500000,0.984375000000,0.000008256528
1.289062500000,1.007812500000,0.000008163361
1.289062500000,1.031250000000,0.000008047182
1.289062500000,1.054687500000,0.000007907650
1.289062500000,1.078125000000,0.000007744500
1.289062500000,1.101562500000,0.000007557542
1.289062500000,1.125000000000,0.000007346661
1.289062500000,1.148437500000,0.000007111828
1.289062500000,1.171875000000,0.000006853099
1.289062500000,1.195312500000,0.000006570613
1.289062500000,1.218750000000,0.000006264605
1.289062500000,1.242187500000,0.000005935398
1.289062500000,1.265625000000,0.000005583405
1.289062500000,1.289062500000,0.000005209138
1.289062500000,1.312500000000,0.000004813201
1.289062500000,1.335937500000,0.000004396292
1.289062500000,1.359375000000,0.000003959201
1.289062500000,1.382812500000,0.000003502812
1.289062500000,1.406250000000,0.000003028101
1.289062500000,1.429687500000,0.000002536132
1.289062500000,1.453125000000,0.000002028055
1.289062500000,1.476562500000,0.000001505109
1.289062500000,1.500000000000,0.000000968607
1.289062500000,1.523437500000,0.000000419943
1.289062500000,1.546875000000,-0.000000139418
1.289062500000,1.570312500000,-0.000000707937
1.289062500000,1.593750000000,-0.000001284020
1.289062500000,1.617187500000,-0.000001866009
1.289062500000,1.640625000000,-0.000002452194
1.289062500000,1.664062500000,-0.000003040822
1.289062500000,1.687500000000,-0.000003630096
1.289062500000,1.710937500000,-0.000004218188
1.289062500000,1.734375000000,-0.000004803240
1.289062500000,1.757812500000,-0.000005383379
1.289062500000,1.781250000000,-0.000005956716
1.289062500000,1.804687500000,-0.000006521358
1.289062500000,1.828125000000,-0.000007075413
1.289062500000,1.851562500000,-0.000007617001
1.289062500000,1.875000000000,-0.000008144260
1.289062500000,1.898437500000,-0.000008655350
1.289062500000,1.921875000000,-0.000009148466
1.289062500000,1.945312500000,-0.000009621844
1.289062500000,1.968750000000,-0.000010073767
1.289062500000,1.992187500000,-0.000010502572
1.289062500000,2.015625000000,-0.000010906659
1.289062500000,2.039062500000,-0.000011284499
1.289062500000,2.062500000000,-0.000011634635
1.289062500000,2.085937500000,-0.000011955697
1.289062500000,2.109375000000,-0.000012246399
1.289062500000,2.132812500000,-0.000012505552
1.289062500000,2.156250000000,-0.000012732066
1.289062500000,2.179687500000,-0.000012924955
1.289062500000,2.203125000000,-0.000013083343
1.289062500000,2.226562500000,-0.000013206471
1.289062500000,2.250000000000,-0.000013293689
1.289062500000,2.273437500000,-0.000013344474
1.289062500000,2.296875000000,-0.000013358427
1.289062500000,2.320312500000,-0.000013335272
1.289062500000,2.343750000000,-0.000013274860
1.289062500000,2.367187500000,-0.000013177173
1.289062500000,2.390625000000,-0.000013042322
1.289062500000,2.414062500000,-0.000012870544
1.289062500000,2.437500000000,-0.000012662212
1.289062500000,2.460937500000,-0.000012417821
1.289062500000,2.484375000000,-0.000012137996
1.289062500000,2.507812500000,-0.000011823488
1.289062500000,2.531250000000,-0.000011475167
1.289062500000,2.554687500000,-0.000011094022
1.289062500000,2.578125000000,-0.000010681162
1.289062500000,2.601562500000,-0.000010237807
1.289062500000,2.625000000000,-0.000009765282
1.289062500000,2.648437500000,-0.000009265013
1.289062500000,2.671875000000,-0.000008738531
1.289062500000,2.695312500000,-0.000008187449
1.289062500000,2.718750000000,-0.000007613471
1.289062500000,2.742187500000,-0.000007018378
1.289062500000,2.765625000000,-0.000006404024
1.289062500000,2.789062500000,-0.000005772327
1.289062500000,2.812500000000,-0.000005125264
1.289062500000,2.835937500000,-0.000004464860
1.289062500000,2.859375000000,-0.000003793185
1.289062500000,2.882812500000,-0.000003112341
1.289062500000,2.906250000000,-0.000002424460
1.289062500000,2.929687500000,-0.000001731689
1.289062500000,2.953125000000,-0.000001036186
1.289062500000,2.976562500000,-0.000000340114
1.289062500000,3.000000000000,0.000000000000
1.312500000000,0.000000000000,0.000000000000
1.312500000000,0.023437500000,0.000000453925
1.312500000000,0.046875000000,0.000000756900
1.312500000000,0.070312500000,0.000001058902
1.312500000000,0.093750000000,0.000001359774
1.312500000000,0.117187500000,0.000001659340
1.312500000000,0.140625000000,0.000001957411
1.312500000000,0.164062500000,0.000002253774
1.312500000000,0.187500000000,0.000002548195
1.312500000000,0.210937500000,0.000002840418
1.312500000000,0.234375000000,0.000003130157
1.312500000000,0.257812500000,0.000003417098
1.312500000000,0.281250000000,0.000003700902
1.312500000000,0.304687500000,0.000003981191
1.312500000000,0.328125000000,0.000004257564
1.312500000000,0.351562500000,0.000004529583
1.312500000000,0.375000000000,0.000004796782
1.312500000000,0.398437500000,0.000005058659
1.312500000000,0.421875000000,0.000005314683
1.312500000000,0.445312500000,0.000005564292
1.312500000000,0.468750000000,0.000005806897
1.312500000000,0.492187500000,0.000006041878
1.312500000000,0.515625000000,0.000006268590
1.312500000000,0.539062500000,0.000006486367
1.312500000000,0.562500000000,0.000006694516
1.312500000000,0.585937500000,0.000006892331
1.312500000000,0.609375000000,0.000007079088
1.312500000000,0.632812500000,0.000007254052
1.312500000000,0.656250000000,0.000007416474
1.312500000000,0.679687500000,0.000007565610
1.312500000000,0.703125000000,0.000007700704
1.312500000000,0.726562500000,0.000007821011
1.312500000000,0.750000000000,0.000007925789
1.312500000000,0.773437500000,0.000008014307
1.312500000000,0.796875000000,0.000008085853
1.312500000000,0.820312500000,0.000008139734
1.312500000000,0.843750000000,0.000008175284
1.312500000000,0.867187500000,0.000008191863
1.312500000000,0.890625000000,0.000008188870
1.312500000000,0.914062500000,0.000008165740
1.312500000000,0.937500000000,0.000008121953
1.312500000000,0.960937500000,0.000008057037
1.312500000000,0.984375000000,0.000007970573
1.312500000000,1.007812500000,0.000007862197
1.312500000000,1.031250000000,0.000007731607
1.312500000000,1.054687500000,0.000007578565
1.312500000000,1.078125000000,0.000007402900
1.312500000000,1.101562500000,0.000007204515
1.312500000000,1.125000000000,0.000006983384
1.312500000000,1.148437500000,0.000006739558
1.312500000000,1.171875000000,0.000006473171
1.312500000000,1.195312500000,0.000006184435
1.312500000000,1.218750000000,0.000005873647
1.312500000000,1.242187500000,0.000005541188
1.312500000000,1.265625000000,0.000005187521
1.312500000000,1.289062500000,0.000004813201
1.312500000000,1.312500000000,0.000004418866
1.312500000000,1.335937500000,0.000004005240
1.312500000000,1.359375000000,0.000003573130
1.312500000000,1.382812500000,0.000003123432
1.312500000000,1.406250000000,0.000002657119
1.312500000000,1.429687500000,0.000002175248
1.312500000000,1.453125000000,0.000001678954
1.312500000000,1.476562500000,0.000001169445
1.312500000000,1.500000000000,0.000000648004
1.312500000000,1.523437500000,0.000000115979
1.312500000000,1.546875000000,-0.000000425215
1.312500000000,1.570312500000,-0.000000974102
1.312500000000,1.593750000000,-0.000001529153
1.312500000000,1.617187500000,-0.000002088788
1.312500000000,1.640625000000,-0.000002651382
1.312500000000,1.664062500000,-0.000003215266
1.312500000000,1.687500000000,-0.000003778748
1.312500000000,1.710937500000,-0.000004340095
1.312500000000,1.734375000000,-0.000004897566
1.312500000000,1.757812500000,-0.000005449394
1.312500000000,1.781250000000,-0.000005993813
1.312500000000,1.804687500000,-0.000006529051
1.312500000000,1.828125000000,-0.000007053344
1.312500000000,1.851562500000,-0.000007564938
1.312500000000,1.875000000000,-0.000008062103
1.312500000000,1.898437500000,-0.000008543131
1.312500000000,1.921875000000,-0.000009006353
1.312500000000,1.945312500000,-0.000009450135
1.312500000000,1.968750000000,-0.000009872894
1.312500000000,1.992187500000,-0.000010273101
1.312500000000,2.015625000000,-0.000010649286
1.312500000000,2.039062500000,-0.000011000045
1.312500000000,2.062500000000,-0.000011324050
1.312500000000,2.085937500000,-0.000011620050
1.312500000000,2.109375000000,-0.000011886876
1.312500000000,2.132812500000,-0.000012123452
1.312500000000,2.156250000000,-0.000012328792
1.312500000000,2.179687500000,-0.000012502016
1.312500000000,2.203125000000,-0.000012642339
1.312500000000,2.226562500000,-0.000012749088
1.312500000000,2.250000000000,-0.000012821695
1.312500000000,2.273437500000,-0.000012859711
1.312500000000,2.296875000000,-0.000012862795
1.312500000000,2.320312500000,-0.000012830732
1.312500000000,2.343750000000,-0.000012763418
1.312500000000,2.367187500000,-0.000012660872
1.312500000000,2.390625000000,-0.000012523232
1.312500000000,2.414062500000,-0.000012350760
1.312500000000,2.437500000000,-0.000012143830
1.312500000000,2.460937500000,-0.000011902946
1.312500000000,2.484375000000,-0.000011628717
1.312500000000,2.507812500000,-0.000011321876
1.312500000000,2.531250000000,-0.000010983267
1.312500000000,2.554687500000,-0.000010613842
1.312500000000,2.578125000000,-0.000010214660
1.312500000000,2.601562500000,-0.000009786884
1.312500000000,2.625000000000,-0.000009331779
1.312500000000,2.648437500000,-0.000008850698
1.312500000000,2.671875000000,-0.000008345089
1.312500000000,2.695312500000,-0.000007816475
1.312500000000,2.718750000000,-0.000007266470
1.312500000000,2.742187500000,-0.000006696750
1.312500000000,2.765625000000,-0.000006109060
1.312500000000,2.789062500000,-0.000005505204
1.312500000000,2.812500000000,-0.000004887041
1.312500000000,2.835937500000,-0.000004256472
1.312500000000,2.859375000000,-0.000003615439
1.312500000000,2.882812500000,-0.000002965913
1.312500000000,2.906250000000,-0.000002309893
1.312500000000,2.929687500000,-0.000001649388
1.312500000000,2.953125000000,-0.000000986420
1.312500000000,2.976562500000,-0.000000323012
1.312500000000,3.000000000000,0.000000000000
1.335937500000,0.000000000000,0.000000000000
1.335937500000,0.023437500000,0.000000464915
1.335937500000,0.046875000000,0.000000774774
1.335937500000,0.070312500000,0.000001083360
1.335937500000,0.093750000000,0.000001390425
1.335937500000,0.117187500000,0.000001695710
1.335937500000,0.140625000000,0.000001998941
1.335937500000,0.164062500000,0.000002299828
1.335937500000,0.187500000000,0.000002598064
1.335937500000,0.210937500000,0.000002893324
1.335937500000,0.234375000000,0.000003185257
1.335937500000,0.257812500000,0.000003473497
1.335937500000,0.281250000000,0.000003757649
1.335937500000,0.304687500000,0.000004037298
1.335937500000,0.328125000000,0.000004312001
1.335937500000,0.351562500000,0.000004581298
1.335937500000,0.375000000000,0.000004844695
1.335937500000,0.398437500000,0.000005101680
1.335937500000,0.421875000000,0.000005351716
1.335937500000,0.445312500000,0.000005594246
1.335937500000,0.468750000000,0.000005828688
1.335937500000,0.492187500000,0.000006054443
1.335937500000,0.515625000000,0.000006270889
1.335937500000,0.539062500000,0.000006477401
1.335937500000,0.562500000000,0.000006673324
1.335937500000,0.585937500000,0.000006858004
1.335937500000,0.609375000000,0.000007030771
1.335937500000,0.632812500000,0.000007190956
1.335937500000,0.656250000000,0.000007337882
1.335937500000,0.679687500000,0.000007470877
1.335937500000,0.703125000000,0.000007589270
1.335937500000,0.726562500000,0.000007692405
1.335937500000,0.750000000000,0.000007779628
1.335937500000,0.773437500000,0.000007850312
1.335937500000,0.796875000000,0.000007903839
1.335937500000,0.820312500000,0.000007939623
1.335937500000,0.843750000000,0.000007957103
1.335937500000,0.867187500000,0.000007955749
1.335937500000,0.890625000000,0.000007935068
1.335937500000,0.914062500000,0.000007894607
1.335937500000,0.937500000000,0.000007833956
1.335937500000,0.960937500000,0.000007752753
1.335937500000,0.984375000000,0.000007650686
1.335937500000,1.007812500000,0.000007527501
1.335937500000,1.031250000000,0.000007382998
1.335937500000,1.054687500000,0.000007217041
1.335937500000,1.078125000000,0.000007029557
1.335937500000,1.101562500000,0.000006820540
1.335937500000,1.125000000000,0.000006590055
1.335937500000,1.148437500000,0.000006338235
1.335937500000,1.171875000000,0.000006065290
1.335937500000,1.195312500000,0.000005771504
1.335937500000,1.218750000000,0.000005457235
1.335937500000,1.242187500000,0.000005122921
1.335937500000,1.265625000000,0.000004769076
1.335937500000,1.289062500000,0.000004396291
1.335937500000,1.312500000000,0.000004005240
1.335937500000,1.335937500000,0.000003596666
1.335937500000,1.359375000000,0.000003171396
1.335937500000,1.382812500000,0.000002730324
1.335937500000,1.406250000000,0.000002274425
1.335937500000,1.429687500000,0.000001804744
1.335937500000,1.453125000000,0.000001322389
1.335937500000,1.476562500000,0.000000828541
1.335937500000,1.500000000000,0.000000324439
1.335937500000,1.523437500000,-0.000000188614
1.335937500000,1.546875000000,-0.000000709265
1.335937500000,1.570312500000,-0.000001236103
1.335937500000,1.593750000000,-0.000001767675
1.335937500000,1.617187500000,-0.000002302482
1.335937500000,1.640625000000,-0.000002838989
1.335937500000,1.664062500000,-0.000003375631
1.335937500000,1.687500000000,-0.000003910811
1.335937500000,1.710937500000,-0.000004442916
1.335937500000,1.734375000000,-0.000004970315
1.335937500000,1.757812500000,-0.000005491367
1.335937500000,1.781250000000,-0.000006004430
1.335937500000,1.804687500000,-0.000006507863
1.335937500000,1.828125000000,-0.000007000038
1.335937500000,1.851562500000,-0.000007479336
1.335937500000,1.875000000000,-0.000007944166
1.335937500000,1.898437500000,-0.000008392961
1.335937500000,1.921875000000,-0.000008824191
1.335937500000,1.945312500000,-0.000009236367
1.335937500000,1.968750000000,-0.000009628044
1.335937500000,1.992187500000,-0.000009997832
1.335937500000,2.015625000000,-0.000010344399
1.335937500000,2.039062500000,-0.000010666477
1.335937500000,2.062500000000,-0.000010962866
1.335937500000,2.085937500000,-0.000011232444
1.335937500000,2.109375000000,-0.000011474165
1.335937500000,2.132812500000,-0.000011687070
1.335937500000,2.156250000000,-0.000011870284
1.335937500000,2.179687500000,-0.000012023032
1.335937500000,2.203125000000,-0.000012144627
1.335937500000,2.226562500000,-0.000012234485
1.335937500000,2.250000000000,-0.000012292124
1.335937500000,2.273437500000,-0.000012317168
1.335937500000,2.296875000000,-0.000012309342
1.335937500000,2.320312500000,-0.000012268487
1.335937500000,2.343750000000,-0.000012194546
1.335937500000,2.367187500000,-0.000012087577
1.335937500000,2.390625000000,-0.000011947745
1.335937500000,2.414062500000,-0.000011775330
1.335937500000,2.437500000000,-0.000011570717
1.335937500000,2.460937500000,-0.000011334403
1.335937500000,2.484375000000,-0.000011066987
1.335937500000,2.507812500000,-0.000010769181
1.335937500000,2.531250000000,-0.000010441794
1.335937500000,2.554687500000,-0.000010085740
1.335937500000,2.578125000000,-0.000009702023
1.335937500000,2.601562500000,-0.000009291749
1.335937500000,2.625000000000,-0.000008856107
1.335937500000,2.648437500000,-0.000008396376
1.335937500000,2.671875000000,-0.000007913914
1.335937500000,2.695312500000,-0.000007410154
1.335937500000,2.718750000000,-0.000006886599
1.335937500000,2.742187500000,-0.000006344821
1.335937500000,2.765625000000,-0.000005786447
1.335937500000,2.789062500000,-0.000005213161
1.335937500000,2.812500000000,-0.000004626690
1.335937500000,2.835937500000,-0.000004028806
1.335937500000,2.859375000000,-0.000003421313
1.335937500000,2.882812500000,-0.000002806043
1.335937500000,2.906250000000,-0.000002184848
1.335937500000,2.929687500000,-0.000001559596
1.335937500000,2.953125000000,-0.000000932162
1.335937500000,2.976562500000,-0.000000304421
1.335937500000,3.000000000000,0.000000000000
1.359375000000,0.000000000000,0.000000000000
1.359375000000,0.023437500000,0.000000474028
1.359375000000,0.046875000000,0.000000789518
1.359375000000,0.070312500000,0.000001103440
1.359375000000,0.093750000000,0.000001415455
1.359375000000,0.117187500000,0.000001725221
1.359375000000,0.140625000000,0.000002032380
1.359375000000,0.164062500000,0.000002336565
1.359375000000,0.187500000000,0.000002637396
1.359375000000,0.210937500000,0.000002934480
1.359375000000,0.234375000000,0.000003227408
1.359375000000,0.257812500000,0.000003515753
1.359375000000,0.281250000000,0.000003799075
1.359375000000,0.304687500000,0.000004076915
1.359375000000,0.328125000000,0.000004348798
1.359375000000,0.351562500000,0.000004614233
1.359375000000,0.375000000000,0.000004872710
1.359375000000,0.398437500000,0.000005123706
1.359375000000,0.421875000000,0.000005366682
1.359375000000,0.445312500000,0.000005601079
1.359375000000,0.468750000000,0.000005826334
1.359375000000,0.492187500000,0.000006041868
1.359375000000,0.515625000000,0.000006247093
1.359375000000,0.539062500000,0.000006441413
1.359375000000,0.562500000000,0.000006624226
1.359375000000,0.585937500000,0.000006794924
1.359375000000,0.609375000000,0.000006952902
1.359375000000,0.632812500000,0.000007097556
1.359375000000,0.656250000000,0.000007228283
1.359375000000,0.679687500000,0.000007344491
1.359375000000,0.703125000000,0.000007445596
1.359375000000,0.726562500000,0.000007531029
1.359375000000,0.750000000000,0.000007600239
1.359375000000,0.773437500000,0.000007652692
1.359375000000,0.796875000000,0.000007687879
1.359375000000,0.820312500000,0.000007705318
1.359375000000,0.843750000000,0.000007704558
1.359375000000,0.867187500000,0.000007685181
1.359375000000,0.890625000000,0.000007646807
1.359375000000,0.914062500000,0.000007589093
1.359375000000,0.937500000000,0.000007511746
1.359375000000,0.960937500000,0.000007414513
1.359375000000,0.984375000000,0.000007297196
1.359375000000,1.007812500000,0.000007159647
1.359375000000,1.031250000000,0.000007001773
1.359375000000,1.054687500000,0.000006823540
1.359375000000,1.078125000000,0.000006624975
1.359375000000,1.101562500000,0.000006406163
1.359375000000,1.125000000000,0.000006167260
1.359375000000,1.148437500000,0.000005908481
1.359375000000,1.171875000000,0.000005630112
1.359375000000,1.195312500000,0.000005332508
1.359375000000,1.218750000000,0.000005016088
1.359375000000,1.242187500000,0.000004681344
1.359375000000,1.265625000000,0.000004328839
1.359375000000,1.289062500000,0.000003959201
1.359375000000,1.312500000000,0.000003573131
1.359375000000,1.335937500000,0.000003171395
1.359375000000,1.359375000000,0.000002754828
1.359375000000,1.382812500000,0.000002324332
1.359375000000,1.406250000000,0.000001880869
1.359375000000,1.429687500000,0.000001425465
1.359375000000,1.453125000000,0.000000959205
1.359375000000,1.476562500000,0.000000483233
1.359375000000,1.500000000000,-0.000000001258
1.359375000000,1.523437500000,-0.000000493025
1.359375000000,1.546875000000,-0.000000990772
1.359375000000,1.570312500000,-0.000001493165
1.359375000000,1.593750000000,-0.000001998833
1.359375000000,1.617187500000,-0.000002506366
1.359375000000,1.640625000000,-0.000003014327
1.359375000000,1.664062500000,-0.000003521253
1.359375000000,1.687500000000,-0.000004025664
1.359375000000,1.710937500000,-0.000004526063
1.359375000000,1.734375000000,-0.000005020945
1.359375000000,1.757812500000,-0.000005508798
1.359375000000,1.781250000000,-0.000005988112
1.359375000000,1.804687500000,-0.000006457387
1.359375000000,1.828125000000,-0.000006915135
1.359375000000,1.851562500000,-0.000007359885
1.359375000000,1.875000000000,-0.000007790188
1.359375000000,1.898437500000,-0.000008204630
1.359375000000,1.921875000000,-0.000008601826
1.359375000000,1.945312500000,-0.000008980437
1.359375000000,1.968750000000,-0.000009339165
1.359375000000,1.992187500000,-0.000009676766
1.359375000000,2.015625000000,-0.000009992053
1.359375000000,2.039062500000,-0.000010283897
1.359375000000,2.062500000000,-0.000010551238
1.359375000000,2.085937500000,-0.000010793084
1.359375000000,2.109375000000,-0.000011008518
1.359375000000,2.132812500000,-0.000011196703
1.359375000000,2.156250000000,-0.000011356882
1.359375000000,2.179687500000,-0.000011488384
1.359375000000,2.203125000000,-0.000011590628
1.359375000000,2.226562500000,-0.000011663124
1.359375000000,2.250000000000,-0.000011705472
1.359375000000,2.273437500000,-0.000011717373
1.359375000000,2.296875000000,-0.000011698624
1.359375000000,2.320312500000,-0.000011649117
1.359375000000,2.343750000000,-0.000011568848
1.359375000000,2.367187500000,-0.000011457909
1.359375000000,2.390625000000,-0.000011316498
1.359375000000,2.414062500000,-0.000011144906
1.359375000000,2.437500000000,-0.000010943527
1.359375000000,2.460937500000,-0.000010712852
1.359375000000,2.484375000000,-0.000010453470
1.359375000000,2.507812500000,-0.000010166062
1.359375000000,2.531250000000,-0.000009851404
1.359375000000,2.554687500000,-0.000009510362
1.359375000000,2.578125000000,-0.000009143887
1.359375000000,2.601562500000,-0.000008753015
1.359375000000,2.625000000000,-0.000008338863
1.359375000000,2.648437500000,-0.000007902623
1.359375000000,2.671875000000,-0.000007445559
1.359375000000,2.695312500000,-0.000006969003
1.359375000000,2.718750000000,-0.000006474348
1.359375000000,2.742187500000,-0.000005963048
1.359375000000,2.765625000000,-0.000005436608
1.359375000000,2.789062500000,-0.000004896579
1.359375000000,2.812500000000,-0.000004344553
1.359375000000,2.835937500000,-0.000003782162
1.359375000000,2.859375000000,-0.000003211063
1.359375000000,2.882812500000,-0.000002632941
1.359375000000,2.906250000000,-0.000002049494
1.359375000000,2.929687500000,-0.000001462438
1.359375000000,2.953125000000,-0.000000873489
1.359375000000,2.976562500000,-0.000000284367
1.359375000000,3.000000000000,0.000000000000
1.382812500000,0.000000000000,0.000000000000
1.382812500000,0.023437500000,0.000000481216
1.382812500000,0.046875000000,0.000000801055
1.382812500000,0.070312500000,0.000001119033
1.382812500000,0.093750000000,0.000001434728
1.382812500000,0.117187500000,0.000001747706
1.382812500000,0.140625000000,0.000002057534
1.382812500000,0.164062500000,0.000002363768
1.382812500000,0.187500000000,0.000002665953
1.382812500000,0.210937500000,0.000002963631
1.382812500000,0.234375000000,0.000003256331
1.382812500000,0.257812500000,0.000003543576
1.382812500000,0.281250000000,0.000003824874
1.382812500000,0.304687500000,0.000004099729
1.382812500000,0.328125000000,0.000004367632
1.382812500000,0.351562500000,0.000004628065
1.382812500000,0.375000000000,0.000004880504
1.382812500000,0.398437500000,0.000005124413
1.382812500000,0.421875000000,0.000005359254
1.382812500000,0.445312500000,0.000005584478
1.382812500000,0.468750000000,0.000005799535
1.382812500000,0.492187500000,0.000006003871
1.382812500000,0.515625000000,0.000006196929
1.382812500000,0.539062500000,0.000006378152
1.382812500000,0.562500000000,0.000006546988
1.382812500000,0.585937500000,0.000006702887
1.382812500000,0.609375000000,0.000006845302
1.382812500000,0.632812500000,0.000006973705
1.382812500000,0.656250000000,0.000007087566
1.382812500000,0.679687500000,0.000007186376
1.382812500000,0.703125000000,0.000007269642
1.382812500000,0.726562500000,0.000007336889
1.382812500000,0.750000000000,0.000007387662
1.382812500000,0.773437500000,0.000007421533
1.382812500000,0.796875000000,0.000007438102
1.382812500000,0.820312500000,0.000007436992
1.382812500000,0.843750000000,0.000007417867
1.382812500000,0.867187500000,0.000007380423
1.382812500000,0.890625000000,0.000007324393
1.382812500000,0.914062500000,0.000007249554
1.382812500000,0.937500000000,0.000007155724
1.382812500000,0.960937500000,0.000007042766
1.382812500000,0.984375000000,0.000006910594
1.382812500000,1.007812500000,0.000006759170
1.382812500000,1.031250000000,0.000006588509
1.382812500000,1.054687500000,0.000006398680
1.382812500000,1.078125000000,0.000006189808
1.382812500000,1.101562500000,0.000005962076
1.382812500000,1.125000000000,0.000005715724
1.382812500000,1.148437500000,0.000005451054
1.382812500000,1.171875000000,0.000005168425
1.382812500000,1.195312500000,0.000004868259
1.382812500000,1.218750000000,0.000004551040
1.382812500000,1.242187500000,0.000004217313
1.382812500000,1.265625000000,0.000003867680
1.382812500000,1.289062500000,0.000003502812
1.382812500000,1.312500000000,0.000003123432
1.382812500000,1.335937500000,0.000002730323
1.382812500000,1.359375000000,0.000002324332
1.382812500000,1.382812500000,0.000001906353
1.382812500000,1.406250000000,0.000001477340
1.382812500000,1.429687500000,0.000001038294
1.382812500000,1.453125000000,0.000000590271
1.382812500000,1.476562500000,0.000000134371
1.382812500000,1.500000000000,-0.000000328264
1.382812500000,1.523437500000,-0.000000796449
1.382812500000,1.546875000000,-0.000001268961
1.382812500000,1.570312500000,-0.000001744546
1.382812500000,1.593750000000,-0.000002221920
1.382812500000,1.617187500000,-0.000002699771
1.382812500000,1.640625000000,-0.000003176765
1.382812500000,1.664062500000,-0.000003651554
1.382812500000,1.687500000000,-0.000004122776
1.382812500000,1.710937500000,-0.000004589058
1.382812500000,1.734375000000,-0.000005049027
1.382812500000,1.757812500000,-0.000005501308
1.382812500000,1.781250000000,-0.000005944539
1.382812500000,1.804687500000,-0.000006377360
1.382812500000,1.828125000000,-0.000006798436
1.382812500000,1.851562500000,-0.000007206443
1.382812500000,1.875000000000,-0.000007600093
1.382812500000,1.898437500000,-0.000007978121
1.382812500000,1.921875000000,-0.000008339303
1.382812500000,1.945312500000,-0.000008682451
1.382812500000,1.968750000000,-0.000009006425
1.382812500000,1.992187500000,-0.000009310133
1.382812500000,2.015625000000,-0.000009592536
1.382812500000,2.039062500000,-0.000009852655
1.382812500000,2.062500000000,-0.000010089570
1.382812500000,2.085937500000,-0.000010302429
1.382812500000,2.109375000000,-0.000010490449
1.382812500000,2.132812500000,-0.000010652916
1.382812500000,2.156250000000,-0.000010789196
1.382812500000,2.179687500000,-0.000010898731
1.382812500000,2.203125000000,-0.000010981043
1.382812500000,2.226562500000,-0.000011035740
1.382812500000,2.250000000000,-0.000011062511
1.382812500000,2.273437500000,-0.000011061134
1.382812500000,2.296875000000,-0.000011031474
1.382812500000,2.320312500000,-0.000010973482
1.382812500000,2.343750000000,-0.000010887203
1.382812500000,2.367187500000,-0.000010772768
1.382812500000,2.390625000000,-0.000010630398
1.382812500000,2.414062500000,-0.000010460403
1.382812500000,2.437500000000,-0.000010263180
1.382812500000,2.460937500000,-0.000010039215
1.382812500000,2.484375000000,-0.000009789079
1.382812500000,2.507812500000,-0.000009513424
1.382812500000,2.531250000000,-0.000009212988
1.382812500000,2.554687500000,-0.000008888585
1.382812500000,2.578125000000,-0.000008541105
1.382812500000,2.601562500000,-0.000008171514
1.382812500000,2.625000000000,-0.000007780847
1.382812500000,2.648437500000,-0.000007370205
1.382812500000,2.671875000000,-0.000006940753
1.382812500000,2.695312500000,-0.000006493714
1.382812500000,2.718750000000,-0.000006030366
1.382812500000,2.742187500000,-0.000005552034
1.382812500000,2.765625000000,-0.000005060096
1.382812500000,2.789062500000,-0.000004555961
1.382812500000,2.812500000000,-0.000004041081
1.382812500000,2.835937500000,-0.000003516935
1.382812500000,2.859375000000,-0.000002985028
1.382812500000,2.882812500000,-0.000002446886
1.382812500000,2.906250000000,-0.000001904049
1.382812500000,2.929687500000,-0.000001358067
1.382812500000,2.953125000000,-0.000000810495
1.382812500000,2.976562500000,-0.000000262884
1.382812500000,3.000000000000,0.000000000000
1.406250000000,0.000000000000,0.000000000000
1.406250000000,0.023437500000,0.000000486441
1.406250000000,0.046875000000,0.000000809320
1.406250000000,0.070312500000,0.000001130055
1.406250000000,0.093750000000,0.000001448132
1.406250000000,0.117187500000,0.000001763040
1.406250000000,0.140625000000,0.000002074258
1.406250000000,0.164062500000,0.000002381269
1.406250000000,0.187500000000,0.000002683552
1.406250000000,0.210937500000,0.000002980579
1.406250000000,0.234375000000,0.000003271822
1.406250000000,0.257812500000,0.000003556747
1.406250000000,0.281250000000,0.000003834822
1.406250000000,0.304687500000,0.000004105511
1.406250000000,0.328125000000,0.000004368271
1.406250000000,0.351562500000,0.000004622564
1.406250000000,0.375000000000,0.000004867848
1.406250000000,0.398437500000,0.000005103583
1.406250000000,0.421875000000,0.000005329230
1.406250000000,0.445312500000,0.000005544251
1.406250000000,0.468750000000,0.000005748113
1.406250000000,0.492187500000,0.000005940289
1.406250000000,0.515625000000,0.000006120257
1.406250000000,0.539062500000,0.000006287504
1.406250000000,0.562500000000,0.000006441526
1.406250000000,0.585937500000,0.000006581835
1.406250000000,0.609375000000,0.000006707952
1.406250000000,0.632812500000,0.000006819413
1.406250000000,0.656250000000,0.000006915776
1.406250000000,0.679687500000,0.000006996617
1.406250000000,0.703125000000,0.000007061533
1.406250000000,0.726562500000,0.000007110148
1.406250000000,0.750000000000,0.000007142109
1.406250000000,0.773437500000,0.000007157091
1.406250000000,0.796875000000,0.000007154804
1.406250000000,0.820312500000,0.000007134988
1.406250000000,0.843750000000,0.000007097419
1.406250000000,0.867187500000,0.000007041909
1.406250000000,0.890625000000,0.000006968311
1.406250000000,0.914062500000,0.000006876515
1.406250000000,0.937500000000,0.000006766460
1.406250000000,0.960937500000,0.000006638124
1.406250000000,0.984375000000,0.000006491534
1.406250000000,1.007812500000,0.000006326765
1.406250000000,1.031250000000,0.000006143939
1.406250000000,1.054687500000,0.000005943231
1.406250000000,1.078125000000,0.000005724864
1.406250000000,1.101562500000,0.000005489116
1.406250000000,1.125000000000,0.000005236316
1.406250000000,1.148437500000,0.000004966845
1.406250000000,1.171875000000,0.000004681141
1.406250000000,1.195312500000,0.000004379693
1.406250000000,1.218750000000,0.000004063043
1.406250000000,1.242187500000,0.000003731788
1.406250000000,1.265625000000,0.000003386574
1.406250000000,1.289062500000,0.000003028101
1.406250000000,1.312500000000,0.000002657119
1.406250000000,1.335937500000,0.000002274425
1.406250000000,1.359375000000,0.000001880869
1.406250000000,1.382812500000,0.000001477340
1.406250000000,1.406250000000,0.000001064772
1.406250000000,1.429687500000,0.000000644146
1.406250000000,1.453125000000,0.000000216476
1.406250000000,1.476562500000,-0.000000217183
1.406250000000,1.500000000000,-0.000000655746
1.406250000000,1.523437500000,-0.000001098093
1.406250000000,1.546875000000,-0.000001543082
1.406250000000,1.570312500000,-0.000001989540
1.406250000000,1.593750000000,-0.000002436279
1.406250000000,1.617187500000,-0.000002882090
1.406250000000,1.640625000000,-0.000003325753
1.406250000000,1.664062500000,-0.000003766037
1.406250000000,1.687500000000,-0.000004201705
1.406250000000,1.710937500000,-0.000004631521
1.406250000000,1.734375000000,-0.000005054248
1.406250000000,1.757812500000,-0.000005468660
1.406250000000,1.781250000000,-0.000005873538
1.406250000000,1.804687500000,-0.000006267679
1.406250000000,1.828125000000,-0.000006649903
1.406250000000,1.851562500000,-0.000007019049
1.406250000000,1.875000000000,-0.000007373986
1.406250000000,1.898437500000,-0.000007713615
1.406250000000,1.921875000000,-0.000008036872
1.406250000000,1.945312500000,-0.000008342733
1.406250000000,1.968750000000,-0.000008630217
1.406250000000,1.992187500000,-0.000008898393
1.406250000000,2.015625000000,-0.000009146378
1.406250000000,2.039062500000,-0.000009373344
1.406250000000,2.062500000000,-0.000009578521
1.406250000000,2.085937500000,-0.000009761199
1.406250000000,2.109375000000,-0.000009920732
1.406250000000,2.132812500000,-0.000010056541
1.406250000000,2.156250000000,-0.000010168113
1.406250000000,2.179687500000,-0.000010255006
1.406250000000,2.203125000000,-0.000010316852
1.406250000000,2.226562500000,-0.000010353358
1.406250000000,2.250000000000,-0.000010364299
1.406250000000,2.273437500000,-0.000010349539
1.406250000000,2.296875000000,-0.000010309010
1.406250000000,2.320312500000,-0.000010242723
1.406250000000,2.343750000000,-0.000010150771
1.406250000000,2.367187500000,-0.000010033324
1.406250000000,2.390625000000,-0.000009890628
1.406250000000,2.414062500000,-0.000009723008
1.406250000000,2.437500000000,-0.000009530863
1.406250000000,2.460937500000,-0.000009314671
1.406250000000,2.484375000000,-0.000009074983
1.406250000000,2.507812500000,-0.000008812423
1.406250000000,2.531250000000,-0.000008527678
1.406250000000,2.554687500000,-0.000008221513
1.406250000000,2.578125000000,-0.000007894754
1.406250000000,2.601562500000,-0.000007548284
1.406250000000,2.625000000000,-0.000007183061
1.406250000000,2.648437500000,-0.000006800081
1.406250000000,2.671875000000,-0.000006400407
1.406250000000,2.695312500000,-0.000005985149
1.406250000000,2.718750000000,-0.000005555456
1.406250000000,2.742187500000,-0.000005112527
1.406250000000,2.765625000000,-0.000004657595
1.406250000000,2.789062500000,-0.000004191930
1.406250000000,2.812500000000,-0.000003716826
1.406250000000,2.835937500000,-0.000003233608
1.406250000000,2.859375000000,-0.000002743620
1.406250000000,2.882812500000,-0.000002248220
1.406250000000,2.906250000000,-0.000001748780
1.406250000000,2.929687500000,-0.000001246679
1.406250000000,2.953125000000,-0.000000743298
1.406250000000,2.976562500000,-0.000000240016
1.406250000000,3.000000000000,0.000000000000
1.429687500000,0.000000000000,0.000000000000
1.429687500000,0.023437500000,0.000000489673
1.429687500000,0.046875000000,0.000000814269
1.429687500000,0.070312500000,0.000001136442
1.429687500000,0.093750000000,0.000001455594
1.429687500000,0.117187500000,0.000001771126
1.429687500000,0.140625000000,0.000002082445
1.429687500000,0.164062500000,0.000002388956
1.429687500000,0.187500000000,0.000002690069
1.429687500000,0.210937500000,0.000002985192
1.429687500000,0.234375000000,0.000003273740
1.429687500000,0.257812500000,0.000003555129
1.429687500000,0.281250000000,0.000003828781
1.429687500000,0.304687500000,0.000004094122
1.429687500000,0.328125000000,0.000004350583
1.429687500000,0.351562500000,0.000004597603
1.429687500000,0.375000000000,0.000004834629
1.429687500000,0.398437500000,0.000005061112
1.429687500000,0.421875000000,0.000005276520
1.429687500000,0.445312500000,0.000005480324
1.429687500000,0.468750000000,0.000005672016
1.429687500000,0.492187500000,0.000005851096
1.429687500000,0.515625000000,0.000006017078
1.429687500000,0.539062500000,0.000006169496
1.429687500000,0.562500000000,0.000006307901
1.429687500000,0.585937500000,0.000006431864
1.429687500000,0.609375000000,0.000006540974
1.429687500000,0.632812500000,0.000006634848
1.429687500000,0.656250000000,0.000006713121
1.429687500000,0.679687500000,0.000006775461
1.429687500000,0.703125000000,0.000006821560
1.429687500000,0.726562500000,0.000006851140
1.429687500000,0.750000000000,0.000006863952
1.429687500000,0.773437500000,0.000006859785
1.429687500000,0.796875000000,0.000006838456
1.429687500000,0.820312500000,0.000006799821
1.429687500000,0.843750000000,0.000006743775
1.429687500000,0.867187500000,0.000006670246
1.429687500000,0.890625000000,0.000006579208
1.429687500000,0.914062500000,0.000006470671
1.429687500000,0.937500000000,0.000006344692
1.429687500000,0.960937500000,0.000006201366
1.429687500000,0.984375000000,0.000006040836
1.429687500000,1.007812500000,0.000005863289
1.429687500000,1.031250000000,0.000005668957
1.429687500000,1.054687500000,0.000005458118
1.429687500000,1.078125000000,0.000005231096
1.429687500000,1.101562500000,0.000004988263
1.429687500000,1.125000000000,0.000004730036
1.429687500000,1.148437500000,0.000004456879
1.429687500000,1.171875000000,0.000004169303
1.429687500000,1.195312500000,0.000003867864
1.429687500000,1.218750000000,0.000003553160
1.429687500000,1.242187500000,0.000003225838
1.429687500000,1.265625000000,0.000002886585
1.429687500000,1.289062500000,0.000002536131
1.429687500000,1.312500000000,0.000002175248
1.429687500000,1.335937500000,0.000001804743
1.429687500000,1.359375000000,0.000001425465
1.429687500000,1.382812500000,0.000001038294
1.429687500000,1.406250000000,0.000000644146
1.429687500000,1.429687500000,0.000000243967
1.429687500000,1.453125000000,-0.000000161268
1.429687500000,1.476562500000,-0.000000570557
1.429687500000,1.500000000000,-0.000000982876
1.429687500000,1.523437500000,-0.000001397181
1.429687500000,1.546875000000,-0.000001812406
1.429687500000,1.570312500000,-0.000002227474
1.429687500000,1.593750000000,-0.000002641295
1.429687500000,1.617187500000,-0.000003052775
1.429687500000,1.640625000000,-0.000003460806
1.429687500000,1.664062500000,-0.000003864287
1.429687500000,1.687500000000,-0.000004262113
1.429687500000,1.710937500000,-0.000004653187
1.429687500000,1.734375000000,-0.000005036419
1.429687500000,1.757812500000,-0.000005410736
1.429687500000,1.781250000000,-0.000005775072
1.429687500000,1.804687500000,-0.000006128389
1.429687500000,1.828125000000,-0.000006469667
1.429687500000,1.851562500000,-0.000006797912
1.429687500000,1.875000000000,-0.000007112162
1.429687500000,1.898437500000,-0.000007411486
1.429687500000,1.921875000000,-0.000007694989
1.429687500000,1.945312500000,-0.000007961817
1.429687500000,1.968750000000,-0.000008211156
1.429687500000,1.992187500000,-0.000008442239
1.429687500000,2.015625000000,-0.000008654344
1.429687500000,2.039062500000,-0.000008846804
1.429687500000,2.062500000000,-0.000009018999
1.429687500000,2.085937500000,-0.000009170370
1.429687500000,2.109375000000,-0.000009300412
1.429687500000,2.132812500000,-0.000009408680
1.429687500000,2.156250000000,-0.000009494789
1.429687500000,2.179687500000,-0.000009558419
1.429687500000,2.203125000000,-0.000009599310
1.429687500000,2.226562500000,-0.000009617271
1.429687500000,2.250000000000,-0.000009612174
1.429687500000,2.273437500000,-0.000009583957
1.429687500000,2.296875000000,-0.000009532629
1.429687500000,2.320312500000,-0.000009458260
1.429687500000,2.343750000000,-0.000009360990
1.429687500000,2.367187500000,-0.000009241027
1.429687500000,2.390625000000,-0.000009098642
1.429687500000,2.414062500000,-0.000008934173
1.429687500000,2.437500000000,-0.000008748025
1.429687500000,2.460937500000,-0.000008540659
1.429687500000,2.484375000000,-0.000008312605
1.429687500000,2.507812500000,-0.000008064453
1.429687500000,2.531250000000,-0.000007796845
1.429687500000,2.554687500000,-0.000007510484
1.429687500000,2.578125000000,-0.000007206128
1.429687500000,2.601562500000,-0.000006884584
1.429687500000,2.625000000000,-0.000006546707
1.429687500000,2.648437500000,-0.000006193402
1.429687500000,2.671875000000,-0.000005825615
1.429687500000,2.695312500000,-0.000005444333
1.429687500000,2.718750000000,-0.000005050580
1.429687500000,2.742187500000,-0.000004645414
1.429687500000,2.765625000000,-0.000004229924
1.429687500000,2.789062500000,-0.000003805221
1.429687500000,2.812500000000,-0.000003372448
1.429687500000,2.835937500000,-0.000002932759
1.429687500000,2.859375000000,-0.000002487331
1.429687500000,2.882812500000,-0.000002037348
1.429687500000,2.906250000000,-0.000001584006
1.429687500000,2.929687500000,-0.000001128502
1.429687500000,2.953125000000,-0.000000672037
1.429687500000,2.976562500000,-0.000000215809
1.429687500000,3.000000000000,0.000000000000
1.453125000000,0.000000000000,0.000000000000
1.453125000000,0.023437500000,0.000000490895
1.453125000000,0.046875000000,0.000000815874
1.453125000000,0.070312500000,0.000001138157
1.453125000000,0.093750000000,0.000001457063
1.453125000000,0.117187500000,0.000001771914
1.453125000000,0.140625000000,0.000002082036
1.453125000000,0.164062500000,0.000002386763
1.453125000000,0.187500000000,0.000002685435
1.453125000000,0.210937500000,0.000002977402
1.453125000000,0.234375000000,0.000003262019
1.453125000000,0.257812500000,0.000003538655
1.453125000000,0.281250000000,0.000003806689
1.453125000000,0.304687500000,0.000004065511
1.453125000000,0.328125000000,0.000004314527
1.453125000000,0.351562500000,0.000004553156
1.453125000000,0.375000000000,0.000004780831
1.453125000000,0.398437500000,0.000004997006
1.453125000000,0.421875000000,0.000005201149
1.453125000000,0.445312500000,0.000005392752
1.453125000000,0.468750000000,0.000005571323
1.453125000000,0.492187500000,0.000005736397
1.453125000000,0.515625000000,0.000005887528
1.453125000000,0.539062500000,0.000006024300
1.453125000000,0.562500000000,0.000006146316
1.453125000000,0.585937500000,0.000006253214
1.453125000000,0.609375000000,0.000006344653
1.453125000000,0.632812500000,0.000006420329
1.453125000000,0.656250000000,0.000006479965
1.453125000000,0.679687500000,0.000006523317
1.453125000000,0.703125000000,0.000006550176
1.453125000000,0.726562500000,0.000006560363
1.453125000000,0.750000000000,0.000006553741
1.453125000000,0.773437500000,0.000006530209
1.453125000000,0.796875000000,0.000006489696
1.453125000000,0.820312500000,0.000006432177
1.453125000000,0.843750000000,0.000006357665
1.453125000000,0.867187500000,0.000006266210
1.453125000000,0.890625000000,0.000006157907
1.453125000000,0.914062500000,0.000006032885
1.453125000000,0.937500000000,0.000005891323
1.453125000000,0.960937500000,0.000005733436
1.453125000000,0.984375000000,0.000005559480
1.453125000000,1.007812500000,0.000005369757
1.453125000000,1.031250000000,0.000005164608
1.453125000000,1.054687500000,0.000004944416
1.453125000000,1.078125000000,0.000004709606
1.453125000000,1.101562500000,0.000004460642
1.453125000000,1.125000000000,0.000004198029
1.453125000000,1.148437500000,0.000003922314
1.453125000000,1.171875000000,0.000003634078
1.453125000000,1.195312500000,0.000003333941
1.453125000000,1.218750000000,0.000003022564
1.453125000000,1.242187500000,0.000002700634
1.453125000000,1.265625000000,0.000002368878
1.453125000000,1.289062500000,0.000002028056
1.453125000000,1.312500000000,0.000001678953
1.453125000000,1.335937500000,0.000001322390
1.453125000000,1.359375000000,0.000000959205
1.453125000000,1.382812500000,0.000000590272
1.453125000000,1.406250000000,0.000000216478
1.453125000000,1.429687500000,-0.000000161268
1.453125000000,1.453125000000,-0.000000542033
1.453125000000,1.476562500000,-0.000000924874
1.453125000000,1.500000000000,-0.000001308835
1.453125000000,1.523437500000,-0.000001692946
1.453125000000,1.546875000000,-0.000002076232
1.453125000000,1.570312500000,-0.000002457717
1.453125000000,1.593750000000,-0.000002836412
1.453125000000,1.617187500000,-0.000003211339
1.453125000000,1.640625000000,-0.000003581518
1.453125000000,1.664062500000,-0.000003945980
1.453125000000,1.687500000000,-0.000004303757
1.453125000000,1.710937500000,-0.000004653900
1.453125000000,1.734375000000,-0.000004995472
1.453125000000,1.757812500000,-0.000005327558
1.453125000000,1.781250000000,-0.000005649257
1.453125000000,1.804687500000,-0.000005959694
1.453125000000,1.828125000000,-0.000006258023
1.453125000000,1.851562500000,-0.000006543420
1.453125000000,1.875000000000,-0.000006815099
1.453125000000,1.898437500000,-0.000007072304
1.453125000000,1.921875000000,-0.000007314317
1.453125000000,1.945312500000,-0.000007540456
1.453125000000,1.968750000000,-0.000007750080
1.453125000000,1.992187500000,-0.000007942594
1.453125000000,2.015625000000,-0.000008117442
1.453125000000,2.039062500000,-0.000008274120
1.453125000000,2.062500000000,-0.000008412168
1.453125000000,2.085937500000,-0.000008531178
1.453125000000,2.109375000000,-0.000008630790
1.453125000000,2.132812500000,-0.000008710700
1.453125000000,2.156250000000,-0.000008770653
1.453125000000,2.179687500000,-0.000008810451
1.453125000000,2.203125000000,-0.000008829951
1.453125000000,2.226562500000,-0.000008829062
1.453125000000,2.250000000000,-0.000008807752
1.453125000000,2.273437500000,-0.000008766042
1.453125000000,2.296875000000,-0.000008704010
1.453125000000,2.320312500000,-0.000008621791
1.453125000000,2.343750000000,-0.000008519574
1.453125000000,2.367187500000,-0.000008397599
1.453125000000,2.390625000000,-0.000008256165
1.453125000000,2.414062500000,-0.000008095622
1.453125000000,2.437500000000,-0.000007916373
1.453125000000,2.460937500000,-0.000007718869
1.453125000000,2.484375000000,-0.000007503614
1.453125000000,2.507812500000,-0.000007271156
1.453125000000,2.531250000000,-0.000007022091
1.453125000000,2.554687500000,-0.000006757060
1.453125000000,2.578125000000,-0.000006476744
1.453125000000,2.601562500000,-0.000006181867
1.453125000000,2.625000000000,-0.000005873188
1.453125000000,2.648437500000,-0.000005551503
1.453125000000,2.671875000000,-0.000005217642
1.453125000000,2.695312500000,-0.000004872463
1.453125000000,2.718750000000,-0.000004516856
1.453125000000,2.742187500000,-0.000004151731
1.453125000000,2.765625000000,-0.000003778027
1.453125000000,2.789062500000,-0.000003396695
1.453125000000,2.812500000000,-0.000003008711
1.453125000000,2.835937500000,-0.000002615057
1.453125000000,2.859375000000,-0.000002216732
1.453125000000,2.882812500000,-0.000001814740
1.453125000000,2.906250000000,-0.000001410092
1.453125000000,2.929687500000,-0.000001003799
1.453125000000,2.953125000000,-0.000000596872
1.453125000000,2.976562500000,-0.000000190320
1.453125000000,3.000000000000,0.000000000000
1.476562500000,0.000000000000,0.000000000000
1.476562500000,0.023437500000,0.000000490099
1.476562500000,0.046875000000,0.000000814122
1.476562500000,0.070312500000,0.000001135187
1.476562500000,0.093750000000,0.000001452528
1.476562500000,0.117187500000,0.000001765386
1.476562500000,0.140625000000,0.000002073016
1.476562500000,0.164062500000,0.000002374676
1.476562500000,0.187500000000,0.000002669643
1.476562500000,0.210937500000,0.000002957203
1.476562500000,0.234375000000,0.000003236663
1.476562500000,0.257812500000,0.000003507339
1.476562500000,0.281250000000,0.000003768572
1.476562500000,0.304687500000,0.000004019720
1.476562500000,0.328125000000,0.000004260158
1.476562500000,0.351562500000,0.000004489295
1.476562500000,0.375000000000,0.000004706554
1.476562500000,0.398437500000,0.000004911383
1.476562500000,0.421875000000,0.000005103264
1.476562500000,0.445312500000,0.000005281703
1.476562500000,0.468750000000,0.000005446237
1.476562500000,0.492187500000,0.000005596430
1.476562500000,0.515625000000,0.000005731883
1.476562500000,0.539062500000,0.000005852224
1.476562500000,0.562500000000,0.000005957122
1.476562500000,0.585937500000,0.000006046275
1.476562500000,0.609375000000,0.000006119424
1.476562500000,0.632812500000,0.000006176338
1.476562500000,0.656250000000,0.000006216831
1.476562500000,0.679687500000,0.000006240755
1.476562500000,0.703125000000,0.000006247994
1.476562500000,0.726562500000,0.000006238484
1.476562500000,0.750000000000,0.000006212190
1.476562500000,0.773437500000,0.000006169121
1.476562500000,0.796875000000,0.000006109331
1.476562500000,0.820312500000,0.000006032909
1.476562500000,0.843750000000,0.000005939990
1.476562500000,0.867187500000,0.000005830747
1.476562500000,0.890625000000,0.000005705395
1.476562500000,0.914062500000,0.000005564189
1.476562500000,0.937500000000,0.000005407426
1.476562500000,0.960937500000,0.000005235440
1.476562500000,0.984375000000,0.000005048608
1.476562500000,1.007812500000,0.000004847342
1.476562500000,1.031250000000,0.000004632093
1.476562500000,1.054687500000,0.000004403351
1.476562500000,1.078125000000,0.000004161639
1.476562500000,1.101562500000,0.000003907516
1.476562500000,1.125000000000,0.000003641572
1.476562500000,1.148437500000,0.000003364434
1.476562500000,1.171875000000,0.000003076755
1.476562500000,1.195312500000,0.000002779218
1.476562500000,1.218750000000,0.000002472537
1.476562500000,1.242187500000,0.000002157448
1.476562500000,1.265625000000,0.000001834711
1.476562500000,1.289062500000,0.000001505109
1.476562500000,1.312500000000,0.000001169445
1.476562500000,1.335937500000,0.000000828542
1.476562500000,1.359375000000,0.000000483233
1.476562500000,1.382812500000,0.000000134371
1.476562500000,1.406250000000,-0.000000217184
1.476562500000,1.429687500000,-0.000000570557
1.476562500000,1.453125000000,-0.000000924873
1.476562500000,1.476562500000,-0.000001279251
1.476562500000,1.500000000000,-0.000001632802
1.476562500000,1.523437500000,-0.000001984644
1.476562500000,1.546875000000,-0.000002333894
1.476562500000,1.570312500000,-0.000002679676
1.476562500000,1.593750000000,-0.000003021119
1.476562500000,1.617187500000,-0.000003357362
1.476562500000,1.640625000000,-0.000003687558
1.476562500000,1.664062500000,-0.000004010872
1.476562500000,1.687500000000,-0.000004326490
1.476562500000,1.710937500000,-0.000004633611
1.476562500000,1.734375000000,-0.000004931459
1.476562500000,1.757812500000,-0.000005219280
1.476562500000,1.781250000000,-0.000005496344
1.476562500000,1.804687500000,-0.000005761952
1.476562500000,1.828125000000,-0.000006015428
1.476562500000,1.851562500000,-0.000006256135
1.476562500000,1.875000000000,-0.000006483464
1.476562500000,1.898437500000,-0.000006696837
1.476562500000,1.921875000000,-0.000006895720
1.476562500000,1.945312500000,-0.000007079612
1.476562500000,1.968750000000,-0.000007248049
1.476562500000,1.992187500000,-0.000007400610
1.476562500000,2.015625000000,-0.000007536914
1.476562500000,2.039062500000,-0.000007656622
1.476562500000,2.062500000000,-0.000007759439
1.476562500000,2.085937500000,-0.000007845110
1.476562500000,2.109375000000,-0.000007913430
1.476562500000,2.132812500000,-0.000007964232
1.476562500000,2.156250000000,-0.000007997400
1.476562500000,2.179687500000,-0.000008012859
1.476562500000,2.203125000000,-0.000008010580
1.476562500000,2.226562500000,-0.000007990581
1.476562500000,2.250000000000,-0.000007952925
1.476562500000,2.273437500000,-0.000007897715
1.476562500000,2.296875000000,-0.000007825106
1.476562500000,2.320312500000,-0.000007735290
1.476562500000,2.343750000000,-0.000007628506
1.476562500000,2.367187500000,-0.000007505030
1.476562500000,2.390625000000,-0.000007365189
1.476562500000,2.414062500000,-0.000007209337
1.476562500000,2.437500000000,-0.000007037878
1.476562500000,2.460937500000,-0.000006851250
1.476562500000,2.484375000000,-0.000006649923
1.476562500000,2.507812500000,-0.000006434412
1.476562500000,2.531250000000,-0.000006205255
1.476562500000,2.554687500000,-0.000005963027
1.476562500000,2.578125000000,-0.000005708333
1.476562500000,2.601562500000,-0.000005441805
1.476562500000,2.625000000000,-0.000005164104
1.476562500000,2.648437500000,-0.000004875912
1.476562500000,2.671875000000,-0.000004577934
1.476562500000,2.695312500000,-0.000004270898
1.476562500000,2.718750000000,-0.000003955550
1.476562500000,2.742187500000,-0.000003632652
1.476562500000,2.765625000000,-0.000003302980
1.476562500000,2.789062500000,-0.000002967323
1.476562500000,2.812500000000,-0.000002626480
1.476562500000,2.835937500000,-0.000002281256
1.476562500000,2.859375000000,-0.000001932466
1.476562500000,2.882812500000,-0.000001580926
1.476562500000,2.906250000000,-0.000001227454
1.476562500000,2.929687500000,-0.000000872868
1.476562500000,2.953125000000,-0.000000517984
1.476562500000,2.976562500000,-0.000000163611
1.476562500000,3.000000000000,0.000000000000
1.500000000000,0.000000000000,0.000000000000
1.500000000000,0.023437500000,0.000000487288
1.500000000000,0.046875000000,0.000000809021
1.500000000000,0.070312500000,0.000001127542
1.500000000000,0.093750000000,0.000001442002
1.500000000000,0.117187500000,0.000001751566
1.500000000000,0.140625000000,0.000002055413
1.500000000000,0.164062500000,0.000002352734
1.500000000000,0.187500000000,0.000002642740
1.500000000000,0.210937500000,0.000002924660
1.500000000000,0.234375000000,0.000003197746
1.500000000000,0.257812500000,0.000003461272
1.500000000000,0.281250000000,0.000003714538
1.500000000000,0.304687500000,0.000003956873
1.500000000000,0.328125000000,0.000004187630
1.500000000000,0.351562500000,0.000004406198
1.500000000000,0.375000000000,0.000004611995
1.500000000000,0.398437500000,0.000004804477
1.500000000000,0.421875000000,0.000004983131
1.500000000000,0.445312500000,0.000005147481
1.500000000000,0.468750000000,0.000005297092
1.500000000000,0.492187500000,0.000005431567
1.500000000000,0.515625000000,0.000005550549
1.500000000000,0.539062500000,0.000005653721
1.500000000000,0.562500000000,0.000005740812
1.500000000000,0.585937500000,0.000005811591
1.500000000000,0.609375000000,0.000005865870
1.500000000000,0.632812500000,0.000005903505
1.500000000000,0.656250000000,0.000005924402
1.500000000000,0.679687500000,0.000005928502
1.500000000000,0.703125000000,0.000005915800
1.500000000000,0.726562500000,0.000005886329
1.500000000000,0.750000000000,0.000005840172
1.500000000000,0.773437500000,0.000005777451
1.500000000000,0.796875000000,0.000005698337
1.500000000000,0.820312500000,0.000005603040
1.500000000000,0.843750000000,0.000005491819
1.500000000000,0.867187500000,0.000005364969
1.500000000000,0.890625000000,0.000005222827
1.500000000000,0.914062500000,0.000005065776
1.500000000000,0.937500000000,0.000004894229
1.500000000000,0.960937500000,0.000004708646
1.500000000000,0.984375000000,0.000004509516
1.500000000000,1.007812500000,0.000004297369
1.500000000000,1.031250000000,0.000004072764
1.500000000000,1.054687500000,0.000003836295
1.500000000000,1.078125000000,0.000003588584
1.500000000000,1.101562500000,0.000003330283
1.500000000000,1.125000000000,0.000003062070
1.500000000000,1.148437500000,0.000002784647
1.500000000000,1.171875000000,0.000002498739
1.500000000000,1.195312500000,0.000002205092
1.500000000000,1.218750000000,0.000001904469
1.500000000000,1.242187500000,0.000001597648
1.500000000000,1.265625000000,0.000001285427
1.500000000000,1.289062500000,0.000000968606
1.500000000000,1.312500000000,0.000000648003
1.500000000000,1.335937500000,0.000000324440
1.500000000000,1.359375000000,-0.000000001259
1.500000000000,1.382812500000,-0.000000328264
1.500000000000,1.406250000000,-0.000000655746
1.500000000000,1.429687500000,-0.000000982876
1.500000000000,1.453125000000,-0.000001308835
1.500000000000,1.476562500000,-0.000001632802
1.500000000000,1.500000000000,-0.000001953973
1.500000000000,1.523437500000,-0.000002271551
1.500000000000,1.546875000000,-0.000002584750
1.500000000000,1.570312500000,-0.000002892803
1.500000000000,1.593750000000,-0.000003194960
1.500000000000,1.617187500000,-0.000003490486
1.500000000000,1.640625000000,-0.000003778668
1.500000000000,1.664062500000,-0.000004058818
1.500000000000,1.687500000000,-0.000004330272
1.500000000000,1.710937500000,-0.000004592387
1.500000000000,1.734375000000,-0.000004844554
1.500000000000,1.757812500000,-0.000005086188
1.500000000000,1.781250000000,-0.000005316736
1.500000000000,1.804687500000,-0.000005535674
1.500000000000,1.828125000000,-0.000005742514
1.500000000000,1.851562500000,-0.000005936798
1.500000000000,1.875000000000,-0.000006118104
1.500000000000,1.898437500000,-0.000006286045
1.500000000000,1.921875000000,-0.000006440269
1.500000000000,1.945312500000,-0.000006580460
1.500000000000,1.968750000000,-0.000006706340
1.500000000000,1.992187500000,-0.000006817666
1.500000000000,2.015625000000,-0.000006914235
1.500000000000,2.039062500000,-0.000006995879
1.500000000000,2.062500000000,-0.000007062468
1.500000000000,2.085937500000,-0.000007113911
1.500000000000,2.109375000000,-0.000007150152
1.500000000000,2.132812500000,-0.000007171172
1.500000000000,2.156250000000,-0.000007176990
1.500000000000,2.179687500000,-0.000007167661
1.500000000000,2.203125000000,-0.000007143273
1.500000000000,2.226562500000,-0.000007103952
1.500000000000,2.250000000000,-0.000007049858
1.500000000000,2.273437500000,-0.000006981179
1.500000000000,2.296875000000,-0.000006898141
1.500000000000,2.320312500000,-0.000006801001
1.500000000000,2.343750000000,-0.000006690043
1.500000000000,2.367187500000,-0.000006565584
1.500000000000,2.390625000000,-0.000006427964
1.500000000000,2.414062500000,-0.000006277558
1.500000000000,2.437500000000,-0.000006114760
1.500000000000,2.460937500000,-0.000005939990
1.500000000000,2.484375000000,-0.000005753693
1.500000000000,2.507812500000,-0.000005556333
1.500000000000,2.531250000000,-0.000005348398
1.500000000000,2.554687500000,-0.000005130391
1.500000000000,2.578125000000,-0.000004902835
1.500000000000,2.601562500000,-0.000004666268
1.500000000000,2.625000000000,-0.000004421245
1.500000000000,2.648437500000,-0.000004168331
1.500000000000,2.671875000000,-0.000003908105
1.500000000000,2.695312500000,-0.000003641156
1.500000000000,2.718750000000,-0.000003368082
1.500000000000,2.742187500000,-0.000003089487
1.500000000000,2.765625000000,-0.000002805984
1.500000000000,2.789062500000,-0.000002518189
1.500000000000,2.812500000000,-0.000002226719
1.500000000000,2.835937500000,-0.000001932201
1.500000000000,2.859375000000,-0.000001635252
1.500000000000,2.882812500000,-0.000001336497
1.500000000000,2.906250000000,-0.000001036554
1.500000000000,2.929687500000,-0.000000736042
1.500000000000,2.953125000000,-0.000000435572
1.500000000000,2.976562500000,-0.000000135751
1.500000000000,3.000000000000,0.000000000000
1.523437500000,0.000000000000,0.000000000000
1.523437500000,0.023437500000,0.000000482476
1.523437500000,0.046875000000,0.000000800595
1.523437500000,0.070312500000,0.000001115256
1.523437500000,0.093750000000,0.000001425533
1.523437500000,0.117187500000,0.000001730512
1.523437500000,0.140625000000,0.000002029302
1.523437500000,0.164062500000,0.000002321026
1.523437500000,0.187500000000,0.000002604833
1.523437500000,0.210937500000,0.000002879894
1.523437500000,0.234375000000,0.000003145414
1.523437500000,0.257812500000,0.000003400623
1.523437500000,0.281250000000,0.000003644781
1.523437500000,0.304687500000,0.000003877190
1.523437500000,0.328125000000,0.000004097185
1.523437500000,0.351562500000,0.000004304141
1.523437500000,0.375000000000,0.000004497470
1.523437500000,0.398437500000,0.000004676631
1.523437500000,0.421875000000,0.000004841126
1.523437500000,0.445312500000,0.000004990500
1.523437500000,0.468750000000,0.000005124347
1.523437500000,0.492187500000,0.000005242309
1.523437500000,0.515625000000,0.000005344075
1.523437500000,0.539062500000,0.000005429384
1.523437500000,0.562500000000,0.000005498028
1.523437500000,0.585937500000,0.000005549845
1.523437500000,0.609375000000,0.000005584728
1.523437500000,0.632812500000,0.000005602622
1.523437500000,0.656250000000,0.000005603513
1.523437500000,0.679687500000,0.000005587450
1.523437500000,0.703125000000,0.000005554528
1.523437500000,0.726562500000,0.000005504890
1.523437500000,0.750000000000,0.000005438730
1.523437500000,0.773437500000,0.000005356287
1.523437500000,0.796875000000,0.000005257851
1.523437500000,0.820312500000,0.000005143757
1.523437500000,0.843750000000,0.000005014382
1.523437500000,0.867187500000,0.000004870149
1.523437500000,0.890625000000,0.000004711520
1.523437500000,0.914062500000,0.000004538999
1.523437500000,0.937500000000,0.000004353125
1.523437500000,0.960937500000,0.000004154475
1.523437500000,0.984375000000,0.000003943658
1.523437500000,1.007812500000,0.000003721315
1.523437500000,1.031250000000,0.000003488117
1.523437500000,1.054687500000,0.000003244760
1.523437500000,1.078125000000,0.000002991967
1.523437500000,1.101562500000,0.000002730479
1.523437500000,1.125000000000,0.000002461059
1.523437500000,1.148437500000,0.000002184488
1.523437500000,1.171875000000,0.000001901557
1.523437500000,1.195312500000,0.000001613072
1.523437500000,1.218750000000,0.000001319846
1.523437500000,1.242187500000,0.000001022700
1.523437500000,1.265625000000,0.000000722459
1.523437500000,1.289062500000,0.000000419944
1.523437500000,1.312500000000,0.000000115979
1.523437500000,1.335937500000,-0.000000188614
1.523437500000,1.359375000000,-0.000000493025
1.523437500000,1.382812500000,-0.000000796449
1.523437500000,1.406250000000,-0.000001098093
1.523437500000,1.429687500000,-0.000001397181
1.523437500000,1.453125000000,-0.000001692945
1.523437500000,1.476562500000,-0.000001984644
1.523437500000,1.500000000000,-0.000002271551
1.523437500000,1.523437500000,-0.000002552961
1.523437500000,1.546875000000,-0.000002828194
1.523437500000,1.570312500000,-0.000003096596
1.523437500000,1.593750000000,-0.000003357539
1.523437500000,1.617187500000,-0.000003610420
1.523437500000,1.640625000000,-0.000003854671
1.523437500000,1.664062500000,-0.000004089753
1.523437500000,1.687500000000,-0.000004315154
1.523437500000,1.710937500000,-0.000004530401
1.523437500000,1.734375000000,-0.000004735052
1.523437500000,1.757812500000,-0.000004928698
1.523437500000,1.781250000000,-0.000005110970
1.523437500000,1.804687500000,-0.000005281524
1.523437500000,1.828125000000,-0.000005440062
1.523437500000,1.851562500000,-0.000005586315
1.523437500000,1.875000000000,-0.000005720052
1.523437500000,1.898437500000,-0.000005841077
1.523437500000,1.921875000000,-0.000005949229
1.523437500000,1.945312500000,-0.000006044383
1.523437500000,1.968750000000,-0.000006126447
1.523437500000,1.992187500000,-0.000006195365
1.523437500000,2.015625000000,-0.000006251110
1.523437500000,2.039062500000,-0.000006293694
1.523437500000,2.062500000000,-0.000006323155
1.523437500000,2.085937500000,-0.000006339565
1.523437500000,2.109375000000,-0.000006343025
1.523437500000,2.132812500000,-0.000006333665
1.523437500000,2.156250000000,-0.000006311642
1.523437500000,2.179687500000,-0.000006277140
1.523437500000,2.203125000000,-0.000006230369
1.523437500000,2.226562500000,-0.000006171564
1.523437500000,2.250000000000,-0.000006100978
1.523437500000,2.273437500000,-0.000006018891
1.523437500000,2.296875000000,-0.000005925601
1.523437500000,2.320312500000,-0.000005821426
1.523437500000,2.343750000000,-0.000005706696
1.523437500000,2.367187500000,-0.000005581767
1.523437500000,2.390625000000,-0.000005447000
1.523437500000,2.414062500000,-0.000005302776
1.523437500000,2.437500000000,-0.000005149484
1.523437500000,2.460937500000,-0.000004987526
1.523437500000,2.484375000000,-0.000004817313
1.523437500000,2.507812500000,-0.000004639264
1.523437500000,2.531250000000,-0.000004453806
1.523437500000,2.554687500000,-0.000004261372
1.523437500000,2.578125000000,-0.000004062395
1.523437500000,2.601562500000,-0.000003857320
1.523437500000,2.625000000000,-0.000003646589
1.523437500000,2.648437500000,-0.000003430646
1.523437500000,2.671875000000,-0.000003209939
1.523437500000,2.695312500000,-0.000002984913
1.523437500000,2.718750000000,-0.000002756012
1.523437500000,2.742187500000,-0.000002523681
1.523437500000,2.765625000000,-0.000002288359
1.523437500000,2.789062500000,-0.000002050486
1.523437500000,2.812500000000,-0.000001810496
1.523437500000,2.835937500000,-0.000001568819
1.523437500000,2.859375000000,-0.000001325881
1.523437500000,2.882812500000,-0.000001082103
1.523437500000,2.906250000000,-0.000000837901
1.523437500000,2.929687500000,-0.000000593684
1.523437500000,2.953125000000,-0.000000349857
1.523437500000,2.976562500000,-0.000000106817
1.523437500000,3.000000000000,0.000000000000
1.546875000000,0.000000000000,0.000000000000
1.546875000000,0.023437500000,0.000000475686
1.546875000000,0.046875000000,0.000000788885
1.546875000000,0.070312500000,0.000001098390
1.546875000000,0.093750000000,0.000001403198
1.546875000000,0.117187500000,0.000001702323
1.546875000000,0.140625000000,0.000001994800
1.546875000000,0.164062500000,0.000002279692
1.546875000000,0.187500000000,0.000002556082
1.546875000000,0.210937500000,0.000002823096
1.546875000000,0.234375000000,0.000003079881
1.546875000000,0.257812500000,0.000003325631
1.546875000000,0.281250000000,0.000003559571
1.546875000000,0.304687500000,0.000003780978
1.546875000000,0.328125000000,0.000003989166
1.546875000000,0.351562500000,0.000004183498
1.546875000000,0.375000000000,0.000004363389
1.546875000000,0.398437500000,0.000004528298
1.546875000000,0.421875000000,0.000004677745
1.546875000000,0.445312500000,0.000004811299
1.546875000000,0.468750000000,0.000004928585
1.546875000000,0.492187500000,0.000005029284
1.546875000000,0.515625000000,0.000005113137
1.546875000000,0.539062500000,0.000005179939
1.546875000000,0.562500000000,0.000005229546
1.546875000000,0.585937500000,0.000005261871
1.546875000000,0.609375000000,0.000005276884
1.546875000000,0.632812500000,0.000005274615
1.546875000000,0.656250000000,0.000005255153
1.546875000000,0.679687500000,0.000005218640
1.546875000000,0.703125000000,0.000005165277
1.546875000000,0.726562500000,0.000005095314
1.546875000000,0.750000000000,0.000005009061
1.546875000000,0.773437500000,0.000004906879
1.546875000000,0.796875000000,0.000004789173
1.546875000000,0.820312500000,0.000004656404
1.546875000000,0.843750000000,0.000004509071
1.546875000000,0.867187500000,0.000004347722
1.546875000000,0.890625000000,0.000004172946
1.546875000000,0.914062500000,0.000003985370
1.546875000000,0.937500000000,0.000003785657
1.546875000000,0.960937500000,0.000003574501
1.546875000000,0.984375000000,0.000003352632
1.546875000000,1.007812500000,0.000003120802
1.546875000000,1.031250000000,0.000002879791
1.546875000000,1.054687500000,0.000002630399
1.546875000000,1.078125000000,0.000002373444
1.546875000000,1.101562500000,0.000002109762
1.546875000000,1.125000000000,0.000001840195
1.546875000000,1.148437500000,0.000001565601
1.546875000000,1.171875000000,0.000001286837
1.546875000000,1.195312500000,0.000001004767
1.546875000000,1.218750000000,0.000000720254
1.546875000000,1.242187500000,0.000000434152
1.546875000000,1.265625000000,0.000000147315
1.546875000000,1.289062500000,-0.000000139417
1.546875000000,1.312500000000,-0.000000425215
1.546875000000,1.335937500000,-0.000000709266
1.546875000000,1.359375000000,-0.000000990772
1.546875000000,1.382812500000,-0.000001268962
1.546875000000,1.406250000000,-0.000001543082
1.546875000000,1.429687500000,-0.000001812406
1.546875000000,1.453125000000,-0.000002076233
1.546875000000,1.476562500000,-0.000002333895
1.546875000000,1.500000000000,-0.000002584750
1.546875000000,1.523437500000,-0.000002828195
1.546875000000,1.546875000000,-0.000003063653
1.546875000000,1.570312500000,-0.000003290593
1.546875000000,1.593750000000,-0.000003508510
1.546875000000,1.617187500000,-0.000003716943
1.546875000000,1.640625000000,-0.000003915469
1.546875000000,1.664062500000,-0.000004103699
1.546875000000,1.687500000000,-0.000004281292
1.546875000000,1.710937500000,-0.000004447937
1.546875000000,1.734375000000,-0.000004603371
1.546875000000,1.757812500000,-0.000004747363
1.546875000000,1.781250000000,-0.000004879728
1.546875000000,1.804687500000,-0.000005000320
1.546875000000,1.828125000000,-0.000005109023
1.546875000000,1.851562500000,-0.000005205767
1.546875000000,1.875000000000,-0.000005290516
1.546875000000,1.898437500000,-0.000005363271
1.546875000000,1.921875000000,-0.000005424064
1.546875000000,1.945312500000,-0.000005472966
1.546875000000,1.968750000000,-0.000005510075
1.546875000000,1.992187500000,-0.000005535522
1.546875000000,2.015625000000,-0.000005549468
1.546875000000,2.039062500000,-0.000005552100
1.546875000000,2.062500000000,-0.000005543632
1.546875000000,2.085937500000,-0.000005524299
1.546875000000,2.109375000000,-0.000005494364
1.546875000000,2.132812500000,-0.000005454104
1.546875000000,2.156250000000,-0.000005403821
1.546875000000,2.179687500000,-0.000005343829
1.546875000000,2.203125000000,-0.000005274459
1.546875000000,2.226562500000,-0.000005196055
1.546875000000,2.250000000000,-0.000005108971
1.546875000000,2.273437500000,-0.000005013572
1.546875000000,2.296875000000,-0.000004910232
1.546875000000,2.320312500000,-0.000004799325
1.546875000000,2.343750000000,-0.000004681237
1.546875000000,2.367187500000,-0.000004556349
1.546875000000,2.390625000000,-0.000004425050
1.546875000000,2.414062500000,-0.000004287724
1.546875000000,2.437500000000,-0.000004144755
1.546875000000,2.460937500000,-0.000003996522
1.546875000000,2.484375000000,-0.000003843403
1.546875000000,2.507812500000,-0.000003685767
1.546875000000,2.531250000000,-0.000003523977
1.546875000000,2.554687500000,-0.000003358392
1.546875000000,2.578125000000,-0.000003189357
1.546875000000,2.601562500000,-0.000003017215
1.546875000000,2.625000000000,-0.000002842294
1.546875000000,2.648437500000,-0.000002664912
1.546875000000,2.671875000000,-0.000002485378
1.546875000000,2.695312500000,-0.000002303994
1.546875000000,2.718750000000,-0.000002121044
1.546875000000,2.742187500000,-0.000001936806
1.546875000000,2.765625000000,-0.000001751545
1.546875000000,2.789062500000,-0.000001565516
1.546875000000,2.812500000000,-0.000001378963
1.546875000000,2.835937500000,-0.000001192121
1.546875000000,2.859375000000,-0.000001005212
1.546875000000,2.882812500000,-0.000000818452
1.546875000000,2.906250000000,-0.000000632046
1.546875000000,2.929687500000,-0.000000446192
1.546875000000,2.953125000000,-0.000000261079
1.546875000000,2.976562500000,-0.000000076888
1.546875000000,3.000000000000,0.000000000000
1.570312500000,0.000000000000,0.000000000000
1.570312500000,0.023437500000,0.000000466952
1.570312500000,0.046875000000,0.000000773948
1.570312500000,0.070312500000,0.000001077026
1.570312500000,0.093750000000,0.000001375105
1.570312500000,0.117187500000,0.000001667131
1.570312500000,0.140625000000,0.000001952071
1.570312500000,0.164062500000,0.000002228921
1.570312500000,0.187500000000,0.000002496713
1.570312500000,0.210937500000,0.000002754516
1.570312500000,0.234375000000,0.000003001432
1.570312500000,0.257812500000,0.000003236616
1.570312500000,0.281250000000,0.000003459266
1.570312500000,0.304687500000,0.000003668628
1.570312500000,0.328125000000,0.000003864002
1.570312500000,0.351562500000,0.000004044743
1.570312500000,0.375000000000,0.000004210265
1.570312500000,0.398437500000,0.000004360039
1.570312500000,0.421875000000,0.000004493596
1.570312500000,0.445312500000,0.000004610535
1.570312500000,0.468750000000,0.000004710510
1.570312500000,0.492187500000,0.000004793251
1.570312500000,0.515625000000,0.000004858547
1.570312500000,0.539062500000,0.000004906249
1.570312500000,0.562500000000,0.000004936283
1.570312500000,0.585937500000,0.000004948635
1.570312500000,0.609375000000,0.000004943362
1.570312500000,0.632812500000,0.000004920575
1.570312500000,0.656250000000,0.000004880463
1.570312500000,0.679687500000,0.000004823264
1.570312500000,0.703125000000,0.000004749290
1.570312500000,0.726562500000,0.000004658903
1.570312500000,0.750000000000,0.000004552524
1.570312500000,0.773437500000,0.000004430632
1.570312500000,0.796875000000,0.000004293758
1.570312500000,0.820312500000,0.000004142481
1.570312500000,0.843750000000,0.000003977430
1.570312500000,0.867187500000,0.000003799276
1.570312500000,0.890625000000,0.000003608732
1.570312500000,0.914062500000,0.000003406551
1.570312500000,0.937500000000,0.000003193517
1.570312500000,0.960937500000,0.000002970445
1.570312500000,0.984375000000,0.000002738181
1.570312500000,1.007812500000,0.000002497590
1.570312500000,1.031250000000,0.000002249560
1.570312500000,1.054687500000,0.000001994992
1.570312500000,1.078125000000,0.000001734803
1.570312500000,1.101562500000,0.000001469913
1.570312500000,1.125000000000,0.000001201252
1.570312500000,1.148437500000,0.000000929745
1.570312500000,1.171875000000,0.000000656319
1.570312500000,1.195312500000,0.000000381890
1.570312500000,1.218750000000,0.000000107366
1.570312500000,1.242187500000,-0.000000166360
1.570312500000,1.265625000000,-0.000000438413
1.570312500000,1.289062500000,-0.000000707937
1.570312500000,1.312500000000,-0.000000974101
1.570312500000,1.335937500000,-0.000001236104
1.570312500000,1.359375000000,-0.000001493165
1.570312500000,1.382812500000,-0.000001744547
1.570312500000,1.406250000000,-0.000001989540
1.570312500000,1.429687500000,-0.000002227474
1.570312500000,1.453125000000,-0.000002457716
1.570312500000,1.476562500000,-0.000002679676
1.570312500000,1.500000000000,-0.000002892804
1.570312500000,1.523437500000,-0.000003096597
1.570312500000,1.546875000000,-0.000003290592
1.570312500000,1.570312500000,-0.000003474379
1.570312500000,1.593750000000,-0.000003647588
1.570312500000,1.617187500000,-0.000003809895
1.570312500000,1.640625000000,-0.000003961033
1.570312500000,1.664062500000,-0.000004100773
1.570312500000,1.687500000000,-0.000004228935
1.570312500000,1.710937500000,-0.000004345386
1.570312500000,1.734375000000,-0.000004450039
1.570312500000,1.757812500000,-0.000004542856
1.570312500000,1.781250000000,-0.000004623833
1.570312500000,1.804687500000,-0.000004693017
1.570312500000,1.828125000000,-0.000004750497
1.570312500000,1.851562500000,-0.000004796396
1.570312500000,1.875000000000,-0.000004830879
1.570312500000,1.898437500000,-0.000004854143
1.570312500000,1.921875000000,-0.000004866425
1.570312500000,1.945312500000,-0.000004867988
1.570312500000,1.968750000000,-0.000004859128
1.570312500000,1.992187500000,-0.000004840167
1.570312500000,2.015625000000,-0.000004811452
1.570312500000,2.039062500000,-0.000004773353
1.570312500000,2.062500000000,-0.000004726257
1.570312500000,2.085937500000,-0.000004670572
1.570312500000,2.109375000000,-0.000004606717
1.570312500000,2.132812500000,-0.000004535126
1.570312500000,2.156250000000,-0.000004456240
1.570312500000,2.179687500000,-0.000004370507
1.570312500000,2.203125000000,-0.000004278383
1.570312500000,2.226562500000,-0.000004180318
1.570312500000,2.250000000000,-0.000004076770
1.570312500000,2.273437500000,-0.000003968188
1.570312500000,2.296875000000,-0.000003855021
1.570312500000,2.320312500000,-0.000003737704
1.570312500000,2.343750000000,-0.000003616669
1.570312500000,2.367187500000,-0.000003492335
1.570312500000,2.390625000000,-0.000003365103
1.570312500000,2.414062500000,-0.000003235371
1.570312500000,2.437500000000,-0.000003103506
1.570312500000,2.460937500000,-0.000002969870
1.570312500000,2.484375000000,-0.000002834800
1.570312500000,2.507812500000,-0.000002698615
1.570312500000,2.531250000000,-0.000002561616
1.570312500000,2.554687500000,-0.000002424077
1.570312500000,2.578125000000,-0.000002286260
1.570312500000,2.601562500000,-0.000002148392
1.570312500000,2.625000000000,-0.000002010691
1.570312500000,2.648437500000,-0.000001873345
1.570312500000,2.671875000000,-0.000001736522
1.570312500000,2.695312500000,-0.000001600369
1.570312500000,2.718750000000,-0.000001465014
1.570312500000,2.742187500000,-0.000001330559
1.570312500000,2.765625000000,-0.000001197092
1.570312500000,2.789062500000,-0.000001064679
1.570312500000,2.812500000000,-0.000000933368
1.570312500000,2.835937500000,-0.000000803194
1.570312500000,2.859375000000,-0.000000674172
1.570312500000,2.882812500000,-0.000000546306
1.570312500000,2.906250000000,-0.000000419586
1.570312500000,2.929687500000,-0.000000293992
1.570312500000,2.953125000000,-0.000000169494
1.570312500000,2.976562500000,-0.000000046055
1.570312500000,3.000000000000,0.000000000000
1.593750000000,0.000000000000,0.000000000000
1.593750000000,0.023437500000,0.000000456318
1.593750000000,0.046875000000,0.000000755860
1.593750000000,0.070312500000,0.000001051269
1.593750000000,0.093750000000,0.000001341394
1.593750000000,0.117187500000,0.000001625109
1.593750000000,0.140625000000,0.000001901317
1.593750000000,0.164062500000,0.000002168954
1.593750000000,0.187500000000,0.000002426997
1.593750000000,0.210937500000,0.000002674463
1.593750000000,0.234375000000,0.000002910417
1.593750000000,0.257812500000,0.000003133971
1.593750000000,0.281250000000,0.000003344295
1.593750000000,0.304687500000,0.000003540615
1.593750000000,0.328125000000,0.000003722214
1.593750000000,0.351562500000,0.000003888444
1.593750000000,0.375000000000,0.000004038718
1.593750000000,0.398437500000,0.000004172518
1.593750000000,0.421875000000,0.000004289396
1.593750000000,0.445312500000,0.000004388975
1.593750000000,0.468750000000,0.000004470949
1.593750000000,0.492187500000,0.000004535090
1.593750000000,0.515625000000,0.000004581235
1.593750000000,0.539062500000,0.000004609306
1.593750000000,0.562500000000,0.000004619287
1.593750000000,0.585937500000,0.000004611250
1.593750000000,0.609375000000,0.000004585326
1.593750000000,0.632812500000,0.000004541722
1.593750000000,0.656250000000,0.000004480719
1.593750000000,0.679687500000,0.000004402663
1.593750000000,0.703125000000,0.000004307965
1.593750000000,0.726562500000,0.000004197104
1.593750000000,0.750000000000,0.000004070617
1.593750000000,0.773437500000,0.000003929101
1.593750000000,0.796875000000,0.000003773208
1.593750000000,0.820312500000,0.000003603641
1.593750000000,0.843750000000,0.000003421155
1.593750000000,0.867187500000,0.000003226546
1.593750000000,0.890625000000,0.000003020652
1.593750000000,0.914062500000,0.000002804347
1.593750000000,0.937500000000,0.000002578540
1.593750000000,0.960937500000,0.000002344166
1.593750000000,0.984375000000,0.000002102185
1.593750000000,1.007812500000,0.000001853574
1.593750000000,1.031250000000,0.000001599328
1.593750000000,1.054687500000,0.000001340449
1.593750000000,1.078125000000,0.000001077947
1.593750000000,1.101562500000,0.000000812833
1.593750000000,1.125000000000,0.000000546112
1.593750000000,1.148437500000,0.000000278786
1.593750000000,1.171875000000,0.000000011839
1.593750000000,1.195312500000,-0.000000253758
1.593750000000,1.218750000000,-0.000000517053
1.593750000000,1.242187500000,-0.000000777122
1.593750000000,1.265625000000,-0.000001033065
1.593750000000,1.289062500000,-0.000001284020
1.593750000000,1.312500000000,-0.000001529153
1.593750000000,1.335937500000,-0.000001767675
1.593750000000,1.359375000000,-0.000001998832
1.593750000000,1.382812500000,-0.000002221921
1.593750000000,1.406250000000,-0.000002436279
1.593750000000,1.429687500000,-0.000002641295
1.593750000000,1.453125000000,-0.000002836412
1.593750000000,1.476562500000,-0.000003021119
1.593750000000,1.500000000000,-0.000003194960
1.593750000000,1.523437500000,-0.000003357539
1.593750000000,1.546875000000,-0.000003508510
1.593750000000,1.570312500000,-0.000003647587
1.593750000000,1.593750000000,-0.000003774539
1.593750000000,1.617187500000,-0.000003889189
1.593750000000,1.640625000000,-0.000003991422
1.593750000000,1.664062500000,-0.000004081172
1.593750000000,1.687500000000,-0.000004158431
1.593750000000,1.710937500000,-0.000004223247
1.593750000000,1.734375000000,-0.000004275711
1.593750000000,1.757812500000,-0.000004315974
1.593750000000,1.781250000000,-0.000004344232
1.593750000000,1.804687500000,-0.000004360724
1.593750000000,1.828125000000,-0.000004365741
1.593750000000,1.851562500000,-0.000004359606
1.593750000000,1.875000000000,-0.000004342688
1.593750000000,1.898437500000,-0.000004315389
1.593750000000,1.921875000000,-0.000004278145
1.593750000000,1.945312500000,-0.000004231421
1.593750000000,1.968750000000,-0.000004175711
1.593750000000,1.992187500000,-0.000004111530
1.593750000000,2.015625000000,-0.000004039416
1.593750000000,2.039062500000,-0.000003959920
1.593750000000,2.062500000000,-0.000003873611
1.593750000000,2.085937500000,-0.000003781062
1.593750000000,2.109375000000,-0.000003682861
1.593750000000,2.132812500000,-0.000003579590
1.593750000000,2.156250000000,-0.000003471839
1.593750000000,2.179687500000,-0.000003360187
1.593750000000,2.203125000000,-0.000003245211
1.593750000000,2.226562500000,-0.000003127479
1.593750000000,2.250000000000,-0.000003007543
1.593750000000,2.273437500000,-0.000002885943
1.593750000000,2.296875000000,-0.000002763195
1.593750000000,2.320312500000,-0.000002639802
1.593750000000,2.343750000000,-0.000002516241
1.593750000000,2.367187500000,-0.000002392958
1.593750000000,2.390625000000,-0.000002270380
1.593750000000,2.414062500000,-0.000002148903
1.593750000000,2.437500000000,-0.000002028890
1.593750000000,2.460937500000,-0.000001910670
1.593750000000,2.484375000000,-0.000001794548
1.593750000000,2.507812500000,-0.000001680788
1.593750000000,2.531250000000,-0.000001569619
1.593750000000,2.554687500000,-0.000001461241
1.593750000000,2.578125000000,-0.000001355813
1.593750000000,2.601562500000,-0.000001253460
1.593750000000,2.625000000000,-0.000001154278
1.593750000000,2.648437500000,-0.000001058320
1.593750000000,2.671875000000,-0.000000965615
1.593750000000,2.695312500000,-0.000000876150
1.593750000000,2.718750000000,-0.000000789888
1.593750000000,2.742187500000,-0.000000706756
1.593750000000,2.765625000000,-0.000000626661
1.593750000000,2.789062500000,-0.000000549474
1.593750000000,2.812500000000,-0.000000475045
1.593750000000,2.835937500000,-0.000000403202
1.593750000000,2.859375000000,-0.000000333750
1.593750000000,2.882812500000,-0.000000266477
1.593750000000,2.906250000000,-0.000000201154
1.593750000000,2.929687500000,-0.000000137539
1.593750000000,2.953125000000,-0.000000075379
1.593750000000,2.976562500000,-0.000000014409
1.593750000000,3.000000000000,0.000000000000
1.617187500000,0.000000000000,0.000000000000
1.617187500000,0.023437500000,0.000000443837
1.617187500000,0.046875000000,0.000000734712
1.617187500000,0.070312500000,0.000001021249
1.617187500000,0.093750000000,0.000001302229
1.617187500000,0.117187500000,0.000001576460
1.617187500000,0.140625000000,0.000001842783
1.617187500000,0.164062500000,0.000002100076
1.617187500000,0.187500000000,0.000002347263
1.617187500000,0.210937500000,0.000002583313
1.617187500000,0.234375000000,0.000002807250
1.617187500000,0.257812500000,0.000003018156
1.617187500000,0.281250000000,0.000003215169
1.617187500000,0.304687500000,0.000003397497
1.617187500000,0.328125000000,0.000003564412
1.617187500000,0.351562500000,0.000003715261
1.617187500000,0.375000000000,0.000003849460
1.617187500000,0.398437500000,0.000003966504
1.617187500000,0.421875000000,0.000004065968
1.617187500000,0.445312500000,0.000004147501
1.617187500000,0.468750000000,0.000004210838
1.617187500000,0.492187500000,0.000004255794
1.617187500000,0.515625000000,0.000004282263
1.617187500000,0.539062500000,0.000004290226
1.617187500000,0.562500000000,0.000004279742
1.617187500000,0.585937500000,0.000004250951
1.617187500000,0.609375000000,0.000004204076
1.617187500000,0.632812500000,0.000004139417
1.617187500000,0.656250000000,0.000004057344
1.617187500000,0.679687500000,0.000003958311
1.617187500000,0.703125000000,0.000003842837
1.617187500000,0.726562500000,0.000003711511
1.617187500000,0.750000000000,0.000003564988
1.617187500000,0.773437500000,0.000003403983
1.617187500000,0.796875000000,0.000003229270
1.617187500000,0.820312500000,0.000003041677
1.617187500000,0.843750000000,0.000002842082
1.617187500000,0.867187500000,0.000002631407
1.617187500000,0.890625000000,0.000002410614
1.617187500000,0.914062500000,0.000002180701
1.617187500000,0.937500000000,0.000001942698
1.617187500000,0.960937500000,0.000001697657
1.617187500000,0.984375000000,0.000001446653
1.617187500000,1.007812500000,0.000001190775
1.617187500000,1.031250000000,0.000000931122
1.617187500000,1.054687500000,0.000000668796
1.617187500000,1.078125000000,0.000000404899
1.617187500000,1.101562500000,0.000000140528
1.617187500000,1.125000000000,-0.000000123234
1.617187500000,1.148437500000,-0.000000385318
1.617187500000,1.171875000000,-0.000000644676
1.617187500000,1.195312500000,-0.000000900289
1.617187500000,1.218750000000,-0.000001151163
1.617187500000,1.242187500000,-0.000001396346
1.617187500000,1.265625000000,-0.000001634919
1.617187500000,1.289062500000,-0.000001866007
1.617187500000,1.312500000000,-0.000002088789
1.617187500000,1.335937500000,-0.000002302482
1.617187500000,1.359375000000,-0.000002506365
1.617187500000,1.382812500000,-0.000002699771
1.617187500000,1.406250000000,-0.000002882090
1.617187500000,1.429687500000,-0.000003052775
1.617187500000,1.453125000000,-0.000003211338
1.617187500000,1.476562500000,-0.000003357361
1.617187500000,1.500000000000,-0.000003490486
1.617187500000,1.523437500000,-0.000003610421
1.617187500000,1.546875000000,-0.000003716944
1.617187500000,1.570312500000,-0.000003809897
1.617187500000,1.593750000000,-0.000003889189
1.617187500000,1.617187500000,-0.000003954797
1.617187500000,1.640625000000,-0.000004006759
1.617187500000,1.664062500000,-0.000004045179
1.617187500000,1.687500000000,-0.000004070224
1.617187500000,1.710937500000,-0.000004082116
1.617187500000,1.734375000000,-0.000004081142
1.617187500000,1.757812500000,-0.000004067643
1.617187500000,1.781250000000,-0.000004042008
1.617187500000,1.804687500000,-0.000004004681
1.617187500000,1.828125000000,-0.000003956152
1.617187500000,1.851562500000,-0.000003896953
1.617187500000,1.875000000000,-0.000003827655
1.617187500000,1.898437500000,-0.000003748869
1.617187500000,1.921875000000,-0.000003661234
1.617187500000,1.945312500000,-0.000003565418
1.617187500000,1.968750000000,-0.000003462114
1.617187500000,1.992187500000,-0.000003352036
1.617187500000,2.015625000000,-0.000003235909
1.617187500000,2.039062500000,-0.000003114475
1.617187500000,2.062500000000,-0.000002988477
1.617187500000,2.085937500000,-0.000002858666
1.617187500000,2.109375000000,-0.000002725786
1.617187500000,2.132812500000,-0.000002590581
1.617187500000,2.156250000000,-0.000002453781
1.617187500000,2.179687500000,-0.000002316103
1.617187500000,2.203125000000,-0.000002178246
1.617187500000,2.226562500000,-0.000002040889
1.617187500000,2.250000000000,-0.000001904686
1.617187500000,2.273437500000,-0.000001770262
1.617187500000,2.296875000000,-0.000001638206
1.617187500000,2.320312500000,-0.000001509082
1.617187500000,2.343750000000,-0.000001383410
1.617187500000,2.367187500000,-0.000001261674
1.617187500000,2.390625000000,-0.000001144313
1.617187500000,2.414062500000,-0.000001031725
1.617187500000,2.437500000000,-0.000000924263
1.617187500000,2.460937500000,-0.000000822233
1.617187500000,2.484375000000,-0.000000725894
1.617187500000,2.507812500000,-0.000000635453
1.617187500000,2.531250000000,-0.000000551075
1.617187500000,2.554687500000,-0.000000472871
1.617187500000,2.578125000000,-0.000000400906
1.617187500000,2.601562500000,-0.000000335195
1.617187500000,2.625000000000,-0.000000275706
1.617187500000,2.648437500000,-0.000000222362
1.617187500000,2.671875000000,-0.000000175039
1.617187500000,2.695312500000,-0.000000133572
1.617187500000,2.718750000000,-0.000000097749
1.617187500000,2.742187500000,-0.000000067325
1.617187500000,2.765625000000,-0.000000042011
1.617187500000,2.789062500000,-0.000000021489
1.617187500000,2.812500000000,-0.000000005405
1.617187500000,2.835937500000,0.000000006624
1.617187500000,2.859375000000,0.000000015005
1.617187500000,2.882812500000,0.000000020172
1.617187500000,2.906250000000,0.000000022575
1.617187500000,2.929687500000,0.000000022684
1.617187500000,2.953125000000,0.000000020978
1.617187500000,2.976562500000,0.000000017950
1.617187500000,3.000000000000,0.000000000000
1.640625000000,0.000000000000,0.000000000000
1.640625000000,0.023437500000,0.000000429574
1.640625000000,0.046875000000,0.000000710609
1.640625000000,0.070312500000,0.000000987115
1.640625000000,0.093750000000,0.000001257807
1.640625000000,0.117187500000,0.000001521426
1.640625000000,0.140625000000,0.000001776756
1.640625000000,0.164062500000,0.000002022620
1.640625000000,0.187500000000,0.000002257891
1.640625000000,0.210937500000,0.000002481494
1.640625000000,0.234375000000,0.000002692415
1.640625000000,0.257812500000,0.000002889704
1.640625000000,0.281250000000,0.000003072473
1.640625000000,0.304687500000,0.000003239914
1.640625000000,0.328125000000,0.000003391290
1.640625000000,0.351562500000,0.000003525943
1.640625000000,0.375000000000,0.000003643298
1.640625000000,0.398437500000,0.000003742866
1.640625000000,0.421875000000,0.000003824240
1.640625000000,0.445312500000,0.000003887102
1.640625000000,0.468750000000,0.000003931229
1.640625000000,0.492187500000,0.000003956478
1.640625000000,0.515625000000,0.000003962803
1.640625000000,0.539062500000,0.000003950249
1.640625000000,0.562500000000,0.000003918943
1.640625000000,0.585937500000,0.000003869106
1.640625000000,0.609375000000,0.000003801044
1.640625000000,0.632812500000,0.000003715149
1.640625000000,0.656250000000,0.000003611890
1.640625000000,0.679687500000,0.000003491824
1.640625000000,0.703125000000,0.000003355576
1.640625000000,0.726562500000,0.000003203851
1.640625000000,0.750000000000,0.000003037418
1.640625000000,0.773437500000,0.000002857111
1.640625000000,0.796875000000,0.000002663827
1.640625000000,0.820312500000,0.000002458517
1.640625000000,0.843750000000,0.000002242182
1.640625000000,0.867187500000,0.000002015869
1.640625000000,0.890625000000,0.000001780664
1.640625000000,0.914062500000,0.000001537687
1.640625000000,0.937500000000,0.000001288087
1.640625000000,0.960937500000,0.000001033035
1.640625000000,0.984375000000,0.000000773718
1.640625000000,1.007812500000,0.000000511333
1.640625000000,1.031250000000,0.000000247084
1.640625000000,1.054687500000,-0.000000017830
1.640625000000,1.078125000000,-0.000000282216
1.640625000000,1.101562500000,-0.000000544894
1.640625000000,1.125000000000,-0.000000804705
1.640625000000,1.148437500000,-0.000001060512
1.640625000000,1.171875000000,-0.000001311212
1.640625000000,1.195312500000,-0.000001555734
1.640625000000,1.218750000000,-0.000001793052
1.640625000000,1.242187500000,-0.000002022181
1.640625000000,1.265625000000,-0.000002242186
1.640625000000,1.289062500000,-0.000002452195
1.640625000000,1.312500000000,-0.000002651382
1.640625000000,1.335937500000,-0.000002838990
1.640625000000,1.359375000000,-0.000003014326
1.640625000000,1.382812500000,-0.000003176764
1.640625000000,1.406250000000,-0.000003325753
1.640625000000,1.429687500000,-0.000003460807
1.640625000000,1.453125000000,-0.000003581519
1.640625000000,1.476562500000,-0.000003687558
1.640625000000,1.500000000000,-0.000003778667
1.640625000000,1.523437500000,-0.000003854671
1.640625000000,1.546875000000,-0.000003915469
1.640625000000,1.570312500000,-0.000003961033
1.640625000000,1.593750000000,-0.000003991421
1.640625000000,1.617187500000,-0.000004006759
1.640625000000,1.640625000000,-0.000004007247
1.640625000000,1.664062500000,-0.000003993161
1.640625000000,1.687500000000,-0.000003964839
1.640625000000,1.710937500000,-0.000003922695
1.640625000000,1.734375000000,-0.000003867202
1.640625000000,1.757812500000,-0.000003798896
1.640625000000,1.781250000000,-0.000003718366
1.640625000000,1.804687500000,-0.000003626259
1.640625000000,1.828125000000,-0.000003523271
1.640625000000,1.851562500000,-0.000003410139
1.640625000000,1.875000000000,-0.000003287645
1.640625000000,1.898437500000,-0.000003156606
1.640625000000,1.921875000000,-0.000003017867
1.640625000000,1.945312500000,-0.000002872303
1.640625000000,1.968750000000,-0.000002720808
1.640625000000,1.992187500000,-0.000002564291
1.640625000000,2.015625000000,-0.000002403674
1.640625000000,2.039062500000,-0.000002239881
1.640625000000,2.062500000000,-0.000002073840
1.640625000000,2.085937500000,-0.000001906472
1.640625000000,2.109375000000,-0.000001738688
1.640625000000,2.132812500000,-0.000001571384
1.640625000000,2.156250000000,-0.000001405438
1.640625000000,2.179687500000,-0.000001241700
1.640625000000,2.203125000000,-0.000001080996
1.640625000000,2.226562500000,-0.000000924113
1.640625000000,2.250000000000,-0.000000771805
1.640625000000,2.273437500000,-0.000000624783
1.640625000000,2.296875000000,-0.000000483712
1.640625000000,2.320312500000,-0.000000349211
1.640625000000,2.343750000000,-0.000000221850
1.640625000000,2.367187500000,-0.000000102137
1.640625000000,2.390625000000,0.000000009468
1.640625000000,2.414062500000,0.000000112566
1.640625000000,2.437500000000,0.000000206818
1.640625000000,2.460937500000,0.000000291948
1.640625000000,2.484375000000,0.000000367740
1.640625000000,2.507812500000,0.000000434040
1.640625000000,2.531250000000,0.000000490759
1.640625000000,2.554687500000,0.000000537872
1.640625000000,2.578125000000,0.000000575411
1.640625000000,2.601562500000,0.000000603476
1.640625000000,2.625000000000,0.000000622224
1.640625000000,2.648437500000,0.000000631870
1.640625000000,2.671875000000,0.000000632687
1.640625000000,2.695312500000,0.000000625006
1.640625000000,2.718750000000,0.000000609201
1.640625000000,2.742187500000,0.000000585709
1.640625000000,2.765625000000,0.000000555004
1.640625000000,2.789062500000,0.000000517600
1.640625000000,2.812500000000,0.000000474063
1.640625000000,2.835937500000,0.000000424982
1.640625000000,2.859375000000,0.000000370988
1.640625000000,2.882812500000,0.000000312732
1.640625000000,2.906250000000,0.000000250893
1.640625000000,2.929687500000,0.000000186168
1.640625000000,2.953125000000,0.000000119270
1.640625000000,2.976562500000,0.000000050919
1.640625000000,3.000000000000,0.000000000000
1.664062500000,0.000000000000,0.000000000000
1.664062500000,0.023437500000,0.000000413600
1.664062500000,0.046875000000,0.000000683674
1.664062500000,0.070312500000,0.000000949041
1.664062500000,0.093750000000,0.000001208347
1.664062500000,0.117187500000,0.000001460279
1.664062500000,0.140625000000,0.000001703561
1.664062500000,0.164062500000,0.000001936962
1.664062500000,0.187500000000,0.000002159311
1.664062500000,0.210937500000,0.000002369489
1.664062500000,0.234375000000,0.000002566449
1.664062500000,0.257812500000,0.000002749208
1.664062500000,0.281250000000,0.000002916858
1.664062500000,0.304687500000,0.000003068577
1.664062500000,0.328125000000,0.000003203618
1.664062500000,0.351562500000,0.000003321324
1.664062500000,0.375000000000,0.000003421130
1.664062500000,0.398437500000,0.000003502560
1.664062500000,0.421875000000,0.000003565233
1.664062500000,0.445312500000,0.000003608867
1.664062500000,0.468750000000,0.000003633272
1.664062500000,0.492187500000,0.000003638363
1.664062500000,0.515625000000,0.000003624145
1.664062500000,0.539062500000,0.000003590728
1.664062500000,0.562500000000,0.000003538312
1.664062500000,0.585937500000,0.000003467199
1.664062500000,0.609375000000,0.000003377777
1.664062500000,0.632812500000,0.000003270532
1.664062500000,0.656250000000,0.000003146033
1.664062500000,0.679687500000,0.000003004937
1.664062500000,0.703125000000,0.000002847981
1.664062500000,0.726562500000,0.000002675978
1.664062500000,0.750000000000,0.000002489817
1.664062500000,0.773437500000,0.000002290448
1.664062500000,0.796875000000,0.000002078890
1.664062500000,0.820312500000,0.000001856216
1.664062500000,0.843750000000,0.000001623553
1.664062500000,0.867187500000,0.000001382066
1.664062500000,0.890625000000,0.000001132969
1.664062500000,0.914062500000,0.000000877499
1.664062500000,0.937500000000,0.000000616925
1.664062500000,0.960937500000,0.000000352533
1.664062500000,0.984375000000,0.000000085622
1.664062500000,1.007812500000,-0.000000182503
1.664062500000,1.031250000000,-0.000000450539
1.664062500000,1.054687500000,-0.000000717190
1.664062500000,1.078125000000,-0.000000981173
1.664062500000,1.101562500000,-0.000001241230
1.664062500000,1.125000000000,-0.000001496125
1.664062500000,1.148437500000,-0.000001744660
1.664062500000,1.171875000000,-0.000001985675
1.664062500000,1.195312500000,-0.000002218054
1.664062500000,1.218750000000,-0.000002440735
1.664062500000,1.242187500000,-0.000002652710
1.664062500000,1.265625000000,-0.000002853033
1.664062500000,1.289062500000,-0.000003040822
1.664062500000,1.312500000000,-0.000003215266
1.664062500000,1.335937500000,-0.000003375631
1.664062500000,1.359375000000,-0.000003521255
1.664062500000,1.382812500000,-0.000003651554
1.664062500000,1.406250000000,-0.000003766036
1.664062500000,1.429687500000,-0.000003864287
1.664062500000,1.453125000000,-0.000003945979
1.664062500000,1.476562500000,-0.000004010873
1.664062500000,1.500000000000,-0.000004058819
1.664062500000,1.523437500000,-0.000004089752
1.664062500000,1.546875000000,-0.000004103700
1.664062500000,1.570312500000,-0.000004100773
1.664062500000,1.593750000000,-0.000004081172
1.664062500000,1.617187500000,-0.000004045179
1.664062500000,1.640625000000,-0.000003993159
1.664062500000,1.664062500000,-0.000003925560
1.664062500000,1.687500000000,-0.000003842900
1.664062500000,1.710937500000,-0.000003745779
1.664062500000,1.734375000000,-0.000003634863
1.664062500000,1.757812500000,-0.000003510882
1.664062500000,1.781250000000,-0.000003374630
1.664062500000,1.804687500000,-0.000003226958
1.664062500000,1.828125000000,-0.000003068767
1.664062500000,1.851562500000,-0.000002901007
1.664062500000,1.875000000000,-0.000002724667
1.664062500000,1.898437500000,-0.000002540773
1.664062500000,1.921875000000,-0.000002350379
1.664062500000,1.945312500000,-0.000002154566
1.664062500000,1.968750000000,-0.000001954429
1.664062500000,1.992187500000,-0.000001751078
1.664062500000,2.015625000000,-0.000001545626
1.664062500000,2.039062500000,-0.000001339187
1.664062500000,2.062500000000,-0.000001132868
1.664062500000,2.085937500000,-0.000000927764
1.664062500000,2.109375000000,-0.000000724951
1.664062500000,2.132812500000,-0.000000525481
1.664062500000,2.156250000000,-0.000000330375
1.664062500000,2.179687500000,-0.000000140622
1.664062500000,2.203125000000,0.000000042834
1.664062500000,2.226562500000,0.000000219092
1.664062500000,2.250000000000,0.000000387297
1.664062500000,2.273437500000,0.000000546657
1.664062500000,2.296875000000,0.000000696430
1.664062500000,2.320312500000,0.000000835940
1.664062500000,2.343750000000,0.000000964579
1.664062500000,2.367187500000,0.000001081801
1.664062500000,2.390625000000,0.000001187135
1.664062500000,2.414062500000,0.000001280184
1.664062500000,2.437500000000,0.000001360622
1.664062500000,2.460937500000,0.000001428201
1.664062500000,2.484375000000,0.000001482752
1.664062500000,2.507812500000,0.000001524179
1.664062500000,2.531250000000,0.000001552467
1.664062500000,2.554687500000,0.000001567677
1.664062500000,2.578125000000,0.000001569944
1.664062500000,2.601562500000,0.000001559483
1.664062500000,2.625000000000,0.000001536579
1.664062500000,2.648437500000,0.000001501587
1.664062500000,2.671875000000,0.000001454932
1.664062500000,2.695312500000,0.000001397107
1.664062500000,2.718750000000,0.000001328665
1.664062500000,2.742187500000,0.000001250220
1.664062500000,2.765625000000,0.000001162439
1.664062500000,2.789062500000,0.000001066043
1.664062500000,2.812500000000,0.000000961799
1.664062500000,2.835937500000,0.000000850516
1.664062500000,2.859375000000,0.000000733042
1.664062500000,2.882812500000,0.000000610253
1.664062500000,2.906250000000,0.000000483058
1.664062500000,2.929687500000,0.000000352385
1.664062500000,2.953125000000,0.000000219176
1.664062500000,2.976562500000,0.000000084390
1.664062500000,3.000000000000,0.000000000000
1.687500000000,0.000000000000,0.000000000000
1.687500000000,0.023437500000,0.000000395997
1.687500000000,0.046875000000,0.000000654044
1.687500000000,0.070312500000,0.000000907216
1.687500000000,0.093750000000,0.000001154100
1.687500000000,0.117187500000,0.000001393324
1.687500000000,0.140625000000,0.000001623557
1.687500000000,0.164062500000,0.000001843523
1.687500000000,0.187500000000,0.000002052001
1.687500000000,0.210937500000,0.000002247837
1.687500000000,0.234375000000,0.000002429950
1.687500000000,0.257812500000,0.000002597327
1.687500000000,0.281250000000,0.000002749049
1.687500000000,0.304687500000,0.000002884271
1.687500000000,0.328125000000,0.000003002247
1.687500000000,0.351562500000,0.000003102320
1.687500000000,0.375000000000,0.000003183936
1.687500000000,0.398437500000,0.000003246637
1.687500000000,0.421875000000,0.000003290067
1.687500000000,0.445312500000,0.000003313977
1.687500000000,0.468750000000,0.000003318226
1.687500000000,0.492187500000,0.000003302769
1.687500000000,0.515625000000,0.000003267678
1.687500000000,0.539062500000,0.000003213123
1.687500000000,0.562500000000,0.000003139379
1.687500000000,0.585937500000,0.000003046826
1.687500000000,0.609375000000,0.000002935940
1.687500000000,0.632812500000,0.000002807298
1.687500000000,0.656250000000,0.000002661568
1.687500000000,0.679687500000,0.000002499511
1.687500000000,0.703125000000,0.000002321969
1.687500000000,0.726562500000,0.000002129869
1.687500000000,0.750000000000,0.000001924215
1.687500000000,0.773437500000,0.000001706074
1.687500000000,0.796875000000,0.000001476589
1.687500000000,0.820312500000,0.000001236952
1.687500000000,0.843750000000,0.000000988408
1.687500000000,0.867187500000,0.000000732251
1.687500000000,0.890625000000,0.000000469809
1.687500000000,0.914062500000,0.000000202443
1.687500000000,0.937500000000,-0.000000068462
1.687500000000,0.960937500000,-0.000000341507
1.687500000000,0.984375000000,-0.000000615284
1.687500000000,1.007812500000,-0.000000888383
1.687500000000,1.031250000000,-0.000001159401
1.687500000000,1.054687500000,-0.000001426948
1.687500000000,1.078125000000,-0.000001689658
1.687500000000,1.101562500000,-0.000001946191
1.687500000000,1.125000000000,-0.000002195242
1.687500000000,1.148437500000,-0.000002435551
1.687500000000,1.171875000000,-0.000002665904
1.687500000000,1.195312500000,-0.000002885145
1.687500000000,1.218750000000,-0.000003092178
1.687500000000,1.242187500000,-0.000003285972
1.687500000000,1.265625000000,-0.000003465572
1.687500000000,1.289062500000,-0.000003630096
1.687500000000,1.312500000000,-0.000003778747
1.687500000000,1.335937500000,-0.000003910811
1.687500000000,1.359375000000,-0.000004025664
1.687500000000,1.382812500000,-0.000004122775
1.687500000000,1.406250000000,-0.000004201705
1.687500000000,1.429687500000,-0.000004262113
1.687500000000,1.453125000000,-0.000004303757
1.687500000000,1.476562500000,-0.000004326491
1.687500000000,1.500000000000,-0.000004330272
1.687500000000,1.523437500000,-0.000004315154
1.687500000000,1.546875000000,-0.000004281292
1.687500000000,1.570312500000,-0.000004228935
1.687500000000,1.593750000000,-0.000004158431
1.687500000000,1.617187500000,-0.000004070223
1.687500000000,1.640625000000,-0.000003964839
1.687500000000,1.664062500000,-0.000003842900
1.687500000000,1.687500000000,-0.000003705112
1.687500000000,1.710937500000,-0.000003552255
1.687500000000,1.734375000000,-0.000003385193
1.687500000000,1.757812500000,-0.000003204854
1.687500000000,1.781250000000,-0.000003012234
1.687500000000,1.804687500000,-0.000002808394
1.687500000000,1.828125000000,-0.000002594438
1.687500000000,1.851562500000,-0.000002371530
1.687500000000,1.875000000000,-0.000002140866
1.687500000000,1.898437500000,-0.000001903686
1.687500000000,1.921875000000,-0.000001661250
1.687500000000,1.945312500000,-0.000001414846
1.687500000000,1.968750000000,-0.000001165772
1.687500000000,1.992187500000,-0.000000915337
1.687500000000,2.015625000000,-0.000000664847
1.687500000000,2.039062500000,-0.000000415606
1.687500000000,2.062500000000,-0.000000168900
1.687500000000,2.085937500000,0.000000074003
1.687500000000,2.109375000000,0.000000311862
1.687500000000,2.132812500000,0.000000543470
1.687500000000,2.156250000000,0.000000767660
1.687500000000,2.179687500000,0.000000983311
1.687500000000,2.203125000000,0.000001189355
1.687500000000,2.226562500000,0.000001384778
1.687500000000,2.250000000000,0.000001568634
1.687500000000,2.273437500000,0.000001740037
1.687500000000,2.296875000000,0.000001898182
1.687500000000,2.320312500000,0.000002042332
1.687500000000,2.343750000000,0.000002171835
1.687500000000,2.367187500000,0.000002286121
1.687500000000,2.390625000000,0.000002384702
1.687500000000,2.414062500000,0.000002467181
1.687500000000,2.437500000000,0.000002533249
1.687500000000,2.460937500000,0.000002582694
1.687500000000,2.484375000000,0.000002615386
1.687500000000,2.507812500000,0.000002631295
1.687500000000,2.531250000000,0.000002630478
1.687500000000,2.554687500000,0.000002613086
1.687500000000,2.578125000000,0.000002579359
1.687500000000,2.601562500000,0.000002529626
1.687500000000,2.625000000000,0.000002464300
1.687500000000,2.648437500000,0.000002383882
1.687500000000,2.671875000000,0.000002288949
1.687500000000,2.695312500000,0.000002180159
1.687500000000,2.718750000000,0.000002058239
1.687500000000,2.742187500000,0.000001923990
1.687500000000,2.765625000000,0.000001778274
1.687500000000,2.789062500000,0.000001622011
1.687500000000,2.812500000000,0.000001456182
1.687500000000,2.835937500000,0.000001281810
1.687500000000,2.859375000000,0.000001099963
1.687500000000,2.882812500000,0.000000911748
1.687500000000,2.906250000000,0.000000718299
1.687500000000,2.929687500000,0.000000520779
1.687500000000,2.953125000000,0.000000320365
1.687500000000,2.976562500000,0.000000118250
1.687500000000,3.000000000000,0.000000000000
1.710937500000,0.000000000000,0.000000000000
1.710937500000,0.023437500000,0.000000376854
1.710937500000,0.046875000000,0.000000621868
1.710937500000,0.070312500000,0.000000861852
1.710937500000,0.093750000000,0.000001095336
1.710937500000,0.117187500000,0.000001320894
1.710937500000,0.140625000000,0.000001537142
1.710937500000,0.164062500000,0.000001742759
1.710937500000,0.187500000000,0.000001936484
1.710937500000,0.210937500000,0.000002117125
1.710937500000,0.234375000000,0.000002283570
1.710937500000,0.257812500000,0.000002434785
1.710937500000,0.281250000000,0.000002569830
1.710937500000,0.304687500000,0.000002687852
1.710937500000,0.328125000000,0.000002788100
1.710937500000,0.351562500000,0.000002869924
1.710937500000,0.375000000000,0.000002932779
1.710937500000,0.398437500000,0.000002976227
1.710937500000,0.421875000000,0.000002999944
1.710937500000,0.445312500000,0.000003003713
1.710937500000,0.468750000000,0.000002987433
1.710937500000,0.492187500000,0.000002951119
1.710937500000,0.515625000000,0.000002894894
1.710937500000,0.539062500000,0.000002818997
1.710937500000,0.562500000000,0.000002723777
1.710937500000,0.585937500000,0.000002609691
1.710937500000,0.609375000000,0.000002477304
1.710937500000,0.632812500000,0.000002327285
1.710937500000,0.656250000000,0.000002160400
1.710937500000,0.679687500000,0.000001977508
1.710937500000,0.703125000000,0.000001779567
1.710937500000,0.726562500000,0.000001567609
1.710937500000,0.750000000000,0.000001342752
1.710937500000,0.773437500000,0.000001106185
1.710937500000,0.796875000000,0.000000859165
1.710937500000,0.820312500000,0.000000603004
1.710937500000,0.843750000000,0.000000339071
1.710937500000,0.867187500000,0.000000068777
1.710937500000,0.890625000000,-0.000000206429
1.710937500000,0.914062500000,-0.000000485069
1.710937500000,0.937500000000,-0.000000765646
1.710937500000,0.960937500000,-0.000001046647
1.710937500000,0.984375000000,-0.000001326557
1.710937500000,1.007812500000,-0.000001603864
1.710937500000,1.031250000000,-0.000001877068
1.710937500000,1.054687500000,-0.000002144689
1.710937500000,1.078125000000,-0.000002405276
1.710937500000,1.101562500000,-0.000002657414
1.710937500000,1.125000000000,-0.000002899730
1.710937500000,1.148437500000,-0.000003130905
1.710937500000,1.171875000000,-0.000003349676
1.710937500000,1.195312500000,-0.000003554845
1.710937500000,1.218750000000,-0.000003745287
1.710937500000,1.242187500000,-0.000003919953
1.710937500000,1.265625000000,-0.000004077878
1.710937500000,1.289062500000,-0.000004218188
1.710937500000,1.312500000000,-0.000004340095
1.710937500000,1.335937500000,-0.000004442916
1.710937500000,1.359375000000,-0.000004526063
1.710937500000,1.382812500000,-0.000004589058
1.710937500000,1.406250000000,-0.000004631521
1.710937500000,1.429687500000,-0.000004653187
1.710937500000,1.453125000000,-0.000004653900
1.710937500000,1.476562500000,-0.000004633612
1.710937500000,1.500000000000,-0.000004592387
1.710937500000,1.523437500000,-0.000004530401
1.710937500000,1.546875000000,-0.000004447936
1.710937500000,1.570312500000,-0.000004345386
1.710937500000,1.593750000000,-0.000004223246
1.710937500000,1.617187500000,-0.000004082116
1.710937500000,1.640625000000,-0.000003922695
1.710937500000,1.664062500000,-0.000003745780
1.710937500000,1.687500000000,-0.000003552255
1.710937500000,1.710937500000,-0.000003343095
1.710937500000,1.734375000000,-0.000003119355
1.710937500000,1.757812500000,-0.000002882165
1.710937500000,1.781250000000,-0.000002632723
1.710937500000,1.804687500000,-0.000002372294
1.710937500000,1.828125000000,-0.000002102197
1.710937500000,1.851562500000,-0.000001823801
1.710937500000,1.875000000000,-0.000001538518
1.710937500000,1.898437500000,-0.000001247792
1.710937500000,1.921875000000,-0.000000953097
1.710937500000,1.945312500000,-0.000000655924
1.710937500000,1.968750000000,-0.000000357775
1.710937500000,1.992187500000,-0.000000060158
1.710937500000,2.015625000000,0.000000235428
1.710937500000,2.039062500000,0.000000527493
1.710937500000,2.062500000000,0.000000814568
1.710937500000,2.085937500000,0.000001095215
1.710937500000,2.109375000000,0.000001368028
1.710937500000,2.132812500000,0.000001631647
1.710937500000,2.156250000000,0.000001884759
1.710937500000,2.179687500000,0.000002126112
1.710937500000,2.203125000000,0.000002354513
1.710937500000,2.226562500000,0.000002568842
1.710937500000,2.250000000000,0.000002768053
1.710937500000,2.273437500000,0.000002951181
1.710937500000,2.296875000000,0.000003117346
1.710937500000,2.320312500000,0.000003265758
1.710937500000,2.343750000000,0.000003395722
1.710937500000,2.367187500000,0.000003506640
1.710937500000,2.390625000000,0.000003598013
1.710937500000,2.414062500000,0.000003669448
1.710937500000,2.437500000000,0.000003720655
1.710937500000,2.460937500000,0.000003751446
1.710937500000,2.484375000000,0.000003761748
1.710937500000,2.507812500000,0.000003751585
1.710937500000,2.531250000000,0.000003721094
1.710937500000,2.554687500000,0.000003670519
1.710937500000,2.578125000000,0.000003600201
1.710937500000,2.601562500000,0.000003510586
1.710937500000,2.625000000000,0.000003402221
1.710937500000,2.648437500000,0.000003275746
1.710937500000,2.671875000000,0.000003131897
1.710937500000,2.695312500000,0.000002971493
1.710937500000,2.718750000000,0.000002795444
1.710937500000,2.742187500000,0.000002604731
1.710937500000,2.765625000000,0.000002400414
1.710937500000,2.789062500000,0.000002183619
1.710937500000,2.812500000000,0.000001955534
1.710937500000,2.835937500000,0.000001717399
1.710937500000,2.859375000000,0.000001470508
1.710937500000,2.882812500000,0.000001216191
1.710937500000,2.906250000000,0.000000955818
1.710937500000,2.929687500000,0.000000690780
1.710937500000,2.953125000000,0.000000422493
1.710937500000,2.976562500000,0.000000152384
1.710937500000,3.000000000000,0.000000000000
1.734375000000,0.000000000000,0.000000000000
1.734375000000,0.023437500000,0.000000356268
1.734375000000,0.046875000000,0.000000587309
1.734375000000,0.070312500000,0.000000813178
1.734375000000,0.093750000000,0.000001032351
1.734375000000,0.117187500000,0.000001243349
1.734375000000,0.140625000000,0.000001444744
1.734375000000,0.164062500000,0.000001635169
1.734375000000,0.187500000000,0.000001813324
1.734375000000,0.210937500000,0.000001977986
1.734375000000,0.234375000000,0.000002128013
1.734375000000,0.257812500000,0.000002262352
1.734375000000,0.281250000000,0.000002380046
1.734375000000,0.304687500000,0.000002480236
1.734375000000,0.328125000000,0.000002562166
1.734375000000,0.351562500000,0.000002625198
1.734375000000,0.375000000000,0.000002668795
1.734375000000,0.398437500000,0.000002692546
1.734375000000,0.421875000000,0.000002696150
1.734375000000,0.445312500000,0.000002679432
1.734375000000,0.468750000000,0.000002642335
1.734375000000,0.492187500000,0.000002584922
1.734375000000,0.515625000000,0.000002507378
1.734375000000,0.539062500000,0.000002410007
1.734375000000,0.562500000000,0.000002293233
1.734375000000,0.585937500000,0.000002157594
1.734375000000,0.609375000000,0.000002003741
1.734375000000,0.632812500000,0.000001832431
1.734375000000,0.656250000000,0.000001644530
1.734375000000,0.679687500000,0.000001441002
1.734375000000,0.703125000000,0.000001222904
1.734375000000,0.726562500000,0.000000991385
1.734375000000,0.750000000000,0.000000747673
1.734375000000,0.773437500000,0.000000493072
1.734375000000,0.796875000000,0.000000228957
1.734375000000,0.820312500000,-0.000000043242
1.734375000000,0.843750000000,-0.000000322037
1.734375000000,0.867187500000,-0.000000605900
1.734375000000,0.890625000000,-0.000000893265
1.734375000000,0.914062500000,-0.000001182537
1.734375000000,0.937500000000,-0.000001472110
1.734375000000,0.960937500000,-0.000001760360
1.734375000000,0.984375000000,-0.000002045668
1.734375000000,1.007812500000,-0.000002326422
1.734375000000,1.031250000000,-0.000002601029
1.734375000000,1.054687500000,-0.000002867920
1.734375000000,1.078125000000,-0.000003125563
1.734375000000,1.101562500000,-0.000003372471
1.734375000000,1.125000000000,-0.000003607205
1.734375000000,1.148437500000,-0.000003828388
1.734375000000,1.171875000000,-0.000004034713
1.734375000000,1.195312500000,-0.000004224945
1.734375000000,1.218750000000,-0.000004397930
1.734375000000,1.242187500000,-0.000004552605
1.734375000000,1.265625000000,-0.000004687998
1.734375000000,1.289062500000,-0.000004803240
1.734375000000,1.312500000000,-0.000004897565
1.734375000000,1.335937500000,-0.000004970315
1.734375000000,1.359375000000,-0.000005020944
1.734375000000,1.382812500000,-0.000005049027
1.734375000000,1.406250000000,-0.000005054248
1.734375000000,1.429687500000,-0.000005036419
1.734375000000,1.453125000000,-0.000004995473
1.734375000000,1.476562500000,-0.000004931458
1.734375000000,1.500000000000,-0.000004844554
1.734375000000,1.523437500000,-0.000004735052
1.734375000000,1.546875000000,-0.000004603371
1.734375000000,1.570312500000,-0.000004450040
1.734375000000,1.593750000000,-0.000004275712
1.734375000000,1.617187500000,-0.000004081142
1.734375000000,1.640625000000,-0.000003867202
1.734375000000,1.664062500000,-0.000003634862
1.734375000000,1.687500000000,-0.000003385193
1.734375000000,1.710937500000,-0.000003119356
1.734375000000,1.734375000000,-0.000002838600
1.734375000000,1.757812500000,-0.000002544258
1.734375000000,1.781250000000,-0.000002237731
1.734375000000,1.804687500000,-0.000001920490
1.734375000000,1.828125000000,-0.000001594063
1.734375000000,1.851562500000,-0.000001260030
1.734375000000,1.875000000000,-0.000000920010
1.734375000000,1.898437500000,-0.000000575661
1.734375000000,1.921875000000,-0.000000228661
1.734375000000,1.945312500000,0.000000119291
1.734375000000,1.968750000000,0.000000466491
1.734375000000,1.992187500000,0.000000811235
1.734375000000,2.015625000000,0.000001151830
1.734375000000,2.039062500000,0.000001486600
1.734375000000,2.062500000000,0.000001813898
1.734375000000,2.085937500000,0.000002132114
1.734375000000,2.109375000000,0.000002439679
1.734375000000,2.132812500000,0.000002735081
1.734375000000,2.156250000000,0.000003016864
1.734375000000,2.179687500000,0.000003283643
1.734375000000,2.203125000000,0.000003534106
1.734375000000,2.226562500000,0.000003767025
1.734375000000,2.250000000000,0.000003981258
1.734375000000,2.273437500000,0.000004175756
1.734375000000,2.296875000000,0.000004349574
1.734375000000,2.320312500000,0.000004501864
1.734375000000,2.343750000000,0.000004631895
1.734375000000,2.367187500000,0.000004739038
1.734375000000,2.390625000000,0.000004822786
1.734375000000,2.414062500000,0.000004882749
1.734375000000,2.437500000000,0.000004918655
1.734375000000,2.460937500000,0.000004930350
1.734375000000,2.484375000000,0.000004917811
1.734375000000,2.507812500000,0.000004881124
1.734375000000,2.531250000000,0.000004820503
1.734375000000,2.554687500000,0.000004736282
1.734375000000,2.578125000000,0.000004628905
1.734375000000,2.601562500000,0.000004498945
1.734375000000,2.625000000000,0.000004347072
1.734375000000,2.648437500000,0.000004174075
1.734375000000,2.671875000000,0.000003980841
1.734375000000,2.695312500000,0.000003768363
1.734375000000,2.718750000000,0.000003537717
1.734375000000,2.742187500000,0.000003290080
1.734375000000,2.765625000000,0.000003026705
1.734375000000,2.789062500000,0.000002748920
1.734375000000,2.812500000000,0.000002458124
1.734375000000,2.835937500000,0.000002155777
1.734375000000,2.859375000000,0.000001843393
1.734375000000,2.882812500000,0.000001522532
1.734375000000,2.906250000000,0.000001194791
1.734375000000,2.929687500000,0.000000861799
1.734375000000,2.953125000000,0.000000525206
1.734375000000,2.976562500000,0.000000186672
1.734375000000,3.000000000000,0.000000000000
1.757812500000,0.000000000000,0.000000000000
1.757812500000,0.023437500000,0.000000334343
1.757812500000,0.046875000000,0.000000550543
1.757812500000,0.070312500000,0.000000761440
1.757812500000,0.093750000000,0.000000965461
1.757812500000,0.117187500000,0.000001161079
1.757812500000,0.140625000000,0.000001346822
1.757812500000,0.164062500000,0.000001521282
1.757812500000,0.187500000000,0.000001683125
1.757812500000,0.210937500000,0.000001831097
1.757812500000,0.234375000000,0.000001964031
1.757812500000,0.257812500000,0.000002080855
1.757812500000,0.281250000000,0.000002180598
1.757812500000,0.304687500000,0.000002262397
1.757812500000,0.328125000000,0.000002325499
1.757812500000,0.351562500000,0.000002369270
1.757812500000,0.375000000000,0.000002393191
1.757812500000,0.398437500000,0.000002396872
1.757812500000,0.421875000000,0.000002380047
1.757812500000,0.445312500000,0.000002342571
1.757812500000,0.468750000000,0.000002284440
1.757812500000,0.492187500000,0.000002205765
1.757812500000,0.515625000000,0.000002106792
1.757812500000,0.539062500000,0.000001987895
1.757812500000,0.562500000000,0.000001849565
1.757812500000,0.585937500000,0.000001692425
1.757812500000,0.609375000000,0.000001517207
1.757812500000,0.632812500000,0.000001324764
1.757812500000,0.656250000000,0.000001116056
1.757812500000,0.679687500000,0.000000892148
1.757812500000,0.703125000000,0.000000654203
1.757812500000,0.726562500000,0.000000403475
1.757812500000,0.750000000000,0.000000141308
1.757812500000,0.773437500000,-0.000000130881
1.757812500000,0.796875000000,-0.000000411606
1.757812500000,0.820312500000,-0.000000699316
1.757812500000,0.843750000000,-0.000000992410
1.757812500000,0.867187500000,-0.000001289242
1.757812500000,0.890625000000,-0.000001588134
1.757812500000,0.914062500000,-0.000001887379
1.757812500000,0.937500000000,-0.000002185258
1.757812500000,0.960937500000,-0.000002480045
1.757812500000,0.984375000000,-0.000002770016
1.757812500000,1.007812500000,-0.000003053465
1.757812500000,1.031250000000,-0.000003328706
1.757812500000,1.054687500000,-0.000003594085
1.757812500000,1.078125000000,-0.000003847994
1.757812500000,1.101562500000,-0.000004088873
1.757812500000,1.125000000000,-0.000004315224
1.757812500000,1.148437500000,-0.000004525616
1.757812500000,1.171875000000,-0.000004718697
1.757812500000,1.195312500000,-0.000004893197
1.757812500000,1.218750000000,-0.000005047940
1.757812500000,1.242187500000,-0.000005181848
1.757812500000,1.265625000000,-0.000005293949
1.757812500000,1.289062500000,-0.000005383379
1.757812500000,1.312500000000,-0.000005449395
1.757812500000,1.335937500000,-0.000005491367
1.757812500000,1.359375000000,-0.000005508798
1.757812500000,1.382812500000,-0.000005501310
1.757812500000,1.406250000000,-0.000005468660
1.757812500000,1.429687500000,-0.000005410736
1.757812500000,1.453125000000,-0.000005327557
1.757812500000,1.476562500000,-0.000005219280
1.757812500000,1.500000000000,-0.000005086189
1.757812500000,1.523437500000,-0.000004928700
1.757812500000,1.546875000000,-0.000004747363
1.757812500000,1.570312500000,-0.000004542854
1.757812500000,1.593750000000,-0.000004315974
1.757812500000,1.617187500000,-0.000004067643
1.757812500000,1.640625000000,-0.000003798896
1.757812500000,1.664062500000,-0.000003510882
1.757812500000,1.687500000000,-0.000003204854
1.757812500000,1.710937500000,-0.000002882163
1.757812500000,1.734375000000,-0.000002544258
1.757812500000,1.757812500000,-0.000002192663
1.757812500000,1.781250000000,-0.000001828986
1.757812500000,1.804687500000,-0.000001454904
1.757812500000,1.828125000000,-0.000001072154
1.757812500000,1.851562500000,-0.000000682521
1.757812500000,1.875000000000,-0.000000287837
1.757812500000,1.898437500000,0.000000110034
1.757812500000,1.921875000000,0.000000509206
1.757812500000,1.945312500000,0.000000907776
1.757812500000,1.968750000000,0.000001303840
1.757812500000,1.992187500000,0.000001695498
1.757812500000,2.015625000000,0.000002080865
1.757812500000,2.039062500000,0.000002458083
1.757812500000,2.062500000000,0.000002825326
1.757812500000,2.085937500000,0.000003180813
1.757812500000,2.109375000000,0.000003522818
1.757812500000,2.132812500000,0.000003849674
1.757812500000,2.156250000000,0.000004159787
1.757812500000,2.179687500000,0.000004451639
1.757812500000,2.203125000000,0.000004723803
1.757812500000,2.226562500000,0.000004974941
1.757812500000,2.250000000000,0.000005203819
1.757812500000,2.273437500000,0.000005409309
1.757812500000,2.296875000000,0.000005590394
1.757812500000,2.320312500000,0.000005746178
1.757812500000,2.343750000000,0.000005875887
1.757812500000,2.367187500000,0.000005978871
1.757812500000,2.390625000000,0.000006054612
1.757812500000,2.414062500000,0.000006102725
1.757812500000,2.437500000000,0.000006122955
1.757812500000,2.460937500000,0.000006115191
1.757812500000,2.484375000000,0.000006079446
1.757812500000,2.507812500000,0.000006015878
1.757812500000,2.531250000000,0.000005924782
1.757812500000,2.554687500000,0.000005806576
1.757812500000,2.578125000000,0.000005661819
1.757812500000,2.601562500000,0.000005491191
1.757812500000,2.625000000000,0.000005295505
1.757812500000,2.648437500000,0.000005075685
1.757812500000,2.671875000000,0.000004832781
1.757812500000,2.695312500000,0.000004567946
1.757812500000,2.718750000000,0.000004282438
1.757812500000,2.742187500000,0.000003977618
1.757812500000,2.765625000000,0.000003654934
1.757812500000,2.789062500000,0.000003315917
1.757812500000,2.812500000000,0.000002962180
1.757812500000,2.835937500000,0.000002595397
1.757812500000,2.859375000000,0.000002217304
1.757812500000,2.882812500000,0.000001829688
1.757812500000,2.906250000000,0.000001434378
1.757812500000,2.929687500000,0.000001033235
1.757812500000,2.953125000000,0.000000628141
1.757812500000,2.976562500000,0.000000220994
1.757812500000,3.000000000000,0.000000000000
1.781250000000,0.000000000000,0.000000000000
1.781250000000,0.023437500000,0.000000311192
1.781250000000,0.046875000000,0.000000511754
1.781250000000,0.070312500000,0.000000706898
1.781250000000,0.093750000000,0.000000895002
1.781250000000,0.117187500000,0.000001074495
1.781250000000,0.140625000000,0.000001243864
1.781250000000,0.164062500000,0.000001401663
1.781250000000,0.187500000000,0.000001546529
1.781250000000,0.210937500000,0.000001677175
1.781250000000,0.234375000000,0.000001792417
1.781250000000,0.257812500000,0.000001891164
1.781250000000,0.281250000000,0.000001972437
1.781250000000,0.304687500000,0.000002035367
1.781250000000,0.328125000000,0.000002079206
1.781250000000,0.351562500000,0.000002103328
1.781250000000,0.375000000000,0.000002107233
1.781250000000,0.398437500000,0.000002090555
1.781250000000,0.421875000000,0.000002053059
1.781250000000,0.445312500000,0.000001994641
1.781250000000,0.468750000000,0.000001915337
1.781250000000,0.492187500000,0.000001815316
1.781250000000,0.515625000000,0.000001694884
1.781250000000,0.539062500000,0.000001554479
1.781250000000,0.562500000000,0.000001394670
1.781250000000,0.585937500000,0.000001216150
1.781250000000,0.609375000000,0.000001019746
1.781250000000,0.632812500000,0.000000806395
1.781250000000,0.656250000000,0.000000577155
1.781250000000,0.679687500000,0.000000333188
1.781250000000,0.703125000000,0.000000075763
1.781250000000,0.726562500000,-0.000000193759
1.781250000000,0.750000000000,-0.000000473928
1.781250000000,0.773437500000,-0.000000763212
1.781250000000,0.796875000000,-0.000001060015
1.781250000000,0.820312500000,-0.000001362670
1.781250000000,0.843750000000,-0.000001669465
1.781250000000,0.867187500000,-0.000001978639
1.781250000000,0.890625000000,-0.000002288403
1.781250000000,0.914062500000,-0.000002596941
1.781250000000,0.937500000000,-0.000002902428
1.781250000000,0.960937500000,-0.000003203034
1.781250000000,0.984375000000,-0.000003496938
1.781250000000,1.007812500000,-0.000003782339
1.781250000000,1.031250000000,-0.000004057463
1.781250000000,1.054687500000,-0.000004320576
1.781250000000,1.078125000000,-0.000004569995
1.781250000000,1.101562500000,-0.000004804091
1.781250000000,1.125000000000,-0.000005021308
1.781250000000,1.148437500000,-0.000005220166
1.781250000000,1.171875000000,-0.000005399271
1.781250000000,1.195312500000,-0.000005557323
1.781250000000,1.218750000000,-0.000005693123
1.781250000000,1.242187500000,-0.000005805583
1.781250000000,1.265625000000,-0.000005893732
1.781250000000,1.289062500000,-0.000005956716
1.781250000000,1.312500000000,-0.000005993814
1.781250000000,1.335937500000,-0.000006004431
1.781250000000,1.359375000000,-0.000005988112
1.781250000000,1.382812500000,-0.000005944539
1.781250000000,1.406250000000,-0.000005873537
1.781250000000,1.429687500000,-0.000005775072
1.781250000000,1.453125000000,-0.000005649257
1.781250000000,1.476562500000,-0.000005496344
1.781250000000,1.500000000000,-0.000005316735
1.781250000000,1.523437500000,-0.000005110970
1.781250000000,1.546875000000,-0.000004879728
1.781250000000,1.570312500000,-0.000004623834
1.781250000000,1.593750000000,-0.000004344232
1.781250000000,1.617187500000,-0.000004042008
1.781250000000,1.640625000000,-0.000003718366
1.781250000000,1.664062500000,-0.000003374630
1.781250000000,1.687500000000,-0.000003012235
1.781250000000,1.710937500000,-0.000002632723
1.781250000000,1.734375000000,-0.000002237731
1.781250000000,1.757812500000,-0.000001828987
1.781250000000,1.781250000000,-0.000001408299
1.781250000000,1.804687500000,-0.000000977547
1.781250000000,1.828125000000,-0.000000538674
1.781250000000,1.851562500000,-0.000000093674
1.781250000000,1.875000000000,0.000000355413
1.781250000000,1.898437500000,0.000000806519
1.781250000000,1.921875000000,0.000001257551
1.781250000000,1.945312500000,0.000001706406
1.781250000000,1.968750000000,0.000002150981
1.781250000000,1.992187500000,0.000002589182
1.781250000000,2.015625000000,0.000003018936
1.781250000000,2.039062500000,0.000003438201
1.781250000000,2.062500000000,0.000003844978
1.781250000000,2.085937500000,0.000004237319
1.781250000000,2.109375000000,0.000004613337
1.781250000000,2.132812500000,0.000004971219
1.781250000000,2.156250000000,0.000005309229
1.781250000000,2.179687500000,0.000005625726
1.781250000000,2.203125000000,0.000005919160
1.781250000000,2.226562500000,0.000006188095
1.781250000000,2.250000000000,0.000006431199
1.781250000000,2.273437500000,0.000006647269
1.781250000000,2.296875000000,0.000006835226
1.781250000000,2.320312500000,0.000006994115
1.781250000000,2.343750000000,0.000007123127
1.781250000000,2.367187500000,0.000007221593
1.781250000000,2.390625000000,0.000007288983
1.781250000000,2.414062500000,0.000007324918
1.781250000000,2.437500000000,0.000007329167
1.781250000000,2.460937500000,0.000007301647
1.781250000000,2.484375000000,0.000007242430
1.781250000000,2.507812500000,0.000007151735
1.781250000000,2.531250000000,0.000007029931
1.781250000000,2.554687500000,0.000006877533
1.781250000000,2.578125000000,0.000006695203
1.781250000000,2.601562500000,0.000006483744
1.781250000000,2.625000000000,0.000006244095
1.781250000000,2.648437500000,0.000005977328
1.781250000000,2.671875000000,0.000005684645
1.781250000000,2.695312500000,0.000005367367
1.781250000000,2.718750000000,0.000005026928
1.781250000000,2.742187500000,0.000004664873
1.781250000000,2.765625000000,0.000004282844
1.781250000000,2.789062500000,0.000003882579
1.781250000000,2.812500000000,0.000003465894
1.781250000000,2.835937500000,0.000003034683
1.781250000000,2.859375000000,0.000002590902
1.781250000000,2.882812500000,0.000002136561
1.781250000000,2.906250000000,0.000001673720
1.781250000000,2.929687500000,0.000001204471
1.781250000000,2.953125000000,0.000000730929
1.781250000000,2.976562500000,0.000000255225
1.781250000000,3.000000000000,0.000000000000
1.804687500000,0.000000000000,0.000000000000
1.804687500000,0.023437500000,0.000000286930
1.804687500000,0.046875000000,0.000000471140
1.804687500000,0.070312500000,0.000000649827
1.804687500000,0.093750000000,0.000000821328
1.804687500000,0.117187500000,0.000000984029
1.804687500000,0.140625000000,0.000001136381
1.804687500000,0.164062500000,0.000001276906
1.804687500000,0.187500000000,0.000001404205
1.804687500000,0.210937500000,0.000001516975
1.804687500000,0.234375000000,0.000001614006
1.804687500000,0.257812500000,0.000001694197
1.804687500000,0.281250000000,0.000001756560
1.804687500000,0.304687500000,0.000001800225
1.804687500000,0.328125000000,0.000001824449
1.804687500000,0.351562500000,0.000001828616
1.804687500000,0.375000000000,0.000001812250
1.804687500000,0.398437500000,0.000001775004
1.804687500000,0.421875000000,0.000001716677
1.804687500000,0.445312500000,0.000001637208
1.804687500000,0.468750000000,0.000001536677
1.804687500000,0.492187500000,0.000001415306
1.804687500000,0.515625000000,0.000001273463
1.804687500000,0.539062500000,0.000001111649
1.804687500000,0.562500000000,0.000000930506
1.804687500000,0.585937500000,0.000000730811
1.804687500000,0.609375000000,0.000000513466
1.804687500000,0.632812500000,0.000000279505
1.804687500000,0.656250000000,0.000000030072
1.804687500000,0.679687500000,-0.000000233565
1.804687500000,0.703125000000,-0.000000510041
1.804687500000,0.726562500000,-0.000000797890
1.804687500000,0.750000000000,-0.000001095552
1.804687500000,0.773437500000,-0.000001401391
1.804687500000,0.796875000000,-0.000001713694
1.804687500000,0.820312500000,-0.000002030691
1.804687500000,0.843750000000,-0.000002350553
1.804687500000,0.867187500000,-0.000002671414
1.804687500000,0.890625000000,-0.000002991374
1.804687500000,0.914062500000,-0.000003308512
1.804687500000,0.937500000000,-0.000003620899
1.804687500000,0.960937500000,-0.000003926607
1.804687500000,0.984375000000,-0.000004223719
1.804687500000,1.007812500000,-0.000004510343
1.804687500000,1.031250000000,-0.000004784622
1.804687500000,1.054687500000,-0.000005044743
1.804687500000,1.078125000000,-0.000005288951
1.804687500000,1.101562500000,-0.000005515555
1.804687500000,1.125000000000,-0.000005722944
1.804687500000,1.148437500000,-0.000005909589
1.804687500000,1.171875000000,-0.000006074058
1.804687500000,1.195312500000,-0.000006215023
1.804687500000,1.218750000000,-0.000006331269
1.804687500000,1.242187500000,-0.000006421697
1.804687500000,1.265625000000,-0.000006485340
1.804687500000,1.289062500000,-0.000006521357
1.804687500000,1.312500000000,-0.000006529051
1.804687500000,1.335937500000,-0.000006507864
1.804687500000,1.359375000000,-0.000006457387
1.804687500000,1.382812500000,-0.000006377361
1.804687500000,1.406250000000,-0.000006267679
1.804687500000,1.429687500000,-0.000006128389
1.804687500000,1.453125000000,-0.000005959694
1.804687500000,1.476562500000,-0.000005761952
1.804687500000,1.500000000000,-0.000005535674
1.804687500000,1.523437500000,-0.000005281525
1.804687500000,1.546875000000,-0.000005000320
1.804687500000,1.570312500000,-0.000004693018
1.804687500000,1.593750000000,-0.000004360724
1.804687500000,1.617187500000,-0.000004004681
1.804687500000,1.640625000000,-0.000003626259
1.804687500000,1.664062500000,-0.000003226958
1.804687500000,1.687500000000,-0.000002808394
1.804687500000,1.710937500000,-0.000002372295
1.804687500000,1.734375000000,-0.000001920490
1.804687500000,1.757812500000,-0.000001454905
1.804687500000,1.781250000000,-0.000000977546
1.804687500000,1.804687500000,-0.000000490498
1.804687500000,1.828125000000,0.000000004095
1.804687500000,1.851562500000,0.000000504032
1.804687500000,1.875000000000,0.000001007071
1.804687500000,1.898437500000,0.000001510937
1.804687500000,1.921875000000,0.000002013339
1.804687500000,1.945312500000,0.000002511971
1.804687500000,1.968750000000,0.000003004536
1.804687500000,1.992187500000,0.000003488750
1.804687500000,2.015625000000,0.000003962352
1.804687500000,2.039062500000,0.000004423123
1.804687500000,2.062500000000,0.000004868891
1.804687500000,2.085937500000,0.000005297542
1.804687500000,2.109375000000,0.000005707037
1.804687500000,2.132812500000,0.000006095413
1.804687500000,2.156250000000,0.000006460801
1.804687500000,2.179687500000,0.000006801431
1.804687500000,2.203125000000,0.000007115643
1.804687500000,2.226562500000,0.000007401896
1.804687500000,2.250000000000,0.000007658770
1.804687500000,2.273437500000,0.000007884986
1.804687500000,2.296875000000,0.000008079396
1.804687500000,2.320312500000,0.000008241004
1.804687500000,2.343750000000,0.000008368961
1.804687500000,2.367187500000,0.000008462575
1.804687500000,2.390625000000,0.000008521310
1.804687500000,2.414062500000,0.000008544794
1.804687500000,2.437500000000,0.000008532819
1.804687500000,2.460937500000,0.000008485337
1.804687500000,2.484375000000,0.000008402471
1.804687500000,2.507812500000,0.000008284501
1.804687500000,2.531250000000,0.000008131880
1.804687500000,2.554687500000,0.000007945212
1.804687500000,2.578125000000,0.000007725264
1.804687500000,2.601562500000,0.000007472960
1.804687500000,2.625000000000,0.000007189367
1.804687500000,2.648437500000,0.000006875702
1.804687500000,2.671875000000,0.000006533319
1.804687500000,2.695312500000,0.000006163703
1.804687500000,2.718750000000,0.000005768466
1.804687500000,2.742187500000,0.000005349337
1.804687500000,2.765625000000,0.000004908148
1.804687500000,2.789062500000,0.000004446838
1.804687500000,2.812500000000,0.000003967432
1.804687500000,2.835937500000,0.000003472035
1.804687500000,2.859375000000,0.000002962824
1.804687500000,2.882812500000,0.000002442034
1.804687500000,2.906250000000,0.000001911947
1.804687500000,2.929687500000,0.000001374885
1.804687500000,2.953125000000,0.000000833196
1.804687500000,2.976562500000,0.000000289240
1.804687500000,3.000000000000,0.000000000000
1.828125000000,0.000000000000,0.000000000000
1.828125000000,0.023437500000,0.000000261681
1.828125000000,0.046875000000,0.000000428905
1.828125000000,0.070312500000,0.000000590516
1.828125000000,0.093750000000,0.000000744809
1.828125000000,0.117187500000,0.000000890136
1.828125000000,0.140625000000,0.000001024910
1.828125000000,0.164062500000,0.000001147626
1.828125000000,0.187500000000,0.000001256857
1.828125000000,0.210937500000,0.000001351280
1.828125000000,0.234375000000,0.000001429666
1.828125000000,0.257812500000,0.000001490905
1.828125000000,0.281250000000,0.000001534004
1.828125000000,0.304687500000,0.000001558091
1.828125000000,0.328125000000,0.000001562433
1.828125000000,0.351562500000,0.000001546426
1.828125000000,0.375000000000,0.000001509612
1.828125000000,0.398437500000,0.000001451675
1.828125000000,0.421875000000,0.000001372444
1.828125000000,0.445312500000,0.000001271900
1.828125000000,0.468750000000,0.000001150167
1.828125000000,0.492187500000,0.000001007525
1.828125000000,0.515625000000,0.000000844396
1.828125000000,0.539062500000,0.000000661349
1.828125000000,0.562500000000,0.000000459100
1.828125000000,0.585937500000,0.000000238501
1.828125000000,0.609375000000,0.000000000539
1.828125000000,0.632812500000,-0.000000253670
1.828125000000,0.656250000000,-0.000000522883
1.828125000000,0.679687500000,-0.000000805741
1.828125000000,0.703125000000,-0.000001100780
1.828125000000,0.726562500000,-0.000001406429
1.828125000000,0.750000000000,-0.000001721026
1.828125000000,0.773437500000,-0.000002042828
1.828125000000,0.796875000000,-0.000002370017
1.828125000000,0.820312500000,-0.000002700712
1.828125000000,0.843750000000,-0.000003032979
1.828125000000,0.867187500000,-0.000003364845
1.828125000000,0.890625000000,-0.000003694305
1.828125000000,0.914062500000,-0.000004019336
1.828125000000,0.937500000000,-0.000004337910
1.828125000000,0.960937500000,-0.000004648002
1.828125000000,0.984375000000,-0.000004947605
1.828125000000,1.007812500000,-0.000005234740
1.828125000000,1.031250000000,-0.000005507469
1.828125000000,1.054687500000,-0.000005763904
1.828125000000,1.078125000000,-0.000006002223
1.828125000000,1.101562500000,-0.000006220676
1.828125000000,1.125000000000,-0.000006417596
1.828125000000,1.148437500000,-0.000006591415
1.828125000000,1.171875000000,-0.000006740663
1.828125000000,1.195312500000,-0.000006863988
1.828125000000,1.218750000000,-0.000006960159
1.828125000000,1.242187500000,-0.000007028073
1.828125000000,1.265625000000,-0.000007066765
1.828125000000,1.289062500000,-0.000007075413
1.828125000000,1.312500000000,-0.000007053344
1.828125000000,1.335937500000,-0.000007000038
1.828125000000,1.359375000000,-0.000006915135
1.828125000000,1.382812500000,-0.000006798436
1.828125000000,1.406250000000,-0.000006649903
1.828125000000,1.429687500000,-0.000006469666
1.828125000000,1.453125000000,-0.000006258022
1.828125000000,1.476562500000,-0.000006015429
1.828125000000,1.500000000000,-0.000005742513
1.828125000000,1.523437500000,-0.000005440062
1.828125000000,1.546875000000,-0.000005109023
1.828125000000,1.570312500000,-0.000004750498
1.828125000000,1.593750000000,-0.000004365741
1.828125000000,1.617187500000,-0.000003956152
1.828125000000,1.640625000000,-0.000003523270
1.828125000000,1.664062500000,-0.000003068767
1.828125000000,1.687500000000,-0.000002594438
1.828125000000,1.710937500000,-0.000002102197
1.828125000000,1.734375000000,-0.000001594063
1.828125000000,1.757812500000,-0.000001072154
1.828125000000,1.781250000000,-0.000000538674
1.828125000000,1.804687500000,0.000000004095
1.828125000000,1.828125000000,0.000000553805
1.828125000000,1.851562500000,0.000001108054
1.828125000000,1.875000000000,0.000001664400
1.828125000000,1.898437500000,0.000002220366
1.828125000000,1.921875000000,0.000002773462
1.828125000000,1.945312500000,0.000003321189
1.828125000000,1.968750000000,0.000003861056
1.828125000000,1.992187500000,0.000004390590
1.828125000000,2.015625000000,0.000004907352
1.828125000000,2.039062500000,0.000005408944
1.828125000000,2.062500000000,0.000005893026
1.828125000000,2.085937500000,0.000006357324
1.828125000000,2.109375000000,0.000006799644
1.828125000000,2.132812500000,0.000007217883
1.828125000000,2.156250000000,0.000007610038
1.828125000000,2.179687500000,0.000007974216
1.828125000000,2.203125000000,0.000008308646
1.828125000000,2.226562500000,0.000008611687
1.828125000000,2.250000000000,0.000008881835
1.828125000000,2.273437500000,0.000009117732
1.828125000000,2.296875000000,0.000009318173
1.828125000000,2.320312500000,0.000009482112
1.828125000000,2.343750000000,0.000009608666
1.828125000000,2.367187500000,0.000009697123
1.828125000000,2.390625000000,0.000009746942
1.828125000000,2.414062500000,0.000009757758
1.828125000000,2.437500000000,0.000009729385
1.828125000000,2.460937500000,0.000009661814
1.828125000000,2.484375000000,0.000009555216
1.828125000000,2.507812500000,0.000009409939
1.828125000000,2.531250000000,0.000009226508
1.828125000000,2.554687500000,0.000009005627
1.828125000000,2.578125000000,0.000008748161
1.828125000000,2.601562500000,0.000008455155
1.828125000000,2.625000000000,0.000008127803
1.828125000000,2.648437500000,0.000007767467
1.828125000000,2.671875000000,0.000007375649
1.828125000000,2.695312500000,0.000006954001
1.828125000000,2.718750000000,0.000006504306
1.828125000000,2.742187500000,0.000006028472
1.828125000000,2.765625000000,0.000005528528
1.828125000000,2.789062500000,0.000005006606
1.828125000000,2.812500000000,0.000004464937
1.828125000000,2.835937500000,0.000003905837
1.828125000000,2.859375000000,0.000003331698
1.828125000000,2.882812500000,0.000002744976
1.828125000000,2.906250000000,0.000002148177
1.828125000000,2.929687500000,0.000001543847
1.828125000000,2.953125000000,0.000000934563
1.828125000000,2.976562500000,0.000000322913
1.828125000000,3.000000000000,0.000000000000
1.851562500000,0.000000000000,0.000000000000
1.851562500000,0.023437500000,0.000000235573
1.851562500000,0.046875000000,0.000000385262
1.851562500000,0.070312500000,0.000000529262
1.851562500000,0.093750000000,0.000000665830
1.851562500000,0.117187500000,0.000000793283
1.851562500000,0.140625000000,0.000000910007
1.851562500000,0.164062500000,0.000001014465
1.851562500000,0.187500000000,0.000001105212
1.851562500000,0.210937500000,0.000001180902
1.851562500000,0.234375000000,0.000001240298
1.851562500000,0.257812500000,0.000001282276
1.851562500000,0.281250000000,0.000001305840
1.851562500000,0.304687500000,0.000001310125
1.851562500000,0.328125000000,0.000001294402
1.851562500000,0.351562500000,0.000001258087
1.851562500000,0.375000000000,0.000001200739
1.851562500000,0.398437500000,0.000001122071
1.851562500000,0.421875000000,0.000001021947
1.851562500000,0.445312500000,0.000000900386
1.851562500000,0.468750000000,0.000000757562
1.851562500000,0.492187500000,0.000000593805
1.851562500000,0.515625000000,0.000000409599
1.851562500000,0.539062500000,0.000000205578
1.851562500000,0.562500000000,-0.000000017474
1.851562500000,0.585937500000,-0.000000258628
1.851562500000,0.609375000000,-0.000000516816
1.851562500000,0.632812500000,-0.000000790835
1.851562500000,0.656250000000,-0.000001079354
1.851562500000,0.679687500000,-0.000001380922
1.851562500000,0.703125000000,-0.000001693974
1.851562500000,0.726562500000,-0.000002016842
1.851562500000,0.750000000000,-0.000002347766
1.851562500000,0.773437500000,-0.000002684895
1.851562500000,0.796875000000,-0.000003026309
1.851562500000,0.820312500000,-0.000003370024
1.851562500000,0.843750000000,-0.000003714003
1.851562500000,0.867187500000,-0.000004056169
1.851562500000,0.890625000000,-0.000004394416
1.851562500000,0.914062500000,-0.000004726624
1.851562500000,0.937500000000,-0.000005050667
1.851562500000,0.960937500000,-0.000005364430
1.851562500000,0.984375000000,-0.000005665818
1.851562500000,1.007812500000,-0.000005952770
1.851562500000,1.031250000000,-0.000006223270
1.851562500000,1.054687500000,-0.000006475361
1.851562500000,1.078125000000,-0.000006707156
1.851562500000,1.101562500000,-0.000006916848
1.851562500000,1.125000000000,-0.000007102723
1.851562500000,1.148437500000,-0.000007263169
1.851562500000,1.171875000000,-0.000007396689
1.851562500000,1.195312500000,-0.000007501907
1.851562500000,1.218750000000,-0.000007577577
1.851562500000,1.242187500000,-0.000007622597
1.851562500000,1.265625000000,-0.000007636006
1.851562500000,1.289062500000,-0.000007617001
1.851562500000,1.312500000000,-0.000007564938
1.851562500000,1.335937500000,-0.000007479336
1.851562500000,1.359375000000,-0.000007359885
1.851562500000,1.382812500000,-0.000007206443
1.851562500000,1.406250000000,-0.000007019049
1.851562500000,1.429687500000,-0.000006797912
1.851562500000,1.453125000000,-0.000006543420
1.851562500000,1.476562500000,-0.000006256136
1.851562500000,1.500000000000,-0.000005936798
1.851562500000,1.523437500000,-0.000005586315
1.851562500000,1.546875000000,-0.000005205767
1.851562500000,1.570312500000,-0.000004796396
1.851562500000,1.593750000000,-0.000004359606
1.851562500000,1.617187500000,-0.000003896953
1.851562500000,1.640625000000,-0.000003410139
1.851562500000,1.664062500000,-0.000002901007
1.851562500000,1.687500000000,-0.000002371529
1.851562500000,1.710937500000,-0.000001823802
1.851562500000,1.734375000000,-0.000001260029
1.851562500000,1.757812500000,-0.000000682521
1.851562500000,1.781250000000,-0.000000093674
1.851562500000,1.804687500000,0.000000504032
1.851562500000,1.828125000000,0.000001108054
1.851562500000,1.851562500000,0.000001715793
1.851562500000,1.875000000000,0.000002324607
1.851562500000,1.898437500000,0.000002931824
1.851562500000,1.921875000000,0.000003534759
1.851562500000,1.945312500000,0.000004130722
1.851562500000,1.968750000000,0.000004717034
1.851562500000,1.992187500000,0.000005291038
1.851562500000,2.015625000000,0.000005850118
1.851562500000,2.039062500000,0.000006391704
1.851562500000,2.062500000000,0.000006913290
1.851562500000,2.085937500000,0.000007412448
1.851562500000,2.109375000000,0.000007886832
1.851562500000,2.132812500000,0.000008334202
1.851562500000,2.156250000000,0.000008752424
1.851562500000,2.179687500000,0.000009139487
1.851562500000,2.203125000000,0.000009493513
1.851562500000,2.226562500000,0.000009812762
1.851562500000,2.250000000000,0.000010095647
1.851562500000,2.273437500000,0.000010340739
1.851562500000,2.296875000000,0.000010546773
1.851562500000,2.320312500000,0.000010712658
1.851562500000,2.343750000000,0.000010837478
1.851562500000,2.367187500000,0.000010920503
1.851562500000,2.390625000000,0.000010961186
1.851562500000,2.414062500000,0.000010959175
1.851562500000,2.437500000000,0.000010914303
1.851562500000,2.460937500000,0.000010826599
1.851562500000,2.484375000000,0.000010696285
1.851562500000,2.507812500000,0.000010523774
1.851562500000,2.531250000000,0.000010309669
1.851562500000,2.554687500000,0.000010054761
1.851562500000,2.578125000000,0.000009760025
1.851562500000,2.601562500000,0.000009426617
1.851562500000,2.625000000000,0.000009055863
1.851562500000,2.648437500000,0.000008649259
1.851562500000,2.671875000000,0.000008208464
1.851562500000,2.695312500000,0.000007735284
1.851562500000,2.718750000000,0.000007231677
1.851562500000,2.742187500000,0.000006699729
1.851562500000,2.765625000000,0.000006141654
1.851562500000,2.789062500000,0.000005559781
1.851562500000,2.812500000000,0.000004956542
1.851562500000,2.835937500000,0.000004334460
1.851562500000,2.859375000000,0.000003696140
1.851562500000,2.882812500000,0.000003044252
1.851562500000,2.906250000000,0.000002381524
1.851562500000,2.929687500000,0.000001710724
1.851562500000,2.953125000000,0.000001034650
1.851562500000,2.976562500000,0.000000356116
1.851562500000,3.000000000000,0.000000000000
1.875000000000,0.000000000000,0.000000000000
1.875000000000,0.023437500000,0.000000208738
1.875000000000,0.046875000000,0.000000340432
1.875000000000,0.070312500000,0.000000466373
1.875000000000,0.093750000000,0.000000584785
1.875000000000,0.117187500000,0.000000693955
1.875000000000,0.140625000000,0.000000792242
1.875000000000,0.164062500000,0.000000878085
1.875000000000,0.187500000000,0.000000950019
1.875000000000,0.210937500000,0.000001006682
1.875000000000,0.234375000000,0.000001046825
1.875000000000,0.257812500000,0.000001069320
1.875000000000,0.281250000000,0.000001073170
1.875000000000,0.304687500000,0.000001057515
1.875000000000,0.328125000000,0.000001021636
1.875000000000,0.351562500000,0.000000964963
1.875000000000,0.375000000000,0.000000887081
1.875000000000,0.398437500000,0.000000787731
1.875000000000,0.421875000000,0.000000666809
1.875000000000,0.445312500000,0.000000524376
1.875000000000,0.468750000000,0.000000360654
1.875000000000,0.492187500000,0.000000176025
1.875000000000,0.515625000000,-0.000000028971
1.875000000000,0.539062500000,-0.000000253632
1.875000000000,0.562500000000,-0.000000497107
1.875000000000,0.585937500000,-0.000000758393
1.875000000000,0.609375000000,-0.000001036341
1.875000000000,0.632812500000,-0.000001329666
1.875000000000,0.656250000000,-0.000001636949
1.875000000000,0.679687500000,-0.000001956650
1.875000000000,0.703125000000,-0.000002287109
1.875000000000,0.726562500000,-0.000002626563
1.875000000000,0.750000000000,-0.000002973151
1.875000000000,0.773437500000,-0.000003324927
1.875000000000,0.796875000000,-0.000003679870
1.875000000000,0.820312500000,-0.000004035893
1.875000000000,0.843750000000,-0.000004390862
1.875000000000,0.867187500000,-0.000004742600
1.875000000000,0.890625000000,-0.000005088906
1.875000000000,0.914062500000,-0.000005427564
1.875000000000,0.937500000000,-0.000005756358
1.875000000000,0.960937500000,-0.000006073084
1.875000000000,0.984375000000,-0.000006375565
1.875000000000,1.007812500000,-0.000006661661
1.875000000000,1.031250000000,-0.000006929283
1.875000000000,1.054687500000,-0.000007176409
1.875000000000,1.078125000000,-0.000007401089
1.875000000000,1.101562500000,-0.000007601465
1.875000000000,1.125000000000,-0.000007775778
1.875000000000,1.148437500000,-0.000007922380
1.875000000000,1.171875000000,-0.000008039744
1.875000000000,1.195312500000,-0.000008126474
1.875000000000,1.218750000000,-0.000008181317
1.875000000000,1.242187500000,-0.000008203167
1.875000000000,1.265625000000,-0.000008191076
1.875000000000,1.289062500000,-0.000008144259
1.875000000000,1.312500000000,-0.000008062102
1.875000000000,1.335937500000,-0.000007944165
1.875000000000,1.359375000000,-0.000007790188
1.875000000000,1.382812500000,-0.000007600093
1.875000000000,1.406250000000,-0.000007373987
1.875000000000,1.429687500000,-0.000007112162
1.875000000000,1.453125000000,-0.000006815099
1.875000000000,1.476562500000,-0.000006483464
1.875000000000,1.500000000000,-0.000006118104
1.875000000000,1.523437500000,-0.000005720052
1.875000000000,1.546875000000,-0.000005290516
1.875000000000,1.570312500000,-0.000004830879
1.875000000000,1.593750000000,-0.000004342688
1.875000000000,1.617187500000,-0.000003827655
1.875000000000,1.640625000000,-0.000003287645
1.875000000000,1.664062500000,-0.000002724667
1.875000000000,1.687500000000,-0.000002140867
1.875000000000,1.710937500000,-0.000001538518
1.875000000000,1.734375000000,-0.000000920009
1.875000000000,1.757812500000,-0.000000287837
1.875000000000,1.781250000000,0.000000355413
1.875000000000,1.804687500000,0.000001007071
1.875000000000,1.828125000000,0.000001664400
1.875000000000,1.851562500000,0.000002324607
1.875000000000,1.875000000000,0.000002984857
1.875000000000,1.898437500000,0.000003642289
1.875000000000,1.921875000000,0.000004294026
1.875000000000,1.945312500000,0.000004937192
1.875000000000,1.968750000000,0.000005568924
1.875000000000,1.992187500000,0.000006186389
1.875000000000,2.015625000000,0.000006786795
1.875000000000,2.039062500000,0.000007367406
1.875000000000,2.062500000000,0.000007925556
1.875000000000,2.085937500000,0.000008458663
1.875000000000,2.109375000000,0.000008964241
1.875000000000,2.132812500000,0.000009439910
1.875000000000,2.156250000000,0.000009883413
1.875000000000,2.179687500000,0.000010292624
1.875000000000,2.203125000000,0.000010665558
1.875000000000,2.226562500000,0.000011000385
1.875000000000,2.250000000000,0.000011295435
1.875000000000,2.273437500000,0.000011549211
1.875000000000,2.296875000000,0.000011760391
1.875000000000,2.320312500000,0.000011927839
1.875000000000,2.343750000000,0.000012050612
1.875000000000,2.367187500000,0.000012127960
1.875000000000,2.390625000000,0.000012159336
1.875000000000,2.414062500000,0.000012144393
1.875000000000,2.437500000000,0.000012082991
1.875000000000,2.460937500000,0.000011975196
1.875000000000,2.484375000000,0.000011821279
1.875000000000,2.507812500000,0.000011621719
1.875000000000,2.531250000000,0.000011377195
1.875000000000,2.554687500000,0.000011088588
1.875000000000,2.578125000000,0.000010756975
1.875000000000,2.601562500000,0.000010383625
1.875000000000,2.625000000000,0.000009969992
1.875000000000,2.648437500000,0.000009517709
1.875000000000,2.671875000000,0.000009028579
1.875000000000,2.695312500000,0.000008504571
1.875000000000,2.718750000000,0.000007947805
1.875000000000,2.742187500000,0.000007360546
1.875000000000,2.765625000000,0.000006745190
1.875000000000,2.789062500000,0.000006104256
1.875000000000,2.812500000000,0.000005440376
1.875000000000,2.835937500000,0.000004756274
1.875000000000,2.859375000000,0.000004054763
1.875000000000,2.882812500000,0.000003338725
1.875000000000,2.906250000000,0.000002611103
1.875000000000,2.929687500000,0.000001874881
1.875000000000,2.953125000000,0.000001133077
1.875000000000,2.976562500000,0.000000388722
1.875000000000,3.000000000000,0.000000000000
1.898437500000,0.000000000000,0.000000000000
1.898437500000,0.023437500000,0.000000181310
1.898437500000,0.046875000000,0.000000294641
1.898437500000,0.070312500000,0.000000402165
1.898437500000,0.093750000000,0.000000502082
1.898437500000,0.117187500000,0.000000592649
1.898437500000,0.140625000000,0.000000672201
1.898437500000,0.164062500000,0.000000739160
1.898437500000,0.187500000000,0.000000792042
1.898437500000,0.210937500000,0.000000829472
1.898437500000,0.234375000000,0.000000850193
1.898437500000,0.257812500000,0.000000853075
1.898437500000,0.281250000000,0.000000837121
1.898437500000,0.304687500000,0.000000801477
1.898437500000,0.328125000000,0.000000745437
1.898437500000,0.351562500000,0.000000668449
1.898437500000,0.375000000000,0.000000570120
1.898437500000,0.398437500000,0.000000450221
1.898437500000,0.421875000000,0.000000308683
1.898437500000,0.445312500000,0.000000145609
1.898437500000,0.468750000000,-0.000000038733
1.898437500000,0.492187500000,-0.000000243912
1.898437500000,0.515625000000,-0.000000469326
1.898437500000,0.539062500000,-0.000000714214
1.898437500000,0.562500000000,-0.000000977656
1.898437500000,0.585937500000,-0.000001258575
1.898437500000,0.609375000000,-0.000001555747
1.898437500000,0.632812500000,-0.000001867806
1.898437500000,0.656250000000,-0.000002193249
1.898437500000,0.679687500000,-0.000002530445
1.898437500000,0.703125000000,-0.000002877648
1.898437500000,0.726562500000,-0.000003232999
1.898437500000,0.750000000000,-0.000003594545
1.898437500000,0.773437500000,-0.000003960245
1.898437500000,0.796875000000,-0.000004327978
1.898437500000,0.820312500000,-0.000004695566
1.898437500000,0.843750000000,-0.000005060777
1.898437500000,0.867187500000,-0.000005421341
1.898437500000,0.890625000000,-0.000005774963
1.898437500000,0.914062500000,-0.000006119339
1.898437500000,0.937500000000,-0.000006452165
1.898437500000,0.960937500000,-0.000006771155
1.898437500000,0.984375000000,-0.000007074051
1.898437500000,1.007812500000,-0.000007358642
1.898437500000,1.031250000000,-0.000007622768
1.898437500000,1.054687500000,-0.000007864346
1.898437500000,1.078125000000,-0.000008081370
1.898437500000,1.101562500000,-0.000008271932
1.898437500000,1.125000000000,-0.000008434233
1.898437500000,1.148437500000,-0.000008566589
1.898437500000,1.171875000000,-0.000008667451
1.898437500000,1.195312500000,-0.000008735406
1.898437500000,1.218750000000,-0.000008769192
1.898437500000,1.242187500000,-0.000008767707
1.898437500000,1.265625000000,-0.000008730014
1.898437500000,1.289062500000,-0.000008655350
1.898437500000,1.312500000000,-0.000008543132
1.898437500000,1.335937500000,-0.000008392961
1.898437500000,1.359375000000,-0.000008204630
1.898437500000,1.382812500000,-0.000007978121
1.898437500000,1.406250000000,-0.000007713615
1.898437500000,1.429687500000,-0.000007411486
1.898437500000,1.453125000000,-0.000007072305
1.898437500000,1.476562500000,-0.000006696837
1.898437500000,1.500000000000,-0.000006286045
1.898437500000,1.523437500000,-0.000005841077
1.898437500000,1.546875000000,-0.000005363270
1.898437500000,1.570312500000,-0.000004854143
1.898437500000,1.593750000000,-0.000004315389
1.898437500000,1.617187500000,-0.000003748869
1.898437500000,1.640625000000,-0.000003156606
1.898437500000,1.664062500000,-0.000002540773
1.898437500000,1.687500000000,-0.000001903686
1.898437500000,1.710937500000,-0.000001247792
1.898437500000,1.734375000000,-0.000000575661
1.898437500000,1.757812500000,0.000000110034
1.898437500000,1.781250000000,0.000000806519
1.898437500000,1.804687500000,0.000001510938
1.898437500000,1.828125000000,0.000002220367
1.898437500000,1.851562500000,0.000002931824
1.898437500000,1.875000000000,0.000003642289
1.898437500000,1.898437500000,0.000004348713
1.898437500000,1.921875000000,0.000005048035
1.898437500000,1.945312500000,0.000005737197
1.898437500000,1.968750000000,0.000006413160
1.898437500000,1.992187500000,0.000007072916
1.898437500000,2.015625000000,0.000007713507
1.898437500000,2.039062500000,0.000008332034
1.898437500000,2.062500000000,0.000008925678
1.898437500000,2.085937500000,0.000009491707
1.898437500000,2.109375000000,0.000010027496
1.898437500000,2.132812500000,0.000010530536
1.898437500000,2.156250000000,0.000010998447
1.898437500000,2.179687500000,0.000011428993
1.898437500000,2.203125000000,0.000011820089
1.898437500000,2.226562500000,0.000012169814
1.898437500000,2.250000000000,0.000012476421
1.898437500000,2.273437500000,0.000012738347
1.898437500000,2.296875000000,0.000012954216
1.898437500000,2.320312500000,0.000013122852
1.898437500000,2.343750000000,0.000013243281
1.898437500000,2.367187500000,0.000013314741
1.898437500000,2.390625000000,0.000013336679
1.898437500000,2.414062500000,0.000013308761
1.898437500000,2.437500000000,0.000013230871
1.898437500000,2.460937500000,0.000013103113
1.898437500000,2.484375000000,0.000012925807
1.898437500000,2.507812500000,0.000012699493
1.898437500000,2.531250000000,0.000012424931
1.898437500000,2.554687500000,0.000012103087
1.898437500000,2.578125000000,0.000011735138
1.898437500000,2.601562500000,0.000011322466
1.898437500000,2.625000000000,0.000010866648
1.898437500000,2.648437500000,0.000010369451
1.898437500000,2.671875000000,0.000009832823
1.898437500000,2.695312500000,0.000009258886
1.898437500000,2.718750000000,0.000008649924
1.898437500000,2.742187500000,0.000008008372
1.898437500000,2.765625000000,0.000007336807
1.898437500000,2.789062500000,0.000006637934
1.898437500000,2.812500000000,0.000005914574
1.898437500000,2.835937500000,0.000005169654
1.898437500000,2.859375000000,0.000004406186
1.898437500000,2.882812500000,0.000003627260
1.898437500000,2.906250000000,0.000002836028
1.898437500000,2.929687500000,0.000002035685
1.898437500000,2.953125000000,0.000001229463
1.898437500000,2.976562500000,0.000000420607
1.898437500000,3.000000000000,0.000000000000
1.921875000000,0.000000000000,0.000000000000
1.921875000000,0.023437500000,0.000000153427
1.921875000000,0.046875000000,0.000000248117
1.921875000000,0.070312500000,0.000000336961
1.921875000000,0.093750000000,0.000000418133
1.921875000000,0.117187500000,0.000000489869
1.921875000000,0.140625000000,0.000000550483
1.921875000000,0.164062500000,0.000000598379
1.921875000000,0.187500000000,0.000000632061
1.921875000000,0.210937500000,0.000000650144
1.921875000000,0.234375000000,0.000000651365
1.921875000000,0.257812500000,0.000000634593
1.921875000000,0.281250000000,0.000000598834
1.921875000000,0.304687500000,0.000000543242
1.921875000000,0.328125000000,0.000000467127
1.921875000000,0.351562500000,0.000000369954
1.921875000000,0.375000000000,0.000000251355
1.921875000000,0.398437500000,0.000000111129
1.921875000000,0.421875000000,-0.000000050755
1.921875000000,0.445312500000,-0.000000234155
1.921875000000,0.468750000000,-0.000000438759
1.921875000000,0.492187500000,-0.000000664080
1.921875000000,0.515625000000,-0.000000909464
1.921875000000,0.539062500000,-0.000001174087
1.921875000000,0.562500000000,-0.000001456962
1.921875000000,0.585937500000,-0.000001756944
1.921875000000,0.609375000000,-0.000002072734
1.921875000000,0.632812500000,-0.000002402887
1.921875000000,0.656250000000,-0.000002745818
1.921875000000,0.679687500000,-0.000003099815
1.921875000000,0.703125000000,-0.000003463041
1.921875000000,0.726562500000,-0.000003833552
1.921875000000,0.750000000000,-0.000004209302
1.921875000000,0.773437500000,-0.000004588158
1.921875000000,0.796875000000,-0.000004967912
1.921875000000,0.820312500000,-0.000005346290
1.921875000000,0.843750000000,-0.000005720971
1.921875000000,0.867187500000,-0.000006089595
1.921875000000,0.890625000000,-0.000006449780
1.921875000000,0.914062500000,-0.000006799136
1.921875000000,0.937500000000,-0.000007135278
1.921875000000,0.960937500000,-0.000007455842
1.921875000000,0.984375000000,-0.000007758495
1.921875000000,1.007812500000,-0.000008040955
1.921875000000,1.031250000000,-0.000008301002
1.921875000000,1.054687500000,-0.000008536490
1.921875000000,1.078125000000,-0.000008745365
1.921875000000,1.101562500000,-0.000008925673
1.921875000000,1.125000000000,-0.000009075576
1.921875000000,1.148437500000,-0.000009193363
1.921875000000,1.171875000000,-0.000009277461
1.921875000000,1.195312500000,-0.000009326443
1.921875000000,1.218750000000,-0.000009339045
1.921875000000,1.242187500000,-0.000009314167
1.921875000000,1.265625000000,-0.000009250888
1.921875000000,1.289062500000,-0.000009148466
1.921875000000,1.312500000000,-0.000009006352
1.921875000000,1.335937500000,-0.000008824192
1.921875000000,1.359375000000,-0.000008601826
1.921875000000,1.382812500000,-0.000008339303
1.921875000000,1.406250000000,-0.000008036872
1.921875000000,1.429687500000,-0.000007694989
1.921875000000,1.453125000000,-0.000007314317
1.921875000000,1.476562500000,-0.000006895720
1.921875000000,1.500000000000,-0.000006440269
1.921875000000,1.523437500000,-0.000005949229
1.921875000000,1.546875000000,-0.000005424064
1.921875000000,1.570312500000,-0.000004866425
1.921875000000,1.593750000000,-0.000004278145
1.921875000000,1.617187500000,-0.000003661234
1.921875000000,1.640625000000,-0.000003017867
1.921875000000,1.664062500000,-0.000002350379
1.921875000000,1.687500000000,-0.000001661250
1.921875000000,1.710937500000,-0.000000953097
1.921875000000,1.734375000000,-0.000000228661
1.921875000000,1.757812500000,0.000000509205
1.921875000000,1.781250000000,0.000001257551
1.921875000000,1.804687500000,0.000002013339
1.921875000000,1.828125000000,0.000002773462
1.921875000000,1.851562500000,0.000003534759
1.921875000000,1.875000000000,0.000004294026
1.921875000000,1.898437500000,0.000005048035
1.921875000000,1.921875000000,0.000005793546
1.921875000000,1.945312500000,0.000006527327
1.921875000000,1.968750000000,0.000007246166
1.921875000000,1.992187500000,0.000007946891
1.921875000000,2.015625000000,0.000008626378
1.921875000000,2.039062500000,0.000009281576
1.921875000000,2.062500000000,0.000009909513
1.921875000000,2.085937500000,0.000010507318
1.921875000000,2.109375000000,0.000011072231
1.921875000000,2.132812500000,0.000011601616
1.921875000000,2.156250000000,0.000012092979
1.921875000000,2.179687500000,0.000012543975
1.921875000000,2.203125000000,0.000012952425
1.921875000000,2.226562500000,0.000013316323
1.921875000000,2.250000000000,0.000013633845
1.921875000000,2.273437500000,0.000013903366
1.921875000000,2.296875000000,0.000014123461
1.921875000000,2.320312500000,0.000014292912
1.921875000000,2.343750000000,0.000014410722
1.921875000000,2.367187500000,0.000014476112
1.921875000000,2.390625000000,0.000014488530
1.921875000000,2.414062500000,0.000014447654
1.921875000000,2.437500000000,0.000014353391
1.921875000000,2.460937500000,0.000014205882
1.921875000000,2.484375000000,0.000014005497
1.921875000000,2.507812500000,0.000013752840
1.921875000000,2.531250000000,0.000013448743
1.921875000000,2.554687500000,0.000013094258
1.921875000000,2.578125000000,0.000012690663
1.921875000000,2.601562500000,0.000012239447
1.921875000000,2.625000000000,0.000011742308
1.921875000000,2.648437500000,0.000011201143
1.921875000000,2.671875000000,0.000010618041
1.921875000000,2.695312500000,0.000009995274
1.921875000000,2.718750000000,0.000009335284
1.921875000000,2.742187500000,0.000008640672
1.921875000000,2.765625000000,0.000007914191
1.921875000000,2.789062500000,0.000007158725
1.921875000000,2.812500000000,0.000006377284
1.921875000000,2.835937500000,0.000005572985
1.921875000000,2.859375000000,0.000004749037
1.921875000000,2.882812500000,0.000003908731
1.921875000000,2.906250000000,0.000003055421
1.921875000000,2.929687500000,0.000002192510
1.921875000000,2.953125000000,0.000001323433
1.921875000000,2.976562500000,0.000000451643
1.921875000000,3.000000000000,0.000000000000
1.945312500000,0.000000000000,0.000000000000
1.945312500000,0.023437500000,0.000000125230
1.945312500000,0.046875000000,0.000000201094
1.945312500000,0.070312500000,0.000000271086
1.945312500000,0.093750000000,0.000000333358
1.945312500000,0.117187500000,0.000000386127
1.945312500000,0.140625000000,0.000000427691
1.945312500000,0.164062500000,0.000000456439
1.945312500000,0.187500000000,0.000000470866
1.945312500000,0.210937500000,0.000000469579
1.945312500000,0.234375000000,0.000000451313
1.945312500000,0.257812500000,0.000000414937
1.945312500000,0.281250000000,0.000000359464
1.945312500000,0.304687500000,0.000000284058
1.945312500000,0.328125000000,0.000000188042
1.945312500000,0.351562500000,0.000000070903
1.945312500000,0.375000000000,-0.000000067702
1.945312500000,0.398437500000,-0.000000227944
1.945312500000,0.421875000000,-0.000000409820
1.945312500000,0.445312500000,-0.000000613147
1.945312500000,0.468750000000,-0.000000837567
1.945312500000,0.492187500000,-0.000001082545
1.945312500000,0.515625000000,-0.000001347369
1.945312500000,0.539062500000,-0.000001631157
1.945312500000,0.562500000000,-0.000001932859
1.945312500000,0.585937500000,-0.000002251261
1.945312500000,0.609375000000,-0.000002584993
1.945312500000,0.632812500000,-0.000002932535
1.945312500000,0.656250000000,-0.000003292224
1.945312500000,0.679687500000,-0.000003662265
1.945312500000,0.703125000000,-0.000004040742
1.945312500000,0.726562500000,-0.000004425624
1.945312500000,0.750000000000,-0.000004814779
1.945312500000,0.773437500000,-0.000005205988
1.945312500000,0.796875000000,-0.000005596955
1.945312500000,0.820312500000,-0.000005985321
1.945312500000,0.843750000000,-0.000006368677
1.945312500000,0.867187500000,-0.000006744580
1.945312500000,0.890625000000,-0.000007110565
1.945312500000,0.914062500000,-0.000007464162
1.945312500000,0.937500000000,-0.000007802909
1.945312500000,0.960937500000,-0.000008124368
1.945312500000,0.984375000000,-0.000008426137
1.945312500000,1.007812500000,-0.000008705870
1.945312500000,1.031250000000,-0.000008961287
1.945312500000,1.054687500000,-0.000009190189
1.945312500000,1.078125000000,-0.000009390474
1.945312500000,1.101562500000,-0.000009560147
1.945312500000,1.125000000000,-0.000009697337
1.945312500000,1.148437500000,-0.000009800305
1.945312500000,1.171875000000,-0.000009867460
1.945312500000,1.195312500000,-0.000009897367
1.945312500000,1.218750000000,-0.000009888758
1.945312500000,1.242187500000,-0.000009840540
1.945312500000,1.265625000000,-0.000009751807
1.945312500000,1.289062500000,-0.000009621844
1.945312500000,1.312500000000,-0.000009450135
1.945312500000,1.335937500000,-0.000009236367
1.945312500000,1.359375000000,-0.000008980437
1.945312500000,1.382812500000,-0.000008682451
1.945312500000,1.406250000000,-0.000008342733
1.945312500000,1.429687500000,-0.000007961817
1.945312500000,1.453125000000,-0.000007540456
1.945312500000,1.476562500000,-0.000007079612
1.945312500000,1.500000000000,-0.000006580460
1.945312500000,1.523437500000,-0.000006044384
1.945312500000,1.546875000000,-0.000005472966
1.945312500000,1.570312500000,-0.000004867988
1.945312500000,1.593750000000,-0.000004231421
1.945312500000,1.617187500000,-0.000003565418
1.945312500000,1.640625000000,-0.000002872303
1.945312500000,1.664062500000,-0.000002154566
1.945312500000,1.687500000000,-0.000001414846
1.945312500000,1.710937500000,-0.000000655924
1.945312500000,1.734375000000,0.000000119291
1.945312500000,1.757812500000,0.000000907776
1.945312500000,1.781250000000,0.000001706406
1.945312500000,1.804687500000,0.000002511971
1.945312500000,1.828125000000,0.000003321189
1.945312500000,1.851562500000,0.000004130722
1.945312500000,1.875000000000,0.000004937192
1.945312500000,1.898437500000,0.000005737197
1.945312500000,1.921875000000,0.000006527327
1.945312500000,1.945312500000,0.000007304180
1.945312500000,1.968750000000,0.000008064382
1.945312500000,1.992187500000,0.000008804597
1.945312500000,2.015625000000,0.000009521549
1.945312500000,2.039062500000,0.000010212035
1.945312500000,2.062500000000,0.000010872942
1.945312500000,2.085937500000,0.000011501261
1.945312500000,2.109375000000,0.000012094104
1.945312500000,2.132812500000,0.000012648717
1.945312500000,2.156250000000,0.000013162493
1.945312500000,2.179687500000,0.000013632986
1.945312500000,2.203125000000,0.000014057925
1.945312500000,2.226562500000,0.000014435222
1.945312500000,2.250000000000,0.000014762986
1.945312500000,2.273437500000,0.000015039528
1.945312500000,2.296875000000,0.000015263377
1.945312500000,2.320312500000,0.000015433279
1.945312500000,2.343750000000,0.000015548213
1.945312500000,2.367187500000,0.000015607387
1.945312500000,2.390625000000,0.000015610250
1.945312500000,2.414062500000,0.000015556491
1.945312500000,2.437500000000,0.000015446042
1.945312500000,2.460937500000,0.000015279081
1.945312500000,2.484375000000,0.000015056028
1.945312500000,2.507812500000,0.000014777547
1.945312500000,2.531250000000,0.000014444540
1.945312500000,2.554687500000,0.000014058149
1.945312500000,2.578125000000,0.000013619743
1.945312500000,2.601562500000,0.000013130918
1.945312500000,2.625000000000,0.000012593489
1.945312500000,2.648437500000,0.000012009480
1.945312500000,2.671875000000,0.000011381116
1.945312500000,2.695312500000,0.000010710812
1.945312500000,2.718750000000,0.000010001167
1.945312500000,2.742187500000,0.000009254941
1.945312500000,2.765625000000,0.000008475055
1.945312500000,2.789062500000,0.000007664570
1.945312500000,2.812500000000,0.000006826675
1.945312500000,2.835937500000,0.000005964671
1.945312500000,2.859375000000,0.000005081960
1.945312500000,2.882812500000,0.000004182025
1.945312500000,2.906250000000,0.000003268417
1.945312500000,2.929687500000,0.000002344735
1.945312500000,2.953125000000,0.000001414614
1.945312500000,2.976562500000,0.000000481709
1.945312500000,3.000000000000,0.000000000000
1.968750000000,0.000000000000,0.000000000000
1.968750000000,0.023437500000,0.000000096859
1.968750000000,0.046875000000,0.000000153807
1.968750000000,0.070312500000,0.000000204869
1.968750000000,0.093750000000,0.000000248178
1.968750000000,0.117187500000,0.000000281938
1.968750000000,0.140625000000,0.000000304433
1.968750000000,0.164062500000,0.000000314042
1.968750000000,0.187500000000,0.000000309251
1.968750000000,0.210937500000,0.000000288664
1.968750000000,0.234375000000,0.000000251016
1.968750000000,0.257812500000,0.000000195179
1.968750000000,0.281250000000,0.000000120173
1.968750000000,0.304687500000,0.000000025174
1.968750000000,0.328125000000,-0.000000090477
1.968750000000,0.351562500000,-0.000000227273
1.968750000000,0.375000000000,-0.000000385533
1.968750000000,0.398437500000,-0.000000565396
1.968750000000,0.421875000000,-0.000000766823
1.968750000000,0.445312500000,-0.000000989594
1.968750000000,0.468750000000,-0.000001233304
1.968750000000,0.492187500000,-0.000001497369
1.968750000000,0.515625000000,-0.000001781027
1.968750000000,0.539062500000,-0.000002083335
1.968750000000,0.562500000000,-0.000002403184
1.968750000000,0.585937500000,-0.000002739293
1.968750000000,0.609375000000,-0.000003090224
1.968750000000,0.632812500000,-0.000003454385
1.968750000000,0.656250000000,-0.000003830039
1.968750000000,0.679687500000,-0.000004215316
1.968750000000,0.703125000000,-0.000004608218
1.968750000000,0.726562500000,-0.000005006634
1.968750000000,0.750000000000,-0.000005408353
1.968750000000,0.773437500000,-0.000005811073
1.968750000000,0.796875000000,-0.000006212416
1.968750000000,0.820312500000,-0.000006609940
1.968750000000,0.843750000000,-0.000007001157
1.968750000000,0.867187500000,-0.000007383544
1.968750000000,0.890625000000,-0.000007754558
1.968750000000,0.914062500000,-0.000008111656
1.968750000000,0.937500000000,-0.000008452303
1.968750000000,0.960937500000,-0.000008773992
1.968750000000,0.984375000000,-0.000009074259
1.968750000000,1.007812500000,-0.000009350696
1.968750000000,1.031250000000,-0.000009600970
1.968750000000,1.054687500000,-0.000009822833
1.968750000000,1.078125000000,-0.000010014138
1.968750000000,1.101562500000,-0.000010172856
1.968750000000,1.125000000000,-0.000010297084
1.968750000000,1.148437500000,-0.000010385063
1.968750000000,1.171875000000,-0.000010435184
1.968750000000,1.195312500000,-0.000010446006
1.968750000000,1.218750000000,-0.000010416260
1.968750000000,1.242187500000,-0.000010344865
1.968750000000,1.265625000000,-0.000010230930
1.968750000000,1.289062500000,-0.000010073767
1.968750000000,1.312500000000,-0.000009872895
1.968750000000,1.335937500000,-0.000009628044
1.968750000000,1.359375000000,-0.000009339165
1.968750000000,1.382812500000,-0.000009006425
1.968750000000,1.406250000000,-0.000008630217
1.968750000000,1.429687500000,-0.000008211156
1.968750000000,1.453125000000,-0.000007750080
1.968750000000,1.476562500000,-0.000007248049
1.968750000000,1.500000000000,-0.000006706340
1.968750000000,1.523437500000,-0.000006126448
1.968750000000,1.546875000000,-0.000005510075
1.968750000000,1.570312500000,-0.000004859128
1.968750000000,1.593750000000,-0.000004175711
1.968750000000,1.617187500000,-0.000003462115
1.968750000000,1.640625000000,-0.000002720808
1.968750000000,1.664062500000,-0.000001954429
1.968750000000,1.687500000000,-0.000001165772
1.968750000000,1.710937500000,-0.000000357775
1.968750000000,1.734375000000,0.000000466491
1.968750000000,1.757812500000,0.000001303840
1.968750000000,1.781250000000,0.000002150981
1.968750000000,1.804687500000,0.000003004536
1.968750000000,1.828125000000,0.000003861056
1.968750000000,1.851562500000,0.000004717034
1.968750000000,1.875000000000,0.000005568924
1.968750000000,1.898437500000,0.000006413160
1.968750000000,1.921875000000,0.000007246166
1.968750000000,1.945312500000,0.000008064382
1.968750000000,1.968750000000,0.000008864274
1.968750000000,1.992187500000,0.000009642353
1.968750000000,2.015625000000,0.000010395197
1.968750000000,2.039062500000,0.000011119457
1.968750000000,2.062500000000,0.000011811887
1.968750000000,2.085937500000,0.000012469346
1.968750000000,2.109375000000,0.000013088825
1.968750000000,2.132812500000,0.000013667456
1.968750000000,2.156250000000,0.000014202527
1.968750000000,2.179687500000,0.000014691495
1.968750000000,2.203125000000,0.000015132002
1.968750000000,2.226562500000,0.000015521884
1.968750000000,2.250000000000,0.000015859182
1.968750000000,2.273437500000,0.000016142154
1.968750000000,2.296875000000,0.000016369281
1.968750000000,2.320312500000,0.000016539278
1.968750000000,2.343750000000,0.000016651099
1.968750000000,2.367187500000,0.000016703944
1.968750000000,2.390625000000,0.000016697263
1.968750000000,2.414062500000,0.000016630756
1.968750000000,2.437500000000,0.000016504382
1.968750000000,2.460937500000,0.000016318354
1.968750000000,2.484375000000,0.000016073140
1.968750000000,2.507812500000,0.000015769464
1.968750000000,2.531250000000,0.000015408298
1.968750000000,2.554687500000,0.000014990865
1.968750000000,2.578125000000,0.000014518627
1.968750000000,2.601562500000,0.000013993284
1.968750000000,2.625000000000,0.000013416762
1.968750000000,2.648437500000,0.000012791208
1.968750000000,2.671875000000,0.000012118977
1.968750000000,2.695312500000,0.000011402627
1.968750000000,2.718750000000,0.000010644899
1.968750000000,2.742187500000,0.000009848713
1.968750000000,2.765625000000,0.000009017151
1.968750000000,2.789062500000,0.000008153440
1.968750000000,2.812500000000,0.000007260945
1.968750000000,2.835937500000,0.000006343144
1.968750000000,2.859375000000,0.000005403623
1.968750000000,2.882812500000,0.000004446049
1.968750000000,2.906250000000,0.000003474160
1.968750000000,2.929687500000,0.000002491750
1.968750000000,2.953125000000,0.000001502642
1.968750000000,2.976562500000,0.000000510683
1.968750000000,3.000000000000,0.000000000000
1.992187500000,0.000000000000,0.000000000000
1.992187500000,0.023437500000,0.000000068457
1.992187500000,0.046875000000,0.000000106492
1.992187500000,0.070312500000,0.000000138639
1.992187500000,0.093750000000,0.000000163019
1.992187500000,0.117187500000,0.000000177821
1.992187500000,0.140625000000,0.000000181320
1.992187500000,0.164062500000,0.000000171890
1.992187500000,0.187500000000,0.000000148010
1.992187500000,0.210937500000,0.000000108286
1.992187500000,0.234375000000,0.000000051452
1.992187500000,0.257812500000,-0.000000023614
1.992187500000,0.281250000000,-0.000000117880
1.992187500000,0.304687500000,-0.000000232158
1.992187500000,0.328125000000,-0.000000367091
1.992187500000,0.351562500000,-0.000000523149
1.992187500000,0.375000000000,-0.000000700624
1.992187500000,0.398437500000,-0.000000899625
1.992187500000,0.421875000000,-0.000001120080
1.992187500000,0.445312500000,-0.000001361727
1.992187500000,0.468750000000,-0.000001624120
1.992187500000,0.492187500000,-0.000001906628
1.992187500000,0.515625000000,-0.000002208434
1.992187500000,0.539062500000,-0.000002528544
1.992187500000,0.562500000000,-0.000002865786
1.992187500000,0.585937500000,-0.000003218821
1.992187500000,0.609375000000,-0.000003586143
1.992187500000,0.632812500000,-0.000003966092
1.992187500000,0.656250000000,-0.000004356862
1.992187500000,0.679687500000,-0.000004756508
1.992187500000,0.703125000000,-0.000005162960
1.992187500000,0.726562500000,-0.000005574030
1.992187500000,0.750000000000,-0.000005987432
1.992187500000,0.773437500000,-0.000006400785
1.992187500000,0.796875000000,-0.000006811635
1.992187500000,0.820312500000,-0.000007217464
1.992187500000,0.843750000000,-0.000007615709
1.992187500000,0.867187500000,-0.000008003772
1.992187500000,0.890625000000,-0.000008379041
1.992187500000,0.914062500000,-0.000008738900
1.992187500000,0.937500000000,-0.000009080750
1.992187500000,0.960937500000,-0.000009402020
1.992187500000,0.984375000000,-0.000009700188
1.992187500000,1.007812500000,-0.000009972792
1.992187500000,1.031250000000,-0.000010217447
1.992187500000,1.054687500000,-0.000010431863
1.992187500000,1.078125000000,-0.000010613855
1.992187500000,1.101562500000,-0.000010761359
1.992187500000,1.125000000000,-0.000010872448
1.992187500000,1.148437500000,-0.000010945342
1.992187500000,1.171875000000,-0.000010978423
1.992187500000,1.195312500000,-0.000010970243
1.992187500000,1.218750000000,-0.000010919538
1.992187500000,1.242187500000,-0.000010825237
1.992187500000,1.265625000000,-0.000010686468
1.992187500000,1.289062500000,-0.000010502572
1.992187500000,1.312500000000,-0.000010273101
1.992187500000,1.335937500000,-0.000009997832
1.992187500000,1.359375000000,-0.000009676766
1.992187500000,1.382812500000,-0.000009310133
1.992187500000,1.406250000000,-0.000008898393
1.992187500000,1.429687500000,-0.000008442239
1.992187500000,1.453125000000,-0.000007942594
1.992187500000,1.476562500000,-0.000007400610
1.992187500000,1.500000000000,-0.000006817666
1.992187500000,1.523437500000,-0.000006195365
1.992187500000,1.546875000000,-0.000005535522
1.992187500000,1.570312500000,-0.000004840167
1.992187500000,1.593750000000,-0.000004111530
1.992187500000,1.617187500000,-0.000003352036
1.992187500000,1.640625000000,-0.000002564291
1.992187500000,1.664062500000,-0.000001751078
1.992187500000,1.687500000000,-0.000000915337
1.992187500000,1.710937500000,-0.000000060158
1.992187500000,1.734375000000,0.000000811235
1.992187500000,1.757812500000,0.000001695498
1.992187500000,1.781250000000,0.000002589182
1.992187500000,1.804687500000,0.000003488749
1.992187500000,1.828125000000,0.000004390590
1.992187500000,1.851562500000,0.000005291038
1.992187500000,1.875000000000,0.000006186389
1.992187500000,1.898437500000,0.000007072916
1.992187500000,1.921875000000,0.000007946891
1.992187500000,1.945312500000,0.000008804597
1.992187500000,1.968750000000,0.000009642353
1.992187500000,1.992187500000,0.000010456526
1.992187500000,2.015625000000,0.000011243550
1.992187500000,2.039062500000,0.000011999944
1.992187500000,2.062500000000,0.000012722330
1.992187500000,2.085937500000,0.000013407447
1.992187500000,2.109375000000,0.000014052170
1.992187500000,2.132812500000,0.000014653522
1.992187500000,2.156250000000,0.000015208693
1.992187500000,2.179687500000,0.000015715049
1.992187500000,2.203125000000,0.000016170150
1.992187500000,2.226562500000,0.000016571760
1.992187500000,2.250000000000,0.000016917858
1.992187500000,2.273437500000,0.000017206650
1.992187500000,2.296875000000,0.000017436575
1.992187500000,2.320312500000,0.000017606318
1.992187500000,2.343750000000,0.000017714813
1.992187500000,2.367187500000,0.000017761250
1.992187500000,2.390625000000,0.000017745082
1.992187500000,2.414062500000,0.000017666023
1.992187500000,2.437500000000,0.000017524056
1.992187500000,2.460937500000,0.000017319429
1.992187500000,2.484375000000,0.000017052658
1.992187500000,2.507812500000,0.000016724524
1.992187500000,2.531250000000,0.000016336068
1.992187500000,2.554687500000,0.000015888591
1.992187500000,2.578125000000,0.000015383644
1.992187500000,2.601562500000,0.000014823026
1.992187500000,2.625000000000,0.000014208770
1.992187500000,2.648437500000,0.000013543142
1.992187500000,2.671875000000,0.000012828622
1.992187500000,2.695312500000,0.000012067900
1.992187500000,2.718750000000,0.000011263863
1.992187500000,2.742187500000,0.000010419575
1.992187500000,2.765625000000,0.000009538275
1.992187500000,2.789062500000,0.000008623351
1.992187500000,2.812500000000,0.000007678332
1.992187500000,2.835937500000,0.000006706869
1.992187500000,2.859375000000,0.000005712720
1.992187500000,2.882812500000,0.000004699730
1.992187500000,2.906250000000,0.000003671819
1.992187500000,2.929687500000,0.000002632959
1.992187500000,2.953125000000,0.000001587159
1.992187500000,2.976562500000,0.000000538447
1.992187500000,3.000000000000,0.000000000000
2.015625000000,0.000000000000,0.000000000000
2.015625000000,0.023437500000,0.000000040165
2.015625000000,0.046875000000,0.000000059385
2.015625000000,0.070312500000,0.000000072727
2.015625000000,0.093750000000,0.000000078301
2.015625000000,0.117187500000,0.000000074289
2.015625000000,0.140625000000,0.000000058961
2.015625000000,0.164062500000,0.000000030683
2.015625000000,0.187500000000,-0.000000012063
2.015625000000,0.210937500000,-0.000000070672
2.015625000000,0.234375000000,-0.000000146404
2.015625000000,0.257812500000,-0.000000240374
2.015625000000,0.281250000000,-0.000000353540
2.015625000000,0.304687500000,-0.000000486697
2.015625000000,0.328125000000,-0.000000640470
2.015625000000,0.351562500000,-0.000000815306
2.015625000000,0.375000000000,-0.000001011471
2.015625000000,0.398437500000,-0.000001229046
2.015625000000,0.421875000000,-0.000001467920
2.015625000000,0.445312500000,-0.000001727797
2.015625000000,0.468750000000,-0.000002008187
2.015625000000,0.492187500000,-0.000002308412
2.015625000000,0.515625000000,-0.000002627609
2.015625000000,0.539062500000,-0.000002964728
2.015625000000,0.562500000000,-0.000003318544
2.015625000000,0.585937500000,-0.000003687655
2.015625000000,0.609375000000,-0.000004070496
2.015625000000,0.632812500000,-0.000004465343
2.015625000000,0.656250000000,-0.000004870322
2.015625000000,0.679687500000,-0.000005283421
2.015625000000,0.703125000000,-0.000005702499
2.015625000000,0.726562500000,-0.000006125300
2.015625000000,0.750000000000,-0.000006549464
2.015625000000,0.773437500000,-0.000006972540
2.015625000000,0.796875000000,-0.000007392001
2.015625000000,0.820312500000,-0.000007805261
2.015625000000,0.843750000000,-0.000008209684
2.015625000000,0.867187500000,-0.000008602607
2.015625000000,0.890625000000,-0.000008981350
2.015625000000,0.914062500000,-0.000009343235
2.015625000000,0.937500000000,-0.000009685601
2.015625000000,0.960937500000,-0.000010005820
2.015625000000,0.984375000000,-0.000010301317
2.015625000000,1.007812500000,-0.000010569581
2.015625000000,1.031250000000,-0.000010808182
2.015625000000,1.054687500000,-0.000011014790
2.015625000000,1.078125000000,-0.000011187186
2.015625000000,1.101562500000,-0.000011323280
2.015625000000,1.125000000000,-0.000011421122
2.015625000000,1.148437500000,-0.000011478916
2.015625000000,1.171875000000,-0.000011495036
2.015625000000,1.195312500000,-0.000011468031
2.015625000000,1.218750000000,-0.000011396645
2.015625000000,1.242187500000,-0.000011279818
2.015625000000,1.265625000000,-0.000011116700
2.015625000000,1.289062500000,-0.000010906659
2.015625000000,1.312500000000,-0.000010649286
2.015625000000,1.335937500000,-0.000010344399
2.015625000000,1.359375000000,-0.000009992053
2.015625000000,1.382812500000,-0.000009592536
2.015625000000,1.406250000000,-0.000009146378
2.015625000000,1.429687500000,-0.000008654344
2.015625000000,1.453125000000,-0.000008117442
2.015625000000,1.476562500000,-0.000007536914
2.015625000000,1.500000000000,-0.000006914235
2.015625000000,1.523437500000,-0.000006251111
2.015625000000,1.546875000000,-0.000005549468
2.015625000000,1.570312500000,-0.000004811452
2.015625000000,1.593750000000,-0.000004039416
2.015625000000,1.617187500000,-0.000003235909
2.015625000000,1.640625000000,-0.000002403674
2.015625000000,1.664062500000,-0.000001545626
2.015625000000,1.687500000000,-0.000000664847
2.015625000000,1.710937500000,0.000000235428
2.015625000000,1.734375000000,0.000001151830
2.015625000000,1.757812500000,0.000002080865
2.015625000000,1.781250000000,0.000003018936
2.015625000000,1.804687500000,0.000003962352
2.015625000000,1.828125000000,0.000004907352
2.015625000000,1.851562500000,0.000005850118
2.015625000000,1.875000000000,0.000006786795
2.015625000000,1.898437500000,0.000007713507
2.015625000000,1.921875000000,0.000008626378
2.015625000000,1.945312500000,0.000009521549
2.015625000000,1.968750000000,0.000010395197
2.015625000000,1.992187500000,0.000011243550
2.015625000000,2.015625000000,0.000012062911
2.015625000000,2.039062500000,0.000012849674
2.015625000000,2.062500000000,0.000013600336
2.015625000000,2.085937500000,0.000014311524
2.015625000000,2.109375000000,0.000014980002
2.015625000000,2.132812500000,0.000015602695
2.015625000000,2.156250000000,0.000016176697
2.015625000000,2.179687500000,0.000016699292
2.015625000000,2.203125000000,0.000017167962
2.015625000000,2.226562500000,0.000017580405
2.015625000000,2.250000000000,0.000017934541
2.015625000000,2.273437500000,0.000018228528
2.015625000000,2.296875000000,0.000018460769
2.015625000000,2.320312500000,0.000018629919
2.015625000000,2.343750000000,0.000018734895
2.015625000000,2.367187500000,0.000018774880
2.015625000000,2.390625000000,0.000018749329
2.015625000000,2.414062500000,0.000018657972
2.015625000000,2.437500000000,0.000018500815
2.015625000000,2.460937500000,0.000018278141
2.015625000000,2.484375000000,0.000017990512
2.015625000000,2.507812500000,0.000017638764
2.015625000000,2.531250000000,0.000017224004
2.015625000000,2.554687500000,0.000016747608
2.015625000000,2.578125000000,0.000016211213
2.015625000000,2.601562500000,0.000015616712
2.015625000000,2.625000000000,0.000014966241
2.015625000000,2.648437500000,0.000014262177
2.015625000000,2.671875000000,0.000013507122
2.015625000000,2.695312500000,0.000012703892
2.015625000000,2.718750000000,0.000011855508
2.015625000000,2.742187500000,0.000010965177
2.015625000000,2.765625000000,0.000010036283
2.015625000000,2.789062500000,0.000009072369
2.015625000000,2.812500000000,0.000008077120
2.015625000000,2.835937500000,0.000007054350
2.015625000000,2.859375000000,0.000006007981
2.015625000000,2.882812500000,0.000004942028
2.015625000000,2.906250000000,0.000003860580
2.015625000000,2.929687500000,0.000002767782
2.015625000000,2.953125000000,0.000001667818
2.015625000000,2.976562500000,0.000000564887
2.015625000000,3.000000000000,0.000000000000
2.039062500000,0.000000000000,0.000000000000
2.039062500000,0.023437500000,0.000000012122
2.039062500000,0.046875000000,0.000000012719
2.039062500000,0.070312500000,0.000000007458
2.039062500000,0.093750000000,-0.000000005556
2.039062500000,0.117187500000,-0.000000028145
2.039062500000,0.140625000000,-0.000000062043
2.039062500000,0.164062500000,-0.000000108883
2.039062500000,0.187500000000,-0.000000170183
2.039062500000,0.210937500000,-0.000000247333
2.039062500000,0.234375000000,-0.000000341588
2.039062500000,0.257812500000,-0.000000454049
2.039062500000,0.281250000000,-0.000000585664
2.039062500000,0.304687500000,-0.000000737212
2.039062500000,0.328125000000,-0.000000909297
2.039062500000,0.351562500000,-0.000001102344
2.039062500000,0.375000000000,-0.000001316591
2.039062500000,0.398437500000,-0.000001552090
2.039062500000,0.421875000000,-0.000001808697
2.039062500000,0.445312500000,-0.000002086076
2.039062500000,0.468750000000,-0.000002383700
2.039062500000,0.492187500000,-0.000002700845
2.039062500000,0.515625000000,-0.000003036600
2.039062500000,0.539062500000,-0.000003389868
2.039062500000,0.562500000000,-0.000003759367
2.039062500000,0.585937500000,-0.000004143643
2.039062500000,0.609375000000,-0.000004541071
2.039062500000,0.632812500000,-0.000004949867
2.039062500000,0.656250000000,-0.000005368096
2.039062500000,0.679687500000,-0.000005793682
2.039062500000,0.703125000000,-0.000006224419
2.039062500000,0.726562500000,-0.000006657985
2.039062500000,0.750000000000,-0.000007091955
2.039062500000,0.773437500000,-0.000007523812
2.039062500000,0.796875000000,-0.000007950965
2.039062500000,0.820312500000,-0.000008370760
2.039062500000,0.843750000000,-0.000008780499
2.039062500000,0.867187500000,-0.000009177457
2.039062500000,0.890625000000,-0.000009558894
2.039062500000,0.914062500000,-0.000009922073
2.039062500000,0.937500000000,-0.000010264279
2.039062500000,0.960937500000,-0.000010582834
2.039062500000,0.984375000000,-0.000010875113
2.039062500000,1.007812500000,-0.000011138562
2.039062500000,1.031250000000,-0.000011370712
2.039062500000,1.054687500000,-0.000011569199
2.039062500000,1.078125000000,-0.000011731775
2.039062500000,1.101562500000,-0.000011856324
2.039062500000,1.125000000000,-0.000011940880
2.039062500000,1.148437500000,-0.000011983635
2.039062500000,1.171875000000,-0.000011982957
2.039062500000,1.195312500000,-0.000011937397
2.039062500000,1.218750000000,-0.000011845707
2.039062500000,1.242187500000,-0.000011706841
2.039062500000,1.265625000000,-0.000011519973
2.039062500000,1.289062500000,-0.000011284499
2.039062500000,1.312500000000,-0.000011000045
2.039062500000,1.335937500000,-0.000010666477
2.039062500000,1.359375000000,-0.000010283897
2.039062500000,1.382812500000,-0.000009852655
2.039062500000,1.406250000000,-0.000009373344
2.039062500000,1.429687500000,-0.000008846804
2.039062500000,1.453125000000,-0.000008274120
2.039062500000,1.476562500000,-0.000007656622
2.039062500000,1.500000000000,-0.000006995879
2.039062500000,1.523437500000,-0.000006293694
2.039062500000,1.546875000000,-0.000005552100
2.039062500000,1.570312500000,-0.000004773353
2.039062500000,1.593750000000,-0.000003959920
2.039062500000,1.617187500000,-0.000003114475
2.039062500000,1.640625000000,-0.000002239882
2.039062500000,1.664062500000,-0.000001339187
2.039062500000,1.687500000000,-0.000000415606
2.039062500000,1.710937500000,0.000000527493
2.039062500000,1.734375000000,0.000001486600
2.039062500000,1.757812500000,0.000002458083
2.039062500000,1.781250000000,0.000003438201
2.039062500000,1.804687500000,0.000004423123
2.039062500000,1.828125000000,0.000005408944
2.039062500000,1.851562500000,0.000006391704
2.039062500000,1.875000000000,0.000007367406
2.039062500000,1.898437500000,0.000008332034
2.039062500000,1.921875000000,0.000009281576
2.039062500000,1.945312500000,0.000010212035
2.039062500000,1.968750000000,0.000011119457
2.039062500000,1.992187500000,0.000011999944
2.039062500000,2.015625000000,0.000012849674
2.039062500000,2.039062500000,0.000013664920
2.039062500000,2.062500000000,0.000014442069
2.039062500000,2.085937500000,0.000015177640
2.039062500000,2.109375000000,0.000015868296
2.039062500000,2.132812500000,0.000016510867
2.039062500000,2.156250000000,0.000017102363
2.039062500000,2.179687500000,0.000017639988
2.039062500000,2.203125000000,0.000018121154
2.039062500000,2.226562500000,0.000018543496
2.039062500000,2.250000000000,0.000018904884
2.039062500000,2.273437500000,0.000019203429
2.039062500000,2.296875000000,0.000019437500
2.039062500000,2.320312500000,0.000019605729
2.039062500000,2.343750000000,0.000019707015
2.039062500000,2.367187500000,0.000019740538
2.039062500000,2.390625000000,0.000019705755
2.039062500000,2.414062500000,0.000019602412
2.039062500000,2.437500000000,0.000019430537
2.039062500000,2.460937500000,0.000019190449
2.039062500000,2.484375000000,0.000018882754
2.039062500000,2.507812500000,0.000018508339
2.039062500000,2.531250000000,0.000018068376
2.039062500000,2.554687500000,0.000017564312
2.039062500000,2.578125000000,0.000016997865
2.039062500000,2.601562500000,0.000016371017
2.039062500000,2.625000000000,0.000015686004
2.039062500000,2.648437500000,0.000014945307
2.039062500000,2.671875000000,0.000014151641
2.039062500000,2.695312500000,0.000013307945
2.039062500000,2.718750000000,0.000012417364
2.039062500000,2.742187500000,0.000011483242
2.039062500000,2.765625000000,0.000010509099
2.039062500000,2.789062500000,0.000009498623
2.039062500000,2.812500000000,0.000008455648
2.039062500000,2.835937500000,0.000007384139
2.039062500000,2.859375000000,0.000006288176
2.039062500000,2.882812500000,0.000005171932
2.039062500000,2.906250000000,0.000004039657
2.039062500000,2.929687500000,0.000002895658
2.039062500000,2.953125000000,0.000001744281
2.039062500000,2.976562500000,0.000000589891
2.039062500000,3.000000000000,0.000000000000
2.062500000000,0.000000000000,0.000000000000
2.062500000000,0.023437500000,-0.000000015531
2.062500000000,0.046875000000,-0.000000033275
2.062500000000,0.070312500000,-0.000000056845
2.062500000000,0.093750000000,-0.000000088138
2.062500000000,0.117187500000,-0.000000128977
2.062500000000,0.140625000000,-0.000000181096
2.062500000000,0.164062500000,-0.000000246125
2.062500000000,0.187500000000,-0.000000325577
2.062500000000,0.210937500000,-0.000000420836
2.062500000000,0.234375000000,-0.000000533147
2.062500000000,0.257812500000,-0.000000663601
2.062500000000,0.281250000000,-0.000000813129
2.062500000000,0.304687500000,-0.000000982494
2.062500000000,0.328125000000,-0.000001172279
2.062500000000,0.351562500000,-0.000001382885
2.062500000000,0.375000000000,-0.000001614525
2.062500000000,0.398437500000,-0.000001867219
2.062500000000,0.421875000000,-0.000002140792
2.062500000000,0.445312500000,-0.000002434871
2.062500000000,0.468750000000,-0.000002748890
2.062500000000,0.492187500000,-0.000003082084
2.062500000000,0.515625000000,-0.000003433497
2.062500000000,0.539062500000,-0.000003801984
2.062500000000,0.562500000000,-0.000004186215
2.062500000000,0.585937500000,-0.000004584681
2.062500000000,0.609375000000,-0.000004995706
2.062500000000,0.632812500000,-0.000005417449
2.062500000000,0.656250000000,-0.000005847918
2.062500000000,0.679687500000,-0.000006284976
2.062500000000,0.703125000000,-0.000006726362
2.062500000000,0.726562500000,-0.000007169691
2.062500000000,0.750000000000,-0.000007612479
2.062500000000,0.773437500000,-0.000008052149
2.062500000000,0.796875000000,-0.000008486048
2.062500000000,0.820312500000,-0.000008911466
2.062500000000,0.843750000000,-0.000009325647
2.062500000000,0.867187500000,-0.000009725809
2.062500000000,0.890625000000,-0.000010109158
2.062500000000,0.914062500000,-0.000010472907
2.062500000000,0.937500000000,-0.000010814292
2.062500000000,0.960937500000,-0.000011130588
2.062500000000,0.984375000000,-0.000011419129
2.062500000000,1.007812500000,-0.000011677322
2.062500000000,1.031250000000,-0.000011902666
2.062500000000,1.054687500000,-0.000012092766
2.062500000000,1.078125000000,-0.000012245349
2.062500000000,1.101562500000,-0.000012358282
2.062500000000,1.125000000000,-0.000012429582
2.062500000000,1.148437500000,-0.000012457436
2.062500000000,1.171875000000,-0.000012440208
2.062500000000,1.195312500000,-0.000012376454
2.062500000000,1.218750000000,-0.000012264934
2.062500000000,1.242187500000,-0.000012104623
2.062500000000,1.265625000000,-0.000011894714
2.062500000000,1.289062500000,-0.000011634635
2.062500000000,1.312500000000,-0.000011324050
2.062500000000,1.335937500000,-0.000010962866
2.062500000000,1.359375000000,-0.000010551238
2.062500000000,1.382812500000,-0.000010089570
2.062500000000,1.406250000000,-0.000009578521
2.062500000000,1.429687500000,-0.000009018999
2.062500000000,1.453125000000,-0.000008412168
2.062500000000,1.476562500000,-0.000007759439
2.062500000000,1.500000000000,-0.000007062468
2.062500000000,1.523437500000,-0.000006323155
2.062500000000,1.546875000000,-0.000005543631
2.062500000000,1.570312500000,-0.000004726257
2.062500000000,1.593750000000,-0.000003873610
2.062500000000,1.617187500000,-0.000002988477
2.062500000000,1.640625000000,-0.000002073840
2.062500000000,1.664062500000,-0.000001132868
2.062500000000,1.687500000000,-0.000000168900
2.062500000000,1.710937500000,0.000000814568
2.062500000000,1.734375000000,0.000001813898
2.062500000000,1.757812500000,0.000002825326
2.062500000000,1.781250000000,0.000003844978
2.062500000000,1.804687500000,0.000004868891
2.062500000000,1.828125000000,0.000005893026
2.062500000000,1.851562500000,0.000006913290
2.062500000000,1.875000000000,0.000007925556
2.062500000000,1.898437500000,0.000008925678
2.062500000000,1.921875000000,0.000009909513
2.062500000000,1.945312500000,0.000010872942
2.062500000000,1.968750000000,0.000011811887
2.062500000000,1.992187500000,0.000012722330
2.062500000000,2.015625000000,0.000013600336
2.062500000000,2.039062500000,0.000014442069
2.062500000000,2.062500000000,0.000015243812
2.062500000000,2.085937500000,0.000016001981
2.062500000000,2.109375000000,0.000016713151
2.062500000000,2.132812500000,0.000017374063
2.062500000000,2.156250000000,0.000017981648
2.062500000000,2.179687500000,0.000018533038
2.062500000000,2.203125000000,0.000019025582
2.062500000000,2.226562500000,0.000019456858
2.062500000000,2.250000000000,0.000019824686
2.062500000000,2.273437500000,0.000020127141
2.062500000000,2.296875000000,0.000020362558
2.062500000000,2.320312500000,0.000020529547
2.062500000000,2.343750000000,0.000020626996
2.062500000000,2.367187500000,0.000020654079
2.062500000000,2.390625000000,0.000020610260
2.062500000000,2.414062500000,0.000020495298
2.062500000000,2.437500000000,0.000020309247
2.062500000000,2.460937500000,0.000020052458
2.062500000000,2.484375000000,0.000019725576
2.062500000000,2.507812500000,0.000019329543
2.062500000000,2.531250000000,0.000018865588
2.062500000000,2.554687500000,0.000018335228
2.062500000000,2.578125000000,0.000017740256
2.062500000000,2.601562500000,0.000017082739
2.062500000000,2.625000000000,0.000016365004
2.062500000000,2.648437500000,0.000015589634
2.062500000000,2.671875000000,0.000014759449
2.062500000000,2.695312500000,0.000013877501
2.062500000000,2.718750000000,0.000012947055
2.062500000000,2.742187500000,0.000011971578
2.062500000000,2.765625000000,0.000010954722
2.062500000000,2.789062500000,0.000009900310
2.062500000000,2.812500000000,0.000008812315
2.062500000000,2.835937500000,0.000007694844
2.062500000000,2.859375000000,0.000006552123
2.062500000000,2.882812500000,0.000005388473
2.062500000000,2.906250000000,0.000004208295
2.062500000000,2.929687500000,0.000003016047
2.062500000000,2.953125000000,0.000001816227
2.062500000000,2.976562500000,0.000000613353
2.062500000000,3.000000000000,0.000000000000
2.085937500000,0.000000000000,0.000000000000
2.085937500000,0.023437500000,-0.000000042659
2.085937500000,0.046875000000,-0.000000078371
2.085937500000,0.070312500000,-0.000000119866
2.085937500000,0.093750000000,-0.000000169040
2.085937500000,0.117187500000,-0.000000227713
2.085937500000,0.140625000000,-0.000000297615
2.085937500000,0.164062500000,-0.000000380371
2.085937500000,0.187500000000,-0.000000477485
2.085937500000,0.210937500000,-0.000000590335
2.085937500000,0.234375000000,-0.000000720151
2.085937500000,0.257812500000,-0.000000868012
2.085937500000,0.281250000000,-0.000001034834
2.085937500000,0.304687500000,-0.000001221359
2.085937500000,0.328125000000,-0.000001428149
2.085937500000,0.351562500000,-0.000001655584
2.085937500000,0.375000000000,-0.000001903847
2.085937500000,0.398437500000,-0.000002172931
2.085937500000,0.421875000000,-0.000002462628
2.085937500000,0.445312500000,-0.000002772531
2.085937500000,0.468750000000,-0.000003102035
2.085937500000,0.492187500000,-0.000003450338
2.085937500000,0.515625000000,-0.000003816440
2.085937500000,0.539062500000,-0.000004199153
2.085937500000,0.562500000000,-0.000004597101
2.085937500000,0.585937500000,-0.000005008726
2.085937500000,0.609375000000,-0.000005432302
2.085937500000,0.632812500000,-0.000005865938
2.085937500000,0.656250000000,-0.000006307588
2.085937500000,0.679687500000,-0.000006755064
2.085937500000,0.703125000000,-0.000007206047
2.085937500000,0.726562500000,-0.000007658103
2.085937500000,0.750000000000,-0.000008108689
2.085937500000,0.773437500000,-0.000008555176
2.085937500000,0.796875000000,-0.000008994858
2.085937500000,0.820312500000,-0.000009424971
2.085937500000,0.843750000000,-0.000009842710
2.085937500000,0.867187500000,-0.000010245242
2.085937500000,0.890625000000,-0.000010629725
2.085937500000,0.914062500000,-0.000010993328
2.085937500000,0.937500000000,-0.000011333243
2.085937500000,0.960937500000,-0.000011646707
2.085937500000,0.984375000000,-0.000011931017
2.085937500000,1.007812500000,-0.000012183549
2.085937500000,1.031250000000,-0.000012401771
2.085937500000,1.054687500000,-0.000012583265
2.085937500000,1.078125000000,-0.000012725739
2.085937500000,1.101562500000,-0.000012827043
2.085937500000,1.125000000000,-0.000012885188
2.085937500000,1.148437500000,-0.000012898353
2.085937500000,1.171875000000,-0.000012864905
2.085937500000,1.195312500000,-0.000012783406
2.085937500000,1.218750000000,-0.000012652629
2.085937500000,1.242187500000,-0.000012471565
2.085937500000,1.265625000000,-0.000012239436
2.085937500000,1.289062500000,-0.000011955697
2.085937500000,1.312500000000,-0.000011620050
2.085937500000,1.335937500000,-0.000011232444
2.085937500000,1.359375000000,-0.000010793084
2.085937500000,1.382812500000,-0.000010302429
2.085937500000,1.406250000000,-0.000009761199
2.085937500000,1.429687500000,-0.000009170370
2.085937500000,1.453125000000,-0.000008531178
2.085937500000,1.476562500000,-0.000007845111
2.085937500000,1.500000000000,-0.000007113911
2.085937500000,1.523437500000,-0.000006339565
2.085937500000,1.546875000000,-0.000005524300
2.085937500000,1.570312500000,-0.000004670572
2.085937500000,1.593750000000,-0.000003781063
2.085937500000,1.617187500000,-0.000002858665
2.085937500000,1.640625000000,-0.000001906472
2.085937500000,1.664062500000,-0.000000927764
2.085937500000,1.687500000000,0.000000074003
2.085937500000,1.710937500000,0.000001095215
2.085937500000,1.734375000000,0.000002132114
2.085937500000,1.757812500000,0.000003180813
2.085937500000,1.781250000000,0.000004237319
2.085937500000,1.804687500000,0.000005297542
2.085937500000,1.828125000000,0.000006357324
2.085937500000,1.851562500000,0.000007412448
2.085937500000,1.875000000000,0.000008458664
2.085937500000,1.898437500000,0.000009491707
2.085937500000,1.921875000000,0.000010507318
2.085937500000,1.945312500000,0.000011501261
2.085937500000,1.968750000000,0.000012469346
2.085937500000,1.992187500000,0.000013407447
2.085937500000,2.015625000000,0.000014311524
2.085937500000,2.039062500000,0.000015177640
2.085937500000,2.062500000000,0.000016001981
2.085937500000,2.085937500000,0.000016780877
2.085937500000,2.109375000000,0.000017510814
2.085937500000,2.132812500000,0.000018188457
2.085937500000,2.156250000000,0.000018810666
2.085937500000,2.179687500000,0.000019374505
2.085937500000,2.203125000000,0.000019877267
2.085937500000,2.226562500000,0.000020316478
2.085937500000,2.250000000000,0.000020689916
2.085937500000,2.273437500000,0.000020995619
2.085937500000,2.296875000000,0.000021231897
2.085937500000,2.320312500000,0.000021397341
2.085937500000,2.343750000000,0.000021490827
2.085937500000,2.367187500000,0.000021511527
2.085937500000,2.390625000000,0.000021458913
2.085937500000,2.414062500000,0.000021332756
2.085937500000,2.437500000000,0.000021133136
2.085937500000,2.460937500000,0.000020860432
2.085937500000,2.484375000000,0.000020515333
2.085937500000,2.507812500000,0.000020098827
2.085937500000,2.531250000000,0.000019612199
2.085937500000,2.554687500000,0.000019057030
2.085937500000,2.578125000000,0.000018435186
2.085937500000,2.601562500000,0.000017748811
2.085937500000,2.625000000000,0.000017000320
2.085937500000,2.648437500000,0.000016192386
2.085937500000,2.671875000000,0.000015327932
2.085937500000,2.695312500000,0.000014410111
2.085937500000,2.718750000000,0.000013442303
2.085937500000,2.742187500000,0.000012428088
2.085937500000,2.765625000000,0.000011371241
2.085937500000,2.789062500000,0.000010275708
2.085937500000,2.812500000000,0.000009145592
2.085937500000,2.835937500000,0.000007985132
2.085937500000,2.859375000000,0.000006798689
2.085937500000,2.882812500000,0.000005590722
2.085937500000,2.906250000000,0.000004365769
2.085937500000,2.929687500000,0.000003128431
2.085937500000,2.953125000000,0.000001883347
2.085937500000,2.976562500000,0.000000635173
2.085937500000,3.000000000000,0.000000000000
2.109375000000,0.000000000000,0.000000000000
2.109375000000,0.023437500000,-0.000000069128
2.109375000000,0.046875000000,-0.000000122348
2.109375000000,0.070312500000,-0.000000181297
2.109375000000,0.093750000000,-0.000000247866
2.109375000000,0.117187500000,-0.000000323870
2.109375000000,0.140625000000,-0.000000411032
2.109375000000,0.164062500000,-0.000000510966
2.109375000000,0.187500000000,-0.000000625170
2.109375000000,0.210937500000,-0.000000755006
2.109375000000,0.234375000000,-0.000000901694
2.109375000000,0.257812500000,-0.000001066295
2.109375000000,0.281250000000,-0.000001249709
2.109375000000,0.304687500000,-0.000001452656
2.109375000000,0.328125000000,-0.000001675680
2.109375000000,0.351562500000,-0.000001919134
2.109375000000,0.375000000000,-0.000002183175
2.109375000000,0.398437500000,-0.000002467768
2.109375000000,0.421875000000,-0.000002772673
2.109375000000,0.445312500000,-0.000003097452
2.109375000000,0.468750000000,-0.000003441464
2.109375000000,0.492187500000,-0.000003803869
2.109375000000,0.515625000000,-0.000004183629
2.109375000000,0.539062500000,-0.000004579514
2.109375000000,0.562500000000,-0.000004990106
2.109375000000,0.585937500000,-0.000005413803
2.109375000000,0.609375000000,-0.000005848834
2.109375000000,0.632812500000,-0.000006293259
2.109375000000,0.656250000000,-0.000006744988
2.109375000000,0.679687500000,-0.000007201783
2.109375000000,0.703125000000,-0.000007661279
2.109375000000,0.726562500000,-0.000008120991
2.109375000000,0.750000000000,-0.000008578329
2.109375000000,0.773437500000,-0.000009030615
2.109375000000,0.796875000000,-0.000009475099
2.109375000000,0.820312500000,-0.000009908968
2.109375000000,0.843750000000,-0.000010329372
2.109375000000,0.867187500000,-0.000010733437
2.109375000000,0.890625000000,-0.000011118280
2.109375000000,0.914062500000,-0.000011481030
2.109375000000,0.937500000000,-0.000011818844
2.109375000000,0.960937500000,-0.000012128925
2.109375000000,0.984375000000,-0.000012408540
2.109375000000,1.007812500000,-0.000012655037
2.109375000000,1.031250000000,-0.000012865863
2.109375000000,1.054687500000,-0.000013038581
2.109375000000,1.078125000000,-0.000013170882
2.109375000000,1.101562500000,-0.000013260609
2.109375000000,1.125000000000,-0.000013305764
2.109375000000,1.148437500000,-0.000013304527
2.109375000000,1.171875000000,-0.000013255269
2.109375000000,1.195312500000,-0.000013156561
2.109375000000,1.218750000000,-0.000013007190
2.109375000000,1.242187500000,-0.000012806169
2.109375000000,1.265625000000,-0.000012552742
2.109375000000,1.289062500000,-0.000012246399
2.109375000000,1.312500000000,-0.000011886875
2.109375000000,1.335937500000,-0.000011474165
2.109375000000,1.359375000000,-0.000011008518
2.109375000000,1.382812500000,-0.000010490448
2.109375000000,1.406250000000,-0.000009920733
2.109375000000,1.429687500000,-0.000009300413
2.109375000000,1.453125000000,-0.000008630790
2.109375000000,1.476562500000,-0.000007913430
2.109375000000,1.500000000000,-0.000007150152
2.109375000000,1.523437500000,-0.000006343025
2.109375000000,1.546875000000,-0.000005494363
2.109375000000,1.570312500000,-0.000004606717
2.109375000000,1.593750000000,-0.000003682860
2.109375000000,1.617187500000,-0.000002725786
2.109375000000,1.640625000000,-0.000001738688
2.109375000000,1.664062500000,-0.000000724951
2.109375000000,1.687500000000,0.000000311862
2.109375000000,1.710937500000,0.000001368028
2.109375000000,1.734375000000,0.000002439679
2.109375000000,1.757812500000,0.000003522818
2.109375000000,1.781250000000,0.000004613337
2.109375000000,1.804687500000,0.000005707037
2.109375000000,1.828125000000,0.000006799644
2.109375000000,1.851562500000,0.000007886832
2.109375000000,1.875000000000,0.000008964241
2.109375000000,1.898437500000,0.000010027496
2.109375000000,1.921875000000,0.000011072231
2.109375000000,1.945312500000,0.000012094104
2.109375000000,1.968750000000,0.000013088825
2.109375000000,1.992187500000,0.000014052170
2.109375000000,2.015625000000,0.000014980002
2.109375000000,2.039062500000,0.000015868296
2.109375000000,2.062500000000,0.000016713151
2.109375000000,2.085937500000,0.000017510814
2.109375000000,2.109375000000,0.000018257697
2.109375000000,2.132812500000,0.000018950395
2.109375000000,2.156250000000,0.000019585702
2.109375000000,2.179687500000,0.000020160627
2.109375000000,2.203125000000,0.000020672407
2.109375000000,2.226562500000,0.000021118526
2.109375000000,2.250000000000,0.000021496724
2.109375000000,2.273437500000,0.000021805009
2.109375000000,2.296875000000,0.000022041666
2.109375000000,2.320312500000,0.000022205270
2.109375000000,2.343750000000,0.000022294690
2.109375000000,2.367187500000,0.000022309097
2.109375000000,2.390625000000,0.000022247971
2.109375000000,2.414062500000,0.000022111097
2.109375000000,2.437500000000,0.000021898576
2.109375000000,2.460937500000,0.000021610821
2.109375000000,2.484375000000,0.000021248556
2.109375000000,2.507812500000,0.000020812813
2.109375000000,2.531250000000,0.000020304933
2.109375000000,2.554687500000,0.000019726555
2.109375000000,2.578125000000,0.000019079610
2.109375000000,2.601562500000,0.000018366318
2.109375000000,2.625000000000,0.000017589171
2.109375000000,2.648437500000,0.000016750930
2.109375000000,2.671875000000,0.000015854605
2.109375000000,2.695312500000,0.000014903452
2.109375000000,2.718750000000,0.000013900947
2.109375000000,2.742187500000,0.000012850782
2.109375000000,2.765625000000,0.000011756839
2.109375000000,2.789062500000,0.000010623180
2.109375000000,2.812500000000,0.000009454026
2.109375000000,2.835937500000,0.000008253738
2.109375000000,2.859375000000,0.000007026801
2.109375000000,2.882812500000,0.000005777797
2.109375000000,2.906250000000,0.000004511396
2.109375000000,2.929687500000,0.000003232322
2.109375000000,2.953125000000,0.000001945346
2.109375000000,2.976562500000,0.000000655255
2.109375000000,3.000000000000,0.000000000000
2.132812500000,0.000000000000,0.000000000000
2.132812500000,0.023437500000,-0.000000094810
2.132812500000,0.046875000000,-0.000000164990
2.132812500000,0.070312500000,-0.000000240837
2.132812500000,0.093750000000,-0.000000324232
2.132812500000,0.117187500000,-0.000000416980
2.132812500000,0.140625000000,-0.000000520794
2.132812500000,0.164062500000,-0.000000637277
2.132812500000,0.187500000000,-0.000000767914
2.132812500000,0.210937500000,-0.000000914052
2.132812500000,0.234375000000,-0.000001076897
2.132812500000,0.257812500000,-0.000001257492
2.132812500000,0.281250000000,-0.000001456716
2.132812500000,0.304687500000,-0.000001675274
2.132812500000,0.328125000000,-0.000001913682
2.132812500000,0.351562500000,-0.000002172271
2.132812500000,0.375000000000,-0.000002451172
2.132812500000,0.398437500000,-0.000002750323
2.132812500000,0.421875000000,-0.000003069453
2.132812500000,0.445312500000,-0.000003408093
2.132812500000,0.468750000000,-0.000003765570
2.132812500000,0.492187500000,-0.000004141008
2.132812500000,0.515625000000,-0.000004533333
2.132812500000,0.539062500000,-0.000004941279
2.132812500000,0.562500000000,-0.000005363387
2.132812500000,0.585937500000,-0.000005798017
2.132812500000,0.609375000000,-0.000006243357
2.132812500000,0.632812500000,-0.000006697425
2.132812500000,0.656250000000,-0.000007158090
2.132812500000,0.679687500000,-0.000007623069
2.132812500000,0.703125000000,-0.000008089958
2.132812500000,0.726562500000,-0.000008556228
2.132812500000,0.750000000000,-0.000009019246
2.132812500000,0.773437500000,-0.000009476295
2.132812500000,0.796875000000,-0.000009924581
2.132812500000,0.820312500000,-0.000010361256
2.132812500000,0.843750000000,-0.000010783430
2.132812500000,0.867187500000,-0.000011188193
2.132812500000,0.890625000000,-0.000011572626
2.132812500000,0.914062500000,-0.000011933828
2.132812500000,0.937500000000,-0.000012268926
2.132812500000,0.960937500000,-0.000012575095
2.132812500000,0.984375000000,-0.000012849578
2.132812500000,1.007812500000,-0.000013089704
2.132812500000,1.031250000000,-0.000013292902
2.132812500000,1.054687500000,-0.000013456718
2.132812500000,1.078125000000,-0.000013578838
2.132812500000,1.101562500000,-0.000013657097
2.132812500000,1.125000000000,-0.000013689494
2.132812500000,1.148437500000,-0.000013674214
2.132812500000,1.171875000000,-0.000013609633
2.132812500000,1.195312500000,-0.000013494334
2.132812500000,1.218750000000,-0.000013327125
2.132812500000,1.242187500000,-0.000013107034
2.132812500000,1.265625000000,-0.000012833337
2.132812500000,1.289062500000,-0.000012505552
2.132812500000,1.312500000000,-0.000012123452
2.132812500000,1.335937500000,-0.000011687069
2.132812500000,1.359375000000,-0.000011196702
2.132812500000,1.382812500000,-0.000010652916
2.132812500000,1.406250000000,-0.000010056541
2.132812500000,1.429687500000,-0.000009408680
2.132812500000,1.453125000000,-0.000008710699
2.132812500000,1.476562500000,-0.000007964232
2.132812500000,1.500000000000,-0.000007171173
2.132812500000,1.523437500000,-0.000006333664
2.132812500000,1.546875000000,-0.000005454105
2.132812500000,1.570312500000,-0.000004535126
2.132812500000,1.593750000000,-0.000003579591
2.132812500000,1.617187500000,-0.000002590581
2.132812500000,1.640625000000,-0.000001571385
2.132812500000,1.664062500000,-0.000000525481
2.132812500000,1.687500000000,0.000000543470
2.132812500000,1.710937500000,0.000001631646
2.132812500000,1.734375000000,0.000002735081
2.132812500000,1.757812500000,0.000003849674
2.132812500000,1.781250000000,0.000004971219
2.132812500000,1.804687500000,0.000006095413
2.132812500000,1.828125000000,0.000007217883
2.132812500000,1.851562500000,0.000008334202
2.132812500000,1.875000000000,0.000009439910
2.132812500000,1.898437500000,0.000010530536
2.132812500000,1.921875000000,0.000011601616
2.132812500000,1.945312500000,0.000012648717
2.132812500000,1.968750000000,0.000013667456
2.132812500000,1.992187500000,0.000014653522
2.132812500000,2.015625000000,0.000015602695
2.132812500000,2.039062500000,0.000016510867
2.132812500000,2.062500000000,0.000017374063
2.132812500000,2.085937500000,0.000018188457
2.132812500000,2.109375000000,0.000018950395
2.132812500000,2.132812500000,0.000019656410
2.132812500000,2.156250000000,0.000020303238
2.132812500000,2.179687500000,0.000020887838
2.132812500000,2.203125000000,0.000021407404
2.132812500000,2.226562500000,0.000021859379
2.132812500000,2.250000000000,0.000022241471
2.132812500000,2.273437500000,0.000022551661
2.132812500000,2.296875000000,0.000022788217
2.132812500000,2.320312500000,0.000022949700
2.132812500000,2.343750000000,0.000023034974
2.132812500000,2.367187500000,0.000023043211
2.132812500000,2.390625000000,0.000022973896
2.132812500000,2.414062500000,0.000022826833
2.132812500000,2.437500000000,0.000022602144
2.132812500000,2.460937500000,0.000022300268
2.132812500000,2.484375000000,0.000021921968
2.132812500000,2.507812500000,0.000021468315
2.132812500000,2.531250000000,0.000020940701
2.132812500000,2.554687500000,0.000020340818
2.132812500000,2.578125000000,0.000019670659
2.132812500000,2.601562500000,0.000018932510
2.132812500000,2.625000000000,0.000018128937
2.132812500000,2.648437500000,0.000017262778
2.132812500000,2.671875000000,0.000016337129
2.132812500000,2.695312500000,0.000015355329
2.132812500000,2.718750000000,0.000014320951
2.132812500000,2.742187500000,0.000013237781
2.132812500000,2.765625000000,0.000012109804
2.132812500000,2.789062500000,0.000010941184
2.132812500000,2.812500000000,0.000009736249
2.132812500000,2.835937500000,0.000008499471
2.132812500000,2.859375000000,0.000007235446
2.132812500000,2.882812500000,0.000005948870
2.132812500000,2.906250000000,0.000004644527
2.132812500000,2.929687500000,0.000003327259
2.132812500000,2.953125000000,0.000002001951
2.132812500000,2.976562500000,0.000000673507
2.132812500000,3.000000000000,0.000000000000
2.156250000000,0.000000000000,0.000000000000
2.156250000000,0.023437500000,-0.000000119579
2.156250000000,0.046875000000,-0.000000206092
2.156250000000,0.070312500000,-0.000000298197
2.156250000000,0.093750000000,-0.000000397767
2.156250000000,0.117187500000,-0.000000506591
2.156250000000,0.140625000000,-0.000000626370
2.156250000000,0.164062500000,-0.000000758692
2.156250000000,0.187500000000,-0.000000905027
2.156250000000,0.210937500000,-0.000001066706
2.156250000000,0.234375000000,-0.000001244915
2.156250000000,0.257812500000,-0.000001440681
2.156250000000,0.281250000000,-0.000001654862
2.156250000000,0.304687500000,-0.000001888142
2.156250000000,0.328125000000,-0.000002141014
2.156250000000,0.351562500000,-0.000002413783
2.156250000000,0.375000000000,-0.000002706558
2.156250000000,0.398437500000,-0.000003019247
2.156250000000,0.421875000000,-0.000003351554
2.156250000000,0.445312500000,-0.000003702977
2.156250000000,0.468750000000,-0.000004072813
2.156250000000,0.492187500000,-0.000004460156
2.156250000000,0.515625000000,-0.000004863899
2.156250000000,0.539062500000,-0.000005282740
2.156250000000,0.562500000000,-0.000005715187
2.156250000000,0.585937500000,-0.000006159564
2.156250000000,0.609375000000,-0.000006614022
2.156250000000,0.632812500000,-0.000007076545
2.156250000000,0.656250000000,-0.000007544963
2.156250000000,0.679687500000,-0.000008016961
2.156250000000,0.703125000000,-0.000008490092
2.156250000000,0.726562500000,-0.000008961794
2.156250000000,0.750000000000,-0.000009429400
2.156250000000,0.773437500000,-0.000009890157
2.156250000000,0.796875000000,-0.000010341237
2.156250000000,0.820312500000,-0.000010779760
2.156250000000,0.843750000000,-0.000011202804
2.156250000000,0.867187500000,-0.000011607430
2.156250000000,0.890625000000,-0.000011990693
2.156250000000,0.914062500000,-0.000012349664
2.156250000000,0.937500000000,-0.000012681448
2.156250000000,0.960937500000,-0.000012983201
2.156250000000,0.984375000000,-0.000013252147
2.156250000000,1.007812500000,-0.000013485599
2.156250000000,1.031250000000,-0.000013680974
2.156250000000,1.054687500000,-0.000013835813
2.156250000000,1.078125000000,-0.000013947794
2.156250000000,1.101562500000,-0.000014014750
2.156250000000,1.125000000000,-0.000014034686
2.156250000000,1.148437500000,-0.000014005790
2.156250000000,1.171875000000,-0.000013926448
2.156250000000,1.195312500000,-0.000013795262
2.156250000000,1.218750000000,-0.000013611053
2.156250000000,1.242187500000,-0.000013372875
2.156250000000,1.265625000000,-0.000013080029
2.156250000000,1.289062500000,-0.000012732066
2.156250000000,1.312500000000,-0.000012328793
2.156250000000,1.335937500000,-0.000011870285
2.156250000000,1.359375000000,-0.000011356881
2.156250000000,1.382812500000,-0.000010789197
2.156250000000,1.406250000000,-0.000010168113
2.156250000000,1.429687500000,-0.000009494789
2.156250000000,1.453125000000,-0.000008770653
2.156250000000,1.476562500000,-0.000007997400
2.156250000000,1.500000000000,-0.000007176990
2.156250000000,1.523437500000,-0.000006311641
2.156250000000,1.546875000000,-0.000005403821
2.156250000000,1.570312500000,-0.000004456240
2.156250000000,1.593750000000,-0.000003471839
2.156250000000,1.617187500000,-0.000002453781
2.156250000000,1.640625000000,-0.000001405438
2.156250000000,1.664062500000,-0.000000330375
2.156250000000,1.687500000000,0.000000767661
2.156250000000,1.710937500000,0.000001884759
2.156250000000,1.734375000000,0.000003016864
2.156250000000,1.757812500000,0.000004159787
2.156250000000,1.781250000000,0.000005309229
2.156250000000,1.804687500000,0.000006460801
2.156250000000,1.828125000000,0.000007610038
2.156250000000,1.851562500000,0.000008752424
2.156250000000,1.875000000000,0.000009883413
2.156250000000,1.898437500000,0.000010998447
2.156250000000,1.921875000000,0.000012092979
2.156250000000,1.945312500000,0.000013162493
2.156250000000,1.968750000000,0.000014202527
2.156250000000,1.992187500000,0.000015208693
2.156250000000,2.015625000000,0.000016176697
2.156250000000,2.039062500000,0.000017102363
2.156250000000,2.062500000000,0.000017981648
2.156250000000,2.085937500000,0.000018810665
2.156250000000,2.109375000000,0.000019585702
2.156250000000,2.132812500000,0.000020303238
2.156250000000,2.156250000000,0.000020959962
2.156250000000,2.179687500000,0.000021552789
2.156250000000,2.203125000000,0.000022078873
2.156250000000,2.226562500000,0.000022535629
2.156250000000,2.250000000000,0.000022920735
2.156250000000,2.273437500000,0.000023232151
2.156250000000,2.296875000000,0.000023468130
2.156250000000,2.320312500000,0.000023627224
2.156250000000,2.343750000000,0.000023708292
2.156250000000,2.367187500000,0.000023710512
2.156250000000,2.390625000000,0.000023633375
2.156250000000,2.414062500000,0.000023476700
2.156250000000,2.437500000000,0.000023240631
2.156250000000,2.460937500000,0.000022925635
2.156250000000,2.484375000000,0.000022532503
2.156250000000,2.507812500000,0.000022062351
2.156250000000,2.531250000000,0.000021516612
2.156250000000,2.554687500000,0.000020897027
2.156250000000,2.578125000000,0.000020205647
2.156250000000,2.601562500000,0.000019444817
2.156250000000,2.625000000000,0.000018617170
2.156250000000,2.648437500000,0.000017725611
2.156250000000,2.671875000000,0.000016773314
2.156250000000,2.695312500000,0.000015763694
2.156250000000,2.718750000000,0.000014700410
2.156250000000,2.742187500000,0.000013587333
2.156250000000,2.765625000000,0.000012428536
2.156250000000,2.789062500000,0.000011228278
2.156250000000,2.812500000000,0.000009990983
2.156250000000,2.835937500000,0.000008721218
2.156250000000,2.859375000000,0.000007423679
2.156250000000,2.882812500000,0.000006103165
2.156250000000,2.906250000000,0.000004764560
2.156250000000,2.929687500000,0.000003412810
2.156250000000,2.953125000000,0.000002052904
2.156250000000,2.976562500000,0.000000689849
2.156250000000,3.000000000000,0.000000000000
2.179687500000,0.000000000000,0.000000000000
2.179687500000,0.023437500000,-0.000000143316
2.179687500000,0.046875000000,-0.000000245454
2.179687500000,0.070312500000,-0.000000353102
2.179687500000,0.093750000000,-0.000000468117
2.179687500000,0.117187500000,-0.000000592273
2.179687500000,0.140625000000,-0.000000727252
2.179687500000,0.164062500000,-0.000000874628
2.179687500000,0.187500000000,-0.000001035850
2.179687500000,0.210937500000,-0.000001212233
2.179687500000,0.234375000000,-0.000001404942
2.179687500000,0.257812500000,-0.000001614984
2.179687500000,0.281250000000,-0.000001843197
2.179687500000,0.304687500000,-0.000002090241
2.179687500000,0.328125000000,-0.000002356587
2.179687500000,0.351562500000,-0.000002642517
2.179687500000,0.375000000000,-0.000002948114
2.179687500000,0.398437500000,-0.000003273259
2.179687500000,0.421875000000,-0.000003617630
2.179687500000,0.445312500000,-0.000003980699
2.179687500000,0.468750000000,-0.000004361735
2.179687500000,0.492187500000,-0.000004759800
2.179687500000,0.515625000000,-0.000005173760
2.179687500000,0.539062500000,-0.000005602281
2.179687500000,0.562500000000,-0.000006043841
2.179687500000,0.585937500000,-0.000006496737
2.179687500000,0.609375000000,-0.000006959083
2.179687500000,0.632812500000,-0.000007428836
2.179687500000,0.656250000000,-0.000007903792
2.179687500000,0.679687500000,-0.000008381607
2.179687500000,0.703125000000,-0.000008859805
2.179687500000,0.726562500000,-0.000009335793
2.179687500000,0.750000000000,-0.000009806876
2.179687500000,0.773437500000,-0.000010270271
2.179687500000,0.796875000000,-0.000010723126
2.179687500000,0.820312500000,-0.000011162533
2.179687500000,0.843750000000,-0.000011585548
2.179687500000,0.867187500000,-0.000011989207
2.179687500000,0.890625000000,-0.000012370547
2.179687500000,0.914062500000,-0.000012726619
2.179687500000,0.937500000000,-0.000013054512
2.179687500000,0.960937500000,-0.000013351367
2.179687500000,0.984375000000,-0.000013614398
2.179687500000,1.007812500000,-0.000013840909
2.179687500000,1.031250000000,-0.000014028310
2.179687500000,1.054687500000,-0.000014174139
2.179687500000,1.078125000000,-0.000014276074
2.179687500000,1.101562500000,-0.000014331952
2.179687500000,1.125000000000,-0.000014339782
2.179687500000,1.148437500000,-0.000014297764
2.179687500000,1.171875000000,-0.000014204298
2.179687500000,1.195312500000,-0.000014058001
2.179687500000,1.218750000000,-0.000013857713
2.179687500000,1.242187500000,-0.000013602516
2.179687500000,1.265625000000,-0.000013291736
2.179687500000,1.289062500000,-0.000012924955
2.179687500000,1.312500000000,-0.000012502017
2.179687500000,1.335937500000,-0.000012023032
2.179687500000,1.359375000000,-0.000011488385
2.179687500000,1.382812500000,-0.000010898731
2.179687500000,1.406250000000,-0.000010255006
2.179687500000,1.429687500000,-0.000009558419
2.179687500000,1.453125000000,-0.000008810451
2.179687500000,1.476562500000,-0.000008012859
2.179687500000,1.500000000000,-0.000007167661
2.179687500000,1.523437500000,-0.000006277140
2.179687500000,1.546875000000,-0.000005343829
2.179687500000,1.570312500000,-0.000004370508
2.179687500000,1.593750000000,-0.000003360187
2.179687500000,1.617187500000,-0.000002316102
2.179687500000,1.640625000000,-0.000001241700
2.179687500000,1.664062500000,-0.000000140622
2.179687500000,1.687500000000,0.000000983312
2.179687500000,1.710937500000,0.000002126112
2.179687500000,1.734375000000,0.000003283642
2.179687500000,1.757812500000,0.000004451640
2.179687500000,1.781250000000,0.000005625726
2.179687500000,1.804687500000,0.000006801431
2.179687500000,1.828125000000,0.000007974216
2.179687500000,1.851562500000,0.000009139488
2.179687500000,1.875000000000,0.000010292623
2.179687500000,1.898437500000,0.000011428993
2.179687500000,1.921875000000,0.000012543975
2.179687500000,1.945312500000,0.000013632986
2.179687500000,1.968750000000,0.000014691495
2.179687500000,1.992187500000,0.000015715049
2.179687500000,2.015625000000,0.000016699292
2.179687500000,2.039062500000,0.000017639988
2.179687500000,2.062500000000,0.000018533038
2.179687500000,2.085937500000,0.000019374505
2.179687500000,2.109375000000,0.000020160627
2.179687500000,2.132812500000,0.000020887838
2.179687500000,2.156250000000,0.000021552789
2.179687500000,2.179687500000,0.000022152357
2.179687500000,2.203125000000,0.000022683670
2.179687500000,2.226562500000,0.000023144110
2.179687500000,2.250000000000,0.000023531337
2.179687500000,2.273437500000,0.000023843297
2.179687500000,2.296875000000,0.000024078229
2.179687500000,2.320312500000,0.000024234678
2.179687500000,2.343750000000,0.000024311505
2.179687500000,2.367187500000,0.000024307888
2.179687500000,2.390625000000,0.000024223333
2.179687500000,2.414062500000,0.000024057671
2.179687500000,2.437500000000,0.000023811065
2.179687500000,2.460937500000,0.000023484007
2.179687500000,2.484375000000,0.000023077321
2.179687500000,2.507812500000,0.000022592157
2.179687500000,2.531250000000,0.000022029987
2.179687500000,2.554687500000,0.000021392598
2.179687500000,2.578125000000,0.000020682089
2.179687500000,2.601562500000,0.000019900860
2.179687500000,2.625000000000,0.000019051600
2.179687500000,2.648437500000,0.000018137280
2.179687500000,2.671875000000,0.000017161135
2.179687500000,2.695312500000,0.000016126654
2.179687500000,2.718750000000,0.000015037565
2.179687500000,2.742187500000,0.000013897816
2.179687500000,2.765625000000,0.000012711559
2.179687500000,2.789062500000,0.000011483134
2.179687500000,2.812500000000,0.000010217046
2.179687500000,2.835937500000,0.000008917950
2.179687500000,2.859375000000,0.000007590628
2.179687500000,2.882812500000,0.000006239966
2.179687500000,2.906250000000,0.000004870938
2.179687500000,2.929687500000,0.000003488579
2.179687500000,2.953125000000,0.000002097968
2.179687500000,2.976562500000,0.000000704201
2.179687500000,3.000000000000,0.000000000000
2.203125000000,0.000000000000,0.000000000000
2.203125000000,0.023437500000,-0.000000165907
2.203125000000,0.046875000000,-0.000000282888
2.203125000000,0.070312500000,-0.000000405288
2.203125000000,0.093750000000,-0.000000534945
2.203125000000,0.117187500000,-0.000000673613
2.203125000000,0.140625000000,-0.000000822957
2.203125000000,0.164062500000,-0.000000984528
2.203125000000,0.187500000000,-0.000001159757
2.203125000000,0.210937500000,-0.000001349937
2.203125000000,0.234375000000,-0.000001556213
2.203125000000,0.257812500000,-0.000001779570
2.203125000000,0.281250000000,-0.000002020822
2.203125000000,0.304687500000,-0.000002280607
2.203125000000,0.328125000000,-0.000002559374
2.203125000000,0.351562500000,-0.000002857382
2.203125000000,0.375000000000,-0.000003174687
2.203125000000,0.398437500000,-0.000003511148
2.203125000000,0.421875000000,-0.000003866417
2.203125000000,0.445312500000,-0.000004239940
2.203125000000,0.468750000000,-0.000004630960
2.203125000000,0.492187500000,-0.000005038514
2.203125000000,0.515625000000,-0.000005461442
2.203125000000,0.539062500000,-0.000005898384
2.203125000000,0.562500000000,-0.000006347792
2.203125000000,0.585937500000,-0.000006807933
2.203125000000,0.609375000000,-0.000007276901
2.203125000000,0.632812500000,-0.000007752624
2.203125000000,0.656250000000,-0.000008232875
2.203125000000,0.679687500000,-0.000008715283
2.203125000000,0.703125000000,-0.000009197348
2.203125000000,0.726562500000,-0.000009676456
2.203125000000,0.750000000000,-0.000010149889
2.203125000000,0.773437500000,-0.000010614843
2.203125000000,0.796875000000,-0.000011068445
2.203125000000,0.820312500000,-0.000011507771
2.203125000000,0.843750000000,-0.000011929858
2.203125000000,0.867187500000,-0.000012331727
2.203125000000,0.890625000000,-0.000012710402
2.203125000000,0.914062500000,-0.000013062922
2.203125000000,0.937500000000,-0.000013386366
2.203125000000,0.960937500000,-0.000013677868
2.203125000000,0.984375000000,-0.000013934637
2.203125000000,1.007812500000,-0.000014153973
2.203125000000,1.031250000000,-0.000014333286
2.203125000000,1.054687500000,-0.000014470118
2.203125000000,1.078125000000,-0.000014562149
2.203125000000,1.101562500000,-0.000014607225
2.203125000000,1.125000000000,-0.000014603366
2.203125000000,1.148437500000,-0.000014548784
2.203125000000,1.171875000000,-0.000014441897
2.203125000000,1.195312500000,-0.000014281338
2.203125000000,1.218750000000,-0.000014065973
2.203125000000,1.242187500000,-0.000013794906
2.203125000000,1.265625000000,-0.000013467492
2.203125000000,1.289062500000,-0.000013083344
2.203125000000,1.312500000000,-0.000012642339
2.203125000000,1.335937500000,-0.000012144626
2.203125000000,1.359375000000,-0.000011590628
2.203125000000,1.382812500000,-0.000010981044
2.203125000000,1.406250000000,-0.000010316852
2.203125000000,1.429687500000,-0.000009599310
2.203125000000,1.453125000000,-0.000008829952
2.203125000000,1.476562500000,-0.000008010580
2.203125000000,1.500000000000,-0.000007143273
2.203125000000,1.523437500000,-0.000006230369
2.203125000000,1.546875000000,-0.000005274459
2.203125000000,1.570312500000,-0.000004278382
2.203125000000,1.593750000000,-0.000003245210
2.203125000000,1.617187500000,-0.000002178245
2.203125000000,1.640625000000,-0.000001080996
2.203125000000,1.664062500000,0.000000042833
2.203125000000,1.687500000000,0.000001189355
2.203125000000,1.710937500000,0.000002354513
2.203125000000,1.734375000000,0.000003534106
2.203125000000,1.757812500000,0.000004723803
2.203125000000,1.781250000000,0.000005919160
2.203125000000,1.804687500000,0.000007115643
2.203125000000,1.828125000000,0.000008308646
2.203125000000,1.851562500000,0.000009493513
2.203125000000,1.875000000000,0.000010665558
2.203125000000,1.898437500000,0.000011820089
2.203125000000,1.921875000000,0.000012952425
2.203125000000,1.945312500000,0.000014057925
2.203125000000,1.968750000000,0.000015132002
2.203125000000,1.992187500000,0.000016170150
2.203125000000,2.015625000000,0.000017167962
2.203125000000,2.039062500000,0.000018121154
2.203125000000,2.062500000000,0.000019025582
2.203125000000,2.085937500000,0.000019877267
2.203125000000,2.109375000000,0.000020672407
2.203125000000,2.132812500000,0.000021407404
2.203125000000,2.156250000000,0.000022078873
2.203125000000,2.179687500000,0.000022683669
2.203125000000,2.203125000000,0.000023218892
2.203125000000,2.226562500000,0.000023681906
2.203125000000,2.250000000000,0.000024070355
2.203125000000,2.273437500000,0.000024382173
2.203125000000,2.296875000000,0.000024615592
2.203125000000,2.320312500000,0.000024769155
2.203125000000,2.343750000000,0.000024841725
2.203125000000,2.367187500000,0.000024832485
2.203125000000,2.390625000000,0.000024740950
2.203125000000,2.414062500000,0.000024566967
2.203125000000,2.437500000000,0.000024310719
2.203125000000,2.460937500000,0.000023972720
2.203125000000,2.484375000000,0.000023553821
2.203125000000,2.507812500000,0.000023055204
2.203125000000,2.531250000000,0.000022478375
2.203125000000,2.554687500000,0.000021825165
2.203125000000,2.578125000000,0.000021097711
2.203125000000,2.601562500000,0.000020298461
2.203125000000,2.625000000000,0.000019430156
2.203125000000,2.648437500000,0.000018495820
2.203125000000,2.671875000000,0.000017498743
2.203125000000,2.695312500000,0.000016442476
2.203125000000,2.718750000000,0.000015330806
2.203125000000,2.742187500000,0.000014167748
2.203125000000,2.765625000000,0.000012957521
2.203125000000,2.789062500000,0.000011704533
2.203125000000,2.812500000000,0.000010413360
2.203125000000,2.835937500000,0.000009088730
2.203125000000,2.859375000000,0.000007735497
2.203125000000,2.882812500000,0.000006358621
2.203125000000,2.906250000000,0.000004963153
2.203125000000,2.929687500000,0.000003554204
2.203125000000,2.953125000000,0.000002136927
2.203125000000,2.976562500000,0.000000716496
2.203125000000,3.000000000000,0.000000000000
2.226562500000,0.000000000000,0.000000000000
2.226562500000,0.023437500000,-0.000000187245
2.226562500000,0.046875000000,-0.000000318215
2.226562500000,0.070312500000,-0.000000454507
2.226562500000,0.093750000000,-0.000000597933
2.226562500000,0.117187500000,-0.000000750227
2.226562500000,0.140625000000,-0.000000913030
2.226562500000,0.164062500000,-0.000001087872
2.226562500000,0.187500000000,-0.000001276160
2.226562500000,0.210937500000,-0.000001479165
2.226562500000,0.234375000000,-0.000001698009
2.226562500000,0.257812500000,-0.000001933653
2.226562500000,0.281250000000,-0.000002186891
2.226562500000,0.304687500000,-0.000002458334
2.226562500000,0.328125000000,-0.000002748411
2.226562500000,0.351562500000,-0.000003057354
2.226562500000,0.375000000000,-0.000003385200
2.226562500000,0.398437500000,-0.000003731780
2.226562500000,0.421875000000,-0.000004096727
2.226562500000,0.445312500000,-0.000004479462
2.226562500000,0.468750000000,-0.000004879204
2.226562500000,0.492187500000,-0.000005294970
2.226562500000,0.515625000000,-0.000005725575
2.226562500000,0.539062500000,-0.000006169637
2.226562500000,0.562500000000,-0.000006625586
2.226562500000,0.585937500000,-0.000007091671
2.226562500000,0.609375000000,-0.000007565961
2.226562500000,0.632812500000,-0.000008046366
2.226562500000,0.656250000000,-0.000008530638
2.226562500000,0.679687500000,-0.000009016391
2.226562500000,0.703125000000,-0.000009501109
2.226562500000,0.726562500000,-0.000009982155
2.226562500000,0.750000000000,-0.000010456799
2.226562500000,0.773437500000,-0.000010922223
2.226562500000,0.796875000000,-0.000011375543
2.226562500000,0.820312500000,-0.000011813821
2.226562500000,0.843750000000,-0.000012234085
2.226562500000,0.867187500000,-0.000012633348
2.226562500000,0.890625000000,-0.000013008628
2.226562500000,0.914062500000,-0.000013356959
2.226562500000,0.937500000000,-0.000013675417
2.226562500000,0.960937500000,-0.000013961136
2.226562500000,0.984375000000,-0.000014211324
2.226562500000,1.007812500000,-0.000014423285
2.226562500000,1.031250000000,-0.000014594437
2.226562500000,1.054687500000,-0.000014722325
2.226562500000,1.078125000000,-0.000014804642
2.226562500000,1.101562500000,-0.000014839245
2.226562500000,1.125000000000,-0.000014824169
2.226562500000,1.148437500000,-0.000014757642
2.226562500000,1.171875000000,-0.000014638100
2.226562500000,1.195312500000,-0.000014464199
2.226562500000,1.218750000000,-0.000014234827
2.226562500000,1.242187500000,-0.000013949118
2.226562500000,1.265625000000,-0.000013606450
2.226562500000,1.289062500000,-0.000013206470
2.226562500000,1.312500000000,-0.000012749088
2.226562500000,1.335937500000,-0.000012234484
2.226562500000,1.359375000000,-0.000011663123
2.226562500000,1.382812500000,-0.000011035739
2.226562500000,1.406250000000,-0.000010353357
2.226562500000,1.429687500000,-0.000009617271
2.226562500000,1.453125000000,-0.000008829061
2.226562500000,1.476562500000,-0.000007990582
2.226562500000,1.500000000000,-0.000007103953
2.226562500000,1.523437500000,-0.000006171564
2.226562500000,1.546875000000,-0.000005196055
2.226562500000,1.570312500000,-0.000004180318
2.226562500000,1.593750000000,-0.000003127479
2.226562500000,1.617187500000,-0.000002040889
2.226562500000,1.640625000000,-0.000000924113
2.226562500000,1.664062500000,0.000000219092
2.226562500000,1.687500000000,0.000001384779
2.226562500000,1.710937500000,0.000002568842
2.226562500000,1.734375000000,0.000003767025
2.226562500000,1.757812500000,0.000004974941
2.226562500000,1.781250000000,0.000006188094
2.226562500000,1.804687500000,0.000007401895
2.226562500000,1.828125000000,0.000008611687
2.226562500000,1.851562500000,0.000009812762
2.226562500000,1.875000000000,0.000011000385
2.226562500000,1.898437500000,0.000012169814
2.226562500000,1.921875000000,0.000013316322
2.226562500000,1.945312500000,0.000014435222
2.226562500000,1.968750000000,0.000015521884
2.226562500000,1.992187500000,0.000016571760
2.226562500000,2.015625000000,0.000017580405
2.226562500000,2.039062500000,0.000018543497
2.226562500000,2.062500000000,0.000019456858
2.226562500000,2.085937500000,0.000020316478
2.226562500000,2.109375000000,0.000021118526
2.226562500000,2.132812500000,0.000021859379
2.226562500000,2.156250000000,0.000022535629
2.226562500000,2.179687500000,0.000023144110
2.226562500000,2.203125000000,0.000023681906
2.226562500000,2.226562500000,0.000024146369
2.226562500000,2.250000000000,0.000024535133
2.226562500000,2.273437500000,0.000024846125
2.226562500000,2.296875000000,0.000025077572
2.226562500000,2.320312500000,0.000025228024
2.226562500000,2.343750000000,0.000025296340
2.226562500000,2.367187500000,0.000025281715
2.226562500000,2.390625000000,0.000025183674
2.226562500000,2.414062500000,0.000025002080
2.226562500000,2.437500000000,0.000024737130
2.226562500000,2.460937500000,0.000024389362
2.226562500000,2.484375000000,0.000023959652
2.226562500000,2.507812500000,0.000023449207
2.226562500000,2.531250000000,0.000022859568
2.226562500000,2.554687500000,0.000022192592
2.226562500000,2.578125000000,0.000021450461
2.226562500000,2.601562500000,0.000020635661
2.226562500000,2.625000000000,0.000019750970
2.226562500000,2.648437500000,0.000018799460
2.226562500000,2.671875000000,0.000017784471
2.226562500000,2.695312500000,0.000016709600
2.226562500000,2.718750000000,0.000015578686
2.226562500000,2.742187500000,0.000014395798
2.226562500000,2.765625000000,0.000013165208
2.226562500000,2.789062500000,0.000011891382
2.226562500000,2.812500000000,0.000010578955
2.226562500000,2.835937500000,0.000009232712
2.226562500000,2.859375000000,0.000007857567
2.226562500000,2.882812500000,0.000006458543
2.226562500000,2.906250000000,0.000005040750
2.226562500000,2.929687500000,0.000003609360
2.226562500000,2.953125000000,0.000002169588
2.226562500000,2.976562500000,0.000000726670
2.226562500000,3.000000000000,0.000000000000
2.250000000000,0.000000000000,0.000000000000
2.250000000000,0.023437500000,-0.000000207228
2.250000000000,0.046875000000,-0.000000351271
2.250000000000,0.070312500000,-0.000000500527
2.250000000000,0.093750000000,-0.000000656785
2.250000000000,0.117187500000,-0.000000821753
2.250000000000,0.140625000000,-0.000000997047
2.250000000000,0.164062500000,-0.000001184172
2.250000000000,0.187500000000,-0.000001384509
2.250000000000,0.210937500000,-0.000001599306
2.250000000000,0.234375000000,-0.000001829660
2.250000000000,0.257812500000,-0.000002076507
2.250000000000,0.281250000000,-0.000002340619
2.250000000000,0.304687500000,-0.000002622582
2.250000000000,0.328125000000,-0.000002922801
2.250000000000,0.351562500000,-0.000003241487
2.250000000000,0.375000000000,-0.000003578652
2.250000000000,0.398437500000,-0.000003934110
2.250000000000,0.421875000000,-0.000004307466
2.250000000000,0.445312500000,-0.000004698127
2.250000000000,0.468750000000,-0.000005105286
2.250000000000,0.492187500000,-0.000005527944
2.250000000000,0.515625000000,-0.000005964895
2.250000000000,0.539062500000,-0.000006414742
2.250000000000,0.562500000000,-0.000006875895
2.250000000000,0.585937500000,-0.000007346586
2.250000000000,0.609375000000,-0.000007824871
2.250000000000,0.632812500000,-0.000008308646
2.250000000000,0.656250000000,-0.000008795650
2.250000000000,0.679687500000,-0.000009283481
2.250000000000,0.703125000000,-0.000009769613
2.250000000000,0.726562500000,-0.000010251405
2.250000000000,0.750000000000,-0.000010726114
2.250000000000,0.773437500000,-0.000011190916
2.250000000000,0.796875000000,-0.000011642920
2.250000000000,0.820312500000,-0.000012079185
2.250000000000,0.843750000000,-0.000012496738
2.250000000000,0.867187500000,-0.000012892591
2.250000000000,0.890625000000,-0.000013263759
2.250000000000,0.914062500000,-0.000013607282
2.250000000000,0.937500000000,-0.000013920238
2.250000000000,0.960937500000,-0.000014199767
2.250000000000,0.984375000000,-0.000014443086
2.250000000000,1.007812500000,-0.000014647508
2.250000000000,1.031250000000,-0.000014810459
2.250000000000,1.054687500000,-0.000014929500
2.250000000000,1.078125000000,-0.000015002338
2.250000000000,1.101562500000,-0.000015026846
2.250000000000,1.125000000000,-0.000015001077
2.250000000000,1.148437500000,-0.000014923279
2.250000000000,1.171875000000,-0.000014791909
2.250000000000,1.195312500000,-0.000014605650
2.250000000000,1.218750000000,-0.000014363412
2.250000000000,1.242187500000,-0.000014064355
2.250000000000,1.265625000000,-0.000013707889
2.250000000000,1.289062500000,-0.000013293688
2.250000000000,1.312500000000,-0.000012821694
2.250000000000,1.335937500000,-0.000012292125
2.250000000000,1.359375000000,-0.000011705472
2.250000000000,1.382812500000,-0.000011062512
2.250000000000,1.406250000000,-0.000010364300
2.250000000000,1.429687500000,-0.000009612175
2.250000000000,1.453125000000,-0.000008807752
2.250000000000,1.476562500000,-0.000007952925
2.250000000000,1.500000000000,-0.000007049858
2.250000000000,1.523437500000,-0.000006100978
2.250000000000,1.546875000000,-0.000005108971
2.250000000000,1.570312500000,-0.000004076770
2.250000000000,1.593750000000,-0.000003007543
2.250000000000,1.617187500000,-0.000001904686
2.250000000000,1.640625000000,-0.000000771806
2.250000000000,1.664062500000,0.000000387297
2.250000000000,1.687500000000,0.000001568632
2.250000000000,1.710937500000,0.000002768053
2.250000000000,1.734375000000,0.000003981258
2.250000000000,1.757812500000,0.000005203819
2.250000000000,1.781250000000,0.000006431199
2.250000000000,1.804687500000,0.000007658770
2.250000000000,1.828125000000,0.000008881835
2.250000000000,1.851562500000,0.000010095648
2.250000000000,1.875000000000,0.000011295435
2.250000000000,1.898437500000,0.000012476421
2.250000000000,1.921875000000,0.000013633845
2.250000000000,1.945312500000,0.000014762985
2.250000000000,1.968750000000,0.000015859182
2.250000000000,1.992187500000,0.000016917858
2.250000000000,2.015625000000,0.000017934541
2.250000000000,2.039062500000,0.000018904884
2.250000000000,2.062500000000,0.000019824686
2.250000000000,2.085937500000,0.000020689915
2.250000000000,2.109375000000,0.000021496725
2.250000000000,2.132812500000,0.000022241470
2.250000000000,2.156250000000,0.000022920735
2.250000000000,2.179687500000,0.000023531338
2.250000000000,2.203125000000,0.000024070355
2.250000000000,2.226562500000,0.000024535133
2.250000000000,2.250000000000,0.000024923300
2.250000000000,2.273437500000,0.000025232782
2.250000000000,2.296875000000,0.000025461812
2.250000000000,2.320312500000,0.000025608934
2.250000000000,2.343750000000,0.000025673022
2.250000000000,2.367187500000,0.000025653278
2.250000000000,2.390625000000,0.000025549237
2.250000000000,2.414062500000,0.000025360774
2.250000000000,2.437500000000,0.000025088110
2.250000000000,2.460937500000,0.000024731795
2.250000000000,2.484375000000,0.000024292726
2.250000000000,2.507812500000,0.000023772140
2.250000000000,2.531250000000,0.000023171597
2.250000000000,2.554687500000,0.000022492989
2.250000000000,2.578125000000,0.000021738522
2.250000000000,2.601562500000,0.000020910716
2.250000000000,2.625000000000,0.000020012386
2.250000000000,2.648437500000,0.000019046636
2.250000000000,2.671875000000,0.000018016844
2.250000000000,2.695312500000,0.000016926645
2.250000000000,2.718750000000,0.000015779924
2.250000000000,2.742187500000,0.000014580784
2.250000000000,2.765625000000,0.000013333546
2.250000000000,2.789062500000,0.000012042715
2.250000000000,2.812500000000,0.000010712974
2.250000000000,2.835937500000,0.000009349151
2.250000000000,2.859375000000,0.000007956208
2.250000000000,2.882812500000,0.000006539214
2.250000000000,2.906250000000,0.000005103324
2.250000000000,2.929687500000,0.000003653758
2.250000000000,2.953125000000,0.000002195781
2.250000000000,2.976562500000,0.000000734671
2.250000000000,3.000000000000,0.000000000000
2.273437500000,0.000000000000,0.000000000000
2.273437500000,0.023437500000,-0.000000225764
2.273437500000,0.046875000000,-0.000000381899
2.273437500000,0.070312500000,-0.000000543133
2.273437500000,0.093750000000,-0.000000711226
2.273437500000,0.117187500000,-0.000000887857
2.273437500000,0.140625000000,-0.000001074616
2.273437500000,0.164062500000,-0.000001272977
2.273437500000,0.187500000000,-0.000001484298
2.273437500000,0.210937500000,-0.000001709799
2.273437500000,0.234375000000,-0.000001950548
2.273437500000,0.257812500000,-0.000002207463
2.273437500000,0.281250000000,-0.000002481283
2.273437500000,0.304687500000,-0.000002772577
2.273437500000,0.328125000000,-0.000003081722
2.273437500000,0.351562500000,-0.000003408910
2.273437500000,0.375000000000,-0.000003754131
2.273437500000,0.398437500000,-0.000004117177
2.273437500000,0.421875000000,-0.000004497634
2.273437500000,0.445312500000,-0.000004894890
2.273437500000,0.468750000000,-0.000005308127
2.273437500000,0.492187500000,-0.000005736320
2.273437500000,0.515625000000,-0.000006178255
2.273437500000,0.539062500000,-0.000006632517
2.273437500000,0.562500000000,-0.000007097507
2.273437500000,0.585937500000,-0.000007571444
2.273437500000,0.609375000000,-0.000008052377
2.273437500000,0.632812500000,-0.000008538186
2.273437500000,0.656250000000,-0.000009026611
2.273437500000,0.679687500000,-0.000009515241
2.273437500000,0.703125000000,-0.000010001546
2.273437500000,0.726562500000,-0.000010482880
2.273437500000,0.750000000000,-0.000010956501
2.273437500000,0.773437500000,-0.000011419585
2.273437500000,0.796875000000,-0.000011869243
2.273437500000,0.820312500000,-0.000012302537
2.273437500000,0.843750000000,-0.000012716498
2.273437500000,0.867187500000,-0.000013108144
2.273437500000,0.890625000000,-0.000013474501
2.273437500000,0.914062500000,-0.000013812614
2.273437500000,0.937500000000,-0.000014119575
2.273437500000,0.960937500000,-0.000014392535
2.273437500000,0.984375000000,-0.000014628725
2.273437500000,1.007812500000,-0.000014825472
2.273437500000,1.031250000000,-0.000014980222
2.273437500000,1.054687500000,-0.000015090551
2.273437500000,1.078125000000,-0.000015154187
2.273437500000,1.101562500000,-0.000015169023
2.273437500000,1.125000000000,-0.000015133135
2.273437500000,1.148437500000,-0.000015044793
2.273437500000,1.171875000000,-0.000014902481
2.273437500000,1.195312500000,-0.000014704903
2.273437500000,1.218750000000,-0.000014451001
2.273437500000,1.242187500000,-0.000014139957
2.273437500000,1.265625000000,-0.000013771214
2.273437500000,1.289062500000,-0.000013344474
2.273437500000,1.312500000000,-0.000012859710
2.273437500000,1.335937500000,-0.000012317167
2.273437500000,1.359375000000,-0.000011717374
2.273437500000,1.382812500000,-0.000011061134
2.273437500000,1.406250000000,-0.000010349539
2.273437500000,1.429687500000,-0.000009583958
2.273437500000,1.453125000000,-0.000008766042
2.273437500000,1.476562500000,-0.000007897715
2.273437500000,1.500000000000,-0.000006981179
2.273437500000,1.523437500000,-0.000006018892
2.273437500000,1.546875000000,-0.000005013572
2.273437500000,1.570312500000,-0.000003968189
2.273437500000,1.593750000000,-0.000002885943
2.273437500000,1.617187500000,-0.000001770260
2.273437500000,1.640625000000,-0.000000624783
2.273437500000,1.664062500000,0.000000546657
2.273437500000,1.687500000000,0.000001740038
2.273437500000,1.710937500000,0.000002951180
2.273437500000,1.734375000000,0.000004175758
2.273437500000,1.757812500000,0.000005409308
2.273437500000,1.781250000000,0.000006647269
2.273437500000,1.804687500000,0.000007884985
2.273437500000,1.828125000000,0.000009117732
2.273437500000,1.851562500000,0.000010340739
2.273437500000,1.875000000000,0.000011549211
2.273437500000,1.898437500000,0.000012738347
2.273437500000,1.921875000000,0.000013903366
2.273437500000,1.945312500000,0.000015039528
2.273437500000,1.968750000000,0.000016142154
2.273437500000,1.992187500000,0.000017206650
2.273437500000,2.015625000000,0.000018228528
2.273437500000,2.039062500000,0.000019203429
2.273437500000,2.062500000000,0.000020127140
2.273437500000,2.085937500000,0.000020995619
2.273437500000,2.109375000000,0.000021805009
2.273437500000,2.132812500000,0.000022551661
2.273437500000,2.156250000000,0.000023232151
2.273437500000,2.179687500000,0.000023843297
2.273437500000,2.203125000000,0.000024382173
2.273437500000,2.226562500000,0.000024846124
2.273437500000,2.250000000000,0.000025232782
2.273437500000,2.273437500000,0.000025540077
2.273437500000,2.296875000000,0.000025766245
2.273437500000,2.320312500000,0.000025909841
2.273437500000,2.343750000000,0.000025969744
2.273437500000,2.367187500000,0.000025945168
2.273437500000,2.390625000000,0.000025835661
2.273437500000,2.414062500000,0.000025641112
2.273437500000,2.437500000000,0.000025361752
2.273437500000,2.460937500000,0.000024998154
2.273437500000,2.484375000000,0.000024551236
2.273437500000,2.507812500000,0.000024022244
2.273437500000,2.531250000000,0.000023412765
2.273437500000,2.554687500000,0.000022724714
2.273437500000,2.578125000000,0.000021960319
2.273437500000,2.601562500000,0.000021122124
2.273437500000,2.625000000000,0.000020212972
2.273437500000,2.648437500000,0.000019235989
2.273437500000,2.671875000000,0.000018194584
2.273437500000,2.695312500000,0.000017092421
2.273437500000,2.718750000000,0.000015933411
2.273437500000,2.742187500000,0.000014721690
2.273437500000,2.765625000000,0.000013461604
2.273437500000,2.789062500000,0.000012157697
2.273437500000,2.812500000000,0.000010814675
2.273437500000,2.835937500000,0.000009437404
2.273437500000,2.859375000000,0.000008030873
2.273437500000,2.882812500000,0.000006600185
2.273437500000,2.906250000000,0.000005150528
2.273437500000,2.929687500000,0.000003687154
2.273437500000,2.953125000000,0.000002215357
2.273437500000,2.976562500000,0.000000740450
2.273437500000,3.000000000000,0.000000000000
2.296875000000,0.000000000000,0.000000000000
2.296875000000,0.023437500000,-0.000000242768
2.296875000000,0.046875000000,-0.000000409961
2.296875000000,0.070312500000,-0.000000582131
2.296875000000,0.093750000000,-0.000000761006
2.296875000000,0.117187500000,-0.000000948236
2.296875000000,0.140625000000,-0.000001145378
2.296875000000,0.164062500000,-0.000001353879
2.296875000000,0.187500000000,-0.000001575066
2.296875000000,0.210937500000,-0.000001810131
2.296875000000,0.234375000000,-0.000002060116
2.296875000000,0.257812500000,-0.000002325910
2.296875000000,0.281250000000,-0.000002608230
2.296875000000,0.304687500000,-0.000002907617
2.296875000000,0.328125000000,-0.000003224431
2.296875000000,0.351562500000,-0.000003558837
2.296875000000,0.375000000000,-0.000003910808
2.296875000000,0.398437500000,-0.000004280114
2.296875000000,0.421875000000,-0.000004666329
2.296875000000,0.445312500000,-0.000005068820
2.296875000000,0.468750000000,-0.000005486755
2.296875000000,0.492187500000,-0.000005919099
2.296875000000,0.515625000000,-0.000006364626
2.296875000000,0.539062500000,-0.000006821913
2.296875000000,0.562500000000,-0.000007289350
2.296875000000,0.585937500000,-0.000007765152
2.296875000000,0.609375000000,-0.000008247360
2.296875000000,0.632812500000,-0.000008733858
2.296875000000,0.656250000000,-0.000009222380
2.296875000000,0.679687500000,-0.000009710517
2.296875000000,0.703125000000,-0.000010195740
2.296875000000,0.726562500000,-0.000010675411
2.296875000000,0.750000000000,-0.000011146791
2.296875000000,0.773437500000,-0.000011607064
2.296875000000,0.796875000000,-0.000012053349
2.296875000000,0.820312500000,-0.000012482719
2.296875000000,0.843750000000,-0.000012892218
2.296875000000,0.867187500000,-0.000013278877
2.296875000000,0.890625000000,-0.000013639736
2.296875000000,0.914062500000,-0.000013971858
2.296875000000,0.937500000000,-0.000014272353
2.296875000000,0.960937500000,-0.000014538389
2.296875000000,0.984375000000,-0.000014767218
2.296875000000,1.007812500000,-0.000014956189
2.296875000000,1.031250000000,-0.000015102770
2.296875000000,1.054687500000,-0.000015204560
2.296875000000,1.078125000000,-0.000015259312
2.296875000000,1.101562500000,-0.000015264943
2.296875000000,1.125000000000,-0.000015219554
2.296875000000,1.148437500000,-0.000015121445
2.296875000000,1.171875000000,-0.000014969123
2.296875000000,1.195312500000,-0.000014761322
2.296875000000,1.218750000000,-0.000014497011
2.296875000000,1.242187500000,-0.000014175401
2.296875000000,1.265625000000,-0.000013795964
2.296875000000,1.289062500000,-0.000013358427
2.296875000000,1.312500000000,-0.000012862796
2.296875000000,1.335937500000,-0.000012309342
2.296875000000,1.359375000000,-0.000011698624
2.296875000000,1.382812500000,-0.000011031473
2.296875000000,1.406250000000,-0.000010309009
2.296875000000,1.429687500000,-0.000009532628
2.296875000000,1.453125000000,-0.000008704010
2.296875000000,1.476562500000,-0.000007825106
2.296875000000,1.500000000000,-0.000006898140
2.296875000000,1.523437500000,-0.000005925601
2.296875000000,1.546875000000,-0.000004910231
2.296875000000,1.570312500000,-0.000003855020
2.296875000000,1.593750000000,-0.000002763195
2.296875000000,1.617187500000,-0.000001638206
2.296875000000,1.640625000000,-0.000000483712
2.296875000000,1.664062500000,0.000000696430
2.296875000000,1.687500000000,0.000001898182
2.296875000000,1.710937500000,0.000003117346
2.296875000000,1.734375000000,0.000004349574
2.296875000000,1.757812500000,0.000005590394
2.296875000000,1.781250000000,0.000006835224
2.296875000000,1.804687500000,0.000008079396
2.296875000000,1.828125000000,0.000009318173
2.296875000000,1.851562500000,0.000010546773
2.296875000000,1.875000000000,0.000011760390
2.296875000000,1.898437500000,0.000012954216
2.296875000000,1.921875000000,0.000014123460
2.296875000000,1.945312500000,0.000015263377
2.296875000000,1.968750000000,0.000016369281
2.296875000000,1.992187500000,0.000017436575
2.296875000000,2.015625000000,0.000018460769
2.296875000000,2.039062500000,0.000019437501
2.296875000000,2.062500000000,0.000020362558
2.296875000000,2.085937500000,0.000021231897
2.296875000000,2.109375000000,0.000022041666
2.296875000000,2.132812500000,0.000022788216
2.296875000000,2.156250000000,0.000023468131
2.296875000000,2.179687500000,0.000024078229
2.296875000000,2.203125000000,0.000024615591
2.296875000000,2.226562500000,0.000025077572
2.296875000000,2.250000000000,0.000025461811
2.296875000000,2.273437500000,0.000025766245
2.296875000000,2.296875000000,0.000025989121
2.296875000000,2.320312500000,0.000026129002
2.296875000000,2.343750000000,0.000026184783
2.296875000000,2.367187500000,0.000026155686
2.296875000000,2.390625000000,0.000026041273
2.296875000000,2.414062500000,0.000025841447
2.296875000000,2.437500000000,0.000025556452
2.296875000000,2.460937500000,0.000025186876
2.296875000000,2.484375000000,0.000024733647
2.296875000000,2.507812500000,0.000024198036
2.296875000000,2.531250000000,0.000023581638
2.296875000000,2.554687500000,0.000022886386
2.296875000000,2.578125000000,0.000022114528
2.296875000000,2.601562500000,0.000021268619
2.296875000000,2.625000000000,0.000020351523
2.296875000000,2.648437500000,0.000019366382
2.296875000000,2.671875000000,0.000018316623
2.296875000000,2.695312500000,0.000017205927
2.296875000000,2.718750000000,0.000016038220
2.296875000000,2.742187500000,0.000014817660
2.296875000000,2.765625000000,0.000013548610
2.296875000000,2.789062500000,0.000012235628
2.296875000000,2.812500000000,0.000010883442
2.296875000000,2.835937500000,0.000009496932
2.296875000000,2.859375000000,0.000008081107
2.296875000000,2.882812500000,0.000006641086
2.296875000000,2.906250000000,0.000005182074
2.296875000000,2.929687500000,0.000003709341
2.296875000000,2.953125000000,0.000002228197
2.296875000000,2.976562500000,0.000000743972
2.296875000000,3.000000000000,0.000000000000
2.320312500000,0.000000000000,0.000000000000
2.320312500000,0.023437500000,-0.000000258162
2.320312500000,0.046875000000,-0.000000435328
2.320312500000,0.070312500000,-0.000000617342
2.320312500000,0.093750000000,-0.000000805900
2.320312500000,0.117187500000,-0.000001002615
2.320312500000,0.140625000000,-0.000001209013
2.320312500000,0.164062500000,-0.000001426509
2.320312500000,0.187500000000,-0.000001656399
2.320312500000,0.210937500000,-0.000001899844
2.320312500000,0.234375000000,-0.000002157858
2.320312500000,0.257812500000,-0.000002431304
2.320312500000,0.281250000000,-0.000002720872
2.320312500000,0.304687500000,-0.000003027081
2.320312500000,0.328125000000,-0.000003350264
2.320312500000,0.351562500000,-0.000003690569
2.320312500000,0.375000000000,-0.000004047948
2.320312500000,0.398437500000,-0.000004422157
2.320312500000,0.421875000000,-0.000004812752
2.320312500000,0.445312500000,-0.000005219087
2.320312500000,0.468750000000,-0.000005640318
2.320312500000,0.492187500000,-0.000006075405
2.320312500000,0.515625000000,-0.000006523110
2.320312500000,0.539062500000,-0.000006982006
2.320312500000,0.562500000000,-0.000007450482
2.320312500000,0.585937500000,-0.000007926749
2.320312500000,0.609375000000,-0.000008408854
2.320312500000,0.632812500000,-0.000008894680
2.320312500000,0.656250000000,-0.000009381966
2.320312500000,0.679687500000,-0.000009868314
2.320312500000,0.703125000000,-0.000010351202
2.320312500000,0.726562500000,-0.000010828001
2.320312500000,0.750000000000,-0.000011295987
2.320312500000,0.773437500000,-0.000011752358
2.320312500000,0.796875000000,-0.000012194251
2.320312500000,0.820312500000,-0.000012618754
2.320312500000,0.843750000000,-0.000013022933
2.320312500000,0.867187500000,-0.000013403838
2.320312500000,0.890625000000,-0.000013758532
2.320312500000,0.914062500000,-0.000014084103
2.320312500000,0.937500000000,-0.000014377682
2.320312500000,0.960937500000,-0.000014636465
2.320312500000,0.984375000000,-0.000014857729
2.320312500000,1.007812500000,-0.000015038853
2.320312500000,1.031250000000,-0.000015177330
2.320312500000,1.054687500000,-0.000015270789
2.320312500000,1.078125000000,-0.000015317010
2.320312500000,1.101562500000,-0.000015313943
2.320312500000,1.125000000000,-0.000015259715
2.320312500000,1.148437500000,-0.000015152657
2.320312500000,1.171875000000,-0.000014991305
2.320312500000,1.195312500000,-0.000014774424
2.320312500000,1.218750000000,-0.000014501010
2.320312500000,1.242187500000,-0.000014170305
2.320312500000,1.265625000000,-0.000013781805
2.320312500000,1.289062500000,-0.000013335272
2.320312500000,1.312500000000,-0.000012830732
2.320312500000,1.335937500000,-0.000012268487
2.320312500000,1.359375000000,-0.000011649117
2.320312500000,1.382812500000,-0.000010973482
2.320312500000,1.406250000000,-0.000010242724
2.320312500000,1.429687500000,-0.000009458259
2.320312500000,1.453125000000,-0.000008621791
2.320312500000,1.476562500000,-0.000007735290
2.320312500000,1.500000000000,-0.000006801001
2.320312500000,1.523437500000,-0.000005821425
2.320312500000,1.546875000000,-0.000004799325
2.320312500000,1.570312500000,-0.000003737705
2.320312500000,1.593750000000,-0.000002639803
2.320312500000,1.617187500000,-0.000001509082
2.320312500000,1.640625000000,-0.000000349212
2.320312500000,1.664062500000,0.000000835940
2.320312500000,1.687500000000,0.000002042332
2.320312500000,1.710937500000,0.000003265757
2.320312500000,1.734375000000,0.000004501864
2.320312500000,1.757812500000,0.000005746178
2.320312500000,1.781250000000,0.000006994115
2.320312500000,1.804687500000,0.000008241004
2.320312500000,1.828125000000,0.000009482112
2.320312500000,1.851562500000,0.000010712658
2.320312500000,1.875000000000,0.000011927839
2.320312500000,1.898437500000,0.000013122852
2.320312500000,1.921875000000,0.000014292912
2.320312500000,1.945312500000,0.000015433279
2.320312500000,1.968750000000,0.000016539278
2.320312500000,1.992187500000,0.000017606318
2.320312500000,2.015625000000,0.000018629919
2.320312500000,2.039062500000,0.000019605729
2.320312500000,2.062500000000,0.000020529547
2.320312500000,2.085937500000,0.000021397341
2.320312500000,2.109375000000,0.000022205270
2.320312500000,2.132812500000,0.000022949700
2.320312500000,2.156250000000,0.000023627224
2.320312500000,2.179687500000,0.000024234678
2.320312500000,2.203125000000,0.000024769156
2.320312500000,2.226562500000,0.000025228024
2.320312500000,2.250000000000,0.000025608934
2.320312500000,2.273437500000,0.000025909841
2.320312500000,2.296875000000,0.000026129002
2.320312500000,2.320312500000,0.000026264999
2.320312500000,2.343750000000,0.000026316735
2.320312500000,2.367187500000,0.000026283449
2.320312500000,2.390625000000,0.000026164714
2.320312500000,2.414062500000,0.000025960446
2.320312500000,2.437500000000,0.000025670902
2.320312500000,2.460937500000,0.000025296683
2.320312500000,2.484375000000,0.000024838728
2.320312500000,2.507812500000,0.000024298316
2.320312500000,2.531250000000,0.000023677059
2.320312500000,2.554687500000,0.000022976894
2.320312500000,2.578125000000,0.000022200081
2.320312500000,2.601562500000,0.000021349184
2.320312500000,2.625000000000,0.000020427073
2.320312500000,2.648437500000,0.000019436901
2.320312500000,2.671875000000,0.000018382102
2.320312500000,2.695312500000,0.000017266359
2.320312500000,2.718750000000,0.000016093610
2.320312500000,2.742187500000,0.000014868014
2.320312500000,2.765625000000,0.000013593940
2.320312500000,2.789062500000,0.000012275952
2.320312500000,2.812500000000,0.000010918779
2.320312500000,2.835937500000,0.000009527305
2.320312500000,2.859375000000,0.000008106545
2.320312500000,2.882812500000,0.000006661617
2.320312500000,2.906250000000,0.000005197730
2.320312500000,2.929687500000,0.000003720154
2.320312500000,2.953125000000,0.000002234203
2.320312500000,2.976562500000,0.000000745206
2.320312500000,3.000000000000,0.000000000000
2.343750000000,0.000000000000,0.000000000000
2.343750000000,0.023437500000,-0.000000271878
2.343750000000,0.046875000000,-0.000000457888
2.343750000000,0.070312500000,-0.000000648612
2.343750000000,0.093750000000,-0.000000845707
2.343750000000,0.117187500000,-0.000001050753
2.343750000000,0.140625000000,-0.000001265238
2.343750000000,0.164062500000,-0.000001490543
2.343750000000,0.187500000000,-0.000001727933
2.343750000000,0.210937500000,-0.000001978535
2.343750000000,0.234375000000,-0.000002243337
2.343750000000,0.257812500000,-0.000002523168
2.343750000000,0.281250000000,-0.000002818700
2.343750000000,0.304687500000,-0.000003130420
2.343750000000,0.328125000000,-0.000003458644
2.343750000000,0.351562500000,-0.000003803499
2.343750000000,0.375000000000,-0.000004164917
2.343750000000,0.398437500000,-0.000004542642
2.343750000000,0.421875000000,-0.000004936213
2.343750000000,0.445312500000,-0.000005344978
2.343750000000,0.468750000000,-0.000005768084
2.343750000000,0.492187500000,-0.000006204481
2.343750000000,0.515625000000,-0.000006652934
2.343750000000,0.539062500000,-0.000007112009
2.343750000000,0.562500000000,-0.000007580103
2.343750000000,0.585937500000,-0.000008055428
2.343750000000,0.609375000000,-0.000008536038
2.343750000000,0.632812500000,-0.000009019826
2.343750000000,0.656250000000,-0.000009504542
2.343750000000,0.679687500000,-0.000009987800
2.343750000000,0.703125000000,-0.000010467097
2.343750000000,0.726562500000,-0.000010939820
2.343750000000,0.750000000000,-0.000011403266
2.343750000000,0.773437500000,-0.000011854652
2.343750000000,0.796875000000,-0.000012291143
2.343750000000,0.820312500000,-0.000012709850
2.343750000000,0.843750000000,-0.000013107864
2.343750000000,0.867187500000,-0.000013482266
2.343750000000,0.890625000000,-0.000013830148
2.343750000000,0.914062500000,-0.000014148625
2.343750000000,0.937500000000,-0.000014434862
2.343750000000,0.960937500000,-0.000014686088
2.343750000000,0.984375000000,-0.000014899612
2.343750000000,1.007812500000,-0.000015072844
2.343750000000,1.031250000000,-0.000015203313
2.343750000000,1.054687500000,-0.000015288682
2.343750000000,1.078125000000,-0.000015326762
2.343750000000,1.101562500000,-0.000015315537
2.343750000000,1.125000000000,-0.000015253171
2.343750000000,1.148437500000,-0.000015138021
2.343750000000,1.171875000000,-0.000014968661
2.343750000000,1.195312500000,-0.000014743884
2.343750000000,1.218750000000,-0.000014462717
2.343750000000,1.242187500000,-0.000014124429
2.343750000000,1.265625000000,-0.000013728548
2.343750000000,1.289062500000,-0.000013274860
2.343750000000,1.312500000000,-0.000012763417
2.343750000000,1.335937500000,-0.000012194545
2.343750000000,1.359375000000,-0.000011568848
2.343750000000,1.382812500000,-0.000010887203
2.343750000000,1.406250000000,-0.000010150771
2.343750000000,1.429687500000,-0.000009360990
2.343750000000,1.453125000000,-0.000008519573
2.343750000000,1.476562500000,-0.000007628506
2.343750000000,1.500000000000,-0.000006690042
2.343750000000,1.523437500000,-0.000005706696
2.343750000000,1.546875000000,-0.000004681236
2.343750000000,1.570312500000,-0.000003616668
2.343750000000,1.593750000000,-0.000002516240
2.343750000000,1.617187500000,-0.000001383410
2.343750000000,1.640625000000,-0.000000221850
2.343750000000,1.664062500000,0.000000964579
2.343750000000,1.687500000000,0.000002171835
2.343750000000,1.710937500000,0.000003395722
2.343750000000,1.734375000000,0.000004631894
2.343750000000,1.757812500000,0.000005875886
2.343750000000,1.781250000000,0.000007123128
2.343750000000,1.804687500000,0.000008368961
2.343750000000,1.828125000000,0.000009608666
2.343750000000,1.851562500000,0.000010837478
2.343750000000,1.875000000000,0.000012050611
2.343750000000,1.898437500000,0.000013243281
2.343750000000,1.921875000000,0.000014410722
2.343750000000,1.945312500000,0.000015548213
2.343750000000,1.968750000000,0.000016651099
2.343750000000,1.992187500000,0.000017714813
2.343750000000,2.015625000000,0.000018734895
2.343750000000,2.039062500000,0.000019707015
2.343750000000,2.062500000000,0.000020626995
2.343750000000,2.085937500000,0.000021490827
2.343750000000,2.109375000000,0.000022294690
2.343750000000,2.132812500000,0.000023034974
2.343750000000,2.156250000000,0.000023708293
2.343750000000,2.179687500000,0.000024311505
2.343750000000,2.203125000000,0.000024841725
2.343750000000,2.226562500000,0.000025296340
2.343750000000,2.250000000000,0.000025673022
2.343750000000,2.273437500000,0.000025969745
2.343750000000,2.296875000000,0.000026184783
2.343750000000,2.320312500000,0.000026316735
2.343750000000,2.343750000000,0.000026364521
2.343750000000,2.367187500000,0.000026327394
2.343750000000,2.390625000000,0.000026204942
2.343750000000,2.414062500000,0.000025997092
2.343750000000,2.437500000000,0.000025704111
2.343750000000,2.460937500000,0.000025326611
2.343750000000,2.484375000000,0.000024865541
2.343750000000,2.507812500000,0.000024322184
2.343750000000,2.531250000000,0.000023698156
2.343750000000,2.554687500000,0.000022995400
2.343750000000,2.578125000000,0.000022216177
2.343750000000,2.601562500000,0.000021363053
2.343750000000,2.625000000000,0.000020438898
2.343750000000,2.648437500000,0.000019446864
2.343750000000,2.671875000000,0.000018390377
2.343750000000,2.695312500000,0.000017273120
2.343750000000,2.718750000000,0.000016099024
2.343750000000,2.742187500000,0.000014872241
2.343750000000,2.765625000000,0.000013597132
2.343750000000,2.789062500000,0.000012278251
2.343750000000,2.812500000000,0.000010920319
2.343750000000,2.835937500000,0.000009528208
2.343750000000,2.859375000000,0.000008106919
2.343750000000,2.882812500000,0.000006661560
2.343750000000,2.906250000000,0.000005197327
2.343750000000,2.929687500000,0.000003719476
2.343750000000,2.953125000000,0.000002233305
2.343750000000,2.976562500000,0.000000744133
2.343750000000,3.000000000000,0.000000000000
2.367187500000,0.000000000000,0.000000000000
2.367187500000,0.023437500000,-0.000000283857
2.367187500000,0.046875000000,-0.000000477544
2.367187500000,0.070312500000,-0.000000675804
2.367187500000,0.093750000000,-0.000000880257
2.367187500000,0.117187500000,-0.000001092440
2.367187500000,0.140625000000,-0.000001313808
2.367187500000,0.164062500000,-0.000001545702
2.367187500000,0.187500000000,-0.000001789353
2.367187500000,0.210937500000,-0.000002045857
2.367187500000,0.234375000000,-0.000002316171
2.367187500000,0.257812500000,-0.000002601097
2.367187500000,0.281250000000,-0.000002901273
2.367187500000,0.304687500000,-0.000003217171
2.367187500000,0.328125000000,-0.000003549080
2.367187500000,0.351562500000,-0.000003897109
2.367187500000,0.375000000000,-0.000004261176
2.367187500000,0.398437500000,-0.000004641009
2.367187500000,0.421875000000,-0.000005036137
2.367187500000,0.445312500000,-0.000005445899
2.367187500000,0.468750000000,-0.000005869439
2.367187500000,0.492187500000,-0.000006305704
2.367187500000,0.515625000000,-0.000006753459
2.367187500000,0.539062500000,-0.000007211279
2.367187500000,0.562500000000,-0.000007677559
2.367187500000,0.585937500000,-0.000008150529
2.367187500000,0.609375000000,-0.000008628249
2.367187500000,0.632812500000,-0.000009108631
2.367187500000,0.656250000000,-0.000009589441
2.367187500000,0.679687500000,-0.000010068315
2.367187500000,0.703125000000,-0.000010542770
2.367187500000,0.726562500000,-0.000011010217
2.367187500000,0.750000000000,-0.000011467985
2.367187500000,0.773437500000,-0.000011913319
2.367187500000,0.796875000000,-0.000012343407
2.367187500000,0.820312500000,-0.000012755401
2.367187500000,0.843750000000,-0.000013146424
2.367187500000,0.867187500000,-0.000013513591
2.367187500000,0.890625000000,-0.000013854029
2.367187500000,0.914062500000,-0.000014164894
2.367187500000,0.937500000000,-0.000014443388
2.367187500000,0.960937500000,-0.000014686777
2.367187500000,0.984375000000,-0.000014892410
2.367187500000,1.007812500000,-0.000015057736
2.367187500000,1.031250000000,-0.000015180322
2.367187500000,1.054687500000,-0.000015257869
2.367187500000,1.078125000000,-0.000015288230
2.367187500000,1.101562500000,-0.000015269423
2.367187500000,1.125000000000,-0.000015199648
2.367187500000,1.148437500000,-0.000015077302
2.367187500000,1.171875000000,-0.000014900988
2.367187500000,1.195312500000,-0.000014669533
2.367187500000,1.218750000000,-0.000014381997
2.367187500000,1.242187500000,-0.000014037681
2.367187500000,1.265625000000,-0.000013636135
2.367187500000,1.289062500000,-0.000013177174
2.367187500000,1.312500000000,-0.000012660871
2.367187500000,1.335937500000,-0.000012087577
2.367187500000,1.359375000000,-0.000011457909
2.367187500000,1.382812500000,-0.000010772768
2.367187500000,1.406250000000,-0.000010033324
2.367187500000,1.429687500000,-0.000009241027
2.367187500000,1.453125000000,-0.000008397599
2.367187500000,1.476562500000,-0.000007505030
2.367187500000,1.500000000000,-0.000006565584
2.367187500000,1.523437500000,-0.000005581767
2.367187500000,1.546875000000,-0.000004556350
2.367187500000,1.570312500000,-0.000003492334
2.367187500000,1.593750000000,-0.000002392958
2.367187500000,1.617187500000,-0.000001261673
2.367187500000,1.640625000000,-0.000000102136
2.367187500000,1.664062500000,0.000001081802
2.367187500000,1.687500000000,0.000002286121
2.367187500000,1.710937500000,0.000003506640
2.367187500000,1.734375000000,0.000004739038
2.367187500000,1.757812500000,0.000005978871
2.367187500000,1.781250000000,0.000007221593
2.367187500000,1.804687500000,0.000008462575
2.367187500000,1.828125000000,0.000009697122
2.367187500000,1.851562500000,0.000010920503
2.367187500000,1.875000000000,0.000012127960
2.367187500000,1.898437500000,0.000013314741
2.367187500000,1.921875000000,0.000014476112
2.367187500000,1.945312500000,0.000015607387
2.367187500000,1.968750000000,0.000016703944
2.367187500000,1.992187500000,0.000017761250
2.367187500000,2.015625000000,0.000018774880
2.367187500000,2.039062500000,0.000019740538
2.367187500000,2.062500000000,0.000020654078
2.367187500000,2.085937500000,0.000021511528
2.367187500000,2.109375000000,0.000022309097
2.367187500000,2.132812500000,0.000023043210
2.367187500000,2.156250000000,0.000023710512
2.367187500000,2.179687500000,0.000024307889
2.367187500000,2.203125000000,0.000024832484
2.367187500000,2.226562500000,0.000025281715
2.367187500000,2.250000000000,0.000025653278
2.367187500000,2.273437500000,0.000025945168
2.367187500000,2.296875000000,0.000026155686
2.367187500000,2.320312500000,0.000026283448
2.367187500000,2.343750000000,0.000026327394
2.367187500000,2.367187500000,0.000026286793
2.367187500000,2.390625000000,0.000026161244
2.367187500000,2.414062500000,0.000025950689
2.367187500000,2.437500000000,0.000025655406
2.367187500000,2.460937500000,0.000025276009
2.367187500000,2.484375000000,0.000024813453
2.367187500000,2.507812500000,0.000024269026
2.367187500000,2.531250000000,0.000023644340
2.367187500000,2.554687500000,0.000022941342
2.367187500000,2.578125000000,0.000022162280
2.367187500000,2.601562500000,0.000021309721
2.367187500000,2.625000000000,0.000020386519
2.367187500000,2.648437500000,0.000019395818
2.367187500000,2.671875000000,0.000018341027
2.367187500000,2.695312500000,0.000017225818
2.367187500000,2.718750000000,0.000016054102
2.367187500000,2.742187500000,0.000014830011
2.367187500000,2.765625000000,0.000013557887
2.367187500000,2.789062500000,0.000012242259
2.367187500000,2.812500000000,0.000010887826
2.367187500000,2.835937500000,0.000009499433
2.367187500000,2.859375000000,0.000008082055
2.367187500000,2.882812500000,0.000006640774
2.367187500000,2.906250000000,0.000005180755
2.367187500000,2.929687500000,0.000003707228
2.367187500000,2.953125000000,0.000002225460
2.367187500000,2.976562500000,0.000000740739
2.367187500000,3.000000000000,0.000000000000
2.390625000000,0.000000000000,0.000000000000
2.390625000000,0.023437500000,-0.000000294049
2.390625000000,0.046875000000,-0.000000494213
2.390625000000,0.070312500000,-0.000000698807
2.390625000000,0.093750000000,-0.000000909403
2.390625000000,0.117187500000,-0.000001127504
2.390625000000,0.140625000000,-0.000001354517
2.390625000000,0.164062500000,-0.000001591753
2.390625000000,0.187500000000,-0.000001840402
2.390625000000,0.210937500000,-0.000002101527
2.390625000000,0.234375000000,-0.000002376051
2.390625000000,0.257812500000,-0.000002664751
2.390625000000,0.281250000000,-0.000002968237
2.390625000000,0.304687500000,-0.000003286953
2.390625000000,0.328125000000,-0.000003621172
2.390625000000,0.351562500000,-0.000003970984
2.390625000000,0.375000000000,-0.000004336290
2.390625000000,0.398437500000,-0.000004716806
2.390625000000,0.421875000000,-0.000005112057
2.390625000000,0.445312500000,-0.000005521374
2.390625000000,0.468750000000,-0.000005943898
2.390625000000,0.492187500000,-0.000006378582
2.390625000000,0.515625000000,-0.000006824190
2.390625000000,0.539062500000,-0.000007279309
2.390625000000,0.562500000000,-0.000007742347
2.390625000000,0.585937500000,-0.000008211546
2.390625000000,0.609375000000,-0.000008684984
2.390625000000,0.632812500000,-0.000009160596
2.390625000000,0.656250000000,-0.000009636170
2.390625000000,0.679687500000,-0.000010109369
2.390625000000,0.703125000000,-0.000010577740
2.390625000000,0.726562500000,-0.000011038726
2.390625000000,0.750000000000,-0.000011489687
2.390625000000,0.773437500000,-0.000011927908
2.390625000000,0.796875000000,-0.000012350614
2.390625000000,0.820312500000,-0.000012754995
2.390625000000,0.843750000000,-0.000013138216
2.390625000000,0.867187500000,-0.000013497436
2.390625000000,0.890625000000,-0.000013829825
2.390625000000,0.914062500000,-0.000014132581
2.390625000000,0.937500000000,-0.000014402951
2.390625000000,0.960937500000,-0.000014638247
2.390625000000,0.984375000000,-0.000014835864
2.390625000000,1.007812500000,-0.000014993294
2.390625000000,1.031250000000,-0.000015108149
2.390625000000,1.054687500000,-0.000015178174
2.390625000000,1.078125000000,-0.000015201263
2.390625000000,1.101562500000,-0.000015175477
2.390625000000,1.125000000000,-0.000015099055
2.390625000000,1.148437500000,-0.000014970432
2.390625000000,1.171875000000,-0.000014788250
2.390625000000,1.195312500000,-0.000014551369
2.390625000000,1.218750000000,-0.000014258878
2.390625000000,1.242187500000,-0.000013910112
2.390625000000,1.265625000000,-0.000013504647
2.390625000000,1.289062500000,-0.000013042321
2.390625000000,1.312500000000,-0.000012523233
2.390625000000,1.335937500000,-0.000011947747
2.390625000000,1.359375000000,-0.000011316499
2.390625000000,1.382812500000,-0.000010630398
2.390625000000,1.406250000000,-0.000009890627
2.390625000000,1.429687500000,-0.000009098642
2.390625000000,1.453125000000,-0.000008256164
2.390625000000,1.476562500000,-0.000007365188
2.390625000000,1.500000000000,-0.000006427964
2.390625000000,1.523437500000,-0.000005447000
2.390625000000,1.546875000000,-0.000004425049
2.390625000000,1.570312500000,-0.000003365104
2.390625000000,1.593750000000,-0.000002270380
2.390625000000,1.617187500000,-0.000001144313
2.390625000000,1.640625000000,0.000000009467
2.390625000000,1.664062500000,0.000001187135
2.390625000000,1.687500000000,0.000002384702
2.390625000000,1.710937500000,0.000003598014
2.390625000000,1.734375000000,0.000004822786
2.390625000000,1.757812500000,0.000006054612
2.390625000000,1.781250000000,0.000007288983
2.390625000000,1.804687500000,0.000008521310
2.390625000000,1.828125000000,0.000009746942
2.390625000000,1.851562500000,0.000010961187
2.390625000000,1.875000000000,0.000012159336
2.390625000000,1.898437500000,0.000013336679
2.390625000000,1.921875000000,0.000014488530
2.390625000000,1.945312500000,0.000015610250
2.390625000000,1.968750000000,0.000016697263
2.390625000000,1.992187500000,0.000017745082
2.390625000000,2.015625000000,0.000018749329
2.390625000000,2.039062500000,0.000019705755
2.390625000000,2.062500000000,0.000020610260
2.390625000000,2.085937500000,0.000021458913
2.390625000000,2.109375000000,0.000022247970
2.390625000000,2.132812500000,0.000022973896
2.390625000000,2.156250000000,0.000023633375
2.390625000000,2.179687500000,0.000024223332
2.390625000000,2.203125000000,0.000024740950
2.390625000000,2.226562500000,0.000025183674
2.390625000000,2.250000000000,0.000025549237
2.390625000000,2.273437500000,0.000025835661
2.390625000000,2.296875000000,0.000026041273
2.390625000000,2.320312500000,0.000026164714
2.390625000000,2.343750000000,0.000026204942
2.390625000000,2.367187500000,0.000026161244
2.390625000000,2.390625000000,0.000026033235
2.390625000000,2.414062500000,0.000025820870
2.390625000000,2.437500000000,0.000025524429
2.390625000000,2.460937500000,0.000025144534
2.390625000000,2.484375000000,0.000024682140
2.390625000000,2.507812500000,0.000024138534
2.390625000000,2.531250000000,0.000023515325
2.390625000000,2.554687500000,0.000022814441
2.390625000000,2.578125000000,0.000022038133
2.390625000000,2.601562500000,0.000021188939
2.390625000000,2.625000000000,0.000020269704
2.390625000000,2.648437500000,0.000019283545
2.390625000000,2.671875000000,0.000018233854
2.390625000000,2.695312500000,0.000017124271
2.390625000000,2.718750000000,0.000015958674
2.390625000000,2.742187500000,0.000014741172
2.390625000000,2.765625000000,0.000013476066
2.390625000000,2.789062500000,0.000012167854
2.390625000000,2.812500000000,0.000010821192
2.390625000000,2.835937500000,0.000009440889
2.390625000000,2.859375000000,0.000008031878
2.390625000000,2.882812500000,0.000006599198
2.390625000000,2.906250000000,0.000005147970
2.390625000000,2.929687500000,0.000003683380
2.390625000000,2.953125000000,0.000002210650
2.390625000000,2.976562500000,0.000000735024
2.390625000000,3.000000000000,0.000000000000
2.414062500000,0.000000000000,0.000000000000
2.414062500000,0.023437500000,-0.000000302414
2.414062500000,0.046875000000,-0.000000507831
2.414062500000,0.070312500000,-0.000000717528
2.414062500000,0.093750000000,-0.000000933033
2.414062500000,0.117187500000,-0.000001155803
2.414062500000,0.140625000000,-0.000001387206
2.414062500000,0.164062500000,-0.000001628510
2.414062500000,0.187500000000,-0.000001880871
2.414062500000,0.210937500000,-0.000002145315
2.414062500000,0.234375000000,-0.000002422733
2.414062500000,0.257812500000,-0.000002713868
2.414062500000,0.281250000000,-0.000003019308
2.414062500000,0.304687500000,-0.000003339472
2.414062500000,0.328125000000,-0.000003674613
2.414062500000,0.351562500000,-0.000004024800
2.414062500000,0.375000000000,-0.000004389927
2.414062500000,0.398437500000,-0.000004769697
2.414062500000,0.421875000000,-0.000005163629
2.414062500000,0.445312500000,-0.000005571051
2.414062500000,0.468750000000,-0.000005991107
2.414062500000,0.492187500000,-0.000006422755
2.414062500000,0.515625000000,-0.000006864768
2.414062500000,0.539062500000,-0.000007315745
2.414062500000,0.562500000000,-0.000007774111
2.414062500000,0.585937500000,-0.000008238127
2.414062500000,0.609375000000,-0.000008705900
2.414062500000,0.632812500000,-0.000009175383
2.414062500000,0.656250000000,-0.000009644401
2.414062500000,0.679687500000,-0.000010110647
2.414062500000,0.703125000000,-0.000010571704
2.414062500000,0.726562500000,-0.000011025056
2.414062500000,0.750000000000,-0.000011468100
2.414062500000,0.773437500000,-0.000011898166
2.414062500000,0.796875000000,-0.000012312525
2.414062500000,0.820312500000,-0.000012708414
2.414062500000,0.843750000000,-0.000013083045
2.414062500000,0.867187500000,-0.000013433625
2.414062500000,0.890625000000,-0.000013757377
2.414062500000,0.914062500000,-0.000014051549
2.414062500000,0.937500000000,-0.000014313440
2.414062500000,0.960937500000,-0.000014540412
2.414062500000,0.984375000000,-0.000014729911
2.414062500000,1.007812500000,-0.000014879480
2.414062500000,1.031250000000,-0.000014986780
2.414062500000,1.054687500000,-0.000015049605
2.414062500000,1.078125000000,-0.000015065895
2.414062500000,1.101562500000,-0.000015033757
2.414062500000,1.125000000000,-0.000014951474
2.414062500000,1.148437500000,-0.000014817521
2.414062500000,1.171875000000,-0.000014630578
2.414062500000,1.195312500000,-0.000014389542
2.414062500000,1.218750000000,-0.000014093536
2.414062500000,1.242187500000,-0.000013741922
2.414062500000,1.265625000000,-0.000013334304
2.414062500000,1.289062500000,-0.000012870544
2.414062500000,1.312500000000,-0.000012350760
2.414062500000,1.335937500000,-0.000011775330
2.414062500000,1.359375000000,-0.000011144906
2.414062500000,1.382812500000,-0.000010460403
2.414062500000,1.406250000000,-0.000009723008
2.414062500000,1.429687500000,-0.000008934173
2.414062500000,1.453125000000,-0.000008095622
2.414062500000,1.476562500000,-0.000007209337
2.414062500000,1.500000000000,-0.000006277557
2.414062500000,1.523437500000,-0.000005302776
2.414062500000,1.546875000000,-0.000004287725
2.414062500000,1.570312500000,-0.000003235371
2.414062500000,1.593750000000,-0.000002148902
2.414062500000,1.617187500000,-0.000001031725
2.414062500000,1.640625000000,0.000000112566
2.414062500000,1.664062500000,0.000001280185
2.414062500000,1.687500000000,0.000002467181
2.414062500000,1.710937500000,0.000003669448
2.414062500000,1.734375000000,0.000004882749
2.414062500000,1.757812500000,0.000006102725
2.414062500000,1.781250000000,0.000007324918
2.414062500000,1.804687500000,0.000008544794
2.414062500000,1.828125000000,0.000009757759
2.414062500000,1.851562500000,0.000010959175
2.414062500000,1.875000000000,0.000012144393
2.414062500000,1.898437500000,0.000013308761
2.414062500000,1.921875000000,0.000014447654
2.414062500000,1.945312500000,0.000015556491
2.414062500000,1.968750000000,0.000016630756
2.414062500000,1.992187500000,0.000017666023
2.414062500000,2.015625000000,0.000018657972
2.414062500000,2.039062500000,0.000019602411
2.414062500000,2.062500000000,0.000020495298
2.414062500000,2.085937500000,0.000021332756
2.414062500000,2.109375000000,0.000022111097
2.414062500000,2.132812500000,0.000022826833
2.414062500000,2.156250000000,0.000023476701
2.414062500000,2.179687500000,0.000024057671
2.414062500000,2.203125000000,0.000024566968
2.414062500000,2.226562500000,0.000025002080
2.414062500000,2.250000000000,0.000025360775
2.414062500000,2.273437500000,0.000025641112
2.414062500000,2.296875000000,0.000025841446
2.414062500000,2.320312500000,0.000025960446
2.414062500000,2.343750000000,0.000025997092
2.414062500000,2.367187500000,0.000025950689
2.414062500000,2.390625000000,0.000025820870
2.414062500000,2.414062500000,0.000025607594
2.414062500000,2.437500000000,0.000025311151
2.414062500000,2.460937500000,0.000024932167
2.414062500000,2.484375000000,0.000024471591
2.414062500000,2.507812500000,0.000023930705
2.414062500000,2.531250000000,0.000023311105
2.414062500000,2.554687500000,0.000022614709
2.414062500000,2.578125000000,0.000021843743
2.414062500000,2.601562500000,0.000021000729
2.414062500000,2.625000000000,0.000020088475
2.414062500000,2.648437500000,0.000019110076
2.414062500000,2.671875000000,0.000018068883
2.414062500000,2.695312500000,0.000016968504
2.414062500000,2.718750000000,0.000015812773
2.414062500000,2.742187500000,0.000014605752
2.414062500000,2.765625000000,0.000013351701
2.414062500000,2.789062500000,0.000012055063
2.414062500000,2.812500000000,0.000010720446
2.414062500000,2.835937500000,0.000009352602
2.414062500000,2.859375000000,0.000007956411
2.414062500000,2.882812500000,0.000006536851
2.414062500000,2.906250000000,0.000005098987
2.414062500000,2.929687500000,0.000003647944
2.414062500000,2.953125000000,0.000002188886
2.414062500000,2.976562500000,0.000000726993
2.414062500000,3.000000000000,0.000000000000
2.437500000000,0.000000000000,0.000000000000
2.437500000000,0.023437500000,-0.000000308920
2.437500000000,0.046875000000,-0.000000518347
2.437500000000,0.070312500000,-0.000000731899
2.437500000000,0.093750000000,-0.000000951058
2.437500000000,0.117187500000,-0.000001177233
2.437500000000,0.140625000000,-0.000001411752
2.437500000000,0.164062500000,-0.000001655839
2.437500000000,0.187500000000,-0.000001910610
2.437500000000,0.210937500000,-0.000002177057
2.437500000000,0.234375000000,-0.000002456036
2.437500000000,0.257812500000,-0.000002748260
2.437500000000,0.281250000000,-0.000003054288
2.437500000000,0.304687500000,-0.000003374520
2.437500000000,0.328125000000,-0.000003709185
2.437500000000,0.351562500000,-0.000004058340
2.437500000000,0.375000000000,-0.000004421864
2.437500000000,0.398437500000,-0.000004799453
2.437500000000,0.421875000000,-0.000005190622
2.437500000000,0.445312500000,-0.000005594702
2.437500000000,0.468750000000,-0.000006010840
2.437500000000,0.492187500000,-0.000006438000
2.437500000000,0.515625000000,-0.000006874974
2.437500000000,0.539062500000,-0.000007320375
2.437500000000,0.562500000000,-0.000007772650
2.437500000000,0.585937500000,-0.000008230084
2.437500000000,0.609375000000,-0.000008690815
2.437500000000,0.632812500000,-0.000009152828
2.437500000000,0.656250000000,-0.000009613982
2.437500000000,0.679687500000,-0.000010072012
2.437500000000,0.703125000000,-0.000010524542
2.437500000000,0.726562500000,-0.000010969103
2.437500000000,0.750000000000,-0.000011403138
2.437500000000,0.773437500000,-0.000011824029
2.437500000000,0.796875000000,-0.000012229096
2.437500000000,0.820312500000,-0.000012615633
2.437500000000,0.843750000000,-0.000012980906
2.437500000000,0.867187500000,-0.000013322179
2.437500000000,0.890625000000,-0.000013636730
2.437500000000,0.914062500000,-0.000013921866
2.437500000000,0.937500000000,-0.000014174944
2.437500000000,0.960937500000,-0.000014393384
2.437500000000,0.984375000000,-0.000014574686
2.437500000000,1.007812500000,-0.000014716452
2.437500000000,1.031250000000,-0.000014816396
2.437500000000,1.054687500000,-0.000014872365
2.437500000000,1.078125000000,-0.000014882351
2.437500000000,1.101562500000,-0.000014844510
2.437500000000,1.125000000000,-0.000014757170
2.437500000000,1.148437500000,-0.000014618850
2.437500000000,1.171875000000,-0.000014428274
2.437500000000,1.195312500000,-0.000014184371
2.437500000000,1.218750000000,-0.000013886300
2.437500000000,1.242187500000,-0.000013533455
2.437500000000,1.265625000000,-0.000013125466
2.437500000000,1.289062500000,-0.000012662212
2.437500000000,1.312500000000,-0.000012143831
2.437500000000,1.335937500000,-0.000011570717
2.437500000000,1.359375000000,-0.000010943528
2.437500000000,1.382812500000,-0.000010263180
2.437500000000,1.406250000000,-0.000009530863
2.437500000000,1.429687500000,-0.000008748024
2.437500000000,1.453125000000,-0.000007916373
2.437500000000,1.476562500000,-0.000007037878
2.437500000000,1.500000000000,-0.000006114759
2.437500000000,1.523437500000,-0.000005149484
2.437500000000,1.546875000000,-0.000004144754
2.437500000000,1.570312500000,-0.000003103506
2.437500000000,1.593750000000,-0.000002028890
2.437500000000,1.617187500000,-0.000000924263
2.437500000000,1.640625000000,0.000000206818
2.437500000000,1.664062500000,0.000001360622
2.437500000000,1.687500000000,0.000002533249
2.437500000000,1.710937500000,0.000003720654
2.437500000000,1.734375000000,0.000004918655
2.437500000000,1.757812500000,0.000006122955
2.437500000000,1.781250000000,0.000007329167
2.437500000000,1.804687500000,0.000008532819
2.437500000000,1.828125000000,0.000009729384
2.437500000000,1.851562500000,0.000010914302
2.437500000000,1.875000000000,0.000012082991
2.437500000000,1.898437500000,0.000013230871
2.437500000000,1.921875000000,0.000014353391
2.437500000000,1.945312500000,0.000015446042
2.437500000000,1.968750000000,0.000016504382
2.437500000000,1.992187500000,0.000017524056
2.437500000000,2.015625000000,0.000018500815
2.437500000000,2.039062500000,0.000019430537
2.437500000000,2.062500000000,0.000020309247
2.437500000000,2.085937500000,0.000021133136
2.437500000000,2.109375000000,0.000021898576
2.437500000000,2.132812500000,0.000022602144
2.437500000000,2.156250000000,0.000023240631
2.437500000000,2.179687500000,0.000023811065
2.437500000000,2.203125000000,0.000024310718
2.437500000000,2.226562500000,0.000024737130
2.437500000000,2.250000000000,0.000025088109
2.437500000000,2.273437500000,0.000025361752
2.437500000000,2.296875000000,0.000025556451
2.437500000000,2.320312500000,0.000025670901
2.437500000000,2.343750000000,0.000025704112
2.437500000000,2.367187500000,0.000025655406
2.437500000000,2.390625000000,0.000025524428
2.437500000000,2.414062500000,0.000025311152
2.437500000000,2.437500000000,0.000025015869
2.437500000000,2.460937500000,0.000024639204
2.437500000000,2.484375000000,0.000024182105
2.437500000000,2.507812500000,0.000023645837
2.437500000000,2.531250000000,0.000023031984
2.437500000000,2.554687500000,0.000022342442
2.437500000000,2.578125000000,0.000021579403
2.437500000000,2.601562500000,0.000020745367
2.437500000000,2.625000000000,0.000019843106
2.437500000000,2.648437500000,0.000018875670
2.437500000000,2.671875000000,0.000017846369
2.437500000000,2.695312500000,0.000016758756
2.437500000000,2.718750000000,0.000015616620
2.437500000000,2.742187500000,0.000014423963
2.437500000000,2.765625000000,0.000013184984
2.437500000000,2.789062500000,0.000011904064
2.437500000000,2.812500000000,0.000010585746
2.437500000000,2.835937500000,0.000009234712
2.437500000000,2.859375000000,0.000007855771
2.437500000000,2.882812500000,0.000006453834
2.437500000000,2.906250000000,0.000005033886
2.437500000000,2.929687500000,0.000003600980
2.437500000000,2.953125000000,0.000002160204
2.437500000000,2.976562500000,0.000000716661
2.437500000000,3.000000000000,0.000000000000
2.460937500000,0.000000000000,0.000000000000
2.460937500000,0.023437500000,-0.000000313548
2.460937500000,0.046875000000,-0.000000525728
2.460937500000,0.070312500000,-0.000000741875
2.460937500000,0.093750000000,-0.000000963421
2.460937500000,0.117187500000,-0.000001191729
2.460937500000,0.140625000000,-0.000001428078
2.460937500000,0.164062500000,-0.000001673652
2.460937500000,0.187500000000,-0.000001929524
2.460937500000,0.210937500000,-0.000002196651
2.460937500000,0.234375000000,-0.000002475852
2.460937500000,0.257812500000,-0.000002767811
2.460937500000,0.281250000000,-0.000003073062
2.460937500000,0.304687500000,-0.000003391977
2.460937500000,0.328125000000,-0.000003724769
2.460937500000,0.351562500000,-0.000004071481
2.460937500000,0.375000000000,-0.000004431980
2.460937500000,0.398437500000,-0.000004805958
2.460937500000,0.421875000000,-0.000005192928
2.460937500000,0.445312500000,-0.000005592223
2.460937500000,0.468750000000,-0.000006002998
2.460937500000,0.492187500000,-0.000006424234
2.460937500000,0.515625000000,-0.000006854735
2.460937500000,0.539062500000,-0.000007293138
2.460937500000,0.562500000000,-0.000007737915
2.460937500000,0.585937500000,-0.000008187384
2.460937500000,0.609375000000,-0.000008639713
2.460937500000,0.632812500000,-0.000009092929
2.460937500000,0.656250000000,-0.000009544933
2.460937500000,0.679687500000,-0.000009993504
2.460937500000,0.703125000000,-0.000010436316
2.460937500000,0.726562500000,-0.000010870952
2.460937500000,0.750000000000,-0.000011294908
2.460937500000,0.773437500000,-0.000011705622
2.460937500000,0.796875000000,-0.000012100480
2.460937500000,0.820312500000,-0.000012476828
2.460937500000,0.843750000000,-0.000012831998
2.460937500000,0.867187500000,-0.000013163317
2.460937500000,0.890625000000,-0.000013468127
2.460937500000,0.914062500000,-0.000013743800
2.460937500000,0.937500000000,-0.000013987755
2.460937500000,0.960937500000,-0.000014197475
2.460937500000,0.984375000000,-0.000014370525
2.460937500000,1.007812500000,-0.000014504565
2.460937500000,1.031250000000,-0.000014597371
2.460937500000,1.054687500000,-0.000014646848
2.460937500000,1.078125000000,-0.000014651042
2.460937500000,1.101562500000,-0.000014608160
2.460937500000,1.125000000000,-0.000014516584
2.460937500000,1.148437500000,-0.000014374876
2.460937500000,1.171875000000,-0.000014181802
2.460937500000,1.195312500000,-0.000013936332
2.460937500000,1.218750000000,-0.000013637661
2.460937500000,1.242187500000,-0.000013285203
2.460937500000,1.265625000000,-0.000012878625
2.460937500000,1.289062500000,-0.000012417822
2.460937500000,1.312500000000,-0.000011902946
2.460937500000,1.335937500000,-0.000011334403
2.460937500000,1.359375000000,-0.000010712852
2.460937500000,1.382812500000,-0.000010039215
2.460937500000,1.406250000000,-0.000009314672
2.460937500000,1.429687500000,-0.000008540659
2.460937500000,1.453125000000,-0.000007718869
2.460937500000,1.476562500000,-0.000006851250
2.460937500000,1.500000000000,-0.000005939990
2.460937500000,1.523437500000,-0.000004987526
2.460937500000,1.546875000000,-0.000003996522
2.460937500000,1.570312500000,-0.000002969870
2.460937500000,1.593750000000,-0.000001910671
2.460937500000,1.617187500000,-0.000000822233
2.460937500000,1.640625000000,0.000000291949
2.460937500000,1.664062500000,0.000001428202
2.460937500000,1.687500000000,0.000002582695
2.460937500000,1.710937500000,0.000003751447
2.460937500000,1.734375000000,0.000004930351
2.460937500000,1.757812500000,0.000006115191
2.460937500000,1.781250000000,0.000007301648
2.460937500000,1.804687500000,0.000008485337
2.460937500000,1.828125000000,0.000009661813
2.460937500000,1.851562500000,0.000010826599
2.460937500000,1.875000000000,0.000011975196
2.460937500000,1.898437500000,0.000013103113
2.460937500000,1.921875000000,0.000014205881
2.460937500000,1.945312500000,0.000015279081
2.460937500000,1.968750000000,0.000016318354
2.460937500000,1.992187500000,0.000017319429
2.460937500000,2.015625000000,0.000018278141
2.460937500000,2.039062500000,0.000019190449
2.460937500000,2.062500000000,0.000020052458
2.460937500000,2.085937500000,0.000020860432
2.460937500000,2.109375000000,0.000021610821
2.460937500000,2.132812500000,0.000022300268
2.460937500000,2.156250000000,0.000022925634
2.460937500000,2.179687500000,0.000023484007
2.460937500000,2.203125000000,0.000023972719
2.460937500000,2.226562500000,0.000024389362
2.460937500000,2.250000000000,0.000024731794
2.460937500000,2.273437500000,0.000024998155
2.460937500000,2.296875000000,0.000025186875
2.460937500000,2.320312500000,0.000025296683
2.460937500000,2.343750000000,0.000025326612
2.460937500000,2.367187500000,0.000025276011
2.460937500000,2.390625000000,0.000025144534
2.460937500000,2.414062500000,0.000024932167
2.460937500000,2.437500000000,0.000024639206
2.460937500000,2.460937500000,0.000024266270
2.460937500000,2.484375000000,0.000023814296
2.460937500000,2.507812500000,0.000023284537
2.460937500000,2.531250000000,0.000022678552
2.460937500000,2.554687500000,0.000021998211
2.460937500000,2.578125000000,0.000021245677
2.460937500000,2.601562500000,0.000020423404
2.460937500000,2.625000000000,0.000019534122
2.460937500000,2.648437500000,0.000018580831
2.460937500000,2.671875000000,0.000017566787
2.460937500000,2.695312500000,0.000016495482
2.460937500000,2.718750000000,0.000015370640
2.460937500000,2.742187500000,0.000014196197
2.460937500000,2.765625000000,0.000012976275
2.460937500000,2.789062500000,0.000011715182
2.460937500000,2.812500000000,0.000010417382
2.460937500000,2.835937500000,0.000009087473
2.460937500000,2.859375000000,0.000007730181
2.460937500000,2.882812500000,0.000006350326
2.460937500000,2.906250000000,0.000004952809
2.460937500000,2.929687500000,0.000003542591
2.460937500000,2.953125000000,0.000002124667
2.460937500000,2.976562500000,0.000000704052
2.460937500000,3.000000000000,0.000000000000
2.484375000000,0.000000000000,0.000000000000
2.484375000000,0.023437500000,-0.000000316285
2.484375000000,0.046875000000,-0.000000529958
2.484375000000,0.070312500000,-0.000000747434
2.484375000000,0.093750000000,-0.000000970096
2.484375000000,0.117187500000,-0.000001199256
2.484375000000,0.140625000000,-0.000001436149
2.484375000000,0.164062500000,-0.000001681910
2.484375000000,0.187500000000,-0.000001937573
2.484375000000,0.210937500000,-0.000002204054
2.484375000000,0.234375000000,-0.000002482141
2.484375000000,0.257812500000,-0.000002772485
2.484375000000,0.281250000000,-0.000003075590
2.484375000000,0.304687500000,-0.000003391812
2.484375000000,0.328125000000,-0.000003721341
2.484375000000,0.351562500000,-0.000004064207
2.484375000000,0.375000000000,-0.000004420268
2.484375000000,0.398437500000,-0.000004789214
2.484375000000,0.421875000000,-0.000005170556
2.484375000000,0.445312500000,-0.000005563639
2.484375000000,0.468750000000,-0.000005967624
2.484375000000,0.492187500000,-0.000006381509
2.484375000000,0.515625000000,-0.000006804121
2.484375000000,0.539062500000,-0.000007234121
2.484375000000,0.562500000000,-0.000007670015
2.484375000000,0.585937500000,-0.000008110154
2.484375000000,0.609375000000,-0.000008552744
2.484375000000,0.632812500000,-0.000008995861
2.484375000000,0.656250000000,-0.000009437447
2.484375000000,0.679687500000,-0.000009875340
2.484375000000,0.703125000000,-0.000010307267
2.484375000000,0.726562500000,-0.000010730866
2.484375000000,0.750000000000,-0.000011143700
2.484375000000,0.773437500000,-0.000011543266
2.484375000000,0.796875000000,-0.000011927016
2.484375000000,0.820312500000,-0.000012292365
2.484375000000,0.843750000000,-0.000012636714
2.484375000000,0.867187500000,-0.000012957459
2.484375000000,0.890625000000,-0.000013252014
2.484375000000,0.914062500000,-0.000013517818
2.484375000000,0.937500000000,-0.000013752361
2.484375000000,0.960937500000,-0.000013953196
2.484375000000,0.984375000000,-0.000014117956
2.484375000000,1.007812500000,-0.000014244369
2.484375000000,1.031250000000,-0.000014330274
2.484375000000,1.054687500000,-0.000014373636
2.484375000000,1.078125000000,-0.000014372564
2.484375000000,1.101562500000,-0.000014325320
2.484375000000,1.125000000000,-0.000014230336
2.484375000000,1.148437500000,-0.000014086226
2.484375000000,1.171875000000,-0.000013891797
2.484375000000,1.195312500000,-0.000013646062
2.484375000000,1.218750000000,-0.000013348247
2.484375000000,1.242187500000,-0.000012997805
2.484375000000,1.265625000000,-0.000012594413
2.484375000000,1.289062500000,-0.000012137998
2.484375000000,1.312500000000,-0.000011628718
2.484375000000,1.335937500000,-0.000011066987
2.484375000000,1.359375000000,-0.000010453470
2.484375000000,1.382812500000,-0.000009789079
2.484375000000,1.406250000000,-0.000009074983
2.484375000000,1.429687500000,-0.000008312606
2.484375000000,1.453125000000,-0.000007503614
2.484375000000,1.476562500000,-0.000006649923
2.484375000000,1.500000000000,-0.000005753693
2.484375000000,1.523437500000,-0.000004817313
2.484375000000,1.546875000000,-0.000003843402
2.484375000000,1.570312500000,-0.000002834799
2.484375000000,1.593750000000,-0.000001794548
2.484375000000,1.617187500000,-0.000000725893
2.484375000000,1.640625000000,0.000000367740
2.484375000000,1.664062500000,0.000001482751
2.484375000000,1.687500000000,0.000002615386
2.484375000000,1.710937500000,0.000003761748
2.484375000000,1.734375000000,0.000004917810
2.484375000000,1.757812500000,0.000006079446
2.484375000000,1.781250000000,0.000007242430
2.484375000000,1.804687500000,0.000008402470
2.484375000000,1.828125000000,0.000009555216
2.484375000000,1.851562500000,0.000010696285
2.484375000000,1.875000000000,0.000011821279
2.484375000000,1.898437500000,0.000012925806
2.484375000000,1.921875000000,0.000014005497
2.484375000000,1.945312500000,0.000015056028
2.484375000000,1.968750000000,0.000016073140
2.484375000000,1.992187500000,0.000017052658
2.484375000000,2.015625000000,0.000017990512
2.484375000000,2.039062500000,0.000018882754
2.484375000000,2.062500000000,0.000019725576
2.484375000000,2.085937500000,0.000020515333
2.484375000000,2.109375000000,0.000021248556
2.484375000000,2.132812500000,0.000021921967
2.484375000000,2.156250000000,0.000022532503
2.484375000000,2.179687500000,0.000023077321
2.484375000000,2.203125000000,0.000023553821
2.484375000000,2.226562500000,0.000023959652
2.484375000000,2.250000000000,0.000024292727
2.484375000000,2.273437500000,0.000024551236
2.484375000000,2.296875000000,0.000024733647
2.484375000000,2.320312500000,0.000024838729
2.484375000000,2.343750000000,0.000024865541
2.484375000000,2.367187500000,0.000024813453
2.484375000000,2.390625000000,0.000024682140
2.484375000000,2.414062500000,0.000024471590
2.484375000000,2.437500000000,0.000024182106
2.484375000000,2.460937500000,0.000023814296
2.484375000000,2.484375000000,0.000023369087
2.484375000000,2.507812500000,0.000022847708
2.484375000000,2.531250000000,0.000022251698
2.484375000000,2.554687500000,0.000021582888
2.484375000000,2.578125000000,0.000020843402
2.484375000000,2.601562500000,0.000020035645
2.484375000000,2.625000000000,0.000019162300
2.484375000000,2.648437500000,0.000018226300
2.484375000000,2.671875000000,0.000017230839
2.484375000000,2.695312500000,0.000016179341
2.484375000000,2.718750000000,0.000015075451
2.484375000000,2.742187500000,0.000013923023
2.484375000000,2.765625000000,0.000012726100
2.484375000000,2.789062500000,0.000011488895
2.484375000000,2.812500000000,0.000010215778
2.484375000000,2.835937500000,0.000008911258
2.484375000000,2.859375000000,0.000007579954
2.484375000000,2.882812500000,0.000006226589
2.484375000000,2.906250000000,0.000004855961
2.484375000000,2.929687500000,0.000003472923
2.484375000000,2.953125000000,0.000002082367
2.484375000000,2.976562500000,0.000000689201
2.484375000000,3.000000000000,0.000000000000
2.507812500000,0.000000000000,0.000000000000
2.507812500000,0.023437500000,-0.000000317132
2.507812500000,0.046875000000,-0.000000531035
2.507812500000,0.070312500000,-0.000000748577
2.507812500000,0.093750000000,-0.000000971085
2.507812500000,0.117187500000,-0.000001199822
2.507812500000,0.140625000000,-0.000001435972
2.507812500000,0.164062500000,-0.000001680626
2.507812500000,0.187500000000,-0.000001934772
2.507812500000,0.210937500000,-0.000002199292
2.507812500000,0.234375000000,-0.000002474934
2.507812500000,0.257812500000,-0.000002762318
2.507812500000,0.281250000000,-0.000003061924
2.507812500000,0.304687500000,-0.000003374082
2.507812500000,0.328125000000,-0.000003698967
2.507812500000,0.351562500000,-0.000004036596
2.507812500000,0.375000000000,-0.000004386822
2.507812500000,0.398437500000,-0.000004749329
2.507812500000,0.421875000000,-0.000005123639
2.507812500000,0.445312500000,-0.000005509096
2.507812500000,0.468750000000,-0.000005904883
2.507812500000,0.492187500000,-0.000006310014
2.507812500000,0.515625000000,-0.000006723343
2.507812500000,0.539062500000,-0.000007143561
2.507812500000,0.562500000000,-0.000007569209
2.507812500000,0.585937500000,-0.000007998676
2.507812500000,0.609375000000,-0.000008430220
2.507812500000,0.632812500000,-0.000008861958
2.507812500000,0.656250000000,-0.000009291894
2.507812500000,0.679687500000,-0.000009717918
2.507812500000,0.703125000000,-0.000010137819
2.507812500000,0.726562500000,-0.000010549302
2.507812500000,0.750000000000,-0.000010949994
2.507812500000,0.773437500000,-0.000011337468
2.507812500000,0.796875000000,-0.000011709243
2.507812500000,0.820312500000,-0.000012062812
2.507812500000,0.843750000000,-0.000012395647
2.507812500000,0.867187500000,-0.000012705224
2.507812500000,0.890625000000,-0.000012989029
2.507812500000,0.914062500000,-0.000013244582
2.507812500000,0.937500000000,-0.000013469449
2.507812500000,0.960937500000,-0.000013661256
2.507812500000,0.984375000000,-0.000013817709
2.507812500000,1.007812500000,-0.000013936609
2.507812500000,1.031250000000,-0.000014015862
2.507812500000,1.054687500000,-0.000014053502
2.507812500000,1.078125000000,-0.000014047700
2.507812500000,1.101562500000,-0.000013996777
2.507812500000,1.125000000000,-0.000013899220
2.507812500000,1.148437500000,-0.000013753696
2.507812500000,1.171875000000,-0.000013559056
2.507812500000,1.195312500000,-0.000013314353
2.507812500000,1.218750000000,-0.000013018853
2.507812500000,1.242187500000,-0.000012672033
2.507812500000,1.265625000000,-0.000012273598
2.507812500000,1.289062500000,-0.000011823488
2.507812500000,1.312500000000,-0.000011321876
2.507812500000,1.335937500000,-0.000010769181
2.507812500000,1.359375000000,-0.000010166061
2.507812500000,1.382812500000,-0.000009513424
2.507812500000,1.406250000000,-0.000008812422
2.507812500000,1.429687500000,-0.000008064452
2.507812500000,1.453125000000,-0.000007271156
2.507812500000,1.476562500000,-0.000006434411
2.507812500000,1.500000000000,-0.000005556333
2.507812500000,1.523437500000,-0.000004639264
2.507812500000,1.546875000000,-0.000003685767
2.507812500000,1.570312500000,-0.000002698615
2.507812500000,1.593750000000,-0.000001680788
2.507812500000,1.617187500000,-0.000000635453
2.507812500000,1.640625000000,0.000000434040
2.507812500000,1.664062500000,0.000001524178
2.507812500000,1.687500000000,0.000002631295
2.507812500000,1.710937500000,0.000003751585
2.507812500000,1.734375000000,0.000004881124
2.507812500000,1.757812500000,0.000006015880
2.507812500000,1.781250000000,0.000007151735
2.507812500000,1.804687500000,0.000008284501
2.507812500000,1.828125000000,0.000009409940
2.507812500000,1.851562500000,0.000010523773
2.507812500000,1.875000000000,0.000011621719
2.507812500000,1.898437500000,0.000012699493
2.507812500000,1.921875000000,0.000013752841
2.507812500000,1.945312500000,0.000014777547
2.507812500000,1.968750000000,0.000015769463
2.507812500000,1.992187500000,0.000016724524
2.507812500000,2.015625000000,0.000017638764
2.507812500000,2.039062500000,0.000018508339
2.507812500000,2.062500000000,0.000019329543
2.507812500000,2.085937500000,0.000020098827
2.507812500000,2.109375000000,0.000020812813
2.507812500000,2.132812500000,0.000021468316
2.507812500000,2.156250000000,0.000022062352
2.507812500000,2.179687500000,0.000022592157
2.507812500000,2.203125000000,0.000023055204
2.507812500000,2.226562500000,0.000023449208
2.507812500000,2.250000000000,0.000023772141
2.507812500000,2.273437500000,0.000024022244
2.507812500000,2.296875000000,0.000024198036
2.507812500000,2.320312500000,0.000024298316
2.507812500000,2.343750000000,0.000024322183
2.507812500000,2.367187500000,0.000024269025
2.507812500000,2.390625000000,0.000024138533
2.507812500000,2.414062500000,0.000023930704
2.507812500000,2.437500000000,0.000023645837
2.507812500000,2.460937500000,0.000023284537
2.507812500000,2.484375000000,0.000022847708
2.507812500000,2.507812500000,0.000022336562
2.507812500000,2.531250000000,0.000021752601
2.507812500000,2.554687500000,0.000021097616
2.507812500000,2.578125000000,0.000020373686
2.507812500000,2.601562500000,0.000019583162
2.507812500000,2.625000000000,0.000018728659
2.507812500000,2.648437500000,0.000017813051
2.507812500000,2.671875000000,0.000016839451
2.507812500000,2.695312500000,0.000015811202
2.507812500000,2.718750000000,0.000014731863
2.507812500000,2.742187500000,0.000013605196
2.507812500000,2.765625000000,0.000012435145
2.507812500000,2.789062500000,0.000011225821
2.507812500000,2.812500000000,0.000009981490
2.507812500000,2.835937500000,0.000008706548
2.507812500000,2.859375000000,0.000007405504
2.507812500000,2.882812500000,0.000006082964
2.507812500000,2.906250000000,0.000004743607
2.507812500000,2.929687500000,0.000003392169
2.507812500000,2.953125000000,0.000002033420
2.507812500000,2.976562500000,0.000000672148
2.507812500000,3.000000000000,0.000000000000
2.531250000000,0.000000000000,0.000000000000
2.531250000000,0.023437500000,-0.000000316097
2.531250000000,0.046875000000,-0.000000528976
2.531250000000,0.070312500000,-0.000000745327
2.531250000000,0.093750000000,-0.000000966420
2.531250000000,0.117187500000,-0.000001193467
2.531250000000,0.140625000000,-0.000001427598
2.531250000000,0.164062500000,-0.000001669859
2.531250000000,0.187500000000,-0.000001921197
2.531250000000,0.210937500000,-0.000002182447
2.531250000000,0.234375000000,-0.000002454326
2.531250000000,0.257812500000,-0.000002737422
2.531250000000,0.281250000000,-0.000003032188
2.531250000000,0.304687500000,-0.000003338932
2.531250000000,0.328125000000,-0.000003657812
2.531250000000,0.351562500000,-0.000003988836
2.531250000000,0.375000000000,-0.000004331848
2.531250000000,0.398437500000,-0.000004686535
2.531250000000,0.421875000000,-0.000005052424
2.531250000000,0.445312500000,-0.000005428870
2.531250000000,0.468750000000,-0.000005815077
2.531250000000,0.492187500000,-0.000006210078
2.531250000000,0.515625000000,-0.000006612758
2.531250000000,0.539062500000,-0.000007021841
2.531250000000,0.562500000000,-0.000007435910
2.531250000000,0.585937500000,-0.000007853400
2.531250000000,0.609375000000,-0.000008272615
2.531250000000,0.632812500000,-0.000008691732
2.531250000000,0.656250000000,-0.000009108810
2.531250000000,0.679687500000,-0.000009521805
2.531250000000,0.703125000000,-0.000009928574
2.531250000000,0.726562500000,-0.000010326891
2.531250000000,0.750000000000,-0.000010714459
2.531250000000,0.773437500000,-0.000011088924
2.531250000000,0.796875000000,-0.000011447889
2.531250000000,0.820312500000,-0.000011788921
2.531250000000,0.843750000000,-0.000012109579
2.531250000000,0.867187500000,-0.000012407419
2.531250000000,0.890625000000,-0.000012680011
2.531250000000,0.914062500000,-0.000012924957
2.531250000000,0.937500000000,-0.000013139902
2.531250000000,0.960937500000,-0.000013322556
2.531250000000,0.984375000000,-0.000013470702
2.531250000000,1.007812500000,-0.000013582217
2.531250000000,1.031250000000,-0.000013655083
2.531250000000,1.054687500000,-0.000013687402
2.531250000000,1.078125000000,-0.000013677413
2.531250000000,1.101562500000,-0.000013623499
2.531250000000,1.125000000000,-0.000013524205
2.531250000000,1.148437500000,-0.000013378251
2.531250000000,1.171875000000,-0.000013184536
2.531250000000,1.195312500000,-0.000012942158
2.531250000000,1.218750000000,-0.000012650410
2.531250000000,1.242187500000,-0.000012308806
2.531250000000,1.265625000000,-0.000011917074
2.531250000000,1.289062500000,-0.000011475166
2.531250000000,1.312500000000,-0.000010983267
2.531250000000,1.335937500000,-0.000010441794
2.531250000000,1.359375000000,-0.000009851404
2.531250000000,1.382812500000,-0.000009212988
2.531250000000,1.406250000000,-0.000008527679
2.531250000000,1.429687500000,-0.000007796845
2.531250000000,1.453125000000,-0.000007022091
2.531250000000,1.476562500000,-0.000006205255
2.531250000000,1.500000000000,-0.000005348399
2.531250000000,1.523437500000,-0.000004453807
2.531250000000,1.546875000000,-0.000003523977
2.531250000000,1.570312500000,-0.000002561616
2.531250000000,1.593750000000,-0.000001569619
2.531250000000,1.617187500000,-0.000000551076
2.531250000000,1.640625000000,0.000000490759
2.531250000000,1.664062500000,0.000001552467
2.531250000000,1.687500000000,0.000002630479
2.531250000000,1.710937500000,0.000003721094
2.531250000000,1.734375000000,0.000004820503
2.531250000000,1.757812500000,0.000005924783
2.531250000000,1.781250000000,0.000007029931
2.531250000000,1.804687500000,0.000008131880
2.531250000000,1.828125000000,0.000009226508
2.531250000000,1.851562500000,0.000010309669
2.531250000000,1.875000000000,0.000011377195
2.531250000000,1.898437500000,0.000012424931
2.531250000000,1.921875000000,0.000013448742
2.531250000000,1.945312500000,0.000014444540
2.531250000000,1.968750000000,0.000015408298
2.531250000000,1.992187500000,0.000016336068
2.531250000000,2.015625000000,0.000017224004
2.531250000000,2.039062500000,0.000018068376
2.531250000000,2.062500000000,0.000018865588
2.531250000000,2.085937500000,0.000019612199
2.531250000000,2.109375000000,0.000020304933
2.531250000000,2.132812500000,0.000020940701
2.531250000000,2.156250000000,0.000021516611
2.531250000000,2.179687500000,0.000022029987
2.531250000000,2.203125000000,0.000022478376
2.531250000000,2.226562500000,0.000022859567
2.531250000000,2.250000000000,0.000023171597
2.531250000000,2.273437500000,0.000023412765
2.531250000000,2.296875000000,0.000023581639
2.531250000000,2.320312500000,0.000023677059
2.531250000000,2.343750000000,0.000023698155
2.531250000000,2.367187500000,0.000023644341
2.531250000000,2.390625000000,0.000023515325
2.531250000000,2.414062500000,0.000023311104
2.531250000000,2.437500000000,0.000023031984
2.531250000000,2.460937500000,0.000022678554
2.531250000000,2.484375000000,0.000022251697
2.531250000000,2.507812500000,0.000021752601
2.531250000000,2.531250000000,0.000021182725
2.531250000000,2.554687500000,0.000020543820
2.531250000000,2.578125000000,0.000019837907
2.531250000000,2.601562500000,0.000019067277
2.531250000000,2.625000000000,0.000018234474
2.531250000000,2.648437500000,0.000017342295
2.531250000000,2.671875000000,0.000016393766
2.531250000000,2.695312500000,0.000015392141
2.531250000000,2.718750000000,0.000014340878
2.531250000000,2.742187500000,0.000013243640
2.531250000000,2.765625000000,0.000012104256
2.531250000000,2.789062500000,0.000010926727
2.531250000000,2.812500000000,0.000009715198
2.531250000000,2.835937500000,0.000008473941
2.531250000000,2.859375000000,0.000007207339
2.531250000000,2.882812500000,0.000005919868
2.531250000000,2.906250000000,0.000004616076
2.531250000000,2.929687500000,0.000003300565
2.531250000000,2.953125000000,0.000001977971
2.531250000000,2.976562500000,0.000000652944
2.531250000000,3.000000000000,0.000000000000
2.554687500000,0.000000000000,0.000000000000
2.554687500000,0.023437500000,-0.000000313198
2.554687500000,0.046875000000,-0.000000523815
2.554687500000,0.070312500000,-0.000000737732
2.554687500000,0.093750000000,-0.000000956164
2.554687500000,0.117187500000,-0.000001180267
2.554687500000,0.140625000000,-0.000001411121
2.554687500000,0.164062500000,-0.000001649721
2.554687500000,0.187500000000,-0.000001896971
2.554687500000,0.210937500000,-0.000002153666
2.554687500000,0.234375000000,-0.000002420486
2.554687500000,0.257812500000,-0.000002697987
2.554687500000,0.281250000000,-0.000002986593
2.554687500000,0.304687500000,-0.000003286594
2.554687500000,0.328125000000,-0.000003598133
2.554687500000,0.351562500000,-0.000003921205
2.554687500000,0.375000000000,-0.000004255654
2.554687500000,0.398437500000,-0.000004601167
2.554687500000,0.421875000000,-0.000004957278
2.554687500000,0.445312500000,-0.000005323359
2.554687500000,0.468750000000,-0.000005698631
2.554687500000,0.492187500000,-0.000006082159
2.554687500000,0.515625000000,-0.000006472857
2.554687500000,0.539062500000,-0.000006869490
2.554687500000,0.562500000000,-0.000007270682
2.554687500000,0.585937500000,-0.000007674920
2.554687500000,0.609375000000,-0.000008080564
2.554687500000,0.632812500000,-0.000008485849
2.554687500000,0.656250000000,-0.000008888903
2.554687500000,0.679687500000,-0.000009287746
2.554687500000,0.703125000000,-0.000009680309
2.554687500000,0.726562500000,-0.000010064447
2.554687500000,0.750000000000,-0.000010437940
2.554687500000,0.773437500000,-0.000010798518
2.554687500000,0.796875000000,-0.000011143865
2.554687500000,0.820312500000,-0.000011471641
2.554687500000,0.843750000000,-0.000011779488
2.554687500000,0.867187500000,-0.000012065051
2.554687500000,0.890625000000,-0.000012325989
2.554687500000,0.914062500000,-0.000012559993
2.554687500000,0.937500000000,-0.000012764795
2.554687500000,0.960937500000,-0.000012938189
2.554687500000,0.984375000000,-0.000013078045
2.554687500000,1.007812500000,-0.000013182318
2.554687500000,1.031250000000,-0.000013249069
2.554687500000,1.054687500000,-0.000013276475
2.554687500000,1.078125000000,-0.000013262844
2.554687500000,1.101562500000,-0.000013206625
2.554687500000,1.125000000000,-0.000013106427
2.554687500000,1.148437500000,-0.000012961019
2.554687500000,1.171875000000,-0.000012769353
2.554687500000,1.195312500000,-0.000012530567
2.554687500000,1.218750000000,-0.000012243997
2.554687500000,1.242187500000,-0.000011909179
2.554687500000,1.265625000000,-0.000011525864
2.554687500000,1.289062500000,-0.000011094022
2.554687500000,1.312500000000,-0.000010613842
2.554687500000,1.335937500000,-0.000010085738
2.554687500000,1.359375000000,-0.000009510363
2.554687500000,1.382812500000,-0.000008888584
2.554687500000,1.406250000000,-0.000008221513
2.554687500000,1.429687500000,-0.000007510484
2.554687500000,1.453125000000,-0.000006757059
2.554687500000,1.476562500000,-0.000005963028
2.554687500000,1.500000000000,-0.000005130391
2.554687500000,1.523437500000,-0.000004261372
2.554687500000,1.546875000000,-0.000003358392
2.554687500000,1.570312500000,-0.000002424077
2.554687500000,1.593750000000,-0.000001461241
2.554687500000,1.617187500000,-0.000000472871
2.554687500000,1.640625000000,0.000000537872
2.554687500000,1.664062500000,0.000001567677
2.554687500000,1.687500000000,0.000002613086
2.554687500000,1.710937500000,0.000003670520
2.554687500000,1.734375000000,0.000004736281
2.554687500000,1.757812500000,0.000005806576
2.554687500000,1.781250000000,0.000006877533
2.554687500000,1.804687500000,0.000007945213
2.554687500000,1.828125000000,0.000009005626
2.554687500000,1.851562500000,0.000010054761
2.554687500000,1.875000000000,0.000011088588
2.554687500000,1.898437500000,0.000012103086
2.554687500000,1.921875000000,0.000013094258
2.554687500000,1.945312500000,0.000014058149
2.554687500000,1.968750000000,0.000014990865
2.554687500000,1.992187500000,0.000015888591
2.554687500000,2.015625000000,0.000016747608
2.554687500000,2.039062500000,0.000017564312
2.554687500000,2.062500000000,0.000018335228
2.554687500000,2.085937500000,0.000019057030
2.554687500000,2.109375000000,0.000019726555
2.554687500000,2.132812500000,0.000020340818
2.554687500000,2.156250000000,0.000020897027
2.554687500000,2.179687500000,0.000021392598
2.554687500000,2.203125000000,0.000021825165
2.554687500000,2.226562500000,0.000022192592
2.554687500000,2.250000000000,0.000022492989
2.554687500000,2.273437500000,0.000022724714
2.554687500000,2.296875000000,0.000022886386
2.554687500000,2.320312500000,0.000022976895
2.554687500000,2.343750000000,0.000022995400
2.554687500000,2.367187500000,0.000022941341
2.554687500000,2.390625000000,0.000022814443
2.554687500000,2.414062500000,0.000022614711
2.554687500000,2.437500000000,0.000022342441
2.554687500000,2.460937500000,0.000021998211
2.554687500000,2.484375000000,0.000021582888
2.554687500000,2.507812500000,0.000021097616
2.554687500000,2.531250000000,0.000020543820
2.554687500000,2.554687500000,0.000019923196
2.554687500000,2.578125000000,0.000019237704
2.554687500000,2.601562500000,0.000018489567
2.554687500000,2.625000000000,0.000017681250
2.554687500000,2.648437500000,0.000016815464
2.554687500000,2.671875000000,0.000015895139
2.554687500000,2.695312500000,0.000014923429
2.554687500000,2.718750000000,0.000013903689
2.554687500000,2.742187500000,0.000012839454
2.554687500000,2.765625000000,0.000011734442
2.554687500000,2.789062500000,0.000010592523
2.554687500000,2.812500000000,0.000009417710
2.554687500000,2.835937500000,0.000008214141
2.554687500000,2.859375000000,0.000006986059
2.554687500000,2.882812500000,0.000005737795
2.554687500000,2.906250000000,0.000004473754
2.554687500000,2.929687500000,0.000003198388
2.554687500000,2.953125000000,0.000001916186
2.554687500000,2.976562500000,0.000000631649
2.554687500000,3.000000000000,0.000000000000
2.578125000000,0.000000000000,0.000000000000
2.578125000000,0.023437500000,-0.000000308465
2.578125000000,0.046875000000,-0.000000515599
2.578125000000,0.070312500000,-0.000000725861
2.578125000000,0.093750000000,-0.000000940406
2.578125000000,0.117187500000,-0.000001160335
2.578125000000,0.140625000000,-0.000001386674
2.578125000000,0.164062500000,-0.000001620370
2.578125000000,0.187500000000,-0.000001862280
2.578125000000,0.210937500000,-0.000002113157
2.578125000000,0.234375000000,-0.000002373645
2.578125000000,0.257812500000,-0.000002644267
2.578125000000,0.281250000000,-0.000002925427
2.578125000000,0.304687500000,-0.000003217387
2.578125000000,0.328125000000,-0.000003520277
2.578125000000,0.351562500000,-0.000003834087
2.578125000000,0.375000000000,-0.000004158654
2.578125000000,0.398437500000,-0.000004493672
2.578125000000,0.421875000000,-0.000004838684
2.578125000000,0.445312500000,-0.000005193080
2.578125000000,0.468750000000,-0.000005556106
2.578125000000,0.492187500000,-0.000005926854
2.578125000000,0.515625000000,-0.000006304276
2.578125000000,0.539062500000,-0.000006687179
2.578125000000,0.562500000000,-0.000007074238
2.578125000000,0.585937500000,-0.000007463991
2.578125000000,0.609375000000,-0.000007854858
2.578125000000,0.632812500000,-0.000008245146
2.578125000000,0.656250000000,-0.000008633043
2.578125000000,0.679687500000,-0.000009016650
2.578125000000,0.703125000000,-0.000009393978
2.578125000000,0.726562500000,-0.000009762960
2.578125000000,0.750000000000,-0.000010121467
2.578125000000,0.773437500000,-0.000010467311
2.578125000000,0.796875000000,-0.000010798273
2.578125000000,0.820312500000,-0.000011112101
2.578125000000,0.843750000000,-0.000011406534
2.578125000000,0.867187500000,-0.000011679309
2.578125000000,0.890625000000,-0.000011928180
2.578125000000,0.914062500000,-0.000012150931
2.578125000000,0.937500000000,-0.000012345388
2.578125000000,0.960937500000,-0.000012509436
2.578125000000,0.984375000000,-0.000012641030
2.578125000000,1.007812500000,-0.000012738215
2.578125000000,1.031250000000,-0.000012799132
2.578125000000,1.054687500000,-0.000012822036
2.578125000000,1.078125000000,-0.000012805308
2.578125000000,1.101562500000,-0.000012747468
2.578125000000,1.125000000000,-0.000012647185
2.578125000000,1.148437500000,-0.000012503287
2.578125000000,1.171875000000,-0.000012314777
2.578125000000,1.195312500000,-0.000012080835
2.578125000000,1.218750000000,-0.000011800833
2.578125000000,1.242187500000,-0.000011474337
2.578125000000,1.265625000000,-0.000011101121
2.578125000000,1.289062500000,-0.000010681162
2.578125000000,1.312500000000,-0.000010214660
2.578125000000,1.335937500000,-0.000009702024
2.578125000000,1.359375000000,-0.000009143887
2.578125000000,1.382812500000,-0.000008541105
2.578125000000,1.406250000000,-0.000007894754
2.578125000000,1.429687500000,-0.000007206128
2.578125000000,1.453125000000,-0.000006476744
2.578125000000,1.476562500000,-0.000005708333
2.578125000000,1.500000000000,-0.000004902835
2.578125000000,1.523437500000,-0.000004062397
2.578125000000,1.546875000000,-0.000003189357
2.578125000000,1.570312500000,-0.000002286258
2.578125000000,1.593750000000,-0.000001355813
2.578125000000,1.617187500000,-0.000000400907
2.578125000000,1.640625000000,0.000000575412
2.578125000000,1.664062500000,0.000001569943
2.578125000000,1.687500000000,0.000002579358
2.578125000000,1.710937500000,0.000003600201
2.578125000000,1.734375000000,0.000004628906
2.578125000000,1.757812500000,0.000005661818
2.578125000000,1.781250000000,0.000006695203
2.578125000000,1.804687500000,0.000007725265
2.578125000000,1.828125000000,0.000008748162
2.578125000000,1.851562500000,0.000009760025
2.578125000000,1.875000000000,0.000010756975
2.578125000000,1.898437500000,0.000011735138
2.578125000000,1.921875000000,0.000012690663
2.578125000000,1.945312500000,0.000013619743
2.578125000000,1.968750000000,0.000014518627
2.578125000000,1.992187500000,0.000015383644
2.578125000000,2.015625000000,0.000016211213
2.578125000000,2.039062500000,0.000016997865
2.578125000000,2.062500000000,0.000017740256
2.578125000000,2.085937500000,0.000018435186
2.578125000000,2.109375000000,0.000019079610
2.578125000000,2.132812500000,0.000019670659
2.578125000000,2.156250000000,0.000020205647
2.578125000000,2.179687500000,0.000020682089
2.578125000000,2.203125000000,0.000021097711
2.578125000000,2.226562500000,0.000021450461
2.578125000000,2.250000000000,0.000021738522
2.578125000000,2.273437500000,0.000021960320
2.578125000000,2.296875000000,0.000022114527
2.578125000000,2.320312500000,0.000022200080
2.578125000000,2.343750000000,0.000022216177
2.578125000000,2.367187500000,0.000022162280
2.578125000000,2.390625000000,0.000022038132
2.578125000000,2.414062500000,0.000021843743
2.578125000000,2.437500000000,0.000021579403
2.578125000000,2.460937500000,0.000021245677
2.578125000000,2.484375000000,0.000020843402
2.578125000000,2.507812500000,0.000020373686
2.578125000000,2.531250000000,0.000019837908
2.578125000000,2.554687500000,0.000019237705
2.578125000000,2.578125000000,0.000018574973
2.578125000000,2.601562500000,0.000017851853
2.578125000000,2.625000000000,0.000017070731
2.578125000000,2.648437500000,0.000016234215
2.578125000000,2.671875000000,0.000015345142
2.578125000000,2.695312500000,0.000014406545
2.578125000000,2.718750000000,0.000013421661
2.578125000000,2.742187500000,0.000012393907
2.578125000000,2.765625000000,0.000011326859
2.578125000000,2.789062500000,0.000010224253
2.578125000000,2.812500000000,0.000009089958
2.578125000000,2.835937500000,0.000007927963
2.578125000000,2.859375000000,0.000006742357
2.578125000000,2.882812500000,0.000005537317
2.578125000000,2.906250000000,0.000004317086
2.578125000000,2.929687500000,0.000003085960
2.578125000000,2.953125000000,0.000001848261
2.578125000000,2.976562500000,0.000000608330
2.578125000000,3.000000000000,0.000000000000
2.601562500000,0.000000000000,0.000000000000
2.601562500000,0.023437500000,-0.000000301936
2.601562500000,0.046875000000,-0.000000504395
2.601562500000,0.070312500000,-0.000000709806
2.601562500000,0.093750000000,-0.000000919266
2.601562500000,0.117187500000,-0.000001133818
2.601562500000,0.140625000000,-0.000001354434
2.601562500000,0.164062500000,-0.000001582010
2.601562500000,0.187500000000,-0.000001817356
2.601562500000,0.210937500000,-0.000002061185
2.601562500000,0.234375000000,-0.000002314102
2.601562500000,0.257812500000,-0.000002576601
2.601562500000,0.281250000000,-0.000002849055
2.601562500000,0.304687500000,-0.000003131710
2.601562500000,0.328125000000,-0.000003424684
2.601562500000,0.351562500000,-0.000003727953
2.601562500000,0.375000000000,-0.000004041361
2.601562500000,0.398437500000,-0.000004364603
2.601562500000,0.421875000000,-0.000004697236
2.601562500000,0.445312500000,-0.000005038670
2.601562500000,0.468750000000,-0.000005388178
2.601562500000,0.492187500000,-0.000005744883
2.601562500000,0.515625000000,-0.000006107780
2.601562500000,0.539062500000,-0.000006475720
2.601562500000,0.562500000000,-0.000006847432
2.601562500000,0.585937500000,-0.000007221512
2.601562500000,0.609375000000,-0.000007596447
2.601562500000,0.632812500000,-0.000007970608
2.601562500000,0.656250000000,-0.000008342266
2.601562500000,0.679687500000,-0.000008709599
2.601562500000,0.703125000000,-0.000009070702
2.601562500000,0.726562500000,-0.000009423594
2.601562500000,0.750000000000,-0.000009766239
2.601562500000,0.773437500000,-0.000010096545
2.601562500000,0.796875000000,-0.000010412387
2.601562500000,0.820312500000,-0.000010711613
2.601562500000,0.843750000000,-0.000010992060
2.601562500000,0.867187500000,-0.000011251566
2.601562500000,0.890625000000,-0.000011487984
2.601562500000,0.914062500000,-0.000011699197
2.601562500000,0.937500000000,-0.000011883127
2.601562500000,0.960937500000,-0.000012037756
2.601562500000,0.984375000000,-0.000012161133
2.601562500000,1.007812500000,-0.000012251391
2.601562500000,1.031250000000,-0.000012306759
2.601562500000,1.054687500000,-0.000012325572
2.601562500000,1.078125000000,-0.000012306290
2.601562500000,1.101562500000,-0.000012247501
2.601562500000,1.125000000000,-0.000012147941
2.601562500000,1.148437500000,-0.000012006497
2.601562500000,1.171875000000,-0.000011822224
2.601562500000,1.195312500000,-0.000011594346
2.601562500000,1.218750000000,-0.000011322271
2.601562500000,1.242187500000,-0.000011005595
2.601562500000,1.265625000000,-0.000010644111
2.601562500000,1.289062500000,-0.000010237806
2.601562500000,1.312500000000,-0.000009786885
2.601562500000,1.335937500000,-0.000009291748
2.601562500000,1.359375000000,-0.000008753015
2.601562500000,1.382812500000,-0.000008171515
2.601562500000,1.406250000000,-0.000007548286
2.601562500000,1.429687500000,-0.000006884584
2.601562500000,1.453125000000,-0.000006181866
2.601562500000,1.476562500000,-0.000005441806
2.601562500000,1.500000000000,-0.000004666268
2.601562500000,1.523437500000,-0.000003857320
2.601562500000,1.546875000000,-0.000003017216
2.601562500000,1.570312500000,-0.000002148392
2.601562500000,1.593750000000,-0.000001253460
2.601562500000,1.617187500000,-0.000000335196
2.601562500000,1.640625000000,0.000000603476
2.601562500000,1.664062500000,0.000001559483
2.601562500000,1.687500000000,0.000002529626
2.601562500000,1.710937500000,0.000003510587
2.601562500000,1.734375000000,0.000004498945
2.601562500000,1.757812500000,0.000005491193
2.601562500000,1.781250000000,0.000006483743
2.601562500000,1.804687500000,0.000007472960
2.601562500000,1.828125000000,0.000008455154
2.601562500000,1.851562500000,0.000009426617
2.601562500000,1.875000000000,0.000010383625
2.601562500000,1.898437500000,0.000011322466
2.601562500000,1.921875000000,0.000012239447
2.601562500000,1.945312500000,0.000013130918
2.601562500000,1.968750000000,0.000013993284
2.601562500000,1.992187500000,0.000014823026
2.601562500000,2.015625000000,0.000015616712
2.601562500000,2.039062500000,0.000016371017
2.601562500000,2.062500000000,0.000017082739
2.601562500000,2.085937500000,0.000017748811
2.601562500000,2.109375000000,0.000018366317
2.601562500000,2.132812500000,0.000018932510
2.601562500000,2.156250000000,0.000019444817
2.601562500000,2.179687500000,0.000019900860
2.601562500000,2.203125000000,0.000020298460
2.601562500000,2.226562500000,0.000020635661
2.601562500000,2.250000000000,0.000020910717
2.601562500000,2.273437500000,0.000021122124
2.601562500000,2.296875000000,0.000021268620
2.601562500000,2.320312500000,0.000021349184
2.601562500000,2.343750000000,0.000021363053
2.601562500000,2.367187500000,0.000021309720
2.601562500000,2.390625000000,0.000021188939
2.601562500000,2.414062500000,0.000021000728
2.601562500000,2.437500000000,0.000020745367
2.601562500000,2.460937500000,0.000020423404
2.601562500000,2.484375000000,0.000020035646
2.601562500000,2.507812500000,0.000019583162
2.601562500000,2.531250000000,0.000019067278
2.601562500000,2.554687500000,0.000018489567
2.601562500000,2.578125000000,0.000017851854
2.601562500000,2.601562500000,0.000017156195
2.601562500000,2.625000000000,0.000016404883
2.601562500000,2.648437500000,0.000015600424
2.601562500000,2.671875000000,0.000014745538
2.601562500000,2.695312500000,0.000013843146
2.601562500000,2.718750000000,0.000012896348
2.601562500000,2.742187500000,0.000011908425
2.601562500000,2.765625000000,0.000010882815
2.601562500000,2.789062500000,0.000009823100
2.601562500000,2.812500000000,0.000008732992
2.601562500000,2.835937500000,0.000007616321
2.601562500000,2.859375000000,0.000006477012
2.601562500000,2.882812500000,0.000005319073
2.601562500000,2.906250000000,0.000004146574
2.601562500000,2.929687500000,0.000002963638
2.601562500000,2.953125000000,0.000001774412
2.601562500000,2.976562500000,0.000000583062
2.601562500000,3.000000000000,0.000000000000
2.625000000000,0.000000000000,0.000000000000
2.625000000000,0.023437500000,-0.000000293658
2.625000000000,0.046875000000,-0.000000490281
2.625000000000,0.070312500000,-0.000000689680
2.625000000000,0.093750000000,-0.000000892892
2.625000000000,0.117187500000,-0.000001100897
2.625000000000,0.140625000000,-0.000001314616
2.625000000000,0.164062500000,-0.000001534893
2.625000000000,0.187500000000,-0.000001762491
2.625000000000,0.210937500000,-0.000001998075
2.625000000000,0.234375000000,-0.000002242221
2.625000000000,0.257812500000,-0.000002495385
2.625000000000,0.281250000000,-0.000002757921
2.625000000000,0.304687500000,-0.000003030050
2.625000000000,0.328125000000,-0.000003311879
2.625000000000,0.351562500000,-0.000003603378
2.625000000000,0.375000000000,-0.000003904391
2.625000000000,0.398437500000,-0.000004214622
2.625000000000,0.421875000000,-0.000004533641
2.625000000000,0.445312500000,-0.000004860883
2.625000000000,0.468750000000,-0.000005195648
2.625000000000,0.492187500000,-0.000005537097
2.625000000000,0.515625000000,-0.000005884266
2.625000000000,0.539062500000,-0.000006236059
2.625000000000,0.562500000000,-0.000006591259
2.625000000000,0.585937500000,-0.000006948528
2.625000000000,0.609375000000,-0.000007306420
2.625000000000,0.632812500000,-0.000007663382
2.625000000000,0.656250000000,-0.000008017762
2.625000000000,0.679687500000,-0.000008367828
2.625000000000,0.703125000000,-0.000008711759
2.625000000000,0.726562500000,-0.000009047673
2.625000000000,0.750000000000,-0.000009373626
2.625000000000,0.773437500000,-0.000009687628
2.625000000000,0.796875000000,-0.000009987658
2.625000000000,0.820312500000,-0.000010271663
2.625000000000,0.843750000000,-0.000010537587
2.625000000000,0.867187500000,-0.000010783372
2.625000000000,0.890625000000,-0.000011006977
2.625000000000,0.914062500000,-0.000011206388
2.625000000000,0.937500000000,-0.000011379630
2.625000000000,0.960937500000,-0.000011524786
2.625000000000,0.984375000000,-0.000011640001
2.625000000000,1.007812500000,-0.000011723502
2.625000000000,1.031250000000,-0.000011773607
2.625000000000,1.054687500000,-0.000011788738
2.625000000000,1.078125000000,-0.000011767434
2.625000000000,1.101562500000,-0.000011708356
2.625000000000,1.125000000000,-0.000011610310
2.625000000000,1.148437500000,-0.000011472241
2.625000000000,1.171875000000,-0.000011293256
2.625000000000,1.195312500000,-0.000011072627
2.625000000000,1.218750000000,-0.000010809797
2.625000000000,1.242187500000,-0.000010504390
2.625000000000,1.265625000000,-0.000010156219
2.625000000000,1.289062500000,-0.000009765282
2.625000000000,1.312500000000,-0.000009331779
2.625000000000,1.335937500000,-0.000008856107
2.625000000000,1.359375000000,-0.000008338863
2.625000000000,1.382812500000,-0.000007780848
2.625000000000,1.406250000000,-0.000007183061
2.625000000000,1.429687500000,-0.000006546706
2.625000000000,1.453125000000,-0.000005873188
2.625000000000,1.476562500000,-0.000005164103
2.625000000000,1.500000000000,-0.000004421246
2.625000000000,1.523437500000,-0.000003646589
2.625000000000,1.546875000000,-0.000002842293
2.625000000000,1.570312500000,-0.000002010691
2.625000000000,1.593750000000,-0.000001154278
2.625000000000,1.617187500000,-0.000000275705
2.625000000000,1.640625000000,0.000000622224
2.625000000000,1.664062500000,0.000001536577
2.625000000000,1.687500000000,0.000002464300
2.625000000000,1.710937500000,0.000003402220
2.625000000000,1.734375000000,0.000004347072
2.625000000000,1.757812500000,0.000005295504
2.625000000000,1.781250000000,0.000006244095
2.625000000000,1.804687500000,0.000007189366
2.625000000000,1.828125000000,0.000008127803
2.625000000000,1.851562500000,0.000009055863
2.625000000000,1.875000000000,0.000009969992
2.625000000000,1.898437500000,0.000010866648
2.625000000000,1.921875000000,0.000011742308
2.625000000000,1.945312500000,0.000012593489
2.625000000000,1.968750000000,0.000013416762
2.625000000000,1.992187500000,0.000014208770
2.625000000000,2.015625000000,0.000014966241
2.625000000000,2.039062500000,0.000015686004
2.625000000000,2.062500000000,0.000016365004
2.625000000000,2.085937500000,0.000017000320
2.625000000000,2.109375000000,0.000017589171
2.625000000000,2.132812500000,0.000018128937
2.625000000000,2.156250000000,0.000018617170
2.625000000000,2.179687500000,0.000019051600
2.625000000000,2.203125000000,0.000019430157
2.625000000000,2.226562500000,0.000019750970
2.625000000000,2.250000000000,0.000020012387
2.625000000000,2.273437500000,0.000020212971
2.625000000000,2.296875000000,0.000020351523
2.625000000000,2.320312500000,0.000020427073
2.625000000000,2.343750000000,0.000020438898
2.625000000000,2.367187500000,0.000020386519
2.625000000000,2.390625000000,0.000020269704
2.625000000000,2.414062500000,0.000020088476
2.625000000000,2.437500000000,0.000019843106
2.625000000000,2.460937500000,0.000019534122
2.625000000000,2.484375000000,0.000019162298
2.625000000000,2.507812500000,0.000018728659
2.625000000000,2.531250000000,0.000018234474
2.625000000000,2.554687500000,0.000017681252
2.625000000000,2.578125000000,0.000017070731
2.625000000000,2.601562500000,0.000016404883
2.625000000000,2.625000000000,0.000015685896
2.625000000000,2.648437500000,0.000014916170
2.625000000000,2.671875000000,0.000014098300
2.625000000000,2.695312500000,0.000013235079
2.625000000000,2.718750000000,0.000012329467
2.625000000000,2.742187500000,0.000011384601
2.625000000000,2.765625000000,0.000010403761
2.625000000000,2.789062500000,0.000009390371
2.625000000000,2.812500000000,0.000008347976
2.625000000000,2.835937500000,0.000007280234
2.625000000000,2.859375000000,0.000006190891
2.625000000000,2.882812500000,0.000005083775
2.625000000000,2.906250000000,0.000003962774
2.625000000000,2.929687500000,0.000002831822
2.625000000000,2.953125000000,0.000001694881
2.625000000000,2.976562500000,0.000000555927
2.625000000000,3.000000000000,0.000000000000
2.648437500000,0.000000000000,0.000000000000
2.648437500000,0.023437500000,-0.000000283686
2.648437500000,0.046875000000,-0.000000473353
2.648437500000,0.070312500000,-0.000000665618
2.648437500000,0.093750000000,-0.000000861455
2.648437500000,0.117187500000,-0.000001061786
2.648437500000,0.140625000000,-0.000001267475
2.648437500000,0.164062500000,-0.000001479314
2.648437500000,0.187500000000,-0.000001698016
2.648437500000,0.210937500000,-0.000001924209
2.648437500000,0.234375000000,-0.000002158425
2.648437500000,0.257812500000,-0.000002401095
2.648437500000,0.281250000000,-0.000002652539
2.648437500000,0.304687500000,-0.000002912969
2.648437500000,0.328125000000,-0.000003182471
2.648437500000,0.351562500000,-0.000003461018
2.648437500000,0.375000000000,-0.000003748452
2.648437500000,0.398437500000,-0.000004044486
2.648437500000,0.421875000000,-0.000004348711
2.648437500000,0.445312500000,-0.000004660582
2.648437500000,0.468750000000,-0.000004979433
2.648437500000,0.492187500000,-0.000005304465
2.648437500000,0.515625000000,-0.000005634759
2.648437500000,0.539062500000,-0.000005969275
2.648437500000,0.562500000000,-0.000006306852
2.648437500000,0.585937500000,-0.000006646223
2.648437500000,0.609375000000,-0.000006986016
2.648437500000,0.632812500000,-0.000007324754
2.648437500000,0.656250000000,-0.000007660874
2.648437500000,0.679687500000,-0.000007992727
2.648437500000,0.703125000000,-0.000008318595
2.648437500000,0.726562500000,-0.000008636687
2.648437500000,0.750000000000,-0.000008945164
2.648437500000,0.773437500000,-0.000009242142
2.648437500000,0.796875000000,-0.000009525701
2.648437500000,0.820312500000,-0.000009793905
2.648437500000,0.843750000000,-0.000010044802
2.648437500000,0.867187500000,-0.000010276446
2.648437500000,0.890625000000,-0.000010486906
2.648437500000,0.914062500000,-0.000010674275
2.648437500000,0.937500000000,-0.000010836688
2.648437500000,0.960937500000,-0.000010972328
2.648437500000,0.984375000000,-0.000011079446
2.648437500000,1.007812500000,-0.000011156364
2.648437500000,1.031250000000,-0.000011201494
2.648437500000,1.054687500000,-0.000011213347
2.648437500000,1.078125000000,-0.000011190542
2.648437500000,1.101562500000,-0.000011131820
2.648437500000,1.125000000000,-0.000011036053
2.648437500000,1.148437500000,-0.000010902249
2.648437500000,1.171875000000,-0.000010729570
2.648437500000,1.195312500000,-0.000010517332
2.648437500000,1.218750000000,-0.000010265018
2.648437500000,1.242187500000,-0.000009972277
2.648437500000,1.265625000000,-0.000009638938
2.648437500000,1.289062500000,-0.000009265013
2.648437500000,1.312500000000,-0.000008850700
2.648437500000,1.335937500000,-0.000008396376
2.648437500000,1.359375000000,-0.000007902624
2.648437500000,1.382812500000,-0.000007370205
2.648437500000,1.406250000000,-0.000006800081
2.648437500000,1.429687500000,-0.000006193402
2.648437500000,1.453125000000,-0.000005551503
2.648437500000,1.476562500000,-0.000004875911
2.648437500000,1.500000000000,-0.000004168331
2.648437500000,1.523437500000,-0.000003430646
2.648437500000,1.546875000000,-0.000002664912
2.648437500000,1.570312500000,-0.000001873344
2.648437500000,1.593750000000,-0.000001058320
2.648437500000,1.617187500000,-0.000000222363
2.648437500000,1.640625000000,0.000000631869
2.648437500000,1.664062500000,0.000001501587
2.648437500000,1.687500000000,0.000002383882
2.648437500000,1.710937500000,0.000003275746
2.648437500000,1.734375000000,0.000004174075
2.648437500000,1.757812500000,0.000005075686
2.648437500000,1.781250000000,0.000005977329
2.648437500000,1.804687500000,0.000006875702
2.648437500000,1.828125000000,0.000007767467
2.648437500000,1.851562500000,0.000008649259
2.648437500000,1.875000000000,0.000009517709
2.648437500000,1.898437500000,0.000010369450
2.648437500000,1.921875000000,0.000011201143
2.648437500000,1.945312500000,0.000012009480
2.648437500000,1.968750000000,0.000012791208
2.648437500000,1.992187500000,0.000013543142
2.648437500000,2.015625000000,0.000014262177
2.648437500000,2.039062500000,0.000014945307
2.648437500000,2.062500000000,0.000015589634
2.648437500000,2.085937500000,0.000016192387
2.648437500000,2.109375000000,0.000016750929
2.648437500000,2.132812500000,0.000017262778
2.648437500000,2.156250000000,0.000017725611
2.648437500000,2.179687500000,0.000018137280
2.648437500000,2.203125000000,0.000018495820
2.648437500000,2.226562500000,0.000018799460
2.648437500000,2.250000000000,0.000019046636
2.648437500000,2.273437500000,0.000019235989
2.648437500000,2.296875000000,0.000019366382
2.648437500000,2.320312500000,0.000019436903
2.648437500000,2.343750000000,0.000019446864
2.648437500000,2.367187500000,0.000019395816
2.648437500000,2.390625000000,0.000019283546
2.648437500000,2.414062500000,0.000019110076
2.648437500000,2.437500000000,0.000018875670
2.648437500000,2.460937500000,0.000018580831
2.648437500000,2.484375000000,0.000018226300
2.648437500000,2.507812500000,0.000017813052
2.648437500000,2.531250000000,0.000017342294
2.648437500000,2.554687500000,0.000016815464
2.648437500000,2.578125000000,0.000016234215
2.648437500000,2.601562500000,0.000015600424
2.648437500000,2.625000000000,0.000014916170
2.648437500000,2.648437500000,0.000014183731
2.648437500000,2.671875000000,0.000013405580
2.648437500000,2.695312500000,0.000012584364
2.648437500000,2.718750000000,0.000011722902
2.648437500000,2.742187500000,0.000010824169
2.648437500000,2.765625000000,0.000009891285
2.648437500000,2.789062500000,0.000008927502
2.648437500000,2.812500000000,0.000007936187
2.648437500000,2.835937500000,0.000006920813
2.648437500000,2.859375000000,0.000005884939
2.648437500000,2.882812500000,0.000004832202
2.648437500000,2.906250000000,0.000003766293
2.648437500000,2.929687500000,0.000002690948
2.648437500000,2.953125000000,0.000001609931
2.648437500000,2.976562500000,0.000000527016
2.648437500000,3.000000000000,0.000000000000
2.671875000000,0.000000000000,0.000000000000
2.671875000000,0.023437500000,-0.000000272088
2.671875000000,0.046875000000,-0.000000453720
2.671875000000,0.070312500000,-0.000000637774
2.671875000000,0.093750000000,-0.000000825156
2.671875000000,0.117187500000,-0.000001016731
2.671875000000,0.140625000000,-0.000001213303
2.671875000000,0.164062500000,-0.000001415612
2.671875000000,0.187500000000,-0.000001624323
2.671875000000,0.210937500000,-0.000001840021
2.671875000000,0.234375000000,-0.000002063201
2.671875000000,0.257812500000,-0.000002294260
2.671875000000,0.281250000000,-0.000002533497
2.671875000000,0.304687500000,-0.000002781102
2.671875000000,0.328125000000,-0.000003037156
2.671875000000,0.351562500000,-0.000003301621
2.671875000000,0.375000000000,-0.000003574345
2.671875000000,0.398437500000,-0.000003855055
2.671875000000,0.421875000000,-0.000004143357
2.671875000000,0.445312500000,-0.000004438738
2.671875000000,0.468750000000,-0.000004740561
2.671875000000,0.492187500000,-0.000005048072
2.671875000000,0.515625000000,-0.000005360404
2.671875000000,0.539062500000,-0.000005676568
2.671875000000,0.562500000000,-0.000005995472
2.671875000000,0.585937500000,-0.000006315920
2.671875000000,0.609375000000,-0.000006636611
2.671875000000,0.632812500000,-0.000006956160
2.671875000000,0.656250000000,-0.000007273087
2.671875000000,0.679687500000,-0.000007585841
2.671875000000,0.703125000000,-0.000007892799
2.671875000000,0.726562500000,-0.000008192276
2.671875000000,0.750000000000,-0.000008482540
2.671875000000,0.773437500000,-0.000008761813
2.671875000000,0.796875000000,-0.000009028293
2.671875000000,0.820312500000,-0.000009280152
2.671875000000,0.843750000000,-0.000009515555
2.671875000000,0.867187500000,-0.000009732670
2.671875000000,0.890625000000,-0.000009929680
2.671875000000,0.914062500000,-0.000010104792
2.671875000000,0.937500000000,-0.000010256250
2.671875000000,0.960937500000,-0.000010382349
2.671875000000,0.984375000000,-0.000010481442
2.671875000000,1.007812500000,-0.000010551954
2.671875000000,1.031250000000,-0.000010592394
2.671875000000,1.054687500000,-0.000010601363
2.671875000000,1.078125000000,-0.000010577565
2.671875000000,1.101562500000,-0.000010519821
2.671875000000,1.125000000000,-0.000010427071
2.671875000000,1.148437500000,-0.000010298392
2.671875000000,1.171875000000,-0.000010132996
2.671875000000,1.195312500000,-0.000009930247
2.671875000000,1.218750000000,-0.000009689663
2.671875000000,1.242187500000,-0.000009410924
2.671875000000,1.265625000000,-0.000009093874
2.671875000000,1.289062500000,-0.000008738531
2.671875000000,1.312500000000,-0.000008345088
2.671875000000,1.335937500000,-0.000007913914
2.671875000000,1.359375000000,-0.000007445558
2.671875000000,1.382812500000,-0.000006940753
2.671875000000,1.406250000000,-0.000006400407
2.671875000000,1.429687500000,-0.000005825615
2.671875000000,1.453125000000,-0.000005217641
2.671875000000,1.476562500000,-0.000004577934
2.671875000000,1.500000000000,-0.000003908105
2.671875000000,1.523437500000,-0.000003209940
2.671875000000,1.546875000000,-0.000002485379
2.671875000000,1.570312500000,-0.000001736524
2.671875000000,1.593750000000,-0.000000965614
2.671875000000,1.617187500000,-0.000000175039
2.671875000000,1.640625000000,0.000000632688
2.671875000000,1.664062500000,0.000001454931
2.671875000000,1.687500000000,0.000002288950
2.671875000000,1.710937500000,0.000003131896
2.671875000000,1.734375000000,0.000003980842
2.671875000000,1.757812500000,0.000004832780
2.671875000000,1.781250000000,0.000005684645
2.671875000000,1.804687500000,0.000006533319
2.671875000000,1.828125000000,0.000007375650
2.671875000000,1.851562500000,0.000008208463
2.671875000000,1.875000000000,0.000009028579
2.671875000000,1.898437500000,0.000009832824
2.671875000000,1.921875000000,0.000010618041
2.671875000000,1.945312500000,0.000011381116
2.671875000000,1.968750000000,0.000012118977
2.671875000000,1.992187500000,0.000012828622
2.671875000000,2.015625000000,0.000013507122
2.671875000000,2.039062500000,0.000014151641
2.671875000000,2.062500000000,0.000014759449
2.671875000000,2.085937500000,0.000015327932
2.671875000000,2.109375000000,0.000015854605
2.671875000000,2.132812500000,0.000016337128
2.671875000000,2.156250000000,0.000016773313
2.671875000000,2.179687500000,0.000017161135
2.671875000000,2.203125000000,0.000017498744
2.671875000000,2.226562500000,0.000017784471
2.671875000000,2.250000000000,0.000018016844
2.671875000000,2.273437500000,0.000018194585
2.671875000000,2.296875000000,0.000018316623
2.671875000000,2.320312500000,0.000018382102
2.671875000000,2.343750000000,0.000018390377
2.671875000000,2.367187500000,0.000018341027
2.671875000000,2.390625000000,0.000018233853
2.671875000000,2.414062500000,0.000018068883
2.671875000000,2.437500000000,0.000017846369
2.671875000000,2.460937500000,0.000017566787
2.671875000000,2.484375000000,0.000017230839
2.671875000000,2.507812500000,0.000016839451
2.671875000000,2.531250000000,0.000016393766
2.671875000000,2.554687500000,0.000015895140
2.671875000000,2.578125000000,0.000015345142
2.671875000000,2.601562500000,0.000014745540
2.671875000000,2.625000000000,0.000014098300
2.671875000000,2.648437500000,0.000013405580
2.671875000000,2.671875000000,0.000012669709
2.671875000000,2.695312500000,0.000011893192
2.671875000000,2.718750000000,0.000011078691
2.671875000000,2.742187500000,0.000010229013
2.671875000000,2.765625000000,0.000009347109
2.671875000000,2.789062500000,0.000008436045
2.671875000000,2.812500000000,0.000007499004
2.671875000000,2.835937500000,0.000006539262
2.671875000000,2.859375000000,0.000005560182
2.671875000000,2.882812500000,0.000004565195
2.671875000000,2.906250000000,0.000003557788
2.671875000000,2.929687500000,0.000002541488
2.671875000000,2.953125000000,0.000001519846
2.671875000000,2.976562500000,0.000000496426
2.671875000000,3.000000000000,0.000000000000
2.695312500000,0.000000000000,0.000000000000
2.695312500000,0.023437500000,-0.000000258935
2.695312500000,0.046875000000,-0.000000431507
2.695312500000,0.070312500000,-0.000000606321
2.695312500000,0.093750000000,-0.000000784220
2.695312500000,0.117187500000,-0.000000966005
2.695312500000,0.140625000000,-0.000001152426
2.695312500000,0.164062500000,-0.000001344165
2.695312500000,0.187500000000,-0.000001541842
2.695312500000,0.210937500000,-0.000001745998
2.695312500000,0.234375000000,-0.000001957087
2.695312500000,0.257812500000,-0.000002175480
2.695312500000,0.281250000000,-0.000002401448
2.695312500000,0.304687500000,-0.000002635165
2.695312500000,0.328125000000,-0.000002876698
2.695312500000,0.351562500000,-0.000003126014
2.695312500000,0.375000000000,-0.000003382958
2.695312500000,0.398437500000,-0.000003647276
2.695312500000,0.421875000000,-0.000003918592
2.695312500000,0.445312500000,-0.000004196422
2.695312500000,0.468750000000,-0.000004480167
2.695312500000,0.492187500000,-0.000004769119
2.695312500000,0.515625000000,-0.000005062458
2.695312500000,0.539062500000,-0.000005359261
2.695312500000,0.562500000000,-0.000005658503
2.695312500000,0.585937500000,-0.000005959057
2.695312500000,0.609375000000,-0.000006259711
2.695312500000,0.632812500000,-0.000006559160
2.695312500000,0.656250000000,-0.000006856023
2.695312500000,0.679687500000,-0.000007148844
2.695312500000,0.703125000000,-0.000007436104
2.695312500000,0.726562500000,-0.000007716226
2.695312500000,0.750000000000,-0.000007987589
2.695312500000,0.773437500000,-0.000008248530
2.695312500000,0.796875000000,-0.000008497360
2.695312500000,0.820312500000,-0.000008732371
2.695312500000,0.843750000000,-0.000008951849
2.695312500000,0.867187500000,-0.000009154079
2.695312500000,0.890625000000,-0.000009337361
2.695312500000,0.914062500000,-0.000009500022
2.695312500000,0.937500000000,-0.000009640420
2.695312500000,0.960937500000,-0.000009756963
2.695312500000,0.984375000000,-0.000009848112
2.695312500000,1.007812500000,-0.000009912397
2.695312500000,1.031250000000,-0.000009948426
2.695312500000,1.054687500000,-0.000009954894
2.695312500000,1.078125000000,-0.000009930594
2.695312500000,1.101562500000,-0.000009874426
2.695312500000,1.125000000000,-0.000009785403
2.695312500000,1.148437500000,-0.000009662665
2.695312500000,1.171875000000,-0.000009505484
2.695312500000,1.195312500000,-0.000009313267
2.695312500000,1.218750000000,-0.000009085571
2.695312500000,1.242187500000,-0.000008822101
2.695312500000,1.265625000000,-0.000008522719
2.695312500000,1.289062500000,-0.000008187449
2.695312500000,1.312500000000,-0.000007816475
2.695312500000,1.335937500000,-0.000007410153
2.695312500000,1.359375000000,-0.000006969002
2.695312500000,1.382812500000,-0.000006493715
2.695312500000,1.406250000000,-0.000005985150
2.695312500000,1.429687500000,-0.000005444334
2.695312500000,1.453125000000,-0.000004872463
2.695312500000,1.476562500000,-0.000004270897
2.695312500000,1.500000000000,-0.000003641156
2.695312500000,1.523437500000,-0.000002984913
2.695312500000,1.546875000000,-0.000002303994
2.695312500000,1.570312500000,-0.000001600369
2.695312500000,1.593750000000,-0.000000876150
2.695312500000,1.617187500000,-0.000000133572
2.695312500000,1.640625000000,0.000000625005
2.695312500000,1.664062500000,0.000001397107
2.695312500000,1.687500000000,0.000002180159
2.695312500000,1.710937500000,0.000002971494
2.695312500000,1.734375000000,0.000003768362
2.695312500000,1.757812500000,0.000004567946
2.695312500000,1.781250000000,0.000005367366
2.695312500000,1.804687500000,0.000006163704
2.695312500000,1.828125000000,0.000006954001
2.695312500000,1.851562500000,0.000007735285
2.695312500000,1.875000000000,0.000008504571
2.695312500000,1.898437500000,0.000009258886
2.695312500000,1.921875000000,0.000009995274
2.695312500000,1.945312500000,0.000010710813
2.695312500000,1.968750000000,0.000011402627
2.695312500000,1.992187500000,0.000012067900
2.695312500000,2.015625000000,0.000012703892
2.695312500000,2.039062500000,0.000013307945
2.695312500000,2.062500000000,0.000013877501
2.695312500000,2.085937500000,0.000014410112
2.695312500000,2.109375000000,0.000014903452
2.695312500000,2.132812500000,0.000015355329
2.695312500000,2.156250000000,0.000015763695
2.695312500000,2.179687500000,0.000016126654
2.695312500000,2.203125000000,0.000016442476
2.695312500000,2.226562500000,0.000016709600
2.695312500000,2.250000000000,0.000016926646
2.695312500000,2.273437500000,0.000017092421
2.695312500000,2.296875000000,0.000017205928
2.695312500000,2.320312500000,0.000017266359
2.695312500000,2.343750000000,0.000017273120
2.695312500000,2.367187500000,0.000017225819
2.695312500000,2.390625000000,0.000017124271
2.695312500000,2.414062500000,0.000016968504
2.695312500000,2.437500000000,0.000016758756
2.695312500000,2.460937500000,0.000016495481
2.695312500000,2.484375000000,0.000016179341
2.695312500000,2.507812500000,0.000015811202
2.695312500000,2.531250000000,0.000015392141
2.695312500000,2.554687500000,0.000014923430
2.695312500000,2.578125000000,0.000014406547
2.695312500000,2.601562500000,0.000013843146
2.695312500000,2.625000000000,0.000013235079
2.695312500000,2.648437500000,0.000012584364
2.695312500000,2.671875000000,0.000011893192
2.695312500000,2.695312500000,0.000011163911
2.695312500000,2.718750000000,0.000010399020
2.695312500000,2.742187500000,0.000009601153
2.695312500000,2.765625000000,0.000008773076
2.695312500000,2.789062500000,0.000007917665
2.695312500000,2.812500000000,0.000007037905
2.695312500000,2.835937500000,0.000006136872
2.695312500000,2.859375000000,0.000005217717
2.695312500000,2.882812500000,0.000004283658
2.695312500000,2.906250000000,0.000003337965
2.695312500000,2.929687500000,0.000002383946
2.695312500000,2.953125000000,0.000001424931
2.695312500000,2.976562500000,0.000000464261
2.695312500000,3.000000000000,0.000000000000
2.718750000000,0.000000000000,0.000000000000
2.718750000000,0.023437500000,-0.000000244310
2.718750000000,0.046875000000,-0.000000406850
2.718750000000,0.070312500000,-0.000000571452
2.718750000000,0.093750000000,-0.000000738894
2.718750000000,0.117187500000,-0.000000909915
2.718750000000,0.140625000000,-0.000001085204
2.718750000000,0.164062500000,-0.000001265393
2.718750000000,0.187500000000,-0.000001451052
2.718750000000,0.210937500000,-0.000001642673
2.718750000000,0.234375000000,-0.000001840681
2.718750000000,0.257812500000,-0.000002045409
2.718750000000,0.281250000000,-0.000002257107
2.718750000000,0.304687500000,-0.000002475934
2.718750000000,0.328125000000,-0.000002701945
2.718750000000,0.351562500000,-0.000002935103
2.718750000000,0.375000000000,-0.000003175266
2.718750000000,0.398437500000,-0.000003422189
2.718750000000,0.421875000000,-0.000003675520
2.718750000000,0.445312500000,-0.000003934807
2.718750000000,0.468750000000,-0.000004199489
2.718750000000,0.492187500000,-0.000004468906
2.718750000000,0.515625000000,-0.000004742293
2.718750000000,0.539062500000,-0.000005018793
2.718750000000,0.562500000000,-0.000005297445
2.718750000000,0.585937500000,-0.000005577206
2.718750000000,0.609375000000,-0.000005856946
2.718750000000,0.632812500000,-0.000006135452
2.718750000000,0.656250000000,-0.000006411438
2.718750000000,0.679687500000,-0.000006683552
2.718750000000,0.703125000000,-0.000006950381
2.718750000000,0.726562500000,-0.000007210463
2.718750000000,0.750000000000,-0.000007462288
2.718750000000,0.773437500000,-0.000007704314
2.718750000000,0.796875000000,-0.000007934971
2.718750000000,0.820312500000,-0.000008152674
2.718750000000,0.843750000000,-0.000008355832
2.718750000000,0.867187500000,-0.000008542851
2.718750000000,0.890625000000,-0.000008712158
2.718750000000,0.914062500000,-0.000008862197
2.718750000000,0.937500000000,-0.000008991447
2.718750000000,0.960937500000,-0.000009098431
2.718750000000,0.984375000000,-0.000009181721
2.718750000000,1.007812500000,-0.000009239957
2.718750000000,1.031250000000,-0.000009271847
2.718750000000,1.054687500000,-0.000009276184
2.718750000000,1.078125000000,-0.000009251850
2.718750000000,1.101562500000,-0.000009197827
2.718750000000,1.125000000000,-0.000009113204
2.718750000000,1.148437500000,-0.000008997186
2.718750000000,1.171875000000,-0.000008849100
2.718750000000,1.195312500000,-0.000008668403
2.718750000000,1.218750000000,-0.000008454686
2.718750000000,1.242187500000,-0.000008207682
2.718750000000,1.265625000000,-0.000007927268
2.718750000000,1.289062500000,-0.000007613471
2.718750000000,1.312500000000,-0.000007266470
2.718750000000,1.335937500000,-0.000006886600
2.718750000000,1.359375000000,-0.000006474348
2.718750000000,1.382812500000,-0.000006030366
2.718750000000,1.406250000000,-0.000005555456
2.718750000000,1.429687500000,-0.000005050580
2.718750000000,1.453125000000,-0.000004516856
2.718750000000,1.476562500000,-0.000003955551
2.718750000000,1.500000000000,-0.000003368082
2.718750000000,1.523437500000,-0.000002756013
2.718750000000,1.546875000000,-0.000002121045
2.718750000000,1.570312500000,-0.000001465014
2.718750000000,1.593750000000,-0.000000789888
2.718750000000,1.617187500000,-0.000000097750
2.718750000000,1.640625000000,0.000000609203
2.718750000000,1.664062500000,0.000001328664
2.718750000000,1.687500000000,0.000002058241
2.718750000000,1.710937500000,0.000002795443
2.718750000000,1.734375000000,0.000003537717
2.718750000000,1.757812500000,0.000004282438
2.718750000000,1.781250000000,0.000005026928
2.718750000000,1.804687500000,0.000005768467
2.718750000000,1.828125000000,0.000006504306
2.718750000000,1.851562500000,0.000007231677
2.718750000000,1.875000000000,0.000007947805
2.718750000000,1.898437500000,0.000008649924
2.718750000000,1.921875000000,0.000009335284
2.718750000000,1.945312500000,0.000010001167
2.718750000000,1.968750000000,0.000010644899
2.718750000000,1.992187500000,0.000011263863
2.718750000000,2.015625000000,0.000011855508
2.718750000000,2.039062500000,0.000012417364
2.718750000000,2.062500000000,0.000012947055
2.718750000000,2.085937500000,0.000013442303
2.718750000000,2.109375000000,0.000013900947
2.718750000000,2.132812500000,0.000014320951
2.718750000000,2.156250000000,0.000014700411
2.718750000000,2.179687500000,0.000015037565
2.718750000000,2.203125000000,0.000015330806
2.718750000000,2.226562500000,0.000015578686
2.718750000000,2.250000000000,0.000015779924
2.718750000000,2.273437500000,0.000015933410
2.718750000000,2.296875000000,0.000016038221
2.718750000000,2.320312500000,0.000016093610
2.718750000000,2.343750000000,0.000016099024
2.718750000000,2.367187500000,0.000016054102
2.718750000000,2.390625000000,0.000015958675
2.718750000000,2.414062500000,0.000015812773
2.718750000000,2.437500000000,0.000015616621
2.718750000000,2.460937500000,0.000015370640
2.718750000000,2.484375000000,0.000015075451
2.718750000000,2.507812500000,0.000014731863
2.718750000000,2.531250000000,0.000014340880
2.718750000000,2.554687500000,0.000013903688
2.718750000000,2.578125000000,0.000013421661
2.718750000000,2.601562500000,0.000012896348
2.718750000000,2.625000000000,0.000012329466
2.718750000000,2.648437500000,0.000011722902
2.718750000000,2.671875000000,0.000011078691
2.718750000000,2.695312500000,0.000010399020
2.718750000000,2.718750000000,0.000009686217
2.718750000000,2.742187500000,0.000008942736
2.718750000000,2.765625000000,0.000008171145
2.718750000000,2.789062500000,0.000007374130
2.718750000000,2.812500000000,0.000006554466
2.718750000000,2.835937500000,0.000005715015
2.718750000000,2.859375000000,0.000004858711
2.718750000000,2.882812500000,0.000003988549
2.718750000000,2.906250000000,0.000003107572
2.718750000000,2.929687500000,0.000002218859
2.718750000000,2.953125000000,0.000001325509
2.718750000000,2.976562500000,0.000000430631
2.718750000000,3.000000000000,0.000000000000
2.742187500000,0.000000000000,0.000000000000
2.742187500000,0.023437500000,-0.000000228301
2.742187500000,0.046875000000,-0.000000379897
2.742187500000,0.070312500000,-0.000000533375
2.742187500000,0.093750000000,-0.000000689447
2.742187500000,0.117187500000,-0.000000848790
2.742187500000,0.140625000000,-0.000001012031
2.742187500000,0.164062500000,-0.000001179751
2.742187500000,0.187500000000,-0.000001352466
2.742187500000,0.210937500000,-0.000001530631
2.742187500000,0.234375000000,-0.000001714627
2.742187500000,0.257812500000,-0.000001904760
2.742187500000,0.281250000000,-0.000002101256
2.742187500000,0.304687500000,-0.000002304254
2.742187500000,0.328125000000,-0.000002513806
2.742187500000,0.351562500000,-0.000002729869
2.742187500000,0.375000000000,-0.000002952315
2.742187500000,0.398437500000,-0.000003180910
2.742187500000,0.421875000000,-0.000003415328
2.742187500000,0.445312500000,-0.000003655149
2.742187500000,0.468750000000,-0.000003899854
2.742187500000,0.492187500000,-0.000004148833
2.742187500000,0.515625000000,-0.000004401380
2.742187500000,0.539062500000,-0.000004656700
2.742187500000,0.562500000000,-0.000004913910
2.742187500000,0.585937500000,-0.000005172044
2.742187500000,0.609375000000,-0.000005430061
2.742187500000,0.632812500000,-0.000005686843
2.742187500000,0.656250000000,-0.000005941205
2.742187500000,0.679687500000,-0.000006191900
2.742187500000,0.703125000000,-0.000006437628
2.742187500000,0.726562500000,-0.000006677039
2.742187500000,0.750000000000,-0.000006908742
2.742187500000,0.773437500000,-0.000007131321
2.742187500000,0.796875000000,-0.000007343329
2.742187500000,0.820312500000,-0.000007543304
2.742187500000,0.843750000000,-0.000007729785
2.742187500000,0.867187500000,-0.000007901305
2.742187500000,0.890625000000,-0.000008056414
2.742187500000,0.914062500000,-0.000008193683
2.742187500000,0.937500000000,-0.000008311713
2.742187500000,0.960937500000,-0.000008409144
2.742187500000,0.984375000000,-0.000008484666
2.742187500000,1.007812500000,-0.000008537027
2.742187500000,1.031250000000,-0.000008565042
2.742187500000,1.054687500000,-0.000008567601
2.742187500000,1.078125000000,-0.000008543679
2.742187500000,1.101562500000,-0.000008492340
2.742187500000,1.125000000000,-0.000008412751
2.742187500000,1.148437500000,-0.000008304182
2.742187500000,1.171875000000,-0.000008166019
2.742187500000,1.195312500000,-0.000007997765
2.742187500000,1.218750000000,-0.000007799048
2.742187500000,1.242187500000,-0.000007569627
2.742187500000,1.265625000000,-0.000007309395
2.742187500000,1.289062500000,-0.000007018378
2.742187500000,1.312500000000,-0.000006696750
2.742187500000,1.335937500000,-0.000006344819
2.742187500000,1.359375000000,-0.000005963048
2.742187500000,1.382812500000,-0.000005552036
2.742187500000,1.406250000000,-0.000005112526
2.742187500000,1.429687500000,-0.000004645414
2.742187500000,1.453125000000,-0.000004151732
2.742187500000,1.476562500000,-0.000003632652
2.742187500000,1.500000000000,-0.000003089487
2.742187500000,1.523437500000,-0.000002523680
2.742187500000,1.546875000000,-0.000001936806
2.742187500000,1.570312500000,-0.000001330560
2.742187500000,1.593750000000,-0.000000706757
2.742187500000,1.617187500000,-0.000000067324
2.742187500000,1.640625000000,0.000000585710
2.742187500000,1.664062500000,0.000001250220
2.742187500000,1.687500000000,0.000001923990
2.742187500000,1.710937500000,0.000002604731
2.742187500000,1.734375000000,0.000003290081
2.742187500000,1.757812500000,0.000003977617
2.742187500000,1.781250000000,0.000004664873
2.742187500000,1.804687500000,0.000005349336
2.742187500000,1.828125000000,0.000006028473
2.742187500000,1.851562500000,0.000006699728
2.742187500000,1.875000000000,0.000007360546
2.742187500000,1.898437500000,0.000008008372
2.742187500000,1.921875000000,0.000008640672
2.742187500000,1.945312500000,0.000009254941
2.742187500000,1.968750000000,0.000009848713
2.742187500000,1.992187500000,0.000010419575
2.742187500000,2.015625000000,0.000010965177
2.742187500000,2.039062500000,0.000011483242
2.742187500000,2.062500000000,0.000011971578
2.742187500000,2.085937500000,0.000012428088
2.742187500000,2.109375000000,0.000012850782
2.742187500000,2.132812500000,0.000013237781
2.742187500000,2.156250000000,0.000013587333
2.742187500000,2.179687500000,0.000013897816
2.742187500000,2.203125000000,0.000014167749
2.742187500000,2.226562500000,0.000014395798
2.742187500000,2.250000000000,0.000014580784
2.742187500000,2.273437500000,0.000014721689
2.742187500000,2.296875000000,0.000014817660
2.742187500000,2.320312500000,0.000014868013
2.742187500000,2.343750000000,0.000014872240
2.742187500000,2.367187500000,0.000014830010
2.742187500000,2.390625000000,0.000014741172
2.742187500000,2.414062500000,0.000014605752
2.742187500000,2.437500000000,0.000014423963
2.742187500000,2.460937500000,0.000014196197
2.742187500000,2.484375000000,0.000013923023
2.742187500000,2.507812500000,0.000013605195
2.742187500000,2.531250000000,0.000013243640
2.742187500000,2.554687500000,0.000012839454
2.742187500000,2.578125000000,0.000012393906
2.742187500000,2.601562500000,0.000011908425
2.742187500000,2.625000000000,0.000011384601
2.742187500000,2.648437500000,0.000010824169
2.742187500000,2.671875000000,0.000010229014
2.742187500000,2.695312500000,0.000009601154
2.742187500000,2.718750000000,0.000008942736
2.742187500000,2.742187500000,0.000008256022
2.742187500000,2.765625000000,0.000007543389
2.742187500000,2.789062500000,0.000006807309
2.742187500000,2.812500000000,0.000006050345
2.742187500000,2.835937500000,0.000005275139
2.742187500000,2.859375000000,0.000004484396
2.742187500000,2.882812500000,0.000003680880
2.742187500000,2.906250000000,0.000002867399
2.742187500000,2.929687500000,0.000002046792
2.742187500000,2.953125000000,0.000001221920
2.742187500000,2.976562500000,0.000000395650
2.742187500000,3.000000000000,0.000000000000
2.765625000000,0.000000000000,0.000000000000
2.765625000000,0.023437500000,-0.000000211003
2.765625000000,0.046875000000,-0.000000350809
2.765625000000,0.070312500000,-0.000000492316
2.765625000000,0.093750000000,-0.000000636171
2.765625000000,0.117187500000,-0.000000782986
2.765625000000,0.140625000000,-0.000000933330
2.765625000000,0.164062500000,-0.000001087727
2.765625000000,0.187500000000,-0.000001246645
2.765625000000,0.210937500000,-0.000001410494
2.765625000000,0.234375000000,-0.000001579619
2.765625000000,0.257812500000,-0.000001754296
2.765625000000,0.281250000000,-0.000001934725
2.765625000000,0.304687500000,-0.000002121032
2.765625000000,0.328125000000,-0.000002313259
2.765625000000,0.351562500000,-0.000002511366
2.765625000000,0.375000000000,-0.000002715229
2.765625000000,0.398437500000,-0.000002924636
2.765625000000,0.421875000000,-0.000003139287
2.765625000000,0.445312500000,-0.000003358793
2.765625000000,0.468750000000,-0.000003582684
2.765625000000,0.492187500000,-0.000003810395
2.765625000000,0.515625000000,-0.000004041285
2.765625000000,0.539062500000,-0.000004274624
2.765625000000,0.562500000000,-0.000004509608
2.765625000000,0.585937500000,-0.000004745353
2.765625000000,0.609375000000,-0.000004980910
2.765625000000,0.632812500000,-0.000005215257
2.765625000000,0.656250000000,-0.000005447313
2.765625000000,0.679687500000,-0.000005675941
2.765625000000,0.703125000000,-0.000005899954
2.765625000000,0.726562500000,-0.000006118123
2.765625000000,0.750000000000,-0.000006329180
2.765625000000,0.773437500000,-0.000006531831
2.765625000000,0.796875000000,-0.000006724758
2.765625000000,0.820312500000,-0.000006906631
2.765625000000,0.843750000000,-0.000007076115
2.765625000000,0.867187500000,-0.000007231877
2.765625000000,0.890625000000,-0.000007372596
2.765625000000,0.914062500000,-0.000007496968
2.765625000000,0.937500000000,-0.000007603721
2.765625000000,0.960937500000,-0.000007691617
2.765625000000,0.984375000000,-0.000007759464
2.765625000000,1.007812500000,-0.000007806122
2.765625000000,1.031250000000,-0.000007830514
2.765625000000,1.054687500000,-0.000007831629
2.765625000000,1.078125000000,-0.000007808537
2.765625000000,1.101562500000,-0.000007760388
2.765625000000,1.125000000000,-0.000007686423
2.765625000000,1.148437500000,-0.000007585984
2.765625000000,1.171875000000,-0.000007458511
2.765625000000,1.195312500000,-0.000007303557
2.765625000000,1.218750000000,-0.000007120787
2.765625000000,1.242187500000,-0.000006909983
2.765625000000,1.265625000000,-0.000006671051
2.765625000000,1.289062500000,-0.000006404024
2.765625000000,1.312500000000,-0.000006109059
2.765625000000,1.335937500000,-0.000005786447
2.765625000000,1.359375000000,-0.000005436607
2.765625000000,1.382812500000,-0.000005060096
2.765625000000,1.406250000000,-0.000004657596
2.765625000000,1.429687500000,-0.000004229923
2.765625000000,1.453125000000,-0.000003778027
2.765625000000,1.476562500000,-0.000003302980
2.765625000000,1.500000000000,-0.000002805984
2.765625000000,1.523437500000,-0.000002288359
2.765625000000,1.546875000000,-0.000001751545
2.765625000000,1.570312500000,-0.000001197092
2.765625000000,1.593750000000,-0.000000626662
2.765625000000,1.617187500000,-0.000000042011
2.765625000000,1.640625000000,0.000000555003
2.765625000000,1.664062500000,0.000001162439
2.765625000000,1.687500000000,0.000001778273
2.765625000000,1.710937500000,0.000002400414
2.765625000000,1.734375000000,0.000003026705
2.765625000000,1.757812500000,0.000003654934
2.765625000000,1.781250000000,0.000004282844
2.765625000000,1.804687500000,0.000004908148
2.765625000000,1.828125000000,0.000005528528
2.765625000000,1.851562500000,0.000006141654
2.765625000000,1.875000000000,0.000006745190
2.765625000000,1.898437500000,0.000007336807
2.765625000000,1.921875000000,0.000007914191
2.765625000000,1.945312500000,0.000008475055
2.765625000000,1.968750000000,0.000009017151
2.765625000000,1.992187500000,0.000009538275
2.765625000000,2.015625000000,0.000010036283
2.765625000000,2.039062500000,0.000010509099
2.765625000000,2.062500000000,0.000010954722
2.765625000000,2.085937500000,0.000011371241
2.765625000000,2.109375000000,0.000011756839
2.765625000000,2.132812500000,0.000012109804
2.765625000000,2.156250000000,0.000012428536
2.765625000000,2.179687500000,0.000012711559
2.765625000000,2.203125000000,0.000012957521
2.765625000000,2.226562500000,0.000013165208
2.765625000000,2.250000000000,0.000013333546
2.765625000000,2.273437500000,0.000013461605
2.765625000000,2.296875000000,0.000013548609
2.765625000000,2.320312500000,0.000013593940
2.765625000000,2.343750000000,0.000013597132
2.765625000000,2.367187500000,0.000013557887
2.765625000000,2.390625000000,0.000013476067
2.765625000000,2.414062500000,0.000013351702
2.765625000000,2.437500000000,0.000013184983
2.765625000000,2.460937500000,0.000012976276
2.765625000000,2.484375000000,0.000012726100
2.765625000000,2.507812500000,0.000012435145
2.765625000000,2.531250000000,0.000012104256
2.765625000000,2.554687500000,0.000011734442
2.765625000000,2.578125000000,0.000011326859
2.765625000000,2.601562500000,0.000010882815
2.765625000000,2.625000000000,0.000010403760
2.765625000000,2.648437500000,0.000009891286
2.765625000000,2.671875000000,0.000009347109
2.765625000000,2.695312500000,0.000008773076
2.765625000000,2.718750000000,0.000008171146
2.765625000000,2.742187500000,0.000007543388
2.765625000000,2.765625000000,0.000006891972
2.765625000000,2.789062500000,0.000006219157
2.765625000000,2.812500000000,0.000005527281
2.765625000000,2.835937500000,0.000004818758
2.765625000000,2.859375000000,0.000004096060
2.765625000000,2.882812500000,0.000003361710
2.765625000000,2.906250000000,0.000002618272
2.765625000000,2.929687500000,0.000001868339
2.765625000000,2.953125000000,0.000001114521
2.765625000000,2.976562500000,0.000000359440
2.765625000000,3.000000000000,0.000000000000
2.789062500000,0.000000000000,0.000000000000
2.789062500000,0.023437500000,-0.000000192520
2.789062500000,0.046875000000,-0.000000319757
2.789062500000,0.070312500000,-0.000000448517
2.789062500000,0.093750000000,-0.000000579376
2.789062500000,0.117187500000,-0.000000712883
2.789062500000,0.140625000000,-0.000000849548
2.789062500000,0.164062500000,-0.000000989841
2.789062500000,0.187500000000,-0.000001134178
2.789062500000,0.210937500000,-0.000001282927
2.789062500000,0.234375000000,-0.000001436394
2.789062500000,0.257812500000,-0.000001594825
2.789062500000,0.281250000000,-0.000001758399
2.789062500000,0.304687500000,-0.000001927225
2.789062500000,0.328125000000,-0.000002101338
2.789062500000,0.351562500000,-0.000002280700
2.789062500000,0.375000000000,-0.000002465197
2.789062500000,0.398437500000,-0.000002654635
2.789062500000,0.421875000000,-0.000002848740
2.789062500000,0.445312500000,-0.000003047163
2.789062500000,0.468750000000,-0.000003249476
2.789062500000,0.492187500000,-0.000003455168
2.789062500000,0.515625000000,-0.000003663660
2.789062500000,0.539062500000,-0.000003874294
2.789062500000,0.562500000000,-0.000004086345
2.789062500000,0.585937500000,-0.000004299014
2.789062500000,0.609375000000,-0.000004511445
2.789062500000,0.632812500000,-0.000004722715
2.789062500000,0.656250000000,-0.000004931853
2.789062500000,0.679687500000,-0.000005137833
2.789062500000,0.703125000000,-0.000005339584
2.789062500000,0.726562500000,-0.000005535998
2.789062500000,0.750000000000,-0.000005725937
2.789062500000,0.773437500000,-0.000005908231
2.789062500000,0.796875000000,-0.000006081696
2.789062500000,0.820312500000,-0.000006245135
2.789062500000,0.843750000000,-0.000006397344
2.789062500000,0.867187500000,-0.000006537123
2.789062500000,0.890625000000,-0.000006663284
2.789062500000,0.914062500000,-0.000006774656
2.789062500000,0.937500000000,-0.000006870092
2.789062500000,0.960937500000,-0.000006948478
2.789062500000,0.984375000000,-0.000007008744
2.789062500000,1.007812500000,-0.000007049865
2.789062500000,1.031250000000,-0.000007070871
2.789062500000,1.054687500000,-0.000007070857
2.789062500000,1.078125000000,-0.000007048985
2.789062500000,1.101562500000,-0.000007004492
2.789062500000,1.125000000000,-0.000006936699
2.789062500000,1.148437500000,-0.000006845014
2.789062500000,1.171875000000,-0.000006728938
2.789062500000,1.195312500000,-0.000006588070
2.789062500000,1.218750000000,-0.000006422111
2.789062500000,1.242187500000,-0.000006230870
2.789062500000,1.265625000000,-0.000006014264
2.789062500000,1.289062500000,-0.000005772327
2.789062500000,1.312500000000,-0.000005505205
2.789062500000,1.335937500000,-0.000005213160
2.789062500000,1.359375000000,-0.000004896579
2.789062500000,1.382812500000,-0.000004555961
2.789062500000,1.406250000000,-0.000004191929
2.789062500000,1.429687500000,-0.000003805221
2.789062500000,1.453125000000,-0.000003396696
2.789062500000,1.476562500000,-0.000002967323
2.789062500000,1.500000000000,-0.000002518189
2.789062500000,1.523437500000,-0.000002050486
2.789062500000,1.546875000000,-0.000001565516
2.789062500000,1.570312500000,-0.000001064679
2.789062500000,1.593750000000,-0.000000549474
2.789062500000,1.617187500000,-0.000000021488
2.789062500000,1.640625000000,0.000000517600
2.789062500000,1.664062500000,0.000001066043
2.789062500000,1.687500000000,0.000001622012
2.789062500000,1.710937500000,0.000002183620
2.789062500000,1.734375000000,0.000002748920
2.789062500000,1.757812500000,0.000003315918
2.789062500000,1.781250000000,0.000003882580
2.789062500000,1.804687500000,0.000004446838
2.789062500000,1.828125000000,0.000005006606
2.789062500000,1.851562500000,0.000005559781
2.789062500000,1.875000000000,0.000006104257
2.789062500000,1.898437500000,0.000006637934
2.789062500000,1.921875000000,0.000007158725
2.789062500000,1.945312500000,0.000007664570
2.789062500000,1.968750000000,0.000008153440
2.789062500000,1.992187500000,0.000008623351
2.789062500000,2.015625000000,0.000009072369
2.789062500000,2.039062500000,0.000009498623
2.789062500000,2.062500000000,0.000009900310
2.789062500000,2.085937500000,0.000010275708
2.789062500000,2.109375000000,0.000010623180
2.789062500000,2.132812500000,0.000010941184
2.789062500000,2.156250000000,0.000011228278
2.789062500000,2.179687500000,0.000011483133
2.789062500000,2.203125000000,0.000011704532
2.789062500000,2.226562500000,0.000011891383
2.789062500000,2.250000000000,0.000012042716
2.789062500000,2.273437500000,0.000012157697
2.789062500000,2.296875000000,0.000012235628
2.789062500000,2.320312500000,0.000012275951
2.789062500000,2.343750000000,0.000012278251
2.789062500000,2.367187500000,0.000012242259
2.789062500000,2.390625000000,0.000012167852
2.789062500000,2.414062500000,0.000012055063
2.789062500000,2.437500000000,0.000011904064
2.789062500000,2.460937500000,0.000011715182
2.789062500000,2.484375000000,0.000011488895
2.789062500000,2.507812500000,0.000011225821
2.789062500000,2.531250000000,0.000010926727
2.789062500000,2.554687500000,0.000010592523
2.789062500000,2.578125000000,0.000010224253
2.789062500000,2.601562500000,0.000009823100
2.789062500000,2.625000000000,0.000009390371
2.789062500000,2.648437500000,0.000008927502
2.789062500000,2.671875000000,0.000008436045
2.789062500000,2.695312500000,0.000007917665
2.789062500000,2.718750000000,0.000007374130
2.789062500000,2.742187500000,0.000006807308
2.789062500000,2.765625000000,0.000006219157
2.789062500000,2.789062500000,0.000005611712
2.789062500000,2.812500000000,0.000004987086
2.789062500000,2.835937500000,0.000004347455
2.789062500000,2.859375000000,0.000003695049
2.789062500000,2.882812500000,0.000003032144
2.789062500000,2.906250000000,0.000002361053
2.789062500000,2.929687500000,0.000001684115
2.789062500000,2.953125000000,0.000001003685
2.789062500000,2.976562500000,0.000000322125
2.789062500000,3.000000000000,0.000000000000
2.812500000000,0.000000000000,0.000000000000
2.812500000000,0.023437500000,-0.000000172959
2.812500000000,0.046875000000,-0.000000286922
2.812500000000,0.070312500000,-0.000000402228
2.812500000000,0.093750000000,-0.000000519387
2.812500000000,0.117187500000,-0.000000638881
2.812500000000,0.140625000000,-0.000000761162
2.812500000000,0.164062500000,-0.000000886642
2.812500000000,0.187500000000,-0.000001015690
2.812500000000,0.210937500000,-0.000001148629
2.812500000000,0.234375000000,-0.000001285729
2.812500000000,0.257812500000,-0.000001427204
2.812500000000,0.281250000000,-0.000001573211
2.812500000000,0.304687500000,-0.000001723845
2.812500000000,0.328125000000,-0.000001879134
2.812500000000,0.351562500000,-0.000002039043
2.812500000000,0.375000000000,-0.000002203468
2.812500000000,0.398437500000,-0.000002372236
2.812500000000,0.421875000000,-0.000002545099
2.812500000000,0.445312500000,-0.000002721748
2.812500000000,0.468750000000,-0.000002901799
2.812500000000,0.492187500000,-0.000003084804
2.812500000000,0.515625000000,-0.000003270239
2.812500000000,0.539062500000,-0.000003457523
2.812500000000,0.562500000000,-0.000003646010
2.812500000000,0.585937500000,-0.000003834992
2.812500000000,0.609375000000,-0.000004023704
2.812500000000,0.632812500000,-0.000004211331
2.812500000000,0.656250000000,-0.000004397009
2.812500000000,0.679687500000,-0.000004579824
2.812500000000,0.703125000000,-0.000004758830
2.812500000000,0.726562500000,-0.000004933043
2.812500000000,0.750000000000,-0.000005101449
2.812500000000,0.773437500000,-0.000005263013
2.812500000000,0.796875000000,-0.000005416684
2.812500000000,0.820312500000,-0.000005561399
2.812500000000,0.843750000000,-0.000005696092
2.812500000000,0.867187500000,-0.000005819698
2.812500000000,0.890625000000,-0.000005931165
2.812500000000,0.914062500000,-0.000006029452
2.812500000000,0.937500000000,-0.000006113544
2.812500000000,0.960937500000,-0.000006182455
2.812500000000,0.984375000000,-0.000006235235
2.812500000000,1.007812500000,-0.000006270976
2.812500000000,1.031250000000,-0.000006288821
2.812500000000,1.054687500000,-0.000006287967
2.812500000000,1.078125000000,-0.000006267673
2.812500000000,1.101562500000,-0.000006227264
2.812500000000,1.125000000000,-0.000006166141
2.812500000000,1.148437500000,-0.000006083780
2.812500000000,1.171875000000,-0.000005979741
2.812500000000,1.195312500000,-0.000005853669
2.812500000000,1.218750000000,-0.000005705303
2.812500000000,1.242187500000,-0.000005534477
2.812500000000,1.265625000000,-0.000005341120
2.812500000000,1.289062500000,-0.000005125263
2.812500000000,1.312500000000,-0.000004887041
2.812500000000,1.335937500000,-0.000004626690
2.812500000000,1.359375000000,-0.000004344553
2.812500000000,1.382812500000,-0.000004041081
2.812500000000,1.406250000000,-0.000003716826
2.812500000000,1.429687500000,-0.000003372448
2.812500000000,1.453125000000,-0.000003008710
2.812500000000,1.476562500000,-0.000002626480
2.812500000000,1.500000000000,-0.000002226719
2.812500000000,1.523437500000,-0.000001810496
2.812500000000,1.546875000000,-0.000001378963
2.812500000000,1.570312500000,-0.000000933368
2.812500000000,1.593750000000,-0.000000475045
2.812500000000,1.617187500000,-0.000000005405
2.812500000000,1.640625000000,0.000000474063
2.812500000000,1.664062500000,0.000000961799
2.812500000000,1.687500000000,0.000001456182
2.812500000000,1.710937500000,0.000001955534
2.812500000000,1.734375000000,0.000002458124
2.812500000000,1.757812500000,0.000002962180
2.812500000000,1.781250000000,0.000003465895
2.812500000000,1.804687500000,0.000003967432
2.812500000000,1.828125000000,0.000004464937
2.812500000000,1.851562500000,0.000004956541
2.812500000000,1.875000000000,0.000005440376
2.812500000000,1.898437500000,0.000005914574
2.812500000000,1.921875000000,0.000006377284
2.812500000000,1.945312500000,0.000006826675
2.812500000000,1.968750000000,0.000007260945
2.812500000000,1.992187500000,0.000007678332
2.812500000000,2.015625000000,0.000008077120
2.812500000000,2.039062500000,0.000008455647
2.812500000000,2.062500000000,0.000008812315
2.812500000000,2.085937500000,0.000009145592
2.812500000000,2.109375000000,0.000009454026
2.812500000000,2.132812500000,0.000009736249
2.812500000000,2.156250000000,0.000009990983
2.812500000000,2.179687500000,0.000010217046
2.812500000000,2.203125000000,0.000010413360
2.812500000000,2.226562500000,0.000010578955
2.812500000000,2.250000000000,0.000010712974
2.812500000000,2.273437500000,0.000010814676
2.812500000000,2.296875000000,0.000010883442
2.812500000000,2.320312500000,0.000010918778
2.812500000000,2.343750000000,0.000010920318
2.812500000000,2.367187500000,0.000010887826
2.812500000000,2.390625000000,0.000010821192
2.812500000000,2.414062500000,0.000010720446
2.812500000000,2.437500000000,0.000010585745
2.812500000000,2.460937500000,0.000010417381
2.812500000000,2.484375000000,0.000010215778
2.812500000000,2.507812500000,0.000009981490
2.812500000000,2.531250000000,0.000009715198
2.812500000000,2.554687500000,0.000009417711
2.812500000000,2.578125000000,0.000009089959
2.812500000000,2.601562500000,0.000008732991
2.812500000000,2.625000000000,0.000008347976
2.812500000000,2.648437500000,0.000007936187
2.812500000000,2.671875000000,0.000007499003
2.812500000000,2.695312500000,0.000007037906
2.812500000000,2.718750000000,0.000006554466
2.812500000000,2.742187500000,0.000006050345
2.812500000000,2.765625000000,0.000005527281
2.812500000000,2.789062500000,0.000004987086
2.812500000000,2.812500000000,0.000004431635
2.812500000000,2.835937500000,0.000003862863
2.812500000000,2.859375000000,0.000003282752
2.812500000000,2.882812500000,0.000002693323
2.812500000000,2.906250000000,0.000002096633
2.812500000000,2.929687500000,0.000001494759
2.812500000000,2.953125000000,0.000000889793
2.812500000000,2.976562500000,0.000000283836
2.812500000000,3.000000000000,0.000000000000
2.835937500000,0.000000000000,0.000000000000
2.835937500000,0.023437500000,-0.000000152433
2.835937500000,0.046875000000,-0.000000252494
2.835937500000,0.070312500000,-0.000000353717
2.835937500000,0.093750000000,-0.000000456546
2.835937500000,0.117187500000,-0.000000561400
2.835937500000,0.140625000000,-0.000000668667
2.835937500000,0.164062500000,-0.000000778706
2.835937500000,0.187500000000,-0.000000891835
2.835937500000,0.210937500000,-0.000001008334
2.835937500000,0.234375000000,-0.000001128435
2.835937500000,0.257812500000,-0.000001252323
2.835937500000,0.281250000000,-0.000001380134
2.835937500000,0.304687500000,-0.000001511946
2.835937500000,0.328125000000,-0.000001647784
2.835937500000,0.351562500000,-0.000001787615
2.835937500000,0.375000000000,-0.000001931345
2.835937500000,0.398437500000,-0.000002078823
2.835937500000,0.421875000000,-0.000002229834
2.835937500000,0.445312500000,-0.000002384104
2.835937500000,0.468750000000,-0.000002541299
2.835937500000,0.492187500000,-0.000002701023
2.835937500000,0.515625000000,-0.000002862825
2.835937500000,0.539062500000,-0.000003026194
2.835937500000,0.562500000000,-0.000003190567
2.835937500000,0.585937500000,-0.000003355327
2.835937500000,0.609375000000,-0.000003519809
2.835937500000,0.632812500000,-0.000003683300
2.835937500000,0.656250000000,-0.000003845046
2.835937500000,0.679687500000,-0.000004004255
2.835937500000,0.703125000000,-0.000004160099
2.835937500000,0.726562500000,-0.000004311721
2.835937500000,0.750000000000,-0.000004458240
2.835937500000,0.773437500000,-0.000004598754
2.835937500000,0.796875000000,-0.000004732349
2.835937500000,0.820312500000,-0.000004858098
2.835937500000,0.843750000000,-0.000004975074
2.835937500000,0.867187500000,-0.000005082351
2.835937500000,0.890625000000,-0.000005179011
2.835937500000,0.914062500000,-0.000005264151
2.835937500000,0.937500000000,-0.000005336887
2.835937500000,0.960937500000,-0.000005396363
2.835937500000,0.984375000000,-0.000005441751
2.835937500000,1.007812500000,-0.000005472263
2.835937500000,1.031250000000,-0.000005487154
2.835937500000,1.054687500000,-0.000005485725
2.835937500000,1.078125000000,-0.000005467334
2.835937500000,1.101562500000,-0.000005431396
2.835937500000,1.125000000000,-0.000005377389
2.835937500000,1.148437500000,-0.000005304860
2.835937500000,1.171875000000,-0.000005213426
2.835937500000,1.195312500000,-0.000005102784
2.835937500000,1.218750000000,-0.000004972707
2.835937500000,1.242187500000,-0.000004823051
2.835937500000,1.265625000000,-0.000004653758
2.835937500000,1.289062500000,-0.000004464860
2.835937500000,1.312500000000,-0.000004256472
2.835937500000,1.335937500000,-0.000004028806
2.835937500000,1.359375000000,-0.000003782162
2.835937500000,1.382812500000,-0.000003516934
2.835937500000,1.406250000000,-0.000003233608
2.835937500000,1.429687500000,-0.000002932760
2.835937500000,1.453125000000,-0.000002615057
2.835937500000,1.476562500000,-0.000002281256
2.835937500000,1.500000000000,-0.000001932201
2.835937500000,1.523437500000,-0.000001568819
2.835937500000,1.546875000000,-0.000001192120
2.835937500000,1.570312500000,-0.000000803194
2.835937500000,1.593750000000,-0.000000403202
2.835937500000,1.617187500000,0.000000006624
2.835937500000,1.640625000000,0.000000424983
2.835937500000,1.664062500000,0.000000850516
2.835937500000,1.687500000000,0.000001281810
2.835937500000,1.710937500000,0.000001717400
2.835937500000,1.734375000000,0.000002155777
2.835937500000,1.757812500000,0.000002595397
2.835937500000,1.781250000000,0.000003034683
2.835937500000,1.804687500000,0.000003472035
2.835937500000,1.828125000000,0.000003905837
2.835937500000,1.851562500000,0.000004334460
2.835937500000,1.875000000000,0.000004756274
2.835937500000,1.898437500000,0.000005169654
2.835937500000,1.921875000000,0.000005572985
2.835937500000,1.945312500000,0.000005964671
2.835937500000,1.968750000000,0.000006343144
2.835937500000,1.992187500000,0.000006706869
2.835937500000,2.015625000000,0.000007054350
2.835937500000,2.039062500000,0.000007384139
2.835937500000,2.062500000000,0.000007694844
2.835937500000,2.085937500000,0.000007985132
2.835937500000,2.109375000000,0.000008253738
2.835937500000,2.132812500000,0.000008499472
2.835937500000,2.156250000000,0.000008721218
2.835937500000,2.179687500000,0.000008917950
2.835937500000,2.203125000000,0.000009088730
2.835937500000,2.226562500000,0.000009232712
2.835937500000,2.250000000000,0.000009349151
2.835937500000,2.273437500000,0.000009437404
2.835937500000,2.296875000000,0.000009496931
2.835937500000,2.320312500000,0.000009527305
2.835937500000,2.343750000000,0.000009528208
2.835937500000,2.367187500000,0.000009499432
2.835937500000,2.390625000000,0.000009440889
2.835937500000,2.414062500000,0.000009352602
2.835937500000,2.437500000000,0.000009234712
2.835937500000,2.460937500000,0.000009087474
2.835937500000,2.484375000000,0.000008911257
2.835937500000,2.507812500000,0.000008706548
2.835937500000,2.531250000000,0.000008473941
2.835937500000,2.554687500000,0.000008214142
2.835937500000,2.578125000000,0.000007927962
2.835937500000,2.601562500000,0.000007616321
2.835937500000,2.625000000000,0.000007280234
2.835937500000,2.648437500000,0.000006920813
2.835937500000,2.671875000000,0.000006539262
2.835937500000,2.695312500000,0.000006136872
2.835937500000,2.718750000000,0.000005715015
2.835937500000,2.742187500000,0.000005275139
2.835937500000,2.765625000000,0.000004818758
2.835937500000,2.789062500000,0.000004347455
2.835937500000,2.812500000000,0.000003862863
2.835937500000,2.835937500000,0.000003366671
2.835937500000,2.859375000000,0.000002860604
2.835937500000,2.882812500000,0.000002346427
2.835937500000,2.906250000000,0.000001825931
2.835937500000,2.929687500000,0.000001300929
2.835937500000,2.953125000000,0.000000773243
2.835937500000,2.976562500000,0.000000244705
2.835937500000,3.000000000000,0.000000000000
2.859375000000,0.000000000000,0.000000000000
2.859375000000,0.023437500000,-0.000000131060
2.859375000000,0.046875000000,-0.000000216669
2.859375000000,0.070312500000,-0.000000303261
2.859375000000,0.093750000000,-0.000000391212
2.859375000000,0.117187500000,-0.000000480875
2.859375000000,0.140625000000,-0.000000572580
2.859375000000,0.164062500000,-0.000000666629
2.859375000000,0.187500000000,-0.000000763291
2.859375000000,0.210937500000,-0.000000862801
2.859375000000,0.234375000000,-0.000000965356
2.859375000000,0.257812500000,-0.000001071111
2.859375000000,0.281250000000,-0.000001180178
2.859375000000,0.304687500000,-0.000001292624
2.859375000000,0.328125000000,-0.000001408469
2.859375000000,0.351562500000,-0.000001527681
2.859375000000,0.375000000000,-0.000001650181
2.859375000000,0.398437500000,-0.000001775838
2.859375000000,0.421875000000,-0.000001904469
2.859375000000,0.445312500000,-0.000002035839
2.859375000000,0.468750000000,-0.000002169664
2.859375000000,0.492187500000,-0.000002305606
2.859375000000,0.515625000000,-0.000002443281
2.859375000000,0.539062500000,-0.000002582254
2.859375000000,0.562500000000,-0.000002722047
2.859375000000,0.585937500000,-0.000002862134
2.859375000000,0.609375000000,-0.000003001949
2.859375000000,0.632812500000,-0.000003140886
2.859375000000,0.656250000000,-0.000003278305
2.859375000000,0.679687500000,-0.000003413533
2.859375000000,0.703125000000,-0.000003545865
2.859375000000,0.726562500000,-0.000003674575
2.859375000000,0.750000000000,-0.000003798913
2.859375000000,0.773437500000,-0.000003918113
2.859375000000,0.796875000000,-0.000004031398
2.859375000000,0.820312500000,-0.000004137984
2.859375000000,0.843750000000,-0.000004237081
2.859375000000,0.867187500000,-0.000004327904
2.859375000000,0.890625000000,-0.000004409675
2.859375000000,0.914062500000,-0.000004481626
2.859375000000,0.937500000000,-0.000004543008
2.859375000000,0.960937500000,-0.000004593094
2.859375000000,0.984375000000,-0.000004631183
2.859375000000,1.007812500000,-0.000004656606
2.859375000000,1.031250000000,-0.000004668731
2.859375000000,1.054687500000,-0.000004666968
2.859375000000,1.078125000000,-0.000004650770
2.859375000000,1.101562500000,-0.000004619644
2.859375000000,1.125000000000,-0.000004573146
2.859375000000,1.148437500000,-0.000004510894
2.859375000000,1.171875000000,-0.000004432566
2.859375000000,1.195312500000,-0.000004337904
2.859375000000,1.218750000000,-0.000004226719
2.859375000000,1.242187500000,-0.000004098889
2.859375000000,1.265625000000,-0.000003954369
2.859375000000,1.289062500000,-0.000003793185
2.859375000000,1.312500000000,-0.000003615439
2.859375000000,1.335937500000,-0.000003421313
2.859375000000,1.359375000000,-0.000003211064
2.859375000000,1.382812500000,-0.000002985028
2.859375000000,1.406250000000,-0.000002743619
2.859375000000,1.429687500000,-0.000002487331
2.859375000000,1.453125000000,-0.000002216732
2.859375000000,1.476562500000,-0.000001932466
2.859375000000,1.500000000000,-0.000001635252
2.859375000000,1.523437500000,-0.000001325881
2.859375000000,1.546875000000,-0.000001005212
2.859375000000,1.570312500000,-0.000000674172
2.859375000000,1.593750000000,-0.000000333750
2.859375000000,1.617187500000,0.000000015005
2.859375000000,1.640625000000,0.000000370987
2.859375000000,1.664062500000,0.000000733042
2.859375000000,1.687500000000,0.000001099964
2.859375000000,1.710937500000,0.000001470508
2.859375000000,1.734375000000,0.000001843393
2.859375000000,1.757812500000,0.000002217305
2.859375000000,1.781250000000,0.000002590901
2.859375000000,1.804687500000,0.000002962824
2.859375000000,1.828125000000,0.000003331698
2.859375000000,1.851562500000,0.000003696140
2.859375000000,1.875000000000,0.000004054763
2.859375000000,1.898437500000,0.000004406186
2.859375000000,1.921875000000,0.000004749037
2.859375000000,1.945312500000,0.000005081960
2.859375000000,1.968750000000,0.000005403623
2.859375000000,1.992187500000,0.000005712720
2.859375000000,2.015625000000,0.000006007981
2.859375000000,2.039062500000,0.000006288176
2.859375000000,2.062500000000,0.000006552123
2.859375000000,2.085937500000,0.000006798689
2.859375000000,2.109375000000,0.000007026801
2.859375000000,2.132812500000,0.000007235445
2.859375000000,2.156250000000,0.000007423679
2.859375000000,2.179687500000,0.000007590628
2.859375000000,2.203125000000,0.000007735496
2.859375000000,2.226562500000,0.000007857567
2.859375000000,2.250000000000,0.000007956208
2.859375000000,2.273437500000,0.000008030873
2.859375000000,2.296875000000,0.000008081107
2.859375000000,2.320312500000,0.000008106545
2.859375000000,2.343750000000,0.000008106919
2.859375000000,2.367187500000,0.000008082055
2.859375000000,2.390625000000,0.000008031879
2.859375000000,2.414062500000,0.000007956410
2.859375000000,2.437500000000,0.000007855772
2.859375000000,2.460937500000,0.000007730181
2.859375000000,2.484375000000,0.000007579954
2.859375000000,2.507812500000,0.000007405505
2.859375000000,2.531250000000,0.000007207339
2.859375000000,2.554687500000,0.000006986059
2.859375000000,2.578125000000,0.000006742357
2.859375000000,2.601562500000,0.000006477012
2.859375000000,2.625000000000,0.000006190891
2.859375000000,2.648437500000,0.000005884939
2.859375000000,2.671875000000,0.000005560181
2.859375000000,2.695312500000,0.000005217716
2.859375000000,2.718750000000,0.000004858711
2.859375000000,2.742187500000,0.000004484396
2.859375000000,2.765625000000,0.000004096060
2.859375000000,2.789062500000,0.000003695049
2.859375000000,2.812500000000,0.000003282752
2.859375000000,2.835937500000,0.000002860604
2.859375000000,2.859375000000,0.000002430074
2.859375000000,2.882812500000,0.000001992661
2.859375000000,2.906250000000,0.000001549889
2.859375000000,2.929687500000,0.000001103298
2.859375000000,2.953125000000,0.000000654439
2.859375000000,2.976562500000,0.000000204868
2.859375000000,3.000000000000,0.000000000000
2.882812500000,0.000000000000,0.000000000000
2.882812500000,0.023437500000,-0.000000108964
2.882812500000,0.046875000000,-0.000000179651
2.882812500000,0.070312500000,-0.000000251145
2.882812500000,0.093750000000,-0.000000323750
2.882812500000,0.117187500000,-0.000000397757
2.882812500000,0.140625000000,-0.000000473434
2.882812500000,0.164062500000,-0.000000551028
2.882812500000,0.187500000000,-0.000000630758
2.882812500000,0.210937500000,-0.000000712816
2.882812500000,0.234375000000,-0.000000797361
2.882812500000,0.257812500000,-0.000000884520
2.882812500000,0.281250000000,-0.000000974385
2.882812500000,0.304687500000,-0.000001067008
2.882812500000,0.328125000000,-0.000001162403
2.882812500000,0.351562500000,-0.000001260544
2.882812500000,0.375000000000,-0.000001361366
2.882812500000,0.398437500000,-0.000001464759
2.882812500000,0.421875000000,-0.000001570571
2.882812500000,0.445312500000,-0.000001678609
2.882812500000,0.468750000000,-0.000001788639
2.882812500000,0.492187500000,-0.000001900382
2.882812500000,0.515625000000,-0.000002013524
2.882812500000,0.539062500000,-0.000002127706
2.882812500000,0.562500000000,-0.000002242534
2.882812500000,0.585937500000,-0.000002357577
2.882812500000,0.609375000000,-0.000002472369
2.882812500000,0.632812500000,-0.000002586415
2.882812500000,0.656250000000,-0.000002699186
2.882812500000,0.679687500000,-0.000002810130
2.882812500000,0.703125000000,-0.000002918670
2.882812500000,0.726562500000,-0.000003024208
2.882812500000,0.750000000000,-0.000003126131
2.882812500000,0.773437500000,-0.000003223809
2.882812500000,0.796875000000,-0.000003316605
2.882812500000,0.820312500000,-0.000003403874
2.882812500000,0.843750000000,-0.000003484971
2.882812500000,0.867187500000,-0.000003559251
2.882812500000,0.890625000000,-0.000003626075
2.882812500000,0.914062500000,-0.000003684816
2.882812500000,0.937500000000,-0.000003734858
2.882812500000,0.960937500000,-0.000003775606
2.882812500000,0.984375000000,-0.000003806486
2.882812500000,1.007812500000,-0.000003826949
2.882812500000,1.031250000000,-0.000003836479
2.882812500000,1.054687500000,-0.000003834591
2.882812500000,1.078125000000,-0.000003820839
2.882812500000,1.101562500000,-0.000003794819
2.882812500000,1.125000000000,-0.000003756169
2.882812500000,1.148437500000,-0.000003704576
2.882812500000,1.171875000000,-0.000003639777
2.882812500000,1.195312500000,-0.000003561563
2.882812500000,1.218750000000,-0.000003469779
2.882812500000,1.242187500000,-0.000003364329
2.882812500000,1.265625000000,-0.000003245175
2.882812500000,1.289062500000,-0.000003112341
2.882812500000,1.312500000000,-0.000002965913
2.882812500000,1.335937500000,-0.000002806043
2.882812500000,1.359375000000,-0.000002632941
2.882812500000,1.382812500000,-0.000002446886
2.882812500000,1.406250000000,-0.000002248220
2.882812500000,1.429687500000,-0.000002037348
2.882812500000,1.453125000000,-0.000001814740
2.882812500000,1.476562500000,-0.000001580926
2.882812500000,1.500000000000,-0.000001336497
2.882812500000,1.523437500000,-0.000001082103
2.882812500000,1.546875000000,-0.000000818452
2.882812500000,1.570312500000,-0.000000546306
2.882812500000,1.593750000000,-0.000000266477
2.882812500000,1.617187500000,0.000000020172
2.882812500000,1.640625000000,0.000000312732
2.882812500000,1.664062500000,0.000000610253
2.882812500000,1.687500000000,0.000000911748
2.882812500000,1.710937500000,0.000001216191
2.882812500000,1.734375000000,0.000001522531
2.882812500000,1.757812500000,0.000001829688
2.882812500000,1.781250000000,0.000002136561
2.882812500000,1.804687500000,0.000002442033
2.882812500000,1.828125000000,0.000002744976
2.882812500000,1.851562500000,0.000003044252
2.882812500000,1.875000000000,0.000003338725
2.882812500000,1.898437500000,0.000003627260
2.882812500000,1.921875000000,0.000003908731
2.882812500000,1.945312500000,0.000004182025
2.882812500000,1.968750000000,0.000004446049
2.882812500000,1.992187500000,0.000004699730
2.882812500000,2.015625000000,0.000004942028
2.882812500000,2.039062500000,0.000005171932
2.882812500000,2.062500000000,0.000005388473
2.882812500000,2.085937500000,0.000005590722
2.882812500000,2.109375000000,0.000005777797
2.882812500000,2.132812500000,0.000005948870
2.882812500000,2.156250000000,0.000006103165
2.882812500000,2.179687500000,0.000006239966
2.882812500000,2.203125000000,0.000006358621
2.882812500000,2.226562500000,0.000006458543
2.882812500000,2.250000000000,0.000006539214
2.882812500000,2.273437500000,0.000006600186
2.882812500000,2.296875000000,0.000006641086
2.882812500000,2.320312500000,0.000006661617
2.882812500000,2.343750000000,0.000006661560
2.882812500000,2.367187500000,0.000006640774
2.882812500000,2.390625000000,0.000006599198
2.882812500000,2.414062500000,0.000006536851
2.882812500000,2.437500000000,0.000006453833
2.882812500000,2.460937500000,0.000006350326
2.882812500000,2.484375000000,0.000006226590
2.882812500000,2.507812500000,0.000006082964
2.882812500000,2.531250000000,0.000005919868
2.882812500000,2.554687500000,0.000005737796
2.882812500000,2.578125000000,0.000005537317
2.882812500000,2.601562500000,0.000005319072
2.882812500000,2.625000000000,0.000005083775
2.882812500000,2.648437500000,0.000004832202
2.882812500000,2.671875000000,0.000004565195
2.882812500000,2.695312500000,0.000004283658
2.882812500000,2.718750000000,0.000003988549
2.882812500000,2.742187500000,0.000003680880
2.882812500000,2.765625000000,0.000003361710
2.882812500000,2.789062500000,0.000003032144
2.882812500000,2.812500000000,0.000002693323
2.882812500000,2.835937500000,0.000002346427
2.882812500000,2.859375000000,0.000001992661
2.882812500000,2.882812500000,0.000001633258
2.882812500000,2.906250000000,0.000001269467
2.882812500000,2.929687500000,0.000000902555
2.882812500000,2.953125000000,0.000000533795
2.882812500000,2.976562500000,0.000000164464
2.882812500000,3.000000000000,0.000000000000
2.906250000000,0.000000000000,0.000000000000
2.906250000000,0.023437500000,-0.000000086268
2.906250000000,0.046875000000,-0.000000141650
2.906250000000,0.070312500000,-0.000000197661
2.906250000000,0.093750000000,-0.000000254539
2.906250000000,0.117187500000,-0.000000312508
2.906250000000,0.140625000000,-0.000000371777
2.906250000000,0.164062500000,-0.000000432535
2.906250000000,0.187500000000,-0.000000494955
2.906250000000,0.210937500000,-0.000000559183
2.906250000000,0.234375000000,-0.000000625344
2.906250000000,0.257812500000,-0.000000693534
2.906250000000,0.281250000000,-0.000000763824
2.906250000000,0.304687500000,-0.000000836254
2.906250000000,0.328125000000,-0.000000910833
2.906250000000,0.351562500000,-0.000000987542
2.906250000000,0.375000000000,-0.000001066326
2.906250000000,0.398437500000,-0.000001147100
2.906250000000,0.421875000000,-0.000001229745
2.906250000000,0.445312500000,-0.000001314109
2.906250000000,0.468750000000,-0.000001400008
2.906250000000,0.492187500000,-0.000001487226
2.906250000000,0.515625000000,-0.000001575515
2.906250000000,0.539062500000,-0.000001664596
2.906250000000,0.562500000000,-0.000001754161
2.906250000000,0.585937500000,-0.000001843873
2.906250000000,0.609375000000,-0.000001933369
2.906250000000,0.632812500000,-0.000002022261
2.906250000000,0.656250000000,-0.000002110138
2.906250000000,0.679687500000,-0.000002196570
2.906250000000,0.703125000000,-0.000002281106
2.906250000000,0.726562500000,-0.000002363280
2.906250000000,0.750000000000,-0.000002442614
2.906250000000,0.773437500000,-0.000002518617
2.906250000000,0.796875000000,-0.000002590793
2.906250000000,0.820312500000,-0.000002658640
2.906250000000,0.843750000000,-0.000002721654
2.906250000000,0.867187500000,-0.000002779334
2.906250000000,0.890625000000,-0.000002831183
2.906250000000,0.914062500000,-0.000002876711
2.906250000000,0.937500000000,-0.000002915440
2.906250000000,0.960937500000,-0.000002946906
2.906250000000,0.984375000000,-0.000002970662
2.906250000000,1.007812500000,-0.000002986284
2.906250000000,1.031250000000,-0.000002993367
2.906250000000,1.054687500000,-0.000002991536
2.906250000000,1.078125000000,-0.000002980445
2.906250000000,1.101562500000,-0.000002959778
2.906250000000,1.125000000000,-0.000002929257
2.906250000000,1.148437500000,-0.000002888637
2.906250000000,1.171875000000,-0.000002837716
2.906250000000,1.195312500000,-0.000002776332
2.906250000000,1.218750000000,-0.000002704364
2.906250000000,1.242187500000,-0.000002621740
2.906250000000,1.265625000000,-0.000002528432
2.906250000000,1.289062500000,-0.000002424460
2.906250000000,1.312500000000,-0.000002309893
2.906250000000,1.335937500000,-0.000002184848
2.906250000000,1.359375000000,-0.000002049494
2.906250000000,1.382812500000,-0.000001904049
2.906250000000,1.406250000000,-0.000001748780
2.906250000000,1.429687500000,-0.000001584006
2.906250000000,1.453125000000,-0.000001410092
2.906250000000,1.476562500000,-0.000001227453
2.906250000000,1.500000000000,-0.000001036554
2.906250000000,1.523437500000,-0.000000837901
2.906250000000,1.546875000000,-0.000000632047
2.906250000000,1.570312500000,-0.000000419586
2.906250000000,1.593750000000,-0.000000201154
2.906250000000,1.617187500000,0.000000022575
2.906250000000,1.640625000000,0.000000250893
2.906250000000,1.664062500000,0.000000483058
2.906250000000,1.687500000000,0.000000718299
2.906250000000,1.710937500000,0.000000955818
2.906250000000,1.734375000000,0.000001194791
2.906250000000,1.757812500000,0.000001434378
2.906250000000,1.781250000000,0.000001673721
2.906250000000,1.804687500000,0.000001911947
2.906250000000,1.828125000000,0.000002148177
2.906250000000,1.851562500000,0.000002381524
2.906250000000,1.875000000000,0.000002611103
2.906250000000,1.898437500000,0.000002836028
2.906250000000,1.921875000000,0.000003055421
2.906250000000,1.945312500000,0.000003268417
2.906250000000,1.968750000000,0.000003474160
2.906250000000,1.992187500000,0.000003671819
2.906250000000,2.015625000000,0.000003860580
2.906250000000,2.039062500000,0.000004039657
2.906250000000,2.062500000000,0.000004208295
2.906250000000,2.085937500000,0.000004365769
2.906250000000,2.109375000000,0.000004511396
2.906250000000,2.132812500000,0.000004644527
2.906250000000,2.156250000000,0.000004764560
2.906250000000,2.179687500000,0.000004870938
2.906250000000,2.203125000000,0.000004963154
2.906250000000,2.226562500000,0.000005040750
2.906250000000,2.250000000000,0.000005103324
2.906250000000,2.273437500000,0.000005150528
2.906250000000,2.296875000000,0.000005182074
2.906250000000,2.320312500000,0.000005197730
2.906250000000,2.343750000000,0.000005197327
2.906250000000,2.367187500000,0.000005180756
2.906250000000,2.390625000000,0.000005147970
2.906250000000,2.414062500000,0.000005098987
2.906250000000,2.437500000000,0.000005033886
2.906250000000,2.460937500000,0.000004952810
2.906250000000,2.484375000000,0.000004855961
2.906250000000,2.507812500000,0.000004743607
2.906250000000,2.531250000000,0.000004616076
2.906250000000,2.554687500000,0.000004473754
2.906250000000,2.578125000000,0.000004317086
2.906250000000,2.601562500000,0.000004146574
2.906250000000,2.625000000000,0.000003962774
2.906250000000,2.648437500000,0.000003766293
2.906250000000,2.671875000000,0.000003557788
2.906250000000,2.695312500000,0.000003337965
2.906250000000,2.718750000000,0.000003107573
2.906250000000,2.742187500000,0.000002867399
2.906250000000,2.765625000000,0.000002618272
2.906250000000,2.789062500000,0.000002361053
2.906250000000,2.812500000000,0.000002096633
2.906250000000,2.835937500000,0.000001825931
2.906250000000,2.859375000000,0.000001549889
2.906250000000,2.882812500000,0.000001269467
2.906250000000,2.906250000000,0.000000985641
2.906250000000,2.929687500000,0.000000699398
2.906250000000,2.953125000000,0.000000411729
2.906250000000,2.976562500000,0.000000123633
2.906250000000,3.000000000000,0.000000000000
2.929687500000,0.000000000000,0.000000000000
2.929687500000,0.023437500000,-0.000000063101
2.929687500000,0.046875000000,-0.000000102880
2.929687500000,0.070312500000,-0.000000143111
2.929687500000,0.093750000000,-0.000000183965
2.929687500000,0.117187500000,-0.000000225600
2.929687500000,0.140625000000,-0.000000268166
2.929687500000,0.164062500000,-0.000000311797
2.929687500000,0.187500000000,-0.000000356615
2.929687500000,0.210937500000,-0.000000402725
2.929687500000,0.234375000000,-0.000000450213
2.929687500000,0.257812500000,-0.000000499150
2.929687500000,0.281250000000,-0.000000549583
2.929687500000,0.304687500000,-0.000000601541
2.929687500000,0.328125000000,-0.000000655029
2.929687500000,0.351562500000,-0.000000710033
2.929687500000,0.375000000000,-0.000000766512
2.929687500000,0.398437500000,-0.000000824404
2.929687500000,0.421875000000,-0.000000883624
2.929687500000,0.445312500000,-0.000000944062
2.929687500000,0.468750000000,-0.000001005587
2.929687500000,0.492187500000,-0.000001068040
2.929687500000,0.515625000000,-0.000001131246
2.929687500000,0.539062500000,-0.000001195004
2.929687500000,0.562500000000,-0.000001259092
2.929687500000,0.585937500000,-0.000001323270
2.929687500000,0.609375000000,-0.000001387277
2.929687500000,0.632812500000,-0.000001450835
2.929687500000,0.656250000000,-0.000001513650
2.929687500000,0.679687500000,-0.000001575414
2.929687500000,0.703125000000,-0.000001635803
2.929687500000,0.726562500000,-0.000001694486
2.929687500000,0.750000000000,-0.000001751119
2.929687500000,0.773437500000,-0.000001805351
2.929687500000,0.796875000000,-0.000001856829
2.929687500000,0.820312500000,-0.000001905192
2.929687500000,0.843750000000,-0.000001950082
2.929687500000,0.867187500000,-0.000001991139
2.929687500000,0.890625000000,-0.000002028008
2.929687500000,0.914062500000,-0.000002060340
2.929687500000,0.937500000000,-0.000002087794
2.929687500000,0.960937500000,-0.000002110038
2.929687500000,0.984375000000,-0.000002126755
2.929687500000,1.007812500000,-0.000002137639
2.929687500000,1.031250000000,-0.000002142403
2.929687500000,1.054687500000,-0.000002140781
2.929687500000,1.078125000000,-0.000002132526
2.929687500000,1.101562500000,-0.000002117412
2.929687500000,1.125000000000,-0.000002095241
2.929687500000,1.148437500000,-0.000002065841
2.929687500000,1.171875000000,-0.000002029068
2.929687500000,1.195312500000,-0.000001984806
2.929687500000,1.218750000000,-0.000001932972
2.929687500000,1.242187500000,-0.000001873514
2.929687500000,1.265625000000,-0.000001806414
2.929687500000,1.289062500000,-0.000001731689
2.929687500000,1.312500000000,-0.000001649387
2.929687500000,1.335937500000,-0.000001559596
2.929687500000,1.359375000000,-0.000001462438
2.929687500000,1.382812500000,-0.000001358068
2.929687500000,1.406250000000,-0.000001246679
2.929687500000,1.429687500000,-0.000001128502
2.929687500000,1.453125000000,-0.000001003799
2.929687500000,1.476562500000,-0.000000872868
2.929687500000,1.500000000000,-0.000000736042
2.929687500000,1.523437500000,-0.000000593684
2.929687500000,1.546875000000,-0.000000446192
2.929687500000,1.570312500000,-0.000000293992
2.929687500000,1.593750000000,-0.000000137539
2.929687500000,1.617187500000,0.000000022683
2.929687500000,1.640625000000,0.000000186169
2.929687500000,1.664062500000,0.000000352385
2.929687500000,1.687500000000,0.000000520779
2.929687500000,1.710937500000,0.000000690780
2.929687500000,1.734375000000,0.000000861800
2.929687500000,1.757812500000,0.000001033235
2.929687500000,1.781250000000,0.000001204471
2.929687500000,1.804687500000,0.000001374885
2.929687500000,1.828125000000,0.000001543848
2.929687500000,1.851562500000,0.000001710724
2.929687500000,1.875000000000,0.000001874881
2.929687500000,1.898437500000,0.000002035685
2.929687500000,1.921875000000,0.000002192510
2.929687500000,1.945312500000,0.000002344735
2.929687500000,1.968750000000,0.000002491750
2.929687500000,1.992187500000,0.000002632959
2.929687500000,2.015625000000,0.000002767782
2.929687500000,2.039062500000,0.000002895658
2.929687500000,2.062500000000,0.000003016047
2.929687500000,2.085937500000,0.000003128431
2.929687500000,2.109375000000,0.000003232322
2.929687500000,2.132812500000,0.000003327259
2.929687500000,2.156250000000,0.000003412810
2.929687500000,2.179687500000,0.000003488579
2.929687500000,2.203125000000,0.000003554204
2.929687500000,2.226562500000,0.000003609360
2.929687500000,2.250000000000,0.000003653759
2.929687500000,2.273437500000,0.000003687154
2.929687500000,2.296875000000,0.000003709341
2.929687500000,2.320312500000,0.000003720154
2.929687500000,2.343750000000,0.000003719476
2.929687500000,2.367187500000,0.000003707228
2.929687500000,2.390625000000,0.000003683380
2.929687500000,2.414062500000,0.000003647944
2.929687500000,2.437500000000,0.000003600980
2.929687500000,2.460937500000,0.000003542591
2.929687500000,2.484375000000,0.000003472923
2.929687500000,2.507812500000,0.000003392169
2.929687500000,2.531250000000,0.000003300565
2.929687500000,2.554687500000,0.000003198388
2.929687500000,2.578125000000,0.000003085959
2.929687500000,2.601562500000,0.000002963638
2.929687500000,2.625000000000,0.000002831822
2.929687500000,2.648437500000,0.000002690948
2.929687500000,2.671875000000,0.000002541488
2.929687500000,2.695312500000,0.000002383946
2.929687500000,2.718750000000,0.000002218859
2.929687500000,2.742187500000,0.000002046792
2.929687500000,2.765625000000,0.000001868339
2.929687500000,2.789062500000,0.000001684115
2.929687500000,2.812500000000,0.000001494759
2.929687500000,2.835937500000,0.000001300929
2.929687500000,2.859375000000,0.000001103298
2.929687500000,2.882812500000,0.000000902555
2.929687500000,2.906250000000,0.000000699398
2.929687500000,2.929687500000,0.000000494531
2.929687500000,2.953125000000,0.000000288667
2.929687500000,2.976562500000,0.000000082517
2.929687500000,3.000000000000,0.000000000000
2.953125000000,0.000000000000,0.000000000000
2.953125000000,0.023437500000,-0.000000039593
2.953125000000,0.046875000000,-0.000000063557
2.953125000000,0.070312500000,-0.000000087798
2.953125000000,0.093750000000,-0.000000112418
2.953125000000,0.117187500000,-0.000000137512
2.953125000000,0.140625000000,-0.000000163168
2.953125000000,0.164062500000,-0.000000189468
2.953125000000,0.187500000000,-0.000000216482
2.953125000000,0.210937500000,-0.000000244273
2.953125000000,0.234375000000,-0.000000272893
2.953125000000,0.257812500000,-0.000000302381
2.953125000000,0.281250000000,-0.000000332766
2.953125000000,0.304687500000,-0.000000364064
2.953125000000,0.328125000000,-0.000000396277
2.953125000000,0.351562500000,-0.000000429396
2.953125000000,0.375000000000,-0.000000463394
2.953125000000,0.398437500000,-0.000000498234
2.953125000000,0.421875000000,-0.000000533864
2.953125000000,0.445312500000,-0.000000570216
2.953125000000,0.468750000000,-0.000000607210
2.953125000000,0.492187500000,-0.000000644752
2.953125000000,0.515625000000,-0.000000682734
2.953125000000,0.539062500000,-0.000000721034
2.953125000000,0.562500000000,-0.000000759520
2.953125000000,0.585937500000,-0.000000798045
2.953125000000,0.609375000000,-0.000000836452
2.953125000000,0.632812500000,-0.000000874575
2.953125000000,0.656250000000,-0.000000912236
2.953125000000,0.679687500000,-0.000000949249
2.953125000000,0.703125000000,-0.000000985420
2.953125000000,0.726562500000,-0.000001020550
2.953125000000,0.750000000000,-0.000001054431
2.953125000000,0.773437500000,-0.000001086854
2.953125000000,0.796875000000,-0.000001117605
2.953125000000,0.820312500000,-0.000001146469
2.953125000000,0.843750000000,-0.000001173231
2.953125000000,0.867187500000,-0.000001197674
2.953125000000,0.890625000000,-0.000001219587
2.953125000000,0.914062500000,-0.000001238760
2.953125000000,0.937500000000,-0.000001254989
2.953125000000,0.960937500000,-0.000001268075
2.953125000000,0.984375000000,-0.000001277828
2.953125000000,1.007812500000,-0.000001284066
2.953125000000,1.031250000000,-0.000001286619
2.953125000000,1.054687500000,-0.000001285325
2.953125000000,1.078125000000,-0.000001280039
2.953125000000,1.101562500000,-0.000001270627
2.953125000000,1.125000000000,-0.000001256971
2.953125000000,1.148437500000,-0.000001238968
2.953125000000,1.171875000000,-0.000001216533
2.953125000000,1.195312500000,-0.000001189598
2.953125000000,1.218750000000,-0.000001158116
2.953125000000,1.242187500000,-0.000001122056
2.953125000000,1.265625000000,-0.000001081409
2.953125000000,1.289062500000,-0.000001036186
2.953125000000,1.312500000000,-0.000000986420
2.953125000000,1.335937500000,-0.000000932162
2.953125000000,1.359375000000,-0.000000873489
2.953125000000,1.382812500000,-0.000000810495
2.953125000000,1.406250000000,-0.000000743298
2.953125000000,1.429687500000,-0.000000672037
2.953125000000,1.453125000000,-0.000000596872
2.953125000000,1.476562500000,-0.000000517983
2.953125000000,1.500000000000,-0.000000435572
2.953125000000,1.523437500000,-0.000000349857
2.953125000000,1.546875000000,-0.000000261079
2.953125000000,1.570312500000,-0.000000169494
2.953125000000,1.593750000000,-0.000000075379
2.953125000000,1.617187500000,0.000000020978
2.953125000000,1.640625000000,0.000000119270
2.953125000000,1.664062500000,0.000000219176
2.953125000000,1.687500000000,0.000000320366
2.953125000000,1.710937500000,0.000000422493
2.953125000000,1.734375000000,0.000000525206
2.953125000000,1.757812500000,0.000000628141
2.953125000000,1.781250000000,0.000000730929
2.953125000000,1.804687500000,0.000000833196
2.953125000000,1.828125000000,0.000000934563
2.953125000000,1.851562500000,0.000001034650
2.953125000000,1.875000000000,0.000001133077
2.953125000000,1.898437500000,0.000001229463
2.953125000000,1.921875000000,0.000001323433
2.953125000000,1.945312500000,0.000001414615
2.953125000000,1.968750000000,0.000001502642
2.953125000000,1.992187500000,0.000001587159
2.953125000000,2.015625000000,0.000001667818
2.953125000000,2.039062500000,0.000001744281
2.953125000000,2.062500000000,0.000001816227
2.953125000000,2.085937500000,0.000001883347
2.953125000000,2.109375000000,0.000001945346
2.953125000000,2.132812500000,0.000002001951
2.953125000000,2.156250000000,0.000002052904
2.953125000000,2.179687500000,0.000002097968
2.953125000000,2.203125000000,0.000002136927
2.953125000000,2.226562500000,0.000002169588
2.953125000000,2.250000000000,0.000002195781
2.953125000000,2.273437500000,0.000002215357
2.953125000000,2.296875000000,0.000002228197
2.953125000000,2.320312500000,0.000002234203
2.953125000000,2.343750000000,0.000002233305
2.953125000000,2.367187500000,0.000002225460
2.953125000000,2.390625000000,0.000002210650
2.953125000000,2.414062500000,0.000002188886
2.953125000000,2.437500000000,0.000002160204
2.953125000000,2.460937500000,0.000002124667
2.953125000000,2.484375000000,0.000002082367
2.953125000000,2.507812500000,0.000002033420
2.953125000000,2.531250000000,0.000001977971
2.953125000000,2.554687500000,0.000001916187
2.953125000000,2.578125000000,0.000001848261
2.953125000000,2.601562500000,0.000001774413
2.953125000000,2.625000000000,0.000001694881
2.953125000000,2.648437500000,0.000001609931
2.953125000000,2.671875000000,0.000001519846
2.953125000000,2.695312500000,0.000001424931
2.953125000000,2.718750000000,0.000001325509
2.953125000000,2.742187500000,0.000001221920
2.953125000000,2.765625000000,0.000001114521
2.953125000000,2.789062500000,0.000001003685
2.953125000000,2.812500000000,0.000000889793
2.953125000000,2.835937500000,0.000000773243
2.953125000000,2.859375000000,0.000000654439
2.953125000000,2.882812500000,0.000000533795
2.953125000000,2.906250000000,0.000000411729
2.953125000000,2.929687500000,0.000000288667
2.953125000000,2.953125000000,0.000000165034
2.953125000000,2.976562500000,0.000000041259
2.953125000000,3.000000000000,0.000000000000
2.976562500000,0.000000000000,0.000000000000
2.976562500000,0.023437500000,-0.000000015876
2.976562500000,0.046875000000,-0.000000023900
2.976562500000,0.070312500000,-0.000000032028
2.976562500000,0.093750000000,-0.000000040294
2.976562500000,0.117187500000,-0.000000048727
2.976562500000,0.140625000000,-0.000000057356
2.976562500000,0.164062500000,-0.000000066209
2.976562500000,0.187500000000,-0.000000075306
2.976562500000,0.210937500000,-0.000000084669
2.976562500000,0.234375000000,-0.000000094312
2.976562500000,0.257812500000,-0.000000104248
2.976562500000,0.281250000000,-0.000000114486
2.976562500000,0.304687500000,-0.000000125028
2.976562500000,0.328125000000,-0.000000135875
2.976562500000,0.351562500000,-0.000000147020
2.976562500000,0.375000000000,-0.000000158455
2.976562500000,0.398437500000,-0.000000170165
2.976562500000,0.421875000000,-0.000000182131
2.976562500000,0.445312500000,-0.000000194329
2.976562500000,0.468750000000,-0.000000206731
2.976562500000,0.492187500000,-0.000000219303
2.976562500000,0.515625000000,-0.000000232009
2.976562500000,0.539062500000,-0.000000244806
2.976562500000,0.562500000000,-0.000000257649
2.976562500000,0.585937500000,-0.000000270488
2.976562500000,0.609375000000,-0.000000283268
2.976562500000,0.632812500000,-0.000000295934
2.976562500000,0.656250000000,-0.000000308425
2.976562500000,0.679687500000,-0.000000320679
2.976562500000,0.703125000000,-0.000000332629
2.976562500000,0.726562500000,-0.000000344209
2.976562500000,0.750000000000,-0.000000355350
2.976562500000,0.773437500000,-0.000000365980
2.976562500000,0.796875000000,-0.000000376028
2.976562500000,0.820312500000,-0.000000385423
2.976562500000,0.843750000000,-0.000000394092
2.976562500000,0.867187500000,-0.000000401965
2.976562500000,0.890625000000,-0.000000408970
2.976562500000,0.914062500000,-0.000000415038
2.976562500000,0.937500000000,-0.000000420102
2.976562500000,0.960937500000,-0.000000424096
2.976562500000,0.984375000000,-0.000000426959
2.976562500000,1.007812500000,-0.000000428629
2.976562500000,1.031250000000,-0.000000429053
2.976562500000,1.054687500000,-0.000000428177
2.976562500000,1.078125000000,-0.000000425954
2.976562500000,1.101562500000,-0.000000422342
2.976562500000,1.125000000000,-0.000000417302
2.976562500000,1.148437500000,-0.000000410803
2.976562500000,1.171875000000,-0.000000402818
2.976562500000,1.195312500000,-0.000000393326
2.976562500000,1.218750000000,-0.000000382315
2.976562500000,1.242187500000,-0.000000369775
2.976562500000,1.265625000000,-0.000000355706
2.976562500000,1.289062500000,-0.000000340114
2.976562500000,1.312500000000,-0.000000323012
2.976562500000,1.335937500000,-0.000000304421
2.976562500000,1.359375000000,-0.000000284366
2.976562500000,1.382812500000,-0.000000262884
2.976562500000,1.406250000000,-0.000000240016
2.976562500000,1.429687500000,-0.000000215809
2.976562500000,1.453125000000,-0.000000190320
2.976562500000,1.476562500000,-0.000000163611
2.976562500000,1.500000000000,-0.000000135751
2.976562500000,1.523437500000,-0.000000106816
2.976562500000,1.546875000000,-0.000000076888
2.976562500000,1.570312500000,-0.000000046055
2.976562500000,1.593750000000,-0.000000014409
2.976562500000,1.617187500000,0.000000017950
2.976562500000,1.640625000000,0.000000050919
2.976562500000,1.664062500000,0.000000084390
2.976562500000,1.687500000000,0.000000118250
2.976562500000,1.710937500000,0.000000152384
2.976562500000,1.734375000000,0.000000186672
2.976562500000,1.757812500000,0.000000220994
2.976562500000,1.781250000000,0.000000255225
2.976562500000,1.804687500000,0.000000289240
2.976562500000,1.828125000000,0.000000322913
2.976562500000,1.851562500000,0.000000356116
2.976562500000,1.875000000000,0.000000388722
2.976562500000,1.898437500000,0.000000420607
2.976562500000,1.921875000000,0.000000451643
2.976562500000,1.945312500000,0.000000481709
2.976562500000,1.968750000000,0.000000510683
2.976562500000,1.992187500000,0.000000538447
2.976562500000,2.015625000000,0.000000564887
2.976562500000,2.039062500000,0.000000589891
2.976562500000,2.062500000000,0.000000613353
2.976562500000,2.085937500000,0.000000635173
2.976562500000,2.109375000000,0.000000655255
2.976562500000,2.132812500000,0.000000673507
2.976562500000,2.156250000000,0.000000689849
2.976562500000,2.179687500000,0.000000704201
2.976562500000,2.203125000000,0.000000716496
2.976562500000,2.226562500000,0.000000726670
2.976562500000,2.250000000000,0.000000734671
2.976562500000,2.273437500000,0.000000740450
2.976562500000,2.296875000000,0.000000743972
2.976562500000,2.320312500000,0.000000745206
2.976562500000,2.343750000000,0.000000744133
2.976562500000,2.367187500000,0.000000740739
2.976562500000,2.390625000000,0.000000735024
2.976562500000,2.414062500000,0.000000726993
2.976562500000,2.437500000000,0.000000716661
2.976562500000,2.460937500000,0.000000704052
2.976562500000,2.484375000000,0.000000689201
2.976562500000,2.507812500000,0.000000672148
2.976562500000,2.531250000000,0.000000652944
2.976562500000,2.554687500000,0.000000631649
2.976562500000,2.578125000000,0.000000608330
2.976562500000,2.601562500000,0.000000583062
2.976562500000,2.625000000000,0.000000555927
2.976562500000,2.648437500000,0.000000527016
2.976562500000,2.671875000000,0.000000496426
2.976562500000,2.695312500000,0.000000464261
2.976562500000,2.718750000000,0.000000430631
2.976562500000,2.742187500000,0.000000395650
2.976562500000,2.765625000000,0.000000359440
2.976562500000,2.789062500000,0.000000322125
2.976562500000,2.812500000000,0.000000283836
2.976562500000,2.835937500000,0.000000244705
2.976562500000,2.859375000000,0.000000204868
2.976562500000,2.882812500000,0.000000164464
2.976562500000,2.906250000000,0.000000123633
2.976562500000,2.929687500000,0.000000082517
2.976562500000,2.953125000000,0.000000041259
2.976562500000,2.976562500000,-0.000000000000
2.976562500000,3.000000000000,0.000000000000
3.000000000000,0.000000000000,0.000000000000
3.000000000000,0.023437500000,0.000000000000
3.000000000000,0.046875000000,0.000000000000
3.000000000000,0.070312500000,0.000000000000
3.000000000000,0.093750000000,0.000000000000
3.000000000000,0.117187500000,0.000000000000
3.000000000000,0.140625000000,0.000000000000
3.000000000000,0.164062500000,0.000000000000
3.000000000000,0.187500000000,0.000000000000
3.000000000000,0.210937500000,0.000000000000
3.000000000000,0.234375000000,0.000000000000
3.000000000000,0.257812500000,0.000000000000
3.000000000000,0.281250000000,0.000000000000
3.000000000000,0.304687500000,0.000000000000
3.000000000000,0.328125000000,0.000000000000
3.000000000000,0.351562500000,0.000000000000
3.000000000000,0.375000000000,0.000000000000
3.000000000000,0.398437500000,0.000000000000
3.000000000000,0.421875000000,0.000000000000
3.000000000000,0.445312500000,0.000000000000
3.000000000000,0.468750000000,0.000000000000
3.000000000000,0.492187500000,0.000000000000
3.000000000000,0.515625000000,0.000000000000
3.000000000000,0.539062500000,0.000000000000
3.000000000000,0.562500000000,0.000000000000
3.000000000000,0.585937500000,0.000000000000
3.000000000000,0.609375000000,0.000000000000
3.000000000000,0.632812500000,0.000000000000
3.000000000000,0.656250000000,0.000000000000
3.000000000000,0.679687500000,0.000000000000
3.000000000000,0.703125000000,0.000000000000
3.000000000000,0.726562500000,0.000000000000
3.000000000000,0.750000000000,0.000000000000
3.000000000000,0.773437500000,0.000000000000
3.000000000000,0.796875000000,0.000000000000
3.000000000000,0.820312500000,0.000000000000
3.000000000000,0.843750000000,0.000000000000
3.000000000000,0.867187500000,0.000000000000
3.000000000000,0.890625000000,0.000000000000
3.000000000000,0.914062500000,0.000000000000
3.000000000000,0.937500000000,0.000000000000
3.000000000000,0.960937500000,0.000000000000
3.000000000000,0.984375000000,0.000000000000
3.000000000000,1.007812500000,0.000000000000
3.000000000000,1.031250000000,0.000000000000
3.000000000000,1.054687500000,0.000000000000
3.000000000000,1.078125000000,0.000000000000
3.000000000000,1.101562500000,0.000000000000
3.000000000000,1.125000000000,0.000000000000
3.000000000000,1.148437500000,0.000000000000
3.000000000000,1.171875000000,0.000000000000
3.000000000000,1.195312500000,0.000000000000
3.000000000000,1.218750000000,0.000000000000
3.000000000000,1.242187500000,0.000000000000
3.000000000000,1.265625000000,0.000000000000
3.000000000000,1.289062500000,0.000000000000
3.000000000000,1.312500000000,0.000000000000
3.000000000000,1.335937500000,0.000000000000
3.000000000000,1.359375000000,0.000000000000
3.000000000000,1.382812500000,0.000000000000
3.000000000000,1.406250000000,0.000000000000
3.000000000000,1.429687500000,0.000000000000
3.000000000000,1.453125000000,0.000000000000
3.000000000000,1.476562500000,0.000000000000
3.000000000000,1.500000000000,0.000000000000
3.000000000000,1.523437500000,0.000000000000
3.000000000000,1.546875000000,0.000000000000
3.000000000000,1.570312500000,0.000000000000
3.000000000000,1.593750000000,0.000000000000
3.000000000000,1.617187500000,0.000000000000
3.000000000000,1.640625000000,0.000000000000
3.000000000000,1.664062500000,0.000000000000
3.000000000000,1.687500000000,0.000000000000
3.000000000000,1.710937500000,0.000000000000
3.000000000000,1.734375000000,0.000000000000
3.000000000000,1.757812500000,0.000000000000
3.000000000000,1.781250000000,0.000000000000
3.000000000000,1.804687500000,0.000000000000
3.000000000000,1.828125000000,0.000000000000
3.000000000000,1.851562500000,0.000000000000
3.000000000000,1.875000000000,0.000000000000
3.000000000000,1.898437500000,0.000000000000
3.000000000000,1.921875000000,0.000000000000
3.000000000000,1.945312500000,0.000000000000
3.000000000000,1.968750000000,0.000000000000
3.000000000000,1.992187500000,0.000000000000
3.000000000000,2.015625000000,0.000000000000
3.000000000000,2.039062500000,0.000000000000
3.000000000000,2.062500000000,0.000000000000
3.000000000000,2.085937500000,0.000000000000
3.000000000000,2.109375000000,0.000000000000
3.000000000000,2.132812500000,0.000000000000
3.000000000000,2.156250000000,0.000000000000
3.000000000000,2.179687500000,0.000000000000
3.000000000000,2.203125000000,0.000000000000
3.000000000000,2.226562500000,0.000000000000
3.000000000000,2.250000000000,0.000000000000
3.000000000000,2.273437500000,0.000000000000
3.000000000000,2.296875000000,0.000000000000
3.000000000000,2.320312500000,0.000000000000
3.000000000000,2.343750000000,0.000000000000
3.000000000000,2.367187500000,0.000000000000
3.000000000000,2.390625000000,0.000000000000
3.000000000000,2.414062500000,0.000000000000
3.000000000000,2.437500000000,0.000000000000
3.000000000000,2.460937500000,0.000000000000
3.000000000000,2.484375000000,0.000000000000
3.000000000000,2.507812500000,0.000000000000
3.000000000000,2.531250000000,0.000000000000
3.000000000000,2.554687500000,0.000000000000
3.000000000000,2.578125000000,0.000000000000
3.000000000000,2.601562500000,0.000000000000
3.000000000000,2.625000000000,0.000000000000
3.000000000000,2.648437500000,0.000000000000
3.000000000000,2.671875000000,0.000000000000
3.000000000000,2.695312500000,0.000000000000
3.000000000000,2.718750000000,0.000000000000
3.000000000000,2.742187500000,0.000000000000
3.000000000000,2.765625000000,0.000000000000
3.000000000000,2.789062500000,0.000000000000
3.000000000000,2.812500000000,0.000000000000
3.000000000000,2.835937500000,0.000000000000
3.000000000000,2.859375000000,0.000000000000
3.000000000000,2.882812500000,0.000000000000
3.000000000000,2.906250000000,0.000000000000
3.000000000000,2.929687500000,0.000000000000
3.000000000000,2.953125000000,0.000000000000
3.000000000000,2.976562500000,0.000000000000
3.000000000000,3.000000000000,0.000000000000
