x,y,value
0.000000000000,0.000000000000,0.000000000000
0.000000000000,0.046875000000,0.000000000000
0.000000000000,0.093750000000,0.000000000000
0.000000000000,0.140625000000,0.000000000000
0.000000000000,0.187500000000,0.000000000000
0.000000000000,0.234375000000,0.000000000000
0.000000000000,0.281250000000,0.000000000000
0.000000000000,0.328125000000,0.000000000000
0.000000000000,0.375000000000,0.000000000000
0.000000000000,0.421875000000,0.000000000000
0.000000000000,0.468750000000,0.000000000000
0.000000000000,0.515625000000,0.000000000000
0.000000000000,0.562500000000,0.000000000000
0.000000000000,0.609375000000,0.000000000000
0.000000000000,0.656250000000,0.000000000000
0.000000000000,0.703125000000,0.000000000000
0.000000000000,0.750000000000,0.000000000000
0.000000000000,0.796875000000,0.000000000000
0.000000000000,0.843750000000,0.000000000000
0.000000000000,0.890625000000,0.000000000000
0.000000000000,0.937500000000,0.000000000000
0.000000000000,0.984375000000,0.000000000000
0.000000000000,1.031250000000,0.000000000000
0.000000000000,1.078125000000,0.000000000000
0.000000000000,1.125000000000,0.000000000000
0.000000000000,1.171875000000,0.000000000000
0.000000000000,1.218750000000,0.000000000000
0.000000000000,1.265625000000,0.000000000000
0.000000000000,1.312500000000,0.000000000000
0.000000000000,1.359375000000,0.000000000000
0.000000000000,1.406250000000,0.000000000000
0.000000000000,1.453125000000,0.000000000000
0.000000000000,1.500000000000,0.000000000000
0.000000000000,1.546875000000,0.000000000000
0.000000000000,1.593750000000,0.000000000000
0.000000000000,1.640625000000,0.000000000000
0.000000000000,1.687500000000,0.000000000000
0.000000000000,1.734375000000,0.000000000000
0.000000000000,1.781250000000,0.000000000000
0.000000000000,1.828125000000,0.000000000000
0.000000000000,1.875000000000,0.000000000000
0.000000000000,1.921875000000,0.000000000000
0.000000000000,1.968750000000,0.000000000000
0.000000000000,2.015625000000,0.000000000000
0.000000000000,2.062500000000,0.000000000000
0.000000000000,2.109375000000,0.000000000000
0.000000000000,2.156250000000,0.000000000000
0.000000000000,2.203125000000,0.000000000000
0.000000000000,2.250000000000,0.000000000000
0.000000000000,2.296875000000,0.000000000000
0.000000000000,2.343750000000,0.000000000000
0.000000000000,2.390625000000,0.000000000000
0.000000000000,2.437500000000,0.000000000000
0.000000000000,2.484375000000,0.000000000000
0.000000000000,2.531250000000,0.000000000000
0.000000000000,2.578125000000,0.000000000000
0.000000000000,2.625000000000,0.000000000000
0.000000000000,2.671875000000,0.000000000000
0.000000000000,2.718750000000,0.000000000000
0.000000000000,2.765625000000,0.000000000000
0.000000000000,2.812500000000,0.000000000000
0.000000000000,2.859375000000,0.000000000000
0.000000000000,2.906250000000,0.000000000000
0.000000000000,2.953125000000,0.000000000000
0.000000000000,3.000000000000,0.000000000000
0.046875000000,0.000000000000,0.000000000000
0.046875000000,0.046875000000,0.000000279209
0.046875000000,0.093750000000,0.000000488285
0.046875000000,0.140625000000,0.000000696782
0.046875000000,0.187500000000,0.000000904285
0.046875000000,0.234375000000,0.000001110219
0.046875000000,0.281250000000,0.000001313831
0.046875000000,0.328125000000,0.000001514176
0.046875000000,0.375000000000,0.000001710113
0.046875000000,0.421875000000,0.000001900305
0.046875000000,0.468750000000,0.000002083231
0.046875000000,0.515625000000,0.000002257197
0.046875000000,0.562500000000,0.000002420366
0.046875000000,0.609375000000,0.000002570777
0.046875000000,0.656250000000,0.000002706391
0.046875000000,0.703125000000,0.000002825122
0.046875000000,0.750000000000,0.000002924885
0.046875000000,0.796875000000,0.000003003642
0.046875000000,0.843750000000,0.000003059453
0.046875000000,0.890625000000,0.000003090521
0.046875000000,0.937500000000,0.000003095244
0.046875000000,0.984375000000,0.000003072264
0.046875000000,1.031250000000,0.000003020509
0.046875000000,1.078125000000,0.000002939235
0.046875000000,1.125000000000,0.000002828062
0.046875000000,1.171875000000,0.000002687003
0.046875000000,1.218750000000,0.000002516488
0.046875000000,1.265625000000,0.000002317382
0.046875000000,1.312500000000,0.000002090987
0.046875000000,1.359375000000,0.000001839047
0.046875000000,1.406250000000,0.000001563736
0.046875000000,1.453125000000,0.000001267639
0.046875000000,1.500000000000,0.000000953730
0.046875000000,1.546875000000,0.000000625335
0.046875000000,1.593750000000,0.000000286091
0.046875000000,1.640625000000,-0.000000060106
0.046875000000,1.687500000000,-0.000000409148
0.046875000000,1.734375000000,-0.000000756783
0.046875000000,1.781250000000,-0.000001098672
0.046875000000,1.828125000000,-0.000001430460
0.046875000000,1.875000000000,-0.000001747843
0.046875000000,1.921875000000,-0.000002046633
0.046875000000,1.968750000000,-0.000002322832
0.046875000000,2.015625000000,-0.000002572691
0.046875000000,2.062500000000,-0.000002792778
0.046875000000,2.109375000000,-0.000002980029
0.046875000000,2.156250000000,-0.000003131803
0.046875000000,2.203125000000,-0.000003245930
0.046875000000,2.250000000000,-0.000003320741
0.046875000000,2.296875000000,-0.000003355107
0.046875000000,2.343750000000,-0.000003348451
0.046875000000,2.390625000000,-0.000003300764
0.046875000000,2.437500000000,-0.000003212608
0.046875000000,2.484375000000,-0.000003085107
0.046875000000,2.531250000000,-0.000002919930
0.046875000000,2.578125000000,-0.000002719269
0.046875000000,2.625000000000,-0.000002485803
0.046875000000,2.671875000000,-0.000002222657
0.046875000000,2.718750000000,-0.000001933356
0.046875000000,2.765625000000,-0.000001621766
0.046875000000,2.812500000000,-0.000001292037
0.046875000000,2.859375000000,-0.000000948541
0.046875000000,2.906250000000,-0.000000595802
0.046875000000,2.953125000000,-0.000000238428
0.046875000000,3.000000000000,0.000000000000
0.093750000000,0.000000000000,0.000000000000
0.093750000000,0.046875000000,0.000000488285
0.093750000000,0.093750000000,0.000000836323
0.093750000000,0.140625000000,0.000001183200
0.093750000000,0.187500000000,0.000001528172
0.093750000000,0.234375000000,0.000001870230
0.093750000000,0.281250000000,0.000002208078
0.093750000000,0.328125000000,0.000002540105
0.093750000000,0.375000000000,0.000002864380
0.093750000000,0.421875000000,0.000003178658
0.093750000000,0.468750000000,0.000003480394
0.093750000000,0.515625000000,0.000003766770
0.093750000000,0.562500000000,0.000004034731
0.093750000000,0.609375000000,0.000004281040
0.093750000000,0.656250000000,0.000004502328
0.093750000000,0.703125000000,0.000004695166
0.093750000000,0.750000000000,0.000004856136
0.093750000000,0.796875000000,0.000004981905
0.093750000000,0.843750000000,0.000005069312
0.093750000000,0.890625000000,0.000005115442
0.093750000000,0.937500000000,0.000005117709
0.093750000000,0.984375000000,0.000005073938
0.093750000000,1.031250000000,0.000004982430
0.093750000000,1.078125000000,0.000004842037
0.093750000000,1.125000000000,0.000004652212
0.093750000000,1.171875000000,0.000004413062
0.093750000000,1.218750000000,0.000004125384
0.093750000000,1.265625000000,0.000003790687
0.093750000000,1.312500000000,0.000003411206
0.093750000000,1.359375000000,0.000002989901
0.093750000000,1.406250000000,0.000002530436
0.093750000000,1.453125000000,0.000002037151
0.093750000000,1.500000000000,0.000001515018
0.093750000000,1.546875000000,0.000000969582
0.093750000000,1.593750000000,0.000000406893
0.093750000000,1.640625000000,-0.000000166576
0.093750000000,1.687500000000,-0.000000744021
0.093750000000,1.734375000000,-0.000001318404
0.093750000000,1.781250000000,-0.000001882559
0.093750000000,1.828125000000,-0.000002429301
0.093750000000,1.875000000000,-0.000002951540
0.093750000000,1.921875000000,-0.000003442392
0.093750000000,1.968750000000,-0.000003895292
0.093750000000,2.015625000000,-0.000004304099
0.093750000000,2.062500000000,-0.000004663197
0.093750000000,2.109375000000,-0.000004967594
0.093750000000,2.156250000000,-0.000005212997
0.093750000000,2.203125000000,-0.000005395895
0.093750000000,2.250000000000,-0.000005513614
0.093750000000,2.296875000000,-0.000005564365
0.093750000000,2.343750000000,-0.000005547278
0.093750000000,2.390625000000,-0.000005462419
0.093750000000,2.437500000000,-0.000005310796
0.093750000000,2.484375000000,-0.000005094338
0.093750000000,2.531250000000,-0.000004815878
0.093750000000,2.578125000000,-0.000004479100
0.093750000000,2.625000000000,-0.000004088491
0.093750000000,2.671875000000,-0.000003649265
0.093750000000,2.718750000000,-0.000003167287
0.093750000000,2.765625000000,-0.000002648983
0.093750000000,2.812500000000,-0.000002101237
0.093750000000,2.859375000000,-0.000001531288
0.093750000000,2.906250000000,-0.000000946619
0.093750000000,2.953125000000,-0.000000354847
0.093750000000,3.000000000000,0.000000000000
0.140625000000,0.000000000000,0.000000000000
0.140625000000,0.046875000000,0.000000696782
0.140625000000,0.093750000000,0.000001183200
0.140625000000,0.140625000000,0.000001667688
0.140625000000,0.187500000000,0.000002149133
0.140625000000,0.234375000000,0.000002626066
0.140625000000,0.281250000000,0.000003096618
0.140625000000,0.328125000000,0.000003558500
0.140625000000,0.375000000000,0.000004008988
0.140625000000,0.421875000000,0.000004444931
0.140625000000,0.468750000000,0.000004862775
0.140625000000,0.515625000000,0.000005258599
0.140625000000,0.562500000000,0.000005628170
0.140625000000,0.609375000000,0.000005967007
0.140625000000,0.656250000000,0.000006270468
0.140625000000,0.703125000000,0.000006533835
0.140625000000,0.750000000000,0.000006752414
0.140625000000,0.796875000000,0.000006921647
0.140625000000,0.843750000000,0.000007037215
0.140625000000,0.890625000000,0.000007095155
0.140625000000,0.937500000000,0.000007091968
0.140625000000,0.984375000000,0.000007024723
0.140625000000,1.031250000000,0.000006891163
0.140625000000,1.078125000000,0.000006689787
0.140625000000,1.125000000000,0.000006419937
0.140625000000,1.171875000000,0.000006081854
0.140625000000,1.218750000000,0.000005676736
0.140625000000,1.265625000000,0.000005206766
0.140625000000,1.312500000000,0.000004675125
0.140625000000,1.359375000000,0.000004085992
0.140625000000,1.406250000000,0.000003444514
0.140625000000,1.453125000000,0.000002756769
0.140625000000,1.500000000000,0.000002029696
0.140625000000,1.546875000000,0.000001271022
0.140625000000,1.593750000000,0.000000489160
0.140625000000,1.640625000000,-0.000000306901
0.140625000000,1.687500000000,-0.000001107726
0.140625000000,1.734375000000,-0.000001903564
0.140625000000,1.781250000000,-0.000002684500
0.140625000000,1.828125000000,-0.000003440604
0.140625000000,1.875000000000,-0.000004162085
0.140625000000,1.921875000000,-0.000004839450
0.140625000000,1.968750000000,-0.000005463652
0.140625000000,2.015625000000,-0.000006026240
0.140625000000,2.062500000000,-0.000006519499
0.140625000000,2.109375000000,-0.000006936578
0.140625000000,2.156250000000,-0.000007271604
0.140625000000,2.203125000000,-0.000007519783
0.140625000000,2.250000000000,-0.000007677486
0.140625000000,2.296875000000,-0.000007742308
0.140625000000,2.343750000000,-0.000007713115
0.140625000000,2.390625000000,-0.000007590070
0.140625000000,2.437500000000,-0.000007374629
0.140625000000,2.484375000000,-0.000007069531
0.140625000000,2.531250000000,-0.000006678751
0.140625000000,2.578125000000,-0.000006207442
0.140625000000,2.625000000000,-0.000005661860
0.140625000000,2.671875000000,-0.000005049265
0.140625000000,2.718750000000,-0.000004377807
0.140625000000,2.765625000000,-0.000003656407
0.140625000000,2.812500000000,-0.000002894612
0.140625000000,2.859375000000,-0.000002102457
0.140625000000,2.906250000000,-0.000001290305
0.140625000000,2.953125000000,-0.000000468697
0.140625000000,3.000000000000,0.000000000000
0.187500000000,0.000000000000,0.000000000000
0.187500000000,0.046875000000,0.000000904285
0.187500000000,0.093750000000,0.000001528172
0.187500000000,0.140625000000,0.000002149133
0.187500000000,0.187500000000,0.000002765643
0.187500000000,0.234375000000,0.000003375732
0.187500000000,0.281250000000,0.000003976936
0.187500000000,0.328125000000,0.000004566268
0.187500000000,0.375000000000,0.000005140204
0.187500000000,0.421875000000,0.000005694696
0.187500000000,0.468750000000,0.000006225201
0.187500000000,0.515625000000,0.000006726724
0.187500000000,0.562500000000,0.000007193892
0.187500000000,0.609375000000,0.000007621038
0.187500000000,0.656250000000,0.000008002302
0.187500000000,0.703125000000,0.000008331746
0.187500000000,0.750000000000,0.000008603479
0.187500000000,0.796875000000,0.000008811792
0.187500000000,0.843750000000,0.000008951296
0.187500000000,0.890625000000,0.000009017062
0.187500000000,0.937500000000,0.000009004759
0.187500000000,0.984375000000,0.000008910785
0.187500000000,1.031250000000,0.000008732395
0.187500000000,1.078125000000,0.000008467811
0.187500000000,1.125000000000,0.000008116320
0.187500000000,1.171875000000,0.000007678355
0.187500000000,1.218750000000,0.000007155555
0.187500000000,1.265625000000,0.000006550803
0.187500000000,1.312500000000,0.000005868248
0.187500000000,1.359375000000,0.000005113289
0.187500000000,1.406250000000,0.000004292548
0.187500000000,1.453125000000,0.000003413815
0.187500000000,1.500000000000,0.000002485962
0.187500000000,1.546875000000,0.000001518846
0.187500000000,1.593750000000,0.000000523183
0.187500000000,1.640625000000,-0.000000489598
0.187500000000,1.687500000000,-0.000001507509
0.187500000000,1.734375000000,-0.000002518182
0.187500000000,1.781250000000,-0.000003509049
0.187500000000,1.828125000000,-0.000004467537
0.187500000000,1.875000000000,-0.000005381263
0.187500000000,1.921875000000,-0.000006238227
0.187500000000,1.968750000000,-0.000007027009
0.187500000000,2.015625000000,-0.000007736953
0.187500000000,2.062500000000,-0.000008358341
0.187500000000,2.109375000000,-0.000008882556
0.187500000000,2.156250000000,-0.000009302226
0.187500000000,2.203125000000,-0.000009611354
0.187500000000,2.250000000000,-0.000009805413
0.187500000000,2.296875000000,-0.000009881435
0.187500000000,2.343750000000,-0.000009838061
0.187500000000,2.390625000000,-0.000009675570
0.187500000000,2.437500000000,-0.000009395883
0.187500000000,2.484375000000,-0.000009002536
0.187500000000,2.531250000000,-0.000008500632
0.187500000000,2.578125000000,-0.000007896762
0.187500000000,2.625000000000,-0.000007198903
0.187500000000,2.671875000000,-0.000006416303
0.187500000000,2.718750000000,-0.000005559331
0.187500000000,2.765625000000,-0.000004639322
0.187500000000,2.812500000000,-0.000003668404
0.187500000000,2.859375000000,-0.000002659310
0.187500000000,2.906250000000,-0.000001625189
0.187500000000,2.953125000000,-0.000000579406
0.187500000000,3.000000000000,0.000000000000
0.234375000000,0.000000000000,0.000000000000
0.234375000000,0.046875000000,0.000001110219
0.234375000000,0.093750000000,0.000001870230
0.234375000000,0.140625000000,0.000002626065
0.234375000000,0.187500000000,0.000003375733
0.234375000000,0.234375000000,0.000004116718
0.234375000000,0.281250000000,0.000004845933
0.234375000000,0.328125000000,0.000005559675
0.234375000000,0.375000000000,0.000006253620
0.234375000000,0.421875000000,0.000006922830
0.234375000000,0.468750000000,0.000007561793
0.234375000000,0.515625000000,0.000008164480
0.234375000000,0.562500000000,0.000008724428
0.234375000000,0.609375000000,0.000009234842
0.234375000000,0.656250000000,0.000009688720
0.234375000000,0.703125000000,0.000010078982
0.234375000000,0.750000000000,0.000010398628
0.234375000000,0.796875000000,0.000010640893
0.234375000000,0.843750000000,0.000010799413
0.234375000000,0.890625000000,0.000010868392
0.234375000000,0.937500000000,0.000010842763
0.234375000000,0.984375000000,0.000010718346
0.234375000000,1.031250000000,0.000010491999
0.234375000000,1.078125000000,0.000010161745
0.234375000000,1.125000000000,0.000009726888
0.234375000000,1.171875000000,0.000009188110
0.234375000000,1.218750000000,0.000008547540
0.234375000000,1.265625000000,0.000007808797
0.234375000000,1.312500000000,0.000006977010
0.234375000000,1.359375000000,0.000006058803
0.234375000000,1.406250000000,0.000005062261
0.234375000000,1.453125000000,0.000003996853
0.234375000000,1.500000000000,0.000002873340
0.234375000000,1.546875000000,0.000001703649
0.234375000000,1.593750000000,0.000000500721
0.234375000000,1.640625000000,-0.000000721658
0.234375000000,1.687500000000,-0.000001949052
0.234375000000,1.734375000000,-0.000003166581
0.234375000000,1.781250000000,-0.000004359143
0.234375000000,1.828125000000,-0.000005511644
0.234375000000,1.875000000000,-0.000006609233
0.234375000000,1.921875000000,-0.000007637533
0.234375000000,1.968750000000,-0.000008582877
0.234375000000,2.015625000000,-0.000009432523
0.234375000000,2.062500000000,-0.000010174867
0.234375000000,2.109375000000,-0.000010799638
0.234375000000,2.156250000000,-0.000011298063
0.234375000000,2.203125000000,-0.000011663024
0.234375000000,2.250000000000,-0.000011889177
0.234375000000,2.296875000000,-0.000011973046
0.234375000000,2.343750000000,-0.000011913089
0.234375000000,2.390625000000,-0.000011709733
0.234375000000,2.437500000000,-0.000011365370
0.234375000000,2.484375000000,-0.000010884331
0.234375000000,2.531250000000,-0.000010272821
0.234375000000,2.578125000000,-0.000009538826
0.234375000000,2.625000000000,-0.000008691997
0.234375000000,2.671875000000,-0.000007743496
0.234375000000,2.718750000000,-0.000006705829
0.234375000000,2.765625000000,-0.000005592654
0.234375000000,2.812500000000,-0.000004418575
0.234375000000,2.859375000000,-0.000003198914
0.234375000000,2.906250000000,-0.000001949487
0.234375000000,2.953125000000,-0.000000686363
0.234375000000,3.000000000000,0.000000000000
0.281250000000,0.000000000000,0.000000000000
0.281250000000,0.046875000000,0.000001313831
0.281250000000,0.093750000000,0.000002208078
0.281250000000,0.140625000000,0.000003096618
0.281250000000,0.187500000000,0.000003976936
0.281250000000,0.234375000000,0.000004845933
0.281250000000,0.281250000000,0.000005699862
0.281250000000,0.328125000000,0.000006534289
0.281250000000,0.375000000000,0.000007344084
0.281250000000,0.421875000000,0.000008123435
0.281250000000,0.468750000000,0.000008865891
0.281250000000,0.515625000000,0.000009564430
0.281250000000,0.562500000000,0.000010211559
0.281250000000,0.609375000000,0.000010799425
0.281250000000,0.656250000000,0.000011319962
0.281250000000,0.703125000000,0.000011765046
0.281250000000,0.750000000000,0.000012126665
0.281250000000,0.796875000000,0.000012397106
0.281250000000,0.843750000000,0.000012569139
0.281250000000,0.890625000000,0.000012636209
0.281250000000,0.937500000000,0.000012592624
0.281250000000,0.984375000000,0.000012433732
0.281250000000,1.031250000000,0.000012156088
0.281250000000,1.078125000000,0.000011757607
0.281250000000,1.125000000000,0.000011237691
0.281250000000,1.171875000000,0.000010597334
0.281250000000,1.218750000000,0.000009839206
0.281250000000,1.265625000000,0.000008967694
0.281250000000,1.312500000000,0.000007988927
0.281250000000,1.359375000000,0.000006910755
0.281250000000,1.406250000000,0.000005742701
0.281250000000,1.453125000000,0.000004495880
0.281250000000,1.500000000000,0.000003182886
0.281250000000,1.546875000000,0.000001817641
0.281250000000,1.593750000000,0.000000415226
0.281250000000,1.640625000000,-0.000001008324
0.281250000000,1.687500000000,-0.000002436237
0.281250000000,1.734375000000,-0.000003851250
0.281250000000,1.781250000000,-0.000005235863
0.281250000000,1.828125000000,-0.000006572603
0.281250000000,1.875000000000,-0.000007844295
0.281250000000,1.921875000000,-0.000009034335
0.281250000000,1.968750000000,-0.000010126948
0.281250000000,2.015625000000,-0.000011107452
0.281250000000,2.062500000000,-0.000011962492
0.281250000000,2.109375000000,-0.000012680261
0.281250000000,2.156250000000,-0.000013250702
0.281250000000,2.203125000000,-0.000013665676
0.281250000000,2.250000000000,-0.000013919101
0.281250000000,2.296875000000,-0.000014007065
0.281250000000,2.343750000000,-0.000013927891
0.281250000000,2.390625000000,-0.000013682180
0.281250000000,2.437500000000,-0.000013272809
0.281250000000,2.484375000000,-0.000012704894
0.281250000000,2.531250000000,-0.000011985712
0.281250000000,2.578125000000,-0.000011124602
0.281250000000,2.625000000000,-0.000010132817
0.281250000000,2.671875000000,-0.000009023356
0.281250000000,2.718750000000,-0.000007810766
0.281250000000,2.765625000000,-0.000006510918
0.281250000000,2.812500000000,-0.000005140771
0.281250000000,2.859375000000,-0.000003718108
0.281250000000,2.906250000000,-0.000002261276
0.281250000000,2.953125000000,-0.000000788911
0.281250000000,3.000000000000,0.000000000000
0.328125000000,0.000000000000,0.000000000000
0.328125000000,0.046875000000,0.000001514176
0.328125000000,0.093750000000,0.000002540105
0.328125000000,0.140625000000,0.000003558500
0.328125000000,0.187500000000,0.000004566267
0.328125000000,0.234375000000,0.000005559676
0.328125000000,0.281250000000,0.000006534288
0.328125000000,0.328125000000,0.000007484927
0.328125000000,0.375000000000,0.000008405656
0.328125000000,0.421875000000,0.000009289805
0.328125000000,0.468750000000,0.000010130019
0.328125000000,0.515625000000,0.000010918334
0.328125000000,0.562500000000,0.000011646290
0.328125000000,0.609375000000,0.000012305058
0.328125000000,0.656250000000,0.000012885603
0.328125000000,0.703125000000,0.000013378855
0.328125000000,0.750000000000,0.000013775905
0.328125000000,0.796875000000,0.000014068205
0.328125000000,0.843750000000,0.000014247783
0.328125000000,0.890625000000,0.000014307447
0.328125000000,0.937500000000,0.000014240996
0.328125000000,0.984375000000,0.000014043421
0.328125000000,1.031250000000,0.000013711083
0.328125000000,1.078125000000,0.000013241882
0.328125000000,1.125000000000,0.000012635402
0.328125000000,1.171875000000,0.000011893020
0.328125000000,1.218750000000,0.000011017996
0.328125000000,1.265625000000,0.000010015522
0.328125000000,1.312500000000,0.000008892740
0.328125000000,1.359375000000,0.000007658718
0.328125000000,1.406250000000,0.000006324397
0.328125000000,1.453125000000,0.000004902489
0.328125000000,1.500000000000,0.000003407352
0.328125000000,1.546875000000,0.000001854821
0.328125000000,1.593750000000,0.000000262010
0.328125000000,1.640625000000,-0.000001352910
0.328125000000,1.687500000000,-0.000002970970
0.328125000000,1.734375000000,-0.000004572667
0.328125000000,1.781250000000,-0.000006138258
0.328125000000,1.828125000000,-0.000007648051
0.328125000000,1.875000000000,-0.000009082716
0.328125000000,1.921875000000,-0.000010423581
0.328125000000,1.968750000000,-0.000011652935
0.328125000000,2.015625000000,-0.000012754307
0.328125000000,2.062500000000,-0.000013712741
0.328125000000,2.109375000000,-0.000014515039
0.328125000000,2.156250000000,-0.000015149981
0.328125000000,2.203125000000,-0.000015608519
0.328125000000,2.250000000000,-0.000015883928
0.328125000000,2.296875000000,-0.000015971929
0.328125000000,2.343750000000,-0.000015870764
0.328125000000,2.390625000000,-0.000015581243
0.328125000000,2.437500000000,-0.000015106734
0.328125000000,2.484375000000,-0.000014453123
0.328125000000,2.531250000000,-0.000013628730
0.328125000000,2.578125000000,-0.000012644188
0.328125000000,2.625000000000,-0.000011512280
0.328125000000,2.671875000000,-0.000010247746
0.328125000000,2.718750000000,-0.000008867062
0.328125000000,2.765625000000,-0.000007388188
0.328125000000,2.812500000000,-0.000005830300
0.328125000000,2.859375000000,-0.000004213495
0.328125000000,2.906250000000,-0.000002558496
0.328125000000,2.953125000000,-0.000000886344
0.328125000000,3.000000000000,0.000000000000
0.375000000000,0.000000000000,0.000000000000
0.375000000000,0.046875000000,0.000001710113
0.375000000000,0.093750000000,0.000002864380
0.375000000000,0.140625000000,0.000004008988
0.375000000000,0.187500000000,0.000005140204
0.375000000000,0.234375000000,0.000006253620
0.375000000000,0.281250000000,0.000007344084
0.375000000000,0.328125000000,0.000008405655
0.375000000000,0.375000000000,0.000009431601
0.375000000000,0.421875000000,0.000010414416
0.375000000000,0.468750000000,0.000011345879
0.375000000000,0.515625000000,0.000012217144
0.375000000000,0.562500000000,0.000013018856
0.375000000000,0.609375000000,0.000013741299
0.375000000000,0.656250000000,0.000014374569
0.375000000000,0.703125000000,0.000014908765
0.375000000000,0.750000000000,0.000015334200
0.375000000000,0.796875000000,0.000015641623
0.375000000000,0.843750000000,0.000015822443
0.375000000000,0.890625000000,0.000015868966
0.375000000000,0.937500000000,0.000015774610
0.375000000000,0.984375000000,0.000015534126
0.375000000000,1.031250000000,0.000015143797
0.375000000000,1.078125000000,0.000014601610
0.375000000000,1.125000000000,0.000013907414
0.375000000000,1.171875000000,0.000013063041
0.375000000000,1.218750000000,0.000012072395
0.375000000000,1.265625000000,0.000010941502
0.375000000000,1.312500000000,0.000009678529
0.375000000000,1.359375000000,0.000008293751
0.375000000000,1.406250000000,0.000006799488
0.375000000000,1.453125000000,0.000005209996
0.375000000000,1.500000000000,0.000003541320
0.375000000000,1.546875000000,0.000001811107
0.375000000000,1.593750000000,0.000000038389
0.375000000000,1.640625000000,-0.000001756670
0.375000000000,1.687500000000,-0.000003553049
0.375000000000,1.734375000000,-0.000005329171
0.375000000000,1.781250000000,-0.000007063221
0.375000000000,1.828125000000,-0.000008733471
0.375000000000,1.875000000000,-0.000010318617
0.375000000000,1.921875000000,-0.000011798106
0.375000000000,1.968750000000,-0.000013152468
0.375000000000,2.015625000000,-0.000014363622
0.375000000000,2.062500000000,-0.000015415176
0.375000000000,2.109375000000,-0.000016292691
0.375000000000,2.156250000000,-0.000016983925
0.375000000000,2.203125000000,-0.000017479040
0.375000000000,2.250000000000,-0.000017770767
0.375000000000,2.296875000000,-0.000017854540
0.375000000000,2.343750000000,-0.000017728579
0.375000000000,2.390625000000,-0.000017393930
0.375000000000,2.437500000000,-0.000016854462
0.375000000000,2.484375000000,-0.000016116815
0.375000000000,2.531250000000,-0.000015190311
0.375000000000,2.578125000000,-0.000014086810
0.375000000000,2.625000000000,-0.000012820537
0.375000000000,2.671875000000,-0.000011407869
0.375000000000,2.718750000000,-0.000009867085
0.375000000000,2.765625000000,-0.000008218093
0.375000000000,2.812500000000,-0.000006482128
0.375000000000,2.859375000000,-0.000004681436
0.375000000000,2.906250000000,-0.000002838941
0.375000000000,2.953125000000,-0.000000977911
0.375000000000,3.000000000000,0.000000000000
0.421875000000,0.000000000000,0.000000000000
0.421875000000,0.046875000000,0.000001900305
0.421875000000,0.093750000000,0.000003178658
0.421875000000,0.140625000000,0.000004444931
0.421875000000,0.187500000000,0.000005694697
0.421875000000,0.234375000000,0.000006922830
0.421875000000,0.281250000000,0.000008123435
0.421875000000,0.328125000000,0.000009289805
0.421875000000,0.375000000000,0.000010414416
0.421875000000,0.421875000000,0.000011488957
0.421875000000,0.468750000000,0.000012504390
0.421875000000,0.515625000000,0.000013451048
0.421875000000,0.562500000000,0.000014318766
0.421875000000,0.609375000000,0.000015097036
0.421875000000,0.656250000000,0.000015775195
0.421875000000,0.703125000000,0.000016342634
0.421875000000,0.750000000000,0.000016789017
0.421875000000,0.796875000000,0.000017104522
0.421875000000,0.843750000000,0.000017280085
0.421875000000,0.890625000000,0.000017307639
0.421875000000,0.937500000000,0.000017180360
0.421875000000,0.984375000000,0.000016892886
0.421875000000,1.031250000000,0.000016441535
0.421875000000,1.078125000000,0.000015824487
0.421875000000,1.125000000000,0.000015041945
0.421875000000,1.171875000000,0.000014096264
0.421875000000,1.218750000000,0.000012992040
0.421875000000,1.265625000000,0.000011736163
0.421875000000,1.312500000000,0.000010337827
0.421875000000,1.359375000000,0.000008808496
0.421875000000,1.406250000000,0.000007161826
0.421875000000,1.453125000000,0.000005413547
0.421875000000,1.500000000000,0.000003581300
0.421875000000,1.546875000000,0.000001684430
0.421875000000,1.593750000000,-0.000000256247
0.421875000000,1.640625000000,-0.000002218724
0.421875000000,1.687500000000,-0.000004180099
0.421875000000,1.734375000000,-0.000006116902
0.421875000000,1.781250000000,-0.000008005439
0.421875000000,1.828125000000,-0.000009822143
0.421875000000,1.875000000000,-0.000011543938
0.421875000000,1.921875000000,-0.000013148594
0.421875000000,1.968750000000,-0.000014615078
0.421875000000,2.015625000000,-0.000015923891
0.421875000000,2.062500000000,-0.000017057382
0.421875000000,2.109375000000,-0.000018000039
0.421875000000,2.156250000000,-0.000018738747
0.421875000000,2.203125000000,-0.000019263004
0.421875000000,2.250000000000,-0.000019565108
0.421875000000,2.296875000000,-0.000019640289
0.421875000000,2.343750000000,-0.000019486799
0.421875000000,2.390625000000,-0.000019105955
0.421875000000,2.437500000000,-0.000018502130
0.421875000000,2.484375000000,-0.000017682697
0.421875000000,2.531250000000,-0.000016657928
0.421875000000,2.578125000000,-0.000015440838
0.421875000000,2.625000000000,-0.000014046999
0.421875000000,2.671875000000,-0.000012494298
0.421875000000,2.718750000000,-0.000010802680
0.421875000000,2.765625000000,-0.000008993839
0.421875000000,2.812500000000,-0.000007090899
0.421875000000,2.859375000000,-0.000005118066
0.421875000000,2.906250000000,-0.000003100274
0.421875000000,2.953125000000,-0.000001062817
0.421875000000,3.000000000000,0.000000000000
0.468750000000,0.000000000000,0.000000000000
0.468750000000,0.046875000000,0.000002083231
0.468750000000,0.093750000000,0.000003480394
0.468750000000,0.140625000000,0.000004862775
0.468750000000,0.187500000000,0.000006225201
0.468750000000,0.234375000000,0.000007561793
0.468750000000,0.281250000000,0.000008865891
0.468750000000,0.328125000000,0.000010130019
0.468750000000,0.375000000000,0.000011345879
0.468750000000,0.421875000000,0.000012504390
0.468750000000,0.468750000000,0.000013595749
0.468750000000,0.515625000000,0.000014609542
0.468750000000,0.562500000000,0.000015534881
0.468750000000,0.609375000000,0.000016360573
0.468750000000,0.656250000000,0.000017075316
0.468750000000,0.703125000000,0.000017667916
0.468750000000,0.750000000000,0.000018127529
0.468750000000,0.796875000000,0.000018443905
0.468750000000,0.843750000000,0.000018607646
0.468750000000,0.890625000000,0.000018610463
0.468750000000,0.937500000000,0.000018445421
0.468750000000,0.984375000000,0.000018107178
0.468750000000,1.031250000000,0.000017592206
0.468750000000,1.078125000000,0.000016898980
0.468750000000,1.125000000000,0.000016028145
0.468750000000,1.171875000000,0.000014982645
0.468750000000,1.218750000000,0.000013767815
0.468750000000,1.265625000000,0.000012391428
0.468750000000,1.312500000000,0.000010863703
0.468750000000,1.359375000000,0.000009197262
0.468750000000,1.406250000000,0.000007407045
0.468750000000,1.453125000000,0.000005510173
0.468750000000,1.500000000000,0.000003525777
0.468750000000,1.546875000000,0.000001474773
0.468750000000,1.593750000000,-0.000000620391
0.468750000000,1.640625000000,-0.000002736034
0.468750000000,1.687500000000,-0.000004847558
0.468750000000,1.734375000000,-0.000006929802
0.468750000000,1.781250000000,-0.000008957401
0.468750000000,1.828125000000,-0.000010905168
0.468750000000,1.875000000000,-0.000012748474
0.468750000000,1.921875000000,-0.000014463627
0.468750000000,1.968750000000,-0.000016028249
0.468750000000,2.015625000000,-0.000017421624
0.468750000000,2.062500000000,-0.000018625040
0.468750000000,2.109375000000,-0.000019622086
0.468750000000,2.156250000000,-0.000020398931
0.468750000000,2.203125000000,-0.000020944550
0.468750000000,2.250000000000,-0.000021250917
0.468750000000,2.296875000000,-0.000021313144
0.468750000000,2.343750000000,-0.000021129575
0.468750000000,2.390625000000,-0.000020701828
0.468750000000,2.437500000000,-0.000020034780
0.468750000000,2.484375000000,-0.000019136509
0.468750000000,2.531250000000,-0.000018018180
0.468750000000,2.578125000000,-0.000016693878
0.468750000000,2.625000000000,-0.000015180409
0.468750000000,2.671875000000,-0.000013497040
0.468750000000,2.718750000000,-0.000011665219
0.468750000000,2.765625000000,-0.000009708255
0.468750000000,2.812500000000,-0.000007650966
0.468750000000,2.859375000000,-0.000005519318
0.468750000000,2.906250000000,-0.000003340039
0.468750000000,2.953125000000,-0.000001140231
0.468750000000,3.000000000000,0.000000000000
0.515625000000,0.000000000000,0.000000000000
0.515625000000,0.046875000000,0.000002257197
0.515625000000,0.093750000000,0.000003766770
0.515625000000,0.140625000000,0.000005258599
0.515625000000,0.187500000000,0.000006726724
0.515625000000,0.234375000000,0.000008164479
0.515625000000,0.281250000000,0.000009564430
0.515625000000,0.328125000000,0.000010918334
0.515625000000,0.375000000000,0.000012217144
0.515625000000,0.421875000000,0.000013451048
0.515625000000,0.468750000000,0.000014609542
0.515625000000,0.515625000000,0.000015681545
0.515625000000,0.562500000000,0.000016655542
0.515625000000,0.609375000000,0.000017519764
0.515625000000,0.656250000000,0.000018262395
0.515625000000,0.703125000000,0.000018871797
0.515625000000,0.750000000000,0.000019336757
0.515625000000,0.796875000000,0.000019646744
0.515625000000,0.843750000000,0.000019792179
0.515625000000,0.890625000000,0.000019764690
0.515625000000,0.937500000000,0.000019557376
0.515625000000,0.984375000000,0.000019165046
0.515625000000,1.031250000000,0.000018584442
0.515625000000,1.078125000000,0.000017814438
0.515625000000,1.125000000000,0.000016856204
0.515625000000,1.171875000000,0.000015713335
0.515625000000,1.218750000000,0.000014391943
0.515625000000,1.265625000000,0.000012900699
0.515625000000,1.312500000000,0.000011250832
0.515625000000,1.359375000000,0.000009456082
0.515625000000,1.406250000000,0.000007532604
0.515625000000,1.453125000000,0.000005498819
0.515625000000,1.500000000000,0.000003375226
0.515625000000,1.546875000000,0.000001184168
0.515625000000,1.593750000000,-0.000001050444
0.515625000000,1.640625000000,-0.000003303439
0.515625000000,1.687500000000,-0.000005548730
0.515625000000,1.734375000000,-0.000007759680
0.515625000000,1.781250000000,-0.000009909482
0.515625000000,1.828125000000,-0.000011971562
0.515625000000,1.875000000000,-0.000013919973
0.515625000000,1.921875000000,-0.000015729800
0.515625000000,1.968750000000,-0.000017377542
0.515625000000,2.015625000000,-0.000018841490
0.515625000000,2.062500000000,-0.000020102071
0.515625000000,2.109375000000,-0.000021142166
0.515625000000,2.156250000000,-0.000021947392
0.515625000000,2.203125000000,-0.000022506345
0.515625000000,2.250000000000,-0.000022810791
0.515625000000,2.296875000000,-0.000022855812
0.515625000000,2.343750000000,-0.000022639903
0.515625000000,2.390625000000,-0.000022165009
0.515625000000,2.437500000000,-0.000021436509
0.515625000000,2.484375000000,-0.000020463149
0.515625000000,2.531250000000,-0.000019256921
0.515625000000,2.578125000000,-0.000017832885
0.515625000000,2.625000000000,-0.000016208955
0.515625000000,2.671875000000,-0.000014405630
0.515625000000,2.718750000000,-0.000012445691
0.515625000000,2.765625000000,-0.000010353864
0.515625000000,2.812500000000,-0.000008156457
0.515625000000,2.859375000000,-0.000005880969
0.515625000000,2.906250000000,-0.000003555692
0.515625000000,2.953125000000,-0.000001209298
0.515625000000,3.000000000000,0.000000000000
0.562500000000,0.000000000000,0.000000000000
0.562500000000,0.046875000000,0.000002420366
0.562500000000,0.093750000000,0.000004034731
0.562500000000,0.140625000000,0.000005628170
0.562500000000,0.187500000000,0.000007193892
0.562500000000,0.234375000000,0.000008724428
0.562500000000,0.281250000000,0.000010211559
0.562500000000,0.328125000000,0.000011646290
0.562500000000,0.375000000000,0.000013018856
0.562500000000,0.421875000000,0.000014318766
0.562500000000,0.468750000000,0.000015534881
0.562500000000,0.515625000000,0.000016655541
0.562500000000,0.562500000000,0.000017668709
0.562500000000,0.609375000000,0.000018562159
0.562500000000,0.656250000000,0.000019323690
0.562500000000,0.703125000000,0.000019941359
0.562500000000,0.750000000000,0.000020403733
0.562500000000,0.796875000000,0.000020700152
0.562500000000,0.843750000000,0.000020821004
0.562500000000,0.890625000000,0.000020757986
0.562500000000,0.937500000000,0.000020504370
0.562500000000,0.984375000000,0.000020055243
0.562500000000,1.031250000000,0.000019407737
0.562500000000,1.078125000000,0.000018561220
0.562500000000,1.125000000000,0.000017517465
0.562500000000,1.171875000000,0.000016280776
0.562500000000,1.218750000000,0.000014858070
0.562500000000,1.265625000000,0.000013258918
0.562500000000,1.312500000000,0.000011495539
0.562500000000,1.359375000000,0.000009582737
0.562500000000,1.406250000000,0.000007537799
0.562500000000,1.453125000000,0.000005380337
0.562500000000,1.500000000000,0.000003132084
0.562500000000,1.546875000000,0.000000816648
0.562500000000,1.593750000000,-0.000001540779
0.562500000000,1.640625000000,-0.000003913743
0.562500000000,1.687500000000,-0.000006274888
0.562500000000,1.734375000000,-0.000008596335
0.562500000000,1.781250000000,-0.000010850080
0.562500000000,1.828125000000,-0.000013008411
0.562500000000,1.875000000000,-0.000015044318
0.562500000000,1.921875000000,-0.000016931906
0.562500000000,1.968750000000,-0.000018646799
0.562500000000,2.015625000000,-0.000020166521
0.562500000000,2.062500000000,-0.000021470855
0.562500000000,2.109375000000,-0.000022542168
0.562500000000,2.156250000000,-0.000023365701
0.562500000000,2.203125000000,-0.000023929815
0.562500000000,2.250000000000,-0.000024226190
0.562500000000,2.296875000000,-0.000024249966
0.562500000000,2.343750000000,-0.000023999847
0.562500000000,2.390625000000,-0.000023478127
0.562500000000,2.437500000000,-0.000022690677
0.562500000000,2.484375000000,-0.000021646869
0.562500000000,2.531250000000,-0.000020359445
0.562500000000,2.578125000000,-0.000018844333
0.562500000000,2.625000000000,-0.000017120421
0.562500000000,2.671875000000,-0.000015209272
0.562500000000,2.718750000000,-0.000013134813
0.562500000000,2.765625000000,-0.000010922981
0.562500000000,2.812500000000,-0.000008601342
0.562500000000,2.859375000000,-0.000006198690
0.562500000000,2.906250000000,-0.000003744628
0.562500000000,2.953125000000,-0.000001269144
0.562500000000,3.000000000000,0.000000000000
0.609375000000,0.000000000000,0.000000000000
0.609375000000,0.046875000000,0.000002570777
0.609375000000,0.093750000000,0.000004281040
0.609375000000,0.140625000000,0.000005967007
0.609375000000,0.187500000000,0.000007621038
0.609375000000,0.234375000000,0.000009234843
0.609375000000,0.281250000000,0.000010799425
0.609375000000,0.328125000000,0.000012305058
0.609375000000,0.375000000000,0.000013741300
0.609375000000,0.421875000000,0.000015097036
0.609375000000,0.468750000000,0.000016360573
0.609375000000,0.515625000000,0.000017519764
0.609375000000,0.562500000000,0.000018562159
0.609375000000,0.609375000000,0.000019475201
0.609375000000,0.656250000000,0.000020246439
0.609375000000,0.703125000000,0.000020863769
0.609375000000,0.750000000000,0.000021315689
0.609375000000,0.796875000000,0.000021591564
0.609375000000,0.843750000000,0.000021681899
0.609375000000,0.890625000000,0.000021578608
0.609375000000,0.937500000000,0.000021275273
0.609375000000,0.984375000000,0.000020767388
0.609375000000,1.031250000000,0.000020052583
0.609375000000,1.078125000000,0.000019130815
0.609375000000,1.125000000000,0.000018004532
0.609375000000,1.171875000000,0.000016678788
0.609375000000,1.218750000000,0.000015161330
0.609375000000,1.265625000000,0.000013462622
0.609375000000,1.312500000000,0.000011595831
0.609375000000,1.359375000000,0.000009576762
0.609375000000,1.406250000000,0.000007423740
0.609375000000,1.453125000000,0.000005157440
0.609375000000,1.500000000000,0.000002800680
0.609375000000,1.546875000000,0.000000378154
0.609375000000,1.593750000000,-0.000002083863
0.609375000000,1.640625000000,-0.000004557858
0.609375000000,1.687500000000,-0.000007015442
0.609375000000,1.734375000000,-0.000009427743
0.609375000000,1.781250000000,-0.000011765825
0.609375000000,1.828125000000,-0.000014001100
0.609375000000,1.875000000000,-0.000016105761
0.609375000000,1.921875000000,-0.000018053197
0.609375000000,1.968750000000,-0.000019818408
0.609375000000,2.015625000000,-0.000021378394
0.609375000000,2.062500000000,-0.000022712515
0.609375000000,2.109375000000,-0.000023802828
0.609375000000,2.156250000000,-0.000024634378
0.609375000000,2.203125000000,-0.000025195441
0.609375000000,2.250000000000,-0.000025477730
0.609375000000,2.296875000000,-0.000025476535
0.609375000000,2.343750000000,-0.000025190819
0.609375000000,2.390625000000,-0.000024623246
0.609375000000,2.437500000000,-0.000023780163
0.609375000000,2.484375000000,-0.000022671515
0.609375000000,2.531250000000,-0.000021310710
0.609375000000,2.578125000000,-0.000019714427
0.609375000000,2.625000000000,-0.000017902373
0.609375000000,2.671875000000,-0.000015897000
0.609375000000,2.718750000000,-0.000013723178
0.609375000000,2.765625000000,-0.000011407827
0.609375000000,2.812500000000,-0.000008979529
0.609375000000,2.859375000000,-0.000006468113
0.609375000000,2.906250000000,-0.000003904226
0.609375000000,2.953125000000,-0.000001318896
0.609375000000,3.000000000000,0.000000000000
0.656250000000,0.000000000000,0.000000000000
0.656250000000,0.046875000000,0.000002706391
0.656250000000,0.093750000000,0.000004502328
0.656250000000,0.140625000000,0.000006270468
0.656250000000,0.187500000000,0.000008002302
0.656250000000,0.234375000000,0.000009688720
0.656250000000,0.281250000000,0.000011319962
0.656250000000,0.328125000000,0.000012885603
0.656250000000,0.375000000000,0.000014374569
0.656250000000,0.421875000000,0.000015775195
0.656250000000,0.468750000000,0.000017075316
0.656250000000,0.515625000000,0.000018262396
0.656250000000,0.562500000000,0.000019323690
0.656250000000,0.609375000000,0.000020246439
0.656250000000,0.656250000000,0.000021018082
0.656250000000,0.703125000000,0.000021626501
0.656250000000,0.750000000000,0.000022060276
0.656250000000,0.796875000000,0.000022308950
0.656250000000,0.843750000000,0.000022363297
0.656250000000,0.890625000000,0.000022215591
0.656250000000,0.937500000000,0.000021859860
0.656250000000,0.984375000000,0.000021292125
0.656250000000,1.031250000000,0.000020510620
0.656250000000,1.078125000000,0.000019515975
0.656250000000,1.125000000000,0.000018311372
0.656250000000,1.171875000000,0.000016902657
0.656250000000,1.218750000000,0.000015298409
0.656250000000,1.265625000000,0.000013509967
0.656250000000,1.312500000000,0.000011551397
0.656250000000,1.359375000000,0.000009439424
0.656250000000,1.406250000000,0.000007193298
0.656250000000,1.453125000000,0.000004834622
0.656250000000,1.500000000000,0.000002387126
0.656250000000,1.546875000000,-0.000000123599
0.656250000000,1.593750000000,-0.000002670419
0.656250000000,1.640625000000,-0.000005224990
0.656250000000,1.687500000000,-0.000007758147
0.656250000000,1.734375000000,-0.000010240297
0.656250000000,1.781250000000,-0.000012641838
0.656250000000,1.828125000000,-0.000014933592
0.656250000000,1.875000000000,-0.000017087228
0.656250000000,1.921875000000,-0.000019075696
0.656250000000,1.968750000000,-0.000020873635
0.656250000000,2.015625000000,-0.000022457767
0.656250000000,2.062500000000,-0.000023807266
0.656250000000,2.109375000000,-0.000024904084
0.656250000000,2.156250000000,-0.000025733251
0.656250000000,2.203125000000,-0.000026283113
0.656250000000,2.250000000000,-0.000026545535
0.656250000000,2.296875000000,-0.000026516044
0.656250000000,2.343750000000,-0.000026193911
0.656250000000,2.390625000000,-0.000025582187
0.656250000000,2.437500000000,-0.000024687670
0.656250000000,2.484375000000,-0.000023520819
0.656250000000,2.531250000000,-0.000022095610
0.656250000000,2.578125000000,-0.000020429340
0.656250000000,2.625000000000,-0.000018542380
0.656250000000,2.671875000000,-0.000016457874
0.656250000000,2.718750000000,-0.000014201416
0.656250000000,2.765625000000,-0.000011800669
0.656250000000,2.812500000000,-0.000009284971
0.656250000000,2.859375000000,-0.000006684910
0.656250000000,2.906250000000,-0.000004031893
0.656250000000,2.953125000000,-0.000001357697
0.656250000000,3.000000000000,0.000000000000
0.703125000000,0.000000000000,0.000000000000
0.703125000000,0.046875000000,0.000002825122
0.703125000000,0.093750000000,0.000004695166
0.703125000000,0.140625000000,0.000006533835
0.703125000000,0.187500000000,0.000008331746
0.703125000000,0.234375000000,0.000010078982
0.703125000000,0.281250000000,0.000011765046
0.703125000000,0.328125000000,0.000013378855
0.703125000000,0.375000000000,0.000014908765
0.703125000000,0.421875000000,0.000016342634
0.703125000000,0.468750000000,0.000017667916
0.703125000000,0.515625000000,0.000018871798
0.703125000000,0.562500000000,0.000019941359
0.703125000000,0.609375000000,0.000020863769
0.703125000000,0.656250000000,0.000021626501
0.703125000000,0.703125000000,0.000022217572
0.703125000000,0.750000000000,0.000022625795
0.703125000000,0.796875000000,0.000022841041
0.703125000000,0.843750000000,0.000022854503
0.703125000000,0.890625000000,0.000022658954
0.703125000000,0.937500000000,0.000022248996
0.703125000000,0.984375000000,0.000021621295
0.703125000000,1.031250000000,0.000020774781
0.703125000000,1.078125000000,0.000019710834
0.703125000000,1.125000000000,0.000018433420
0.703125000000,1.171875000000,0.000016949199
0.703125000000,1.218750000000,0.000015267584
0.703125000000,1.265625000000,0.000013400748
0.703125000000,1.312500000000,0.000011363596
0.703125000000,1.359375000000,0.000009173674
0.703125000000,1.406250000000,0.000006851034
0.703125000000,1.453125000000,0.000004418048
0.703125000000,1.500000000000,0.000001899179
0.703125000000,1.546875000000,-0.000000679302
0.703125000000,1.593750000000,-0.000003289625
0.703125000000,1.640625000000,-0.000005902875
0.703125000000,1.687500000000,-0.000008489376
0.703125000000,1.734375000000,-0.000011019091
0.703125000000,1.781250000000,-0.000013462046
0.703125000000,1.828125000000,-0.000015788759
0.703125000000,1.875000000000,-0.000017970669
0.703125000000,1.921875000000,-0.000019980567
0.703125000000,1.968750000000,-0.000021793003
0.703125000000,2.015625000000,-0.000023384680
0.703125000000,2.062500000000,-0.000024734818
0.703125000000,2.109375000000,-0.000025825480
0.703125000000,2.156250000000,-0.000026641861
0.703125000000,2.203125000000,-0.000027172532
0.703125000000,2.250000000000,-0.000027409632
0.703125000000,2.296875000000,-0.000027349003
0.703125000000,2.343750000000,-0.000026990277
0.703125000000,2.390625000000,-0.000026336893
0.703125000000,2.437500000000,-0.000025396072
0.703125000000,2.484375000000,-0.000024178717
0.703125000000,2.531250000000,-0.000022699268
0.703125000000,2.578125000000,-0.000020975497
0.703125000000,2.625000000000,-0.000019028261
0.703125000000,2.671875000000,-0.000016881195
0.703125000000,2.718750000000,-0.000014560382
0.703125000000,2.765625000000,-0.000012093973
0.703125000000,2.812500000000,-0.000009511786
0.703125000000,2.859375000000,-0.000006844880
0.703125000000,2.906250000000,-0.000004125119
0.703125000000,2.953125000000,-0.000001384723
0.703125000000,3.000000000000,0.000000000000
0.750000000000,0.000000000000,0.000000000000
0.750000000000,0.046875000000,0.000002924885
0.750000000000,0.093750000000,0.000004856136
0.750000000000,0.140625000000,0.000006752414
0.750000000000,0.187500000000,0.000008603479
0.750000000000,0.234375000000,0.000010398628
0.750000000000,0.281250000000,0.000012126665
0.750000000000,0.328125000000,0.000013775905
0.750000000000,0.375000000000,0.000015334200
0.750000000000,0.421875000000,0.000016789017
0.750000000000,0.468750000000,0.000018127529
0.750000000000,0.515625000000,0.000019336757
0.750000000000,0.562500000000,0.000020403733
0.750000000000,0.609375000000,0.000021315689
0.750000000000,0.656250000000,0.000022060276
0.750000000000,0.703125000000,0.000022625795
0.750000000000,0.750000000000,0.000023001442
0.750000000000,0.796875000000,0.000023177565
0.750000000000,0.843750000000,0.000023145917
0.750000000000,0.890625000000,0.000022899906
0.750000000000,0.937500000000,0.000022434831
0.750000000000,0.984375000000,0.000021748103
0.750000000000,1.031250000000,0.000020839439
0.750000000000,1.078125000000,0.000019711030
0.750000000000,1.125000000000,0.000018367666
0.750000000000,1.171875000000,0.000016816833
0.750000000000,1.218750000000,0.000015068754
0.750000000000,1.265625000000,0.000013136396
0.750000000000,1.312500000000,0.000011035418
0.750000000000,1.359375000000,0.000008784077
0.750000000000,1.406250000000,0.000006403086
0.750000000000,1.453125000000,0.000003915415
0.750000000000,1.500000000000,0.000001346057
0.750000000000,1.546875000000,-0.000001278254
0.750000000000,1.593750000000,-0.000003929363
0.750000000000,1.640625000000,-0.000006578050
0.750000000000,1.687500000000,-0.000009194409
0.750000000000,1.734375000000,-0.000011748254
0.750000000000,1.781250000000,-0.000014209534
0.750000000000,1.828125000000,-0.000016548766
0.750000000000,1.875000000000,-0.000018737459
0.750000000000,1.921875000000,-0.000020748533
0.750000000000,1.968750000000,-0.000022556729
0.750000000000,2.015625000000,-0.000024138991
0.750000000000,2.062500000000,-0.000025474824
0.750000000000,2.109375000000,-0.000026546616
0.750000000000,2.156250000000,-0.000027339914
0.750000000000,2.203125000000,-0.000027843664
0.750000000000,2.250000000000,-0.000028050394
0.750000000000,2.296875000000,-0.000027956344
0.750000000000,2.343750000000,-0.000027561543
0.750000000000,2.390625000000,-0.000026869824
0.750000000000,2.437500000000,-0.000025888790
0.750000000000,2.484375000000,-0.000024629709
0.750000000000,2.531250000000,-0.000023107369
0.750000000000,2.578125000000,-0.000021339865
0.750000000000,2.625000000000,-0.000019348353
0.750000000000,2.671875000000,-0.000017156742
0.750000000000,2.718750000000,-0.000014791358
0.750000000000,2.765625000000,-0.000012280570
0.750000000000,2.812500000000,-0.000009654387
0.750000000000,2.859375000000,-0.000006944037
0.750000000000,2.906250000000,-0.000004181527
0.750000000000,2.953125000000,-0.000001399203
0.750000000000,3.000000000000,0.000000000000
0.796875000000,0.000000000000,0.000000000000
0.796875000000,0.046875000000,0.000003003642
0.796875000000,0.093750000000,0.000004981905
0.796875000000,0.140625000000,0.000006921647
0.796875000000,0.187500000000,0.000008811792
0.796875000000,0.234375000000,0.000010640893
0.796875000000,0.281250000000,0.000012397106
0.796875000000,0.328125000000,0.000014068205
0.796875000000,0.375000000000,0.000015641623
0.796875000000,0.421875000000,0.000017104522
0.796875000000,0.468750000000,0.000018443904
0.796875000000,0.515625000000,0.000019646745
0.796875000000,0.562500000000,0.000020700152
0.796875000000,0.609375000000,0.000021591564
0.796875000000,0.656250000000,0.000022308950
0.796875000000,0.703125000000,0.000022841041
0.796875000000,0.750000000000,0.000023177565
0.796875000000,0.796875000000,0.000023309490
0.796875000000,0.843750000000,0.000023229266
0.796875000000,0.890625000000,0.000022931061
0.796875000000,0.937500000000,0.000022410983
0.796875000000,0.984375000000,0.000021667286
0.796875000000,1.031250000000,0.000020700547
0.796875000000,1.078125000000,0.000019513818
0.796875000000,1.125000000000,0.000018112740
0.796875000000,1.171875000000,0.000016505619
0.796875000000,1.218750000000,0.000014703461
0.796875000000,1.265625000000,0.000012719956
0.796875000000,1.312500000000,0.000010571428
0.796875000000,1.359375000000,0.000008276718
0.796875000000,1.406250000000,0.000005857040
0.796875000000,1.453125000000,0.000003335778
0.796875000000,1.500000000000,0.000000738246
0.796875000000,1.546875000000,-0.000001908603
0.796875000000,1.593750000000,-0.000004576488
0.796875000000,1.640625000000,-0.000007236162
0.796875000000,1.687500000000,-0.000009857781
0.796875000000,1.734375000000,-0.000012411311
0.796875000000,1.781250000000,-0.000014866938
0.796875000000,1.828125000000,-0.000017195483
0.796875000000,1.875000000000,-0.000019368829
0.796875000000,1.921875000000,-0.000021360324
0.796875000000,1.968750000000,-0.000023145181
0.796875000000,2.015625000000,-0.000024700848
0.796875000000,2.062500000000,-0.000026007359
0.796875000000,2.109375000000,-0.000027047635
0.796875000000,2.156250000000,-0.000027807762
0.796875000000,2.203125000000,-0.000028277210
0.796875000000,2.250000000000,-0.000028449008
0.796875000000,2.296875000000,-0.000028319869
0.796875000000,2.343750000000,-0.000027890253
0.796875000000,2.390625000000,-0.000027164382
0.796875000000,2.437500000000,-0.000026150190
0.796875000000,2.484375000000,-0.000024859229
0.796875000000,2.531250000000,-0.000023306504
0.796875000000,2.578125000000,-0.000021510275
0.796875000000,2.625000000000,-0.000019491795
0.796875000000,2.671875000000,-0.000017275019
0.796875000000,2.718750000000,-0.000014886261
0.796875000000,2.765625000000,-0.000012353828
0.796875000000,2.812500000000,-0.000009707620
0.796875000000,2.859375000000,-0.000006978715
0.796875000000,2.906250000000,-0.000004198941
0.796875000000,2.953125000000,-0.000001400436
0.796875000000,3.000000000000,0.000000000000
0.843750000000,0.000000000000,0.000000000000
0.843750000000,0.046875000000,0.000003059453
0.843750000000,0.093750000000,0.000005069312
0.843750000000,0.140625000000,0.000007037215
0.843750000000,0.187500000000,0.000008951297
0.843750000000,0.234375000000,0.000010799413
0.843750000000,0.281250000000,0.000012569139
0.843750000000,0.328125000000,0.000014247783
0.843750000000,0.375000000000,0.000015822443
0.843750000000,0.421875000000,0.000017280085
0.843750000000,0.468750000000,0.000018607646
0.843750000000,0.515625000000,0.000019792179
0.843750000000,0.562500000000,0.000020821004
0.843750000000,0.609375000000,0.000021681899
0.843750000000,0.656250000000,0.000022363297
0.843750000000,0.703125000000,0.000022854503
0.843750000000,0.750000000000,0.000023145917
0.843750000000,0.796875000000,0.000023229266
0.843750000000,0.843750000000,0.000023097826
0.843750000000,0.890625000000,0.000022746640
0.843750000000,0.937500000000,0.000022172730
0.843750000000,0.984375000000,0.000021375272
0.843750000000,1.031250000000,0.000020355768
0.843750000000,1.078125000000,0.000019118169
0.843750000000,1.125000000000,0.000017668976
0.843750000000,1.171875000000,0.000016017300
0.843750000000,1.218750000000,0.000014174878
0.843750000000,1.265625000000,0.000012156051
0.843750000000,1.312500000000,0.000009977691
0.843750000000,1.359375000000,0.000007659085
0.843750000000,1.406250000000,0.000005221780
0.843750000000,1.453125000000,0.000002689372
0.843750000000,1.500000000000,0.000000087266
0.843750000000,1.546875000000,-0.000002557612
0.843750000000,1.593750000000,-0.000005217130
0.843750000000,1.640625000000,-0.000007862297
0.843750000000,1.687500000000,-0.000010463638
0.843750000000,1.734375000000,-0.000012991581
0.843750000000,1.781250000000,-0.000015416861
0.843750000000,1.828125000000,-0.000017710923
0.843750000000,1.875000000000,-0.000019846330
0.843750000000,1.921875000000,-0.000021797157
0.843750000000,1.968750000000,-0.000023539372
0.843750000000,2.015625000000,-0.000025051194
0.843750000000,2.062500000000,-0.000026313421
0.843750000000,2.109375000000,-0.000027309726
0.843750000000,2.156250000000,-0.000028026908
0.843750000000,2.203125000000,-0.000028455106
0.843750000000,2.250000000000,-0.000028587962
0.843750000000,2.296875000000,-0.000028422726
0.843750000000,2.343750000000,-0.000027960321
0.843750000000,2.390625000000,-0.000027205339
0.843750000000,2.437500000000,-0.000026165998
0.843750000000,2.484375000000,-0.000024854030
0.843750000000,2.531250000000,-0.000023284528
0.843750000000,2.578125000000,-0.000021475740
0.843750000000,2.625000000000,-0.000019448816
0.843750000000,2.671875000000,-0.000017227513
0.843750000000,2.718750000000,-0.000014837869
0.843750000000,2.765625000000,-0.000012307837
0.843750000000,2.812500000000,-0.000009666899
0.843750000000,2.859375000000,-0.000006945662
0.843750000000,2.906250000000,-0.000004175437
0.843750000000,2.953125000000,-0.000001387816
0.843750000000,3.000000000000,0.000000000000
0.890625000000,0.000000000000,0.000000000000
0.890625000000,0.046875000000,0.000003090521
0.890625000000,0.093750000000,0.000005115442
0.890625000000,0.140625000000,0.000007095155
0.890625000000,0.187500000000,0.000009017063
0.890625000000,0.234375000000,0.000010868392
0.890625000000,0.281250000000,0.000012636209
0.890625000000,0.328125000000,0.000014307447
0.890625000000,0.375000000000,0.000015868966
0.890625000000,0.421875000000,0.000017307639
0.890625000000,0.468750000000,0.000018610463
0.890625000000,0.515625000000,0.000019764690
0.890625000000,0.562500000000,0.000020757986
0.890625000000,0.609375000000,0.000021578608
0.890625000000,0.656250000000,0.000022215591
0.890625000000,0.703125000000,0.000022658954
0.890625000000,0.750000000000,0.000022899906
0.890625000000,0.796875000000,0.000022931061
0.890625000000,0.843750000000,0.000022746640
0.890625000000,0.890625000000,0.000022342672
0.890625000000,0.937500000000,0.000021717177
0.890625000000,0.984375000000,0.000020870329
0.890625000000,1.031250000000,0.000019804598
0.890625000000,1.078125000000,0.000018524860
0.890625000000,1.125000000000,0.000017038472
0.890625000000,1.171875000000,0.000015355317
0.890625000000,1.218750000000,0.000013487803
0.890625000000,1.265625000000,0.000011450823
0.890625000000,1.312500000000,0.000009261677
0.890625000000,1.359375000000,0.000006939944
0.890625000000,1.406250000000,0.000004507316
0.890625000000,1.453125000000,0.000001987390
0.890625000000,1.500000000000,-0.000000594574
0.890625000000,1.546875000000,-0.000003211940
0.890625000000,1.593750000000,-0.000005837002
0.890625000000,1.640625000000,-0.000008441328
0.890625000000,1.687500000000,-0.000010996117
0.890625000000,1.734375000000,-0.000013472576
0.890625000000,1.781250000000,-0.000015842307
0.890625000000,1.828125000000,-0.000018077697
0.890625000000,1.875000000000,-0.000020152301
0.890625000000,1.921875000000,-0.000022041219
0.890625000000,1.968750000000,-0.000023721459
0.890625000000,2.015625000000,-0.000025172269
0.890625000000,2.062500000000,-0.000026375452
0.890625000000,2.109375000000,-0.000027315636
0.890625000000,2.156250000000,-0.000027980512
0.890625000000,2.203125000000,-0.000028361029
0.890625000000,2.250000000000,-0.000028451538
0.890625000000,2.296875000000,-0.000028249892
0.890625000000,2.343750000000,-0.000027757494
0.890625000000,2.390625000000,-0.000026979290
0.890625000000,2.437500000000,-0.000025923713
0.890625000000,2.484375000000,-0.000024602576
0.890625000000,2.531250000000,-0.000023030917
0.890625000000,2.578125000000,-0.000021226791
0.890625000000,2.625000000000,-0.000019211028
0.890625000000,2.671875000000,-0.000017006947
0.890625000000,2.718750000000,-0.000014640031
0.890625000000,2.765625000000,-0.000012137584
0.890625000000,2.812500000000,-0.000009528354
0.890625000000,2.859375000000,-0.000006842143
0.890625000000,2.906250000000,-0.000004109406
0.890625000000,2.953125000000,-0.000001360846
0.890625000000,3.000000000000,0.000000000000
0.937500000000,0.000000000000,0.000000000000
0.937500000000,0.046875000000,0.000003095244
0.937500000000,0.093750000000,0.000005117709
0.937500000000,0.140625000000,0.000007091968
0.937500000000,0.187500000000,0.000009004759
0.937500000000,0.234375000000,0.000010842763
0.937500000000,0.281250000000,0.000012592624
0.937500000000,0.328125000000,0.000014240996
0.937500000000,0.375000000000,0.000015774610
0.937500000000,0.421875000000,0.000017180360
0.937500000000,0.468750000000,0.000018445421
0.937500000000,0.515625000000,0.000019557376
0.937500000000,0.562500000000,0.000020504370
0.937500000000,0.609375000000,0.000021275273
0.937500000000,0.656250000000,0.000021859860
0.937500000000,0.703125000000,0.000022248996
0.937500000000,0.750000000000,0.000022434831
0.937500000000,0.796875000000,0.000022410983
0.937500000000,0.843750000000,0.000022172730
0.937500000000,0.890625000000,0.000021717177
0.937500000000,0.937500000000,0.000021043422
0.937500000000,0.984375000000,0.000020152694
0.937500000000,1.031250000000,0.000019048466
0.937500000000,1.078125000000,0.000017736544
0.937500000000,1.125000000000,0.000016225125
0.937500000000,1.171875000000,0.000014524815
0.937500000000,1.218750000000,0.000012648614
0.937500000000,1.265625000000,0.000010611865
0.937500000000,1.312500000000,0.000008432154
0.937500000000,1.359375000000,0.000006129184
0.937500000000,1.406250000000,0.000003724597
0.937500000000,1.453125000000,0.000001241769
0.937500000000,1.500000000000,-0.000001294435
0.937500000000,1.546875000000,-0.000003857935
0.937500000000,1.593750000000,-0.000006421741
0.937500000000,1.640625000000,-0.000008958280
0.937500000000,1.687500000000,-0.000011439737
0.937500000000,1.734375000000,-0.000013838420
0.937500000000,1.781250000000,-0.000016127119
0.937500000000,1.828125000000,-0.000018279477
0.937500000000,1.875000000000,-0.000020270351
0.937500000000,1.921875000000,-0.000022076165
0.937500000000,1.968750000000,-0.000023675243
0.937500000000,2.015625000000,-0.000025048123
0.937500000000,2.062500000000,-0.000026177842
0.937500000000,2.109375000000,-0.000027050185
0.937500000000,2.156250000000,-0.000027653905
0.937500000000,2.203125000000,-0.000027980890
0.937500000000,2.250000000000,-0.000028026298
0.937500000000,2.296875000000,-0.000027788638
0.937500000000,2.343750000000,-0.000027269806
0.937500000000,2.390625000000,-0.000026475072
0.937500000000,2.437500000000,-0.000025413016
0.937500000000,2.484375000000,-0.000024095421
0.937500000000,2.531250000000,-0.000022537118
0.937500000000,2.578125000000,-0.000020755786
0.937500000000,2.625000000000,-0.000018771715
0.937500000000,2.671875000000,-0.000016607529
0.937500000000,2.718750000000,-0.000014287884
0.937500000000,2.765625000000,-0.000011839130
0.937500000000,2.812500000000,-0.000009288959
0.937500000000,2.859375000000,-0.000006666035
0.937500000000,2.906250000000,-0.000003999615
0.937500000000,2.953125000000,-0.000001319162
0.937500000000,3.000000000000,0.000000000000
0.984375000000,0.000000000000,0.000000000000
0.984375000000,0.046875000000,0.000003072264
0.984375000000,0.093750000000,0.000005073938
0.984375000000,0.140625000000,0.000007024723
0.984375000000,0.187500000000,0.000008910785
0.984375000000,0.234375000000,0.000010718346
0.984375000000,0.281250000000,0.000012433732
0.984375000000,0.328125000000,0.000014043421
0.984375000000,0.375000000000,0.000015534126
0.984375000000,0.421875000000,0.000016892886
0.984375000000,0.468750000000,0.000018107178
0.984375000000,0.515625000000,0.000019165046
0.984375000000,0.562500000000,0.000020055243
0.984375000000,0.609375000000,0.000020767388
0.984375000000,0.656250000000,0.000021292125
0.984375000000,0.703125000000,0.000021621295
0.984375000000,0.750000000000,0.000021748103
0.984375000000,0.796875000000,0.000021667286
0.984375000000,0.843750000000,0.000021375272
0.984375000000,0.890625000000,0.000020870329
0.984375000000,0.937500000000,0.000020152694
0.984375000000,0.984375000000,0.000019224691
0.984375000000,1.031250000000,0.000018090816
0.984375000000,1.078125000000,0.000016757802
0.984375000000,1.125000000000,0.000015234647
0.984375000000,1.171875000000,0.000013532621
0.984375000000,1.218750000000,0.000011665226
0.984375000000,1.265625000000,0.000009648130
0.984375000000,1.312500000000,0.000007499059
0.984375000000,1.359375000000,0.000005237657
0.984375000000,1.406250000000,0.000002885314
0.984375000000,1.453125000000,0.000000464951
0.984375000000,1.500000000000,-0.000001999214
0.984375000000,1.546875000000,-0.000004481935
0.984375000000,1.593750000000,-0.000006957228
0.984375000000,1.640625000000,-0.000009398683
0.984375000000,1.687500000000,-0.000011779787
0.984375000000,1.734375000000,-0.000014074264
0.984375000000,1.781250000000,-0.000016256411
0.984375000000,1.828125000000,-0.000018301443
0.984375000000,1.875000000000,-0.000020185824
0.984375000000,1.921875000000,-0.000021887591
0.984375000000,1.968750000000,-0.000023386659
0.984375000000,2.015625000000,-0.000024665106
0.984375000000,2.062500000000,-0.000025707426
0.984375000000,2.109375000000,-0.000026500756
0.984375000000,2.156250000000,-0.000027035069
0.984375000000,2.203125000000,-0.000027303318
0.984375000000,2.250000000000,-0.000027301554
0.984375000000,2.296875000000,-0.000027028986
0.984375000000,2.343750000000,-0.000026488011
0.984375000000,2.390625000000,-0.000025684184
0.984375000000,2.437500000000,-0.000024626157
0.984375000000,2.484375000000,-0.000023325567
0.984375000000,2.531250000000,-0.000021796884
0.984375000000,2.578125000000,-0.000020057218
0.984375000000,2.625000000000,-0.000018126095
0.984375000000,2.671875000000,-0.000016025191
0.984375000000,2.718750000000,-0.000013778052
0.984375000000,2.765625000000,-0.000011409770
0.984375000000,2.812500000000,-0.000008946663
0.984375000000,2.859375000000,-0.000006415921
0.984375000000,2.906250000000,-0.000003845256
0.984375000000,2.953125000000,-0.000001262547
0.984375000000,3.000000000000,0.000000000000
1.031250000000,0.000000000000,0.000000000000
1.031250000000,0.046875000000,0.000003020509
1.031250000000,0.093750000000,0.000004982430
1.031250000000,0.140625000000,0.000006891163
1.031250000000,0.187500000000,0.000008732395
1.031250000000,0.234375000000,0.000010491999
1.031250000000,0.281250000000,0.000012156088
1.031250000000,0.328125000000,0.000013711083
1.031250000000,0.375000000000,0.000015143797
1.031250000000,0.421875000000,0.000016441535
1.031250000000,0.468750000000,0.000017592206
1.031250000000,0.515625000000,0.000018584442
1.031250000000,0.562500000000,0.000019407737
1.031250000000,0.609375000000,0.000020052583
1.031250000000,0.656250000000,0.000020510620
1.031250000000,0.703125000000,0.000020774781
1.031250000000,0.750000000000,0.000020839439
1.031250000000,0.796875000000,0.000020700547
1.031250000000,0.843750000000,0.000020355768
1.031250000000,0.890625000000,0.000019804598
1.031250000000,0.937500000000,0.000019048466
1.031250000000,0.984375000000,0.000018090816
1.031250000000,1.031250000000,0.000016937173
1.031250000000,1.078125000000,0.000015595171
1.031250000000,1.125000000000,0.000014074567
1.031250000000,1.171875000000,0.000012387216
1.031250000000,1.218750000000,0.000010547018
1.031250000000,1.265625000000,0.000008569832
1.031250000000,1.312500000000,0.000006473363
1.031250000000,1.359375000000,0.000004277012
1.031250000000,1.406250000000,0.000002001697
1.031250000000,1.453125000000,-0.000000330349
1.031250000000,1.500000000000,-0.000002695817
1.031250000000,1.546875000000,-0.000005070570
1.031250000000,1.593750000000,-0.000007429923
1.031250000000,1.640625000000,-0.000009748933
1.031250000000,1.687500000000,-0.000012002701
1.031250000000,1.734375000000,-0.000014166680
1.031250000000,1.781250000000,-0.000016216990
1.031250000000,1.828125000000,-0.000018130723
1.031250000000,1.875000000000,-0.000019886248
1.031250000000,1.921875000000,-0.000021463498
1.031250000000,1.968750000000,-0.000022844244
1.031250000000,2.015625000000,-0.000024012341
1.031250000000,2.062500000000,-0.000024953956
1.031250000000,2.109375000000,-0.000025657763
1.031250000000,2.156250000000,-0.000026115102
1.031250000000,2.203125000000,-0.000026320109
1.031250000000,2.250000000000,-0.000026269802
1.031250000000,2.296875000000,-0.000025964130
1.031250000000,2.343750000000,-0.000025405985
1.031250000000,2.390625000000,-0.000024601168
1.031250000000,2.437500000000,-0.000023558319
1.031250000000,2.484375000000,-0.000022288807
1.031250000000,2.531250000000,-0.000020806582
1.031250000000,2.578125000000,-0.000019127994
1.031250000000,2.625000000000,-0.000017271575
1.031250000000,2.671875000000,-0.000015257804
1.031250000000,2.718750000000,-0.000013108831
1.031250000000,2.765625000000,-0.000010848193
1.031250000000,2.812500000000,-0.000008500511
1.031250000000,2.859375000000,-0.000006091170
1.031250000000,2.906250000000,-0.000003646000
1.031250000000,2.953125000000,-0.000001190950
1.031250000000,3.000000000000,0.000000000000
1.078125000000,0.000000000000,0.000000000000
1.078125000000,0.046875000000,0.000002939235
1.078125000000,0.093750000000,0.000004842037
1.078125000000,0.140625000000,0.000006689787
1.078125000000,0.187500000000,0.000008467811
1.078125000000,0.234375000000,0.000010161745
1.078125000000,0.281250000000,0.000011757607
1.078125000000,0.328125000000,0.000013241882
1.078125000000,0.375000000000,0.000014601610
1.078125000000,0.421875000000,0.000015824487
1.078125000000,0.468750000000,0.000016898980
1.078125000000,0.515625000000,0.000017814438
1.078125000000,0.562500000000,0.000018561220
1.078125000000,0.609375000000,0.000019130815
1.078125000000,0.656250000000,0.000019515975
1.078125000000,0.703125000000,0.000019710834
1.078125000000,0.750000000000,0.000019711030
1.078125000000,0.796875000000,0.000019513818
1.078125000000,0.843750000000,0.000019118169
1.078125000000,0.890625000000,0.000018524860
1.078125000000,0.937500000000,0.000017736544
1.078125000000,0.984375000000,0.000016757802
1.078125000000,1.031250000000,0.000015595171
1.078125000000,1.078125000000,0.000014257157
1.078125000000,1.125000000000,0.000012754209
1.078125000000,1.171875000000,0.000011098679
1.078125000000,1.218750000000,0.000009304747
1.078125000000,1.265625000000,0.000007388326
1.078125000000,1.312500000000,0.000005366925
1.078125000000,1.359375000000,0.000003259507
1.078125000000,1.406250000000,0.000001086303
1.078125000000,1.453125000000,-0.000001131388
1.078125000000,1.500000000000,-0.000003371423
1.078125000000,1.546875000000,-0.000005611053
1.078125000000,1.593750000000,-0.000007827181
1.078125000000,1.640625000000,-0.000009996632
1.078125000000,1.687500000000,-0.000012096424
1.078125000000,1.734375000000,-0.000014104048
1.078125000000,1.781250000000,-0.000015997750
1.078125000000,1.828125000000,-0.000017756798
1.078125000000,1.875000000000,-0.000019361753
1.078125000000,1.921875000000,-0.000020794714
1.078125000000,1.968750000000,-0.000022039557
1.078125000000,2.015625000000,-0.000023082148
1.078125000000,2.062500000000,-0.000023910526
1.078125000000,2.109375000000,-0.000024515071
1.078125000000,2.156250000000,-0.000024888634
1.078125000000,2.203125000000,-0.000025026632
1.078125000000,2.250000000000,-0.000024927120
1.078125000000,2.296875000000,-0.000024590813
1.078125000000,2.343750000000,-0.000024021092
1.078125000000,2.390625000000,-0.000023223952
1.078125000000,2.437500000000,-0.000022207934
1.078125000000,2.484375000000,-0.000020984015
1.078125000000,2.531250000000,-0.000019565465
1.078125000000,2.578125000000,-0.000017967677
1.078125000000,2.625000000000,-0.000016207971
1.078125000000,2.671875000000,-0.000014305369
1.078125000000,2.718750000000,-0.000012280353
1.078125000000,2.765625000000,-0.000010154607
1.078125000000,2.812500000000,-0.000007950741
1.078125000000,2.859375000000,-0.000005692013
1.078125000000,2.906250000000,-0.000003402036
1.078125000000,2.953125000000,-0.000001104495
1.078125000000,3.000000000000,0.000000000000
1.125000000000,0.000000000000,0.000000000000
1.125000000000,0.046875000000,0.000002828062
1.125000000000,0.093750000000,0.000004652212
1.125000000000,0.140625000000,0.000006419937
1.125000000000,0.187500000000,0.000008116320
1.125000000000,0.234375000000,0.000009726888
1.125000000000,0.281250000000,0.000011237691
1.125000000000,0.328125000000,0.000012635402
1.125000000000,0.375000000000,0.000013907414
1.125000000000,0.421875000000,0.000015041945
1.125000000000,0.468750000000,0.000016028145
1.125000000000,0.515625000000,0.000016856204
1.125000000000,0.562500000000,0.000017517465
1.125000000000,0.609375000000,0.000018004532
1.125000000000,0.656250000000,0.000018311372
1.125000000000,0.703125000000,0.000018433420
1.125000000000,0.750000000000,0.000018367666
1.125000000000,0.796875000000,0.000018112740
1.125000000000,0.843750000000,0.000017668976
1.125000000000,0.890625000000,0.000017038472
1.125000000000,0.937500000000,0.000016225125
1.125000000000,0.984375000000,0.000015234647
1.125000000000,1.031250000000,0.000014074567
1.125000000000,1.078125000000,0.000012754209
1.125000000000,1.125000000000,0.000011284640
1.125000000000,1.171875000000,0.000009678610
1.125000000000,1.218750000000,0.000007950454
1.125000000000,1.265625000000,0.000006115981
1.125000000000,1.312500000000,0.000004192334
1.125000000000,1.359375000000,0.000002197837
1.125000000000,1.406250000000,0.000000151808
1.125000000000,1.453125000000,-0.000001925624
1.125000000000,1.500000000000,-0.000004013743
1.125000000000,1.546875000000,-0.000006091460
1.125000000000,1.593750000000,-0.000008137552
1.125000000000,1.640625000000,-0.000010130901
1.125000000000,1.687500000000,-0.000012050740
1.125000000000,1.734375000000,-0.000013876896
1.125000000000,1.781250000000,-0.000015590029
1.125000000000,1.828125000000,-0.000017171871
1.125000000000,1.875000000000,-0.000018605443
1.125000000000,1.921875000000,-0.000019875270
1.125000000000,1.968750000000,-0.000020967570
1.125000000000,2.015625000000,-0.000021870429
1.125000000000,2.062500000000,-0.000022573949
1.125000000000,2.109375000000,-0.000023070373
1.125000000000,2.156250000000,-0.000023354186
1.125000000000,2.203125000000,-0.000023422182
1.125000000000,2.250000000000,-0.000023273504
1.125000000000,2.296875000000,-0.000022909659
1.125000000000,2.343750000000,-0.000022334492
1.125000000000,2.390625000000,-0.000021554143
1.125000000000,2.437500000000,-0.000020576961
1.125000000000,2.484375000000,-0.000019413405
1.125000000000,2.531250000000,-0.000018075904
1.125000000000,2.578125000000,-0.000016578704
1.125000000000,2.625000000000,-0.000014937689
1.125000000000,2.671875000000,-0.000013170179
1.125000000000,2.718750000000,-0.000011294721
1.125000000000,2.765625000000,-0.000009330854
1.125000000000,2.812500000000,-0.000007298877
1.125000000000,2.859375000000,-0.000005219603
1.125000000000,2.906250000000,-0.000003114111
1.125000000000,2.953125000000,-0.000001003499
1.125000000000,3.000000000000,0.000000000000
1.171875000000,0.000000000000,0.000000000000
1.171875000000,0.046875000000,0.000002687003
1.171875000000,0.093750000000,0.000004413062
1.171875000000,0.140625000000,0.000006081854
1.171875000000,0.187500000000,0.000007678355
1.171875000000,0.234375000000,0.000009188110
1.171875000000,0.281250000000,0.000010597334
1.171875000000,0.328125000000,0.000011893020
1.171875000000,0.375000000000,0.000013063041
1.171875000000,0.421875000000,0.000014096264
1.171875000000,0.468750000000,0.000014982645
1.171875000000,0.515625000000,0.000015713335
1.171875000000,0.562500000000,0.000016280776
1.171875000000,0.609375000000,0.000016678788
1.171875000000,0.656250000000,0.000016902657
1.171875000000,0.703125000000,0.000016949200
1.171875000000,0.750000000000,0.000016816833
1.171875000000,0.796875000000,0.000016505619
1.171875000000,0.843750000000,0.000016017300
1.171875000000,0.890625000000,0.000015355317
1.171875000000,0.937500000000,0.000014524815
1.171875000000,0.984375000000,0.000013532621
1.171875000000,1.031250000000,0.000012387216
1.171875000000,1.078125000000,0.000011098679
1.171875000000,1.125000000000,0.000009678610
1.171875000000,1.171875000000,0.000008140044
1.171875000000,1.218750000000,0.000006497339
1.171875000000,1.265625000000,0.000004766041
1.171875000000,1.312500000000,0.000002962748
1.171875000000,1.359375000000,0.000001104938
1.171875000000,1.406250000000,-0.000000789197
1.171875000000,1.453125000000,-0.000002700943
1.171875000000,1.500000000000,-0.000004611262
1.171875000000,1.546875000000,-0.000006500991
1.171875000000,1.593750000000,-0.000008351054
1.171875000000,1.640625000000,-0.000010142675
1.171875000000,1.687500000000,-0.000011857581
1.171875000000,1.734375000000,-0.000013478214
1.171875000000,1.781250000000,-0.000014987930
1.171875000000,1.828125000000,-0.000016371187
1.171875000000,1.875000000000,-0.000017613725
1.171875000000,1.921875000000,-0.000018702731
1.171875000000,1.968750000000,-0.000019626985
1.171875000000,2.015625000000,-0.000020376988
1.171875000000,2.062500000000,-0.000020945075
1.171875000000,2.109375000000,-0.000021325494
1.171875000000,2.156250000000,-0.000021514476
1.171875000000,2.203125000000,-0.000021510268
1.171875000000,2.250000000000,-0.000021313152
1.171875000000,2.296875000000,-0.000020925430
1.171875000000,2.343750000000,-0.000020351393
1.171875000000,2.390625000000,-0.000019597262
1.171875000000,2.437500000000,-0.000018671103
1.171875000000,2.484375000000,-0.000017582728
1.171875000000,2.531250000000,-0.000016343570
1.171875000000,2.578125000000,-0.000014966541
1.171875000000,2.625000000000,-0.000013465872
1.171875000000,2.671875000000,-0.000011856947
1.171875000000,2.718750000000,-0.000010156114
1.171875000000,2.765625000000,-0.000008380495
1.171875000000,2.812500000000,-0.000006547788
1.171875000000,2.859375000000,-0.000004676062
1.171875000000,2.906250000000,-0.000002783555
1.171875000000,2.953125000000,-0.000000888472
1.171875000000,3.000000000000,0.000000000000
1.218750000000,0.000000000000,0.000000000000
1.218750000000,0.046875000000,0.000002516488
1.218750000000,0.093750000000,0.000004125384
1.218750000000,0.140625000000,0.000005676736
1.218750000000,0.187500000000,0.000007155555
1.218750000000,0.234375000000,0.000008547540
1.218750000000,0.281250000000,0.000009839206
1.218750000000,0.328125000000,0.000011017995
1.218750000000,0.375000000000,0.000012072395
1.218750000000,0.421875000000,0.000012992040
1.218750000000,0.468750000000,0.000013767815
1.218750000000,0.515625000000,0.000014391943
1.218750000000,0.562500000000,0.000014858070
1.218750000000,0.609375000000,0.000015161330
1.218750000000,0.656250000000,0.000015298409
1.218750000000,0.703125000000,0.000015267583
1.218750000000,0.750000000000,0.000015068754
1.218750000000,0.796875000000,0.000014703461
1.218750000000,0.843750000000,0.000014174878
1.218750000000,0.890625000000,0.000013487803
1.218750000000,0.937500000000,0.000012648614
1.218750000000,0.984375000000,0.000011665226
1.218750000000,1.031250000000,0.000010547018
1.218750000000,1.078125000000,0.000009304747
1.218750000000,1.125000000000,0.000007950454
1.218750000000,1.171875000000,0.000006497339
1.218750000000,1.218750000000,0.000004959638
1.218750000000,1.265625000000,0.000003352479
1.218750000000,1.312500000000,0.000001691725
1.218750000000,1.359375000000,-0.000000006183
1.218750000000,1.406250000000,-0.000001724405
1.218750000000,1.453125000000,-0.000003445870
1.218750000000,1.500000000000,-0.000005153464
1.218750000000,1.546875000000,-0.000006830203
1.218750000000,1.593750000000,-0.000008459423
1.218750000000,1.640625000000,-0.000010024949
1.218750000000,1.687500000000,-0.000011511273
1.218750000000,1.734375000000,-0.000012903715
1.218750000000,1.781250000000,-0.000014188580
1.218750000000,1.828125000000,-0.000015353302
1.218750000000,1.875000000000,-0.000016386572
1.218750000000,1.921875000000,-0.000017278456
1.218750000000,1.968750000000,-0.000018020494
1.218750000000,2.015625000000,-0.000018605781
1.218750000000,2.062500000000,-0.000019029033
1.218750000000,2.109375000000,-0.000019286630
1.218750000000,2.156250000000,-0.000019376643
1.218750000000,2.203125000000,-0.000019298837
1.218750000000,2.250000000000,-0.000019054665
1.218750000000,2.296875000000,-0.000018647227
1.218750000000,2.343750000000,-0.000018081230
1.218750000000,2.390625000000,-0.000017362911
1.218750000000,2.437500000000,-0.000016499959
1.218750000000,2.484375000000,-0.000015501417
1.218750000000,2.531250000000,-0.000014377564
1.218750000000,2.578125000000,-0.000013139799
1.218750000000,2.625000000000,-0.000011800500
1.218750000000,2.671875000000,-0.000010372884
1.218750000000,2.718750000000,-0.000008870859
1.218750000000,2.765625000000,-0.000007308868
1.218750000000,2.812500000000,-0.000005701736
1.218750000000,2.859375000000,-0.000004064507
1.218750000000,2.906250000000,-0.000002412296
1.218750000000,2.953125000000,-0.000000760127
1.218750000000,3.000000000000,0.000000000000
1.265625000000,0.000000000000,0.000000000000
1.265625000000,0.046875000000,0.000002317382
1.265625000000,0.093750000000,0.000003790687
1.265625000000,0.140625000000,0.000005206766
1.265625000000,0.187500000000,0.000006550804
1.265625000000,0.234375000000,0.000007808797
1.265625000000,0.281250000000,0.000008967694
1.265625000000,0.328125000000,0.000010015522
1.265625000000,0.375000000000,0.000010941502
1.265625000000,0.421875000000,0.000011736163
1.265625000000,0.468750000000,0.000012391428
1.265625000000,0.515625000000,0.000012900698
1.265625000000,0.562500000000,0.000013258918
1.265625000000,0.609375000000,0.000013462622
1.265625000000,0.656250000000,0.000013509967
1.265625000000,0.703125000000,0.000013400748
1.265625000000,0.750000000000,0.000013136396
1.265625000000,0.796875000000,0.000012719957
1.265625000000,0.843750000000,0.000012156051
1.265625000000,0.890625000000,0.000011450823
1.265625000000,0.937500000000,0.000010611865
1.265625000000,0.984375000000,0.000009648130
1.265625000000,1.031250000000,0.000008569832
1.265625000000,1.078125000000,0.000007388326
1.265625000000,1.125000000000,0.000006115981
1.265625000000,1.171875000000,0.000004766041
1.265625000000,1.218750000000,0.000003352479
1.265625000000,1.265625000000,0.000001889835
1.265625000000,1.312500000000,0.000000393062
1.265625000000,1.359375000000,-0.000001122637
1.265625000000,1.406250000000,-0.000002641980
1.265625000000,1.453125000000,-0.000004149765
1.265625000000,1.500000000000,-0.000005631031
1.265625000000,1.546875000000,-0.000007071219
1.265625000000,1.593750000000,-0.000008456314
1.265625000000,1.640625000000,-0.000009772995
1.265625000000,1.687500000000,-0.000011008759
1.265625000000,1.734375000000,-0.000012152045
1.265625000000,1.781250000000,-0.000013192343
1.265625000000,1.828125000000,-0.000014120283
1.265625000000,1.875000000000,-0.000014927718
1.265625000000,1.921875000000,-0.000015607787
1.265625000000,1.968750000000,-0.000016154965
1.265625000000,2.015625000000,-0.000016565094
1.265625000000,2.062500000000,-0.000016835403
1.265625000000,2.109375000000,-0.000016964507
1.265625000000,2.156250000000,-0.000016952395
1.265625000000,2.203125000000,-0.000016800404
1.265625000000,2.250000000000,-0.000016511176
1.265625000000,2.296875000000,-0.000016088606
1.265625000000,2.343750000000,-0.000015537773
1.265625000000,2.390625000000,-0.000014864871
1.265625000000,2.437500000000,-0.000014077116
1.265625000000,2.484375000000,-0.000013182658
1.265625000000,2.531250000000,-0.000012190480
1.265625000000,2.578125000000,-0.000011110295
1.265625000000,2.625000000000,-0.000009952436
1.265625000000,2.671875000000,-0.000008727745
1.265625000000,2.718750000000,-0.000007447462
1.265625000000,2.765625000000,-0.000006123111
1.265625000000,2.812500000000,-0.000004766393
1.265625000000,2.859375000000,-0.000003389071
1.265625000000,2.906250000000,-0.000002002872
1.265625000000,2.953125000000,-0.000000619380
1.265625000000,3.000000000000,0.000000000000
1.312500000000,0.000000000000,0.000000000000
1.312500000000,0.046875000000,0.000002090987
1.312500000000,0.093750000000,0.000003411206
1.312500000000,0.140625000000,0.000004675125
1.312500000000,0.187500000000,0.000005868248
1.312500000000,0.234375000000,0.000006977010
1.312500000000,0.281250000000,0.000007988928
1.312500000000,0.328125000000,0.000008892740
1.312500000000,0.375000000000,0.000009678529
1.312500000000,0.421875000000,0.000010337827
1.312500000000,0.468750000000,0.000010863703
1.312500000000,0.515625000000,0.000011250832
1.312500000000,0.562500000000,0.000011495539
1.312500000000,0.609375000000,0.000011595831
1.312500000000,0.656250000000,0.000011551397
1.312500000000,0.703125000000,0.000011363596
1.312500000000,0.750000000000,0.000011035417
1.312500000000,0.796875000000,0.000010571428
1.312500000000,0.843750000000,0.000009977691
1.312500000000,0.890625000000,0.000009261677
1.312500000000,0.937500000000,0.000008432154
1.312500000000,0.984375000000,0.000007499059
1.312500000000,1.031250000000,0.000006473363
1.312500000000,1.078125000000,0.000005366925
1.312500000000,1.125000000000,0.000004192335
1.312500000000,1.171875000000,0.000002962748
1.312500000000,1.218750000000,0.000001691725
1.312500000000,1.265625000000,0.000000393062
1.312500000000,1.312500000000,-0.000000919375
1.312500000000,1.359375000000,-0.000002231812
1.312500000000,1.406250000000,-0.000003530727
1.312500000000,1.453125000000,-0.000004802993
1.312500000000,1.500000000000,-0.000006036022
1.312500000000,1.546875000000,-0.000007217896
1.312500000000,1.593750000000,-0.000008337479
1.312500000000,1.640625000000,-0.000009384521
1.312500000000,1.687500000000,-0.000010349749
1.312500000000,1.734375000000,-0.000011224935
1.312500000000,1.781250000000,-0.000012002958
1.312500000000,1.828125000000,-0.000012677843
1.312500000000,1.875000000000,-0.000013244786
1.312500000000,1.921875000000,-0.000013700168
1.312500000000,1.968750000000,-0.000014041545
1.312500000000,2.015625000000,-0.000014267638
1.312500000000,2.062500000000,-0.000014378294
1.312500000000,2.109375000000,-0.000014374449
1.312500000000,2.156250000000,-0.000014258073
1.312500000000,2.203125000000,-0.000014032107
1.312500000000,2.250000000000,-0.000013700394
1.312500000000,2.296875000000,-0.000013267605
1.312500000000,2.343750000000,-0.000012739154
1.312500000000,2.390625000000,-0.000012121118
1.312500000000,2.437500000000,-0.000011420153
1.312500000000,2.484375000000,-0.000010643399
1.312500000000,2.531250000000,-0.000009798407
1.312500000000,2.578125000000,-0.000008893045
1.312500000000,2.625000000000,-0.000007935426
1.312500000000,2.671875000000,-0.000006933824
1.312500000000,2.718750000000,-0.000005896605
1.312500000000,2.765625000000,-0.000004832160
1.312500000000,2.812500000000,-0.000003748836
1.312500000000,2.859375000000,-0.000002654889
1.312500000000,2.906250000000,-0.000001558422
1.312500000000,2.953125000000,-0.000000467344
1.312500000000,3.000000000000,0.000000000000
1.359375000000,0.000000000000,0.000000000000
1.359375000000,0.046875000000,0.000001839047
1.359375000000,0.093750000000,0.000002989901
1.359375000000,0.140625000000,0.000004085992
1.359375000000,0.187500000000,0.000005113289
1.359375000000,0.234375000000,0.000006058803
1.359375000000,0.281250000000,0.000006910755
1.359375000000,0.328125000000,0.000007658718
1.359375000000,0.375000000000,0.000008293751
1.359375000000,0.421875000000,0.000008808496
1.359375000000,0.468750000000,0.000009197263
1.359375000000,0.515625000000,0.000009456082
1.359375000000,0.562500000000,0.000009582737
1.359375000000,0.609375000000,0.000009576762
1.359375000000,0.656250000000,0.000009439424
1.359375000000,0.703125000000,0.000009173674
1.359375000000,0.750000000000,0.000008784077
1.359375000000,0.796875000000,0.000008276717
1.359375000000,0.843750000000,0.000007659085
1.359375000000,0.890625000000,0.000006939944
1.359375000000,0.937500000000,0.000006129184
1.359375000000,0.984375000000,0.000005237657
1.359375000000,1.031250000000,0.000004277012
1.359375000000,1.078125000000,0.000003259507
1.359375000000,1.125000000000,0.000002197837
1.359375000000,1.171875000000,0.000001104938
1.359375000000,1.218750000000,-0.000000006183
1.359375000000,1.265625000000,-0.000001122637
1.359375000000,1.312500000000,-0.000002231813
1.359375000000,1.359375000000,-0.000003321543
1.359375000000,1.406250000000,-0.000004380250
1.359375000000,1.453125000000,-0.000005397076
1.359375000000,1.500000000000,-0.000006362007
1.359375000000,1.546875000000,-0.000007265961
1.359375000000,1.593750000000,-0.000008100881
1.359375000000,1.640625000000,-0.000008859786
1.359375000000,1.687500000000,-0.000009536824
1.359375000000,1.734375000000,-0.000010127287
1.359375000000,1.781250000000,-0.000010627620
1.359375000000,1.828125000000,-0.000011035406
1.359375000000,1.875000000000,-0.000011349339
1.359375000000,1.921875000000,-0.000011569177
1.359375000000,1.968750000000,-0.000011695682
1.359375000000,2.015625000000,-0.000011730554
1.359375000000,2.062500000000,-0.000011676343
1.359375000000,2.109375000000,-0.000011536370
1.359375000000,2.156250000000,-0.000011314625
1.359375000000,2.203125000000,-0.000011015674
1.359375000000,2.250000000000,-0.000010644560
1.359375000000,2.296875000000,-0.000010206703
1.359375000000,2.343750000000,-0.000009707808
1.359375000000,2.390625000000,-0.000009153768
1.359375000000,2.437500000000,-0.000008550586
1.359375000000,2.484375000000,-0.000007904290
1.359375000000,2.531250000000,-0.000007220869
1.359375000000,2.578125000000,-0.000006506207
1.359375000000,2.625000000000,-0.000005766037
1.359375000000,2.671875000000,-0.000005005896
1.359375000000,2.718750000000,-0.000004231096
1.359375000000,2.765625000000,-0.000003446701
1.359375000000,2.812500000000,-0.000002657514
1.359375000000,2.859375000000,-0.000001868077
1.359375000000,2.906250000000,-0.000001082672
1.359375000000,2.953125000000,-0.000000305329
1.359375000000,3.000000000000,0.000000000000
1.406250000000,0.000000000000,0.000000000000
1.406250000000,0.046875000000,0.000001563736
1.406250000000,0.093750000000,0.000002530436
1.406250000000,0.140625000000,0.000003444514
1.406250000000,0.187500000000,0.000004292548
1.406250000000,0.234375000000,0.000005062261
1.406250000000,0.281250000000,0.000005742701
1.406250000000,0.328125000000,0.000006324397
1.406250000000,0.375000000000,0.000006799487
1.406250000000,0.421875000000,0.000007161826
1.406250000000,0.468750000000,0.000007407044
1.406250000000,0.515625000000,0.000007532604
1.406250000000,0.562500000000,0.000007537799
1.406250000000,0.609375000000,0.000007423739
1.406250000000,0.656250000000,0.000007193298
1.406250000000,0.703125000000,0.000006851034
1.406250000000,0.750000000000,0.000006403086
1.406250000000,0.796875000000,0.000005857040
1.406250000000,0.843750000000,0.000005221780
1.406250000000,0.890625000000,0.000004507316
1.406250000000,0.937500000000,0.000003724596
1.406250000000,0.984375000000,0.000002885314
1.406250000000,1.031250000000,0.000002001697
1.406250000000,1.078125000000,0.000001086303
1.406250000000,1.125000000000,0.000000151808
1.406250000000,1.171875000000,-0.000000789197
1.406250000000,1.218750000000,-0.000001724405
1.406250000000,1.265625000000,-0.000002641980
1.406250000000,1.312500000000,-0.000003530727
1.406250000000,1.359375000000,-0.000004380250
1.406250000000,1.406250000000,-0.000005181085
1.406250000000,1.453125000000,-0.000005924820
1.406250000000,1.500000000000,-0.000006604181
1.406250000000,1.546875000000,-0.000007213105
1.406250000000,1.593750000000,-0.000007746778
1.406250000000,1.640625000000,-0.000008201662
1.406250000000,1.687500000000,-0.000008575481
1.406250000000,1.734375000000,-0.000008867202
1.406250000000,1.781250000000,-0.000009076979
1.406250000000,1.828125000000,-0.000009206089
1.406250000000,1.875000000000,-0.000009256842
1.406250000000,1.921875000000,-0.000009232479
1.406250000000,1.968750000000,-0.000009137059
1.406250000000,2.015625000000,-0.000008975335
1.406250000000,2.062500000000,-0.000008752621
1.406250000000,2.109375000000,-0.000008474659
1.406250000000,2.156250000000,-0.000008147484
1.406250000000,2.203125000000,-0.000007777292
1.406250000000,2.250000000000,-0.000007370309
1.406250000000,2.296875000000,-0.000006932675
1.406250000000,2.343750000000,-0.000006470332
1.406250000000,2.390625000000,-0.000005988926
1.406250000000,2.437500000000,-0.000005493723
1.406250000000,2.484375000000,-0.000004989540
1.406250000000,2.531250000000,-0.000004480692
1.406250000000,2.578125000000,-0.000003970955
1.406250000000,2.625000000000,-0.000003463546
1.406250000000,2.671875000000,-0.000002961120
1.406250000000,2.718750000000,-0.000002465778
1.406250000000,2.765625000000,-0.000001979102
1.406250000000,2.812500000000,-0.000001502186
1.406250000000,2.859375000000,-0.000001035691
1.406250000000,2.906250000000,-0.000000579908
1.406250000000,2.953125000000,-0.000000134825
1.406250000000,3.000000000000,0.000000000000
1.453125000000,0.000000000000,0.000000000000
1.453125000000,0.046875000000,0.000001267639
1.453125000000,0.093750000000,0.000002037151
1.453125000000,0.140625000000,0.000002756769
1.453125000000,0.187500000000,0.000003413815
1.453125000000,0.234375000000,0.000003996853
1.453125000000,0.281250000000,0.000004495880
1.453125000000,0.328125000000,0.000004902489
1.453125000000,0.375000000000,0.000005209996
1.453125000000,0.421875000000,0.000005413547
1.453125000000,0.468750000000,0.000005510173
1.453125000000,0.515625000000,0.000005498819
1.453125000000,0.562500000000,0.000005380337
1.453125000000,0.609375000000,0.000005157440
1.453125000000,0.656250000000,0.000004834622
1.453125000000,0.703125000000,0.000004418049
1.453125000000,0.750000000000,0.000003915415
1.453125000000,0.796875000000,0.000003335779
1.453125000000,0.843750000000,0.000002689372
1.453125000000,0.890625000000,0.000001987390
1.453125000000,0.937500000000,0.000001241769
1.453125000000,0.984375000000,0.000000464951
1.453125000000,1.031250000000,-0.000000330350
1.453125000000,1.078125000000,-0.000001131389
1.453125000000,1.125000000000,-0.000001925624
1.453125000000,1.171875000000,-0.000002700943
1.453125000000,1.218750000000,-0.000003445870
1.453125000000,1.265625000000,-0.000004149765
1.453125000000,1.312500000000,-0.000004802993
1.453125000000,1.359375000000,-0.000005397076
1.453125000000,1.406250000000,-0.000005924820
1.453125000000,1.453125000000,-0.000006380402
1.453125000000,1.500000000000,-0.000006759441
1.453125000000,1.546875000000,-0.000007059033
1.453125000000,1.593750000000,-0.000007277753
1.453125000000,1.640625000000,-0.000007415633
1.453125000000,1.687500000000,-0.000007474108
1.453125000000,1.734375000000,-0.000007455932
1.453125000000,1.781250000000,-0.000007365080
1.453125000000,1.828125000000,-0.000007206618
1.453125000000,1.875000000000,-0.000006986556
1.453125000000,1.921875000000,-0.000006711692
1.453125000000,1.968750000000,-0.000006389442
1.453125000000,2.015625000000,-0.000006027657
1.453125000000,2.062500000000,-0.000005634443
1.453125000000,2.109375000000,-0.000005217985
1.453125000000,2.156250000000,-0.000004786364
1.453125000000,2.203125000000,-0.000004347390
1.453125000000,2.250000000000,-0.000003908452
1.453125000000,2.296875000000,-0.000003476366
1.453125000000,2.343750000000,-0.000003057261
1.453125000000,2.390625000000,-0.000002656470
1.453125000000,2.437500000000,-0.000002278447
1.453125000000,2.484375000000,-0.000001926711
1.453125000000,2.531250000000,-0.000001603807
1.453125000000,2.578125000000,-0.000001311298
1.453125000000,2.625000000000,-0.000001049772
1.453125000000,2.671875000000,-0.000000818884
1.453125000000,2.718750000000,-0.000000617405
1.453125000000,2.765625000000,-0.000000443304
1.453125000000,2.812500000000,-0.000000293837
1.453125000000,2.859375000000,-0.000000165657
1.453125000000,2.906250000000,-0.000000054936
1.453125000000,2.953125000000,0.000000042509
1.453125000000,3.000000000000,0.000000000000
1.500000000000,0.000000000000,0.000000000000
1.500000000000,0.046875000000,0.000000953730
1.500000000000,0.093750000000,0.000001515018
1.500000000000,0.140625000000,0.000002029696
1.500000000000,0.187500000000,0.000002485962
1.500000000000,0.234375000000,0.000002873341
1.500000000000,0.281250000000,0.000003182886
1.500000000000,0.328125000000,0.000003407352
1.500000000000,0.375000000000,0.000003541320
1.500000000000,0.421875000000,0.000003581300
1.500000000000,0.468750000000,0.000003525777
1.500000000000,0.515625000000,0.000003375226
1.500000000000,0.562500000000,0.000003132084
1.500000000000,0.609375000000,0.000002800680
1.500000000000,0.656250000000,0.000002387127
1.500000000000,0.703125000000,0.000001899179
1.500000000000,0.750000000000,0.000001346057
1.500000000000,0.796875000000,0.000000738246
1.500000000000,0.843750000000,0.000000087266
1.500000000000,0.890625000000,-0.000000594574
1.500000000000,0.937500000000,-0.000001294435
1.500000000000,0.984375000000,-0.000001999214
1.500000000000,1.031250000000,-0.000002695817
1.500000000000,1.078125000000,-0.000003371423
1.500000000000,1.125000000000,-0.000004013743
1.500000000000,1.171875000000,-0.000004611262
1.500000000000,1.218750000000,-0.000005153464
1.500000000000,1.265625000000,-0.000005631032
1.500000000000,1.312500000000,-0.000006036022
1.500000000000,1.359375000000,-0.000006362007
1.500000000000,1.406250000000,-0.000006604181
1.500000000000,1.453125000000,-0.000006759441
1.500000000000,1.500000000000,-0.000006826416
1.500000000000,1.546875000000,-0.000006805475
1.500000000000,1.593750000000,-0.000006698686
1.500000000000,1.640625000000,-0.000006509754
1.500000000000,1.687500000000,-0.000006243908
1.500000000000,1.734375000000,-0.000005907777
1.500000000000,1.781250000000,-0.000005509222
1.500000000000,1.828125000000,-0.000005057156
1.500000000000,1.875000000000,-0.000004561343
1.500000000000,1.921875000000,-0.000004032173
1.500000000000,1.968750000000,-0.000003480442
1.500000000000,2.015625000000,-0.000002917117
1.500000000000,2.062500000000,-0.000002353100
1.500000000000,2.109375000000,-0.000001799010
1.500000000000,2.156250000000,-0.000001264954
1.500000000000,2.203125000000,-0.000000760334
1.500000000000,2.250000000000,-0.000000293659
1.500000000000,2.296875000000,0.000000127620
1.500000000000,2.343750000000,0.000000497243
1.500000000000,2.390625000000,0.000000810252
1.500000000000,2.437500000000,0.000001063072
1.500000000000,2.484375000000,0.000001253558
1.500000000000,2.531250000000,0.000001381011
1.500000000000,2.578125000000,0.000001446165
1.500000000000,2.625000000000,0.000001451145
1.500000000000,2.671875000000,0.000001399385
1.500000000000,2.718750000000,0.000001295535
1.500000000000,2.765625000000,0.000001145327
1.500000000000,2.812500000000,0.000000955435
1.500000000000,2.859375000000,0.000000733301
1.500000000000,2.906250000000,0.000000486964
1.500000000000,2.953125000000,0.000000224862
1.500000000000,3.000000000000,0.000000000000
1.546875000000,0.000000000000,0.000000000000
1.546875000000,0.046875000000,0.000000625335
1.546875000000,0.093750000000,0.000000969582
1.546875000000,0.140625000000,0.000001271022
1.546875000000,0.187500000000,0.000001518846
1.546875000000,0.234375000000,0.000001703649
1.546875000000,0.281250000000,0.000001817641
1.546875000000,0.328125000000,0.000001854821
1.546875000000,0.375000000000,0.000001811107
1.546875000000,0.421875000000,0.000001684430
1.546875000000,0.468750000000,0.000001474773
1.546875000000,0.515625000000,0.000001184168
1.546875000000,0.562500000000,0.000000816648
1.546875000000,0.609375000000,0.000000378154
1.546875000000,0.656250000000,-0.000000123599
1.546875000000,0.703125000000,-0.000000679302
1.546875000000,0.750000000000,-0.000001278254
1.546875000000,0.796875000000,-0.000001908603
1.546875000000,0.843750000000,-0.000002557612
1.546875000000,0.890625000000,-0.000003211940
1.546875000000,0.937500000000,-0.000003857935
1.546875000000,0.984375000000,-0.000004481935
1.546875000000,1.031250000000,-0.000005070570
1.546875000000,1.078125000000,-0.000005611053
1.546875000000,1.125000000000,-0.000006091460
1.546875000000,1.171875000000,-0.000006500991
1.546875000000,1.218750000000,-0.000006830203
1.546875000000,1.265625000000,-0.000007071219
1.546875000000,1.312500000000,-0.000007217896
1.546875000000,1.359375000000,-0.000007265961
1.546875000000,1.406250000000,-0.000007213105
1.546875000000,1.453125000000,-0.000007059033
1.546875000000,1.500000000000,-0.000006805474
1.546875000000,1.546875000000,-0.000006456150
1.546875000000,1.593750000000,-0.000006016693
1.546875000000,1.640625000000,-0.000005494537
1.546875000000,1.687500000000,-0.000004898761
1.546875000000,1.734375000000,-0.000004239904
1.546875000000,1.781250000000,-0.000003529747
1.546875000000,1.828125000000,-0.000002781071
1.546875000000,1.875000000000,-0.000002007400
1.546875000000,1.921875000000,-0.000001222719
1.546875000000,1.968750000000,-0.000000441197
1.546875000000,2.015625000000,0.000000323103
1.546875000000,2.062500000000,0.000001056505
1.546875000000,2.109375000000,0.000001745991
1.546875000000,2.156250000000,0.000002379461
1.546875000000,2.203125000000,0.000002945967
1.546875000000,2.250000000000,0.000003435928
1.546875000000,2.296875000000,0.000003841311
1.546875000000,2.343750000000,0.000004155778
1.546875000000,2.390625000000,0.000004374804
1.546875000000,2.437500000000,0.000004495750
1.546875000000,2.484375000000,0.000004517903
1.546875000000,2.531250000000,0.000004442471
1.546875000000,2.578125000000,0.000004272544
1.546875000000,2.625000000000,0.000004013016
1.546875000000,2.671875000000,0.000003670468
1.546875000000,2.718750000000,0.000003253022
1.546875000000,2.765625000000,0.000002770167
1.546875000000,2.812500000000,0.000002232552
1.546875000000,2.859375000000,0.000001651767
1.546875000000,2.906250000000,0.000001040102
1.546875000000,2.953125000000,0.000000410294
1.546875000000,3.000000000000,0.000000000000
1.593750000000,0.000000000000,0.000000000000
1.593750000000,0.046875000000,0.000000286091
1.593750000000,0.093750000000,0.000000406893
1.593750000000,0.140625000000,0.000000489160
1.593750000000,0.187500000000,0.000000523183
1.593750000000,0.234375000000,0.000000500721
1.593750000000,0.281250000000,0.000000415226
1.593750000000,0.328125000000,0.000000262011
1.593750000000,0.375000000000,0.000000038389
1.593750000000,0.421875000000,-0.000000256247
1.593750000000,0.468750000000,-0.000000620391
1.593750000000,0.515625000000,-0.000001050444
1.593750000000,0.562500000000,-0.000001540779
1.593750000000,0.609375000000,-0.000002083863
1.593750000000,0.656250000000,-0.000002670419
1.593750000000,0.703125000000,-0.000003289625
1.593750000000,0.750000000000,-0.000003929363
1.593750000000,0.796875000000,-0.000004576489
1.593750000000,0.843750000000,-0.000005217130
1.593750000000,0.890625000000,-0.000005837003
1.593750000000,0.937500000000,-0.000006421741
1.593750000000,0.984375000000,-0.000006957228
1.593750000000,1.031250000000,-0.000007429923
1.593750000000,1.078125000000,-0.000007827181
1.593750000000,1.125000000000,-0.000008137552
1.593750000000,1.171875000000,-0.000008351054
1.593750000000,1.218750000000,-0.000008459423
1.593750000000,1.265625000000,-0.000008456314
1.593750000000,1.312500000000,-0.000008337479
1.593750000000,1.359375000000,-0.000008100880
1.593750000000,1.406250000000,-0.000007746778
1.593750000000,1.453125000000,-0.000007277753
1.593750000000,1.500000000000,-0.000006698686
1.593750000000,1.546875000000,-0.000006016693
1.593750000000,1.593750000000,-0.000005241002
1.593750000000,1.640625000000,-0.000004382800
1.593750000000,1.687500000000,-0.000003455022
1.593750000000,1.734375000000,-0.000002472118
1.593750000000,1.781250000000,-0.000001449775
1.593750000000,1.828125000000,-0.000000404624
1.593750000000,1.875000000000,0.000000646082
1.593750000000,1.921875000000,0.000001684799
1.593750000000,1.968750000000,0.000002694028
1.593750000000,2.015625000000,0.000003656659
1.593750000000,2.062500000000,0.000004556295
1.593750000000,2.109375000000,0.000005377575
1.593750000000,2.156250000000,0.000006106464
1.593750000000,2.203125000000,0.000006730529
1.593750000000,2.250000000000,0.000007239172
1.593750000000,2.296875000000,0.000007623835
1.593750000000,2.343750000000,0.000007878158
1.593750000000,2.390625000000,0.000007998099
1.593750000000,2.437500000000,0.000007982004
1.593750000000,2.484375000000,0.000007830635
1.593750000000,2.531250000000,0.000007547143
1.593750000000,2.578125000000,0.000007137009
1.593750000000,2.625000000000,0.000006607922
1.593750000000,2.671875000000,0.000005969632
1.593750000000,2.718750000000,0.000005233752
1.593750000000,2.765625000000,0.000004413536
1.593750000000,2.812500000000,0.000003523620
1.593750000000,2.859375000000,0.000002579742
1.593750000000,2.906250000000,0.000001598444
1.593750000000,2.953125000000,0.000000596759
1.593750000000,3.000000000000,0.000000000000
1.640625000000,0.000000000000,0.000000000000
1.640625000000,0.046875000000,-0.000000060106
1.640625000000,0.093750000000,-0.000000166576
1.640625000000,0.140625000000,-0.000000306901
1.640625000000,0.187500000000,-0.000000489598
1.640625000000,0.234375000000,-0.000000721658
1.640625000000,0.281250000000,-0.000001008324
1.640625000000,0.328125000000,-0.000001352910
1.640625000000,0.375000000000,-0.000001756670
1.640625000000,0.421875000000,-0.000002218724
1.640625000000,0.468750000000,-0.000002736034
1.640625000000,0.515625000000,-0.000003303438
1.640625000000,0.562500000000,-0.000003913743
1.640625000000,0.609375000000,-0.000004557858
1.640625000000,0.656250000000,-0.000005224990
1.640625000000,0.703125000000,-0.000005902875
1.640625000000,0.750000000000,-0.000006578050
1.640625000000,0.796875000000,-0.000007236162
1.640625000000,0.843750000000,-0.000007862297
1.640625000000,0.890625000000,-0.000008441328
1.640625000000,0.937500000000,-0.000008958280
1.640625000000,0.984375000000,-0.000009398683
1.640625000000,1.031250000000,-0.000009748933
1.640625000000,1.078125000000,-0.000009996632
1.640625000000,1.125000000000,-0.000010130901
1.640625000000,1.171875000000,-0.000010142675
1.640625000000,1.218750000000,-0.000010024949
1.640625000000,1.265625000000,-0.000009772995
1.640625000000,1.312500000000,-0.000009384521
1.640625000000,1.359375000000,-0.000008859786
1.640625000000,1.406250000000,-0.000008201662
1.640625000000,1.453125000000,-0.000007415633
1.640625000000,1.500000000000,-0.000006509754
1.640625000000,1.546875000000,-0.000005494537
1.640625000000,1.593750000000,-0.000004382800
1.640625000000,1.640625000000,-0.000003189459
1.640625000000,1.687500000000,-0.000001931274
1.640625000000,1.734375000000,-0.000000626561
1.640625000000,1.781250000000,0.000000705137
1.640625000000,1.828125000000,0.000002043406
1.640625000000,1.875000000000,0.000003367329
1.640625000000,1.921875000000,0.000004655879
1.640625000000,1.968750000000,0.000005888309
1.640625000000,2.015625000000,0.000007044537
1.640625000000,2.062500000000,0.000008105532
1.640625000000,2.109375000000,0.000009053666
1.640625000000,2.156250000000,0.000009873049
1.640625000000,2.203125000000,0.000010549835
1.640625000000,2.250000000000,0.000011072478
1.640625000000,2.296875000000,0.000011431956
1.640625000000,2.343750000000,0.000011621941
1.640625000000,2.390625000000,0.000011638917
1.640625000000,2.437500000000,0.000011482252
1.640625000000,2.484375000000,0.000011154206
1.640625000000,2.531250000000,0.000010659894
1.640625000000,2.578125000000,0.000010007188
1.640625000000,2.625000000000,0.000009206572
1.640625000000,2.671875000000,0.000008270949
1.640625000000,2.718750000000,0.000007215404
1.640625000000,2.765625000000,0.000006056927
1.640625000000,2.812500000000,0.000004814103
1.640625000000,2.859375000000,0.000003506775
1.640625000000,2.906250000000,0.000002155692
1.640625000000,2.953125000000,0.000000782132
1.640625000000,3.000000000000,0.000000000000
1.687500000000,0.000000000000,0.000000000000
1.687500000000,0.046875000000,-0.000000409148
1.687500000000,0.093750000000,-0.000000744021
1.687500000000,0.140625000000,-0.000001107726
1.687500000000,0.187500000000,-0.000001507509
1.687500000000,0.234375000000,-0.000001949052
1.687500000000,0.281250000000,-0.000002436237
1.687500000000,0.328125000000,-0.000002970970
1.687500000000,0.375000000000,-0.000003553049
1.687500000000,0.421875000000,-0.000004180099
1.687500000000,0.468750000000,-0.000004847558
1.687500000000,0.515625000000,-0.000005548730
1.687500000000,0.562500000000,-0.000006274888
1.687500000000,0.609375000000,-0.000007015441
1.687500000000,0.656250000000,-0.000007758147
1.687500000000,0.703125000000,-0.000008489376
1.687500000000,0.750000000000,-0.000009194409
1.687500000000,0.796875000000,-0.000009857781
1.687500000000,0.843750000000,-0.000010463638
1.687500000000,0.890625000000,-0.000010996117
1.687500000000,0.937500000000,-0.000011439737
1.687500000000,0.984375000000,-0.000011779787
1.687500000000,1.031250000000,-0.000012002701
1.687500000000,1.078125000000,-0.000012096424
1.687500000000,1.125000000000,-0.000012050740
1.687500000000,1.171875000000,-0.000011857581
1.687500000000,1.218750000000,-0.000011511273
1.687500000000,1.265625000000,-0.000011008759
1.687500000000,1.312500000000,-0.000010349749
1.687500000000,1.359375000000,-0.000009536824
1.687500000000,1.406250000000,-0.000008575481
1.687500000000,1.453125000000,-0.000007474108
1.687500000000,1.500000000000,-0.000006243908
1.687500000000,1.546875000000,-0.000004898761
1.687500000000,1.593750000000,-0.000003455022
1.687500000000,1.640625000000,-0.000001931274
1.687500000000,1.687500000000,-0.000000348027
1.687500000000,1.734375000000,0.000001272625
1.687500000000,1.781250000000,0.000002907382
1.687500000000,1.828125000000,0.000004532145
1.687500000000,1.875000000000,0.000006122448
1.687500000000,1.921875000000,0.000007653892
1.687500000000,1.968750000000,0.000009102591
1.687500000000,2.015625000000,0.000010445611
1.687500000000,2.062500000000,0.000011661391
1.687500000000,2.109375000000,0.000012730142
1.687500000000,2.156250000000,0.000013634217
1.687500000000,2.203125000000,0.000014358442
1.687500000000,2.250000000000,0.000014890401
1.687500000000,2.296875000000,0.000015220672
1.687500000000,2.343750000000,0.000015343010
1.687500000000,2.390625000000,0.000015254464
1.687500000000,2.437500000000,0.000014955444
1.687500000000,2.484375000000,0.000014449719
1.687500000000,2.531250000000,0.000013744357
1.687500000000,2.578125000000,0.000012849601
1.687500000000,2.625000000000,0.000011778694
1.687500000000,2.671875000000,0.000010547645
1.687500000000,2.718750000000,0.000009174947
1.687500000000,2.765625000000,0.000007681253
1.687500000000,2.812500000000,0.000006089017
1.687500000000,2.859375000000,0.000004422103
1.687500000000,2.906250000000,0.000002705367
1.687500000000,2.953125000000,0.000000964238
1.687500000000,3.000000000000,0.000000000000
1.734375000000,0.000000000000,0.000000000000
1.734375000000,0.046875000000,-0.000000756783
1.734375000000,0.093750000000,-0.000001318404
1.734375000000,0.140625000000,-0.000001903564
1.734375000000,0.187500000000,-0.000002518182
1.734375000000,0.234375000000,-0.000003166581
1.734375000000,0.281250000000,-0.000003851250
1.734375000000,0.328125000000,-0.000004572667
1.734375000000,0.375000000000,-0.000005329171
1.734375000000,0.421875000000,-0.000006116902
1.734375000000,0.468750000000,-0.000006929802
1.734375000000,0.515625000000,-0.000007759680
1.734375000000,0.562500000000,-0.000008596335
1.734375000000,0.609375000000,-0.000009427743
1.734375000000,0.656250000000,-0.000010240297
1.734375000000,0.703125000000,-0.000011019091
1.734375000000,0.750000000000,-0.000011748253
1.734375000000,0.796875000000,-0.000012411311
1.734375000000,0.843750000000,-0.000012991581
1.734375000000,0.890625000000,-0.000013472576
1.734375000000,0.937500000000,-0.000013838420
1.734375000000,0.984375000000,-0.000014074264
1.734375000000,1.031250000000,-0.000014166680
1.734375000000,1.078125000000,-0.000014104048
1.734375000000,1.125000000000,-0.000013876896
1.734375000000,1.171875000000,-0.000013478214
1.734375000000,1.218750000000,-0.000012903715
1.734375000000,1.265625000000,-0.000012152045
1.734375000000,1.312500000000,-0.000011224935
1.734375000000,1.359375000000,-0.000010127287
1.734375000000,1.406250000000,-0.000008867202
1.734375000000,1.453125000000,-0.000007455932
1.734375000000,1.500000000000,-0.000005907777
1.734375000000,1.546875000000,-0.000004239904
1.734375000000,1.593750000000,-0.000002472118
1.734375000000,1.640625000000,-0.000000626562
1.734375000000,1.687500000000,0.000001272625
1.734375000000,1.734375000000,0.000003199698
1.734375000000,1.781250000000,0.000005127738
1.734375000000,1.828125000000,0.000007029113
1.734375000000,1.875000000000,0.000008875949
1.734375000000,1.921875000000,0.000010640629
1.734375000000,1.968750000000,0.000012296278
1.734375000000,2.015625000000,0.000013817250
1.734375000000,2.062500000000,0.000015179593
1.734375000000,2.109375000000,0.000016361482
1.734375000000,2.156250000000,0.000017343629
1.734375000000,2.203125000000,0.000018109632
1.734375000000,2.250000000000,0.000018646291
1.734375000000,2.296875000000,0.000018943852
1.734375000000,2.343750000000,0.000018996199
1.734375000000,2.390625000000,0.000018800976
1.734375000000,2.437500000000,0.000018359646
1.734375000000,2.484375000000,0.000017677474
1.734375000000,2.531250000000,0.000016763449
1.734375000000,2.578125000000,0.000015630136
1.734375000000,2.625000000000,0.000014293469
1.734375000000,2.671875000000,0.000012772474
1.734375000000,2.718750000000,0.000011088954
1.734375000000,2.765625000000,0.000009267112
1.734375000000,2.812500000000,0.000007333145
1.734375000000,2.859375000000,0.000005314798
1.734375000000,2.906250000000,0.000003240900
1.734375000000,2.953125000000,0.000001140881
1.734375000000,3.000000000000,0.000000000000
1.781250000000,0.000000000000,0.000000000000
1.781250000000,0.046875000000,-0.000001098672
1.781250000000,0.093750000000,-0.000001882559
1.781250000000,0.140625000000,-0.000002684500
1.781250000000,0.187500000000,-0.000003509049
1.781250000000,0.234375000000,-0.000004359143
1.781250000000,0.281250000000,-0.000005235863
1.781250000000,0.328125000000,-0.000006138258
1.781250000000,0.375000000000,-0.000007063221
1.781250000000,0.421875000000,-0.000008005439
1.781250000000,0.468750000000,-0.000008957401
1.781250000000,0.515625000000,-0.000009909482
1.781250000000,0.562500000000,-0.000010850080
1.781250000000,0.609375000000,-0.000011765825
1.781250000000,0.656250000000,-0.000012641838
1.781250000000,0.703125000000,-0.000013462046
1.781250000000,0.750000000000,-0.000014209534
1.781250000000,0.796875000000,-0.000014866938
1.781250000000,0.843750000000,-0.000015416861
1.781250000000,0.890625000000,-0.000015842307
1.781250000000,0.937500000000,-0.000016127119
1.781250000000,0.984375000000,-0.000016256411
1.781250000000,1.031250000000,-0.000016216990
1.781250000000,1.078125000000,-0.000015997750
1.781250000000,1.125000000000,-0.000015590029
1.781250000000,1.171875000000,-0.000014987930
1.781250000000,1.218750000000,-0.000014188580
1.781250000000,1.265625000000,-0.000013192343
1.781250000000,1.312500000000,-0.000012002958
1.781250000000,1.359375000000,-0.000010627620
1.781250000000,1.406250000000,-0.000009076979
1.781250000000,1.453125000000,-0.000007365080
1.781250000000,1.500000000000,-0.000005509221
1.781250000000,1.546875000000,-0.000003529747
1.781250000000,1.593750000000,-0.000001449775
1.781250000000,1.640625000000,0.000000705137
1.781250000000,1.687500000000,0.000002907382
1.781250000000,1.734375000000,0.000005127738
1.781250000000,1.781250000000,0.000007335852
1.781250000000,1.828125000000,0.000009500736
1.781250000000,1.875000000000,0.000011591305
1.781250000000,1.921875000000,0.000013576905
1.781250000000,1.968750000000,0.000015427855
1.781250000000,2.015625000000,0.000017115972
1.781250000000,2.062500000000,0.000018615073
1.781250000000,2.109375000000,0.000019901450
1.781250000000,2.156250000000,0.000020954301
1.781250000000,2.203125000000,0.000021756114
1.781250000000,2.250000000000,0.000022292993
1.781250000000,2.296875000000,0.000022554922
1.781250000000,2.343750000000,0.000022535961
1.781250000000,2.390625000000,0.000022234368
1.781250000000,2.437500000000,0.000021652652
1.781250000000,2.484375000000,0.000020797546
1.781250000000,2.531250000000,0.000019679905
1.781250000000,2.578125000000,0.000018314538
1.781250000000,2.625000000000,0.000016719965
1.781250000000,2.671875000000,0.000014918111
1.781250000000,2.718750000000,0.000012933946
1.781250000000,2.765625000000,0.000010795068
1.781250000000,2.812500000000,0.000008531246
1.781250000000,2.859375000000,0.000006173929
1.781250000000,2.906250000000,0.000003755726
1.781250000000,2.953125000000,0.000001309879
1.781250000000,3.000000000000,0.000000000000
1.828125000000,0.000000000000,0.000000000000
1.828125000000,0.046875000000,-0.000001430460
1.828125000000,0.093750000000,-0.000002429301
1.828125000000,0.140625000000,-0.000003440604
1.828125000000,0.187500000000,-0.000004467537
1.828125000000,0.234375000000,-0.000005511644
1.828125000000,0.281250000000,-0.000006572603
1.828125000000,0.328125000000,-0.000007648051
1.828125000000,0.375000000000,-0.000008733471
1.828125000000,0.421875000000,-0.000009822143
1.828125000000,0.468750000000,-0.000010905168
1.828125000000,0.515625000000,-0.000011971562
1.828125000000,0.562500000000,-0.000013008411
1.828125000000,0.609375000000,-0.000014001100
1.828125000000,0.656250000000,-0.000014933592
1.828125000000,0.703125000000,-0.000015788759
1.828125000000,0.750000000000,-0.000016548766
1.828125000000,0.796875000000,-0.000017195483
1.828125000000,0.843750000000,-0.000017710923
1.828125000000,0.890625000000,-0.000018077697
1.828125000000,0.937500000000,-0.000018279477
1.828125000000,0.984375000000,-0.000018301443
1.828125000000,1.031250000000,-0.000018130723
1.828125000000,1.078125000000,-0.000017756798
1.828125000000,1.125000000000,-0.000017171871
1.828125000000,1.171875000000,-0.000016371187
1.828125000000,1.218750000000,-0.000015353302
1.828125000000,1.265625000000,-0.000014120283
1.828125000000,1.312500000000,-0.000012677843
1.828125000000,1.359375000000,-0.000011035406
1.828125000000,1.406250000000,-0.000009206089
1.828125000000,1.453125000000,-0.000007206618
1.828125000000,1.500000000000,-0.000005057156
1.828125000000,1.546875000000,-0.000002781071
1.828125000000,1.593750000000,-0.000000404624
1.828125000000,1.640625000000,0.000002043406
1.828125000000,1.687500000000,0.000004532145
1.828125000000,1.734375000000,0.000007029113
1.828125000000,1.781250000000,0.000009500736
1.828125000000,1.828125000000,0.000011912906
1.828125000000,1.875000000000,0.000014231543
1.828125000000,1.921875000000,0.000016423182
1.828125000000,1.968750000000,0.000018455549
1.828125000000,2.015625000000,0.000020298126
1.828125000000,2.062500000000,0.000021922688
1.828125000000,2.109375000000,0.000023303811
1.828125000000,2.156250000000,0.000024419329
1.828125000000,2.203125000000,0.000025250742
1.828125000000,2.250000000000,0.000025783559
1.828125000000,2.296875000000,0.000026007570
1.828125000000,2.343750000000,0.000025917052
1.828125000000,2.390625000000,0.000025510889
1.828125000000,2.437500000000,0.000024792618
1.828125000000,2.484375000000,0.000023770386
1.828125000000,2.531250000000,0.000022456838
1.828125000000,2.578125000000,0.000020868919
1.828125000000,2.625000000000,0.000019027603
1.828125000000,2.671875000000,0.000016957557
1.828125000000,2.718750000000,0.000014686737
1.828125000000,2.765625000000,0.000012245939
1.828125000000,2.812500000000,0.000009668291
1.828125000000,2.859375000000,0.000006988718
1.828125000000,2.906250000000,0.000004243382
1.828125000000,2.953125000000,0.000001469094
1.828125000000,3.000000000000,0.000000000000
1.875000000000,0.000000000000,0.000000000000
1.875000000000,0.046875000000,-0.000001747843
1.875000000000,0.093750000000,-0.000002951540
1.875000000000,0.140625000000,-0.000004162085
1.875000000000,0.187500000000,-0.000005381263
1.875000000000,0.234375000000,-0.000006609233
1.875000000000,0.281250000000,-0.000007844295
1.875000000000,0.328125000000,-0.000009082716
1.875000000000,0.375000000000,-0.000010318617
1.875000000000,0.421875000000,-0.000011543938
1.875000000000,0.468750000000,-0.000012748474
1.875000000000,0.515625000000,-0.000013919973
1.875000000000,0.562500000000,-0.000015044318
1.875000000000,0.609375000000,-0.000016105761
1.875000000000,0.656250000000,-0.000017087228
1.875000000000,0.703125000000,-0.000017970669
1.875000000000,0.750000000000,-0.000018737459
1.875000000000,0.796875000000,-0.000019368829
1.875000000000,0.843750000000,-0.000019846330
1.875000000000,0.890625000000,-0.000020152301
1.875000000000,0.937500000000,-0.000020270351
1.875000000000,0.984375000000,-0.000020185824
1.875000000000,1.031250000000,-0.000019886248
1.875000000000,1.078125000000,-0.000019361753
1.875000000000,1.125000000000,-0.000018605443
1.875000000000,1.171875000000,-0.000017613725
1.875000000000,1.218750000000,-0.000016386572
1.875000000000,1.265625000000,-0.000014927718
1.875000000000,1.312500000000,-0.000013244786
1.875000000000,1.359375000000,-0.000011349339
1.875000000000,1.406250000000,-0.000009256842
1.875000000000,1.453125000000,-0.000006986556
1.875000000000,1.500000000000,-0.000004561343
1.875000000000,1.546875000000,-0.000002007400
1.875000000000,1.593750000000,0.000000646082
1.875000000000,1.640625000000,0.000003367329
1.875000000000,1.687500000000,0.000006122448
1.875000000000,1.734375000000,0.000008875949
1.875000000000,1.781250000000,0.000011591305
1.875000000000,1.828125000000,0.000014231543
1.875000000000,1.875000000000,0.000016759854
1.875000000000,1.921875000000,0.000019140216
1.875000000000,1.968750000000,0.000021338005
1.875000000000,2.015625000000,0.000023320596
1.875000000000,2.062500000000,0.000025057933
1.875000000000,2.109375000000,0.000026523065
1.875000000000,2.156250000000,0.000027692625
1.875000000000,2.203125000000,0.000028547259
1.875000000000,2.250000000000,0.000029071982
1.875000000000,2.296875000000,0.000029256464
1.875000000000,2.343750000000,0.000029095234
1.875000000000,2.390625000000,0.000028587802
1.875000000000,2.437500000000,0.000027738699
1.875000000000,2.484375000000,0.000026557421
1.875000000000,2.531250000000,0.000025058299
1.875000000000,2.578125000000,0.000023260278
1.875000000000,2.625000000000,0.000021186622
1.875000000000,2.671875000000,0.000018864548
1.875000000000,2.718750000000,0.000016324785
1.875000000000,2.765625000000,0.000013601084
1.875000000000,2.812500000000,0.000010729680
1.875000000000,2.859375000000,0.000007748709
1.875000000000,2.906250000000,0.000004697603
1.875000000000,2.953125000000,0.000001616466
1.875000000000,3.000000000000,0.000000000000
1.921875000000,0.000000000000,0.000000000000
1.921875000000,0.046875000000,-0.000002046633
1.921875000000,0.093750000000,-0.000003442392
1.921875000000,0.140625000000,-0.000004839450
1.921875000000,0.187500000000,-0.000006238227
1.921875000000,0.234375000000,-0.000007637533
1.921875000000,0.281250000000,-0.000009034335
1.921875000000,0.328125000000,-0.000010423581
1.921875000000,0.375000000000,-0.000011798106
1.921875000000,0.421875000000,-0.000013148594
1.921875000000,0.468750000000,-0.000014463627
1.921875000000,0.515625000000,-0.000015729800
1.921875000000,0.562500000000,-0.000016931906
1.921875000000,0.609375000000,-0.000018053197
1.921875000000,0.656250000000,-0.000019075696
1.921875000000,0.703125000000,-0.000019980567
1.921875000000,0.750000000000,-0.000020748533
1.921875000000,0.796875000000,-0.000021360324
1.921875000000,0.843750000000,-0.000021797157
1.921875000000,0.890625000000,-0.000022041219
1.921875000000,0.937500000000,-0.000022076165
1.921875000000,0.984375000000,-0.000021887591
1.921875000000,1.031250000000,-0.000021463498
1.921875000000,1.078125000000,-0.000020794714
1.921875000000,1.125000000000,-0.000019875270
1.921875000000,1.171875000000,-0.000018702731
1.921875000000,1.218750000000,-0.000017278456
1.921875000000,1.265625000000,-0.000015607787
1.921875000000,1.312500000000,-0.000013700168
1.921875000000,1.359375000000,-0.000011569177
1.921875000000,1.406250000000,-0.000009232479
1.921875000000,1.453125000000,-0.000006711692
1.921875000000,1.500000000000,-0.000004032173
1.921875000000,1.546875000000,-0.000001222719
1.921875000000,1.593750000000,0.000001684799
1.921875000000,1.640625000000,0.000004655879
1.921875000000,1.687500000000,0.000007653892
1.921875000000,1.734375000000,0.000010640629
1.921875000000,1.781250000000,0.000013576905
1.921875000000,1.828125000000,0.000016423182
1.921875000000,1.875000000000,0.000019140216
1.921875000000,1.921875000000,0.000021689711
1.921875000000,1.968750000000,0.000024034965
1.921875000000,2.015625000000,0.000026141501
1.921875000000,2.062500000000,0.000027977665
1.921875000000,2.109375000000,0.000029515180
1.921875000000,2.156250000000,0.000030729657
1.921875000000,2.203125000000,0.000031601030
1.921875000000,2.250000000000,0.000032113928
1.921875000000,2.296875000000,0.000032257970
1.921875000000,2.343750000000,0.000032027968
1.921875000000,2.390625000000,0.000031424052
1.921875000000,2.437500000000,0.000030451697
1.921875000000,2.484375000000,0.000029121661
1.921875000000,2.531250000000,0.000027449836
1.921875000000,2.578125000000,0.000025457008
1.921875000000,2.625000000000,0.000023168538
1.921875000000,2.671875000000,0.000020613964
1.921875000000,2.718750000000,0.000017826537
1.921875000000,2.765625000000,0.000014842692
1.921875000000,2.812500000000,0.000011701475
1.921875000000,2.859375000000,0.000008443923
1.921875000000,2.906250000000,0.000005112422
1.921875000000,2.953125000000,0.000001750044
1.921875000000,3.000000000000,0.000000000000
1.968750000000,0.000000000000,0.000000000000
1.968750000000,0.046875000000,-0.000002322832
1.968750000000,0.093750000000,-0.000003895292
1.968750000000,0.140625000000,-0.000005463652
1.968750000000,0.187500000000,-0.000007027009
1.968750000000,0.234375000000,-0.000008582877
1.968750000000,0.281250000000,-0.000010126948
1.968750000000,0.328125000000,-0.000011652935
1.968750000000,0.375000000000,-0.000013152468
1.968750000000,0.421875000000,-0.000014615078
1.968750000000,0.468750000000,-0.000016028249
1.968750000000,0.515625000000,-0.000017377542
1.968750000000,0.562500000000,-0.000018646799
1.968750000000,0.609375000000,-0.000019818408
1.968750000000,0.656250000000,-0.000020873635
1.968750000000,0.703125000000,-0.000021793003
1.968750000000,0.750000000000,-0.000022556729
1.968750000000,0.796875000000,-0.000023145181
1.968750000000,0.843750000000,-0.000023539372
1.968750000000,0.890625000000,-0.000023721459
1.968750000000,0.937500000000,-0.000023675243
1.968750000000,0.984375000000,-0.000023386659
1.968750000000,1.031250000000,-0.000022844244
1.968750000000,1.078125000000,-0.000022039557
1.968750000000,1.125000000000,-0.000020967570
1.968750000000,1.171875000000,-0.000019626985
1.968750000000,1.218750000000,-0.000018020494
1.968750000000,1.265625000000,-0.000016154965
1.968750000000,1.312500000000,-0.000014041545
1.968750000000,1.359375000000,-0.000011695682
1.968750000000,1.406250000000,-0.000009137059
1.968750000000,1.453125000000,-0.000006389442
1.968750000000,1.500000000000,-0.000003480442
1.968750000000,1.546875000000,-0.000000441197
1.968750000000,1.593750000000,0.000002694028
1.968750000000,1.640625000000,0.000005888309
1.968750000000,1.687500000000,0.000009102591
1.968750000000,1.734375000000,0.000012296278
1.968750000000,1.781250000000,0.000015427855
1.968750000000,1.828125000000,0.000018455549
1.968750000000,1.875000000000,0.000021338005
1.968750000000,1.921875000000,0.000024034965
1.968750000000,1.968750000000,0.000026507948
1.968750000000,2.015625000000,0.000028720898
1.968750000000,2.062500000000,0.000030640814
1.968750000000,2.109375000000,0.000032238317
1.968750000000,2.156250000000,0.000033488179
1.968750000000,2.203125000000,0.000034369772
1.968750000000,2.250000000000,0.000034867453
1.968750000000,2.296875000000,0.000034970856
1.968750000000,2.343750000000,0.000034675103
1.968750000000,2.390625000000,0.000033980925
1.968750000000,2.437500000000,0.000032894681
1.968750000000,2.484375000000,0.000031428285
1.968750000000,2.531250000000,0.000029599045
1.968750000000,2.578125000000,0.000027429403
1.968750000000,2.625000000000,0.000024946593
1.968750000000,2.671875000000,0.000022182223
1.968750000000,2.718750000000,0.000019171777
1.968750000000,2.765625000000,0.000015954066
1.968750000000,2.812500000000,0.000012570615
1.968750000000,2.859375000000,0.000009065018
1.968750000000,2.906250000000,0.000005482259
1.968750000000,2.953125000000,0.000001868018
1.968750000000,3.000000000000,0.000000000000
2.015625000000,0.000000000000,0.000000000000
2.015625000000,0.046875000000,-0.000002572691
2.015625000000,0.093750000000,-0.000004304099
2.015625000000,0.140625000000,-0.000006026240
2.015625000000,0.187500000000,-0.000007736953
2.015625000000,0.234375000000,-0.000009432523
2.015625000000,0.281250000000,-0.000011107452
2.015625000000,0.328125000000,-0.000012754307
2.015625000000,0.375000000000,-0.000014363622
2.015625000000,0.421875000000,-0.000015923891
2.015625000000,0.468750000000,-0.000017421624
2.015625000000,0.515625000000,-0.000018841490
2.015625000000,0.562500000000,-0.000020166521
2.015625000000,0.609375000000,-0.000021378394
2.015625000000,0.656250000000,-0.000022457767
2.015625000000,0.703125000000,-0.000023384680
2.015625000000,0.750000000000,-0.000024138991
2.015625000000,0.796875000000,-0.000024700848
2.015625000000,0.843750000000,-0.000025051194
2.015625000000,0.890625000000,-0.000025172269
2.015625000000,0.937500000000,-0.000025048123
2.015625000000,0.984375000000,-0.000024665106
2.015625000000,1.031250000000,-0.000024012341
2.015625000000,1.078125000000,-0.000023082148
2.015625000000,1.125000000000,-0.000021870429
2.015625000000,1.171875000000,-0.000020376988
2.015625000000,1.218750000000,-0.000018605781
2.015625000000,1.265625000000,-0.000016565094
2.015625000000,1.312500000000,-0.000014267638
2.015625000000,1.359375000000,-0.000011730554
2.015625000000,1.406250000000,-0.000008975335
2.015625000000,1.453125000000,-0.000006027657
2.015625000000,1.500000000000,-0.000002917117
2.015625000000,1.546875000000,0.000000323103
2.015625000000,1.593750000000,0.000003656659
2.015625000000,1.640625000000,0.000007044537
2.015625000000,1.687500000000,0.000010445611
2.015625000000,1.734375000000,0.000013817250
2.015625000000,1.781250000000,0.000017115972
2.015625000000,1.828125000000,0.000020298126
2.015625000000,1.875000000000,0.000023320596
2.015625000000,1.921875000000,0.000026141501
2.015625000000,1.968750000000,0.000028720898
2.015625000000,2.015625000000,0.000031021452
2.015625000000,2.062500000000,0.000033009076
2.015625000000,2.109375000000,0.000034653525
2.015625000000,2.156250000000,0.000035928928
2.015625000000,2.203125000000,0.000036814253
2.015625000000,2.250000000000,0.000037293692
2.015625000000,2.296875000000,0.000037356966
2.015625000000,2.343750000000,0.000036999526
2.015625000000,2.390625000000,0.000036222677
2.015625000000,2.437500000000,0.000035033586
2.015625000000,2.484375000000,0.000033445206
2.015625000000,2.531250000000,0.000031476091
2.015625000000,2.578125000000,0.000029150133
2.015625000000,2.625000000000,0.000026496192
2.015625000000,2.671875000000,0.000023547660
2.015625000000,2.718750000000,0.000020341943
2.015625000000,2.765625000000,0.000016919884
2.015625000000,2.812500000000,0.000013325126
2.015625000000,2.859375000000,0.000009603438
2.015625000000,2.906250000000,0.000005802014
2.015625000000,2.953125000000,0.000001968745
2.015625000000,3.000000000000,0.000000000000
2.062500000000,0.000000000000,0.000000000000
2.062500000000,0.046875000000,-0.000002792778
2.062500000000,0.093750000000,-0.000004663197
2.062500000000,0.140625000000,-0.000006519499
2.062500000000,0.187500000000,-0.000008358341
2.062500000000,0.234375000000,-0.000010174867
2.062500000000,0.281250000000,-0.000011962492
2.062500000000,0.328125000000,-0.000013712741
2.062500000000,0.375000000000,-0.000015415176
2.062500000000,0.421875000000,-0.000017057382
2.062500000000,0.468750000000,-0.000018625040
2.062500000000,0.515625000000,-0.000020102071
2.062500000000,0.562500000000,-0.000021470855
2.062500000000,0.609375000000,-0.000022712515
2.062500000000,0.656250000000,-0.000023807266
2.062500000000,0.703125000000,-0.000024734818
2.062500000000,0.750000000000,-0.000025474824
2.062500000000,0.796875000000,-0.000026007359
2.062500000000,0.843750000000,-0.000026313421
2.062500000000,0.890625000000,-0.000026375452
2.062500000000,0.937500000000,-0.000026177842
2.062500000000,0.984375000000,-0.000025707426
2.062500000000,1.031250000000,-0.000024953956
2.062500000000,1.078125000000,-0.000023910526
2.062500000000,1.125000000000,-0.000022573949
2.062500000000,1.171875000000,-0.000020945075
2.062500000000,1.218750000000,-0.000019029033
2.062500000000,1.265625000000,-0.000016835403
2.062500000000,1.312500000000,-0.000014378294
2.062500000000,1.359375000000,-0.000011676343
2.062500000000,1.406250000000,-0.000008752621
2.062500000000,1.453125000000,-0.000005634443
2.062500000000,1.500000000000,-0.000002353100
2.062500000000,1.546875000000,0.000001056505
2.062500000000,1.593750000000,0.000004556295
2.062500000000,1.640625000000,0.000008105532
2.062500000000,1.687500000000,0.000011661391
2.062500000000,1.734375000000,0.000015179593
2.062500000000,1.781250000000,0.000018615073
2.062500000000,1.828125000000,0.000021922688
2.062500000000,1.875000000000,0.000025057933
2.062500000000,1.921875000000,0.000027977665
2.062500000000,1.968750000000,0.000030640814
2.062500000000,2.015625000000,0.000033009076
2.062500000000,2.062500000000,0.000035047562
2.062500000000,2.109375000000,0.000036725403
2.062500000000,2.156250000000,0.000038016289
2.062500000000,2.203125000000,0.000038898944
2.062500000000,2.250000000000,0.000039357511
2.062500000000,2.296875000000,0.000039381858
2.062500000000,2.343750000000,0.000038967783
2.062500000000,2.390625000000,0.000038117127
2.062500000000,2.437500000000,0.000036837782
2.062500000000,2.484375000000,0.000035143598
2.062500000000,2.531250000000,0.000033054200
2.062500000000,2.578125000000,0.000030594694
2.062500000000,2.625000000000,0.000027795299
2.062500000000,2.671875000000,0.000024690883
2.062500000000,2.718750000000,0.000021320434
2.062500000000,2.765625000000,0.000017726455
2.062500000000,2.812500000000,0.000013954316
2.062500000000,2.859375000000,0.000010051554
2.062500000000,2.906250000000,0.000006067150
2.062500000000,2.953125000000,0.000002050782
2.062500000000,3.000000000000,0.000000000000
2.109375000000,0.000000000000,0.000000000000
2.109375000000,0.046875000000,-0.000002980028
2.109375000000,0.093750000000,-0.000004967594
2.109375000000,0.140625000000,-0.000006936578
2.109375000000,0.187500000000,-0.000008882556
2.109375000000,0.234375000000,-0.000010799638
2.109375000000,0.281250000000,-0.000012680261
2.109375000000,0.328125000000,-0.000014515039
2.109375000000,0.375000000000,-0.000016292691
2.109375000000,0.421875000000,-0.000018000039
2.109375000000,0.468750000000,-0.000019622086
2.109375000000,0.515625000000,-0.000021142166
2.109375000000,0.562500000000,-0.000022542168
2.109375000000,0.609375000000,-0.000023802828
2.109375000000,0.656250000000,-0.000024904084
2.109375000000,0.703125000000,-0.000025825480
2.109375000000,0.750000000000,-0.000026546616
2.109375000000,0.796875000000,-0.000027047635
2.109375000000,0.843750000000,-0.000027309726
2.109375000000,0.890625000000,-0.000027315636
2.109375000000,0.937500000000,-0.000027050185
2.109375000000,0.984375000000,-0.000026500756
2.109375000000,1.031250000000,-0.000025657763
2.109375000000,1.078125000000,-0.000024515071
2.109375000000,1.125000000000,-0.000023070373
2.109375000000,1.171875000000,-0.000021325494
2.109375000000,1.218750000000,-0.000019286631
2.109375000000,1.265625000000,-0.000016964507
2.109375000000,1.312500000000,-0.000014374449
2.109375000000,1.359375000000,-0.000011536370
2.109375000000,1.406250000000,-0.000008474659
2.109375000000,1.453125000000,-0.000005217985
2.109375000000,1.500000000000,-0.000001799009
2.109375000000,1.546875000000,0.000001745991
2.109375000000,1.593750000000,0.000005377575
2.109375000000,1.640625000000,0.000009053666
2.109375000000,1.687500000000,0.000012730142
2.109375000000,1.734375000000,0.000016361482
2.109375000000,1.781250000000,0.000019901450
2.109375000000,1.828125000000,0.000023303811
2.109375000000,1.875000000000,0.000026523065
2.109375000000,1.921875000000,0.000029515180
2.109375000000,1.968750000000,0.000032238317
2.109375000000,2.015625000000,0.000034653525
2.109375000000,2.062500000000,0.000036725403
2.109375000000,2.109375000000,0.000038422709
2.109375000000,2.156250000000,0.000039718906
2.109375000000,2.203125000000,0.000040592634
2.109375000000,2.250000000000,0.000041028101
2.109375000000,2.296875000000,0.000041015386
2.109375000000,2.343750000000,0.000040550641
2.109375000000,2.390625000000,0.000039636201
2.109375000000,2.437500000000,0.000038280581
2.109375000000,2.484375000000,0.000036498385
2.109375000000,2.531250000000,0.000034310103
2.109375000000,2.578125000000,0.000031741816
2.109375000000,2.625000000000,0.000028824807
2.109375000000,2.671875000000,0.000025595096
2.109375000000,2.718750000000,0.000022092883
2.109375000000,2.765625000000,0.000018361944
2.109375000000,2.812500000000,0.000014448955
2.109375000000,2.859375000000,0.000010402788
2.109375000000,2.906250000000,0.000006273765
2.109375000000,2.953125000000,0.000002112902
2.109375000000,3.000000000000,0.000000000000
2.156250000000,0.000000000000,0.000000000000
2.156250000000,0.046875000000,-0.000003131803
2.156250000000,0.093750000000,-0.000005212997
2.156250000000,0.140625000000,-0.000007271604
2.156250000000,0.187500000000,-0.000009302226
2.156250000000,0.234375000000,-0.000011298063
2.156250000000,0.281250000000,-0.000013250702
2.156250000000,0.328125000000,-0.000015149981
2.156250000000,0.375000000000,-0.000016983925
2.156250000000,0.421875000000,-0.000018738747
2.156250000000,0.468750000000,-0.000020398931
2.156250000000,0.515625000000,-0.000021947392
2.156250000000,0.562500000000,-0.000023365701
2.156250000000,0.609375000000,-0.000024634378
2.156250000000,0.656250000000,-0.000025733251
2.156250000000,0.703125000000,-0.000026641861
2.156250000000,0.750000000000,-0.000027339914
2.156250000000,0.796875000000,-0.000027807762
2.156250000000,0.843750000000,-0.000028026908
2.156250000000,0.890625000000,-0.000027980512
2.156250000000,0.937500000000,-0.000027653905
2.156250000000,0.984375000000,-0.000027035069
2.156250000000,1.031250000000,-0.000026115102
2.156250000000,1.078125000000,-0.000024888634
2.156250000000,1.125000000000,-0.000023354186
2.156250000000,1.171875000000,-0.000021514476
2.156250000000,1.218750000000,-0.000019376643
2.156250000000,1.265625000000,-0.000016952395
2.156250000000,1.312500000000,-0.000014258073
2.156250000000,1.359375000000,-0.000011314625
2.156250000000,1.406250000000,-0.000008147484
2.156250000000,1.453125000000,-0.000004786364
2.156250000000,1.500000000000,-0.000001264954
2.156250000000,1.546875000000,0.000002379460
2.156250000000,1.593750000000,0.000006106464
2.156250000000,1.640625000000,0.000009873049
2.156250000000,1.687500000000,0.000013634217
2.156250000000,1.734375000000,0.000017343629
2.156250000000,1.781250000000,0.000020954301
2.156250000000,1.828125000000,0.000024419329
2.156250000000,1.875000000000,0.000027692625
2.156250000000,1.921875000000,0.000030729657
2.156250000000,1.968750000000,0.000033488179
2.156250000000,2.015625000000,0.000035928928
2.156250000000,2.062500000000,0.000038016289
2.156250000000,2.109375000000,0.000039718907
2.156250000000,2.156250000000,0.000041010225
2.156250000000,2.203125000000,0.000041868967
2.156250000000,2.250000000000,0.000042279516
2.156250000000,2.296875000000,0.000042232222
2.156250000000,2.343750000000,0.000041723595
2.156250000000,2.390625000000,0.000040756408
2.156250000000,2.437500000000,0.000039339699
2.156250000000,2.484375000000,0.000037488662
2.156250000000,2.531250000000,0.000035224440
2.156250000000,2.578125000000,0.000032573826
2.156250000000,2.625000000000,0.000029568867
2.156250000000,2.671875000000,0.000026246382
2.156250000000,2.718750000000,0.000022647406
2.156250000000,2.765625000000,0.000018816571
2.156250000000,2.812500000000,0.000014801428
2.156250000000,2.859375000000,0.000010651726
2.156250000000,2.906250000000,0.000006418664
2.156250000000,2.953125000000,0.000002154124
2.156250000000,3.000000000000,0.000000000000
2.203125000000,0.000000000000,0.000000000000
2.203125000000,0.046875000000,-0.000003245930
2.203125000000,0.093750000000,-0.000005395895
2.203125000000,0.140625000000,-0.000007519783
2.203125000000,0.187500000000,-0.000009611354
2.203125000000,0.234375000000,-0.000011663024
2.203125000000,0.281250000000,-0.000013665676
2.203125000000,0.328125000000,-0.000015608519
2.203125000000,0.375000000000,-0.000017479040
2.203125000000,0.421875000000,-0.000019263004
2.203125000000,0.468750000000,-0.000020944550
2.203125000000,0.515625000000,-0.000022506345
2.203125000000,0.562500000000,-0.000023929815
2.203125000000,0.609375000000,-0.000025195442
2.203125000000,0.656250000000,-0.000026283112
2.203125000000,0.703125000000,-0.000027172532
2.203125000000,0.750000000000,-0.000027843664
2.203125000000,0.796875000000,-0.000028277210
2.203125000000,0.843750000000,-0.000028455106
2.203125000000,0.890625000000,-0.000028361029
2.203125000000,0.937500000000,-0.000027980890
2.203125000000,0.984375000000,-0.000027303318
2.203125000000,1.031250000000,-0.000026320109
2.203125000000,1.078125000000,-0.000025026632
2.203125000000,1.125000000000,-0.000023422182
2.203125000000,1.171875000000,-0.000021510268
2.203125000000,1.218750000000,-0.000019298837
2.203125000000,1.265625000000,-0.000016800404
2.203125000000,1.312500000000,-0.000014032107
2.203125000000,1.359375000000,-0.000011015674
2.203125000000,1.406250000000,-0.000007777292
2.203125000000,1.453125000000,-0.000004347390
2.203125000000,1.500000000000,-0.000000760334
2.203125000000,1.546875000000,0.000002945967
2.203125000000,1.593750000000,0.000006730529
2.203125000000,1.640625000000,0.000010549835
2.203125000000,1.687500000000,0.000014358442
2.203125000000,1.734375000000,0.000018109632
2.203125000000,1.781250000000,0.000021756114
2.203125000000,1.828125000000,0.000025250742
2.203125000000,1.875000000000,0.000028547259
2.203125000000,1.921875000000,0.000031601030
2.203125000000,1.968750000000,0.000034369772
2.203125000000,2.015625000000,0.000036814253
2.203125000000,2.062500000000,0.000038898944
2.203125000000,2.109375000000,0.000040592634
2.203125000000,2.156250000000,0.000041868967
2.203125000000,2.203125000000,0.000042706907
2.203125000000,2.250000000000,0.000043091128
2.203125000000,2.296875000000,0.000043012301
2.203125000000,2.343750000000,0.000042467293
2.203125000000,2.390625000000,0.000041459262
2.203125000000,2.437500000000,0.000039997648
2.203125000000,2.484375000000,0.000038098065
2.203125000000,2.531250000000,0.000035782092
2.203125000000,2.578125000000,0.000033076960
2.203125000000,2.625000000000,0.000030015158
2.203125000000,2.671875000000,0.000026633948
2.203125000000,2.718750000000,0.000022974803
2.203125000000,2.765625000000,0.000019082786
2.203125000000,2.812500000000,0.000015005869
2.203125000000,2.859375000000,0.000010794211
2.203125000000,2.906250000000,0.000006499408
2.203125000000,2.953125000000,0.000002173723
2.203125000000,3.000000000000,0.000000000000
2.250000000000,0.000000000000,0.000000000000
2.250000000000,0.046875000000,-0.000003320741
2.250000000000,0.093750000000,-0.000005513614
2.250000000000,0.140625000000,-0.000007677486
2.250000000000,0.187500000000,-0.000009805413
2.250000000000,0.234375000000,-0.000011889177
2.250000000000,0.281250000000,-0.000013919101
2.250000000000,0.328125000000,-0.000015883928
2.250000000000,0.375000000000,-0.000017770767
2.250000000000,0.421875000000,-0.000019565108
2.250000000000,0.468750000000,-0.000021250917
2.250000000000,0.515625000000,-0.000022810791
2.250000000000,0.562500000000,-0.000024226189
2.250000000000,0.609375000000,-0.000025477730
2.250000000000,0.656250000000,-0.000026545535
2.250000000000,0.703125000000,-0.000027409632
2.250000000000,0.750000000000,-0.000028050394
2.250000000000,0.796875000000,-0.000028449008
2.250000000000,0.843750000000,-0.000028587962
2.250000000000,0.890625000000,-0.000028451538
2.250000000000,0.937500000000,-0.000028026298
2.250000000000,0.984375000000,-0.000027301554
2.250000000000,1.031250000000,-0.000026269802
2.250000000000,1.078125000000,-0.000024927120
2.250000000000,1.125000000000,-0.000023273504
2.250000000000,1.171875000000,-0.000021313152
2.250000000000,1.218750000000,-0.000019054665
2.250000000000,1.265625000000,-0.000016511176
2.250000000000,1.312500000000,-0.000013700394
2.250000000000,1.359375000000,-0.000010644560
2.250000000000,1.406250000000,-0.000007370309
2.250000000000,1.453125000000,-0.000003908451
2.250000000000,1.500000000000,-0.000000293659
2.250000000000,1.546875000000,0.000003435929
2.250000000000,1.593750000000,0.000007239172
2.250000000000,1.640625000000,0.000011072479
2.250000000000,1.687500000000,0.000014890401
2.250000000000,1.734375000000,0.000018646291
2.250000000000,1.781250000000,0.000022292993
2.250000000000,1.828125000000,0.000025783558
2.250000000000,1.875000000000,0.000029071982
2.250000000000,1.921875000000,0.000032113928
2.250000000000,1.968750000000,0.000034867453
2.250000000000,2.015625000000,0.000037293692
2.250000000000,2.062500000000,0.000039357511
2.250000000000,2.109375000000,0.000041028101
2.250000000000,2.156250000000,0.000042279516
2.250000000000,2.203125000000,0.000043091128
2.250000000000,2.250000000000,0.000043448002
2.250000000000,2.296875000000,0.000043341185
2.250000000000,2.343750000000,0.000042767895
2.250000000000,2.390625000000,0.000041731608
2.250000000000,2.437500000000,0.000040242047
2.250000000000,2.484375000000,0.000038315072
2.250000000000,2.531250000000,0.000035972461
2.250000000000,2.578125000000,0.000033241607
2.250000000000,2.625000000000,0.000030155115
2.250000000000,2.671875000000,0.000026750320
2.250000000000,2.718750000000,0.000023068729
2.250000000000,2.765625000000,0.000019155401
2.250000000000,2.812500000000,0.000015058269
2.250000000000,2.859375000000,0.000010827423
2.250000000000,2.906250000000,0.000006514365
2.250000000000,2.953125000000,0.000002171246
2.250000000000,3.000000000000,0.000000000000
2.296875000000,0.000000000000,0.000000000000
2.296875000000,0.046875000000,-0.000003355107
2.296875000000,0.093750000000,-0.000005564365
2.296875000000,0.140625000000,-0.000007742308
2.296875000000,0.187500000000,-0.000009881435
2.296875000000,0.234375000000,-0.000011973046
2.296875000000,0.281250000000,-0.000014007065
2.296875000000,0.328125000000,-0.000015971929
2.296875000000,0.375000000000,-0.000017854540
2.296875000000,0.421875000000,-0.000019640289
2.296875000000,0.468750000000,-0.000021313144
2.296875000000,0.515625000000,-0.000022855812
2.296875000000,0.562500000000,-0.000024249967
2.296875000000,0.609375000000,-0.000025476535
2.296875000000,0.656250000000,-0.000026516044
2.296875000000,0.703125000000,-0.000027349003
2.296875000000,0.750000000000,-0.000027956344
2.296875000000,0.796875000000,-0.000028319869
2.296875000000,0.843750000000,-0.000028422726
2.296875000000,0.890625000000,-0.000028249892
2.296875000000,0.937500000000,-0.000027788638
2.296875000000,0.984375000000,-0.000027028986
2.296875000000,1.031250000000,-0.000025964130
2.296875000000,1.078125000000,-0.000024590813
2.296875000000,1.125000000000,-0.000022909659
2.296875000000,1.171875000000,-0.000020925430
2.296875000000,1.218750000000,-0.000018647228
2.296875000000,1.265625000000,-0.000016088605
2.296875000000,1.312500000000,-0.000013267605
2.296875000000,1.359375000000,-0.000010206703
2.296875000000,1.406250000000,-0.000006932675
2.296875000000,1.453125000000,-0.000003476366
2.296875000000,1.500000000000,0.000000127620
2.296875000000,1.546875000000,0.000003841311
2.296875000000,1.593750000000,0.000007623835
2.296875000000,1.640625000000,0.000011431957
2.296875000000,1.687500000000,0.000015220672
2.296875000000,1.734375000000,0.000018943852
2.296875000000,1.781250000000,0.000022554922
2.296875000000,1.828125000000,0.000026007570
2.296875000000,1.875000000000,0.000029256464
2.296875000000,1.921875000000,0.000032257970
2.296875000000,1.968750000000,0.000034970856
2.296875000000,2.015625000000,0.000037356966
2.296875000000,2.062500000000,0.000039381858
2.296875000000,2.109375000000,0.000041015386
2.296875000000,2.156250000000,0.000042232222
2.296875000000,2.203125000000,0.000043012301
2.296875000000,2.250000000000,0.000043341185
2.296875000000,2.296875000000,0.000043210345
2.296875000000,2.343750000000,0.000042617335
2.296875000000,2.390625000000,0.000041565883
2.296875000000,2.437500000000,0.000040065869
2.296875000000,2.484375000000,0.000038133215
2.296875000000,2.531250000000,0.000035789669
2.296875000000,2.578125000000,0.000033062498
2.296875000000,2.625000000000,0.000029984092
2.296875000000,2.671875000000,0.000026591487
2.296875000000,2.718750000000,0.000022925817
2.296875000000,2.765625000000,0.000019031693
2.296875000000,2.812500000000,0.000014956550
2.296875000000,2.859375000000,0.000010749925
2.296875000000,2.906250000000,0.000006462736
2.296875000000,2.953125000000,0.000002146524
2.296875000000,3.000000000000,0.000000000000
2.343750000000,0.000000000000,0.000000000000
2.343750000000,0.046875000000,-0.000003348451
2.343750000000,0.093750000000,-0.000005547278
2.343750000000,0.140625000000,-0.000007713115
2.343750000000,0.187500000000,-0.000009838061
2.343750000000,0.234375000000,-0.000011913089
2.343750000000,0.281250000000,-0.000013927891
2.343750000000,0.328125000000,-0.000015870764
2.343750000000,0.375000000000,-0.000017728579
2.343750000000,0.421875000000,-0.000019486800
2.343750000000,0.468750000000,-0.000021129575
2.343750000000,0.515625000000,-0.000022639903
2.343750000000,0.562500000000,-0.000023999847
2.343750000000,0.609375000000,-0.000025190819
2.343750000000,0.656250000000,-0.000026193911
2.343750000000,0.703125000000,-0.000026990276
2.343750000000,0.750000000000,-0.000027561543
2.343750000000,0.796875000000,-0.000027890253
2.343750000000,0.843750000000,-0.000027960321
2.343750000000,0.890625000000,-0.000027757494
2.343750000000,0.937500000000,-0.000027269806
2.343750000000,0.984375000000,-0.000026488011
2.343750000000,1.031250000000,-0.000025405985
2.343750000000,1.078125000000,-0.000024021092
2.343750000000,1.125000000000,-0.000022334492
2.343750000000,1.171875000000,-0.000020351393
2.343750000000,1.218750000000,-0.000018081230
2.343750000000,1.265625000000,-0.000015537773
2.343750000000,1.312500000000,-0.000012739154
2.343750000000,1.359375000000,-0.000009707808
2.343750000000,1.406250000000,-0.000006470332
2.343750000000,1.453125000000,-0.000003057261
2.343750000000,1.500000000000,0.000000497243
2.343750000000,1.546875000000,0.000004155778
2.343750000000,1.593750000000,0.000007878158
2.343750000000,1.640625000000,0.000011621941
2.343750000000,1.687500000000,0.000015343010
2.343750000000,1.734375000000,0.000018996199
2.343750000000,1.781250000000,0.000022535961
2.343750000000,1.828125000000,0.000025917052
2.343750000000,1.875000000000,0.000029095234
2.343750000000,1.921875000000,0.000032027968
2.343750000000,1.968750000000,0.000034675103
2.343750000000,2.015625000000,0.000036999526
2.343750000000,2.062500000000,0.000038967783
2.343750000000,2.109375000000,0.000040550641
2.343750000000,2.156250000000,0.000041723595
2.343750000000,2.203125000000,0.000042467293
2.343750000000,2.250000000000,0.000042767895
2.343750000000,2.296875000000,0.000042617335
2.343750000000,2.343750000000,0.000042013492
2.343750000000,2.390625000000,0.000040960271
2.343750000000,2.437500000000,0.000039467584
2.343750000000,2.484375000000,0.000037551230
2.343750000000,2.531250000000,0.000035232690
2.343750000000,2.578125000000,0.000032538821
2.343750000000,2.625000000000,0.000029501465
2.343750000000,2.671875000000,0.000026156991
2.343750000000,2.718750000000,0.000022545748
2.343750000000,2.765625000000,0.000018711467
2.343750000000,2.812500000000,0.000014700616
2.343750000000,2.859375000000,0.000010561707
2.343750000000,2.906250000000,0.000006344580
2.343750000000,2.953125000000,0.000002099671
2.343750000000,3.000000000000,0.000000000000
2.390625000000,0.000000000000,0.000000000000
2.390625000000,0.046875000000,-0.000003300764
2.390625000000,0.093750000000,-0.000005462419
2.390625000000,0.140625000000,-0.000007590070
2.390625000000,0.187500000000,-0.000009675570
2.390625000000,0.234375000000,-0.000011709733
2.390625000000,0.281250000000,-0.000013682180
2.390625000000,0.328125000000,-0.000015581243
2.390625000000,0.375000000000,-0.000017393930
2.390625000000,0.421875000000,-0.000019105955
2.390625000000,0.468750000000,-0.000020701828
2.390625000000,0.515625000000,-0.000022165009
2.390625000000,0.562500000000,-0.000023478127
2.390625000000,0.609375000000,-0.000024623246
2.390625000000,0.656250000000,-0.000025582187
2.390625000000,0.703125000000,-0.000026336893
2.390625000000,0.750000000000,-0.000026869825
2.390625000000,0.796875000000,-0.000027164381
2.390625000000,0.843750000000,-0.000027205339
2.390625000000,0.890625000000,-0.000026979290
2.390625000000,0.937500000000,-0.000026475072
2.390625000000,0.984375000000,-0.000025684184
2.390625000000,1.031250000000,-0.000024601168
2.390625000000,1.078125000000,-0.000023223952
2.390625000000,1.125000000000,-0.000021554143
2.390625000000,1.171875000000,-0.000019597262
2.390625000000,1.218750000000,-0.000017362911
2.390625000000,1.265625000000,-0.000014864871
2.390625000000,1.312500000000,-0.000012121119
2.390625000000,1.359375000000,-0.000009153768
2.390625000000,1.406250000000,-0.000005988926
2.390625000000,1.453125000000,-0.000002656470
2.390625000000,1.500000000000,0.000000810252
2.390625000000,1.546875000000,0.000004374803
2.390625000000,1.593750000000,0.000007998099
2.390625000000,1.640625000000,0.000011638917
2.390625000000,1.687500000000,0.000015254464
2.390625000000,1.734375000000,0.000018800976
2.390625000000,1.781250000000,0.000022234368
2.390625000000,1.828125000000,0.000025510889
2.390625000000,1.875000000000,0.000028587803
2.390625000000,1.921875000000,0.000031424052
2.390625000000,1.968750000000,0.000033980925
2.390625000000,2.015625000000,0.000036222677
2.390625000000,2.062500000000,0.000038117127
2.390625000000,2.109375000000,0.000039636200
2.390625000000,2.156250000000,0.000040756408
2.390625000000,2.203125000000,0.000041459261
2.390625000000,2.250000000000,0.000041731608
2.390625000000,2.296875000000,0.000041565883
2.390625000000,2.343750000000,0.000040960271
2.390625000000,2.390625000000,0.000039918784
2.390625000000,2.437500000000,0.000038451232
2.390625000000,2.484375000000,0.000036573113
2.390625000000,2.531250000000,0.000034305403
2.390625000000,2.578125000000,0.000031674267
2.390625000000,2.625000000000,0.000028710677
2.390625000000,2.671875000000,0.000025449962
2.390625000000,2.718750000000,0.000021931287
2.390625000000,2.765625000000,0.000018197073
2.390625000000,2.812500000000,0.000014292370
2.390625000000,2.859375000000,0.000010264189
2.390625000000,2.906250000000,0.000006160813
2.390625000000,2.953125000000,0.000002031091
2.390625000000,3.000000000000,0.000000000000
2.437500000000,0.000000000000,0.000000000000
2.437500000000,0.046875000000,-0.000003212608
2.437500000000,0.093750000000,-0.000005310796
2.437500000000,0.140625000000,-0.000007374629
2.437500000000,0.187500000000,-0.000009395883
2.437500000000,0.234375000000,-0.000011365370
2.437500000000,0.281250000000,-0.000013272809
2.437500000000,0.328125000000,-0.000015106734
2.437500000000,0.375000000000,-0.000016854462
2.437500000000,0.421875000000,-0.000018502130
2.437500000000,0.468750000000,-0.000020034780
2.437500000000,0.515625000000,-0.000021436509
2.437500000000,0.562500000000,-0.000022690677
2.437500000000,0.609375000000,-0.000023780163
2.437500000000,0.656250000000,-0.000024687670
2.437500000000,0.703125000000,-0.000025396072
2.437500000000,0.750000000000,-0.000025888790
2.437500000000,0.796875000000,-0.000026150190
2.437500000000,0.843750000000,-0.000026165998
2.437500000000,0.890625000000,-0.000025923713
2.437500000000,0.937500000000,-0.000025413016
2.437500000000,0.984375000000,-0.000024626157
2.437500000000,1.031250000000,-0.000023558319
2.437500000000,1.078125000000,-0.000022207934
2.437500000000,1.125000000000,-0.000020576961
2.437500000000,1.171875000000,-0.000018671103
2.437500000000,1.218750000000,-0.000016499960
2.437500000000,1.265625000000,-0.000014077115
2.437500000000,1.312500000000,-0.000011420153
2.437500000000,1.359375000000,-0.000008550586
2.437500000000,1.406250000000,-0.000005493723
2.437500000000,1.453125000000,-0.000002278448
2.437500000000,1.500000000000,0.000001063073
2.437500000000,1.546875000000,0.000004495750
2.437500000000,1.593750000000,0.000007982004
2.437500000000,1.640625000000,0.000011482252
2.437500000000,1.687500000000,0.000014955444
2.437500000000,1.734375000000,0.000018359646
2.437500000000,1.781250000000,0.000021652652
2.437500000000,1.828125000000,0.000024792618
2.437500000000,1.875000000000,0.000027738699
2.437500000000,1.921875000000,0.000030451697
2.437500000000,1.968750000000,0.000032894681
2.437500000000,2.015625000000,0.000035033586
2.437500000000,2.062500000000,0.000036837782
2.437500000000,2.109375000000,0.000038280581
2.437500000000,2.156250000000,0.000039339699
2.437500000000,2.203125000000,0.000039997648
2.437500000000,2.250000000000,0.000040242047
2.437500000000,2.296875000000,0.000040065869
2.437500000000,2.343750000000,0.000039467584
2.437500000000,2.390625000000,0.000038451232
2.437500000000,2.437500000000,0.000037026397
2.437500000000,2.484375000000,0.000035208092
2.437500000000,2.531250000000,0.000033016565
2.437500000000,2.578125000000,0.000030477008
2.437500000000,2.625000000000,0.000027619206
2.437500000000,2.671875000000,0.000024477092
2.437500000000,2.718750000000,0.000021088259
2.437500000000,2.765625000000,0.000017493396
2.437500000000,2.812500000000,0.000013735694
2.437500000000,2.859375000000,0.000009860211
2.437500000000,2.906250000000,0.000005913205
2.437500000000,2.953125000000,0.000001941468
2.437500000000,3.000000000000,0.000000000000
2.484375000000,0.000000000000,0.000000000000
2.484375000000,0.046875000000,-0.000003085107
2.484375000000,0.093750000000,-0.000005094338
2.484375000000,0.140625000000,-0.000007069531
2.484375000000,0.187500000000,-0.000009002536
2.484375000000,0.234375000000,-0.000010884331
2.484375000000,0.281250000000,-0.000012704894
2.484375000000,0.328125000000,-0.000014453122
2.484375000000,0.375000000000,-0.000016116816
2.484375000000,0.421875000000,-0.000017682697
2.484375000000,0.468750000000,-0.000019136509
2.484375000000,0.515625000000,-0.000020463149
2.484375000000,0.562500000000,-0.000021646869
2.484375000000,0.609375000000,-0.000022671515
2.484375000000,0.656250000000,-0.000023520819
2.484375000000,0.703125000000,-0.000024178717
2.484375000000,0.750000000000,-0.000024629710
2.484375000000,0.796875000000,-0.000024859229
2.484375000000,0.843750000000,-0.000024854030
2.484375000000,0.890625000000,-0.000024602576
2.484375000000,0.937500000000,-0.000024095421
2.484375000000,0.984375000000,-0.000023325567
2.484375000000,1.031250000000,-0.000022288807
2.484375000000,1.078125000000,-0.000020984015
2.484375000000,1.125000000000,-0.000019413405
2.484375000000,1.171875000000,-0.000017582728
2.484375000000,1.218750000000,-0.000015501417
2.484375000000,1.265625000000,-0.000013182657
2.484375000000,1.312500000000,-0.000010643399
2.484375000000,1.359375000000,-0.000007904290
2.484375000000,1.406250000000,-0.000004989540
2.484375000000,1.453125000000,-0.000001926711
2.484375000000,1.500000000000,0.000001253558
2.484375000000,1.546875000000,0.000004517903
2.484375000000,1.593750000000,0.000007830634
2.484375000000,1.640625000000,0.000011154206
2.484375000000,1.687500000000,0.000014449719
2.484375000000,1.734375000000,0.000017677474
2.484375000000,1.781250000000,0.000020797546
2.484375000000,1.828125000000,0.000023770386
2.484375000000,1.875000000000,0.000026557421
2.484375000000,1.921875000000,0.000029121661
2.484375000000,1.968750000000,0.000031428285
2.484375000000,2.015625000000,0.000033445206
2.484375000000,2.062500000000,0.000035143598
2.484375000000,2.109375000000,0.000036498385
2.484375000000,2.156250000000,0.000037488662
2.484375000000,2.203125000000,0.000038098065
2.484375000000,2.250000000000,0.000038315071
2.484375000000,2.296875000000,0.000038133215
2.484375000000,2.343750000000,0.000037551230
2.484375000000,2.390625000000,0.000036573113
2.484375000000,2.437500000000,0.000035208092
2.484375000000,2.484375000000,0.000033470526
2.484375000000,2.531250000000,0.000031379708
2.484375000000,2.578125000000,0.000028959599
2.484375000000,2.625000000000,0.000026238484
2.484375000000,2.671875000000,0.000023248563
2.484375000000,2.718750000000,0.000020025478
2.484375000000,2.765625000000,0.000016607790
2.484375000000,2.812500000000,0.000013036411
2.484375000000,2.859375000000,0.000009354003
2.484375000000,2.906250000000,0.000005604359
2.484375000000,2.953125000000,0.000001831761
2.484375000000,3.000000000000,0.000000000000
2.531250000000,0.000000000000,0.000000000000
2.531250000000,0.046875000000,-0.000002919930
2.531250000000,0.093750000000,-0.000004815878
2.531250000000,0.140625000000,-0.000006678751
2.531250000000,0.187500000000,-0.000008500633
2.531250000000,0.234375000000,-0.000010272821
2.531250000000,0.281250000000,-0.000011985712
2.531250000000,0.328125000000,-0.000013628730
2.531250000000,0.375000000000,-0.000015190311
2.531250000000,0.421875000000,-0.000016657928
2.531250000000,0.468750000000,-0.000018018180
2.531250000000,0.515625000000,-0.000019256921
2.531250000000,0.562500000000,-0.000020359445
2.531250000000,0.609375000000,-0.000021310711
2.531250000000,0.656250000000,-0.000022095610
2.531250000000,0.703125000000,-0.000022699268
2.531250000000,0.750000000000,-0.000023107369
2.531250000000,0.796875000000,-0.000023306504
2.531250000000,0.843750000000,-0.000023284528
2.531250000000,0.890625000000,-0.000023030917
2.531250000000,0.937500000000,-0.000022537118
2.531250000000,0.984375000000,-0.000021796884
2.531250000000,1.031250000000,-0.000020806582
2.531250000000,1.078125000000,-0.000019565465
2.531250000000,1.125000000000,-0.000018075904
2.531250000000,1.171875000000,-0.000016343570
2.531250000000,1.218750000000,-0.000014377564
2.531250000000,1.265625000000,-0.000012190480
2.531250000000,1.312500000000,-0.000009798406
2.531250000000,1.359375000000,-0.000007220869
2.531250000000,1.406250000000,-0.000004480692
2.531250000000,1.453125000000,-0.000001603808
2.531250000000,1.500000000000,0.000001381011
2.531250000000,1.546875000000,0.000004442471
2.531250000000,1.593750000000,0.000007547144
2.531250000000,1.640625000000,0.000010659894
2.531250000000,1.687500000000,0.000013744357
2.531250000000,1.734375000000,0.000016763449
2.531250000000,1.781250000000,0.000019679905
2.531250000000,1.828125000000,0.000022456838
2.531250000000,1.875000000000,0.000025058299
2.531250000000,1.921875000000,0.000027449836
2.531250000000,1.968750000000,0.000029599045
2.531250000000,2.015625000000,0.000031476091
2.531250000000,2.062500000000,0.000033054200
2.531250000000,2.109375000000,0.000034310103
2.531250000000,2.156250000000,0.000035224439
2.531250000000,2.203125000000,0.000035782092
2.531250000000,2.250000000000,0.000035972461
2.531250000000,2.296875000000,0.000035789669
2.531250000000,2.343750000000,0.000035232690
2.531250000000,2.390625000000,0.000034305403
2.531250000000,2.437500000000,0.000033016564
2.531250000000,2.484375000000,0.000031379708
2.531250000000,2.531250000000,0.000029412965
2.531250000000,2.578125000000,0.000027138810
2.531250000000,2.625000000000,0.000024583743
2.531250000000,2.671875000000,0.000021777905
2.531250000000,2.718750000000,0.000018754636
2.531250000000,2.765625000000,0.000015549989
2.531250000000,2.812500000000,0.000012202199
2.531250000000,2.859375000000,0.000008751126
2.531250000000,2.906250000000,0.000005237672
2.531250000000,2.953125000000,0.000001703190
2.531250000000,3.000000000000,0.000000000000
2.578125000000,0.000000000000,0.000000000000
2.578125000000,0.046875000000,-0.000002719269
2.578125000000,0.093750000000,-0.000004479100
2.578125000000,0.140625000000,-0.000006207442
2.578125000000,0.187500000000,-0.000007896762
2.578125000000,0.234375000000,-0.000009538827
2.578125000000,0.281250000000,-0.000011124602
2.578125000000,0.328125000000,-0.000012644188
2.578125000000,0.375000000000,-0.000014086810
2.578125000000,0.421875000000,-0.000015440838
2.578125000000,0.468750000000,-0.000016693878
2.578125000000,0.515625000000,-0.000017832885
2.578125000000,0.562500000000,-0.000018844333
2.578125000000,0.609375000000,-0.000019714427
2.578125000000,0.656250000000,-0.000020429340
2.578125000000,0.703125000000,-0.000020975497
2.578125000000,0.750000000000,-0.000021339865
2.578125000000,0.796875000000,-0.000021510274
2.578125000000,0.843750000000,-0.000021475740
2.578125000000,0.890625000000,-0.000021226791
2.578125000000,0.937500000000,-0.000020755786
2.578125000000,0.984375000000,-0.000020057218
2.578125000000,1.031250000000,-0.000019127994
2.578125000000,1.078125000000,-0.000017967677
2.578125000000,1.125000000000,-0.000016578704
2.578125000000,1.171875000000,-0.000014966541
2.578125000000,1.218750000000,-0.000013139799
2.578125000000,1.265625000000,-0.000011110295
2.578125000000,1.312500000000,-0.000008893045
2.578125000000,1.359375000000,-0.000006506207
2.578125000000,1.406250000000,-0.000003970955
2.578125000000,1.453125000000,-0.000001311298
2.578125000000,1.500000000000,0.000001446165
2.578125000000,1.546875000000,0.000004272544
2.578125000000,1.593750000000,0.000007137009
2.578125000000,1.640625000000,0.000010007188
2.578125000000,1.687500000000,0.000012849601
2.578125000000,1.734375000000,0.000015630136
2.578125000000,1.781250000000,0.000018314538
2.578125000000,1.828125000000,0.000020868919
2.578125000000,1.875000000000,0.000023260278
2.578125000000,1.921875000000,0.000025457008
2.578125000000,1.968750000000,0.000027429403
2.578125000000,2.015625000000,0.000029150133
2.578125000000,2.062500000000,0.000030594694
2.578125000000,2.109375000000,0.000031741816
2.578125000000,2.156250000000,0.000032573826
2.578125000000,2.203125000000,0.000033076960
2.578125000000,2.250000000000,0.000033241607
2.578125000000,2.296875000000,0.000033062498
2.578125000000,2.343750000000,0.000032538820
2.578125000000,2.390625000000,0.000031674267
2.578125000000,2.437500000000,0.000030477008
2.578125000000,2.484375000000,0.000028959599
2.578125000000,2.531250000000,0.000027138810
2.578125000000,2.578125000000,0.000025035397
2.578125000000,2.625000000000,0.000022673805
2.578125000000,2.671875000000,0.000020081815
2.578125000000,2.718750000000,0.000017290137
2.578125000000,2.765625000000,0.000014331967
2.578125000000,2.812500000000,0.000011242495
2.578125000000,2.859375000000,0.000008058396
2.578125000000,2.906250000000,0.000004817293
2.578125000000,2.953125000000,0.000001557218
2.578125000000,3.000000000000,0.000000000000
2.625000000000,0.000000000000,0.000000000000
2.625000000000,0.046875000000,-0.000002485803
2.625000000000,0.093750000000,-0.000004088491
2.625000000000,0.140625000000,-0.000005661860
2.625000000000,0.187500000000,-0.000007198903
2.625000000000,0.234375000000,-0.000008691997
2.625000000000,0.281250000000,-0.000010132817
2.625000000000,0.328125000000,-0.000011512280
2.625000000000,0.375000000000,-0.000012820537
2.625000000000,0.421875000000,-0.000014046999
2.625000000000,0.468750000000,-0.000015180409
2.625000000000,0.515625000000,-0.000016208955
2.625000000000,0.562500000000,-0.000017120421
2.625000000000,0.609375000000,-0.000017902372
2.625000000000,0.656250000000,-0.000018542379
2.625000000000,0.703125000000,-0.000019028261
2.625000000000,0.750000000000,-0.000019348353
2.625000000000,0.796875000000,-0.000019491795
2.625000000000,0.843750000000,-0.000019448815
2.625000000000,0.890625000000,-0.000019211028
2.625000000000,0.937500000000,-0.000018771715
2.625000000000,0.984375000000,-0.000018126095
2.625000000000,1.031250000000,-0.000017271575
2.625000000000,1.078125000000,-0.000016207971
2.625000000000,1.125000000000,-0.000014937689
2.625000000000,1.171875000000,-0.000013465872
2.625000000000,1.218750000000,-0.000011800500
2.625000000000,1.265625000000,-0.000009952436
2.625000000000,1.312500000000,-0.000007935426
2.625000000000,1.359375000000,-0.000005766037
2.625000000000,1.406250000000,-0.000003463546
2.625000000000,1.453125000000,-0.000001049772
2.625000000000,1.500000000000,0.000001451145
2.625000000000,1.546875000000,0.000004013016
2.625000000000,1.593750000000,0.000006607922
2.625000000000,1.640625000000,0.000009206572
2.625000000000,1.687500000000,0.000011778694
2.625000000000,1.734375000000,0.000014293469
2.625000000000,1.781250000000,0.000016719965
2.625000000000,1.828125000000,0.000019027603
2.625000000000,1.875000000000,0.000021186622
2.625000000000,1.921875000000,0.000023168538
2.625000000000,1.968750000000,0.000024946593
2.625000000000,2.015625000000,0.000026496192
2.625000000000,2.062500000000,0.000027795299
2.625000000000,2.109375000000,0.000028824807
2.625000000000,2.156250000000,0.000029568867
2.625000000000,2.203125000000,0.000030015158
2.625000000000,2.250000000000,0.000030155115
2.625000000000,2.296875000000,0.000029984092
2.625000000000,2.343750000000,0.000029501466
2.625000000000,2.390625000000,0.000028710677
2.625000000000,2.437500000000,0.000027619206
2.625000000000,2.484375000000,0.000026238484
2.625000000000,2.531250000000,0.000024583743
2.625000000000,2.578125000000,0.000022673805
2.625000000000,2.625000000000,0.000020530814
2.625000000000,2.671875000000,0.000018179916
2.625000000000,2.718750000000,0.000015648896
2.625000000000,2.765625000000,0.000012967772
2.625000000000,2.812500000000,0.000010168354
2.625000000000,2.859375000000,0.000007283786
2.625000000000,2.906250000000,0.000004348061
2.625000000000,2.953125000000,0.000001395534
2.625000000000,3.000000000000,0.000000000000
2.671875000000,0.000000000000,0.000000000000
2.671875000000,0.046875000000,-0.000002222657
2.671875000000,0.093750000000,-0.000003649265
2.671875000000,0.140625000000,-0.000005049265
2.671875000000,0.187500000000,-0.000006416303
2.671875000000,0.234375000000,-0.000007743496
2.671875000000,0.281250000000,-0.000009023356
2.671875000000,0.328125000000,-0.000010247746
2.671875000000,0.375000000000,-0.000011407869
2.671875000000,0.421875000000,-0.000012494298
2.671875000000,0.468750000000,-0.000013497040
2.671875000000,0.515625000000,-0.000014405630
2.671875000000,0.562500000000,-0.000015209272
2.671875000000,0.609375000000,-0.000015897001
2.671875000000,0.656250000000,-0.000016457874
2.671875000000,0.703125000000,-0.000016881195
2.671875000000,0.750000000000,-0.000017156742
2.671875000000,0.796875000000,-0.000017275019
2.671875000000,0.843750000000,-0.000017227513
2.671875000000,0.890625000000,-0.000017006947
2.671875000000,0.937500000000,-0.000016607529
2.671875000000,0.984375000000,-0.000016025191
2.671875000000,1.031250000000,-0.000015257804
2.671875000000,1.078125000000,-0.000014305369
2.671875000000,1.125000000000,-0.000013170179
2.671875000000,1.171875000000,-0.000011856947
2.671875000000,1.218750000000,-0.000010372884
2.671875000000,1.265625000000,-0.000008727746
2.671875000000,1.312500000000,-0.000006933824
2.671875000000,1.359375000000,-0.000005005896
2.671875000000,1.406250000000,-0.000002961120
2.671875000000,1.453125000000,-0.000000818884
2.671875000000,1.500000000000,0.000001399385
2.671875000000,1.546875000000,0.000003670468
2.671875000000,1.593750000000,0.000005969632
2.671875000000,1.640625000000,0.000008270949
2.671875000000,1.687500000000,0.000010547645
2.671875000000,1.734375000000,0.000012772474
2.671875000000,1.781250000000,0.000014918111
2.671875000000,1.828125000000,0.000016957557
2.671875000000,1.875000000000,0.000018864548
2.671875000000,1.921875000000,0.000020613964
2.671875000000,1.968750000000,0.000022182223
2.671875000000,2.015625000000,0.000023547660
2.671875000000,2.062500000000,0.000024690883
2.671875000000,2.109375000000,0.000025595096
2.671875000000,2.156250000000,0.000026246382
2.671875000000,2.203125000000,0.000026633948
2.671875000000,2.250000000000,0.000026750320
2.671875000000,2.296875000000,0.000026591487
2.671875000000,2.343750000000,0.000026156992
2.671875000000,2.390625000000,0.000025449962
2.671875000000,2.437500000000,0.000024477093
2.671875000000,2.484375000000,0.000023248563
2.671875000000,2.531250000000,0.000021777905
2.671875000000,2.578125000000,0.000020081814
2.671875000000,2.625000000000,0.000018179916
2.671875000000,2.671875000000,0.000016094478
2.671875000000,2.718750000000,0.000013850094
2.671875000000,2.765625000000,0.000011473321
2.671875000000,2.812500000000,0.000008992294
2.671875000000,2.859375000000,0.000006436316
2.671875000000,2.906250000000,0.000003835439
2.671875000000,2.953125000000,0.000001220024
2.671875000000,3.000000000000,0.000000000000
2.718750000000,0.000000000000,0.000000000000
2.718750000000,0.046875000000,-0.000001933356
2.718750000000,0.093750000000,-0.000003167287
2.718750000000,0.140625000000,-0.000004377807
2.718750000000,0.187500000000,-0.000005559331
2.718750000000,0.234375000000,-0.000006705829
2.718750000000,0.281250000000,-0.000007810766
2.718750000000,0.328125000000,-0.000008867061
2.718750000000,0.375000000000,-0.000009867085
2.718750000000,0.421875000000,-0.000010802680
2.718750000000,0.468750000000,-0.000011665219
2.718750000000,0.515625000000,-0.000012445691
2.718750000000,0.562500000000,-0.000013134813
2.718750000000,0.609375000000,-0.000013723178
2.718750000000,0.656250000000,-0.000014201416
2.718750000000,0.703125000000,-0.000014560382
2.718750000000,0.750000000000,-0.000014791358
2.718750000000,0.796875000000,-0.000014886261
2.718750000000,0.843750000000,-0.000014837869
2.718750000000,0.890625000000,-0.000014640031
2.718750000000,0.937500000000,-0.000014287884
2.718750000000,0.984375000000,-0.000013778052
2.718750000000,1.031250000000,-0.000013108831
2.718750000000,1.078125000000,-0.000012280353
2.718750000000,1.125000000000,-0.000011294721
2.718750000000,1.171875000000,-0.000010156114
2.718750000000,1.218750000000,-0.000008870859
2.718750000000,1.265625000000,-0.000007447462
2.718750000000,1.312500000000,-0.000005896606
2.718750000000,1.359375000000,-0.000004231096
2.718750000000,1.406250000000,-0.000002465779
2.718750000000,1.453125000000,-0.000000617405
2.718750000000,1.500000000000,0.000001295535
2.718750000000,1.546875000000,0.000003253022
2.718750000000,1.593750000000,0.000005233752
2.718750000000,1.640625000000,0.000007215404
2.718750000000,1.687500000000,0.000009174947
2.718750000000,1.734375000000,0.000011088954
2.718750000000,1.781250000000,0.000012933946
2.718750000000,1.828125000000,0.000014686738
2.718750000000,1.875000000000,0.000016324785
2.718750000000,1.921875000000,0.000017826537
2.718750000000,1.968750000000,0.000019171777
2.718750000000,2.015625000000,0.000020341943
2.718750000000,2.062500000000,0.000021320434
2.718750000000,2.109375000000,0.000022092883
2.718750000000,2.156250000000,0.000022647406
2.718750000000,2.203125000000,0.000022974803
2.718750000000,2.250000000000,0.000023068729
2.718750000000,2.296875000000,0.000022925816
2.718750000000,2.343750000000,0.000022545748
2.718750000000,2.390625000000,0.000021931287
2.718750000000,2.437500000000,0.000021088259
2.718750000000,2.484375000000,0.000020025478
2.718750000000,2.531250000000,0.000018754636
2.718750000000,2.578125000000,0.000017290137
2.718750000000,2.625000000000,0.000015648896
2.718750000000,2.671875000000,0.000013850094
2.718750000000,2.718750000000,0.000011914903
2.718750000000,2.765625000000,0.000009866176
2.718750000000,2.812500000000,0.000007728115
2.718750000000,2.859375000000,0.000005525921
2.718750000000,2.906250000000,0.000003285431
2.718750000000,2.953125000000,0.000001032745
2.718750000000,3.000000000000,0.000000000000
2.765625000000,0.000000000000,0.000000000000
2.765625000000,0.046875000000,-0.000001621766
2.765625000000,0.093750000000,-0.000002648983
2.765625000000,0.140625000000,-0.000003656407
2.765625000000,0.187500000000,-0.000004639322
2.765625000000,0.234375000000,-0.000005592655
2.765625000000,0.281250000000,-0.000006510918
2.765625000000,0.328125000000,-0.000007388188
2.765625000000,0.375000000000,-0.000008218093
2.765625000000,0.421875000000,-0.000008993839
2.765625000000,0.468750000000,-0.000009708255
2.765625000000,0.515625000000,-0.000010353865
2.765625000000,0.562500000000,-0.000010922981
2.765625000000,0.609375000000,-0.000011407827
2.765625000000,0.656250000000,-0.000011800669
2.765625000000,0.703125000000,-0.000012093973
2.765625000000,0.750000000000,-0.000012280570
2.765625000000,0.796875000000,-0.000012353828
2.765625000000,0.843750000000,-0.000012307837
2.765625000000,0.890625000000,-0.000012137584
2.765625000000,0.937500000000,-0.000011839130
2.765625000000,0.984375000000,-0.000011409770
2.765625000000,1.031250000000,-0.000010848193
2.765625000000,1.078125000000,-0.000010154607
2.765625000000,1.125000000000,-0.000009330854
2.765625000000,1.171875000000,-0.000008380495
2.765625000000,1.218750000000,-0.000007308868
2.765625000000,1.265625000000,-0.000006123111
2.765625000000,1.312500000000,-0.000004832160
2.765625000000,1.359375000000,-0.000003446701
2.765625000000,1.406250000000,-0.000001979103
2.765625000000,1.453125000000,-0.000000443304
2.765625000000,1.500000000000,0.000001145327
2.765625000000,1.546875000000,0.000002770167
2.765625000000,1.593750000000,0.000004413536
2.765625000000,1.640625000000,0.000006056927
2.765625000000,1.687500000000,0.000007681253
2.765625000000,1.734375000000,0.000009267112
2.765625000000,1.781250000000,0.000010795068
2.765625000000,1.828125000000,0.000012245939
2.765625000000,1.875000000000,0.000013601084
2.765625000000,1.921875000000,0.000014842692
2.765625000000,1.968750000000,0.000015954066
2.765625000000,2.015625000000,0.000016919884
2.765625000000,2.062500000000,0.000017726455
2.765625000000,2.109375000000,0.000018361944
2.765625000000,2.156250000000,0.000018816571
2.765625000000,2.203125000000,0.000019082786
2.765625000000,2.250000000000,0.000019155401
2.765625000000,2.296875000000,0.000019031693
2.765625000000,2.343750000000,0.000018711467
2.765625000000,2.390625000000,0.000018197073
2.765625000000,2.437500000000,0.000017493396
2.765625000000,2.484375000000,0.000016607790
2.765625000000,2.531250000000,0.000015549989
2.765625000000,2.578125000000,0.000014331967
2.765625000000,2.625000000000,0.000012967772
2.765625000000,2.671875000000,0.000011473321
2.765625000000,2.718750000000,0.000009866176
2.765625000000,2.765625000000,0.000008165282
2.765625000000,2.812500000000,0.000006390699
2.765625000000,2.859375000000,0.000004563306
2.765625000000,2.906250000000,0.000002704501
2.765625000000,2.953125000000,0.000000835899
2.765625000000,3.000000000000,0.000000000000
2.812500000000,0.000000000000,0.000000000000
2.812500000000,0.046875000000,-0.000001292037
2.812500000000,0.093750000000,-0.000002101237
2.812500000000,0.140625000000,-0.000002894612
2.812500000000,0.187500000000,-0.000003668404
2.812500000000,0.234375000000,-0.000004418575
2.812500000000,0.281250000000,-0.000005140771
2.812500000000,0.328125000000,-0.000005830300
2.812500000000,0.375000000000,-0.000006482128
2.812500000000,0.421875000000,-0.000007090899
2.812500000000,0.468750000000,-0.000007650966
2.812500000000,0.515625000000,-0.000008156457
2.812500000000,0.562500000000,-0.000008601342
2.812500000000,0.609375000000,-0.000008979529
2.812500000000,0.656250000000,-0.000009284971
2.812500000000,0.703125000000,-0.000009511786
2.812500000000,0.750000000000,-0.000009654387
2.812500000000,0.796875000000,-0.000009707620
2.812500000000,0.843750000000,-0.000009666899
2.812500000000,0.890625000000,-0.000009528354
2.812500000000,0.937500000000,-0.000009288959
2.812500000000,0.984375000000,-0.000008946663
2.812500000000,1.031250000000,-0.000008500511
2.812500000000,1.078125000000,-0.000007950741
2.812500000000,1.125000000000,-0.000007298877
2.812500000000,1.171875000000,-0.000006547788
2.812500000000,1.218750000000,-0.000005701736
2.812500000000,1.265625000000,-0.000004766393
2.812500000000,1.312500000000,-0.000003748836
2.812500000000,1.359375000000,-0.000002657514
2.812500000000,1.406250000000,-0.000001502186
2.812500000000,1.453125000000,-0.000000293837
2.812500000000,1.500000000000,0.000000955434
2.812500000000,1.546875000000,0.000002232552
2.812500000000,1.593750000000,0.000003523620
2.812500000000,1.640625000000,0.000004814103
2.812500000000,1.687500000000,0.000006089017
2.812500000000,1.734375000000,0.000007333145
2.812500000000,1.781250000000,0.000008531246
2.812500000000,1.828125000000,0.000009668291
2.812500000000,1.875000000000,0.000010729680
2.812500000000,1.921875000000,0.000011701475
2.812500000000,1.968750000000,0.000012570615
2.812500000000,2.015625000000,0.000013325126
2.812500000000,2.062500000000,0.000013954316
2.812500000000,2.109375000000,0.000014448955
2.812500000000,2.156250000000,0.000014801428
2.812500000000,2.203125000000,0.000015005869
2.812500000000,2.250000000000,0.000015058269
2.812500000000,2.296875000000,0.000014956550
2.812500000000,2.343750000000,0.000014700616
2.812500000000,2.390625000000,0.000014292370
2.812500000000,2.437500000000,0.000013735694
2.812500000000,2.484375000000,0.000013036411
2.812500000000,2.531250000000,0.000012202199
2.812500000000,2.578125000000,0.000011242495
2.812500000000,2.625000000000,0.000010168354
2.812500000000,2.671875000000,0.000008992294
2.812500000000,2.718750000000,0.000007728115
2.812500000000,2.765625000000,0.000006390699
2.812500000000,2.812500000000,0.000004995795
2.812500000000,2.859375000000,0.000003559790
2.812500000000,2.906250000000,0.000002099473
2.812500000000,2.953125000000,0.000000631795
2.812500000000,3.000000000000,0.000000000000
2.859375000000,0.000000000000,0.000000000000
2.859375000000,0.046875000000,-0.000000948541
2.859375000000,0.093750000000,-0.000001531288
2.859375000000,0.140625000000,-0.000002102457
2.859375000000,0.187500000000,-0.000002659310
2.859375000000,0.234375000000,-0.000003198914
2.859375000000,0.281250000000,-0.000003718108
2.859375000000,0.328125000000,-0.000004213495
2.859375000000,0.375000000000,-0.000004681436
2.859375000000,0.421875000000,-0.000005118066
2.859375000000,0.468750000000,-0.000005519318
2.859375000000,0.515625000000,-0.000005880969
2.859375000000,0.562500000000,-0.000006198690
2.859375000000,0.609375000000,-0.000006468113
2.859375000000,0.656250000000,-0.000006684910
2.859375000000,0.703125000000,-0.000006844879
2.859375000000,0.750000000000,-0.000006944037
2.859375000000,0.796875000000,-0.000006978715
2.859375000000,0.843750000000,-0.000006945662
2.859375000000,0.890625000000,-0.000006842143
2.859375000000,0.937500000000,-0.000006666035
2.859375000000,0.984375000000,-0.000006415921
2.859375000000,1.031250000000,-0.000006091170
2.859375000000,1.078125000000,-0.000005692013
2.859375000000,1.125000000000,-0.000005219603
2.859375000000,1.171875000000,-0.000004676062
2.859375000000,1.218750000000,-0.000004064507
2.859375000000,1.265625000000,-0.000003389071
2.859375000000,1.312500000000,-0.000002654889
2.859375000000,1.359375000000,-0.000001868077
2.859375000000,1.406250000000,-0.000001035691
2.859375000000,1.453125000000,-0.000000165657
2.859375000000,1.500000000000,0.000000733301
2.859375000000,1.546875000000,0.000001651767
2.859375000000,1.593750000000,0.000002579742
2.859375000000,1.640625000000,0.000003506776
2.859375000000,1.687500000000,0.000004422103
2.859375000000,1.734375000000,0.000005314798
2.859375000000,1.781250000000,0.000006173928
2.859375000000,1.828125000000,0.000006988718
2.859375000000,1.875000000000,0.000007748709
2.859375000000,1.921875000000,0.000008443923
2.859375000000,1.968750000000,0.000009065018
2.859375000000,2.015625000000,0.000009603438
2.859375000000,2.062500000000,0.000010051554
2.859375000000,2.109375000000,0.000010402788
2.859375000000,2.156250000000,0.000010651726
2.859375000000,2.203125000000,0.000010794211
2.859375000000,2.250000000000,0.000010827423
2.859375000000,2.296875000000,0.000010749925
2.859375000000,2.343750000000,0.000010561707
2.859375000000,2.390625000000,0.000010264189
2.859375000000,2.437500000000,0.000009860211
2.859375000000,2.484375000000,0.000009354003
2.859375000000,2.531250000000,0.000008751126
2.859375000000,2.578125000000,0.000008058395
2.859375000000,2.625000000000,0.000007283786
2.859375000000,2.671875000000,0.000006436316
2.859375000000,2.718750000000,0.000005525921
2.859375000000,2.765625000000,0.000004563306
2.859375000000,2.812500000000,0.000003559790
2.859375000000,2.859375000000,0.000002527149
2.859375000000,2.906250000000,0.000001477437
2.859375000000,2.953125000000,0.000000422823
2.859375000000,3.000000000000,0.000000000000
2.906250000000,0.000000000000,0.000000000000
2.906250000000,0.046875000000,-0.000000595802
2.906250000000,0.093750000000,-0.000000946619
2.906250000000,0.140625000000,-0.000001290305
2.906250000000,0.187500000000,-0.000001625189
2.906250000000,0.234375000000,-0.000001949487
2.906250000000,0.281250000000,-0.000002261276
2.906250000000,0.328125000000,-0.000002558496
2.906250000000,0.375000000000,-0.000002838941
2.906250000000,0.421875000000,-0.000003100274
2.906250000000,0.468750000000,-0.000003340039
2.906250000000,0.515625000000,-0.000003555692
2.906250000000,0.562500000000,-0.000003744628
2.906250000000,0.609375000000,-0.000003904226
2.906250000000,0.656250000000,-0.000004031893
2.906250000000,0.703125000000,-0.000004125118
2.906250000000,0.750000000000,-0.000004181527
2.906250000000,0.796875000000,-0.000004198941
2.906250000000,0.843750000000,-0.000004175437
2.906250000000,0.890625000000,-0.000004109406
2.906250000000,0.937500000000,-0.000003999615
2.906250000000,0.984375000000,-0.000003845256
2.906250000000,1.031250000000,-0.000003646000
2.906250000000,1.078125000000,-0.000003402036
2.906250000000,1.125000000000,-0.000003114111
2.906250000000,1.171875000000,-0.000002783555
2.906250000000,1.218750000000,-0.000002412296
2.906250000000,1.265625000000,-0.000002002872
2.906250000000,1.312500000000,-0.000001558422
2.906250000000,1.359375000000,-0.000001082672
2.906250000000,1.406250000000,-0.000000579908
2.906250000000,1.453125000000,-0.000000054936
2.906250000000,1.500000000000,0.000000486964
2.906250000000,1.546875000000,0.000001040102
2.906250000000,1.593750000000,0.000001598444
2.906250000000,1.640625000000,0.000002155692
2.906250000000,1.687500000000,0.000002705367
2.906250000000,1.734375000000,0.000003240900
2.906250000000,1.781250000000,0.000003755726
2.906250000000,1.828125000000,0.000004243382
2.906250000000,1.875000000000,0.000004697603
2.906250000000,1.921875000000,0.000005112422
2.906250000000,1.968750000000,0.000005482259
2.906250000000,2.015625000000,0.000005802014
2.906250000000,2.062500000000,0.000006067150
2.906250000000,2.109375000000,0.000006273765
2.906250000000,2.156250000000,0.000006418664
2.906250000000,2.203125000000,0.000006499408
2.906250000000,2.250000000000,0.000006514365
2.906250000000,2.296875000000,0.000006462736
2.906250000000,2.343750000000,0.000006344580
2.906250000000,2.390625000000,0.000006160813
2.906250000000,2.437500000000,0.000005913205
2.906250000000,2.484375000000,0.000005604359
2.906250000000,2.531250000000,0.000005237672
2.906250000000,2.578125000000,0.000004817293
2.906250000000,2.625000000000,0.000004348061
2.906250000000,2.671875000000,0.000003835439
2.906250000000,2.718750000000,0.000003285431
2.906250000000,2.765625000000,0.000002704501
2.906250000000,2.812500000000,0.000002099473
2.906250000000,2.859375000000,0.000001477437
2.906250000000,2.906250000000,0.000000845646
2.906250000000,2.953125000000,0.000000211411
2.906250000000,3.000000000000,0.000000000000
2.953125000000,0.000000000000,0.000000000000
2.953125000000,0.046875000000,-0.000000238428
2.953125000000,0.093750000000,-0.000000354847
2.953125000000,0.140625000000,-0.000000468697
2.953125000000,0.187500000000,-0.000000579406
2.953125000000,0.234375000000,-0.000000686363
2.953125000000,0.281250000000,-0.000000788911
2.953125000000,0.328125000000,-0.000000886344
2.953125000000,0.375000000000,-0.000000977911
2.953125000000,0.421875000000,-0.000001062817
2.953125000000,0.468750000000,-0.000001140231
2.953125000000,0.515625000000,-0.000001209298
2.953125000000,0.562500000000,-0.000001269144
2.953125000000,0.609375000000,-0.000001318896
2.953125000000,0.656250000000,-0.000001357697
2.953125000000,0.703125000000,-0.000001384723
2.953125000000,0.750000000000,-0.000001399203
2.953125000000,0.796875000000,-0.000001400436
2.953125000000,0.843750000000,-0.000001387816
2.953125000000,0.890625000000,-0.000001360846
2.953125000000,0.937500000000,-0.000001319162
2.953125000000,0.984375000000,-0.000001262547
2.953125000000,1.031250000000,-0.000001190950
2.953125000000,1.078125000000,-0.000001104495
2.953125000000,1.125000000000,-0.000001003499
2.953125000000,1.171875000000,-0.000000888472
2.953125000000,1.218750000000,-0.000000760127
2.953125000000,1.265625000000,-0.000000619380
2.953125000000,1.312500000000,-0.000000467344
2.953125000000,1.359375000000,-0.000000305329
2.953125000000,1.406250000000,-0.000000134825
2.953125000000,1.453125000000,0.000000042509
2.953125000000,1.500000000000,0.000000224862
2.953125000000,1.546875000000,0.000000410294
2.953125000000,1.593750000000,0.000000596759
2.953125000000,1.640625000000,0.000000782132
2.953125000000,1.687500000000,0.000000964238
2.953125000000,1.734375000000,0.000001140881
2.953125000000,1.781250000000,0.000001309879
2.953125000000,1.828125000000,0.000001469094
2.953125000000,1.875000000000,0.000001616466
2.953125000000,1.921875000000,0.000001750044
2.953125000000,1.968750000000,0.000001868018
2.953125000000,2.015625000000,0.000001968745
2.953125000000,2.062500000000,0.000002050782
2.953125000000,2.109375000000,0.000002112902
2.953125000000,2.156250000000,0.000002154124
2.953125000000,2.203125000000,0.000002173723
2.953125000000,2.250000000000,0.000002171246
2.953125000000,2.296875000000,0.000002146524
2.953125000000,2.343750000000,0.000002099671
2.953125000000,2.390625000000,0.000002031091
2.953125000000,2.437500000000,0.000001941468
2.953125000000,2.484375000000,0.000001831761
2.953125000000,2.531250000000,0.000001703189
2.953125000000,2.578125000000,0.000001557218
2.953125000000,2.625000000000,0.000001395534
2.953125000000,2.671875000000,0.000001220024
2.953125000000,2.718750000000,0.000001032745
2.953125000000,2.765625000000,0.000000835899
2.953125000000,2.812500000000,0.000000631795
2.953125000000,2.859375000000,0.000000422823
2.953125000000,2.906250000000,0.000000211411
2.953125000000,2.953125000000,-0.000000000000
2.953125000000,3.000000000000,0.000000000000
3.000000000000,0.000000000000,0.000000000000
3.000000000000,0.046875000000,0.000000000000
3.000000000000,0.093750000000,0.000000000000
3.000000000000,0.140625000000,0.000000000000
3.000000000000,0.187500000000,0.000000000000
3.000000000000,0.234375000000,0.000000000000
3.000000000000,0.281250000000,0.000000000000
3.000000000000,0.328125000000,0.000000000000
3.000000000000,0.375000000000,0.000000000000
3.000000000000,0.421875000000,0.000000000000
3.000000000000,0.468750000000,0.000000000000
3.000000000000,0.515625000000,0.000000000000
3.000000000000,0.562500000000,0.000000000000
3.000000000000,0.609375000000,0.000000000000
3.000000000000,0.656250000000,0.000000000000
3.000000000000,0.703125000000,0.000000000000
3.000000000000,0.750000000000,0.000000000000
3.000000000000,0.796875000000,0.000000000000
3.000000000000,0.843750000000,0.000000000000
3.000000000000,0.890625000000,0.000000000000
3.000000000000,0.937500000000,0.000000000000
3.000000000000,0.984375000000,0.000000000000
3.000000000000,1.031250000000,0.000000000000
3.000000000000,1.078125000000,0.000000000000
3.000000000000,1.125000000000,0.000000000000
3.000000000000,1.171875000000,0.000000000000
3.000000000000,1.218750000000,0.000000000000
3.000000000000,1.265625000000,0.000000000000
3.000000000000,1.312500000000,0.000000000000
3.000000000000,1.359375000000,0.000000000000
3.000000000000,1.406250000000,0.000000000000
3.000000000000,1.453125000000,0.000000000000
3.000000000000,1.500000000000,0.000000000000
3.000000000000,1.546875000000,0.000000000000
3.000000000000,1.593750000000,0.000000000000
3.000000000000,1.640625000000,0.000000000000
3.000000000000,1.687500000000,0.000000000000
3.000000000000,1.734375000000,0.000000000000
3.000000000000,1.781250000000,0.000000000000
3.000000000000,1.828125000000,0.000000000000
3.000000000000,1.875000000000,0.000000000000
3.000000000000,1.921875000000,0.000000000000
3.000000000000,1.968750000000,0.000000000000
3.000000000000,2.015625000000,0.000000000000
3.000000000000,2.062500000000,0.000000000000
3.000000000000,2.109375000000,0.000000000000
3.000000000000,2.156250000000,0.000000000000
3.000000000000,2.203125000000,0.000000000000
3.000000000000,2.250000000000,0.000000000000
3.000000000000,2.296875000000,0.000000000000
3.000000000000,2.343750000000,0.000000000000
3.000000000000,2.390625000000,0.000000000000
3.000000000000,2.437500000000,0.000000000000
3.000000000000,2.484375000000,0.000000000000
3.000000000000,2.531250000000,0.000000000000
3.000000000000,2.578125000000,0.000000000000
3.000000000000,2.625000000000,0.000000000000
3.000000000000,2.671875000000,0.000000000000
3.000000000000,2.718750000000,0.000000000000
3.000000000000,2.765625000000,0.000000000000
3.000000000000,2.812500000000,0.000000000000
3.000000000000,2.859375000000,0.000000000000
3.000000000000,2.906250000000,0.000000000000
3.000000000000,2.953125000000,0.000000000000
3.000000000000,3.000000000000,0.000000000000
