x,y,value
0.000000000000,0.000000000000,0.000000000000
0.000000000000,0.023437500000,0.000000000000
0.000000000000,0.046875000000,0.000000000000
0.000000000000,0.070312500000,0.000000000000
0.000000000000,0.093750000000,0.000000000000
0.000000000000,0.117187500000,0.000000000000
0.000000000000,0.140625000000,0.000000000000
0.000000000000,0.164062500000,0.000000000000
0.000000000000,0.187500000000,0.000000000000
0.000000000000,0.210937500000,0.000000000000
0.000000000000,0.234375000000,0.000000000000
0.000000000000,0.257812500000,0.000000000000
0.000000000000,0.281250000000,0.000000000000
0.000000000000,0.304687500000,0.000000000000
0.000000000000,0.328125000000,0.000000000000
0.000000000000,0.351562500000,0.000000000000
0.000000000000,0.375000000000,0.000000000000
0.000000000000,0.398437500000,0.000000000000
0.000000000000,0.421875000000,0.000000000000
0.000000000000,0.445312500000,0.000000000000
0.000000000000,0.468750000000,0.000000000000
0.000000000000,0.492187500000,0.000000000000
0.000000000000,0.515625000000,0.000000000000
0.000000000000,0.539062500000,0.000000000000
0.000000000000,0.562500000000,0.000000000000
0.000000000000,0.585937500000,0.000000000000
0.000000000000,0.609375000000,0.000000000000
0.000000000000,0.632812500000,0.000000000000
0.000000000000,0.656250000000,0.000000000000
0.000000000000,0.679687500000,0.000000000000
0.000000000000,0.703125000000,0.000000000000
0.000000000000,0.726562500000,0.000000000000
0.000000000000,0.750000000000,0.000000000000
0.000000000000,0.773437500000,0.000000000000
0.000000000000,0.796875000000,0.000000000000
0.000000000000,0.820312500000,0.000000000000
0.000000000000,0.843750000000,0.000000000000
0.000000000000,0.867187500000,0.000000000000
0.000000000000,0.890625000000,0.000000000000
0.000000000000,0.914062500000,0.000000000000
0.000000000000,0.937500000000,0.000000000000
0.000000000000,0.960937500000,0.000000000000
0.000000000000,0.984375000000,0.000000000000
0.000000000000,1.007812500000,0.000000000000
0.000000000000,1.031250000000,0.000000000000
0.000000000000,1.054687500000,0.000000000000
0.000000000000,1.078125000000,0.000000000000
0.000000000000,1.101562500000,0.000000000000
0.000000000000,1.125000000000,0.000000000000
0.000000000000,1.148437500000,0.000000000000
0.000000000000,1.171875000000,0.000000000000
0.000000000000,1.195312500000,0.000000000000
0.000000000000,1.218750000000,0.000000000000
0.000000000000,1.242187500000,0.000000000000
0.000000000000,1.265625000000,0.000000000000
0.000000000000,1.289062500000,0.000000000000
0.000000000000,1.312500000000,0.000000000000
0.000000000000,1.335937500000,0.000000000000
0.000000000000,1.359375000000,0.000000000000
0.000000000000,1.382812500000,0.000000000000
0.000000000000,1.406250000000,0.000000000000
0.000000000000,1.429687500000,0.000000000000
0.000000000000,1.453125000000,0.000000000000
0.000000000000,1.476562500000,0.000000000000
0.000000000000,1.500000000000,0.000000000000
0.000000000000,1.523437500000,0.000000000000
0.000000000000,1.546875000000,0.000000000000
0.000000000000,1.570312500000,0.000000000000
0.000000000000,1.593750000000,0.000000000000
0.000000000000,1.617187500000,0.000000000000
0.000000000000,1.640625000000,0.000000000000
0.000000000000,1.664062500000,0.000000000000
0.000000000000,1.687500000000,0.000000000000
0.000000000000,1.710937500000,0.000000000000
0.000000000000,1.734375000000,0.000000000000
0.000000000000,1.757812500000,0.000000000000
0.000000000000,1.781250000000,0.000000000000
0.000000000000,1.804687500000,0.000000000000
0.000000000000,1.828125000000,0.000000000000
0.000000000000,1.851562500000,0.000000000000
0.000000000000,1.875000000000,0.000000000000
0.000000000000,1.898437500000,0.000000000000
0.000000000000,1.921875000000,0.000000000000
0.000000000000,1.945312500000,0.000000000000
0.000000000000,1.968750000000,0.000000000000
0.000000000000,1.992187500000,0.000000000000
0.000000000000,2.015625000000,0.000000000000
0.000000000000,2.039062500000,0.000000000000
0.000000000000,2.062500000000,0.000000000000
0.000000000000,2.085937500000,0.000000000000
0.000000000000,2.109375000000,0.000000000000
0.000000000000,2.132812500000,0.000000000000
0.000000000000,2.156250000000,0.000000000000
0.000000000000,2.179687500000,0.000000000000
0.000000000000,2.203125000000,0.000000000000
0.000000000000,2.226562500000,0.000000000000
0.000000000000,2.250000000000,0.000000000000
0.000000000000,2.273437500000,0.000000000000
0.000000000000,2.296875000000,0.000000000000
0.000000000000,2.320312500000,0.000000000000
0.000000000000,2.343750000000,0.000000000000
0.000000000000,2.367187500000,0.000000000000
0.000000000000,2.390625000000,0.000000000000
0.000000000000,2.414062500000,0.000000000000
0.000000000000,2.437500000000,0.000000000000
0.000000000000,2.460937500000,0.000000000000
0.000000000000,2.484375000000,0.000000000000
0.000000000000,2.507812500000,0.000000000000
0.000000000000,2.531250000000,0.000000000000
0.000000000000,2.554687500000,0.000000000000
0.000000000000,2.578125000000,0.000000000000
0.000000000000,2.601562500000,0.000000000000
0.000000000000,2.625000000000,0.000000000000
0.000000000000,2.648437500000,0.000000000000
0.000000000000,2.671875000000,0.000000000000
0.000000000000,2.695312500000,0.000000000000
0.000000000000,2.718750000000,0.000000000000
0.000000000000,2.742187500000,0.000000000000
0.000000000000,2.765625000000,0.000000000000
0.000000000000,2.789062500000,0.000000000000
0.000000000000,2.812500000000,0.000000000000
0.000000000000,2.835937500000,0.000000000000
0.000000000000,2.859375000000,0.000000000000
0.000000000000,2.882812500000,0.000000000000
0.000000000000,2.906250000000,0.000000000000
0.000000000000,2.929687500000,0.000000000000
0.000000000000,2.953125000000,0.000000000000
0.000000000000,2.976562500000,0.000000000000
0.000000000000,3.000000000000,0.000000000000
0.023437500000,0.000000000000,0.000000000000
0.023437500000,0.023437500000,0.000000001653
0.023437500000,0.046875000000,0.000000002885
0.023437500000,0.070312500000,0.000000004108
0.023437500000,0.093750000000,0.000000005320
0.023437500000,0.117187500000,0.000000006516
0.023437500000,0.140625000000,0.000000007695
0.023437500000,0.164062500000,0.000000008855
0.023437500000,0.187500000000,0.000000009992
0.023437500000,0.210937500000,0.000000011104
0.023437500000,0.234375000000,0.000000012188
0.023437500000,0.257812500000,0.000000013243
0.023437500000,0.281250000000,0.000000014265
0.023437500000,0.304687500000,0.000000015253
0.023437500000,0.328125000000,0.000000016203
0.023437500000,0.351562500000,0.000000017115
0.023437500000,0.375000000000,0.000000017985
0.023437500000,0.398437500000,0.000000018812
0.023437500000,0.421875000000,0.000000019594
0.023437500000,0.445312500000,0.000000020328
0.023437500000,0.468750000000,0.000000021014
0.023437500000,0.492187500000,0.000000021650
0.023437500000,0.515625000000,0.000000022233
0.023437500000,0.539062500000,0.000000022763
0.023437500000,0.562500000000,0.000000023238
0.023437500000,0.585937500000,0.000000023657
0.023437500000,0.609375000000,0.000000024018
0.023437500000,0.632812500000,0.000000024321
0.023437500000,0.656250000000,0.000000024565
0.023437500000,0.679687500000,0.000000024749
0.023437500000,0.703125000000,0.000000024873
0.023437500000,0.726562500000,0.000000024935
0.023437500000,0.750000000000,0.000000024936
0.023437500000,0.773437500000,0.000000024876
0.023437500000,0.796875000000,0.000000024753
0.023437500000,0.820312500000,0.000000024568
0.023437500000,0.843750000000,0.000000024322
0.023437500000,0.867187500000,0.000000024015
0.023437500000,0.890625000000,0.000000023647
0.023437500000,0.914062500000,0.000000023218
0.023437500000,0.937500000000,0.000000022730
0.023437500000,0.960937500000,0.000000022183
0.023437500000,0.984375000000,0.000000021579
0.023437500000,1.007812500000,0.000000020918
0.023437500000,1.031250000000,0.000000020202
0.023437500000,1.054687500000,0.000000019432
0.023437500000,1.078125000000,0.000000018609
0.023437500000,1.101562500000,0.000000017737
0.023437500000,1.125000000000,0.000000016815
0.023437500000,1.148437500000,0.000000015847
0.023437500000,1.171875000000,0.000000014834
0.023437500000,1.195312500000,0.000000013779
0.023437500000,1.218750000000,0.000000012684
0.023437500000,1.242187500000,0.000000011551
0.023437500000,1.265625000000,0.000000010382
0.023437500000,1.289062500000,0.000000009182
0.023437500000,1.312500000000,0.000000007951
0.023437500000,1.335937500000,0.000000006694
0.023437500000,1.359375000000,0.000000005413
0.023437500000,1.382812500000,0.000000004110
0.023437500000,1.406250000000,0.000000002790
0.023437500000,1.429687500000,0.000000001455
0.023437500000,1.453125000000,0.000000000108
0.023437500000,1.476562500000,-0.000000001247
0.023437500000,1.500000000000,-0.000000002607
0.023437500000,1.523437500000,-0.000000003969
0.023437500000,1.546875000000,-0.000000005329
0.023437500000,1.570312500000,-0.000000006684
0.023437500000,1.593750000000,-0.000000008031
0.023437500000,1.617187500000,-0.000000009367
0.023437500000,1.640625000000,-0.000000010687
0.023437500000,1.664062500000,-0.000000011989
0.023437500000,1.687500000000,-0.000000013270
0.023437500000,1.710937500000,-0.000000014525
0.023437500000,1.734375000000,-0.000000015753
0.023437500000,1.757812500000,-0.000000016949
0.023437500000,1.781250000000,-0.000000018110
0.023437500000,1.804687500000,-0.000000019235
0.023437500000,1.828125000000,-0.000000020318
0.023437500000,1.851562500000,-0.000000021359
0.023437500000,1.875000000000,-0.000000022353
0.023437500000,1.898437500000,-0.000000023299
0.023437500000,1.921875000000,-0.000000024193
0.023437500000,1.945312500000,-0.000000025034
0.023437500000,1.968750000000,-0.000000025818
0.023437500000,1.992187500000,-0.000000026545
0.023437500000,2.015625000000,-0.000000027211
0.023437500000,2.039062500000,-0.000000027816
0.023437500000,2.062500000000,-0.000000028356
0.023437500000,2.085937500000,-0.000000028831
0.023437500000,2.109375000000,-0.000000029240
0.023437500000,2.132812500000,-0.000000029580
0.023437500000,2.156250000000,-0.000000029852
0.023437500000,2.179687500000,-0.000000030053
0.023437500000,2.203125000000,-0.000000030185
0.023437500000,2.226562500000,-0.000000030245
0.023437500000,2.250000000000,-0.000000030233
0.023437500000,2.273437500000,-0.000000030151
0.023437500000,2.296875000000,-0.000000029996
0.023437500000,2.320312500000,-0.000000029771
0.023437500000,2.343750000000,-0.000000029475
0.023437500000,2.367187500000,-0.000000029108
0.023437500000,2.390625000000,-0.000000028673
0.023437500000,2.414062500000,-0.000000028169
0.023437500000,2.437500000000,-0.000000027597
0.023437500000,2.460937500000,-0.000000026961
0.023437500000,2.484375000000,-0.000000026259
0.023437500000,2.507812500000,-0.000000025495
0.023437500000,2.531250000000,-0.000000024671
0.023437500000,2.554687500000,-0.000000023788
0.023437500000,2.578125000000,-0.000000022848
0.023437500000,2.601562500000,-0.000000021854
0.023437500000,2.625000000000,-0.000000020808
0.023437500000,2.648437500000,-0.000000019714
0.023437500000,2.671875000000,-0.000000018573
0.023437500000,2.695312500000,-0.000000017389
0.023437500000,2.718750000000,-0.000000016164
0.023437500000,2.742187500000,-0.000000014902
0.023437500000,2.765625000000,-0.000000013606
0.023437500000,2.789062500000,-0.000000012278
0.023437500000,2.812500000000,-0.000000010924
0.023437500000,2.835937500000,-0.000000009545
0.023437500000,2.859375000000,-0.000000008146
0.023437500000,2.882812500000,-0.000000006730
0.023437500000,2.906250000000,-0.000000005300
0.023437500000,2.929687500000,-0.000000003860
0.023437500000,2.953125000000,-0.000000002414
0.023437500000,2.976562500000,-0.000000000965
0.023437500000,3.000000000000,0.000000000000
0.046875000000,0.000000000000,0.000000000000
0.046875000000,0.023437500000,0.000000002885
0.046875000000,0.046875000000,0.000000004933
0.046875000000,0.070312500000,0.000000006965
0.046875000000,0.093750000000,0.000000008977
0.046875000000,0.117187500000,0.000000010965
0.046875000000,0.140625000000,0.000000012923
0.046875000000,0.164062500000,0.000000014848
0.046875000000,0.187500000000,0.000000016736
0.046875000000,0.210937500000,0.000000018581
0.046875000000,0.234375000000,0.000000020381
0.046875000000,0.257812500000,0.000000022130
0.046875000000,0.281250000000,0.000000023826
0.046875000000,0.304687500000,0.000000025463
0.046875000000,0.328125000000,0.000000027039
0.046875000000,0.351562500000,0.000000028549
0.046875000000,0.375000000000,0.000000029991
0.046875000000,0.398437500000,0.000000031361
0.046875000000,0.421875000000,0.000000032655
0.046875000000,0.445312500000,0.000000033871
0.046875000000,0.468750000000,0.000000035005
0.046875000000,0.492187500000,0.000000036056
0.046875000000,0.515625000000,0.000000037019
0.046875000000,0.539062500000,0.000000037893
0.046875000000,0.562500000000,0.000000038676
0.046875000000,0.585937500000,0.000000039366
0.046875000000,0.609375000000,0.000000039960
0.046875000000,0.632812500000,0.000000040457
0.046875000000,0.656250000000,0.000000040856
0.046875000000,0.679687500000,0.000000041155
0.046875000000,0.703125000000,0.000000041353
0.046875000000,0.726562500000,0.000000041449
0.046875000000,0.750000000000,0.000000041443
0.046875000000,0.773437500000,0.000000041335
0.046875000000,0.796875000000,0.000000041124
0.046875000000,0.820312500000,0.000000040810
0.046875000000,0.843750000000,0.000000040393
0.046875000000,0.867187500000,0.000000039875
0.046875000000,0.890625000000,0.000000039255
0.046875000000,0.914062500000,0.000000038536
0.046875000000,0.937500000000,0.000000037717
0.046875000000,0.960937500000,0.000000036801
0.046875000000,0.984375000000,0.000000035789
0.046875000000,1.007812500000,0.000000034684
0.046875000000,1.031250000000,0.000000033487
0.046875000000,1.054687500000,0.000000032200
0.046875000000,1.078125000000,0.000000030827
0.046875000000,1.101562500000,0.000000029370
0.046875000000,1.125000000000,0.000000027833
0.046875000000,1.148437500000,0.000000026218
0.046875000000,1.171875000000,0.000000024529
0.046875000000,1.195312500000,0.000000022770
0.046875000000,1.218750000000,0.000000020944
0.046875000000,1.242187500000,0.000000019056
0.046875000000,1.265625000000,0.000000017110
0.046875000000,1.289062500000,0.000000015110
0.046875000000,1.312500000000,0.000000013061
0.046875000000,1.335937500000,0.000000010968
0.046875000000,1.359375000000,0.000000008836
0.046875000000,1.382812500000,0.000000006668
0.046875000000,1.406250000000,0.000000004471
0.046875000000,1.429687500000,0.000000002251
0.046875000000,1.453125000000,0.000000000011
0.046875000000,1.476562500000,-0.000000002243
0.046875000000,1.500000000000,-0.000000004504
0.046875000000,1.523437500000,-0.000000006768
0.046875000000,1.546875000000,-0.000000009029
0.046875000000,1.570312500000,-0.000000011281
0.046875000000,1.593750000000,-0.000000013519
0.046875000000,1.617187500000,-0.000000015737
0.046875000000,1.640625000000,-0.000000017930
0.046875000000,1.664062500000,-0.000000020093
0.046875000000,1.687500000000,-0.000000022219
0.046875000000,1.710937500000,-0.000000024302
0.046875000000,1.734375000000,-0.000000026339
0.046875000000,1.757812500000,-0.000000028323
0.046875000000,1.781250000000,-0.000000030250
0.046875000000,1.804687500000,-0.000000032114
0.046875000000,1.828125000000,-0.000000033911
0.046875000000,1.851562500000,-0.000000035635
0.046875000000,1.875000000000,-0.000000037282
0.046875000000,1.898437500000,-0.000000038848
0.046875000000,1.921875000000,-0.000000040328
0.046875000000,1.945312500000,-0.000000041719
0.046875000000,1.968750000000,-0.000000043017
0.046875000000,1.992187500000,-0.000000044217
0.046875000000,2.015625000000,-0.000000045318
0.046875000000,2.039062500000,-0.000000046315
0.046875000000,2.062500000000,-0.000000047206
0.046875000000,2.085937500000,-0.000000047988
0.046875000000,2.109375000000,-0.000000048659
0.046875000000,2.132812500000,-0.000000049217
0.046875000000,2.156250000000,-0.000000049660
0.046875000000,2.179687500000,-0.000000049987
0.046875000000,2.203125000000,-0.000000050196
0.046875000000,2.226562500000,-0.000000050288
0.046875000000,2.250000000000,-0.000000050261
0.046875000000,2.273437500000,-0.000000050115
0.046875000000,2.296875000000,-0.000000049850
0.046875000000,2.320312500000,-0.000000049467
0.046875000000,2.343750000000,-0.000000048966
0.046875000000,2.367187500000,-0.000000048349
0.046875000000,2.390625000000,-0.000000047617
0.046875000000,2.414062500000,-0.000000046771
0.046875000000,2.437500000000,-0.000000045814
0.046875000000,2.460937500000,-0.000000044747
0.046875000000,2.484375000000,-0.000000043574
0.046875000000,2.507812500000,-0.000000042297
0.046875000000,2.531250000000,-0.000000040919
0.046875000000,2.554687500000,-0.000000039444
0.046875000000,2.578125000000,-0.000000037876
0.046875000000,2.601562500000,-0.000000036217
0.046875000000,2.625000000000,-0.000000034473
0.046875000000,2.648437500000,-0.000000032648
0.046875000000,2.671875000000,-0.000000030747
0.046875000000,2.695312500000,-0.000000028773
0.046875000000,2.718750000000,-0.000000026733
0.046875000000,2.742187500000,-0.000000024631
0.046875000000,2.765625000000,-0.000000022472
0.046875000000,2.789062500000,-0.000000020263
0.046875000000,2.812500000000,-0.000000018008
0.046875000000,2.835937500000,-0.000000015713
0.046875000000,2.859375000000,-0.000000013385
0.046875000000,2.882812500000,-0.000000011029
0.046875000000,2.906250000000,-0.000000008651
0.046875000000,2.929687500000,-0.000000006256
0.046875000000,2.953125000000,-0.000000003852
0.046875000000,2.976562500000,-0.000000001443
0.046875000000,3.000000000000,0.000000000000
0.070312500000,0.000000000000,0.000000000000
0.070312500000,0.023437500000,0.000000004108
0.070312500000,0.046875000000,0.000000006965
0.070312500000,0.070312500000,0.000000009800
0.070312500000,0.093750000000,0.000000012607
0.070312500000,0.117187500000,0.000000015378
0.070312500000,0.140625000000,0.000000018110
0.070312500000,0.164062500000,0.000000020795
0.070312500000,0.187500000000,0.000000023427
0.070312500000,0.210937500000,0.000000026000
0.070312500000,0.234375000000,0.000000028509
0.070312500000,0.257812500000,0.000000030948
0.070312500000,0.281250000000,0.000000033311
0.070312500000,0.304687500000,0.000000035593
0.070312500000,0.328125000000,0.000000037789
0.070312500000,0.351562500000,0.000000039894
0.070312500000,0.375000000000,0.000000041902
0.070312500000,0.398437500000,0.000000043810
0.070312500000,0.421875000000,0.000000045612
0.070312500000,0.445312500000,0.000000047305
0.070312500000,0.468750000000,0.000000048884
0.070312500000,0.492187500000,0.000000050345
0.070312500000,0.515625000000,0.000000051686
0.070312500000,0.539062500000,0.000000052902
0.070312500000,0.562500000000,0.000000053989
0.070312500000,0.585937500000,0.000000054947
0.070312500000,0.609375000000,0.000000055771
0.070312500000,0.632812500000,0.000000056460
0.070312500000,0.656250000000,0.000000057012
0.070312500000,0.679687500000,0.000000057424
0.070312500000,0.703125000000,0.000000057695
0.070312500000,0.726562500000,0.000000057825
0.070312500000,0.750000000000,0.000000057812
0.070312500000,0.773437500000,0.000000057655
0.070312500000,0.796875000000,0.000000057356
0.070312500000,0.820312500000,0.000000056912
0.070312500000,0.843750000000,0.000000056326
0.070312500000,0.867187500000,0.000000055598
0.070312500000,0.890625000000,0.000000054728
0.070312500000,0.914062500000,0.000000053719
0.070312500000,0.937500000000,0.000000052572
0.070312500000,0.960937500000,0.000000051289
0.070312500000,0.984375000000,0.000000049873
0.070312500000,1.007812500000,0.000000048325
0.070312500000,1.031250000000,0.000000046650
0.070312500000,1.054687500000,0.000000044851
0.070312500000,1.078125000000,0.000000042931
0.070312500000,1.101562500000,0.000000040894
0.070312500000,1.125000000000,0.000000038744
0.070312500000,1.148437500000,0.000000036487
0.070312500000,1.171875000000,0.000000034127
0.070312500000,1.195312500000,0.000000031669
0.070312500000,1.218750000000,0.000000029118
0.070312500000,1.242187500000,0.000000026481
0.070312500000,1.265625000000,0.000000023763
0.070312500000,1.289062500000,0.000000020970
0.070312500000,1.312500000000,0.000000018109
0.070312500000,1.335937500000,0.000000015186
0.070312500000,1.359375000000,0.000000012208
0.070312500000,1.382812500000,0.000000009183
0.070312500000,1.406250000000,0.000000006116
0.070312500000,1.429687500000,0.000000003016
0.070312500000,1.453125000000,-0.000000000110
0.070312500000,1.476562500000,-0.000000003255
0.070312500000,1.500000000000,-0.000000006410
0.070312500000,1.523437500000,-0.000000009569
0.070312500000,1.546875000000,-0.000000012723
0.070312500000,1.570312500000,-0.000000015866
0.070312500000,1.593750000000,-0.000000018987
0.070312500000,1.617187500000,-0.000000022082
0.070312500000,1.640625000000,-0.000000025140
0.070312500000,1.664062500000,-0.000000028155
0.070312500000,1.687500000000,-0.000000031119
0.070312500000,1.710937500000,-0.000000034025
0.070312500000,1.734375000000,-0.000000036864
0.070312500000,1.757812500000,-0.000000039630
0.070312500000,1.781250000000,-0.000000042315
0.070312500000,1.804687500000,-0.000000044912
0.070312500000,1.828125000000,-0.000000047416
0.070312500000,1.851562500000,-0.000000049817
0.070312500000,1.875000000000,-0.000000052112
0.070312500000,1.898437500000,-0.000000054293
0.070312500000,1.921875000000,-0.000000056354
0.070312500000,1.945312500000,-0.000000058290
0.070312500000,1.968750000000,-0.000000060096
0.070312500000,1.992187500000,-0.000000061767
0.070312500000,2.015625000000,-0.000000063297
0.070312500000,2.039062500000,-0.000000064683
0.070312500000,2.062500000000,-0.000000065921
0.070312500000,2.085937500000,-0.000000067007
0.070312500000,2.109375000000,-0.000000067937
0.070312500000,2.132812500000,-0.000000068710
0.070312500000,2.156250000000,-0.000000069323
0.070312500000,2.179687500000,-0.000000069774
0.070312500000,2.203125000000,-0.000000070061
0.070312500000,2.226562500000,-0.000000070183
0.070312500000,2.250000000000,-0.000000070139
0.070312500000,2.273437500000,-0.000000069929
0.070312500000,2.296875000000,-0.000000069555
0.070312500000,2.320312500000,-0.000000069014
0.070312500000,2.343750000000,-0.000000068310
0.070312500000,2.367187500000,-0.000000067444
0.070312500000,2.390625000000,-0.000000066417
0.070312500000,2.414062500000,-0.000000065231
0.070312500000,2.437500000000,-0.000000063890
0.070312500000,2.460937500000,-0.000000062398
0.070312500000,2.484375000000,-0.000000060756
0.070312500000,2.507812500000,-0.000000058969
0.070312500000,2.531250000000,-0.000000057043
0.070312500000,2.554687500000,-0.000000054980
0.070312500000,2.578125000000,-0.000000052787
0.070312500000,2.601562500000,-0.000000050470
0.070312500000,2.625000000000,-0.000000048033
0.070312500000,2.648437500000,-0.000000045483
0.070312500000,2.671875000000,-0.000000042826
0.070312500000,2.695312500000,-0.000000040069
0.070312500000,2.718750000000,-0.000000037219
0.070312500000,2.742187500000,-0.000000034283
0.070312500000,2.765625000000,-0.000000031269
0.070312500000,2.789062500000,-0.000000028184
0.070312500000,2.812500000000,-0.000000025036
0.070312500000,2.835937500000,-0.000000021833
0.070312500000,2.859375000000,-0.000000018583
0.070312500000,2.882812500000,-0.000000015294
0.070312500000,2.906250000000,-0.000000011975
0.070312500000,2.929687500000,-0.000000008633
0.070312500000,2.953125000000,-0.000000005278
0.070312500000,2.976562500000,-0.000000001917
0.070312500000,3.000000000000,0.000000000000
0.093750000000,0.000000000000,0.000000000000
0.093750000000,0.023437500000,0.000000005320
0.093750000000,0.046875000000,0.000000008977
0.093750000000,0.070312500000,0.000000012607
0.093750000000,0.093750000000,0.000000016200
0.093750000000,0.117187500000,0.000000019748
0.093750000000,0.140625000000,0.000000023245
0.093750000000,0.164062500000,0.000000026681
0.093750000000,0.187500000000,0.000000030050
0.093750000000,0.210937500000,0.000000033343
0.093750000000,0.234375000000,0.000000036555
0.093750000000,0.257812500000,0.000000039675
0.093750000000,0.281250000000,0.000000042699
0.093750000000,0.304687500000,0.000000045619
0.093750000000,0.328125000000,0.000000048429
0.093750000000,0.351562500000,0.000000051121
0.093750000000,0.375000000000,0.000000053691
0.093750000000,0.398437500000,0.000000056131
0.093750000000,0.421875000000,0.000000058436
0.093750000000,0.445312500000,0.000000060600
0.093750000000,0.468750000000,0.000000062619
0.093750000000,0.492187500000,0.000000064487
0.093750000000,0.515625000000,0.000000066200
0.093750000000,0.539062500000,0.000000067753
0.093750000000,0.562500000000,0.000000069142
0.093750000000,0.585937500000,0.000000070364
0.093750000000,0.609375000000,0.000000071416
0.093750000000,0.632812500000,0.000000072294
0.093750000000,0.656250000000,0.000000072996
0.093750000000,0.679687500000,0.000000073520
0.093750000000,0.703125000000,0.000000073863
0.093750000000,0.726562500000,0.000000074024
0.093750000000,0.750000000000,0.000000074003
0.093750000000,0.773437500000,0.000000073798
0.093750000000,0.796875000000,0.000000073410
0.093750000000,0.820312500000,0.000000072838
0.093750000000,0.843750000000,0.000000072083
0.093750000000,0.867187500000,0.000000071146
0.093750000000,0.890625000000,0.000000070028
0.093750000000,0.914062500000,0.000000068732
0.093750000000,0.937500000000,0.000000067259
0.093750000000,0.960937500000,0.000000065611
0.093750000000,0.984375000000,0.000000063793
0.093750000000,1.007812500000,0.000000061808
0.093750000000,1.031250000000,0.000000059659
0.093750000000,1.054687500000,0.000000057351
0.093750000000,1.078125000000,0.000000054889
0.093750000000,1.101562500000,0.000000052276
0.093750000000,1.125000000000,0.000000049521
0.093750000000,1.148437500000,0.000000046627
0.093750000000,1.171875000000,0.000000043602
0.093750000000,1.195312500000,0.000000040451
0.093750000000,1.218750000000,0.000000037182
0.093750000000,1.242187500000,0.000000033803
0.093750000000,1.265625000000,0.000000030320
0.093750000000,1.289062500000,0.000000026742
0.093750000000,1.312500000000,0.000000023076
0.093750000000,1.335937500000,0.000000019331
0.093750000000,1.359375000000,0.000000015517
0.093750000000,1.382812500000,0.000000011642
0.093750000000,1.406250000000,0.000000007714
0.093750000000,1.429687500000,0.000000003743
0.093750000000,1.453125000000,-0.000000000260
0.093750000000,1.476562500000,-0.000000004287
0.093750000000,1.500000000000,-0.000000008327
0.093750000000,1.523437500000,-0.000000012372
0.093750000000,1.546875000000,-0.000000016411
0.093750000000,1.570312500000,-0.000000020433
0.093750000000,1.593750000000,-0.000000024430
0.093750000000,1.617187500000,-0.000000028390
0.093750000000,1.640625000000,-0.000000032306
0.093750000000,1.664062500000,-0.000000036165
0.093750000000,1.687500000000,-0.000000039958
0.093750000000,1.710937500000,-0.000000043676
0.093750000000,1.734375000000,-0.000000047310
0.093750000000,1.757812500000,-0.000000050849
0.093750000000,1.781250000000,-0.000000054284
0.093750000000,1.804687500000,-0.000000057607
0.093750000000,1.828125000000,-0.000000060809
0.093750000000,1.851562500000,-0.000000063881
0.093750000000,1.875000000000,-0.000000066816
0.093750000000,1.898437500000,-0.000000069605
0.093750000000,1.921875000000,-0.000000072240
0.093750000000,1.945312500000,-0.000000074716
0.093750000000,1.968750000000,-0.000000077024
0.093750000000,1.992187500000,-0.000000079158
0.093750000000,2.015625000000,-0.000000081113
0.093750000000,2.039062500000,-0.000000082884
0.093750000000,2.062500000000,-0.000000084464
0.093750000000,2.085937500000,-0.000000085850
0.093750000000,2.109375000000,-0.000000087037
0.093750000000,2.132812500000,-0.000000088022
0.093750000000,2.156250000000,-0.000000088802
0.093750000000,2.179687500000,-0.000000089374
0.093750000000,2.203125000000,-0.000000089736
0.093750000000,2.226562500000,-0.000000089888
0.093750000000,2.250000000000,-0.000000089827
0.093750000000,2.273437500000,-0.000000089554
0.093750000000,2.296875000000,-0.000000089069
0.093750000000,2.320312500000,-0.000000088373
0.093750000000,2.343750000000,-0.000000087467
0.093750000000,2.367187500000,-0.000000086353
0.093750000000,2.390625000000,-0.000000085033
0.093750000000,2.414062500000,-0.000000083512
0.093750000000,2.437500000000,-0.000000081790
0.093750000000,2.460937500000,-0.000000079875
0.093750000000,2.484375000000,-0.000000077768
0.093750000000,2.507812500000,-0.000000075477
0.093750000000,2.531250000000,-0.000000073006
0.093750000000,2.554687500000,-0.000000070362
0.093750000000,2.578125000000,-0.000000067551
0.093750000000,2.601562500000,-0.000000064580
0.093750000000,2.625000000000,-0.000000061456
0.093750000000,2.648437500000,-0.000000058188
0.093750000000,2.671875000000,-0.000000054784
0.093750000000,2.695312500000,-0.000000051252
0.093750000000,2.718750000000,-0.000000047600
0.093750000000,2.742187500000,-0.000000043839
0.093750000000,2.765625000000,-0.000000039977
0.093750000000,2.789062500000,-0.000000036026
0.093750000000,2.812500000000,-0.000000031993
0.093750000000,2.835937500000,-0.000000027891
0.093750000000,2.859375000000,-0.000000023728
0.093750000000,2.882812500000,-0.000000019516
0.093750000000,2.906250000000,-0.000000015265
0.093750000000,2.929687500000,-0.000000010986
0.093750000000,2.953125000000,-0.000000006689
0.093750000000,2.976562500000,-0.000000002386
0.093750000000,3.000000000000,0.000000000000
0.117187500000,0.000000000000,0.000000000000
0.117187500000,0.023437500000,0.000000006516
0.117187500000,0.046875000000,0.000000010965
0.117187500000,0.070312500000,0.000000015379
0.117187500000,0.093750000000,0.000000019748
0.117187500000,0.117187500000,0.000000024064
0.117187500000,0.140625000000,0.000000028316
0.117187500000,0.164062500000,0.000000032495
0.117187500000,0.187500000000,0.000000036591
0.117187500000,0.210937500000,0.000000040596
0.117187500000,0.234375000000,0.000000044499
0.117187500000,0.257812500000,0.000000048294
0.117187500000,0.281250000000,0.000000051970
0.117187500000,0.304687500000,0.000000055520
0.117187500000,0.328125000000,0.000000058935
0.117187500000,0.351562500000,0.000000062208
0.117187500000,0.375000000000,0.000000065330
0.117187500000,0.398437500000,0.000000068295
0.117187500000,0.421875000000,0.000000071097
0.117187500000,0.445312500000,0.000000073726
0.117187500000,0.468750000000,0.000000076178
0.117187500000,0.492187500000,0.000000078448
0.117187500000,0.515625000000,0.000000080527
0.117187500000,0.539062500000,0.000000082412
0.117187500000,0.562500000000,0.000000084099
0.117187500000,0.585937500000,0.000000085582
0.117187500000,0.609375000000,0.000000086857
0.117187500000,0.632812500000,0.000000087921
0.117187500000,0.656250000000,0.000000088771
0.117187500000,0.679687500000,0.000000089404
0.117187500000,0.703125000000,0.000000089817
0.117187500000,0.726562500000,0.000000090009
0.117187500000,0.750000000000,0.000000089979
0.117187500000,0.773437500000,0.000000089726
0.117187500000,0.796875000000,0.000000089249
0.117187500000,0.820312500000,0.000000088548
0.117187500000,0.843750000000,0.000000087626
0.117187500000,0.867187500000,0.000000086482
0.117187500000,0.890625000000,0.000000085118
0.117187500000,0.914062500000,0.000000083536
0.117187500000,0.937500000000,0.000000081740
0.117187500000,0.960937500000,0.000000079732
0.117187500000,0.984375000000,0.000000077517
0.117187500000,1.007812500000,0.000000075098
0.117187500000,1.031250000000,0.000000072480
0.117187500000,1.054687500000,0.000000069669
0.117187500000,1.078125000000,0.000000066670
0.117187500000,1.101562500000,0.000000063489
0.117187500000,1.125000000000,0.000000060134
0.117187500000,1.148437500000,0.000000056611
0.117187500000,1.171875000000,0.000000052928
0.117187500000,1.195312500000,0.000000049092
0.117187500000,1.218750000000,0.000000045114
0.117187500000,1.242187500000,0.000000041000
0.117187500000,1.265625000000,0.000000036762
0.117187500000,1.289062500000,0.000000032407
0.117187500000,1.312500000000,0.000000027947
0.117187500000,1.335937500000,0.000000023390
0.117187500000,1.359375000000,0.000000018749
0.117187500000,1.382812500000,0.000000014034
0.117187500000,1.406250000000,0.000000009256
0.117187500000,1.429687500000,0.000000004426
0.117187500000,1.453125000000,-0.000000000444
0.117187500000,1.476562500000,-0.000000005342
0.117187500000,1.500000000000,-0.000000010258
0.117187500000,1.523437500000,-0.000000015177
0.117187500000,1.546875000000,-0.000000020089
0.117187500000,1.570312500000,-0.000000024980
0.117187500000,1.593750000000,-0.000000029841
0.117187500000,1.617187500000,-0.000000034657
0.117187500000,1.640625000000,-0.000000039417
0.117187500000,1.664062500000,-0.000000044109
0.117187500000,1.687500000000,-0.000000048721
0.117187500000,1.710937500000,-0.000000053242
0.117187500000,1.734375000000,-0.000000057658
0.117187500000,1.757812500000,-0.000000061960
0.117187500000,1.781250000000,-0.000000066136
0.117187500000,1.804687500000,-0.000000070175
0.117187500000,1.828125000000,-0.000000074067
0.117187500000,1.851562500000,-0.000000077800
0.117187500000,1.875000000000,-0.000000081366
0.117187500000,1.898437500000,-0.000000084754
0.117187500000,1.921875000000,-0.000000087956
0.117187500000,1.945312500000,-0.000000090963
0.117187500000,1.968750000000,-0.000000093766
0.117187500000,1.992187500000,-0.000000096358
0.117187500000,2.015625000000,-0.000000098732
0.117187500000,2.039062500000,-0.000000100881
0.117187500000,2.062500000000,-0.000000102798
0.117187500000,2.085937500000,-0.000000104479
0.117187500000,2.109375000000,-0.000000105919
0.117187500000,2.132812500000,-0.000000107112
0.117187500000,2.156250000000,-0.000000108056
0.117187500000,2.179687500000,-0.000000108747
0.117187500000,2.203125000000,-0.000000109183
0.117187500000,2.226562500000,-0.000000109363
0.117187500000,2.250000000000,-0.000000109284
0.117187500000,2.273437500000,-0.000000108948
0.117187500000,2.296875000000,-0.000000108354
0.117187500000,2.320312500000,-0.000000107502
0.117187500000,2.343750000000,-0.000000106396
0.117187500000,2.367187500000,-0.000000105037
0.117187500000,2.390625000000,-0.000000103428
0.117187500000,2.414062500000,-0.000000101572
0.117187500000,2.437500000000,-0.000000099475
0.117187500000,2.460937500000,-0.000000097141
0.117187500000,2.484375000000,-0.000000094575
0.117187500000,2.507812500000,-0.000000091785
0.117187500000,2.531250000000,-0.000000088776
0.117187500000,2.554687500000,-0.000000085557
0.117187500000,2.578125000000,-0.000000082135
0.117187500000,2.601562500000,-0.000000078518
0.117187500000,2.625000000000,-0.000000074716
0.117187500000,2.648437500000,-0.000000070738
0.117187500000,2.671875000000,-0.000000066595
0.117187500000,2.695312500000,-0.000000062297
0.117187500000,2.718750000000,-0.000000057853
0.117187500000,2.742187500000,-0.000000053277
0.117187500000,2.765625000000,-0.000000048578
0.117187500000,2.789062500000,-0.000000043770
0.117187500000,2.812500000000,-0.000000038864
0.117187500000,2.835937500000,-0.000000033873
0.117187500000,2.859375000000,-0.000000028809
0.117187500000,2.882812500000,-0.000000023685
0.117187500000,2.906250000000,-0.000000018514
0.117187500000,2.929687500000,-0.000000013309
0.117187500000,2.953125000000,-0.000000008083
0.117187500000,2.976562500000,-0.000000002848
0.117187500000,3.000000000000,0.000000000000
0.140625000000,0.000000000000,0.000000000000
0.140625000000,0.023437500000,0.000000007696
0.140625000000,0.046875000000,0.000000012923
0.140625000000,0.070312500000,0.000000018110
0.140625000000,0.093750000000,0.000000023245
0.140625000000,0.117187500000,0.000000028316
0.140625000000,0.140625000000,0.000000033312
0.140625000000,0.164062500000,0.000000038222
0.140625000000,0.187500000000,0.000000043035
0.140625000000,0.210937500000,0.000000047740
0.140625000000,0.234375000000,0.000000052326
0.140625000000,0.257812500000,0.000000056784
0.140625000000,0.281250000000,0.000000061103
0.140625000000,0.304687500000,0.000000065272
0.140625000000,0.328125000000,0.000000069284
0.140625000000,0.351562500000,0.000000073128
0.140625000000,0.375000000000,0.000000076795
0.140625000000,0.398437500000,0.000000080277
0.140625000000,0.421875000000,0.000000083566
0.140625000000,0.445312500000,0.000000086653
0.140625000000,0.468750000000,0.000000089532
0.140625000000,0.492187500000,0.000000092195
0.140625000000,0.515625000000,0.000000094635
0.140625000000,0.539062500000,0.000000096848
0.140625000000,0.562500000000,0.000000098826
0.140625000000,0.585937500000,0.000000100565
0.140625000000,0.609375000000,0.000000102060
0.140625000000,0.632812500000,0.000000103306
0.140625000000,0.656250000000,0.000000104300
0.140625000000,0.679687500000,0.000000105039
0.140625000000,0.703125000000,0.000000105520
0.140625000000,0.726562500000,0.000000105741
0.140625000000,0.750000000000,0.000000105701
0.140625000000,0.773437500000,0.000000105399
0.140625000000,0.796875000000,0.000000104834
0.140625000000,0.820312500000,0.000000104007
0.140625000000,0.843750000000,0.000000102917
0.140625000000,0.867187500000,0.000000101568
0.140625000000,0.890625000000,0.000000099960
0.140625000000,0.914062500000,0.000000098097
0.140625000000,0.937500000000,0.000000095981
0.140625000000,0.960937500000,0.000000093617
0.140625000000,0.984375000000,0.000000091009
0.140625000000,1.007812500000,0.000000088161
0.140625000000,1.031250000000,0.000000085080
0.140625000000,1.054687500000,0.000000081772
0.140625000000,1.078125000000,0.000000078244
0.140625000000,1.101562500000,0.000000074502
0.140625000000,1.125000000000,0.000000070554
0.140625000000,1.148437500000,0.000000066411
0.140625000000,1.171875000000,0.000000062078
0.140625000000,1.195312500000,0.000000057568
0.140625000000,1.218750000000,0.000000052889
0.140625000000,1.242187500000,0.000000048052
0.140625000000,1.265625000000,0.000000043068
0.140625000000,1.289062500000,0.000000037948
0.140625000000,1.312500000000,0.000000032704
0.140625000000,1.335937500000,0.000000027347
0.140625000000,1.359375000000,0.000000021892
0.140625000000,1.382812500000,0.000000016349
0.140625000000,1.406250000000,0.000000010732
0.140625000000,1.429687500000,0.000000005055
0.140625000000,1.453125000000,-0.000000000669
0.140625000000,1.476562500000,-0.000000006426
0.140625000000,1.500000000000,-0.000000012202
0.140625000000,1.523437500000,-0.000000017983
0.140625000000,1.546875000000,-0.000000023755
0.140625000000,1.570312500000,-0.000000029503
0.140625000000,1.593750000000,-0.000000035214
0.140625000000,1.617187500000,-0.000000040873
0.140625000000,1.640625000000,-0.000000046465
0.140625000000,1.664062500000,-0.000000051978
0.140625000000,1.687500000000,-0.000000057395
0.140625000000,1.710937500000,-0.000000062705
0.140625000000,1.734375000000,-0.000000067893
0.140625000000,1.757812500000,-0.000000072946
0.140625000000,1.781250000000,-0.000000077851
0.140625000000,1.804687500000,-0.000000082594
0.140625000000,1.828125000000,-0.000000087164
0.140625000000,1.851562500000,-0.000000091548
0.140625000000,1.875000000000,-0.000000095735
0.140625000000,1.898437500000,-0.000000099713
0.140625000000,1.921875000000,-0.000000103471
0.140625000000,1.945312500000,-0.000000107000
0.140625000000,1.968750000000,-0.000000110290
0.140625000000,1.992187500000,-0.000000113332
0.140625000000,2.015625000000,-0.000000116117
0.140625000000,2.039062500000,-0.000000118638
0.140625000000,2.062500000000,-0.000000120886
0.140625000000,2.085937500000,-0.000000122857
0.140625000000,2.109375000000,-0.000000124544
0.140625000000,2.132812500000,-0.000000125941
0.140625000000,2.156250000000,-0.000000127045
0.140625000000,2.179687500000,-0.000000127853
0.140625000000,2.203125000000,-0.000000128361
0.140625000000,2.226562500000,-0.000000128567
0.140625000000,2.250000000000,-0.000000128470
0.140625000000,2.273437500000,-0.000000128070
0.140625000000,2.296875000000,-0.000000127366
0.140625000000,2.320312500000,-0.000000126361
0.140625000000,2.343750000000,-0.000000125057
0.140625000000,2.367187500000,-0.000000123455
0.140625000000,2.390625000000,-0.000000121559
0.140625000000,2.414062500000,-0.000000119375
0.140625000000,2.437500000000,-0.000000116907
0.140625000000,2.460937500000,-0.000000114159
0.140625000000,2.484375000000,-0.000000111141
0.140625000000,2.507812500000,-0.000000107858
0.140625000000,2.531250000000,-0.000000104318
0.140625000000,2.554687500000,-0.000000100532
0.140625000000,2.578125000000,-0.000000096507
0.140625000000,2.601562500000,-0.000000092254
0.140625000000,2.625000000000,-0.000000087783
0.140625000000,2.648437500000,-0.000000083106
0.140625000000,2.671875000000,-0.000000078235
0.140625000000,2.695312500000,-0.000000073180
0.140625000000,2.718750000000,-0.000000067957
0.140625000000,2.742187500000,-0.000000062576
0.140625000000,2.765625000000,-0.000000057053
0.140625000000,2.789062500000,-0.000000051401
0.140625000000,2.812500000000,-0.000000045634
0.140625000000,2.835937500000,-0.000000039767
0.140625000000,2.859375000000,-0.000000033815
0.140625000000,2.882812500000,-0.000000027792
0.140625000000,2.906250000000,-0.000000021715
0.140625000000,2.929687500000,-0.000000015597
0.140625000000,2.953125000000,-0.000000009455
0.140625000000,2.976562500000,-0.000000003303
0.140625000000,3.000000000000,0.000000000000
0.164062500000,0.000000000000,0.000000000000
0.164062500000,0.023437500000,0.000000008855
0.164062500000,0.046875000000,0.000000014848
0.164062500000,0.070312500000,0.000000020795
0.164062500000,0.093750000000,0.000000026681
0.164062500000,0.117187500000,0.000000032495
0.164062500000,0.140625000000,0.000000038222
0.164062500000,0.164062500000,0.000000043850
0.164062500000,0.187500000000,0.000000049367
0.164062500000,0.210937500000,0.000000054760
0.164062500000,0.234375000000,0.000000060018
0.164062500000,0.257812500000,0.000000065127
0.164062500000,0.281250000000,0.000000070076
0.164062500000,0.304687500000,0.000000074855
0.164062500000,0.328125000000,0.000000079452
0.164062500000,0.351562500000,0.000000083856
0.164062500000,0.375000000000,0.000000088059
0.164062500000,0.398437500000,0.000000092047
0.164062500000,0.421875000000,0.000000095815
0.164062500000,0.445312500000,0.000000099352
0.164062500000,0.468750000000,0.000000102649
0.164062500000,0.492187500000,0.000000105699
0.164062500000,0.515625000000,0.000000108493
0.164062500000,0.539062500000,0.000000111026
0.164062500000,0.562500000000,0.000000113290
0.164062500000,0.585937500000,0.000000115278
0.164062500000,0.609375000000,0.000000116988
0.164062500000,0.632812500000,0.000000118412
0.164062500000,0.656250000000,0.000000119547
0.164062500000,0.679687500000,0.000000120389
0.164062500000,0.703125000000,0.000000120936
0.164062500000,0.726562500000,0.000000121184
0.164062500000,0.750000000000,0.000000121134
0.164062500000,0.773437500000,0.000000120782
0.164062500000,0.796875000000,0.000000120129
0.164062500000,0.820312500000,0.000000119174
0.164062500000,0.843750000000,0.000000117920
0.164062500000,0.867187500000,0.000000116367
0.164062500000,0.890625000000,0.000000114519
0.164062500000,0.914062500000,0.000000112377
0.164062500000,0.937500000000,0.000000109946
0.164062500000,0.960937500000,0.000000107230
0.164062500000,0.984375000000,0.000000104235
0.164062500000,1.007812500000,0.000000100965
0.164062500000,1.031250000000,0.000000097428
0.164062500000,1.054687500000,0.000000093630
0.164062500000,1.078125000000,0.000000089580
0.164062500000,1.101562500000,0.000000085285
0.164062500000,1.125000000000,0.000000080755
0.164062500000,1.148437500000,0.000000076000
0.164062500000,1.171875000000,0.000000071030
0.164062500000,1.195312500000,0.000000065854
0.164062500000,1.218750000000,0.000000060487
0.164062500000,1.242187500000,0.000000054938
0.164062500000,1.265625000000,0.000000049220
0.164062500000,1.289062500000,0.000000043347
0.164062500000,1.312500000000,0.000000037332
0.164062500000,1.335937500000,0.000000031189
0.164062500000,1.359375000000,0.000000024931
0.164062500000,1.382812500000,0.000000018575
0.164062500000,1.406250000000,0.000000012134
0.164062500000,1.429687500000,0.000000005624
0.164062500000,1.453125000000,-0.000000000939
0.164062500000,1.476562500000,-0.000000007540
0.164062500000,1.500000000000,-0.000000014162
0.164062500000,1.523437500000,-0.000000020790
0.164062500000,1.546875000000,-0.000000027407
0.164062500000,1.570312500000,-0.000000033996
0.164062500000,1.593750000000,-0.000000040543
0.164062500000,1.617187500000,-0.000000047029
0.164062500000,1.640625000000,-0.000000053439
0.164062500000,1.664062500000,-0.000000059758
0.164062500000,1.687500000000,-0.000000065967
0.164062500000,1.710937500000,-0.000000072052
0.164062500000,1.734375000000,-0.000000077997
0.164062500000,1.757812500000,-0.000000083787
0.164062500000,1.781250000000,-0.000000089407
0.164062500000,1.804687500000,-0.000000094841
0.164062500000,1.828125000000,-0.000000100077
0.164062500000,1.851562500000,-0.000000105099
0.164062500000,1.875000000000,-0.000000109895
0.164062500000,1.898437500000,-0.000000114451
0.164062500000,1.921875000000,-0.000000118756
0.164062500000,1.945312500000,-0.000000122797
0.164062500000,1.968750000000,-0.000000126564
0.164062500000,1.992187500000,-0.000000130047
0.164062500000,2.015625000000,-0.000000133234
0.164062500000,2.039062500000,-0.000000136119
0.164062500000,2.062500000000,-0.000000138692
0.164062500000,2.085937500000,-0.000000140946
0.164062500000,2.109375000000,-0.000000142874
0.164062500000,2.132812500000,-0.000000144471
0.164062500000,2.156250000000,-0.000000145732
0.164062500000,2.179687500000,-0.000000146652
0.164062500000,2.203125000000,-0.000000147229
0.164062500000,2.226562500000,-0.000000147460
0.164062500000,2.250000000000,-0.000000147344
0.164062500000,2.273437500000,-0.000000146880
0.164062500000,2.296875000000,-0.000000146068
0.164062500000,2.320312500000,-0.000000144912
0.164062500000,2.343750000000,-0.000000143410
0.164062500000,2.367187500000,-0.000000141569
0.164062500000,2.390625000000,-0.000000139392
0.164062500000,2.414062500000,-0.000000136883
0.164062500000,2.437500000000,-0.000000134047
0.164062500000,2.460937500000,-0.000000130894
0.164062500000,2.484375000000,-0.000000127429
0.164062500000,2.507812500000,-0.000000123661
0.164062500000,2.531250000000,-0.000000119600
0.164062500000,2.554687500000,-0.000000115255
0.164062500000,2.578125000000,-0.000000110637
0.164062500000,2.601562500000,-0.000000105758
0.164062500000,2.625000000000,-0.000000100628
0.164062500000,2.648437500000,-0.000000095264
0.164062500000,2.671875000000,-0.000000089676
0.164062500000,2.695312500000,-0.000000083879
0.164062500000,2.718750000000,-0.000000077888
0.164062500000,2.742187500000,-0.000000071717
0.164062500000,2.765625000000,-0.000000065383
0.164062500000,2.789062500000,-0.000000058902
0.164062500000,2.812500000000,-0.000000052288
0.164062500000,2.835937500000,-0.000000045561
0.164062500000,2.859375000000,-0.000000038735
0.164062500000,2.882812500000,-0.000000031829
0.164062500000,2.906250000000,-0.000000024860
0.164062500000,2.929687500000,-0.000000017846
0.164062500000,2.953125000000,-0.000000010803
0.164062500000,2.976562500000,-0.000000003750
0.164062500000,3.000000000000,0.000000000000
0.187500000000,0.000000000000,0.000000000000
0.187500000000,0.023437500000,0.000000009992
0.187500000000,0.046875000000,0.000000016736
0.187500000000,0.070312500000,0.000000023427
0.187500000000,0.093750000000,0.000000030050
0.187500000000,0.117187500000,0.000000036591
0.187500000000,0.140625000000,0.000000043035
0.187500000000,0.164062500000,0.000000049367
0.187500000000,0.187500000000,0.000000055574
0.187500000000,0.210937500000,0.000000061642
0.187500000000,0.234375000000,0.000000067556
0.187500000000,0.257812500000,0.000000073303
0.187500000000,0.281250000000,0.000000078870
0.187500000000,0.304687500000,0.000000084246
0.187500000000,0.328125000000,0.000000089416
0.187500000000,0.351562500000,0.000000094370
0.187500000000,0.375000000000,0.000000099095
0.187500000000,0.398437500000,0.000000103580
0.187500000000,0.421875000000,0.000000107818
0.187500000000,0.445312500000,0.000000111793
0.187500000000,0.468750000000,0.000000115500
0.187500000000,0.492187500000,0.000000118928
0.187500000000,0.515625000000,0.000000122067
0.187500000000,0.539062500000,0.000000124912
0.187500000000,0.562500000000,0.000000127456
0.187500000000,0.585937500000,0.000000129688
0.187500000000,0.609375000000,0.000000131607
0.187500000000,0.632812500000,0.000000133204
0.187500000000,0.656250000000,0.000000134476
0.187500000000,0.679687500000,0.000000135419
0.187500000000,0.703125000000,0.000000136028
0.187500000000,0.726562500000,0.000000136302
0.187500000000,0.750000000000,0.000000136238
0.187500000000,0.773437500000,0.000000135836
0.187500000000,0.796875000000,0.000000135096
0.187500000000,0.820312500000,0.000000134015
0.187500000000,0.843750000000,0.000000132598
0.187500000000,0.867187500000,0.000000130845
0.187500000000,0.890625000000,0.000000128759
0.187500000000,0.914062500000,0.000000126343
0.187500000000,0.937500000000,0.000000123601
0.187500000000,0.960937500000,0.000000120539
0.187500000000,0.984375000000,0.000000117162
0.187500000000,1.007812500000,0.000000113477
0.187500000000,1.031250000000,0.000000109491
0.187500000000,1.054687500000,0.000000105212
0.187500000000,1.078125000000,0.000000100649
0.187500000000,1.101562500000,0.000000095811
0.187500000000,1.125000000000,0.000000090709
0.187500000000,1.148437500000,0.000000085353
0.187500000000,1.171875000000,0.000000079755
0.187500000000,1.195312500000,0.000000073928
0.187500000000,1.218750000000,0.000000067884
0.187500000000,1.242187500000,0.000000061635
0.187500000000,1.265625000000,0.000000055198
0.187500000000,1.289062500000,0.000000048586
0.187500000000,1.312500000000,0.000000041815
0.187500000000,1.335937500000,0.000000034900
0.187500000000,1.359375000000,0.000000027856
0.187500000000,1.382812500000,0.000000020702
0.187500000000,1.406250000000,0.000000013452
0.187500000000,1.429687500000,0.000000006126
0.187500000000,1.453125000000,-0.000000001261
0.187500000000,1.476562500000,-0.000000008688
0.187500000000,1.500000000000,-0.000000016138
0.187500000000,1.523437500000,-0.000000023598
0.187500000000,1.546875000000,-0.000000031042
0.187500000000,1.570312500000,-0.000000038456
0.187500000000,1.593750000000,-0.000000045822
0.187500000000,1.617187500000,-0.000000053119
0.187500000000,1.640625000000,-0.000000060330
0.187500000000,1.664062500000,-0.000000067436
0.187500000000,1.687500000000,-0.000000074421
0.187500000000,1.710937500000,-0.000000081266
0.187500000000,1.734375000000,-0.000000087952
0.187500000000,1.757812500000,-0.000000094463
0.187500000000,1.781250000000,-0.000000100783
0.187500000000,1.804687500000,-0.000000106894
0.187500000000,1.828125000000,-0.000000112781
0.187500000000,1.851562500000,-0.000000118428
0.187500000000,1.875000000000,-0.000000123819
0.187500000000,1.898437500000,-0.000000128941
0.187500000000,1.921875000000,-0.000000133780
0.187500000000,1.945312500000,-0.000000138322
0.187500000000,1.968750000000,-0.000000142555
0.187500000000,1.992187500000,-0.000000146468
0.187500000000,2.015625000000,-0.000000150049
0.187500000000,2.039062500000,-0.000000153289
0.187500000000,2.062500000000,-0.000000156179
0.187500000000,2.085937500000,-0.000000158709
0.187500000000,2.109375000000,-0.000000160873
0.187500000000,2.132812500000,-0.000000162664
0.187500000000,2.156250000000,-0.000000164076
0.187500000000,2.179687500000,-0.000000165106
0.187500000000,2.203125000000,-0.000000165749
0.187500000000,2.226562500000,-0.000000166003
0.187500000000,2.250000000000,-0.000000165866
0.187500000000,2.273437500000,-0.000000165338
0.187500000000,2.296875000000,-0.000000164420
0.187500000000,2.320312500000,-0.000000163112
0.187500000000,2.343750000000,-0.000000161418
0.187500000000,2.367187500000,-0.000000159340
0.187500000000,2.390625000000,-0.000000156884
0.187500000000,2.414062500000,-0.000000154057
0.187500000000,2.437500000000,-0.000000150860
0.187500000000,2.460937500000,-0.000000147309
0.187500000000,2.484375000000,-0.000000143405
0.187500000000,2.507812500000,-0.000000139160
0.187500000000,2.531250000000,-0.000000134586
0.187500000000,2.554687500000,-0.000000129694
0.187500000000,2.578125000000,-0.000000124493
0.187500000000,2.601562500000,-0.000000119000
0.187500000000,2.625000000000,-0.000000113226
0.187500000000,2.648437500000,-0.000000107185
0.187500000000,2.671875000000,-0.000000100895
0.187500000000,2.695312500000,-0.000000094369
0.187500000000,2.718750000000,-0.000000087625
0.187500000000,2.742187500000,-0.000000080680
0.187500000000,2.765625000000,-0.000000073550
0.187500000000,2.789062500000,-0.000000066255
0.187500000000,2.812500000000,-0.000000058812
0.187500000000,2.835937500000,-0.000000051240
0.187500000000,2.859375000000,-0.000000043558
0.187500000000,2.882812500000,-0.000000035787
0.187500000000,2.906250000000,-0.000000027944
0.187500000000,2.929687500000,-0.000000020050
0.187500000000,2.953125000000,-0.000000012124
0.187500000000,2.976562500000,-0.000000004188
0.187500000000,3.000000000000,0.000000000000
0.210937500000,0.000000000000,0.000000000000
0.210937500000,0.023437500000,0.000000011104
0.210937500000,0.046875000000,0.000000018581
0.210937500000,0.070312500000,0.000000026000
0.210937500000,0.093750000000,0.000000033344
0.210937500000,0.117187500000,0.000000040596
0.210937500000,0.140625000000,0.000000047740
0.210937500000,0.164062500000,0.000000054760
0.210937500000,0.187500000000,0.000000061642
0.210937500000,0.210937500000,0.000000068368
0.210937500000,0.234375000000,0.000000074924
0.210937500000,0.257812500000,0.000000081294
0.210937500000,0.281250000000,0.000000087466
0.210937500000,0.304687500000,0.000000093424
0.210937500000,0.328125000000,0.000000099153
0.210937500000,0.351562500000,0.000000104643
0.210937500000,0.375000000000,0.000000109880
0.210937500000,0.398437500000,0.000000114850
0.210937500000,0.421875000000,0.000000119544
0.210937500000,0.445312500000,0.000000123948
0.210937500000,0.468750000000,0.000000128053
0.210937500000,0.492187500000,0.000000131850
0.210937500000,0.515625000000,0.000000135327
0.210937500000,0.539062500000,0.000000138476
0.210937500000,0.562500000000,0.000000141291
0.210937500000,0.585937500000,0.000000143761
0.210937500000,0.609375000000,0.000000145883
0.210937500000,0.632812500000,0.000000147649
0.210937500000,0.656250000000,0.000000149053
0.210937500000,0.679687500000,0.000000150092
0.210937500000,0.703125000000,0.000000150761
0.210937500000,0.726562500000,0.000000151058
0.210937500000,0.750000000000,0.000000150981
0.210937500000,0.773437500000,0.000000150528
0.210937500000,0.796875000000,0.000000149700
0.210937500000,0.820312500000,0.000000148495
0.210937500000,0.843750000000,0.000000146917
0.210937500000,0.867187500000,0.000000144965
0.210937500000,0.890625000000,0.000000142645
0.210937500000,0.914062500000,0.000000139959
0.210937500000,0.937500000000,0.000000136912
0.210937500000,0.960937500000,0.000000133510
0.210937500000,0.984375000000,0.000000129759
0.210937500000,1.007812500000,0.000000125666
0.210937500000,1.031250000000,0.000000121240
0.210937500000,1.054687500000,0.000000116489
0.210937500000,1.078125000000,0.000000111423
0.210937500000,1.101562500000,0.000000106053
0.210937500000,1.125000000000,0.000000100389
0.210937500000,1.148437500000,0.000000094445
0.210937500000,1.171875000000,0.000000088233
0.210937500000,1.195312500000,0.000000081766
0.210937500000,1.218750000000,0.000000075059
0.210937500000,1.242187500000,0.000000068127
0.210937500000,1.265625000000,0.000000060986
0.210937500000,1.289062500000,0.000000053650
0.210937500000,1.312500000000,0.000000046138
0.210937500000,1.335937500000,0.000000038467
0.210937500000,1.359375000000,0.000000030656
0.210937500000,1.382812500000,0.000000022720
0.210937500000,1.406250000000,0.000000014681
0.210937500000,1.429687500000,0.000000006556
0.210937500000,1.453125000000,-0.000000001634
0.210937500000,1.476562500000,-0.000000009872
0.210937500000,1.500000000000,-0.000000018135
0.210937500000,1.523437500000,-0.000000026404
0.210937500000,1.546875000000,-0.000000034658
0.210937500000,1.570312500000,-0.000000042878
0.210937500000,1.593750000000,-0.000000051043
0.210937500000,1.617187500000,-0.000000059133
0.210937500000,1.640625000000,-0.000000067126
0.210937500000,1.664062500000,-0.000000075003
0.210937500000,1.687500000000,-0.000000082745
0.210937500000,1.710937500000,-0.000000090330
0.210937500000,1.734375000000,-0.000000097740
0.210937500000,1.757812500000,-0.000000104956
0.210937500000,1.781250000000,-0.000000111960
0.210937500000,1.804687500000,-0.000000118730
0.210937500000,1.828125000000,-0.000000125252
0.210937500000,1.851562500000,-0.000000131508
0.210937500000,1.875000000000,-0.000000137481
0.210937500000,1.898437500000,-0.000000143155
0.210937500000,1.921875000000,-0.000000148514
0.210937500000,1.945312500000,-0.000000153544
0.210937500000,1.968750000000,-0.000000158231
0.210937500000,1.992187500000,-0.000000162564
0.210937500000,2.015625000000,-0.000000166528
0.210937500000,2.039062500000,-0.000000170114
0.210937500000,2.062500000000,-0.000000173310
0.210937500000,2.085937500000,-0.000000176109
0.210937500000,2.109375000000,-0.000000178502
0.210937500000,2.132812500000,-0.000000180480
0.210937500000,2.156250000000,-0.000000182040
0.210937500000,2.179687500000,-0.000000183175
0.210937500000,2.203125000000,-0.000000183881
0.210937500000,2.226562500000,-0.000000184155
0.210937500000,2.250000000000,-0.000000183998
0.210937500000,2.273437500000,-0.000000183405
0.210937500000,2.296875000000,-0.000000182380
0.210937500000,2.320312500000,-0.000000180924
0.210937500000,2.343750000000,-0.000000179038
0.210937500000,2.367187500000,-0.000000176729
0.210937500000,2.390625000000,-0.000000174002
0.210937500000,2.414062500000,-0.000000170860
0.210937500000,2.437500000000,-0.000000167312
0.210937500000,2.460937500000,-0.000000163367
0.210937500000,2.484375000000,-0.000000159033
0.210937500000,2.507812500000,-0.000000154323
0.210937500000,2.531250000000,-0.000000149246
0.210937500000,2.554687500000,-0.000000143817
0.210937500000,2.578125000000,-0.000000138047
0.210937500000,2.601562500000,-0.000000131951
0.210937500000,2.625000000000,-0.000000125545
0.210937500000,2.648437500000,-0.000000118845
0.210937500000,2.671875000000,-0.000000111867
0.210937500000,2.695312500000,-0.000000104627
0.210937500000,2.718750000000,-0.000000097148
0.210937500000,2.742187500000,-0.000000089444
0.210937500000,2.765625000000,-0.000000081537
0.210937500000,2.789062500000,-0.000000073446
0.210937500000,2.812500000000,-0.000000065190
0.210937500000,2.835937500000,-0.000000056793
0.210937500000,2.859375000000,-0.000000048275
0.210937500000,2.882812500000,-0.000000039656
0.210937500000,2.906250000000,-0.000000030958
0.210937500000,2.929687500000,-0.000000022205
0.210937500000,2.953125000000,-0.000000013416
0.210937500000,2.976562500000,-0.000000004615
0.210937500000,3.000000000000,0.000000000000
0.234375000000,0.000000000000,0.000000000000
0.234375000000,0.023437500000,0.000000012188
0.234375000000,0.046875000000,0.000000020381
0.234375000000,0.070312500000,0.000000028509
0.234375000000,0.093750000000,0.000000036554
0.234375000000,0.117187500000,0.000000044500
0.234375000000,0.140625000000,0.000000052327
0.234375000000,0.164062500000,0.000000060018
0.234375000000,0.187500000000,0.000000067555
0.234375000000,0.210937500000,0.000000074924
0.234375000000,0.234375000000,0.000000082105
0.234375000000,0.257812500000,0.000000089083
0.234375000000,0.281250000000,0.000000095842
0.234375000000,0.304687500000,0.000000102368
0.234375000000,0.328125000000,0.000000108643
0.234375000000,0.351562500000,0.000000114655
0.234375000000,0.375000000000,0.000000120388
0.234375000000,0.398437500000,0.000000125831
0.234375000000,0.421875000000,0.000000130969
0.234375000000,0.445312500000,0.000000135791
0.234375000000,0.468750000000,0.000000140284
0.234375000000,0.492187500000,0.000000144438
0.234375000000,0.515625000000,0.000000148242
0.234375000000,0.539062500000,0.000000151687
0.234375000000,0.562500000000,0.000000154764
0.234375000000,0.585937500000,0.000000157467
0.234375000000,0.609375000000,0.000000159783
0.234375000000,0.632812500000,0.000000161711
0.234375000000,0.656250000000,0.000000163243
0.234375000000,0.679687500000,0.000000164374
0.234375000000,0.703125000000,0.000000165100
0.234375000000,0.726562500000,0.000000165418
0.234375000000,0.750000000000,0.000000165326
0.234375000000,0.773437500000,0.000000164821
0.234375000000,0.796875000000,0.000000163905
0.234375000000,0.820312500000,0.000000162578
0.234375000000,0.843750000000,0.000000160840
0.234375000000,0.867187500000,0.000000158694
0.234375000000,0.890625000000,0.000000156144
0.234375000000,0.914062500000,0.000000153193
0.234375000000,0.937500000000,0.000000149846
0.234375000000,0.960937500000,0.000000146111
0.234375000000,0.984375000000,0.000000141993
0.234375000000,1.007812500000,0.000000137501
0.234375000000,1.031250000000,0.000000132644
0.234375000000,1.054687500000,0.000000127431
0.234375000000,1.078125000000,0.000000121873
0.234375000000,1.101562500000,0.000000115982
0.234375000000,1.125000000000,0.000000109770
0.234375000000,1.148437500000,0.000000103251
0.234375000000,1.171875000000,0.000000096438
0.234375000000,1.195312500000,0.000000089347
0.234375000000,1.218750000000,0.000000081993
0.234375000000,1.242187500000,0.000000074393
0.234375000000,1.265625000000,0.000000066563
0.234375000000,1.289062500000,0.000000058522
0.234375000000,1.312500000000,0.000000050288
0.234375000000,1.335937500000,0.000000041881
0.234375000000,1.359375000000,0.000000033318
0.234375000000,1.382812500000,0.000000024619
0.234375000000,1.406250000000,0.000000015809
0.234375000000,1.429687500000,0.000000006906
0.234375000000,1.453125000000,-0.000000002069
0.234375000000,1.476562500000,-0.000000011095
0.234375000000,1.500000000000,-0.000000020148
0.234375000000,1.523437500000,-0.000000029207
0.234375000000,1.546875000000,-0.000000038252
0.234375000000,1.570312500000,-0.000000047256
0.234375000000,1.593750000000,-0.000000056200
0.234375000000,1.617187500000,-0.000000065060
0.234375000000,1.640625000000,-0.000000073816
0.234375000000,1.664062500000,-0.000000082444
0.234375000000,1.687500000000,-0.000000090923
0.234375000000,1.710937500000,-0.000000099230
0.234375000000,1.734375000000,-0.000000107345
0.234375000000,1.757812500000,-0.000000115247
0.234375000000,1.781250000000,-0.000000122914
0.234375000000,1.804687500000,-0.000000130328
0.234375000000,1.828125000000,-0.000000137468
0.234375000000,1.851562500000,-0.000000144316
0.234375000000,1.875000000000,-0.000000150853
0.234375000000,1.898437500000,-0.000000157063
0.234375000000,1.921875000000,-0.000000162928
0.234375000000,1.945312500000,-0.000000168433
0.234375000000,1.968750000000,-0.000000173561
0.234375000000,1.992187500000,-0.000000178300
0.234375000000,2.015625000000,-0.000000182636
0.234375000000,2.039062500000,-0.000000186557
0.234375000000,2.062500000000,-0.000000190052
0.234375000000,2.085937500000,-0.000000193111
0.234375000000,2.109375000000,-0.000000195724
0.234375000000,2.132812500000,-0.000000197884
0.234375000000,2.156250000000,-0.000000199586
0.234375000000,2.179687500000,-0.000000200821
0.234375000000,2.203125000000,-0.000000201587
0.234375000000,2.226562500000,-0.000000201880
0.234375000000,2.250000000000,-0.000000201699
0.234375000000,2.273437500000,-0.000000201043
0.234375000000,2.296875000000,-0.000000199913
0.234375000000,2.320312500000,-0.000000198310
0.234375000000,2.343750000000,-0.000000196238
0.234375000000,2.367187500000,-0.000000193700
0.234375000000,2.390625000000,-0.000000190705
0.234375000000,2.414062500000,-0.000000187255
0.234375000000,2.437500000000,-0.000000183363
0.234375000000,2.460937500000,-0.000000179034
0.234375000000,2.484375000000,-0.000000174281
0.234375000000,2.507812500000,-0.000000169113
0.234375000000,2.531250000000,-0.000000163547
0.234375000000,2.554687500000,-0.000000157593
0.234375000000,2.578125000000,-0.000000151267
0.234375000000,2.601562500000,-0.000000144585
0.234375000000,2.625000000000,-0.000000137561
0.234375000000,2.648437500000,-0.000000130216
0.234375000000,2.671875000000,-0.000000122567
0.234375000000,2.695312500000,-0.000000114633
0.234375000000,2.718750000000,-0.000000106434
0.234375000000,2.742187500000,-0.000000097990
0.234375000000,2.765625000000,-0.000000089324
0.234375000000,2.789062500000,-0.000000080457
0.234375000000,2.812500000000,-0.000000071410
0.234375000000,2.835937500000,-0.000000062208
0.234375000000,2.859375000000,-0.000000052872
0.234375000000,2.882812500000,-0.000000043428
0.234375000000,2.906250000000,-0.000000033897
0.234375000000,2.929687500000,-0.000000024305
0.234375000000,2.953125000000,-0.000000014674
0.234375000000,2.976562500000,-0.000000005030
0.234375000000,3.000000000000,0.000000000000
0.257812500000,0.000000000000,0.000000000000
0.257812500000,0.023437500000,0.000000013243
0.257812500000,0.046875000000,0.000000022130
0.257812500000,0.070312500000,0.000000030948
0.257812500000,0.093750000000,0.000000039675
0.257812500000,0.117187500000,0.000000048294
0.257812500000,0.140625000000,0.000000056785
0.257812500000,0.164062500000,0.000000065127
0.257812500000,0.187500000000,0.000000073303
0.257812500000,0.210937500000,0.000000081294
0.257812500000,0.234375000000,0.000000089083
0.257812500000,0.257812500000,0.000000096651
0.257812500000,0.281250000000,0.000000103982
0.257812500000,0.304687500000,0.000000111057
0.257812500000,0.328125000000,0.000000117862
0.257812500000,0.351562500000,0.000000124380
0.257812500000,0.375000000000,0.000000130596
0.257812500000,0.398437500000,0.000000136495
0.257812500000,0.421875000000,0.000000142066
0.257812500000,0.445312500000,0.000000147290
0.257812500000,0.468750000000,0.000000152160
0.257812500000,0.492187500000,0.000000156660
0.257812500000,0.515625000000,0.000000160782
0.257812500000,0.539062500000,0.000000164513
0.257812500000,0.562500000000,0.000000167845
0.257812500000,0.585937500000,0.000000170769
0.257812500000,0.609375000000,0.000000173276
0.257812500000,0.632812500000,0.000000175359
0.257812500000,0.656250000000,0.000000177012
0.257812500000,0.679687500000,0.000000178230
0.257812500000,0.703125000000,0.000000179010
0.257812500000,0.726562500000,0.000000179346
0.257812500000,0.750000000000,0.000000179238
0.257812500000,0.773437500000,0.000000178682
0.257812500000,0.796875000000,0.000000177680
0.257812500000,0.820312500000,0.000000176230
0.257812500000,0.843750000000,0.000000174336
0.257812500000,0.867187500000,0.000000171998
0.257812500000,0.890625000000,0.000000169222
0.257812500000,0.914062500000,0.000000166012
0.257812500000,0.937500000000,0.000000162372
0.257812500000,0.960937500000,0.000000158310
0.257812500000,0.984375000000,0.000000153834
0.257812500000,1.007812500000,0.000000148952
0.257812500000,1.031250000000,0.000000143674
0.257812500000,1.054687500000,0.000000138010
0.257812500000,1.078125000000,0.000000131972
0.257812500000,1.101562500000,0.000000125573
0.257812500000,1.125000000000,0.000000118827
0.257812500000,1.148437500000,0.000000111747
0.257812500000,1.171875000000,0.000000104349
0.257812500000,1.195312500000,0.000000096649
0.257812500000,1.218750000000,0.000000088665
0.257812500000,1.242187500000,0.000000080414
0.257812500000,1.265625000000,0.000000071914
0.257812500000,1.289062500000,0.000000063186
0.257812500000,1.312500000000,0.000000054249
0.257812500000,1.335937500000,0.000000045124
0.257812500000,1.359375000000,0.000000035832
0.257812500000,1.382812500000,0.000000026394
0.257812500000,1.406250000000,0.000000016834
0.257812500000,1.429687500000,0.000000007172
0.257812500000,1.453125000000,-0.000000002566
0.257812500000,1.476562500000,-0.000000012357
0.257812500000,1.500000000000,-0.000000022181
0.257812500000,1.523437500000,-0.000000032008
0.257812500000,1.546875000000,-0.000000041817
0.257812500000,1.570312500000,-0.000000051585
0.257812500000,1.593750000000,-0.000000061286
0.257812500000,1.617187500000,-0.000000070897
0.257812500000,1.640625000000,-0.000000080392
0.257812500000,1.664062500000,-0.000000089749
0.257812500000,1.687500000000,-0.000000098944
0.257812500000,1.710937500000,-0.000000107949
0.257812500000,1.734375000000,-0.000000116749
0.257812500000,1.757812500000,-0.000000125315
0.257812500000,1.781250000000,-0.000000133627
0.257812500000,1.804687500000,-0.000000141664
0.257812500000,1.828125000000,-0.000000149403
0.257812500000,1.851562500000,-0.000000156825
0.257812500000,1.875000000000,-0.000000163910
0.257812500000,1.898437500000,-0.000000170639
0.257812500000,1.921875000000,-0.000000176994
0.257812500000,1.945312500000,-0.000000182957
0.257812500000,1.968750000000,-0.000000188513
0.257812500000,1.992187500000,-0.000000193646
0.257812500000,2.015625000000,-0.000000198341
0.257812500000,2.039062500000,-0.000000202586
0.257812500000,2.062500000000,-0.000000206368
0.257812500000,2.085937500000,-0.000000209678
0.257812500000,2.109375000000,-0.000000212504
0.257812500000,2.132812500000,-0.000000214838
0.257812500000,2.156250000000,-0.000000216674
0.257812500000,2.179687500000,-0.000000218005
0.257812500000,2.203125000000,-0.000000218828
0.257812500000,2.226562500000,-0.000000219137
0.257812500000,2.250000000000,-0.000000218933
0.257812500000,2.273437500000,-0.000000218213
0.257812500000,2.296875000000,-0.000000216979
0.257812500000,2.320312500000,-0.000000215231
0.257812500000,2.343750000000,-0.000000212974
0.257812500000,2.367187500000,-0.000000210215
0.257812500000,2.390625000000,-0.000000206957
0.257812500000,2.414062500000,-0.000000203208
0.257812500000,2.437500000000,-0.000000198978
0.257812500000,2.460937500000,-0.000000194276
0.257812500000,2.484375000000,-0.000000189113
0.257812500000,2.507812500000,-0.000000183503
0.257812500000,2.531250000000,-0.000000177457
0.257812500000,2.554687500000,-0.000000170993
0.257812500000,2.578125000000,-0.000000164125
0.257812500000,2.601562500000,-0.000000156870
0.257812500000,2.625000000000,-0.000000149247
0.257812500000,2.648437500000,-0.000000141273
0.257812500000,2.671875000000,-0.000000132971
0.257812500000,2.695312500000,-0.000000124361
0.257812500000,2.718750000000,-0.000000115462
0.257812500000,2.742187500000,-0.000000106300
0.257812500000,2.765625000000,-0.000000096895
0.257812500000,2.789062500000,-0.000000087273
0.257812500000,2.812500000000,-0.000000077457
0.257812500000,2.835937500000,-0.000000067471
0.257812500000,2.859375000000,-0.000000057342
0.257812500000,2.882812500000,-0.000000047094
0.257812500000,2.906250000000,-0.000000036754
0.257812500000,2.929687500000,-0.000000026346
0.257812500000,2.953125000000,-0.000000015897
0.257812500000,2.976562500000,-0.000000005434
0.257812500000,3.000000000000,0.000000000000
0.281250000000,0.000000000000,0.000000000000
0.281250000000,0.023437500000,0.000000014265
0.281250000000,0.046875000000,0.000000023826
0.281250000000,0.070312500000,0.000000033311
0.281250000000,0.093750000000,0.000000042699
0.281250000000,0.117187500000,0.000000051970
0.281250000000,0.140625000000,0.000000061103
0.281250000000,0.164062500000,0.000000070076
0.281250000000,0.187500000000,0.000000078870
0.281250000000,0.210937500000,0.000000087466
0.281250000000,0.234375000000,0.000000095843
0.281250000000,0.257812500000,0.000000103982
0.281250000000,0.281250000000,0.000000111864
0.281250000000,0.304687500000,0.000000119473
0.281250000000,0.328125000000,0.000000126789
0.281250000000,0.351562500000,0.000000133798
0.281250000000,0.375000000000,0.000000140480
0.281250000000,0.398437500000,0.000000146822
0.281250000000,0.421875000000,0.000000152809
0.281250000000,0.445312500000,0.000000158424
0.281250000000,0.468750000000,0.000000163656
0.281250000000,0.492187500000,0.000000168492
0.281250000000,0.515625000000,0.000000172919
0.281250000000,0.539062500000,0.000000176925
0.281250000000,0.562500000000,0.000000180502
0.281250000000,0.585937500000,0.000000183638
0.281250000000,0.609375000000,0.000000186327
0.281250000000,0.632812500000,0.000000188560
0.281250000000,0.656250000000,0.000000190329
0.281250000000,0.679687500000,0.000000191632
0.281250000000,0.703125000000,0.000000192460
0.281250000000,0.726562500000,0.000000192812
0.281250000000,0.750000000000,0.000000192685
0.281250000000,0.773437500000,0.000000192077
0.281250000000,0.796875000000,0.000000190988
0.281250000000,0.820312500000,0.000000189419
0.281250000000,0.843750000000,0.000000187370
0.281250000000,0.867187500000,0.000000184845
0.281250000000,0.890625000000,0.000000181848
0.281250000000,0.914062500000,0.000000178383
0.281250000000,0.937500000000,0.000000174457
0.281250000000,0.960937500000,0.000000170077
0.281250000000,0.984375000000,0.000000165252
0.281250000000,1.007812500000,0.000000159990
0.281250000000,1.031250000000,0.000000154301
0.281250000000,1.054687500000,0.000000148199
0.281250000000,1.078125000000,0.000000141694
0.281250000000,1.101562500000,0.000000134801
0.281250000000,1.125000000000,0.000000127535
0.281250000000,1.148437500000,0.000000119910
0.281250000000,1.171875000000,0.000000111944
0.281250000000,1.195312500000,0.000000103654
0.281250000000,1.218750000000,0.000000095057
0.281250000000,1.242187500000,0.000000086174
0.281250000000,1.265625000000,0.000000077025
0.281250000000,1.289062500000,0.000000067629
0.281250000000,1.312500000000,0.000000058011
0.281250000000,1.335937500000,0.000000048188
0.281250000000,1.359375000000,0.000000038187
0.281250000000,1.382812500000,0.000000028032
0.281250000000,1.406250000000,0.000000017743
0.281250000000,1.429687500000,0.000000007349
0.281250000000,1.453125000000,-0.000000003129
0.281250000000,1.476562500000,-0.000000013664
0.281250000000,1.500000000000,-0.000000024230
0.281250000000,1.523437500000,-0.000000034803
0.281250000000,1.546875000000,-0.000000045354
0.281250000000,1.570312500000,-0.000000055860
0.281250000000,1.593750000000,-0.000000066296
0.281250000000,1.617187500000,-0.000000076630
0.281250000000,1.640625000000,-0.000000086841
0.281250000000,1.664062500000,-0.000000096903
0.281250000000,1.687500000000,-0.000000106788
0.281250000000,1.710937500000,-0.000000116473
0.281250000000,1.734375000000,-0.000000125933
0.281250000000,1.757812500000,-0.000000135143
0.281250000000,1.781250000000,-0.000000144078
0.281250000000,1.804687500000,-0.000000152717
0.281250000000,1.828125000000,-0.000000161035
0.281250000000,1.851562500000,-0.000000169011
0.281250000000,1.875000000000,-0.000000176626
0.281250000000,1.898437500000,-0.000000183855
0.281250000000,1.921875000000,-0.000000190683
0.281250000000,1.945312500000,-0.000000197088
0.281250000000,1.968750000000,-0.000000203056
0.281250000000,1.992187500000,-0.000000208568
0.281250000000,2.015625000000,-0.000000213609
0.281250000000,2.039062500000,-0.000000218166
0.281250000000,2.062500000000,-0.000000222225
0.281250000000,2.085937500000,-0.000000225775
0.281250000000,2.109375000000,-0.000000228805
0.281250000000,2.132812500000,-0.000000231307
0.281250000000,2.156250000000,-0.000000233271
0.281250000000,2.179687500000,-0.000000234694
0.281250000000,2.203125000000,-0.000000235568
0.281250000000,2.226562500000,-0.000000235892
0.281250000000,2.250000000000,-0.000000235661
0.281250000000,2.273437500000,-0.000000234877
0.281250000000,2.296875000000,-0.000000233539
0.281250000000,2.320312500000,-0.000000231650
0.281250000000,2.343750000000,-0.000000229216
0.281250000000,2.367187500000,-0.000000226237
0.281250000000,2.390625000000,-0.000000222725
0.281250000000,2.414062500000,-0.000000218683
0.281250000000,2.437500000000,-0.000000214124
0.281250000000,2.460937500000,-0.000000209060
0.281250000000,2.484375000000,-0.000000203497
0.281250000000,2.507812500000,-0.000000197455
0.281250000000,2.531250000000,-0.000000190947
0.281250000000,2.554687500000,-0.000000183985
0.281250000000,2.578125000000,-0.000000176590
0.281250000000,2.601562500000,-0.000000168782
0.281250000000,2.625000000000,-0.000000160574
0.281250000000,2.648437500000,-0.000000151993
0.281250000000,2.671875000000,-0.000000143057
0.281250000000,2.695312500000,-0.000000133789
0.281250000000,2.718750000000,-0.000000124214
0.281250000000,2.742187500000,-0.000000114353
0.281250000000,2.765625000000,-0.000000104234
0.281250000000,2.789062500000,-0.000000093879
0.281250000000,2.812500000000,-0.000000083316
0.281250000000,2.835937500000,-0.000000072573
0.281250000000,2.859375000000,-0.000000061674
0.281250000000,2.882812500000,-0.000000050647
0.281250000000,2.906250000000,-0.000000039522
0.281250000000,2.929687500000,-0.000000028324
0.281250000000,2.953125000000,-0.000000017082
0.281250000000,2.976562500000,-0.000000005824
0.281250000000,3.000000000000,0.000000000000
0.304687500000,0.000000000000,0.000000000000
0.304687500000,0.023437500000,0.000000015253
0.304687500000,0.046875000000,0.000000025463
0.304687500000,0.070312500000,0.000000035593
0.304687500000,0.093750000000,0.000000045619
0.304687500000,0.117187500000,0.000000055520
0.304687500000,0.140625000000,0.000000065272
0.304687500000,0.164062500000,0.000000074855
0.304687500000,0.187500000000,0.000000084246
0.304687500000,0.210937500000,0.000000093423
0.304687500000,0.234375000000,0.000000102368
0.304687500000,0.257812500000,0.000000111057
0.304687500000,0.281250000000,0.000000119473
0.304687500000,0.304687500000,0.000000127595
0.304687500000,0.328125000000,0.000000135406
0.304687500000,0.351562500000,0.000000142885
0.304687500000,0.375000000000,0.000000150018
0.304687500000,0.398437500000,0.000000156786
0.304687500000,0.421875000000,0.000000163173
0.304687500000,0.445312500000,0.000000169164
0.304687500000,0.468750000000,0.000000174746
0.304687500000,0.492187500000,0.000000179903
0.304687500000,0.515625000000,0.000000184623
0.304687500000,0.539062500000,0.000000188894
0.304687500000,0.562500000000,0.000000192705
0.304687500000,0.585937500000,0.000000196047
0.304687500000,0.609375000000,0.000000198908
0.304687500000,0.632812500000,0.000000201283
0.304687500000,0.656250000000,0.000000203161
0.304687500000,0.679687500000,0.000000204543
0.304687500000,0.703125000000,0.000000205417
0.304687500000,0.726562500000,0.000000205782
0.304687500000,0.750000000000,0.000000205634
0.304687500000,0.773437500000,0.000000204975
0.304687500000,0.796875000000,0.000000203800
0.304687500000,0.820312500000,0.000000202112
0.304687500000,0.843750000000,0.000000199911
0.304687500000,0.867187500000,0.000000197203
0.304687500000,0.890625000000,0.000000193990
0.304687500000,0.914062500000,0.000000190278
0.304687500000,0.937500000000,0.000000186073
0.304687500000,0.960937500000,0.000000181384
0.304687500000,0.984375000000,0.000000176218
0.304687500000,1.007812500000,0.000000170587
0.304687500000,1.031250000000,0.000000164500
0.304687500000,1.054687500000,0.000000157972
0.304687500000,1.078125000000,0.000000151015
0.304687500000,1.101562500000,0.000000143642
0.304687500000,1.125000000000,0.000000135872
0.304687500000,1.148437500000,0.000000127719
0.304687500000,1.171875000000,0.000000119202
0.304687500000,1.195312500000,0.000000110338
0.304687500000,1.218750000000,0.000000101151
0.304687500000,1.242187500000,0.000000091656
0.304687500000,1.265625000000,0.000000081877
0.304687500000,1.289062500000,0.000000071837
0.304687500000,1.312500000000,0.000000061556
0.304687500000,1.335937500000,0.000000051063
0.304687500000,1.359375000000,0.000000040377
0.304687500000,1.382812500000,0.000000029526
0.304687500000,1.406250000000,0.000000018536
0.304687500000,1.429687500000,0.000000007431
0.304687500000,1.453125000000,-0.000000003761
0.304687500000,1.476562500000,-0.000000015012
0.304687500000,1.500000000000,-0.000000026297
0.304687500000,1.523437500000,-0.000000037589
0.304687500000,1.546875000000,-0.000000048858
0.304687500000,1.570312500000,-0.000000060076
0.304687500000,1.593750000000,-0.000000071217
0.304687500000,1.617187500000,-0.000000082253
0.304687500000,1.640625000000,-0.000000093155
0.304687500000,1.664062500000,-0.000000103894
0.304687500000,1.687500000000,-0.000000114447
0.304687500000,1.710937500000,-0.000000124786
0.304687500000,1.734375000000,-0.000000134881
0.304687500000,1.757812500000,-0.000000144710
0.304687500000,1.781250000000,-0.000000154246
0.304687500000,1.804687500000,-0.000000163465
0.304687500000,1.828125000000,-0.000000172340
0.304687500000,1.851562500000,-0.000000180850
0.304687500000,1.875000000000,-0.000000188972
0.304687500000,1.898437500000,-0.000000196684
0.304687500000,1.921875000000,-0.000000203965
0.304687500000,1.945312500000,-0.000000210797
0.304687500000,1.968750000000,-0.000000217159
0.304687500000,1.992187500000,-0.000000223035
0.304687500000,2.015625000000,-0.000000228408
0.304687500000,2.039062500000,-0.000000233263
0.304687500000,2.062500000000,-0.000000237587
0.304687500000,2.085937500000,-0.000000241367
0.304687500000,2.109375000000,-0.000000244592
0.304687500000,2.132812500000,-0.000000247252
0.304687500000,2.156250000000,-0.000000249339
0.304687500000,2.179687500000,-0.000000250847
0.304687500000,2.203125000000,-0.000000251770
0.304687500000,2.226562500000,-0.000000252104
0.304687500000,2.250000000000,-0.000000251847
0.304687500000,2.273437500000,-0.000000250999
0.304687500000,2.296875000000,-0.000000249560
0.304687500000,2.320312500000,-0.000000247532
0.304687500000,2.343750000000,-0.000000244922
0.304687500000,2.367187500000,-0.000000241731
0.304687500000,2.390625000000,-0.000000237970
0.304687500000,2.414062500000,-0.000000233645
0.304687500000,2.437500000000,-0.000000228769
0.304687500000,2.460937500000,-0.000000223349
0.304687500000,2.484375000000,-0.000000217400
0.304687500000,2.507812500000,-0.000000210941
0.304687500000,2.531250000000,-0.000000203981
0.304687500000,2.554687500000,-0.000000196540
0.304687500000,2.578125000000,-0.000000188637
0.304687500000,2.601562500000,-0.000000180288
0.304687500000,2.625000000000,-0.000000171520
0.304687500000,2.648437500000,-0.000000162350
0.304687500000,2.671875000000,-0.000000152801
0.304687500000,2.695312500000,-0.000000142899
0.304687500000,2.718750000000,-0.000000132668
0.304687500000,2.742187500000,-0.000000122133
0.304687500000,2.765625000000,-0.000000111322
0.304687500000,2.789062500000,-0.000000100260
0.304687500000,2.812500000000,-0.000000088976
0.304687500000,2.835937500000,-0.000000077499
0.304687500000,2.859375000000,-0.000000065857
0.304687500000,2.882812500000,-0.000000054078
0.304687500000,2.906250000000,-0.000000042194
0.304687500000,2.929687500000,-0.000000030233
0.304687500000,2.953125000000,-0.000000018225
0.304687500000,2.976562500000,-0.000000006201
0.304687500000,3.000000000000,0.000000000000
0.328125000000,0.000000000000,0.000000000000
0.328125000000,0.023437500000,0.000000016203
0.328125000000,0.046875000000,0.000000027039
0.328125000000,0.070312500000,0.000000037789
0.328125000000,0.093750000000,0.000000048429
0.328125000000,0.117187500000,0.000000058935
0.328125000000,0.140625000000,0.000000069284
0.328125000000,0.164062500000,0.000000079452
0.328125000000,0.187500000000,0.000000089416
0.328125000000,0.210937500000,0.000000099153
0.328125000000,0.234375000000,0.000000108643
0.328125000000,0.257812500000,0.000000117862
0.328125000000,0.281250000000,0.000000126789
0.328125000000,0.304687500000,0.000000135405
0.328125000000,0.328125000000,0.000000143690
0.328125000000,0.351562500000,0.000000151623
0.328125000000,0.375000000000,0.000000159186
0.328125000000,0.398437500000,0.000000166363
0.328125000000,0.421875000000,0.000000173136
0.328125000000,0.445312500000,0.000000179486
0.328125000000,0.468750000000,0.000000185403
0.328125000000,0.492187500000,0.000000190867
0.328125000000,0.515625000000,0.000000195867
0.328125000000,0.539062500000,0.000000200391
0.328125000000,0.562500000000,0.000000204426
0.328125000000,0.585937500000,0.000000207961
0.328125000000,0.609375000000,0.000000210988
0.328125000000,0.632812500000,0.000000213498
0.328125000000,0.656250000000,0.000000215483
0.328125000000,0.679687500000,0.000000216934
0.328125000000,0.703125000000,0.000000217850
0.328125000000,0.726562500000,0.000000218224
0.328125000000,0.750000000000,0.000000218055
0.328125000000,0.773437500000,0.000000217342
0.328125000000,0.796875000000,0.000000216082
0.328125000000,0.820312500000,0.000000214277
0.328125000000,0.843750000000,0.000000211930
0.328125000000,0.867187500000,0.000000209042
0.328125000000,0.890625000000,0.000000205619
0.328125000000,0.914062500000,0.000000201666
0.328125000000,0.937500000000,0.000000197190
0.328125000000,0.960937500000,0.000000192200
0.328125000000,0.984375000000,0.000000186705
0.328125000000,1.007812500000,0.000000180716
0.328125000000,1.031250000000,0.000000174244
0.328125000000,1.054687500000,0.000000167303
0.328125000000,1.078125000000,0.000000159908
0.328125000000,1.101562500000,0.000000152072
0.328125000000,1.125000000000,0.000000143815
0.328125000000,1.148437500000,0.000000135152
0.328125000000,1.171875000000,0.000000126102
0.328125000000,1.195312500000,0.000000116688
0.328125000000,1.218750000000,0.000000106926
0.328125000000,1.242187500000,0.000000096842
0.328125000000,1.265625000000,0.000000086457
0.328125000000,1.289062500000,0.000000075794
0.328125000000,1.312500000000,0.000000064878
0.328125000000,1.335937500000,0.000000053735
0.328125000000,1.359375000000,0.000000042390
0.328125000000,1.382812500000,0.000000030871
0.328125000000,1.406250000000,0.000000019204
0.328125000000,1.429687500000,0.000000007417
0.328125000000,1.453125000000,-0.000000004463
0.328125000000,1.476562500000,-0.000000016405
0.328125000000,1.500000000000,-0.000000028383
0.328125000000,1.523437500000,-0.000000040363
0.328125000000,1.546875000000,-0.000000052322
0.328125000000,1.570312500000,-0.000000064226
0.328125000000,1.593750000000,-0.000000076046
0.328125000000,1.617187500000,-0.000000087752
0.328125000000,1.640625000000,-0.000000099316
0.328125000000,1.664062500000,-0.000000110712
0.328125000000,1.687500000000,-0.000000121906
0.328125000000,1.710937500000,-0.000000132870
0.328125000000,1.734375000000,-0.000000143577
0.328125000000,1.757812500000,-0.000000154000
0.328125000000,1.781250000000,-0.000000164112
0.328125000000,1.804687500000,-0.000000173885
0.328125000000,1.828125000000,-0.000000183294
0.328125000000,1.851562500000,-0.000000192316
0.328125000000,1.875000000000,-0.000000200925
0.328125000000,1.898437500000,-0.000000209099
0.328125000000,1.921875000000,-0.000000216814
0.328125000000,1.945312500000,-0.000000224053
0.328125000000,1.968750000000,-0.000000230793
0.328125000000,1.992187500000,-0.000000237016
0.328125000000,2.015625000000,-0.000000242706
0.328125000000,2.039062500000,-0.000000247846
0.328125000000,2.062500000000,-0.000000252422
0.328125000000,2.085937500000,-0.000000256421
0.328125000000,2.109375000000,-0.000000259831
0.328125000000,2.132812500000,-0.000000262641
0.328125000000,2.156250000000,-0.000000264843
0.328125000000,2.179687500000,-0.000000266430
0.328125000000,2.203125000000,-0.000000267397
0.328125000000,2.226562500000,-0.000000267739
0.328125000000,2.250000000000,-0.000000267455
0.328125000000,2.273437500000,-0.000000266541
0.328125000000,2.296875000000,-0.000000265003
0.328125000000,2.320312500000,-0.000000262842
0.328125000000,2.343750000000,-0.000000260057
0.328125000000,2.367187500000,-0.000000256662
0.328125000000,2.390625000000,-0.000000252660
0.328125000000,2.414062500000,-0.000000248060
0.328125000000,2.437500000000,-0.000000242875
0.328125000000,2.460937500000,-0.000000237113
0.328125000000,2.484375000000,-0.000000230794
0.328125000000,2.507812500000,-0.000000223929
0.328125000000,2.531250000000,-0.000000216534
0.328125000000,2.554687500000,-0.000000208632
0.328125000000,2.578125000000,-0.000000200236
0.328125000000,2.601562500000,-0.000000191371
0.328125000000,2.625000000000,-0.000000182058
0.328125000000,2.648437500000,-0.000000172319
0.328125000000,2.671875000000,-0.000000162182
0.328125000000,2.695312500000,-0.000000151668
0.328125000000,2.718750000000,-0.000000140805
0.328125000000,2.742187500000,-0.000000129621
0.328125000000,2.765625000000,-0.000000118144
0.328125000000,2.789062500000,-0.000000106402
0.328125000000,2.812500000000,-0.000000094423
0.328125000000,2.835937500000,-0.000000082240
0.328125000000,2.859375000000,-0.000000069882
0.328125000000,2.882812500000,-0.000000057380
0.328125000000,2.906250000000,-0.000000044766
0.328125000000,2.929687500000,-0.000000032070
0.328125000000,2.953125000000,-0.000000019325
0.328125000000,2.976562500000,-0.000000006562
0.328125000000,3.000000000000,0.000000000000
0.351562500000,0.000000000000,0.000000000000
0.351562500000,0.023437500000,0.000000017115
0.351562500000,0.046875000000,0.000000028550
0.351562500000,0.070312500000,0.000000039893
0.351562500000,0.093750000000,0.000000051122
0.351562500000,0.117187500000,0.000000062208
0.351562500000,0.140625000000,0.000000073127
0.351562500000,0.164062500000,0.000000083856
0.351562500000,0.187500000000,0.000000094370
0.351562500000,0.210937500000,0.000000104645
0.351562500000,0.234375000000,0.000000114655
0.351562500000,0.257812500000,0.000000124380
0.351562500000,0.281250000000,0.000000133799
0.351562500000,0.304687500000,0.000000142885
0.351562500000,0.328125000000,0.000000151623
0.351562500000,0.351562500000,0.000000159989
0.351562500000,0.375000000000,0.000000167966
0.351562500000,0.398437500000,0.000000175532
0.351562500000,0.421875000000,0.000000182672
0.351562500000,0.445312500000,0.000000189367
0.351562500000,0.468750000000,0.000000195601
0.351562500000,0.492187500000,0.000000201358
0.351562500000,0.515625000000,0.000000206626
0.351562500000,0.539062500000,0.000000211389
0.351562500000,0.562500000000,0.000000215637
0.351562500000,0.585937500000,0.000000219356
0.351562500000,0.609375000000,0.000000222539
0.351562500000,0.632812500000,0.000000225175
0.351562500000,0.656250000000,0.000000227255
0.351562500000,0.679687500000,0.000000228776
0.351562500000,0.703125000000,0.000000229728
0.351562500000,0.726562500000,0.000000230111
0.351562500000,0.750000000000,0.000000229919
0.351562500000,0.773437500000,0.000000229152
0.351562500000,0.796875000000,0.000000227807
0.351562500000,0.820312500000,0.000000225888
0.351562500000,0.843750000000,0.000000223395
0.351562500000,0.867187500000,0.000000220333
0.351562500000,0.890625000000,0.000000216705
0.351562500000,0.914062500000,0.000000212518
0.351562500000,0.937500000000,0.000000207781
0.351562500000,0.960937500000,0.000000202500
0.351562500000,0.984375000000,0.000000196686
0.351562500000,1.007812500000,0.000000190351
0.351562500000,1.031250000000,0.000000183508
0.351562500000,1.054687500000,0.000000176169
0.351562500000,1.078125000000,0.000000168351
0.351562500000,1.101562500000,0.000000160070
0.351562500000,1.125000000000,0.000000151343
0.351562500000,1.148437500000,0.000000142189
0.351562500000,1.171875000000,0.000000132629
0.351562500000,1.195312500000,0.000000122681
0.351562500000,1.218750000000,0.000000112370
0.351562500000,1.242187500000,0.000000101718
0.351562500000,1.265625000000,0.000000090751
0.351562500000,1.289062500000,0.000000079491
0.351562500000,1.312500000000,0.000000067964
0.351562500000,1.335937500000,0.000000056198
0.351562500000,1.359375000000,0.000000044221
0.351562500000,1.382812500000,0.000000032059
0.351562500000,1.406250000000,0.000000019743
0.351562500000,1.429687500000,0.000000007300
0.351562500000,1.453125000000,-0.000000005238
0.351562500000,1.476562500000,-0.000000017841
0.351562500000,1.500000000000,-0.000000030481
0.351562500000,1.523437500000,-0.000000043125
0.351562500000,1.546875000000,-0.000000055742
0.351562500000,1.570312500000,-0.000000068301
0.351562500000,1.593750000000,-0.000000080771
0.351562500000,1.617187500000,-0.000000093123
0.351562500000,1.640625000000,-0.000000105322
0.351562500000,1.664062500000,-0.000000117342
0.351562500000,1.687500000000,-0.000000129147
0.351562500000,1.710937500000,-0.000000140710
0.351562500000,1.734375000000,-0.000000152002
0.351562500000,1.757812500000,-0.000000162992
0.351562500000,1.781250000000,-0.000000173653
0.351562500000,1.804687500000,-0.000000183957
0.351562500000,1.828125000000,-0.000000193876
0.351562500000,1.851562500000,-0.000000203386
0.351562500000,1.875000000000,-0.000000212459
0.351562500000,1.898437500000,-0.000000221073
0.351562500000,1.921875000000,-0.000000229202
0.351562500000,1.945312500000,-0.000000236828
0.351562500000,1.968750000000,-0.000000243927
0.351562500000,1.992187500000,-0.000000250481
0.351562500000,2.015625000000,-0.000000256472
0.351562500000,2.039062500000,-0.000000261883
0.351562500000,2.062500000000,-0.000000266697
0.351562500000,2.085937500000,-0.000000270903
0.351562500000,2.109375000000,-0.000000274487
0.351562500000,2.132812500000,-0.000000277438
0.351562500000,2.156250000000,-0.000000279747
0.351562500000,2.179687500000,-0.000000281409
0.351562500000,2.203125000000,-0.000000282415
0.351562500000,2.226562500000,-0.000000282762
0.351562500000,2.250000000000,-0.000000282448
0.351562500000,2.273437500000,-0.000000281473
0.351562500000,2.296875000000,-0.000000279836
0.351562500000,2.320312500000,-0.000000277539
0.351562500000,2.343750000000,-0.000000274591
0.351562500000,2.367187500000,-0.000000270995
0.351562500000,2.390625000000,-0.000000266760
0.351562500000,2.414062500000,-0.000000261896
0.351562500000,2.437500000000,-0.000000256411
0.351562500000,2.460937500000,-0.000000250323
0.351562500000,2.484375000000,-0.000000243643
0.351562500000,2.507812500000,-0.000000236389
0.351562500000,2.531250000000,-0.000000228578
0.351562500000,2.554687500000,-0.000000220227
0.351562500000,2.578125000000,-0.000000211360
0.351562500000,2.601562500000,-0.000000201998
0.351562500000,2.625000000000,-0.000000192164
0.351562500000,2.648437500000,-0.000000181880
0.351562500000,2.671875000000,-0.000000171176
0.351562500000,2.695312500000,-0.000000160075
0.351562500000,2.718750000000,-0.000000148606
0.351562500000,2.742187500000,-0.000000136800
0.351562500000,2.765625000000,-0.000000124683
0.351562500000,2.789062500000,-0.000000112287
0.351562500000,2.812500000000,-0.000000099643
0.351562500000,2.835937500000,-0.000000086784
0.351562500000,2.859375000000,-0.000000073740
0.351562500000,2.882812500000,-0.000000060544
0.351562500000,2.906250000000,-0.000000047230
0.351562500000,2.929687500000,-0.000000033830
0.351562500000,2.953125000000,-0.000000020378
0.351562500000,2.976562500000,-0.000000006908
0.351562500000,3.000000000000,0.000000000000
0.375000000000,0.000000000000,0.000000000000
0.375000000000,0.023437500000,0.000000017985
0.375000000000,0.046875000000,0.000000029991
0.375000000000,0.070312500000,0.000000041902
0.375000000000,0.093750000000,0.000000053691
0.375000000000,0.117187500000,0.000000065330
0.375000000000,0.140625000000,0.000000076795
0.375000000000,0.164062500000,0.000000088059
0.375000000000,0.187500000000,0.000000099095
0.375000000000,0.210937500000,0.000000109880
0.375000000000,0.234375000000,0.000000120388
0.375000000000,0.257812500000,0.000000130596
0.375000000000,0.281250000000,0.000000140479
0.375000000000,0.304687500000,0.000000150018
0.375000000000,0.328125000000,0.000000159186
0.375000000000,0.351562500000,0.000000167966
0.375000000000,0.375000000000,0.000000176334
0.375000000000,0.398437500000,0.000000184272
0.375000000000,0.421875000000,0.000000191759
0.375000000000,0.445312500000,0.000000198781
0.375000000000,0.468750000000,0.000000205317
0.375000000000,0.492187500000,0.000000211353
0.375000000000,0.515625000000,0.000000216873
0.375000000000,0.539062500000,0.000000221863
0.375000000000,0.562500000000,0.000000226311
0.375000000000,0.585937500000,0.000000230205
0.375000000000,0.609375000000,0.000000233534
0.375000000000,0.632812500000,0.000000236288
0.375000000000,0.656250000000,0.000000238459
0.375000000000,0.679687500000,0.000000240039
0.375000000000,0.703125000000,0.000000241025
0.375000000000,0.726562500000,0.000000241411
0.375000000000,0.750000000000,0.000000241194
0.375000000000,0.773437500000,0.000000240372
0.375000000000,0.796875000000,0.000000238944
0.375000000000,0.820312500000,0.000000236913
0.375000000000,0.843750000000,0.000000234279
0.375000000000,0.867187500000,0.000000231047
0.375000000000,0.890625000000,0.000000227221
0.375000000000,0.914062500000,0.000000222809
0.375000000000,0.937500000000,0.000000217818
0.375000000000,0.960937500000,0.000000212256
0.375000000000,0.984375000000,0.000000206136
0.375000000000,1.007812500000,0.000000199469
0.375000000000,1.031250000000,0.000000192267
0.375000000000,1.054687500000,0.000000184547
0.375000000000,1.078125000000,0.000000176323
0.375000000000,1.101562500000,0.000000167614
0.375000000000,1.125000000000,0.000000158436
0.375000000000,1.148437500000,0.000000148811
0.375000000000,1.171875000000,0.000000138760
0.375000000000,1.195312500000,0.000000128304
0.375000000000,1.218750000000,0.000000117467
0.375000000000,1.242187500000,0.000000106272
0.375000000000,1.265625000000,0.000000094745
0.375000000000,1.289062500000,0.000000082913
0.375000000000,1.312500000000,0.000000070803
0.375000000000,1.335937500000,0.000000058442
0.375000000000,1.359375000000,0.000000045860
0.375000000000,1.382812500000,0.000000033085
0.375000000000,1.406250000000,0.000000020149
0.375000000000,1.429687500000,0.000000007081
0.375000000000,1.453125000000,-0.000000006086
0.375000000000,1.476562500000,-0.000000019323
0.375000000000,1.500000000000,-0.000000032593
0.375000000000,1.523437500000,-0.000000045869
0.375000000000,1.546875000000,-0.000000059114
0.375000000000,1.570312500000,-0.000000072300
0.375000000000,1.593750000000,-0.000000085389
0.375000000000,1.617187500000,-0.000000098353
0.375000000000,1.640625000000,-0.000000111157
0.375000000000,1.664062500000,-0.000000123770
0.375000000000,1.687500000000,-0.000000136159
0.375000000000,1.710937500000,-0.000000148291
0.375000000000,1.734375000000,-0.000000160139
0.375000000000,1.757812500000,-0.000000171669
0.375000000000,1.781250000000,-0.000000182852
0.375000000000,1.804687500000,-0.000000193660
0.375000000000,1.828125000000,-0.000000204064
0.375000000000,1.851562500000,-0.000000214035
0.375000000000,1.875000000000,-0.000000223549
0.375000000000,1.898437500000,-0.000000232579
0.375000000000,1.921875000000,-0.000000241102
0.375000000000,1.945312500000,-0.000000249094
0.375000000000,1.968750000000,-0.000000256533
0.375000000000,1.992187500000,-0.000000263400
0.375000000000,2.015625000000,-0.000000269675
0.375000000000,2.039062500000,-0.000000275340
0.375000000000,2.062500000000,-0.000000280380
0.375000000000,2.085937500000,-0.000000284780
0.375000000000,2.109375000000,-0.000000288527
0.375000000000,2.132812500000,-0.000000291611
0.375000000000,2.156250000000,-0.000000294020
0.375000000000,2.179687500000,-0.000000295748
0.375000000000,2.203125000000,-0.000000296789
0.375000000000,2.226562500000,-0.000000297138
0.375000000000,2.250000000000,-0.000000296794
0.375000000000,2.273437500000,-0.000000295753
0.375000000000,2.296875000000,-0.000000294020
0.375000000000,2.320312500000,-0.000000291597
0.375000000000,2.343750000000,-0.000000288487
0.375000000000,2.367187500000,-0.000000284698
0.375000000000,2.390625000000,-0.000000280239
0.375000000000,2.414062500000,-0.000000275117
0.375000000000,2.437500000000,-0.000000269348
0.375000000000,2.460937500000,-0.000000262944
0.375000000000,2.484375000000,-0.000000255920
0.375000000000,2.507812500000,-0.000000248292
0.375000000000,2.531250000000,-0.000000240080
0.375000000000,2.554687500000,-0.000000231303
0.375000000000,2.578125000000,-0.000000221985
0.375000000000,2.601562500000,-0.000000212148
0.375000000000,2.625000000000,-0.000000201810
0.375000000000,2.648437500000,-0.000000191009
0.375000000000,2.671875000000,-0.000000179762
0.375000000000,2.695312500000,-0.000000168100
0.375000000000,2.718750000000,-0.000000156054
0.375000000000,2.742187500000,-0.000000143651
0.375000000000,2.765625000000,-0.000000130925
0.375000000000,2.789062500000,-0.000000117906
0.375000000000,2.812500000000,-0.000000104626
0.375000000000,2.835937500000,-0.000000091120
0.375000000000,2.859375000000,-0.000000077420
0.375000000000,2.882812500000,-0.000000063562
0.375000000000,2.906250000000,-0.000000049580
0.375000000000,2.929687500000,-0.000000035509
0.375000000000,2.953125000000,-0.000000021383
0.375000000000,2.976562500000,-0.000000007238
0.375000000000,3.000000000000,0.000000000000
0.398437500000,0.000000000000,0.000000000000
0.398437500000,0.023437500000,0.000000018812
0.398437500000,0.046875000000,0.000000031361
0.398437500000,0.070312500000,0.000000043810
0.398437500000,0.093750000000,0.000000056131
0.398437500000,0.117187500000,0.000000068295
0.398437500000,0.140625000000,0.000000080277
0.398437500000,0.164062500000,0.000000092048
0.398437500000,0.187500000000,0.000000103581
0.398437500000,0.210937500000,0.000000114850
0.398437500000,0.234375000000,0.000000125830
0.398437500000,0.257812500000,0.000000136496
0.398437500000,0.281250000000,0.000000146822
0.398437500000,0.304687500000,0.000000156787
0.398437500000,0.328125000000,0.000000166363
0.398437500000,0.351562500000,0.000000175532
0.398437500000,0.375000000000,0.000000184272
0.398437500000,0.398437500000,0.000000192559
0.398437500000,0.421875000000,0.000000200377
0.398437500000,0.445312500000,0.000000207706
0.398437500000,0.468750000000,0.000000214528
0.398437500000,0.492187500000,0.000000220825
0.398437500000,0.515625000000,0.000000226583
0.398437500000,0.539062500000,0.000000231788
0.398437500000,0.562500000000,0.000000236423
0.398437500000,0.585937500000,0.000000240480
0.398437500000,0.609375000000,0.000000243943
0.398437500000,0.632812500000,0.000000246807
0.398437500000,0.656250000000,0.000000249062
0.398437500000,0.679687500000,0.000000250698
0.398437500000,0.703125000000,0.000000251713
0.398437500000,0.726562500000,0.000000252099
0.398437500000,0.750000000000,0.000000251855
0.398437500000,0.773437500000,0.000000250977
0.398437500000,0.796875000000,0.000000249467
0.398437500000,0.820312500000,0.000000247326
0.398437500000,0.843750000000,0.000000244555
0.398437500000,0.867187500000,0.000000241158
0.398437500000,0.890625000000,0.000000237142
0.398437500000,0.914062500000,0.000000232512
0.398437500000,0.937500000000,0.000000227276
0.398437500000,0.960937500000,0.000000221446
0.398437500000,0.984375000000,0.000000215031
0.398437500000,1.007812500000,0.000000208045
0.398437500000,1.031250000000,0.000000200500
0.398437500000,1.054687500000,0.000000192414
0.398437500000,1.078125000000,0.000000183802
0.398437500000,1.101562500000,0.000000174683
0.398437500000,1.125000000000,0.000000165076
0.398437500000,1.148437500000,0.000000155001
0.398437500000,1.171875000000,0.000000144482
0.398437500000,1.195312500000,0.000000133539
0.398437500000,1.218750000000,0.000000122200
0.398437500000,1.242187500000,0.000000110488
0.398437500000,1.265625000000,0.000000098429
0.398437500000,1.289062500000,0.000000086053
0.398437500000,1.312500000000,0.000000073386
0.398437500000,1.335937500000,0.000000060458
0.398437500000,1.359375000000,0.000000047302
0.398437500000,1.382812500000,0.000000033943
0.398437500000,1.406250000000,0.000000020417
0.398437500000,1.429687500000,0.000000006756
0.398437500000,1.453125000000,-0.000000007009
0.398437500000,1.476562500000,-0.000000020844
0.398437500000,1.500000000000,-0.000000034716
0.398437500000,1.523437500000,-0.000000048591
0.398437500000,1.546875000000,-0.000000062433
0.398437500000,1.570312500000,-0.000000076210
0.398437500000,1.593750000000,-0.000000089889
0.398437500000,1.617187500000,-0.000000103434
0.398437500000,1.640625000000,-0.000000116809
0.398437500000,1.664062500000,-0.000000129986
0.398437500000,1.687500000000,-0.000000142925
0.398437500000,1.710937500000,-0.000000155597
0.398437500000,1.734375000000,-0.000000167971
0.398437500000,1.757812500000,-0.000000180011
0.398437500000,1.781250000000,-0.000000191688
0.398437500000,1.804687500000,-0.000000202973
0.398437500000,1.828125000000,-0.000000213832
0.398437500000,1.851562500000,-0.000000224241
0.398437500000,1.875000000000,-0.000000234170
0.398437500000,1.898437500000,-0.000000243594
0.398437500000,1.921875000000,-0.000000252486
0.398437500000,1.945312500000,-0.000000260823
0.398437500000,1.968750000000,-0.000000268583
0.398437500000,1.992187500000,-0.000000275743
0.398437500000,2.015625000000,-0.000000282285
0.398437500000,2.039062500000,-0.000000288189
0.398437500000,2.062500000000,-0.000000293440
0.398437500000,2.085937500000,-0.000000298021
0.398437500000,2.109375000000,-0.000000301920
0.398437500000,2.132812500000,-0.000000305125
0.398437500000,2.156250000000,-0.000000307625
0.398437500000,2.179687500000,-0.000000309415
0.398437500000,2.203125000000,-0.000000310486
0.398437500000,2.226562500000,-0.000000310833
0.398437500000,2.250000000000,-0.000000310456
0.398437500000,2.273437500000,-0.000000309354
0.398437500000,2.296875000000,-0.000000307526
0.398437500000,2.320312500000,-0.000000304977
0.398437500000,2.343750000000,-0.000000301712
0.398437500000,2.367187500000,-0.000000297737
0.398437500000,2.390625000000,-0.000000293062
0.398437500000,2.414062500000,-0.000000287696
0.398437500000,2.437500000000,-0.000000281653
0.398437500000,2.460937500000,-0.000000274947
0.398437500000,2.484375000000,-0.000000267594
0.398437500000,2.507812500000,-0.000000259610
0.398437500000,2.531250000000,-0.000000251016
0.398437500000,2.554687500000,-0.000000241833
0.398437500000,2.578125000000,-0.000000232085
0.398437500000,2.601562500000,-0.000000221792
0.398437500000,2.625000000000,-0.000000210983
0.398437500000,2.648437500000,-0.000000199683
0.398437500000,2.671875000000,-0.000000187921
0.398437500000,2.695312500000,-0.000000175727
0.398437500000,2.718750000000,-0.000000163130
0.398437500000,2.742187500000,-0.000000150161
0.398437500000,2.765625000000,-0.000000136854
0.398437500000,2.789062500000,-0.000000123242
0.398437500000,2.812500000000,-0.000000109359
0.398437500000,2.835937500000,-0.000000095238
0.398437500000,2.859375000000,-0.000000080916
0.398437500000,2.882812500000,-0.000000066429
0.398437500000,2.906250000000,-0.000000051812
0.398437500000,2.929687500000,-0.000000037102
0.398437500000,2.953125000000,-0.000000022336
0.398437500000,2.976562500000,-0.000000007550
0.398437500000,3.000000000000,0.000000000000
0.421875000000,0.000000000000,0.000000000000
0.421875000000,0.023437500000,0.000000019594
0.421875000000,0.046875000000,0.000000032655
0.421875000000,0.070312500000,0.000000045612
0.421875000000,0.093750000000,0.000000058436
0.421875000000,0.117187500000,0.000000071097
0.421875000000,0.140625000000,0.000000083565
0.421875000000,0.164062500000,0.000000095816
0.421875000000,0.187500000000,0.000000107817
0.421875000000,0.210937500000,0.000000119544
0.421875000000,0.234375000000,0.000000130968
0.421875000000,0.257812500000,0.000000142065
0.421875000000,0.281250000000,0.000000152808
0.421875000000,0.304687500000,0.000000163173
0.421875000000,0.328125000000,0.000000173136
0.421875000000,0.351562500000,0.000000182672
0.421875000000,0.375000000000,0.000000191760
0.421875000000,0.398437500000,0.000000200378
0.421875000000,0.421875000000,0.000000208506
0.421875000000,0.445312500000,0.000000216123
0.421875000000,0.468750000000,0.000000223212
0.421875000000,0.492187500000,0.000000229756
0.421875000000,0.515625000000,0.000000235737
0.421875000000,0.539062500000,0.000000241139
0.421875000000,0.562500000000,0.000000245949
0.421875000000,0.585937500000,0.000000250156
0.421875000000,0.609375000000,0.000000253748
0.421875000000,0.632812500000,0.000000256711
0.421875000000,0.656250000000,0.000000259041
0.421875000000,0.679687500000,0.000000260725
0.421875000000,0.703125000000,0.000000261763
0.421875000000,0.726562500000,0.000000262148
0.421875000000,0.750000000000,0.000000261873
0.421875000000,0.773437500000,0.000000260942
0.421875000000,0.796875000000,0.000000259350
0.421875000000,0.820312500000,0.000000257103
0.421875000000,0.843750000000,0.000000254198
0.421875000000,0.867187500000,0.000000250642
0.421875000000,0.890625000000,0.000000246441
0.421875000000,0.914062500000,0.000000241602
0.421875000000,0.937500000000,0.000000236133
0.421875000000,0.960937500000,0.000000230044
0.421875000000,0.984375000000,0.000000223348
0.421875000000,1.007812500000,0.000000216057
0.421875000000,1.031250000000,0.000000208186
0.421875000000,1.054687500000,0.000000199751
0.421875000000,1.078125000000,0.000000190769
0.421875000000,1.101562500000,0.000000181259
0.421875000000,1.125000000000,0.000000171245
0.421875000000,1.148437500000,0.000000160742
0.421875000000,1.171875000000,0.000000149777
0.421875000000,1.195312500000,0.000000138374
0.421875000000,1.218750000000,0.000000126557
0.421875000000,1.242187500000,0.000000114355
0.421875000000,1.265625000000,0.000000101792
0.421875000000,1.289062500000,0.000000088898
0.421875000000,1.312500000000,0.000000075705
0.421875000000,1.335937500000,0.000000062242
0.421875000000,1.359375000000,0.000000048541
0.421875000000,1.382812500000,0.000000034630
0.421875000000,1.406250000000,0.000000020546
0.421875000000,1.429687500000,0.000000006324
0.421875000000,1.453125000000,-0.000000008006
0.421875000000,1.476562500000,-0.000000022408
0.421875000000,1.500000000000,-0.000000036847
0.421875000000,1.523437500000,-0.000000051286
0.421875000000,1.546875000000,-0.000000065691
0.421875000000,1.570312500000,-0.000000080029
0.421875000000,1.593750000000,-0.000000094261
0.421875000000,1.617187500000,-0.000000108352
0.421875000000,1.640625000000,-0.000000122269
0.421875000000,1.664062500000,-0.000000135973
0.421875000000,1.687500000000,-0.000000149435
0.421875000000,1.710937500000,-0.000000162614
0.421875000000,1.734375000000,-0.000000175481
0.421875000000,1.757812500000,-0.000000188001
0.421875000000,1.781250000000,-0.000000200142
0.421875000000,1.804687500000,-0.000000211874
0.421875000000,1.828125000000,-0.000000223162
0.421875000000,1.851562500000,-0.000000233980
0.421875000000,1.875000000000,-0.000000244300
0.421875000000,1.898437500000,-0.000000254092
0.421875000000,1.921875000000,-0.000000263330
0.421875000000,1.945312500000,-0.000000271990
0.421875000000,1.968750000000,-0.000000280048
0.421875000000,1.992187500000,-0.000000287482
0.421875000000,2.015625000000,-0.000000294272
0.421875000000,2.039062500000,-0.000000300399
0.421875000000,2.062500000000,-0.000000305845
0.421875000000,2.085937500000,-0.000000310594
0.421875000000,2.109375000000,-0.000000314633
0.421875000000,2.132812500000,-0.000000317949
0.421875000000,2.156250000000,-0.000000320533
0.421875000000,2.179687500000,-0.000000322376
0.421875000000,2.203125000000,-0.000000323472
0.421875000000,2.226562500000,-0.000000323815
0.421875000000,2.250000000000,-0.000000323407
0.421875000000,2.273437500000,-0.000000322240
0.421875000000,2.296875000000,-0.000000320320
0.421875000000,2.320312500000,-0.000000317650
0.421875000000,2.343750000000,-0.000000314235
0.421875000000,2.367187500000,-0.000000310082
0.421875000000,2.390625000000,-0.000000305200
0.421875000000,2.414062500000,-0.000000299601
0.421875000000,2.437500000000,-0.000000293297
0.421875000000,2.460937500000,-0.000000286303
0.421875000000,2.484375000000,-0.000000278637
0.421875000000,2.507812500000,-0.000000270314
0.421875000000,2.531250000000,-0.000000261359
0.421875000000,2.554687500000,-0.000000251791
0.421875000000,2.578125000000,-0.000000241633
0.421875000000,2.601562500000,-0.000000230912
0.421875000000,2.625000000000,-0.000000219651
0.421875000000,2.648437500000,-0.000000207882
0.421875000000,2.671875000000,-0.000000195633
0.421875000000,2.695312500000,-0.000000182933
0.421875000000,2.718750000000,-0.000000169815
0.421875000000,2.742187500000,-0.000000156312
0.421875000000,2.765625000000,-0.000000142455
0.421875000000,2.789062500000,-0.000000128282
0.421875000000,2.812500000000,-0.000000113828
0.421875000000,2.835937500000,-0.000000099128
0.421875000000,2.859375000000,-0.000000084218
0.421875000000,2.882812500000,-0.000000069136
0.421875000000,2.906250000000,-0.000000053920
0.421875000000,2.929687500000,-0.000000038607
0.421875000000,2.953125000000,-0.000000023235
0.421875000000,2.976562500000,-0.000000007843
0.421875000000,3.000000000000,0.000000000000
0.445312500000,0.000000000000,0.000000000000
0.445312500000,0.023437500000,0.000000020328
0.445312500000,0.046875000000,0.000000033871
0.445312500000,0.070312500000,0.000000047305
0.445312500000,0.093750000000,0.000000060600
0.445312500000,0.117187500000,0.000000073726
0.445312500000,0.140625000000,0.000000086653
0.445312500000,0.164062500000,0.000000099352
0.445312500000,0.187500000000,0.000000111794
0.445312500000,0.210937500000,0.000000123948
0.445312500000,0.234375000000,0.000000135791
0.445312500000,0.257812500000,0.000000147291
0.445312500000,0.281250000000,0.000000158424
0.445312500000,0.304687500000,0.000000169165
0.445312500000,0.328125000000,0.000000179487
0.445312500000,0.351562500000,0.000000189368
0.445312500000,0.375000000000,0.000000198781
0.445312500000,0.398437500000,0.000000207708
0.445312500000,0.421875000000,0.000000216122
0.445312500000,0.445312500000,0.000000224010
0.445312500000,0.468750000000,0.000000231349
0.445312500000,0.492187500000,0.000000238119
0.445312500000,0.515625000000,0.000000244306
0.445312500000,0.539062500000,0.000000249894
0.445312500000,0.562500000000,0.000000254866
0.445312500000,0.585937500000,0.000000259211
0.445312500000,0.609375000000,0.000000262917
0.445312500000,0.632812500000,0.000000265972
0.445312500000,0.656250000000,0.000000268368
0.445312500000,0.679687500000,0.000000270097
0.445312500000,0.703125000000,0.000000271153
0.445312500000,0.726562500000,0.000000271531
0.445312500000,0.750000000000,0.000000271226
0.445312500000,0.773437500000,0.000000270239
0.445312500000,0.796875000000,0.000000268569
0.445312500000,0.820312500000,0.000000266215
0.445312500000,0.843750000000,0.000000263183
0.445312500000,0.867187500000,0.000000259474
0.445312500000,0.890625000000,0.000000255096
0.445312500000,0.914062500000,0.000000250057
0.445312500000,0.937500000000,0.000000244364
0.445312500000,0.960937500000,0.000000238030
0.445312500000,0.984375000000,0.000000231065
0.445312500000,1.007812500000,0.000000223485
0.445312500000,1.031250000000,0.000000215303
0.445312500000,1.054687500000,0.000000206537
0.445312500000,1.078125000000,0.000000197205
0.445312500000,1.101562500000,0.000000187327
0.445312500000,1.125000000000,0.000000176923
0.445312500000,1.148437500000,0.000000166018
0.445312500000,1.171875000000,0.000000154633
0.445312500000,1.195312500000,0.000000142793
0.445312500000,1.218750000000,0.000000130527
0.445312500000,1.242187500000,0.000000117861
0.445312500000,1.265625000000,0.000000104823
0.445312500000,1.289062500000,0.000000091445
0.445312500000,1.312500000000,0.000000077754
0.445312500000,1.335937500000,0.000000063785
0.445312500000,1.359375000000,0.000000049569
0.445312500000,1.382812500000,0.000000035141
0.445312500000,1.406250000000,0.000000020535
0.445312500000,1.429687500000,0.000000005784
0.445312500000,1.453125000000,-0.000000009077
0.445312500000,1.476562500000,-0.000000024012
0.445312500000,1.500000000000,-0.000000038980
0.445312500000,1.523437500000,-0.000000053952
0.445312500000,1.546875000000,-0.000000068885
0.445312500000,1.570312500000,-0.000000083746
0.445312500000,1.593750000000,-0.000000098497
0.445312500000,1.617187500000,-0.000000113102
0.445312500000,1.640625000000,-0.000000127523
0.445312500000,1.664062500000,-0.000000141723
0.445312500000,1.687500000000,-0.000000155669
0.445312500000,1.710937500000,-0.000000169324
0.445312500000,1.734375000000,-0.000000182652
0.445312500000,1.757812500000,-0.000000195621
0.445312500000,1.781250000000,-0.000000208195
0.445312500000,1.804687500000,-0.000000220341
0.445312500000,1.828125000000,-0.000000232032
0.445312500000,1.851562500000,-0.000000243231
0.445312500000,1.875000000000,-0.000000253913
0.445312500000,1.898437500000,-0.000000264047
0.445312500000,1.921875000000,-0.000000273607
0.445312500000,1.945312500000,-0.000000282567
0.445312500000,1.968750000000,-0.000000290902
0.445312500000,1.992187500000,-0.000000298590
0.445312500000,2.015625000000,-0.000000305609
0.445312500000,2.039062500000,-0.000000311940
0.445312500000,2.062500000000,-0.000000317566
0.445312500000,2.085937500000,-0.000000322469
0.445312500000,2.109375000000,-0.000000326635
0.445312500000,2.132812500000,-0.000000330054
0.445312500000,2.156250000000,-0.000000332712
0.445312500000,2.179687500000,-0.000000334602
0.445312500000,2.203125000000,-0.000000335717
0.445312500000,2.226562500000,-0.000000336055
0.445312500000,2.250000000000,-0.000000335609
0.445312500000,2.273437500000,-0.000000334380
0.445312500000,2.296875000000,-0.000000332372
0.445312500000,2.320312500000,-0.000000329584
0.445312500000,2.343750000000,-0.000000326025
0.445312500000,2.367187500000,-0.000000321702
0.445312500000,2.390625000000,-0.000000316623
0.445312500000,2.414062500000,-0.000000310802
0.445312500000,2.437500000000,-0.000000304251
0.445312500000,2.460937500000,-0.000000296985
0.445312500000,2.484375000000,-0.000000289023
0.445312500000,2.507812500000,-0.000000280381
0.445312500000,2.531250000000,-0.000000271082
0.445312500000,2.554687500000,-0.000000261150
0.445312500000,2.578125000000,-0.000000250608
0.445312500000,2.601562500000,-0.000000239479
0.445312500000,2.625000000000,-0.000000227796
0.445312500000,2.648437500000,-0.000000215585
0.445312500000,2.671875000000,-0.000000202877
0.445312500000,2.695312500000,-0.000000189702
0.445312500000,2.718750000000,-0.000000176095
0.445312500000,2.742187500000,-0.000000162088
0.445312500000,2.765625000000,-0.000000147716
0.445312500000,2.789062500000,-0.000000133017
0.445312500000,2.812500000000,-0.000000118025
0.445312500000,2.835937500000,-0.000000102779
0.445312500000,2.859375000000,-0.000000087318
0.445312500000,2.882812500000,-0.000000071677
0.445312500000,2.906250000000,-0.000000055898
0.445312500000,2.929687500000,-0.000000040019
0.445312500000,2.953125000000,-0.000000024079
0.445312500000,2.976562500000,-0.000000008118
0.445312500000,3.000000000000,0.000000000000
0.468750000000,0.000000000000,0.000000000000
0.468750000000,0.023437500000,0.000000021014
0.468750000000,0.046875000000,0.000000035005
0.468750000000,0.070312500000,0.000000048884
0.468750000000,0.093750000000,0.000000062619
0.468750000000,0.117187500000,0.000000076178
0.468750000000,0.140625000000,0.000000089532
0.468750000000,0.164062500000,0.000000102648
0.468750000000,0.187500000000,0.000000115500
0.468750000000,0.210937500000,0.000000128052
0.468750000000,0.234375000000,0.000000140284
0.468750000000,0.257812500000,0.000000152160
0.468750000000,0.281250000000,0.000000163656
0.468750000000,0.304687500000,0.000000174747
0.468750000000,0.328125000000,0.000000185402
0.468750000000,0.351562500000,0.000000195600
0.468750000000,0.375000000000,0.000000205318
0.468750000000,0.398437500000,0.000000214529
0.468750000000,0.421875000000,0.000000223212
0.468750000000,0.445312500000,0.000000231349
0.468750000000,0.468750000000,0.000000238915
0.468750000000,0.492187500000,0.000000245897
0.468750000000,0.515625000000,0.000000252273
0.468750000000,0.539062500000,0.000000258030
0.468750000000,0.562500000000,0.000000263150
0.468750000000,0.585937500000,0.000000267621
0.468750000000,0.609375000000,0.000000271432
0.468750000000,0.632812500000,0.000000274568
0.468750000000,0.656250000000,0.000000277024
0.468750000000,0.679687500000,0.000000278790
0.468750000000,0.703125000000,0.000000279859
0.468750000000,0.726562500000,0.000000280228
0.468750000000,0.750000000000,0.000000279890
0.468750000000,0.773437500000,0.000000278848
0.468750000000,0.796875000000,0.000000277097
0.468750000000,0.820312500000,0.000000274643
0.468750000000,0.843750000000,0.000000271486
0.468750000000,0.867187500000,0.000000267631
0.468750000000,0.890625000000,0.000000263085
0.468750000000,0.914062500000,0.000000257855
0.468750000000,0.937500000000,0.000000251950
0.468750000000,0.960937500000,0.000000245382
0.468750000000,0.984375000000,0.000000238164
0.468750000000,1.007812500000,0.000000230309
0.468750000000,1.031250000000,0.000000221834
0.468750000000,1.054687500000,0.000000212756
0.468750000000,1.078125000000,0.000000203094
0.468750000000,1.101562500000,0.000000192868
0.468750000000,1.125000000000,0.000000182100
0.468750000000,1.148437500000,0.000000170814
0.468750000000,1.171875000000,0.000000159033
0.468750000000,1.195312500000,0.000000146785
0.468750000000,1.218750000000,0.000000134097
0.468750000000,1.242187500000,0.000000120996
0.468750000000,1.265625000000,0.000000107513
0.468750000000,1.289062500000,0.000000093678
0.468750000000,1.312500000000,0.000000079525
0.468750000000,1.335937500000,0.000000065084
0.468750000000,1.359375000000,0.000000050388
0.468750000000,1.382812500000,0.000000035474
0.468750000000,1.406250000000,0.000000020379
0.468750000000,1.429687500000,0.000000005133
0.468750000000,1.453125000000,-0.000000010222
0.468750000000,1.476562500000,-0.000000025650
0.468750000000,1.500000000000,-0.000000041115
0.468750000000,1.523437500000,-0.000000056581
0.468750000000,1.546875000000,-0.000000072007
0.468750000000,1.570312500000,-0.000000087355
0.468750000000,1.593750000000,-0.000000102589
0.468750000000,1.617187500000,-0.000000117670
0.468750000000,1.640625000000,-0.000000132560
0.468750000000,1.664062500000,-0.000000147222
0.468750000000,1.687500000000,-0.000000161618
0.468750000000,1.710937500000,-0.000000175713
0.468750000000,1.734375000000,-0.000000189470
0.468750000000,1.757812500000,-0.000000202851
0.468750000000,1.781250000000,-0.000000215827
0.468750000000,1.804687500000,-0.000000228360
0.468750000000,1.828125000000,-0.000000240420
0.468750000000,1.851562500000,-0.000000251971
0.468750000000,1.875000000000,-0.000000262987
0.468750000000,1.898437500000,-0.000000273437
0.468750000000,1.921875000000,-0.000000283292
0.468750000000,1.945312500000,-0.000000292528
0.468750000000,1.968750000000,-0.000000301117
0.468750000000,1.992187500000,-0.000000309038
0.468750000000,2.015625000000,-0.000000316267
0.468750000000,2.039062500000,-0.000000322786
0.468750000000,2.062500000000,-0.000000328575
0.468750000000,2.085937500000,-0.000000333617
0.468750000000,2.109375000000,-0.000000337899
0.468750000000,2.132812500000,-0.000000341407
0.468750000000,2.156250000000,-0.000000344130
0.468750000000,2.179687500000,-0.000000346063
0.468750000000,2.203125000000,-0.000000347191
0.468750000000,2.226562500000,-0.000000347516
0.468750000000,2.250000000000,-0.000000347036
0.468750000000,2.273437500000,-0.000000345744
0.468750000000,2.296875000000,-0.000000343649
0.468750000000,2.320312500000,-0.000000340749
0.468750000000,2.343750000000,-0.000000337054
0.468750000000,2.367187500000,-0.000000332569
0.468750000000,2.390625000000,-0.000000327305
0.468750000000,2.414062500000,-0.000000321273
0.468750000000,2.437500000000,-0.000000314488
0.468750000000,2.460937500000,-0.000000306965
0.468750000000,2.484375000000,-0.000000298724
0.468750000000,2.507812500000,-0.000000289782
0.468750000000,2.531250000000,-0.000000280163
0.468750000000,2.554687500000,-0.000000269889
0.468750000000,2.578125000000,-0.000000258985
0.468750000000,2.601562500000,-0.000000247479
0.468750000000,2.625000000000,-0.000000235399
0.468750000000,2.648437500000,-0.000000222773
0.468750000000,2.671875000000,-0.000000209636
0.468750000000,2.695312500000,-0.000000196017
0.468750000000,2.718750000000,-0.000000181953
0.468750000000,2.742187500000,-0.000000167475
0.468750000000,2.765625000000,-0.000000152622
0.468750000000,2.789062500000,-0.000000137432
0.468750000000,2.812500000000,-0.000000121939
0.468750000000,2.835937500000,-0.000000106185
0.468750000000,2.859375000000,-0.000000090206
0.468750000000,2.882812500000,-0.000000074045
0.468750000000,2.906250000000,-0.000000057741
0.468750000000,2.929687500000,-0.000000041334
0.468750000000,2.953125000000,-0.000000024865
0.468750000000,2.976562500000,-0.000000008374
0.468750000000,3.000000000000,0.000000000000
0.492187500000,0.000000000000,0.000000000000
0.492187500000,0.023437500000,0.000000021650
0.492187500000,0.046875000000,0.000000036056
0.492187500000,0.070312500000,0.000000050345
0.492187500000,0.093750000000,0.000000064487
0.492187500000,0.117187500000,0.000000078447
0.492187500000,0.140625000000,0.000000092195
0.492187500000,0.164062500000,0.000000105699
0.492187500000,0.187500000000,0.000000118928
0.492187500000,0.210937500000,0.000000131850
0.492187500000,0.234375000000,0.000000144438
0.492187500000,0.257812500000,0.000000156661
0.492187500000,0.281250000000,0.000000168491
0.492187500000,0.304687500000,0.000000179902
0.492187500000,0.328125000000,0.000000190867
0.492187500000,0.351562500000,0.000000201359
0.492187500000,0.375000000000,0.000000211353
0.492187500000,0.398437500000,0.000000220826
0.492187500000,0.421875000000,0.000000229756
0.492187500000,0.445312500000,0.000000238119
0.492187500000,0.468750000000,0.000000245897
0.492187500000,0.492187500000,0.000000253070
0.492187500000,0.515625000000,0.000000259620
0.492187500000,0.539062500000,0.000000265529
0.492187500000,0.562500000000,0.000000270783
0.492187500000,0.585937500000,0.000000275367
0.492187500000,0.609375000000,0.000000279270
0.492187500000,0.632812500000,0.000000282479
0.492187500000,0.656250000000,0.000000284986
0.492187500000,0.679687500000,0.000000286780
0.492187500000,0.703125000000,0.000000287859
0.492187500000,0.726562500000,0.000000288214
0.492187500000,0.750000000000,0.000000287844
0.492187500000,0.773437500000,0.000000286745
0.492187500000,0.796875000000,0.000000284918
0.492187500000,0.820312500000,0.000000282366
0.492187500000,0.843750000000,0.000000279089
0.492187500000,0.867187500000,0.000000275094
0.492187500000,0.890625000000,0.000000270386
0.492187500000,0.914062500000,0.000000264975
0.492187500000,0.937500000000,0.000000258869
0.492187500000,0.960937500000,0.000000252082
0.492187500000,0.984375000000,0.000000244624
0.492187500000,1.007812500000,0.000000236512
0.492187500000,1.031250000000,0.000000227761
0.492187500000,1.054687500000,0.000000218390
0.492187500000,1.078125000000,0.000000208419
0.492187500000,1.101562500000,0.000000197867
0.492187500000,1.125000000000,0.000000186759
0.492187500000,1.148437500000,0.000000175118
0.492187500000,1.171875000000,0.000000162970
0.492187500000,1.195312500000,0.000000150340
0.492187500000,1.218750000000,0.000000137257
0.492187500000,1.242187500000,0.000000123753
0.492187500000,1.265625000000,0.000000109855
0.492187500000,1.289062500000,0.000000095598
0.492187500000,1.312500000000,0.000000081012
0.492187500000,1.335937500000,0.000000066131
0.492187500000,1.359375000000,0.000000050992
0.492187500000,1.382812500000,0.000000035628
0.492187500000,1.406250000000,0.000000020079
0.492187500000,1.429687500000,0.000000004379
0.492187500000,1.453125000000,-0.000000011436
0.492187500000,1.476562500000,-0.000000027323
0.492187500000,1.500000000000,-0.000000043248
0.492187500000,1.523437500000,-0.000000059170
0.492187500000,1.546875000000,-0.000000075048
0.492187500000,1.570312500000,-0.000000090848
0.492187500000,1.593750000000,-0.000000106526
0.492187500000,1.617187500000,-0.000000122047
0.492187500000,1.640625000000,-0.000000137370
0.492187500000,1.664062500000,-0.000000152454
0.492187500000,1.687500000000,-0.000000167265
0.492187500000,1.710937500000,-0.000000181765
0.492187500000,1.734375000000,-0.000000195914
0.492187500000,1.757812500000,-0.000000209678
0.492187500000,1.781250000000,-0.000000223021
0.492187500000,1.804687500000,-0.000000235907
0.492187500000,1.828125000000,-0.000000248304
0.492187500000,1.851562500000,-0.000000260178
0.492187500000,1.875000000000,-0.000000271500
0.492187500000,1.898437500000,-0.000000282237
0.492187500000,1.921875000000,-0.000000292363
0.492187500000,1.945312500000,-0.000000301849
0.492187500000,1.968750000000,-0.000000310670
0.492187500000,1.992187500000,-0.000000318801
0.492187500000,2.015625000000,-0.000000326220
0.492187500000,2.039062500000,-0.000000332907
0.492187500000,2.062500000000,-0.000000338843
0.492187500000,2.085937500000,-0.000000344010
0.492187500000,2.109375000000,-0.000000348394
0.492187500000,2.132812500000,-0.000000351981
0.492187500000,2.156250000000,-0.000000354761
0.492187500000,2.179687500000,-0.000000356724
0.492187500000,2.203125000000,-0.000000357864
0.492187500000,2.226562500000,-0.000000358174
0.492187500000,2.250000000000,-0.000000357655
0.492187500000,2.273437500000,-0.000000356304
0.492187500000,2.296875000000,-0.000000354124
0.492187500000,2.320312500000,-0.000000351118
0.492187500000,2.343750000000,-0.000000347291
0.492187500000,2.367187500000,-0.000000342652
0.492187500000,2.390625000000,-0.000000337212
0.492187500000,2.414062500000,-0.000000330984
0.492187500000,2.437500000000,-0.000000323980
0.492187500000,2.460937500000,-0.000000316218
0.492187500000,2.484375000000,-0.000000307716
0.492187500000,2.507812500000,-0.000000298494
0.492187500000,2.531250000000,-0.000000288576
0.492187500000,2.554687500000,-0.000000277984
0.492187500000,2.578125000000,-0.000000266744
0.492187500000,2.601562500000,-0.000000254886
0.492187500000,2.625000000000,-0.000000242437
0.492187500000,2.648437500000,-0.000000229429
0.492187500000,2.671875000000,-0.000000215891
0.492187500000,2.695312500000,-0.000000201861
0.492187500000,2.718750000000,-0.000000187372
0.492187500000,2.742187500000,-0.000000172460
0.492187500000,2.765625000000,-0.000000157160
0.492187500000,2.789062500000,-0.000000141513
0.492187500000,2.812500000000,-0.000000125557
0.492187500000,2.835937500000,-0.000000109333
0.492187500000,2.859375000000,-0.000000092878
0.492187500000,2.882812500000,-0.000000076235
0.492187500000,2.906250000000,-0.000000059445
0.492187500000,2.929687500000,-0.000000042550
0.492187500000,2.953125000000,-0.000000025590
0.492187500000,2.976562500000,-0.000000008608
0.492187500000,3.000000000000,0.000000000000
0.515625000000,0.000000000000,0.000000000000
0.515625000000,0.023437500000,0.000000022233
0.515625000000,0.046875000000,0.000000037019
0.515625000000,0.070312500000,0.000000051686
0.515625000000,0.093750000000,0.000000066200
0.515625000000,0.117187500000,0.000000080527
0.515625000000,0.140625000000,0.000000094636
0.515625000000,0.164062500000,0.000000108492
0.515625000000,0.187500000000,0.000000122068
0.515625000000,0.210937500000,0.000000135326
0.515625000000,0.234375000000,0.000000148242
0.515625000000,0.257812500000,0.000000160782
0.515625000000,0.281250000000,0.000000172919
0.515625000000,0.304687500000,0.000000184624
0.515625000000,0.328125000000,0.000000195867
0.515625000000,0.351562500000,0.000000206626
0.515625000000,0.375000000000,0.000000216872
0.515625000000,0.398437500000,0.000000226583
0.515625000000,0.421875000000,0.000000235737
0.515625000000,0.445312500000,0.000000244306
0.515625000000,0.468750000000,0.000000252273
0.515625000000,0.492187500000,0.000000259619
0.515625000000,0.515625000000,0.000000266324
0.515625000000,0.539062500000,0.000000272370
0.515625000000,0.562500000000,0.000000277743
0.515625000000,0.585937500000,0.000000282428
0.515625000000,0.609375000000,0.000000286411
0.515625000000,0.632812500000,0.000000289682
0.515625000000,0.656250000000,0.000000292231
0.515625000000,0.679687500000,0.000000294051
0.515625000000,0.703125000000,0.000000295131
0.515625000000,0.726562500000,0.000000295471
0.515625000000,0.750000000000,0.000000295064
0.515625000000,0.773437500000,0.000000293910
0.515625000000,0.796875000000,0.000000292008
0.515625000000,0.820312500000,0.000000289360
0.515625000000,0.843750000000,0.000000285968
0.515625000000,0.867187500000,0.000000281841
0.515625000000,0.890625000000,0.000000276982
0.515625000000,0.914062500000,0.000000271400
0.515625000000,0.937500000000,0.000000265106
0.515625000000,0.960937500000,0.000000258111
0.515625000000,0.984375000000,0.000000250430
0.515625000000,1.007812500000,0.000000242077
0.515625000000,1.031250000000,0.000000233069
0.515625000000,1.054687500000,0.000000223426
0.515625000000,1.078125000000,0.000000213166
0.515625000000,1.101562500000,0.000000202313
0.515625000000,1.125000000000,0.000000190888
0.515625000000,1.148437500000,0.000000178918
0.515625000000,1.171875000000,0.000000166428
0.515625000000,1.195312500000,0.000000153445
0.515625000000,1.218750000000,0.000000140000
0.515625000000,1.242187500000,0.000000126121
0.515625000000,1.265625000000,0.000000111841
0.515625000000,1.289062500000,0.000000097192
0.515625000000,1.312500000000,0.000000082210
0.515625000000,1.335937500000,0.000000066925
0.515625000000,1.359375000000,0.000000051376
0.515625000000,1.382812500000,0.000000035601
0.515625000000,1.406250000000,0.000000019634
0.515625000000,1.429687500000,0.000000003515
0.515625000000,1.453125000000,-0.000000012719
0.515625000000,1.476562500000,-0.000000029027
0.515625000000,1.500000000000,-0.000000045371
0.515625000000,1.523437500000,-0.000000061711
0.515625000000,1.546875000000,-0.000000078006
0.515625000000,1.570312500000,-0.000000094216
0.515625000000,1.593750000000,-0.000000110302
0.515625000000,1.617187500000,-0.000000126222
0.515625000000,1.640625000000,-0.000000141939
0.515625000000,1.664062500000,-0.000000157410
0.515625000000,1.687500000000,-0.000000172598
0.515625000000,1.710937500000,-0.000000187464
0.515625000000,1.734375000000,-0.000000201972
0.515625000000,1.757812500000,-0.000000216081
0.515625000000,1.781250000000,-0.000000229756
0.515625000000,1.804687500000,-0.000000242963
0.515625000000,1.828125000000,-0.000000255667
0.515625000000,1.851562500000,-0.000000267832
0.515625000000,1.875000000000,-0.000000279430
0.515625000000,1.898437500000,-0.000000290427
0.515625000000,1.921875000000,-0.000000300795
0.515625000000,1.945312500000,-0.000000310506
0.515625000000,1.968750000000,-0.000000319534
0.515625000000,1.992187500000,-0.000000327854
0.515625000000,2.015625000000,-0.000000335442
0.515625000000,2.039062500000,-0.000000342279
0.515625000000,2.062500000000,-0.000000348344
0.515625000000,2.085937500000,-0.000000353621
0.515625000000,2.109375000000,-0.000000358093
0.515625000000,2.132812500000,-0.000000361748
0.515625000000,2.156250000000,-0.000000364575
0.515625000000,2.179687500000,-0.000000366563
0.515625000000,2.203125000000,-0.000000367707
0.515625000000,2.226562500000,-0.000000368002
0.515625000000,2.250000000000,-0.000000367442
0.515625000000,2.273437500000,-0.000000366031
0.515625000000,2.296875000000,-0.000000363770
0.515625000000,2.320312500000,-0.000000360660
0.515625000000,2.343750000000,-0.000000356710
0.515625000000,2.367187500000,-0.000000351929
0.515625000000,2.390625000000,-0.000000346324
0.515625000000,2.414062500000,-0.000000339910
0.515625000000,2.437500000000,-0.000000332703
0.515625000000,2.460937500000,-0.000000324719
0.515625000000,2.484375000000,-0.000000315975
0.515625000000,2.507812500000,-0.000000306495
0.515625000000,2.531250000000,-0.000000296299
0.515625000000,2.554687500000,-0.000000285413
0.515625000000,2.578125000000,-0.000000273863
0.515625000000,2.601562500000,-0.000000261681
0.515625000000,2.625000000000,-0.000000248893
0.515625000000,2.648437500000,-0.000000235530
0.515625000000,2.671875000000,-0.000000221628
0.515625000000,2.695312500000,-0.000000207218
0.515625000000,2.718750000000,-0.000000192339
0.515625000000,2.742187500000,-0.000000177027
0.515625000000,2.765625000000,-0.000000161318
0.515625000000,2.789062500000,-0.000000145255
0.515625000000,2.812500000000,-0.000000128875
0.515625000000,2.835937500000,-0.000000112216
0.515625000000,2.859375000000,-0.000000095325
0.515625000000,2.882812500000,-0.000000078240
0.515625000000,2.906250000000,-0.000000061005
0.515625000000,2.929687500000,-0.000000043662
0.515625000000,2.953125000000,-0.000000026253
0.515625000000,2.976562500000,-0.000000008823
0.515625000000,3.000000000000,0.000000000000
0.539062500000,0.000000000000,0.000000000000
0.539062500000,0.023437500000,0.000000022763
0.539062500000,0.046875000000,0.000000037893
0.539062500000,0.070312500000,0.000000052902
0.539062500000,0.093750000000,0.000000067753
0.539062500000,0.117187500000,0.000000082413
0.539062500000,0.140625000000,0.000000096848
0.539062500000,0.164062500000,0.000000111025
0.539062500000,0.187500000000,0.000000124912
0.539062500000,0.210937500000,0.000000138477
0.539062500000,0.234375000000,0.000000151687
0.539062500000,0.257812500000,0.000000164514
0.539062500000,0.281250000000,0.000000176925
0.539062500000,0.304687500000,0.000000188894
0.539062500000,0.328125000000,0.000000200391
0.539062500000,0.351562500000,0.000000211390
0.539062500000,0.375000000000,0.000000221863
0.539062500000,0.398437500000,0.000000231788
0.539062500000,0.421875000000,0.000000241139
0.539062500000,0.445312500000,0.000000249894
0.539062500000,0.468750000000,0.000000258030
0.539062500000,0.492187500000,0.000000265529
0.539062500000,0.515625000000,0.000000272370
0.539062500000,0.539062500000,0.000000278537
0.539062500000,0.562500000000,0.000000284014
0.539062500000,0.585937500000,0.000000288786
0.539062500000,0.609375000000,0.000000292838
0.539062500000,0.632812500000,0.000000296162
0.539062500000,0.656250000000,0.000000298746
0.539062500000,0.679687500000,0.000000300581
0.539062500000,0.703125000000,0.000000301660
0.539062500000,0.726562500000,0.000000301979
0.539062500000,0.750000000000,0.000000301535
0.539062500000,0.773437500000,0.000000300325
0.539062500000,0.796875000000,0.000000298349
0.539062500000,0.820312500000,0.000000295611
0.539062500000,0.843750000000,0.000000292111
0.539062500000,0.867187500000,0.000000287857
0.539062500000,0.890625000000,0.000000282854
0.539062500000,0.914062500000,0.000000277112
0.539062500000,0.937500000000,0.000000270641
0.539062500000,0.960937500000,0.000000263455
0.539062500000,0.984375000000,0.000000255565
0.539062500000,1.007812500000,0.000000246989
0.539062500000,1.031250000000,0.000000237744
0.539062500000,1.054687500000,0.000000227848
0.539062500000,1.078125000000,0.000000217323
0.539062500000,1.101562500000,0.000000206191
0.539062500000,1.125000000000,0.000000194476
0.539062500000,1.148437500000,0.000000182203
0.539062500000,1.171875000000,0.000000169399
0.539062500000,1.195312500000,0.000000156094
0.539062500000,1.218750000000,0.000000142316
0.539062500000,1.242187500000,0.000000128096
0.539062500000,1.265625000000,0.000000113466
0.539062500000,1.289062500000,0.000000098461
0.539062500000,1.312500000000,0.000000083116
0.539062500000,1.335937500000,0.000000067463
0.539062500000,1.359375000000,0.000000051543
0.539062500000,1.382812500000,0.000000035391
0.539062500000,1.406250000000,0.000000019045
0.539062500000,1.429687500000,0.000000002546
0.539062500000,1.453125000000,-0.000000014070
0.539062500000,1.476562500000,-0.000000030759
0.539062500000,1.500000000000,-0.000000047483
0.539062500000,1.523437500000,-0.000000064200
0.539062500000,1.546875000000,-0.000000080870
0.539062500000,1.570312500000,-0.000000097451
0.539062500000,1.593750000000,-0.000000113903
0.539062500000,1.617187500000,-0.000000130186
0.539062500000,1.640625000000,-0.000000146256
0.539062500000,1.664062500000,-0.000000162076
0.539062500000,1.687500000000,-0.000000177601
0.539062500000,1.710937500000,-0.000000192799
0.539062500000,1.734375000000,-0.000000207626
0.539062500000,1.757812500000,-0.000000222044
0.539062500000,1.781250000000,-0.000000236019
0.539062500000,1.804687500000,-0.000000249511
0.539062500000,1.828125000000,-0.000000262488
0.539062500000,1.851562500000,-0.000000274913
0.539062500000,1.875000000000,-0.000000286755
0.539062500000,1.898437500000,-0.000000297983
0.539062500000,1.921875000000,-0.000000308566
0.539062500000,1.945312500000,-0.000000318476
0.539062500000,1.968750000000,-0.000000327687
0.539062500000,1.992187500000,-0.000000336172
0.539062500000,2.015625000000,-0.000000343909
0.539062500000,2.039062500000,-0.000000350876
0.539062500000,2.062500000000,-0.000000357053
0.539062500000,2.085937500000,-0.000000362423
0.539062500000,2.109375000000,-0.000000366971
0.539062500000,2.132812500000,-0.000000370682
0.539062500000,2.156250000000,-0.000000373546
0.539062500000,2.179687500000,-0.000000375552
0.539062500000,2.203125000000,-0.000000376694
0.539062500000,2.226562500000,-0.000000376968
0.539062500000,2.250000000000,-0.000000376369
0.539062500000,2.273437500000,-0.000000374900
0.539062500000,2.296875000000,-0.000000372560
0.539062500000,2.320312500000,-0.000000369353
0.539062500000,2.343750000000,-0.000000365287
0.539062500000,2.367187500000,-0.000000360369
0.539062500000,2.390625000000,-0.000000354613
0.539062500000,2.414062500000,-0.000000348029
0.539062500000,2.437500000000,-0.000000340634
0.539062500000,2.460937500000,-0.000000332443
0.539062500000,2.484375000000,-0.000000323478
0.539062500000,2.507812500000,-0.000000313759
0.539062500000,2.531250000000,-0.000000303311
0.539062500000,2.554687500000,-0.000000292157
0.539062500000,2.578125000000,-0.000000280326
0.539062500000,2.601562500000,-0.000000267847
0.539062500000,2.625000000000,-0.000000254747
0.539062500000,2.648437500000,-0.000000241064
0.539062500000,2.671875000000,-0.000000226829
0.539062500000,2.695312500000,-0.000000212075
0.539062500000,2.718750000000,-0.000000196842
0.539062500000,2.742187500000,-0.000000181167
0.539062500000,2.765625000000,-0.000000165087
0.539062500000,2.789062500000,-0.000000148642
0.539062500000,2.812500000000,-0.000000131876
0.539062500000,2.835937500000,-0.000000114827
0.539062500000,2.859375000000,-0.000000097540
0.539062500000,2.882812500000,-0.000000080055
0.539062500000,2.906250000000,-0.000000062416
0.539062500000,2.929687500000,-0.000000044667
0.539062500000,2.953125000000,-0.000000026853
0.539062500000,2.976562500000,-0.000000009015
0.539062500000,3.000000000000,0.000000000000
0.562500000000,0.000000000000,0.000000000000
0.562500000000,0.023437500000,0.000000023238
0.562500000000,0.046875000000,0.000000038676
0.562500000000,0.070312500000,0.000000053990
0.562500000000,0.093750000000,0.000000069142
0.562500000000,0.117187500000,0.000000084099
0.562500000000,0.140625000000,0.000000098827
0.562500000000,0.164062500000,0.000000113290
0.562500000000,0.187500000000,0.000000127455
0.562500000000,0.210937500000,0.000000141291
0.562500000000,0.234375000000,0.000000154766
0.562500000000,0.257812500000,0.000000167845
0.562500000000,0.281250000000,0.000000180502
0.562500000000,0.304687500000,0.000000192705
0.562500000000,0.328125000000,0.000000204425
0.562500000000,0.351562500000,0.000000215637
0.562500000000,0.375000000000,0.000000226311
0.562500000000,0.398437500000,0.000000236425
0.562500000000,0.421875000000,0.000000245949
0.562500000000,0.445312500000,0.000000254867
0.562500000000,0.468750000000,0.000000263149
0.562500000000,0.492187500000,0.000000270783
0.562500000000,0.515625000000,0.000000277744
0.562500000000,0.539062500000,0.000000284014
0.562500000000,0.562500000000,0.000000289580
0.562500000000,0.585937500000,0.000000294424
0.562500000000,0.609375000000,0.000000298534
0.562500000000,0.632812500000,0.000000301899
0.562500000000,0.656250000000,0.000000304508
0.562500000000,0.679687500000,0.000000306352
0.562500000000,0.703125000000,0.000000307425
0.562500000000,0.726562500000,0.000000307722
0.562500000000,0.750000000000,0.000000307237
0.562500000000,0.773437500000,0.000000305973
0.562500000000,0.796875000000,0.000000303925
0.562500000000,0.820312500000,0.000000301100
0.562500000000,0.843750000000,0.000000297497
0.562500000000,0.867187500000,0.000000293123
0.562500000000,0.890625000000,0.000000287987
0.562500000000,0.914062500000,0.000000282096
0.562500000000,0.937500000000,0.000000275462
0.562500000000,0.960937500000,0.000000268097
0.562500000000,0.984375000000,0.000000260016
0.562500000000,1.007812500000,0.000000251235
0.562500000000,1.031250000000,0.000000241772
0.562500000000,1.054687500000,0.000000231646
0.562500000000,1.078125000000,0.000000220878
0.562500000000,1.101562500000,0.000000209492
0.562500000000,1.125000000000,0.000000197513
0.562500000000,1.148437500000,0.000000184965
0.562500000000,1.171875000000,0.000000171877
0.562500000000,1.195312500000,0.000000158278
0.562500000000,1.218750000000,0.000000144199
0.562500000000,1.242187500000,0.000000129670
0.562500000000,1.265625000000,0.000000114725
0.562500000000,1.289062500000,0.000000099398
0.562500000000,1.312500000000,0.000000083726
0.562500000000,1.335937500000,0.000000067744
0.562500000000,1.359375000000,0.000000051490
0.562500000000,1.382812500000,0.000000035000
0.562500000000,1.406250000000,0.000000018313
0.562500000000,1.429687500000,0.000000001475
0.562500000000,1.453125000000,-0.000000015482
0.562500000000,1.476562500000,-0.000000032511
0.562500000000,1.500000000000,-0.000000049574
0.562500000000,1.523437500000,-0.000000066629
0.562500000000,1.546875000000,-0.000000083633
0.562500000000,1.570312500000,-0.000000100545
0.562500000000,1.593750000000,-0.000000117323
0.562500000000,1.617187500000,-0.000000133924
0.562500000000,1.640625000000,-0.000000150311
0.562500000000,1.664062500000,-0.000000166438
0.562500000000,1.687500000000,-0.000000182264
0.562500000000,1.710937500000,-0.000000197752
0.562500000000,1.734375000000,-0.000000212861
0.562500000000,1.757812500000,-0.000000227553
0.562500000000,1.781250000000,-0.000000241789
0.562500000000,1.804687500000,-0.000000255533
0.562500000000,1.828125000000,-0.000000268748
0.562500000000,1.851562500000,-0.000000281401
0.562500000000,1.875000000000,-0.000000293456
0.562500000000,1.898437500000,-0.000000304885
0.562500000000,1.921875000000,-0.000000315655
0.562500000000,1.945312500000,-0.000000325737
0.562500000000,1.968750000000,-0.000000335105
0.562500000000,1.992187500000,-0.000000343732
0.562500000000,2.015625000000,-0.000000351596
0.562500000000,2.039062500000,-0.000000358673
0.562500000000,2.062500000000,-0.000000364945
0.562500000000,2.085937500000,-0.000000370393
0.562500000000,2.109375000000,-0.000000375002
0.562500000000,2.132812500000,-0.000000378757
0.562500000000,2.156250000000,-0.000000381648
0.562500000000,2.179687500000,-0.000000383665
0.562500000000,2.203125000000,-0.000000384799
0.562500000000,2.226562500000,-0.000000385050
0.562500000000,2.250000000000,-0.000000384410
0.562500000000,2.273437500000,-0.000000382882
0.562500000000,2.296875000000,-0.000000380466
0.562500000000,2.320312500000,-0.000000377169
0.562500000000,2.343750000000,-0.000000372994
0.562500000000,2.367187500000,-0.000000367953
0.562500000000,2.390625000000,-0.000000362055
0.562500000000,2.414062500000,-0.000000355315
0.562500000000,2.437500000000,-0.000000347748
0.562500000000,2.460937500000,-0.000000339370
0.562500000000,2.484375000000,-0.000000330205
0.562500000000,2.507812500000,-0.000000320270
0.562500000000,2.531250000000,-0.000000309592
0.562500000000,2.554687500000,-0.000000298194
0.562500000000,2.578125000000,-0.000000286110
0.562500000000,2.601562500000,-0.000000273363
0.562500000000,2.625000000000,-0.000000259986
0.562500000000,2.648437500000,-0.000000246013
0.562500000000,2.671875000000,-0.000000231477
0.562500000000,2.695312500000,-0.000000216416
0.562500000000,2.718750000000,-0.000000200865
0.562500000000,2.742187500000,-0.000000184865
0.562500000000,2.765625000000,-0.000000168452
0.562500000000,2.789062500000,-0.000000151669
0.562500000000,2.812500000000,-0.000000134556
0.562500000000,2.835937500000,-0.000000117159
0.562500000000,2.859375000000,-0.000000099516
0.562500000000,2.882812500000,-0.000000081673
0.562500000000,2.906250000000,-0.000000063675
0.562500000000,2.929687500000,-0.000000045565
0.562500000000,2.953125000000,-0.000000027386
0.562500000000,2.976562500000,-0.000000009186
0.562500000000,3.000000000000,0.000000000000
0.585937500000,0.000000000000,0.000000000000
0.585937500000,0.023437500000,0.000000023657
0.585937500000,0.046875000000,0.000000039366
0.585937500000,0.070312500000,0.000000054947
0.585937500000,0.093750000000,0.000000070364
0.585937500000,0.117187500000,0.000000085582
0.585937500000,0.140625000000,0.000000100565
0.585937500000,0.164062500000,0.000000115279
0.585937500000,0.187500000000,0.000000129689
0.585937500000,0.210937500000,0.000000143761
0.585937500000,0.234375000000,0.000000157466
0.585937500000,0.257812500000,0.000000170768
0.585937500000,0.281250000000,0.000000183637
0.585937500000,0.304687500000,0.000000196047
0.585937500000,0.328125000000,0.000000207962
0.585937500000,0.351562500000,0.000000219357
0.585937500000,0.375000000000,0.000000230205
0.585937500000,0.398437500000,0.000000240480
0.585937500000,0.421875000000,0.000000250156
0.585937500000,0.445312500000,0.000000259210
0.585937500000,0.468750000000,0.000000267621
0.585937500000,0.492187500000,0.000000275367
0.585937500000,0.515625000000,0.000000282427
0.585937500000,0.539062500000,0.000000288785
0.585937500000,0.562500000000,0.000000294424
0.585937500000,0.585937500000,0.000000299328
0.585937500000,0.609375000000,0.000000303484
0.585937500000,0.632812500000,0.000000306879
0.585937500000,0.656250000000,0.000000309506
0.585937500000,0.679687500000,0.000000311352
0.585937500000,0.703125000000,0.000000312413
0.585937500000,0.726562500000,0.000000312684
0.585937500000,0.750000000000,0.000000312158
0.585937500000,0.773437500000,0.000000310837
0.585937500000,0.796875000000,0.000000308721
0.585937500000,0.820312500000,0.000000305811
0.585937500000,0.843750000000,0.000000302111
0.585937500000,0.867187500000,0.000000297628
0.585937500000,0.890625000000,0.000000292366
0.585937500000,0.914062500000,0.000000286339
0.585937500000,0.937500000000,0.000000279555
0.585937500000,0.960937500000,0.000000272027
0.585937500000,0.984375000000,0.000000263771
0.585937500000,1.007812500000,0.000000254803
0.585937500000,1.031250000000,0.000000245142
0.585937500000,1.054687500000,0.000000234808
0.585937500000,1.078125000000,0.000000223822
0.585937500000,1.101562500000,0.000000212207
0.585937500000,1.125000000000,0.000000199990
0.585937500000,1.148437500000,0.000000187196
0.585937500000,1.171875000000,0.000000173854
0.585937500000,1.195312500000,0.000000159992
0.585937500000,1.218750000000,0.000000145644
0.585937500000,1.242187500000,0.000000130841
0.585937500000,1.265625000000,0.000000115615
0.585937500000,1.289062500000,0.000000100003
0.585937500000,1.312500000000,0.000000084042
0.585937500000,1.335937500000,0.000000067765
0.585937500000,1.359375000000,0.000000051214
0.585937500000,1.382812500000,0.000000034426
0.585937500000,1.406250000000,0.000000017443
0.585937500000,1.429687500000,0.000000000302
0.585937500000,1.453125000000,-0.000000016953
0.585937500000,1.476562500000,-0.000000034283
0.585937500000,1.500000000000,-0.000000051643
0.585937500000,1.523437500000,-0.000000068993
0.585937500000,1.546875000000,-0.000000086288
0.585937500000,1.570312500000,-0.000000103490
0.585937500000,1.593750000000,-0.000000120551
0.585937500000,1.617187500000,-0.000000137433
0.585937500000,1.640625000000,-0.000000154090
0.585937500000,1.664062500000,-0.000000170484
0.585937500000,1.687500000000,-0.000000186570
0.585937500000,1.710937500000,-0.000000202310
0.585937500000,1.734375000000,-0.000000217665
0.585937500000,1.757812500000,-0.000000232590
0.585937500000,1.781250000000,-0.000000247051
0.585937500000,1.804687500000,-0.000000261009
0.585937500000,1.828125000000,-0.000000274430
0.585937500000,1.851562500000,-0.000000287277
0.585937500000,1.875000000000,-0.000000299514
0.585937500000,1.898437500000,-0.000000311113
0.585937500000,1.921875000000,-0.000000322041
0.585937500000,1.945312500000,-0.000000332268
0.585937500000,1.968750000000,-0.000000341767
0.585937500000,1.992187500000,-0.000000350513
0.585937500000,2.015625000000,-0.000000358481
0.585937500000,2.039062500000,-0.000000365649
0.585937500000,2.062500000000,-0.000000371997
0.585937500000,2.085937500000,-0.000000377507
0.585937500000,2.109375000000,-0.000000382163
0.585937500000,2.132812500000,-0.000000385950
0.585937500000,2.156250000000,-0.000000388859
0.585937500000,2.179687500000,-0.000000390879
0.585937500000,2.203125000000,-0.000000392002
0.585937500000,2.226562500000,-0.000000392224
0.585937500000,2.250000000000,-0.000000391542
0.585937500000,2.273437500000,-0.000000389956
0.585937500000,2.296875000000,-0.000000387471
0.585937500000,2.320312500000,-0.000000384086
0.585937500000,2.343750000000,-0.000000379811
0.585937500000,2.367187500000,-0.000000374656
0.585937500000,2.390625000000,-0.000000368629
0.585937500000,2.414062500000,-0.000000361747
0.585937500000,2.437500000000,-0.000000354025
0.585937500000,2.460937500000,-0.000000345479
0.585937500000,2.484375000000,-0.000000336133
0.585937500000,2.507812500000,-0.000000326006
0.585937500000,2.531250000000,-0.000000315123
0.585937500000,2.554687500000,-0.000000303511
0.585937500000,2.578125000000,-0.000000291199
0.585937500000,2.601562500000,-0.000000278213
0.585937500000,2.625000000000,-0.000000264592
0.585937500000,2.648437500000,-0.000000250362
0.585937500000,2.671875000000,-0.000000235564
0.585937500000,2.695312500000,-0.000000220228
0.585937500000,2.718750000000,-0.000000204398
0.585937500000,2.742187500000,-0.000000188111
0.585937500000,2.765625000000,-0.000000171404
0.585937500000,2.789062500000,-0.000000154323
0.585937500000,2.812500000000,-0.000000136909
0.585937500000,2.835937500000,-0.000000119202
0.585937500000,2.859375000000,-0.000000101249
0.585937500000,2.882812500000,-0.000000083092
0.585937500000,2.906250000000,-0.000000064777
0.585937500000,2.929687500000,-0.000000046349
0.585937500000,2.953125000000,-0.000000027853
0.585937500000,2.976562500000,-0.000000009334
0.585937500000,3.000000000000,0.000000000000
0.609375000000,0.000000000000,0.000000000000
0.609375000000,0.023437500000,0.000000024018
0.609375000000,0.046875000000,0.000000039960
0.609375000000,0.070312500000,0.000000055771
0.609375000000,0.093750000000,0.000000071416
0.609375000000,0.117187500000,0.000000086857
0.609375000000,0.140625000000,0.000000102059
0.609375000000,0.164062500000,0.000000116987
0.609375000000,0.187500000000,0.000000131607
0.609375000000,0.210937500000,0.000000145883
0.609375000000,0.234375000000,0.000000159783
0.609375000000,0.257812500000,0.000000173276
0.609375000000,0.281250000000,0.000000186327
0.609375000000,0.304687500000,0.000000198908
0.609375000000,0.328125000000,0.000000210988
0.609375000000,0.351562500000,0.000000222539
0.609375000000,0.375000000000,0.000000233532
0.609375000000,0.398437500000,0.000000243944
0.609375000000,0.421875000000,0.000000253747
0.609375000000,0.445312500000,0.000000262917
0.609375000000,0.468750000000,0.000000271432
0.609375000000,0.492187500000,0.000000279269
0.609375000000,0.515625000000,0.000000286412
0.609375000000,0.539062500000,0.000000292839
0.609375000000,0.562500000000,0.000000298536
0.609375000000,0.585937500000,0.000000303484
0.609375000000,0.609375000000,0.000000307673
0.609375000000,0.632812500000,0.000000311090
0.609375000000,0.656250000000,0.000000313722
0.609375000000,0.679687500000,0.000000315564
0.609375000000,0.703125000000,0.000000316608
0.609375000000,0.726562500000,0.000000316848
0.609375000000,0.750000000000,0.000000316281
0.609375000000,0.773437500000,0.000000314906
0.609375000000,0.796875000000,0.000000312724
0.609375000000,0.820312500000,0.000000309734
0.609375000000,0.843750000000,0.000000305943
0.609375000000,0.867187500000,0.000000301357
0.609375000000,0.890625000000,0.000000295981
0.609375000000,0.914062500000,0.000000289828
0.609375000000,0.937500000000,0.000000282907
0.609375000000,0.960937500000,0.000000275232
0.609375000000,0.984375000000,0.000000266819
0.609375000000,1.007812500000,0.000000257684
0.609375000000,1.031250000000,0.000000247846
0.609375000000,1.054687500000,0.000000237325
0.609375000000,1.078125000000,0.000000226145
0.609375000000,1.101562500000,0.000000214328
0.609375000000,1.125000000000,0.000000201901
0.609375000000,1.148437500000,0.000000188888
0.609375000000,1.171875000000,0.000000175322
0.609375000000,1.195312500000,0.000000161231
0.609375000000,1.218750000000,0.000000146647
0.609375000000,1.242187500000,0.000000131603
0.609375000000,1.265625000000,0.000000116131
0.609375000000,1.289062500000,0.000000100273
0.609375000000,1.312500000000,0.000000084059
0.609375000000,1.335937500000,0.000000067527
0.609375000000,1.359375000000,0.000000050720
0.609375000000,1.382812500000,0.000000033674
0.609375000000,1.406250000000,0.000000016432
0.609375000000,1.429687500000,-0.000000000967
0.609375000000,1.453125000000,-0.000000018479
0.609375000000,1.476562500000,-0.000000036066
0.609375000000,1.500000000000,-0.000000053681
0.609375000000,1.523437500000,-0.000000071282
0.609375000000,1.546875000000,-0.000000088827
0.609375000000,1.570312500000,-0.000000106273
0.609375000000,1.593750000000,-0.000000123578
0.609375000000,1.617187500000,-0.000000140695
0.609375000000,1.640625000000,-0.000000157584
0.609375000000,1.664062500000,-0.000000174203
0.609375000000,1.687500000000,-0.000000190509
0.609375000000,1.710937500000,-0.000000206461
0.609375000000,1.734375000000,-0.000000222018
0.609375000000,1.757812500000,-0.000000237141
0.609375000000,1.781250000000,-0.000000251789
0.609375000000,1.804687500000,-0.000000265927
0.609375000000,1.828125000000,-0.000000279516
0.609375000000,1.851562500000,-0.000000292523
0.609375000000,1.875000000000,-0.000000304911
0.609375000000,1.898437500000,-0.000000316649
0.609375000000,1.921875000000,-0.000000327704
0.609375000000,1.945312500000,-0.000000338048
0.609375000000,1.968750000000,-0.000000347653
0.609375000000,1.992187500000,-0.000000356493
0.609375000000,2.015625000000,-0.000000364543
0.609375000000,2.039062500000,-0.000000371781
0.609375000000,2.062500000000,-0.000000378187
0.609375000000,2.085937500000,-0.000000383742
0.609375000000,2.109375000000,-0.000000388431
0.609375000000,2.132812500000,-0.000000392239
0.609375000000,2.156250000000,-0.000000395155
0.609375000000,2.179687500000,-0.000000397170
0.609375000000,2.203125000000,-0.000000398274
0.609375000000,2.226562500000,-0.000000398467
0.609375000000,2.250000000000,-0.000000397742
0.609375000000,2.273437500000,-0.000000396101
0.609375000000,2.296875000000,-0.000000393547
0.609375000000,2.320312500000,-0.000000390083
0.609375000000,2.343750000000,-0.000000385716
0.609375000000,2.367187500000,-0.000000380456
0.609375000000,2.390625000000,-0.000000374315
0.609375000000,2.414062500000,-0.000000367307
0.609375000000,2.437500000000,-0.000000359445
0.609375000000,2.460937500000,-0.000000350750
0.609375000000,2.484375000000,-0.000000341244
0.609375000000,2.507812500000,-0.000000330948
0.609375000000,2.531250000000,-0.000000319886
0.609375000000,2.554687500000,-0.000000308086
0.609375000000,2.578125000000,-0.000000295576
0.609375000000,2.601562500000,-0.000000282386
0.609375000000,2.625000000000,-0.000000268549
0.609375000000,2.648437500000,-0.000000254099
0.609375000000,2.671875000000,-0.000000239071
0.609375000000,2.695312500000,-0.000000223500
0.609375000000,2.718750000000,-0.000000207430
0.609375000000,2.742187500000,-0.000000190894
0.609375000000,2.765625000000,-0.000000173937
0.609375000000,2.789062500000,-0.000000156598
0.609375000000,2.812500000000,-0.000000138922
0.609375000000,2.835937500000,-0.000000120952
0.609375000000,2.859375000000,-0.000000102732
0.609375000000,2.882812500000,-0.000000084306
0.609375000000,2.906250000000,-0.000000065720
0.609375000000,2.929687500000,-0.000000047020
0.609375000000,2.953125000000,-0.000000028250
0.609375000000,2.976562500000,-0.000000009458
0.609375000000,3.000000000000,0.000000000000
0.632812500000,0.000000000000,0.000000000000
0.632812500000,0.023437500000,0.000000024321
0.632812500000,0.046875000000,0.000000040457
0.632812500000,0.070312500000,0.000000056460
0.632812500000,0.093750000000,0.000000072294
0.632812500000,0.117187500000,0.000000087921
0.632812500000,0.140625000000,0.000000103306
0.632812500000,0.164062500000,0.000000118411
0.632812500000,0.187500000000,0.000000133204
0.632812500000,0.210937500000,0.000000147649
0.632812500000,0.234375000000,0.000000161712
0.632812500000,0.257812500000,0.000000175360
0.632812500000,0.281250000000,0.000000188560
0.632812500000,0.304687500000,0.000000201282
0.632812500000,0.328125000000,0.000000213498
0.632812500000,0.351562500000,0.000000225175
0.632812500000,0.375000000000,0.000000236286
0.632812500000,0.398437500000,0.000000246808
0.632812500000,0.421875000000,0.000000256710
0.632812500000,0.445312500000,0.000000265972
0.632812500000,0.468750000000,0.000000274568
0.632812500000,0.492187500000,0.000000282479
0.632812500000,0.515625000000,0.000000289683
0.632812500000,0.539062500000,0.000000296162
0.632812500000,0.562500000000,0.000000301899
0.632812500000,0.585937500000,0.000000306881
0.632812500000,0.609375000000,0.000000311089
0.632812500000,0.632812500000,0.000000314516
0.632812500000,0.656250000000,0.000000317148
0.632812500000,0.679687500000,0.000000318978
0.632812500000,0.703125000000,0.000000320000
0.632812500000,0.726562500000,0.000000320207
0.632812500000,0.750000000000,0.000000319596
0.632812500000,0.773437500000,0.000000318166
0.632812500000,0.796875000000,0.000000315919
0.632812500000,0.820312500000,0.000000312856
0.632812500000,0.843750000000,0.000000308980
0.632812500000,0.867187500000,0.000000304299
0.632812500000,0.890625000000,0.000000298820
0.632812500000,0.914062500000,0.000000292553
0.632812500000,0.937500000000,0.000000285509
0.632812500000,0.960937500000,0.000000277704
0.632812500000,0.984375000000,0.000000269151
0.632812500000,1.007812500000,0.000000259868
0.632812500000,1.031250000000,0.000000249874
0.632812500000,1.054687500000,0.000000239191
0.632812500000,1.078125000000,0.000000227841
0.632812500000,1.101562500000,0.000000215848
0.632812500000,1.125000000000,0.000000203238
0.632812500000,1.148437500000,0.000000190038
0.632812500000,1.171875000000,0.000000176280
0.632812500000,1.195312500000,0.000000161991
0.632812500000,1.218750000000,0.000000147204
0.632812500000,1.242187500000,0.000000131954
0.632812500000,1.265625000000,0.000000116277
0.632812500000,1.289062500000,0.000000100204
0.632812500000,1.312500000000,0.000000083777
0.632812500000,1.335937500000,0.000000067032
0.632812500000,1.359375000000,0.000000050009
0.632812500000,1.382812500000,0.000000032747
0.632812500000,1.406250000000,0.000000015287
0.632812500000,1.429687500000,-0.000000002327
0.632812500000,1.453125000000,-0.000000020055
0.632812500000,1.476562500000,-0.000000037854
0.632812500000,1.500000000000,-0.000000055682
0.632812500000,1.523437500000,-0.000000073492
0.632812500000,1.546875000000,-0.000000091242
0.632812500000,1.570312500000,-0.000000108890
0.632812500000,1.593750000000,-0.000000126392
0.632812500000,1.617187500000,-0.000000143703
0.632812500000,1.640625000000,-0.000000160781
0.632812500000,1.664062500000,-0.000000177583
0.632812500000,1.687500000000,-0.000000194066
0.632812500000,1.710937500000,-0.000000210188
0.632812500000,1.734375000000,-0.000000225909
0.632812500000,1.757812500000,-0.000000241190
0.632812500000,1.781250000000,-0.000000255988
0.632812500000,1.804687500000,-0.000000270268
0.632812500000,1.828125000000,-0.000000283991
0.632812500000,1.851562500000,-0.000000297122
0.632812500000,1.875000000000,-0.000000309628
0.632812500000,1.898437500000,-0.000000321472
0.632812500000,1.921875000000,-0.000000332626
0.632812500000,1.945312500000,-0.000000343060
0.632812500000,1.968750000000,-0.000000352744
0.632812500000,1.992187500000,-0.000000361653
0.632812500000,2.015625000000,-0.000000369763
0.632812500000,2.039062500000,-0.000000377050
0.632812500000,2.062500000000,-0.000000383495
0.632812500000,2.085937500000,-0.000000389079
0.632812500000,2.109375000000,-0.000000393786
0.632812500000,2.132812500000,-0.000000397603
0.632812500000,2.156250000000,-0.000000400516
0.632812500000,2.179687500000,-0.000000402518
0.632812500000,2.203125000000,-0.000000403600
0.632812500000,2.226562500000,-0.000000403758
0.632812500000,2.250000000000,-0.000000402990
0.632812500000,2.273437500000,-0.000000401295
0.632812500000,2.296875000000,-0.000000398677
0.632812500000,2.320312500000,-0.000000395139
0.632812500000,2.343750000000,-0.000000390689
0.632812500000,2.367187500000,-0.000000385336
0.632812500000,2.390625000000,-0.000000379092
0.632812500000,2.414062500000,-0.000000371971
0.632812500000,2.437500000000,-0.000000363991
0.632812500000,2.460937500000,-0.000000355167
0.632812500000,2.484375000000,-0.000000345524
0.632812500000,2.507812500000,-0.000000335081
0.632812500000,2.531250000000,-0.000000323867
0.632812500000,2.554687500000,-0.000000311906
0.632812500000,2.578125000000,-0.000000299228
0.632812500000,2.601562500000,-0.000000285863
0.632812500000,2.625000000000,-0.000000271846
0.632812500000,2.648437500000,-0.000000257210
0.632812500000,2.671875000000,-0.000000241987
0.632812500000,2.695312500000,-0.000000226222
0.632812500000,2.718750000000,-0.000000209947
0.632812500000,2.742187500000,-0.000000193205
0.632812500000,2.765625000000,-0.000000176037
0.632812500000,2.789062500000,-0.000000158485
0.632812500000,2.812500000000,-0.000000140592
0.632812500000,2.835937500000,-0.000000122402
0.632812500000,2.859375000000,-0.000000103960
0.632812500000,2.882812500000,-0.000000085310
0.632812500000,2.906250000000,-0.000000066500
0.632812500000,2.929687500000,-0.000000047573
0.632812500000,2.953125000000,-0.000000028578
0.632812500000,2.976562500000,-0.000000009560
0.632812500000,3.000000000000,0.000000000000
0.656250000000,0.000000000000,0.000000000000
0.656250000000,0.023437500000,0.000000024565
0.656250000000,0.046875000000,0.000000040856
0.656250000000,0.070312500000,0.000000057011
0.656250000000,0.093750000000,0.000000072996
0.656250000000,0.117187500000,0.000000088771
0.656250000000,0.140625000000,0.000000104300
0.656250000000,0.164062500000,0.000000119547
0.656250000000,0.187500000000,0.000000134476
0.656250000000,0.210937500000,0.000000149054
0.656250000000,0.234375000000,0.000000163243
0.656250000000,0.257812500000,0.000000177012
0.656250000000,0.281250000000,0.000000190329
0.656250000000,0.304687500000,0.000000203162
0.656250000000,0.328125000000,0.000000215482
0.656250000000,0.351562500000,0.000000227256
0.656250000000,0.375000000000,0.000000238459
0.656250000000,0.398437500000,0.000000249062
0.656250000000,0.421875000000,0.000000259040
0.656250000000,0.445312500000,0.000000268368
0.656250000000,0.468750000000,0.000000277024
0.656250000000,0.492187500000,0.000000284986
0.656250000000,0.515625000000,0.000000292232
0.656250000000,0.539062500000,0.000000298745
0.656250000000,0.562500000000,0.000000304508
0.656250000000,0.585937500000,0.000000309506
0.656250000000,0.609375000000,0.000000313723
0.656250000000,0.632812500000,0.000000317148
0.656250000000,0.656250000000,0.000000319770
0.656250000000,0.679687500000,0.000000321582
0.656250000000,0.703125000000,0.000000322576
0.656250000000,0.726562500000,0.000000322747
0.656250000000,0.750000000000,0.000000322092
0.656250000000,0.773437500000,0.000000320610
0.656250000000,0.796875000000,0.000000318301
0.656250000000,0.820312500000,0.000000315167
0.656250000000,0.843750000000,0.000000311214
0.656250000000,0.867187500000,0.000000306446
0.656250000000,0.890625000000,0.000000300873
0.656250000000,0.914062500000,0.000000294505
0.656250000000,0.937500000000,0.000000287354
0.656250000000,0.960937500000,0.000000279434
0.656250000000,0.984375000000,0.000000270759
0.656250000000,1.007812500000,0.000000261349
0.656250000000,1.031250000000,0.000000251222
0.656250000000,1.054687500000,0.000000240399
0.656250000000,1.078125000000,0.000000228905
0.656250000000,1.101562500000,0.000000216762
0.656250000000,1.125000000000,0.000000203999
0.656250000000,1.148437500000,0.000000190642
0.656250000000,1.171875000000,0.000000176722
0.656250000000,1.195312500000,0.000000162267
0.656250000000,1.218750000000,0.000000147315
0.656250000000,1.242187500000,0.000000131895
0.656250000000,1.265625000000,0.000000116045
0.656250000000,1.289062500000,0.000000099801
0.656250000000,1.312500000000,0.000000083200
0.656250000000,1.335937500000,0.000000066279
0.656250000000,1.359375000000,0.000000049081
0.656250000000,1.382812500000,0.000000031644
0.656250000000,1.406250000000,0.000000014011
0.656250000000,1.429687500000,-0.000000003775
0.656250000000,1.453125000000,-0.000000021675
0.656250000000,1.476562500000,-0.000000039644
0.656250000000,1.500000000000,-0.000000057639
0.656250000000,1.523437500000,-0.000000075612
0.656250000000,1.546875000000,-0.000000093525
0.656250000000,1.570312500000,-0.000000111332
0.656250000000,1.593750000000,-0.000000128987
0.656250000000,1.617187500000,-0.000000146447
0.656250000000,1.640625000000,-0.000000163671
0.656250000000,1.664062500000,-0.000000180614
0.656250000000,1.687500000000,-0.000000197230
0.656250000000,1.710937500000,-0.000000213482
0.656250000000,1.734375000000,-0.000000229327
0.656250000000,1.757812500000,-0.000000244724
0.656250000000,1.781250000000,-0.000000259634
0.656250000000,1.804687500000,-0.000000274018
0.656250000000,1.828125000000,-0.000000287838
0.656250000000,1.851562500000,-0.000000301060
0.656250000000,1.875000000000,-0.000000313648
0.656250000000,1.898437500000,-0.000000325568
0.656250000000,1.921875000000,-0.000000336790
0.656250000000,1.945312500000,-0.000000347285
0.656250000000,1.968750000000,-0.000000357021
0.656250000000,1.992187500000,-0.000000365975
0.656250000000,2.015625000000,-0.000000374121
0.656250000000,2.039062500000,-0.000000381437
0.656250000000,2.062500000000,-0.000000387902
0.656250000000,2.085937500000,-0.000000393498
0.656250000000,2.109375000000,-0.000000398210
0.656250000000,2.132812500000,-0.000000402022
0.656250000000,2.156250000000,-0.000000404923
0.656250000000,2.179687500000,-0.000000406904
0.656250000000,2.203125000000,-0.000000407957
0.656250000000,2.226562500000,-0.000000408079
0.656250000000,2.250000000000,-0.000000407267
0.656250000000,2.273437500000,-0.000000405520
0.656250000000,2.296875000000,-0.000000402842
0.656250000000,2.320312500000,-0.000000399237
0.656250000000,2.343750000000,-0.000000394711
0.656250000000,2.367187500000,-0.000000389277
0.656250000000,2.390625000000,-0.000000382944
0.656250000000,2.414062500000,-0.000000375727
0.656250000000,2.437500000000,-0.000000367645
0.656250000000,2.460937500000,-0.000000358711
0.656250000000,2.484375000000,-0.000000348953
0.656250000000,2.507812500000,-0.000000338390
0.656250000000,2.531250000000,-0.000000327048
0.656250000000,2.554687500000,-0.000000314956
0.656250000000,2.578125000000,-0.000000302141
0.656250000000,2.601562500000,-0.000000288636
0.656250000000,2.625000000000,-0.000000274470
0.656250000000,2.648437500000,-0.000000259682
0.656250000000,2.671875000000,-0.000000244305
0.656250000000,2.695312500000,-0.000000228380
0.656250000000,2.718750000000,-0.000000211945
0.656250000000,2.742187500000,-0.000000195037
0.656250000000,2.765625000000,-0.000000177701
0.656250000000,2.789062500000,-0.000000159978
0.656250000000,2.812500000000,-0.000000141912
0.656250000000,2.835937500000,-0.000000123547
0.656250000000,2.859375000000,-0.000000104929
0.656250000000,2.882812500000,-0.000000086102
0.656250000000,2.906250000000,-0.000000067113
0.656250000000,2.929687500000,-0.000000048008
0.656250000000,2.953125000000,-0.000000028834
0.656250000000,2.976562500000,-0.000000009637
0.656250000000,3.000000000000,0.000000000000
0.679687500000,0.000000000000,0.000000000000
0.679687500000,0.023437500000,0.000000024749
0.679687500000,0.046875000000,0.000000041155
0.679687500000,0.070312500000,0.000000057424
0.679687500000,0.093750000000,0.000000073520
0.679687500000,0.117187500000,0.000000089403
0.679687500000,0.140625000000,0.000000105040
0.679687500000,0.164062500000,0.000000120389
0.679687500000,0.187500000000,0.000000135419
0.679687500000,0.210937500000,0.000000150092
0.679687500000,0.234375000000,0.000000164374
0.679687500000,0.257812500000,0.000000178232
0.679687500000,0.281250000000,0.000000191631
0.679687500000,0.304687500000,0.000000204542
0.679687500000,0.328125000000,0.000000216935
0.679687500000,0.351562500000,0.000000228777
0.679687500000,0.375000000000,0.000000240040
0.679687500000,0.398437500000,0.000000250698
0.679687500000,0.421875000000,0.000000260727
0.679687500000,0.445312500000,0.000000270097
0.679687500000,0.468750000000,0.000000278791
0.679687500000,0.492187500000,0.000000286781
0.679687500000,0.515625000000,0.000000294049
0.679687500000,0.539062500000,0.000000300581
0.679687500000,0.562500000000,0.000000306352
0.679687500000,0.585937500000,0.000000311353
0.679687500000,0.609375000000,0.000000315564
0.679687500000,0.632812500000,0.000000318978
0.679687500000,0.656250000000,0.000000321582
0.679687500000,0.679687500000,0.000000323368
0.679687500000,0.703125000000,0.000000324330
0.679687500000,0.726562500000,0.000000324462
0.679687500000,0.750000000000,0.000000323762
0.679687500000,0.773437500000,0.000000322227
0.679687500000,0.796875000000,0.000000319858
0.679687500000,0.820312500000,0.000000316660
0.679687500000,0.843750000000,0.000000312635
0.679687500000,0.867187500000,0.000000307791
0.679687500000,0.890625000000,0.000000302136
0.679687500000,0.914062500000,0.000000295679
0.679687500000,0.937500000000,0.000000288435
0.679687500000,0.960937500000,0.000000280416
0.679687500000,0.984375000000,0.000000271639
0.679687500000,1.007812500000,0.000000262121
0.679687500000,1.031250000000,0.000000251883
0.679687500000,1.054687500000,0.000000240945
0.679687500000,1.078125000000,0.000000229333
0.679687500000,1.101562500000,0.000000217068
0.679687500000,1.125000000000,0.000000204181
0.679687500000,1.148437500000,0.000000190697
0.679687500000,1.171875000000,0.000000176648
0.679687500000,1.195312500000,0.000000162064
0.679687500000,1.218750000000,0.000000146979
0.679687500000,1.242187500000,0.000000131426
0.679687500000,1.265625000000,0.000000115442
0.679687500000,1.289062500000,0.000000099063
0.679687500000,1.312500000000,0.000000082327
0.679687500000,1.335937500000,0.000000065273
0.679687500000,1.359375000000,0.000000047942
0.679687500000,1.382812500000,0.000000030372
0.679687500000,1.406250000000,0.000000012609
0.679687500000,1.429687500000,-0.000000005308
0.679687500000,1.453125000000,-0.000000023335
0.679687500000,1.476562500000,-0.000000041428
0.679687500000,1.500000000000,-0.000000059543
0.679687500000,1.523437500000,-0.000000077638
0.679687500000,1.546875000000,-0.000000095667
0.679687500000,1.570312500000,-0.000000113587
0.679687500000,1.593750000000,-0.000000131352
0.679687500000,1.617187500000,-0.000000148917
0.679687500000,1.640625000000,-0.000000166243
0.679687500000,1.664062500000,-0.000000183280
0.679687500000,1.687500000000,-0.000000199989
0.679687500000,1.710937500000,-0.000000216329
0.679687500000,1.734375000000,-0.000000232256
0.679687500000,1.757812500000,-0.000000247730
0.679687500000,1.781250000000,-0.000000262711
0.679687500000,1.804687500000,-0.000000277161
0.679687500000,1.828125000000,-0.000000291043
0.679687500000,1.851562500000,-0.000000304319
0.679687500000,1.875000000000,-0.000000316957
0.679687500000,1.898437500000,-0.000000328921
0.679687500000,1.921875000000,-0.000000340181
0.679687500000,1.945312500000,-0.000000350706
0.679687500000,1.968750000000,-0.000000360469
0.679687500000,1.992187500000,-0.000000369442
0.679687500000,2.015625000000,-0.000000377601
0.679687500000,2.039062500000,-0.000000384924
0.679687500000,2.062500000000,-0.000000391391
0.679687500000,2.085937500000,-0.000000396983
0.679687500000,2.109375000000,-0.000000401683
0.679687500000,2.132812500000,-0.000000405478
0.679687500000,2.156250000000,-0.000000408358
0.679687500000,2.179687500000,-0.000000410310
0.679687500000,2.203125000000,-0.000000411330
0.679687500000,2.226562500000,-0.000000411412
0.679687500000,2.250000000000,-0.000000410555
0.679687500000,2.273437500000,-0.000000408759
0.679687500000,2.296875000000,-0.000000406024
0.679687500000,2.320312500000,-0.000000402358
0.679687500000,2.343750000000,-0.000000397768
0.679687500000,2.367187500000,-0.000000392263
0.679687500000,2.390625000000,-0.000000385855
0.679687500000,2.414062500000,-0.000000378558
0.679687500000,2.437500000000,-0.000000370390
0.679687500000,2.460937500000,-0.000000361371
0.679687500000,2.484375000000,-0.000000351520
0.679687500000,2.507812500000,-0.000000340861
0.679687500000,2.531250000000,-0.000000329420
0.679687500000,2.554687500000,-0.000000317224
0.679687500000,2.578125000000,-0.000000304302
0.679687500000,2.601562500000,-0.000000290687
0.679687500000,2.625000000000,-0.000000276411
0.679687500000,2.648437500000,-0.000000261506
0.679687500000,2.671875000000,-0.000000246014
0.679687500000,2.695312500000,-0.000000229969
0.679687500000,2.718750000000,-0.000000213410
0.679687500000,2.742187500000,-0.000000196380
0.679687500000,2.765625000000,-0.000000178918
0.679687500000,2.789062500000,-0.000000161069
0.679687500000,2.812500000000,-0.000000142876
0.679687500000,2.835937500000,-0.000000124383
0.679687500000,2.859375000000,-0.000000105634
0.679687500000,2.882812500000,-0.000000086678
0.679687500000,2.906250000000,-0.000000067558
0.679687500000,2.929687500000,-0.000000048323
0.679687500000,2.953125000000,-0.000000029018
0.679687500000,2.976562500000,-0.000000009690
0.679687500000,3.000000000000,0.000000000000
0.703125000000,0.000000000000,0.000000000000
0.703125000000,0.023437500000,0.000000024873
0.703125000000,0.046875000000,0.000000041352
0.703125000000,0.070312500000,0.000000057695
0.703125000000,0.093750000000,0.000000073863
0.703125000000,0.117187500000,0.000000089817
0.703125000000,0.140625000000,0.000000105520
0.703125000000,0.164062500000,0.000000120936
0.703125000000,0.187500000000,0.000000136028
0.703125000000,0.210937500000,0.000000150760
0.703125000000,0.234375000000,0.000000165100
0.703125000000,0.257812500000,0.000000179010
0.703125000000,0.281250000000,0.000000192460
0.703125000000,0.304687500000,0.000000205417
0.703125000000,0.328125000000,0.000000217849
0.703125000000,0.351562500000,0.000000229728
0.703125000000,0.375000000000,0.000000241026
0.703125000000,0.398437500000,0.000000251712
0.703125000000,0.421875000000,0.000000261763
0.703125000000,0.445312500000,0.000000271153
0.703125000000,0.468750000000,0.000000279859
0.703125000000,0.492187500000,0.000000287859
0.703125000000,0.515625000000,0.000000295132
0.703125000000,0.539062500000,0.000000301660
0.703125000000,0.562500000000,0.000000307425
0.703125000000,0.585937500000,0.000000312412
0.703125000000,0.609375000000,0.000000316608
0.703125000000,0.632812500000,0.000000319998
0.703125000000,0.656250000000,0.000000322576
0.703125000000,0.679687500000,0.000000324330
0.703125000000,0.703125000000,0.000000325254
0.703125000000,0.726562500000,0.000000325345
0.703125000000,0.750000000000,0.000000324597
0.703125000000,0.773437500000,0.000000323010
0.703125000000,0.796875000000,0.000000320587
0.703125000000,0.820312500000,0.000000317328
0.703125000000,0.843750000000,0.000000313240
0.703125000000,0.867187500000,0.000000308327
0.703125000000,0.890625000000,0.000000302601
0.703125000000,0.914062500000,0.000000296070
0.703125000000,0.937500000000,0.000000288747
0.703125000000,0.960937500000,0.000000280647
0.703125000000,0.984375000000,0.000000271786
0.703125000000,1.007812500000,0.000000262182
0.703125000000,1.031250000000,0.000000251855
0.703125000000,1.054687500000,0.000000240828
0.703125000000,1.078125000000,0.000000229122
0.703125000000,1.101562500000,0.000000216764
0.703125000000,1.125000000000,0.000000203782
0.703125000000,1.148437500000,0.000000190202
0.703125000000,1.171875000000,0.000000176057
0.703125000000,1.195312500000,0.000000161377
0.703125000000,1.218750000000,0.000000146195
0.703125000000,1.242187500000,0.000000130547
0.703125000000,1.265625000000,0.000000114467
0.703125000000,1.289062500000,0.000000097993
0.703125000000,1.312500000000,0.000000081163
0.703125000000,1.335937500000,0.000000064017
0.703125000000,1.359375000000,0.000000046594
0.703125000000,1.382812500000,0.000000028936
0.703125000000,1.406250000000,0.000000011085
0.703125000000,1.429687500000,-0.000000006917
0.703125000000,1.453125000000,-0.000000025027
0.703125000000,1.476562500000,-0.000000043199
0.703125000000,1.500000000000,-0.000000061393
0.703125000000,1.523437500000,-0.000000079560
0.703125000000,1.546875000000,-0.000000097662
0.703125000000,1.570312500000,-0.000000115647
0.703125000000,1.593750000000,-0.000000133476
0.703125000000,1.617187500000,-0.000000151102
0.703125000000,1.640625000000,-0.000000168482
0.703125000000,1.664062500000,-0.000000185574
0.703125000000,1.687500000000,-0.000000202333
0.703125000000,1.710937500000,-0.000000218716
0.703125000000,1.734375000000,-0.000000234685
0.703125000000,1.757812500000,-0.000000250195
0.703125000000,1.781250000000,-0.000000265209
0.703125000000,1.804687500000,-0.000000279687
0.703125000000,1.828125000000,-0.000000293592
0.703125000000,1.851562500000,-0.000000306888
0.703125000000,1.875000000000,-0.000000319541
0.703125000000,1.898437500000,-0.000000331516
0.703125000000,1.921875000000,-0.000000342782
0.703125000000,1.945312500000,-0.000000353310
0.703125000000,1.968750000000,-0.000000363071
0.703125000000,1.992187500000,-0.000000372038
0.703125000000,2.015625000000,-0.000000380188
0.703125000000,2.039062500000,-0.000000387497
0.703125000000,2.062500000000,-0.000000393946
0.703125000000,2.085937500000,-0.000000399516
0.703125000000,2.109375000000,-0.000000404191
0.703125000000,2.132812500000,-0.000000407958
0.703125000000,2.156250000000,-0.000000410805
0.703125000000,2.179687500000,-0.000000412722
0.703125000000,2.203125000000,-0.000000413702
0.703125000000,2.226562500000,-0.000000413743
0.703125000000,2.250000000000,-0.000000412839
0.703125000000,2.273437500000,-0.000000410995
0.703125000000,2.296875000000,-0.000000408209
0.703125000000,2.320312500000,-0.000000404490
0.703125000000,2.343750000000,-0.000000399843
0.703125000000,2.367187500000,-0.000000394279
0.703125000000,2.390625000000,-0.000000387811
0.703125000000,2.414062500000,-0.000000380450
0.703125000000,2.437500000000,-0.000000372217
0.703125000000,2.460937500000,-0.000000363131
0.703125000000,2.484375000000,-0.000000353211
0.703125000000,2.507812500000,-0.000000342481
0.703125000000,2.531250000000,-0.000000330968
0.703125000000,2.554687500000,-0.000000318699
0.703125000000,2.578125000000,-0.000000305702
0.703125000000,2.601562500000,-0.000000292010
0.703125000000,2.625000000000,-0.000000277656
0.703125000000,2.648437500000,-0.000000262675
0.703125000000,2.671875000000,-0.000000247104
0.703125000000,2.695312500000,-0.000000230978
0.703125000000,2.718750000000,-0.000000214341
0.703125000000,2.742187500000,-0.000000197229
0.703125000000,2.765625000000,-0.000000179685
0.703125000000,2.789062500000,-0.000000161755
0.703125000000,2.812500000000,-0.000000143479
0.703125000000,2.835937500000,-0.000000124903
0.703125000000,2.859375000000,-0.000000106073
0.703125000000,2.882812500000,-0.000000087034
0.703125000000,2.906250000000,-0.000000067832
0.703125000000,2.929687500000,-0.000000048514
0.703125000000,2.953125000000,-0.000000029128
0.703125000000,2.976562500000,-0.000000009718
0.703125000000,3.000000000000,0.000000000000
0.726562500000,0.000000000000,0.000000000000
0.726562500000,0.023437500000,0.000000024935
0.726562500000,0.046875000000,0.000000041449
0.726562500000,0.070312500000,0.000000057825
0.726562500000,0.093750000000,0.000000074024
0.726562500000,0.117187500000,0.000000090009
0.726562500000,0.140625000000,0.000000105741
0.726562500000,0.164062500000,0.000000121185
0.726562500000,0.187500000000,0.000000136302
0.726562500000,0.210937500000,0.000000151058
0.726562500000,0.234375000000,0.000000165417
0.726562500000,0.257812500000,0.000000179346
0.726562500000,0.281250000000,0.000000192812
0.726562500000,0.304687500000,0.000000205782
0.726562500000,0.328125000000,0.000000218225
0.726562500000,0.351562500000,0.000000230111
0.726562500000,0.375000000000,0.000000241411
0.726562500000,0.398437500000,0.000000252098
0.726562500000,0.421875000000,0.000000262147
0.726562500000,0.445312500000,0.000000271531
0.726562500000,0.468750000000,0.000000280227
0.726562500000,0.492187500000,0.000000288215
0.726562500000,0.515625000000,0.000000295471
0.726562500000,0.539062500000,0.000000301979
0.726562500000,0.562500000000,0.000000307722
0.726562500000,0.585937500000,0.000000312683
0.726562500000,0.609375000000,0.000000316849
0.726562500000,0.632812500000,0.000000320207
0.726562500000,0.656250000000,0.000000322748
0.726562500000,0.679687500000,0.000000324461
0.726562500000,0.703125000000,0.000000325345
0.726562500000,0.726562500000,0.000000325389
0.726562500000,0.750000000000,0.000000324594
0.726562500000,0.773437500000,0.000000322958
0.726562500000,0.796875000000,0.000000320481
0.726562500000,0.820312500000,0.000000317168
0.726562500000,0.843750000000,0.000000313023
0.726562500000,0.867187500000,0.000000308053
0.726562500000,0.890625000000,0.000000302265
0.726562500000,0.914062500000,0.000000295673
0.726562500000,0.937500000000,0.000000288288
0.726562500000,0.960937500000,0.000000280124
0.726562500000,0.984375000000,0.000000271198
0.726562500000,1.007812500000,0.000000261529
0.726562500000,1.031250000000,0.000000251137
0.726562500000,1.054687500000,0.000000240044
0.726562500000,1.078125000000,0.000000228273
0.726562500000,1.101562500000,0.000000215850
0.726562500000,1.125000000000,0.000000202803
0.726562500000,1.148437500000,0.000000189160
0.726562500000,1.171875000000,0.000000174951
0.726562500000,1.195312500000,0.000000160209
0.726562500000,1.218750000000,0.000000144967
0.726562500000,1.242187500000,0.000000129260
0.726562500000,1.265625000000,0.000000113123
0.726562500000,1.289062500000,0.000000096594
0.726562500000,1.312500000000,0.000000079711
0.726562500000,1.335937500000,0.000000062515
0.726562500000,1.359375000000,0.000000045041
0.726562500000,1.382812500000,0.000000027340
0.726562500000,1.406250000000,0.000000009446
0.726562500000,1.429687500000,-0.000000008597
0.726562500000,1.453125000000,-0.000000026745
0.726562500000,1.476562500000,-0.000000044952
0.726562500000,1.500000000000,-0.000000063176
0.726562500000,1.523437500000,-0.000000081372
0.726562500000,1.546875000000,-0.000000099497
0.726562500000,1.570312500000,-0.000000117505
0.726562500000,1.593750000000,-0.000000135351
0.726562500000,1.617187500000,-0.000000152994
0.726562500000,1.640625000000,-0.000000170387
0.726562500000,1.664062500000,-0.000000187485
0.726562500000,1.687500000000,-0.000000204249
0.726562500000,1.710937500000,-0.000000220636
0.726562500000,1.734375000000,-0.000000236601
0.726562500000,1.757812500000,-0.000000252107
0.726562500000,1.781250000000,-0.000000267114
0.726562500000,1.804687500000,-0.000000281581
0.726562500000,1.828125000000,-0.000000295473
0.726562500000,1.851562500000,-0.000000308753
0.726562500000,1.875000000000,-0.000000321386
0.726562500000,1.898437500000,-0.000000333339
0.726562500000,1.921875000000,-0.000000344581
0.726562500000,1.945312500000,-0.000000355083
0.726562500000,1.968750000000,-0.000000364814
0.726562500000,1.992187500000,-0.000000373750
0.726562500000,2.015625000000,-0.000000381867
0.726562500000,2.039062500000,-0.000000389141
0.726562500000,2.062500000000,-0.000000395554
0.726562500000,2.085937500000,-0.000000401085
0.726562500000,2.109375000000,-0.000000405721
0.726562500000,2.132812500000,-0.000000409447
0.726562500000,2.156250000000,-0.000000412250
0.726562500000,2.179687500000,-0.000000414124
0.726562500000,2.203125000000,-0.000000415061
0.726562500000,2.226562500000,-0.000000415056
0.726562500000,2.250000000000,-0.000000414107
0.726562500000,2.273437500000,-0.000000412216
0.726562500000,2.296875000000,-0.000000409385
0.726562500000,2.320312500000,-0.000000405619
0.726562500000,2.343750000000,-0.000000400925
0.726562500000,2.367187500000,-0.000000395314
0.726562500000,2.390625000000,-0.000000388799
0.726562500000,2.414062500000,-0.000000381392
0.726562500000,2.437500000000,-0.000000373113
0.726562500000,2.460937500000,-0.000000363981
0.726562500000,2.484375000000,-0.000000354016
0.726562500000,2.507812500000,-0.000000343241
0.726562500000,2.531250000000,-0.000000331683
0.726562500000,2.554687500000,-0.000000319370
0.726562500000,2.578125000000,-0.000000306330
0.726562500000,2.601562500000,-0.000000292596
0.726562500000,2.625000000000,-0.000000278202
0.726562500000,2.648437500000,-0.000000263179
0.726562500000,2.671875000000,-0.000000247567
0.726562500000,2.695312500000,-0.000000231403
0.726562500000,2.718750000000,-0.000000214725
0.726562500000,2.742187500000,-0.000000197576
0.726562500000,2.765625000000,-0.000000179997
0.726562500000,2.789062500000,-0.000000162029
0.726562500000,2.812500000000,-0.000000143717
0.726562500000,2.835937500000,-0.000000125106
0.726562500000,2.859375000000,-0.000000106242
0.726562500000,2.882812500000,-0.000000087169
0.726562500000,2.906250000000,-0.000000067933
0.726562500000,2.929687500000,-0.000000048583
0.726562500000,2.953125000000,-0.000000029163
0.726562500000,2.976562500000,-0.000000009722
0.726562500000,3.000000000000,0.000000000000
0.750000000000,0.000000000000,0.000000000000
0.750000000000,0.023437500000,0.000000024936
0.750000000000,0.046875000000,0.000000041443
0.750000000000,0.070312500000,0.000000057812
0.750000000000,0.093750000000,0.000000074003
0.750000000000,0.117187500000,0.000000089979
0.750000000000,0.140625000000,0.000000105701
0.750000000000,0.164062500000,0.000000121134
0.750000000000,0.187500000000,0.000000136238
0.750000000000,0.210937500000,0.000000150981
0.750000000000,0.234375000000,0.000000165325
0.750000000000,0.257812500000,0.000000179238
0.750000000000,0.281250000000,0.000000192685
0.750000000000,0.304687500000,0.000000205634
0.750000000000,0.328125000000,0.000000218055
0.750000000000,0.351562500000,0.000000229919
0.750000000000,0.375000000000,0.000000241194
0.750000000000,0.398437500000,0.000000251855
0.750000000000,0.421875000000,0.000000261873
0.750000000000,0.445312500000,0.000000271226
0.750000000000,0.468750000000,0.000000279891
0.750000000000,0.492187500000,0.000000287843
0.750000000000,0.515625000000,0.000000295064
0.750000000000,0.539062500000,0.000000301535
0.750000000000,0.562500000000,0.000000307238
0.750000000000,0.585937500000,0.000000312158
0.750000000000,0.609375000000,0.000000316281
0.750000000000,0.632812500000,0.000000319596
0.750000000000,0.656250000000,0.000000322092
0.750000000000,0.679687500000,0.000000323762
0.750000000000,0.703125000000,0.000000324597
0.750000000000,0.726562500000,0.000000324594
0.750000000000,0.750000000000,0.000000323751
0.750000000000,0.773437500000,0.000000322066
0.750000000000,0.796875000000,0.000000319540
0.750000000000,0.820312500000,0.000000316178
0.750000000000,0.843750000000,0.000000311984
0.750000000000,0.867187500000,0.000000306964
0.750000000000,0.890625000000,0.000000301129
0.750000000000,0.914062500000,0.000000294489
0.750000000000,0.937500000000,0.000000287056
0.750000000000,0.960937500000,0.000000278846
0.750000000000,0.984375000000,0.000000269876
0.750000000000,1.007812500000,0.000000260163
0.750000000000,1.031250000000,0.000000249729
0.750000000000,1.054687500000,0.000000238595
0.750000000000,1.078125000000,0.000000226786
0.750000000000,1.101562500000,0.000000214326
0.750000000000,1.125000000000,0.000000201245
0.750000000000,1.148437500000,0.000000187570
0.750000000000,1.171875000000,0.000000173332
0.750000000000,1.195312500000,0.000000158564
0.750000000000,1.218750000000,0.000000143298
0.750000000000,1.242187500000,0.000000127569
0.750000000000,1.265625000000,0.000000111413
0.750000000000,1.289062500000,0.000000094871
0.750000000000,1.312500000000,0.000000077975
0.750000000000,1.335937500000,0.000000060770
0.750000000000,1.359375000000,0.000000043294
0.750000000000,1.382812500000,0.000000025587
0.750000000000,1.406250000000,0.000000007697
0.750000000000,1.429687500000,-0.000000010343
0.750000000000,1.453125000000,-0.000000028482
0.750000000000,1.476562500000,-0.000000046676
0.750000000000,1.500000000000,-0.000000064886
0.750000000000,1.523437500000,-0.000000083065
0.750000000000,1.546875000000,-0.000000101169
0.750000000000,1.570312500000,-0.000000119151
0.750000000000,1.593750000000,-0.000000136970
0.750000000000,1.617187500000,-0.000000154582
0.750000000000,1.640625000000,-0.000000171941
0.750000000000,1.664062500000,-0.000000189003
0.750000000000,1.687500000000,-0.000000205730
0.750000000000,1.710937500000,-0.000000222073
0.750000000000,1.734375000000,-0.000000237997
0.750000000000,1.757812500000,-0.000000253457
0.750000000000,1.781250000000,-0.000000268415
0.750000000000,1.804687500000,-0.000000282833
0.750000000000,1.828125000000,-0.000000296674
0.750000000000,1.851562500000,-0.000000309902
0.750000000000,1.875000000000,-0.000000322481
0.750000000000,1.898437500000,-0.000000334380
0.750000000000,1.921875000000,-0.000000345567
0.750000000000,1.945312500000,-0.000000356012
0.750000000000,1.968750000000,-0.000000365687
0.750000000000,1.992187500000,-0.000000374567
0.750000000000,2.015625000000,-0.000000382627
0.750000000000,2.039062500000,-0.000000389845
0.750000000000,2.062500000000,-0.000000396201
0.750000000000,2.085937500000,-0.000000401678
0.750000000000,2.109375000000,-0.000000406258
0.750000000000,2.132812500000,-0.000000409931
0.750000000000,2.156250000000,-0.000000412682
0.750000000000,2.179687500000,-0.000000414506
0.750000000000,2.203125000000,-0.000000415393
0.750000000000,2.226562500000,-0.000000415341
0.750000000000,2.250000000000,-0.000000414347
0.750000000000,2.273437500000,-0.000000412411
0.750000000000,2.296875000000,-0.000000409539
0.750000000000,2.320312500000,-0.000000405733
0.750000000000,2.343750000000,-0.000000401003
0.750000000000,2.367187500000,-0.000000395358
0.750000000000,2.390625000000,-0.000000388809
0.750000000000,2.414062500000,-0.000000381375
0.750000000000,2.437500000000,-0.000000373069
0.750000000000,2.460937500000,-0.000000363912
0.750000000000,2.484375000000,-0.000000353925
0.750000000000,2.507812500000,-0.000000343131
0.750000000000,2.531250000000,-0.000000331557
0.750000000000,2.554687500000,-0.000000319231
0.750000000000,2.578125000000,-0.000000306181
0.750000000000,2.601562500000,-0.000000292438
0.750000000000,2.625000000000,-0.000000278038
0.750000000000,2.648437500000,-0.000000263011
0.750000000000,2.671875000000,-0.000000247399
0.750000000000,2.695312500000,-0.000000231237
0.750000000000,2.718750000000,-0.000000214563
0.750000000000,2.742187500000,-0.000000197418
0.750000000000,2.765625000000,-0.000000179846
0.750000000000,2.789062500000,-0.000000161888
0.750000000000,2.812500000000,-0.000000143588
0.750000000000,2.835937500000,-0.000000124989
0.750000000000,2.859375000000,-0.000000106138
0.750000000000,2.882812500000,-0.000000087080
0.750000000000,2.906250000000,-0.000000067860
0.750000000000,2.929687500000,-0.000000048526
0.750000000000,2.953125000000,-0.000000029124
0.750000000000,2.976562500000,-0.000000009701
0.750000000000,3.000000000000,0.000000000000
0.773437500000,0.000000000000,0.000000000000
0.773437500000,0.023437500000,0.000000024875
0.773437500000,0.046875000000,0.000000041335
0.773437500000,0.070312500000,0.000000057655
0.773437500000,0.093750000000,0.000000073798
0.773437500000,0.117187500000,0.000000089726
0.773437500000,0.140625000000,0.000000105399
0.773437500000,0.164062500000,0.000000120781
0.773437500000,0.187500000000,0.000000135836
0.773437500000,0.210937500000,0.000000150528
0.773437500000,0.234375000000,0.000000164821
0.773437500000,0.257812500000,0.000000178682
0.773437500000,0.281250000000,0.000000192078
0.773437500000,0.304687500000,0.000000204975
0.773437500000,0.328125000000,0.000000217342
0.773437500000,0.351562500000,0.000000229151
0.773437500000,0.375000000000,0.000000240372
0.773437500000,0.398437500000,0.000000250977
0.773437500000,0.421875000000,0.000000260942
0.773437500000,0.445312500000,0.000000270239
0.773437500000,0.468750000000,0.000000278848
0.773437500000,0.492187500000,0.000000286746
0.773437500000,0.515625000000,0.000000293910
0.773437500000,0.539062500000,0.000000300325
0.773437500000,0.562500000000,0.000000305973
0.773437500000,0.585937500000,0.000000310837
0.773437500000,0.609375000000,0.000000314906
0.773437500000,0.632812500000,0.000000318167
0.773437500000,0.656250000000,0.000000320610
0.773437500000,0.679687500000,0.000000322227
0.773437500000,0.703125000000,0.000000323010
0.773437500000,0.726562500000,0.000000322958
0.773437500000,0.750000000000,0.000000322066
0.773437500000,0.773437500000,0.000000320334
0.773437500000,0.796875000000,0.000000317763
0.773437500000,0.820312500000,0.000000314357
0.773437500000,0.843750000000,0.000000310121
0.773437500000,0.867187500000,0.000000305064
0.773437500000,0.890625000000,0.000000299191
0.773437500000,0.914062500000,0.000000292517
0.773437500000,0.937500000000,0.000000285053
0.773437500000,0.960937500000,0.000000276815
0.773437500000,0.984375000000,0.000000267819
0.773437500000,1.007812500000,0.000000258085
0.773437500000,1.031250000000,0.000000247632
0.773437500000,1.054687500000,0.000000236484
0.773437500000,1.078125000000,0.000000224663
0.773437500000,1.101562500000,0.000000212197
0.773437500000,1.125000000000,0.000000199112
0.773437500000,1.148437500000,0.000000185438
0.773437500000,1.171875000000,0.000000171204
0.773437500000,1.195312500000,0.000000156444
0.773437500000,1.218750000000,0.000000141191
0.773437500000,1.242187500000,0.000000125479
0.773437500000,1.265625000000,0.000000109346
0.773437500000,1.289062500000,0.000000092826
0.773437500000,1.312500000000,0.000000075963
0.773437500000,1.335937500000,0.000000058791
0.773437500000,1.359375000000,0.000000041353
0.773437500000,1.382812500000,0.000000023689
0.773437500000,1.406250000000,0.000000005843
0.773437500000,1.429687500000,-0.000000012145
0.773437500000,1.453125000000,-0.000000030228
0.773437500000,1.476562500000,-0.000000048368
0.773437500000,1.500000000000,-0.000000066516
0.773437500000,1.523437500000,-0.000000084630
0.773437500000,1.546875000000,-0.000000102664
0.773437500000,1.570312500000,-0.000000120578
0.773437500000,1.593750000000,-0.000000138323
0.773437500000,1.617187500000,-0.000000155857
0.773437500000,1.640625000000,-0.000000173138
0.773437500000,1.664062500000,-0.000000190120
0.773437500000,1.687500000000,-0.000000206763
0.773437500000,1.710937500000,-0.000000223023
0.773437500000,1.734375000000,-0.000000238860
0.773437500000,1.757812500000,-0.000000254233
0.773437500000,1.781250000000,-0.000000269104
0.773437500000,1.804687500000,-0.000000283433
0.773437500000,1.828125000000,-0.000000297186
0.773437500000,1.851562500000,-0.000000310325
0.773437500000,1.875000000000,-0.000000322816
0.773437500000,1.898437500000,-0.000000334627
0.773437500000,1.921875000000,-0.000000345727
0.773437500000,1.945312500000,-0.000000356087
0.773437500000,1.968750000000,-0.000000365678
0.773437500000,1.992187500000,-0.000000374476
0.773437500000,2.015625000000,-0.000000382456
0.773437500000,2.039062500000,-0.000000389597
0.773437500000,2.062500000000,-0.000000395878
0.773437500000,2.085937500000,-0.000000401282
0.773437500000,2.109375000000,-0.000000405795
0.773437500000,2.132812500000,-0.000000409401
0.773437500000,2.156250000000,-0.000000412092
0.773437500000,2.179687500000,-0.000000413857
0.773437500000,2.203125000000,-0.000000414690
0.773437500000,2.226562500000,-0.000000414587
0.773437500000,2.250000000000,-0.000000413548
0.773437500000,2.273437500000,-0.000000411572
0.773437500000,2.296875000000,-0.000000408662
0.773437500000,2.320312500000,-0.000000404826
0.773437500000,2.343750000000,-0.000000400067
0.773437500000,2.367187500000,-0.000000394401
0.773437500000,2.390625000000,-0.000000387836
0.773437500000,2.414062500000,-0.000000380388
0.773437500000,2.437500000000,-0.000000372076
0.773437500000,2.460937500000,-0.000000362916
0.773437500000,2.484375000000,-0.000000352932
0.773437500000,2.507812500000,-0.000000342147
0.773437500000,2.531250000000,-0.000000330584
0.773437500000,2.554687500000,-0.000000318275
0.773437500000,2.578125000000,-0.000000305246
0.773437500000,2.601562500000,-0.000000291530
0.773437500000,2.625000000000,-0.000000277160
0.773437500000,2.648437500000,-0.000000262170
0.773437500000,2.671875000000,-0.000000246595
0.773437500000,2.695312500000,-0.000000230474
0.773437500000,2.718750000000,-0.000000213847
0.773437500000,2.742187500000,-0.000000196752
0.773437500000,2.765625000000,-0.000000179232
0.773437500000,2.789062500000,-0.000000161330
0.773437500000,2.812500000000,-0.000000143087
0.773437500000,2.835937500000,-0.000000124549
0.773437500000,2.859375000000,-0.000000105760
0.773437500000,2.882812500000,-0.000000086765
0.773437500000,2.906250000000,-0.000000067611
0.773437500000,2.929687500000,-0.000000048344
0.773437500000,2.953125000000,-0.000000029009
0.773437500000,2.976562500000,-0.000000009654
0.773437500000,3.000000000000,0.000000000000
0.796875000000,0.000000000000,0.000000000000
0.796875000000,0.023437500000,0.000000024753
0.796875000000,0.046875000000,0.000000041124
0.796875000000,0.070312500000,0.000000057356
0.796875000000,0.093750000000,0.000000073410
0.796875000000,0.117187500000,0.000000089249
0.796875000000,0.140625000000,0.000000104834
0.796875000000,0.164062500000,0.000000120129
0.796875000000,0.187500000000,0.000000135096
0.796875000000,0.210937500000,0.000000149700
0.796875000000,0.234375000000,0.000000163905
0.796875000000,0.257812500000,0.000000177680
0.796875000000,0.281250000000,0.000000190988
0.796875000000,0.304687500000,0.000000203800
0.796875000000,0.328125000000,0.000000216083
0.796875000000,0.351562500000,0.000000227807
0.796875000000,0.375000000000,0.000000238945
0.796875000000,0.398437500000,0.000000249468
0.796875000000,0.421875000000,0.000000259350
0.796875000000,0.445312500000,0.000000268569
0.796875000000,0.468750000000,0.000000277099
0.796875000000,0.492187500000,0.000000284917
0.796875000000,0.515625000000,0.000000292008
0.796875000000,0.539062500000,0.000000298349
0.796875000000,0.562500000000,0.000000303926
0.796875000000,0.585937500000,0.000000308721
0.796875000000,0.609375000000,0.000000312723
0.796875000000,0.632812500000,0.000000315920
0.796875000000,0.656250000000,0.000000318301
0.796875000000,0.679687500000,0.000000319858
0.796875000000,0.703125000000,0.000000320587
0.796875000000,0.726562500000,0.000000320482
0.796875000000,0.750000000000,0.000000319541
0.796875000000,0.773437500000,0.000000317763
0.796875000000,0.796875000000,0.000000315151
0.796875000000,0.820312500000,0.000000311708
0.796875000000,0.843750000000,0.000000307438
0.796875000000,0.867187500000,0.000000302351
0.796875000000,0.890625000000,0.000000296455
0.796875000000,0.914062500000,0.000000289761
0.796875000000,0.937500000000,0.000000282282
0.796875000000,0.960937500000,0.000000274034
0.796875000000,0.984375000000,0.000000265033
0.796875000000,1.007812500000,0.000000255299
0.796875000000,1.031250000000,0.000000244852
0.796875000000,1.054687500000,0.000000233714
0.796875000000,1.078125000000,0.000000221910
0.796875000000,1.101562500000,0.000000209465
0.796875000000,1.125000000000,0.000000196407
0.796875000000,1.148437500000,0.000000182766
0.796875000000,1.171875000000,0.000000168571
0.796875000000,1.195312500000,0.000000153855
0.796875000000,1.218750000000,0.000000138652
0.796875000000,1.242187500000,0.000000122996
0.796875000000,1.265625000000,0.000000106923
0.796875000000,1.289062500000,0.000000090471
0.796875000000,1.312500000000,0.000000073678
0.796875000000,1.335937500000,0.000000056582
0.796875000000,1.359375000000,0.000000039226
0.796875000000,1.382812500000,0.000000021649
0.796875000000,1.406250000000,0.000000003895
0.796875000000,1.429687500000,-0.000000013997
0.796875000000,1.453125000000,-0.000000031983
0.796875000000,1.476562500000,-0.000000050017
0.796875000000,1.500000000000,-0.000000068056
0.796875000000,1.523437500000,-0.000000086060
0.796875000000,1.546875000000,-0.000000103981
0.796875000000,1.570312500000,-0.000000121775
0.796875000000,1.593750000000,-0.000000139401
0.796875000000,1.617187500000,-0.000000156814
0.796875000000,1.640625000000,-0.000000173970
0.796875000000,1.664062500000,-0.000000190827
0.796875000000,1.687500000000,-0.000000207342
0.796875000000,1.710937500000,-0.000000223474
0.796875000000,1.734375000000,-0.000000239182
0.796875000000,1.757812500000,-0.000000254428
0.796875000000,1.781250000000,-0.000000269170
0.796875000000,1.804687500000,-0.000000283373
0.796875000000,1.828125000000,-0.000000296999
0.796875000000,1.851562500000,-0.000000310013
0.796875000000,1.875000000000,-0.000000322382
0.796875000000,1.898437500000,-0.000000334072
0.796875000000,1.921875000000,-0.000000345055
0.796875000000,1.945312500000,-0.000000355300
0.796875000000,1.968750000000,-0.000000364780
0.796875000000,1.992187500000,-0.000000373470
0.796875000000,2.015625000000,-0.000000381347
0.796875000000,2.039062500000,-0.000000388389
0.796875000000,2.062500000000,-0.000000394577
0.796875000000,2.085937500000,-0.000000399893
0.796875000000,2.109375000000,-0.000000404322
0.796875000000,2.132812500000,-0.000000407851
0.796875000000,2.156250000000,-0.000000410469
0.796875000000,2.179687500000,-0.000000412169
0.796875000000,2.203125000000,-0.000000412944
0.796875000000,2.226562500000,-0.000000412789
0.796875000000,2.250000000000,-0.000000411705
0.796875000000,2.273437500000,-0.000000409690
0.796875000000,2.296875000000,-0.000000406749
0.796875000000,2.320312500000,-0.000000402888
0.796875000000,2.343750000000,-0.000000398114
0.796875000000,2.367187500000,-0.000000392437
0.796875000000,2.390625000000,-0.000000385869
0.796875000000,2.414062500000,-0.000000378428
0.796875000000,2.437500000000,-0.000000370128
0.796875000000,2.460937500000,-0.000000360989
0.796875000000,2.484375000000,-0.000000351031
0.796875000000,2.507812500000,-0.000000340280
0.796875000000,2.531250000000,-0.000000328760
0.796875000000,2.554687500000,-0.000000316498
0.796875000000,2.578125000000,-0.000000303523
0.796875000000,2.601562500000,-0.000000289868
0.796875000000,2.625000000000,-0.000000275565
0.796875000000,2.648437500000,-0.000000260646
0.796875000000,2.671875000000,-0.000000245150
0.796875000000,2.695312500000,-0.000000229114
0.796875000000,2.718750000000,-0.000000212575
0.796875000000,2.742187500000,-0.000000195574
0.796875000000,2.765625000000,-0.000000178152
0.796875000000,2.789062500000,-0.000000160351
0.796875000000,2.812500000000,-0.000000142213
0.796875000000,2.835937500000,-0.000000123784
0.796875000000,2.859375000000,-0.000000105105
0.796875000000,2.882812500000,-0.000000086225
0.796875000000,2.906250000000,-0.000000067187
0.796875000000,2.929687500000,-0.000000048036
0.796875000000,2.953125000000,-0.000000028819
0.796875000000,2.976562500000,-0.000000009582
0.796875000000,3.000000000000,0.000000000000
0.820312500000,0.000000000000,0.000000000000
0.820312500000,0.023437500000,0.000000024568
0.820312500000,0.046875000000,0.000000040810
0.820312500000,0.070312500000,0.000000056912
0.820312500000,0.093750000000,0.000000072838
0.820312500000,0.117187500000,0.000000088549
0.820312500000,0.140625000000,0.000000104006
0.820312500000,0.164062500000,0.000000119174
0.820312500000,0.187500000000,0.000000134015
0.820312500000,0.210937500000,0.000000148495
0.820312500000,0.234375000000,0.000000162578
0.820312500000,0.257812500000,0.000000176230
0.820312500000,0.281250000000,0.000000189418
0.820312500000,0.304687500000,0.000000202111
0.820312500000,0.328125000000,0.000000214278
0.820312500000,0.351562500000,0.000000225888
0.820312500000,0.375000000000,0.000000236913
0.820312500000,0.398437500000,0.000000247326
0.820312500000,0.421875000000,0.000000257103
0.820312500000,0.445312500000,0.000000266215
0.820312500000,0.468750000000,0.000000274643
0.820312500000,0.492187500000,0.000000282366
0.820312500000,0.515625000000,0.000000289360
0.820312500000,0.539062500000,0.000000295611
0.820312500000,0.562500000000,0.000000301099
0.820312500000,0.585937500000,0.000000305811
0.820312500000,0.609375000000,0.000000309734
0.820312500000,0.632812500000,0.000000312856
0.820312500000,0.656250000000,0.000000315167
0.820312500000,0.679687500000,0.000000316660
0.820312500000,0.703125000000,0.000000317328
0.820312500000,0.726562500000,0.000000317168
0.820312500000,0.750000000000,0.000000316177
0.820312500000,0.773437500000,0.000000314357
0.820312500000,0.796875000000,0.000000311708
0.820312500000,0.820312500000,0.000000308233
0.820312500000,0.843750000000,0.000000303939
0.820312500000,0.867187500000,0.000000298832
0.820312500000,0.890625000000,0.000000292924
0.820312500000,0.914062500000,0.000000286224
0.820312500000,0.937500000000,0.000000278747
0.820312500000,0.960937500000,0.000000270507
0.820312500000,0.984375000000,0.000000261521
0.820312500000,1.007812500000,0.000000251809
0.820312500000,1.031250000000,0.000000241392
0.820312500000,1.054687500000,0.000000230291
0.820312500000,1.078125000000,0.000000218531
0.820312500000,1.101562500000,0.000000206138
0.820312500000,1.125000000000,0.000000193138
0.820312500000,1.148437500000,0.000000179563
0.820312500000,1.171875000000,0.000000165441
0.820312500000,1.195312500000,0.000000150805
0.820312500000,1.218750000000,0.000000135689
0.820312500000,1.242187500000,0.000000120126
0.820312500000,1.265625000000,0.000000104154
0.820312500000,1.289062500000,0.000000087809
0.820312500000,1.312500000000,0.000000071129
0.820312500000,1.335937500000,0.000000054153
0.820312500000,1.359375000000,0.000000036922
0.820312500000,1.382812500000,0.000000019477
0.820312500000,1.406250000000,0.000000001857
0.820312500000,1.429687500000,-0.000000015893
0.820312500000,1.453125000000,-0.000000033732
0.820312500000,1.476562500000,-0.000000051616
0.820312500000,1.500000000000,-0.000000069503
0.820312500000,1.523437500000,-0.000000087346
0.820312500000,1.546875000000,-0.000000105106
0.820312500000,1.570312500000,-0.000000122738
0.820312500000,1.593750000000,-0.000000140197
0.820312500000,1.617187500000,-0.000000157441
0.820312500000,1.640625000000,-0.000000174427
0.820312500000,1.664062500000,-0.000000191114
0.820312500000,1.687500000000,-0.000000207458
0.820312500000,1.710937500000,-0.000000223419
0.820312500000,1.734375000000,-0.000000238957
0.820312500000,1.757812500000,-0.000000254032
0.820312500000,1.781250000000,-0.000000268607
0.820312500000,1.804687500000,-0.000000282643
0.820312500000,1.828125000000,-0.000000296106
0.820312500000,1.851562500000,-0.000000308959
0.820312500000,1.875000000000,-0.000000321171
0.820312500000,1.898437500000,-0.000000332708
0.820312500000,1.921875000000,-0.000000343542
0.820312500000,1.945312500000,-0.000000353643
0.820312500000,1.968750000000,-0.000000362985
0.820312500000,1.992187500000,-0.000000371543
0.820312500000,2.015625000000,-0.000000379293
0.820312500000,2.039062500000,-0.000000386215
0.820312500000,2.062500000000,-0.000000392290
0.820312500000,2.085937500000,-0.000000397501
0.820312500000,2.109375000000,-0.000000401833
0.820312500000,2.132812500000,-0.000000405273
0.820312500000,2.156250000000,-0.000000407810
0.820312500000,2.179687500000,-0.000000409437
0.820312500000,2.203125000000,-0.000000410149
0.820312500000,2.226562500000,-0.000000409940
0.820312500000,2.250000000000,-0.000000408810
0.820312500000,2.273437500000,-0.000000406760
0.820312500000,2.296875000000,-0.000000403794
0.820312500000,2.320312500000,-0.000000399916
0.820312500000,2.343750000000,-0.000000395135
0.820312500000,2.367187500000,-0.000000389463
0.820312500000,2.390625000000,-0.000000382909
0.820312500000,2.414062500000,-0.000000375490
0.820312500000,2.437500000000,-0.000000367222
0.820312500000,2.460937500000,-0.000000358125
0.820312500000,2.484375000000,-0.000000348220
0.820312500000,2.507812500000,-0.000000337529
0.820312500000,2.531250000000,-0.000000326079
0.820312500000,2.554687500000,-0.000000313895
0.820312500000,2.578125000000,-0.000000301009
0.820312500000,2.601562500000,-0.000000287449
0.820312500000,2.625000000000,-0.000000273249
0.820312500000,2.648437500000,-0.000000258442
0.820312500000,2.671875000000,-0.000000243065
0.820312500000,2.695312500000,-0.000000227153
0.820312500000,2.718750000000,-0.000000210746
0.820312500000,2.742187500000,-0.000000193882
0.820312500000,2.765625000000,-0.000000176605
0.820312500000,2.789062500000,-0.000000158951
0.820312500000,2.812500000000,-0.000000140967
0.820312500000,2.835937500000,-0.000000122693
0.820312500000,2.859375000000,-0.000000104176
0.820312500000,2.882812500000,-0.000000085458
0.820312500000,2.906250000000,-0.000000066584
0.820312500000,2.929687500000,-0.000000047601
0.820312500000,2.953125000000,-0.000000028553
0.820312500000,2.976562500000,-0.000000009485
0.820312500000,3.000000000000,0.000000000000
0.843750000000,0.000000000000,0.000000000000
0.843750000000,0.023437500000,0.000000024322
0.843750000000,0.046875000000,0.000000040393
0.843750000000,0.070312500000,0.000000056326
0.843750000000,0.093750000000,0.000000072083
0.843750000000,0.117187500000,0.000000087626
0.843750000000,0.140625000000,0.000000102917
0.843750000000,0.164062500000,0.000000117920
0.843750000000,0.187500000000,0.000000132598
0.843750000000,0.210937500000,0.000000146917
0.843750000000,0.234375000000,0.000000160840
0.843750000000,0.257812500000,0.000000174335
0.843750000000,0.281250000000,0.000000187370
0.843750000000,0.304687500000,0.000000199911
0.843750000000,0.328125000000,0.000000211929
0.843750000000,0.351562500000,0.000000223395
0.843750000000,0.375000000000,0.000000234279
0.843750000000,0.398437500000,0.000000244555
0.843750000000,0.421875000000,0.000000254197
0.843750000000,0.445312500000,0.000000263182
0.843750000000,0.468750000000,0.000000271486
0.843750000000,0.492187500000,0.000000279089
0.843750000000,0.515625000000,0.000000285969
0.843750000000,0.539062500000,0.000000292111
0.843750000000,0.562500000000,0.000000297497
0.843750000000,0.585937500000,0.000000302111
0.843750000000,0.609375000000,0.000000305943
0.843750000000,0.632812500000,0.000000308980
0.843750000000,0.656250000000,0.000000311213
0.843750000000,0.679687500000,0.000000312635
0.843750000000,0.703125000000,0.000000313240
0.843750000000,0.726562500000,0.000000313023
0.843750000000,0.750000000000,0.000000311984
0.843750000000,0.773437500000,0.000000310121
0.843750000000,0.796875000000,0.000000307438
0.843750000000,0.820312500000,0.000000303939
0.843750000000,0.843750000000,0.000000299628
0.843750000000,0.867187500000,0.000000294513
0.843750000000,0.890625000000,0.000000288605
0.843750000000,0.914062500000,0.000000281914
0.843750000000,0.937500000000,0.000000274454
0.843750000000,0.960937500000,0.000000266241
0.843750000000,0.984375000000,0.000000257291
0.843750000000,1.007812500000,0.000000247624
0.843750000000,1.031250000000,0.000000237260
0.843750000000,1.054687500000,0.000000226222
0.843750000000,1.078125000000,0.000000214534
0.843750000000,1.101562500000,0.000000202221
0.843750000000,1.125000000000,0.000000189312
0.843750000000,1.148437500000,0.000000175835
0.843750000000,1.171875000000,0.000000161820
0.843750000000,1.195312500000,0.000000147300
0.843750000000,1.218750000000,0.000000132308
0.843750000000,1.242187500000,0.000000116878
0.843750000000,1.265625000000,0.000000101046
0.843750000000,1.289062500000,0.000000084848
0.843750000000,1.312500000000,0.000000068323
0.843750000000,1.335937500000,0.000000051511
0.843750000000,1.359375000000,0.000000034448
0.843750000000,1.382812500000,0.000000017177
0.843750000000,1.406250000000,-0.000000000260
0.843750000000,1.429687500000,-0.000000017823
0.843750000000,1.453125000000,-0.000000035470
0.843750000000,1.476562500000,-0.000000053157
0.843750000000,1.500000000000,-0.000000070843
0.843750000000,1.523437500000,-0.000000088483
0.843750000000,1.546875000000,-0.000000106035
0.843750000000,1.570312500000,-0.000000123456
0.843750000000,1.593750000000,-0.000000140703
0.843750000000,1.617187500000,-0.000000157733
0.843750000000,1.640625000000,-0.000000174504
0.843750000000,1.664062500000,-0.000000190975
0.843750000000,1.687500000000,-0.000000207103
0.843750000000,1.710937500000,-0.000000222851
0.843750000000,1.734375000000,-0.000000238176
0.843750000000,1.757812500000,-0.000000253041
0.843750000000,1.781250000000,-0.000000267407
0.843750000000,1.804687500000,-0.000000281239
0.843750000000,1.828125000000,-0.000000294500
0.843750000000,1.851562500000,-0.000000307157
0.843750000000,1.875000000000,-0.000000319177
0.843750000000,1.898437500000,-0.000000330529
0.843750000000,1.921875000000,-0.000000341183
0.843750000000,1.945312500000,-0.000000351112
0.843750000000,1.968750000000,-0.000000360288
0.843750000000,1.992187500000,-0.000000368688
0.843750000000,2.015625000000,-0.000000376289
0.843750000000,2.039062500000,-0.000000383071
0.843750000000,2.062500000000,-0.000000389015
0.843750000000,2.085937500000,-0.000000394104
0.843750000000,2.109375000000,-0.000000398324
0.843750000000,2.132812500000,-0.000000401663
0.843750000000,2.156250000000,-0.000000404110
0.843750000000,2.179687500000,-0.000000405658
0.843750000000,2.203125000000,-0.000000406302
0.843750000000,2.226562500000,-0.000000406037
0.843750000000,2.250000000000,-0.000000404863
0.843750000000,2.273437500000,-0.000000402781
0.843750000000,2.296875000000,-0.000000399794
0.843750000000,2.320312500000,-0.000000395908
0.843750000000,2.343750000000,-0.000000391132
0.843750000000,2.367187500000,-0.000000385475
0.843750000000,2.390625000000,-0.000000378950
0.843750000000,2.414062500000,-0.000000371572
0.843750000000,2.437500000000,-0.000000363357
0.843750000000,2.460937500000,-0.000000354324
0.843750000000,2.484375000000,-0.000000344495
0.843750000000,2.507812500000,-0.000000333893
0.843750000000,2.531250000000,-0.000000322541
0.843750000000,2.554687500000,-0.000000310468
0.843750000000,2.578125000000,-0.000000297702
0.843750000000,2.601562500000,-0.000000284272
0.843750000000,2.625000000000,-0.000000270213
0.843750000000,2.648437500000,-0.000000255556
0.843750000000,2.671875000000,-0.000000240337
0.843750000000,2.695312500000,-0.000000224592
0.843750000000,2.718750000000,-0.000000208360
0.843750000000,2.742187500000,-0.000000191678
0.843750000000,2.765625000000,-0.000000174588
0.843750000000,2.789062500000,-0.000000157130
0.843750000000,2.812500000000,-0.000000139345
0.843750000000,2.835937500000,-0.000000121277
0.843750000000,2.859375000000,-0.000000102968
0.843750000000,2.882812500000,-0.000000084463
0.843750000000,2.906250000000,-0.000000065806
0.843750000000,2.929687500000,-0.000000047040
0.843750000000,2.953125000000,-0.000000028210
0.843750000000,2.976562500000,-0.000000009362
0.843750000000,3.000000000000,0.000000000000
0.867187500000,0.000000000000,0.000000000000
0.867187500000,0.023437500000,0.000000024015
0.867187500000,0.046875000000,0.000000039875
0.867187500000,0.070312500000,0.000000055598
0.867187500000,0.093750000000,0.000000071146
0.867187500000,0.117187500000,0.000000086482
0.867187500000,0.140625000000,0.000000101568
0.867187500000,0.164062500000,0.000000116367
0.867187500000,0.187500000000,0.000000130845
0.867187500000,0.210937500000,0.000000144965
0.867187500000,0.234375000000,0.000000158694
0.867187500000,0.257812500000,0.000000171998
0.867187500000,0.281250000000,0.000000184845
0.867187500000,0.304687500000,0.000000197203
0.867187500000,0.328125000000,0.000000209042
0.867187500000,0.351562500000,0.000000220332
0.867187500000,0.375000000000,0.000000231047
0.867187500000,0.398437500000,0.000000241158
0.867187500000,0.421875000000,0.000000250642
0.867187500000,0.445312500000,0.000000259474
0.867187500000,0.468750000000,0.000000267631
0.867187500000,0.492187500000,0.000000275094
0.867187500000,0.515625000000,0.000000281841
0.867187500000,0.539062500000,0.000000287856
0.867187500000,0.562500000000,0.000000293123
0.867187500000,0.585937500000,0.000000297628
0.867187500000,0.609375000000,0.000000301356
0.867187500000,0.632812500000,0.000000304299
0.867187500000,0.656250000000,0.000000306446
0.867187500000,0.679687500000,0.000000307791
0.867187500000,0.703125000000,0.000000308327
0.867187500000,0.726562500000,0.000000308053
0.867187500000,0.750000000000,0.000000306964
0.867187500000,0.773437500000,0.000000305063
0.867187500000,0.796875000000,0.000000302351
0.867187500000,0.820312500000,0.000000298832
0.867187500000,0.843750000000,0.000000294513
0.867187500000,0.867187500000,0.000000289400
0.867187500000,0.890625000000,0.000000283505
0.867187500000,0.914062500000,0.000000276837
0.867187500000,0.937500000000,0.000000269412
0.867187500000,0.960937500000,0.000000261244
0.867187500000,0.984375000000,0.000000252351
0.867187500000,1.007812500000,0.000000242751
0.867187500000,1.031250000000,0.000000232465
0.867187500000,1.054687500000,0.000000221516
0.867187500000,1.078125000000,0.000000209927
0.867187500000,1.101562500000,0.000000197725
0.867187500000,1.125000000000,0.000000184936
0.867187500000,1.148437500000,0.000000171591
0.867187500000,1.171875000000,0.000000157718
0.867187500000,1.195312500000,0.000000143350
0.867187500000,1.218750000000,0.000000128518
0.867187500000,1.242187500000,0.000000113259
0.867187500000,1.265625000000,0.000000097607
0.867187500000,1.289062500000,0.000000081598
0.867187500000,1.312500000000,0.000000065270
0.867187500000,1.335937500000,0.000000048662
0.867187500000,1.359375000000,0.000000031812
0.867187500000,1.382812500000,0.000000014762
0.867187500000,1.406250000000,-0.000000002450
0.867187500000,1.429687500000,-0.000000019781
0.867187500000,1.453125000000,-0.000000037189
0.867187500000,1.476562500000,-0.000000054633
0.867187500000,1.500000000000,-0.000000072072
0.867187500000,1.523437500000,-0.000000089461
0.867187500000,1.546875000000,-0.000000106758
0.867187500000,1.570312500000,-0.000000123923
0.867187500000,1.593750000000,-0.000000140911
0.867187500000,1.617187500000,-0.000000157682
0.867187500000,1.640625000000,-0.000000174193
0.867187500000,1.664062500000,-0.000000190404
0.867187500000,1.687500000000,-0.000000206275
0.867187500000,1.710937500000,-0.000000221764
0.867187500000,1.734375000000,-0.000000236834
0.867187500000,1.757812500000,-0.000000251447
0.867187500000,1.781250000000,-0.000000265566
0.867187500000,1.804687500000,-0.000000279154
0.867187500000,1.828125000000,-0.000000292178
0.867187500000,1.851562500000,-0.000000304603
0.867187500000,1.875000000000,-0.000000316397
0.867187500000,1.898437500000,-0.000000327531
0.867187500000,1.921875000000,-0.000000337975
0.867187500000,1.945312500000,-0.000000347702
0.867187500000,1.968750000000,-0.000000356686
0.867187500000,1.992187500000,-0.000000364904
0.867187500000,2.015625000000,-0.000000372333
0.867187500000,2.039062500000,-0.000000378954
0.867187500000,2.062500000000,-0.000000384748
0.867187500000,2.085937500000,-0.000000389699
0.867187500000,2.109375000000,-0.000000393794
0.867187500000,2.132812500000,-0.000000397020
0.867187500000,2.156250000000,-0.000000399368
0.867187500000,2.179687500000,-0.000000400831
0.867187500000,2.203125000000,-0.000000401402
0.867187500000,2.226562500000,-0.000000401080
0.867187500000,2.250000000000,-0.000000399862
0.867187500000,2.273437500000,-0.000000397751
0.867187500000,2.296875000000,-0.000000394750
0.867187500000,2.320312500000,-0.000000390864
0.867187500000,2.343750000000,-0.000000386102
0.867187500000,2.367187500000,-0.000000380475
0.867187500000,2.390625000000,-0.000000373994
0.867187500000,2.414062500000,-0.000000366674
0.867187500000,2.437500000000,-0.000000358532
0.867187500000,2.460937500000,-0.000000349587
0.867187500000,2.484375000000,-0.000000339859
0.867187500000,2.507812500000,-0.000000329371
0.867187500000,2.531250000000,-0.000000318148
0.867187500000,2.554687500000,-0.000000306216
0.867187500000,2.578125000000,-0.000000293603
0.867187500000,2.601562500000,-0.000000280340
0.867187500000,2.625000000000,-0.000000266457
0.867187500000,2.648437500000,-0.000000251988
0.867187500000,2.671875000000,-0.000000236967
0.867187500000,2.695312500000,-0.000000221431
0.867187500000,2.718750000000,-0.000000205416
0.867187500000,2.742187500000,-0.000000188961
0.867187500000,2.765625000000,-0.000000172105
0.867187500000,2.789062500000,-0.000000154887
0.867187500000,2.812500000000,-0.000000137351
0.867187500000,2.835937500000,-0.000000119536
0.867187500000,2.859375000000,-0.000000101485
0.867187500000,2.882812500000,-0.000000083242
0.867187500000,2.906250000000,-0.000000064850
0.867187500000,2.929687500000,-0.000000046352
0.867187500000,2.953125000000,-0.000000027792
0.867187500000,2.976562500000,-0.000000009214
0.867187500000,3.000000000000,0.000000000000
0.890625000000,0.000000000000,0.000000000000
0.890625000000,0.023437500000,0.000000023647
0.890625000000,0.046875000000,0.000000039255
0.890625000000,0.070312500000,0.000000054728
0.890625000000,0.093750000000,0.000000070028
0.890625000000,0.117187500000,0.000000085118
0.890625000000,0.140625000000,0.000000099960
0.890625000000,0.164062500000,0.000000114519
0.890625000000,0.187500000000,0.000000128759
0.890625000000,0.210937500000,0.000000142645
0.890625000000,0.234375000000,0.000000156144
0.890625000000,0.257812500000,0.000000169222
0.890625000000,0.281250000000,0.000000181847
0.890625000000,0.304687500000,0.000000193990
0.890625000000,0.328125000000,0.000000205619
0.890625000000,0.351562500000,0.000000216705
0.890625000000,0.375000000000,0.000000227221
0.890625000000,0.398437500000,0.000000237142
0.890625000000,0.421875000000,0.000000246442
0.890625000000,0.445312500000,0.000000255096
0.890625000000,0.468750000000,0.000000263085
0.890625000000,0.492187500000,0.000000270386
0.890625000000,0.515625000000,0.000000276982
0.890625000000,0.539062500000,0.000000282854
0.890625000000,0.562500000000,0.000000287987
0.890625000000,0.585937500000,0.000000292367
0.890625000000,0.609375000000,0.000000295981
0.890625000000,0.632812500000,0.000000298819
0.890625000000,0.656250000000,0.000000300874
0.890625000000,0.679687500000,0.000000302136
0.890625000000,0.703125000000,0.000000302601
0.890625000000,0.726562500000,0.000000302265
0.890625000000,0.750000000000,0.000000301129
0.890625000000,0.773437500000,0.000000299191
0.890625000000,0.796875000000,0.000000296455
0.890625000000,0.820312500000,0.000000292924
0.890625000000,0.843750000000,0.000000288604
0.890625000000,0.867187500000,0.000000283505
0.890625000000,0.890625000000,0.000000277634
0.890625000000,0.914062500000,0.000000271005
0.890625000000,0.937500000000,0.000000263631
0.890625000000,0.960937500000,0.000000255527
0.890625000000,0.984375000000,0.000000246710
0.890625000000,1.007812500000,0.000000237200
0.890625000000,1.031250000000,0.000000227016
0.890625000000,1.054687500000,0.000000216182
0.890625000000,1.078125000000,0.000000204721
0.890625000000,1.101562500000,0.000000192659
0.890625000000,1.125000000000,0.000000180023
0.890625000000,1.148437500000,0.000000166841
0.890625000000,1.171875000000,0.000000153144
0.890625000000,1.195312500000,0.000000138963
0.890625000000,1.218750000000,0.000000124330
0.890625000000,1.242187500000,0.000000109280
0.890625000000,1.265625000000,0.000000093847
0.890625000000,1.289062500000,0.000000078068
0.890625000000,1.312500000000,0.000000061979
0.890625000000,1.335937500000,0.000000045618
0.890625000000,1.359375000000,0.000000029025
0.890625000000,1.382812500000,0.000000012237
0.890625000000,1.406250000000,-0.000000004703
0.890625000000,1.429687500000,-0.000000021757
0.890625000000,1.453125000000,-0.000000038881
0.890625000000,1.476562500000,-0.000000056037
0.890625000000,1.500000000000,-0.000000073182
0.890625000000,1.523437500000,-0.000000090273
0.890625000000,1.546875000000,-0.000000107271
0.890625000000,1.570312500000,-0.000000124133
0.890625000000,1.593750000000,-0.000000140817
0.890625000000,1.617187500000,-0.000000157283
0.890625000000,1.640625000000,-0.000000173489
0.890625000000,1.664062500000,-0.000000189396
0.890625000000,1.687500000000,-0.000000204964
0.890625000000,1.710937500000,-0.000000220154
0.890625000000,1.734375000000,-0.000000234928
0.890625000000,1.757812500000,-0.000000249248
0.890625000000,1.781250000000,-0.000000263080
0.890625000000,1.804687500000,-0.000000276387
0.890625000000,1.828125000000,-0.000000289135
0.890625000000,1.851562500000,-0.000000301293
0.890625000000,1.875000000000,-0.000000312829
0.890625000000,1.898437500000,-0.000000323712
0.890625000000,1.921875000000,-0.000000333916
0.890625000000,1.945312500000,-0.000000343413
0.890625000000,1.968750000000,-0.000000352178
0.890625000000,1.992187500000,-0.000000360189
0.890625000000,2.015625000000,-0.000000367423
0.890625000000,2.039062500000,-0.000000373863
0.890625000000,2.062500000000,-0.000000379489
0.890625000000,2.085937500000,-0.000000384287
0.890625000000,2.109375000000,-0.000000388243
0.890625000000,2.132812500000,-0.000000391345
0.890625000000,2.156250000000,-0.000000393586
0.890625000000,2.179687500000,-0.000000394956
0.890625000000,2.203125000000,-0.000000395452
0.890625000000,2.226562500000,-0.000000395069
0.890625000000,2.250000000000,-0.000000393809
0.890625000000,2.273437500000,-0.000000391672
0.890625000000,2.296875000000,-0.000000388663
0.890625000000,2.320312500000,-0.000000384785
0.890625000000,2.343750000000,-0.000000380050
0.890625000000,2.367187500000,-0.000000374465
0.890625000000,2.390625000000,-0.000000368044
0.890625000000,2.414062500000,-0.000000360800
0.890625000000,2.437500000000,-0.000000352752
0.890625000000,2.460937500000,-0.000000343916
0.890625000000,2.484375000000,-0.000000334314
0.890625000000,2.507812500000,-0.000000323968
0.890625000000,2.531250000000,-0.000000312902
0.890625000000,2.554687500000,-0.000000301141
0.890625000000,2.578125000000,-0.000000288715
0.890625000000,2.601562500000,-0.000000275652
0.890625000000,2.625000000000,-0.000000261983
0.890625000000,2.648437500000,-0.000000247741
0.890625000000,2.671875000000,-0.000000232959
0.890625000000,2.695312500000,-0.000000217672
0.890625000000,2.718750000000,-0.000000201918
0.890625000000,2.742187500000,-0.000000185733
0.890625000000,2.765625000000,-0.000000169156
0.890625000000,2.789062500000,-0.000000152226
0.890625000000,2.812500000000,-0.000000134984
0.890625000000,2.835937500000,-0.000000117470
0.890625000000,2.859375000000,-0.000000099727
0.890625000000,2.882812500000,-0.000000081795
0.890625000000,2.906250000000,-0.000000063718
0.890625000000,2.929687500000,-0.000000045538
0.890625000000,2.953125000000,-0.000000027298
0.890625000000,2.976562500000,-0.000000009041
0.890625000000,3.000000000000,0.000000000000
0.914062500000,0.000000000000,0.000000000000
0.914062500000,0.023437500000,0.000000023218
0.914062500000,0.046875000000,0.000000038536
0.914062500000,0.070312500000,0.000000053719
0.914062500000,0.093750000000,0.000000068732
0.914062500000,0.117187500000,0.000000083536
0.914062500000,0.140625000000,0.000000098097
0.914062500000,0.164062500000,0.000000112377
0.914062500000,0.187500000000,0.000000126343
0.914062500000,0.210937500000,0.000000139959
0.914062500000,0.234375000000,0.000000153193
0.914062500000,0.257812500000,0.000000166011
0.914062500000,0.281250000000,0.000000178383
0.914062500000,0.304687500000,0.000000190278
0.914062500000,0.328125000000,0.000000201666
0.914062500000,0.351562500000,0.000000212518
0.914062500000,0.375000000000,0.000000222809
0.914062500000,0.398437500000,0.000000232511
0.914062500000,0.421875000000,0.000000241602
0.914062500000,0.445312500000,0.000000250057
0.914062500000,0.468750000000,0.000000257854
0.914062500000,0.492187500000,0.000000264975
0.914062500000,0.515625000000,0.000000271400
0.914062500000,0.539062500000,0.000000277112
0.914062500000,0.562500000000,0.000000282096
0.914062500000,0.585937500000,0.000000286338
0.914062500000,0.609375000000,0.000000289828
0.914062500000,0.632812500000,0.000000292553
0.914062500000,0.656250000000,0.000000294505
0.914062500000,0.679687500000,0.000000295680
0.914062500000,0.703125000000,0.000000296070
0.914062500000,0.726562500000,0.000000295673
0.914062500000,0.750000000000,0.000000294489
0.914062500000,0.773437500000,0.000000292517
0.914062500000,0.796875000000,0.000000289761
0.914062500000,0.820312500000,0.000000286224
0.914062500000,0.843750000000,0.000000281914
0.914062500000,0.867187500000,0.000000276837
0.914062500000,0.890625000000,0.000000271005
0.914062500000,0.914062500000,0.000000264429
0.914062500000,0.937500000000,0.000000257123
0.914062500000,0.960937500000,0.000000249101
0.914062500000,0.984375000000,0.000000240382
0.914062500000,1.007812500000,0.000000230983
0.914062500000,1.031250000000,0.000000220927
0.914062500000,1.054687500000,0.000000210233
0.914062500000,1.078125000000,0.000000198928
0.914062500000,1.101562500000,0.000000187035
0.914062500000,1.125000000000,0.000000174582
0.914062500000,1.148437500000,0.000000161598
0.914062500000,1.171875000000,0.000000148111
0.914062500000,1.195312500000,0.000000134152
0.914062500000,1.218750000000,0.000000119755
0.914062500000,1.242187500000,0.000000104952
0.914062500000,1.265625000000,0.000000089778
0.914062500000,1.289062500000,0.000000074268
0.914062500000,1.312500000000,0.000000058459
0.914062500000,1.335937500000,0.000000042388
0.914062500000,1.359375000000,0.000000026094
0.914062500000,1.382812500000,0.000000009614
0.914062500000,1.406250000000,-0.000000007011
0.914062500000,1.429687500000,-0.000000023741
0.914062500000,1.453125000000,-0.000000040538
0.914062500000,1.476562500000,-0.000000057359
0.914062500000,1.500000000000,-0.000000074165
0.914062500000,1.523437500000,-0.000000090913
0.914062500000,1.546875000000,-0.000000107565
0.914062500000,1.570312500000,-0.000000124078
0.914062500000,1.593750000000,-0.000000140412
0.914062500000,1.617187500000,-0.000000156529
0.914062500000,1.640625000000,-0.000000172386
0.914062500000,1.664062500000,-0.000000187946
0.914062500000,1.687500000000,-0.000000203168
0.914062500000,1.710937500000,-0.000000218016
0.914062500000,1.734375000000,-0.000000232452
0.914062500000,1.757812500000,-0.000000246441
0.914062500000,1.781250000000,-0.000000259946
0.914062500000,1.804687500000,-0.000000272934
0.914062500000,1.828125000000,-0.000000285371
0.914062500000,1.851562500000,-0.000000297226
0.914062500000,1.875000000000,-0.000000308470
0.914062500000,1.898437500000,-0.000000319072
0.914062500000,1.921875000000,-0.000000329005
0.914062500000,1.945312500000,-0.000000338244
0.914062500000,1.968750000000,-0.000000346765
0.914062500000,1.992187500000,-0.000000354544
0.914062500000,2.015625000000,-0.000000361562
0.914062500000,2.039062500000,-0.000000367800
0.914062500000,2.062500000000,-0.000000373241
0.914062500000,2.085937500000,-0.000000377870
0.914062500000,2.109375000000,-0.000000381674
0.914062500000,2.132812500000,-0.000000384642
0.914062500000,2.156250000000,-0.000000386766
0.914062500000,2.179687500000,-0.000000388038
0.914062500000,2.203125000000,-0.000000388454
0.914062500000,2.226562500000,-0.000000388011
0.914062500000,2.250000000000,-0.000000386709
0.914062500000,2.273437500000,-0.000000384550
0.914062500000,2.296875000000,-0.000000381537
0.914062500000,2.320312500000,-0.000000377677
0.914062500000,2.343750000000,-0.000000372978
0.914062500000,2.367187500000,-0.000000367449
0.914062500000,2.390625000000,-0.000000361103
0.914062500000,2.414062500000,-0.000000353955
0.914062500000,2.437500000000,-0.000000346020
0.914062500000,2.460937500000,-0.000000337316
0.914062500000,2.484375000000,-0.000000327865
0.914062500000,2.507812500000,-0.000000317688
0.914062500000,2.531250000000,-0.000000306807
0.914062500000,2.554687500000,-0.000000295250
0.914062500000,2.578125000000,-0.000000283042
0.914062500000,2.601562500000,-0.000000270215
0.914062500000,2.625000000000,-0.000000256796
0.914062500000,2.648437500000,-0.000000242818
0.914062500000,2.671875000000,-0.000000228314
0.914062500000,2.695312500000,-0.000000213319
0.914062500000,2.718750000000,-0.000000197868
0.914062500000,2.742187500000,-0.000000181997
0.914062500000,2.765625000000,-0.000000165744
0.914062500000,2.789062500000,-0.000000149148
0.914062500000,2.812500000000,-0.000000132248
0.914062500000,2.835937500000,-0.000000115083
0.914062500000,2.859375000000,-0.000000097695
0.914062500000,2.882812500000,-0.000000080124
0.914062500000,2.906250000000,-0.000000062412
0.914062500000,2.929687500000,-0.000000044600
0.914062500000,2.953125000000,-0.000000026729
0.914062500000,2.976562500000,-0.000000008843
0.914062500000,3.000000000000,0.000000000000
0.937500000000,0.000000000000,0.000000000000
0.937500000000,0.023437500000,0.000000022730
0.937500000000,0.046875000000,0.000000037717
0.937500000000,0.070312500000,0.000000052572
0.937500000000,0.093750000000,0.000000067258
0.937500000000,0.117187500000,0.000000081740
0.937500000000,0.140625000000,0.000000095981
0.937500000000,0.164062500000,0.000000109946
0.937500000000,0.187500000000,0.000000123601
0.937500000000,0.210937500000,0.000000136912
0.937500000000,0.234375000000,0.000000149846
0.937500000000,0.257812500000,0.000000162372
0.937500000000,0.281250000000,0.000000174458
0.937500000000,0.304687500000,0.000000186073
0.937500000000,0.328125000000,0.000000197190
0.937500000000,0.351562500000,0.000000207780
0.937500000000,0.375000000000,0.000000217818
0.937500000000,0.398437500000,0.000000227276
0.937500000000,0.421875000000,0.000000236133
0.937500000000,0.445312500000,0.000000244364
0.937500000000,0.468750000000,0.000000251950
0.937500000000,0.492187500000,0.000000258869
0.937500000000,0.515625000000,0.000000265106
0.937500000000,0.539062500000,0.000000270642
0.937500000000,0.562500000000,0.000000275462
0.937500000000,0.585937500000,0.000000279555
0.937500000000,0.609375000000,0.000000282907
0.937500000000,0.632812500000,0.000000285509
0.937500000000,0.656250000000,0.000000287354
0.937500000000,0.679687500000,0.000000288435
0.937500000000,0.703125000000,0.000000288747
0.937500000000,0.726562500000,0.000000288287
0.937500000000,0.750000000000,0.000000287056
0.937500000000,0.773437500000,0.000000285053
0.937500000000,0.796875000000,0.000000282282
0.937500000000,0.820312500000,0.000000278747
0.937500000000,0.843750000000,0.000000274454
0.937500000000,0.867187500000,0.000000269412
0.937500000000,0.890625000000,0.000000263631
0.937500000000,0.914062500000,0.000000257123
0.937500000000,0.937500000000,0.000000249901
0.937500000000,0.960937500000,0.000000241980
0.937500000000,0.984375000000,0.000000233379
0.937500000000,1.007812500000,0.000000224115
0.937500000000,1.031250000000,0.000000214209
0.937500000000,1.054687500000,0.000000203683
0.937500000000,1.078125000000,0.000000192560
0.937500000000,1.101562500000,0.000000180867
0.937500000000,1.125000000000,0.000000168628
0.937500000000,1.148437500000,0.000000155873
0.937500000000,1.171875000000,0.000000142629
0.937500000000,1.195312500000,0.000000128929
0.937500000000,1.218750000000,0.000000114804
0.937500000000,1.242187500000,0.000000100286
0.937500000000,1.265625000000,0.000000085409
0.937500000000,1.289062500000,0.000000070209
0.937500000000,1.312500000000,0.000000054722
0.937500000000,1.335937500000,0.000000038983
0.937500000000,1.359375000000,0.000000023030
0.937500000000,1.382812500000,0.000000006902
0.937500000000,1.406250000000,-0.000000009364
0.937500000000,1.429687500000,-0.000000025728
0.937500000000,1.453125000000,-0.000000042150
0.937500000000,1.476562500000,-0.000000058592
0.937500000000,1.500000000000,-0.000000075013
0.937500000000,1.523437500000,-0.000000091374
0.937500000000,1.546875000000,-0.000000107634
0.937500000000,1.570312500000,-0.000000123754
0.937500000000,1.593750000000,-0.000000139695
0.937500000000,1.617187500000,-0.000000155417
0.937500000000,1.640625000000,-0.000000170881
0.937500000000,1.664062500000,-0.000000186049
0.937500000000,1.687500000000,-0.000000200884
0.937500000000,1.710937500000,-0.000000215348
0.937500000000,1.734375000000,-0.000000229406
0.937500000000,1.757812500000,-0.000000243023
0.937500000000,1.781250000000,-0.000000256163
0.937500000000,1.804687500000,-0.000000268795
0.937500000000,1.828125000000,-0.000000280885
0.937500000000,1.851562500000,-0.000000292404
0.937500000000,1.875000000000,-0.000000303322
0.937500000000,1.898437500000,-0.000000313611
0.937500000000,1.921875000000,-0.000000323245
0.937500000000,1.945312500000,-0.000000332198
0.937500000000,1.968750000000,-0.000000340448
0.937500000000,1.992187500000,-0.000000347973
0.937500000000,2.015625000000,-0.000000354753
0.937500000000,2.039062500000,-0.000000360770
0.937500000000,2.062500000000,-0.000000366008
0.937500000000,2.085937500000,-0.000000370453
0.937500000000,2.109375000000,-0.000000374092
0.937500000000,2.132812500000,-0.000000376915
0.937500000000,2.156250000000,-0.000000378913
0.937500000000,2.179687500000,-0.000000380081
0.937500000000,2.203125000000,-0.000000380414
0.937500000000,2.226562500000,-0.000000379910
0.937500000000,2.250000000000,-0.000000378567
0.937500000000,2.273437500000,-0.000000376390
0.937500000000,2.296875000000,-0.000000373381
0.937500000000,2.320312500000,-0.000000369546
0.937500000000,2.343750000000,-0.000000364894
0.937500000000,2.367187500000,-0.000000359435
0.937500000000,2.390625000000,-0.000000353180
0.937500000000,2.414062500000,-0.000000346144
0.937500000000,2.437500000000,-0.000000338343
0.937500000000,2.460937500000,-0.000000329794
0.937500000000,2.484375000000,-0.000000320518
0.937500000000,2.507812500000,-0.000000310536
0.937500000000,2.531250000000,-0.000000299870
0.937500000000,2.554687500000,-0.000000288547
0.937500000000,2.578125000000,-0.000000276592
0.937500000000,2.601562500000,-0.000000264034
0.937500000000,2.625000000000,-0.000000250901
0.937500000000,2.648437500000,-0.000000237226
0.937500000000,2.671875000000,-0.000000223040
0.937500000000,2.695312500000,-0.000000208377
0.937500000000,2.718750000000,-0.000000193271
0.937500000000,2.742187500000,-0.000000177758
0.937500000000,2.765625000000,-0.000000161874
0.937500000000,2.789062500000,-0.000000145657
0.937500000000,2.812500000000,-0.000000129145
0.937500000000,2.835937500000,-0.000000112377
0.937500000000,2.859375000000,-0.000000095392
0.937500000000,2.882812500000,-0.000000078231
0.937500000000,2.906250000000,-0.000000060932
0.937500000000,2.929687500000,-0.000000043537
0.937500000000,2.953125000000,-0.000000026086
0.937500000000,2.976562500000,-0.000000008620
0.937500000000,3.000000000000,0.000000000000
0.960937500000,0.000000000000,0.000000000000
0.960937500000,0.023437500000,0.000000022183
0.960937500000,0.046875000000,0.000000036801
0.960937500000,0.070312500000,0.000000051289
0.960937500000,0.093750000000,0.000000065611
0.960937500000,0.117187500000,0.000000079732
0.960937500000,0.140625000000,0.000000093617
0.960937500000,0.164062500000,0.000000107230
0.960937500000,0.187500000000,0.000000120539
0.960937500000,0.210937500000,0.000000133510
0.960937500000,0.234375000000,0.000000146111
0.960937500000,0.257812500000,0.000000158310
0.960937500000,0.281250000000,0.000000170077
0.960937500000,0.304687500000,0.000000181384
0.960937500000,0.328125000000,0.000000192200
0.960937500000,0.351562500000,0.000000202500
0.960937500000,0.375000000000,0.000000212256
0.960937500000,0.398437500000,0.000000221446
0.960937500000,0.421875000000,0.000000230044
0.960937500000,0.445312500000,0.000000238030
0.960937500000,0.468750000000,0.000000245382
0.960937500000,0.492187500000,0.000000252082
0.960937500000,0.515625000000,0.000000258111
0.960937500000,0.539062500000,0.000000263455
0.960937500000,0.562500000000,0.000000268097
0.960937500000,0.585937500000,0.000000272027
0.960937500000,0.609375000000,0.000000275232
0.960937500000,0.632812500000,0.000000277704
0.960937500000,0.656250000000,0.000000279433
0.960937500000,0.679687500000,0.000000280416
0.960937500000,0.703125000000,0.000000280647
0.960937500000,0.726562500000,0.000000280124
0.960937500000,0.750000000000,0.000000278846
0.960937500000,0.773437500000,0.000000276815
0.960937500000,0.796875000000,0.000000274034
0.960937500000,0.820312500000,0.000000270507
0.960937500000,0.843750000000,0.000000266241
0.960937500000,0.867187500000,0.000000261244
0.960937500000,0.890625000000,0.000000255527
0.960937500000,0.914062500000,0.000000249101
0.960937500000,0.937500000000,0.000000241980
0.960937500000,0.960937500000,0.000000234180
0.960937500000,0.984375000000,0.000000225717
0.960937500000,1.007812500000,0.000000216610
0.960937500000,1.031250000000,0.000000206878
0.960937500000,1.054687500000,0.000000196545
0.960937500000,1.078125000000,0.000000185633
0.960937500000,1.101562500000,0.000000174168
0.960937500000,1.125000000000,0.000000162174
0.960937500000,1.148437500000,0.000000149680
0.960937500000,1.171875000000,0.000000136714
0.960937500000,1.195312500000,0.000000123307
0.960937500000,1.218750000000,0.000000109490
0.960937500000,1.242187500000,0.000000095294
0.960937500000,1.265625000000,0.000000080755
0.960937500000,1.289062500000,0.000000065904
0.960937500000,1.312500000000,0.000000050778
0.960937500000,1.335937500000,0.000000035412
0.960937500000,1.359375000000,0.000000019844
0.960937500000,1.382812500000,0.000000004109
0.960937500000,1.406250000000,-0.000000011754
0.960937500000,1.429687500000,-0.000000027706
0.960937500000,1.453125000000,-0.000000043711
0.960937500000,1.476562500000,-0.000000059729
0.960937500000,1.500000000000,-0.000000075721
0.960937500000,1.523437500000,-0.000000091649
0.960937500000,1.546875000000,-0.000000107473
0.960937500000,1.570312500000,-0.000000123156
0.960937500000,1.593750000000,-0.000000138658
0.960937500000,1.617187500000,-0.000000153941
0.960937500000,1.640625000000,-0.000000168969
0.960937500000,1.664062500000,-0.000000183704
0.960937500000,1.687500000000,-0.000000198109
0.960937500000,1.710937500000,-0.000000212149
0.960937500000,1.734375000000,-0.000000225789
0.960937500000,1.757812500000,-0.000000238994
0.960937500000,1.781250000000,-0.000000251732
0.960937500000,1.804687500000,-0.000000263971
0.960937500000,1.828125000000,-0.000000275679
0.960937500000,1.851562500000,-0.000000286828
0.960937500000,1.875000000000,-0.000000297388
0.960937500000,1.898437500000,-0.000000307334
0.960937500000,1.921875000000,-0.000000316639
0.960937500000,1.945312500000,-0.000000325280
0.960937500000,1.968750000000,-0.000000333235
0.960937500000,1.992187500000,-0.000000340482
0.960937500000,2.015625000000,-0.000000347002
0.960937500000,2.039062500000,-0.000000352779
0.960937500000,2.062500000000,-0.000000357798
0.960937500000,2.085937500000,-0.000000362043
0.960937500000,2.109375000000,-0.000000365505
0.960937500000,2.132812500000,-0.000000368172
0.960937500000,2.156250000000,-0.000000370038
0.960937500000,2.179687500000,-0.000000371095
0.960937500000,2.203125000000,-0.000000371342
0.960937500000,2.226562500000,-0.000000370775
0.960937500000,2.250000000000,-0.000000369394
0.960937500000,2.273437500000,-0.000000367202
0.960937500000,2.296875000000,-0.000000364202
0.960937500000,2.320312500000,-0.000000360402
0.960937500000,2.343750000000,-0.000000355808
0.960937500000,2.367187500000,-0.000000350432
0.960937500000,2.390625000000,-0.000000344283
0.960937500000,2.414062500000,-0.000000337378
0.960937500000,2.437500000000,-0.000000329731
0.960937500000,2.460937500000,-0.000000321359
0.960937500000,2.484375000000,-0.000000312283
0.960937500000,2.507812500000,-0.000000302522
0.960937500000,2.531250000000,-0.000000292100
0.960937500000,2.554687500000,-0.000000281041
0.960937500000,2.578125000000,-0.000000269371
0.960937500000,2.601562500000,-0.000000257116
0.960937500000,2.625000000000,-0.000000244307
0.960937500000,2.648437500000,-0.000000230971
0.960937500000,2.671875000000,-0.000000217142
0.960937500000,2.695312500000,-0.000000202851
0.960937500000,2.718750000000,-0.000000188133
0.960937500000,2.742187500000,-0.000000173020
0.960937500000,2.765625000000,-0.000000157550
0.960937500000,2.789062500000,-0.000000141757
0.960937500000,2.812500000000,-0.000000125680
0.960937500000,2.835937500000,-0.000000109355
0.960937500000,2.859375000000,-0.000000092822
0.960937500000,2.882812500000,-0.000000076117
0.960937500000,2.906250000000,-0.000000059281
0.960937500000,2.929687500000,-0.000000042352
0.960937500000,2.953125000000,-0.000000025370
0.960937500000,2.976562500000,-0.000000008373
0.960937500000,3.000000000000,0.000000000000
0.984375000000,0.000000000000,0.000000000000
0.984375000000,0.023437500000,0.000000021579
0.984375000000,0.046875000000,0.000000035789
0.984375000000,0.070312500000,0.000000049873
0.984375000000,0.093750000000,0.000000063793
0.984375000000,0.117187500000,0.000000077517
0.984375000000,0.140625000000,0.000000091009
0.984375000000,0.164062500000,0.000000104235
0.984375000000,0.187500000000,0.000000117162
0.984375000000,0.210937500000,0.000000129759
0.984375000000,0.234375000000,0.000000141993
0.984375000000,0.257812500000,0.000000153834
0.984375000000,0.281250000000,0.000000165252
0.984375000000,0.304687500000,0.000000176218
0.984375000000,0.328125000000,0.000000186705
0.984375000000,0.351562500000,0.000000196686
0.984375000000,0.375000000000,0.000000206136
0.984375000000,0.398437500000,0.000000215031
0.984375000000,0.421875000000,0.000000223348
0.984375000000,0.445312500000,0.000000231065
0.984375000000,0.468750000000,0.000000238164
0.984375000000,0.492187500000,0.000000244624
0.984375000000,0.515625000000,0.000000250430
0.984375000000,0.539062500000,0.000000255565
0.984375000000,0.562500000000,0.000000260016
0.984375000000,0.585937500000,0.000000263771
0.984375000000,0.609375000000,0.000000266819
0.984375000000,0.632812500000,0.000000269151
0.984375000000,0.656250000000,0.000000270759
0.984375000000,0.679687500000,0.000000271639
0.984375000000,0.703125000000,0.000000271786
0.984375000000,0.726562500000,0.000000271198
0.984375000000,0.750000000000,0.000000269876
0.984375000000,0.773437500000,0.000000267820
0.984375000000,0.796875000000,0.000000265033
0.984375000000,0.820312500000,0.000000261521
0.984375000000,0.843750000000,0.000000257291
0.984375000000,0.867187500000,0.000000252351
0.984375000000,0.890625000000,0.000000246710
0.984375000000,0.914062500000,0.000000240382
0.984375000000,0.937500000000,0.000000233379
0.984375000000,0.960937500000,0.000000225717
0.984375000000,0.984375000000,0.000000217412
0.984375000000,1.007812500000,0.000000208484
0.984375000000,1.031250000000,0.000000198952
0.984375000000,1.054687500000,0.000000188837
0.984375000000,1.078125000000,0.000000178163
0.984375000000,1.101562500000,0.000000166954
0.984375000000,1.125000000000,0.000000155235
0.984375000000,1.148437500000,0.000000143035
0.984375000000,1.171875000000,0.000000130380
0.984375000000,1.195312500000,0.000000117300
0.984375000000,1.218750000000,0.000000103827
0.984375000000,1.242187500000,0.000000089991
0.984375000000,1.265625000000,0.000000075826
0.984375000000,1.289062500000,0.000000061364
0.984375000000,1.312500000000,0.000000046640
0.984375000000,1.335937500000,0.000000031688
0.984375000000,1.359375000000,0.000000016545
0.984375000000,1.382812500000,0.000000001247
0.984375000000,1.406250000000,-0.000000014170
0.984375000000,1.429687500000,-0.000000029669
0.984375000000,1.453125000000,-0.000000045212
0.984375000000,1.476562500000,-0.000000060762
0.984375000000,1.500000000000,-0.000000076281
0.984375000000,1.523437500000,-0.000000091732
0.984375000000,1.546875000000,-0.000000107076
0.984375000000,1.570312500000,-0.000000122277
0.984375000000,1.593750000000,-0.000000137298
0.984375000000,1.617187500000,-0.000000152100
0.984375000000,1.640625000000,-0.000000166649
0.984375000000,1.664062500000,-0.000000180909
0.984375000000,1.687500000000,-0.000000194843
0.984375000000,1.710937500000,-0.000000208418
0.984375000000,1.734375000000,-0.000000221600
0.984375000000,1.757812500000,-0.000000234356
0.984375000000,1.781250000000,-0.000000246655
0.984375000000,1.804687500000,-0.000000258465
0.984375000000,1.828125000000,-0.000000269757
0.984375000000,1.851562500000,-0.000000280502
0.984375000000,1.875000000000,-0.000000290674
0.984375000000,1.898437500000,-0.000000300246
0.984375000000,1.921875000000,-0.000000309195
0.984375000000,1.945312500000,-0.000000317497
0.984375000000,1.968750000000,-0.000000325131
0.984375000000,1.992187500000,-0.000000332077
0.984375000000,2.015625000000,-0.000000338318
0.984375000000,2.039062500000,-0.000000343836
0.984375000000,2.062500000000,-0.000000348618
0.984375000000,2.085937500000,-0.000000352650
0.984375000000,2.109375000000,-0.000000355922
0.984375000000,2.132812500000,-0.000000358424
0.984375000000,2.156250000000,-0.000000360149
0.984375000000,2.179687500000,-0.000000361091
0.984375000000,2.203125000000,-0.000000361248
0.984375000000,2.226562500000,-0.000000360617
0.984375000000,2.250000000000,-0.000000359200
0.984375000000,2.273437500000,-0.000000356997
0.984375000000,2.296875000000,-0.000000354014
0.984375000000,2.320312500000,-0.000000350256
0.984375000000,2.343750000000,-0.000000345732
0.984375000000,2.367187500000,-0.000000340451
0.984375000000,2.390625000000,-0.000000334425
0.984375000000,2.414062500000,-0.000000327668
0.984375000000,2.437500000000,-0.000000320195
0.984375000000,2.460937500000,-0.000000312023
0.984375000000,2.484375000000,-0.000000303170
0.984375000000,2.507812500000,-0.000000293658
0.984375000000,2.531250000000,-0.000000283508
0.984375000000,2.554687500000,-0.000000272743
0.984375000000,2.578125000000,-0.000000261389
0.984375000000,2.601562500000,-0.000000249473
0.984375000000,2.625000000000,-0.000000237021
0.984375000000,2.648437500000,-0.000000224063
0.984375000000,2.671875000000,-0.000000210629
0.984375000000,2.695312500000,-0.000000196751
0.984375000000,2.718750000000,-0.000000182461
0.984375000000,2.742187500000,-0.000000167791
0.984375000000,2.765625000000,-0.000000152778
0.984375000000,2.789062500000,-0.000000137455
0.984375000000,2.812500000000,-0.000000121857
0.984375000000,2.835937500000,-0.000000106022
0.984375000000,2.859375000000,-0.000000089986
0.984375000000,2.882812500000,-0.000000073787
0.984375000000,2.906250000000,-0.000000057461
0.984375000000,2.929687500000,-0.000000041046
0.984375000000,2.953125000000,-0.000000024581
0.984375000000,2.976562500000,-0.000000008102
0.984375000000,3.000000000000,0.000000000000
1.007812500000,0.000000000000,0.000000000000
1.007812500000,0.023437500000,0.000000020918
1.007812500000,0.046875000000,0.000000034684
1.007812500000,0.070312500000,0.000000048325
1.007812500000,0.093750000000,0.000000061808
1.007812500000,0.117187500000,0.000000075098
1.007812500000,0.140625000000,0.000000088161
1.007812500000,0.164062500000,0.000000100965
1.007812500000,0.187500000000,0.000000113477
1.007812500000,0.210937500000,0.000000125666
1.007812500000,0.234375000000,0.000000137501
1.007812500000,0.257812500000,0.000000148952
1.007812500000,0.281250000000,0.000000159990
1.007812500000,0.304687500000,0.000000170587
1.007812500000,0.328125000000,0.000000180716
1.007812500000,0.351562500000,0.000000190351
1.007812500000,0.375000000000,0.000000199469
1.007812500000,0.398437500000,0.000000208045
1.007812500000,0.421875000000,0.000000216057
1.007812500000,0.445312500000,0.000000223485
1.007812500000,0.468750000000,0.000000230309
1.007812500000,0.492187500000,0.000000236512
1.007812500000,0.515625000000,0.000000242077
1.007812500000,0.539062500000,0.000000246989
1.007812500000,0.562500000000,0.000000251235
1.007812500000,0.585937500000,0.000000254804
1.007812500000,0.609375000000,0.000000257684
1.007812500000,0.632812500000,0.000000259868
1.007812500000,0.656250000000,0.000000261349
1.007812500000,0.679687500000,0.000000262121
1.007812500000,0.703125000000,0.000000262182
1.007812500000,0.726562500000,0.000000261529
1.007812500000,0.750000000000,0.000000260163
1.007812500000,0.773437500000,0.000000258085
1.007812500000,0.796875000000,0.000000255299
1.007812500000,0.820312500000,0.000000251809
1.007812500000,0.843750000000,0.000000247624
1.007812500000,0.867187500000,0.000000242751
1.007812500000,0.890625000000,0.000000237200
1.007812500000,0.914062500000,0.000000230983
1.007812500000,0.937500000000,0.000000224115
1.007812500000,0.960937500000,0.000000216610
1.007812500000,0.984375000000,0.000000208484
1.007812500000,1.007812500000,0.000000199756
1.007812500000,1.031250000000,0.000000190446
1.007812500000,1.054687500000,0.000000180576
1.007812500000,1.078125000000,0.000000170166
1.007812500000,1.101562500000,0.000000159242
1.007812500000,1.125000000000,0.000000147829
1.007812500000,1.148437500000,0.000000135953
1.007812500000,1.171875000000,0.000000123642
1.007812500000,1.195312500000,0.000000110924
1.007812500000,1.218750000000,0.000000097830
1.007812500000,1.242187500000,0.000000084391
1.007812500000,1.265625000000,0.000000070637
1.007812500000,1.289062500000,0.000000056602
1.007812500000,1.312500000000,0.000000042319
1.007812500000,1.335937500000,0.000000027822
1.007812500000,1.359375000000,0.000000013146
1.007812500000,1.382812500000,-0.000000001675
1.007812500000,1.406250000000,-0.000000016604
1.007812500000,1.429687500000,-0.000000031606
1.007812500000,1.453125000000,-0.000000046645
1.007812500000,1.476562500000,-0.000000061684
1.007812500000,1.500000000000,-0.000000076687
1.007812500000,1.523437500000,-0.000000091617
1.007812500000,1.546875000000,-0.000000106439
1.007812500000,1.570312500000,-0.000000121115
1.007812500000,1.593750000000,-0.000000135612
1.007812500000,1.617187500000,-0.000000149891
1.007812500000,1.640625000000,-0.000000163920
1.007812500000,1.664062500000,-0.000000177663
1.007812500000,1.687500000000,-0.000000191086
1.007812500000,1.710937500000,-0.000000204157
1.007812500000,1.734375000000,-0.000000216843
1.007812500000,1.757812500000,-0.000000229112
1.007812500000,1.781250000000,-0.000000240935
1.007812500000,1.804687500000,-0.000000252281
1.007812500000,1.828125000000,-0.000000263122
1.007812500000,1.851562500000,-0.000000273432
1.007812500000,1.875000000000,-0.000000283184
1.007812500000,1.898437500000,-0.000000292354
1.007812500000,1.921875000000,-0.000000300918
1.007812500000,1.945312500000,-0.000000308856
1.007812500000,1.968750000000,-0.000000316145
1.007812500000,1.992187500000,-0.000000322769
1.007812500000,2.015625000000,-0.000000328710
1.007812500000,2.039062500000,-0.000000333951
1.007812500000,2.062500000000,-0.000000338481
1.007812500000,2.085937500000,-0.000000342286
1.007812500000,2.109375000000,-0.000000345356
1.007812500000,2.132812500000,-0.000000347683
1.007812500000,2.156250000000,-0.000000349260
1.007812500000,2.179687500000,-0.000000350082
1.007812500000,2.203125000000,-0.000000350147
1.007812500000,2.226562500000,-0.000000349452
1.007812500000,2.250000000000,-0.000000347999
1.007812500000,2.273437500000,-0.000000345790
1.007812500000,2.296875000000,-0.000000342829
1.007812500000,2.320312500000,-0.000000339123
1.007812500000,2.343750000000,-0.000000334679
1.007812500000,2.367187500000,-0.000000329508
1.007812500000,2.390625000000,-0.000000323620
1.007812500000,2.414062500000,-0.000000317029
1.007812500000,2.437500000000,-0.000000309749
1.007812500000,2.460937500000,-0.000000301798
1.007812500000,2.484375000000,-0.000000293194
1.007812500000,2.507812500000,-0.000000283956
1.007812500000,2.531250000000,-0.000000274105
1.007812500000,2.554687500000,-0.000000263665
1.007812500000,2.578125000000,-0.000000252659
1.007812500000,2.601562500000,-0.000000241114
1.007812500000,2.625000000000,-0.000000229055
1.007812500000,2.648437500000,-0.000000216511
1.007812500000,2.671875000000,-0.000000203511
1.007812500000,2.695312500000,-0.000000190084
1.007812500000,2.718750000000,-0.000000176263
1.007812500000,2.742187500000,-0.000000162079
1.007812500000,2.765625000000,-0.000000147565
1.007812500000,2.789062500000,-0.000000132755
1.007812500000,2.812500000000,-0.000000117683
1.007812500000,2.835937500000,-0.000000102383
1.007812500000,2.859375000000,-0.000000086891
1.007812500000,2.882812500000,-0.000000071243
1.007812500000,2.906250000000,-0.000000055475
1.007812500000,2.929687500000,-0.000000039622
1.007812500000,2.953125000000,-0.000000023721
1.007812500000,2.976562500000,-0.000000007808
1.007812500000,3.000000000000,0.000000000000
1.031250000000,0.000000000000,0.000000000000
1.031250000000,0.023437500000,0.000000020202
1.031250000000,0.046875000000,0.000000033487
1.031250000000,0.070312500000,0.000000046650
1.031250000000,0.093750000000,0.000000059659
1.031250000000,0.117187500000,0.000000072480
1.031250000000,0.140625000000,0.000000085080
1.031250000000,0.164062500000,0.000000097428
1.031250000000,0.187500000000,0.000000109491
1.031250000000,0.210937500000,0.000000121240
1.031250000000,0.234375000000,0.000000132644
1.031250000000,0.257812500000,0.000000143673
1.031250000000,0.281250000000,0.000000154302
1.031250000000,0.304687500000,0.000000164500
1.031250000000,0.328125000000,0.000000174244
1.031250000000,0.351562500000,0.000000183508
1.031250000000,0.375000000000,0.000000192267
1.031250000000,0.398437500000,0.000000200500
1.031250000000,0.421875000000,0.000000208186
1.031250000000,0.445312500000,0.000000215303
1.031250000000,0.468750000000,0.000000221834
1.031250000000,0.492187500000,0.000000227761
1.031250000000,0.515625000000,0.000000233069
1.031250000000,0.539062500000,0.000000237744
1.031250000000,0.562500000000,0.000000241772
1.031250000000,0.585937500000,0.000000245142
1.031250000000,0.609375000000,0.000000247846
1.031250000000,0.632812500000,0.000000249875
1.031250000000,0.656250000000,0.000000251222
1.031250000000,0.679687500000,0.000000251883
1.031250000000,0.703125000000,0.000000251855
1.031250000000,0.726562500000,0.000000251137
1.031250000000,0.750000000000,0.000000249729
1.031250000000,0.773437500000,0.000000247632
1.031250000000,0.796875000000,0.000000244852
1.031250000000,0.820312500000,0.000000241392
1.031250000000,0.843750000000,0.000000237260
1.031250000000,0.867187500000,0.000000232465
1.031250000000,0.890625000000,0.000000227016
1.031250000000,0.914062500000,0.000000220927
1.031250000000,0.937500000000,0.000000214209
1.031250000000,0.960937500000,0.000000206878
1.031250000000,0.984375000000,0.000000198952
1.031250000000,1.007812500000,0.000000190446
1.031250000000,1.031250000000,0.000000181382
1.031250000000,1.054687500000,0.000000171780
1.031250000000,1.078125000000,0.000000161662
1.031250000000,1.101562500000,0.000000151051
1.031250000000,1.125000000000,0.000000139973
1.031250000000,1.148437500000,0.000000128452
1.031250000000,1.171875000000,0.000000116517
1.031250000000,1.195312500000,0.000000104195
1.031250000000,1.218750000000,0.000000091515
1.031250000000,1.242187500000,0.000000078507
1.031250000000,1.265625000000,0.000000065202
1.031250000000,1.289062500000,0.000000051632
1.031250000000,1.312500000000,0.000000037829
1.031250000000,1.335937500000,0.000000023826
1.031250000000,1.359375000000,0.000000009657
1.031250000000,1.382812500000,-0.000000004645
1.031250000000,1.406250000000,-0.000000019046
1.031250000000,1.429687500000,-0.000000033509
1.031250000000,1.453125000000,-0.000000048002
1.031250000000,1.476562500000,-0.000000062488
1.031250000000,1.500000000000,-0.000000076932
1.031250000000,1.523437500000,-0.000000091300
1.031250000000,1.546875000000,-0.000000105557
1.031250000000,1.570312500000,-0.000000119667
1.031250000000,1.593750000000,-0.000000133597
1.031250000000,1.617187500000,-0.000000147313
1.031250000000,1.640625000000,-0.000000160780
1.031250000000,1.664062500000,-0.000000173967
1.031250000000,1.687500000000,-0.000000186840
1.031250000000,1.710937500000,-0.000000199368
1.031250000000,1.734375000000,-0.000000211520
1.031250000000,1.757812500000,-0.000000223266
1.031250000000,1.781250000000,-0.000000234577
1.031250000000,1.804687500000,-0.000000245426
1.031250000000,1.828125000000,-0.000000255784
1.031250000000,1.851562500000,-0.000000265627
1.031250000000,1.875000000000,-0.000000274929
1.031250000000,1.898437500000,-0.000000283668
1.031250000000,1.921875000000,-0.000000291821
1.031250000000,1.945312500000,-0.000000299368
1.031250000000,1.968750000000,-0.000000306291
1.031250000000,1.992187500000,-0.000000312570
1.031250000000,2.015625000000,-0.000000318191
1.031250000000,2.039062500000,-0.000000323139
1.031250000000,2.062500000000,-0.000000327400
1.031250000000,2.085937500000,-0.000000330964
1.031250000000,2.109375000000,-0.000000333822
1.031250000000,2.132812500000,-0.000000335965
1.031250000000,2.156250000000,-0.000000337387
1.031250000000,2.179687500000,-0.000000338084
1.031250000000,2.203125000000,-0.000000338054
1.031250000000,2.226562500000,-0.000000337295
1.031250000000,2.250000000000,-0.000000335809
1.031250000000,2.273437500000,-0.000000333598
1.031250000000,2.296875000000,-0.000000330666
1.031250000000,2.320312500000,-0.000000327020
1.031250000000,2.343750000000,-0.000000322668
1.031250000000,2.367187500000,-0.000000317618
1.031250000000,2.390625000000,-0.000000311883
1.031250000000,2.414062500000,-0.000000305476
1.031250000000,2.437500000000,-0.000000298410
1.031250000000,2.460937500000,-0.000000290702
1.031250000000,2.484375000000,-0.000000282369
1.031250000000,2.507812500000,-0.000000273430
1.031250000000,2.531250000000,-0.000000263907
1.031250000000,2.554687500000,-0.000000253821
1.031250000000,2.578125000000,-0.000000243195
1.031250000000,2.601562500000,-0.000000232053
1.031250000000,2.625000000000,-0.000000220421
1.031250000000,2.648437500000,-0.000000208327
1.031250000000,2.671875000000,-0.000000195798
1.031250000000,2.695312500000,-0.000000182862
1.031250000000,2.718750000000,-0.000000169550
1.031250000000,2.742187500000,-0.000000155893
1.031250000000,2.765625000000,-0.000000141921
1.031250000000,2.789062500000,-0.000000127667
1.031250000000,2.812500000000,-0.000000113163
1.031250000000,2.835937500000,-0.000000098444
1.031250000000,2.859375000000,-0.000000083541
1.031250000000,2.882812500000,-0.000000068490
1.031250000000,2.906250000000,-0.000000053325
1.031250000000,2.929687500000,-0.000000038080
1.031250000000,2.953125000000,-0.000000022790
1.031250000000,2.976562500000,-0.000000007490
1.031250000000,3.000000000000,0.000000000000
1.054687500000,0.000000000000,0.000000000000
1.054687500000,0.023437500000,0.000000019432
1.054687500000,0.046875000000,0.000000032200
1.054687500000,0.070312500000,0.000000044851
1.054687500000,0.093750000000,0.000000057351
1.054687500000,0.117187500000,0.000000069669
1.054687500000,0.140625000000,0.000000081772
1.054687500000,0.164062500000,0.000000093630
1.054687500000,0.187500000000,0.000000105212
1.054687500000,0.210937500000,0.000000116489
1.054687500000,0.234375000000,0.000000127431
1.054687500000,0.257812500000,0.000000138010
1.054687500000,0.281250000000,0.000000148199
1.054687500000,0.304687500000,0.000000157972
1.054687500000,0.328125000000,0.000000167303
1.054687500000,0.351562500000,0.000000176169
1.054687500000,0.375000000000,0.000000184547
1.054687500000,0.398437500000,0.000000192414
1.054687500000,0.421875000000,0.000000199751
1.054687500000,0.445312500000,0.000000206537
1.054687500000,0.468750000000,0.000000212756
1.054687500000,0.492187500000,0.000000218390
1.054687500000,0.515625000000,0.000000223426
1.054687500000,0.539062500000,0.000000227848
1.054687500000,0.562500000000,0.000000231646
1.054687500000,0.585937500000,0.000000234808
1.054687500000,0.609375000000,0.000000237326
1.054687500000,0.632812500000,0.000000239191
1.054687500000,0.656250000000,0.000000240399
1.054687500000,0.679687500000,0.000000240945
1.054687500000,0.703125000000,0.000000240828
1.054687500000,0.726562500000,0.000000240043
1.054687500000,0.750000000000,0.000000238595
1.054687500000,0.773437500000,0.000000236484
1.054687500000,0.796875000000,0.000000233714
1.054687500000,0.820312500000,0.000000230291
1.054687500000,0.843750000000,0.000000226222
1.054687500000,0.867187500000,0.000000221516
1.054687500000,0.890625000000,0.000000216182
1.054687500000,0.914062500000,0.000000210233
1.054687500000,0.937500000000,0.000000203683
1.054687500000,0.960937500000,0.000000196545
1.054687500000,0.984375000000,0.000000188837
1.054687500000,1.007812500000,0.000000180576
1.054687500000,1.031250000000,0.000000171780
1.054687500000,1.054687500000,0.000000162471
1.054687500000,1.078125000000,0.000000152670
1.054687500000,1.101562500000,0.000000142400
1.054687500000,1.125000000000,0.000000131685
1.054687500000,1.148437500000,0.000000120551
1.054687500000,1.171875000000,0.000000109023
1.054687500000,1.195312500000,0.000000097129
1.054687500000,1.218750000000,0.000000084897
1.054687500000,1.242187500000,0.000000072356
1.054687500000,1.265625000000,0.000000059536
1.054687500000,1.289062500000,0.000000046468
1.054687500000,1.312500000000,0.000000033183
1.054687500000,1.335937500000,0.000000019713
1.054687500000,1.359375000000,0.000000006089
1.054687500000,1.382812500000,-0.000000007655
1.054687500000,1.406250000000,-0.000000021486
1.054687500000,1.429687500000,-0.000000035370
1.054687500000,1.453125000000,-0.000000049276
1.054687500000,1.476562500000,-0.000000063167
1.054687500000,1.500000000000,-0.000000077012
1.054687500000,1.523437500000,-0.000000090776
1.054687500000,1.546875000000,-0.000000104427
1.054687500000,1.570312500000,-0.000000117930
1.054687500000,1.593750000000,-0.000000131254
1.054687500000,1.617187500000,-0.000000144365
1.054687500000,1.640625000000,-0.000000157231
1.054687500000,1.664062500000,-0.000000169823
1.054687500000,1.687500000000,-0.000000182107
1.054687500000,1.710937500000,-0.000000194055
1.054687500000,1.734375000000,-0.000000205636
1.054687500000,1.757812500000,-0.000000216824
1.054687500000,1.781250000000,-0.000000227589
1.054687500000,1.804687500000,-0.000000237906
1.054687500000,1.828125000000,-0.000000247750
1.054687500000,1.851562500000,-0.000000257095
1.054687500000,1.875000000000,-0.000000265918
1.054687500000,1.898437500000,-0.000000274198
1.054687500000,1.921875000000,-0.000000281915
1.054687500000,1.945312500000,-0.000000289048
1.054687500000,1.968750000000,-0.000000295580
1.054687500000,1.992187500000,-0.000000301495
1.054687500000,2.015625000000,-0.000000306777
1.054687500000,2.039062500000,-0.000000311414
1.054687500000,2.062500000000,-0.000000315393
1.054687500000,2.085937500000,-0.000000318703
1.054687500000,2.109375000000,-0.000000321337
1.054687500000,2.132812500000,-0.000000323287
1.054687500000,2.156250000000,-0.000000324548
1.054687500000,2.179687500000,-0.000000325116
1.054687500000,2.203125000000,-0.000000324988
1.054687500000,2.226562500000,-0.000000324165
1.054687500000,2.250000000000,-0.000000322648
1.054687500000,2.273437500000,-0.000000320439
1.054687500000,2.296875000000,-0.000000317543
1.054687500000,2.320312500000,-0.000000313966
1.054687500000,2.343750000000,-0.000000309715
1.054687500000,2.367187500000,-0.000000304802
1.054687500000,2.390625000000,-0.000000299235
1.054687500000,2.414062500000,-0.000000293028
1.054687500000,2.437500000000,-0.000000286195
1.054687500000,2.460937500000,-0.000000278751
1.054687500000,2.484375000000,-0.000000270713
1.054687500000,2.507812500000,-0.000000262100
1.054687500000,2.531250000000,-0.000000252931
1.054687500000,2.554687500000,-0.000000243227
1.054687500000,2.578125000000,-0.000000233011
1.054687500000,2.601562500000,-0.000000222305
1.054687500000,2.625000000000,-0.000000211135
1.054687500000,2.648437500000,-0.000000199526
1.054687500000,2.671875000000,-0.000000187504
1.054687500000,2.695312500000,-0.000000175097
1.054687500000,2.718750000000,-0.000000162333
1.054687500000,2.742187500000,-0.000000149242
1.054687500000,2.765625000000,-0.000000135854
1.054687500000,2.789062500000,-0.000000122198
1.054687500000,2.812500000000,-0.000000108306
1.054687500000,2.835937500000,-0.000000094210
1.054687500000,2.859375000000,-0.000000079942
1.054687500000,2.882812500000,-0.000000065533
1.054687500000,2.906250000000,-0.000000051017
1.054687500000,2.929687500000,-0.000000036425
1.054687500000,2.953125000000,-0.000000021792
1.054687500000,2.976562500000,-0.000000007149
1.054687500000,3.000000000000,0.000000000000
1.078125000000,0.000000000000,0.000000000000
1.078125000000,0.023437500000,0.000000018609
1.078125000000,0.046875000000,0.000000030827
1.078125000000,0.070312500000,0.000000042931
1.078125000000,0.093750000000,0.000000054888
1.078125000000,0.117187500000,0.000000066670
1.078125000000,0.140625000000,0.000000078243
1.078125000000,0.164062500000,0.000000089580
1.078125000000,0.187500000000,0.000000100649
1.078125000000,0.210937500000,0.000000111423
1.078125000000,0.234375000000,0.000000121873
1.078125000000,0.257812500000,0.000000131972
1.078125000000,0.281250000000,0.000000141694
1.078125000000,0.304687500000,0.000000151014
1.078125000000,0.328125000000,0.000000159908
1.078125000000,0.351562500000,0.000000168351
1.078125000000,0.375000000000,0.000000176323
1.078125000000,0.398437500000,0.000000183802
1.078125000000,0.421875000000,0.000000190769
1.078125000000,0.445312500000,0.000000197205
1.078125000000,0.468750000000,0.000000203094
1.078125000000,0.492187500000,0.000000208419
1.078125000000,0.515625000000,0.000000213166
1.078125000000,0.539062500000,0.000000217323
1.078125000000,0.562500000000,0.000000220878
1.078125000000,0.585937500000,0.000000223822
1.078125000000,0.609375000000,0.000000226145
1.078125000000,0.632812500000,0.000000227841
1.078125000000,0.656250000000,0.000000228905
1.078125000000,0.679687500000,0.000000229333
1.078125000000,0.703125000000,0.000000229122
1.078125000000,0.726562500000,0.000000228273
1.078125000000,0.750000000000,0.000000226786
1.078125000000,0.773437500000,0.000000224663
1.078125000000,0.796875000000,0.000000221910
1.078125000000,0.820312500000,0.000000218531
1.078125000000,0.843750000000,0.000000214534
1.078125000000,0.867187500000,0.000000209927
1.078125000000,0.890625000000,0.000000204721
1.078125000000,0.914062500000,0.000000198928
1.078125000000,0.937500000000,0.000000192560
1.078125000000,0.960937500000,0.000000185633
1.078125000000,0.984375000000,0.000000178163
1.078125000000,1.007812500000,0.000000170166
1.078125000000,1.031250000000,0.000000161662
1.078125000000,1.054687500000,0.000000152670
1.078125000000,1.078125000000,0.000000143212
1.078125000000,1.101562500000,0.000000133310
1.078125000000,1.125000000000,0.000000122987
1.078125000000,1.148437500000,0.000000112268
1.078125000000,1.171875000000,0.000000101178
1.078125000000,1.195312500000,0.000000089745
1.078125000000,1.218750000000,0.000000077994
1.078125000000,1.242187500000,0.000000065954
1.078125000000,1.265625000000,0.000000053654
1.078125000000,1.289062500000,0.000000041125
1.078125000000,1.312500000000,0.000000028394
1.078125000000,1.335937500000,0.000000015493
1.078125000000,1.359375000000,0.000000002454
1.078125000000,1.382812500000,-0.000000010692
1.078125000000,1.406250000000,-0.000000023914
1.078125000000,1.429687500000,-0.000000037181
1.078125000000,1.453125000000,-0.000000050459
1.078125000000,1.476562500000,-0.000000063716
1.078125000000,1.500000000000,-0.000000076921
1.078125000000,1.523437500000,-0.000000090042
1.078125000000,1.546875000000,-0.000000103046
1.078125000000,1.570312500000,-0.000000115902
1.078125000000,1.593750000000,-0.000000128580
1.078125000000,1.617187500000,-0.000000141048
1.078125000000,1.640625000000,-0.000000153275
1.078125000000,1.664062500000,-0.000000165233
1.078125000000,1.687500000000,-0.000000176891
1.078125000000,1.710937500000,-0.000000188223
1.078125000000,1.734375000000,-0.000000199199
1.078125000000,1.757812500000,-0.000000209793
1.078125000000,1.781250000000,-0.000000219979
1.078125000000,1.804687500000,-0.000000229733
1.078125000000,1.828125000000,-0.000000239030
1.078125000000,1.851562500000,-0.000000247848
1.078125000000,1.875000000000,-0.000000256165
1.078125000000,1.898437500000,-0.000000263960
1.078125000000,1.921875000000,-0.000000271214
1.078125000000,1.945312500000,-0.000000277910
1.078125000000,1.968750000000,-0.000000284030
1.078125000000,1.992187500000,-0.000000289560
1.078125000000,2.015625000000,-0.000000294486
1.078125000000,2.039062500000,-0.000000298795
1.078125000000,2.062500000000,-0.000000302477
1.078125000000,2.085937500000,-0.000000305521
1.078125000000,2.109375000000,-0.000000307922
1.078125000000,2.132812500000,-0.000000309671
1.078125000000,2.156250000000,-0.000000310764
1.078125000000,2.179687500000,-0.000000311198
1.078125000000,2.203125000000,-0.000000310972
1.078125000000,2.226562500000,-0.000000310085
1.078125000000,2.250000000000,-0.000000308538
1.078125000000,2.273437500000,-0.000000306336
1.078125000000,2.296875000000,-0.000000303482
1.078125000000,2.320312500000,-0.000000299982
1.078125000000,2.343750000000,-0.000000295845
1.078125000000,2.367187500000,-0.000000291080
1.078125000000,2.390625000000,-0.000000285696
1.078125000000,2.414062500000,-0.000000279707
1.078125000000,2.437500000000,-0.000000273126
1.078125000000,2.460937500000,-0.000000265967
1.078125000000,2.484375000000,-0.000000258247
1.078125000000,2.507812500000,-0.000000249984
1.078125000000,2.531250000000,-0.000000241196
1.078125000000,2.554687500000,-0.000000231903
1.078125000000,2.578125000000,-0.000000222126
1.078125000000,2.601562500000,-0.000000211888
1.078125000000,2.625000000000,-0.000000201211
1.078125000000,2.648437500000,-0.000000190121
1.078125000000,2.671875000000,-0.000000178643
1.078125000000,2.695312500000,-0.000000166802
1.078125000000,2.718750000000,-0.000000154625
1.078125000000,2.742187500000,-0.000000142140
1.078125000000,2.765625000000,-0.000000129375
1.078125000000,2.789062500000,-0.000000116358
1.078125000000,2.812500000000,-0.000000103121
1.078125000000,2.835937500000,-0.000000089691
1.078125000000,2.859375000000,-0.000000076099
1.078125000000,2.882812500000,-0.000000062376
1.078125000000,2.906250000000,-0.000000048553
1.078125000000,2.929687500000,-0.000000034659
1.078125000000,2.953125000000,-0.000000020727
1.078125000000,2.976562500000,-0.000000006787
1.078125000000,3.000000000000,0.000000000000
1.101562500000,0.000000000000,0.000000000000
1.101562500000,0.023437500000,0.000000017737
1.101562500000,0.046875000000,0.000000029370
1.101562500000,0.070312500000,0.000000040894
1.101562500000,0.093750000000,0.000000052277
1.101562500000,0.117187500000,0.000000063489
1.101562500000,0.140625000000,0.000000074502
1.101562500000,0.164062500000,0.000000085285
1.101562500000,0.187500000000,0.000000095811
1.101562500000,0.210937500000,0.000000106053
1.101562500000,0.234375000000,0.000000115982
1.101562500000,0.257812500000,0.000000125573
1.101562500000,0.281250000000,0.000000134802
1.101562500000,0.304687500000,0.000000143642
1.101562500000,0.328125000000,0.000000152073
1.101562500000,0.351562500000,0.000000160070
1.101562500000,0.375000000000,0.000000167614
1.101562500000,0.398437500000,0.000000174683
1.101562500000,0.421875000000,0.000000181260
1.101562500000,0.445312500000,0.000000187327
1.101562500000,0.468750000000,0.000000192868
1.101562500000,0.492187500000,0.000000197868
1.101562500000,0.515625000000,0.000000202312
1.101562500000,0.539062500000,0.000000206191
1.101562500000,0.562500000000,0.000000209492
1.101562500000,0.585937500000,0.000000212207
1.101562500000,0.609375000000,0.000000214327
1.101562500000,0.632812500000,0.000000215848
1.101562500000,0.656250000000,0.000000216762
1.101562500000,0.679687500000,0.000000217068
1.101562500000,0.703125000000,0.000000216764
1.101562500000,0.726562500000,0.000000215850
1.101562500000,0.750000000000,0.000000214327
1.101562500000,0.773437500000,0.000000212197
1.101562500000,0.796875000000,0.000000209466
1.101562500000,0.820312500000,0.000000206138
1.101562500000,0.843750000000,0.000000202221
1.101562500000,0.867187500000,0.000000197725
1.101562500000,0.890625000000,0.000000192659
1.101562500000,0.914062500000,0.000000187035
1.101562500000,0.937500000000,0.000000180867
1.101562500000,0.960937500000,0.000000174168
1.101562500000,0.984375000000,0.000000166954
1.101562500000,1.007812500000,0.000000159242
1.101562500000,1.031250000000,0.000000151051
1.101562500000,1.054687500000,0.000000142400
1.101562500000,1.078125000000,0.000000133310
1.101562500000,1.101562500000,0.000000123802
1.101562500000,1.125000000000,0.000000113898
1.101562500000,1.148437500000,0.000000103624
1.101562500000,1.171875000000,0.000000093003
1.101562500000,1.195312500000,0.000000082060
1.101562500000,1.218750000000,0.000000070823
1.101562500000,1.242187500000,0.000000059319
1.101562500000,1.265625000000,0.000000047573
1.101562500000,1.289062500000,0.000000035616
1.101562500000,1.312500000000,0.000000023476
1.101562500000,1.335937500000,0.000000011182
1.101562500000,1.359375000000,-0.000000001235
1.101562500000,1.382812500000,-0.000000013747
1.101562500000,1.406250000000,-0.000000026323
1.101562500000,1.429687500000,-0.000000038932
1.101562500000,1.453125000000,-0.000000051544
1.101562500000,1.476562500000,-0.000000064129
1.101562500000,1.500000000000,-0.000000076655
1.101562500000,1.523437500000,-0.000000089093
1.101562500000,1.546875000000,-0.000000101412
1.101562500000,1.570312500000,-0.000000113583
1.101562500000,1.593750000000,-0.000000125576
1.101562500000,1.617187500000,-0.000000137363
1.101562500000,1.640625000000,-0.000000148915
1.101562500000,1.664062500000,-0.000000160202
1.101562500000,1.687500000000,-0.000000171199
1.101562500000,1.710937500000,-0.000000181878
1.101562500000,1.734375000000,-0.000000192215
1.101562500000,1.757812500000,-0.000000202182
1.101562500000,1.781250000000,-0.000000211757
1.101562500000,1.804687500000,-0.000000220917
1.101562500000,1.828125000000,-0.000000229638
1.101562500000,1.851562500000,-0.000000237900
1.101562500000,1.875000000000,-0.000000245683
1.101562500000,1.898437500000,-0.000000252967
1.101562500000,1.921875000000,-0.000000259735
1.101562500000,1.945312500000,-0.000000265971
1.101562500000,1.968750000000,-0.000000271659
1.101562500000,1.992187500000,-0.000000276785
1.101562500000,2.015625000000,-0.000000281337
1.101562500000,2.039062500000,-0.000000285303
1.101562500000,2.062500000000,-0.000000288674
1.101562500000,2.085937500000,-0.000000291441
1.101562500000,2.109375000000,-0.000000293597
1.101562500000,2.132812500000,-0.000000295138
1.101562500000,2.156250000000,-0.000000296057
1.101562500000,2.179687500000,-0.000000296354
1.101562500000,2.203125000000,-0.000000296027
1.101562500000,2.226562500000,-0.000000295077
1.101562500000,2.250000000000,-0.000000293504
1.101562500000,2.273437500000,-0.000000291312
1.101562500000,2.296875000000,-0.000000288508
1.101562500000,2.320312500000,-0.000000285094
1.101562500000,2.343750000000,-0.000000281081
1.101562500000,2.367187500000,-0.000000276477
1.101562500000,2.390625000000,-0.000000271291
1.101562500000,2.414062500000,-0.000000265536
1.101562500000,2.437500000000,-0.000000259226
1.101562500000,2.460937500000,-0.000000252372
1.101562500000,2.484375000000,-0.000000244992
1.101562500000,2.507812500000,-0.000000237103
1.101562500000,2.531250000000,-0.000000228721
1.101562500000,2.554687500000,-0.000000219866
1.101562500000,2.578125000000,-0.000000210559
1.101562500000,2.601562500000,-0.000000200819
1.101562500000,2.625000000000,-0.000000190669
1.101562500000,2.648437500000,-0.000000180132
1.101562500000,2.671875000000,-0.000000169232
1.101562500000,2.695312500000,-0.000000157991
1.101562500000,2.718750000000,-0.000000146438
1.101562500000,2.742187500000,-0.000000134597
1.101562500000,2.765625000000,-0.000000122495
1.101562500000,2.789062500000,-0.000000110159
1.101562500000,2.812500000000,-0.000000097615
1.101562500000,2.835937500000,-0.000000084893
1.101562500000,2.859375000000,-0.000000072020
1.101562500000,2.882812500000,-0.000000059026
1.101562500000,2.906250000000,-0.000000045938
1.101562500000,2.929687500000,-0.000000032786
1.101562500000,2.953125000000,-0.000000019598
1.101562500000,2.976562500000,-0.000000006404
1.101562500000,3.000000000000,0.000000000000
1.125000000000,0.000000000000,0.000000000000
1.125000000000,0.023437500000,0.000000016815
1.125000000000,0.046875000000,0.000000027833
1.125000000000,0.070312500000,0.000000038744
1.125000000000,0.093750000000,0.000000049521
1.125000000000,0.117187500000,0.000000060134
1.125000000000,0.140625000000,0.000000070554
1.125000000000,0.164062500000,0.000000080755
1.125000000000,0.187500000000,0.000000090709
1.125000000000,0.210937500000,0.000000100389
1.125000000000,0.234375000000,0.000000109770
1.125000000000,0.257812500000,0.000000118827
1.125000000000,0.281250000000,0.000000127535
1.125000000000,0.304687500000,0.000000135872
1.125000000000,0.328125000000,0.000000143815
1.125000000000,0.351562500000,0.000000151343
1.125000000000,0.375000000000,0.000000158435
1.125000000000,0.398437500000,0.000000165076
1.125000000000,0.421875000000,0.000000171244
1.125000000000,0.445312500000,0.000000176924
1.125000000000,0.468750000000,0.000000182099
1.125000000000,0.492187500000,0.000000186759
1.125000000000,0.515625000000,0.000000190889
1.125000000000,0.539062500000,0.000000194476
1.125000000000,0.562500000000,0.000000197513
1.125000000000,0.585937500000,0.000000199990
1.125000000000,0.609375000000,0.000000201901
1.125000000000,0.632812500000,0.000000203238
1.125000000000,0.656250000000,0.000000203999
1.125000000000,0.679687500000,0.000000204181
1.125000000000,0.703125000000,0.000000203782
1.125000000000,0.726562500000,0.000000202803
1.125000000000,0.750000000000,0.000000201245
1.125000000000,0.773437500000,0.000000199112
1.125000000000,0.796875000000,0.000000196408
1.125000000000,0.820312500000,0.000000193138
1.125000000000,0.843750000000,0.000000189312
1.125000000000,0.867187500000,0.000000184937
1.125000000000,0.890625000000,0.000000180023
1.125000000000,0.914062500000,0.000000174582
1.125000000000,0.937500000000,0.000000168628
1.125000000000,0.960937500000,0.000000162174
1.125000000000,0.984375000000,0.000000155235
1.125000000000,1.007812500000,0.000000147829
1.125000000000,1.031250000000,0.000000139973
1.125000000000,1.054687500000,0.000000131685
1.125000000000,1.078125000000,0.000000122987
1.125000000000,1.101562500000,0.000000113898
1.125000000000,1.125000000000,0.000000104442
1.125000000000,1.148437500000,0.000000094640
1.125000000000,1.171875000000,0.000000084516
1.125000000000,1.195312500000,0.000000074096
1.125000000000,1.218750000000,0.000000063403
1.125000000000,1.242187500000,0.000000052465
1.125000000000,1.265625000000,0.000000041308
1.125000000000,1.289062500000,0.000000029958
1.125000000000,1.312500000000,0.000000018443
1.125000000000,1.335937500000,0.000000006791
1.125000000000,1.359375000000,-0.000000004969
1.125000000000,1.382812500000,-0.000000016809
1.125000000000,1.406250000000,-0.000000028702
1.125000000000,1.429687500000,-0.000000040617
1.125000000000,1.453125000000,-0.000000052525
1.125000000000,1.476562500000,-0.000000064399
1.125000000000,1.500000000000,-0.000000076209
1.125000000000,1.523437500000,-0.000000087927
1.125000000000,1.546875000000,-0.000000099525
1.125000000000,1.570312500000,-0.000000110973
1.125000000000,1.593750000000,-0.000000122245
1.125000000000,1.617187500000,-0.000000133314
1.125000000000,1.640625000000,-0.000000144153
1.125000000000,1.664062500000,-0.000000154735
1.125000000000,1.687500000000,-0.000000165036
1.125000000000,1.710937500000,-0.000000175030
1.125000000000,1.734375000000,-0.000000184694
1.125000000000,1.757812500000,-0.000000194003
1.125000000000,1.781250000000,-0.000000202936
1.125000000000,1.804687500000,-0.000000211471
1.125000000000,1.828125000000,-0.000000219588
1.125000000000,1.851562500000,-0.000000227267
1.125000000000,1.875000000000,-0.000000234489
1.125000000000,1.898437500000,-0.000000241238
1.125000000000,1.921875000000,-0.000000247497
1.125000000000,1.945312500000,-0.000000253251
1.125000000000,1.968750000000,-0.000000258486
1.125000000000,1.992187500000,-0.000000263191
1.125000000000,2.015625000000,-0.000000267352
1.125000000000,2.039062500000,-0.000000270961
1.125000000000,2.062500000000,-0.000000274008
1.125000000000,2.085937500000,-0.000000276486
1.125000000000,2.109375000000,-0.000000278390
1.125000000000,2.132812500000,-0.000000279714
1.125000000000,2.156250000000,-0.000000280455
1.125000000000,2.179687500000,-0.000000280611
1.125000000000,2.203125000000,-0.000000280183
1.125000000000,2.226562500000,-0.000000279168
1.125000000000,2.250000000000,-0.000000277572
1.125000000000,2.273437500000,-0.000000275396
1.125000000000,2.296875000000,-0.000000272646
1.125000000000,2.320312500000,-0.000000269328
1.125000000000,2.343750000000,-0.000000265450
1.125000000000,2.367187500000,-0.000000261018
1.125000000000,2.390625000000,-0.000000256045
1.125000000000,2.414062500000,-0.000000250541
1.125000000000,2.437500000000,-0.000000244519
1.125000000000,2.460937500000,-0.000000237992
1.125000000000,2.484375000000,-0.000000230973
1.125000000000,2.507812500000,-0.000000223481
1.125000000000,2.531250000000,-0.000000215531
1.125000000000,2.554687500000,-0.000000207142
1.125000000000,2.578125000000,-0.000000198331
1.125000000000,2.601562500000,-0.000000189119
1.125000000000,2.625000000000,-0.000000179527
1.125000000000,2.648437500000,-0.000000169574
1.125000000000,2.671875000000,-0.000000159286
1.125000000000,2.695312500000,-0.000000148683
1.125000000000,2.718750000000,-0.000000137789
1.125000000000,2.742187500000,-0.000000126629
1.125000000000,2.765625000000,-0.000000115228
1.125000000000,2.789062500000,-0.000000103610
1.125000000000,2.812500000000,-0.000000091800
1.125000000000,2.835937500000,-0.000000079826
1.125000000000,2.859375000000,-0.000000067713
1.125000000000,2.882812500000,-0.000000055488
1.125000000000,2.906250000000,-0.000000043177
1.125000000000,2.929687500000,-0.000000030808
1.125000000000,2.953125000000,-0.000000018406
1.125000000000,2.976562500000,-0.000000005999
1.125000000000,3.000000000000,0.000000000000
1.148437500000,0.000000000000,0.000000000000
1.148437500000,0.023437500000,0.000000015847
1.148437500000,0.046875000000,0.000000026218
1.148437500000,0.070312500000,0.000000036487
1.148437500000,0.093750000000,0.000000046627
1.148437500000,0.117187500000,0.000000056611
1.148437500000,0.140625000000,0.000000066411
1.148437500000,0.164062500000,0.000000076000
1.148437500000,0.187500000000,0.000000085353
1.148437500000,0.210937500000,0.000000094445
1.148437500000,0.234375000000,0.000000103251
1.148437500000,0.257812500000,0.000000111747
1.148437500000,0.281250000000,0.000000119910
1.148437500000,0.304687500000,0.000000127718
1.148437500000,0.328125000000,0.000000135152
1.148437500000,0.351562500000,0.000000142189
1.148437500000,0.375000000000,0.000000148811
1.148437500000,0.398437500000,0.000000155001
1.148437500000,0.421875000000,0.000000160742
1.148437500000,0.445312500000,0.000000166017
1.148437500000,0.468750000000,0.000000170814
1.148437500000,0.492187500000,0.000000175118
1.148437500000,0.515625000000,0.000000178917
1.148437500000,0.539062500000,0.000000182204
1.148437500000,0.562500000000,0.000000184965
1.148437500000,0.585937500000,0.000000187196
1.148437500000,0.609375000000,0.000000188889
1.148437500000,0.632812500000,0.000000190038
1.148437500000,0.656250000000,0.000000190642
1.148437500000,0.679687500000,0.000000190697
1.148437500000,0.703125000000,0.000000190202
1.148437500000,0.726562500000,0.000000189160
1.148437500000,0.750000000000,0.000000187570
1.148437500000,0.773437500000,0.000000185437
1.148437500000,0.796875000000,0.000000182766
1.148437500000,0.820312500000,0.000000179563
1.148437500000,0.843750000000,0.000000175834
1.148437500000,0.867187500000,0.000000171591
1.148437500000,0.890625000000,0.000000166841
1.148437500000,0.914062500000,0.000000161598
1.148437500000,0.937500000000,0.000000155873
1.148437500000,0.960937500000,0.000000149680
1.148437500000,0.984375000000,0.000000143035
1.148437500000,1.007812500000,0.000000135953
1.148437500000,1.031250000000,0.000000128452
1.148437500000,1.054687500000,0.000000120551
1.148437500000,1.078125000000,0.000000112268
1.148437500000,1.101562500000,0.000000103624
1.148437500000,1.125000000000,0.000000094640
1.148437500000,1.148437500000,0.000000085338
1.148437500000,1.171875000000,0.000000075740
1.148437500000,1.195312500000,0.000000065871
1.148437500000,1.218750000000,0.000000055754
1.148437500000,1.242187500000,0.000000045414
1.148437500000,1.265625000000,0.000000034876
1.148437500000,1.289062500000,0.000000024166
1.148437500000,1.312500000000,0.000000013310
1.148437500000,1.335937500000,0.000000002334
1.148437500000,1.359375000000,-0.000000008734
1.148437500000,1.382812500000,-0.000000019869
1.148437500000,1.406250000000,-0.000000031042
1.148437500000,1.429687500000,-0.000000042226
1.148437500000,1.453125000000,-0.000000053396
1.148437500000,1.476562500000,-0.000000064523
1.148437500000,1.500000000000,-0.000000075581
1.148437500000,1.523437500000,-0.000000086543
1.148437500000,1.546875000000,-0.000000097381
1.148437500000,1.570312500000,-0.000000108072
1.148437500000,1.593750000000,-0.000000118588
1.148437500000,1.617187500000,-0.000000128905
1.148437500000,1.640625000000,-0.000000138997
1.148437500000,1.664062500000,-0.000000148841
1.148437500000,1.687500000000,-0.000000158412
1.148437500000,1.710937500000,-0.000000167687
1.148437500000,1.734375000000,-0.000000176647
1.148437500000,1.757812500000,-0.000000185267
1.148437500000,1.781250000000,-0.000000193528
1.148437500000,1.804687500000,-0.000000201411
1.148437500000,1.828125000000,-0.000000208896
1.148437500000,1.851562500000,-0.000000215965
1.148437500000,1.875000000000,-0.000000222603
1.148437500000,1.898437500000,-0.000000228793
1.148437500000,1.921875000000,-0.000000234521
1.148437500000,1.945312500000,-0.000000239773
1.148437500000,1.968750000000,-0.000000244537
1.148437500000,1.992187500000,-0.000000248801
1.148437500000,2.015625000000,-0.000000252556
1.148437500000,2.039062500000,-0.000000255793
1.148437500000,2.062500000000,-0.000000258505
1.148437500000,2.085937500000,-0.000000260684
1.148437500000,2.109375000000,-0.000000262326
1.148437500000,2.132812500000,-0.000000263428
1.148437500000,2.156250000000,-0.000000263985
1.148437500000,2.179687500000,-0.000000263998
1.148437500000,2.203125000000,-0.000000263465
1.148437500000,2.226562500000,-0.000000262390
1.148437500000,2.250000000000,-0.000000260772
1.148437500000,2.273437500000,-0.000000258616
1.148437500000,2.296875000000,-0.000000255929
1.148437500000,2.320312500000,-0.000000252714
1.148437500000,2.343750000000,-0.000000248979
1.148437500000,2.367187500000,-0.000000244735
1.148437500000,2.390625000000,-0.000000239988
1.148437500000,2.414062500000,-0.000000234750
1.148437500000,2.437500000000,-0.000000229034
1.148437500000,2.460937500000,-0.000000222851
1.148437500000,2.484375000000,-0.000000216216
1.148437500000,2.507812500000,-0.000000209144
1.148437500000,2.531250000000,-0.000000201650
1.148437500000,2.554687500000,-0.000000193751
1.148437500000,2.578125000000,-0.000000185465
1.148437500000,2.601562500000,-0.000000176810
1.148437500000,2.625000000000,-0.000000167805
1.148437500000,2.648437500000,-0.000000158470
1.148437500000,2.671875000000,-0.000000148826
1.148437500000,2.695312500000,-0.000000138893
1.148437500000,2.718750000000,-0.000000128695
1.148437500000,2.742187500000,-0.000000118251
1.148437500000,2.765625000000,-0.000000107587
1.148437500000,2.789062500000,-0.000000096725
1.148437500000,2.812500000000,-0.000000085687
1.148437500000,2.835937500000,-0.000000074500
1.148437500000,2.859375000000,-0.000000063186
1.148437500000,2.882812500000,-0.000000051770
1.148437500000,2.906250000000,-0.000000040276
1.148437500000,2.929687500000,-0.000000028729
1.148437500000,2.953125000000,-0.000000017154
1.148437500000,2.976562500000,-0.000000005575
1.148437500000,3.000000000000,0.000000000000
1.171875000000,0.000000000000,0.000000000000
1.171875000000,0.023437500000,0.000000014834
1.171875000000,0.046875000000,0.000000024529
1.171875000000,0.070312500000,0.000000034127
1.171875000000,0.093750000000,0.000000043602
1.171875000000,0.117187500000,0.000000052928
1.171875000000,0.140625000000,0.000000062078
1.171875000000,0.164062500000,0.000000071030
1.171875000000,0.187500000000,0.000000079755
1.171875000000,0.210937500000,0.000000088233
1.171875000000,0.234375000000,0.000000096438
1.171875000000,0.257812500000,0.000000104349
1.171875000000,0.281250000000,0.000000111944
1.171875000000,0.304687500000,0.000000119202
1.171875000000,0.328125000000,0.000000126102
1.171875000000,0.351562500000,0.000000132628
1.171875000000,0.375000000000,0.000000138760
1.171875000000,0.398437500000,0.000000144482
1.171875000000,0.421875000000,0.000000149777
1.171875000000,0.445312500000,0.000000154632
1.171875000000,0.468750000000,0.000000159033
1.171875000000,0.492187500000,0.000000162969
1.171875000000,0.515625000000,0.000000166428
1.171875000000,0.539062500000,0.000000169399
1.171875000000,0.562500000000,0.000000171877
1.171875000000,0.585937500000,0.000000173853
1.171875000000,0.609375000000,0.000000175322
1.171875000000,0.632812500000,0.000000176280
1.171875000000,0.656250000000,0.000000176721
1.171875000000,0.679687500000,0.000000176647
1.171875000000,0.703125000000,0.000000176058
1.171875000000,0.726562500000,0.000000174951
1.171875000000,0.750000000000,0.000000173332
1.171875000000,0.773437500000,0.000000171205
1.171875000000,0.796875000000,0.000000168571
1.171875000000,0.820312500000,0.000000165441
1.171875000000,0.843750000000,0.000000161820
1.171875000000,0.867187500000,0.000000157718
1.171875000000,0.890625000000,0.000000153144
1.171875000000,0.914062500000,0.000000148111
1.171875000000,0.937500000000,0.000000142629
1.171875000000,0.960937500000,0.000000136714
1.171875000000,0.984375000000,0.000000130380
1.171875000000,1.007812500000,0.000000123642
1.171875000000,1.031250000000,0.000000116517
1.171875000000,1.054687500000,0.000000109023
1.171875000000,1.078125000000,0.000000101178
1.171875000000,1.101562500000,0.000000093003
1.171875000000,1.125000000000,0.000000084516
1.171875000000,1.148437500000,0.000000075740
1.171875000000,1.171875000000,0.000000066696
1.171875000000,1.195312500000,0.000000057406
1.171875000000,1.218750000000,0.000000047893
1.171875000000,1.242187500000,0.000000038181
1.171875000000,1.265625000000,0.000000028294
1.171875000000,1.289062500000,0.000000018255
1.171875000000,1.312500000000,0.000000008090
1.171875000000,1.335937500000,-0.000000002176
1.171875000000,1.359375000000,-0.000000012520
1.171875000000,1.382812500000,-0.000000022913
1.171875000000,1.406250000000,-0.000000033333
1.171875000000,1.429687500000,-0.000000043755
1.171875000000,1.453125000000,-0.000000054150
1.171875000000,1.476562500000,-0.000000064495
1.171875000000,1.500000000000,-0.000000074767
1.171875000000,1.523437500000,-0.000000084938
1.171875000000,1.546875000000,-0.000000094985
1.171875000000,1.570312500000,-0.000000104883
1.171875000000,1.593750000000,-0.000000114609
1.171875000000,1.617187500000,-0.000000124139
1.171875000000,1.640625000000,-0.000000133453
1.171875000000,1.664062500000,-0.000000142524
1.171875000000,1.687500000000,-0.000000151335
1.171875000000,1.710937500000,-0.000000159862
1.171875000000,1.734375000000,-0.000000168086
1.171875000000,1.757812500000,-0.000000175988
1.171875000000,1.781250000000,-0.000000183550
1.171875000000,1.804687500000,-0.000000190753
1.171875000000,1.828125000000,-0.000000197579
1.171875000000,1.851562500000,-0.000000204015
1.171875000000,1.875000000000,-0.000000210044
1.171875000000,1.898437500000,-0.000000215653
1.171875000000,1.921875000000,-0.000000220829
1.171875000000,1.945312500000,-0.000000225560
1.171875000000,1.968750000000,-0.000000229834
1.171875000000,1.992187500000,-0.000000233643
1.171875000000,2.015625000000,-0.000000236977
1.171875000000,2.039062500000,-0.000000239829
1.171875000000,2.062500000000,-0.000000242194
1.171875000000,2.085937500000,-0.000000244064
1.171875000000,2.109375000000,-0.000000245437
1.171875000000,2.132812500000,-0.000000246309
1.171875000000,2.156250000000,-0.000000246678
1.171875000000,2.179687500000,-0.000000246545
1.171875000000,2.203125000000,-0.000000245908
1.171875000000,2.226562500000,-0.000000244770
1.171875000000,2.250000000000,-0.000000243135
1.171875000000,2.273437500000,-0.000000241005
1.171875000000,2.296875000000,-0.000000238385
1.171875000000,2.320312500000,-0.000000235282
1.171875000000,2.343750000000,-0.000000231703
1.171875000000,2.367187500000,-0.000000227655
1.171875000000,2.390625000000,-0.000000223148
1.171875000000,2.414062500000,-0.000000218193
1.171875000000,2.437500000000,-0.000000212801
1.171875000000,2.460937500000,-0.000000206981
1.171875000000,2.484375000000,-0.000000200750
1.171875000000,2.507812500000,-0.000000194120
1.171875000000,2.531250000000,-0.000000187106
1.171875000000,2.554687500000,-0.000000179722
1.171875000000,2.578125000000,-0.000000171988
1.171875000000,2.601562500000,-0.000000163917
1.171875000000,2.625000000000,-0.000000155528
1.171875000000,2.648437500000,-0.000000146840
1.171875000000,2.671875000000,-0.000000137872
1.171875000000,2.695312500000,-0.000000128642
1.171875000000,2.718750000000,-0.000000119171
1.171875000000,2.742187500000,-0.000000109480
1.171875000000,2.765625000000,-0.000000099588
1.171875000000,2.789062500000,-0.000000089517
1.171875000000,2.812500000000,-0.000000079288
1.171875000000,2.835937500000,-0.000000068924
1.171875000000,2.859375000000,-0.000000058447
1.171875000000,2.882812500000,-0.000000047878
1.171875000000,2.906250000000,-0.000000037240
1.171875000000,2.929687500000,-0.000000026554
1.171875000000,2.953125000000,-0.000000015844
1.171875000000,2.976562500000,-0.000000005132
1.171875000000,3.000000000000,0.000000000000
1.195312500000,0.000000000000,0.000000000000
1.195312500000,0.023437500000,0.000000013779
1.195312500000,0.046875000000,0.000000022770
1.195312500000,0.070312500000,0.000000031669
1.195312500000,0.093750000000,0.000000040451
1.195312500000,0.117187500000,0.000000049092
1.195312500000,0.140625000000,0.000000057568
1.195312500000,0.164062500000,0.000000065855
1.195312500000,0.187500000000,0.000000073928
1.195312500000,0.210937500000,0.000000081766
1.195312500000,0.234375000000,0.000000089347
1.195312500000,0.257812500000,0.000000096650
1.195312500000,0.281250000000,0.000000103654
1.195312500000,0.304687500000,0.000000110339
1.195312500000,0.328125000000,0.000000116688
1.195312500000,0.351562500000,0.000000122681
1.195312500000,0.375000000000,0.000000128304
1.195312500000,0.398437500000,0.000000133539
1.195312500000,0.421875000000,0.000000138374
1.195312500000,0.445312500000,0.000000142794
1.195312500000,0.468750000000,0.000000146786
1.195312500000,0.492187500000,0.000000150339
1.195312500000,0.515625000000,0.000000153445
1.195312500000,0.539062500000,0.000000156093
1.195312500000,0.562500000000,0.000000158279
1.195312500000,0.585937500000,0.000000159993
1.195312500000,0.609375000000,0.000000161231
1.195312500000,0.632812500000,0.000000161991
1.195312500000,0.656250000000,0.000000162269
1.195312500000,0.679687500000,0.000000162065
1.195312500000,0.703125000000,0.000000161377
1.195312500000,0.726562500000,0.000000160209
1.195312500000,0.750000000000,0.000000158564
1.195312500000,0.773437500000,0.000000156444
1.195312500000,0.796875000000,0.000000153856
1.195312500000,0.820312500000,0.000000150805
1.195312500000,0.843750000000,0.000000147300
1.195312500000,0.867187500000,0.000000143350
1.195312500000,0.890625000000,0.000000138963
1.195312500000,0.914062500000,0.000000134152
1.195312500000,0.937500000000,0.000000128929
1.195312500000,0.960937500000,0.000000123307
1.195312500000,0.984375000000,0.000000117300
1.195312500000,1.007812500000,0.000000110924
1.195312500000,1.031250000000,0.000000104195
1.195312500000,1.054687500000,0.000000097129
1.195312500000,1.078125000000,0.000000089745
1.195312500000,1.101562500000,0.000000082060
1.195312500000,1.125000000000,0.000000074096
1.195312500000,1.148437500000,0.000000065871
1.195312500000,1.171875000000,0.000000057406
1.195312500000,1.195312500000,0.000000048722
1.195312500000,1.218750000000,0.000000039842
1.195312500000,1.242187500000,0.000000030787
1.195312500000,1.265625000000,0.000000021579
1.195312500000,1.289062500000,0.000000012242
1.195312500000,1.312500000000,0.000000002799
1.195312500000,1.335937500000,-0.000000006727
1.195312500000,1.359375000000,-0.000000016313
1.195312500000,1.382812500000,-0.000000025934
1.195312500000,1.406250000000,-0.000000035569
1.195312500000,1.429687500000,-0.000000045193
1.195312500000,1.453125000000,-0.000000054783
1.195312500000,1.476562500000,-0.000000064315
1.195312500000,1.500000000000,-0.000000073766
1.195312500000,1.523437500000,-0.000000083113
1.195312500000,1.546875000000,-0.000000092335
1.195312500000,1.570312500000,-0.000000101408
1.195312500000,1.593750000000,-0.000000110312
1.195312500000,1.617187500000,-0.000000119025
1.195312500000,1.640625000000,-0.000000127527
1.195312500000,1.664062500000,-0.000000135797
1.195312500000,1.687500000000,-0.000000143816
1.195312500000,1.710937500000,-0.000000151566
1.195312500000,1.734375000000,-0.000000159027
1.195312500000,1.757812500000,-0.000000166184
1.195312500000,1.781250000000,-0.000000173018
1.195312500000,1.804687500000,-0.000000179515
1.195312500000,1.828125000000,-0.000000185660
1.195312500000,1.851562500000,-0.000000191438
1.195312500000,1.875000000000,-0.000000196836
1.195312500000,1.898437500000,-0.000000201844
1.195312500000,1.921875000000,-0.000000206447
1.195312500000,1.945312500000,-0.000000210638
1.195312500000,1.968750000000,-0.000000214406
1.195312500000,1.992187500000,-0.000000217744
1.195312500000,2.015625000000,-0.000000220644
1.195312500000,2.039062500000,-0.000000223099
1.195312500000,2.062500000000,-0.000000225105
1.195312500000,2.085937500000,-0.000000226658
1.195312500000,2.109375000000,-0.000000227754
1.195312500000,2.132812500000,-0.000000228390
1.195312500000,2.156250000000,-0.000000228568
1.195312500000,2.179687500000,-0.000000228286
1.195312500000,2.203125000000,-0.000000227545
1.195312500000,2.226562500000,-0.000000226348
1.195312500000,2.250000000000,-0.000000224697
1.195312500000,2.273437500000,-0.000000222596
1.195312500000,2.296875000000,-0.000000220051
1.195312500000,2.320312500000,-0.000000217068
1.195312500000,2.343750000000,-0.000000213653
1.195312500000,2.367187500000,-0.000000209816
1.195312500000,2.390625000000,-0.000000205561
1.195312500000,2.414062500000,-0.000000200903
1.195312500000,2.437500000000,-0.000000195850
1.195312500000,2.460937500000,-0.000000190414
1.195312500000,2.484375000000,-0.000000184604
1.195312500000,2.507812500000,-0.000000178438
1.195312500000,2.531250000000,-0.000000171926
1.195312500000,2.554687500000,-0.000000165082
1.195312500000,2.578125000000,-0.000000157923
1.195312500000,2.601562500000,-0.000000150464
1.195312500000,2.625000000000,-0.000000142721
1.195312500000,2.648437500000,-0.000000134708
1.195312500000,2.671875000000,-0.000000126445
1.195312500000,2.695312500000,-0.000000117950
1.195312500000,2.718750000000,-0.000000109239
1.195312500000,2.742187500000,-0.000000100331
1.195312500000,2.765625000000,-0.000000091245
1.195312500000,2.789062500000,-0.000000082000
1.195312500000,2.812500000000,-0.000000072616
1.195312500000,2.835937500000,-0.000000063111
1.195312500000,2.859375000000,-0.000000053506
1.195312500000,2.882812500000,-0.000000043821
1.195312500000,2.906250000000,-0.000000034074
1.195312500000,2.929687500000,-0.000000024287
1.195312500000,2.953125000000,-0.000000014480
1.195312500000,2.976562500000,-0.000000004671
1.195312500000,3.000000000000,0.000000000000
1.218750000000,0.000000000000,0.000000000000
1.218750000000,0.023437500000,0.000000012684
1.218750000000,0.046875000000,0.000000020944
1.218750000000,0.070312500000,0.000000029118
1.218750000000,0.093750000000,0.000000037182
1.218750000000,0.117187500000,0.000000045114
1.218750000000,0.140625000000,0.000000052889
1.218750000000,0.164062500000,0.000000060486
1.218750000000,0.187500000000,0.000000067883
1.218750000000,0.210937500000,0.000000075060
1.218750000000,0.234375000000,0.000000081993
1.218750000000,0.257812500000,0.000000088665
1.218750000000,0.281250000000,0.000000095057
1.218750000000,0.304687500000,0.000000101149
1.218750000000,0.328125000000,0.000000106925
1.218750000000,0.351562500000,0.000000112371
1.218750000000,0.375000000000,0.000000117466
1.218750000000,0.398437500000,0.000000122200
1.218750000000,0.421875000000,0.000000126558
1.218750000000,0.445312500000,0.000000130527
1.218750000000,0.468750000000,0.000000134096
1.218750000000,0.492187500000,0.000000137258
1.218750000000,0.515625000000,0.000000140000
1.218750000000,0.539062500000,0.000000142316
1.218750000000,0.562500000000,0.000000144199
1.218750000000,0.585937500000,0.000000145644
1.218750000000,0.609375000000,0.000000146647
1.218750000000,0.632812500000,0.000000147204
1.218750000000,0.656250000000,0.000000147315
1.218750000000,0.679687500000,0.000000146978
1.218750000000,0.703125000000,0.000000146196
1.218750000000,0.726562500000,0.000000144967
1.218750000000,0.750000000000,0.000000143298
1.218750000000,0.773437500000,0.000000141191
1.218750000000,0.796875000000,0.000000138653
1.218750000000,0.820312500000,0.000000135689
1.218750000000,0.843750000000,0.000000132308
1.218750000000,0.867187500000,0.000000128518
1.218750000000,0.890625000000,0.000000124330
1.218750000000,0.914062500000,0.000000119755
1.218750000000,0.937500000000,0.000000114804
1.218750000000,0.960937500000,0.000000109490
1.218750000000,0.984375000000,0.000000103827
1.218750000000,1.007812500000,0.000000097830
1.218750000000,1.031250000000,0.000000091515
1.218750000000,1.054687500000,0.000000084897
1.218750000000,1.078125000000,0.000000077994
1.218750000000,1.101562500000,0.000000070823
1.218750000000,1.125000000000,0.000000063404
1.218750000000,1.148437500000,0.000000055754
1.218750000000,1.171875000000,0.000000047893
1.218750000000,1.195312500000,0.000000039842
1.218750000000,1.218750000000,0.000000031621
1.218750000000,1.242187500000,0.000000023250
1.218750000000,1.265625000000,0.000000014751
1.218750000000,1.289062500000,0.000000006144
1.218750000000,1.312500000000,-0.000000002548
1.218750000000,1.335937500000,-0.000000011305
1.218750000000,1.359375000000,-0.000000020104
1.218750000000,1.382812500000,-0.000000028923
1.218750000000,1.406250000000,-0.000000037741
1.218750000000,1.429687500000,-0.000000046537
1.218750000000,1.453125000000,-0.000000055288
1.218750000000,1.476562500000,-0.000000063975
1.218750000000,1.500000000000,-0.000000072575
1.218750000000,1.523437500000,-0.000000081068
1.218750000000,1.546875000000,-0.000000089433
1.218750000000,1.570312500000,-0.000000097651
1.218750000000,1.593750000000,-0.000000105703
1.218750000000,1.617187500000,-0.000000113570
1.218750000000,1.640625000000,-0.000000121231
1.218750000000,1.664062500000,-0.000000128669
1.218750000000,1.687500000000,-0.000000135870
1.218750000000,1.710937500000,-0.000000142813
1.218750000000,1.734375000000,-0.000000149485
1.218750000000,1.757812500000,-0.000000155869
1.218750000000,1.781250000000,-0.000000161952
1.218750000000,1.804687500000,-0.000000167719
1.218750000000,1.828125000000,-0.000000173158
1.218750000000,1.851562500000,-0.000000178257
1.218750000000,1.875000000000,-0.000000183004
1.218750000000,1.898437500000,-0.000000187389
1.218750000000,1.921875000000,-0.000000191403
1.218750000000,1.945312500000,-0.000000195037
1.218750000000,1.968750000000,-0.000000198283
1.218750000000,1.992187500000,-0.000000201135
1.218750000000,2.015625000000,-0.000000203587
1.218750000000,2.039062500000,-0.000000205634
1.218750000000,2.062500000000,-0.000000207273
1.218750000000,2.085937500000,-0.000000208499
1.218750000000,2.109375000000,-0.000000209311
1.218750000000,2.132812500000,-0.000000209708
1.218750000000,2.156250000000,-0.000000209690
1.218750000000,2.179687500000,-0.000000209257
1.218750000000,2.203125000000,-0.000000208412
1.218750000000,2.226562500000,-0.000000207156
1.218750000000,2.250000000000,-0.000000205492
1.218750000000,2.273437500000,-0.000000203428
1.218750000000,2.296875000000,-0.000000200963
1.218750000000,2.320312500000,-0.000000198108
1.218750000000,2.343750000000,-0.000000194868
1.218750000000,2.367187500000,-0.000000191250
1.218750000000,2.390625000000,-0.000000187263
1.218750000000,2.414062500000,-0.000000182915
1.218750000000,2.437500000000,-0.000000178218
1.218750000000,2.460937500000,-0.000000173181
1.218750000000,2.484375000000,-0.000000167814
1.218750000000,2.507812500000,-0.000000162130
1.218750000000,2.531250000000,-0.000000156142
1.218750000000,2.554687500000,-0.000000149862
1.218750000000,2.578125000000,-0.000000143302
1.218750000000,2.601562500000,-0.000000136479
1.218750000000,2.625000000000,-0.000000129406
1.218750000000,2.648437500000,-0.000000122099
1.218750000000,2.671875000000,-0.000000114571
1.218750000000,2.695312500000,-0.000000106838
1.218750000000,2.718750000000,-0.000000098916
1.218750000000,2.742187500000,-0.000000090824
1.218750000000,2.765625000000,-0.000000082577
1.218750000000,2.789062500000,-0.000000074191
1.218750000000,2.812500000000,-0.000000065683
1.218750000000,2.835937500000,-0.000000057072
1.218750000000,2.859375000000,-0.000000048373
1.218750000000,2.882812500000,-0.000000039606
1.218750000000,2.906250000000,-0.000000030787
1.218750000000,2.929687500000,-0.000000021933
1.218750000000,2.953125000000,-0.000000013063
1.218750000000,2.976562500000,-0.000000004193
1.218750000000,3.000000000000,0.000000000000
1.242187500000,0.000000000000,0.000000000000
1.242187500000,0.023437500000,0.000000011551
1.242187500000,0.046875000000,0.000000019056
1.242187500000,0.070312500000,0.000000026481
1.242187500000,0.093750000000,0.000000033803
1.242187500000,0.117187500000,0.000000041000
1.242187500000,0.140625000000,0.000000048052
1.242187500000,0.164062500000,0.000000054937
1.242187500000,0.187500000000,0.000000061636
1.242187500000,0.210937500000,0.000000068127
1.242187500000,0.234375000000,0.000000074393
1.242187500000,0.257812500000,0.000000080414
1.242187500000,0.281250000000,0.000000086174
1.242187500000,0.304687500000,0.000000091656
1.242187500000,0.328125000000,0.000000096842
1.242187500000,0.351562500000,0.000000101719
1.242187500000,0.375000000000,0.000000106272
1.242187500000,0.398437500000,0.000000110488
1.242187500000,0.421875000000,0.000000114355
1.242187500000,0.445312500000,0.000000117862
1.242187500000,0.468750000000,0.000000120997
1.242187500000,0.492187500000,0.000000123752
1.242187500000,0.515625000000,0.000000126121
1.242187500000,0.539062500000,0.000000128096
1.242187500000,0.562500000000,0.000000129669
1.242187500000,0.585937500000,0.000000130840
1.242187500000,0.609375000000,0.000000131603
1.242187500000,0.632812500000,0.000000131955
1.242187500000,0.656250000000,0.000000131896
1.242187500000,0.679687500000,0.000000131426
1.242187500000,0.703125000000,0.000000130547
1.242187500000,0.726562500000,0.000000129260
1.242187500000,0.750000000000,0.000000127569
1.242187500000,0.773437500000,0.000000125479
1.242187500000,0.796875000000,0.000000122996
1.242187500000,0.820312500000,0.000000120126
1.242187500000,0.843750000000,0.000000116878
1.242187500000,0.867187500000,0.000000113259
1.242187500000,0.890625000000,0.000000109280
1.242187500000,0.914062500000,0.000000104952
1.242187500000,0.937500000000,0.000000100286
1.242187500000,0.960937500000,0.000000095294
1.242187500000,0.984375000000,0.000000089991
1.242187500000,1.007812500000,0.000000084391
1.242187500000,1.031250000000,0.000000078507
1.242187500000,1.054687500000,0.000000072356
1.242187500000,1.078125000000,0.000000065954
1.242187500000,1.101562500000,0.000000059319
1.242187500000,1.125000000000,0.000000052465
1.242187500000,1.148437500000,0.000000045413
1.242187500000,1.171875000000,0.000000038181
1.242187500000,1.195312500000,0.000000030788
1.242187500000,1.218750000000,0.000000023250
1.242187500000,1.242187500000,0.000000015589
1.242187500000,1.265625000000,0.000000007824
1.242187500000,1.289062500000,-0.000000000024
1.242187500000,1.312500000000,-0.000000007938
1.242187500000,1.335937500000,-0.000000015896
1.242187500000,1.359375000000,-0.000000023880
1.242187500000,1.382812500000,-0.000000031867
1.242187500000,1.406250000000,-0.000000039840
1.242187500000,1.429687500000,-0.000000047779
1.242187500000,1.453125000000,-0.000000055662
1.242187500000,1.476562500000,-0.000000063474
1.242187500000,1.500000000000,-0.000000071195
1.242187500000,1.523437500000,-0.000000078803
1.242187500000,1.546875000000,-0.000000086284
1.242187500000,1.570312500000,-0.000000093619
1.242187500000,1.593750000000,-0.000000100789
1.242187500000,1.617187500000,-0.000000107778
1.242187500000,1.640625000000,-0.000000114572
1.242187500000,1.664062500000,-0.000000121154
1.242187500000,1.687500000000,-0.000000127506
1.242187500000,1.710937500000,-0.000000133619
1.242187500000,1.734375000000,-0.000000139476
1.242187500000,1.757812500000,-0.000000145064
1.242187500000,1.781250000000,-0.000000150372
1.242187500000,1.804687500000,-0.000000155387
1.242187500000,1.828125000000,-0.000000160099
1.242187500000,1.851562500000,-0.000000164497
1.242187500000,1.875000000000,-0.000000168573
1.242187500000,1.898437500000,-0.000000172319
1.242187500000,1.921875000000,-0.000000175726
1.242187500000,1.945312500000,-0.000000178787
1.242187500000,1.968750000000,-0.000000181497
1.242187500000,1.992187500000,-0.000000183850
1.242187500000,2.015625000000,-0.000000185843
1.242187500000,2.039062500000,-0.000000187471
1.242187500000,2.062500000000,-0.000000188732
1.242187500000,2.085937500000,-0.000000189624
1.242187500000,2.109375000000,-0.000000190147
1.242187500000,2.132812500000,-0.000000190299
1.242187500000,2.156250000000,-0.000000190083
1.242187500000,2.179687500000,-0.000000189499
1.242187500000,2.203125000000,-0.000000188548
1.242187500000,2.226562500000,-0.000000187236
1.242187500000,2.250000000000,-0.000000185564
1.242187500000,2.273437500000,-0.000000183536
1.242187500000,2.296875000000,-0.000000181161
1.242187500000,2.320312500000,-0.000000178441
1.242187500000,2.343750000000,-0.000000175385
1.242187500000,2.367187500000,-0.000000171997
1.242187500000,2.390625000000,-0.000000168289
1.242187500000,2.414062500000,-0.000000164267
1.242187500000,2.437500000000,-0.000000159940
1.242187500000,2.460937500000,-0.000000155317
1.242187500000,2.484375000000,-0.000000150412
1.242187500000,2.507812500000,-0.000000145232
1.242187500000,2.531250000000,-0.000000139786
1.242187500000,2.554687500000,-0.000000134090
1.242187500000,2.578125000000,-0.000000128155
1.242187500000,2.601562500000,-0.000000121993
1.242187500000,2.625000000000,-0.000000115615
1.242187500000,2.648437500000,-0.000000109036
1.242187500000,2.671875000000,-0.000000102270
1.242187500000,2.695312500000,-0.000000095329
1.242187500000,2.718750000000,-0.000000088228
1.242187500000,2.742187500000,-0.000000080980
1.242187500000,2.765625000000,-0.000000073601
1.242187500000,2.789062500000,-0.000000066105
1.242187500000,2.812500000000,-0.000000058506
1.242187500000,2.835937500000,-0.000000050819
1.242187500000,2.859375000000,-0.000000043060
1.242187500000,2.882812500000,-0.000000035243
1.242187500000,2.906250000000,-0.000000027384
1.242187500000,2.929687500000,-0.000000019496
1.242187500000,2.953125000000,-0.000000011597
1.242187500000,2.976562500000,-0.000000003699
1.242187500000,3.000000000000,0.000000000000
1.265625000000,0.000000000000,0.000000000000
1.265625000000,0.023437500000,0.000000010382
1.265625000000,0.046875000000,0.000000017110
1.265625000000,0.070312500000,0.000000023763
1.265625000000,0.093750000000,0.000000030320
1.265625000000,0.117187500000,0.000000036762
1.265625000000,0.140625000000,0.000000043068
1.265625000000,0.164062500000,0.000000049220
1.265625000000,0.187500000000,0.000000055198
1.265625000000,0.210937500000,0.000000060986
1.265625000000,0.234375000000,0.000000066564
1.265625000000,0.257812500000,0.000000071914
1.265625000000,0.281250000000,0.000000077024
1.265625000000,0.304687500000,0.000000081878
1.265625000000,0.328125000000,0.000000086456
1.265625000000,0.351562500000,0.000000090750
1.265625000000,0.375000000000,0.000000094745
1.265625000000,0.398437500000,0.000000098429
1.265625000000,0.421875000000,0.000000101791
1.265625000000,0.445312500000,0.000000104824
1.265625000000,0.468750000000,0.000000107513
1.265625000000,0.492187500000,0.000000109856
1.265625000000,0.515625000000,0.000000111841
1.265625000000,0.539062500000,0.000000113467
1.265625000000,0.562500000000,0.000000114725
1.265625000000,0.585937500000,0.000000115615
1.265625000000,0.609375000000,0.000000116133
1.265625000000,0.632812500000,0.000000116277
1.265625000000,0.656250000000,0.000000116045
1.265625000000,0.679687500000,0.000000115442
1.265625000000,0.703125000000,0.000000114467
1.265625000000,0.726562500000,0.000000113123
1.265625000000,0.750000000000,0.000000111414
1.265625000000,0.773437500000,0.000000109346
1.265625000000,0.796875000000,0.000000106923
1.265625000000,0.820312500000,0.000000104154
1.265625000000,0.843750000000,0.000000101045
1.265625000000,0.867187500000,0.000000097607
1.265625000000,0.890625000000,0.000000093847
1.265625000000,0.914062500000,0.000000089778
1.265625000000,0.937500000000,0.000000085409
1.265625000000,0.960937500000,0.000000080754
1.265625000000,0.984375000000,0.000000075826
1.265625000000,1.007812500000,0.000000070637
1.265625000000,1.031250000000,0.000000065202
1.265625000000,1.054687500000,0.000000059536
1.265625000000,1.078125000000,0.000000053655
1.265625000000,1.101562500000,0.000000047573
1.265625000000,1.125000000000,0.000000041308
1.265625000000,1.148437500000,0.000000034875
1.265625000000,1.171875000000,0.000000028294
1.265625000000,1.195312500000,0.000000021580
1.265625000000,1.218750000000,0.000000014751
1.265625000000,1.242187500000,0.000000007824
1.265625000000,1.265625000000,0.000000000819
1.265625000000,1.289062500000,-0.000000006246
1.265625000000,1.312500000000,-0.000000013356
1.265625000000,1.335937500000,-0.000000020490
1.265625000000,1.359375000000,-0.000000027630
1.265625000000,1.382812500000,-0.000000034759
1.265625000000,1.406250000000,-0.000000041860
1.265625000000,1.429687500000,-0.000000048913
1.265625000000,1.453125000000,-0.000000055904
1.265625000000,1.476562500000,-0.000000062811
1.265625000000,1.500000000000,-0.000000069624
1.265625000000,1.523437500000,-0.000000076321
1.265625000000,1.546875000000,-0.000000082891
1.265625000000,1.570312500000,-0.000000089313
1.265625000000,1.593750000000,-0.000000095575
1.265625000000,1.617187500000,-0.000000101665
1.265625000000,1.640625000000,-0.000000107564
1.265625000000,1.664062500000,-0.000000113260
1.265625000000,1.687500000000,-0.000000118746
1.265625000000,1.710937500000,-0.000000124001
1.265625000000,1.734375000000,-0.000000129020
1.265625000000,1.757812500000,-0.000000133791
1.265625000000,1.781250000000,-0.000000138300
1.265625000000,1.804687500000,-0.000000142542
1.265625000000,1.828125000000,-0.000000146507
1.265625000000,1.851562500000,-0.000000150187
1.265625000000,1.875000000000,-0.000000153574
1.265625000000,1.898437500000,-0.000000156662
1.265625000000,1.921875000000,-0.000000159446
1.265625000000,1.945312500000,-0.000000161920
1.265625000000,1.968750000000,-0.000000164080
1.265625000000,1.992187500000,-0.000000165923
1.265625000000,2.015625000000,-0.000000167445
1.265625000000,2.039062500000,-0.000000168645
1.265625000000,2.062500000000,-0.000000169521
1.265625000000,2.085937500000,-0.000000170073
1.265625000000,2.109375000000,-0.000000170301
1.265625000000,2.132812500000,-0.000000170206
1.265625000000,2.156250000000,-0.000000169788
1.265625000000,2.179687500000,-0.000000169050
1.265625000000,2.203125000000,-0.000000167995
1.265625000000,2.226562500000,-0.000000166627
1.265625000000,2.250000000000,-0.000000164948
1.265625000000,2.273437500000,-0.000000162967
1.265625000000,2.296875000000,-0.000000160684
1.265625000000,2.320312500000,-0.000000158108
1.265625000000,2.343750000000,-0.000000155243
1.265625000000,2.367187500000,-0.000000152098
1.265625000000,2.390625000000,-0.000000148680
1.265625000000,2.414062500000,-0.000000144996
1.265625000000,2.437500000000,-0.000000141055
1.265625000000,2.460937500000,-0.000000136864
1.265625000000,2.484375000000,-0.000000132433
1.265625000000,2.507812500000,-0.000000127774
1.265625000000,2.531250000000,-0.000000122895
1.265625000000,2.554687500000,-0.000000117802
1.265625000000,2.578125000000,-0.000000112512
1.265625000000,2.601562500000,-0.000000107032
1.265625000000,2.625000000000,-0.000000101377
1.265625000000,2.648437500000,-0.000000095551
1.265625000000,2.671875000000,-0.000000089572
1.265625000000,2.695312500000,-0.000000083448
1.265625000000,2.718750000000,-0.000000077193
1.265625000000,2.742187500000,-0.000000070820
1.265625000000,2.765625000000,-0.000000064336
1.265625000000,2.789062500000,-0.000000057758
1.265625000000,2.812500000000,-0.000000051098
1.265625000000,2.835937500000,-0.000000044366
1.265625000000,2.859375000000,-0.000000037577
1.265625000000,2.882812500000,-0.000000030741
1.265625000000,2.906250000000,-0.000000023872
1.265625000000,2.929687500000,-0.000000016982
1.265625000000,2.953125000000,-0.000000010084
1.265625000000,2.976562500000,-0.000000003190
1.265625000000,3.000000000000,0.000000000000
1.289062500000,0.000000000000,0.000000000000
1.289062500000,0.023437500000,0.000000009182
1.289062500000,0.046875000000,0.000000015110
1.289062500000,0.070312500000,0.000000020970
1.289062500000,0.093750000000,0.000000026741
1.289062500000,0.117187500000,0.000000032407
1.289062500000,0.140625000000,0.000000037948
1.289062500000,0.164062500000,0.000000043347
1.289062500000,0.187500000000,0.000000048586
1.289062500000,0.210937500000,0.000000053650
1.289062500000,0.234375000000,0.000000058522
1.289062500000,0.257812500000,0.000000063187
1.289062500000,0.281250000000,0.000000067629
1.289062500000,0.304687500000,0.000000071837
1.289062500000,0.328125000000,0.000000075793
1.289062500000,0.351562500000,0.000000079491
1.289062500000,0.375000000000,0.000000082914
1.289062500000,0.398437500000,0.000000086052
1.289062500000,0.421875000000,0.000000088900
1.289062500000,0.445312500000,0.000000091445
1.289062500000,0.468750000000,0.000000093678
1.289062500000,0.492187500000,0.000000095597
1.289062500000,0.515625000000,0.000000097192
1.289062500000,0.539062500000,0.000000098461
1.289062500000,0.562500000000,0.000000099400
1.289062500000,0.585937500000,0.000000100004
1.289062500000,0.609375000000,0.000000100272
1.289062500000,0.632812500000,0.000000100205
1.289062500000,0.656250000000,0.000000099801
1.289062500000,0.679687500000,0.000000099063
1.289062500000,0.703125000000,0.000000097993
1.289062500000,0.726562500000,0.000000096594
1.289062500000,0.750000000000,0.000000094871
1.289062500000,0.773437500000,0.000000092826
1.289062500000,0.796875000000,0.000000090471
1.289062500000,0.820312500000,0.000000087809
1.289062500000,0.843750000000,0.000000084848
1.289062500000,0.867187500000,0.000000081598
1.289062500000,0.890625000000,0.000000078067
1.289062500000,0.914062500000,0.000000074268
1.289062500000,0.937500000000,0.000000070209
1.289062500000,0.960937500000,0.000000065904
1.289062500000,0.984375000000,0.000000061364
1.289062500000,1.007812500000,0.000000056602
1.289062500000,1.031250000000,0.000000051632
1.289062500000,1.054687500000,0.000000046468
1.289062500000,1.078125000000,0.000000041125
1.289062500000,1.101562500000,0.000000035616
1.289062500000,1.125000000000,0.000000029958
1.289062500000,1.148437500000,0.000000024166
1.289062500000,1.171875000000,0.000000018255
1.289062500000,1.195312500000,0.000000012242
1.289062500000,1.218750000000,0.000000006143
1.289062500000,1.242187500000,-0.000000000024
1.289062500000,1.265625000000,-0.000000006247
1.289062500000,1.289062500000,-0.000000012506
1.289062500000,1.312500000000,-0.000000018785
1.289062500000,1.335937500000,-0.000000025071
1.289062500000,1.359375000000,-0.000000031343
1.289062500000,1.382812500000,-0.000000037589
1.289062500000,1.406250000000,-0.000000043791
1.289062500000,1.429687500000,-0.000000049935
1.289062500000,1.453125000000,-0.000000056004
1.289062500000,1.476562500000,-0.000000061986
1.289062500000,1.500000000000,-0.000000067864
1.289062500000,1.523437500000,-0.000000073625
1.289062500000,1.546875000000,-0.000000079256
1.289062500000,1.570312500000,-0.000000084744
1.289062500000,1.593750000000,-0.000000090075
1.289062500000,1.617187500000,-0.000000095238
1.289062500000,1.640625000000,-0.000000100218
1.289062500000,1.664062500000,-0.000000105011
1.289062500000,1.687500000000,-0.000000109601
1.289062500000,1.710937500000,-0.000000113979
1.289062500000,1.734375000000,-0.000000118137
1.289062500000,1.757812500000,-0.000000122068
1.289062500000,1.781250000000,-0.000000125762
1.289062500000,1.804687500000,-0.000000129211
1.289062500000,1.828125000000,-0.000000132410
1.289062500000,1.851562500000,-0.000000135354
1.289062500000,1.875000000000,-0.000000138036
1.289062500000,1.898437500000,-0.000000140452
1.289062500000,1.921875000000,-0.000000142599
1.289062500000,1.945312500000,-0.000000144472
1.289062500000,1.968750000000,-0.000000146070
1.289062500000,1.992187500000,-0.000000147391
1.289062500000,2.015625000000,-0.000000148434
1.289062500000,2.039062500000,-0.000000149197
1.289062500000,2.062500000000,-0.000000149681
1.289062500000,2.085937500000,-0.000000149886
1.289062500000,2.109375000000,-0.000000149814
1.289062500000,2.132812500000,-0.000000149467
1.289062500000,2.156250000000,-0.000000148846
1.289062500000,2.179687500000,-0.000000147954
1.289062500000,2.203125000000,-0.000000146796
1.289062500000,2.226562500000,-0.000000145375
1.289062500000,2.250000000000,-0.000000143693
1.289062500000,2.273437500000,-0.000000141760
1.289062500000,2.296875000000,-0.000000139577
1.289062500000,2.320312500000,-0.000000137151
1.289062500000,2.343750000000,-0.000000134488
1.289062500000,2.367187500000,-0.000000131594
1.289062500000,2.390625000000,-0.000000128477
1.289062500000,2.414062500000,-0.000000125144
1.289062500000,2.437500000000,-0.000000121602
1.289062500000,2.460937500000,-0.000000117859
1.289062500000,2.484375000000,-0.000000113920
1.289062500000,2.507812500000,-0.000000109798
1.289062500000,2.531250000000,-0.000000105500
1.289062500000,2.554687500000,-0.000000101034
1.289062500000,2.578125000000,-0.000000096408
1.289062500000,2.601562500000,-0.000000091633
1.289062500000,2.625000000000,-0.000000086718
1.289062500000,2.648437500000,-0.000000081670
1.289062500000,2.671875000000,-0.000000076503
1.289062500000,2.695312500000,-0.000000071221
1.289062500000,2.718750000000,-0.000000065838
1.289062500000,2.742187500000,-0.000000060361
1.289062500000,2.765625000000,-0.000000054804
1.289062500000,2.789062500000,-0.000000049171
1.289062500000,2.812500000000,-0.000000043476
1.289062500000,2.835937500000,-0.000000037727
1.289062500000,2.859375000000,-0.000000031935
1.289062500000,2.882812500000,-0.000000026109
1.289062500000,2.906250000000,-0.000000020260
1.289062500000,2.929687500000,-0.000000014397
1.289062500000,2.953125000000,-0.000000008529
1.289062500000,2.976562500000,-0.000000002667
1.289062500000,3.000000000000,0.000000000000
1.312500000000,0.000000000000,0.000000000000
1.312500000000,0.023437500000,0.000000007951
1.312500000000,0.046875000000,0.000000013062
1.312500000000,0.070312500000,0.000000018109
1.312500000000,0.093750000000,0.000000023076
1.312500000000,0.117187500000,0.000000027947
1.312500000000,0.140625000000,0.000000032704
1.312500000000,0.164062500000,0.000000037332
1.312500000000,0.187500000000,0.000000041815
1.312500000000,0.210937500000,0.000000046138
1.312500000000,0.234375000000,0.000000050288
1.312500000000,0.257812500000,0.000000054249
1.312500000000,0.281250000000,0.000000058010
1.312500000000,0.304687500000,0.000000061556
1.312500000000,0.328125000000,0.000000064878
1.312500000000,0.351562500000,0.000000067964
1.312500000000,0.375000000000,0.000000070803
1.312500000000,0.398437500000,0.000000073386
1.312500000000,0.421875000000,0.000000075705
1.312500000000,0.445312500000,0.000000077754
1.312500000000,0.468750000000,0.000000079525
1.312500000000,0.492187500000,0.000000081011
1.312500000000,0.515625000000,0.000000082210
1.312500000000,0.539062500000,0.000000083116
1.312500000000,0.562500000000,0.000000083727
1.312500000000,0.585937500000,0.000000084042
1.312500000000,0.609375000000,0.000000084057
1.312500000000,0.632812500000,0.000000083777
1.312500000000,0.656250000000,0.000000083199
1.312500000000,0.679687500000,0.000000082328
1.312500000000,0.703125000000,0.000000081162
1.312500000000,0.726562500000,0.000000079711
1.312500000000,0.750000000000,0.000000077976
1.312500000000,0.773437500000,0.000000075963
1.312500000000,0.796875000000,0.000000073678
1.312500000000,0.820312500000,0.000000071129
1.312500000000,0.843750000000,0.000000068324
1.312500000000,0.867187500000,0.000000065270
1.312500000000,0.890625000000,0.000000061979
1.312500000000,0.914062500000,0.000000058459
1.312500000000,0.937500000000,0.000000054722
1.312500000000,0.960937500000,0.000000050778
1.312500000000,0.984375000000,0.000000046640
1.312500000000,1.007812500000,0.000000042319
1.312500000000,1.031250000000,0.000000037829
1.312500000000,1.054687500000,0.000000033183
1.312500000000,1.078125000000,0.000000028394
1.312500000000,1.101562500000,0.000000023476
1.312500000000,1.125000000000,0.000000018443
1.312500000000,1.148437500000,0.000000013309
1.312500000000,1.171875000000,0.000000008090
1.312500000000,1.195312500000,0.000000002799
1.312500000000,1.218750000000,-0.000000002548
1.312500000000,1.242187500000,-0.000000007939
1.312500000000,1.265625000000,-0.000000013356
1.312500000000,1.289062500000,-0.000000018787
1.312500000000,1.312500000000,-0.000000024215
1.312500000000,1.335937500000,-0.000000029627
1.312500000000,1.359375000000,-0.000000035009
1.312500000000,1.382812500000,-0.000000040347
1.312500000000,1.406250000000,-0.000000045628
1.312500000000,1.429687500000,-0.000000050839
1.312500000000,1.453125000000,-0.000000055966
1.312500000000,1.476562500000,-0.000000060997
1.312500000000,1.500000000000,-0.000000065918
1.312500000000,1.523437500000,-0.000000070719
1.312500000000,1.546875000000,-0.000000075390
1.312500000000,1.570312500000,-0.000000079918
1.312500000000,1.593750000000,-0.000000084292
1.312500000000,1.617187500000,-0.000000088508
1.312500000000,1.640625000000,-0.000000092551
1.312500000000,1.664062500000,-0.000000096414
1.312500000000,1.687500000000,-0.000000100092
1.312500000000,1.710937500000,-0.000000103572
1.312500000000,1.734375000000,-0.000000106851
1.312500000000,1.757812500000,-0.000000109923
1.312500000000,1.781250000000,-0.000000112781
1.312500000000,1.804687500000,-0.000000115422
1.312500000000,1.828125000000,-0.000000117839
1.312500000000,1.851562500000,-0.000000120030
1.312500000000,1.875000000000,-0.000000121992
1.312500000000,1.898437500000,-0.000000123722
1.312500000000,1.921875000000,-0.000000125219
1.312500000000,1.945312500000,-0.000000126480
1.312500000000,1.968750000000,-0.000000127505
1.312500000000,1.992187500000,-0.000000128295
1.312500000000,2.015625000000,-0.000000128849
1.312500000000,2.039062500000,-0.000000129167
1.312500000000,2.062500000000,-0.000000129253
1.312500000000,2.085937500000,-0.000000129106
1.312500000000,2.109375000000,-0.000000128731
1.312500000000,2.132812500000,-0.000000128129
1.312500000000,2.156250000000,-0.000000127303
1.312500000000,2.179687500000,-0.000000126258
1.312500000000,2.203125000000,-0.000000124996
1.312500000000,2.226562500000,-0.000000123525
1.312500000000,2.250000000000,-0.000000121845
1.312500000000,2.273437500000,-0.000000119963
1.312500000000,2.296875000000,-0.000000117885
1.312500000000,2.320312500000,-0.000000115617
1.312500000000,2.343750000000,-0.000000113164
1.312500000000,2.367187500000,-0.000000110531
1.312500000000,2.390625000000,-0.000000107726
1.312500000000,2.414062500000,-0.000000104755
1.312500000000,2.437500000000,-0.000000101624
1.312500000000,2.460937500000,-0.000000098341
1.312500000000,2.484375000000,-0.000000094910
1.312500000000,2.507812500000,-0.000000091343
1.312500000000,2.531250000000,-0.000000087643
1.312500000000,2.554687500000,-0.000000083819
1.312500000000,2.578125000000,-0.000000079878
1.312500000000,2.601562500000,-0.000000075827
1.312500000000,2.625000000000,-0.000000071675
1.312500000000,2.648437500000,-0.000000067426
1.312500000000,2.671875000000,-0.000000063091
1.312500000000,2.695312500000,-0.000000058675
1.312500000000,2.718750000000,-0.000000054186
1.312500000000,2.742187500000,-0.000000049634
1.312500000000,2.765625000000,-0.000000045022
1.312500000000,2.789062500000,-0.000000040361
1.312500000000,2.812500000000,-0.000000035657
1.312500000000,2.835937500000,-0.000000030916
1.312500000000,2.859375000000,-0.000000026148
1.312500000000,2.882812500000,-0.000000021358
1.312500000000,2.906250000000,-0.000000016555
1.312500000000,2.929687500000,-0.000000011744
1.312500000000,2.953125000000,-0.000000006934
1.312500000000,2.976562500000,-0.000000002131
1.312500000000,3.000000000000,0.000000000000
1.335937500000,0.000000000000,0.000000000000
1.335937500000,0.023437500000,0.000000006694
1.335937500000,0.046875000000,0.000000010968
1.335937500000,0.070312500000,0.000000015186
1.335937500000,0.093750000000,0.000000019332
1.335937500000,0.117187500000,0.000000023390
1.335937500000,0.140625000000,0.000000027347
1.335937500000,0.164062500000,0.000000031188
1.335937500000,0.187500000000,0.000000034900
1.335937500000,0.210937500000,0.000000038468
1.335937500000,0.234375000000,0.000000041880
1.335937500000,0.257812500000,0.000000045124
1.335937500000,0.281250000000,0.000000048188
1.335937500000,0.304687500000,0.000000051062
1.335937500000,0.328125000000,0.000000053735
1.335937500000,0.351562500000,0.000000056197
1.335937500000,0.375000000000,0.000000058444
1.335937500000,0.398437500000,0.000000060458
1.335937500000,0.421875000000,0.000000062243
1.335937500000,0.445312500000,0.000000063785
1.335937500000,0.468750000000,0.000000065083
1.335937500000,0.492187500000,0.000000066131
1.335937500000,0.515625000000,0.000000066925
1.335937500000,0.539062500000,0.000000067463
1.335937500000,0.562500000000,0.000000067745
1.335937500000,0.585937500000,0.000000067765
1.335937500000,0.609375000000,0.000000067527
1.335937500000,0.632812500000,0.000000067031
1.335937500000,0.656250000000,0.000000066279
1.335937500000,0.679687500000,0.000000065273
1.335937500000,0.703125000000,0.000000064017
1.335937500000,0.726562500000,0.000000062515
1.335937500000,0.750000000000,0.000000060771
1.335937500000,0.773437500000,0.000000058791
1.335937500000,0.796875000000,0.000000056582
1.335937500000,0.820312500000,0.000000054153
1.335937500000,0.843750000000,0.000000051510
1.335937500000,0.867187500000,0.000000048662
1.335937500000,0.890625000000,0.000000045618
1.335937500000,0.914062500000,0.000000042388
1.335937500000,0.937500000000,0.000000038983
1.335937500000,0.960937500000,0.000000035412
1.335937500000,0.984375000000,0.000000031688
1.335937500000,1.007812500000,0.000000027822
1.335937500000,1.031250000000,0.000000023826
1.335937500000,1.054687500000,0.000000019712
1.335937500000,1.078125000000,0.000000015493
1.335937500000,1.101562500000,0.000000011182
1.335937500000,1.125000000000,0.000000006791
1.335937500000,1.148437500000,0.000000002334
1.335937500000,1.171875000000,-0.000000002176
1.335937500000,1.195312500000,-0.000000006727
1.335937500000,1.218750000000,-0.000000011305
1.335937500000,1.242187500000,-0.000000015896
1.335937500000,1.265625000000,-0.000000020489
1.335937500000,1.289062500000,-0.000000025070
1.335937500000,1.312500000000,-0.000000029627
1.335937500000,1.335937500000,-0.000000034147
1.335937500000,1.359375000000,-0.000000038618
1.335937500000,1.382812500000,-0.000000043028
1.335937500000,1.406250000000,-0.000000047368
1.335937500000,1.429687500000,-0.000000051622
1.335937500000,1.453125000000,-0.000000055784
1.335937500000,1.476562500000,-0.000000059841
1.335937500000,1.500000000000,-0.000000063784
1.335937500000,1.523437500000,-0.000000067606
1.335937500000,1.546875000000,-0.000000071296
1.335937500000,1.570312500000,-0.000000074844
1.335937500000,1.593750000000,-0.000000078245
1.335937500000,1.617187500000,-0.000000081491
1.335937500000,1.640625000000,-0.000000084575
1.335937500000,1.664062500000,-0.000000087491
1.335937500000,1.687500000000,-0.000000090234
1.335937500000,1.710937500000,-0.000000092800
1.335937500000,1.734375000000,-0.000000095183
1.335937500000,1.757812500000,-0.000000097380
1.335937500000,1.781250000000,-0.000000099386
1.335937500000,1.804687500000,-0.000000101201
1.335937500000,1.828125000000,-0.000000102822
1.335937500000,1.851562500000,-0.000000104248
1.335937500000,1.875000000000,-0.000000105477
1.335937500000,1.898437500000,-0.000000106508
1.335937500000,1.921875000000,-0.000000107344
1.335937500000,1.945312500000,-0.000000107982
1.335937500000,1.968750000000,-0.000000108425
1.335937500000,1.992187500000,-0.000000108675
1.335937500000,2.015625000000,-0.000000108733
1.335937500000,2.039062500000,-0.000000108601
1.335937500000,2.062500000000,-0.000000108282
1.335937500000,2.085937500000,-0.000000107780
1.335937500000,2.109375000000,-0.000000107097
1.335937500000,2.132812500000,-0.000000106238
1.335937500000,2.156250000000,-0.000000105206
1.335937500000,2.179687500000,-0.000000104008
1.335937500000,2.203125000000,-0.000000102645
1.335937500000,2.226562500000,-0.000000101123
1.335937500000,2.250000000000,-0.000000099448
1.335937500000,2.273437500000,-0.000000097624
1.335937500000,2.296875000000,-0.000000095658
1.335937500000,2.320312500000,-0.000000093553
1.335937500000,2.343750000000,-0.000000091317
1.335937500000,2.367187500000,-0.000000088955
1.335937500000,2.390625000000,-0.000000086472
1.335937500000,2.414062500000,-0.000000083873
1.335937500000,2.437500000000,-0.000000081167
1.335937500000,2.460937500000,-0.000000078356
1.335937500000,2.484375000000,-0.000000075449
1.335937500000,2.507812500000,-0.000000072449
1.335937500000,2.531250000000,-0.000000069364
1.335937500000,2.554687500000,-0.000000066198
1.335937500000,2.578125000000,-0.000000062958
1.335937500000,2.601562500000,-0.000000059650
1.335937500000,2.625000000000,-0.000000056277
1.335937500000,2.648437500000,-0.000000052847
1.335937500000,2.671875000000,-0.000000049365
1.335937500000,2.695312500000,-0.000000045837
1.335937500000,2.718750000000,-0.000000042265
1.335937500000,2.742187500000,-0.000000038654
1.335937500000,2.765625000000,-0.000000035014
1.335937500000,2.789062500000,-0.000000031347
1.335937500000,2.812500000000,-0.000000027657
1.335937500000,2.835937500000,-0.000000023949
1.335937500000,2.859375000000,-0.000000020228
1.335937500000,2.882812500000,-0.000000016499
1.335937500000,2.906250000000,-0.000000012765
1.335937500000,2.929687500000,-0.000000009032
1.335937500000,2.953125000000,-0.000000005304
1.335937500000,2.976562500000,-0.000000001584
1.335937500000,3.000000000000,0.000000000000
1.359375000000,0.000000000000,0.000000000000
1.359375000000,0.023437500000,0.000000005413
1.359375000000,0.046875000000,0.000000008836
1.359375000000,0.070312500000,0.000000012208
1.359375000000,0.093750000000,0.000000015517
1.359375000000,0.117187500000,0.000000018749
1.359375000000,0.140625000000,0.000000021891
1.359375000000,0.164062500000,0.000000024932
1.359375000000,0.187500000000,0.000000027855
1.359375000000,0.210937500000,0.000000030656
1.359375000000,0.234375000000,0.000000033319
1.359375000000,0.257812500000,0.000000035832
1.359375000000,0.281250000000,0.000000038187
1.359375000000,0.304687500000,0.000000040377
1.359375000000,0.328125000000,0.000000042391
1.359375000000,0.351562500000,0.000000044220
1.359375000000,0.375000000000,0.000000045860
1.359375000000,0.398437500000,0.000000047300
1.359375000000,0.421875000000,0.000000048540
1.359375000000,0.445312500000,0.000000049570
1.359375000000,0.468750000000,0.000000050388
1.359375000000,0.492187500000,0.000000050991
1.359375000000,0.515625000000,0.000000051377
1.359375000000,0.539062500000,0.000000051543
1.359375000000,0.562500000000,0.000000051489
1.359375000000,0.585937500000,0.000000051213
1.359375000000,0.609375000000,0.000000050721
1.359375000000,0.632812500000,0.000000050009
1.359375000000,0.656250000000,0.000000049080
1.359375000000,0.679687500000,0.000000047941
1.359375000000,0.703125000000,0.000000046593
1.359375000000,0.726562500000,0.000000045043
1.359375000000,0.750000000000,0.000000043293
1.359375000000,0.773437500000,0.000000041353
1.359375000000,0.796875000000,0.000000039226
1.359375000000,0.820312500000,0.000000036922
1.359375000000,0.843750000000,0.000000034448
1.359375000000,0.867187500000,0.000000031812
1.359375000000,0.890625000000,0.000000029025
1.359375000000,0.914062500000,0.000000026094
1.359375000000,0.937500000000,0.000000023030
1.359375000000,0.960937500000,0.000000019844
1.359375000000,0.984375000000,0.000000016545
1.359375000000,1.007812500000,0.000000013146
1.359375000000,1.031250000000,0.000000009657
1.359375000000,1.054687500000,0.000000006089
1.359375000000,1.078125000000,0.000000002454
1.359375000000,1.101562500000,-0.000000001235
1.359375000000,1.125000000000,-0.000000004969
1.359375000000,1.148437500000,-0.000000008734
1.359375000000,1.171875000000,-0.000000012520
1.359375000000,1.195312500000,-0.000000016313
1.359375000000,1.218750000000,-0.000000020103
1.359375000000,1.242187500000,-0.000000023880
1.359375000000,1.265625000000,-0.000000027630
1.359375000000,1.289062500000,-0.000000031343
1.359375000000,1.312500000000,-0.000000035009
1.359375000000,1.335937500000,-0.000000038618
1.359375000000,1.359375000000,-0.000000042160
1.359375000000,1.382812500000,-0.000000045622
1.359375000000,1.406250000000,-0.000000048998
1.359375000000,1.429687500000,-0.000000052280
1.359375000000,1.453125000000,-0.000000055458
1.359375000000,1.476562500000,-0.000000058523
1.359375000000,1.500000000000,-0.000000061472
1.359375000000,1.523437500000,-0.000000064292
1.359375000000,1.546875000000,-0.000000066981
1.359375000000,1.570312500000,-0.000000069532
1.359375000000,1.593750000000,-0.000000071939
1.359375000000,1.617187500000,-0.000000074200
1.359375000000,1.640625000000,-0.000000076308
1.359375000000,1.664062500000,-0.000000078261
1.359375000000,1.687500000000,-0.000000080055
1.359375000000,1.710937500000,-0.000000081688
1.359375000000,1.734375000000,-0.000000083157
1.359375000000,1.757812500000,-0.000000084465
1.359375000000,1.781250000000,-0.000000085606
1.359375000000,1.804687500000,-0.000000086583
1.359375000000,1.828125000000,-0.000000087394
1.359375000000,1.851562500000,-0.000000088041
1.359375000000,1.875000000000,-0.000000088525
1.359375000000,1.898437500000,-0.000000088848
1.359375000000,1.921875000000,-0.000000089012
1.359375000000,1.945312500000,-0.000000089019
1.359375000000,1.968750000000,-0.000000088872
1.359375000000,1.992187500000,-0.000000088574
1.359375000000,2.015625000000,-0.000000088130
1.359375000000,2.039062500000,-0.000000087542
1.359375000000,2.062500000000,-0.000000086815
1.359375000000,2.085937500000,-0.000000085953
1.359375000000,2.109375000000,-0.000000084961
1.359375000000,2.132812500000,-0.000000083844
1.359375000000,2.156250000000,-0.000000082606
1.359375000000,2.179687500000,-0.000000081253
1.359375000000,2.203125000000,-0.000000079790
1.359375000000,2.226562500000,-0.000000078222
1.359375000000,2.250000000000,-0.000000076555
1.359375000000,2.273437500000,-0.000000074794
1.359375000000,2.296875000000,-0.000000072943
1.359375000000,2.320312500000,-0.000000071008
1.359375000000,2.343750000000,-0.000000068998
1.359375000000,2.367187500000,-0.000000066913
1.359375000000,2.390625000000,-0.000000064761
1.359375000000,2.414062500000,-0.000000062546
1.359375000000,2.437500000000,-0.000000060274
1.359375000000,2.460937500000,-0.000000057947
1.359375000000,2.484375000000,-0.000000055575
1.359375000000,2.507812500000,-0.000000053158
1.359375000000,2.531250000000,-0.000000050702
1.359375000000,2.554687500000,-0.000000048209
1.359375000000,2.578125000000,-0.000000045686
1.359375000000,2.601562500000,-0.000000043137
1.359375000000,2.625000000000,-0.000000040563
1.359375000000,2.648437500000,-0.000000037969
1.359375000000,2.671875000000,-0.000000035358
1.359375000000,2.695312500000,-0.000000032735
1.359375000000,2.718750000000,-0.000000030098
1.359375000000,2.742187500000,-0.000000027453
1.359375000000,2.765625000000,-0.000000024803
1.359375000000,2.789062500000,-0.000000022151
1.359375000000,2.812500000000,-0.000000019495
1.359375000000,2.835937500000,-0.000000016841
1.359375000000,2.859375000000,-0.000000014189
1.359375000000,2.882812500000,-0.000000011541
1.359375000000,2.906250000000,-0.000000008900
1.359375000000,2.929687500000,-0.000000006266
1.359375000000,2.953125000000,-0.000000003640
1.359375000000,2.976562500000,-0.000000001026
1.359375000000,3.000000000000,0.000000000000
1.382812500000,0.000000000000,0.000000000000
1.382812500000,0.023437500000,0.000000004110
1.382812500000,0.046875000000,0.000000006668
1.382812500000,0.070312500000,0.000000009183
1.382812500000,0.093750000000,0.000000011642
1.382812500000,0.117187500000,0.000000014034
1.382812500000,0.140625000000,0.000000016349
1.382812500000,0.164062500000,0.000000018574
1.382812500000,0.187500000000,0.000000020702
1.382812500000,0.210937500000,0.000000022720
1.382812500000,0.234375000000,0.000000024620
1.382812500000,0.257812500000,0.000000026394
1.382812500000,0.281250000000,0.000000028032
1.382812500000,0.304687500000,0.000000029526
1.382812500000,0.328125000000,0.000000030871
1.382812500000,0.351562500000,0.000000032060
1.382812500000,0.375000000000,0.000000033085
1.382812500000,0.398437500000,0.000000033943
1.382812500000,0.421875000000,0.000000034630
1.382812500000,0.445312500000,0.000000035142
1.382812500000,0.468750000000,0.000000035475
1.382812500000,0.492187500000,0.000000035630
1.382812500000,0.515625000000,0.000000035601
1.382812500000,0.539062500000,0.000000035392
1.382812500000,0.562500000000,0.000000034999
1.382812500000,0.585937500000,0.000000034426
1.382812500000,0.609375000000,0.000000033674
1.382812500000,0.632812500000,0.000000032747
1.382812500000,0.656250000000,0.000000031644
1.382812500000,0.679687500000,0.000000030373
1.382812500000,0.703125000000,0.000000028935
1.382812500000,0.726562500000,0.000000027340
1.382812500000,0.750000000000,0.000000025589
1.382812500000,0.773437500000,0.000000023689
1.382812500000,0.796875000000,0.000000021649
1.382812500000,0.820312500000,0.000000019476
1.382812500000,0.843750000000,0.000000017177
1.382812500000,0.867187500000,0.000000014761
1.382812500000,0.890625000000,0.000000012238
1.382812500000,0.914062500000,0.000000009614
1.382812500000,0.937500000000,0.000000006902
1.382812500000,0.960937500000,0.000000004109
1.382812500000,0.984375000000,0.000000001247
1.382812500000,1.007812500000,-0.000000001675
1.382812500000,1.031250000000,-0.000000004645
1.382812500000,1.054687500000,-0.000000007655
1.382812500000,1.078125000000,-0.000000010692
1.382812500000,1.101562500000,-0.000000013747
1.382812500000,1.125000000000,-0.000000016809
1.382812500000,1.148437500000,-0.000000019869
1.382812500000,1.171875000000,-0.000000022913
1.382812500000,1.195312500000,-0.000000025935
1.382812500000,1.218750000000,-0.000000028923
1.382812500000,1.242187500000,-0.000000031867
1.382812500000,1.265625000000,-0.000000034759
1.382812500000,1.289062500000,-0.000000037588
1.382812500000,1.312500000000,-0.000000040347
1.382812500000,1.335937500000,-0.000000043028
1.382812500000,1.359375000000,-0.000000045622
1.382812500000,1.382812500000,-0.000000048121
1.382812500000,1.406250000000,-0.000000050519
1.382812500000,1.429687500000,-0.000000052810
1.382812500000,1.453125000000,-0.000000054987
1.382812500000,1.476562500000,-0.000000057045
1.382812500000,1.500000000000,-0.000000058977
1.382812500000,1.523437500000,-0.000000060783
1.382812500000,1.546875000000,-0.000000062456
1.382812500000,1.570312500000,-0.000000063993
1.382812500000,1.593750000000,-0.000000065391
1.382812500000,1.617187500000,-0.000000066650
1.382812500000,1.640625000000,-0.000000067769
1.382812500000,1.664062500000,-0.000000068740
1.382812500000,1.687500000000,-0.000000069572
1.382812500000,1.710937500000,-0.000000070259
1.382812500000,1.734375000000,-0.000000070804
1.382812500000,1.757812500000,-0.000000071207
1.382812500000,1.781250000000,-0.000000071471
1.382812500000,1.804687500000,-0.000000071596
1.382812500000,1.828125000000,-0.000000071588
1.382812500000,1.851562500000,-0.000000071447
1.382812500000,1.875000000000,-0.000000071176
1.382812500000,1.898437500000,-0.000000070782
1.382812500000,1.921875000000,-0.000000070266
1.382812500000,1.945312500000,-0.000000069634
1.382812500000,1.968750000000,-0.000000068890
1.382812500000,1.992187500000,-0.000000068039
1.382812500000,2.015625000000,-0.000000067087
1.382812500000,2.039062500000,-0.000000066038
1.382812500000,2.062500000000,-0.000000064900
1.382812500000,2.085937500000,-0.000000063676
1.382812500000,2.109375000000,-0.000000062372
1.382812500000,2.132812500000,-0.000000060996
1.382812500000,2.156250000000,-0.000000059552
1.382812500000,2.179687500000,-0.000000058046
1.382812500000,2.203125000000,-0.000000056484
1.382812500000,2.226562500000,-0.000000054874
1.382812500000,2.250000000000,-0.000000053217
1.382812500000,2.273437500000,-0.000000051521
1.382812500000,2.296875000000,-0.000000049793
1.382812500000,2.320312500000,-0.000000048035
1.382812500000,2.343750000000,-0.000000046255
1.382812500000,2.367187500000,-0.000000044456
1.382812500000,2.390625000000,-0.000000042644
1.382812500000,2.414062500000,-0.000000040822
1.382812500000,2.437500000000,-0.000000038993
1.382812500000,2.460937500000,-0.000000037164
1.382812500000,2.484375000000,-0.000000035335
1.382812500000,2.507812500000,-0.000000033513
1.382812500000,2.531250000000,-0.000000031699
1.382812500000,2.554687500000,-0.000000029896
1.382812500000,2.578125000000,-0.000000028103
1.382812500000,2.601562500000,-0.000000026327
1.382812500000,2.625000000000,-0.000000024568
1.382812500000,2.648437500000,-0.000000022825
1.382812500000,2.671875000000,-0.000000021102
1.382812500000,2.695312500000,-0.000000019400
1.382812500000,2.718750000000,-0.000000017717
1.382812500000,2.742187500000,-0.000000016054
1.382812500000,2.765625000000,-0.000000014413
1.382812500000,2.789062500000,-0.000000012792
1.382812500000,2.812500000000,-0.000000011191
1.382812500000,2.835937500000,-0.000000009607
1.382812500000,2.859375000000,-0.000000008044
1.382812500000,2.882812500000,-0.000000006497
1.382812500000,2.906250000000,-0.000000004967
1.382812500000,2.929687500000,-0.000000003451
1.382812500000,2.953125000000,-0.000000001949
1.382812500000,2.976562500000,-0.000000000459
1.382812500000,3.000000000000,0.000000000000
1.406250000000,0.000000000000,0.000000000000
1.406250000000,0.023437500000,0.000000002790
1.406250000000,0.046875000000,0.000000004471
1.406250000000,0.070312500000,0.000000006116
1.406250000000,0.093750000000,0.000000007714
1.406250000000,0.117187500000,0.000000009256
1.406250000000,0.140625000000,0.000000010732
1.406250000000,0.164062500000,0.000000012134
1.406250000000,0.187500000000,0.000000013452
1.406250000000,0.210937500000,0.000000014681
1.406250000000,0.234375000000,0.000000015809
1.406250000000,0.257812500000,0.000000016834
1.406250000000,0.281250000000,0.000000017743
1.406250000000,0.304687500000,0.000000018535
1.406250000000,0.328125000000,0.000000019204
1.406250000000,0.351562500000,0.000000019742
1.406250000000,0.375000000000,0.000000020148
1.406250000000,0.398437500000,0.000000020418
1.406250000000,0.421875000000,0.000000020546
1.406250000000,0.445312500000,0.000000020535
1.406250000000,0.468750000000,0.000000020379
1.406250000000,0.492187500000,0.000000020079
1.406250000000,0.515625000000,0.000000019634
1.406250000000,0.539062500000,0.000000019047
1.406250000000,0.562500000000,0.000000018314
1.406250000000,0.585937500000,0.000000017443
1.406250000000,0.609375000000,0.000000016432
1.406250000000,0.632812500000,0.000000015287
1.406250000000,0.656250000000,0.000000014011
1.406250000000,0.679687500000,0.000000012609
1.406250000000,0.703125000000,0.000000011085
1.406250000000,0.726562500000,0.000000009445
1.406250000000,0.750000000000,0.000000007695
1.406250000000,0.773437500000,0.000000005843
1.406250000000,0.796875000000,0.000000003895
1.406250000000,0.820312500000,0.000000001857
1.406250000000,0.843750000000,-0.000000000260
1.406250000000,0.867187500000,-0.000000002450
1.406250000000,0.890625000000,-0.000000004703
1.406250000000,0.914062500000,-0.000000007011
1.406250000000,0.937500000000,-0.000000009364
1.406250000000,0.960937500000,-0.000000011753
1.406250000000,0.984375000000,-0.000000014170
1.406250000000,1.007812500000,-0.000000016604
1.406250000000,1.031250000000,-0.000000019046
1.406250000000,1.054687500000,-0.000000021486
1.406250000000,1.078125000000,-0.000000023915
1.406250000000,1.101562500000,-0.000000026323
1.406250000000,1.125000000000,-0.000000028702
1.406250000000,1.148437500000,-0.000000031042
1.406250000000,1.171875000000,-0.000000033333
1.406250000000,1.195312500000,-0.000000035569
1.406250000000,1.218750000000,-0.000000037742
1.406250000000,1.242187500000,-0.000000039840
1.406250000000,1.265625000000,-0.000000041859
1.406250000000,1.289062500000,-0.000000043791
1.406250000000,1.312500000000,-0.000000045628
1.406250000000,1.335937500000,-0.000000047368
1.406250000000,1.359375000000,-0.000000048999
1.406250000000,1.382812500000,-0.000000050519
1.406250000000,1.406250000000,-0.000000051925
1.406250000000,1.429687500000,-0.000000053209
1.406250000000,1.453125000000,-0.000000054370
1.406250000000,1.476562500000,-0.000000055406
1.406250000000,1.500000000000,-0.000000056312
1.406250000000,1.523437500000,-0.000000057086
1.406250000000,1.546875000000,-0.000000057728
1.406250000000,1.570312500000,-0.000000058238
1.406250000000,1.593750000000,-0.000000058614
1.406250000000,1.617187500000,-0.000000058859
1.406250000000,1.640625000000,-0.000000058970
1.406250000000,1.664062500000,-0.000000058955
1.406250000000,1.687500000000,-0.000000058809
1.406250000000,1.710937500000,-0.000000058540
1.406250000000,1.734375000000,-0.000000058147
1.406250000000,1.757812500000,-0.000000057637
1.406250000000,1.781250000000,-0.000000057012
1.406250000000,1.804687500000,-0.000000056278
1.406250000000,1.828125000000,-0.000000055440
1.406250000000,1.851562500000,-0.000000054502
1.406250000000,1.875000000000,-0.000000053469
1.406250000000,1.898437500000,-0.000000052349
1.406250000000,1.921875000000,-0.000000051147
1.406250000000,1.945312500000,-0.000000049870
1.406250000000,1.968750000000,-0.000000048524
1.406250000000,1.992187500000,-0.000000047115
1.406250000000,2.015625000000,-0.000000045652
1.406250000000,2.039062500000,-0.000000044140
1.406250000000,2.062500000000,-0.000000042586
1.406250000000,2.085937500000,-0.000000040998
1.406250000000,2.109375000000,-0.000000039383
1.406250000000,2.132812500000,-0.000000037748
1.406250000000,2.156250000000,-0.000000036097
1.406250000000,2.179687500000,-0.000000034441
1.406250000000,2.203125000000,-0.000000032782
1.406250000000,2.226562500000,-0.000000031130
1.406250000000,2.250000000000,-0.000000029487
1.406250000000,2.273437500000,-0.000000027862
1.406250000000,2.296875000000,-0.000000026261
1.406250000000,2.320312500000,-0.000000024685
1.406250000000,2.343750000000,-0.000000023143
1.406250000000,2.367187500000,-0.000000021636
1.406250000000,2.390625000000,-0.000000020171
1.406250000000,2.414062500000,-0.000000018749
1.406250000000,2.437500000000,-0.000000017375
1.406250000000,2.460937500000,-0.000000016051
1.406250000000,2.484375000000,-0.000000014780
1.406250000000,2.507812500000,-0.000000013561
1.406250000000,2.531250000000,-0.000000012401
1.406250000000,2.554687500000,-0.000000011295
1.406250000000,2.578125000000,-0.000000010248
1.406250000000,2.601562500000,-0.000000009258
1.406250000000,2.625000000000,-0.000000008326
1.406250000000,2.648437500000,-0.000000007449
1.406250000000,2.671875000000,-0.000000006629
1.406250000000,2.695312500000,-0.000000005861
1.406250000000,2.718750000000,-0.000000005148
1.406250000000,2.742187500000,-0.000000004483
1.406250000000,2.765625000000,-0.000000003866
1.406250000000,2.789062500000,-0.000000003292
1.406250000000,2.812500000000,-0.000000002760
1.406250000000,2.835937500000,-0.000000002266
1.406250000000,2.859375000000,-0.000000001807
1.406250000000,2.882812500000,-0.000000001378
1.406250000000,2.906250000000,-0.000000000976
1.406250000000,2.929687500000,-0.000000000595
1.406250000000,2.953125000000,-0.000000000233
1.406250000000,2.976562500000,0.000000000116
1.406250000000,3.000000000000,0.000000000000
1.429687500000,0.000000000000,0.000000000000
1.429687500000,0.023437500000,0.000000001455
1.429687500000,0.046875000000,0.000000002250
1.429687500000,0.070312500000,0.000000003016
1.429687500000,0.093750000000,0.000000003743
1.429687500000,0.117187500000,0.000000004426
1.429687500000,0.140625000000,0.000000005055
1.429687500000,0.164062500000,0.000000005624
1.429687500000,0.187500000000,0.000000006127
1.429687500000,0.210937500000,0.000000006555
1.429687500000,0.234375000000,0.000000006906
1.429687500000,0.257812500000,0.000000007171
1.429687500000,0.281250000000,0.000000007348
1.429687500000,0.304687500000,0.000000007431
1.429687500000,0.328125000000,0.000000007416
1.429687500000,0.351562500000,0.000000007300
1.429687500000,0.375000000000,0.000000007081
1.429687500000,0.398437500000,0.000000006756
1.429687500000,0.421875000000,0.000000006324
1.429687500000,0.445312500000,0.000000005783
1.429687500000,0.468750000000,0.000000005134
1.429687500000,0.492187500000,0.000000004379
1.429687500000,0.515625000000,0.000000003514
1.429687500000,0.539062500000,0.000000002546
1.429687500000,0.562500000000,0.000000001474
1.429687500000,0.585937500000,0.000000000302
1.429687500000,0.609375000000,-0.000000000966
1.429687500000,0.632812500000,-0.000000002327
1.429687500000,0.656250000000,-0.000000003775
1.429687500000,0.679687500000,-0.000000005308
1.429687500000,0.703125000000,-0.000000006917
1.429687500000,0.726562500000,-0.000000008597
1.429687500000,0.750000000000,-0.000000010343
1.429687500000,0.773437500000,-0.000000012144
1.429687500000,0.796875000000,-0.000000013998
1.429687500000,0.820312500000,-0.000000015893
1.429687500000,0.843750000000,-0.000000017824
1.429687500000,0.867187500000,-0.000000019781
1.429687500000,0.890625000000,-0.000000021756
1.429687500000,0.914062500000,-0.000000023741
1.429687500000,0.937500000000,-0.000000025728
1.429687500000,0.960937500000,-0.000000027706
1.429687500000,0.984375000000,-0.000000029669
1.429687500000,1.007812500000,-0.000000031606
1.429687500000,1.031250000000,-0.000000033509
1.429687500000,1.054687500000,-0.000000035370
1.429687500000,1.078125000000,-0.000000037181
1.429687500000,1.101562500000,-0.000000038932
1.429687500000,1.125000000000,-0.000000040617
1.429687500000,1.148437500000,-0.000000042226
1.429687500000,1.171875000000,-0.000000043756
1.429687500000,1.195312500000,-0.000000045193
1.429687500000,1.218750000000,-0.000000046537
1.429687500000,1.242187500000,-0.000000047778
1.429687500000,1.265625000000,-0.000000048912
1.429687500000,1.289062500000,-0.000000049936
1.429687500000,1.312500000000,-0.000000050840
1.429687500000,1.335937500000,-0.000000051622
1.429687500000,1.359375000000,-0.000000052280
1.429687500000,1.382812500000,-0.000000052810
1.429687500000,1.406250000000,-0.000000053210
1.429687500000,1.429687500000,-0.000000053477
1.429687500000,1.453125000000,-0.000000053610
1.429687500000,1.476562500000,-0.000000053611
1.429687500000,1.500000000000,-0.000000053476
1.429687500000,1.523437500000,-0.000000053209
1.429687500000,1.546875000000,-0.000000052810
1.429687500000,1.570312500000,-0.000000052280
1.429687500000,1.593750000000,-0.000000051624
1.429687500000,1.617187500000,-0.000000050843
1.429687500000,1.640625000000,-0.000000049941
1.429687500000,1.664062500000,-0.000000048922
1.429687500000,1.687500000000,-0.000000047792
1.429687500000,1.710937500000,-0.000000046556
1.429687500000,1.734375000000,-0.000000045217
1.429687500000,1.757812500000,-0.000000043785
1.429687500000,1.781250000000,-0.000000042264
1.429687500000,1.804687500000,-0.000000040663
1.429687500000,1.828125000000,-0.000000038987
1.429687500000,1.851562500000,-0.000000037245
1.429687500000,1.875000000000,-0.000000035445
1.429687500000,1.898437500000,-0.000000033594
1.429687500000,1.921875000000,-0.000000031701
1.429687500000,1.945312500000,-0.000000029774
1.429687500000,1.968750000000,-0.000000027822
1.429687500000,1.992187500000,-0.000000025852
1.429687500000,2.015625000000,-0.000000023874
1.429687500000,2.039062500000,-0.000000021897
1.429687500000,2.062500000000,-0.000000019927
1.429687500000,2.085937500000,-0.000000017975
1.429687500000,2.109375000000,-0.000000016048
1.429687500000,2.132812500000,-0.000000014152
1.429687500000,2.156250000000,-0.000000012297
1.429687500000,2.179687500000,-0.000000010490
1.429687500000,2.203125000000,-0.000000008737
1.429687500000,2.226562500000,-0.000000007046
1.429687500000,2.250000000000,-0.000000005422
1.429687500000,2.273437500000,-0.000000003872
1.429687500000,2.296875000000,-0.000000002401
1.429687500000,2.320312500000,-0.000000001014
1.429687500000,2.343750000000,0.000000000286
1.429687500000,2.367187500000,0.000000001494
1.429687500000,2.390625000000,0.000000002605
1.429687500000,2.414062500000,0.000000003617
1.429687500000,2.437500000000,0.000000004530
1.429687500000,2.460937500000,0.000000005341
1.429687500000,2.484375000000,0.000000006047
1.429687500000,2.507812500000,0.000000006650
1.429687500000,2.531250000000,0.000000007149
1.429687500000,2.554687500000,0.000000007545
1.429687500000,2.578125000000,0.000000007837
1.429687500000,2.601562500000,0.000000008029
1.429687500000,2.625000000000,0.000000008123
1.429687500000,2.648437500000,0.000000008121
1.429687500000,2.671875000000,0.000000008028
1.429687500000,2.695312500000,0.000000007845
1.429687500000,2.718750000000,0.000000007579
1.429687500000,2.742187500000,0.000000007235
1.429687500000,2.765625000000,0.000000006814
1.429687500000,2.789062500000,0.000000006325
1.429687500000,2.812500000000,0.000000005773
1.429687500000,2.835937500000,0.000000005165
1.429687500000,2.859375000000,0.000000004506
1.429687500000,2.882812500000,0.000000003803
1.429687500000,2.906250000000,0.000000003064
1.429687500000,2.929687500000,0.000000002295
1.429687500000,2.953125000000,0.000000001503
1.429687500000,2.976562500000,0.000000000696
1.429687500000,3.000000000000,0.000000000000
1.453125000000,0.000000000000,0.000000000000
1.453125000000,0.023437500000,0.000000000108
1.453125000000,0.046875000000,0.000000000011
1.453125000000,0.070312500000,-0.000000000110
1.453125000000,0.093750000000,-0.000000000260
1.453125000000,0.117187500000,-0.000000000444
1.453125000000,0.140625000000,-0.000000000669
1.453125000000,0.164062500000,-0.000000000938
1.453125000000,0.187500000000,-0.000000001260
1.453125000000,0.210937500000,-0.000000001634
1.453125000000,0.234375000000,-0.000000002070
1.453125000000,0.257812500000,-0.000000002566
1.453125000000,0.281250000000,-0.000000003130
1.453125000000,0.304687500000,-0.000000003761
1.453125000000,0.328125000000,-0.000000004464
1.453125000000,0.351562500000,-0.000000005238
1.453125000000,0.375000000000,-0.000000006087
1.453125000000,0.398437500000,-0.000000007009
1.453125000000,0.421875000000,-0.000000008006
1.453125000000,0.445312500000,-0.000000009077
1.453125000000,0.468750000000,-0.000000010221
1.453125000000,0.492187500000,-0.000000011435
1.453125000000,0.515625000000,-0.000000012719
1.453125000000,0.539062500000,-0.000000014069
1.453125000000,0.562500000000,-0.000000015482
1.453125000000,0.585937500000,-0.000000016954
1.453125000000,0.609375000000,-0.000000018479
1.453125000000,0.632812500000,-0.000000020056
1.453125000000,0.656250000000,-0.000000021675
1.453125000000,0.679687500000,-0.000000023335
1.453125000000,0.703125000000,-0.000000025026
1.453125000000,0.726562500000,-0.000000026744
1.453125000000,0.750000000000,-0.000000028480
1.453125000000,0.773437500000,-0.000000030229
1.453125000000,0.796875000000,-0.000000031983
1.453125000000,0.820312500000,-0.000000033731
1.453125000000,0.843750000000,-0.000000035470
1.453125000000,0.867187500000,-0.000000037189
1.453125000000,0.890625000000,-0.000000038882
1.453125000000,0.914062500000,-0.000000040538
1.453125000000,0.937500000000,-0.000000042150
1.453125000000,0.960937500000,-0.000000043711
1.453125000000,0.984375000000,-0.000000045212
1.453125000000,1.007812500000,-0.000000046645
1.453125000000,1.031250000000,-0.000000048002
1.453125000000,1.054687500000,-0.000000049276
1.453125000000,1.078125000000,-0.000000050459
1.453125000000,1.101562500000,-0.000000051544
1.453125000000,1.125000000000,-0.000000052525
1.453125000000,1.148437500000,-0.000000053397
1.453125000000,1.171875000000,-0.000000054150
1.453125000000,1.195312500000,-0.000000054783
1.453125000000,1.218750000000,-0.000000055288
1.453125000000,1.242187500000,-0.000000055662
1.453125000000,1.265625000000,-0.000000055904
1.453125000000,1.289062500000,-0.000000056005
1.453125000000,1.312500000000,-0.000000055966
1.453125000000,1.335937500000,-0.000000055784
1.453125000000,1.359375000000,-0.000000055458
1.453125000000,1.382812500000,-0.000000054987
1.453125000000,1.406250000000,-0.000000054370
1.453125000000,1.429687500000,-0.000000053611
1.453125000000,1.453125000000,-0.000000052708
1.453125000000,1.476562500000,-0.000000051663
1.453125000000,1.500000000000,-0.000000050479
1.453125000000,1.523437500000,-0.000000049161
1.453125000000,1.546875000000,-0.000000047711
1.453125000000,1.570312500000,-0.000000046135
1.453125000000,1.593750000000,-0.000000044435
1.453125000000,1.617187500000,-0.000000042620
1.453125000000,1.640625000000,-0.000000040697
1.453125000000,1.664062500000,-0.000000038669
1.453125000000,1.687500000000,-0.000000036547
1.453125000000,1.710937500000,-0.000000034334
1.453125000000,1.734375000000,-0.000000032045
1.453125000000,1.757812500000,-0.000000029682
1.453125000000,1.781250000000,-0.000000027262
1.453125000000,1.804687500000,-0.000000024787
1.453125000000,1.828125000000,-0.000000022269
1.453125000000,1.851562500000,-0.000000019719
1.453125000000,1.875000000000,-0.000000017146
1.453125000000,1.898437500000,-0.000000014560
1.453125000000,1.921875000000,-0.000000011973
1.453125000000,1.945312500000,-0.000000009393
1.453125000000,1.968750000000,-0.000000006832
1.453125000000,1.992187500000,-0.000000004300
1.453125000000,2.015625000000,-0.000000001806
1.453125000000,2.039062500000,0.000000000638
1.453125000000,2.062500000000,0.000000003024
1.453125000000,2.085937500000,0.000000005341
1.453125000000,2.109375000000,0.000000007581
1.453125000000,2.132812500000,0.000000009735
1.453125000000,2.156250000000,0.000000011792
1.453125000000,2.179687500000,0.000000013748
1.453125000000,2.203125000000,0.000000015592
1.453125000000,2.226562500000,0.000000017320
1.453125000000,2.250000000000,0.000000018922
1.453125000000,2.273437500000,0.000000020394
1.453125000000,2.296875000000,0.000000021730
1.453125000000,2.320312500000,0.000000022924
1.453125000000,2.343750000000,0.000000023975
1.453125000000,2.367187500000,0.000000024879
1.453125000000,2.390625000000,0.000000025631
1.453125000000,2.414062500000,0.000000026228
1.453125000000,2.437500000000,0.000000026672
1.453125000000,2.460937500000,0.000000026961
1.453125000000,2.484375000000,0.000000027096
1.453125000000,2.507812500000,0.000000027075
1.453125000000,2.531250000000,0.000000026903
1.453125000000,2.554687500000,0.000000026580
1.453125000000,2.578125000000,0.000000026109
1.453125000000,2.601562500000,0.000000025494
1.453125000000,2.625000000000,0.000000024741
1.453125000000,2.648437500000,0.000000023851
1.453125000000,2.671875000000,0.000000022832
1.453125000000,2.695312500000,0.000000021692
1.453125000000,2.718750000000,0.000000020434
1.453125000000,2.742187500000,0.000000019068
1.453125000000,2.765625000000,0.000000017599
1.453125000000,2.789062500000,0.000000016039
1.453125000000,2.812500000000,0.000000014391
1.453125000000,2.835937500000,0.000000012669
1.453125000000,2.859375000000,0.000000010881
1.453125000000,2.882812500000,0.000000009035
1.453125000000,2.906250000000,0.000000007143
1.453125000000,2.929687500000,0.000000005213
1.453125000000,2.953125000000,0.000000003256
1.453125000000,2.976562500000,0.000000001282
1.453125000000,3.000000000000,0.000000000000
1.476562500000,0.000000000000,0.000000000000
1.476562500000,0.023437500000,-0.000000001247
1.476562500000,0.046875000000,-0.000000002242
1.476562500000,0.070312500000,-0.000000003255
1.476562500000,0.093750000000,-0.000000004286
1.476562500000,0.117187500000,-0.000000005342
1.476562500000,0.140625000000,-0.000000006426
1.476562500000,0.164062500000,-0.000000007540
1.476562500000,0.187500000000,-0.000000008688
1.476562500000,0.210937500000,-0.000000009872
1.476562500000,0.234375000000,-0.000000011095
1.476562500000,0.257812500000,-0.000000012357
1.476562500000,0.281250000000,-0.000000013665
1.476562500000,0.304687500000,-0.000000015012
1.476562500000,0.328125000000,-0.000000016406
1.476562500000,0.351562500000,-0.000000017842
1.476562500000,0.375000000000,-0.000000019322
1.476562500000,0.398437500000,-0.000000020845
1.476562500000,0.421875000000,-0.000000022408
1.476562500000,0.445312500000,-0.000000024011
1.476562500000,0.468750000000,-0.000000025650
1.476562500000,0.492187500000,-0.000000027323
1.476562500000,0.515625000000,-0.000000029027
1.476562500000,0.539062500000,-0.000000030759
1.476562500000,0.562500000000,-0.000000032510
1.476562500000,0.585937500000,-0.000000034282
1.476562500000,0.609375000000,-0.000000036066
1.476562500000,0.632812500000,-0.000000037854
1.476562500000,0.656250000000,-0.000000039644
1.476562500000,0.679687500000,-0.000000041428
1.476562500000,0.703125000000,-0.000000043198
1.476562500000,0.726562500000,-0.000000044951
1.476562500000,0.750000000000,-0.000000046677
1.476562500000,0.773437500000,-0.000000048368
1.476562500000,0.796875000000,-0.000000050016
1.476562500000,0.820312500000,-0.000000051616
1.476562500000,0.843750000000,-0.000000053157
1.476562500000,0.867187500000,-0.000000054634
1.476562500000,0.890625000000,-0.000000056037
1.476562500000,0.914062500000,-0.000000057359
1.476562500000,0.937500000000,-0.000000058592
1.476562500000,0.960937500000,-0.000000059729
1.476562500000,0.984375000000,-0.000000060762
1.476562500000,1.007812500000,-0.000000061684
1.476562500000,1.031250000000,-0.000000062488
1.476562500000,1.054687500000,-0.000000063167
1.476562500000,1.078125000000,-0.000000063716
1.476562500000,1.101562500000,-0.000000064128
1.476562500000,1.125000000000,-0.000000064399
1.476562500000,1.148437500000,-0.000000064523
1.476562500000,1.171875000000,-0.000000064496
1.476562500000,1.195312500000,-0.000000064315
1.476562500000,1.218750000000,-0.000000063975
1.476562500000,1.242187500000,-0.000000063475
1.476562500000,1.265625000000,-0.000000062812
1.476562500000,1.289062500000,-0.000000061986
1.476562500000,1.312500000000,-0.000000060997
1.476562500000,1.335937500000,-0.000000059841
1.476562500000,1.359375000000,-0.000000058524
1.476562500000,1.382812500000,-0.000000057044
1.476562500000,1.406250000000,-0.000000055406
1.476562500000,1.429687500000,-0.000000053609
1.476562500000,1.453125000000,-0.000000051662
1.476562500000,1.476562500000,-0.000000049567
1.476562500000,1.500000000000,-0.000000047328
1.476562500000,1.523437500000,-0.000000044951
1.476562500000,1.546875000000,-0.000000042443
1.476562500000,1.570312500000,-0.000000039813
1.476562500000,1.593750000000,-0.000000037066
1.476562500000,1.617187500000,-0.000000034212
1.476562500000,1.640625000000,-0.000000031259
1.476562500000,1.664062500000,-0.000000028216
1.476562500000,1.687500000000,-0.000000025096
1.476562500000,1.710937500000,-0.000000021907
1.476562500000,1.734375000000,-0.000000018660
1.476562500000,1.757812500000,-0.000000015367
1.476562500000,1.781250000000,-0.000000012039
1.476562500000,1.804687500000,-0.000000008686
1.476562500000,1.828125000000,-0.000000005324
1.476562500000,1.851562500000,-0.000000001963
1.476562500000,1.875000000000,0.000000001385
1.476562500000,1.898437500000,0.000000004707
1.476562500000,1.921875000000,0.000000007991
1.476562500000,1.945312500000,0.000000011224
1.476562500000,1.968750000000,0.000000014395
1.476562500000,1.992187500000,0.000000017491
1.476562500000,2.015625000000,0.000000020500
1.476562500000,2.039062500000,0.000000023411
1.476562500000,2.062500000000,0.000000026213
1.476562500000,2.085937500000,0.000000028894
1.476562500000,2.109375000000,0.000000031445
1.476562500000,2.132812500000,0.000000033854
1.476562500000,2.156250000000,0.000000036114
1.476562500000,2.179687500000,0.000000038216
1.476562500000,2.203125000000,0.000000040149
1.476562500000,2.226562500000,0.000000041908
1.476562500000,2.250000000000,0.000000043486
1.476562500000,2.273437500000,0.000000044877
1.476562500000,2.296875000000,0.000000046072
1.476562500000,2.320312500000,0.000000047071
1.476562500000,2.343750000000,0.000000047870
1.476562500000,2.367187500000,0.000000048463
1.476562500000,2.390625000000,0.000000048847
1.476562500000,2.414062500000,0.000000049027
1.476562500000,2.437500000000,0.000000048996
1.476562500000,2.460937500000,0.000000048758
1.476562500000,2.484375000000,0.000000048314
1.476562500000,2.507812500000,0.000000047664
1.476562500000,2.531250000000,0.000000046813
1.476562500000,2.554687500000,0.000000045765
1.476562500000,2.578125000000,0.000000044524
1.476562500000,2.601562500000,0.000000043096
1.476562500000,2.625000000000,0.000000041485
1.476562500000,2.648437500000,0.000000039702
1.476562500000,2.671875000000,0.000000037751
1.476562500000,2.695312500000,0.000000035643
1.476562500000,2.718750000000,0.000000033387
1.476562500000,2.742187500000,0.000000030990
1.476562500000,2.765625000000,0.000000028466
1.476562500000,2.789062500000,0.000000025823
1.476562500000,2.812500000000,0.000000023074
1.476562500000,2.835937500000,0.000000020230
1.476562500000,2.859375000000,0.000000017303
1.476562500000,2.882812500000,0.000000014306
1.476562500000,2.906250000000,0.000000011251
1.476562500000,2.929687500000,0.000000008152
1.476562500000,2.953125000000,0.000000005021
1.476562500000,2.976562500000,0.000000001872
1.476562500000,3.000000000000,0.000000000000
1.500000000000,0.000000000000,0.000000000000
1.500000000000,0.023437500000,-0.000000002607
1.500000000000,0.046875000000,-0.000000004504
1.500000000000,0.070312500000,-0.000000006410
1.500000000000,0.093750000000,-0.000000008327
1.500000000000,0.117187500000,-0.000000010257
1.500000000000,0.140625000000,-0.000000012202
1.500000000000,0.164062500000,-0.000000014162
1.500000000000,0.187500000000,-0.000000016139
1.500000000000,0.210937500000,-0.000000018135
1.500000000000,0.234375000000,-0.000000020148
1.500000000000,0.257812500000,-0.000000022181
1.500000000000,0.281250000000,-0.000000024230
1.500000000000,0.304687500000,-0.000000026297
1.500000000000,0.328125000000,-0.000000028383
1.500000000000,0.351562500000,-0.000000030480
1.500000000000,0.375000000000,-0.000000032593
1.500000000000,0.398437500000,-0.000000034716
1.500000000000,0.421875000000,-0.000000036846
1.500000000000,0.445312500000,-0.000000038981
1.500000000000,0.468750000000,-0.000000041115
1.500000000000,0.492187500000,-0.000000043248
1.500000000000,0.515625000000,-0.000000045372
1.500000000000,0.539062500000,-0.000000047482
1.500000000000,0.562500000000,-0.000000049574
1.500000000000,0.585937500000,-0.000000051643
1.500000000000,0.609375000000,-0.000000053681
1.500000000000,0.632812500000,-0.000000055682
1.500000000000,0.656250000000,-0.000000057639
1.500000000000,0.679687500000,-0.000000059545
1.500000000000,0.703125000000,-0.000000061393
1.500000000000,0.726562500000,-0.000000063176
1.500000000000,0.750000000000,-0.000000064886
1.500000000000,0.773437500000,-0.000000066516
1.500000000000,0.796875000000,-0.000000068057
1.500000000000,0.820312500000,-0.000000069502
1.500000000000,0.843750000000,-0.000000070843
1.500000000000,0.867187500000,-0.000000072072
1.500000000000,0.890625000000,-0.000000073182
1.500000000000,0.914062500000,-0.000000074165
1.500000000000,0.937500000000,-0.000000075013
1.500000000000,0.960937500000,-0.000000075721
1.500000000000,0.984375000000,-0.000000076281
1.500000000000,1.007812500000,-0.000000076687
1.500000000000,1.031250000000,-0.000000076932
1.500000000000,1.054687500000,-0.000000077012
1.500000000000,1.078125000000,-0.000000076921
1.500000000000,1.101562500000,-0.000000076655
1.500000000000,1.125000000000,-0.000000076209
1.500000000000,1.148437500000,-0.000000075581
1.500000000000,1.171875000000,-0.000000074767
1.500000000000,1.195312500000,-0.000000073766
1.500000000000,1.218750000000,-0.000000072575
1.500000000000,1.242187500000,-0.000000071194
1.500000000000,1.265625000000,-0.000000069625
1.500000000000,1.289062500000,-0.000000067864
1.500000000000,1.312500000000,-0.000000065918
1.500000000000,1.335937500000,-0.000000063785
1.500000000000,1.359375000000,-0.000000061471
1.500000000000,1.382812500000,-0.000000058978
1.500000000000,1.406250000000,-0.000000056311
1.500000000000,1.429687500000,-0.000000053476
1.500000000000,1.453125000000,-0.000000050479
1.500000000000,1.476562500000,-0.000000047328
1.500000000000,1.500000000000,-0.000000044027
1.500000000000,1.523437500000,-0.000000040589
1.500000000000,1.546875000000,-0.000000037020
1.500000000000,1.570312500000,-0.000000033331
1.500000000000,1.593750000000,-0.000000029533
1.500000000000,1.617187500000,-0.000000025637
1.500000000000,1.640625000000,-0.000000021653
1.500000000000,1.664062500000,-0.000000017594
1.500000000000,1.687500000000,-0.000000013473
1.500000000000,1.710937500000,-0.000000009302
1.500000000000,1.734375000000,-0.000000005097
1.500000000000,1.757812500000,-0.000000000868
1.500000000000,1.781250000000,0.000000003366
1.500000000000,1.804687500000,0.000000007596
1.500000000000,1.828125000000,0.000000011805
1.500000000000,1.851562500000,0.000000015979
1.500000000000,1.875000000000,0.000000020102
1.500000000000,1.898437500000,0.000000024161
1.500000000000,1.921875000000,0.000000028141
1.500000000000,1.945312500000,0.000000032028
1.500000000000,1.968750000000,0.000000035808
1.500000000000,1.992187500000,0.000000039467
1.500000000000,2.015625000000,0.000000042991
1.500000000000,2.039062500000,0.000000046367
1.500000000000,2.062500000000,0.000000049583
1.500000000000,2.085937500000,0.000000052626
1.500000000000,2.109375000000,0.000000055486
1.500000000000,2.132812500000,0.000000058150
1.500000000000,2.156250000000,0.000000060609
1.500000000000,2.179687500000,0.000000062853
1.500000000000,2.203125000000,0.000000064873
1.500000000000,2.226562500000,0.000000066663
1.500000000000,2.250000000000,0.000000068211
1.500000000000,2.273437500000,0.000000069515
1.500000000000,2.296875000000,0.000000070571
1.500000000000,2.320312500000,0.000000071369
1.500000000000,2.343750000000,0.000000071909
1.500000000000,2.367187500000,0.000000072188
1.500000000000,2.390625000000,0.000000072205
1.500000000000,2.414062500000,0.000000071957
1.500000000000,2.437500000000,0.000000071449
1.500000000000,2.460937500000,0.000000070678
1.500000000000,2.484375000000,0.000000069650
1.500000000000,2.507812500000,0.000000068367
1.500000000000,2.531250000000,0.000000066834
1.500000000000,2.554687500000,0.000000065055
1.500000000000,2.578125000000,0.000000063037
1.500000000000,2.601562500000,0.000000060790
1.500000000000,2.625000000000,0.000000058319
1.500000000000,2.648437500000,0.000000055633
1.500000000000,2.671875000000,0.000000052746
1.500000000000,2.695312500000,0.000000049666
1.500000000000,2.718750000000,0.000000046403
1.500000000000,2.742187500000,0.000000042972
1.500000000000,2.765625000000,0.000000039384
1.500000000000,2.789062500000,0.000000035656
1.500000000000,2.812500000000,0.000000031798
1.500000000000,2.835937500000,0.000000027826
1.500000000000,2.859375000000,0.000000023755
1.500000000000,2.882812500000,0.000000019601
1.500000000000,2.906250000000,0.000000015379
1.500000000000,2.929687500000,0.000000011104
1.500000000000,2.953125000000,0.000000006794
1.500000000000,2.976562500000,0.000000002464
1.500000000000,3.000000000000,0.000000000000
1.523437500000,0.000000000000,0.000000000000
1.523437500000,0.023437500000,-0.000000003969
1.523437500000,0.046875000000,-0.000000006768
1.523437500000,0.070312500000,-0.000000009569
1.523437500000,0.093750000000,-0.000000012371
1.523437500000,0.117187500000,-0.000000015177
1.523437500000,0.140625000000,-0.000000017983
1.523437500000,0.164062500000,-0.000000020790
1.523437500000,0.187500000000,-0.000000023597
1.523437500000,0.210937500000,-0.000000026404
1.523437500000,0.234375000000,-0.000000029208
1.523437500000,0.257812500000,-0.000000032007
1.523437500000,0.281250000000,-0.000000034802
1.523437500000,0.304687500000,-0.000000037589
1.523437500000,0.328125000000,-0.000000040364
1.523437500000,0.351562500000,-0.000000043124
1.523437500000,0.375000000000,-0.000000045868
1.523437500000,0.398437500000,-0.000000048589
1.523437500000,0.421875000000,-0.000000051286
1.523437500000,0.445312500000,-0.000000053952
1.523437500000,0.468750000000,-0.000000056581
1.523437500000,0.492187500000,-0.000000059170
1.523437500000,0.515625000000,-0.000000061711
1.523437500000,0.539062500000,-0.000000064200
1.523437500000,0.562500000000,-0.000000066628
1.523437500000,0.585937500000,-0.000000068993
1.523437500000,0.609375000000,-0.000000071284
1.523437500000,0.632812500000,-0.000000073490
1.523437500000,0.656250000000,-0.000000075613
1.523437500000,0.679687500000,-0.000000077638
1.523437500000,0.703125000000,-0.000000079561
1.523437500000,0.726562500000,-0.000000081372
1.523437500000,0.750000000000,-0.000000083064
1.523437500000,0.773437500000,-0.000000084629
1.523437500000,0.796875000000,-0.000000086059
1.523437500000,0.820312500000,-0.000000087346
1.523437500000,0.843750000000,-0.000000088483
1.523437500000,0.867187500000,-0.000000089461
1.523437500000,0.890625000000,-0.000000090273
1.523437500000,0.914062500000,-0.000000090913
1.523437500000,0.937500000000,-0.000000091374
1.523437500000,0.960937500000,-0.000000091649
1.523437500000,0.984375000000,-0.000000091732
1.523437500000,1.007812500000,-0.000000091617
1.523437500000,1.031250000000,-0.000000091300
1.523437500000,1.054687500000,-0.000000090776
1.523437500000,1.078125000000,-0.000000090042
1.523437500000,1.101562500000,-0.000000089093
1.523437500000,1.125000000000,-0.000000087927
1.523437500000,1.148437500000,-0.000000086543
1.523437500000,1.171875000000,-0.000000084937
1.523437500000,1.195312500000,-0.000000083113
1.523437500000,1.218750000000,-0.000000081068
1.523437500000,1.242187500000,-0.000000078803
1.523437500000,1.265625000000,-0.000000076321
1.523437500000,1.289062500000,-0.000000073626
1.523437500000,1.312500000000,-0.000000070719
1.523437500000,1.335937500000,-0.000000067606
1.523437500000,1.359375000000,-0.000000064292
1.523437500000,1.382812500000,-0.000000060783
1.523437500000,1.406250000000,-0.000000057086
1.523437500000,1.429687500000,-0.000000053209
1.523437500000,1.453125000000,-0.000000049161
1.523437500000,1.476562500000,-0.000000044951
1.523437500000,1.500000000000,-0.000000040589
1.523437500000,1.523437500000,-0.000000036087
1.523437500000,1.546875000000,-0.000000031455
1.523437500000,1.570312500000,-0.000000026709
1.523437500000,1.593750000000,-0.000000021857
1.523437500000,1.617187500000,-0.000000016917
1.523437500000,1.640625000000,-0.000000011901
1.523437500000,1.664062500000,-0.000000006825
1.523437500000,1.687500000000,-0.000000001703
1.523437500000,1.710937500000,0.000000003447
1.523437500000,1.734375000000,0.000000008613
1.523437500000,1.757812500000,0.000000013774
1.523437500000,1.781250000000,0.000000018917
1.523437500000,1.804687500000,0.000000024023
1.523437500000,1.828125000000,0.000000029077
1.523437500000,1.851562500000,0.000000034061
1.523437500000,1.875000000000,0.000000038959
1.523437500000,1.898437500000,0.000000043754
1.523437500000,1.921875000000,0.000000048428
1.523437500000,1.945312500000,0.000000052967
1.523437500000,1.968750000000,0.000000057354
1.523437500000,1.992187500000,0.000000061573
1.523437500000,2.015625000000,0.000000065610
1.523437500000,2.039062500000,0.000000069449
1.523437500000,2.062500000000,0.000000073077
1.523437500000,2.085937500000,0.000000076480
1.523437500000,2.109375000000,0.000000079645
1.523437500000,2.132812500000,0.000000082561
1.523437500000,2.156250000000,0.000000085216
1.523437500000,2.179687500000,0.000000087601
1.523437500000,2.203125000000,0.000000089704
1.523437500000,2.226562500000,0.000000091519
1.523437500000,2.250000000000,0.000000093037
1.523437500000,2.273437500000,0.000000094253
1.523437500000,2.296875000000,0.000000095161
1.523437500000,2.320312500000,0.000000095756
1.523437500000,2.343750000000,0.000000096035
1.523437500000,2.367187500000,0.000000095998
1.523437500000,2.390625000000,0.000000095641
1.523437500000,2.414062500000,0.000000094965
1.523437500000,2.437500000000,0.000000093976
1.523437500000,2.460937500000,0.000000092670
1.523437500000,2.484375000000,0.000000091056
1.523437500000,2.507812500000,0.000000089134
1.523437500000,2.531250000000,0.000000086913
1.523437500000,2.554687500000,0.000000084400
1.523437500000,2.578125000000,0.000000081605
1.523437500000,2.601562500000,0.000000078533
1.523437500000,2.625000000000,0.000000075198
1.523437500000,2.648437500000,0.000000071610
1.523437500000,2.671875000000,0.000000067781
1.523437500000,2.695312500000,0.000000063726
1.523437500000,2.718750000000,0.000000059454
1.523437500000,2.742187500000,0.000000054986
1.523437500000,2.765625000000,0.000000050334
1.523437500000,2.789062500000,0.000000045514
1.523437500000,2.812500000000,0.000000040544
1.523437500000,2.835937500000,0.000000035441
1.523437500000,2.859375000000,0.000000030223
1.523437500000,2.882812500000,0.000000024909
1.523437500000,2.906250000000,0.000000019516
1.523437500000,2.929687500000,0.000000014063
1.523437500000,2.953125000000,0.000000008570
1.523437500000,2.976562500000,0.000000003056
1.523437500000,3.000000000000,0.000000000000
1.546875000000,0.000000000000,0.000000000000
1.546875000000,0.023437500000,-0.000000005329
1.546875000000,0.046875000000,-0.000000009029
1.546875000000,0.070312500000,-0.000000012723
1.546875000000,0.093750000000,-0.000000016410
1.546875000000,0.117187500000,-0.000000020089
1.546875000000,0.140625000000,-0.000000023754
1.546875000000,0.164062500000,-0.000000027406
1.546875000000,0.187500000000,-0.000000031043
1.546875000000,0.210937500000,-0.000000034658
1.546875000000,0.234375000000,-0.000000038251
1.546875000000,0.257812500000,-0.000000041818
1.546875000000,0.281250000000,-0.000000045355
1.546875000000,0.304687500000,-0.000000048857
1.546875000000,0.328125000000,-0.000000052322
1.546875000000,0.351562500000,-0.000000055742
1.546875000000,0.375000000000,-0.000000059115
1.546875000000,0.398437500000,-0.000000062432
1.546875000000,0.421875000000,-0.000000065692
1.546875000000,0.445312500000,-0.000000068885
1.546875000000,0.468750000000,-0.000000072007
1.546875000000,0.492187500000,-0.000000075048
1.546875000000,0.515625000000,-0.000000078006
1.546875000000,0.539062500000,-0.000000080870
1.546875000000,0.562500000000,-0.000000083633
1.546875000000,0.585937500000,-0.000000086289
1.546875000000,0.609375000000,-0.000000088827
1.546875000000,0.632812500000,-0.000000091242
1.546875000000,0.656250000000,-0.000000093525
1.546875000000,0.679687500000,-0.000000095667
1.546875000000,0.703125000000,-0.000000097661
1.546875000000,0.726562500000,-0.000000099497
1.546875000000,0.750000000000,-0.000000101168
1.546875000000,0.773437500000,-0.000000102665
1.546875000000,0.796875000000,-0.000000103981
1.546875000000,0.820312500000,-0.000000105107
1.546875000000,0.843750000000,-0.000000106035
1.546875000000,0.867187500000,-0.000000106758
1.546875000000,0.890625000000,-0.000000107271
1.546875000000,0.914062500000,-0.000000107565
1.546875000000,0.937500000000,-0.000000107634
1.546875000000,0.960937500000,-0.000000107473
1.546875000000,0.984375000000,-0.000000107076
1.546875000000,1.007812500000,-0.000000106439
1.546875000000,1.031250000000,-0.000000105557
1.546875000000,1.054687500000,-0.000000104427
1.546875000000,1.078125000000,-0.000000103046
1.546875000000,1.101562500000,-0.000000101412
1.546875000000,1.125000000000,-0.000000099525
1.546875000000,1.148437500000,-0.000000097382
1.546875000000,1.171875000000,-0.000000094985
1.546875000000,1.195312500000,-0.000000092336
1.546875000000,1.218750000000,-0.000000089433
1.546875000000,1.242187500000,-0.000000086284
1.546875000000,1.265625000000,-0.000000082890
1.546875000000,1.289062500000,-0.000000079256
1.546875000000,1.312500000000,-0.000000075391
1.546875000000,1.335937500000,-0.000000071295
1.546875000000,1.359375000000,-0.000000066981
1.546875000000,1.382812500000,-0.000000062456
1.546875000000,1.406250000000,-0.000000057727
1.546875000000,1.429687500000,-0.000000052810
1.546875000000,1.453125000000,-0.000000047710
1.546875000000,1.476562500000,-0.000000042445
1.546875000000,1.500000000000,-0.000000037020
1.546875000000,1.523437500000,-0.000000031455
1.546875000000,1.546875000000,-0.000000025763
1.546875000000,1.570312500000,-0.000000019957
1.546875000000,1.593750000000,-0.000000014056
1.546875000000,1.617187500000,-0.000000008074
1.546875000000,1.640625000000,-0.000000002029
1.546875000000,1.664062500000,0.000000004062
1.546875000000,1.687500000000,0.000000010182
1.546875000000,1.710937500000,0.000000016312
1.546875000000,1.734375000000,0.000000022432
1.546875000000,1.757812500000,0.000000028525
1.546875000000,1.781250000000,0.000000034572
1.546875000000,1.804687500000,0.000000040553
1.546875000000,1.828125000000,0.000000046448
1.546875000000,1.851562500000,0.000000052240
1.546875000000,1.875000000000,0.000000057909
1.546875000000,1.898437500000,0.000000063436
1.546875000000,1.921875000000,0.000000068801
1.546875000000,1.945312500000,0.000000073989
1.546875000000,1.968750000000,0.000000078979
1.546875000000,1.992187500000,0.000000083756
1.546875000000,2.015625000000,0.000000088301
1.546875000000,2.039062500000,0.000000092600
1.546875000000,2.062500000000,0.000000096636
1.546875000000,2.085937500000,0.000000100396
1.546875000000,2.109375000000,0.000000103863
1.546875000000,2.132812500000,0.000000107027
1.546875000000,2.156250000000,0.000000109876
1.546875000000,2.179687500000,0.000000112397
1.546875000000,2.203125000000,0.000000114580
1.546875000000,2.226562500000,0.000000116419
1.546875000000,2.250000000000,0.000000117902
1.546875000000,2.273437500000,0.000000119026
1.546875000000,2.296875000000,0.000000119784
1.546875000000,2.320312500000,0.000000120174
1.546875000000,2.343750000000,0.000000120190
1.546875000000,2.367187500000,0.000000119831
1.546875000000,2.390625000000,0.000000119100
1.546875000000,2.414062500000,0.000000117995
1.546875000000,2.437500000000,0.000000116520
1.546875000000,2.460937500000,0.000000114677
1.546875000000,2.484375000000,0.000000112472
1.546875000000,2.507812500000,0.000000109912
1.546875000000,2.531250000000,0.000000107004
1.546875000000,2.554687500000,0.000000103756
1.546875000000,2.578125000000,0.000000100179
1.546875000000,2.601562500000,0.000000096284
1.546875000000,2.625000000000,0.000000092082
1.546875000000,2.648437500000,0.000000087590
1.546875000000,2.671875000000,0.000000082820
1.546875000000,2.695312500000,0.000000077785
1.546875000000,2.718750000000,0.000000072506
1.546875000000,2.742187500000,0.000000066999
1.546875000000,2.765625000000,0.000000061280
1.546875000000,2.789062500000,0.000000055370
1.546875000000,2.812500000000,0.000000049289
1.546875000000,2.835937500000,0.000000043056
1.546875000000,2.859375000000,0.000000036690
1.546875000000,2.882812500000,0.000000030215
1.546875000000,2.906250000000,0.000000023652
1.546875000000,2.929687500000,0.000000017021
1.546875000000,2.953125000000,0.000000010346
1.546875000000,2.976562500000,0.000000003648
1.546875000000,3.000000000000,0.000000000000
1.570312500000,0.000000000000,0.000000000000
1.570312500000,0.023437500000,-0.000000006684
1.570312500000,0.046875000000,-0.000000011281
1.570312500000,0.070312500000,-0.000000015866
1.570312500000,0.093750000000,-0.000000020433
1.570312500000,0.117187500000,-0.000000024980
1.570312500000,0.140625000000,-0.000000029503
1.570312500000,0.164062500000,-0.000000033997
1.570312500000,0.187500000000,-0.000000038456
1.570312500000,0.210937500000,-0.000000042878
1.570312500000,0.234375000000,-0.000000047256
1.570312500000,0.257812500000,-0.000000051586
1.570312500000,0.281250000000,-0.000000055860
1.570312500000,0.304687500000,-0.000000060077
1.570312500000,0.328125000000,-0.000000064224
1.570312500000,0.351562500000,-0.000000068302
1.570312500000,0.375000000000,-0.000000072299
1.570312500000,0.398437500000,-0.000000076211
1.570312500000,0.421875000000,-0.000000080029
1.570312500000,0.445312500000,-0.000000083746
1.570312500000,0.468750000000,-0.000000087355
1.570312500000,0.492187500000,-0.000000090848
1.570312500000,0.515625000000,-0.000000094216
1.570312500000,0.539062500000,-0.000000097451
1.570312500000,0.562500000000,-0.000000100546
1.570312500000,0.585937500000,-0.000000103490
1.570312500000,0.609375000000,-0.000000106273
1.570312500000,0.632812500000,-0.000000108890
1.570312500000,0.656250000000,-0.000000111332
1.570312500000,0.679687500000,-0.000000113586
1.570312500000,0.703125000000,-0.000000115647
1.570312500000,0.726562500000,-0.000000117505
1.570312500000,0.750000000000,-0.000000119152
1.570312500000,0.773437500000,-0.000000120578
1.570312500000,0.796875000000,-0.000000121776
1.570312500000,0.820312500000,-0.000000122738
1.570312500000,0.843750000000,-0.000000123456
1.570312500000,0.867187500000,-0.000000123923
1.570312500000,0.890625000000,-0.000000124132
1.570312500000,0.914062500000,-0.000000124078
1.570312500000,0.937500000000,-0.000000123754
1.570312500000,0.960937500000,-0.000000123156
1.570312500000,0.984375000000,-0.000000122277
1.570312500000,1.007812500000,-0.000000121115
1.570312500000,1.031250000000,-0.000000119667
1.570312500000,1.054687500000,-0.000000117930
1.570312500000,1.078125000000,-0.000000115903
1.570312500000,1.101562500000,-0.000000113583
1.570312500000,1.125000000000,-0.000000110973
1.570312500000,1.148437500000,-0.000000108072
1.570312500000,1.171875000000,-0.000000104884
1.570312500000,1.195312500000,-0.000000101408
1.570312500000,1.218750000000,-0.000000097651
1.570312500000,1.242187500000,-0.000000093618
1.570312500000,1.265625000000,-0.000000089313
1.570312500000,1.289062500000,-0.000000084744
1.570312500000,1.312500000000,-0.000000079918
1.570312500000,1.335937500000,-0.000000074844
1.570312500000,1.359375000000,-0.000000069532
1.570312500000,1.382812500000,-0.000000063992
1.570312500000,1.406250000000,-0.000000058238
1.570312500000,1.429687500000,-0.000000052281
1.570312500000,1.453125000000,-0.000000046135
1.570312500000,1.476562500000,-0.000000039812
1.570312500000,1.500000000000,-0.000000033331
1.570312500000,1.523437500000,-0.000000026709
1.570312500000,1.546875000000,-0.000000019958
1.570312500000,1.570312500000,-0.000000013099
1.570312500000,1.593750000000,-0.000000006150
1.570312500000,1.617187500000,0.000000000868
1.570312500000,1.640625000000,0.000000007939
1.570312500000,1.664062500000,0.000000015040
1.570312500000,1.687500000000,0.000000022154
1.570312500000,1.710937500000,0.000000029257
1.570312500000,1.734375000000,0.000000036329
1.570312500000,1.757812500000,0.000000043349
1.570312500000,1.781250000000,0.000000050294
1.570312500000,1.804687500000,0.000000057143
1.570312500000,1.828125000000,0.000000063876
1.570312500000,1.851562500000,0.000000070470
1.570312500000,1.875000000000,0.000000076904
1.570312500000,1.898437500000,0.000000083158
1.570312500000,1.921875000000,0.000000089210
1.570312500000,1.945312500000,0.000000095040
1.570312500000,1.968750000000,0.000000100630
1.570312500000,1.992187500000,0.000000105958
1.570312500000,2.015625000000,0.000000111008
1.570312500000,2.039062500000,0.000000115762
1.570312500000,2.062500000000,0.000000120202
1.570312500000,2.085937500000,0.000000124312
1.570312500000,2.109375000000,0.000000128079
1.570312500000,2.132812500000,0.000000131487
1.570312500000,2.156250000000,0.000000134524
1.570312500000,2.179687500000,0.000000137178
1.570312500000,2.203125000000,0.000000139438
1.570312500000,2.226562500000,0.000000141296
1.570312500000,2.250000000000,0.000000142743
1.570312500000,2.273437500000,0.000000143773
1.570312500000,2.296875000000,0.000000144379
1.570312500000,2.320312500000,0.000000144560
1.570312500000,2.343750000000,0.000000144310
1.570312500000,2.367187500000,0.000000143633
1.570312500000,2.390625000000,0.000000142522
1.570312500000,2.414062500000,0.000000140986
1.570312500000,2.437500000000,0.000000139025
1.570312500000,2.460937500000,0.000000136644
1.570312500000,2.484375000000,0.000000133850
1.570312500000,2.507812500000,0.000000130650
1.570312500000,2.531250000000,0.000000127053
1.570312500000,2.554687500000,0.000000123071
1.570312500000,2.578125000000,0.000000118714
1.570312500000,2.601562500000,0.000000113996
1.570312500000,2.625000000000,0.000000108931
1.570312500000,2.648437500000,0.000000103533
1.570312500000,2.671875000000,0.000000097821
1.570312500000,2.695312500000,0.000000091813
1.570312500000,2.718750000000,0.000000085528
1.570312500000,2.742187500000,0.000000078983
1.570312500000,2.765625000000,0.000000072200
1.570312500000,2.789062500000,0.000000065204
1.570312500000,2.812500000000,0.000000058011
1.570312500000,2.835937500000,0.000000050650
1.570312500000,2.859375000000,0.000000043141
1.570312500000,2.882812500000,0.000000035508
1.570312500000,2.906250000000,0.000000027777
1.570312500000,2.929687500000,0.000000019971
1.570312500000,2.953125000000,0.000000012116
1.570312500000,2.976562500000,0.000000004237
1.570312500000,3.000000000000,0.000000000000
1.593750000000,0.000000000000,0.000000000000
1.593750000000,0.023437500000,-0.000000008031
1.593750000000,0.046875000000,-0.000000013519
1.593750000000,0.070312500000,-0.000000018987
1.593750000000,0.093750000000,-0.000000024430
1.593750000000,0.117187500000,-0.000000029841
1.593750000000,0.140625000000,-0.000000035214
1.593750000000,0.164062500000,-0.000000040543
1.593750000000,0.187500000000,-0.000000045821
1.593750000000,0.210937500000,-0.000000051043
1.593750000000,0.234375000000,-0.000000056200
1.593750000000,0.257812500000,-0.000000061286
1.593750000000,0.281250000000,-0.000000066294
1.593750000000,0.304687500000,-0.000000071217
1.593750000000,0.328125000000,-0.000000076046
1.593750000000,0.351562500000,-0.000000080771
1.593750000000,0.375000000000,-0.000000085390
1.593750000000,0.398437500000,-0.000000089889
1.593750000000,0.421875000000,-0.000000094261
1.593750000000,0.445312500000,-0.000000098498
1.593750000000,0.468750000000,-0.000000102589
1.593750000000,0.492187500000,-0.000000106526
1.593750000000,0.515625000000,-0.000000110300
1.593750000000,0.539062500000,-0.000000113903
1.593750000000,0.562500000000,-0.000000117323
1.593750000000,0.585937500000,-0.000000120551
1.593750000000,0.609375000000,-0.000000123578
1.593750000000,0.632812500000,-0.000000126393
1.593750000000,0.656250000000,-0.000000128987
1.593750000000,0.679687500000,-0.000000131351
1.593750000000,0.703125000000,-0.000000133476
1.593750000000,0.726562500000,-0.000000135352
1.593750000000,0.750000000000,-0.000000136970
1.593750000000,0.773437500000,-0.000000138323
1.593750000000,0.796875000000,-0.000000139401
1.593750000000,0.820312500000,-0.000000140197
1.593750000000,0.843750000000,-0.000000140703
1.593750000000,0.867187500000,-0.000000140911
1.593750000000,0.890625000000,-0.000000140816
1.593750000000,0.914062500000,-0.000000140413
1.593750000000,0.937500000000,-0.000000139695
1.593750000000,0.960937500000,-0.000000138657
1.593750000000,0.984375000000,-0.000000137298
1.593750000000,1.007812500000,-0.000000135612
1.593750000000,1.031250000000,-0.000000133597
1.593750000000,1.054687500000,-0.000000131254
1.593750000000,1.078125000000,-0.000000128580
1.593750000000,1.101562500000,-0.000000125577
1.593750000000,1.125000000000,-0.000000122245
1.593750000000,1.148437500000,-0.000000118588
1.593750000000,1.171875000000,-0.000000114609
1.593750000000,1.195312500000,-0.000000110312
1.593750000000,1.218750000000,-0.000000105704
1.593750000000,1.242187500000,-0.000000100789
1.593750000000,1.265625000000,-0.000000095576
1.593750000000,1.289062500000,-0.000000090075
1.593750000000,1.312500000000,-0.000000084293
1.593750000000,1.335937500000,-0.000000078245
1.593750000000,1.359375000000,-0.000000071939
1.593750000000,1.382812500000,-0.000000065391
1.593750000000,1.406250000000,-0.000000058614
1.593750000000,1.429687500000,-0.000000051624
1.593750000000,1.453125000000,-0.000000044435
1.593750000000,1.476562500000,-0.000000037066
1.593750000000,1.500000000000,-0.000000029534
1.593750000000,1.523437500000,-0.000000021857
1.593750000000,1.546875000000,-0.000000014056
1.593750000000,1.570312500000,-0.000000006152
1.593750000000,1.593750000000,0.000000001837
1.593750000000,1.617187500000,0.000000009887
1.593750000000,1.640625000000,0.000000017976
1.593750000000,1.664062500000,0.000000026080
1.593750000000,1.687500000000,0.000000034180
1.593750000000,1.710937500000,0.000000042249
1.593750000000,1.734375000000,0.000000050265
1.593750000000,1.757812500000,0.000000058204
1.593750000000,1.781250000000,0.000000066040
1.593750000000,1.804687500000,0.000000073752
1.593750000000,1.828125000000,0.000000081313
1.593750000000,1.851562500000,0.000000088703
1.593750000000,1.875000000000,0.000000095896
1.593750000000,1.898437500000,0.000000102870
1.593750000000,1.921875000000,0.000000109601
1.593750000000,1.945312500000,0.000000116068
1.593750000000,1.968750000000,0.000000122249
1.593750000000,1.992187500000,0.000000128124
1.593750000000,2.015625000000,0.000000133673
1.593750000000,2.039062500000,0.000000138875
1.593750000000,2.062500000000,0.000000143713
1.593750000000,2.085937500000,0.000000148171
1.593750000000,2.109375000000,0.000000152231
1.593750000000,2.132812500000,0.000000155878
1.593750000000,2.156250000000,0.000000159099
1.593750000000,2.179687500000,0.000000161882
1.593750000000,2.203125000000,0.000000164217
1.593750000000,2.226562500000,0.000000166090
1.593750000000,2.250000000000,0.000000167498
1.593750000000,2.273437500000,0.000000168430
1.593750000000,2.296875000000,0.000000168881
1.593750000000,2.320312500000,0.000000168852
1.593750000000,2.343750000000,0.000000168336
1.593750000000,2.367187500000,0.000000167336
1.593750000000,2.390625000000,0.000000165848
1.593750000000,2.414062500000,0.000000163880
1.593750000000,2.437500000000,0.000000161434
1.593750000000,2.460937500000,0.000000158516
1.593750000000,2.484375000000,0.000000155133
1.593750000000,2.507812500000,0.000000151295
1.593750000000,2.531250000000,0.000000147012
1.593750000000,2.554687500000,0.000000142297
1.593750000000,2.578125000000,0.000000137162
1.593750000000,2.601562500000,0.000000131624
1.593750000000,2.625000000000,0.000000125696
1.593750000000,2.648437500000,0.000000119400
1.593750000000,2.671875000000,0.000000112752
1.593750000000,2.695312500000,0.000000105772
1.593750000000,2.718750000000,0.000000098483
1.593750000000,2.742187500000,0.000000090907
1.593750000000,2.765625000000,0.000000083067
1.593750000000,2.789062500000,0.000000074986
1.593750000000,2.812500000000,0.000000066690
1.593750000000,2.835937500000,0.000000058205
1.593750000000,2.859375000000,0.000000049557
1.593750000000,2.882812500000,0.000000040773
1.593750000000,2.906250000000,0.000000031879
1.593750000000,2.929687500000,0.000000022905
1.593750000000,2.953125000000,0.000000013876
1.593750000000,2.976562500000,0.000000004823
1.593750000000,3.000000000000,0.000000000000
1.617187500000,0.000000000000,0.000000000000
1.617187500000,0.023437500000,-0.000000009367
1.617187500000,0.046875000000,-0.000000015738
1.617187500000,0.070312500000,-0.000000022081
1.617187500000,0.093750000000,-0.000000028391
1.617187500000,0.117187500000,-0.000000034657
1.617187500000,0.140625000000,-0.000000040872
1.617187500000,0.164062500000,-0.000000047029
1.617187500000,0.187500000000,-0.000000053119
1.617187500000,0.210937500000,-0.000000059132
1.617187500000,0.234375000000,-0.000000065060
1.617187500000,0.257812500000,-0.000000070896
1.617187500000,0.281250000000,-0.000000076631
1.617187500000,0.304687500000,-0.000000082253
1.617187500000,0.328125000000,-0.000000087753
1.617187500000,0.351562500000,-0.000000093123
1.617187500000,0.375000000000,-0.000000098353
1.617187500000,0.398437500000,-0.000000103434
1.617187500000,0.421875000000,-0.000000108352
1.617187500000,0.445312500000,-0.000000113102
1.617187500000,0.468750000000,-0.000000117670
1.617187500000,0.492187500000,-0.000000122047
1.617187500000,0.515625000000,-0.000000126222
1.617187500000,0.539062500000,-0.000000130186
1.617187500000,0.562500000000,-0.000000133925
1.617187500000,0.585937500000,-0.000000137433
1.617187500000,0.609375000000,-0.000000140695
1.617187500000,0.632812500000,-0.000000143704
1.617187500000,0.656250000000,-0.000000146447
1.617187500000,0.679687500000,-0.000000148918
1.617187500000,0.703125000000,-0.000000151103
1.617187500000,0.726562500000,-0.000000152994
1.617187500000,0.750000000000,-0.000000154583
1.617187500000,0.773437500000,-0.000000155857
1.617187500000,0.796875000000,-0.000000156814
1.617187500000,0.820312500000,-0.000000157440
1.617187500000,0.843750000000,-0.000000157733
1.617187500000,0.867187500000,-0.000000157682
1.617187500000,0.890625000000,-0.000000157282
1.617187500000,0.914062500000,-0.000000156529
1.617187500000,0.937500000000,-0.000000155417
1.617187500000,0.960937500000,-0.000000153941
1.617187500000,0.984375000000,-0.000000152100
1.617187500000,1.007812500000,-0.000000149891
1.617187500000,1.031250000000,-0.000000147313
1.617187500000,1.054687500000,-0.000000144365
1.617187500000,1.078125000000,-0.000000141048
1.617187500000,1.101562500000,-0.000000137363
1.617187500000,1.125000000000,-0.000000133314
1.617187500000,1.148437500000,-0.000000128905
1.617187500000,1.171875000000,-0.000000124140
1.617187500000,1.195312500000,-0.000000119025
1.617187500000,1.218750000000,-0.000000113568
1.617187500000,1.242187500000,-0.000000107779
1.617187500000,1.265625000000,-0.000000101664
1.617187500000,1.289062500000,-0.000000095237
1.617187500000,1.312500000000,-0.000000088508
1.617187500000,1.335937500000,-0.000000081491
1.617187500000,1.359375000000,-0.000000074200
1.617187500000,1.382812500000,-0.000000066650
1.617187500000,1.406250000000,-0.000000058858
1.617187500000,1.429687500000,-0.000000050843
1.617187500000,1.453125000000,-0.000000042620
1.617187500000,1.476562500000,-0.000000034212
1.617187500000,1.500000000000,-0.000000025637
1.617187500000,1.523437500000,-0.000000016918
1.617187500000,1.546875000000,-0.000000008074
1.617187500000,1.570312500000,0.000000000868
1.617187500000,1.593750000000,0.000000009887
1.617187500000,1.617187500000,0.000000018956
1.617187500000,1.640625000000,0.000000028053
1.617187500000,1.664062500000,0.000000037153
1.617187500000,1.687500000000,0.000000046229
1.617187500000,1.710937500000,0.000000055255
1.617187500000,1.734375000000,0.000000064204
1.617187500000,1.757812500000,0.000000073051
1.617187500000,1.781250000000,0.000000081771
1.617187500000,1.804687500000,0.000000090334
1.617187500000,1.828125000000,0.000000098717
1.617187500000,1.851562500000,0.000000106892
1.617187500000,1.875000000000,0.000000114835
1.617187500000,1.898437500000,0.000000122519
1.617187500000,1.921875000000,0.000000129922
1.617187500000,1.945312500000,0.000000137017
1.617187500000,1.968750000000,0.000000143783
1.617187500000,1.992187500000,0.000000150196
1.617187500000,2.015625000000,0.000000156236
1.617187500000,2.039062500000,0.000000161880
1.617187500000,2.062500000000,0.000000167110
1.617187500000,2.085937500000,0.000000171908
1.617187500000,2.109375000000,0.000000176256
1.617187500000,2.132812500000,0.000000180138
1.617187500000,2.156250000000,0.000000183539
1.617187500000,2.179687500000,0.000000186447
1.617187500000,2.203125000000,0.000000188850
1.617187500000,2.226562500000,0.000000190737
1.617187500000,2.250000000000,0.000000192101
1.617187500000,2.273437500000,0.000000192934
1.617187500000,2.296875000000,0.000000193231
1.617187500000,2.320312500000,0.000000192990
1.617187500000,2.343750000000,0.000000192207
1.617187500000,2.367187500000,0.000000190882
1.617187500000,2.390625000000,0.000000189019
1.617187500000,2.414062500000,0.000000186620
1.617187500000,2.437500000000,0.000000183691
1.617187500000,2.460937500000,0.000000180237
1.617187500000,2.484375000000,0.000000176267
1.617187500000,2.507812500000,0.000000171797
1.617187500000,2.531250000000,0.000000166829
1.617187500000,2.554687500000,0.000000161385
1.617187500000,2.578125000000,0.000000155476
1.617187500000,2.601562500000,0.000000149122
1.617187500000,2.625000000000,0.000000142340
1.617187500000,2.648437500000,0.000000135149
1.617187500000,2.671875000000,0.000000127571
1.617187500000,2.695312500000,0.000000119626
1.617187500000,2.718750000000,0.000000111342
1.617187500000,2.742187500000,0.000000102742
1.617187500000,2.765625000000,0.000000093849
1.617187500000,2.789062500000,0.000000084694
1.617187500000,2.812500000000,0.000000075302
1.617187500000,2.835937500000,0.000000065702
1.617187500000,2.859375000000,0.000000055924
1.617187500000,2.882812500000,0.000000045997
1.617187500000,2.906250000000,0.000000035951
1.617187500000,2.929687500000,0.000000025815
1.617187500000,2.953125000000,0.000000015623
1.617187500000,2.976562500000,0.000000005403
1.617187500000,3.000000000000,0.000000000000
1.640625000000,0.000000000000,0.000000000000
1.640625000000,0.023437500000,-0.000000010687
1.640625000000,0.046875000000,-0.000000017930
1.640625000000,0.070312500000,-0.000000025140
1.640625000000,0.093750000000,-0.000000032306
1.640625000000,0.117187500000,-0.000000039417
1.640625000000,0.140625000000,-0.000000046465
1.640625000000,0.164062500000,-0.000000053439
1.640625000000,0.187500000000,-0.000000060329
1.640625000000,0.210937500000,-0.000000067126
1.640625000000,0.234375000000,-0.000000073816
1.640625000000,0.257812500000,-0.000000080392
1.640625000000,0.281250000000,-0.000000086841
1.640625000000,0.304687500000,-0.000000093153
1.640625000000,0.328125000000,-0.000000099317
1.640625000000,0.351562500000,-0.000000105323
1.640625000000,0.375000000000,-0.000000111157
1.640625000000,0.398437500000,-0.000000116809
1.640625000000,0.421875000000,-0.000000122268
1.640625000000,0.445312500000,-0.000000127524
1.640625000000,0.468750000000,-0.000000132560
1.640625000000,0.492187500000,-0.000000137369
1.640625000000,0.515625000000,-0.000000141939
1.640625000000,0.539062500000,-0.000000146256
1.640625000000,0.562500000000,-0.000000150311
1.640625000000,0.585937500000,-0.000000154090
1.640625000000,0.609375000000,-0.000000157584
1.640625000000,0.632812500000,-0.000000160781
1.640625000000,0.656250000000,-0.000000163671
1.640625000000,0.679687500000,-0.000000166241
1.640625000000,0.703125000000,-0.000000168484
1.640625000000,0.726562500000,-0.000000170386
1.640625000000,0.750000000000,-0.000000171941
1.640625000000,0.773437500000,-0.000000173138
1.640625000000,0.796875000000,-0.000000173971
1.640625000000,0.820312500000,-0.000000174427
1.640625000000,0.843750000000,-0.000000174504
1.640625000000,0.867187500000,-0.000000174193
1.640625000000,0.890625000000,-0.000000173489
1.640625000000,0.914062500000,-0.000000172386
1.640625000000,0.937500000000,-0.000000170881
1.640625000000,0.960937500000,-0.000000168969
1.640625000000,0.984375000000,-0.000000166649
1.640625000000,1.007812500000,-0.000000163920
1.640625000000,1.031250000000,-0.000000160780
1.640625000000,1.054687500000,-0.000000157231
1.640625000000,1.078125000000,-0.000000153275
1.640625000000,1.101562500000,-0.000000148915
1.640625000000,1.125000000000,-0.000000144153
1.640625000000,1.148437500000,-0.000000138997
1.640625000000,1.171875000000,-0.000000133453
1.640625000000,1.195312500000,-0.000000127527
1.640625000000,1.218750000000,-0.000000121231
1.640625000000,1.242187500000,-0.000000114572
1.640625000000,1.265625000000,-0.000000107564
1.640625000000,1.289062500000,-0.000000100219
1.640625000000,1.312500000000,-0.000000092551
1.640625000000,1.335937500000,-0.000000084576
1.640625000000,1.359375000000,-0.000000076308
1.640625000000,1.382812500000,-0.000000067767
1.640625000000,1.406250000000,-0.000000058971
1.640625000000,1.429687500000,-0.000000049940
1.640625000000,1.453125000000,-0.000000040696
1.640625000000,1.476562500000,-0.000000031259
1.640625000000,1.500000000000,-0.000000021653
1.640625000000,1.523437500000,-0.000000011900
1.640625000000,1.546875000000,-0.000000002029
1.640625000000,1.570312500000,0.000000007939
1.640625000000,1.593750000000,0.000000017976
1.640625000000,1.617187500000,0.000000028054
1.640625000000,1.640625000000,0.000000038147
1.640625000000,1.664062500000,0.000000048228
1.640625000000,1.687500000000,0.000000058268
1.640625000000,1.710937500000,0.000000068239
1.640625000000,1.734375000000,0.000000078109
1.640625000000,1.757812500000,0.000000087854
1.640625000000,1.781250000000,0.000000097443
1.640625000000,1.804687500000,0.000000106847
1.640625000000,1.828125000000,0.000000116039
1.640625000000,1.851562500000,0.000000124989
1.640625000000,1.875000000000,0.000000133671
1.640625000000,1.898437500000,0.000000142056
1.640625000000,1.921875000000,0.000000150119
1.640625000000,1.945312500000,0.000000157833
1.640625000000,1.968750000000,0.000000165174
1.640625000000,1.992187500000,0.000000172117
1.640625000000,2.015625000000,0.000000178639
1.640625000000,2.039062500000,0.000000184717
1.640625000000,2.062500000000,0.000000190332
1.640625000000,2.085937500000,0.000000195463
1.640625000000,2.109375000000,0.000000200093
1.640625000000,2.132812500000,0.000000204202
1.640625000000,2.156250000000,0.000000207779
1.640625000000,2.179687500000,0.000000210807
1.640625000000,2.203125000000,0.000000213274
1.640625000000,2.226562500000,0.000000215173
1.640625000000,2.250000000000,0.000000216491
1.640625000000,2.273437500000,0.000000217223
1.640625000000,2.296875000000,0.000000217363
1.640625000000,2.320312500000,0.000000216909
1.640625000000,2.343750000000,0.000000215860
1.640625000000,2.367187500000,0.000000214214
1.640625000000,2.390625000000,0.000000211975
1.640625000000,2.414062500000,0.000000209147
1.640625000000,2.437500000000,0.000000205737
1.640625000000,2.460937500000,0.000000201751
1.640625000000,2.484375000000,0.000000197199
1.640625000000,2.507812500000,0.000000192096
1.640625000000,2.531250000000,0.000000186453
1.640625000000,2.554687500000,0.000000180286
1.640625000000,2.578125000000,0.000000173613
1.640625000000,2.601562500000,0.000000166449
1.640625000000,2.625000000000,0.000000158818
1.640625000000,2.648437500000,0.000000150741
1.640625000000,2.671875000000,0.000000142241
1.640625000000,2.695312500000,0.000000133342
1.640625000000,2.718750000000,0.000000124071
1.640625000000,2.742187500000,0.000000114455
1.640625000000,2.765625000000,0.000000104523
1.640625000000,2.789062500000,0.000000094301
1.640625000000,2.812500000000,0.000000083826
1.640625000000,2.835937500000,0.000000073122
1.640625000000,2.859375000000,0.000000062225
1.640625000000,2.882812500000,0.000000051166
1.640625000000,2.906250000000,0.000000039979
1.640625000000,2.929687500000,0.000000028695
1.640625000000,2.953125000000,0.000000017350
1.640625000000,2.976562500000,0.000000005976
1.640625000000,3.000000000000,0.000000000000
1.664062500000,0.000000000000,0.000000000000
1.664062500000,0.023437500000,-0.000000011989
1.664062500000,0.046875000000,-0.000000020093
1.664062500000,0.070312500000,-0.000000028155
1.664062500000,0.093750000000,-0.000000036164
1.664062500000,0.117187500000,-0.000000044109
1.664062500000,0.140625000000,-0.000000051978
1.664062500000,0.164062500000,-0.000000059757
1.664062500000,0.187500000000,-0.000000067437
1.664062500000,0.210937500000,-0.000000075003
1.664062500000,0.234375000000,-0.000000082444
1.664062500000,0.257812500000,-0.000000089749
1.664062500000,0.281250000000,-0.000000096903
1.664062500000,0.304687500000,-0.000000103895
1.664062500000,0.328125000000,-0.000000110712
1.664062500000,0.351562500000,-0.000000117342
1.664062500000,0.375000000000,-0.000000123769
1.664062500000,0.398437500000,-0.000000129985
1.664062500000,0.421875000000,-0.000000135974
1.664062500000,0.445312500000,-0.000000141724
1.664062500000,0.468750000000,-0.000000147221
1.664062500000,0.492187500000,-0.000000152455
1.664062500000,0.515625000000,-0.000000157411
1.664062500000,0.539062500000,-0.000000162074
1.664062500000,0.562500000000,-0.000000166437
1.664062500000,0.585937500000,-0.000000170482
1.664062500000,0.609375000000,-0.000000174205
1.664062500000,0.632812500000,-0.000000177583
1.664062500000,0.656250000000,-0.000000180613
1.664062500000,0.679687500000,-0.000000183281
1.664062500000,0.703125000000,-0.000000185574
1.664062500000,0.726562500000,-0.000000187485
1.664062500000,0.750000000000,-0.000000189004
1.664062500000,0.773437500000,-0.000000190120
1.664062500000,0.796875000000,-0.000000190828
1.664062500000,0.820312500000,-0.000000191114
1.664062500000,0.843750000000,-0.000000190974
1.664062500000,0.867187500000,-0.000000190404
1.664062500000,0.890625000000,-0.000000189396
1.664062500000,0.914062500000,-0.000000187946
1.664062500000,0.937500000000,-0.000000186049
1.664062500000,0.960937500000,-0.000000183704
1.664062500000,0.984375000000,-0.000000180909
1.664062500000,1.007812500000,-0.000000177663
1.664062500000,1.031250000000,-0.000000173967
1.664062500000,1.054687500000,-0.000000169822
1.664062500000,1.078125000000,-0.000000165233
1.664062500000,1.101562500000,-0.000000160202
1.664062500000,1.125000000000,-0.000000154735
1.664062500000,1.148437500000,-0.000000148840
1.664062500000,1.171875000000,-0.000000142525
1.664062500000,1.195312500000,-0.000000135797
1.664062500000,1.218750000000,-0.000000128668
1.664062500000,1.242187500000,-0.000000121154
1.664062500000,1.265625000000,-0.000000113262
1.664062500000,1.289062500000,-0.000000105011
1.664062500000,1.312500000000,-0.000000096414
1.664062500000,1.335937500000,-0.000000087492
1.664062500000,1.359375000000,-0.000000078261
1.664062500000,1.382812500000,-0.000000068742
1.664062500000,1.406250000000,-0.000000058953
1.664062500000,1.429687500000,-0.000000048923
1.664062500000,1.453125000000,-0.000000038669
1.664062500000,1.476562500000,-0.000000028217
1.664062500000,1.500000000000,-0.000000017593
1.664062500000,1.523437500000,-0.000000006825
1.664062500000,1.546875000000,0.000000004063
1.664062500000,1.570312500000,0.000000015042
1.664062500000,1.593750000000,0.000000026080
1.664062500000,1.617187500000,0.000000037154
1.664062500000,1.640625000000,0.000000048228
1.664062500000,1.664062500000,0.000000059275
1.664062500000,1.687500000000,0.000000070265
1.664062500000,1.710937500000,0.000000081164
1.664062500000,1.734375000000,0.000000091944
1.664062500000,1.757812500000,0.000000102570
1.664062500000,1.781250000000,0.000000113015
1.664062500000,1.804687500000,0.000000123247
1.664062500000,1.828125000000,0.000000133234
1.664062500000,1.851562500000,0.000000142946
1.664062500000,1.875000000000,0.000000152354
1.664062500000,1.898437500000,0.000000161428
1.664062500000,1.921875000000,0.000000170139
1.664062500000,1.945312500000,0.000000178461
1.664062500000,1.968750000000,0.000000186366
1.664062500000,1.992187500000,0.000000193828
1.664062500000,2.015625000000,0.000000200823
1.664062500000,2.039062500000,0.000000207326
1.664062500000,2.062500000000,0.000000213317
1.664062500000,2.085937500000,0.000000218773
1.664062500000,2.109375000000,0.000000223677
1.664062500000,2.132812500000,0.000000228010
1.664062500000,2.156250000000,0.000000231755
1.664062500000,2.179687500000,0.000000234898
1.664062500000,2.203125000000,0.000000237427
1.664062500000,2.226562500000,0.000000239332
1.664062500000,2.250000000000,0.000000240603
1.664062500000,2.273437500000,0.000000241231
1.664062500000,2.296875000000,0.000000241214
1.664062500000,2.320312500000,0.000000240549
1.664062500000,2.343750000000,0.000000239232
1.664062500000,2.367187500000,0.000000237267
1.664062500000,2.390625000000,0.000000234654
1.664062500000,2.414062500000,0.000000231401
1.664062500000,2.437500000000,0.000000227513
1.664062500000,2.460937500000,0.000000223002
1.664062500000,2.484375000000,0.000000217873
1.664062500000,2.507812500000,0.000000212147
1.664062500000,2.531250000000,0.000000205834
1.664062500000,2.554687500000,0.000000198952
1.664062500000,2.578125000000,0.000000191518
1.664062500000,2.601562500000,0.000000183556
1.664062500000,2.625000000000,0.000000175086
1.664062500000,2.648437500000,0.000000166135
1.664062500000,2.671875000000,0.000000156722
1.664062500000,2.695312500000,0.000000146880
1.664062500000,2.718750000000,0.000000136635
1.664062500000,2.742187500000,0.000000126018
1.664062500000,2.765625000000,0.000000115057
1.664062500000,2.789062500000,0.000000103786
1.664062500000,2.812500000000,0.000000092238
1.664062500000,2.835937500000,0.000000080444
1.664062500000,2.859375000000,0.000000068444
1.664062500000,2.882812500000,0.000000056267
1.664062500000,2.906250000000,0.000000043953
1.664062500000,2.929687500000,0.000000031537
1.664062500000,2.953125000000,0.000000019054
1.664062500000,2.976562500000,0.000000006541
1.664062500000,3.000000000000,0.000000000000
1.687500000000,0.000000000000,0.000000000000
1.687500000000,0.023437500000,-0.000000013270
1.687500000000,0.046875000000,-0.000000022218
1.687500000000,0.070312500000,-0.000000031119
1.687500000000,0.093750000000,-0.000000039958
1.687500000000,0.117187500000,-0.000000048721
1.687500000000,0.140625000000,-0.000000057395
1.687500000000,0.164062500000,-0.000000065967
1.687500000000,0.187500000000,-0.000000074421
1.687500000000,0.210937500000,-0.000000082744
1.687500000000,0.234375000000,-0.000000090923
1.687500000000,0.257812500000,-0.000000098943
1.687500000000,0.281250000000,-0.000000106788
1.687500000000,0.304687500000,-0.000000114447
1.687500000000,0.328125000000,-0.000000121905
1.687500000000,0.351562500000,-0.000000129147
1.687500000000,0.375000000000,-0.000000136159
1.687500000000,0.398437500000,-0.000000142925
1.687500000000,0.421875000000,-0.000000149435
1.687500000000,0.445312500000,-0.000000155670
1.687500000000,0.468750000000,-0.000000161618
1.687500000000,0.492187500000,-0.000000167266
1.687500000000,0.515625000000,-0.000000172597
1.687500000000,0.539062500000,-0.000000177603
1.687500000000,0.562500000000,-0.000000182265
1.687500000000,0.585937500000,-0.000000186571
1.687500000000,0.609375000000,-0.000000190508
1.687500000000,0.632812500000,-0.000000194065
1.687500000000,0.656250000000,-0.000000197230
1.687500000000,0.679687500000,-0.000000199990
1.687500000000,0.703125000000,-0.000000202333
1.687500000000,0.726562500000,-0.000000204250
1.687500000000,0.750000000000,-0.000000205728
1.687500000000,0.773437500000,-0.000000206763
1.687500000000,0.796875000000,-0.000000207342
1.687500000000,0.820312500000,-0.000000207457
1.687500000000,0.843750000000,-0.000000207104
1.687500000000,0.867187500000,-0.000000206275
1.687500000000,0.890625000000,-0.000000204964
1.687500000000,0.914062500000,-0.000000203168
1.687500000000,0.937500000000,-0.000000200884
1.687500000000,0.960937500000,-0.000000198109
1.687500000000,0.984375000000,-0.000000194843
1.687500000000,1.007812500000,-0.000000191086
1.687500000000,1.031250000000,-0.000000186840
1.687500000000,1.054687500000,-0.000000182107
1.687500000000,1.078125000000,-0.000000176891
1.687500000000,1.101562500000,-0.000000171199
1.687500000000,1.125000000000,-0.000000165036
1.687500000000,1.148437500000,-0.000000158412
1.687500000000,1.171875000000,-0.000000151335
1.687500000000,1.195312500000,-0.000000143817
1.687500000000,1.218750000000,-0.000000135869
1.687500000000,1.242187500000,-0.000000127506
1.687500000000,1.265625000000,-0.000000118746
1.687500000000,1.289062500000,-0.000000109601
1.687500000000,1.312500000000,-0.000000100091
1.687500000000,1.335937500000,-0.000000090234
1.687500000000,1.359375000000,-0.000000080055
1.687500000000,1.382812500000,-0.000000069572
1.687500000000,1.406250000000,-0.000000058809
1.687500000000,1.429687500000,-0.000000047792
1.687500000000,1.453125000000,-0.000000036547
1.687500000000,1.476562500000,-0.000000025096
1.687500000000,1.500000000000,-0.000000013473
1.687500000000,1.523437500000,-0.000000001703
1.687500000000,1.546875000000,0.000000010182
1.687500000000,1.570312500000,0.000000022154
1.687500000000,1.593750000000,0.000000034180
1.687500000000,1.617187500000,0.000000046229
1.687500000000,1.640625000000,0.000000058268
1.687500000000,1.664062500000,0.000000070265
1.687500000000,1.687500000000,0.000000082186
1.687500000000,1.710937500000,0.000000093998
1.687500000000,1.734375000000,0.000000105668
1.687500000000,1.757812500000,0.000000117162
1.687500000000,1.781250000000,0.000000128446
1.687500000000,1.804687500000,0.000000139488
1.687500000000,1.828125000000,0.000000150256
1.687500000000,1.851562500000,0.000000160714
1.687500000000,1.875000000000,0.000000170834
1.687500000000,1.898437500000,0.000000180582
1.687500000000,1.921875000000,0.000000189929
1.687500000000,1.945312500000,0.000000198845
1.687500000000,1.968750000000,0.000000207302
1.687500000000,1.992187500000,0.000000215271
1.687500000000,2.015625000000,0.000000222728
1.687500000000,2.039062500000,0.000000229647
1.687500000000,2.062500000000,0.000000236004
1.687500000000,2.085937500000,0.000000241778
1.687500000000,2.109375000000,0.000000246948
1.687500000000,2.132812500000,0.000000251495
1.687500000000,2.156250000000,0.000000255404
1.687500000000,2.179687500000,0.000000258658
1.687500000000,2.203125000000,0.000000261244
1.687500000000,2.226562500000,0.000000263153
1.687500000000,2.250000000000,0.000000264373
1.687500000000,2.273437500000,0.000000264897
1.687500000000,2.296875000000,0.000000264723
1.687500000000,2.320312500000,0.000000263844
1.687500000000,2.343750000000,0.000000262264
1.687500000000,2.367187500000,0.000000259981
1.687500000000,2.390625000000,0.000000256998
1.687500000000,2.414062500000,0.000000253324
1.687500000000,2.437500000000,0.000000248966
1.687500000000,2.460937500000,0.000000243931
1.687500000000,2.484375000000,0.000000238236
1.687500000000,2.507812500000,0.000000231892
1.687500000000,2.531250000000,0.000000224917
1.687500000000,2.554687500000,0.000000217330
1.687500000000,2.578125000000,0.000000209149
1.687500000000,2.601562500000,0.000000200400
1.687500000000,2.625000000000,0.000000191104
1.687500000000,2.648437500000,0.000000181288
1.687500000000,2.671875000000,0.000000170980
1.687500000000,2.695312500000,0.000000160208
1.687500000000,2.718750000000,0.000000149004
1.687500000000,2.742187500000,0.000000137398
1.687500000000,2.765625000000,0.000000125425
1.687500000000,2.789062500000,0.000000113120
1.687500000000,2.812500000000,0.000000100516
1.687500000000,2.835937500000,0.000000087652
1.687500000000,2.859375000000,0.000000074563
1.687500000000,2.882812500000,0.000000061287
1.687500000000,2.906250000000,0.000000047865
1.687500000000,2.929687500000,0.000000034332
1.687500000000,2.953125000000,0.000000020730
1.687500000000,2.976562500000,0.000000007097
1.687500000000,3.000000000000,0.000000000000
1.710937500000,0.000000000000,0.000000000000
1.710937500000,0.023437500000,-0.000000014525
1.710937500000,0.046875000000,-0.000000024302
1.710937500000,0.070312500000,-0.000000034025
1.710937500000,0.093750000000,-0.000000043676
1.710937500000,0.117187500000,-0.000000053242
1.710937500000,0.140625000000,-0.000000062706
1.710937500000,0.164062500000,-0.000000072052
1.710937500000,0.187500000000,-0.000000081266
1.710937500000,0.210937500000,-0.000000090330
1.710937500000,0.234375000000,-0.000000099230
1.710937500000,0.257812500000,-0.000000107950
1.710937500000,0.281250000000,-0.000000116473
1.710937500000,0.304687500000,-0.000000124785
1.710937500000,0.328125000000,-0.000000132870
1.710937500000,0.351562500000,-0.000000140710
1.710937500000,0.375000000000,-0.000000148291
1.710937500000,0.398437500000,-0.000000155599
1.710937500000,0.421875000000,-0.000000162613
1.710937500000,0.445312500000,-0.000000169324
1.710937500000,0.468750000000,-0.000000175712
1.710937500000,0.492187500000,-0.000000181765
1.710937500000,0.515625000000,-0.000000187465
1.710937500000,0.539062500000,-0.000000192799
1.710937500000,0.562500000000,-0.000000197751
1.710937500000,0.585937500000,-0.000000202310
1.710937500000,0.609375000000,-0.000000206461
1.710937500000,0.632812500000,-0.000000210188
1.710937500000,0.656250000000,-0.000000213481
1.710937500000,0.679687500000,-0.000000216329
1.710937500000,0.703125000000,-0.000000218717
1.710937500000,0.726562500000,-0.000000220636
1.710937500000,0.750000000000,-0.000000222073
1.710937500000,0.773437500000,-0.000000223023
1.710937500000,0.796875000000,-0.000000223474
1.710937500000,0.820312500000,-0.000000223419
1.710937500000,0.843750000000,-0.000000222851
1.710937500000,0.867187500000,-0.000000221764
1.710937500000,0.890625000000,-0.000000220154
1.710937500000,0.914062500000,-0.000000218016
1.710937500000,0.937500000000,-0.000000215348
1.710937500000,0.960937500000,-0.000000212149
1.710937500000,0.984375000000,-0.000000208418
1.710937500000,1.007812500000,-0.000000204157
1.710937500000,1.031250000000,-0.000000199368
1.710937500000,1.054687500000,-0.000000194055
1.710937500000,1.078125000000,-0.000000188222
1.710937500000,1.101562500000,-0.000000181878
1.710937500000,1.125000000000,-0.000000175030
1.710937500000,1.148437500000,-0.000000167688
1.710937500000,1.171875000000,-0.000000159862
1.710937500000,1.195312500000,-0.000000151566
1.710937500000,1.218750000000,-0.000000142813
1.710937500000,1.242187500000,-0.000000133619
1.710937500000,1.265625000000,-0.000000124002
1.710937500000,1.289062500000,-0.000000113979
1.710937500000,1.312500000000,-0.000000103572
1.710937500000,1.335937500000,-0.000000092801
1.710937500000,1.359375000000,-0.000000081688
1.710937500000,1.382812500000,-0.000000070259
1.710937500000,1.406250000000,-0.000000058540
1.710937500000,1.429687500000,-0.000000046556
1.710937500000,1.453125000000,-0.000000034335
1.710937500000,1.476562500000,-0.000000021906
1.710937500000,1.500000000000,-0.000000009303
1.710937500000,1.523437500000,0.000000003449
1.710937500000,1.546875000000,0.000000016311
1.710937500000,1.570312500000,0.000000029257
1.710937500000,1.593750000000,0.000000042249
1.710937500000,1.617187500000,0.000000055254
1.710937500000,1.640625000000,0.000000068237
1.710937500000,1.664062500000,0.000000081164
1.710937500000,1.687500000000,0.000000093998
1.710937500000,1.710937500000,0.000000106704
1.710937500000,1.734375000000,0.000000119245
1.710937500000,1.757812500000,0.000000131588
1.710937500000,1.781250000000,0.000000143693
1.710937500000,1.804687500000,0.000000155528
1.710937500000,1.828125000000,0.000000167057
1.710937500000,1.851562500000,0.000000178247
1.710937500000,1.875000000000,0.000000189060
1.710937500000,1.898437500000,0.000000199467
1.710937500000,1.921875000000,0.000000209434
1.710937500000,1.945312500000,0.000000218930
1.710937500000,1.968750000000,0.000000227925
1.710937500000,1.992187500000,0.000000236389
1.710937500000,2.015625000000,0.000000244296
1.710937500000,2.039062500000,0.000000251618
1.710937500000,2.062500000000,0.000000258332
1.710937500000,2.085937500000,0.000000264414
1.710937500000,2.109375000000,0.000000269842
1.710937500000,2.132812500000,0.000000274597
1.710937500000,2.156250000000,0.000000278663
1.710937500000,2.179687500000,0.000000282022
1.710937500000,2.203125000000,0.000000284662
1.710937500000,2.226562500000,0.000000286569
1.710937500000,2.250000000000,0.000000287737
1.710937500000,2.273437500000,0.000000288157
1.710937500000,2.296875000000,0.000000287824
1.710937500000,2.320312500000,0.000000286736
1.710937500000,2.343750000000,0.000000284893
1.710937500000,2.367187500000,0.000000282294
1.710937500000,2.390625000000,0.000000278947
1.710937500000,2.414062500000,0.000000274858
1.710937500000,2.437500000000,0.000000270033
1.710937500000,2.460937500000,0.000000264486
1.710937500000,2.484375000000,0.000000258230
1.710937500000,2.507812500000,0.000000251281
1.710937500000,2.531250000000,0.000000243655
1.710937500000,2.554687500000,0.000000235374
1.710937500000,2.578125000000,0.000000226460
1.710937500000,2.601562500000,0.000000216935
1.710937500000,2.625000000000,0.000000206827
1.710937500000,2.648437500000,0.000000196163
1.710937500000,2.671875000000,0.000000184972
1.710937500000,2.695312500000,0.000000173289
1.710937500000,2.718750000000,0.000000161142
1.710937500000,2.742187500000,0.000000148568
1.710937500000,2.765625000000,0.000000135601
1.710937500000,2.789062500000,0.000000122279
1.710937500000,2.812500000000,0.000000108640
1.710937500000,2.835937500000,0.000000094723
1.710937500000,2.859375000000,0.000000080567
1.710937500000,2.882812500000,0.000000066213
1.710937500000,2.906250000000,0.000000051702
1.710937500000,2.929687500000,0.000000037075
1.710937500000,2.953125000000,0.000000022374
1.710937500000,2.976562500000,0.000000007641
1.710937500000,3.000000000000,0.000000000000
1.734375000000,0.000000000000,0.000000000000
1.734375000000,0.023437500000,-0.000000015753
1.734375000000,0.046875000000,-0.000000026339
1.734375000000,0.070312500000,-0.000000036864
1.734375000000,0.093750000000,-0.000000047310
1.734375000000,0.117187500000,-0.000000057658
1.734375000000,0.140625000000,-0.000000067893
1.734375000000,0.164062500000,-0.000000077997
1.734375000000,0.187500000000,-0.000000087952
1.734375000000,0.210937500000,-0.000000097740
1.734375000000,0.234375000000,-0.000000107345
1.734375000000,0.257812500000,-0.000000116750
1.734375000000,0.281250000000,-0.000000125933
1.734375000000,0.304687500000,-0.000000134881
1.734375000000,0.328125000000,-0.000000143577
1.734375000000,0.351562500000,-0.000000152002
1.734375000000,0.375000000000,-0.000000160139
1.734375000000,0.398437500000,-0.000000167970
1.734375000000,0.421875000000,-0.000000175481
1.734375000000,0.445312500000,-0.000000182652
1.734375000000,0.468750000000,-0.000000189469
1.734375000000,0.492187500000,-0.000000195914
1.734375000000,0.515625000000,-0.000000201971
1.734375000000,0.539062500000,-0.000000207627
1.734375000000,0.562500000000,-0.000000212861
1.734375000000,0.585937500000,-0.000000217664
1.734375000000,0.609375000000,-0.000000222018
1.734375000000,0.632812500000,-0.000000225910
1.734375000000,0.656250000000,-0.000000229327
1.734375000000,0.679687500000,-0.000000232256
1.734375000000,0.703125000000,-0.000000234684
1.734375000000,0.726562500000,-0.000000236602
1.734375000000,0.750000000000,-0.000000237997
1.734375000000,0.773437500000,-0.000000238860
1.734375000000,0.796875000000,-0.000000239183
1.734375000000,0.820312500000,-0.000000238957
1.734375000000,0.843750000000,-0.000000238176
1.734375000000,0.867187500000,-0.000000236834
1.734375000000,0.890625000000,-0.000000234928
1.734375000000,0.914062500000,-0.000000232452
1.734375000000,0.937500000000,-0.000000229406
1.734375000000,0.960937500000,-0.000000225789
1.734375000000,0.984375000000,-0.000000221600
1.734375000000,1.007812500000,-0.000000216843
1.734375000000,1.031250000000,-0.000000211520
1.734375000000,1.054687500000,-0.000000205637
1.734375000000,1.078125000000,-0.000000199199
1.734375000000,1.101562500000,-0.000000192215
1.734375000000,1.125000000000,-0.000000184694
1.734375000000,1.148437500000,-0.000000176646
1.734375000000,1.171875000000,-0.000000168087
1.734375000000,1.195312500000,-0.000000159027
1.734375000000,1.218750000000,-0.000000149485
1.734375000000,1.242187500000,-0.000000139476
1.734375000000,1.265625000000,-0.000000129020
1.734375000000,1.289062500000,-0.000000118138
1.734375000000,1.312500000000,-0.000000106851
1.734375000000,1.335937500000,-0.000000095182
1.734375000000,1.359375000000,-0.000000083158
1.734375000000,1.382812500000,-0.000000070804
1.734375000000,1.406250000000,-0.000000058147
1.734375000000,1.429687500000,-0.000000045217
1.734375000000,1.453125000000,-0.000000032045
1.734375000000,1.476562500000,-0.000000018660
1.734375000000,1.500000000000,-0.000000005097
1.734375000000,1.523437500000,0.000000008612
1.734375000000,1.546875000000,0.000000022432
1.734375000000,1.570312500000,0.000000036328
1.734375000000,1.593750000000,0.000000050266
1.734375000000,1.617187500000,0.000000064204
1.734375000000,1.640625000000,0.000000078108
1.734375000000,1.664062500000,0.000000091944
1.734375000000,1.687500000000,0.000000105668
1.734375000000,1.710937500000,0.000000119246
1.734375000000,1.734375000000,0.000000132638
1.734375000000,1.757812500000,0.000000145805
1.734375000000,1.781250000000,0.000000158713
1.734375000000,1.804687500000,0.000000171321
1.734375000000,1.828125000000,0.000000183593
1.734375000000,1.851562500000,0.000000195492
1.734375000000,1.875000000000,0.000000206984
1.734375000000,1.898437500000,0.000000218031
1.734375000000,1.921875000000,0.000000228602
1.734375000000,1.945312500000,0.000000238662
1.734375000000,1.968750000000,0.000000248179
1.734375000000,1.992187500000,0.000000257124
1.734375000000,2.015625000000,0.000000265468
1.734375000000,2.039062500000,0.000000273181
1.734375000000,2.062500000000,0.000000280240
1.734375000000,2.085937500000,0.000000286619
1.734375000000,2.109375000000,0.000000292297
1.734375000000,2.132812500000,0.000000297253
1.734375000000,2.156250000000,0.000000301468
1.734375000000,2.179687500000,0.000000304927
1.734375000000,2.203125000000,0.000000307615
1.734375000000,2.226562500000,0.000000309520
1.734375000000,2.250000000000,0.000000310633
1.734375000000,2.273437500000,0.000000310947
1.734375000000,2.296875000000,0.000000310457
1.734375000000,2.320312500000,0.000000309160
1.734375000000,2.343750000000,0.000000307057
1.734375000000,2.367187500000,0.000000304149
1.734375000000,2.390625000000,0.000000300443
1.734375000000,2.414062500000,0.000000295942
1.734375000000,2.437500000000,0.000000290661
1.734375000000,2.460937500000,0.000000284611
1.734375000000,2.484375000000,0.000000277805
1.734375000000,2.507812500000,0.000000270261
1.734375000000,2.531250000000,0.000000261996
1.734375000000,2.554687500000,0.000000253035
1.734375000000,2.578125000000,0.000000243400
1.734375000000,2.601562500000,0.000000233117
1.734375000000,2.625000000000,0.000000222212
1.734375000000,2.648437500000,0.000000210719
1.734375000000,2.671875000000,0.000000198666
1.734375000000,2.695312500000,0.000000186088
1.734375000000,2.718750000000,0.000000173017
1.734375000000,2.742187500000,0.000000159495
1.734375000000,2.765625000000,0.000000145556
1.734375000000,2.789062500000,0.000000131240
1.734375000000,2.812500000000,0.000000116588
1.734375000000,2.835937500000,0.000000101640
1.734375000000,2.859375000000,0.000000086440
1.734375000000,2.882812500000,0.000000071031
1.734375000000,2.906250000000,0.000000055455
1.734375000000,2.929687500000,0.000000039757
1.734375000000,2.953125000000,0.000000023981
1.734375000000,2.976562500000,0.000000008173
1.734375000000,3.000000000000,0.000000000000
1.757812500000,0.000000000000,0.000000000000
1.757812500000,0.023437500000,-0.000000016949
1.757812500000,0.046875000000,-0.000000028323
1.757812500000,0.070312500000,-0.000000039630
1.757812500000,0.093750000000,-0.000000050848
1.757812500000,0.117187500000,-0.000000061961
1.757812500000,0.140625000000,-0.000000072947
1.757812500000,0.164062500000,-0.000000083787
1.757812500000,0.187500000000,-0.000000094464
1.757812500000,0.210937500000,-0.000000104956
1.757812500000,0.234375000000,-0.000000115246
1.757812500000,0.257812500000,-0.000000125315
1.757812500000,0.281250000000,-0.000000135143
1.757812500000,0.304687500000,-0.000000144711
1.757812500000,0.328125000000,-0.000000154000
1.757812500000,0.351562500000,-0.000000162992
1.757812500000,0.375000000000,-0.000000171669
1.757812500000,0.398437500000,-0.000000180011
1.757812500000,0.421875000000,-0.000000188001
1.757812500000,0.445312500000,-0.000000195621
1.757812500000,0.468750000000,-0.000000202852
1.757812500000,0.492187500000,-0.000000209678
1.757812500000,0.515625000000,-0.000000216081
1.757812500000,0.539062500000,-0.000000222044
1.757812500000,0.562500000000,-0.000000227554
1.757812500000,0.585937500000,-0.000000232591
1.757812500000,0.609375000000,-0.000000237140
1.757812500000,0.632812500000,-0.000000241190
1.757812500000,0.656250000000,-0.000000244724
1.757812500000,0.679687500000,-0.000000247730
1.757812500000,0.703125000000,-0.000000250196
1.757812500000,0.726562500000,-0.000000252107
1.757812500000,0.750000000000,-0.000000253457
1.757812500000,0.773437500000,-0.000000254233
1.757812500000,0.796875000000,-0.000000254428
1.757812500000,0.820312500000,-0.000000254032
1.757812500000,0.843750000000,-0.000000253041
1.757812500000,0.867187500000,-0.000000251447
1.757812500000,0.890625000000,-0.000000249249
1.757812500000,0.914062500000,-0.000000246441
1.757812500000,0.937500000000,-0.000000243023
1.757812500000,0.960937500000,-0.000000238994
1.757812500000,0.984375000000,-0.000000234356
1.757812500000,1.007812500000,-0.000000229112
1.757812500000,1.031250000000,-0.000000223266
1.757812500000,1.054687500000,-0.000000216824
1.757812500000,1.078125000000,-0.000000209793
1.757812500000,1.101562500000,-0.000000202182
1.757812500000,1.125000000000,-0.000000194003
1.757812500000,1.148437500000,-0.000000185267
1.757812500000,1.171875000000,-0.000000175989
1.757812500000,1.195312500000,-0.000000166184
1.757812500000,1.218750000000,-0.000000155869
1.757812500000,1.242187500000,-0.000000145064
1.757812500000,1.265625000000,-0.000000133790
1.757812500000,1.289062500000,-0.000000122067
1.757812500000,1.312500000000,-0.000000109922
1.757812500000,1.335937500000,-0.000000097379
1.757812500000,1.359375000000,-0.000000084464
1.757812500000,1.382812500000,-0.000000071207
1.757812500000,1.406250000000,-0.000000057638
1.757812500000,1.429687500000,-0.000000043785
1.757812500000,1.453125000000,-0.000000029683
1.757812500000,1.476562500000,-0.000000015367
1.757812500000,1.500000000000,-0.000000000869
1.757812500000,1.523437500000,0.000000013774
1.757812500000,1.546875000000,0.000000028526
1.757812500000,1.570312500000,0.000000043349
1.757812500000,1.593750000000,0.000000058203
1.757812500000,1.617187500000,0.000000073051
1.757812500000,1.640625000000,0.000000087854
1.757812500000,1.664062500000,0.000000102571
1.757812500000,1.687500000000,0.000000117163
1.757812500000,1.710937500000,0.000000131587
1.757812500000,1.734375000000,0.000000145806
1.757812500000,1.757812500000,0.000000159778
1.757812500000,1.781250000000,0.000000173463
1.757812500000,1.804687500000,0.000000186822
1.757812500000,1.828125000000,0.000000199815
1.757812500000,1.851562500000,0.000000212405
1.757812500000,1.875000000000,0.000000224553
1.757812500000,1.898437500000,0.000000236222
1.757812500000,1.921875000000,0.000000247378
1.757812500000,1.945312500000,0.000000257985
1.757812500000,1.968750000000,0.000000268009
1.757812500000,1.992187500000,0.000000277419
1.757812500000,2.015625000000,0.000000286185
1.757812500000,2.039062500000,0.000000294277
1.757812500000,2.062500000000,0.000000301668
1.757812500000,2.085937500000,0.000000308335
1.757812500000,2.109375000000,0.000000314252
1.757812500000,2.132812500000,0.000000319399
1.757812500000,2.156250000000,0.000000323758
1.757812500000,2.179687500000,0.000000327310
1.757812500000,2.203125000000,0.000000330042
1.757812500000,2.226562500000,0.000000331941
1.757812500000,2.250000000000,0.000000332999
1.757812500000,2.273437500000,0.000000333206
1.757812500000,2.296875000000,0.000000332559
1.757812500000,2.320312500000,0.000000331056
1.757812500000,2.343750000000,0.000000328697
1.757812500000,2.367187500000,0.000000325484
1.757812500000,2.390625000000,0.000000321424
1.757812500000,2.414062500000,0.000000316524
1.757812500000,2.437500000000,0.000000310796
1.757812500000,2.460937500000,0.000000304252
1.757812500000,2.484375000000,0.000000296906
1.757812500000,2.507812500000,0.000000288779
1.757812500000,2.531250000000,0.000000279892
1.757812500000,2.554687500000,0.000000270266
1.757812500000,2.578125000000,0.000000259926
1.757812500000,2.601562500000,0.000000248903
1.757812500000,2.625000000000,0.000000237221
1.757812500000,2.648437500000,0.000000224916
1.757812500000,2.671875000000,0.000000212020
1.757812500000,2.695312500000,0.000000198569
1.757812500000,2.718750000000,0.000000184600
1.757812500000,2.742187500000,0.000000170152
1.757812500000,2.765625000000,0.000000155263
1.757812500000,2.789062500000,0.000000139978
1.757812500000,2.812500000000,0.000000124336
1.757812500000,2.835937500000,0.000000108385
1.757812500000,2.859375000000,0.000000092167
1.757812500000,2.882812500000,0.000000075727
1.757812500000,2.906250000000,0.000000059113
1.757812500000,2.929687500000,0.000000042371
1.757812500000,2.953125000000,0.000000025548
1.757812500000,2.976562500000,0.000000008690
1.757812500000,3.000000000000,0.000000000000
1.781250000000,0.000000000000,0.000000000000
1.781250000000,0.023437500000,-0.000000018110
1.781250000000,0.046875000000,-0.000000030250
1.781250000000,0.070312500000,-0.000000042315
1.781250000000,0.093750000000,-0.000000054284
1.781250000000,0.117187500000,-0.000000066136
1.781250000000,0.140625000000,-0.000000077850
1.781250000000,0.164062500000,-0.000000089407
1.781250000000,0.187500000000,-0.000000100783
1.781250000000,0.210937500000,-0.000000111960
1.781250000000,0.234375000000,-0.000000122914
1.781250000000,0.257812500000,-0.000000133627
1.781250000000,0.281250000000,-0.000000144078
1.781250000000,0.304687500000,-0.000000154246
1.781250000000,0.328125000000,-0.000000164112
1.781250000000,0.351562500000,-0.000000173655
1.781250000000,0.375000000000,-0.000000182852
1.781250000000,0.398437500000,-0.000000191689
1.781250000000,0.421875000000,-0.000000200142
1.781250000000,0.445312500000,-0.000000208194
1.781250000000,0.468750000000,-0.000000215827
1.781250000000,0.492187500000,-0.000000223020
1.781250000000,0.515625000000,-0.000000229755
1.781250000000,0.539062500000,-0.000000236019
1.781250000000,0.562500000000,-0.000000241788
1.781250000000,0.585937500000,-0.000000247051
1.781250000000,0.609375000000,-0.000000251789
1.781250000000,0.632812500000,-0.000000255988
1.781250000000,0.656250000000,-0.000000259635
1.781250000000,0.679687500000,-0.000000262711
1.781250000000,0.703125000000,-0.000000265209
1.781250000000,0.726562500000,-0.000000267113
1.781250000000,0.750000000000,-0.000000268415
1.781250000000,0.773437500000,-0.000000269104
1.781250000000,0.796875000000,-0.000000269170
1.781250000000,0.820312500000,-0.000000268607
1.781250000000,0.843750000000,-0.000000267407
1.781250000000,0.867187500000,-0.000000265566
1.781250000000,0.890625000000,-0.000000263080
1.781250000000,0.914062500000,-0.000000259946
1.781250000000,0.937500000000,-0.000000256163
1.781250000000,0.960937500000,-0.000000251732
1.781250000000,0.984375000000,-0.000000246655
1.781250000000,1.007812500000,-0.000000240935
1.781250000000,1.031250000000,-0.000000234577
1.781250000000,1.054687500000,-0.000000227589
1.781250000000,1.078125000000,-0.000000219979
1.781250000000,1.101562500000,-0.000000211757
1.781250000000,1.125000000000,-0.000000202936
1.781250000000,1.148437500000,-0.000000193528
1.781250000000,1.171875000000,-0.000000183550
1.781250000000,1.195312500000,-0.000000173018
1.781250000000,1.218750000000,-0.000000161952
1.781250000000,1.242187500000,-0.000000150372
1.781250000000,1.265625000000,-0.000000138300
1.781250000000,1.289062500000,-0.000000125761
1.781250000000,1.312500000000,-0.000000112782
1.781250000000,1.335937500000,-0.000000099387
1.781250000000,1.359375000000,-0.000000085606
1.781250000000,1.382812500000,-0.000000071472
1.781250000000,1.406250000000,-0.000000057013
1.781250000000,1.429687500000,-0.000000042263
1.781250000000,1.453125000000,-0.000000027261
1.781250000000,1.476562500000,-0.000000012039
1.781250000000,1.500000000000,0.000000003366
1.781250000000,1.523437500000,0.000000018917
1.781250000000,1.546875000000,0.000000034572
1.781250000000,1.570312500000,0.000000050293
1.781250000000,1.593750000000,0.000000066040
1.781250000000,1.617187500000,0.000000081771
1.781250000000,1.640625000000,0.000000097442
1.781250000000,1.664062500000,0.000000113016
1.781250000000,1.687500000000,0.000000128446
1.781250000000,1.710937500000,0.000000143693
1.781250000000,1.734375000000,0.000000158712
1.781250000000,1.757812500000,0.000000173463
1.781250000000,1.781250000000,0.000000187901
1.781250000000,1.804687500000,0.000000201986
1.781250000000,1.828125000000,0.000000215679
1.781250000000,1.851562500000,0.000000228936
1.781250000000,1.875000000000,0.000000241719
1.781250000000,1.898437500000,0.000000253990
1.781250000000,1.921875000000,0.000000265710
1.781250000000,1.945312500000,0.000000276845
1.781250000000,1.968750000000,0.000000287358
1.781250000000,1.992187500000,0.000000297217
1.781250000000,2.015625000000,0.000000306390
1.781250000000,2.039062500000,0.000000314846
1.781250000000,2.062500000000,0.000000322558
1.781250000000,2.085937500000,0.000000329499
1.781250000000,2.109375000000,0.000000335646
1.781250000000,2.132812500000,0.000000340976
1.781250000000,2.156250000000,0.000000345469
1.781250000000,2.179687500000,0.000000349109
1.781250000000,2.203125000000,0.000000351881
1.781250000000,2.226562500000,0.000000353772
1.781250000000,2.250000000000,0.000000354771
1.781250000000,2.273437500000,0.000000354872
1.781250000000,2.296875000000,0.000000354070
1.781250000000,2.320312500000,0.000000352364
1.781250000000,2.343750000000,0.000000349753
1.781250000000,2.367187500000,0.000000346242
1.781250000000,2.390625000000,0.000000341836
1.781250000000,2.414062500000,0.000000336544
1.781250000000,2.437500000000,0.000000330379
1.781250000000,2.460937500000,0.000000323351
1.781250000000,2.484375000000,0.000000315481
1.781250000000,2.507812500000,0.000000306788
1.781250000000,2.531250000000,0.000000297292
1.781250000000,2.554687500000,0.000000287017
1.781250000000,2.578125000000,0.000000275993
1.781250000000,2.601562500000,0.000000264247
1.781250000000,2.625000000000,0.000000251809
1.781250000000,2.648437500000,0.000000238717
1.781250000000,2.671875000000,0.000000225000
1.781250000000,2.695312500000,0.000000210701
1.781250000000,2.718750000000,0.000000195856
1.781250000000,2.742187500000,0.000000180507
1.781250000000,2.765625000000,0.000000164696
1.781250000000,2.789062500000,0.000000148468
1.781250000000,2.812500000000,0.000000131866
1.781250000000,2.835937500000,0.000000114937
1.781250000000,2.859375000000,0.000000097730
1.781250000000,2.882812500000,0.000000080291
1.781250000000,2.906250000000,0.000000062667
1.781250000000,2.929687500000,0.000000044910
1.781250000000,2.953125000000,0.000000027069
1.781250000000,2.976562500000,0.000000009192
1.781250000000,3.000000000000,0.000000000000
1.804687500000,0.000000000000,0.000000000000
1.804687500000,0.023437500000,-0.000000019235
1.804687500000,0.046875000000,-0.000000032114
1.804687500000,0.070312500000,-0.000000044912
1.804687500000,0.093750000000,-0.000000057607
1.804687500000,0.117187500000,-0.000000070175
1.804687500000,0.140625000000,-0.000000082594
1.804687500000,0.164062500000,-0.000000094841
1.804687500000,0.187500000000,-0.000000106895
1.804687500000,0.210937500000,-0.000000118731
1.804687500000,0.234375000000,-0.000000130328
1.804687500000,0.257812500000,-0.000000141664
1.804687500000,0.281250000000,-0.000000152717
1.804687500000,0.304687500000,-0.000000163464
1.804687500000,0.328125000000,-0.000000173885
1.804687500000,0.351562500000,-0.000000183957
1.804687500000,0.375000000000,-0.000000193660
1.804687500000,0.398437500000,-0.000000202973
1.804687500000,0.421875000000,-0.000000211874
1.804687500000,0.445312500000,-0.000000220341
1.804687500000,0.468750000000,-0.000000228361
1.804687500000,0.492187500000,-0.000000235907
1.804687500000,0.515625000000,-0.000000242963
1.804687500000,0.539062500000,-0.000000249511
1.804687500000,0.562500000000,-0.000000255533
1.804687500000,0.585937500000,-0.000000261009
1.804687500000,0.609375000000,-0.000000265927
1.804687500000,0.632812500000,-0.000000270268
1.804687500000,0.656250000000,-0.000000274017
1.804687500000,0.679687500000,-0.000000277161
1.804687500000,0.703125000000,-0.000000279687
1.804687500000,0.726562500000,-0.000000281581
1.804687500000,0.750000000000,-0.000000282834
1.804687500000,0.773437500000,-0.000000283433
1.804687500000,0.796875000000,-0.000000283373
1.804687500000,0.820312500000,-0.000000282643
1.804687500000,0.843750000000,-0.000000281239
1.804687500000,0.867187500000,-0.000000279154
1.804687500000,0.890625000000,-0.000000276387
1.804687500000,0.914062500000,-0.000000272934
1.804687500000,0.937500000000,-0.000000268795
1.804687500000,0.960937500000,-0.000000263971
1.804687500000,0.984375000000,-0.000000258465
1.804687500000,1.007812500000,-0.000000252281
1.804687500000,1.031250000000,-0.000000245426
1.804687500000,1.054687500000,-0.000000237906
1.804687500000,1.078125000000,-0.000000229733
1.804687500000,1.101562500000,-0.000000220917
1.804687500000,1.125000000000,-0.000000211471
1.804687500000,1.148437500000,-0.000000201411
1.804687500000,1.171875000000,-0.000000190752
1.804687500000,1.195312500000,-0.000000179515
1.804687500000,1.218750000000,-0.000000167719
1.804687500000,1.242187500000,-0.000000155387
1.804687500000,1.265625000000,-0.000000142542
1.804687500000,1.289062500000,-0.000000129211
1.804687500000,1.312500000000,-0.000000115421
1.804687500000,1.335937500000,-0.000000101201
1.804687500000,1.359375000000,-0.000000086582
1.804687500000,1.382812500000,-0.000000071597
1.804687500000,1.406250000000,-0.000000056278
1.804687500000,1.429687500000,-0.000000040663
1.804687500000,1.453125000000,-0.000000024787
1.804687500000,1.476562500000,-0.000000008687
1.804687500000,1.500000000000,0.000000007596
1.804687500000,1.523437500000,0.000000024023
1.804687500000,1.546875000000,0.000000040553
1.804687500000,1.570312500000,0.000000057143
1.804687500000,1.593750000000,0.000000073752
1.804687500000,1.617187500000,0.000000090334
1.804687500000,1.640625000000,0.000000106847
1.804687500000,1.664062500000,0.000000123247
1.804687500000,1.687500000000,0.000000139489
1.804687500000,1.710937500000,0.000000155528
1.804687500000,1.734375000000,0.000000171321
1.804687500000,1.757812500000,0.000000186822
1.804687500000,1.781250000000,0.000000201987
1.804687500000,1.804687500000,0.000000216774
1.804687500000,1.828125000000,0.000000231138
1.804687500000,1.851562500000,0.000000245039
1.804687500000,1.875000000000,0.000000258434
1.804687500000,1.898437500000,0.000000271283
1.804687500000,1.921875000000,0.000000283548
1.804687500000,1.945312500000,0.000000295189
1.804687500000,1.968750000000,0.000000306173
1.804687500000,1.992187500000,0.000000316462
1.804687500000,2.015625000000,0.000000326025
1.804687500000,2.039062500000,0.000000334831
1.804687500000,2.062500000000,0.000000342849
1.804687500000,2.085937500000,0.000000350053
1.804687500000,2.109375000000,0.000000356418
1.804687500000,2.132812500000,0.000000361922
1.804687500000,2.156250000000,0.000000366543
1.804687500000,2.179687500000,0.000000370264
1.804687500000,2.203125000000,0.000000373071
1.804687500000,2.226562500000,0.000000374950
1.804687500000,2.250000000000,0.000000375890
1.804687500000,2.273437500000,0.000000375886
1.804687500000,2.296875000000,0.000000374931
1.804687500000,2.320312500000,0.000000373025
1.804687500000,2.343750000000,0.000000370168
1.804687500000,2.367187500000,0.000000366366
1.804687500000,2.390625000000,0.000000361622
1.804687500000,2.414062500000,0.000000355948
1.804687500000,2.437500000000,0.000000349355
1.804687500000,2.460937500000,0.000000341860
1.804687500000,2.484375000000,0.000000333481
1.804687500000,2.507812500000,0.000000324235
1.804687500000,2.531250000000,0.000000314148
1.804687500000,2.554687500000,0.000000303247
1.804687500000,2.578125000000,0.000000291556
1.804687500000,2.601562500000,0.000000279110
1.804687500000,2.625000000000,0.000000265939
1.804687500000,2.648437500000,0.000000252080
1.804687500000,2.671875000000,0.000000237571
1.804687500000,2.695312500000,0.000000222448
1.804687500000,2.718750000000,0.000000206755
1.804687500000,2.742187500000,0.000000190534
1.804687500000,2.765625000000,0.000000173829
1.804687500000,2.789062500000,0.000000156687
1.804687500000,2.812500000000,0.000000139156
1.804687500000,2.835937500000,0.000000121281
1.804687500000,2.859375000000,0.000000103115
1.804687500000,2.882812500000,0.000000084707
1.804687500000,2.906250000000,0.000000066107
1.804687500000,2.929687500000,0.000000047368
1.804687500000,2.953125000000,0.000000028540
1.804687500000,2.976562500000,0.000000009677
1.804687500000,3.000000000000,0.000000000000
1.828125000000,0.000000000000,0.000000000000
1.828125000000,0.023437500000,-0.000000020318
1.828125000000,0.046875000000,-0.000000033911
1.828125000000,0.070312500000,-0.000000047415
1.828125000000,0.093750000000,-0.000000060809
1.828125000000,0.117187500000,-0.000000074067
1.828125000000,0.140625000000,-0.000000087164
1.828125000000,0.164062500000,-0.000000100077
1.828125000000,0.187500000000,-0.000000112781
1.828125000000,0.210937500000,-0.000000125253
1.828125000000,0.234375000000,-0.000000137468
1.828125000000,0.257812500000,-0.000000149403
1.828125000000,0.281250000000,-0.000000161035
1.828125000000,0.304687500000,-0.000000172340
1.828125000000,0.328125000000,-0.000000183295
1.828125000000,0.351562500000,-0.000000193877
1.828125000000,0.375000000000,-0.000000204064
1.828125000000,0.398437500000,-0.000000213832
1.828125000000,0.421875000000,-0.000000223163
1.828125000000,0.445312500000,-0.000000232032
1.828125000000,0.468750000000,-0.000000240418
1.828125000000,0.492187500000,-0.000000248303
1.828125000000,0.515625000000,-0.000000255666
1.828125000000,0.539062500000,-0.000000262487
1.828125000000,0.562500000000,-0.000000268748
1.828125000000,0.585937500000,-0.000000274430
1.828125000000,0.609375000000,-0.000000279516
1.828125000000,0.632812500000,-0.000000283991
1.828125000000,0.656250000000,-0.000000287838
1.828125000000,0.679687500000,-0.000000291042
1.828125000000,0.703125000000,-0.000000293592
1.828125000000,0.726562500000,-0.000000295473
1.828125000000,0.750000000000,-0.000000296674
1.828125000000,0.773437500000,-0.000000297186
1.828125000000,0.796875000000,-0.000000296999
1.828125000000,0.820312500000,-0.000000296106
1.828125000000,0.843750000000,-0.000000294500
1.828125000000,0.867187500000,-0.000000292178
1.828125000000,0.890625000000,-0.000000289135
1.828125000000,0.914062500000,-0.000000285371
1.828125000000,0.937500000000,-0.000000280885
1.828125000000,0.960937500000,-0.000000275679
1.828125000000,0.984375000000,-0.000000269757
1.828125000000,1.007812500000,-0.000000263123
1.828125000000,1.031250000000,-0.000000255784
1.828125000000,1.054687500000,-0.000000247750
1.828125000000,1.078125000000,-0.000000239030
1.828125000000,1.101562500000,-0.000000229638
1.828125000000,1.125000000000,-0.000000219588
1.828125000000,1.148437500000,-0.000000208896
1.828125000000,1.171875000000,-0.000000197580
1.828125000000,1.195312500000,-0.000000185660
1.828125000000,1.218750000000,-0.000000173158
1.828125000000,1.242187500000,-0.000000160099
1.828125000000,1.265625000000,-0.000000146507
1.828125000000,1.289062500000,-0.000000132411
1.828125000000,1.312500000000,-0.000000117839
1.828125000000,1.335937500000,-0.000000102822
1.828125000000,1.359375000000,-0.000000087394
1.828125000000,1.382812500000,-0.000000071587
1.828125000000,1.406250000000,-0.000000055440
1.828125000000,1.429687500000,-0.000000038988
1.828125000000,1.453125000000,-0.000000022268
1.828125000000,1.476562500000,-0.000000005325
1.828125000000,1.500000000000,0.000000011806
1.828125000000,1.523437500000,0.000000029078
1.828125000000,1.546875000000,0.000000046448
1.828125000000,1.570312500000,0.000000063875
1.828125000000,1.593750000000,0.000000081314
1.828125000000,1.617187500000,0.000000098716
1.828125000000,1.640625000000,0.000000116038
1.828125000000,1.664062500000,0.000000133234
1.828125000000,1.687500000000,0.000000150256
1.828125000000,1.710937500000,0.000000167057
1.828125000000,1.734375000000,0.000000183593
1.828125000000,1.757812500000,0.000000199815
1.828125000000,1.781250000000,0.000000215679
1.828125000000,1.804687500000,0.000000231138
1.828125000000,1.828125000000,0.000000246149
1.828125000000,1.851562500000,0.000000260666
1.828125000000,1.875000000000,0.000000274648
1.828125000000,1.898437500000,0.000000288052
1.828125000000,1.921875000000,0.000000300838
1.828125000000,1.945312500000,0.000000312966
1.828125000000,1.968750000000,0.000000324398
1.828125000000,1.992187500000,0.000000335100
1.828125000000,2.015625000000,0.000000345036
1.828125000000,2.039062500000,0.000000354174
1.828125000000,2.062500000000,0.000000362484
1.828125000000,2.085937500000,0.000000369939
1.828125000000,2.109375000000,0.000000376511
1.828125000000,2.132812500000,0.000000382178
1.828125000000,2.156250000000,0.000000386920
1.828125000000,2.179687500000,0.000000390716
1.828125000000,2.203125000000,0.000000393553
1.828125000000,2.226562500000,0.000000395417
1.828125000000,2.250000000000,0.000000396297
1.828125000000,2.273437500000,0.000000396187
1.828125000000,2.296875000000,0.000000395082
1.828125000000,2.320312500000,0.000000392980
1.828125000000,2.343750000000,0.000000389884
1.828125000000,2.367187500000,0.000000385796
1.828125000000,2.390625000000,0.000000380725
1.828125000000,2.414062500000,0.000000374680
1.828125000000,2.437500000000,0.000000367674
1.828125000000,2.460937500000,0.000000359726
1.828125000000,2.484375000000,0.000000350851
1.828125000000,2.507812500000,0.000000341073
1.828125000000,2.531250000000,0.000000330415
1.828125000000,2.554687500000,0.000000318905
1.828125000000,2.578125000000,0.000000306572
1.828125000000,2.601562500000,0.000000293449
1.828125000000,2.625000000000,0.000000279570
1.828125000000,2.648437500000,0.000000264972
1.828125000000,2.671875000000,0.000000249695
1.828125000000,2.695312500000,0.000000233778
1.828125000000,2.718750000000,0.000000217266
1.828125000000,2.742187500000,0.000000200204
1.828125000000,2.765625000000,0.000000182637
1.828125000000,2.789062500000,0.000000164613
1.828125000000,2.812500000000,0.000000146184
1.828125000000,2.835937500000,0.000000127398
1.828125000000,2.859375000000,0.000000108307
1.828125000000,2.882812500000,0.000000088965
1.828125000000,2.906250000000,0.000000069423
1.828125000000,2.929687500000,0.000000049736
1.828125000000,2.953125000000,0.000000029958
1.828125000000,2.976562500000,0.000000010143
1.828125000000,3.000000000000,0.000000000000
1.851562500000,0.000000000000,0.000000000000
1.851562500000,0.023437500000,-0.000000021359
1.851562500000,0.046875000000,-0.000000035635
1.851562500000,0.070312500000,-0.000000049818
1.851562500000,0.093750000000,-0.000000063881
1.851562500000,0.117187500000,-0.000000077800
1.851562500000,0.140625000000,-0.000000091548
1.851562500000,0.164062500000,-0.000000105099
1.851562500000,0.187500000000,-0.000000118428
1.851562500000,0.210937500000,-0.000000131508
1.851562500000,0.234375000000,-0.000000144316
1.851562500000,0.257812500000,-0.000000156825
1.851562500000,0.281250000000,-0.000000169011
1.851562500000,0.304687500000,-0.000000180850
1.851562500000,0.328125000000,-0.000000192316
1.851562500000,0.351562500000,-0.000000203386
1.851562500000,0.375000000000,-0.000000214035
1.851562500000,0.398437500000,-0.000000224241
1.851562500000,0.421875000000,-0.000000233981
1.851562500000,0.445312500000,-0.000000243231
1.851562500000,0.468750000000,-0.000000251971
1.851562500000,0.492187500000,-0.000000260179
1.851562500000,0.515625000000,-0.000000267833
1.851562500000,0.539062500000,-0.000000274913
1.851562500000,0.562500000000,-0.000000281400
1.851562500000,0.585937500000,-0.000000287276
1.851562500000,0.609375000000,-0.000000292523
1.851562500000,0.632812500000,-0.000000297123
1.851562500000,0.656250000000,-0.000000301060
1.851562500000,0.679687500000,-0.000000304319
1.851562500000,0.703125000000,-0.000000306888
1.851562500000,0.726562500000,-0.000000308752
1.851562500000,0.750000000000,-0.000000309902
1.851562500000,0.773437500000,-0.000000310324
1.851562500000,0.796875000000,-0.000000310013
1.851562500000,0.820312500000,-0.000000308959
1.851562500000,0.843750000000,-0.000000307157
1.851562500000,0.867187500000,-0.000000304603
1.851562500000,0.890625000000,-0.000000301293
1.851562500000,0.914062500000,-0.000000297227
1.851562500000,0.937500000000,-0.000000292404
1.851562500000,0.960937500000,-0.000000286828
1.851562500000,0.984375000000,-0.000000280502
1.851562500000,1.007812500000,-0.000000273432
1.851562500000,1.031250000000,-0.000000265627
1.851562500000,1.054687500000,-0.000000257095
1.851562500000,1.078125000000,-0.000000247848
1.851562500000,1.101562500000,-0.000000237900
1.851562500000,1.125000000000,-0.000000227267
1.851562500000,1.148437500000,-0.000000215965
1.851562500000,1.171875000000,-0.000000204015
1.851562500000,1.195312500000,-0.000000191438
1.851562500000,1.218750000000,-0.000000178257
1.851562500000,1.242187500000,-0.000000164497
1.851562500000,1.265625000000,-0.000000150187
1.851562500000,1.289062500000,-0.000000135354
1.851562500000,1.312500000000,-0.000000120030
1.851562500000,1.335937500000,-0.000000104248
1.851562500000,1.359375000000,-0.000000088041
1.851562500000,1.382812500000,-0.000000071447
1.851562500000,1.406250000000,-0.000000054501
1.851562500000,1.429687500000,-0.000000037245
1.851562500000,1.453125000000,-0.000000019718
1.851562500000,1.476562500000,-0.000000001963
1.851562500000,1.500000000000,0.000000015978
1.851562500000,1.523437500000,0.000000034062
1.851562500000,1.546875000000,0.000000052241
1.851562500000,1.570312500000,0.000000070470
1.851562500000,1.593750000000,0.000000088703
1.851562500000,1.617187500000,0.000000106892
1.851562500000,1.640625000000,0.000000124989
1.851562500000,1.664062500000,0.000000142946
1.851562500000,1.687500000000,0.000000160714
1.851562500000,1.710937500000,0.000000178247
1.851562500000,1.734375000000,0.000000195492
1.851562500000,1.757812500000,0.000000212404
1.851562500000,1.781250000000,0.000000228936
1.851562500000,1.804687500000,0.000000245039
1.851562500000,1.828125000000,0.000000260666
1.851562500000,1.851562500000,0.000000275773
1.851562500000,1.875000000000,0.000000290315
1.851562500000,1.898437500000,0.000000304248
1.851562500000,1.921875000000,0.000000317531
1.851562500000,1.945312500000,0.000000330122
1.851562500000,1.968750000000,0.000000341983
1.851562500000,1.992187500000,0.000000353077
1.851562500000,2.015625000000,0.000000363367
1.851562500000,2.039062500000,0.000000372821
1.851562500000,2.062500000000,0.000000381408
1.851562500000,2.085937500000,0.000000389099
1.851562500000,2.109375000000,0.000000395867
1.851562500000,2.132812500000,0.000000401687
1.851562500000,2.156250000000,0.000000406540
1.851562500000,2.179687500000,0.000000410406
1.851562500000,2.203125000000,0.000000413268
1.851562500000,2.226562500000,0.000000415114
1.851562500000,2.250000000000,0.000000415933
1.851562500000,2.273437500000,0.000000415719
1.851562500000,2.296875000000,0.000000414466
1.851562500000,2.320312500000,0.000000412174
1.851562500000,2.343750000000,0.000000408844
1.851562500000,2.367187500000,0.000000404480
1.851562500000,2.390625000000,0.000000399091
1.851562500000,2.414062500000,0.000000392688
1.851562500000,2.437500000000,0.000000385284
1.851562500000,2.460937500000,0.000000376897
1.851562500000,2.484375000000,0.000000367545
1.851562500000,2.507812500000,0.000000357253
1.851562500000,2.531250000000,0.000000346045
1.851562500000,2.554687500000,0.000000333949
1.851562500000,2.578125000000,0.000000320998
1.851562500000,2.601562500000,0.000000307224
1.851562500000,2.625000000000,0.000000292663
1.851562500000,2.648437500000,0.000000277355
1.851562500000,2.671875000000,0.000000261339
1.851562500000,2.695312500000,0.000000244660
1.851562500000,2.718750000000,0.000000227361
1.851562500000,2.742187500000,0.000000209490
1.851562500000,2.765625000000,0.000000191094
1.851562500000,2.789062500000,0.000000172225
1.851562500000,2.812500000000,0.000000152933
1.851562500000,2.835937500000,0.000000133271
1.851562500000,2.859375000000,0.000000113292
1.851562500000,2.882812500000,0.000000093052
1.851562500000,2.906250000000,0.000000072606
1.851562500000,2.929687500000,0.000000052010
1.851562500000,2.953125000000,0.000000031319
1.851562500000,2.976562500000,0.000000010590
1.851562500000,3.000000000000,0.000000000000
1.875000000000,0.000000000000,0.000000000000
1.875000000000,0.023437500000,-0.000000022353
1.875000000000,0.046875000000,-0.000000037282
1.875000000000,0.070312500000,-0.000000052112
1.875000000000,0.093750000000,-0.000000066816
1.875000000000,0.117187500000,-0.000000081366
1.875000000000,0.140625000000,-0.000000095735
1.875000000000,0.164062500000,-0.000000109894
1.875000000000,0.187500000000,-0.000000123819
1.875000000000,0.210937500000,-0.000000137481
1.875000000000,0.234375000000,-0.000000150853
1.875000000000,0.257812500000,-0.000000163911
1.875000000000,0.281250000000,-0.000000176625
1.875000000000,0.304687500000,-0.000000188972
1.875000000000,0.328125000000,-0.000000200925
1.875000000000,0.351562500000,-0.000000212459
1.875000000000,0.375000000000,-0.000000223549
1.875000000000,0.398437500000,-0.000000234171
1.875000000000,0.421875000000,-0.000000244300
1.875000000000,0.445312500000,-0.000000253912
1.875000000000,0.468750000000,-0.000000262987
1.875000000000,0.492187500000,-0.000000271500
1.875000000000,0.515625000000,-0.000000279429
1.875000000000,0.539062500000,-0.000000286755
1.875000000000,0.562500000000,-0.000000293457
1.875000000000,0.585937500000,-0.000000299515
1.875000000000,0.609375000000,-0.000000304911
1.875000000000,0.632812500000,-0.000000309627
1.875000000000,0.656250000000,-0.000000313648
1.875000000000,0.679687500000,-0.000000316957
1.875000000000,0.703125000000,-0.000000319540
1.875000000000,0.726562500000,-0.000000321386
1.875000000000,0.750000000000,-0.000000322481
1.875000000000,0.773437500000,-0.000000322816
1.875000000000,0.796875000000,-0.000000322382
1.875000000000,0.820312500000,-0.000000321171
1.875000000000,0.843750000000,-0.000000319177
1.875000000000,0.867187500000,-0.000000316397
1.875000000000,0.890625000000,-0.000000312829
1.875000000000,0.914062500000,-0.000000308470
1.875000000000,0.937500000000,-0.000000303322
1.875000000000,0.960937500000,-0.000000297389
1.875000000000,0.984375000000,-0.000000290674
1.875000000000,1.007812500000,-0.000000283184
1.875000000000,1.031250000000,-0.000000274929
1.875000000000,1.054687500000,-0.000000265918
1.875000000000,1.078125000000,-0.000000256165
1.875000000000,1.101562500000,-0.000000245683
1.875000000000,1.125000000000,-0.000000234489
1.875000000000,1.148437500000,-0.000000222603
1.875000000000,1.171875000000,-0.000000210045
1.875000000000,1.195312500000,-0.000000196836
1.875000000000,1.218750000000,-0.000000183004
1.875000000000,1.242187500000,-0.000000168573
1.875000000000,1.265625000000,-0.000000153574
1.875000000000,1.289062500000,-0.000000138036
1.875000000000,1.312500000000,-0.000000121992
1.875000000000,1.335937500000,-0.000000105476
1.875000000000,1.359375000000,-0.000000088525
1.875000000000,1.382812500000,-0.000000071176
1.875000000000,1.406250000000,-0.000000053470
1.875000000000,1.429687500000,-0.000000035445
1.875000000000,1.453125000000,-0.000000017146
1.875000000000,1.476562500000,0.000000001385
1.875000000000,1.500000000000,0.000000020102
1.875000000000,1.523437500000,0.000000038959
1.875000000000,1.546875000000,0.000000057908
1.875000000000,1.570312500000,0.000000076904
1.875000000000,1.593750000000,0.000000095896
1.875000000000,1.617187500000,0.000000114834
1.875000000000,1.640625000000,0.000000133671
1.875000000000,1.664062500000,0.000000152354
1.875000000000,1.687500000000,0.000000170834
1.875000000000,1.710937500000,0.000000189060
1.875000000000,1.734375000000,0.000000206984
1.875000000000,1.757812500000,0.000000224553
1.875000000000,1.781250000000,0.000000241719
1.875000000000,1.804687500000,0.000000258434
1.875000000000,1.828125000000,0.000000274648
1.875000000000,1.851562500000,0.000000290315
1.875000000000,1.875000000000,0.000000305389
1.875000000000,1.898437500000,0.000000319825
1.875000000000,1.921875000000,0.000000333579
1.875000000000,1.945312500000,0.000000346609
1.875000000000,1.968750000000,0.000000358876
1.875000000000,1.992187500000,0.000000370340
1.875000000000,2.015625000000,0.000000380965
1.875000000000,2.039062500000,0.000000390718
1.875000000000,2.062500000000,0.000000399565
1.875000000000,2.085937500000,0.000000407478
1.875000000000,2.109375000000,0.000000414429
1.875000000000,2.132812500000,0.000000420393
1.875000000000,2.156250000000,0.000000425348
1.875000000000,2.179687500000,0.000000429276
1.875000000000,2.203125000000,0.000000432159
1.875000000000,2.226562500000,0.000000433985
1.875000000000,2.250000000000,0.000000434743
1.875000000000,2.273437500000,0.000000434425
1.875000000000,2.296875000000,0.000000433029
1.875000000000,2.320312500000,0.000000430551
1.875000000000,2.343750000000,0.000000426994
1.875000000000,2.367187500000,0.000000422364
1.875000000000,2.390625000000,0.000000416670
1.875000000000,2.414062500000,0.000000409921
1.875000000000,2.437500000000,0.000000402134
1.875000000000,2.460937500000,0.000000393325
1.875000000000,2.484375000000,0.000000383516
1.875000000000,2.507812500000,0.000000372729
1.875000000000,2.531250000000,0.000000360993
1.875000000000,2.554687500000,0.000000348337
1.875000000000,2.578125000000,0.000000334792
1.875000000000,2.601562500000,0.000000320395
1.875000000000,2.625000000000,0.000000305182
1.875000000000,2.648437500000,0.000000289194
1.875000000000,2.671875000000,0.000000272472
1.875000000000,2.695312500000,0.000000255062
1.875000000000,2.718750000000,0.000000237010
1.875000000000,2.742187500000,0.000000218365
1.875000000000,2.765625000000,0.000000199177
1.875000000000,2.789062500000,0.000000179498
1.875000000000,2.812500000000,0.000000159381
1.875000000000,2.835937500000,0.000000138882
1.875000000000,2.859375000000,0.000000118055
1.875000000000,2.882812500000,0.000000096958
1.875000000000,2.906250000000,0.000000075647
1.875000000000,2.929687500000,0.000000054181
1.875000000000,2.953125000000,0.000000032618
1.875000000000,2.976562500000,0.000000011016
1.875000000000,3.000000000000,0.000000000000
1.898437500000,0.000000000000,0.000000000000
1.898437500000,0.023437500000,-0.000000023299
1.898437500000,0.046875000000,-0.000000038848
1.898437500000,0.070312500000,-0.000000054293
1.898437500000,0.093750000000,-0.000000069605
1.898437500000,0.117187500000,-0.000000084754
1.898437500000,0.140625000000,-0.000000099713
1.898437500000,0.164062500000,-0.000000114451
1.898437500000,0.187500000000,-0.000000128941
1.898437500000,0.210937500000,-0.000000143155
1.898437500000,0.234375000000,-0.000000157063
1.898437500000,0.257812500000,-0.000000170639
1.898437500000,0.281250000000,-0.000000183855
1.898437500000,0.304687500000,-0.000000196684
1.898437500000,0.328125000000,-0.000000209099
1.898437500000,0.351562500000,-0.000000221072
1.898437500000,0.375000000000,-0.000000232579
1.898437500000,0.398437500000,-0.000000243594
1.898437500000,0.421875000000,-0.000000254092
1.898437500000,0.445312500000,-0.000000264047
1.898437500000,0.468750000000,-0.000000273436
1.898437500000,0.492187500000,-0.000000282238
1.898437500000,0.515625000000,-0.000000290427
1.898437500000,0.539062500000,-0.000000297983
1.898437500000,0.562500000000,-0.000000304885
1.898437500000,0.585937500000,-0.000000311113
1.898437500000,0.609375000000,-0.000000316648
1.898437500000,0.632812500000,-0.000000321472
1.898437500000,0.656250000000,-0.000000325568
1.898437500000,0.679687500000,-0.000000328921
1.898437500000,0.703125000000,-0.000000331516
1.898437500000,0.726562500000,-0.000000333339
1.898437500000,0.750000000000,-0.000000334380
1.898437500000,0.773437500000,-0.000000334627
1.898437500000,0.796875000000,-0.000000334072
1.898437500000,0.820312500000,-0.000000332708
1.898437500000,0.843750000000,-0.000000330529
1.898437500000,0.867187500000,-0.000000327531
1.898437500000,0.890625000000,-0.000000323712
1.898437500000,0.914062500000,-0.000000319072
1.898437500000,0.937500000000,-0.000000313611
1.898437500000,0.960937500000,-0.000000307334
1.898437500000,0.984375000000,-0.000000300246
1.898437500000,1.007812500000,-0.000000292354
1.898437500000,1.031250000000,-0.000000283668
1.898437500000,1.054687500000,-0.000000274198
1.898437500000,1.078125000000,-0.000000263960
1.898437500000,1.101562500000,-0.000000252967
1.898437500000,1.125000000000,-0.000000241238
1.898437500000,1.148437500000,-0.000000228793
1.898437500000,1.171875000000,-0.000000215653
1.898437500000,1.195312500000,-0.000000201844
1.898437500000,1.218750000000,-0.000000187389
1.898437500000,1.242187500000,-0.000000172319
1.898437500000,1.265625000000,-0.000000156662
1.898437500000,1.289062500000,-0.000000140452
1.898437500000,1.312500000000,-0.000000123722
1.898437500000,1.335937500000,-0.000000106508
1.898437500000,1.359375000000,-0.000000088849
1.898437500000,1.382812500000,-0.000000070782
1.898437500000,1.406250000000,-0.000000052349
1.898437500000,1.429687500000,-0.000000033594
1.898437500000,1.453125000000,-0.000000014560
1.898437500000,1.476562500000,0.000000004707
1.898437500000,1.500000000000,0.000000024161
1.898437500000,1.523437500000,0.000000043753
1.898437500000,1.546875000000,0.000000063436
1.898437500000,1.570312500000,0.000000083158
1.898437500000,1.593750000000,0.000000102870
1.898437500000,1.617187500000,0.000000122520
1.898437500000,1.640625000000,0.000000142056
1.898437500000,1.664062500000,0.000000161428
1.898437500000,1.687500000000,0.000000180582
1.898437500000,1.710937500000,0.000000199468
1.898437500000,1.734375000000,0.000000218031
1.898437500000,1.757812500000,0.000000236223
1.898437500000,1.781250000000,0.000000253990
1.898437500000,1.804687500000,0.000000271283
1.898437500000,1.828125000000,0.000000288052
1.898437500000,1.851562500000,0.000000304248
1.898437500000,1.875000000000,0.000000319825
1.898437500000,1.898437500000,0.000000334735
1.898437500000,1.921875000000,0.000000348933
1.898437500000,1.945312500000,0.000000362377
1.898437500000,1.968750000000,0.000000375026
1.898437500000,1.992187500000,0.000000386839
1.898437500000,2.015625000000,0.000000397779
1.898437500000,2.039062500000,0.000000407811
1.898437500000,2.062500000000,0.000000416903
1.898437500000,2.085937500000,0.000000425023
1.898437500000,2.109375000000,0.000000432144
1.898437500000,2.132812500000,0.000000438240
1.898437500000,2.156250000000,0.000000443289
1.898437500000,2.179687500000,0.000000447272
1.898437500000,2.203125000000,0.000000450172
1.898437500000,2.226562500000,0.000000451975
1.898437500000,2.250000000000,0.000000452670
1.898437500000,2.273437500000,0.000000452252
1.898437500000,2.296875000000,0.000000450714
1.898437500000,2.320312500000,0.000000448057
1.898437500000,2.343750000000,0.000000444283
1.898437500000,2.367187500000,0.000000439397
1.898437500000,2.390625000000,0.000000433408
1.898437500000,2.414062500000,0.000000426329
1.898437500000,2.437500000000,0.000000418174
1.898437500000,2.460937500000,0.000000408962
1.898437500000,2.484375000000,0.000000398716
1.898437500000,2.507812500000,0.000000387458
1.898437500000,2.531250000000,0.000000375218
1.898437500000,2.554687500000,0.000000362027
1.898437500000,2.578125000000,0.000000347916
1.898437500000,2.601562500000,0.000000332925
1.898437500000,2.625000000000,0.000000317090
1.898437500000,2.648437500000,0.000000300454
1.898437500000,2.671875000000,0.000000283059
1.898437500000,2.695312500000,0.000000264954
1.898437500000,2.718750000000,0.000000246185
1.898437500000,2.742187500000,0.000000226804
1.898437500000,2.765625000000,0.000000206862
1.898437500000,2.789062500000,0.000000186413
1.898437500000,2.812500000000,0.000000165512
1.898437500000,2.835937500000,0.000000144216
1.898437500000,2.859375000000,0.000000122582
1.898437500000,2.882812500000,0.000000100669
1.898437500000,2.906250000000,0.000000078537
1.898437500000,2.929687500000,0.000000056244
1.898437500000,2.953125000000,0.000000033851
1.898437500000,2.976562500000,0.000000011420
1.898437500000,3.000000000000,0.000000000000
1.921875000000,0.000000000000,0.000000000000
1.921875000000,0.023437500000,-0.000000024193
1.921875000000,0.046875000000,-0.000000040328
1.921875000000,0.070312500000,-0.000000056354
1.921875000000,0.093750000000,-0.000000072240
1.921875000000,0.117187500000,-0.000000087956
1.921875000000,0.140625000000,-0.000000103471
1.921875000000,0.164062500000,-0.000000118756
1.921875000000,0.187500000000,-0.000000133779
1.921875000000,0.210937500000,-0.000000148514
1.921875000000,0.234375000000,-0.000000162928
1.921875000000,0.257812500000,-0.000000176994
1.921875000000,0.281250000000,-0.000000190683
1.921875000000,0.304687500000,-0.000000203965
1.921875000000,0.328125000000,-0.000000216815
1.921875000000,0.351562500000,-0.000000229202
1.921875000000,0.375000000000,-0.000000241102
1.921875000000,0.398437500000,-0.000000252487
1.921875000000,0.421875000000,-0.000000263330
1.921875000000,0.445312500000,-0.000000273607
1.921875000000,0.468750000000,-0.000000283293
1.921875000000,0.492187500000,-0.000000292363
1.921875000000,0.515625000000,-0.000000300795
1.921875000000,0.539062500000,-0.000000308566
1.921875000000,0.562500000000,-0.000000315655
1.921875000000,0.585937500000,-0.000000322041
1.921875000000,0.609375000000,-0.000000327704
1.921875000000,0.632812500000,-0.000000332626
1.921875000000,0.656250000000,-0.000000336791
1.921875000000,0.679687500000,-0.000000340181
1.921875000000,0.703125000000,-0.000000342782
1.921875000000,0.726562500000,-0.000000344581
1.921875000000,0.750000000000,-0.000000345567
1.921875000000,0.773437500000,-0.000000345727
1.921875000000,0.796875000000,-0.000000345055
1.921875000000,0.820312500000,-0.000000343542
1.921875000000,0.843750000000,-0.000000341183
1.921875000000,0.867187500000,-0.000000337975
1.921875000000,0.890625000000,-0.000000333916
1.921875000000,0.914062500000,-0.000000329005
1.921875000000,0.937500000000,-0.000000323245
1.921875000000,0.960937500000,-0.000000316639
1.921875000000,0.984375000000,-0.000000309195
1.921875000000,1.007812500000,-0.000000300918
1.921875000000,1.031250000000,-0.000000291821
1.921875000000,1.054687500000,-0.000000281915
1.921875000000,1.078125000000,-0.000000271214
1.921875000000,1.101562500000,-0.000000259735
1.921875000000,1.125000000000,-0.000000247497
1.921875000000,1.148437500000,-0.000000234521
1.921875000000,1.171875000000,-0.000000220829
1.921875000000,1.195312500000,-0.000000206447
1.921875000000,1.218750000000,-0.000000191403
1.921875000000,1.242187500000,-0.000000175725
1.921875000000,1.265625000000,-0.000000159446
1.921875000000,1.289062500000,-0.000000142599
1.921875000000,1.312500000000,-0.000000125218
1.921875000000,1.335937500000,-0.000000107344
1.921875000000,1.359375000000,-0.000000089012
1.921875000000,1.382812500000,-0.000000070266
1.921875000000,1.406250000000,-0.000000051147
1.921875000000,1.429687500000,-0.000000031701
1.921875000000,1.453125000000,-0.000000011972
1.921875000000,1.476562500000,0.000000007991
1.921875000000,1.500000000000,0.000000028141
1.921875000000,1.523437500000,0.000000048428
1.921875000000,1.546875000000,0.000000068801
1.921875000000,1.570312500000,0.000000089210
1.921875000000,1.593750000000,0.000000109601
1.921875000000,1.617187500000,0.000000129922
1.921875000000,1.640625000000,0.000000150119
1.921875000000,1.664062500000,0.000000170139
1.921875000000,1.687500000000,0.000000189929
1.921875000000,1.710937500000,0.000000209434
1.921875000000,1.734375000000,0.000000228602
1.921875000000,1.757812500000,0.000000247378
1.921875000000,1.781250000000,0.000000265711
1.921875000000,1.804687500000,0.000000283548
1.921875000000,1.828125000000,0.000000300838
1.921875000000,1.851562500000,0.000000317531
1.921875000000,1.875000000000,0.000000333579
1.921875000000,1.898437500000,0.000000348933
1.921875000000,1.921875000000,0.000000363548
1.921875000000,1.945312500000,0.000000377380
1.921875000000,1.968750000000,0.000000390385
1.921875000000,1.992187500000,0.000000402524
1.921875000000,2.015625000000,0.000000413758
1.921875000000,2.039062500000,0.000000424051
1.921875000000,2.062500000000,0.000000433369
1.921875000000,2.085937500000,0.000000441681
1.921875000000,2.109375000000,0.000000448959
1.921875000000,2.132812500000,0.000000455176
1.921875000000,2.156250000000,0.000000460311
1.921875000000,2.179687500000,0.000000464342
1.921875000000,2.203125000000,0.000000467253
1.921875000000,2.226562500000,0.000000469031
1.921875000000,2.250000000000,0.000000469664
1.921875000000,2.273437500000,0.000000469146
1.921875000000,2.296875000000,0.000000467472
1.921875000000,2.320312500000,0.000000464642
1.921875000000,2.343750000000,0.000000460659
1.921875000000,2.367187500000,0.000000455528
1.921875000000,2.390625000000,0.000000449258
1.921875000000,2.414062500000,0.000000441863
1.921875000000,2.437500000000,0.000000433358
1.921875000000,2.460937500000,0.000000423764
1.921875000000,2.484375000000,0.000000413100
1.921875000000,2.507812500000,0.000000401396
1.921875000000,2.531250000000,0.000000388678
1.921875000000,2.554687500000,0.000000374978
1.921875000000,2.578125000000,0.000000360332
1.921875000000,2.601562500000,0.000000344776
1.921875000000,2.625000000000,0.000000328352
1.921875000000,2.648437500000,0.000000311102
1.921875000000,2.671875000000,0.000000293071
1.921875000000,2.695312500000,0.000000274308
1.921875000000,2.718750000000,0.000000254861
1.921875000000,2.742187500000,0.000000234783
1.921875000000,2.765625000000,0.000000214127
1.921875000000,2.789062500000,0.000000192950
1.921875000000,2.812500000000,0.000000171307
1.921875000000,2.835937500000,0.000000149258
1.921875000000,2.859375000000,0.000000126861
1.921875000000,2.882812500000,0.000000104177
1.921875000000,2.906250000000,0.000000081267
1.921875000000,2.929687500000,0.000000058193
1.921875000000,2.953125000000,0.000000035017
1.921875000000,2.976562500000,0.000000011800
1.921875000000,3.000000000000,0.000000000000
1.945312500000,0.000000000000,0.000000000000
1.945312500000,0.023437500000,-0.000000025034
1.945312500000,0.046875000000,-0.000000041719
1.945312500000,0.070312500000,-0.000000058291
1.945312500000,0.093750000000,-0.000000074716
1.945312500000,0.117187500000,-0.000000090963
1.945312500000,0.140625000000,-0.000000107000
1.945312500000,0.164062500000,-0.000000122797
1.945312500000,0.187500000000,-0.000000138322
1.945312500000,0.210937500000,-0.000000153544
1.945312500000,0.234375000000,-0.000000168432
1.945312500000,0.257812500000,-0.000000182957
1.945312500000,0.281250000000,-0.000000197088
1.945312500000,0.304687500000,-0.000000210797
1.945312500000,0.328125000000,-0.000000224053
1.945312500000,0.351562500000,-0.000000236828
1.945312500000,0.375000000000,-0.000000249094
1.945312500000,0.398437500000,-0.000000260824
1.945312500000,0.421875000000,-0.000000271990
1.945312500000,0.445312500000,-0.000000282567
1.945312500000,0.468750000000,-0.000000292528
1.945312500000,0.492187500000,-0.000000301849
1.945312500000,0.515625000000,-0.000000310506
1.945312500000,0.539062500000,-0.000000318476
1.945312500000,0.562500000000,-0.000000325737
1.945312500000,0.585937500000,-0.000000332268
1.945312500000,0.609375000000,-0.000000338049
1.945312500000,0.632812500000,-0.000000343060
1.945312500000,0.656250000000,-0.000000347285
1.945312500000,0.679687500000,-0.000000350706
1.945312500000,0.703125000000,-0.000000353310
1.945312500000,0.726562500000,-0.000000355083
1.945312500000,0.750000000000,-0.000000356012
1.945312500000,0.773437500000,-0.000000356087
1.945312500000,0.796875000000,-0.000000355300
1.945312500000,0.820312500000,-0.000000353643
1.945312500000,0.843750000000,-0.000000351112
1.945312500000,0.867187500000,-0.000000347702
1.945312500000,0.890625000000,-0.000000343413
1.945312500000,0.914062500000,-0.000000338244
1.945312500000,0.937500000000,-0.000000332198
1.945312500000,0.960937500000,-0.000000325280
1.945312500000,0.984375000000,-0.000000317497
1.945312500000,1.007812500000,-0.000000308856
1.945312500000,1.031250000000,-0.000000299368
1.945312500000,1.054687500000,-0.000000289048
1.945312500000,1.078125000000,-0.000000277910
1.945312500000,1.101562500000,-0.000000265971
1.945312500000,1.125000000000,-0.000000253251
1.945312500000,1.148437500000,-0.000000239773
1.945312500000,1.171875000000,-0.000000225560
1.945312500000,1.195312500000,-0.000000210638
1.945312500000,1.218750000000,-0.000000195037
1.945312500000,1.242187500000,-0.000000178787
1.945312500000,1.265625000000,-0.000000161920
1.945312500000,1.289062500000,-0.000000144472
1.945312500000,1.312500000000,-0.000000126480
1.945312500000,1.335937500000,-0.000000107982
1.945312500000,1.359375000000,-0.000000089019
1.945312500000,1.382812500000,-0.000000069634
1.945312500000,1.406250000000,-0.000000049870
1.945312500000,1.429687500000,-0.000000029774
1.945312500000,1.453125000000,-0.000000009393
1.945312500000,1.476562500000,0.000000011224
1.945312500000,1.500000000000,0.000000032028
1.945312500000,1.523437500000,0.000000052967
1.945312500000,1.546875000000,0.000000073989
1.945312500000,1.570312500000,0.000000095041
1.945312500000,1.593750000000,0.000000116068
1.945312500000,1.617187500000,0.000000137017
1.945312500000,1.640625000000,0.000000157834
1.945312500000,1.664062500000,0.000000178461
1.945312500000,1.687500000000,0.000000198845
1.945312500000,1.710937500000,0.000000218930
1.945312500000,1.734375000000,0.000000238662
1.945312500000,1.757812500000,0.000000257985
1.945312500000,1.781250000000,0.000000276845
1.945312500000,1.804687500000,0.000000295189
1.945312500000,1.828125000000,0.000000312966
1.945312500000,1.851562500000,0.000000330122
1.945312500000,1.875000000000,0.000000346609
1.945312500000,1.898437500000,0.000000362377
1.945312500000,1.921875000000,0.000000377380
1.945312500000,1.945312500000,0.000000391571
1.945312500000,1.968750000000,0.000000404908
1.945312500000,1.992187500000,0.000000417349
1.945312500000,2.015625000000,0.000000428855
1.945312500000,2.039062500000,0.000000439388
1.945312500000,2.062500000000,0.000000448915
1.945312500000,2.085937500000,0.000000457403
1.945312500000,2.109375000000,0.000000464824
1.945312500000,2.132812500000,0.000000471151
1.945312500000,2.156250000000,0.000000476361
1.945312500000,2.179687500000,0.000000480434
1.945312500000,2.203125000000,0.000000483352
1.945312500000,2.226562500000,0.000000485102
1.945312500000,2.250000000000,0.000000485673
1.945312500000,2.273437500000,0.000000485058
1.945312500000,2.296875000000,0.000000483253
1.945312500000,2.320312500000,0.000000480257
1.945312500000,2.343750000000,0.000000476073
1.945312500000,2.367187500000,0.000000470709
1.945312500000,2.390625000000,0.000000464172
1.945312500000,2.414062500000,0.000000456478
1.945312500000,2.437500000000,0.000000447642
1.945312500000,2.460937500000,0.000000437684
1.945312500000,2.484375000000,0.000000426629
1.945312500000,2.507812500000,0.000000414501
1.945312500000,2.531250000000,0.000000401332
1.945312500000,2.554687500000,0.000000387153
1.945312500000,2.578125000000,0.000000372002
1.945312500000,2.601562500000,0.000000355915
1.945312500000,2.625000000000,0.000000338936
1.945312500000,2.648437500000,0.000000321108
1.945312500000,2.671875000000,0.000000302478
1.945312500000,2.695312500000,0.000000283095
1.945312500000,2.718750000000,0.000000263010
1.945312500000,2.742187500000,0.000000242277
1.945312500000,2.765625000000,0.000000220951
1.945312500000,2.789062500000,0.000000199089
1.945312500000,2.812500000000,0.000000176749
1.945312500000,2.835937500000,0.000000153992
1.945312500000,2.859375000000,0.000000130878
1.945312500000,2.882812500000,0.000000107470
1.945312500000,2.906250000000,0.000000083830
1.945312500000,2.929687500000,0.000000060022
1.945312500000,2.953125000000,0.000000036109
1.945312500000,2.976562500000,0.000000012156
1.945312500000,3.000000000000,0.000000000000
1.968750000000,0.000000000000,0.000000000000
1.968750000000,0.023437500000,-0.000000025818
1.968750000000,0.046875000000,-0.000000043017
1.968750000000,0.070312500000,-0.000000060096
1.968750000000,0.093750000000,-0.000000077024
1.968750000000,0.117187500000,-0.000000093766
1.968750000000,0.140625000000,-0.000000110290
1.968750000000,0.164062500000,-0.000000126564
1.968750000000,0.187500000000,-0.000000142555
1.968750000000,0.210937500000,-0.000000158231
1.968750000000,0.234375000000,-0.000000173561
1.968750000000,0.257812500000,-0.000000188513
1.968750000000,0.281250000000,-0.000000203056
1.968750000000,0.304687500000,-0.000000217159
1.968750000000,0.328125000000,-0.000000230793
1.968750000000,0.351562500000,-0.000000243927
1.968750000000,0.375000000000,-0.000000256533
1.968750000000,0.398437500000,-0.000000268583
1.968750000000,0.421875000000,-0.000000280048
1.968750000000,0.445312500000,-0.000000290902
1.968750000000,0.468750000000,-0.000000301117
1.968750000000,0.492187500000,-0.000000310670
1.968750000000,0.515625000000,-0.000000319534
1.968750000000,0.539062500000,-0.000000327687
1.968750000000,0.562500000000,-0.000000335105
1.968750000000,0.585937500000,-0.000000341767
1.968750000000,0.609375000000,-0.000000347654
1.968750000000,0.632812500000,-0.000000352744
1.968750000000,0.656250000000,-0.000000357021
1.968750000000,0.679687500000,-0.000000360469
1.968750000000,0.703125000000,-0.000000363071
1.968750000000,0.726562500000,-0.000000364814
1.968750000000,0.750000000000,-0.000000365687
1.968750000000,0.773437500000,-0.000000365678
1.968750000000,0.796875000000,-0.000000364780
1.968750000000,0.820312500000,-0.000000362985
1.968750000000,0.843750000000,-0.000000360288
1.968750000000,0.867187500000,-0.000000356686
1.968750000000,0.890625000000,-0.000000352178
1.968750000000,0.914062500000,-0.000000346765
1.968750000000,0.937500000000,-0.000000340448
1.968750000000,0.960937500000,-0.000000333235
1.968750000000,0.984375000000,-0.000000325131
1.968750000000,1.007812500000,-0.000000316145
1.968750000000,1.031250000000,-0.000000306291
1.968750000000,1.054687500000,-0.000000295580
1.968750000000,1.078125000000,-0.000000284030
1.968750000000,1.101562500000,-0.000000271659
1.968750000000,1.125000000000,-0.000000258487
1.968750000000,1.148437500000,-0.000000244537
1.968750000000,1.171875000000,-0.000000229834
1.968750000000,1.195312500000,-0.000000214406
1.968750000000,1.218750000000,-0.000000198283
1.968750000000,1.242187500000,-0.000000181497
1.968750000000,1.265625000000,-0.000000164080
1.968750000000,1.289062500000,-0.000000146071
1.968750000000,1.312500000000,-0.000000127505
1.968750000000,1.335937500000,-0.000000108425
1.968750000000,1.359375000000,-0.000000088872
1.968750000000,1.382812500000,-0.000000068890
1.968750000000,1.406250000000,-0.000000048524
1.968750000000,1.429687500000,-0.000000027822
1.968750000000,1.453125000000,-0.000000006832
1.968750000000,1.476562500000,0.000000014395
1.968750000000,1.500000000000,0.000000035808
1.968750000000,1.523437500000,0.000000057354
1.968750000000,1.546875000000,0.000000078979
1.968750000000,1.570312500000,0.000000100630
1.968750000000,1.593750000000,0.000000122249
1.968750000000,1.617187500000,0.000000143783
1.968750000000,1.640625000000,0.000000165174
1.968750000000,1.664062500000,0.000000186366
1.968750000000,1.687500000000,0.000000207302
1.968750000000,1.710937500000,0.000000227925
1.968750000000,1.734375000000,0.000000248179
1.968750000000,1.757812500000,0.000000268009
1.968750000000,1.781250000000,0.000000287358
1.968750000000,1.804687500000,0.000000306173
1.968750000000,1.828125000000,0.000000324398
1.968750000000,1.851562500000,0.000000341983
1.968750000000,1.875000000000,0.000000358876
1.968750000000,1.898437500000,0.000000375026
1.968750000000,1.921875000000,0.000000390385
1.968750000000,1.945312500000,0.000000404908
1.968750000000,1.968750000000,0.000000418550
1.968750000000,1.992187500000,0.000000431268
1.968750000000,2.015625000000,0.000000443023
1.968750000000,2.039062500000,0.000000453776
1.968750000000,2.062500000000,0.000000463493
1.968750000000,2.085937500000,0.000000472141
1.968750000000,2.109375000000,0.000000479691
1.968750000000,2.132812500000,0.000000486116
1.968750000000,2.156250000000,0.000000491392
1.968750000000,2.179687500000,0.000000495499
1.968750000000,2.203125000000,0.000000498420
1.968750000000,2.226562500000,0.000000500140
1.968750000000,2.250000000000,0.000000500649
1.968750000000,2.273437500000,0.000000499939
1.968750000000,2.296875000000,0.000000498008
1.968750000000,2.320312500000,0.000000494854
1.968750000000,2.343750000000,0.000000490480
1.968750000000,2.367187500000,0.000000484894
1.968750000000,2.390625000000,0.000000478106
1.968750000000,2.414062500000,0.000000470130
1.968750000000,2.437500000000,0.000000460982
1.968750000000,2.460937500000,0.000000450684
1.968750000000,2.484375000000,0.000000439259
1.968750000000,2.507812500000,0.000000426735
1.968750000000,2.531250000000,0.000000413143
1.968750000000,2.554687500000,0.000000398516
1.968750000000,2.578125000000,0.000000382891
1.968750000000,2.601562500000,0.000000366308
1.968750000000,2.625000000000,0.000000348810
1.968750000000,2.648437500000,0.000000330442
1.968750000000,2.671875000000,0.000000311252
1.968750000000,2.695312500000,0.000000291291
1.968750000000,2.718750000000,0.000000270610
1.968750000000,2.742187500000,0.000000249266
1.968750000000,2.765625000000,0.000000227313
1.968750000000,2.789062500000,0.000000204812
1.968750000000,2.812500000000,0.000000181822
1.968750000000,2.835937500000,0.000000158405
1.968750000000,2.859375000000,0.000000134622
1.968750000000,2.882812500000,0.000000110539
1.968750000000,2.906250000000,0.000000086218
1.968750000000,2.929687500000,0.000000061726
1.968750000000,2.953125000000,0.000000037127
1.968750000000,2.976562500000,0.000000012487
1.968750000000,3.000000000000,0.000000000000
1.992187500000,0.000000000000,0.000000000000
1.992187500000,0.023437500000,-0.000000026545
1.992187500000,0.046875000000,-0.000000044217
1.992187500000,0.070312500000,-0.000000061767
1.992187500000,0.093750000000,-0.000000079158
1.992187500000,0.117187500000,-0.000000096358
1.992187500000,0.140625000000,-0.000000113332
1.992187500000,0.164062500000,-0.000000130047
1.992187500000,0.187500000000,-0.000000146468
1.992187500000,0.210937500000,-0.000000162564
1.992187500000,0.234375000000,-0.000000178300
1.992187500000,0.257812500000,-0.000000193646
1.992187500000,0.281250000000,-0.000000208568
1.992187500000,0.304687500000,-0.000000223035
1.992187500000,0.328125000000,-0.000000237016
1.992187500000,0.351562500000,-0.000000250481
1.992187500000,0.375000000000,-0.000000263400
1.992187500000,0.398437500000,-0.000000275743
1.992187500000,0.421875000000,-0.000000287482
1.992187500000,0.445312500000,-0.000000298590
1.992187500000,0.468750000000,-0.000000309038
1.992187500000,0.492187500000,-0.000000318801
1.992187500000,0.515625000000,-0.000000327854
1.992187500000,0.539062500000,-0.000000336172
1.992187500000,0.562500000000,-0.000000343732
1.992187500000,0.585937500000,-0.000000350513
1.992187500000,0.609375000000,-0.000000356493
1.992187500000,0.632812500000,-0.000000361653
1.992187500000,0.656250000000,-0.000000365975
1.992187500000,0.679687500000,-0.000000369442
1.992187500000,0.703125000000,-0.000000372038
1.992187500000,0.726562500000,-0.000000373750
1.992187500000,0.750000000000,-0.000000374567
1.992187500000,0.773437500000,-0.000000374476
1.992187500000,0.796875000000,-0.000000373470
1.992187500000,0.820312500000,-0.000000371543
1.992187500000,0.843750000000,-0.000000368688
1.992187500000,0.867187500000,-0.000000364904
1.992187500000,0.890625000000,-0.000000360189
1.992187500000,0.914062500000,-0.000000354544
1.992187500000,0.937500000000,-0.000000347973
1.992187500000,0.960937500000,-0.000000340482
1.992187500000,0.984375000000,-0.000000332077
1.992187500000,1.007812500000,-0.000000322769
1.992187500000,1.031250000000,-0.000000312570
1.992187500000,1.054687500000,-0.000000301495
1.992187500000,1.078125000000,-0.000000289560
1.992187500000,1.101562500000,-0.000000276785
1.992187500000,1.125000000000,-0.000000263191
1.992187500000,1.148437500000,-0.000000248801
1.992187500000,1.171875000000,-0.000000233643
1.992187500000,1.195312500000,-0.000000217744
1.992187500000,1.218750000000,-0.000000201135
1.992187500000,1.242187500000,-0.000000183850
1.992187500000,1.265625000000,-0.000000165923
1.992187500000,1.289062500000,-0.000000147391
1.992187500000,1.312500000000,-0.000000128295
1.992187500000,1.335937500000,-0.000000108675
1.992187500000,1.359375000000,-0.000000088574
1.992187500000,1.382812500000,-0.000000068039
1.992187500000,1.406250000000,-0.000000047115
1.992187500000,1.429687500000,-0.000000025852
1.992187500000,1.453125000000,-0.000000004300
1.992187500000,1.476562500000,0.000000017491
1.992187500000,1.500000000000,0.000000039467
1.992187500000,1.523437500000,0.000000061573
1.992187500000,1.546875000000,0.000000083756
1.992187500000,1.570312500000,0.000000105958
1.992187500000,1.593750000000,0.000000128124
1.992187500000,1.617187500000,0.000000150196
1.992187500000,1.640625000000,0.000000172117
1.992187500000,1.664062500000,0.000000193828
1.992187500000,1.687500000000,0.000000215271
1.992187500000,1.710937500000,0.000000236389
1.992187500000,1.734375000000,0.000000257124
1.992187500000,1.757812500000,0.000000277419
1.992187500000,1.781250000000,0.000000297217
1.992187500000,1.804687500000,0.000000316462
1.992187500000,1.828125000000,0.000000335100
1.992187500000,1.851562500000,0.000000353077
1.992187500000,1.875000000000,0.000000370340
1.992187500000,1.898437500000,0.000000386839
1.992187500000,1.921875000000,0.000000402524
1.992187500000,1.945312500000,0.000000417349
1.992187500000,1.968750000000,0.000000431268
1.992187500000,1.992187500000,0.000000444238
1.992187500000,2.015625000000,0.000000456218
1.992187500000,2.039062500000,0.000000467170
1.992187500000,2.062500000000,0.000000477058
1.992187500000,2.085937500000,0.000000485849
1.992187500000,2.109375000000,0.000000493514
1.992187500000,2.132812500000,0.000000500025
1.992187500000,2.156250000000,0.000000505358
1.992187500000,2.179687500000,0.000000509492
1.992187500000,2.203125000000,0.000000512410
1.992187500000,2.226562500000,0.000000514099
1.992187500000,2.250000000000,0.000000514546
1.992187500000,2.273437500000,0.000000513745
1.992187500000,2.296875000000,0.000000511693
1.992187500000,2.320312500000,0.000000508388
1.992187500000,2.343750000000,0.000000503836
1.992187500000,2.367187500000,0.000000498042
1.992187500000,2.390625000000,0.000000491018
1.992187500000,2.414062500000,0.000000482777
1.992187500000,2.437500000000,0.000000473338
1.992187500000,2.460937500000,0.000000462722
1.992187500000,2.484375000000,0.000000450953
1.992187500000,2.507812500000,0.000000438060
1.992187500000,2.531250000000,0.000000424075
1.992187500000,2.554687500000,0.000000409031
1.992187500000,2.578125000000,0.000000392967
1.992187500000,2.601562500000,0.000000375923
1.992187500000,2.625000000000,0.000000357944
1.992187500000,2.648437500000,0.000000339075
1.992187500000,2.671875000000,0.000000319366
1.992187500000,2.695312500000,0.000000298869
1.992187500000,2.718750000000,0.000000277637
1.992187500000,2.742187500000,0.000000255726
1.992187500000,2.765625000000,0.000000233195
1.992187500000,2.789062500000,0.000000210102
1.992187500000,2.812500000000,0.000000186511
1.992187500000,2.835937500000,0.000000162483
1.992187500000,2.859375000000,0.000000138082
1.992187500000,2.882812500000,0.000000113374
1.992187500000,2.906250000000,0.000000088424
1.992187500000,2.929687500000,0.000000063299
1.992187500000,2.953125000000,0.000000038066
1.992187500000,2.976562500000,0.000000012791
1.992187500000,3.000000000000,0.000000000000
2.015625000000,0.000000000000,0.000000000000
2.015625000000,0.023437500000,-0.000000027211
2.015625000000,0.046875000000,-0.000000045318
2.015625000000,0.070312500000,-0.000000063297
2.015625000000,0.093750000000,-0.000000081113
2.015625000000,0.117187500000,-0.000000098732
2.015625000000,0.140625000000,-0.000000116117
2.015625000000,0.164062500000,-0.000000133234
2.015625000000,0.187500000000,-0.000000150049
2.015625000000,0.210937500000,-0.000000166528
2.015625000000,0.234375000000,-0.000000182636
2.015625000000,0.257812500000,-0.000000198341
2.015625000000,0.281250000000,-0.000000213609
2.015625000000,0.304687500000,-0.000000228408
2.015625000000,0.328125000000,-0.000000242706
2.015625000000,0.351562500000,-0.000000256472
2.015625000000,0.375000000000,-0.000000269675
2.015625000000,0.398437500000,-0.000000282285
2.015625000000,0.421875000000,-0.000000294272
2.015625000000,0.445312500000,-0.000000305609
2.015625000000,0.468750000000,-0.000000316267
2.015625000000,0.492187500000,-0.000000326220
2.015625000000,0.515625000000,-0.000000335442
2.015625000000,0.539062500000,-0.000000343909
2.015625000000,0.562500000000,-0.000000351596
2.015625000000,0.585937500000,-0.000000358481
2.015625000000,0.609375000000,-0.000000364543
2.015625000000,0.632812500000,-0.000000369763
2.015625000000,0.656250000000,-0.000000374121
2.015625000000,0.679687500000,-0.000000377601
2.015625000000,0.703125000000,-0.000000380188
2.015625000000,0.726562500000,-0.000000381867
2.015625000000,0.750000000000,-0.000000382627
2.015625000000,0.773437500000,-0.000000382456
2.015625000000,0.796875000000,-0.000000381347
2.015625000000,0.820312500000,-0.000000379293
2.015625000000,0.843750000000,-0.000000376289
2.015625000000,0.867187500000,-0.000000372333
2.015625000000,0.890625000000,-0.000000367423
2.015625000000,0.914062500000,-0.000000361562
2.015625000000,0.937500000000,-0.000000354753
2.015625000000,0.960937500000,-0.000000347002
2.015625000000,0.984375000000,-0.000000338318
2.015625000000,1.007812500000,-0.000000328710
2.015625000000,1.031250000000,-0.000000318191
2.015625000000,1.054687500000,-0.000000306777
2.015625000000,1.078125000000,-0.000000294486
2.015625000000,1.101562500000,-0.000000281337
2.015625000000,1.125000000000,-0.000000267352
2.015625000000,1.148437500000,-0.000000252556
2.015625000000,1.171875000000,-0.000000236977
2.015625000000,1.195312500000,-0.000000220644
2.015625000000,1.218750000000,-0.000000203587
2.015625000000,1.242187500000,-0.000000185842
2.015625000000,1.265625000000,-0.000000167445
2.015625000000,1.289062500000,-0.000000148434
2.015625000000,1.312500000000,-0.000000128849
2.015625000000,1.335937500000,-0.000000108733
2.015625000000,1.359375000000,-0.000000088130
2.015625000000,1.382812500000,-0.000000067087
2.015625000000,1.406250000000,-0.000000045652
2.015625000000,1.429687500000,-0.000000023874
2.015625000000,1.453125000000,-0.000000001806
2.015625000000,1.476562500000,0.000000020500
2.015625000000,1.500000000000,0.000000042991
2.015625000000,1.523437500000,0.000000065610
2.015625000000,1.546875000000,0.000000088301
2.015625000000,1.570312500000,0.000000111008
2.015625000000,1.593750000000,0.000000133673
2.015625000000,1.617187500000,0.000000156236
2.015625000000,1.640625000000,0.000000178639
2.015625000000,1.664062500000,0.000000200822
2.015625000000,1.687500000000,0.000000222728
2.015625000000,1.710937500000,0.000000244296
2.015625000000,1.734375000000,0.000000265468
2.015625000000,1.757812500000,0.000000286185
2.015625000000,1.781250000000,0.000000306390
2.015625000000,1.804687500000,0.000000326025
2.015625000000,1.828125000000,0.000000345036
2.015625000000,1.851562500000,0.000000363367
2.015625000000,1.875000000000,0.000000380965
2.015625000000,1.898437500000,0.000000397779
2.015625000000,1.921875000000,0.000000413758
2.015625000000,1.945312500000,0.000000428855
2.015625000000,1.968750000000,0.000000443023
2.015625000000,1.992187500000,0.000000456218
2.015625000000,2.015625000000,0.000000468399
2.015625000000,2.039062500000,0.000000479528
2.015625000000,2.062500000000,0.000000489568
2.015625000000,2.085937500000,0.000000498485
2.015625000000,2.109375000000,0.000000506250
2.015625000000,2.132812500000,0.000000512834
2.015625000000,2.156250000000,0.000000518214
2.015625000000,2.179687500000,0.000000522369
2.015625000000,2.203125000000,0.000000525280
2.015625000000,2.226562500000,0.000000526935
2.015625000000,2.250000000000,0.000000527321
2.015625000000,2.273437500000,0.000000526432
2.015625000000,2.296875000000,0.000000524265
2.015625000000,2.320312500000,0.000000520819
2.015625000000,2.343750000000,0.000000516099
2.015625000000,2.367187500000,0.000000510111
2.015625000000,2.390625000000,0.000000502867
2.015625000000,2.414062500000,0.000000494381
2.015625000000,2.437500000000,0.000000484672
2.015625000000,2.460937500000,0.000000473762
2.015625000000,2.484375000000,0.000000461675
2.015625000000,2.507812500000,0.000000448442
2.015625000000,2.531250000000,0.000000434094
2.015625000000,2.554687500000,0.000000418666
2.015625000000,2.578125000000,0.000000402198
2.015625000000,2.601562500000,0.000000384731
2.015625000000,2.625000000000,0.000000366309
2.015625000000,2.648437500000,0.000000346981
2.015625000000,2.671875000000,0.000000326796
2.015625000000,2.695312500000,0.000000305806
2.015625000000,2.718750000000,0.000000284069
2.015625000000,2.742187500000,0.000000261639
2.015625000000,2.765625000000,0.000000238577
2.015625000000,2.789062500000,0.000000214943
2.015625000000,2.812500000000,0.000000190800
2.015625000000,2.835937500000,0.000000166213
2.015625000000,2.859375000000,0.000000141246
2.015625000000,2.882812500000,0.000000115966
2.015625000000,2.906250000000,0.000000090441
2.015625000000,2.929687500000,0.000000064737
2.015625000000,2.953125000000,0.000000038923
2.015625000000,2.976562500000,0.000000013068
2.015625000000,3.000000000000,0.000000000000
2.039062500000,0.000000000000,0.000000000000
2.039062500000,0.023437500000,-0.000000027816
2.039062500000,0.046875000000,-0.000000046315
2.039062500000,0.070312500000,-0.000000064683
2.039062500000,0.093750000000,-0.000000082884
2.039062500000,0.117187500000,-0.000000100881
2.039062500000,0.140625000000,-0.000000118638
2.039062500000,0.164062500000,-0.000000136119
2.039062500000,0.187500000000,-0.000000153289
2.039062500000,0.210937500000,-0.000000170114
2.039062500000,0.234375000000,-0.000000186557
2.039062500000,0.257812500000,-0.000000202586
2.039062500000,0.281250000000,-0.000000218166
2.039062500000,0.304687500000,-0.000000233263
2.039062500000,0.328125000000,-0.000000247847
2.039062500000,0.351562500000,-0.000000261883
2.039062500000,0.375000000000,-0.000000275340
2.039062500000,0.398437500000,-0.000000288189
2.039062500000,0.421875000000,-0.000000300399
2.039062500000,0.445312500000,-0.000000311940
2.039062500000,0.468750000000,-0.000000322786
2.039062500000,0.492187500000,-0.000000332907
2.039062500000,0.515625000000,-0.000000342279
2.039062500000,0.539062500000,-0.000000350876
2.039062500000,0.562500000000,-0.000000358673
2.039062500000,0.585937500000,-0.000000365649
2.039062500000,0.609375000000,-0.000000371781
2.039062500000,0.632812500000,-0.000000377050
2.039062500000,0.656250000000,-0.000000381437
2.039062500000,0.679687500000,-0.000000384925
2.039062500000,0.703125000000,-0.000000387497
2.039062500000,0.726562500000,-0.000000389142
2.039062500000,0.750000000000,-0.000000389845
2.039062500000,0.773437500000,-0.000000389597
2.039062500000,0.796875000000,-0.000000388389
2.039062500000,0.820312500000,-0.000000386215
2.039062500000,0.843750000000,-0.000000383071
2.039062500000,0.867187500000,-0.000000378954
2.039062500000,0.890625000000,-0.000000373863
2.039062500000,0.914062500000,-0.000000367800
2.039062500000,0.937500000000,-0.000000360770
2.039062500000,0.960937500000,-0.000000352779
2.039062500000,0.984375000000,-0.000000343836
2.039062500000,1.007812500000,-0.000000333951
2.039062500000,1.031250000000,-0.000000323139
2.039062500000,1.054687500000,-0.000000311414
2.039062500000,1.078125000000,-0.000000298795
2.039062500000,1.101562500000,-0.000000285303
2.039062500000,1.125000000000,-0.000000270961
2.039062500000,1.148437500000,-0.000000255794
2.039062500000,1.171875000000,-0.000000239829
2.039062500000,1.195312500000,-0.000000223099
2.039062500000,1.218750000000,-0.000000205634
2.039062500000,1.242187500000,-0.000000187471
2.039062500000,1.265625000000,-0.000000168645
2.039062500000,1.289062500000,-0.000000149197
2.039062500000,1.312500000000,-0.000000129167
2.039062500000,1.335937500000,-0.000000108601
2.039062500000,1.359375000000,-0.000000087542
2.039062500000,1.382812500000,-0.000000066038
2.039062500000,1.406250000000,-0.000000044140
2.039062500000,1.429687500000,-0.000000021897
2.039062500000,1.453125000000,0.000000000638
2.039062500000,1.476562500000,0.000000023411
2.039062500000,1.500000000000,0.000000046367
2.039062500000,1.523437500000,0.000000069449
2.039062500000,1.546875000000,0.000000092600
2.039062500000,1.570312500000,0.000000115762
2.039062500000,1.593750000000,0.000000138875
2.039062500000,1.617187500000,0.000000161880
2.039062500000,1.640625000000,0.000000184717
2.039062500000,1.664062500000,0.000000207326
2.039062500000,1.687500000000,0.000000229647
2.039062500000,1.710937500000,0.000000251618
2.039062500000,1.734375000000,0.000000273182
2.039062500000,1.757812500000,0.000000294277
2.039062500000,1.781250000000,0.000000314846
2.039062500000,1.804687500000,0.000000334831
2.039062500000,1.828125000000,0.000000354174
2.039062500000,1.851562500000,0.000000372821
2.039062500000,1.875000000000,0.000000390718
2.039062500000,1.898437500000,0.000000407811
2.039062500000,1.921875000000,0.000000424051
2.039062500000,1.945312500000,0.000000439388
2.039062500000,1.968750000000,0.000000453776
2.039062500000,1.992187500000,0.000000467170
2.039062500000,2.015625000000,0.000000479528
2.039062500000,2.039062500000,0.000000490811
2.039062500000,2.062500000000,0.000000500983
2.039062500000,2.085937500000,0.000000510009
2.039062500000,2.109375000000,0.000000517859
2.039062500000,2.132812500000,0.000000524504
2.039062500000,2.156250000000,0.000000529922
2.039062500000,2.179687500000,0.000000534089
2.039062500000,2.203125000000,0.000000536989
2.039062500000,2.226562500000,0.000000538608
2.039062500000,2.250000000000,0.000000538934
2.039062500000,2.273437500000,0.000000537961
2.039062500000,2.296875000000,0.000000535685
2.039062500000,2.320312500000,0.000000532107
2.039062500000,2.343750000000,0.000000527230
2.039062500000,2.367187500000,0.000000521062
2.039062500000,2.390625000000,0.000000513616
2.039062500000,2.414062500000,0.000000504904
2.039062500000,2.437500000000,0.000000494948
2.039062500000,2.460937500000,0.000000483768
2.039062500000,2.484375000000,0.000000471392
2.039062500000,2.507812500000,0.000000457848
2.039062500000,2.531250000000,0.000000443169
2.039062500000,2.554687500000,0.000000427392
2.039062500000,2.578125000000,0.000000410556
2.039062500000,2.601562500000,0.000000392703
2.039062500000,2.625000000000,0.000000373880
2.039062500000,2.648437500000,0.000000354134
2.039062500000,2.671875000000,0.000000333517
2.039062500000,2.695312500000,0.000000312082
2.039062500000,2.718750000000,0.000000289885
2.039062500000,2.742187500000,0.000000266986
2.039062500000,2.765625000000,0.000000243443
2.039062500000,2.789062500000,0.000000219319
2.039062500000,2.812500000000,0.000000194677
2.039062500000,2.835937500000,0.000000169584
2.039062500000,2.859375000000,0.000000144105
2.039062500000,2.882812500000,0.000000118309
2.039062500000,2.906250000000,0.000000092262
2.039062500000,2.929687500000,0.000000066035
2.039062500000,2.953125000000,0.000000039696
2.039062500000,2.976562500000,0.000000013316
2.039062500000,3.000000000000,0.000000000000
2.062500000000,0.000000000000,0.000000000000
2.062500000000,0.023437500000,-0.000000028356
2.062500000000,0.046875000000,-0.000000047206
2.062500000000,0.070312500000,-0.000000065921
2.062500000000,0.093750000000,-0.000000084464
2.062500000000,0.117187500000,-0.000000102798
2.062500000000,0.140625000000,-0.000000120886
2.062500000000,0.164062500000,-0.000000138692
2.062500000000,0.187500000000,-0.000000156179
2.062500000000,0.210937500000,-0.000000173311
2.062500000000,0.234375000000,-0.000000190052
2.062500000000,0.257812500000,-0.000000206369
2.062500000000,0.281250000000,-0.000000222225
2.062500000000,0.304687500000,-0.000000237587
2.062500000000,0.328125000000,-0.000000252423
2.062500000000,0.351562500000,-0.000000266697
2.062500000000,0.375000000000,-0.000000280380
2.062500000000,0.398437500000,-0.000000293439
2.062500000000,0.421875000000,-0.000000305845
2.062500000000,0.445312500000,-0.000000317566
2.062500000000,0.468750000000,-0.000000328574
2.062500000000,0.492187500000,-0.000000338843
2.062500000000,0.515625000000,-0.000000348344
2.062500000000,0.539062500000,-0.000000357053
2.062500000000,0.562500000000,-0.000000364945
2.062500000000,0.585937500000,-0.000000371997
2.062500000000,0.609375000000,-0.000000378187
2.062500000000,0.632812500000,-0.000000383495
2.062500000000,0.656250000000,-0.000000387902
2.062500000000,0.679687500000,-0.000000391391
2.062500000000,0.703125000000,-0.000000393946
2.062500000000,0.726562500000,-0.000000395553
2.062500000000,0.750000000000,-0.000000396201
2.062500000000,0.773437500000,-0.000000395878
2.062500000000,0.796875000000,-0.000000394577
2.062500000000,0.820312500000,-0.000000392290
2.062500000000,0.843750000000,-0.000000389015
2.062500000000,0.867187500000,-0.000000384748
2.062500000000,0.890625000000,-0.000000379489
2.062500000000,0.914062500000,-0.000000373241
2.062500000000,0.937500000000,-0.000000366008
2.062500000000,0.960937500000,-0.000000357798
2.062500000000,0.984375000000,-0.000000348618
2.062500000000,1.007812500000,-0.000000338481
2.062500000000,1.031250000000,-0.000000327400
2.062500000000,1.054687500000,-0.000000315392
2.062500000000,1.078125000000,-0.000000302477
2.062500000000,1.101562500000,-0.000000288674
2.062500000000,1.125000000000,-0.000000274008
2.062500000000,1.148437500000,-0.000000258505
2.062500000000,1.171875000000,-0.000000242194
2.062500000000,1.195312500000,-0.000000225105
2.062500000000,1.218750000000,-0.000000207273
2.062500000000,1.242187500000,-0.000000188732
2.062500000000,1.265625000000,-0.000000169521
2.062500000000,1.289062500000,-0.000000149681
2.062500000000,1.312500000000,-0.000000129253
2.062500000000,1.335937500000,-0.000000108282
2.062500000000,1.359375000000,-0.000000086815
2.062500000000,1.382812500000,-0.000000064900
2.062500000000,1.406250000000,-0.000000042586
2.062500000000,1.429687500000,-0.000000019927
2.062500000000,1.453125000000,0.000000003024
2.062500000000,1.476562500000,0.000000026213
2.062500000000,1.500000000000,0.000000049583
2.062500000000,1.523437500000,0.000000073077
2.062500000000,1.546875000000,0.000000096636
2.062500000000,1.570312500000,0.000000120202
2.062500000000,1.593750000000,0.000000143713
2.062500000000,1.617187500000,0.000000167110
2.062500000000,1.640625000000,0.000000190332
2.062500000000,1.664062500000,0.000000213317
2.062500000000,1.687500000000,0.000000236004
2.062500000000,1.710937500000,0.000000258332
2.062500000000,1.734375000000,0.000000280240
2.062500000000,1.757812500000,0.000000301668
2.062500000000,1.781250000000,0.000000322558
2.062500000000,1.804687500000,0.000000342849
2.062500000000,1.828125000000,0.000000362484
2.062500000000,1.851562500000,0.000000381408
2.062500000000,1.875000000000,0.000000399565
2.062500000000,1.898437500000,0.000000416903
2.062500000000,1.921875000000,0.000000433369
2.062500000000,1.945312500000,0.000000448915
2.062500000000,1.968750000000,0.000000463493
2.062500000000,1.992187500000,0.000000477058
2.062500000000,2.015625000000,0.000000489568
2.062500000000,2.039062500000,0.000000500983
2.062500000000,2.062500000000,0.000000511266
2.062500000000,2.085937500000,0.000000520383
2.062500000000,2.109375000000,0.000000528302
2.062500000000,2.132812500000,0.000000534997
2.062500000000,2.156250000000,0.000000540441
2.062500000000,2.179687500000,0.000000544614
2.062500000000,2.203125000000,0.000000547499
2.062500000000,2.226562500000,0.000000549080
2.062500000000,2.250000000000,0.000000549347
2.062500000000,2.273437500000,0.000000548294
2.062500000000,2.296875000000,0.000000545916
2.062500000000,2.320312500000,0.000000542214
2.062500000000,2.343750000000,0.000000537194
2.062500000000,2.367187500000,0.000000530862
2.062500000000,2.390625000000,0.000000523230
2.062500000000,2.414062500000,0.000000514314
2.062500000000,2.437500000000,0.000000504132
2.062500000000,2.460937500000,0.000000492710
2.062500000000,2.484375000000,0.000000480071
2.062500000000,2.507812500000,0.000000466247
2.062500000000,2.531250000000,0.000000451271
2.062500000000,2.554687500000,0.000000435179
2.062500000000,2.578125000000,0.000000418013
2.062500000000,2.601562500000,0.000000399815
2.062500000000,2.625000000000,0.000000380632
2.062500000000,2.648437500000,0.000000360512
2.062500000000,2.671875000000,0.000000339509
2.062500000000,2.695312500000,0.000000317675
2.062500000000,2.718750000000,0.000000295069
2.062500000000,2.742187500000,0.000000271749
2.062500000000,2.765625000000,0.000000247778
2.062500000000,2.789062500000,0.000000223216
2.062500000000,2.812500000000,0.000000198130
2.062500000000,2.835937500000,0.000000172585
2.062500000000,2.859375000000,0.000000146650
2.062500000000,2.882812500000,0.000000120393
2.062500000000,2.906250000000,0.000000093882
2.062500000000,2.929687500000,0.000000067189
2.062500000000,2.953125000000,0.000000040383
2.062500000000,2.976562500000,0.000000013535
2.062500000000,3.000000000000,0.000000000000
2.085937500000,0.000000000000,0.000000000000
2.085937500000,0.023437500000,-0.000000028831
2.085937500000,0.046875000000,-0.000000047988
2.085937500000,0.070312500000,-0.000000067007
2.085937500000,0.093750000000,-0.000000085850
2.085937500000,0.117187500000,-0.000000104479
2.085937500000,0.140625000000,-0.000000122857
2.085937500000,0.164062500000,-0.000000140946
2.085937500000,0.187500000000,-0.000000158709
2.085937500000,0.210937500000,-0.000000176109
2.085937500000,0.234375000000,-0.000000193111
2.085937500000,0.257812500000,-0.000000209678
2.085937500000,0.281250000000,-0.000000225775
2.085937500000,0.304687500000,-0.000000241367
2.085937500000,0.328125000000,-0.000000256421
2.085937500000,0.351562500000,-0.000000270903
2.085937500000,0.375000000000,-0.000000284780
2.085937500000,0.398437500000,-0.000000298021
2.085937500000,0.421875000000,-0.000000310594
2.085937500000,0.445312500000,-0.000000322469
2.085937500000,0.468750000000,-0.000000333617
2.085937500000,0.492187500000,-0.000000344010
2.085937500000,0.515625000000,-0.000000353621
2.085937500000,0.539062500000,-0.000000362423
2.085937500000,0.562500000000,-0.000000370394
2.085937500000,0.585937500000,-0.000000377507
2.085937500000,0.609375000000,-0.000000383742
2.085937500000,0.632812500000,-0.000000389079
2.085937500000,0.656250000000,-0.000000393499
2.085937500000,0.679687500000,-0.000000396983
2.085937500000,0.703125000000,-0.000000399516
2.085937500000,0.726562500000,-0.000000401085
2.085937500000,0.750000000000,-0.000000401677
2.085937500000,0.773437500000,-0.000000401283
2.085937500000,0.796875000000,-0.000000399893
2.085937500000,0.820312500000,-0.000000397501
2.085937500000,0.843750000000,-0.000000394104
2.085937500000,0.867187500000,-0.000000389699
2.085937500000,0.890625000000,-0.000000384287
2.085937500000,0.914062500000,-0.000000377870
2.085937500000,0.937500000000,-0.000000370453
2.085937500000,0.960937500000,-0.000000362043
2.085937500000,0.984375000000,-0.000000352650
2.085937500000,1.007812500000,-0.000000342286
2.085937500000,1.031250000000,-0.000000330964
2.085937500000,1.054687500000,-0.000000318703
2.085937500000,1.078125000000,-0.000000305521
2.085937500000,1.101562500000,-0.000000291441
2.085937500000,1.125000000000,-0.000000276486
2.085937500000,1.148437500000,-0.000000260684
2.085937500000,1.171875000000,-0.000000244064
2.085937500000,1.195312500000,-0.000000226658
2.085937500000,1.218750000000,-0.000000208499
2.085937500000,1.242187500000,-0.000000189624
2.085937500000,1.265625000000,-0.000000170073
2.085937500000,1.289062500000,-0.000000149886
2.085937500000,1.312500000000,-0.000000129106
2.085937500000,1.335937500000,-0.000000107780
2.085937500000,1.359375000000,-0.000000085953
2.085937500000,1.382812500000,-0.000000063676
2.085937500000,1.406250000000,-0.000000040999
2.085937500000,1.429687500000,-0.000000017975
2.085937500000,1.453125000000,0.000000005341
2.085937500000,1.476562500000,0.000000028894
2.085937500000,1.500000000000,0.000000052627
2.085937500000,1.523437500000,0.000000076480
2.085937500000,1.546875000000,0.000000100395
2.085937500000,1.570312500000,0.000000124313
2.085937500000,1.593750000000,0.000000148171
2.085937500000,1.617187500000,0.000000171908
2.085937500000,1.640625000000,0.000000195463
2.085937500000,1.664062500000,0.000000218773
2.085937500000,1.687500000000,0.000000241778
2.085937500000,1.710937500000,0.000000264413
2.085937500000,1.734375000000,0.000000286619
2.085937500000,1.757812500000,0.000000308335
2.085937500000,1.781250000000,0.000000329499
2.085937500000,1.804687500000,0.000000350053
2.085937500000,1.828125000000,0.000000369938
2.085937500000,1.851562500000,0.000000389099
2.085937500000,1.875000000000,0.000000407478
2.085937500000,1.898437500000,0.000000425023
2.085937500000,1.921875000000,0.000000441681
2.085937500000,1.945312500000,0.000000457403
2.085937500000,1.968750000000,0.000000472141
2.085937500000,1.992187500000,0.000000485849
2.085937500000,2.015625000000,0.000000498485
2.085937500000,2.039062500000,0.000000510009
2.085937500000,2.062500000000,0.000000520383
2.085937500000,2.085937500000,0.000000529572
2.085937500000,2.109375000000,0.000000537546
2.085937500000,2.132812500000,0.000000544276
2.085937500000,2.156250000000,0.000000549738
2.085937500000,2.179687500000,0.000000553910
2.085937500000,2.203125000000,0.000000556774
2.085937500000,2.226562500000,0.000000558317
2.085937500000,2.250000000000,0.000000558526
2.085937500000,2.273437500000,0.000000557397
2.085937500000,2.296875000000,0.000000554924
2.085937500000,2.320312500000,0.000000551110
2.085937500000,2.343750000000,0.000000545958
2.085937500000,2.367187500000,0.000000539477
2.085937500000,2.390625000000,0.000000531678
2.085937500000,2.414062500000,0.000000522579
2.085937500000,2.437500000000,0.000000512196
2.085937500000,2.460937500000,0.000000500556
2.085937500000,2.484375000000,0.000000487684
2.085937500000,2.507812500000,0.000000473612
2.085937500000,2.531250000000,0.000000458372
2.085937500000,2.554687500000,0.000000442004
2.085937500000,2.578125000000,0.000000424546
2.085937500000,2.601562500000,0.000000406043
2.085937500000,2.625000000000,0.000000386543
2.085937500000,2.648437500000,0.000000366095
2.085937500000,2.671875000000,0.000000344751
2.085937500000,2.695312500000,0.000000322568
2.085937500000,2.718750000000,0.000000299602
2.085937500000,2.742187500000,0.000000275914
2.085937500000,2.765625000000,0.000000251566
2.085937500000,2.789062500000,0.000000226621
2.085937500000,2.812500000000,0.000000201146
2.085937500000,2.835937500000,0.000000175207
2.085937500000,2.859375000000,0.000000148872
2.085937500000,2.882812500000,0.000000122212
2.085937500000,2.906250000000,0.000000095296
2.085937500000,2.929687500000,0.000000068195
2.085937500000,2.953125000000,0.000000040981
2.085937500000,2.976562500000,0.000000013724
2.085937500000,3.000000000000,0.000000000000
2.109375000000,0.000000000000,0.000000000000
2.109375000000,0.023437500000,-0.000000029240
2.109375000000,0.046875000000,-0.000000048659
2.109375000000,0.070312500000,-0.000000067937
2.109375000000,0.093750000000,-0.000000087037
2.109375000000,0.117187500000,-0.000000105918
2.109375000000,0.140625000000,-0.000000124544
2.109375000000,0.164062500000,-0.000000142874
2.109375000000,0.187500000000,-0.000000160873
2.109375000000,0.210937500000,-0.000000178502
2.109375000000,0.234375000000,-0.000000195724
2.109375000000,0.257812500000,-0.000000212504
2.109375000000,0.281250000000,-0.000000228806
2.109375000000,0.304687500000,-0.000000244592
2.109375000000,0.328125000000,-0.000000259831
2.109375000000,0.351562500000,-0.000000274487
2.109375000000,0.375000000000,-0.000000288527
2.109375000000,0.398437500000,-0.000000301919
2.109375000000,0.421875000000,-0.000000314633
2.109375000000,0.445312500000,-0.000000326635
2.109375000000,0.468750000000,-0.000000337899
2.109375000000,0.492187500000,-0.000000348394
2.109375000000,0.515625000000,-0.000000358093
2.109375000000,0.539062500000,-0.000000366971
2.109375000000,0.562500000000,-0.000000375002
2.109375000000,0.585937500000,-0.000000382163
2.109375000000,0.609375000000,-0.000000388431
2.109375000000,0.632812500000,-0.000000393787
2.109375000000,0.656250000000,-0.000000398210
2.109375000000,0.679687500000,-0.000000401683
2.109375000000,0.703125000000,-0.000000404191
2.109375000000,0.726562500000,-0.000000405721
2.109375000000,0.750000000000,-0.000000406259
2.109375000000,0.773437500000,-0.000000405795
2.109375000000,0.796875000000,-0.000000404322
2.109375000000,0.820312500000,-0.000000401832
2.109375000000,0.843750000000,-0.000000398324
2.109375000000,0.867187500000,-0.000000393794
2.109375000000,0.890625000000,-0.000000388243
2.109375000000,0.914062500000,-0.000000381674
2.109375000000,0.937500000000,-0.000000374092
2.109375000000,0.960937500000,-0.000000365505
2.109375000000,0.984375000000,-0.000000355922
2.109375000000,1.007812500000,-0.000000345356
2.109375000000,1.031250000000,-0.000000333822
2.109375000000,1.054687500000,-0.000000321337
2.109375000000,1.078125000000,-0.000000307921
2.109375000000,1.101562500000,-0.000000293597
2.109375000000,1.125000000000,-0.000000278390
2.109375000000,1.148437500000,-0.000000262327
2.109375000000,1.171875000000,-0.000000245437
2.109375000000,1.195312500000,-0.000000227754
2.109375000000,1.218750000000,-0.000000209311
2.109375000000,1.242187500000,-0.000000190147
2.109375000000,1.265625000000,-0.000000170301
2.109375000000,1.289062500000,-0.000000149814
2.109375000000,1.312500000000,-0.000000128731
2.109375000000,1.335937500000,-0.000000107097
2.109375000000,1.359375000000,-0.000000084961
2.109375000000,1.382812500000,-0.000000062372
2.109375000000,1.406250000000,-0.000000039383
2.109375000000,1.429687500000,-0.000000016047
2.109375000000,1.453125000000,0.000000007581
2.109375000000,1.476562500000,0.000000031444
2.109375000000,1.500000000000,0.000000055486
2.109375000000,1.523437500000,0.000000079645
2.109375000000,1.546875000000,0.000000103863
2.109375000000,1.570312500000,0.000000128079
2.109375000000,1.593750000000,0.000000152230
2.109375000000,1.617187500000,0.000000176256
2.109375000000,1.640625000000,0.000000200092
2.109375000000,1.664062500000,0.000000223678
2.109375000000,1.687500000000,0.000000246948
2.109375000000,1.710937500000,0.000000269842
2.109375000000,1.734375000000,0.000000292297
2.109375000000,1.757812500000,0.000000314252
2.109375000000,1.781250000000,0.000000335646
2.109375000000,1.804687500000,0.000000356418
2.109375000000,1.828125000000,0.000000376511
2.109375000000,1.851562500000,0.000000395867
2.109375000000,1.875000000000,0.000000414429
2.109375000000,1.898437500000,0.000000432144
2.109375000000,1.921875000000,0.000000448959
2.109375000000,1.945312500000,0.000000464824
2.109375000000,1.968750000000,0.000000479691
2.109375000000,1.992187500000,0.000000493514
2.109375000000,2.015625000000,0.000000506250
2.109375000000,2.039062500000,0.000000517859
2.109375000000,2.062500000000,0.000000528302
2.109375000000,2.085937500000,0.000000537546
2.109375000000,2.109375000000,0.000000545559
2.109375000000,2.132812500000,0.000000552312
2.109375000000,2.156250000000,0.000000557781
2.109375000000,2.179687500000,0.000000561945
2.109375000000,2.203125000000,0.000000564785
2.109375000000,2.226562500000,0.000000566287
2.109375000000,2.250000000000,0.000000566441
2.109375000000,2.273437500000,0.000000565239
2.109375000000,2.296875000000,0.000000562679
2.109375000000,2.320312500000,0.000000558763
2.109375000000,2.343750000000,0.000000553492
2.109375000000,2.367187500000,0.000000546878
2.109375000000,2.390625000000,0.000000538932
2.109375000000,2.414062500000,0.000000529669
2.109375000000,2.437500000000,0.000000519112
2.109375000000,2.460937500000,0.000000507282
2.109375000000,2.484375000000,0.000000494207
2.109375000000,2.507812500000,0.000000479918
2.109375000000,2.531250000000,0.000000464450
2.109375000000,2.554687500000,0.000000447841
2.109375000000,2.578125000000,0.000000430132
2.109375000000,2.601562500000,0.000000411366
2.109375000000,2.625000000000,0.000000391593
2.109375000000,2.648437500000,0.000000370862
2.109375000000,2.671875000000,0.000000349227
2.109375000000,2.695312500000,0.000000326744
2.109375000000,2.718750000000,0.000000303469
2.109375000000,2.742187500000,0.000000279466
2.109375000000,2.765625000000,0.000000254796
2.109375000000,2.789062500000,0.000000229524
2.109375000000,2.812500000000,0.000000203716
2.109375000000,2.835937500000,0.000000177440
2.109375000000,2.859375000000,0.000000150764
2.109375000000,2.882812500000,0.000000123760
2.109375000000,2.906250000000,0.000000096498
2.109375000000,2.929687500000,0.000000069050
2.109375000000,2.953125000000,0.000000041488
2.109375000000,2.976562500000,0.000000013883
2.109375000000,3.000000000000,0.000000000000
2.132812500000,0.000000000000,0.000000000000
2.132812500000,0.023437500000,-0.000000029580
2.132812500000,0.046875000000,-0.000000049217
2.132812500000,0.070312500000,-0.000000068710
2.132812500000,0.093750000000,-0.000000088022
2.132812500000,0.117187500000,-0.000000107112
2.132812500000,0.140625000000,-0.000000125941
2.132812500000,0.164062500000,-0.000000144471
2.132812500000,0.187500000000,-0.000000162664
2.132812500000,0.210937500000,-0.000000180481
2.132812500000,0.234375000000,-0.000000197884
2.132812500000,0.257812500000,-0.000000214838
2.132812500000,0.281250000000,-0.000000231306
2.132812500000,0.304687500000,-0.000000247251
2.132812500000,0.328125000000,-0.000000262641
2.132812500000,0.351562500000,-0.000000277439
2.132812500000,0.375000000000,-0.000000291611
2.132812500000,0.398437500000,-0.000000305125
2.132812500000,0.421875000000,-0.000000317950
2.132812500000,0.445312500000,-0.000000330054
2.132812500000,0.468750000000,-0.000000341407
2.132812500000,0.492187500000,-0.000000351981
2.132812500000,0.515625000000,-0.000000361748
2.132812500000,0.539062500000,-0.000000370682
2.132812500000,0.562500000000,-0.000000378757
2.132812500000,0.585937500000,-0.000000385951
2.132812500000,0.609375000000,-0.000000392239
2.132812500000,0.632812500000,-0.000000397602
2.132812500000,0.656250000000,-0.000000402022
2.132812500000,0.679687500000,-0.000000405479
2.132812500000,0.703125000000,-0.000000407958
2.132812500000,0.726562500000,-0.000000409446
2.132812500000,0.750000000000,-0.000000409931
2.132812500000,0.773437500000,-0.000000409401
2.132812500000,0.796875000000,-0.000000407851
2.132812500000,0.820312500000,-0.000000405273
2.132812500000,0.843750000000,-0.000000401663
2.132812500000,0.867187500000,-0.000000397020
2.132812500000,0.890625000000,-0.000000391346
2.132812500000,0.914062500000,-0.000000384642
2.132812500000,0.937500000000,-0.000000376915
2.132812500000,0.960937500000,-0.000000368172
2.132812500000,0.984375000000,-0.000000358424
2.132812500000,1.007812500000,-0.000000347683
2.132812500000,1.031250000000,-0.000000335965
2.132812500000,1.054687500000,-0.000000323287
2.132812500000,1.078125000000,-0.000000309670
2.132812500000,1.101562500000,-0.000000295138
2.132812500000,1.125000000000,-0.000000279714
2.132812500000,1.148437500000,-0.000000263428
2.132812500000,1.171875000000,-0.000000246309
2.132812500000,1.195312500000,-0.000000228390
2.132812500000,1.218750000000,-0.000000209708
2.132812500000,1.242187500000,-0.000000190300
2.132812500000,1.265625000000,-0.000000170205
2.132812500000,1.289062500000,-0.000000149467
2.132812500000,1.312500000000,-0.000000128129
2.132812500000,1.335937500000,-0.000000106239
2.132812500000,1.359375000000,-0.000000083843
2.132812500000,1.382812500000,-0.000000060996
2.132812500000,1.406250000000,-0.000000037748
2.132812500000,1.429687500000,-0.000000014152
2.132812500000,1.453125000000,0.000000009735
2.132812500000,1.476562500000,0.000000033855
2.132812500000,1.500000000000,0.000000058150
2.132812500000,1.523437500000,0.000000082562
2.132812500000,1.546875000000,0.000000107028
2.132812500000,1.570312500000,0.000000131487
2.132812500000,1.593750000000,0.000000155878
2.132812500000,1.617187500000,0.000000180137
2.132812500000,1.640625000000,0.000000204203
2.132812500000,1.664062500000,0.000000228009
2.132812500000,1.687500000000,0.000000251495
2.132812500000,1.710937500000,0.000000274597
2.132812500000,1.734375000000,0.000000297253
2.132812500000,1.757812500000,0.000000319399
2.132812500000,1.781250000000,0.000000340976
2.132812500000,1.804687500000,0.000000361922
2.132812500000,1.828125000000,0.000000382178
2.132812500000,1.851562500000,0.000000401687
2.132812500000,1.875000000000,0.000000420393
2.132812500000,1.898437500000,0.000000438240
2.132812500000,1.921875000000,0.000000455176
2.132812500000,1.945312500000,0.000000471151
2.132812500000,1.968750000000,0.000000486116
2.132812500000,1.992187500000,0.000000500025
2.132812500000,2.015625000000,0.000000512834
2.132812500000,2.039062500000,0.000000524504
2.132812500000,2.062500000000,0.000000534997
2.132812500000,2.085937500000,0.000000544276
2.132812500000,2.109375000000,0.000000552312
2.132812500000,2.132812500000,0.000000559076
2.132812500000,2.156250000000,0.000000564542
2.132812500000,2.179687500000,0.000000568690
2.132812500000,2.203125000000,0.000000571501
2.132812500000,2.226562500000,0.000000572962
2.132812500000,2.250000000000,0.000000573061
2.132812500000,2.273437500000,0.000000571792
2.132812500000,2.296875000000,0.000000569153
2.132812500000,2.320312500000,0.000000565144
2.132812500000,2.343750000000,0.000000559770
2.132812500000,2.367187500000,0.000000553039
2.132812500000,2.390625000000,0.000000544965
2.132812500000,2.414062500000,0.000000535563
2.132812500000,2.437500000000,0.000000524855
2.132812500000,2.460937500000,0.000000512862
2.132812500000,2.484375000000,0.000000499615
2.132812500000,2.507812500000,0.000000485143
2.132812500000,2.531250000000,0.000000469483
2.132812500000,2.554687500000,0.000000452671
2.132812500000,2.578125000000,0.000000434751
2.132812500000,2.601562500000,0.000000415765
2.132812500000,2.625000000000,0.000000395764
2.132812500000,2.648437500000,0.000000374797
2.132812500000,2.671875000000,0.000000352920
2.132812500000,2.695312500000,0.000000330186
2.132812500000,2.718750000000,0.000000306657
2.132812500000,2.742187500000,0.000000282393
2.132812500000,2.765625000000,0.000000257457
2.132812500000,2.789062500000,0.000000231913
2.132812500000,2.812500000000,0.000000205830
2.132812500000,2.835937500000,0.000000179276
2.132812500000,2.859375000000,0.000000152320
2.132812500000,2.882812500000,0.000000125032
2.132812500000,2.906250000000,0.000000097485
2.132812500000,2.929687500000,0.000000069751
2.132812500000,2.953125000000,0.000000041902
2.132812500000,2.976562500000,0.000000014011
2.132812500000,3.000000000000,0.000000000000
2.156250000000,0.000000000000,0.000000000000
2.156250000000,0.023437500000,-0.000000029852
2.156250000000,0.046875000000,-0.000000049660
2.156250000000,0.070312500000,-0.000000069323
2.156250000000,0.093750000000,-0.000000088802
2.156250000000,0.117187500000,-0.000000108056
2.156250000000,0.140625000000,-0.000000127045
2.156250000000,0.164062500000,-0.000000145732
2.156250000000,0.187500000000,-0.000000164076
2.156250000000,0.210937500000,-0.000000182040
2.156250000000,0.234375000000,-0.000000199586
2.156250000000,0.257812500000,-0.000000216674
2.156250000000,0.281250000000,-0.000000233271
2.156250000000,0.304687500000,-0.000000249340
2.156250000000,0.328125000000,-0.000000264843
2.156250000000,0.351562500000,-0.000000279747
2.156250000000,0.375000000000,-0.000000294020
2.156250000000,0.398437500000,-0.000000307625
2.156250000000,0.421875000000,-0.000000320533
2.156250000000,0.445312500000,-0.000000332712
2.156250000000,0.468750000000,-0.000000344130
2.156250000000,0.492187500000,-0.000000354761
2.156250000000,0.515625000000,-0.000000364575
2.156250000000,0.539062500000,-0.000000373546
2.156250000000,0.562500000000,-0.000000381648
2.156250000000,0.585937500000,-0.000000388859
2.156250000000,0.609375000000,-0.000000395155
2.156250000000,0.632812500000,-0.000000400516
2.156250000000,0.656250000000,-0.000000404923
2.156250000000,0.679687500000,-0.000000408358
2.156250000000,0.703125000000,-0.000000410805
2.156250000000,0.726562500000,-0.000000412250
2.156250000000,0.750000000000,-0.000000412682
2.156250000000,0.773437500000,-0.000000412092
2.156250000000,0.796875000000,-0.000000410470
2.156250000000,0.820312500000,-0.000000407810
2.156250000000,0.843750000000,-0.000000404110
2.156250000000,0.867187500000,-0.000000399368
2.156250000000,0.890625000000,-0.000000393586
2.156250000000,0.914062500000,-0.000000386765
2.156250000000,0.937500000000,-0.000000378913
2.156250000000,0.960937500000,-0.000000370038
2.156250000000,0.984375000000,-0.000000360149
2.156250000000,1.007812500000,-0.000000349260
2.156250000000,1.031250000000,-0.000000337387
2.156250000000,1.054687500000,-0.000000324548
2.156250000000,1.078125000000,-0.000000310764
2.156250000000,1.101562500000,-0.000000296057
2.156250000000,1.125000000000,-0.000000280455
2.156250000000,1.148437500000,-0.000000263985
2.156250000000,1.171875000000,-0.000000246678
2.156250000000,1.195312500000,-0.000000228568
2.156250000000,1.218750000000,-0.000000209690
2.156250000000,1.242187500000,-0.000000190083
2.156250000000,1.265625000000,-0.000000169787
2.156250000000,1.289062500000,-0.000000148846
2.156250000000,1.312500000000,-0.000000127303
2.156250000000,1.335937500000,-0.000000105206
2.156250000000,1.359375000000,-0.000000082606
2.156250000000,1.382812500000,-0.000000059552
2.156250000000,1.406250000000,-0.000000036098
2.156250000000,1.429687500000,-0.000000012297
2.156250000000,1.453125000000,0.000000011793
2.156250000000,1.476562500000,0.000000036114
2.156250000000,1.500000000000,0.000000060609
2.156250000000,1.523437500000,0.000000085216
2.156250000000,1.546875000000,0.000000109876
2.156250000000,1.570312500000,0.000000134524
2.156250000000,1.593750000000,0.000000159100
2.156250000000,1.617187500000,0.000000183539
2.156250000000,1.640625000000,0.000000207778
2.156250000000,1.664062500000,0.000000231755
2.156250000000,1.687500000000,0.000000255404
2.156250000000,1.710937500000,0.000000278662
2.156250000000,1.734375000000,0.000000301468
2.156250000000,1.757812500000,0.000000323758
2.156250000000,1.781250000000,0.000000345470
2.156250000000,1.804687500000,0.000000366543
2.156250000000,1.828125000000,0.000000386919
2.156250000000,1.851562500000,0.000000406540
2.156250000000,1.875000000000,0.000000425348
2.156250000000,1.898437500000,0.000000443290
2.156250000000,1.921875000000,0.000000460311
2.156250000000,1.945312500000,0.000000476361
2.156250000000,1.968750000000,0.000000491392
2.156250000000,1.992187500000,0.000000505358
2.156250000000,2.015625000000,0.000000518214
2.156250000000,2.039062500000,0.000000529921
2.156250000000,2.062500000000,0.000000540441
2.156250000000,2.085937500000,0.000000549738
2.156250000000,2.109375000000,0.000000557781
2.156250000000,2.132812500000,0.000000564542
2.156250000000,2.156250000000,0.000000569996
2.156250000000,2.179687500000,0.000000574121
2.156250000000,2.203125000000,0.000000576900
2.156250000000,2.226562500000,0.000000578318
2.156250000000,2.250000000000,0.000000578365
2.156250000000,2.273437500000,0.000000577034
2.156250000000,2.296875000000,0.000000574323
2.156250000000,2.320312500000,0.000000570232
2.156250000000,2.343750000000,0.000000564768
2.156250000000,2.367187500000,0.000000557938
2.156250000000,2.390625000000,0.000000549756
2.156250000000,2.414062500000,0.000000540236
2.156250000000,2.437500000000,0.000000529402
2.156250000000,2.460937500000,0.000000517277
2.156250000000,2.484375000000,0.000000503888
2.156250000000,2.507812500000,0.000000489268
2.156250000000,2.531250000000,0.000000473451
2.156250000000,2.554687500000,0.000000456476
2.156250000000,2.578125000000,0.000000438386
2.156250000000,2.601562500000,0.000000419225
2.156250000000,2.625000000000,0.000000399041
2.156250000000,2.648437500000,0.000000377887
2.156250000000,2.671875000000,0.000000355816
2.156250000000,2.695312500000,0.000000332885
2.156250000000,2.718750000000,0.000000309154
2.156250000000,2.742187500000,0.000000284683
2.156250000000,2.765625000000,0.000000259536
2.156250000000,2.789062500000,0.000000233780
2.156250000000,2.812500000000,0.000000207481
2.156250000000,2.835937500000,0.000000180708
2.156250000000,2.859375000000,0.000000153532
2.156250000000,2.882812500000,0.000000126023
2.156250000000,2.906250000000,0.000000098253
2.156250000000,2.929687500000,0.000000070295
2.156250000000,2.953125000000,0.000000042222
2.156250000000,2.976562500000,0.000000014107
2.156250000000,3.000000000000,0.000000000000
2.179687500000,0.000000000000,0.000000000000
2.179687500000,0.023437500000,-0.000000030053
2.179687500000,0.046875000000,-0.000000049987
2.179687500000,0.070312500000,-0.000000069774
2.179687500000,0.093750000000,-0.000000089374
2.179687500000,0.117187500000,-0.000000108747
2.179687500000,0.140625000000,-0.000000127853
2.179687500000,0.164062500000,-0.000000146652
2.179687500000,0.187500000000,-0.000000165106
2.179687500000,0.210937500000,-0.000000183175
2.179687500000,0.234375000000,-0.000000200821
2.179687500000,0.257812500000,-0.000000218006
2.179687500000,0.281250000000,-0.000000234694
2.179687500000,0.304687500000,-0.000000250847
2.179687500000,0.328125000000,-0.000000266431
2.179687500000,0.351562500000,-0.000000281409
2.179687500000,0.375000000000,-0.000000295748
2.179687500000,0.398437500000,-0.000000309415
2.179687500000,0.421875000000,-0.000000322376
2.179687500000,0.445312500000,-0.000000334602
2.179687500000,0.468750000000,-0.000000346061
2.179687500000,0.492187500000,-0.000000356724
2.179687500000,0.515625000000,-0.000000366564
2.179687500000,0.539062500000,-0.000000375552
2.179687500000,0.562500000000,-0.000000383664
2.179687500000,0.585937500000,-0.000000390879
2.179687500000,0.609375000000,-0.000000397169
2.179687500000,0.632812500000,-0.000000402518
2.179687500000,0.656250000000,-0.000000406904
2.179687500000,0.679687500000,-0.000000410310
2.179687500000,0.703125000000,-0.000000412722
2.179687500000,0.726562500000,-0.000000414124
2.179687500000,0.750000000000,-0.000000414506
2.179687500000,0.773437500000,-0.000000413857
2.179687500000,0.796875000000,-0.000000412169
2.179687500000,0.820312500000,-0.000000409438
2.179687500000,0.843750000000,-0.000000405658
2.179687500000,0.867187500000,-0.000000400831
2.179687500000,0.890625000000,-0.000000394956
2.179687500000,0.914062500000,-0.000000388038
2.179687500000,0.937500000000,-0.000000380081
2.179687500000,0.960937500000,-0.000000371095
2.179687500000,0.984375000000,-0.000000361091
2.179687500000,1.007812500000,-0.000000350082
2.179687500000,1.031250000000,-0.000000338084
2.179687500000,1.054687500000,-0.000000325116
2.179687500000,1.078125000000,-0.000000311198
2.179687500000,1.101562500000,-0.000000296354
2.179687500000,1.125000000000,-0.000000280611
2.179687500000,1.148437500000,-0.000000263998
2.179687500000,1.171875000000,-0.000000246545
2.179687500000,1.195312500000,-0.000000228286
2.179687500000,1.218750000000,-0.000000209258
2.179687500000,1.242187500000,-0.000000189499
2.179687500000,1.265625000000,-0.000000169050
2.179687500000,1.289062500000,-0.000000147954
2.179687500000,1.312500000000,-0.000000126258
2.179687500000,1.335937500000,-0.000000104008
2.179687500000,1.359375000000,-0.000000081253
2.179687500000,1.382812500000,-0.000000058046
2.179687500000,1.406250000000,-0.000000034440
2.179687500000,1.429687500000,-0.000000010490
2.179687500000,1.453125000000,0.000000013748
2.179687500000,1.476562500000,0.000000038216
2.179687500000,1.500000000000,0.000000062853
2.179687500000,1.523437500000,0.000000087601
2.179687500000,1.546875000000,0.000000112396
2.179687500000,1.570312500000,0.000000137178
2.179687500000,1.593750000000,0.000000161882
2.179687500000,1.617187500000,0.000000186447
2.179687500000,1.640625000000,0.000000210807
2.179687500000,1.664062500000,0.000000234898
2.179687500000,1.687500000000,0.000000258658
2.179687500000,1.710937500000,0.000000282022
2.179687500000,1.734375000000,0.000000304926
2.179687500000,1.757812500000,0.000000327310
2.179687500000,1.781250000000,0.000000349109
2.179687500000,1.804687500000,0.000000370264
2.179687500000,1.828125000000,0.000000390716
2.179687500000,1.851562500000,0.000000410405
2.179687500000,1.875000000000,0.000000429276
2.179687500000,1.898437500000,0.000000447272
2.179687500000,1.921875000000,0.000000464342
2.179687500000,1.945312500000,0.000000480434
2.179687500000,1.968750000000,0.000000495499
2.179687500000,1.992187500000,0.000000509492
2.179687500000,2.015625000000,0.000000522369
2.179687500000,2.039062500000,0.000000534089
2.179687500000,2.062500000000,0.000000544614
2.179687500000,2.085937500000,0.000000553910
2.179687500000,2.109375000000,0.000000561945
2.179687500000,2.132812500000,0.000000568690
2.179687500000,2.156250000000,0.000000574121
2.179687500000,2.179687500000,0.000000578216
2.179687500000,2.203125000000,0.000000580958
2.179687500000,2.226562500000,0.000000582332
2.179687500000,2.250000000000,0.000000582329
2.179687500000,2.273437500000,0.000000580943
2.179687500000,2.296875000000,0.000000578167
2.179687500000,2.320312500000,0.000000574008
2.179687500000,2.343750000000,0.000000568467
2.179687500000,2.367187500000,0.000000561554
2.179687500000,2.390625000000,0.000000553284
2.179687500000,2.414062500000,0.000000543672
2.179687500000,2.437500000000,0.000000532739
2.179687500000,2.460937500000,0.000000520508
2.179687500000,2.484375000000,0.000000507010
2.179687500000,2.507812500000,0.000000492275
2.179687500000,2.531250000000,0.000000476339
2.179687500000,2.554687500000,0.000000459241
2.179687500000,2.578125000000,0.000000441023
2.179687500000,2.601562500000,0.000000421729
2.179687500000,2.625000000000,0.000000401410
2.179687500000,2.648437500000,0.000000380117
2.179687500000,2.671875000000,0.000000357904
2.179687500000,2.695312500000,0.000000334828
2.179687500000,2.718750000000,0.000000310948
2.179687500000,2.742187500000,0.000000286327
2.179687500000,2.765625000000,0.000000261028
2.179687500000,2.789062500000,0.000000235117
2.179687500000,2.812500000000,0.000000208662
2.179687500000,2.835937500000,0.000000181732
2.179687500000,2.859375000000,0.000000154397
2.179687500000,2.882812500000,0.000000126728
2.179687500000,2.906250000000,0.000000098798
2.179687500000,2.929687500000,0.000000070679
2.179687500000,2.953125000000,0.000000042446
2.179687500000,2.976562500000,0.000000014171
2.179687500000,3.000000000000,0.000000000000
2.203125000000,0.000000000000,0.000000000000
2.203125000000,0.023437500000,-0.000000030185
2.203125000000,0.046875000000,-0.000000050196
2.203125000000,0.070312500000,-0.000000070061
2.203125000000,0.093750000000,-0.000000089736
2.203125000000,0.117187500000,-0.000000109183
2.203125000000,0.140625000000,-0.000000128361
2.203125000000,0.164062500000,-0.000000147229
2.203125000000,0.187500000000,-0.000000165749
2.203125000000,0.210937500000,-0.000000183881
2.203125000000,0.234375000000,-0.000000201587
2.203125000000,0.257812500000,-0.000000218828
2.203125000000,0.281250000000,-0.000000235568
2.203125000000,0.304687500000,-0.000000251770
2.203125000000,0.328125000000,-0.000000267397
2.203125000000,0.351562500000,-0.000000282414
2.203125000000,0.375000000000,-0.000000296789
2.203125000000,0.398437500000,-0.000000310486
2.203125000000,0.421875000000,-0.000000323472
2.203125000000,0.445312500000,-0.000000335718
2.203125000000,0.468750000000,-0.000000347191
2.203125000000,0.492187500000,-0.000000357864
2.203125000000,0.515625000000,-0.000000367707
2.203125000000,0.539062500000,-0.000000376694
2.203125000000,0.562500000000,-0.000000384800
2.203125000000,0.585937500000,-0.000000392002
2.203125000000,0.609375000000,-0.000000398274
2.203125000000,0.632812500000,-0.000000403599
2.203125000000,0.656250000000,-0.000000407958
2.203125000000,0.679687500000,-0.000000411330
2.203125000000,0.703125000000,-0.000000413702
2.203125000000,0.726562500000,-0.000000415061
2.203125000000,0.750000000000,-0.000000415393
2.203125000000,0.773437500000,-0.000000414690
2.203125000000,0.796875000000,-0.000000412943
2.203125000000,0.820312500000,-0.000000410148
2.203125000000,0.843750000000,-0.000000406302
2.203125000000,0.867187500000,-0.000000401402
2.203125000000,0.890625000000,-0.000000395452
2.203125000000,0.914062500000,-0.000000388453
2.203125000000,0.937500000000,-0.000000380414
2.203125000000,0.960937500000,-0.000000371342
2.203125000000,0.984375000000,-0.000000361248
2.203125000000,1.007812500000,-0.000000350147
2.203125000000,1.031250000000,-0.000000338054
2.203125000000,1.054687500000,-0.000000324988
2.203125000000,1.078125000000,-0.000000310972
2.203125000000,1.101562500000,-0.000000296028
2.203125000000,1.125000000000,-0.000000280182
2.203125000000,1.148437500000,-0.000000263465
2.203125000000,1.171875000000,-0.000000245908
2.203125000000,1.195312500000,-0.000000227545
2.203125000000,1.218750000000,-0.000000208412
2.203125000000,1.242187500000,-0.000000188548
2.203125000000,1.265625000000,-0.000000167995
2.203125000000,1.289062500000,-0.000000146796
2.203125000000,1.312500000000,-0.000000124997
2.203125000000,1.335937500000,-0.000000102645
2.203125000000,1.359375000000,-0.000000079790
2.203125000000,1.382812500000,-0.000000056485
2.203125000000,1.406250000000,-0.000000032782
2.203125000000,1.429687500000,-0.000000008738
2.203125000000,1.453125000000,0.000000015593
2.203125000000,1.476562500000,0.000000040149
2.203125000000,1.500000000000,0.000000064874
2.203125000000,1.523437500000,0.000000089704
2.203125000000,1.546875000000,0.000000114580
2.203125000000,1.570312500000,0.000000139438
2.203125000000,1.593750000000,0.000000164217
2.203125000000,1.617187500000,0.000000188850
2.203125000000,1.640625000000,0.000000213275
2.203125000000,1.664062500000,0.000000237428
2.203125000000,1.687500000000,0.000000261245
2.203125000000,1.710937500000,0.000000284662
2.203125000000,1.734375000000,0.000000307615
2.203125000000,1.757812500000,0.000000330041
2.203125000000,1.781250000000,0.000000351881
2.203125000000,1.804687500000,0.000000373071
2.203125000000,1.828125000000,0.000000393553
2.203125000000,1.851562500000,0.000000413268
2.203125000000,1.875000000000,0.000000432159
2.203125000000,1.898437500000,0.000000450172
2.203125000000,1.921875000000,0.000000467253
2.203125000000,1.945312500000,0.000000483352
2.203125000000,1.968750000000,0.000000498420
2.203125000000,1.992187500000,0.000000512410
2.203125000000,2.015625000000,0.000000525280
2.203125000000,2.039062500000,0.000000536989
2.203125000000,2.062500000000,0.000000547499
2.203125000000,2.085937500000,0.000000556774
2.203125000000,2.109375000000,0.000000564785
2.203125000000,2.132812500000,0.000000571501
2.203125000000,2.156250000000,0.000000576899
2.203125000000,2.179687500000,0.000000580958
2.203125000000,2.203125000000,0.000000583659
2.203125000000,2.226562500000,0.000000584990
2.203125000000,2.250000000000,0.000000584938
2.203125000000,2.273437500000,0.000000583500
2.203125000000,2.296875000000,0.000000580670
2.203125000000,2.320312500000,0.000000576451
2.203125000000,2.343750000000,0.000000570850
2.203125000000,2.367187500000,0.000000563874
2.203125000000,2.390625000000,0.000000555535
2.203125000000,2.414062500000,0.000000545854
2.203125000000,2.437500000000,0.000000534848
2.203125000000,2.460937500000,0.000000522542
2.203125000000,2.484375000000,0.000000508966
2.203125000000,2.507812500000,0.000000494152
2.203125000000,2.531250000000,0.000000478133
2.203125000000,2.554687500000,0.000000460953
2.203125000000,2.578125000000,0.000000442649
2.203125000000,2.601562500000,0.000000423268
2.203125000000,2.625000000000,0.000000402862
2.203125000000,2.648437500000,0.000000381479
2.203125000000,2.671875000000,0.000000359175
2.203125000000,2.695312500000,0.000000336006
2.203125000000,2.718750000000,0.000000312033
2.203125000000,2.742187500000,0.000000287318
2.203125000000,2.765625000000,0.000000261925
2.203125000000,2.789062500000,0.000000235919
2.203125000000,2.812500000000,0.000000209368
2.203125000000,2.835937500000,0.000000182341
2.203125000000,2.859375000000,0.000000154910
2.203125000000,2.882812500000,0.000000127145
2.203125000000,2.906250000000,0.000000099118
2.203125000000,2.929687500000,0.000000070903
2.203125000000,2.953125000000,0.000000042574
2.203125000000,2.976562500000,0.000000014202
2.203125000000,3.000000000000,0.000000000000
2.226562500000,0.000000000000,0.000000000000
2.226562500000,0.023437500000,-0.000000030245
2.226562500000,0.046875000000,-0.000000050288
2.226562500000,0.070312500000,-0.000000070183
2.226562500000,0.093750000000,-0.000000089888
2.226562500000,0.117187500000,-0.000000109362
2.226562500000,0.140625000000,-0.000000128567
2.226562500000,0.164062500000,-0.000000147459
2.226562500000,0.187500000000,-0.000000166003
2.226562500000,0.210937500000,-0.000000184155
2.226562500000,0.234375000000,-0.000000201880
2.226562500000,0.257812500000,-0.000000219137
2.226562500000,0.281250000000,-0.000000235892
2.226562500000,0.304687500000,-0.000000252103
2.226562500000,0.328125000000,-0.000000267739
2.226562500000,0.351562500000,-0.000000282762
2.226562500000,0.375000000000,-0.000000297138
2.226562500000,0.398437500000,-0.000000310833
2.226562500000,0.421875000000,-0.000000323815
2.226562500000,0.445312500000,-0.000000336055
2.226562500000,0.468750000000,-0.000000347516
2.226562500000,0.492187500000,-0.000000358174
2.226562500000,0.515625000000,-0.000000368000
2.226562500000,0.539062500000,-0.000000376969
2.226562500000,0.562500000000,-0.000000385050
2.226562500000,0.585937500000,-0.000000392224
2.226562500000,0.609375000000,-0.000000398467
2.226562500000,0.632812500000,-0.000000403759
2.226562500000,0.656250000000,-0.000000408079
2.226562500000,0.679687500000,-0.000000411412
2.226562500000,0.703125000000,-0.000000413743
2.226562500000,0.726562500000,-0.000000415055
2.226562500000,0.750000000000,-0.000000415341
2.226562500000,0.773437500000,-0.000000414588
2.226562500000,0.796875000000,-0.000000412789
2.226562500000,0.820312500000,-0.000000409940
2.226562500000,0.843750000000,-0.000000406037
2.226562500000,0.867187500000,-0.000000401080
2.226562500000,0.890625000000,-0.000000395070
2.226562500000,0.914062500000,-0.000000388011
2.226562500000,0.937500000000,-0.000000379909
2.226562500000,0.960937500000,-0.000000370775
2.226562500000,0.984375000000,-0.000000360617
2.226562500000,1.007812500000,-0.000000349452
2.226562500000,1.031250000000,-0.000000337295
2.226562500000,1.054687500000,-0.000000324165
2.226562500000,1.078125000000,-0.000000310085
2.226562500000,1.101562500000,-0.000000295077
2.226562500000,1.125000000000,-0.000000279168
2.226562500000,1.148437500000,-0.000000262389
2.226562500000,1.171875000000,-0.000000244770
2.226562500000,1.195312500000,-0.000000226348
2.226562500000,1.218750000000,-0.000000207156
2.226562500000,1.242187500000,-0.000000187236
2.226562500000,1.265625000000,-0.000000166627
2.226562500000,1.289062500000,-0.000000145375
2.226562500000,1.312500000000,-0.000000123523
2.226562500000,1.335937500000,-0.000000101123
2.226562500000,1.359375000000,-0.000000078221
2.226562500000,1.382812500000,-0.000000054872
2.226562500000,1.406250000000,-0.000000031128
2.226562500000,1.429687500000,-0.000000007047
2.226562500000,1.453125000000,0.000000017319
2.226562500000,1.476562500000,0.000000041908
2.226562500000,1.500000000000,0.000000066662
2.226562500000,1.523437500000,0.000000091518
2.226562500000,1.546875000000,0.000000116419
2.226562500000,1.570312500000,0.000000141295
2.226562500000,1.593750000000,0.000000166090
2.226562500000,1.617187500000,0.000000190737
2.226562500000,1.640625000000,0.000000215172
2.226562500000,1.664062500000,0.000000239332
2.226562500000,1.687500000000,0.000000263153
2.226562500000,1.710937500000,0.000000286569
2.226562500000,1.734375000000,0.000000309519
2.226562500000,1.757812500000,0.000000331941
2.226562500000,1.781250000000,0.000000353772
2.226562500000,1.804687500000,0.000000374950
2.226562500000,1.828125000000,0.000000395417
2.226562500000,1.851562500000,0.000000415114
2.226562500000,1.875000000000,0.000000433985
2.226562500000,1.898437500000,0.000000451975
2.226562500000,1.921875000000,0.000000469031
2.226562500000,1.945312500000,0.000000485102
2.226562500000,1.968750000000,0.000000500140
2.226562500000,1.992187500000,0.000000514099
2.226562500000,2.015625000000,0.000000526935
2.226562500000,2.039062500000,0.000000538608
2.226562500000,2.062500000000,0.000000549080
2.226562500000,2.085937500000,0.000000558317
2.226562500000,2.109375000000,0.000000566287
2.226562500000,2.132812500000,0.000000572962
2.226562500000,2.156250000000,0.000000578318
2.226562500000,2.179687500000,0.000000582333
2.226562500000,2.203125000000,0.000000584990
2.226562500000,2.226562500000,0.000000586275
2.226562500000,2.250000000000,0.000000586178
2.226562500000,2.273437500000,0.000000584694
2.226562500000,2.296875000000,0.000000581817
2.226562500000,2.320312500000,0.000000577553
2.226562500000,2.343750000000,0.000000571905
2.226562500000,2.367187500000,0.000000564882
2.226562500000,2.390625000000,0.000000556497
2.226562500000,2.414062500000,0.000000546769
2.226562500000,2.437500000000,0.000000535717
2.226562500000,2.460937500000,0.000000523366
2.226562500000,2.484375000000,0.000000509747
2.226562500000,2.507812500000,0.000000494888
2.226562500000,2.531250000000,0.000000478827
2.226562500000,2.554687500000,0.000000461601
2.226562500000,2.578125000000,0.000000443256
2.226562500000,2.601562500000,0.000000423835
2.226562500000,2.625000000000,0.000000403386
2.226562500000,2.648437500000,0.000000381963
2.226562500000,2.671875000000,0.000000359619
2.226562500000,2.695312500000,0.000000336413
2.226562500000,2.718750000000,0.000000312402
2.226562500000,2.742187500000,0.000000287650
2.226562500000,2.765625000000,0.000000262221
2.226562500000,2.789062500000,0.000000236179
2.226562500000,2.812500000000,0.000000209594
2.226562500000,2.835937500000,0.000000182534
2.226562500000,2.859375000000,0.000000155069
2.226562500000,2.882812500000,0.000000127270
2.226562500000,2.906250000000,0.000000099212
2.226562500000,2.929687500000,0.000000070965
2.226562500000,2.953125000000,0.000000042604
2.226562500000,2.976562500000,0.000000014202
2.226562500000,3.000000000000,0.000000000000
2.250000000000,0.000000000000,0.000000000000
2.250000000000,0.023437500000,-0.000000030233
2.250000000000,0.046875000000,-0.000000050260
2.250000000000,0.070312500000,-0.000000070139
2.250000000000,0.093750000000,-0.000000089827
2.250000000000,0.117187500000,-0.000000109284
2.250000000000,0.140625000000,-0.000000128470
2.250000000000,0.164062500000,-0.000000147344
2.250000000000,0.187500000000,-0.000000165866
2.250000000000,0.210937500000,-0.000000183998
2.250000000000,0.234375000000,-0.000000201699
2.250000000000,0.257812500000,-0.000000218933
2.250000000000,0.281250000000,-0.000000235661
2.250000000000,0.304687500000,-0.000000251847
2.250000000000,0.328125000000,-0.000000267455
2.250000000000,0.351562500000,-0.000000282448
2.250000000000,0.375000000000,-0.000000296794
2.250000000000,0.398437500000,-0.000000310455
2.250000000000,0.421875000000,-0.000000323405
2.250000000000,0.445312500000,-0.000000335610
2.250000000000,0.468750000000,-0.000000347035
2.250000000000,0.492187500000,-0.000000357656
2.250000000000,0.515625000000,-0.000000367442
2.250000000000,0.539062500000,-0.000000376369
2.250000000000,0.562500000000,-0.000000384410
2.250000000000,0.585937500000,-0.000000391542
2.250000000000,0.609375000000,-0.000000397743
2.250000000000,0.632812500000,-0.000000402990
2.250000000000,0.656250000000,-0.000000407267
2.250000000000,0.679687500000,-0.000000410555
2.250000000000,0.703125000000,-0.000000412840
2.250000000000,0.726562500000,-0.000000414107
2.250000000000,0.750000000000,-0.000000414347
2.250000000000,0.773437500000,-0.000000413547
2.250000000000,0.796875000000,-0.000000411704
2.250000000000,0.820312500000,-0.000000408810
2.250000000000,0.843750000000,-0.000000404863
2.250000000000,0.867187500000,-0.000000399862
2.250000000000,0.890625000000,-0.000000393810
2.250000000000,0.914062500000,-0.000000386709
2.250000000000,0.937500000000,-0.000000378567
2.250000000000,0.960937500000,-0.000000369394
2.250000000000,0.984375000000,-0.000000359200
2.250000000000,1.007812500000,-0.000000347999
2.250000000000,1.031250000000,-0.000000335809
2.250000000000,1.054687500000,-0.000000322648
2.250000000000,1.078125000000,-0.000000308538
2.250000000000,1.101562500000,-0.000000293504
2.250000000000,1.125000000000,-0.000000277572
2.250000000000,1.148437500000,-0.000000260772
2.250000000000,1.171875000000,-0.000000243135
2.250000000000,1.195312500000,-0.000000224697
2.250000000000,1.218750000000,-0.000000205493
2.250000000000,1.242187500000,-0.000000185564
2.250000000000,1.265625000000,-0.000000164949
2.250000000000,1.289062500000,-0.000000143694
2.250000000000,1.312500000000,-0.000000121845
2.250000000000,1.335937500000,-0.000000099448
2.250000000000,1.359375000000,-0.000000076555
2.250000000000,1.382812500000,-0.000000053217
2.250000000000,1.406250000000,-0.000000029488
2.250000000000,1.429687500000,-0.000000005423
2.250000000000,1.453125000000,0.000000018922
2.250000000000,1.476562500000,0.000000043486
2.250000000000,1.500000000000,0.000000068211
2.250000000000,1.523437500000,0.000000093037
2.250000000000,1.546875000000,0.000000117901
2.250000000000,1.570312500000,0.000000142743
2.250000000000,1.593750000000,0.000000167498
2.250000000000,1.617187500000,0.000000192100
2.250000000000,1.640625000000,0.000000216491
2.250000000000,1.664062500000,0.000000240603
2.250000000000,1.687500000000,0.000000264373
2.250000000000,1.710937500000,0.000000287738
2.250000000000,1.734375000000,0.000000310633
2.250000000000,1.757812500000,0.000000332999
2.250000000000,1.781250000000,0.000000354771
2.250000000000,1.804687500000,0.000000375890
2.250000000000,1.828125000000,0.000000396297
2.250000000000,1.851562500000,0.000000415933
2.250000000000,1.875000000000,0.000000434743
2.250000000000,1.898437500000,0.000000452670
2.250000000000,1.921875000000,0.000000469664
2.250000000000,1.945312500000,0.000000485673
2.250000000000,1.968750000000,0.000000500649
2.250000000000,1.992187500000,0.000000514546
2.250000000000,2.015625000000,0.000000527321
2.250000000000,2.039062500000,0.000000538934
2.250000000000,2.062500000000,0.000000549347
2.250000000000,2.085937500000,0.000000558526
2.250000000000,2.109375000000,0.000000566441
2.250000000000,2.132812500000,0.000000573061
2.250000000000,2.156250000000,0.000000578365
2.250000000000,2.179687500000,0.000000582329
2.250000000000,2.203125000000,0.000000584938
2.250000000000,2.226562500000,0.000000586178
2.250000000000,2.250000000000,0.000000586038
2.250000000000,2.273437500000,0.000000584513
2.250000000000,2.296875000000,0.000000581600
2.250000000000,2.320312500000,0.000000577300
2.250000000000,2.343750000000,0.000000571621
2.250000000000,2.367187500000,0.000000564570
2.250000000000,2.390625000000,0.000000556160
2.250000000000,2.414062500000,0.000000546410
2.250000000000,2.437500000000,0.000000535341
2.250000000000,2.460937500000,0.000000522974
2.250000000000,2.484375000000,0.000000509343
2.250000000000,2.507812500000,0.000000494474
2.250000000000,2.531250000000,0.000000478409
2.250000000000,2.554687500000,0.000000461181
2.250000000000,2.578125000000,0.000000442835
2.250000000000,2.601562500000,0.000000423420
2.250000000000,2.625000000000,0.000000402978
2.250000000000,2.648437500000,0.000000381566
2.250000000000,2.671875000000,0.000000359234
2.250000000000,2.695312500000,0.000000336043
2.250000000000,2.718750000000,0.000000312051
2.250000000000,2.742187500000,0.000000287320
2.250000000000,2.765625000000,0.000000261913
2.250000000000,2.789062500000,0.000000235897
2.250000000000,2.812500000000,0.000000209338
2.250000000000,2.835937500000,0.000000182306
2.250000000000,2.859375000000,0.000000154870
2.250000000000,2.882812500000,0.000000127104
2.250000000000,2.906250000000,0.000000099077
2.250000000000,2.929687500000,0.000000070863
2.250000000000,2.953125000000,0.000000042536
2.250000000000,2.976562500000,0.000000014168
2.250000000000,3.000000000000,0.000000000000
2.273437500000,0.000000000000,0.000000000000
2.273437500000,0.023437500000,-0.000000030151
2.273437500000,0.046875000000,-0.000000050115
2.273437500000,0.070312500000,-0.000000069929
2.273437500000,0.093750000000,-0.000000089554
2.273437500000,0.117187500000,-0.000000108948
2.273437500000,0.140625000000,-0.000000128070
2.273437500000,0.164062500000,-0.000000146880
2.273437500000,0.187500000000,-0.000000165338
2.273437500000,0.210937500000,-0.000000183405
2.273437500000,0.234375000000,-0.000000201042
2.273437500000,0.257812500000,-0.000000218212
2.273437500000,0.281250000000,-0.000000234876
2.273437500000,0.304687500000,-0.000000250998
2.273437500000,0.328125000000,-0.000000266543
2.273437500000,0.351562500000,-0.000000281472
2.273437500000,0.375000000000,-0.000000295754
2.273437500000,0.398437500000,-0.000000309353
2.273437500000,0.421875000000,-0.000000322239
2.273437500000,0.445312500000,-0.000000334380
2.273437500000,0.468750000000,-0.000000345746
2.273437500000,0.492187500000,-0.000000356304
2.273437500000,0.515625000000,-0.000000366031
2.273437500000,0.539062500000,-0.000000374900
2.273437500000,0.562500000000,-0.000000382882
2.273437500000,0.585937500000,-0.000000389956
2.273437500000,0.609375000000,-0.000000396101
2.273437500000,0.632812500000,-0.000000401295
2.273437500000,0.656250000000,-0.000000405521
2.273437500000,0.679687500000,-0.000000408759
2.273437500000,0.703125000000,-0.000000410994
2.273437500000,0.726562500000,-0.000000412216
2.273437500000,0.750000000000,-0.000000412412
2.273437500000,0.773437500000,-0.000000411572
2.273437500000,0.796875000000,-0.000000409690
2.273437500000,0.820312500000,-0.000000406760
2.273437500000,0.843750000000,-0.000000402781
2.273437500000,0.867187500000,-0.000000397751
2.273437500000,0.890625000000,-0.000000391672
2.273437500000,0.914062500000,-0.000000384550
2.273437500000,0.937500000000,-0.000000376390
2.273437500000,0.960937500000,-0.000000367202
2.273437500000,0.984375000000,-0.000000356997
2.273437500000,1.007812500000,-0.000000345790
2.273437500000,1.031250000000,-0.000000333598
2.273437500000,1.054687500000,-0.000000320439
2.273437500000,1.078125000000,-0.000000306336
2.273437500000,1.101562500000,-0.000000291312
2.273437500000,1.125000000000,-0.000000275396
2.273437500000,1.148437500000,-0.000000258617
2.273437500000,1.171875000000,-0.000000241005
2.273437500000,1.195312500000,-0.000000222596
2.273437500000,1.218750000000,-0.000000203427
2.273437500000,1.242187500000,-0.000000183537
2.273437500000,1.265625000000,-0.000000162967
2.273437500000,1.289062500000,-0.000000141759
2.273437500000,1.312500000000,-0.000000119964
2.273437500000,1.335937500000,-0.000000097624
2.273437500000,1.359375000000,-0.000000074793
2.273437500000,1.382812500000,-0.000000051522
2.273437500000,1.406250000000,-0.000000027862
2.273437500000,1.429687500000,-0.000000003872
2.273437500000,1.453125000000,0.000000020393
2.273437500000,1.476562500000,0.000000044876
2.273437500000,1.500000000000,0.000000069516
2.273437500000,1.523437500000,0.000000094254
2.273437500000,1.546875000000,0.000000119026
2.273437500000,1.570312500000,0.000000143774
2.273437500000,1.593750000000,0.000000168428
2.273437500000,1.617187500000,0.000000192934
2.273437500000,1.640625000000,0.000000217222
2.273437500000,1.664062500000,0.000000241232
2.273437500000,1.687500000000,0.000000264898
2.273437500000,1.710937500000,0.000000288157
2.273437500000,1.734375000000,0.000000310947
2.273437500000,1.757812500000,0.000000333206
2.273437500000,1.781250000000,0.000000354873
2.273437500000,1.804687500000,0.000000375886
2.273437500000,1.828125000000,0.000000396187
2.273437500000,1.851562500000,0.000000415720
2.273437500000,1.875000000000,0.000000434425
2.273437500000,1.898437500000,0.000000452252
2.273437500000,1.921875000000,0.000000469146
2.273437500000,1.945312500000,0.000000485058
2.273437500000,1.968750000000,0.000000499939
2.273437500000,1.992187500000,0.000000513745
2.273437500000,2.015625000000,0.000000526432
2.273437500000,2.039062500000,0.000000537961
2.273437500000,2.062500000000,0.000000548294
2.273437500000,2.085937500000,0.000000557397
2.273437500000,2.109375000000,0.000000565239
2.273437500000,2.132812500000,0.000000571793
2.273437500000,2.156250000000,0.000000577034
2.273437500000,2.179687500000,0.000000580942
2.273437500000,2.203125000000,0.000000583500
2.273437500000,2.226562500000,0.000000584693
2.273437500000,2.250000000000,0.000000584513
2.273437500000,2.273437500000,0.000000582953
2.273437500000,2.296875000000,0.000000580012
2.273437500000,2.320312500000,0.000000575690
2.273437500000,2.343750000000,0.000000569995
2.273437500000,2.367187500000,0.000000562935
2.273437500000,2.390625000000,0.000000554520
2.273437500000,2.414062500000,0.000000544774
2.273437500000,2.437500000000,0.000000533711
2.273437500000,2.460937500000,0.000000521360
2.273437500000,2.484375000000,0.000000507750
2.273437500000,2.507812500000,0.000000492909
2.273437500000,2.531250000000,0.000000476876
2.273437500000,2.554687500000,0.000000459688
2.273437500000,2.578125000000,0.000000441388
2.273437500000,2.601562500000,0.000000422020
2.273437500000,2.625000000000,0.000000401634
2.273437500000,2.648437500000,0.000000380283
2.273437500000,2.671875000000,0.000000358017
2.273437500000,2.695312500000,0.000000334895
2.273437500000,2.718750000000,0.000000310978
2.273437500000,2.742187500000,0.000000286323
2.273437500000,2.765625000000,0.000000261000
2.273437500000,2.789062500000,0.000000235068
2.273437500000,2.812500000000,0.000000208597
2.273437500000,2.835937500000,0.000000181656
2.273437500000,2.859375000000,0.000000154314
2.273437500000,2.882812500000,0.000000126643
2.273437500000,2.906250000000,0.000000098713
2.273437500000,2.929687500000,0.000000070598
2.273437500000,2.953125000000,0.000000042370
2.273437500000,2.976562500000,0.000000014102
2.273437500000,3.000000000000,0.000000000000
2.296875000000,0.000000000000,0.000000000000
2.296875000000,0.023437500000,-0.000000029996
2.296875000000,0.046875000000,-0.000000049850
2.296875000000,0.070312500000,-0.000000069555
2.296875000000,0.093750000000,-0.000000089069
2.296875000000,0.117187500000,-0.000000108354
2.296875000000,0.140625000000,-0.000000127367
2.296875000000,0.164062500000,-0.000000146068
2.296875000000,0.187500000000,-0.000000164420
2.296875000000,0.210937500000,-0.000000182380
2.296875000000,0.234375000000,-0.000000199913
2.296875000000,0.257812500000,-0.000000216978
2.296875000000,0.281250000000,-0.000000233541
2.296875000000,0.304687500000,-0.000000249560
2.296875000000,0.328125000000,-0.000000265003
2.296875000000,0.351562500000,-0.000000279835
2.296875000000,0.375000000000,-0.000000294021
2.296875000000,0.398437500000,-0.000000307526
2.296875000000,0.421875000000,-0.000000320320
2.296875000000,0.445312500000,-0.000000332372
2.296875000000,0.468750000000,-0.000000343648
2.296875000000,0.492187500000,-0.000000354124
2.296875000000,0.515625000000,-0.000000363769
2.296875000000,0.539062500000,-0.000000372559
2.296875000000,0.562500000000,-0.000000380466
2.296875000000,0.585937500000,-0.000000387471
2.296875000000,0.609375000000,-0.000000393547
2.296875000000,0.632812500000,-0.000000398677
2.296875000000,0.656250000000,-0.000000402841
2.296875000000,0.679687500000,-0.000000406024
2.296875000000,0.703125000000,-0.000000408209
2.296875000000,0.726562500000,-0.000000409385
2.296875000000,0.750000000000,-0.000000409539
2.296875000000,0.773437500000,-0.000000408663
2.296875000000,0.796875000000,-0.000000406749
2.296875000000,0.820312500000,-0.000000403794
2.296875000000,0.843750000000,-0.000000399794
2.296875000000,0.867187500000,-0.000000394750
2.296875000000,0.890625000000,-0.000000388662
2.296875000000,0.914062500000,-0.000000381537
2.296875000000,0.937500000000,-0.000000373381
2.296875000000,0.960937500000,-0.000000364202
2.296875000000,0.984375000000,-0.000000354014
2.296875000000,1.007812500000,-0.000000342829
2.296875000000,1.031250000000,-0.000000330666
2.296875000000,1.054687500000,-0.000000317543
2.296875000000,1.078125000000,-0.000000303482
2.296875000000,1.101562500000,-0.000000288507
2.296875000000,1.125000000000,-0.000000272646
2.296875000000,1.148437500000,-0.000000255929
2.296875000000,1.171875000000,-0.000000238385
2.296875000000,1.195312500000,-0.000000220051
2.296875000000,1.218750000000,-0.000000200963
2.296875000000,1.242187500000,-0.000000181160
2.296875000000,1.265625000000,-0.000000160684
2.296875000000,1.289062500000,-0.000000139577
2.296875000000,1.312500000000,-0.000000117886
2.296875000000,1.335937500000,-0.000000095658
2.296875000000,1.359375000000,-0.000000072944
2.296875000000,1.382812500000,-0.000000049793
2.296875000000,1.406250000000,-0.000000026262
2.296875000000,1.429687500000,-0.000000002401
2.296875000000,1.453125000000,0.000000021729
2.296875000000,1.476562500000,0.000000046073
2.296875000000,1.500000000000,0.000000070570
2.296875000000,1.523437500000,0.000000095162
2.296875000000,1.546875000000,0.000000119785
2.296875000000,1.570312500000,0.000000144379
2.296875000000,1.593750000000,0.000000168882
2.296875000000,1.617187500000,0.000000193231
2.296875000000,1.640625000000,0.000000217363
2.296875000000,1.664062500000,0.000000241215
2.296875000000,1.687500000000,0.000000264723
2.296875000000,1.710937500000,0.000000287824
2.296875000000,1.734375000000,0.000000310457
2.296875000000,1.757812500000,0.000000332559
2.296875000000,1.781250000000,0.000000354071
2.296875000000,1.804687500000,0.000000374931
2.296875000000,1.828125000000,0.000000395083
2.296875000000,1.851562500000,0.000000414466
2.296875000000,1.875000000000,0.000000433028
2.296875000000,1.898437500000,0.000000450714
2.296875000000,1.921875000000,0.000000467472
2.296875000000,1.945312500000,0.000000483253
2.296875000000,1.968750000000,0.000000498008
2.296875000000,1.992187500000,0.000000511693
2.296875000000,2.015625000000,0.000000524265
2.296875000000,2.039062500000,0.000000535685
2.296875000000,2.062500000000,0.000000545916
2.296875000000,2.085937500000,0.000000554924
2.296875000000,2.109375000000,0.000000562679
2.296875000000,2.132812500000,0.000000569153
2.296875000000,2.156250000000,0.000000574323
2.296875000000,2.179687500000,0.000000578168
2.296875000000,2.203125000000,0.000000580670
2.296875000000,2.226562500000,0.000000581817
2.296875000000,2.250000000000,0.000000581600
2.296875000000,2.273437500000,0.000000580013
2.296875000000,2.296875000000,0.000000577051
2.296875000000,2.320312500000,0.000000572720
2.296875000000,2.343750000000,0.000000567023
2.296875000000,2.367187500000,0.000000559970
2.296875000000,2.390625000000,0.000000551574
2.296875000000,2.414062500000,0.000000541854
2.296875000000,2.437500000000,0.000000530829
2.296875000000,2.460937500000,0.000000518525
2.296875000000,2.484375000000,0.000000504968
2.296875000000,2.507812500000,0.000000490191
2.296875000000,2.531250000000,0.000000474228
2.296875000000,2.554687500000,0.000000457120
2.296875000000,2.578125000000,0.000000438908
2.296875000000,2.601562500000,0.000000419637
2.296875000000,2.625000000000,0.000000399356
2.296875000000,2.648437500000,0.000000378113
2.296875000000,2.671875000000,0.000000355966
2.296875000000,2.695312500000,0.000000332969
2.296875000000,2.718750000000,0.000000309181
2.296875000000,2.742187500000,0.000000284663
2.296875000000,2.765625000000,0.000000259479
2.296875000000,2.789062500000,0.000000233693
2.296875000000,2.812500000000,0.000000207373
2.296875000000,2.835937500000,0.000000180585
2.296875000000,2.859375000000,0.000000153401
2.296875000000,2.882812500000,0.000000125889
2.296875000000,2.906250000000,0.000000098121
2.296875000000,2.929687500000,0.000000070169
2.296875000000,2.953125000000,0.000000042106
2.296875000000,2.976562500000,0.000000014003
2.296875000000,3.000000000000,0.000000000000
2.320312500000,0.000000000000,0.000000000000
2.320312500000,0.023437500000,-0.000000029771
2.320312500000,0.046875000000,-0.000000049467
2.320312500000,0.070312500000,-0.000000069014
2.320312500000,0.093750000000,-0.000000088373
2.320312500000,0.117187500000,-0.000000107502
2.320312500000,0.140625000000,-0.000000126361
2.320312500000,0.164062500000,-0.000000144911
2.320312500000,0.187500000000,-0.000000163112
2.320312500000,0.210937500000,-0.000000180924
2.320312500000,0.234375000000,-0.000000198310
2.320312500000,0.257812500000,-0.000000215231
2.320312500000,0.281250000000,-0.000000231650
2.320312500000,0.304687500000,-0.000000247532
2.320312500000,0.328125000000,-0.000000262842
2.320312500000,0.351562500000,-0.000000277540
2.320312500000,0.375000000000,-0.000000291596
2.320312500000,0.398437500000,-0.000000304977
2.320312500000,0.421875000000,-0.000000317650
2.320312500000,0.445312500000,-0.000000329584
2.320312500000,0.468750000000,-0.000000340749
2.320312500000,0.492187500000,-0.000000351119
2.320312500000,0.515625000000,-0.000000360659
2.320312500000,0.539062500000,-0.000000369353
2.320312500000,0.562500000000,-0.000000377170
2.320312500000,0.585937500000,-0.000000384086
2.320312500000,0.609375000000,-0.000000390082
2.320312500000,0.632812500000,-0.000000395138
2.320312500000,0.656250000000,-0.000000399237
2.320312500000,0.679687500000,-0.000000402358
2.320312500000,0.703125000000,-0.000000404490
2.320312500000,0.726562500000,-0.000000405619
2.320312500000,0.750000000000,-0.000000405733
2.320312500000,0.773437500000,-0.000000404825
2.320312500000,0.796875000000,-0.000000402888
2.320312500000,0.820312500000,-0.000000399916
2.320312500000,0.843750000000,-0.000000395909
2.320312500000,0.867187500000,-0.000000390864
2.320312500000,0.890625000000,-0.000000384786
2.320312500000,0.914062500000,-0.000000377677
2.320312500000,0.937500000000,-0.000000369546
2.320312500000,0.960937500000,-0.000000360402
2.320312500000,0.984375000000,-0.000000350256
2.320312500000,1.007812500000,-0.000000339123
2.320312500000,1.031250000000,-0.000000327020
2.320312500000,1.054687500000,-0.000000313966
2.320312500000,1.078125000000,-0.000000299982
2.320312500000,1.101562500000,-0.000000285094
2.320312500000,1.125000000000,-0.000000269329
2.320312500000,1.148437500000,-0.000000252714
2.320312500000,1.171875000000,-0.000000235282
2.320312500000,1.195312500000,-0.000000217068
2.320312500000,1.218750000000,-0.000000198108
2.320312500000,1.242187500000,-0.000000178441
2.320312500000,1.265625000000,-0.000000158108
2.320312500000,1.289062500000,-0.000000137151
2.320312500000,1.312500000000,-0.000000115617
2.320312500000,1.335937500000,-0.000000093554
2.320312500000,1.359375000000,-0.000000071009
2.320312500000,1.382812500000,-0.000000048035
2.320312500000,1.406250000000,-0.000000024685
2.320312500000,1.429687500000,-0.000000001013
2.320312500000,1.453125000000,0.000000022924
2.320312500000,1.476562500000,0.000000047072
2.320312500000,1.500000000000,0.000000071369
2.320312500000,1.523437500000,0.000000095756
2.320312500000,1.546875000000,0.000000120174
2.320312500000,1.570312500000,0.000000144558
2.320312500000,1.593750000000,0.000000168852
2.320312500000,1.617187500000,0.000000192989
2.320312500000,1.640625000000,0.000000216909
2.320312500000,1.664062500000,0.000000240549
2.320312500000,1.687500000000,0.000000263845
2.320312500000,1.710937500000,0.000000286736
2.320312500000,1.734375000000,0.000000309159
2.320312500000,1.757812500000,0.000000331056
2.320312500000,1.781250000000,0.000000352364
2.320312500000,1.804687500000,0.000000373025
2.320312500000,1.828125000000,0.000000392981
2.320312500000,1.851562500000,0.000000412174
2.320312500000,1.875000000000,0.000000430551
2.320312500000,1.898437500000,0.000000448057
2.320312500000,1.921875000000,0.000000464642
2.320312500000,1.945312500000,0.000000480257
2.320312500000,1.968750000000,0.000000494854
2.320312500000,1.992187500000,0.000000508388
2.320312500000,2.015625000000,0.000000520819
2.320312500000,2.039062500000,0.000000532107
2.320312500000,2.062500000000,0.000000542215
2.320312500000,2.085937500000,0.000000551110
2.320312500000,2.109375000000,0.000000558762
2.320312500000,2.132812500000,0.000000565144
2.320312500000,2.156250000000,0.000000570232
2.320312500000,2.179687500000,0.000000574007
2.320312500000,2.203125000000,0.000000576451
2.320312500000,2.226562500000,0.000000577553
2.320312500000,2.250000000000,0.000000577300
2.320312500000,2.273437500000,0.000000575690
2.320312500000,2.296875000000,0.000000572719
2.320312500000,2.320312500000,0.000000568389
2.320312500000,2.343750000000,0.000000562708
2.320312500000,2.367187500000,0.000000555683
2.320312500000,2.390625000000,0.000000547327
2.320312500000,2.414062500000,0.000000537659
2.320312500000,2.437500000000,0.000000526695
2.320312500000,2.460937500000,0.000000514467
2.320312500000,2.484375000000,0.000000500998
2.320312500000,2.507812500000,0.000000486319
2.320312500000,2.531250000000,0.000000470468
2.320312500000,2.554687500000,0.000000453480
2.320312500000,2.578125000000,0.000000435400
2.320312500000,2.601562500000,0.000000416272
2.320312500000,2.625000000000,0.000000396140
2.320312500000,2.648437500000,0.000000375061
2.320312500000,2.671875000000,0.000000353081
2.320312500000,2.695312500000,0.000000330264
2.320312500000,2.718750000000,0.000000306662
2.320312500000,2.742187500000,0.000000282338
2.320312500000,2.765625000000,0.000000257354
2.320312500000,2.789062500000,0.000000231774
2.320312500000,2.812500000000,0.000000205665
2.320312500000,2.835937500000,0.000000179093
2.320312500000,2.859375000000,0.000000152129
2.320312500000,2.882812500000,0.000000124841
2.320312500000,2.906250000000,0.000000097300
2.320312500000,2.929687500000,0.000000069577
2.320312500000,2.953125000000,0.000000041743
2.320312500000,2.976562500000,0.000000013871
2.320312500000,3.000000000000,0.000000000000
2.343750000000,0.000000000000,0.000000000000
2.343750000000,0.023437500000,-0.000000029475
2.343750000000,0.046875000000,-0.000000048966
2.343750000000,0.070312500000,-0.000000068310
2.343750000000,0.093750000000,-0.000000087467
2.343750000000,0.117187500000,-0.000000106396
2.343750000000,0.140625000000,-0.000000125057
2.343750000000,0.164062500000,-0.000000143411
2.343750000000,0.187500000000,-0.000000161418
2.343750000000,0.210937500000,-0.000000179039
2.343750000000,0.234375000000,-0.000000196237
2.343750000000,0.257812500000,-0.000000212974
2.343750000000,0.281250000000,-0.000000229216
2.343750000000,0.304687500000,-0.000000244922
2.343750000000,0.328125000000,-0.000000260058
2.343750000000,0.351562500000,-0.000000274591
2.343750000000,0.375000000000,-0.000000288487
2.343750000000,0.398437500000,-0.000000301711
2.343750000000,0.421875000000,-0.000000314234
2.343750000000,0.445312500000,-0.000000326026
2.343750000000,0.468750000000,-0.000000337054
2.343750000000,0.492187500000,-0.000000347291
2.343750000000,0.515625000000,-0.000000356710
2.343750000000,0.539062500000,-0.000000365286
2.343750000000,0.562500000000,-0.000000372993
2.343750000000,0.585937500000,-0.000000379811
2.343750000000,0.609375000000,-0.000000385716
2.343750000000,0.632812500000,-0.000000390690
2.343750000000,0.656250000000,-0.000000394711
2.343750000000,0.679687500000,-0.000000397768
2.343750000000,0.703125000000,-0.000000399843
2.343750000000,0.726562500000,-0.000000400925
2.343750000000,0.750000000000,-0.000000401002
2.343750000000,0.773437500000,-0.000000400068
2.343750000000,0.796875000000,-0.000000398114
2.343750000000,0.820312500000,-0.000000395135
2.343750000000,0.843750000000,-0.000000391132
2.343750000000,0.867187500000,-0.000000386103
2.343750000000,0.890625000000,-0.000000380050
2.343750000000,0.914062500000,-0.000000372978
2.343750000000,0.937500000000,-0.000000364894
2.343750000000,0.960937500000,-0.000000355808
2.343750000000,0.984375000000,-0.000000345732
2.343750000000,1.007812500000,-0.000000334679
2.343750000000,1.031250000000,-0.000000322668
2.343750000000,1.054687500000,-0.000000309715
2.343750000000,1.078125000000,-0.000000295845
2.343750000000,1.101562500000,-0.000000281081
2.343750000000,1.125000000000,-0.000000265449
2.343750000000,1.148437500000,-0.000000248980
2.343750000000,1.171875000000,-0.000000231702
2.343750000000,1.195312500000,-0.000000213653
2.343750000000,1.218750000000,-0.000000194868
2.343750000000,1.242187500000,-0.000000175385
2.343750000000,1.265625000000,-0.000000155243
2.343750000000,1.289062500000,-0.000000134488
2.343750000000,1.312500000000,-0.000000113164
2.343750000000,1.335937500000,-0.000000091317
2.343750000000,1.359375000000,-0.000000068997
2.343750000000,1.382812500000,-0.000000046254
2.343750000000,1.406250000000,-0.000000023144
2.343750000000,1.429687500000,0.000000000286
2.343750000000,1.453125000000,0.000000023976
2.343750000000,1.476562500000,0.000000047869
2.343750000000,1.500000000000,0.000000071909
2.343750000000,1.523437500000,0.000000096036
2.343750000000,1.546875000000,0.000000120190
2.343750000000,1.570312500000,0.000000144311
2.343750000000,1.593750000000,0.000000168336
2.343750000000,1.617187500000,0.000000192208
2.343750000000,1.640625000000,0.000000215859
2.343750000000,1.664062500000,0.000000239232
2.343750000000,1.687500000000,0.000000262264
2.343750000000,1.710937500000,0.000000284893
2.343750000000,1.734375000000,0.000000307057
2.343750000000,1.757812500000,0.000000328697
2.343750000000,1.781250000000,0.000000349753
2.343750000000,1.804687500000,0.000000370168
2.343750000000,1.828125000000,0.000000389884
2.343750000000,1.851562500000,0.000000408844
2.343750000000,1.875000000000,0.000000426994
2.343750000000,1.898437500000,0.000000444283
2.343750000000,1.921875000000,0.000000460659
2.343750000000,1.945312500000,0.000000476073
2.343750000000,1.968750000000,0.000000490480
2.343750000000,1.992187500000,0.000000503836
2.343750000000,2.015625000000,0.000000516099
2.343750000000,2.039062500000,0.000000527230
2.343750000000,2.062500000000,0.000000537194
2.343750000000,2.085937500000,0.000000545958
2.343750000000,2.109375000000,0.000000553492
2.343750000000,2.132812500000,0.000000559769
2.343750000000,2.156250000000,0.000000564768
2.343750000000,2.179687500000,0.000000568467
2.343750000000,2.203125000000,0.000000570850
2.343750000000,2.226562500000,0.000000571905
2.343750000000,2.250000000000,0.000000571621
2.343750000000,2.273437500000,0.000000569995
2.343750000000,2.296875000000,0.000000567023
2.343750000000,2.320312500000,0.000000562709
2.343750000000,2.343750000000,0.000000557056
2.343750000000,2.367187500000,0.000000550076
2.343750000000,2.390625000000,0.000000541782
2.343750000000,2.414062500000,0.000000532188
2.343750000000,2.437500000000,0.000000521319
2.343750000000,2.460937500000,0.000000509195
2.343750000000,2.484375000000,0.000000495847
2.343750000000,2.507812500000,0.000000481303
2.343750000000,2.531250000000,0.000000465600
2.343750000000,2.554687500000,0.000000448774
2.343750000000,2.578125000000,0.000000430870
2.343750000000,2.601562500000,0.000000411927
2.343750000000,2.625000000000,0.000000391997
2.343750000000,2.648437500000,0.000000371128
2.343750000000,2.671875000000,0.000000349372
2.343750000000,2.695312500000,0.000000326785
2.343750000000,2.718750000000,0.000000303425
2.343750000000,2.742187500000,0.000000279352
2.343750000000,2.765625000000,0.000000254627
2.343750000000,2.789062500000,0.000000229313
2.343750000000,2.812500000000,0.000000203476
2.343750000000,2.835937500000,0.000000177184
2.343750000000,2.859375000000,0.000000150503
2.343750000000,2.882812500000,0.000000123502
2.343750000000,2.906250000000,0.000000096252
2.343750000000,2.929687500000,0.000000068822
2.343750000000,2.953125000000,0.000000041283
2.343750000000,2.976562500000,0.000000013707
2.343750000000,3.000000000000,0.000000000000
2.367187500000,0.000000000000,0.000000000000
2.367187500000,0.023437500000,-0.000000029108
2.367187500000,0.046875000000,-0.000000048349
2.367187500000,0.070312500000,-0.000000067444
2.367187500000,0.093750000000,-0.000000086353
2.367187500000,0.117187500000,-0.000000105037
2.367187500000,0.140625000000,-0.000000123455
2.367187500000,0.164062500000,-0.000000141569
2.367187500000,0.187500000000,-0.000000159340
2.367187500000,0.210937500000,-0.000000176729
2.367187500000,0.234375000000,-0.000000193700
2.367187500000,0.257812500000,-0.000000210215
2.367187500000,0.281250000000,-0.000000226237
2.367187500000,0.304687500000,-0.000000241732
2.367187500000,0.328125000000,-0.000000256662
2.367187500000,0.351562500000,-0.000000270994
2.367187500000,0.375000000000,-0.000000284698
2.367187500000,0.398437500000,-0.000000297738
2.367187500000,0.421875000000,-0.000000310082
2.367187500000,0.445312500000,-0.000000321703
2.367187500000,0.468750000000,-0.000000332569
2.367187500000,0.492187500000,-0.000000342652
2.367187500000,0.515625000000,-0.000000351929
2.367187500000,0.539062500000,-0.000000360370
2.367187500000,0.562500000000,-0.000000367954
2.367187500000,0.585937500000,-0.000000374655
2.367187500000,0.609375000000,-0.000000380456
2.367187500000,0.632812500000,-0.000000385335
2.367187500000,0.656250000000,-0.000000389277
2.367187500000,0.679687500000,-0.000000392263
2.367187500000,0.703125000000,-0.000000394279
2.367187500000,0.726562500000,-0.000000395314
2.367187500000,0.750000000000,-0.000000395358
2.367187500000,0.773437500000,-0.000000394401
2.367187500000,0.796875000000,-0.000000392437
2.367187500000,0.820312500000,-0.000000389463
2.367187500000,0.843750000000,-0.000000385475
2.367187500000,0.867187500000,-0.000000380475
2.367187500000,0.890625000000,-0.000000374465
2.367187500000,0.914062500000,-0.000000367449
2.367187500000,0.937500000000,-0.000000359435
2.367187500000,0.960937500000,-0.000000350432
2.367187500000,0.984375000000,-0.000000340451
2.367187500000,1.007812500000,-0.000000329508
2.367187500000,1.031250000000,-0.000000317618
2.367187500000,1.054687500000,-0.000000304802
2.367187500000,1.078125000000,-0.000000291080
2.367187500000,1.101562500000,-0.000000276476
2.367187500000,1.125000000000,-0.000000261018
2.367187500000,1.148437500000,-0.000000244734
2.367187500000,1.171875000000,-0.000000227655
2.367187500000,1.195312500000,-0.000000209815
2.367187500000,1.218750000000,-0.000000191249
2.367187500000,1.242187500000,-0.000000171997
2.367187500000,1.265625000000,-0.000000152098
2.367187500000,1.289062500000,-0.000000131594
2.367187500000,1.312500000000,-0.000000110531
2.367187500000,1.335937500000,-0.000000088954
2.367187500000,1.359375000000,-0.000000066913
2.367187500000,1.382812500000,-0.000000044456
2.367187500000,1.406250000000,-0.000000021636
2.367187500000,1.429687500000,0.000000001493
2.367187500000,1.453125000000,0.000000024879
2.367187500000,1.476562500000,0.000000048461
2.367187500000,1.500000000000,0.000000072188
2.367187500000,1.523437500000,0.000000095998
2.367187500000,1.546875000000,0.000000119832
2.367187500000,1.570312500000,0.000000143632
2.367187500000,1.593750000000,0.000000167336
2.367187500000,1.617187500000,0.000000190884
2.367187500000,1.640625000000,0.000000214215
2.367187500000,1.664062500000,0.000000237266
2.367187500000,1.687500000000,0.000000259981
2.367187500000,1.710937500000,0.000000282294
2.367187500000,1.734375000000,0.000000304149
2.367187500000,1.757812500000,0.000000325484
2.367187500000,1.781250000000,0.000000346243
2.367187500000,1.804687500000,0.000000366365
2.367187500000,1.828125000000,0.000000385796
2.367187500000,1.851562500000,0.000000404480
2.367187500000,1.875000000000,0.000000422364
2.367187500000,1.898437500000,0.000000439397
2.367187500000,1.921875000000,0.000000455527
2.367187500000,1.945312500000,0.000000470709
2.367187500000,1.968750000000,0.000000484894
2.367187500000,1.992187500000,0.000000498042
2.367187500000,2.015625000000,0.000000510111
2.367187500000,2.039062500000,0.000000521062
2.367187500000,2.062500000000,0.000000530862
2.367187500000,2.085937500000,0.000000539476
2.367187500000,2.109375000000,0.000000546878
2.367187500000,2.132812500000,0.000000553040
2.367187500000,2.156250000000,0.000000557938
2.367187500000,2.179687500000,0.000000561555
2.367187500000,2.203125000000,0.000000563874
2.367187500000,2.226562500000,0.000000564882
2.367187500000,2.250000000000,0.000000564569
2.367187500000,2.273437500000,0.000000562934
2.367187500000,2.296875000000,0.000000559970
2.367187500000,2.320312500000,0.000000555683
2.367187500000,2.343750000000,0.000000550075
2.367187500000,2.367187500000,0.000000543160
2.367187500000,2.390625000000,0.000000534948
2.367187500000,2.414062500000,0.000000525455
2.367187500000,2.437500000000,0.000000514703
2.367187500000,2.460937500000,0.000000502716
2.367187500000,2.484375000000,0.000000489520
2.367187500000,2.507812500000,0.000000475147
2.367187500000,2.531250000000,0.000000459630
2.367187500000,2.554687500000,0.000000443009
2.367187500000,2.578125000000,0.000000425321
2.367187500000,2.601562500000,0.000000406613
2.367187500000,2.625000000000,0.000000386931
2.367187500000,2.648437500000,0.000000366322
2.367187500000,2.671875000000,0.000000344840
2.367187500000,2.695312500000,0.000000322539
2.367187500000,2.718750000000,0.000000299476
2.367187500000,2.742187500000,0.000000275710
2.367187500000,2.765625000000,0.000000251302
2.367187500000,2.789062500000,0.000000226314
2.367187500000,2.812500000000,0.000000200811
2.367187500000,2.835937500000,0.000000174858
2.367187500000,2.859375000000,0.000000148523
2.367187500000,2.882812500000,0.000000121874
2.367187500000,2.906250000000,0.000000094978
2.367187500000,2.929687500000,0.000000067906
2.367187500000,2.953125000000,0.000000040727
2.367187500000,2.976562500000,0.000000013511
2.367187500000,3.000000000000,0.000000000000
2.390625000000,0.000000000000,0.000000000000
2.390625000000,0.023437500000,-0.000000028673
2.390625000000,0.046875000000,-0.000000047617
2.390625000000,0.070312500000,-0.000000066417
2.390625000000,0.093750000000,-0.000000085034
2.390625000000,0.117187500000,-0.000000103427
2.390625000000,0.140625000000,-0.000000121559
2.390625000000,0.164062500000,-0.000000139391
2.390625000000,0.187500000000,-0.000000156885
2.390625000000,0.210937500000,-0.000000174002
2.390625000000,0.234375000000,-0.000000190705
2.390625000000,0.257812500000,-0.000000206958
2.390625000000,0.281250000000,-0.000000222724
2.390625000000,0.304687500000,-0.000000237969
2.390625000000,0.328125000000,-0.000000252660
2.390625000000,0.351562500000,-0.000000266761
2.390625000000,0.375000000000,-0.000000280238
2.390625000000,0.398437500000,-0.000000293063
2.390625000000,0.421875000000,-0.000000305200
2.390625000000,0.445312500000,-0.000000316623
2.390625000000,0.468750000000,-0.000000327305
2.390625000000,0.492187500000,-0.000000337214
2.390625000000,0.515625000000,-0.000000346324
2.390625000000,0.539062500000,-0.000000354613
2.390625000000,0.562500000000,-0.000000362055
2.390625000000,0.585937500000,-0.000000368631
2.390625000000,0.609375000000,-0.000000374314
2.390625000000,0.632812500000,-0.000000379092
2.390625000000,0.656250000000,-0.000000382944
2.390625000000,0.679687500000,-0.000000385855
2.390625000000,0.703125000000,-0.000000387809
2.390625000000,0.726562500000,-0.000000388798
2.390625000000,0.750000000000,-0.000000388810
2.390625000000,0.773437500000,-0.000000387836
2.390625000000,0.796875000000,-0.000000385870
2.390625000000,0.820312500000,-0.000000382909
2.390625000000,0.843750000000,-0.000000378950
2.390625000000,0.867187500000,-0.000000373994
2.390625000000,0.890625000000,-0.000000368044
2.390625000000,0.914062500000,-0.000000361103
2.390625000000,0.937500000000,-0.000000353180
2.390625000000,0.960937500000,-0.000000344283
2.390625000000,0.984375000000,-0.000000334425
2.390625000000,1.007812500000,-0.000000323620
2.390625000000,1.031250000000,-0.000000311883
2.390625000000,1.054687500000,-0.000000299235
2.390625000000,1.078125000000,-0.000000285696
2.390625000000,1.101562500000,-0.000000271291
2.390625000000,1.125000000000,-0.000000256045
2.390625000000,1.148437500000,-0.000000239988
2.390625000000,1.171875000000,-0.000000223148
2.390625000000,1.195312500000,-0.000000205562
2.390625000000,1.218750000000,-0.000000187263
2.390625000000,1.242187500000,-0.000000168289
2.390625000000,1.265625000000,-0.000000148679
2.390625000000,1.289062500000,-0.000000128477
2.390625000000,1.312500000000,-0.000000107726
2.390625000000,1.335937500000,-0.000000086471
2.390625000000,1.359375000000,-0.000000064761
2.390625000000,1.382812500000,-0.000000042644
2.390625000000,1.406250000000,-0.000000020171
2.390625000000,1.429687500000,0.000000002606
2.390625000000,1.453125000000,0.000000025629
2.390625000000,1.476562500000,0.000000048848
2.390625000000,1.500000000000,0.000000072205
2.390625000000,1.523437500000,0.000000095641
2.390625000000,1.546875000000,0.000000119101
2.390625000000,1.570312500000,0.000000142523
2.390625000000,1.593750000000,0.000000165849
2.390625000000,1.617187500000,0.000000189019
2.390625000000,1.640625000000,0.000000211975
2.390625000000,1.664062500000,0.000000234654
2.390625000000,1.687500000000,0.000000256998
2.390625000000,1.710937500000,0.000000278947
2.390625000000,1.734375000000,0.000000300442
2.390625000000,1.757812500000,0.000000321423
2.390625000000,1.781250000000,0.000000341836
2.390625000000,1.804687500000,0.000000361622
2.390625000000,1.828125000000,0.000000380725
2.390625000000,1.851562500000,0.000000399091
2.390625000000,1.875000000000,0.000000416670
2.390625000000,1.898437500000,0.000000433408
2.390625000000,1.921875000000,0.000000449258
2.390625000000,1.945312500000,0.000000464172
2.390625000000,1.968750000000,0.000000478107
2.390625000000,1.992187500000,0.000000491018
2.390625000000,2.015625000000,0.000000502867
2.390625000000,2.039062500000,0.000000513616
2.390625000000,2.062500000000,0.000000523230
2.390625000000,2.085937500000,0.000000531678
2.390625000000,2.109375000000,0.000000538932
2.390625000000,2.132812500000,0.000000544965
2.390625000000,2.156250000000,0.000000549755
2.390625000000,2.179687500000,0.000000553284
2.390625000000,2.203125000000,0.000000555535
2.390625000000,2.226562500000,0.000000556497
2.390625000000,2.250000000000,0.000000556160
2.390625000000,2.273437500000,0.000000554520
2.390625000000,2.296875000000,0.000000551576
2.390625000000,2.320312500000,0.000000547326
2.390625000000,2.343750000000,0.000000541781
2.390625000000,2.367187500000,0.000000534948
2.390625000000,2.390625000000,0.000000526837
2.390625000000,2.414062500000,0.000000517471
2.390625000000,2.437500000000,0.000000506864
2.390625000000,2.460937500000,0.000000495043
2.390625000000,2.484375000000,0.000000482034
2.390625000000,2.507812500000,0.000000467865
2.390625000000,2.531250000000,0.000000452574
2.390625000000,2.554687500000,0.000000436195
2.390625000000,2.578125000000,0.000000418770
2.390625000000,2.601562500000,0.000000400339
2.390625000000,2.625000000000,0.000000380950
2.390625000000,2.648437500000,0.000000360651
2.390625000000,2.671875000000,0.000000339493
2.390625000000,2.695312500000,0.000000317533
2.390625000000,2.718750000000,0.000000294821
2.390625000000,2.742187500000,0.000000271419
2.390625000000,2.765625000000,0.000000247386
2.390625000000,2.789062500000,0.000000222782
2.390625000000,2.812500000000,0.000000197674
2.390625000000,2.835937500000,0.000000172122
2.390625000000,2.859375000000,0.000000146195
2.390625000000,2.882812500000,0.000000119959
2.390625000000,2.906250000000,0.000000093482
2.390625000000,2.929687500000,0.000000066831
2.390625000000,2.953125000000,0.000000040075
2.390625000000,2.976562500000,0.000000013283
2.390625000000,3.000000000000,0.000000000000
2.414062500000,0.000000000000,0.000000000000
2.414062500000,0.023437500000,-0.000000028169
2.414062500000,0.046875000000,-0.000000046771
2.414062500000,0.070312500000,-0.000000065231
2.414062500000,0.093750000000,-0.000000083511
2.414062500000,0.117187500000,-0.000000101572
2.414062500000,0.140625000000,-0.000000119375
2.414062500000,0.164062500000,-0.000000136883
2.414062500000,0.187500000000,-0.000000154056
2.414062500000,0.210937500000,-0.000000170860
2.414062500000,0.234375000000,-0.000000187255
2.414062500000,0.257812500000,-0.000000203209
2.414062500000,0.281250000000,-0.000000218683
2.414062500000,0.304687500000,-0.000000233645
2.414062500000,0.328125000000,-0.000000248060
2.414062500000,0.351562500000,-0.000000261895
2.414062500000,0.375000000000,-0.000000275117
2.414062500000,0.398437500000,-0.000000287696
2.414062500000,0.421875000000,-0.000000299601
2.414062500000,0.445312500000,-0.000000310803
2.414062500000,0.468750000000,-0.000000321272
2.414062500000,0.492187500000,-0.000000330984
2.414062500000,0.515625000000,-0.000000339911
2.414062500000,0.539062500000,-0.000000348028
2.414062500000,0.562500000000,-0.000000355315
2.414062500000,0.585937500000,-0.000000361746
2.414062500000,0.609375000000,-0.000000367306
2.414062500000,0.632812500000,-0.000000371971
2.414062500000,0.656250000000,-0.000000375727
2.414062500000,0.679687500000,-0.000000378558
2.414062500000,0.703125000000,-0.000000380451
2.414062500000,0.726562500000,-0.000000381392
2.414062500000,0.750000000000,-0.000000381375
2.414062500000,0.773437500000,-0.000000380388
2.414062500000,0.796875000000,-0.000000378427
2.414062500000,0.820312500000,-0.000000375490
2.414062500000,0.843750000000,-0.000000371572
2.414062500000,0.867187500000,-0.000000366675
2.414062500000,0.890625000000,-0.000000360800
2.414062500000,0.914062500000,-0.000000353955
2.414062500000,0.937500000000,-0.000000346144
2.414062500000,0.960937500000,-0.000000337378
2.414062500000,0.984375000000,-0.000000327668
2.414062500000,1.007812500000,-0.000000317029
2.414062500000,1.031250000000,-0.000000305476
2.414062500000,1.054687500000,-0.000000293028
2.414062500000,1.078125000000,-0.000000279707
2.414062500000,1.101562500000,-0.000000265536
2.414062500000,1.125000000000,-0.000000250541
2.414062500000,1.148437500000,-0.000000234750
2.414062500000,1.171875000000,-0.000000218193
2.414062500000,1.195312500000,-0.000000200904
2.414062500000,1.218750000000,-0.000000182915
2.414062500000,1.242187500000,-0.000000164266
2.414062500000,1.265625000000,-0.000000144996
2.414062500000,1.289062500000,-0.000000125145
2.414062500000,1.312500000000,-0.000000104755
2.414062500000,1.335937500000,-0.000000083873
2.414062500000,1.359375000000,-0.000000062547
2.414062500000,1.382812500000,-0.000000040820
2.414062500000,1.406250000000,-0.000000018749
2.414062500000,1.429687500000,0.000000003618
2.414062500000,1.453125000000,0.000000026228
2.414062500000,1.476562500000,0.000000049027
2.414062500000,1.500000000000,0.000000071957
2.414062500000,1.523437500000,0.000000094967
2.414062500000,1.546875000000,0.000000117996
2.414062500000,1.570312500000,0.000000140987
2.414062500000,1.593750000000,0.000000163880
2.414062500000,1.617187500000,0.000000186620
2.414062500000,1.640625000000,0.000000209147
2.414062500000,1.664062500000,0.000000231401
2.414062500000,1.687500000000,0.000000253324
2.414062500000,1.710937500000,0.000000274858
2.414062500000,1.734375000000,0.000000295944
2.414062500000,1.757812500000,0.000000316524
2.414062500000,1.781250000000,0.000000336543
2.414062500000,1.804687500000,0.000000355948
2.414062500000,1.828125000000,0.000000374680
2.414062500000,1.851562500000,0.000000392688
2.414062500000,1.875000000000,0.000000409921
2.414062500000,1.898437500000,0.000000426329
2.414062500000,1.921875000000,0.000000441862
2.414062500000,1.945312500000,0.000000456478
2.414062500000,1.968750000000,0.000000470130
2.414062500000,1.992187500000,0.000000482777
2.414062500000,2.015625000000,0.000000494381
2.414062500000,2.039062500000,0.000000504904
2.414062500000,2.062500000000,0.000000514314
2.414062500000,2.085937500000,0.000000522578
2.414062500000,2.109375000000,0.000000529670
2.414062500000,2.132812500000,0.000000535563
2.414062500000,2.156250000000,0.000000540236
2.414062500000,2.179687500000,0.000000543671
2.414062500000,2.203125000000,0.000000545854
2.414062500000,2.226562500000,0.000000546769
2.414062500000,2.250000000000,0.000000546410
2.414062500000,2.273437500000,0.000000544773
2.414062500000,2.296875000000,0.000000541855
2.414062500000,2.320312500000,0.000000537658
2.414062500000,2.343750000000,0.000000532188
2.414062500000,2.367187500000,0.000000525454
2.414062500000,2.390625000000,0.000000517471
2.414062500000,2.414062500000,0.000000508252
2.414062500000,2.437500000000,0.000000497818
2.414062500000,2.460937500000,0.000000486192
2.414062500000,2.484375000000,0.000000473398
2.414062500000,2.507812500000,0.000000459472
2.414062500000,2.531250000000,0.000000444443
2.414062500000,2.554687500000,0.000000428347
2.414062500000,2.578125000000,0.000000411224
2.414062500000,2.601562500000,0.000000393116
2.414062500000,2.625000000000,0.000000374068
2.414062500000,2.648437500000,0.000000354129
2.414062500000,2.671875000000,0.000000333347
2.414062500000,2.695312500000,0.000000311777
2.414062500000,2.718750000000,0.000000289471
2.414062500000,2.742187500000,0.000000266488
2.414062500000,2.765625000000,0.000000242886
2.414062500000,2.789062500000,0.000000218726
2.414062500000,2.812500000000,0.000000194071
2.414062500000,2.835937500000,0.000000168981
2.414062500000,2.859375000000,0.000000143523
2.414062500000,2.882812500000,0.000000117762
2.414062500000,2.906250000000,0.000000091765
2.414062500000,2.929687500000,0.000000065598
2.414062500000,2.953125000000,0.000000039328
2.414062500000,2.976562500000,0.000000013023
2.414062500000,3.000000000000,0.000000000000
2.437500000000,0.000000000000,0.000000000000
2.437500000000,0.023437500000,-0.000000027597
2.437500000000,0.046875000000,-0.000000045814
2.437500000000,0.070312500000,-0.000000063891
2.437500000000,0.093750000000,-0.000000081790
2.437500000000,0.117187500000,-0.000000099475
2.437500000000,0.140625000000,-0.000000116907
2.437500000000,0.164062500000,-0.000000134047
2.437500000000,0.187500000000,-0.000000150862
2.437500000000,0.210937500000,-0.000000167312
2.437500000000,0.234375000000,-0.000000183362
2.437500000000,0.257812500000,-0.000000198978
2.437500000000,0.281250000000,-0.000000214125
2.437500000000,0.304687500000,-0.000000228768
2.437500000000,0.328125000000,-0.000000242875
2.437500000000,0.351562500000,-0.000000256412
2.437500000000,0.375000000000,-0.000000269348
2.437500000000,0.398437500000,-0.000000281653
2.437500000000,0.421875000000,-0.000000293298
2.437500000000,0.445312500000,-0.000000304251
2.437500000000,0.468750000000,-0.000000314487
2.437500000000,0.492187500000,-0.000000323981
2.437500000000,0.515625000000,-0.000000332703
2.437500000000,0.539062500000,-0.000000340633
2.437500000000,0.562500000000,-0.000000347747
2.437500000000,0.585937500000,-0.000000354025
2.437500000000,0.609375000000,-0.000000359445
2.437500000000,0.632812500000,-0.000000363991
2.437500000000,0.656250000000,-0.000000367644
2.437500000000,0.679687500000,-0.000000370391
2.437500000000,0.703125000000,-0.000000372219
2.437500000000,0.726562500000,-0.000000373114
2.437500000000,0.750000000000,-0.000000373069
2.437500000000,0.773437500000,-0.000000372076
2.437500000000,0.796875000000,-0.000000370128
2.437500000000,0.820312500000,-0.000000367222
2.437500000000,0.843750000000,-0.000000363356
2.437500000000,0.867187500000,-0.000000358532
2.437500000000,0.890625000000,-0.000000352752
2.437500000000,0.914062500000,-0.000000346020
2.437500000000,0.937500000000,-0.000000338343
2.437500000000,0.960937500000,-0.000000329731
2.437500000000,0.984375000000,-0.000000320195
2.437500000000,1.007812500000,-0.000000309749
2.437500000000,1.031250000000,-0.000000298410
2.437500000000,1.054687500000,-0.000000286195
2.437500000000,1.078125000000,-0.000000273126
2.437500000000,1.101562500000,-0.000000259225
2.437500000000,1.125000000000,-0.000000244519
2.437500000000,1.148437500000,-0.000000229034
2.437500000000,1.171875000000,-0.000000212800
2.437500000000,1.195312500000,-0.000000195849
2.437500000000,1.218750000000,-0.000000178217
2.437500000000,1.242187500000,-0.000000159940
2.437500000000,1.265625000000,-0.000000141054
2.437500000000,1.289062500000,-0.000000121602
2.437500000000,1.312500000000,-0.000000101624
2.437500000000,1.335937500000,-0.000000081166
2.437500000000,1.359375000000,-0.000000060273
2.437500000000,1.382812500000,-0.000000038993
2.437500000000,1.406250000000,-0.000000017375
2.437500000000,1.429687500000,0.000000004530
2.437500000000,1.453125000000,0.000000026674
2.437500000000,1.476562500000,0.000000048996
2.437500000000,1.500000000000,0.000000071450
2.437500000000,1.523437500000,0.000000093975
2.437500000000,1.546875000000,0.000000116520
2.437500000000,1.570312500000,0.000000139025
2.437500000000,1.593750000000,0.000000161435
2.437500000000,1.617187500000,0.000000183691
2.437500000000,1.640625000000,0.000000205737
2.437500000000,1.664062500000,0.000000227513
2.437500000000,1.687500000000,0.000000248966
2.437500000000,1.710937500000,0.000000270033
2.437500000000,1.734375000000,0.000000290662
2.437500000000,1.757812500000,0.000000310795
2.437500000000,1.781250000000,0.000000330379
2.437500000000,1.804687500000,0.000000349355
2.437500000000,1.828125000000,0.000000367675
2.437500000000,1.851562500000,0.000000385284
2.437500000000,1.875000000000,0.000000402133
2.437500000000,1.898437500000,0.000000418174
2.437500000000,1.921875000000,0.000000433358
2.437500000000,1.945312500000,0.000000447642
2.437500000000,1.968750000000,0.000000460982
2.437500000000,1.992187500000,0.000000473338
2.437500000000,2.015625000000,0.000000484672
2.437500000000,2.039062500000,0.000000494948
2.437500000000,2.062500000000,0.000000504133
2.437500000000,2.085937500000,0.000000512196
2.437500000000,2.109375000000,0.000000519112
2.437500000000,2.132812500000,0.000000524854
2.437500000000,2.156250000000,0.000000529403
2.437500000000,2.179687500000,0.000000532739
2.437500000000,2.203125000000,0.000000534847
2.437500000000,2.226562500000,0.000000535716
2.437500000000,2.250000000000,0.000000535341
2.437500000000,2.273437500000,0.000000533712
2.437500000000,2.296875000000,0.000000530829
2.437500000000,2.320312500000,0.000000526696
2.437500000000,2.343750000000,0.000000521317
2.437500000000,2.367187500000,0.000000514703
2.437500000000,2.390625000000,0.000000506864
2.437500000000,2.414062500000,0.000000497817
2.437500000000,2.437500000000,0.000000487581
2.437500000000,2.460937500000,0.000000476179
2.437500000000,2.484375000000,0.000000463639
2.437500000000,2.507812500000,0.000000449985
2.437500000000,2.531250000000,0.000000435255
2.437500000000,2.554687500000,0.000000419482
2.437500000000,2.578125000000,0.000000402702
2.437500000000,2.601562500000,0.000000384961
2.437500000000,2.625000000000,0.000000366301
2.437500000000,2.648437500000,0.000000346768
2.437500000000,2.671875000000,0.000000326412
2.437500000000,2.695312500000,0.000000305283
2.437500000000,2.718750000000,0.000000283437
2.437500000000,2.742187500000,0.000000260928
2.437500000000,2.765625000000,0.000000237814
2.437500000000,2.789062500000,0.000000214155
2.437500000000,2.812500000000,0.000000190010
2.437500000000,2.835937500000,0.000000165441
2.437500000000,2.859375000000,0.000000140512
2.437500000000,2.882812500000,0.000000115289
2.437500000000,2.906250000000,0.000000089833
2.437500000000,2.929687500000,0.000000064211
2.437500000000,2.953125000000,0.000000038490
2.437500000000,2.976562500000,0.000000012733
2.437500000000,3.000000000000,0.000000000000
2.460937500000,0.000000000000,0.000000000000
2.460937500000,0.023437500000,-0.000000026961
2.460937500000,0.046875000000,-0.000000044747
2.460937500000,0.070312500000,-0.000000062398
2.460937500000,0.093750000000,-0.000000079874
2.460937500000,0.117187500000,-0.000000097141
2.460937500000,0.140625000000,-0.000000114159
2.460937500000,0.164062500000,-0.000000130894
2.460937500000,0.187500000000,-0.000000147308
2.460937500000,0.210937500000,-0.000000163367
2.460937500000,0.234375000000,-0.000000179036
2.460937500000,0.257812500000,-0.000000194276
2.460937500000,0.281250000000,-0.000000209060
2.460937500000,0.304687500000,-0.000000223349
2.460937500000,0.328125000000,-0.000000237113
2.460937500000,0.351562500000,-0.000000250324
2.460937500000,0.375000000000,-0.000000262943
2.460937500000,0.398437500000,-0.000000274947
2.460937500000,0.421875000000,-0.000000286303
2.460937500000,0.445312500000,-0.000000296985
2.460937500000,0.468750000000,-0.000000306965
2.460937500000,0.492187500000,-0.000000316218
2.460937500000,0.515625000000,-0.000000324718
2.460937500000,0.539062500000,-0.000000332443
2.460937500000,0.562500000000,-0.000000339372
2.460937500000,0.585937500000,-0.000000345479
2.460937500000,0.609375000000,-0.000000350751
2.460937500000,0.632812500000,-0.000000355167
2.460937500000,0.656250000000,-0.000000358712
2.460937500000,0.679687500000,-0.000000361372
2.460937500000,0.703125000000,-0.000000363130
2.460937500000,0.726562500000,-0.000000363981
2.460937500000,0.750000000000,-0.000000363911
2.460937500000,0.773437500000,-0.000000362917
2.460937500000,0.796875000000,-0.000000360988
2.460937500000,0.820312500000,-0.000000358125
2.460937500000,0.843750000000,-0.000000354324
2.460937500000,0.867187500000,-0.000000349587
2.460937500000,0.890625000000,-0.000000343916
2.460937500000,0.914062500000,-0.000000337316
2.460937500000,0.937500000000,-0.000000329794
2.460937500000,0.960937500000,-0.000000321359
2.460937500000,0.984375000000,-0.000000312023
2.460937500000,1.007812500000,-0.000000301798
2.460937500000,1.031250000000,-0.000000290702
2.460937500000,1.054687500000,-0.000000278751
2.460937500000,1.078125000000,-0.000000265967
2.460937500000,1.101562500000,-0.000000252372
2.460937500000,1.125000000000,-0.000000237991
2.460937500000,1.148437500000,-0.000000222851
2.460937500000,1.171875000000,-0.000000206981
2.460937500000,1.195312500000,-0.000000190414
2.460937500000,1.218750000000,-0.000000173179
2.460937500000,1.242187500000,-0.000000155318
2.460937500000,1.265625000000,-0.000000136864
2.460937500000,1.289062500000,-0.000000117858
2.460937500000,1.312500000000,-0.000000098341
2.460937500000,1.335937500000,-0.000000078356
2.460937500000,1.359375000000,-0.000000057947
2.460937500000,1.382812500000,-0.000000037164
2.460937500000,1.406250000000,-0.000000016051
2.460937500000,1.429687500000,0.000000005341
2.460937500000,1.453125000000,0.000000026960
2.460937500000,1.476562500000,0.000000048758
2.460937500000,1.500000000000,0.000000070679
2.460937500000,1.523437500000,0.000000092670
2.460937500000,1.546875000000,0.000000114677
2.460937500000,1.570312500000,0.000000136644
2.460937500000,1.593750000000,0.000000158516
2.460937500000,1.617187500000,0.000000180237
2.460937500000,1.640625000000,0.000000201751
2.460937500000,1.664062500000,0.000000223001
2.460937500000,1.687500000000,0.000000243931
2.460937500000,1.710937500000,0.000000264486
2.460937500000,1.734375000000,0.000000284611
2.460937500000,1.757812500000,0.000000304252
2.460937500000,1.781250000000,0.000000323351
2.460937500000,1.804687500000,0.000000341861
2.460937500000,1.828125000000,0.000000359725
2.460937500000,1.851562500000,0.000000376897
2.460937500000,1.875000000000,0.000000393325
2.460937500000,1.898437500000,0.000000408962
2.460937500000,1.921875000000,0.000000423763
2.460937500000,1.945312500000,0.000000437684
2.460937500000,1.968750000000,0.000000450684
2.460937500000,1.992187500000,0.000000462722
2.460937500000,2.015625000000,0.000000473762
2.460937500000,2.039062500000,0.000000483768
2.460937500000,2.062500000000,0.000000492710
2.460937500000,2.085937500000,0.000000500557
2.460937500000,2.109375000000,0.000000507281
2.460937500000,2.132812500000,0.000000512862
2.460937500000,2.156250000000,0.000000517277
2.460937500000,2.179687500000,0.000000520509
2.460937500000,2.203125000000,0.000000522542
2.460937500000,2.226562500000,0.000000523367
2.460937500000,2.250000000000,0.000000522974
2.460937500000,2.273437500000,0.000000521361
2.460937500000,2.296875000000,0.000000518524
2.460937500000,2.320312500000,0.000000514468
2.460937500000,2.343750000000,0.000000509194
2.460937500000,2.367187500000,0.000000502716
2.460937500000,2.390625000000,0.000000495042
2.460937500000,2.414062500000,0.000000486191
2.460937500000,2.437500000000,0.000000476181
2.460937500000,2.460937500000,0.000000465031
2.460937500000,2.484375000000,0.000000452770
2.460937500000,2.507812500000,0.000000439427
2.460937500000,2.531250000000,0.000000425031
2.460937500000,2.554687500000,0.000000409617
2.460937500000,2.578125000000,0.000000393224
2.460937500000,2.601562500000,0.000000375893
2.460937500000,2.625000000000,0.000000357663
2.460937500000,2.648437500000,0.000000338585
2.460937500000,2.671875000000,0.000000318703
2.460937500000,2.695312500000,0.000000298067
2.460937500000,2.718750000000,0.000000276732
2.460937500000,2.742187500000,0.000000254750
2.460937500000,2.765625000000,0.000000232180
2.460937500000,2.789062500000,0.000000209075
2.460937500000,2.812500000000,0.000000185500
2.460937500000,2.835937500000,0.000000161510
2.460937500000,2.859375000000,0.000000137170
2.460937500000,2.882812500000,0.000000112542
2.460937500000,2.906250000000,0.000000087688
2.460937500000,2.929687500000,0.000000062673
2.460937500000,2.953125000000,0.000000037560
2.460937500000,2.976562500000,0.000000012413
2.460937500000,3.000000000000,0.000000000000
2.484375000000,0.000000000000,0.000000000000
2.484375000000,0.023437500000,-0.000000026259
2.484375000000,0.046875000000,-0.000000043574
2.484375000000,0.070312500000,-0.000000060756
2.484375000000,0.093750000000,-0.000000077769
2.484375000000,0.117187500000,-0.000000094575
2.484375000000,0.140625000000,-0.000000111141
2.484375000000,0.164062500000,-0.000000127429
2.484375000000,0.187500000000,-0.000000143405
2.484375000000,0.210937500000,-0.000000159033
2.484375000000,0.234375000000,-0.000000174281
2.484375000000,0.257812500000,-0.000000189114
2.484375000000,0.281250000000,-0.000000203499
2.484375000000,0.304687500000,-0.000000217401
2.484375000000,0.328125000000,-0.000000230795
2.484375000000,0.351562500000,-0.000000243643
2.484375000000,0.375000000000,-0.000000255920
2.484375000000,0.398437500000,-0.000000267593
2.484375000000,0.421875000000,-0.000000278637
2.484375000000,0.445312500000,-0.000000289022
2.484375000000,0.468750000000,-0.000000298724
2.484375000000,0.492187500000,-0.000000307715
2.484375000000,0.515625000000,-0.000000315975
2.484375000000,0.539062500000,-0.000000323478
2.484375000000,0.562500000000,-0.000000330204
2.484375000000,0.585937500000,-0.000000336133
2.484375000000,0.609375000000,-0.000000341244
2.484375000000,0.632812500000,-0.000000345523
2.484375000000,0.656250000000,-0.000000348953
2.484375000000,0.679687500000,-0.000000351520
2.484375000000,0.703125000000,-0.000000353211
2.484375000000,0.726562500000,-0.000000354016
2.484375000000,0.750000000000,-0.000000353925
2.484375000000,0.773437500000,-0.000000352931
2.484375000000,0.796875000000,-0.000000351031
2.484375000000,0.820312500000,-0.000000348219
2.484375000000,0.843750000000,-0.000000344496
2.484375000000,0.867187500000,-0.000000339859
2.484375000000,0.890625000000,-0.000000334314
2.484375000000,0.914062500000,-0.000000327865
2.484375000000,0.937500000000,-0.000000320518
2.484375000000,0.960937500000,-0.000000312283
2.484375000000,0.984375000000,-0.000000303170
2.484375000000,1.007812500000,-0.000000293194
2.484375000000,1.031250000000,-0.000000282369
2.484375000000,1.054687500000,-0.000000270713
2.484375000000,1.078125000000,-0.000000258247
2.484375000000,1.101562500000,-0.000000244992
2.484375000000,1.125000000000,-0.000000230973
2.484375000000,1.148437500000,-0.000000216217
2.484375000000,1.171875000000,-0.000000200750
2.484375000000,1.195312500000,-0.000000184604
2.484375000000,1.218750000000,-0.000000167814
2.484375000000,1.242187500000,-0.000000150412
2.484375000000,1.265625000000,-0.000000132433
2.484375000000,1.289062500000,-0.000000113920
2.484375000000,1.312500000000,-0.000000094911
2.484375000000,1.335937500000,-0.000000075449
2.484375000000,1.359375000000,-0.000000055574
2.484375000000,1.382812500000,-0.000000035336
2.484375000000,1.406250000000,-0.000000014779
2.484375000000,1.429687500000,0.000000006047
2.484375000000,1.453125000000,0.000000027096
2.484375000000,1.476562500000,0.000000048314
2.484375000000,1.500000000000,0.000000069651
2.484375000000,1.523437500000,0.000000091055
2.484375000000,1.546875000000,0.000000112473
2.484375000000,1.570312500000,0.000000133850
2.484375000000,1.593750000000,0.000000155133
2.484375000000,1.617187500000,0.000000176267
2.484375000000,1.640625000000,0.000000197199
2.484375000000,1.664062500000,0.000000217874
2.484375000000,1.687500000000,0.000000238235
2.484375000000,1.710937500000,0.000000258230
2.484375000000,1.734375000000,0.000000277805
2.484375000000,1.757812500000,0.000000296907
2.484375000000,1.781250000000,0.000000315481
2.484375000000,1.804687500000,0.000000333480
2.484375000000,1.828125000000,0.000000350852
2.484375000000,1.851562500000,0.000000367545
2.484375000000,1.875000000000,0.000000383515
2.484375000000,1.898437500000,0.000000398716
2.484375000000,1.921875000000,0.000000413100
2.484375000000,1.945312500000,0.000000426629
2.484375000000,1.968750000000,0.000000439259
2.484375000000,1.992187500000,0.000000450953
2.484375000000,2.015625000000,0.000000461675
2.484375000000,2.039062500000,0.000000471392
2.484375000000,2.062500000000,0.000000480071
2.484375000000,2.085937500000,0.000000487684
2.484375000000,2.109375000000,0.000000494207
2.484375000000,2.132812500000,0.000000499615
2.484375000000,2.156250000000,0.000000503888
2.484375000000,2.179687500000,0.000000507010
2.484375000000,2.203125000000,0.000000508966
2.484375000000,2.226562500000,0.000000509745
2.484375000000,2.250000000000,0.000000509343
2.484375000000,2.273437500000,0.000000507750
2.484375000000,2.296875000000,0.000000504968
2.484375000000,2.320312500000,0.000000500998
2.484375000000,2.343750000000,0.000000495845
2.484375000000,2.367187500000,0.000000489520
2.484375000000,2.390625000000,0.000000482033
2.484375000000,2.414062500000,0.000000473400
2.484375000000,2.437500000000,0.000000463638
2.484375000000,2.460937500000,0.000000452770
2.484375000000,2.484375000000,0.000000440821
2.484375000000,2.507812500000,0.000000427818
2.484375000000,2.531250000000,0.000000413793
2.484375000000,2.554687500000,0.000000398777
2.484375000000,2.578125000000,0.000000382809
2.484375000000,2.601562500000,0.000000365929
2.484375000000,2.625000000000,0.000000348177
2.484375000000,2.648437500000,0.000000329597
2.484375000000,2.671875000000,0.000000310236
2.484375000000,2.695312500000,0.000000290145
2.484375000000,2.718750000000,0.000000269371
2.484375000000,2.742187500000,0.000000247969
2.484375000000,2.765625000000,0.000000225996
2.484375000000,2.789062500000,0.000000203502
2.484375000000,2.812500000000,0.000000180550
2.484375000000,2.835937500000,0.000000157198
2.484375000000,2.859375000000,0.000000133504
2.484375000000,2.882812500000,0.000000109530
2.484375000000,2.906250000000,0.000000085336
2.484375000000,2.929687500000,0.000000060986
2.484375000000,2.953125000000,0.000000036541
2.484375000000,2.976562500000,0.000000012064
2.484375000000,3.000000000000,0.000000000000
2.507812500000,0.000000000000,0.000000000000
2.507812500000,0.023437500000,-0.000000025495
2.507812500000,0.046875000000,-0.000000042297
2.507812500000,0.070312500000,-0.000000058970
2.507812500000,0.093750000000,-0.000000075477
2.507812500000,0.117187500000,-0.000000091785
2.507812500000,0.140625000000,-0.000000107858
2.507812500000,0.164062500000,-0.000000123661
2.507812500000,0.187500000000,-0.000000139160
2.507812500000,0.210937500000,-0.000000154323
2.507812500000,0.234375000000,-0.000000169114
2.507812500000,0.257812500000,-0.000000183502
2.507812500000,0.281250000000,-0.000000197454
2.507812500000,0.304687500000,-0.000000210941
2.507812500000,0.328125000000,-0.000000223929
2.507812500000,0.351562500000,-0.000000236388
2.507812500000,0.375000000000,-0.000000248292
2.507812500000,0.398437500000,-0.000000259610
2.507812500000,0.421875000000,-0.000000270314
2.507812500000,0.445312500000,-0.000000280381
2.507812500000,0.468750000000,-0.000000289783
2.507812500000,0.492187500000,-0.000000298494
2.507812500000,0.515625000000,-0.000000306492
2.507812500000,0.539062500000,-0.000000313759
2.507812500000,0.562500000000,-0.000000320269
2.507812500000,0.585937500000,-0.000000326004
2.507812500000,0.609375000000,-0.000000330948
2.507812500000,0.632812500000,-0.000000335081
2.507812500000,0.656250000000,-0.000000338390
2.507812500000,0.679687500000,-0.000000340861
2.507812500000,0.703125000000,-0.000000342481
2.507812500000,0.726562500000,-0.000000343241
2.507812500000,0.750000000000,-0.000000343131
2.507812500000,0.773437500000,-0.000000342146
2.507812500000,0.796875000000,-0.000000340281
2.507812500000,0.820312500000,-0.000000337528
2.507812500000,0.843750000000,-0.000000333892
2.507812500000,0.867187500000,-0.000000329371
2.507812500000,0.890625000000,-0.000000323968
2.507812500000,0.914062500000,-0.000000317687
2.507812500000,0.937500000000,-0.000000310535
2.507812500000,0.960937500000,-0.000000302522
2.507812500000,0.984375000000,-0.000000293658
2.507812500000,1.007812500000,-0.000000283956
2.507812500000,1.031250000000,-0.000000273431
2.507812500000,1.054687500000,-0.000000262100
2.507812500000,1.078125000000,-0.000000249984
2.507812500000,1.101562500000,-0.000000237103
2.507812500000,1.125000000000,-0.000000223481
2.507812500000,1.148437500000,-0.000000209144
2.507812500000,1.171875000000,-0.000000194120
2.507812500000,1.195312500000,-0.000000178437
2.507812500000,1.218750000000,-0.000000162130
2.507812500000,1.242187500000,-0.000000145231
2.507812500000,1.265625000000,-0.000000127774
2.507812500000,1.289062500000,-0.000000109799
2.507812500000,1.312500000000,-0.000000091342
2.507812500000,1.335937500000,-0.000000072449
2.507812500000,1.359375000000,-0.000000053158
2.507812500000,1.382812500000,-0.000000033513
2.507812500000,1.406250000000,-0.000000013562
2.507812500000,1.429687500000,0.000000006650
2.507812500000,1.453125000000,0.000000027075
2.507812500000,1.476562500000,0.000000047664
2.507812500000,1.500000000000,0.000000068368
2.507812500000,1.523437500000,0.000000089134
2.507812500000,1.546875000000,0.000000109912
2.507812500000,1.570312500000,0.000000130650
2.507812500000,1.593750000000,0.000000151295
2.507812500000,1.617187500000,0.000000171797
2.507812500000,1.640625000000,0.000000192096
2.507812500000,1.664062500000,0.000000212147
2.507812500000,1.687500000000,0.000000231892
2.507812500000,1.710937500000,0.000000251281
2.507812500000,1.734375000000,0.000000270260
2.507812500000,1.757812500000,0.000000288779
2.507812500000,1.781250000000,0.000000306788
2.507812500000,1.804687500000,0.000000324236
2.507812500000,1.828125000000,0.000000341073
2.507812500000,1.851562500000,0.000000357253
2.507812500000,1.875000000000,0.000000372730
2.507812500000,1.898437500000,0.000000387458
2.507812500000,1.921875000000,0.000000401396
2.507812500000,1.945312500000,0.000000414501
2.507812500000,1.968750000000,0.000000426735
2.507812500000,1.992187500000,0.000000438060
2.507812500000,2.015625000000,0.000000448442
2.507812500000,2.039062500000,0.000000457848
2.507812500000,2.062500000000,0.000000466247
2.507812500000,2.085937500000,0.000000473612
2.507812500000,2.109375000000,0.000000479919
2.507812500000,2.132812500000,0.000000485143
2.507812500000,2.156250000000,0.000000489268
2.507812500000,2.179687500000,0.000000492275
2.507812500000,2.203125000000,0.000000494151
2.507812500000,2.226562500000,0.000000494888
2.507812500000,2.250000000000,0.000000494475
2.507812500000,2.273437500000,0.000000492909
2.507812500000,2.296875000000,0.000000490191
2.507812500000,2.320312500000,0.000000486319
2.507812500000,2.343750000000,0.000000481302
2.507812500000,2.367187500000,0.000000475148
2.507812500000,2.390625000000,0.000000467865
2.507812500000,2.414062500000,0.000000459472
2.507812500000,2.437500000000,0.000000449985
2.507812500000,2.460937500000,0.000000439426
2.507812500000,2.484375000000,0.000000427818
2.507812500000,2.507812500000,0.000000415190
2.507812500000,2.531250000000,0.000000401568
2.507812500000,2.554687500000,0.000000386989
2.507812500000,2.578125000000,0.000000371486
2.507812500000,2.601562500000,0.000000355096
2.507812500000,2.625000000000,0.000000337862
2.507812500000,2.648437500000,0.000000319827
2.507812500000,2.671875000000,0.000000301034
2.507812500000,2.695312500000,0.000000281533
2.507812500000,2.718750000000,0.000000261370
2.507812500000,2.742187500000,0.000000240601
2.507812500000,2.765625000000,0.000000219275
2.507812500000,2.789062500000,0.000000197449
2.507812500000,2.812500000000,0.000000175176
2.507812500000,2.835937500000,0.000000152513
2.507812500000,2.859375000000,0.000000129522
2.507812500000,2.882812500000,0.000000106258
2.507812500000,2.906250000000,0.000000082783
2.507812500000,2.929687500000,0.000000059155
2.507812500000,2.953125000000,0.000000035436
2.507812500000,2.976562500000,0.000000011686
2.507812500000,3.000000000000,0.000000000000
2.531250000000,0.000000000000,0.000000000000
2.531250000000,0.023437500000,-0.000000024671
2.531250000000,0.046875000000,-0.000000040919
2.531250000000,0.070312500000,-0.000000057043
2.531250000000,0.093750000000,-0.000000073006
2.531250000000,0.117187500000,-0.000000088776
2.531250000000,0.140625000000,-0.000000104318
2.531250000000,0.164062500000,-0.000000119600
2.531250000000,0.187500000000,-0.000000134586
2.531250000000,0.210937500000,-0.000000149246
2.531250000000,0.234375000000,-0.000000163547
2.531250000000,0.257812500000,-0.000000177457
2.531250000000,0.281250000000,-0.000000190946
2.531250000000,0.304687500000,-0.000000203981
2.531250000000,0.328125000000,-0.000000216535
2.531250000000,0.351562500000,-0.000000228578
2.531250000000,0.375000000000,-0.000000240080
2.531250000000,0.398437500000,-0.000000251015
2.531250000000,0.421875000000,-0.000000261359
2.531250000000,0.445312500000,-0.000000271082
2.531250000000,0.468750000000,-0.000000280163
2.531250000000,0.492187500000,-0.000000288576
2.531250000000,0.515625000000,-0.000000296299
2.531250000000,0.539062500000,-0.000000303310
2.531250000000,0.562500000000,-0.000000309592
2.531250000000,0.585937500000,-0.000000315123
2.531250000000,0.609375000000,-0.000000319886
2.531250000000,0.632812500000,-0.000000323868
2.531250000000,0.656250000000,-0.000000327048
2.531250000000,0.679687500000,-0.000000329420
2.531250000000,0.703125000000,-0.000000330968
2.531250000000,0.726562500000,-0.000000331684
2.531250000000,0.750000000000,-0.000000331558
2.531250000000,0.773437500000,-0.000000330584
2.531250000000,0.796875000000,-0.000000328760
2.531250000000,0.820312500000,-0.000000326079
2.531250000000,0.843750000000,-0.000000322541
2.531250000000,0.867187500000,-0.000000318148
2.531250000000,0.890625000000,-0.000000312902
2.531250000000,0.914062500000,-0.000000306807
2.531250000000,0.937500000000,-0.000000299870
2.531250000000,0.960937500000,-0.000000292100
2.531250000000,0.984375000000,-0.000000283508
2.531250000000,1.007812500000,-0.000000274105
2.531250000000,1.031250000000,-0.000000263907
2.531250000000,1.054687500000,-0.000000252931
2.531250000000,1.078125000000,-0.000000241195
2.531250000000,1.101562500000,-0.000000228721
2.531250000000,1.125000000000,-0.000000215531
2.531250000000,1.148437500000,-0.000000201650
2.531250000000,1.171875000000,-0.000000187106
2.531250000000,1.195312500000,-0.000000171926
2.531250000000,1.218750000000,-0.000000156141
2.531250000000,1.242187500000,-0.000000139786
2.531250000000,1.265625000000,-0.000000122894
2.531250000000,1.289062500000,-0.000000105501
2.531250000000,1.312500000000,-0.000000087643
2.531250000000,1.335937500000,-0.000000069363
2.531250000000,1.359375000000,-0.000000050702
2.531250000000,1.382812500000,-0.000000031700
2.531250000000,1.406250000000,-0.000000012400
2.531250000000,1.429687500000,0.000000007149
2.531250000000,1.453125000000,0.000000026904
2.531250000000,1.476562500000,0.000000046813
2.531250000000,1.500000000000,0.000000066834
2.531250000000,1.523437500000,0.000000086913
2.531250000000,1.546875000000,0.000000107004
2.531250000000,1.570312500000,0.000000127053
2.531250000000,1.593750000000,0.000000147012
2.531250000000,1.617187500000,0.000000166829
2.531250000000,1.640625000000,0.000000186453
2.531250000000,1.664062500000,0.000000205834
2.531250000000,1.687500000000,0.000000224918
2.531250000000,1.710937500000,0.000000243655
2.531250000000,1.734375000000,0.000000261996
2.531250000000,1.757812500000,0.000000279892
2.531250000000,1.781250000000,0.000000297292
2.531250000000,1.804687500000,0.000000314148
2.531250000000,1.828125000000,0.000000330414
2.531250000000,1.851562500000,0.000000346045
2.531250000000,1.875000000000,0.000000360993
2.531250000000,1.898437500000,0.000000375218
2.531250000000,1.921875000000,0.000000388678
2.531250000000,1.945312500000,0.000000401332
2.531250000000,1.968750000000,0.000000413143
2.531250000000,1.992187500000,0.000000424075
2.531250000000,2.015625000000,0.000000434094
2.531250000000,2.039062500000,0.000000443169
2.531250000000,2.062500000000,0.000000451271
2.531250000000,2.085937500000,0.000000458373
2.531250000000,2.109375000000,0.000000464450
2.531250000000,2.132812500000,0.000000469483
2.531250000000,2.156250000000,0.000000473451
2.531250000000,2.179687500000,0.000000476339
2.531250000000,2.203125000000,0.000000478133
2.531250000000,2.226562500000,0.000000478826
2.531250000000,2.250000000000,0.000000478407
2.531250000000,2.273437500000,0.000000476876
2.531250000000,2.296875000000,0.000000474228
2.531250000000,2.320312500000,0.000000470468
2.531250000000,2.343750000000,0.000000465599
2.531250000000,2.367187500000,0.000000459630
2.531250000000,2.390625000000,0.000000452575
2.531250000000,2.414062500000,0.000000444443
2.531250000000,2.437500000000,0.000000435254
2.531250000000,2.460937500000,0.000000425032
2.531250000000,2.484375000000,0.000000413792
2.531250000000,2.507812500000,0.000000401567
2.531250000000,2.531250000000,0.000000388385
2.531250000000,2.554687500000,0.000000374276
2.531250000000,2.578125000000,0.000000359274
2.531250000000,2.601562500000,0.000000343417
2.531250000000,2.625000000000,0.000000326744
2.531250000000,2.648437500000,0.000000309296
2.531250000000,2.671875000000,0.000000291118
2.531250000000,2.695312500000,0.000000272254
2.531250000000,2.718750000000,0.000000252752
2.531250000000,2.742187500000,0.000000232662
2.531250000000,2.765625000000,0.000000212036
2.531250000000,2.789062500000,0.000000190925
2.531250000000,2.812500000000,0.000000169385
2.531250000000,2.835937500000,0.000000147468
2.531250000000,2.859375000000,0.000000125233
2.531250000000,2.882812500000,0.000000102736
2.531250000000,2.906250000000,0.000000080033
2.531250000000,2.929687500000,0.000000057185
2.531250000000,2.953125000000,0.000000034248
2.531250000000,2.976562500000,0.000000011281
2.531250000000,3.000000000000,0.000000000000
2.554687500000,0.000000000000,0.000000000000
2.554687500000,0.023437500000,-0.000000023788
2.554687500000,0.046875000000,-0.000000039444
2.554687500000,0.070312500000,-0.000000054980
2.554687500000,0.093750000000,-0.000000070362
2.554687500000,0.117187500000,-0.000000085557
2.554687500000,0.140625000000,-0.000000100531
2.554687500000,0.164062500000,-0.000000115254
2.554687500000,0.187500000000,-0.000000129694
2.554687500000,0.210937500000,-0.000000143817
2.554687500000,0.234375000000,-0.000000157593
2.554687500000,0.257812500000,-0.000000170993
2.554687500000,0.281250000000,-0.000000183985
2.554687500000,0.304687500000,-0.000000196541
2.554687500000,0.328125000000,-0.000000208631
2.554687500000,0.351562500000,-0.000000220227
2.554687500000,0.375000000000,-0.000000231304
2.554687500000,0.398437500000,-0.000000241833
2.554687500000,0.421875000000,-0.000000251791
2.554687500000,0.445312500000,-0.000000261150
2.554687500000,0.468750000000,-0.000000269889
2.554687500000,0.492187500000,-0.000000277984
2.554687500000,0.515625000000,-0.000000285413
2.554687500000,0.539062500000,-0.000000292157
2.554687500000,0.562500000000,-0.000000298195
2.554687500000,0.585937500000,-0.000000303511
2.554687500000,0.609375000000,-0.000000308085
2.554687500000,0.632812500000,-0.000000311906
2.554687500000,0.656250000000,-0.000000314955
2.554687500000,0.679687500000,-0.000000317224
2.554687500000,0.703125000000,-0.000000318699
2.554687500000,0.726562500000,-0.000000319370
2.554687500000,0.750000000000,-0.000000319231
2.554687500000,0.773437500000,-0.000000318276
2.554687500000,0.796875000000,-0.000000316497
2.554687500000,0.820312500000,-0.000000313895
2.554687500000,0.843750000000,-0.000000310468
2.554687500000,0.867187500000,-0.000000306215
2.554687500000,0.890625000000,-0.000000301141
2.554687500000,0.914062500000,-0.000000295250
2.554687500000,0.937500000000,-0.000000288547
2.554687500000,0.960937500000,-0.000000281041
2.554687500000,0.984375000000,-0.000000272743
2.554687500000,1.007812500000,-0.000000263665
2.554687500000,1.031250000000,-0.000000253821
2.554687500000,1.054687500000,-0.000000243227
2.554687500000,1.078125000000,-0.000000231902
2.554687500000,1.101562500000,-0.000000219866
2.554687500000,1.125000000000,-0.000000207141
2.554687500000,1.148437500000,-0.000000193751
2.554687500000,1.171875000000,-0.000000179722
2.554687500000,1.195312500000,-0.000000165082
2.554687500000,1.218750000000,-0.000000149861
2.554687500000,1.242187500000,-0.000000134090
2.554687500000,1.265625000000,-0.000000117802
2.554687500000,1.289062500000,-0.000000101033
2.554687500000,1.312500000000,-0.000000083820
2.554687500000,1.335937500000,-0.000000066198
2.554687500000,1.359375000000,-0.000000048209
2.554687500000,1.382812500000,-0.000000029895
2.554687500000,1.406250000000,-0.000000011295
2.554687500000,1.429687500000,0.000000007544
2.554687500000,1.453125000000,0.000000026579
2.554687500000,1.476562500000,0.000000045764
2.554687500000,1.500000000000,0.000000065054
2.554687500000,1.523437500000,0.000000084402
2.554687500000,1.546875000000,0.000000103756
2.554687500000,1.570312500000,0.000000123071
2.554687500000,1.593750000000,0.000000142298
2.554687500000,1.617187500000,0.000000161384
2.554687500000,1.640625000000,0.000000180287
2.554687500000,1.664062500000,0.000000198951
2.554687500000,1.687500000000,0.000000217330
2.554687500000,1.710937500000,0.000000235374
2.554687500000,1.734375000000,0.000000253037
2.554687500000,1.757812500000,0.000000270265
2.554687500000,1.781250000000,0.000000287019
2.554687500000,1.804687500000,0.000000303246
2.554687500000,1.828125000000,0.000000318905
2.554687500000,1.851562500000,0.000000333949
2.554687500000,1.875000000000,0.000000348337
2.554687500000,1.898437500000,0.000000362027
2.554687500000,1.921875000000,0.000000374978
2.554687500000,1.945312500000,0.000000387153
2.554687500000,1.968750000000,0.000000398516
2.554687500000,1.992187500000,0.000000409031
2.554687500000,2.015625000000,0.000000418666
2.554687500000,2.039062500000,0.000000427392
2.554687500000,2.062500000000,0.000000435179
2.554687500000,2.085937500000,0.000000442004
2.554687500000,2.109375000000,0.000000447841
2.554687500000,2.132812500000,0.000000452671
2.554687500000,2.156250000000,0.000000456476
2.554687500000,2.179687500000,0.000000459241
2.554687500000,2.203125000000,0.000000460952
2.554687500000,2.226562500000,0.000000461602
2.554687500000,2.250000000000,0.000000461181
2.554687500000,2.273437500000,0.000000459689
2.554687500000,2.296875000000,0.000000457120
2.554687500000,2.320312500000,0.000000453480
2.554687500000,2.343750000000,0.000000448774
2.554687500000,2.367187500000,0.000000443009
2.554687500000,2.390625000000,0.000000436196
2.554687500000,2.414062500000,0.000000428347
2.554687500000,2.437500000000,0.000000419482
2.554687500000,2.460937500000,0.000000409617
2.554687500000,2.484375000000,0.000000398777
2.554687500000,2.507812500000,0.000000386988
2.554687500000,2.531250000000,0.000000374276
2.554687500000,2.554687500000,0.000000360672
2.554687500000,2.578125000000,0.000000346209
2.554687500000,2.601562500000,0.000000330922
2.554687500000,2.625000000000,0.000000314850
2.554687500000,2.648437500000,0.000000298033
2.554687500000,2.671875000000,0.000000280509
2.554687500000,2.695312500000,0.000000262329
2.554687500000,2.718750000000,0.000000243533
2.554687500000,2.742187500000,0.000000224172
2.554687500000,2.765625000000,0.000000204295
2.554687500000,2.789062500000,0.000000183951
2.554687500000,2.812500000000,0.000000163194
2.554687500000,2.835937500000,0.000000142074
2.554687500000,2.859375000000,0.000000120648
2.554687500000,2.882812500000,0.000000098970
2.554687500000,2.906250000000,0.000000077095
2.554687500000,2.929687500000,0.000000055079
2.554687500000,2.953125000000,0.000000032978
2.554687500000,2.976562500000,0.000000010849
2.554687500000,3.000000000000,0.000000000000
2.578125000000,0.000000000000,0.000000000000
2.578125000000,0.023437500000,-0.000000022848
2.578125000000,0.046875000000,-0.000000037876
2.578125000000,0.070312500000,-0.000000052787
2.578125000000,0.093750000000,-0.000000067551
2.578125000000,0.117187500000,-0.000000082135
2.578125000000,0.140625000000,-0.000000096507
2.578125000000,0.164062500000,-0.000000110637
2.578125000000,0.187500000000,-0.000000124493
2.578125000000,0.210937500000,-0.000000138047
2.578125000000,0.234375000000,-0.000000151267
2.578125000000,0.257812500000,-0.000000164125
2.578125000000,0.281250000000,-0.000000176590
2.578125000000,0.304687500000,-0.000000188636
2.578125000000,0.328125000000,-0.000000200235
2.578125000000,0.351562500000,-0.000000211361
2.578125000000,0.375000000000,-0.000000221985
2.578125000000,0.398437500000,-0.000000232084
2.578125000000,0.421875000000,-0.000000241632
2.578125000000,0.445312500000,-0.000000250608
2.578125000000,0.468750000000,-0.000000258985
2.578125000000,0.492187500000,-0.000000266744
2.578125000000,0.515625000000,-0.000000273864
2.578125000000,0.539062500000,-0.000000280326
2.578125000000,0.562500000000,-0.000000286110
2.578125000000,0.585937500000,-0.000000291199
2.578125000000,0.609375000000,-0.000000295575
2.578125000000,0.632812500000,-0.000000299228
2.578125000000,0.656250000000,-0.000000302142
2.578125000000,0.679687500000,-0.000000304302
2.578125000000,0.703125000000,-0.000000305702
2.578125000000,0.726562500000,-0.000000306330
2.578125000000,0.750000000000,-0.000000306182
2.578125000000,0.773437500000,-0.000000305247
2.578125000000,0.796875000000,-0.000000303524
2.578125000000,0.820312500000,-0.000000301009
2.578125000000,0.843750000000,-0.000000297702
2.578125000000,0.867187500000,-0.000000293603
2.578125000000,0.890625000000,-0.000000288715
2.578125000000,0.914062500000,-0.000000283043
2.578125000000,0.937500000000,-0.000000276592
2.578125000000,0.960937500000,-0.000000269371
2.578125000000,0.984375000000,-0.000000261389
2.578125000000,1.007812500000,-0.000000252659
2.578125000000,1.031250000000,-0.000000243195
2.578125000000,1.054687500000,-0.000000233011
2.578125000000,1.078125000000,-0.000000222126
2.578125000000,1.101562500000,-0.000000210559
2.578125000000,1.125000000000,-0.000000198330
2.578125000000,1.148437500000,-0.000000185465
2.578125000000,1.171875000000,-0.000000171988
2.578125000000,1.195312500000,-0.000000157923
2.578125000000,1.218750000000,-0.000000143302
2.578125000000,1.242187500000,-0.000000128155
2.578125000000,1.265625000000,-0.000000112513
2.578125000000,1.289062500000,-0.000000096408
2.578125000000,1.312500000000,-0.000000079877
2.578125000000,1.335937500000,-0.000000062959
2.578125000000,1.359375000000,-0.000000045686
2.578125000000,1.382812500000,-0.000000028105
2.578125000000,1.406250000000,-0.000000010249
2.578125000000,1.429687500000,0.000000007836
2.578125000000,1.453125000000,0.000000026110
2.578125000000,1.476562500000,0.000000044524
2.578125000000,1.500000000000,0.000000063038
2.578125000000,1.523437500000,0.000000081604
2.578125000000,1.546875000000,0.000000100179
2.578125000000,1.570312500000,0.000000118714
2.578125000000,1.593750000000,0.000000137162
2.578125000000,1.617187500000,0.000000155478
2.578125000000,1.640625000000,0.000000173611
2.578125000000,1.664062500000,0.000000191519
2.578125000000,1.687500000000,0.000000209150
2.578125000000,1.710937500000,0.000000226460
2.578125000000,1.734375000000,0.000000243399
2.578125000000,1.757812500000,0.000000259926
2.578125000000,1.781250000000,0.000000275994
2.578125000000,1.804687500000,0.000000291556
2.578125000000,1.828125000000,0.000000306572
2.578125000000,1.851562500000,0.000000320998
2.578125000000,1.875000000000,0.000000334792
2.578125000000,1.898437500000,0.000000347916
2.578125000000,1.921875000000,0.000000360332
2.578125000000,1.945312500000,0.000000372002
2.578125000000,1.968750000000,0.000000382891
2.578125000000,1.992187500000,0.000000392967
2.578125000000,2.015625000000,0.000000402198
2.578125000000,2.039062500000,0.000000410556
2.578125000000,2.062500000000,0.000000418013
2.578125000000,2.085937500000,0.000000424546
2.578125000000,2.109375000000,0.000000430132
2.578125000000,2.132812500000,0.000000434750
2.578125000000,2.156250000000,0.000000438385
2.578125000000,2.179687500000,0.000000441022
2.578125000000,2.203125000000,0.000000442648
2.578125000000,2.226562500000,0.000000443257
2.578125000000,2.250000000000,0.000000442835
2.578125000000,2.273437500000,0.000000441387
2.578125000000,2.296875000000,0.000000438908
2.578125000000,2.320312500000,0.000000435401
2.578125000000,2.343750000000,0.000000430870
2.578125000000,2.367187500000,0.000000425322
2.578125000000,2.390625000000,0.000000418769
2.578125000000,2.414062500000,0.000000411224
2.578125000000,2.437500000000,0.000000402703
2.578125000000,2.460937500000,0.000000393224
2.578125000000,2.484375000000,0.000000382810
2.578125000000,2.507812500000,0.000000371485
2.578125000000,2.531250000000,0.000000359274
2.578125000000,2.554687500000,0.000000346207
2.578125000000,2.578125000000,0.000000332319
2.578125000000,2.601562500000,0.000000317639
2.578125000000,2.625000000000,0.000000302208
2.578125000000,2.648437500000,0.000000286058
2.578125000000,2.671875000000,0.000000269236
2.578125000000,2.695312500000,0.000000251781
2.578125000000,2.718750000000,0.000000233738
2.578125000000,2.742187500000,0.000000215151
2.578125000000,2.765625000000,0.000000196069
2.578125000000,2.789062500000,0.000000176542
2.578125000000,2.812500000000,0.000000156616
2.578125000000,2.835937500000,0.000000136344
2.578125000000,2.859375000000,0.000000115779
2.578125000000,2.882812500000,0.000000094971
2.578125000000,2.906250000000,0.000000073975
2.578125000000,2.929687500000,0.000000052844
2.578125000000,2.953125000000,0.000000031631
2.578125000000,2.976562500000,0.000000010391
2.578125000000,3.000000000000,0.000000000000
2.601562500000,0.000000000000,0.000000000000
2.601562500000,0.023437500000,-0.000000021854
2.601562500000,0.046875000000,-0.000000036217
2.601562500000,0.070312500000,-0.000000050470
2.601562500000,0.093750000000,-0.000000064581
2.601562500000,0.117187500000,-0.000000078518
2.601562500000,0.140625000000,-0.000000092254
2.601562500000,0.164062500000,-0.000000105757
2.601562500000,0.187500000000,-0.000000119000
2.601562500000,0.210937500000,-0.000000131951
2.601562500000,0.234375000000,-0.000000144585
2.601562500000,0.257812500000,-0.000000156870
2.601562500000,0.281250000000,-0.000000168782
2.601562500000,0.304687500000,-0.000000180290
2.601562500000,0.328125000000,-0.000000191370
2.601562500000,0.351562500000,-0.000000201998
2.601562500000,0.375000000000,-0.000000212147
2.601562500000,0.398437500000,-0.000000221792
2.601562500000,0.421875000000,-0.000000230912
2.601562500000,0.445312500000,-0.000000239481
2.601562500000,0.468750000000,-0.000000247478
2.601562500000,0.492187500000,-0.000000254885
2.601562500000,0.515625000000,-0.000000261681
2.601562500000,0.539062500000,-0.000000267846
2.601562500000,0.562500000000,-0.000000273363
2.601562500000,0.585937500000,-0.000000278214
2.601562500000,0.609375000000,-0.000000282386
2.601562500000,0.632812500000,-0.000000285864
2.601562500000,0.656250000000,-0.000000288634
2.601562500000,0.679687500000,-0.000000290687
2.601562500000,0.703125000000,-0.000000292010
2.601562500000,0.726562500000,-0.000000292597
2.601562500000,0.750000000000,-0.000000292438
2.601562500000,0.773437500000,-0.000000291531
2.601562500000,0.796875000000,-0.000000289868
2.601562500000,0.820312500000,-0.000000287449
2.601562500000,0.843750000000,-0.000000284272
2.601562500000,0.867187500000,-0.000000280340
2.601562500000,0.890625000000,-0.000000275652
2.601562500000,0.914062500000,-0.000000270214
2.601562500000,0.937500000000,-0.000000264034
2.601562500000,0.960937500000,-0.000000257116
2.601562500000,0.984375000000,-0.000000249473
2.601562500000,1.007812500000,-0.000000241114
2.601562500000,1.031250000000,-0.000000232053
2.601562500000,1.054687500000,-0.000000222305
2.601562500000,1.078125000000,-0.000000211888
2.601562500000,1.101562500000,-0.000000200819
2.601562500000,1.125000000000,-0.000000189119
2.601562500000,1.148437500000,-0.000000176810
2.601562500000,1.171875000000,-0.000000163916
2.601562500000,1.195312500000,-0.000000150465
2.601562500000,1.218750000000,-0.000000136480
2.601562500000,1.242187500000,-0.000000121992
2.601562500000,1.265625000000,-0.000000107032
2.601562500000,1.289062500000,-0.000000091633
2.601562500000,1.312500000000,-0.000000075827
2.601562500000,1.335937500000,-0.000000059650
2.601562500000,1.359375000000,-0.000000043137
2.601562500000,1.382812500000,-0.000000026327
2.601562500000,1.406250000000,-0.000000009258
2.601562500000,1.429687500000,0.000000008029
2.601562500000,1.453125000000,0.000000025494
2.601562500000,1.476562500000,0.000000043095
2.601562500000,1.500000000000,0.000000060790
2.601562500000,1.523437500000,0.000000078534
2.601562500000,1.546875000000,0.000000096284
2.601562500000,1.570312500000,0.000000113995
2.601562500000,1.593750000000,0.000000131623
2.601562500000,1.617187500000,0.000000149123
2.601562500000,1.640625000000,0.000000166449
2.601562500000,1.664062500000,0.000000183557
2.601562500000,1.687500000000,0.000000200400
2.601562500000,1.710937500000,0.000000216935
2.601562500000,1.734375000000,0.000000233117
2.601562500000,1.757812500000,0.000000248902
2.601562500000,1.781250000000,0.000000264247
2.601562500000,1.804687500000,0.000000279110
2.601562500000,1.828125000000,0.000000293449
2.601562500000,1.851562500000,0.000000307224
2.601562500000,1.875000000000,0.000000320395
2.601562500000,1.898437500000,0.000000332925
2.601562500000,1.921875000000,0.000000344776
2.601562500000,1.945312500000,0.000000355915
2.601562500000,1.968750000000,0.000000366308
2.601562500000,1.992187500000,0.000000375923
2.601562500000,2.015625000000,0.000000384730
2.601562500000,2.039062500000,0.000000392703
2.601562500000,2.062500000000,0.000000399815
2.601562500000,2.085937500000,0.000000406043
2.601562500000,2.109375000000,0.000000411366
2.601562500000,2.132812500000,0.000000415765
2.601562500000,2.156250000000,0.000000419225
2.601562500000,2.179687500000,0.000000421730
2.601562500000,2.203125000000,0.000000423268
2.601562500000,2.226562500000,0.000000423835
2.601562500000,2.250000000000,0.000000423420
2.601562500000,2.273437500000,0.000000422020
2.601562500000,2.296875000000,0.000000419637
2.601562500000,2.320312500000,0.000000416271
2.601562500000,2.343750000000,0.000000411927
2.601562500000,2.367187500000,0.000000406613
2.601562500000,2.390625000000,0.000000400338
2.601562500000,2.414062500000,0.000000393116
2.601562500000,2.437500000000,0.000000384961
2.601562500000,2.460937500000,0.000000375892
2.601562500000,2.484375000000,0.000000365929
2.601562500000,2.507812500000,0.000000355096
2.601562500000,2.531250000000,0.000000343418
2.601562500000,2.554687500000,0.000000330922
2.601562500000,2.578125000000,0.000000317640
2.601562500000,2.601562500000,0.000000303603
2.601562500000,2.625000000000,0.000000288846
2.601562500000,2.648437500000,0.000000273409
2.601562500000,2.671875000000,0.000000257325
2.601562500000,2.695312500000,0.000000240637
2.601562500000,2.718750000000,0.000000223388
2.601562500000,2.742187500000,0.000000205622
2.601562500000,2.765625000000,0.000000187381
2.601562500000,2.789062500000,0.000000168714
2.601562500000,2.812500000000,0.000000149669
2.601562500000,2.835937500000,0.000000130293
2.601562500000,2.859375000000,0.000000110636
2.601562500000,2.882812500000,0.000000090748
2.601562500000,2.906250000000,0.000000070679
2.601562500000,2.929687500000,0.000000050483
2.601562500000,2.953125000000,0.000000030209
2.601562500000,2.976562500000,0.000000009909
2.601562500000,3.000000000000,0.000000000000
2.625000000000,0.000000000000,0.000000000000
2.625000000000,0.023437500000,-0.000000020809
2.625000000000,0.046875000000,-0.000000034473
2.625000000000,0.070312500000,-0.000000048032
2.625000000000,0.093750000000,-0.000000061456
2.625000000000,0.117187500000,-0.000000074716
2.625000000000,0.140625000000,-0.000000087783
2.625000000000,0.164062500000,-0.000000100629
2.625000000000,0.187500000000,-0.000000113225
2.625000000000,0.210937500000,-0.000000125545
2.625000000000,0.234375000000,-0.000000137561
2.625000000000,0.257812500000,-0.000000149246
2.625000000000,0.281250000000,-0.000000160574
2.625000000000,0.304687500000,-0.000000171519
2.625000000000,0.328125000000,-0.000000182058
2.625000000000,0.351562500000,-0.000000192163
2.625000000000,0.375000000000,-0.000000201812
2.625000000000,0.398437500000,-0.000000210984
2.625000000000,0.421875000000,-0.000000219651
2.625000000000,0.445312500000,-0.000000227797
2.625000000000,0.468750000000,-0.000000235399
2.625000000000,0.492187500000,-0.000000242437
2.625000000000,0.515625000000,-0.000000248892
2.625000000000,0.539062500000,-0.000000254747
2.625000000000,0.562500000000,-0.000000259986
2.625000000000,0.585937500000,-0.000000264591
2.625000000000,0.609375000000,-0.000000268549
2.625000000000,0.632812500000,-0.000000271847
2.625000000000,0.656250000000,-0.000000274470
2.625000000000,0.679687500000,-0.000000276410
2.625000000000,0.703125000000,-0.000000277657
2.625000000000,0.726562500000,-0.000000278201
2.625000000000,0.750000000000,-0.000000278037
2.625000000000,0.773437500000,-0.000000277160
2.625000000000,0.796875000000,-0.000000275564
2.625000000000,0.820312500000,-0.000000273249
2.625000000000,0.843750000000,-0.000000270213
2.625000000000,0.867187500000,-0.000000266457
2.625000000000,0.890625000000,-0.000000261983
2.625000000000,0.914062500000,-0.000000256796
2.625000000000,0.937500000000,-0.000000250901
2.625000000000,0.960937500000,-0.000000244306
2.625000000000,0.984375000000,-0.000000237021
2.625000000000,1.007812500000,-0.000000229055
2.625000000000,1.031250000000,-0.000000220421
2.625000000000,1.054687500000,-0.000000211135
2.625000000000,1.078125000000,-0.000000201211
2.625000000000,1.101562500000,-0.000000190669
2.625000000000,1.125000000000,-0.000000179526
2.625000000000,1.148437500000,-0.000000167805
2.625000000000,1.171875000000,-0.000000155529
2.625000000000,1.195312500000,-0.000000142720
2.625000000000,1.218750000000,-0.000000129406
2.625000000000,1.242187500000,-0.000000115615
2.625000000000,1.265625000000,-0.000000101377
2.625000000000,1.289062500000,-0.000000086718
2.625000000000,1.312500000000,-0.000000071674
2.625000000000,1.335937500000,-0.000000056278
2.625000000000,1.359375000000,-0.000000040564
2.625000000000,1.382812500000,-0.000000024568
2.625000000000,1.406250000000,-0.000000008326
2.625000000000,1.429687500000,0.000000008123
2.625000000000,1.453125000000,0.000000024742
2.625000000000,1.476562500000,0.000000041486
2.625000000000,1.500000000000,0.000000058318
2.625000000000,1.523437500000,0.000000075198
2.625000000000,1.546875000000,0.000000092083
2.625000000000,1.570312500000,0.000000108931
2.625000000000,1.593750000000,0.000000125696
2.625000000000,1.617187500000,0.000000142340
2.625000000000,1.640625000000,0.000000158818
2.625000000000,1.664062500000,0.000000175087
2.625000000000,1.687500000000,0.000000191105
2.625000000000,1.710937500000,0.000000206827
2.625000000000,1.734375000000,0.000000222212
2.625000000000,1.757812500000,0.000000237222
2.625000000000,1.781250000000,0.000000251810
2.625000000000,1.804687500000,0.000000265939
2.625000000000,1.828125000000,0.000000279570
2.625000000000,1.851562500000,0.000000292663
2.625000000000,1.875000000000,0.000000305182
2.625000000000,1.898437500000,0.000000317090
2.625000000000,1.921875000000,0.000000328352
2.625000000000,1.945312500000,0.000000338936
2.625000000000,1.968750000000,0.000000348810
2.625000000000,1.992187500000,0.000000357944
2.625000000000,2.015625000000,0.000000366309
2.625000000000,2.039062500000,0.000000373880
2.625000000000,2.062500000000,0.000000380632
2.625000000000,2.085937500000,0.000000386543
2.625000000000,2.109375000000,0.000000391593
2.625000000000,2.132812500000,0.000000395764
2.625000000000,2.156250000000,0.000000399041
2.625000000000,2.179687500000,0.000000401410
2.625000000000,2.203125000000,0.000000402861
2.625000000000,2.226562500000,0.000000403386
2.625000000000,2.250000000000,0.000000402980
2.625000000000,2.273437500000,0.000000401635
2.625000000000,2.296875000000,0.000000399355
2.625000000000,2.320312500000,0.000000396140
2.625000000000,2.343750000000,0.000000391996
2.625000000000,2.367187500000,0.000000386930
2.625000000000,2.390625000000,0.000000380950
2.625000000000,2.414062500000,0.000000374068
2.625000000000,2.437500000000,0.000000366301
2.625000000000,2.460937500000,0.000000357664
2.625000000000,2.484375000000,0.000000348176
2.625000000000,2.507812500000,0.000000337862
2.625000000000,2.531250000000,0.000000326743
2.625000000000,2.554687500000,0.000000314850
2.625000000000,2.578125000000,0.000000302208
2.625000000000,2.601562500000,0.000000288846
2.625000000000,2.625000000000,0.000000274804
2.625000000000,2.648437500000,0.000000260111
2.625000000000,2.671875000000,0.000000244805
2.625000000000,2.695312500000,0.000000228926
2.625000000000,2.718750000000,0.000000212512
2.625000000000,2.742187500000,0.000000195607
2.625000000000,2.765625000000,0.000000178251
2.625000000000,2.789062500000,0.000000160490
2.625000000000,2.812500000000,0.000000142369
2.625000000000,2.835937500000,0.000000123934
2.625000000000,2.859375000000,0.000000105232
2.625000000000,2.882812500000,0.000000086311
2.625000000000,2.906250000000,0.000000067219
2.625000000000,2.929687500000,0.000000048004
2.625000000000,2.953125000000,0.000000028716
2.625000000000,2.976562500000,0.000000009404
2.625000000000,3.000000000000,0.000000000000
2.648437500000,0.000000000000,0.000000000000
2.648437500000,0.023437500000,-0.000000019714
2.648437500000,0.046875000000,-0.000000032648
2.648437500000,0.070312500000,-0.000000045482
2.648437500000,0.093750000000,-0.000000058189
2.648437500000,0.117187500000,-0.000000070738
2.648437500000,0.140625000000,-0.000000083106
2.648437500000,0.164062500000,-0.000000095264
2.648437500000,0.187500000000,-0.000000107185
2.648437500000,0.210937500000,-0.000000118845
2.648437500000,0.234375000000,-0.000000130215
2.648437500000,0.257812500000,-0.000000141273
2.648437500000,0.281250000000,-0.000000151992
2.648437500000,0.304687500000,-0.000000162350
2.648437500000,0.328125000000,-0.000000172320
2.648437500000,0.351562500000,-0.000000181880
2.648437500000,0.375000000000,-0.000000191009
2.648437500000,0.398437500000,-0.000000199683
2.648437500000,0.421875000000,-0.000000207882
2.648437500000,0.445312500000,-0.000000215585
2.648437500000,0.468750000000,-0.000000222774
2.648437500000,0.492187500000,-0.000000229428
2.648437500000,0.515625000000,-0.000000235531
2.648437500000,0.539062500000,-0.000000241064
2.648437500000,0.562500000000,-0.000000246013
2.648437500000,0.585937500000,-0.000000250362
2.648437500000,0.609375000000,-0.000000254098
2.648437500000,0.632812500000,-0.000000257209
2.648437500000,0.656250000000,-0.000000259681
2.648437500000,0.679687500000,-0.000000261507
2.648437500000,0.703125000000,-0.000000262675
2.648437500000,0.726562500000,-0.000000263180
2.648437500000,0.750000000000,-0.000000263012
2.648437500000,0.773437500000,-0.000000262169
2.648437500000,0.796875000000,-0.000000260647
2.648437500000,0.820312500000,-0.000000258443
2.648437500000,0.843750000000,-0.000000255556
2.648437500000,0.867187500000,-0.000000251988
2.648437500000,0.890625000000,-0.000000247740
2.648437500000,0.914062500000,-0.000000242818
2.648437500000,0.937500000000,-0.000000237226
2.648437500000,0.960937500000,-0.000000230971
2.648437500000,0.984375000000,-0.000000224063
2.648437500000,1.007812500000,-0.000000216511
2.648437500000,1.031250000000,-0.000000208327
2.648437500000,1.054687500000,-0.000000199526
2.648437500000,1.078125000000,-0.000000190122
2.648437500000,1.101562500000,-0.000000180132
2.648437500000,1.125000000000,-0.000000169575
2.648437500000,1.148437500000,-0.000000158470
2.648437500000,1.171875000000,-0.000000146840
2.648437500000,1.195312500000,-0.000000134708
2.648437500000,1.218750000000,-0.000000122098
2.648437500000,1.242187500000,-0.000000109036
2.648437500000,1.265625000000,-0.000000095550
2.648437500000,1.289062500000,-0.000000081670
2.648437500000,1.312500000000,-0.000000067427
2.648437500000,1.335937500000,-0.000000052847
2.648437500000,1.359375000000,-0.000000037969
2.648437500000,1.382812500000,-0.000000022825
2.648437500000,1.406250000000,-0.000000007449
2.648437500000,1.429687500000,0.000000008121
2.648437500000,1.453125000000,0.000000023851
2.648437500000,1.476562500000,0.000000039701
2.648437500000,1.500000000000,0.000000055635
2.648437500000,1.523437500000,0.000000071610
2.648437500000,1.546875000000,0.000000087590
2.648437500000,1.570312500000,0.000000103534
2.648437500000,1.593750000000,0.000000119400
2.648437500000,1.617187500000,0.000000135149
2.648437500000,1.640625000000,0.000000150741
2.648437500000,1.664062500000,0.000000166135
2.648437500000,1.687500000000,0.000000181287
2.648437500000,1.710937500000,0.000000196163
2.648437500000,1.734375000000,0.000000210719
2.648437500000,1.757812500000,0.000000224916
2.648437500000,1.781250000000,0.000000238717
2.648437500000,1.804687500000,0.000000252080
2.648437500000,1.828125000000,0.000000264972
2.648437500000,1.851562500000,0.000000277356
2.648437500000,1.875000000000,0.000000289194
2.648437500000,1.898437500000,0.000000300454
2.648437500000,1.921875000000,0.000000311102
2.648437500000,1.945312500000,0.000000321108
2.648437500000,1.968750000000,0.000000330442
2.648437500000,1.992187500000,0.000000339075
2.648437500000,2.015625000000,0.000000346981
2.648437500000,2.039062500000,0.000000354134
2.648437500000,2.062500000000,0.000000360512
2.648437500000,2.085937500000,0.000000366095
2.648437500000,2.109375000000,0.000000370862
2.648437500000,2.132812500000,0.000000374798
2.648437500000,2.156250000000,0.000000377887
2.648437500000,2.179687500000,0.000000380117
2.648437500000,2.203125000000,0.000000381479
2.648437500000,2.226562500000,0.000000381962
2.648437500000,2.250000000000,0.000000381565
2.648437500000,2.273437500000,0.000000380282
2.648437500000,2.296875000000,0.000000378113
2.648437500000,2.320312500000,0.000000375060
2.648437500000,2.343750000000,0.000000371128
2.648437500000,2.367187500000,0.000000366321
2.648437500000,2.390625000000,0.000000360651
2.648437500000,2.414062500000,0.000000354129
2.648437500000,2.437500000000,0.000000346768
2.648437500000,2.460937500000,0.000000338585
2.648437500000,2.484375000000,0.000000329598
2.648437500000,2.507812500000,0.000000319825
2.648437500000,2.531250000000,0.000000309296
2.648437500000,2.554687500000,0.000000298032
2.648437500000,2.578125000000,0.000000286058
2.648437500000,2.601562500000,0.000000273408
2.648437500000,2.625000000000,0.000000260111
2.648437500000,2.648437500000,0.000000246199
2.648437500000,2.671875000000,0.000000231708
2.648437500000,2.695312500000,0.000000216675
2.648437500000,2.718750000000,0.000000201135
2.648437500000,2.742187500000,0.000000185131
2.648437500000,2.765625000000,0.000000168702
2.648437500000,2.789062500000,0.000000151888
2.648437500000,2.812500000000,0.000000134735
2.648437500000,2.835937500000,0.000000117285
2.648437500000,2.859375000000,0.000000099581
2.648437500000,2.882812500000,0.000000081671
2.648437500000,2.906250000000,0.000000063600
2.648437500000,2.929687500000,0.000000045412
2.648437500000,2.953125000000,0.000000027156
2.648437500000,2.976562500000,0.000000008876
2.648437500000,3.000000000000,0.000000000000
2.671875000000,0.000000000000,0.000000000000
2.671875000000,0.023437500000,-0.000000018573
2.671875000000,0.046875000000,-0.000000030747
2.671875000000,0.070312500000,-0.000000042826
2.671875000000,0.093750000000,-0.000000054784
2.671875000000,0.117187500000,-0.000000066595
2.671875000000,0.140625000000,-0.000000078235
2.671875000000,0.164062500000,-0.000000089676
2.671875000000,0.187500000000,-0.000000100895
2.671875000000,0.210937500000,-0.000000111867
2.671875000000,0.234375000000,-0.000000122567
2.671875000000,0.257812500000,-0.000000132971
2.671875000000,0.281250000000,-0.000000143057
2.671875000000,0.304687500000,-0.000000152801
2.671875000000,0.328125000000,-0.000000162182
2.671875000000,0.351562500000,-0.000000171175
2.671875000000,0.375000000000,-0.000000179762
2.671875000000,0.398437500000,-0.000000187921
2.671875000000,0.421875000000,-0.000000195633
2.671875000000,0.445312500000,-0.000000202877
2.671875000000,0.468750000000,-0.000000209636
2.671875000000,0.492187500000,-0.000000215892
2.671875000000,0.515625000000,-0.000000221628
2.671875000000,0.539062500000,-0.000000226829
2.671875000000,0.562500000000,-0.000000231478
2.671875000000,0.585937500000,-0.000000235564
2.671875000000,0.609375000000,-0.000000239072
2.671875000000,0.632812500000,-0.000000241988
2.671875000000,0.656250000000,-0.000000244307
2.671875000000,0.679687500000,-0.000000246014
2.671875000000,0.703125000000,-0.000000247104
2.671875000000,0.726562500000,-0.000000247567
2.671875000000,0.750000000000,-0.000000247399
2.671875000000,0.773437500000,-0.000000246595
2.671875000000,0.796875000000,-0.000000245150
2.671875000000,0.820312500000,-0.000000243065
2.671875000000,0.843750000000,-0.000000240337
2.671875000000,0.867187500000,-0.000000236968
2.671875000000,0.890625000000,-0.000000232959
2.671875000000,0.914062500000,-0.000000228315
2.671875000000,0.937500000000,-0.000000223040
2.671875000000,0.960937500000,-0.000000217142
2.671875000000,0.984375000000,-0.000000210629
2.671875000000,1.007812500000,-0.000000203511
2.671875000000,1.031250000000,-0.000000195798
2.671875000000,1.054687500000,-0.000000187504
2.671875000000,1.078125000000,-0.000000178643
2.671875000000,1.101562500000,-0.000000169231
2.671875000000,1.125000000000,-0.000000159286
2.671875000000,1.148437500000,-0.000000148826
2.671875000000,1.171875000000,-0.000000137872
2.671875000000,1.195312500000,-0.000000126445
2.671875000000,1.218750000000,-0.000000114570
2.671875000000,1.242187500000,-0.000000102270
2.671875000000,1.265625000000,-0.000000089572
2.671875000000,1.289062500000,-0.000000076503
2.671875000000,1.312500000000,-0.000000063091
2.671875000000,1.335937500000,-0.000000049365
2.671875000000,1.359375000000,-0.000000035358
2.671875000000,1.382812500000,-0.000000021103
2.671875000000,1.406250000000,-0.000000006628
2.671875000000,1.429687500000,0.000000008028
2.671875000000,1.453125000000,0.000000022833
2.671875000000,1.476562500000,0.000000037751
2.671875000000,1.500000000000,0.000000052746
2.671875000000,1.523437500000,0.000000067780
2.671875000000,1.546875000000,0.000000082819
2.671875000000,1.570312500000,0.000000097822
2.671875000000,1.593750000000,0.000000112752
2.671875000000,1.617187500000,0.000000127570
2.671875000000,1.640625000000,0.000000142241
2.671875000000,1.664062500000,0.000000156723
2.671875000000,1.687500000000,0.000000170979
2.671875000000,1.710937500000,0.000000184973
2.671875000000,1.734375000000,0.000000198666
2.671875000000,1.757812500000,0.000000212020
2.671875000000,1.781250000000,0.000000225001
2.671875000000,1.804687500000,0.000000237571
2.671875000000,1.828125000000,0.000000249695
2.671875000000,1.851562500000,0.000000261339
2.671875000000,1.875000000000,0.000000272472
2.671875000000,1.898437500000,0.000000283060
2.671875000000,1.921875000000,0.000000293071
2.671875000000,1.945312500000,0.000000302478
2.671875000000,1.968750000000,0.000000311252
2.671875000000,1.992187500000,0.000000319366
2.671875000000,2.015625000000,0.000000326795
2.671875000000,2.039062500000,0.000000333517
2.671875000000,2.062500000000,0.000000339509
2.671875000000,2.085937500000,0.000000344752
2.671875000000,2.109375000000,0.000000349227
2.671875000000,2.132812500000,0.000000352920
2.671875000000,2.156250000000,0.000000355816
2.671875000000,2.179687500000,0.000000357904
2.671875000000,2.203125000000,0.000000359175
2.671875000000,2.226562500000,0.000000359619
2.671875000000,2.250000000000,0.000000359235
2.671875000000,2.273437500000,0.000000358016
2.671875000000,2.296875000000,0.000000355966
2.671875000000,2.320312500000,0.000000353082
2.671875000000,2.343750000000,0.000000349372
2.671875000000,2.367187500000,0.000000344840
2.671875000000,2.390625000000,0.000000339494
2.671875000000,2.414062500000,0.000000333348
2.671875000000,2.437500000000,0.000000326412
2.671875000000,2.460937500000,0.000000318702
2.671875000000,2.484375000000,0.000000310236
2.671875000000,2.507812500000,0.000000301034
2.671875000000,2.531250000000,0.000000291118
2.671875000000,2.554687500000,0.000000280509
2.671875000000,2.578125000000,0.000000269237
2.671875000000,2.601562500000,0.000000257325
2.671875000000,2.625000000000,0.000000244805
2.671875000000,2.648437500000,0.000000231709
2.671875000000,2.671875000000,0.000000218066
2.671875000000,2.695312500000,0.000000203914
2.671875000000,2.718750000000,0.000000189286
2.671875000000,2.742187500000,0.000000174221
2.671875000000,2.765625000000,0.000000158755
2.671875000000,2.789062500000,0.000000142930
2.671875000000,2.812500000000,0.000000126784
2.671875000000,2.835937500000,0.000000110360
2.671875000000,2.859375000000,0.000000093698
2.671875000000,2.882812500000,0.000000076841
2.671875000000,2.906250000000,0.000000059832
2.671875000000,2.929687500000,0.000000042714
2.671875000000,2.953125000000,0.000000025532
2.671875000000,2.976562500000,0.000000008328
2.671875000000,3.000000000000,0.000000000000
2.695312500000,0.000000000000,0.000000000000
2.695312500000,0.023437500000,-0.000000017389
2.695312500000,0.046875000000,-0.000000028773
2.695312500000,0.070312500000,-0.000000040069
2.695312500000,0.093750000000,-0.000000051252
2.695312500000,0.117187500000,-0.000000062296
2.695312500000,0.140625000000,-0.000000073180
2.695312500000,0.164062500000,-0.000000083880
2.695312500000,0.187500000000,-0.000000094369
2.695312500000,0.210937500000,-0.000000104628
2.695312500000,0.234375000000,-0.000000114632
2.695312500000,0.257812500000,-0.000000124361
2.695312500000,0.281250000000,-0.000000133790
2.695312500000,0.304687500000,-0.000000142900
2.695312500000,0.328125000000,-0.000000151668
2.695312500000,0.351562500000,-0.000000160075
2.695312500000,0.375000000000,-0.000000168100
2.695312500000,0.398437500000,-0.000000175726
2.695312500000,0.421875000000,-0.000000182932
2.695312500000,0.445312500000,-0.000000189702
2.695312500000,0.468750000000,-0.000000196016
2.695312500000,0.492187500000,-0.000000201861
2.695312500000,0.515625000000,-0.000000207218
2.695312500000,0.539062500000,-0.000000212075
2.695312500000,0.562500000000,-0.000000216416
2.695312500000,0.585937500000,-0.000000220228
2.695312500000,0.609375000000,-0.000000223501
2.695312500000,0.632812500000,-0.000000226222
2.695312500000,0.656250000000,-0.000000228380
2.695312500000,0.679687500000,-0.000000229968
2.695312500000,0.703125000000,-0.000000230978
2.695312500000,0.726562500000,-0.000000231402
2.695312500000,0.750000000000,-0.000000231236
2.695312500000,0.773437500000,-0.000000230474
2.695312500000,0.796875000000,-0.000000229113
2.695312500000,0.820312500000,-0.000000227154
2.695312500000,0.843750000000,-0.000000224593
2.695312500000,0.867187500000,-0.000000221431
2.695312500000,0.890625000000,-0.000000217672
2.695312500000,0.914062500000,-0.000000213319
2.695312500000,0.937500000000,-0.000000208377
2.695312500000,0.960937500000,-0.000000202851
2.695312500000,0.984375000000,-0.000000196751
2.695312500000,1.007812500000,-0.000000190084
2.695312500000,1.031250000000,-0.000000182862
2.695312500000,1.054687500000,-0.000000175097
2.695312500000,1.078125000000,-0.000000166802
2.695312500000,1.101562500000,-0.000000157991
2.695312500000,1.125000000000,-0.000000148683
2.695312500000,1.148437500000,-0.000000138894
2.695312500000,1.171875000000,-0.000000128642
2.695312500000,1.195312500000,-0.000000117949
2.695312500000,1.218750000000,-0.000000106838
2.695312500000,1.242187500000,-0.000000095329
2.695312500000,1.265625000000,-0.000000083448
2.695312500000,1.289062500000,-0.000000071221
2.695312500000,1.312500000000,-0.000000058675
2.695312500000,1.335937500000,-0.000000045837
2.695312500000,1.359375000000,-0.000000032735
2.695312500000,1.382812500000,-0.000000019400
2.695312500000,1.406250000000,-0.000000005863
2.695312500000,1.429687500000,0.000000007847
2.695312500000,1.453125000000,0.000000021691
2.695312500000,1.476562500000,0.000000035644
2.695312500000,1.500000000000,0.000000049666
2.695312500000,1.523437500000,0.000000063725
2.695312500000,1.546875000000,0.000000077785
2.695312500000,1.570312500000,0.000000091813
2.695312500000,1.593750000000,0.000000105771
2.695312500000,1.617187500000,0.000000119627
2.695312500000,1.640625000000,0.000000133342
2.695312500000,1.664062500000,0.000000146880
2.695312500000,1.687500000000,0.000000160208
2.695312500000,1.710937500000,0.000000173288
2.695312500000,1.734375000000,0.000000186088
2.695312500000,1.757812500000,0.000000198569
2.695312500000,1.781250000000,0.000000210701
2.695312500000,1.804687500000,0.000000222448
2.695312500000,1.828125000000,0.000000233778
2.695312500000,1.851562500000,0.000000244660
2.695312500000,1.875000000000,0.000000255062
2.695312500000,1.898437500000,0.000000264954
2.695312500000,1.921875000000,0.000000274308
2.695312500000,1.945312500000,0.000000283095
2.695312500000,1.968750000000,0.000000291291
2.695312500000,1.992187500000,0.000000298869
2.695312500000,2.015625000000,0.000000305807
2.695312500000,2.039062500000,0.000000312082
2.695312500000,2.062500000000,0.000000317675
2.695312500000,2.085937500000,0.000000322568
2.695312500000,2.109375000000,0.000000326743
2.695312500000,2.132812500000,0.000000330187
2.695312500000,2.156250000000,0.000000332885
2.695312500000,2.179687500000,0.000000334828
2.695312500000,2.203125000000,0.000000336006
2.695312500000,2.226562500000,0.000000336413
2.695312500000,2.250000000000,0.000000336044
2.695312500000,2.273437500000,0.000000334896
2.695312500000,2.296875000000,0.000000332969
2.695312500000,2.320312500000,0.000000330264
2.695312500000,2.343750000000,0.000000326785
2.695312500000,2.367187500000,0.000000322539
2.695312500000,2.390625000000,0.000000317533
2.695312500000,2.414062500000,0.000000311777
2.695312500000,2.437500000000,0.000000305283
2.695312500000,2.460937500000,0.000000298067
2.695312500000,2.484375000000,0.000000290144
2.695312500000,2.507812500000,0.000000281533
2.695312500000,2.531250000000,0.000000272254
2.695312500000,2.554687500000,0.000000262328
2.695312500000,2.578125000000,0.000000251782
2.695312500000,2.601562500000,0.000000240638
2.695312500000,2.625000000000,0.000000228925
2.695312500000,2.648437500000,0.000000216673
2.695312500000,2.671875000000,0.000000203914
2.695312500000,2.695312500000,0.000000190675
2.695312500000,2.718750000000,0.000000176994
2.695312500000,2.742187500000,0.000000162903
2.695312500000,2.765625000000,0.000000148439
2.695312500000,2.789062500000,0.000000133639
2.695312500000,2.812500000000,0.000000118539
2.695312500000,2.835937500000,0.000000103177
2.695312500000,2.859375000000,0.000000087595
2.695312500000,2.882812500000,0.000000071831
2.695312500000,2.906250000000,0.000000055925
2.695312500000,2.929687500000,0.000000039917
2.695312500000,2.953125000000,0.000000023849
2.695312500000,2.976562500000,0.000000007760
2.695312500000,3.000000000000,0.000000000000
2.718750000000,0.000000000000,0.000000000000
2.718750000000,0.023437500000,-0.000000016164
2.718750000000,0.046875000000,-0.000000026733
2.718750000000,0.070312500000,-0.000000037219
2.718750000000,0.093750000000,-0.000000047600
2.718750000000,0.117187500000,-0.000000057853
2.718750000000,0.140625000000,-0.000000067956
2.718750000000,0.164062500000,-0.000000077888
2.718750000000,0.187500000000,-0.000000087626
2.718750000000,0.210937500000,-0.000000097148
2.718750000000,0.234375000000,-0.000000106434
2.718750000000,0.257812500000,-0.000000115462
2.718750000000,0.281250000000,-0.000000124214
2.718750000000,0.304687500000,-0.000000132667
2.718750000000,0.328125000000,-0.000000140805
2.718750000000,0.351562500000,-0.000000148607
2.718750000000,0.375000000000,-0.000000156054
2.718750000000,0.398437500000,-0.000000163130
2.718750000000,0.421875000000,-0.000000169815
2.718750000000,0.445312500000,-0.000000176095
2.718750000000,0.468750000000,-0.000000181953
2.718750000000,0.492187500000,-0.000000187372
2.718750000000,0.515625000000,-0.000000192339
2.718750000000,0.539062500000,-0.000000196842
2.718750000000,0.562500000000,-0.000000200866
2.718750000000,0.585937500000,-0.000000204398
2.718750000000,0.609375000000,-0.000000207429
2.718750000000,0.632812500000,-0.000000209947
2.718750000000,0.656250000000,-0.000000211944
2.718750000000,0.679687500000,-0.000000213411
2.718750000000,0.703125000000,-0.000000214340
2.718750000000,0.726562500000,-0.000000214726
2.718750000000,0.750000000000,-0.000000214563
2.718750000000,0.773437500000,-0.000000213847
2.718750000000,0.796875000000,-0.000000212574
2.718750000000,0.820312500000,-0.000000210746
2.718750000000,0.843750000000,-0.000000208360
2.718750000000,0.867187500000,-0.000000205416
2.718750000000,0.890625000000,-0.000000201918
2.718750000000,0.914062500000,-0.000000197868
2.718750000000,0.937500000000,-0.000000193271
2.718750000000,0.960937500000,-0.000000188133
2.718750000000,0.984375000000,-0.000000182461
2.718750000000,1.007812500000,-0.000000176263
2.718750000000,1.031250000000,-0.000000169550
2.718750000000,1.054687500000,-0.000000162333
2.718750000000,1.078125000000,-0.000000154625
2.718750000000,1.101562500000,-0.000000146438
2.718750000000,1.125000000000,-0.000000137789
2.718750000000,1.148437500000,-0.000000128694
2.718750000000,1.171875000000,-0.000000119171
2.718750000000,1.195312500000,-0.000000109238
2.718750000000,1.218750000000,-0.000000098916
2.718750000000,1.242187500000,-0.000000088228
2.718750000000,1.265625000000,-0.000000077195
2.718750000000,1.289062500000,-0.000000065838
2.718750000000,1.312500000000,-0.000000054186
2.718750000000,1.335937500000,-0.000000042264
2.718750000000,1.359375000000,-0.000000030098
2.718750000000,1.382812500000,-0.000000017717
2.718750000000,1.406250000000,-0.000000005147
2.718750000000,1.429687500000,0.000000007580
2.718750000000,1.453125000000,0.000000020435
2.718750000000,1.476562500000,0.000000033385
2.718750000000,1.500000000000,0.000000046403
2.718750000000,1.523437500000,0.000000059454
2.718750000000,1.546875000000,0.000000072507
2.718750000000,1.570312500000,0.000000085528
2.718750000000,1.593750000000,0.000000098484
2.718750000000,1.617187500000,0.000000111342
2.718750000000,1.640625000000,0.000000124071
2.718750000000,1.664062500000,0.000000136635
2.718750000000,1.687500000000,0.000000149004
2.718750000000,1.710937500000,0.000000161142
2.718750000000,1.734375000000,0.000000173017
2.718750000000,1.757812500000,0.000000184600
2.718750000000,1.781250000000,0.000000195856
2.718750000000,1.804687500000,0.000000206755
2.718750000000,1.828125000000,0.000000217266
2.718750000000,1.851562500000,0.000000227361
2.718750000000,1.875000000000,0.000000237009
2.718750000000,1.898437500000,0.000000246186
2.718750000000,1.921875000000,0.000000254861
2.718750000000,1.945312500000,0.000000263011
2.718750000000,1.968750000000,0.000000270610
2.718750000000,1.992187500000,0.000000277637
2.718750000000,2.015625000000,0.000000284069
2.718750000000,2.039062500000,0.000000289886
2.718750000000,2.062500000000,0.000000295069
2.718750000000,2.085937500000,0.000000299602
2.718750000000,2.109375000000,0.000000303469
2.718750000000,2.132812500000,0.000000306657
2.718750000000,2.156250000000,0.000000309154
2.718750000000,2.179687500000,0.000000310949
2.718750000000,2.203125000000,0.000000312033
2.718750000000,2.226562500000,0.000000312403
2.718750000000,2.250000000000,0.000000312051
2.718750000000,2.273437500000,0.000000310978
2.718750000000,2.296875000000,0.000000309180
2.718750000000,2.320312500000,0.000000306662
2.718750000000,2.343750000000,0.000000303425
2.718750000000,2.367187500000,0.000000299475
2.718750000000,2.390625000000,0.000000294821
2.718750000000,2.414062500000,0.000000289472
2.718750000000,2.437500000000,0.000000283436
2.718750000000,2.460937500000,0.000000276732
2.718750000000,2.484375000000,0.000000269371
2.718750000000,2.507812500000,0.000000261371
2.718750000000,2.531250000000,0.000000252750
2.718750000000,2.554687500000,0.000000243533
2.718750000000,2.578125000000,0.000000233737
2.718750000000,2.601562500000,0.000000223388
2.718750000000,2.625000000000,0.000000212513
2.718750000000,2.648437500000,0.000000201135
2.718750000000,2.671875000000,0.000000189286
2.718750000000,2.695312500000,0.000000176995
2.718750000000,2.718750000000,0.000000164291
2.718750000000,2.742187500000,0.000000151208
2.718750000000,2.765625000000,0.000000137779
2.718750000000,2.789062500000,0.000000124036
2.718750000000,2.812500000000,0.000000110017
2.718750000000,2.835937500000,0.000000095756
2.718750000000,2.859375000000,0.000000081290
2.718750000000,2.882812500000,0.000000066655
2.718750000000,2.906250000000,0.000000051888
2.718750000000,2.929687500000,0.000000037027
2.718750000000,2.953125000000,0.000000022110
2.718750000000,2.976562500000,0.000000007175
2.718750000000,3.000000000000,0.000000000000
2.742187500000,0.000000000000,0.000000000000
2.742187500000,0.023437500000,-0.000000014902
2.742187500000,0.046875000000,-0.000000024631
2.742187500000,0.070312500000,-0.000000034283
2.742187500000,0.093750000000,-0.000000043839
2.742187500000,0.117187500000,-0.000000053277
2.742187500000,0.140625000000,-0.000000062576
2.742187500000,0.164062500000,-0.000000071717
2.742187500000,0.187500000000,-0.000000080679
2.742187500000,0.210937500000,-0.000000089444
2.742187500000,0.234375000000,-0.000000097990
2.742187500000,0.257812500000,-0.000000106300
2.742187500000,0.281250000000,-0.000000114353
2.742187500000,0.304687500000,-0.000000122134
2.742187500000,0.328125000000,-0.000000129621
2.742187500000,0.351562500000,-0.000000136799
2.742187500000,0.375000000000,-0.000000143652
2.742187500000,0.398437500000,-0.000000150161
2.742187500000,0.421875000000,-0.000000156311
2.742187500000,0.445312500000,-0.000000162088
2.742187500000,0.468750000000,-0.000000167475
2.742187500000,0.492187500000,-0.000000172460
2.742187500000,0.515625000000,-0.000000177027
2.742187500000,0.539062500000,-0.000000181167
2.742187500000,0.562500000000,-0.000000184865
2.742187500000,0.585937500000,-0.000000188111
2.742187500000,0.609375000000,-0.000000190894
2.742187500000,0.632812500000,-0.000000193205
2.742187500000,0.656250000000,-0.000000195037
2.742187500000,0.679687500000,-0.000000196380
2.742187500000,0.703125000000,-0.000000197229
2.742187500000,0.726562500000,-0.000000197576
2.742187500000,0.750000000000,-0.000000197418
2.742187500000,0.773437500000,-0.000000196751
2.742187500000,0.796875000000,-0.000000195574
2.742187500000,0.820312500000,-0.000000193883
2.742187500000,0.843750000000,-0.000000191678
2.742187500000,0.867187500000,-0.000000188961
2.742187500000,0.890625000000,-0.000000185733
2.742187500000,0.914062500000,-0.000000181997
2.742187500000,0.937500000000,-0.000000177758
2.742187500000,0.960937500000,-0.000000173020
2.742187500000,0.984375000000,-0.000000167791
2.742187500000,1.007812500000,-0.000000162079
2.742187500000,1.031250000000,-0.000000155893
2.742187500000,1.054687500000,-0.000000149242
2.742187500000,1.078125000000,-0.000000142140
2.742187500000,1.101562500000,-0.000000134597
2.742187500000,1.125000000000,-0.000000126629
2.742187500000,1.148437500000,-0.000000118251
2.742187500000,1.171875000000,-0.000000109479
2.742187500000,1.195312500000,-0.000000100331
2.742187500000,1.218750000000,-0.000000090825
2.742187500000,1.242187500000,-0.000000080980
2.742187500000,1.265625000000,-0.000000070820
2.742187500000,1.289062500000,-0.000000060362
2.742187500000,1.312500000000,-0.000000049634
2.742187500000,1.335937500000,-0.000000038655
2.742187500000,1.359375000000,-0.000000027454
2.742187500000,1.382812500000,-0.000000016054
2.742187500000,1.406250000000,-0.000000004482
2.742187500000,1.429687500000,0.000000007234
2.742187500000,1.453125000000,0.000000019068
2.742187500000,1.476562500000,0.000000030990
2.742187500000,1.500000000000,0.000000042972
2.742187500000,1.523437500000,0.000000054986
2.742187500000,1.546875000000,0.000000066997
2.742187500000,1.570312500000,0.000000078983
2.742187500000,1.593750000000,0.000000090907
2.742187500000,1.617187500000,0.000000102741
2.742187500000,1.640625000000,0.000000114454
2.742187500000,1.664062500000,0.000000126018
2.742187500000,1.687500000000,0.000000137398
2.742187500000,1.710937500000,0.000000148568
2.742187500000,1.734375000000,0.000000159494
2.742187500000,1.757812500000,0.000000170152
2.742187500000,1.781250000000,0.000000180507
2.742187500000,1.804687500000,0.000000190534
2.742187500000,1.828125000000,0.000000200203
2.742187500000,1.851562500000,0.000000209490
2.742187500000,1.875000000000,0.000000218365
2.742187500000,1.898437500000,0.000000226804
2.742187500000,1.921875000000,0.000000234783
2.742187500000,1.945312500000,0.000000242277
2.742187500000,1.968750000000,0.000000249266
2.742187500000,1.992187500000,0.000000255726
2.742187500000,2.015625000000,0.000000261639
2.742187500000,2.039062500000,0.000000266986
2.742187500000,2.062500000000,0.000000271749
2.742187500000,2.085937500000,0.000000275914
2.742187500000,2.109375000000,0.000000279466
2.742187500000,2.132812500000,0.000000282393
2.742187500000,2.156250000000,0.000000284683
2.742187500000,2.179687500000,0.000000286327
2.742187500000,2.203125000000,0.000000287318
2.742187500000,2.226562500000,0.000000287651
2.742187500000,2.250000000000,0.000000287320
2.742187500000,2.273437500000,0.000000286324
2.742187500000,2.296875000000,0.000000284664
2.742187500000,2.320312500000,0.000000282338
2.742187500000,2.343750000000,0.000000279352
2.742187500000,2.367187500000,0.000000275711
2.742187500000,2.390625000000,0.000000271419
2.742187500000,2.414062500000,0.000000266488
2.742187500000,2.437500000000,0.000000260928
2.742187500000,2.460937500000,0.000000254750
2.742187500000,2.484375000000,0.000000247969
2.742187500000,2.507812500000,0.000000240601
2.742187500000,2.531250000000,0.000000232662
2.742187500000,2.554687500000,0.000000224172
2.742187500000,2.578125000000,0.000000215152
2.742187500000,2.601562500000,0.000000205622
2.742187500000,2.625000000000,0.000000195606
2.742187500000,2.648437500000,0.000000185131
2.742187500000,2.671875000000,0.000000174220
2.742187500000,2.695312500000,0.000000162904
2.742187500000,2.718750000000,0.000000151208
2.742187500000,2.742187500000,0.000000139164
2.742187500000,2.765625000000,0.000000126800
2.742187500000,2.789062500000,0.000000114149
2.742187500000,2.812500000000,0.000000101243
2.742187500000,2.835937500000,0.000000088115
2.742187500000,2.859375000000,0.000000074797
2.742187500000,2.882812500000,0.000000061325
2.742187500000,2.906250000000,0.000000047732
2.742187500000,2.929687500000,0.000000034052
2.742187500000,2.953125000000,0.000000020321
2.742187500000,2.976562500000,0.000000006573
2.742187500000,3.000000000000,0.000000000000
2.765625000000,0.000000000000,0.000000000000
2.765625000000,0.023437500000,-0.000000013606
2.765625000000,0.046875000000,-0.000000022472
2.765625000000,0.070312500000,-0.000000031269
2.765625000000,0.093750000000,-0.000000039978
2.765625000000,0.117187500000,-0.000000048579
2.765625000000,0.140625000000,-0.000000057053
2.765625000000,0.164062500000,-0.000000065383
2.765625000000,0.187500000000,-0.000000073551
2.765625000000,0.210937500000,-0.000000081536
2.765625000000,0.234375000000,-0.000000089324
2.765625000000,0.257812500000,-0.000000096896
2.765625000000,0.281250000000,-0.000000104234
2.765625000000,0.304687500000,-0.000000111321
2.765625000000,0.328125000000,-0.000000118144
2.765625000000,0.351562500000,-0.000000124683
2.765625000000,0.375000000000,-0.000000130924
2.765625000000,0.398437500000,-0.000000136854
2.765625000000,0.421875000000,-0.000000142455
2.765625000000,0.445312500000,-0.000000147715
2.765625000000,0.468750000000,-0.000000152623
2.765625000000,0.492187500000,-0.000000157160
2.765625000000,0.515625000000,-0.000000161319
2.765625000000,0.539062500000,-0.000000165087
2.765625000000,0.562500000000,-0.000000168452
2.765625000000,0.585937500000,-0.000000171404
2.765625000000,0.609375000000,-0.000000173936
2.765625000000,0.632812500000,-0.000000176037
2.765625000000,0.656250000000,-0.000000177700
2.765625000000,0.679687500000,-0.000000178919
2.765625000000,0.703125000000,-0.000000179685
2.765625000000,0.726562500000,-0.000000179997
2.765625000000,0.750000000000,-0.000000179846
2.765625000000,0.773437500000,-0.000000179232
2.765625000000,0.796875000000,-0.000000178152
2.765625000000,0.820312500000,-0.000000176604
2.765625000000,0.843750000000,-0.000000174588
2.765625000000,0.867187500000,-0.000000172105
2.765625000000,0.890625000000,-0.000000169156
2.765625000000,0.914062500000,-0.000000165744
2.765625000000,0.937500000000,-0.000000161874
2.765625000000,0.960937500000,-0.000000157550
2.765625000000,0.984375000000,-0.000000152778
2.765625000000,1.007812500000,-0.000000147565
2.765625000000,1.031250000000,-0.000000141921
2.765625000000,1.054687500000,-0.000000135854
2.765625000000,1.078125000000,-0.000000129375
2.765625000000,1.101562500000,-0.000000122495
2.765625000000,1.125000000000,-0.000000115228
2.765625000000,1.148437500000,-0.000000107587
2.765625000000,1.171875000000,-0.000000099588
2.765625000000,1.195312500000,-0.000000091245
2.765625000000,1.218750000000,-0.000000082577
2.765625000000,1.242187500000,-0.000000073601
2.765625000000,1.265625000000,-0.000000064337
2.765625000000,1.289062500000,-0.000000054803
2.765625000000,1.312500000000,-0.000000045023
2.765625000000,1.335937500000,-0.000000035015
2.765625000000,1.359375000000,-0.000000024803
2.765625000000,1.382812500000,-0.000000014413
2.765625000000,1.406250000000,-0.000000003866
2.765625000000,1.429687500000,0.000000006814
2.765625000000,1.453125000000,0.000000017600
2.765625000000,1.476562500000,0.000000028466
2.765625000000,1.500000000000,0.000000039385
2.765625000000,1.523437500000,0.000000050333
2.765625000000,1.546875000000,0.000000061280
2.765625000000,1.570312500000,0.000000072200
2.765625000000,1.593750000000,0.000000083066
2.765625000000,1.617187500000,0.000000093850
2.765625000000,1.640625000000,0.000000104524
2.765625000000,1.664062500000,0.000000115057
2.765625000000,1.687500000000,0.000000125426
2.765625000000,1.710937500000,0.000000135601
2.765625000000,1.734375000000,0.000000145556
2.765625000000,1.757812500000,0.000000155263
2.765625000000,1.781250000000,0.000000164696
2.765625000000,1.804687500000,0.000000173829
2.765625000000,1.828125000000,0.000000182637
2.765625000000,1.851562500000,0.000000191094
2.765625000000,1.875000000000,0.000000199177
2.765625000000,1.898437500000,0.000000206862
2.765625000000,1.921875000000,0.000000214127
2.765625000000,1.945312500000,0.000000220951
2.765625000000,1.968750000000,0.000000227313
2.765625000000,1.992187500000,0.000000233195
2.765625000000,2.015625000000,0.000000238577
2.765625000000,2.039062500000,0.000000243443
2.765625000000,2.062500000000,0.000000247777
2.765625000000,2.085937500000,0.000000251566
2.765625000000,2.109375000000,0.000000254796
2.765625000000,2.132812500000,0.000000257456
2.765625000000,2.156250000000,0.000000259537
2.765625000000,2.179687500000,0.000000261028
2.765625000000,2.203125000000,0.000000261924
2.765625000000,2.226562500000,0.000000262220
2.765625000000,2.250000000000,0.000000261913
2.765625000000,2.273437500000,0.000000260999
2.765625000000,2.296875000000,0.000000259478
2.765625000000,2.320312500000,0.000000257353
2.765625000000,2.343750000000,0.000000254626
2.765625000000,2.367187500000,0.000000251302
2.765625000000,2.390625000000,0.000000247386
2.765625000000,2.414062500000,0.000000242887
2.765625000000,2.437500000000,0.000000237814
2.765625000000,2.460937500000,0.000000232179
2.765625000000,2.484375000000,0.000000225995
2.765625000000,2.507812500000,0.000000219275
2.765625000000,2.531250000000,0.000000212037
2.765625000000,2.554687500000,0.000000204295
2.765625000000,2.578125000000,0.000000196069
2.765625000000,2.601562500000,0.000000187381
2.765625000000,2.625000000000,0.000000178251
2.765625000000,2.648437500000,0.000000168701
2.765625000000,2.671875000000,0.000000158756
2.765625000000,2.695312500000,0.000000148440
2.765625000000,2.718750000000,0.000000137779
2.765625000000,2.742187500000,0.000000126800
2.765625000000,2.765625000000,0.000000115531
2.765625000000,2.789062500000,0.000000104000
2.765625000000,2.812500000000,0.000000092236
2.765625000000,2.835937500000,0.000000080272
2.765625000000,2.859375000000,0.000000068134
2.765625000000,2.882812500000,0.000000055855
2.765625000000,2.906250000000,0.000000043467
2.765625000000,2.929687500000,0.000000031000
2.765625000000,2.953125000000,0.000000018485
2.765625000000,2.976562500000,0.000000005956
2.765625000000,3.000000000000,0.000000000000
2.789062500000,0.000000000000,0.000000000000
2.789062500000,0.023437500000,-0.000000012278
2.789062500000,0.046875000000,-0.000000020263
2.789062500000,0.070312500000,-0.000000028184
2.789062500000,0.093750000000,-0.000000036026
2.789062500000,0.117187500000,-0.000000043770
2.789062500000,0.140625000000,-0.000000051401
2.789062500000,0.164062500000,-0.000000058901
2.789062500000,0.187500000000,-0.000000066255
2.789062500000,0.210937500000,-0.000000073445
2.789062500000,0.234375000000,-0.000000080457
2.789062500000,0.257812500000,-0.000000087273
2.789062500000,0.281250000000,-0.000000093879
2.789062500000,0.304687500000,-0.000000100260
2.789062500000,0.328125000000,-0.000000106402
2.789062500000,0.351562500000,-0.000000112287
2.789062500000,0.375000000000,-0.000000117906
2.789062500000,0.398437500000,-0.000000123242
2.789062500000,0.421875000000,-0.000000128282
2.789062500000,0.445312500000,-0.000000133017
2.789062500000,0.468750000000,-0.000000137431
2.789062500000,0.492187500000,-0.000000141513
2.789062500000,0.515625000000,-0.000000145255
2.789062500000,0.539062500000,-0.000000148643
2.789062500000,0.562500000000,-0.000000151670
2.789062500000,0.585937500000,-0.000000154324
2.789062500000,0.609375000000,-0.000000156598
2.789062500000,0.632812500000,-0.000000158485
2.789062500000,0.656250000000,-0.000000159978
2.789062500000,0.679687500000,-0.000000161070
2.789062500000,0.703125000000,-0.000000161754
2.789062500000,0.726562500000,-0.000000162029
2.789062500000,0.750000000000,-0.000000161888
2.789062500000,0.773437500000,-0.000000161329
2.789062500000,0.796875000000,-0.000000160350
2.789062500000,0.820312500000,-0.000000158951
2.789062500000,0.843750000000,-0.000000157130
2.789062500000,0.867187500000,-0.000000154888
2.789062500000,0.890625000000,-0.000000152226
2.789062500000,0.914062500000,-0.000000149148
2.789062500000,0.937500000000,-0.000000145657
2.789062500000,0.960937500000,-0.000000141757
2.789062500000,0.984375000000,-0.000000137455
2.789062500000,1.007812500000,-0.000000132755
2.789062500000,1.031250000000,-0.000000127667
2.789062500000,1.054687500000,-0.000000122198
2.789062500000,1.078125000000,-0.000000116358
2.789062500000,1.101562500000,-0.000000110159
2.789062500000,1.125000000000,-0.000000103610
2.789062500000,1.148437500000,-0.000000096725
2.789062500000,1.171875000000,-0.000000089516
2.789062500000,1.195312500000,-0.000000082000
2.789062500000,1.218750000000,-0.000000074191
2.789062500000,1.242187500000,-0.000000066104
2.789062500000,1.265625000000,-0.000000057759
2.789062500000,1.289062500000,-0.000000049172
2.789062500000,1.312500000000,-0.000000040361
2.789062500000,1.335937500000,-0.000000031347
2.789062500000,1.359375000000,-0.000000022151
2.789062500000,1.382812500000,-0.000000012791
2.789062500000,1.406250000000,-0.000000003293
2.789062500000,1.429687500000,0.000000006325
2.789062500000,1.453125000000,0.000000016038
2.789062500000,1.476562500000,0.000000025822
2.789062500000,1.500000000000,0.000000035656
2.789062500000,1.523437500000,0.000000045513
2.789062500000,1.546875000000,0.000000055371
2.789062500000,1.570312500000,0.000000065203
2.789062500000,1.593750000000,0.000000074986
2.789062500000,1.617187500000,0.000000084694
2.789062500000,1.640625000000,0.000000094303
2.789062500000,1.664062500000,0.000000103786
2.789062500000,1.687500000000,0.000000113120
2.789062500000,1.710937500000,0.000000122279
2.789062500000,1.734375000000,0.000000131240
2.789062500000,1.757812500000,0.000000139977
2.789062500000,1.781250000000,0.000000148468
2.789062500000,1.804687500000,0.000000156687
2.789062500000,1.828125000000,0.000000164614
2.789062500000,1.851562500000,0.000000172224
2.789062500000,1.875000000000,0.000000179498
2.789062500000,1.898437500000,0.000000186413
2.789062500000,1.921875000000,0.000000192950
2.789062500000,1.945312500000,0.000000199089
2.789062500000,1.968750000000,0.000000204812
2.789062500000,1.992187500000,0.000000210102
2.789062500000,2.015625000000,0.000000214943
2.789062500000,2.039062500000,0.000000219319
2.789062500000,2.062500000000,0.000000223216
2.789062500000,2.085937500000,0.000000226621
2.789062500000,2.109375000000,0.000000229524
2.789062500000,2.132812500000,0.000000231913
2.789062500000,2.156250000000,0.000000233780
2.789062500000,2.179687500000,0.000000235118
2.789062500000,2.203125000000,0.000000235919
2.789062500000,2.226562500000,0.000000236179
2.789062500000,2.250000000000,0.000000235896
2.789062500000,2.273437500000,0.000000235069
2.789062500000,2.296875000000,0.000000233693
2.789062500000,2.320312500000,0.000000231774
2.789062500000,2.343750000000,0.000000229313
2.789062500000,2.367187500000,0.000000226314
2.789062500000,2.390625000000,0.000000222782
2.789062500000,2.414062500000,0.000000218726
2.789062500000,2.437500000000,0.000000214155
2.789062500000,2.460937500000,0.000000209075
2.789062500000,2.484375000000,0.000000203502
2.789062500000,2.507812500000,0.000000197448
2.789062500000,2.531250000000,0.000000190926
2.789062500000,2.554687500000,0.000000183951
2.789062500000,2.578125000000,0.000000176542
2.789062500000,2.601562500000,0.000000168715
2.789062500000,2.625000000000,0.000000160490
2.789062500000,2.648437500000,0.000000151888
2.789062500000,2.671875000000,0.000000142930
2.789062500000,2.695312500000,0.000000133639
2.789062500000,2.718750000000,0.000000124037
2.789062500000,2.742187500000,0.000000114148
2.789062500000,2.765625000000,0.000000104000
2.789062500000,2.789062500000,0.000000093616
2.789062500000,2.812500000000,0.000000083022
2.789062500000,2.835937500000,0.000000072246
2.789062500000,2.859375000000,0.000000061317
2.789062500000,2.882812500000,0.000000050259
2.789062500000,2.906250000000,0.000000039103
2.789062500000,2.929687500000,0.000000027877
2.789062500000,2.953125000000,0.000000016608
2.789062500000,2.976562500000,0.000000005326
2.789062500000,3.000000000000,0.000000000000
2.812500000000,0.000000000000,0.000000000000
2.812500000000,0.023437500000,-0.000000010924
2.812500000000,0.046875000000,-0.000000018008
2.812500000000,0.070312500000,-0.000000025036
2.812500000000,0.093750000000,-0.000000031993
2.812500000000,0.117187500000,-0.000000038864
2.812500000000,0.140625000000,-0.000000045634
2.812500000000,0.164062500000,-0.000000052288
2.812500000000,0.187500000000,-0.000000058812
2.812500000000,0.210937500000,-0.000000065190
2.812500000000,0.234375000000,-0.000000071410
2.812500000000,0.257812500000,-0.000000077457
2.812500000000,0.281250000000,-0.000000083317
2.812500000000,0.304687500000,-0.000000088976
2.812500000000,0.328125000000,-0.000000094423
2.812500000000,0.351562500000,-0.000000099644
2.812500000000,0.375000000000,-0.000000104626
2.812500000000,0.398437500000,-0.000000109358
2.812500000000,0.421875000000,-0.000000113828
2.812500000000,0.445312500000,-0.000000118025
2.812500000000,0.468750000000,-0.000000121938
2.812500000000,0.492187500000,-0.000000125558
2.812500000000,0.515625000000,-0.000000128874
2.812500000000,0.539062500000,-0.000000131877
2.812500000000,0.562500000000,-0.000000134556
2.812500000000,0.585937500000,-0.000000136908
2.812500000000,0.609375000000,-0.000000138923
2.812500000000,0.632812500000,-0.000000140592
2.812500000000,0.656250000000,-0.000000141912
2.812500000000,0.679687500000,-0.000000142876
2.812500000000,0.703125000000,-0.000000143479
2.812500000000,0.726562500000,-0.000000143718
2.812500000000,0.750000000000,-0.000000143588
2.812500000000,0.773437500000,-0.000000143087
2.812500000000,0.796875000000,-0.000000142213
2.812500000000,0.820312500000,-0.000000140967
2.812500000000,0.843750000000,-0.000000139345
2.812500000000,0.867187500000,-0.000000137350
2.812500000000,0.890625000000,-0.000000134984
2.812500000000,0.914062500000,-0.000000132248
2.812500000000,0.937500000000,-0.000000129145
2.812500000000,0.960937500000,-0.000000125680
2.812500000000,0.984375000000,-0.000000121857
2.812500000000,1.007812500000,-0.000000117683
2.812500000000,1.031250000000,-0.000000113163
2.812500000000,1.054687500000,-0.000000108306
2.812500000000,1.078125000000,-0.000000103121
2.812500000000,1.101562500000,-0.000000097615
2.812500000000,1.125000000000,-0.000000091800
2.812500000000,1.148437500000,-0.000000085688
2.812500000000,1.171875000000,-0.000000079289
2.812500000000,1.195312500000,-0.000000072616
2.812500000000,1.218750000000,-0.000000065684
2.812500000000,1.242187500000,-0.000000058506
2.812500000000,1.265625000000,-0.000000051098
2.812500000000,1.289062500000,-0.000000043476
2.812500000000,1.312500000000,-0.000000035657
2.812500000000,1.335937500000,-0.000000027657
2.812500000000,1.359375000000,-0.000000019494
2.812500000000,1.382812500000,-0.000000011190
2.812500000000,1.406250000000,-0.000000002761
2.812500000000,1.429687500000,0.000000005774
2.812500000000,1.453125000000,0.000000014391
2.812500000000,1.476562500000,0.000000023074
2.812500000000,1.500000000000,0.000000031798
2.812500000000,1.523437500000,0.000000040543
2.812500000000,1.546875000000,0.000000049289
2.812500000000,1.570312500000,0.000000058011
2.812500000000,1.593750000000,0.000000066690
2.812500000000,1.617187500000,0.000000075302
2.812500000000,1.640625000000,0.000000083826
2.812500000000,1.664062500000,0.000000092237
2.812500000000,1.687500000000,0.000000100516
2.812500000000,1.710937500000,0.000000108640
2.812500000000,1.734375000000,0.000000116588
2.812500000000,1.757812500000,0.000000124337
2.812500000000,1.781250000000,0.000000131866
2.812500000000,1.804687500000,0.000000139156
2.812500000000,1.828125000000,0.000000146184
2.812500000000,1.851562500000,0.000000152933
2.812500000000,1.875000000000,0.000000159381
2.812500000000,1.898437500000,0.000000165512
2.812500000000,1.921875000000,0.000000171307
2.812500000000,1.945312500000,0.000000176749
2.812500000000,1.968750000000,0.000000181822
2.812500000000,1.992187500000,0.000000186511
2.812500000000,2.015625000000,0.000000190800
2.812500000000,2.039062500000,0.000000194677
2.812500000000,2.062500000000,0.000000198130
2.812500000000,2.085937500000,0.000000201146
2.812500000000,2.109375000000,0.000000203716
2.812500000000,2.132812500000,0.000000205830
2.812500000000,2.156250000000,0.000000207481
2.812500000000,2.179687500000,0.000000208662
2.812500000000,2.203125000000,0.000000209368
2.812500000000,2.226562500000,0.000000209594
2.812500000000,2.250000000000,0.000000209337
2.812500000000,2.273437500000,0.000000208597
2.812500000000,2.296875000000,0.000000207373
2.812500000000,2.320312500000,0.000000205665
2.812500000000,2.343750000000,0.000000203476
2.812500000000,2.367187500000,0.000000200811
2.812500000000,2.390625000000,0.000000197673
2.812500000000,2.414062500000,0.000000194070
2.812500000000,2.437500000000,0.000000190010
2.812500000000,2.460937500000,0.000000185499
2.812500000000,2.484375000000,0.000000180550
2.812500000000,2.507812500000,0.000000175176
2.812500000000,2.531250000000,0.000000169385
2.812500000000,2.554687500000,0.000000163194
2.812500000000,2.578125000000,0.000000156615
2.812500000000,2.601562500000,0.000000149670
2.812500000000,2.625000000000,0.000000142368
2.812500000000,2.648437500000,0.000000134735
2.812500000000,2.671875000000,0.000000126785
2.812500000000,2.695312500000,0.000000118538
2.812500000000,2.718750000000,0.000000110017
2.812500000000,2.742187500000,0.000000101243
2.812500000000,2.765625000000,0.000000092237
2.812500000000,2.789062500000,0.000000083022
2.812500000000,2.812500000000,0.000000073623
2.812500000000,2.835937500000,0.000000064061
2.812500000000,2.859375000000,0.000000054362
2.812500000000,2.882812500000,0.000000044552
2.812500000000,2.906250000000,0.000000034653
2.812500000000,2.929687500000,0.000000024692
2.812500000000,2.953125000000,0.000000014694
2.812500000000,2.976562500000,0.000000004684
2.812500000000,3.000000000000,0.000000000000
2.835937500000,0.000000000000,0.000000000000
2.835937500000,0.023437500000,-0.000000009545
2.835937500000,0.046875000000,-0.000000015713
2.835937500000,0.070312500000,-0.000000021833
2.835937500000,0.093750000000,-0.000000027891
2.835937500000,0.117187500000,-0.000000033873
2.835937500000,0.140625000000,-0.000000039767
2.835937500000,0.164062500000,-0.000000045561
2.835937500000,0.187500000000,-0.000000051240
2.835937500000,0.210937500000,-0.000000056793
2.835937500000,0.234375000000,-0.000000062208
2.835937500000,0.257812500000,-0.000000067471
2.835937500000,0.281250000000,-0.000000072573
2.835937500000,0.304687500000,-0.000000077499
2.835937500000,0.328125000000,-0.000000082240
2.835937500000,0.351562500000,-0.000000086784
2.835937500000,0.375000000000,-0.000000091119
2.835937500000,0.398437500000,-0.000000095238
2.835937500000,0.421875000000,-0.000000099128
2.835937500000,0.445312500000,-0.000000102779
2.835937500000,0.468750000000,-0.000000106184
2.835937500000,0.492187500000,-0.000000109333
2.835937500000,0.515625000000,-0.000000112216
2.835937500000,0.539062500000,-0.000000114828
2.835937500000,0.562500000000,-0.000000117158
2.835937500000,0.585937500000,-0.000000119202
2.835937500000,0.609375000000,-0.000000120952
2.835937500000,0.632812500000,-0.000000122403
2.835937500000,0.656250000000,-0.000000123547
2.835937500000,0.679687500000,-0.000000124383
2.835937500000,0.703125000000,-0.000000124903
2.835937500000,0.726562500000,-0.000000125106
2.835937500000,0.750000000000,-0.000000124989
2.835937500000,0.773437500000,-0.000000124549
2.835937500000,0.796875000000,-0.000000123783
2.835937500000,0.820312500000,-0.000000122693
2.835937500000,0.843750000000,-0.000000121277
2.835937500000,0.867187500000,-0.000000119536
2.835937500000,0.890625000000,-0.000000117470
2.835937500000,0.914062500000,-0.000000115083
2.835937500000,0.937500000000,-0.000000112377
2.835937500000,0.960937500000,-0.000000109355
2.835937500000,0.984375000000,-0.000000106022
2.835937500000,1.007812500000,-0.000000102383
2.835937500000,1.031250000000,-0.000000098444
2.835937500000,1.054687500000,-0.000000094210
2.835937500000,1.078125000000,-0.000000089691
2.835937500000,1.101562500000,-0.000000084893
2.835937500000,1.125000000000,-0.000000079826
2.835937500000,1.148437500000,-0.000000074500
2.835937500000,1.171875000000,-0.000000068924
2.835937500000,1.195312500000,-0.000000063111
2.835937500000,1.218750000000,-0.000000057072
2.835937500000,1.242187500000,-0.000000050819
2.835937500000,1.265625000000,-0.000000044366
2.835937500000,1.289062500000,-0.000000037727
2.835937500000,1.312500000000,-0.000000030916
2.835937500000,1.335937500000,-0.000000023949
2.835937500000,1.359375000000,-0.000000016841
2.835937500000,1.382812500000,-0.000000009607
2.835937500000,1.406250000000,-0.000000002266
2.835937500000,1.429687500000,0.000000005165
2.835937500000,1.453125000000,0.000000012670
2.835937500000,1.476562500000,0.000000020230
2.835937500000,1.500000000000,0.000000027826
2.835937500000,1.523437500000,0.000000035440
2.835937500000,1.546875000000,0.000000043056
2.835937500000,1.570312500000,0.000000050650
2.835937500000,1.593750000000,0.000000058205
2.835937500000,1.617187500000,0.000000065703
2.835937500000,1.640625000000,0.000000073122
2.835937500000,1.664062500000,0.000000080445
2.835937500000,1.687500000000,0.000000087652
2.835937500000,1.710937500000,0.000000094723
2.835937500000,1.734375000000,0.000000101641
2.835937500000,1.757812500000,0.000000108384
2.835937500000,1.781250000000,0.000000114938
2.835937500000,1.804687500000,0.000000121281
2.835937500000,1.828125000000,0.000000127399
2.835937500000,1.851562500000,0.000000133271
2.835937500000,1.875000000000,0.000000138882
2.835937500000,1.898437500000,0.000000144216
2.835937500000,1.921875000000,0.000000149258
2.835937500000,1.945312500000,0.000000153992
2.835937500000,1.968750000000,0.000000158405
2.835937500000,1.992187500000,0.000000162483
2.835937500000,2.015625000000,0.000000166213
2.835937500000,2.039062500000,0.000000169584
2.835937500000,2.062500000000,0.000000172586
2.835937500000,2.085937500000,0.000000175207
2.835937500000,2.109375000000,0.000000177440
2.835937500000,2.132812500000,0.000000179276
2.835937500000,2.156250000000,0.000000180708
2.835937500000,2.179687500000,0.000000181732
2.835937500000,2.203125000000,0.000000182342
2.835937500000,2.226562500000,0.000000182534
2.835937500000,2.250000000000,0.000000182306
2.835937500000,2.273437500000,0.000000181657
2.835937500000,2.296875000000,0.000000180585
2.835937500000,2.320312500000,0.000000179094
2.835937500000,2.343750000000,0.000000177184
2.835937500000,2.367187500000,0.000000174858
2.835937500000,2.390625000000,0.000000172122
2.835937500000,2.414062500000,0.000000168981
2.835937500000,2.437500000000,0.000000165441
2.835937500000,2.460937500000,0.000000161510
2.835937500000,2.484375000000,0.000000157198
2.835937500000,2.507812500000,0.000000152513
2.835937500000,2.531250000000,0.000000147468
2.835937500000,2.554687500000,0.000000142074
2.835937500000,2.578125000000,0.000000136344
2.835937500000,2.601562500000,0.000000130292
2.835937500000,2.625000000000,0.000000123934
2.835937500000,2.648437500000,0.000000117285
2.835937500000,2.671875000000,0.000000110360
2.835937500000,2.695312500000,0.000000103177
2.835937500000,2.718750000000,0.000000095757
2.835937500000,2.742187500000,0.000000088115
2.835937500000,2.765625000000,0.000000080272
2.835937500000,2.789062500000,0.000000072247
2.835937500000,2.812500000000,0.000000064061
2.835937500000,2.835937500000,0.000000055735
2.835937500000,2.859375000000,0.000000047289
2.835937500000,2.882812500000,0.000000038746
2.835937500000,2.906250000000,0.000000030127
2.835937500000,2.929687500000,0.000000021453
2.835937500000,2.953125000000,0.000000012748
2.835937500000,2.976562500000,0.000000004032
2.835937500000,3.000000000000,0.000000000000
2.859375000000,0.000000000000,0.000000000000
2.859375000000,0.023437500000,-0.000000008146
2.859375000000,0.046875000000,-0.000000013385
2.859375000000,0.070312500000,-0.000000018583
2.859375000000,0.093750000000,-0.000000023728
2.859375000000,0.117187500000,-0.000000028809
2.859375000000,0.140625000000,-0.000000033815
2.859375000000,0.164062500000,-0.000000038735
2.859375000000,0.187500000000,-0.000000043559
2.859375000000,0.210937500000,-0.000000048275
2.859375000000,0.234375000000,-0.000000052873
2.859375000000,0.257812500000,-0.000000057342
2.859375000000,0.281250000000,-0.000000061674
2.859375000000,0.304687500000,-0.000000065857
2.859375000000,0.328125000000,-0.000000069882
2.859375000000,0.351562500000,-0.000000073740
2.859375000000,0.375000000000,-0.000000077420
2.859375000000,0.398437500000,-0.000000080916
2.859375000000,0.421875000000,-0.000000084218
2.859375000000,0.445312500000,-0.000000087317
2.859375000000,0.468750000000,-0.000000090206
2.859375000000,0.492187500000,-0.000000092877
2.859375000000,0.515625000000,-0.000000095325
2.859375000000,0.539062500000,-0.000000097540
2.859375000000,0.562500000000,-0.000000099516
2.859375000000,0.585937500000,-0.000000101249
2.859375000000,0.609375000000,-0.000000102733
2.859375000000,0.632812500000,-0.000000103960
2.859375000000,0.656250000000,-0.000000104929
2.859375000000,0.679687500000,-0.000000105634
2.859375000000,0.703125000000,-0.000000106073
2.859375000000,0.726562500000,-0.000000106242
2.859375000000,0.750000000000,-0.000000106138
2.859375000000,0.773437500000,-0.000000105760
2.859375000000,0.796875000000,-0.000000105106
2.859375000000,0.820312500000,-0.000000104175
2.859375000000,0.843750000000,-0.000000102968
2.859375000000,0.867187500000,-0.000000101485
2.859375000000,0.890625000000,-0.000000099727
2.859375000000,0.914062500000,-0.000000097695
2.859375000000,0.937500000000,-0.000000095392
2.859375000000,0.960937500000,-0.000000092822
2.859375000000,0.984375000000,-0.000000089986
2.859375000000,1.007812500000,-0.000000086891
2.859375000000,1.031250000000,-0.000000083541
2.859375000000,1.054687500000,-0.000000079942
2.859375000000,1.078125000000,-0.000000076099
2.859375000000,1.101562500000,-0.000000072020
2.859375000000,1.125000000000,-0.000000067713
2.859375000000,1.148437500000,-0.000000063186
2.859375000000,1.171875000000,-0.000000058447
2.859375000000,1.195312500000,-0.000000053506
2.859375000000,1.218750000000,-0.000000048373
2.859375000000,1.242187500000,-0.000000043060
2.859375000000,1.265625000000,-0.000000037576
2.859375000000,1.289062500000,-0.000000031935
2.859375000000,1.312500000000,-0.000000026148
2.859375000000,1.335937500000,-0.000000020228
2.859375000000,1.359375000000,-0.000000014188
2.859375000000,1.382812500000,-0.000000008044
2.859375000000,1.406250000000,-0.000000001807
2.859375000000,1.429687500000,0.000000004506
2.859375000000,1.453125000000,0.000000010881
2.859375000000,1.476562500000,0.000000017302
2.859375000000,1.500000000000,0.000000023755
2.859375000000,1.523437500000,0.000000030224
2.859375000000,1.546875000000,0.000000036690
2.859375000000,1.570312500000,0.000000043140
2.859375000000,1.593750000000,0.000000049557
2.859375000000,1.617187500000,0.000000055924
2.859375000000,1.640625000000,0.000000062226
2.859375000000,1.664062500000,0.000000068443
2.859375000000,1.687500000000,0.000000074563
2.859375000000,1.710937500000,0.000000080567
2.859375000000,1.734375000000,0.000000086441
2.859375000000,1.757812500000,0.000000092167
2.859375000000,1.781250000000,0.000000097730
2.859375000000,1.804687500000,0.000000103115
2.859375000000,1.828125000000,0.000000108307
2.859375000000,1.851562500000,0.000000113292
2.859375000000,1.875000000000,0.000000118055
2.859375000000,1.898437500000,0.000000122582
2.859375000000,1.921875000000,0.000000126861
2.859375000000,1.945312500000,0.000000130878
2.859375000000,1.968750000000,0.000000134622
2.859375000000,1.992187500000,0.000000138082
2.859375000000,2.015625000000,0.000000141246
2.859375000000,2.039062500000,0.000000144105
2.859375000000,2.062500000000,0.000000146650
2.859375000000,2.085937500000,0.000000148872
2.859375000000,2.109375000000,0.000000150764
2.859375000000,2.132812500000,0.000000152320
2.859375000000,2.156250000000,0.000000153532
2.859375000000,2.179687500000,0.000000154397
2.859375000000,2.203125000000,0.000000154910
2.859375000000,2.226562500000,0.000000155069
2.859375000000,2.250000000000,0.000000154870
2.859375000000,2.273437500000,0.000000154315
2.859375000000,2.296875000000,0.000000153401
2.859375000000,2.320312500000,0.000000152129
2.859375000000,2.343750000000,0.000000150503
2.859375000000,2.367187500000,0.000000148523
2.859375000000,2.390625000000,0.000000146196
2.859375000000,2.414062500000,0.000000143523
2.859375000000,2.437500000000,0.000000140512
2.859375000000,2.460937500000,0.000000137170
2.859375000000,2.484375000000,0.000000133504
2.859375000000,2.507812500000,0.000000129521
2.859375000000,2.531250000000,0.000000125233
2.859375000000,2.554687500000,0.000000120648
2.859375000000,2.578125000000,0.000000115779
2.859375000000,2.601562500000,0.000000110635
2.859375000000,2.625000000000,0.000000105232
2.859375000000,2.648437500000,0.000000099581
2.859375000000,2.671875000000,0.000000093697
2.859375000000,2.695312500000,0.000000087596
2.859375000000,2.718750000000,0.000000081290
2.859375000000,2.742187500000,0.000000074798
2.859375000000,2.765625000000,0.000000068134
2.859375000000,2.789062500000,0.000000061317
2.859375000000,2.812500000000,0.000000054362
2.859375000000,2.835937500000,0.000000047289
2.859375000000,2.859375000000,0.000000040115
2.859375000000,2.882812500000,0.000000032858
2.859375000000,2.906250000000,0.000000025537
2.859375000000,2.929687500000,0.000000018169
2.859375000000,2.953125000000,0.000000010775
2.859375000000,2.976562500000,0.000000003371
2.859375000000,3.000000000000,0.000000000000
2.882812500000,0.000000000000,0.000000000000
2.882812500000,0.023437500000,-0.000000006730
2.882812500000,0.046875000000,-0.000000011029
2.882812500000,0.070312500000,-0.000000015294
2.882812500000,0.093750000000,-0.000000019516
2.882812500000,0.117187500000,-0.000000023685
2.882812500000,0.140625000000,-0.000000027793
2.882812500000,0.164062500000,-0.000000031829
2.882812500000,0.187500000000,-0.000000035787
2.882812500000,0.210937500000,-0.000000039656
2.882812500000,0.234375000000,-0.000000043428
2.882812500000,0.257812500000,-0.000000047094
2.882812500000,0.281250000000,-0.000000050647
2.882812500000,0.304687500000,-0.000000054078
2.882812500000,0.328125000000,-0.000000057380
2.882812500000,0.351562500000,-0.000000060544
2.882812500000,0.375000000000,-0.000000063562
2.882812500000,0.398437500000,-0.000000066429
2.882812500000,0.421875000000,-0.000000069136
2.882812500000,0.445312500000,-0.000000071677
2.882812500000,0.468750000000,-0.000000074045
2.882812500000,0.492187500000,-0.000000076235
2.882812500000,0.515625000000,-0.000000078239
2.882812500000,0.539062500000,-0.000000080055
2.882812500000,0.562500000000,-0.000000081674
2.882812500000,0.585937500000,-0.000000083092
2.882812500000,0.609375000000,-0.000000084306
2.882812500000,0.632812500000,-0.000000085310
2.882812500000,0.656250000000,-0.000000086102
2.882812500000,0.679687500000,-0.000000086677
2.882812500000,0.703125000000,-0.000000087034
2.882812500000,0.726562500000,-0.000000087169
2.882812500000,0.750000000000,-0.000000087080
2.882812500000,0.773437500000,-0.000000086765
2.882812500000,0.796875000000,-0.000000086225
2.882812500000,0.820312500000,-0.000000085458
2.882812500000,0.843750000000,-0.000000084463
2.882812500000,0.867187500000,-0.000000083242
2.882812500000,0.890625000000,-0.000000081795
2.882812500000,0.914062500000,-0.000000080124
2.882812500000,0.937500000000,-0.000000078231
2.882812500000,0.960937500000,-0.000000076117
2.882812500000,0.984375000000,-0.000000073787
2.882812500000,1.007812500000,-0.000000071243
2.882812500000,1.031250000000,-0.000000068490
2.882812500000,1.054687500000,-0.000000065533
2.882812500000,1.078125000000,-0.000000062376
2.882812500000,1.101562500000,-0.000000059026
2.882812500000,1.125000000000,-0.000000055488
2.882812500000,1.148437500000,-0.000000051770
2.882812500000,1.171875000000,-0.000000047878
2.882812500000,1.195312500000,-0.000000043821
2.882812500000,1.218750000000,-0.000000039606
2.882812500000,1.242187500000,-0.000000035243
2.882812500000,1.265625000000,-0.000000030741
2.882812500000,1.289062500000,-0.000000026109
2.882812500000,1.312500000000,-0.000000021358
2.882812500000,1.335937500000,-0.000000016499
2.882812500000,1.359375000000,-0.000000011541
2.882812500000,1.382812500000,-0.000000006498
2.882812500000,1.406250000000,-0.000000001378
2.882812500000,1.429687500000,0.000000003803
2.882812500000,1.453125000000,0.000000009035
2.882812500000,1.476562500000,0.000000014306
2.882812500000,1.500000000000,0.000000019601
2.882812500000,1.523437500000,0.000000024908
2.882812500000,1.546875000000,0.000000030215
2.882812500000,1.570312500000,0.000000035508
2.882812500000,1.593750000000,0.000000040773
2.882812500000,1.617187500000,0.000000045997
2.882812500000,1.640625000000,0.000000051166
2.882812500000,1.664062500000,0.000000056267
2.882812500000,1.687500000000,0.000000061288
2.882812500000,1.710937500000,0.000000066213
2.882812500000,1.734375000000,0.000000071031
2.882812500000,1.757812500000,0.000000075727
2.882812500000,1.781250000000,0.000000080290
2.882812500000,1.804687500000,0.000000084707
2.882812500000,1.828125000000,0.000000088965
2.882812500000,1.851562500000,0.000000093052
2.882812500000,1.875000000000,0.000000096958
2.882812500000,1.898437500000,0.000000100669
2.882812500000,1.921875000000,0.000000104177
2.882812500000,1.945312500000,0.000000107470
2.882812500000,1.968750000000,0.000000110539
2.882812500000,1.992187500000,0.000000113374
2.882812500000,2.015625000000,0.000000115966
2.882812500000,2.039062500000,0.000000118309
2.882812500000,2.062500000000,0.000000120393
2.882812500000,2.085937500000,0.000000122212
2.882812500000,2.109375000000,0.000000123760
2.882812500000,2.132812500000,0.000000125032
2.882812500000,2.156250000000,0.000000126023
2.882812500000,2.179687500000,0.000000126728
2.882812500000,2.203125000000,0.000000127145
2.882812500000,2.226562500000,0.000000127270
2.882812500000,2.250000000000,0.000000127104
2.882812500000,2.273437500000,0.000000126643
2.882812500000,2.296875000000,0.000000125889
2.882812500000,2.320312500000,0.000000124841
2.882812500000,2.343750000000,0.000000123502
2.882812500000,2.367187500000,0.000000121874
2.882812500000,2.390625000000,0.000000119959
2.882812500000,2.414062500000,0.000000117762
2.882812500000,2.437500000000,0.000000115289
2.882812500000,2.460937500000,0.000000112542
2.882812500000,2.484375000000,0.000000109530
2.882812500000,2.507812500000,0.000000106258
2.882812500000,2.531250000000,0.000000102735
2.882812500000,2.554687500000,0.000000098970
2.882812500000,2.578125000000,0.000000094971
2.882812500000,2.601562500000,0.000000090748
2.882812500000,2.625000000000,0.000000086311
2.882812500000,2.648437500000,0.000000081671
2.882812500000,2.671875000000,0.000000076841
2.882812500000,2.695312500000,0.000000071831
2.882812500000,2.718750000000,0.000000066655
2.882812500000,2.742187500000,0.000000061325
2.882812500000,2.765625000000,0.000000055856
2.882812500000,2.789062500000,0.000000050259
2.882812500000,2.812500000000,0.000000044552
2.882812500000,2.835937500000,0.000000038746
2.882812500000,2.859375000000,0.000000032858
2.882812500000,2.882812500000,0.000000026902
2.882812500000,2.906250000000,0.000000020893
2.882812500000,2.929687500000,0.000000014847
2.882812500000,2.953125000000,0.000000008779
2.882812500000,2.976562500000,0.000000002704
2.882812500000,3.000000000000,0.000000000000
2.906250000000,0.000000000000,0.000000000000
2.906250000000,0.023437500000,-0.000000005300
2.906250000000,0.046875000000,-0.000000008651
2.906250000000,0.070312500000,-0.000000011975
2.906250000000,0.093750000000,-0.000000015265
2.906250000000,0.117187500000,-0.000000018514
2.906250000000,0.140625000000,-0.000000021715
2.906250000000,0.164062500000,-0.000000024860
2.906250000000,0.187500000000,-0.000000027944
2.906250000000,0.210937500000,-0.000000030959
2.906250000000,0.234375000000,-0.000000033897
2.906250000000,0.257812500000,-0.000000036754
2.906250000000,0.281250000000,-0.000000039521
2.906250000000,0.304687500000,-0.000000042194
2.906250000000,0.328125000000,-0.000000044766
2.906250000000,0.351562500000,-0.000000047230
2.906250000000,0.375000000000,-0.000000049580
2.906250000000,0.398437500000,-0.000000051812
2.906250000000,0.421875000000,-0.000000053920
2.906250000000,0.445312500000,-0.000000055898
2.906250000000,0.468750000000,-0.000000057741
2.906250000000,0.492187500000,-0.000000059445
2.906250000000,0.515625000000,-0.000000061005
2.906250000000,0.539062500000,-0.000000062416
2.906250000000,0.562500000000,-0.000000063675
2.906250000000,0.585937500000,-0.000000064777
2.906250000000,0.609375000000,-0.000000065721
2.906250000000,0.632812500000,-0.000000066500
2.906250000000,0.656250000000,-0.000000067113
2.906250000000,0.679687500000,-0.000000067558
2.906250000000,0.703125000000,-0.000000067832
2.906250000000,0.726562500000,-0.000000067934
2.906250000000,0.750000000000,-0.000000067860
2.906250000000,0.773437500000,-0.000000067612
2.906250000000,0.796875000000,-0.000000067186
2.906250000000,0.820312500000,-0.000000066584
2.906250000000,0.843750000000,-0.000000065805
2.906250000000,0.867187500000,-0.000000064850
2.906250000000,0.890625000000,-0.000000063718
2.906250000000,0.914062500000,-0.000000062412
2.906250000000,0.937500000000,-0.000000060932
2.906250000000,0.960937500000,-0.000000059281
2.906250000000,0.984375000000,-0.000000057461
2.906250000000,1.007812500000,-0.000000055475
2.906250000000,1.031250000000,-0.000000053325
2.906250000000,1.054687500000,-0.000000051017
2.906250000000,1.078125000000,-0.000000048553
2.906250000000,1.101562500000,-0.000000045938
2.906250000000,1.125000000000,-0.000000043177
2.906250000000,1.148437500000,-0.000000040276
2.906250000000,1.171875000000,-0.000000037240
2.906250000000,1.195312500000,-0.000000034074
2.906250000000,1.218750000000,-0.000000030786
2.906250000000,1.242187500000,-0.000000027384
2.906250000000,1.265625000000,-0.000000023872
2.906250000000,1.289062500000,-0.000000020260
2.906250000000,1.312500000000,-0.000000016555
2.906250000000,1.335937500000,-0.000000012765
2.906250000000,1.359375000000,-0.000000008899
2.906250000000,1.382812500000,-0.000000004967
2.906250000000,1.406250000000,-0.000000000976
2.906250000000,1.429687500000,0.000000003063
2.906250000000,1.453125000000,0.000000007143
2.906250000000,1.476562500000,0.000000011251
2.906250000000,1.500000000000,0.000000015379
2.906250000000,1.523437500000,0.000000019515
2.906250000000,1.546875000000,0.000000023652
2.906250000000,1.570312500000,0.000000027776
2.906250000000,1.593750000000,0.000000031879
2.906250000000,1.617187500000,0.000000035951
2.906250000000,1.640625000000,0.000000039979
2.906250000000,1.664062500000,0.000000043953
2.906250000000,1.687500000000,0.000000047864
2.906250000000,1.710937500000,0.000000051702
2.906250000000,1.734375000000,0.000000055455
2.906250000000,1.757812500000,0.000000059113
2.906250000000,1.781250000000,0.000000062667
2.906250000000,1.804687500000,0.000000066107
2.906250000000,1.828125000000,0.000000069423
2.906250000000,1.851562500000,0.000000072606
2.906250000000,1.875000000000,0.000000075647
2.906250000000,1.898437500000,0.000000078537
2.906250000000,1.921875000000,0.000000081267
2.906250000000,1.945312500000,0.000000083830
2.906250000000,1.968750000000,0.000000086218
2.906250000000,1.992187500000,0.000000088424
2.906250000000,2.015625000000,0.000000090441
2.906250000000,2.039062500000,0.000000092262
2.906250000000,2.062500000000,0.000000093882
2.906250000000,2.085937500000,0.000000095296
2.906250000000,2.109375000000,0.000000096498
2.906250000000,2.132812500000,0.000000097485
2.906250000000,2.156250000000,0.000000098253
2.906250000000,2.179687500000,0.000000098798
2.906250000000,2.203125000000,0.000000099118
2.906250000000,2.226562500000,0.000000099212
2.906250000000,2.250000000000,0.000000099077
2.906250000000,2.273437500000,0.000000098713
2.906250000000,2.296875000000,0.000000098121
2.906250000000,2.320312500000,0.000000097300
2.906250000000,2.343750000000,0.000000096252
2.906250000000,2.367187500000,0.000000094978
2.906250000000,2.390625000000,0.000000093482
2.906250000000,2.414062500000,0.000000091765
2.906250000000,2.437500000000,0.000000089833
2.906250000000,2.460937500000,0.000000087688
2.906250000000,2.484375000000,0.000000085336
2.906250000000,2.507812500000,0.000000082783
2.906250000000,2.531250000000,0.000000080034
2.906250000000,2.554687500000,0.000000077095
2.906250000000,2.578125000000,0.000000073975
2.906250000000,2.601562500000,0.000000070680
2.906250000000,2.625000000000,0.000000067219
2.906250000000,2.648437500000,0.000000063600
2.906250000000,2.671875000000,0.000000059832
2.906250000000,2.695312500000,0.000000055925
2.906250000000,2.718750000000,0.000000051888
2.906250000000,2.742187500000,0.000000047732
2.906250000000,2.765625000000,0.000000043467
2.906250000000,2.789062500000,0.000000039103
2.906250000000,2.812500000000,0.000000034653
2.906250000000,2.835937500000,0.000000030127
2.906250000000,2.859375000000,0.000000025537
2.906250000000,2.882812500000,0.000000020893
2.906250000000,2.906250000000,0.000000016210
2.906250000000,2.929687500000,0.000000011497
2.906250000000,2.953125000000,0.000000006766
2.906250000000,2.976562500000,0.000000002031
2.906250000000,3.000000000000,0.000000000000
2.929687500000,0.000000000000,0.000000000000
2.929687500000,0.023437500000,-0.000000003860
2.929687500000,0.046875000000,-0.000000006256
2.929687500000,0.070312500000,-0.000000008633
2.929687500000,0.093750000000,-0.000000010986
2.929687500000,0.117187500000,-0.000000013309
2.929687500000,0.140625000000,-0.000000015597
2.929687500000,0.164062500000,-0.000000017846
2.929687500000,0.187500000000,-0.000000020050
2.929687500000,0.210937500000,-0.000000022205
2.929687500000,0.234375000000,-0.000000024305
2.929687500000,0.257812500000,-0.000000026346
2.929687500000,0.281250000000,-0.000000028324
2.929687500000,0.304687500000,-0.000000030233
2.929687500000,0.328125000000,-0.000000032070
2.929687500000,0.351562500000,-0.000000033830
2.929687500000,0.375000000000,-0.000000035509
2.929687500000,0.398437500000,-0.000000037103
2.929687500000,0.421875000000,-0.000000038607
2.929687500000,0.445312500000,-0.000000040019
2.929687500000,0.468750000000,-0.000000041334
2.929687500000,0.492187500000,-0.000000042549
2.929687500000,0.515625000000,-0.000000043662
2.929687500000,0.539062500000,-0.000000044667
2.929687500000,0.562500000000,-0.000000045565
2.929687500000,0.585937500000,-0.000000046350
2.929687500000,0.609375000000,-0.000000047020
2.929687500000,0.632812500000,-0.000000047573
2.929687500000,0.656250000000,-0.000000048008
2.929687500000,0.679687500000,-0.000000048322
2.929687500000,0.703125000000,-0.000000048514
2.929687500000,0.726562500000,-0.000000048583
2.929687500000,0.750000000000,-0.000000048526
2.929687500000,0.773437500000,-0.000000048344
2.929687500000,0.796875000000,-0.000000048036
2.929687500000,0.820312500000,-0.000000047601
2.929687500000,0.843750000000,-0.000000047040
2.929687500000,0.867187500000,-0.000000046352
2.929687500000,0.890625000000,-0.000000045538
2.929687500000,0.914062500000,-0.000000044600
2.929687500000,0.937500000000,-0.000000043537
2.929687500000,0.960937500000,-0.000000042352
2.929687500000,0.984375000000,-0.000000041046
2.929687500000,1.007812500000,-0.000000039622
2.929687500000,1.031250000000,-0.000000038080
2.929687500000,1.054687500000,-0.000000036425
2.929687500000,1.078125000000,-0.000000034659
2.929687500000,1.101562500000,-0.000000032786
2.929687500000,1.125000000000,-0.000000030808
2.929687500000,1.148437500000,-0.000000028729
2.929687500000,1.171875000000,-0.000000026554
2.929687500000,1.195312500000,-0.000000024287
2.929687500000,1.218750000000,-0.000000021933
2.929687500000,1.242187500000,-0.000000019496
2.929687500000,1.265625000000,-0.000000016982
2.929687500000,1.289062500000,-0.000000014397
2.929687500000,1.312500000000,-0.000000011745
2.929687500000,1.335937500000,-0.000000009032
2.929687500000,1.359375000000,-0.000000006266
2.929687500000,1.382812500000,-0.000000003451
2.929687500000,1.406250000000,-0.000000000595
2.929687500000,1.429687500000,0.000000002295
2.929687500000,1.453125000000,0.000000005213
2.929687500000,1.476562500000,0.000000008152
2.929687500000,1.500000000000,0.000000011104
2.929687500000,1.523437500000,0.000000014063
2.929687500000,1.546875000000,0.000000017021
2.929687500000,1.570312500000,0.000000019971
2.929687500000,1.593750000000,0.000000022905
2.929687500000,1.617187500000,0.000000025815
2.929687500000,1.640625000000,0.000000028695
2.929687500000,1.664062500000,0.000000031537
2.929687500000,1.687500000000,0.000000034332
2.929687500000,1.710937500000,0.000000037075
2.929687500000,1.734375000000,0.000000039757
2.929687500000,1.757812500000,0.000000042371
2.929687500000,1.781250000000,0.000000044910
2.929687500000,1.804687500000,0.000000047368
2.929687500000,1.828125000000,0.000000049737
2.929687500000,1.851562500000,0.000000052009
2.929687500000,1.875000000000,0.000000054181
2.929687500000,1.898437500000,0.000000056244
2.929687500000,1.921875000000,0.000000058193
2.929687500000,1.945312500000,0.000000060022
2.929687500000,1.968750000000,0.000000061726
2.929687500000,1.992187500000,0.000000063299
2.929687500000,2.015625000000,0.000000064737
2.929687500000,2.039062500000,0.000000066035
2.929687500000,2.062500000000,0.000000067189
2.929687500000,2.085937500000,0.000000068195
2.929687500000,2.109375000000,0.000000069050
2.929687500000,2.132812500000,0.000000069751
2.929687500000,2.156250000000,0.000000070295
2.929687500000,2.179687500000,0.000000070679
2.929687500000,2.203125000000,0.000000070903
2.929687500000,2.226562500000,0.000000070965
2.929687500000,2.250000000000,0.000000070863
2.929687500000,2.273437500000,0.000000070598
2.929687500000,2.296875000000,0.000000070169
2.929687500000,2.320312500000,0.000000069577
2.929687500000,2.343750000000,0.000000068822
2.929687500000,2.367187500000,0.000000067906
2.929687500000,2.390625000000,0.000000066831
2.929687500000,2.414062500000,0.000000065598
2.929687500000,2.437500000000,0.000000064211
2.929687500000,2.460937500000,0.000000062673
2.929687500000,2.484375000000,0.000000060986
2.929687500000,2.507812500000,0.000000059155
2.929687500000,2.531250000000,0.000000057185
2.929687500000,2.554687500000,0.000000055079
2.929687500000,2.578125000000,0.000000052844
2.929687500000,2.601562500000,0.000000050483
2.929687500000,2.625000000000,0.000000048004
2.929687500000,2.648437500000,0.000000045412
2.929687500000,2.671875000000,0.000000042714
2.929687500000,2.695312500000,0.000000039917
2.929687500000,2.718750000000,0.000000037027
2.929687500000,2.742187500000,0.000000034052
2.929687500000,2.765625000000,0.000000031000
2.929687500000,2.789062500000,0.000000027877
2.929687500000,2.812500000000,0.000000024692
2.929687500000,2.835937500000,0.000000021454
2.929687500000,2.859375000000,0.000000018169
2.929687500000,2.882812500000,0.000000014847
2.929687500000,2.906250000000,0.000000011497
2.929687500000,2.929687500000,0.000000008125
2.929687500000,2.953125000000,0.000000004742
2.929687500000,2.976562500000,0.000000001355
2.929687500000,3.000000000000,0.000000000000
2.953125000000,0.000000000000,0.000000000000
2.953125000000,0.023437500000,-0.000000002414
2.953125000000,0.046875000000,-0.000000003852
2.953125000000,0.070312500000,-0.000000005278
2.953125000000,0.093750000000,-0.000000006689
2.953125000000,0.117187500000,-0.000000008083
2.953125000000,0.140625000000,-0.000000009455
2.953125000000,0.164062500000,-0.000000010803
2.953125000000,0.187500000000,-0.000000012124
2.953125000000,0.210937500000,-0.000000013416
2.953125000000,0.234375000000,-0.000000014674
2.953125000000,0.257812500000,-0.000000015897
2.953125000000,0.281250000000,-0.000000017082
2.953125000000,0.304687500000,-0.000000018225
2.953125000000,0.328125000000,-0.000000019325
2.953125000000,0.351562500000,-0.000000020378
2.953125000000,0.375000000000,-0.000000021383
2.953125000000,0.398437500000,-0.000000022336
2.953125000000,0.421875000000,-0.000000023235
2.953125000000,0.445312500000,-0.000000024079
2.953125000000,0.468750000000,-0.000000024865
2.953125000000,0.492187500000,-0.000000025590
2.953125000000,0.515625000000,-0.000000026253
2.953125000000,0.539062500000,-0.000000026853
2.953125000000,0.562500000000,-0.000000027386
2.953125000000,0.585937500000,-0.000000027853
2.953125000000,0.609375000000,-0.000000028250
2.953125000000,0.632812500000,-0.000000028578
2.953125000000,0.656250000000,-0.000000028834
2.953125000000,0.679687500000,-0.000000029017
2.953125000000,0.703125000000,-0.000000029128
2.953125000000,0.726562500000,-0.000000029163
2.953125000000,0.750000000000,-0.000000029124
2.953125000000,0.773437500000,-0.000000029009
2.953125000000,0.796875000000,-0.000000028819
2.953125000000,0.820312500000,-0.000000028553
2.953125000000,0.843750000000,-0.000000028210
2.953125000000,0.867187500000,-0.000000027792
2.953125000000,0.890625000000,-0.000000027298
2.953125000000,0.914062500000,-0.000000026729
2.953125000000,0.937500000000,-0.000000026086
2.953125000000,0.960937500000,-0.000000025370
2.953125000000,0.984375000000,-0.000000024581
2.953125000000,1.007812500000,-0.000000023721
2.953125000000,1.031250000000,-0.000000022790
2.953125000000,1.054687500000,-0.000000021792
2.953125000000,1.078125000000,-0.000000020727
2.953125000000,1.101562500000,-0.000000019598
2.953125000000,1.125000000000,-0.000000018406
2.953125000000,1.148437500000,-0.000000017154
2.953125000000,1.171875000000,-0.000000015845
2.953125000000,1.195312500000,-0.000000014480
2.953125000000,1.218750000000,-0.000000013063
2.953125000000,1.242187500000,-0.000000011597
2.953125000000,1.265625000000,-0.000000010084
2.953125000000,1.289062500000,-0.000000008529
2.953125000000,1.312500000000,-0.000000006934
2.953125000000,1.335937500000,-0.000000005303
2.953125000000,1.359375000000,-0.000000003641
2.953125000000,1.382812500000,-0.000000001949
2.953125000000,1.406250000000,-0.000000000233
2.953125000000,1.429687500000,0.000000001503
2.953125000000,1.453125000000,0.000000003256
2.953125000000,1.476562500000,0.000000005021
2.953125000000,1.500000000000,0.000000006794
2.953125000000,1.523437500000,0.000000008570
2.953125000000,1.546875000000,0.000000010346
2.953125000000,1.570312500000,0.000000012116
2.953125000000,1.593750000000,0.000000013876
2.953125000000,1.617187500000,0.000000015623
2.953125000000,1.640625000000,0.000000017350
2.953125000000,1.664062500000,0.000000019054
2.953125000000,1.687500000000,0.000000020730
2.953125000000,1.710937500000,0.000000022374
2.953125000000,1.734375000000,0.000000023981
2.953125000000,1.757812500000,0.000000025548
2.953125000000,1.781250000000,0.000000027069
2.953125000000,1.804687500000,0.000000028540
2.953125000000,1.828125000000,0.000000029958
2.953125000000,1.851562500000,0.000000031319
2.953125000000,1.875000000000,0.000000032618
2.953125000000,1.898437500000,0.000000033851
2.953125000000,1.921875000000,0.000000035017
2.953125000000,1.945312500000,0.000000036109
2.953125000000,1.968750000000,0.000000037127
2.953125000000,1.992187500000,0.000000038066
2.953125000000,2.015625000000,0.000000038923
2.953125000000,2.039062500000,0.000000039696
2.953125000000,2.062500000000,0.000000040383
2.953125000000,2.085937500000,0.000000040981
2.953125000000,2.109375000000,0.000000041488
2.953125000000,2.132812500000,0.000000041902
2.953125000000,2.156250000000,0.000000042222
2.953125000000,2.179687500000,0.000000042446
2.953125000000,2.203125000000,0.000000042573
2.953125000000,2.226562500000,0.000000042604
2.953125000000,2.250000000000,0.000000042536
2.953125000000,2.273437500000,0.000000042370
2.953125000000,2.296875000000,0.000000042106
2.953125000000,2.320312500000,0.000000041743
2.953125000000,2.343750000000,0.000000041283
2.953125000000,2.367187500000,0.000000040727
2.953125000000,2.390625000000,0.000000040075
2.953125000000,2.414062500000,0.000000039328
2.953125000000,2.437500000000,0.000000038490
2.953125000000,2.460937500000,0.000000037560
2.953125000000,2.484375000000,0.000000036541
2.953125000000,2.507812500000,0.000000035436
2.953125000000,2.531250000000,0.000000034248
2.953125000000,2.554687500000,0.000000032978
2.953125000000,2.578125000000,0.000000031631
2.953125000000,2.601562500000,0.000000030209
2.953125000000,2.625000000000,0.000000028716
2.953125000000,2.648437500000,0.000000027156
2.953125000000,2.671875000000,0.000000025532
2.953125000000,2.695312500000,0.000000023849
2.953125000000,2.718750000000,0.000000022110
2.953125000000,2.742187500000,0.000000020321
2.953125000000,2.765625000000,0.000000018485
2.953125000000,2.789062500000,0.000000016608
2.953125000000,2.812500000000,0.000000014694
2.953125000000,2.835937500000,0.000000012748
2.953125000000,2.859375000000,0.000000010775
2.953125000000,2.882812500000,0.000000008779
2.953125000000,2.906250000000,0.000000006767
2.953125000000,2.929687500000,0.000000004742
2.953125000000,2.953125000000,0.000000002711
2.953125000000,2.976562500000,0.000000000678
2.953125000000,3.000000000000,0.000000000000
2.976562500000,0.000000000000,0.000000000000
2.976562500000,0.023437500000,-0.000000000965
2.976562500000,0.046875000000,-0.000000001443
2.976562500000,0.070312500000,-0.000000001917
2.976562500000,0.093750000000,-0.000000002386
2.976562500000,0.117187500000,-0.000000002848
2.976562500000,0.140625000000,-0.000000003303
2.976562500000,0.164062500000,-0.000000003750
2.976562500000,0.187500000000,-0.000000004187
2.976562500000,0.210937500000,-0.000000004614
2.976562500000,0.234375000000,-0.000000005030
2.976562500000,0.257812500000,-0.000000005434
2.976562500000,0.281250000000,-0.000000005824
2.976562500000,0.304687500000,-0.000000006201
2.976562500000,0.328125000000,-0.000000006562
2.976562500000,0.351562500000,-0.000000006908
2.976562500000,0.375000000000,-0.000000007238
2.976562500000,0.398437500000,-0.000000007549
2.976562500000,0.421875000000,-0.000000007843
2.976562500000,0.445312500000,-0.000000008118
2.976562500000,0.468750000000,-0.000000008373
2.976562500000,0.492187500000,-0.000000008609
2.976562500000,0.515625000000,-0.000000008823
2.976562500000,0.539062500000,-0.000000009015
2.976562500000,0.562500000000,-0.000000009186
2.976562500000,0.585937500000,-0.000000009334
2.976562500000,0.609375000000,-0.000000009458
2.976562500000,0.632812500000,-0.000000009560
2.976562500000,0.656250000000,-0.000000009637
2.976562500000,0.679687500000,-0.000000009690
2.976562500000,0.703125000000,-0.000000009718
2.976562500000,0.726562500000,-0.000000009722
2.976562500000,0.750000000000,-0.000000009701
2.976562500000,0.773437500000,-0.000000009654
2.976562500000,0.796875000000,-0.000000009582
2.976562500000,0.820312500000,-0.000000009485
2.976562500000,0.843750000000,-0.000000009362
2.976562500000,0.867187500000,-0.000000009214
2.976562500000,0.890625000000,-0.000000009041
2.976562500000,0.914062500000,-0.000000008843
2.976562500000,0.937500000000,-0.000000008620
2.976562500000,0.960937500000,-0.000000008373
2.976562500000,0.984375000000,-0.000000008102
2.976562500000,1.007812500000,-0.000000007808
2.976562500000,1.031250000000,-0.000000007490
2.976562500000,1.054687500000,-0.000000007149
2.976562500000,1.078125000000,-0.000000006787
2.976562500000,1.101562500000,-0.000000006404
2.976562500000,1.125000000000,-0.000000005999
2.976562500000,1.148437500000,-0.000000005575
2.976562500000,1.171875000000,-0.000000005132
2.976562500000,1.195312500000,-0.000000004671
2.976562500000,1.218750000000,-0.000000004193
2.976562500000,1.242187500000,-0.000000003699
2.976562500000,1.265625000000,-0.000000003190
2.976562500000,1.289062500000,-0.000000002667
2.976562500000,1.312500000000,-0.000000002131
2.976562500000,1.335937500000,-0.000000001584
2.976562500000,1.359375000000,-0.000000001026
2.976562500000,1.382812500000,-0.000000000459
2.976562500000,1.406250000000,0.000000000116
2.976562500000,1.429687500000,0.000000000697
2.976562500000,1.453125000000,0.000000001283
2.976562500000,1.476562500000,0.000000001872
2.976562500000,1.500000000000,0.000000002464
2.976562500000,1.523437500000,0.000000003056
2.976562500000,1.546875000000,0.000000003648
2.976562500000,1.570312500000,0.000000004237
2.976562500000,1.593750000000,0.000000004822
2.976562500000,1.617187500000,0.000000005403
2.976562500000,1.640625000000,0.000000005976
2.976562500000,1.664062500000,0.000000006541
2.976562500000,1.687500000000,0.000000007097
2.976562500000,1.710937500000,0.000000007641
2.976562500000,1.734375000000,0.000000008173
2.976562500000,1.757812500000,0.000000008690
2.976562500000,1.781250000000,0.000000009192
2.976562500000,1.804687500000,0.000000009677
2.976562500000,1.828125000000,0.000000010143
2.976562500000,1.851562500000,0.000000010590
2.976562500000,1.875000000000,0.000000011016
2.976562500000,1.898437500000,0.000000011420
2.976562500000,1.921875000000,0.000000011800
2.976562500000,1.945312500000,0.000000012156
2.976562500000,1.968750000000,0.000000012487
2.976562500000,1.992187500000,0.000000012791
2.976562500000,2.015625000000,0.000000013068
2.976562500000,2.039062500000,0.000000013316
2.976562500000,2.062500000000,0.000000013535
2.976562500000,2.085937500000,0.000000013724
2.976562500000,2.109375000000,0.000000013883
2.976562500000,2.132812500000,0.000000014011
2.976562500000,2.156250000000,0.000000014107
2.976562500000,2.179687500000,0.000000014171
2.976562500000,2.203125000000,0.000000014202
2.976562500000,2.226562500000,0.000000014202
2.976562500000,2.250000000000,0.000000014168
2.976562500000,2.273437500000,0.000000014102
2.976562500000,2.296875000000,0.000000014003
2.976562500000,2.320312500000,0.000000013871
2.976562500000,2.343750000000,0.000000013707
2.976562500000,2.367187500000,0.000000013511
2.976562500000,2.390625000000,0.000000013283
2.976562500000,2.414062500000,0.000000013023
2.976562500000,2.437500000000,0.000000012733
2.976562500000,2.460937500000,0.000000012413
2.976562500000,2.484375000000,0.000000012064
2.976562500000,2.507812500000,0.000000011686
2.976562500000,2.531250000000,0.000000011281
2.976562500000,2.554687500000,0.000000010849
2.976562500000,2.578125000000,0.000000010391
2.976562500000,2.601562500000,0.000000009909
2.976562500000,2.625000000000,0.000000009404
2.976562500000,2.648437500000,0.000000008876
2.976562500000,2.671875000000,0.000000008328
2.976562500000,2.695312500000,0.000000007760
2.976562500000,2.718750000000,0.000000007175
2.976562500000,2.742187500000,0.000000006573
2.976562500000,2.765625000000,0.000000005956
2.976562500000,2.789062500000,0.000000005326
2.976562500000,2.812500000000,0.000000004684
2.976562500000,2.835937500000,0.000000004032
2.976562500000,2.859375000000,0.000000003371
2.976562500000,2.882812500000,0.000000002704
2.976562500000,2.906250000000,0.000000002031
2.976562500000,2.929687500000,0.000000001355
2.976562500000,2.953125000000,0.000000000678
2.976562500000,2.976562500000,-0.000000000000
2.976562500000,3.000000000000,0.000000000000
3.000000000000,0.000000000000,0.000000000000
3.000000000000,0.023437500000,0.000000000000
3.000000000000,0.046875000000,0.000000000000
3.000000000000,0.070312500000,0.000000000000
3.000000000000,0.093750000000,0.000000000000
3.000000000000,0.117187500000,0.000000000000
3.000000000000,0.140625000000,0.000000000000
3.000000000000,0.164062500000,0.000000000000
3.000000000000,0.187500000000,0.000000000000
3.000000000000,0.210937500000,0.000000000000
3.000000000000,0.234375000000,0.000000000000
3.000000000000,0.257812500000,0.000000000000
3.000000000000,0.281250000000,0.000000000000
3.000000000000,0.304687500000,0.000000000000
3.000000000000,0.328125000000,0.000000000000
3.000000000000,0.351562500000,0.000000000000
3.000000000000,0.375000000000,0.000000000000
3.000000000000,0.398437500000,0.000000000000
3.000000000000,0.421875000000,0.000000000000
3.000000000000,0.445312500000,0.000000000000
3.000000000000,0.468750000000,0.000000000000
3.000000000000,0.492187500000,0.000000000000
3.000000000000,0.515625000000,0.000000000000
3.000000000000,0.539062500000,0.000000000000
3.000000000000,0.562500000000,0.000000000000
3.000000000000,0.585937500000,0.000000000000
3.000000000000,0.609375000000,0.000000000000
3.000000000000,0.632812500000,0.000000000000
3.000000000000,0.656250000000,0.000000000000
3.000000000000,0.679687500000,0.000000000000
3.000000000000,0.703125000000,0.000000000000
3.000000000000,0.726562500000,0.000000000000
3.000000000000,0.750000000000,0.000000000000
3.000000000000,0.773437500000,0.000000000000
3.000000000000,0.796875000000,0.000000000000
3.000000000000,0.820312500000,0.000000000000
3.000000000000,0.843750000000,0.000000000000
3.000000000000,0.867187500000,0.000000000000
3.000000000000,0.890625000000,0.000000000000
3.000000000000,0.914062500000,0.000000000000
3.000000000000,0.937500000000,0.000000000000
3.000000000000,0.960937500000,0.000000000000
3.000000000000,0.984375000000,0.000000000000
3.000000000000,1.007812500000,0.000000000000
3.000000000000,1.031250000000,0.000000000000
3.000000000000,1.054687500000,0.000000000000
3.000000000000,1.078125000000,0.000000000000
3.000000000000,1.101562500000,0.000000000000
3.000000000000,1.125000000000,0.000000000000
3.000000000000,1.148437500000,0.000000000000
3.000000000000,1.171875000000,0.000000000000
3.000000000000,1.195312500000,0.000000000000
3.000000000000,1.218750000000,0.000000000000
3.000000000000,1.242187500000,0.000000000000
3.000000000000,1.265625000000,0.000000000000
3.000000000000,1.289062500000,0.000000000000
3.000000000000,1.312500000000,0.000000000000
3.000000000000,1.335937500000,0.000000000000
3.000000000000,1.359375000000,0.000000000000
3.000000000000,1.382812500000,0.000000000000
3.000000000000,1.406250000000,0.000000000000
3.000000000000,1.429687500000,0.000000000000
3.000000000000,1.453125000000,0.000000000000
3.000000000000,1.476562500000,0.000000000000
3.000000000000,1.500000000000,0.000000000000
3.000000000000,1.523437500000,0.000000000000
3.000000000000,1.546875000000,0.000000000000
3.000000000000,1.570312500000,0.000000000000
3.000000000000,1.593750000000,0.000000000000
3.000000000000,1.617187500000,0.000000000000
3.000000000000,1.640625000000,0.000000000000
3.000000000000,1.664062500000,0.000000000000
3.000000000000,1.687500000000,0.000000000000
3.000000000000,1.710937500000,0.000000000000
3.000000000000,1.734375000000,0.000000000000
3.000000000000,1.757812500000,0.000000000000
3.000000000000,1.781250000000,0.000000000000
3.000000000000,1.804687500000,0.000000000000
3.000000000000,1.828125000000,0.000000000000
3.000000000000,1.851562500000,0.000000000000
3.000000000000,1.875000000000,0.000000000000
3.000000000000,1.898437500000,0.000000000000
3.000000000000,1.921875000000,0.000000000000
3.000000000000,1.945312500000,0.000000000000
3.000000000000,1.968750000000,0.000000000000
3.000000000000,1.992187500000,0.000000000000
3.000000000000,2.015625000000,0.000000000000
3.000000000000,2.039062500000,0.000000000000
3.000000000000,2.062500000000,0.000000000000
3.000000000000,2.085937500000,0.000000000000
3.000000000000,2.109375000000,0.000000000000
3.000000000000,2.132812500000,0.000000000000
3.000000000000,2.156250000000,0.000000000000
3.000000000000,2.179687500000,0.000000000000
3.000000000000,2.203125000000,0.000000000000
3.000000000000,2.226562500000,0.000000000000
3.000000000000,2.250000000000,0.000000000000
3.000000000000,2.273437500000,0.000000000000
3.000000000000,2.296875000000,0.000000000000
3.000000000000,2.320312500000,0.000000000000
3.000000000000,2.343750000000,0.000000000000
3.000000000000,2.367187500000,0.000000000000
3.000000000000,2.390625000000,0.000000000000
3.000000000000,2.414062500000,0.000000000000
3.000000000000,2.437500000000,0.000000000000
3.000000000000,2.460937500000,0.000000000000
3.000000000000,2.484375000000,0.000000000000
3.000000000000,2.507812500000,0.000000000000
3.000000000000,2.531250000000,0.000000000000
3.000000000000,2.554687500000,0.000000000000
3.000000000000,2.578125000000,0.000000000000
3.000000000000,2.601562500000,0.000000000000
3.000000000000,2.625000000000,0.000000000000
3.000000000000,2.648437500000,0.000000000000
3.000000000000,2.671875000000,0.000000000000
3.000000000000,2.695312500000,0.000000000000
3.000000000000,2.718750000000,0.000000000000
3.000000000000,2.742187500000,0.000000000000
3.000000000000,2.765625000000,0.000000000000
3.000000000000,2.789062500000,0.000000000000
3.000000000000,2.812500000000,0.000000000000
3.000000000000,2.835937500000,0.000000000000
3.000000000000,2.859375000000,0.000000000000
3.000000000000,2.882812500000,0.000000000000
3.000000000000,2.906250000000,0.000000000000
3.000000000000,2.929687500000,0.000000000000
3.000000000000,2.953125000000,0.000000000000
3.000000000000,2.976562500000,0.000000000000
3.000000000000,3.000000000000,0.000000000000
