i,j,x,y,u_num,u_exact,error
0,0,0.000000000000,0.000000000000,0.000000000000,0.000000000000,0.000000000000
0,1,0.000000000000,0.046875000000,0.000000000000,0.000000000000,0.000000000000
0,2,0.000000000000,0.093750000000,0.000000000000,0.000000000000,0.000000000000
0,3,0.000000000000,0.140625000000,0.000000000000,0.000000000000,0.000000000000
0,4,0.000000000000,0.187500000000,0.000000000000,0.000000000000,0.000000000000
0,5,0.000000000000,0.234375000000,0.000000000000,0.000000000000,0.000000000000
0,6,0.000000000000,0.281250000000,0.000000000000,0.000000000000,0.000000000000
0,7,0.000000000000,0.328125000000,0.000000000000,0.000000000000,0.000000000000
0,8,0.000000000000,0.375000000000,0.000000000000,0.000000000000,0.000000000000
0,9,0.000000000000,0.421875000000,0.000000000000,0.000000000000,0.000000000000
0,10,0.000000000000,0.468750000000,0.000000000000,0.000000000000,0.000000000000
0,11,0.000000000000,0.515625000000,0.000000000000,0.000000000000,0.000000000000
0,12,0.000000000000,0.562500000000,0.000000000000,0.000000000000,0.000000000000
0,13,0.000000000000,0.609375000000,0.000000000000,0.000000000000,0.000000000000
0,14,0.000000000000,0.656250000000,0.000000000000,0.000000000000,0.000000000000
0,15,0.000000000000,0.703125000000,0.000000000000,0.000000000000,0.000000000000
0,16,0.000000000000,0.750000000000,0.000000000000,0.000000000000,0.000000000000
0,17,0.000000000000,0.796875000000,0.000000000000,0.000000000000,0.000000000000
0,18,0.000000000000,0.843750000000,0.000000000000,0.000000000000,0.000000000000
0,19,0.000000000000,0.890625000000,0.000000000000,0.000000000000,0.000000000000
0,20,0.000000000000,0.937500000000,0.000000000000,0.000000000000,0.000000000000
0,21,0.000000000000,0.984375000000,0.000000000000,0.000000000000,0.000000000000
0,22,0.000000000000,1.031250000000,0.000000000000,-0.000000000000,0.000000000000
0,23,0.000000000000,1.078125000000,0.000000000000,-0.000000000000,0.000000000000
0,24,0.000000000000,1.125000000000,0.000000000000,-0.000000000000,0.000000000000
0,25,0.000000000000,1.171875000000,0.000000000000,-0.000000000000,0.000000000000
0,26,0.000000000000,1.218750000000,0.000000000000,-0.000000000000,0.000000000000
0,27,0.000000000000,1.265625000000,0.000000000000,-0.000000000000,0.000000000000
0,28,0.000000000000,1.312500000000,0.000000000000,-0.000000000000,0.000000000000
0,29,0.000000000000,1.359375000000,0.000000000000,-0.000000000000,0.000000000000
0,30,0.000000000000,1.406250000000,0.000000000000,-0.000000000000,0.000000000000
0,31,0.000000000000,1.453125000000,0.000000000000,-0.000000000000,0.000000000000
0,32,0.000000000000,1.500000000000,0.000000000000,-0.000000000000,0.000000000000
0,33,0.000000000000,1.546875000000,0.000000000000,-0.000000000000,0.000000000000
0,34,0.000000000000,1.593750000000,0.000000000000,-0.000000000000,0.000000000000
0,35,0.000000000000,1.640625000000,0.000000000000,-0.000000000000,0.000000000000
0,36,0.000000000000,1.687500000000,0.000000000000,-0.000000000000,0.000000000000
0,37,0.000000000000,1.734375000000,0.000000000000,-0.000000000000,0.000000000000
0,38,0.000000000000,1.781250000000,0.000000000000,-0.000000000000,0.000000000000
0,39,0.000000000000,1.828125000000,0.000000000000,-0.000000000000,0.000000000000
0,40,0.000000000000,1.875000000000,0.000000000000,-0.000000000000,0.000000000000
0,41,0.000000000000,1.921875000000,0.000000000000,-0.000000000000,0.000000000000
0,42,0.000000000000,1.968750000000,0.000000000000,-0.000000000000,0.000000000000
0,43,0.000000000000,2.015625000000,0.000000000000,0.000000000000,0.000000000000
0,44,0.000000000000,2.062500000000,0.000000000000,0.000000000000,0.000000000000
0,45,0.000000000000,2.109375000000,0.000000000000,0.000000000000,0.000000000000
0,46,0.000000000000,2.156250000000,0.000000000000,0.000000000000,0.000000000000
0,47,0.000000000000,2.203125000000,0.000000000000,0.000000000000,0.000000000000
0,48,0.000000000000,2.250000000000,0.000000000000,0.000000000000,0.000000000000
0,49,0.000000000000,2.296875000000,0.000000000000,0.000000000000,0.000000000000
0,50,0.000000000000,2.343750000000,0.000000000000,0.000000000000,0.000000000000
0,51,0.000000000000,2.390625000000,0.000000000000,0.000000000000,0.000000000000
0,52,0.000000000000,2.437500000000,0.000000000000,0.000000000000,0.000000000000
0,53,0.000000000000,2.484375000000,0.000000000000,0.000000000000,0.000000000000
0,54,0.000000000000,2.531250000000,0.000000000000,0.000000000000,0.000000000000
0,55,0.000000000000,2.578125000000,0.000000000000,0.000000000000,0.000000000000
0,56,0.000000000000,2.625000000000,0.000000000000,0.000000000000,0.000000000000
0,57,0.000000000000,2.671875000000,0.000000000000,0.000000000000,0.000000000000
0,58,0.000000000000,2.718750000000,0.000000000000,0.000000000000,0.000000000000
0,59,0.000000000000,2.765625000000,0.000000000000,0.000000000000,0.000000000000
0,60,0.000000000000,2.812500000000,0.000000000000,0.000000000000,0.000000000000
0,61,0.000000000000,2.859375000000,0.000000000000,0.000000000000,0.000000000000
0,62,0.000000000000,2.906250000000,0.000000000000,0.000000000000,0.000000000000
0,63,0.000000000000,2.953125000000,0.000000000000,0.000000000000,0.000000000000
0,64,0.000000000000,3.000000000000,0.000000000000,0.000000000000,0.000000000000
1,0,0.046875000000,0.000000000000,0.000000000000,0.000000000000,0.000000000000
1,1,0.046875000000,0.046875000000,0.021568782583,0.021529832134,0.000038950450
1,2,0.046875000000,0.093750000000,0.042670666161,0.042593608421,0.000077057740
1,3,0.046875000000,0.140625000000,0.062848858679,0.062735361715,0.000113496965
1,4,0.046875000000,0.187500000000,0.081666563207,0.081519083884,0.000147479322
1,5,0.046875000000,0.234375000000,0.098716433267,0.098538164069,0.000178269198
1,6,0.046875000000,0.281250000000,0.113629390663,0.113424190581,0.000205200083
1,7,0.046875000000,0.328125000000,0.126082614904,0.125854925899,0.000227689004
1,8,0.046875000000,0.375000000000,0.135806531290,0.135561282145,0.000245249145
1,9,0.046875000000,0.421875000000,0.142590646398,0.142333146018,0.000257500381
1,10,0.046875000000,0.468750000000,0.146288104623,0.146023927115,0.000264177508
1,11,0.046875000000,0.515625000000,0.146818867161,0.146553731173,0.000265135988
1,12,0.046875000000,0.562500000000,0.144171444603,0.143911089532,0.000260355071
1,13,0.046875000000,0.609375000000,0.138403145655,0.138153207405,0.000249938250
1,14,0.046875000000,0.656250000000,0.129638836568,0.129404725550,0.000234111018
1,15,0.046875000000,0.703125000000,0.118068238165,0.117855022180,0.000213215985
1,16,0.046875000000,0.750000000000,0.103941818961,0.103754113494,0.000187705466
1,17,0.046875000000,0.796875000000,0.087565373269,0.087407241581,0.000158131688
1,18,0.046875000000,0.843750000000,0.069293401683,0.069168266851,0.000125134831
1,19,0.046875000000,0.890625000000,0.049521437207,0.049432008027,0.000089429180
1,20,0.046875000000,0.937500000000,0.028677483163,0.028625695511,0.000051787652
1,21,0.046875000000,0.984375000000,0.007212748209,0.007199723134,0.000013025074
1,22,0.046875000000,1.031250000000,-0.014408120967,-0.014382101505,-0.000026019461
1,23,0.046875000000,1.078125000000,-0.035717097839,-0.035652597080,-0.000064500759
1,24,0.046875000000,1.125000000000,-0.056252907411,-0.056151321597,-0.000101585814
1,25,0.046875000000,1.171875000000,-0.075571011421,-0.075434539574,-0.000136471847
1,26,0.046875000000,1.218750000000,-0.093253231257,-0.093084827577,-0.000168403681
1,27,0.046875000000,1.265625000000,-0.108916800260,-0.108720110172,-0.000196690088
1,28,0.046875000000,1.312500000000,-0.122222649461,-0.122001930708,-0.000220718753
1,29,0.046875000000,1.359375000000,-0.132882747410,-0.132642777883,-0.000239969528
1,30,0.046875000000,1.406250000000,-0.140666335178,-0.140412309487,-0.000254025691
1,31,0.046875000000,1.453125000000,-0.145404921596,-0.145142338627,-0.000262582969
1,32,0.046875000000,1.500000000000,-0.146995930578,-0.146730474455,-0.000265456122
1,33,0.046875000000,1.546875000000,-0.145404921583,-0.145142338627,-0.000262582956
1,34,0.046875000000,1.593750000000,-0.140666335153,-0.140412309487,-0.000254025666
1,35,0.046875000000,1.640625000000,-0.132882747373,-0.132642777883,-0.000239969491
1,36,0.046875000000,1.687500000000,-0.122222649412,-0.122001930708,-0.000220718704
1,37,0.046875000000,1.734375000000,-0.108916800199,-0.108720110172,-0.000196690027
1,38,0.046875000000,1.781250000000,-0.093253231186,-0.093084827577,-0.000168403609
1,39,0.046875000000,1.828125000000,-0.075571011338,-0.075434539574,-0.000136471764
1,40,0.046875000000,1.875000000000,-0.056252907318,-0.056151321597,-0.000101585721
1,41,0.046875000000,1.921875000000,-0.035717097736,-0.035652597080,-0.000064500656
1,42,0.046875000000,1.968750000000,-0.014408120855,-0.014382101505,-0.000026019349
1,43,0.046875000000,2.015625000000,0.007212748329,0.007199723134,0.000013025195
1,44,0.046875000000,2.062500000000,0.028677483291,0.028625695511,0.000051787780
1,45,0.046875000000,2.109375000000,0.049521437342,0.049432008027,0.000089429314
1,46,0.046875000000,2.156250000000,0.069293401823,0.069168266851,0.000125134972
1,47,0.046875000000,2.203125000000,0.087565373413,0.087407241581,0.000158131833
1,48,0.046875000000,2.250000000000,0.103941819109,0.103754113494,0.000187705615
1,49,0.046875000000,2.296875000000,0.118068238316,0.117855022180,0.000213216136
1,50,0.046875000000,2.343750000000,0.129638836720,0.129404725550,0.000234111170
1,51,0.046875000000,2.390625000000,0.138403145807,0.138153207405,0.000249938402
1,52,0.046875000000,2.437500000000,0.144171444754,0.143911089532,0.000260355221
1,53,0.046875000000,2.484375000000,0.146818867308,0.146553731173,0.000265136135
1,54,0.046875000000,2.531250000000,0.146288104766,0.146023927115,0.000264177651
1,55,0.046875000000,2.578125000000,0.142590646535,0.142333146018,0.000257500517
1,56,0.046875000000,2.625000000000,0.135806531419,0.135561282145,0.000245249274
1,57,0.046875000000,2.671875000000,0.126082615023,0.125854925899,0.000227689124
1,58,0.046875000000,2.718750000000,0.113629390772,0.113424190581,0.000205200191
1,59,0.046875000000,2.765625000000,0.098716433362,0.098538164069,0.000178269293
1,60,0.046875000000,2.812500000000,0.081666563286,0.081519083884,0.000147479402
1,61,0.046875000000,2.859375000000,0.062848858742,0.062735361715,0.000113497027
1,62,0.046875000000,2.906250000000,0.042670666205,0.042593608421,0.000077057784
1,63,0.046875000000,2.953125000000,0.021568782606,0.021529832134,0.000038950472
1,64,0.046875000000,3.000000000000,0.000000000000,0.000000000000,-0.000000000000
2,0,0.093750000000,0.000000000000,0.000000000000,0.000000000000,0.000000000000
2,1,0.093750000000,0.046875000000,0.042670666161,0.042593608421,0.000077057740
2,2,0.093750000000,0.093750000000,0.084417641264,0.084265193849,0.000152447416
2,3,0.093750000000,0.140625000000,0.124337229371,0.124112692305,0.000224537066
2,4,0.093750000000,0.187500000000,0.161565291951,0.161273525784,0.000291766167
2,5,0.093750000000,0.234375000000,0.195295953876,0.194943274465,0.000352679411
2,6,0.093750000000,0.281250000000,0.224799048178,0.224393089969,0.000405958209
2,7,0.093750000000,0.328125000000,0.249435921962,0.248985472726,0.000450449236
2,8,0.093750000000,0.375000000000,0.268673261312,0.268188071917,0.000485189395
2,9,0.093750000000,0.421875000000,0.282094635924,0.281585209260,0.000509426664
2,10,0.093750000000,0.468750000000,0.289409513571,0.288886877191,0.000522636380
2,11,0.093750000000,0.515625000000,0.290459549239,0.289935016648,0.000524532592
2,12,0.093750000000,0.562500000000,0.285222012829,0.284706938578,0.000515074251
2,13,0.093750000000,0.609375000000,0.273810281185,0.273315815083,0.000494466102
2,14,0.093750000000,0.656250000000,0.256471383834,0.256008229585,0.000463154249
2,15,0.093750000000,0.703125000000,0.233580655543,0.233158839044,0.000421816498
2,16,0.093750000000,0.750000000000,0.205633611448,0.205262263761,0.000371347687
2,17,0.093750000000,0.796875000000,0.173235220658,0.172922380345,0.000312840313
2,18,0.093750000000,0.843750000000,0.137086810491,0.136839249608,0.000247560882
2,19,0.093750000000,0.890625000000,0.097970884861,0.097793962362,0.000176922499
2,20,0.093750000000,0.937500000000,0.056734185431,0.056631731162,0.000102454269
2,21,0.093750000000,0.984375000000,0.014269362212,0.014243594006,0.000025768206
2,22,0.093750000000,1.031250000000,-0.028504349616,-0.028452873946,-0.000051475670
2,23,0.093750000000,1.078125000000,-0.070661028363,-0.070533423102,-0.000127605260
2,24,0.093750000000,1.125000000000,-0.111288109246,-0.111087136655,-0.000200972591
2,25,0.093750000000,1.171875000000,-0.149506138654,-0.149236149174,-0.000269989480
2,26,0.093750000000,1.218750000000,-0.184487811667,-0.184154649746,-0.000333161921
2,27,0.093750000000,1.265625000000,-0.215475880705,-0.215086758285,-0.000389122420
2,28,0.093750000000,1.312500000000,-0.241799547656,-0.241362888054,-0.000436659602
2,29,0.093750000000,1.359375000000,-0.262888984626,-0.262414240196,-0.000474744430
2,30,0.093750000000,1.406250000000,-0.278287668993,-0.277785116510,-0.000502552483
2,31,0.093750000000,1.453125000000,-0.287662265743,-0.287142783943,-0.000519481800
2,32,0.093750000000,1.500000000000,-0.290809843167,-0.290284677254,-0.000525165912
2,33,0.093750000000,1.546875000000,-0.287662265719,-0.287142783943,-0.000519481776
2,34,0.093750000000,1.593750000000,-0.278287668945,-0.277785116510,-0.000502552435
2,35,0.093750000000,1.640625000000,-0.262888984555,-0.262414240196,-0.000474744359
2,36,0.093750000000,1.687500000000,-0.241799547561,-0.241362888054,-0.000436659507
2,37,0.093750000000,1.734375000000,-0.215475880588,-0.215086758285,-0.000389122303
2,38,0.093750000000,1.781250000000,-0.184487811527,-0.184154649746,-0.000333161782
2,39,0.093750000000,1.828125000000,-0.149506138494,-0.149236149174,-0.000269989320
2,40,0.093750000000,1.875000000000,-0.111288109066,-0.111087136655,-0.000200972411
2,41,0.093750000000,1.921875000000,-0.070661028164,-0.070533423102,-0.000127605061
2,42,0.093750000000,1.968750000000,-0.028504349399,-0.028452873946,-0.000051475453
2,43,0.093750000000,2.015625000000,0.014269362444,0.014243594006,0.000025768439
2,44,0.093750000000,2.062500000000,0.056734185678,0.056631731162,0.000102454516
2,45,0.093750000000,2.109375000000,0.097970885121,0.097793962362,0.000176922759
2,46,0.093750000000,2.156250000000,0.137086810762,0.136839249608,0.000247561153
2,47,0.093750000000,2.203125000000,0.173235220938,0.172922380345,0.000312840592
2,48,0.093750000000,2.250000000000,0.205633611735,0.205262263761,0.000371347974
2,49,0.093750000000,2.296875000000,0.233580655834,0.233158839044,0.000421816790
2,50,0.093750000000,2.343750000000,0.256471384128,0.256008229585,0.000463154543
2,51,0.093750000000,2.390625000000,0.273810281478,0.273315815083,0.000494466395
2,52,0.093750000000,2.437500000000,0.285222013119,0.284706938578,0.000515074541
2,53,0.093750000000,2.484375000000,0.290459549524,0.289935016648,0.000524532876
2,54,0.093750000000,2.531250000000,0.289409513846,0.288886877191,0.000522636656
2,55,0.093750000000,2.578125000000,0.282094636188,0.281585209260,0.000509426928
2,56,0.093750000000,2.625000000000,0.268673261561,0.268188071917,0.000485189644
2,57,0.093750000000,2.671875000000,0.249435922193,0.248985472726,0.000450449467
2,58,0.093750000000,2.718750000000,0.224799048387,0.224393089969,0.000405958419
2,59,0.093750000000,2.765625000000,0.195295954060,0.194943274465,0.000352679595
2,60,0.093750000000,2.812500000000,0.161565292105,0.161273525784,0.000291766321
2,61,0.093750000000,2.859375000000,0.124337229492,0.124112692305,0.000224537187
2,62,0.093750000000,2.906250000000,0.084417641349,0.084265193849,0.000152447500
2,63,0.093750000000,2.953125000000,0.042670666205,0.042593608421,0.000077057784
2,64,0.093750000000,3.000000000000,0.000000000000,0.000000000000,-0.000000000000
3,0,0.140625000000,0.000000000000,0.000000000000,0.000000000000,0.000000000000
3,1,0.140625000000,0.046875000000,0.062848858679,0.062735361715,0.000113496965
3,2,0.140625000000,0.093750000000,0.124337229371,0.124112692305,0.000224537066
3,3,0.140625000000,0.140625000000,0.183134074537,0.182803357918,0.000330716619
3,4,0.140625000000,0.187500000000,0.237966620043,0.237536882886,0.000429737157
3,5,0.140625000000,0.234375000000,0.287647906866,0.287128451684,0.000519455183
3,6,0.140625000000,0.281250000000,0.331102485180,0.330504556610,0.000597928570
3,7,0.140625000000,0.328125000000,0.367389694593,0.366726235986,0.000663458607
3,8,0.140625000000,0.375000000000,0.395724026605,0.395009399841,0.000714626763
3,9,0.140625000000,0.421875000000,0.415492128493,0.414741803090,0.000750325403
3,10,0.140625000000,0.468750000000,0.426266080550,0.425496298793,0.000769781758
3,11,0.140625000000,0.515625000000,0.427812659249,0.427040084596,0.000772574654
3,12,0.140625000000,0.562500000000,0.420098385832,0.419339742198,0.000758643634
3,13,0.140625000000,0.609375000000,0.403290251020,0.402561960758,0.000728290262
3,14,0.140625000000,0.656250000000,0.377752100172,0.377069928577,0.000682171595
3,15,0.140625000000,0.703125000000,0.344036757130,0.343415471166,0.000621285964
3,16,0.140625000000,0.750000000000,0.302874057253,0.302327105895,0.000546951358
3,17,0.140625000000,0.796875000000,0.255155048684,0.254694271789,0.000460776895
3,18,0.140625000000,0.843750000000,0.201912703850,0.201548075856,0.000364627994
3,19,0.140625000000,0.890625000000,0.144299558728,0.144038972743,0.000260585986
3,20,0.140625000000,0.937500000000,0.083562763923,0.083411860857,0.000150903066
3,21,0.140625000000,0.984375000000,0.021017087620,0.020979134081,0.000037953539
3,22,0.140625000000,1.031250000000,-0.041983545171,-0.041907727591,-0.000075817579
3,23,0.140625000000,1.078125000000,-0.104075361008,-0.103887413520,-0.000187947488
3,24,0.140625000000,1.125000000000,-0.163914259592,-0.163618250679,-0.000296008913
3,25,0.140625000000,1.171875000000,-0.220204909478,-0.219807246826,-0.000397662651
3,26,0.140625000000,1.218750000000,-0.271728788088,-0.271238079882,-0.000490708206
3,27,0.140625000000,1.265625000000,-0.317370559050,-0.316797427628,-0.000573131421
3,28,0.140625000000,1.312500000000,-0.356142215857,-0.355499067772,-0.000643148084
3,29,0.140625000000,1.359375000000,-0.387204469226,-0.386505226681,-0.000699242545
3,30,0.140625000000,1.406250000000,-0.409884915178,-0.409144714651,-0.000740200527
3,31,0.140625000000,1.453125000000,-0.423692590552,-0.422927455137,-0.000765135415
3,32,0.140625000000,1.500000000000,-0.428328600872,-0.427555093430,-0.000773507442
3,33,0.140625000000,1.546875000000,-0.423692590517,-0.422927455137,-0.000765135380
3,34,0.140625000000,1.593750000000,-0.409884915109,-0.409144714651,-0.000740200458
3,35,0.140625000000,1.640625000000,-0.387204469123,-0.386505226681,-0.000699242441
3,36,0.140625000000,1.687500000000,-0.356142215720,-0.355499067772,-0.000643147947
3,37,0.140625000000,1.734375000000,-0.317370558880,-0.316797427628,-0.000573131252
3,38,0.140625000000,1.781250000000,-0.271728787886,-0.271238079882,-0.000490708004
3,39,0.140625000000,1.828125000000,-0.220204909246,-0.219807246826,-0.000397662419
3,40,0.140625000000,1.875000000000,-0.163914259331,-0.163618250679,-0.000296008652
3,41,0.140625000000,1.921875000000,-0.104075360720,-0.103887413520,-0.000187947200
3,42,0.140625000000,1.968750000000,-0.041983544857,-0.041907727591,-0.000075817265
3,43,0.140625000000,2.015625000000,0.021017087958,0.020979134081,0.000037953876
3,44,0.140625000000,2.062500000000,0.083562764281,0.083411860857,0.000150903424
3,45,0.140625000000,2.109375000000,0.144299559105,0.144038972743,0.000260586362
3,46,0.140625000000,2.156250000000,0.201912704242,0.201548075856,0.000364628386
3,47,0.140625000000,2.203125000000,0.255155049089,0.254694271789,0.000460777300
3,48,0.140625000000,2.250000000000,0.302874057668,0.302327105895,0.000546951773
3,49,0.140625000000,2.296875000000,0.344036757552,0.343415471166,0.000621286386
3,50,0.140625000000,2.343750000000,0.377752100597,0.377069928577,0.000682172020
3,51,0.140625000000,2.390625000000,0.403290251444,0.402561960758,0.000728290686
3,52,0.140625000000,2.437500000000,0.420098386252,0.419339742198,0.000758644054
3,53,0.140625000000,2.484375000000,0.427812659661,0.427040084596,0.000772575065
3,54,0.140625000000,2.531250000000,0.426266080949,0.425496298793,0.000769782156
3,55,0.140625000000,2.578125000000,0.415492128875,0.414741803090,0.000750325785
3,56,0.140625000000,2.625000000000,0.395724026965,0.395009399841,0.000714627124
3,57,0.140625000000,2.671875000000,0.367389694927,0.366726235986,0.000663458941
3,58,0.140625000000,2.718750000000,0.331102485483,0.330504556610,0.000597928873
3,59,0.140625000000,2.765625000000,0.287647907132,0.287128451684,0.000519455448
3,60,0.140625000000,2.812500000000,0.237966620267,0.237536882886,0.000429737381
3,61,0.140625000000,2.859375000000,0.183134074713,0.182803357918,0.000330716795
3,62,0.140625000000,2.906250000000,0.124337229493,0.124112692305,0.000224537188
3,63,0.140625000000,2.953125000000,0.062848858743,0.062735361715,0.000113497028
3,64,0.140625000000,3.000000000000,0.000000000000,0.000000000000,-0.000000000000
4,0,0.187500000000,0.000000000000,0.000000000000,0.000000000000,0.000000000000
4,1,0.187500000000,0.046875000000,0.081666563207,0.081519083884,0.000147479322
4,2,0.187500000000,0.093750000000,0.161565291951,0.161273525784,0.000291766167
4,3,0.187500000000,0.140625000000,0.237966620043,0.237536882886,0.000429737157
4,4,0.187500000000,0.187500000000,0.309216689454,0.308658283817,0.000558405637
4,5,0.187500000000,0.234375000000,0.373773151350,0.373098165031,0.000674986320
4,6,0.187500000000,0.281250000000,0.430238553286,0.429461597701,0.000776955585
4,7,0.187500000000,0.328125000000,0.477390589829,0.476528483725,0.000862106103
4,8,0.187500000000,0.375000000000,0.514208561782,0.513279967159,0.000928594622
4,9,0.187500000000,0.421875000000,0.539895471238,0.538920489374,0.000974981865
4,10,0.187500000000,0.468750000000,0.553895274181,0.552895010495,0.001000263686
4,11,0.187500000000,0.515625000000,0.555904917152,0.554901024343,0.001003892809
4,12,0.187500000000,0.562500000000,0.545880897450,0.544895106776,0.000985790675
4,13,0.187500000000,0.609375000000,0.524040204829,0.523093855692,0.000946349137
4,14,0.187500000000,0.656250000000,0.490855624327,0.489969202339,0.000886421988
4,15,0.187500000000,0.703125000000,0.447045501894,0.446238195428,0.000807306466
4,16,0.187500000000,0.750000000000,0.393558194378,0.392847479194,0.000710715184
4,17,0.187500000000,0.796875000000,0.331551540457,0.330952801406,0.000598739051
4,18,0.187500000000,0.843750000000,0.262367796934,0.261893994923,0.000473802011
4,19,0.187500000000,0.890625000000,0.187504582925,0.187165974351,0.000338608573
4,20,0.187500000000,0.937500000000,0.108582460930,0.108386375662,0.000196085268
4,21,0.187500000000,0.984375000000,0.027309856553,0.027260539260,0.000049317294
4,22,0.187500000000,1.031250000000,-0.054553923759,-0.054455405493,-0.000098518267
4,23,0.187500000000,1.078125000000,-0.135236776387,-0.134992555168,-0.000244221219
4,24,0.187500000000,1.125000000000,-0.212992161227,-0.212607523692,-0.000384637535
4,25,0.187500000000,1.171875000000,-0.286136909013,-0.285620181387,-0.000516727626
4,26,0.187500000000,1.218750000000,-0.353087656848,-0.352450024709,-0.000637632139
4,27,0.187500000000,1.265625000000,-0.412395123227,-0.411650389370,-0.000744733857
4,28,0.187500000000,1.312500000000,-0.462775480607,-0.461939766256,-0.000835714352
4,29,0.187500000000,1.359375000000,-0.503138146397,-0.502229542228,-0.000908604169
4,30,0.187500000000,1.406250000000,-0.532609390773,-0.531647565309,-0.000961825464
4,31,0.187500000000,1.453125000000,-0.550551250296,-0.549557024139,-0.000994226157
4,32,0.187500000000,1.500000000000,-0.556575337890,-0.555570233020,-0.001005104871
4,33,0.187500000000,1.546875000000,-0.550551250251,-0.549557024139,-0.000994226113
4,34,0.187500000000,1.593750000000,-0.532609390684,-0.531647565309,-0.000961825375
4,35,0.187500000000,1.640625000000,-0.503138146263,-0.502229542228,-0.000908604036
4,36,0.187500000000,1.687500000000,-0.462775480431,-0.461939766256,-0.000835714175
4,37,0.187500000000,1.734375000000,-0.412395123008,-0.411650389370,-0.000744733639
4,38,0.187500000000,1.781250000000,-0.353087656588,-0.352450024709,-0.000637631880
4,39,0.187500000000,1.828125000000,-0.286136908715,-0.285620181387,-0.000516727327
4,40,0.187500000000,1.875000000000,-0.212992160891,-0.212607523692,-0.000384637199
4,41,0.187500000000,1.921875000000,-0.135236776016,-0.134992555168,-0.000244220848
4,42,0.187500000000,1.968750000000,-0.054553923355,-0.054455405493,-0.000098517862
4,43,0.187500000000,2.015625000000,0.027309856988,0.027260539260,0.000049317728
4,44,0.187500000000,2.062500000000,0.108582461392,0.108386375662,0.000196085729
4,45,0.187500000000,2.109375000000,0.187504583409,0.187165974351,0.000338609058
4,46,0.187500000000,2.156250000000,0.262367797438,0.261893994923,0.000473802515
4,47,0.187500000000,2.203125000000,0.331551540978,0.330952801406,0.000598739572
4,48,0.187500000000,2.250000000000,0.393558194912,0.392847479194,0.000710715718
4,49,0.187500000000,2.296875000000,0.447045502437,0.446238195428,0.000807307009
4,50,0.187500000000,2.343750000000,0.490855624873,0.489969202339,0.000886422534
4,51,0.187500000000,2.390625000000,0.524040205375,0.523093855692,0.000946349683
4,52,0.187500000000,2.437500000000,0.545880897990,0.544895106776,0.000985791215
4,53,0.187500000000,2.484375000000,0.555904917681,0.554901024343,0.001003893338
4,54,0.187500000000,2.531250000000,0.553895274693,0.552895010495,0.001000264198
4,55,0.187500000000,2.578125000000,0.539895471729,0.538920489374,0.000974982355
4,56,0.187500000000,2.625000000000,0.514208562244,0.513279967159,0.000928595085
4,57,0.187500000000,2.671875000000,0.477390590257,0.476528483725,0.000862106532
4,58,0.187500000000,2.718750000000,0.430238553674,0.429461597701,0.000776955973
4,59,0.187500000000,2.765625000000,0.373773151692,0.373098165031,0.000674986661
4,60,0.187500000000,2.812500000000,0.309216689741,0.308658283817,0.000558405924
4,61,0.187500000000,2.859375000000,0.237966620269,0.237536882886,0.000429737383
4,62,0.187500000000,2.906250000000,0.161565292109,0.161273525784,0.000291766324
4,63,0.187500000000,2.953125000000,0.081666563289,0.081519083884,0.000147479405
4,64,0.187500000000,3.000000000000,0.000000000000,0.000000000000,-0.000000000000
5,0,0.234375000000,0.000000000000,0.000000000000,0.000000000000,0.000000000000
5,1,0.234375000000,0.046875000000,0.098716433267,0.098538164069,0.000178269198
5,2,0.234375000000,0.093750000000,0.195295953876,0.194943274465,0.000352679411
5,3,0.234375000000,0.140625000000,0.287647906866,0.287128451684,0.000519455183
5,4,0.234375000000,0.187500000000,0.373773151350,0.373098165031,0.000674986320
5,5,0.234375000000,0.234375000000,0.451807335875,0.450991429835,0.000815906040
5,6,0.234375000000,0.281250000000,0.520061256001,0.519122092146,0.000939163855
5,7,0.234375000000,0.328125000000,0.577057420478,0.576015328874,0.001042091604
5,8,0.234375000000,0.375000000000,0.621562034468,0.620439573258,0.001122461210
5,9,0.234375000000,0.421875000000,0.652611707475,0.651433174564,0.001178532911
5,10,0.234375000000,0.468750000000,0.669534307847,0.668325214924,0.001209092924
5,11,0.234375000000,0.515625000000,0.671963512389,0.670750032675,0.001213479714
5,12,0.234375000000,0.562500000000,0.659846736158,0.658655137837,0.001191598321
5,13,0.234375000000,0.609375000000,0.633446270766,0.632302348357,0.001143922409
5,14,0.234375000000,0.656250000000,0.593333606561,0.592262122543,0.001071484018
5,15,0.234375000000,0.703125000000,0.540377061584,0.539401210366,0.000975851217
5,16,0.234375000000,0.750000000000,0.475722985108,0.474863890939,0.000859094169
5,17,0.234375000000,0.796875000000,0.400770942638,0.400047202328,0.000723740310
5,18,0.234375000000,0.843750000000,0.317143419543,0.316570699901,0.000572719642
5,19,0.234375000000,0.890625000000,0.226650699147,0.226241397843,0.000409301305
5,20,0.234375000000,0.937500000000,0.131251675567,0.131014652754,0.000237022813
5,21,0.234375000000,0.984375000000,0.033011449562,0.032951836088,0.000059613474
5,22,0.234375000000,1.031250000000,-0.065943374651,-0.065824288317,-0.000119086334
5,23,0.234375000000,1.078125000000,-0.163470723966,-0.163175515664,-0.000295208302
5,24,0.234375000000,1.125000000000,-0.257459425796,-0.256994485876,-0.000464939920
5,25,0.234375000000,1.171875000000,-0.345874908585,-0.345250301574,-0.000624607011
5,26,0.234375000000,1.218750000000,-0.426803244140,-0.426032490875,-0.000770753265
5,27,0.234375000000,1.265625000000,-0.498492578393,-0.497592363336,-0.000900215057
5,28,0.234375000000,1.312500000000,-0.559391053755,-0.558380863825,-0.001010189930
5,29,0.234375000000,1.359375000000,-0.608180402142,-0.607082104883,-0.001098297259
5,30,0.234375000000,1.406250000000,-0.643804481502,-0.642641851715,-0.001162629787
5,31,0.234375000000,1.453125000000,-0.665492138100,-0.664290343191,-0.001201794909
5,32,0.234375000000,1.500000000000,-0.672773899664,-0.671558954847,-0.001214944817
5,33,0.234375000000,1.546875000000,-0.665492138046,-0.664290343191,-0.001201794855
5,34,0.234375000000,1.593750000000,-0.643804481395,-0.642641851715,-0.001162629680
5,35,0.234375000000,1.640625000000,-0.608180401981,-0.607082104883,-0.001098297099
5,36,0.234375000000,1.687500000000,-0.559391053542,-0.558380863825,-0.001010189717
5,37,0.234375000000,1.734375000000,-0.498492578130,-0.497592363336,-0.000900214794
5,38,0.234375000000,1.781250000000,-0.426803243827,-0.426032490875,-0.000770752952
5,39,0.234375000000,1.828125000000,-0.345874908225,-0.345250301574,-0.000624606651
5,40,0.234375000000,1.875000000000,-0.257459425391,-0.256994485876,-0.000464939514
5,41,0.234375000000,1.921875000000,-0.163470723518,-0.163175515664,-0.000295207854
5,42,0.234375000000,1.968750000000,-0.065943374163,-0.065824288317,-0.000119085847
5,43,0.234375000000,2.015625000000,0.033011450086,0.032951836088,0.000059613998
5,44,0.234375000000,2.062500000000,0.131251676123,0.131014652754,0.000237023369
5,45,0.234375000000,2.109375000000,0.226650699732,0.226241397843,0.000409301889
5,46,0.234375000000,2.156250000000,0.317143420151,0.316570699901,0.000572720250
5,47,0.234375000000,2.203125000000,0.400770943267,0.400047202328,0.000723740939
5,48,0.234375000000,2.250000000000,0.475722985752,0.474863890939,0.000859094813
5,49,0.234375000000,2.296875000000,0.540377062238,0.539401210366,0.000975851872
5,50,0.234375000000,2.343750000000,0.593333607219,0.592262122543,0.001071484676
5,51,0.234375000000,2.390625000000,0.633446271424,0.632302348357,0.001143923067
5,52,0.234375000000,2.437500000000,0.659846736808,0.658655137837,0.001191598972
5,53,0.234375000000,2.484375000000,0.671963513026,0.670750032675,0.001213480351
5,54,0.234375000000,2.531250000000,0.669534308464,0.668325214924,0.001209093540
5,55,0.234375000000,2.578125000000,0.652611708065,0.651433174564,0.001178533501
5,56,0.234375000000,2.625000000000,0.621562035023,0.620439573258,0.001122461766
5,57,0.234375000000,2.671875000000,0.577057420993,0.576015328874,0.001042092119
5,58,0.234375000000,2.718750000000,0.520061256468,0.519122092146,0.000939164322
5,59,0.234375000000,2.765625000000,0.451807336285,0.450991429835,0.000815906450
5,60,0.234375000000,2.812500000000,0.373773151696,0.373098165031,0.000674986665
5,61,0.234375000000,2.859375000000,0.287647907138,0.287128451684,0.000519455455
5,62,0.234375000000,2.906250000000,0.195295954066,0.194943274465,0.000352679601
5,63,0.234375000000,2.953125000000,0.098716433366,0.098538164069,0.000178269297
5,64,0.234375000000,3.000000000000,0.000000000000,0.000000000000,-0.000000000000
6,0,0.281250000000,0.000000000000,0.000000000000,0.000000000000,0.000000000000
6,1,0.281250000000,0.046875000000,0.113629390663,0.113424190581,0.000205200083
6,2,0.281250000000,0.093750000000,0.224799048178,0.224393089969,0.000405958209
6,3,0.281250000000,0.140625000000,0.331102485180,0.330504556610,0.000597928570
6,4,0.281250000000,0.187500000000,0.430238553286,0.429461597701,0.000776955585
6,5,0.281250000000,0.234375000000,0.520061256001,0.519122092146,0.000939163855
6,6,0.281250000000,0.281250000000,0.598626203069,0.597545161008,0.001081042061
6,7,0.281250000000,0.328125000000,0.664232700643,0.663033181679,0.001199518965
6,8,0.281250000000,0.375000000000,0.715460566176,0.714168536279,0.001292029897
6,9,0.281250000000,0.421875000000,0.751200871081,0.749844298808,0.001356572273
6,10,0.281250000000,0.468750000000,0.770679945689,0.769288196745,0.001391748945
6,11,0.281250000000,0.515625000000,0.773476126859,0.772079328418,0.001396798441
6,12,0.281250000000,0.562500000000,0.759528885712,0.758157274256,0.001371611456
6,13,0.281250000000,0.609375000000,0.729140137896,0.727823404688,0.001316733208
6,14,0.281250000000,0.656250000000,0.682967708031,0.681734356384,0.001233351647
6,15,0.281250000000,0.703125000000,0.622011089784,0.620887818054,0.001123271730
6,16,0.281250000000,0.750000000000,0.547589809854,0.546600933501,0.000988876353
6,17,0.281250000000,0.796875000000,0.461314864204,0.460481789434,0.000833074770
6,18,0.281250000000,0.843750000000,0.365053844862,0.364394605248,0.000659239615
6,19,0.281250000000,0.890625000000,0.260890512196,0.260419378304,0.000471133892
6,20,0.281250000000,0.937500000000,0.151079687790,0.150806858268,0.000272829522
6,21,0.281250000000,0.984375000000,0.037998444373,0.037929825177,0.000068619196
6,22,0.281250000000,1.031250000000,-0.075905350633,-0.075768274083,-0.000137076550
6,23,0.281250000000,1.078125000000,-0.188166024048,-0.187826219025,-0.000339805023
6,24,0.281250000000,1.125000000000,-0.296353471313,-0.295818293547,-0.000535177766
6,25,0.281250000000,1.171875000000,-0.398125760911,-0.397406795364,-0.000718965547
6,26,0.281250000000,1.218750000000,-0.491279830119,-0.490392640202,-0.000887189917
6,27,0.281250000000,1.265625000000,-0.573799174656,-0.572762965330,-0.001036209326
6,28,0.281250000000,1.312500000000,-0.643897499917,-0.642734701963,-0.001162797953
6,29,0.281250000000,1.359375000000,-0.700057388849,-0.698793173312,-0.001264215537
6,30,0.281250000000,1.406250000000,-0.741063149458,-0.739724882765,-0.001338266692
6,31,0.281250000000,1.453125000000,-0.766027130859,-0.764643782424,-0.001383348436
6,32,0.281250000000,1.500000000000,-0.774408938245,-0.773010453363,-0.001398484882
6,33,0.281250000000,1.546875000000,-0.766027130797,-0.764643782424,-0.001383348373
6,34,0.281250000000,1.593750000000,-0.741063149334,-0.739724882765,-0.001338266568
6,35,0.281250000000,1.640625000000,-0.700057388664,-0.698793173312,-0.001264215351
6,36,0.281250000000,1.687500000000,-0.643897499671,-0.642734701963,-0.001162797707
6,37,0.281250000000,1.734375000000,-0.573799174352,-0.572762965330,-0.001036209021
6,38,0.281250000000,1.781250000000,-0.491279829757,-0.490392640202,-0.000887189556
6,39,0.281250000000,1.828125000000,-0.398125760495,-0.397406795364,-0.000718965131
6,40,0.281250000000,1.875000000000,-0.296353470844,-0.295818293547,-0.000535177297
6,41,0.281250000000,1.921875000000,-0.188166023530,-0.187826219025,-0.000339804505
6,42,0.281250000000,1.968750000000,-0.075905350069,-0.075768274083,-0.000137075986
6,43,0.281250000000,2.015625000000,0.037998444979,0.037929825177,0.000068619801
6,44,0.281250000000,2.062500000000,0.151079688433,0.150806858268,0.000272830165
6,45,0.281250000000,2.109375000000,0.260890512871,0.260419378304,0.000471134567
6,46,0.281250000000,2.156250000000,0.365053845566,0.364394605248,0.000659240319
6,47,0.281250000000,2.203125000000,0.461314864931,0.460481789434,0.000833075497
6,48,0.281250000000,2.250000000000,0.547589810599,0.546600933501,0.000988877098
6,49,0.281250000000,2.296875000000,0.622011090541,0.620887818054,0.001123272486
6,50,0.281250000000,2.343750000000,0.682967708793,0.681734356384,0.001233352409
6,51,0.281250000000,2.390625000000,0.729140138657,0.727823404688,0.001316733969
6,52,0.281250000000,2.437500000000,0.759528886464,0.758157274256,0.001371612208
6,53,0.281250000000,2.484375000000,0.773476127595,0.772079328418,0.001396799177
6,54,0.281250000000,2.531250000000,0.770679946402,0.769288196745,0.001391749657
6,55,0.281250000000,2.578125000000,0.751200871762,0.749844298808,0.001356572954
6,56,0.281250000000,2.625000000000,0.715460566817,0.714168536279,0.001292030538
6,57,0.281250000000,2.671875000000,0.664232701237,0.663033181679,0.001199519558
6,58,0.281250000000,2.718750000000,0.598626203607,0.597545161008,0.001081042599
6,59,0.281250000000,2.765625000000,0.520061256474,0.519122092146,0.000939164328
6,60,0.281250000000,2.812500000000,0.430238553684,0.429461597701,0.000776955983
6,61,0.281250000000,2.859375000000,0.331102485494,0.330504556610,0.000597928884
6,62,0.281250000000,2.906250000000,0.224799048397,0.224393089969,0.000405958429
6,63,0.281250000000,2.953125000000,0.113629390778,0.113424190581,0.000205200197
6,64,0.281250000000,3.000000000000,0.000000000000,0.000000000000,-0.000000000000
7,0,0.328125000000,0.000000000000,0.000000000000,0.000000000000,0.000000000000
7,1,0.328125000000,0.046875000000,0.126082614904,0.125854925899,0.000227689004
7,2,0.328125000000,0.093750000000,0.249435921962,0.248985472726,0.000450449236
7,3,0.328125000000,0.140625000000,0.367389694593,0.366726235986,0.000663458607
7,4,0.328125000000,0.187500000000,0.477390589829,0.476528483725,0.000862106103
7,5,0.328125000000,0.234375000000,0.577057420478,0.576015328874,0.001042091604
7,6,0.328125000000,0.281250000000,0.664232700643,0.663033181679,0.001199518965
7,7,0.328125000000,0.328125000000,0.737029348768,0.735698368413,0.001330980355
7,8,0.328125000000,0.375000000000,0.793871537259,0.792437907229,0.001433630031
7,9,0.328125000000,0.421875000000,0.833528804393,0.832023558459,0.001505245934
7,10,0.328125000000,0.468750000000,0.855142690097,0.853598412302,0.001544277795
7,11,0.328125000000,0.515625000000,0.858245319016,0.856695438325,0.001549880691
7,12,0.328125000000,0.562500000000,0.842769528603,0.841247595269,0.001521933334
7,13,0.328125000000,0.609375000000,0.809050322983,0.807589282283,0.001461040700
7,14,0.328125000000,0.656250000000,0.757817621127,0.756449100199,0.001368520927
7,15,0.328125000000,0.703125000000,0.690180456309,0.688934079519,0.001246376790
7,16,0.328125000000,0.750000000000,0.607602968888,0.606505716549,0.001097252339
7,17,0.328125000000,0.796875000000,0.511872712087,0.510948336420,0.000924375666
7,18,0.328125000000,0.843750000000,0.405061956866,0.404330467836,0.000731489029
7,19,0.328125000000,0.890625000000,0.289482833515,0.288960065673,0.000522767841
7,20,0.328125000000,0.937500000000,0.167637281012,0.167334550727,0.000302730285
7,21,0.328125000000,0.984375000000,0.042162887605,0.042086748097,0.000076139509
7,22,0.328125000000,1.031250000000,-0.084224205013,-0.084072105531,-0.000152099482
7,23,0.328125000000,1.078125000000,-0.208788097969,-0.208411051966,-0.000377046003
7,24,0.328125000000,1.125000000000,-0.328832359152,-0.328238528513,-0.000593830640
7,25,0.328125000000,1.171875000000,-0.441758392835,-0.440960632174,-0.000797760661
7,26,0.328125000000,1.218750000000,-0.545121691416,-0.544137269819,-0.000984421597
7,27,0.328125000000,1.265625000000,-0.636684751631,-0.635534978829,-0.001149772802
7,28,0.328125000000,1.312500000000,-0.714465509740,-0.713175274818,-0.001290234922
7,29,0.328125000000,1.359375000000,-0.776780247222,-0.775377479846,-0.001402767376
7,30,0.328125000000,1.406250000000,-0.822280038195,-0.820795104021,-0.001484934175
7,31,0.328125000000,1.453125000000,-0.849979949592,-0.848444992937,-0.001534956655
7,32,0.328125000000,1.500000000000,-0.859280361982,-0.857728610000,-0.001551751982
7,33,0.328125000000,1.546875000000,-0.849979949523,-0.848444992937,-0.001534956586
7,34,0.328125000000,1.593750000000,-0.822280038056,-0.820795104021,-0.001484934035
7,35,0.328125000000,1.640625000000,-0.776780247014,-0.775377479846,-0.001402767168
7,36,0.328125000000,1.687500000000,-0.714465509464,-0.713175274818,-0.001290234647
7,37,0.328125000000,1.734375000000,-0.636684751289,-0.635534978829,-0.001149772461
7,38,0.328125000000,1.781250000000,-0.545121691011,-0.544137269819,-0.000984421191
7,39,0.328125000000,1.828125000000,-0.441758392368,-0.440960632174,-0.000797760194
7,40,0.328125000000,1.875000000000,-0.328832358626,-0.328238528513,-0.000593830114
7,41,0.328125000000,1.921875000000,-0.208788097387,-0.208411051966,-0.000377045421
7,42,0.328125000000,1.968750000000,-0.084224204381,-0.084072105531,-0.000152098850
7,43,0.328125000000,2.015625000000,0.042162888285,0.042086748097,0.000076140188
7,44,0.328125000000,2.062500000000,0.167637281734,0.167334550727,0.000302731007
7,45,0.328125000000,2.109375000000,0.289482834274,0.288960065673,0.000522768601
7,46,0.328125000000,2.156250000000,0.405061957657,0.404330467836,0.000731489820
7,47,0.328125000000,2.203125000000,0.511872712904,0.510948336420,0.000924376483
7,48,0.328125000000,2.250000000000,0.607602969725,0.606505716549,0.001097253176
7,49,0.328125000000,2.296875000000,0.690180457159,0.688934079519,0.001246377641
7,50,0.328125000000,2.343750000000,0.757817621983,0.756449100199,0.001368521784
7,51,0.328125000000,2.390625000000,0.809050323837,0.807589282283,0.001461041554
7,52,0.328125000000,2.437500000000,0.842769529448,0.841247595269,0.001521934179
7,53,0.328125000000,2.484375000000,0.858245319843,0.856695438325,0.001549881517
7,54,0.328125000000,2.531250000000,0.855142690897,0.853598412302,0.001544278595
7,55,0.328125000000,2.578125000000,0.833528805157,0.832023558459,0.001505246698
7,56,0.328125000000,2.625000000000,0.793871537978,0.792437907229,0.001433630750
7,57,0.328125000000,2.671875000000,0.737029349434,0.735698368413,0.001330981021
7,58,0.328125000000,2.718750000000,0.664232701246,0.663033181679,0.001199519567
7,59,0.328125000000,2.765625000000,0.577057421008,0.576015328874,0.001042092134
7,60,0.328125000000,2.812500000000,0.477390590275,0.476528483725,0.000862106549
7,61,0.328125000000,2.859375000000,0.367389694945,0.366726235986,0.000663458958
7,62,0.328125000000,2.906250000000,0.249435922208,0.248985472726,0.000450449482
7,63,0.328125000000,2.953125000000,0.126082615032,0.125854925899,0.000227689133
7,64,0.328125000000,3.000000000000,0.000000000000,0.000000000000,-0.000000000000
8,0,0.375000000000,0.000000000000,0.000000000000,0.000000000000,0.000000000000
8,1,0.375000000000,0.046875000000,0.135806531290,0.135561282145,0.000245249145
8,2,0.375000000000,0.093750000000,0.268673261312,0.268188071917,0.000485189395
8,3,0.375000000000,0.140625000000,0.395724026605,0.395009399841,0.000714626763
8,4,0.375000000000,0.187500000000,0.514208561782,0.513279967159,0.000928594622
8,5,0.375000000000,0.234375000000,0.621562034468,0.620439573258,0.001122461210
8,6,0.375000000000,0.281250000000,0.715460566176,0.714168536279,0.001292029897
8,7,0.375000000000,0.328125000000,0.793871537259,0.792437907229,0.001433630031
8,8,0.375000000000,0.375000000000,0.855097586986,0.853553390593,0.001544196393
8,9,0.375000000000,0.421875000000,0.897813356277,0.896192020723,0.001621335554
8,10,0.375000000000,0.468750000000,0.921094177723,0.919430800040,0.001663377683
8,11,0.375000000000,0.515625000000,0.924436091845,0.922766679153,0.001669412691
8,12,0.375000000000,0.562500000000,0.907766756292,0.906127446353,0.001639309939
8,13,0.375000000000,0.609375000000,0.871447011839,0.869873290780,0.001573721059
8,14,0.375000000000,0.656250000000,0.816263071267,0.814789005418,0.001474065849
8,15,0.375000000000,0.703125000000,0.743409500238,0.742066998694,0.001342501544
8,16,0.375000000000,0.750000000000,0.654463358550,0.653281482438,0.001181876111
8,17,0.375000000000,0.796875000000,0.551350061558,0.550354394952,0.000995666606
8,18,0.375000000000,0.843750000000,0.436301700748,0.435513796846,0.000787903902
8,19,0.375000000000,0.890625000000,0.311808725692,0.311245640260,0.000563085432
8,20,0.375000000000,0.937500000000,0.180566033339,0.180239955502,0.000326077837
8,21,0.375000000000,0.984375000000,0.045414631636,0.045332620019,0.000082011617
8,22,0.375000000000,1.031250000000,-0.090719859720,-0.090556029786,-0.000163829934
8,23,0.375000000000,1.078125000000,-0.224890540107,-0.224484415019,-0.000406125089
8,24,0.375000000000,1.125000000000,-0.354193019481,-0.353553390593,-0.000639628888
8,25,0.375000000000,1.171875000000,-0.475828289647,-0.474969002968,-0.000859286679
8,26,0.375000000000,1.218750000000,-0.587163314337,-0.586102970801,-0.001060343536
8,27,0.375000000000,1.265625000000,-0.685788026490,-0.684549579307,-0.001238447183
8,28,0.375000000000,1.312500000000,-0.769567498926,-0.768177756711,-0.001389742215
8,29,0.375000000000,1.359375000000,-0.836688159076,-0.835177205526,-0.001510953550
8,30,0.375000000000,1.406250000000,-0.885697047346,-0.884097590017,-0.001599457329
8,31,0.375000000000,1.453125000000,-0.915533269309,-0.913879931597,-0.001653337711
8,32,0.375000000000,1.500000000000,-0.925550960861,-0.923879532511,-0.001671428349
8,33,0.375000000000,1.546875000000,-0.915533269232,-0.913879931597,-0.001653337635
8,34,0.375000000000,1.593750000000,-0.885697047193,-0.884097590017,-0.001599457176
8,35,0.375000000000,1.640625000000,-0.836688158848,-0.835177205526,-0.001510953321
8,36,0.375000000000,1.687500000000,-0.769567498623,-0.768177756711,-0.001389741912
8,37,0.375000000000,1.734375000000,-0.685788026115,-0.684549579307,-0.001238446808
8,38,0.375000000000,1.781250000000,-0.587163313892,-0.586102970801,-0.001060343090
8,39,0.375000000000,1.828125000000,-0.475828289134,-0.474969002968,-0.000859286166
8,40,0.375000000000,1.875000000000,-0.354193018903,-0.353553390593,-0.000639628310
8,41,0.375000000000,1.921875000000,-0.224890539469,-0.224484415019,-0.000406124451
8,42,0.375000000000,1.968750000000,-0.090719859026,-0.090556029786,-0.000163829240
8,43,0.375000000000,2.015625000000,0.045414632382,0.045332620019,0.000082012363
8,44,0.375000000000,2.062500000000,0.180566034132,0.180239955502,0.000326078631
8,45,0.375000000000,2.109375000000,0.311808726526,0.311245640260,0.000563086266
8,46,0.375000000000,2.156250000000,0.436301701617,0.435513796846,0.000787904771
8,47,0.375000000000,2.203125000000,0.551350062456,0.550354394952,0.000995667504
8,48,0.375000000000,2.250000000000,0.654463359470,0.653281482438,0.001181877031
8,49,0.375000000000,2.296875000000,0.743409501172,0.742066998694,0.001342502478
8,50,0.375000000000,2.343750000000,0.816263072208,0.814789005418,0.001474066790
8,51,0.375000000000,2.390625000000,0.871447012778,0.869873290780,0.001573721998
8,52,0.375000000000,2.437500000000,0.907766757221,0.906127446353,0.001639310868
8,53,0.375000000000,2.484375000000,0.924436092754,0.922766679153,0.001669413600
8,54,0.375000000000,2.531250000000,0.921094178602,0.919430800040,0.001663378562
8,55,0.375000000000,2.578125000000,0.897813357117,0.896192020723,0.001621336394
8,56,0.375000000000,2.625000000000,0.855097587777,0.853553390593,0.001544197183
8,57,0.375000000000,2.671875000000,0.793871537990,0.792437907229,0.001433630762
8,58,0.375000000000,2.718750000000,0.715460566837,0.714168536279,0.001292030558
8,59,0.375000000000,2.765625000000,0.621562035049,0.620439573258,0.001122461791
8,60,0.375000000000,2.812500000000,0.514208562271,0.513279967159,0.000928595111
8,61,0.375000000000,2.859375000000,0.395724026990,0.395009399841,0.000714627149
8,62,0.375000000000,2.906250000000,0.268673261581,0.268188071917,0.000485189664
8,63,0.375000000000,2.953125000000,0.135806531431,0.135561282145,0.000245249286
8,64,0.375000000000,3.000000000000,0.000000000000,0.000000000000,-0.000000000000
9,0,0.421875000000,0.000000000000,0.000000000000,0.000000000000,0.000000000000
9,1,0.421875000000,0.046875000000,0.142590646398,0.142333146018,0.000257500381
9,2,0.421875000000,0.093750000000,0.282094635924,0.281585209260,0.000509426664
9,3,0.421875000000,0.140625000000,0.415492128493,0.414741803090,0.000750325403
9,4,0.421875000000,0.187500000000,0.539895471238,0.538920489374,0.000974981865
9,5,0.421875000000,0.234375000000,0.652611707475,0.651433174564,0.001178532911
9,6,0.421875000000,0.281250000000,0.751200871081,0.749844298808,0.001356572273
9,7,0.421875000000,0.328125000000,0.833528804393,0.832023558459,0.001505245934
9,8,0.421875000000,0.375000000000,0.897813356277,0.896192020723,0.001621335554
9,9,0.421875000000,0.421875000000,0.942662960317,0.940960632174,0.001702328143
9,10,0.421875000000,0.468750000000,0.967106758026,0.965360287574,0.001746470453
9,11,0.421875000000,0.515625000000,0.970615615001,0.968862808068,0.001752806934
9,12,0.421875000000,0.562500000000,0.953113575083,0.951392374664,0.001721200419
9,13,0.421875000000,0.609375000000,0.914979504580,0.913327169487,0.001652335093
9,14,0.421875000000,0.656250000000,0.857038890955,0.855491189275,0.001547701680
9,15,0.421875000000,0.703125000000,0.780545973514,0.779136408337,0.001409565176
9,16,0.421875000000,0.750000000000,0.687156592915,0.685915677097,0.001240915818
9,17,0.421875000000,0.796875000000,0.578892347218,0.577846942864,0.001045404354
9,18,0.421875000000,0.843750000000,0.458096830392,0.457269567375,0.000827263017
9,19,0.421875000000,0.890625000000,0.327384900581,0.326793686675,0.000591213906
9,20,0.421875000000,0.937500000000,0.189586076324,0.189243709551,0.000342366772
9,21,0.421875000000,0.984375000000,0.047683286023,0.047597177619,0.000086108404
9,22,0.421875000000,1.031250000000,-0.095251703449,-0.095079689468,-0.000172013981
9,23,0.421875000000,1.078125000000,-0.236124781223,-0.235698368413,-0.000426412810
9,24,0.421875000000,1.125000000000,-0.371886470593,-0.371214889474,-0.000671581119
9,25,0.421875000000,1.171875000000,-0.499597940973,-0.498695729221,-0.000902211753
9,26,0.421875000000,1.218750000000,-0.616494624711,-0.615381312455,-0.001113312256
9,27,0.421875000000,1.265625000000,-0.720046061623,-0.718745748684,-0.001300312939
9,28,0.421875000000,1.312500000000,-0.808010675816,-0.806551510015,-0.001459165801
9,29,0.421875000000,1.359375000000,-0.878484299041,-0.876897866883,-0.001586432158
9,30,0.421875000000,1.406250000000,-0.929941390180,-0.928262033103,-0.001679357077
9,31,0.421875000000,1.453125000000,-0.961268058605,-0.959532129592,-0.001735929013
9,32,0.421875000000,1.500000000000,-0.971786176549,-0.970031253195,-0.001754923355
9,33,0.421875000000,1.546875000000,-0.961268058522,-0.959532129592,-0.001735928931
9,34,0.421875000000,1.593750000000,-0.929941390015,-0.928262033103,-0.001679356912
9,35,0.421875000000,1.640625000000,-0.878484298795,-0.876897866883,-0.001586431912
9,36,0.421875000000,1.687500000000,-0.808010675489,-0.806551510015,-0.001459165474
9,37,0.421875000000,1.734375000000,-0.720046061218,-0.718745748684,-0.001300312534
9,38,0.421875000000,1.781250000000,-0.616494624230,-0.615381312455,-0.001113311775
9,39,0.421875000000,1.828125000000,-0.499597940420,-0.498695729221,-0.000902211199
9,40,0.421875000000,1.875000000000,-0.371886469969,-0.371214889474,-0.000671580496
9,41,0.421875000000,1.921875000000,-0.236124780535,-0.235698368413,-0.000426412122
9,42,0.421875000000,1.968750000000,-0.095251702700,-0.095079689468,-0.000172013231
9,43,0.421875000000,2.015625000000,0.047683286828,0.047597177619,0.000086109209
9,44,0.421875000000,2.062500000000,0.189586077180,0.189243709551,0.000342367629
9,45,0.421875000000,2.109375000000,0.327384901482,0.326793686675,0.000591214807
9,46,0.421875000000,2.156250000000,0.458096831331,0.457269567375,0.000827263956
9,47,0.421875000000,2.203125000000,0.578892348189,0.577846942864,0.001045405325
9,48,0.421875000000,2.250000000000,0.687156593909,0.685915677097,0.001240916813
9,49,0.421875000000,2.296875000000,0.780545974524,0.779136408337,0.001409566186
9,50,0.421875000000,2.343750000000,0.857038891972,0.855491189275,0.001547702697
9,51,0.421875000000,2.390625000000,0.914979505596,0.913327169487,0.001652336109
9,52,0.421875000000,2.437500000000,0.953113576088,0.951392374664,0.001721201424
9,53,0.421875000000,2.484375000000,0.970615615984,0.968862808068,0.001752807917
9,54,0.421875000000,2.531250000000,0.967106758977,0.965360287574,0.001746471403
9,55,0.421875000000,2.578125000000,0.942662961225,0.940960632174,0.001702329051
9,56,0.421875000000,2.625000000000,0.897813357132,0.896192020723,0.001621336409
9,57,0.421875000000,2.671875000000,0.833528805183,0.832023558459,0.001505246724
9,58,0.421875000000,2.718750000000,0.751200871796,0.749844298808,0.001356572988
9,59,0.421875000000,2.765625000000,0.652611708103,0.651433174564,0.001178533538
9,60,0.421875000000,2.812500000000,0.539895471766,0.538920489374,0.000974982393
9,61,0.421875000000,2.859375000000,0.415492128909,0.414741803090,0.000750325819
9,62,0.421875000000,2.906250000000,0.282094636215,0.281585209260,0.000509426955
9,63,0.421875000000,2.953125000000,0.142590646551,0.142333146018,0.000257500533
9,64,0.421875000000,3.000000000000,0.000000000000,0.000000000000,-0.000000000000
10,0,0.468750000000,0.000000000000,0.000000000000,0.000000000000,0.000000000000
10,1,0.468750000000,0.046875000000,0.146288104623,0.146023927115,0.000264177508
10,2,0.468750000000,0.093750000000,0.289409513571,0.288886877191,0.000522636380
10,3,0.468750000000,0.140625000000,0.426266080550,0.425496298793,0.000769781758
10,4,0.468750000000,0.187500000000,0.553895274181,0.552895010495,0.001000263686
10,5,0.468750000000,0.234375000000,0.669534307847,0.668325214924,0.001209092924
10,6,0.468750000000,0.281250000000,0.770679945689,0.769288196745,0.001391748945
10,7,0.468750000000,0.328125000000,0.855142690097,0.853598412302,0.001544277795
10,8,0.468750000000,0.375000000000,0.921094177723,0.919430800040,0.001663377683
10,9,0.468750000000,0.421875000000,0.967106758026,0.965360287574,0.001746470453
10,10,0.468750000000,0.468750000000,0.992184397596,0.990392640202,0.001791757395
10,11,0.468750000000,0.515625000000,0.995784241267,0.993985983085,0.001798258182
10,12,0.468750000000,0.562500000000,0.977828363292,0.976062531202,0.001765832090
10,13,0.468750000000,0.609375000000,0.938705454203,0.937010273159,0.001695181044
10,14,0.468750000000,0.656250000000,0.879262406832,0.877674572407,0.001587834425
10,15,0.468750000000,0.703125000000,0.800785983638,0.799339867678,0.001446115960
10,16,0.468750000000,0.750000000000,0.704974962188,0.703701868763,0.001273093425
10,17,0.468750000000,0.796875000000,0.593903361755,0.592830849520,0.001072512235
10,18,0.468750000000,0.843750000000,0.469975547058,0.469126832692,0.000848714366
10,19,0.468750000000,0.890625000000,0.335874181031,0.335267636667,0.000606544364
10,20,0.468750000000,0.937500000000,0.194502153272,0.194150908792,0.000351244480
10,21,0.468750000000,0.984375000000,0.048919741247,0.048831400064,0.000088341183
10,22,0.468750000000,1.031250000000,-0.097721635472,-0.097545161008,-0.000176474464
10,23,0.468750000000,1.078125000000,-0.242247633926,-0.241810163924,-0.000437470002
10,24,0.468750000000,1.125000000000,-0.381529702707,-0.380840707040,-0.000688995667
10,25,0.468750000000,1.171875000000,-0.512552805648,-0.511627198961,-0.000925606686
10,26,0.468750000000,1.218750000000,-0.632480688250,-0.631338507103,-0.001142181147
10,27,0.468750000000,1.265625000000,-0.738717274029,-0.737383243164,-0.001334030865
10,28,0.468750000000,1.312500000000,-0.828962861729,-0.827465858856,-0.001497002873
10,29,0.468750000000,1.359375000000,-0.901263906911,-0.899636337592,-0.001627569320
10,30,0.468750000000,1.406250000000,-0.954055310291,-0.952332406457,-0.001722903834
10,31,0.468750000000,1.453125000000,-0.986194297412,-0.984413354700,-0.001780942712
10,32,0.468750000000,1.500000000000,-0.996985156258,-0.995184726672,-0.001800429586
10,33,0.468750000000,1.546875000000,-0.986194297324,-0.984413354700,-0.001780942624
10,34,0.468750000000,1.593750000000,-0.954055310115,-0.952332406457,-0.001722903658
10,35,0.468750000000,1.640625000000,-0.901263906648,-0.899636337592,-0.001627569057
10,36,0.468750000000,1.687500000000,-0.828962861381,-0.827465858856,-0.001497002525
10,37,0.468750000000,1.734375000000,-0.738717273597,-0.737383243164,-0.001334030433
10,38,0.468750000000,1.781250000000,-0.632480687738,-0.631338507103,-0.001142180635
10,39,0.468750000000,1.828125000000,-0.512552805058,-0.511627198961,-0.000925606097
10,40,0.468750000000,1.875000000000,-0.381529702044,-0.380840707040,-0.000688995003
10,41,0.468750000000,1.921875000000,-0.242247633193,-0.241810163924,-0.000437469269
10,42,0.468750000000,1.968750000000,-0.097721634674,-0.097545161008,-0.000176473666
10,43,0.468750000000,2.015625000000,0.048919742105,0.048831400064,0.000088342041
10,44,0.468750000000,2.062500000000,0.194502154184,0.194150908792,0.000351245392
10,45,0.468750000000,2.109375000000,0.335874181991,0.335267636667,0.000606545325
10,46,0.468750000000,2.156250000000,0.469975548059,0.469126832692,0.000848715367
10,47,0.468750000000,2.203125000000,0.593903362790,0.592830849520,0.001072513270
10,48,0.468750000000,2.250000000000,0.704974963248,0.703701868763,0.001273094485
10,49,0.468750000000,2.296875000000,0.800785984714,0.799339867678,0.001446117037
10,50,0.468750000000,2.343750000000,0.879262407916,0.877674572407,0.001587835509
10,51,0.468750000000,2.390625000000,0.938705455287,0.937010273159,0.001695182128
10,52,0.468750000000,2.437500000000,0.977828364364,0.976062531202,0.001765833162
10,53,0.468750000000,2.484375000000,0.995784242316,0.993985983085,0.001798259231
10,54,0.468750000000,2.531250000000,0.992184398611,0.990392640202,0.001791758409
10,55,0.468750000000,2.578125000000,0.967106758996,0.965360287574,0.001746471422
10,56,0.468750000000,2.625000000000,0.921094178635,0.919430800040,0.001663378595
10,57,0.468750000000,2.671875000000,0.855142690940,0.853598412302,0.001544278638
10,58,0.468750000000,2.718750000000,0.770679946451,0.769288196745,0.001391749707
10,59,0.468750000000,2.765625000000,0.669534308516,0.668325214924,0.001209093592
10,60,0.468750000000,2.812500000000,0.553895274743,0.552895010495,0.001000264248
10,61,0.468750000000,2.859375000000,0.426266080993,0.425496298793,0.000769782200
10,62,0.468750000000,2.906250000000,0.289409513880,0.288886877191,0.000522636690
10,63,0.468750000000,2.953125000000,0.146288104786,0.146023927115,0.000264177670
10,64,0.468750000000,3.000000000000,0.000000000000,0.000000000000,-0.000000000000
11,0,0.515625000000,0.000000000000,0.000000000000,0.000000000000,0.000000000000
11,1,0.515625000000,0.046875000000,0.146818867161,0.146553731173,0.000265135988
11,2,0.515625000000,0.093750000000,0.290459549239,0.289935016648,0.000524532592
11,3,0.515625000000,0.140625000000,0.427812659249,0.427040084596,0.000772574654
11,4,0.515625000000,0.187500000000,0.555904917152,0.554901024343,0.001003892809
11,5,0.515625000000,0.234375000000,0.671963512389,0.670750032675,0.001213479714
11,6,0.515625000000,0.281250000000,0.773476126859,0.772079328418,0.001396798441
11,7,0.515625000000,0.328125000000,0.858245319016,0.856695438325,0.001549880691
11,8,0.515625000000,0.375000000000,0.924436091845,0.922766679153,0.001669412691
11,9,0.515625000000,0.421875000000,0.970615615001,0.968862808068,0.001752806934
11,10,0.515625000000,0.468750000000,0.995784241267,0.993985983085,0.001798258182
11,11,0.515625000000,0.515625000000,0.999397145888,0.997592363336,0.001804782552
11,12,0.515625000000,0.562500000000,0.981376120389,0.979603881580,0.001772238809
11,13,0.515625000000,0.609375000000,0.942111265546,0.940409934122,0.001701331425
11,14,0.515625000000,0.656250000000,0.882452546890,0.880858951562,0.001593595328
11,15,0.515625000000,0.703125000000,0.803691395511,0.802240032833,0.001451362678
11,16,0.515625000000,0.750000000000,0.707532752483,0.706255040101,0.001277712382
11,17,0.515625000000,0.796875000000,0.596058162034,0.594981758592,0.001076403442
11,18,0.515625000000,0.843750000000,0.471680712400,0.470828918812,0.000851793589
11,19,0.515625000000,0.890625000000,0.337092799756,0.336484054810,0.000608744946
11,20,0.515625000000,0.937500000000,0.195207845961,0.194855327179,0.000352518782
11,21,0.515625000000,0.984375000000,0.049097231784,0.049008570165,0.000088661620
11,22,0.515625000000,1.031250000000,-0.098076189223,-0.097899074391,-0.000177114831
11,23,0.515625000000,1.078125000000,-0.243126556948,-0.242687499635,-0.000439057313
11,24,0.515625000000,1.125000000000,-0.382913968973,-0.382222473411,-0.000691495562
11,25,0.515625000000,1.171875000000,-0.514412449976,-0.513483484923,-0.000928965053
11,26,0.515625000000,1.218750000000,-0.634775454957,-0.633629129670,-0.001146325288
11,27,0.515625000000,1.265625000000,-0.741397488348,-0.740058617275,-0.001338871073
11,28,0.515625000000,1.312500000000,-0.831970505116,-0.830468070740,-0.001502434375
11,29,0.515625000000,1.359375000000,-0.904533872971,-0.902900398430,-0.001633474541
11,30,0.515625000000,1.406250000000,-0.957516814135,-0.955787659189,-0.001729154946
11,31,0.515625000000,1.453125000000,-0.989772407937,-0.987985003538,-0.001787404399
11,32,0.515625000000,1.500000000000,-1.000602418178,-0.998795456205,-0.001806961973
11,33,0.515625000000,1.546875000000,-0.989772407844,-0.987985003538,-0.001787404306
11,34,0.515625000000,1.593750000000,-0.957516813950,-0.955787659189,-0.001729154761
11,35,0.515625000000,1.640625000000,-0.904533872694,-0.902900398430,-0.001633474264
11,36,0.515625000000,1.687500000000,-0.831970504749,-0.830468070740,-0.001502434008
11,37,0.515625000000,1.734375000000,-0.741397487893,-0.740058617275,-0.001338870619
11,38,0.515625000000,1.781250000000,-0.634775454417,-0.633629129670,-0.001146324748
11,39,0.515625000000,1.828125000000,-0.514412449354,-0.513483484923,-0.000928964431
11,40,0.515625000000,1.875000000000,-0.382913968274,-0.382222473411,-0.000691494863
11,41,0.515625000000,1.921875000000,-0.243126556176,-0.242687499635,-0.000439056540
11,42,0.515625000000,1.968750000000,-0.098076188381,-0.097899074391,-0.000177113990
11,43,0.515625000000,2.015625000000,0.049097232689,0.049008570165,0.000088662524
11,44,0.515625000000,2.062500000000,0.195207846923,0.194855327179,0.000352519744
11,45,0.515625000000,2.109375000000,0.337092800767,0.336484054810,0.000608745958
11,46,0.515625000000,2.156250000000,0.471680713455,0.470828918812,0.000851794644
11,47,0.515625000000,2.203125000000,0.596058163124,0.594981758592,0.001076404532
11,48,0.515625000000,2.250000000000,0.707532753600,0.706255040101,0.001277713499
11,49,0.515625000000,2.296875000000,0.803691396646,0.802240032833,0.001451363813
11,50,0.515625000000,2.343750000000,0.882452548033,0.880858951562,0.001593596471
11,51,0.515625000000,2.390625000000,0.942111266688,0.940409934122,0.001701332567
11,52,0.515625000000,2.437500000000,0.981376121518,0.979603881580,0.001772239939
11,53,0.515625000000,2.484375000000,0.999397146994,0.997592363336,0.001804783658
11,54,0.515625000000,2.531250000000,0.995784242338,0.993985983085,0.001798259253
11,55,0.515625000000,2.578125000000,0.970615616024,0.968862808068,0.001752807957
11,56,0.515625000000,2.625000000000,0.924436092807,0.922766679153,0.001669413654
11,57,0.515625000000,2.671875000000,0.858245319906,0.856695438325,0.001549881580
11,58,0.515625000000,2.718750000000,0.773476127663,0.772079328418,0.001396799245
11,59,0.515625000000,2.765625000000,0.671963513094,0.670750032675,0.001213480419
11,60,0.515625000000,2.812500000000,0.555904917745,0.554901024343,0.001003893402
11,61,0.515625000000,2.859375000000,0.427812659716,0.427040084596,0.000772575121
11,62,0.515625000000,2.906250000000,0.290459549566,0.289935016648,0.000524532918
11,63,0.515625000000,2.953125000000,0.146818867331,0.146553731173,0.000265136159
11,64,0.515625000000,3.000000000000,0.000000000000,0.000000000000,-0.000000000000
12,0,0.562500000000,0.000000000000,0.000000000000,0.000000000000,0.000000000000
12,1,0.562500000000,0.046875000000,0.144171444603,0.143911089532,0.000260355071
12,2,0.562500000000,0.093750000000,0.285222012829,0.284706938578,0.000515074251
12,3,0.562500000000,0.140625000000,0.420098385832,0.419339742198,0.000758643634
12,4,0.562500000000,0.187500000000,0.545880897450,0.544895106776,0.000985790675
12,5,0.562500000000,0.234375000000,0.659846736158,0.658655137837,0.001191598321
12,6,0.562500000000,0.281250000000,0.759528885712,0.758157274256,0.001371611456
12,7,0.562500000000,0.328125000000,0.842769528603,0.841247595269,0.001521933334
12,8,0.562500000000,0.375000000000,0.907766756292,0.906127446353,0.001639309939
12,9,0.562500000000,0.421875000000,0.953113575083,0.951392374664,0.001721200419
12,10,0.562500000000,0.468750000000,0.977828363292,0.976062531202,0.001765832090
12,11,0.562500000000,0.515625000000,0.981376120389,0.979603881580,0.001772238809
12,12,0.562500000000,0.562500000000,0.963680048143,0.961939766256,0.001740281887
12,13,0.562500000000,0.609375000000,0.925123213077,0.923452559983,0.001670653094
12,14,0.562500000000,0.656250000000,0.866540254229,0.864975394547,0.001564859681
12,15,0.562500000000,0.703125000000,0.789199315739,0.787774123985,0.001425191754
12,16,0.562500000000,0.750000000000,0.694774595360,0.693519922661,0.001254672699
12,17,0.562500000000,0.796875000000,0.585310103133,0.584253109393,0.001056993740
12,18,0.562500000000,0.843750000000,0.463175414736,0.462338980709,0.000836434027
12,19,0.562500000000,0.890625000000,0.331014377336,0.330416609324,0.000597768012
12,20,0.562500000000,0.937500000000,0.191687878274,0.191341716183,0.000346162091
12,21,0.562500000000,0.984375000000,0.048211915498,0.048124852724,0.000087062774
12,22,0.562500000000,1.031250000000,-0.096307689685,-0.096133768462,-0.000173921223
12,23,0.562500000000,1.078125000000,-0.238742524263,-0.238311383879,-0.000431140384
12,24,0.562500000000,1.125000000000,-0.376009304210,-0.375330277518,-0.000679026692
12,25,0.562500000000,1.171875000000,-0.505136618276,-0.504224404120,-0.000912214156
12,26,0.562500000000,1.218750000000,-0.623329250066,-0.622203595094,-0.001125654972
12,27,0.562500000000,1.265625000000,-0.728028686037,-0.726713957246,-0.001314728790
12,28,0.562500000000,1.312500000000,-0.816968499583,-0.815493156849,-0.001475342734
12,29,0.562500000000,1.359375000000,-0.888223412332,-0.886619392338,-0.001604019994
12,30,0.562500000000,1.406250000000,-0.940250970608,-0.938552995510,-0.001697975098
12,31,0.562500000000,1.453125000000,-0.971924934894,-0.970169760694,-0.001755174200
12,32,0.562500000000,1.500000000000,-0.982559659514,-0.980785280403,-0.001774379111
12,33,0.562500000000,1.546875000000,-0.971924934797,-0.970169760694,-0.001755174102
12,34,0.562500000000,1.593750000000,-0.940250970414,-0.938552995510,-0.001697974904
12,35,0.562500000000,1.640625000000,-0.888223412042,-0.886619392338,-0.001604019705
12,36,0.562500000000,1.687500000000,-0.816968499199,-0.815493156849,-0.001475342350
12,37,0.562500000000,1.734375000000,-0.728028685561,-0.726713957246,-0.001314728315
12,38,0.562500000000,1.781250000000,-0.623329249503,-0.622203595094,-0.001125654408
12,39,0.562500000000,1.828125000000,-0.505136617627,-0.504224404120,-0.000912213507
12,40,0.562500000000,1.875000000000,-0.376009303480,-0.375330277518,-0.000679025962
12,41,0.562500000000,1.921875000000,-0.238742523456,-0.238311383879,-0.000431139577
12,42,0.562500000000,1.968750000000,-0.096307688807,-0.096133768462,-0.000173920344
12,43,0.562500000000,2.015625000000,0.048211916443,0.048124852724,0.000087063719
12,44,0.562500000000,2.062500000000,0.191687879278,0.191341716183,0.000346163095
12,45,0.562500000000,2.109375000000,0.331014378393,0.330416609324,0.000597769068
12,46,0.562500000000,2.156250000000,0.463175415838,0.462338980709,0.000836435129
12,47,0.562500000000,2.203125000000,0.585310104271,0.584253109393,0.001056994878
12,48,0.562500000000,2.250000000000,0.694774596527,0.693519922661,0.001254673866
12,49,0.562500000000,2.296875000000,0.789199316924,0.787774123985,0.001425192939
12,50,0.562500000000,2.343750000000,0.866540255423,0.864975394547,0.001564860875
12,51,0.562500000000,2.390625000000,0.925123214270,0.923452559983,0.001670654287
12,52,0.562500000000,2.437500000000,0.963680049323,0.961939766256,0.001740283068
12,53,0.562500000000,2.484375000000,0.981376121544,0.979603881580,0.001772239965
12,54,0.562500000000,2.531250000000,0.977828364411,0.976062531202,0.001765833209
12,55,0.562500000000,2.578125000000,0.953113576153,0.951392374664,0.001721201488
12,56,0.562500000000,2.625000000000,0.907766757298,0.906127446353,0.001639310945
12,57,0.562500000000,2.671875000000,0.842769529533,0.841247595269,0.001521934264
12,58,0.562500000000,2.718750000000,0.759528886552,0.758157274256,0.001371612296
12,59,0.562500000000,2.765625000000,0.659846736895,0.658655137837,0.001191599058
12,60,0.562500000000,2.812500000000,0.545880898070,0.544895106776,0.000985791294
12,61,0.562500000000,2.859375000000,0.420098386319,0.419339742198,0.000758644122
12,62,0.562500000000,2.906250000000,0.285222013169,0.284706938578,0.000515074592
12,63,0.562500000000,2.953125000000,0.144171444782,0.143911089532,0.000260355249
12,64,0.562500000000,3.000000000000,0.000000000000,0.000000000000,-0.000000000000
13,0,0.609375000000,0.000000000000,0.000000000000,0.000000000000,0.000000000000
13,1,0.609375000000,0.046875000000,0.138403145655,0.138153207405,0.000249938250
13,2,0.609375000000,0.093750000000,0.273810281185,0.273315815083,0.000494466102
13,3,0.609375000000,0.140625000000,0.403290251020,0.402561960758,0.000728290262
13,4,0.609375000000,0.187500000000,0.524040204829,0.523093855692,0.000946349137
13,5,0.609375000000,0.234375000000,0.633446270766,0.632302348357,0.001143922409
13,6,0.609375000000,0.281250000000,0.729140137896,0.727823404688,0.001316733208
13,7,0.609375000000,0.328125000000,0.809050322983,0.807589282283,0.001461040700
13,8,0.609375000000,0.375000000000,0.871447011839,0.869873290780,0.001573721059
13,9,0.609375000000,0.421875000000,0.914979504580,0.913327169487,0.001652335093
13,10,0.609375000000,0.468750000000,0.938705454203,0.937010273159,0.001695181044
13,11,0.609375000000,0.515625000000,0.942111265546,0.940409934122,0.001701331425
13,12,0.609375000000,0.562500000000,0.925123213077,0.923452559983,0.001670653094
13,13,0.609375000000,0.609375000000,0.888109036826,0.886505226681,0.001603810145
13,14,0.609375000000,0.656250000000,0.831869981928,0.830367732406,0.001502249522
13,15,0.609375000000,0.703125000000,0.757623454080,0.756255284376,0.001368169705
13,16,0.609375000000,0.750000000000,0.666976666391,0.665772193277,0.001204473115
13,17,0.609375000000,0.796875000000,0.561891848066,0.560877144779,0.001014703288
13,18,0.609375000000,0.843750000000,0.444643768072,0.443840799905,0.000802968167
13,19,0.609375000000,0.890625000000,0.317770493259,0.317196642082,0.000573851177
13,20,0.609375000000,0.937500000000,0.184018446878,0.183686134869,0.000332312009
13,21,0.609375000000,0.984375000000,0.046282956809,0.046199377555,0.000083579254
13,22,0.609375000000,1.031250000000,-0.092454419537,-0.092287456764,-0.000166962773
13,23,0.609375000000,1.078125000000,-0.229190436941,-0.228776546345,-0.000413890596
13,24,0.609375000000,1.125000000000,-0.360965173559,-0.360313314587,-0.000651858972
13,25,0.609375000000,1.171875000000,-0.484926104294,-0.484050387689,-0.000875716605
13,26,0.609375000000,1.218750000000,-0.598389849348,-0.597309231696,-0.001080617652
13,27,0.609375000000,1.265625000000,-0.698900261294,-0.697638134669,-0.001262126625
13,28,0.609375000000,1.312500000000,-0.784281593246,-0.782865278843,-0.001416314403
13,29,0.609375000000,1.359375000000,-0.852685597213,-0.851145753929,-0.001539843284
13,30,0.609375000000,1.406250000000,-0.902631533084,-0.901001493843,-0.001630039241
13,31,0.609375000000,1.453125000000,-0.933038222179,-0.931353272376,-0.001684949803
13,32,0.609375000000,1.500000000000,-0.943247451505,-0.941544065183,-0.001703386322
13,33,0.609375000000,1.546875000000,-0.933038222078,-0.931353272376,-0.001684949702
13,34,0.609375000000,1.593750000000,-0.902631532882,-0.901001493843,-0.001630039039
13,35,0.609375000000,1.640625000000,-0.852685596912,-0.851145753929,-0.001539842983
13,36,0.609375000000,1.687500000000,-0.784281592848,-0.782865278843,-0.001416314004
13,37,0.609375000000,1.734375000000,-0.698900260801,-0.697638134669,-0.001262126133
13,38,0.609375000000,1.781250000000,-0.598389848764,-0.597309231696,-0.001080617068
13,39,0.609375000000,1.828125000000,-0.484926103621,-0.484050387689,-0.000875715932
13,40,0.609375000000,1.875000000000,-0.360965172802,-0.360313314587,-0.000651858215
13,41,0.609375000000,1.921875000000,-0.229190436104,-0.228776546345,-0.000413889759
13,42,0.609375000000,1.968750000000,-0.092454418626,-0.092287456764,-0.000166961862
13,43,0.609375000000,2.015625000000,0.046282957788,0.046199377555,0.000083580233
13,44,0.609375000000,2.062500000000,0.184018447918,0.183686134869,0.000332313049
13,45,0.609375000000,2.109375000000,0.317770494354,0.317196642082,0.000573852272
13,46,0.609375000000,2.156250000000,0.444643769213,0.443840799905,0.000802969308
13,47,0.609375000000,2.203125000000,0.561891849246,0.560877144779,0.001014704467
13,48,0.609375000000,2.250000000000,0.666976667600,0.665772193277,0.001204474323
13,49,0.609375000000,2.296875000000,0.757623455308,0.756255284376,0.001368170932
13,50,0.609375000000,2.343750000000,0.831869983165,0.830367732406,0.001502250759
13,51,0.609375000000,2.390625000000,0.888109038062,0.886505226681,0.001603811380
13,52,0.609375000000,2.437500000000,0.925123214300,0.923452559983,0.001670654317
13,53,0.609375000000,2.484375000000,0.942111266744,0.940409934122,0.001701332622
13,54,0.609375000000,2.531250000000,0.938705455363,0.937010273159,0.001695182204
13,55,0.609375000000,2.578125000000,0.914979505689,0.913327169487,0.001652336201
13,56,0.609375000000,2.625000000000,0.871447012882,0.869873290780,0.001573722102
13,57,0.609375000000,2.671875000000,0.809050323947,0.807589282283,0.001461041664
13,58,0.609375000000,2.718750000000,0.729140138768,0.727823404688,0.001316734080
13,59,0.609375000000,2.765625000000,0.633446271530,0.632302348357,0.001143923173
13,60,0.609375000000,2.812500000000,0.524040205472,0.523093855692,0.000946349780
13,61,0.609375000000,2.859375000000,0.403290251525,0.402561960758,0.000728290767
13,62,0.609375000000,2.906250000000,0.273810281538,0.273315815083,0.000494466455
13,63,0.609375000000,2.953125000000,0.138403145840,0.138153207405,0.000249938435
13,64,0.609375000000,3.000000000000,0.000000000000,0.000000000000,-0.000000000000
14,0,0.656250000000,0.000000000000,0.000000000000,0.000000000000,0.000000000000
14,1,0.656250000000,0.046875000000,0.129638836568,0.129404725550,0.000234111018
14,2,0.656250000000,0.093750000000,0.256471383834,0.256008229585,0.000463154249
14,3,0.656250000000,0.140625000000,0.377752100172,0.377069928577,0.000682171595
14,4,0.656250000000,0.187500000000,0.490855624327,0.489969202339,0.000886421988
14,5,0.656250000000,0.234375000000,0.593333606561,0.592262122543,0.001071484018
14,6,0.656250000000,0.281250000000,0.682967708031,0.681734356384,0.001233351647
14,7,0.656250000000,0.328125000000,0.757817621127,0.756449100199,0.001368520927
14,8,0.656250000000,0.375000000000,0.816263071267,0.814789005418,0.001474065849
14,9,0.656250000000,0.421875000000,0.857038890955,0.855491189275,0.001547701680
14,10,0.656250000000,0.468750000000,0.879262406832,0.877674572407,0.001587834425
14,11,0.656250000000,0.515625000000,0.882452546890,0.880858951562,0.001593595328
14,12,0.656250000000,0.562500000000,0.866540254229,0.864975394547,0.001564859681
14,13,0.656250000000,0.609375000000,0.831869981928,0.830367732406,0.001502249522
14,14,0.656250000000,0.656250000000,0.779192236679,0.777785116510,0.001407120169
14,15,0.656250000000,0.703125000000,0.709647332582,0.708365801698,0.001281530884
14,16,0.656250000000,0.750000000000,0.624740706788,0.623612506493,0.001128200295
14,17,0.656250000000,0.796875000000,0.526310331334,0.525359883789,0.000950447544
14,18,0.656250000000,0.843750000000,0.416486926592,0.415734806151,0.000752120441
14,19,0.656250000000,0.890625000000,0.297647837618,0.297110325450,0.000537512168
14,20,0.656250000000,0.937500000000,0.172365571799,0.172054303455,0.000311268344
14,21,0.656250000000,0.984375000000,0.043352111847,0.043273825381,0.000078286466
14,22,0.656250000000,1.031250000000,-0.086599790441,-0.086443400327,-0.000156390114
14,23,0.656250000000,1.078125000000,-0.214677068828,-0.214289387472,-0.000387681356
14,24,0.656250000000,1.125000000000,-0.338107237019,-0.337496656517,-0.000610580503
14,25,0.656250000000,1.171875000000,-0.454218404626,-0.453398142164,-0.000820262462
14,26,0.656250000000,1.218750000000,-0.560497115516,-0.559484927264,-0.001012188252
14,27,0.656250000000,1.265625000000,-0.654642756551,-0.653460553293,-0.001182203258
14,28,0.656250000000,1.312500000000,-0.734617358918,-0.733290731749,-0.001326627169
14,29,0.656250000000,1.359375000000,-0.798689713991,-0.797247380349,-0.001442333642
14,30,0.656250000000,1.406250000000,-0.845472848777,-0.843946030795,-0.001526817982
14,31,0.656250000000,1.453125000000,-0.873954049688,-0.872375798332,-0.001578251356
14,32,0.656250000000,1.500000000000,-0.883516784736,-0.881921264348,-0.001595520387
14,33,0.656250000000,1.546875000000,-0.873954049584,-0.872375798332,-0.001578251252
14,34,0.656250000000,1.593750000000,-0.845472848569,-0.843946030795,-0.001526817774
14,35,0.656250000000,1.640625000000,-0.798689713681,-0.797247380349,-0.001442333332
14,36,0.656250000000,1.687500000000,-0.734617358508,-0.733290731749,-0.001326626759
14,37,0.656250000000,1.734375000000,-0.654642756044,-0.653460553293,-0.001182202750
14,38,0.656250000000,1.781250000000,-0.560497114913,-0.559484927264,-0.001012187650
14,39,0.656250000000,1.828125000000,-0.454218403933,-0.453398142164,-0.000820261769
14,40,0.656250000000,1.875000000000,-0.338107236239,-0.337496656517,-0.000610579723
14,41,0.656250000000,1.921875000000,-0.214677067966,-0.214289387472,-0.000387680494
14,42,0.656250000000,1.968750000000,-0.086599789503,-0.086443400327,-0.000156389176
14,43,0.656250000000,2.015625000000,0.043352112855,0.043273825381,0.000078287474
14,44,0.656250000000,2.062500000000,0.172365572870,0.172054303455,0.000311269415
14,45,0.656250000000,2.109375000000,0.297647838744,0.297110325450,0.000537513294
14,46,0.656250000000,2.156250000000,0.416486927767,0.415734806151,0.000752121616
14,47,0.656250000000,2.203125000000,0.526310332547,0.525359883789,0.000950448758
14,48,0.656250000000,2.250000000000,0.624740708032,0.623612506493,0.001128201539
14,49,0.656250000000,2.296875000000,0.709647333845,0.708365801698,0.001281532148
14,50,0.656250000000,2.343750000000,0.779192237952,0.777785116510,0.001407121442
14,51,0.656250000000,2.390625000000,0.831869983199,0.830367732406,0.001502250793
14,52,0.656250000000,2.437500000000,0.866540255487,0.864975394547,0.001564860939
14,53,0.656250000000,2.484375000000,0.882452548122,0.880858951562,0.001593596560
14,54,0.656250000000,2.531250000000,0.879262408025,0.877674572407,0.001587835618
14,55,0.656250000000,2.578125000000,0.857038892096,0.855491189275,0.001547702821
14,56,0.656250000000,2.625000000000,0.816263072341,0.814789005418,0.001474066923
14,57,0.656250000000,2.671875000000,0.757817622120,0.756449100199,0.001368521920
14,58,0.656250000000,2.718750000000,0.682967708928,0.681734356384,0.001233352544
14,59,0.656250000000,2.765625000000,0.593333607347,0.592262122543,0.001071484804
14,60,0.656250000000,2.812500000000,0.490855624988,0.489969202339,0.000886422649
14,61,0.656250000000,2.859375000000,0.377752100692,0.377069928577,0.000682172116
14,62,0.656250000000,2.906250000000,0.256471384198,0.256008229585,0.000463154612
14,63,0.656250000000,2.953125000000,0.129638836758,0.129404725550,0.000234111208
14,64,0.656250000000,3.000000000000,0.000000000000,0.000000000000,-0.000000000000
15,0,0.703125000000,0.000000000000,0.000000000000,0.000000000000,0.000000000000
15,1,0.703125000000,0.046875000000,0.118068238165,0.117855022180,0.000213215985
15,2,0.703125000000,0.093750000000,0.233580655543,0.233158839044,0.000421816498
15,3,0.703125000000,0.140625000000,0.344036757130,0.343415471166,0.000621285964
15,4,0.703125000000,0.187500000000,0.447045501894,0.446238195428,0.000807306466
15,5,0.703125000000,0.234375000000,0.540377061584,0.539401210366,0.000975851217
15,6,0.703125000000,0.281250000000,0.622011089784,0.620887818054,0.001123271730
15,7,0.703125000000,0.328125000000,0.690180456309,0.688934079519,0.001246376790
15,8,0.703125000000,0.375000000000,0.743409500238,0.742066998694,0.001342501544
15,9,0.703125000000,0.421875000000,0.780545973514,0.779136408337,0.001409565176
15,10,0.703125000000,0.468750000000,0.800785983638,0.799339867678,0.001446115960
15,11,0.703125000000,0.515625000000,0.803691395511,0.802240032833,0.001451362678
15,12,0.703125000000,0.562500000000,0.789199315739,0.787774123985,0.001425191754
15,13,0.703125000000,0.609375000000,0.757623454080,0.756255284376,0.001368169705
15,14,0.703125000000,0.656250000000,0.709647332582,0.708365801698,0.001281530884
15,15,0.703125000000,0.703125000000,0.646309489388,0.645142338627,0.001167150760
15,16,0.703125000000,0.750000000000,0.568980997525,0.567953492210,0.001027505315
15,17,0.703125000000,0.796875000000,0.479335785316,0.478470167866,0.000865617450
15,18,0.703125000000,0.843750000000,0.379314400881,0.378629409334,0.000684991547
15,19,0.703125000000,0.890625000000,0.271082005135,0.270592467524,0.000489537611
15,20,0.703125000000,0.937500000000,0.156981502591,0.156698015962,0.000283486629
15,21,0.703125000000,0.984375000000,0.039482824553,0.039411525572,0.000071298981
15,22,0.703125000000,1.031250000000,-0.078870537439,-0.078728105327,-0.000142432112
15,23,0.703125000000,1.078125000000,-0.195516590515,-0.195163510499,-0.000353080016
15,24,0.703125000000,1.125000000000,-0.307930299889,-0.307374215049,-0.000556084841
15,25,0.703125000000,1.171875000000,-0.413678248236,-0.412931196091,-0.000747052145
15,26,0.703125000000,1.218750000000,-0.510471311823,-0.509549463761,-0.000921848062
15,27,0.703125000000,1.265625000000,-0.596214213134,-0.595137524344,-0.001076688790
15,28,0.703125000000,1.312500000000,-0.669050877290,-0.667842654799,-0.001208222492
15,29,0.703125000000,1.359375000000,-0.727404610476,-0.726091008615,-0.001313601861
15,30,0.703125000000,1.406250000000,-0.770012230589,-0.768621684838,-0.001390545752
15,31,0.703125000000,1.453125000000,-0.795951411327,-0.794514022767,-0.001437388560
15,32,0.703125000000,1.500000000000,-0.804660647761,-0.803207531481,-0.001453116280
15,33,0.703125000000,1.546875000000,-0.795951411221,-0.794514022767,-0.001437388453
15,34,0.703125000000,1.593750000000,-0.770012230377,-0.768621684838,-0.001390545539
15,35,0.703125000000,1.640625000000,-0.727404610158,-0.726091008615,-0.001313601544
15,36,0.703125000000,1.687500000000,-0.669050876871,-0.667842654799,-0.001208222072
15,37,0.703125000000,1.734375000000,-0.596214212614,-0.595137524344,-0.001076688270
15,38,0.703125000000,1.781250000000,-0.510471311207,-0.509549463761,-0.000921847446
15,39,0.703125000000,1.828125000000,-0.413678247526,-0.412931196091,-0.000747051435
15,40,0.703125000000,1.875000000000,-0.307930299091,-0.307374215049,-0.000556084042
15,41,0.703125000000,1.921875000000,-0.195516589633,-0.195163510499,-0.000353079134
15,42,0.703125000000,1.968750000000,-0.078870536479,-0.078728105327,-0.000142431152
15,43,0.703125000000,2.015625000000,0.039482825584,0.039411525572,0.000071300012
15,44,0.703125000000,2.062500000000,0.156981503687,0.156698015962,0.000283487724
15,45,0.703125000000,2.109375000000,0.271082006288,0.270592467524,0.000489538764
15,46,0.703125000000,2.156250000000,0.379314402083,0.378629409334,0.000684992749
15,47,0.703125000000,2.203125000000,0.479335786558,0.478470167866,0.000865618692
15,48,0.703125000000,2.250000000000,0.568980998798,0.567953492210,0.001027506588
15,49,0.703125000000,2.296875000000,0.646309490680,0.645142338627,0.001167152053
15,50,0.703125000000,2.343750000000,0.709647333884,0.708365801698,0.001281532186
15,51,0.703125000000,2.390625000000,0.757623455381,0.756255284376,0.001368171005
15,52,0.703125000000,2.437500000000,0.789199317025,0.787774123985,0.001425193040
15,53,0.703125000000,2.484375000000,0.803691396772,0.802240032833,0.001451363939
15,54,0.703125000000,2.531250000000,0.800785984858,0.799339867678,0.001446117181
15,55,0.703125000000,2.578125000000,0.780545974681,0.779136408337,0.001409566343
15,56,0.703125000000,2.625000000000,0.743409501337,0.742066998694,0.001342502643
15,57,0.703125000000,2.671875000000,0.690180457325,0.688934079519,0.001246377806
15,58,0.703125000000,2.718750000000,0.622011090702,0.620887818054,0.001123272648
15,59,0.703125000000,2.765625000000,0.540377062389,0.539401210366,0.000975852022
15,60,0.703125000000,2.812500000000,0.447045502570,0.446238195428,0.000807307142
15,61,0.703125000000,2.859375000000,0.344036757662,0.343415471166,0.000621286496
15,62,0.703125000000,2.906250000000,0.233580655914,0.233158839044,0.000421816870
15,63,0.703125000000,2.953125000000,0.118068238360,0.117855022180,0.000213216179
15,64,0.703125000000,3.000000000000,0.000000000000,0.000000000000,-0.000000000000
16,0,0.750000000000,0.000000000000,0.000000000000,0.000000000000,0.000000000000
16,1,0.750000000000,0.046875000000,0.103941818961,0.103754113494,0.000187705466
16,2,0.750000000000,0.093750000000,0.205633611448,0.205262263761,0.000371347687
16,3,0.750000000000,0.140625000000,0.302874057253,0.302327105895,0.000546951358
16,4,0.750000000000,0.187500000000,0.393558194378,0.392847479194,0.000710715184
16,5,0.750000000000,0.234375000000,0.475722985108,0.474863890939,0.000859094169
16,6,0.750000000000,0.281250000000,0.547589809854,0.546600933501,0.000988876353
16,7,0.750000000000,0.328125000000,0.607602968888,0.606505716549,0.001097252339
16,8,0.750000000000,0.375000000000,0.654463358550,0.653281482438,0.001181876111
16,9,0.750000000000,0.421875000000,0.687156592915,0.685915677097,0.001240915818
16,10,0.750000000000,0.468750000000,0.704974962188,0.703701868763,0.001273093425
16,11,0.750000000000,0.515625000000,0.707532752483,0.706255040101,0.001277712382
16,12,0.750000000000,0.562500000000,0.694774595360,0.693519922661,0.001254672699
16,13,0.750000000000,0.609375000000,0.666976666391,0.665772193277,0.001204473115
16,14,0.750000000000,0.656250000000,0.624740706788,0.623612506493,0.001128200295
16,15,0.750000000000,0.703125000000,0.568980997525,0.567953492210,0.001027505315
16,16,0.750000000000,0.750000000000,0.500904567916,0.500000000000,0.000904567916
16,17,0.750000000000,0.796875000000,0.421985067074,0.421223017755,0.000762049320
16,18,0.750000000000,0.843750000000,0.333930863861,0.333327829239,0.000603034622
16,19,0.750000000000,0.890625000000,0.238648065857,0.238217099847,0.000430966011
16,20,0.750000000000,0.937500000000,0.138199257892,0.137949689641,0.000249568251
16,21,0.750000000000,0.984375000000,0.034758853308,0.034696085254,0.000062768054
16,22,0.750000000000,1.031250000000,-0.069433975517,-0.069308584600,-0.000125390918
16,23,0.750000000000,1.078125000000,-0.172123768496,-0.171812932904,-0.000310835593
16,24,0.750000000000,1.125000000000,-0.271087601726,-0.270598050073,-0.000489551653
16,25,0.750000000000,1.171875000000,-0.364183207082,-0.363525536646,-0.000657670436
16,26,0.750000000000,1.218750000000,-0.449395345849,-0.448583793171,-0.000811552677
16,27,0.750000000000,1.265625000000,-0.524879432557,-0.523931565266,-0.000947867291
16,28,0.750000000000,1.312500000000,-0.589001464686,-0.587937801210,-0.001063663476
16,29,0.750000000000,1.359375000000,-0.640373393883,-0.639216959288,-0.001156434596
16,30,0.750000000000,1.406250000000,-0.677883173021,-0.676659000587,-0.001224172434
16,31,0.750000000000,1.453125000000,-0.700718828656,-0.699453417987,-0.001265410670
16,32,0.750000000000,1.500000000000,-0.708386037807,-0.707106781187,-0.001279256620
16,33,0.750000000000,1.546875000000,-0.700718828547,-0.699453417987,-0.001265410561
16,34,0.750000000000,1.593750000000,-0.677883172804,-0.676659000587,-0.001224172217
16,35,0.750000000000,1.640625000000,-0.640373393560,-0.639216959288,-0.001156434273
16,36,0.750000000000,1.687500000000,-0.589001464259,-0.587937801210,-0.001063663049
16,37,0.750000000000,1.734375000000,-0.524879432028,-0.523931565266,-0.000947866761
16,38,0.750000000000,1.781250000000,-0.449395345220,-0.448583793171,-0.000811552049
16,39,0.750000000000,1.828125000000,-0.364183206359,-0.363525536646,-0.000657669713
16,40,0.750000000000,1.875000000000,-0.271087600913,-0.270598050073,-0.000489550840
16,41,0.750000000000,1.921875000000,-0.172123767598,-0.171812932904,-0.000310834695
16,42,0.750000000000,1.968750000000,-0.069433974540,-0.069308584600,-0.000125389941
16,43,0.750000000000,2.015625000000,0.034758854358,0.034696085254,0.000062769104
16,44,0.750000000000,2.062500000000,0.138199259007,0.137949689641,0.000249569366
16,45,0.750000000000,2.109375000000,0.238648067031,0.238217099847,0.000430967184
16,46,0.750000000000,2.156250000000,0.333930865084,0.333327829239,0.000603035845
16,47,0.750000000000,2.203125000000,0.421985068338,0.421223017755,0.000762050584
16,48,0.750000000000,2.250000000000,0.500904569211,0.500000000000,0.000904569211
16,49,0.750000000000,2.296875000000,0.568980998841,0.567953492210,0.001027506631
16,50,0.750000000000,2.343750000000,0.624740708113,0.623612506493,0.001128201620
16,51,0.750000000000,2.390625000000,0.666976667715,0.665772193277,0.001204474438
16,52,0.750000000000,2.437500000000,0.694774596670,0.693519922661,0.001254674009
16,53,0.750000000000,2.484375000000,0.707532753765,0.706255040101,0.001277713664
16,54,0.750000000000,2.531250000000,0.704974963431,0.703701868763,0.001273094667
16,55,0.750000000000,2.578125000000,0.687156594103,0.685915677097,0.001240917006
16,56,0.750000000000,2.625000000000,0.654463359668,0.653281482438,0.001181877230
16,57,0.750000000000,2.671875000000,0.607602969922,0.606505716549,0.001097253373
16,58,0.750000000000,2.718750000000,0.547589810788,0.546600933501,0.000988877287
16,59,0.750000000000,2.765625000000,0.475722985927,0.474863890939,0.000859094989
16,60,0.750000000000,2.812500000000,0.393558195066,0.392847479194,0.000710715872
16,61,0.750000000000,2.859375000000,0.302874057795,0.302327105895,0.000546951899
16,62,0.750000000000,2.906250000000,0.205633611827,0.205262263761,0.000371348065
16,63,0.750000000000,2.953125000000,0.103941819158,0.103754113494,0.000187705664
16,64,0.750000000000,3.000000000000,0.000000000000,0.000000000000,-0.000000000000
17,0,0.796875000000,0.000000000000,0.000000000000,0.000000000000,0.000000000000
17,1,0.796875000000,0.046875000000,0.087565373269,0.087407241581,0.000158131688
17,2,0.796875000000,0.093750000000,0.173235220658,0.172922380345,0.000312840313
17,3,0.796875000000,0.140625000000,0.255155048684,0.254694271789,0.000460776895
17,4,0.796875000000,0.187500000000,0.331551540457,0.330952801406,0.000598739051
17,5,0.796875000000,0.234375000000,0.400770942638,0.400047202328,0.000723740310
17,6,0.796875000000,0.281250000000,0.461314864204,0.460481789434,0.000833074770
17,7,0.796875000000,0.328125000000,0.511872712087,0.510948336420,0.000924375666
17,8,0.796875000000,0.375000000000,0.551350061558,0.550354394952,0.000995666606
17,9,0.796875000000,0.421875000000,0.578892347218,0.577846942864,0.001045404354
17,10,0.796875000000,0.468750000000,0.593903361755,0.592830849520,0.001072512235
17,11,0.796875000000,0.515625000000,0.596058162034,0.594981758592,0.001076403442
17,12,0.796875000000,0.562500000000,0.585310103133,0.584253109393,0.001056993740
17,13,0.796875000000,0.609375000000,0.561891848066,0.560877144779,0.001014703288
17,14,0.796875000000,0.656250000000,0.526310331334,0.525359883789,0.000950447544
17,15,0.796875000000,0.703125000000,0.479335785316,0.478470167866,0.000865617450
17,16,0.796875000000,0.750000000000,0.421985067074,0.421223017755,0.000762049320
17,17,0.796875000000,0.796875000000,0.355499646462,0.354857661373,0.000641985089
17,18,0.796875000000,0.843750000000,0.281318732052,0.280810708267,0.000508023785
17,19,0.796875000000,0.890625000000,0.201048116620,0.200685051356,0.000363065263
17,20,0.796875000000,0.937500000000,0.116425416577,0.116215169138,0.000210247439
17,21,0.796875000000,0.984375000000,0.029282457825,0.029229579470,0.000052878355
17,22,0.796875000000,1.031250000000,-0.058494377746,-0.058388742323,-0.000105635423
17,23,0.796875000000,1.078125000000,-0.145004986725,-0.144743124174,-0.000261862552
17,24,0.796875000000,1.125000000000,-0.228376675685,-0.227964254501,-0.000412421184
17,25,0.796875000000,1.171875000000,-0.306804699335,-0.306250647154,-0.000554052182
17,26,0.796875000000,1.218750000000,-0.378591327811,-0.377907638151,-0.000683689660
17,27,0.796875000000,1.265625000000,-0.442182597397,-0.441384070037,-0.000798527360
17,28,0.796875000000,1.312500000000,-0.496201949145,-0.495305869755,-0.000896079390
17,29,0.796875000000,1.359375000000,-0.539480027226,-0.538505793182,-0.000974234044
17,30,0.796875000000,1.406250000000,-0.571079991945,-0.570048692436,-0.001031299509
17,31,0.796875000000,1.453125000000,-0.590317799495,-0.589251759006,-0.001066040489
17,32,0.796875000000,1.500000000000,-0.596777009438,-0.595699304492,-0.001077704945
17,33,0.796875000000,1.546875000000,-0.590317799385,-0.589251759006,-0.001066040378
17,34,0.796875000000,1.593750000000,-0.571079991726,-0.570048692436,-0.001031299289
17,35,0.796875000000,1.640625000000,-0.539480026899,-0.538505793182,-0.000974233716
17,36,0.796875000000,1.687500000000,-0.496201948712,-0.495305869755,-0.000896078956
17,37,0.796875000000,1.734375000000,-0.442182596859,-0.441384070037,-0.000798526823
17,38,0.796875000000,1.781250000000,-0.378591327174,-0.377907638151,-0.000683689023
17,39,0.796875000000,1.828125000000,-0.306804698603,-0.306250647154,-0.000554051449
17,40,0.796875000000,1.875000000000,-0.228376674861,-0.227964254501,-0.000412420360
17,41,0.796875000000,1.921875000000,-0.145004985816,-0.144743124174,-0.000261861642
17,42,0.796875000000,1.968750000000,-0.058494376756,-0.058388742323,-0.000105634434
17,43,0.796875000000,2.015625000000,0.029282458888,0.029229579470,0.000052879418
17,44,0.796875000000,2.062500000000,0.116425417707,0.116215169138,0.000210248569
17,45,0.796875000000,2.109375000000,0.201048117808,0.200685051356,0.000363066452
17,46,0.796875000000,2.156250000000,0.281318733290,0.280810708267,0.000508025023
17,47,0.796875000000,2.203125000000,0.355499647742,0.354857661373,0.000641986369
17,48,0.796875000000,2.250000000000,0.421985068386,0.421223017755,0.000762050631
17,49,0.796875000000,2.296875000000,0.479335786648,0.478470167866,0.000865618782
17,50,0.796875000000,2.343750000000,0.526310332675,0.525359883789,0.000950448886
17,51,0.796875000000,2.390625000000,0.561891849406,0.560877144779,0.001014704628
17,52,0.796875000000,2.437500000000,0.585310104458,0.584253109393,0.001056995066
17,53,0.796875000000,2.484375000000,0.596058163332,0.594981758592,0.001076404741
17,54,0.796875000000,2.531250000000,0.593903363013,0.592830849520,0.001072513493
17,55,0.796875000000,2.578125000000,0.578892348421,0.577846942864,0.001045405557
17,56,0.796875000000,2.625000000000,0.551350062691,0.550354394952,0.000995667739
17,57,0.796875000000,2.671875000000,0.511872713134,0.510948336420,0.000924376714
17,58,0.796875000000,2.718750000000,0.461314865150,0.460481789434,0.000833075717
17,59,0.796875000000,2.765625000000,0.400770943468,0.400047202328,0.000723741140
17,60,0.796875000000,2.812500000000,0.331551541154,0.330952801406,0.000598739748
17,61,0.796875000000,2.859375000000,0.255155049232,0.254694271789,0.000460777444
17,62,0.796875000000,2.906250000000,0.173235221041,0.172922380345,0.000312840696
17,63,0.796875000000,2.953125000000,0.087565373469,0.087407241581,0.000158131888
17,64,0.796875000000,3.000000000000,0.000000000000,0.000000000000,-0.000000000000
18,0,0.843750000000,0.000000000000,0.000000000000,0.000000000000,0.000000000000
18,1,0.843750000000,0.046875000000,0.069293401683,0.069168266851,0.000125134831
18,2,0.843750000000,0.093750000000,0.137086810491,0.136839249608,0.000247560882
18,3,0.843750000000,0.140625000000,0.201912703850,0.201548075856,0.000364627994
18,4,0.843750000000,0.187500000000,0.262367796934,0.261893994923,0.000473802011
18,5,0.843750000000,0.234375000000,0.317143419543,0.316570699901,0.000572719642
18,6,0.843750000000,0.281250000000,0.365053844862,0.364394605248,0.000659239615
18,7,0.843750000000,0.328125000000,0.405061956866,0.404330467836,0.000731489029
18,8,0.843750000000,0.375000000000,0.436301700748,0.435513796846,0.000787903902
18,9,0.843750000000,0.421875000000,0.458096830392,0.457269567375,0.000827263017
18,10,0.843750000000,0.468750000000,0.469975547058,0.469126832692,0.000848714366
18,11,0.843750000000,0.515625000000,0.471680712400,0.470828918812,0.000851793589
18,12,0.843750000000,0.562500000000,0.463175414736,0.462338980709,0.000836434027
18,13,0.843750000000,0.609375000000,0.444643768072,0.443840799905,0.000802968167
18,14,0.843750000000,0.656250000000,0.416486926592,0.415734806151,0.000752120441
18,15,0.843750000000,0.703125000000,0.379314400881,0.378629409334,0.000684991547
18,16,0.843750000000,0.750000000000,0.333930863861,0.333327829239,0.000603034622
18,17,0.843750000000,0.796875000000,0.281318732052,0.280810708267,0.000508023785
18,18,0.843750000000,0.843750000000,0.222616899221,0.222214883490,0.000402015731
18,19,0.843750000000,0.890625000000,0.159096082773,0.158808777559,0.000287305214
18,20,0.843750000000,0.937500000000,0.092131316554,0.091964941185,0.000166375369
18,21,0.843750000000,0.984375000000,0.023172185525,0.023130341562,0.000041843963
18,22,0.843750000000,1.031250000000,-0.046288553381,-0.046204960104,-0.000083593276
18,23,0.843750000000,1.078125000000,-0.114747284932,-0.114540063920,-0.000207221012
18,24,0.843750000000,1.125000000000,-0.180722084331,-0.180395721254,-0.000326363077
18,25,0.843750000000,1.171875000000,-0.242784796411,-0.242346356006,-0.000438440405
18,26,0.843750000000,1.218750000000,-0.299591950879,-0.299050924019,-0.000541026860
18,27,0.843750000000,1.265625000000,-0.349913844395,-0.349281942640,-0.000631901755
18,28,0.843750000000,1.312500000000,-0.392661159932,-0.391952062009,-0.000709097923
18,29,0.843750000000,1.359375000000,-0.426908547203,-0.426137602904,-0.000770944299
18,30,0.843750000000,1.406250000000,-0.451914653696,-0.451098551601,-0.000816102094
18,31,0.843750000000,1.453125000000,-0.467138172722,-0.466294578942,-0.000843593780
18,32,0.843750000000,1.500000000000,-0.472249561068,-0.471396736826,-0.000852824242
18,33,0.843750000000,1.546875000000,-0.467138172611,-0.466294578942,-0.000843593669
18,34,0.843750000000,1.593750000000,-0.451914653474,-0.451098551601,-0.000816101873
18,35,0.843750000000,1.640625000000,-0.426908546872,-0.426137602904,-0.000770943968
18,36,0.843750000000,1.687500000000,-0.392661159495,-0.391952062009,-0.000709097485
18,37,0.843750000000,1.734375000000,-0.349913843853,-0.349281942640,-0.000631901213
18,38,0.843750000000,1.781250000000,-0.299591950237,-0.299050924019,-0.000541026217
18,39,0.843750000000,1.828125000000,-0.242784795672,-0.242346356006,-0.000438439666
18,40,0.843750000000,1.875000000000,-0.180722083500,-0.180395721254,-0.000326362246
18,41,0.843750000000,1.921875000000,-0.114747284014,-0.114540063920,-0.000207220094
18,42,0.843750000000,1.968750000000,-0.046288552382,-0.046204960104,-0.000083592278
18,43,0.843750000000,2.015625000000,0.023172186598,0.023130341562,0.000041845036
18,44,0.843750000000,2.062500000000,0.092131317694,0.091964941185,0.000166376509
18,45,0.843750000000,2.109375000000,0.159096083971,0.158808777559,0.000287306412
18,46,0.843750000000,2.156250000000,0.222616900470,0.222214883490,0.000402016980
18,47,0.843750000000,2.203125000000,0.281318733342,0.280810708267,0.000508025075
18,48,0.843750000000,2.250000000000,0.333930865183,0.333327829239,0.000603035944
18,49,0.843750000000,2.296875000000,0.379314402224,0.378629409334,0.000684992890
18,50,0.843750000000,2.343750000000,0.416486927945,0.415734806151,0.000752121794
18,51,0.843750000000,2.390625000000,0.444643769423,0.443840799905,0.000802969518
18,52,0.843750000000,2.437500000000,0.463175416073,0.462338980709,0.000836435364
18,53,0.843750000000,2.484375000000,0.471680713710,0.470828918812,0.000851794898
18,54,0.843750000000,2.531250000000,0.469975548326,0.469126832692,0.000848715634
18,55,0.843750000000,2.578125000000,0.458096831605,0.457269567375,0.000827264230
18,56,0.843750000000,2.625000000000,0.436301701890,0.435513796846,0.000787905044
18,57,0.843750000000,2.671875000000,0.405061957922,0.404330467836,0.000731490086
18,58,0.843750000000,2.718750000000,0.365053845817,0.364394605248,0.000659240569
18,59,0.843750000000,2.765625000000,0.317143420380,0.316570699901,0.000572720479
18,60,0.843750000000,2.812500000000,0.262367797637,0.261893994923,0.000473802714
18,61,0.843750000000,2.859375000000,0.201912704403,0.201548075856,0.000364628547
18,62,0.843750000000,2.906250000000,0.137086810877,0.136839249608,0.000247561268
18,63,0.843750000000,2.953125000000,0.069293401884,0.069168266851,0.000125135033
18,64,0.843750000000,3.000000000000,0.000000000000,0.000000000000,-0.000000000000
19,0,0.890625000000,0.000000000000,0.000000000000,0.000000000000,0.000000000000
19,1,0.890625000000,0.046875000000,0.049521437207,0.049432008027,0.000089429180
19,2,0.890625000000,0.093750000000,0.097970884861,0.097793962362,0.000176922499
19,3,0.890625000000,0.140625000000,0.144299558728,0.144038972743,0.000260585986
19,4,0.890625000000,0.187500000000,0.187504582925,0.187165974351,0.000338608573
19,5,0.890625000000,0.234375000000,0.226650699147,0.226241397843,0.000409301305
19,6,0.890625000000,0.281250000000,0.260890512196,0.260419378304,0.000471133892
19,7,0.890625000000,0.328125000000,0.289482833515,0.288960065673,0.000522767841
19,8,0.890625000000,0.375000000000,0.311808725692,0.311245640260,0.000563085432
19,9,0.890625000000,0.421875000000,0.327384900581,0.326793686675,0.000591213906
19,10,0.890625000000,0.468750000000,0.335874181031,0.335267636667,0.000606544364
19,11,0.890625000000,0.515625000000,0.337092799756,0.336484054810,0.000608744946
19,12,0.890625000000,0.562500000000,0.331014377336,0.330416609324,0.000597768012
19,13,0.890625000000,0.609375000000,0.317770493259,0.317196642082,0.000573851177
19,14,0.890625000000,0.656250000000,0.297647837618,0.297110325450,0.000537512168
19,15,0.890625000000,0.703125000000,0.271082005135,0.270592467524,0.000489537611
19,16,0.890625000000,0.750000000000,0.238648065857,0.238217099847,0.000430966011
19,17,0.890625000000,0.796875000000,0.201048116620,0.200685051356,0.000363065263
19,18,0.890625000000,0.843750000000,0.159096082773,0.158808777559,0.000287305214
19,19,0.890625000000,0.890625000000,0.113700099156,0.113494773319,0.000205325837
19,20,0.890625000000,0.937500000000,0.065842851721,0.065723949982,0.000118901739
19,21,0.890625000000,0.984375000000,0.016560305350,0.016530401610,0.000029903740
19,22,0.890625000000,1.031250000000,-0.033080721659,-0.033020980036,-0.000059741623
19,23,0.890625000000,1.078125000000,-0.082005650984,-0.081857557185,-0.000148093799
19,24,0.890625000000,1.125000000000,-0.129155405655,-0.128922165425,-0.000233240230
19,25,0.890625000000,1.171875000000,-0.173509335872,-0.173195998120,-0.000313337752
19,26,0.890625000000,1.218750000000,-0.214107312992,-0.213720660495,-0.000386652497
19,27,0.890625000000,1.265625000000,-0.250070513412,-0.249618915992,-0.000451597420
19,28,0.890625000000,1.312500000000,-0.280620442449,-0.280113675789,-0.000506766660
19,29,0.890625000000,1.359375000000,-0.305095786398,-0.304544820428,-0.000550965969
19,30,0.890625000000,1.406250000000,-0.322966727975,-0.322383489410,-0.000583238565
19,31,0.890625000000,1.453125000000,-0.333846415264,-0.333243529421,-0.000602885843
19,32,0.890625000000,1.500000000000,-0.337499335890,-0.336889853392,-0.000609482498
19,33,0.890625000000,1.546875000000,-0.333846415153,-0.333243529421,-0.000602885732
19,34,0.890625000000,1.593750000000,-0.322966727753,-0.322383489410,-0.000583238343
19,35,0.890625000000,1.640625000000,-0.305095786065,-0.304544820428,-0.000550965637
19,36,0.890625000000,1.687500000000,-0.280620442009,-0.280113675789,-0.000506766220
19,37,0.890625000000,1.734375000000,-0.250070512867,-0.249618915992,-0.000451596875
19,38,0.890625000000,1.781250000000,-0.214107312346,-0.213720660495,-0.000386651851
19,39,0.890625000000,1.828125000000,-0.173509335129,-0.173195998120,-0.000313337009
19,40,0.890625000000,1.875000000000,-0.129155404820,-0.128922165425,-0.000233239394
19,41,0.890625000000,1.921875000000,-0.082005650061,-0.081857557185,-0.000148092877
19,42,0.890625000000,1.968750000000,-0.033080720655,-0.033020980036,-0.000059740620
19,43,0.890625000000,2.015625000000,0.016560306428,0.016530401610,0.000029904818
19,44,0.890625000000,2.062500000000,0.065842852866,0.065723949982,0.000118902884
19,45,0.890625000000,2.109375000000,0.113700100360,0.113494773319,0.000205327041
19,46,0.890625000000,2.156250000000,0.159096084027,0.158808777559,0.000287306468
19,47,0.890625000000,2.203125000000,0.201048117916,0.200685051356,0.000363066560
19,48,0.890625000000,2.250000000000,0.238648067185,0.238217099847,0.000430967339
19,49,0.890625000000,2.296875000000,0.271082006484,0.270592467524,0.000489538960
19,50,0.890625000000,2.343750000000,0.297647838976,0.297110325450,0.000537513526
19,51,0.890625000000,2.390625000000,0.317770494615,0.317196642082,0.000573852534
19,52,0.890625000000,2.437500000000,0.331014378678,0.330416609324,0.000597769353
19,53,0.890625000000,2.484375000000,0.337092801070,0.336484054810,0.000608746260
19,54,0.890625000000,2.531250000000,0.335874182305,0.335267636667,0.000606545638
19,55,0.890625000000,2.578125000000,0.327384901799,0.326793686675,0.000591215124
19,56,0.890625000000,2.625000000000,0.311808726839,0.311245640260,0.000563086579
19,57,0.890625000000,2.671875000000,0.289482834576,0.288960065673,0.000522768903
19,58,0.890625000000,2.718750000000,0.260890513155,0.260419378304,0.000471134851
19,59,0.890625000000,2.765625000000,0.226650699988,0.226241397843,0.000409302146
19,60,0.890625000000,2.812500000000,0.187504583631,0.187165974351,0.000338609280
19,61,0.890625000000,2.859375000000,0.144299559284,0.144038972743,0.000260586541
19,62,0.890625000000,2.906250000000,0.097970885249,0.097793962362,0.000176922886
19,63,0.890625000000,2.953125000000,0.049521437410,0.049432008027,0.000089429382
19,64,0.890625000000,3.000000000000,0.000000000000,0.000000000000,-0.000000000000
20,0,0.937500000000,0.000000000000,0.000000000000,0.000000000000,0.000000000000
20,1,0.937500000000,0.046875000000,0.028677483163,0.028625695511,0.000051787652
20,2,0.937500000000,0.093750000000,0.056734185431,0.056631731162,0.000102454269
20,3,0.937500000000,0.140625000000,0.083562763923,0.083411860857,0.000150903066
20,4,0.937500000000,0.187500000000,0.108582460930,0.108386375662,0.000196085268
20,5,0.937500000000,0.234375000000,0.131251675567,0.131014652754,0.000237022813
20,6,0.937500000000,0.281250000000,0.151079687790,0.150806858268,0.000272829522
20,7,0.937500000000,0.328125000000,0.167637281012,0.167334550727,0.000302730285
20,8,0.937500000000,0.375000000000,0.180566033339,0.180239955502,0.000326077837
20,9,0.937500000000,0.421875000000,0.189586076324,0.189243709551,0.000342366772
20,10,0.937500000000,0.468750000000,0.194502153272,0.194150908792,0.000351244480
20,11,0.937500000000,0.515625000000,0.195207845961,0.194855327179,0.000352518782
20,12,0.937500000000,0.562500000000,0.191687878274,0.191341716183,0.000346162091
20,13,0.937500000000,0.609375000000,0.184018446878,0.183686134869,0.000332312009
20,14,0.937500000000,0.656250000000,0.172365571799,0.172054303455,0.000311268344
20,15,0.937500000000,0.703125000000,0.156981502591,0.156698015962,0.000283486629
20,16,0.937500000000,0.750000000000,0.138199257892,0.137949689641,0.000249568251
20,17,0.937500000000,0.796875000000,0.116425416577,0.116215169138,0.000210247439
20,18,0.937500000000,0.843750000000,0.092131316554,0.091964941185,0.000166375369
20,19,0.937500000000,0.890625000000,0.065842851721,0.065723949982,0.000118901739
20,20,0.937500000000,0.937500000000,0.038129087952,0.038060233744,0.000068854208
20,21,0.937500000000,0.984375000000,0.009589944538,0.009572628385,0.000017316153
20,22,0.937500000000,1.031250000000,-0.019156792252,-0.019122195470,-0.000034596782
20,23,0.937500000000,1.078125000000,-0.047488842381,-0.047403081541,-0.000085760840
20,24,0.937500000000,1.125000000000,-0.074792902523,-0.074657834050,-0.000135068473
20,25,0.937500000000,1.171875000000,-0.100477922233,-0.100296469914,-0.000181452319
20,26,0.937500000000,1.218750000000,-0.123987898402,-0.123763990092,-0.000223908309
20,27,0.937500000000,1.265625000000,-0.144813911042,-0.144552393644,-0.000261517399
20,28,0.937500000000,1.312500000000,-0.162505139874,-0.162211674411,-0.000293465463
20,29,0.937500000000,1.359375000000,-0.176678623218,-0.176359562295,-0.000319060923
20,30,0.937500000000,1.406250000000,-0.187027547963,-0.186689798248,-0.000337749714
20,31,0.937500000000,1.453125000000,-0.193327891140,-0.192978763860,-0.000349127280
20,32,0.937500000000,1.500000000000,-0.195443269345,-0.195090322016,-0.000352947329
20,33,0.937500000000,1.546875000000,-0.193327891028,-0.192978763860,-0.000349127168
20,34,0.937500000000,1.593750000000,-0.187027547740,-0.186689798248,-0.000337749492
20,35,0.937500000000,1.640625000000,-0.176678622885,-0.176359562295,-0.000319060591
20,36,0.937500000000,1.687500000000,-0.162505139433,-0.162211674411,-0.000293465023
20,37,0.937500000000,1.734375000000,-0.144813910497,-0.144552393644,-0.000261516853
20,38,0.937500000000,1.781250000000,-0.123987897755,-0.123763990092,-0.000223907663
20,39,0.937500000000,1.828125000000,-0.100477921489,-0.100296469914,-0.000181451575
20,40,0.937500000000,1.875000000000,-0.074792901686,-0.074657834050,-0.000135067636
20,41,0.937500000000,1.921875000000,-0.047488841456,-0.047403081541,-0.000085759916
20,42,0.937500000000,1.968750000000,-0.019156791247,-0.019122195470,-0.000034595777
20,43,0.937500000000,2.015625000000,0.009589945618,0.009572628385,0.000017317233
20,44,0.937500000000,2.062500000000,0.038129089099,0.038060233744,0.000068855354
20,45,0.937500000000,2.109375000000,0.065842852927,0.065723949982,0.000118902945
20,46,0.937500000000,2.156250000000,0.092131317810,0.091964941185,0.000166376625
20,47,0.937500000000,2.203125000000,0.116425417874,0.116215169138,0.000210248736
20,48,0.937500000000,2.250000000000,0.138199259221,0.137949689641,0.000249569579
20,49,0.937500000000,2.296875000000,0.156981503941,0.156698015962,0.000283487978
20,50,0.937500000000,2.343750000000,0.172365573158,0.172054303455,0.000311269703
20,51,0.937500000000,2.390625000000,0.184018448234,0.183686134869,0.000332313365
20,52,0.937500000000,2.437500000000,0.191687879616,0.191341716183,0.000346163434
20,53,0.937500000000,2.484375000000,0.195207847276,0.194855327179,0.000352520097
20,54,0.937500000000,2.531250000000,0.194502154546,0.194150908792,0.000351245754
20,55,0.937500000000,2.578125000000,0.189586077542,0.189243709551,0.000342367991
20,56,0.937500000000,2.625000000000,0.180566034487,0.180239955502,0.000326078985
20,57,0.937500000000,2.671875000000,0.167637282074,0.167334550727,0.000302731347
20,58,0.937500000000,2.718750000000,0.151079688750,0.150806858268,0.000272830482
20,59,0.937500000000,2.765625000000,0.131251676408,0.131014652754,0.000237023654
20,60,0.937500000000,2.812500000000,0.108582461637,0.108386375662,0.000196085975
20,61,0.937500000000,2.859375000000,0.083562764479,0.083411860857,0.000150903622
20,62,0.937500000000,2.906250000000,0.056734185819,0.056631731162,0.000102454657
20,63,0.937500000000,2.953125000000,0.028677483366,0.028625695511,0.000051787855
20,64,0.937500000000,3.000000000000,0.000000000000,0.000000000000,-0.000000000000
21,0,0.984375000000,0.000000000000,0.000000000000,0.000000000000,0.000000000000
21,1,0.984375000000,0.046875000000,0.007212748209,0.007199723134,0.000013025074
21,2,0.984375000000,0.093750000000,0.014269362212,0.014243594006,0.000025768206
21,3,0.984375000000,0.140625000000,0.021017087620,0.020979134081,0.000037953539
21,4,0.984375000000,0.187500000000,0.027309856553,0.027260539260,0.000049317294
21,5,0.984375000000,0.234375000000,0.033011449562,0.032951836088,0.000059613474
21,6,0.984375000000,0.281250000000,0.037998444373,0.037929825177,0.000068619196
21,7,0.984375000000,0.328125000000,0.042162887605,0.042086748097,0.000076139509
21,8,0.984375000000,0.375000000000,0.045414631636,0.045332620019,0.000082011617
21,9,0.984375000000,0.421875000000,0.047683286023,0.047597177619,0.000086108404
21,10,0.984375000000,0.468750000000,0.048919741247,0.048831400064,0.000088341183
21,11,0.984375000000,0.515625000000,0.049097231784,0.049008570165,0.000088661620
21,12,0.984375000000,0.562500000000,0.048211915498,0.048124852724,0.000087062774
21,13,0.984375000000,0.609375000000,0.046282956809,0.046199377555,0.000083579254
21,14,0.984375000000,0.656250000000,0.043352111847,0.043273825381,0.000078286466
21,15,0.984375000000,0.703125000000,0.039482824553,0.039411525572,0.000071298981
21,16,0.984375000000,0.750000000000,0.034758853308,0.034696085254,0.000062768054
21,17,0.984375000000,0.796875000000,0.029282457825,0.029229579470,0.000052878355
21,18,0.984375000000,0.843750000000,0.023172185525,0.023130341562,0.000041843963
21,19,0.984375000000,0.890625000000,0.016560305350,0.016530401610,0.000029903740
21,20,0.984375000000,0.937500000000,0.009589944538,0.009572628385,0.000017316153
21,21,0.984375000000,0.984375000000,0.002411990351,0.002407636664,0.000004353687
21,22,0.984375000000,1.031250000000,-0.004818176182,-0.004809473120,-0.000008703062
21,23,0.984375000000,1.078125000000,-0.011944043789,-0.011922472336,-0.000021571454
21,24,0.984375000000,1.125000000000,-0.018811358957,-0.018777386030,-0.000033972927
21,25,0.984375000000,1.171875000000,-0.025271465051,-0.025225826023,-0.000045639028
21,26,0.984375000000,1.218750000000,-0.031184520282,-0.031128203063,-0.000056317219
21,27,0.984375000000,1.265625000000,-0.036422524861,-0.036356748511,-0.000065776350
21,28,0.984375000000,1.312500000000,-0.040872091808,-0.040798280150,-0.000073811659
21,29,0.984375000000,1.359375000000,-0.044436901436,-0.044356652230,-0.000080249205
21,30,0.984375000000,1.406250000000,-0.047039786379,-0.046954836744,-0.000084949635
21,31,0.984375000000,1.453125000000,-0.048624402040,-0.048536590843,-0.000087811197
21,32,0.984375000000,1.500000000000,-0.049156446274,-0.049067674327,-0.000088771946
21,33,0.984375000000,1.546875000000,-0.048624401929,-0.048536590843,-0.000087811085
21,34,0.984375000000,1.593750000000,-0.047039786157,-0.046954836744,-0.000084949412
21,35,0.984375000000,1.640625000000,-0.044436901104,-0.044356652230,-0.000080248873
21,36,0.984375000000,1.687500000000,-0.040872091369,-0.040798280150,-0.000073811220
21,37,0.984375000000,1.734375000000,-0.036422524317,-0.036356748511,-0.000065775806
21,38,0.984375000000,1.781250000000,-0.031184519636,-0.031128203063,-0.000056316573
21,39,0.984375000000,1.828125000000,-0.025271464308,-0.025225826023,-0.000045638285
21,40,0.984375000000,1.875000000000,-0.018811358122,-0.018777386030,-0.000033972092
21,41,0.984375000000,1.921875000000,-0.011944042867,-0.011922472336,-0.000021570532
21,42,0.984375000000,1.968750000000,-0.004818175179,-0.004809473120,-0.000008702059
21,43,0.984375000000,2.015625000000,0.002411991428,0.002407636664,0.000004354764
21,44,0.984375000000,2.062500000000,0.009589945682,0.009572628385,0.000017317297
21,45,0.984375000000,2.109375000000,0.016560306553,0.016530401610,0.000029904942
21,46,0.984375000000,2.156250000000,0.023172186778,0.023130341562,0.000041845216
21,47,0.984375000000,2.203125000000,0.029282459119,0.029229579470,0.000052879649
21,48,0.984375000000,2.250000000000,0.034758854634,0.034696085254,0.000062769380
21,49,0.984375000000,2.296875000000,0.039482825898,0.039411525572,0.000071300326
21,50,0.984375000000,2.343750000000,0.043352113203,0.043273825381,0.000078287821
21,51,0.984375000000,2.390625000000,0.046282958162,0.046199377555,0.000083580607
21,52,0.984375000000,2.437500000000,0.048211916836,0.048124852724,0.000087064112
21,53,0.984375000000,2.484375000000,0.049097233095,0.049008570165,0.000088662930
21,54,0.984375000000,2.531250000000,0.048919742517,0.048831400064,0.000088342453
21,55,0.984375000000,2.578125000000,0.047683287237,0.047597177619,0.000086109618
21,56,0.984375000000,2.625000000000,0.045414632780,0.045332620019,0.000082012761
21,57,0.984375000000,2.671875000000,0.042162888664,0.042086748097,0.000076140567
21,58,0.984375000000,2.718750000000,0.037998445330,0.037929825177,0.000068620153
21,59,0.984375000000,2.765625000000,0.033011450402,0.032951836088,0.000059614314
21,60,0.984375000000,2.812500000000,0.027309857259,0.027260539260,0.000049317999
21,61,0.984375000000,2.859375000000,0.021017088175,0.020979134081,0.000037954093
21,62,0.984375000000,2.906250000000,0.014269362598,0.014243594006,0.000025768593
21,63,0.984375000000,2.953125000000,0.007212748411,0.007199723134,0.000013025277
21,64,0.984375000000,3.000000000000,0.000000000000,0.000000000000,-0.000000000000
22,0,1.031250000000,0.000000000000,0.000000000000,-0.000000000000,0.000000000000
22,1,1.031250000000,0.046875000000,-0.014408120967,-0.014382101505,-0.000026019461
22,2,1.031250000000,0.093750000000,-0.028504349616,-0.028452873946,-0.000051475670
22,3,1.031250000000,0.140625000000,-0.041983545171,-0.041907727591,-0.000075817579
22,4,1.031250000000,0.187500000000,-0.054553923759,-0.054455405493,-0.000098518267
22,5,1.031250000000,0.234375000000,-0.065943374651,-0.065824288317,-0.000119086334
22,6,1.031250000000,0.281250000000,-0.075905350633,-0.075768274083,-0.000137076550
22,7,1.031250000000,0.328125000000,-0.084224205013,-0.084072105531,-0.000152099482
22,8,1.031250000000,0.375000000000,-0.090719859720,-0.090556029786,-0.000163829934
22,9,1.031250000000,0.421875000000,-0.095251703449,-0.095079689468,-0.000172013981
22,10,1.031250000000,0.468750000000,-0.097721635472,-0.097545161008,-0.000176474464
22,11,1.031250000000,0.515625000000,-0.098076189223,-0.097899074391,-0.000177114831
22,12,1.031250000000,0.562500000000,-0.096307689685,-0.096133768462,-0.000173921223
22,13,1.031250000000,0.609375000000,-0.092454419537,-0.092287456764,-0.000166962773
22,14,1.031250000000,0.656250000000,-0.086599790441,-0.086443400327,-0.000156390114
22,15,1.031250000000,0.703125000000,-0.078870537439,-0.078728105327,-0.000142432112
22,16,1.031250000000,0.750000000000,-0.069433975517,-0.069308584600,-0.000125390918
22,17,1.031250000000,0.796875000000,-0.058494377746,-0.058388742323,-0.000105635423
22,18,1.031250000000,0.843750000000,-0.046288553381,-0.046204960104,-0.000083593276
22,19,1.031250000000,0.890625000000,-0.033080721659,-0.033020980036,-0.000059741623
22,20,1.031250000000,0.937500000000,-0.019156792252,-0.019122195470,-0.000034596782
22,21,1.031250000000,0.984375000000,-0.004818176182,-0.004809473120,-0.000008703062
22,22,1.031250000000,1.031250000000,0.009624738814,0.009607359798,0.000017379015
22,23,1.031250000000,1.078125000000,0.023859307242,0.023816222391,0.000043084851
22,24,1.031250000000,1.125000000000,0.037577393684,0.037509535692,0.000067857992
22,25,1.031250000000,1.171875000000,0.050482042996,0.050390880821,0.000091162175
22,26,1.031250000000,1.218750000000,0.062293908492,0.062181415558,0.000112492934
22,27,1.031250000000,1.265625000000,0.072757298954,0.072625910431,0.000131388523
22,28,1.031250000000,1.312500000000,0.081645713579,0.081498273669,0.000147439911
22,29,1.031250000000,1.359375000000,0.088766745033,0.088606445401,0.000160299633
22,30,1.031250000000,1.406250000000,0.093966244490,0.093796555174,0.000169689316
22,31,1.031250000000,1.453125000000,0.097131658490,0.096956252788,0.000175405702
22,32,1.031250000000,1.500000000000,0.098194465380,0.098017140330,0.000177325050
22,33,1.031250000000,1.546875000000,0.097131658601,0.096956252788,0.000175405813
22,34,1.031250000000,1.593750000000,0.093966244711,0.093796555174,0.000169689536
22,35,1.031250000000,1.640625000000,0.088766745363,0.088606445401,0.000160299962
22,36,1.031250000000,1.687500000000,0.081645714016,0.081498273669,0.000147440347
22,37,1.031250000000,1.734375000000,0.072757299495,0.072625910431,0.000131389064
22,38,1.031250000000,1.781250000000,0.062293909134,0.062181415558,0.000112493576
22,39,1.031250000000,1.828125000000,0.050482043735,0.050390880821,0.000091162914
22,40,1.031250000000,1.875000000000,0.037577394515,0.037509535692,0.000067858823
22,41,1.031250000000,1.921875000000,0.023859308159,0.023816222391,0.000043085769
22,42,1.031250000000,1.968750000000,0.009624739811,0.009607359798,0.000017380013
22,43,1.031250000000,2.015625000000,-0.004818175111,-0.004809473120,-0.000008701991
22,44,1.031250000000,2.062500000000,-0.019156791114,-0.019122195470,-0.000034595644
22,45,1.031250000000,2.109375000000,-0.033080720463,-0.033020980036,-0.000059740427
22,46,1.031250000000,2.156250000000,-0.046288552135,-0.046204960104,-0.000083592030
22,47,1.031250000000,2.203125000000,-0.058494376459,-0.058388742323,-0.000105634137
22,48,1.031250000000,2.250000000000,-0.069433974200,-0.069308584600,-0.000125389600
22,49,1.031250000000,2.296875000000,-0.078870536101,-0.078728105327,-0.000142430774
22,50,1.031250000000,2.343750000000,-0.086599789094,-0.086443400327,-0.000156388767
22,51,1.031250000000,2.390625000000,-0.092454418192,-0.092287456764,-0.000166961429
22,52,1.031250000000,2.437500000000,-0.096307688355,-0.096133768462,-0.000173919893
22,53,1.031250000000,2.484375000000,-0.098076187920,-0.097899074391,-0.000177113529
22,54,1.031250000000,2.531250000000,-0.097721634210,-0.097545161008,-0.000176473202
22,55,1.031250000000,2.578125000000,-0.095251702242,-0.095079689468,-0.000172012774
22,56,1.031250000000,2.625000000000,-0.090719858583,-0.090556029786,-0.000163828797
22,57,1.031250000000,2.671875000000,-0.084224203961,-0.084072105531,-0.000152098430
22,58,1.031250000000,2.718750000000,-0.075905349682,-0.075768274083,-0.000137075598
22,59,1.031250000000,2.765625000000,-0.065943373817,-0.065824288317,-0.000119085500
22,60,1.031250000000,2.812500000000,-0.054553923058,-0.054455405493,-0.000098517566
22,61,1.031250000000,2.859375000000,-0.041983544619,-0.041907727591,-0.000075817028
22,62,1.031250000000,2.906250000000,-0.028504349231,-0.028452873946,-0.000051475285
22,63,1.031250000000,2.953125000000,-0.014408120766,-0.014382101505,-0.000026019260
22,64,1.031250000000,3.000000000000,0.000000000000,-0.000000000000,0.000000000000
23,0,1.078125000000,0.000000000000,0.000000000000,-0.000000000000,0.000000000000
23,1,1.078125000000,0.046875000000,-0.035717097839,-0.035652597080,-0.000064500759
23,2,1.078125000000,0.093750000000,-0.070661028363,-0.070533423102,-0.000127605260
23,3,1.078125000000,0.140625000000,-0.104075361008,-0.103887413520,-0.000187947488
23,4,1.078125000000,0.187500000000,-0.135236776387,-0.134992555168,-0.000244221219
23,5,1.078125000000,0.234375000000,-0.163470723966,-0.163175515664,-0.000295208302
23,6,1.078125000000,0.281250000000,-0.188166024048,-0.187826219025,-0.000339805023
23,7,1.078125000000,0.328125000000,-0.208788097969,-0.208411051966,-0.000377046003
23,8,1.078125000000,0.375000000000,-0.224890540107,-0.224484415019,-0.000406125089
23,9,1.078125000000,0.421875000000,-0.236124781223,-0.235698368413,-0.000426412810
23,10,1.078125000000,0.468750000000,-0.242247633926,-0.241810163924,-0.000437470002
23,11,1.078125000000,0.515625000000,-0.243126556948,-0.242687499635,-0.000439057313
23,12,1.078125000000,0.562500000000,-0.238742524263,-0.238311383879,-0.000431140384
23,13,1.078125000000,0.609375000000,-0.229190436941,-0.228776546345,-0.000413890596
23,14,1.078125000000,0.656250000000,-0.214677068828,-0.214289387472,-0.000387681356
23,15,1.078125000000,0.703125000000,-0.195516590515,-0.195163510499,-0.000353080016
23,16,1.078125000000,0.750000000000,-0.172123768496,-0.171812932904,-0.000310835593
23,17,1.078125000000,0.796875000000,-0.145004986725,-0.144743124174,-0.000261862552
23,18,1.078125000000,0.843750000000,-0.114747284932,-0.114540063920,-0.000207221012
23,19,1.078125000000,0.890625000000,-0.082005650984,-0.081857557185,-0.000148093799
23,20,1.078125000000,0.937500000000,-0.047488842381,-0.047403081541,-0.000085760840
23,21,1.078125000000,0.984375000000,-0.011944043789,-0.011922472336,-0.000021571454
23,22,1.078125000000,1.031250000000,0.023859307242,0.023816222391,0.000043084851
23,23,1.078125000000,1.078125000000,0.059146176288,0.059039367826,0.000106808462
23,24,1.078125000000,1.125000000000,0.093152709196,0.092984489242,0.000168219954
23,25,1.078125000000,1.171875000000,0.125142767228,0.124916777273,0.000225989955
23,26,1.078125000000,1.218750000000,0.154423862234,0.154144994316,0.000278867918
23,27,1.078125000000,1.265625000000,0.180362146934,0.180036437738,0.000325709196
23,28,1.078125000000,1.312500000000,0.202396135798,0.202030635981,0.000365499817
23,29,1.078125000000,1.359375000000,0.220048859507,0.219651481074,0.000397378434
23,30,1.078125000000,1.406250000000,0.232938189905,0.232517534933,0.000420654972
23,31,1.078125000000,1.453125000000,0.240785111912,0.240350286347,0.000434825565
23,32,1.078125000000,1.500000000000,0.243419763367,0.242980179903,0.000439583464
23,33,1.078125000000,1.546875000000,0.240785112022,0.240350286347,0.000434825675
23,34,1.078125000000,1.593750000000,0.232938190124,0.232517534933,0.000420655191
23,35,1.078125000000,1.640625000000,0.220048859834,0.219651481074,0.000397378760
23,36,1.078125000000,1.687500000000,0.202396136231,0.202030635981,0.000365500250
23,37,1.078125000000,1.734375000000,0.180362147471,0.180036437738,0.000325709732
23,38,1.078125000000,1.781250000000,0.154423862870,0.154144994316,0.000278868555
23,39,1.078125000000,1.828125000000,0.125142767960,0.124916777273,0.000225990687
23,40,1.078125000000,1.875000000000,0.093152710020,0.092984489242,0.000168220778
23,41,1.078125000000,1.921875000000,0.059146177197,0.059039367826,0.000106809372
23,42,1.078125000000,1.968750000000,0.023859308231,0.023816222391,0.000043085841
23,43,1.078125000000,2.015625000000,-0.011944042727,-0.011922472336,-0.000021570392
23,44,1.078125000000,2.062500000000,-0.047488841252,-0.047403081541,-0.000085759712
23,45,1.078125000000,2.109375000000,-0.082005649798,-0.081857557185,-0.000148092613
23,46,1.078125000000,2.156250000000,-0.114747283697,-0.114540063920,-0.000207219777
23,47,1.078125000000,2.203125000000,-0.145004985450,-0.144743124174,-0.000261861276
23,48,1.078125000000,2.250000000000,-0.172123767190,-0.171812932904,-0.000310834287
23,49,1.078125000000,2.296875000000,-0.195516589189,-0.195163510499,-0.000353078690
23,50,1.078125000000,2.343750000000,-0.214677067492,-0.214289387472,-0.000387680021
23,51,1.078125000000,2.390625000000,-0.229190435608,-0.228776546345,-0.000413889263
23,52,1.078125000000,2.437500000000,-0.238742522945,-0.238311383879,-0.000431139066
23,53,1.078125000000,2.484375000000,-0.243126555658,-0.242687499635,-0.000439056023
23,54,1.078125000000,2.531250000000,-0.242247632676,-0.241810163924,-0.000437468752
23,55,1.078125000000,2.578125000000,-0.236124780028,-0.235698368413,-0.000426411615
23,56,1.078125000000,2.625000000000,-0.224890538981,-0.224484415019,-0.000406123962
23,57,1.078125000000,2.671875000000,-0.208788096926,-0.208411051966,-0.000377044960
23,58,1.078125000000,2.718750000000,-0.188166023106,-0.187826219025,-0.000339804081
23,59,1.078125000000,2.765625000000,-0.163470723139,-0.163175515664,-0.000295207475
23,60,1.078125000000,2.812500000000,-0.135236775692,-0.134992555168,-0.000244220524
23,61,1.078125000000,2.859375000000,-0.104075360462,-0.103887413520,-0.000187946942
23,62,1.078125000000,2.906250000000,-0.070661027982,-0.070533423102,-0.000127604879
23,63,1.078125000000,2.953125000000,-0.035717097640,-0.035652597080,-0.000064500559
23,64,1.078125000000,3.000000000000,0.000000000000,-0.000000000000,0.000000000000
24,0,1.125000000000,0.000000000000,0.000000000000,-0.000000000000,0.000000000000
24,1,1.125000000000,0.046875000000,-0.056252907411,-0.056151321597,-0.000101585814
24,2,1.125000000000,0.093750000000,-0.111288109246,-0.111087136655,-0.000200972591
24,3,1.125000000000,0.140625000000,-0.163914259592,-0.163618250679,-0.000296008913
24,4,1.125000000000,0.187500000000,-0.212992161227,-0.212607523692,-0.000384637535
24,5,1.125000000000,0.234375000000,-0.257459425796,-0.256994485876,-0.000464939920
24,6,1.125000000000,0.281250000000,-0.296353471313,-0.295818293547,-0.000535177766
24,7,1.125000000000,0.328125000000,-0.328832359152,-0.328238528513,-0.000593830640
24,8,1.125000000000,0.375000000000,-0.354193019481,-0.353553390593,-0.000639628888
24,9,1.125000000000,0.421875000000,-0.371886470593,-0.371214889474,-0.000671581119
24,10,1.125000000000,0.468750000000,-0.381529702707,-0.380840707040,-0.000688995667
24,11,1.125000000000,0.515625000000,-0.382913968973,-0.382222473411,-0.000691495562
24,12,1.125000000000,0.562500000000,-0.376009304210,-0.375330277518,-0.000679026692
24,13,1.125000000000,0.609375000000,-0.360965173559,-0.360313314587,-0.000651858972
24,14,1.125000000000,0.656250000000,-0.338107237019,-0.337496656517,-0.000610580503
24,15,1.125000000000,0.703125000000,-0.307930299889,-0.307374215049,-0.000556084841
24,16,1.125000000000,0.750000000000,-0.271087601726,-0.270598050073,-0.000489551653
24,17,1.125000000000,0.796875000000,-0.228376675685,-0.227964254501,-0.000412421184
24,18,1.125000000000,0.843750000000,-0.180722084331,-0.180395721254,-0.000326363077
24,19,1.125000000000,0.890625000000,-0.129155405655,-0.128922165425,-0.000233240230
24,20,1.125000000000,0.937500000000,-0.074792902523,-0.074657834050,-0.000135068473
24,21,1.125000000000,0.984375000000,-0.018811358957,-0.018777386030,-0.000033972927
24,22,1.125000000000,1.031250000000,0.037577393684,0.037509535692,0.000067857992
24,23,1.125000000000,1.078125000000,0.093152709196,0.092984489242,0.000168219954
24,24,1.125000000000,1.125000000000,0.146711549832,0.146446609407,0.000264940425
24,25,1.125000000000,1.171875000000,0.197094528434,0.196738602736,0.000355925698
24,26,1.125000000000,1.218750000000,0.243211005671,0.242771799453,0.000439206218
24,27,1.125000000000,1.265625000000,0.284062699079,0.283549719866,0.000512979213
24,28,1.125000000000,1.312500000000,0.318765292864,0.318189645143,0.000575647721
24,29,1.125000000000,1.359375000000,0.346567580671,0.345941725514,0.000625855158
24,30,1.125000000000,1.406250000000,0.366867726932,0.366205212247,0.000662514685
24,31,1.125000000000,1.453125000000,0.379226294784,0.378541462048,0.000684832736
24,32,1.125000000000,1.500000000000,0.383375758558,0.382683432365,0.000692326192
24,33,1.125000000000,1.546875000000,0.379226294893,0.378541462048,0.000684832845
24,34,1.125000000000,1.593750000000,0.366867727148,0.366205212247,0.000662514902
24,35,1.125000000000,1.640625000000,0.346567580995,0.345941725514,0.000625855481
24,36,1.125000000000,1.687500000000,0.318765293292,0.318189645143,0.000575648149
24,37,1.125000000000,1.734375000000,0.284062699609,0.283549719866,0.000512979743
24,38,1.125000000000,1.781250000000,0.243211006300,0.242771799453,0.000439206847
24,39,1.125000000000,1.828125000000,0.197094529159,0.196738602736,0.000355926422
24,40,1.125000000000,1.875000000000,0.146711550646,0.146446609407,0.000264941239
24,41,1.125000000000,1.921875000000,0.093152710096,0.092984489242,0.000168220853
24,42,1.125000000000,1.968750000000,0.037577394662,0.037509535692,0.000067858971
24,43,1.125000000000,2.015625000000,-0.018811357907,-0.018777386030,-0.000033971877
24,44,1.125000000000,2.062500000000,-0.074792901408,-0.074657834050,-0.000135067357
24,45,1.125000000000,2.109375000000,-0.129155404483,-0.128922165425,-0.000233239058
24,46,1.125000000000,2.156250000000,-0.180722083110,-0.180395721254,-0.000326361856
24,47,1.125000000000,2.203125000000,-0.228376674424,-0.227964254501,-0.000412419923
24,48,1.125000000000,2.250000000000,-0.271087600435,-0.270598050073,-0.000489550362
24,49,1.125000000000,2.296875000000,-0.307930298579,-0.307374215049,-0.000556083530
24,50,1.125000000000,2.343750000000,-0.338107235700,-0.337496656517,-0.000610579183
24,51,1.125000000000,2.390625000000,-0.360965172242,-0.360313314587,-0.000651857655
24,52,1.125000000000,2.437500000000,-0.376009302908,-0.375330277518,-0.000679025390
24,53,1.125000000000,2.484375000000,-0.382913967698,-0.382222473411,-0.000691494287
24,54,1.125000000000,2.531250000000,-0.381529701472,-0.380840707040,-0.000688994432
24,55,1.125000000000,2.578125000000,-0.371886469412,-0.371214889474,-0.000671579938
24,56,1.125000000000,2.625000000000,-0.354193018368,-0.353553390593,-0.000639627775
24,57,1.125000000000,2.671875000000,-0.328832358123,-0.328238528513,-0.000593829610
24,58,1.125000000000,2.718750000000,-0.296353470381,-0.295818293547,-0.000535176834
24,59,1.125000000000,2.765625000000,-0.257459424979,-0.256994485876,-0.000464939103
24,60,1.125000000000,2.812500000000,-0.212992160541,-0.212607523692,-0.000384636849
24,61,1.125000000000,2.859375000000,-0.163914259052,-0.163618250679,-0.000296008373
24,62,1.125000000000,2.906250000000,-0.111288108869,-0.111087136655,-0.000200972214
24,63,1.125000000000,2.953125000000,-0.056252907214,-0.056151321597,-0.000101585617
24,64,1.125000000000,3.000000000000,0.000000000000,-0.000000000000,0.000000000000
25,0,1.171875000000,0.000000000000,0.000000000000,-0.000000000000,0.000000000000
25,1,1.171875000000,0.046875000000,-0.075571011421,-0.075434539574,-0.000136471847
25,2,1.171875000000,0.093750000000,-0.149506138654,-0.149236149174,-0.000269989480
25,3,1.171875000000,0.140625000000,-0.220204909478,-0.219807246826,-0.000397662651
25,4,1.171875000000,0.187500000000,-0.286136909013,-0.285620181387,-0.000516727626
25,5,1.171875000000,0.234375000000,-0.345874908585,-0.345250301574,-0.000624607011
25,6,1.171875000000,0.281250000000,-0.398125760911,-0.397406795364,-0.000718965547
25,7,1.171875000000,0.328125000000,-0.441758392835,-0.440960632174,-0.000797760661
25,8,1.171875000000,0.375000000000,-0.475828289647,-0.474969002968,-0.000859286679
25,9,1.171875000000,0.421875000000,-0.499597940973,-0.498695729221,-0.000902211753
25,10,1.171875000000,0.468750000000,-0.512552805648,-0.511627198961,-0.000925606686
25,11,1.171875000000,0.515625000000,-0.514412449976,-0.513483484923,-0.000928965053
25,12,1.171875000000,0.562500000000,-0.505136618276,-0.504224404120,-0.000912214156
25,13,1.171875000000,0.609375000000,-0.484926104294,-0.484050387689,-0.000875716605
25,14,1.171875000000,0.656250000000,-0.454218404626,-0.453398142164,-0.000820262462
25,15,1.171875000000,0.703125000000,-0.413678248236,-0.412931196091,-0.000747052145
25,16,1.171875000000,0.750000000000,-0.364183207082,-0.363525536646,-0.000657670436
25,17,1.171875000000,0.796875000000,-0.306804699335,-0.306250647154,-0.000554052182
25,18,1.171875000000,0.843750000000,-0.242784796411,-0.242346356006,-0.000438440405
25,19,1.171875000000,0.890625000000,-0.173509335872,-0.173195998120,-0.000313337752
25,20,1.171875000000,0.937500000000,-0.100477922233,-0.100296469914,-0.000181452319
25,21,1.171875000000,0.984375000000,-0.025271465051,-0.025225826023,-0.000045639028
25,22,1.171875000000,1.031250000000,0.050482042996,0.050390880821,0.000091162175
25,23,1.171875000000,1.078125000000,0.125142767228,0.124916777273,0.000225989955
25,24,1.171875000000,1.125000000000,0.197094528434,0.196738602736,0.000355925698
25,25,1.171875000000,1.171875000000,0.264779788276,0.264301631587,0.000478156689
25,26,1.171875000000,1.218750000000,0.326733365280,0.326143328286,0.000590036994
25,27,1.171875000000,1.265625000000,0.381614151602,0.380925006858,0.000689144744
25,28,1.171875000000,1.312500000000,0.428234143953,0.427460809398,0.000773334555
25,29,1.171875000000,1.359375000000,0.465584160290,0.464743376316,0.000840783974
25,30,1.171875000000,1.406250000000,0.492855685553,0.491965652629,0.000890032923
25,31,1.171875000000,1.453125000000,0.509458373579,0.508538358264,0.000920015314
25,32,1.171875000000,1.500000000000,0.515032826312,0.514102744193,0.000930082119
25,33,1.171875000000,1.546875000000,0.509458373686,0.508538358264,0.000920015422
25,34,1.171875000000,1.593750000000,0.492855685766,0.491965652629,0.000890033137
25,35,1.171875000000,1.640625000000,0.465584160609,0.464743376316,0.000840784293
25,36,1.171875000000,1.687500000000,0.428234144375,0.427460809398,0.000773334977
25,37,1.171875000000,1.734375000000,0.381614152124,0.380925006858,0.000689145266
25,38,1.171875000000,1.781250000000,0.326733365900,0.326143328286,0.000590037614
25,39,1.171875000000,1.828125000000,0.264779788989,0.264301631587,0.000478157402
25,40,1.171875000000,1.875000000000,0.197094529237,0.196738602736,0.000355926501
25,41,1.171875000000,1.921875000000,0.125142768114,0.124916777273,0.000225990841
25,42,1.171875000000,1.968750000000,0.050482043961,0.050390880821,0.000091163139
25,43,1.171875000000,2.015625000000,-0.025271464015,-0.025225826023,-0.000045637992
25,44,1.171875000000,2.062500000000,-0.100477921134,-0.100296469914,-0.000181451220
25,45,1.171875000000,2.109375000000,-0.173509334716,-0.173195998120,-0.000313336596
25,46,1.171875000000,2.156250000000,-0.242784795207,-0.242346356006,-0.000438439201
25,47,1.171875000000,2.203125000000,-0.306804698092,-0.306250647154,-0.000554050939
25,48,1.171875000000,2.250000000000,-0.364183205809,-0.363525536646,-0.000657669164
25,49,1.171875000000,2.296875000000,-0.413678246944,-0.412931196091,-0.000747050853
25,50,1.171875000000,2.343750000000,-0.454218403326,-0.453398142164,-0.000820261162
25,51,1.171875000000,2.390625000000,-0.484926102996,-0.484050387689,-0.000875715307
25,52,1.171875000000,2.437500000000,-0.505136616993,-0.504224404120,-0.000912212873
25,53,1.171875000000,2.484375000000,-0.514412448719,-0.513483484923,-0.000928963797
25,54,1.171875000000,2.531250000000,-0.512552804431,-0.511627198961,-0.000925605470
25,55,1.171875000000,2.578125000000,-0.499597939810,-0.498695729221,-0.000902210590
25,56,1.171875000000,2.625000000000,-0.475828288551,-0.474969002968,-0.000859285583
25,57,1.171875000000,2.671875000000,-0.441758391821,-0.440960632174,-0.000797759647
25,58,1.171875000000,2.718750000000,-0.398125759994,-0.397406795364,-0.000718964630
25,59,1.171875000000,2.765625000000,-0.345874907780,-0.345250301574,-0.000624606206
25,60,1.171875000000,2.812500000000,-0.286136908337,-0.285620181387,-0.000516726949
25,61,1.171875000000,2.859375000000,-0.220204908946,-0.219807246826,-0.000397662119
25,62,1.171875000000,2.906250000000,-0.149506138283,-0.149236149174,-0.000269989109
25,63,1.171875000000,2.953125000000,-0.075571011227,-0.075434539574,-0.000136471653
25,64,1.171875000000,3.000000000000,0.000000000000,-0.000000000000,0.000000000000
26,0,1.218750000000,0.000000000000,0.000000000000,-0.000000000000,0.000000000000
26,1,1.218750000000,0.046875000000,-0.093253231257,-0.093084827577,-0.000168403681
26,2,1.218750000000,0.093750000000,-0.184487811667,-0.184154649746,-0.000333161921
26,3,1.218750000000,0.140625000000,-0.271728788088,-0.271238079882,-0.000490708206
26,4,1.218750000000,0.187500000000,-0.353087656848,-0.352450024709,-0.000637632139
26,5,1.218750000000,0.234375000000,-0.426803244140,-0.426032490875,-0.000770753265
26,6,1.218750000000,0.281250000000,-0.491279830119,-0.490392640202,-0.000887189917
26,7,1.218750000000,0.328125000000,-0.545121691416,-0.544137269819,-0.000984421597
26,8,1.218750000000,0.375000000000,-0.587163314337,-0.586102970801,-0.001060343536
26,9,1.218750000000,0.421875000000,-0.616494624711,-0.615381312455,-0.001113312256
26,10,1.218750000000,0.468750000000,-0.632480688250,-0.631338507103,-0.001142181147
26,11,1.218750000000,0.515625000000,-0.634775454957,-0.633629129670,-0.001146325288
26,12,1.218750000000,0.562500000000,-0.623329250066,-0.622203595094,-0.001125654972
26,13,1.218750000000,0.609375000000,-0.598389849348,-0.597309231696,-0.001080617652
26,14,1.218750000000,0.656250000000,-0.560497115516,-0.559484927264,-0.001012188252
26,15,1.218750000000,0.703125000000,-0.510471311823,-0.509549463761,-0.000921848062
26,16,1.218750000000,0.750000000000,-0.449395345849,-0.448583793171,-0.000811552677
26,17,1.218750000000,0.796875000000,-0.378591327811,-0.377907638151,-0.000683689660
26,18,1.218750000000,0.843750000000,-0.299591950879,-0.299050924019,-0.000541026860
26,19,1.218750000000,0.890625000000,-0.214107312992,-0.213720660495,-0.000386652497
26,20,1.218750000000,0.937500000000,-0.123987898402,-0.123763990092,-0.000223908309
26,21,1.218750000000,0.984375000000,-0.031184520282,-0.031128203063,-0.000056317219
26,22,1.218750000000,1.031250000000,0.062293908492,0.062181415558,0.000112492934
26,23,1.218750000000,1.078125000000,0.154423862234,0.154144994316,0.000278867918
26,24,1.218750000000,1.125000000000,0.243211005671,0.242771799453,0.000439206218
26,25,1.218750000000,1.171875000000,0.326733365280,0.326143328286,0.000590036994
26,26,1.218750000000,1.218750000000,0.403182934207,0.402454838992,0.000728095215
26,27,1.218750000000,1.265625000000,0.470904810155,0.470054417819,0.000850392337
26,28,1.218750000000,1.312500000000,0.528433019029,0.527478738031,0.000954280998
26,29,1.218750000000,1.359375000000,0.574522248836,0.573484736513,0.001037512322
26,30,1.218750000000,1.406250000000,0.608174806938,0.607076522334,0.001098284604
26,31,1.218750000000,1.453125000000,0.628662217082,0.627526934774,0.001135282308
26,32,1.218750000000,1.500000000000,0.635540988709,0.634393284164,0.001147704546
26,33,1.218750000000,1.546875000000,0.628662217188,0.627526934774,0.001135282414
26,34,1.218750000000,1.593750000000,0.608174807149,0.607076522334,0.001098284815
26,35,1.218750000000,1.640625000000,0.574522249150,0.573484736513,0.001037512636
26,36,1.218750000000,1.687500000000,0.528433019444,0.527478738031,0.000954281413
26,37,1.218750000000,1.734375000000,0.470904810669,0.470054417819,0.000850392851
26,38,1.218750000000,1.781250000000,0.403182934816,0.402454838992,0.000728095824
26,39,1.218750000000,1.828125000000,0.326733365982,0.326143328286,0.000590037695
26,40,1.218750000000,1.875000000000,0.243211006460,0.242771799453,0.000439207007
26,41,1.218750000000,1.921875000000,0.154423863105,0.154144994316,0.000278868790
26,42,1.218750000000,1.968750000000,0.062293909440,0.062181415558,0.000112493882
26,43,1.218750000000,2.015625000000,-0.031184519263,-0.031128203063,-0.000056316201
26,44,1.218750000000,2.062500000000,-0.123987897321,-0.123763990092,-0.000223907228
26,45,1.218750000000,2.109375000000,-0.214107311855,-0.213720660495,-0.000386651360
26,46,1.218750000000,2.156250000000,-0.299591949696,-0.299050924019,-0.000541025676
26,47,1.218750000000,2.203125000000,-0.378591326589,-0.377907638151,-0.000683688438
26,48,1.218750000000,2.250000000000,-0.449395344598,-0.448583793171,-0.000811551426
26,49,1.218750000000,2.296875000000,-0.510471310553,-0.509549463761,-0.000921846792
26,50,1.218750000000,2.343750000000,-0.560497114237,-0.559484927264,-0.001012186974
26,51,1.218750000000,2.390625000000,-0.598389848073,-0.597309231696,-0.001080616377
26,52,1.218750000000,2.437500000000,-0.623329248805,-0.622203595094,-0.001125653711
26,53,1.218750000000,2.484375000000,-0.634775453723,-0.633629129670,-0.001146324053
26,54,1.218750000000,2.531250000000,-0.632480687055,-0.631338507103,-0.001142179952
26,55,1.218750000000,2.578125000000,-0.616494623568,-0.615381312455,-0.001113311113
26,56,1.218750000000,2.625000000000,-0.587163313260,-0.586102970801,-0.001060342459
26,57,1.218750000000,2.671875000000,-0.545121690420,-0.544137269819,-0.000984420601
26,58,1.218750000000,2.718750000000,-0.491279829218,-0.490392640202,-0.000887189016
26,59,1.218750000000,2.765625000000,-0.426803243349,-0.426032490875,-0.000770752474
26,60,1.218750000000,2.812500000000,-0.353087656183,-0.352450024709,-0.000637631474
26,61,1.218750000000,2.859375000000,-0.271728787565,-0.271238079882,-0.000490707683
26,62,1.218750000000,2.906250000000,-0.184487811302,-0.184154649746,-0.000333161556
26,63,1.218750000000,2.953125000000,-0.093253231067,-0.093084827577,-0.000168403490
26,64,1.218750000000,3.000000000000,0.000000000000,-0.000000000000,0.000000000000
27,0,1.265625000000,0.000000000000,0.000000000000,-0.000000000000,0.000000000000
27,1,1.265625000000,0.046875000000,-0.108916800260,-0.108720110172,-0.000196690088
27,2,1.265625000000,0.093750000000,-0.215475880705,-0.215086758285,-0.000389122420
27,3,1.265625000000,0.140625000000,-0.317370559050,-0.316797427628,-0.000573131421
27,4,1.265625000000,0.187500000000,-0.412395123227,-0.411650389370,-0.000744733857
27,5,1.265625000000,0.234375000000,-0.498492578393,-0.497592363336,-0.000900215057
27,6,1.265625000000,0.281250000000,-0.573799174656,-0.572762965330,-0.001036209326
27,7,1.265625000000,0.328125000000,-0.636684751631,-0.635534978829,-0.001149772802
27,8,1.265625000000,0.375000000000,-0.685788026490,-0.684549579307,-0.001238447183
27,9,1.265625000000,0.421875000000,-0.720046061623,-0.718745748684,-0.001300312939
27,10,1.265625000000,0.468750000000,-0.738717274029,-0.737383243164,-0.001334030865
27,11,1.265625000000,0.515625000000,-0.741397488348,-0.740058617275,-0.001338871073
27,12,1.265625000000,0.562500000000,-0.728028686037,-0.726713957246,-0.001314728790
27,13,1.265625000000,0.609375000000,-0.698900261294,-0.697638134669,-0.001262126625
27,14,1.265625000000,0.656250000000,-0.654642756551,-0.653460553293,-0.001182203258
27,15,1.265625000000,0.703125000000,-0.596214213134,-0.595137524344,-0.001076688790
27,16,1.265625000000,0.750000000000,-0.524879432557,-0.523931565266,-0.000947867291
27,17,1.265625000000,0.796875000000,-0.442182597397,-0.441384070037,-0.000798527360
27,18,1.265625000000,0.843750000000,-0.349913844395,-0.349281942640,-0.000631901755
27,19,1.265625000000,0.890625000000,-0.250070513412,-0.249618915992,-0.000451597420
27,20,1.265625000000,0.937500000000,-0.144813911042,-0.144552393644,-0.000261517399
27,21,1.265625000000,0.984375000000,-0.036422524861,-0.036356748511,-0.000065776350
27,22,1.265625000000,1.031250000000,0.072757298954,0.072625910431,0.000131388523
27,23,1.265625000000,1.078125000000,0.180362146934,0.180036437738,0.000325709196
27,24,1.265625000000,1.125000000000,0.284062699079,0.283549719866,0.000512979213
27,25,1.265625000000,1.171875000000,0.381614151602,0.380925006858,0.000689144744
27,26,1.265625000000,1.218750000000,0.470904810155,0.470054417819,0.000850392337
27,27,1.265625000000,1.265625000000,0.550001801633,0.549008570165,0.000993231469
27,28,1.265625000000,1.312500000000,0.617192915038,0.616078344934,0.001114570104
27,29,1.265625000000,1.359375000000,0.671023665678,0.669811884049,0.001211781629
27,30,1.265625000000,1.406250000000,0.710328780367,0.709046018658,0.001282761708
27,31,1.265625000000,1.453125000000,0.734257422070,0.732931448233,0.001325973837
27,32,1.265625000000,1.500000000000,0.742291607959,0.740951125355,0.001340482605
27,33,1.265625000000,1.546875000000,0.734257422173,0.732931448233,0.001325973940
27,34,1.265625000000,1.593750000000,0.710328780573,0.709046018658,0.001282761914
27,35,1.265625000000,1.640625000000,0.671023665986,0.669811884049,0.001211781937
27,36,1.265625000000,1.687500000000,0.617192915446,0.616078344934,0.001114570512
27,37,1.265625000000,1.734375000000,0.550001802138,0.549008570165,0.000993231973
27,38,1.265625000000,1.781250000000,0.470904810753,0.470054417819,0.000850392935
27,39,1.265625000000,1.828125000000,0.381614152290,0.380925006858,0.000689145432
27,40,1.265625000000,1.875000000000,0.284062699852,0.283549719866,0.000512979987
27,41,1.265625000000,1.921875000000,0.180362147789,0.180036437738,0.000325710050
27,42,1.265625000000,1.968750000000,0.072757299884,0.072625910431,0.000131389453
27,43,1.265625000000,2.015625000000,-0.036422523863,-0.036356748511,-0.000065775352
27,44,1.265625000000,2.062500000000,-0.144813909982,-0.144552393644,-0.000261516338
27,45,1.265625000000,2.109375000000,-0.250070512297,-0.249618915992,-0.000451596305
27,46,1.265625000000,2.156250000000,-0.349913843234,-0.349281942640,-0.000631900595
27,47,1.265625000000,2.203125000000,-0.442182596198,-0.441384070037,-0.000798526161
27,48,1.265625000000,2.250000000000,-0.524879431330,-0.523931565266,-0.000947866064
27,49,1.265625000000,2.296875000000,-0.596214211888,-0.595137524344,-0.001076687544
27,50,1.265625000000,2.343750000000,-0.654642755298,-0.653460553293,-0.001182202005
27,51,1.265625000000,2.390625000000,-0.698900260043,-0.697638134669,-0.001262125375
27,52,1.265625000000,2.437500000000,-0.728028684800,-0.726713957246,-0.001314727554
27,53,1.265625000000,2.484375000000,-0.741397487138,-0.740058617275,-0.001338869863
27,54,1.265625000000,2.531250000000,-0.738717272857,-0.737383243164,-0.001334029693
27,55,1.265625000000,2.578125000000,-0.720046060502,-0.718745748684,-0.001300311818
27,56,1.265625000000,2.625000000000,-0.685788025434,-0.684549579307,-0.001238446128
27,57,1.265625000000,2.671875000000,-0.636684750655,-0.635534978829,-0.001149771826
27,58,1.265625000000,2.718750000000,-0.573799173773,-0.572762965330,-0.001036208443
27,59,1.265625000000,2.765625000000,-0.498492577618,-0.497592363336,-0.000900214282
27,60,1.265625000000,2.812500000000,-0.412395122575,-0.411650389370,-0.000744733206
27,61,1.265625000000,2.859375000000,-0.317370558537,-0.316797427628,-0.000573130909
27,62,1.265625000000,2.906250000000,-0.215475880347,-0.215086758285,-0.000389122062
27,63,1.265625000000,2.953125000000,-0.108916800073,-0.108720110172,-0.000196689901
27,64,1.265625000000,3.000000000000,0.000000000000,-0.000000000000,0.000000000000
28,0,1.312500000000,0.000000000000,0.000000000000,-0.000000000000,0.000000000000
28,1,1.312500000000,0.046875000000,-0.122222649461,-0.122001930708,-0.000220718753
28,2,1.312500000000,0.093750000000,-0.241799547656,-0.241362888054,-0.000436659602
28,3,1.312500000000,0.140625000000,-0.356142215857,-0.355499067772,-0.000643148084
28,4,1.312500000000,0.187500000000,-0.462775480607,-0.461939766256,-0.000835714352
28,5,1.312500000000,0.234375000000,-0.559391053755,-0.558380863825,-0.001010189930
28,6,1.312500000000,0.281250000000,-0.643897499917,-0.642734701963,-0.001162797953
28,7,1.312500000000,0.328125000000,-0.714465509740,-0.713175274818,-0.001290234922
28,8,1.312500000000,0.375000000000,-0.769567498926,-0.768177756711,-0.001389742215
28,9,1.312500000000,0.421875000000,-0.808010675816,-0.806551510015,-0.001459165801
28,10,1.312500000000,0.468750000000,-0.828962861729,-0.827465858856,-0.001497002873
28,11,1.312500000000,0.515625000000,-0.831970505116,-0.830468070740,-0.001502434375
28,12,1.312500000000,0.562500000000,-0.816968499583,-0.815493156849,-0.001475342734
28,13,1.312500000000,0.609375000000,-0.784281593246,-0.782865278843,-0.001416314403
28,14,1.312500000000,0.656250000000,-0.734617358918,-0.733290731749,-0.001326627169
28,15,1.312500000000,0.703125000000,-0.669050877290,-0.667842654799,-0.001208222492
28,16,1.312500000000,0.750000000000,-0.589001464686,-0.587937801210,-0.001063663476
28,17,1.312500000000,0.796875000000,-0.496201949145,-0.495305869755,-0.000896079390
28,18,1.312500000000,0.843750000000,-0.392661159932,-0.391952062009,-0.000709097923
28,19,1.312500000000,0.890625000000,-0.280620442449,-0.280113675789,-0.000506766660
28,20,1.312500000000,0.937500000000,-0.162505139874,-0.162211674411,-0.000293465463
28,21,1.312500000000,0.984375000000,-0.040872091808,-0.040798280150,-0.000073811659
28,22,1.312500000000,1.031250000000,0.081645713579,0.081498273669,0.000147439911
28,23,1.312500000000,1.078125000000,0.202396135798,0.202030635981,0.000365499817
28,24,1.312500000000,1.125000000000,0.318765292864,0.318189645143,0.000575647721
28,25,1.312500000000,1.171875000000,0.428234143953,0.427460809398,0.000773334555
28,26,1.312500000000,1.218750000000,0.528433019029,0.527478738031,0.000954280998
28,27,1.312500000000,1.265625000000,0.617192915038,0.616078344934,0.001114570104
28,28,1.312500000000,1.312500000000,0.692592448283,0.691341716183,0.001250732101
28,29,1.312500000000,1.359375000000,0.752999446570,0.751639627079,0.001359819491
28,30,1.312500000000,1.406250000000,0.797106280811,0.795666809948,0.001439470863
28,31,1.312500000000,1.453125000000,0.823958171245,0.822470209239,0.001487962006
28,32,1.312500000000,1.500000000000,0.832973855536,0.831469612303,0.001504243233
28,33,1.312500000000,1.546875000000,0.823958171346,0.822470209239,0.001487962107
28,34,1.312500000000,1.593750000000,0.797106281012,0.795666809948,0.001439471064
28,35,1.312500000000,1.640625000000,0.752999446871,0.751639627079,0.001359819792
28,36,1.312500000000,1.687500000000,0.692592448682,0.691341716183,0.001250732499
28,37,1.312500000000,1.734375000000,0.617192915532,0.616078344934,0.001114570598
28,38,1.312500000000,1.781250000000,0.528433019614,0.527478738031,0.000954281583
28,39,1.312500000000,1.828125000000,0.428234144626,0.427460809398,0.000773335228
28,40,1.312500000000,1.875000000000,0.318765293620,0.318189645143,0.000575648477
28,41,1.312500000000,1.921875000000,0.202396136633,0.202030635981,0.000365500652
28,42,1.312500000000,1.968750000000,0.081645714488,0.081498273669,0.000147440819
28,43,1.312500000000,2.015625000000,-0.040872090832,-0.040798280150,-0.000073810683
28,44,1.312500000000,2.062500000000,-0.162505138837,-0.162211674411,-0.000293464426
28,45,1.312500000000,2.109375000000,-0.280620441359,-0.280113675789,-0.000506765570
28,46,1.312500000000,2.156250000000,-0.392661158797,-0.391952062009,-0.000709096788
28,47,1.312500000000,2.203125000000,-0.496201947973,-0.495305869755,-0.000896078218
28,48,1.312500000000,2.250000000000,-0.589001463486,-0.587937801210,-0.001063662277
28,49,1.312500000000,2.296875000000,-0.669050876073,-0.667842654799,-0.001208221274
28,50,1.312500000000,2.343750000000,-0.734617357692,-0.733290731749,-0.001326625943
28,51,1.312500000000,2.390625000000,-0.784281592023,-0.782865278843,-0.001416313180
28,52,1.312500000000,2.437500000000,-0.816968498374,-0.815493156849,-0.001475341525
28,53,1.312500000000,2.484375000000,-0.831970503932,-0.830468070740,-0.001502433192
28,54,1.312500000000,2.531250000000,-0.828962860583,-0.827465858856,-0.001497001728
28,55,1.312500000000,2.578125000000,-0.808010674721,-0.806551510015,-0.001459164706
28,56,1.312500000000,2.625000000000,-0.769567497894,-0.768177756711,-0.001389741183
28,57,1.312500000000,2.671875000000,-0.714465508785,-0.713175274818,-0.001290233968
28,58,1.312500000000,2.718750000000,-0.643897499053,-0.642734701963,-0.001162797090
28,59,1.312500000000,2.765625000000,-0.559391052997,-0.558380863825,-0.001010189172
28,60,1.312500000000,2.812500000000,-0.462775479970,-0.461939766256,-0.000835713715
28,61,1.312500000000,2.859375000000,-0.356142215356,-0.355499067772,-0.000643147583
28,62,1.312500000000,2.906250000000,-0.241799547306,-0.241362888054,-0.000436659252
28,63,1.312500000000,2.953125000000,-0.122222649279,-0.122001930708,-0.000220718570
28,64,1.312500000000,3.000000000000,0.000000000000,-0.000000000000,0.000000000000
29,0,1.359375000000,0.000000000000,0.000000000000,-0.000000000000,0.000000000000
29,1,1.359375000000,0.046875000000,-0.132882747410,-0.132642777883,-0.000239969528
29,2,1.359375000000,0.093750000000,-0.262888984626,-0.262414240196,-0.000474744430
29,3,1.359375000000,0.140625000000,-0.387204469226,-0.386505226681,-0.000699242545
29,4,1.359375000000,0.187500000000,-0.503138146397,-0.502229542228,-0.000908604169
29,5,1.359375000000,0.234375000000,-0.608180402142,-0.607082104883,-0.001098297259
29,6,1.359375000000,0.281250000000,-0.700057388849,-0.698793173312,-0.001264215537
29,7,1.359375000000,0.328125000000,-0.776780247222,-0.775377479846,-0.001402767376
29,8,1.359375000000,0.375000000000,-0.836688159076,-0.835177205526,-0.001510953550
29,9,1.359375000000,0.421875000000,-0.878484299041,-0.876897866883,-0.001586432158
29,10,1.359375000000,0.468750000000,-0.901263906911,-0.899636337592,-0.001627569320
29,11,1.359375000000,0.515625000000,-0.904533872971,-0.902900398430,-0.001633474541
29,12,1.359375000000,0.562500000000,-0.888223412332,-0.886619392338,-0.001604019994
29,13,1.359375000000,0.609375000000,-0.852685597213,-0.851145753929,-0.001539843284
29,14,1.359375000000,0.656250000000,-0.798689713991,-0.797247380349,-0.001442333642
29,15,1.359375000000,0.703125000000,-0.727404610476,-0.726091008615,-0.001313601861
29,16,1.359375000000,0.750000000000,-0.640373393883,-0.639216959288,-0.001156434596
29,17,1.359375000000,0.796875000000,-0.539480027226,-0.538505793182,-0.000974234044
29,18,1.359375000000,0.843750000000,-0.426908547203,-0.426137602904,-0.000770944299
29,19,1.359375000000,0.890625000000,-0.305095786398,-0.304544820428,-0.000550965969
29,20,1.359375000000,0.937500000000,-0.176678623218,-0.176359562295,-0.000319060923
29,21,1.359375000000,0.984375000000,-0.044436901436,-0.044356652230,-0.000080249205
29,22,1.359375000000,1.031250000000,0.088766745033,0.088606445401,0.000160299633
29,23,1.359375000000,1.078125000000,0.220048859507,0.219651481074,0.000397378434
29,24,1.359375000000,1.125000000000,0.346567580671,0.345941725514,0.000625855158
29,25,1.359375000000,1.171875000000,0.465584160290,0.464743376316,0.000840783974
29,26,1.359375000000,1.218750000000,0.574522248836,0.573484736513,0.001037512322
29,27,1.359375000000,1.265625000000,0.671023665678,0.669811884049,0.001211781629
29,28,1.359375000000,1.312500000000,0.752999446570,0.751639627079,0.001359819491
29,29,1.359375000000,1.359375000000,0.818675063416,0.817196642082,0.001478421334
29,30,1.359375000000,1.406250000000,0.866628837449,0.865063817660,0.001565019789
29,31,1.359375000000,1.453125000000,0.895822714277,0.894204974017,0.001617740259
29,32,1.359375000000,1.500000000000,0.905624734632,0.903989293123,0.001635441509
29,33,1.359375000000,1.546875000000,0.895822714376,0.894204974017,0.001617740358
29,34,1.359375000000,1.593750000000,0.866628837645,0.865063817660,0.001565019985
29,35,1.359375000000,1.640625000000,0.818675063710,0.817196642082,0.001478421628
29,36,1.359375000000,1.687500000000,0.752999446958,0.751639627079,0.001359819879
29,37,1.359375000000,1.734375000000,0.671023666159,0.669811884049,0.001211782111
29,38,1.359375000000,1.781250000000,0.574522249407,0.573484736513,0.001037512893
29,39,1.359375000000,1.828125000000,0.465584160946,0.464743376316,0.000840784630
29,40,1.359375000000,1.875000000000,0.346567581410,0.345941725514,0.000625855896
29,41,1.359375000000,1.921875000000,0.220048860322,0.219651481074,0.000397379249
29,42,1.359375000000,1.968750000000,0.088766745920,0.088606445401,0.000160300519
29,43,1.359375000000,2.015625000000,-0.044436900483,-0.044356652230,-0.000080248253
29,44,1.359375000000,2.062500000000,-0.176678622207,-0.176359562295,-0.000319059912
29,45,1.359375000000,2.109375000000,-0.305095785334,-0.304544820428,-0.000550964906
29,46,1.359375000000,2.156250000000,-0.426908546095,-0.426137602904,-0.000770943191
29,47,1.359375000000,2.203125000000,-0.539480026083,-0.538505793182,-0.000974232900
29,48,1.359375000000,2.250000000000,-0.640373392713,-0.639216959288,-0.001156433425
29,49,1.359375000000,2.296875000000,-0.727404609287,-0.726091008615,-0.001313600673
29,50,1.359375000000,2.343750000000,-0.798689712795,-0.797247380349,-0.001442332446
29,51,1.359375000000,2.390625000000,-0.852685596020,-0.851145753929,-0.001539842090
29,52,1.359375000000,2.437500000000,-0.888223411153,-0.886619392338,-0.001604018815
29,53,1.359375000000,2.484375000000,-0.904533871817,-0.902900398430,-0.001633473387
29,54,1.359375000000,2.531250000000,-0.901263905794,-0.899636337592,-0.001627568202
29,55,1.359375000000,2.578125000000,-0.878484297973,-0.876897866883,-0.001586431090
29,56,1.359375000000,2.625000000000,-0.836688158070,-0.835177205526,-0.001510952544
29,57,1.359375000000,2.671875000000,-0.776780246291,-0.775377479846,-0.001402766445
29,58,1.359375000000,2.718750000000,-0.700057388007,-0.698793173312,-0.001264214695
29,59,1.359375000000,2.765625000000,-0.608180401403,-0.607082104883,-0.001098296520
29,60,1.359375000000,2.812500000000,-0.503138145775,-0.502229542228,-0.000908603547
29,61,1.359375000000,2.859375000000,-0.387204468737,-0.386505226681,-0.000699242056
29,62,1.359375000000,2.906250000000,-0.262888984285,-0.262414240196,-0.000474744089
29,63,1.359375000000,2.953125000000,-0.132882747232,-0.132642777883,-0.000239969349
29,64,1.359375000000,3.000000000000,0.000000000000,-0.000000000000,0.000000000000
30,0,1.406250000000,0.000000000000,0.000000000000,-0.000000000000,0.000000000000
30,1,1.406250000000,0.046875000000,-0.140666335178,-0.140412309487,-0.000254025691
30,2,1.406250000000,0.093750000000,-0.278287668993,-0.277785116510,-0.000502552483
30,3,1.406250000000,0.140625000000,-0.409884915178,-0.409144714651,-0.000740200527
30,4,1.406250000000,0.187500000000,-0.532609390773,-0.531647565309,-0.000961825464
30,5,1.406250000000,0.234375000000,-0.643804481502,-0.642641851715,-0.001162629787
30,6,1.406250000000,0.281250000000,-0.741063149458,-0.739724882765,-0.001338266692
30,7,1.406250000000,0.328125000000,-0.822280038195,-0.820795104021,-0.001484934175
30,8,1.406250000000,0.375000000000,-0.885697047346,-0.884097590017,-0.001599457329
30,9,1.406250000000,0.421875000000,-0.929941390180,-0.928262033103,-0.001679357077
30,10,1.406250000000,0.468750000000,-0.954055310291,-0.952332406457,-0.001722903834
30,11,1.406250000000,0.515625000000,-0.957516814135,-0.955787659189,-0.001729154946
30,12,1.406250000000,0.562500000000,-0.940250970608,-0.938552995510,-0.001697975098
30,13,1.406250000000,0.609375000000,-0.902631533084,-0.901001493843,-0.001630039241
30,14,1.406250000000,0.656250000000,-0.845472848777,-0.843946030795,-0.001526817982
30,15,1.406250000000,0.703125000000,-0.770012230589,-0.768621684838,-0.001390545752
30,16,1.406250000000,0.750000000000,-0.677883173021,-0.676659000587,-0.001224172434
30,17,1.406250000000,0.796875000000,-0.571079991945,-0.570048692436,-0.001031299509
30,18,1.406250000000,0.843750000000,-0.451914653696,-0.451098551601,-0.000816102094
30,19,1.406250000000,0.890625000000,-0.322966727975,-0.322383489410,-0.000583238565
30,20,1.406250000000,0.937500000000,-0.187027547963,-0.186689798248,-0.000337749714
30,21,1.406250000000,0.984375000000,-0.047039786379,-0.046954836744,-0.000084949635
30,22,1.406250000000,1.031250000000,0.093966244490,0.093796555174,0.000169689316
30,23,1.406250000000,1.078125000000,0.232938189905,0.232517534933,0.000420654972
30,24,1.406250000000,1.125000000000,0.366867726932,0.366205212247,0.000662514685
30,25,1.406250000000,1.171875000000,0.492855685553,0.491965652629,0.000890032923
30,26,1.406250000000,1.218750000000,0.608174806938,0.607076522334,0.001098284604
30,27,1.406250000000,1.265625000000,0.710328780367,0.709046018658,0.001282761708
30,28,1.406250000000,1.312500000000,0.797106280811,0.795666809948,0.001439470863
30,29,1.406250000000,1.359375000000,0.866628837449,0.865063817660,0.001565019789
30,30,1.406250000000,1.406250000000,0.917391496883,0.915734806151,0.001656690731
30,31,1.406250000000,1.453125000000,0.948295400836,0.946582901544,0.001712499292
30,32,1.406250000000,1.500000000000,0.958671573118,0.956940335732,0.001731237385
30,33,1.406250000000,1.546875000000,0.948295400932,0.946582901544,0.001712499388
30,34,1.406250000000,1.593750000000,0.917391497074,0.915734806151,0.001656690923
30,35,1.406250000000,1.640625000000,0.866628837734,0.865063817660,0.001565020074
30,36,1.406250000000,1.687500000000,0.797106281189,0.795666809948,0.001439471241
30,37,1.406250000000,1.734375000000,0.710328780835,0.709046018658,0.001282762177
30,38,1.406250000000,1.781250000000,0.608174807494,0.607076522334,0.001098285160
30,39,1.406250000000,1.828125000000,0.492855686192,0.491965652629,0.000890033563
30,40,1.406250000000,1.875000000000,0.366867727650,0.366205212247,0.000662515404
30,41,1.406250000000,1.921875000000,0.232938190698,0.232517534933,0.000420655765
30,42,1.406250000000,1.968750000000,0.093966245353,0.093796555174,0.000169690178
30,43,1.406250000000,2.015625000000,-0.047039785453,-0.046954836744,-0.000084948708
30,44,1.406250000000,2.062500000000,-0.187027546979,-0.186689798248,-0.000337748730
30,45,1.406250000000,2.109375000000,-0.322966726941,-0.322383489410,-0.000583237531
30,46,1.406250000000,2.156250000000,-0.451914652618,-0.451098551601,-0.000816101017
30,47,1.406250000000,2.203125000000,-0.571079990832,-0.570048692436,-0.001031298396
30,48,1.406250000000,2.250000000000,-0.677883171882,-0.676659000587,-0.001224171294
30,49,1.406250000000,2.296875000000,-0.770012229433,-0.768621684838,-0.001390544595
30,50,1.406250000000,2.343750000000,-0.845472847613,-0.843946030795,-0.001526816818
30,51,1.406250000000,2.390625000000,-0.902631531922,-0.901001493843,-0.001630038079
30,52,1.406250000000,2.437500000000,-0.940250969461,-0.938552995510,-0.001697973950
30,53,1.406250000000,2.484375000000,-0.957516813012,-0.955787659189,-0.001729153823
30,54,1.406250000000,2.531250000000,-0.954055309204,-0.952332406457,-0.001722902747
30,55,1.406250000000,2.578125000000,-0.929941389141,-0.928262033103,-0.001679356038
30,56,1.406250000000,2.625000000000,-0.885697046367,-0.884097590017,-0.001599456350
30,57,1.406250000000,2.671875000000,-0.822280037290,-0.820795104021,-0.001484933269
30,58,1.406250000000,2.718750000000,-0.741063148639,-0.739724882765,-0.001338265873
30,59,1.406250000000,2.765625000000,-0.643804480784,-0.642641851715,-0.001162629068
30,60,1.406250000000,2.812500000000,-0.532609390168,-0.531647565309,-0.000961824860
30,61,1.406250000000,2.859375000000,-0.409884914703,-0.409144714651,-0.000740200052
30,62,1.406250000000,2.906250000000,-0.278287668661,-0.277785116510,-0.000502552151
30,63,1.406250000000,2.953125000000,-0.140666335005,-0.140412309487,-0.000254025517
30,64,1.406250000000,3.000000000000,0.000000000000,-0.000000000000,0.000000000000
31,0,1.453125000000,0.000000000000,0.000000000000,-0.000000000000,0.000000000000
31,1,1.453125000000,0.046875000000,-0.145404921596,-0.145142338627,-0.000262582969
31,2,1.453125000000,0.093750000000,-0.287662265743,-0.287142783943,-0.000519481800
31,3,1.453125000000,0.140625000000,-0.423692590552,-0.422927455137,-0.000765135415
31,4,1.453125000000,0.187500000000,-0.550551250296,-0.549557024139,-0.000994226157
31,5,1.453125000000,0.234375000000,-0.665492138100,-0.664290343191,-0.001201794909
31,6,1.453125000000,0.281250000000,-0.766027130859,-0.764643782424,-0.001383348436
31,7,1.453125000000,0.328125000000,-0.849979949592,-0.848444992937,-0.001534956655
31,8,1.453125000000,0.375000000000,-0.915533269309,-0.913879931597,-0.001653337711
31,9,1.453125000000,0.421875000000,-0.961268058605,-0.959532129592,-0.001735929013
31,10,1.453125000000,0.468750000000,-0.986194297412,-0.984413354700,-0.001780942712
31,11,1.453125000000,0.515625000000,-0.989772407937,-0.987985003538,-0.001787404399
31,12,1.453125000000,0.562500000000,-0.971924934894,-0.970169760694,-0.001755174200
31,13,1.453125000000,0.609375000000,-0.933038222179,-0.931353272376,-0.001684949803
31,14,1.453125000000,0.656250000000,-0.873954049688,-0.872375798332,-0.001578251356
31,15,1.453125000000,0.703125000000,-0.795951411327,-0.794514022767,-0.001437388560
31,16,1.453125000000,0.750000000000,-0.700718828656,-0.699453417987,-0.001265410670
31,17,1.453125000000,0.796875000000,-0.590317799495,-0.589251759006,-0.001066040489
31,18,1.453125000000,0.843750000000,-0.467138172722,-0.466294578942,-0.000843593780
31,19,1.453125000000,0.890625000000,-0.333846415264,-0.333243529421,-0.000602885843
31,20,1.453125000000,0.937500000000,-0.193327891140,-0.192978763860,-0.000349127280
31,21,1.453125000000,0.984375000000,-0.048624402040,-0.048536590843,-0.000087811197
31,22,1.453125000000,1.031250000000,0.097131658490,0.096956252788,0.000175405702
31,23,1.453125000000,1.078125000000,0.240785111912,0.240350286347,0.000434825565
31,24,1.453125000000,1.125000000000,0.379226294784,0.378541462048,0.000684832736
31,25,1.453125000000,1.171875000000,0.509458373579,0.508538358264,0.000920015314
31,26,1.453125000000,1.218750000000,0.628662217082,0.627526934774,0.001135282308
31,27,1.453125000000,1.265625000000,0.734257422070,0.732931448233,0.001325973837
31,28,1.453125000000,1.312500000000,0.823958171245,0.822470209239,0.001487962006
31,29,1.453125000000,1.359375000000,0.895822714277,0.894204974017,0.001617740259
31,30,1.453125000000,1.406250000000,0.948295400836,0.946582901544,0.001712499292
31,31,1.453125000000,1.453125000000,0.980240355723,0.978470167866,0.001770187857
31,32,1.453125000000,1.500000000000,0.990966067137,0.989176509965,0.001789557172
31,33,1.453125000000,1.546875000000,0.980240355817,0.978470167866,0.001770187951
31,34,1.453125000000,1.593750000000,0.948295401022,0.946582901544,0.001712499478
31,35,1.453125000000,1.640625000000,0.895822714554,0.894204974017,0.001617740537
31,36,1.453125000000,1.687500000000,0.823958171612,0.822470209239,0.001487962373
31,37,1.453125000000,1.734375000000,0.734257422525,0.732931448233,0.001325974292
31,38,1.453125000000,1.781250000000,0.628662217622,0.627526934774,0.001135282847
31,39,1.453125000000,1.828125000000,0.509458374199,0.508538358264,0.000920015935
31,40,1.453125000000,1.875000000000,0.379226295482,0.378541462048,0.000684833434
31,41,1.453125000000,1.921875000000,0.240785112683,0.240350286347,0.000434826335
31,42,1.453125000000,1.968750000000,0.097131659328,0.096956252788,0.000175406540
31,43,1.453125000000,2.015625000000,-0.048624401141,-0.048536590843,-0.000087810297
31,44,1.453125000000,2.062500000000,-0.193327890185,-0.192978763860,-0.000349126325
31,45,1.453125000000,2.109375000000,-0.333846414260,-0.333243529421,-0.000602884839
31,46,1.453125000000,2.156250000000,-0.467138171676,-0.466294578942,-0.000843592733
31,47,1.453125000000,2.203125000000,-0.590317798415,-0.589251759006,-0.001066039408
31,48,1.453125000000,2.250000000000,-0.700718827550,-0.699453417987,-0.001265409564
31,49,1.453125000000,2.296875000000,-0.795951410205,-0.794514022767,-0.001437387437
31,50,1.453125000000,2.343750000000,-0.873954048558,-0.872375798332,-0.001578250226
31,51,1.453125000000,2.390625000000,-0.933038221051,-0.931353272376,-0.001684948676
31,52,1.453125000000,2.437500000000,-0.971924933779,-0.970169760694,-0.001755173085
31,53,1.453125000000,2.484375000000,-0.989772406846,-0.987985003538,-0.001787403308
31,54,1.453125000000,2.531250000000,-0.986194296356,-0.984413354700,-0.001780941657
31,55,1.453125000000,2.578125000000,-0.961268057596,-0.959532129592,-0.001735928004
31,56,1.453125000000,2.625000000000,-0.915533268358,-0.913879931597,-0.001653336761
31,57,1.453125000000,2.671875000000,-0.849979948713,-0.848444992937,-0.001534955776
31,58,1.453125000000,2.718750000000,-0.766027130064,-0.764643782424,-0.001383347640
31,59,1.453125000000,2.765625000000,-0.665492137402,-0.664290343191,-0.001201794211
31,60,1.453125000000,2.812500000000,-0.550551249709,-0.549557024139,-0.000994225571
31,61,1.453125000000,2.859375000000,-0.423692590090,-0.422927455137,-0.000765134953
31,62,1.453125000000,2.906250000000,-0.287662265421,-0.287142783943,-0.000519481478
31,63,1.453125000000,2.953125000000,-0.145404921428,-0.145142338627,-0.000262582800
31,64,1.453125000000,3.000000000000,0.000000000000,-0.000000000000,0.000000000000
32,0,1.500000000000,0.000000000000,0.000000000000,-0.000000000000,0.000000000000
32,1,1.500000000000,0.046875000000,-0.146995930578,-0.146730474455,-0.000265456122
32,2,1.500000000000,0.093750000000,-0.290809843167,-0.290284677254,-0.000525165912
32,3,1.500000000000,0.140625000000,-0.428328600872,-0.427555093430,-0.000773507442
32,4,1.500000000000,0.187500000000,-0.556575337890,-0.555570233020,-0.001005104871
32,5,1.500000000000,0.234375000000,-0.672773899664,-0.671558954847,-0.001214944817
32,6,1.500000000000,0.281250000000,-0.774408938245,-0.773010453363,-0.001398484882
32,7,1.500000000000,0.328125000000,-0.859280361982,-0.857728610000,-0.001551751982
32,8,1.500000000000,0.375000000000,-0.925550960861,-0.923879532511,-0.001671428349
32,9,1.500000000000,0.421875000000,-0.971786176549,-0.970031253195,-0.001754923355
32,10,1.500000000000,0.468750000000,-0.996985156258,-0.995184726672,-0.001800429586
32,11,1.500000000000,0.515625000000,-1.000602418178,-0.998795456205,-0.001806961973
32,12,1.500000000000,0.562500000000,-0.982559659514,-0.980785280403,-0.001774379111
32,13,1.500000000000,0.609375000000,-0.943247451505,-0.941544065183,-0.001703386322
32,14,1.500000000000,0.656250000000,-0.883516784736,-0.881921264348,-0.001595520387
32,15,1.500000000000,0.703125000000,-0.804660647761,-0.803207531481,-0.001453116280
32,16,1.500000000000,0.750000000000,-0.708386037807,-0.707106781187,-0.001279256620
32,17,1.500000000000,0.796875000000,-0.596777009438,-0.595699304492,-0.001077704945
32,18,1.500000000000,0.843750000000,-0.472249561068,-0.471396736826,-0.000852824242
32,19,1.500000000000,0.890625000000,-0.337499335890,-0.336889853392,-0.000609482498
32,20,1.500000000000,0.937500000000,-0.195443269345,-0.195090322016,-0.000352947329
32,21,1.500000000000,0.984375000000,-0.049156446274,-0.049067674327,-0.000088771946
32,22,1.500000000000,1.031250000000,0.098194465380,0.098017140330,0.000177325050
32,23,1.500000000000,1.078125000000,0.243419763367,0.242980179903,0.000439583464
32,24,1.500000000000,1.125000000000,0.383375758558,0.382683432365,0.000692326192
32,25,1.500000000000,1.171875000000,0.515032826312,0.514102744193,0.000930082119
32,26,1.500000000000,1.218750000000,0.635540988709,0.634393284164,0.001147704546
32,27,1.500000000000,1.265625000000,0.742291607959,0.740951125355,0.001340482605
32,28,1.500000000000,1.312500000000,0.832973855536,0.831469612303,0.001504243233
32,29,1.500000000000,1.359375000000,0.905624734632,0.903989293123,0.001635441509
32,30,1.500000000000,1.406250000000,0.958671573118,0.956940335732,0.001731237385
32,31,1.500000000000,1.453125000000,0.990966067137,0.989176509965,0.001789557172
32,32,1.500000000000,1.500000000000,1.001809138423,1.000000000000,0.001809138423
32,33,1.500000000000,1.546875000000,0.990966067227,0.989176509965,0.001789557263
32,34,1.500000000000,1.593750000000,0.958671573298,0.956940335732,0.001731237565
32,35,1.500000000000,1.640625000000,0.905624734901,0.903989293123,0.001635441777
32,36,1.500000000000,1.687500000000,0.832973855891,0.831469612303,0.001504243589
32,37,1.500000000000,1.734375000000,0.742291608400,0.740951125355,0.001340483045
32,38,1.500000000000,1.781250000000,0.635540989231,0.634393284164,0.001147705068
32,39,1.500000000000,1.828125000000,0.515032826913,0.514102744193,0.000930082720
32,40,1.500000000000,1.875000000000,0.383375759233,0.382683432365,0.000692326868
32,41,1.500000000000,1.921875000000,0.243419764113,0.242980179903,0.000439584210
32,42,1.500000000000,1.968750000000,0.098194466191,0.098017140330,0.000177325861
32,43,1.500000000000,2.015625000000,-0.049156445403,-0.049067674327,-0.000088771075
32,44,1.500000000000,2.062500000000,-0.195443268420,-0.195090322016,-0.000352946404
32,45,1.500000000000,2.109375000000,-0.337499334918,-0.336889853392,-0.000609481526
32,46,1.500000000000,2.156250000000,-0.472249560055,-0.471396736826,-0.000852823229
32,47,1.500000000000,2.203125000000,-0.596777008392,-0.595699304492,-0.001077703899
32,48,1.500000000000,2.250000000000,-0.708386036736,-0.707106781187,-0.001279255549
32,49,1.500000000000,2.296875000000,-0.804660646674,-0.803207531481,-0.001453115193
32,50,1.500000000000,2.343750000000,-0.883516783641,-0.881921264348,-0.001595519293
32,51,1.500000000000,2.390625000000,-0.943247450413,-0.941544065183,-0.001703385230
32,52,1.500000000000,2.437500000000,-0.982559658435,-0.980785280403,-0.001774378032
32,53,1.500000000000,2.484375000000,-1.000602417122,-0.998795456205,-0.001806960917
32,54,1.500000000000,2.531250000000,-0.996985155236,-0.995184726672,-0.001800428564
32,55,1.500000000000,2.578125000000,-0.971786175572,-0.970031253195,-0.001754922378
32,56,1.500000000000,2.625000000000,-0.925550959940,-0.923879532511,-0.001671427429
32,57,1.500000000000,2.671875000000,-0.859280361131,-0.857728610000,-0.001551751131
32,58,1.500000000000,2.718750000000,-0.774408937475,-0.773010453363,-0.001398484112
32,59,1.500000000000,2.765625000000,-0.672773898988,-0.671558954847,-0.001214944141
32,60,1.500000000000,2.812500000000,-0.556575337322,-0.555570233020,-0.001005104303
32,61,1.500000000000,2.859375000000,-0.428328600426,-0.427555093430,-0.000773506995
32,62,1.500000000000,2.906250000000,-0.290809842855,-0.290284677254,-0.000525165601
32,63,1.500000000000,2.953125000000,-0.146995930415,-0.146730474455,-0.000265455959
32,64,1.500000000000,3.000000000000,0.000000000000,-0.000000000000,0.000000000000
33,0,1.546875000000,0.000000000000,0.000000000000,-0.000000000000,0.000000000000
33,1,1.546875000000,0.046875000000,-0.145404921583,-0.145142338627,-0.000262582956
33,2,1.546875000000,0.093750000000,-0.287662265719,-0.287142783943,-0.000519481776
33,3,1.546875000000,0.140625000000,-0.423692590517,-0.422927455137,-0.000765135380
33,4,1.546875000000,0.187500000000,-0.550551250251,-0.549557024139,-0.000994226113
33,5,1.546875000000,0.234375000000,-0.665492138046,-0.664290343191,-0.001201794855
33,6,1.546875000000,0.281250000000,-0.766027130797,-0.764643782424,-0.001383348373
33,7,1.546875000000,0.328125000000,-0.849979949523,-0.848444992937,-0.001534956586
33,8,1.546875000000,0.375000000000,-0.915533269232,-0.913879931597,-0.001653337635
33,9,1.546875000000,0.421875000000,-0.961268058522,-0.959532129592,-0.001735928931
33,10,1.546875000000,0.468750000000,-0.986194297324,-0.984413354700,-0.001780942624
33,11,1.546875000000,0.515625000000,-0.989772407844,-0.987985003538,-0.001787404306
33,12,1.546875000000,0.562500000000,-0.971924934797,-0.970169760694,-0.001755174102
33,13,1.546875000000,0.609375000000,-0.933038222078,-0.931353272376,-0.001684949702
33,14,1.546875000000,0.656250000000,-0.873954049584,-0.872375798332,-0.001578251252
33,15,1.546875000000,0.703125000000,-0.795951411221,-0.794514022767,-0.001437388453
33,16,1.546875000000,0.750000000000,-0.700718828547,-0.699453417987,-0.001265410561
33,17,1.546875000000,0.796875000000,-0.590317799385,-0.589251759006,-0.001066040378
33,18,1.546875000000,0.843750000000,-0.467138172611,-0.466294578942,-0.000843593669
33,19,1.546875000000,0.890625000000,-0.333846415153,-0.333243529421,-0.000602885732
33,20,1.546875000000,0.937500000000,-0.193327891028,-0.192978763860,-0.000349127168
33,21,1.546875000000,0.984375000000,-0.048624401929,-0.048536590843,-0.000087811085
33,22,1.546875000000,1.031250000000,0.097131658601,0.096956252788,0.000175405813
33,23,1.546875000000,1.078125000000,0.240785112022,0.240350286347,0.000434825675
33,24,1.546875000000,1.125000000000,0.379226294893,0.378541462048,0.000684832845
33,25,1.546875000000,1.171875000000,0.509458373686,0.508538358264,0.000920015422
33,26,1.546875000000,1.218750000000,0.628662217188,0.627526934774,0.001135282414
33,27,1.546875000000,1.265625000000,0.734257422173,0.732931448233,0.001325973940
33,28,1.546875000000,1.312500000000,0.823958171346,0.822470209239,0.001487962107
33,29,1.546875000000,1.359375000000,0.895822714376,0.894204974017,0.001617740358
33,30,1.546875000000,1.406250000000,0.948295400932,0.946582901544,0.001712499388
33,31,1.546875000000,1.453125000000,0.980240355817,0.978470167866,0.001770187951
33,32,1.546875000000,1.500000000000,0.990966067227,0.989176509965,0.001789557263
33,33,1.546875000000,1.546875000000,0.980240355904,0.978470167866,0.001770188038
33,34,1.546875000000,1.593750000000,0.948295401106,0.946582901544,0.001712499562
33,35,1.546875000000,1.640625000000,0.895822714635,0.894204974017,0.001617740618
33,36,1.546875000000,1.687500000000,0.823958171689,0.822470209239,0.001487962450
33,37,1.546875000000,1.734375000000,0.734257422599,0.732931448233,0.001325974366
33,38,1.546875000000,1.781250000000,0.628662217692,0.627526934774,0.001135282918
33,39,1.546875000000,1.828125000000,0.509458374267,0.508538358264,0.000920016002
33,40,1.546875000000,1.875000000000,0.379226295546,0.378541462048,0.000684833497
33,41,1.546875000000,1.921875000000,0.240785112743,0.240350286347,0.000434826396
33,42,1.546875000000,1.968750000000,0.097131659384,0.096956252788,0.000175406596
33,43,1.546875000000,2.015625000000,-0.048624401087,-0.048536590843,-0.000087810244
33,44,1.546875000000,2.062500000000,-0.193327890134,-0.192978763860,-0.000349126275
33,45,1.546875000000,2.109375000000,-0.333846414213,-0.333243529421,-0.000602884792
33,46,1.546875000000,2.156250000000,-0.467138171632,-0.466294578942,-0.000843592690
33,47,1.546875000000,2.203125000000,-0.590317798374,-0.589251759006,-0.001066039368
33,48,1.546875000000,2.250000000000,-0.700718827513,-0.699453417987,-0.001265409527
33,49,1.546875000000,2.296875000000,-0.795951410171,-0.794514022767,-0.001437387403
33,50,1.546875000000,2.343750000000,-0.873954048527,-0.872375798332,-0.001578250195
33,51,1.546875000000,2.390625000000,-0.933038221023,-0.931353272376,-0.001684948647
33,52,1.546875000000,2.437500000000,-0.971924933754,-0.970169760694,-0.001755173060
33,53,1.546875000000,2.484375000000,-0.989772406823,-0.987985003538,-0.001787403285
33,54,1.546875000000,2.531250000000,-0.986194296336,-0.984413354700,-0.001780941636
33,55,1.546875000000,2.578125000000,-0.961268057578,-0.959532129592,-0.001735927987
33,56,1.546875000000,2.625000000000,-0.915533268343,-0.913879931597,-0.001653336745
33,57,1.546875000000,2.671875000000,-0.849979948700,-0.848444992937,-0.001534955763
33,58,1.546875000000,2.718750000000,-0.766027130053,-0.764643782424,-0.001383347629
33,59,1.546875000000,2.765625000000,-0.665492137393,-0.664290343191,-0.001201794202
33,60,1.546875000000,2.812500000000,-0.550551249702,-0.549557024139,-0.000994225564
33,61,1.546875000000,2.859375000000,-0.423692590085,-0.422927455137,-0.000765134948
33,62,1.546875000000,2.906250000000,-0.287662265418,-0.287142783943,-0.000519481475
33,63,1.546875000000,2.953125000000,-0.145404921426,-0.145142338627,-0.000262582799
33,64,1.546875000000,3.000000000000,0.000000000000,-0.000000000000,0.000000000000
34,0,1.593750000000,0.000000000000,0.000000000000,-0.000000000000,0.000000000000
34,1,1.593750000000,0.046875000000,-0.140666335153,-0.140412309487,-0.000254025666
34,2,1.593750000000,0.093750000000,-0.278287668945,-0.277785116510,-0.000502552435
34,3,1.593750000000,0.140625000000,-0.409884915109,-0.409144714651,-0.000740200458
34,4,1.593750000000,0.187500000000,-0.532609390684,-0.531647565309,-0.000961825375
34,5,1.593750000000,0.234375000000,-0.643804481395,-0.642641851715,-0.001162629680
34,6,1.593750000000,0.281250000000,-0.741063149334,-0.739724882765,-0.001338266568
34,7,1.593750000000,0.328125000000,-0.822280038056,-0.820795104021,-0.001484934035
34,8,1.593750000000,0.375000000000,-0.885697047193,-0.884097590017,-0.001599457176
34,9,1.593750000000,0.421875000000,-0.929941390015,-0.928262033103,-0.001679356912
34,10,1.593750000000,0.468750000000,-0.954055310115,-0.952332406457,-0.001722903658
34,11,1.593750000000,0.515625000000,-0.957516813950,-0.955787659189,-0.001729154761
34,12,1.593750000000,0.562500000000,-0.940250970414,-0.938552995510,-0.001697974904
34,13,1.593750000000,0.609375000000,-0.902631532882,-0.901001493843,-0.001630039039
34,14,1.593750000000,0.656250000000,-0.845472848569,-0.843946030795,-0.001526817774
34,15,1.593750000000,0.703125000000,-0.770012230377,-0.768621684838,-0.001390545539
34,16,1.593750000000,0.750000000000,-0.677883172804,-0.676659000587,-0.001224172217
34,17,1.593750000000,0.796875000000,-0.571079991726,-0.570048692436,-0.001031299289
34,18,1.593750000000,0.843750000000,-0.451914653474,-0.451098551601,-0.000816101873
34,19,1.593750000000,0.890625000000,-0.322966727753,-0.322383489410,-0.000583238343
34,20,1.593750000000,0.937500000000,-0.187027547740,-0.186689798248,-0.000337749492
34,21,1.593750000000,0.984375000000,-0.047039786157,-0.046954836744,-0.000084949412
34,22,1.593750000000,1.031250000000,0.093966244711,0.093796555174,0.000169689536
34,23,1.593750000000,1.078125000000,0.232938190124,0.232517534933,0.000420655191
34,24,1.593750000000,1.125000000000,0.366867727148,0.366205212247,0.000662514902
34,25,1.593750000000,1.171875000000,0.492855685766,0.491965652629,0.000890033137
34,26,1.593750000000,1.218750000000,0.608174807149,0.607076522334,0.001098284815
34,27,1.593750000000,1.265625000000,0.710328780573,0.709046018658,0.001282761914
34,28,1.593750000000,1.312500000000,0.797106281012,0.795666809948,0.001439471064
34,29,1.593750000000,1.359375000000,0.866628837645,0.865063817660,0.001565019985
34,30,1.593750000000,1.406250000000,0.917391497074,0.915734806151,0.001656690923
34,31,1.593750000000,1.453125000000,0.948295401022,0.946582901544,0.001712499478
34,32,1.593750000000,1.500000000000,0.958671573298,0.956940335732,0.001731237565
34,33,1.593750000000,1.546875000000,0.948295401106,0.946582901544,0.001712499562
34,34,1.593750000000,1.593750000000,0.917391497242,0.915734806151,0.001656691090
34,35,1.593750000000,1.640625000000,0.866628837895,0.865063817660,0.001565020235
34,36,1.593750000000,1.687500000000,0.797106281343,0.795666809948,0.001439471395
34,37,1.593750000000,1.734375000000,0.710328780983,0.709046018658,0.001282762324
34,38,1.593750000000,1.781250000000,0.608174807635,0.607076522334,0.001098285301
34,39,1.593750000000,1.828125000000,0.492855686326,0.491965652629,0.000890033697
34,40,1.593750000000,1.875000000000,0.366867727777,0.366205212247,0.000662515531
34,41,1.593750000000,1.921875000000,0.232938190818,0.232517534933,0.000420655885
34,42,1.593750000000,1.968750000000,0.093966245466,0.093796555174,0.000169690292
34,43,1.593750000000,2.015625000000,-0.047039785346,-0.046954836744,-0.000084948601
34,44,1.593750000000,2.062500000000,-0.187027546879,-0.186689798248,-0.000337748630
34,45,1.593750000000,2.109375000000,-0.322966726847,-0.322383489410,-0.000583237437
34,46,1.593750000000,2.156250000000,-0.451914652531,-0.451098551601,-0.000816100930
34,47,1.593750000000,2.203125000000,-0.571079990752,-0.570048692436,-0.001031298315
34,48,1.593750000000,2.250000000000,-0.677883171807,-0.676659000587,-0.001224171220
34,49,1.593750000000,2.296875000000,-0.770012229365,-0.768621684838,-0.001390544527
34,50,1.593750000000,2.343750000000,-0.845472847550,-0.843946030795,-0.001526816756
34,51,1.593750000000,2.390625000000,-0.902631531866,-0.901001493843,-0.001630038023
34,52,1.593750000000,2.437500000000,-0.940250969409,-0.938552995510,-0.001697973899
34,53,1.593750000000,2.484375000000,-0.957516812966,-0.955787659189,-0.001729153777
34,54,1.593750000000,2.531250000000,-0.954055309164,-0.952332406457,-0.001722902706
34,55,1.593750000000,2.578125000000,-0.929941389105,-0.928262033103,-0.001679356002
34,56,1.593750000000,2.625000000000,-0.885697046336,-0.884097590017,-0.001599456319
34,57,1.593750000000,2.671875000000,-0.822280037263,-0.820795104021,-0.001484933243
34,58,1.593750000000,2.718750000000,-0.741063148617,-0.739724882765,-0.001338265851
34,59,1.593750000000,2.765625000000,-0.643804480766,-0.642641851715,-0.001162629051
34,60,1.593750000000,2.812500000000,-0.532609390155,-0.531647565309,-0.000961824846
34,61,1.593750000000,2.859375000000,-0.409884914693,-0.409144714651,-0.000740200042
34,62,1.593750000000,2.906250000000,-0.278287668655,-0.277785116510,-0.000502552145
34,63,1.593750000000,2.953125000000,-0.140666335002,-0.140412309487,-0.000254025514
34,64,1.593750000000,3.000000000000,0.000000000000,-0.000000000000,0.000000000000
35,0,1.640625000000,0.000000000000,0.000000000000,-0.000000000000,0.000000000000
35,1,1.640625000000,0.046875000000,-0.132882747373,-0.132642777883,-0.000239969491
35,2,1.640625000000,0.093750000000,-0.262888984555,-0.262414240196,-0.000474744359
35,3,1.640625000000,0.140625000000,-0.387204469123,-0.386505226681,-0.000699242441
35,4,1.640625000000,0.187500000000,-0.503138146263,-0.502229542228,-0.000908604036
35,5,1.640625000000,0.234375000000,-0.608180401981,-0.607082104883,-0.001098297099
35,6,1.640625000000,0.281250000000,-0.700057388664,-0.698793173312,-0.001264215351
35,7,1.640625000000,0.328125000000,-0.776780247014,-0.775377479846,-0.001402767168
35,8,1.640625000000,0.375000000000,-0.836688158848,-0.835177205526,-0.001510953321
35,9,1.640625000000,0.421875000000,-0.878484298795,-0.876897866883,-0.001586431912
35,10,1.640625000000,0.468750000000,-0.901263906648,-0.899636337592,-0.001627569057
35,11,1.640625000000,0.515625000000,-0.904533872694,-0.902900398430,-0.001633474264
35,12,1.640625000000,0.562500000000,-0.888223412042,-0.886619392338,-0.001604019705
35,13,1.640625000000,0.609375000000,-0.852685596912,-0.851145753929,-0.001539842983
35,14,1.640625000000,0.656250000000,-0.798689713681,-0.797247380349,-0.001442333332
35,15,1.640625000000,0.703125000000,-0.727404610158,-0.726091008615,-0.001313601544
35,16,1.640625000000,0.750000000000,-0.640373393560,-0.639216959288,-0.001156434273
35,17,1.640625000000,0.796875000000,-0.539480026899,-0.538505793182,-0.000974233716
35,18,1.640625000000,0.843750000000,-0.426908546872,-0.426137602904,-0.000770943968
35,19,1.640625000000,0.890625000000,-0.305095786065,-0.304544820428,-0.000550965637
35,20,1.640625000000,0.937500000000,-0.176678622885,-0.176359562295,-0.000319060591
35,21,1.640625000000,0.984375000000,-0.044436901104,-0.044356652230,-0.000080248873
35,22,1.640625000000,1.031250000000,0.088766745363,0.088606445401,0.000160299962
35,23,1.640625000000,1.078125000000,0.220048859834,0.219651481074,0.000397378760
35,24,1.640625000000,1.125000000000,0.346567580995,0.345941725514,0.000625855481
35,25,1.640625000000,1.171875000000,0.465584160609,0.464743376316,0.000840784293
35,26,1.640625000000,1.218750000000,0.574522249150,0.573484736513,0.001037512636
35,27,1.640625000000,1.265625000000,0.671023665986,0.669811884049,0.001211781937
35,28,1.640625000000,1.312500000000,0.752999446871,0.751639627079,0.001359819792
35,29,1.640625000000,1.359375000000,0.818675063710,0.817196642082,0.001478421628
35,30,1.640625000000,1.406250000000,0.866628837734,0.865063817660,0.001565020074
35,31,1.640625000000,1.453125000000,0.895822714554,0.894204974017,0.001617740537
35,32,1.640625000000,1.500000000000,0.905624734901,0.903989293123,0.001635441777
35,33,1.640625000000,1.546875000000,0.895822714635,0.894204974017,0.001617740618
35,34,1.640625000000,1.593750000000,0.866628837895,0.865063817660,0.001565020235
35,35,1.640625000000,1.640625000000,0.818675063950,0.817196642082,0.001478421868
35,36,1.640625000000,1.687500000000,0.752999447189,0.751639627079,0.001359820110
35,37,1.640625000000,1.734375000000,0.671023666380,0.669811884049,0.001211782331
35,38,1.640625000000,1.781250000000,0.574522249617,0.573484736513,0.001037513103
35,39,1.640625000000,1.828125000000,0.465584161146,0.464743376316,0.000840784830
35,40,1.640625000000,1.875000000000,0.346567581599,0.345941725514,0.000625856085
35,41,1.640625000000,1.921875000000,0.220048860502,0.219651481074,0.000397379428
35,42,1.640625000000,1.968750000000,0.088766746089,0.088606445401,0.000160300688
35,43,1.640625000000,2.015625000000,-0.044436900324,-0.044356652230,-0.000080248094
35,44,1.640625000000,2.062500000000,-0.176678622057,-0.176359562295,-0.000319059763
35,45,1.640625000000,2.109375000000,-0.305095785195,-0.304544820428,-0.000550964767
35,46,1.640625000000,2.156250000000,-0.426908545965,-0.426137602904,-0.000770943061
35,47,1.640625000000,2.203125000000,-0.539480025963,-0.538505793182,-0.000974232780
35,48,1.640625000000,2.250000000000,-0.640373392602,-0.639216959288,-0.001156433314
35,49,1.640625000000,2.296875000000,-0.727404609186,-0.726091008615,-0.001313600571
35,50,1.640625000000,2.343750000000,-0.798689712702,-0.797247380349,-0.001442332353
35,51,1.640625000000,2.390625000000,-0.852685595935,-0.851145753929,-0.001539842006
35,52,1.640625000000,2.437500000000,-0.888223411076,-0.886619392338,-0.001604018739
35,53,1.640625000000,2.484375000000,-0.904533871748,-0.902900398430,-0.001633473319
35,54,1.640625000000,2.531250000000,-0.901263905733,-0.899636337592,-0.001627568142
35,55,1.640625000000,2.578125000000,-0.878484297920,-0.876897866883,-0.001586431037
35,56,1.640625000000,2.625000000000,-0.836688158024,-0.835177205526,-0.001510952498
35,57,1.640625000000,2.671875000000,-0.776780246252,-0.775377479846,-0.001402766406
35,58,1.640625000000,2.718750000000,-0.700057387975,-0.698793173312,-0.001264214662
35,59,1.640625000000,2.765625000000,-0.608180401377,-0.607082104883,-0.001098296494
35,60,1.640625000000,2.812500000000,-0.503138145755,-0.502229542228,-0.000908603527
35,61,1.640625000000,2.859375000000,-0.387204468722,-0.386505226681,-0.000699242041
35,62,1.640625000000,2.906250000000,-0.262888984275,-0.262414240196,-0.000474744080
35,63,1.640625000000,2.953125000000,-0.132882747227,-0.132642777883,-0.000239969345
35,64,1.640625000000,3.000000000000,0.000000000000,-0.000000000000,0.000000000000
36,0,1.687500000000,0.000000000000,0.000000000000,-0.000000000000,0.000000000000
36,1,1.687500000000,0.046875000000,-0.122222649412,-0.122001930708,-0.000220718704
36,2,1.687500000000,0.093750000000,-0.241799547561,-0.241362888054,-0.000436659507
36,3,1.687500000000,0.140625000000,-0.356142215720,-0.355499067772,-0.000643147947
36,4,1.687500000000,0.187500000000,-0.462775480431,-0.461939766256,-0.000835714175
36,5,1.687500000000,0.234375000000,-0.559391053542,-0.558380863825,-0.001010189717
36,6,1.687500000000,0.281250000000,-0.643897499671,-0.642734701963,-0.001162797707
36,7,1.687500000000,0.328125000000,-0.714465509464,-0.713175274818,-0.001290234647
36,8,1.687500000000,0.375000000000,-0.769567498623,-0.768177756711,-0.001389741912
36,9,1.687500000000,0.421875000000,-0.808010675489,-0.806551510015,-0.001459165474
36,10,1.687500000000,0.468750000000,-0.828962861381,-0.827465858856,-0.001497002525
36,11,1.687500000000,0.515625000000,-0.831970504749,-0.830468070740,-0.001502434008
36,12,1.687500000000,0.562500000000,-0.816968499199,-0.815493156849,-0.001475342350
36,13,1.687500000000,0.609375000000,-0.784281592848,-0.782865278843,-0.001416314004
36,14,1.687500000000,0.656250000000,-0.734617358508,-0.733290731749,-0.001326626759
36,15,1.687500000000,0.703125000000,-0.669050876871,-0.667842654799,-0.001208222072
36,16,1.687500000000,0.750000000000,-0.589001464259,-0.587937801210,-0.001063663049
36,17,1.687500000000,0.796875000000,-0.496201948712,-0.495305869755,-0.000896078956
36,18,1.687500000000,0.843750000000,-0.392661159495,-0.391952062009,-0.000709097485
36,19,1.687500000000,0.890625000000,-0.280620442009,-0.280113675789,-0.000506766220
36,20,1.687500000000,0.937500000000,-0.162505139433,-0.162211674411,-0.000293465023
36,21,1.687500000000,0.984375000000,-0.040872091369,-0.040798280150,-0.000073811220
36,22,1.687500000000,1.031250000000,0.081645714016,0.081498273669,0.000147440347
36,23,1.687500000000,1.078125000000,0.202396136231,0.202030635981,0.000365500250
36,24,1.687500000000,1.125000000000,0.318765293292,0.318189645143,0.000575648149
36,25,1.687500000000,1.171875000000,0.428234144375,0.427460809398,0.000773334977
36,26,1.687500000000,1.218750000000,0.528433019444,0.527478738031,0.000954281413
36,27,1.687500000000,1.265625000000,0.617192915446,0.616078344934,0.001114570512
36,28,1.687500000000,1.312500000000,0.692592448682,0.691341716183,0.001250732499
36,29,1.687500000000,1.359375000000,0.752999446958,0.751639627079,0.001359819879
36,30,1.687500000000,1.406250000000,0.797106281189,0.795666809948,0.001439471241
36,31,1.687500000000,1.453125000000,0.823958171612,0.822470209239,0.001487962373
36,32,1.687500000000,1.500000000000,0.832973855891,0.831469612303,0.001504243589
36,33,1.687500000000,1.546875000000,0.823958171689,0.822470209239,0.001487962450
36,34,1.687500000000,1.593750000000,0.797106281343,0.795666809948,0.001439471395
36,35,1.687500000000,1.640625000000,0.752999447189,0.751639627079,0.001359820110
36,36,1.687500000000,1.687500000000,0.692592448987,0.691341716183,0.001250732804
36,37,1.687500000000,1.734375000000,0.617192915823,0.616078344934,0.001114570889
36,38,1.687500000000,1.781250000000,0.528433019892,0.527478738031,0.000954281861
36,39,1.687500000000,1.828125000000,0.428234144891,0.427460809398,0.000773335493
36,40,1.687500000000,1.875000000000,0.318765293872,0.318189645143,0.000575648728
36,41,1.687500000000,1.921875000000,0.202396136871,0.202030635981,0.000365500890
36,42,1.687500000000,1.968750000000,0.081645714712,0.081498273669,0.000147441044
36,43,1.687500000000,2.015625000000,-0.040872090622,-0.040798280150,-0.000073810472
36,44,1.687500000000,2.062500000000,-0.162505138640,-0.162211674411,-0.000293464229
36,45,1.687500000000,2.109375000000,-0.280620441174,-0.280113675789,-0.000506765386
36,46,1.687500000000,2.156250000000,-0.392661158625,-0.391952062009,-0.000709096616
36,47,1.687500000000,2.203125000000,-0.496201947814,-0.495305869755,-0.000896078059
36,48,1.687500000000,2.250000000000,-0.589001463340,-0.587937801210,-0.001063662130
36,49,1.687500000000,2.296875000000,-0.669050875938,-0.667842654799,-0.001208221139
36,50,1.687500000000,2.343750000000,-0.734617357569,-0.733290731749,-0.001326625820
36,51,1.687500000000,2.390625000000,-0.784281591911,-0.782865278843,-0.001416313068
36,52,1.687500000000,2.437500000000,-0.816968498273,-0.815493156849,-0.001475341424
36,53,1.687500000000,2.484375000000,-0.831970503842,-0.830468070740,-0.001502433102
36,54,1.687500000000,2.531250000000,-0.828962860503,-0.827465858856,-0.001497001648
36,55,1.687500000000,2.578125000000,-0.808010674651,-0.806551510015,-0.001459164636
36,56,1.687500000000,2.625000000000,-0.769567497834,-0.768177756711,-0.001389741122
36,57,1.687500000000,2.671875000000,-0.714465508734,-0.713175274818,-0.001290233916
36,58,1.687500000000,2.718750000000,-0.643897499010,-0.642734701963,-0.001162797047
36,59,1.687500000000,2.765625000000,-0.559391052962,-0.558380863825,-0.001010189137
36,60,1.687500000000,2.812500000000,-0.462775479943,-0.461939766256,-0.000835713687
36,61,1.687500000000,2.859375000000,-0.356142215336,-0.355499067772,-0.000643147563
36,62,1.687500000000,2.906250000000,-0.241799547294,-0.241362888054,-0.000436659240
36,63,1.687500000000,2.953125000000,-0.122222649272,-0.122001930708,-0.000220718564
36,64,1.687500000000,3.000000000000,0.000000000000,-0.000000000000,0.000000000000
37,0,1.734375000000,0.000000000000,0.000000000000,-0.000000000000,0.000000000000
37,1,1.734375000000,0.046875000000,-0.108916800199,-0.108720110172,-0.000196690027
37,2,1.734375000000,0.093750000000,-0.215475880588,-0.215086758285,-0.000389122303
37,3,1.734375000000,0.140625000000,-0.317370558880,-0.316797427628,-0.000573131252
37,4,1.734375000000,0.187500000000,-0.412395123008,-0.411650389370,-0.000744733639
37,5,1.734375000000,0.234375000000,-0.498492578130,-0.497592363336,-0.000900214794
37,6,1.734375000000,0.281250000000,-0.573799174352,-0.572762965330,-0.001036209021
37,7,1.734375000000,0.328125000000,-0.636684751289,-0.635534978829,-0.001149772461
37,8,1.734375000000,0.375000000000,-0.685788026115,-0.684549579307,-0.001238446808
37,9,1.734375000000,0.421875000000,-0.720046061218,-0.718745748684,-0.001300312534
37,10,1.734375000000,0.468750000000,-0.738717273597,-0.737383243164,-0.001334030433
37,11,1.734375000000,0.515625000000,-0.741397487893,-0.740058617275,-0.001338870619
37,12,1.734375000000,0.562500000000,-0.728028685561,-0.726713957246,-0.001314728315
37,13,1.734375000000,0.609375000000,-0.698900260801,-0.697638134669,-0.001262126133
37,14,1.734375000000,0.656250000000,-0.654642756044,-0.653460553293,-0.001182202750
37,15,1.734375000000,0.703125000000,-0.596214212614,-0.595137524344,-0.001076688270
37,16,1.734375000000,0.750000000000,-0.524879432028,-0.523931565266,-0.000947866761
37,17,1.734375000000,0.796875000000,-0.442182596859,-0.441384070037,-0.000798526823
37,18,1.734375000000,0.843750000000,-0.349913843853,-0.349281942640,-0.000631901213
37,19,1.734375000000,0.890625000000,-0.250070512867,-0.249618915992,-0.000451596875
37,20,1.734375000000,0.937500000000,-0.144813910497,-0.144552393644,-0.000261516853
37,21,1.734375000000,0.984375000000,-0.036422524317,-0.036356748511,-0.000065775806
37,22,1.734375000000,1.031250000000,0.072757299495,0.072625910431,0.000131389064
37,23,1.734375000000,1.078125000000,0.180362147471,0.180036437738,0.000325709732
37,24,1.734375000000,1.125000000000,0.284062699609,0.283549719866,0.000512979743
37,25,1.734375000000,1.171875000000,0.381614152124,0.380925006858,0.000689145266
37,26,1.734375000000,1.218750000000,0.470904810669,0.470054417819,0.000850392851
37,27,1.734375000000,1.265625000000,0.550001802138,0.549008570165,0.000993231973
37,28,1.734375000000,1.312500000000,0.617192915532,0.616078344934,0.001114570598
37,29,1.734375000000,1.359375000000,0.671023666159,0.669811884049,0.001211782111
37,30,1.734375000000,1.406250000000,0.710328780835,0.709046018658,0.001282762177
37,31,1.734375000000,1.453125000000,0.734257422525,0.732931448233,0.001325974292
37,32,1.734375000000,1.500000000000,0.742291608400,0.740951125355,0.001340483045
37,33,1.734375000000,1.546875000000,0.734257422599,0.732931448233,0.001325974366
37,34,1.734375000000,1.593750000000,0.710328780983,0.709046018658,0.001282762324
37,35,1.734375000000,1.640625000000,0.671023666380,0.669811884049,0.001211782331
37,36,1.734375000000,1.687500000000,0.617192915823,0.616078344934,0.001114570889
37,37,1.734375000000,1.734375000000,0.550001802499,0.549008570165,0.000993232334
37,38,1.734375000000,1.781250000000,0.470904811098,0.470054417819,0.000850393279
37,39,1.734375000000,1.828125000000,0.381614152617,0.380925006858,0.000689145759
37,40,1.734375000000,1.875000000000,0.284062700163,0.283549719866,0.000512980298
37,41,1.734375000000,1.921875000000,0.180362148083,0.180036437738,0.000325710345
37,42,1.734375000000,1.968750000000,0.072757300161,0.072625910431,0.000131389730
37,43,1.734375000000,2.015625000000,-0.036422523602,-0.036356748511,-0.000065775091
37,44,1.734375000000,2.062500000000,-0.144813909738,-0.144552393644,-0.000261516094
37,45,1.734375000000,2.109375000000,-0.250070512069,-0.249618915992,-0.000451596077
37,46,1.734375000000,2.156250000000,-0.349913843022,-0.349281942640,-0.000631900382
37,47,1.734375000000,2.203125000000,-0.442182596001,-0.441384070037,-0.000798525964
37,48,1.734375000000,2.250000000000,-0.524879431149,-0.523931565266,-0.000947865883
37,49,1.734375000000,2.296875000000,-0.596214211722,-0.595137524344,-0.001076687378
37,50,1.734375000000,2.343750000000,-0.654642755146,-0.653460553293,-0.001182201852
37,51,1.734375000000,2.390625000000,-0.698900259905,-0.697638134669,-0.001262125236
37,52,1.734375000000,2.437500000000,-0.728028684676,-0.726713957246,-0.001314727429
37,53,1.734375000000,2.484375000000,-0.741397487026,-0.740058617275,-0.001338869752
37,54,1.734375000000,2.531250000000,-0.738717272758,-0.737383243164,-0.001334029594
37,55,1.734375000000,2.578125000000,-0.720046060415,-0.718745748684,-0.001300311731
37,56,1.734375000000,2.625000000000,-0.685788025359,-0.684549579307,-0.001238446052
37,57,1.734375000000,2.671875000000,-0.636684750591,-0.635534978829,-0.001149771762
37,58,1.734375000000,2.718750000000,-0.573799173720,-0.572762965330,-0.001036208389
37,59,1.734375000000,2.765625000000,-0.498492577575,-0.497592363336,-0.000900214239
37,60,1.734375000000,2.812500000000,-0.412395122542,-0.411650389370,-0.000744733172
37,61,1.734375000000,2.859375000000,-0.317370558513,-0.316797427628,-0.000573130884
37,62,1.734375000000,2.906250000000,-0.215475880331,-0.215086758285,-0.000389122047
37,63,1.734375000000,2.953125000000,-0.108916800065,-0.108720110172,-0.000196689894
37,64,1.734375000000,3.000000000000,0.000000000000,-0.000000000000,0.000000000000
38,0,1.781250000000,0.000000000000,0.000000000000,-0.000000000000,0.000000000000
38,1,1.781250000000,0.046875000000,-0.093253231186,-0.093084827577,-0.000168403609
38,2,1.781250000000,0.093750000000,-0.184487811527,-0.184154649746,-0.000333161782
38,3,1.781250000000,0.140625000000,-0.271728787886,-0.271238079882,-0.000490708004
38,4,1.781250000000,0.187500000000,-0.353087656588,-0.352450024709,-0.000637631880
38,5,1.781250000000,0.234375000000,-0.426803243827,-0.426032490875,-0.000770752952
38,6,1.781250000000,0.281250000000,-0.491279829757,-0.490392640202,-0.000887189556
38,7,1.781250000000,0.328125000000,-0.545121691011,-0.544137269819,-0.000984421191
38,8,1.781250000000,0.375000000000,-0.587163313892,-0.586102970801,-0.001060343090
38,9,1.781250000000,0.421875000000,-0.616494624230,-0.615381312455,-0.001113311775
38,10,1.781250000000,0.468750000000,-0.632480687738,-0.631338507103,-0.001142180635
38,11,1.781250000000,0.515625000000,-0.634775454417,-0.633629129670,-0.001146324748
38,12,1.781250000000,0.562500000000,-0.623329249503,-0.622203595094,-0.001125654408
38,13,1.781250000000,0.609375000000,-0.598389848764,-0.597309231696,-0.001080617068
38,14,1.781250000000,0.656250000000,-0.560497114913,-0.559484927264,-0.001012187650
38,15,1.781250000000,0.703125000000,-0.510471311207,-0.509549463761,-0.000921847446
38,16,1.781250000000,0.750000000000,-0.449395345220,-0.448583793171,-0.000811552049
38,17,1.781250000000,0.796875000000,-0.378591327174,-0.377907638151,-0.000683689023
38,18,1.781250000000,0.843750000000,-0.299591950237,-0.299050924019,-0.000541026217
38,19,1.781250000000,0.890625000000,-0.214107312346,-0.213720660495,-0.000386651851
38,20,1.781250000000,0.937500000000,-0.123987897755,-0.123763990092,-0.000223907663
38,21,1.781250000000,0.984375000000,-0.031184519636,-0.031128203063,-0.000056316573
38,22,1.781250000000,1.031250000000,0.062293909134,0.062181415558,0.000112493576
38,23,1.781250000000,1.078125000000,0.154423862870,0.154144994316,0.000278868555
38,24,1.781250000000,1.125000000000,0.243211006300,0.242771799453,0.000439206847
38,25,1.781250000000,1.171875000000,0.326733365900,0.326143328286,0.000590037614
38,26,1.781250000000,1.218750000000,0.403182934816,0.402454838992,0.000728095824
38,27,1.781250000000,1.265625000000,0.470904810753,0.470054417819,0.000850392935
38,28,1.781250000000,1.312500000000,0.528433019614,0.527478738031,0.000954281583
38,29,1.781250000000,1.359375000000,0.574522249407,0.573484736513,0.001037512893
38,30,1.781250000000,1.406250000000,0.608174807494,0.607076522334,0.001098285160
38,31,1.781250000000,1.453125000000,0.628662217622,0.627526934774,0.001135282847
38,32,1.781250000000,1.500000000000,0.635540989231,0.634393284164,0.001147705068
38,33,1.781250000000,1.546875000000,0.628662217692,0.627526934774,0.001135282918
38,34,1.781250000000,1.593750000000,0.608174807635,0.607076522334,0.001098285301
38,35,1.781250000000,1.640625000000,0.574522249617,0.573484736513,0.001037513103
38,36,1.781250000000,1.687500000000,0.528433019892,0.527478738031,0.000954281861
38,37,1.781250000000,1.734375000000,0.470904811098,0.470054417819,0.000850393279
38,38,1.781250000000,1.781250000000,0.403182935225,0.402454838992,0.000728096233
38,39,1.781250000000,1.828125000000,0.326733366370,0.326143328286,0.000590038084
38,40,1.781250000000,1.875000000000,0.243211006829,0.242771799453,0.000439207376
38,41,1.781250000000,1.921875000000,0.154423863454,0.154144994316,0.000278869139
38,42,1.781250000000,1.968750000000,0.062293909769,0.062181415558,0.000112494211
38,43,1.781250000000,2.015625000000,-0.031184518954,-0.031128203063,-0.000056315891
38,44,1.781250000000,2.062500000000,-0.123987897031,-0.123763990092,-0.000223906938
38,45,1.781250000000,2.109375000000,-0.214107311584,-0.213720660495,-0.000386651089
38,46,1.781250000000,2.156250000000,-0.299591949444,-0.299050924019,-0.000541025424
38,47,1.781250000000,2.203125000000,-0.378591326356,-0.377907638151,-0.000683688205
38,48,1.781250000000,2.250000000000,-0.449395344382,-0.448583793171,-0.000811551211
38,49,1.781250000000,2.296875000000,-0.510471310356,-0.509549463761,-0.000921846595
38,50,1.781250000000,2.343750000000,-0.560497114057,-0.559484927264,-0.001012186793
38,51,1.781250000000,2.390625000000,-0.598389847909,-0.597309231696,-0.001080616213
38,52,1.781250000000,2.437500000000,-0.623329248657,-0.622203595094,-0.001125653563
38,53,1.781250000000,2.484375000000,-0.634775453590,-0.633629129670,-0.001146323921
38,54,1.781250000000,2.531250000000,-0.632480686937,-0.631338507103,-0.001142179834
38,55,1.781250000000,2.578125000000,-0.616494623465,-0.615381312455,-0.001113311010
38,56,1.781250000000,2.625000000000,-0.587163313171,-0.586102970801,-0.001060342370
38,57,1.781250000000,2.671875000000,-0.545121690344,-0.544137269819,-0.000984420525
38,58,1.781250000000,2.718750000000,-0.491279829154,-0.490392640202,-0.000887188953
38,59,1.781250000000,2.765625000000,-0.426803243298,-0.426032490875,-0.000770752423
38,60,1.781250000000,2.812500000000,-0.353087656143,-0.352450024709,-0.000637631434
38,61,1.781250000000,2.859375000000,-0.271728787536,-0.271238079882,-0.000490707654
38,62,1.781250000000,2.906250000000,-0.184487811283,-0.184154649746,-0.000333161537
38,63,1.781250000000,2.953125000000,-0.093253231058,-0.093084827577,-0.000168403481
38,64,1.781250000000,3.000000000000,0.000000000000,-0.000000000000,0.000000000000
39,0,1.828125000000,0.000000000000,0.000000000000,-0.000000000000,0.000000000000
39,1,1.828125000000,0.046875000000,-0.075571011338,-0.075434539574,-0.000136471764
39,2,1.828125000000,0.093750000000,-0.149506138494,-0.149236149174,-0.000269989320
39,3,1.828125000000,0.140625000000,-0.220204909246,-0.219807246826,-0.000397662419
39,4,1.828125000000,0.187500000000,-0.286136908715,-0.285620181387,-0.000516727327
39,5,1.828125000000,0.234375000000,-0.345874908225,-0.345250301574,-0.000624606651
39,6,1.828125000000,0.281250000000,-0.398125760495,-0.397406795364,-0.000718965131
39,7,1.828125000000,0.328125000000,-0.441758392368,-0.440960632174,-0.000797760194
39,8,1.828125000000,0.375000000000,-0.475828289134,-0.474969002968,-0.000859286166
39,9,1.828125000000,0.421875000000,-0.499597940420,-0.498695729221,-0.000902211199
39,10,1.828125000000,0.468750000000,-0.512552805058,-0.511627198961,-0.000925606097
39,11,1.828125000000,0.515625000000,-0.514412449354,-0.513483484923,-0.000928964431
39,12,1.828125000000,0.562500000000,-0.505136617627,-0.504224404120,-0.000912213507
39,13,1.828125000000,0.609375000000,-0.484926103621,-0.484050387689,-0.000875715932
39,14,1.828125000000,0.656250000000,-0.454218403933,-0.453398142164,-0.000820261769
39,15,1.828125000000,0.703125000000,-0.413678247526,-0.412931196091,-0.000747051435
39,16,1.828125000000,0.750000000000,-0.364183206359,-0.363525536646,-0.000657669713
39,17,1.828125000000,0.796875000000,-0.306804698603,-0.306250647154,-0.000554051449
39,18,1.828125000000,0.843750000000,-0.242784795672,-0.242346356006,-0.000438439666
39,19,1.828125000000,0.890625000000,-0.173509335129,-0.173195998120,-0.000313337009
39,20,1.828125000000,0.937500000000,-0.100477921489,-0.100296469914,-0.000181451575
39,21,1.828125000000,0.984375000000,-0.025271464308,-0.025225826023,-0.000045638285
39,22,1.828125000000,1.031250000000,0.050482043735,0.050390880821,0.000091162914
39,23,1.828125000000,1.078125000000,0.125142767960,0.124916777273,0.000225990687
39,24,1.828125000000,1.125000000000,0.197094529159,0.196738602736,0.000355926422
39,25,1.828125000000,1.171875000000,0.264779788989,0.264301631587,0.000478157402
39,26,1.828125000000,1.218750000000,0.326733365982,0.326143328286,0.000590037695
39,27,1.828125000000,1.265625000000,0.381614152290,0.380925006858,0.000689145432
39,28,1.828125000000,1.312500000000,0.428234144626,0.427460809398,0.000773335228
39,29,1.828125000000,1.359375000000,0.465584160946,0.464743376316,0.000840784630
39,30,1.828125000000,1.406250000000,0.492855686192,0.491965652629,0.000890033563
39,31,1.828125000000,1.453125000000,0.509458374199,0.508538358264,0.000920015935
39,32,1.828125000000,1.500000000000,0.515032826913,0.514102744193,0.000930082720
39,33,1.828125000000,1.546875000000,0.509458374267,0.508538358264,0.000920016002
39,34,1.828125000000,1.593750000000,0.492855686326,0.491965652629,0.000890033697
39,35,1.828125000000,1.640625000000,0.465584161146,0.464743376316,0.000840784830
39,36,1.828125000000,1.687500000000,0.428234144891,0.427460809398,0.000773335493
39,37,1.828125000000,1.734375000000,0.381614152617,0.380925006858,0.000689145759
39,38,1.828125000000,1.781250000000,0.326733366370,0.326143328286,0.000590038084
39,39,1.828125000000,1.828125000000,0.264779789436,0.264301631587,0.000478157849
39,40,1.828125000000,1.875000000000,0.197094529662,0.196738602736,0.000355926925
39,41,1.828125000000,1.921875000000,0.125142768516,0.124916777273,0.000225991243
39,42,1.828125000000,1.968750000000,0.050482044339,0.050390880821,0.000091163518
39,43,1.828125000000,2.015625000000,-0.025271463659,-0.025225826023,-0.000045637636
39,44,1.828125000000,2.062500000000,-0.100477920800,-0.100296469914,-0.000181450886
39,45,1.828125000000,2.109375000000,-0.173509334405,-0.173195998120,-0.000313336285
39,46,1.828125000000,2.156250000000,-0.242784794917,-0.242346356006,-0.000438438911
39,47,1.828125000000,2.203125000000,-0.306804697824,-0.306250647154,-0.000554050670
39,48,1.828125000000,2.250000000000,-0.364183205561,-0.363525536646,-0.000657668916
39,49,1.828125000000,2.296875000000,-0.413678246716,-0.412931196091,-0.000747050625
39,50,1.828125000000,2.343750000000,-0.454218403118,-0.453398142164,-0.000820260954
39,51,1.828125000000,2.390625000000,-0.484926102808,-0.484050387689,-0.000875715118
39,52,1.828125000000,2.437500000000,-0.505136616822,-0.504224404120,-0.000912212703
39,53,1.828125000000,2.484375000000,-0.514412448567,-0.513483484923,-0.000928963644
39,54,1.828125000000,2.531250000000,-0.512552804296,-0.511627198961,-0.000925605335
39,55,1.828125000000,2.578125000000,-0.499597939692,-0.498695729221,-0.000902210471
39,56,1.828125000000,2.625000000000,-0.475828288449,-0.474969002968,-0.000859285481
39,57,1.828125000000,2.671875000000,-0.441758391733,-0.440960632174,-0.000797759559
39,58,1.828125000000,2.718750000000,-0.398125759921,-0.397406795364,-0.000718964557
39,59,1.828125000000,2.765625000000,-0.345874907721,-0.345250301574,-0.000624606147
39,60,1.828125000000,2.812500000000,-0.286136908291,-0.285620181387,-0.000516726904
39,61,1.828125000000,2.859375000000,-0.220204908912,-0.219807246826,-0.000397662086
39,62,1.828125000000,2.906250000000,-0.149506138261,-0.149236149174,-0.000269989087
39,63,1.828125000000,2.953125000000,-0.075571011217,-0.075434539574,-0.000136471642
39,64,1.828125000000,3.000000000000,0.000000000000,-0.000000000000,0.000000000000
40,0,1.875000000000,0.000000000000,0.000000000000,-0.000000000000,0.000000000000
40,1,1.875000000000,0.046875000000,-0.056252907318,-0.056151321597,-0.000101585721
40,2,1.875000000000,0.093750000000,-0.111288109066,-0.111087136655,-0.000200972411
40,3,1.875000000000,0.140625000000,-0.163914259331,-0.163618250679,-0.000296008652
40,4,1.875000000000,0.187500000000,-0.212992160891,-0.212607523692,-0.000384637199
40,5,1.875000000000,0.234375000000,-0.257459425391,-0.256994485876,-0.000464939514
40,6,1.875000000000,0.281250000000,-0.296353470844,-0.295818293547,-0.000535177297
40,7,1.875000000000,0.328125000000,-0.328832358626,-0.328238528513,-0.000593830114
40,8,1.875000000000,0.375000000000,-0.354193018903,-0.353553390593,-0.000639628310
40,9,1.875000000000,0.421875000000,-0.371886469969,-0.371214889474,-0.000671580496
40,10,1.875000000000,0.468750000000,-0.381529702044,-0.380840707040,-0.000688995003
40,11,1.875000000000,0.515625000000,-0.382913968274,-0.382222473411,-0.000691494863
40,12,1.875000000000,0.562500000000,-0.376009303480,-0.375330277518,-0.000679025962
40,13,1.875000000000,0.609375000000,-0.360965172802,-0.360313314587,-0.000651858215
40,14,1.875000000000,0.656250000000,-0.338107236239,-0.337496656517,-0.000610579723
40,15,1.875000000000,0.703125000000,-0.307930299091,-0.307374215049,-0.000556084042
40,16,1.875000000000,0.750000000000,-0.271087600913,-0.270598050073,-0.000489550840
40,17,1.875000000000,0.796875000000,-0.228376674861,-0.227964254501,-0.000412420360
40,18,1.875000000000,0.843750000000,-0.180722083500,-0.180395721254,-0.000326362246
40,19,1.875000000000,0.890625000000,-0.129155404820,-0.128922165425,-0.000233239394
40,20,1.875000000000,0.937500000000,-0.074792901686,-0.074657834050,-0.000135067636
40,21,1.875000000000,0.984375000000,-0.018811358122,-0.018777386030,-0.000033972092
40,22,1.875000000000,1.031250000000,0.037577394515,0.037509535692,0.000067858823
40,23,1.875000000000,1.078125000000,0.093152710020,0.092984489242,0.000168220778
40,24,1.875000000000,1.125000000000,0.146711550646,0.146446609407,0.000264941239
40,25,1.875000000000,1.171875000000,0.197094529237,0.196738602736,0.000355926501
40,26,1.875000000000,1.218750000000,0.243211006460,0.242771799453,0.000439207007
40,27,1.875000000000,1.265625000000,0.284062699852,0.283549719866,0.000512979987
40,28,1.875000000000,1.312500000000,0.318765293620,0.318189645143,0.000575648477
40,29,1.875000000000,1.359375000000,0.346567581410,0.345941725514,0.000625855896
40,30,1.875000000000,1.406250000000,0.366867727650,0.366205212247,0.000662515404
40,31,1.875000000000,1.453125000000,0.379226295482,0.378541462048,0.000684833434
40,32,1.875000000000,1.500000000000,0.383375759233,0.382683432365,0.000692326868
40,33,1.875000000000,1.546875000000,0.379226295546,0.378541462048,0.000684833497
40,34,1.875000000000,1.593750000000,0.366867727777,0.366205212247,0.000662515531
40,35,1.875000000000,1.640625000000,0.346567581599,0.345941725514,0.000625856085
40,36,1.875000000000,1.687500000000,0.318765293872,0.318189645143,0.000575648728
40,37,1.875000000000,1.734375000000,0.284062700163,0.283549719866,0.000512980298
40,38,1.875000000000,1.781250000000,0.243211006829,0.242771799453,0.000439207376
40,39,1.875000000000,1.828125000000,0.197094529662,0.196738602736,0.000355926925
40,40,1.875000000000,1.875000000000,0.146711551123,0.146446609407,0.000264941716
40,41,1.875000000000,1.921875000000,0.093152710547,0.092984489242,0.000168221305
40,42,1.875000000000,1.968750000000,0.037577395088,0.037509535692,0.000067859396
40,43,1.875000000000,2.015625000000,-0.018811357506,-0.018777386030,-0.000033971476
40,44,1.875000000000,2.062500000000,-0.074792901032,-0.074657834050,-0.000135066982
40,45,1.875000000000,2.109375000000,-0.129155404132,-0.128922165425,-0.000233238707
40,46,1.875000000000,2.156250000000,-0.180722082784,-0.180395721254,-0.000326361530
40,47,1.875000000000,2.203125000000,-0.228376674122,-0.227964254501,-0.000412419621
40,48,1.875000000000,2.250000000000,-0.271087600157,-0.270598050073,-0.000489550083
40,49,1.875000000000,2.296875000000,-0.307930298323,-0.307374215049,-0.000556083274
40,50,1.875000000000,2.343750000000,-0.338107235466,-0.337496656517,-0.000610578950
40,51,1.875000000000,2.390625000000,-0.360965172030,-0.360313314587,-0.000651857443
40,52,1.875000000000,2.437500000000,-0.376009302716,-0.375330277518,-0.000679025198
40,53,1.875000000000,2.484375000000,-0.382913967527,-0.382222473411,-0.000691494116
40,54,1.875000000000,2.531250000000,-0.381529701320,-0.380840707040,-0.000688994280
40,55,1.875000000000,2.578125000000,-0.371886469278,-0.371214889474,-0.000671579805
40,56,1.875000000000,2.625000000000,-0.354193018253,-0.353553390593,-0.000639627659
40,57,1.875000000000,2.671875000000,-0.328832358024,-0.328238528513,-0.000593829512
40,58,1.875000000000,2.718750000000,-0.296353470300,-0.295818293547,-0.000535176753
40,59,1.875000000000,2.765625000000,-0.257459424913,-0.256994485876,-0.000464939036
40,60,1.875000000000,2.812500000000,-0.212992160489,-0.212607523692,-0.000384636797
40,61,1.875000000000,2.859375000000,-0.163914259015,-0.163618250679,-0.000296008336
40,62,1.875000000000,2.906250000000,-0.111288108845,-0.111087136655,-0.000200972190
40,63,1.875000000000,2.953125000000,-0.056252907202,-0.056151321597,-0.000101585605
40,64,1.875000000000,3.000000000000,0.000000000000,-0.000000000000,0.000000000000
41,0,1.921875000000,0.000000000000,0.000000000000,-0.000000000000,0.000000000000
41,1,1.921875000000,0.046875000000,-0.035717097736,-0.035652597080,-0.000064500656
41,2,1.921875000000,0.093750000000,-0.070661028164,-0.070533423102,-0.000127605061
41,3,1.921875000000,0.140625000000,-0.104075360720,-0.103887413520,-0.000187947200
41,4,1.921875000000,0.187500000000,-0.135236776016,-0.134992555168,-0.000244220848
41,5,1.921875000000,0.234375000000,-0.163470723518,-0.163175515664,-0.000295207854
41,6,1.921875000000,0.281250000000,-0.188166023530,-0.187826219025,-0.000339804505
41,7,1.921875000000,0.328125000000,-0.208788097387,-0.208411051966,-0.000377045421
41,8,1.921875000000,0.375000000000,-0.224890539469,-0.224484415019,-0.000406124451
41,9,1.921875000000,0.421875000000,-0.236124780535,-0.235698368413,-0.000426412122
41,10,1.921875000000,0.468750000000,-0.242247633193,-0.241810163924,-0.000437469269
41,11,1.921875000000,0.515625000000,-0.243126556176,-0.242687499635,-0.000439056540
41,12,1.921875000000,0.562500000000,-0.238742523456,-0.238311383879,-0.000431139577
41,13,1.921875000000,0.609375000000,-0.229190436104,-0.228776546345,-0.000413889759
41,14,1.921875000000,0.656250000000,-0.214677067966,-0.214289387472,-0.000387680494
41,15,1.921875000000,0.703125000000,-0.195516589633,-0.195163510499,-0.000353079134
41,16,1.921875000000,0.750000000000,-0.172123767598,-0.171812932904,-0.000310834695
41,17,1.921875000000,0.796875000000,-0.145004985816,-0.144743124174,-0.000261861642
41,18,1.921875000000,0.843750000000,-0.114747284014,-0.114540063920,-0.000207220094
41,19,1.921875000000,0.890625000000,-0.082005650061,-0.081857557185,-0.000148092877
41,20,1.921875000000,0.937500000000,-0.047488841456,-0.047403081541,-0.000085759916
41,21,1.921875000000,0.984375000000,-0.011944042867,-0.011922472336,-0.000021570532
41,22,1.921875000000,1.031250000000,0.023859308159,0.023816222391,0.000043085769
41,23,1.921875000000,1.078125000000,0.059146177197,0.059039367826,0.000106809372
41,24,1.921875000000,1.125000000000,0.093152710096,0.092984489242,0.000168220853
41,25,1.921875000000,1.171875000000,0.125142768114,0.124916777273,0.000225990841
41,26,1.921875000000,1.218750000000,0.154423863105,0.154144994316,0.000278868790
41,27,1.921875000000,1.265625000000,0.180362147789,0.180036437738,0.000325710050
41,28,1.921875000000,1.312500000000,0.202396136633,0.202030635981,0.000365500652
41,29,1.921875000000,1.359375000000,0.220048860322,0.219651481074,0.000397379249
41,30,1.921875000000,1.406250000000,0.232938190698,0.232517534933,0.000420655765
41,31,1.921875000000,1.453125000000,0.240785112683,0.240350286347,0.000434826335
41,32,1.921875000000,1.500000000000,0.243419764113,0.242980179903,0.000439584210
41,33,1.921875000000,1.546875000000,0.240785112743,0.240350286347,0.000434826396
41,34,1.921875000000,1.593750000000,0.232938190818,0.232517534933,0.000420655885
41,35,1.921875000000,1.640625000000,0.220048860502,0.219651481074,0.000397379428
41,36,1.921875000000,1.687500000000,0.202396136871,0.202030635981,0.000365500890
41,37,1.921875000000,1.734375000000,0.180362148083,0.180036437738,0.000325710345
41,38,1.921875000000,1.781250000000,0.154423863454,0.154144994316,0.000278869139
41,39,1.921875000000,1.828125000000,0.125142768516,0.124916777273,0.000225991243
41,40,1.921875000000,1.875000000000,0.093152710547,0.092984489242,0.000168221305
41,41,1.921875000000,1.921875000000,0.059146177696,0.059039367826,0.000106809870
41,42,1.921875000000,1.968750000000,0.023859308702,0.023816222391,0.000043086311
41,43,1.921875000000,2.015625000000,-0.011944042285,-0.011922472336,-0.000021569949
41,44,1.921875000000,2.062500000000,-0.047488840838,-0.047403081541,-0.000085759297
41,45,1.921875000000,2.109375000000,-0.082005649411,-0.081857557185,-0.000148092226
41,46,1.921875000000,2.156250000000,-0.114747283336,-0.114540063920,-0.000207219417
41,47,1.921875000000,2.203125000000,-0.145004985116,-0.144743124174,-0.000261860942
41,48,1.921875000000,2.250000000000,-0.172123766882,-0.171812932904,-0.000310833979
41,49,1.921875000000,2.296875000000,-0.195516588906,-0.195163510499,-0.000353078407
41,50,1.921875000000,2.343750000000,-0.214677067234,-0.214289387472,-0.000387679762
41,51,1.921875000000,2.390625000000,-0.229190435374,-0.228776546345,-0.000413889029
41,52,1.921875000000,2.437500000000,-0.238742522734,-0.238311383879,-0.000431138855
41,53,1.921875000000,2.484375000000,-0.243126555469,-0.242687499635,-0.000439055833
41,54,1.921875000000,2.531250000000,-0.242247632508,-0.241810163924,-0.000437468585
41,55,1.921875000000,2.578125000000,-0.236124779881,-0.235698368413,-0.000426411468
41,56,1.921875000000,2.625000000000,-0.224890538853,-0.224484415019,-0.000406123835
41,57,1.921875000000,2.671875000000,-0.208788096818,-0.208411051966,-0.000377044852
41,58,1.921875000000,2.718750000000,-0.188166023015,-0.187826219025,-0.000339803990
41,59,1.921875000000,2.765625000000,-0.163470723066,-0.163175515664,-0.000295207402
41,60,1.921875000000,2.812500000000,-0.135236775636,-0.134992555168,-0.000244220468
41,61,1.921875000000,2.859375000000,-0.104075360421,-0.103887413520,-0.000187946900
41,62,1.921875000000,2.906250000000,-0.070661027955,-0.070533423102,-0.000127604852
41,63,1.921875000000,2.953125000000,-0.035717097627,-0.035652597080,-0.000064500547
41,64,1.921875000000,3.000000000000,0.000000000000,-0.000000000000,0.000000000000
42,0,1.968750000000,0.000000000000,0.000000000000,-0.000000000000,0.000000000000
42,1,1.968750000000,0.046875000000,-0.014408120855,-0.014382101505,-0.000026019349
42,2,1.968750000000,0.093750000000,-0.028504349399,-0.028452873946,-0.000051475453
42,3,1.968750000000,0.140625000000,-0.041983544857,-0.041907727591,-0.000075817265
42,4,1.968750000000,0.187500000000,-0.054553923355,-0.054455405493,-0.000098517862
42,5,1.968750000000,0.234375000000,-0.065943374163,-0.065824288317,-0.000119085847
42,6,1.968750000000,0.281250000000,-0.075905350069,-0.075768274083,-0.000137075986
42,7,1.968750000000,0.328125000000,-0.084224204381,-0.084072105531,-0.000152098850
42,8,1.968750000000,0.375000000000,-0.090719859026,-0.090556029786,-0.000163829240
42,9,1.968750000000,0.421875000000,-0.095251702700,-0.095079689468,-0.000172013231
42,10,1.968750000000,0.468750000000,-0.097721634674,-0.097545161008,-0.000176473666
42,11,1.968750000000,0.515625000000,-0.098076188381,-0.097899074391,-0.000177113990
42,12,1.968750000000,0.562500000000,-0.096307688807,-0.096133768462,-0.000173920344
42,13,1.968750000000,0.609375000000,-0.092454418626,-0.092287456764,-0.000166961862
42,14,1.968750000000,0.656250000000,-0.086599789503,-0.086443400327,-0.000156389176
42,15,1.968750000000,0.703125000000,-0.078870536479,-0.078728105327,-0.000142431152
42,16,1.968750000000,0.750000000000,-0.069433974540,-0.069308584600,-0.000125389941
42,17,1.968750000000,0.796875000000,-0.058494376756,-0.058388742323,-0.000105634434
42,18,1.968750000000,0.843750000000,-0.046288552382,-0.046204960104,-0.000083592278
42,19,1.968750000000,0.890625000000,-0.033080720655,-0.033020980036,-0.000059740620
42,20,1.968750000000,0.937500000000,-0.019156791247,-0.019122195470,-0.000034595777
42,21,1.968750000000,0.984375000000,-0.004818175179,-0.004809473120,-0.000008702059
42,22,1.968750000000,1.031250000000,0.009624739811,0.009607359798,0.000017380013
42,23,1.968750000000,1.078125000000,0.023859308231,0.023816222391,0.000043085841
42,24,1.968750000000,1.125000000000,0.037577394662,0.037509535692,0.000067858971
42,25,1.968750000000,1.171875000000,0.050482043961,0.050390880821,0.000091163139
42,26,1.968750000000,1.218750000000,0.062293909440,0.062181415558,0.000112493882
42,27,1.968750000000,1.265625000000,0.072757299884,0.072625910431,0.000131389453
42,28,1.968750000000,1.312500000000,0.081645714488,0.081498273669,0.000147440819
42,29,1.968750000000,1.359375000000,0.088766745920,0.088606445401,0.000160300519
42,30,1.968750000000,1.406250000000,0.093966245353,0.093796555174,0.000169690178
42,31,1.968750000000,1.453125000000,0.097131659328,0.096956252788,0.000175406540
42,32,1.968750000000,1.500000000000,0.098194466191,0.098017140330,0.000177325861
42,33,1.968750000000,1.546875000000,0.097131659384,0.096956252788,0.000175406596
42,34,1.968750000000,1.593750000000,0.093966245466,0.093796555174,0.000169690292
42,35,1.968750000000,1.640625000000,0.088766746089,0.088606445401,0.000160300688
42,36,1.968750000000,1.687500000000,0.081645714712,0.081498273669,0.000147441044
42,37,1.968750000000,1.734375000000,0.072757300161,0.072625910431,0.000131389730
42,38,1.968750000000,1.781250000000,0.062293909769,0.062181415558,0.000112494211
42,39,1.968750000000,1.828125000000,0.050482044339,0.050390880821,0.000091163518
42,40,1.968750000000,1.875000000000,0.037577395088,0.037509535692,0.000067859396
42,41,1.968750000000,1.921875000000,0.023859308702,0.023816222391,0.000043086311
42,42,1.968750000000,1.968750000000,0.009624740323,0.009607359798,0.000017380524
42,43,1.968750000000,2.015625000000,-0.004818174630,-0.004809473120,-0.000008701510
42,44,1.968750000000,2.062500000000,-0.019156790663,-0.019122195470,-0.000034595193
42,45,1.968750000000,2.109375000000,-0.033080720042,-0.033020980036,-0.000059740006
42,46,1.968750000000,2.156250000000,-0.046288551743,-0.046204960104,-0.000083591639
42,47,1.968750000000,2.203125000000,-0.058494376096,-0.058388742323,-0.000105633774
42,48,1.968750000000,2.250000000000,-0.069433973865,-0.069308584600,-0.000125389265
42,49,1.968750000000,2.296875000000,-0.078870535793,-0.078728105327,-0.000142430466
42,50,1.968750000000,2.343750000000,-0.086599788813,-0.086443400327,-0.000156388486
42,51,1.968750000000,2.390625000000,-0.092454417937,-0.092287456764,-0.000166961174
42,52,1.968750000000,2.437500000000,-0.096307688125,-0.096133768462,-0.000173919663
42,53,1.968750000000,2.484375000000,-0.098076187714,-0.097899074391,-0.000177113323
42,54,1.968750000000,2.531250000000,-0.097721634028,-0.097545161008,-0.000176473020
42,55,1.968750000000,2.578125000000,-0.095251702082,-0.095079689468,-0.000172012614
42,56,1.968750000000,2.625000000000,-0.090719858445,-0.090556029786,-0.000163828659
42,57,1.968750000000,2.671875000000,-0.084224203843,-0.084072105531,-0.000152098312
42,58,1.968750000000,2.718750000000,-0.075905349583,-0.075768274083,-0.000137075500
42,59,1.968750000000,2.765625000000,-0.065943373737,-0.065824288317,-0.000119085420
42,60,1.968750000000,2.812500000000,-0.054553922997,-0.054455405493,-0.000098517504
42,61,1.968750000000,2.859375000000,-0.041983544575,-0.041907727591,-0.000075816983
42,62,1.968750000000,2.906250000000,-0.028504349202,-0.028452873946,-0.000051475256
42,63,1.968750000000,2.953125000000,-0.014408120752,-0.014382101505,-0.000026019246
42,64,1.968750000000,3.000000000000,0.000000000000,-0.000000000000,0.000000000000
43,0,2.015625000000,0.000000000000,0.000000000000,0.000000000000,0.000000000000
43,1,2.015625000000,0.046875000000,0.007212748329,0.007199723134,0.000013025195
43,2,2.015625000000,0.093750000000,0.014269362444,0.014243594006,0.000025768439
43,3,2.015625000000,0.140625000000,0.021017087958,0.020979134081,0.000037953876
43,4,2.015625000000,0.187500000000,0.027309856988,0.027260539260,0.000049317728
43,5,2.015625000000,0.234375000000,0.033011450086,0.032951836088,0.000059613998
43,6,2.015625000000,0.281250000000,0.037998444979,0.037929825177,0.000068619801
43,7,2.015625000000,0.328125000000,0.042162888285,0.042086748097,0.000076140188
43,8,2.015625000000,0.375000000000,0.045414632382,0.045332620019,0.000082012363
43,9,2.015625000000,0.421875000000,0.047683286828,0.047597177619,0.000086109209
43,10,2.015625000000,0.468750000000,0.048919742105,0.048831400064,0.000088342041
43,11,2.015625000000,0.515625000000,0.049097232689,0.049008570165,0.000088662524
43,12,2.015625000000,0.562500000000,0.048211916443,0.048124852724,0.000087063719
43,13,2.015625000000,0.609375000000,0.046282957788,0.046199377555,0.000083580233
43,14,2.015625000000,0.656250000000,0.043352112855,0.043273825381,0.000078287474
43,15,2.015625000000,0.703125000000,0.039482825584,0.039411525572,0.000071300012
43,16,2.015625000000,0.750000000000,0.034758854358,0.034696085254,0.000062769104
43,17,2.015625000000,0.796875000000,0.029282458888,0.029229579470,0.000052879418
43,18,2.015625000000,0.843750000000,0.023172186598,0.023130341562,0.000041845036
43,19,2.015625000000,0.890625000000,0.016560306428,0.016530401610,0.000029904818
43,20,2.015625000000,0.937500000000,0.009589945618,0.009572628385,0.000017317233
43,21,2.015625000000,0.984375000000,0.002411991428,0.002407636664,0.000004354764
43,22,2.015625000000,1.031250000000,-0.004818175111,-0.004809473120,-0.000008701991
43,23,2.015625000000,1.078125000000,-0.011944042727,-0.011922472336,-0.000021570392
43,24,2.015625000000,1.125000000000,-0.018811357907,-0.018777386030,-0.000033971877
43,25,2.015625000000,1.171875000000,-0.025271464015,-0.025225826023,-0.000045637992
43,26,2.015625000000,1.218750000000,-0.031184519263,-0.031128203063,-0.000056316201
43,27,2.015625000000,1.265625000000,-0.036422523863,-0.036356748511,-0.000065775352
43,28,2.015625000000,1.312500000000,-0.040872090832,-0.040798280150,-0.000073810683
43,29,2.015625000000,1.359375000000,-0.044436900483,-0.044356652230,-0.000080248253
43,30,2.015625000000,1.406250000000,-0.047039785453,-0.046954836744,-0.000084948708
43,31,2.015625000000,1.453125000000,-0.048624401141,-0.048536590843,-0.000087810297
43,32,2.015625000000,1.500000000000,-0.049156445403,-0.049067674327,-0.000088771075
43,33,2.015625000000,1.546875000000,-0.048624401087,-0.048536590843,-0.000087810244
43,34,2.015625000000,1.593750000000,-0.047039785346,-0.046954836744,-0.000084948601
43,35,2.015625000000,1.640625000000,-0.044436900324,-0.044356652230,-0.000080248094
43,36,2.015625000000,1.687500000000,-0.040872090622,-0.040798280150,-0.000073810472
43,37,2.015625000000,1.734375000000,-0.036422523602,-0.036356748511,-0.000065775091
43,38,2.015625000000,1.781250000000,-0.031184518954,-0.031128203063,-0.000056315891
43,39,2.015625000000,1.828125000000,-0.025271463659,-0.025225826023,-0.000045637636
43,40,2.015625000000,1.875000000000,-0.018811357506,-0.018777386030,-0.000033971476
43,41,2.015625000000,1.921875000000,-0.011944042285,-0.011922472336,-0.000021569949
43,42,2.015625000000,1.968750000000,-0.004818174630,-0.004809473120,-0.000008701510
43,43,2.015625000000,2.015625000000,0.002411991944,0.002407636664,0.000004355280
43,44,2.015625000000,2.062500000000,0.009589946166,0.009572628385,0.000017317781
43,45,2.015625000000,2.109375000000,0.016560307005,0.016530401610,0.000029905395
43,46,2.015625000000,2.156250000000,0.023172187199,0.023130341562,0.000041845637
43,47,2.015625000000,2.203125000000,0.029282459509,0.029229579470,0.000052880039
43,48,2.015625000000,2.250000000000,0.034758854993,0.034696085254,0.000062769739
43,49,2.015625000000,2.296875000000,0.039482826229,0.039411525572,0.000071300657
43,50,2.015625000000,2.343750000000,0.043352113504,0.043273825381,0.000078288123
43,51,2.015625000000,2.390625000000,0.046282958436,0.046199377555,0.000083580881
43,52,2.015625000000,2.437500000000,0.048211917083,0.048124852724,0.000087064359
43,53,2.015625000000,2.484375000000,0.049097233316,0.049008570165,0.000088663151
43,54,2.015625000000,2.531250000000,0.048919742713,0.048831400064,0.000088342649
43,55,2.015625000000,2.578125000000,0.047683287409,0.047597177619,0.000086109790
43,56,2.015625000000,2.625000000000,0.045414632929,0.045332620019,0.000082012910
43,57,2.015625000000,2.671875000000,0.042162888791,0.042086748097,0.000076140694
43,58,2.015625000000,2.718750000000,0.037998445436,0.037929825177,0.000068620259
43,59,2.015625000000,2.765625000000,0.033011450487,0.032951836088,0.000059614399
43,60,2.015625000000,2.812500000000,0.027309857325,0.027260539260,0.000049318065
43,61,2.015625000000,2.859375000000,0.021017088223,0.020979134081,0.000037954142
43,62,2.015625000000,2.906250000000,0.014269362630,0.014243594006,0.000025768624
43,63,2.015625000000,2.953125000000,0.007212748426,0.007199723134,0.000013025292
43,64,2.015625000000,3.000000000000,0.000000000000,0.000000000000,-0.000000000000
44,0,2.062500000000,0.000000000000,0.000000000000,0.000000000000,0.000000000000
44,1,2.062500000000,0.046875000000,0.028677483291,0.028625695511,0.000051787780
44,2,2.062500000000,0.093750000000,0.056734185678,0.056631731162,0.000102454516
44,3,2.062500000000,0.140625000000,0.083562764281,0.083411860857,0.000150903424
44,4,2.062500000000,0.187500000000,0.108582461392,0.108386375662,0.000196085729
44,5,2.062500000000,0.234375000000,0.131251676123,0.131014652754,0.000237023369
44,6,2.062500000000,0.281250000000,0.151079688433,0.150806858268,0.000272830165
44,7,2.062500000000,0.328125000000,0.167637281734,0.167334550727,0.000302731007
44,8,2.062500000000,0.375000000000,0.180566034132,0.180239955502,0.000326078631
44,9,2.062500000000,0.421875000000,0.189586077180,0.189243709551,0.000342367629
44,10,2.062500000000,0.468750000000,0.194502154184,0.194150908792,0.000351245392
44,11,2.062500000000,0.515625000000,0.195207846923,0.194855327179,0.000352519744
44,12,2.062500000000,0.562500000000,0.191687879278,0.191341716183,0.000346163095
44,13,2.062500000000,0.609375000000,0.184018447918,0.183686134869,0.000332313049
44,14,2.062500000000,0.656250000000,0.172365572870,0.172054303455,0.000311269415
44,15,2.062500000000,0.703125000000,0.156981503687,0.156698015962,0.000283487724
44,16,2.062500000000,0.750000000000,0.138199259007,0.137949689641,0.000249569366
44,17,2.062500000000,0.796875000000,0.116425417707,0.116215169138,0.000210248569
44,18,2.062500000000,0.843750000000,0.092131317694,0.091964941185,0.000166376509
44,19,2.062500000000,0.890625000000,0.065842852866,0.065723949982,0.000118902884
44,20,2.062500000000,0.937500000000,0.038129089099,0.038060233744,0.000068855354
44,21,2.062500000000,0.984375000000,0.009589945682,0.009572628385,0.000017317297
44,22,2.062500000000,1.031250000000,-0.019156791114,-0.019122195470,-0.000034595644
44,23,2.062500000000,1.078125000000,-0.047488841252,-0.047403081541,-0.000085759712
44,24,2.062500000000,1.125000000000,-0.074792901408,-0.074657834050,-0.000135067357
44,25,2.062500000000,1.171875000000,-0.100477921134,-0.100296469914,-0.000181451220
44,26,2.062500000000,1.218750000000,-0.123987897321,-0.123763990092,-0.000223907228
44,27,2.062500000000,1.265625000000,-0.144813909982,-0.144552393644,-0.000261516338
44,28,2.062500000000,1.312500000000,-0.162505138837,-0.162211674411,-0.000293464426
44,29,2.062500000000,1.359375000000,-0.176678622207,-0.176359562295,-0.000319059912
44,30,2.062500000000,1.406250000000,-0.187027546979,-0.186689798248,-0.000337748730
44,31,2.062500000000,1.453125000000,-0.193327890185,-0.192978763860,-0.000349126325
44,32,2.062500000000,1.500000000000,-0.195443268420,-0.195090322016,-0.000352946404
44,33,2.062500000000,1.546875000000,-0.193327890134,-0.192978763860,-0.000349126275
44,34,2.062500000000,1.593750000000,-0.187027546879,-0.186689798248,-0.000337748630
44,35,2.062500000000,1.640625000000,-0.176678622057,-0.176359562295,-0.000319059763
44,36,2.062500000000,1.687500000000,-0.162505138640,-0.162211674411,-0.000293464229
44,37,2.062500000000,1.734375000000,-0.144813909738,-0.144552393644,-0.000261516094
44,38,2.062500000000,1.781250000000,-0.123987897031,-0.123763990092,-0.000223906938
44,39,2.062500000000,1.828125000000,-0.100477920800,-0.100296469914,-0.000181450886
44,40,2.062500000000,1.875000000000,-0.074792901032,-0.074657834050,-0.000135066982
44,41,2.062500000000,1.921875000000,-0.047488840838,-0.047403081541,-0.000085759297
44,42,2.062500000000,1.968750000000,-0.019156790663,-0.019122195470,-0.000034595193
44,43,2.062500000000,2.015625000000,0.009589946166,0.009572628385,0.000017317781
44,44,2.062500000000,2.062500000000,0.038129089613,0.038060233744,0.000068855869
44,45,2.062500000000,2.109375000000,0.065842853407,0.065723949982,0.000118903425
44,46,2.062500000000,2.156250000000,0.092131318257,0.091964941185,0.000166377072
44,47,2.062500000000,2.203125000000,0.116425418289,0.116215169138,0.000210249150
44,48,2.062500000000,2.250000000000,0.138199259603,0.137949689641,0.000249569961
44,49,2.062500000000,2.296875000000,0.156981504291,0.156698015962,0.000283488329
44,50,2.062500000000,2.343750000000,0.172365573479,0.172054303455,0.000311270024
44,51,2.062500000000,2.390625000000,0.184018448525,0.183686134869,0.000332313656
44,52,2.062500000000,2.437500000000,0.191687879879,0.191341716183,0.000346163696
44,53,2.062500000000,2.484375000000,0.195207847511,0.194855327179,0.000352520332
44,54,2.062500000000,2.531250000000,0.194502154754,0.194150908792,0.000351245962
44,55,2.062500000000,2.578125000000,0.189586077724,0.189243709551,0.000342368173
44,56,2.062500000000,2.625000000000,0.180566034645,0.180239955502,0.000326079143
44,57,2.062500000000,2.671875000000,0.167637282209,0.167334550727,0.000302731481
44,58,2.062500000000,2.718750000000,0.151079688862,0.150806858268,0.000272830594
44,59,2.062500000000,2.765625000000,0.131251676499,0.131014652754,0.000237023745
44,60,2.062500000000,2.812500000000,0.108582461708,0.108386375662,0.000196086045
44,61,2.062500000000,2.859375000000,0.083562764530,0.083411860857,0.000150903673
44,62,2.062500000000,2.906250000000,0.056734185852,0.056631731162,0.000102454690
44,63,2.062500000000,2.953125000000,0.028677483382,0.028625695511,0.000051787871
44,64,2.062500000000,3.000000000000,0.000000000000,0.000000000000,-0.000000000000
45,0,2.109375000000,0.000000000000,0.000000000000,0.000000000000,0.000000000000
45,1,2.109375000000,0.046875000000,0.049521437342,0.049432008027,0.000089429314
45,2,2.109375000000,0.093750000000,0.097970885121,0.097793962362,0.000176922759
45,3,2.109375000000,0.140625000000,0.144299559105,0.144038972743,0.000260586362
45,4,2.109375000000,0.187500000000,0.187504583409,0.187165974351,0.000338609058
45,5,2.109375000000,0.234375000000,0.226650699732,0.226241397843,0.000409301889
45,6,2.109375000000,0.281250000000,0.260890512871,0.260419378304,0.000471134567
45,7,2.109375000000,0.328125000000,0.289482834274,0.288960065673,0.000522768601
45,8,2.109375000000,0.375000000000,0.311808726526,0.311245640260,0.000563086266
45,9,2.109375000000,0.421875000000,0.327384901482,0.326793686675,0.000591214807
45,10,2.109375000000,0.468750000000,0.335874181991,0.335267636667,0.000606545325
45,11,2.109375000000,0.515625000000,0.337092800767,0.336484054810,0.000608745958
45,12,2.109375000000,0.562500000000,0.331014378393,0.330416609324,0.000597769068
45,13,2.109375000000,0.609375000000,0.317770494354,0.317196642082,0.000573852272
45,14,2.109375000000,0.656250000000,0.297647838744,0.297110325450,0.000537513294
45,15,2.109375000000,0.703125000000,0.271082006288,0.270592467524,0.000489538764
45,16,2.109375000000,0.750000000000,0.238648067031,0.238217099847,0.000430967184
45,17,2.109375000000,0.796875000000,0.201048117808,0.200685051356,0.000363066452
45,18,2.109375000000,0.843750000000,0.159096083971,0.158808777559,0.000287306412
45,19,2.109375000000,0.890625000000,0.113700100360,0.113494773319,0.000205327041
45,20,2.109375000000,0.937500000000,0.065842852927,0.065723949982,0.000118902945
45,21,2.109375000000,0.984375000000,0.016560306553,0.016530401610,0.000029904942
45,22,2.109375000000,1.031250000000,-0.033080720463,-0.033020980036,-0.000059740427
45,23,2.109375000000,1.078125000000,-0.082005649798,-0.081857557185,-0.000148092613
45,24,2.109375000000,1.125000000000,-0.129155404483,-0.128922165425,-0.000233239058
45,25,2.109375000000,1.171875000000,-0.173509334716,-0.173195998120,-0.000313336596
45,26,2.109375000000,1.218750000000,-0.214107311855,-0.213720660495,-0.000386651360
45,27,2.109375000000,1.265625000000,-0.250070512297,-0.249618915992,-0.000451596305
45,28,2.109375000000,1.312500000000,-0.280620441359,-0.280113675789,-0.000506765570
45,29,2.109375000000,1.359375000000,-0.305095785334,-0.304544820428,-0.000550964906
45,30,2.109375000000,1.406250000000,-0.322966726941,-0.322383489410,-0.000583237531
45,31,2.109375000000,1.453125000000,-0.333846414260,-0.333243529421,-0.000602884839
45,32,2.109375000000,1.500000000000,-0.337499334918,-0.336889853392,-0.000609481526
45,33,2.109375000000,1.546875000000,-0.333846414213,-0.333243529421,-0.000602884792
45,34,2.109375000000,1.593750000000,-0.322966726847,-0.322383489410,-0.000583237437
45,35,2.109375000000,1.640625000000,-0.305095785195,-0.304544820428,-0.000550964767
45,36,2.109375000000,1.687500000000,-0.280620441174,-0.280113675789,-0.000506765386
45,37,2.109375000000,1.734375000000,-0.250070512069,-0.249618915992,-0.000451596077
45,38,2.109375000000,1.781250000000,-0.214107311584,-0.213720660495,-0.000386651089
45,39,2.109375000000,1.828125000000,-0.173509334405,-0.173195998120,-0.000313336285
45,40,2.109375000000,1.875000000000,-0.129155404132,-0.128922165425,-0.000233238707
45,41,2.109375000000,1.921875000000,-0.082005649411,-0.081857557185,-0.000148092226
45,42,2.109375000000,1.968750000000,-0.033080720042,-0.033020980036,-0.000059740006
45,43,2.109375000000,2.015625000000,0.016560307005,0.016530401610,0.000029905395
45,44,2.109375000000,2.062500000000,0.065842853407,0.065723949982,0.000118903425
45,45,2.109375000000,2.109375000000,0.113700100865,0.113494773319,0.000205327546
45,46,2.109375000000,2.156250000000,0.159096084497,0.158808777559,0.000287306938
45,47,2.109375000000,2.203125000000,0.201048118351,0.200685051356,0.000363066995
45,48,2.109375000000,2.250000000000,0.238648067587,0.238217099847,0.000430967741
45,49,2.109375000000,2.296875000000,0.271082006853,0.270592467524,0.000489539329
45,50,2.109375000000,2.343750000000,0.297647839313,0.297110325450,0.000537513863
45,51,2.109375000000,2.390625000000,0.317770494921,0.317196642082,0.000573852839
45,52,2.109375000000,2.437500000000,0.331014378954,0.330416609324,0.000597769629
45,53,2.109375000000,2.484375000000,0.337092801317,0.336484054810,0.000608746507
45,54,2.109375000000,2.531250000000,0.335874182523,0.335267636667,0.000606545857
45,55,2.109375000000,2.578125000000,0.327384901991,0.326793686675,0.000591215316
45,56,2.109375000000,2.625000000000,0.311808727005,0.311245640260,0.000563086745
45,57,2.109375000000,2.671875000000,0.289482834717,0.288960065673,0.000522769044
45,58,2.109375000000,2.718750000000,0.260890513272,0.260419378304,0.000471134968
45,59,2.109375000000,2.765625000000,0.226650700084,0.226241397843,0.000409302241
45,60,2.109375000000,2.812500000000,0.187504583705,0.187165974351,0.000338609354
45,61,2.109375000000,2.859375000000,0.144299559338,0.144038972743,0.000260586595
45,62,2.109375000000,2.906250000000,0.097970885283,0.097793962362,0.000176922921
45,63,2.109375000000,2.953125000000,0.049521437427,0.049432008027,0.000089429399
45,64,2.109375000000,3.000000000000,0.000000000000,0.000000000000,-0.000000000000
46,0,2.156250000000,0.000000000000,0.000000000000,0.000000000000,0.000000000000
46,1,2.156250000000,0.046875000000,0.069293401823,0.069168266851,0.000125134972
46,2,2.156250000000,0.093750000000,0.137086810762,0.136839249608,0.000247561153
46,3,2.156250000000,0.140625000000,0.201912704242,0.201548075856,0.000364628386
46,4,2.156250000000,0.187500000000,0.262367797438,0.261893994923,0.000473802515
46,5,2.156250000000,0.234375000000,0.317143420151,0.316570699901,0.000572720250
46,6,2.156250000000,0.281250000000,0.365053845566,0.364394605248,0.000659240319
46,7,2.156250000000,0.328125000000,0.405061957657,0.404330467836,0.000731489820
46,8,2.156250000000,0.375000000000,0.436301701617,0.435513796846,0.000787904771
46,9,2.156250000000,0.421875000000,0.458096831331,0.457269567375,0.000827263956
46,10,2.156250000000,0.468750000000,0.469975548059,0.469126832692,0.000848715367
46,11,2.156250000000,0.515625000000,0.471680713455,0.470828918812,0.000851794644
46,12,2.156250000000,0.562500000000,0.463175415838,0.462338980709,0.000836435129
46,13,2.156250000000,0.609375000000,0.444643769213,0.443840799905,0.000802969308
46,14,2.156250000000,0.656250000000,0.416486927767,0.415734806151,0.000752121616
46,15,2.156250000000,0.703125000000,0.379314402083,0.378629409334,0.000684992749
46,16,2.156250000000,0.750000000000,0.333930865084,0.333327829239,0.000603035845
46,17,2.156250000000,0.796875000000,0.281318733290,0.280810708267,0.000508025023
46,18,2.156250000000,0.843750000000,0.222616900470,0.222214883490,0.000402016980
46,19,2.156250000000,0.890625000000,0.159096084027,0.158808777559,0.000287306468
46,20,2.156250000000,0.937500000000,0.092131317810,0.091964941185,0.000166376625
46,21,2.156250000000,0.984375000000,0.023172186778,0.023130341562,0.000041845216
46,22,2.156250000000,1.031250000000,-0.046288552135,-0.046204960104,-0.000083592030
46,23,2.156250000000,1.078125000000,-0.114747283697,-0.114540063920,-0.000207219777
46,24,2.156250000000,1.125000000000,-0.180722083110,-0.180395721254,-0.000326361856
46,25,2.156250000000,1.171875000000,-0.242784795207,-0.242346356006,-0.000438439201
46,26,2.156250000000,1.218750000000,-0.299591949696,-0.299050924019,-0.000541025676
46,27,2.156250000000,1.265625000000,-0.349913843234,-0.349281942640,-0.000631900595
46,28,2.156250000000,1.312500000000,-0.392661158797,-0.391952062009,-0.000709096788
46,29,2.156250000000,1.359375000000,-0.426908546095,-0.426137602904,-0.000770943191
46,30,2.156250000000,1.406250000000,-0.451914652618,-0.451098551601,-0.000816101017
46,31,2.156250000000,1.453125000000,-0.467138171676,-0.466294578942,-0.000843592733
46,32,2.156250000000,1.500000000000,-0.472249560055,-0.471396736826,-0.000852823229
46,33,2.156250000000,1.546875000000,-0.467138171632,-0.466294578942,-0.000843592690
46,34,2.156250000000,1.593750000000,-0.451914652531,-0.451098551601,-0.000816100930
46,35,2.156250000000,1.640625000000,-0.426908545965,-0.426137602904,-0.000770943061
46,36,2.156250000000,1.687500000000,-0.392661158625,-0.391952062009,-0.000709096616
46,37,2.156250000000,1.734375000000,-0.349913843022,-0.349281942640,-0.000631900382
46,38,2.156250000000,1.781250000000,-0.299591949444,-0.299050924019,-0.000541025424
46,39,2.156250000000,1.828125000000,-0.242784794917,-0.242346356006,-0.000438438911
46,40,2.156250000000,1.875000000000,-0.180722082784,-0.180395721254,-0.000326361530
46,41,2.156250000000,1.921875000000,-0.114747283336,-0.114540063920,-0.000207219417
46,42,2.156250000000,1.968750000000,-0.046288551743,-0.046204960104,-0.000083591639
46,43,2.156250000000,2.015625000000,0.023172187199,0.023130341562,0.000041845637
46,44,2.156250000000,2.062500000000,0.092131318257,0.091964941185,0.000166377072
46,45,2.156250000000,2.109375000000,0.159096084497,0.158808777559,0.000287306938
46,46,2.156250000000,2.156250000000,0.222616900960,0.222214883490,0.000402017469
46,47,2.156250000000,2.203125000000,0.281318733796,0.280810708267,0.000508025529
46,48,2.156250000000,2.250000000000,0.333930865602,0.333327829239,0.000603036363
46,49,2.156250000000,2.296875000000,0.379314402609,0.378629409334,0.000684993275
46,50,2.156250000000,2.343750000000,0.416486928296,0.415734806151,0.000752122145
46,51,2.156250000000,2.390625000000,0.444643769742,0.443840799905,0.000802969836
46,52,2.156250000000,2.437500000000,0.463175416360,0.462338980709,0.000836435651
46,53,2.156250000000,2.484375000000,0.471680713967,0.470828918812,0.000851795155
46,54,2.156250000000,2.531250000000,0.469975548554,0.469126832692,0.000848715862
46,55,2.156250000000,2.578125000000,0.458096831805,0.457269567375,0.000827264430
46,56,2.156250000000,2.625000000000,0.436301702063,0.435513796846,0.000787905217
46,57,2.156250000000,2.671875000000,0.405061958070,0.404330467836,0.000731490233
46,58,2.156250000000,2.718750000000,0.365053845939,0.364394605248,0.000659240692
46,59,2.156250000000,2.765625000000,0.317143420479,0.316570699901,0.000572720578
46,60,2.156250000000,2.812500000000,0.262367797714,0.261893994923,0.000473802791
46,61,2.156250000000,2.859375000000,0.201912704459,0.201548075856,0.000364628603
46,62,2.156250000000,2.906250000000,0.137086810913,0.136839249608,0.000247561305
46,63,2.156250000000,2.953125000000,0.069293401902,0.069168266851,0.000125135051
46,64,2.156250000000,3.000000000000,0.000000000000,0.000000000000,-0.000000000000
47,0,2.203125000000,0.000000000000,0.000000000000,0.000000000000,0.000000000000
47,1,2.203125000000,0.046875000000,0.087565373413,0.087407241581,0.000158131833
47,2,2.203125000000,0.093750000000,0.173235220938,0.172922380345,0.000312840592
47,3,2.203125000000,0.140625000000,0.255155049089,0.254694271789,0.000460777300
47,4,2.203125000000,0.187500000000,0.331551540978,0.330952801406,0.000598739572
47,5,2.203125000000,0.234375000000,0.400770943267,0.400047202328,0.000723740939
47,6,2.203125000000,0.281250000000,0.461314864931,0.460481789434,0.000833075497
47,7,2.203125000000,0.328125000000,0.511872712904,0.510948336420,0.000924376483
47,8,2.203125000000,0.375000000000,0.551350062456,0.550354394952,0.000995667504
47,9,2.203125000000,0.421875000000,0.578892348189,0.577846942864,0.001045405325
47,10,2.203125000000,0.468750000000,0.593903362790,0.592830849520,0.001072513270
47,11,2.203125000000,0.515625000000,0.596058163124,0.594981758592,0.001076404532
47,12,2.203125000000,0.562500000000,0.585310104271,0.584253109393,0.001056994878
47,13,2.203125000000,0.609375000000,0.561891849246,0.560877144779,0.001014704467
47,14,2.203125000000,0.656250000000,0.526310332547,0.525359883789,0.000950448758
47,15,2.203125000000,0.703125000000,0.479335786558,0.478470167866,0.000865618692
47,16,2.203125000000,0.750000000000,0.421985068338,0.421223017755,0.000762050584
47,17,2.203125000000,0.796875000000,0.355499647742,0.354857661373,0.000641986369
47,18,2.203125000000,0.843750000000,0.281318733342,0.280810708267,0.000508025075
47,19,2.203125000000,0.890625000000,0.201048117916,0.200685051356,0.000363066560
47,20,2.203125000000,0.937500000000,0.116425417874,0.116215169138,0.000210248736
47,21,2.203125000000,0.984375000000,0.029282459119,0.029229579470,0.000052879649
47,22,2.203125000000,1.031250000000,-0.058494376459,-0.058388742323,-0.000105634137
47,23,2.203125000000,1.078125000000,-0.145004985450,-0.144743124174,-0.000261861276
47,24,2.203125000000,1.125000000000,-0.228376674424,-0.227964254501,-0.000412419923
47,25,2.203125000000,1.171875000000,-0.306804698092,-0.306250647154,-0.000554050939
47,26,2.203125000000,1.218750000000,-0.378591326589,-0.377907638151,-0.000683688438
47,27,2.203125000000,1.265625000000,-0.442182596198,-0.441384070037,-0.000798526161
47,28,2.203125000000,1.312500000000,-0.496201947973,-0.495305869755,-0.000896078218
47,29,2.203125000000,1.359375000000,-0.539480026083,-0.538505793182,-0.000974232900
47,30,2.203125000000,1.406250000000,-0.571079990832,-0.570048692436,-0.001031298396
47,31,2.203125000000,1.453125000000,-0.590317798415,-0.589251759006,-0.001066039408
47,32,2.203125000000,1.500000000000,-0.596777008392,-0.595699304492,-0.001077703899
47,33,2.203125000000,1.546875000000,-0.590317798374,-0.589251759006,-0.001066039368
47,34,2.203125000000,1.593750000000,-0.571079990752,-0.570048692436,-0.001031298315
47,35,2.203125000000,1.640625000000,-0.539480025963,-0.538505793182,-0.000974232780
47,36,2.203125000000,1.687500000000,-0.496201947814,-0.495305869755,-0.000896078059
47,37,2.203125000000,1.734375000000,-0.442182596001,-0.441384070037,-0.000798525964
47,38,2.203125000000,1.781250000000,-0.378591326356,-0.377907638151,-0.000683688205
47,39,2.203125000000,1.828125000000,-0.306804697824,-0.306250647154,-0.000554050670
47,40,2.203125000000,1.875000000000,-0.228376674122,-0.227964254501,-0.000412419621
47,41,2.203125000000,1.921875000000,-0.145004985116,-0.144743124174,-0.000261860942
47,42,2.203125000000,1.968750000000,-0.058494376096,-0.058388742323,-0.000105633774
47,43,2.203125000000,2.015625000000,0.029282459509,0.029229579470,0.000052880039
47,44,2.203125000000,2.062500000000,0.116425418289,0.116215169138,0.000210249150
47,45,2.203125000000,2.109375000000,0.201048118351,0.200685051356,0.000363066995
47,46,2.203125000000,2.156250000000,0.281318733796,0.280810708267,0.000508025529
47,47,2.203125000000,2.203125000000,0.355499648210,0.354857661373,0.000641986837
47,48,2.203125000000,2.250000000000,0.421985068818,0.421223017755,0.000762051063
47,49,2.203125000000,2.296875000000,0.479335787045,0.478470167866,0.000865619179
47,50,2.203125000000,2.343750000000,0.526310333038,0.525359883789,0.000950449248
47,51,2.203125000000,2.390625000000,0.561891849735,0.560877144779,0.001014704957
47,52,2.203125000000,2.437500000000,0.585310104755,0.584253109393,0.001056995362
47,53,2.203125000000,2.484375000000,0.596058163598,0.594981758592,0.001076405006
47,54,2.203125000000,2.531250000000,0.593903363248,0.592830849520,0.001072513728
47,55,2.203125000000,2.578125000000,0.578892348627,0.577846942864,0.001045405764
47,56,2.203125000000,2.625000000000,0.551350062870,0.550354394952,0.000995667918
47,57,2.203125000000,2.671875000000,0.511872713286,0.510948336420,0.000924376866
47,58,2.203125000000,2.718750000000,0.461314865277,0.460481789434,0.000833075843
47,59,2.203125000000,2.765625000000,0.400770943571,0.400047202328,0.000723741243
47,60,2.203125000000,2.812500000000,0.331551541234,0.330952801406,0.000598739827
47,61,2.203125000000,2.859375000000,0.255155049290,0.254694271789,0.000460777502
47,62,2.203125000000,2.906250000000,0.173235221078,0.172922380345,0.000312840733
47,63,2.203125000000,2.953125000000,0.087565373487,0.087407241581,0.000158131906
47,64,2.203125000000,3.000000000000,0.000000000000,0.000000000000,-0.000000000000
48,0,2.250000000000,0.000000000000,0.000000000000,0.000000000000,0.000000000000
48,1,2.250000000000,0.046875000000,0.103941819109,0.103754113494,0.000187705615
48,2,2.250000000000,0.093750000000,0.205633611735,0.205262263761,0.000371347974
48,3,2.250000000000,0.140625000000,0.302874057668,0.302327105895,0.000546951773
48,4,2.250000000000,0.187500000000,0.393558194912,0.392847479194,0.000710715718
48,5,2.250000000000,0.234375000000,0.475722985752,0.474863890939,0.000859094813
48,6,2.250000000000,0.281250000000,0.547589810599,0.546600933501,0.000988877098
48,7,2.250000000000,0.328125000000,0.607602969725,0.606505716549,0.001097253176
48,8,2.250000000000,0.375000000000,0.654463359470,0.653281482438,0.001181877031
48,9,2.250000000000,0.421875000000,0.687156593909,0.685915677097,0.001240916813
48,10,2.250000000000,0.468750000000,0.704974963248,0.703701868763,0.001273094485
48,11,2.250000000000,0.515625000000,0.707532753600,0.706255040101,0.001277713499
48,12,2.250000000000,0.562500000000,0.694774596527,0.693519922661,0.001254673866
48,13,2.250000000000,0.609375000000,0.666976667600,0.665772193277,0.001204474323
48,14,2.250000000000,0.656250000000,0.624740708032,0.623612506493,0.001128201539
48,15,2.250000000000,0.703125000000,0.568980998798,0.567953492210,0.001027506588
48,16,2.250000000000,0.750000000000,0.500904569211,0.500000000000,0.000904569211
48,17,2.250000000000,0.796875000000,0.421985068386,0.421223017755,0.000762050631
48,18,2.250000000000,0.843750000000,0.333930865183,0.333327829239,0.000603035944
48,19,2.250000000000,0.890625000000,0.238648067185,0.238217099847,0.000430967339
48,20,2.250000000000,0.937500000000,0.138199259221,0.137949689641,0.000249569579
48,21,2.250000000000,0.984375000000,0.034758854634,0.034696085254,0.000062769380
48,22,2.250000000000,1.031250000000,-0.069433974200,-0.069308584600,-0.000125389600
48,23,2.250000000000,1.078125000000,-0.172123767190,-0.171812932904,-0.000310834287
48,24,2.250000000000,1.125000000000,-0.271087600435,-0.270598050073,-0.000489550362
48,25,2.250000000000,1.171875000000,-0.364183205809,-0.363525536646,-0.000657669164
48,26,2.250000000000,1.218750000000,-0.449395344598,-0.448583793171,-0.000811551426
48,27,2.250000000000,1.265625000000,-0.524879431330,-0.523931565266,-0.000947866064
48,28,2.250000000000,1.312500000000,-0.589001463486,-0.587937801210,-0.001063662277
48,29,2.250000000000,1.359375000000,-0.640373392713,-0.639216959288,-0.001156433425
48,30,2.250000000000,1.406250000000,-0.677883171882,-0.676659000587,-0.001224171294
48,31,2.250000000000,1.453125000000,-0.700718827550,-0.699453417987,-0.001265409564
48,32,2.250000000000,1.500000000000,-0.708386036736,-0.707106781187,-0.001279255549
48,33,2.250000000000,1.546875000000,-0.700718827513,-0.699453417987,-0.001265409527
48,34,2.250000000000,1.593750000000,-0.677883171807,-0.676659000587,-0.001224171220
48,35,2.250000000000,1.640625000000,-0.640373392602,-0.639216959288,-0.001156433314
48,36,2.250000000000,1.687500000000,-0.589001463340,-0.587937801210,-0.001063662130
48,37,2.250000000000,1.734375000000,-0.524879431149,-0.523931565266,-0.000947865883
48,38,2.250000000000,1.781250000000,-0.449395344382,-0.448583793171,-0.000811551211
48,39,2.250000000000,1.828125000000,-0.364183205561,-0.363525536646,-0.000657668916
48,40,2.250000000000,1.875000000000,-0.271087600157,-0.270598050073,-0.000489550083
48,41,2.250000000000,1.921875000000,-0.172123766882,-0.171812932904,-0.000310833979
48,42,2.250000000000,1.968750000000,-0.069433973865,-0.069308584600,-0.000125389265
48,43,2.250000000000,2.015625000000,0.034758854993,0.034696085254,0.000062769739
48,44,2.250000000000,2.062500000000,0.138199259603,0.137949689641,0.000249569961
48,45,2.250000000000,2.109375000000,0.238648067587,0.238217099847,0.000430967741
48,46,2.250000000000,2.156250000000,0.333930865602,0.333327829239,0.000603036363
48,47,2.250000000000,2.203125000000,0.421985068818,0.421223017755,0.000762051063
48,48,2.250000000000,2.250000000000,0.500904569653,0.500000000000,0.000904569653
48,49,2.250000000000,2.296875000000,0.568980999247,0.567953492210,0.001027507037
48,50,2.250000000000,2.343750000000,0.624740708484,0.623612506493,0.001128201991
48,51,2.250000000000,2.390625000000,0.666976668051,0.665772193277,0.001204474775
48,52,2.250000000000,2.437500000000,0.694774596973,0.693519922661,0.001254674312
48,53,2.250000000000,2.484375000000,0.707532754037,0.706255040101,0.001277713936
48,54,2.250000000000,2.531250000000,0.704974963672,0.703701868763,0.001273094908
48,55,2.250000000000,2.578125000000,0.687156594314,0.685915677097,0.001240917217
48,56,2.250000000000,2.625000000000,0.654463359851,0.653281482438,0.001181877413
48,57,2.250000000000,2.671875000000,0.607602970078,0.606505716549,0.001097253529
48,58,2.250000000000,2.718750000000,0.547589810918,0.546600933501,0.000988877417
48,59,2.250000000000,2.765625000000,0.475722986032,0.474863890939,0.000859095093
48,60,2.250000000000,2.812500000000,0.393558195147,0.392847479194,0.000710715954
48,61,2.250000000000,2.859375000000,0.302874057854,0.302327105895,0.000546951958
48,62,2.250000000000,2.906250000000,0.205633611865,0.205262263761,0.000371348104
48,63,2.250000000000,2.953125000000,0.103941819177,0.103754113494,0.000187705683
48,64,2.250000000000,3.000000000000,0.000000000000,0.000000000000,-0.000000000000
49,0,2.296875000000,0.000000000000,0.000000000000,0.000000000000,0.000000000000
49,1,2.296875000000,0.046875000000,0.118068238316,0.117855022180,0.000213216136
49,2,2.296875000000,0.093750000000,0.233580655834,0.233158839044,0.000421816790
49,3,2.296875000000,0.140625000000,0.344036757552,0.343415471166,0.000621286386
49,4,2.296875000000,0.187500000000,0.447045502437,0.446238195428,0.000807307009
49,5,2.296875000000,0.234375000000,0.540377062238,0.539401210366,0.000975851872
49,6,2.296875000000,0.281250000000,0.622011090541,0.620887818054,0.001123272486
49,7,2.296875000000,0.328125000000,0.690180457159,0.688934079519,0.001246377641
49,8,2.296875000000,0.375000000000,0.743409501172,0.742066998694,0.001342502478
49,9,2.296875000000,0.421875000000,0.780545974524,0.779136408337,0.001409566186
49,10,2.296875000000,0.468750000000,0.800785984714,0.799339867678,0.001446117037
49,11,2.296875000000,0.515625000000,0.803691396646,0.802240032833,0.001451363813
49,12,2.296875000000,0.562500000000,0.789199316924,0.787774123985,0.001425192939
49,13,2.296875000000,0.609375000000,0.757623455308,0.756255284376,0.001368170932
49,14,2.296875000000,0.656250000000,0.709647333845,0.708365801698,0.001281532148
49,15,2.296875000000,0.703125000000,0.646309490680,0.645142338627,0.001167152053
49,16,2.296875000000,0.750000000000,0.568980998841,0.567953492210,0.001027506631
49,17,2.296875000000,0.796875000000,0.479335786648,0.478470167866,0.000865618782
49,18,2.296875000000,0.843750000000,0.379314402224,0.378629409334,0.000684992890
49,19,2.296875000000,0.890625000000,0.271082006484,0.270592467524,0.000489538960
49,20,2.296875000000,0.937500000000,0.156981503941,0.156698015962,0.000283487978
49,21,2.296875000000,0.984375000000,0.039482825898,0.039411525572,0.000071300326
49,22,2.296875000000,1.031250000000,-0.078870536101,-0.078728105327,-0.000142430774
49,23,2.296875000000,1.078125000000,-0.195516589189,-0.195163510499,-0.000353078690
49,24,2.296875000000,1.125000000000,-0.307930298579,-0.307374215049,-0.000556083530
49,25,2.296875000000,1.171875000000,-0.413678246944,-0.412931196091,-0.000747050853
49,26,2.296875000000,1.218750000000,-0.510471310553,-0.509549463761,-0.000921846792
49,27,2.296875000000,1.265625000000,-0.596214211888,-0.595137524344,-0.001076687544
49,28,2.296875000000,1.312500000000,-0.669050876073,-0.667842654799,-0.001208221274
49,29,2.296875000000,1.359375000000,-0.727404609287,-0.726091008615,-0.001313600673
49,30,2.296875000000,1.406250000000,-0.770012229433,-0.768621684838,-0.001390544595
49,31,2.296875000000,1.453125000000,-0.795951410205,-0.794514022767,-0.001437387437
49,32,2.296875000000,1.500000000000,-0.804660646674,-0.803207531481,-0.001453115193
49,33,2.296875000000,1.546875000000,-0.795951410171,-0.794514022767,-0.001437387403
49,34,2.296875000000,1.593750000000,-0.770012229365,-0.768621684838,-0.001390544527
49,35,2.296875000000,1.640625000000,-0.727404609186,-0.726091008615,-0.001313600571
49,36,2.296875000000,1.687500000000,-0.669050875938,-0.667842654799,-0.001208221139
49,37,2.296875000000,1.734375000000,-0.596214211722,-0.595137524344,-0.001076687378
49,38,2.296875000000,1.781250000000,-0.510471310356,-0.509549463761,-0.000921846595
49,39,2.296875000000,1.828125000000,-0.413678246716,-0.412931196091,-0.000747050625
49,40,2.296875000000,1.875000000000,-0.307930298323,-0.307374215049,-0.000556083274
49,41,2.296875000000,1.921875000000,-0.195516588906,-0.195163510499,-0.000353078407
49,42,2.296875000000,1.968750000000,-0.078870535793,-0.078728105327,-0.000142430466
49,43,2.296875000000,2.015625000000,0.039482826229,0.039411525572,0.000071300657
49,44,2.296875000000,2.062500000000,0.156981504291,0.156698015962,0.000283488329
49,45,2.296875000000,2.109375000000,0.271082006853,0.270592467524,0.000489539329
49,46,2.296875000000,2.156250000000,0.379314402609,0.378629409334,0.000684993275
49,47,2.296875000000,2.203125000000,0.479335787045,0.478470167866,0.000865619179
49,48,2.296875000000,2.250000000000,0.568980999247,0.567953492210,0.001027507037
49,49,2.296875000000,2.296875000000,0.646309491093,0.645142338627,0.001167152466
49,50,2.296875000000,2.343750000000,0.709647334261,0.708365801698,0.001281532563
49,51,2.296875000000,2.390625000000,0.757623455723,0.756255284376,0.001368171347
49,52,2.296875000000,2.437500000000,0.789199317334,0.787774123985,0.001425193349
49,53,2.296875000000,2.484375000000,0.803691397047,0.802240032833,0.001451364215
49,54,2.296875000000,2.531250000000,0.800785985103,0.799339867678,0.001446117425
49,55,2.296875000000,2.578125000000,0.780545974895,0.779136408337,0.001409566558
49,56,2.296875000000,2.625000000000,0.743409501522,0.742066998694,0.001342502828
49,57,2.296875000000,2.671875000000,0.690180457483,0.688934079519,0.001246377964
49,58,2.296875000000,2.718750000000,0.622011090833,0.620887818054,0.001123272779
49,59,2.296875000000,2.765625000000,0.540377062495,0.539401210366,0.000975852129
49,60,2.296875000000,2.812500000000,0.447045502653,0.446238195428,0.000807307225
49,61,2.296875000000,2.859375000000,0.344036757723,0.343415471166,0.000621286556
49,62,2.296875000000,2.906250000000,0.233580655953,0.233158839044,0.000421816909
49,63,2.296875000000,2.953125000000,0.118068238379,0.117855022180,0.000213216198
49,64,2.296875000000,3.000000000000,0.000000000000,0.000000000000,-0.000000000000
50,0,2.343750000000,0.000000000000,0.000000000000,0.000000000000,0.000000000000
50,1,2.343750000000,0.046875000000,0.129638836720,0.129404725550,0.000234111170
50,2,2.343750000000,0.093750000000,0.256471384128,0.256008229585,0.000463154543
50,3,2.343750000000,0.140625000000,0.377752100597,0.377069928577,0.000682172020
50,4,2.343750000000,0.187500000000,0.490855624873,0.489969202339,0.000886422534
50,5,2.343750000000,0.234375000000,0.593333607219,0.592262122543,0.001071484676
50,6,2.343750000000,0.281250000000,0.682967708793,0.681734356384,0.001233352409
50,7,2.343750000000,0.328125000000,0.757817621983,0.756449100199,0.001368521784
50,8,2.343750000000,0.375000000000,0.816263072208,0.814789005418,0.001474066790
50,9,2.343750000000,0.421875000000,0.857038891972,0.855491189275,0.001547702697
50,10,2.343750000000,0.468750000000,0.879262407916,0.877674572407,0.001587835509
50,11,2.343750000000,0.515625000000,0.882452548033,0.880858951562,0.001593596471
50,12,2.343750000000,0.562500000000,0.866540255423,0.864975394547,0.001564860875
50,13,2.343750000000,0.609375000000,0.831869983165,0.830367732406,0.001502250759
50,14,2.343750000000,0.656250000000,0.779192237952,0.777785116510,0.001407121442
50,15,2.343750000000,0.703125000000,0.709647333884,0.708365801698,0.001281532186
50,16,2.343750000000,0.750000000000,0.624740708113,0.623612506493,0.001128201620
50,17,2.343750000000,0.796875000000,0.526310332675,0.525359883789,0.000950448886
50,18,2.343750000000,0.843750000000,0.416486927945,0.415734806151,0.000752121794
50,19,2.343750000000,0.890625000000,0.297647838976,0.297110325450,0.000537513526
50,20,2.343750000000,0.937500000000,0.172365573158,0.172054303455,0.000311269703
50,21,2.343750000000,0.984375000000,0.043352113203,0.043273825381,0.000078287821
50,22,2.343750000000,1.031250000000,-0.086599789094,-0.086443400327,-0.000156388767
50,23,2.343750000000,1.078125000000,-0.214677067492,-0.214289387472,-0.000387680021
50,24,2.343750000000,1.125000000000,-0.338107235700,-0.337496656517,-0.000610579183
50,25,2.343750000000,1.171875000000,-0.454218403326,-0.453398142164,-0.000820261162
50,26,2.343750000000,1.218750000000,-0.560497114237,-0.559484927264,-0.001012186974
50,27,2.343750000000,1.265625000000,-0.654642755298,-0.653460553293,-0.001182202005
50,28,2.343750000000,1.312500000000,-0.734617357692,-0.733290731749,-0.001326625943
50,29,2.343750000000,1.359375000000,-0.798689712795,-0.797247380349,-0.001442332446
50,30,2.343750000000,1.406250000000,-0.845472847613,-0.843946030795,-0.001526816818
50,31,2.343750000000,1.453125000000,-0.873954048558,-0.872375798332,-0.001578250226
50,32,2.343750000000,1.500000000000,-0.883516783641,-0.881921264348,-0.001595519293
50,33,2.343750000000,1.546875000000,-0.873954048527,-0.872375798332,-0.001578250195
50,34,2.343750000000,1.593750000000,-0.845472847550,-0.843946030795,-0.001526816756
50,35,2.343750000000,1.640625000000,-0.798689712702,-0.797247380349,-0.001442332353
50,36,2.343750000000,1.687500000000,-0.734617357569,-0.733290731749,-0.001326625820
50,37,2.343750000000,1.734375000000,-0.654642755146,-0.653460553293,-0.001182201852
50,38,2.343750000000,1.781250000000,-0.560497114057,-0.559484927264,-0.001012186793
50,39,2.343750000000,1.828125000000,-0.454218403118,-0.453398142164,-0.000820260954
50,40,2.343750000000,1.875000000000,-0.338107235466,-0.337496656517,-0.000610578950
50,41,2.343750000000,1.921875000000,-0.214677067234,-0.214289387472,-0.000387679762
50,42,2.343750000000,1.968750000000,-0.086599788813,-0.086443400327,-0.000156388486
50,43,2.343750000000,2.015625000000,0.043352113504,0.043273825381,0.000078288123
50,44,2.343750000000,2.062500000000,0.172365573479,0.172054303455,0.000311270024
50,45,2.343750000000,2.109375000000,0.297647839313,0.297110325450,0.000537513863
50,46,2.343750000000,2.156250000000,0.416486928296,0.415734806151,0.000752122145
50,47,2.343750000000,2.203125000000,0.526310333038,0.525359883789,0.000950449248
50,48,2.343750000000,2.250000000000,0.624740708484,0.623612506493,0.001128201991
50,49,2.343750000000,2.296875000000,0.709647334261,0.708365801698,0.001281532563
50,50,2.343750000000,2.343750000000,0.779192238331,0.777785116510,0.001407121821
50,51,2.343750000000,2.390625000000,0.831869983543,0.830367732406,0.001502251138
50,52,2.343750000000,2.437500000000,0.866540255797,0.864975394547,0.001564861250
50,53,2.343750000000,2.484375000000,0.882452548400,0.880858951562,0.001593596838
50,54,2.343750000000,2.531250000000,0.879262408271,0.877674572407,0.001587835865
50,55,2.343750000000,2.578125000000,0.857038892312,0.855491189275,0.001547703037
50,56,2.343750000000,2.625000000000,0.816263072528,0.814789005418,0.001474067110
50,57,2.343750000000,2.671875000000,0.757817622279,0.756449100199,0.001368522079
50,58,2.343750000000,2.718750000000,0.682967709061,0.681734356384,0.001233352677
50,59,2.343750000000,2.765625000000,0.593333607454,0.592262122543,0.001071484911
50,60,2.343750000000,2.812500000000,0.490855625071,0.489969202339,0.000886422732
50,61,2.343750000000,2.859375000000,0.377752100753,0.377069928577,0.000682172176
50,62,2.343750000000,2.906250000000,0.256471384237,0.256008229585,0.000463154652
50,63,2.343750000000,2.953125000000,0.129638836777,0.129404725550,0.000234111227
50,64,2.343750000000,3.000000000000,0.000000000000,0.000000000000,-0.000000000000
51,0,2.390625000000,0.000000000000,0.000000000000,0.000000000000,0.000000000000
51,1,2.390625000000,0.046875000000,0.138403145807,0.138153207405,0.000249938402
51,2,2.390625000000,0.093750000000,0.273810281478,0.273315815083,0.000494466395
51,3,2.390625000000,0.140625000000,0.403290251444,0.402561960758,0.000728290686
51,4,2.390625000000,0.187500000000,0.524040205375,0.523093855692,0.000946349683
51,5,2.390625000000,0.234375000000,0.633446271424,0.632302348357,0.001143923067
51,6,2.390625000000,0.281250000000,0.729140138657,0.727823404688,0.001316733969
51,7,2.390625000000,0.328125000000,0.809050323837,0.807589282283,0.001461041554
51,8,2.390625000000,0.375000000000,0.871447012778,0.869873290780,0.001573721998
51,9,2.390625000000,0.421875000000,0.914979505596,0.913327169487,0.001652336109
51,10,2.390625000000,0.468750000000,0.938705455287,0.937010273159,0.001695182128
51,11,2.390625000000,0.515625000000,0.942111266688,0.940409934122,0.001701332567
51,12,2.390625000000,0.562500000000,0.925123214270,0.923452559983,0.001670654287
51,13,2.390625000000,0.609375000000,0.888109038062,0.886505226681,0.001603811380
51,14,2.390625000000,0.656250000000,0.831869983199,0.830367732406,0.001502250793
51,15,2.390625000000,0.703125000000,0.757623455381,0.756255284376,0.001368171005
51,16,2.390625000000,0.750000000000,0.666976667715,0.665772193277,0.001204474438
51,17,2.390625000000,0.796875000000,0.561891849406,0.560877144779,0.001014704628
51,18,2.390625000000,0.843750000000,0.444643769423,0.443840799905,0.000802969518
51,19,2.390625000000,0.890625000000,0.317770494615,0.317196642082,0.000573852534
51,20,2.390625000000,0.937500000000,0.184018448234,0.183686134869,0.000332313365
51,21,2.390625000000,0.984375000000,0.046282958162,0.046199377555,0.000083580607
51,22,2.390625000000,1.031250000000,-0.092454418192,-0.092287456764,-0.000166961429
51,23,2.390625000000,1.078125000000,-0.229190435608,-0.228776546345,-0.000413889263
51,24,2.390625000000,1.125000000000,-0.360965172242,-0.360313314587,-0.000651857655
51,25,2.390625000000,1.171875000000,-0.484926102996,-0.484050387689,-0.000875715307
51,26,2.390625000000,1.218750000000,-0.598389848073,-0.597309231696,-0.001080616377
51,27,2.390625000000,1.265625000000,-0.698900260043,-0.697638134669,-0.001262125375
51,28,2.390625000000,1.312500000000,-0.784281592023,-0.782865278843,-0.001416313180
51,29,2.390625000000,1.359375000000,-0.852685596020,-0.851145753929,-0.001539842090
51,30,2.390625000000,1.406250000000,-0.902631531922,-0.901001493843,-0.001630038079
51,31,2.390625000000,1.453125000000,-0.933038221051,-0.931353272376,-0.001684948676
51,32,2.390625000000,1.500000000000,-0.943247450413,-0.941544065183,-0.001703385230
51,33,2.390625000000,1.546875000000,-0.933038221023,-0.931353272376,-0.001684948647
51,34,2.390625000000,1.593750000000,-0.902631531866,-0.901001493843,-0.001630038023
51,35,2.390625000000,1.640625000000,-0.852685595935,-0.851145753929,-0.001539842006
51,36,2.390625000000,1.687500000000,-0.784281591911,-0.782865278843,-0.001416313068
51,37,2.390625000000,1.734375000000,-0.698900259905,-0.697638134669,-0.001262125236
51,38,2.390625000000,1.781250000000,-0.598389847909,-0.597309231696,-0.001080616213
51,39,2.390625000000,1.828125000000,-0.484926102808,-0.484050387689,-0.000875715118
51,40,2.390625000000,1.875000000000,-0.360965172030,-0.360313314587,-0.000651857443
51,41,2.390625000000,1.921875000000,-0.229190435374,-0.228776546345,-0.000413889029
51,42,2.390625000000,1.968750000000,-0.092454417937,-0.092287456764,-0.000166961174
51,43,2.390625000000,2.015625000000,0.046282958436,0.046199377555,0.000083580881
51,44,2.390625000000,2.062500000000,0.184018448525,0.183686134869,0.000332313656
51,45,2.390625000000,2.109375000000,0.317770494921,0.317196642082,0.000573852839
51,46,2.390625000000,2.156250000000,0.444643769742,0.443840799905,0.000802969836
51,47,2.390625000000,2.203125000000,0.561891849735,0.560877144779,0.001014704957
51,48,2.390625000000,2.250000000000,0.666976668051,0.665772193277,0.001204474775
51,49,2.390625000000,2.296875000000,0.757623455723,0.756255284376,0.001368171347
51,50,2.390625000000,2.343750000000,0.831869983543,0.830367732406,0.001502251138
51,51,2.390625000000,2.390625000000,0.888109038406,0.886505226681,0.001603811724
51,52,2.390625000000,2.437500000000,0.925123214610,0.923452559983,0.001670654627
51,53,2.390625000000,2.484375000000,0.942111267021,0.940409934122,0.001701332900
51,54,2.390625000000,2.531250000000,0.938705455609,0.937010273159,0.001695182450
51,55,2.390625000000,2.578125000000,0.914979505904,0.913327169487,0.001652336417
51,56,2.390625000000,2.625000000000,0.871447013068,0.869873290780,0.001573722288
51,57,2.390625000000,2.671875000000,0.809050324106,0.807589282283,0.001461041823
51,58,2.390625000000,2.718750000000,0.729140138900,0.727823404688,0.001316734212
51,59,2.390625000000,2.765625000000,0.633446271637,0.632302348357,0.001143923280
51,60,2.390625000000,2.812500000000,0.524040205555,0.523093855692,0.000946349863
51,61,2.390625000000,2.859375000000,0.403290251586,0.402561960758,0.000728290827
51,62,2.390625000000,2.906250000000,0.273810281577,0.273315815083,0.000494466494
51,63,2.390625000000,2.953125000000,0.138403145859,0.138153207405,0.000249938454
51,64,2.390625000000,3.000000000000,0.000000000000,0.000000000000,-0.000000000000
52,0,2.437500000000,0.000000000000,0.000000000000,0.000000000000,0.000000000000
52,1,2.437500000000,0.046875000000,0.144171444754,0.143911089532,0.000260355221
52,2,2.437500000000,0.093750000000,0.285222013119,0.284706938578,0.000515074541
52,3,2.437500000000,0.140625000000,0.420098386252,0.419339742198,0.000758644054
52,4,2.437500000000,0.187500000000,0.545880897990,0.544895106776,0.000985791215
52,5,2.437500000000,0.234375000000,0.659846736808,0.658655137837,0.001191598972
52,6,2.437500000000,0.281250000000,0.759528886464,0.758157274256,0.001371612208
52,7,2.437500000000,0.328125000000,0.842769529448,0.841247595269,0.001521934179
52,8,2.437500000000,0.375000000000,0.907766757221,0.906127446353,0.001639310868
52,9,2.437500000000,0.421875000000,0.953113576088,0.951392374664,0.001721201424
52,10,2.437500000000,0.468750000000,0.977828364364,0.976062531202,0.001765833162
52,11,2.437500000000,0.515625000000,0.981376121518,0.979603881580,0.001772239939
52,12,2.437500000000,0.562500000000,0.963680049323,0.961939766256,0.001740283068
52,13,2.437500000000,0.609375000000,0.925123214300,0.923452559983,0.001670654317
52,14,2.437500000000,0.656250000000,0.866540255487,0.864975394547,0.001564860939
52,15,2.437500000000,0.703125000000,0.789199317025,0.787774123985,0.001425193040
52,16,2.437500000000,0.750000000000,0.694774596670,0.693519922661,0.001254674009
52,17,2.437500000000,0.796875000000,0.585310104458,0.584253109393,0.001056995066
52,18,2.437500000000,0.843750000000,0.463175416073,0.462338980709,0.000836435364
52,19,2.437500000000,0.890625000000,0.331014378678,0.330416609324,0.000597769353
52,20,2.437500000000,0.937500000000,0.191687879616,0.191341716183,0.000346163434
52,21,2.437500000000,0.984375000000,0.048211916836,0.048124852724,0.000087064112
52,22,2.437500000000,1.031250000000,-0.096307688355,-0.096133768462,-0.000173919893
52,23,2.437500000000,1.078125000000,-0.238742522945,-0.238311383879,-0.000431139066
52,24,2.437500000000,1.125000000000,-0.376009302908,-0.375330277518,-0.000679025390
52,25,2.437500000000,1.171875000000,-0.505136616993,-0.504224404120,-0.000912212873
52,26,2.437500000000,1.218750000000,-0.623329248805,-0.622203595094,-0.001125653711
52,27,2.437500000000,1.265625000000,-0.728028684800,-0.726713957246,-0.001314727554
52,28,2.437500000000,1.312500000000,-0.816968498374,-0.815493156849,-0.001475341525
52,29,2.437500000000,1.359375000000,-0.888223411153,-0.886619392338,-0.001604018815
52,30,2.437500000000,1.406250000000,-0.940250969461,-0.938552995510,-0.001697973950
52,31,2.437500000000,1.453125000000,-0.971924933779,-0.970169760694,-0.001755173085
52,32,2.437500000000,1.500000000000,-0.982559658435,-0.980785280403,-0.001774378032
52,33,2.437500000000,1.546875000000,-0.971924933754,-0.970169760694,-0.001755173060
52,34,2.437500000000,1.593750000000,-0.940250969409,-0.938552995510,-0.001697973899
52,35,2.437500000000,1.640625000000,-0.888223411076,-0.886619392338,-0.001604018739
52,36,2.437500000000,1.687500000000,-0.816968498273,-0.815493156849,-0.001475341424
52,37,2.437500000000,1.734375000000,-0.728028684676,-0.726713957246,-0.001314727429
52,38,2.437500000000,1.781250000000,-0.623329248657,-0.622203595094,-0.001125653563
52,39,2.437500000000,1.828125000000,-0.505136616822,-0.504224404120,-0.000912212703
52,40,2.437500000000,1.875000000000,-0.376009302716,-0.375330277518,-0.000679025198
52,41,2.437500000000,1.921875000000,-0.238742522734,-0.238311383879,-0.000431138855
52,42,2.437500000000,1.968750000000,-0.096307688125,-0.096133768462,-0.000173919663
52,43,2.437500000000,2.015625000000,0.048211917083,0.048124852724,0.000087064359
52,44,2.437500000000,2.062500000000,0.191687879879,0.191341716183,0.000346163696
52,45,2.437500000000,2.109375000000,0.331014378954,0.330416609324,0.000597769629
52,46,2.437500000000,2.156250000000,0.463175416360,0.462338980709,0.000836435651
52,47,2.437500000000,2.203125000000,0.585310104755,0.584253109393,0.001056995362
52,48,2.437500000000,2.250000000000,0.694774596973,0.693519922661,0.001254674312
52,49,2.437500000000,2.296875000000,0.789199317334,0.787774123985,0.001425193349
52,50,2.437500000000,2.343750000000,0.866540255797,0.864975394547,0.001564861250
52,51,2.437500000000,2.390625000000,0.925123214610,0.923452559983,0.001670654627
52,52,2.437500000000,2.437500000000,0.963680049630,0.961939766256,0.001740283374
52,53,2.437500000000,2.484375000000,0.981376121819,0.979603881580,0.001772240239
52,54,2.437500000000,2.531250000000,0.977828364654,0.976062531202,0.001765833452
52,55,2.437500000000,2.578125000000,0.953113576366,0.951392374664,0.001721201701
52,56,2.437500000000,2.625000000000,0.907766757483,0.906127446353,0.001639311130
52,57,2.437500000000,2.671875000000,0.842769529690,0.841247595269,0.001521934421
52,58,2.437500000000,2.718750000000,0.759528886682,0.758157274256,0.001371612426
52,59,2.437500000000,2.765625000000,0.659846737001,0.658655137837,0.001191599164
52,60,2.437500000000,2.812500000000,0.545880898152,0.544895106776,0.000985791376
52,61,2.437500000000,2.859375000000,0.420098386379,0.419339742198,0.000758644181
52,62,2.437500000000,2.906250000000,0.285222013208,0.284706938578,0.000515074630
52,63,2.437500000000,2.953125000000,0.144171444800,0.143911089532,0.000260355268
52,64,2.437500000000,3.000000000000,0.000000000000,0.000000000000,-0.000000000000
53,0,2.484375000000,0.000000000000,0.000000000000,0.000000000000,0.000000000000
53,1,2.484375000000,0.046875000000,0.146818867308,0.146553731173,0.000265136135
53,2,2.484375000000,0.093750000000,0.290459549524,0.289935016648,0.000524532876
53,3,2.484375000000,0.140625000000,0.427812659661,0.427040084596,0.000772575065
53,4,2.484375000000,0.187500000000,0.555904917681,0.554901024343,0.001003893338
53,5,2.484375000000,0.234375000000,0.671963513026,0.670750032675,0.001213480351
53,6,2.484375000000,0.281250000000,0.773476127595,0.772079328418,0.001396799177
53,7,2.484375000000,0.328125000000,0.858245319843,0.856695438325,0.001549881517
53,8,2.484375000000,0.375000000000,0.924436092754,0.922766679153,0.001669413600
53,9,2.484375000000,0.421875000000,0.970615615984,0.968862808068,0.001752807917
53,10,2.484375000000,0.468750000000,0.995784242316,0.993985983085,0.001798259231
53,11,2.484375000000,0.515625000000,0.999397146994,0.997592363336,0.001804783658
53,12,2.484375000000,0.562500000000,0.981376121544,0.979603881580,0.001772239965
53,13,2.484375000000,0.609375000000,0.942111266744,0.940409934122,0.001701332622
53,14,2.484375000000,0.656250000000,0.882452548122,0.880858951562,0.001593596560
53,15,2.484375000000,0.703125000000,0.803691396772,0.802240032833,0.001451363939
53,16,2.484375000000,0.750000000000,0.707532753765,0.706255040101,0.001277713664
53,17,2.484375000000,0.796875000000,0.596058163332,0.594981758592,0.001076404741
53,18,2.484375000000,0.843750000000,0.471680713710,0.470828918812,0.000851794898
53,19,2.484375000000,0.890625000000,0.337092801070,0.336484054810,0.000608746260
53,20,2.484375000000,0.937500000000,0.195207847276,0.194855327179,0.000352520097
53,21,2.484375000000,0.984375000000,0.049097233095,0.049008570165,0.000088662930
53,22,2.484375000000,1.031250000000,-0.098076187920,-0.097899074391,-0.000177113529
53,23,2.484375000000,1.078125000000,-0.243126555658,-0.242687499635,-0.000439056023
53,24,2.484375000000,1.125000000000,-0.382913967698,-0.382222473411,-0.000691494287
53,25,2.484375000000,1.171875000000,-0.514412448719,-0.513483484923,-0.000928963797
53,26,2.484375000000,1.218750000000,-0.634775453723,-0.633629129670,-0.001146324053
53,27,2.484375000000,1.265625000000,-0.741397487138,-0.740058617275,-0.001338869863
53,28,2.484375000000,1.312500000000,-0.831970503932,-0.830468070740,-0.001502433192
53,29,2.484375000000,1.359375000000,-0.904533871817,-0.902900398430,-0.001633473387
53,30,2.484375000000,1.406250000000,-0.957516813012,-0.955787659189,-0.001729153823
53,31,2.484375000000,1.453125000000,-0.989772406846,-0.987985003538,-0.001787403308
53,32,2.484375000000,1.500000000000,-1.000602417122,-0.998795456205,-0.001806960917
53,33,2.484375000000,1.546875000000,-0.989772406823,-0.987985003538,-0.001787403285
53,34,2.484375000000,1.593750000000,-0.957516812966,-0.955787659189,-0.001729153777
53,35,2.484375000000,1.640625000000,-0.904533871748,-0.902900398430,-0.001633473319
53,36,2.484375000000,1.687500000000,-0.831970503842,-0.830468070740,-0.001502433102
53,37,2.484375000000,1.734375000000,-0.741397487026,-0.740058617275,-0.001338869752
53,38,2.484375000000,1.781250000000,-0.634775453590,-0.633629129670,-0.001146323921
53,39,2.484375000000,1.828125000000,-0.514412448567,-0.513483484923,-0.000928963644
53,40,2.484375000000,1.875000000000,-0.382913967527,-0.382222473411,-0.000691494116
53,41,2.484375000000,1.921875000000,-0.243126555469,-0.242687499635,-0.000439055833
53,42,2.484375000000,1.968750000000,-0.098076187714,-0.097899074391,-0.000177113323
53,43,2.484375000000,2.015625000000,0.049097233316,0.049008570165,0.000088663151
53,44,2.484375000000,2.062500000000,0.195207847511,0.194855327179,0.000352520332
53,45,2.484375000000,2.109375000000,0.337092801317,0.336484054810,0.000608746507
53,46,2.484375000000,2.156250000000,0.471680713967,0.470828918812,0.000851795155
53,47,2.484375000000,2.203125000000,0.596058163598,0.594981758592,0.001076405006
53,48,2.484375000000,2.250000000000,0.707532754037,0.706255040101,0.001277713936
53,49,2.484375000000,2.296875000000,0.803691397047,0.802240032833,0.001451364215
53,50,2.484375000000,2.343750000000,0.882452548400,0.880858951562,0.001593596838
53,51,2.484375000000,2.390625000000,0.942111267021,0.940409934122,0.001701332900
53,52,2.484375000000,2.437500000000,0.981376121819,0.979603881580,0.001772240239
53,53,2.484375000000,2.484375000000,0.999397147263,0.997592363336,0.001804783927
53,54,2.484375000000,2.531250000000,0.995784242576,0.993985983085,0.001798259491
53,55,2.484375000000,2.578125000000,0.970615616233,0.968862808068,0.001752808165
53,56,2.484375000000,2.625000000000,0.924436092988,0.922766679153,0.001669413834
53,57,2.484375000000,2.671875000000,0.858245320059,0.856695438325,0.001549881734
53,58,2.484375000000,2.718750000000,0.773476127791,0.772079328418,0.001396799373
53,59,2.484375000000,2.765625000000,0.671963513198,0.670750032675,0.001213480523
53,60,2.484375000000,2.812500000000,0.555904917825,0.554901024343,0.001003893483
53,61,2.484375000000,2.859375000000,0.427812659775,0.427040084596,0.000772575179
53,62,2.484375000000,2.906250000000,0.290459549603,0.289935016648,0.000524532956
53,63,2.484375000000,2.953125000000,0.146818867350,0.146553731173,0.000265136177
53,64,2.484375000000,3.000000000000,0.000000000000,0.000000000000,-0.000000000000
54,0,2.531250000000,0.000000000000,0.000000000000,0.000000000000,0.000000000000
54,1,2.531250000000,0.046875000000,0.146288104766,0.146023927115,0.000264177651
54,2,2.531250000000,0.093750000000,0.289409513846,0.288886877191,0.000522636656
54,3,2.531250000000,0.140625000000,0.426266080949,0.425496298793,0.000769782156
54,4,2.531250000000,0.187500000000,0.553895274693,0.552895010495,0.001000264198
54,5,2.531250000000,0.234375000000,0.669534308464,0.668325214924,0.001209093540
54,6,2.531250000000,0.281250000000,0.770679946402,0.769288196745,0.001391749657
54,7,2.531250000000,0.328125000000,0.855142690897,0.853598412302,0.001544278595
54,8,2.531250000000,0.375000000000,0.921094178602,0.919430800040,0.001663378562
54,9,2.531250000000,0.421875000000,0.967106758977,0.965360287574,0.001746471403
54,10,2.531250000000,0.468750000000,0.992184398611,0.990392640202,0.001791758409
54,11,2.531250000000,0.515625000000,0.995784242338,0.993985983085,0.001798259253
54,12,2.531250000000,0.562500000000,0.977828364411,0.976062531202,0.001765833209
54,13,2.531250000000,0.609375000000,0.938705455363,0.937010273159,0.001695182204
54,14,2.531250000000,0.656250000000,0.879262408025,0.877674572407,0.001587835618
54,15,2.531250000000,0.703125000000,0.800785984858,0.799339867678,0.001446117181
54,16,2.531250000000,0.750000000000,0.704974963431,0.703701868763,0.001273094667
54,17,2.531250000000,0.796875000000,0.593903363013,0.592830849520,0.001072513493
54,18,2.531250000000,0.843750000000,0.469975548326,0.469126832692,0.000848715634
54,19,2.531250000000,0.890625000000,0.335874182305,0.335267636667,0.000606545638
54,20,2.531250000000,0.937500000000,0.194502154546,0.194150908792,0.000351245754
54,21,2.531250000000,0.984375000000,0.048919742517,0.048831400064,0.000088342453
54,22,2.531250000000,1.031250000000,-0.097721634210,-0.097545161008,-0.000176473202
54,23,2.531250000000,1.078125000000,-0.242247632676,-0.241810163924,-0.000437468752
54,24,2.531250000000,1.125000000000,-0.381529701472,-0.380840707040,-0.000688994432
54,25,2.531250000000,1.171875000000,-0.512552804431,-0.511627198961,-0.000925605470
54,26,2.531250000000,1.218750000000,-0.632480687055,-0.631338507103,-0.001142179952
54,27,2.531250000000,1.265625000000,-0.738717272857,-0.737383243164,-0.001334029693
54,28,2.531250000000,1.312500000000,-0.828962860583,-0.827465858856,-0.001497001728
54,29,2.531250000000,1.359375000000,-0.901263905794,-0.899636337592,-0.001627568202
54,30,2.531250000000,1.406250000000,-0.954055309204,-0.952332406457,-0.001722902747
54,31,2.531250000000,1.453125000000,-0.986194296356,-0.984413354700,-0.001780941657
54,32,2.531250000000,1.500000000000,-0.996985155236,-0.995184726672,-0.001800428564
54,33,2.531250000000,1.546875000000,-0.986194296336,-0.984413354700,-0.001780941636
54,34,2.531250000000,1.593750000000,-0.954055309164,-0.952332406457,-0.001722902706
54,35,2.531250000000,1.640625000000,-0.901263905733,-0.899636337592,-0.001627568142
54,36,2.531250000000,1.687500000000,-0.828962860503,-0.827465858856,-0.001497001648
54,37,2.531250000000,1.734375000000,-0.738717272758,-0.737383243164,-0.001334029594
54,38,2.531250000000,1.781250000000,-0.632480686937,-0.631338507103,-0.001142179834
54,39,2.531250000000,1.828125000000,-0.512552804296,-0.511627198961,-0.000925605335
54,40,2.531250000000,1.875000000000,-0.381529701320,-0.380840707040,-0.000688994280
54,41,2.531250000000,1.921875000000,-0.242247632508,-0.241810163924,-0.000437468585
54,42,2.531250000000,1.968750000000,-0.097721634028,-0.097545161008,-0.000176473020
54,43,2.531250000000,2.015625000000,0.048919742713,0.048831400064,0.000088342649
54,44,2.531250000000,2.062500000000,0.194502154754,0.194150908792,0.000351245962
54,45,2.531250000000,2.109375000000,0.335874182523,0.335267636667,0.000606545857
54,46,2.531250000000,2.156250000000,0.469975548554,0.469126832692,0.000848715862
54,47,2.531250000000,2.203125000000,0.593903363248,0.592830849520,0.001072513728
54,48,2.531250000000,2.250000000000,0.704974963672,0.703701868763,0.001273094908
54,49,2.531250000000,2.296875000000,0.800785985103,0.799339867678,0.001446117425
54,50,2.531250000000,2.343750000000,0.879262408271,0.877674572407,0.001587835865
54,51,2.531250000000,2.390625000000,0.938705455609,0.937010273159,0.001695182450
54,52,2.531250000000,2.437500000000,0.977828364654,0.976062531202,0.001765833452
54,53,2.531250000000,2.484375000000,0.995784242576,0.993985983085,0.001798259491
54,54,2.531250000000,2.531250000000,0.992184398841,0.990392640202,0.001791758640
54,55,2.531250000000,2.578125000000,0.967106759198,0.965360287574,0.001746471624
54,56,2.531250000000,2.625000000000,0.921094178810,0.919430800040,0.001663378769
54,57,2.531250000000,2.671875000000,0.855142691089,0.853598412302,0.001544278787
54,58,2.531250000000,2.718750000000,0.770679946575,0.769288196745,0.001391749830
54,59,2.531250000000,2.765625000000,0.669534308616,0.668325214924,0.001209093692
54,60,2.531250000000,2.812500000000,0.553895274821,0.552895010495,0.001000264326
54,61,2.531250000000,2.859375000000,0.426266081050,0.425496298793,0.000769782257
54,62,2.531250000000,2.906250000000,0.289409513917,0.288886877191,0.000522636726
54,63,2.531250000000,2.953125000000,0.146288104803,0.146023927115,0.000264177688
54,64,2.531250000000,3.000000000000,0.000000000000,0.000000000000,-0.000000000000
55,0,2.578125000000,0.000000000000,0.000000000000,0.000000000000,0.000000000000
55,1,2.578125000000,0.046875000000,0.142590646535,0.142333146018,0.000257500517
55,2,2.578125000000,0.093750000000,0.282094636188,0.281585209260,0.000509426928
55,3,2.578125000000,0.140625000000,0.415492128875,0.414741803090,0.000750325785
55,4,2.578125000000,0.187500000000,0.539895471729,0.538920489374,0.000974982355
55,5,2.578125000000,0.234375000000,0.652611708065,0.651433174564,0.001178533501
55,6,2.578125000000,0.281250000000,0.751200871762,0.749844298808,0.001356572954
55,7,2.578125000000,0.328125000000,0.833528805157,0.832023558459,0.001505246698
55,8,2.578125000000,0.375000000000,0.897813357117,0.896192020723,0.001621336394
55,9,2.578125000000,0.421875000000,0.942662961225,0.940960632174,0.001702329051
55,10,2.578125000000,0.468750000000,0.967106758996,0.965360287574,0.001746471422
55,11,2.578125000000,0.515625000000,0.970615616024,0.968862808068,0.001752807957
55,12,2.578125000000,0.562500000000,0.953113576153,0.951392374664,0.001721201488
55,13,2.578125000000,0.609375000000,0.914979505689,0.913327169487,0.001652336201
55,14,2.578125000000,0.656250000000,0.857038892096,0.855491189275,0.001547702821
55,15,2.578125000000,0.703125000000,0.780545974681,0.779136408337,0.001409566343
55,16,2.578125000000,0.750000000000,0.687156594103,0.685915677097,0.001240917006
55,17,2.578125000000,0.796875000000,0.578892348421,0.577846942864,0.001045405557
55,18,2.578125000000,0.843750000000,0.458096831605,0.457269567375,0.000827264230
55,19,2.578125000000,0.890625000000,0.327384901799,0.326793686675,0.000591215124
55,20,2.578125000000,0.937500000000,0.189586077542,0.189243709551,0.000342367991
55,21,2.578125000000,0.984375000000,0.047683287237,0.047597177619,0.000086109618
55,22,2.578125000000,1.031250000000,-0.095251702242,-0.095079689468,-0.000172012774
55,23,2.578125000000,1.078125000000,-0.236124780028,-0.235698368413,-0.000426411615
55,24,2.578125000000,1.125000000000,-0.371886469412,-0.371214889474,-0.000671579938
55,25,2.578125000000,1.171875000000,-0.499597939810,-0.498695729221,-0.000902210590
55,26,2.578125000000,1.218750000000,-0.616494623568,-0.615381312455,-0.001113311113
55,27,2.578125000000,1.265625000000,-0.720046060502,-0.718745748684,-0.001300311818
55,28,2.578125000000,1.312500000000,-0.808010674721,-0.806551510015,-0.001459164706
55,29,2.578125000000,1.359375000000,-0.878484297973,-0.876897866883,-0.001586431090
55,30,2.578125000000,1.406250000000,-0.929941389141,-0.928262033103,-0.001679356038
55,31,2.578125000000,1.453125000000,-0.961268057596,-0.959532129592,-0.001735928004
55,32,2.578125000000,1.500000000000,-0.971786175572,-0.970031253195,-0.001754922378
55,33,2.578125000000,1.546875000000,-0.961268057578,-0.959532129592,-0.001735927987
55,34,2.578125000000,1.593750000000,-0.929941389105,-0.928262033103,-0.001679356002
55,35,2.578125000000,1.640625000000,-0.878484297920,-0.876897866883,-0.001586431037
55,36,2.578125000000,1.687500000000,-0.808010674651,-0.806551510015,-0.001459164636
55,37,2.578125000000,1.734375000000,-0.720046060415,-0.718745748684,-0.001300311731
55,38,2.578125000000,1.781250000000,-0.616494623465,-0.615381312455,-0.001113311010
55,39,2.578125000000,1.828125000000,-0.499597939692,-0.498695729221,-0.000902210471
55,40,2.578125000000,1.875000000000,-0.371886469278,-0.371214889474,-0.000671579805
55,41,2.578125000000,1.921875000000,-0.236124779881,-0.235698368413,-0.000426411468
55,42,2.578125000000,1.968750000000,-0.095251702082,-0.095079689468,-0.000172012614
55,43,2.578125000000,2.015625000000,0.047683287409,0.047597177619,0.000086109790
55,44,2.578125000000,2.062500000000,0.189586077724,0.189243709551,0.000342368173
55,45,2.578125000000,2.109375000000,0.327384901991,0.326793686675,0.000591215316
55,46,2.578125000000,2.156250000000,0.458096831805,0.457269567375,0.000827264430
55,47,2.578125000000,2.203125000000,0.578892348627,0.577846942864,0.001045405764
55,48,2.578125000000,2.250000000000,0.687156594314,0.685915677097,0.001240917217
55,49,2.578125000000,2.296875000000,0.780545974895,0.779136408337,0.001409566558
55,50,2.578125000000,2.343750000000,0.857038892312,0.855491189275,0.001547703037
55,51,2.578125000000,2.390625000000,0.914979505904,0.913327169487,0.001652336417
55,52,2.578125000000,2.437500000000,0.953113576366,0.951392374664,0.001721201701
55,53,2.578125000000,2.484375000000,0.970615616233,0.968862808068,0.001752808165
55,54,2.578125000000,2.531250000000,0.967106759198,0.965360287574,0.001746471624
55,55,2.578125000000,2.578125000000,0.942662961418,0.940960632174,0.001702329244
55,56,2.578125000000,2.625000000000,0.897813357299,0.896192020723,0.001621336576
55,57,2.578125000000,2.671875000000,0.833528805325,0.832023558459,0.001505246866
55,58,2.578125000000,2.718750000000,0.751200871914,0.749844298808,0.001356573106
55,59,2.578125000000,2.765625000000,0.652611708198,0.651433174564,0.001178533634
55,60,2.578125000000,2.812500000000,0.539895471841,0.538920489374,0.000974982467
55,61,2.578125000000,2.859375000000,0.415492128963,0.414741803090,0.000750325873
55,62,2.578125000000,2.906250000000,0.282094636250,0.281585209260,0.000509426990
55,63,2.578125000000,2.953125000000,0.142590646567,0.142333146018,0.000257500550
55,64,2.578125000000,3.000000000000,0.000000000000,0.000000000000,-0.000000000000
56,0,2.625000000000,0.000000000000,0.000000000000,0.000000000000,0.000000000000
56,1,2.625000000000,0.046875000000,0.135806531419,0.135561282145,0.000245249274
56,2,2.625000000000,0.093750000000,0.268673261561,0.268188071917,0.000485189644
56,3,2.625000000000,0.140625000000,0.395724026965,0.395009399841,0.000714627124
56,4,2.625000000000,0.187500000000,0.514208562244,0.513279967159,0.000928595085
56,5,2.625000000000,0.234375000000,0.621562035023,0.620439573258,0.001122461766
56,6,2.625000000000,0.281250000000,0.715460566817,0.714168536279,0.001292030538
56,7,2.625000000000,0.328125000000,0.793871537978,0.792437907229,0.001433630750
56,8,2.625000000000,0.375000000000,0.855097587777,0.853553390593,0.001544197183
56,9,2.625000000000,0.421875000000,0.897813357132,0.896192020723,0.001621336409
56,10,2.625000000000,0.468750000000,0.921094178635,0.919430800040,0.001663378595
56,11,2.625000000000,0.515625000000,0.924436092807,0.922766679153,0.001669413654
56,12,2.625000000000,0.562500000000,0.907766757298,0.906127446353,0.001639310945
56,13,2.625000000000,0.609375000000,0.871447012882,0.869873290780,0.001573722102
56,14,2.625000000000,0.656250000000,0.816263072341,0.814789005418,0.001474066923
56,15,2.625000000000,0.703125000000,0.743409501337,0.742066998694,0.001342502643
56,16,2.625000000000,0.750000000000,0.654463359668,0.653281482438,0.001181877230
56,17,2.625000000000,0.796875000000,0.551350062691,0.550354394952,0.000995667739
56,18,2.625000000000,0.843750000000,0.436301701890,0.435513796846,0.000787905044
56,19,2.625000000000,0.890625000000,0.311808726839,0.311245640260,0.000563086579
56,20,2.625000000000,0.937500000000,0.180566034487,0.180239955502,0.000326078985
56,21,2.625000000000,0.984375000000,0.045414632780,0.045332620019,0.000082012761
56,22,2.625000000000,1.031250000000,-0.090719858583,-0.090556029786,-0.000163828797
56,23,2.625000000000,1.078125000000,-0.224890538981,-0.224484415019,-0.000406123962
56,24,2.625000000000,1.125000000000,-0.354193018368,-0.353553390593,-0.000639627775
56,25,2.625000000000,1.171875000000,-0.475828288551,-0.474969002968,-0.000859285583
56,26,2.625000000000,1.218750000000,-0.587163313260,-0.586102970801,-0.001060342459
56,27,2.625000000000,1.265625000000,-0.685788025434,-0.684549579307,-0.001238446128
56,28,2.625000000000,1.312500000000,-0.769567497894,-0.768177756711,-0.001389741183
56,29,2.625000000000,1.359375000000,-0.836688158070,-0.835177205526,-0.001510952544
56,30,2.625000000000,1.406250000000,-0.885697046367,-0.884097590017,-0.001599456350
56,31,2.625000000000,1.453125000000,-0.915533268358,-0.913879931597,-0.001653336761
56,32,2.625000000000,1.500000000000,-0.925550959940,-0.923879532511,-0.001671427429
56,33,2.625000000000,1.546875000000,-0.915533268343,-0.913879931597,-0.001653336745
56,34,2.625000000000,1.593750000000,-0.885697046336,-0.884097590017,-0.001599456319
56,35,2.625000000000,1.640625000000,-0.836688158024,-0.835177205526,-0.001510952498
56,36,2.625000000000,1.687500000000,-0.769567497834,-0.768177756711,-0.001389741122
56,37,2.625000000000,1.734375000000,-0.685788025359,-0.684549579307,-0.001238446052
56,38,2.625000000000,1.781250000000,-0.587163313171,-0.586102970801,-0.001060342370
56,39,2.625000000000,1.828125000000,-0.475828288449,-0.474969002968,-0.000859285481
56,40,2.625000000000,1.875000000000,-0.354193018253,-0.353553390593,-0.000639627659
56,41,2.625000000000,1.921875000000,-0.224890538853,-0.224484415019,-0.000406123835
56,42,2.625000000000,1.968750000000,-0.090719858445,-0.090556029786,-0.000163828659
56,43,2.625000000000,2.015625000000,0.045414632929,0.045332620019,0.000082012910
56,44,2.625000000000,2.062500000000,0.180566034645,0.180239955502,0.000326079143
56,45,2.625000000000,2.109375000000,0.311808727005,0.311245640260,0.000563086745
56,46,2.625000000000,2.156250000000,0.436301702063,0.435513796846,0.000787905217
56,47,2.625000000000,2.203125000000,0.551350062870,0.550354394952,0.000995667918
56,48,2.625000000000,2.250000000000,0.654463359851,0.653281482438,0.001181877413
56,49,2.625000000000,2.296875000000,0.743409501522,0.742066998694,0.001342502828
56,50,2.625000000000,2.343750000000,0.816263072528,0.814789005418,0.001474067110
56,51,2.625000000000,2.390625000000,0.871447013068,0.869873290780,0.001573722288
56,52,2.625000000000,2.437500000000,0.907766757483,0.906127446353,0.001639311130
56,53,2.625000000000,2.484375000000,0.924436092988,0.922766679153,0.001669413834
56,54,2.625000000000,2.531250000000,0.921094178810,0.919430800040,0.001663378769
56,55,2.625000000000,2.578125000000,0.897813357299,0.896192020723,0.001621336576
56,56,2.625000000000,2.625000000000,0.855097587934,0.853553390593,0.001544197341
56,57,2.625000000000,2.671875000000,0.793871538124,0.792437907229,0.001433630895
56,58,2.625000000000,2.718750000000,0.715460566949,0.714168536279,0.001292030670
56,59,2.625000000000,2.765625000000,0.621562035139,0.620439573258,0.001122461881
56,60,2.625000000000,2.812500000000,0.514208562341,0.513279967159,0.000928595181
56,61,2.625000000000,2.859375000000,0.395724027041,0.395009399841,0.000714627200
56,62,2.625000000000,2.906250000000,0.268673261614,0.268188071917,0.000485189697
56,63,2.625000000000,2.953125000000,0.135806531447,0.135561282145,0.000245249302
56,64,2.625000000000,3.000000000000,0.000000000000,0.000000000000,-0.000000000000
57,0,2.671875000000,0.000000000000,0.000000000000,0.000000000000,0.000000000000
57,1,2.671875000000,0.046875000000,0.126082615023,0.125854925899,0.000227689124
57,2,2.671875000000,0.093750000000,0.249435922193,0.248985472726,0.000450449467
57,3,2.671875000000,0.140625000000,0.367389694927,0.366726235986,0.000663458941
57,4,2.671875000000,0.187500000000,0.477390590257,0.476528483725,0.000862106532
57,5,2.671875000000,0.234375000000,0.577057420993,0.576015328874,0.001042092119
57,6,2.671875000000,0.281250000000,0.664232701237,0.663033181679,0.001199519558
57,7,2.671875000000,0.328125000000,0.737029349434,0.735698368413,0.001330981021
57,8,2.671875000000,0.375000000000,0.793871537990,0.792437907229,0.001433630762
57,9,2.671875000000,0.421875000000,0.833528805183,0.832023558459,0.001505246724
57,10,2.671875000000,0.468750000000,0.855142690940,0.853598412302,0.001544278638
57,11,2.671875000000,0.515625000000,0.858245319906,0.856695438325,0.001549881580
57,12,2.671875000000,0.562500000000,0.842769529533,0.841247595269,0.001521934264
57,13,2.671875000000,0.609375000000,0.809050323947,0.807589282283,0.001461041664
57,14,2.671875000000,0.656250000000,0.757817622120,0.756449100199,0.001368521920
57,15,2.671875000000,0.703125000000,0.690180457325,0.688934079519,0.001246377806
57,16,2.671875000000,0.750000000000,0.607602969922,0.606505716549,0.001097253373
57,17,2.671875000000,0.796875000000,0.511872713134,0.510948336420,0.000924376714
57,18,2.671875000000,0.843750000000,0.405061957922,0.404330467836,0.000731490086
57,19,2.671875000000,0.890625000000,0.289482834576,0.288960065673,0.000522768903
57,20,2.671875000000,0.937500000000,0.167637282074,0.167334550727,0.000302731347
57,21,2.671875000000,0.984375000000,0.042162888664,0.042086748097,0.000076140567
57,22,2.671875000000,1.031250000000,-0.084224203961,-0.084072105531,-0.000152098430
57,23,2.671875000000,1.078125000000,-0.208788096926,-0.208411051966,-0.000377044960
57,24,2.671875000000,1.125000000000,-0.328832358123,-0.328238528513,-0.000593829610
57,25,2.671875000000,1.171875000000,-0.441758391821,-0.440960632174,-0.000797759647
57,26,2.671875000000,1.218750000000,-0.545121690420,-0.544137269819,-0.000984420601
57,27,2.671875000000,1.265625000000,-0.636684750655,-0.635534978829,-0.001149771826
57,28,2.671875000000,1.312500000000,-0.714465508785,-0.713175274818,-0.001290233968
57,29,2.671875000000,1.359375000000,-0.776780246291,-0.775377479846,-0.001402766445
57,30,2.671875000000,1.406250000000,-0.822280037290,-0.820795104021,-0.001484933269
57,31,2.671875000000,1.453125000000,-0.849979948713,-0.848444992937,-0.001534955776
57,32,2.671875000000,1.500000000000,-0.859280361131,-0.857728610000,-0.001551751131
57,33,2.671875000000,1.546875000000,-0.849979948700,-0.848444992937,-0.001534955763
57,34,2.671875000000,1.593750000000,-0.822280037263,-0.820795104021,-0.001484933243
57,35,2.671875000000,1.640625000000,-0.776780246252,-0.775377479846,-0.001402766406
57,36,2.671875000000,1.687500000000,-0.714465508734,-0.713175274818,-0.001290233916
57,37,2.671875000000,1.734375000000,-0.636684750591,-0.635534978829,-0.001149771762
57,38,2.671875000000,1.781250000000,-0.545121690344,-0.544137269819,-0.000984420525
57,39,2.671875000000,1.828125000000,-0.441758391733,-0.440960632174,-0.000797759559
57,40,2.671875000000,1.875000000000,-0.328832358024,-0.328238528513,-0.000593829512
57,41,2.671875000000,1.921875000000,-0.208788096818,-0.208411051966,-0.000377044852
57,42,2.671875000000,1.968750000000,-0.084224203843,-0.084072105531,-0.000152098312
57,43,2.671875000000,2.015625000000,0.042162888791,0.042086748097,0.000076140694
57,44,2.671875000000,2.062500000000,0.167637282209,0.167334550727,0.000302731481
57,45,2.671875000000,2.109375000000,0.289482834717,0.288960065673,0.000522769044
57,46,2.671875000000,2.156250000000,0.405061958070,0.404330467836,0.000731490233
57,47,2.671875000000,2.203125000000,0.511872713286,0.510948336420,0.000924376866
57,48,2.671875000000,2.250000000000,0.607602970078,0.606505716549,0.001097253529
57,49,2.671875000000,2.296875000000,0.690180457483,0.688934079519,0.001246377964
57,50,2.671875000000,2.343750000000,0.757817622279,0.756449100199,0.001368522079
57,51,2.671875000000,2.390625000000,0.809050324106,0.807589282283,0.001461041823
57,52,2.671875000000,2.437500000000,0.842769529690,0.841247595269,0.001521934421
57,53,2.671875000000,2.484375000000,0.858245320059,0.856695438325,0.001549881734
57,54,2.671875000000,2.531250000000,0.855142691089,0.853598412302,0.001544278787
57,55,2.671875000000,2.578125000000,0.833528805325,0.832023558459,0.001505246866
57,56,2.671875000000,2.625000000000,0.793871538124,0.792437907229,0.001433630895
57,57,2.671875000000,2.671875000000,0.737029349558,0.735698368413,0.001330981145
57,58,2.671875000000,2.718750000000,0.664232701349,0.663033181679,0.001199519670
57,59,2.671875000000,2.765625000000,0.577057421091,0.576015328874,0.001042092217
57,60,2.671875000000,2.812500000000,0.477390590339,0.476528483725,0.000862106614
57,61,2.671875000000,2.859375000000,0.367389694992,0.366726235986,0.000663459005
57,62,2.671875000000,2.906250000000,0.249435922238,0.248985472726,0.000450449512
57,63,2.671875000000,2.953125000000,0.126082615047,0.125854925899,0.000227689148
57,64,2.671875000000,3.000000000000,0.000000000000,0.000000000000,-0.000000000000
58,0,2.718750000000,0.000000000000,0.000000000000,0.000000000000,0.000000000000
58,1,2.718750000000,0.046875000000,0.113629390772,0.113424190581,0.000205200191
58,2,2.718750000000,0.093750000000,0.224799048387,0.224393089969,0.000405958419
58,3,2.718750000000,0.140625000000,0.331102485483,0.330504556610,0.000597928873
58,4,2.718750000000,0.187500000000,0.430238553674,0.429461597701,0.000776955973
58,5,2.718750000000,0.234375000000,0.520061256468,0.519122092146,0.000939164322
58,6,2.718750000000,0.281250000000,0.598626203607,0.597545161008,0.001081042599
58,7,2.718750000000,0.328125000000,0.664232701246,0.663033181679,0.001199519567
58,8,2.718750000000,0.375000000000,0.715460566837,0.714168536279,0.001292030558
58,9,2.718750000000,0.421875000000,0.751200871796,0.749844298808,0.001356572988
58,10,2.718750000000,0.468750000000,0.770679946451,0.769288196745,0.001391749707
58,11,2.718750000000,0.515625000000,0.773476127663,0.772079328418,0.001396799245
58,12,2.718750000000,0.562500000000,0.759528886552,0.758157274256,0.001371612296
58,13,2.718750000000,0.609375000000,0.729140138768,0.727823404688,0.001316734080
58,14,2.718750000000,0.656250000000,0.682967708928,0.681734356384,0.001233352544
58,15,2.718750000000,0.703125000000,0.622011090702,0.620887818054,0.001123272648
58,16,2.718750000000,0.750000000000,0.547589810788,0.546600933501,0.000988877287
58,17,2.718750000000,0.796875000000,0.461314865150,0.460481789434,0.000833075717
58,18,2.718750000000,0.843750000000,0.365053845817,0.364394605248,0.000659240569
58,19,2.718750000000,0.890625000000,0.260890513155,0.260419378304,0.000471134851
58,20,2.718750000000,0.937500000000,0.151079688750,0.150806858268,0.000272830482
58,21,2.718750000000,0.984375000000,0.037998445330,0.037929825177,0.000068620153
58,22,2.718750000000,1.031250000000,-0.075905349682,-0.075768274083,-0.000137075598
58,23,2.718750000000,1.078125000000,-0.188166023106,-0.187826219025,-0.000339804081
58,24,2.718750000000,1.125000000000,-0.296353470381,-0.295818293547,-0.000535176834
58,25,2.718750000000,1.171875000000,-0.398125759994,-0.397406795364,-0.000718964630
58,26,2.718750000000,1.218750000000,-0.491279829218,-0.490392640202,-0.000887189016
58,27,2.718750000000,1.265625000000,-0.573799173773,-0.572762965330,-0.001036208443
58,28,2.718750000000,1.312500000000,-0.643897499053,-0.642734701963,-0.001162797090
58,29,2.718750000000,1.359375000000,-0.700057388007,-0.698793173312,-0.001264214695
58,30,2.718750000000,1.406250000000,-0.741063148639,-0.739724882765,-0.001338265873
58,31,2.718750000000,1.453125000000,-0.766027130064,-0.764643782424,-0.001383347640
58,32,2.718750000000,1.500000000000,-0.774408937475,-0.773010453363,-0.001398484112
58,33,2.718750000000,1.546875000000,-0.766027130053,-0.764643782424,-0.001383347629
58,34,2.718750000000,1.593750000000,-0.741063148617,-0.739724882765,-0.001338265851
58,35,2.718750000000,1.640625000000,-0.700057387975,-0.698793173312,-0.001264214662
58,36,2.718750000000,1.687500000000,-0.643897499010,-0.642734701963,-0.001162797047
58,37,2.718750000000,1.734375000000,-0.573799173720,-0.572762965330,-0.001036208389
58,38,2.718750000000,1.781250000000,-0.491279829154,-0.490392640202,-0.000887188953
58,39,2.718750000000,1.828125000000,-0.398125759921,-0.397406795364,-0.000718964557
58,40,2.718750000000,1.875000000000,-0.296353470300,-0.295818293547,-0.000535176753
58,41,2.718750000000,1.921875000000,-0.188166023015,-0.187826219025,-0.000339803990
58,42,2.718750000000,1.968750000000,-0.075905349583,-0.075768274083,-0.000137075500
58,43,2.718750000000,2.015625000000,0.037998445436,0.037929825177,0.000068620259
58,44,2.718750000000,2.062500000000,0.151079688862,0.150806858268,0.000272830594
58,45,2.718750000000,2.109375000000,0.260890513272,0.260419378304,0.000471134968
58,46,2.718750000000,2.156250000000,0.365053845939,0.364394605248,0.000659240692
58,47,2.718750000000,2.203125000000,0.461314865277,0.460481789434,0.000833075843
58,48,2.718750000000,2.250000000000,0.547589810918,0.546600933501,0.000988877417
58,49,2.718750000000,2.296875000000,0.622011090833,0.620887818054,0.001123272779
58,50,2.718750000000,2.343750000000,0.682967709061,0.681734356384,0.001233352677
58,51,2.718750000000,2.390625000000,0.729140138900,0.727823404688,0.001316734212
58,52,2.718750000000,2.437500000000,0.759528886682,0.758157274256,0.001371612426
58,53,2.718750000000,2.484375000000,0.773476127791,0.772079328418,0.001396799373
58,54,2.718750000000,2.531250000000,0.770679946575,0.769288196745,0.001391749830
58,55,2.718750000000,2.578125000000,0.751200871914,0.749844298808,0.001356573106
58,56,2.718750000000,2.625000000000,0.715460566949,0.714168536279,0.001292030670
58,57,2.718750000000,2.671875000000,0.664232701349,0.663033181679,0.001199519670
58,58,2.718750000000,2.718750000000,0.598626203700,0.597545161008,0.001081042692
58,59,2.718750000000,2.765625000000,0.520061256550,0.519122092146,0.000939164404
58,60,2.718750000000,2.812500000000,0.430238553743,0.429461597701,0.000776956041
58,61,2.718750000000,2.859375000000,0.331102485537,0.330504556610,0.000597928927
58,62,2.718750000000,2.906250000000,0.224799048425,0.224393089969,0.000405958456
58,63,2.718750000000,2.953125000000,0.113629390791,0.113424190581,0.000205200211
58,64,2.718750000000,3.000000000000,0.000000000000,0.000000000000,-0.000000000000
59,0,2.765625000000,0.000000000000,0.000000000000,0.000000000000,0.000000000000
59,1,2.765625000000,0.046875000000,0.098716433362,0.098538164069,0.000178269293
59,2,2.765625000000,0.093750000000,0.195295954060,0.194943274465,0.000352679595
59,3,2.765625000000,0.140625000000,0.287647907132,0.287128451684,0.000519455448
59,4,2.765625000000,0.187500000000,0.373773151692,0.373098165031,0.000674986661
59,5,2.765625000000,0.234375000000,0.451807336285,0.450991429835,0.000815906450
59,6,2.765625000000,0.281250000000,0.520061256474,0.519122092146,0.000939164328
59,7,2.765625000000,0.328125000000,0.577057421008,0.576015328874,0.001042092134
59,8,2.765625000000,0.375000000000,0.621562035049,0.620439573258,0.001122461791
59,9,2.765625000000,0.421875000000,0.652611708103,0.651433174564,0.001178533538
59,10,2.765625000000,0.468750000000,0.669534308516,0.668325214924,0.001209093592
59,11,2.765625000000,0.515625000000,0.671963513094,0.670750032675,0.001213480419
59,12,2.765625000000,0.562500000000,0.659846736895,0.658655137837,0.001191599058
59,13,2.765625000000,0.609375000000,0.633446271530,0.632302348357,0.001143923173
59,14,2.765625000000,0.656250000000,0.593333607347,0.592262122543,0.001071484804
59,15,2.765625000000,0.703125000000,0.540377062389,0.539401210366,0.000975852022
59,16,2.765625000000,0.750000000000,0.475722985927,0.474863890939,0.000859094989
59,17,2.765625000000,0.796875000000,0.400770943468,0.400047202328,0.000723741140
59,18,2.765625000000,0.843750000000,0.317143420380,0.316570699901,0.000572720479
59,19,2.765625000000,0.890625000000,0.226650699988,0.226241397843,0.000409302146
59,20,2.765625000000,0.937500000000,0.131251676408,0.131014652754,0.000237023654
59,21,2.765625000000,0.984375000000,0.033011450402,0.032951836088,0.000059614314
59,22,2.765625000000,1.031250000000,-0.065943373817,-0.065824288317,-0.000119085500
59,23,2.765625000000,1.078125000000,-0.163470723139,-0.163175515664,-0.000295207475
59,24,2.765625000000,1.125000000000,-0.257459424979,-0.256994485876,-0.000464939103
59,25,2.765625000000,1.171875000000,-0.345874907780,-0.345250301574,-0.000624606206
59,26,2.765625000000,1.218750000000,-0.426803243349,-0.426032490875,-0.000770752474
59,27,2.765625000000,1.265625000000,-0.498492577618,-0.497592363336,-0.000900214282
59,28,2.765625000000,1.312500000000,-0.559391052997,-0.558380863825,-0.001010189172
59,29,2.765625000000,1.359375000000,-0.608180401403,-0.607082104883,-0.001098296520
59,30,2.765625000000,1.406250000000,-0.643804480784,-0.642641851715,-0.001162629068
59,31,2.765625000000,1.453125000000,-0.665492137402,-0.664290343191,-0.001201794211
59,32,2.765625000000,1.500000000000,-0.672773898988,-0.671558954847,-0.001214944141
59,33,2.765625000000,1.546875000000,-0.665492137393,-0.664290343191,-0.001201794202
59,34,2.765625000000,1.593750000000,-0.643804480766,-0.642641851715,-0.001162629051
59,35,2.765625000000,1.640625000000,-0.608180401377,-0.607082104883,-0.001098296494
59,36,2.765625000000,1.687500000000,-0.559391052962,-0.558380863825,-0.001010189137
59,37,2.765625000000,1.734375000000,-0.498492577575,-0.497592363336,-0.000900214239
59,38,2.765625000000,1.781250000000,-0.426803243298,-0.426032490875,-0.000770752423
59,39,2.765625000000,1.828125000000,-0.345874907721,-0.345250301574,-0.000624606147
59,40,2.765625000000,1.875000000000,-0.257459424913,-0.256994485876,-0.000464939036
59,41,2.765625000000,1.921875000000,-0.163470723066,-0.163175515664,-0.000295207402
59,42,2.765625000000,1.968750000000,-0.065943373737,-0.065824288317,-0.000119085420
59,43,2.765625000000,2.015625000000,0.033011450487,0.032951836088,0.000059614399
59,44,2.765625000000,2.062500000000,0.131251676499,0.131014652754,0.000237023745
59,45,2.765625000000,2.109375000000,0.226650700084,0.226241397843,0.000409302241
59,46,2.765625000000,2.156250000000,0.317143420479,0.316570699901,0.000572720578
59,47,2.765625000000,2.203125000000,0.400770943571,0.400047202328,0.000723741243
59,48,2.765625000000,2.250000000000,0.475722986032,0.474863890939,0.000859095093
59,49,2.765625000000,2.296875000000,0.540377062495,0.539401210366,0.000975852129
59,50,2.765625000000,2.343750000000,0.593333607454,0.592262122543,0.001071484911
59,51,2.765625000000,2.390625000000,0.633446271637,0.632302348357,0.001143923280
59,52,2.765625000000,2.437500000000,0.659846737001,0.658655137837,0.001191599164
59,53,2.765625000000,2.484375000000,0.671963513198,0.670750032675,0.001213480523
59,54,2.765625000000,2.531250000000,0.669534308616,0.668325214924,0.001209093692
59,55,2.765625000000,2.578125000000,0.652611708198,0.651433174564,0.001178533634
59,56,2.765625000000,2.625000000000,0.621562035139,0.620439573258,0.001122461881
59,57,2.765625000000,2.671875000000,0.577057421091,0.576015328874,0.001042092217
59,58,2.765625000000,2.718750000000,0.520061256550,0.519122092146,0.000939164404
59,59,2.765625000000,2.765625000000,0.451807336351,0.450991429835,0.000815906516
59,60,2.765625000000,2.812500000000,0.373773151747,0.373098165031,0.000674986716
59,61,2.765625000000,2.859375000000,0.287647907176,0.287128451684,0.000519455492
59,62,2.765625000000,2.906250000000,0.195295954090,0.194943274465,0.000352679625
59,63,2.765625000000,2.953125000000,0.098716433378,0.098538164069,0.000178269309
59,64,2.765625000000,3.000000000000,0.000000000000,0.000000000000,-0.000000000000
60,0,2.812500000000,0.000000000000,0.000000000000,0.000000000000,0.000000000000
60,1,2.812500000000,0.046875000000,0.081666563286,0.081519083884,0.000147479402
60,2,2.812500000000,0.093750000000,0.161565292105,0.161273525784,0.000291766321
60,3,2.812500000000,0.140625000000,0.237966620267,0.237536882886,0.000429737381
60,4,2.812500000000,0.187500000000,0.309216689741,0.308658283817,0.000558405924
60,5,2.812500000000,0.234375000000,0.373773151696,0.373098165031,0.000674986665
60,6,2.812500000000,0.281250000000,0.430238553684,0.429461597701,0.000776955983
60,7,2.812500000000,0.328125000000,0.477390590275,0.476528483725,0.000862106549
60,8,2.812500000000,0.375000000000,0.514208562271,0.513279967159,0.000928595111
60,9,2.812500000000,0.421875000000,0.539895471766,0.538920489374,0.000974982393
60,10,2.812500000000,0.468750000000,0.553895274743,0.552895010495,0.001000264248
60,11,2.812500000000,0.515625000000,0.555904917745,0.554901024343,0.001003893402
60,12,2.812500000000,0.562500000000,0.545880898070,0.544895106776,0.000985791294
60,13,2.812500000000,0.609375000000,0.524040205472,0.523093855692,0.000946349780
60,14,2.812500000000,0.656250000000,0.490855624988,0.489969202339,0.000886422649
60,15,2.812500000000,0.703125000000,0.447045502570,0.446238195428,0.000807307142
60,16,2.812500000000,0.750000000000,0.393558195066,0.392847479194,0.000710715872
60,17,2.812500000000,0.796875000000,0.331551541154,0.330952801406,0.000598739748
60,18,2.812500000000,0.843750000000,0.262367797637,0.261893994923,0.000473802714
60,19,2.812500000000,0.890625000000,0.187504583631,0.187165974351,0.000338609280
60,20,2.812500000000,0.937500000000,0.108582461637,0.108386375662,0.000196085975
60,21,2.812500000000,0.984375000000,0.027309857259,0.027260539260,0.000049317999
60,22,2.812500000000,1.031250000000,-0.054553923058,-0.054455405493,-0.000098517566
60,23,2.812500000000,1.078125000000,-0.135236775692,-0.134992555168,-0.000244220524
60,24,2.812500000000,1.125000000000,-0.212992160541,-0.212607523692,-0.000384636849
60,25,2.812500000000,1.171875000000,-0.286136908337,-0.285620181387,-0.000516726949
60,26,2.812500000000,1.218750000000,-0.353087656183,-0.352450024709,-0.000637631474
60,27,2.812500000000,1.265625000000,-0.412395122575,-0.411650389370,-0.000744733206
60,28,2.812500000000,1.312500000000,-0.462775479970,-0.461939766256,-0.000835713715
60,29,2.812500000000,1.359375000000,-0.503138145775,-0.502229542228,-0.000908603547
60,30,2.812500000000,1.406250000000,-0.532609390168,-0.531647565309,-0.000961824860
60,31,2.812500000000,1.453125000000,-0.550551249709,-0.549557024139,-0.000994225571
60,32,2.812500000000,1.500000000000,-0.556575337322,-0.555570233020,-0.001005104303
60,33,2.812500000000,1.546875000000,-0.550551249702,-0.549557024139,-0.000994225564
60,34,2.812500000000,1.593750000000,-0.532609390155,-0.531647565309,-0.000961824846
60,35,2.812500000000,1.640625000000,-0.503138145755,-0.502229542228,-0.000908603527
60,36,2.812500000000,1.687500000000,-0.462775479943,-0.461939766256,-0.000835713687
60,37,2.812500000000,1.734375000000,-0.412395122542,-0.411650389370,-0.000744733172
60,38,2.812500000000,1.781250000000,-0.353087656143,-0.352450024709,-0.000637631434
60,39,2.812500000000,1.828125000000,-0.286136908291,-0.285620181387,-0.000516726904
60,40,2.812500000000,1.875000000000,-0.212992160489,-0.212607523692,-0.000384636797
60,41,2.812500000000,1.921875000000,-0.135236775636,-0.134992555168,-0.000244220468
60,42,2.812500000000,1.968750000000,-0.054553922997,-0.054455405493,-0.000098517504
60,43,2.812500000000,2.015625000000,0.027309857325,0.027260539260,0.000049318065
60,44,2.812500000000,2.062500000000,0.108582461708,0.108386375662,0.000196086045
60,45,2.812500000000,2.109375000000,0.187504583705,0.187165974351,0.000338609354
60,46,2.812500000000,2.156250000000,0.262367797714,0.261893994923,0.000473802791
60,47,2.812500000000,2.203125000000,0.331551541234,0.330952801406,0.000598739827
60,48,2.812500000000,2.250000000000,0.393558195147,0.392847479194,0.000710715954
60,49,2.812500000000,2.296875000000,0.447045502653,0.446238195428,0.000807307225
60,50,2.812500000000,2.343750000000,0.490855625071,0.489969202339,0.000886422732
60,51,2.812500000000,2.390625000000,0.524040205555,0.523093855692,0.000946349863
60,52,2.812500000000,2.437500000000,0.545880898152,0.544895106776,0.000985791376
60,53,2.812500000000,2.484375000000,0.555904917825,0.554901024343,0.001003893483
60,54,2.812500000000,2.531250000000,0.553895274821,0.552895010495,0.001000264326
60,55,2.812500000000,2.578125000000,0.539895471841,0.538920489374,0.000974982467
60,56,2.812500000000,2.625000000000,0.514208562341,0.513279967159,0.000928595181
60,57,2.812500000000,2.671875000000,0.477390590339,0.476528483725,0.000862106614
60,58,2.812500000000,2.718750000000,0.430238553743,0.429461597701,0.000776956041
60,59,2.812500000000,2.765625000000,0.373773151747,0.373098165031,0.000674986716
60,60,2.812500000000,2.812500000000,0.309216689785,0.308658283817,0.000558405967
60,61,2.812500000000,2.859375000000,0.237966620300,0.237536882886,0.000429737415
60,62,2.812500000000,2.906250000000,0.161565292129,0.161273525784,0.000291766345
60,63,2.812500000000,2.953125000000,0.081666563299,0.081519083884,0.000147479414
60,64,2.812500000000,3.000000000000,0.000000000000,0.000000000000,-0.000000000000
61,0,2.859375000000,0.000000000000,0.000000000000,0.000000000000,0.000000000000
61,1,2.859375000000,0.046875000000,0.062848858742,0.062735361715,0.000113497027
61,2,2.859375000000,0.093750000000,0.124337229492,0.124112692305,0.000224537187
61,3,2.859375000000,0.140625000000,0.183134074713,0.182803357918,0.000330716795
61,4,2.859375000000,0.187500000000,0.237966620269,0.237536882886,0.000429737383
61,5,2.859375000000,0.234375000000,0.287647907138,0.287128451684,0.000519455455
61,6,2.859375000000,0.281250000000,0.331102485494,0.330504556610,0.000597928884
61,7,2.859375000000,0.328125000000,0.367389694945,0.366726235986,0.000663458958
61,8,2.859375000000,0.375000000000,0.395724026990,0.395009399841,0.000714627149
61,9,2.859375000000,0.421875000000,0.415492128909,0.414741803090,0.000750325819
61,10,2.859375000000,0.468750000000,0.426266080993,0.425496298793,0.000769782200
61,11,2.859375000000,0.515625000000,0.427812659716,0.427040084596,0.000772575121
61,12,2.859375000000,0.562500000000,0.420098386319,0.419339742198,0.000758644122
61,13,2.859375000000,0.609375000000,0.403290251525,0.402561960758,0.000728290767
61,14,2.859375000000,0.656250000000,0.377752100692,0.377069928577,0.000682172116
61,15,2.859375000000,0.703125000000,0.344036757662,0.343415471166,0.000621286496
61,16,2.859375000000,0.750000000000,0.302874057795,0.302327105895,0.000546951899
61,17,2.859375000000,0.796875000000,0.255155049232,0.254694271789,0.000460777444
61,18,2.859375000000,0.843750000000,0.201912704403,0.201548075856,0.000364628547
61,19,2.859375000000,0.890625000000,0.144299559284,0.144038972743,0.000260586541
61,20,2.859375000000,0.937500000000,0.083562764479,0.083411860857,0.000150903622
61,21,2.859375000000,0.984375000000,0.021017088175,0.020979134081,0.000037954093
61,22,2.859375000000,1.031250000000,-0.041983544619,-0.041907727591,-0.000075817028
61,23,2.859375000000,1.078125000000,-0.104075360462,-0.103887413520,-0.000187946942
61,24,2.859375000000,1.125000000000,-0.163914259052,-0.163618250679,-0.000296008373
61,25,2.859375000000,1.171875000000,-0.220204908946,-0.219807246826,-0.000397662119
61,26,2.859375000000,1.218750000000,-0.271728787565,-0.271238079882,-0.000490707683
61,27,2.859375000000,1.265625000000,-0.317370558537,-0.316797427628,-0.000573130909
61,28,2.859375000000,1.312500000000,-0.356142215356,-0.355499067772,-0.000643147583
61,29,2.859375000000,1.359375000000,-0.387204468737,-0.386505226681,-0.000699242056
61,30,2.859375000000,1.406250000000,-0.409884914703,-0.409144714651,-0.000740200052
61,31,2.859375000000,1.453125000000,-0.423692590090,-0.422927455137,-0.000765134953
61,32,2.859375000000,1.500000000000,-0.428328600426,-0.427555093430,-0.000773506995
61,33,2.859375000000,1.546875000000,-0.423692590085,-0.422927455137,-0.000765134948
61,34,2.859375000000,1.593750000000,-0.409884914693,-0.409144714651,-0.000740200042
61,35,2.859375000000,1.640625000000,-0.387204468722,-0.386505226681,-0.000699242041
61,36,2.859375000000,1.687500000000,-0.356142215336,-0.355499067772,-0.000643147563
61,37,2.859375000000,1.734375000000,-0.317370558513,-0.316797427628,-0.000573130884
61,38,2.859375000000,1.781250000000,-0.271728787536,-0.271238079882,-0.000490707654
61,39,2.859375000000,1.828125000000,-0.220204908912,-0.219807246826,-0.000397662086
61,40,2.859375000000,1.875000000000,-0.163914259015,-0.163618250679,-0.000296008336
61,41,2.859375000000,1.921875000000,-0.104075360421,-0.103887413520,-0.000187946900
61,42,2.859375000000,1.968750000000,-0.041983544575,-0.041907727591,-0.000075816983
61,43,2.859375000000,2.015625000000,0.021017088223,0.020979134081,0.000037954142
61,44,2.859375000000,2.062500000000,0.083562764530,0.083411860857,0.000150903673
61,45,2.859375000000,2.109375000000,0.144299559338,0.144038972743,0.000260586595
61,46,2.859375000000,2.156250000000,0.201912704459,0.201548075856,0.000364628603
61,47,2.859375000000,2.203125000000,0.255155049290,0.254694271789,0.000460777502
61,48,2.859375000000,2.250000000000,0.302874057854,0.302327105895,0.000546951958
61,49,2.859375000000,2.296875000000,0.344036757723,0.343415471166,0.000621286556
61,50,2.859375000000,2.343750000000,0.377752100753,0.377069928577,0.000682172176
61,51,2.859375000000,2.390625000000,0.403290251586,0.402561960758,0.000728290827
61,52,2.859375000000,2.437500000000,0.420098386379,0.419339742198,0.000758644181
61,53,2.859375000000,2.484375000000,0.427812659775,0.427040084596,0.000772575179
61,54,2.859375000000,2.531250000000,0.426266081050,0.425496298793,0.000769782257
61,55,2.859375000000,2.578125000000,0.415492128963,0.414741803090,0.000750325873
61,56,2.859375000000,2.625000000000,0.395724027041,0.395009399841,0.000714627200
61,57,2.859375000000,2.671875000000,0.367389694992,0.366726235986,0.000663459005
61,58,2.859375000000,2.718750000000,0.331102485537,0.330504556610,0.000597928927
61,59,2.859375000000,2.765625000000,0.287647907176,0.287128451684,0.000519455492
61,60,2.859375000000,2.812500000000,0.237966620300,0.237536882886,0.000429737415
61,61,2.859375000000,2.859375000000,0.183134074738,0.182803357918,0.000330716820
61,62,2.859375000000,2.906250000000,0.124337229509,0.124112692305,0.000224537204
61,63,2.859375000000,2.953125000000,0.062848858751,0.062735361715,0.000113497036
61,64,2.859375000000,3.000000000000,0.000000000000,0.000000000000,-0.000000000000
62,0,2.906250000000,0.000000000000,0.000000000000,0.000000000000,0.000000000000
62,1,2.906250000000,0.046875000000,0.042670666205,0.042593608421,0.000077057784
62,2,2.906250000000,0.093750000000,0.084417641349,0.084265193849,0.000152447500
62,3,2.906250000000,0.140625000000,0.124337229493,0.124112692305,0.000224537188
62,4,2.906250000000,0.187500000000,0.161565292109,0.161273525784,0.000291766324
62,5,2.906250000000,0.234375000000,0.195295954066,0.194943274465,0.000352679601
62,6,2.906250000000,0.281250000000,0.224799048397,0.224393089969,0.000405958429
62,7,2.906250000000,0.328125000000,0.249435922208,0.248985472726,0.000450449482
62,8,2.906250000000,0.375000000000,0.268673261581,0.268188071917,0.000485189664
62,9,2.906250000000,0.421875000000,0.282094636215,0.281585209260,0.000509426955
62,10,2.906250000000,0.468750000000,0.289409513880,0.288886877191,0.000522636690
62,11,2.906250000000,0.515625000000,0.290459549566,0.289935016648,0.000524532918
62,12,2.906250000000,0.562500000000,0.285222013169,0.284706938578,0.000515074592
62,13,2.906250000000,0.609375000000,0.273810281538,0.273315815083,0.000494466455
62,14,2.906250000000,0.656250000000,0.256471384198,0.256008229585,0.000463154612
62,15,2.906250000000,0.703125000000,0.233580655914,0.233158839044,0.000421816870
62,16,2.906250000000,0.750000000000,0.205633611827,0.205262263761,0.000371348065
62,17,2.906250000000,0.796875000000,0.173235221041,0.172922380345,0.000312840696
62,18,2.906250000000,0.843750000000,0.137086810877,0.136839249608,0.000247561268
62,19,2.906250000000,0.890625000000,0.097970885249,0.097793962362,0.000176922886
62,20,2.906250000000,0.937500000000,0.056734185819,0.056631731162,0.000102454657
62,21,2.906250000000,0.984375000000,0.014269362598,0.014243594006,0.000025768593
62,22,2.906250000000,1.031250000000,-0.028504349231,-0.028452873946,-0.000051475285
62,23,2.906250000000,1.078125000000,-0.070661027982,-0.070533423102,-0.000127604879
62,24,2.906250000000,1.125000000000,-0.111288108869,-0.111087136655,-0.000200972214
62,25,2.906250000000,1.171875000000,-0.149506138283,-0.149236149174,-0.000269989109
62,26,2.906250000000,1.218750000000,-0.184487811302,-0.184154649746,-0.000333161556
62,27,2.906250000000,1.265625000000,-0.215475880347,-0.215086758285,-0.000389122062
62,28,2.906250000000,1.312500000000,-0.241799547306,-0.241362888054,-0.000436659252
62,29,2.906250000000,1.359375000000,-0.262888984285,-0.262414240196,-0.000474744089
62,30,2.906250000000,1.406250000000,-0.278287668661,-0.277785116510,-0.000502552151
62,31,2.906250000000,1.453125000000,-0.287662265421,-0.287142783943,-0.000519481478
62,32,2.906250000000,1.500000000000,-0.290809842855,-0.290284677254,-0.000525165601
62,33,2.906250000000,1.546875000000,-0.287662265418,-0.287142783943,-0.000519481475
62,34,2.906250000000,1.593750000000,-0.278287668655,-0.277785116510,-0.000502552145
62,35,2.906250000000,1.640625000000,-0.262888984275,-0.262414240196,-0.000474744080
62,36,2.906250000000,1.687500000000,-0.241799547294,-0.241362888054,-0.000436659240
62,37,2.906250000000,1.734375000000,-0.215475880331,-0.215086758285,-0.000389122047
62,38,2.906250000000,1.781250000000,-0.184487811283,-0.184154649746,-0.000333161537
62,39,2.906250000000,1.828125000000,-0.149506138261,-0.149236149174,-0.000269989087
62,40,2.906250000000,1.875000000000,-0.111288108845,-0.111087136655,-0.000200972190
62,41,2.906250000000,1.921875000000,-0.070661027955,-0.070533423102,-0.000127604852
62,42,2.906250000000,1.968750000000,-0.028504349202,-0.028452873946,-0.000051475256
62,43,2.906250000000,2.015625000000,0.014269362630,0.014243594006,0.000025768624
62,44,2.906250000000,2.062500000000,0.056734185852,0.056631731162,0.000102454690
62,45,2.906250000000,2.109375000000,0.097970885283,0.097793962362,0.000176922921
62,46,2.906250000000,2.156250000000,0.137086810913,0.136839249608,0.000247561305
62,47,2.906250000000,2.203125000000,0.173235221078,0.172922380345,0.000312840733
62,48,2.906250000000,2.250000000000,0.205633611865,0.205262263761,0.000371348104
62,49,2.906250000000,2.296875000000,0.233580655953,0.233158839044,0.000421816909
62,50,2.906250000000,2.343750000000,0.256471384237,0.256008229585,0.000463154652
62,51,2.906250000000,2.390625000000,0.273810281577,0.273315815083,0.000494466494
62,52,2.906250000000,2.437500000000,0.285222013208,0.284706938578,0.000515074630
62,53,2.906250000000,2.484375000000,0.290459549603,0.289935016648,0.000524532956
62,54,2.906250000000,2.531250000000,0.289409513917,0.288886877191,0.000522636726
62,55,2.906250000000,2.578125000000,0.282094636250,0.281585209260,0.000509426990
62,56,2.906250000000,2.625000000000,0.268673261614,0.268188071917,0.000485189697
62,57,2.906250000000,2.671875000000,0.249435922238,0.248985472726,0.000450449512
62,58,2.906250000000,2.718750000000,0.224799048425,0.224393089969,0.000405958456
62,59,2.906250000000,2.765625000000,0.195295954090,0.194943274465,0.000352679625
62,60,2.906250000000,2.812500000000,0.161565292129,0.161273525784,0.000291766345
62,61,2.906250000000,2.859375000000,0.124337229509,0.124112692305,0.000224537204
62,62,2.906250000000,2.906250000000,0.084417641360,0.084265193849,0.000152447511
62,63,2.906250000000,2.953125000000,0.042670666211,0.042593608421,0.000077057790
62,64,2.906250000000,3.000000000000,0.000000000000,0.000000000000,-0.000000000000
63,0,2.953125000000,0.000000000000,0.000000000000,0.000000000000,0.000000000000
63,1,2.953125000000,0.046875000000,0.021568782606,0.021529832134,0.000038950472
63,2,2.953125000000,0.093750000000,0.042670666205,0.042593608421,0.000077057784
63,3,2.953125000000,0.140625000000,0.062848858743,0.062735361715,0.000113497028
63,4,2.953125000000,0.187500000000,0.081666563289,0.081519083884,0.000147479405
63,5,2.953125000000,0.234375000000,0.098716433366,0.098538164069,0.000178269297
63,6,2.953125000000,0.281250000000,0.113629390778,0.113424190581,0.000205200197
63,7,2.953125000000,0.328125000000,0.126082615032,0.125854925899,0.000227689133
63,8,2.953125000000,0.375000000000,0.135806531431,0.135561282145,0.000245249286
63,9,2.953125000000,0.421875000000,0.142590646551,0.142333146018,0.000257500533
63,10,2.953125000000,0.468750000000,0.146288104786,0.146023927115,0.000264177670
63,11,2.953125000000,0.515625000000,0.146818867331,0.146553731173,0.000265136159
63,12,2.953125000000,0.562500000000,0.144171444782,0.143911089532,0.000260355249
63,13,2.953125000000,0.609375000000,0.138403145840,0.138153207405,0.000249938435
63,14,2.953125000000,0.656250000000,0.129638836758,0.129404725550,0.000234111208
63,15,2.953125000000,0.703125000000,0.118068238360,0.117855022180,0.000213216179
63,16,2.953125000000,0.750000000000,0.103941819158,0.103754113494,0.000187705664
63,17,2.953125000000,0.796875000000,0.087565373469,0.087407241581,0.000158131888
63,18,2.953125000000,0.843750000000,0.069293401884,0.069168266851,0.000125135033
63,19,2.953125000000,0.890625000000,0.049521437410,0.049432008027,0.000089429382
63,20,2.953125000000,0.937500000000,0.028677483366,0.028625695511,0.000051787855
63,21,2.953125000000,0.984375000000,0.007212748411,0.007199723134,0.000013025277
63,22,2.953125000000,1.031250000000,-0.014408120766,-0.014382101505,-0.000026019260
63,23,2.953125000000,1.078125000000,-0.035717097640,-0.035652597080,-0.000064500559
63,24,2.953125000000,1.125000000000,-0.056252907214,-0.056151321597,-0.000101585617
63,25,2.953125000000,1.171875000000,-0.075571011227,-0.075434539574,-0.000136471653
63,26,2.953125000000,1.218750000000,-0.093253231067,-0.093084827577,-0.000168403490
63,27,2.953125000000,1.265625000000,-0.108916800073,-0.108720110172,-0.000196689901
63,28,2.953125000000,1.312500000000,-0.122222649279,-0.122001930708,-0.000220718570
63,29,2.953125000000,1.359375000000,-0.132882747232,-0.132642777883,-0.000239969349
63,30,2.953125000000,1.406250000000,-0.140666335005,-0.140412309487,-0.000254025517
63,31,2.953125000000,1.453125000000,-0.145404921428,-0.145142338627,-0.000262582800
63,32,2.953125000000,1.500000000000,-0.146995930415,-0.146730474455,-0.000265455959
63,33,2.953125000000,1.546875000000,-0.145404921426,-0.145142338627,-0.000262582799
63,34,2.953125000000,1.593750000000,-0.140666335002,-0.140412309487,-0.000254025514
63,35,2.953125000000,1.640625000000,-0.132882747227,-0.132642777883,-0.000239969345
63,36,2.953125000000,1.687500000000,-0.122222649272,-0.122001930708,-0.000220718564
63,37,2.953125000000,1.734375000000,-0.108916800065,-0.108720110172,-0.000196689894
63,38,2.953125000000,1.781250000000,-0.093253231058,-0.093084827577,-0.000168403481
63,39,2.953125000000,1.828125000000,-0.075571011217,-0.075434539574,-0.000136471642
63,40,2.953125000000,1.875000000000,-0.056252907202,-0.056151321597,-0.000101585605
63,41,2.953125000000,1.921875000000,-0.035717097627,-0.035652597080,-0.000064500547
63,42,2.953125000000,1.968750000000,-0.014408120752,-0.014382101505,-0.000026019246
63,43,2.953125000000,2.015625000000,0.007212748426,0.007199723134,0.000013025292
63,44,2.953125000000,2.062500000000,0.028677483382,0.028625695511,0.000051787871
63,45,2.953125000000,2.109375000000,0.049521437427,0.049432008027,0.000089429399
63,46,2.953125000000,2.156250000000,0.069293401902,0.069168266851,0.000125135051
63,47,2.953125000000,2.203125000000,0.087565373487,0.087407241581,0.000158131906
63,48,2.953125000000,2.250000000000,0.103941819177,0.103754113494,0.000187705683
63,49,2.953125000000,2.296875000000,0.118068238379,0.117855022180,0.000213216198
63,50,2.953125000000,2.343750000000,0.129638836777,0.129404725550,0.000234111227
63,51,2.953125000000,2.390625000000,0.138403145859,0.138153207405,0.000249938454
63,52,2.953125000000,2.437500000000,0.144171444800,0.143911089532,0.000260355268
63,53,2.953125000000,2.484375000000,0.146818867350,0.146553731173,0.000265136177
63,54,2.953125000000,2.531250000000,0.146288104803,0.146023927115,0.000264177688
63,55,2.953125000000,2.578125000000,0.142590646567,0.142333146018,0.000257500550
63,56,2.953125000000,2.625000000000,0.135806531447,0.135561282145,0.000245249302
63,57,2.953125000000,2.671875000000,0.126082615047,0.125854925899,0.000227689148
63,58,2.953125000000,2.718750000000,0.113629390791,0.113424190581,0.000205200211
63,59,2.953125000000,2.765625000000,0.098716433378,0.098538164069,0.000178269309
63,60,2.953125000000,2.812500000000,0.081666563299,0.081519083884,0.000147479414
63,61,2.953125000000,2.859375000000,0.062848858751,0.062735361715,0.000113497036
63,62,2.953125000000,2.906250000000,0.042670666211,0.042593608421,0.000077057790
63,63,2.953125000000,2.953125000000,0.021568782609,0.021529832134,0.000038950475
63,64,2.953125000000,3.000000000000,0.000000000000,0.000000000000,-0.000000000000
64,0,3.000000000000,0.000000000000,0.000000000000,0.000000000000,0.000000000000
64,1,3.000000000000,0.046875000000,0.000000000000,0.000000000000,-0.000000000000
64,2,3.000000000000,0.093750000000,0.000000000000,0.000000000000,-0.000000000000
64,3,3.000000000000,0.140625000000,0.000000000000,0.000000000000,-0.000000000000
64,4,3.000000000000,0.187500000000,0.000000000000,0.000000000000,-0.000000000000
64,5,3.000000000000,0.234375000000,0.000000000000,0.000000000000,-0.000000000000
64,6,3.000000000000,0.281250000000,0.000000000000,0.000000000000,-0.000000000000
64,7,3.000000000000,0.328125000000,0.000000000000,0.000000000000,-0.000000000000
64,8,3.000000000000,0.375000000000,0.000000000000,0.000000000000,-0.000000000000
64,9,3.000000000000,0.421875000000,0.000000000000,0.000000000000,-0.000000000000
64,10,3.000000000000,0.468750000000,0.000000000000,0.000000000000,-0.000000000000
64,11,3.000000000000,0.515625000000,0.000000000000,0.000000000000,-0.000000000000
64,12,3.000000000000,0.562500000000,0.000000000000,0.000000000000,-0.000000000000
64,13,3.000000000000,0.609375000000,0.000000000000,0.000000000000,-0.000000000000
64,14,3.000000000000,0.656250000000,0.000000000000,0.000000000000,-0.000000000000
64,15,3.000000000000,0.703125000000,0.000000000000,0.000000000000,-0.000000000000
64,16,3.000000000000,0.750000000000,0.000000000000,0.000000000000,-0.000000000000
64,17,3.000000000000,0.796875000000,0.000000000000,0.000000000000,-0.000000000000
64,18,3.000000000000,0.843750000000,0.000000000000,0.000000000000,-0.000000000000
64,19,3.000000000000,0.890625000000,0.000000000000,0.000000000000,-0.000000000000
64,20,3.000000000000,0.937500000000,0.000000000000,0.000000000000,-0.000000000000
64,21,3.000000000000,0.984375000000,0.000000000000,0.000000000000,-0.000000000000
64,22,3.000000000000,1.031250000000,0.000000000000,-0.000000000000,0.000000000000
64,23,3.000000000000,1.078125000000,0.000000000000,-0.000000000000,0.000000000000
64,24,3.000000000000,1.125000000000,0.000000000000,-0.000000000000,0.000000000000
64,25,3.000000000000,1.171875000000,0.000000000000,-0.000000000000,0.000000000000
64,26,3.000000000000,1.218750000000,0.000000000000,-0.000000000000,0.000000000000
64,27,3.000000000000,1.265625000000,0.000000000000,-0.000000000000,0.000000000000
64,28,3.000000000000,1.312500000000,0.000000000000,-0.000000000000,0.000000000000
64,29,3.000000000000,1.359375000000,0.000000000000,-0.000000000000,0.000000000000
64,30,3.000000000000,1.406250000000,0.000000000000,-0.000000000000,0.000000000000
64,31,3.000000000000,1.453125000000,0.000000000000,-0.000000000000,0.000000000000
64,32,3.000000000000,1.500000000000,0.000000000000,-0.000000000000,0.000000000000
64,33,3.000000000000,1.546875000000,0.000000000000,-0.000000000000,0.000000000000
64,34,3.000000000000,1.593750000000,0.000000000000,-0.000000000000,0.000000000000
64,35,3.000000000000,1.640625000000,0.000000000000,-0.000000000000,0.000000000000
64,36,3.000000000000,1.687500000000,0.000000000000,-0.000000000000,0.000000000000
64,37,3.000000000000,1.734375000000,0.000000000000,-0.000000000000,0.000000000000
64,38,3.000000000000,1.781250000000,0.000000000000,-0.000000000000,0.000000000000
64,39,3.000000000000,1.828125000000,0.000000000000,-0.000000000000,0.000000000000
64,40,3.000000000000,1.875000000000,0.000000000000,-0.000000000000,0.000000000000
64,41,3.000000000000,1.921875000000,0.000000000000,-0.000000000000,0.000000000000
64,42,3.000000000000,1.968750000000,0.000000000000,-0.000000000000,0.000000000000
64,43,3.000000000000,2.015625000000,0.000000000000,0.000000000000,-0.000000000000
64,44,3.000000000000,2.062500000000,0.000000000000,0.000000000000,-0.000000000000
64,45,3.000000000000,2.109375000000,0.000000000000,0.000000000000,-0.000000000000
64,46,3.000000000000,2.156250000000,0.000000000000,0.000000000000,-0.000000000000
64,47,3.000000000000,2.203125000000,0.000000000000,0.000000000000,-0.000000000000
64,48,3.000000000000,2.250000000000,0.000000000000,0.000000000000,-0.000000000000
64,49,3.000000000000,2.296875000000,0.000000000000,0.000000000000,-0.000000000000
64,50,3.000000000000,2.343750000000,0.000000000000,0.000000000000,-0.000000000000
64,51,3.000000000000,2.390625000000,0.000000000000,0.000000000000,-0.000000000000
64,52,3.000000000000,2.437500000000,0.000000000000,0.000000000000,-0.000000000000
64,53,3.000000000000,2.484375000000,0.000000000000,0.000000000000,-0.000000000000
64,54,3.000000000000,2.531250000000,0.000000000000,0.000000000000,-0.000000000000
64,55,3.000000000000,2.578125000000,0.000000000000,0.000000000000,-0.000000000000
64,56,3.000000000000,2.625000000000,0.000000000000,0.000000000000,-0.000000000000
64,57,3.000000000000,2.671875000000,0.000000000000,0.000000000000,-0.000000000000
64,58,3.000000000000,2.718750000000,0.000000000000,0.000000000000,-0.000000000000
64,59,3.000000000000,2.765625000000,0.000000000000,0.000000000000,-0.000000000000
64,60,3.000000000000,2.812500000000,0.000000000000,0.000000000000,-0.000000000000
64,61,3.000000000000,2.859375000000,0.000000000000,0.000000000000,-0.000000000000
64,62,3.000000000000,2.906250000000,0.000000000000,0.000000000000,-0.000000000000
64,63,3.000000000000,2.953125000000,0.000000000000,0.000000000000,-0.000000000000
64,64,3.000000000000,3.000000000000,0.000000000000,0.000000000000,-0.000000000000
