t,norm,energy,x_avg,y_avg
0,1,1.49905,1.49073e-16,0.70609
0.001,1,1.49905,2.13403e-17,0.70609
0.002,1,1.49905,1.7968e-17,0.706089
0.003,1,1.49905,3.47814e-16,0.706087
0.004,1,1.49905,-1.94434e-16,0.706084
0.005,1,1.49905,-6.73784e-17,0.706081
0.006,1,1.49905,1.73352e-16,0.706077
0.007,1,1.49905,1.76157e-16,0.706073
0.008,1,1.49905,3.73248e-17,0.706067
0.009,1,1.49905,-2.19744e-17,0.706061
0.01,1,1.49905,5.15827e-17,0.706055
0.011,1,1.49905,-4.34265e-17,0.706047
0.012,1,1.49905,-1.91206e-16,0.706039
0.013,1,1.49905,-3.98902e-16,0.70603
0.014,1,1.49905,-7.72468e-17,0.706021
0.015,1,1.49905,-4.03099e-16,0.706011
0.016,1,1.49905,8.48707e-17,0.706
0.017,1,1.49905,-1.37191e-16,0.705988
0.018,1,1.49905,1.54997e-16,0.705976
0.019,1,1.49905,-2.0652e-16,0.705963
0.02,1,1.49905,-5.59937e-17,0.705949
0.021,1,1.49905,1.04387e-16,0.705935
0.022,1,1.49905,3.60435e-16,0.705919
0.023,1,1.49905,-1.57505e-16,0.705904
0.024,1,1.49905,9.68338e-17,0.705887
0.025,1,1.49905,-3.27611e-16,0.70587
0.026,1,1.49905,1.30465e-16,0.705852
0.027,1,1.49905,1.82394e-16,0.705833
0.028,1,1.49905,-2.32238e-17,0.705814
0.029,1,1.49905,1.5906e-16,0.705794
0.03,1,1.49905,-3.57878e-17,0.705773
0.031,1,1.49905,-1.06914e-16,0.705751
0.032,1,1.49905,-1.36433e-16,0.705729
0.033,1,1.49905,6.56159e-17,0.705706
0.034,1,1.49905,-1.71348e-16,0.705683
0.035,1,1.49905,-2.98424e-17,0.705658
0.036,1,1.49905,-1.40982e-16,0.705633
0.037,1,1.49905,-1.88251e-16,0.705608
0.038,1,1.49905,2.57676e-16,0.705581
0.039,1,1.49905,-9.66709e-17,0.705554
0.04,1,1.49905,-1.2271e-17,0.705526
0.041,1,1.49905,1.1344e-16,0.705498
0.042,1,1.49905,3.2461e-17,0.705468
0.043,1,1.49905,-8.0323e-17,0.705439
0.044,1,1.49905,3.73009e-16,0.705408
0.045,1,1.49905,-2.52815e-17,0.705377
0.046,1,1.49905,-2.52479e-16,0.705344
0.047,1,1.49905,-2.49922e-16,0.705312
0.048,1,1.49905,3.94715e-17,0.705278
0.049,1,1.49905,-2.00907e-16,0.705244
0.05,1,1.49905,3.0478e-16,0.705209
0.051,1,1.49905,1.8549e-16,0.705174
0.052,1,1.49905,4.60784e-17,0.705137
0.053,1,1.49905,2.31572e-17,0.7051
0.054,1,1.49905,1.52882e-16,0.705063
0.055,1,1.49905,-1.51006e-17,0.705024
0.056,1,1.49905,-1.80601e-16,0.704985
0.057,1,1.49905,-3.48664e-17,0.704945
0.058,1,1.49905,-3.06506e-17,0.704905
0.059,1,1.49905,1.655e-16,0.704864
0.06,1,1.49905,1.34986e-16,0.704822
0.061,1,1.49905,-3.57819e-16,0.704779
0.062,1,1.49905,-1.15056e-16,0.704736
0.063,1,1.49905,9.3534e-17,0.704692
0.064,1,1.49905,-5.87384e-17,0.704647
0.065,1,1.49905,3.66082e-18,0.704602
0.066,1,1.49905,1.01423e-16,0.704556
0.067,1,1.49905,-4.61765e-17,0.704509
0.068,1,1.49905,2.1041e-16,0.704461
0.069,1,1.49905,-2.90665e-16,0.704413
0.07,1,1.49905,-2.23335e-16,0.704364
0.071,1,1.49905,5.76748e-17,0.704314
0.072,1,1.49905,-2.84936e-16,0.704264
0.073,1,1.49905,-1.29232e-16,0.704213
0.074,1,1.49905,-1.14633e-16,0.704161
0.075,1,1.49905,-1.6409e-16,0.704109
0.076,1,1.49905,-2.31142e-16,0.704056
0.077,1,1.49905,5.84354e-17,0.704002
0.078,1,1.49905,6.04477e-17,0.703947
0.079,1,1.49905,-3.17662e-16,0.703892
0.08,1,1.49905,-2.34574e-16,0.703836
0.081,1,1.49905,-2.61872e-16,0.703779
0.082,1,1.49905,-4.29849e-16,0.703722
0.083,1,1.49905,4.89266e-17,0.703664
0.084,1,1.49905,-3.73665e-16,0.703605
0.085,1,1.49905,-1.1951e-16,0.703546
0.086,1,1.49905,-5.38753e-17,0.703485
0.087,1,1.49905,2.97687e-17,0.703425
0.088,1,1.49905,1.39899e-16,0.703363
0.089,1,1.49905,-2.16965e-16,0.703301
0.09,1,1.49905,4.887e-17,0.703238
0.091,1,1.49905,1.9356e-16,0.703174
0.092,1,1.49905,-1.21795e-16,0.70311
0.093,1,1.49905,1.22993e-17,0.703044
0.094,1,1.49905,4.53366e-17,0.702979
0.095,1,1.49905,3.16225e-17,0.702912
0.096,1,1.49905,-2.85374e-16,0.702845
0.097,1,1.49905,-5.21182e-17,0.702777
0.098,1,1.49905,-8.04112e-17,0.702708
0.099,1,1.49905,-1.45159e-16,0.702639
0.1,1,1.49905,4.44129e-18,0.702569
0.101,1,1.49905,2.10113e-16,0.702498
0.102,1,1.49905,2.93687e-16,0.702427
0.103,1,1.49905,-2.59844e-16,0.702355
0.104,1,1.49905,-1.37084e-16,0.702282
0.105,1,1.49905,-7.94763e-17,0.702209
0.106,1,1.49905,-1.69917e-16,0.702134
0.107,1,1.49905,-1.80659e-16,0.702059
0.108,1,1.49905,-5.76467e-17,0.701984
0.109,1,1.49905,-1.50821e-17,0.701908
0.11,1,1.49905,-1.73599e-16,0.70183
0.111,1,1.49905,-2.04152e-16,0.701753
0.112,1,1.49905,-2.39445e-16,0.701674
0.113,1,1.49905,8.97579e-17,0.701595
0.114,1,1.49905,-2.62972e-16,0.701515
0.115,1,1.49905,4.05316e-17,0.701435
0.116,1,1.49905,-1.38825e-16,0.701354
0.117,1,1.49905,-9.66882e-17,0.701272
0.118,1,1.49905,1.4874e-16,0.701189
0.119,1,1.49905,-3.43767e-16,0.701106
0.12,1,1.49905,-5.14196e-17,0.701022
0.121,1,1.49905,-6.81301e-17,0.700937
0.122,1,1.49905,-3.36286e-16,0.700852
0.123,1,1.49905,8.50991e-18,0.700766
0.124,1,1.49905,2.51939e-16,0.700679
0.125,1,1.49905,1.48372e-16,0.700591
0.126,1,1.49905,1.18515e-16,0.700503
0.127,1,1.49905,-9.13102e-17,0.700414
0.128,1,1.49905,2.31163e-16,0.700324
0.129,1,1.49905,3.78378e-17,0.700234
0.13,1,1.49905,-7.31982e-17,0.700143
0.131,1,1.49905,2.13747e-16,0.700051
0.132,1,1.49905,3.03168e-16,0.699959
0.133,1,1.49905,6.50105e-17,0.699866
0.134,1,1.49905,6.69546e-17,0.699772
0.135,1,1.49905,-1.89461e-16,0.699678
0.136,1,1.49905,3.27418e-16,0.699582
0.137,1,1.49905,2.10848e-16,0.699487
0.138,1,1.49905,3.06273e-16,0.69939
0.139,1,1.49905,3.20603e-16,0.699293
0.14,1,1.49905,1.37484e-16,0.699195
0.141,1,1.49905,-1.1999e-17,0.699096
0.142,1,1.49905,2.35423e-17,0.698997
0.143,1,1.49905,-2.24648e-16,0.698896
0.144,1,1.49905,-6.28242e-17,0.698796
0.145,1,1.49905,-4.75584e-17,0.698694
0.146,1,1.49905,9.32169e-17,0.698592
0.147,1,1.49905,3.47953e-16,0.698489
0.148,1,1.49905,-1.56414e-16,0.698386
0.149,1,1.49905,-1.2138e-16,0.698281
0.15,1,1.49905,-1.07432e-16,0.698176
0.151,1,1.49905,-2.1751e-16,0.698071
0.152,1,1.49905,-4.20532e-16,0.697964
0.153,1,1.49905,3.29259e-16,0.697857
0.154,1,1.49905,1.74495e-16,0.697749
0.155,1,1.49905,-1.0413e-16,0.697641
0.156,1,1.49905,-2.56313e-16,0.697532
0.157,1,1.49905,-3.26752e-16,0.697422
0.158,1,1.49905,1.07385e-16,0.697311
0.159,1,1.49905,9.46062e-17,0.6972
0.16,1,1.49905,-1.1347e-16,0.697088
0.161,1,1.49905,-1.34246e-16,0.696976
0.162,1,1.49905,-5.89376e-19,0.696862
0.163,1,1.49905,1.70993e-17,0.696748
0.164,1,1.49905,-2.30065e-16,0.696634
0.165,1,1.49905,8.78938e-17,0.696518
0.166,1,1.49905,-1.14495e-16,0.696402
0.167,1,1.49905,-2.98802e-16,0.696285
0.168,1,1.49905,-1.99797e-16,0.696168
0.169,1,1.49905,-1.5875e-16,0.69605
0.17,1,1.49905,-2.34772e-16,0.695931
0.171,1,1.49905,-2.28169e-16,0.695811
0.172,1,1.49905,-2.4422e-17,0.695691
0.173,1,1.49905,1.21724e-16,0.69557
0.174,1,1.49905,1.23772e-16,0.695448
0.175,1,1.49905,1.76064e-16,0.695326
0.176,1,1.49905,4.17723e-18,0.695203
0.177,1,1.49905,1.66812e-16,0.695079
0.178,1,1.49905,-1.40836e-16,0.694955
0.179,1,1.49905,1.8363e-16,0.69483
0.18,1,1.49905,1.07961e-16,0.694704
0.181,1,1.49905,1.43245e-16,0.694577
0.182,1,1.49905,-4.76021e-17,0.69445
0.183,1,1.49905,-3.24265e-17,0.694322
0.184,1,1.49905,-2.61457e-16,0.694193
0.185,1,1.49905,-1.92797e-17,0.694064
0.186,1,1.49905,-2.69926e-16,0.693934
0.187,1,1.49905,1.07921e-16,0.693804
0.188,1,1.49905,2.22723e-16,0.693672
0.189,1,1.49905,-1.46853e-18,0.69354
0.19,1,1.49905,-1.35985e-16,0.693407
0.191,1,1.49905,-1.93641e-16,0.693274
0.192,1,1.49905,8.17743e-17,0.69314
0.193,1,1.49905,2.61758e-17,0.693005
0.194,1,1.49905,-3.3381e-16,0.692869
0.195,1,1.49905,-2.48881e-17,0.692733
0.196,1,1.49905,-4.60567e-16,0.692596
0.197,1,1.49905,1.39145e-16,0.692459
0.198,1,1.49905,-1.57393e-16,0.69232
0.199,1,1.49905,9.47458e-18,0.692181
0.2,1,1.49905,-4.01294e-16,0.692042
0.201,1,1.49905,-1.45815e-16,0.691901
0.202,1,1.49905,3.39361e-16,0.69176
0.203,1,1.49905,1.97652e-16,0.691619
0.204,1,1.49905,-2.20951e-16,0.691476
0.205,1,1.49905,-3.97203e-16,0.691333
0.206,1,1.49905,1.41194e-16,0.691189
0.207,1,1.49905,-6.44635e-17,0.691045
0.208,1,1.49905,-1.21166e-16,0.6909
0.209,1,1.49905,9.68355e-17,0.690754
0.21,1,1.49905,-1.40878e-16,0.690607
0.211,1,1.49905,-4.59684e-17,0.69046
0.212,1,1.49905,1.33672e-16,0.690312
0.213,1,1.49905,2.3252e-16,0.690163
0.214,1,1.49905,-3.89685e-16,0.690014
0.215,1,1.49905,-1.26346e-16,0.689864
0.216,1,1.49905,1.26055e-16,0.689713
0.217,1,1.49905,8.88307e-17,0.689562
0.218,1,1.49905,8.27339e-17,0.68941
0.219,1,1.49905,6.22567e-17,0.689257
0.22,1,1.49905,2.0071e-16,0.689103
0.221,1,1.49905,6.41022e-17,0.688949
0.222,1,1.49905,-1.1939e-16,0.688795
0.223,1,1.49905,4.56858e-17,0.688639
0.224,1,1.49905,-2.41869e-16,0.688483
0.225,1,1.49905,4.55151e-18,0.688326
0.226,1,1.49905,-1.94002e-16,0.688168
0.227,1,1.49905,-2.23519e-16,0.68801
0.228,1,1.49905,7.86328e-18,0.687851
0.229,1,1.49905,1.07487e-16,0.687691
0.23,1,1.49905,1.91861e-16,0.687531
0.231,1,1.49905,-3.27617e-18,0.68737
0.232,1,1.49905,2.79166e-16,0.687208
0.233,1,1.49905,3.02032e-16,0.687046
0.234,1,1.49905,-1.95174e-16,0.686883
0.235,1,1.49905,-3.43084e-16,0.686719
0.236,1,1.49905,3.48903e-16,0.686555
0.237,1,1.49905,1.51607e-16,0.68639
0.238,1,1.49905,2.24203e-16,0.686224
0.239,1,1.49905,6.25477e-18,0.686057
0.24,1,1.49905,1.65101e-16,0.68589
0.241,1,1.49905,-1.98272e-16,0.685722
0.242,1,1.49905,-1.17091e-16,0.685554
0.243,1,1.49905,-3.64151e-16,0.685384
0.244,1,1.49905,-1.86507e-16,0.685215
0.245,1,1.49905,-1.09232e-16,0.685044
0.246,1,1.49905,-3.33919e-16,0.684873
0.247,1,1.49905,1.55288e-16,0.684701
0.248,1,1.49905,1.96514e-16,0.684528
0.249,1,1.49905,-2.27164e-16,0.684355
0.25,1,1.49905,1.18982e-16,0.684181
0.251,1,1.49905,-1.42137e-16,0.684006
0.252,1,1.49905,9.30094e-17,0.683831
0.253,1,1.49905,-1.79073e-16,0.683655
0.254,1,1.49905,1.824e-17,0.683478
0.255,1,1.49905,-2.10662e-17,0.6833
0.256,1,1.49905,-6.32589e-17,0.683122
0.257,1,1.49905,-1.26412e-16,0.682943
0.258,1,1.49905,4.52688e-17,0.682764
0.259,1,1.49905,-2.22912e-16,0.682584
0.26,1,1.49905,-8.16668e-17,0.682403
0.261,1,1.49905,-5.09911e-17,0.682221
0.262,1,1.49905,-1.26431e-16,0.682039
0.263,1,1.49905,1.84455e-16,0.681856
0.264,1,1.49905,1.68606e-16,0.681673
0.265,1,1.49905,1.09872e-16,0.681489
0.266,1,1.49905,1.87513e-16,0.681304
0.267,1,1.49905,-9.32614e-18,0.681118
0.268,1,1.49905,-6.54207e-17,0.680932
0.269,1,1.49905,-9.3443e-17,0.680745
0.27,1,1.49905,-2.62064e-16,0.680557
0.271,1,1.49905,1.19694e-16,0.680369
0.272,1,1.49905,-2.79725e-16,0.68018
0.273,1,1.49905,-1.25859e-16,0.67999
0.274,1,1.49905,1.44169e-16,0.6798
0.275,1,1.49905,-2.1172e-16,0.679609
0.276,1,1.49905,1.29914e-17,0.679417
0.277,1,1.49905,2.52742e-16,0.679225
0.278,1,1.49905,-1.35001e-17,0.679031
0.279,1,1.49905,6.24095e-18,0.678838
0.28,1,1.49905,-2.08413e-16,0.678643
0.281,1,1.49905,-8.7807e-17,0.678448
0.282,1,1.49905,2.20558e-16,0.678252
0.283,1,1.49905,-2.20703e-17,0.678056
0.284,1,1.49905,-1.90727e-16,0.677859
0.285,1,1.49905,2.5997e-16,0.677661
0.286,1,1.49905,-8.71299e-17,0.677463
0.287,1,1.49905,-2.50457e-16,0.677263
0.288,1,1.49905,4.70963e-17,0.677064
0.289,1,1.49905,-1.62598e-16,0.676863
0.29,1,1.49905,-1.78671e-16,0.676662
0.291,1,1.49905,1.31821e-16,0.67646
0.292,1,1.49905,6.10149e-17,0.676257
0.293,1,1.49905,4.70738e-18,0.676054
0.294,1,1.49905,-2.97204e-16,0.67585
0.295,1,1.49905,-3.44788e-17,0.675646
0.296,1,1.49905,3.33609e-16,0.67544
0.297,1,1.49905,-1.0422e-16,0.675235
0.298,1,1.49905,-2.53571e-16,0.675028
0.299,1,1.49905,5.0147e-18,0.674821
0.3,1,1.49905,-1.98191e-16,0.674613
0.301,1,1.49905,9.64354e-17,0.674404
0.302,1,1.49905,-3.17386e-16,0.674195
0.303,1,1.49905,-3.63804e-16,0.673985
0.304,1,1.49905,-1.50044e-17,0.673774
0.305,1,1.49905,-2.09463e-18,0.673563
0.306,1,1.49905,-4.01108e-17,0.673351
0.307,1,1.49905,-4.37025e-17,0.673138
0.308,1,1.49905,5.31094e-17,0.672925
0.309,1,1.49905,-6.504e-17,0.672711
0.31,1,1.49905,-7.13864e-18,0.672496
0.311,1,1.49905,2.32414e-16,0.672281
0.312,1,1.49905,-1.1169e-16,0.672065
0.313,1,1.49905,-2.97875e-16,0.671848
0.314,1,1.49905,1.19987e-16,0.671631
0.315,1,1.49905,5.6168e-17,0.671413
0.316,1,1.49905,-5.40942e-17,0.671194
0.317,1,1.49905,7.49093e-18,0.670975
0.318,1,1.49905,1.52928e-16,0.670755
0.319,1,1.49905,-9.21013e-17,0.670534
0.32,1,1.49905,-6.11623e-17,0.670313
0.321,1,1.49905,-3.86192e-17,0.670091
0.322,1,1.49905,3.20787e-16,0.669868
0.323,1,1.49905,-1.9082e-16,0.669645
0.324,1,1.49905,-8.57327e-17,0.669421
0.325,1,1.49905,-3.07589e-16,0.669196
0.326,1,1.49905,-4.7425e-16,0.668971
0.327,1,1.49905,-2.72981e-17,0.668745
0.328,1,1.49905,-1.47325e-17,0.668518
0.329,1,1.49905,-3.38663e-16,0.668291
0.33,1,1.49905,2.02128e-16,0.668062
0.331,1,1.49905,9.71292e-17,0.667834
0.332,1,1.49905,-7.67043e-17,0.667604
0.333,1,1.49905,-2.77777e-16,0.667374
0.334,1,1.49905,-2.71807e-16,0.667144
0.335,1,1.49905,-2.41979e-16,0.666912
0.336,1,1.49905,-2.65127e-16,0.66668
0.337,1,1.49905,-2.9227e-16,0.666447
0.338,1,1.49905,-8.37575e-17,0.666214
0.339,1,1.49905,-1.65091e-16,0.66598
0.34,1,1.49905,3.26118e-16,0.665745
0.341,1,1.49905,8.56934e-17,0.66551
0.342,1,1.49905,6.94551e-17,0.665274
0.343,1,1.49905,4.39395e-18,0.665037
0.344,1,1.49905,-5.23335e-17,0.6648
0.345,1,1.49905,-1.73615e-16,0.664562
0.346,1,1.49905,-1.66495e-16,0.664323
0.347,1,1.49905,-1.40913e-17,0.664084
0.348,1,1.49905,-3.63235e-16,0.663844
0.349,1,1.49905,2.55647e-16,0.663603
0.35,1,1.49905,7.96278e-17,0.663362
0.351,1,1.49905,-1.17469e-16,0.66312
0.352,1,1.49905,4.35019e-16,0.662877
0.353,1,1.49905,-1.58247e-16,0.662634
0.354,1,1.49905,4.23454e-17,0.66239
0.355,1,1.49905,3.86425e-17,0.662145
0.356,1,1.49905,-1.12149e-16,0.6619
0.357,1,1.49905,1.97658e-16,0.661654
0.358,1,1.49905,-1.4049e-17,0.661407
0.359,1,1.49905,-1.45567e-16,0.66116
0.36,1,1.49905,-3.23653e-16,0.660912
0.361,1,1.49905,3.48987e-17,0.660664
0.362,1,1.49905,-2.17531e-16,0.660414
0.363,1,1.49905,-1.40031e-16,0.660164
0.364,1,1.49905,-9.6084e-18,0.659914
0.365,1,1.49905,-1.21984e-17,0.659662
0.366,1,1.49905,2.57896e-16,0.659411
0.367,1,1.49905,1.21318e-16,0.659158
0.368,1,1.49905,6.54513e-17,0.658905
0.369,1,1.49905,-1.59803e-16,0.658651
0.37,1,1.49905,3.92942e-17,0.658396
0.371,1,1.49905,-1.83298e-17,0.658141
0.372,1,1.49905,-8.19118e-17,0.657885
0.373,1,1.49905,1.08798e-16,0.657629
0.374,1,1.49905,-1.92579e-16,0.657372
0.375,1,1.49905,-7.61165e-17,0.657114
0.376,1,1.49905,-2.82319e-16,0.656855
0.377,1,1.49905,-3.75056e-17,0.656596
0.378,1,1.49905,-7.12696e-17,0.656337
0.379,1,1.49905,1.34395e-16,0.656076
0.38,1,1.49905,-1.8528e-16,0.655815
0.381,1,1.49905,2.87176e-16,0.655553
0.382,1,1.49905,-2.1403e-16,0.655291
0.383,1,1.49905,-2.11822e-16,0.655028
0.384,1,1.49905,1.20574e-17,0.654764
0.385,1,1.49905,-1.40562e-16,0.6545
0.386,1,1.49905,3.36029e-18,0.654235
0.387,1,1.49905,-1.06024e-16,0.653969
0.388,1,1.49905,-1.16739e-16,0.653703
0.389,1,1.49905,2.23876e-16,0.653436
0.39,1,1.49905,-2.61933e-16,0.653168
0.391,1,1.49905,1.0315e-16,0.6529
0.392,1,1.49905,-1.284e-16,0.652631
0.393,1,1.49905,1.09057e-16,0.652361
0.394,1,1.49905,2.13746e-16,0.652091
0.395,1,1.49905,-1.05649e-16,0.65182
0.396,1,1.49905,-1.54904e-16,0.651549
0.397,1,1.49905,-5.3619e-16,0.651276
0.398,1,1.49905,-1.10153e-16,0.651004
0.399,1,1.49905,-9.78687e-17,0.65073
0.4,1,1.49905,-1.72785e-17,0.650456
0.401,1,1.49905,-1.89503e-16,0.650181
0.402,1,1.49905,2.3e-16,0.649906
0.403,1,1.49905,-6.58598e-17,0.64963
0.404,1,1.49905,1.51107e-16,0.649353
0.405,1,1.49905,3.79302e-16,0.649076
0.406,1,1.49905,-3.02474e-16,0.648798
0.407,1,1.49905,1.28807e-16,0.648519
0.408,1,1.49905,-1.34423e-16,0.64824
0.409,1,1.49905,1.04222e-16,0.64796
0.41,1,1.49905,-3.33743e-16,0.647679
0.411,1,1.49905,-2.99935e-18,0.647398
0.412,1,1.49905,-1.52977e-16,0.647116
0.413,1,1.49905,9.83755e-17,0.646833
0.414,1,1.49905,3.55022e-17,0.64655
0.415,1,1.49905,2.14728e-16,0.646266
0.416,1,1.49905,2.6341e-16,0.645982
0.417,1,1.49905,-8.19127e-18,0.645697
0.418,1,1.49905,6.41785e-17,0.645411
0.419,1,1.49905,1.87733e-16,0.645124
0.42,1,1.49905,-5.70729e-17,0.644837
0.421,1,1.49905,-7.03756e-17,0.64455
0.422,1,1.49905,1.75781e-16,0.644261
0.423,1,1.49905,-2.28175e-16,0.643972
0.424,1,1.49905,7.79111e-17,0.643683
0.425,1,1.49905,-6.10737e-17,0.643392
0.426,1,1.49905,-9.52436e-17,0.643101
0.427,1,1.49905,-1.43681e-16,0.64281
0.428,1,1.49905,2.46696e-16,0.642518
0.429,1,1.49905,-1.40494e-16,0.642225
0.43,1,1.49905,3.45771e-16,0.641931
0.431,1,1.49905,1.06817e-16,0.641637
0.432,1,1.49905,-1.13699e-16,0.641342
0.433,1,1.49905,-1.14072e-16,0.641047
0.434,1,1.49905,-2.72044e-16,0.640751
0.435,1,1.49905,-5.48527e-17,0.640454
0.436,1,1.49905,-4.76437e-17,0.640157
0.437,1,1.49905,-1.73619e-16,0.639859
0.438,1,1.49905,2.135e-17,0.63956
0.439,1,1.49905,-3.08604e-16,0.639261
0.44,1,1.49905,3.26309e-16,0.638961
0.441,1,1.49905,7.2904e-17,0.638661
0.442,1,1.49905,1.95204e-16,0.63836
0.443,1,1.49905,-2.42778e-17,0.638058
0.444,1,1.49905,5.13121e-17,0.637755
0.445,1,1.49905,1.07374e-17,0.637452
0.446,1,1.49905,9.93096e-17,0.637149
0.447,1,1.49905,-4.89074e-16,0.636844
0.448,1,1.49905,-1.10749e-16,0.636539
0.449,1,1.49905,4.92463e-17,0.636234
0.45,1,1.49905,1.69795e-16,0.635927
0.451,1,1.49905,1.37733e-16,0.635621
0.452,1,1.49905,1.41549e-16,0.635313
0.453,1,1.49905,1.55338e-17,0.635005
0.454,1,1.49905,-2.36783e-16,0.634696
0.455,1,1.49905,4.49251e-16,0.634387
0.456,1,1.49905,-2.33498e-17,0.634077
0.457,1,1.49905,-1.76633e-16,0.633766
0.458,1,1.49905,-4.79864e-17,0.633455
0.459,1,1.49905,-2.21191e-16,0.633143
0.46,1,1.49905,-2.00311e-16,0.63283
0.461,1,1.49905,-8.50936e-17,0.632517
0.462,1,1.49905,-8.62835e-17,0.632203
0.463,1,1.49905,-1.39864e-16,0.631889
0.464,1,1.49905,-4.69842e-17,0.631574
0.465,1,1.49905,-4.52838e-16,0.631258
0.466,1,1.49905,3.21332e-16,0.630941
0.467,1,1.49905,-1.70833e-16,0.630624
0.468,1,1.49905,1.22848e-16,0.630307
0.469,1,1.49905,1.05155e-17,0.629989
0.47,1,1.49905,-2.42115e-18,0.62967
0.471,1,1.49905,-2.5127e-16,0.62935
0.472,1,1.49905,2.07981e-16,0.62903
0.473,1,1.49905,3.08162e-16,0.628709
0.474,1,1.49905,-8.84136e-17,0.628388
0.475,1,1.49905,1.26615e-16,0.628066
0.476,1,1.49905,-2.4455e-16,0.627743
0.477,1,1.49905,1.39077e-16,0.62742
0.478,1,1.49905,-2.64948e-17,0.627096
0.479,1,1.49905,-6.62236e-17,0.626772
0.48,1,1.49905,1.84537e-16,0.626446
0.481,1,1.49905,-6.59629e-17,0.626121
0.482,1,1.49905,5.57242e-17,0.625794
0.483,1,1.49905,2.58603e-16,0.625467
0.484,1,1.49905,2.63795e-16,0.625139
0.485,1,1.49905,2.08963e-16,0.624811
0.486,1,1.49905,2.89279e-17,0.624482
0.487,1,1.49905,-3.09657e-16,0.624153
0.488,1,1.49905,1.9513e-17,0.623823
0.489,1,1.49905,5.80218e-17,0.623492
0.49,1,1.49905,-6.62447e-17,0.623161
0.491,1,1.49905,1.5795e-16,0.622828
0.492,1,1.49905,2.5785e-16,0.622496
0.493,1,1.49905,3.60792e-17,0.622163
0.494,1,1.49905,4.88845e-17,0.621829
0.495,1,1.49905,-2.84187e-16,0.621494
0.496,1,1.49905,-2.49002e-16,0.621159
0.497,1,1.49905,7.66907e-17,0.620823
0.498,1,1.49905,3.07734e-16,0.620487
0.499,1,1.49905,1.54095e-16,0.62015
0.5,1,1.49905,2.83305e-16,0.619812
0.501,1,1.49905,-4.06008e-16,0.619474
0.502,1,1.49905,-1.14614e-16,0.619135
0.503,1,1.49905,-1.47501e-16,0.618796
0.504,1,1.49905,-2.25623e-17,0.618456
0.505,1,1.49905,1.28025e-16,0.618115
0.506,1,1.49905,1.97446e-16,0.617774
0.507,1,1.49905,-1.68237e-16,0.617432
0.508,1,1.49905,-4.51066e-16,0.617089
0.509,1,1.49905,-3.90722e-16,0.616746
0.51,1,1.49905,1.13148e-16,0.616403
0.511,1,1.49905,-1.56498e-16,0.616058
0.512,1,1.49905,-1.40628e-16,0.615713
0.513,1,1.49905,-2.21023e-16,0.615368
0.514,1,1.49905,-1.25145e-16,0.615021
0.515,1,1.49905,-5.61936e-17,0.614674
0.516,1,1.49905,-1.3378e-16,0.614327
0.517,1,1.49905,6.35794e-17,0.613979
0.518,1,1.49905,-5.16584e-17,0.61363
0.519,1,1.49905,4.30807e-16,0.613281
0.52,1,1.49905,6.66403e-17,0.612931
0.521,1,1.49905,4.72785e-17,0.612581
0.522,1,1.49905,1.70963e-17,0.612229
0.523,1,1.49905,-7.15118e-17,0.611878
0.524,1,1.49905,2.15504e-16,0.611525
0.525,1,1.49905,-4.64364e-16,0.611172
0.526,1,1.49905,4.73901e-17,0.610819
0.527,1,1.49905,7.98107e-17,0.610465
0.528,1,1.49905,8.91102e-17,0.61011
0.529,1,1.49905,1.4013e-16,0.609754
0.53,1,1.49905,-2.08092e-16,0.609398
0.531,1,1.49905,1.32261e-16,0.609042
0.532,1,1.49905,2.2562e-16,0.608685
0.533,1,1.49905,-4.04981e-16,0.608327
0.534,1,1.49905,1.76713e-16,0.607968
0.535,1,1.49905,-3.73284e-16,0.607609
0.536,1,1.49905,-2.26489e-16,0.60725
0.537,1,1.49905,2.78093e-16,0.606889
0.538,1,1.49905,4.62516e-20,0.606529
0.539,1,1.49905,2.49284e-16,0.606167
0.54,1,1.49905,-2.16915e-16,0.605805
0.541,1,1.49905,4.50445e-17,0.605442
0.542,1,1.49905,-3.06842e-16,0.605079
0.543,1,1.49905,1.65446e-16,0.604715
0.544,1,1.49905,3.68931e-16,0.604351
0.545,1,1.49905,2.437e-16,0.603986
0.546,1,1.49905,-1.95613e-16,0.60362
0.547,1,1.49905,-1.34076e-16,0.603254
0.548,1,1.49905,9.24513e-17,0.602887
0.549,1,1.49905,2.36568e-17,0.602519
0.55,1,1.49905,-3.13035e-16,0.602151
0.551,1,1.49905,-3.6567e-16,0.601782
0.552,1,1.49905,-1.52253e-17,0.601413
0.553,1,1.49905,-4.31127e-18,0.601043
0.554,1,1.49905,-9.58527e-17,0.600673
0.555,1,1.49905,-1.01723e-16,0.600302
0.556,1,1.49905,-3.39485e-18,0.59993
0.557,1,1.49905,2.23675e-16,0.599558
0.558,1,1.49905,1.78661e-16,0.599185
0.559,1,1.49905,-3.75156e-16,0.598811
0.56,1,1.49905,-3.64974e-16,0.598437
0.561,1,1.49905,4.55223e-17,0.598062
0.562,1,1.49905,-1.83827e-17,0.597687
0.563,1,1.49905,3.00274e-16,0.597311
0.564,1,1.49905,1.76496e-16,0.596935
0.565,1,1.49905,7.77068e-17,0.596558
0.566,1,1.49905,-1.77714e-16,0.59618
0.567,1,1.49905,1.63476e-16,0.595802
0.568,1,1.49905,2.90303e-16,0.595423
0.569,1,1.49905,1.5137e-18,0.595043
0.57,1,1.49905,-2.88746e-16,0.594663
0.571,1,1.49905,4.31667e-16,0.594283
0.572,1,1.49905,2.12908e-17,0.593902
0.573,1,1.49905,6.93594e-17,0.59352
0.574,1,1.49905,-9.38509e-17,0.593137
0.575,1,1.49905,-4.10803e-17,0.592754
0.576,1,1.49905,-2.26048e-17,0.592371
0.577,1,1.49905,1.71273e-16,0.591986
0.578,1,1.49905,-1.56994e-16,0.591602
0.579,1,1.49905,-1.84224e-17,0.591216
0.58,1,1.49905,-2.20724e-16,0.59083
0.581,1,1.49905,4.2228e-17,0.590444
0.582,1,1.49905,4.44e-17,0.590057
0.583,1,1.49905,6.8383e-17,0.589669
0.584,1,1.49905,3.43721e-16,0.589281
0.585,1,1.49905,3.67854e-17,0.588892
0.586,1,1.49905,-2.30171e-16,0.588502
0.587,1,1.49905,-3.15018e-16,0.588112
0.588,1,1.49905,-4.64288e-17,0.587721
0.589,1,1.49905,1.61576e-16,0.58733
0.59,1,1.49905,2.67875e-16,0.586938
0.591,1,1.49905,-9.03951e-17,0.586546
0.592,1,1.49905,-9.15868e-18,0.586153
0.593,1,1.49905,-1.07113e-16,0.585759
0.594,1,1.49905,-1.8815e-16,0.585365
0.595,1,1.49905,2.75009e-16,0.58497
0.596,1,1.49905,-1.10677e-16,0.584575
0.597,1,1.49905,-4.16033e-16,0.584179
0.598,1,1.49905,-2.47229e-17,0.583782
0.599,1,1.49905,-2.09036e-16,0.583385
0.6,1,1.49905,-2.51603e-16,0.582988
0.601,1,1.49905,-1.28306e-16,0.582589
0.602,1,1.49905,-1.5991e-16,0.582191
0.603,1,1.49905,-1.7372e-16,0.581791
0.604,1,1.49905,2.9823e-16,0.581391
0.605,1,1.49905,4.69642e-17,0.58099
0.606,1,1.49905,-1.55097e-16,0.580589
0.607,1,1.49905,6.02175e-17,0.580188
0.608,1,1.49905,-1.28791e-16,0.579785
0.609,1,1.49905,3.5675e-17,0.579382
0.61,1,1.49905,2.96418e-16,0.578979
0.611,1,1.49905,2.96379e-17,0.578575
0.612,1,1.49905,-3.79241e-16,0.57817
0.613,1,1.49905,-2.93794e-16,0.577765
0.614,1,1.49905,-1.48104e-16,0.577359
0.615,1,1.49905,-2.65405e-16,0.576953
0.616,1,1.49905,4.96817e-17,0.576546
0.617,1,1.49905,2.60527e-16,0.576138
0.618,1,1.49905,1.1316e-17,0.57573
0.619,1,1.49905,-2.37384e-16,0.575321
0.62,1,1.49905,9.53369e-17,0.574912
0.621,1,1.49905,-9.03226e-17,0.574502
0.622,1,1.49905,-5.07799e-17,0.574092
0.623,1,1.49905,-1.68535e-16,0.573681
0.624,1,1.49905,-2.71826e-16,0.573269
0.625,1,1.49905,2.32539e-16,0.572857
0.626,1,1.49905,8.55501e-17,0.572445
0.627,1,1.49905,5.76289e-17,0.572031
0.628,1,1.49905,-3.43385e-16,0.571618
0.629,1,1.49905,-1.09223e-17,0.571203
0.63,1,1.49905,-9.90904e-17,0.570788
0.631,1,1.49905,2.35304e-16,0.570373
0.632,1,1.49905,-6.72623e-17,0.569957
0.633,1,1.49905,-9.07645e-17,0.56954
0.634,1,1.49905,-2.3656e-16,0.569123
0.635,1,1.49905,-3.03002e-16,0.568705
0.636,1,1.49905,-6.15481e-17,0.568286
0.637,1,1.49905,-2.8685e-16,0.567867
0.638,1,1.49905,-3.60307e-16,0.567448
0.639,1,1.49905,1.11792e-16,0.567028
0.64,1,1.49905,-1.34434e-16,0.566607
0.641,1,1.49905,-1.30178e-16,0.566186
0.642,1,1.49905,-9.50593e-17,0.565764
0.643,1,1.49905,-4.87641e-16,0.565342
0.644,1,1.49905,-3.04355e-17,0.564919
0.645,1,1.49905,1.28452e-16,0.564496
0.646,1,1.49905,-9.99584e-17,0.564071
0.647,1,1.49905,6.44102e-17,0.563647
0.648,1,1.49905,1.51272e-16,0.563222
0.649,1,1.49905,-2.86603e-16,0.562796
0.65,1,1.49905,7.09798e-17,0.56237
0.651,1,1.49905,8.03468e-17,0.561943
0.652,1,1.49905,2.08635e-16,0.561515
0.653,1,1.49905,1.96399e-16,0.561087
0.654,1,1.49905,-6.88138e-17,0.560659
0.655,1,1.49905,-2.9937e-16,0.56023
0.656,1,1.49905,7.26399e-17,0.5598
0.657,1,1.49905,-2.77883e-16,0.55937
0.658,1,1.49905,1.23949e-16,0.558939
0.659,1,1.49905,2.02099e-16,0.558508
0.66,1,1.49905,-2.28582e-16,0.558076
0.661,1,1.49905,-8.02564e-17,0.557644
0.662,1,1.49905,1.76224e-16,0.557211
0.663,1,1.49905,-1.34767e-16,0.556777
0.664,1,1.49905,5.07944e-17,0.556343
0.665,1,1.49905,-2.43591e-17,0.555908
0.666,1,1.49905,-1.9504e-16,0.555473
0.667,1,1.49905,-2.6202e-16,0.555037
0.668,1,1.49905,-6.73153e-16,0.554601
0.669,1,1.49905,-2.42197e-17,0.554164
0.67,1,1.49905,4.23345e-18,0.553727
0.671,1,1.49905,6.02744e-17,0.553289
0.672,1,1.49905,-8.67625e-18,0.55285
0.673,1,1.49905,-3.75166e-17,0.552411
0.674,1,1.49905,1.37625e-16,0.551971
0.675,1,1.49905,-2.86377e-16,0.551531
0.676,1,1.49905,7.69925e-17,0.551091
0.677,1,1.49905,2.98204e-16,0.550649
0.678,1,1.49905,-1.55834e-16,0.550207
0.679,1,1.49905,-3.11675e-16,0.549765
0.68,1,1.49905,1.37433e-17,0.549322
0.681,1,1.49905,7.38728e-17,0.548879
0.682,1,1.49905,-4.87491e-17,0.548435
0.683,1,1.49905,-2.21656e-16,0.54799
0.684,1,1.49905,-2.93052e-16,0.547545
0.685,1,1.49905,-9.77345e-17,0.547099
0.686,1,1.49905,-7.81992e-17,0.546653
0.687,1,1.49905,-2.02519e-16,0.546206
0.688,1,1.49905,-2.94609e-16,0.545759
0.689,1,1.49905,1.30098e-16,0.545311
0.69,1,1.49905,-3.25129e-18,0.544863
0.691,1,1.49905,-1.81796e-17,0.544414
0.692,1,1.49905,-7.95294e-17,0.543964
0.693,1,1.49905,-2.41475e-16,0.543514
0.694,1,1.49905,-1.60641e-16,0.543064
0.695,1,1.49905,-3.4128e-16,0.542612
0.696,1,1.49905,-1.09102e-16,0.542161
0.697,1,1.49905,1.95638e-17,0.541709
0.698,1,1.49905,-2.86008e-16,0.541256
0.699,1,1.49905,-1.40688e-16,0.540803
0.7,1,1.49905,2.34572e-16,0.540349
0.701,1,1.49905,-3.52265e-16,0.539894
0.702,1,1.49905,1.14409e-16,0.53944
0.703,1,1.49905,1.51649e-17,0.538984
0.704,1,1.49905,-3.38652e-17,0.538528
0.705,1,1.49905,-8.3658e-17,0.538072
0.706,1,1.49905,-9.5014e-17,0.537615
0.707,1,1.49905,1.26368e-16,0.537157
0.708,1,1.49905,7.24955e-18,0.536699
0.709,1,1.49905,-6.42228e-18,0.53624
0.71,1,1.49905,-7.14703e-18,0.535781
0.711,1,1.49905,2.05969e-17,0.535321
0.712,1,1.49905,-2.91769e-16,0.534861
0.713,1,1.49905,-1.90494e-16,0.5344
0.714,1,1.49905,-3.4861e-16,0.533939
0.715,1,1.49905,1.64977e-16,0.533477
0.716,1,1.49905,-1.80765e-17,0.533015
0.717,1,1.49905,2.2895e-17,0.532552
0.718,1,1.49905,-2.62695e-16,0.532088
0.719,1,1.49905,-1.61299e-17,0.531624
0.72,1,1.49905,-3.4701e-18,0.53116
0.721,1,1.49905,-2.84907e-16,0.530695
0.722,1,1.49905,-1.97953e-16,0.530229
0.723,1,1.49905,-2.0112e-16,0.529763
0.724,1,1.49905,-1.84334e-16,0.529296
0.725,1,1.49905,2.90657e-18,0.528829
0.726,1,1.49905,-4.20713e-16,0.528362
0.727,1,1.49905,-1.75963e-16,0.527893
0.728,1,1.49905,-1.88347e-16,0.527425
0.729,1,1.49905,-3.45725e-16,0.526955
0.73,1,1.49905,3.10881e-16,0.526486
0.731,1,1.49905,2.04013e-16,0.526015
0.732,1,1.49905,2.41529e-16,0.525544
0.733,1,1.49905,-7.91103e-17,0.525073
0.734,1,1.49905,-4.68014e-17,0.524601
0.735,1,1.49905,3.88423e-16,0.524129
0.736,1,1.49905,2.687e-17,0.523656
0.737,1,1.49905,-2.61013e-16,0.523182
0.738,1,1.49905,-9.88186e-17,0.522708
0.739,1,1.49905,-1.25168e-16,0.522234
0.74,1,1.49905,1.28728e-16,0.521759
0.741,1,1.49905,-2.2216e-16,0.521283
0.742,1,1.49905,-5.34229e-17,0.520807
0.743,1,1.49905,-8.61628e-17,0.520331
0.744,1,1.49905,-2.07793e-16,0.519853
0.745,1,1.49905,-7.1523e-17,0.519376
0.746,1,1.49905,-1.69414e-16,0.518898
0.747,1,1.49905,-9.50065e-17,0.518419
0.748,1,1.49905,-3.21371e-16,0.51794
0.749,1,1.49905,-2.11582e-16,0.51746
0.75,1,1.49905,-8.5677e-17,0.51698
0.751,1,1.49905,-2.45735e-16,0.516499
0.752,1,1.49905,1.45948e-16,0.516018
0.753,1,1.49905,6.90247e-17,0.515536
0.754,1,1.49905,-8.31321e-17,0.515054
0.755,1,1.49905,-2.7324e-16,0.514571
0.756,1,1.49905,-5.62015e-17,0.514088
0.757,1,1.49905,-1.31305e-16,0.513604
0.758,1,1.49905,1.14282e-16,0.51312
0.759,1,1.49905,1.26276e-16,0.512635
0.76,1,1.49905,1.12631e-16,0.512149
0.761,1,1.49905,1.44681e-16,0.511664
0.762,1,1.49905,-1.31107e-16,0.511177
0.763,1,1.49905,-1.45812e-16,0.51069
0.764,1,1.49905,2.6317e-16,0.510203
0.765,1,1.49905,-1.93528e-16,0.509715
0.766,1,1.49905,-6.75545e-17,0.509227
0.767,1,1.49905,4.60552e-17,0.508738
0.768,1,1.49905,-3.08734e-16,0.508248
0.769,1,1.49905,-1.50714e-16,0.507758
0.77,1,1.49905,-1.7658e-16,0.507268
0.771,1,1.49905,-3.66083e-16,0.506777
0.772,1,1.49905,-2.31038e-16,0.506285
0.773,1,1.49905,-4.40552e-17,0.505793
0.774,1,1.49905,3.79138e-16,0.505301
0.775,1,1.49905,-7.14737e-16,0.504808
0.776,1,1.49905,2.46326e-17,0.504315
0.777,1,1.49905,1.92598e-16,0.503821
0.778,1,1.49905,2.31434e-16,0.503326
0.779,1,1.49905,-1.72488e-16,0.502831
0.78,1,1.49905,-5.55644e-16,0.502336
0.781,1,1.49905,1.65935e-16,0.50184
0.782,1,1.49905,-1.99169e-16,0.501343
0.783,1,1.49905,-4.09516e-16,0.500846
0.784,1,1.49905,-1.36189e-16,0.500349
0.785,1,1.49905,-3.27456e-16,0.499851
0.786,1,1.49905,-2.54347e-17,0.499352
0.787,1,1.49905,-3.90098e-16,0.498853
0.788,1,1.49905,-9.09692e-17,0.498354
0.789,1,1.49905,-7.58772e-17,0.497854
0.79,1,1.49905,8.00959e-17,0.497353
0.791,1,1.49905,-1.26343e-16,0.496852
0.792,1,1.49905,-1.92384e-16,0.496351
0.793,1,1.49905,2.60217e-16,0.495849
0.794,1,1.49905,5.82296e-17,0.495346
0.795,1,1.49905,-1.51499e-16,0.494843
0.796,1,1.49905,-9.48738e-17,0.49434
0.797,1,1.49905,6.9859e-17,0.493836
0.798,1,1.49905,1.52879e-16,0.493332
0.799,1,1.49905,-3.99185e-16,0.492827
0.8,1,1.49905,1.51555e-17,0.492321
0.801,1,1.49905,4.37991e-17,0.491815
0.802,1,1.49905,-1.63639e-16,0.491309
0.803,1,1.49905,1.47325e-16,0.490802
0.804,1,1.49905,-3.69952e-17,0.490295
0.805,1,1.49905,-1.5698e-16,0.489787
0.806,1,1.49905,-2.45858e-16,0.489278
0.807,1,1.49905,-2.03942e-18,0.48877
0.808,1,1.49905,2.06083e-16,0.48826
0.809,1,1.49905,-3.38921e-16,0.48775
0.81,1,1.49905,-2.5758e-16,0.48724
0.811,1,1.49905,3.66622e-17,0.486729
0.812,1,1.49905,4.51901e-17,0.486218
0.813,1,1.49905,-9.60333e-17,0.485706
0.814,1,1.49905,2.29289e-16,0.485194
0.815,1,1.49905,-1.90769e-16,0.484681
0.816,1,1.49905,-1.39146e-16,0.484168
0.817,1,1.49905,-1.07501e-16,0.483654
0.818,1,1.49905,-3.21707e-16,0.48314
0.819,1,1.49905,2.12455e-16,0.482625
0.82,1,1.49905,2.49811e-17,0.48211
0.821,1,1.49905,-1.65572e-16,0.481595
0.822,1,1.49905,-2.42396e-16,0.481079
0.823,1,1.49905,-4.64305e-16,0.480562
0.824,1,1.49905,-4.44139e-17,0.480045
0.825,1,1.49905,-1.85415e-16,0.479527
0.826,1,1.49905,-2.18652e-16,0.479009
0.827,1,1.49905,-3.20718e-16,0.478491
0.828,1,1.49905,-3.83174e-16,0.477972
0.829,1,1.49905,3.78506e-17,0.477452
0.83,1,1.49905,-1.07244e-16,0.476932
0.831,1,1.49905,-1.27256e-16,0.476412
0.832,1,1.49905,1.58729e-16,0.475891
0.833,1,1.49905,1.72128e-17,0.47537
0.834,1,1.49905,-9.08458e-17,0.474848
0.835,1,1.49905,-1.81716e-16,0.474326
0.836,1,1.49905,-4.1716e-16,0.473803
0.837,1,1.49905,-2.17527e-17,0.47328
0.838,1,1.49905,-2.7247e-16,0.472756
0.839,1,1.49905,-4.2294e-16,0.472232
0.84,1,1.49905,4.88264e-18,0.471707
0.841,1,1.49905,-4.68949e-17,0.471182
0.842,1,1.49905,1.36543e-16,0.470656
0.843,1,1.49905,-1.49947e-16,0.47013
0.844,1,1.49905,-2.62174e-16,0.469603
0.845,1,1.49905,1.04314e-16,0.469076
0.846,1,1.49905,-2.12445e-16,0.468549
0.847,1,1.49905,-1.8399e-16,0.468021
0.848,1,1.49905,-7.41138e-17,0.467493
0.849,1,1.49905,-1.09774e-16,0.466964
0.85,1,1.49905,-7.60532e-17,0.466434
0.851,1,1.49905,2.77582e-16,0.465905
0.852,1,1.49905,-1.00109e-16,0.465374
0.853,1,1.49905,-1.04973e-16,0.464843
0.854,1,1.49905,4.37276e-17,0.464312
0.855,1,1.49905,-2.60823e-17,0.463781
0.856,1,1.49905,-4.30329e-17,0.463248
0.857,1,1.49905,-2.42945e-16,0.462716
0.858,1,1.49905,-3.24613e-18,0.462183
0.859,1,1.49905,-2.33662e-16,0.461649
0.86,1,1.49905,1.25593e-16,0.461115
0.861,1,1.49905,-2.01857e-16,0.460581
0.862,1,1.49905,-1.69246e-16,0.460046
0.863,1,1.49905,-4.73931e-16,0.45951
0.864,1,1.49905,5.23599e-17,0.458975
0.865,1,1.49905,-2.89776e-16,0.458438
0.866,1,1.49905,-2.9668e-16,0.457902
0.867,1,1.49905,-5.2399e-16,0.457364
0.868,1,1.49905,1.784e-16,0.456827
0.869,1,1.49905,-8.15271e-17,0.456289
0.87,1,1.49905,5.86509e-17,0.45575
0.871,1,1.49905,1.43734e-16,0.455211
0.872,1,1.49905,-9.06376e-17,0.454672
0.873,1,1.49905,-2.65107e-16,0.454132
0.874,1,1.49905,-1.97196e-16,0.453591
0.875,1,1.49905,2.54321e-16,0.45305
0.876,1,1.49905,-1.71628e-16,0.452509
0.877,1,1.49905,-2.26159e-16,0.451967
0.878,1,1.49905,3.40824e-17,0.451425
0.879,1,1.49905,6.69857e-17,0.450882
0.88,1,1.49905,-9.08007e-17,0.450339
0.881,1,1.49905,-2.87029e-16,0.449796
0.882,1,1.49905,-2.046e-16,0.449252
0.883,1,1.49905,-1.51646e-16,0.448707
0.884,1,1.49905,-9.43027e-17,0.448163
0.885,1,1.49905,6.19652e-17,0.447617
0.886,1,1.49905,-3.34037e-16,0.447071
0.887,1,1.49905,-6.58887e-16,0.446525
0.888,1,1.49905,-1.53267e-16,0.445978
0.889,1,1.49905,-4.1248e-16,0.445431
0.89,1,1.49905,-2.08582e-16,0.444884
0.891,1,1.49905,-2.13649e-16,0.444336
0.892,1,1.49905,-4.54044e-17,0.443787
0.893,1,1.49905,-4.26041e-16,0.443238
0.894,1,1.49905,8.71259e-17,0.442689
0.895,1,1.49905,-6.95333e-17,0.442139
0.896,1,1.49905,-1.51554e-16,0.441589
0.897,1,1.49905,-2.13637e-16,0.441038
0.898,1,1.49905,1.88906e-16,0.440487
0.899,1,1.49905,-2.45479e-16,0.439936
0.9,1,1.49905,-2.9575e-18,0.439384
0.901,1,1.49905,-1.18679e-16,0.438831
0.902,1,1.49905,-5.81532e-17,0.438279
0.903,1,1.49905,2.65335e-16,0.437725
0.904,1,1.49905,-4.46049e-16,0.437172
0.905,1,1.49905,1.59499e-16,0.436617
0.906,1,1.49905,-1.50228e-16,0.436063
0.907,1,1.49905,-1.65399e-16,0.435508
0.908,1,1.49905,-2.13702e-16,0.434952
0.909,1,1.49905,-3.52127e-16,0.434396
0.91,1,1.49905,-8.09741e-17,0.43384
0.911,1,1.49905,-4.29558e-16,0.433283
0.912,1,1.49905,-2.7647e-16,0.432726
0.913,1,1.49905,-2.32749e-17,0.432168
0.914,1,1.49905,-1.17105e-16,0.43161
0.915,1,1.49905,3.10306e-17,0.431052
0.916,1,1.49905,-2.78344e-16,0.430493
0.917,1,1.49905,-1.37598e-17,0.429933
0.918,1,1.49905,1.08357e-16,0.429374
0.919,1,1.49905,-8.44949e-17,0.428813
0.92,1,1.49905,2.75072e-16,0.428253
0.921,1,1.49905,4.01519e-17,0.427692
0.922,1,1.49905,-1.12307e-16,0.42713
0.923,1,1.49905,-1.26779e-17,0.426568
0.924,1,1.49905,1.34586e-16,0.426006
0.925,1,1.49905,-1.52242e-16,0.425443
0.926,1,1.49905,-8.29239e-17,0.42488
0.927,1,1.49905,-5.23682e-16,0.424316
0.928,1,1.49905,-1.59912e-17,0.423752
0.929,1,1.49905,9.05884e-17,0.423188
0.93,1,1.49905,-1.54789e-16,0.422623
0.931,1,1.49905,1.85645e-17,0.422058
0.932,1,1.49905,2.91234e-17,0.421492
0.933,1,1.49905,-2.77533e-18,0.420926
0.934,1,1.49905,-2.58509e-16,0.420359
0.935,1,1.49905,-2.78606e-17,0.419792
0.936,1,1.49905,-4.24884e-16,0.419225
0.937,1,1.49905,1.01306e-16,0.418657
0.938,1,1.49905,-1.57248e-17,0.418089
0.939,1,1.49905,2.94062e-17,0.41752
0.94,1,1.49905,-3.71763e-17,0.416951
0.941,1,1.49905,8.20872e-17,0.416381
0.942,1,1.49905,4.72483e-17,0.415811
0.943,1,1.49905,-2.30947e-16,0.415241
0.944,1,1.49905,-5.08663e-17,0.41467
0.945,1,1.49905,-2.01445e-16,0.414099
0.946,1,1.49905,-1.73549e-16,0.413528
0.947,1,1.49905,2.38086e-16,0.412956
0.948,1,1.49905,-1.0669e-17,0.412383
0.949,1,1.49905,-2.49669e-16,0.41181
0.95,1,1.49905,-8.74109e-18,0.411237
0.951,1,1.49905,-2.25155e-16,0.410664
0.952,1,1.49905,9.72733e-17,0.410089
0.953,1,1.49905,-6.3341e-16,0.409515
0.954,1,1.49905,-1.24178e-16,0.40894
0.955,1,1.49905,1.562e-17,0.408365
0.956,1,1.49905,-1.5827e-17,0.407789
0.957,1,1.49905,-2.21135e-16,0.407213
0.958,1,1.49905,-1.80767e-16,0.406637
0.959,1,1.49905,2.94471e-16,0.40606
0.96,1,1.49905,-2.84848e-18,0.405482
0.961,1,1.49905,-4.87596e-17,0.404905
0.962,1,1.49905,-9.72933e-17,0.404327
0.963,1,1.49905,1.73488e-16,0.403748
0.964,1,1.49905,-1.19638e-16,0.403169
0.965,1,1.49905,-2.09576e-16,0.40259
0.966,1,1.49905,-4.86621e-16,0.40201
0.967,1,1.49905,1.20414e-16,0.40143
0.968,1,1.49905,2.8946e-17,0.400849
0.969,1,1.49905,1.39778e-16,0.400269
0.97,1,1.49905,1.22363e-16,0.399687
0.971,1,1.49905,-1.82139e-16,0.399105
0.972,1,1.49905,-2.56012e-17,0.398523
0.973,1,1.49905,2.04308e-17,0.397941
0.974,1,1.49905,-9.00152e-17,0.397358
0.975,1,1.49905,-1.488e-16,0.396775
0.976,1,1.49905,-3.30774e-16,0.396191
0.977,1,1.49905,3.79133e-17,0.395607
0.978,1,1.49905,1.54769e-17,0.395022
0.979,1,1.49905,-2.46542e-16,0.394437
0.98,1,1.49905,-4.77093e-17,0.393852
0.981,1,1.49905,3.33682e-16,0.393266
0.982,1,1.49905,2.44212e-16,0.39268
0.983,1,1.49905,3.16646e-16,0.392094
0.984,1,1.49905,-8.46998e-17,0.391507
0.985,1,1.49905,-6.18302e-17,0.39092
0.986,1,1.49905,-2.46218e-16,0.390332
0.987,1,1.49905,2.93987e-17,0.389744
0.988,1,1.49905,1.73265e-17,0.389156
0.989,1,1.49905,-2.46801e-16,0.388567
0.99,1,1.49905,1.1186e-16,0.387978
0.991,1,1.49905,-1.19232e-16,0.387388
0.992,1,1.49905,-1.76426e-16,0.386798
0.993,1,1.49905,-2.82976e-16,0.386208
0.994,1,1.49905,-2.01546e-16,0.385617
0.995,1,1.49905,-1.70021e-16,0.385026
0.996,1,1.49905,-2.62581e-16,0.384434
0.997,1,1.49905,7.3305e-17,0.383843
0.998,1,1.49905,-8.08365e-17,0.38325
0.999,1,1.49905,-1.1483e-16,0.382658
1,1,1.49905,-2.76337e-16,0.382065
1.001,1,1.49905,-3.2224e-16,0.381471
1.002,1,1.49905,1.01723e-16,0.380877
1.003,1,1.49905,-6.2657e-17,0.380283
1.004,1,1.49905,-2.7464e-16,0.379689
1.005,1,1.49905,-1.72567e-16,0.379094
1.006,1,1.49905,-2.82794e-16,0.378498
1.007,1,1.49905,-1.24518e-16,0.377903
1.008,1,1.49905,-1.96745e-16,0.377307
1.009,1,1.49905,7.38399e-17,0.37671
1.01,1,1.49905,-8.02174e-17,0.376113
1.011,1,1.49905,1.86641e-16,0.375516
1.012,1,1.49905,-2.82583e-16,0.374919
1.013,1,1.49905,-2.66192e-17,0.374321
1.014,1,1.49905,-6.64387e-17,0.373722
1.015,1,1.49905,-2.61942e-16,0.373124
1.016,1,1.49905,1.96525e-17,0.372524
1.017,1,1.49905,-3.08381e-17,0.371925
1.018,1,1.49905,-2.23906e-16,0.371325
1.019,1,1.49905,1.88055e-16,0.370725
1.02,1,1.49905,-1.05075e-16,0.370124
1.021,1,1.49905,-1.99692e-16,0.369524
1.022,1,1.49905,-1.0896e-16,0.368922
1.023,1,1.49905,6.54454e-18,0.368321
1.024,1,1.49905,6.1638e-17,0.367719
1.025,1,1.49905,2.65134e-18,0.367116
1.026,1,1.49905,-9.88956e-17,0.366513
1.027,1,1.49905,-2.17187e-16,0.36591
1.028,1,1.49905,-3.7955e-17,0.365307
1.029,1,1.49905,-2.45295e-16,0.364703
1.03,1,1.49905,-2.3732e-16,0.364099
1.031,1,1.49905,-7.77318e-17,0.363494
1.032,1,1.49905,-1.38272e-16,0.362889
1.033,1,1.49905,-1.69207e-16,0.362284
1.034,1,1.49905,7.93552e-17,0.361678
1.035,1,1.49905,-1.93029e-16,0.361072
1.036,1,1.49905,-3.88835e-17,0.360466
1.037,1,1.49905,-1.65694e-16,0.359859
1.038,1,1.49905,2.47939e-16,0.359252
1.039,1,1.49905,-3.05612e-16,0.358644
1.04,1,1.49905,9.35508e-18,0.358037
1.041,1,1.49905,-5.45811e-16,0.357428
1.042,1,1.49905,8.20595e-17,0.35682
1.043,1,1.49905,-1.64327e-16,0.356211
1.044,1,1.49905,-2.25954e-16,0.355602
1.045,1,1.49905,4.37527e-16,0.354992
1.046,1,1.49905,-4.59954e-17,0.354382
1.047,1,1.49905,-1.30432e-16,0.353772
1.048,1,1.49905,-1.72671e-16,0.353161
1.049,1,1.49905,8.85355e-17,0.35255
1.05,1,1.49905,7.33041e-17,0.351939
1.051,1,1.49905,1.88578e-16,0.351327
1.052,1,1.49905,-2.65575e-16,0.350715
1.053,1,1.49905,-4.85832e-16,0.350103
1.054,1,1.49905,-1.22971e-16,0.34949
1.055,1,1.49905,-2.82981e-16,0.348877
1.056,1,1.49905,-6.98565e-17,0.348263
1.057,1,1.49905,-1.28422e-16,0.347649
1.058,1,1.49905,3.04023e-17,0.347035
1.059,1,1.49905,-4.16375e-17,0.346421
1.06,1,1.49905,2.12239e-17,0.345806
1.061,1,1.49905,-9.01611e-17,0.345191
1.062,1,1.49905,-1.52258e-16,0.344575
1.063,1,1.49905,3.40722e-17,0.343959
1.064,1,1.49905,-1.24607e-16,0.343343
1.065,1,1.49905,-6.21461e-17,0.342726
1.066,1,1.49905,-1.52531e-16,0.342109
1.067,1,1.49905,5.3454e-17,0.341492
1.068,1,1.49905,2.37968e-16,0.340875
1.069,1,1.49905,-3.03193e-16,0.340257
1.07,1,1.49905,-1.78621e-18,0.339638
1.071,1,1.49905,1.34792e-16,0.33902
1.072,1,1.49905,-1.44461e-16,0.338401
1.073,1,1.49905,2.03347e-16,0.337781
1.074,1,1.49905,-5.5017e-18,0.337162
1.075,1,1.49905,-1.10253e-16,0.336542
1.076,1,1.49905,-3.99568e-17,0.335922
1.077,1,1.49905,-9.17031e-18,0.335301
1.078,1,1.49905,2.46571e-16,0.33468
1.079,1,1.49905,2.3005e-16,0.334059
1.08,1,1.49905,-2.27397e-17,0.333437
1.081,1,1.49905,-1.85391e-16,0.332815
1.082,1,1.49905,6.25747e-17,0.332193
1.083,1,1.49905,9.0938e-17,0.33157
1.084,1,1.49905,1.50115e-16,0.330947
1.085,1,1.49905,-7.57462e-17,0.330324
1.086,1,1.49905,-1.91814e-16,0.3297
1.087,1,1.49905,-1.43375e-16,0.329076
1.088,1,1.49905,-5.80812e-17,0.328452
1.089,1,1.49905,3.55613e-16,0.327827
1.09,1,1.49905,1.02075e-16,0.327202
1.091,1,1.49905,-8.29649e-17,0.326577
1.092,1,1.49905,8.69045e-18,0.325951
1.093,1,1.49905,-8.89527e-17,0.325326
1.094,1,1.49905,-2.98219e-16,0.324699
1.095,1,1.49905,-2.11196e-16,0.324073
1.096,1,1.49905,-1.87375e-16,0.323446
1.097,1,1.49905,-1.61066e-16,0.322819
1.098,1,1.49905,2.57051e-16,0.322191
1.099,1,1.49905,-2.91144e-16,0.321563
1.1,1,1.49905,-6.94308e-17,0.320935
1.101,1,1.49905,1.47894e-16,0.320307
1.102,1,1.49905,-1.25288e-16,0.319678
1.103,1,1.49905,-3.66761e-17,0.319049
1.104,1,1.49905,1.18128e-16,0.318419
1.105,1,1.49905,-5.12583e-18,0.317789
1.106,1,1.49905,1.44855e-16,0.317159
1.107,1,1.49905,2.18562e-17,0.316529
1.108,1,1.49905,-7.91257e-17,0.315898
1.109,1,1.49905,-2.38221e-16,0.315267
1.11,1,1.49905,-1.69455e-16,0.314636
1.111,1,1.49905,-1.25741e-16,0.314004
1.112,1,1.49905,-1.38971e-16,0.313372
1.113,1,1.49905,-5.45023e-17,0.31274
1.114,1,1.49905,8.29027e-17,0.312107
1.115,1,1.49905,-9.76293e-17,0.311474
1.116,1,1.49905,2.52986e-16,0.310841
1.117,1,1.49905,-4.86676e-17,0.310207
1.118,1,1.49905,-1.91087e-16,0.309574
1.119,1,1.49905,-1.07803e-16,0.308939
1.12,1,1.49905,-8.89054e-18,0.308305
1.121,1,1.49905,-1.54563e-16,0.30767
1.122,1,1.49905,-1.00546e-16,0.307035
1.123,1,1.49905,2.5731e-16,0.3064
1.124,1,1.49905,-1.45607e-16,0.305764
1.125,1,1.49905,-4.29761e-16,0.305128
1.126,1,1.49905,-1.76982e-16,0.304492
1.127,1,1.49905,-2.66653e-16,0.303855
1.128,1,1.49905,3.67308e-17,0.303218
1.129,1,1.49905,-2.90263e-16,0.302581
1.13,1,1.49905,-1.20826e-17,0.301943
1.131,1,1.49905,4.08202e-17,0.301306
1.132,1,1.49905,1.21305e-16,0.300668
1.133,1,1.49905,4.3106e-17,0.300029
1.134,1,1.49905,7.57647e-18,0.29939
1.135,1,1.49905,-1.00211e-16,0.298751
1.136,1,1.49905,-2.24981e-16,0.298112
1.137,1,1.49905,-1.12789e-16,0.297472
1.138,1,1.49905,-9.30866e-17,0.296833
1.139,1,1.49905,8.13378e-17,0.296192
1.14,1,1.49905,-2.07801e-16,0.295552
1.141,1,1.49905,-2.37816e-17,0.294911
1.142,1,1.49905,-1.43801e-17,0.29427
1.143,1,1.49905,1.12772e-16,0.293629
1.144,1,1.49905,5.60933e-17,0.292987
1.145,1,1.49905,1.84392e-16,0.292345
1.146,1,1.49905,-1.28812e-16,0.291703
1.147,1,1.49905,-1.53065e-16,0.29106
1.148,1,1.49905,-1.43422e-16,0.290417
1.149,1,1.49905,-8.99804e-17,0.289774
1.15,1,1.49905,-2.44306e-16,0.289131
1.151,1,1.49905,-5.34061e-17,0.288487
1.152,1,1.49905,3.20905e-16,0.287843
1.153,1,1.49905,3.5724e-16,0.287199
1.154,1,1.49905,-2.64259e-16,0.286554
1.155,1,1.49905,8.84972e-17,0.285909
1.156,1,1.49905,1.03584e-16,0.285264
1.157,1,1.49905,-7.38039e-17,0.284619
1.158,1,1.49905,-5.20421e-16,0.283973
1.159,1,1.49905,-9.91027e-17,0.283327
1.16,1,1.49905,-3.70976e-17,0.282681
1.161,1,1.49905,-2.5962e-16,0.282034
1.162,1,1.49905,-8.63945e-17,0.281387
1.163,1,1.49905,-1.77515e-16,0.28074
1.164,1,1.49905,-1.10904e-16,0.280093
1.165,1,1.49905,1.7629e-16,0.279445
1.166,1,1.49905,-7.73113e-17,0.278797
1.167,1,1.49905,2.94569e-16,0.278149
1.168,1,1.49905,3.45942e-17,0.2775
1.169,1,1.49905,1.07122e-16,0.276851
1.17,1,1.49905,-1.68711e-16,0.276202
1.171,1,1.49905,5.56421e-17,0.275553
1.172,1,1.49905,-8.36526e-17,0.274903
1.173,1,1.49905,-1.9424e-16,0.274254
1.174,1,1.49905,-4.55691e-17,0.273603
1.175,1,1.49905,3.54465e-17,0.272953
1.176,1,1.49905,-1.29744e-16,0.272302
1.177,1,1.49905,7.82825e-17,0.271651
1.178,1,1.49905,-1.08067e-16,0.271
1.179,1,1.49905,-1.83979e-16,0.270348
1.18,1,1.49905,-8.35027e-17,0.269697
1.181,1,1.49905,3.51877e-17,0.269045
1.182,1,1.49905,-2.0213e-16,0.268392
1.183,1,1.49905,-3.52379e-16,0.26774
1.184,1,1.49905,-1.64559e-17,0.267087
1.185,1,1.49905,-2.91261e-18,0.266434
1.186,1,1.49905,1.62957e-16,0.26578
1.187,1,1.49905,-2.98265e-17,0.265127
1.188,1,1.49905,5.60165e-17,0.264473
1.189,1,1.49905,-1.48329e-16,0.263818
1.19,1,1.49905,8.99338e-17,0.263164
1.191,1,1.49905,-1.63346e-16,0.262509
1.192,1,1.49905,-1.06248e-16,0.261854
1.193,1,1.49905,-3.62585e-16,0.261199
1.194,1,1.49905,-1.2674e-16,0.260543
1.195,1,1.49905,-2.04592e-16,0.259888
1.196,1,1.49905,1.26775e-16,0.259232
1.197,1,1.49905,-1.24859e-16,0.258575
1.198,1,1.49905,1.84276e-16,0.257919
1.199,1,1.49905,-3.2159e-16,0.257262
1.2,1,1.49905,1.20157e-16,0.256605
1.201,1,1.49905,-3.9206e-17,0.255948
1.202,1,1.49905,-3.16776e-16,0.25529
1.203,1,1.49905,-2.93439e-16,0.254632
1.204,1,1.49905,-6.1622e-17,0.253974
1.205,1,1.49905,-1.10555e-16,0.253316
1.206,1,1.49905,4.44911e-17,0.252657
1.207,1,1.49905,6.01613e-18,0.251998
1.208,1,1.49905,-3.35531e-18,0.251339
1.209,1,1.49905,1.83741e-16,0.25068
1.21,1,1.49905,4.60864e-17,0.25002
1.211,1,1.49905,-1.7141e-16,0.249361
1.212,1,1.49905,8.93978e-17,0.2487
1.213,1,1.49905,-8.72911e-18,0.24804
1.214,1,1.49905,1.02994e-16,0.247379
1.215,1,1.49905,-1.29424e-16,0.246719
1.216,1,1.49905,3.36948e-17,0.246058
1.217,1,1.49905,1.34394e-16,0.245396
1.218,1,1.49905,8.29277e-17,0.244735
1.219,1,1.49905,-2.06031e-16,0.244073
1.22,1,1.49905,-1.98931e-16,0.243411
1.221,1,1.49905,-2.50413e-16,0.242749
1.222,1,1.49905,3.20367e-16,0.242086
1.223,1,1.49905,5.798e-17,0.241423
1.224,1,1.49905,-6.46691e-16,0.24076
1.225,1,1.49905,8.02995e-17,0.240097
1.226,1,1.49905,4.67006e-17,0.239433
1.227,1,1.49905,-1.29315e-16,0.23877
1.228,1,1.49905,-4.26237e-16,0.238106
1.229,1,1.49905,-3.82011e-16,0.237441
1.23,1,1.49905,1.64478e-16,0.236777
1.231,1,1.49905,4.01849e-17,0.236112
1.232,1,1.49905,8.83862e-18,0.235447
1.233,1,1.49905,-1.89105e-16,0.234782
1.234,1,1.49905,-1.74748e-16,0.234117
1.235,1,1.49905,-1.84544e-16,0.233451
1.236,1,1.49905,-3.91246e-16,0.232785
1.237,1,1.49905,-4.8189e-16,0.232119
1.238,1,1.49905,1.96421e-16,0.231453
1.239,1,1.49905,-7.03543e-17,0.230786
1.24,1,1.49905,6.00104e-17,0.230119
1.241,1,1.49905,-1.55038e-16,0.229452
1.242,1,1.49905,-3.06089e-16,0.228785
1.243,1,1.49905,1.90497e-16,0.228118
1.244,1,1.49905,-4.20903e-16,0.22745
1.245,1,1.49905,-1.11002e-16,0.226782
1.246,1,1.49905,-4.01599e-16,0.226114
1.247,1,1.49905,2.00521e-16,0.225446
1.248,1,1.49905,-2.7752e-16,0.224777
1.249,1,1.49905,1.62657e-16,0.224108
1.25,1,1.49905,1.2025e-16,0.223439
1.251,1,1.49905,-1.19305e-16,0.22277
1.252,1,1.49905,-8.32587e-17,0.2221
1.253,1,1.49905,-2.6178e-17,0.221431
1.254,1,1.49905,-3.49256e-16,0.220761
1.255,1,1.49905,-3.15125e-17,0.22009
1.256,1,1.49905,-1.98287e-16,0.21942
1.257,1,1.49905,-2.93697e-16,0.218749
1.258,1,1.49905,-3.16572e-16,0.218079
1.259,1,1.49905,4.34753e-17,0.217408
1.26,1,1.49905,-1.75503e-17,0.216736
1.261,1,1.49905,2.27769e-16,0.216065
1.262,1,1.49905,-5.39809e-17,0.215393
1.263,1,1.49905,-2.0733e-16,0.214721
1.264,1,1.49905,-1.03333e-16,0.214049
1.265,1,1.49905,6.08146e-17,0.213377
1.266,1,1.49905,-2.27547e-17,0.212704
1.267,1,1.49905,-1.81571e-16,0.212031
1.268,1,1.49905,-3.56134e-17,0.211359
1.269,1,1.49905,2.20675e-16,0.210685
1.27,1,1.49905,-1.87199e-16,0.210012
1.271,1,1.49905,-6.08292e-17,0.209338
1.272,1,1.49905,-1.25746e-16,0.208665
1.273,1,1.49905,1.13006e-16,0.207991
1.274,1,1.49905,-1.27636e-16,0.207316
1.275,1,1.49905,-2.4954e-16,0.206642
1.276,1,1.49905,-1.47826e-16,0.205967
1.277,1,1.49905,5.18032e-17,0.205292
1.278,1,1.49905,6.37829e-18,0.204617
1.279,1,1.49905,-1.13988e-16,0.203942
1.28,1,1.49905,-2.23484e-16,0.203267
1.281,1,1.49905,-1.37205e-16,0.202591
1.282,1,1.49905,-5.74994e-17,0.201915
1.283,1,1.49905,1.86356e-16,0.201239
1.284,1,1.49905,-1.08999e-16,0.200563
1.285,1,1.49905,-1.77119e-16,0.199886
1.286,1,1.49905,-3.68694e-16,0.19921
1.287,1,1.49905,-1.8171e-16,0.198533
1.288,1,1.49905,-3.4163e-16,0.197856
1.289,1,1.49905,-2.08876e-16,0.197178
1.29,1,1.49905,-5.41022e-17,0.196501
1.291,1,1.49905,9.11883e-17,0.195823
1.292,1,1.49905,-1.57428e-16,0.195145
1.293,1,1.49905,1.17944e-16,0.194467
1.294,1,1.49905,1.81966e-16,0.193789
1.295,1,1.49905,-3.88182e-16,0.193111
1.296,1,1.49905,-4.64879e-16,0.192432
1.297,1,1.49905,-2.82317e-16,0.191753
1.298,1,1.49905,-5.44705e-17,0.191074
1.299,1,1.49905,-1.70661e-16,0.190395
1.3,1,1.49905,6.59345e-17,0.189716
1.301,1,1.49905,-3.24518e-16,0.189036
1.302,1,1.49905,-3.52005e-16,0.188356
1.303,1,1.49905,-1.68371e-16,0.187676
1.304,1,1.49905,-3.44141e-17,0.186996
1.305,1,1.49905,-2.59807e-16,0.186316
1.306,1,1.49905,1.48173e-16,0.185635
1.307,1,1.49905,-1.21128e-16,0.184955
1.308,1,1.49905,-3.52874e-16,0.184274
1.309,1,1.49905,-1.55027e-16,0.183593
1.31,1,1.49905,-1.95935e-16,0.182912
1.311,1,1.49905,6.73097e-17,0.18223
1.312,1,1.49905,-1.47282e-16,0.181549
1.313,1,1.49905,-1.9717e-16,0.180867
1.314,1,1.49905,2.06497e-17,0.180185
1.315,1,1.49905,-1.34053e-16,0.179503
1.316,1,1.49905,-1.22133e-16,0.17882
1.317,1,1.49905,-2.75355e-17,0.178138
1.318,1,1.49905,-2.04213e-16,0.177455
1.319,1,1.49905,-7.67473e-17,0.176772
1.32,1,1.49905,-1.12707e-16,0.176089
1.321,1,1.49905,-3.22175e-16,0.175406
1.322,1,1.49905,9.06215e-17,0.174723
1.323,1,1.49905,-2.97582e-16,0.174039
1.324,1,1.49905,-1.68801e-16,0.173355
1.325,1,1.49905,1.54876e-16,0.172671
1.326,1,1.49905,-3.09307e-16,0.171987
1.327,1,1.49905,6.77156e-17,0.171303
1.328,1,1.49905,-1.59744e-17,0.170619
1.329,1,1.49905,1.42718e-16,0.169934
1.33,1,1.49905,-7.88334e-17,0.169249
1.331,1,1.49905,3.92866e-17,0.168564
1.332,1,1.49905,-9.22555e-17,0.167879
1.333,1,1.49905,5.81515e-17,0.167194
1.334,1,1.49905,-2.22158e-16,0.166508
1.335,1,1.49905,-4.21246e-17,0.165823
1.336,1,1.49905,-2.9263e-16,0.165137
1.337,1,1.49905,-2.46727e-16,0.164451
1.338,1,1.49905,1.61904e-17,0.163765
1.339,1,1.49905,-3.28251e-17,0.163079
1.34,1,1.49905,-8.47304e-17,0.162392
1.341,1,1.49905,-2.28709e-16,0.161706
1.342,1,1.49905,-1.15015e-17,0.161019
1.343,1,1.49905,-3.7782e-16,0.160332
1.344,1,1.49905,3.57546e-16,0.159645
1.345,1,1.49905,-1.78402e-16,0.158958
1.346,1,1.49905,-1.5917e-16,0.15827
1.347,1,1.49905,1.93126e-16,0.157583
1.348,1,1.49905,2.03025e-16,0.156895
1.349,1,1.49905,8.20052e-18,0.156207
1.35,1,1.49905,-1.46033e-16,0.155519
1.351,1,1.49905,9.36022e-17,0.154831
1.352,1,1.49905,1.08747e-16,0.154143
1.353,1,1.49905,1.3652e-16,0.153454
1.354,1,1.49905,-8.30069e-17,0.152766
1.355,1,1.49905,-3.92164e-18,0.152077
1.356,1,1.49905,-3.69547e-16,0.151388
1.357,1,1.49905,2.83883e-17,0.150699
1.358,1,1.49905,1.79823e-16,0.150009
1.359,1,1.49905,-1.9058e-16,0.14932
1.36,1,1.49905,-1.21422e-16,0.148631
1.361,1,1.49905,1.84596e-17,0.147941
1.362,1,1.49905,-1.26773e-16,0.147251
1.363,1,1.49905,-4.88702e-16,0.146561
1.364,1,1.49905,1.90791e-16,0.145871
1.365,1,1.49905,-3.29632e-17,0.145181
1.366,1,1.49905,-1.20907e-16,0.14449
1.367,1,1.49905,1.85616e-16,0.1438
1.368,1,1.49905,-9.79979e-17,0.143109
1.369,1,1.49905,-2.1038e-16,0.142418
1.37,1,1.49905,1.49991e-16,0.141727
1.371,1,1.49905,-3.5253e-16,0.141036
1.372,1,1.49905,-1.03126e-16,0.140345
1.373,1,1.49905,6.24391e-18,0.139653
1.374,1,1.49905,1.11122e-16,0.138962
1.375,1,1.49905,-5.25345e-17,0.13827
1.376,1,1.49905,-8.9959e-17,0.137578
1.377,1,1.49905,-2.87531e-17,0.136886
1.378,1,1.49905,-6.49618e-17,0.136194
1.379,1,1.49905,-1.59957e-16,0.135502
1.38,1,1.49905,-2.4099e-16,0.134809
1.381,1,1.49905,-1.71187e-16,0.134117
1.382,1,1.49905,4.4779e-17,0.133424
1.383,1,1.49905,1.74484e-16,0.132732
1.384,1,1.49905,2.66683e-16,0.132039
1.385,1,1.49905,-4.05694e-16,0.131346
1.386,1,1.49905,-3.07771e-17,0.130652
1.387,1,1.49905,8.10272e-17,0.129959
1.388,1,1.49905,-2.06632e-16,0.129266
1.389,1,1.49905,-2.39347e-16,0.128572
1.39,1,1.49905,2.0885e-16,0.127878
1.391,1,1.49905,-4.388e-17,0.127185
1.392,1,1.49905,1.21082e-16,0.126491
1.393,1,1.49905,-2.3644e-16,0.125797
1.394,1,1.49905,1.9202e-16,0.125102
1.395,1,1.49905,-1.34261e-17,0.124408
1.396,1,1.49905,-3.51496e-16,0.123714
1.397,1,1.49905,7.59847e-17,0.123019
1.398,1,1.49905,1.98342e-16,0.122324
1.399,1,1.49905,-4.94417e-17,0.12163
1.4,1,1.49905,-1.65096e-16,0.120935
1.401,1,1.49905,4.23981e-17,0.12024
1.402,1,1.49905,-2.19852e-17,0.119544
1.403,1,1.49905,-6.96689e-19,0.118849
1.404,1,1.49905,-1.24557e-16,0.118154
1.405,1,1.49905,-3.88885e-16,0.117458
1.406,1,1.49905,1.47042e-16,0.116762
1.407,1,1.49905,-7.73105e-17,0.116067
1.408,1,1.49905,1.41458e-16,0.115371
1.409,1,1.49905,-3.5083e-16,0.114675
1.41,1,1.49905,-2.88969e-16,0.113979
1.411,1,1.49905,-8.78733e-17,0.113282
1.412,1,1.49905,-5.88415e-17,0.112586
1.413,1,1.49905,4.5816e-17,0.11189
1.414,1,1.49905,-2.37822e-16,0.111193
1.415,1,1.49905,-1.22829e-16,0.110496
1.416,1,1.49905,1.7137e-16,0.1098
1.417,1,1.49905,-1.61851e-16,0.109103
1.418,1,1.49905,2.91763e-17,0.108406
1.419,1,1.49905,-2.38675e-16,0.107709
1.42,1,1.49905,-1.77114e-16,0.107011
1.421,1,1.49905,-5.66311e-17,0.106314
1.422,1,1.49905,-3.02059e-16,0.105617
1.423,1,1.49905,6.9465e-17,0.104919
1.424,1,1.49905,2.3383e-16,0.104221
1.425,1,1.49905,-1.2205e-17,0.103524
1.426,1,1.49905,-6.66937e-17,0.102826
1.427,1,1.49905,5.08402e-17,0.102128
1.428,1,1.49905,-1.83203e-16,0.10143
1.429,1,1.49905,1.59303e-16,0.100732
1.43,1,1.49905,-1.46005e-16,0.100033
1.431,1,1.49905,-2.2305e-16,0.0993351
1.432,1,1.49905,-2.89465e-16,0.0986367
1.433,1,1.49905,1.95161e-16,0.0979381
1.434,1,1.49905,-3.44783e-16,0.0972395
1.435,1,1.49905,-1.62508e-16,0.0965407
1.436,1,1.49905,-3.48729e-16,0.0958419
1.437,1,1.49905,8.55254e-17,0.0951429
1.438,1,1.49905,1.50285e-16,0.0944439
1.439,1,1.49905,-1.07631e-16,0.0937448
1.44,1,1.49905,4.21848e-16,0.0930455
1.441,1,1.49905,2.47412e-16,0.0923462
1.442,1,1.49905,-1.8441e-16,0.0916468
1.443,1,1.49905,-2.90799e-17,0.0909473
1.444,1,1.49905,-3.28517e-16,0.0902477
1.445,1,1.49905,-1.49232e-16,0.0895481
1.446,1,1.49905,3.27036e-16,0.0888483
1.447,1,1.49905,1.34431e-16,0.0881484
1.448,1,1.49905,-3.93969e-16,0.0874485
1.449,1,1.49905,4.97394e-17,0.0867484
1.45,1,1.49905,8.63089e-18,0.0860483
1.451,1,1.49905,4.87781e-17,0.0853481
1.452,1,1.49905,3.44377e-17,0.0846478
1.453,1,1.49905,-2.3523e-16,0.0839475
1.454,1,1.49905,-2.73835e-17,0.083247
1.455,1,1.49905,-1.71586e-16,0.0825465
1.456,1,1.49905,7.05233e-17,0.0818458
1.457,1,1.49905,2.47794e-16,0.0811451
1.458,1,1.49905,-2.32166e-16,0.0804443
1.459,1,1.49905,-2.56942e-16,0.0797435
1.46,1,1.49905,-1.65795e-16,0.0790425
1.461,1,1.49905,-4.57251e-17,0.0783415
1.462,1,1.49905,-5.89828e-17,0.0776404
1.463,1,1.49905,-2.64858e-16,0.0769392
1.464,1,1.49905,-2.67852e-16,0.0762379
1.465,1,1.49905,2.69971e-16,0.0755366
1.466,1,1.49905,4.11551e-17,0.0748352
1.467,1,1.49905,2.58036e-17,0.0741337
1.468,1,1.49905,-1.43875e-16,0.0734322
1.469,1,1.49905,-1.63658e-16,0.0727305
1.47,1,1.49905,-1.81246e-16,0.0720288
1.471,1,1.49905,-1.77403e-16,0.071327
1.472,1,1.49905,-4.39125e-16,0.0706252
1.473,1,1.49905,-9.52604e-17,0.0699233
1.474,1,1.49905,-3.86054e-17,0.0692213
1.475,1,1.49905,-1.51615e-16,0.0685192
1.476,1,1.49905,-1.44874e-16,0.0678171
1.477,1,1.49905,2.12103e-16,0.0671149
1.478,1,1.49905,-4.9526e-17,0.0664126
1.479,1,1.49905,-3.91628e-16,0.0657103
1.48,1,1.49905,-2.5292e-16,0.0650079
1.481,1,1.49905,-5.89062e-17,0.0643055
1.482,1,1.49905,-1.4842e-16,0.063603
1.483,1,1.49905,1.82716e-16,0.0629004
1.484,1,1.49905,-2.55497e-17,0.0621977
1.485,1,1.49905,-1.50406e-16,0.061495
1.486,1,1.49905,-3.18236e-16,0.0607922
1.487,1,1.49905,-2.06558e-16,0.0600894
1.488,1,1.49905,-1.76675e-16,0.0593865
1.489,1,1.49905,-3.20189e-17,0.0586836
1.49,1,1.49905,-1.1041e-16,0.0579806
1.491,1,1.49905,-3.07945e-16,0.0572775
1.492,1,1.49905,-8.35629e-17,0.0565744
1.493,1,1.49905,-2.13268e-16,0.0558712
1.494,1,1.49905,-1.98528e-16,0.0551679
1.495,1,1.49905,-2.06124e-16,0.0544646
1.496,1,1.49905,-1.12865e-17,0.0537613
1.497,1,1.49905,1.50071e-17,0.0530579
1.498,1,1.49905,1.56708e-16,0.0523544
1.499,1,1.49905,2.43072e-16,0.0516509
1.5,1,1.49905,-1.69612e-16,0.0509474
1.501,1,1.49905,1.5997e-16,0.0502438
1.502,1,1.49905,-1.60996e-17,0.0495401
1.503,1,1.49905,1.61035e-16,0.0488364
1.504,1,1.49905,1.99113e-16,0.0481327
1.505,1,1.49905,-2.63766e-16,0.0474289
1.506,1,1.49905,3.25628e-16,0.046725
1.507,1,1.49905,-4.16271e-16,0.0460211
1.508,1,1.49905,1.96767e-16,0.0453172
1.509,1,1.49905,5.76055e-17,0.0446132
1.51,1,1.49905,-2.0779e-16,0.0439091
1.511,1,1.49905,-2.73257e-16,0.0432051
1.512,1,1.49905,-8.10422e-17,0.0425009
1.513,1,1.49905,4.35128e-17,0.0417968
1.514,1,1.49905,-1.5417e-16,0.0410926
1.515,1,1.49905,-1.29469e-16,0.0403883
1.516,1,1.49905,-1.15587e-16,0.039684
1.517,1,1.49905,-1.78448e-16,0.0389797
1.518,1,1.49905,-1.222e-16,0.0382753
1.519,1,1.49905,-1.41727e-16,0.0375709
1.52,1,1.49905,-4.2261e-16,0.0368665
1.521,1,1.49905,-2.16892e-16,0.036162
1.522,1,1.49905,-1.79593e-16,0.0354575
1.523,1,1.49905,7.08872e-17,0.034753
1.524,1,1.49905,-5.59982e-17,0.0340484
1.525,1,1.49905,-1.00379e-16,0.0333438
1.526,1,1.49905,-1.61033e-16,0.0326391
1.527,1,1.49905,-2.44538e-17,0.0319344
1.528,1,1.49905,-4.84272e-16,0.0312297
1.529,1,1.49905,6.81878e-17,0.030525
1.53,1,1.49905,2.958e-17,0.0298202
1.531,1,1.49905,-9.91957e-17,0.0291154
1.532,1,1.49905,2.78524e-17,0.0284106
1.533,1,1.49905,9.38473e-17,0.0277057
1.534,1,1.49905,-5.88769e-17,0.0270008
1.535,1,1.49905,-1.57704e-16,0.0262959
1.536,1,1.49905,3.44249e-17,0.0255909
1.537,1,1.49905,7.87026e-18,0.024886
1.538,1,1.49905,1.00639e-16,0.024181
1.539,1,1.49905,2.50691e-17,0.023476
1.54,1,1.49905,-4.71145e-17,0.0227709
1.541,1,1.49905,-1.14107e-16,0.0220658
1.542,1,1.49905,-1.51887e-16,0.0213608
1.543,1,1.49905,-3.7174e-16,0.0206556
1.544,1,1.49905,-6.05552e-16,0.0199505
1.545,1,1.49905,-7.21444e-17,0.0192454
1.546,1,1.49905,-2.51646e-16,0.0185402
1.547,1,1.49905,-1.45936e-16,0.017835
1.548,1,1.49905,-2.20595e-16,0.0171298
1.549,1,1.49905,-1.79736e-16,0.0164246
1.55,1,1.49905,2.71013e-16,0.0157193
1.551,1,1.49905,8.66325e-17,0.0150141
1.552,1,1.49905,-3.21223e-16,0.0143088
1.553,1,1.49905,3.20758e-16,0.0136035
1.554,1,1.49905,2.40401e-17,0.0128982
1.555,1,1.49905,-1.56337e-17,0.0121929
1.556,1,1.49905,-1.71204e-16,0.0114876
1.557,1,1.49905,-2.34074e-16,0.0107823
1.558,1,1.49905,-1.51711e-16,0.0100769
1.559,1,1.49905,-2.91847e-16,0.00937158
1.56,1,1.49905,-1.81277e-16,0.00866622
1.561,1,1.49905,-3.11312e-16,0.00796085
1.562,1,1.49905,-3.3504e-16,0.00725547
1.563,1,1.49905,1.84397e-16,0.00655008
1.564,1,1.49905,1.03563e-16,0.00584468
1.565,1,1.49905,-2.86221e-16,0.00513928
1.566,1,1.49905,-2.83577e-16,0.00443388
1.567,1,1.49905,-3.33255e-17,0.00372847
1.568,1,1.49905,-4.67874e-17,0.00302306
1.569,1,1.49905,-1.92791e-16,0.00231764
1.57,1,1.49905,1.40202e-16,0.00161222
1.571,1,1.49905,-3.69142e-16,0.000906803
1.572,1,1.49905,-4.90525e-16,0.000201382
1.573,1,1.49905,-1.22416e-17,-0.000504039
1.574,1,1.49905,-1.48976e-16,-0.00120946
1.575,1,1.49905,-1.92922e-16,-0.00191488
1.576,1,1.49905,-2.32098e-16,-0.0026203
1.577,1,1.49905,1.52938e-16,-0.00332571
1.578,1,1.49905,-2.66859e-16,-0.00403112
1.579,1,1.49905,-3.51273e-16,-0.00473653
1.58,1,1.49905,-2.78774e-16,-0.00544193
1.581,1,1.49905,-2.28461e-16,-0.00614733
1.582,1,1.49905,-7.88992e-17,-0.00685272
1.583,1,1.49905,-4.9943e-17,-0.00755811
1.584,1,1.49905,3.61235e-16,-0.00826348
1.585,1,1.49905,-2.23769e-16,-0.00896885
1.586,1,1.49905,8.51984e-17,-0.00967421
1.587,1,1.49905,2.31009e-16,-0.0103796
1.588,1,1.49905,-4.2245e-17,-0.0110849
1.589,1,1.49905,-2.53987e-16,-0.0117902
1.59,1,1.49905,-9.05488e-17,-0.0124955
1.591,1,1.49905,-3.52673e-16,-0.0132008
1.592,1,1.49905,-2.56931e-16,-0.0139061
1.593,1,1.49905,9.09463e-17,-0.0146114
1.594,1,1.49905,-4.14458e-16,-0.0153167
1.595,1,1.49905,-3.09343e-16,-0.0160219
1.596,1,1.49905,-1.03521e-16,-0.0167272
1.597,1,1.49905,-4.46244e-17,-0.0174324
1.598,1,1.49905,2.10422e-17,-0.0181376
1.599,1,1.49905,-1.72578e-16,-0.0188427
1.6,1,1.49905,1.13836e-16,-0.0195479
1.601,1,1.49905,1.09823e-16,-0.0202531
1.602,1,1.49905,-1.42941e-16,-0.0209582
1.603,1,1.49905,4.74443e-17,-0.0216633
1.604,1,1.49905,1.73526e-16,-0.0223683
1.605,1,1.49905,3.91931e-16,-0.0230734
1.606,1,1.49905,2.03619e-16,-0.0237784
1.607,1,1.49905,-1.8915e-16,-0.0244834
1.608,1,1.49905,-1.10326e-16,-0.0251884
1.609,1,1.49905,3.28057e-16,-0.0258934
1.61,1,1.49905,4.97744e-17,-0.0265983
1.611,1,1.49905,3.48528e-16,-0.0273032
1.612,1,1.49905,1.29262e-16,-0.0280081
1.613,1,1.49905,2.57701e-16,-0.028713
1.614,1,1.49905,6.77325e-18,-0.0294178
1.615,1,1.49905,-2.23452e-16,-0.0301226
1.616,1,1.49905,-3.99862e-16,-0.0308273
1.617,1,1.49905,-1.41231e-16,-0.0315321
1.618,1,1.49905,-2.07568e-16,-0.0322368
1.619,1,1.49905,-2.582e-16,-0.0329414
1.62,1,1.49905,-6.78217e-17,-0.0336461
1.621,1,1.49905,-3.749e-16,-0.0343507
1.622,1,1.49905,-9.25669e-17,-0.0350553
1.623,1,1.49905,-3.33544e-16,-0.0357598
1.624,1,1.49905,-1.2483e-16,-0.0364643
1.625,1,1.49905,1.35689e-17,-0.0371687
1.626,1,1.49905,1.55964e-16,-0.0378732
1.627,1,1.49905,-3.17525e-16,-0.0385776
1.628,1,1.49905,-4.96153e-16,-0.0392819
1.629,1,1.49905,-8.64339e-16,-0.0399862
1.63,1,1.49905,-8.41032e-17,-0.0406905
1.631,1,1.49905,-8.79571e-18,-0.0413947
1.632,1,1.49905,-2.1266e-16,-0.0420989
1.633,1,1.49905,-3.31619e-16,-0.042803
1.634,1,1.49905,-7.61989e-17,-0.0435071
1.635,1,1.49905,1.3369e-16,-0.0442112
1.636,1,1.49905,-3.64607e-16,-0.0449152
1.637,1,1.49905,3.40938e-17,-0.0456192
1.638,1,1.49905,-3.87865e-17,-0.0463231
1.639,1,1.49905,-3.15295e-16,-0.047027
1.64,1,1.49905,-3.64832e-17,-0.0477308
1.641,1,1.49905,1.0861e-16,-0.0484346
1.642,1,1.49905,1.02812e-17,-0.0491383
1.643,1,1.49905,-1.46479e-16,-0.049842
1.644,1,1.49905,-1.45414e-16,-0.0505457
1.645,1,1.49905,-4.15033e-17,-0.0512493
1.646,1,1.49905,1.00979e-16,-0.0519528
1.647,1,1.49905,1.01637e-16,-0.0526563
1.648,1,1.49905,-1.5605e-16,-0.0533597
1.649,1,1.49905,-1.96538e-16,-0.0540631
1.65,1,1.49905,-2.87889e-16,-0.0547664
1.651,1,1.49905,-6.08629e-17,-0.0554697
1.652,1,1.49905,6.56627e-17,-0.0561729
1.653,1,1.49905,-7.21799e-17,-0.056876
1.654,1,1.49905,-8.38775e-17,-0.0575791
1.655,1,1.49905,-2.13232e-16,-0.0582822
1.656,1,1.49905,-3.79031e-16,-0.0589852
1.657,1,1.49905,-1.11083e-16,-0.0596881
1.658,1,1.49905,-6.71078e-17,-0.060391
1.659,1,1.49905,1.61405e-16,-0.0610938
1.66,1,1.49905,-2.75321e-16,-0.0617965
1.661,1,1.49905,1.88647e-16,-0.0624992
1.662,1,1.49905,-6.3875e-17,-0.0632018
1.663,1,1.49905,1.03949e-16,-0.0639044
1.664,1,1.49905,8.91044e-17,-0.0646069
1.665,1,1.49905,-4.46306e-16,-0.0653093
1.666,1,1.49905,-1.72012e-16,-0.0660117
1.667,1,1.49905,-2.17783e-16,-0.066714
1.668,1,1.49905,-1.69587e-16,-0.0674162
1.669,1,1.49905,-8.68792e-17,-0.0681184
1.67,1,1.49905,-3.25748e-16,-0.0688205
1.671,1,1.49905,-1.22815e-16,-0.0695225
1.672,1,1.49905,-2.73038e-17,-0.0702244
1.673,1,1.49905,-1.24519e-16,-0.0709263
1.674,1,1.49905,-1.97297e-16,-0.0716281
1.675,1,1.49905,-8.40548e-17,-0.0723299
1.676,1,1.49905,-8.54546e-17,-0.0730316
1.677,1,1.49905,5.43158e-17,-0.0737332
1.678,1,1.49905,2.92231e-16,-0.0744347
1.679,1,1.49905,-1.53538e-16,-0.0751361
1.68,1,1.49905,8.85826e-18,-0.0758375
1.681,1,1.49905,-2.67304e-16,-0.0765388
1.682,1,1.49905,1.46991e-16,-0.0772401
1.683,1,1.49905,-2.59691e-17,-0.0779412
1.684,1,1.49905,-1.11803e-16,-0.0786423
1.685,1,1.49905,-5.26926e-16,-0.0793433
1.686,1,1.49905,-1.47692e-16,-0.0800442
1.687,1,1.49905,-1.99042e-16,-0.080745
1.688,1,1.49905,-3.66384e-18,-0.0814458
1.689,1,1.49905,-8.67312e-17,-0.0821464
1.69,1,1.49905,-2.75191e-16,-0.082847
1.691,1,1.49905,-3.79354e-16,-0.0835475
1.692,1,1.49905,-1.15434e-16,-0.084248
1.693,1,1.49905,-4.66466e-16,-0.0849483
1.694,1,1.49905,-7.76845e-17,-0.0856486
1.695,1,1.49905,3.08662e-16,-0.0863487
1.696,1,1.49905,2.30658e-16,-0.0870488
1.697,1,1.49905,-1.44126e-16,-0.0877488
1.698,1,1.49905,-2.39833e-16,-0.0884487
1.699,1,1.49905,-4.19038e-17,-0.0891485
1.7,1,1.49905,1.21438e-16,-0.0898483
1.701,1,1.49905,-2.64208e-16,-0.0905479
1.702,1,1.49905,-8.40001e-17,-0.0912475
1.703,1,1.49905,-2.33275e-16,-0.0919469
1.704,1,1.49905,-1.44118e-17,-0.0926463
1.705,1,1.49905,-5.13657e-17,-0.0933456
1.706,1,1.49905,-6.06669e-17,-0.0940447
1.707,1,1.49905,-1.7297e-16,-0.0947438
1.708,1,1.49905,-3.13149e-16,-0.0954428
1.709,1,1.49905,8.7154e-17,-0.0961417
1.71,1,1.49905,7.66199e-17,-0.0968405
1.711,1,1.49905,1.26213e-16,-0.0975392
1.712,1,1.49905,9.16765e-17,-0.0982378
1.713,1,1.49905,1.28653e-16,-0.0989364
1.714,1,1.49905,-3.93972e-17,-0.0996348
1.715,1,1.49905,2.75052e-16,-0.100333
1.716,1,1.49905,-5.36054e-17,-0.101031
1.717,1,1.49905,-2.06421e-16,-0.101729
1.718,1,1.49905,2.21918e-16,-0.102427
1.719,1,1.49905,-4.09775e-16,-0.103125
1.72,1,1.49905,-1.84757e-16,-0.103823
1.721,1,1.49905,-2.91633e-16,-0.104521
1.722,1,1.49905,-8.50502e-17,-0.105218
1.723,1,1.49905,-7.83035e-17,-0.105916
1.724,1,1.49905,-2.12993e-16,-0.106613
1.725,1,1.49905,-2.28973e-16,-0.107311
1.726,1,1.49905,-2.77082e-16,-0.108008
1.727,1,1.49905,5.84577e-17,-0.108705
1.728,1,1.49905,1.46129e-16,-0.109402
1.729,1,1.49905,-8.95042e-17,-0.110099
1.73,1,1.49905,3.97644e-16,-0.110795
1.731,1,1.49905,-6.70572e-17,-0.111492
1.732,1,1.49905,-3.72643e-16,-0.112189
1.733,1,1.49905,2.20164e-17,-0.112885
1.734,1,1.49905,9.33081e-17,-0.113581
1.735,1,1.49905,-2.75757e-16,-0.114277
1.736,1,1.49905,1.9757e-16,-0.114973
1.737,1,1.49905,4.6736e-16,-0.115669
1.738,1,1.49905,1.15162e-16,-0.116365
1.739,1,1.49905,5.88288e-17,-0.117061
1.74,1,1.49905,2.77553e-16,-0.117757
1.741,1,1.49905,2.11469e-17,-0.118452
1.742,1,1.49905,-1.91213e-16,-0.119147
1.743,1,1.49905,-5.36503e-17,-0.119843
1.744,1,1.49905,1.56033e-16,-0.120538
1.745,1,1.49905,1.00077e-16,-0.121233
1.746,1,1.49905,-1.45622e-17,-0.121928
1.747,1,1.49905,3.66732e-16,-0.122622
1.748,1,1.49905,-3.06822e-16,-0.123317
1.749,1,1.49905,-2.56244e-16,-0.124012
1.75,1,1.49905,-9.44274e-17,-0.124706
1.751,1,1.49905,-2.2041e-16,-0.1254
1.752,1,1.49905,3.36521e-18,-0.126094
1.753,1,1.49905,1.34131e-16,-0.126788
1.754,1,1.49905,-5.14823e-16,-0.127482
1.755,1,1.49905,1.53685e-16,-0.128176
1.756,1,1.49905,4.94303e-17,-0.12887
1.757,1,1.49905,1.26969e-16,-0.129563
1.758,1,1.49905,1.02105e-16,-0.130257
1.759,1,1.49905,-2.22552e-16,-0.13095
1.76,1,1.49905,-2.38364e-16,-0.131643
1.761,1,1.49905,-9.08786e-17,-0.132336
1.762,1,1.49905,-2.64347e-16,-0.133029
1.763,1,1.49905,-4.26941e-16,-0.133722
1.764,1,1.49905,-2.00591e-16,-0.134414
1.765,1,1.49905,-1.09138e-16,-0.135107
1.766,1,1.49905,-4.35128e-16,-0.135799
1.767,1,1.49905,-2.2369e-16,-0.136491
1.768,1,1.49905,1.6252e-16,-0.137183
1.769,1,1.49905,-1.73644e-16,-0.137875
1.77,1,1.49905,-2.51549e-16,-0.138567
1.771,1,1.49905,1.36331e-17,-0.139258
1.772,1,1.49905,-5.01857e-16,-0.13995
1.773,1,1.49905,-7.64995e-17,-0.140641
1.774,1,1.49905,-6.44314e-17,-0.141332
1.775,1,1.49905,-2.64017e-16,-0.142024
1.776,1,1.49905,-1.26063e-16,-0.142715
1.777,1,1.49905,-3.7975e-16,-0.143405
1.778,1,1.49905,1.61907e-16,-0.144096
1.779,1,1.49905,-3.03238e-16,-0.144786
1.78,1,1.49905,4.26326e-17,-0.145477
1.781,1,1.49905,-1.83763e-16,-0.146167
1.782,1,1.49905,-8.51277e-17,-0.146857
1.783,1,1.49905,1.68177e-16,-0.147547
1.784,1,1.49905,-2.96143e-16,-0.148237
1.785,1,1.49905,1.37363e-16,-0.148926
1.786,1,1.49905,3.672e-17,-0.149616
1.787,1,1.49905,5.50021e-18,-0.150305
1.788,1,1.49905,-3.02301e-17,-0.150994
1.789,1,1.49905,3.05093e-16,-0.151683
1.79,1,1.49905,3.97762e-16,-0.152372
1.791,1,1.49905,-3.0213e-16,-0.153061
1.792,1,1.49905,-1.32215e-16,-0.15375
1.793,1,1.49905,-2.20953e-17,-0.154438
1.794,1,1.49905,2.04512e-16,-0.155126
1.795,1,1.49905,-1.67886e-16,-0.155814
1.796,1,1.49905,-2.14499e-16,-0.156502
1.797,1,1.49905,2.96441e-16,-0.15719
1.798,1,1.49905,7.2073e-17,-0.157878
1.799,1,1.49905,-2.94462e-16,-0.158565
1.8,1,1.49905,-5.3149e-16,-0.159253
1.801,1,1.49905,1.30516e-16,-0.15994
1.802,1,1.49905,6.38494e-17,-0.160627
1.803,1,1.49905,-1.77421e-17,-0.161314
1.804,1,1.49905,-1.96181e-17,-0.162
1.805,1,1.49905,2.63408e-16,-0.162687
1.806,1,1.49905,-5.40764e-17,-0.163373
1.807,1,1.49905,-2.36119e-16,-0.164059
1.808,1,1.49905,1.42276e-16,-0.164745
1.809,1,1.49905,-2.19228e-16,-0.165431
1.81,1,1.49905,1.13009e-16,-0.166117
1.811,1,1.49905,-9.2905e-17,-0.166803
1.812,1,1.49905,-3.49811e-17,-0.167488
1.813,1,1.49905,-2.14581e-16,-0.168173
1.814,1,1.49905,-1.12984e-16,-0.168858
1.815,1,1.49905,-2.28413e-16,-0.169543
1.816,1,1.49905,-1.17244e-16,-0.170228
1.817,1,1.49905,-3.03228e-16,-0.170912
1.818,1,1.49905,1.57773e-16,-0.171597
1.819,1,1.49905,-6.41247e-17,-0.172281
1.82,1,1.49905,2.6323e-16,-0.172965
1.821,1,1.49905,-6.22319e-17,-0.173649
1.822,1,1.49905,-1.54333e-16,-0.174332
1.823,1,1.49905,-2.16391e-16,-0.175016
1.824,1,1.49905,2.42027e-16,-0.175699
1.825,1,1.49905,-3.91262e-17,-0.176382
1.826,1,1.49905,-1.83266e-16,-0.177065
1.827,1,1.49905,9.2855e-17,-0.177748
1.828,1,1.49905,-1.56558e-16,-0.178431
1.829,1,1.49905,-2.93405e-16,-0.179113
1.83,1,1.49905,-1.30044e-16,-0.179795
1.831,1,1.49905,-8.70779e-17,-0.180477
1.832,1,1.49905,-2.3041e-17,-0.181159
1.833,1,1.49905,3.96908e-17,-0.181841
1.834,1,1.49905,6.22294e-17,-0.182523
1.835,1,1.49905,-2.67028e-16,-0.183204
1.836,1,1.49905,-9.47143e-18,-0.183885
1.837,1,1.49905,4.394e-16,-0.184566
1.838,1,1.49905,-7.7193e-17,-0.185247
1.839,1,1.49905,1.52462e-16,-0.185927
1.84,1,1.49905,3.00609e-16,-0.186608
1.841,1,1.49905,-5.87794e-17,-0.187288
1.842,1,1.49905,-3.28384e-16,-0.187968
1.843,1,1.49905,-1.08562e-18,-0.188648
1.844,1,1.49905,8.56369e-17,-0.189328
1.845,1,1.49905,1.08331e-16,-0.190007
1.846,1,1.49905,1.92921e-17,-0.190687
1.847,1,1.49905,2.28762e-17,-0.191366
1.848,1,1.49905,-1.04624e-17,-0.192045
1.849,1,1.49905,-1.31337e-16,-0.192723
1.85,1,1.49905,-2.41427e-16,-0.193402
1.851,1,1.49905,-2.31377e-16,-0.19408
1.852,1,1.49905,-2.04142e-16,-0.194758
1.853,1,1.49905,-8.08151e-18,-0.195436
1.854,1,1.49905,-7.90589e-17,-0.196114
1.855,1,1.49905,-5.47681e-16,-0.196792
1.856,1,1.49905,-4.73176e-16,-0.197469
1.857,1,1.49905,3.00677e-17,-0.198146
1.858,1,1.49905,-2.55058e-16,-0.198823
1.859,1,1.49905,-1.28541e-16,-0.1995
1.86,1,1.49905,-1.06894e-16,-0.200177
1.861,1,1.49905,3.06074e-18,-0.200853
1.862,1,1.49905,-6.94596e-17,-0.201529
1.863,1,1.49905,-1.90962e-17,-0.202205
1.864,1,1.49905,1.32103e-16,-0.202881
1.865,1,1.49905,-2.26485e-17,-0.203556
1.866,1,1.49905,-1.33623e-16,-0.204232
1.867,1,1.49905,-2.01695e-17,-0.204907
1.868,1,1.49905,2.39662e-16,-0.205582
1.869,1,1.49905,1.84589e-16,-0.206257
1.87,1,1.49905,2.51748e-16,-0.206931
1.871,1,1.49905,-3.06875e-16,-0.207606
1.872,1,1.49905,2.05174e-16,-0.20828
1.873,1,1.49905,-1.6206e-16,-0.208954
1.874,1,1.49905,-3.63976e-16,-0.209627
1.875,1,1.49905,3.62699e-16,-0.210301
1.876,1,1.49905,-1.55552e-16,-0.210974
1.877,1,1.49905,2.2774e-16,-0.211647
1.878,1,1.49905,-2.71375e-16,-0.21232
1.879,1,1.49905,7.70644e-17,-0.212993
1.88,1,1.49905,-7.12844e-17,-0.213665
1.881,1,1.49905,-3.57337e-18,-0.214338
1.882,1,1.49905,-1.08802e-17,-0.21501
1.883,1,1.49905,-3.61054e-17,-0.215681
1.884,1,1.49905,1.44299e-16,-0.216353
1.885,1,1.49905,-3.71634e-17,-0.217024
1.886,1,1.49905,1.08444e-16,-0.217696
1.887,1,1.49905,-4.40915e-16,-0.218366
1.888,1,1.49905,-1.88002e-16,-0.219037
1.889,1,1.49905,3.0911e-16,-0.219708
1.89,1,1.49905,-1.92844e-16,-0.220378
1.891,1,1.49905,-3.89009e-16,-0.221048
1.892,1,1.49905,-2.49554e-16,-0.221718
1.893,1,1.49905,-2.59588e-17,-0.222388
1.894,1,1.49905,-1.21849e-16,-0.223057
1.895,1,1.49905,8.09802e-18,-0.223726
1.896,1,1.49905,1.78848e-16,-0.224395
1.897,1,1.49905,-1.11003e-16,-0.225064
1.898,1,1.49905,-6.49553e-18,-0.225732
1.899,1,1.49905,-3.00646e-17,-0.226401
1.9,1,1.49905,-3.67805e-17,-0.227069
1.901,1,1.49905,-1.17111e-16,-0.227737
1.902,1,1.49905,-1.1033e-18,-0.228404
1.903,1,1.49905,-1.83457e-16,-0.229072
1.904,1,1.49905,2.53309e-16,-0.229739
1.905,1,1.49905,-2.90023e-16,-0.230406
1.906,1,1.49905,2.29664e-16,-0.231072
1.907,1,1.49905,-2.88972e-16,-0.231739
1.908,1,1.49905,-2.40544e-16,-0.232405
1.909,1,1.49905,9.19313e-17,-0.233071
1.91,1,1.49905,-5.27113e-17,-0.233737
1.911,1,1.49905,4.10125e-16,-0.234402
1.912,1,1.49905,4.80128e-16,-0.235068
1.913,1,1.49905,1.03953e-16,-0.235733
1.914,1,1.49905,-2.52934e-16,-0.236397
1.915,1,1.49905,2.26589e-16,-0.237062
1.916,1,1.49905,-1.63071e-16,-0.237726
1.917,1,1.49905,-4.44982e-17,-0.238391
1.918,1,1.49905,-1.92229e-16,-0.239054
1.919,1,1.49905,-5.19951e-16,-0.239718
1.92,1,1.49905,-6.28048e-17,-0.240381
1.921,1,1.49905,-5.93304e-17,-0.241045
1.922,1,1.49905,-2.85877e-17,-0.241708
1.923,1,1.49905,-9.65265e-17,-0.24237
1.924,1,1.49905,5.59097e-17,-0.243033
1.925,1,1.49905,-8.24734e-18,-0.243695
1.926,1,1.49905,-3.43911e-16,-0.244357
1.927,1,1.49905,1.01846e-17,-0.245019
1.928,1,1.49905,-1.59413e-16,-0.24568
1.929,1,1.49905,-1.66112e-16,-0.246341
1.93,1,1.49905,-5.24902e-16,-0.247002
1.931,1,1.49905,-1.52567e-16,-0.247663
1.932,1,1.49905,-8.2589e-17,-0.248323
1.933,1,1.49905,2.88006e-16,-0.248984
1.934,1,1.49905,1.63236e-16,-0.249644
1.935,1,1.49905,1.55466e-17,-0.250303
1.936,1,1.49905,7.16316e-17,-0.250963
1.937,1,1.49905,-3.55261e-17,-0.251622
1.938,1,1.49905,-1.29279e-16,-0.252281
1.939,1,1.49905,-5.77331e-17,-0.25294
1.94,1,1.49905,1.24959e-16,-0.253598
1.941,1,1.49905,-5.13519e-17,-0.254257
1.942,1,1.49905,2.72677e-17,-0.254914
1.943,1,1.49905,1.35131e-16,-0.255572
1.944,1,1.49905,-3.4231e-16,-0.25623
1.945,1,1.49905,-3.03156e-16,-0.256887
1.946,1,1.49905,-1.36654e-16,-0.257544
1.947,1,1.49905,-4.21514e-16,-0.258201
1.948,1,1.49905,-2.91364e-16,-0.258857
1.949,1,1.49905,2.84901e-16,-0.259513
1.95,1,1.49905,1.77961e-16,-0.260169
1.951,1,1.49905,1.12348e-18,-0.260825
1.952,1,1.49905,-9.14735e-17,-0.26148
1.953,1,1.49905,-3.8211e-16,-0.262135
1.954,1,1.49905,-2.58011e-16,-0.26279
1.955,1,1.49905,-3.93602e-17,-0.263445
1.956,1,1.49905,8.05137e-17,-0.264099
1.957,1,1.49905,-2.14663e-16,-0.264753
1.958,1,1.49905,1.18666e-16,-0.265407
1.959,1,1.49905,-5.80185e-17,-0.266061
1.96,1,1.49905,-1.49761e-16,-0.266714
1.961,1,1.49905,5.77592e-17,-0.267367
1.962,1,1.49905,-3.46848e-16,-0.26802
1.963,1,1.49905,-1.81266e-16,-0.268672
1.964,1,1.49905,-6.12183e-17,-0.269324
1.965,1,1.49905,3.10986e-17,-0.269976
1.966,1,1.49905,3.53994e-17,-0.270628
1.967,1,1.49905,-1.62069e-16,-0.271279
1.968,1,1.49905,-8.99101e-17,-0.271931
1.969,1,1.49905,-6.42319e-17,-0.272581
1.97,1,1.49905,-2.08185e-16,-0.273232
1.971,1,1.49905,-5.54706e-16,-0.273882
1.972,1,1.49905,-1.7238e-16,-0.274532
1.973,1,1.49905,-3.52861e-16,-0.275182
1.974,1,1.49905,-1.11559e-16,-0.275832
1.975,1,1.49905,2.56013e-16,-0.276481
1.976,1,1.49905,-5.02726e-17,-0.27713
1.977,1,1.49905,1.43769e-16,-0.277779
1.978,1,1.49905,1.81132e-16,-0.278427
1.979,1,1.49905,-6.06933e-18,-0.279075
1.98,1,1.49905,-8.09962e-17,-0.279723
1.981,1,1.49905,1.73106e-17,-0.28037
1.982,1,1.49905,-6.74219e-17,-0.281018
1.983,1,1.49905,-1.19768e-16,-0.281665
1.984,1,1.49905,-3.8648e-16,-0.282312
1.985,1,1.49905,-1.55977e-16,-0.282958
1.986,1,1.49905,-2.29001e-16,-0.283604
1.987,1,1.49905,-2.32856e-16,-0.28425
1.988,1,1.49905,-5.26368e-17,-0.284896
1.989,1,1.49905,9.01638e-17,-0.285541
1.99,1,1.49905,2.30816e-16,-0.286186
1.991,1,1.49905,-1.26245e-16,-0.286831
1.992,1,1.49905,-6.96801e-17,-0.287475
1.993,1,1.49905,-2.35186e-17,-0.288119
1.994,1,1.49905,5.55529e-17,-0.288763
1.995,1,1.49905,3.04076e-17,-0.289407
1.996,1,1.49905,-3.35671e-16,-0.29005
1.997,1,1.49905,1.38206e-16,-0.290693
1.998,1,1.49905,1.65816e-16,-0.291336
1.999,1,1.49905,-2.505e-16,-0.291978
2,1,1.49905,1.33364e-16,-0.29262
2.001,1,1.49905,5.01626e-17,-0.293262
2.002,1,1.49905,1.59669e-16,-0.293904
2.003,1,1.49905,-4.28098e-17,-0.294545
2.004,1,1.49905,-1.04838e-16,-0.295186
2.005,1,1.49905,2.15488e-16,-0.295827
2.006,1,1.49905,9.71765e-17,-0.296467
2.007,1,1.49905,6.26128e-17,-0.297107
2.008,1,1.49905,5.39059e-17,-0.297747
2.009,1,1.49905,-1.23579e-16,-0.298386
2.01,1,1.49905,-1.99371e-16,-0.299026
2.011,1,1.49905,-1.66424e-16,-0.299664
2.012,1,1.49905,-2.49365e-17,-0.300303
2.013,1,1.49905,1.01274e-16,-0.300941
2.014,1,1.49905,-6.05505e-17,-0.301579
2.015,1,1.49905,-8.61699e-17,-0.302217
2.016,1,1.49905,-2.79851e-16,-0.302854
2.017,1,1.49905,-2.86148e-16,-0.303491
2.018,1,1.49905,-4.33494e-16,-0.304128
2.019,1,1.49905,-5.88563e-17,-0.304765
2.02,1,1.49905,-1.33926e-16,-0.305401
2.021,1,1.49905,-3.17581e-16,-0.306037
2.022,1,1.49905,-2.14598e-17,-0.306672
2.023,1,1.49905,-1.72989e-16,-0.307308
2.024,1,1.49905,-1.06346e-16,-0.307943
2.025,1,1.49905,1.08047e-16,-0.308577
2.026,1,1.49905,-2.98218e-17,-0.309212
2.027,1,1.49905,-1.93258e-16,-0.309846
2.028,1,1.49905,-2.72949e-17,-0.310479
2.029,1,1.49905,-3.28402e-16,-0.311113
2.03,1,1.49905,-3.24768e-16,-0.311746
2.031,1,1.49905,-1.77894e-16,-0.312379
2.032,1,1.49905,-3.24869e-16,-0.313011
2.033,1,1.49905,-1.46653e-16,-0.313643
2.034,1,1.49905,-8.7471e-17,-0.314275
2.035,1,1.49905,2.6686e-16,-0.314907
2.036,1,1.49905,5.77263e-17,-0.315538
2.037,1,1.49905,-1.89075e-18,-0.316169
2.038,1,1.49905,-3.25741e-16,-0.316799
2.039,1,1.49905,-3.10249e-16,-0.31743
2.04,1,1.49905,-1.90194e-16,-0.31806
2.041,1,1.49905,-4.27499e-16,-0.318689
2.042,1,1.49905,-1.15831e-17,-0.319319
2.043,1,1.49905,-7.74427e-17,-0.319948
2.044,1,1.49905,-2.97485e-16,-0.320576
2.045,1,1.49905,-4.36703e-16,-0.321205
2.046,1,1.49905,-1.69939e-16,-0.321833
2.047,1,1.49905,5.17659e-17,-0.32246
2.048,1,1.49905,-2.05412e-16,-0.323088
2.049,1,1.49905,-4.53812e-16,-0.323715
2.05,1,1.49905,7.98276e-17,-0.324342
2.051,1,1.49905,-4.64412e-16,-0.324968
2.052,1,1.49905,1.63911e-16,-0.325594
2.053,1,1.49905,1.38085e-16,-0.32622
2.054,1,1.49905,-6.22845e-18,-0.326845
2.055,1,1.49905,-4.90057e-16,-0.327471
2.056,1,1.49905,1.57056e-16,-0.328095
2.057,1,1.49905,1.0659e-16,-0.32872
2.058,1,1.49905,-3.98006e-16,-0.329344
2.059,1,1.49905,-9.43726e-18,-0.329968
2.06,1,1.49905,-3.51952e-16,-0.330591
2.061,1,1.49905,-1.35984e-16,-0.331214
2.062,1,1.49905,-8.91422e-17,-0.331837
2.063,1,1.49905,-2.07921e-16,-0.33246
2.064,1,1.49905,6.38491e-17,-0.333082
2.065,1,1.49905,-8.17806e-17,-0.333704
2.066,1,1.49905,6.41042e-18,-0.334325
2.067,1,1.49905,6.19082e-17,-0.334946
2.068,1,1.49905,-7.78263e-17,-0.335567
2.069,1,1.49905,2.14123e-16,-0.336188
2.07,1,1.49905,-2.81258e-16,-0.336808
2.071,1,1.49905,-3.27902e-16,-0.337428
2.072,1,1.49905,-3.69035e-17,-0.338047
2.073,1,1.49905,-1.53792e-16,-0.338666
2.074,1,1.49905,-3.82517e-16,-0.339285
2.075,1,1.49905,1.0267e-16,-0.339904
2.076,1,1.49905,-4.6841e-17,-0.340522
2.077,1,1.49905,-1.53459e-16,-0.34114
2.078,1,1.49905,-1.67382e-17,-0.341757
2.079,1,1.49905,-8.24016e-17,-0.342374
2.08,1,1.49905,2.17728e-16,-0.342991
2.081,1,1.49905,2.05008e-16,-0.343607
2.082,1,1.49905,1.56058e-16,-0.344223
2.083,1,1.49905,-1.13396e-16,-0.344839
2.084,1,1.49905,1.82591e-16,-0.345455
2.085,1,1.49905,-1.34954e-16,-0.34607
2.086,1,1.49905,-2.26665e-16,-0.346684
2.087,1,1.49905,2.10344e-16,-0.347299
2.088,1,1.49905,-1.11756e-16,-0.347913
2.089,1,1.49905,-3.88725e-16,-0.348526
2.09,1,1.49905,-6.52866e-17,-0.34914
2.091,1,1.49905,-6.1685e-17,-0.349753
2.092,1,1.49905,-1.04315e-16,-0.350365
2.093,1,1.49905,6.47285e-17,-0.350978
2.094,1,1.49905,-3.7105e-16,-0.35159
2.095,1,1.49905,-9.12685e-17,-0.352201
2.096,1,1.49905,2.18485e-16,-0.352812
2.097,1,1.49905,7.30497e-17,-0.353423
2.098,1,1.49905,6.25665e-17,-0.354034
2.099,1,1.49905,-1.7418e-16,-0.354644
2.1,1,1.49905,2.10476e-16,-0.355254
2.101,1,1.49905,5.16137e-17,-0.355863
2.102,1,1.49905,-1.08917e-16,-0.356472
2.103,1,1.49905,2.06064e-17,-0.357081
2.104,1,1.49905,-1.32057e-16,-0.357689
2.105,1,1.49905,-3.38194e-16,-0.358297
2.106,1,1.49905,-5.0618e-17,-0.358905
2.107,1,1.49905,1.54826e-16,-0.359512
2.108,1,1.49905,5.92319e-17,-0.360119
2.109,1,1.49905,2.68215e-16,-0.360726
2.11,1,1.49905,1.45175e-16,-0.361332
2.111,1,1.49905,-6.80971e-17,-0.361938
2.112,1,1.49905,-4.07835e-16,-0.362544
2.113,1,1.49905,-7.60196e-17,-0.363149
2.114,1,1.49905,-1.66515e-16,-0.363754
2.115,1,1.49905,-2.22654e-16,-0.364358
2.116,1,1.49905,-1.75952e-16,-0.364962
2.117,1,1.49905,-2.12679e-16,-0.365566
2.118,1,1.49905,-1.56244e-16,-0.366169
2.119,1,1.49905,7.21838e-17,-0.366772
2.12,1,1.49905,2.3219e-16,-0.367375
2.121,1,1.49905,-9.65492e-17,-0.367977
2.122,1,1.49905,4.09709e-17,-0.368579
2.123,1,1.49905,-2.16654e-16,-0.36918
2.124,1,1.49905,-1.31348e-16,-0.369781
2.125,1,1.49905,3.82303e-16,-0.370382
2.126,1,1.49905,-3.18867e-18,-0.370983
2.127,1,1.49905,-1.38726e-16,-0.371583
2.128,1,1.49905,3.54325e-17,-0.372182
2.129,1,1.49905,-9.90074e-17,-0.372782
2.13,1,1.49905,2.24002e-16,-0.37338
2.131,1,1.49905,-1.44533e-16,-0.373979
2.132,1,1.49905,-4.36323e-16,-0.374577
2.133,1,1.49905,-3.58844e-16,-0.375175
2.134,1,1.49905,-2.36697e-17,-0.375772
2.135,1,1.49905,3.28352e-16,-0.376369
2.136,1,1.49905,-2.76349e-16,-0.376966
2.137,1,1.49905,-3.5372e-17,-0.377562
2.138,1,1.49905,-3.19132e-17,-0.378158
2.139,1,1.49905,-3.81428e-16,-0.378754
2.14,1,1.49905,-6.82934e-17,-0.379349
2.141,1,1.49905,-1.78049e-16,-0.379944
2.142,1,1.49905,6.49891e-17,-0.380538
2.143,1,1.49905,-7.9325e-17,-0.381132
2.144,1,1.49905,-1.14721e-16,-0.381726
2.145,1,1.49905,5.27284e-17,-0.382319
2.146,1,1.49905,1.18062e-16,-0.382912
2.147,1,1.49905,-1.26095e-16,-0.383504
2.148,1,1.49905,-3.18072e-16,-0.384097
2.149,1,1.49905,-1.25149e-16,-0.384688
2.15,1,1.49905,4.88959e-16,-0.38528
2.151,1,1.49905,4.71167e-16,-0.385871
2.152,1,1.49905,-6.09419e-17,-0.386461
2.153,1,1.49905,-2.29069e-16,-0.387051
2.154,1,1.49905,-3.32814e-16,-0.387641
2.155,1,1.49905,3.05684e-16,-0.388231
2.156,1,1.49905,1.73617e-16,-0.38882
2.157,1,1.49905,-3.78289e-16,-0.389408
2.158,1,1.49905,1.08658e-16,-0.389996
2.159,1,1.49905,4.3399e-17,-0.390584
2.16,1,1.49905,-1.82731e-16,-0.391172
2.161,1,1.49905,-5.38284e-17,-0.391759
2.162,1,1.49905,-9.31071e-17,-0.392346
2.163,1,1.49905,1.28085e-16,-0.392932
2.164,1,1.49905,-3.63257e-16,-0.393518
2.165,1,1.49905,-7.70317e-17,-0.394103
2.166,1,1.49905,3.14069e-17,-0.394688
2.167,1,1.49905,9.15031e-17,-0.395273
2.168,1,1.49905,-4.14043e-16,-0.395857
2.169,1,1.49905,-3.03242e-17,-0.396441
2.17,1,1.49905,2.30839e-16,-0.397025
2.171,1,1.49905,-6.06983e-17,-0.397608
2.172,1,1.49905,-6.59737e-17,-0.398191
2.173,1,1.49905,-2.35438e-16,-0.398773
2.174,1,1.49905,-1.83456e-16,-0.399355
2.175,1,1.49905,-5.12694e-16,-0.399937
2.176,1,1.49905,-2.23655e-16,-0.400518
2.177,1,1.49905,4.11319e-16,-0.401099
2.178,1,1.49905,-2.12823e-16,-0.401679
2.179,1,1.49905,8.06421e-17,-0.402259
2.18,1,1.49905,8.35052e-17,-0.402838
2.181,1,1.49905,2.00916e-17,-0.403418
2.182,1,1.49905,-2.30072e-16,-0.403996
2.183,1,1.49905,-2.76675e-16,-0.404575
2.184,1,1.49905,-9.04205e-17,-0.405153
2.185,1,1.49905,9.26978e-17,-0.40573
2.186,1,1.49905,-4.01312e-16,-0.406307
2.187,1,1.49905,-3.11991e-16,-0.406884
2.188,1,1.49905,-6.40929e-17,-0.40746
2.189,1,1.49905,4.01134e-17,-0.408036
2.19,1,1.49905,2.31789e-19,-0.408612
2.191,1,1.49905,1.41335e-16,-0.409187
2.192,1,1.49905,-1.1632e-17,-0.409762
2.193,1,1.49905,-2.60497e-16,-0.410336
2.194,1,1.49905,-6.33442e-17,-0.41091
2.195,1,1.49905,1.50145e-16,-0.411483
2.196,1,1.49905,8.59644e-17,-0.412056
2.197,1,1.49905,-1.37102e-16,-0.412629
2.198,1,1.49905,-1.42198e-16,-0.413201
2.199,1,1.49905,-2.12849e-16,-0.413773
2.2,1,1.49905,2.14513e-17,-0.414344
2.201,1,1.49905,1.84713e-17,-0.414915
2.202,1,1.49905,9.04084e-18,-0.415486
2.203,1,1.49905,-2.23899e-16,-0.416056
2.204,1,1.49905,1.36139e-16,-0.416626
2.205,1,1.49905,-1.54954e-16,-0.417195
2.206,1,1.49905,-3.35732e-16,-0.417764
2.207,1,1.49905,-5.09983e-17,-0.418332
2.208,1,1.49905,-4.25043e-16,-0.418901
2.209,1,1.49905,-9.72099e-17,-0.419468
2.21,1,1.49905,-6.09463e-18,-0.420035
2.211,1,1.49905,-1.01567e-16,-0.420602
2.212,1,1.49905,-1.03872e-16,-0.421169
2.213,1,1.49905,-1.22656e-16,-0.421735
2.214,1,1.49905,-7.38461e-17,-0.4223
2.215,1,1.49905,-3.36328e-16,-0.422865
2.216,1,1.49905,-4.09334e-17,-0.42343
2.217,1,1.49905,-3.82147e-16,-0.423994
2.218,1,1.49905,5.57735e-17,-0.424558
2.219,1,1.49905,2.17497e-16,-0.425122
2.22,1,1.49905,-8.67933e-17,-0.425685
2.221,1,1.49905,-1.41956e-16,-0.426247
2.222,1,1.49905,-2.18649e-19,-0.426809
2.223,1,1.49905,5.80856e-17,-0.427371
2.224,1,1.49905,-1.86838e-16,-0.427933
2.225,1,1.49905,-2.01657e-16,-0.428493
2.226,1,1.49905,1.67922e-16,-0.429054
2.227,1,1.49905,2.49987e-16,-0.429614
2.228,1,1.49905,1.53217e-16,-0.430174
2.229,1,1.49905,-2.41183e-16,-0.430733
2.23,1,1.49905,1.2248e-16,-0.431291
2.231,1,1.49905,-9.70878e-17,-0.43185
2.232,1,1.49905,1.58642e-16,-0.432408
2.233,1,1.49905,7.63551e-17,-0.432965
2.234,1,1.49905,1.18873e-16,-0.433522
2.235,1,1.49905,-1.32997e-16,-0.434079
2.236,1,1.49905,-1.40767e-16,-0.434635
2.237,1,1.49905,2.14822e-16,-0.435191
2.238,1,1.49905,-1.62566e-16,-0.435746
2.239,1,1.49905,2.74908e-16,-0.436301
2.24,1,1.49905,-1.84253e-16,-0.436855
2.241,1,1.49905,-1.88603e-16,-0.437409
2.242,1,1.49905,-4.09896e-16,-0.437963
2.243,1,1.49905,-1.78367e-17,-0.438516
2.244,1,1.49905,1.93955e-16,-0.439068
2.245,1,1.49905,-8.11257e-16,-0.439621
2.246,1,1.49905,-1.15451e-18,-0.440172
2.247,1,1.49905,9.71793e-17,-0.440724
2.248,1,1.49905,2.77534e-16,-0.441275
2.249,1,1.49905,1.55815e-16,-0.441825
2.25,1,1.49905,1.93337e-16,-0.442375
2.251,1,1.49905,8.30292e-17,-0.442925
2.252,1,1.49905,-1.70525e-16,-0.443474
2.253,1,1.49905,-2.22087e-16,-0.444023
2.254,1,1.49905,-8.0836e-17,-0.444571
2.255,1,1.49905,-5.05607e-16,-0.445119
2.256,1,1.49905,3.45861e-17,-0.445666
2.257,1,1.49905,-1.63753e-16,-0.446213
2.258,1,1.49905,2.39929e-16,-0.44676
2.259,1,1.49905,2.18464e-17,-0.447306
2.26,1,1.49905,-3.97028e-16,-0.447851
2.261,1,1.49905,-1.67027e-16,-0.448396
2.262,1,1.49905,8.88115e-17,-0.448941
2.263,1,1.49905,-2.08128e-16,-0.449485
2.264,1,1.49905,-3.86398e-16,-0.450029
2.265,1,1.49905,-8.7797e-17,-0.450572
2.266,1,1.49905,-2.56585e-17,-0.451115
2.267,1,1.49905,6.41106e-17,-0.451658
2.268,1,1.49905,1.10516e-16,-0.4522
2.269,1,1.49905,-2.56313e-16,-0.452741
2.27,1,1.49905,2.63632e-17,-0.453282
2.271,1,1.49905,-3.77932e-16,-0.453823
2.272,1,1.49905,-1.33702e-16,-0.454363
2.273,1,1.49905,-3.04137e-16,-0.454903
2.274,1,1.49905,-3.33455e-17,-0.455442
2.275,1,1.49905,-2.68855e-16,-0.455981
2.276,1,1.49905,-2.33054e-16,-0.45652
2.277,1,1.49905,-5.27421e-17,-0.457057
2.278,1,1.49905,7.0277e-17,-0.457595
2.279,1,1.49905,-1.62911e-16,-0.458132
2.28,1,1.49905,-1.58969e-16,-0.458668
2.281,1,1.49905,-2.83102e-16,-0.459205
2.282,1,1.49905,1.02355e-16,-0.45974
2.283,1,1.49905,-9.64586e-17,-0.460275
2.284,1,1.49905,-7.0575e-18,-0.46081
2.285,1,1.49905,-3.96343e-16,-0.461344
2.286,1,1.49905,-2.63509e-16,-0.461878
2.287,1,1.49905,-3.25967e-17,-0.462411
2.288,1,1.49905,-1.12808e-16,-0.462944
2.289,1,1.49905,-1.79184e-16,-0.463477
2.29,1,1.49905,2.12853e-16,-0.464009
2.291,1,1.49905,-5.49157e-17,-0.46454
2.292,1,1.49905,-7.72387e-17,-0.465071
2.293,1,1.49905,-6.66228e-17,-0.465602
2.294,1,1.49905,-1.57841e-16,-0.466132
2.295,1,1.49905,-2.25729e-16,-0.466662
2.296,1,1.49905,-1.12515e-16,-0.467191
2.297,1,1.49905,1.54197e-16,-0.467719
2.298,1,1.49905,6.99985e-17,-0.468248
2.299,1,1.49905,7.29091e-17,-0.468775
2.3,1,1.49905,-1.87382e-16,-0.469303
2.301,1,1.49905,-1.71931e-16,-0.469829
2.302,1,1.49905,-1.3486e-16,-0.470356
2.303,1,1.49905,2.25723e-17,-0.470882
2.304,1,1.49905,-2.19299e-16,-0.471407
2.305,1,1.49905,-4.58081e-16,-0.471932
2.306,1,1.49905,-2.26324e-16,-0.472457
2.307,1,1.49905,-1.03425e-16,-0.472981
2.308,1,1.49905,-3.00039e-16,-0.473504
2.309,1,1.49905,-3.02739e-16,-0.474027
2.31,1,1.49905,3.32555e-18,-0.47455
2.311,1,1.49905,-3.78412e-16,-0.475072
2.312,1,1.49905,-2.58209e-16,-0.475593
2.313,1,1.49905,-9.3025e-17,-0.476115
2.314,1,1.49905,7.34245e-17,-0.476635
2.315,1,1.49905,-2.23769e-17,-0.477156
2.316,1,1.49905,-2.17555e-16,-0.477675
2.317,1,1.49905,-2.40395e-16,-0.478195
2.318,1,1.49905,-1.71738e-16,-0.478713
2.319,1,1.49905,-1.58278e-16,-0.479232
2.32,1,1.49905,-8.02883e-17,-0.479749
2.321,1,1.49905,-1.27902e-16,-0.480267
2.322,1,1.49905,1.75005e-17,-0.480784
2.323,1,1.49905,-4.10761e-17,-0.4813
2.324,1,1.49905,2.61391e-17,-0.481816
2.325,1,1.49905,-1.69616e-16,-0.482331
2.326,1,1.49905,-2.82513e-17,-0.482846
2.327,1,1.49905,-1.86804e-16,-0.483361
2.328,1,1.49905,-4.66134e-16,-0.483875
2.329,1,1.49905,-2.38569e-16,-0.484388
2.33,1,1.49905,1.16943e-16,-0.484901
2.331,1,1.49905,3.63943e-17,-0.485414
2.332,1,1.49905,5.92634e-17,-0.485926
2.333,1,1.49905,2.50104e-16,-0.486437
2.334,1,1.49905,-1.0602e-16,-0.486948
2.335,1,1.49905,-1.00235e-16,-0.487459
2.336,1,1.49905,2.66471e-17,-0.487969
2.337,1,1.49905,-1.66804e-17,-0.488479
2.338,1,1.49905,-2.1233e-16,-0.488988
2.339,1,1.49905,7.5135e-17,-0.489497
2.34,1,1.49905,1.27967e-16,-0.490005
2.341,1,1.49905,-2.8922e-16,-0.490512
2.342,1,1.49905,1.61163e-16,-0.49102
2.343,1,1.49905,-2.05516e-16,-0.491526
2.344,1,1.49905,1.53452e-16,-0.492032
2.345,1,1.49905,-2.38149e-16,-0.492538
2.346,1,1.49905,-4.18592e-16,-0.493043
2.347,1,1.49905,-3.96639e-16,-0.493548
2.348,1,1.49905,-5.99729e-16,-0.494052
2.349,1,1.49905,1.20182e-16,-0.494556
2.35,1,1.49905,6.89403e-17,-0.495059
2.351,1,1.49905,-8.58507e-17,-0.495562
2.352,1,1.49905,-2.26031e-17,-0.496064
2.353,1,1.49905,-2.01007e-16,-0.496566
2.354,1,1.49905,3.8428e-16,-0.497067
2.355,1,1.49905,-2.56465e-16,-0.497568
2.356,1,1.49905,-3.09351e-16,-0.498068
2.357,1,1.49905,-6.31049e-17,-0.498568
2.358,1,1.49905,-2.57348e-16,-0.499067
2.359,1,1.49905,-4.37752e-17,-0.499566
2.36,1,1.49905,-7.67187e-17,-0.500064
2.361,1,1.49905,-5.0719e-17,-0.500562
2.362,1,1.49905,-2.23803e-17,-0.501059
2.363,1,1.49905,-1.17668e-16,-0.501556
2.364,1,1.49905,-7.77231e-17,-0.502052
2.365,1,1.49905,-3.58674e-16,-0.502548
2.366,1,1.49905,-1.9297e-16,-0.503043
2.367,1,1.49905,2.25538e-16,-0.503538
2.368,1,1.49905,-1.55484e-16,-0.504033
2.369,1,1.49905,-1.62705e-16,-0.504526
2.37,1,1.49905,-2.99637e-17,-0.50502
2.371,1,1.49905,-5.19306e-16,-0.505512
2.372,1,1.49905,2.32515e-17,-0.506005
2.373,1,1.49905,-5.79916e-17,-0.506496
2.374,1,1.49905,-2.20444e-16,-0.506988
2.375,1,1.49905,-1.55292e-16,-0.507478
2.376,1,1.49905,-1.36184e-16,-0.507969
2.377,1,1.49905,8.62972e-17,-0.508458
2.378,1,1.49905,-3.25784e-16,-0.508947
2.379,1,1.49905,6.9408e-17,-0.509436
2.38,1,1.49905,5.04504e-17,-0.509924
2.381,1,1.49905,-3.34427e-16,-0.510412
2.382,1,1.49905,-3.942e-16,-0.510899
2.383,1,1.49905,1.06883e-16,-0.511386
2.384,1,1.49905,-1.37014e-16,-0.511872
2.385,1,1.49905,-3.17691e-16,-0.512358
2.386,1,1.49905,-1.65726e-16,-0.512843
2.387,1,1.49905,1.48601e-16,-0.513327
2.388,1,1.49905,1.51096e-16,-0.513812
2.389,1,1.49905,-7.42403e-17,-0.514295
2.39,1,1.49905,-1.92794e-16,-0.514778
2.391,1,1.49905,-2.6594e-16,-0.515261
2.392,1,1.49905,1.33445e-16,-0.515743
2.393,1,1.49905,9.36437e-17,-0.516224
2.394,1,1.49905,-5.03528e-16,-0.516705
2.395,1,1.49905,-3.21216e-16,-0.517186
2.396,1,1.49905,-2.92183e-16,-0.517666
2.397,1,1.49905,-3.98734e-17,-0.518145
2.398,1,1.49905,-3.40243e-16,-0.518624
2.399,1,1.49905,-3.55172e-16,-0.519103
2.4,1,1.49905,-4.73295e-16,-0.519581
2.401,1,1.49905,1.53094e-16,-0.520058
2.402,1,1.49905,-1.67693e-16,-0.520535
2.403,1,1.49905,3.25442e-17,-0.521011
2.404,1,1.49905,7.33369e-17,-0.521487
2.405,1,1.49905,-3.01244e-16,-0.521963
2.406,1,1.49905,3.4175e-17,-0.522437
2.407,1,1.49905,1.95853e-16,-0.522912
2.408,1,1.49905,-4.02227e-16,-0.523385
2.409,1,1.49905,2.27914e-16,-0.523859
2.41,1,1.49905,-6.85274e-17,-0.524331
2.411,1,1.49905,-2.5732e-16,-0.524804
2.412,1,1.49905,1.53283e-18,-0.525275
2.413,1,1.49905,1.38209e-16,-0.525746
2.414,1,1.49905,1.21464e-16,-0.526217
2.415,1,1.49905,-4.60179e-16,-0.526687
2.416,1,1.49905,1.57127e-16,-0.527157
2.417,1,1.49905,-2.26701e-16,-0.527626
2.418,1,1.49905,-4.59994e-17,-0.528094
2.419,1,1.49905,-3.60572e-16,-0.528562
2.42,1,1.49905,-1.11825e-16,-0.52903
2.421,1,1.49905,1.56192e-16,-0.529497
2.422,1,1.49905,1.34659e-16,-0.529963
2.423,1,1.49905,-2.51824e-16,-0.530429
2.424,1,1.49905,-2.12784e-16,-0.530894
2.425,1,1.49905,1.47264e-16,-0.531359
2.426,1,1.49905,-5.27162e-17,-0.531823
2.427,1,1.49905,-1.33054e-16,-0.532287
2.428,1,1.49905,-8.40779e-17,-0.53275
2.429,1,1.49905,-3.0038e-16,-0.533213
2.43,1,1.49905,-1.70969e-16,-0.533675
2.431,1,1.49905,-2.99351e-16,-0.534137
2.432,1,1.49905,-6.10138e-17,-0.534598
2.433,1,1.49905,-4.06961e-16,-0.535059
2.434,1,1.49905,9.37526e-17,-0.535519
2.435,1,1.49905,-1.03851e-16,-0.535978
2.436,1,1.49905,-2.9552e-16,-0.536437
2.437,1,1.49905,-1.93222e-17,-0.536896
2.438,1,1.49905,-1.92153e-16,-0.537353
2.439,1,1.49905,3.96233e-17,-0.537811
2.44,1,1.49905,2.60029e-16,-0.538268
2.441,1,1.49905,1.33712e-17,-0.538724
2.442,1,1.49905,-1.99432e-16,-0.53918
2.443,1,1.49905,2.00861e-16,-0.539635
2.444,1,1.49905,-8.90287e-17,-0.540089
2.445,1,1.49905,-3.01615e-16,-0.540544
2.446,1,1.49905,-1.92981e-16,-0.540997
2.447,1,1.49905,4.6788e-17,-0.54145
2.448,1,1.49905,1.07555e-16,-0.541903
2.449,1,1.49905,-3.22724e-16,-0.542355
2.45,1,1.49905,-1.55582e-16,-0.542806
2.451,1,1.49905,3.05145e-16,-0.543257
2.452,1,1.49905,-2.86558e-16,-0.543707
2.453,1,1.49905,-2.98146e-16,-0.544157
2.454,1,1.49905,1.87043e-16,-0.544606
2.455,1,1.49905,1.48573e-16,-0.545055
2.456,1,1.49905,-2.68996e-16,-0.545503
2.457,1,1.49905,-4.09681e-16,-0.545951
2.458,1,1.49905,-2.80613e-16,-0.546398
2.459,1,1.49905,-1.58813e-16,-0.546844
2.46,1,1.49905,-9.16679e-17,-0.54729
2.461,1,1.49905,-8.72359e-17,-0.547736
2.462,1,1.49905,-8.71272e-17,-0.548181
2.463,1,1.49905,-2.08091e-17,-0.548625
2.464,1,1.49905,-1.85873e-16,-0.549069
2.465,1,1.49905,-3.53342e-17,-0.549512
2.466,1,1.49905,-1.89827e-16,-0.549955
2.467,1,1.49905,-3.39185e-17,-0.550397
2.468,1,1.49905,4.63012e-16,-0.550839
2.469,1,1.49905,-9.91005e-17,-0.55128
2.47,1,1.49905,-9.13044e-17,-0.55172
2.471,1,1.49905,2.03641e-17,-0.55216
2.472,1,1.49905,-3.0115e-16,-0.5526
2.473,1,1.49905,-2.3288e-16,-0.553038
2.474,1,1.49905,9.20637e-17,-0.553477
2.475,1,1.49905,-1.79028e-16,-0.553914
2.476,1,1.49905,1.44161e-17,-0.554352
2.477,1,1.49905,-7.03102e-17,-0.554788
2.478,1,1.49905,1.57977e-16,-0.555224
2.479,1,1.49905,-2.57739e-16,-0.55566
2.48,1,1.49905,1.36706e-16,-0.556095
2.481,1,1.49905,-1.05561e-16,-0.556529
2.482,1,1.49905,-4.71092e-19,-0.556963
2.483,1,1.49905,-1.87747e-16,-0.557396
2.484,1,1.49905,-1.86881e-16,-0.557829
2.485,1,1.49905,-6.97176e-18,-0.558261
2.486,1,1.49905,2.64788e-17,-0.558693
2.487,1,1.49905,7.23715e-17,-0.559124
2.488,1,1.49905,-1.8485e-16,-0.559555
2.489,1,1.49905,-1.16321e-16,-0.559985
2.49,1,1.49905,-8.61067e-17,-0.560414
2.491,1,1.49905,-2.22116e-16,-0.560843
2.492,1,1.49905,-3.11883e-16,-0.561271
2.493,1,1.49905,1.12761e-16,-0.561699
2.494,1,1.49905,-6.10694e-16,-0.562126
2.495,1,1.49905,-1.20128e-16,-0.562553
2.496,1,1.49905,-1.30537e-16,-0.562979
2.497,1,1.49905,5.109e-17,-0.563404
2.498,1,1.49905,-3.43071e-16,-0.563829
2.499,1,1.49905,7.93641e-18,-0.564253
2.5,1,1.49905,1.03611e-16,-0.564677
2.501,1,1.49905,-2.06404e-16,-0.5651
2.502,1,1.49905,-3.65247e-16,-0.565523
2.503,1,1.49905,-4.75157e-16,-0.565945
2.504,1,1.49905,5.33338e-17,-0.566367
2.505,1,1.49905,-4.56227e-16,-0.566788
2.506,1,1.49905,8.03631e-17,-0.567208
2.507,1,1.49905,-5.74094e-16,-0.567628
2.508,1,1.49905,-4.62974e-16,-0.568047
2.509,1,1.49905,-1.65365e-16,-0.568466
2.51,1,1.49905,2.18325e-16,-0.568884
2.511,1,1.49905,-3.20511e-16,-0.569302
2.512,1,1.49905,-1.10571e-16,-0.569719
2.513,1,1.49905,-2.54469e-16,-0.570135
2.514,1,1.49905,-7.58536e-17,-0.570551
2.515,1,1.49905,-2.79664e-16,-0.570966
2.516,1,1.49905,9.02951e-18,-0.571381
2.517,1,1.49905,-1.60805e-16,-0.571795
2.518,1,1.49905,-1.43891e-16,-0.572209
2.519,1,1.49905,-2.44787e-16,-0.572622
2.52,1,1.49905,-2.24683e-16,-0.573034
2.521,1,1.49905,1.29604e-17,-0.573446
2.522,1,1.49905,-2.30674e-16,-0.573857
2.523,1,1.49905,-1.5897e-16,-0.574268
2.524,1,1.49905,2.23813e-16,-0.574678
2.525,1,1.49905,-1.88517e-16,-0.575088
2.526,1,1.49905,9.32089e-17,-0.575497
2.527,1,1.49905,-1.86409e-16,-0.575905
2.528,1,1.49905,-1.61238e-16,-0.576313
2.529,1,1.49905,-2.97146e-16,-0.57672
2.53,1,1.49905,-2.55172e-16,-0.577127
2.531,1,1.49905,4.29072e-17,-0.577533
2.532,1,1.49905,1.15697e-16,-0.577939
2.533,1,1.49905,-7.94579e-17,-0.578344
2.534,1,1.49905,-3.29072e-16,-0.578748
2.535,1,1.49905,-3.97825e-16,-0.579152
2.536,1,1.49905,-1.63225e-16,-0.579555
2.537,1,1.49905,-2.57767e-16,-0.579958
2.538,1,1.49905,-4.58981e-17,-0.58036
2.539,1,1.49905,-1.3017e-16,-0.580761
2.54,1,1.49905,-2.8536e-16,-0.581162
2.541,1,1.49905,-2.70222e-16,-0.581563
2.542,1,1.49905,-4.11898e-16,-0.581963
2.543,1,1.49905,-2.87726e-16,-0.582362
2.544,1,1.49905,1.59421e-16,-0.58276
2.545,1,1.49905,-8.97985e-17,-0.583158
2.546,1,1.49905,8.27986e-17,-0.583556
2.547,1,1.49905,-1.98127e-16,-0.583953
2.548,1,1.49905,2.22283e-16,-0.584349
2.549,1,1.49905,-3.55031e-16,-0.584745
2.55,1,1.49905,-3.84939e-16,-0.58514
2.551,1,1.49905,6.01954e-17,-0.585534
2.552,1,1.49905,-1.11931e-16,-0.585928
2.553,1,1.49905,-1.50646e-16,-0.586322
2.554,1,1.49905,-5.84078e-17,-0.586714
2.555,1,1.49905,-2.2898e-16,-0.587106
2.556,1,1.49905,-1.907e-16,-0.587498
2.557,1,1.49905,-8.20656e-17,-0.587889
2.558,1,1.49905,-1.91749e-16,-0.588279
2.559,1,1.49905,5.67677e-18,-0.588669
2.56,1,1.49905,-3.96775e-16,-0.589059
2.561,1,1.49905,-1.45033e-17,-0.589447
2.562,1,1.49905,-2.09126e-16,-0.589835
2.563,1,1.49905,-4.06058e-17,-0.590223
2.564,1,1.49905,-3.61909e-16,-0.59061
2.565,1,1.49905,-1.85344e-16,-0.590996
2.566,1,1.49905,-2.43457e-16,-0.591382
2.567,1,1.49905,-4.86748e-16,-0.591767
2.568,1,1.49905,2.57206e-16,-0.592151
2.569,1,1.49905,2.31495e-16,-0.592535
2.57,1,1.49905,-5.85595e-16,-0.592919
2.571,1,1.49905,-4.52238e-16,-0.593301
2.572,1,1.49905,-5.46377e-16,-0.593684
2.573,1,1.49905,1.02662e-17,-0.594065
2.574,1,1.49905,8.18097e-17,-0.594446
2.575,1,1.49905,-2.40656e-16,-0.594827
2.576,1,1.49905,-8.90333e-17,-0.595206
2.577,1,1.49905,-1.08688e-16,-0.595586
2.578,1,1.49905,7.92303e-17,-0.595964
2.579,1,1.49905,-6.81696e-17,-0.596342
2.58,1,1.49905,-1.22043e-16,-0.59672
2.581,1,1.49905,-2.5898e-16,-0.597096
2.582,1,1.49905,-4.97898e-17,-0.597473
2.583,1,1.49905,7.56651e-18,-0.597848
2.584,1,1.49905,-1.94642e-16,-0.598223
2.585,1,1.49905,-5.54964e-16,-0.598598
2.586,1,1.49905,-2.77576e-16,-0.598972
2.587,1,1.49905,-1.65608e-16,-0.599345
2.588,1,1.49905,-2.38865e-16,-0.599717
2.589,1,1.49905,-3.69316e-16,-0.600089
2.59,1,1.49905,-3.02502e-16,-0.600461
2.591,1,1.49905,-1.08582e-16,-0.600832
2.592,1,1.49905,-2.8984e-16,-0.601202
2.593,1,1.49905,-1.41809e-16,-0.601572
2.594,1,1.49905,2.07567e-16,-0.601941
2.595,1,1.49905,1.10768e-16,-0.602309
2.596,1,1.49905,-2.13285e-16,-0.602677
2.597,1,1.49905,-2.87123e-16,-0.603044
2.598,1,1.49905,-4.27436e-16,-0.603411
2.599,1,1.49905,-2.13624e-16,-0.603777
2.6,1,1.49905,-6.57492e-17,-0.604142
2.601,1,1.49905,-2.67673e-16,-0.604507
2.602,1,1.49905,-5.02281e-16,-0.604871
2.603,1,1.49905,-3.19783e-16,-0.605235
2.604,1,1.49905,2.94106e-16,-0.605598
2.605,1,1.49905,-2.10146e-16,-0.60596
2.606,1,1.49905,-2.44853e-16,-0.606322
2.607,1,1.49905,2.51067e-18,-0.606683
2.608,1,1.49905,-1.12266e-16,-0.607044
2.609,1,1.49905,6.93304e-18,-0.607404
2.61,1,1.49905,-3.13793e-16,-0.607763
2.611,1,1.49905,1.61207e-16,-0.608122
2.612,1,1.49905,-7.96154e-17,-0.60848
2.613,1,1.49905,1.04395e-16,-0.608838
2.614,1,1.49905,-1.43003e-16,-0.609195
2.615,1,1.49905,-1.17331e-16,-0.609551
2.616,1,1.49905,-1.77208e-16,-0.609907
2.617,1,1.49905,9.62104e-17,-0.610262
2.618,1,1.49905,-1.61852e-16,-0.610617
2.619,1,1.49905,-3.38975e-16,-0.610971
2.62,1,1.49905,-6.50456e-16,-0.611324
2.621,1,1.49905,-3.28443e-16,-0.611677
2.622,1,1.49905,-4.03754e-16,-0.612029
2.623,1,1.49905,-3.58464e-16,-0.61238
2.624,1,1.49905,-4.32786e-16,-0.612731
2.625,1,1.49905,-1.55913e-16,-0.613081
2.626,1,1.49905,-3.62986e-17,-0.613431
2.627,1,1.49905,2.62171e-16,-0.61378
2.628,1,1.49905,7.13492e-17,-0.614128
2.629,1,1.49905,-4.31923e-16,-0.614476
2.63,1,1.49905,2.33924e-17,-0.614823
2.631,1,1.49905,-1.57384e-16,-0.61517
2.632,1,1.49905,-1.90557e-16,-0.615516
2.633,1,1.49905,-2.85098e-16,-0.615861
2.634,1,1.49905,-7.75708e-17,-0.616206
2.635,1,1.49905,-2.53201e-16,-0.61655
2.636,1,1.49905,9.10703e-17,-0.616894
2.637,1,1.49905,-1.9704e-16,-0.617236
2.638,1,1.49905,-1.60324e-16,-0.617579
2.639,1,1.49905,2.78374e-16,-0.61792
2.64,1,1.49905,-5.837e-16,-0.618261
2.641,1,1.49905,-1.05469e-16,-0.618602
2.642,1,1.49905,-5.89434e-16,-0.618942
2.643,1,1.49905,-4.03324e-16,-0.619281
2.644,1,1.49905,-4.00509e-16,-0.619619
2.645,1,1.49905,-1.72016e-16,-0.619957
2.646,1,1.49905,-5.73377e-17,-0.620295
2.647,1,1.49905,1.44788e-17,-0.620631
2.648,1,1.49905,-3.48393e-16,-0.620967
2.649,1,1.49905,-2.49617e-16,-0.621303
2.65,1,1.49905,-3.47219e-16,-0.621638
2.651,1,1.49905,-3.17467e-18,-0.621972
2.652,1,1.49905,-3.01782e-16,-0.622306
2.653,1,1.49905,-1.44282e-17,-0.622639
2.654,1,1.49905,-1.82947e-16,-0.622971
2.655,1,1.49905,-2.77179e-16,-0.623303
2.656,1,1.49905,-6.25375e-17,-0.623634
2.657,1,1.49905,-3.01416e-16,-0.623964
2.658,1,1.49905,1.69763e-16,-0.624294
2.659,1,1.49905,8.43672e-18,-0.624624
2.66,1,1.49905,1.28299e-16,-0.624952
2.661,1,1.49905,-2.77103e-16,-0.62528
2.662,1,1.49905,1.47606e-16,-0.625608
2.663,1,1.49905,-4.84409e-16,-0.625934
2.664,1,1.49905,-4.34199e-16,-0.62626
2.665,1,1.49905,-2.63249e-16,-0.626586
2.666,1,1.49905,-6.61977e-16,-0.626911
2.667,1,1.49905,-1.92772e-16,-0.627235
2.668,1,1.49905,-3.04962e-16,-0.627559
2.669,1,1.49905,-8.94963e-18,-0.627882
2.67,1,1.49905,1.84091e-16,-0.628204
2.671,1,1.49905,1.14293e-16,-0.628526
2.672,1,1.49905,-2.59976e-16,-0.628847
2.673,1,1.49905,-9.55476e-17,-0.629167
2.674,1,1.49905,-6.8342e-17,-0.629487
2.675,1,1.49905,-1.53888e-17,-0.629807
2.676,1,1.49905,-5.07266e-16,-0.630125
2.677,1,1.49905,-4.16694e-16,-0.630443
2.678,1,1.49905,-4.48682e-16,-0.630761
2.679,1,1.49905,-4.43877e-16,-0.631077
2.68,1,1.49905,-1.15612e-16,-0.631393
2.681,1,1.49905,-2.19333e-16,-0.631709
2.682,1,1.49905,-4.79035e-16,-0.632024
2.683,1,1.49905,1.21728e-16,-0.632338
2.684,1,1.49905,-2.33989e-16,-0.632651
2.685,1,1.49905,1.26874e-17,-0.632964
2.686,1,1.49905,-3.14581e-16,-0.633277
2.687,1,1.49905,-2.80978e-16,-0.633588
2.688,1,1.49905,-1.88916e-16,-0.633899
2.689,1,1.49905,-1.58314e-17,-0.63421
2.69,1,1.49905,1.13838e-16,-0.63452
2.691,1,1.49905,-2.91404e-17,-0.634829
2.692,1,1.49905,-4.30826e-16,-0.635137
2.693,1,1.49905,-3.12117e-16,-0.635445
2.694,1,1.49905,-1.90414e-16,-0.635752
2.695,1,1.49905,-6.61656e-16,-0.636059
2.696,1,1.49905,1.71031e-16,-0.636365
2.697,1,1.49905,5.90966e-17,-0.63667
2.698,1,1.49905,-2.12214e-17,-0.636975
2.699,1,1.49905,-1.17744e-16,-0.637279
2.7,1,1.49905,1.32235e-16,-0.637582
2.701,1,1.49905,9.16584e-17,-0.637885
2.702,1,1.49905,8.08736e-17,-0.638187
2.703,1,1.49905,-1.66065e-16,-0.638489
2.704,1,1.49905,-1.55121e-16,-0.63879
2.705,1,1.49905,-2.98544e-16,-0.63909
2.706,1,1.49905,9.56725e-17,-0.63939
2.707,1,1.49905,1.9832e-16,-0.639689
2.708,1,1.49905,-2.50265e-16,-0.639987
2.709,1,1.49905,-4.70921e-16,-0.640285
2.71,1,1.49905,-1.29385e-16,-0.640582
2.711,1,1.49905,-4.82564e-16,-0.640878
2.712,1,1.49905,-3.25126e-16,-0.641174
2.713,1,1.49905,-4.01938e-16,-0.641469
2.714,1,1.49905,-1.98129e-16,-0.641764
2.715,1,1.49905,-2.04825e-16,-0.642057
2.716,1,1.49905,-4.94271e-16,-0.642351
2.717,1,1.49905,-1.87884e-16,-0.642643
2.718,1,1.49905,-6.54606e-17,-0.642935
2.719,1,1.49905,-3.47327e-16,-0.643226
2.72,1,1.49905,-4.71004e-16,-0.643517
2.721,1,1.49905,3.40449e-17,-0.643807
2.722,1,1.49905,-1.45979e-16,-0.644096
2.723,1,1.49905,-3.57315e-16,-0.644385
2.724,1,1.49905,-2.27313e-16,-0.644673
2.725,1,1.49905,-6.00093e-17,-0.644961
2.726,1,1.49905,-3.49073e-16,-0.645247
2.727,1,1.49905,-2.12738e-16,-0.645534
2.728,1,1.49905,-6.22776e-16,-0.645819
2.729,1,1.49905,-2.78463e-16,-0.646104
2.73,1,1.49905,-4.46547e-16,-0.646388
2.731,1,1.49905,-3.1275e-16,-0.646672
2.732,1,1.49905,-4.71039e-16,-0.646955
2.733,1,1.49905,3.02964e-16,-0.647237
2.734,1,1.49905,-8.49886e-17,-0.647519
2.735,1,1.49905,-3.18061e-16,-0.6478
2.736,1,1.49905,-4.38141e-17,-0.64808
2.737,1,1.49905,3.48897e-16,-0.64836
2.738,1,1.49905,-2.51164e-16,-0.648639
2.739,1,1.49905,-1.01194e-16,-0.648917
2.74,1,1.49905,1.11734e-16,-0.649195
2.741,1,1.49905,-1.68384e-16,-0.649472
2.742,1,1.49905,7.87249e-17,-0.649748
2.743,1,1.49905,-4.05504e-16,-0.650024
2.744,1,1.49905,-2.02858e-16,-0.650299
2.745,1,1.49905,-8.95015e-17,-0.650574
2.746,1,1.49905,1.27587e-16,-0.650848
2.747,1,1.49905,-3.37388e-16,-0.651121
2.748,1,1.49905,-3.97061e-16,-0.651393
2.749,1,1.49905,-1.8971e-16,-0.651665
2.75,1,1.49905,-2.00543e-16,-0.651936
2.751,1,1.49905,-1.54669e-17,-0.652207
2.752,1,1.49905,4.74173e-17,-0.652477
2.753,1,1.49905,-1.80759e-16,-0.652746
2.754,1,1.49905,-1.12126e-17,-0.653015
2.755,1,1.49905,-9.85851e-17,-0.653283
2.756,1,1.49905,7.75378e-17,-0.65355
2.757,1,1.49905,-1.50232e-16,-0.653817
2.758,1,1.49905,-1.48181e-16,-0.654083
2.759,1,1.49905,-1.94766e-16,-0.654348
2.76,1,1.49905,-1.45594e-16,-0.654613
2.761,1,1.49905,1.2482e-16,-0.654877
2.762,1,1.49905,-1.51836e-16,-0.655141
2.763,1,1.49905,-9.36866e-17,-0.655403
2.764,1,1.49905,-2.92088e-16,-0.655666
2.765,1,1.49905,-4.99442e-17,-0.655927
2.766,1,1.49905,1.38342e-16,-0.656188
2.767,1,1.49905,1.57405e-16,-0.656448
2.768,1,1.49905,-7.93365e-17,-0.656708
2.769,1,1.49905,1.58522e-16,-0.656966
2.77,1,1.49905,-3.38656e-16,-0.657225
2.771,1,1.49905,2.15998e-16,-0.657482
2.772,1,1.49905,-2.7517e-16,-0.657739
2.773,1,1.49905,1.41464e-16,-0.657995
2.774,1,1.49905,-1.24681e-16,-0.658251
2.775,1,1.49905,-1.20675e-16,-0.658506
2.776,1,1.49905,-2.13135e-16,-0.65876
2.777,1,1.49905,-1.83291e-16,-0.659014
2.778,1,1.49905,-9.24558e-17,-0.659266
2.779,1,1.49905,-2.47621e-16,-0.659519
2.78,1,1.49905,-2.13651e-16,-0.65977
2.781,1,1.49905,-3.26984e-20,-0.660021
2.782,1,1.49905,-1.99799e-16,-0.660272
2.783,1,1.49905,3.42209e-16,-0.660521
2.784,1,1.49905,8.48785e-18,-0.66077
2.785,1,1.49905,-2.82253e-16,-0.661019
2.786,1,1.49905,1.77115e-16,-0.661266
2.787,1,1.49905,-1.59058e-16,-0.661513
2.788,1,1.49905,-1.84984e-17,-0.66176
2.789,1,1.49905,9.21285e-17,-0.662005
2.79,1,1.49905,-4.49419e-16,-0.66225
2.791,1,1.49905,-2.17449e-17,-0.662495
2.792,1,1.49905,-5.68211e-17,-0.662738
2.793,1,1.49905,-5.4811e-17,-0.662981
2.794,1,1.49905,-3.34165e-16,-0.663224
2.795,1,1.49905,-3.99228e-17,-0.663465
2.796,1,1.49905,2.60666e-16,-0.663707
2.797,1,1.49905,-1.17883e-16,-0.663947
2.798,1,1.49905,1.46236e-16,-0.664187
2.799,1,1.49905,-3.14187e-16,-0.664426
2.8,1,1.49905,-2.10164e-16,-0.664664
2.801,1,1.49905,-3.69223e-16,-0.664902
2.802,1,1.49905,2.54606e-16,-0.665139
2.803,1,1.49905,-2.81824e-17,-0.665375
2.804,1,1.49905,-5.16969e-16,-0.665611
2.805,1,1.49905,-1.63444e-16,-0.665846
2.806,1,1.49905,-2.35588e-17,-0.666081
2.807,1,1.49905,8.56196e-17,-0.666314
2.808,1,1.49905,-1.35629e-16,-0.666547
2.809,1,1.49905,-3.87927e-16,-0.66678
2.81,1,1.49905,2.63238e-17,-0.667012
2.811,1,1.49905,-5.40603e-19,-0.667243
2.812,1,1.49905,-1.6099e-16,-0.667473
2.813,1,1.49905,-4.20048e-17,-0.667703
2.814,1,1.49905,-3.75275e-16,-0.667932
2.815,1,1.49905,1.83099e-16,-0.66816
2.816,1,1.49905,1.07994e-16,-0.668388
2.817,1,1.49905,-2.71091e-16,-0.668615
2.818,1,1.49905,-4.37643e-16,-0.668842
2.819,1,1.49905,-5.17844e-17,-0.669067
2.82,1,1.49905,7.53716e-19,-0.669293
2.821,1,1.49905,-1.25997e-16,-0.669517
2.822,1,1.49905,1.84479e-16,-0.669741
2.823,1,1.49905,-4.21403e-16,-0.669964
2.824,1,1.49905,-2.98348e-16,-0.670186
2.825,1,1.49905,-1.58883e-16,-0.670408
2.826,1,1.49905,-5.02974e-16,-0.670629
2.827,1,1.49905,-1.0774e-16,-0.670849
2.828,1,1.49905,-1.2404e-16,-0.671069
2.829,1,1.49905,-2.15803e-16,-0.671288
2.83,1,1.49905,-2.5584e-16,-0.671507
2.831,1,1.49905,-2.90446e-16,-0.671724
2.832,1,1.49905,2.27148e-16,-0.671941
2.833,1,1.49905,2.24012e-16,-0.672158
2.834,1,1.49905,-2.76219e-16,-0.672374
2.835,1,1.49905,2.95449e-16,-0.672589
2.836,1,1.49905,4.06931e-16,-0.672803
2.837,1,1.49905,-3.75722e-16,-0.673017
2.838,1,1.49905,-2.93402e-16,-0.67323
2.839,1,1.49905,-5.64163e-16,-0.673442
2.84,1,1.49905,-2.21248e-16,-0.673654
2.841,1,1.49905,-3.54603e-16,-0.673865
2.842,1,1.49905,-6.9823e-17,-0.674075
2.843,1,1.49905,-2.29409e-16,-0.674285
2.844,1,1.49905,-1.55795e-16,-0.674494
2.845,1,1.49905,1.06023e-17,-0.674702
2.846,1,1.49905,-4.73015e-17,-0.67491
2.847,1,1.49905,-4.22516e-16,-0.675117
2.848,1,1.49905,-1.53414e-16,-0.675323
2.849,1,1.49905,-1.04382e-16,-0.675529
2.85,1,1.49905,-5.95981e-16,-0.675734
2.851,1,1.49905,-4.41703e-16,-0.675938
2.852,1,1.49905,-1.42866e-16,-0.676141
2.853,1,1.49905,-3.09616e-16,-0.676344
2.854,1,1.49905,-3.46038e-16,-0.676547
2.855,1,1.49905,-3.48754e-16,-0.676748
2.856,1,1.49905,-3.1848e-17,-0.676949
2.857,1,1.49905,1.14845e-16,-0.677149
2.858,1,1.49905,-3.76078e-16,-0.677349
2.859,1,1.49905,-4.61183e-17,-0.677548
2.86,1,1.49905,-2.11894e-16,-0.677746
2.861,1,1.49905,-1.03841e-16,-0.677943
2.862,1,1.49905,-1.47669e-16,-0.67814
2.863,1,1.49905,-3.84217e-16,-0.678337
2.864,1,1.49905,-3.57795e-18,-0.678532
2.865,1,1.49905,1.71144e-17,-0.678727
2.866,1,1.49905,-4.01836e-17,-0.678921
2.867,1,1.49905,-1.58642e-16,-0.679114
2.868,1,1.49905,-2.01046e-16,-0.679307
2.869,1,1.49905,-3.54772e-16,-0.679499
2.87,1,1.49905,6.16287e-17,-0.679691
2.871,1,1.49905,-8.86445e-17,-0.679881
2.872,1,1.49905,-1.54464e-16,-0.680072
2.873,1,1.49905,-3.89006e-16,-0.680261
2.874,1,1.49905,-6.51462e-18,-0.68045
2.875,1,1.49905,-2.63244e-16,-0.680638
2.876,1,1.49905,-3.12187e-16,-0.680825
2.877,1,1.49905,-2.42317e-16,-0.681012
2.878,1,1.49905,1.30175e-16,-0.681198
2.879,1,1.49905,-1.29096e-16,-0.681383
2.88,1,1.49905,-1.52545e-16,-0.681568
2.881,1,1.49905,-1.02162e-16,-0.681752
2.882,1,1.49905,-3.83471e-16,-0.681935
2.883,1,1.49905,-1.18609e-16,-0.682117
2.884,1,1.49905,-2.14828e-16,-0.682299
2.885,1,1.49905,-2.06093e-17,-0.682481
2.886,1,1.49905,-1.0883e-16,-0.682661
2.887,1,1.49905,-5.39944e-16,-0.682841
2.888,1,1.49905,-4.161e-16,-0.68302
2.889,1,1.49905,-3.96734e-17,-0.683199
2.89,1,1.49905,-3.5141e-16,-0.683377
2.891,1,1.49905,-3.6586e-16,-0.683554
2.892,1,1.49905,-2.17106e-16,-0.68373
2.893,1,1.49905,-2.23152e-16,-0.683906
2.894,1,1.49905,-1.71498e-16,-0.684081
2.895,1,1.49905,-4.79803e-16,-0.684255
2.896,1,1.49905,-1.32856e-17,-0.684429
2.897,1,1.49905,-1.89253e-17,-0.684602
2.898,1,1.49905,1.31266e-16,-0.684775
2.899,1,1.49905,-3.43178e-16,-0.684946
2.9,1,1.49905,4.65347e-18,-0.685117
2.901,1,1.49905,-2.5881e-16,-0.685288
2.902,1,1.49905,-1.53789e-16,-0.685457
2.903,1,1.49905,-2.64464e-16,-0.685626
2.904,1,1.49905,-2.10937e-16,-0.685794
2.905,1,1.49905,-5.60594e-18,-0.685962
2.906,1,1.49905,-5.40871e-16,-0.686129
2.907,1,1.49905,-6.14418e-17,-0.686295
2.908,1,1.49905,7.70627e-17,-0.686461
2.909,1,1.49905,-4.4614e-16,-0.686625
2.91,1,1.49905,-2.17704e-16,-0.68679
2.911,1,1.49905,-4.73805e-16,-0.686953
2.912,1,1.49905,-5.75237e-16,-0.687116
2.913,1,1.49905,-4.59568e-16,-0.687278
2.914,1,1.49905,1.49631e-16,-0.687439
2.915,1,1.49905,1.14311e-16,-0.6876
2.916,1,1.49905,6.03598e-18,-0.68776
2.917,1,1.49905,-9.33185e-17,-0.687919
2.918,1,1.49905,-2.94719e-16,-0.688078
2.919,1,1.49905,3.04718e-16,-0.688236
2.92,1,1.49905,-3.19483e-16,-0.688393
2.921,1,1.49905,-1.77029e-16,-0.68855
2.922,1,1.49905,5.5054e-17,-0.688706
2.923,1,1.49905,-9.10641e-17,-0.688861
2.924,1,1.49905,-7.09616e-16,-0.689016
2.925,1,1.49905,-7.35941e-17,-0.689169
2.926,1,1.49905,-4.32907e-16,-0.689323
2.927,1,1.49905,-3.14194e-17,-0.689475
2.928,1,1.49905,5.02098e-17,-0.689627
2.929,1,1.49905,-2.78778e-16,-0.689778
2.93,1,1.49905,-3.4693e-16,-0.689928
2.931,1,1.49905,-1.26237e-16,-0.690078
2.932,1,1.49905,8.13769e-17,-0.690227
2.933,1,1.49905,-4.71924e-16,-0.690375
2.934,1,1.49905,-7.81574e-17,-0.690523
2.935,1,1.49905,-3.54635e-16,-0.69067
2.936,1,1.49905,-1.4765e-16,-0.690816
2.937,1,1.49905,-1.87398e-17,-0.690962
2.938,1,1.49905,9.33512e-17,-0.691107
2.939,1,1.49905,9.72429e-17,-0.691251
2.94,1,1.49905,-2.10344e-16,-0.691395
2.941,1,1.49905,-1.58042e-16,-0.691537
2.942,1,1.49905,-3.9634e-16,-0.691679
2.943,1,1.49905,-5.37191e-16,-0.691821
2.944,1,1.49905,-4.4548e-16,-0.691962
2.945,1,1.49905,-4.18462e-16,-0.692102
2.946,1,1.49905,-2.49279e-16,-0.692241
2.947,1,1.49905,-1.1345e-16,-0.69238
2.948,1,1.49905,-1.80813e-16,-0.692518
2.949,1,1.49905,-1.85241e-16,-0.692655
2.95,1,1.49905,-7.34745e-17,-0.692792
2.951,1,1.49905,-3.00104e-17,-0.692928
2.952,1,1.49905,-7.52991e-16,-0.693063
2.953,1,1.49905,-8.10084e-17,-0.693197
2.954,1,1.49905,1.19719e-16,-0.693331
2.955,1,1.49905,-1.8698e-16,-0.693464
2.956,1,1.49905,-1.20956e-16,-0.693597
2.957,1,1.49905,-1.20004e-16,-0.693729
2.958,1,1.49905,-5.19105e-16,-0.69386
2.959,1,1.49905,-1.77255e-16,-0.69399
2.96,1,1.49905,5.3147e-17,-0.69412
2.961,1,1.49905,-5.62492e-17,-0.694249
2.962,1,1.49905,-2.68969e-16,-0.694377
2.963,1,1.49905,-1.88886e-16,-0.694505
2.964,1,1.49905,-4.10302e-17,-0.694632
2.965,1,1.49905,-6.41255e-17,-0.694758
2.966,1,1.49905,4.42138e-17,-0.694883
2.967,1,1.49905,2.38301e-17,-0.695008
2.968,1,1.49905,-7.54706e-17,-0.695132
2.969,1,1.49905,-1.85758e-16,-0.695256
2.97,1,1.49905,-2.65818e-16,-0.695378
2.971,1,1.49905,-5.06515e-16,-0.695501
2.972,1,1.49905,-4.47647e-16,-0.695622
2.973,1,1.49905,-1.90871e-16,-0.695743
2.974,1,1.49905,-4.23502e-17,-0.695863
2.975,1,1.49905,-1.87667e-16,-0.695982
2.976,1,1.49905,-9.29079e-17,-0.6961
2.977,1,1.49905,-1.14749e-16,-0.696218
2.978,1,1.49905,-2.85155e-16,-0.696336
2.979,1,1.49905,1.27438e-16,-0.696452
2.98,1,1.49905,-1.09424e-16,-0.696568
2.981,1,1.49905,-1.47445e-16,-0.696683
2.982,1,1.49905,-1.38411e-16,-0.696797
2.983,1,1.49905,-3.8207e-16,-0.696911
2.984,1,1.49905,-3.51359e-16,-0.697024
2.985,1,1.49905,-4.86196e-16,-0.697136
2.986,1,1.49905,1.18395e-16,-0.697248
2.987,1,1.49905,9.20041e-17,-0.697359
2.988,1,1.49905,2.11779e-18,-0.697469
2.989,1,1.49905,-2.45483e-16,-0.697579
2.99,1,1.49905,-7.01098e-17,-0.697688
2.991,1,1.49905,-3.45928e-16,-0.697796
2.992,1,1.49905,-2.57843e-16,-0.697903
2.993,1,1.49905,2.16575e-18,-0.69801
2.994,1,1.49905,-2.96095e-16,-0.698116
2.995,1,1.49905,-1.60068e-16,-0.698221
2.996,1,1.49905,-3.04699e-17,-0.698326
2.997,1,1.49905,-3.94169e-16,-0.69843
2.998,1,1.49905,-1.82288e-16,-0.698533
2.999,1,1.49905,-2.70173e-16,-0.698636
3,1,1.49905,-2.83826e-16,-0.698738
3.001,1,1.49905,-2.8229e-16,-0.698839
3.002,1,1.49905,-4.33868e-17,-0.698939
3.003,1,1.49905,-7.54469e-17,-0.699039
3.004,1,1.49905,-9.70952e-17,-0.699138
3.005,1,1.49905,-1.7069e-16,-0.699237
3.006,1,1.49905,2.16641e-18,-0.699334
3.007,1,1.49905,1.4866e-16,-0.699431
3.008,1,1.49905,-2.15267e-16,-0.699528
3.009,1,1.49905,-3.38514e-16,-0.699623
3.01,1,1.49905,6.94478e-20,-0.699718
3.011,1,1.49905,-5.97351e-16,-0.699812
3.012,1,1.49905,-1.76046e-16,-0.699906
3.013,1,1.49905,2.33627e-17,-0.699999
3.014,1,1.49905,-3.99224e-17,-0.700091
3.015,1,1.49905,-4.59233e-16,-0.700182
3.016,1,1.49905,8.67532e-17,-0.700273
3.017,1,1.49905,-2.44309e-16,-0.700363
3.018,1,1.49905,-1.39192e-17,-0.700452
3.019,1,1.49905,-1.94507e-16,-0.700541
3.02,1,1.49905,-1.15831e-16,-0.700629
3.021,1,1.49905,-4.97824e-16,-0.700716
3.022,1,1.49905,-6.07811e-17,-0.700803
3.023,1,1.49905,1.02658e-16,-0.700888
3.024,1,1.49905,-3.45461e-16,-0.700974
3.025,1,1.49905,-3.77e-17,-0.701058
3.026,1,1.49905,-3.14916e-16,-0.701142
3.027,1,1.49905,-3.22267e-16,-0.701225
3.028,1,1.49905,-2.56206e-16,-0.701307
3.029,1,1.49905,1.4427e-18,-0.701389
3.03,1,1.49905,-3.05575e-16,-0.70147
3.031,1,1.49905,-3.5959e-16,-0.70155
3.032,1,1.49905,-4.01783e-16,-0.701629
3.033,1,1.49905,-2.65083e-16,-0.701708
3.034,1,1.49905,5.22069e-17,-0.701786
3.035,1,1.49905,-3.18526e-16,-0.701864
3.036,1,1.49905,-1.63833e-16,-0.70194
3.037,1,1.49905,-1.19885e-16,-0.702016
3.038,1,1.49905,-2.52366e-16,-0.702092
3.039,1,1.49905,-1.48366e-16,-0.702166
3.04,1,1.49905,5.43832e-17,-0.70224
3.041,1,1.49905,-1.02762e-16,-0.702313
3.042,1,1.49905,2.16475e-16,-0.702386
3.043,1,1.49905,-1.26093e-17,-0.702458
3.044,1,1.49905,-6.44689e-17,-0.702529
3.045,1,1.49905,8.0973e-17,-0.702599
3.046,1,1.49905,-1.36549e-16,-0.702669
3.047,1,1.49905,-8.73356e-17,-0.702738
3.048,1,1.49905,-3.97138e-16,-0.702806
3.049,1,1.49905,-5.10529e-16,-0.702874
3.05,1,1.49905,-9.90582e-17,-0.702941
3.051,1,1.49905,-4.9161e-16,-0.703007
3.052,1,1.49905,-2.1253e-16,-0.703072
3.053,1,1.49905,3.66717e-17,-0.703137
3.054,1,1.49905,-1.0866e-16,-0.703201
3.055,1,1.49905,2.69749e-16,-0.703265
3.056,1,1.49905,-1.62852e-16,-0.703327
3.057,1,1.49905,-1.62081e-16,-0.703389
3.058,1,1.49905,-1.62002e-16,-0.703451
3.059,1,1.49905,-1.12379e-16,-0.703511
3.06,1,1.49905,1.62291e-16,-0.703571
3.061,1,1.49905,-3.19241e-16,-0.70363
3.062,1,1.49905,-2.99556e-16,-0.703689
3.063,1,1.49905,-4.14411e-16,-0.703747
3.064,1,1.49905,-1.69845e-16,-0.703804
3.065,1,1.49905,-2.69418e-16,-0.70386
3.066,1,1.49905,-1.94843e-16,-0.703916
3.067,1,1.49905,-4.28113e-16,-0.703971
3.068,1,1.49905,-1.40833e-16,-0.704025
3.069,1,1.49905,-3.5503e-16,-0.704079
3.07,1,1.49905,1.10807e-16,-0.704131
3.071,1,1.49905,-3.28784e-16,-0.704184
3.072,1,1.49905,-3.21139e-16,-0.704235
3.073,1,1.49905,-1.56203e-16,-0.704286
3.074,1,1.49905,-2.80497e-16,-0.704336
3.075,1,1.49905,-5.30119e-16,-0.704385
3.076,1,1.49905,-2.94038e-16,-0.704434
3.077,1,1.49905,-2.45326e-16,-0.704482
3.078,1,1.49905,-2.02308e-16,-0.704529
3.079,1,1.49905,-1.29333e-16,-0.704575
3.08,1,1.49905,-1.32575e-16,-0.704621
3.081,1,1.49905,-1.37619e-16,-0.704666
3.082,1,1.49905,-1.11246e-16,-0.704711
3.083,1,1.49905,-3.68076e-16,-0.704755
3.084,1,1.49905,-1.56942e-16,-0.704798
3.085,1,1.49905,1.11503e-16,-0.70484
3.086,1,1.49905,-2.92173e-16,-0.704881
3.087,1,1.49905,-3.43975e-16,-0.704922
3.088,1,1.49905,6.318e-17,-0.704963
3.089,1,1.49905,2.79772e-18,-0.705002
3.09,1,1.49905,-1.91632e-16,-0.705041
3.091,1,1.49905,4.47675e-17,-0.705079
3.092,1,1.49905,-3.10943e-16,-0.705116
3.093,1,1.49905,6.96535e-17,-0.705153
3.094,1,1.49905,-1.5519e-18,-0.705189
3.095,1,1.49905,1.02079e-16,-0.705224
3.096,1,1.49905,-9.46279e-17,-0.705259
3.097,1,1.49905,-2.6843e-16,-0.705293
3.098,1,1.49905,-4.0458e-16,-0.705326
3.099,1,1.49905,-1.23424e-17,-0.705358
3.1,1,1.49905,7.81782e-17,-0.70539
3.101,1,1.49905,-1.25712e-16,-0.705421
3.102,1,1.49905,-1.75765e-16,-0.705451
3.103,1,1.49905,-7.84079e-17,-0.705481
3.104,1,1.49905,-2.10432e-16,-0.70551
3.105,1,1.49905,1.39441e-16,-0.705538
3.106,1,1.49905,-4.63273e-17,-0.705566
3.107,1,1.49905,9.82676e-17,-0.705593
3.108,1,1.49905,-3.11636e-16,-0.705619
3.109,1,1.49905,-1.00258e-16,-0.705644
3.11,1,1.49905,3.28989e-17,-0.705669
3.111,1,1.49905,1.685e-17,-0.705693
3.112,1,1.49905,-2.14688e-16,-0.705716
3.113,1,1.49905,-3.27618e-18,-0.705739
3.114,1,1.49905,8.40488e-17,-0.705761
3.115,1,1.49905,-9.77415e-17,-0.705782
3.116,1,1.49905,3.13917e-16,-0.705802
3.117,1,1.49905,-1.7822e-16,-0.705822
3.118,1,1.49905,-1.08334e-16,-0.705841
3.119,1,1.49905,-4.11795e-17,-0.70586
3.12,1,1.49905,-6.65412e-17,-0.705877
3.121,1,1.49905,2.50427e-17,-0.705894
3.122,1,1.49905,-2.45479e-16,-0.70591
3.123,1,1.49905,1.07901e-16,-0.705926
3.124,1,1.49905,6.55213e-17,-0.705941
3.125,1,1.49905,1.75313e-17,-0.705955
3.126,1,1.49905,7.73175e-17,-0.705968
3.127,1,1.49905,-1.09243e-16,-0.705981
3.128,1,1.49905,-2.9067e-16,-0.705993
3.129,1,1.49905,-7.48247e-17,-0.706005
3.13,1,1.49905,7.07653e-17,-0.706015
3.131,1,1.49905,-2.13624e-16,-0.706025
3.132,1,1.49905,-1.12782e-16,-0.706034
3.133,1,1.49905,-1.00133e-16,-0.706043
3.134,1,1.49905,-2.01086e-16,-0.706051
3.135,1,1.49905,-1.73811e-16,-0.706058
3.136,1,1.49905,-1.47842e-16,-0.706064
3.137,1,1.49905,-2.15395e-18,-0.70607
3.138,1,1.49905,-1.36789e-16,-0.706075
3.139,1,1.49905,-1.79069e-16,-0.706079
3.14,1,1.49905,-1.16326e-16,-0.706083
3.141,1,1.49905,-2.1486e-16,-0.706085
3.142,1,1.49905,2.83129e-17,-0.706088
3.143,1,1.49905,-5.5072e-16,-0.706089
3.144,1,1.49905,-1.86476e-16,-0.70609
3.145,1,1.49905,-2.58891e-16,-0.70609
3.146,1,1.49905,5.1269e-17,-0.706089
3.147,1,1.49905,-4.19064e-16,-0.706088
3.148,1,1.49905,-1.01148e-16,-0.706086
3.149,1,1.49905,2.12507e-17,-0.706083
3.15,1,1.49905,-9.14444e-17,-0.70608
3.151,1,1.49905,-2.68996e-16,-0.706075
3.152,1,1.49905,-2.93835e-16,-0.706071
3.153,1,1.49905,-3.31395e-16,-0.706065
3.154,1,1.49905,-2.07455e-16,-0.706059
3.155,1,1.49905,1.68949e-16,-0.706052
3.156,1,1.49905,-1.01366e-17,-0.706044
3.157,1,1.49905,-3.93104e-16,-0.706036
3.158,1,1.49905,-2.26562e-16,-0.706026
3.159,1,1.49905,1.07125e-17,-0.706017
3.16,1,1.49905,-2.1872e-16,-0.706006
3.161,1,1.49905,-3.9135e-16,-0.705995
3.162,1,1.49905,-1.58014e-16,-0.705983
3.163,1,1.49905,-2.88832e-16,-0.70597
3.164,1,1.49905,-1.74247e-16,-0.705957
3.165,1,1.49905,-1.02101e-16,-0.705943
3.166,1,1.49905,-3.04046e-16,-0.705928
3.167,1,1.49905,-1.87174e-16,-0.705913
3.168,1,1.49905,1.33526e-16,-0.705897
3.169,1,1.49905,-3.86378e-16,-0.70588
3.17,1,1.49905,-1.28117e-16,-0.705862
3.171,1,1.49905,3.77826e-16,-0.705844
3.172,1,1.49905,-4.42637e-16,-0.705825
3.173,1,1.49905,-5.57194e-17,-0.705805
3.174,1,1.49905,-1.77279e-16,-0.705785
3.175,1,1.49905,-2.09859e-16,-0.705764
3.176,1,1.49905,-7.95743e-17,-0.705742
3.177,1,1.49905,-7.6409e-17,-0.705719
3.178,1,1.49905,-2.88088e-16,-0.705696
3.179,1,1.49905,-2.67771e-16,-0.705672
3.18,1,1.49905,-2.3757e-16,-0.705648
3.181,1,1.49905,-4.2944e-16,-0.705622
3.182,1,1.49905,1.53229e-16,-0.705596
3.183,1,1.49905,4.15676e-18,-0.70557
3.184,1,1.49905,-6.12744e-16,-0.705542
3.185,1,1.49905,-4.33988e-16,-0.705514
3.186,1,1.49905,-3.38092e-16,-0.705485
3.187,1,1.49905,1.1782e-16,-0.705456
3.188,1,1.49905,-1.96688e-18,-0.705425
3.189,1,1.49905,-4.35784e-16,-0.705395
3.19,1,1.49905,-2.80396e-16,-0.705363
3.191,1,1.49905,1.28242e-16,-0.70533
3.192,1,1.49905,-2.48407e-16,-0.705297
3.193,1,1.49905,-5.24986e-16,-0.705264
3.194,1,1.49905,1.20333e-16,-0.705229
3.195,1,1.49905,-1.90834e-16,-0.705194
3.196,1,1.49905,-1.97523e-16,-0.705158
3.197,1,1.49905,-5.78825e-16,-0.705122
3.198,1,1.49905,8.81264e-17,-0.705084
3.199,1,1.49905,-4.79169e-16,-0.705046
3.2,1,1.49905,-2.17209e-17,-0.705008
3.201,1,1.49905,-1.54192e-17,-0.704968
3.202,1,1.49905,7.7471e-18,-0.704928
3.203,1,1.49905,-3.70425e-17,-0.704887
3.204,1,1.49905,-1.78641e-16,-0.704846
3.205,1,1.49905,-7.86267e-18,-0.704804
3.206,1,1.49905,-3.80021e-16,-0.704761
3.207,1,1.49905,-3.41766e-16,-0.704717
3.208,1,1.49905,7.48149e-17,-0.704673
3.209,1,1.49905,-8.03985e-18,-0.704628
3.21,1,1.49905,-1.38973e-16,-0.704582
3.211,1,1.49905,-1.60716e-16,-0.704536
3.212,1,1.49905,-3.48931e-16,-0.704488
3.213,1,1.49905,-5.0324e-16,-0.704441
3.214,1,1.49905,-3.11393e-16,-0.704392
3.215,1,1.49905,-3.19107e-16,-0.704343
3.216,1,1.49905,-2.53467e-17,-0.704293
3.217,1,1.49905,1.66191e-16,-0.704242
3.218,1,1.49905,8.63226e-17,-0.704191
3.219,1,1.49905,-4.36907e-16,-0.704139
3.22,1,1.49905,-2.93621e-16,-0.704086
3.221,1,1.49905,-1.70815e-17,-0.704033
3.222,1,1.49905,-3.42611e-16,-0.703978
3.223,1,1.49905,-1.70528e-16,-0.703924
3.224,1,1.49905,-3.07094e-16,-0.703868
3.225,1,1.49905,-5.52747e-16,-0.703812
3.226,1,1.49905,-1.24236e-16,-0.703755
3.227,1,1.49905,-3.9991e-17,-0.703697
3.228,1,1.49905,1.23267e-16,-0.703639
3.229,1,1.49905,-2.51873e-16,-0.70358
3.23,1,1.49905,-2.4229e-16,-0.70352
3.231,1,1.49905,-9.63073e-17,-0.703459
3.232,1,1.49905,-3.06392e-17,-0.703398
3.233,1,1.49905,-1.48829e-16,-0.703336
3.234,1,1.49905,-1.38857e-16,-0.703274
3.235,1,1.49905,-1.51376e-16,-0.70321
3.236,1,1.49905,1.21962e-18,-0.703146
3.237,1,1.49905,-2.39743e-16,-0.703082
3.238,1,1.49905,-5.79018e-17,-0.703016
3.239,1,1.49905,-2.20104e-16,-0.70295
3.24,1,1.49905,-1.7887e-16,-0.702883
3.241,1,1.49905,-3.23842e-16,-0.702816
3.242,1,1.49905,2.05915e-16,-0.702748
3.243,1,1.49905,-3.81017e-17,-0.702679
3.244,1,1.49905,2.14804e-16,-0.702609
3.245,1,1.49905,-3.43596e-16,-0.702539
3.246,1,1.49905,-2.08944e-16,-0.702468
3.247,1,1.49905,-2.49264e-16,-0.702396
3.248,1,1.49905,-2.3354e-16,-0.702324
3.249,1,1.49905,-3.53908e-16,-0.702251
3.25,1,1.49905,-2.08013e-16,-0.702177
3.251,1,1.49905,2.88112e-16,-0.702102
3.252,1,1.49905,-8.8381e-17,-0.702027
3.253,1,1.49905,4.83619e-17,-0.701951
3.254,1,1.49905,-4.61483e-16,-0.701875
3.255,1,1.49905,-1.09284e-16,-0.701797
3.256,1,1.49905,-3.23434e-16,-0.701719
3.257,1,1.49905,-1.56e-16,-0.70164
3.258,1,1.49905,-3.01024e-16,-0.701561
3.259,1,1.49905,3.89084e-16,-0.701481
3.26,1,1.49905,-1.52057e-16,-0.7014
3.261,1,1.49905,-4.97174e-17,-0.701319
3.262,1,1.49905,-2.18597e-16,-0.701236
3.263,1,1.49905,-1.71333e-16,-0.701153
3.264,1,1.49905,-1.41653e-16,-0.70107
3.265,1,1.49905,-2.00622e-16,-0.700986
3.266,1,1.49905,-1.00084e-16,-0.700901
3.267,1,1.49905,-3.31048e-16,-0.700815
3.268,1,1.49905,-2.12033e-16,-0.700728
3.269,1,1.49905,1.86804e-18,-0.700641
3.27,1,1.49905,-2.32083e-16,-0.700553
3.271,1,1.49905,-2.7292e-16,-0.700465
3.272,1,1.49905,-1.40168e-16,-0.700376
3.273,1,1.49905,8.11692e-17,-0.700286
3.274,1,1.49905,-3.07853e-16,-0.700195
3.275,1,1.49905,-1.19476e-16,-0.700104
3.276,1,1.49905,2.22517e-16,-0.700012
3.277,1,1.49905,1.03201e-16,-0.699919
3.278,1,1.49905,-2.48498e-16,-0.699826
3.279,1,1.49905,-6.78844e-17,-0.699732
3.28,1,1.49905,1.47885e-17,-0.699637
3.281,1,1.49905,1.28313e-16,-0.699541
3.282,1,1.49905,-2.93224e-16,-0.699445
3.283,1,1.49905,-1.34414e-16,-0.699348
3.284,1,1.49905,5.16293e-17,-0.699251
3.285,1,1.49905,-4.65842e-17,-0.699152
3.286,1,1.49905,-6.45203e-17,-0.699053
3.287,1,1.49905,-4.04042e-17,-0.698954
3.288,1,1.49905,-2.40242e-16,-0.698853
3.289,1,1.49905,-1.80604e-16,-0.698752
3.29,1,1.49905,-1.95642e-16,-0.69865
3.291,1,1.49905,-3.81252e-17,-0.698548
3.292,1,1.49905,8.32937e-18,-0.698445
3.293,1,1.49905,-6.17197e-16,-0.698341
3.294,1,1.49905,-2.16254e-16,-0.698236
3.295,1,1.49905,-5.62478e-16,-0.698131
3.296,1,1.49905,3.6783e-18,-0.698025
3.297,1,1.49905,1.15565e-16,-0.697918
3.298,1,1.49905,-4.24849e-17,-0.697811
3.299,1,1.49905,-2.76655e-16,-0.697703
3.3,1,1.49905,-5.36909e-16,-0.697594
3.301,1,1.49905,-2.27449e-16,-0.697485
3.302,1,1.49905,-3.50402e-18,-0.697375
3.303,1,1.49905,-6.3055e-18,-0.697264
3.304,1,1.49905,7.51438e-17,-0.697152
3.305,1,1.49905,-2.31527e-16,-0.69704
3.306,1,1.49905,-1.66467e-16,-0.696927
3.307,1,1.49905,-2.51001e-16,-0.696814
3.308,1,1.49905,-2.97454e-16,-0.696699
3.309,1,1.49905,-1.89207e-16,-0.696584
3.31,1,1.49905,9.77379e-17,-0.696468
3.311,1,1.49905,-1.80934e-16,-0.696352
3.312,1,1.49905,-3.83547e-16,-0.696235
3.313,1,1.49905,-2.7953e-16,-0.696117
3.314,1,1.49905,7.46224e-17,-0.695999
3.315,1,1.49905,-2.14826e-17,-0.69588
3.316,1,1.49905,-3.41536e-16,-0.69576
3.317,1,1.49905,-3.62189e-17,-0.695639
3.318,1,1.49905,3.07408e-16,-0.695518
3.319,1,1.49905,-3.20977e-16,-0.695396
3.32,1,1.49905,-2.7627e-16,-0.695273
3.321,1,1.49905,-1.41611e-16,-0.69515
3.322,1,1.49905,-1.04471e-17,-0.695026
3.323,1,1.49905,1.70753e-17,-0.694901
3.324,1,1.49905,1.60586e-16,-0.694776
3.325,1,1.49905,-2.62678e-17,-0.694649
3.326,1,1.49905,-5.05369e-16,-0.694523
3.327,1,1.49905,-7.13694e-17,-0.694395
3.328,1,1.49905,-4.47486e-16,-0.694267
3.329,1,1.49905,-5.32188e-16,-0.694138
3.33,1,1.49905,1.91984e-16,-0.694008
3.331,1,1.49905,-1.12364e-16,-0.693878
3.332,1,1.49905,-4.27615e-16,-0.693747
3.333,1,1.49905,-3.44953e-16,-0.693616
3.334,1,1.49905,-2.90787e-16,-0.693483
3.335,1,1.49905,-2.65623e-16,-0.69335
3.336,1,1.49905,-2.58635e-17,-0.693216
3.337,1,1.49905,-3.67858e-16,-0.693082
3.338,1,1.49905,-1.69482e-16,-0.692947
3.339,1,1.49905,-9.64862e-17,-0.692811
3.34,1,1.49905,4.19754e-17,-0.692675
3.341,1,1.49905,-1.61214e-16,-0.692537
3.342,1,1.49905,-1.0273e-16,-0.692399
3.343,1,1.49905,1.84125e-16,-0.692261
3.344,1,1.49905,-8.93731e-18,-0.692122
3.345,1,1.49905,-2.77256e-17,-0.691982
3.346,1,1.49905,-2.29391e-16,-0.691841
3.347,1,1.49905,-8.57412e-17,-0.6917
3.348,1,1.49905,-1.83256e-16,-0.691558
3.349,1,1.49905,-4.72051e-16,-0.691415
3.35,1,1.49905,-1.4176e-16,-0.691271
3.351,1,1.49905,-6.00581e-16,-0.691127
3.352,1,1.49905,1.13466e-16,-0.690983
3.353,1,1.49905,-8.42876e-17,-0.690837
3.354,1,1.49905,5.71994e-17,-0.690691
3.355,1,1.49905,-1.44918e-16,-0.690544
3.356,1,1.49905,-6.42784e-16,-0.690396
3.357,1,1.49905,-6.06448e-17,-0.690248
3.358,1,1.49905,3.99346e-17,-0.690099
3.359,1,1.49905,8.112e-18,-0.68995
3.36,1,1.49905,-6.37275e-17,-0.689799
3.361,1,1.49905,-2.36172e-16,-0.689648
3.362,1,1.49905,2.88859e-16,-0.689497
3.363,1,1.49905,-4.88106e-16,-0.689344
3.364,1,1.49905,1.16233e-16,-0.689191
3.365,1,1.49905,-1.21881e-16,-0.689037
3.366,1,1.49905,-4.8671e-18,-0.688883
3.367,1,1.49905,-1.66531e-16,-0.688728
3.368,1,1.49905,-2.097e-17,-0.688572
3.369,1,1.49905,-2.65846e-16,-0.688416
3.37,1,1.49905,-2.45003e-16,-0.688258
3.371,1,1.49905,-2.67765e-16,-0.6881
3.372,1,1.49905,-2.55897e-16,-0.687942
3.373,1,1.49905,-9.9426e-17,-0.687783
3.374,1,1.49905,-6.38321e-17,-0.687623
3.375,1,1.49905,-2.24216e-16,-0.687462
3.376,1,1.49905,-3.38774e-16,-0.687301
3.377,1,1.49905,-3.07264e-16,-0.687139
3.378,1,1.49905,-1.40738e-16,-0.686976
3.379,1,1.49905,-5.02871e-17,-0.686813
3.38,1,1.49905,-4.22711e-16,-0.686649
3.381,1,1.49905,3.86752e-17,-0.686484
3.382,1,1.49905,-4.36075e-16,-0.686319
3.383,1,1.49905,-1.95486e-16,-0.686152
3.384,1,1.49905,-5.64076e-16,-0.685986
3.385,1,1.49905,-1.55937e-16,-0.685818
3.386,1,1.49905,-4.5461e-17,-0.68565
3.387,1,1.49905,-4.55694e-16,-0.685481
3.388,1,1.49905,-1.55675e-18,-0.685312
3.389,1,1.49905,-3.54234e-16,-0.685141
3.39,1,1.49905,-2.01735e-16,-0.684971
3.391,1,1.49905,-1.8004e-16,-0.684799
3.392,1,1.49905,1.16833e-16,-0.684627
3.393,1,1.49905,-3.15405e-16,-0.684454
3.394,1,1.49905,-6.10683e-17,-0.68428
3.395,1,1.49905,-5.55499e-16,-0.684106
3.396,1,1.49905,-5.3414e-16,-0.683931
3.397,1,1.49905,-4.04438e-16,-0.683755
3.398,1,1.49905,-4.58714e-16,-0.683579
3.399,1,1.49905,-5.16141e-17,-0.683402
3.4,1,1.49905,-1.85654e-16,-0.683224
3.401,1,1.49905,-1.15653e-16,-0.683046
3.402,1,1.49905,-2.84588e-16,-0.682866
3.403,1,1.49905,-6.89127e-18,-0.682687
3.404,1,1.49905,-2.99642e-16,-0.682506
3.405,1,1.49905,-1.70937e-16,-0.682325
3.406,1,1.49905,-3.25431e-16,-0.682143
3.407,1,1.49905,-6.44121e-17,-0.681961
3.408,1,1.49905,6.20994e-17,-0.681778
3.409,1,1.49905,-2.87192e-16,-0.681594
3.41,1,1.49905,-2.63127e-16,-0.681409
3.411,1,1.49905,-2.67588e-16,-0.681224
3.412,1,1.49905,-1.53596e-16,-0.681038
3.413,1,1.49905,-2.36608e-16,-0.680852
3.414,1,1.49905,-1.30729e-16,-0.680664
3.415,1,1.49905,-3.1817e-16,-0.680476
3.416,1,1.49905,-5.21123e-16,-0.680288
3.417,1,1.49905,1.71208e-16,-0.680098
3.418,1,1.49905,-6.85687e-17,-0.679908
3.419,1,1.49905,-1.94695e-16,-0.679718
3.42,1,1.49905,-2.63055e-16,-0.679527
3.421,1,1.49905,7.35241e-17,-0.679334
3.422,1,1.49905,1.38307e-16,-0.679142
3.423,1,1.49905,-3.39035e-17,-0.678948
3.424,1,1.49905,-6.43701e-16,-0.678754
3.425,1,1.49905,-3.18786e-17,-0.67856
3.426,1,1.49905,-1.78616e-16,-0.678364
3.427,1,1.49905,-6.19508e-16,-0.678168
3.428,1,1.49905,-2.67857e-16,-0.677971
3.429,1,1.49905,-3.23897e-16,-0.677774
3.43,1,1.49905,-1.63178e-16,-0.677576
3.431,1,1.49905,-1.20906e-16,-0.677377
3.432,1,1.49905,-3.61188e-16,-0.677178
3.433,1,1.49905,-1.69257e-16,-0.676978
3.434,1,1.49905,-2.07706e-16,-0.676777
3.435,1,1.49905,-2.99362e-16,-0.676575
3.436,1,1.49905,-3.71304e-16,-0.676373
3.437,1,1.49905,-2.64821e-16,-0.67617
3.438,1,1.49905,-4.39168e-16,-0.675967
3.439,1,1.49905,-1.55111e-16,-0.675763
3.44,1,1.49905,-3.46868e-16,-0.675558
3.441,1,1.49905,-4.09606e-16,-0.675352
3.442,1,1.49905,-2.30171e-16,-0.675146
3.443,1,1.49905,-1.03092e-16,-0.674939
3.444,1,1.49905,-3.05351e-16,-0.674732
3.445,1,1.49905,8.59544e-17,-0.674523
3.446,1,1.49905,-1.95409e-16,-0.674314
3.447,1,1.49905,-1.24323e-16,-0.674105
3.448,1,1.49905,-2.83337e-16,-0.673895
3.449,1,1.49905,1.62182e-16,-0.673684
3.45,1,1.49905,-4.32844e-18,-0.673472
3.451,1,1.49905,-3.3123e-16,-0.67326
3.452,1,1.49905,-7.99869e-17,-0.673047
3.453,1,1.49905,7.71588e-17,-0.672833
3.454,1,1.49905,-5.50809e-17,-0.672619
3.455,1,1.49905,1.12965e-16,-0.672404
3.456,1,1.49905,-3.05153e-16,-0.672188
3.457,1,1.49905,-1.37641e-16,-0.671972
3.458,1,1.49905,-2.46e-16,-0.671755
3.459,1,1.49905,1.3609e-17,-0.671538
3.46,1,1.49905,-1.32175e-16,-0.671319
3.461,1,1.49905,-1.65253e-16,-0.6711
3.462,1,1.49905,-9.12785e-17,-0.670881
3.463,1,1.49905,-4.02676e-16,-0.67066
3.464,1,1.49905,9.27202e-18,-0.670439
3.465,1,1.49905,-2.13889e-16,-0.670218
3.466,1,1.49905,-1.7174e-16,-0.669995
3.467,1,1.49905,-1.09954e-16,-0.669772
3.468,1,1.49905,-2.26953e-16,-0.669549
3.469,1,1.49905,-5.05859e-17,-0.669324
3.47,1,1.49905,-7.66759e-17,-0.669099
3.471,1,1.49905,-3.88704e-17,-0.668874
3.472,1,1.49905,-1.2303e-16,-0.668647
3.473,1,1.49905,-2.15615e-16,-0.66842
3.474,1,1.49905,-3.57982e-16,-0.668193
3.475,1,1.49905,-4.8433e-16,-0.667964
3.476,1,1.49905,4.397e-17,-0.667735
3.477,1,1.49905,-8.32365e-16,-0.667506
3.478,1,1.49905,-1.09284e-16,-0.667275
3.479,1,1.49905,-5.98983e-16,-0.667044
3.48,1,1.49905,-2.71328e-17,-0.666813
3.481,1,1.49905,-2.41791e-16,-0.66658
3.482,1,1.49905,1.32761e-16,-0.666347
3.483,1,1.49905,-2.56182e-17,-0.666114
3.484,1,1.49905,1.92855e-16,-0.665879
3.485,1,1.49905,-4.25159e-17,-0.665644
3.486,1,1.49905,-3.39164e-17,-0.665409
3.487,1,1.49905,1.63529e-16,-0.665173
3.488,1,1.49905,1.65177e-17,-0.664936
3.489,1,1.49905,-1.70673e-16,-0.664698
3.49,1,1.49905,-9.43272e-17,-0.66446
3.491,1,1.49905,-3.76341e-17,-0.664221
3.492,1,1.49905,-5.19469e-16,-0.663981
3.493,1,1.49905,4.23646e-17,-0.663741
3.494,1,1.49905,-2.7013e-16,-0.6635
3.495,1,1.49905,2.48173e-16,-0.663258
3.496,1,1.49905,-2.11105e-18,-0.663016
3.497,1,1.49905,-4.33947e-16,-0.662773
3.498,1,1.49905,-1.94913e-16,-0.662529
3.499,1,1.49905,-2.06936e-16,-0.662285
3.5,1,1.49905,-1.36506e-17,-0.66204
3.501,1,1.49905,-2.20262e-16,-0.661794
3.502,1,1.49905,-3.52628e-17,-0.661548
3.503,1,1.49905,-2.84732e-16,-0.661301
3.504,1,1.49905,-1.41089e-16,-0.661054
3.505,1,1.49905,-9.25863e-17,-0.660806
3.506,1,1.49905,-1.9535e-16,-0.660557
3.507,1,1.49905,-3.56367e-16,-0.660307
3.508,1,1.49905,-4.74774e-16,-0.660057
3.509,1,1.49905,-2.90683e-17,-0.659806
3.51,1,1.49905,-2.53404e-16,-0.659554
3.511,1,1.49905,-3.53102e-16,-0.659302
3.512,1,1.49905,-1.49535e-16,-0.659049
3.513,1,1.49905,-1.74917e-16,-0.658796
3.514,1,1.49905,1.02541e-16,-0.658542
3.515,1,1.49905,-6.31104e-17,-0.658287
3.516,1,1.49905,-3.18638e-17,-0.658032
3.517,1,1.49905,-2.60797e-16,-0.657775
3.518,1,1.49905,-1.56024e-16,-0.657519
3.519,1,1.49905,-3.38417e-16,-0.657261
3.52,1,1.49905,1.76556e-16,-0.657003
3.521,1,1.49905,-1.89533e-16,-0.656744
3.522,1,1.49905,-4.53974e-16,-0.656485
3.523,1,1.49905,1.73119e-17,-0.656225
3.524,1,1.49905,-3.5555e-17,-0.655964
3.525,1,1.49905,-3.00038e-17,-0.655703
3.526,1,1.49905,-2.85597e-16,-0.655441
3.527,1,1.49905,-3.65411e-16,-0.655178
3.528,1,1.49905,-1.70852e-16,-0.654915
3.529,1,1.49905,-1.14324e-16,-0.654651
3.53,1,1.49905,-2.0936e-16,-0.654386
3.531,1,1.49905,-2.94674e-16,-0.654121
3.532,1,1.49905,-1.82962e-16,-0.653855
3.533,1,1.49905,-4.04875e-16,-0.653588
3.534,1,1.49905,-4.01979e-16,-0.653321
3.535,1,1.49905,-8.6097e-17,-0.653053
3.536,1,1.49905,-3.30507e-16,-0.652785
3.537,1,1.49905,-9.16931e-17,-0.652515
3.538,1,1.49905,-2.54529e-16,-0.652245
3.539,1,1.49905,-1.17852e-16,-0.651975
3.54,1,1.49905,-2.12608e-16,-0.651704
3.541,1,1.49905,-2.96778e-17,-0.651432
3.542,1,1.49905,-8.88039e-17,-0.651159
3.543,1,1.49905,-1.96974e-16,-0.650886
3.544,1,1.49905,1.16802e-17,-0.650613
3.545,1,1.49905,7.68127e-17,-0.650338
3.546,1,1.49905,8.64506e-17,-0.650063
3.547,1,1.49905,-3.96038e-16,-0.649787
3.548,1,1.49905,-6.86614e-18,-0.649511
3.549,1,1.49905,-1.71142e-16,-0.649234
3.55,1,1.49905,-3.24138e-16,-0.648956
3.551,1,1.49905,1.43962e-16,-0.648678
3.552,1,1.49905,-2.22454e-16,-0.648399
3.553,1,1.49905,-2.28186e-16,-0.64812
3.554,1,1.49905,4.26139e-17,-0.647839
3.555,1,1.49905,-6.74041e-17,-0.647558
3.556,1,1.49905,-1.2319e-16,-0.647277
3.557,1,1.49905,-2.55733e-16,-0.646995
3.558,1,1.49905,-2.29269e-16,-0.646712
3.559,1,1.49905,-1.89336e-16,-0.646428
3.56,1,1.49905,-1.30554e-16,-0.646144
3.561,1,1.49905,-5.98519e-17,-0.64586
3.562,1,1.49905,2.49091e-17,-0.645574
3.563,1,1.49905,-5.94066e-16,-0.645288
3.564,1,1.49905,-3.90997e-16,-0.645001
3.565,1,1.49905,7.91037e-17,-0.644714
3.566,1,1.49905,-1.71505e-16,-0.644426
3.567,1,1.49905,-4.11177e-16,-0.644137
3.568,1,1.49905,2.94273e-17,-0.643848
3.569,1,1.49905,2.85056e-16,-0.643558
3.57,1,1.49905,-3.37598e-16,-0.643268
3.571,1,1.49905,-5.87033e-17,-0.642976
3.572,1,1.49905,-1.58245e-16,-0.642685
3.573,1,1.49905,-1.97122e-16,-0.642392
3.574,1,1.49905,-3.95208e-16,-0.642099
3.575,1,1.49905,-1.62561e-16,-0.641805
3.576,1,1.49905,-4.76041e-16,-0.641511
3.577,1,1.49905,3.15166e-16,-0.641216
3.578,1,1.49905,-2.78187e-16,-0.64092
3.579,1,1.49905,-3.8239e-16,-0.640624
3.58,1,1.49905,-3.95722e-16,-0.640327
3.581,1,1.49905,-4.04884e-16,-0.640029
3.582,1,1.49905,-2.0057e-16,-0.639731
3.583,1,1.49905,-8.16735e-17,-0.639432
3.584,1,1.49905,-4.30783e-16,-0.639133
3.585,1,1.49905,-8.82812e-17,-0.638832
3.586,1,1.49905,-2.12462e-16,-0.638532
3.587,1,1.49905,-3.65392e-16,-0.63823
3.588,1,1.49905,-4.16581e-16,-0.637928
3.589,1,1.49905,1.43721e-16,-0.637625
3.59,1,1.49905,-2.2266e-16,-0.637322
3.591,1,1.49905,-1.0388e-16,-0.637018
3.592,1,1.49905,-7.68342e-17,-0.636714
3.593,1,1.49905,-1.23944e-17,-0.636408
3.594,1,1.49905,-1.9027e-16,-0.636102
3.595,1,1.49905,-7.12778e-17,-0.635796
3.596,1,1.49905,-2.17338e-16,-0.635489
3.597,1,1.49905,6.04688e-17,-0.635181
3.598,1,1.49905,9.15627e-17,-0.634873
3.599,1,1.49905,-3.17046e-16,-0.634563
3.6,1,1.49905,-2.92293e-16,-0.634254
3.601,1,1.49905,-2.39083e-16,-0.633943
3.602,1,1.49905,-3.23657e-16,-0.633633
3.603,1,1.49905,-1.32995e-17,-0.633321
3.604,1,1.49905,-7.40715e-17,-0.633009
3.605,1,1.49905,-4.44461e-16,-0.632696
3.606,1,1.49905,-6.05514e-16,-0.632382
3.607,1,1.49905,-1.84819e-16,-0.632068
3.608,1,1.49905,-3.13056e-16,-0.631754
3.609,1,1.49905,3.92585e-16,-0.631438
3.61,1,1.49905,-1.69784e-16,-0.631122
3.611,1,1.49905,-2.18844e-17,-0.630806
3.612,1,1.49905,-6.35906e-17,-0.630488
3.613,1,1.49905,-1.95311e-17,-0.63017
3.614,1,1.49905,-2.15447e-16,-0.629852
3.615,1,1.49905,-3.47225e-16,-0.629533
3.616,1,1.49905,-3.0449e-16,-0.629213
3.617,1,1.49905,-6.43825e-17,-0.628892
3.618,1,1.49905,-2.44793e-16,-0.628571
3.619,1,1.49905,-2.8862e-16,-0.62825
3.62,1,1.49905,-3.08333e-16,-0.627927
3.621,1,1.49905,-2.43014e-16,-0.627605
3.622,1,1.49905,-2.8313e-16,-0.627281
3.623,1,1.49905,-3.31602e-16,-0.626957
3.624,1,1.49905,-2.76114e-16,-0.626632
3.625,1,1.49905,-2.60834e-16,-0.626307
3.626,1,1.49905,-1.17901e-16,-0.625981
3.627,1,1.49905,-2.38635e-16,-0.625654
3.628,1,1.49905,-6.57192e-17,-0.625327
3.629,1,1.49905,-3.98017e-16,-0.624999
3.63,1,1.49905,-1.56115e-16,-0.62467
3.631,1,1.49905,-1.64736e-16,-0.624341
3.632,1,1.49905,5.12348e-17,-0.624011
3.633,1,1.49905,-2.04322e-16,-0.623681
3.634,1,1.49905,-3.37637e-16,-0.62335
3.635,1,1.49905,-2.73331e-16,-0.623018
3.636,1,1.49905,7.90836e-17,-0.622686
3.637,1,1.49905,-1.97947e-16,-0.622353
3.638,1,1.49905,1.43271e-17,-0.622019
3.639,1,1.49905,-1.64287e-16,-0.621685
3.64,1,1.49905,-2.6907e-16,-0.621351
3.641,1,1.49905,-2.94943e-16,-0.621015
3.642,1,1.49905,-4.15948e-16,-0.620679
3.643,1,1.49905,-1.69489e-16,-0.620343
3.644,1,1.49905,4.84987e-17,-0.620005
3.645,1,1.49905,-1.2289e-16,-0.619667
3.646,1,1.49905,3.9165e-17,-0.619329
3.647,1,1.49905,-1.68432e-16,-0.61899
3.648,1,1.49905,-2.03013e-16,-0.61865
3.649,1,1.49905,9.38195e-18,-0.61831
3.65,1,1.49905,-9.83246e-18,-0.617969
3.651,1,1.49905,-4.6546e-17,-0.617627
3.652,1,1.49905,-5.80089e-17,-0.617285
3.653,1,1.49905,-3.20513e-16,-0.616942
3.654,1,1.49905,-3.27555e-16,-0.616599
3.655,1,1.49905,-3.4055e-17,-0.616255
3.656,1,1.49905,5.19569e-17,-0.61591
3.657,1,1.49905,-1.35712e-16,-0.615565
3.658,1,1.49905,1.31013e-16,-0.615219
3.659,1,1.49905,-2.12887e-16,-0.614873
3.66,1,1.49905,-4.92139e-16,-0.614525
3.661,1,1.49905,-1.36477e-16,-0.614178
3.662,1,1.49905,-5.22297e-17,-0.613829
3.663,1,1.49905,8.04925e-17,-0.613481
3.664,1,1.49905,-2.07876e-16,-0.613131
3.665,1,1.49905,-3.89758e-16,-0.612781
3.666,1,1.49905,-7.62689e-17,-0.61243
3.667,1,1.49905,-2.39637e-16,-0.612079
3.668,1,1.49905,-3.21959e-16,-0.611727
3.669,1,1.49905,-5.97932e-17,-0.611374
3.67,1,1.49905,-9.89203e-17,-0.611021
3.671,1,1.49905,-1.02174e-16,-0.610667
3.672,1,1.49905,-6.12614e-16,-0.610313
3.673,1,1.49905,-3.56873e-17,-0.609957
3.674,1,1.49905,-2.23602e-16,-0.609602
3.675,1,1.49905,-2.28967e-16,-0.609246
3.676,1,1.49905,-5.91466e-17,-0.608889
3.677,1,1.49905,1.47902e-17,-0.608531
3.678,1,1.49905,-6.5538e-16,-0.608173
3.679,1,1.49905,-1.17021e-16,-0.607814
3.68,1,1.49905,-2.59796e-17,-0.607455
3.681,1,1.49905,-1.0492e-16,-0.607095
3.682,1,1.49905,-3.35265e-16,-0.606735
3.683,1,1.49905,-1.88105e-16,-0.606374
3.684,1,1.49905,-1.68302e-16,-0.606012
3.685,1,1.49905,-1.82338e-16,-0.60565
3.686,1,1.49905,-1.95457e-16,-0.605287
3.687,1,1.49905,-2.31114e-16,-0.604923
3.688,1,1.49905,1.03998e-16,-0.604559
3.689,1,1.49905,-3.67984e-16,-0.604194
3.69,1,1.49905,1.38218e-16,-0.603829
3.691,1,1.49905,-3.46752e-16,-0.603463
3.692,1,1.49905,-4.06517e-16,-0.603096
3.693,1,1.49905,1.74017e-16,-0.602729
3.694,1,1.49905,-5.67255e-17,-0.602361
3.695,1,1.49905,-2.28186e-16,-0.601993
3.696,1,1.49905,2.17754e-16,-0.601624
3.697,1,1.49905,-3.17904e-16,-0.601255
3.698,1,1.49905,1.29268e-16,-0.600884
3.699,1,1.49905,2.09804e-16,-0.600514
3.7,1,1.49905,3.83617e-17,-0.600142
3.701,1,1.49905,-1.08425e-16,-0.59977
3.702,1,1.49905,-6.42856e-17,-0.599398
3.703,1,1.49905,-3.55463e-16,-0.599025
3.704,1,1.49905,-2.1752e-16,-0.598651
3.705,1,1.49905,-1.6809e-16,-0.598276
3.706,1,1.49905,-1.56491e-16,-0.597902
3.707,1,1.49905,-3.3846e-17,-0.597526
3.708,1,1.49905,-3.96912e-17,-0.59715
3.709,1,1.49905,-2.13393e-16,-0.596773
3.71,1,1.49905,-3.75113e-16,-0.596396
3.711,1,1.49905,-3.03703e-16,-0.596018
3.712,1,1.49905,6.10618e-17,-0.595639
3.713,1,1.49905,-1.64486e-16,-0.59526
3.714,1,1.49905,1.54919e-16,-0.59488
3.715,1,1.49905,2.27232e-16,-0.5945
3.716,1,1.49905,-1.04131e-16,-0.594119
3.717,1,1.49905,-2.2587e-16,-0.593738
3.718,1,1.49905,3.1834e-17,-0.593356
3.719,1,1.49905,-3.00602e-16,-0.592973
3.72,1,1.49905,-1.80526e-16,-0.59259
3.721,1,1.49905,-8.4278e-18,-0.592206
3.722,1,1.49905,1.89949e-16,-0.591821
3.723,1,1.49905,-3.1954e-16,-0.591436
3.724,1,1.49905,1.59504e-17,-0.591051
3.725,1,1.49905,-4.02925e-16,-0.590665
3.726,1,1.49905,-2.21987e-16,-0.590278
3.727,1,1.49905,-2.67994e-16,-0.58989
3.728,1,1.49905,1.21813e-16,-0.589502
3.729,1,1.49905,-2.80887e-17,-0.589114
3.73,1,1.49905,6.24248e-17,-0.588725
3.731,1,1.49905,-1.91817e-16,-0.588335
3.732,1,1.49905,-8.75552e-17,-0.587945
3.733,1,1.49905,-8.50728e-17,-0.587554
3.734,1,1.49905,-9.40222e-17,-0.587162
3.735,1,1.49905,-3.1652e-16,-0.58677
3.736,1,1.49905,-3.14806e-16,-0.586377
3.737,1,1.49905,-2.39886e-16,-0.585984
3.738,1,1.49905,-3.95451e-17,-0.58559
3.739,1,1.49905,-2.57354e-16,-0.585196
3.74,1,1.49905,-2.91393e-16,-0.584801
3.741,1,1.49905,-4.7781e-17,-0.584405
3.742,1,1.49905,-5.53077e-17,-0.584009
3.743,1,1.49905,-1.7776e-16,-0.583612
3.744,1,1.49905,-2.34953e-16,-0.583215
3.745,1,1.49905,7.30249e-17,-0.582817
3.746,1,1.49905,-8.95298e-17,-0.582418
3.747,1,1.49905,-3.19984e-16,-0.582019
3.748,1,1.49905,-2.44136e-17,-0.58162
3.749,1,1.49905,-1.00302e-16,-0.581219
3.75,1,1.49905,-3.95335e-16,-0.580818
3.751,1,1.49905,-9.45242e-18,-0.580417
3.752,1,1.49905,-2.40217e-16,-0.580015
3.753,1,1.49905,-2.12254e-16,-0.579612
3.754,1,1.49905,1.82717e-16,-0.579209
3.755,1,1.49905,-1.1863e-16,-0.578806
3.756,1,1.49905,-1.49844e-17,-0.578401
3.757,1,1.49905,-2.81879e-16,-0.577996
3.758,1,1.49905,-1.47254e-16,-0.577591
3.759,1,1.49905,-2.56501e-16,-0.577185
3.76,1,1.49905,-1.69859e-16,-0.576778
3.761,1,1.49905,-1.45411e-16,-0.576371
3.762,1,1.49905,6.24971e-17,-0.575963
3.763,1,1.49905,8.81566e-17,-0.575555
3.764,1,1.49905,-2.71931e-16,-0.575146
3.765,1,1.49905,-1.57462e-16,-0.574736
3.766,1,1.49905,-1.3311e-16,-0.574326
3.767,1,1.49905,-3.2114e-16,-0.573916
3.768,1,1.49905,8.4699e-17,-0.573504
3.769,1,1.49905,-4.5109e-17,-0.573093
3.77,1,1.49905,-2.96297e-17,-0.57268
3.771,1,1.49905,-1.03228e-16,-0.572267
3.772,1,1.49905,-4.13837e-16,-0.571854
3.773,1,1.49905,-1.81449e-16,-0.57144
3.774,1,1.49905,-1.33464e-16,-0.571025
3.775,1,1.49905,-2.57711e-16,-0.57061
3.776,1,1.49905,2.88154e-16,-0.570194
3.777,1,1.49905,3.92323e-17,-0.569778
3.778,1,1.49905,-1.59378e-16,-0.569361
3.779,1,1.49905,-2.10714e-16,-0.568943
3.78,1,1.49905,-2.56505e-16,-0.568525
3.781,1,1.49905,6.40147e-17,-0.568107
3.782,1,1.49905,-3.85041e-16,-0.567688
3.783,1,1.49905,-5.21054e-16,-0.567268
3.784,1,1.49905,1.83597e-16,-0.566847
3.785,1,1.49905,-8.24353e-17,-0.566427
3.786,1,1.49905,4.76319e-17,-0.566005
3.787,1,1.49905,3.31538e-17,-0.565583
3.788,1,1.49905,-1.43674e-16,-0.565161
3.789,1,1.49905,-1.91216e-16,-0.564737
3.79,1,1.49905,-2.96073e-16,-0.564314
3.791,1,1.49905,2.54578e-16,-0.563889
3.792,1,1.49905,2.17423e-16,-0.563465
3.793,1,1.49905,-1.44452e-16,-0.563039
3.794,1,1.49905,-2.55425e-16,-0.562613
3.795,1,1.49905,-2.68112e-16,-0.562187
3.796,1,1.49905,-1.23662e-16,-0.56176
3.797,1,1.49905,-6.48992e-16,-0.561332
3.798,1,1.49905,-6.81288e-17,-0.560904
3.799,1,1.49905,-3.18607e-16,-0.560475
3.8,1,1.49905,-1.60821e-16,-0.560046
3.801,1,1.49905,3.20145e-16,-0.559616
3.802,1,1.49905,3.18617e-16,-0.559185
3.803,1,1.49905,-2.17873e-16,-0.558754
3.804,1,1.49905,-2.48578e-16,-0.558323
3.805,1,1.49905,-1.15615e-16,-0.557891
3.806,1,1.49905,-4.09803e-16,-0.557458
3.807,1,1.49905,2.08669e-17,-0.557025
3.808,1,1.49905,-1.39791e-16,-0.556591
3.809,1,1.49905,-5.35883e-16,-0.556157
3.81,1,1.49905,-1.04611e-16,-0.555722
3.811,1,1.49905,-1.49832e-16,-0.555286
3.812,1,1.49905,3.02839e-17,-0.55485
3.813,1,1.49905,-3.65753e-16,-0.554414
3.814,1,1.49905,1.93212e-16,-0.553977
3.815,1,1.49905,2.9048e-16,-0.553539
3.816,1,1.49905,3.72738e-16,-0.553101
3.817,1,1.49905,-1.04827e-16,-0.552662
3.818,1,1.49905,3.77877e-16,-0.552223
3.819,1,1.49905,-5.4812e-17,-0.551783
3.82,1,1.49905,-2.51188e-16,-0.551342
3.821,1,1.49905,-8.46237e-17,-0.550901
3.822,1,1.49905,1.47821e-17,-0.55046
3.823,1,1.49905,5.03865e-17,-0.550018
3.824,1,1.49905,-1.69401e-17,-0.549575
3.825,1,1.49905,2.08963e-16,-0.549132
3.826,1,1.49905,-1.87082e-16,-0.548688
3.827,1,1.49905,-3.3343e-16,-0.548244
3.828,1,1.49905,-2.38666e-16,-0.547799
3.829,1,1.49905,-1.82992e-16,-0.547354
3.83,1,1.49905,-1.08272e-16,-0.546908
3.831,1,1.49905,-2.70527e-16,-0.546461
3.832,1,1.49905,-8.46413e-17,-0.546014
3.833,1,1.49905,-8.33236e-17,-0.545567
3.834,1,1.49905,-5.70039e-17,-0.545119
3.835,1,1.49905,1.01257e-16,-0.54467
3.836,1,1.49905,1.35681e-16,-0.544221
3.837,1,1.49905,-3.64087e-16,-0.543771
3.838,1,1.49905,3.78431e-16,-0.543321
3.839,1,1.49905,7.44334e-17,-0.54287
3.84,1,1.49905,-3.77133e-17,-0.542419
3.841,1,1.49905,-8.47659e-17,-0.541967
3.842,1,1.49905,-1.09952e-16,-0.541514
3.843,1,1.49905,-4.03656e-16,-0.541061
3.844,1,1.49905,-1.74684e-16,-0.540608
3.845,1,1.49905,-2.67892e-17,-0.540154
3.846,1,1.49905,-3.94357e-16,-0.539699
3.847,1,1.49905,2.98228e-17,-0.539244
3.848,1,1.49905,-8.31893e-17,-0.538789
3.849,1,1.49905,-1.87635e-16,-0.538332
3.85,1,1.49905,-8.13523e-17,-0.537876
3.851,1,1.49905,-1.86406e-16,-0.537418
3.852,1,1.49905,-1.89545e-16,-0.536961
3.853,1,1.49905,-1.32307e-16,-0.536502
3.854,1,1.49905,-2.36325e-16,-0.536043
3.855,1,1.49905,3.98987e-16,-0.535584
3.856,1,1.49905,-5.17383e-17,-0.535124
3.857,1,1.49905,-1.5254e-16,-0.534663
3.858,1,1.49905,-7.23675e-16,-0.534202
3.859,1,1.49905,2.45477e-16,-0.533741
3.86,1,1.49905,-9.83544e-17,-0.533279
3.861,1,1.49905,-3.05055e-16,-0.532816
3.862,1,1.49905,-5.53743e-16,-0.532353
3.863,1,1.49905,-7.93341e-17,-0.531889
3.864,1,1.49905,-1.03542e-18,-0.531425
3.865,1,1.49905,3.93647e-17,-0.53096
3.866,1,1.49905,-2.04645e-16,-0.530495
3.867,1,1.49905,-8.15098e-17,-0.530029
3.868,1,1.49905,-1.13694e-16,-0.529563
3.869,1,1.49905,3.10963e-20,-0.529096
3.87,1,1.49905,-2.60958e-16,-0.528629
3.871,1,1.49905,-4.04665e-16,-0.528161
3.872,1,1.49905,4.09512e-17,-0.527692
3.873,1,1.49905,-3.04055e-16,-0.527223
3.874,1,1.49905,5.73391e-17,-0.526754
3.875,1,1.49905,-4.06035e-16,-0.526284
3.876,1,1.49905,-1.10344e-16,-0.525813
3.877,1,1.49905,2.47328e-16,-0.525342
3.878,1,1.49905,-8.8544e-17,-0.524871
3.879,1,1.49905,2.55924e-16,-0.524398
3.88,1,1.49905,-1.8749e-16,-0.523926
3.881,1,1.49905,1.27733e-17,-0.523453
3.882,1,1.49905,-1.11667e-18,-0.522979
3.883,1,1.49905,-4.60209e-17,-0.522505
3.884,1,1.49905,-3.95564e-17,-0.52203
3.885,1,1.49905,1.37942e-16,-0.521555
3.886,1,1.49905,-2.95791e-16,-0.521079
3.887,1,1.49905,-8.48773e-17,-0.520603
3.888,1,1.49905,-1.46936e-16,-0.520126
3.889,1,1.49905,-1.18447e-16,-0.519649
3.89,1,1.49905,-2.62539e-16,-0.519171
3.891,1,1.49905,1.03697e-16,-0.518692
3.892,1,1.49905,-1.35798e-18,-0.518213
3.893,1,1.49905,3.02731e-16,-0.517734
3.894,1,1.49905,-2.47798e-17,-0.517254
3.895,1,1.49905,1.53469e-17,-0.516774
3.896,1,1.49905,3.69013e-16,-0.516293
3.897,1,1.49905,-1.78151e-16,-0.515811
3.898,1,1.49905,-5.77951e-17,-0.515329
3.899,1,1.49905,-1.18893e-16,-0.514847
3.9,1,1.49905,-3.78268e-16,-0.514364
3.901,1,1.49905,1.60475e-16,-0.51388
3.902,1,1.49905,9.19915e-17,-0.513396
3.903,1,1.49905,1.59283e-17,-0.512912
3.904,1,1.49905,-4.47783e-16,-0.512427
3.905,1,1.49905,1.26654e-16,-0.511941
3.906,1,1.49905,-9.20366e-17,-0.511455
3.907,1,1.49905,-3.51983e-16,-0.510968
3.908,1,1.49905,-1.50768e-16,-0.510481
3.909,1,1.49905,1.90028e-16,-0.509994
3.91,1,1.49905,3.13773e-16,-0.509505
3.911,1,1.49905,-4.42018e-17,-0.509017
3.912,1,1.49905,-2.40222e-16,-0.508528
3.913,1,1.49905,1.28342e-16,-0.508038
3.914,1,1.49905,-1.11273e-16,-0.507548
3.915,1,1.49905,-1.46097e-16,-0.507057
3.916,1,1.49905,8.88681e-17,-0.506566
3.917,1,1.49905,8.47945e-17,-0.506074
3.918,1,1.49905,-1.00512e-16,-0.505582
3.919,1,1.49905,-2.77583e-16,-0.50509
3.92,1,1.49905,-8.19203e-17,-0.504596
3.921,1,1.49905,-4.76647e-17,-0.504103
3.922,1,1.49905,-3.05516e-16,-0.503608
3.923,1,1.49905,2.74045e-16,-0.503114
3.924,1,1.49905,5.87966e-17,-0.502619
3.925,1,1.49905,-9.58912e-17,-0.502123
3.926,1,1.49905,-9.62532e-17,-0.501627
3.927,1,1.49905,-1.32505e-16,-0.50113
3.928,1,1.49905,-1.63613e-17,-0.500633
3.929,1,1.49905,-2.23674e-16,-0.500135
3.93,1,1.49905,-4.06551e-16,-0.499637
3.931,1,1.49905,-1.06994e-16,-0.499138
3.932,1,1.49905,-3.31762e-16,-0.498639
3.933,1,1.49905,1.77294e-16,-0.498139
3.934,1,1.49905,-2.81403e-16,-0.497639
3.935,1,1.49905,5.36134e-17,-0.497138
3.936,1,1.49905,2.90994e-16,-0.496637
3.937,1,1.49905,5.27521e-17,-0.496135
3.938,1,1.49905,4.7785e-16,-0.495633
3.939,1,1.49905,1.22226e-16,-0.495131
3.94,1,1.49905,-3.25669e-16,-0.494627
3.941,1,1.49905,-2.66926e-17,-0.494124
3.942,1,1.49905,-6.5946e-17,-0.49362
3.943,1,1.49905,-1.70762e-16,-0.493115
3.944,1,1.49905,-7.01334e-17,-0.49261
3.945,1,1.49905,-5.70589e-16,-0.492104
3.946,1,1.49905,3.43694e-17,-0.491598
3.947,1,1.49905,-6.59109e-17,-0.491091
3.948,1,1.49905,5.77071e-17,-0.490584
3.949,1,1.49905,4.93928e-17,-0.490077
3.95,1,1.49905,3.87849e-16,-0.489569
3.951,1,1.49905,-2.22331e-16,-0.48906
3.952,1,1.49905,1.11441e-17,-0.488551
3.953,1,1.49905,-9.87084e-18,-0.488042
3.954,1,1.49905,-3.60483e-16,-0.487531
3.955,1,1.49905,-1.21544e-16,-0.487021
3.956,1,1.49905,-1.76873e-16,-0.48651
3.957,1,1.49905,-7.43035e-18,-0.485998
3.958,1,1.49905,-3.60544e-16,-0.485487
3.959,1,1.49905,-1.17193e-16,-0.484974
3.96,1,1.49905,-4.68559e-16,-0.484461
3.961,1,1.49905,5.58325e-17,-0.483948
3.962,1,1.49905,-6.67924e-17,-0.483434
3.963,1,1.49905,-5.03104e-16,-0.482919
3.964,1,1.49905,-1.00528e-16,-0.482404
3.965,1,1.49905,-6.15762e-16,-0.481889
3.966,1,1.49905,-4.09582e-16,-0.481373
3.967,1,1.49905,1.06808e-16,-0.480857
3.968,1,1.49905,-1.22876e-17,-0.48034
3.969,1,1.49905,-1.69087e-16,-0.479823
3.97,1,1.49905,-2.03315e-16,-0.479305
3.971,1,1.49905,-2.16093e-16,-0.478787
3.972,1,1.49905,3.88404e-16,-0.478268
3.973,1,1.49905,2.44571e-17,-0.477749
3.974,1,1.49905,2.10718e-17,-0.477229
3.975,1,1.49905,6.71879e-17,-0.476709
3.976,1,1.49905,-1.77277e-16,-0.476189
3.977,1,1.49905,3.33505e-17,-0.475667
3.978,1,1.49905,-8.39429e-17,-0.475146
3.979,1,1.49905,-1.32023e-16,-0.474624
3.98,1,1.49905,1.38869e-16,-0.474101
3.981,1,1.49905,-4.26782e-17,-0.473578
3.982,1,1.49905,-8.32643e-17,-0.473055
3.983,1,1.49905,-7.98123e-17,-0.472531
3.984,1,1.49905,1.49251e-16,-0.472007
3.985,1,1.49905,4.65014e-17,-0.471482
3.986,1,1.49905,-1.01275e-17,-0.470956
3.987,1,1.49905,-1.97169e-16,-0.47043
3.988,1,1.49905,2.04554e-16,-0.469904
3.989,1,1.49905,-3.86089e-16,-0.469377
3.99,1,1.49905,-7.95209e-18,-0.46885
3.991,1,1.49905,6.85281e-18,-0.468323
3.992,1,1.49905,-9.79152e-17,-0.467794
3.993,1,1.49905,3.74655e-16,-0.467266
3.994,1,1.49905,4.68525e-17,-0.466737
3.995,1,1.49905,-9.42714e-17,-0.466207
3.996,1,1.49905,-1.97318e-16,-0.465677
3.997,1,1.49905,4.06563e-17,-0.465147
3.998,1,1.49905,2.22924e-16,-0.464616
3.999,1,1.49905,1.11547e-17,-0.464084
4,1,1.49905,5.55342e-17,-0.463552
4.001,1,1.49905,-7.77832e-17,-0.46302
4.002,1,1.49905,-1.92798e-16,-0.462487
4.003,1,1.49905,-1.27231e-16,-0.461954
4.004,1,1.49905,-1.76629e-16,-0.46142
4.005,1,1.49905,-1.39169e-16,-0.460886
4.006,1,1.49905,-9.19374e-17,-0.460351
4.007,1,1.49905,1.00555e-16,-0.459816
4.008,1,1.49905,-1.82093e-16,-0.459281
4.009,1,1.49905,3.83204e-16,-0.458745
4.01,1,1.49905,-2.37531e-16,-0.458208
4.011,1,1.49905,-2.06407e-16,-0.457671
4.012,1,1.49905,4.38153e-16,-0.457134
4.013,1,1.49905,1.214e-17,-0.456596
4.014,1,1.49905,-5.44827e-17,-0.456058
4.015,1,1.49905,8.1583e-19,-0.455519
4.016,1,1.49905,-2.43981e-16,-0.45498
4.017,1,1.49905,1.5986e-17,-0.45444
4.018,1,1.49905,4.05268e-16,-0.4539
4.019,1,1.49905,3.43856e-16,-0.453359
4.02,1,1.49905,1.63846e-16,-0.452818
4.021,1,1.49905,-1.98641e-16,-0.452277
4.022,1,1.49905,-1.84401e-16,-0.451735
4.023,1,1.49905,3.94151e-17,-0.451192
4.024,1,1.49905,3.03104e-16,-0.45065
4.025,1,1.49905,-1.13027e-16,-0.450106
4.026,1,1.49905,-1.38423e-16,-0.449563
4.027,1,1.49905,1.865e-16,-0.449018
4.028,1,1.49905,-1.27187e-16,-0.448474
4.029,1,1.49905,-5.71654e-17,-0.447929
4.03,1,1.49905,2.26016e-16,-0.447383
4.031,1,1.49905,-2.51971e-16,-0.446837
4.032,1,1.49905,2.00144e-16,-0.446291
4.033,1,1.49905,1.86897e-17,-0.445744
4.034,1,1.49905,1.04645e-17,-0.445197
4.035,1,1.49905,2.21578e-16,-0.444649
4.036,1,1.49905,-1.468e-16,-0.444101
4.037,1,1.49905,-2.98459e-16,-0.443552
4.038,1,1.49905,-3.67561e-16,-0.443003
4.039,1,1.49905,8.16621e-17,-0.442453
4.04,1,1.49905,-5.97524e-16,-0.441903
4.041,1,1.49905,-2.57132e-16,-0.441353
4.042,1,1.49905,3.75427e-16,-0.440802
4.043,1,1.49905,1.0311e-16,-0.440251
4.044,1,1.49905,2.17203e-16,-0.439699
4.045,1,1.49905,-2.88247e-16,-0.439147
4.046,1,1.49905,3.62744e-16,-0.438594
4.047,1,1.49905,-1.38236e-16,-0.438041
4.048,1,1.49905,2.50512e-16,-0.437488
4.049,1,1.49905,4.51064e-17,-0.436934
4.05,1,1.49905,-3.32211e-16,-0.436379
4.051,1,1.49905,2.32985e-16,-0.435825
4.052,1,1.49905,1.55749e-16,-0.435269
4.053,1,1.49905,-2.72346e-17,-0.434714
4.054,1,1.49905,-1.50825e-17,-0.434158
4.055,1,1.49905,1.51622e-16,-0.433601
4.056,1,1.49905,9.16445e-18,-0.433044
4.057,1,1.49905,-3.23907e-17,-0.432487
4.058,1,1.49905,-2.05852e-16,-0.431929
4.059,1,1.49905,-1.18377e-16,-0.431371
4.06,1,1.49905,-7.37403e-17,-0.430812
4.061,1,1.49905,-1.99977e-16,-0.430253
4.062,1,1.49905,1.41149e-16,-0.429693
4.063,1,1.49905,-2.74929e-16,-0.429133
4.064,1,1.49905,-2.97903e-16,-0.428573
4.065,1,1.49905,-2.84744e-16,-0.428012
4.066,1,1.49905,-9.9441e-18,-0.427451
4.067,1,1.49905,-3.41779e-16,-0.426889
4.068,1,1.49905,-3.11773e-16,-0.426327
4.069,1,1.49905,3.6351e-17,-0.425765
4.07,1,1.49905,-1.67304e-16,-0.425202
4.071,1,1.49905,-3.32761e-16,-0.424638
4.072,1,1.49905,5.02384e-16,-0.424074
4.073,1,1.49905,2.2801e-16,-0.42351
4.074,1,1.49905,-6.3451e-16,-0.422946
4.075,1,1.49905,-1.57631e-16,-0.42238
4.076,1,1.49905,-1.79679e-16,-0.421815
4.077,1,1.49905,1.4734e-16,-0.421249
4.078,1,1.49905,5.26208e-17,-0.420683
4.079,1,1.49905,-3.98451e-16,-0.420116
4.08,1,1.49905,-2.17609e-16,-0.419549
4.081,1,1.49905,-2.39621e-16,-0.418981
4.082,1,1.49905,4.37713e-17,-0.418413
4.083,1,1.49905,2.16373e-16,-0.417845
4.084,1,1.49905,2.35256e-16,-0.417276
4.085,1,1.49905,1.56988e-16,-0.416707
4.086,1,1.49905,-1.66229e-16,-0.416137
4.087,1,1.49905,-2.49713e-16,-0.415567
4.088,1,1.49905,1.76627e-16,-0.414996
4.089,1,1.49905,-1.2909e-16,-0.414425
4.09,1,1.49905,-9.47605e-18,-0.413854
4.091,1,1.49905,1.28231e-16,-0.413282
4.092,1,1.49905,-5.33802e-17,-0.41271
4.093,1,1.49905,-2.78491e-16,-0.412137
4.094,1,1.49905,-1.89683e-16,-0.411564
4.095,1,1.49905,-4.22919e-16,-0.410991
4.096,1,1.49905,-3.34138e-17,-0.410417
4.097,1,1.49905,-1.35803e-16,-0.409843
4.098,1,1.49905,3.8712e-17,-0.409268
4.099,1,1.49905,-1.1478e-16,-0.408693
4.1,1,1.49905,1.60624e-16,-0.408118
4.101,1,1.49905,2.45017e-16,-0.407542
4.102,1,1.49905,-1.65438e-16,-0.406966
4.103,1,1.49905,-5.62799e-17,-0.406389
4.104,1,1.49905,-3.2161e-16,-0.405812
4.105,1,1.49905,1.64798e-17,-0.405235
4.106,1,1.49905,-3.46606e-16,-0.404657
4.107,1,1.49905,-7.10191e-17,-0.404078
4.108,1,1.49905,1.6094e-16,-0.4035
4.109,1,1.49905,-3.97127e-18,-0.402921
4.11,1,1.49905,4.76643e-17,-0.402341
4.111,1,1.49905,-1.40313e-16,-0.401761
4.112,1,1.49905,-1.14465e-16,-0.401181
4.113,1,1.49905,1.48251e-16,-0.4006
4.114,1,1.49905,2.61934e-16,-0.400019
4.115,1,1.49905,-7.22928e-17,-0.399438
4.116,1,1.49905,1.13029e-16,-0.398856
4.117,1,1.49905,2.09076e-16,-0.398273
4.118,1,1.49905,-2.66595e-17,-0.397691
4.119,1,1.49905,2.072e-16,-0.397108
4.12,1,1.49905,8.50313e-17,-0.396524
4.121,1,1.49905,-5.47395e-17,-0.39594
4.122,1,1.49905,-2.42712e-18,-0.395356
4.123,1,1.49905,9.99465e-17,-0.394771
4.124,1,1.49905,1.03346e-16,-0.394186
4.125,1,1.49905,-2.85722e-16,-0.393601
4.126,1,1.49905,-2.37716e-17,-0.393015
4.127,1,1.49905,2.41187e-16,-0.392429
4.128,1,1.49905,4.31113e-16,-0.391842
4.129,1,1.49905,1.88403e-16,-0.391255
4.13,1,1.49905,-2.78214e-16,-0.390668
4.131,1,1.49905,-4.81548e-17,-0.39008
4.132,1,1.49905,-5.90118e-17,-0.389492
4.133,1,1.49905,-1.99865e-16,-0.388903
4.134,1,1.49905,-1.07811e-16,-0.388314
4.135,1,1.49905,2.71046e-16,-0.387725
4.136,1,1.49905,4.58458e-17,-0.387135
4.137,1,1.49905,-1.99448e-16,-0.386545
4.138,1,1.49905,-8.61578e-17,-0.385954
4.139,1,1.49905,-1.55194e-16,-0.385363
4.14,1,1.49905,-1.75517e-17,-0.384772
4.141,1,1.49905,1.94444e-16,-0.384181
4.142,1,1.49905,8.25992e-17,-0.383588
4.143,1,1.49905,-6.19603e-17,-0.382996
4.144,1,1.49905,1.31478e-16,-0.382403
4.145,1,1.49905,1.33401e-16,-0.38181
4.146,1,1.49905,8.10826e-17,-0.381216
4.147,1,1.49905,1.08979e-16,-0.380622
4.148,1,1.49905,-6.51261e-17,-0.380028
4.149,1,1.49905,5.59821e-17,-0.379433
4.15,1,1.49905,-6.45624e-17,-0.378838
4.151,1,1.49905,1.20653e-16,-0.378243
4.152,1,1.49905,-1.16873e-16,-0.377647
4.153,1,1.49905,3.35743e-16,-0.377051
4.154,1,1.49905,-7.24259e-17,-0.376454
4.155,1,1.49905,-8.69004e-17,-0.375857
4.156,1,1.49905,7.23325e-17,-0.37526
4.157,1,1.49905,1.11553e-16,-0.374662
4.158,1,1.49905,-3.42238e-16,-0.374064
4.159,1,1.49905,-1.37604e-16,-0.373465
4.16,1,1.49905,-1.10185e-16,-0.372867
4.161,1,1.49905,3.94583e-17,-0.372267
4.162,1,1.49905,1.93747e-16,-0.371668
4.163,1,1.49905,2.96464e-16,-0.371068
4.164,1,1.49905,2.3317e-16,-0.370467
4.165,1,1.49905,3.31311e-17,-0.369867
4.166,1,1.49905,6.80105e-17,-0.369266
4.167,1,1.49905,1.01381e-16,-0.368664
4.168,1,1.49905,1.33648e-16,-0.368062
4.169,1,1.49905,4.32382e-17,-0.36746
4.17,1,1.49905,1.94734e-16,-0.366858
4.171,1,1.49905,1.67519e-16,-0.366255
4.172,1,1.49905,2.6388e-17,-0.365651
4.173,1,1.49905,-1.35395e-16,-0.365048
4.174,1,1.49905,1.30351e-16,-0.364444
4.175,1,1.49905,2.46998e-17,-0.363839
4.176,1,1.49905,-1.8865e-16,-0.363235
4.177,1,1.49905,-5.62231e-17,-0.36263
4.178,1,1.49905,6.36503e-17,-0.362024
4.179,1,1.49905,-6.03549e-17,-0.361418
4.18,1,1.49905,2.27043e-16,-0.360812
4.181,1,1.49905,1.12096e-16,-0.360206
4.182,1,1.49905,1.97843e-16,-0.359599
4.183,1,1.49905,4.82755e-17,-0.358991
4.184,1,1.49905,-3.36724e-16,-0.358384
4.185,1,1.49905,7.28144e-17,-0.357776
4.186,1,1.49905,6.1433e-17,-0.357167
4.187,1,1.49905,-1.18637e-17,-0.356559
4.188,1,1.49905,1.48836e-16,-0.35595
4.189,1,1.49905,-1.945e-16,-0.35534
4.19,1,1.49905,1.209e-18,-0.35473
4.191,1,1.49905,2.52013e-16,-0.35412
4.192,1,1.49905,2.81198e-16,-0.35351
4.193,1,1.49905,2.47703e-16,-0.352899
4.194,1,1.49905,-4.36074e-17,-0.352288
4.195,1,1.49905,2.15296e-16,-0.351676
4.196,1,1.49905,9.58692e-17,-0.351065
4.197,1,1.49905,2.15245e-16,-0.350452
4.198,1,1.49905,-1.59468e-16,-0.34984
4.199,1,1.49905,-8.73554e-18,-0.349227
4.2,1,1.49905,-1.00452e-16,-0.348614
4.201,1,1.49905,1.9913e-16,-0.348
4.202,1,1.49905,-1.2785e-16,-0.347386
4.203,1,1.49905,-3.41421e-16,-0.346772
4.204,1,1.49905,8.2205e-17,-0.346157
4.205,1,1.49905,1.93585e-16,-0.345542
4.206,1,1.49905,-1.40279e-16,-0.344927
4.207,1,1.49905,4.29493e-17,-0.344311
4.208,1,1.49905,-4.19559e-16,-0.343695
4.209,1,1.49905,-1.86329e-16,-0.343078
4.21,1,1.49905,1.70107e-16,-0.342462
4.211,1,1.49905,-1.51845e-16,-0.341845
4.212,1,1.49905,-2.69282e-16,-0.341227
4.213,1,1.49905,2.51464e-16,-0.34061
4.214,1,1.49905,-1.47611e-17,-0.339991
4.215,1,1.49905,-2.23221e-16,-0.339373
4.216,1,1.49905,-1.08701e-16,-0.338754
4.217,1,1.49905,1.19368e-16,-0.338135
4.218,1,1.49905,1.52373e-16,-0.337516
4.219,1,1.49905,-9.69523e-17,-0.336896
4.22,1,1.49905,2.89473e-16,-0.336276
4.221,1,1.49905,-5.40502e-17,-0.335655
4.222,1,1.49905,6.37066e-17,-0.335035
4.223,1,1.49905,-2.65811e-16,-0.334413
4.224,1,1.49905,-7.30564e-17,-0.333792
4.225,1,1.49905,-1.48617e-16,-0.33317
4.226,1,1.49905,4.04169e-17,-0.332548
4.227,1,1.49905,2.73691e-17,-0.331926
4.228,1,1.49905,-4.27619e-17,-0.331303
4.229,1,1.49905,-9.31907e-17,-0.33068
4.23,1,1.49905,-2.65182e-16,-0.330056
4.231,1,1.49905,1.23175e-16,-0.329432
4.232,1,1.49905,1.66433e-18,-0.328808
4.233,1,1.49905,8.82221e-17,-0.328184
4.234,1,1.49905,6.89233e-17,-0.327559
4.235,1,1.49905,-1.40084e-17,-0.326934
4.236,1,1.49905,6.65467e-17,-0.326309
4.237,1,1.49905,-3.61227e-16,-0.325683
4.238,1,1.49905,2.50016e-16,-0.325057
4.239,1,1.49905,-9.24597e-18,-0.324431
4.24,1,1.49905,-2.09754e-16,-0.323804
4.241,1,1.49905,1.49135e-16,-0.323177
4.242,1,1.49905,-1.54513e-17,-0.322549
4.243,1,1.49905,1.88372e-17,-0.321922
4.244,1,1.49905,1.91792e-16,-0.321294
4.245,1,1.49905,-1.78178e-17,-0.320665
4.246,1,1.49905,-1.03663e-16,-0.320037
4.247,1,1.49905,1.13012e-17,-0.319408
4.248,1,1.49905,3.61496e-17,-0.318779
4.249,1,1.49905,-6.74433e-17,-0.318149
4.25,1,1.49905,-1.64951e-16,-0.317519
4.251,1,1.49905,-1.2677e-17,-0.316889
4.252,1,1.49905,1.9934e-16,-0.316258
4.253,1,1.49905,-4.9604e-17,-0.315627
4.254,1,1.49905,5.00651e-17,-0.314996
4.255,1,1.49905,-8.02495e-17,-0.314365
4.256,1,1.49905,-1.80407e-16,-0.313733
4.257,1,1.49905,6.29881e-17,-0.313101
4.258,1,1.49905,-4.26275e-16,-0.312468
4.259,1,1.49905,3.10428e-16,-0.311836
4.26,1,1.49905,3.84051e-16,-0.311203
4.261,1,1.49905,-7.29372e-17,-0.310569
4.262,1,1.49905,-4.42175e-17,-0.309936
4.263,1,1.49905,5.92228e-18,-0.309302
4.264,1,1.49905,1.6327e-16,-0.308667
4.265,1,1.49905,2.14398e-16,-0.308033
4.266,1,1.49905,3.16558e-16,-0.307398
4.267,1,1.49905,1.7333e-16,-0.306763
4.268,1,1.49905,-2.67192e-16,-0.306127
4.269,1,1.49905,-1.63263e-16,-0.305491
4.27,1,1.49905,1.41645e-16,-0.304855
4.271,1,1.49905,-1.77323e-16,-0.304219
4.272,1,1.49905,-1.91053e-16,-0.303582
4.273,1,1.49905,-6.86442e-17,-0.302945
4.274,1,1.49905,2.5333e-16,-0.302307
4.275,1,1.49905,1.33239e-16,-0.30167
4.276,1,1.49905,-1.62984e-16,-0.301032
4.277,1,1.49905,-5.02339e-17,-0.300394
4.278,1,1.49905,5.6993e-17,-0.299755
4.279,1,1.49905,-1.14215e-16,-0.299116
4.28,1,1.49905,-2.84681e-16,-0.298477
4.281,1,1.49905,-2.20164e-16,-0.297838
4.282,1,1.49905,-2.43456e-17,-0.297198
4.283,1,1.49905,-6.18062e-19,-0.296558
4.284,1,1.49905,-1.02191e-16,-0.295918
4.285,1,1.49905,-2.61332e-17,-0.295277
4.286,1,1.49905,-3.09184e-17,-0.294636
4.287,1,1.49905,4.03406e-17,-0.293995
4.288,1,1.49905,5.01505e-16,-0.293353
4.289,1,1.49905,-6.38565e-17,-0.292711
4.29,1,1.49905,8.14702e-17,-0.292069
4.291,1,1.49905,5.54695e-17,-0.291427
4.292,1,1.49905,6.69953e-17,-0.290784
4.293,1,1.49905,-6.01736e-17,-0.290141
4.294,1,1.49905,-3.61142e-16,-0.289498
4.295,1,1.49905,4.2217e-16,-0.288854
4.296,1,1.49905,2.85381e-16,-0.288211
4.297,1,1.49905,-1.77106e-16,-0.287567
4.298,1,1.49905,4.66002e-17,-0.286922
4.299,1,1.49905,-3.12447e-17,-0.286277
4.3,1,1.49905,2.58024e-16,-0.285632
4.301,1,1.49905,3.10138e-16,-0.284987
4.302,1,1.49905,-5.73183e-18,-0.284342
4.303,1,1.49905,1.76864e-16,-0.283696
4.304,1,1.49905,-8.54181e-17,-0.28305
4.305,1,1.49905,-8.52421e-17,-0.282403
4.306,1,1.49905,2.59155e-16,-0.281757
4.307,1,1.49905,1.67811e-16,-0.28111
4.308,1,1.49905,-5.42167e-17,-0.280462
4.309,1,1.49905,1.77127e-17,-0.279815
4.31,1,1.49905,1.46463e-16,-0.279167
4.311,1,1.49905,-1.76721e-16,-0.278519
4.312,1,1.49905,9.64699e-18,-0.277871
4.313,1,1.49905,-1.28786e-16,-0.277222
4.314,1,1.49905,3.57344e-16,-0.276573
4.315,1,1.49905,-4.83176e-17,-0.275924
4.316,1,1.49905,-1.48288e-16,-0.275274
4.317,1,1.49905,2.68794e-17,-0.274625
4.318,1,1.49905,-3.33762e-17,-0.273975
4.319,1,1.49905,-4.99495e-17,-0.273324
4.32,1,1.49905,6.00266e-17,-0.272674
4.321,1,1.49905,-1.65135e-16,-0.272023
4.322,1,1.49905,-7.62675e-17,-0.271372
4.323,1,1.49905,1.05546e-16,-0.27072
4.324,1,1.49905,3.02829e-16,-0.270069
4.325,1,1.49905,-1.59832e-17,-0.269417
4.326,1,1.49905,-3.71954e-17,-0.268765
4.327,1,1.49905,2.3162e-17,-0.268112
4.328,1,1.49905,-1.08871e-16,-0.26746
4.329,1,1.49905,1.47328e-16,-0.266807
4.33,1,1.49905,-6.4116e-18,-0.266153
4.331,1,1.49905,-2.73106e-16,-0.2655
4.332,1,1.49905,2.95051e-16,-0.264846
4.333,1,1.49905,-5.7034e-16,-0.264192
4.334,1,1.49905,-2.35138e-16,-0.263538
4.335,1,1.49905,3.58905e-16,-0.262883
4.336,1,1.49905,3.16872e-16,-0.262228
4.337,1,1.49905,-5.49063e-16,-0.261573
4.338,1,1.49905,2.99024e-16,-0.260918
4.339,1,1.49905,-2.48847e-16,-0.260262
4.34,1,1.49905,-2.46404e-16,-0.259606
4.341,1,1.49905,-3.14215e-16,-0.25895
4.342,1,1.49905,1.4642e-16,-0.258294
4.343,1,1.49905,-3.17204e-16,-0.257637
4.344,1,1.49905,2.85977e-16,-0.25698
4.345,1,1.49905,5.78003e-16,-0.256323
4.346,1,1.49905,-2.1437e-17,-0.255666
4.347,1,1.49905,2.48503e-16,-0.255008
4.348,1,1.49905,7.79674e-17,-0.25435
4.349,1,1.49905,-1.97212e-16,-0.253692
4.35,1,1.49905,1.21467e-16,-0.253033
4.351,1,1.49905,1.88112e-16,-0.252375
4.352,1,1.49905,6.00443e-17,-0.251716
4.353,1,1.49905,-1.25356e-16,-0.251056
4.354,1,1.49905,-3.41448e-17,-0.250397
4.355,1,1.49905,-2.0869e-16,-0.249737
4.356,1,1.49905,6.00758e-17,-0.249077
4.357,1,1.49905,9.46133e-17,-0.248417
4.358,1,1.49905,-2.4471e-16,-0.247757
4.359,1,1.49905,-3.33663e-16,-0.247096
4.36,1,1.49905,-5.31272e-17,-0.246435
4.361,1,1.49905,5.76374e-17,-0.245774
4.362,1,1.49905,-1.47851e-16,-0.245112
4.363,1,1.49905,-5.07392e-17,-0.244451
4.364,1,1.49905,4.00459e-17,-0.243789
4.365,1,1.49905,1.07649e-16,-0.243127
4.366,1,1.49905,4.93221e-16,-0.242464
4.367,1,1.49905,-1.80088e-17,-0.241802
4.368,1,1.49905,3.88314e-16,-0.241139
4.369,1,1.49905,9.02406e-17,-0.240476
4.37,1,1.49905,-6.03489e-17,-0.239812
4.371,1,1.49905,2.52091e-16,-0.239149
4.372,1,1.49905,-1.01042e-16,-0.238485
4.373,1,1.49905,3.86443e-16,-0.237821
4.374,1,1.49905,1.25177e-16,-0.237156
4.375,1,1.49905,2.03203e-16,-0.236492
4.376,1,1.49905,7.28583e-18,-0.235827
4.377,1,1.49905,4.53465e-17,-0.235162
4.378,1,1.49905,3.31822e-18,-0.234497
4.379,1,1.49905,1.15385e-16,-0.233831
4.38,1,1.49905,1.08021e-16,-0.233165
4.381,1,1.49905,5.22928e-17,-0.2325
4.382,1,1.49905,9.44842e-17,-0.231833
4.383,1,1.49905,3.23647e-16,-0.231167
4.384,1,1.49905,2.394e-16,-0.2305
4.385,1,1.49905,-2.30281e-16,-0.229833
4.386,1,1.49905,4.04829e-16,-0.229166
4.387,1,1.49905,2.15586e-16,-0.228499
4.388,1,1.49905,9.1617e-17,-0.227831
4.389,1,1.49905,2.41023e-16,-0.227163
4.39,1,1.49905,2.02659e-16,-0.226495
4.391,1,1.49905,-1.67153e-16,-0.225827
4.392,1,1.49905,4.24681e-16,-0.225159
4.393,1,1.49905,3.4271e-16,-0.22449
4.394,1,1.49905,-3.66133e-17,-0.223821
4.395,1,1.49905,2.61608e-16,-0.223152
4.396,1,1.49905,-2.18503e-16,-0.222483
4.397,1,1.49905,-6.3284e-18,-0.221813
4.398,1,1.49905,-1.34403e-16,-0.221143
4.399,1,1.49905,2.02405e-16,-0.220473
4.4,1,1.49905,2.79847e-16,-0.219803
4.401,1,1.49905,1.55648e-16,-0.219132
4.402,1,1.49905,3.65529e-16,-0.218462
4.403,1,1.49905,5.80622e-17,-0.217791
4.404,1,1.49905,-1.39148e-16,-0.21712
4.405,1,1.49905,9.1456e-17,-0.216448
4.406,1,1.49905,-9.28183e-17,-0.215777
4.407,1,1.49905,1.14096e-16,-0.215105
4.408,1,1.49905,1.89597e-16,-0.214433
4.409,1,1.49905,9.94578e-17,-0.213761
4.41,1,1.49905,-1.37878e-17,-0.213088
4.411,1,1.49905,2.52914e-16,-0.212416
4.412,1,1.49905,1.31534e-17,-0.211743
4.413,1,1.49905,-6.3208e-17,-0.21107
4.414,1,1.49905,3.51095e-16,-0.210396
4.415,1,1.49905,-1.96239e-16,-0.209723
4.416,1,1.49905,3.30223e-17,-0.209049
4.417,1,1.49905,1.73103e-16,-0.208375
4.418,1,1.49905,-1.78785e-16,-0.207701
4.419,1,1.49905,-6.25708e-17,-0.207027
4.42,1,1.49905,3.27214e-17,-0.206352
4.421,1,1.49905,1.07196e-16,-0.205678
4.422,1,1.49905,4.20987e-17,-0.205003
4.423,1,1.49905,-5.07338e-17,-0.204328
4.424,1,1.49905,-1.84003e-16,-0.203652
4.425,1,1.49905,-3.06743e-17,-0.202977
4.426,1,1.49905,4.30441e-16,-0.202301
4.427,1,1.49905,-6.70172e-17,-0.201625
4.428,1,1.49905,1.01592e-16,-0.200949
4.429,1,1.49905,6.28932e-17,-0.200273
4.43,1,1.49905,-8.91599e-17,-0.199596
4.431,1,1.49905,-1.58045e-16,-0.198919
4.432,1,1.49905,3.19855e-16,-0.198242
4.433,1,1.49905,-1.43114e-16,-0.197565
4.434,1,1.49905,-9.95031e-17,-0.196888
4.435,1,1.49905,6.96637e-18,-0.19621
4.436,1,1.49905,1.64707e-16,-0.195533
4.437,1,1.49905,1.52696e-16,-0.194855
4.438,1,1.49905,-7.2287e-17,-0.194176
4.439,1,1.49905,6.41527e-18,-0.193498
4.44,1,1.49905,2.19572e-16,-0.19282
4.441,1,1.49905,6.33404e-17,-0.192141
4.442,1,1.49905,1.73733e-18,-0.191462
4.443,1,1.49905,7.50489e-17,-0.190783
4.444,1,1.49905,3.29245e-16,-0.190104
4.445,1,1.49905,2.32421e-16,-0.189424
4.446,1,1.49905,-1.82738e-16,-0.188745
4.447,1,1.49905,3.4308e-16,-0.188065
4.448,1,1.49905,2.33984e-16,-0.187385
4.449,1,1.49905,6.79939e-17,-0.186704
4.45,1,1.49905,4.81325e-17,-0.186024
4.451,1,1.49905,-2.3838e-16,-0.185343
4.452,1,1.49905,-6.5584e-17,-0.184663
4.453,1,1.49905,-1.08895e-16,-0.183982
4.454,1,1.49905,7.78582e-17,-0.183301
4.455,1,1.49905,1.72834e-16,-0.182619
4.456,1,1.49905,-4.17588e-19,-0.181938
4.457,1,1.49905,-5.17776e-17,-0.181256
4.458,1,1.49905,6.10905e-17,-0.180574
4.459,1,1.49905,2.72563e-17,-0.179892
4.46,1,1.49905,4.02668e-16,-0.17921
4.461,1,1.49905,6.79638e-17,-0.178527
4.462,1,1.49905,3.50195e-16,-0.177845
4.463,1,1.49905,2.18851e-16,-0.177162
4.464,1,1.49905,1.14274e-17,-0.176479
4.465,1,1.49905,-1.35838e-16,-0.175796
4.466,1,1.49905,5.31299e-16,-0.175113
4.467,1,1.49905,-1.92408e-16,-0.174429
4.468,1,1.49905,-6.19277e-17,-0.173746
4.469,1,1.49905,2.84609e-17,-0.173062
4.47,1,1.49905,8.70627e-18,-0.172378
4.471,1,1.49905,-1.13031e-16,-0.171694
4.472,1,1.49905,-1.5256e-16,-0.171009
4.473,1,1.49905,7.11988e-17,-0.170325
4.474,1,1.49905,2.96074e-16,-0.16964
4.475,1,1.49905,3.78125e-17,-0.168955
4.476,1,1.49905,1.63306e-17,-0.16827
4.477,1,1.49905,2.84419e-16,-0.167585
4.478,1,1.49905,-1.90096e-16,-0.1669
4.479,1,1.49905,4.32141e-17,-0.166214
4.48,1,1.49905,-1.94957e-16,-0.165529
4.481,1,1.49905,3.78247e-16,-0.164843
4.482,1,1.49905,-1.58013e-16,-0.164157
4.483,1,1.49905,2.07629e-16,-0.163471
4.484,1,1.49905,1.54185e-16,-0.162784
4.485,1,1.49905,-4.16042e-16,-0.162098
4.486,1,1.49905,-1.27075e-17,-0.161411
4.487,1,1.49905,8.27396e-17,-0.160724
4.488,1,1.49905,3.40518e-16,-0.160037
4.489,1,1.49905,-8.20438e-17,-0.15935
4.49,1,1.49905,1.08692e-16,-0.158663
4.491,1,1.49905,1.40772e-16,-0.157975
4.492,1,1.49905,4.97059e-17,-0.157288
4.493,1,1.49905,-3.38944e-17,-0.1566
4.494,1,1.49905,-1.5248e-16,-0.155912
4.495,1,1.49905,3.19185e-16,-0.155224
4.496,1,1.49905,1.791e-16,-0.154536
4.497,1,1.49905,-9.3177e-17,-0.153847
4.498,1,1.49905,5.45315e-17,-0.153159
4.499,1,1.49905,1.19137e-16,-0.15247
4.5,1,1.49905,1.42061e-16,-0.151781
4.501,1,1.49905,3.57345e-17,-0.151092
4.502,1,1.49905,1.15244e-17,-0.150403
4.503,1,1.49905,1.53482e-16,-0.149714
4.504,1,1.49905,-5.10526e-17,-0.149024
4.505,1,1.49905,2.36404e-16,-0.148335
4.506,1,1.49905,2.34779e-17,-0.147645
4.507,1,1.49905,1.80248e-17,-0.146955
4.508,1,1.49905,2.32096e-17,-0.146265
4.509,1,1.49905,1.6301e-16,-0.145575
4.51,1,1.49905,3.2547e-16,-0.144884
4.511,1,1.49905,2.66695e-17,-0.144194
4.512,1,1.49905,-1.55072e-16,-0.143503
4.513,1,1.49905,-2.76222e-16,-0.142813
4.514,1,1.49905,-3.35916e-17,-0.142122
4.515,1,1.49905,1.66158e-16,-0.141431
4.516,1,1.49905,-8.85208e-17,-0.140739
4.517,1,1.49905,-2.90795e-17,-0.140048
4.518,1,1.49905,2.39201e-16,-0.139357
4.519,1,1.49905,2.04505e-16,-0.138665
4.52,1,1.49905,-8.00511e-17,-0.137973
4.521,1,1.49905,-3.73856e-17,-0.137281
4.522,1,1.49905,3.66243e-16,-0.136589
4.523,1,1.49905,2.98056e-17,-0.135897
4.524,1,1.49905,-1.5533e-16,-0.135205
4.525,1,1.49905,1.69652e-16,-0.134512
4.526,1,1.49905,2.4773e-16,-0.13382
4.527,1,1.49905,-5.02446e-17,-0.133127
4.528,1,1.49905,-7.2929e-17,-0.132434
4.529,1,1.49905,-2.24382e-16,-0.131741
4.53,1,1.49905,1.14042e-16,-0.131048
4.531,1,1.49905,-4.23074e-17,-0.130355
4.532,1,1.49905,-1.40038e-16,-0.129662
4.533,1,1.49905,8.75197e-17,-0.128968
4.534,1,1.49905,-9.47938e-17,-0.128275
4.535,1,1.49905,1.08019e-16,-0.127581
4.536,1,1.49905,-1.10442e-17,-0.126887
4.537,1,1.49905,9.25326e-18,-0.126193
4.538,1,1.49905,1.3005e-16,-0.125499
4.539,1,1.49905,4.51748e-17,-0.124805
4.54,1,1.49905,1.43281e-16,-0.12411
4.541,1,1.49905,-9.53031e-17,-0.123416
4.542,1,1.49905,1.48101e-16,-0.122721
4.543,1,1.49905,5.95992e-17,-0.122026
4.544,1,1.49905,4.98373e-17,-0.121331
4.545,1,1.49905,1.58279e-17,-0.120636
4.546,1,1.49905,1.75452e-16,-0.119941
4.547,1,1.49905,3.80684e-16,-0.119246
4.548,1,1.49905,2.67964e-16,-0.118551
4.549,1,1.49905,2.16394e-16,-0.117855
4.55,1,1.49905,-8.93823e-17,-0.11716
4.551,1,1.49905,6.37573e-17,-0.116464
4.552,1,1.49905,3.02725e-16,-0.115768
4.553,1,1.49905,2.72005e-16,-0.115072
4.554,1,1.49905,6.88088e-17,-0.114376
4.555,1,1.49905,1.5475e-16,-0.11368
4.556,1,1.49905,1.19454e-16,-0.112984
4.557,1,1.49905,2.36334e-16,-0.112287
4.558,1,1.49905,3.83897e-18,-0.111591
4.559,1,1.49905,1.03443e-16,-0.110894
4.56,1,1.49905,2.98506e-17,-0.110198
4.561,1,1.49905,1.17676e-16,-0.109501
4.562,1,1.49905,7.8479e-17,-0.108804
4.563,1,1.49905,9.76085e-17,-0.108107
4.564,1,1.49905,-4.30024e-17,-0.10741
4.565,1,1.49905,1.67171e-16,-0.106712
4.566,1,1.49905,3.81118e-17,-0.106015
4.567,1,1.49905,6.1087e-16,-0.105317
4.568,1,1.49905,-1.41941e-16,-0.10462
4.569,1,1.49905,-2.31569e-16,-0.103922
4.57,1,1.49905,-5.94466e-17,-0.103224
4.571,1,1.49905,1.65468e-16,-0.102526
4.572,1,1.49905,-1.3279e-16,-0.101828
4.573,1,1.49905,6.90412e-17,-0.10113
4.574,1,1.49905,1.45807e-16,-0.100432
4.575,1,1.49905,1.56124e-16,-0.0997339
4.576,1,1.49905,2.88674e-16,-0.0990355
4.577,1,1.49905,2.77952e-16,-0.098337
4.578,1,1.49905,-1.55503e-17,-0.0976384
4.579,1,1.49905,3.49456e-16,-0.0969397
4.58,1,1.49905,-4.29089e-17,-0.0962409
4.581,1,1.49905,-1.90941e-16,-0.095542
4.582,1,1.49905,1.14165e-16,-0.094843
4.583,1,1.49905,-4.24553e-17,-0.094144
4.584,1,1.49905,-2.95481e-16,-0.0934448
4.585,1,1.49905,6.48665e-17,-0.0927455
4.586,1,1.49905,1.79732e-16,-0.0920462
4.587,1,1.49905,2.19049e-16,-0.0913467
4.588,1,1.49905,6.30216e-17,-0.0906472
4.589,1,1.49905,4.68436e-17,-0.0899476
4.59,1,1.49905,1.47249e-16,-0.0892478
4.591,1,1.49905,1.49621e-16,-0.088548
4.592,1,1.49905,4.79e-17,-0.0878481
4.593,1,1.49905,3.97935e-16,-0.0871481
4.594,1,1.49905,3.67716e-16,-0.0864481
4.595,1,1.49905,2.94349e-16,-0.0857479
4.596,1,1.49905,-4.50872e-18,-0.0850477
4.597,1,1.49905,5.70481e-17,-0.0843473
4.598,1,1.49905,3.31186e-16,-0.0836469
4.599,1,1.49905,1.58596e-16,-0.0829464
4.6,1,1.49905,2.04249e-16,-0.0822459
4.601,1,1.49905,-1.9386e-17,-0.0815452
4.602,1,1.49905,-1.0596e-16,-0.0808445
4.603,1,1.49905,2.2586e-16,-0.0801436
4.604,1,1.49905,-1.80075e-16,-0.0794427
4.605,1,1.49905,2.34319e-16,-0.0787418
4.606,1,1.49905,3.70732e-17,-0.0780407
4.607,1,1.49905,1.27211e-16,-0.0773396
4.608,1,1.49905,4.4326e-16,-0.0766383
4.609,1,1.49905,4.35738e-16,-0.0759371
4.61,1,1.49905,2.60506e-16,-0.0752357
4.611,1,1.49905,-1.16959e-16,-0.0745342
4.612,1,1.49905,1.18436e-16,-0.0738327
4.613,1,1.49905,1.77235e-16,-0.0731311
4.614,1,1.49905,-1.6074e-16,-0.0724295
4.615,1,1.49905,1.69846e-16,-0.0717277
4.616,1,1.49905,8.85022e-18,-0.0710259
4.617,1,1.49905,1.01709e-16,-0.070324
4.618,1,1.49905,6.5143e-16,-0.0696221
4.619,1,1.49905,1.70624e-16,-0.0689201
4.62,1,1.49905,1.7227e-16,-0.068218
4.621,1,1.49905,-2.04359e-16,-0.0675158
4.622,1,1.49905,-7.09198e-17,-0.0668136
4.623,1,1.49905,6.74275e-17,-0.0661113
4.624,1,1.49905,3.71943e-16,-0.065409
4.625,1,1.49905,8.39438e-17,-0.0647066
4.626,1,1.49905,3.89332e-18,-0.0640041
4.627,1,1.49905,-1.04021e-16,-0.0633015
4.628,1,1.49905,-1.38019e-16,-0.0625989
4.629,1,1.49905,2.80872e-16,-0.0618962
4.63,1,1.49905,7.528e-17,-0.0611935
4.631,1,1.49905,3.18979e-17,-0.0604907
4.632,1,1.49905,2.70231e-16,-0.0597878
4.633,1,1.49905,-7.36888e-17,-0.0590849
4.634,1,1.49905,-1.28185e-17,-0.0583819
4.635,1,1.49905,1.78773e-16,-0.0576789
4.636,1,1.49905,-1.0011e-16,-0.0569758
4.637,1,1.49905,1.87683e-16,-0.0562727
4.638,1,1.49905,-9.24966e-17,-0.0555695
4.639,1,1.49905,5.60318e-16,-0.0548662
4.64,1,1.49905,2.17339e-16,-0.0541629
4.641,1,1.49905,-3.19561e-16,-0.0534595
4.642,1,1.49905,-8.07857e-17,-0.0527561
4.643,1,1.49905,-1.36007e-17,-0.0520526
4.644,1,1.49905,3.68107e-16,-0.0513491
4.645,1,1.49905,8.6086e-17,-0.0506455
4.646,1,1.49905,2.48734e-16,-0.0499419
4.647,1,1.49905,-1.92657e-16,-0.0492382
4.648,1,1.49905,1.24467e-16,-0.0485345
4.649,1,1.49905,-7.61488e-17,-0.0478307
4.65,1,1.49905,2.52072e-16,-0.0471269
4.651,1,1.49905,-1.0439e-17,-0.046423
4.652,1,1.49905,1.03639e-17,-0.0457191
4.653,1,1.49905,1.00026e-16,-0.0450151
4.654,1,1.49905,2.02152e-16,-0.0443111
4.655,1,1.49905,1.20449e-16,-0.0436071
4.656,1,1.49905,2.1561e-16,-0.042903
4.657,1,1.49905,8.49937e-18,-0.0421988
4.658,1,1.49905,2.48503e-16,-0.0414946
4.659,1,1.49905,-5.11978e-17,-0.0407904
4.66,1,1.49905,1.60639e-16,-0.0400862
4.661,1,1.49905,2.36403e-16,-0.0393819
4.662,1,1.49905,1.59619e-16,-0.0386775
4.663,1,1.49905,-1.99989e-18,-0.0379731
4.664,1,1.49905,-2.90092e-16,-0.0372687
4.665,1,1.49905,2.95081e-16,-0.0365643
4.666,1,1.49905,2.59984e-16,-0.0358598
4.667,1,1.49905,-1.53429e-16,-0.0351552
4.668,1,1.49905,3.21973e-16,-0.0344507
4.669,1,1.49905,3.48655e-16,-0.0337461
4.67,1,1.49905,-1.86788e-16,-0.0330414
4.671,1,1.49905,2.57008e-16,-0.0323368
4.672,1,1.49905,1.00175e-16,-0.0316321
4.673,1,1.49905,7.77503e-17,-0.0309274
4.674,1,1.49905,-2.66146e-16,-0.0302226
4.675,1,1.49905,-9.66749e-17,-0.0295178
4.676,1,1.49905,2.53548e-16,-0.028813
4.677,1,1.49905,2.85027e-16,-0.0281081
4.678,1,1.49905,2.74383e-16,-0.0274033
4.679,1,1.49905,1.92773e-16,-0.0266984
4.68,1,1.49905,1.27537e-16,-0.0259934
4.681,1,1.49905,8.00051e-17,-0.0252885
4.682,1,1.49905,2.41059e-16,-0.0245835
4.683,1,1.49905,1.93379e-16,-0.0238785
4.684,1,1.49905,-2.42035e-16,-0.0231735
4.685,1,1.49905,1.69805e-16,-0.0224684
4.686,1,1.49905,1.39353e-16,-0.0217633
4.687,1,1.49905,3.27875e-17,-0.0210582
4.688,1,1.49905,-3.08937e-16,-0.0203531
4.689,1,1.49905,2.93359e-16,-0.019648
4.69,1,1.49905,1.33379e-16,-0.0189428
4.691,1,1.49905,-6.45822e-17,-0.0182376
4.692,1,1.49905,5.19271e-17,-0.0175324
4.693,1,1.49905,-1.58284e-17,-0.0168272
4.694,1,1.49905,-1.07746e-16,-0.016122
4.695,1,1.49905,6.12465e-16,-0.0154168
4.696,1,1.49905,2.90143e-16,-0.0147115
4.697,1,1.49905,1.77771e-16,-0.0140062
4.698,1,1.49905,2.20589e-16,-0.0133009
4.699,1,1.49905,4.84693e-16,-0.0125956
4.7,1,1.49905,-4.55592e-17,-0.0118903
4.701,1,1.49905,-1.11532e-16,-0.011185
4.702,1,1.49905,3.25006e-16,-0.0104797
4.703,1,1.49905,3.28482e-16,-0.00977431
4.704,1,1.49905,3.55606e-16,-0.00906895
4.705,1,1.49905,5.04054e-17,-0.00836358
4.706,1,1.49905,-7.64107e-17,-0.00765821
4.707,1,1.49905,1.68833e-16,-0.00695282
4.708,1,1.49905,3.66674e-16,-0.00624743
4.709,1,1.49905,-9.08107e-17,-0.00554204
4.71,1,1.49905,4.78998e-16,-0.00483663
4.711,1,1.49905,-5.28959e-17,-0.00413123
4.712,1,1.49905,2.72218e-16,-0.00342582
4.713,1,1.49905,4.08762e-16,-0.0027204
4.714,1,1.49905,7.49212e-19,-0.00201499
4.715,1,1.49905,2.44867e-17,-0.00130957
4.716,1,1.49905,1.46669e-16,-0.000604146
4.717,1,1.49905,1.97315e-16,0.000101275
4.718,1,1.49905,1.2788e-16,0.000806696
4.719,1,1.49905,1.73107e-16,0.00151212
4.72,1,1.49905,5.12504e-16,0.00221753
4.721,1,1.49905,-4.67954e-17,0.00292295
4.722,1,1.49905,1.07132e-16,0.00362836
4.723,1,1.49905,1.54226e-17,0.00433377
4.724,1,1.49905,4.7611e-16,0.00503918
4.725,1,1.49905,3.84459e-18,0.00574458
4.726,1,1.49905,3.48471e-16,0.00644997
4.727,1,1.49905,-9.02131e-17,0.00715536
4.728,1,1.49905,3.75463e-16,0.00786074
4.729,1,1.49905,3.61632e-16,0.00856612
4.73,1,1.49905,3.10841e-16,0.00927148
4.731,1,1.49905,1.22105e-17,0.00997684
4.732,1,1.49905,-4.32491e-17,0.0106822
4.733,1,1.49905,1.35334e-16,0.0113875
4.734,1,1.49905,1.29095e-16,0.0120928
4.735,1,1.49905,1.50404e-16,0.0127982
4.736,1,1.49905,6.31516e-17,0.0135035
4.737,1,1.49905,-2.5447e-16,0.0142087
4.738,1,1.49905,-2.91151e-16,0.014914
4.739,1,1.49905,1.2334e-17,0.0156193
4.74,1,1.49905,8.09978e-17,0.0163245
4.741,1,1.49905,1.98899e-17,0.0170297
4.742,1,1.49905,-7.49564e-18,0.0177349
4.743,1,1.49905,2.0922e-16,0.0184401
4.744,1,1.49905,1.24207e-16,0.0191453
4.745,1,1.49905,1.68538e-16,0.0198504
4.746,1,1.49905,-2.76875e-16,0.0205556
4.747,1,1.49905,-1.85664e-16,0.0212607
4.748,1,1.49905,6.09781e-16,0.0219658
4.749,1,1.49905,3.5473e-17,0.0226709
4.75,1,1.49905,4.70432e-16,0.0233759
4.751,1,1.49905,1.45879e-16,0.0240809
4.752,1,1.49905,1.17013e-16,0.0247859
4.753,1,1.49905,7.933e-17,0.0254909
4.754,1,1.49905,4.9533e-17,0.0261958
4.755,1,1.49905,9.41382e-18,0.0269008
4.756,1,1.49905,1.53105e-16,0.0276057
4.757,1,1.49905,1.5071e-16,0.0283105
4.758,1,1.49905,3.43187e-16,0.0290154
4.759,1,1.49905,2.184e-17,0.0297202
4.76,1,1.49905,-1.40566e-16,0.030425
4.761,1,1.49905,1.97598e-16,0.0311297
4.762,1,1.49905,1.11157e-16,0.0318344
4.763,1,1.49905,2.8563e-16,0.0325391
4.764,1,1.49905,5.97268e-16,0.0332438
4.765,1,1.49905,9.58276e-17,0.0339484
4.766,1,1.49905,2.14307e-16,0.034653
4.767,1,1.49905,-1.72855e-16,0.0353575
4.768,1,1.49905,1.49904e-17,0.0360621
4.769,1,1.49905,2.95755e-16,0.0367665
4.77,1,1.49905,4.56736e-17,0.037471
4.771,1,1.49905,6.09835e-17,0.0381754
4.772,1,1.49905,-1.50456e-17,0.0388798
4.773,1,1.49905,3.66839e-16,0.0395841
4.774,1,1.49905,2.27201e-16,0.0402884
4.775,1,1.49905,-1.97089e-17,0.0409926
4.776,1,1.49905,-3.47832e-16,0.0416968
4.777,1,1.49905,-1.79787e-16,0.042401
4.778,1,1.49905,1.72964e-16,0.0431051
4.779,1,1.49905,5.06214e-16,0.0438092
4.78,1,1.49905,1.90158e-16,0.0445133
4.781,1,1.49905,8.0271e-17,0.0452173
4.782,1,1.49905,3.22237e-16,0.0459212
4.783,1,1.49905,4.94018e-16,0.0466251
4.784,1,1.49905,-1.87602e-16,0.047329
4.785,1,1.49905,1.11654e-16,0.0480328
4.786,1,1.49905,1.38718e-16,0.0487365
4.787,1,1.49905,3.71143e-17,0.0494403
4.788,1,1.49905,4.33687e-16,0.0501439
4.789,1,1.49905,-1.78369e-17,0.0508475
4.79,1,1.49905,4.22622e-16,0.0515511
4.791,1,1.49905,3.34637e-16,0.0522546
4.792,1,1.49905,5.56307e-17,0.0529581
4.793,1,1.49905,1.14377e-16,0.0536615
4.794,1,1.49905,-2.28204e-16,0.0543648
4.795,1,1.49905,1.97727e-16,0.0550681
4.796,1,1.49905,4.45147e-16,0.0557714
4.797,1,1.49905,-4.25299e-17,0.0564746
4.798,1,1.49905,3.20567e-16,0.0571777
4.799,1,1.49905,-1.8638e-16,0.0578808
4.8,1,1.49905,8.23746e-17,0.0585838
4.801,1,1.49905,4.17962e-16,0.0592868
4.802,1,1.49905,5.75201e-17,0.0599897
4.803,1,1.49905,2.33129e-16,0.0606925
4.804,1,1.49905,5.12612e-17,0.0613953
4.805,1,1.49905,9.45608e-18,0.062098
4.806,1,1.49905,1.71533e-16,0.0628007
4.807,1,1.49905,1.83953e-16,0.0635032
4.808,1,1.49905,-1.72192e-16,0.0642058
4.809,1,1.49905,4.69822e-16,0.0649082
4.81,1,1.49905,1.36439e-16,0.0656106
4.811,1,1.49905,6.88117e-17,0.066313
4.812,1,1.49905,-2.10233e-16,0.0670153
4.813,1,1.49905,5.12536e-16,0.0677175
4.814,1,1.49905,3.48432e-16,0.0684196
4.815,1,1.49905,1.66043e-16,0.0691217
4.816,1,1.49905,1.19588e-16,0.0698237
4.817,1,1.49905,3.23287e-16,0.0705256
4.818,1,1.49905,3.1642e-17,0.0712274
4.819,1,1.49905,2.62526e-16,0.0719292
4.82,1,1.49905,1.9647e-16,0.0726309
4.821,1,1.49905,4.28789e-16,0.0733326
4.822,1,1.49905,-3.63171e-16,0.0740342
4.823,1,1.49905,1.63206e-16,0.0747357
4.824,1,1.49905,1.00366e-16,0.0754371
4.825,1,1.49905,3.00977e-16,0.0761384
4.826,1,1.49905,-6.41894e-17,0.0768397
4.827,1,1.49905,7.05901e-17,0.0775409
4.828,1,1.49905,5.42114e-17,0.078242
4.829,1,1.49905,-6.25405e-17,0.078943
4.83,1,1.49905,2.30108e-16,0.079644
4.831,1,1.49905,1.64319e-16,0.0803449
4.832,1,1.49905,1.51235e-16,0.0810457
4.833,1,1.49905,2.04421e-16,0.0817464
4.834,1,1.49905,-2.40151e-16,0.082447
4.835,1,1.49905,2.0583e-16,0.0831476
4.836,1,1.49905,1.58e-16,0.0838481
4.837,1,1.49905,3.44617e-16,0.0845484
4.838,1,1.49905,-1.74922e-16,0.0852487
4.839,1,1.49905,2.62794e-16,0.085949
4.84,1,1.49905,2.22329e-16,0.0866491
4.841,1,1.49905,-1.72004e-17,0.0873491
4.842,1,1.49905,4.18956e-16,0.0880491
4.843,1,1.49905,-2.41538e-16,0.088749
4.844,1,1.49905,6.88298e-17,0.0894488
4.845,1,1.49905,-7.45647e-17,0.0901484
4.846,1,1.49905,3.07741e-16,0.0908481
4.847,1,1.49905,-2.5618e-18,0.0915476
4.848,1,1.49905,4.14295e-16,0.092247
4.849,1,1.49905,4.07086e-16,0.0929463
4.85,1,1.49905,8.2863e-17,0.0936456
4.851,1,1.49905,-1.41114e-16,0.0943447
4.852,1,1.49905,2.29673e-16,0.0950437
4.853,1,1.49905,-3.01945e-17,0.0957427
4.854,1,1.49905,-1.03851e-16,0.0964416
4.855,1,1.49905,2.43932e-16,0.0971403
4.856,1,1.49905,7.44536e-17,0.097839
4.857,1,1.49905,1.3071e-16,0.0985375
4.858,1,1.49905,3.15519e-16,0.099236
4.859,1,1.49905,2.40991e-16,0.0999344
4.86,1,1.49905,6.18689e-17,0.100633
4.861,1,1.49905,1.4789e-17,0.101331
4.862,1,1.49905,1.71379e-16,0.102029
4.863,1,1.49905,3.33523e-16,0.102727
4.864,1,1.49905,-2.49378e-16,0.103425
4.865,1,1.49905,6.40451e-17,0.104122
4.866,1,1.49905,3.91445e-16,0.10482
4.867,1,1.49905,2.85115e-16,0.105518
4.868,1,1.49905,-8.13817e-17,0.106215
4.869,1,1.49905,1.65479e-16,0.106912
4.87,1,1.49905,4.03768e-16,0.10761
4.871,1,1.49905,4.98945e-16,0.108307
4.872,1,1.49905,2.60254e-16,0.109004
4.873,1,1.49905,1.85464e-16,0.109701
4.874,1,1.49905,8.47025e-17,0.110398
4.875,1,1.49905,1.01254e-16,0.111094
4.876,1,1.49905,6.35849e-16,0.111791
4.877,1,1.49905,2.52525e-16,0.112487
4.878,1,1.49905,-1.58263e-16,0.113184
4.879,1,1.49905,5.00489e-17,0.11388
4.88,1,1.49905,2.26665e-16,0.114576
4.881,1,1.49905,5.12009e-16,0.115272
4.882,1,1.49905,3.34156e-16,0.115968
4.883,1,1.49905,2.86346e-16,0.116664
4.884,1,1.49905,2.23654e-16,0.117359
4.885,1,1.49905,1.02728e-16,0.118055
4.886,1,1.49905,-1.97955e-16,0.11875
4.887,1,1.49905,3.08047e-16,0.119446
4.888,1,1.49905,8.63763e-17,0.120141
4.889,1,1.49905,2.27262e-16,0.120836
4.89,1,1.49905,1.16795e-17,0.121531
4.891,1,1.49905,4.21455e-16,0.122226
4.892,1,1.49905,-8.63613e-17,0.12292
4.893,1,1.49905,3.28373e-16,0.123615
4.894,1,1.49905,1.81887e-16,0.12431
4.895,1,1.49905,-7.21894e-17,0.125004
4.896,1,1.49905,-1.55026e-16,0.125698
4.897,1,1.49905,5.34472e-16,0.126392
4.898,1,1.49905,3.85043e-16,0.127086
4.899,1,1.49905,1.43858e-16,0.12778
4.9,1,1.49905,1.02909e-16,0.128474
4.901,1,1.49905,-1.61551e-16,0.129167
4.902,1,1.49905,-3.95994e-18,0.129861
4.903,1,1.49905,3.58899e-16,0.130554
4.904,1,1.49905,-3.29854e-16,0.131247
4.905,1,1.49905,2.55828e-16,0.13194
4.906,1,1.49905,1.09299e-16,0.132633
4.907,1,1.49905,-5.25864e-17,0.133326
4.908,1,1.49905,1.47402e-16,0.134019
4.909,1,1.49905,1.68789e-16,0.134711
4.91,1,1.49905,-8.8568e-17,0.135404
4.911,1,1.49905,3.9363e-16,0.136096
4.912,1,1.49905,3.29702e-16,0.136788
4.913,1,1.49905,2.39004e-17,0.13748
4.914,1,1.49905,2.63554e-16,0.138172
4.915,1,1.49905,4.25866e-17,0.138864
4.916,1,1.49905,5.16039e-16,0.139555
4.917,1,1.49905,6.02291e-16,0.140247
4.918,1,1.49905,1.92631e-16,0.140938
4.919,1,1.49905,1.94218e-16,0.141629
4.92,1,1.49905,-5.03658e-17,0.14232
4.921,1,1.49905,-2.25568e-16,0.143011
4.922,1,1.49905,9.82779e-17,0.143702
4.923,1,1.49905,9.81089e-17,0.144392
4.924,1,1.49905,2.29989e-17,0.145083
4.925,1,1.49905,8.46984e-17,0.145773
4.926,1,1.49905,5.05513e-16,0.146463
4.927,1,1.49905,2.63956e-16,0.147153
4.928,1,1.49905,1.01994e-16,0.147843
4.929,1,1.49905,1.92791e-16,0.148533
4.93,1,1.49905,2.69819e-16,0.149222
4.931,1,1.49905,6.89929e-17,0.149912
4.932,1,1.49905,3.3683e-16,0.150601
4.933,1,1.49905,4.12465e-16,0.15129
4.934,1,1.49905,2.58748e-16,0.151979
4.935,1,1.49905,1.35651e-16,0.152668
4.936,1,1.49905,1.63154e-16,0.153356
4.937,1,1.49905,4.11711e-16,0.154045
4.938,1,1.49905,1.22653e-16,0.154733
4.939,1,1.49905,2.21841e-16,0.155422
4.94,1,1.49905,4.16615e-16,0.15611
4.941,1,1.49905,3.82451e-16,0.156797
4.942,1,1.49905,4.0381e-16,0.157485
4.943,1,1.49905,2.43618e-16,0.158173
4.944,1,1.49905,2.90059e-16,0.15886
4.945,1,1.49905,3.24154e-16,0.159547
4.946,1,1.49905,5.70737e-17,0.160235
4.947,1,1.49905,1.81536e-16,0.160921
4.948,1,1.49905,-3.01292e-16,0.161608
4.949,1,1.49905,2.31304e-16,0.162295
4.95,1,1.49905,2.7199e-16,0.162981
4.951,1,1.49905,6.47848e-16,0.163668
4.952,1,1.49905,6.56217e-17,0.164354
4.953,1,1.49905,-1.73181e-16,0.16504
4.954,1,1.49905,-6.0145e-18,0.165725
4.955,1,1.49905,-2.42534e-17,0.166411
4.956,1,1.49905,-3.75616e-17,0.167097
4.957,1,1.49905,-8.79897e-17,0.167782
4.958,1,1.49905,5.515e-16,0.168467
4.959,1,1.49905,-6.74056e-17,0.169152
4.96,1,1.49905,5.82072e-16,0.169837
4.961,1,1.49905,3.07301e-16,0.170521
4.962,1,1.49905,2.40688e-16,0.171206
4.963,1,1.49905,2.422e-17,0.17189
4.964,1,1.49905,2.02003e-16,0.172574
4.965,1,1.49905,1.84122e-16,0.173258
4.966,1,1.49905,1.6425e-16,0.173942
4.967,1,1.49905,-1.27257e-16,0.174626
4.968,1,1.49905,-1.26993e-16,0.175309
4.969,1,1.49905,3.70208e-16,0.175992
4.97,1,1.49905,2.3833e-16,0.176675
4.971,1,1.49905,4.95695e-16,0.177358
4.972,1,1.49905,-6.76729e-17,0.178041
4.973,1,1.49905,1.80839e-16,0.178723
4.974,1,1.49905,3.28563e-17,0.179406
4.975,1,1.49905,3.68604e-17,0.180088
4.976,1,1.49905,-2.79306e-17,0.18077
4.977,1,1.49905,9.31011e-17,0.181452
4.978,1,1.49905,5.94687e-16,0.182133
4.979,1,1.49905,2.77392e-16,0.182815
4.98,1,1.49905,-1.01239e-16,0.183496
4.981,1,1.49905,3.23502e-16,0.184177
4.982,1,1.49905,2.64369e-16,0.184858
4.983,1,1.49905,2.64518e-16,0.185539
4.984,1,1.49905,4.29021e-16,0.186219
4.985,1,1.49905,3.63453e-16,0.1869
4.986,1,1.49905,9.65416e-17,0.18758
4.987,1,1.49905,4.20314e-16,0.18826
4.988,1,1.49905,5.21494e-16,0.18894
4.989,1,1.49905,1.69088e-16,0.189619
4.99,1,1.49905,1.30843e-16,0.190299
4.991,1,1.49905,4.71562e-16,0.190978
4.992,1,1.49905,2.92026e-16,0.191657
4.993,1,1.49905,1.98036e-16,0.192336
4.994,1,1.49905,-2.14857e-16,0.193014
4.995,1,1.49905,-1.82548e-16,0.193693
4.996,1,1.49905,3.49739e-16,0.194371
4.997,1,1.49905,5.57075e-16,0.195049
4.998,1,1.49905,6.72561e-17,0.195727
4.999,1,1.49905,4.20708e-18,0.196405
5,1,1.49905,1.81498e-16,0.197082
5.001,1,1.49905,3.30635e-16,0.19776
5.002,1,1.49905,8.81459e-17,0.198437
5.003,1,1.49905,3.26523e-16,0.199114
5.004,1,1.49905,-1.19977e-16,0.19979
5.005,1,1.49905,4.51745e-16,0.200467
5.006,1,1.49905,-8.90873e-17,0.201143
5.007,1,1.49905,2.31494e-16,0.201819
5.008,1,1.49905,6.70268e-17,0.202495
5.009,1,1.49905,4.21193e-17,0.203171
5.01,1,1.49905,2.84038e-17,0.203846
5.011,1,1.49905,-3.14805e-17,0.204522
5.012,1,1.49905,4.53106e-16,0.205197
5.013,1,1.49905,1.09622e-17,0.205871
5.014,1,1.49905,-1.35128e-16,0.206546
5.015,1,1.49905,-1.39758e-16,0.207221
5.016,1,1.49905,3.04223e-16,0.207895
5.017,1,1.49905,2.82962e-16,0.208569
5.018,1,1.49905,-1.88178e-17,0.209243
5.019,1,1.49905,2.05539e-16,0.209916
5.02,1,1.49905,1.22774e-16,0.21059
5.021,1,1.49905,-3.14728e-17,0.211263
5.022,1,1.49905,3.76973e-16,0.211936
5.023,1,1.49905,1.77301e-16,0.212609
5.024,1,1.49905,1.48544e-16,0.213281
5.025,1,1.49905,-1.47539e-16,0.213954
5.026,1,1.49905,2.04602e-16,0.214626
5.027,1,1.49905,1.69556e-16,0.215298
5.028,1,1.49905,4.64274e-16,0.21597
5.029,1,1.49905,2.43047e-16,0.216641
5.03,1,1.49905,1.63828e-16,0.217312
5.031,1,1.49905,-3.01048e-17,0.217983
5.032,1,1.49905,3.11437e-16,0.218654
5.033,1,1.49905,2.42734e-16,0.219325
5.034,1,1.49905,1.64313e-16,0.219995
5.035,1,1.49905,2.63364e-16,0.220666
5.036,1,1.49905,4.83969e-16,0.221335
5.037,1,1.49905,4.88464e-16,0.222005
5.038,1,1.49905,5.35363e-16,0.222675
5.039,1,1.49905,-1.49542e-16,0.223344
5.04,1,1.49905,-1.94475e-16,0.224013
5.041,1,1.49905,5.51885e-18,0.224682
5.042,1,1.49905,2.4055e-16,0.225351
5.043,1,1.49905,3.06181e-16,0.226019
5.044,1,1.49905,3.8076e-17,0.226687
5.045,1,1.49905,3.13194e-16,0.227355
5.046,1,1.49905,5.96588e-16,0.228023
5.047,1,1.49905,-7.0867e-17,0.228691
5.048,1,1.49905,2.09626e-16,0.229358
5.049,1,1.49905,3.55751e-16,0.230025
5.05,1,1.49905,2.59468e-16,0.230692
5.051,1,1.49905,2.13261e-16,0.231358
5.052,1,1.49905,3.14877e-16,0.232025
5.053,1,1.49905,3.08043e-16,0.232691
5.054,1,1.49905,1.00899e-16,0.233357
5.055,1,1.49905,2.11214e-16,0.234022
5.056,1,1.49905,-4.69111e-17,0.234688
5.057,1,1.49905,3.01244e-16,0.235353
5.058,1,1.49905,3.14774e-16,0.236018
5.059,1,1.49905,2.60359e-16,0.236683
5.06,1,1.49905,3.76647e-16,0.237347
5.061,1,1.49905,9.63996e-17,0.238011
5.062,1,1.49905,1.58295e-16,0.238675
5.063,1,1.49905,6.3865e-16,0.239339
5.064,1,1.49905,3.1702e-16,0.240003
5.065,1,1.49905,1.8825e-16,0.240666
5.066,1,1.49905,1.36195e-17,0.241329
5.067,1,1.49905,3.68738e-16,0.241992
5.068,1,1.49905,9.21036e-17,0.242654
5.069,1,1.49905,2.53706e-16,0.243317
5.07,1,1.49905,8.78435e-19,0.243979
5.071,1,1.49905,6.68489e-16,0.244641
5.072,1,1.49905,3.27478e-16,0.245302
5.073,1,1.49905,4.38464e-16,0.245964
5.074,1,1.49905,1.14381e-16,0.246625
5.075,1,1.49905,1.05158e-17,0.247286
5.076,1,1.49905,4.23436e-16,0.247946
5.077,1,1.49905,2.47756e-16,0.248607
5.078,1,1.49905,3.45293e-17,0.249267
5.079,1,1.49905,2.79009e-16,0.249927
5.08,1,1.49905,-2.02899e-16,0.250586
5.081,1,1.49905,3.85784e-16,0.251246
5.082,1,1.49905,4.16914e-17,0.251905
5.083,1,1.49905,6.34737e-16,0.252564
5.084,1,1.49905,2.50393e-16,0.253222
5.085,1,1.49905,6.08121e-17,0.253881
5.086,1,1.49905,4.69233e-16,0.254539
5.087,1,1.49905,-1.08804e-16,0.255197
5.088,1,1.49905,1.89053e-16,0.255854
5.089,1,1.49905,3.28364e-16,0.256512
5.09,1,1.49905,1.18462e-16,0.257169
5.091,1,1.49905,3.90427e-16,0.257826
5.092,1,1.49905,2.69982e-16,0.258482
5.093,1,1.49905,7.06046e-17,0.259139
5.094,1,1.49905,4.53391e-16,0.259795
5.095,1,1.49905,-8.43058e-18,0.26045
5.096,1,1.49905,-6.90358e-17,0.261106
5.097,1,1.49905,2.49779e-16,0.261761
5.098,1,1.49905,2.76347e-16,0.262416
5.099,1,1.49905,2.11008e-16,0.263071
5.1,1,1.49905,1.50425e-16,0.263726
5.101,1,1.49905,1.27555e-16,0.26438
5.102,1,1.49905,1.94288e-16,0.265034
5.103,1,1.49905,3.16954e-16,0.265687
5.104,1,1.49905,3.22373e-17,0.266341
5.105,1,1.49905,3.36065e-16,0.266994
5.106,1,1.49905,3.45235e-16,0.267647
5.107,1,1.49905,2.18425e-16,0.2683
5.108,1,1.49905,8.44997e-17,0.268952
5.109,1,1.49905,3.3096e-16,0.269604
5.11,1,1.49905,2.05761e-16,0.270256
5.111,1,1.49905,5.56321e-16,0.270908
5.112,1,1.49905,-9.18443e-18,0.271559
5.113,1,1.49905,1.55676e-16,0.27221
5.114,1,1.49905,1.21235e-16,0.272861
5.115,1,1.49905,5.58634e-17,0.273511
5.116,1,1.49905,2.03891e-16,0.274161
5.117,1,1.49905,4.90567e-16,0.274811
5.118,1,1.49905,2.99302e-16,0.275461
5.119,1,1.49905,4.68727e-17,0.27611
5.12,1,1.49905,1.82623e-16,0.276759
5.121,1,1.49905,1.53993e-16,0.277408
5.122,1,1.49905,2.01463e-16,0.278057
5.123,1,1.49905,1.01094e-16,0.278705
5.124,1,1.49905,1.85273e-16,0.279353
5.125,1,1.49905,2.40317e-16,0.280001
5.126,1,1.49905,3.749e-16,0.280648
5.127,1,1.49905,2.20168e-16,0.281295
5.128,1,1.49905,4.50437e-17,0.281942
5.129,1,1.49905,3.33759e-16,0.282589
5.13,1,1.49905,1.2305e-16,0.283235
5.131,1,1.49905,3.98711e-16,0.283881
5.132,1,1.49905,2.16015e-16,0.284527
5.133,1,1.49905,3.99231e-16,0.285172
5.134,1,1.49905,2.71368e-16,0.285818
5.135,1,1.49905,1.66138e-16,0.286463
5.136,1,1.49905,4.51965e-16,0.287107
5.137,1,1.49905,1.37137e-16,0.287752
5.138,1,1.49905,1.24794e-16,0.288396
5.139,1,1.49905,2.44255e-16,0.289039
5.14,1,1.49905,-1.6506e-16,0.289683
5.141,1,1.49905,2.5427e-16,0.290326
5.142,1,1.49905,2.71272e-16,0.290969
5.143,1,1.49905,4.58068e-16,0.291611
5.144,1,1.49905,3.63254e-16,0.292254
5.145,1,1.49905,2.66057e-16,0.292896
5.146,1,1.49905,-4.53762e-16,0.293537
5.147,1,1.49905,-2.32139e-16,0.294179
5.148,1,1.49905,1.40491e-16,0.29482
5.149,1,1.49905,2.87118e-16,0.295461
5.15,1,1.49905,-2.71189e-16,0.296101
5.151,1,1.49905,-1.42562e-16,0.296742
5.152,1,1.49905,9.97443e-17,0.297382
5.153,1,1.49905,-6.42407e-17,0.298021
5.154,1,1.49905,1.59527e-16,0.298661
5.155,1,1.49905,1.71119e-16,0.2993
5.156,1,1.49905,6.13926e-17,0.299938
5.157,1,1.49905,-1.46952e-16,0.300577
5.158,1,1.49905,1.65004e-16,0.301215
5.159,1,1.49905,6.57549e-17,0.301853
5.16,1,1.49905,1.03169e-16,0.302491
5.161,1,1.49905,2.88754e-16,0.303128
5.162,1,1.49905,1.84218e-16,0.303765
5.163,1,1.49905,-1.73921e-17,0.304401
5.164,1,1.49905,-9.87024e-17,0.305038
5.165,1,1.49905,9.2086e-17,0.305674
5.166,1,1.49905,1.60201e-16,0.30631
5.167,1,1.49905,9.73144e-17,0.306945
5.168,1,1.49905,2.95347e-16,0.30758
5.169,1,1.49905,3.02226e-17,0.308215
5.17,1,1.49905,1.32514e-16,0.308849
5.171,1,1.49905,4.51916e-16,0.309484
5.172,1,1.49905,4.94156e-16,0.310118
5.173,1,1.49905,8.44491e-16,0.310751
5.174,1,1.49905,3.06393e-16,0.311384
5.175,1,1.49905,-1.96622e-16,0.312017
5.176,1,1.49905,2.89254e-16,0.31265
5.177,1,1.49905,4.10301e-16,0.313282
5.178,1,1.49905,1.22974e-17,0.313914
5.179,1,1.49905,1.03041e-16,0.314546
5.18,1,1.49905,2.78548e-16,0.315177
5.181,1,1.49905,5.49501e-18,0.315809
5.182,1,1.49905,1.84741e-17,0.316439
5.183,1,1.49905,4.78786e-16,0.31707
5.184,1,1.49905,2.61373e-16,0.3177
5.185,1,1.49905,3.22921e-16,0.31833
5.186,1,1.49905,3.35566e-16,0.318959
5.187,1,1.49905,7.55668e-17,0.319588
5.188,1,1.49905,1.64861e-16,0.320217
5.189,1,1.49905,1.76384e-16,0.320846
5.19,1,1.49905,1.03241e-16,0.321474
5.191,1,1.49905,3.92104e-16,0.322102
5.192,1,1.49905,4.07336e-16,0.32273
5.193,1,1.49905,6.36602e-19,0.323357
5.194,1,1.49905,1.75575e-16,0.323984
5.195,1,1.49905,2.56434e-16,0.32461
5.196,1,1.49905,3.39427e-16,0.325237
5.197,1,1.49905,5.38578e-16,0.325863
5.198,1,1.49905,1.90606e-16,0.326488
5.199,1,1.49905,3.84778e-17,0.327114
5.2,1,1.49905,1.84506e-16,0.327739
5.201,1,1.49905,2.72027e-16,0.328363
5.202,1,1.49905,1.45034e-16,0.328988
5.203,1,1.49905,1.01227e-16,0.329612
5.204,1,1.49905,3.59239e-16,0.330235
5.205,1,1.49905,-8.88259e-17,0.330859
5.206,1,1.49905,5.27923e-16,0.331482
5.207,1,1.49905,1.18254e-16,0.332104
5.208,1,1.49905,4.15705e-16,0.332727
5.209,1,1.49905,2.66928e-16,0.333349
5.21,1,1.49905,6.60522e-16,0.33397
5.211,1,1.49905,1.72826e-16,0.334592
5.212,1,1.49905,5.56001e-17,0.335213
5.213,1,1.49905,3.5045e-16,0.335834
5.214,1,1.49905,2.7052e-16,0.336454
5.215,1,1.49905,3.26349e-16,0.337074
5.216,1,1.49905,3.29149e-16,0.337694
5.217,1,1.49905,4.77416e-16,0.338313
5.218,1,1.49905,1.40503e-16,0.338932
5.219,1,1.49905,-2.89503e-16,0.339551
5.22,1,1.49905,-2.91998e-17,0.340169
5.221,1,1.49905,2.71907e-16,0.340787
5.222,1,1.49905,3.32939e-16,0.341405
5.223,1,1.49905,2.39804e-16,0.342022
5.224,1,1.49905,1.07134e-16,0.342639
5.225,1,1.49905,6.5809e-17,0.343255
5.226,1,1.49905,3.40821e-16,0.343872
5.227,1,1.49905,4.39811e-16,0.344488
5.228,1,1.49905,8.29221e-17,0.345103
5.229,1,1.49905,-3.09907e-16,0.345719
5.23,1,1.49905,1.39507e-16,0.346333
5.231,1,1.49905,-5.45169e-17,0.346948
5.232,1,1.49905,4.91778e-16,0.347562
5.233,1,1.49905,2.50783e-17,0.348176
5.234,1,1.49905,2.48497e-16,0.34879
5.235,1,1.49905,2.38201e-16,0.349403
5.236,1,1.49905,8.78645e-17,0.350016
5.237,1,1.49905,2.25099e-16,0.350628
5.238,1,1.49905,3.34174e-16,0.35124
5.239,1,1.49905,3.75662e-16,0.351852
5.24,1,1.49905,-7.94735e-17,0.352463
5.241,1,1.49905,7.62633e-17,0.353075
5.242,1,1.49905,1.12091e-16,0.353685
5.243,1,1.49905,4.85491e-16,0.354296
5.244,1,1.49905,1.50123e-16,0.354906
5.245,1,1.49905,4.49816e-16,0.355515
5.246,1,1.49905,9.09665e-17,0.356125
5.247,1,1.49905,3.12996e-16,0.356734
5.248,1,1.49905,1.43498e-16,0.357342
5.249,1,1.49905,2.18556e-16,0.35795
5.25,1,1.49905,-1.0086e-16,0.358558
5.251,1,1.49905,5.0246e-16,0.359166
5.252,1,1.49905,5.59861e-17,0.359773
5.253,1,1.49905,3.79701e-16,0.36038
5.254,1,1.49905,4.30691e-16,0.360986
5.255,1,1.49905,5.15104e-18,0.361592
5.256,1,1.49905,2.52519e-16,0.362198
5.257,1,1.49905,2.30409e-16,0.362803
5.258,1,1.49905,4.23062e-16,0.363408
5.259,1,1.49905,8.68094e-17,0.364013
5.26,1,1.49905,2.05426e-16,0.364617
5.261,1,1.49905,1.15399e-16,0.365221
5.262,1,1.49905,2.65496e-16,0.365825
5.263,1,1.49905,6.41911e-16,0.366428
5.264,1,1.49905,3.99747e-16,0.367031
5.265,1,1.49905,-1.17777e-16,0.367633
5.266,1,1.49905,5.04715e-16,0.368235
5.267,1,1.49905,-2.50558e-16,0.368837
5.268,1,1.49905,3.74256e-16,0.369438
5.269,1,1.49905,-2.05012e-16,0.370039
5.27,1,1.49905,2.8087e-16,0.37064
5.271,1,1.49905,2.15544e-16,0.37124
5.272,1,1.49905,-2.26725e-16,0.37184
5.273,1,1.49905,1.87928e-16,0.372439
5.274,1,1.49905,1.44272e-16,0.373039
5.275,1,1.49905,5.4057e-17,0.373637
5.276,1,1.49905,1.36107e-16,0.374236
5.277,1,1.49905,2.72717e-17,0.374834
5.278,1,1.49905,9.43881e-17,0.375431
5.279,1,1.49905,3.36799e-16,0.376029
5.28,1,1.49905,-1.27716e-17,0.376625
5.281,1,1.49905,5.89242e-16,0.377222
5.282,1,1.49905,-1.68752e-16,0.377818
5.283,1,1.49905,1.95619e-16,0.378414
5.284,1,1.49905,5.65777e-16,0.379009
5.285,1,1.49905,3.27985e-16,0.379604
5.286,1,1.49905,1.0249e-16,0.380199
5.287,1,1.49905,4.50395e-16,0.380793
5.288,1,1.49905,3.42659e-17,0.381387
5.289,1,1.49905,-3.46191e-16,0.38198
5.29,1,1.49905,2.66937e-16,0.382573
5.291,1,1.49905,4.97907e-17,0.383166
5.292,1,1.49905,3.6845e-16,0.383758
5.293,1,1.49905,9.03062e-17,0.38435
5.294,1,1.49905,-5.91615e-17,0.384942
5.295,1,1.49905,-8.01576e-18,0.385533
5.296,1,1.49905,-8.67661e-17,0.386124
5.297,1,1.49905,1.10757e-16,0.386714
5.298,1,1.49905,2.4034e-16,0.387304
5.299,1,1.49905,2.95977e-16,0.387894
5.3,1,1.49905,3.55659e-16,0.388483
5.301,1,1.49905,3.66536e-16,0.389072
5.302,1,1.49905,5.28103e-16,0.389661
5.303,1,1.49905,1.4372e-16,0.390249
5.304,1,1.49905,-1.41477e-16,0.390836
5.305,1,1.49905,2.52633e-16,0.391424
5.306,1,1.49905,3.2579e-16,0.392011
5.307,1,1.49905,-2.7387e-16,0.392597
5.308,1,1.49905,1.70661e-16,0.393183
5.309,1,1.49905,2.40144e-16,0.393769
5.31,1,1.49905,-2.39515e-17,0.394354
5.311,1,1.49905,3.91567e-16,0.394939
5.312,1,1.49905,3.91939e-16,0.395524
5.313,1,1.49905,2.27281e-16,0.396108
5.314,1,1.49905,4.25022e-16,0.396692
5.315,1,1.49905,2.20126e-16,0.397275
5.316,1,1.49905,3.34642e-16,0.397858
5.317,1,1.49905,-3.25558e-18,0.398441
5.318,1,1.49905,2.85851e-16,0.399023
5.319,1,1.49905,3.58371e-16,0.399605
5.32,1,1.49905,1.72424e-16,0.400186
5.321,1,1.49905,2.33014e-16,0.400767
5.322,1,1.49905,-9.02091e-17,0.401348
5.323,1,1.49905,-7.35412e-17,0.401928
5.324,1,1.49905,-7.09288e-17,0.402508
5.325,1,1.49905,4.05186e-16,0.403087
5.326,1,1.49905,2.50642e-16,0.403666
5.327,1,1.49905,-1.266e-16,0.404245
5.328,1,1.49905,2.20398e-16,0.404823
5.329,1,1.49905,-1.58412e-16,0.4054
5.33,1,1.49905,-4.16974e-17,0.405978
5.331,1,1.49905,6.6496e-16,0.406555
5.332,1,1.49905,3.91125e-16,0.407131
5.333,1,1.49905,2.91399e-16,0.407707
5.334,1,1.49905,4.25508e-16,0.408283
5.335,1,1.49905,-6.88898e-17,0.408859
5.336,1,1.49905,1.09093e-16,0.409433
5.337,1,1.49905,2.36708e-16,0.410008
5.338,1,1.49905,2.96715e-16,0.410582
5.339,1,1.49905,2.71859e-16,0.411156
5.34,1,1.49905,1.48785e-17,0.411729
5.341,1,1.49905,2.26693e-16,0.412302
5.342,1,1.49905,3.48069e-16,0.412874
5.343,1,1.49905,1.31309e-16,0.413446
5.344,1,1.49905,6.14741e-17,0.414018
5.345,1,1.49905,2.09285e-16,0.414589
5.346,1,1.49905,4.65849e-16,0.41516
5.347,1,1.49905,1.71371e-16,0.415731
5.348,1,1.49905,3.31556e-17,0.4163
5.349,1,1.49905,-4.54968e-17,0.41687
5.35,1,1.49905,3.94984e-16,0.417439
5.351,1,1.49905,3.66684e-16,0.418008
5.352,1,1.49905,1.71405e-16,0.418576
5.353,1,1.49905,1.39541e-16,0.419144
5.354,1,1.49905,2.9475e-16,0.419712
5.355,1,1.49905,8.8882e-17,0.420279
5.356,1,1.49905,-1.48556e-17,0.420845
5.357,1,1.49905,2.87691e-16,0.421412
5.358,1,1.49905,2.87921e-16,0.421977
5.359,1,1.49905,1.64583e-16,0.422543
5.36,1,1.49905,4.59564e-16,0.423108
5.361,1,1.49905,2.48238e-16,0.423672
5.362,1,1.49905,-1.46144e-16,0.424236
5.363,1,1.49905,4.26619e-16,0.4248
5.364,1,1.49905,1.50044e-16,0.425363
5.365,1,1.49905,6.97525e-16,0.425926
5.366,1,1.49905,3.71661e-16,0.426489
5.367,1,1.49905,4.80015e-16,0.427051
5.368,1,1.49905,2.3829e-16,0.427612
5.369,1,1.49905,1.27316e-16,0.428173
5.37,1,1.49905,5.55891e-16,0.428734
5.371,1,1.49905,2.69005e-16,0.429294
5.372,1,1.49905,-1.17914e-17,0.429854
5.373,1,1.49905,3.96016e-16,0.430413
5.374,1,1.49905,2.92715e-16,0.430972
5.375,1,1.49905,2.88235e-16,0.431531
5.376,1,1.49905,5.04076e-16,0.432089
5.377,1,1.49905,-8.00144e-17,0.432647
5.378,1,1.49905,5.32356e-16,0.433204
5.379,1,1.49905,-7.35409e-17,0.433761
5.38,1,1.49905,3.05147e-16,0.434317
5.381,1,1.49905,2.58013e-16,0.434873
5.382,1,1.49905,-1.37834e-16,0.435429
5.383,1,1.49905,1.64896e-16,0.435984
5.384,1,1.49905,2.05942e-16,0.436539
5.385,1,1.49905,2.30652e-16,0.437093
5.386,1,1.49905,4.81992e-16,0.437647
5.387,1,1.49905,3.61261e-16,0.4382
5.388,1,1.49905,3.7123e-16,0.438753
5.389,1,1.49905,8.65019e-17,0.439305
5.39,1,1.49905,5.72838e-16,0.439857
5.391,1,1.49905,-6.75878e-17,0.440409
5.392,1,1.49905,-4.59682e-17,0.44096
5.393,1,1.49905,3.70435e-17,0.441511
5.394,1,1.49905,3.55762e-16,0.442061
5.395,1,1.49905,5.96841e-17,0.442611
5.396,1,1.49905,2.95112e-16,0.443161
5.397,1,1.49905,-9.78532e-18,0.443709
5.398,1,1.49905,-4.27276e-16,0.444258
5.399,1,1.49905,1.92238e-16,0.444806
5.4,1,1.49905,2.85793e-16,0.445354
5.401,1,1.49905,2.50276e-16,0.445901
5.402,1,1.49905,-1.94116e-16,0.446448
5.403,1,1.49905,4.39564e-16,0.446994
5.404,1,1.49905,2.55803e-16,0.44754
5.405,1,1.49905,4.48902e-16,0.448085
5.406,1,1.49905,4.19146e-16,0.44863
5.407,1,1.49905,4.11966e-18,0.449175
5.408,1,1.49905,3.44404e-16,0.449719
5.409,1,1.49905,2.87959e-16,0.450262
5.41,1,1.49905,-7.27846e-17,0.450805
5.411,1,1.49905,-7.5992e-17,0.451348
5.412,1,1.49905,-2.50615e-17,0.45189
5.413,1,1.49905,2.6639e-16,0.452432
5.414,1,1.49905,4.16479e-16,0.452974
5.415,1,1.49905,2.97947e-16,0.453514
5.416,1,1.49905,3.33673e-16,0.454055
5.417,1,1.49905,1.59438e-16,0.454595
5.418,1,1.49905,1.60905e-16,0.455134
5.419,1,1.49905,3.13501e-16,0.455674
5.42,1,1.49905,-1.20116e-16,0.456212
5.421,1,1.49905,-4.19271e-17,0.45675
5.422,1,1.49905,-1.49277e-16,0.457288
5.423,1,1.49905,2.2592e-16,0.457825
5.424,1,1.49905,1.66981e-16,0.458362
5.425,1,1.49905,1.66972e-16,0.458899
5.426,1,1.49905,1.01394e-17,0.459434
5.427,1,1.49905,2.13788e-16,0.45997
5.428,1,1.49905,4.00802e-16,0.460505
5.429,1,1.49905,6.23517e-16,0.461039
5.43,1,1.49905,3.11425e-16,0.461573
5.431,1,1.49905,-1.08282e-16,0.462107
5.432,1,1.49905,1.11541e-16,0.46264
5.433,1,1.49905,2.04855e-16,0.463173
5.434,1,1.49905,3.57356e-16,0.463705
5.435,1,1.49905,-1.52779e-16,0.464237
5.436,1,1.49905,-1.35134e-16,0.464768
5.437,1,1.49905,-3.55496e-17,0.465299
5.438,1,1.49905,3.1935e-16,0.465829
5.439,1,1.49905,2.53747e-17,0.466359
5.44,1,1.49905,7.65492e-17,0.466889
5.441,1,1.49905,1.69765e-17,0.467418
5.442,1,1.49905,2.08985e-16,0.467946
5.443,1,1.49905,2.49601e-17,0.468474
5.444,1,1.49905,3.01908e-16,0.469002
5.445,1,1.49905,4.26997e-16,0.469529
5.446,1,1.49905,1.45508e-16,0.470055
5.447,1,1.49905,6.84452e-17,0.470582
5.448,1,1.49905,4.63569e-18,0.471107
5.449,1,1.49905,2.81861e-16,0.471632
5.45,1,1.49905,1.02961e-16,0.472157
5.451,1,1.49905,6.73437e-17,0.472681
5.452,1,1.49905,1.22665e-16,0.473205
5.453,1,1.49905,1.26274e-16,0.473729
5.454,1,1.49905,5.85538e-17,0.474251
5.455,1,1.49905,3.87393e-16,0.474774
5.456,1,1.49905,3.17249e-16,0.475296
5.457,1,1.49905,3.5107e-16,0.475817
5.458,1,1.49905,1.99699e-16,0.476338
5.459,1,1.49905,5.0179e-16,0.476859
5.46,1,1.49905,-1.25184e-16,0.477379
5.461,1,1.49905,-3.07557e-16,0.477898
5.462,1,1.49905,6.16529e-17,0.478417
5.463,1,1.49905,1.00324e-16,0.478936
5.464,1,1.49905,2.3603e-16,0.479454
5.465,1,1.49905,2.51241e-16,0.479971
5.466,1,1.49905,1.59791e-16,0.480489
5.467,1,1.49905,1.6196e-16,0.481005
5.468,1,1.49905,1.1204e-16,0.481521
5.469,1,1.49905,1.41124e-16,0.482037
5.47,1,1.49905,4.49157e-16,0.482552
5.471,1,1.49905,2.02949e-16,0.483067
5.472,1,1.49905,5.09031e-16,0.483581
5.473,1,1.49905,4.42667e-16,0.484095
5.474,1,1.49905,-4.54701e-17,0.484608
5.475,1,1.49905,2.873e-16,0.485121
5.476,1,1.49905,3.88921e-16,0.485634
5.477,1,1.49905,3.85047e-17,0.486145
5.478,1,1.49905,-3.51902e-16,0.486657
5.479,1,1.49905,3.47871e-16,0.487168
5.48,1,1.49905,2.66875e-16,0.487678
5.481,1,1.49905,2.3028e-16,0.488188
5.482,1,1.49905,2.91706e-16,0.488697
5.483,1,1.49905,2.63976e-16,0.489206
5.484,1,1.49905,2.25228e-16,0.489715
5.485,1,1.49905,-6.47771e-17,0.490223
5.486,1,1.49905,-1.84541e-17,0.49073
5.487,1,1.49905,4.55879e-16,0.491237
5.488,1,1.49905,8.11482e-16,0.491743
5.489,1,1.49905,9.28272e-17,0.492249
5.49,1,1.49905,2.15492e-16,0.492755
5.491,1,1.49905,3.06957e-16,0.49326
5.492,1,1.49905,-1.831e-17,0.493764
5.493,1,1.49905,-2.83116e-17,0.494268
5.494,1,1.49905,3.76212e-17,0.494772
5.495,1,1.49905,-1.41803e-16,0.495275
5.496,1,1.49905,8.96188e-17,0.495778
5.497,1,1.49905,9.60691e-16,0.49628
5.498,1,1.49905,2.64759e-16,0.496781
5.499,1,1.49905,2.98117e-16,0.497282
5.5,1,1.49905,2.14914e-16,0.497783
5.501,1,1.49905,7.16944e-17,0.498283
5.502,1,1.49905,-6.41675e-18,0.498782
5.503,1,1.49905,3.35233e-16,0.499281
5.504,1,1.49905,-1.14656e-16,0.49978
5.505,1,1.49905,3.77499e-16,0.500278
5.506,1,1.49905,-1.22926e-16,0.500776
5.507,1,1.49905,1.05453e-16,0.501273
5.508,1,1.49905,1.84118e-16,0.501769
5.509,1,1.49905,1.96296e-16,0.502265
5.51,1,1.49905,1.22732e-16,0.502761
5.511,1,1.49905,2.77109e-17,0.503256
5.512,1,1.49905,2.13467e-16,0.50375
5.513,1,1.49905,1.26889e-16,0.504244
5.514,1,1.49905,3.11003e-16,0.504738
5.515,1,1.49905,3.64157e-16,0.505231
5.516,1,1.49905,3.75111e-16,0.505724
5.517,1,1.49905,2.63369e-16,0.506216
5.518,1,1.49905,5.13719e-16,0.506707
5.519,1,1.49905,4.56083e-16,0.507198
5.52,1,1.49905,3.52454e-16,0.507689
5.521,1,1.49905,-2.39873e-16,0.508179
5.522,1,1.49905,4.24622e-16,0.508668
5.523,1,1.49905,-1.66534e-16,0.509157
5.524,1,1.49905,1.47012e-16,0.509646
5.525,1,1.49905,2.19389e-16,0.510134
5.526,1,1.49905,4.99984e-16,0.510621
5.527,1,1.49905,2.77306e-16,0.511108
5.528,1,1.49905,4.86213e-16,0.511595
5.529,1,1.49905,1.31981e-16,0.51208
5.53,1,1.49905,-1.60858e-16,0.512566
5.531,1,1.49905,9.54377e-17,0.513051
5.532,1,1.49905,2.37664e-16,0.513535
5.533,1,1.49905,1.39904e-16,0.514019
5.534,1,1.49905,4.78777e-16,0.514502
5.535,1,1.49905,4.69242e-17,0.514985
5.536,1,1.49905,3.43408e-16,0.515468
5.537,1,1.49905,3.01645e-16,0.51595
5.538,1,1.49905,1.51074e-16,0.516431
5.539,1,1.49905,1.16458e-16,0.516912
5.54,1,1.49905,1.82892e-16,0.517392
5.541,1,1.49905,5.25458e-18,0.517872
5.542,1,1.49905,2.11086e-16,0.518351
5.543,1,1.49905,1.89559e-16,0.51883
5.544,1,1.49905,-5.29707e-17,0.519308
5.545,1,1.49905,7.19312e-17,0.519786
5.546,1,1.49905,2.70721e-16,0.520263
5.547,1,1.49905,4.51982e-16,0.52074
5.548,1,1.49905,5.0316e-17,0.521216
5.549,1,1.49905,4.55331e-16,0.521691
5.55,1,1.49905,4.24309e-16,0.522166
5.551,1,1.49905,6.36333e-17,0.522641
5.552,1,1.49905,-1.04751e-16,0.523115
5.553,1,1.49905,-4.37837e-17,0.523589
5.554,1,1.49905,3.62571e-16,0.524062
5.555,1,1.49905,2.76384e-16,0.524534
5.556,1,1.49905,1.72566e-16,0.525006
5.557,1,1.49905,2.3786e-16,0.525478
5.558,1,1.49905,3.10103e-16,0.525948
5.559,1,1.49905,1.81994e-16,0.526419
5.56,1,1.49905,4.68868e-16,0.526889
5.561,1,1.49905,1.62218e-16,0.527358
5.562,1,1.49905,6.29236e-18,0.527827
5.563,1,1.49905,4.73176e-17,0.528295
5.564,1,1.49905,2.66916e-16,0.528763
5.565,1,1.49905,-8.3872e-17,0.52923
5.566,1,1.49905,2.43905e-16,0.529697
5.567,1,1.49905,4.27848e-16,0.530163
5.568,1,1.49905,3.49333e-16,0.530629
5.569,1,1.49905,2.61072e-16,0.531094
5.57,1,1.49905,4.81074e-17,0.531558
5.571,1,1.49905,1.72638e-16,0.532022
5.572,1,1.49905,6.57523e-17,0.532486
5.573,1,1.49905,3.41763e-16,0.532949
5.574,1,1.49905,5.76865e-16,0.533411
5.575,1,1.49905,6.34711e-16,0.533873
5.576,1,1.49905,1.08362e-16,0.534335
5.577,1,1.49905,5.8765e-17,0.534796
5.578,1,1.49905,3.76037e-16,0.535256
5.579,1,1.49905,-1.11635e-17,0.535716
5.58,1,1.49905,2.88026e-16,0.536175
5.581,1,1.49905,1.29527e-16,0.536634
5.582,1,1.49905,1.25983e-16,0.537092
5.583,1,1.49905,-5.166e-17,0.53755
5.584,1,1.49905,3.62795e-16,0.538007
5.585,1,1.49905,3.67438e-16,0.538463
5.586,1,1.49905,5.91804e-17,0.538919
5.587,1,1.49905,-1.06867e-16,0.539375
5.588,1,1.49905,2.11518e-16,0.53983
5.589,1,1.49905,3.76122e-16,0.540284
5.59,1,1.49905,4.29003e-16,0.540738
5.591,1,1.49905,3.46504e-16,0.541192
5.592,1,1.49905,2.54704e-16,0.541644
5.593,1,1.49905,3.3357e-16,0.542097
5.594,1,1.49905,2.72613e-16,0.542548
5.595,1,1.49905,-2.83951e-17,0.543
5.596,1,1.49905,2.72802e-16,0.54345
5.597,1,1.49905,6.56823e-16,0.5439
5.598,1,1.49905,-2.11507e-17,0.54435
5.599,1,1.49905,5.53613e-16,0.544799
5.6,1,1.49905,2.89105e-16,0.545247
5.601,1,1.49905,8.79127e-18,0.545695
5.602,1,1.49905,2.5026e-16,0.546143
5.603,1,1.49905,-1.19673e-16,0.54659
5.604,1,1.49905,4.0629e-16,0.547036
5.605,1,1.49905,-5.28689e-17,0.547482
5.606,1,1.49905,1.73762e-16,0.547927
5.607,1,1.49905,4.26651e-16,0.548372
5.608,1,1.49905,3.48287e-16,0.548816
5.609,1,1.49905,3.94073e-16,0.549259
5.61,1,1.49905,-9.23381e-17,0.549702
5.611,1,1.49905,3.14879e-16,0.550145
5.612,1,1.49905,2.43649e-16,0.550587
5.613,1,1.49905,1.74553e-16,0.551028
5.614,1,1.49905,1.06354e-17,0.551469
5.615,1,1.49905,5.53408e-20,0.551909
5.616,1,1.49905,1.90469e-16,0.552349
5.617,1,1.49905,1.91331e-16,0.552788
5.618,1,1.49905,1.45754e-16,0.553227
5.619,1,1.49905,2.83629e-16,0.553665
5.62,1,1.49905,6.17453e-16,0.554102
5.621,1,1.49905,5.07087e-16,0.554539
5.622,1,1.49905,3.58329e-16,0.554975
5.623,1,1.49905,2.75293e-16,0.555411
5.624,1,1.49905,6.28259e-16,0.555847
5.625,1,1.49905,2.05737e-16,0.556281
5.626,1,1.49905,1.18438e-17,0.556716
5.627,1,1.49905,1.63876e-16,0.557149
5.628,1,1.49905,8.8121e-17,0.557582
5.629,1,1.49905,4.08433e-16,0.558015
5.63,1,1.49905,3.46238e-16,0.558447
5.631,1,1.49905,2.43522e-16,0.558878
5.632,1,1.49905,2.18489e-16,0.559309
5.633,1,1.49905,2.64848e-16,0.559739
5.634,1,1.49905,2.70617e-16,0.560169
5.635,1,1.49905,2.48448e-16,0.560598
5.636,1,1.49905,5.38944e-16,0.561027
5.637,1,1.49905,4.74379e-16,0.561455
5.638,1,1.49905,9.44757e-16,0.561882
5.639,1,1.49905,2.81837e-16,0.562309
5.64,1,1.49905,5.24269e-16,0.562736
5.641,1,1.49905,2.61804e-17,0.563161
5.642,1,1.49905,4.30702e-16,0.563587
5.643,1,1.49905,3.66219e-16,0.564011
5.644,1,1.49905,2.79845e-16,0.564435
5.645,1,1.49905,-2.87446e-16,0.564859
5.646,1,1.49905,3.01816e-16,0.565282
5.647,1,1.49905,6.1256e-17,0.565704
5.648,1,1.49905,1.39476e-16,0.566126
5.649,1,1.49905,3.82549e-16,0.566547
5.65,1,1.49905,3.66888e-16,0.566968
5.651,1,1.49905,-8.86409e-17,0.567388
5.652,1,1.49905,4.42162e-16,0.567808
5.653,1,1.49905,4.2363e-16,0.568227
5.654,1,1.49905,3.36191e-16,0.568645
5.655,1,1.49905,2.22655e-16,0.569063
5.656,1,1.49905,7.95727e-17,0.569481
5.657,1,1.49905,5.45111e-16,0.569897
5.658,1,1.49905,2.17873e-16,0.570314
5.659,1,1.49905,2.04577e-16,0.570729
5.66,1,1.49905,1.4592e-16,0.571144
5.661,1,1.49905,4.46451e-16,0.571559
5.662,1,1.49905,4.35035e-16,0.571973
5.663,1,1.49905,4.38485e-16,0.572386
5.664,1,1.49905,3.18469e-16,0.572799
5.665,1,1.49905,3.62744e-16,0.573211
5.666,1,1.49905,2.50268e-16,0.573623
5.667,1,1.49905,1.20355e-16,0.574034
5.668,1,1.49905,4.82092e-16,0.574444
5.669,1,1.49905,1.72508e-16,0.574854
5.67,1,1.49905,6.21031e-16,0.575263
5.671,1,1.49905,4.99353e-17,0.575672
5.672,1,1.49905,1.04384e-16,0.57608
5.673,1,1.49905,4.10608e-16,0.576488
5.674,1,1.49905,4.60775e-16,0.576895
5.675,1,1.49905,-1.41366e-17,0.577301
5.676,1,1.49905,6.50048e-16,0.577707
5.677,1,1.49905,4.10884e-16,0.578113
5.678,1,1.49905,5.12424e-16,0.578517
5.679,1,1.49905,-5.09778e-17,0.578921
5.68,1,1.49905,3.25173e-16,0.579325
5.681,1,1.49905,1.29308e-16,0.579728
5.682,1,1.49905,5.39888e-16,0.58013
5.683,1,1.49905,3.0121e-16,0.580532
5.684,1,1.49905,4.46615e-16,0.580934
5.685,1,1.49905,1.4045e-16,0.581334
5.686,1,1.49905,2.21534e-16,0.581734
5.687,1,1.49905,3.09231e-16,0.582134
5.688,1,1.49905,-1.64017e-17,0.582533
5.689,1,1.49905,2.18104e-16,0.582931
5.69,1,1.49905,5.96009e-17,0.583329
5.691,1,1.49905,6.24294e-17,0.583726
5.692,1,1.49905,-1.30145e-16,0.584123
5.693,1,1.49905,4.13849e-16,0.584519
5.694,1,1.49905,1.65927e-16,0.584914
5.695,1,1.49905,8.78629e-17,0.585309
5.696,1,1.49905,5.23185e-16,0.585703
5.697,1,1.49905,6.8612e-17,0.586097
5.698,1,1.49905,1.13623e-16,0.58649
5.699,1,1.49905,4.99764e-17,0.586883
5.7,1,1.49905,6.16238e-17,0.587275
5.701,1,1.49905,3.39982e-17,0.587666
5.702,1,1.49905,2.0238e-16,0.588057
5.703,1,1.49905,8.44781e-16,0.588447
5.704,1,1.49905,4.3027e-16,0.588836
5.705,1,1.49905,6.56112e-17,0.589225
5.706,1,1.49905,1.88013e-16,0.589614
5.707,1,1.49905,1.42128e-16,0.590002
5.708,1,1.49905,3.88035e-16,0.590389
5.709,1,1.49905,1.20725e-16,0.590776
5.71,1,1.49905,-1.0386e-16,0.591162
5.711,1,1.49905,3.85966e-16,0.591547
5.712,1,1.49905,3.39772e-16,0.591932
5.713,1,1.49905,2.52839e-16,0.592316
5.714,1,1.49905,3.87518e-16,0.5927
5.715,1,1.49905,1.02912e-16,0.593083
5.716,1,1.49905,1.685e-16,0.593465
5.717,1,1.49905,1.38187e-16,0.593847
5.718,1,1.49905,4.10342e-16,0.594229
5.719,1,1.49905,-3.60728e-17,0.594609
5.72,1,1.49905,-1.60152e-16,0.59499
5.721,1,1.49905,2.99877e-16,0.595369
5.722,1,1.49905,5.41415e-17,0.595748
5.723,1,1.49905,1.15066e-16,0.596126
5.724,1,1.49905,-4.95961e-17,0.596504
5.725,1,1.49905,1.51048e-16,0.596881
5.726,1,1.49905,2.82808e-16,0.597258
5.727,1,1.49905,5.80429e-16,0.597634
5.728,1,1.49905,-1.07637e-16,0.598009
5.729,1,1.49905,2.49536e-16,0.598384
5.73,1,1.49905,4.2461e-16,0.598758
5.731,1,1.49905,3.37659e-16,0.599132
5.732,1,1.49905,5.4705e-16,0.599505
5.733,1,1.49905,3.31049e-16,0.599877
5.734,1,1.49905,2.73291e-18,0.600249
5.735,1,1.49905,8.57787e-17,0.60062
5.736,1,1.49905,1.63761e-16,0.600991
5.737,1,1.49905,3.92557e-16,0.601361
5.738,1,1.49905,1.97584e-16,0.60173
5.739,1,1.49905,5.59587e-16,0.602099
5.74,1,1.49905,1.06094e-16,0.602467
5.741,1,1.49905,2.22064e-16,0.602835
5.742,1,1.49905,1.80952e-16,0.603202
5.743,1,1.49905,3.75457e-16,0.603568
5.744,1,1.49905,1.84165e-16,0.603934
5.745,1,1.49905,-6.48927e-18,0.604299
5.746,1,1.49905,2.98499e-16,0.604664
5.747,1,1.49905,2.78242e-16,0.605027
5.748,1,1.49905,1.18027e-18,0.605391
5.749,1,1.49905,-1.5764e-16,0.605754
5.75,1,1.49905,2.31135e-16,0.606116
5.751,1,1.49905,1.01756e-16,0.606477
5.752,1,1.49905,-7.02908e-17,0.606838
5.753,1,1.49905,4.06109e-16,0.607199
5.754,1,1.49905,8.12438e-17,0.607558
5.755,1,1.49905,-8.95624e-17,0.607917
5.756,1,1.49905,4.83503e-16,0.608276
5.757,1,1.49905,8.53231e-17,0.608634
5.758,1,1.49905,1.61715e-16,0.608991
5.759,1,1.49905,3.34235e-16,0.609348
5.76,1,1.49905,1.56524e-16,0.609704
5.761,1,1.49905,-7.21447e-18,0.610059
5.762,1,1.49905,6.21216e-16,0.610414
5.763,1,1.49905,1.76746e-16,0.610769
5.764,1,1.49905,-4.5413e-17,0.611122
5.765,1,1.49905,-2.70482e-16,0.611475
5.766,1,1.49905,4.78447e-16,0.611828
5.767,1,1.49905,2.88774e-17,0.61218
5.768,1,1.49905,4.08352e-16,0.612531
5.769,1,1.49905,5.89218e-17,0.612881
5.77,1,1.49905,3.92674e-16,0.613231
5.771,1,1.49905,3.59194e-16,0.613581
5.772,1,1.49905,4.84769e-16,0.61393
5.773,1,1.49905,3.70635e-16,0.614278
5.774,1,1.49905,1.41031e-16,0.614625
5.775,1,1.49905,4.01962e-16,0.614972
5.776,1,1.49905,3.82679e-16,0.615318
5.777,1,1.49905,8.12623e-17,0.615664
5.778,1,1.49905,1.00152e-16,0.616009
5.779,1,1.49905,-2.66181e-17,0.616354
5.78,1,1.49905,3.05422e-16,0.616698
5.781,1,1.49905,1.54449e-17,0.617041
5.782,1,1.49905,6.09382e-16,0.617383
5.783,1,1.49905,2.46557e-16,0.617725
5.784,1,1.49905,2.77311e-16,0.618067
5.785,1,1.49905,2.97312e-16,0.618408
5.786,1,1.49905,6.34423e-17,0.618748
5.787,1,1.49905,3.10204e-16,0.619087
5.788,1,1.49905,2.42899e-16,0.619426
5.789,1,1.49905,-6.03239e-17,0.619764
5.79,1,1.49905,1.74988e-16,0.620102
5.791,1,1.49905,5.49946e-16,0.620439
5.792,1,1.49905,4.14378e-16,0.620776
5.793,1,1.49905,6.91071e-17,0.621112
5.794,1,1.49905,3.23275e-18,0.621447
5.795,1,1.49905,2.72456e-16,0.621781
5.796,1,1.49905,2.97536e-16,0.622115
5.797,1,1.49905,3.12985e-16,0.622449
5.798,1,1.49905,-2.8078e-16,0.622781
5.799,1,1.49905,1.93003e-16,0.623113
5.8,1,1.49905,1.6044e-16,0.623445
5.801,1,1.49905,3.46963e-17,0.623776
5.802,1,1.49905,1.26844e-16,0.624106
5.803,1,1.49905,5.15778e-16,0.624436
5.804,1,1.49905,5.68398e-17,0.624765
5.805,1,1.49905,1.74902e-16,0.625093
5.806,1,1.49905,2.16332e-16,0.625421
5.807,1,1.49905,2.31884e-16,0.625748
5.808,1,1.49905,4.5019e-16,0.626074
5.809,1,1.49905,1.40821e-16,0.6264
5.81,1,1.49905,2.57287e-16,0.626725
5.811,1,1.49905,5.99942e-18,0.62705
5.812,1,1.49905,2.4921e-16,0.627374
5.813,1,1.49905,-1.95723e-16,0.627697
5.814,1,1.49905,2.4636e-16,0.62802
5.815,1,1.49905,3.8836e-16,0.628342
5.816,1,1.49905,1.73716e-16,0.628664
5.817,1,1.49905,8.55492e-16,0.628985
5.818,1,1.49905,7.90133e-17,0.629305
5.819,1,1.49905,2.28497e-16,0.629624
5.82,1,1.49905,4.79699e-16,0.629943
5.821,1,1.49905,2.09024e-16,0.630262
5.822,1,1.49905,1.7972e-16,0.630579
5.823,1,1.49905,5.71643e-16,0.630896
5.824,1,1.49905,3.1373e-16,0.631213
5.825,1,1.49905,1.92231e-16,0.631529
5.826,1,1.49905,5.00491e-16,0.631844
5.827,1,1.49905,1.19819e-16,0.632159
5.828,1,1.49905,1.6702e-16,0.632472
5.829,1,1.49905,4.87586e-16,0.632786
5.83,1,1.49905,7.77925e-18,0.633098
5.831,1,1.49905,5.64713e-16,0.63341
5.832,1,1.49905,3.06319e-16,0.633722
5.833,1,1.49905,1.58999e-16,0.634033
5.834,1,1.49905,2.56687e-16,0.634343
5.835,1,1.49905,1.47538e-16,0.634652
5.836,1,1.49905,3.10537e-16,0.634961
5.837,1,1.49905,4.26001e-16,0.635269
5.838,1,1.49905,2.3723e-16,0.635577
5.839,1,1.49905,6.12447e-16,0.635884
5.84,1,1.49905,1.42202e-16,0.63619
5.841,1,1.49905,5.39801e-19,0.636496
5.842,1,1.49905,1.34838e-17,0.636801
5.843,1,1.49905,3.76628e-17,0.637105
5.844,1,1.49905,5.05352e-16,0.637409
5.845,1,1.49905,2.34281e-16,0.637712
5.846,1,1.49905,3.7068e-16,0.638015
5.847,1,1.49905,2.31984e-18,0.638317
5.848,1,1.49905,3.98877e-16,0.638618
5.849,1,1.49905,-6.82796e-17,0.638919
5.85,1,1.49905,2.84505e-16,0.639219
5.851,1,1.49905,3.03029e-16,0.639518
5.852,1,1.49905,1.65025e-16,0.639817
5.853,1,1.49905,4.07603e-16,0.640115
5.854,1,1.49905,6.675e-16,0.640412
5.855,1,1.49905,1.2012e-16,0.640709
5.856,1,1.49905,2.23431e-16,0.641005
5.857,1,1.49905,2.49781e-16,0.641301
5.858,1,1.49905,1.62265e-16,0.641595
5.859,1,1.49905,-5.24177e-17,0.64189
5.86,1,1.49905,2.67177e-16,0.642183
5.861,1,1.49905,4.58693e-17,0.642476
5.862,1,1.49905,3.06767e-16,0.642769
5.863,1,1.49905,1.08564e-16,0.64306
5.864,1,1.49905,3.03842e-16,0.643351
5.865,1,1.49905,4.77531e-16,0.643642
5.866,1,1.49905,9.39054e-17,0.643931
5.867,1,1.49905,1.89544e-17,0.64422
5.868,1,1.49905,-2.07489e-17,0.644509
5.869,1,1.49905,4.26134e-16,0.644797
5.87,1,1.49905,1.7921e-16,0.645084
5.871,1,1.49905,3.43799e-16,0.64537
5.872,1,1.49905,2.47313e-16,0.645656
5.873,1,1.49905,1.19795e-16,0.645941
5.874,1,1.49905,3.92309e-16,0.646226
5.875,1,1.49905,1.99578e-16,0.64651
5.876,1,1.49905,1.1193e-16,0.646793
5.877,1,1.49905,1.03065e-16,0.647076
5.878,1,1.49905,-4.32606e-17,0.647358
5.879,1,1.49905,1.15699e-16,0.647639
5.88,1,1.49905,2.53247e-16,0.64792
5.881,1,1.49905,1.26961e-16,0.6482
5.882,1,1.49905,-4.41959e-17,0.648479
5.883,1,1.49905,3.86125e-16,0.648758
5.884,1,1.49905,4.68656e-16,0.649036
5.885,1,1.49905,3.33637e-16,0.649314
5.886,1,1.49905,5.83437e-16,0.64959
5.887,1,1.49905,-8.20635e-17,0.649867
5.888,1,1.49905,1.90794e-16,0.650142
5.889,1,1.49905,4.8847e-16,0.650417
5.89,1,1.49905,2.77808e-16,0.650691
5.891,1,1.49905,3.55128e-17,0.650965
5.892,1,1.49905,1.88364e-16,0.651238
5.893,1,1.49905,4.10018e-16,0.65151
5.894,1,1.49905,3.36704e-16,0.651782
5.895,1,1.49905,2.26151e-16,0.652053
5.896,1,1.49905,3.36202e-16,0.652323
5.897,1,1.49905,3.8598e-16,0.652593
5.898,1,1.49905,4.63667e-16,0.652862
5.899,1,1.49905,-2.60867e-17,0.65313
5.9,1,1.49905,-1.89915e-16,0.653398
5.901,1,1.49905,4.04612e-16,0.653665
5.902,1,1.49905,-6.19575e-17,0.653931
5.903,1,1.49905,2.43091e-16,0.654197
5.904,1,1.49905,2.51892e-16,0.654462
5.905,1,1.49905,7.00108e-16,0.654727
5.906,1,1.49905,-8.80863e-17,0.65499
5.907,1,1.49905,1.9435e-16,0.655254
5.908,1,1.49905,3.84574e-16,0.655516
5.909,1,1.49905,2.61846e-16,0.655778
5.91,1,1.49905,-3.7469e-18,0.656039
5.911,1,1.49905,2.09331e-16,0.6563
5.912,1,1.49905,3.69649e-16,0.656559
5.913,1,1.49905,2.61802e-16,0.656819
5.914,1,1.49905,-2.69423e-16,0.657077
5.915,1,1.49905,2.27913e-17,0.657335
5.916,1,1.49905,1.80132e-16,0.657592
5.917,1,1.49905,1.38366e-16,0.657849
5.918,1,1.49905,1.47729e-16,0.658105
5.919,1,1.49905,2.1518e-16,0.65836
5.92,1,1.49905,2.5975e-16,0.658615
5.921,1,1.49905,4.08916e-16,0.658869
5.922,1,1.49905,-8.34577e-17,0.659122
5.923,1,1.49905,5.9933e-18,0.659375
5.924,1,1.49905,2.78206e-16,0.659627
5.925,1,1.49905,-3.37484e-17,0.659878
5.926,1,1.49905,7.35522e-16,0.660129
5.927,1,1.49905,5.80582e-17,0.660379
5.928,1,1.49905,2.96218e-17,0.660628
5.929,1,1.49905,-1.17784e-16,0.660877
5.93,1,1.49905,2.59966e-16,0.661125
5.931,1,1.49905,2.87112e-16,0.661372
5.932,1,1.49905,1.96737e-16,0.661619
5.933,1,1.49905,2.94232e-16,0.661865
5.934,1,1.49905,3.79694e-16,0.66211
5.935,1,1.49905,3.70521e-16,0.662355
5.936,1,1.49905,8.3402e-17,0.662599
5.937,1,1.49905,5.44601e-16,0.662843
5.938,1,1.49905,3.75163e-16,0.663085
5.939,1,1.49905,-1.12393e-16,0.663328
5.94,1,1.49905,8.10951e-17,0.663569
5.941,1,1.49905,3.86512e-16,0.66381
5.942,1,1.49905,1.62136e-16,0.66405
5.943,1,1.49905,5.10689e-16,0.664289
5.944,1,1.49905,4.80015e-17,0.664528
5.945,1,1.49905,-1.63266e-16,0.664766
5.946,1,1.49905,4.49268e-16,0.665004
5.947,1,1.49905,1.31649e-16,0.66524
5.948,1,1.49905,4.94293e-16,0.665477
5.949,1,1.49905,5.46883e-16,0.665712
5.95,1,1.49905,2.79328e-16,0.665947
5.951,1,1.49905,4.40148e-16,0.666181
5.952,1,1.49905,5.1098e-16,0.666414
5.953,1,1.49905,4.30747e-16,0.666647
5.954,1,1.49905,4.61457e-16,0.666879
5.955,1,1.49905,4.24e-16,0.667111
5.956,1,1.49905,-9.14704e-17,0.667342
5.957,1,1.49905,-1.63101e-16,0.667572
5.958,1,1.49905,4.71437e-16,0.667801
5.959,1,1.49905,1.32266e-16,0.66803
5.96,1,1.49905,1.60238e-16,0.668258
5.961,1,1.49905,1.87768e-16,0.668486
5.962,1,1.49905,-6.9946e-18,0.668712
5.963,1,1.49905,1.4347e-16,0.668939
5.964,1,1.49905,1.06773e-16,0.669164
5.965,1,1.49905,-7.36235e-18,0.669389
5.966,1,1.49905,7.37325e-17,0.669613
5.967,1,1.49905,2.37659e-16,0.669836
5.968,1,1.49905,4.99214e-16,0.670059
5.969,1,1.49905,1.07771e-16,0.670281
5.97,1,1.49905,2.04258e-16,0.670503
5.971,1,1.49905,4.00406e-16,0.670724
5.972,1,1.49905,3.83133e-16,0.670944
5.973,1,1.49905,-2.57903e-17,0.671163
5.974,1,1.49905,1.52936e-16,0.671382
5.975,1,1.49905,1.02844e-16,0.6716
5.976,1,1.49905,2.22208e-16,0.671818
5.977,1,1.49905,4.74881e-16,0.672034
5.978,1,1.49905,4.60696e-16,0.67225
5.979,1,1.49905,1.66196e-16,0.672466
5.98,1,1.49905,2.858e-16,0.672681
5.981,1,1.49905,4.04649e-16,0.672895
5.982,1,1.49905,1.37022e-16,0.673108
5.983,1,1.49905,2.76234e-16,0.673321
5.984,1,1.49905,1.38103e-16,0.673533
5.985,1,1.49905,2.90645e-16,0.673744
5.986,1,1.49905,1.37461e-16,0.673955
5.987,1,1.49905,8.16058e-17,0.674165
5.988,1,1.49905,3.01229e-16,0.674374
5.989,1,1.49905,6.42583e-17,0.674583
5.99,1,1.49905,2.44115e-16,0.674791
5.991,1,1.49905,3.16968e-16,0.674999
5.992,1,1.49905,4.93959e-16,0.675205
5.993,1,1.49905,-2.0505e-16,0.675411
5.994,1,1.49905,4.52626e-16,0.675617
5.995,1,1.49905,5.86548e-17,0.675821
5.996,1,1.49905,3.75189e-16,0.676025
5.997,1,1.49905,1.34653e-16,0.676229
5.998,1,1.49905,2.85695e-17,0.676431
5.999,1,1.49905,2.19571e-16,0.676633
6,1,1.49905,3.82551e-16,0.676834
6.001,1,1.49905,2.35942e-16,0.677035
6.002,1,1.49905,3.34243e-16,0.677235
6.003,1,1.49905,2.59625e-16,0.677434
6.004,1,1.49905,1.55674e-16,0.677633
6.005,1,1.49905,1.39703e-16,0.677831
6.006,1,1.49905,-7.82406e-17,0.678028
6.007,1,1.49905,1.26862e-16,0.678225
6.008,1,1.49905,-6.26228e-17,0.67842
6.009,1,1.49905,3.75002e-17,0.678616
6.01,1,1.49905,4.76065e-16,0.67881
6.011,1,1.49905,-7.81362e-17,0.679004
6.012,1,1.49905,4.48111e-16,0.679197
6.013,1,1.49905,1.82036e-16,0.67939
6.014,1,1.49905,1.37366e-16,0.679582
6.015,1,1.49905,3.89861e-17,0.679773
6.016,1,1.49905,2.86407e-16,0.679963
6.017,1,1.49905,2.39407e-16,0.680153
6.018,1,1.49905,3.21223e-16,0.680342
6.019,1,1.49905,2.93785e-16,0.68053
6.02,1,1.49905,5.54839e-17,0.680718
6.021,1,1.49905,6.73007e-16,0.680905
6.022,1,1.49905,3.38254e-16,0.681092
6.023,1,1.49905,1.42202e-16,0.681277
6.024,1,1.49905,-1.23953e-17,0.681462
6.025,1,1.49905,3.88983e-16,0.681647
6.026,1,1.49905,4.98663e-16,0.68183
6.027,1,1.49905,-2.7813e-16,0.682013
6.028,1,1.49905,2.24573e-16,0.682196
6.029,1,1.49905,5.95489e-16,0.682377
6.03,1,1.49905,3.45222e-16,0.682558
6.031,1,1.49905,-3.70309e-17,0.682738
6.032,1,1.49905,5.21936e-16,0.682918
6.033,1,1.49905,2.55572e-16,0.683097
6.034,1,1.49905,-9.62094e-17,0.683275
6.035,1,1.49905,1.31198e-16,0.683453
6.036,1,1.49905,2.24146e-16,0.683629
6.037,1,1.49905,4.32783e-16,0.683806
6.038,1,1.49905,2.53024e-16,0.683981
6.039,1,1.49905,5.54227e-16,0.684156
6.04,1,1.49905,2.25587e-16,0.68433
6.041,1,1.49905,2.36978e-16,0.684503
6.042,1,1.49905,3.36887e-16,0.684676
6.043,1,1.49905,3.81379e-16,0.684848
6.044,1,1.49905,9.70713e-17,0.68502
6.045,1,1.49905,9.93081e-16,0.68519
6.046,1,1.49905,2.0915e-16,0.68536
6.047,1,1.49905,4.27603e-16,0.68553
6.048,1,1.49905,-4.0417e-17,0.685698
6.049,1,1.49905,1.3362e-16,0.685866
6.05,1,1.49905,4.87763e-16,0.686034
6.051,1,1.49905,3.15607e-16,0.6862
6.052,1,1.49905,2.8969e-16,0.686366
6.053,1,1.49905,5.79006e-16,0.686531
6.054,1,1.49905,1.48417e-16,0.686696
6.055,1,1.49905,-2.32632e-16,0.68686
6.056,1,1.49905,1.46428e-16,0.687023
6.057,1,1.49905,4.45406e-16,0.687185
6.058,1,1.49905,2.47942e-16,0.687347
6.059,1,1.49905,2.8952e-16,0.687508
6.06,1,1.49905,7.63599e-16,0.687669
6.061,1,1.49905,3.93925e-16,0.687828
6.062,1,1.49905,4.07138e-16,0.687988
6.063,1,1.49905,2.39697e-16,0.688146
6.064,1,1.49905,5.15736e-16,0.688304
6.065,1,1.49905,3.76536e-16,0.688461
6.066,1,1.49905,4.57435e-16,0.688617
6.067,1,1.49905,4.33854e-16,0.688772
6.068,1,1.49905,4.70255e-17,0.688927
6.069,1,1.49905,3.5212e-16,0.689082
6.07,1,1.49905,2.13513e-16,0.689235
6.071,1,1.49905,2.85492e-17,0.689388
6.072,1,1.49905,6.85625e-16,0.68954
6.073,1,1.49905,5.4187e-16,0.689692
6.074,1,1.49905,-5.64341e-17,0.689843
6.075,1,1.49905,7.74259e-17,0.689993
6.076,1,1.49905,2.67929e-17,0.690142
6.077,1,1.49905,4.45706e-16,0.690291
6.078,1,1.49905,4.11416e-16,0.690439
6.079,1,1.49905,1.69932e-16,0.690586
6.08,1,1.49905,-9.19378e-18,0.690733
6.081,1,1.49905,2.32247e-16,0.690879
6.082,1,1.49905,1.99674e-16,0.691024
6.083,1,1.49905,4.39448e-16,0.691169
6.084,1,1.49905,2.85105e-16,0.691313
6.085,1,1.49905,4.84233e-16,0.691456
6.086,1,1.49905,4.31312e-16,0.691598
6.087,1,1.49905,2.75115e-16,0.69174
6.088,1,1.49905,6.81421e-16,0.691881
6.089,1,1.49905,2.9008e-16,0.692022
6.09,1,1.49905,4.20602e-16,0.692162
6.091,1,1.49905,4.64039e-16,0.692301
6.092,1,1.49905,5.10383e-16,0.692439
6.093,1,1.49905,1.11632e-17,0.692577
6.094,1,1.49905,-1.28917e-16,0.692714
6.095,1,1.49905,2.44468e-16,0.69285
6.096,1,1.49905,1.31534e-16,0.692986
6.097,1,1.49905,4.67016e-16,0.693121
6.098,1,1.49905,3.01192e-16,0.693255
6.099,1,1.49905,2.78091e-16,0.693388
6.1,1,1.49905,1.98788e-16,0.693521
6.101,1,1.49905,1.69588e-16,0.693653
6.102,1,1.49905,2.88656e-16,0.693785
6.103,1,1.49905,-4.60343e-17,0.693916
6.104,1,1.49905,1.74244e-16,0.694046
6.105,1,1.49905,1.82488e-16,0.694175
6.106,1,1.49905,4.15934e-16,0.694304
6.107,1,1.49905,1.65708e-16,0.694432
6.108,1,1.49905,2.37794e-16,0.694559
6.109,1,1.49905,4.04531e-16,0.694686
6.11,1,1.49905,3.15726e-16,0.694812
6.111,1,1.49905,4.86809e-16,0.694937
6.112,1,1.49905,9.42579e-17,0.695061
6.113,1,1.49905,3.7717e-16,0.695185
6.114,1,1.49905,6.5836e-16,0.695308
6.115,1,1.49905,1.49716e-16,0.695431
6.116,1,1.49905,6.22106e-16,0.695553
6.117,1,1.49905,-1.59423e-16,0.695674
6.118,1,1.49905,3.62715e-16,0.695794
6.119,1,1.49905,1.31862e-16,0.695914
6.12,1,1.49905,3.41332e-16,0.696033
6.121,1,1.49905,2.84842e-16,0.696151
6.122,1,1.49905,1.76838e-16,0.696269
6.123,1,1.49905,-1.54471e-16,0.696386
6.124,1,1.49905,2.72983e-16,0.696502
6.125,1,1.49905,-7.39306e-17,0.696617
6.126,1,1.49905,2.03531e-16,0.696732
6.127,1,1.49905,2.53148e-16,0.696846
6.128,1,1.49905,3.62796e-16,0.69696
6.129,1,1.49905,4.15001e-16,0.697072
6.13,1,1.49905,3.0535e-16,0.697184
6.131,1,1.49905,2.71271e-17,0.697296
6.132,1,1.49905,3.4237e-16,0.697406
6.133,1,1.49905,2.61779e-16,0.697516
6.134,1,1.49905,1.63945e-16,0.697626
6.135,1,1.49905,3.32898e-16,0.697734
6.136,1,1.49905,2.04032e-16,0.697842
6.137,1,1.49905,5.27709e-16,0.697949
6.138,1,1.49905,3.09824e-16,0.698056
6.139,1,1.49905,1.7478e-16,0.698161
6.14,1,1.49905,1.9364e-16,0.698266
6.141,1,1.49905,2.83017e-16,0.698371
6.142,1,1.49905,1.6119e-16,0.698474
6.143,1,1.49905,-4.92001e-17,0.698577
6.144,1,1.49905,1.77491e-16,0.69868
6.145,1,1.49905,2.05235e-17,0.698781
6.146,1,1.49905,-1.01378e-16,0.698882
6.147,1,1.49905,2.76952e-16,0.698982
6.148,1,1.49905,1.80621e-16,0.699082
6.149,1,1.49905,4.32138e-17,0.699181
6.15,1,1.49905,4.66277e-16,0.699279
6.151,1,1.49905,3.95717e-16,0.699376
6.152,1,1.49905,3.38471e-16,0.699473
6.153,1,1.49905,3.63512e-16,0.699569
6.154,1,1.49905,6.03414e-17,0.699664
6.155,1,1.49905,7.66988e-17,0.699759
6.156,1,1.49905,3.38573e-16,0.699853
6.157,1,1.49905,2.36958e-16,0.699946
6.158,1,1.49905,7.22257e-16,0.700038
6.159,1,1.49905,3.59439e-16,0.70013
6.16,1,1.49905,1.37888e-16,0.700221
6.161,1,1.49905,3.3166e-16,0.700312
6.162,1,1.49905,4.57136e-16,0.700401
6.163,1,1.49905,-6.192e-18,0.70049
6.164,1,1.49905,2.88825e-16,0.700579
6.165,1,1.49905,1.41949e-16,0.700666
6.166,1,1.49905,3.74645e-16,0.700753
6.167,1,1.49905,2.91369e-16,0.700839
6.168,1,1.49905,3.74124e-16,0.700925
6.169,1,1.49905,4.00406e-16,0.70101
6.17,1,1.49905,1.56102e-16,0.701094
6.171,1,1.49905,6.24356e-16,0.701177
6.172,1,1.49905,5.20298e-16,0.70126
6.173,1,1.49905,3.9898e-16,0.701342
6.174,1,1.49905,2.15281e-16,0.701423
6.175,1,1.49905,2.79182e-16,0.701504
6.176,1,1.49905,-5.29632e-17,0.701584
6.177,1,1.49905,7.10043e-18,0.701663
6.178,1,1.49905,5.12934e-16,0.701742
6.179,1,1.49905,3.31018e-16,0.70182
6.18,1,1.49905,6.22169e-17,0.701897
6.181,1,1.49905,1.72579e-16,0.701973
6.182,1,1.49905,3.03145e-16,0.702049
6.183,1,1.49905,1.66501e-16,0.702124
6.184,1,1.49905,2.61084e-16,0.702198
6.185,1,1.49905,3.96626e-16,0.702272
6.186,1,1.49905,4.95357e-16,0.702345
6.187,1,1.49905,-1.56887e-17,0.702417
6.188,1,1.49905,3.60808e-16,0.702488
6.189,1,1.49905,2.74422e-16,0.702559
6.19,1,1.49905,1.20558e-16,0.702629
6.191,1,1.49905,2.20902e-16,0.702699
6.192,1,1.49905,2.38471e-16,0.702767
6.193,1,1.49905,1.85702e-16,0.702835
6.194,1,1.49905,1.07341e-16,0.702903
6.195,1,1.49905,2.57555e-16,0.702969
6.196,1,1.49905,4.54431e-17,0.703035
6.197,1,1.49905,3.67435e-16,0.7031
6.198,1,1.49905,-9.29349e-17,0.703165
6.199,1,1.49905,8.1715e-17,0.703229
6.2,1,1.49905,3.44887e-16,0.703292
6.201,1,1.49905,4.23948e-16,0.703354
6.202,1,1.49905,1.98217e-16,0.703416
6.203,1,1.49905,1.57734e-16,0.703477
6.204,1,1.49905,9.12372e-17,0.703537
6.205,1,1.49905,3.12337e-16,0.703597
6.206,1,1.49905,3.87596e-16,0.703656
6.207,1,1.49905,4.66139e-16,0.703714
6.208,1,1.49905,4.63445e-16,0.703771
6.209,1,1.49905,1.60119e-16,0.703828
6.21,1,1.49905,3.86781e-16,0.703884
6.211,1,1.49905,8.26068e-16,0.703939
6.212,1,1.49905,-6.76326e-17,0.703994
6.213,1,1.49905,-5.67388e-17,0.704048
6.214,1,1.49905,2.74312e-16,0.704101
6.215,1,1.49905,-1.01306e-16,0.704154
6.216,1,1.49905,7.93956e-16,0.704206
6.217,1,1.49905,1.32128e-16,0.704257
6.218,1,1.49905,6.20464e-16,0.704307
6.219,1,1.49905,-8.78138e-17,0.704357
6.22,1,1.49905,6.8612e-16,0.704406
6.221,1,1.49905,3.42103e-16,0.704454
6.222,1,1.49905,4.18033e-16,0.704502
6.223,1,1.49905,1.14233e-16,0.704549
6.224,1,1.49905,-1.34946e-16,0.704595
6.225,1,1.49905,1.9441e-16,0.704641
6.226,1,1.49905,3.12605e-16,0.704686
6.227,1,1.49905,2.32168e-16,0.70473
6.228,1,1.49905,8.40615e-17,0.704773
6.229,1,1.49905,5.05048e-16,0.704816
6.23,1,1.49905,5.61751e-16,0.704858
6.231,1,1.49905,3.66912e-16,0.704899
6.232,1,1.49905,3.1766e-16,0.70494
6.233,1,1.49905,4.87897e-16,0.70498
6.234,1,1.49905,2.79253e-16,0.705019
6.235,1,1.49905,6.00675e-16,0.705057
6.236,1,1.49905,5.29589e-17,0.705095
6.237,1,1.49905,2.1227e-16,0.705132
6.238,1,1.49905,7.38656e-18,0.705169
6.239,1,1.49905,3.60552e-17,0.705204
6.24,1,1.49905,2.21291e-16,0.705239
6.241,1,1.49905,4.39096e-16,0.705273
6.242,1,1.49905,2.0387e-16,0.705307
6.243,1,1.49905,1.68204e-16,0.70534
6.244,1,1.49905,2.36201e-16,0.705372
6.245,1,1.49905,4.89754e-16,0.705403
6.246,1,1.49905,2.18491e-16,0.705434
6.247,1,1.49905,7.25086e-17,0.705464
6.248,1,1.49905,2.25792e-16,0.705494
6.249,1,1.49905,1.34242e-16,0.705522
6.25,1,1.49905,1.63512e-16,0.70555
6.251,1,1.49905,2.85197e-16,0.705577
6.252,1,1.49905,2.8931e-16,0.705604
6.253,1,1.49905,3.93933e-16,0.70563
6.254,1,1.49905,1.71464e-16,0.705655
6.255,1,1.49905,2.81907e-16,0.705679
6.256,1,1.49905,1.60138e-16,0.705703
6.257,1,1.49905,-1.43934e-16,0.705726
6.258,1,1.49905,3.86851e-16,0.705748
6.259,1,1.49905,3.40057e-16,0.70577
6.26,1,1.49905,1.58496e-16,0.705791
6.261,1,1.49905,-2.554e-17,0.705811
6.262,1,1.49905,4.55859e-16,0.70583
6.263,1,1.49905,1.38987e-16,0.705849
6.264,1,1.49905,-1.05249e-18,0.705867
6.265,1,1.49905,-2.00752e-16,0.705885
6.266,1,1.49905,3.02828e-16,0.705901
6.267,1,1.49905,4.62826e-16,0.705917
6.268,1,1.49905,-3.63926e-17,0.705932
6.269,1,1.49905,3.57444e-16,0.705947
6.27,1,1.49905,6.75315e-16,0.705961
6.271,1,1.49905,1.63888e-16,0.705974
6.272,1,1.49905,2.92231e-16,0.705986
6.273,1,1.49905,2.80045e-16,0.705998
6.274,1,1.49905,2.14311e-16,0.706009
6.275,1,1.49905,1.31509e-16,0.706019
6.276,1,1.49905,4.92976e-16,0.706029
6.277,1,1.49905,1.65305e-16,0.706038
6.278,1,1.49905,7.83188e-16,0.706046
6.279,1,1.49905,9.00523e-17,0.706054
6.28,1,1.49905,2.5553e-16,0.706061
6.281,1,1.49905,2.31579e-16,0.706067
6.282,1,1.49905,1.23509e-16,0.706072
6.283,1,1.49905,2.79885e-16,0.706077
6.284,1,1.49905,5.00573e-16,0.706081
6.285,1,1.49905,2.41442e-17,0.706084
6.286,1,1.49905,2.60815e-16,0.706086
6.287,1,1.49905,3.34701e-16,0.706088
6.288,1,1.49905,3.46934e-16,0.70609
6.289,1,1.49905,6.65979e-17,0.70609
6.29,1,1.49905,2.09238e-16,0.70609
6.291,1,1.49905,-7.48498e-17,0.706089
6.292,1,1.49905,2.55055e-16,0.706087
6.293,1,1.49905,2.64933e-16,0.706085
6.294,1,1.49905,-1.68193e-17,0.706082
6.295,1,1.49905,-1.47734e-17,0.706078
6.296,1,1.49905,2.78247e-16,0.706073
6.297,1,1.49905,2.97101e-16,0.706068
6.298,1,1.49905,6.27206e-16,0.706062
6.299,1,1.49905,5.31969e-16,0.706056
6.3,1,1.49905,5.16539e-16,0.706048
6.301,1,1.49905,2.14237e-16,0.70604
6.302,1,1.49905,2.78372e-16,0.706032
6.303,1,1.49905,1.21459e-16,0.706022
6.304,1,1.49905,6.14599e-17,0.706012
6.305,1,1.49905,4.7295e-16,0.706001
6.306,1,1.49905,-8.70047e-17,0.70599
6.307,1,1.49905,4.64766e-16,0.705978
6.308,1,1.49905,3.35721e-16,0.705965
6.309,1,1.49905,3.14841e-16,0.705951
6.31,1,1.49905,3.6239e-16,0.705937
6.311,1,1.49905,1.20928e-16,0.705922
6.312,1,1.49905,2.13759e-16,0.705906
6.313,1,1.49905,4.58593e-16,0.705889
6.314,1,1.49905,1.62105e-16,0.705872
6.315,1,1.49905,1.96209e-16,0.705854
6.316,1,1.49905,4.98137e-17,0.705836
6.317,1,1.49905,1.03746e-16,0.705817
6.318,1,1.49905,-1.20819e-16,0.705797
6.319,1,1.49905,3.33854e-16,0.705776
6.32,1,1.49905,2.36284e-16,0.705754
6.321,1,1.49905,3.58839e-16,0.705732
6.322,1,1.49905,2.59094e-16,0.70571
6.323,1,1.49905,3.09011e-16,0.705686
6.324,1,1.49905,-2.84854e-17,0.705662
6.325,1,1.49905,-7.94197e-17,0.705637
6.326,1,1.49905,4.4839e-16,0.705611
6.327,1,1.49905,4.50353e-17,0.705585
6.328,1,1.49905,3.51231e-16,0.705558
6.329,1,1.49905,7.99252e-17,0.70553
6.33,1,1.49905,3.30537e-16,0.705502
6.331,1,1.49905,5.97287e-16,0.705473
6.332,1,1.49905,3.85802e-16,0.705443
6.333,1,1.49905,5.68261e-16,0.705412
6.334,1,1.49905,3.98777e-16,0.705381
6.335,1,1.49905,1.74453e-16,0.705349
6.336,1,1.49905,4.74604e-17,0.705316
6.337,1,1.49905,2.75626e-16,0.705283
6.338,1,1.49905,3.71308e-16,0.705249
6.339,1,1.49905,2.35618e-16,0.705214
6.34,1,1.49905,6.28718e-16,0.705179
6.341,1,1.49905,4.50039e-16,0.705143
6.342,1,1.49905,3.67641e-16,0.705106
6.343,1,1.49905,5.63254e-16,0.705068
6.344,1,1.49905,7.00667e-17,0.70503
6.345,1,1.49905,1.79088e-16,0.704991
6.346,1,1.49905,3.25825e-16,0.704951
6.347,1,1.49905,4.03615e-16,0.704911
6.348,1,1.49905,3.73033e-16,0.70487
6.349,1,1.49905,2.68069e-16,0.704828
6.35,1,1.49905,2.01989e-16,0.704785
6.351,1,1.49905,2.08729e-17,0.704742
6.352,1,1.49905,4.97142e-16,0.704698
6.353,1,1.49905,1.77178e-16,0.704654
6.354,1,1.49905,2.75758e-16,0.704608
6.355,1,1.49905,1.54466e-16,0.704562
6.356,1,1.49905,4.62787e-16,0.704515
6.357,1,1.49905,-2.39641e-16,0.704468
6.358,1,1.49905,-1.28e-16,0.70442
6.359,1,1.49905,5.05205e-17,0.704371
6.36,1,1.49905,3.04081e-16,0.704321
6.361,1,1.49905,5.56775e-16,0.704271
6.362,1,1.49905,-3.18854e-17,0.70422
6.363,1,1.49905,3.406e-16,0.704169
6.364,1,1.49905,3.86485e-16,0.704116
6.365,1,1.49905,-2.99423e-17,0.704063
6.366,1,1.49905,3.04019e-16,0.704009
6.367,1,1.49905,3.49805e-16,0.703955
6.368,1,1.49905,9.20367e-17,0.7039
6.369,1,1.49905,1.88e-16,0.703844
6.37,1,1.49905,1.18511e-16,0.703787
6.371,1,1.49905,2.19657e-16,0.70373
6.372,1,1.49905,2.45225e-16,0.703672
6.373,1,1.49905,1.323e-16,0.703613
6.374,1,1.49905,7.36064e-17,0.703554
6.375,1,1.49905,1.75888e-16,0.703494
6.376,1,1.49905,1.63332e-16,0.703433
6.377,1,1.49905,2.25613e-16,0.703372
6.378,1,1.49905,2.51029e-16,0.70331
6.379,1,1.49905,4.74169e-16,0.703247
6.38,1,1.49905,2.34682e-18,0.703183
6.381,1,1.49905,5.04548e-16,0.703119
6.382,1,1.49905,2.18171e-16,0.703054
6.383,1,1.49905,7.20972e-16,0.702988
6.384,1,1.49905,2.32039e-16,0.702922
6.385,1,1.49905,-5.46195e-17,0.702855
6.386,1,1.49905,1.90074e-16,0.702787
6.387,1,1.49905,3.07488e-16,0.702718
6.388,1,1.49905,6.53327e-16,0.702649
6.389,1,1.49905,5.55196e-16,0.702579
6.39,1,1.49905,3.13724e-16,0.702508
6.391,1,1.49905,3.96652e-16,0.702437
6.392,1,1.49905,1.51326e-16,0.702365
6.393,1,1.49905,6.39096e-16,0.702292
6.394,1,1.49905,7.15616e-17,0.702219
6.395,1,1.49905,-1.2497e-16,0.702145
6.396,1,1.49905,1.82622e-16,0.70207
6.397,1,1.49905,5.16755e-17,0.701995
6.398,1,1.49905,4.83903e-16,0.701918
6.399,1,1.49905,3.04608e-17,0.701841
6.4,1,1.49905,3.98024e-16,0.701764
6.401,1,1.49905,3.64687e-16,0.701686
6.402,1,1.49905,-8.27906e-17,0.701607
6.403,1,1.49905,2.81042e-16,0.701527
6.404,1,1.49905,4.08236e-16,0.701446
6.405,1,1.49905,2.23478e-16,0.701365
6.406,1,1.49905,-2.91e-16,0.701283
6.407,1,1.49905,4.33466e-16,0.701201
6.408,1,1.49905,3.53717e-16,0.701118
6.409,1,1.49905,3.05519e-16,0.701034
6.41,1,1.49905,2.1354e-16,0.700949
6.411,1,1.49905,6.77501e-16,0.700864
6.412,1,1.49905,3.21657e-16,0.700778
6.413,1,1.49905,3.60729e-16,0.700691
6.414,1,1.49905,1.8375e-16,0.700604
6.415,1,1.49905,7.54349e-17,0.700516
6.416,1,1.49905,7.81499e-16,0.700427
6.417,1,1.49905,8.92669e-17,0.700337
6.418,1,1.49905,5.10025e-16,0.700247
6.419,1,1.49905,8.29716e-16,0.700156
6.42,1,1.49905,2.11168e-16,0.700065
6.421,1,1.49905,-4.84276e-17,0.699972
6.422,1,1.49905,5.71156e-16,0.699879
6.423,1,1.49905,2.92519e-16,0.699785
6.424,1,1.49905,2.3501e-16,0.699691
6.425,1,1.49905,1.31482e-16,0.699596
6.426,1,1.49905,2.38489e-16,0.6995
6.427,1,1.49905,6.57256e-16,0.699404
6.428,1,1.49905,1.42875e-16,0.699306
6.429,1,1.49905,1.11959e-17,0.699209
6.43,1,1.49905,5.82136e-17,0.69911
6.431,1,1.49905,4.14607e-16,0.699011
6.432,1,1.49905,3.04887e-17,0.698911
6.433,1,1.49905,4.7779e-16,0.69881
6.434,1,1.49905,2.36191e-16,0.698709
6.435,1,1.49905,-1.56917e-16,0.698607
6.436,1,1.49905,1.17411e-16,0.698504
6.437,1,1.49905,2.73898e-16,0.6984
6.438,1,1.49905,5.11588e-16,0.698296
6.439,1,1.49905,1.43965e-16,0.698191
6.44,1,1.49905,3.35063e-16,0.698086
6.441,1,1.49905,6.21033e-16,0.697979
6.442,1,1.49905,3.69304e-16,0.697872
6.443,1,1.49905,1.32144e-16,0.697765
6.444,1,1.49905,1.41911e-16,0.697656
6.445,1,1.49905,4.28589e-16,0.697547
6.446,1,1.49905,2.40006e-16,0.697438
6.447,1,1.49905,3.15811e-16,0.697327
6.448,1,1.49905,7.16169e-17,0.697216
6.449,1,1.49905,-5.86269e-17,0.697104
6.45,1,1.49905,3.49146e-16,0.696992
6.451,1,1.49905,2.50071e-16,0.696878
6.452,1,1.49905,2.50981e-16,0.696765
6.453,1,1.49905,4.04543e-16,0.69665
6.454,1,1.49905,3.49078e-17,0.696535
6.455,1,1.49905,-1.26784e-17,0.696419
6.456,1,1.49905,5.30194e-16,0.696302
6.457,1,1.49905,2.56515e-17,0.696185
6.458,1,1.49905,2.95585e-16,0.696066
6.459,1,1.49905,3.9002e-16,0.695948
6.46,1,1.49905,6.91918e-17,0.695828
6.461,1,1.49905,5.64233e-16,0.695708
6.462,1,1.49905,3.63257e-16,0.695587
6.463,1,1.49905,2.55692e-16,0.695466
6.464,1,1.49905,1.5843e-17,0.695343
6.465,1,1.49905,4.93006e-16,0.69522
6.466,1,1.49905,1.9632e-16,0.695097
6.467,1,1.49905,9.44465e-17,0.694972
6.468,1,1.49905,3.18891e-16,0.694847
6.469,1,1.49905,3.04799e-16,0.694722
6.47,1,1.49905,2.04946e-16,0.694595
6.471,1,1.49905,2.38205e-16,0.694468
6.472,1,1.49905,2.67181e-16,0.69434
6.473,1,1.49905,3.36204e-16,0.694212
6.474,1,1.49905,-1.40896e-16,0.694083
6.475,1,1.49905,2.60508e-16,0.693953
6.476,1,1.49905,2.44968e-17,0.693822
6.477,1,1.49905,1.20402e-16,0.693691
6.478,1,1.49905,-8.75406e-17,0.693559
6.479,1,1.49905,1.68968e-16,0.693426
6.48,1,1.49905,1.59942e-16,0.693293
6.481,1,1.49905,4.26096e-16,0.693159
6.482,1,1.49905,5.53618e-16,0.693024
6.483,1,1.49905,2.63406e-16,0.692889
6.484,1,1.49905,6.17548e-16,0.692753
6.485,1,1.49905,3.17197e-16,0.692616
6.486,1,1.49905,2.42912e-16,0.692478
6.487,1,1.49905,6.9166e-16,0.69234
6.488,1,1.49905,6.8431e-16,0.692201
6.489,1,1.49905,1.48626e-16,0.692062
6.49,1,1.49905,1.67048e-16,0.691921
6.491,1,1.49905,1.50376e-16,0.69178
6.492,1,1.49905,1.84253e-16,0.691639
6.493,1,1.49905,3.78158e-16,0.691496
6.494,1,1.49905,3.25918e-17,0.691353
6.495,1,1.49905,1.27975e-16,0.69121
6.496,1,1.49905,-6.03443e-17,0.691065
6.497,1,1.49905,8.47369e-17,0.69092
6.498,1,1.49905,2.99146e-17,0.690774
6.499,1,1.49905,5.76224e-17,0.690628
6.5,1,1.49905,1.36509e-16,0.690481
6.501,1,1.49905,5.78616e-16,0.690333
6.502,1,1.49905,2.07118e-16,0.690184
6.503,1,1.49905,4.86954e-16,0.690035
6.504,1,1.49905,3.47985e-16,0.689885
6.505,1,1.49905,3.2477e-16,0.689735
6.506,1,1.49905,-2.33315e-17,0.689583
6.507,1,1.49905,4.61195e-16,0.689431
6.508,1,1.49905,4.05616e-16,0.689279
6.509,1,1.49905,1.84328e-16,0.689125
6.51,1,1.49905,-3.52364e-17,0.688971
6.511,1,1.49905,4.79062e-16,0.688817
6.512,1,1.49905,2.44408e-16,0.688661
6.513,1,1.49905,-6.74276e-17,0.688505
6.514,1,1.49905,6.59044e-16,0.688348
6.515,1,1.49905,4.4838e-16,0.688191
6.516,1,1.49905,4.55145e-16,0.688033
6.517,1,1.49905,8.07001e-17,0.687874
6.518,1,1.49905,1.2226e-16,0.687714
6.519,1,1.49905,4.39113e-17,0.687554
6.52,1,1.49905,-2.29828e-17,0.687393
6.521,1,1.49905,7.67197e-17,0.687231
6.522,1,1.49905,-1.17026e-16,0.687069
6.523,1,1.49905,3.89031e-17,0.686906
6.524,1,1.49905,5.75711e-16,0.686742
6.525,1,1.49905,1.81451e-16,0.686578
6.526,1,1.49905,3.1051e-16,0.686413
6.527,1,1.49905,5.33398e-16,0.686247
6.528,1,1.49905,3.0027e-16,0.686081
6.529,1,1.49905,-3.51418e-16,0.685914
6.53,1,1.49905,3.45051e-16,0.685746
6.531,1,1.49905,2.33596e-16,0.685578
6.532,1,1.49905,1.50404e-16,0.685409
6.533,1,1.49905,2.02097e-16,0.685239
6.534,1,1.49905,-2.57483e-17,0.685068
6.535,1,1.49905,4.43608e-16,0.684897
6.536,1,1.49905,-1.34227e-18,0.684725
6.537,1,1.49905,5.49054e-17,0.684553
6.538,1,1.49905,2.83433e-16,0.684379
6.539,1,1.49905,1.09118e-16,0.684205
6.54,1,1.49905,3.32743e-16,0.684031
6.541,1,1.49905,1.98581e-16,0.683856
6.542,1,1.49905,3.75038e-16,0.68368
6.543,1,1.49905,-1.83257e-17,0.683503
6.544,1,1.49905,4.17061e-17,0.683326
6.545,1,1.49905,-2.16145e-18,0.683148
6.546,1,1.49905,3.20636e-16,0.682969
6.547,1,1.49905,8.98484e-17,0.682789
6.548,1,1.49905,4.32307e-16,0.682609
6.549,1,1.49905,2.43649e-16,0.682429
6.55,1,1.49905,2.32394e-16,0.682247
6.551,1,1.49905,4.32196e-16,0.682065
6.552,1,1.49905,-3.32867e-16,0.681882
6.553,1,1.49905,3.87004e-16,0.681699
6.554,1,1.49905,3.07076e-16,0.681515
6.555,1,1.49905,3.94172e-16,0.68133
6.556,1,1.49905,3.35083e-16,0.681144
6.557,1,1.49905,3.21523e-16,0.680958
6.558,1,1.49905,5.88918e-16,0.680771
6.559,1,1.49905,5.25906e-16,0.680584
6.56,1,1.49905,2.08247e-16,0.680396
6.561,1,1.49905,3.11904e-16,0.680207
6.562,1,1.49905,1.77799e-16,0.680017
6.563,1,1.49905,4.5085e-16,0.679827
6.564,1,1.49905,1.63324e-16,0.679636
6.565,1,1.49905,2.59166e-16,0.679444
6.566,1,1.49905,1.08388e-16,0.679252
6.567,1,1.49905,3.88847e-16,0.679059
6.568,1,1.49905,3.89603e-16,0.678865
6.569,1,1.49905,2.57905e-16,0.678671
6.57,1,1.49905,3.51607e-16,0.678476
6.571,1,1.49905,2.17134e-16,0.67828
6.572,1,1.49905,1.692e-17,0.678084
6.573,1,1.49905,2.99068e-16,0.677887
6.574,1,1.49905,1.26303e-16,0.677689
6.575,1,1.49905,9.01215e-18,0.677491
6.576,1,1.49905,2.02419e-16,0.677292
6.577,1,1.49905,1.81265e-16,0.677092
6.578,1,1.49905,6.63813e-17,0.676891
6.579,1,1.49905,2.9845e-17,0.67669
6.58,1,1.49905,1.65355e-16,0.676489
6.581,1,1.49905,2.43196e-16,0.676286
6.582,1,1.49905,2.11439e-16,0.676083
6.583,1,1.49905,1.79886e-16,0.675879
6.584,1,1.49905,7.22498e-17,0.675675
6.585,1,1.49905,4.40433e-17,0.67547
6.586,1,1.49905,1.02161e-16,0.675264
6.587,1,1.49905,-7.16271e-17,0.675057
6.588,1,1.49905,9.35237e-17,0.67485
6.589,1,1.49905,5.32563e-16,0.674642
6.59,1,1.49905,2.35079e-17,0.674434
6.591,1,1.49905,1.04852e-17,0.674225
6.592,1,1.49905,3.67178e-16,0.674015
6.593,1,1.49905,-2.57269e-16,0.673804
6.594,1,1.49905,-1.08275e-16,0.673593
6.595,1,1.49905,1.56296e-16,0.673381
6.596,1,1.49905,-5.54197e-17,0.673169
6.597,1,1.49905,4.18665e-16,0.672955
6.598,1,1.49905,3.35623e-16,0.672741
6.599,1,1.49905,1.04112e-16,0.672527
6.6,1,1.49905,1.92969e-16,0.672312
6.601,1,1.49905,3.74278e-16,0.672096
6.602,1,1.49905,1.47865e-16,0.671879
6.603,1,1.49905,1.58223e-16,0.671662
6.604,1,1.49905,4.25692e-16,0.671444
6.605,1,1.49905,1.96854e-17,0.671225
6.606,1,1.49905,3.76551e-16,0.671006
6.607,1,1.49905,4.38948e-16,0.670786
6.608,1,1.49905,1.3864e-16,0.670566
6.609,1,1.49905,1.78965e-16,0.670344
6.61,1,1.49905,8.33189e-17,0.670122
6.611,1,1.49905,3.34539e-16,0.6699
6.612,1,1.49905,-2.26579e-16,0.669677
6.613,1,1.49905,2.78069e-16,0.669453
6.614,1,1.49905,3.35326e-16,0.669228
6.615,1,1.49905,3.04827e-16,0.669003
6.616,1,1.49905,4.58885e-16,0.668777
6.617,1,1.49905,4.94542e-16,0.66855
6.618,1,1.49905,-1.75352e-16,0.668323
6.619,1,1.49905,-8.74873e-17,0.668095
6.62,1,1.49905,1.19091e-16,0.667866
6.621,1,1.49905,-1.27744e-16,0.667637
6.622,1,1.49905,-8.12181e-17,0.667407
6.623,1,1.49905,2.30692e-16,0.667176
6.624,1,1.49905,3.67239e-16,0.666945
6.625,1,1.49905,2.59172e-16,0.666713
6.626,1,1.49905,1.45049e-16,0.666481
6.627,1,1.49905,5.16293e-16,0.666247
6.628,1,1.49905,1.06805e-16,0.666013
6.629,1,1.49905,6.9095e-16,0.665779
6.63,1,1.49905,3.46999e-17,0.665543
6.631,1,1.49905,5.00438e-16,0.665308
6.632,1,1.49905,3.49408e-16,0.665071
6.633,1,1.49905,2.35596e-16,0.664834
6.634,1,1.49905,-2.34604e-16,0.664596
6.635,1,1.49905,-2.40653e-17,0.664357
6.636,1,1.49905,7.5645e-17,0.664118
6.637,1,1.49905,4.35495e-16,0.663878
6.638,1,1.49905,-3.29301e-17,0.663637
6.639,1,1.49905,-2.10625e-16,0.663396
6.64,1,1.49905,3.3109e-16,0.663154
6.641,1,1.49905,1.37074e-16,0.662912
6.642,1,1.49905,4.57496e-16,0.662668
6.643,1,1.49905,4.34835e-16,0.662425
6.644,1,1.49905,9.55748e-17,0.66218
6.645,1,1.49905,3.31179e-16,0.661935
6.646,1,1.49905,-3.9988e-17,0.661689
6.647,1,1.49905,3.29437e-17,0.661442
6.648,1,1.49905,-8.11433e-17,0.661195
6.649,1,1.49905,7.35071e-17,0.660947
6.65,1,1.49905,3.05768e-16,0.660699
6.651,1,1.49905,9.8683e-17,0.66045
6.652,1,1.49905,-5.06184e-18,0.6602
6.653,1,1.49905,4.09915e-17,0.659949
6.654,1,1.49905,-1.12644e-16,0.659698
6.655,1,1.49905,7.4064e-17,0.659446
6.656,1,1.49905,3.80034e-17,0.659194
6.657,1,1.49905,1.87634e-16,0.658941
6.658,1,1.49905,2.57734e-16,0.658687
6.659,1,1.49905,9.94282e-18,0.658433
6.66,1,1.49905,2.2983e-16,0.658177
6.661,1,1.49905,2.95614e-17,0.657922
6.662,1,1.49905,3.41462e-16,0.657665
6.663,1,1.49905,3.00777e-16,0.657408
6.664,1,1.49905,7.46832e-17,0.657151
6.665,1,1.49905,1.76433e-16,0.656892
6.666,1,1.49905,2.45133e-16,0.656633
6.667,1,1.49905,1.51618e-16,0.656373
6.668,1,1.49905,9.38572e-17,0.656113
6.669,1,1.49905,1.58327e-16,0.655852
6.67,1,1.49905,-5.66471e-18,0.65559
6.671,1,1.49905,1.95381e-16,0.655328
6.672,1,1.49905,-7.16433e-17,0.655065
6.673,1,1.49905,-6.66596e-17,0.654802
6.674,1,1.49905,1.74811e-16,0.654537
6.675,1,1.49905,5.87403e-17,0.654272
6.676,1,1.49905,1.38445e-16,0.654007
6.677,1,1.49905,7.11464e-17,0.653741
6.678,1,1.49905,6.18476e-17,0.653474
6.679,1,1.49905,-2.64418e-17,0.653206
6.68,1,1.49905,4.0978e-16,0.652938
6.681,1,1.49905,-1.44445e-16,0.652669
6.682,1,1.49905,1.25712e-16,0.6524
6.683,1,1.49905,8.98421e-17,0.652129
6.684,1,1.49905,2.13574e-16,0.651859
6.685,1,1.49905,2.87159e-17,0.651587
6.686,1,1.49905,4.44689e-17,0.651315
6.687,1,1.49905,-2.33938e-16,0.651042
6.688,1,1.49905,1.45512e-16,0.650769
6.689,1,1.49905,7.41933e-17,0.650495
6.69,1,1.49905,2.88482e-16,0.65022
6.691,1,1.49905,6.69543e-17,0.649945
6.692,1,1.49905,7.42256e-18,0.649669
6.693,1,1.49905,1.8549e-16,0.649392
6.694,1,1.49905,-3.67729e-17,0.649115
6.695,1,1.49905,1.02333e-16,0.648837
6.696,1,1.49905,5.68975e-17,0.648559
6.697,1,1.49905,3.0214e-16,0.648279
6.698,1,1.49905,1.13189e-16,0.647999
6.699,1,1.49905,1.55974e-16,0.647719
6.7,1,1.49905,1.43954e-16,0.647438
6.701,1,1.49905,2.75757e-16,0.647156
6.702,1,1.49905,3.88151e-16,0.646873
6.703,1,1.49905,2.77427e-16,0.64659
6.704,1,1.49905,4.23175e-16,0.646307
6.705,1,1.49905,-2.1508e-18,0.646022
6.706,1,1.49905,3.56465e-16,0.645737
6.707,1,1.49905,1.16349e-16,0.645451
6.708,1,1.49905,4.25941e-16,0.645165
6.709,1,1.49905,-2.03554e-16,0.644878
6.71,1,1.49905,1.7019e-16,0.644591
6.711,1,1.49905,2.41316e-16,0.644302
6.712,1,1.49905,1.13269e-17,0.644013
6.713,1,1.49905,2.57878e-16,0.643724
6.714,1,1.49905,2.2298e-16,0.643434
6.715,1,1.49905,3.66987e-16,0.643143
6.716,1,1.49905,2.78296e-16,0.642851
6.717,1,1.49905,9.293e-17,0.642559
6.718,1,1.49905,1.37208e-16,0.642266
6.719,1,1.49905,3.50296e-16,0.641973
6.72,1,1.49905,-2.41298e-16,0.641679
6.721,1,1.49905,6.85825e-17,0.641384
6.722,1,1.49905,-6.35515e-17,0.641089
6.723,1,1.49905,2.29568e-16,0.640793
6.724,1,1.49905,6.07053e-17,0.640496
6.725,1,1.49905,3.91756e-16,0.640199
6.726,1,1.49905,2.45653e-16,0.639901
6.727,1,1.49905,3.09895e-16,0.639603
6.728,1,1.49905,7.51327e-18,0.639304
6.729,1,1.49905,4.3213e-16,0.639004
6.73,1,1.49905,2.48617e-16,0.638703
6.731,1,1.49905,1.50458e-16,0.638402
6.732,1,1.49905,4.59524e-16,0.638101
6.733,1,1.49905,3.92222e-16,0.637798
6.734,1,1.49905,3.3282e-16,0.637495
6.735,1,1.49905,1.38559e-16,0.637192
6.736,1,1.49905,1.29255e-16,0.636888
6.737,1,1.49905,2.27702e-16,0.636583
6.738,1,1.49905,4.43618e-16,0.636277
6.739,1,1.49905,1.99987e-17,0.635971
6.74,1,1.49905,7.70939e-18,0.635664
6.741,1,1.49905,1.0223e-16,0.635357
6.742,1,1.49905,7.47113e-16,0.635049
6.743,1,1.49905,1.50631e-16,0.63474
6.744,1,1.49905,2.08028e-16,0.634431
6.745,1,1.49905,-4.00426e-17,0.634121
6.746,1,1.49905,-7.38539e-18,0.63381
6.747,1,1.49905,2.04298e-16,0.633499
6.748,1,1.49905,1.39067e-17,0.633187
6.749,1,1.49905,-1.77341e-16,0.632875
6.75,1,1.49905,5.78621e-17,0.632561
6.751,1,1.49905,1.44646e-16,0.632248
6.752,1,1.49905,2.35464e-16,0.631933
6.753,1,1.49905,4.23652e-16,0.631618
6.754,1,1.49905,3.85081e-16,0.631303
6.755,1,1.49905,3.24299e-16,0.630986
6.756,1,1.49905,8.58811e-17,0.630669
6.757,1,1.49905,1.21401e-17,0.630352
6.758,1,1.49905,1.46077e-16,0.630034
6.759,1,1.49905,4.80657e-16,0.629715
6.76,1,1.49905,-1.78578e-16,0.629396
6.761,1,1.49905,3.03778e-17,0.629076
6.762,1,1.49905,1.92875e-16,0.628755
6.763,1,1.49905,8.51911e-17,0.628434
6.764,1,1.49905,-9.22003e-17,0.628112
6.765,1,1.49905,2.1465e-16,0.627789
6.766,1,1.49905,4.67958e-16,0.627466
6.767,1,1.49905,2.19613e-16,0.627142
6.768,1,1.49905,1.71239e-16,0.626818
6.769,1,1.49905,2.33479e-16,0.626493
6.77,1,1.49905,2.72231e-16,0.626167
6.771,1,1.49905,3.04386e-16,0.625841
6.772,1,1.49905,-3.38848e-17,0.625514
6.773,1,1.49905,3.13021e-16,0.625186
6.774,1,1.49905,-2.9645e-17,0.624858
6.775,1,1.49905,5.79695e-17,0.624529
6.776,1,1.49905,-1.17573e-17,0.6242
6.777,1,1.49905,4.0782e-16,0.62387
6.778,1,1.49905,9.14553e-17,0.623539
6.779,1,1.49905,1.41961e-16,0.623208
6.78,1,1.49905,-2.11243e-16,0.622876
6.781,1,1.49905,2.51491e-16,0.622543
6.782,1,1.49905,-8.38166e-17,0.62221
6.783,1,1.49905,-1.42718e-16,0.621876
6.784,1,1.49905,6.68565e-17,0.621542
6.785,1,1.49905,3.85685e-16,0.621207
6.786,1,1.49905,2.27058e-16,0.620871
6.787,1,1.49905,6.97654e-17,0.620535
6.788,1,1.49905,1.87253e-17,0.620198
6.789,1,1.49905,5.62861e-17,0.61986
6.79,1,1.49905,-7.35293e-17,0.619522
6.791,1,1.49905,2.72744e-17,0.619184
6.792,1,1.49905,1.45608e-16,0.618844
6.793,1,1.49905,1.14787e-16,0.618504
6.794,1,1.49905,-2.84975e-16,0.618164
6.795,1,1.49905,1.76973e-16,0.617822
6.796,1,1.49905,4.73598e-17,0.617481
6.797,1,1.49905,-1.63858e-16,0.617138
6.798,1,1.49905,1.91053e-16,0.616795
6.799,1,1.49905,3.00964e-16,0.616451
6.8,1,1.49905,-1.52752e-16,0.616107
6.801,1,1.49905,1.61179e-16,0.615762
6.802,1,1.49905,-7.47293e-17,0.615417
6.803,1,1.49905,2.7966e-16,0.61507
6.804,1,1.49905,1.91376e-16,0.614724
6.805,1,1.49905,-3.22077e-16,0.614376
6.806,1,1.49905,2.72926e-17,0.614028
6.807,1,1.49905,-2.70505e-16,0.61368
6.808,1,1.49905,1.85442e-16,0.613331
6.809,1,1.49905,-7.13024e-17,0.612981
6.81,1,1.49905,2.42271e-16,0.61263
6.811,1,1.49905,3.92554e-16,0.612279
6.812,1,1.49905,2.60643e-16,0.611928
6.813,1,1.49905,3.96764e-16,0.611575
6.814,1,1.49905,-1.01812e-16,0.611223
6.815,1,1.49905,1.43579e-16,0.610869
6.816,1,1.49905,2.57891e-16,0.610515
6.817,1,1.49905,2.25956e-16,0.61016
6.818,1,1.49905,3.18705e-16,0.609805
6.819,1,1.49905,1.64095e-16,0.609449
6.82,1,1.49905,9.87839e-17,0.609093
6.821,1,1.49905,4.98452e-16,0.608735
6.822,1,1.49905,-9.14514e-17,0.608378
6.823,1,1.49905,4.50304e-16,0.608019
6.824,1,1.49905,1.62439e-16,0.60766
6.825,1,1.49905,2.58323e-16,0.607301
6.826,1,1.49905,-9.25972e-17,0.606941
6.827,1,1.49905,2.76679e-18,0.60658
6.828,1,1.49905,1.3304e-16,0.606218
6.829,1,1.49905,5.45858e-16,0.605856
6.83,1,1.49905,2.05304e-18,0.605494
6.831,1,1.49905,-8.87934e-17,0.605131
6.832,1,1.49905,1.53024e-16,0.604767
6.833,1,1.49905,-8.98816e-17,0.604402
6.834,1,1.49905,2.82703e-16,0.604037
6.835,1,1.49905,2.63556e-16,0.603672
6.836,1,1.49905,-3.33209e-16,0.603306
6.837,1,1.49905,1.85615e-16,0.602939
6.838,1,1.49905,-4.06935e-17,0.602571
6.839,1,1.49905,-1.25079e-16,0.602203
6.84,1,1.49905,1.8543e-16,0.601835
6.841,1,1.49905,-3.93544e-16,0.601466
6.842,1,1.49905,6.90271e-17,0.601096
6.843,1,1.49905,1.2637e-17,0.600725
6.844,1,1.49905,2.87751e-16,0.600354
6.845,1,1.49905,2.62701e-16,0.599983
6.846,1,1.49905,2.32851e-16,0.599611
6.847,1,1.49905,-1.46778e-16,0.599238
6.848,1,1.49905,7.42132e-17,0.598864
6.849,1,1.49905,2.53534e-17,0.59849
6.85,1,1.49905,2.60696e-16,0.598116
6.851,1,1.49905,3.79178e-17,0.59774
6.852,1,1.49905,1.7995e-16,0.597365
6.853,1,1.49905,-1.43034e-16,0.596988
6.854,1,1.49905,2.10598e-16,0.596611
6.855,1,1.49905,3.81244e-16,0.596234
6.856,1,1.49905,4.06129e-16,0.595855
6.857,1,1.49905,6.83715e-16,0.595477
6.858,1,1.49905,4.17541e-16,0.595097
6.859,1,1.49905,4.78195e-16,0.594717
6.86,1,1.49905,9.92837e-17,0.594337
6.861,1,1.49905,2.92078e-17,0.593956
6.862,1,1.49905,2.36972e-16,0.593574
6.863,1,1.49905,2.35488e-16,0.593192
6.864,1,1.49905,3.88401e-17,0.592809
6.865,1,1.49905,4.87175e-16,0.592425
6.866,1,1.49905,-8.79352e-18,0.592041
6.867,1,1.49905,5.18901e-17,0.591656
6.868,1,1.49905,-1.14218e-16,0.591271
6.869,1,1.49905,1.06173e-16,0.590885
6.87,1,1.49905,-5.5601e-17,0.590499
6.871,1,1.49905,2.06524e-16,0.590112
6.872,1,1.49905,1.76942e-16,0.589724
6.873,1,1.49905,3.58678e-16,0.589336
6.874,1,1.49905,-2.56364e-16,0.588947
6.875,1,1.49905,2.20543e-16,0.588557
6.876,1,1.49905,6.3444e-17,0.588167
6.877,1,1.49905,2.37434e-16,0.587777
6.878,1,1.49905,3.08599e-16,0.587386
6.879,1,1.49905,-1.39708e-16,0.586994
6.88,1,1.49905,6.48021e-17,0.586602
6.881,1,1.49905,1.33437e-16,0.586209
6.882,1,1.49905,4.81176e-17,0.585815
6.883,1,1.49905,4.50287e-16,0.585421
6.884,1,1.49905,2.04714e-16,0.585026
6.885,1,1.49905,-2.24851e-16,0.584631
6.886,1,1.49905,2.28017e-16,0.584235
6.887,1,1.49905,4.33845e-16,0.583839
6.888,1,1.49905,1.78674e-16,0.583442
6.889,1,1.49905,2.15838e-16,0.583044
6.89,1,1.49905,-6.05485e-17,0.582646
6.891,1,1.49905,-1.67614e-16,0.582247
6.892,1,1.49905,-5.10387e-17,0.581848
6.893,1,1.49905,4.08587e-16,0.581448
6.894,1,1.49905,1.81831e-16,0.581047
6.895,1,1.49905,4.19731e-16,0.580646
6.896,1,1.49905,4.42168e-17,0.580245
6.897,1,1.49905,2.27998e-16,0.579842
6.898,1,1.49905,-1.15749e-16,0.57944
6.899,1,1.49905,1.0278e-16,0.579036
6.9,1,1.49905,2.13596e-16,0.578632
6.901,1,1.49905,1.56529e-16,0.578228
6.902,1,1.49905,3.81438e-16,0.577822
6.903,1,1.49905,6.99783e-17,0.577417
6.904,1,1.49905,1.55779e-16,0.57701
6.905,1,1.49905,2.05781e-16,0.576604
6.906,1,1.49905,-5.88493e-17,0.576196
6.907,1,1.49905,-2.29174e-16,0.575788
6.908,1,1.49905,8.38215e-17,0.575379
6.909,1,1.49905,-6.34836e-17,0.57497
6.91,1,1.49905,-9.57826e-17,0.574561
6.911,1,1.49905,-1.91622e-16,0.57415
6.912,1,1.49905,9.43739e-18,0.573739
6.913,1,1.49905,1.31464e-16,0.573328
6.914,1,1.49905,-4.77908e-17,0.572916
6.915,1,1.49905,1.25352e-17,0.572503
6.916,1,1.49905,2.94911e-16,0.57209
6.917,1,1.49905,4.56448e-16,0.571676
6.918,1,1.49905,3.05958e-16,0.571262
6.919,1,1.49905,4.09721e-17,0.570847
6.92,1,1.49905,-1.14752e-17,0.570432
6.921,1,1.49905,3.79061e-17,0.570016
6.922,1,1.49905,5.73563e-17,0.569599
6.923,1,1.49905,2.94627e-16,0.569182
6.924,1,1.49905,1.09746e-16,0.568764
6.925,1,1.49905,-3.2879e-16,0.568346
6.926,1,1.49905,4.24841e-17,0.567927
6.927,1,1.49905,-8.29417e-17,0.567508
6.928,1,1.49905,5.29609e-17,0.567088
6.929,1,1.49905,-2.51194e-16,0.566667
6.93,1,1.49905,3.45743e-16,0.566246
6.931,1,1.49905,2.65241e-16,0.565824
6.932,1,1.49905,-5.11723e-17,0.565402
6.933,1,1.49905,2.58575e-16,0.564979
6.934,1,1.49905,3.69046e-18,0.564556
6.935,1,1.49905,-6.62681e-17,0.564132
6.936,1,1.49905,-3.35032e-17,0.563707
6.937,1,1.49905,-4.27671e-17,0.563282
6.938,1,1.49905,-2.19599e-17,0.562856
6.939,1,1.49905,-2.11981e-16,0.56243
6.94,1,1.49905,1.2474e-16,0.562003
6.941,1,1.49905,7.39555e-17,0.561576
6.942,1,1.49905,-3.5508e-16,0.561148
6.943,1,1.49905,-2.79734e-16,0.56072
6.944,1,1.49905,2.6092e-16,0.560291
6.945,1,1.49905,2.86763e-16,0.559861
6.946,1,1.49905,1.92678e-16,0.559431
6.947,1,1.49905,3.07057e-16,0.559
6.948,1,1.49905,9.1343e-18,0.558569
6.949,1,1.49905,-4.99739e-18,0.558137
6.95,1,1.49905,2.40832e-16,0.557705
6.951,1,1.49905,7.39559e-17,0.557272
6.952,1,1.49905,1.24776e-16,0.556839
6.953,1,1.49905,7.8633e-17,0.556405
6.954,1,1.49905,-2.28413e-16,0.55597
6.955,1,1.49905,1.52003e-16,0.555535
6.956,1,1.49905,3.95758e-17,0.555099
6.957,1,1.49905,2.47911e-16,0.554663
6.958,1,1.49905,3.17049e-16,0.554226
6.959,1,1.49905,6.42266e-17,0.553789
6.96,1,1.49905,-3.21471e-17,0.553351
6.961,1,1.49905,-1.28746e-16,0.552912
6.962,1,1.49905,2.28296e-16,0.552473
6.963,1,1.49905,3.14425e-16,0.552034
6.964,1,1.49905,4.02818e-17,0.551594
6.965,1,1.49905,3.33631e-16,0.551153
6.966,1,1.49905,9.37148e-17,0.550712
6.967,1,1.49905,-3.63422e-16,0.55027
6.968,1,1.49905,-1.60684e-16,0.549828
6.969,1,1.49905,1.75421e-16,0.549385
6.97,1,1.49905,-4.98134e-17,0.548942
6.971,1,1.49905,3.61698e-17,0.548498
6.972,1,1.49905,1.0957e-16,0.548053
6.973,1,1.49905,1.70243e-17,0.547608
6.974,1,1.49905,1.05048e-17,0.547162
6.975,1,1.49905,1.79631e-16,0.546716
6.976,1,1.49905,3.95984e-16,0.54627
6.977,1,1.49905,9.53813e-19,0.545822
6.978,1,1.49905,-3.59251e-16,0.545375
6.979,1,1.49905,1.99191e-16,0.544926
6.98,1,1.49905,-8.56759e-17,0.544477
6.981,1,1.49905,-1.38299e-17,0.544028
6.982,1,1.49905,1.27092e-16,0.543578
6.983,1,1.49905,-3.08703e-17,0.543128
6.984,1,1.49905,4.20213e-16,0.542677
6.985,1,1.49905,2.14711e-16,0.542225
6.986,1,1.49905,9.84274e-17,0.541773
6.987,1,1.49905,-9.68393e-19,0.54132
6.988,1,1.49905,-4.31484e-17,0.540867
6.989,1,1.49905,7.45338e-17,0.540413
6.99,1,1.49905,1.17121e-16,0.539959
6.991,1,1.49905,-1.98087e-16,0.539504
6.992,1,1.49905,9.71502e-17,0.539049
6.993,1,1.49905,2.85146e-16,0.538593
6.994,1,1.49905,-9.07019e-17,0.538136
6.995,1,1.49905,3.62441e-16,0.537679
6.996,1,1.49905,-2.37927e-16,0.537222
6.997,1,1.49905,2.64846e-17,0.536764
6.998,1,1.49905,2.06751e-16,0.536305
6.999,1,1.49905,3.65291e-16,0.535846
7,1,1.49905,-2.83156e-17,0.535387
7.001,1,1.49905,3.624e-17,0.534926
7.002,1,1.49905,-1.45674e-16,0.534466
7.003,1,1.49905,1.90427e-16,0.534004
7.004,1,1.49905,2.91184e-16,0.533543
7.005,1,1.49905,6.63303e-18,0.53308
7.006,1,1.49905,1.91762e-16,0.532617
7.007,1,1.49905,3.19175e-16,0.532154
7.008,1,1.49905,9.65239e-17,0.53169
7.009,1,1.49905,-1.50561e-16,0.531226
7.01,1,1.49905,2.25966e-17,0.530761
7.011,1,1.49905,2.30651e-17,0.530295
7.012,1,1.49905,7.94983e-17,0.529829
7.013,1,1.49905,-1.6236e-16,0.529363
7.014,1,1.49905,-7.48387e-17,0.528896
7.015,1,1.49905,-9.49421e-18,0.528428
7.016,1,1.49905,-1.57363e-16,0.52796
7.017,1,1.49905,-3.85668e-16,0.527491
7.018,1,1.49905,2.03151e-16,0.527022
7.019,1,1.49905,1.03934e-16,0.526552
7.02,1,1.49905,2.4334e-16,0.526082
7.021,1,1.49905,5.12933e-16,0.525611
7.022,1,1.49905,2.08631e-16,0.52514
7.023,1,1.49905,1.11159e-16,0.524668
7.024,1,1.49905,-2.52498e-16,0.524196
7.025,1,1.49905,6.73825e-17,0.523723
7.026,1,1.49905,-2.9146e-16,0.52325
7.027,1,1.49905,3.97318e-16,0.522776
7.028,1,1.49905,4.34737e-16,0.522301
7.029,1,1.49905,-6.64858e-17,0.521826
7.03,1,1.49905,4.65716e-17,0.521351
7.031,1,1.49905,4.46509e-16,0.520875
7.032,1,1.49905,1.20503e-16,0.520398
7.033,1,1.49905,3.28752e-17,0.519921
7.034,1,1.49905,4.35793e-17,0.519444
7.035,1,1.49905,2.47168e-17,0.518966
7.036,1,1.49905,-2.63159e-17,0.518487
7.037,1,1.49905,2.49979e-16,0.518008
7.038,1,1.49905,3.888e-17,0.517528
7.039,1,1.49905,3.19083e-16,0.517048
7.04,1,1.49905,3.83333e-16,0.516567
7.041,1,1.49905,5.71307e-17,0.516086
7.042,1,1.49905,-2.25306e-16,0.515605
7.043,1,1.49905,1.74475e-16,0.515122
7.044,1,1.49905,3.07297e-16,0.51464
7.045,1,1.49905,3.1135e-17,0.514156
7.046,1,1.49905,1.47909e-16,0.513673
7.047,1,1.49905,-1.14167e-16,0.513188
7.048,1,1.49905,-3.43745e-16,0.512704
7.049,1,1.49905,-2.97288e-17,0.512218
7.05,1,1.49905,-3.37366e-16,0.511733
7.051,1,1.49905,1.95816e-16,0.511246
7.052,1,1.49905,7.37939e-17,0.510759
7.053,1,1.49905,1.99344e-16,0.510272
7.054,1,1.49905,2.54079e-16,0.509784
7.055,1,1.49905,2.32792e-16,0.509296
7.056,1,1.49905,-5.93409e-17,0.508807
7.057,1,1.49905,-1.84853e-16,0.508318
7.058,1,1.49905,3.17529e-16,0.507828
7.059,1,1.49905,-2.23285e-17,0.507337
7.06,1,1.49905,2.61695e-16,0.506847
7.061,1,1.49905,3.7152e-16,0.506355
7.062,1,1.49905,8.27921e-17,0.505863
7.063,1,1.49905,1.14114e-16,0.505371
7.064,1,1.49905,1.14485e-16,0.504878
7.065,1,1.49905,-3.12441e-16,0.504385
7.066,1,1.49905,-3.17008e-16,0.503891
7.067,1,1.49905,-1.58165e-16,0.503396
7.068,1,1.49905,7.33822e-17,0.502901
7.069,1,1.49905,2.99513e-16,0.502406
7.07,1,1.49905,-2.69283e-16,0.50191
7.071,1,1.49905,1.13248e-17,0.501414
7.072,1,1.49905,2.22304e-16,0.500917
7.073,1,1.49905,-3.2349e-16,0.500419
7.074,1,1.49905,4.22512e-17,0.499921
7.075,1,1.49905,-5.7464e-17,0.499423
7.076,1,1.49905,1.14858e-16,0.498924
7.077,1,1.49905,-1.97298e-16,0.498425
7.078,1,1.49905,2.71542e-17,0.497925
7.079,1,1.49905,8.90384e-17,0.497424
7.08,1,1.49905,-8.50917e-17,0.496923
7.081,1,1.49905,-1.15373e-16,0.496422
7.082,1,1.49905,-1.56877e-16,0.49592
7.083,1,1.49905,4.85524e-16,0.495418
7.084,1,1.49905,-1.70025e-16,0.494915
7.085,1,1.49905,2.79915e-16,0.494411
7.086,1,1.49905,5.53933e-17,0.493908
7.087,1,1.49905,-1.96638e-16,0.493403
7.088,1,1.49905,3.6875e-17,0.492898
7.089,1,1.49905,5.80761e-16,0.492393
7.09,1,1.49905,2.77145e-19,0.491887
7.091,1,1.49905,3.29011e-16,0.491381
7.092,1,1.49905,-7.92416e-17,0.490874
7.093,1,1.49905,3.34857e-17,0.490367
7.094,1,1.49905,-5.84697e-17,0.489859
7.095,1,1.49905,2.44014e-16,0.489351
7.096,1,1.49905,-1.14426e-17,0.488842
7.097,1,1.49905,1.43527e-16,0.488333
7.098,1,1.49905,4.04432e-16,0.487823
7.099,1,1.49905,-4.28064e-17,0.487313
7.1,1,1.49905,-5.60833e-17,0.486802
7.101,1,1.49905,2.08219e-17,0.486291
7.102,1,1.49905,-1.35637e-16,0.485779
7.103,1,1.49905,-2.55764e-17,0.485267
7.104,1,1.49905,2.59633e-16,0.484754
7.105,1,1.49905,1.15263e-16,0.484241
7.106,1,1.49905,-1.99286e-16,0.483727
7.107,1,1.49905,-4.09757e-16,0.483213
7.108,1,1.49905,1.85126e-17,0.482699
7.109,1,1.49905,-1.06022e-16,0.482183
7.11,1,1.49905,8.56067e-17,0.481668
7.111,1,1.49905,9.67879e-17,0.481152
7.112,1,1.49905,4.09972e-16,0.480635
7.113,1,1.49905,-3.81346e-16,0.480118
7.114,1,1.49905,1.27619e-16,0.479601
7.115,1,1.49905,-1.79782e-16,0.479083
7.116,1,1.49905,-3.58126e-16,0.478564
7.117,1,1.49905,4.69779e-17,0.478045
7.118,1,1.49905,2.59479e-16,0.477526
7.119,1,1.49905,-1.85246e-16,0.477006
7.12,1,1.49905,-7.07621e-16,0.476486
7.121,1,1.49905,-5.77587e-17,0.475965
7.122,1,1.49905,1.43214e-16,0.475444
7.123,1,1.49905,-5.62363e-17,0.474922
7.124,1,1.49905,-2.07526e-16,0.4744
7.125,1,1.49905,2.86135e-16,0.473877
7.126,1,1.49905,-5.83551e-17,0.473354
7.127,1,1.49905,2.09872e-16,0.47283
7.128,1,1.49905,2.88326e-16,0.472306
7.129,1,1.49905,3.70933e-16,0.471781
7.13,1,1.49905,4.21877e-16,0.471256
7.131,1,1.49905,2.46569e-16,0.470731
7.132,1,1.49905,5.91346e-17,0.470205
7.133,1,1.49905,8.44518e-17,0.469678
7.134,1,1.49905,2.28155e-16,0.469151
7.135,1,1.49905,-1.49459e-16,0.468624
7.136,1,1.49905,2.93451e-16,0.468096
7.137,1,1.49905,2.69824e-16,0.467568
7.138,1,1.49905,-1.75871e-16,0.467039
7.139,1,1.49905,-4.75253e-17,0.466509
7.14,1,1.49905,1.96084e-16,0.46598
7.141,1,1.49905,-1.35089e-16,0.465449
7.142,1,1.49905,7.91406e-19,0.464919
7.143,1,1.49905,1.11745e-16,0.464388
7.144,1,1.49905,2.97686e-16,0.463856
7.145,1,1.49905,-4.8592e-17,0.463324
7.146,1,1.49905,6.18228e-17,0.462791
7.147,1,1.49905,4.91697e-16,0.462258
7.148,1,1.49905,-5.92501e-17,0.461725
7.149,1,1.49905,-6.25819e-17,0.461191
7.15,1,1.49905,-1.49454e-16,0.460657
7.151,1,1.49905,2.87211e-16,0.460122
7.152,1,1.49905,1.75236e-16,0.459586
7.153,1,1.49905,-1.05305e-17,0.459051
7.154,1,1.49905,7.0461e-17,0.458514
7.155,1,1.49905,-2.03609e-16,0.457978
7.156,1,1.49905,-2.78302e-16,0.457441
7.157,1,1.49905,1.66765e-18,0.456903
7.158,1,1.49905,-2.50594e-17,0.456365
7.159,1,1.49905,-2.45299e-16,0.455827
7.16,1,1.49905,2.23174e-16,0.455288
7.161,1,1.49905,4.06517e-16,0.454748
7.162,1,1.49905,-3.19477e-17,0.454208
7.163,1,1.49905,1.13587e-16,0.453668
7.164,1,1.49905,-1.20134e-16,0.453127
7.165,1,1.49905,4.39914e-16,0.452586
7.166,1,1.49905,7.5927e-18,0.452044
7.167,1,1.49905,-4.37454e-16,0.451502
7.168,1,1.49905,2.76076e-16,0.45096
7.169,1,1.49905,5.49348e-16,0.450417
7.17,1,1.49905,1.39659e-16,0.449873
7.171,1,1.49905,-5.64044e-17,0.449329
7.172,1,1.49905,-3.65231e-17,0.448785
7.173,1,1.49905,-2.85314e-16,0.44824
7.174,1,1.49905,7.33448e-17,0.447695
7.175,1,1.49905,-9.1015e-17,0.447149
7.176,1,1.49905,1.53441e-16,0.446603
7.177,1,1.49905,1.26255e-16,0.446056
7.178,1,1.49905,-2.12507e-16,0.445509
7.179,1,1.49905,1.36978e-16,0.444962
7.18,1,1.49905,-1.02446e-17,0.444414
7.181,1,1.49905,-4.88376e-17,0.443865
7.182,1,1.49905,7.85797e-17,0.443316
7.183,1,1.49905,1.99064e-16,0.442767
7.184,1,1.49905,2.77725e-16,0.442217
7.185,1,1.49905,1.08321e-17,0.441667
7.186,1,1.49905,1.02267e-16,0.441117
7.187,1,1.49905,-5.48125e-17,0.440566
7.188,1,1.49905,-1.81786e-16,0.440014
7.189,1,1.49905,1.06362e-16,0.439462
7.19,1,1.49905,5.83251e-18,0.43891
7.191,1,1.49905,-6.57402e-17,0.438357
7.192,1,1.49905,1.48994e-17,0.437804
7.193,1,1.49905,9.80536e-17,0.43725
7.194,1,1.49905,-1.27013e-16,0.436696
7.195,1,1.49905,5.97524e-17,0.436141
7.196,1,1.49905,-1.24595e-17,0.435586
7.197,1,1.49905,-2.59294e-17,0.435031
7.198,1,1.49905,-3.49315e-17,0.434475
7.199,1,1.49905,-2.13858e-17,0.433919
7.2,1,1.49905,1.67801e-16,0.433362
7.201,1,1.49905,6.02099e-17,0.432805
7.202,1,1.49905,1.05459e-16,0.432248
7.203,1,1.49905,1.79522e-16,0.431689
7.204,1,1.49905,2.9095e-16,0.431131
7.205,1,1.49905,1.13484e-16,0.430572
7.206,1,1.49905,-1.78812e-17,0.430013
7.207,1,1.49905,1.03917e-16,0.429453
7.208,1,1.49905,2.84805e-16,0.428893
7.209,1,1.49905,1.09803e-16,0.428332
7.21,1,1.49905,1.1057e-16,0.427771
7.211,1,1.49905,1.77204e-16,0.42721
7.212,1,1.49905,-1.12258e-16,0.426648
7.213,1,1.49905,-3.23748e-18,0.426086
7.214,1,1.49905,-6.38601e-17,0.425523
7.215,1,1.49905,1.39053e-16,0.42496
7.216,1,1.49905,3.25308e-16,0.424396
7.217,1,1.49905,6.69293e-17,0.423832
7.218,1,1.49905,-1.8713e-16,0.423268
7.219,1,1.49905,2.08284e-16,0.422703
7.22,1,1.49905,-1.7618e-16,0.422138
7.221,1,1.49905,3.76601e-17,0.421572
7.222,1,1.49905,-3.89938e-16,0.421006
7.223,1,1.49905,-2.14745e-16,0.42044
7.224,1,1.49905,1.8614e-16,0.419873
7.225,1,1.49905,-2.64384e-16,0.419305
7.226,1,1.49905,-9.03115e-18,0.418737
7.227,1,1.49905,-4.63916e-17,0.418169
7.228,1,1.49905,-5.36589e-17,0.417601
7.229,1,1.49905,2.86425e-16,0.417032
7.23,1,1.49905,-2.04054e-16,0.416462
7.231,1,1.49905,1.85472e-16,0.415892
7.232,1,1.49905,1.49331e-16,0.415322
7.233,1,1.49905,1.62909e-16,0.414751
7.234,1,1.49905,-1.52937e-16,0.41418
7.235,1,1.49905,1.54463e-16,0.413609
7.236,1,1.49905,1.34251e-16,0.413037
7.237,1,1.49905,1.57831e-16,0.412464
7.238,1,1.49905,1.90347e-17,0.411892
7.239,1,1.49905,-3.50646e-17,0.411319
7.24,1,1.49905,-3.87826e-16,0.410745
7.241,1,1.49905,-9.17192e-18,0.410171
7.242,1,1.49905,-8.67809e-17,0.409597
7.243,1,1.49905,-2.5202e-16,0.409022
7.244,1,1.49905,-1.85851e-16,0.408447
7.245,1,1.49905,-3.00071e-16,0.407871
7.246,1,1.49905,-1.6535e-16,0.407295
7.247,1,1.49905,2.40964e-16,0.406718
7.248,1,1.49905,9.60002e-17,0.406142
7.249,1,1.49905,-1.51994e-16,0.405564
7.25,1,1.49905,5.78556e-17,0.404987
7.251,1,1.49905,-2.62089e-16,0.404409
7.252,1,1.49905,2.39844e-16,0.40383
7.253,1,1.49905,-2.84056e-16,0.403251
7.254,1,1.49905,3.12634e-16,0.402672
7.255,1,1.49905,-1.40488e-16,0.402092
7.256,1,1.49905,9.33089e-17,0.401512
7.257,1,1.49905,2.16502e-16,0.400932
7.258,1,1.49905,-1.52578e-17,0.400351
7.259,1,1.49905,-4.52067e-17,0.39977
7.26,1,1.49905,-4.34253e-16,0.399188
7.261,1,1.49905,-1.12022e-16,0.398606
7.262,1,1.49905,-1.25114e-16,0.398024
7.263,1,1.49905,5.78669e-17,0.397441
7.264,1,1.49905,3.48478e-16,0.396857
7.265,1,1.49905,1.8045e-16,0.396274
7.266,1,1.49905,1.6928e-16,0.39569
7.267,1,1.49905,3.89894e-17,0.395105
7.268,1,1.49905,-4.40822e-16,0.39452
7.269,1,1.49905,-5.27653e-17,0.393935
7.27,1,1.49905,1.05628e-16,0.39335
7.271,1,1.49905,5.55464e-17,0.392764
7.272,1,1.49905,1.21953e-16,0.392177
7.273,1,1.49905,6.79169e-17,0.39159
7.274,1,1.49905,-7.02421e-17,0.391003
7.275,1,1.49905,4.77052e-17,0.390416
7.276,1,1.49905,-2.42212e-16,0.389828
7.277,1,1.49905,-7.0856e-17,0.389239
7.278,1,1.49905,7.91511e-17,0.38865
7.279,1,1.49905,-2.59957e-17,0.388061
7.28,1,1.49905,1.37862e-16,0.387472
7.281,1,1.49905,2.47769e-16,0.386882
7.282,1,1.49905,3.81775e-17,0.386292
7.283,1,1.49905,-5.94072e-17,0.385701
7.284,1,1.49905,-4.49138e-17,0.38511
7.285,1,1.49905,-3.03839e-16,0.384518
7.286,1,1.49905,2.34884e-17,0.383927
7.287,1,1.49905,-2.49516e-16,0.383334
7.288,1,1.49905,-1.81154e-16,0.382742
7.289,1,1.49905,2.96723e-16,0.382149
7.29,1,1.49905,1.82072e-16,0.381555
7.291,1,1.49905,-1.30315e-16,0.380962
7.292,1,1.49905,5.00193e-17,0.380367
7.293,1,1.49905,-2.57714e-16,0.379773
7.294,1,1.49905,3.93696e-16,0.379178
7.295,1,1.49905,1.97586e-17,0.378583
7.296,1,1.49905,-9.24723e-17,0.377987
7.297,1,1.49905,-5.89103e-17,0.377391
7.298,1,1.49905,-3.97209e-17,0.376795
7.299,1,1.49905,-1.20695e-16,0.376198
7.3,1,1.49905,6.77457e-17,0.375601
7.301,1,1.49905,-8.51058e-17,0.375003
7.302,1,1.49905,3.16472e-16,0.374405
7.303,1,1.49905,-1.77995e-16,0.373807
7.304,1,1.49905,-3.95769e-17,0.373209
7.305,1,1.49905,1.5991e-16,0.372609
7.306,1,1.49905,-3.77393e-16,0.37201
7.307,1,1.49905,-5.76499e-17,0.37141
7.308,1,1.49905,-2.0297e-16,0.37081
7.309,1,1.49905,4.18559e-16,0.37021
7.31,1,1.49905,-1.48176e-16,0.369609
7.311,1,1.49905,8.92034e-17,0.369008
7.312,1,1.49905,-1.0398e-16,0.368406
7.313,1,1.49905,4.68661e-17,0.367804
7.314,1,1.49905,-3.0406e-16,0.367202
7.315,1,1.49905,1.06501e-16,0.366599
7.316,1,1.49905,-2.13283e-17,0.365996
7.317,1,1.49905,-1.79384e-16,0.365392
7.318,1,1.49905,4.23547e-16,0.364789
7.319,1,1.49905,2.91191e-16,0.364184
7.32,1,1.49905,2.26103e-17,0.36358
7.321,1,1.49905,-3.44246e-16,0.362975
7.322,1,1.49905,1.79532e-17,0.36237
7.323,1,1.49905,1.79964e-17,0.361764
7.324,1,1.49905,2.99751e-16,0.361158
7.325,1,1.49905,-2.45333e-16,0.360552
7.326,1,1.49905,3.23126e-16,0.359945
7.327,1,1.49905,-6.38746e-17,0.359338
7.328,1,1.49905,-4.46859e-17,0.358731
7.329,1,1.49905,6.37938e-17,0.358123
7.33,1,1.49905,-2.39498e-16,0.357515
7.331,1,1.49905,6.861e-17,0.356906
7.332,1,1.49905,2.34773e-16,0.356297
7.333,1,1.49905,-3.35834e-16,0.355688
7.334,1,1.49905,-3.1777e-16,0.355079
7.335,1,1.49905,2.52818e-16,0.354469
7.336,1,1.49905,-4.18089e-17,0.353858
7.337,1,1.49905,1.25062e-16,0.353248
7.338,1,1.49905,4.22147e-16,0.352637
7.339,1,1.49905,4.02206e-16,0.352026
7.34,1,1.49905,-1.23221e-16,0.351414
7.341,1,1.49905,4.05314e-16,0.350802
7.342,1,1.49905,1.08614e-16,0.35019
7.343,1,1.49905,-2.34927e-16,0.349577
7.344,1,1.49905,-3.18408e-16,0.348964
7.345,1,1.49905,3.06408e-16,0.34835
7.346,1,1.49905,1.15013e-18,0.347737
7.347,1,1.49905,2.16212e-16,0.347122
7.348,1,1.49905,4.07236e-16,0.346508
7.349,1,1.49905,-8.8071e-18,0.345893
7.35,1,1.49905,1.71405e-16,0.345278
7.351,1,1.49905,1.13405e-16,0.344662
7.352,1,1.49905,-1.9442e-16,0.344047
7.353,1,1.49905,-1.1235e-16,0.34343
7.354,1,1.49905,-2.71674e-16,0.342814
7.355,1,1.49905,-2.5946e-16,0.342197
7.356,1,1.49905,-1.79811e-17,0.34158
7.357,1,1.49905,-4.84694e-16,0.340962
7.358,1,1.49905,9.71961e-17,0.340344
7.359,1,1.49905,-1.00053e-17,0.339726
7.36,1,1.49905,8.06981e-17,0.339108
7.361,1,1.49905,2.11629e-16,0.338489
7.362,1,1.49905,-2.03701e-16,0.337869
7.363,1,1.49905,1.63318e-16,0.33725
7.364,1,1.49905,6.74902e-17,0.33663
7.365,1,1.49905,-3.26959e-16,0.33601
7.366,1,1.49905,1.20086e-16,0.335389
7.367,1,1.49905,-7.98607e-17,0.334768
7.368,1,1.49905,3.69443e-17,0.334147
7.369,1,1.49905,-3.23755e-16,0.333525
7.37,1,1.49905,-3.59447e-16,0.332903
7.371,1,1.49905,-3.92242e-17,0.332281
7.372,1,1.49905,-1.47814e-16,0.331658
7.373,1,1.49905,-1.68438e-16,0.331036
7.374,1,1.49905,3.98564e-17,0.330412
7.375,1,1.49905,-3.88204e-18,0.329789
7.376,1,1.49905,-8.29653e-18,0.329165
7.377,1,1.49905,-4.29087e-17,0.328541
7.378,1,1.49905,-3.87952e-17,0.327916
7.379,1,1.49905,-5.60529e-17,0.327291
7.38,1,1.49905,1.04327e-17,0.326666
7.381,1,1.49905,2.85426e-17,0.32604
7.382,1,1.49905,-1.97014e-16,0.325414
7.383,1,1.49905,2.84466e-16,0.324788
7.384,1,1.49905,1.43094e-16,0.324162
7.385,1,1.49905,-2.12477e-17,0.323535
7.386,1,1.49905,-5.05401e-16,0.322908
7.387,1,1.49905,-5.31611e-16,0.32228
7.388,1,1.49905,-6.46559e-17,0.321652
7.389,1,1.49905,2.51312e-16,0.321024
7.39,1,1.49905,-1.24997e-16,0.320396
7.391,1,1.49905,1.30417e-16,0.319767
7.392,1,1.49905,-3.57028e-16,0.319138
7.393,1,1.49905,3.00878e-16,0.318508
7.394,1,1.49905,-2.21812e-16,0.317879
7.395,1,1.49905,-2.77498e-16,0.317249
7.396,1,1.49905,-4.22939e-16,0.316618
7.397,1,1.49905,3.27547e-16,0.315988
7.398,1,1.49905,5.20701e-18,0.315357
7.399,1,1.49905,-3.52911e-16,0.314725
7.4,1,1.49905,-6.12024e-17,0.314094
7.401,1,1.49905,-7.18347e-17,0.313462
7.402,1,1.49905,6.59074e-17,0.312829
7.403,1,1.49905,2.9448e-16,0.312197
7.404,1,1.49905,-3.57087e-17,0.311564
7.405,1,1.49905,-2.75778e-16,0.310931
7.406,1,1.49905,-2.1606e-16,0.310297
7.407,1,1.49905,-3.97983e-17,0.309664
7.408,1,1.49905,-4.54621e-17,0.309029
7.409,1,1.49905,-2.33649e-16,0.308395
7.41,1,1.49905,-2.73703e-16,0.30776
7.411,1,1.49905,-2.33988e-16,0.307125
7.412,1,1.49905,7.03418e-17,0.30649
7.413,1,1.49905,-1.69962e-17,0.305854
7.414,1,1.49905,1.28886e-16,0.305218
7.415,1,1.49905,4.37828e-17,0.304582
7.416,1,1.49905,1.32659e-16,0.303945
7.417,1,1.49905,-1.34942e-16,0.303309
7.418,1,1.49905,5.87727e-17,0.302671
7.419,1,1.49905,7.98324e-17,0.302034
7.42,1,1.49905,7.47212e-17,0.301396
7.421,1,1.49905,-2.73412e-16,0.300758
7.422,1,1.49905,1.3335e-16,0.30012
7.423,1,1.49905,-5.27413e-16,0.299481
7.424,1,1.49905,1.38311e-16,0.298842
7.425,1,1.49905,-2.08785e-16,0.298203
7.426,1,1.49905,6.21518e-17,0.297563
7.427,1,1.49905,-2.52737e-17,0.296923
7.428,1,1.49905,-1.05149e-16,0.296283
7.429,1,1.49905,-4.88486e-17,0.295643
7.43,1,1.49905,2.79296e-16,0.295002
7.431,1,1.49905,-1.92715e-16,0.294361
7.432,1,1.49905,-2.04266e-16,0.29372
7.433,1,1.49905,-2.39451e-16,0.293078
7.434,1,1.49905,1.71567e-16,0.292436
7.435,1,1.49905,-1.99001e-16,0.291794
7.436,1,1.49905,-7.23095e-17,0.291151
7.437,1,1.49905,-3.88172e-17,0.290508
7.438,1,1.49905,-3.61581e-16,0.289865
7.439,1,1.49905,-1.88979e-16,0.289222
7.44,1,1.49905,-4.36407e-16,0.288578
7.441,1,1.49905,-4.18481e-16,0.287934
7.442,1,1.49905,-2.32243e-16,0.28729
7.443,1,1.49905,-2.06208e-16,0.286646
7.444,1,1.49905,-4.22937e-17,0.286001
7.445,1,1.49905,-1.30447e-16,0.285356
7.446,1,1.49905,-2.38322e-16,0.28471
7.447,1,1.49905,-2.16301e-16,0.284065
7.448,1,1.49905,-1.58335e-16,0.283419
7.449,1,1.49905,-1.39806e-16,0.282772
7.45,1,1.49905,-1.52713e-16,0.282126
7.451,1,1.49905,-1.67295e-16,0.281479
7.452,1,1.49905,3.39274e-16,0.280832
7.453,1,1.49905,-2.60865e-16,0.280185
7.454,1,1.49905,-1.56182e-16,0.279537
7.455,1,1.49905,-9.96728e-17,0.278889
7.456,1,1.49905,1.91335e-16,0.278241
7.457,1,1.49905,2.92697e-17,0.277592
7.458,1,1.49905,1.24718e-16,0.276944
7.459,1,1.49905,-3.2712e-16,0.276295
7.46,1,1.49905,-1.33239e-16,0.275645
7.461,1,1.49905,7.74658e-17,0.274996
7.462,1,1.49905,-4.38364e-16,0.274346
7.463,1,1.49905,-8.5579e-17,0.273696
7.464,1,1.49905,2.33483e-16,0.273045
7.465,1,1.49905,2.93961e-17,0.272395
7.466,1,1.49905,1.61711e-18,0.271744
7.467,1,1.49905,-6.76188e-17,0.271092
7.468,1,1.49905,-2.81628e-16,0.270441
7.469,1,1.49905,7.38244e-17,0.269789
7.47,1,1.49905,-1.96375e-16,0.269137
7.471,1,1.49905,-4.24716e-17,0.268485
7.472,1,1.49905,-3.35296e-16,0.267832
7.473,1,1.49905,-4.38503e-16,0.267179
7.474,1,1.49905,4.04032e-17,0.266526
7.475,1,1.49905,2.22281e-16,0.265873
7.476,1,1.49905,-1.93787e-17,0.265219
7.477,1,1.49905,-3.9338e-16,0.264565
7.478,1,1.49905,-2.56963e-16,0.263911
7.479,1,1.49905,-1.27836e-16,0.263257
7.48,1,1.49905,7.61365e-17,0.262602
7.481,1,1.49905,1.37081e-16,0.261947
7.482,1,1.49905,-9.26196e-17,0.261292
7.483,1,1.49905,2.95825e-17,0.260636
7.484,1,1.49905,-4.08135e-17,0.259981
7.485,1,1.49905,-4.81795e-16,0.259325
7.486,1,1.49905,3.05347e-16,0.258668
7.487,1,1.49905,-3.95436e-16,0.258012
7.488,1,1.49905,-2.60923e-16,0.257355
7.489,1,1.49905,-2.29507e-16,0.256698
7.49,1,1.49905,-5.69141e-17,0.256041
7.491,1,1.49905,-3.08401e-16,0.255383
7.492,1,1.49905,-8.67658e-17,0.254726
7.493,1,1.49905,-1.14944e-16,0.254068
7.494,1,1.49905,-3.09034e-16,0.253409
7.495,1,1.49905,-1.98161e-16,0.252751
7.496,1,1.49905,-7.95593e-16,0.252092
7.497,1,1.49905,5.57499e-17,0.251433
7.498,1,1.49905,3.25548e-16,0.250774
7.499,1,1.49905,2.95728e-16,0.250114
7.5,1,1.49905,-4.6109e-16,0.249454
7.501,1,1.49905,-1.37401e-17,0.248794
7.502,1,1.49905,-1.5603e-16,0.248134
7.503,1,1.49905,-8.49775e-17,0.247473
7.504,1,1.49905,-1.42955e-16,0.246812
7.505,1,1.49905,8.94487e-17,0.246151
7.506,1,1.49905,-1.23083e-16,0.24549
7.507,1,1.49905,-1.06522e-16,0.244829
7.508,1,1.49905,-3.96026e-17,0.244167
7.509,1,1.49905,2.59937e-16,0.243505
7.51,1,1.49905,-4.8049e-16,0.242843
7.511,1,1.49905,-2.96319e-16,0.24218
7.512,1,1.49905,5.36482e-16,0.241517
7.513,1,1.49905,-2.32601e-16,0.240854
7.514,1,1.49905,-5.9514e-17,0.240191
7.515,1,1.49905,2.0611e-17,0.239528
7.516,1,1.49905,-4.5742e-17,0.238864
7.517,1,1.49905,-2.13939e-16,0.2382
7.518,1,1.49905,2.50677e-17,0.237536
7.519,1,1.49905,2.87488e-16,0.236871
7.52,1,1.49905,-2.57556e-17,0.236207
7.521,1,1.49905,1.11181e-16,0.235542
7.522,1,1.49905,2.01339e-16,0.234877
7.523,1,1.49905,-2.63138e-16,0.234211
7.524,1,1.49905,-1.86738e-16,0.233546
7.525,1,1.49905,-1.41303e-16,0.23288
7.526,1,1.49905,1.54049e-16,0.232214
7.527,1,1.49905,1.53442e-16,0.231547
7.528,1,1.49905,-3.44483e-16,0.230881
7.529,1,1.49905,-3.10136e-17,0.230214
7.53,1,1.49905,-8.25905e-17,0.229547
7.531,1,1.49905,-5.43534e-16,0.22888
7.532,1,1.49905,-2.86517e-16,0.228212
7.533,1,1.49905,-2.48556e-16,0.227545
7.534,1,1.49905,-4.4129e-17,0.226877
7.535,1,1.49905,-4.94427e-18,0.226209
7.536,1,1.49905,-1.3941e-16,0.22554
7.537,1,1.49905,-1.61335e-16,0.224872
7.538,1,1.49905,-3.17387e-17,0.224203
7.539,1,1.49905,-1.24591e-16,0.223534
7.54,1,1.49905,-5.11569e-17,0.222865
7.541,1,1.49905,1.73489e-17,0.222195
7.542,1,1.49905,-8.4473e-17,0.221526
7.543,1,1.49905,-4.65274e-16,0.220856
7.544,1,1.49905,-2.73363e-17,0.220186
7.545,1,1.49905,-3.33062e-16,0.219515
7.546,1,1.49905,1.73656e-17,0.218845
7.547,1,1.49905,9.23275e-18,0.218174
7.548,1,1.49905,-2.40526e-16,0.217503
7.549,1,1.49905,-3.29008e-17,0.216832
7.55,1,1.49905,-2.30914e-16,0.21616
7.551,1,1.49905,9.352e-17,0.215488
7.552,1,1.49905,-7.83019e-17,0.214817
7.553,1,1.49905,-1.23298e-16,0.214145
7.554,1,1.49905,-2.34858e-16,0.213472
7.555,1,1.49905,1.49491e-16,0.2128
7.556,1,1.49905,-1.26262e-16,0.212127
7.557,1,1.49905,-6.72455e-17,0.211454
7.558,1,1.49905,-1.38939e-16,0.210781
7.559,1,1.49905,-1.27151e-16,0.210108
7.56,1,1.49905,-8.07408e-17,0.209434
7.561,1,1.49905,1.10822e-16,0.20876
7.562,1,1.49905,-2.39055e-16,0.208086
7.563,1,1.49905,-2.42022e-16,0.207412
7.564,1,1.49905,-4.20967e-17,0.206738
7.565,1,1.49905,2.93444e-17,0.206063
7.566,1,1.49905,-1.85332e-17,0.205388
7.567,1,1.49905,-2.43246e-16,0.204713
7.568,1,1.49905,-1.49476e-16,0.204038
7.569,1,1.49905,2.35019e-17,0.203362
7.57,1,1.49905,-1.94023e-16,0.202687
7.571,1,1.49905,-1.77384e-17,0.202011
7.572,1,1.49905,-2.53943e-16,0.201335
7.573,1,1.49905,3.8011e-17,0.200659
7.574,1,1.49905,-4.96287e-17,0.199982
7.575,1,1.49905,-1.47242e-16,0.199306
7.576,1,1.49905,4.12555e-16,0.198629
7.577,1,1.49905,1.36371e-17,0.197952
7.578,1,1.49905,-2.6216e-16,0.197275
7.579,1,1.49905,-8.25142e-17,0.196597
7.58,1,1.49905,-1.16295e-16,0.19592
7.581,1,1.49905,1.14421e-16,0.195242
7.582,1,1.49905,-1.83437e-16,0.194564
7.583,1,1.49905,8.08051e-17,0.193885
7.584,1,1.49905,3.79569e-17,0.193207
7.585,1,1.49905,-3.11406e-16,0.192528
7.586,1,1.49905,2.37001e-16,0.19185
7.587,1,1.49905,-1.22492e-16,0.191171
7.588,1,1.49905,3.00794e-17,0.190492
7.589,1,1.49905,-2.08036e-16,0.189812
7.59,1,1.49905,-3.31142e-16,0.189133
7.591,1,1.49905,-1.26675e-16,0.188453
7.592,1,1.49905,-1.06836e-16,0.187773
7.593,1,1.49905,1.19855e-16,0.187093
7.594,1,1.49905,-4.63965e-17,0.186413
7.595,1,1.49905,-5.2693e-16,0.185732
7.596,1,1.49905,-1.53911e-16,0.185051
7.597,1,1.49905,-4.61276e-16,0.184371
7.598,1,1.49905,2.26203e-16,0.18369
7.599,1,1.49905,-1.38864e-16,0.183008
7.6,1,1.49905,-5.78903e-16,0.182327
7.601,1,1.49905,2.39645e-16,0.181645
7.602,1,1.49905,-7.53094e-17,0.180964
7.603,1,1.49905,-3.16482e-16,0.180282
7.604,1,1.49905,-1.21014e-16,0.179599
7.605,1,1.49905,9.29221e-17,0.178917
7.606,1,1.49905,-3.19744e-16,0.178235
7.607,1,1.49905,-9.30832e-17,0.177552
7.608,1,1.49905,1.01905e-16,0.176869
7.609,1,1.49905,-3.51832e-17,0.176186
7.61,1,1.49905,4.82856e-17,0.175503
7.611,1,1.49905,-1.10475e-16,0.17482
7.612,1,1.49905,-8.43415e-17,0.174136
7.613,1,1.49905,-3.70941e-16,0.173452
7.614,1,1.49905,-4.20558e-17,0.172768
7.615,1,1.49905,-2.27534e-16,0.172084
7.616,1,1.49905,-2.42385e-16,0.1714
7.617,1,1.49905,1.19796e-16,0.170716
7.618,1,1.49905,-2.77376e-17,0.170031
7.619,1,1.49905,-2.03871e-17,0.169346
7.62,1,1.49905,-1.30465e-16,0.168661
7.621,1,1.49905,-1.16431e-17,0.167976
7.622,1,1.49905,-1.02827e-18,0.167291
7.623,1,1.49905,1.35292e-16,0.166606
7.624,1,1.49905,-3.21062e-17,0.16592
7.625,1,1.49905,-2.26478e-16,0.165234
7.626,1,1.49905,1.18694e-16,0.164548
7.627,1,1.49905,-1.16374e-16,0.163862
7.628,1,1.49905,-1.10697e-16,0.163176
7.629,1,1.49905,-2.87103e-16,0.16249
7.63,1,1.49905,-1.27608e-18,0.161803
7.631,1,1.49905,-4.5096e-16,0.161116
7.632,1,1.49905,-4.28419e-16,0.16043
7.633,1,1.49905,-2.08795e-16,0.159742
7.634,1,1.49905,-2.31233e-16,0.159055
7.635,1,1.49905,-1.62951e-16,0.158368
7.636,1,1.49905,-8.96926e-19,0.15768
7.637,1,1.49905,2.28496e-16,0.156993
7.638,1,1.49905,1.60414e-16,0.156305
7.639,1,1.49905,-2.75379e-16,0.155617
7.64,1,1.49905,-3.16604e-16,0.154929
7.641,1,1.49905,-4.3452e-16,0.15424
7.642,1,1.49905,-8.72196e-17,0.153552
7.643,1,1.49905,-1.29566e-16,0.152863
7.644,1,1.49905,-1.3082e-16,0.152175
7.645,1,1.49905,-1.31718e-16,0.151486
7.646,1,1.49905,-2.26862e-16,0.150797
7.647,1,1.49905,-3.22529e-16,0.150107
7.648,1,1.49905,-5.52449e-17,0.149418
7.649,1,1.49905,-1.30707e-16,0.148728
7.65,1,1.49905,-1.23016e-16,0.148039
7.651,1,1.49905,9.36607e-17,0.147349
7.652,1,1.49905,1.89857e-17,0.146659
7.653,1,1.49905,-1.94539e-16,0.145969
7.654,1,1.49905,9.04498e-17,0.145279
7.655,1,1.49905,-5.2818e-17,0.144588
7.656,1,1.49905,-2.9928e-16,0.143898
7.657,1,1.49905,-5.72089e-17,0.143207
7.658,1,1.49905,-8.59882e-17,0.142516
7.659,1,1.49905,2.56794e-18,0.141825
7.66,1,1.49905,-5.55629e-17,0.141134
7.661,1,1.49905,9.47055e-17,0.140443
7.662,1,1.49905,7.46358e-17,0.139751
7.663,1,1.49905,3.27164e-17,0.13906
7.664,1,1.49905,8.07806e-17,0.138368
7.665,1,1.49905,2.48633e-16,0.137676
7.666,1,1.49905,-7.60211e-17,0.136984
7.667,1,1.49905,-5.23842e-17,0.136292
7.668,1,1.49905,-5.4564e-16,0.1356
7.669,1,1.49905,-1.80049e-16,0.134908
7.67,1,1.49905,1.07978e-16,0.134215
7.671,1,1.49905,-1.74087e-16,0.133523
7.672,1,1.49905,-3.30549e-16,0.13283
7.673,1,1.49905,2.2184e-16,0.132137
7.674,1,1.49905,-4.95031e-16,0.131444
7.675,1,1.49905,-8.84027e-17,0.130751
7.676,1,1.49905,-1.80553e-16,0.130058
7.677,1,1.49905,-2.01753e-16,0.129364
7.678,1,1.49905,-2.64221e-16,0.128671
7.679,1,1.49905,-1.64088e-16,0.127977
7.68,1,1.49905,-1.38521e-16,0.127283
7.681,1,1.49905,6.35534e-17,0.126589
7.682,1,1.49905,-2.14564e-16,0.125895
7.683,1,1.49905,1.09854e-17,0.125201
7.684,1,1.49905,-3.88006e-16,0.124507
7.685,1,1.49905,-5.12268e-16,0.123812
7.686,1,1.49905,-1.44044e-16,0.123118
7.687,1,1.49905,-6.80745e-17,0.122423
7.688,1,1.49905,-1.90021e-16,0.121728
7.689,1,1.49905,-1.0147e-17,0.121033
7.69,1,1.49905,1.93838e-16,0.120338
7.691,1,1.49905,-1.94737e-16,0.119643
7.692,1,1.49905,-2.47725e-16,0.118948
7.693,1,1.49905,-5.57398e-17,0.118252
7.694,1,1.49905,-1.37543e-17,0.117557
7.695,1,1.49905,3.02858e-17,0.116861
7.696,1,1.49905,-4.68898e-16,0.116165
7.697,1,1.49905,-1.32457e-16,0.11547
7.698,1,1.49905,1.0625e-16,0.114774
7.699,1,1.49905,7.73117e-17,0.114077
7.7,1,1.49905,-1.18262e-16,0.113381
7.701,1,1.49905,2.38657e-17,0.112685
7.702,1,1.49905,-2.09313e-16,0.111989
7.703,1,1.49905,-2.27825e-16,0.111292
7.704,1,1.49905,-2.91899e-16,0.110595
7.705,1,1.49905,-3.96197e-17,0.109899
7.706,1,1.49905,-5.11496e-16,0.109202
7.707,1,1.49905,-8.36339e-17,0.108505
7.708,1,1.49905,-2.0336e-16,0.107808
7.709,1,1.49905,-1.12948e-16,0.10711
7.71,1,1.49905,-7.26529e-17,0.106413
7.711,1,1.49905,-3.22032e-16,0.105716
7.712,1,1.49905,-3.80563e-16,0.105018
7.713,1,1.49905,-1.04311e-16,0.104321
7.714,1,1.49905,-5.79539e-16,0.103623
7.715,1,1.49905,9.88574e-17,0.102925
7.716,1,1.49905,-3.39886e-16,0.102227
7.717,1,1.49905,-6.24946e-16,0.101529
7.718,1,1.49905,-1.60038e-16,0.100831
7.719,1,1.49905,-2.27589e-16,0.100133
7.72,1,1.49905,-6.69232e-17,0.0994342
7.721,1,1.49905,5.39354e-17,0.0987358
7.722,1,1.49905,-4.26688e-16,0.0980373
7.723,1,1.49905,-8.17105e-17,0.0973386
7.724,1,1.49905,3.66685e-18,0.0966399
7.725,1,1.49905,8.95047e-17,0.0959411
7.726,1,1.49905,-1.22498e-16,0.0952421
7.727,1,1.49905,-2.02537e-16,0.0945431
7.728,1,1.49905,-3.29581e-16,0.093844
7.729,1,1.49905,2.43177e-17,0.0931448
7.73,1,1.49905,-1.74617e-16,0.0924455
7.731,1,1.49905,-2.36822e-16,0.0917461
7.732,1,1.49905,-4.86014e-17,0.0910466
7.733,1,1.49905,-2.99965e-16,0.090347
7.734,1,1.49905,-3.33002e-16,0.0896474
7.735,1,1.49905,-2.76437e-17,0.0889476
7.736,1,1.49905,-6.20285e-16,0.0882478
7.737,1,1.49905,-1.63389e-16,0.0875478
7.738,1,1.49905,-1.65425e-16,0.0868478
7.739,1,1.49905,-4.88782e-16,0.0861477
7.74,1,1.49905,1.60889e-16,0.0854475
7.741,1,1.49905,-1.92459e-16,0.0847472
7.742,1,1.49905,-7.73981e-17,0.0840469
7.743,1,1.49905,-2.29438e-16,0.0833464
7.744,1,1.49905,-3.3338e-16,0.0826459
7.745,1,1.49905,-2.4983e-16,0.0819453
7.746,1,1.49905,1.83868e-16,0.0812446
7.747,1,1.49905,-5.02929e-17,0.0805438
7.748,1,1.49905,-3.58149e-17,0.0798429
7.749,1,1.49905,1.55159e-16,0.079142
7.75,1,1.49905,-5.26267e-16,0.078441
7.751,1,1.49905,-4.46854e-16,0.0777399
7.752,1,1.49905,-2.29656e-16,0.0770387
7.753,1,1.49905,-2.96765e-16,0.0763375
7.754,1,1.49905,-4.1001e-16,0.0756361
7.755,1,1.49905,-1.56637e-16,0.0749347
7.756,1,1.49905,-6.2374e-16,0.0742333
7.757,1,1.49905,2.15514e-17,0.0735317
7.758,1,1.49905,-7.69516e-17,0.0728301
7.759,1,1.49905,-5.07477e-16,0.0721284
7.76,1,1.49905,-4.70668e-16,0.0714266
7.761,1,1.49905,-9.06592e-17,0.0707248
7.762,1,1.49905,-2.84219e-16,0.0700229
7.763,1,1.49905,-3.72891e-17,0.0693209
7.764,1,1.49905,-1.61707e-16,0.0686189
7.765,1,1.49905,-1.98174e-16,0.0679167
7.766,1,1.49905,-2.24649e-16,0.0672146
7.767,1,1.49905,-2.15144e-16,0.0665123
7.768,1,1.49905,-4.04066e-17,0.06581
7.769,1,1.49905,-2.35317e-16,0.0651076
7.77,1,1.49905,-2.92696e-16,0.0644052
7.771,1,1.49905,1.34324e-16,0.0637026
7.772,1,1.49905,-3.28225e-16,0.0630001
7.773,1,1.49905,-6.25345e-17,0.0622974
7.774,1,1.49905,9.27097e-17,0.0615947
7.775,1,1.49905,-4.85046e-16,0.060892
7.776,1,1.49905,2.57355e-16,0.0601891
7.777,1,1.49905,3.13204e-16,0.0594863
7.778,1,1.49905,-7.08494e-17,0.0587833
7.779,1,1.49905,-2.65951e-16,0.0580803
7.78,1,1.49905,1.85495e-16,0.0573773
7.781,1,1.49905,-2.00816e-16,0.0566741
7.782,1,1.49905,-2.57168e-16,0.055971
7.783,1,1.49905,-4.20517e-16,0.0552677
7.784,1,1.49905,-2.5684e-16,0.0545645
7.785,1,1.49905,-3.09831e-16,0.0538611
7.786,1,1.49905,-3.78855e-16,0.0531577
7.787,1,1.49905,-9.53712e-20,0.0524543
7.788,1,1.49905,-2.22884e-17,0.0517508
7.789,1,1.49905,-1.74899e-16,0.0510472
7.79,1,1.49905,-2.44835e-16,0.0503436
7.791,1,1.49905,-2.84279e-16,0.04964
7.792,1,1.49905,-2.79446e-16,0.0489363
7.793,1,1.49905,-2.43922e-16,0.0482325
7.794,1,1.49905,4.84314e-17,0.0475287
7.795,1,1.49905,-2.49724e-16,0.0468249
7.796,1,1.49905,-1.9929e-16,0.046121
7.797,1,1.49905,-2.77576e-16,0.0454171
7.798,1,1.49905,-3.10261e-16,0.0447131
7.799,1,1.49905,-4.40268e-16,0.0440091
7.8,1,1.49905,-3.05038e-16,0.043305
7.801,1,1.49905,-1.5484e-16,0.0426009
7.802,1,1.49905,4.06593e-17,0.0418967
7.803,1,1.49905,-2.00012e-17,0.0411925
7.804,1,1.49905,-2.74436e-16,0.0404883
7.805,1,1.49905,-3.44719e-16,0.039784
7.806,1,1.49905,2.70439e-17,0.0390797
7.807,1,1.49905,6.88982e-17,0.0383753
7.808,1,1.49905,-3.58623e-16,0.0376709
7.809,1,1.49905,-7.39752e-18,0.0369665
7.81,1,1.49905,-7.11363e-17,0.036262
7.811,1,1.49905,-5.05246e-16,0.0355575
7.812,1,1.49905,-9.61092e-17,0.034853
7.813,1,1.49905,-4.67737e-16,0.0341484
7.814,1,1.49905,7.07267e-17,0.0334438
7.815,1,1.49905,-1.68094e-16,0.0327391
7.816,1,1.49905,-4.43827e-16,0.0320344
7.817,1,1.49905,-1.79917e-17,0.0313297
7.818,1,1.49905,-4.7842e-16,0.030625
7.819,1,1.49905,-1.57116e-16,0.0299202
7.82,1,1.49905,-3.82857e-16,0.0292154
7.821,1,1.49905,-2.06404e-16,0.0285106
7.822,1,1.49905,-4.68865e-16,0.0278057
7.823,1,1.49905,1.8502e-16,0.0271008
7.824,1,1.49905,-2.30782e-16,0.0263959
7.825,1,1.49905,-4.95309e-16,0.025691
7.826,1,1.49905,-4.52072e-16,0.024986
7.827,1,1.49905,-1.43891e-16,0.024281
7.828,1,1.49905,-1.85404e-16,0.023576
7.829,1,1.49905,-1.25795e-16,0.022871
7.83,1,1.49905,-7.96404e-18,0.0221659
7.831,1,1.49905,-2.91867e-16,0.0214608
7.832,1,1.49905,2.02125e-17,0.0207557
7.833,1,1.49905,6.78448e-18,0.0200506
7.834,1,1.49905,-2.98428e-16,0.0193454
7.835,1,1.49905,-2.56496e-16,0.0186403
7.836,1,1.49905,-1.20828e-16,0.0179351
7.837,1,1.49905,-5.88989e-17,0.0172299
7.838,1,1.49905,-1.43994e-16,0.0165247
7.839,1,1.49905,-3.29005e-17,0.0158194
7.84,1,1.49905,-3.30481e-16,0.0151142
7.841,1,1.49905,-3.27408e-16,0.0144089
7.842,1,1.49905,-4.85342e-16,0.0137036
7.843,1,1.49905,-1.20798e-16,0.0129983
7.844,1,1.49905,-3.82253e-17,0.012293
7.845,1,1.49905,-5.09133e-16,0.0115877
7.846,1,1.49905,-3.33941e-16,0.0108824
7.847,1,1.49905,-1.28422e-16,0.010177
7.848,1,1.49905,-2.05391e-16,0.00947168
7.849,1,1.49905,-3.18582e-16,0.00876632
7.85,1,1.49905,-2.70385e-16,0.00806095
7.851,1,1.49905,-4.1576e-16,0.00735557
7.852,1,1.49905,-5.02412e-16,0.00665018
7.853,1,1.49905,-1.84004e-16,0.00594479
7.854,1,1.49905,-3.87025e-16,0.00523939
7.855,1,1.49905,-8.64812e-17,0.00453398
7.856,1,1.49905,-3.50894e-16,0.00382858
7.857,1,1.49905,9.6739e-17,0.00312316
7.858,1,1.49905,1.39277e-18,0.00241775
7.859,1,1.49905,-2.48541e-16,0.00171233
7.86,1,1.49905,-3.189e-16,0.00100691
7.861,1,1.49905,-9.48929e-17,0.000301489
7.862,1,1.49905,-8.50575e-17,-0.000403932
7.863,1,1.49905,-2.54362e-16,-0.00110935
7.864,1,1.49905,3.9658e-17,-0.00181477
7.865,1,1.49905,-9.96772e-17,-0.00252019
7.866,1,1.49905,-1.09551e-16,-0.00322561
7.867,1,1.49905,1.90089e-16,-0.00393102
7.868,1,1.49905,-3.10266e-16,-0.00463643
7.869,1,1.49905,-4.96002e-16,-0.00534183
7.87,1,1.49905,-2.04848e-16,-0.00604723
7.871,1,1.49905,-8.93281e-17,-0.00675262
7.872,1,1.49905,2.06855e-16,-0.007458
7.873,1,1.49905,1.66189e-16,-0.00816338
7.874,1,1.49905,1.10037e-17,-0.00886875
7.875,1,1.49905,-1.84763e-16,-0.00957411
7.876,1,1.49905,2.57901e-16,-0.0102795
7.877,1,1.49905,6.40317e-17,-0.0109848
7.878,1,1.49905,-4.28601e-16,-0.0116901
7.879,1,1.49905,-1.6199e-16,-0.0123955
7.88,1,1.49905,-4.54803e-16,-0.0131008
7.881,1,1.49905,1.62442e-16,-0.0138061
7.882,1,1.49905,-1.98134e-16,-0.0145113
7.883,1,1.49905,-1.38352e-16,-0.0152166
7.884,1,1.49905,-4.71971e-16,-0.0159218
7.885,1,1.49905,6.21468e-17,-0.0166271
7.886,1,1.49905,-8.96245e-17,-0.0173323
7.887,1,1.49905,2.47033e-16,-0.0180375
7.888,1,1.49905,5.32386e-17,-0.0187427
7.889,1,1.49905,-3.33313e-16,-0.0194478
7.89,1,1.49905,9.71786e-17,-0.020153
7.891,1,1.49905,8.74189e-17,-0.0208581
7.892,1,1.49905,-5.26608e-16,-0.0215632
7.893,1,1.49905,-9.18408e-17,-0.0222683
7.894,1,1.49905,-5.2447e-16,-0.0229734
7.895,1,1.49905,1.11282e-16,-0.0236784
7.896,1,1.49905,-2.72897e-16,-0.0243834
7.897,1,1.49905,-1.6281e-16,-0.0250884
7.898,1,1.49905,-3.43865e-16,-0.0257934
7.899,1,1.49905,-2.9486e-16,-0.0264983
7.9,1,1.49905,-2.21925e-16,-0.0272032
7.901,1,1.49905,-5.11275e-16,-0.0279081
7.902,1,1.49905,-3.36199e-16,-0.0286129
7.903,1,1.49905,-1.35987e-16,-0.0293178
7.904,1,1.49905,1.82852e-16,-0.0300226
7.905,1,1.49905,-3.43289e-16,-0.0307273
7.906,1,1.49905,2.42569e-16,-0.0314321
7.907,1,1.49905,-1.58004e-16,-0.0321368
7.908,1,1.49905,1.90496e-18,-0.0328414
7.909,1,1.49905,3.80496e-16,-0.0335461
7.91,1,1.49905,4.63043e-17,-0.0342507
7.911,1,1.49905,-2.30118e-16,-0.0349553
7.912,1,1.49905,2.60781e-16,-0.0356598
7.913,1,1.49905,-1.07865e-16,-0.0363643
7.914,1,1.49905,-2.78667e-16,-0.0370688
7.915,1,1.49905,-1.55482e-16,-0.0377732
7.916,1,1.49905,-7.65069e-17,-0.0384776
7.917,1,1.49905,-2.07247e-18,-0.039182
7.918,1,1.49905,-3.09728e-16,-0.0398863
7.919,1,1.49905,-5.03114e-17,-0.0405905
7.92,1,1.49905,-8.92917e-17,-0.0412948
7.921,1,1.49905,-2.72613e-16,-0.041999
7.922,1,1.49905,-3.49092e-16,-0.0427031
7.923,1,1.49905,-1.4925e-16,-0.0434072
7.924,1,1.49905,-2.52868e-16,-0.0441113
7.925,1,1.49905,-1.09971e-16,-0.0448153
7.926,1,1.49905,-7.8272e-17,-0.0455193
7.927,1,1.49905,-2.21381e-16,-0.0462232
7.928,1,1.49905,-1.64241e-16,-0.0469271
7.929,1,1.49905,-2.82305e-16,-0.0476309
7.93,1,1.49905,-1.34001e-16,-0.0483347
7.931,1,1.49905,-5.79308e-16,-0.0490385
7.932,1,1.49905,-2.42494e-16,-0.0497422
7.933,1,1.49905,2.49982e-17,-0.0504458
7.934,1,1.49905,-4.61377e-16,-0.0511494
7.935,1,1.49905,2.71819e-17,-0.0518529
7.936,1,1.49905,-7.26563e-16,-0.0525564
7.937,1,1.49905,-4.10669e-16,-0.0532599
7.938,1,1.49905,-1.38415e-16,-0.0539633
7.939,1,1.49905,-5.81385e-16,-0.0546666
7.94,1,1.49905,-4.78402e-16,-0.0553699
7.941,1,1.49905,-3.85428e-16,-0.0560731
7.942,1,1.49905,-1.41899e-16,-0.0567763
7.943,1,1.49905,-1.36211e-16,-0.0574794
7.944,1,1.49905,1.2299e-16,-0.0581824
7.945,1,1.49905,-1.83954e-16,-0.0588854
7.946,1,1.49905,-4.41231e-16,-0.0595883
7.947,1,1.49905,-5.2954e-16,-0.0602912
7.948,1,1.49905,-2.9935e-16,-0.060994
7.949,1,1.49905,5.54374e-17,-0.0616968
7.95,1,1.49905,2.31529e-17,-0.0623995
7.951,1,1.49905,-2.98053e-16,-0.0631021
7.952,1,1.49905,-2.6167e-16,-0.0638047
7.953,1,1.49905,-3.50299e-16,-0.0645072
7.954,1,1.49905,-3.82983e-16,-0.0652096
7.955,1,1.49905,-1.93102e-16,-0.065912
7.956,1,1.49905,1.93249e-18,-0.0666143
7.957,1,1.49905,-1.65391e-16,-0.0673165
7.958,1,1.49905,3.9961e-17,-0.0680187
7.959,1,1.49905,1.821e-16,-0.0687208
7.96,1,1.49905,1.132e-16,-0.0694229
7.961,1,1.49905,2.06074e-16,-0.0701248
7.962,1,1.49905,3.06734e-18,-0.0708267
7.963,1,1.49905,-1.26744e-16,-0.0715286
7.964,1,1.49905,-1.61119e-16,-0.0722303
7.965,1,1.49905,-2.94833e-16,-0.072932
7.966,1,1.49905,-1.35599e-16,-0.0736336
7.967,1,1.49905,-1.64819e-16,-0.0743351
7.968,1,1.49905,-5.47392e-17,-0.0750366
7.969,1,1.49905,-1.00528e-16,-0.075738
7.97,1,1.49905,-4.43693e-16,-0.0764393
7.971,1,1.49905,-3.21896e-16,-0.0771405
7.972,1,1.49905,-2.46628e-16,-0.0778417
7.973,1,1.49905,-5.98009e-17,-0.0785428
7.974,1,1.49905,-1.6378e-16,-0.0792438
7.975,1,1.49905,-2.89112e-16,-0.0799447
7.976,1,1.49905,-3.66879e-16,-0.0806456
7.977,1,1.49905,-5.10879e-16,-0.0813463
7.978,1,1.49905,-1.56299e-16,-0.082047
7.979,1,1.49905,-3.90324e-16,-0.0827476
7.98,1,1.49905,-6.06665e-16,-0.0834481
7.981,1,1.49905,-2.29434e-16,-0.0841486
7.982,1,1.49905,-8.78954e-17,-0.0848489
7.983,1,1.49905,-2.88611e-17,-0.0855492
7.984,1,1.49905,-4.58034e-16,-0.0862494
7.985,1,1.49905,-8.02903e-17,-0.0869495
7.986,1,1.49905,-2.63815e-16,-0.0876495
7.987,1,1.49905,1.06333e-17,-0.0883494
7.988,1,1.49905,-1.55373e-16,-0.0890492
7.989,1,1.49905,-3.14112e-16,-0.089749
7.99,1,1.49905,-3.19266e-16,-0.0904486
7.991,1,1.49905,-1.72048e-16,-0.0911482
7.992,1,1.49905,-1.03269e-16,-0.0918477
7.993,1,1.49905,-1.41969e-16,-0.092547
7.994,1,1.49905,-1.06178e-16,-0.0932463
7.995,1,1.49905,-6.89552e-17,-0.0939455
7.996,1,1.49905,-1.32838e-16,-0.0946446
7.997,1,1.49905,7.5922e-17,-0.0953436
7.998,1,1.49905,-3.82861e-16,-0.0960425
7.999,1,1.49905,-2.56558e-16,-0.0967414
8,1,1.49905,-4.02406e-16,-0.0974401
8.001,1,1.49905,-2.09666e-16,-0.0981387
8.002,1,1.49905,-7.42177e-17,-0.0988372
8.003,1,1.49905,-2.71005e-16,-0.0995357
8.004,1,1.49905,-2.81189e-16,-0.100234
8.005,1,1.49905,-1.11406e-16,-0.100932
8.006,1,1.49905,-3.60657e-17,-0.10163
8.007,1,1.49905,1.67159e-16,-0.102328
8.008,1,1.49905,-1.80422e-17,-0.103026
8.009,1,1.49905,-1.29724e-16,-0.103724
8.01,1,1.49905,1.04966e-16,-0.104422
8.011,1,1.49905,-8.26813e-17,-0.105119
8.012,1,1.49905,-1.64017e-16,-0.105817
8.013,1,1.49905,-2.79851e-17,-0.106514
8.014,1,1.49905,-2.07018e-16,-0.107212
8.015,1,1.49905,-8.79794e-17,-0.107909
8.016,1,1.49905,-5.02784e-17,-0.108606
8.017,1,1.49905,1.99154e-16,-0.109303
8.018,1,1.49905,8.56991e-17,-0.11
8.019,1,1.49905,-1.65816e-16,-0.110696
8.02,1,1.49905,-4.36426e-16,-0.111393
8.021,1,1.49905,-3.57957e-17,-0.11209
8.022,1,1.49905,-1.64837e-16,-0.112786
8.023,1,1.49905,-4.51885e-16,-0.113482
8.024,1,1.49905,-2.93899e-16,-0.114179
8.025,1,1.49905,-4.22354e-16,-0.114875
8.026,1,1.49905,4.17293e-17,-0.115571
8.027,1,1.49905,-4.55375e-16,-0.116266
8.028,1,1.49905,-5.50677e-16,-0.116962
8.029,1,1.49905,2.03105e-16,-0.117658
8.03,1,1.49905,-6.49694e-16,-0.118353
8.031,1,1.49905,-4.58748e-16,-0.119049
8.032,1,1.49905,2.1855e-16,-0.119744
8.033,1,1.49905,-6.75379e-16,-0.120439
8.034,1,1.49905,-1.99618e-16,-0.121134
8.035,1,1.49905,-7.42755e-17,-0.121829
8.036,1,1.49905,8.08847e-17,-0.122524
8.037,1,1.49905,-1.61443e-16,-0.123218
8.038,1,1.49905,-3.15721e-16,-0.123913
8.039,1,1.49905,-2.20451e-16,-0.124607
8.04,1,1.49905,-3.646e-16,-0.125302
8.041,1,1.49905,-5.36258e-16,-0.125996
8.042,1,1.49905,-5.21293e-16,-0.12669
8.043,1,1.49905,-3.92576e-16,-0.127384
8.044,1,1.49905,-1.39006e-16,-0.128078
8.045,1,1.49905,1.18842e-16,-0.128771
8.046,1,1.49905,-5.53247e-16,-0.129465
8.047,1,1.49905,-3.11315e-16,-0.130158
8.048,1,1.49905,-9.11011e-18,-0.130851
8.049,1,1.49905,6.30842e-17,-0.131545
8.05,1,1.49905,-1.60402e-16,-0.132238
8.051,1,1.49905,-8.91341e-17,-0.13293
8.052,1,1.49905,-1.5765e-16,-0.133623
8.053,1,1.49905,7.53295e-18,-0.134316
8.054,1,1.49905,-1.07651e-16,-0.135008
8.055,1,1.49905,-3.03956e-16,-0.135701
8.056,1,1.49905,-3.68198e-16,-0.136393
8.057,1,1.49905,-1.61351e-16,-0.137085
8.058,1,1.49905,-9.25885e-17,-0.137777
8.059,1,1.49905,-1.75831e-16,-0.138469
8.06,1,1.49905,-2.84341e-16,-0.13916
8.061,1,1.49905,-5.27751e-16,-0.139852
8.062,1,1.49905,-1.5642e-16,-0.140543
8.063,1,1.49905,-2.68468e-16,-0.141234
8.064,1,1.49905,-2.27445e-16,-0.141926
8.065,1,1.49905,-2.3896e-16,-0.142616
8.066,1,1.49905,-1.34664e-16,-0.143307
8.067,1,1.49905,6.05376e-18,-0.143998
8.068,1,1.49905,-7.5872e-17,-0.144688
8.069,1,1.49905,-6.00664e-16,-0.145379
8.07,1,1.49905,-1.62319e-16,-0.146069
8.071,1,1.49905,-9.93003e-17,-0.146759
8.072,1,1.49905,-4.84321e-17,-0.147449
8.073,1,1.49905,-2.76688e-16,-0.148139
8.074,1,1.49905,-9.45264e-17,-0.148829
8.075,1,1.49905,-5.58134e-16,-0.149518
8.076,1,1.49905,2.85406e-16,-0.150207
8.077,1,1.49905,1.47677e-16,-0.150897
8.078,1,1.49905,-3.61908e-16,-0.151586
8.079,1,1.49905,-1.45628e-16,-0.152275
8.08,1,1.49905,-4.63701e-17,-0.152963
8.081,1,1.49905,-2.2212e-16,-0.153652
8.082,1,1.49905,-2.63405e-16,-0.15434
8.083,1,1.49905,-6.6402e-16,-0.155029
8.084,1,1.49905,-5.0277e-16,-0.155717
8.085,1,1.49905,-3.0814e-16,-0.156405
8.086,1,1.49905,-3.83876e-16,-0.157093
8.087,1,1.49905,-1.95072e-16,-0.15778
8.088,1,1.49905,-3.71488e-16,-0.158468
8.089,1,1.49905,6.20845e-17,-0.159155
8.09,1,1.49905,-3.90331e-16,-0.159842
8.091,1,1.49905,-4.71e-16,-0.160529
8.092,1,1.49905,3.41949e-18,-0.161216
8.093,1,1.49905,-5.20615e-16,-0.161903
8.094,1,1.49905,-1.5592e-16,-0.162589
8.095,1,1.49905,-4.28945e-16,-0.163276
8.096,1,1.49905,-6.14917e-16,-0.163962
8.097,1,1.49905,-2.73683e-16,-0.164648
8.098,1,1.49905,-3.41938e-16,-0.165334
8.099,1,1.49905,-3.82879e-16,-0.16602
8.1,1,1.49905,-2.12013e-16,-0.166705
8.101,1,1.49905,-1.43472e-16,-0.167391
8.102,1,1.49905,1.66755e-16,-0.168076
8.103,1,1.49905,-1.44044e-16,-0.168761
8.104,1,1.49905,-1.9541e-16,-0.169446
8.105,1,1.49905,-9.80024e-17,-0.170131
8.106,1,1.49905,-4.56366e-16,-0.170815
8.107,1,1.49905,-3.17945e-16,-0.171499
8.108,1,1.49905,-2.40512e-18,-0.172184
8.109,1,1.49905,-4.1883e-16,-0.172868
8.11,1,1.49905,-2.88668e-16,-0.173552
8.111,1,1.49905,5.83268e-17,-0.174235
8.112,1,1.49905,-4.62334e-16,-0.174919
8.113,1,1.49905,-4.30092e-16,-0.175602
8.114,1,1.49905,-3.26851e-16,-0.176285
8.115,1,1.49905,-1.33582e-16,-0.176968
8.116,1,1.49905,-1.544e-16,-0.177651
8.117,1,1.49905,7.92829e-17,-0.178334
8.118,1,1.49905,-4.1124e-17,-0.179016
8.119,1,1.49905,-1.81251e-16,-0.179699
8.12,1,1.49905,-5.67573e-17,-0.180381
8.121,1,1.49905,-1.59652e-16,-0.181063
8.122,1,1.49905,-2.08692e-16,-0.181744
8.123,1,1.49905,-5.03919e-16,-0.182426
8.124,1,1.49905,-2.10923e-16,-0.183107
8.125,1,1.49905,-1.21495e-16,-0.183788
8.126,1,1.49905,-3.55632e-16,-0.184469
8.127,1,1.49905,-1.8409e-16,-0.18515
8.128,1,1.49905,-2.73663e-16,-0.185831
8.129,1,1.49905,-1.43673e-16,-0.186511
8.13,1,1.49905,-3.16827e-16,-0.187192
8.131,1,1.49905,-4.92468e-16,-0.187872
8.132,1,1.49905,-3.15734e-16,-0.188552
8.133,1,1.49905,-4.83215e-16,-0.189231
8.134,1,1.49905,-3.65933e-16,-0.189911
8.135,1,1.49905,-6.62827e-16,-0.19059
8.136,1,1.49905,-6.19171e-16,-0.191269
8.137,1,1.49905,-4.4306e-16,-0.191948
8.138,1,1.49905,3.54224e-18,-0.192627
8.139,1,1.49905,-3.7176e-16,-0.193306
8.14,1,1.49905,-5.06011e-16,-0.193984
8.141,1,1.49905,-4.25879e-16,-0.194662
8.142,1,1.49905,4.12598e-17,-0.19534
8.143,1,1.49905,3.76854e-17,-0.196018
8.144,1,1.49905,-3.558e-16,-0.196696
8.145,1,1.49905,-1.51972e-16,-0.197373
8.146,1,1.49905,-3.52249e-16,-0.19805
8.147,1,1.49905,-1.42577e-16,-0.198727
8.148,1,1.49905,-2.15026e-16,-0.199404
8.149,1,1.49905,-3.09625e-16,-0.200081
8.15,1,1.49905,1.35407e-16,-0.200757
8.151,1,1.49905,-3.7402e-16,-0.201433
8.152,1,1.49905,-3.24386e-17,-0.202109
8.153,1,1.49905,-2.08083e-16,-0.202785
8.154,1,1.49905,-4.73435e-16,-0.203461
8.155,1,1.49905,-2.44199e-16,-0.204136
8.156,1,1.49905,-8.94741e-17,-0.204811
8.157,1,1.49905,-3.07387e-16,-0.205486
8.158,1,1.49905,-1.86154e-17,-0.206161
8.159,1,1.49905,-2.67991e-16,-0.206836
8.16,1,1.49905,-2.47937e-16,-0.20751
8.161,1,1.49905,-3.11157e-16,-0.208184
8.162,1,1.49905,-3.24487e-16,-0.208858
8.163,1,1.49905,-1.50912e-16,-0.209532
8.164,1,1.49905,-5.19047e-16,-0.210205
8.165,1,1.49905,-3.52387e-16,-0.210879
8.166,1,1.49905,-1.27992e-16,-0.211552
8.167,1,1.49905,-2.80483e-16,-0.212225
8.168,1,1.49905,-4.08407e-16,-0.212897
8.169,1,1.49905,-2.23755e-16,-0.21357
8.17,1,1.49905,4.41933e-17,-0.214242
8.171,1,1.49905,-4.46483e-16,-0.214914
8.172,1,1.49905,-2.02514e-16,-0.215586
8.173,1,1.49905,-8.28398e-17,-0.216258
8.174,1,1.49905,-4.9262e-16,-0.216929
8.175,1,1.49905,-3.63474e-16,-0.2176
8.176,1,1.49905,-3.53167e-16,-0.218271
8.177,1,1.49905,-2.847e-16,-0.218942
8.178,1,1.49905,-7.70981e-16,-0.219613
8.179,1,1.49905,-4.82898e-16,-0.220283
8.18,1,1.49905,-4.1031e-17,-0.220953
8.181,1,1.49905,-5.02984e-16,-0.221623
8.182,1,1.49905,-1.33073e-17,-0.222293
8.183,1,1.49905,-4.30591e-16,-0.222962
8.184,1,1.49905,-3.21537e-16,-0.223631
8.185,1,1.49905,-2.92871e-16,-0.2243
8.186,1,1.49905,-8.0712e-17,-0.224969
8.187,1,1.49905,-3.83378e-16,-0.225637
8.188,1,1.49905,-3.74706e-16,-0.226306
8.189,1,1.49905,-3.81907e-16,-0.226974
8.19,1,1.49905,-3.95004e-16,-0.227642
8.191,1,1.49905,-1.68276e-16,-0.228309
8.192,1,1.49905,-2.66645e-16,-0.228977
8.193,1,1.49905,1.92922e-16,-0.229644
8.194,1,1.49905,-3.84094e-16,-0.230311
8.195,1,1.49905,-2.59013e-16,-0.230978
8.196,1,1.49905,-4.74815e-16,-0.231644
8.197,1,1.49905,-2.84945e-16,-0.23231
8.198,1,1.49905,-1.61408e-16,-0.232976
8.199,1,1.49905,-2.14211e-16,-0.233642
8.2,1,1.49905,-3.4239e-16,-0.234308
8.201,1,1.49905,-3.61227e-16,-0.234973
8.202,1,1.49905,-4.84739e-16,-0.235638
8.203,1,1.49905,-4.71575e-16,-0.236303
8.204,1,1.49905,-3.16795e-16,-0.236968
8.205,1,1.49905,-4.03214e-16,-0.237632
8.206,1,1.49905,-1.48472e-16,-0.238296
8.207,1,1.49905,-2.38748e-16,-0.23896
8.208,1,1.49905,-2.90117e-16,-0.239624
8.209,1,1.49905,-3.14873e-16,-0.240287
8.21,1,1.49905,-3.76976e-16,-0.240951
8.211,1,1.49905,-4.82896e-16,-0.241614
8.212,1,1.49905,-3.99733e-16,-0.242276
8.213,1,1.49905,-4.12169e-16,-0.242939
8.214,1,1.49905,-2.47034e-16,-0.243601
8.215,1,1.49905,-4.67678e-16,-0.244263
8.216,1,1.49905,-3.39449e-16,-0.244925
8.217,1,1.49905,-4.30081e-16,-0.245586
8.218,1,1.49905,-3.13277e-16,-0.246247
8.219,1,1.49905,-1.66397e-16,-0.246908
8.22,1,1.49905,-1.17112e-16,-0.247569
8.221,1,1.49905,-2.75807e-16,-0.24823
8.222,1,1.49905,-1.05085e-16,-0.24889
8.223,1,1.49905,-3.37484e-16,-0.24955
8.224,1,1.49905,-1.67297e-16,-0.25021
8.225,1,1.49905,-2.57016e-16,-0.250869
8.226,1,1.49905,-4.24009e-16,-0.251529
8.227,1,1.49905,-4.8747e-16,-0.252188
8.228,1,1.49905,-3.99067e-16,-0.252846
8.229,1,1.49905,-4.43416e-16,-0.253505
8.23,1,1.49905,-1.28351e-16,-0.254163
8.231,1,1.49905,-2.8921e-17,-0.254821
8.232,1,1.49905,1.35339e-16,-0.255479
8.233,1,1.49905,-1.45869e-16,-0.256136
8.234,1,1.49905,-4.01341e-16,-0.256794
8.235,1,1.49905,-1.40031e-16,-0.257451
8.236,1,1.49905,-9.22306e-17,-0.258107
8.237,1,1.49905,-3.33494e-16,-0.258764
8.238,1,1.49905,-3.18192e-16,-0.25942
8.239,1,1.49905,-6.94411e-16,-0.260076
8.24,1,1.49905,-4.83959e-16,-0.260732
8.241,1,1.49905,-3.71308e-18,-0.261387
8.242,1,1.49905,-3.26969e-16,-0.262042
8.243,1,1.49905,6.32276e-17,-0.262697
8.244,1,1.49905,-2.29791e-16,-0.263352
8.245,1,1.49905,-2.50281e-16,-0.264006
8.246,1,1.49905,-3.18263e-16,-0.26466
8.247,1,1.49905,-3.30852e-16,-0.265314
8.248,1,1.49905,-4.70237e-16,-0.265968
8.249,1,1.49905,-1.12675e-16,-0.266621
8.25,1,1.49905,-2.18632e-16,-0.267274
8.251,1,1.49905,-3.31949e-16,-0.267927
8.252,1,1.49905,-2.23099e-16,-0.26858
8.253,1,1.49905,1.34393e-16,-0.269232
8.254,1,1.49905,-1.33159e-16,-0.269884
8.255,1,1.49905,-4.96765e-16,-0.270536
8.256,1,1.49905,-5.91859e-16,-0.271187
8.257,1,1.49905,-4.50244e-16,-0.271838
8.258,1,1.49905,-1.97617e-16,-0.272489
8.259,1,1.49905,-2.07269e-16,-0.27314
8.26,1,1.49905,-3.04462e-16,-0.27379
8.261,1,1.49905,-2.37098e-16,-0.27444
8.262,1,1.49905,-3.24123e-16,-0.27509
8.263,1,1.49905,-5.23358e-16,-0.27574
8.264,1,1.49905,-2.98944e-16,-0.276389
8.265,1,1.49905,-3.07682e-16,-0.277038
8.266,1,1.49905,-5.54495e-16,-0.277687
8.267,1,1.49905,-5.3625e-17,-0.278335
8.268,1,1.49905,-1.36546e-16,-0.278983
8.269,1,1.49905,-3.34245e-16,-0.279631
8.27,1,1.49905,-1.89114e-16,-0.280279
8.271,1,1.49905,-3.19884e-16,-0.280926
8.272,1,1.49905,-5.57175e-17,-0.281573
8.273,1,1.49905,-6.17795e-17,-0.28222
8.274,1,1.49905,-3.84937e-16,-0.282866
8.275,1,1.49905,-2.49765e-16,-0.283512
8.276,1,1.49905,-1.65746e-16,-0.284158
8.277,1,1.49905,-2.52563e-16,-0.284804
8.278,1,1.49905,-2.11299e-16,-0.285449
8.279,1,1.49905,-4.83969e-16,-0.286094
8.28,1,1.49905,-2.78366e-16,-0.286739
8.281,1,1.49905,-5.16564e-16,-0.287384
8.282,1,1.49905,-3.7991e-16,-0.288028
8.283,1,1.49905,-2.86378e-16,-0.288672
8.284,1,1.49905,-3.23107e-16,-0.289315
8.285,1,1.49905,-6.38273e-16,-0.289959
8.286,1,1.49905,-3.25119e-16,-0.290602
8.287,1,1.49905,-1.43006e-16,-0.291245
8.288,1,1.49905,-3.33497e-16,-0.291887
8.289,1,1.49905,-5.0811e-16,-0.292529
8.29,1,1.49905,-1.61101e-16,-0.293171
8.291,1,1.49905,-3.46895e-16,-0.293813
8.292,1,1.49905,-6.92912e-16,-0.294454
8.293,1,1.49905,-2.91759e-16,-0.295095
8.294,1,1.49905,-3.30185e-16,-0.295736
8.295,1,1.49905,-3.08644e-16,-0.296376
8.296,1,1.49905,-4.94496e-16,-0.297016
8.297,1,1.49905,-3.17949e-16,-0.297656
8.298,1,1.49905,-6.98128e-16,-0.298296
8.299,1,1.49905,-3.16929e-16,-0.298935
8.3,1,1.49905,-3.43627e-16,-0.299574
8.301,1,1.49905,-2.37181e-16,-0.300212
8.302,1,1.49905,-4.86042e-16,-0.300851
8.303,1,1.49905,-3.86038e-16,-0.301489
8.304,1,1.49905,1.71609e-16,-0.302127
8.305,1,1.49905,-3.50859e-16,-0.302764
8.306,1,1.49905,-4.88775e-16,-0.303401
8.307,1,1.49905,-2.02042e-16,-0.304038
8.308,1,1.49905,6.6141e-17,-0.304674
8.309,1,1.49905,-2.64073e-16,-0.305311
8.31,1,1.49905,-1.95169e-16,-0.305947
8.311,1,1.49905,-8.60719e-17,-0.306582
8.312,1,1.49905,-3.76947e-16,-0.307217
8.313,1,1.49905,-2.77448e-16,-0.307852
8.314,1,1.49905,-4.11984e-16,-0.308487
8.315,1,1.49905,-3.55611e-16,-0.309122
8.316,1,1.49905,-5.19103e-16,-0.309756
8.317,1,1.49905,-3.7716e-16,-0.310389
8.318,1,1.49905,-2.45377e-16,-0.311023
8.319,1,1.49905,-1.85419e-16,-0.311656
8.32,1,1.49905,-2.00135e-16,-0.312289
8.321,1,1.49905,-8.13941e-16,-0.312921
8.322,1,1.49905,-3.94026e-16,-0.313554
8.323,1,1.49905,2.89117e-18,-0.314185
8.324,1,1.49905,-2.71435e-16,-0.314817
8.325,1,1.49905,-1.88615e-16,-0.315448
8.326,1,1.49905,6.69939e-18,-0.316079
8.327,1,1.49905,1.31632e-16,-0.31671
8.328,1,1.49905,-2.90873e-16,-0.31734
8.329,1,1.49905,-5.43349e-16,-0.31797
8.33,1,1.49905,-1.64877e-16,-0.3186
8.331,1,1.49905,-1.40767e-16,-0.319229
8.332,1,1.49905,-4.97539e-17,-0.319858
8.333,1,1.49905,-1.24715e-16,-0.320487
8.334,1,1.49905,-3.89083e-16,-0.321115
8.335,1,1.49905,-1.57761e-16,-0.321744
8.336,1,1.49905,-2.693e-16,-0.322371
8.337,1,1.49905,-4.55502e-16,-0.322999
8.338,1,1.49905,1.59848e-18,-0.323626
8.339,1,1.49905,-2.51997e-16,-0.324253
8.34,1,1.49905,-1.08499e-16,-0.324879
8.341,1,1.49905,-3.30782e-16,-0.325505
8.342,1,1.49905,1.1189e-16,-0.326131
8.343,1,1.49905,-1.95236e-16,-0.326757
8.344,1,1.49905,-3.16761e-16,-0.327382
8.345,1,1.49905,-7.27024e-16,-0.328007
8.346,1,1.49905,-3.55417e-16,-0.328631
8.347,1,1.49905,-5.65521e-16,-0.329255
8.348,1,1.49905,-1.11571e-16,-0.329879
8.349,1,1.49905,-2.57409e-16,-0.330503
8.35,1,1.49905,-5.58224e-16,-0.331126
8.351,1,1.49905,-2.44028e-16,-0.331749
8.352,1,1.49905,-4.04596e-16,-0.332371
8.353,1,1.49905,-2.57686e-16,-0.332994
8.354,1,1.49905,-1.99992e-16,-0.333616
8.355,1,1.49905,4.04255e-18,-0.334237
8.356,1,1.49905,-3.09339e-16,-0.334858
8.357,1,1.49905,-1.63528e-16,-0.335479
8.358,1,1.49905,-4.2935e-16,-0.3361
8.359,1,1.49905,2.33068e-17,-0.33672
8.36,1,1.49905,-4.74928e-16,-0.33734
8.361,1,1.49905,-3.11987e-16,-0.337959
8.362,1,1.49905,1.70552e-16,-0.338579
8.363,1,1.49905,-3.81364e-16,-0.339197
8.364,1,1.49905,-3.40514e-16,-0.339816
8.365,1,1.49905,-2.20483e-16,-0.340434
8.366,1,1.49905,1.92642e-17,-0.341052
8.367,1,1.49905,-5.22025e-16,-0.341669
8.368,1,1.49905,-4.34045e-16,-0.342287
8.369,1,1.49905,-3.49616e-16,-0.342903
8.37,1,1.49905,-2.0427e-16,-0.34352
8.371,1,1.49905,-1.95801e-16,-0.344136
8.372,1,1.49905,-4.16514e-16,-0.344752
8.373,1,1.49905,-1.95579e-16,-0.345367
8.374,1,1.49905,-3.00186e-16,-0.345982
8.375,1,1.49905,-4.30235e-16,-0.346597
8.376,1,1.49905,-2.2887e-16,-0.347212
8.377,1,1.49905,-3.44827e-16,-0.347826
8.378,1,1.49905,-1.47357e-16,-0.348439
8.379,1,1.49905,-1.96111e-16,-0.349053
8.38,1,1.49905,-1.91366e-16,-0.349666
8.381,1,1.49905,-4.10048e-17,-0.350278
8.382,1,1.49905,-5.78787e-16,-0.350891
8.383,1,1.49905,-3.1199e-16,-0.351503
8.384,1,1.49905,-3.5428e-16,-0.352114
8.385,1,1.49905,-3.68477e-16,-0.352726
8.386,1,1.49905,-3.29253e-16,-0.353337
8.387,1,1.49905,-2.35021e-16,-0.353947
8.388,1,1.49905,-1.99888e-16,-0.354557
8.389,1,1.49905,-4.88383e-16,-0.355167
8.39,1,1.49905,-7.98147e-16,-0.355777
8.391,1,1.49905,-2.01709e-16,-0.356386
8.392,1,1.49905,-8.05679e-17,-0.356995
8.393,1,1.49905,-3.28234e-16,-0.357603
8.394,1,1.49905,-7.83187e-16,-0.358211
8.395,1,1.49905,-9.18462e-17,-0.358819
8.396,1,1.49905,-4.6848e-16,-0.359426
8.397,1,1.49905,-1.56692e-16,-0.360033
8.398,1,1.49905,-1.30271e-16,-0.36064
8.399,1,1.49905,-4.32664e-16,-0.361246
8.4,1,1.49905,-2.85938e-16,-0.361852
8.401,1,1.49905,-3.8224e-16,-0.362458
8.402,1,1.49905,-5.13283e-17,-0.363063
8.403,1,1.49905,1.38329e-16,-0.363668
8.404,1,1.49905,-1.49538e-16,-0.364272
8.405,1,1.49905,-4.32864e-16,-0.364876
8.406,1,1.49905,-2.55648e-16,-0.36548
8.407,1,1.49905,-1.15641e-16,-0.366083
8.408,1,1.49905,-3.97188e-16,-0.366687
8.409,1,1.49905,-2.90923e-16,-0.367289
8.41,1,1.49905,-2.81195e-16,-0.367891
8.411,1,1.49905,-5.22987e-16,-0.368493
8.412,1,1.49905,-3.4373e-16,-0.369095
8.413,1,1.49905,8.43118e-17,-0.369696
8.414,1,1.49905,-4.97968e-16,-0.370297
8.415,1,1.49905,-4.67749e-16,-0.370897
8.416,1,1.49905,2.55389e-16,-0.371497
8.417,1,1.49905,-4.15566e-16,-0.372097
8.418,1,1.49905,8.49853e-17,-0.372697
8.419,1,1.49905,-3.39959e-16,-0.373295
8.42,1,1.49905,-1.22344e-16,-0.373894
8.421,1,1.49905,-4.174e-16,-0.374492
8.422,1,1.49905,-3.76366e-17,-0.37509
8.423,1,1.49905,-2.42856e-16,-0.375688
8.424,1,1.49905,-8.41984e-16,-0.376285
8.425,1,1.49905,-4.19583e-16,-0.376881
8.426,1,1.49905,-3.04199e-16,-0.377478
8.427,1,1.49905,-1.50034e-16,-0.378074
8.428,1,1.49905,-3.16914e-16,-0.378669
8.429,1,1.49905,-6.24129e-16,-0.379265
8.43,1,1.49905,-3.1385e-16,-0.379859
8.431,1,1.49905,-1.6995e-16,-0.380454
8.432,1,1.49905,-2.6049e-16,-0.381048
8.433,1,1.49905,-5.77716e-16,-0.381642
8.434,1,1.49905,-4.13969e-16,-0.382235
8.435,1,1.49905,-3.17641e-16,-0.382828
8.436,1,1.49905,-6.49533e-16,-0.38342
8.437,1,1.49905,-1.66145e-16,-0.384013
8.438,1,1.49905,-1.23445e-16,-0.384604
8.439,1,1.49905,-4.75724e-16,-0.385196
8.44,1,1.49905,-2.82245e-16,-0.385787
8.441,1,1.49905,-4.79279e-16,-0.386377
8.442,1,1.49905,-3.45154e-16,-0.386968
8.443,1,1.49905,-3.79938e-16,-0.387557
8.444,1,1.49905,3.60529e-17,-0.388147
8.445,1,1.49905,-3.84998e-16,-0.388736
8.446,1,1.49905,-3.8824e-16,-0.389325
8.447,1,1.49905,-2.45799e-16,-0.389913
8.448,1,1.49905,-4.27738e-16,-0.390501
8.449,1,1.49905,-3.41407e-16,-0.391088
8.45,1,1.49905,-4.52551e-16,-0.391676
8.451,1,1.49905,-3.06008e-16,-0.392262
8.452,1,1.49905,-5.00519e-16,-0.392849
8.453,1,1.49905,-1.38643e-16,-0.393435
8.454,1,1.49905,-4.03418e-16,-0.39402
8.455,1,1.49905,-1.70302e-16,-0.394605
8.456,1,1.49905,-5.51343e-16,-0.39519
8.457,1,1.49905,-2.74261e-16,-0.395775
8.458,1,1.49905,-2.71752e-16,-0.396359
8.459,1,1.49905,-3.00225e-16,-0.396942
8.46,1,1.49905,-4.80705e-16,-0.397525
8.461,1,1.49905,-5.81085e-16,-0.398108
8.462,1,1.49905,-5.91791e-17,-0.398691
8.463,1,1.49905,-2.7921e-16,-0.399273
8.464,1,1.49905,-2.82392e-16,-0.399854
8.465,1,1.49905,-3.09178e-16,-0.400435
8.466,1,1.49905,-3.66256e-16,-0.401016
8.467,1,1.49905,-5.55158e-16,-0.401597
8.468,1,1.49905,-6.84493e-16,-0.402177
8.469,1,1.49905,-2.05016e-16,-0.402756
8.47,1,1.49905,-5.69527e-16,-0.403335
8.471,1,1.49905,-4.26396e-16,-0.403914
8.472,1,1.49905,-8.12603e-16,-0.404493
8.473,1,1.49905,-4.54646e-16,-0.405071
8.474,1,1.49905,-2.73214e-16,-0.405648
8.475,1,1.49905,-3.93893e-16,-0.406225
8.476,1,1.49905,-3.42007e-16,-0.406802
8.477,1,1.49905,-1.9841e-16,-0.407379
8.478,1,1.49905,-5.4283e-16,-0.407955
8.479,1,1.49905,-5.66757e-16,-0.40853
8.48,1,1.49905,-3.70792e-16,-0.409105
8.481,1,1.49905,-5.48283e-16,-0.40968
8.482,1,1.49905,-3.11271e-16,-0.410254
8.483,1,1.49905,-3.72358e-16,-0.410828
8.484,1,1.49905,-2.78294e-16,-0.411402
8.485,1,1.49905,-1.72891e-16,-0.411975
8.486,1,1.49905,-9.05222e-17,-0.412548
8.487,1,1.49905,-5.64283e-16,-0.41312
8.488,1,1.49905,-2.59957e-16,-0.413692
8.489,1,1.49905,-4.2817e-16,-0.414263
8.49,1,1.49905,-2.17188e-17,-0.414834
8.491,1,1.49905,-5.33802e-16,-0.415405
8.492,1,1.49905,-7.88709e-16,-0.415975
8.493,1,1.49905,-1.65499e-16,-0.416545
8.494,1,1.49905,-5.63863e-16,-0.417114
8.495,1,1.49905,-4.17157e-16,-0.417683
8.496,1,1.49905,-6.30158e-16,-0.418252
8.497,1,1.49905,-4.95541e-16,-0.41882
8.498,1,1.49905,-5.87262e-16,-0.419388
8.499,1,1.49905,-5.38899e-16,-0.419955
8.5,1,1.49905,-4.15529e-16,-0.420522
8.501,1,1.49905,-2.45298e-16,-0.421088
8.502,1,1.49905,-3.67508e-16,-0.421654
8.503,1,1.49905,-6.17709e-16,-0.42222
8.504,1,1.49905,-6.83877e-17,-0.422785
8.505,1,1.49905,-3.35156e-16,-0.42335
8.506,1,1.49905,-6.89399e-16,-0.423914
8.507,1,1.49905,-5.63944e-16,-0.424478
8.508,1,1.49905,-2.11983e-16,-0.425042
8.509,1,1.49905,-4.24436e-16,-0.425605
8.51,1,1.49905,-2.30477e-16,-0.426167
8.511,1,1.49905,-4.59917e-16,-0.42673
8.512,1,1.49905,-3.08106e-16,-0.427292
8.513,1,1.49905,-6.22787e-16,-0.427853
8.514,1,1.49905,-1.17783e-16,-0.428414
8.515,1,1.49905,-4.96963e-16,-0.428974
8.516,1,1.49905,-5.84939e-16,-0.429534
8.517,1,1.49905,-3.39323e-16,-0.430094
8.518,1,1.49905,-1.87829e-16,-0.430653
8.519,1,1.49905,-2.12093e-16,-0.431212
8.52,1,1.49905,-4.27548e-16,-0.431771
8.521,1,1.49905,-7.77087e-17,-0.432328
8.522,1,1.49905,-2.84967e-16,-0.432886
8.523,1,1.49905,-3.58933e-16,-0.433443
8.524,1,1.49905,-5.1657e-16,-0.434
8.525,1,1.49905,-4.84894e-16,-0.434556
8.526,1,1.49905,-4.09929e-16,-0.435112
8.527,1,1.49905,-3.94288e-16,-0.435667
8.528,1,1.49905,-4.24551e-16,-0.436222
8.529,1,1.49905,-1.13451e-16,-0.436776
8.53,1,1.49905,-6.478e-16,-0.437331
8.531,1,1.49905,-3.54168e-16,-0.437884
8.532,1,1.49905,-2.97524e-16,-0.438437
8.533,1,1.49905,-3.5288e-16,-0.43899
8.534,1,1.49905,-2.41915e-16,-0.439542
8.535,1,1.49905,-4.27651e-16,-0.440094
8.536,1,1.49905,-3.1637e-16,-0.440646
8.537,1,1.49905,-2.73243e-16,-0.441197
8.538,1,1.49905,-9.08416e-16,-0.441747
8.539,1,1.49905,-4.36554e-16,-0.442297
8.54,1,1.49905,-3.41699e-16,-0.442847
8.541,1,1.49905,-1.51222e-16,-0.443396
8.542,1,1.49905,-3.19741e-16,-0.443945
8.543,1,1.49905,-2.97371e-16,-0.444493
8.544,1,1.49905,-3.21956e-16,-0.445041
8.545,1,1.49905,-5.54826e-16,-0.445589
8.546,1,1.49905,-4.24716e-16,-0.446136
8.547,1,1.49905,-1.00162e-16,-0.446682
8.548,1,1.49905,-4.66047e-16,-0.447228
8.549,1,1.49905,-4.78184e-17,-0.447774
8.55,1,1.49905,-3.32461e-17,-0.448319
8.551,1,1.49905,-3.7343e-16,-0.448864
8.552,1,1.49905,-6.58993e-16,-0.449408
8.553,1,1.49905,-3.40454e-16,-0.449952
8.554,1,1.49905,-3.17672e-16,-0.450495
8.555,1,1.49905,-2.31861e-16,-0.451038
8.556,1,1.49905,-3.15095e-16,-0.451581
8.557,1,1.49905,-4.44979e-16,-0.452123
8.558,1,1.49905,-1.52791e-16,-0.452665
8.559,1,1.49905,-6.02992e-16,-0.453206
8.56,1,1.49905,-5.07586e-16,-0.453746
8.561,1,1.49905,-3.8681e-16,-0.454287
8.562,1,1.49905,-5.89394e-16,-0.454826
8.563,1,1.49905,-5.38954e-16,-0.455366
8.564,1,1.49905,-3.88851e-16,-0.455905
8.565,1,1.49905,-2.64273e-16,-0.456443
8.566,1,1.49905,-4.11434e-16,-0.456981
8.567,1,1.49905,-1.30175e-16,-0.457519
8.568,1,1.49905,-3.25903e-16,-0.458056
8.569,1,1.49905,-3.92198e-16,-0.458592
8.57,1,1.49905,-2.14752e-16,-0.459129
8.571,1,1.49905,-7.21872e-16,-0.459664
8.572,1,1.49905,-6.82375e-16,-0.460199
8.573,1,1.49905,-4.68857e-16,-0.460734
8.574,1,1.49905,-6.11201e-16,-0.461269
8.575,1,1.49905,-4.10019e-16,-0.461802
8.576,1,1.49905,-2.6675e-16,-0.462336
8.577,1,1.49905,-4.78669e-16,-0.462869
8.578,1,1.49905,-5.85437e-16,-0.463401
8.579,1,1.49905,-4.97554e-16,-0.463933
8.58,1,1.49905,-4.49246e-16,-0.464465
8.581,1,1.49905,-4.07083e-16,-0.464996
8.582,1,1.49905,-4.3421e-16,-0.465527
8.583,1,1.49905,1.05073e-17,-0.466057
8.584,1,1.49905,-3.46219e-16,-0.466586
8.585,1,1.49905,-5.90776e-16,-0.467116
8.586,1,1.49905,-1.58131e-16,-0.467644
8.587,1,1.49905,-5.16273e-16,-0.468173
8.588,1,1.49905,-1.66906e-16,-0.4687
8.589,1,1.49905,-4.17425e-16,-0.469228
8.59,1,1.49905,-3.23963e-16,-0.469755
8.591,1,1.49905,-2.80788e-16,-0.470281
8.592,1,1.49905,-3.1774e-16,-0.470807
8.593,1,1.49905,-2.34116e-16,-0.471333
8.594,1,1.49905,-3.50954e-16,-0.471858
8.595,1,1.49905,-1.49619e-16,-0.472382
8.596,1,1.49905,-1.58567e-16,-0.472906
8.597,1,1.49905,-2.91242e-16,-0.47343
8.598,1,1.49905,-5.13427e-16,-0.473953
8.599,1,1.49905,-5.79232e-16,-0.474476
8.6,1,1.49905,-3.15633e-16,-0.474998
8.601,1,1.49905,-5.61513e-17,-0.475519
8.602,1,1.49905,-3.40847e-16,-0.476041
8.603,1,1.49905,-5.27556e-16,-0.476561
8.604,1,1.49905,-3.35323e-16,-0.477082
8.605,1,1.49905,-9.8162e-17,-0.477602
8.606,1,1.49905,-8.54965e-17,-0.478121
8.607,1,1.49905,-6.2762e-16,-0.47864
8.608,1,1.49905,-5.22261e-16,-0.479158
8.609,1,1.49905,-2.35872e-18,-0.479676
8.61,1,1.49905,-5.11595e-16,-0.480193
8.611,1,1.49905,-7.72309e-16,-0.48071
8.612,1,1.49905,-2.88895e-16,-0.481227
8.613,1,1.49905,-7.22414e-16,-0.481743
8.614,1,1.49905,-6.27447e-17,-0.482258
8.615,1,1.49905,-7.22009e-16,-0.482773
8.616,1,1.49905,-3.41609e-16,-0.483288
8.617,1,1.49905,-4.66271e-16,-0.483802
8.618,1,1.49905,-3.29808e-16,-0.484315
8.619,1,1.49905,-3.66607e-16,-0.484828
8.62,1,1.49905,-6.12325e-16,-0.485341
8.621,1,1.49905,-2.09099e-16,-0.485853
8.622,1,1.49905,-4.97548e-16,-0.486365
8.623,1,1.49905,-3.04219e-16,-0.486876
8.624,1,1.49905,-5.24537e-16,-0.487387
8.625,1,1.49905,-3.34003e-16,-0.487897
8.626,1,1.49905,-1.57298e-16,-0.488406
8.627,1,1.49905,-5.13677e-16,-0.488916
8.628,1,1.49905,-1.42442e-16,-0.489424
8.629,1,1.49905,-5.80738e-16,-0.489933
8.63,1,1.49905,-2.24887e-16,-0.49044
8.631,1,1.49905,-1.75811e-16,-0.490948
8.632,1,1.49905,-5.24019e-16,-0.491454
8.633,1,1.49905,-2.25839e-16,-0.491961
8.634,1,1.49905,-3.25001e-16,-0.492466
8.635,1,1.49905,-3.20527e-16,-0.492972
8.636,1,1.49905,-2.42777e-16,-0.493476
8.637,1,1.49905,-3.94151e-16,-0.493981
8.638,1,1.49905,-3.45646e-16,-0.494485
8.639,1,1.49905,6.08601e-17,-0.494988
8.64,1,1.49905,-3.38003e-16,-0.495491
8.641,1,1.49905,-3.14248e-16,-0.495993
8.642,1,1.49905,-2.77818e-16,-0.496495
8.643,1,1.49905,1.6674e-16,-0.496996
8.644,1,1.49905,-9.46814e-17,-0.497497
8.645,1,1.49905,-5.65706e-16,-0.497997
8.646,1,1.49905,-8.75575e-16,-0.498497
8.647,1,1.49905,-2.21486e-16,-0.498996
8.648,1,1.49905,-4.3932e-16,-0.499495
8.649,1,1.49905,-4.14947e-16,-0.499994
8.65,1,1.49905,-3.52967e-16,-0.500492
8.651,1,1.49905,-7.65272e-16,-0.500989
8.652,1,1.49905,-4.83574e-16,-0.501486
8.653,1,1.49905,-5.85617e-16,-0.501982
8.654,1,1.49905,-1.89795e-16,-0.502478
8.655,1,1.49905,-1.24666e-16,-0.502973
8.656,1,1.49905,-2.46285e-16,-0.503468
8.657,1,1.49905,-4.52621e-17,-0.503962
8.658,1,1.49905,-3.66828e-16,-0.504456
8.659,1,1.49905,-4.0134e-16,-0.50495
8.66,1,1.49905,-4.57263e-16,-0.505442
8.661,1,1.49905,-5.40752e-16,-0.505935
8.662,1,1.49905,-3.30102e-16,-0.506427
8.663,1,1.49905,-7.53803e-16,-0.506918
8.664,1,1.49905,-3.14413e-16,-0.507409
8.665,1,1.49905,-1.13059e-16,-0.507899
8.666,1,1.49905,-3.12555e-16,-0.508389
8.667,1,1.49905,1.85164e-17,-0.508878
8.668,1,1.49905,-5.22263e-16,-0.509367
8.669,1,1.49905,-6.30008e-16,-0.509855
8.67,1,1.49905,-3.02298e-16,-0.510343
8.671,1,1.49905,-5.32772e-16,-0.51083
8.672,1,1.49905,-5.87065e-16,-0.511317
8.673,1,1.49905,-2.12067e-16,-0.511803
8.674,1,1.49905,-3.5833e-16,-0.512289
8.675,1,1.49905,-1.77528e-16,-0.512774
8.676,1,1.49905,-3.74762e-16,-0.513259
8.677,1,1.49905,-5.07072e-16,-0.513743
8.678,1,1.49905,-6.82796e-16,-0.514227
8.679,1,1.49905,-2.73472e-16,-0.51471
8.68,1,1.49905,-3.65057e-16,-0.515192
8.681,1,1.49905,-5.8123e-16,-0.515675
8.682,1,1.49905,-1.03145e-16,-0.516156
8.683,1,1.49905,-3.45539e-16,-0.516637
8.684,1,1.49905,-4.48295e-16,-0.517118
8.685,1,1.49905,-4.86772e-16,-0.517598
8.686,1,1.49905,-1.3e-16,-0.518077
8.687,1,1.49905,-3.41247e-16,-0.518556
8.688,1,1.49905,-4.36205e-16,-0.519035
8.689,1,1.49905,-1.2853e-16,-0.519513
8.69,1,1.49905,-3.63997e-16,-0.51999
8.691,1,1.49905,-5.05737e-16,-0.520467
8.692,1,1.49905,-5.1734e-16,-0.520944
8.693,1,1.49905,-6.02117e-16,-0.52142
8.694,1,1.49905,-1.60436e-16,-0.521895
8.695,1,1.49905,-2.81341e-16,-0.52237
8.696,1,1.49905,-2.74412e-16,-0.522844
8.697,1,1.49905,-4.18831e-16,-0.523318
8.698,1,1.49905,-3.81938e-16,-0.523792
8.699,1,1.49905,-3.80002e-16,-0.524264
8.7,1,1.49905,-9.76409e-17,-0.524737
8.701,1,1.49905,-5.42196e-17,-0.525208
8.702,1,1.49905,-1.92658e-16,-0.52568
8.703,1,1.49905,-3.98462e-16,-0.52615
8.704,1,1.49905,-4.65234e-16,-0.52662
8.705,1,1.49905,-2.93448e-16,-0.52709
8.706,1,1.49905,-2.18676e-16,-0.527559
8.707,1,1.49905,-4.75757e-16,-0.528028
8.708,1,1.49905,-3.93942e-16,-0.528496
8.709,1,1.49905,-2.65041e-16,-0.528963
8.71,1,1.49905,-1.5846e-16,-0.52943
8.711,1,1.49905,-2.26258e-16,-0.529897
8.712,1,1.49905,-6.04203e-16,-0.530363
8.713,1,1.49905,-4.65802e-16,-0.530828
8.714,1,1.49905,-2.50431e-16,-0.531293
8.715,1,1.49905,-2.47793e-16,-0.531758
8.716,1,1.49905,-6.18659e-16,-0.532221
8.717,1,1.49905,-5.19306e-16,-0.532685
8.718,1,1.49905,-3.59959e-16,-0.533148
8.719,1,1.49905,7.47983e-17,-0.53361
8.72,1,1.49905,-4.15402e-16,-0.534071
8.721,1,1.49905,-5.44258e-16,-0.534533
8.722,1,1.49905,-3.78817e-16,-0.534993
8.723,1,1.49905,-1.37775e-16,-0.535453
8.724,1,1.49905,-2.16267e-16,-0.535913
8.725,1,1.49905,-9.30306e-17,-0.536372
8.726,1,1.49905,-3.30424e-17,-0.53683
8.727,1,1.49905,-2.61511e-16,-0.537288
8.728,1,1.49905,-3.63508e-16,-0.537746
8.729,1,1.49905,-3.64587e-16,-0.538203
8.73,1,1.49905,-2.5868e-16,-0.538659
8.731,1,1.49905,-4.58861e-16,-0.539115
8.732,1,1.49905,-3.54354e-16,-0.53957
8.733,1,1.49905,-3.10578e-16,-0.540025
8.734,1,1.49905,-6.36598e-16,-0.540479
8.735,1,1.49905,-3.51306e-16,-0.540933
8.736,1,1.49905,-8.02814e-17,-0.541386
8.737,1,1.49905,-2.27157e-16,-0.541839
8.738,1,1.49905,-2.52593e-16,-0.542291
8.739,1,1.49905,-1.42209e-16,-0.542742
8.74,1,1.49905,-1.44437e-16,-0.543193
8.741,1,1.49905,-3.73837e-16,-0.543643
8.742,1,1.49905,-2.68694e-16,-0.544093
8.743,1,1.49905,-4.77078e-16,-0.544543
8.744,1,1.49905,-2.86841e-16,-0.544991
8.745,1,1.49905,-1.78628e-16,-0.54544
8.746,1,1.49905,-5.42207e-16,-0.545887
8.747,1,1.49905,-3.79249e-16,-0.546335
8.748,1,1.49905,-4.12405e-16,-0.546781
8.749,1,1.49905,-4.97645e-17,-0.547227
8.75,1,1.49905,-3.87432e-16,-0.547673
8.751,1,1.49905,-3.58025e-16,-0.548118
8.752,1,1.49905,-4.82108e-16,-0.548562
8.753,1,1.49905,-2.3419e-16,-0.549006
8.754,1,1.49905,-6.51319e-16,-0.549449
8.755,1,1.49905,-3.3501e-16,-0.549892
8.756,1,1.49905,-6.41612e-17,-0.550334
8.757,1,1.49905,-2.62321e-16,-0.550776
8.758,1,1.49905,1.07406e-16,-0.551217
8.759,1,1.49905,-4.21358e-17,-0.551658
8.76,1,1.49905,-2.67125e-16,-0.552098
8.761,1,1.49905,-2.47113e-16,-0.552537
8.762,1,1.49905,-5.9716e-16,-0.552976
8.763,1,1.49905,-4.97339e-17,-0.553415
8.764,1,1.49905,5.98167e-18,-0.553852
8.765,1,1.49905,-8.05697e-17,-0.55429
8.766,1,1.49905,-2.02785e-16,-0.554726
8.767,1,1.49905,-3.29539e-16,-0.555163
8.768,1,1.49905,-1.64763e-16,-0.555598
8.769,1,1.49905,6.03974e-18,-0.556033
8.77,1,1.49905,-8.18953e-16,-0.556468
8.771,1,1.49905,-3.46925e-16,-0.556902
8.772,1,1.49905,-3.76925e-16,-0.557335
8.773,1,1.49905,-3.61674e-16,-0.557768
8.774,1,1.49905,-1.67146e-16,-0.5582
8.775,1,1.49905,-3.21529e-16,-0.558632
8.776,1,1.49905,-4.37684e-16,-0.559063
8.777,1,1.49905,-6.49745e-16,-0.559494
8.778,1,1.49905,-1.43641e-16,-0.559924
8.779,1,1.49905,-1.13123e-16,-0.560353
8.78,1,1.49905,-7.56675e-17,-0.560782
8.781,1,1.49905,-5.42903e-16,-0.56121
8.782,1,1.49905,-5.28989e-16,-0.561638
8.783,1,1.49905,-2.93246e-16,-0.562065
8.784,1,1.49905,-4.37292e-16,-0.562492
8.785,1,1.49905,-2.3854e-16,-0.562918
8.786,1,1.49905,-5.06433e-16,-0.563344
8.787,1,1.49905,-6.1294e-17,-0.563769
8.788,1,1.49905,-2.89003e-16,-0.564193
8.789,1,1.49905,-3.90877e-16,-0.564617
8.79,1,1.49905,-3.28161e-16,-0.56504
8.791,1,1.49905,-3.15871e-16,-0.565463
8.792,1,1.49905,-3.65048e-16,-0.565885
8.793,1,1.49905,-2.7218e-16,-0.566307
8.794,1,1.49905,-2.90971e-16,-0.566728
8.795,1,1.49905,-6.41061e-16,-0.567149
8.796,1,1.49905,3.14647e-17,-0.567568
8.797,1,1.49905,-3.47091e-16,-0.567988
8.798,1,1.49905,-5.19496e-16,-0.568407
8.799,1,1.49905,-4.98798e-16,-0.568825
8.8,1,1.49905,-2.76309e-16,-0.569242
8.801,1,1.49905,-4.01801e-16,-0.56966
8.802,1,1.49905,-3.88578e-16,-0.570076
8.803,1,1.49905,8.63359e-18,-0.570492
8.804,1,1.49905,-7.74516e-16,-0.570907
8.805,1,1.49905,-1.07224e-16,-0.571322
8.806,1,1.49905,-1.29031e-16,-0.571736
8.807,1,1.49905,-2.11854e-16,-0.57215
8.808,1,1.49905,-4.46809e-17,-0.572563
8.809,1,1.49905,-1.15747e-16,-0.572976
8.81,1,1.49905,-2.06594e-16,-0.573388
8.811,1,1.49905,-5.88723e-16,-0.573799
8.812,1,1.49905,-2.46017e-16,-0.57421
8.813,1,1.49905,-1.79825e-16,-0.57462
8.814,1,1.49905,-5.04963e-16,-0.57503
8.815,1,1.49905,-3.79156e-16,-0.575439
8.816,1,1.49905,-1.51949e-16,-0.575847
8.817,1,1.49905,-1.04409e-16,-0.576255
8.818,1,1.49905,-3.21548e-16,-0.576663
8.819,1,1.49905,-2.96729e-16,-0.577069
8.82,1,1.49905,-2.36629e-16,-0.577476
8.821,1,1.49905,-5.64546e-16,-0.577881
8.822,1,1.49905,-1.66631e-16,-0.578286
8.823,1,1.49905,-4.70766e-16,-0.578691
8.824,1,1.49905,-4.35471e-16,-0.579095
8.825,1,1.49905,-1.09165e-16,-0.579498
8.826,1,1.49905,-4.44125e-16,-0.579901
8.827,1,1.49905,-2.41084e-16,-0.580303
8.828,1,1.49905,-3.92646e-16,-0.580705
8.829,1,1.49905,-1.98458e-16,-0.581106
8.83,1,1.49905,-4.07733e-16,-0.581506
8.831,1,1.49905,-3.91659e-16,-0.581906
8.832,1,1.49905,-4.48539e-16,-0.582305
8.833,1,1.49905,-3.33221e-16,-0.582704
8.834,1,1.49905,-4.15425e-16,-0.583102
8.835,1,1.49905,-3.16876e-16,-0.583499
8.836,1,1.49905,-2.93839e-16,-0.583896
8.837,1,1.49905,5.44028e-17,-0.584293
8.838,1,1.49905,-2.20787e-16,-0.584688
8.839,1,1.49905,-3.76489e-16,-0.585084
8.84,1,1.49905,-3.46995e-16,-0.585478
8.841,1,1.49905,-5.26075e-16,-0.585872
8.842,1,1.49905,-7.37349e-16,-0.586266
8.843,1,1.49905,-3.6871e-16,-0.586659
8.844,1,1.49905,-3.19999e-17,-0.587051
8.845,1,1.49905,-2.43031e-16,-0.587443
8.846,1,1.49905,1.55774e-16,-0.587834
8.847,1,1.49905,-1.19692e-16,-0.588224
8.848,1,1.49905,-4.90902e-16,-0.588614
8.849,1,1.49905,5.8455e-17,-0.589003
8.85,1,1.49905,-4.56936e-16,-0.589392
8.851,1,1.49905,-1.91769e-16,-0.58978
8.852,1,1.49905,-7.59622e-17,-0.590168
8.853,1,1.49905,-3.52677e-16,-0.590555
8.854,1,1.49905,-3.83237e-17,-0.590941
8.855,1,1.49905,-3.24135e-16,-0.591327
8.856,1,1.49905,-2.68612e-16,-0.591712
8.857,1,1.49905,-3.62674e-16,-0.592097
8.858,1,1.49905,-3.01317e-16,-0.592481
8.859,1,1.49905,-3.02449e-16,-0.592864
8.86,1,1.49905,-8.51198e-16,-0.593247
8.861,1,1.49905,-4.10296e-16,-0.593629
8.862,1,1.49905,-2.42764e-16,-0.594011
8.863,1,1.49905,-1.98775e-16,-0.594392
8.864,1,1.49905,-4.00525e-16,-0.594773
8.865,1,1.49905,-2.28619e-16,-0.595152
8.866,1,1.49905,-6.11918e-16,-0.595532
8.867,1,1.49905,-3.24332e-16,-0.59591
8.868,1,1.49905,-5.50098e-16,-0.596289
8.869,1,1.49905,-3.20985e-16,-0.596666
8.87,1,1.49905,-4.61576e-16,-0.597043
8.871,1,1.49905,-2.44285e-16,-0.597419
8.872,1,1.49905,-2.26195e-16,-0.597795
8.873,1,1.49905,2.42454e-16,-0.59817
8.874,1,1.49905,-3.61907e-16,-0.598545
8.875,1,1.49905,-2.52204e-16,-0.598919
8.876,1,1.49905,-6.57379e-16,-0.599292
8.877,1,1.49905,-2.84079e-16,-0.599665
8.878,1,1.49905,-3.19745e-16,-0.600037
8.879,1,1.49905,-2.30979e-16,-0.600408
8.88,1,1.49905,-2.81092e-16,-0.600779
8.881,1,1.49905,-5.91094e-16,-0.60115
8.882,1,1.49905,-3.35795e-16,-0.601519
8.883,1,1.49905,-2.37684e-16,-0.601888
8.884,1,1.49905,-4.69163e-16,-0.602257
8.885,1,1.49905,-3.75608e-16,-0.602625
8.886,1,1.49905,4.66133e-17,-0.602992
8.887,1,1.49905,-5.42601e-16,-0.603359
8.888,1,1.49905,-1.63735e-16,-0.603725
8.889,1,1.49905,-2.92117e-17,-0.604091
8.89,1,1.49905,-1.6047e-16,-0.604455
8.891,1,1.49905,-4.16567e-16,-0.60482
8.892,1,1.49905,-6.51433e-16,-0.605183
8.893,1,1.49905,-1.51088e-16,-0.605547
8.894,1,1.49905,-4.81728e-16,-0.605909
8.895,1,1.49905,6.50588e-17,-0.606271
8.896,1,1.49905,-5.81788e-16,-0.606632
8.897,1,1.49905,-2.01565e-16,-0.606993
8.898,1,1.49905,-5.8872e-16,-0.607353
8.899,1,1.49905,-5.0909e-16,-0.607712
8.9,1,1.49905,-2.45415e-16,-0.608071
8.901,1,1.49905,-1.00482e-15,-0.60843
8.902,1,1.49905,-2.22453e-16,-0.608787
8.903,1,1.49905,-6.38889e-16,-0.609144
8.904,1,1.49905,-5.08598e-17,-0.609501
8.905,1,1.49905,-3.10449e-16,-0.609857
8.906,1,1.49905,-3.36672e-16,-0.610212
8.907,1,1.49905,-2.73483e-16,-0.610566
8.908,1,1.49905,-7.37013e-16,-0.61092
8.909,1,1.49905,-2.83904e-16,-0.611274
8.91,1,1.49905,-3.45486e-16,-0.611627
8.911,1,1.49905,-8.56494e-17,-0.611979
8.912,1,1.49905,-6.56569e-16,-0.61233
8.913,1,1.49905,-2.89869e-16,-0.612681
8.914,1,1.49905,-5.36078e-16,-0.613032
8.915,1,1.49905,-3.76261e-16,-0.613381
8.916,1,1.49905,-2.18063e-16,-0.61373
8.917,1,1.49905,-1.20906e-16,-0.614079
8.918,1,1.49905,-2.78941e-16,-0.614427
8.919,1,1.49905,-3.12168e-16,-0.614774
8.92,1,1.49905,-5.54695e-16,-0.615121
8.921,1,1.49905,-4.22429e-16,-0.615467
8.922,1,1.49905,-1.95835e-16,-0.615812
8.923,1,1.49905,-1.92769e-16,-0.616157
8.924,1,1.49905,-4.15442e-16,-0.616501
8.925,1,1.49905,-5.99248e-16,-0.616845
8.926,1,1.49905,-3.06966e-16,-0.617188
8.927,1,1.49905,-1.25196e-16,-0.61753
8.928,1,1.49905,-5.74044e-16,-0.617872
8.929,1,1.49905,-4.12514e-16,-0.618213
8.93,1,1.49905,-2.01575e-16,-0.618554
8.931,1,1.49905,6.46966e-17,-0.618893
8.932,1,1.49905,-2.37177e-16,-0.619233
8.933,1,1.49905,-2.23686e-16,-0.619571
8.934,1,1.49905,-3.61436e-16,-0.619909
8.935,1,1.49905,-7.58558e-16,-0.620247
8.936,1,1.49905,-3.49323e-16,-0.620584
8.937,1,1.49905,-6.19917e-17,-0.62092
8.938,1,1.49905,-3.74517e-16,-0.621255
8.939,1,1.49905,-5.6859e-16,-0.62159
8.94,1,1.49905,-3.25401e-16,-0.621925
8.941,1,1.49905,-3.04951e-16,-0.622258
8.942,1,1.49905,-4.31146e-16,-0.622591
8.943,1,1.49905,-4.42618e-16,-0.622924
8.944,1,1.49905,-3.30863e-16,-0.623256
8.945,1,1.49905,-3.1924e-16,-0.623587
8.946,1,1.49905,-7.55106e-16,-0.623918
8.947,1,1.49905,-1.45402e-16,-0.624247
8.948,1,1.49905,-6.4791e-16,-0.624577
8.949,1,1.49905,-4.91043e-16,-0.624906
8.95,1,1.49905,-5.24599e-17,-0.625234
8.951,1,1.49905,-4.5245e-16,-0.625561
8.952,1,1.49905,-3.97654e-16,-0.625888
8.953,1,1.49905,-1.93537e-16,-0.626214
8.954,1,1.49905,-4.19646e-16,-0.62654
8.955,1,1.49905,-3.83537e-16,-0.626865
8.956,1,1.49905,-2.73619e-16,-0.627189
8.957,1,1.49905,-2.03617e-16,-0.627513
8.958,1,1.49905,-3.24005e-16,-0.627836
8.959,1,1.49905,-3.85299e-16,-0.628158
8.96,1,1.49905,-3.83113e-16,-0.62848
8.961,1,1.49905,-5.2455e-16,-0.628801
8.962,1,1.49905,-5.85708e-16,-0.629122
8.963,1,1.49905,-1.72838e-16,-0.629442
8.964,1,1.49905,-1.8444e-16,-0.629761
8.965,1,1.49905,-2.89901e-16,-0.63008
8.966,1,1.49905,-4.34827e-16,-0.630398
8.967,1,1.49905,-3.4565e-16,-0.630716
8.968,1,1.49905,-2.38491e-16,-0.631032
8.969,1,1.49905,-4.93052e-16,-0.631349
8.97,1,1.49905,-9.92542e-16,-0.631664
8.971,1,1.49905,-3.80457e-16,-0.631979
8.972,1,1.49905,-2.53871e-16,-0.632293
8.973,1,1.49905,-1.2681e-16,-0.632607
8.974,1,1.49905,-4.58252e-16,-0.63292
8.975,1,1.49905,-3.6406e-16,-0.633232
8.976,1,1.49905,-5.15188e-16,-0.633544
8.977,1,1.49905,-1.69197e-16,-0.633855
8.978,1,1.49905,-5.01375e-16,-0.634166
8.979,1,1.49905,-4.4889e-16,-0.634476
8.98,1,1.49905,-1.00341e-16,-0.634785
8.981,1,1.49905,-3.73146e-16,-0.635093
8.982,1,1.49905,-4.51878e-16,-0.635401
8.983,1,1.49905,-4.24894e-16,-0.635709
8.984,1,1.49905,1.23727e-17,-0.636015
8.985,1,1.49905,4.72785e-17,-0.636322
8.986,1,1.49905,-3.81867e-16,-0.636627
8.987,1,1.49905,-1.17719e-16,-0.636932
8.988,1,1.49905,-3.40357e-16,-0.637236
8.989,1,1.49905,-3.39613e-17,-0.637539
8.99,1,1.49905,-1.94381e-16,-0.637842
8.991,1,1.49905,-1.62009e-16,-0.638145
8.992,1,1.49905,-6.5256e-16,-0.638446
8.993,1,1.49905,-1.68101e-16,-0.638747
8.994,1,1.49905,-6.25178e-16,-0.639047
8.995,1,1.49905,-5.11439e-16,-0.639347
8.996,1,1.49905,-2.57599e-16,-0.639646
8.997,1,1.49905,-6.79407e-16,-0.639945
8.998,1,1.49905,-6.0727e-16,-0.640242
8.999,1,1.49905,-1.73097e-16,-0.64054
9,1,1.49905,-1.07852e-16,-0.640836
9.001,1,1.49905,-4.62364e-16,-0.641132
9.002,1,1.49905,-1.10774e-16,-0.641427
9.003,1,1.49905,-5.36194e-16,-0.641722
9.004,1,1.49905,-9.34579e-17,-0.642016
9.005,1,1.49905,-2.51911e-16,-0.642309
9.006,1,1.49905,-3.06909e-16,-0.642602
9.007,1,1.49905,1.76419e-16,-0.642894
9.008,1,1.49905,-4.55465e-16,-0.643185
9.009,1,1.49905,-9.01389e-17,-0.643476
9.01,1,1.49905,-5.33184e-16,-0.643766
9.011,1,1.49905,-4.7386e-17,-0.644055
9.012,1,1.49905,-3.96377e-16,-0.644344
9.013,1,1.49905,-4.80393e-16,-0.644632
9.014,1,1.49905,-6.18959e-16,-0.64492
9.015,1,1.49905,-7.07114e-16,-0.645207
9.016,1,1.49905,-6.04049e-16,-0.645493
9.017,1,1.49905,-2.86327e-16,-0.645779
9.018,1,1.49905,-5.69025e-16,-0.646064
9.019,1,1.49905,-6.44755e-16,-0.646348
9.02,1,1.49905,-2.73326e-16,-0.646631
9.021,1,1.49905,-4.8318e-16,-0.646915
9.022,1,1.49905,-2.43207e-16,-0.647197
9.023,1,1.49905,-2.50775e-16,-0.647479
9.024,1,1.49905,-2.80177e-16,-0.64776
9.025,1,1.49905,-5.80973e-16,-0.64804
9.026,1,1.49905,-7.55524e-16,-0.64832
9.027,1,1.49905,-4.04773e-16,-0.648599
9.028,1,1.49905,-3.39647e-16,-0.648877
9.029,1,1.49905,-4.53282e-16,-0.649155
9.03,1,1.49905,-4.29613e-16,-0.649433
9.031,1,1.49905,-2.63625e-16,-0.649709
9.032,1,1.49905,-8.66574e-16,-0.649985
9.033,1,1.49905,-1.64878e-16,-0.65026
9.034,1,1.49905,-4.41969e-16,-0.650535
9.035,1,1.49905,-7.40399e-16,-0.650809
9.036,1,1.49905,-3.26726e-16,-0.651082
9.037,1,1.49905,-4.46235e-16,-0.651355
9.038,1,1.49905,-1.94427e-16,-0.651627
9.039,1,1.49905,-2.83392e-16,-0.651898
9.04,1,1.49905,-2.33745e-16,-0.652169
9.041,1,1.49905,-1.53128e-17,-0.652439
9.042,1,1.49905,-4.14073e-16,-0.652708
9.043,1,1.49905,-3.39844e-16,-0.652977
9.044,1,1.49905,-2.34598e-16,-0.653245
9.045,1,1.49905,-1.47118e-16,-0.653512
9.046,1,1.49905,-3.04571e-16,-0.653779
9.047,1,1.49905,-3.34291e-16,-0.654045
9.048,1,1.49905,-7.68054e-16,-0.654311
9.049,1,1.49905,-3.29117e-16,-0.654576
9.05,1,1.49905,-2.33715e-16,-0.65484
9.051,1,1.49905,-3.10932e-16,-0.655103
9.052,1,1.49905,-3.09242e-16,-0.655366
9.053,1,1.49905,-2.95373e-16,-0.655628
9.054,1,1.49905,-1.10491e-16,-0.65589
9.055,1,1.49905,-5.9422e-16,-0.656151
9.056,1,1.49905,-2.34018e-16,-0.656411
9.057,1,1.49905,-7.11989e-17,-0.656671
9.058,1,1.49905,-8.19738e-17,-0.65693
9.059,1,1.49905,-7.52296e-17,-0.657188
9.06,1,1.49905,-2.55325e-16,-0.657446
9.061,1,1.49905,-3.2094e-16,-0.657703
9.062,1,1.49905,-4.52019e-16,-0.657959
9.063,1,1.49905,-4.00589e-16,-0.658215
9.064,1,1.49905,-3.75862e-16,-0.65847
9.065,1,1.49905,-3.03017e-16,-0.658724
9.066,1,1.49905,-2.2167e-16,-0.658978
9.067,1,1.49905,-2.09605e-16,-0.659231
9.068,1,1.49905,4.26279e-17,-0.659483
9.069,1,1.49905,-4.56075e-16,-0.659735
9.07,1,1.49905,-1.25607e-16,-0.659986
9.071,1,1.49905,-4.17375e-16,-0.660236
9.072,1,1.49905,-4.94123e-16,-0.660486
9.073,1,1.49905,-1.61734e-16,-0.660735
9.074,1,1.49905,-5.00391e-16,-0.660983
9.075,1,1.49905,-9.6796e-17,-0.661231
9.076,1,1.49905,-3.92296e-16,-0.661478
9.077,1,1.49905,-5.13567e-16,-0.661725
9.078,1,1.49905,-4.27382e-16,-0.66197
9.079,1,1.49905,-9.5263e-17,-0.662216
9.08,1,1.49905,-5.53976e-16,-0.66246
9.081,1,1.49905,-1.05616e-16,-0.662704
9.082,1,1.49905,-4.83953e-16,-0.662947
9.083,1,1.49905,-5.1895e-16,-0.663189
9.084,1,1.49905,-8.60027e-16,-0.663431
9.085,1,1.49905,-1.44976e-16,-0.663672
9.086,1,1.49905,-5.11501e-18,-0.663913
9.087,1,1.49905,-5.23948e-16,-0.664153
9.088,1,1.49905,-4.19908e-16,-0.664392
9.089,1,1.49905,-6.61474e-16,-0.66463
9.09,1,1.49905,-1.39268e-16,-0.664868
9.091,1,1.49905,-2.85729e-16,-0.665105
9.092,1,1.49905,-5.13435e-16,-0.665342
9.093,1,1.49905,-4.56455e-16,-0.665578
9.094,1,1.49905,-2.59514e-16,-0.665813
9.095,1,1.49905,-3.7783e-16,-0.666047
9.096,1,1.49905,-5.73426e-16,-0.666281
9.097,1,1.49905,-7.13422e-16,-0.666514
9.098,1,1.49905,-2.84012e-16,-0.666747
9.099,1,1.49905,-2.11988e-16,-0.666979
9.1,1,1.49905,-8.40644e-16,-0.66721
9.101,1,1.49905,-5.13758e-16,-0.66744
9.102,1,1.49905,-1.70366e-16,-0.66767
9.103,1,1.49905,-3.46334e-16,-0.667899
9.104,1,1.49905,-4.70924e-16,-0.668128
9.105,1,1.49905,-4.60754e-16,-0.668356
9.106,1,1.49905,-2.82461e-16,-0.668583
9.107,1,1.49905,2.1993e-16,-0.66881
9.108,1,1.49905,-5.83263e-16,-0.669035
9.109,1,1.49905,-8.16298e-16,-0.669261
9.11,1,1.49905,2.4264e-17,-0.669485
9.111,1,1.49905,-3.1641e-16,-0.669709
9.112,1,1.49905,-3.13628e-16,-0.669932
9.113,1,1.49905,-5.02405e-16,-0.670155
9.114,1,1.49905,-5.22461e-16,-0.670376
9.115,1,1.49905,-6.79562e-16,-0.670598
9.116,1,1.49905,-3.01526e-16,-0.670818
9.117,1,1.49905,-2.78191e-16,-0.671038
9.118,1,1.49905,-1.68342e-16,-0.671257
9.119,1,1.49905,-4.59036e-17,-0.671476
9.12,1,1.49905,-6.29933e-17,-0.671693
9.121,1,1.49905,4.22168e-17,-0.671911
9.122,1,1.49905,-3.96705e-16,-0.672127
9.123,1,1.49905,-6.20499e-16,-0.672343
9.124,1,1.49905,-2.28002e-16,-0.672558
9.125,1,1.49905,-1.67301e-16,-0.672773
9.126,1,1.49905,-2.55424e-17,-0.672986
9.127,1,1.49905,-2.30221e-16,-0.673199
9.128,1,1.49905,-6.74587e-16,-0.673412
9.129,1,1.49905,-2.28436e-16,-0.673624
9.13,1,1.49905,-4.15463e-16,-0.673835
9.131,1,1.49905,-6.11074e-18,-0.674045
9.132,1,1.49905,-3.89269e-16,-0.674255
9.133,1,1.49905,-4.62881e-16,-0.674464
9.134,1,1.49905,2.18028e-16,-0.674673
9.135,1,1.49905,-1.51271e-16,-0.67488
9.136,1,1.49905,-5.77172e-16,-0.675087
9.137,1,1.49905,-5.34648e-16,-0.675294
9.138,1,1.49905,-6.22458e-16,-0.675499
9.139,1,1.49905,-5.85114e-16,-0.675705
9.14,1,1.49905,-4.09212e-16,-0.675909
9.141,1,1.49905,-3.59539e-17,-0.676113
9.142,1,1.49905,-6.08841e-17,-0.676316
9.143,1,1.49905,-2.13423e-16,-0.676518
9.144,1,1.49905,1.17278e-16,-0.67672
9.145,1,1.49905,-2.09501e-16,-0.676921
9.146,1,1.49905,-2.46597e-16,-0.677121
9.147,1,1.49905,9.40875e-17,-0.677321
9.148,1,1.49905,-2.97499e-16,-0.67752
9.149,1,1.49905,-1.65028e-16,-0.677718
9.15,1,1.49905,-1.97624e-16,-0.677915
9.151,1,1.49905,-4.52569e-16,-0.678112
9.152,1,1.49905,-3.84642e-16,-0.678309
9.153,1,1.49905,-5.03065e-16,-0.678504
9.154,1,1.49905,-4.72856e-16,-0.678699
9.155,1,1.49905,-5.13634e-16,-0.678893
9.156,1,1.49905,-4.63107e-16,-0.679087
9.157,1,1.49905,-8.04924e-17,-0.67928
9.158,1,1.49905,-3.10849e-16,-0.679472
9.159,1,1.49905,-5.57648e-16,-0.679664
9.16,1,1.49905,-7.23494e-16,-0.679854
9.161,1,1.49905,-1.6588e-16,-0.680045
9.162,1,1.49905,-1.48124e-16,-0.680234
9.163,1,1.49905,-2.05265e-16,-0.680423
9.164,1,1.49905,-1.41758e-16,-0.680611
9.165,1,1.49905,-5.40642e-16,-0.680798
9.166,1,1.49905,-4.94303e-16,-0.680985
9.167,1,1.49905,-4.50122e-16,-0.681171
9.168,1,1.49905,-2.25442e-16,-0.681357
9.169,1,1.49905,-6.85389e-17,-0.681541
9.17,1,1.49905,-4.23676e-16,-0.681726
9.171,1,1.49905,-3.85448e-16,-0.681909
9.172,1,1.49905,-5.46436e-16,-0.682092
9.173,1,1.49905,-8.42062e-16,-0.682274
9.174,1,1.49905,-2.59811e-16,-0.682455
9.175,1,1.49905,-3.5685e-16,-0.682636
9.176,1,1.49905,-4.01992e-16,-0.682816
9.177,1,1.49905,-8.23371e-16,-0.682995
9.178,1,1.49905,-3.88758e-16,-0.683173
9.179,1,1.49905,-4.71932e-16,-0.683351
9.18,1,1.49905,-2.46832e-17,-0.683529
9.181,1,1.49905,-5.8551e-17,-0.683705
9.182,1,1.49905,-8.98303e-16,-0.683881
9.183,1,1.49905,-3.8793e-16,-0.684056
9.184,1,1.49905,-8.20569e-16,-0.684231
9.185,1,1.49905,-1.53828e-16,-0.684405
9.186,1,1.49905,-6.43201e-16,-0.684578
9.187,1,1.49905,-5.96771e-16,-0.68475
9.188,1,1.49905,-5.41668e-16,-0.684922
9.189,1,1.49905,-4.92399e-16,-0.685093
9.19,1,1.49905,-5.22005e-16,-0.685263
9.191,1,1.49905,-2.26092e-16,-0.685433
9.192,1,1.49905,-3.50639e-16,-0.685602
9.193,1,1.49905,-3.71601e-16,-0.685771
9.194,1,1.49905,-8.69057e-16,-0.685938
9.195,1,1.49905,-2.04518e-16,-0.686105
9.196,1,1.49905,-7.45211e-17,-0.686271
9.197,1,1.49905,-2.74114e-16,-0.686437
9.198,1,1.49905,-2.53265e-17,-0.686602
9.199,1,1.49905,-1.56658e-16,-0.686766
9.2,1,1.49905,-3.29058e-16,-0.68693
9.201,1,1.49905,-4.81917e-16,-0.687093
9.202,1,1.49905,-3.73476e-16,-0.687255
9.203,1,1.49905,-4.87999e-16,-0.687416
9.204,1,1.49905,-1.83447e-16,-0.687577
9.205,1,1.49905,-1.91161e-16,-0.687737
9.206,1,1.49905,-3.77202e-16,-0.687897
9.207,1,1.49905,-1.28612e-16,-0.688056
9.208,1,1.49905,-6.93545e-16,-0.688214
9.209,1,1.49905,-8.77445e-17,-0.688371
9.21,1,1.49905,-4.78965e-16,-0.688528
9.211,1,1.49905,-1.34414e-16,-0.688684
9.212,1,1.49905,-4.28245e-16,-0.688839
9.213,1,1.49905,-1.97783e-16,-0.688994
9.214,1,1.49905,-2.53272e-16,-0.689148
9.215,1,1.49905,-3.56471e-17,-0.689301
9.216,1,1.49905,-9.22176e-17,-0.689453
9.217,1,1.49905,-3.67216e-16,-0.689605
9.218,1,1.49905,-2.91951e-16,-0.689757
9.219,1,1.49905,-6.98873e-16,-0.689907
9.22,1,1.49905,-3.36893e-16,-0.690057
9.221,1,1.49905,-4.2846e-16,-0.690206
9.222,1,1.49905,-5.47156e-16,-0.690354
9.223,1,1.49905,-3.21278e-16,-0.690502
9.224,1,1.49905,-7.26717e-17,-0.690649
9.225,1,1.49905,-1.08045e-16,-0.690796
9.226,1,1.49905,-3.79149e-16,-0.690941
9.227,1,1.49905,-4.50174e-16,-0.691086
9.228,1,1.49905,-1.35001e-16,-0.691231
9.229,1,1.49905,-5.56409e-16,-0.691374
9.23,1,1.49905,-4.80485e-16,-0.691517
9.231,1,1.49905,-1.34533e-16,-0.691659
9.232,1,1.49905,-3.72916e-16,-0.691801
9.233,1,1.49905,9.08139e-17,-0.691942
9.234,1,1.49905,-7.99321e-17,-0.692082
9.235,1,1.49905,-4.15177e-16,-0.692221
9.236,1,1.49905,-3.46892e-16,-0.69236
9.237,1,1.49905,-1.28387e-16,-0.692498
9.238,1,1.49905,2.72122e-17,-0.692636
9.239,1,1.49905,-2.99082e-16,-0.692772
9.24,1,1.49905,-4.37699e-17,-0.692908
9.241,1,1.49905,-3.14554e-16,-0.693044
9.242,1,1.49905,-2.59042e-16,-0.693178
9.243,1,1.49905,-3.0135e-16,-0.693312
9.244,1,1.49905,-2.69325e-16,-0.693445
9.245,1,1.49905,2.48347e-16,-0.693578
9.246,1,1.49905,-4.24703e-16,-0.69371
9.247,1,1.49905,-3.98455e-16,-0.693841
9.248,1,1.49905,-1.69258e-16,-0.693972
9.249,1,1.49905,-2.77467e-16,-0.694101
9.25,1,1.49905,-9.73573e-17,-0.69423
9.251,1,1.49905,-6.19425e-16,-0.694359
9.252,1,1.49905,-2.3637e-16,-0.694487
9.253,1,1.49905,-2.2777e-18,-0.694614
9.254,1,1.49905,9.41652e-17,-0.69474
9.255,1,1.49905,-3.96387e-16,-0.694866
9.256,1,1.49905,-1.06888e-16,-0.69499
9.257,1,1.49905,-5.23825e-16,-0.695115
9.258,1,1.49905,-2.91257e-16,-0.695238
9.259,1,1.49905,-3.51856e-16,-0.695361
9.26,1,1.49905,-2.34567e-16,-0.695483
9.261,1,1.49905,-4.89122e-17,-0.695605
9.262,1,1.49905,-1.28224e-16,-0.695725
9.263,1,1.49905,-4.79683e-16,-0.695846
9.264,1,1.49905,-3.26899e-16,-0.695965
9.265,1,1.49905,-4.52879e-16,-0.696084
9.266,1,1.49905,-5.97474e-16,-0.696202
9.267,1,1.49905,-5.27195e-16,-0.696319
9.268,1,1.49905,-4.04886e-16,-0.696436
9.269,1,1.49905,-1.66712e-16,-0.696551
9.27,1,1.49905,-5.02814e-16,-0.696667
9.271,1,1.49905,-5.77689e-16,-0.696781
9.272,1,1.49905,-3.77965e-16,-0.696895
9.273,1,1.49905,-4.63194e-16,-0.697008
9.274,1,1.49905,-6.85239e-16,-0.697121
9.275,1,1.49905,-6.13028e-16,-0.697232
9.276,1,1.49905,-2.04622e-16,-0.697343
9.277,1,1.49905,-4.77291e-16,-0.697454
9.278,1,1.49905,-1.08546e-16,-0.697563
9.279,1,1.49905,-5.75798e-16,-0.697672
9.28,1,1.49905,-5.32471e-16,-0.69778
9.281,1,1.49905,-2.09254e-16,-0.697888
9.282,1,1.49905,-1.96728e-16,-0.697995
9.283,1,1.49905,-1.73492e-16,-0.698101
9.284,1,1.49905,-1.1764e-16,-0.698207
9.285,1,1.49905,-3.4085e-16,-0.698311
9.286,1,1.49905,-4.39795e-16,-0.698415
9.287,1,1.49905,-2.44673e-16,-0.698519
9.288,1,1.49905,-2.51025e-16,-0.698621
9.289,1,1.49905,-2.11424e-16,-0.698723
9.29,1,1.49905,-1.94623e-16,-0.698825
9.291,1,1.49905,-4.31057e-16,-0.698925
9.292,1,1.49905,-2.96785e-16,-0.699025
9.293,1,1.49905,1.47102e-16,-0.699124
9.294,1,1.49905,-5.31091e-16,-0.699223
9.295,1,1.49905,-4.31476e-16,-0.699321
9.296,1,1.49905,-3.38493e-16,-0.699418
9.297,1,1.49905,-2.95115e-16,-0.699514
9.298,1,1.49905,-4.94083e-16,-0.69961
9.299,1,1.49905,-4.81031e-17,-0.699705
9.3,1,1.49905,-6.48067e-16,-0.699799
9.301,1,1.49905,3.29215e-16,-0.699893
9.302,1,1.49905,-4.35941e-16,-0.699986
9.303,1,1.49905,-5.64346e-16,-0.700078
9.304,1,1.49905,-4.65998e-16,-0.700169
9.305,1,1.49905,-2.58383e-16,-0.70026
9.306,1,1.49905,-4.57842e-16,-0.70035
9.307,1,1.49905,-1.57953e-16,-0.70044
9.308,1,1.49905,-2.79902e-16,-0.700528
9.309,1,1.49905,-2.26217e-16,-0.700616
9.31,1,1.49905,-6.25921e-16,-0.700704
9.311,1,1.49905,-8.32148e-16,-0.70079
9.312,1,1.49905,1.57089e-16,-0.700876
9.313,1,1.49905,-3.65501e-16,-0.700961
9.314,1,1.49905,-2.95395e-16,-0.701046
9.315,1,1.49905,-5.0242e-16,-0.70113
9.316,1,1.49905,-4.83692e-16,-0.701213
9.317,1,1.49905,-3.08543e-16,-0.701295
9.318,1,1.49905,-9.00776e-17,-0.701377
9.319,1,1.49905,-1.54411e-16,-0.701458
9.32,1,1.49905,7.33367e-17,-0.701538
9.321,1,1.49905,-3.78538e-16,-0.701618
9.322,1,1.49905,-1.62431e-16,-0.701697
9.323,1,1.49905,-1.63371e-16,-0.701775
9.324,1,1.49905,-1.15885e-16,-0.701853
9.325,1,1.49905,-2.77839e-16,-0.701929
9.326,1,1.49905,-5.3306e-16,-0.702006
9.327,1,1.49905,-1.74217e-16,-0.702081
9.328,1,1.49905,-5.35418e-16,-0.702156
9.329,1,1.49905,-4.32024e-16,-0.70223
9.33,1,1.49905,-2.67351e-17,-0.702303
9.331,1,1.49905,-1.66807e-16,-0.702376
9.332,1,1.49905,-1.3676e-16,-0.702448
9.333,1,1.49905,-8.77204e-16,-0.702519
9.334,1,1.49905,-4.66855e-16,-0.702589
9.335,1,1.49905,-3.98002e-16,-0.702659
9.336,1,1.49905,-1.57344e-16,-0.702728
9.337,1,1.49905,-6.62062e-16,-0.702797
9.338,1,1.49905,-2.29782e-16,-0.702864
9.339,1,1.49905,-3.18689e-16,-0.702931
9.34,1,1.49905,-1.25495e-16,-0.702998
9.341,1,1.49905,-2.3532e-16,-0.703063
9.342,1,1.49905,-2.08216e-16,-0.703128
9.343,1,1.49905,-5.62221e-16,-0.703192
9.344,1,1.49905,-7.7518e-16,-0.703256
9.345,1,1.49905,-4.62238e-16,-0.703319
9.346,1,1.49905,-1.2274e-17,-0.703381
9.347,1,1.49905,-2.87142e-16,-0.703442
9.348,1,1.49905,-1.89772e-16,-0.703503
9.349,1,1.49905,-5.31673e-16,-0.703563
9.35,1,1.49905,-5.57027e-17,-0.703622
9.351,1,1.49905,-4.09733e-16,-0.703681
9.352,1,1.49905,-3.76743e-16,-0.703738
9.353,1,1.49905,-4.24728e-16,-0.703796
9.354,1,1.49905,-2.83493e-16,-0.703852
9.355,1,1.49905,-1.94242e-16,-0.703908
9.356,1,1.49905,-3.72619e-16,-0.703963
9.357,1,1.49905,-6.31436e-16,-0.704017
9.358,1,1.49905,-3.02435e-16,-0.704071
9.359,1,1.49905,-3.47585e-16,-0.704124
9.36,1,1.49905,-1.95597e-16,-0.704176
9.361,1,1.49905,-5.71413e-16,-0.704228
9.362,1,1.49905,-2.10333e-16,-0.704279
9.363,1,1.49905,-4.9493e-16,-0.704329
9.364,1,1.49905,-3.62861e-16,-0.704378
9.365,1,1.49905,-5.14758e-16,-0.704427
9.366,1,1.49905,-4.05532e-16,-0.704475
9.367,1,1.49905,-4.37575e-16,-0.704522
9.368,1,1.49905,-6.01216e-16,-0.704569
9.369,1,1.49905,-4.29869e-16,-0.704615
9.37,1,1.49905,-5.14548e-17,-0.70466
9.371,1,1.49905,-3.07102e-16,-0.704705
9.372,1,1.49905,-8.4816e-17,-0.704748
9.373,1,1.49905,-4.31669e-16,-0.704791
9.374,1,1.49905,-2.06697e-16,-0.704834
9.375,1,1.49905,-4.48448e-16,-0.704876
9.376,1,1.49905,-5.65381e-16,-0.704917
9.377,1,1.49905,-4.63349e-16,-0.704957
9.378,1,1.49905,-1.96534e-16,-0.704996
9.379,1,1.49905,-4.38756e-16,-0.705035
9.38,1,1.49905,-3.02768e-16,-0.705074
9.381,1,1.49905,-3.22291e-16,-0.705111
9.382,1,1.49905,-3.64126e-16,-0.705148
9.383,1,1.49905,-2.90218e-16,-0.705184
9.384,1,1.49905,-1.23616e-16,-0.705219
9.385,1,1.49905,-2.10609e-16,-0.705254
9.386,1,1.49905,-5.58914e-16,-0.705288
9.387,1,1.49905,-4.98998e-16,-0.705321
9.388,1,1.49905,-1.4213e-16,-0.705354
9.389,1,1.49905,-2.38508e-16,-0.705386
9.39,1,1.49905,-1.78099e-16,-0.705417
9.391,1,1.49905,-1.18287e-16,-0.705447
9.392,1,1.49905,-2.16276e-16,-0.705477
9.393,1,1.49905,-5.61902e-16,-0.705506
9.394,1,1.49905,-4.55673e-16,-0.705534
9.395,1,1.49905,-2.14077e-16,-0.705562
9.396,1,1.49905,4.54168e-17,-0.705589
9.397,1,1.49905,-3.44404e-16,-0.705615
9.398,1,1.49905,-5.30264e-16,-0.705641
9.399,1,1.49905,-6.0469e-16,-0.705665
9.4,1,1.49905,-2.57862e-16,-0.705689
9.401,1,1.49905,-3.29666e-16,-0.705713
9.402,1,1.49905,-3.0472e-16,-0.705736
9.403,1,1.49905,-4.31171e-16,-0.705758
9.404,1,1.49905,-1.50194e-16,-0.705779
9.405,1,1.49905,-9.26339e-16,-0.705799
9.406,1,1.49905,-5.08938e-16,-0.705819
9.407,1,1.49905,-2.81594e-16,-0.705839
9.408,1,1.49905,-1.41253e-16,-0.705857
9.409,1,1.49905,-5.53825e-16,-0.705875
9.41,1,1.49905,-4.97716e-16,-0.705892
9.411,1,1.49905,-2.1129e-16,-0.705908
9.412,1,1.49905,-7.39344e-16,-0.705924
9.413,1,1.49905,-2.0354e-16,-0.705939
9.414,1,1.49905,-2.5306e-16,-0.705953
9.415,1,1.49905,-4.52832e-18,-0.705967
9.416,1,1.49905,-1.64775e-17,-0.705979
9.417,1,1.49905,-2.48369e-16,-0.705992
9.418,1,1.49905,-2.06444e-16,-0.706003
9.419,1,1.49905,-2.8187e-16,-0.706014
9.42,1,1.49905,-5.62497e-16,-0.706024
9.421,1,1.49905,-8.39731e-17,-0.706033
9.422,1,1.49905,-3.22061e-16,-0.706042
9.423,1,1.49905,-1.75064e-16,-0.70605
9.424,1,1.49905,-3.34782e-16,-0.706057
9.425,1,1.49905,-7.33938e-16,-0.706063
9.426,1,1.49905,-4.82316e-16,-0.706069
9.427,1,1.49905,-1.97258e-16,-0.706074
9.428,1,1.49905,-3.19989e-16,-0.706078
9.429,1,1.49905,-3.55167e-16,-0.706082
9.43,1,1.49905,-4.54229e-16,-0.706085
9.431,1,1.49905,-5.04727e-16,-0.706087
9.432,1,1.49905,-1.69658e-16,-0.706089
9.433,1,1.49905,1.041e-16,-0.70609
9.434,1,1.49905,-3.44677e-16,-0.70609
9.435,1,1.49905,-3.40679e-16,-0.706089
9.436,1,1.49905,-4.5698e-16,-0.706088
9.437,1,1.49905,-5.66179e-16,-0.706086
9.438,1,1.49905,-4.77734e-16,-0.706083
9.439,1,1.49905,-4.01192e-16,-0.70608
9.44,1,1.49905,-2.84871e-16,-0.706076
9.441,1,1.49905,1.7927e-16,-0.706071
9.442,1,1.49905,-1.42299e-16,-0.706066
9.443,1,1.49905,-2.55061e-16,-0.70606
9.444,1,1.49905,-3.76433e-16,-0.706053
9.445,1,1.49905,-1.80285e-16,-0.706045
9.446,1,1.49905,-3.1494e-16,-0.706037
9.447,1,1.49905,-4.55578e-16,-0.706028
9.448,1,1.49905,-2.32756e-16,-0.706018
9.449,1,1.49905,-6.26691e-17,-0.706008
9.45,1,1.49905,-2.83206e-16,-0.705996
9.451,1,1.49905,-4.97675e-16,-0.705985
9.452,1,1.49905,8.25375e-17,-0.705972
9.453,1,1.49905,-4.13587e-16,-0.705959
9.454,1,1.49905,-7.23227e-17,-0.705945
9.455,1,1.49905,-2.27718e-16,-0.70593
9.456,1,1.49905,-2.64413e-16,-0.705915
9.457,1,1.49905,-3.3794e-16,-0.705899
9.458,1,1.49905,-3.43572e-16,-0.705882
9.459,1,1.49905,1.07712e-16,-0.705865
9.46,1,1.49905,-3.23682e-16,-0.705846
9.461,1,1.49905,-2.86603e-16,-0.705828
9.462,1,1.49905,-1.29392e-16,-0.705808
9.463,1,1.49905,-2.19726e-16,-0.705788
9.464,1,1.49905,-4.06251e-16,-0.705767
9.465,1,1.49905,-4.94105e-16,-0.705745
9.466,1,1.49905,-3.35517e-16,-0.705723
9.467,1,1.49905,-2.79208e-16,-0.7057
9.468,1,1.49905,-5.82941e-16,-0.705676
9.469,1,1.49905,3.36685e-17,-0.705651
9.47,1,1.49905,-7.1677e-16,-0.705626
9.471,1,1.49905,2.06116e-17,-0.7056
9.472,1,1.49905,-4.20586e-16,-0.705573
9.473,1,1.49905,-4.92486e-16,-0.705546
9.474,1,1.49905,-1.78617e-16,-0.705518
9.475,1,1.49905,-2.82456e-16,-0.705489
9.476,1,1.49905,-3.29117e-16,-0.70546
9.477,1,1.49905,-4.24684e-16,-0.70543
9.478,1,1.49905,-4.431e-16,-0.705399
9.479,1,1.49905,-1.93253e-16,-0.705367
9.48,1,1.49905,-3.02154e-16,-0.705335
9.481,1,1.49905,-3.07497e-16,-0.705302
9.482,1,1.49905,-4.75914e-16,-0.705268
9.483,1,1.49905,-2.7709e-16,-0.705234
9.484,1,1.49905,-5.18265e-16,-0.705199
9.485,1,1.49905,-5.73181e-16,-0.705163
9.486,1,1.49905,-2.10375e-16,-0.705127
9.487,1,1.49905,-1.1949e-16,-0.70509
9.488,1,1.49905,-4.43008e-16,-0.705052
9.489,1,1.49905,-1.25709e-16,-0.705013
9.49,1,1.49905,-5.92825e-16,-0.704974
9.491,1,1.49905,-4.12722e-16,-0.704934
9.492,1,1.49905,-1.76705e-16,-0.704893
9.493,1,1.49905,-3.67308e-16,-0.704852
9.494,1,1.49905,-7.15699e-16,-0.70481
9.495,1,1.49905,-3.2965e-16,-0.704767
9.496,1,1.49905,-9.64233e-17,-0.704723
9.497,1,1.49905,-4.81052e-16,-0.704679
9.498,1,1.49905,-1.45606e-16,-0.704634
9.499,1,1.49905,-6.17197e-16,-0.704589
9.5,1,1.49905,-1.87471e-16,-0.704542
9.501,1,1.49905,-2.71879e-16,-0.704495
9.502,1,1.49905,-1.81553e-16,-0.704447
9.503,1,1.49905,-2.22666e-16,-0.704399
9.504,1,1.49905,-1.96934e-16,-0.70435
9.505,1,1.49905,-4.39602e-16,-0.7043
9.506,1,1.49905,-3.50084e-16,-0.704249
9.507,1,1.49905,-2.5846e-16,-0.704198
9.508,1,1.49905,-6.69668e-16,-0.704146
9.509,1,1.49905,-3.85204e-16,-0.704094
9.51,1,1.49905,-8.5523e-16,-0.70404
9.511,1,1.49905,-3.23071e-16,-0.703986
9.512,1,1.49905,5.87969e-17,-0.703931
9.513,1,1.49905,-5.23462e-16,-0.703876
9.514,1,1.49905,-5.78464e-16,-0.70382
9.515,1,1.49905,-5.62245e-16,-0.703763
9.516,1,1.49905,-4.43767e-16,-0.703705
9.517,1,1.49905,-1.68395e-16,-0.703647
9.518,1,1.49905,-2.38812e-16,-0.703588
9.519,1,1.49905,-4.43419e-16,-0.703528
9.52,1,1.49905,-4.64723e-16,-0.703468
9.521,1,1.49905,-4.16529e-16,-0.703407
9.522,1,1.49905,-1.07171e-16,-0.703345
9.523,1,1.49905,-9.84012e-17,-0.703283
9.524,1,1.49905,-4.74494e-16,-0.703219
9.525,1,1.49905,-2.11514e-16,-0.703156
9.526,1,1.49905,-3.54551e-16,-0.703091
9.527,1,1.49905,-4.79283e-16,-0.703026
9.528,1,1.49905,-3.0138e-16,-0.70296
9.529,1,1.49905,-1.95756e-16,-0.702893
9.53,1,1.49905,-4.73803e-16,-0.702826
9.531,1,1.49905,-1.85989e-16,-0.702757
9.532,1,1.49905,8.05188e-17,-0.702689
9.533,1,1.49905,-2.72095e-16,-0.702619
9.534,1,1.49905,-2.49594e-16,-0.702549
9.535,1,1.49905,3.13002e-18,-0.702478
9.536,1,1.49905,-7.71715e-16,-0.702406
9.537,1,1.49905,-5.73014e-16,-0.702334
9.538,1,1.49905,-2.24116e-16,-0.702261
9.539,1,1.49905,-3.73037e-16,-0.702187
9.54,1,1.49905,-2.95849e-17,-0.702113
9.541,1,1.49905,-2.19655e-16,-0.702038
9.542,1,1.49905,-1.21117e-16,-0.701962
9.543,1,1.49905,1.34725e-16,-0.701885
9.544,1,1.49905,-3.01634e-16,-0.701808
9.545,1,1.49905,-2.34277e-16,-0.70173
9.546,1,1.49905,-5.84839e-16,-0.701652
9.547,1,1.49905,-4.43797e-16,-0.701572
9.548,1,1.49905,1.55591e-16,-0.701492
9.549,1,1.49905,-3.50085e-16,-0.701412
9.55,1,1.49905,-2.65144e-16,-0.70133
9.551,1,1.49905,-3.48678e-16,-0.701248
9.552,1,1.49905,-2.88696e-16,-0.701165
9.553,1,1.49905,-2.86255e-17,-0.701082
9.554,1,1.49905,-1.65162e-16,-0.700998
9.555,1,1.49905,-4.89233e-16,-0.700913
9.556,1,1.49905,-2.69386e-16,-0.700827
9.557,1,1.49905,-5.36567e-16,-0.700741
9.558,1,1.49905,-2.9392e-16,-0.700654
9.559,1,1.49905,-5.99728e-16,-0.700566
9.56,1,1.49905,-4.0772e-16,-0.700478
9.561,1,1.49905,-1.57251e-16,-0.700388
9.562,1,1.49905,-3.82429e-17,-0.700299
9.563,1,1.49905,-1.5593e-16,-0.700208
9.564,1,1.49905,-1.7947e-16,-0.700117
9.565,1,1.49905,-1.38545e-16,-0.700025
9.566,1,1.49905,-5.3313e-16,-0.699932
9.567,1,1.49905,-8.83051e-16,-0.699839
9.568,1,1.49905,-6.1053e-16,-0.699745
9.569,1,1.49905,-9.19977e-17,-0.69965
9.57,1,1.49905,-1.76789e-16,-0.699555
9.571,1,1.49905,-2.25746e-16,-0.699459
9.572,1,1.49905,4.24356e-16,-0.699362
9.573,1,1.49905,-4.05536e-16,-0.699265
9.574,1,1.49905,-1.59133e-17,-0.699166
9.575,1,1.49905,-3.59283e-16,-0.699067
9.576,1,1.49905,-2.27522e-16,-0.698968
9.577,1,1.49905,-4.95455e-16,-0.698868
9.578,1,1.49905,-4.28467e-16,-0.698767
9.579,1,1.49905,-3.03724e-16,-0.698665
9.58,1,1.49905,-9.94517e-18,-0.698563
9.581,1,1.49905,-6.56908e-16,-0.698459
9.582,1,1.49905,1.50321e-16,-0.698356
9.583,1,1.49905,-9.98538e-17,-0.698251
9.584,1,1.49905,-1.45941e-16,-0.698146
9.585,1,1.49905,-3.07966e-16,-0.69804
9.586,1,1.49905,-4.24574e-16,-0.697934
9.587,1,1.49905,-2.66115e-16,-0.697826
9.588,1,1.49905,-3.62359e-16,-0.697718
9.589,1,1.49905,-1.66456e-16,-0.69761
9.59,1,1.49905,-9.36347e-17,-0.6975
9.591,1,1.49905,-2.18698e-16,-0.69739
9.592,1,1.49905,-1.11667e-16,-0.69728
9.593,1,1.49905,-4.92063e-17,-0.697168
9.594,1,1.49905,-1.04946e-17,-0.697056
9.595,1,1.49905,-3.96854e-16,-0.696943
9.596,1,1.49905,-2.21953e-16,-0.69683
9.597,1,1.49905,-2.54488e-16,-0.696715
9.598,1,1.49905,-2.60982e-16,-0.696601
9.599,1,1.49905,-1.86194e-16,-0.696485
9.6,1,1.49905,-5.04114e-16,-0.696369
9.601,1,1.49905,-7.93515e-17,-0.696252
9.602,1,1.49905,-1.13589e-16,-0.696134
9.603,1,1.49905,-4.35687e-16,-0.696016
9.604,1,1.49905,2.01871e-16,-0.695896
9.605,1,1.49905,-5.13859e-16,-0.695777
9.606,1,1.49905,-2.68189e-16,-0.695656
9.607,1,1.49905,-4.47327e-17,-0.695535
9.608,1,1.49905,-2.33017e-16,-0.695413
9.609,1,1.49905,-3.71628e-17,-0.695291
9.61,1,1.49905,-4.27182e-16,-0.695167
9.611,1,1.49905,-4.63083e-16,-0.695043
9.612,1,1.49905,-1.95948e-16,-0.694919
9.613,1,1.49905,-4.82469e-17,-0.694793
9.614,1,1.49905,-1.09298e-16,-0.694667
9.615,1,1.49905,-1.0177e-16,-0.694541
9.616,1,1.49905,1.89685e-16,-0.694413
9.617,1,1.49905,-1.17923e-16,-0.694285
9.618,1,1.49905,-1.21003e-16,-0.694156
9.619,1,1.49905,-2.64716e-16,-0.694027
9.62,1,1.49905,-2.20695e-16,-0.693897
9.621,1,1.49905,7.87597e-17,-0.693766
9.622,1,1.49905,-8.9611e-17,-0.693634
9.623,1,1.49905,-5.58957e-17,-0.693502
9.624,1,1.49905,-9.74006e-17,-0.693369
9.625,1,1.49905,4.1126e-17,-0.693235
9.626,1,1.49905,-2.44968e-16,-0.693101
9.627,1,1.49905,1.26462e-16,-0.692966
9.628,1,1.49905,-4.64182e-16,-0.69283
9.629,1,1.49905,-3.53353e-16,-0.692694
9.63,1,1.49905,2.23752e-16,-0.692557
9.631,1,1.49905,-1.95901e-16,-0.692419
9.632,1,1.49905,-7.1095e-17,-0.692281
9.633,1,1.49905,-1.98901e-16,-0.692141
9.634,1,1.49905,2.98031e-16,-0.692001
9.635,1,1.49905,-4.00047e-16,-0.691861
9.636,1,1.49905,-1.12136e-17,-0.69172
9.637,1,1.49905,-2.05808e-16,-0.691578
9.638,1,1.49905,-5.68358e-17,-0.691435
9.639,1,1.49905,-2.00017e-16,-0.691292
9.64,1,1.49905,-4.93877e-16,-0.691148
9.641,1,1.49905,8.49062e-17,-0.691003
9.642,1,1.49905,-2.45021e-16,-0.690858
9.643,1,1.49905,-2.53629e-16,-0.690712
9.644,1,1.49905,-1.15702e-16,-0.690565
9.645,1,1.49905,-3.62631e-16,-0.690417
9.646,1,1.49905,-2.86193e-16,-0.690269
9.647,1,1.49905,-2.94311e-16,-0.69012
9.648,1,1.49905,-4.40485e-16,-0.689971
9.649,1,1.49905,-2.90667e-16,-0.689821
9.65,1,1.49905,6.81516e-17,-0.68967
9.651,1,1.49905,-2.65e-16,-0.689518
9.652,1,1.49905,-3.02138e-17,-0.689366
9.653,1,1.49905,-2.24512e-16,-0.689213
9.654,1,1.49905,-4.11913e-16,-0.689059
9.655,1,1.49905,-7.95734e-17,-0.688905
9.656,1,1.49905,-2.03281e-16,-0.68875
9.657,1,1.49905,-1.83017e-16,-0.688594
9.658,1,1.49905,-2.00579e-16,-0.688438
9.659,1,1.49905,-2.22281e-16,-0.688281
9.66,1,1.49905,-1.77547e-16,-0.688123
9.661,1,1.49905,-3.10307e-16,-0.687964
9.662,1,1.49905,-3.80131e-16,-0.687805
9.663,1,1.49905,1.96325e-17,-0.687645
9.664,1,1.49905,-5.46964e-16,-0.687485
9.665,1,1.49905,1.22915e-16,-0.687324
9.666,1,1.49905,8.59234e-18,-0.687162
9.667,1,1.49905,1.70461e-16,-0.686999
9.668,1,1.49905,1.98021e-16,-0.686836
9.669,1,1.49905,-1.02434e-16,-0.686672
9.67,1,1.49905,-1.1237e-16,-0.686507
9.671,1,1.49905,-4.66372e-16,-0.686342
9.672,1,1.49905,-3.80224e-16,-0.686176
9.673,1,1.49905,-3.95193e-16,-0.686009
9.674,1,1.49905,-5.03148e-18,-0.685842
9.675,1,1.49905,-3.36809e-16,-0.685674
9.676,1,1.49905,-6.10974e-16,-0.685505
9.677,1,1.49905,1.24755e-16,-0.685336
9.678,1,1.49905,-2.48444e-16,-0.685166
9.679,1,1.49905,7.93021e-17,-0.684995
9.68,1,1.49905,-7.38878e-16,-0.684823
9.681,1,1.49905,-3.48163e-16,-0.684651
9.682,1,1.49905,-2.64294e-16,-0.684478
9.683,1,1.49905,-3.49234e-16,-0.684305
9.684,1,1.49905,1.30625e-16,-0.684131
9.685,1,1.49905,1.021e-18,-0.683956
9.686,1,1.49905,-4.77035e-16,-0.68378
9.687,1,1.49905,-1.57324e-16,-0.683604
9.688,1,1.49905,-2.54043e-17,-0.683427
9.689,1,1.49905,-3.5485e-16,-0.683249
9.69,1,1.49905,-1.10859e-16,-0.683071
9.691,1,1.49905,-3.80681e-16,-0.682892
9.692,1,1.49905,2.85014e-16,-0.682712
9.693,1,1.49905,-2.50714e-16,-0.682532
9.694,1,1.49905,-6.33438e-17,-0.682351
9.695,1,1.49905,8.99315e-17,-0.682169
9.696,1,1.49905,-8.20963e-16,-0.681987
9.697,1,1.49905,-2.41056e-16,-0.681804
9.698,1,1.49905,1.03314e-16,-0.68162
9.699,1,1.49905,-3.82374e-16,-0.681435
9.7,1,1.49905,-1.32999e-16,-0.68125
9.701,1,1.49905,-3.62086e-16,-0.681065
9.702,1,1.49905,-2.79057e-16,-0.680878
9.703,1,1.49905,-3.88218e-16,-0.680691
9.704,1,1.49905,-3.99185e-16,-0.680503
9.705,1,1.49905,-7.484e-16,-0.680315
9.706,1,1.49905,-1.9854e-16,-0.680125
9.707,1,1.49905,-1.52096e-16,-0.679935
9.708,1,1.49905,3.12048e-17,-0.679745
9.709,1,1.49905,-1.65957e-16,-0.679554
9.71,1,1.49905,-6.53915e-16,-0.679362
9.711,1,1.49905,-8.06241e-17,-0.679169
9.712,1,1.49905,-3.19225e-16,-0.678976
9.713,1,1.49905,-4.00125e-16,-0.678782
9.714,1,1.49905,-5.10607e-16,-0.678587
9.715,1,1.49905,1.84576e-16,-0.678392
9.716,1,1.49905,-2.12981e-18,-0.678196
9.717,1,1.49905,-2.30149e-16,-0.677999
9.718,1,1.49905,-2.19541e-17,-0.677802
9.719,1,1.49905,-2.88938e-16,-0.677604
9.72,1,1.49905,-5.81522e-16,-0.677405
9.721,1,1.49905,-6.73627e-16,-0.677206
9.722,1,1.49905,-2.55774e-17,-0.677006
9.723,1,1.49905,-5.88023e-16,-0.676805
9.724,1,1.49905,-2.61428e-17,-0.676604
9.725,1,1.49905,-3.95516e-16,-0.676402
9.726,1,1.49905,-5.84227e-16,-0.676199
9.727,1,1.49905,2.7679e-16,-0.675996
9.728,1,1.49905,-3.72599e-16,-0.675792
9.729,1,1.49905,4.44097e-17,-0.675587
9.73,1,1.49905,-1.84562e-16,-0.675381
9.731,1,1.49905,-2.83908e-16,-0.675175
9.732,1,1.49905,-1.27867e-17,-0.674969
9.733,1,1.49905,-1.81154e-16,-0.674761
9.734,1,1.49905,-3.17694e-16,-0.674553
9.735,1,1.49905,-2.14351e-16,-0.674344
9.736,1,1.49905,-1.55525e-16,-0.674135
9.737,1,1.49905,1.38649e-16,-0.673924
9.738,1,1.49905,-3.59473e-16,-0.673714
9.739,1,1.49905,-9.76674e-17,-0.673502
9.74,1,1.49905,-2.04729e-16,-0.67329
9.741,1,1.49905,-1.21049e-16,-0.673077
9.742,1,1.49905,-1.13438e-16,-0.672864
9.743,1,1.49905,5.61103e-18,-0.672649
9.744,1,1.49905,-4.99171e-16,-0.672435
9.745,1,1.49905,-3.43919e-16,-0.672219
9.746,1,1.49905,-4.69163e-16,-0.672003
9.747,1,1.49905,-8.39073e-17,-0.671786
9.748,1,1.49905,-4.79811e-16,-0.671568
9.749,1,1.49905,-3.13119e-16,-0.67135
9.75,1,1.49905,-2.41346e-16,-0.671131
9.751,1,1.49905,-1.78988e-16,-0.670912
9.752,1,1.49905,-1.46299e-17,-0.670692
9.753,1,1.49905,1.80747e-16,-0.670471
9.754,1,1.49905,1.79382e-16,-0.670249
9.755,1,1.49905,-1.02153e-16,-0.670027
9.756,1,1.49905,-1.56656e-16,-0.669804
9.757,1,1.49905,-4.30111e-16,-0.669581
9.758,1,1.49905,-4.51862e-16,-0.669356
9.759,1,1.49905,-1.99689e-16,-0.669131
9.76,1,1.49905,1.16021e-16,-0.668906
9.761,1,1.49905,-2.64391e-16,-0.66868
9.762,1,1.49905,-4.85134e-16,-0.668453
9.763,1,1.49905,-4.66946e-16,-0.668225
9.764,1,1.49905,-2.85505e-16,-0.667997
9.765,1,1.49905,-1.97951e-16,-0.667768
9.766,1,1.49905,-1.76206e-16,-0.667538
9.767,1,1.49905,-2.07243e-16,-0.667308
9.768,1,1.49905,-1.13434e-16,-0.667077
9.769,1,1.49905,-1.14853e-16,-0.666846
9.77,1,1.49905,-2.00003e-16,-0.666613
9.771,1,1.49905,3.94898e-17,-0.666381
9.772,1,1.49905,-5.54267e-16,-0.666147
9.773,1,1.49905,-2.88044e-16,-0.665913
9.774,1,1.49905,-1.14079e-16,-0.665678
9.775,1,1.49905,-4.31994e-16,-0.665442
9.776,1,1.49905,-4.87761e-17,-0.665206
9.777,1,1.49905,-1.24795e-16,-0.664969
9.778,1,1.49905,-4.62586e-16,-0.664732
9.779,1,1.49905,-2.48239e-16,-0.664493
9.78,1,1.49905,-2.76103e-16,-0.664255
9.781,1,1.49905,2.37385e-16,-0.664015
9.782,1,1.49905,1.44072e-16,-0.663775
9.783,1,1.49905,-2.56258e-16,-0.663534
9.784,1,1.49905,-1.84296e-18,-0.663292
9.785,1,1.49905,-4.33531e-16,-0.66305
9.786,1,1.49905,-3.18615e-17,-0.662807
9.787,1,1.49905,-3.36695e-16,-0.662564
9.788,1,1.49905,-7.2334e-17,-0.66232
9.789,1,1.49905,-2.46923e-16,-0.662075
9.79,1,1.49905,-6.82546e-17,-0.661829
9.791,1,1.49905,-3.57742e-17,-0.661583
9.792,1,1.49905,-5.11373e-17,-0.661336
9.793,1,1.49905,-4.39931e-16,-0.661089
9.794,1,1.49905,-3.85608e-16,-0.660841
9.795,1,1.49905,-3.78661e-16,-0.660592
9.796,1,1.49905,-1.45654e-16,-0.660343
9.797,1,1.49905,-1.66376e-17,-0.660092
9.798,1,1.49905,-1.03691e-16,-0.659842
9.799,1,1.49905,-8.97034e-17,-0.65959
9.8,1,1.49905,-6.16633e-17,-0.659338
9.801,1,1.49905,-3.60613e-16,-0.659085
9.802,1,1.49905,-4.66739e-17,-0.658832
9.803,1,1.49905,-1.82267e-16,-0.658578
9.804,1,1.49905,-1.21745e-16,-0.658323
9.805,1,1.49905,-5.12251e-16,-0.658068
9.806,1,1.49905,-1.24045e-16,-0.657812
9.807,1,1.49905,-1.75394e-16,-0.657555
9.808,1,1.49905,-1.48649e-16,-0.657298
9.809,1,1.49905,-5.38158e-17,-0.65704
9.81,1,1.49905,-1.6834e-16,-0.656781
9.811,1,1.49905,-5.83216e-16,-0.656522
9.812,1,1.49905,-1.87852e-16,-0.656262
9.813,1,1.49905,3.27067e-16,-0.656001
9.814,1,1.49905,2.40925e-16,-0.65574
9.815,1,1.49905,3.46002e-18,-0.655478
9.816,1,1.49905,-1.02397e-16,-0.655215
9.817,1,1.49905,-3.56952e-16,-0.654952
9.818,1,1.49905,-3.55693e-16,-0.654688
9.819,1,1.49905,-9.23116e-17,-0.654424
9.82,1,1.49905,-1.80832e-16,-0.654158
9.821,1,1.49905,-1.9147e-16,-0.653893
9.822,1,1.49905,-4.96604e-16,-0.653626
9.823,1,1.49905,-3.29832e-16,-0.653359
9.824,1,1.49905,-4.82487e-17,-0.653091
9.825,1,1.49905,-8.49289e-17,-0.652823
9.826,1,1.49905,-2.49563e-16,-0.652554
9.827,1,1.49905,-3.10733e-16,-0.652284
9.828,1,1.49905,-4.40637e-16,-0.652013
9.829,1,1.49905,4.56104e-17,-0.651742
9.83,1,1.49905,-3.03696e-16,-0.651471
9.831,1,1.49905,-2.26454e-16,-0.651198
9.832,1,1.49905,-2.61477e-16,-0.650925
9.833,1,1.49905,-1.18338e-16,-0.650652
9.834,1,1.49905,3.88495e-16,-0.650377
9.835,1,1.49905,-1.48391e-16,-0.650102
9.836,1,1.49905,-3.70237e-16,-0.649827
9.837,1,1.49905,7.42125e-17,-0.64955
9.838,1,1.49905,3.95195e-17,-0.649273
9.839,1,1.49905,2.60471e-16,-0.648996
9.84,1,1.49905,-2.4075e-17,-0.648718
9.841,1,1.49905,-3.67596e-16,-0.648439
9.842,1,1.49905,2.11223e-16,-0.648159
9.843,1,1.49905,1.13606e-16,-0.647879
9.844,1,1.49905,-1.54906e-17,-0.647598
9.845,1,1.49905,-5.74635e-17,-0.647317
9.846,1,1.49905,-2.88255e-16,-0.647035
9.847,1,1.49905,-2.6789e-16,-0.646752
9.848,1,1.49905,-3.75693e-16,-0.646469
9.849,1,1.49905,-4.34125e-16,-0.646185
9.85,1,1.49905,1.40968e-16,-0.6459
9.851,1,1.49905,-2.33926e-16,-0.645615
9.852,1,1.49905,-2.09458e-16,-0.645329
9.853,1,1.49905,9.45585e-17,-0.645042
9.854,1,1.49905,-7.37076e-17,-0.644755
9.855,1,1.49905,7.4818e-17,-0.644467
9.856,1,1.49905,-1.9531e-16,-0.644178
9.857,1,1.49905,-3.69369e-16,-0.643889
9.858,1,1.49905,7.63428e-17,-0.643599
9.859,1,1.49905,-1.18958e-16,-0.643309
9.86,1,1.49905,-3.09622e-16,-0.643018
9.861,1,1.49905,-2.60186e-16,-0.642726
9.862,1,1.49905,-2.97746e-16,-0.642434
9.863,1,1.49905,-1.49387e-16,-0.642141
9.864,1,1.49905,1.09336e-16,-0.641847
9.865,1,1.49905,1.9468e-16,-0.641553
9.866,1,1.49905,-2.02461e-16,-0.641258
9.867,1,1.49905,-2.30304e-16,-0.640962
9.868,1,1.49905,-2.32328e-16,-0.640666
9.869,1,1.49905,-3.14948e-16,-0.640369
9.87,1,1.49905,9.83254e-17,-0.640072
9.871,1,1.49905,-2.97899e-17,-0.639773
9.872,1,1.49905,-5.70808e-16,-0.639475
9.873,1,1.49905,1.13616e-16,-0.639175
9.874,1,1.49905,-2.45309e-17,-0.638875
9.875,1,1.49905,-5.28633e-16,-0.638574
9.876,1,1.49905,-8.79523e-19,-0.638273
9.877,1,1.49905,-2.15226e-16,-0.637971
9.878,1,1.49905,-1.23776e-16,-0.637668
9.879,1,1.49905,7.94362e-17,-0.637365
9.88,1,1.49905,2.36487e-18,-0.637061
9.881,1,1.49905,1.08466e-16,-0.636757
9.882,1,1.49905,-2.23208e-16,-0.636452
9.883,1,1.49905,-6.24914e-17,-0.636146
9.884,1,1.49905,-2.0158e-16,-0.635839
9.885,1,1.49905,-8.44292e-17,-0.635532
9.886,1,1.49905,-1.86534e-16,-0.635225
9.887,1,1.49905,-5.94499e-16,-0.634916
9.888,1,1.49905,-2.60969e-16,-0.634607
9.889,1,1.49905,2.49492e-17,-0.634298
9.89,1,1.49905,-2.89752e-16,-0.633988
9.891,1,1.49905,-3.13001e-16,-0.633677
9.892,1,1.49905,-2.93764e-16,-0.633365
9.893,1,1.49905,-1.37322e-16,-0.633053
9.894,1,1.49905,-4.4512e-16,-0.63274
9.895,1,1.49905,-4.77319e-16,-0.632427
9.896,1,1.49905,5.6322e-17,-0.632113
9.897,1,1.49905,-2.2769e-16,-0.631798
9.898,1,1.49905,2.29201e-16,-0.631483
9.899,1,1.49905,7.2082e-17,-0.631167
9.9,1,1.49905,1.36005e-18,-0.63085
9.901,1,1.49905,-3.22312e-16,-0.630533
9.902,1,1.49905,-2.73365e-16,-0.630215
9.903,1,1.49905,-3.28857e-16,-0.629897
9.904,1,1.49905,3.75155e-16,-0.629578
9.905,1,1.49905,-1.37855e-16,-0.629258
9.906,1,1.49905,1.63111e-16,-0.628938
9.907,1,1.49905,-3.33913e-16,-0.628617
9.908,1,1.49905,-1.23181e-16,-0.628295
9.909,1,1.49905,4.06213e-17,-0.627973
9.91,1,1.49905,-3.70805e-16,-0.62765
9.911,1,1.49905,2.15949e-16,-0.627327
9.912,1,1.49905,-3.29172e-16,-0.627003
9.913,1,1.49905,-3.00811e-17,-0.626678
9.914,1,1.49905,-2.83246e-16,-0.626353
9.915,1,1.49905,1.3217e-16,-0.626027
9.916,1,1.49905,-6.91958e-17,-0.6257
9.917,1,1.49905,1.46226e-16,-0.625373
9.918,1,1.49905,-4.04146e-17,-0.625045
9.919,1,1.49905,-1.27533e-16,-0.624717
9.92,1,1.49905,-3.9347e-16,-0.624388
9.921,1,1.49905,-1.40316e-16,-0.624058
9.922,1,1.49905,-4.90477e-16,-0.623728
9.923,1,1.49905,-3.96896e-16,-0.623397
9.924,1,1.49905,1.96073e-17,-0.623065
9.925,1,1.49905,-2.92418e-16,-0.622733
9.926,1,1.49905,-1.12357e-16,-0.6224
9.927,1,1.49905,-5.92387e-16,-0.622067
9.928,1,1.49905,-3.4679e-16,-0.621733
9.929,1,1.49905,1.10737e-16,-0.621398
9.93,1,1.49905,3.45568e-16,-0.621063
9.931,1,1.49905,-1.98321e-16,-0.620727
9.932,1,1.49905,2.27834e-16,-0.62039
9.933,1,1.49905,-2.5499e-16,-0.620053
9.934,1,1.49905,2.54949e-16,-0.619715
9.935,1,1.49905,-3.06328e-16,-0.619377
9.936,1,1.49905,-1.58119e-16,-0.619038
9.937,1,1.49905,-8.53484e-17,-0.618698
9.938,1,1.49905,-3.85807e-16,-0.618358
9.939,1,1.49905,-2.62323e-16,-0.618017
9.94,1,1.49905,6.54938e-17,-0.617676
9.941,1,1.49905,-9.96787e-17,-0.617334
9.942,1,1.49905,-4.5745e-16,-0.616991
9.943,1,1.49905,-3.78689e-16,-0.616648
9.944,1,1.49905,-4.20243e-16,-0.616304
9.945,1,1.49905,-1.74064e-16,-0.615959
9.946,1,1.49905,-3.66927e-16,-0.615614
9.947,1,1.49905,-1.48042e-16,-0.615268
9.948,1,1.49905,9.15675e-17,-0.614922
9.949,1,1.49905,4.48301e-17,-0.614575
9.95,1,1.49905,-1.69647e-16,-0.614227
9.951,1,1.49905,8.20294e-18,-0.613879
9.952,1,1.49905,-1.63563e-16,-0.61353
9.953,1,1.49905,-1.94246e-17,-0.613181
9.954,1,1.49905,-1.04648e-16,-0.612831
9.955,1,1.49905,7.33451e-17,-0.61248
9.956,1,1.49905,-4.99841e-16,-0.612129
9.957,1,1.49905,-1.7284e-16,-0.611777
9.958,1,1.49905,-1.04641e-16,-0.611424
9.959,1,1.49905,-2.20102e-16,-0.611071
9.96,1,1.49905,4.77327e-17,-0.610717
9.961,1,1.49905,-5.11433e-16,-0.610363
9.962,1,1.49905,-1.4001e-16,-0.610008
9.963,1,1.49905,-1.97986e-16,-0.609652
9.964,1,1.49905,-2.98776e-16,-0.609296
9.965,1,1.49905,1.22718e-16,-0.608939
9.966,1,1.49905,1.78352e-16,-0.608582
9.967,1,1.49905,-3.21704e-16,-0.608224
9.968,1,1.49905,7.49337e-17,-0.607865
9.969,1,1.49905,2.4886e-16,-0.607506
9.97,1,1.49905,-1.09943e-16,-0.607146
9.971,1,1.49905,-1.93329e-16,-0.606786
9.972,1,1.49905,-6.39066e-17,-0.606425
9.973,1,1.49905,-2.88698e-16,-0.606063
9.974,1,1.49905,7.90967e-17,-0.605701
9.975,1,1.49905,-5.08826e-17,-0.605338
9.976,1,1.49905,-1.33396e-16,-0.604975
9.977,1,1.49905,-1.63671e-16,-0.604611
9.978,1,1.49905,1.48626e-17,-0.604246
9.979,1,1.49905,-3.22571e-16,-0.603881
9.98,1,1.49905,-3.54482e-16,-0.603515
9.981,1,1.49905,-1.16577e-17,-0.603148
9.982,1,1.49905,-1.67266e-16,-0.602781
9.983,1,1.49905,1.42643e-16,-0.602414
9.984,1,1.49905,-4.64678e-16,-0.602045
9.985,1,1.49905,1.50007e-16,-0.601676
9.986,1,1.49905,1.28448e-16,-0.601307
9.987,1,1.49905,-1.42691e-16,-0.600937
9.988,1,1.49905,1.22205e-16,-0.600566
9.989,1,1.49905,-3.8458e-16,-0.600195
9.99,1,1.49905,-1.21411e-16,-0.599823
9.991,1,1.49905,-2.64826e-16,-0.599451
9.992,1,1.49905,3.52673e-16,-0.599078
9.993,1,1.49905,-2.24256e-16,-0.598704
9.994,1,1.49905,-1.08164e-16,-0.59833
9.995,1,1.49905,4.75968e-17,-0.597955
9.996,1,1.49905,-2.78319e-16,-0.597579
9.997,1,1.49905,-3.59342e-16,-0.597203
9.998,1,1.49905,6.01099e-17,-0.596827
9.999,1,1.49905,-7.51591e-17,-0.596449
10,1,1.49905,-2.98017e-16,-0.596071
10.001,1,1.49905,-2.93973e-16,-0.595693
10.002,1,1.49905,-9.45952e-17,-0.595314
10.003,1,1.49905,-1.67684e-16,-0.594934
10.004,1,1.49905,2.61462e-16,-0.594554
10.005,1,1.49905,6.03652e-17,-0.594173
10.006,1,1.49905,-7.30404e-16,-0.593792
10.007,1,1.49905,-3.95795e-16,-0.59341
10.008,1,1.49905,-1.52216e-16,-0.593027
10.009,1,1.49905,-4.28241e-16,-0.592644
10.01,1,1.49905,-1.9402e-16,-0.59226
10.011,1,1.49905,-2.67066e-16,-0.591876
10.012,1,1.49905,-1.30431e-16,-0.591491
10.013,1,1.49905,1.4847e-16,-0.591106
10.014,1,1.49905,1.84321e-16,-0.590719
10.015,1,1.49905,-1.83273e-16,-0.590333
10.016,1,1.49905,-3.13466e-17,-0.589945
10.017,1,1.49905,-3.17521e-16,-0.589557
10.018,1,1.49905,4.78373e-17,-0.589169
10.019,1,1.49905,-1.07645e-16,-0.58878
10.02,1,1.49905,-3.65518e-16,-0.58839
10.021,1,1.49905,9.51643e-17,-0.588
10.022,1,1.49905,-1.04172e-16,-0.587609
10.023,1,1.49905,-4.00662e-17,-0.587218
10.024,1,1.49905,2.86504e-17,-0.586826
10.025,1,1.49905,-2.95045e-16,-0.586433
10.026,1,1.49905,-5.08383e-17,-0.58604
10.027,1,1.49905,-6.49454e-17,-0.585646
10.028,1,1.49905,6.99727e-17,-0.585252
10.029,1,1.49905,-2.24015e-16,-0.584857
10.03,1,1.49905,3.44901e-17,-0.584461
10.031,1,1.49905,-1.81338e-16,-0.584065
10.032,1,1.49905,-3.17144e-17,-0.583668
10.033,1,1.49905,-4.47596e-16,-0.583271
10.034,1,1.49905,-2.30598e-16,-0.582873
10.035,1,1.49905,-1.34635e-16,-0.582475
10.036,1,1.49905,-5.34954e-18,-0.582076
10.037,1,1.49905,-1.81307e-16,-0.581676
10.038,1,1.49905,-1.64576e-18,-0.581276
10.039,1,1.49905,-2.802e-16,-0.580875
10.04,1,1.49905,-2.71814e-16,-0.580474
10.041,1,1.49905,7.82099e-17,-0.580072
10.042,1,1.49905,-3.76508e-17,-0.57967
10.043,1,1.49905,-2.40378e-17,-0.579266
10.044,1,1.49905,2.7286e-16,-0.578863
10.045,1,1.49905,3.58289e-16,-0.578459
10.046,1,1.49905,-5.22127e-17,-0.578054
10.047,1,1.49905,-6.01911e-16,-0.577648
10.048,1,1.49905,-4.01326e-16,-0.577242
10.049,1,1.49905,-2.44329e-16,-0.576836
10.05,1,1.49905,-6.75315e-17,-0.576429
10.051,1,1.49905,1.82101e-16,-0.576021
10.052,1,1.49905,-2.32882e-16,-0.575613
10.053,1,1.49905,-5.21119e-16,-0.575204
10.054,1,1.49905,-2.16635e-16,-0.574795
10.055,1,1.49905,4.92149e-17,-0.574385
10.056,1,1.49905,-7.28979e-17,-0.573974
10.057,1,1.49905,-3.95784e-17,-0.573563
10.058,1,1.49905,-3.78603e-17,-0.573151
10.059,1,1.49905,-5.15314e-17,-0.572739
10.06,1,1.49905,4.73627e-17,-0.572326
10.061,1,1.49905,4.77895e-17,-0.571913
10.062,1,1.49905,-5.33905e-16,-0.571499
10.063,1,1.49905,2.08302e-16,-0.571084
10.064,1,1.49905,6.94483e-17,-0.570669
10.065,1,1.49905,-3.31173e-17,-0.570253
10.066,1,1.49905,-1.36293e-16,-0.569837
10.067,1,1.49905,1.49487e-16,-0.56942
10.068,1,1.49905,-1.27275e-16,-0.569003
10.069,1,1.49905,1.18864e-18,-0.568585
10.07,1,1.49905,-4.37005e-16,-0.568166
10.071,1,1.49905,-1.72997e-16,-0.567747
10.072,1,1.49905,-5.00319e-17,-0.567327
10.073,1,1.49905,-1.96312e-16,-0.566907
10.074,1,1.49905,9.95798e-17,-0.566486
10.075,1,1.49905,4.8336e-17,-0.566065
10.076,1,1.49905,1.56066e-16,-0.565643
10.077,1,1.49905,2.84491e-16,-0.565221
10.078,1,1.49905,-8.39588e-17,-0.564797
10.079,1,1.49905,2.39003e-16,-0.564374
10.08,1,1.49905,-8.92053e-17,-0.56395
10.081,1,1.49905,-1.08386e-16,-0.563525
10.082,1,1.49905,-1.52035e-16,-0.5631
10.083,1,1.49905,-1.77255e-16,-0.562674
10.084,1,1.49905,-9.85402e-17,-0.562247
10.085,1,1.49905,-2.11117e-16,-0.56182
10.086,1,1.49905,-6.5626e-17,-0.561393
10.087,1,1.49905,-2.03592e-16,-0.560964
10.088,1,1.49905,3.56809e-16,-0.560536
10.089,1,1.49905,1.55824e-16,-0.560107
10.09,1,1.49905,-9.36839e-17,-0.559677
10.091,1,1.49905,-1.11118e-16,-0.559246
10.092,1,1.49905,-5.83388e-17,-0.558815
10.093,1,1.49905,-9.39743e-17,-0.558384
10.094,1,1.49905,-4.45322e-17,-0.557952
10.095,1,1.49905,-3.5308e-16,-0.557519
10.096,1,1.49905,6.23112e-17,-0.557086
10.097,1,1.49905,8.70577e-17,-0.556652
10.098,1,1.49905,3.38671e-17,-0.556218
10.099,1,1.49905,-1.52971e-16,-0.555783
10.1,1,1.49905,-1.9464e-16,-0.555348
10.101,1,1.49905,4.518e-17,-0.554912
10.102,1,1.49905,-1.76895e-16,-0.554476
10.103,1,1.49905,-3.31185e-16,-0.554039
10.104,1,1.49905,-1.25622e-16,-0.553601
10.105,1,1.49905,3.72735e-17,-0.553163
10.106,1,1.49905,-3.16673e-16,-0.552724
10.107,1,1.49905,-8.79078e-17,-0.552285
10.108,1,1.49905,8.74029e-17,-0.551845
10.109,1,1.49905,3.76515e-17,-0.551405
10.11,1,1.49905,-6.96801e-17,-0.550964
10.111,1,1.49905,-1.73501e-16,-0.550522
10.112,1,1.49905,-5.15856e-17,-0.55008
10.113,1,1.49905,-3.45823e-16,-0.549638
10.114,1,1.49905,-4.98025e-17,-0.549195
10.115,1,1.49905,-2.7958e-16,-0.548751
10.116,1,1.49905,-2.10788e-17,-0.548307
10.117,1,1.49905,2.9868e-16,-0.547862
10.118,1,1.49905,1.68998e-16,-0.547417
10.119,1,1.49905,-3.6104e-16,-0.546971
10.12,1,1.49905,-3.52737e-16,-0.546525
10.121,1,1.49905,-1.2267e-16,-0.546078
10.122,1,1.49905,-1.52923e-16,-0.54563
10.123,1,1.49905,-1.65437e-16,-0.545182
10.124,1,1.49905,-1.305e-16,-0.544734
10.125,1,1.49905,2.88959e-17,-0.544285
10.126,1,1.49905,-1.28948e-16,-0.543835
10.127,1,1.49905,-2.38858e-17,-0.543385
10.128,1,1.49905,-1.31959e-16,-0.542934
10.129,1,1.49905,-6.49613e-17,-0.542483
10.13,1,1.49905,-1.39241e-18,-0.542031
10.131,1,1.49905,2.65006e-16,-0.541579
10.132,1,1.49905,-4.15989e-16,-0.541126
10.133,1,1.49905,-1.22857e-16,-0.540672
10.134,1,1.49905,-3.09428e-16,-0.540218
10.135,1,1.49905,-8.07611e-17,-0.539764
10.136,1,1.49905,1.41901e-16,-0.539309
10.137,1,1.49905,2.96746e-16,-0.538853
10.138,1,1.49905,4.91867e-17,-0.538397
10.139,1,1.49905,-1.99939e-18,-0.53794
10.14,1,1.49905,-1.44419e-16,-0.537483
10.141,1,1.49905,5.57963e-17,-0.537026
10.142,1,1.49905,-3.18197e-16,-0.536567
10.143,1,1.49905,1.98615e-16,-0.536108
10.144,1,1.49905,-1.73298e-16,-0.535649
10.145,1,1.49905,7.32186e-18,-0.535189
10.146,1,1.49905,3.96514e-16,-0.534729
10.147,1,1.49905,-2.854e-16,-0.534268
10.148,1,1.49905,-5.47637e-17,-0.533806
10.149,1,1.49905,7.06787e-17,-0.533344
10.15,1,1.49905,-2.88666e-16,-0.532882
10.151,1,1.49905,-3.22868e-16,-0.532419
10.152,1,1.49905,-9.38776e-17,-0.531955
10.153,1,1.49905,1.69795e-16,-0.531491
10.154,1,1.49905,-5.43745e-18,-0.531026
10.155,1,1.49905,2.0683e-16,-0.530561
10.156,1,1.49905,-2.88298e-17,-0.530095
10.157,1,1.49905,-1.85648e-16,-0.529629
10.158,1,1.49905,3.73405e-17,-0.529162
10.159,1,1.49905,-1.3001e-16,-0.528695
10.16,1,1.49905,3.15389e-16,-0.528227
10.161,1,1.49905,-5.37435e-16,-0.527759
10.162,1,1.49905,2.23446e-17,-0.52729
10.163,1,1.49905,1.61698e-16,-0.526821
10.164,1,1.49905,-1.2e-16,-0.526351
10.165,1,1.49905,-4.87516e-17,-0.52588
10.166,1,1.49905,-1.38616e-18,-0.525409
10.167,1,1.49905,-2.86313e-16,-0.524938
10.168,1,1.49905,3.0195e-16,-0.524466
10.169,1,1.49905,5.48879e-17,-0.523993
10.17,1,1.49905,-2.43093e-16,-0.52352
10.171,1,1.49905,9.65704e-17,-0.523046
10.172,1,1.49905,-2.24833e-16,-0.522572
10.173,1,1.49905,4.6409e-17,-0.522097
10.174,1,1.49905,-1.40198e-16,-0.521622
10.175,1,1.49905,2.30833e-16,-0.521147
10.176,1,1.49905,-1.0367e-16,-0.52067
10.177,1,1.49905,-5.00276e-17,-0.520194
10.178,1,1.49905,7.04671e-17,-0.519716
10.179,1,1.49905,8.14113e-17,-0.519239
10.18,1,1.49905,-1.96226e-16,-0.51876
10.181,1,1.49905,5.24156e-17,-0.518281
10.182,1,1.49905,-6.66817e-17,-0.517802
10.183,1,1.49905,-2.38433e-16,-0.517322
10.184,1,1.49905,1.16717e-16,-0.516842
10.185,1,1.49905,-7.6331e-17,-0.516361
10.186,1,1.49905,1.41682e-16,-0.51588
10.187,1,1.49905,2.49074e-17,-0.515398
10.188,1,1.49905,2.35852e-16,-0.514915
10.189,1,1.49905,-8.12199e-18,-0.514432
10.19,1,1.49905,1.1923e-16,-0.513949
10.191,1,1.49905,-6.62348e-17,-0.513465
10.192,1,1.49905,-9.69831e-17,-0.51298
10.193,1,1.49905,-2.13258e-16,-0.512495
10.194,1,1.49905,-2.97064e-16,-0.51201
10.195,1,1.49905,-1.88342e-17,-0.511524
10.196,1,1.49905,2.71651e-16,-0.511037
10.197,1,1.49905,9.52348e-17,-0.51055
10.198,1,1.49905,1.24117e-16,-0.510063
10.199,1,1.49905,3.4727e-16,-0.509575
10.2,1,1.49905,3.52599e-17,-0.509086
10.201,1,1.49905,-7.74431e-18,-0.508597
10.202,1,1.49905,-4.64049e-16,-0.508108
10.203,1,1.49905,-3.28639e-16,-0.507617
10.204,1,1.49905,4.15979e-18,-0.507127
10.205,1,1.49905,-1.863e-16,-0.506636
10.206,1,1.49905,-9.41864e-17,-0.506144
10.207,1,1.49905,1.818e-16,-0.505652
10.208,1,1.49905,1.80226e-16,-0.505159
10.209,1,1.49905,-3.44529e-16,-0.504666
10.21,1,1.49905,8.78959e-17,-0.504173
10.211,1,1.49905,-8.49489e-17,-0.503679
10.212,1,1.49905,-1.49873e-16,-0.503184
10.213,1,1.49905,-1.34431e-16,-0.502689
10.214,1,1.49905,1.41675e-16,-0.502193
10.215,1,1.49905,8.98979e-18,-0.501697
10.216,1,1.49905,-1.57723e-16,-0.5012
10.217,1,1.49905,3.84863e-17,-0.500703
10.218,1,1.49905,1.80956e-16,-0.500206
10.219,1,1.49905,-2.65751e-17,-0.499708
10.22,1,1.49905,-2.31669e-16,-0.499209
10.221,1,1.49905,6.52672e-17,-0.49871
10.222,1,1.49905,-1.53915e-16,-0.49821
10.223,1,1.49905,1.59283e-16,-0.49771
10.224,1,1.49905,-3.36496e-16,-0.497209
10.225,1,1.49905,-2.26592e-16,-0.496708
10.226,1,1.49905,1.9571e-16,-0.496207
10.227,1,1.49905,1.00278e-16,-0.495705
10.228,1,1.49905,-3.20057e-17,-0.495202
10.229,1,1.49905,-7.92068e-17,-0.494699
10.23,1,1.49905,-6.52923e-17,-0.494195
10.231,1,1.49905,9.37704e-17,-0.493691
10.232,1,1.49905,9.29038e-17,-0.493187
10.233,1,1.49905,6.62259e-17,-0.492682
10.234,1,1.49905,-2.85877e-16,-0.492176
10.235,1,1.49905,-1.70021e-16,-0.49167
10.236,1,1.49905,-1.73671e-16,-0.491163
10.237,1,1.49905,2.01284e-17,-0.490656
10.238,1,1.49905,-2.75717e-16,-0.490149
10.239,1,1.49905,1.0362e-16,-0.489641
10.24,1,1.49905,-2.83373e-16,-0.489132
10.241,1,1.49905,-3.33733e-17,-0.488623
10.242,1,1.49905,3.70829e-16,-0.488114
10.243,1,1.49905,3.7577e-17,-0.487604
10.244,1,1.49905,-2.64153e-16,-0.487093
10.245,1,1.49905,1.59962e-16,-0.486583
10.246,1,1.49905,-1.33837e-16,-0.486071
10.247,1,1.49905,3.63519e-16,-0.485559
10.248,1,1.49905,9.7252e-17,-0.485047
10.249,1,1.49905,2.77936e-16,-0.484534
10.25,1,1.49905,-1.65104e-16,-0.484021
10.251,1,1.49905,-2.3651e-16,-0.483507
10.252,1,1.49905,-1.41418e-17,-0.482992
10.253,1,1.49905,2.85524e-16,-0.482478
10.254,1,1.49905,-1.33577e-16,-0.481962
10.255,1,1.49905,1.06766e-16,-0.481447
10.256,1,1.49905,-7.1801e-17,-0.48093
10.257,1,1.49905,1.58064e-16,-0.480414
10.258,1,1.49905,8.34573e-17,-0.479896
10.259,1,1.49905,3.17375e-17,-0.479379
10.26,1,1.49905,-1.6365e-16,-0.47886
10.261,1,1.49905,-2.74546e-16,-0.478342
10.262,1,1.49905,-1.35438e-16,-0.477823
10.263,1,1.49905,-2.02675e-16,-0.477303
10.264,1,1.49905,9.75248e-17,-0.476783
10.265,1,1.49905,6.60978e-17,-0.476262
10.266,1,1.49905,-6.24084e-17,-0.475741
10.267,1,1.49905,7.94534e-17,-0.47522
10.268,1,1.49905,1.35306e-16,-0.474698
10.269,1,1.49905,1.00127e-16,-0.474176
10.27,1,1.49905,1.54781e-16,-0.473653
10.271,1,1.49905,-2.83799e-16,-0.473129
10.272,1,1.49905,-8.69188e-17,-0.472605
10.273,1,1.49905,2.86612e-16,-0.472081
10.274,1,1.49905,1.59164e-18,-0.471556
10.275,1,1.49905,1.57089e-16,-0.471031
10.276,1,1.49905,-2.11414e-16,-0.470505
10.277,1,1.49905,1.50062e-16,-0.469979
10.278,1,1.49905,-6.99324e-17,-0.469452
10.279,1,1.49905,2.74186e-18,-0.468925
10.28,1,1.49905,8.57114e-17,-0.468397
10.281,1,1.49905,2.48352e-16,-0.467869
10.282,1,1.49905,5.39137e-17,-0.467341
10.283,1,1.49905,6.31784e-17,-0.466812
10.284,1,1.49905,2.56638e-16,-0.466282
10.285,1,1.49905,-1.05223e-16,-0.465752
10.286,1,1.49905,-2.85827e-16,-0.465222
10.287,1,1.49905,-2.20276e-16,-0.464691
10.288,1,1.49905,-1.26002e-16,-0.46416
10.289,1,1.49905,1.5572e-16,-0.463628
10.29,1,1.49905,-2.36944e-16,-0.463096
10.291,1,1.49905,-5.76709e-17,-0.462563
10.292,1,1.49905,-1.9666e-16,-0.46203
10.293,1,1.49905,1.09961e-16,-0.461496
10.294,1,1.49905,5.92909e-17,-0.460962
10.295,1,1.49905,-4.68417e-17,-0.460427
10.296,1,1.49905,-1.1134e-16,-0.459892
10.297,1,1.49905,4.00893e-17,-0.459357
10.298,1,1.49905,-5.03376e-17,-0.458821
10.299,1,1.49905,8.08717e-17,-0.458284
10.3,1,1.49905,-2.00134e-16,-0.457747
10.301,1,1.49905,-2.81152e-16,-0.45721
10.302,1,1.49905,4.82317e-16,-0.456672
10.303,1,1.49905,2.99042e-19,-0.456134
10.304,1,1.49905,3.50037e-16,-0.455595
10.305,1,1.49905,-2.35176e-16,-0.455056
10.306,1,1.49905,-8.60045e-17,-0.454517
10.307,1,1.49905,-3.14337e-17,-0.453976
10.308,1,1.49905,-2.58021e-16,-0.453436
10.309,1,1.49905,-5.51649e-16,-0.452895
10.31,1,1.49905,8.72446e-17,-0.452354
10.311,1,1.49905,5.82546e-16,-0.451812
10.312,1,1.49905,5.19891e-17,-0.451269
10.313,1,1.49905,4.58816e-16,-0.450727
10.314,1,1.49905,5.35729e-17,-0.450183
10.315,1,1.49905,5.16553e-17,-0.44964
10.316,1,1.49905,-1.17858e-17,-0.449096
10.317,1,1.49905,-2.76745e-16,-0.448551
10.318,1,1.49905,-5.69484e-16,-0.448006
10.319,1,1.49905,1.62516e-16,-0.447461
10.32,1,1.49905,2.32116e-16,-0.446915
10.321,1,1.49905,9.80243e-17,-0.446368
10.322,1,1.49905,-3.08995e-16,-0.445821
10.323,1,1.49905,-6.55525e-17,-0.445274
10.324,1,1.49905,1.28235e-16,-0.444727
10.325,1,1.49905,-2.32929e-17,-0.444178
10.326,1,1.49905,3.99729e-16,-0.44363
10.327,1,1.49905,5.88358e-17,-0.443081
10.328,1,1.49905,3.12739e-16,-0.442531
10.329,1,1.49905,1.85592e-16,-0.441981
10.33,1,1.49905,-1.97543e-16,-0.441431
10.331,1,1.49905,-2.23562e-16,-0.44088
10.332,1,1.49905,1.0436e-16,-0.440329
10.333,1,1.49905,1.13885e-16,-0.439777
10.334,1,1.49905,-1.40708e-16,-0.439225
10.335,1,1.49905,-4.32738e-16,-0.438673
10.336,1,1.49905,9.0614e-17,-0.43812
10.337,1,1.49905,-2.35257e-16,-0.437566
10.338,1,1.49905,-4.38266e-17,-0.437012
10.339,1,1.49905,6.09583e-17,-0.436458
10.34,1,1.49905,5.9261e-17,-0.435903
10.341,1,1.49905,3.03313e-16,-0.435348
10.342,1,1.49905,3.42184e-16,-0.434793
10.343,1,1.49905,2.99198e-16,-0.434237
10.344,1,1.49905,-2.40822e-16,-0.43368
10.345,1,1.49905,-3.60727e-16,-0.433123
10.346,1,1.49905,1.28774e-16,-0.432566
10.347,1,1.49905,-9.41965e-17,-0.432008
10.348,1,1.49905,1.40714e-16,-0.43145
10.349,1,1.49905,1.89385e-16,-0.430891
10.35,1,1.49905,4.07704e-16,-0.430332
10.351,1,1.49905,-1.96673e-17,-0.429773
10.352,1,1.49905,8.10942e-17,-0.429213
10.353,1,1.49905,3.94948e-16,-0.428653
10.354,1,1.49905,-5.89695e-17,-0.428092
10.355,1,1.49905,1.73678e-16,-0.427531
10.356,1,1.49905,2.85754e-16,-0.426969
10.357,1,1.49905,-1.75822e-16,-0.426407
10.358,1,1.49905,5.2922e-16,-0.425844
10.359,1,1.49905,-1.43268e-16,-0.425282
10.36,1,1.49905,-7.64243e-17,-0.424718
10.361,1,1.49905,2.66693e-16,-0.424154
10.362,1,1.49905,2.20432e-16,-0.42359
10.363,1,1.49905,-1.30248e-18,-0.423026
10.364,1,1.49905,4.21336e-17,-0.422461
10.365,1,1.49905,-1.87577e-16,-0.421895
10.366,1,1.49905,2.38635e-16,-0.421329
10.367,1,1.49905,-2.4976e-16,-0.420763
10.368,1,1.49905,-1.11756e-16,-0.420196
10.369,1,1.49905,1.13494e-17,-0.419629
10.37,1,1.49905,-1.28453e-16,-0.419062
10.371,1,1.49905,-2.51767e-16,-0.418494
10.372,1,1.49905,-6.23163e-17,-0.417925
10.373,1,1.49905,-7.03539e-17,-0.417357
10.374,1,1.49905,-1.47421e-16,-0.416787
10.375,1,1.49905,-7.96516e-17,-0.416218
10.376,1,1.49905,5.99928e-17,-0.415648
10.377,1,1.49905,-2.52398e-16,-0.415077
10.378,1,1.49905,2.37579e-16,-0.414506
10.379,1,1.49905,1.53415e-16,-0.413935
10.38,1,1.49905,6.214e-18,-0.413363
10.381,1,1.49905,3.20261e-18,-0.412791
10.382,1,1.49905,1.05046e-16,-0.412219
10.383,1,1.49905,2.98209e-16,-0.411646
10.384,1,1.49905,-2.69633e-17,-0.411072
10.385,1,1.49905,-1.1103e-16,-0.410499
10.386,1,1.49905,-3.79229e-17,-0.409925
10.387,1,1.49905,-2.6495e-17,-0.40935
10.388,1,1.49905,1.92189e-16,-0.408775
10.389,1,1.49905,-8.57599e-17,-0.4082
10.39,1,1.49905,2.4032e-16,-0.407624
10.391,1,1.49905,-1.06934e-16,-0.407048
10.392,1,1.49905,5.51461e-17,-0.406471
10.393,1,1.49905,3.60234e-17,-0.405894
10.394,1,1.49905,3.49851e-16,-0.405317
10.395,1,1.49905,1.66995e-16,-0.404739
10.396,1,1.49905,2.88937e-17,-0.404161
10.397,1,1.49905,2.24874e-16,-0.403582
10.398,1,1.49905,-1.70993e-16,-0.403003
10.399,1,1.49905,1.30049e-16,-0.402423
10.4,1,1.49905,-3.61861e-17,-0.401844
10.401,1,1.49905,-3.56188e-18,-0.401263
10.402,1,1.49905,1.01415e-16,-0.400683
10.403,1,1.49905,1.60482e-16,-0.400102
10.404,1,1.49905,2.6136e-16,-0.39952
10.405,1,1.49905,5.03824e-16,-0.398938
10.406,1,1.49905,4.47961e-16,-0.398356
10.407,1,1.49905,-1.3952e-16,-0.397773
10.408,1,1.49905,5.71706e-16,-0.39719
10.409,1,1.49905,2.12566e-16,-0.396607
10.41,1,1.49905,3.65692e-16,-0.396023
10.411,1,1.49905,4.25111e-17,-0.395439
10.412,1,1.49905,1.30015e-16,-0.394854
10.413,1,1.49905,1.01238e-16,-0.394269
10.414,1,1.49905,-9.23072e-18,-0.393684
10.415,1,1.49905,-1.03695e-17,-0.393098
10.416,1,1.49905,2.83633e-16,-0.392512
10.417,1,1.49905,1.54347e-16,-0.391925
10.418,1,1.49905,3.24681e-17,-0.391338
10.419,1,1.49905,3.51911e-16,-0.390751
10.42,1,1.49905,2.32776e-16,-0.390163
10.421,1,1.49905,-2.63455e-16,-0.389575
10.422,1,1.49905,-9.7304e-17,-0.388987
10.423,1,1.49905,1.01529e-16,-0.388398
10.424,1,1.49905,-1.18086e-16,-0.387808
10.425,1,1.49905,-1.80882e-16,-0.387219
10.426,1,1.49905,-7.4002e-17,-0.386629
10.427,1,1.49905,-5.97666e-18,-0.386038
10.428,1,1.49905,-1.18806e-16,-0.385447
10.429,1,1.49905,2.145e-16,-0.384856
10.43,1,1.49905,2.73725e-16,-0.384264
10.431,1,1.49905,1.1972e-16,-0.383672
10.432,1,1.49905,8.68556e-17,-0.38308
10.433,1,1.49905,-4.28497e-16,-0.382487
10.434,1,1.49905,1.70185e-16,-0.381894
10.435,1,1.49905,1.8032e-16,-0.381301
10.436,1,1.49905,2.01861e-16,-0.380707
10.437,1,1.49905,-9.78769e-17,-0.380112
10.438,1,1.49905,1.57706e-16,-0.379518
10.439,1,1.49905,9.80933e-17,-0.378923
10.44,1,1.49905,7.84536e-17,-0.378327
10.441,1,1.49905,-1.30768e-16,-0.377732
10.442,1,1.49905,1.30638e-16,-0.377135
10.443,1,1.49905,8.87565e-17,-0.376539
10.444,1,1.49905,3.82012e-16,-0.375942
10.445,1,1.49905,-4.34848e-17,-0.375345
10.446,1,1.49905,-5.32982e-17,-0.374747
10.447,1,1.49905,2.18791e-16,-0.374149
10.448,1,1.49905,-1.85877e-17,-0.37355
10.449,1,1.49905,1.2849e-16,-0.372952
10.45,1,1.49905,7.26121e-17,-0.372352
10.451,1,1.49905,3.51014e-18,-0.371753
10.452,1,1.49905,1.01205e-16,-0.371153
10.453,1,1.49905,2.86115e-16,-0.370553
10.454,1,1.49905,5.66993e-16,-0.369952
10.455,1,1.49905,4.01032e-16,-0.369351
10.456,1,1.49905,1.30208e-16,-0.36875
10.457,1,1.49905,1.44495e-16,-0.368148
10.458,1,1.49905,-1.44339e-16,-0.367546
10.459,1,1.49905,2.15516e-17,-0.366943
10.46,1,1.49905,3.04714e-16,-0.36634
10.461,1,1.49905,1.64426e-16,-0.365737
10.462,1,1.49905,-2.25109e-17,-0.365133
10.463,1,1.49905,-1.455e-17,-0.364529
10.464,1,1.49905,4.70448e-16,-0.363925
10.465,1,1.49905,1.91813e-16,-0.36332
10.466,1,1.49905,6.91738e-17,-0.362715
10.467,1,1.49905,7.33978e-17,-0.36211
10.468,1,1.49905,-1.44803e-16,-0.361504
10.469,1,1.49905,-3.23538e-16,-0.360898
10.47,1,1.49905,1.68456e-17,-0.360292
10.471,1,1.49905,3.87461e-16,-0.359685
10.472,1,1.49905,4.33699e-16,-0.359078
10.473,1,1.49905,-2.73982e-16,-0.35847
10.474,1,1.49905,1.34592e-16,-0.357862
10.475,1,1.49905,2.17913e-16,-0.357254
10.476,1,1.49905,3.71362e-16,-0.356645
10.477,1,1.49905,-6.13849e-16,-0.356036
10.478,1,1.49905,1.10132e-16,-0.355427
10.479,1,1.49905,6.54248e-17,-0.354817
10.48,1,1.49905,3.24229e-17,-0.354207
10.481,1,1.49905,6.64197e-17,-0.353597
10.482,1,1.49905,-3.64537e-17,-0.352986
10.483,1,1.49905,2.1068e-16,-0.352375
10.484,1,1.49905,1.19596e-16,-0.351763
10.485,1,1.49905,-3.27123e-16,-0.351151
10.486,1,1.49905,3.44476e-16,-0.350539
10.487,1,1.49905,2.44108e-16,-0.349927
10.488,1,1.49905,5.94512e-16,-0.349314
10.489,1,1.49905,1.12213e-16,-0.348701
10.49,1,1.49905,8.00943e-17,-0.348087
10.491,1,1.49905,5.82677e-17,-0.347473
10.492,1,1.49905,5.7499e-17,-0.346859
10.493,1,1.49905,-1.57115e-16,-0.346244
10.494,1,1.49905,4.76691e-17,-0.345629
10.495,1,1.49905,5.1801e-16,-0.345014
10.496,1,1.49905,2.20827e-16,-0.344398
10.497,1,1.49905,1.02589e-16,-0.343782
10.498,1,1.49905,5.9252e-17,-0.343166
10.499,1,1.49905,1.83923e-16,-0.342549
10.5,1,1.49905,2.43205e-16,-0.341932
10.501,1,1.49905,-1.5224e-16,-0.341315
10.502,1,1.49905,4.4243e-16,-0.340697
10.503,1,1.49905,1.95477e-16,-0.340079
10.504,1,1.49905,2.99289e-18,-0.339461
10.505,1,1.49905,-1.69251e-16,-0.338842
10.506,1,1.49905,5.55983e-17,-0.338223
10.507,1,1.49905,1.96822e-16,-0.337604
10.508,1,1.49905,4.50385e-16,-0.336984
10.509,1,1.49905,2.54426e-16,-0.336364
10.51,1,1.49905,6.29018e-16,-0.335743
10.511,1,1.49905,2.09799e-16,-0.335123
10.512,1,1.49905,-1.87801e-16,-0.334502
10.513,1,1.49905,-2.00722e-16,-0.33388
10.514,1,1.49905,1.43866e-16,-0.333258
10.515,1,1.49905,-2.42856e-17,-0.332636
10.516,1,1.49905,7.96223e-17,-0.332014
10.517,1,1.49905,-1.63782e-16,-0.331391
10.518,1,1.49905,-1.12525e-16,-0.330768
10.519,1,1.49905,1.50368e-16,-0.330145
10.52,1,1.49905,3.93298e-16,-0.329521
10.521,1,1.49905,1.24125e-16,-0.328897
10.522,1,1.49905,9.46649e-17,-0.328273
10.523,1,1.49905,5.33415e-16,-0.327648
10.524,1,1.49905,-8.35113e-17,-0.327023
10.525,1,1.49905,-8.90608e-17,-0.326397
10.526,1,1.49905,2.19684e-16,-0.325772
10.527,1,1.49905,2.24077e-16,-0.325146
10.528,1,1.49905,2.64539e-16,-0.324519
10.529,1,1.49905,3.09118e-16,-0.323893
10.53,1,1.49905,-5.98298e-17,-0.323266
10.531,1,1.49905,2.31268e-17,-0.322638
10.532,1,1.49905,4.33802e-16,-0.322011
10.533,1,1.49905,2.29243e-16,-0.321383
10.534,1,1.49905,-4.58504e-16,-0.320755
10.535,1,1.49905,1.15038e-16,-0.320126
10.536,1,1.49905,4.92082e-16,-0.319497
10.537,1,1.49905,2.09344e-16,-0.318868
10.538,1,1.49905,-3.64906e-18,-0.318238
10.539,1,1.49905,3.68214e-16,-0.317608
10.54,1,1.49905,2.91659e-16,-0.316978
10.541,1,1.49905,3.27396e-16,-0.316348
10.542,1,1.49905,3.77719e-17,-0.315717
10.543,1,1.49905,2.68798e-16,-0.315086
10.544,1,1.49905,3.97388e-16,-0.314454
10.545,1,1.49905,2.72416e-16,-0.313823
10.546,1,1.49905,3.92731e-16,-0.313191
10.547,1,1.49905,2.60432e-16,-0.312558
10.548,1,1.49905,4.38008e-16,-0.311925
10.549,1,1.49905,2.64345e-16,-0.311292
10.55,1,1.49905,1.41007e-16,-0.310659
10.551,1,1.49905,3.18499e-16,-0.310025
10.552,1,1.49905,5.52046e-17,-0.309392
10.553,1,1.49905,3.32826e-17,-0.308757
10.554,1,1.49905,3.71216e-16,-0.308123
10.555,1,1.49905,5.49691e-17,-0.307488
10.556,1,1.49905,2.27942e-16,-0.306853
10.557,1,1.49905,3.65764e-16,-0.306217
10.558,1,1.49905,5.01463e-16,-0.305581
10.559,1,1.49905,1.08178e-16,-0.304945
10.56,1,1.49905,2.20081e-16,-0.304309
10.561,1,1.49905,2.8437e-16,-0.303672
10.562,1,1.49905,7.40677e-17,-0.303035
10.563,1,1.49905,1.9486e-16,-0.302398
10.564,1,1.49905,1.62856e-16,-0.30176
10.565,1,1.49905,8.93125e-17,-0.301122
10.566,1,1.49905,7.04747e-16,-0.300484
10.567,1,1.49905,-6.85789e-17,-0.299846
10.568,1,1.49905,2.57315e-16,-0.299207
10.569,1,1.49905,6.53103e-17,-0.298568
10.57,1,1.49905,7.78123e-17,-0.297928
10.571,1,1.49905,1.79508e-16,-0.297289
10.572,1,1.49905,3.45958e-16,-0.296649
10.573,1,1.49905,-1.89621e-16,-0.296008
10.574,1,1.49905,1.52474e-16,-0.295368
10.575,1,1.49905,4.01367e-16,-0.294727
10.576,1,1.49905,3.23746e-16,-0.294086
10.577,1,1.49905,-3.01311e-17,-0.293444
10.578,1,1.49905,1.46834e-16,-0.292803
10.579,1,1.49905,2.70193e-16,-0.29216
10.58,1,1.49905,3.70708e-16,-0.291518
10.581,1,1.49905,2.34045e-16,-0.290875
10.582,1,1.49905,9.02574e-17,-0.290233
10.583,1,1.49905,1.30345e-16,-0.289589
10.584,1,1.49905,-4.10757e-18,-0.288946
10.585,1,1.49905,3.35152e-17,-0.288302
10.586,1,1.49905,2.0197e-16,-0.287658
10.587,1,1.49905,1.99365e-16,-0.287014
10.588,1,1.49905,-3.61896e-17,-0.286369
10.589,1,1.49905,1.46087e-16,-0.285724
10.59,1,1.49905,1.6007e-16,-0.285079
10.591,1,1.49905,3.30187e-16,-0.284433
10.592,1,1.49905,4.47939e-16,-0.283787
10.593,1,1.49905,1.77452e-16,-0.283141
10.594,1,1.49905,-1.08912e-16,-0.282495
10.595,1,1.49905,9.89411e-17,-0.281848
10.596,1,1.49905,3.90308e-17,-0.281201
10.597,1,1.49905,1.40582e-16,-0.280554
10.598,1,1.49905,1.6712e-16,-0.279907
10.599,1,1.49905,2.18683e-16,-0.279259
10.6,1,1.49905,4.99294e-17,-0.278611
10.601,1,1.49905,1.5047e-16,-0.277963
10.602,1,1.49905,1.12384e-16,-0.277314
10.603,1,1.49905,-1.80943e-16,-0.276665
10.604,1,1.49905,1.32018e-16,-0.276016
10.605,1,1.49905,2.66962e-16,-0.275367
10.606,1,1.49905,1.89515e-16,-0.274717
10.607,1,1.49905,2.61105e-16,-0.274067
10.608,1,1.49905,3.69722e-16,-0.273417
10.609,1,1.49905,1.82635e-16,-0.272766
10.61,1,1.49905,-2.36381e-17,-0.272115
10.611,1,1.49905,1.59743e-17,-0.271464
10.612,1,1.49905,-4.08201e-16,-0.270813
10.613,1,1.49905,-9.81923e-17,-0.270161
10.614,1,1.49905,5.98406e-17,-0.269509
10.615,1,1.49905,2.01626e-16,-0.268857
10.616,1,1.49905,4.01591e-16,-0.268205
10.617,1,1.49905,2.77699e-16,-0.267552
10.618,1,1.49905,2.43459e-16,-0.266899
10.619,1,1.49905,-2.04978e-16,-0.266246
10.62,1,1.49905,2.30834e-16,-0.265593
10.621,1,1.49905,-2.16409e-16,-0.264939
10.622,1,1.49905,1.32503e-16,-0.264285
10.623,1,1.49905,2.86839e-16,-0.26363
10.624,1,1.49905,6.53296e-17,-0.262976
10.625,1,1.49905,2.46979e-16,-0.262321
10.626,1,1.49905,-1.22625e-16,-0.261666
10.627,1,1.49905,-6.19596e-17,-0.261011
10.628,1,1.49905,2.19188e-16,-0.260355
10.629,1,1.49905,1.87431e-16,-0.259699
10.63,1,1.49905,-5.23351e-17,-0.259043
10.631,1,1.49905,1.88283e-16,-0.258387
10.632,1,1.49905,2.31599e-16,-0.25773
10.633,1,1.49905,7.31148e-17,-0.257073
10.634,1,1.49905,6.04687e-16,-0.256416
10.635,1,1.49905,3.32664e-16,-0.255759
10.636,1,1.49905,3.2144e-16,-0.255101
10.637,1,1.49905,-2.16062e-16,-0.254443
10.638,1,1.49905,2.7129e-17,-0.253785
10.639,1,1.49905,-2.33961e-17,-0.253127
10.64,1,1.49905,-1.11816e-16,-0.252468
10.641,1,1.49905,-3.5035e-17,-0.251809
10.642,1,1.49905,6.2693e-17,-0.25115
10.643,1,1.49905,-4.53628e-17,-0.250491
10.644,1,1.49905,4.02075e-16,-0.249831
10.645,1,1.49905,3.65474e-16,-0.249171
10.646,1,1.49905,-2.14733e-16,-0.248511
10.647,1,1.49905,6.13154e-16,-0.24785
10.648,1,1.49905,3.62204e-16,-0.24719
10.649,1,1.49905,-3.16968e-17,-0.246529
10.65,1,1.49905,3.62141e-16,-0.245868
10.651,1,1.49905,-6.36505e-18,-0.245206
10.652,1,1.49905,-1.2484e-16,-0.244545
10.653,1,1.49905,-1.30722e-17,-0.243883
10.654,1,1.49905,1.99031e-16,-0.243221
10.655,1,1.49905,3.42374e-16,-0.242558
10.656,1,1.49905,-2.10742e-17,-0.241896
10.657,1,1.49905,1.46831e-16,-0.241233
10.658,1,1.49905,-1.21833e-16,-0.24057
10.659,1,1.49905,1.07941e-16,-0.239906
10.66,1,1.49905,-5.5882e-17,-0.239243
10.661,1,1.49905,-2.15726e-16,-0.238579
10.662,1,1.49905,9.55426e-17,-0.237915
10.663,1,1.49905,2.45099e-16,-0.237251
10.664,1,1.49905,1.79611e-16,-0.236586
10.665,1,1.49905,-2.4353e-16,-0.235921
10.666,1,1.49905,-5.82891e-17,-0.235256
10.667,1,1.49905,4.54447e-17,-0.234591
10.668,1,1.49905,2.51117e-16,-0.233926
10.669,1,1.49905,3.24503e-16,-0.23326
10.67,1,1.49905,2.52134e-16,-0.232594
10.671,1,1.49905,-5.72355e-17,-0.231928
10.672,1,1.49905,4.84399e-16,-0.231261
10.673,1,1.49905,4.4084e-16,-0.230595
10.674,1,1.49905,3.22335e-16,-0.229928
10.675,1,1.49905,9.59515e-17,-0.229261
10.676,1,1.49905,1.74781e-16,-0.228594
10.677,1,1.49905,-2.08405e-16,-0.227926
10.678,1,1.49905,-3.1795e-16,-0.227258
10.679,1,1.49905,3.97782e-16,-0.22659
10.68,1,1.49905,3.57057e-16,-0.225922
10.681,1,1.49905,4.50731e-16,-0.225254
10.682,1,1.49905,5.02201e-16,-0.224585
10.683,1,1.49905,4.01748e-16,-0.223916
10.684,1,1.49905,1.38626e-16,-0.223247
10.685,1,1.49905,7.60575e-17,-0.222578
10.686,1,1.49905,8.2382e-17,-0.221908
10.687,1,1.49905,2.50705e-16,-0.221238
10.688,1,1.49905,-2.33449e-16,-0.220568
10.689,1,1.49905,2.88094e-16,-0.219898
10.69,1,1.49905,6.45017e-16,-0.219228
10.691,1,1.49905,1.38096e-16,-0.218557
10.692,1,1.49905,4.18341e-17,-0.217886
10.693,1,1.49905,-1.60417e-16,-0.217215
10.694,1,1.49905,2.84897e-16,-0.216544
10.695,1,1.49905,2.48162e-16,-0.215872
10.696,1,1.49905,5.94254e-17,-0.2152
10.697,1,1.49905,1.80087e-16,-0.214528
10.698,1,1.49905,3.204e-16,-0.213856
10.699,1,1.49905,6.89393e-17,-0.213184
10.7,1,1.49905,3.23184e-16,-0.212511
10.701,1,1.49905,7.2606e-17,-0.211838
10.702,1,1.49905,5.48145e-16,-0.211165
10.703,1,1.49905,1.31422e-16,-0.210492
10.704,1,1.49905,4.36863e-16,-0.209819
10.705,1,1.49905,4.85534e-16,-0.209145
10.706,1,1.49905,8.04103e-18,-0.208471
10.707,1,1.49905,-1.35452e-16,-0.207797
10.708,1,1.49905,-2.21446e-16,-0.207123
10.709,1,1.49905,2.44175e-16,-0.206448
10.71,1,1.49905,-3.36056e-17,-0.205773
10.711,1,1.49905,-1.12968e-17,-0.205099
10.712,1,1.49905,6.4991e-16,-0.204423
10.713,1,1.49905,-1.225e-16,-0.203748
10.714,1,1.49905,3.94844e-16,-0.203073
10.715,1,1.49905,4.02678e-16,-0.202397
10.716,1,1.49905,9.86306e-17,-0.201721
10.717,1,1.49905,4.27166e-16,-0.201045
10.718,1,1.49905,-1.5449e-16,-0.200369
10.719,1,1.49905,-4.05409e-16,-0.199692
10.72,1,1.49905,-5.03063e-17,-0.199015
10.721,1,1.49905,2.41644e-17,-0.198338
10.722,1,1.49905,1.78675e-16,-0.197661
10.723,1,1.49905,-9.18828e-17,-0.196984
10.724,1,1.49905,-1.06164e-16,-0.196306
10.725,1,1.49905,5.34861e-16,-0.195629
10.726,1,1.49905,3.10166e-16,-0.194951
10.727,1,1.49905,2.99808e-16,-0.194273
10.728,1,1.49905,2.25224e-16,-0.193594
10.729,1,1.49905,4.43254e-16,-0.192916
10.73,1,1.49905,1.98333e-16,-0.192237
10.731,1,1.49905,-2.06231e-16,-0.191558
10.732,1,1.49905,2.26244e-16,-0.190879
10.733,1,1.49905,-8.65522e-17,-0.1902
10.734,1,1.49905,5.86886e-17,-0.189521
10.735,1,1.49905,6.62936e-17,-0.188841
10.736,1,1.49905,3.24838e-16,-0.188161
10.737,1,1.49905,3.51742e-16,-0.187481
10.738,1,1.49905,4.4359e-16,-0.186801
10.739,1,1.49905,2.09754e-16,-0.186121
10.74,1,1.49905,5.03104e-16,-0.18544
10.741,1,1.49905,4.4631e-16,-0.184759
10.742,1,1.49905,1.30075e-16,-0.184078
10.743,1,1.49905,3.22805e-16,-0.183397
10.744,1,1.49905,5.74252e-16,-0.182716
10.745,1,1.49905,3.83196e-16,-0.182034
10.746,1,1.49905,7.57995e-17,-0.181353
10.747,1,1.49905,1.96575e-16,-0.180671
10.748,1,1.49905,1.17348e-16,-0.179989
10.749,1,1.49905,4.09607e-16,-0.179307
10.75,1,1.49905,4.03692e-16,-0.178624
10.751,1,1.49905,-1.66168e-16,-0.177942
10.752,1,1.49905,3.80645e-16,-0.177259
10.753,1,1.49905,1.76928e-16,-0.176576
10.754,1,1.49905,2.72209e-16,-0.175893
10.755,1,1.49905,3.27709e-16,-0.17521
10.756,1,1.49905,-9.64863e-17,-0.174526
10.757,1,1.49905,3.29208e-16,-0.173843
10.758,1,1.49905,2.57826e-16,-0.173159
10.759,1,1.49905,1.06975e-16,-0.172475
10.76,1,1.49905,3.27536e-16,-0.171791
10.761,1,1.49905,2.33824e-16,-0.171106
10.762,1,1.49905,2.32578e-16,-0.170422
10.763,1,1.49905,1.93043e-16,-0.169737
10.764,1,1.49905,2.29846e-16,-0.169053
10.765,1,1.49905,7.37288e-17,-0.168368
10.766,1,1.49905,5.48771e-16,-0.167682
10.767,1,1.49905,6.48296e-16,-0.166997
10.768,1,1.49905,3.60093e-16,-0.166312
10.769,1,1.49905,5.7197e-16,-0.165626
10.77,1,1.49905,1.11177e-16,-0.16494
10.771,1,1.49905,-2.81518e-17,-0.164254
10.772,1,1.49905,2.74852e-16,-0.163568
10.773,1,1.49905,4.421e-16,-0.162882
10.774,1,1.49905,-2.67455e-16,-0.162195
10.775,1,1.49905,1.38025e-16,-0.161509
10.776,1,1.49905,2.75114e-16,-0.160822
10.777,1,1.49905,1.6909e-16,-0.160135
10.778,1,1.49905,4.32828e-16,-0.159448
10.779,1,1.49905,2.64841e-16,-0.15876
10.78,1,1.49905,2.39573e-16,-0.158073
10.781,1,1.49905,1.43955e-16,-0.157385
10.782,1,1.49905,8.97399e-17,-0.156698
10.783,1,1.49905,5.251e-17,-0.15601
10.784,1,1.49905,1.865e-16,-0.155322
10.785,1,1.49905,5.24246e-16,-0.154633
10.786,1,1.49905,2.54723e-16,-0.153945
10.787,1,1.49905,6.54075e-16,-0.153256
10.788,1,1.49905,2.13507e-16,-0.152568
10.789,1,1.49905,-6.96749e-17,-0.151879
10.79,1,1.49905,6.06638e-18,-0.15119
10.791,1,1.49905,3.20523e-16,-0.150501
10.792,1,1.49905,-4.74752e-17,-0.149812
10.793,1,1.49905,5.10588e-17,-0.149122
10.794,1,1.49905,6.07013e-16,-0.148433
10.795,1,1.49905,5.84199e-16,-0.147743
10.796,1,1.49905,3.63316e-16,-0.147053
10.797,1,1.49905,1.18701e-16,-0.146363
10.798,1,1.49905,9.12543e-17,-0.145673
10.799,1,1.49905,4.21642e-16,-0.144982
10.8,1,1.49905,1.15143e-16,-0.144292
10.801,1,1.49905,-3.54862e-18,-0.143601
10.802,1,1.49905,6.1362e-16,-0.142911
10.803,1,1.49905,2.93293e-16,-0.14222
10.804,1,1.49905,4.27573e-16,-0.141529
10.805,1,1.49905,-2.33824e-16,-0.140837
10.806,1,1.49905,1.99224e-16,-0.140146
10.807,1,1.49905,3.52908e-16,-0.139455
10.808,1,1.49905,2.47303e-16,-0.138763
10.809,1,1.49905,2.4926e-16,-0.138071
10.81,1,1.49905,1.13194e-17,-0.13738
10.811,1,1.49905,4.64167e-16,-0.136687
10.812,1,1.49905,-5.38988e-17,-0.135995
10.813,1,1.49905,3.31778e-16,-0.135303
10.814,1,1.49905,1.38391e-17,-0.134611
10.815,1,1.49905,4.39843e-16,-0.133918
10.816,1,1.49905,1.94882e-16,-0.133225
10.817,1,1.49905,2.98875e-16,-0.132533
10.818,1,1.49905,6.75206e-16,-0.13184
10.819,1,1.49905,4.73767e-16,-0.131147
10.82,1,1.49905,2.23086e-16,-0.130453
10.821,1,1.49905,6.42146e-16,-0.12976
10.822,1,1.49905,4.80983e-16,-0.129067
10.823,1,1.49905,-2.80569e-17,-0.128373
10.824,1,1.49905,5.43004e-16,-0.127679
10.825,1,1.49905,1.9101e-16,-0.126985
10.826,1,1.49905,2.09046e-16,-0.126291
10.827,1,1.49905,2.3549e-16,-0.125597
10.828,1,1.49905,1.71288e-16,-0.124903
10.829,1,1.49905,7.46881e-16,-0.124209
10.83,1,1.49905,3.76881e-16,-0.123514
10.831,1,1.49905,5.93859e-16,-0.12282
10.832,1,1.49905,5.26122e-16,-0.122125
10.833,1,1.49905,2.04208e-16,-0.12143
10.834,1,1.49905,-3.16729e-17,-0.120735
10.835,1,1.49905,5.42323e-16,-0.12004
10.836,1,1.49905,3.26669e-16,-0.119345
10.837,1,1.49905,3.11244e-16,-0.118649
10.838,1,1.49905,3.00578e-16,-0.117954
10.839,1,1.49905,-1.85619e-17,-0.117258
10.84,1,1.49905,6.18777e-16,-0.116563
10.841,1,1.49905,2.85707e-17,-0.115867
10.842,1,1.49905,-1.03481e-16,-0.115171
10.843,1,1.49905,1.7213e-16,-0.114475
10.844,1,1.49905,3.81997e-16,-0.113779
10.845,1,1.49905,3.39562e-16,-0.113083
10.846,1,1.49905,-3.22267e-17,-0.112386
10.847,1,1.49905,-4.29267e-17,-0.11169
10.848,1,1.49905,2.0963e-16,-0.110993
10.849,1,1.49905,3.90503e-16,-0.110296
10.85,1,1.49905,-1.51684e-16,-0.1096
10.851,1,1.49905,3.15084e-17,-0.108903
10.852,1,1.49905,7.08536e-16,-0.108206
10.853,1,1.49905,1.64005e-16,-0.107508
10.854,1,1.49905,2.52334e-16,-0.106811
10.855,1,1.49905,3.11189e-16,-0.106114
10.856,1,1.49905,3.82995e-16,-0.105416
10.857,1,1.49905,3.68648e-16,-0.104719
10.858,1,1.49905,1.59323e-17,-0.104021
10.859,1,1.49905,4.78387e-16,-0.103323
10.86,1,1.49905,-8.47876e-17,-0.102626
10.861,1,1.49905,4.46616e-16,-0.101928
10.862,1,1.49905,3.04249e-16,-0.101229
10.863,1,1.49905,2.19686e-16,-0.100531
10.864,1,1.49905,-1.7534e-17,-0.099833
10.865,1,1.49905,5.68232e-17,-0.0991346
10.866,1,1.49905,-3.28477e-17,-0.0984361
10.867,1,1.49905,-3.89148e-19,-0.0977375
10.868,1,1.49905,1.41611e-16,-0.0970388
10.869,1,1.49905,1.78718e-16,-0.0963401
10.87,1,1.49905,6.43164e-18,-0.0956412
10.871,1,1.49905,1.94787e-16,-0.0949422
10.872,1,1.49905,1.06662e-16,-0.0942432
10.873,1,1.49905,2.05622e-16,-0.093544
10.874,1,1.49905,2.57187e-16,-0.0928448
10.875,1,1.49905,1.71348e-16,-0.0921454
10.876,1,1.49905,5.67289e-16,-0.091446
10.877,1,1.49905,2.14546e-16,-0.0907465
10.878,1,1.49905,4.40482e-16,-0.0900468
10.879,1,1.49905,4.16442e-16,-0.0893471
10.88,1,1.49905,3.70806e-16,-0.0886473
10.881,1,1.49905,9.42799e-17,-0.0879475
10.882,1,1.49905,3.00296e-16,-0.0872475
10.883,1,1.49905,1.26723e-16,-0.0865474
10.884,1,1.49905,3.39453e-16,-0.0858473
10.885,1,1.49905,1.80275e-16,-0.0851471
10.886,1,1.49905,5.48321e-16,-0.0844467
10.887,1,1.49905,1.65682e-16,-0.0837463
10.888,1,1.49905,2.1855e-16,-0.0830459
10.889,1,1.49905,2.11887e-16,-0.0823453
10.89,1,1.49905,3.21714e-16,-0.0816446
10.891,1,1.49905,8.22765e-17,-0.0809439
10.892,1,1.49905,2.62202e-16,-0.0802431
10.893,1,1.49905,2.36126e-16,-0.0795422
10.894,1,1.49905,3.17264e-16,-0.0788412
10.895,1,1.49905,2.03512e-16,-0.0781402
10.896,1,1.49905,1.7122e-16,-0.0774391
10.897,1,1.49905,1.39708e-16,-0.0767379
10.898,1,1.49905,4.06466e-16,-0.0760366
10.899,1,1.49905,3.94143e-16,-0.0753352
10.9,1,1.49905,2.09966e-16,-0.0746338
10.901,1,1.49905,2.17141e-16,-0.0739323
10.902,1,1.49905,3.16224e-16,-0.0732307
10.903,1,1.49905,6.50066e-17,-0.072529
10.904,1,1.49905,2.94221e-16,-0.0718273
10.905,1,1.49905,1.70069e-16,-0.0711255
10.906,1,1.49905,-1.06838e-16,-0.0704237
10.907,1,1.49905,2.90146e-16,-0.0697217
10.908,1,1.49905,3.54477e-16,-0.0690197
10.909,1,1.49905,6.19257e-16,-0.0683176
10.91,1,1.49905,2.81504e-16,-0.0676155
10.911,1,1.49905,3.90946e-16,-0.0669133
10.912,1,1.49905,1.73871e-16,-0.066211
10.913,1,1.49905,5.41026e-16,-0.0655086
10.914,1,1.49905,-1.12233e-16,-0.0648062
10.915,1,1.49905,3.42812e-16,-0.0641038
10.916,1,1.49905,2.94944e-17,-0.0634012
10.917,1,1.49905,3.69404e-16,-0.0626986
10.918,1,1.49905,2.72242e-16,-0.061996
10.919,1,1.49905,4.86618e-16,-0.0612932
10.92,1,1.49905,4.99144e-16,-0.0605904
10.921,1,1.49905,4.468e-16,-0.0598876
10.922,1,1.49905,1.74994e-16,-0.0591847
10.923,1,1.49905,4.27859e-16,-0.0584817
10.924,1,1.49905,4.53779e-16,-0.0577787
10.925,1,1.49905,2.40328e-16,-0.0570756
10.926,1,1.49905,2.36676e-16,-0.0563725
10.927,1,1.49905,1.98902e-16,-0.0556693
10.928,1,1.49905,-3.74986e-17,-0.054966
10.929,1,1.49905,4.73551e-16,-0.0542627
10.93,1,1.49905,2.63975e-16,-0.0535593
10.931,1,1.49905,6.51369e-17,-0.0528559
10.932,1,1.49905,2.03847e-16,-0.0521525
10.933,1,1.49905,3.94872e-16,-0.0514489
10.934,1,1.49905,1.58239e-16,-0.0507454
10.935,1,1.49905,-2.82588e-17,-0.0500417
10.936,1,1.49905,4.12006e-16,-0.0493381
10.937,1,1.49905,4.686e-16,-0.0486343
10.938,1,1.49905,5.24976e-17,-0.0479306
10.939,1,1.49905,1.11481e-16,-0.0472268
10.94,1,1.49905,4.89317e-16,-0.0465229
10.941,1,1.49905,1.04646e-17,-0.045819
10.942,1,1.49905,4.14148e-16,-0.045115
10.943,1,1.49905,2.80604e-16,-0.044411
10.944,1,1.49905,3.05613e-16,-0.043707
10.945,1,1.49905,1.0132e-16,-0.0430029
10.946,1,1.49905,1.31667e-16,-0.0422988
10.947,1,1.49905,2.96885e-16,-0.0415946
10.948,1,1.49905,6.22979e-16,-0.0408904
10.949,1,1.49905,5.78439e-16,-0.0401861
10.95,1,1.49905,2.68625e-16,-0.0394818
10.951,1,1.49905,7.73481e-16,-0.0387775
10.952,1,1.49905,2.6515e-16,-0.0380731
10.953,1,1.49905,7.81336e-17,-0.0373687
10.954,1,1.49905,1.49661e-16,-0.0366642
10.955,1,1.49905,3.6691e-16,-0.0359597
10.956,1,1.49905,2.18558e-16,-0.0352552
10.957,1,1.49905,3.50189e-19,-0.0345507
10.958,1,1.49905,3.98007e-16,-0.0338461
10.959,1,1.49905,5.36813e-16,-0.0331414
10.96,1,1.49905,7.43392e-17,-0.0324368
10.961,1,1.49905,5.50925e-16,-0.0317321
10.962,1,1.49905,1.02076e-16,-0.0310274
10.963,1,1.49905,1.55489e-16,-0.0303226
10.964,1,1.49905,6.95957e-16,-0.0296178
10.965,1,1.49905,2.19207e-16,-0.028913
10.966,1,1.49905,4.36205e-16,-0.0282082
10.967,1,1.49905,4.0888e-17,-0.0275033
10.968,1,1.49905,3.62446e-16,-0.0267984
10.969,1,1.49905,5.24849e-16,-0.0260935
10.97,1,1.49905,1.48502e-16,-0.0253885
10.971,1,1.49905,8.4993e-16,-0.0246835
10.972,1,1.49905,1.77073e-16,-0.0239785
10.973,1,1.49905,-6.66717e-17,-0.0232735
10.974,1,1.49905,5.11857e-16,-0.0225685
10.975,1,1.49905,3.27257e-16,-0.0218634
10.976,1,1.49905,2.38329e-16,-0.0211583
10.977,1,1.49905,1.69994e-18,-0.0204532
10.978,1,1.49905,6.84127e-17,-0.019748
10.979,1,1.49905,9.94722e-17,-0.0190429
10.98,1,1.49905,4.9566e-16,-0.0183377
10.981,1,1.49905,3.84616e-17,-0.0176325
10.982,1,1.49905,5.8636e-16,-0.0169273
10.983,1,1.49905,1.22985e-16,-0.0162221
10.984,1,1.49905,4.26698e-16,-0.0155168
10.985,1,1.49905,4.59895e-16,-0.0148116
10.986,1,1.49905,2.12039e-16,-0.0141063
10.987,1,1.49905,3.59591e-16,-0.013401
10.988,1,1.49905,4.57404e-16,-0.0126957
10.989,1,1.49905,5.28049e-16,-0.0119904
10.99,1,1.49905,1.8566e-16,-0.0112851
10.991,1,1.49905,4.39826e-16,-0.0105798
10.992,1,1.49905,2.30999e-16,-0.0098744
10.993,1,1.49905,5.73054e-16,-0.00916905
10.994,1,1.49905,3.23328e-16,-0.00846368
10.995,1,1.49905,6.85504e-16,-0.00775831
10.996,1,1.49905,4.32471e-16,-0.00705293
10.997,1,1.49905,3.76987e-16,-0.00634754
10.998,1,1.49905,2.93472e-16,-0.00564214
10.999,1,1.49905,2.34662e-16,-0.00493674
11,1,1.49905,4.01181e-16,-0.00423133
11.001,1,1.49905,2.48592e-16,-0.00352592
11.002,1,1.49905,3.27722e-16,-0.00282051
11.003,1,1.49905,1.48455e-16,-0.00211509
11.004,1,1.49905,2.36695e-16,-0.00140967
11.005,1,1.49905,3.05839e-16,-0.000704253
11.006,1,1.49905,-1.65673e-16,1.16815e-06
11.007,1,1.49905,1.6905e-16,0.000706589
11.008,1,1.49905,5.47057e-16,0.00141201
11.009,1,1.49905,2.56631e-16,0.00211743
11.01,1,1.49905,2.33782e-16,0.00282284
11.011,1,1.49905,6.76401e-16,0.00352826
11.012,1,1.49905,4.1674e-16,0.00423367
11.013,1,1.49905,3.70392e-18,0.00493908
11.014,1,1.49905,6.59335e-16,0.00564448
11.015,1,1.49905,3.12586e-16,0.00634987
11.016,1,1.49905,2.22741e-16,0.00705526
11.017,1,1.49905,4.01224e-16,0.00776064
11.018,1,1.49905,4.14294e-16,0.00846602
11.019,1,1.49905,1.96572e-16,0.00917138
11.02,1,1.49905,1.34614e-16,0.00987674
11.021,1,1.49905,-1.10887e-16,0.0105821
11.022,1,1.49905,5.86867e-17,0.0112874
11.023,1,1.49905,1.56971e-16,0.0119927
11.024,1,1.49905,1.71549e-16,0.0126981
11.025,1,1.49905,3.19148e-16,0.0134034
11.026,1,1.49905,2.09023e-16,0.0141087
11.027,1,1.49905,3.53025e-16,0.0148139
11.028,1,1.49905,4.58896e-16,0.0155192
11.029,1,1.49905,1.696e-16,0.0162244
11.03,1,1.49905,3.8794e-16,0.0169297
11.031,1,1.49905,4.91784e-16,0.0176349
11.032,1,1.49905,4.02422e-16,0.0183401
11.033,1,1.49905,1.83223e-16,0.0190452
11.034,1,1.49905,2.21454e-16,0.0197504
11.035,1,1.49905,3.56189e-16,0.0204555
11.036,1,1.49905,3.54395e-16,0.0211606
11.037,1,1.49905,-1.65541e-17,0.0218657
11.038,1,1.49905,1.19552e-16,0.0225708
11.039,1,1.49905,2.66411e-16,0.0232758
11.04,1,1.49905,2.08717e-16,0.0239809
11.041,1,1.49905,2.68806e-16,0.0246859
11.042,1,1.49905,8.44424e-16,0.0253909
11.043,1,1.49905,5.21293e-16,0.0260958
11.044,1,1.49905,4.48027e-16,0.0268007
11.045,1,1.49905,3.19692e-16,0.0275056
11.046,1,1.49905,5.61382e-16,0.0282105
11.047,1,1.49905,2.09675e-16,0.0289153
11.048,1,1.49905,7.72582e-16,0.0296202
11.049,1,1.49905,8.14643e-17,0.0303249
11.05,1,1.49905,1.33494e-16,0.0310297
11.051,1,1.49905,7.69434e-16,0.0317344
11.052,1,1.49905,1.61616e-16,0.0324391
11.053,1,1.49905,2.53931e-16,0.0331438
11.054,1,1.49905,2.89242e-16,0.0338484
11.055,1,1.49905,1.37652e-16,0.034553
11.056,1,1.49905,8.49013e-17,0.0352576
11.057,1,1.49905,3.61465e-16,0.0359621
11.058,1,1.49905,2.63588e-16,0.0366666
11.059,1,1.49905,2.7486e-16,0.037371
11.06,1,1.49905,1.87471e-16,0.0380754
11.061,1,1.49905,5.69999e-16,0.0387798
11.062,1,1.49905,2.85528e-16,0.0394841
11.063,1,1.49905,4.47022e-16,0.0401884
11.064,1,1.49905,4.5661e-16,0.0408927
11.065,1,1.49905,6.68312e-16,0.0415969
11.066,1,1.49905,6.28387e-16,0.0423011
11.067,1,1.49905,4.21007e-16,0.0430052
11.068,1,1.49905,3.47386e-16,0.0437093
11.069,1,1.49905,4.93696e-16,0.0444134
11.07,1,1.49905,3.61462e-16,0.0451174
11.071,1,1.49905,3.02637e-16,0.0458213
11.072,1,1.49905,3.78263e-16,0.0465252
11.073,1,1.49905,4.55171e-17,0.0472291
11.074,1,1.49905,4.55462e-16,0.0479329
11.075,1,1.49905,7.21542e-18,0.0486367
11.076,1,1.49905,4.83824e-16,0.0493404
11.077,1,1.49905,9.78247e-17,0.0500441
11.078,1,1.49905,2.30127e-16,0.0507477
11.079,1,1.49905,1.53929e-16,0.0514513
11.08,1,1.49905,3.03643e-16,0.0521548
11.081,1,1.49905,2.26666e-16,0.0528583
11.082,1,1.49905,3.91725e-16,0.0535617
11.083,1,1.49905,4.64088e-16,0.054265
11.084,1,1.49905,2.90675e-16,0.0549683
11.085,1,1.49905,3.56437e-16,0.0556716
11.086,1,1.49905,4.51775e-16,0.0563748
11.087,1,1.49905,6.4987e-16,0.0570779
11.088,1,1.49905,2.50823e-16,0.057781
11.089,1,1.49905,3.4097e-16,0.058484
11.09,1,1.49905,-1.55313e-16,0.059187
11.091,1,1.49905,6.95359e-16,0.0598899
11.092,1,1.49905,3.80667e-16,0.0605928
11.093,1,1.49905,2.4349e-16,0.0612956
11.094,1,1.49905,2.80384e-16,0.0619983
11.095,1,1.49905,3.0648e-16,0.0627009
11.096,1,1.49905,5.9028e-16,0.0634035
11.097,1,1.49905,2.8644e-16,0.0641061
11.098,1,1.49905,4.16284e-16,0.0648086
11.099,1,1.49905,2.44468e-16,0.065511
11.1,1,1.49905,3.21823e-16,0.0662133
11.101,1,1.49905,7.33e-16,0.0669156
11.102,1,1.49905,5.77042e-16,0.0676178
11.103,1,1.49905,4.43603e-16,0.06832
11.104,1,1.49905,3.61563e-16,0.069022
11.105,1,1.49905,3.44976e-16,0.069724
11.106,1,1.49905,6.19915e-17,0.070426
11.107,1,1.49905,4.08145e-16,0.0711278
11.108,1,1.49905,9.45473e-16,0.0718296
11.109,1,1.49905,3.11229e-16,0.0725314
11.11,1,1.49905,4.35678e-16,0.073233
11.111,1,1.49905,6.78583e-16,0.0739346
11.112,1,1.49905,1.19922e-16,0.0746361
11.113,1,1.49905,4.56816e-16,0.0753375
11.114,1,1.49905,4.45409e-16,0.0760389
11.115,1,1.49905,3.59325e-16,0.0767402
11.116,1,1.49905,1.09475e-16,0.0774414
11.117,1,1.49905,4.51279e-16,0.0781425
11.118,1,1.49905,1.14639e-16,0.0788436
11.119,1,1.49905,7.00735e-16,0.0795445
11.12,1,1.49905,8.45553e-17,0.0802454
11.121,1,1.49905,4.58234e-16,0.0809462
11.122,1,1.49905,6.21199e-16,0.081647
11.123,1,1.49905,6.45457e-16,0.0823476
11.124,1,1.49905,7.83282e-16,0.0830482
11.125,1,1.49905,4.7266e-16,0.0837487
11.126,1,1.49905,3.66695e-16,0.0844491
11.127,1,1.49905,3.29179e-16,0.0851494
11.128,1,1.49905,7.23716e-16,0.0858496
11.129,1,1.49905,4.44312e-16,0.0865497
11.13,1,1.49905,2.67758e-16,0.0872498
11.131,1,1.49905,3.44317e-16,0.0879498
11.132,1,1.49905,4.71267e-17,0.0886497
11.133,1,1.49905,-9.11345e-17,0.0893495
11.134,1,1.49905,2.5295e-16,0.0900492
11.135,1,1.49905,2.74566e-16,0.0907488
11.136,1,1.49905,2.60207e-16,0.0914483
11.137,1,1.49905,6.91802e-16,0.0921477
11.138,1,1.49905,4.25567e-16,0.0928471
11.139,1,1.49905,4.12314e-17,0.0935463
11.14,1,1.49905,1.72172e-16,0.0942455
11.141,1,1.49905,5.7132e-16,0.0949445
11.142,1,1.49905,3.75957e-16,0.0956435
11.143,1,1.49905,7.19239e-17,0.0963424
11.144,1,1.49905,4.07673e-16,0.0970412
11.145,1,1.49905,3.54518e-16,0.0977398
11.146,1,1.49905,4.13052e-16,0.0984384
11.147,1,1.49905,1.34182e-16,0.0991369
11.148,1,1.49905,-1.2105e-16,0.0998353
11.149,1,1.49905,1.87215e-16,0.100534
11.15,1,1.49905,1.71105e-16,0.101232
11.151,1,1.49905,7.25415e-16,0.10193
11.152,1,1.49905,-1.09337e-16,0.102628
11.153,1,1.49905,6.67001e-16,0.103326
11.154,1,1.49905,1.61493e-16,0.104023
11.155,1,1.49905,4.27072e-16,0.104721
11.156,1,1.49905,4.00489e-16,0.105419
11.157,1,1.49905,3.44615e-16,0.106116
11.158,1,1.49905,2.44774e-16,0.106814
11.159,1,1.49905,4.66648e-16,0.107511
11.16,1,1.49905,3.31466e-16,0.108208
11.161,1,1.49905,1.68778e-16,0.108905
11.162,1,1.49905,1.45206e-16,0.109602
11.163,1,1.49905,1.73208e-16,0.110299
11.164,1,1.49905,1.00612e-17,0.110995
11.165,1,1.49905,-2.2032e-17,0.111692
11.166,1,1.49905,5.69037e-16,0.112388
11.167,1,1.49905,3.79394e-16,0.113085
11.168,1,1.49905,4.65708e-16,0.113781
11.169,1,1.49905,-8.95615e-17,0.114477
11.17,1,1.49905,3.01856e-16,0.115173
11.171,1,1.49905,7.6175e-16,0.115869
11.172,1,1.49905,3.51701e-16,0.116565
11.173,1,1.49905,1.49285e-16,0.117261
11.174,1,1.49905,3.08974e-16,0.117956
11.175,1,1.49905,-3.88117e-17,0.118652
11.176,1,1.49905,3.08237e-16,0.119347
11.177,1,1.49905,4.6941e-16,0.120042
11.178,1,1.49905,4.93204e-16,0.120737
11.179,1,1.49905,3.18966e-16,0.121432
11.18,1,1.49905,2.74468e-16,0.122127
11.181,1,1.49905,7.76268e-16,0.122822
11.182,1,1.49905,3.04223e-16,0.123516
11.183,1,1.49905,4.46072e-16,0.124211
11.184,1,1.49905,2.95937e-16,0.124905
11.185,1,1.49905,3.22555e-16,0.1256
11.186,1,1.49905,5.5323e-16,0.126294
11.187,1,1.49905,-4.1209e-17,0.126988
11.188,1,1.49905,5.50929e-16,0.127682
11.189,1,1.49905,1.95665e-16,0.128375
11.19,1,1.49905,3.33787e-16,0.129069
11.191,1,1.49905,4.44082e-16,0.129762
11.192,1,1.49905,2.25867e-16,0.130456
11.193,1,1.49905,2.89961e-16,0.131149
11.194,1,1.49905,2.41096e-16,0.131842
11.195,1,1.49905,3.15224e-16,0.132535
11.196,1,1.49905,5.03941e-16,0.133228
11.197,1,1.49905,1.34181e-16,0.13392
11.198,1,1.49905,5.36327e-16,0.134613
11.199,1,1.49905,-2.34538e-16,0.135305
11.2,1,1.49905,7.34202e-17,0.135998
11.201,1,1.49905,1.92924e-16,0.13669
11.202,1,1.49905,8.60863e-17,0.137382
11.203,1,1.49905,1.74942e-16,0.138074
11.204,1,1.49905,2.63759e-16,0.138765
11.205,1,1.49905,2.55713e-16,0.139457
11.206,1,1.49905,1.31688e-16,0.140148
11.207,1,1.49905,2.16492e-16,0.14084
11.208,1,1.49905,4.54947e-16,0.141531
11.209,1,1.49905,2.93834e-16,0.142222
11.21,1,1.49905,-1.01767e-16,0.142913
11.211,1,1.49905,5.36374e-16,0.143604
11.212,1,1.49905,1.32991e-16,0.144294
11.213,1,1.49905,2.83777e-16,0.144985
11.214,1,1.49905,-9.61286e-17,0.145675
11.215,1,1.49905,3.93987e-16,0.146365
11.216,1,1.49905,3.84092e-16,0.147055
11.217,1,1.49905,5.05857e-16,0.147745
11.218,1,1.49905,3.54976e-16,0.148435
11.219,1,1.49905,3.44592e-16,0.149124
11.22,1,1.49905,3.84349e-16,0.149814
11.221,1,1.49905,5.59452e-16,0.150503
11.222,1,1.49905,3.41641e-16,0.151192
11.223,1,1.49905,5.92491e-16,0.151881
11.224,1,1.49905,4.71001e-16,0.15257
11.225,1,1.49905,6.31175e-16,0.153259
11.226,1,1.49905,2.16688e-16,0.153947
11.227,1,1.49905,-7.79307e-17,0.154636
11.228,1,1.49905,3.37385e-16,0.155324
11.229,1,1.49905,3.92184e-16,0.156012
11.23,1,1.49905,3.724e-18,0.1567
11.231,1,1.49905,5.88192e-16,0.157388
11.232,1,1.49905,2.2577e-16,0.158075
11.233,1,1.49905,1.36905e-16,0.158763
11.234,1,1.49905,4.89391e-16,0.15945
11.235,1,1.49905,4.56504e-16,0.160137
11.236,1,1.49905,1.89401e-16,0.160824
11.237,1,1.49905,2.98063e-16,0.161511
11.238,1,1.49905,3.95794e-16,0.162197
11.239,1,1.49905,3.94951e-16,0.162884
11.24,1,1.49905,1.72961e-16,0.16357
11.241,1,1.49905,1.93483e-16,0.164256
11.242,1,1.49905,3.53632e-16,0.164942
11.243,1,1.49905,4.05951e-16,0.165628
11.244,1,1.49905,3.84984e-16,0.166314
11.245,1,1.49905,1.19551e-16,0.166999
11.246,1,1.49905,5.73086e-16,0.167685
11.247,1,1.49905,1.48983e-16,0.16837
11.248,1,1.49905,7.47e-16,0.169055
11.249,1,1.49905,-1.00281e-16,0.16974
11.25,1,1.49905,4.14442e-17,0.170424
11.251,1,1.49905,2.32044e-16,0.171109
11.252,1,1.49905,6.70541e-16,0.171793
11.253,1,1.49905,2.94292e-16,0.172477
11.254,1,1.49905,2.24031e-16,0.173161
11.255,1,1.49905,3.07375e-16,0.173845
11.256,1,1.49905,6.17812e-17,0.174529
11.257,1,1.49905,5.05678e-16,0.175212
11.258,1,1.49905,4.21099e-16,0.175895
11.259,1,1.49905,1.59418e-16,0.176578
11.26,1,1.49905,5.93625e-16,0.177261
11.261,1,1.49905,3.61714e-16,0.177944
11.262,1,1.49905,6.80598e-16,0.178627
11.263,1,1.49905,1.39749e-16,0.179309
11.264,1,1.49905,1.25826e-16,0.179991
11.265,1,1.49905,4.85965e-16,0.180673
11.266,1,1.49905,1.12321e-16,0.181355
11.267,1,1.49905,2.30053e-16,0.182037
11.268,1,1.49905,5.94219e-16,0.182718
11.269,1,1.49905,4.60352e-17,0.1834
11.27,1,1.49905,4.51816e-16,0.184081
11.271,1,1.49905,4.12606e-16,0.184762
11.272,1,1.49905,7.00717e-16,0.185442
11.273,1,1.49905,4.0256e-16,0.186123
11.274,1,1.49905,6.63864e-16,0.186803
11.275,1,1.49905,2.46088e-16,0.187483
11.276,1,1.49905,1.49282e-16,0.188163
11.277,1,1.49905,3.92603e-16,0.188843
11.278,1,1.49905,3.11312e-16,0.189523
11.279,1,1.49905,7.60025e-16,0.190202
11.28,1,1.49905,5.1519e-16,0.190882
11.281,1,1.49905,2.92953e-16,0.191561
11.282,1,1.49905,3.21863e-16,0.19224
11.283,1,1.49905,5.09232e-16,0.192918
11.284,1,1.49905,7.21141e-16,0.193597
11.285,1,1.49905,3.62943e-16,0.194275
11.286,1,1.49905,9.68133e-17,0.194953
11.287,1,1.49905,1.61399e-16,0.195631
11.288,1,1.49905,4.71739e-16,0.196309
11.289,1,1.49905,1.53934e-16,0.196986
11.29,1,1.49905,3.81058e-16,0.197664
11.291,1,1.49905,5.83976e-16,0.198341
11.292,1,1.49905,2.26574e-16,0.199018
11.293,1,1.49905,1.90753e-16,0.199694
11.294,1,1.49905,4.54937e-16,0.200371
11.295,1,1.49905,4.82211e-16,0.201047
11.296,1,1.49905,7.19777e-16,0.201723
11.297,1,1.49905,6.01292e-16,0.202399
11.298,1,1.49905,-3.75277e-17,0.203075
11.299,1,1.49905,5.33938e-16,0.20375
11.3,1,1.49905,5.22814e-16,0.204426
11.301,1,1.49905,3.9359e-16,0.205101
11.302,1,1.49905,5.27125e-16,0.205776
11.303,1,1.49905,6.24163e-16,0.20645
11.304,1,1.49905,5.43822e-16,0.207125
11.305,1,1.49905,6.01078e-16,0.207799
11.306,1,1.49905,3.22172e-16,0.208473
11.307,1,1.49905,6.02068e-16,0.209147
11.308,1,1.49905,3.77468e-16,0.209821
11.309,1,1.49905,7.16074e-16,0.210494
11.31,1,1.49905,5.71422e-16,0.211167
11.311,1,1.49905,7.05461e-16,0.211841
11.312,1,1.49905,3.17888e-16,0.212513
11.313,1,1.49905,3.60225e-16,0.213186
11.314,1,1.49905,4.96754e-17,0.213858
11.315,1,1.49905,4.79069e-16,0.214531
11.316,1,1.49905,5.3165e-16,0.215202
11.317,1,1.49905,1.64405e-16,0.215874
11.318,1,1.49905,4.50728e-16,0.216546
11.319,1,1.49905,3.16817e-16,0.217217
11.32,1,1.49905,5.96933e-16,0.217888
11.321,1,1.49905,5.7847e-16,0.218559
11.322,1,1.49905,5.23067e-16,0.21923
11.323,1,1.49905,3.38275e-16,0.2199
11.324,1,1.49905,3.34283e-16,0.22057
11.325,1,1.49905,2.58377e-16,0.22124
11.326,1,1.49905,1.13183e-16,0.22191
11.327,1,1.49905,2.17154e-16,0.22258
11.328,1,1.49905,2.89096e-16,0.223249
11.329,1,1.49905,4.55289e-16,0.223918
11.33,1,1.49905,2.95816e-16,0.224587
11.331,1,1.49905,3.07672e-16,0.225256
11.332,1,1.49905,7.33608e-17,0.225924
11.333,1,1.49905,2.41302e-16,0.226592
11.334,1,1.49905,4.74843e-16,0.22726
11.335,1,1.49905,1.47987e-16,0.227928
11.336,1,1.49905,6.60154e-17,0.228596
11.337,1,1.49905,4.46192e-16,0.229263
11.338,1,1.49905,5.50905e-16,0.22993
11.339,1,1.49905,3.77526e-16,0.230597
11.34,1,1.49905,-1.07916e-16,0.231264
11.341,1,1.49905,1.95526e-16,0.23193
11.342,1,1.49905,2.39173e-16,0.232596
11.343,1,1.49905,4.22976e-16,0.233262
11.344,1,1.49905,2.69471e-16,0.233928
11.345,1,1.49905,5.48597e-16,0.234593
11.346,1,1.49905,3.80497e-16,0.235259
11.347,1,1.49905,6.96085e-16,0.235924
11.348,1,1.49905,2.32803e-16,0.236588
11.349,1,1.49905,7.43144e-16,0.237253
11.35,1,1.49905,4.4413e-16,0.237917
11.351,1,1.49905,4.66727e-16,0.238581
11.352,1,1.49905,5.27644e-16,0.239245
11.353,1,1.49905,5.16915e-16,0.239909
11.354,1,1.49905,8.37081e-16,0.240572
11.355,1,1.49905,6.54015e-16,0.241235
11.356,1,1.49905,4.02812e-16,0.241898
11.357,1,1.49905,3.61349e-16,0.24256
11.358,1,1.49905,2.91713e-16,0.243223
11.359,1,1.49905,1.75099e-16,0.243885
11.36,1,1.49905,3.35278e-16,0.244547
11.361,1,1.49905,3.81506e-16,0.245208
11.362,1,1.49905,1.58319e-16,0.24587
11.363,1,1.49905,5.88572e-16,0.246531
11.364,1,1.49905,5.03905e-16,0.247192
11.365,1,1.49905,6.79838e-16,0.247853
11.366,1,1.49905,8.24265e-17,0.248513
11.367,1,1.49905,4.59127e-16,0.249173
11.368,1,1.49905,5.44837e-16,0.249833
11.369,1,1.49905,5.89617e-16,0.250493
11.37,1,1.49905,7.1137e-16,0.251152
11.371,1,1.49905,2.70733e-16,0.251811
11.372,1,1.49905,6.60544e-16,0.25247
11.373,1,1.49905,2.96507e-16,0.253129
11.374,1,1.49905,3.24892e-16,0.253787
11.375,1,1.49905,4.94932e-16,0.254445
11.376,1,1.49905,6.79845e-16,0.255103
11.377,1,1.49905,3.23924e-16,0.255761
11.378,1,1.49905,6.81675e-16,0.256418
11.379,1,1.49905,4.67563e-16,0.257076
11.38,1,1.49905,3.87431e-16,0.257732
11.381,1,1.49905,9.72947e-16,0.258389
11.382,1,1.49905,1.55193e-16,0.259045
11.383,1,1.49905,2.23984e-16,0.259701
11.384,1,1.49905,7.76377e-16,0.260357
11.385,1,1.49905,4.04044e-16,0.261013
11.386,1,1.49905,7.73195e-16,0.261668
11.387,1,1.49905,5.79944e-16,0.262323
11.388,1,1.49905,4.0198e-16,0.262978
11.389,1,1.49905,7.51216e-16,0.263633
11.39,1,1.49905,8.55443e-16,0.264287
11.391,1,1.49905,1.95717e-16,0.264941
11.392,1,1.49905,-5.10985e-17,0.265595
11.393,1,1.49905,5.7286e-16,0.266248
11.394,1,1.49905,5.29589e-16,0.266901
11.395,1,1.49905,2.80998e-16,0.267554
11.396,1,1.49905,7.70947e-16,0.268207
11.397,1,1.49905,7.24964e-16,0.268859
11.398,1,1.49905,4.1282e-16,0.269512
11.399,1,1.49905,5.03269e-16,0.270163
11.4,1,1.49905,2.10495e-16,0.270815
11.401,1,1.49905,2.97967e-16,0.271466
11.402,1,1.49905,4.63357e-16,0.272117
11.403,1,1.49905,-1.99992e-17,0.272768
11.404,1,1.49905,5.52545e-16,0.273419
11.405,1,1.49905,1.0358e-16,0.274069
11.406,1,1.49905,3.99319e-16,0.274719
11.407,1,1.49905,8.77237e-16,0.275369
11.408,1,1.49905,3.67368e-16,0.276018
11.409,1,1.49905,6.39701e-16,0.276667
11.41,1,1.49905,1.59507e-17,0.277316
11.411,1,1.49905,6.19007e-16,0.277965
11.412,1,1.49905,4.30326e-16,0.278613
11.413,1,1.49905,5.3082e-16,0.279261
11.414,1,1.49905,3.42164e-16,0.279909
11.415,1,1.49905,6.81718e-16,0.280556
11.416,1,1.49905,4.28612e-16,0.281204
11.417,1,1.49905,8.09795e-17,0.281851
11.418,1,1.49905,5.17829e-16,0.282497
11.419,1,1.49905,6.83328e-16,0.283144
11.42,1,1.49905,4.67258e-16,0.28379
11.421,1,1.49905,4.13717e-16,0.284435
11.422,1,1.49905,3.47602e-16,0.285081
11.423,1,1.49905,4.64566e-16,0.285726
11.424,1,1.49905,4.12585e-16,0.286371
11.425,1,1.49905,5.7068e-16,0.287016
11.426,1,1.49905,6.90332e-16,0.28766
11.427,1,1.49905,4.84084e-16,0.288304
11.428,1,1.49905,6.09505e-16,0.288948
11.429,1,1.49905,3.52471e-16,0.289591
11.43,1,1.49905,5.95022e-16,0.290235
11.431,1,1.49905,-4.47194e-17,0.290878
11.432,1,1.49905,4.25022e-16,0.29152
11.433,1,1.49905,3.11109e-16,0.292163
11.434,1,1.49905,3.45052e-16,0.292805
11.435,1,1.49905,3.71518e-16,0.293446
11.436,1,1.49905,6.98321e-16,0.294088
11.437,1,1.49905,5.70433e-16,0.294729
11.438,1,1.49905,4.26855e-16,0.29537
11.439,1,1.49905,4.22946e-16,0.296011
11.44,1,1.49905,2.87967e-16,0.296651
11.441,1,1.49905,3.31403e-16,0.297291
11.442,1,1.49905,8.61266e-16,0.297931
11.443,1,1.49905,5.92452e-16,0.29857
11.444,1,1.49905,4.67504e-16,0.299209
11.445,1,1.49905,2.34488e-16,0.299848
11.446,1,1.49905,3.93958e-16,0.300486
11.447,1,1.49905,5.55487e-16,0.301125
11.448,1,1.49905,2.5472e-16,0.301762
11.449,1,1.49905,4.57729e-16,0.3024
11.45,1,1.49905,6.9989e-16,0.303037
11.451,1,1.49905,4.68155e-16,0.303674
11.452,1,1.49905,3.31006e-16,0.304311
11.453,1,1.49905,7.18871e-16,0.304947
11.454,1,1.49905,5.34301e-16,0.305584
11.455,1,1.49905,3.746e-16,0.306219
11.456,1,1.49905,2.07764e-16,0.306855
11.457,1,1.49905,4.51465e-16,0.30749
11.458,1,1.49905,3.4898e-16,0.308125
11.459,1,1.49905,5.01503e-16,0.308759
11.46,1,1.49905,5.70702e-16,0.309394
11.461,1,1.49905,4.42212e-16,0.310028
11.462,1,1.49905,4.89453e-16,0.310661
11.463,1,1.49905,4.18698e-16,0.311295
11.464,1,1.49905,1.21242e-16,0.311928
11.465,1,1.49905,5.58605e-16,0.31256
11.466,1,1.49905,4.34846e-16,0.313193
11.467,1,1.49905,4.82999e-16,0.313825
11.468,1,1.49905,5.31221e-16,0.314456
11.469,1,1.49905,4.63914e-16,0.315088
11.47,1,1.49905,4.15707e-16,0.315719
11.471,1,1.49905,1.65513e-16,0.31635
11.472,1,1.49905,5.61101e-16,0.31698
11.473,1,1.49905,6.17031e-17,0.317611
11.474,1,1.49905,1.60236e-16,0.31824
11.475,1,1.49905,6.95698e-16,0.31887
11.476,1,1.49905,2.67951e-16,0.319499
11.477,1,1.49905,2.92956e-16,0.320128
11.478,1,1.49905,7.04421e-16,0.320757
11.479,1,1.49905,8.21262e-16,0.321385
11.48,1,1.49905,6.47763e-16,0.322013
11.481,1,1.49905,3.83229e-16,0.322641
11.482,1,1.49905,4.70027e-16,0.323268
11.483,1,1.49905,4.11694e-16,0.323895
11.484,1,1.49905,5.18251e-16,0.324522
11.485,1,1.49905,1.83102e-16,0.325148
11.486,1,1.49905,3.14648e-16,0.325774
11.487,1,1.49905,8.88053e-16,0.3264
11.488,1,1.49905,2.38895e-16,0.327025
11.489,1,1.49905,3.0342e-16,0.32765
11.49,1,1.49905,3.14355e-16,0.328275
11.491,1,1.49905,5.38146e-16,0.328899
11.492,1,1.49905,2.87834e-16,0.329523
11.493,1,1.49905,3.76952e-16,0.330147
11.494,1,1.49905,4.77278e-16,0.33077
11.495,1,1.49905,3.76468e-16,0.331393
11.496,1,1.49905,6.48174e-16,0.332016
11.497,1,1.49905,3.79053e-17,0.332638
11.498,1,1.49905,6.20465e-16,0.33326
11.499,1,1.49905,5.54508e-16,0.333882
11.5,1,1.49905,3.39319e-16,0.334504
11.501,1,1.49905,4.12555e-16,0.335125
11.502,1,1.49905,-8.7363e-17,0.335745
11.503,1,1.49905,5.68564e-16,0.336366
11.504,1,1.49905,4.38407e-16,0.336986
11.505,1,1.49905,4.75845e-16,0.337606
11.506,1,1.49905,3.92583e-16,0.338225
11.507,1,1.49905,4.35928e-16,0.338844
11.508,1,1.49905,1.72832e-16,0.339463
11.509,1,1.49905,5.13975e-16,0.340081
11.51,1,1.49905,5.4839e-16,0.340699
11.511,1,1.49905,3.14129e-16,0.341317
11.512,1,1.49905,4.57946e-16,0.341934
11.513,1,1.49905,1.97487e-16,0.342551
11.514,1,1.49905,7.86578e-16,0.343168
11.515,1,1.49905,3.41804e-16,0.343784
11.516,1,1.49905,7.48049e-16,0.3444
11.517,1,1.49905,8.76295e-16,0.345016
11.518,1,1.49905,4.11945e-16,0.345631
11.519,1,1.49905,3.73202e-16,0.346246
11.52,1,1.49905,4.89964e-16,0.346861
11.521,1,1.49905,7.13054e-16,0.347475
11.522,1,1.49905,7.02314e-16,0.348089
11.523,1,1.49905,2.51572e-16,0.348703
11.524,1,1.49905,3.33426e-16,0.349316
11.525,1,1.49905,5.40327e-16,0.349929
11.526,1,1.49905,2.14935e-16,0.350541
11.527,1,1.49905,4.07327e-16,0.351153
11.528,1,1.49905,3.73691e-16,0.351765
11.529,1,1.49905,2.37462e-16,0.352377
11.53,1,1.49905,6.76319e-16,0.352988
11.531,1,1.49905,5.24622e-16,0.353599
11.532,1,1.49905,1.11497e-16,0.354209
11.533,1,1.49905,5.14057e-16,0.354819
11.534,1,1.49905,2.64026e-16,0.355429
11.535,1,1.49905,7.85864e-16,0.356038
11.536,1,1.49905,4.26133e-16,0.356647
11.537,1,1.49905,4.33851e-16,0.357256
11.538,1,1.49905,1.71355e-16,0.357864
11.539,1,1.49905,1.03912e-16,0.358472
11.54,1,1.49905,8.6471e-17,0.35908
11.541,1,1.49905,2.89903e-16,0.359687
11.542,1,1.49905,2.961e-16,0.360294
11.543,1,1.49905,5.60723e-16,0.3609
11.544,1,1.49905,1.36281e-16,0.361506
11.545,1,1.49905,6.29676e-16,0.362112
11.546,1,1.49905,7.03029e-16,0.362717
11.547,1,1.49905,1.55615e-16,0.363322
11.548,1,1.49905,3.44875e-17,0.363927
11.549,1,1.49905,3.30306e-16,0.364531
11.55,1,1.49905,5.74338e-16,0.365135
11.551,1,1.49905,2.46603e-16,0.365739
11.552,1,1.49905,4.22246e-16,0.366342
11.553,1,1.49905,2.7199e-16,0.366945
11.554,1,1.49905,-3.65324e-18,0.367548
11.555,1,1.49905,2.25935e-16,0.36815
11.556,1,1.49905,1.69205e-16,0.368752
11.557,1,1.49905,3.24598e-16,0.369353
11.558,1,1.49905,3.66856e-16,0.369954
11.559,1,1.49905,5.21899e-16,0.370555
11.56,1,1.49905,4.19881e-16,0.371155
11.561,1,1.49905,3.90539e-16,0.371755
11.562,1,1.49905,3.99413e-16,0.372354
11.563,1,1.49905,4.79339e-16,0.372954
11.564,1,1.49905,4.77755e-16,0.373552
11.565,1,1.49905,4.99598e-16,0.374151
11.566,1,1.49905,4.7715e-16,0.374749
11.567,1,1.49905,5.59e-16,0.375347
11.568,1,1.49905,2.8973e-18,0.375944
11.569,1,1.49905,7.17328e-16,0.376541
11.57,1,1.49905,5.28957e-16,0.377137
11.571,1,1.49905,4.07777e-16,0.377733
11.572,1,1.49905,6.04461e-16,0.378329
11.573,1,1.49905,4.82139e-16,0.378925
11.574,1,1.49905,1.76831e-16,0.37952
11.575,1,1.49905,3.26646e-16,0.380114
11.576,1,1.49905,5.75771e-16,0.380709
11.577,1,1.49905,6.18424e-16,0.381303
11.578,1,1.49905,3.23852e-16,0.381896
11.579,1,1.49905,5.01952e-16,0.382489
11.58,1,1.49905,4.8052e-16,0.383082
11.581,1,1.49905,2.45159e-16,0.383674
11.582,1,1.49905,2.40266e-16,0.384266
11.583,1,1.49905,6.31802e-16,0.384858
11.584,1,1.49905,7.21747e-16,0.385449
11.585,1,1.49905,1.99025e-17,0.38604
11.586,1,1.49905,2.67891e-16,0.386631
11.587,1,1.49905,2.67019e-16,0.387221
11.588,1,1.49905,1.71199e-16,0.38781
11.589,1,1.49905,5.05922e-16,0.3884
11.59,1,1.49905,5.6969e-16,0.388989
11.591,1,1.49905,6.09453e-16,0.389577
11.592,1,1.49905,5.56056e-16,0.390165
11.593,1,1.49905,4.01926e-16,0.390753
11.594,1,1.49905,5.87194e-16,0.39134
11.595,1,1.49905,5.36447e-16,0.391927
11.596,1,1.49905,6.79221e-16,0.392514
11.597,1,1.49905,4.23555e-16,0.3931
11.598,1,1.49905,2.01203e-16,0.393686
11.599,1,1.49905,3.9778e-16,0.394271
11.6,1,1.49905,4.16313e-16,0.394856
11.601,1,1.49905,4.35712e-16,0.395441
11.602,1,1.49905,3.88612e-16,0.396025
11.603,1,1.49905,5.99987e-16,0.396609
11.604,1,1.49905,5.53096e-16,0.397192
11.605,1,1.49905,4.00113e-16,0.397775
11.606,1,1.49905,1.55884e-16,0.398358
11.607,1,1.49905,3.43199e-16,0.39894
11.608,1,1.49905,4.08244e-16,0.399522
11.609,1,1.49905,2.96025e-16,0.400104
11.61,1,1.49905,3.21133e-16,0.400685
11.611,1,1.49905,5.05742e-16,0.401265
11.612,1,1.49905,3.02529e-16,0.401845
11.613,1,1.49905,4.61158e-16,0.402425
11.614,1,1.49905,5.04955e-16,0.403005
11.615,1,1.49905,5.69651e-16,0.403584
11.616,1,1.49905,8.23711e-16,0.404162
11.617,1,1.49905,4.29833e-16,0.404741
11.618,1,1.49905,1.94281e-16,0.405318
11.619,1,1.49905,4.86352e-16,0.405896
11.62,1,1.49905,6.85818e-16,0.406473
11.621,1,1.49905,2.67852e-16,0.40705
11.622,1,1.49905,4.10309e-16,0.407626
11.623,1,1.49905,5.76267e-16,0.408202
11.624,1,1.49905,4.35364e-16,0.408777
11.625,1,1.49905,8.0596e-16,0.409352
11.626,1,1.49905,6.33309e-16,0.409926
11.627,1,1.49905,6.34869e-16,0.410501
11.628,1,1.49905,2.75068e-17,0.411074
11.629,1,1.49905,2.18463e-16,0.411648
11.63,1,1.49905,-7.11002e-17,0.412221
11.631,1,1.49905,7.4832e-16,0.412793
11.632,1,1.49905,6.67453e-16,0.413365
11.633,1,1.49905,2.64529e-16,0.413937
11.634,1,1.49905,4.32418e-16,0.414508
11.635,1,1.49905,2.77964e-16,0.415079
11.636,1,1.49905,8.08243e-16,0.41565
11.637,1,1.49905,3.92499e-16,0.41622
11.638,1,1.49905,4.77596e-16,0.416789
11.639,1,1.49905,2.3553e-16,0.417358
11.64,1,1.49905,2.56537e-16,0.417927
11.641,1,1.49905,7.62341e-16,0.418496
11.642,1,1.49905,5.42733e-16,0.419064
11.643,1,1.49905,5.74201e-16,0.419631
11.644,1,1.49905,1.31785e-16,0.420198
11.645,1,1.49905,4.19487e-16,0.420765
11.646,1,1.49905,2.27933e-17,0.421331
11.647,1,1.49905,6.96331e-16,0.421897
11.648,1,1.49905,-5.40506e-16,0.422463
11.649,1,1.49905,4.69432e-16,0.423028
11.65,1,1.49905,3.06963e-16,0.423592
11.651,1,1.49905,1.91516e-16,0.424156
11.652,1,1.49905,4.85477e-16,0.42472
11.653,1,1.49905,4.99412e-16,0.425283
11.654,1,1.49905,2.36352e-16,0.425846
11.655,1,1.49905,4.30257e-16,0.426409
11.656,1,1.49905,6.06734e-16,0.426971
11.657,1,1.49905,3.65143e-16,0.427532
11.658,1,1.49905,6.371e-16,0.428094
11.659,1,1.49905,6.69524e-16,0.428654
11.66,1,1.49905,6.17392e-16,0.429215
11.661,1,1.49905,5.48905e-16,0.429775
11.662,1,1.49905,5.49713e-16,0.430334
11.663,1,1.49905,7.28729e-16,0.430893
11.664,1,1.49905,5.48325e-16,0.431452
11.665,1,1.49905,5.49441e-16,0.43201
11.666,1,1.49905,7.65217e-16,0.432568
11.667,1,1.49905,6.79553e-16,0.433125
11.668,1,1.49905,6.73116e-16,0.433682
11.669,1,1.49905,4.74475e-16,0.434238
11.67,1,1.49905,4.43705e-16,0.434794
11.671,1,1.49905,4.44846e-16,0.43535
11.672,1,1.49905,3.22707e-16,0.435905
11.673,1,1.49905,4.02673e-16,0.43646
11.674,1,1.49905,3.05907e-16,0.437014
11.675,1,1.49905,3.22627e-16,0.437568
11.676,1,1.49905,3.87062e-16,0.438122
11.677,1,1.49905,6.16788e-16,0.438675
11.678,1,1.49905,9.25131e-16,0.439227
11.679,1,1.49905,4.65603e-16,0.439779
11.68,1,1.49905,6.50409e-16,0.440331
11.681,1,1.49905,6.16953e-16,0.440882
11.682,1,1.49905,2.92332e-16,0.441433
11.683,1,1.49905,1.05665e-16,0.441983
11.684,1,1.49905,4.26897e-16,0.442533
11.685,1,1.49905,2.80373e-16,0.443083
11.686,1,1.49905,6.47647e-16,0.443632
11.687,1,1.49905,7.76556e-16,0.44418
11.688,1,1.49905,5.43627e-16,0.444728
11.689,1,1.49905,3.82079e-16,0.445276
11.69,1,1.49905,2.15758e-16,0.445823
11.691,1,1.49905,4.63046e-16,0.44637
11.692,1,1.49905,8.94546e-16,0.446916
11.693,1,1.49905,5.67804e-16,0.447462
11.694,1,1.49905,2.72132e-16,0.448008
11.695,1,1.49905,5.35796e-16,0.448553
11.696,1,1.49905,3.38133e-16,0.449097
11.697,1,1.49905,2.97257e-16,0.449641
11.698,1,1.49905,4.51087e-16,0.450185
11.699,1,1.49905,4.3149e-16,0.450728
11.7,1,1.49905,6.17043e-16,0.451271
11.701,1,1.49905,2.3916e-16,0.451813
11.702,1,1.49905,5.50724e-16,0.452355
11.703,1,1.49905,2.91128e-16,0.452897
11.704,1,1.49905,3.54847e-16,0.453438
11.705,1,1.49905,5.16363e-16,0.453978
11.706,1,1.49905,4.32555e-16,0.454518
11.707,1,1.49905,6.68353e-16,0.455058
11.708,1,1.49905,5.61545e-16,0.455597
11.709,1,1.49905,5.02229e-16,0.456136
11.71,1,1.49905,2.7848e-16,0.456674
11.711,1,1.49905,1.09408e-16,0.457212
11.712,1,1.49905,1.08759e-16,0.457749
11.713,1,1.49905,8.81721e-17,0.458286
11.714,1,1.49905,5.95437e-16,0.458822
11.715,1,1.49905,3.76285e-16,0.459358
11.716,1,1.49905,3.83217e-16,0.459894
11.717,1,1.49905,3.84819e-16,0.460429
11.718,1,1.49905,2.42397e-16,0.460964
11.719,1,1.49905,3.68795e-16,0.461498
11.72,1,1.49905,3.5647e-16,0.462031
11.721,1,1.49905,4.07049e-16,0.462565
11.722,1,1.49905,4.37398e-16,0.463097
11.723,1,1.49905,3.59676e-16,0.46363
11.724,1,1.49905,2.01683e-16,0.464161
11.725,1,1.49905,4.14699e-16,0.464693
11.726,1,1.49905,4.18303e-16,0.465224
11.727,1,1.49905,9.67674e-16,0.465754
11.728,1,1.49905,7.63112e-16,0.466284
11.729,1,1.49905,1.86616e-16,0.466813
11.73,1,1.49905,4.32333e-16,0.467343
11.731,1,1.49905,3.20474e-16,0.467871
11.732,1,1.49905,8.66331e-16,0.468399
11.733,1,1.49905,5.19021e-16,0.468927
11.734,1,1.49905,2.05383e-16,0.469454
11.735,1,1.49905,4.63896e-16,0.469981
11.736,1,1.49905,5.32955e-16,0.470507
11.737,1,1.49905,7.15588e-16,0.471033
11.738,1,1.49905,4.22874e-16,0.471558
11.739,1,1.49905,1.85036e-16,0.472083
11.74,1,1.49905,3.95241e-16,0.472607
11.741,1,1.49905,1.22189e-16,0.473131
11.742,1,1.49905,5.71185e-16,0.473654
11.743,1,1.49905,2.44026e-16,0.474177
11.744,1,1.49905,3.60493e-16,0.4747
11.745,1,1.49905,2.91131e-16,0.475222
11.746,1,1.49905,5.5517e-16,0.475743
11.747,1,1.49905,4.14144e-16,0.476264
11.748,1,1.49905,3.43505e-16,0.476785
11.749,1,1.49905,5.36844e-16,0.477305
11.75,1,1.49905,3.11998e-16,0.477824
11.751,1,1.49905,4.79711e-16,0.478344
11.752,1,1.49905,5.59717e-16,0.478862
11.753,1,1.49905,6.20301e-16,0.47938
11.754,1,1.49905,4.21564e-16,0.479898
11.755,1,1.49905,4.94965e-16,0.480415
11.756,1,1.49905,5.62085e-16,0.480932
11.757,1,1.49905,6.3157e-16,0.481448
11.758,1,1.49905,4.15468e-16,0.481964
11.759,1,1.49905,2.6774e-16,0.482479
11.76,1,1.49905,3.42417e-16,0.482994
11.761,1,1.49905,8.44779e-17,0.483508
11.762,1,1.49905,3.8678e-16,0.484022
11.763,1,1.49905,6.31076e-16,0.484536
11.764,1,1.49905,4.8238e-16,0.485048
11.765,1,1.49905,2.72426e-16,0.485561
11.766,1,1.49905,2.54194e-16,0.486073
11.767,1,1.49905,5.6229e-16,0.486584
11.768,1,1.49905,2.60896e-16,0.487095
11.769,1,1.49905,3.18122e-16,0.487606
11.77,1,1.49905,4.05071e-16,0.488116
11.771,1,1.49905,6.27815e-16,0.488625
11.772,1,1.49905,4.81931e-16,0.489134
11.773,1,1.49905,4.57654e-16,0.489643
11.774,1,1.49905,4.44674e-16,0.490151
11.775,1,1.49905,2.27102e-16,0.490658
11.776,1,1.49905,5.60619e-16,0.491165
11.777,1,1.49905,6.21744e-16,0.491672
11.778,1,1.49905,4.27547e-16,0.492178
11.779,1,1.49905,3.43592e-16,0.492683
11.78,1,1.49905,3.01804e-16,0.493188
11.781,1,1.49905,6.57919e-16,0.493693
11.782,1,1.49905,6.78216e-16,0.494197
11.783,1,1.49905,3.58657e-16,0.494701
11.784,1,1.49905,2.61837e-16,0.495204
11.785,1,1.49905,6.67005e-16,0.495706
11.786,1,1.49905,6.75916e-16,0.496208
11.787,1,1.49905,7.72538e-16,0.49671
11.788,1,1.49905,7.21997e-16,0.497211
11.789,1,1.49905,1.62953e-16,0.497712
11.79,1,1.49905,6.12583e-16,0.498212
11.791,1,1.49905,6.54074e-16,0.498711
11.792,1,1.49905,4.00715e-16,0.499211
11.793,1,1.49905,4.46846e-16,0.499709
11.794,1,1.49905,5.64522e-16,0.500207
11.795,1,1.49905,5.17269e-16,0.500705
11.796,1,1.49905,4.84599e-16,0.501202
11.797,1,1.49905,8.23881e-16,0.501699
11.798,1,1.49905,4.33511e-16,0.502195
11.799,1,1.49905,1.47776e-16,0.50269
11.8,1,1.49905,6.80161e-16,0.503186
11.801,1,1.49905,2.84564e-16,0.50368
11.802,1,1.49905,1.70325e-16,0.504174
11.803,1,1.49905,3.67054e-16,0.504668
11.804,1,1.49905,8.00586e-16,0.505161
11.805,1,1.49905,6.72348e-16,0.505654
11.806,1,1.49905,6.26246e-16,0.506146
11.807,1,1.49905,6.88297e-16,0.506637
11.808,1,1.49905,2.34329e-16,0.507129
11.809,1,1.49905,7.01946e-16,0.507619
11.81,1,1.49905,3.83326e-16,0.508109
11.811,1,1.49905,1.75169e-16,0.508599
11.812,1,1.49905,4.07328e-16,0.509088
11.813,1,1.49905,5.48787e-16,0.509576
11.814,1,1.49905,4.27593e-16,0.510064
11.815,1,1.49905,5.38224e-16,0.510552
11.816,1,1.49905,5.87167e-16,0.511039
11.817,1,1.49905,6.74358e-16,0.511526
11.818,1,1.49905,2.0788e-16,0.512012
11.819,1,1.49905,3.3494e-16,0.512497
11.82,1,1.49905,4.3673e-16,0.512982
11.821,1,1.49905,4.71108e-16,0.513467
11.822,1,1.49905,7.1439e-16,0.51395
11.823,1,1.49905,9.0545e-16,0.514434
11.824,1,1.49905,6.70581e-16,0.514917
11.825,1,1.49905,4.72917e-16,0.515399
11.826,1,1.49905,4.85704e-16,0.515881
11.827,1,1.49905,8.69577e-16,0.516363
11.828,1,1.49905,6.13105e-16,0.516843
11.829,1,1.49905,6.03532e-16,0.517324
11.83,1,1.49905,5.70467e-16,0.517804
11.831,1,1.49905,3.49126e-16,0.518283
11.832,1,1.49905,3.24017e-16,0.518762
11.833,1,1.49905,7.24506e-16,0.51924
11.834,1,1.49905,9.72977e-16,0.519718
11.835,1,1.49905,4.9067e-16,0.520195
11.836,1,1.49905,2.21389e-18,0.520672
11.837,1,1.49905,7.05001e-16,0.521148
11.838,1,1.49905,4.52771e-16,0.521624
11.839,1,1.49905,2.8694e-16,0.522099
11.84,1,1.49905,5.49308e-16,0.522574
11.841,1,1.49905,8.41395e-16,0.523048
11.842,1,1.49905,2.18952e-16,0.523521
11.843,1,1.49905,3.53393e-16,0.523995
11.844,1,1.49905,-1.56228e-16,0.524467
11.845,1,1.49905,4.17824e-16,0.524939
11.846,1,1.49905,1.00407e-16,0.525411
11.847,1,1.49905,6.40382e-16,0.525882
11.848,1,1.49905,3.71199e-16,0.526352
11.849,1,1.49905,5.65288e-16,0.526822
11.85,1,1.49905,1.30939e-16,0.527291
11.851,1,1.49905,3.80443e-16,0.52776
11.852,1,1.49905,1.57787e-16,0.528229
11.853,1,1.49905,7.07402e-16,0.528697
11.854,1,1.49905,7.12294e-16,0.529164
11.855,1,1.49905,8.47404e-16,0.529631
11.856,1,1.49905,8.46357e-16,0.530097
11.857,1,1.49905,5.08572e-16,0.530563
11.858,1,1.49905,3.92752e-16,0.531028
11.859,1,1.49905,5.39392e-16,0.531493
11.86,1,1.49905,2.52335e-16,0.531957
11.861,1,1.49905,4.8373e-16,0.53242
11.862,1,1.49905,8.51273e-16,0.532883
11.863,1,1.49905,7.52259e-16,0.533346
11.864,1,1.49905,4.25121e-16,0.533808
11.865,1,1.49905,4.49243e-16,0.534269
11.866,1,1.49905,4.5617e-16,0.53473
11.867,1,1.49905,4.87419e-16,0.535191
11.868,1,1.49905,4.50047e-16,0.535651
11.869,1,1.49905,3.28217e-16,0.53611
11.87,1,1.49905,1.87582e-16,0.536569
11.871,1,1.49905,6.29162e-16,0.537027
11.872,1,1.49905,5.04269e-16,0.537485
11.873,1,1.49905,3.04448e-16,0.537942
11.874,1,1.49905,6.96473e-16,0.538399
11.875,1,1.49905,3.23137e-16,0.538855
11.876,1,1.49905,5.07617e-16,0.53931
11.877,1,1.49905,4.91458e-16,0.539765
11.878,1,1.49905,5.47475e-16,0.54022
11.879,1,1.49905,1.34306e-17,0.540674
11.88,1,1.49905,4.25557e-16,0.541127
11.881,1,1.49905,-9.62815e-17,0.54158
11.882,1,1.49905,5.7723e-16,0.542033
11.883,1,1.49905,4.16019e-16,0.542484
11.884,1,1.49905,9.03766e-16,0.542936
11.885,1,1.49905,2.13284e-16,0.543386
11.886,1,1.49905,6.14672e-16,0.543837
11.887,1,1.49905,6.08893e-16,0.544286
11.888,1,1.49905,4.60869e-16,0.544735
11.889,1,1.49905,3.54689e-16,0.545184
11.89,1,1.49905,7.5815e-16,0.545632
11.891,1,1.49905,5.13476e-16,0.546079
11.892,1,1.49905,5.2602e-16,0.546526
11.893,1,1.49905,4.08075e-16,0.546973
11.894,1,1.49905,3.47272e-16,0.547418
11.895,1,1.49905,4.58279e-16,0.547864
11.896,1,1.49905,5.52655e-16,0.548308
11.897,1,1.49905,5.48213e-16,0.548753
11.898,1,1.49905,5.99209e-16,0.549196
11.899,1,1.49905,7.181e-16,0.549639
11.9,1,1.49905,2.95695e-16,0.550082
11.901,1,1.49905,4.74971e-16,0.550524
11.902,1,1.49905,4.17749e-16,0.550965
11.903,1,1.49905,4.77859e-16,0.551406
11.904,1,1.49905,4.32907e-16,0.551847
11.905,1,1.49905,2.50888e-16,0.552286
11.906,1,1.49905,7.19552e-16,0.552726
11.907,1,1.49905,7.06164e-16,0.553164
11.908,1,1.49905,3.35863e-16,0.553602
11.909,1,1.49905,6.59347e-16,0.55404
11.91,1,1.49905,5.89308e-16,0.554477
11.911,1,1.49905,7.45359e-16,0.554914
11.912,1,1.49905,3.22826e-16,0.555349
11.913,1,1.49905,6.91176e-16,0.555785
11.914,1,1.49905,7.07032e-16,0.55622
11.915,1,1.49905,1.63176e-16,0.556654
11.916,1,1.49905,7.0577e-16,0.557088
11.917,1,1.49905,7.08043e-16,0.557521
11.918,1,1.49905,2.76625e-16,0.557953
11.919,1,1.49905,7.50616e-16,0.558385
11.92,1,1.49905,3.38233e-16,0.558817
11.921,1,1.49905,6.50866e-16,0.559248
11.922,1,1.49905,6.10034e-16,0.559678
11.923,1,1.49905,5.3309e-16,0.560108
11.924,1,1.49905,9.3753e-16,0.560537
11.925,1,1.49905,7.36243e-16,0.560966
11.926,1,1.49905,3.01986e-16,0.561394
11.927,1,1.49905,4.75643e-16,0.561822
11.928,1,1.49905,4.55522e-16,0.562249
11.929,1,1.49905,4.75893e-16,0.562675
11.93,1,1.49905,7.42853e-16,0.563101
11.931,1,1.49905,5.13436e-16,0.563526
11.932,1,1.49905,4.02564e-16,0.563951
11.933,1,1.49905,3.30519e-16,0.564375
11.934,1,1.49905,3.75238e-16,0.564799
11.935,1,1.49905,6.99644e-16,0.565222
11.936,1,1.49905,7.55424e-16,0.565644
11.937,1,1.49905,3.30479e-16,0.566066
11.938,1,1.49905,6.85072e-16,0.566488
11.939,1,1.49905,3.63838e-16,0.566909
11.94,1,1.49905,4.66976e-16,0.567329
11.941,1,1.49905,1.47921e-16,0.567748
11.942,1,1.49905,3.21534e-16,0.568168
11.943,1,1.49905,3.97756e-16,0.568586
11.944,1,1.49905,6.36068e-16,0.569004
11.945,1,1.49905,-6.68808e-17,0.569421
11.946,1,1.49905,2.52846e-17,0.569838
11.947,1,1.49905,6.94754e-16,0.570255
11.948,1,1.49905,7.06963e-16,0.57067
11.949,1,1.49905,5.33744e-16,0.571085
11.95,1,1.49905,2.78837e-16,0.5715
11.951,1,1.49905,4.39494e-16,0.571914
11.952,1,1.49905,2.29701e-16,0.572327
11.953,1,1.49905,3.99013e-16,0.57274
11.954,1,1.49905,5.24719e-16,0.573153
11.955,1,1.49905,2.1799e-16,0.573564
11.956,1,1.49905,3.88573e-16,0.573975
11.957,1,1.49905,3.83243e-16,0.574386
11.958,1,1.49905,5.3697e-16,0.574796
11.959,1,1.49905,9.12877e-16,0.575205
11.96,1,1.49905,2.13784e-16,0.575614
11.961,1,1.49905,4.81885e-16,0.576022
11.962,1,1.49905,7.55035e-16,0.57643
11.963,1,1.49905,8.55259e-16,0.576837
11.964,1,1.49905,2.40601e-16,0.577244
11.965,1,1.49905,4.69054e-16,0.57765
11.966,1,1.49905,3.15158e-16,0.578055
11.967,1,1.49905,3.65204e-16,0.57846
11.968,1,1.49905,1.5498e-16,0.578864
11.969,1,1.49905,9.4303e-16,0.579268
11.97,1,1.49905,3.41865e-16,0.579671
11.971,1,1.49905,6.1593e-16,0.580073
11.972,1,1.49905,1.79131e-16,0.580475
11.973,1,1.49905,7.40017e-16,0.580877
11.974,1,1.49905,3.98151e-16,0.581277
11.975,1,1.49905,7.00758e-16,0.581678
11.976,1,1.49905,6.75521e-16,0.582077
11.977,1,1.49905,2.45667e-16,0.582476
11.978,1,1.49905,2.53222e-16,0.582875
11.979,1,1.49905,5.38036e-16,0.583272
11.98,1,1.49905,5.12925e-16,0.58367
11.981,1,1.49905,8.67052e-16,0.584066
11.982,1,1.49905,3.7314e-16,0.584463
11.983,1,1.49905,6.18068e-16,0.584858
11.984,1,1.49905,5.11546e-16,0.585253
11.985,1,1.49905,3.88844e-16,0.585647
11.986,1,1.49905,6.89615e-16,0.586041
11.987,1,1.49905,2.03855e-16,0.586434
11.988,1,1.49905,2.5801e-16,0.586827
11.989,1,1.49905,6.14784e-16,0.587219
11.99,1,1.49905,4.54143e-16,0.58761
11.991,1,1.49905,6.40345e-16,0.588001
11.992,1,1.49905,3.11014e-16,0.588391
11.993,1,1.49905,3.70394e-16,0.588781
11.994,1,1.49905,5.06624e-16,0.58917
11.995,1,1.49905,7.06973e-16,0.589559
11.996,1,1.49905,5.44284e-16,0.589947
11.997,1,1.49905,4.19322e-16,0.590334
11.998,1,1.49905,7.79929e-16,0.590721
11.999,1,1.49905,4.74256e-16,0.591107
12,1,1.49905,3.59233e-16,0.591492
12.001,1,1.49905,6.26351e-16,0.591877
12.002,1,1.49905,7.04401e-16,0.592262
12.003,1,1.49905,9.17905e-16,0.592645
12.004,1,1.49905,3.61515e-16,0.593029
12.005,1,1.49905,5.79394e-16,0.593411
12.006,1,1.49905,5.17233e-16,0.593793
12.007,1,1.49905,5.29698e-16,0.594175
12.008,1,1.49905,6.75294e-16,0.594555
12.009,1,1.49905,6.09022e-16,0.594936
12.01,1,1.49905,1.51093e-16,0.595315
12.011,1,1.49905,5.11778e-16,0.595694
12.012,1,1.49905,3.71307e-16,0.596073
12.013,1,1.49905,5.55249e-16,0.596451
12.014,1,1.49905,5.47775e-16,0.596828
12.015,1,1.49905,4.04106e-16,0.597204
12.016,1,1.49905,5.67877e-16,0.597581
12.017,1,1.49905,7.10958e-16,0.597956
12.018,1,1.49905,6.78971e-17,0.598331
12.019,1,1.49905,2.72012e-16,0.598705
12.02,1,1.49905,1.297e-16,0.599079
12.021,1,1.49905,3.6212e-16,0.599452
12.022,1,1.49905,3.32322e-16,0.599824
12.023,1,1.49905,2.42812e-16,0.600196
12.024,1,1.49905,5.68855e-16,0.600567
12.025,1,1.49905,3.58705e-16,0.600938
12.026,1,1.49905,3.37739e-16,0.601308
12.027,1,1.49905,4.70213e-16,0.601678
12.028,1,1.49905,9.47934e-16,0.602047
12.029,1,1.49905,5.11805e-16,0.602415
12.03,1,1.49905,3.96122e-16,0.602782
12.031,1,1.49905,9.05774e-16,0.60315
12.032,1,1.49905,1.00018e-15,0.603516
12.033,1,1.49905,5.07399e-16,0.603882
12.034,1,1.49905,4.21572e-16,0.604247
12.035,1,1.49905,4.46311e-16,0.604612
12.036,1,1.49905,4.8255e-16,0.604976
12.037,1,1.49905,5.34784e-16,0.605339
12.038,1,1.49905,3.934e-16,0.605702
12.039,1,1.49905,5.80925e-16,0.606064
12.04,1,1.49905,2.95428e-16,0.606426
12.041,1,1.49905,5.47022e-16,0.606787
12.042,1,1.49905,7.57112e-16,0.607148
12.043,1,1.49905,6.78605e-16,0.607507
12.044,1,1.49905,3.49215e-16,0.607867
12.045,1,1.49905,6.36145e-16,0.608225
12.046,1,1.49905,6.06492e-16,0.608583
12.047,1,1.49905,2.48361e-16,0.608941
12.048,1,1.49905,7.62817e-16,0.609297
12.049,1,1.49905,6.78929e-16,0.609654
12.05,1,1.49905,6.49273e-16,0.610009
12.051,1,1.49905,9.16941e-16,0.610364
12.052,1,1.49905,4.83075e-16,0.610718
12.053,1,1.49905,4.44151e-16,0.611072
12.054,1,1.49905,4.3778e-16,0.611425
12.055,1,1.49905,7.44007e-16,0.611778
12.056,1,1.49905,6.6399e-16,0.61213
12.057,1,1.49905,2.56541e-16,0.612481
12.058,1,1.49905,1.28677e-16,0.612832
12.059,1,1.49905,4.73722e-16,0.613182
12.06,1,1.49905,6.82141e-16,0.613531
12.061,1,1.49905,6.00704e-16,0.61388
12.062,1,1.49905,6.69456e-16,0.614228
12.063,1,1.49905,9.48392e-16,0.614576
12.064,1,1.49905,5.23567e-16,0.614923
12.065,1,1.49905,7.22064e-16,0.615269
12.066,1,1.49905,5.01007e-16,0.615615
12.067,1,1.49905,3.13521e-16,0.61596
12.068,1,1.49905,5.17338e-16,0.616305
12.069,1,1.49905,4.26453e-16,0.616649
12.07,1,1.49905,4.28745e-16,0.616992
12.071,1,1.49905,4.91667e-16,0.617335
12.072,1,1.49905,5.78279e-16,0.617677
12.073,1,1.49905,4.04358e-16,0.618018
12.074,1,1.49905,2.48513e-16,0.618359
12.075,1,1.49905,4.4279e-16,0.618699
12.076,1,1.49905,4.47369e-16,0.619039
12.077,1,1.49905,3.88116e-16,0.619378
12.078,1,1.49905,4.08932e-16,0.619717
12.079,1,1.49905,3.21602e-16,0.620054
12.08,1,1.49905,6.01007e-16,0.620391
12.081,1,1.49905,6.70602e-16,0.620728
12.082,1,1.49905,7.56378e-16,0.621064
12.083,1,1.49905,3.00947e-16,0.621399
12.084,1,1.49905,4.5787e-16,0.621734
12.085,1,1.49905,6.39523e-16,0.622068
12.086,1,1.49905,5.35246e-17,0.622401
12.087,1,1.49905,4.61756e-16,0.622734
12.088,1,1.49905,1.62854e-16,0.623066
12.089,1,1.49905,3.52948e-16,0.623398
12.09,1,1.49905,5.34882e-16,0.623729
12.091,1,1.49905,6.81773e-16,0.624059
12.092,1,1.49905,6.47233e-16,0.624389
12.093,1,1.49905,6.36655e-16,0.624718
12.094,1,1.49905,6.22142e-16,0.625046
12.095,1,1.49905,4.57169e-16,0.625374
12.096,1,1.49905,6.40219e-16,0.625701
12.097,1,1.49905,4.88183e-16,0.626028
12.098,1,1.49905,6.57438e-16,0.626354
12.099,1,1.49905,5.09999e-16,0.626679
12.1,1,1.49905,1.66796e-16,0.627004
12.101,1,1.49905,5.32573e-16,0.627328
12.102,1,1.49905,3.19316e-16,0.627652
12.103,1,1.49905,2.49515e-16,0.627974
12.104,1,1.49905,3.30976e-16,0.628297
12.105,1,1.49905,7.40336e-16,0.628618
12.106,1,1.49905,4.75146e-16,0.628939
12.107,1,1.49905,5.38996e-16,0.629259
12.108,1,1.49905,4.59858e-16,0.629579
12.109,1,1.49905,3.74194e-16,0.629898
12.11,1,1.49905,8.75636e-16,0.630217
12.111,1,1.49905,7.73807e-16,0.630534
12.112,1,1.49905,2.85788e-16,0.630852
12.113,1,1.49905,7.65928e-16,0.631168
12.114,1,1.49905,7.55896e-16,0.631484
12.115,1,1.49905,5.4724e-16,0.631799
12.116,1,1.49905,6.90495e-16,0.632114
12.117,1,1.49905,3.99919e-16,0.632428
12.118,1,1.49905,9.78879e-16,0.632741
12.119,1,1.49905,5.13669e-16,0.633054
12.12,1,1.49905,2.09343e-16,0.633366
12.121,1,1.49905,5.94135e-16,0.633678
12.122,1,1.49905,4.26087e-16,0.633989
12.123,1,1.49905,6.72696e-17,0.634299
12.124,1,1.49905,5.2016e-16,0.634608
12.125,1,1.49905,5.40175e-16,0.634917
12.126,1,1.49905,6.08077e-16,0.635226
12.127,1,1.49905,2.82421e-16,0.635533
12.128,1,1.49905,4.11184e-16,0.63584
12.129,1,1.49905,2.48679e-16,0.636147
12.13,1,1.49905,5.30387e-16,0.636453
12.131,1,1.49905,4.24883e-16,0.636758
12.132,1,1.49905,4.02583e-16,0.637062
12.133,1,1.49905,5.87461e-16,0.637366
12.134,1,1.49905,5.72146e-16,0.637669
12.135,1,1.49905,5.22319e-16,0.637972
12.136,1,1.49905,3.28102e-16,0.638274
12.137,1,1.49905,1.01891e-16,0.638575
12.138,1,1.49905,7.50161e-16,0.638876
12.139,1,1.49905,6.36369e-16,0.639176
12.14,1,1.49905,5.76183e-16,0.639476
12.141,1,1.49905,5.19158e-16,0.639774
12.142,1,1.49905,5.47047e-16,0.640073
12.143,1,1.49905,5.59459e-16,0.64037
12.144,1,1.49905,6.1258e-16,0.640667
12.145,1,1.49905,4.80226e-16,0.640963
12.146,1,1.49905,3.12157e-16,0.641259
12.147,1,1.49905,1.00923e-16,0.641554
12.148,1,1.49905,3.56687e-16,0.641848
12.149,1,1.49905,5.15457e-16,0.642142
12.15,1,1.49905,1.12409e-16,0.642435
12.151,1,1.49905,7.9145e-17,0.642727
12.152,1,1.49905,4.48771e-16,0.643019
12.153,1,1.49905,5.21267e-16,0.64331
12.154,1,1.49905,6.53464e-16,0.6436
12.155,1,1.49905,3.43354e-16,0.64389
12.156,1,1.49905,4.42582e-16,0.644179
12.157,1,1.49905,6.36175e-16,0.644468
12.158,1,1.49905,6.98665e-16,0.644756
12.159,1,1.49905,4.23401e-16,0.645043
12.16,1,1.49905,5.03342e-16,0.64533
12.161,1,1.49905,5.88486e-16,0.645616
12.162,1,1.49905,3.57095e-16,0.645901
12.163,1,1.49905,4.75795e-16,0.646186
12.164,1,1.49905,5.66846e-16,0.64647
12.165,1,1.49905,2.0004e-16,0.646753
12.166,1,1.49905,1.11367e-16,0.647036
12.167,1,1.49905,1.63812e-16,0.647318
12.168,1,1.49905,7.30181e-16,0.647599
12.169,1,1.49905,6.52904e-16,0.64788
12.17,1,1.49905,5.93074e-16,0.64816
12.171,1,1.49905,6.75789e-16,0.64844
12.172,1,1.49905,5.5218e-16,0.648719
12.173,1,1.49905,-9.48875e-17,0.648997
12.174,1,1.49905,4.89227e-16,0.649274
12.175,1,1.49905,7.11674e-17,0.649551
12.176,1,1.49905,4.29548e-16,0.649828
12.177,1,1.49905,4.4859e-16,0.650103
12.178,1,1.49905,2.39278e-16,0.650378
12.179,1,1.49905,5.91648e-16,0.650652
12.18,1,1.49905,2.27585e-16,0.650926
12.181,1,1.49905,4.81014e-16,0.651199
12.182,1,1.49905,4.69641e-16,0.651471
12.183,1,1.49905,3.22409e-16,0.651743
12.184,1,1.49905,6.07311e-16,0.652014
12.185,1,1.49905,5.0005e-16,0.652285
12.186,1,1.49905,5.14661e-16,0.652554
12.187,1,1.49905,5.4566e-16,0.652824
12.188,1,1.49905,6.39891e-16,0.653092
12.189,1,1.49905,2.23729e-16,0.65336
12.19,1,1.49905,3.30698e-16,0.653627
12.191,1,1.49905,4.9192e-16,0.653893
12.192,1,1.49905,4.26114e-16,0.654159
12.193,1,1.49905,6.51346e-16,0.654425
12.194,1,1.49905,6.44928e-16,0.654689
12.195,1,1.49905,5.18047e-16,0.654953
12.196,1,1.49905,4.17025e-16,0.655216
12.197,1,1.49905,5.52074e-16,0.655479
12.198,1,1.49905,8.37433e-16,0.655741
12.199,1,1.49905,6.16475e-16,0.656002
12.2,1,1.49905,4.84786e-16,0.656263
12.201,1,1.49905,3.82708e-16,0.656523
12.202,1,1.49905,5.49318e-16,0.656782
12.203,1,1.49905,9.2845e-16,0.657041
12.204,1,1.49905,8.17705e-16,0.657299
12.205,1,1.49905,3.81147e-16,0.657556
12.206,1,1.49905,6.82276e-16,0.657813
12.207,1,1.49905,2.32876e-17,0.658069
12.208,1,1.49905,5.75107e-16,0.658324
12.209,1,1.49905,3.55252e-16,0.658579
12.21,1,1.49905,6.01199e-16,0.658833
12.211,1,1.49905,1.31315e-16,0.659086
12.212,1,1.49905,5.95986e-16,0.659339
12.213,1,1.49905,4.23191e-16,0.659591
12.214,1,1.49905,5.73556e-16,0.659842
12.215,1,1.49905,3.7618e-16,0.660093
12.216,1,1.49905,6.52531e-16,0.660343
12.217,1,1.49905,2.73316e-16,0.660593
12.218,1,1.49905,3.95383e-16,0.660842
12.219,1,1.49905,5.05733e-16,0.66109
12.22,1,1.49905,9.51896e-17,0.661337
12.221,1,1.49905,6.26006e-16,0.661584
12.222,1,1.49905,3.88902e-16,0.66183
12.223,1,1.49905,3.7039e-16,0.662076
12.224,1,1.49905,6.24605e-16,0.662321
12.225,1,1.49905,5.33613e-16,0.662565
12.226,1,1.49905,5.59068e-16,0.662808
12.227,1,1.49905,1.20506e-16,0.663051
12.228,1,1.49905,2.10917e-16,0.663293
12.229,1,1.49905,4.57465e-16,0.663535
12.23,1,1.49905,3.75027e-16,0.663776
12.231,1,1.49905,6.62999e-16,0.664016
12.232,1,1.49905,3.8506e-16,0.664255
12.233,1,1.49905,5.21534e-16,0.664494
12.234,1,1.49905,2.91532e-16,0.664732
12.235,1,1.49905,5.04215e-16,0.66497
12.236,1,1.49905,3.76311e-16,0.665207
12.237,1,1.49905,3.42913e-16,0.665443
12.238,1,1.49905,6.41072e-16,0.665679
12.239,1,1.49905,6.85583e-16,0.665914
12.24,1,1.49905,4.91576e-16,0.666148
12.241,1,1.49905,3.6358e-16,0.666381
12.242,1,1.49905,5.95605e-16,0.666614
12.243,1,1.49905,3.66121e-16,0.666846
12.244,1,1.49905,5.12046e-16,0.667078
12.245,1,1.49905,2.71376e-16,0.667309
12.246,1,1.49905,2.99345e-16,0.667539
12.247,1,1.49905,2.96623e-16,0.667769
12.248,1,1.49905,5.23068e-16,0.667998
12.249,1,1.49905,4.22162e-16,0.668226
12.25,1,1.49905,4.8777e-16,0.668453
12.251,1,1.49905,5.42365e-16,0.66868
12.252,1,1.49905,6.44632e-16,0.668907
12.253,1,1.49905,5.92987e-16,0.669132
12.254,1,1.49905,1.94674e-16,0.669357
12.255,1,1.49905,5.48944e-16,0.669581
12.256,1,1.49905,1.65216e-17,0.669805
12.257,1,1.49905,8.31378e-16,0.670028
12.258,1,1.49905,5.89769e-16,0.67025
12.259,1,1.49905,2.63883e-16,0.670471
12.26,1,1.49905,3.31986e-16,0.670692
12.261,1,1.49905,3.48445e-16,0.670913
12.262,1,1.49905,1.76415e-16,0.671132
12.263,1,1.49905,6.33311e-16,0.671351
12.264,1,1.49905,8.07633e-16,0.671569
12.265,1,1.49905,8.38305e-16,0.671787
12.266,1,1.49905,9.6579e-17,0.672004
12.267,1,1.49905,3.62486e-16,0.67222
12.268,1,1.49905,3.38123e-16,0.672435
12.269,1,1.49905,7.04913e-16,0.67265
12.27,1,1.49905,4.78435e-16,0.672864
12.271,1,1.49905,4.21147e-16,0.673078
12.272,1,1.49905,4.68771e-16,0.673291
12.273,1,1.49905,4.16649e-16,0.673503
12.274,1,1.49905,6.53719e-16,0.673714
12.275,1,1.49905,5.39347e-16,0.673925
12.276,1,1.49905,4.3757e-16,0.674135
12.277,1,1.49905,1.82348e-16,0.674345
12.278,1,1.49905,6.2927e-16,0.674554
12.279,1,1.49905,8.01383e-17,0.674762
12.28,1,1.49905,2.40983e-16,0.674969
12.281,1,1.49905,4.61796e-16,0.675176
12.282,1,1.49905,7.56424e-16,0.675382
12.283,1,1.49905,4.69375e-16,0.675588
12.284,1,1.49905,7.1275e-16,0.675792
12.285,1,1.49905,5.07998e-16,0.675996
12.286,1,1.49905,5.25982e-16,0.6762
12.287,1,1.49905,4.26841e-16,0.676403
12.288,1,1.49905,2.90499e-16,0.676605
12.289,1,1.49905,1.06365e-16,0.676806
12.29,1,1.49905,7.51258e-16,0.677007
12.291,1,1.49905,4.4145e-16,0.677207
12.292,1,1.49905,1.75976e-17,0.677406
12.293,1,1.49905,2.43579e-16,0.677605
12.294,1,1.49905,3.6456e-16,0.677803
12.295,1,1.49905,1.73279e-16,0.678
12.296,1,1.49905,5.52241e-16,0.678197
12.297,1,1.49905,2.248e-17,0.678393
12.298,1,1.49905,4.01806e-16,0.678588
12.299,1,1.49905,1.37928e-16,0.678783
12.3,1,1.49905,4.15969e-16,0.678977
12.301,1,1.49905,4.27047e-16,0.67917
12.302,1,1.49905,1.81534e-16,0.679362
12.303,1,1.49905,3.3515e-16,0.679554
12.304,1,1.49905,3.83167e-16,0.679746
12.305,1,1.49905,2.23236e-16,0.679936
12.306,1,1.49905,4.9904e-16,0.680126
12.307,1,1.49905,2.4177e-16,0.680315
12.308,1,1.49905,6.11975e-16,0.680504
12.309,1,1.49905,8.15474e-16,0.680692
12.31,1,1.49905,7.26312e-16,0.680879
12.311,1,1.49905,4.7411e-16,0.681065
12.312,1,1.49905,4.42792e-16,0.681251
12.313,1,1.49905,4.77313e-16,0.681436
12.314,1,1.49905,4.16485e-16,0.681621
12.315,1,1.49905,3.76357e-16,0.681804
12.316,1,1.49905,3.23372e-17,0.681987
12.317,1,1.49905,3.65735e-16,0.68217
12.318,1,1.49905,2.16111e-16,0.682351
12.319,1,1.49905,4.56211e-16,0.682533
12.32,1,1.49905,7.93718e-16,0.682713
12.321,1,1.49905,4.65898e-16,0.682893
12.322,1,1.49905,4.29854e-17,0.683072
12.323,1,1.49905,3.65139e-16,0.68325
12.324,1,1.49905,4.31103e-16,0.683427
12.325,1,1.49905,2.7488e-16,0.683604
12.326,1,1.49905,3.79336e-16,0.683781
12.327,1,1.49905,1.89496e-16,0.683956
12.328,1,1.49905,5.86576e-16,0.684131
12.329,1,1.49905,3.91297e-16,0.684305
12.33,1,1.49905,7.37797e-16,0.684479
12.331,1,1.49905,1.79953e-16,0.684652
12.332,1,1.49905,5.01249e-16,0.684824
12.333,1,1.49905,4.57598e-16,0.684995
12.334,1,1.49905,6.08013e-16,0.685166
12.335,1,1.49905,1.75364e-16,0.685336
12.336,1,1.49905,7.24349e-17,0.685506
12.337,1,1.49905,5.83923e-16,0.685674
12.338,1,1.49905,6.03618e-16,0.685843
12.339,1,1.49905,1.60831e-16,0.68601
12.34,1,1.49905,1.57294e-16,0.686177
12.341,1,1.49905,2.88234e-16,0.686343
12.342,1,1.49905,2.90923e-16,0.686508
12.343,1,1.49905,3.8125e-16,0.686673
12.344,1,1.49905,2.83579e-16,0.686837
12.345,1,1.49905,6.03141e-16,0.687
12.346,1,1.49905,3.14383e-16,0.687162
12.347,1,1.49905,4.02353e-16,0.687324
12.348,1,1.49905,4.2322e-16,0.687485
12.349,1,1.49905,3.92143e-16,0.687646
12.35,1,1.49905,4.10599e-16,0.687806
12.351,1,1.49905,4.19835e-16,0.687965
12.352,1,1.49905,7.93167e-16,0.688123
12.353,1,1.49905,3.67124e-16,0.688281
12.354,1,1.49905,6.18843e-16,0.688438
12.355,1,1.49905,2.16969e-16,0.688595
12.356,1,1.49905,5.11663e-16,0.68875
12.357,1,1.49905,3.42081e-16,0.688905
12.358,1,1.49905,4.9788e-17,0.68906
12.359,1,1.49905,3.14108e-16,0.689213
12.36,1,1.49905,2.42423e-16,0.689366
12.361,1,1.49905,7.56901e-16,0.689519
12.362,1,1.49905,4.09809e-16,0.68967
12.363,1,1.49905,3.761e-16,0.689821
12.364,1,1.49905,1.68689e-16,0.689971
12.365,1,1.49905,3.89815e-16,0.690121
12.366,1,1.49905,1.3603e-16,0.69027
12.367,1,1.49905,3.17099e-16,0.690418
12.368,1,1.49905,-6.89228e-17,0.690565
12.369,1,1.49905,4.7502e-16,0.690712
12.37,1,1.49905,2.69247e-16,0.690858
12.371,1,1.49905,2.28723e-16,0.691004
12.372,1,1.49905,-3.34795e-17,0.691148
12.373,1,1.49905,2.65316e-16,0.691292
12.374,1,1.49905,2.82072e-16,0.691436
12.375,1,1.49905,-1.93626e-17,0.691578
12.376,1,1.49905,1.6342e-16,0.69172
12.377,1,1.49905,3.49659e-16,0.691861
12.378,1,1.49905,3.07424e-16,0.692002
12.379,1,1.49905,3.14448e-16,0.692142
12.38,1,1.49905,8.35391e-16,0.692281
12.381,1,1.49905,2.667e-16,0.692419
12.382,1,1.49905,5.25636e-16,0.692557
12.383,1,1.49905,4.84669e-17,0.692694
12.384,1,1.49905,3.29775e-16,0.692831
12.385,1,1.49905,2.68967e-16,0.692966
12.386,1,1.49905,1.09072e-16,0.693102
12.387,1,1.49905,4.38876e-16,0.693236
12.388,1,1.49905,4.76253e-16,0.69337
12.389,1,1.49905,3.30324e-16,0.693502
12.39,1,1.49905,2.7536e-16,0.693635
12.391,1,1.49905,3.8386e-16,0.693766
12.392,1,1.49905,6.12381e-16,0.693897
12.393,1,1.49905,8.2344e-16,0.694027
12.394,1,1.49905,1.77576e-16,0.694157
12.395,1,1.49905,-2.43447e-17,0.694286
12.396,1,1.49905,2.04402e-17,0.694414
12.397,1,1.49905,5.23199e-16,0.694541
12.398,1,1.49905,1.5278e-16,0.694668
12.399,1,1.49905,2.70344e-16,0.694794
12.4,1,1.49905,3.67688e-16,0.694919
12.401,1,1.49905,4.73742e-16,0.695044
12.402,1,1.49905,6.47672e-16,0.695168
12.403,1,1.49905,2.66531e-16,0.695291
12.404,1,1.49905,6.17436e-16,0.695414
12.405,1,1.49905,2.0208e-16,0.695535
12.406,1,1.49905,4.76232e-16,0.695657
12.407,1,1.49905,2.395e-16,0.695777
12.408,1,1.49905,4.78326e-16,0.695897
12.409,1,1.49905,5.38688e-16,0.696016
12.41,1,1.49905,1.92777e-16,0.696134
12.411,1,1.49905,3.79652e-16,0.696252
12.412,1,1.49905,4.63817e-16,0.696369
12.413,1,1.49905,4.16356e-16,0.696485
12.414,1,1.49905,4.44183e-16,0.696601
12.415,1,1.49905,3.20082e-16,0.696716
12.416,1,1.49905,3.48983e-16,0.69683
12.417,1,1.49905,5.61608e-16,0.696944
12.418,1,1.49905,3.25419e-16,0.697056
12.419,1,1.49905,6.6301e-17,0.697169
12.42,1,1.49905,2.80124e-16,0.69728
12.421,1,1.49905,2.60101e-16,0.697391
12.422,1,1.49905,5.94731e-16,0.697501
12.423,1,1.49905,4.15972e-16,0.69761
12.424,1,1.49905,1.93235e-16,0.697719
12.425,1,1.49905,4.00299e-16,0.697827
12.426,1,1.49905,2.41269e-16,0.697934
12.427,1,1.49905,4.38745e-16,0.698041
12.428,1,1.49905,7.19346e-16,0.698146
12.429,1,1.49905,2.38846e-16,0.698252
12.43,1,1.49905,4.02193e-16,0.698356
12.431,1,1.49905,1.06744e-16,0.69846
12.432,1,1.49905,1.1464e-16,0.698563
12.433,1,1.49905,-1.77857e-17,0.698665
12.434,1,1.49905,1.17684e-16,0.698767
12.435,1,1.49905,2.18849e-16,0.698868
12.436,1,1.49905,5.18287e-16,0.698968
12.437,1,1.49905,2.77771e-16,0.699068
12.438,1,1.49905,-1.41068e-16,0.699167
12.439,1,1.49905,8.48615e-16,0.699265
12.44,1,1.49905,2.00836e-16,0.699362
12.441,1,1.49905,6.40018e-16,0.699459
12.442,1,1.49905,3.9232e-16,0.699555
12.443,1,1.49905,3.05633e-16,0.699651
12.444,1,1.49905,6.58923e-16,0.699745
12.445,1,1.49905,3.12451e-16,0.699839
12.446,1,1.49905,4.906e-16,0.699933
12.447,1,1.49905,2.83805e-16,0.700025
12.448,1,1.49905,3.60271e-16,0.700117
12.449,1,1.49905,3.92599e-16,0.700208
12.45,1,1.49905,1.58539e-16,0.700299
12.451,1,1.49905,2.5885e-16,0.700389
12.452,1,1.49905,4.66472e-16,0.700478
12.453,1,1.49905,2.3973e-16,0.700566
12.454,1,1.49905,5.1853e-16,0.700654
12.455,1,1.49905,6.03659e-16,0.700741
12.456,1,1.49905,2.90589e-16,0.700827
12.457,1,1.49905,3.98307e-16,0.700913
12.458,1,1.49905,-1.092e-16,0.700998
12.459,1,1.49905,1.17798e-16,0.701082
12.46,1,1.49905,4.54789e-16,0.701166
12.461,1,1.49905,2.08613e-16,0.701248
12.462,1,1.49905,3.10154e-16,0.70133
12.463,1,1.49905,9.51612e-17,0.701412
12.464,1,1.49905,2.64628e-16,0.701493
12.465,1,1.49905,1.85418e-16,0.701573
12.466,1,1.49905,4.57043e-16,0.701652
12.467,1,1.49905,3.18225e-16,0.701731
12.468,1,1.49905,3.83444e-16,0.701808
12.469,1,1.49905,4.28393e-16,0.701886
12.47,1,1.49905,3.6976e-16,0.701962
12.471,1,1.49905,1.39646e-16,0.702038
12.472,1,1.49905,4.89746e-16,0.702113
12.473,1,1.49905,-4.82016e-17,0.702188
12.474,1,1.49905,3.02483e-16,0.702261
12.475,1,1.49905,7.12106e-16,0.702334
12.476,1,1.49905,3.24306e-16,0.702407
12.477,1,1.49905,-4.99114e-17,0.702478
12.478,1,1.49905,4.33148e-16,0.702549
12.479,1,1.49905,1.46848e-16,0.702619
12.48,1,1.49905,1.66599e-16,0.702689
12.481,1,1.49905,1.38324e-16,0.702758
12.482,1,1.49905,2.97637e-16,0.702826
12.483,1,1.49905,2.85083e-16,0.702893
12.484,1,1.49905,4.13336e-16,0.70296
12.485,1,1.49905,-1.09594e-16,0.703026
12.486,1,1.49905,8.66742e-17,0.703091
12.487,1,1.49905,1.60645e-16,0.703156
12.488,1,1.49905,4.5136e-16,0.70322
12.489,1,1.49905,2.65009e-16,0.703283
12.49,1,1.49905,3.62236e-16,0.703345
12.491,1,1.49905,2.16409e-16,0.703407
12.492,1,1.49905,1.81409e-16,0.703468
12.493,1,1.49905,1.74961e-16,0.703529
12.494,1,1.49905,3.66622e-16,0.703588
12.495,1,1.49905,3.2341e-16,0.703647
12.496,1,1.49905,1.10866e-16,0.703705
12.497,1,1.49905,5.73096e-16,0.703763
12.498,1,1.49905,4.38185e-16,0.70382
12.499,1,1.49905,2.43928e-16,0.703876
12.5,1,1.49905,-2.15746e-17,0.703932
12.501,1,1.49905,4.21245e-16,0.703986
12.502,1,1.49905,3.8124e-16,0.70404
12.503,1,1.49905,4.09549e-17,0.704094
12.504,1,1.49905,2.73326e-16,0.704146
12.505,1,1.49905,6.04909e-16,0.704198
12.506,1,1.49905,2.439e-16,0.70425
12.507,1,1.49905,1.26426e-16,0.7043
12.508,1,1.49905,4.35988e-16,0.70435
12.509,1,1.49905,1.68843e-16,0.704399
12.51,1,1.49905,4.69743e-16,0.704448
12.511,1,1.49905,2.2936e-16,0.704495
12.512,1,1.49905,5.74684e-16,0.704542
12.513,1,1.49905,-3.09519e-16,0.704589
12.514,1,1.49905,2.82995e-16,0.704634
12.515,1,1.49905,1.18124e-16,0.704679
12.516,1,1.49905,2.9881e-16,0.704723
12.517,1,1.49905,2.63503e-16,0.704767
12.518,1,1.49905,2.04997e-16,0.70481
12.519,1,1.49905,3.78761e-17,0.704852
12.52,1,1.49905,4.81026e-16,0.704893
12.521,1,1.49905,1.79134e-16,0.704934
12.522,1,1.49905,-3.93442e-17,0.704974
12.523,1,1.49905,4.68832e-16,0.705013
12.524,1,1.49905,8.22754e-18,0.705052
12.525,1,1.49905,2.92812e-16,0.70509
12.526,1,1.49905,8.5198e-17,0.705127
12.527,1,1.49905,4.47155e-16,0.705163
12.528,1,1.49905,1.81709e-17,0.705199
12.529,1,1.49905,5.04363e-16,0.705234
12.53,1,1.49905,2.65111e-16,0.705269
12.531,1,1.49905,4.8375e-16,0.705302
12.532,1,1.49905,5.39655e-16,0.705335
12.533,1,1.49905,9.50118e-17,0.705367
12.534,1,1.49905,3.77707e-16,0.705399
12.535,1,1.49905,4.03379e-16,0.70543
12.536,1,1.49905,1.40708e-16,0.70546
12.537,1,1.49905,1.37524e-16,0.705489
12.538,1,1.49905,3.95645e-16,0.705518
12.539,1,1.49905,4.03778e-16,0.705546
12.54,1,1.49905,2.41378e-16,0.705574
12.541,1,1.49905,1.38355e-16,0.7056
12.542,1,1.49905,1.15999e-16,0.705626
12.543,1,1.49905,9.61947e-17,0.705651
12.544,1,1.49905,4.7201e-16,0.705676
12.545,1,1.49905,3.6021e-16,0.7057
12.546,1,1.49905,2.51605e-16,0.705723
12.547,1,1.49905,1.69725e-16,0.705745
12.548,1,1.49905,2.37153e-16,0.705767
12.549,1,1.49905,5.72804e-16,0.705788
12.55,1,1.49905,2.52089e-16,0.705808
12.551,1,1.49905,-1.01881e-16,0.705828
12.552,1,1.49905,2.08096e-16,0.705847
12.553,1,1.49905,3.33088e-16,0.705865
12.554,1,1.49905,5.48978e-16,0.705882
12.555,1,1.49905,2.85027e-16,0.705899
12.556,1,1.49905,5.37741e-16,0.705915
12.557,1,1.49905,4.57508e-16,0.70593
12.558,1,1.49905,5.58173e-16,0.705945
12.559,1,1.49905,6.70034e-17,0.705959
12.56,1,1.49905,1.18725e-16,0.705972
12.561,1,1.49905,5.61644e-16,0.705985
12.562,1,1.49905,5.79793e-16,0.705997
12.563,1,1.49905,4.49671e-16,0.706008
12.564,1,1.49905,3.66234e-16,0.706018
12.565,1,1.49905,-8.98034e-17,0.706028
12.566,1,1.49905,2.87264e-16,0.706037
