0,1,0,0
0.01,0.367879,0.628455,0.00366549
0.02,0.135335,0.853397,0.0112665
0.03,0.0497871,0.929958,0.0202525
0.04,0.0183156,0.951994,0.0296857
0.05,0.00673795,0.954032,0.0392219
0.06,0.00247875,0.948774,0.048735
0.07,0.000911882,0.940891,0.0581792
0.08,0.000335463,0.932102,0.0675382
0.09,0.00012341,0.923038,0.0768068
0.1,4.53999e-05,0.913931,0.0859835
0.11,1.67017e-05,0.904866,0.0950684
0.12,6.14421e-06,0.895873,0.104062
0.13,2.26033e-06,0.886963,0.112965
0.14,8.31529e-07,0.878139,0.121779
0.15,3.05902e-07,0.869402,0.130504
0.16,1.12535e-07,0.860751,0.139141
0.17,4.13994e-08,0.852187,0.147692
0.18,1.523e-08,0.843707,0.156156
0.19,5.6028e-09,0.835312,0.164535
0.2,2.06115e-09,0.827001,0.172829
0.21,7.58256e-10,0.818772,0.18104
0.22,2.78947e-10,0.810625,0.189169
0.23,1.02619e-10,0.802559,0.197215
0.24,3.77513e-11,0.794574,0.205181
0.25,1.38879e-11,0.786667,0.213066
0.26,5.10909e-12,0.77884,0.220872
0.27,1.87953e-12,0.77109,0.228599
0.28,6.9144e-13,0.763418,0.236248
0.29,2.54367e-13,0.755822,0.24382
0.3,9.35762e-14,0.748301,0.251316
0.31,3.44248e-14,0.740856,0.258736
0.32,1.26642e-14,0.733484,0.266082
0.33,4.65889e-15,0.726186,0.273353
0.34,1.71391e-15,0.71896,0.280551
0.35,6.30512e-16,0.711806,0.287676
0.36,2.31952e-16,0.704724,0.29473
0.37,8.53305e-17,0.697711,0.301712
0.38,3.13913e-17,0.690769,0.308624
0.39,1.15482e-17,0.683896,0.315466
0.4,4.24835e-18,0.677091,0.322239
0.41,1.56288e-18,0.670354,0.328944
0.42,5.74952e-19,0.663684,0.335581
0.43,2.11513e-19,0.65708,0.34215
0.44,7.78113e-20,0.650542,0.348654
0.45,2.86252e-20,0.644069,0.355092
0.46,1.05306e-20,0.63766,0.361465
0.47,3.874e-21,0.631315,0.367773
0.48,1.42516e-21,0.625034,0.374017
0.49,5.24289e-22,0.618815,0.380199
0.5,1.92875e-22,0.612657,0.386318
0.51,7.09547e-23,0.606561,0.392375
0.52,2.61028e-23,0.600526,0.398371
0.53,9.60268e-24,0.59455,0.404306
0.54,3.53263e-24,0.588635,0.410181
0.55,1.29958e-24,0.582778,0.415997
0.56,4.78089e-25,0.576979,0.421754
0.57,1.75879e-25,0.571238,0.427452
0.58,6.47023e-26,0.565554,0.433093
0.59,2.38027e-26,0.559927,0.438677
0.6,8.75651e-27,0.554355,0.444204
0.61,3.22134e-27,0.548839,0.449675
0.62,1.18506e-27,0.543378,0.455091
0.63,4.35961e-28,0.537972,0.460452
0.64,1.60381e-28,0.532619,0.465759
0.65,5.90009e-29,0.527319,0.471012
0.66,2.17052e-29,0.522072,0.476211
0.67,7.9849e-30,0.516877,0.481358
0.68,2.93748e-30,0.511734,0.486453
0.69,1.08064e-30,0.506642,0.491496
0.7,3.97545e-31,0.501601,0.496487
0.71,1.46249e-31,0.49661,0.501428
0.72,5.38019e-32,0.491669,0.506319
0.73,1.97926e-32,0.486777,0.511161
0.74,7.28129e-33,0.481933,0.515953
0.75,2.67864e-33,0.477138,0.520696
0.76,9.85415e-34,0.47239,0.525392
0.77,3.62514e-34,0.46769,0.530039
0.78,1.33361e-34,0.463036,0.53464
0.79,4.90609e-35,0.458429,0.539193
0.8,1.80485e-35,0.453868,0.5437
0.81,6.63968e-36,0.449352,0.548162
0.82,2.4426e-36,0.44488,0.552578
0.83,8.98583e-37,0.440454,0.556949
0.84,3.3057e-37,0.436071,0.561276
0.85,1.2161e-37,0.431732,0.565559
0.86,4.47378e-38,0.427436,0.569798
0.87,1.64581e-38,0.423183,0.573993
0.88,6.0546e-39,0.418973,0.578147
0.89,2.22736e-39,0.414804,0.582257
0.9,8.19401e-40,0.410676,0.586326
0.91,3.01441e-40,0.40659,0.590354
0.92,1.10894e-40,0.402544,0.59434
0.93,4.07956e-41,0.398539,0.598286
0.94,1.50079e-41,0.394574,0.602191
0.95,5.52108e-42,0.390647,0.606057
0.96,2.03109e-42,0.38676,0.609883
0.97,7.47197e-43,0.382912,0.61367
0.98,2.74879e-43,0.379102,0.617419
0.99,1.01122e-43,0.37533,0.621129
1,3.72008e-44,0.371595,0.624801
1.01,1.36854e-44,0.367898,0.628436
1.02,5.03458e-45,0.364237,0.632034
1.03,1.85212e-45,0.360613,0.635595
1.04,6.81356e-46,0.357025,0.639119
1.05,2.50657e-46,0.353472,0.642607
1.06,9.22115e-47,0.349955,0.64606
1.07,3.39227e-47,0.346473,0.649478
1.08,1.24795e-47,0.343026,0.65286
1.09,4.59094e-48,0.339613,0.656208
1.1,1.68891e-48,0.336233,0.659521
1.11,6.21316e-49,0.332888,0.6628
1.12,2.28569e-49,0.329576,0.666046
1.13,8.4086e-50,0.326296,0.669259
1.14,3.09335e-50,0.32305,0.672438
1.15,1.13798e-50,0.319835,0.675585
1.16,4.18639e-51,0.316653,0.6787
1.17,1.54009e-51,0.313502,0.681783
1.18,5.66567e-52,0.310383,0.684834
1.19,2.08428e-52,0.307294,0.687854
1.2,7.66765e-53,0.304237,0.690842
1.21,2.82077e-53,0.301209,0.6938
1.22,1.0377e-53,0.298212,0.696728
1.23,3.8175e-54,0.295245,0.699625
1.24,1.40438e-54,0.292307,0.702493
1.25,5.16642e-55,0.289399,0.705331
1.26,1.90062e-55,0.286519,0.70814
1.27,6.99199e-56,0.283668,0.71092
1.28,2.57221e-56,0.280846,0.713671
1.29,9.46263e-57,0.278051,0.716394
1.3,3.48111e-57,0.275285,0.719089
1.31,1.28063e-57,0.272546,0.721756
1.32,4.71117e-58,0.269834,0.724396
1.33,1.73314e-58,0.267149,0.727008
1.34,6.37587e-59,0.264491,0.729593
1.35,2.34555e-59,0.261859,0.732152
1.36,8.6288e-60,0.259253,0.734684
1.37,3.17436e-60,0.256674,0.73719
1.38,1.16778e-60,0.25412,0.73967
1.39,4.29603e-61,0.251591,0.742125
1.4,1.58042e-61,0.249088,0.744554
1.41,5.81404e-62,0.246609,0.746958
1.42,2.13887e-62,0.244156,0.749337
1.43,7.86845e-63,0.241726,0.751691
1.44,2.89464e-63,0.239321,0.754021
1.45,1.06488e-63,0.23694,0.756327
1.46,3.91747e-64,0.234582,0.758609
1.47,1.44116e-64,0.232248,0.760867
1.48,5.30172e-65,0.229937,0.763101
1.49,1.95039e-65,0.227649,0.765313
1.5,7.1751e-66,0.225384,0.767501
1.51,2.63957e-66,0.223141,0.769667
1.52,9.71044e-67,0.220921,0.77181
1.53,3.57227e-67,0.218723,0.773931
1.54,1.31416e-67,0.216547,0.77603
1.55,4.83454e-68,0.214392,0.778107
1.56,1.77853e-68,0.212259,0.780162
1.57,6.54284e-69,0.210147,0.782196
1.58,2.40698e-69,0.208056,0.784209
1.59,8.85477e-70,0.205985,0.786201
1.6,3.25749e-70,0.203936,0.788172
1.61,1.19836e-70,0.201907,0.790122
1.62,4.40853e-71,0.199898,0.792052
1.63,1.62181e-71,0.197909,0.793961
1.64,5.9663e-72,0.195939,0.795851
1.65,2.19488e-72,0.19399,0.797721
1.66,8.07451e-73,0.19206,0.799572
1.67,2.97045e-73,0.190149,0.801402
1.68,1.09277e-73,0.188257,0.803214
1.69,4.02006e-74,0.186383,0.805007
1.7,1.4789e-74,0.184529,0.806781
1.71,5.44056e-75,0.182693,0.808536
1.72,2.00147e-75,0.180875,0.810273
1.73,7.363e-76,0.179075,0.811992
1.74,2.7087e-76,0.177293,0.813692
1.75,9.96473e-77,0.175529,0.815375
1.76,3.66582e-77,0.173783,0.81704
1.77,1.34858e-77,0.172054,0.818687
1.78,4.96115e-78,0.170342,0.820317
1.79,1.8251e-78,0.168647,0.82193
1.8,6.71418e-79,0.166969,0.823526
1.81,2.47001e-79,0.165307,0.825105
1.82,9.08666e-80,0.163662,0.826667
1.83,3.3428e-80,0.162034,0.828213
1.84,1.22975e-80,0.160422,0.829742
1.85,4.52398e-81,0.158825,0.831255
1.86,1.66428e-81,0.157245,0.832753
1.87,6.12254e-82,0.15568,0.834234
1.88,2.25236e-82,0.154131,0.835699
1.89,8.28596e-83,0.152598,0.837149
1.9,3.04823e-83,0.151079,0.838584
1.91,1.12138e-83,0.149576,0.840003
1.92,4.12534e-84,0.148088,0.841407
1.93,1.51763e-84,0.146614,0.842797
1.94,5.58304e-85,0.145156,0.844171
1.95,2.05388e-85,0.143711,0.845531
1.96,7.55582e-86,0.142281,0.846876
1.97,2.77963e-86,0.140866,0.848207
1.98,1.02257e-86,0.139464,0.849524
1.99,3.76182e-87,0.138076,0.850827
2,1.3839e-87,0.136702,0.852116
2.01,5.09107e-88,0.135342,0.85339
2.02,1.8729e-88,0.133995,0.854652
2.03,6.89002e-89,0.132662,0.8559
2.04,2.53469e-89,0.131342,0.857134
2.05,9.32462e-90,0.130035,0.858355
2.06,3.43034e-90,0.128741,0.859563
2.07,1.26195e-90,0.12746,0.860758
2.08,4.64246e-91,0.126192,0.86194
2.09,1.70786e-91,0.124937,0.863109
2.1,6.28288e-92,0.123693,0.864266
2.11,2.31134e-92,0.122463,0.86541
2.12,8.50295e-93,0.121244,0.866542
2.13,3.12806e-93,0.120038,0.867662
2.14,1.15075e-93,0.118843,0.86877
2.15,4.23337e-94,0.117661,0.869865
2.16,1.55737e-94,0.11649,0.870949
2.17,5.72925e-95,0.115331,0.872021
2.18,2.10767e-95,0.114183,0.873081
2.19,7.75369e-96,0.113047,0.87413
2.2,2.85242e-96,0.111922,0.875167
2.21,1.04935e-96,0.110809,0.876193
2.22,3.86034e-97,0.109706,0.877208
2.23,1.42014e-97,0.108615,0.878212
2.24,5.2244e-98,0.107534,0.879205
2.25,1.92195e-98,0.106464,0.880187
2.26,7.07045e-99,0.105405,0.881158
2.27,2.60107e-99,0.104356,0.882119
2.28,9.56881e-100,0.103317,0.883069
2.29,3.52017e-100,0.102289,0.884009
2.3,1.295e-100,0.101272,0.884938
2.31,4.76403e-101,0.100264,0.885857
2.32,1.75259e-101,0.0992662,0.886766
2.33,6.44742e-102,0.0982785,0.887665
2.34,2.37187e-102,0.0973006,0.888554
2.35,8.72563e-103,0.0963325,0.889434
2.36,3.20998e-103,0.095374,0.890303
2.37,1.18089e-103,0.094425,0.891163
2.38,4.34423e-104,0.0934854,0.892013
2.39,1.59815e-104,0.0925552,0.892854
2.4,5.87928e-105,0.0916343,0.893686
2.41,2.16287e-105,0.0907225,0.894508
2.42,7.95674e-106,0.0898198,0.895321
2.43,2.92712e-106,0.0889261,0.896126
2.44,1.07683e-106,0.0880413,0.896921
2.45,3.96143e-107,0.0871652,0.897707
2.46,1.45733e-107,0.0862979,0.898485
2.47,5.36121e-108,0.0854393,0.899253
2.48,1.97228e-108,0.0845891,0.900014
2.49,7.25561e-109,0.0837474,0.900765
2.5,2.66919e-109,0.0829141,0.901508
2.51,9.8194e-110,0.0820891,0.902243
2.52,3.61236e-110,0.0812723,0.90297
2.53,1.32891e-110,0.0804637,0.903688
2.54,4.88879e-111,0.079663,0.904398
2.55,1.79849e-111,0.0788704,0.905101
2.56,6.61626e-112,0.0780856,0.905795
2.57,2.43399e-112,0.0773086,0.906481
2.58,8.95414e-113,0.0765394,0.90716
2.59,3.29404e-113,0.0757778,0.90783
2.6,1.21181e-113,0.0750238,0.908494
2.61,4.458e-114,0.0742773,0.909149
2.62,1.64001e-114,0.0735382,0.909797
2.63,6.03325e-115,0.0728065,0.910438
2.64,2.21951e-115,0.0720821,0.911071
2.65,8.16511e-116,0.0713649,0.911698
2.66,3.00378e-116,0.0706548,0.912316
2.67,1.10503e-116,0.0699517,0.912928
2.68,4.06517e-117,0.0692557,0.913533
2.69,1.49549e-117,0.0685666,0.914131
2.7,5.50161e-118,0.0678844,0.914721
2.71,2.02393e-118,0.0672089,0.915305
2.72,7.44562e-119,0.0665402,0.915883
2.73,2.73909e-119,0.0658781,0.916453
2.74,1.00766e-119,0.0652226,0.917017
2.75,3.70696e-120,0.0645736,0.917574
2.76,1.36371e-120,0.0639311,0.918125
2.77,5.01682e-121,0.063295,0.918669
2.78,1.84558e-121,0.0626652,0.919207
2.79,6.78953e-122,0.0620416,0.919739
2.8,2.49773e-122,0.0614243,0.920264
2.81,9.18863e-123,0.0608131,0.920783
2.82,3.38031e-123,0.060208,0.921296
2.83,1.24355e-123,0.0596089,0.921803
2.84,4.57475e-124,0.0590158,0.922304
2.85,1.68296e-124,0.0584286,0.922799
2.86,6.19125e-125,0.0578472,0.923288
2.87,2.27763e-125,0.0572716,0.923771
2.88,8.37894e-126,0.0567018,0.924249
2.89,3.08244e-126,0.0561376,0.92472
2.9,1.13397e-126,0.055579,0.925186
2.91,4.17163e-127,0.055026,0.925647
2.92,1.53466e-127,0.0544785,0.926102
2.93,5.64569e-128,0.0539364,0.926551
2.94,2.07693e-128,0.0533997,0.926995
2.95,7.64061e-129,0.0528684,0.927434
2.96,2.81082e-129,0.0523423,0.927867
2.97,1.03404e-129,0.0518215,0.928295
2.98,3.80403e-130,0.0513059,0.928718
2.99,1.39943e-130,0.0507954,0.929136
3,5.1482e-131,0.05029,0.929548
3.01,1.89392e-131,0.0497896,0.929956
3.02,6.96733e-132,0.0492942,0.930358
3.03,2.56314e-132,0.0488037,0.930755
3.04,9.42926e-133,0.0483181,0.931148
3.05,3.46883e-133,0.0478373,0.931535
3.06,1.27611e-133,0.0473613,0.931918
3.07,4.69455e-134,0.0468901,0.932296
3.08,1.72703e-134,0.0464235,0.93267
3.09,6.35338e-135,0.0459616,0.933038
3.1,2.33728e-135,0.0455042,0.933402
3.11,8.59837e-136,0.0450515,0.933762
3.12,3.16316e-136,0.0446032,0.934117
3.13,1.16366e-136,0.0441594,0.934467
3.14,4.28088e-137,0.04372,0.934813
3.15,1.57485e-137,0.043285,0.935154
3.16,5.79354e-138,0.0428543,0.935492
3.17,2.13132e-138,0.0424279,0.935824
3.18,7.8407e-139,0.0420057,0.936153
3.19,2.88443e-139,0.0415877,0.936477
3.2,1.06112e-139,0.0411739,0.936797
3.21,3.90365e-140,0.0407643,0.937113
3.22,1.43607e-140,0.0403586,0.937425
3.23,5.28302e-141,0.0399571,0.937733
3.24,1.94351e-141,0.0395595,0.938037
3.25,7.14979e-142,0.0391659,0.938337
3.26,2.63026e-142,0.0387762,0.938633
3.27,9.67619e-143,0.0383903,0.938925
3.28,3.55967e-143,0.0380083,0.939213
3.29,1.30953e-143,0.0376302,0.939497
3.3,4.81749e-144,0.0372557,0.939777
3.31,1.77226e-144,0.036885,0.940054
3.32,6.51977e-145,0.036518,0.940327
3.33,2.39849e-145,0.0361547,0.940596
3.34,8.82354e-146,0.0357949,0.940862
3.35,3.246e-146,0.0354387,0.941124
3.36,1.19414e-146,0.0350861,0.941383
3.37,4.39298e-147,0.034737,0.941638
3.38,1.61609e-147,0.0343914,0.941889
3.39,5.94526e-148,0.0340492,0.942137
3.4,2.18714e-148,0.0337104,0.942382
3.41,8.04603e-149,0.0333749,0.942623
3.42,2.95997e-149,0.0330429,0.942861
3.43,1.08891e-149,0.0327141,0.943095
3.44,4.00588e-150,0.0323886,0.943326
3.45,1.47368e-150,0.0320663,0.943554
3.46,5.42137e-151,0.0317472,0.943779
3.47,1.99441e-151,0.0314313,0.944
3.48,7.33703e-152,0.0311186,0.944219
3.49,2.69914e-152,0.030809,0.944434
3.5,9.92959e-153,0.0305024,0.944646
3.51,3.65289e-153,0.0301989,0.944855
3.52,1.34382e-153,0.0298984,0.945061
3.53,4.94365e-154,0.0296009,0.945264
3.54,1.81867e-154,0.0293064,0.945464
3.55,6.69051e-155,0.0290148,0.945661
3.56,2.4613e-155,0.0287261,0.945855
3.57,9.05461e-156,0.0284403,0.946046
3.58,3.33101e-156,0.0281573,0.946235
3.59,1.22541e-156,0.0278771,0.94642
3.6,4.50803e-157,0.0275997,0.946603
3.61,1.65841e-157,0.0273251,0.946783
3.62,6.10095e-158,0.0270532,0.94696
3.63,2.24441e-158,0.026784,0.947135
3.64,8.25674e-159,0.0265175,0.947306
3.65,3.03748e-159,0.0262537,0.947476
3.66,1.11743e-159,0.0259924,0.947642
3.67,4.11079e-160,0.0257338,0.947806
3.68,1.51227e-160,0.0254778,0.947967
3.69,5.56335e-161,0.0252242,0.948126
3.7,2.04664e-161,0.0249733,0.948282
3.71,7.52917e-162,0.0247248,0.948436
3.72,2.76983e-162,0.0244788,0.948587
3.73,1.01896e-162,0.0242352,0.948736
3.74,3.74855e-163,0.023994,0.948882
3.75,1.37902e-163,0.0237553,0.949026
3.76,5.07312e-164,0.0235189,0.949167
3.77,1.8663e-164,0.0232849,0.949306
3.78,6.86572e-165,0.0230532,0.949443
3.79,2.52576e-165,0.0228238,0.949577
3.8,9.29174e-166,0.0225967,0.94971
3.81,3.41824e-166,0.0223719,0.949839
3.82,1.2575e-166,0.0221493,0.949967
3.83,4.62608e-167,0.0219289,0.950092
3.84,1.70184e-167,0.0217107,0.950216
3.85,6.26072e-168,0.0214947,0.950337
3.86,2.30319e-168,0.0212808,0.950455
3.87,8.47297e-169,0.0210691,0.950572
3.88,3.11703e-169,0.0208594,0.950687
3.89,1.14669e-169,0.0206519,0.950799
3.9,4.21844e-170,0.0204464,0.95091
3.91,1.55188e-170,0.0202429,0.951018
3.92,5.70904e-171,0.0200415,0.951124
3.93,2.10024e-171,0.0198421,0.951229
3.94,7.72635e-172,0.0196447,0.951331
3.95,2.84236e-172,0.0194492,0.951431
3.96,1.04565e-172,0.0192557,0.95153
3.97,3.84672e-173,0.0190641,0.951626
3.98,1.41513e-173,0.0188744,0.951721
3.99,5.20597e-174,0.0186866,0.951813
4,1.91517e-174,0.0185006,0.951904
4.01,7.04552e-175,0.0183166,0.951993
4.02,2.5919e-175,0.0181343,0.95208
4.03,9.53507e-176,0.0179539,0.952165
4.04,3.50776e-176,0.0177752,0.952249
4.05,1.29043e-176,0.0175984,0.95233
4.06,4.74723e-177,0.0174233,0.95241
4.07,1.74641e-177,0.0172499,0.952488
4.08,6.42468e-178,0.0170782,0.952565
4.09,2.36351e-178,0.0169083,0.952639
4.1,8.69486e-179,0.0167401,0.952712
4.11,3.19866e-179,0.0165735,0.952783
4.12,1.17672e-179,0.0164086,0.952853
4.13,4.32891e-180,0.0162453,0.952921
4.14,1.59252e-180,0.0160837,0.952987
4.15,5.85855e-181,0.0159237,0.953052
4.16,2.15524e-181,0.0157652,0.953115
4.17,7.92868e-182,0.0156083,0.953177
4.18,2.9168e-182,0.015453,0.953237
4.19,1.07303e-182,0.0152993,0.953295
4.2,3.94746e-183,0.015147,0.953352
4.21,1.45219e-183,0.0149963,0.953408
4.22,5.3423e-184,0.0148471,0.953461
4.23,1.96532e-184,0.0146994,0.953514
4.24,7.23002e-185,0.0145531,0.953565
4.25,2.65978e-185,0.0144083,0.953614
4.26,9.78477e-186,0.014265,0.953662
4.27,3.59962e-186,0.014123,0.953709
4.28,1.32422e-186,0.0139825,0.953754
4.29,4.87155e-187,0.0138434,0.953798
4.3,1.79214e-187,0.0137056,0.95384
4.31,6.59293e-188,0.0135692,0.953881
4.32,2.4254e-188,0.0134342,0.953921
4.33,8.92256e-189,0.0133006,0.953959
4.34,3.28243e-189,0.0131682,0.953996
4.35,1.20754e-189,0.0130372,0.954031
4.36,4.44228e-190,0.0129075,0.954066
4.37,1.63422e-190,0.012779,0.954099
4.38,6.01197e-191,0.0126519,0.954131
4.39,2.21168e-191,0.012526,0.954161
4.4,8.13632e-192,0.0124014,0.95419
4.41,2.99318e-192,0.012278,0.954218
4.42,1.10113e-192,0.0121558,0.954245
4.43,4.05083e-193,0.0120348,0.95427
4.44,1.49022e-193,0.0119151,0.954295
4.45,5.48221e-194,0.0117965,0.954318
4.46,2.01679e-194,0.0116792,0.95434
4.47,7.41936e-195,0.0115629,0.954361
4.48,2.72943e-195,0.0114479,0.95438
4.49,1.0041e-195,0.011334,0.954399
4.5,3.69388e-196,0.0112212,0.954416
4.51,1.3589e-196,0.0111096,0.954432
4.52,4.99913e-197,0.010999,0.954447
4.53,1.83908e-197,0.0108896,0.954461
4.54,6.76558e-198,0.0107812,0.954474
4.55,2.48892e-198,0.0106739,0.954486
4.56,9.15622e-199,0.0105677,0.954497
4.57,3.36839e-199,0.0104626,0.954507
4.58,1.23916e-199,0.0103585,0.954515
4.59,4.55861e-200,0.0102554,0.954523
4.6,1.67702e-200,0.0101534,0.954529
4.61,6.16941e-201,0.0100523,0.954535
4.62,2.2696e-201,0.00995232,0.95454
4.63,8.34939e-202,0.00985329,0.954543
4.64,3.07157e-202,0.00975525,0.954546
4.65,1.12997e-202,0.00965818,0.954547
4.66,4.15692e-203,0.00956208,0.954548
4.67,1.52924e-203,0.00946694,0.954548
4.68,5.62578e-204,0.00937274,0.954546
4.69,2.06961e-204,0.00927948,0.954544
4.7,7.61366e-205,0.00918715,0.954541
4.71,2.80091e-205,0.00909573,0.954537
4.72,1.0304e-205,0.00900523,0.954532
4.73,3.79062e-206,0.00891563,0.954526
4.74,1.39449e-206,0.00882692,0.954519
4.75,5.13004e-207,0.00873909,0.954512
4.76,1.88724e-207,0.00865213,0.954503
4.77,6.94276e-208,0.00856604,0.954494
4.78,2.5541e-208,0.00848081,0.954484
4.79,9.396e-209,0.00839642,0.954473
4.8,3.4566e-209,0.00831288,0.954461
4.81,1.27161e-209,0.00823016,0.954448
4.82,4.67799e-210,0.00814827,0.954435
4.83,1.72094e-210,0.00806719,0.95442
4.84,6.33098e-211,0.00798692,0.954405
4.85,2.32904e-211,0.00790745,0.954389
4.86,8.56805e-212,0.00782877,0.954372
4.87,3.15201e-212,0.00775087,0.954355
4.88,1.15956e-212,0.00767375,0.954336
4.89,4.26578e-213,0.0075974,0.954317
4.9,1.56929e-213,0.0075218,0.954298
4.91,5.7731e-214,0.00744696,0.954277
4.92,2.12381e-214,0.00737286,0.954256
4.93,7.81305e-215,0.0072995,0.954234
4.94,2.87426e-215,0.00722687,0.954211
4.95,1.05738e-215,0.00715496,0.954187
4.96,3.88989e-216,0.00708377,0.954163
4.97,1.43101e-216,0.00701328,0.954138
4.98,5.26439e-217,0.0069435,0.954112
4.99,1.93666e-217,0.00687441,0.954086
5,7.12458e-218,0.00680601,0.954059
5.01,2.62099e-218,0.00673829,0.954031
5.02,9.64207e-219,0.00667124,0.954003
5.03,3.54712e-219,0.00660486,0.953974
5.04,1.30491e-219,0.00653914,0.953944
5.05,4.8005e-220,0.00647407,0.953914
5.06,1.76601e-220,0.00640966,0.953883
5.07,6.49677e-221,0.00634588,0.953851
5.08,2.39003e-221,0.00628274,0.953819
5.09,8.79243e-222,0.00622022,0.953786
5.1,3.23455e-222,0.00615833,0.953753
5.11,1.18993e-222,0.00609705,0.953719
5.12,4.37749e-223,0.00603639,0.953684
5.13,1.61039e-223,0.00597632,0.953649
5.14,5.92429e-224,0.00591686,0.953613
5.15,2.17942e-224,0.00585798,0.953576
5.16,8.01765e-225,0.0057997,0.953539
5.17,2.94953e-225,0.00574199,0.953502
5.18,1.08507e-225,0.00568485,0.953463
5.19,3.99176e-226,0.00562829,0.953425
5.2,1.46848e-226,0.00557229,0.953385
5.21,5.40225e-227,0.00551684,0.953345
5.22,1.98738e-227,0.00546195,0.953305
5.23,7.31115e-228,0.0054076,0.953264
5.24,2.68962e-228,0.00535379,0.953223
5.25,9.89457e-229,0.00530052,0.95318
5.26,3.64001e-229,0.00524778,0.953138
5.27,1.33908e-229,0.00519557,0.953095
5.28,4.92622e-230,0.00514387,0.953051
5.29,1.81225e-230,0.00509269,0.953007
5.3,6.66691e-231,0.00504201,0.952962
5.31,2.45262e-231,0.00499185,0.952917
5.32,9.02268e-232,0.00494218,0.952872
5.33,3.31926e-232,0.004893,0.952826
5.34,1.22109e-232,0.00484431,0.952779
5.35,4.49213e-233,0.00479611,0.952732
5.36,1.65256e-233,0.00474839,0.952684
5.37,6.07943e-234,0.00470114,0.952636
5.38,2.2365e-234,0.00465437,0.952588
5.39,8.22762e-235,0.00460805,0.952539
5.4,3.02677e-235,0.0045622,0.95249
5.41,1.11349e-235,0.00451681,0.95244
5.42,4.09629e-236,0.00447187,0.952389
5.43,1.50694e-236,0.00442737,0.952339
5.44,5.54373e-237,0.00438332,0.952287
5.45,2.03942e-237,0.0043397,0.952236
5.46,7.50262e-238,0.00429652,0.952184
5.47,2.76006e-238,0.00425377,0.952131
5.48,1.01537e-238,0.00421144,0.952078
5.49,3.73533e-239,0.00416954,0.952025
5.5,1.37415e-239,0.00412805,0.951971
5.51,5.05522e-240,0.00408698,0.951917
5.52,1.85971e-240,0.00404631,0.951863
5.53,6.8415e-241,0.00400605,0.951808
5.54,2.51685e-241,0.00396619,0.951753
5.55,9.25897e-242,0.00392672,0.951697
5.56,3.40618e-242,0.00388765,0.951641
5.57,1.25306e-242,0.00384897,0.951584
5.58,4.60977e-243,0.00381067,0.951527
5.59,1.69584e-243,0.00377276,0.95147
5.6,6.23864e-244,0.00373522,0.951413
5.61,2.29507e-244,0.00369805,0.951355
5.62,8.44309e-245,0.00366125,0.951296
5.63,3.10604e-245,0.00362482,0.951238
5.64,1.14265e-245,0.00358876,0.951179
5.65,4.20356e-246,0.00355305,0.951119
5.66,1.5464e-246,0.00351769,0.951059
5.67,5.68891e-247,0.00348269,0.950999
5.68,2.09283e-247,0.00344804,0.950939
5.69,7.6991e-248,0.00341373,0.950878
5.7,2.83234e-248,0.00337976,0.950817
5.71,1.04196e-248,0.00334613,0.950755
5.72,3.83315e-249,0.00331284,0.950694
5.73,1.41014e-249,0.00327988,0.950632
5.74,5.18761e-250,0.00324724,0.950569
5.75,1.90842e-250,0.00321493,0.950506
5.76,7.02067e-251,0.00318294,0.950443
5.77,2.58276e-251,0.00315127,0.95038
5.78,9.50144e-252,0.00311991,0.950316
5.79,3.49538e-252,0.00308887,0.950252
5.8,1.28588e-252,0.00305814,0.950188
5.81,4.73049e-253,0.00302771,0.950123
5.82,1.74025e-253,0.00299758,0.950059
5.83,6.40202e-254,0.00296775,0.949993
5.84,2.35517e-254,0.00293822,0.949928
5.85,8.66419e-255,0.00290899,0.949862
5.86,3.18738e-255,0.00288004,0.949796
5.87,1.17257e-255,0.00285139,0.94973
5.88,4.31365e-256,0.00282302,0.949663
5.89,1.5869e-256,0.00279493,0.949596
5.9,5.83789e-257,0.00276712,0.949529
5.91,2.14764e-257,0.00273958,0.949462
5.92,7.90072e-258,0.00271232,0.949394
5.93,2.90651e-258,0.00268534,0.949326
5.94,1.06925e-258,0.00265862,0.949258
5.95,3.93354e-259,0.00263216,0.949189
5.96,1.44707e-259,0.00260597,0.949121
5.97,5.32346e-260,0.00258004,0.949052
5.98,1.95839e-260,0.00255437,0.948983
5.99,7.20452e-261,0.00252895,0.948913
6,2.6504e-261,0.00250379,0.948843
6.01,9.75026e-262,0.00247888,0.948773
6.02,3.58692e-262,0.00245421,0.948703
6.03,1.31955e-262,0.00242979,0.948633
6.04,4.85437e-263,0.00240562,0.948562
6.05,1.78582e-263,0.00238168,0.948491
6.06,6.56968e-264,0.00235798,0.94842
6.07,2.41685e-264,0.00233452,0.948349
6.08,8.89109e-265,0.00231129,0.948277
6.09,3.27085e-265,0.00228829,0.948205
6.1,1.20328e-265,0.00226552,0.948133
6.11,4.42661e-266,0.00224298,0.948061
6.12,1.62846e-266,0.00222066,0.947988
6.13,5.99077e-267,0.00219857,0.947916
6.14,2.20388e-267,0.00217669,0.947843
6.15,8.10762e-268,0.00215503,0.94777
6.16,2.98263e-268,0.00213359,0.947696
6.17,1.09725e-268,0.00211236,0.947623
6.18,4.03655e-269,0.00209134,0.947549
6.19,1.48496e-269,0.00207053,0.947475
6.2,5.46287e-270,0.00204993,0.947401
6.21,2.00968e-270,0.00202953,0.947327
6.22,7.3932e-271,0.00200934,0.947252
6.23,2.71981e-271,0.00198935,0.947177
6.24,1.00056e-271,0.00196955,0.947102
6.25,3.68086e-272,0.00194995,0.947027
6.26,1.35411e-272,0.00193055,0.946952
6.27,4.9815e-273,0.00191134,0.946877
6.28,1.83259e-273,0.00189232,0.946801
6.29,6.74172e-274,0.00187349,0.946725
6.3,2.48014e-274,0.00185485,0.946649
6.31,9.12393e-275,0.0018364,0.946573
6.32,3.35651e-275,0.00181812,0.946496
6.33,1.23479e-275,0.00180003,0.94642
6.34,4.54254e-276,0.00178212,0.946343
6.35,1.67111e-276,0.00176439,0.946266
6.36,6.14766e-277,0.00174684,0.946189
6.37,2.2616e-277,0.00172945,0.946112
6.38,8.31995e-278,0.00171225,0.946035
6.39,3.06074e-278,0.00169521,0.945957
6.4,1.12598e-278,0.00167834,0.945879
6.41,4.14226e-279,0.00166164,0.945801
6.42,1.52385e-279,0.00164511,0.945723
6.43,5.60594e-280,0.00162874,0.945645
6.44,2.06231e-280,0.00161253,0.945567
6.45,7.58681e-281,0.00159649,0.945488
6.46,2.79103e-281,0.0015806,0.94541
6.47,1.02676e-281,0.00156487,0.945331
6.48,3.77725e-282,0.0015493,0.945252
6.49,1.38957e-282,0.00153389,0.945173
6.5,5.11195e-283,0.00151863,0.945093
6.51,1.88058e-283,0.00150351,0.945014
6.52,6.91827e-284,0.00148855,0.944935
6.53,2.54509e-284,0.00147374,0.944855
6.54,9.36287e-285,0.00145908,0.944775
6.55,3.44441e-285,0.00144456,0.944695
6.56,1.26713e-285,0.00143019,0.944615
6.57,4.6615e-286,0.00141596,0.944535
6.58,1.71487e-286,0.00140187,0.944454
6.59,6.30865e-287,0.00138792,0.944374
6.6,2.32082e-287,0.00137411,0.944293
6.61,8.53783e-288,0.00136044,0.944213
6.62,3.14089e-288,0.0013469,0.944132
6.63,1.15547e-288,0.0013335,0.944051
6.64,4.25073e-289,0.00132023,0.94397
6.65,1.56376e-289,0.00130709,0.943888
6.66,5.75274e-290,0.00129409,0.943807
6.67,2.11632e-290,0.00128121,0.943725
6.68,7.78549e-291,0.00126846,0.943644
6.69,2.86412e-291,0.00125584,0.943562
6.7,1.05365e-291,0.00124335,0.94348
6.71,3.87617e-292,0.00123097,0.943398
6.72,1.42596e-292,0.00121873,0.943316
6.73,5.24582e-293,0.0012066,0.943234
6.74,1.92983e-293,0.00119459,0.943152
6.75,7.09945e-294,0.00118271,0.943069
6.76,2.61174e-294,0.00117094,0.942987
6.77,9.60806e-295,0.00115929,0.942904
6.78,3.53461e-295,0.00114775,0.942821
6.79,1.30031e-295,0.00113633,0.942738
6.8,4.78357e-296,0.00112503,0.942655
6.81,1.75978e-296,0.00111383,0.942572
6.82,6.47386e-297,0.00110275,0.942489
6.83,2.3816e-297,0.00109178,0.942406
6.84,8.76142e-298,0.00108091,0.942323
6.85,3.22315e-298,0.00107016,0.942239
6.86,1.18573e-298,0.00105951,0.942156
6.87,4.36205e-299,0.00104897,0.942072
6.88,1.60471e-299,0.00103853,0.941988
6.89,5.9034e-300,0.0010282,0.941904
6.9,2.17174e-300,0.00101797,0.94182
6.91,7.98938e-301,0.00100784,0.941736
6.92,2.93913e-301,0.000997808,0.941652
6.93,1.08124e-301,0.00098788,0.941568
6.94,3.97768e-302,0.00097805,0.941484
6.95,1.46331e-302,0.000968318,0.941399
6.96,5.3832e-303,0.000958683,0.941315
6.97,1.98037e-303,0.000949144,0.94123
6.98,7.28537e-304,0.0009397,0.941145
6.99,2.68014e-304,0.00093035,0.941061
7,9.85968e-305,0.000921093,0.940976
7.01,3.62717e-305,0.000911928,0.940891
7.02,1.33436e-305,0.000902854,0.940806
7.03,4.90884e-306,0.00089387,0.940721
7.04,1.80586e-306,0.000884976,0.940636
7.05,6.6434e-307,0.000876171,0.94055
7.06,2.44397e-307,0.000867453,0.940465
7.07,8.99086e-308,0.000858821,0.94038
7.08,3.30755e-308,0.000850276,0.940294
7.09,1.21678e-308,0.000841816,0.940208
7.1,4.47629e-309,0.000833439,0.940123
7.11,1.64673e-309,0.000825146,0.940037
7.12,6.05799e-310,0.000816936,0.939951
7.13,2.22861e-310,0.000808807,0.939865
7.14,8.1986e-311,0.00080076,0.93978
7.15,3.0161e-311,0.000792792,0.939694
7.16,1.10956e-311,0.000784904,0.939607
7.17,4.08184e-312,0.000777094,0.939521
7.18,1.50163e-312,0.000769361,0.939435
7.19,5.52418e-313,0.000761706,0.939349
7.2,2.03223e-313,0.000754127,0.939262
7.21,7.47616e-314,0.000746623,0.939176
7.22,2.75033e-314,0.000739194,0.93909
7.23,1.01179e-314,0.000731839,0.939003
7.24,3.72216e-315,0.000724557,0.938916
7.25,1.36931e-315,0.000717348,0.93883
7.26,5.0374e-316,0.00071021,0.938743
7.27,1.85315e-316,0.000703143,0.938656
7.28,6.81737e-317,0.000696147,0.938569
7.29,2.50797e-317,0.00068922,0.938482
7.3,9.22632e-318,0.000682362,0.938395
7.31,3.39417e-318,0.000675573,0.938308
7.32,1.24865e-318,0.000668851,0.938221
7.33,4.59353e-319,0.000662196,0.938134
7.34,1.68985e-319,0.000655607,0.938047
7.35,6.21683e-320,0.000649083,0.93796
7.36,2.28703e-320,0.000642625,0.937872
7.37,8.41394e-321,0.00063623,0.937785
7.38,3.09285e-321,0.0006299,0.937697
7.39,1.13635e-321,0.000623632,0.93761
7.4,4.19956e-322,0.000617427,0.937522
7.41,1.5316e-322,0.000611284,0.937435
7.42,5.43472e-323,0.000605201,0.937347
7.43,1.97626e-323,0.000599179,0.937259
7.44,9.88131e-324,0.000593217,0.937172
7.45,4.94066e-324,0.000587315,0.937084
7.46,0,0.000581471,0.936996
7.47,0,0.000575685,0.936908
7.48,0,0.000569957,0.93682
7.49,0,0.000564286,0.936732
7.5,0,0.000558671,0.936644
7.51,0,0.000553112,0.936556
7.52,0,0.000547609,0.936468
7.53,0,0.00054216,0.93638
7.54,0,0.000536765,0.936291
7.55,0,0.000531424,0.936203
7.56,0,0.000526137,0.936115
7.57,0,0.000520901,0.936026
7.58,0,0.000515718,0.935938
7.59,0,0.000510587,0.93585
7.6,0,0.000505506,0.935761
7.61,0,0.000500477,0.935672
7.62,0,0.000495497,0.935584
7.63,0,0.000490567,0.935495
7.64,0,0.000485685,0.935407
7.65,0,0.000480853,0.935318
7.66,0,0.000476068,0.935229
7.67,0,0.000471331,0.93514
7.68,0,0.000466641,0.935052
7.69,0,0.000461998,0.934963
7.7,0,0.000457401,0.934874
7.71,0,0.00045285,0.934785
7.72,0,0.000448344,0.934696
7.73,0,0.000443883,0.934607
7.74,0,0.000439466,0.934518
7.75,0,0.000435093,0.934429
7.76,0,0.000430764,0.93434
7.77,0,0.000426478,0.934251
7.78,0,0.000422235,0.934161
7.79,0,0.000418033,0.934072
7.8,0,0.000413874,0.933983
7.81,0,0.000409756,0.933894
7.82,0,0.000405678,0.933804
7.83,0,0.000401642,0.933715
7.84,0,0.000397645,0.933626
7.85,0,0.000393689,0.933536
7.86,0,0.000389772,0.933447
7.87,0,0.000385893,0.933357
7.88,0,0.000382054,0.933268
7.89,0,0.000378252,0.933178
7.9,0,0.000374488,0.933089
7.91,0,0.000370762,0.932999
7.92,0,0.000367073,0.93291
7.93,0,0.000363421,0.93282
7.94,0,0.000359805,0.93273
7.95,0,0.000356224,0.932641
7.96,0,0.00035268,0.932551
7.97,0,0.000349171,0.932461
7.98,0,0.000345696,0.932371
7.99,0,0.000342257,0.932282
8,0,0.000338851,0.932192
8.01,0,0.00033548,0.932102
8.02,0,0.000332141,0.932012
8.03,0,0.000328837,0.931922
8.04,0,0.000325565,0.931832
8.05,0,0.000322325,0.931742
8.06,0,0.000319118,0.931652
8.07,0,0.000315943,0.931562
8.08,0,0.000312799,0.931472
8.09,0,0.000309687,0.931382
8.1,0,0.000306605,0.931292
8.11,0,0.000303554,0.931202
8.12,0,0.000300534,0.931112
8.13,0,0.000297544,0.931022
8.14,0,0.000294583,0.930932
8.15,0,0.000291652,0.930842
8.16,0,0.00028875,0.930751
8.17,0,0.000285877,0.930661
8.18,0,0.000283032,0.930571
8.19,0,0.000280216,0.930481
8.2,0,0.000277428,0.930391
8.21,0,0.000274667,0.9303
8.22,0,0.000271934,0.93021
8.23,0,0.000269229,0.93012
8.24,0,0.00026655,0.930029
8.25,0,0.000263898,0.929939
8.26,0,0.000261272,0.929849
8.27,0,0.000258672,0.929758
8.28,0,0.000256098,0.929668
8.29,0,0.00025355,0.929577
8.3,0,0.000251027,0.929487
8.31,0,0.000248529,0.929397
8.32,0,0.000246056,0.929306
8.33,0,0.000243608,0.929216
8.34,0,0.000241184,0.929125
8.35,0,0.000238784,0.929035
8.36,0,0.000236408,0.928944
8.37,0,0.000234056,0.928854
8.38,0,0.000231727,0.928763
8.39,0,0.000229421,0.928672
8.4,0,0.000227139,0.928582
8.41,0,0.000224879,0.928491
8.42,0,0.000222641,0.928401
8.43,0,0.000220426,0.92831
8.44,0,0.000218232,0.928219
8.45,0,0.000216061,0.928129
8.46,0,0.000213911,0.928038
8.47,0,0.000211783,0.927947
8.48,0,0.000209675,0.927857
8.49,0,0.000207589,0.927766
8.5,0,0.000205524,0.927675
8.51,0,0.000203479,0.927585
8.52,0,0.000201454,0.927494
8.53,0,0.000199449,0.927403
8.54,0,0.000197465,0.927312
8.55,0,0.0001955,0.927222
8.56,0,0.000193555,0.927131
8.57,0,0.000191629,0.92704
8.58,0,0.000189722,0.926949
8.59,0,0.000187834,0.926859
8.6,0,0.000185965,0.926768
8.61,0,0.000184115,0.926677
8.62,0,0.000182283,0.926586
8.63,0,0.000180469,0.926495
8.64,0,0.000178674,0.926404
8.65,0,0.000176896,0.926314
8.66,0,0.000175136,0.926223
8.67,0,0.000173393,0.926132
8.68,0,0.000171668,0.926041
8.69,0,0.00016996,0.92595
8.7,0,0.000168268,0.925859
8.71,0,0.000166594,0.925768
8.72,0,0.000164937,0.925677
8.73,0,0.000163295,0.925586
8.74,0,0.000161671,0.925495
8.75,0,0.000160062,0.925404
8.76,0,0.000158469,0.925314
8.77,0,0.000156893,0.925223
8.78,0,0.000155331,0.925132
8.79,0,0.000153786,0.925041
8.8,0,0.000152256,0.92495
8.81,0,0.000150741,0.924859
8.82,0,0.000149241,0.924768
8.83,0,0.000147756,0.924677
8.84,0,0.000146286,0.924586
8.85,0,0.00014483,0.924495
8.86,0,0.000143389,0.924404
8.87,0,0.000141962,0.924313
8.88,0,0.00014055,0.924222
8.89,0,0.000139151,0.924131
8.9,0,0.000137767,0.92404
8.91,0,0.000136396,0.923949
8.92,0,0.000135039,0.923858
8.93,0,0.000133695,0.923767
8.94,0,0.000132365,0.923676
8.95,0,0.000131048,0.923585
8.96,0,0.000129744,0.923493
8.97,0,0.000128453,0.923402
8.98,0,0.000127175,0.923311
8.99,0,0.000125909,0.92322
9,0,0.000124656,0.923129
9.01,0,0.000123416,0.923038
9.02,0,0.000122188,0.922947
9.03,0,0.000120972,0.922856
9.04,0,0.000119769,0.922765
9.05,0,0.000118577,0.922674
9.06,0,0.000117397,0.922583
9.07,0,0.000116229,0.922492
9.08,0,0.000115072,0.922401
9.09,0,0.000113927,0.92231
9.1,0,0.000112794,0.922218
9.11,0,0.000111671,0.922127
9.12,0,0.00011056,0.922036
9.13,0,0.00010946,0.921945
9.14,0,0.000108371,0.921854
9.15,0,0.000107293,0.921763
9.16,0,0.000106225,0.921672
9.17,0,0.000105168,0.921581
9.18,0,0.000104122,0.92149
9.19,0,0.000103086,0.921398
9.2,0,0.00010206,0.921307
9.21,0,0.000101044,0.921216
9.22,0,0.000100039,0.921125
9.23,0,9.90437e-05,0.921034
9.24,0,9.80582e-05,0.920943
9.25,0,9.70825e-05,0.920852
9.26,0,9.61165e-05,0.920761
9.27,0,9.51601e-05,0.92067
9.28,0,9.42133e-05,0.920578
9.29,0,9.32758e-05,0.920487
9.3,0,9.23477e-05,0.920396
9.31,0,9.14288e-05,0.920305
9.32,0,9.05191e-05,0.920214
9.33,0,8.96184e-05,0.920123
9.34,0,8.87267e-05,0.920032
9.35,0,8.78439e-05,0.919941
9.36,0,8.69698e-05,0.91985
9.37,0,8.61044e-05,0.919758
9.38,0,8.52477e-05,0.919667
9.39,0,8.43995e-05,0.919576
9.4,0,8.35597e-05,0.919485
9.41,0,8.27282e-05,0.919394
9.42,0,8.19051e-05,0.919303
9.43,0,8.10901e-05,0.919212
9.44,0,8.02832e-05,0.919121
9.45,0,7.94844e-05,0.91903
9.46,0,7.86935e-05,0.918938
9.47,0,7.79105e-05,0.918847
9.48,0,7.71353e-05,0.918756
9.49,0,7.63678e-05,0.918665
9.5,0,7.56079e-05,0.918574
9.51,0,7.48556e-05,0.918483
9.52,0,7.41108e-05,0.918392
9.53,0,7.33734e-05,0.918301
9.54,0,7.26433e-05,0.91821
9.55,0,7.19205e-05,0.918119
9.56,0,7.12048e-05,0.918027
9.57,0,7.04963e-05,0.917936
9.58,0,6.97949e-05,0.917845
9.59,0,6.91004e-05,0.917754
9.6,0,6.84129e-05,0.917663
9.61,0,6.77321e-05,0.917572
9.62,0,6.70582e-05,0.917481
9.63,0,6.6391e-05,0.91739
9.64,0,6.57304e-05,0.917299
9.65,0,6.50763e-05,0.917208
9.66,0,6.44288e-05,0.917117
9.67,0,6.37877e-05,0.917026
9.68,0,6.3153e-05,0.916935
9.69,0,6.25247e-05,0.916843
9.7,0,6.19025e-05,0.916752
9.71,0,6.12866e-05,0.916661
9.72,0,6.06768e-05,0.91657
9.73,0,6.0073e-05,0.916479
9.74,0,5.94753e-05,0.916388
9.75,0,5.88835e-05,0.916297
9.76,0,5.82976e-05,0.916206
9.77,0,5.77175e-05,0.916115
9.78,0,5.71432e-05,0.916024
9.79,0,5.65746e-05,0.915933
9.8,0,5.60117e-05,0.915842
9.81,0,5.54544e-05,0.915751
9.82,0,5.49026e-05,0.91566
9.83,0,5.43563e-05,0.915569
9.84,0,5.38155e-05,0.915478
9.85,0,5.328e-05,0.915387
9.86,0,5.27498e-05,0.915296
9.87,0,5.2225e-05,0.915205
9.88,0,5.17053e-05,0.915114
9.89,0,5.11909e-05,0.915023
9.9,0,5.06815e-05,0.914932
9.91,0,5.01772e-05,0.914841
9.92,0,4.96779e-05,0.91475
9.93,0,4.91836e-05,0.914659
9.94,0,4.86942e-05,0.914568
9.95,0,4.82097e-05,0.914477
9.96,0,4.773e-05,0.914386
9.97,0,4.72551e-05,0.914295
9.98,0,4.67849e-05,0.914204
9.99,0,4.63194e-05,0.914113
10,0,4.58585e-05,0.914022
10.01,0,4.54022e-05,0.913931
10.02,0,4.49505e-05,0.91384
10.03,0,4.45032e-05,0.913749
10.04,0,4.40604e-05,0.913659
10.05,0,4.3622e-05,0.913568
10.06,0,4.31879e-05,0.913477
10.07,0,4.27582e-05,0.913386
10.08,0,4.23327e-05,0.913295
10.09,0,4.19115e-05,0.913204
10.1,0,4.14945e-05,0.913113
10.11,0,4.10816e-05,0.913022
10.12,0,4.06729e-05,0.912931
10.13,0,4.02682e-05,0.91284
10.14,0,3.98675e-05,0.91275
10.15,0,3.94708e-05,0.912659
10.16,0,3.9078e-05,0.912568
10.17,0,3.86892e-05,0.912477
10.18,0,3.83043e-05,0.912386
10.19,0,3.79231e-05,0.912295
10.2,0,3.75458e-05,0.912204
10.21,0,3.71722e-05,0.912114
10.22,0,3.68023e-05,0.912023
10.23,0,3.64361e-05,0.911932
10.24,0,3.60736e-05,0.911841
10.25,0,3.57146e-05,0.91175
10.26,0,3.53593e-05,0.911659
10.27,0,3.50074e-05,0.911569
10.28,0,3.46591e-05,0.911478
10.29,0,3.43143e-05,0.911387
10.3,0,3.39728e-05,0.911296
10.31,0,3.36348e-05,0.911205
10.32,0,3.33001e-05,0.911115
10.33,0,3.29688e-05,0.911024
10.34,0,3.26407e-05,0.910933
10.35,0,3.23159e-05,0.910842
10.36,0,3.19944e-05,0.910752
10.37,0,3.16761e-05,0.910661
10.38,0,3.13609e-05,0.91057
10.39,0,3.10488e-05,0.910479
10.4,0,3.07399e-05,0.910389
10.41,0,3.0434e-05,0.910298
10.42,0,3.01312e-05,0.910207
10.43,0,2.98314e-05,0.910116
10.44,0,2.95346e-05,0.910026
10.45,0,2.92407e-05,0.909935
10.46,0,2.89497e-05,0.909844
10.47,0,2.86617e-05,0.909754
10.48,0,2.83765e-05,0.909663
10.49,0,2.80941e-05,0.909572
10.5,0,2.78146e-05,0.909482
10.51,0,2.75378e-05,0.909391
10.52,0,2.72638e-05,0.9093
10.53,0,2.69925e-05,0.90921
10.54,0,2.6724e-05,0.909119
10.55,0,2.64581e-05,0.909028
10.56,0,2.61948e-05,0.908938
10.57,0,2.59342e-05,0.908847
10.58,0,2.56761e-05,0.908756
10.59,0,2.54206e-05,0.908666
10.6,0,2.51677e-05,0.908575
10.61,0,2.49173e-05,0.908485
10.62,0,2.46693e-05,0.908394
10.63,0,2.44239e-05,0.908303
10.64,0,2.41808e-05,0.908213
10.65,0,2.39402e-05,0.908122
10.66,0,2.3702e-05,0.908032
10.67,0,2.34662e-05,0.907941
10.68,0,2.32327e-05,0.907851
10.69,0,2.30015e-05,0.90776
10.7,0,2.27727e-05,0.907669
10.71,0,2.25461e-05,0.907579
10.72,0,2.23217e-05,0.907488
10.73,0,2.20996e-05,0.907398
10.74,0,2.18797e-05,0.907307
10.75,0,2.1662e-05,0.907217
10.76,0,2.14465e-05,0.907126
10.77,0,2.12331e-05,0.907036
10.78,0,2.10218e-05,0.906945
10.79,0,2.08126e-05,0.906855
10.8,0,2.06056e-05,0.906764
10.81,0,2.04005e-05,0.906674
10.82,0,2.01975e-05,0.906583
10.83,0,1.99966e-05,0.906493
10.84,0,1.97976e-05,0.906403
10.85,0,1.96006e-05,0.906312
10.86,0,1.94056e-05,0.906222
10.87,0,1.92125e-05,0.906131
10.88,0,1.90213e-05,0.906041
10.89,0,1.88321e-05,0.90595
10.9,0,1.86447e-05,0.90586
10.91,0,1.84592e-05,0.90577
10.92,0,1.82755e-05,0.905679
10.93,0,1.80936e-05,0.905589
10.94,0,1.79136e-05,0.905499
10.95,0,1.77354e-05,0.905408
10.96,0,1.75589e-05,0.905318
10.97,0,1.73842e-05,0.905227
10.98,0,1.72112e-05,0.905137
10.99,0,1.704e-05,0.905047
11,0,1.68704e-05,0.904956
11.01,0,1.67025e-05,0.904866
11.02,0,1.65363e-05,0.904776
11.03,0,1.63718e-05,0.904685
11.04,0,1.62089e-05,0.904595
11.05,0,1.60476e-05,0.904505
11.06,0,1.58879e-05,0.904415
11.07,0,1.57299e-05,0.904324
11.08,0,1.55733e-05,0.904234
11.09,0,1.54184e-05,0.904144
11.1,0,1.5265e-05,0.904054
11.11,0,1.51131e-05,0.903963
11.12,0,1.49627e-05,0.903873
11.13,0,1.48138e-05,0.903783
11.14,0,1.46664e-05,0.903693
11.15,0,1.45205e-05,0.903602
11.16,0,1.4376e-05,0.903512
11.17,0,1.4233e-05,0.903422
11.18,0,1.40913e-05,0.903332
11.19,0,1.39511e-05,0.903242
11.2,0,1.38123e-05,0.903151
11.21,0,1.36749e-05,0.903061
11.22,0,1.35388e-05,0.902971
11.23,0,1.34041e-05,0.902881
11.24,0,1.32707e-05,0.902791
11.25,0,1.31387e-05,0.902701
11.26,0,1.3008e-05,0.90261
11.27,0,1.28785e-05,0.90252
11.28,0,1.27504e-05,0.90243
11.29,0,1.26235e-05,0.90234
11.3,0,1.24979e-05,0.90225
11.31,0,1.23735e-05,0.90216
11.32,0,1.22504e-05,0.90207
11.33,0,1.21285e-05,0.90198
11.34,0,1.20079e-05,0.90189
11.35,0,1.18884e-05,0.9018
11.36,0,1.17701e-05,0.90171
11.37,0,1.1653e-05,0.901619
11.38,0,1.1537e-05,0.901529
11.39,0,1.14222e-05,0.901439
11.4,0,1.13086e-05,0.901349
11.41,0,1.1196e-05,0.901259
11.42,0,1.10846e-05,0.901169
11.43,0,1.09744e-05,0.901079
11.44,0,1.08652e-05,0.900989
11.45,0,1.0757e-05,0.900899
11.46,0,1.065e-05,0.900809
11.47,0,1.0544e-05,0.900719
11.48,0,1.04391e-05,0.900629
11.49,0,1.03353e-05,0.900539
11.5,0,1.02324e-05,0.90045
11.51,0,1.01306e-05,0.90036
11.52,0,1.00298e-05,0.90027
11.53,0,9.93e-06,0.90018
11.54,0,9.8312e-06,0.90009
11.55,0,9.73338e-06,0.9
11.56,0,9.63653e-06,0.89991
11.57,0,9.54064e-06,0.89982
11.58,0,9.44571e-06,0.89973
11.59,0,9.35173e-06,0.89964
11.6,0,9.25867e-06,0.899551
11.61,0,9.16655e-06,0.899461
11.62,0,9.07534e-06,0.899371
11.63,0,8.98504e-06,0.899281
11.64,0,8.89564e-06,0.899191
11.65,0,8.80712e-06,0.899101
11.66,0,8.71949e-06,0.899011
11.67,0,8.63273e-06,0.898922
11.68,0,8.54683e-06,0.898832
11.69,0,8.46179e-06,0.898742
11.7,0,8.3776e-06,0.898652
11.71,0,8.29424e-06,0.898563
11.72,0,8.21171e-06,0.898473
11.73,0,8.13e-06,0.898383
11.74,0,8.0491e-06,0.898293
11.75,0,7.96901e-06,0.898204
11.76,0,7.88972e-06,0.898114
11.77,0,7.81122e-06,0.898024
11.78,0,7.73349e-06,0.897934
11.79,0,7.65655e-06,0.897845
11.8,0,7.58036e-06,0.897755
11.81,0,7.50494e-06,0.897665
11.82,0,7.43026e-06,0.897576
11.83,0,7.35633e-06,0.897486
11.84,0,7.28313e-06,0.897396
11.85,0,7.21066e-06,0.897307
11.86,0,7.13892e-06,0.897217
11.87,0,7.06788e-06,0.897127
11.88,0,6.99756e-06,0.897038
11.89,0,6.92793e-06,0.896948
11.9,0,6.85899e-06,0.896858
11.91,0,6.79075e-06,0.896769
11.92,0,6.72318e-06,0.896679
11.93,0,6.65628e-06,0.89659
11.94,0,6.59005e-06,0.8965
11.95,0,6.52448e-06,0.89641
11.96,0,6.45956e-06,0.896321
11.97,0,6.39528e-06,0.896231
11.98,0,6.33165e-06,0.896142
11.99,0,6.26865e-06,0.896052
12,0,6.20628e-06,0.895963
12.01,0,6.14452e-06,0.895873
12.02,0,6.08338e-06,0.895784
12.03,0,6.02285e-06,0.895694
12.04,0,5.96292e-06,0.895604
12.05,0,5.90359e-06,0.895515
12.06,0,5.84485e-06,0.895426
12.07,0,5.78669e-06,0.895336
12.08,0,5.72911e-06,0.895247
12.09,0,5.67211e-06,0.895157
12.1,0,5.61567e-06,0.895068
12.11,0,5.55979e-06,0.894978
12.12,0,5.50447e-06,0.894889
12.13,0,5.4497e-06,0.894799
12.14,0,5.39548e-06,0.89471
12.15,0,5.34179e-06,0.89462
12.16,0,5.28864e-06,0.894531
12.17,0,5.23602e-06,0.894442
12.18,0,5.18392e-06,0.894352
12.19,0,5.13234e-06,0.894263
12.2,0,5.08127e-06,0.894174
12.21,0,5.03071e-06,0.894084
12.22,0,4.98065e-06,0.893995
12.23,0,4.93109e-06,0.893905
12.24,0,4.88203e-06,0.893816
12.25,0,4.83345e-06,0.893727
12.26,0,4.78536e-06,0.893637
12.27,0,4.73774e-06,0.893548
12.28,0,4.6906e-06,0.893459
12.29,0,4.64393e-06,0.89337
12.3,0,4.59772e-06,0.89328
12.31,0,4.55197e-06,0.893191
12.32,0,4.50668e-06,0.893102
12.33,0,4.46184e-06,0.893012
12.34,0,4.41744e-06,0.892923
12.35,0,4.37349e-06,0.892834
12.36,0,4.32997e-06,0.892745
12.37,0,4.28689e-06,0.892656
12.38,0,4.24423e-06,0.892566
12.39,0,4.202e-06,0.892477
12.4,0,4.16019e-06,0.892388
12.41,0,4.1188e-06,0.892299
12.42,0,4.07781e-06,0.89221
12.43,0,4.03724e-06,0.89212
12.44,0,3.99707e-06,0.892031
12.45,0,3.9573e-06,0.891942
12.46,0,3.91792e-06,0.891853
12.47,0,3.87894e-06,0.891764
12.48,0,3.84034e-06,0.891675
12.49,0,3.80213e-06,0.891585
12.5,0,3.7643e-06,0.891496
12.51,0,3.72684e-06,0.891407
12.52,0,3.68976e-06,0.891318
12.53,0,3.65304e-06,0.891229
12.54,0,3.6167e-06,0.89114
12.55,0,3.58071e-06,0.891051
12.56,0,3.54508e-06,0.890962
12.57,0,3.50981e-06,0.890873
12.58,0,3.47488e-06,0.890784
12.59,0,3.44031e-06,0.890695
12.6,0,3.40608e-06,0.890606
12.61,0,3.37218e-06,0.890517
12.62,0,3.33863e-06,0.890428
12.63,0,3.30541e-06,0.890339
12.64,0,3.27252e-06,0.89025
12.65,0,3.23996e-06,0.890161
12.66,0,3.20772e-06,0.890072
12.67,0,3.1758e-06,0.889983
12.68,0,3.1442e-06,0.889894
12.69,0,3.11292e-06,0.889805
12.7,0,3.08195e-06,0.889716
12.71,0,3.05128e-06,0.889627
12.72,0,3.02092e-06,0.889538
12.73,0,2.99086e-06,0.889449
12.74,0,2.9611e-06,0.88936
12.75,0,2.93164e-06,0.889271
12.76,0,2.90247e-06,0.889182
12.77,0,2.87359e-06,0.889093
12.78,0,2.84499e-06,0.889005
12.79,0,2.81669e-06,0.888916
12.8,0,2.78866e-06,0.888827
12.81,0,2.76091e-06,0.888738
12.82,0,2.73344e-06,0.888649
12.83,0,2.70624e-06,0.88856
12.84,0,2.67931e-06,0.888472
12.85,0,2.65265e-06,0.888383
12.86,0,2.62626e-06,0.888294
12.87,0,2.60013e-06,0.888205
12.88,0,2.57426e-06,0.888116
12.89,0,2.54864e-06,0.888028
12.9,0,2.52328e-06,0.887939
12.91,0,2.49818e-06,0.88785
12.92,0,2.47332e-06,0.887761
12.93,0,2.44871e-06,0.887672
12.94,0,2.42434e-06,0.887584
12.95,0,2.40022e-06,0.887495
12.96,0,2.37634e-06,0.887406
12.97,0,2.35269e-06,0.887318
12.98,0,2.32928e-06,0.887229
12.99,0,2.30611e-06,0.88714
13,0,2.28316e-06,0.887051
13.01,0,2.26044e-06,0.886963
13.02,0,2.23795e-06,0.886874
13.03,0,2.21568e-06,0.886785
13.04,0,2.19364e-06,0.886697
13.05,0,2.17181e-06,0.886608
13.06,0,2.1502e-06,0.88652
13.07,0,2.12881e-06,0.886431
13.08,0,2.10762e-06,0.886342
13.09,0,2.08665e-06,0.886254
13.1,0,2.06589e-06,0.886165
13.11,0,2.04533e-06,0.886076
13.12,0,2.02498e-06,0.885988
13.13,0,2.00483e-06,0.885899
13.14,0,1.98488e-06,0.885811
13.15,0,1.96513e-06,0.885722
13.16,0,1.94558e-06,0.885634
13.17,0,1.92622e-06,0.885545
13.18,0,1.90706e-06,0.885457
13.19,0,1.88808e-06,0.885368
13.2,0,1.86929e-06,0.88528
13.21,0,1.85069e-06,0.885191
13.22,0,1.83228e-06,0.885103
13.23,0,1.81405e-06,0.885014
13.24,0,1.796e-06,0.884926
13.25,0,1.77813e-06,0.884837
13.26,0,1.76043e-06,0.884749
13.27,0,1.74292e-06,0.88466
13.28,0,1.72558e-06,0.884572
13.29,0,1.70841e-06,0.884483
13.3,0,1.69141e-06,0.884395
13.31,0,1.67458e-06,0.884306
13.32,0,1.65792e-06,0.884218
13.33,0,1.64142e-06,0.88413
13.34,0,1.62509e-06,0.884041
13.35,0,1.60892e-06,0.883953
13.36,0,1.59291e-06,0.883865
13.37,0,1.57706e-06,0.883776
13.38,0,1.56137e-06,0.883688
13.39,0,1.54583e-06,0.883599
13.4,0,1.53045e-06,0.883511
13.41,0,1.51522e-06,0.883423
13.42,0,1.50014e-06,0.883334
13.43,0,1.48522e-06,0.883246
13.44,0,1.47044e-06,0.883158
13.45,0,1.45581e-06,0.88307
13.46,0,1.44132e-06,0.882981
13.47,0,1.42698e-06,0.882893
13.48,0,1.41278e-06,0.882805
13.49,0,1.39872e-06,0.882716
13.5,0,1.38481e-06,0.882628
13.51,0,1.37103e-06,0.88254
13.52,0,1.35739e-06,0.882452
13.53,0,1.34388e-06,0.882363
13.54,0,1.33051e-06,0.882275
13.55,0,1.31727e-06,0.882187
13.56,0,1.30416e-06,0.882099
13.57,0,1.29119e-06,0.882011
13.58,0,1.27834e-06,0.881922
13.59,0,1.26562e-06,0.881834
13.6,0,1.25303e-06,0.881746
13.61,0,1.24056e-06,0.881658
13.62,0,1.22821e-06,0.88157
13.63,0,1.21599e-06,0.881482
13.64,0,1.20389e-06,0.881394
13.65,0,1.19191e-06,0.881305
13.66,0,1.18005e-06,0.881217
13.67,0,1.16831e-06,0.881129
13.68,0,1.15669e-06,0.881041
13.69,0,1.14518e-06,0.880953
13.7,0,1.13378e-06,0.880865
13.71,0,1.1225e-06,0.880777
13.72,0,1.11133e-06,0.880689
13.73,0,1.10028e-06,0.880601
13.74,0,1.08933e-06,0.880513
13.75,0,1.07849e-06,0.880425
13.76,0,1.06776e-06,0.880337
13.77,0,1.05713e-06,0.880249
13.78,0,1.04661e-06,0.880161
13.79,0,1.0362e-06,0.880073
13.8,0,1.02589e-06,0.879985
13.81,0,1.01568e-06,0.879897
13.82,0,1.00558e-06,0.879809
13.83,0,9.95571e-07,0.879721
13.84,0,9.85665e-07,0.879633
13.85,0,9.75857e-07,0.879545
13.86,0,9.66147e-07,0.879457
13.87,0,9.56534e-07,0.879369
13.88,0,9.47016e-07,0.879281
13.89,0,9.37593e-07,0.879193
13.9,0,9.28264e-07,0.879105
13.91,0,9.19028e-07,0.879017
13.92,0,9.09883e-07,0.878929
13.93,0,9.0083e-07,0.878842
13.94,0,8.91866e-07,0.878754
13.95,0,8.82992e-07,0.878666
13.96,0,8.74206e-07,0.878578
13.97,0,8.65508e-07,0.87849
13.98,0,8.56896e-07,0.878402
13.99,0,8.48369e-07,0.878314
14,0,8.39928e-07,0.878227
14.01,0,8.31571e-07,0.878139
14.02,0,8.23296e-07,0.878051
14.03,0,8.15104e-07,0.877963
14.04,0,8.06994e-07,0.877875
14.05,0,7.98964e-07,0.877788
14.06,0,7.91014e-07,0.8777
14.07,0,7.83144e-07,0.877612
14.08,0,7.75351e-07,0.877524
14.09,0,7.67636e-07,0.877437
14.1,0,7.59998e-07,0.877349
14.11,0,7.52436e-07,0.877261
14.12,0,7.44949e-07,0.877173
14.13,0,7.37537e-07,0.877086
14.14,0,7.30198e-07,0.876998
14.15,0,7.22933e-07,0.87691
14.16,0,7.15739e-07,0.876823
14.17,0,7.08618e-07,0.876735
14.18,0,7.01567e-07,0.876647
14.19,0,6.94586e-07,0.87656
14.2,0,6.87675e-07,0.876472
14.21,0,6.80832e-07,0.876384
14.22,0,6.74058e-07,0.876297
14.23,0,6.67351e-07,0.876209
14.24,0,6.60711e-07,0.876122
14.25,0,6.54137e-07,0.876034
14.26,0,6.47628e-07,0.875946
14.27,0,6.41184e-07,0.875859
14.28,0,6.34804e-07,0.875771
14.29,0,6.28488e-07,0.875684
14.3,0,6.22234e-07,0.875596
14.31,0,6.16043e-07,0.875509
14.32,0,6.09913e-07,0.875421
14.33,0,6.03844e-07,0.875333
14.34,0,5.97836e-07,0.875246
14.35,0,5.91887e-07,0.875158
14.36,0,5.85998e-07,0.875071
14.37,0,5.80167e-07,0.874983
14.38,0,5.74394e-07,0.874896
14.39,0,5.68679e-07,0.874808
14.4,0,5.63021e-07,0.874721
14.41,0,5.57418e-07,0.874634
14.42,0,5.51872e-07,0.874546
14.43,0,5.46381e-07,0.874459
14.44,0,5.40944e-07,0.874371
14.45,0,5.35562e-07,0.874284
14.46,0,5.30233e-07,0.874196
14.47,0,5.24957e-07,0.874109
14.48,0,5.19733e-07,0.874022
14.49,0,5.14562e-07,0.873934
14.5,0,5.09442e-07,0.873847
14.51,0,5.04373e-07,0.873759
14.52,0,4.99354e-07,0.873672
14.53,0,4.94386e-07,0.873585
14.54,0,4.89467e-07,0.873497
14.55,0,4.84596e-07,0.87341
14.56,0,4.79774e-07,0.873323
14.57,0,4.75001e-07,0.873235
14.58,0,4.70274e-07,0.873148
14.59,0,4.65595e-07,0.873061
14.6,0,4.60962e-07,0.872973
14.61,0,4.56376e-07,0.872886
14.62,0,4.51835e-07,0.872799
14.63,0,4.47339e-07,0.872712
14.64,0,4.42888e-07,0.872624
14.65,0,4.38481e-07,0.872537
14.66,0,4.34118e-07,0.87245
14.67,0,4.29798e-07,0.872363
14.68,0,4.25522e-07,0.872275
14.69,0,4.21288e-07,0.872188
14.7,0,4.17096e-07,0.872101
14.71,0,4.12946e-07,0.872014
14.72,0,4.08837e-07,0.871927
14.73,0,4.04769e-07,0.871839
14.74,0,4.00741e-07,0.871752
14.75,0,3.96754e-07,0.871665
14.76,0,3.92806e-07,0.871578
14.77,0,3.88898e-07,0.871491
14.78,0,3.85028e-07,0.871404
14.79,0,3.81197e-07,0.871316
14.8,0,3.77404e-07,0.871229
14.81,0,3.73649e-07,0.871142
14.82,0,3.69931e-07,0.871055
14.83,0,3.6625e-07,0.870968
14.84,0,3.62606e-07,0.870881
14.85,0,3.58998e-07,0.870794
14.86,0,3.55426e-07,0.870707
14.87,0,3.51889e-07,0.87062
14.88,0,3.48388e-07,0.870533
14.89,0,3.44921e-07,0.870446
14.9,0,3.41489e-07,0.870359
14.91,0,3.38091e-07,0.870271
14.92,0,3.34727e-07,0.870184
14.93,0,3.31397e-07,0.870097
14.94,0,3.28099e-07,0.87001
14.95,0,3.24835e-07,0.869923
14.96,0,3.21602e-07,0.869836
14.97,0,3.18402e-07,0.86975
14.98,0,3.15234e-07,0.869663
14.99,0,3.12098e-07,0.869576
15,0,3.08992e-07,0.869489
15.01,0,3.05918e-07,0.869402
15.02,0,3.02874e-07,0.869315
15.03,0,2.9986e-07,0.869228
15.04,0,2.96876e-07,0.869141
15.05,0,2.93923e-07,0.869054
15.06,0,2.90998e-07,0.868967
15.07,0,2.88102e-07,0.86888
15.08,0,2.85236e-07,0.868793
15.09,0,2.82398e-07,0.868706
15.1,0,2.79588e-07,0.86862
15.11,0,2.76806e-07,0.868533
15.12,0,2.74052e-07,0.868446
15.13,0,2.71325e-07,0.868359
15.14,0,2.68625e-07,0.868272
15.15,0,2.65952e-07,0.868185
15.16,0,2.63306e-07,0.868099
15.17,0,2.60686e-07,0.868012
15.18,0,2.58092e-07,0.867925
15.19,0,2.55524e-07,0.867838
15.2,0,2.52981e-07,0.867751
15.21,0,2.50464e-07,0.867665
15.22,0,2.47972e-07,0.867578
15.23,0,2.45505e-07,0.867491
15.24,0,2.43062e-07,0.867404
15.25,0,2.40643e-07,0.867318
15.26,0,2.38249e-07,0.867231
15.27,0,2.35878e-07,0.867144
15.28,0,2.33531e-07,0.867058
15.29,0,2.31208e-07,0.866971
15.3,0,2.28907e-07,0.866884
15.31,0,2.26629e-07,0.866797
15.32,0,2.24374e-07,0.866711
15.33,0,2.22142e-07,0.866624
15.34,0,2.19932e-07,0.866537
15.35,0,2.17743e-07,0.866451
15.36,0,2.15577e-07,0.866364
15.37,0,2.13432e-07,0.866278
15.38,0,2.11308e-07,0.866191
15.39,0,2.09205e-07,0.866104
15.4,0,2.07124e-07,0.866018
15.41,0,2.05063e-07,0.865931
15.42,0,2.03022e-07,0.865845
15.43,0,2.01002e-07,0.865758
15.44,0,1.99002e-07,0.865671
15.45,0,1.97022e-07,0.865585
15.46,0,1.95062e-07,0.865498
15.47,0,1.93121e-07,0.865412
15.48,0,1.91199e-07,0.865325
15.49,0,1.89297e-07,0.865239
15.5,0,1.87413e-07,0.865152
15.51,0,1.85548e-07,0.865066
15.52,0,1.83702e-07,0.864979
15.53,0,1.81874e-07,0.864893
15.54,0,1.80065e-07,0.864806
15.55,0,1.78273e-07,0.86472
15.56,0,1.76499e-07,0.864633
15.57,0,1.74743e-07,0.864547
15.58,0,1.73004e-07,0.86446
15.59,0,1.71283e-07,0.864374
15.6,0,1.69579e-07,0.864287
15.61,0,1.67891e-07,0.864201
15.62,0,1.66221e-07,0.864115
15.63,0,1.64567e-07,0.864028
15.64,0,1.62929e-07,0.863942
15.65,0,1.61308e-07,0.863855
15.66,0,1.59703e-07,0.863769
15.67,0,1.58114e-07,0.863683
15.68,0,1.56541e-07,0.863596
15.69,0,1.54983e-07,0.86351
15.7,0,1.53441e-07,0.863424
15.71,0,1.51914e-07,0.863337
15.72,0,1.50403e-07,0.863251
15.73,0,1.48906e-07,0.863165
15.74,0,1.47424e-07,0.863078
15.75,0,1.45958e-07,0.862992
15.76,0,1.44505e-07,0.862906
15.77,0,1.43067e-07,0.862819
15.78,0,1.41644e-07,0.862733
15.79,0,1.40235e-07,0.862647
15.8,0,1.38839e-07,0.862561
15.81,0,1.37458e-07,0.862474
15.82,0,1.3609e-07,0.862388
15.83,0,1.34736e-07,0.862302
15.84,0,1.33395e-07,0.862216
15.85,0,1.32068e-07,0.862129
15.86,0,1.30754e-07,0.862043
15.87,0,1.29453e-07,0.861957
15.88,0,1.28165e-07,0.861871
15.89,0,1.26889e-07,0.861785
15.9,0,1.25627e-07,0.861699
15.91,0,1.24377e-07,0.861612
15.92,0,1.23139e-07,0.861526
15.93,0,1.21914e-07,0.86144
15.94,0,1.20701e-07,0.861354
15.95,0,1.195e-07,0.861268
15.96,0,1.18311e-07,0.861182
15.97,0,1.17134e-07,0.861096
15.98,0,1.15968e-07,0.861009
15.99,0,1.14814e-07,0.860923
16,0,1.13672e-07,0.860837
16.01,0,1.12541e-07,0.860751
16.02,0,1.11421e-07,0.860665
16.03,0,1.10312e-07,0.860579
16.04,0,1.09215e-07,0.860493
16.05,0,1.08128e-07,0.860407
16.06,0,1.07052e-07,0.860321
16.07,0,1.05987e-07,0.860235
16.08,0,1.04932e-07,0.860149
16.09,0,1.03888e-07,0.860063
16.1,0,1.02855e-07,0.859977
16.11,0,1.01831e-07,0.859891
16.12,0,1.00818e-07,0.859805
16.13,0,9.98148e-08,0.859719
16.14,0,9.88216e-08,0.859633
16.15,0,9.78383e-08,0.859547
16.16,0,9.68648e-08,0.859461
16.17,0,9.5901e-08,0.859375
16.18,0,9.49467e-08,0.859289
16.19,0,9.4002e-08,0.859203
16.2,0,9.30667e-08,0.859117
16.21,0,9.21406e-08,0.859031
16.22,0,9.12238e-08,0.858946
16.23,0,9.03161e-08,0.85886
16.24,0,8.94175e-08,0.858774
16.25,0,8.85278e-08,0.858688
16.26,0,8.76469e-08,0.858602
16.27,0,8.67748e-08,0.858516
16.28,0,8.59114e-08,0.85843
16.29,0,8.50565e-08,0.858344
16.3,0,8.42102e-08,0.858259
16.31,0,8.33723e-08,0.858173
16.32,0,8.25427e-08,0.858087
16.33,0,8.17214e-08,0.858001
16.34,0,8.09083e-08,0.857915
16.35,0,8.01032e-08,0.85783
16.36,0,7.93062e-08,0.857744
16.37,0,7.85171e-08,0.857658
16.38,0,7.77358e-08,0.857572
16.39,0,7.69623e-08,0.857487
16.4,0,7.61965e-08,0.857401
16.41,0,7.54384e-08,0.857315
16.42,0,7.46878e-08,0.857229
16.43,0,7.39446e-08,0.857144
16.44,0,7.32088e-08,0.857058
16.45,0,7.24804e-08,0.856972
16.46,0,7.17592e-08,0.856887
16.47,0,7.10452e-08,0.856801
16.48,0,7.03383e-08,0.856715
16.49,0,6.96384e-08,0.85663
16.5,0,6.89455e-08,0.856544
16.51,0,6.82595e-08,0.856458
16.52,0,6.75803e-08,0.856373
16.53,0,6.69078e-08,0.856287
16.54,0,6.62421e-08,0.856201
16.55,0,6.5583e-08,0.856116
16.56,0,6.49304e-08,0.85603
16.57,0,6.42843e-08,0.855945
16.58,0,6.36447e-08,0.855859
16.59,0,6.30114e-08,0.855773
16.6,0,6.23845e-08,0.855688
16.61,0,6.17637e-08,0.855602
16.62,0,6.11492e-08,0.855517
16.63,0,6.05407e-08,0.855431
16.64,0,5.99383e-08,0.855346
16.65,0,5.93419e-08,0.85526
16.66,0,5.87515e-08,0.855175
16.67,0,5.81669e-08,0.855089
16.68,0,5.75881e-08,0.855003
16.69,0,5.70151e-08,0.854918
16.7,0,5.64478e-08,0.854833
16.71,0,5.58861e-08,0.854747
16.72,0,5.53301e-08,0.854662
16.73,0,5.47795e-08,0.854576
16.74,0,5.42344e-08,0.854491
16.75,0,5.36948e-08,0.854405
16.76,0,5.31605e-08,0.85432
16.77,0,5.26316e-08,0.854234
16.78,0,5.21079e-08,0.854149
16.79,0,5.15894e-08,0.854064
16.8,0,5.10761e-08,0.853978
16.81,0,5.05679e-08,0.853893
16.82,0,5.00647e-08,0.853807
16.83,0,4.95665e-08,0.853722
16.84,0,4.90734e-08,0.853637
16.85,0,4.85851e-08,0.853551
16.86,0,4.81016e-08,0.853466
16.87,0,4.7623e-08,0.853381
16.88,0,4.71492e-08,0.853295
16.89,0,4.668e-08,0.85321
16.9,0,4.62155e-08,0.853125
16.91,0,4.57557e-08,0.853039
16.92,0,4.53004e-08,0.852954
16.93,0,4.48497e-08,0.852869
16.94,0,4.44034e-08,0.852783
16.95,0,4.39616e-08,0.852698
16.96,0,4.35242e-08,0.852613
16.97,0,4.30911e-08,0.852528
16.98,0,4.26623e-08,0.852442
16.99,0,4.22378e-08,0.852357
17,0,4.18176e-08,0.852272
17.01,0,4.14015e-08,0.852187
17.02,0,4.09895e-08,0.852101
17.03,0,4.05817e-08,0.852016
17.04,0,4.01779e-08,0.851931
17.05,0,3.97781e-08,0.851846
17.06,0,3.93823e-08,0.851761
17.07,0,3.89904e-08,0.851675
17.08,0,3.86025e-08,0.85159
17.09,0,3.82184e-08,0.851505
17.1,0,3.78381e-08,0.85142
17.11,0,3.74616e-08,0.851335
17.12,0,3.70888e-08,0.85125
17.13,0,3.67198e-08,0.851165
17.14,0,3.63544e-08,0.85108
17.15,0,3.59927e-08,0.850994
17.16,0,3.56346e-08,0.850909
17.17,0,3.528e-08,0.850824
17.18,0,3.4929e-08,0.850739
17.19,0,3.45814e-08,0.850654
17.2,0,3.42373e-08,0.850569
17.21,0,3.38966e-08,0.850484
17.22,0,3.35594e-08,0.850399
17.23,0,3.32255e-08,0.850314
17.24,0,3.28949e-08,0.850229
17.25,0,3.25675e-08,0.850144
17.26,0,3.22435e-08,0.850059
17.27,0,3.19227e-08,0.849974
17.28,0,3.1605e-08,0.849889
17.29,0,3.12906e-08,0.849804
17.3,0,3.09792e-08,0.849719
17.31,0,3.0671e-08,0.849634
17.32,0,3.03658e-08,0.849549
17.33,0,3.00636e-08,0.849464
17.34,0,2.97645e-08,0.849379
17.35,0,2.94683e-08,0.849294
17.36,0,2.91751e-08,0.849209
17.37,0,2.88848e-08,0.849124
17.38,0,2.85974e-08,0.849039
17.39,0,2.83129e-08,0.848954
17.4,0,2.80311e-08,0.84887
17.41,0,2.77522e-08,0.848785
17.42,0,2.74761e-08,0.8487
17.43,0,2.72027e-08,0.848615
17.44,0,2.6932e-08,0.84853
17.45,0,2.6664e-08,0.848445
17.46,0,2.63987e-08,0.84836
17.47,0,2.61361e-08,0.848276
17.48,0,2.5876e-08,0.848191
17.49,0,2.56185e-08,0.848106
17.5,0,2.53636e-08,0.848021
17.51,0,2.51113e-08,0.847936
17.52,0,2.48614e-08,0.847852
17.53,0,2.4614e-08,0.847767
17.54,0,2.43691e-08,0.847682
17.55,0,2.41266e-08,0.847597
17.56,0,2.38866e-08,0.847513
17.57,0,2.36489e-08,0.847428
17.58,0,2.34136e-08,0.847343
17.59,0,2.31806e-08,0.847258
17.6,0,2.295e-08,0.847174
17.61,0,2.27216e-08,0.847089
17.62,0,2.24955e-08,0.847004
17.63,0,2.22717e-08,0.846919
17.64,0,2.20501e-08,0.846835
17.65,0,2.18307e-08,0.84675
17.66,0,2.16135e-08,0.846665
17.67,0,2.13984e-08,0.846581
17.68,0,2.11855e-08,0.846496
17.69,0,2.09747e-08,0.846411
17.7,0,2.0766e-08,0.846327
17.71,0,2.05594e-08,0.846242
17.72,0,2.03548e-08,0.846158
17.73,0,2.01523e-08,0.846073
17.74,0,1.99517e-08,0.845988
17.75,0,1.97532e-08,0.845904
17.76,0,1.95567e-08,0.845819
17.77,0,1.93621e-08,0.845735
17.78,0,1.91694e-08,0.84565
17.79,0,1.89787e-08,0.845565
17.8,0,1.87898e-08,0.845481
17.81,0,1.86029e-08,0.845396
17.82,0,1.84178e-08,0.845312
17.83,0,1.82345e-08,0.845227
17.84,0,1.80531e-08,0.845143
17.85,0,1.78734e-08,0.845058
17.86,0,1.76956e-08,0.844974
17.87,0,1.75195e-08,0.844889
17.88,0,1.73452e-08,0.844805
17.89,0,1.71726e-08,0.84472
17.9,0,1.70017e-08,0.844636
17.91,0,1.68326e-08,0.844551
17.92,0,1.66651e-08,0.844467
17.93,0,1.64993e-08,0.844383
17.94,0,1.63351e-08,0.844298
17.95,0,1.61726e-08,0.844214
17.96,0,1.60116e-08,0.844129
17.97,0,1.58523e-08,0.844045
17.98,0,1.56946e-08,0.84396
17.99,0,1.55384e-08,0.843876
18,0,1.53838e-08,0.843792
18.01,0,1.52307e-08,0.843707
18.02,0,1.50792e-08,0.843623
18.03,0,1.49292e-08,0.843539
18.04,0,1.47806e-08,0.843454
18.05,0,1.46335e-08,0.84337
18.06,0,1.44879e-08,0.843286
18.07,0,1.43438e-08,0.843201
18.08,0,1.42011e-08,0.843117
18.09,0,1.40598e-08,0.843033
18.1,0,1.39199e-08,0.842948
18.11,0,1.37813e-08,0.842864
18.12,0,1.36442e-08,0.84278
18.13,0,1.35085e-08,0.842695
18.14,0,1.3374e-08,0.842611
18.15,0,1.3241e-08,0.842527
18.16,0,1.31092e-08,0.842443
18.17,0,1.29788e-08,0.842358
18.18,0,1.28496e-08,0.842274
18.19,0,1.27218e-08,0.84219
18.2,0,1.25952e-08,0.842106
18.21,0,1.24699e-08,0.842022
18.22,0,1.23458e-08,0.841937
18.23,0,1.2223e-08,0.841853
18.24,0,1.21013e-08,0.841769
18.25,0,1.19809e-08,0.841685
18.26,0,1.18617e-08,0.841601
18.27,0,1.17437e-08,0.841516
18.28,0,1.16268e-08,0.841432
18.29,0,1.15112e-08,0.841348
18.3,0,1.13966e-08,0.841264
18.31,0,1.12832e-08,0.84118
18.32,0,1.11709e-08,0.841096
18.33,0,1.10598e-08,0.841012
18.34,0,1.09497e-08,0.840928
18.35,0,1.08408e-08,0.840844
18.36,0,1.07329e-08,0.840759
18.37,0,1.06261e-08,0.840675
18.38,0,1.05204e-08,0.840591
18.39,0,1.04157e-08,0.840507
18.4,0,1.03121e-08,0.840423
18.41,0,1.02095e-08,0.840339
18.42,0,1.01079e-08,0.840255
18.43,0,1.00073e-08,0.840171
18.44,0,9.90774e-09,0.840087
18.45,0,9.80916e-09,0.840003
18.46,0,9.71155e-09,0.839919
18.47,0,9.61492e-09,0.839835
18.48,0,9.51925e-09,0.839751
18.49,0,9.42453e-09,0.839667
18.5,0,9.33076e-09,0.839583
18.51,0,9.23791e-09,0.839499
18.52,0,9.146e-09,0.839415
18.53,0,9.05499e-09,0.839331
18.54,0,8.96489e-09,0.839247
18.55,0,8.87569e-09,0.839164
18.56,0,8.78738e-09,0.83908
18.57,0,8.69994e-09,0.838996
18.58,0,8.61337e-09,0.838912
18.59,0,8.52767e-09,0.838828
18.6,0,8.44282e-09,0.838744
18.61,0,8.35881e-09,0.83866
18.62,0,8.27564e-09,0.838576
18.63,0,8.1933e-09,0.838492
18.64,0,8.11177e-09,0.838409
18.65,0,8.03106e-09,0.838325
18.66,0,7.95115e-09,0.838241
18.67,0,7.87203e-09,0.838157
18.68,0,7.7937e-09,0.838073
18.69,0,7.71615e-09,0.83799
18.7,0,7.63938e-09,0.837906
18.71,0,7.56336e-09,0.837822
18.72,0,7.48811e-09,0.837738
18.73,0,7.4136e-09,0.837654
18.74,0,7.33983e-09,0.837571
18.75,0,7.2668e-09,0.837487
18.76,0,7.1945e-09,0.837403
18.77,0,7.12291e-09,0.837319
18.78,0,7.05203e-09,0.837236
18.79,0,6.98187e-09,0.837152
18.8,0,6.91239e-09,0.837068
18.81,0,6.84362e-09,0.836985
18.82,0,6.77552e-09,0.836901
18.83,0,6.7081e-09,0.836817
18.84,0,6.64136e-09,0.836733
18.85,0,6.57527e-09,0.83665
18.86,0,6.50985e-09,0.836566
18.87,0,6.44507e-09,0.836483
18.88,0,6.38094e-09,0.836399
18.89,0,6.31745e-09,0.836315
18.9,0,6.25459e-09,0.836232
18.91,0,6.19236e-09,0.836148
18.92,0,6.13074e-09,0.836064
18.93,0,6.06974e-09,0.835981
18.94,0,6.00935e-09,0.835897
18.95,0,5.94955e-09,0.835814
18.96,0,5.89035e-09,0.83573
18.97,0,5.83174e-09,0.835646
18.98,0,5.77372e-09,0.835563
18.99,0,5.71627e-09,0.835479
19,0,5.65939e-09,0.835396
19.01,0,5.60308e-09,0.835312
19.02,0,5.54733e-09,0.835229
19.03,0,5.49213e-09,0.835145
19.04,0,5.43748e-09,0.835062
19.05,0,5.38338e-09,0.834978
19.06,0,5.32981e-09,0.834895
19.07,0,5.27678e-09,0.834811
19.08,0,5.22428e-09,0.834728
19.09,0,5.17229e-09,0.834644
19.1,0,5.12083e-09,0.834561
19.11,0,5.06988e-09,0.834477
19.12,0,5.01943e-09,0.834394
19.13,0,4.96948e-09,0.83431
19.14,0,4.92004e-09,0.834227
19.15,0,4.87108e-09,0.834144
19.16,0,4.82261e-09,0.83406
19.17,0,4.77463e-09,0.833977
19.18,0,4.72712e-09,0.833893
19.19,0,4.68008e-09,0.83381
19.2,0,4.63352e-09,0.833727
19.21,0,4.58741e-09,0.833643
19.22,0,4.54177e-09,0.83356
19.23,0,4.49658e-09,0.833477
19.24,0,4.45183e-09,0.833393
19.25,0,4.40754e-09,0.83331
19.26,0,4.36368e-09,0.833227
19.27,0,4.32026e-09,0.833143
19.28,0,4.27728e-09,0.83306
19.29,0,4.23472e-09,0.832977
19.3,0,4.19258e-09,0.832893
19.31,0,4.15086e-09,0.83281
19.32,0,4.10956e-09,0.832727
19.33,0,4.06867e-09,0.832644
19.34,0,4.02819e-09,0.83256
19.35,0,3.9881e-09,0.832477
19.36,0,3.94842e-09,0.832394
19.37,0,3.90914e-09,0.832311
19.38,0,3.87024e-09,0.832227
19.39,0,3.83173e-09,0.832144
19.4,0,3.7936e-09,0.832061
19.41,0,3.75586e-09,0.831978
19.42,0,3.71848e-09,0.831894
19.43,0,3.68148e-09,0.831811
19.44,0,3.64485e-09,0.831728
19.45,0,3.60859e-09,0.831645
19.46,0,3.57268e-09,0.831562
19.47,0,3.53713e-09,0.831479
19.48,0,3.50194e-09,0.831396
19.49,0,3.46709e-09,0.831312
19.5,0,3.43259e-09,0.831229
19.51,0,3.39844e-09,0.831146
19.52,0,3.36462e-09,0.831063
19.53,0,3.33115e-09,0.83098
19.54,0,3.298e-09,0.830897
19.55,0,3.26518e-09,0.830814
19.56,0,3.2327e-09,0.830731
19.57,0,3.20053e-09,0.830648
19.58,0,3.16868e-09,0.830565
19.59,0,3.13715e-09,0.830481
19.6,0,3.10594e-09,0.830398
19.61,0,3.07503e-09,0.830315
19.62,0,3.04444e-09,0.830232
19.63,0,3.01414e-09,0.830149
19.64,0,2.98415e-09,0.830066
19.65,0,2.95446e-09,0.829983
19.66,0,2.92506e-09,0.8299
19.67,0,2.89596e-09,0.829817
19.68,0,2.86714e-09,0.829734
19.69,0,2.83861e-09,0.829651
19.7,0,2.81037e-09,0.829568
19.71,0,2.78241e-09,0.829485
19.72,0,2.75472e-09,0.829403
19.73,0,2.72731e-09,0.82932
19.74,0,2.70017e-09,0.829237
19.75,0,2.67331e-09,0.829154
19.76,0,2.64671e-09,0.829071
19.77,0,2.62037e-09,0.828988
19.78,0,2.5943e-09,0.828905
19.79,0,2.56848e-09,0.828822
19.8,0,2.54293e-09,0.828739
19.81,0,2.51763e-09,0.828656
19.82,0,2.49257e-09,0.828574
19.83,0,2.46777e-09,0.828491
19.84,0,2.44322e-09,0.828408
19.85,0,2.41891e-09,0.828325
19.86,0,2.39484e-09,0.828242
19.87,0,2.37101e-09,0.828159
19.88,0,2.34742e-09,0.828077
19.89,0,2.32406e-09,0.827994
19.9,0,2.30094e-09,0.827911
19.91,0,2.27804e-09,0.827828
19.92,0,2.25537e-09,0.827745
19.93,0,2.23293e-09,0.827663
19.94,0,2.21072e-09,0.82758
19.95,0,2.18872e-09,0.827497
19.96,0,2.16694e-09,0.827414
19.97,0,2.14538e-09,0.827332
19.98,0,2.12403e-09,0.827249
19.99,0,2.1029e-09,0.827166
20,0,2.08197e-09,0.827083
20.01,0,2.06126e-09,0.827001
20.02,0,2.04075e-09,0.826918
20.03,0,2.02044e-09,0.826835
20.04,0,2.00034e-09,0.826753
20.05,0,1.98043e-09,0.82667
20.06,0,1.96073e-09,0.826587
20.07,0,1.94122e-09,0.826505
20.08,0,1.9219e-09,0.826422
20.09,0,1.90278e-09,0.826339
20.1,0,1.88385e-09,0.826257
20.11,0,1.8651e-09,0.826174
20.12,0,1.84654e-09,0.826092
20.13,0,1.82817e-09,0.826009
20.14,0,1.80998e-09,0.825926
20.15,0,1.79197e-09,0.825844
20.16,0,1.77414e-09,0.825761
20.17,0,1.75649e-09,0.825679
20.18,0,1.73901e-09,0.825596
20.19,0,1.72171e-09,0.825514
20.2,0,1.70458e-09,0.825431
20.21,0,1.68761e-09,0.825348
20.22,0,1.67082e-09,0.825266
20.23,0,1.6542e-09,0.825183
20.24,0,1.63774e-09,0.825101
20.25,0,1.62144e-09,0.825018
20.26,0,1.60531e-09,0.824936
20.27,0,1.58934e-09,0.824853
20.28,0,1.57352e-09,0.824771
20.29,0,1.55786e-09,0.824688
20.3,0,1.54236e-09,0.824606
20.31,0,1.52702e-09,0.824523
20.32,0,1.51182e-09,0.824441
20.33,0,1.49678e-09,0.824359
20.34,0,1.48189e-09,0.824276
20.35,0,1.46714e-09,0.824194
20.36,0,1.45254e-09,0.824111
20.37,0,1.43809e-09,0.824029
20.38,0,1.42378e-09,0.823947
20.39,0,1.40961e-09,0.823864
20.4,0,1.39559e-09,0.823782
20.41,0,1.3817e-09,0.823699
20.42,0,1.36795e-09,0.823617
20.43,0,1.35434e-09,0.823535
20.44,0,1.34087e-09,0.823452
20.45,0,1.32752e-09,0.82337
20.46,0,1.31432e-09,0.823288
20.47,0,1.30124e-09,0.823205
20.48,0,1.28829e-09,0.823123
20.49,0,1.27547e-09,0.823041
20.5,0,1.26278e-09,0.822958
20.51,0,1.25022e-09,0.822876
20.52,0,1.23778e-09,0.822794
20.53,0,1.22546e-09,0.822712
20.54,0,1.21327e-09,0.822629
20.55,0,1.20119e-09,0.822547
20.56,0,1.18924e-09,0.822465
20.57,0,1.17741e-09,0.822383
20.58,0,1.16569e-09,0.8223
20.59,0,1.15409e-09,0.822218
20.6,0,1.14261e-09,0.822136
20.61,0,1.13124e-09,0.822054
20.62,0,1.11999e-09,0.821971
20.63,0,1.10884e-09,0.821889
20.64,0,1.09781e-09,0.821807
20.65,0,1.08689e-09,0.821725
20.66,0,1.07607e-09,0.821643
20.67,0,1.06536e-09,0.821561
20.68,0,1.05476e-09,0.821478
20.69,0,1.04427e-09,0.821396
20.7,0,1.03388e-09,0.821314
20.71,0,1.02359e-09,0.821232
20.72,0,1.01341e-09,0.82115
20.73,0,1.00332e-09,0.821068
20.74,0,9.93338e-10,0.820986
20.75,0,9.83455e-10,0.820904
20.76,0,9.73669e-10,0.820821
20.77,0,9.63981e-10,0.820739
20.78,0,9.54389e-10,0.820657
20.79,0,9.44893e-10,0.820575
20.8,0,9.35491e-10,0.820493
20.81,0,9.26183e-10,0.820411
20.82,0,9.16967e-10,0.820329
20.83,0,9.07843e-10,0.820247
20.84,0,8.9881e-10,0.820165
20.85,0,8.89867e-10,0.820083
20.86,0,8.81012e-10,0.820001
20.87,0,8.72246e-10,0.819919
20.88,0,8.63567e-10,0.819837
20.89,0,8.54974e-10,0.819755
20.9,0,8.46467e-10,0.819673
20.91,0,8.38045e-10,0.819591
20.92,0,8.29706e-10,0.819509
20.93,0,8.2145e-10,0.819427
20.94,0,8.13277e-10,0.819345
20.95,0,8.05185e-10,0.819263
20.96,0,7.97173e-10,0.819181
20.97,0,7.89241e-10,0.8191
20.98,0,7.81388e-10,0.819018
20.99,0,7.73613e-10,0.818936
21,0,7.65915e-10,0.818854
21.01,0,7.58294e-10,0.818772
21.02,0,7.50749e-10,0.81869
21.03,0,7.43279e-10,0.818608
21.04,0,7.35883e-10,0.818526
21.05,0,7.28561e-10,0.818445
21.06,0,7.21312e-10,0.818363
21.07,0,7.14135e-10,0.818281
21.08,0,7.07029e-10,0.818199
21.09,0,6.99994e-10,0.818117
21.1,0,6.93029e-10,0.818035
21.11,0,6.86133e-10,0.817954
21.12,0,6.79306e-10,0.817872
21.13,0,6.72547e-10,0.81779
21.14,0,6.65855e-10,0.817708
21.15,0,6.59229e-10,0.817626
21.16,0,6.5267e-10,0.817545
21.17,0,6.46176e-10,0.817463
21.18,0,6.39746e-10,0.817381
21.19,0,6.33381e-10,0.8173
21.2,0,6.27078e-10,0.817218
21.21,0,6.20839e-10,0.817136
21.22,0,6.14661e-10,0.817054
21.23,0,6.08545e-10,0.816973
21.24,0,6.0249e-10,0.816891
21.25,0,5.96495e-10,0.816809
21.26,0,5.9056e-10,0.816728
21.27,0,5.84684e-10,0.816646
21.28,0,5.78866e-10,0.816564
21.29,0,5.73106e-10,0.816483
21.3,0,5.67404e-10,0.816401
21.31,0,5.61758e-10,0.816319
21.32,0,5.56169e-10,0.816238
21.33,0,5.50635e-10,0.816156
21.34,0,5.45156e-10,0.816074
21.35,0,5.39731e-10,0.815993
21.36,0,5.34361e-10,0.815911
21.37,0,5.29044e-10,0.81583
21.38,0,5.2378e-10,0.815748
21.39,0,5.18568e-10,0.815667
21.4,0,5.13408e-10,0.815585
21.41,0,5.083e-10,0.815503
21.42,0,5.03242e-10,0.815422
21.43,0,4.98235e-10,0.81534
21.44,0,4.93277e-10,0.815259
21.45,0,4.88369e-10,0.815177
21.46,0,4.8351e-10,0.815096
21.47,0,4.78699e-10,0.815014
21.48,0,4.73936e-10,0.814933
21.49,0,4.6922e-10,0.814851
21.5,0,4.64551e-10,0.81477
21.51,0,4.59929e-10,0.814688
21.52,0,4.55352e-10,0.814607
21.53,0,4.50821e-10,0.814525
21.54,0,4.46336e-10,0.814444
21.55,0,4.41895e-10,0.814363
21.56,0,4.37498e-10,0.814281
21.57,0,4.33145e-10,0.8142
21.58,0,4.28835e-10,0.814118
21.59,0,4.24568e-10,0.814037
21.6,0,4.20343e-10,0.813955
21.61,0,4.16161e-10,0.813874
21.62,0,4.1202e-10,0.813793
21.63,0,4.0792e-10,0.813711
21.64,0,4.03861e-10,0.81363
21.65,0,3.99843e-10,0.813549
21.66,0,3.95864e-10,0.813467
21.67,0,3.91925e-10,0.813386
21.68,0,3.88026e-10,0.813305
21.69,0,3.84165e-10,0.813223
21.7,0,3.80342e-10,0.813142
21.71,0,3.76558e-10,0.813061
21.72,0,3.72811e-10,0.812979
21.73,0,3.69101e-10,0.812898
21.74,0,3.65429e-10,0.812817
21.75,0,3.61793e-10,0.812735
21.76,0,3.58193e-10,0.812654
21.77,0,3.54629e-10,0.812573
21.78,0,3.511e-10,0.812492
21.79,0,3.47607e-10,0.81241
21.8,0,3.44148e-10,0.812329
21.81,0,3.40724e-10,0.812248
21.82,0,3.37333e-10,0.812167
21.83,0,3.33977e-10,0.812085
21.84,0,3.30654e-10,0.812004
21.85,0,3.27364e-10,0.811923
21.86,0,3.24106e-10,0.811842
21.87,0,3.20881e-10,0.811761
21.88,0,3.17689e-10,0.81168
21.89,0,3.14527e-10,0.811598
21.9,0,3.11398e-10,0.811517
21.91,0,3.08299e-10,0.811436
21.92,0,3.05232e-10,0.811355
21.93,0,3.02195e-10,0.811274
21.94,0,2.99188e-10,0.811193
21.95,0,2.96211e-10,0.811112
21.96,0,2.93263e-10,0.81103
21.97,0,2.90345e-10,0.810949
21.98,0,2.87456e-10,0.810868
21.99,0,2.84596e-10,0.810787
22,0,2.81764e-10,0.810706
22.01,0,2.78961e-10,0.810625
22.02,0,2.76185e-10,0.810544
22.03,0,2.73437e-10,0.810463
22.04,0,2.70716e-10,0.810382
22.05,0,2.68023e-10,0.810301
22.06,0,2.65356e-10,0.81022
22.07,0,2.62715e-10,0.810139
22.08,0,2.60101e-10,0.810058
22.09,0,2.57513e-10,0.809977
22.1,0,2.54951e-10,0.809896
22.11,0,2.52414e-10,0.809815
22.12,0,2.49903e-10,0.809734
22.13,0,2.47416e-10,0.809653
22.14,0,2.44954e-10,0.809572
22.15,0,2.42517e-10,0.809491
22.16,0,2.40104e-10,0.80941
22.17,0,2.37715e-10,0.809329
22.18,0,2.35349e-10,0.809248
22.19,0,2.33008e-10,0.809167
22.2,0,2.30689e-10,0.809086
22.21,0,2.28394e-10,0.809005
22.22,0,2.26121e-10,0.808925
22.23,0,2.23871e-10,0.808844
22.24,0,2.21644e-10,0.808763
22.25,0,2.19438e-10,0.808682
22.26,0,2.17255e-10,0.808601
22.27,0,2.15093e-10,0.80852
22.28,0,2.12953e-10,0.808439
22.29,0,2.10834e-10,0.808358
22.3,0,2.08736e-10,0.808278
22.31,0,2.06659e-10,0.808197
22.32,0,2.04603e-10,0.808116
22.33,0,2.02567e-10,0.808035
22.34,0,2.00552e-10,0.807954
22.35,0,1.98556e-10,0.807874
22.36,0,1.9658e-10,0.807793
22.37,0,1.94624e-10,0.807712
22.38,0,1.92688e-10,0.807631
22.39,0,1.90771e-10,0.807551
22.4,0,1.88872e-10,0.80747
22.41,0,1.86993e-10,0.807389
22.42,0,1.85132e-10,0.807308
22.43,0,1.8329e-10,0.807228
22.44,0,1.81467e-10,0.807147
22.45,0,1.79661e-10,0.807066
22.46,0,1.77873e-10,0.806985
22.47,0,1.76103e-10,0.806905
22.48,0,1.74351e-10,0.806824
22.49,0,1.72616e-10,0.806743
22.5,0,1.70899e-10,0.806663
22.51,0,1.69198e-10,0.806582
22.52,0,1.67515e-10,0.806501
22.53,0,1.65848e-10,0.806421
22.54,0,1.64198e-10,0.80634
22.55,0,1.62564e-10,0.806259
22.56,0,1.60946e-10,0.806179
22.57,0,1.59345e-10,0.806098
22.58,0,1.57759e-10,0.806018
22.59,0,1.5619e-10,0.805937
22.6,0,1.54636e-10,0.805856
22.61,0,1.53097e-10,0.805776
22.62,0,1.51574e-10,0.805695
22.63,0,1.50065e-10,0.805615
22.64,0,1.48572e-10,0.805534
22.65,0,1.47094e-10,0.805454
22.66,0,1.4563e-10,0.805373
22.67,0,1.44181e-10,0.805293
22.68,0,1.42747e-10,0.805212
22.69,0,1.41326e-10,0.805132
22.7,0,1.3992e-10,0.805051
22.71,0,1.38528e-10,0.80497
22.72,0,1.37149e-10,0.80489
22.73,0,1.35785e-10,0.80481
22.74,0,1.34434e-10,0.804729
22.75,0,1.33096e-10,0.804649
22.76,0,1.31772e-10,0.804568
22.77,0,1.30461e-10,0.804488
22.78,0,1.29163e-10,0.804407
22.79,0,1.27877e-10,0.804327
22.8,0,1.26605e-10,0.804246
22.81,0,1.25345e-10,0.804166
22.82,0,1.24098e-10,0.804086
22.83,0,1.22863e-10,0.804005
22.84,0,1.21641e-10,0.803925
22.85,0,1.2043e-10,0.803844
22.86,0,1.19232e-10,0.803764
22.87,0,1.18046e-10,0.803684
22.88,0,1.16871e-10,0.803603
22.89,0,1.15708e-10,0.803523
22.9,0,1.14557e-10,0.803442
22.91,0,1.13417e-10,0.803362
22.92,0,1.12288e-10,0.803282
22.93,0,1.11171e-10,0.803202
22.94,0,1.10065e-10,0.803121
22.95,0,1.0897e-10,0.803041
22.96,0,1.07886e-10,0.802961
22.97,0,1.06812e-10,0.80288
22.98,0,1.05749e-10,0.8028
22.99,0,1.04697e-10,0.80272
23,0,1.03655e-10,0.802639
23.01,0,1.02624e-10,0.802559
23.02,0,1.01603e-10,0.802479
23.03,0,1.00592e-10,0.802399
23.04,0,9.9591e-11,0.802318
23.05,0,9.86e-11,0.802238
23.06,0,9.76189e-11,0.802158
23.07,0,9.66476e-11,0.802078
23.08,0,9.56859e-11,0.801998
23.09,0,9.47339e-11,0.801917
23.1,0,9.37912e-11,0.801837
23.11,0,9.2858e-11,0.801757
23.12,0,9.1934e-11,0.801677
23.13,0,9.10193e-11,0.801597
23.14,0,9.01136e-11,0.801517
23.15,0,8.9217e-11,0.801436
23.16,0,8.83293e-11,0.801356
23.17,0,8.74504e-11,0.801276
23.18,0,8.65802e-11,0.801196
23.19,0,8.57187e-11,0.801116
23.2,0,8.48658e-11,0.801036
23.21,0,8.40214e-11,0.800956
23.22,0,8.31854e-11,0.800876
23.23,0,8.23577e-11,0.800796
23.24,0,8.15382e-11,0.800715
23.25,0,8.07269e-11,0.800635
23.26,0,7.99236e-11,0.800555
23.27,0,7.91284e-11,0.800475
23.28,0,7.8341e-11,0.800395
23.29,0,7.75615e-11,0.800315
23.3,0,7.67898e-11,0.800235
23.31,0,7.60257e-11,0.800155
23.32,0,7.52692e-11,0.800075
23.33,0,7.45203e-11,0.799995
23.34,0,7.37788e-11,0.799915
23.35,0,7.30447e-11,0.799835
23.36,0,7.23179e-11,0.799755
23.37,0,7.15983e-11,0.799675
23.38,0,7.08859e-11,0.799595
23.39,0,7.01806e-11,0.799515
23.4,0,6.94823e-11,0.799435
23.41,0,6.87909e-11,0.799355
23.42,0,6.81064e-11,0.799275
23.43,0,6.74287e-11,0.799196
23.44,0,6.67578e-11,0.799116
23.45,0,6.60936e-11,0.799036
23.46,0,6.54359e-11,0.798956
23.47,0,6.47848e-11,0.798876
23.48,0,6.41402e-11,0.798796
23.49,0,6.3502e-11,0.798716
23.5,0,6.28701e-11,0.798636
23.51,0,6.22446e-11,0.798556
23.52,0,6.16252e-11,0.798477
23.53,0,6.10121e-11,0.798397
23.54,0,6.0405e-11,0.798317
23.55,0,5.98039e-11,0.798237
23.56,0,5.92089e-11,0.798157
23.57,0,5.86197e-11,0.798077
23.58,0,5.80365e-11,0.797998
23.59,0,5.7459e-11,0.797918
23.6,0,5.68873e-11,0.797838
23.61,0,5.63212e-11,0.797758
23.62,0,5.57608e-11,0.797678
23.63,0,5.5206e-11,0.797599
23.64,0,5.46567e-11,0.797519
23.65,0,5.41128e-11,0.797439
23.66,0,5.35744e-11,0.797359
23.67,0,5.30413e-11,0.79728
23.68,0,5.25136e-11,0.7972
23.69,0,5.1991e-11,0.79712
23.7,0,5.14737e-11,0.797041
23.71,0,5.09616e-11,0.796961
23.72,0,5.04545e-11,0.796881
23.73,0,4.99524e-11,0.796802
23.74,0,4.94554e-11,0.796722
23.75,0,4.89633e-11,0.796642
23.76,0,4.84761e-11,0.796563
23.77,0,4.79938e-11,0.796483
23.78,0,4.75162e-11,0.796403
23.79,0,4.70434e-11,0.796324
23.8,0,4.65754e-11,0.796244
23.81,0,4.61119e-11,0.796164
23.82,0,4.56531e-11,0.796085
23.83,0,4.51988e-11,0.796005
23.84,0,4.47491e-11,0.795926
23.85,0,4.43038e-11,0.795846
23.86,0,4.3863e-11,0.795766
23.87,0,4.34266e-11,0.795687
23.88,0,4.29945e-11,0.795607
23.89,0,4.25667e-11,0.795528
23.9,0,4.21431e-11,0.795448
23.91,0,4.17238e-11,0.795369
23.92,0,4.13086e-11,0.795289
23.93,0,4.08976e-11,0.79521
23.94,0,4.04907e-11,0.79513
23.95,0,4.00878e-11,0.79505
23.96,0,3.96889e-11,0.794971
23.97,0,3.9294e-11,0.794891
23.98,0,3.8903e-11,0.794812
23.99,0,3.85159e-11,0.794733
24,0,3.81327e-11,0.794653
24.01,0,3.77532e-11,0.794574
24.02,0,3.73776e-11,0.794494
24.03,0,3.70057e-11,0.794415
24.04,0,3.66375e-11,0.794335
24.05,0,3.62729e-11,0.794256
24.06,0,3.5912e-11,0.794176
24.07,0,3.55547e-11,0.794097
24.08,0,3.52009e-11,0.794018
24.09,0,3.48506e-11,0.793938
24.1,0,3.45039e-11,0.793859
24.11,0,3.41605e-11,0.793779
24.12,0,3.38206e-11,0.7937
24.13,0,3.34841e-11,0.793621
24.14,0,3.3151e-11,0.793541
24.15,0,3.28211e-11,0.793462
24.16,0,3.24945e-11,0.793383
24.17,0,3.21712e-11,0.793303
24.18,0,3.18511e-11,0.793224
24.19,0,3.15342e-11,0.793145
24.2,0,3.12204e-11,0.793065
24.21,0,3.09097e-11,0.792986
24.22,0,3.06022e-11,0.792907
24.23,0,3.02977e-11,0.792827
24.24,0,2.99962e-11,0.792748
24.25,0,2.96978e-11,0.792669
24.26,0,2.94023e-11,0.79259
24.27,0,2.91097e-11,0.79251
24.28,0,2.88201e-11,0.792431
24.29,0,2.85333e-11,0.792352
24.3,0,2.82494e-11,0.792273
24.31,0,2.79683e-11,0.792193
24.32,0,2.769e-11,0.792114
24.33,0,2.74145e-11,0.792035
24.34,0,2.71417e-11,0.791956
24.35,0,2.68716e-11,0.791877
24.36,0,2.66043e-11,0.791797
24.37,0,2.63395e-11,0.791718
24.38,0,2.60775e-11,0.791639
24.39,0,2.5818e-11,0.79156
24.4,0,2.55611e-11,0.791481
24.41,0,2.53068e-11,0.791402
24.42,0,2.5055e-11,0.791323
24.43,0,2.48057e-11,0.791243
24.44,0,2.45588e-11,0.791164
24.45,0,2.43145e-11,0.791085
24.46,0,2.40725e-11,0.791006
24.47,0,2.3833e-11,0.790927
24.48,0,2.35959e-11,0.790848
24.49,0,2.33611e-11,0.790769
24.5,0,2.31286e-11,0.79069
24.51,0,2.28985e-11,0.790611
24.52,0,2.26707e-11,0.790532
24.53,0,2.24451e-11,0.790453
24.54,0,2.22217e-11,0.790374
24.55,0,2.20006e-11,0.790294
24.56,0,2.17817e-11,0.790215
24.57,0,2.1565e-11,0.790136
24.58,0,2.13504e-11,0.790057
24.59,0,2.1138e-11,0.789978
24.6,0,2.09277e-11,0.789899
24.61,0,2.07194e-11,0.78982
24.62,0,2.05133e-11,0.789741
24.63,0,2.03091e-11,0.789662
24.64,0,2.01071e-11,0.789584
24.65,0,1.9907e-11,0.789505
24.66,0,1.97089e-11,0.789426
24.67,0,1.95128e-11,0.789347
24.68,0,1.93187e-11,0.789268
24.69,0,1.91264e-11,0.789189
24.7,0,1.89361e-11,0.78911
24.71,0,1.87477e-11,0.789031
24.72,0,1.85612e-11,0.788952
24.73,0,1.83765e-11,0.788873
24.74,0,1.81936e-11,0.788794
24.75,0,1.80126e-11,0.788715
24.76,0,1.78334e-11,0.788637
24.77,0,1.76559e-11,0.788558
24.78,0,1.74802e-11,0.788479
24.79,0,1.73063e-11,0.7884
24.8,0,1.71341e-11,0.788321
24.81,0,1.69636e-11,0.788242
24.82,0,1.67948e-11,0.788164
24.83,0,1.66277e-11,0.788085
24.84,0,1.64623e-11,0.788006
24.85,0,1.62985e-11,0.787927
24.86,0,1.61363e-11,0.787848
24.87,0,1.59757e-11,0.78777
24.88,0,1.58168e-11,0.787691
24.89,0,1.56594e-11,0.787612
24.9,0,1.55036e-11,0.787533
24.91,0,1.53493e-11,0.787455
24.92,0,1.51966e-11,0.787376
24.93,0,1.50454e-11,0.787297
24.94,0,1.48957e-11,0.787218
24.95,0,1.47475e-11,0.78714
24.96,0,1.46007e-11,0.787061
24.97,0,1.44554e-11,0.786982
24.98,0,1.43116e-11,0.786903
24.99,0,1.41692e-11,0.786825
25,0,1.40282e-11,0.786746
25.01,0,1.38886e-11,0.786667
25.02,0,1.37504e-11,0.786589
25.03,0,1.36136e-11,0.78651
25.04,0,1.34782e-11,0.786431
25.05,0,1.33441e-11,0.786353
25.06,0,1.32113e-11,0.786274
25.07,0,1.30798e-11,0.786196
25.08,0,1.29497e-11,0.786117
25.09,0,1.28208e-11,0.786038
25.1,0,1.26933e-11,0.78596
25.11,0,1.2567e-11,0.785881
25.12,0,1.24419e-11,0.785803
25.13,0,1.23181e-11,0.785724
25.14,0,1.21956e-11,0.785645
25.15,0,1.20742e-11,0.785567
25.16,0,1.19541e-11,0.785488
25.17,0,1.18351e-11,0.78541
25.18,0,1.17174e-11,0.785331
25.19,0,1.16008e-11,0.785253
25.2,0,1.14853e-11,0.785174
25.21,0,1.13711e-11,0.785096
25.22,0,1.12579e-11,0.785017
25.23,0,1.11459e-11,0.784939
25.24,0,1.1035e-11,0.78486
25.25,0,1.09252e-11,0.784782
25.26,0,1.08165e-11,0.784703
25.27,0,1.07089e-11,0.784625
25.28,0,1.06023e-11,0.784546
25.29,0,1.04968e-11,0.784468
25.3,0,1.03924e-11,0.784389
25.31,0,1.0289e-11,0.784311
25.32,0,1.01866e-11,0.784233
25.33,0,1.00852e-11,0.784154
25.34,0,9.98488e-12,0.784076
25.35,0,9.88552e-12,0.783997
25.36,0,9.78716e-12,0.783919
25.37,0,9.68978e-12,0.783841
25.38,0,9.59336e-12,0.783762
25.39,0,9.49791e-12,0.783684
25.4,0,9.4034e-12,0.783605
25.41,0,9.30984e-12,0.783527
25.42,0,9.2172e-12,0.783449
25.43,0,9.12549e-12,0.78337
25.44,0,9.03469e-12,0.783292
25.45,0,8.94479e-12,0.783214
25.46,0,8.85579e-12,0.783135
25.47,0,8.76767e-12,0.783057
25.48,0,8.68043e-12,0.782979
25.49,0,8.59406e-12,0.782901
25.5,0,8.50855e-12,0.782822
25.51,0,8.42389e-12,0.782744
25.52,0,8.34007e-12,0.782666
25.53,0,8.25708e-12,0.782587
25.54,0,8.17492e-12,0.782509
25.55,0,8.09358e-12,0.782431
25.56,0,8.01305e-12,0.782353
25.57,0,7.93332e-12,0.782274
25.58,0,7.85438e-12,0.782196
25.59,0,7.77623e-12,0.782118
25.6,0,7.69885e-12,0.78204
25.61,0,7.62225e-12,0.781962
25.62,0,7.54641e-12,0.781883
25.63,0,7.47132e-12,0.781805
25.64,0,7.39698e-12,0.781727
25.65,0,7.32338e-12,0.781649
25.66,0,7.25051e-12,0.781571
25.67,0,7.17836e-12,0.781493
25.68,0,7.10694e-12,0.781414
25.69,0,7.03622e-12,0.781336
25.7,0,6.96621e-12,0.781258
25.71,0,6.8969e-12,0.78118
25.72,0,6.82827e-12,0.781102
25.73,0,6.76033e-12,0.781024
25.74,0,6.69306e-12,0.780946
25.75,0,6.62646e-12,0.780868
25.76,0,6.56053e-12,0.78079
25.77,0,6.49525e-12,0.780711
25.78,0,6.43062e-12,0.780633
25.79,0,6.36664e-12,0.780555
25.8,0,6.30329e-12,0.780477
25.81,0,6.24057e-12,0.780399
25.82,0,6.17847e-12,0.780321
25.83,0,6.117e-12,0.780243
25.84,0,6.05613e-12,0.780165
25.85,0,5.99587e-12,0.780087
25.86,0,5.93621e-12,0.780009
25.87,0,5.87715e-12,0.779931
25.88,0,5.81867e-12,0.779853
25.89,0,5.76077e-12,0.779775
25.9,0,5.70345e-12,0.779697
25.91,0,5.6467e-12,0.779619
25.92,0,5.59052e-12,0.779541
25.93,0,5.53489e-12,0.779463
25.94,0,5.47982e-12,0.779385
25.95,0,5.42529e-12,0.779307
25.96,0,5.37131e-12,0.77923
25.97,0,5.31786e-12,0.779152
25.98,0,5.26495e-12,0.779074
25.99,0,5.21256e-12,0.778996
26,0,5.1607e-12,0.778918
26.01,0,5.10935e-12,0.77884
26.02,0,5.05851e-12,0.778762
26.03,0,5.00817e-12,0.778684
26.04,0,4.95834e-12,0.778606
26.05,0,4.90901e-12,0.778529
26.06,0,4.86016e-12,0.778451
26.07,0,4.8118e-12,0.778373
26.08,0,4.76392e-12,0.778295
26.09,0,4.71652e-12,0.778217
26.1,0,4.66959e-12,0.778139
26.11,0,4.62313e-12,0.778062
26.12,0,4.57713e-12,0.777984
26.13,0,4.53158e-12,0.777906
26.14,0,4.48649e-12,0.777828
26.15,0,4.44185e-12,0.77775
26.16,0,4.39766e-12,0.777673
26.17,0,4.3539e-12,0.777595
26.18,0,4.31058e-12,0.777517
26.19,0,4.26768e-12,0.777439
26.2,0,4.22522e-12,0.777362
26.21,0,4.18318e-12,0.777284
26.22,0,4.14156e-12,0.777206
26.23,0,4.10035e-12,0.777128
26.24,0,4.05955e-12,0.777051
26.25,0,4.01915e-12,0.776973
26.26,0,3.97916e-12,0.776895
26.27,0,3.93957e-12,0.776818
26.28,0,3.90037e-12,0.77674
26.29,0,3.86156e-12,0.776662
26.3,0,3.82314e-12,0.776585
26.31,0,3.7851e-12,0.776507
26.32,0,3.74743e-12,0.776429
26.33,0,3.71015e-12,0.776352
26.34,0,3.67323e-12,0.776274
26.35,0,3.63668e-12,0.776196
26.36,0,3.6005e-12,0.776119
26.37,0,3.56467e-12,0.776041
26.38,0,3.5292e-12,0.775964
26.39,0,3.49408e-12,0.775886
26.4,0,3.45932e-12,0.775808
26.41,0,3.4249e-12,0.775731
26.42,0,3.39082e-12,0.775653
26.43,0,3.35708e-12,0.775576
26.44,0,3.32368e-12,0.775498
26.45,0,3.29061e-12,0.775421
26.46,0,3.25786e-12,0.775343
26.47,0,3.22545e-12,0.775266
26.48,0,3.19335e-12,0.775188
26.49,0,3.16158e-12,0.775111
26.5,0,3.13012e-12,0.775033
26.51,0,3.09898e-12,0.774956
26.52,0,3.06814e-12,0.774878
26.53,0,3.03761e-12,0.774801
26.54,0,3.00739e-12,0.774723
26.55,0,2.97746e-12,0.774646
26.56,0,2.94784e-12,0.774568
26.57,0,2.9185e-12,0.774491
26.58,0,2.88947e-12,0.774413
26.59,0,2.86071e-12,0.774336
26.6,0,2.83225e-12,0.774258
26.61,0,2.80407e-12,0.774181
26.62,0,2.77617e-12,0.774104
26.63,0,2.74854e-12,0.774026
26.64,0,2.7212e-12,0.773949
26.65,0,2.69412e-12,0.773871
26.66,0,2.66731e-12,0.773794
26.67,0,2.64077e-12,0.773717
26.68,0,2.6145e-12,0.773639
26.69,0,2.58848e-12,0.773562
26.7,0,2.56273e-12,0.773484
26.71,0,2.53723e-12,0.773407
26.72,0,2.51198e-12,0.77333
26.73,0,2.48699e-12,0.773252
26.74,0,2.46224e-12,0.773175
26.75,0,2.43774e-12,0.773098
26.76,0,2.41348e-12,0.773021
26.77,0,2.38947e-12,0.772943
26.78,0,2.36569e-12,0.772866
26.79,0,2.34216e-12,0.772789
26.8,0,2.31885e-12,0.772711
26.81,0,2.29578e-12,0.772634
26.82,0,2.27293e-12,0.772557
26.83,0,2.25032e-12,0.77248
26.84,0,2.22793e-12,0.772402
26.85,0,2.20576e-12,0.772325
26.86,0,2.18381e-12,0.772248
26.87,0,2.16208e-12,0.772171
26.88,0,2.14057e-12,0.772093
26.89,0,2.11927e-12,0.772016
26.9,0,2.09818e-12,0.771939
26.91,0,2.07731e-12,0.771862
26.92,0,2.05664e-12,0.771785
26.93,0,2.03617e-12,0.771708
26.94,0,2.01591e-12,0.77163
26.95,0,1.99585e-12,0.771553
26.96,0,1.97599e-12,0.771476
26.97,0,1.95633e-12,0.771399
26.98,0,1.93687e-12,0.771322
26.99,0,1.91759e-12,0.771245
27,0,1.89851e-12,0.771168
27.01,0,1.87962e-12,0.77109
27.02,0,1.86092e-12,0.771013
27.03,0,1.8424e-12,0.770936
27.04,0,1.82407e-12,0.770859
27.05,0,1.80592e-12,0.770782
27.06,0,1.78795e-12,0.770705
27.07,0,1.77016e-12,0.770628
27.08,0,1.75255e-12,0.770551
27.09,0,1.73511e-12,0.770474
27.1,0,1.71785e-12,0.770397
27.11,0,1.70075e-12,0.77032
27.12,0,1.68383e-12,0.770243
27.13,0,1.66708e-12,0.770166
27.14,0,1.65049e-12,0.770089
27.15,0,1.63407e-12,0.770012
27.16,0,1.61781e-12,0.769935
27.17,0,1.60171e-12,0.769858
27.18,0,1.58577e-12,0.769781
27.19,0,1.56999e-12,0.769704
27.2,0,1.55437e-12,0.769627
27.21,0,1.53891e-12,0.76955
27.22,0,1.52359e-12,0.769473
27.23,0,1.50843e-12,0.769396
27.24,0,1.49342e-12,0.769319
27.25,0,1.47856e-12,0.769242
27.26,0,1.46385e-12,0.769165
27.27,0,1.44929e-12,0.769088
27.28,0,1.43487e-12,0.769011
27.29,0,1.42059e-12,0.768934
27.3,0,1.40645e-12,0.768857
27.31,0,1.39246e-12,0.768781
27.32,0,1.3786e-12,0.768704
27.33,0,1.36489e-12,0.768627
27.34,0,1.35131e-12,0.76855
27.35,0,1.33786e-12,0.768473
27.36,0,1.32455e-12,0.768396
27.37,0,1.31137e-12,0.768319
27.38,0,1.29832e-12,0.768243
27.39,0,1.2854e-12,0.768166
27.4,0,1.27261e-12,0.768089
27.41,0,1.25995e-12,0.768012
27.42,0,1.24741e-12,0.767935
27.43,0,1.235e-12,0.767859
27.44,0,1.22271e-12,0.767782
27.45,0,1.21055e-12,0.767705
27.46,0,1.1985e-12,0.767628
27.47,0,1.18658e-12,0.767552
27.48,0,1.17477e-12,0.767475
27.49,0,1.16308e-12,0.767398
27.5,0,1.15151e-12,0.767321
27.51,0,1.14005e-12,0.767245
27.52,0,1.12871e-12,0.767168
27.53,0,1.11747e-12,0.767091
27.54,0,1.10636e-12,0.767014
27.55,0,1.09535e-12,0.766938
27.56,0,1.08445e-12,0.766861
27.57,0,1.07366e-12,0.766784
27.58,0,1.06297e-12,0.766708
27.59,0,1.0524e-12,0.766631
27.6,0,1.04193e-12,0.766554
27.61,0,1.03156e-12,0.766478
27.62,0,1.0213e-12,0.766401
27.63,0,1.01113e-12,0.766324
27.64,0,1.00107e-12,0.766248
27.65,0,9.91111e-13,0.766171
27.66,0,9.81249e-13,0.766095
27.67,0,9.71486e-13,0.766018
27.68,0,9.61819e-13,0.765941
27.69,0,9.52249e-13,0.765865
27.7,0,9.42774e-13,0.765788
27.71,0,9.33393e-13,0.765712
27.72,0,9.24106e-13,0.765635
27.73,0,9.14911e-13,0.765558
27.74,0,9.05807e-13,0.765482
27.75,0,8.96794e-13,0.765405
27.76,0,8.87871e-13,0.765329
27.77,0,8.79037e-13,0.765252
27.78,0,8.7029e-13,0.765176
27.79,0,8.61631e-13,0.765099
27.8,0,8.53057e-13,0.765023
27.81,0,8.44569e-13,0.764946
27.82,0,8.36166e-13,0.76487
27.83,0,8.27846e-13,0.764793
27.84,0,8.19608e-13,0.764717
27.85,0,8.11453e-13,0.76464
27.86,0,8.03379e-13,0.764564
27.87,0,7.95385e-13,0.764487
27.88,0,7.87471e-13,0.764411
27.89,0,7.79636e-13,0.764335
27.9,0,7.71878e-13,0.764258
27.91,0,7.64198e-13,0.764182
27.92,0,7.56594e-13,0.764105
27.93,0,7.49066e-13,0.764029
27.94,0,7.41612e-13,0.763953
27.95,0,7.34233e-13,0.763876
27.96,0,7.26927e-13,0.7638
27.97,0,7.19694e-13,0.763723
27.98,0,7.12533e-13,0.763647
27.99,0,7.05444e-13,0.763571
28,0,6.98424e-13,0.763494
28.01,0,6.91475e-13,0.763418
28.02,0,6.84595e-13,0.763342
28.03,0,6.77783e-13,0.763265
28.04,0,6.71039e-13,0.763189
28.05,0,6.64362e-13,0.763113
28.06,0,6.57751e-13,0.763036
28.07,0,6.51206e-13,0.76296
28.08,0,6.44727e-13,0.762884
28.09,0,6.38312e-13,0.762807
28.1,0,6.3196e-13,0.762731
28.11,0,6.25672e-13,0.762655
28.12,0,6.19447e-13,0.762579
28.13,0,6.13283e-13,0.762502
28.14,0,6.07181e-13,0.762426
28.15,0,6.01139e-13,0.76235
28.16,0,5.95158e-13,0.762274
28.17,0,5.89236e-13,0.762197
28.18,0,5.83373e-13,0.762121
28.19,0,5.77568e-13,0.762045
28.2,0,5.71821e-13,0.761969
28.21,0,5.66132e-13,0.761893
28.22,0,5.60499e-13,0.761816
28.23,0,5.54922e-13,0.76174
28.24,0,5.494e-13,0.761664
28.25,0,5.43933e-13,0.761588
28.26,0,5.38521e-13,0.761512
28.27,0,5.33163e-13,0.761436
28.28,0,5.27858e-13,0.761359
28.29,0,5.22605e-13,0.761283
28.3,0,5.17405e-13,0.761207
28.31,0,5.12257e-13,0.761131
28.32,0,5.0716e-13,0.761055
28.33,0,5.02114e-13,0.760979
28.34,0,4.97118e-13,0.760903
28.35,0,4.92171e-13,0.760827
28.36,0,4.87274e-13,0.760751
28.37,0,4.82426e-13,0.760675
28.38,0,4.77625e-13,0.760598
28.39,0,4.72873e-13,0.760522
28.4,0,4.68168e-13,0.760446
28.41,0,4.63509e-13,0.76037
28.42,0,4.58897e-13,0.760294
28.43,0,4.54331e-13,0.760218
28.44,0,4.49811e-13,0.760142
28.45,0,4.45335e-13,0.760066
28.46,0,4.40904e-13,0.75999
28.47,0,4.36517e-13,0.759914
28.48,0,4.32173e-13,0.759838
28.49,0,4.27873e-13,0.759762
28.5,0,4.23616e-13,0.759686
28.51,0,4.19401e-13,0.75961
28.52,0,4.15228e-13,0.759534
28.53,0,4.11096e-13,0.759458
28.54,0,4.07006e-13,0.759383
28.55,0,4.02956e-13,0.759307
28.56,0,3.98946e-13,0.759231
28.57,0,3.94977e-13,0.759155
28.58,0,3.91047e-13,0.759079
28.59,0,3.87156e-13,0.759003
28.6,0,3.83303e-13,0.758927
28.61,0,3.79489e-13,0.758851
28.62,0,3.75713e-13,0.758775
28.63,0,3.71975e-13,0.758699
28.64,0,3.68274e-13,0.758624
28.65,0,3.64609e-13,0.758548
28.66,0,3.60982e-13,0.758472
28.67,0,3.5739e-13,0.758396
28.68,0,3.53834e-13,0.75832
28.69,0,3.50313e-13,0.758244
28.7,0,3.46827e-13,0.758168
28.71,0,3.43376e-13,0.758093
28.72,0,3.3996e-13,0.758017
28.73,0,3.36577e-13,0.757941
28.74,0,3.33228e-13,0.757865
28.75,0,3.29912e-13,0.757789
28.76,0,3.2663e-13,0.757714
28.77,0,3.2338e-13,0.757638
28.78,0,3.20162e-13,0.757562
28.79,0,3.16976e-13,0.757486
28.8,0,3.13822e-13,0.757411
28.81,0,3.107e-13,0.757335
28.82,0,3.07608e-13,0.757259
28.83,0,3.04547e-13,0.757183
28.84,0,3.01517e-13,0.757108
28.85,0,2.98517e-13,0.757032
28.86,0,2.95547e-13,0.756956
28.87,0,2.92606e-13,0.756881
28.88,0,2.89694e-13,0.756805
28.89,0,2.86812e-13,0.756729
28.9,0,2.83958e-13,0.756654
28.91,0,2.81133e-13,0.756578
28.92,0,2.78335e-13,0.756502
28.93,0,2.75566e-13,0.756427
28.94,0,2.72824e-13,0.756351
28.95,0,2.70109e-13,0.756275
28.96,0,2.67422e-13,0.7562
28.97,0,2.64761e-13,0.756124
28.98,0,2.62126e-13,0.756049
28.99,0,2.59518e-13,0.755973
29,0,2.56936e-13,0.755897
29.01,0,2.54379e-13,0.755822
29.02,0,2.51848e-13,0.755746
29.03,0,2.49342e-13,0.755671
29.04,0,2.46861e-13,0.755595
29.05,0,2.44405e-13,0.75552
29.06,0,2.41973e-13,0.755444
29.07,0,2.39565e-13,0.755368
29.08,0,2.37182e-13,0.755293
29.09,0,2.34822e-13,0.755217
29.1,0,2.32485e-13,0.755142
29.11,0,2.30172e-13,0.755066
29.12,0,2.27882e-13,0.754991
29.13,0,2.25614e-13,0.754915
29.14,0,2.23369e-13,0.75484
29.15,0,2.21147e-13,0.754764
29.16,0,2.18946e-13,0.754689
29.17,0,2.16768e-13,0.754613
29.18,0,2.14611e-13,0.754538
29.19,0,2.12476e-13,0.754463
29.2,0,2.10361e-13,0.754387
29.21,0,2.08268e-13,0.754312
29.22,0,2.06196e-13,0.754236
29.23,0,2.04144e-13,0.754161
29.24,0,2.02113e-13,0.754085
29.25,0,2.00102e-13,0.75401
29.26,0,1.98111e-13,0.753935
29.27,0,1.9614e-13,0.753859
29.28,0,1.94188e-13,0.753784
29.29,0,1.92256e-13,0.753708
29.3,0,1.90343e-13,0.753633
29.31,0,1.88449e-13,0.753558
29.32,0,1.86574e-13,0.753482
29.33,0,1.84717e-13,0.753407
29.34,0,1.82879e-13,0.753332
29.35,0,1.8106e-13,0.753256
29.36,0,1.79258e-13,0.753181
29.37,0,1.77474e-13,0.753106
29.38,0,1.75709e-13,0.75303
29.39,0,1.7396e-13,0.752955
29.4,0,1.72229e-13,0.75288
29.41,0,1.70516e-13,0.752805
29.42,0,1.68819e-13,0.752729
29.43,0,1.67139e-13,0.752654
29.44,0,1.65476e-13,0.752579
29.45,0,1.6383e-13,0.752503
29.46,0,1.62199e-13,0.752428
29.47,0,1.60586e-13,0.752353
29.48,0,1.58988e-13,0.752278
29.49,0,1.57406e-13,0.752203
29.5,0,1.5584e-13,0.752127
29.51,0,1.54289e-13,0.752052
29.52,0,1.52754e-13,0.751977
29.53,0,1.51234e-13,0.751902
29.54,0,1.49729e-13,0.751827
29.55,0,1.48239e-13,0.751751
29.56,0,1.46764e-13,0.751676
29.57,0,1.45304e-13,0.751601
29.58,0,1.43858e-13,0.751526
29.59,0,1.42427e-13,0.751451
29.6,0,1.41009e-13,0.751376
29.61,0,1.39606e-13,0.7513
29.62,0,1.38217e-13,0.751225
29.63,0,1.36842e-13,0.75115
29.64,0,1.3548e-13,0.751075
29.65,0,1.34132e-13,0.751
29.66,0,1.32798e-13,0.750925
29.67,0,1.31476e-13,0.75085
29.68,0,1.30168e-13,0.750775
29.69,0,1.28873e-13,0.7507
29.7,0,1.27591e-13,0.750625
29.71,0,1.26321e-13,0.75055
29.72,0,1.25064e-13,0.750474
29.73,0,1.2382e-13,0.750399
29.74,0,1.22588e-13,0.750324
29.75,0,1.21368e-13,0.750249
29.76,0,1.2016e-13,0.750174
29.77,0,1.18965e-13,0.750099
29.78,0,1.17781e-13,0.750024
29.79,0,1.16609e-13,0.749949
29.8,0,1.15449e-13,0.749874
29.81,0,1.143e-13,0.749799
29.82,0,1.13163e-13,0.749724
29.83,0,1.12037e-13,0.749649
29.84,0,1.10922e-13,0.749574
29.85,0,1.09818e-13,0.749499
29.86,0,1.08726e-13,0.749425
29.87,0,1.07644e-13,0.74935
29.88,0,1.06573e-13,0.749275
29.89,0,1.05512e-13,0.7492
29.9,0,1.04462e-13,0.749125
29.91,0,1.03423e-13,0.74905
29.92,0,1.02394e-13,0.748975
29.93,0,1.01375e-13,0.7489
29.94,0,1.00366e-13,0.748825
29.95,0,9.93677e-14,0.74875
29.96,0,9.83789e-14,0.748675
29.97,0,9.74001e-14,0.748601
29.98,0,9.64309e-14,0.748526
29.99,0,9.54714e-14,0.748451
30,0,9.45214e-14,0.748376
30.01,0,9.35809e-14,0.748301
30.02,0,9.26498e-14,0.748226
30.03,0,9.17279e-14,0.748152
30.04,0,9.08152e-14,0.748077
30.05,0,8.99116e-14,0.748002
30.06,0,8.90169e-14,0.747927
30.07,0,8.81312e-14,0.747852
30.08,0,8.72543e-14,0.747778
30.09,0,8.63861e-14,0.747703
30.1,0,8.55265e-14,0.747628
30.11,0,8.46755e-14,0.747553
30.12,0,8.3833e-14,0.747479
30.13,0,8.29988e-14,0.747404
30.14,0,8.2173e-14,0.747329
30.15,0,8.13554e-14,0.747254
30.16,0,8.05459e-14,0.74718
30.17,0,7.97444e-14,0.747105
30.18,0,7.89509e-14,0.74703
30.19,0,7.81654e-14,0.746956
30.2,0,7.73876e-14,0.746881
30.21,0,7.66176e-14,0.746806
30.22,0,7.58552e-14,0.746731
30.23,0,7.51005e-14,0.746657
30.24,0,7.43532e-14,0.746582
30.25,0,7.36134e-14,0.746507
30.26,0,7.28809e-14,0.746433
30.27,0,7.21557e-14,0.746358
30.28,0,7.14378e-14,0.746284
30.29,0,7.0727e-14,0.746209
30.3,0,7.00232e-14,0.746134
30.31,0,6.93265e-14,0.74606
30.32,0,6.86367e-14,0.745985
30.33,0,6.79537e-14,0.745911
30.34,0,6.72776e-14,0.745836
30.35,0,6.66081e-14,0.745761
30.36,0,6.59454e-14,0.745687
30.37,0,6.52892e-14,0.745612
30.38,0,6.46396e-14,0.745538
30.39,0,6.39964e-14,0.745463
30.4,0,6.33596e-14,0.745389
30.41,0,6.27292e-14,0.745314
30.42,0,6.2105e-14,0.745239
30.43,0,6.14871e-14,0.745165
30.44,0,6.08753e-14,0.74509
30.45,0,6.02695e-14,0.745016
30.46,0,5.96698e-14,0.744941
30.47,0,5.90761e-14,0.744867
30.48,0,5.84883e-14,0.744792
30.49,0,5.79063e-14,0.744718
30.5,0,5.73302e-14,0.744644
30.51,0,5.67597e-14,0.744569
30.52,0,5.61949e-14,0.744495
30.53,0,5.56358e-14,0.74442
30.54,0,5.50822e-14,0.744346
30.55,0,5.45341e-14,0.744271
30.56,0,5.39915e-14,0.744197
30.57,0,5.34543e-14,0.744122
30.58,0,5.29224e-14,0.744048
30.59,0,5.23958e-14,0.743974
30.6,0,5.18745e-14,0.743899
30.61,0,5.13583e-14,0.743825
30.62,0,5.08473e-14,0.74375
30.63,0,5.03413e-14,0.743676
30.64,0,4.98404e-14,0.743602
30.65,0,4.93445e-14,0.743527
30.66,0,4.88535e-14,0.743453
30.67,0,4.83674e-14,0.743379
30.68,0,4.78862e-14,0.743304
30.69,0,4.74097e-14,0.74323
30.7,0,4.6938e-14,0.743156
30.71,0,4.64709e-14,0.743081
30.72,0,4.60085e-14,0.743007
30.73,0,4.55507e-14,0.742933
30.74,0,4.50975e-14,0.742859
30.75,0,4.46488e-14,0.742784
30.76,0,4.42045e-14,0.74271
30.77,0,4.37647e-14,0.742636
30.78,0,4.33292e-14,0.742561
30.79,0,4.28981e-14,0.742487
30.8,0,4.24712e-14,0.742413
30.81,0,4.20486e-14,0.742339
30.82,0,4.16302e-14,0.742264
30.83,0,4.1216e-14,0.74219
30.84,0,4.08059e-14,0.742116
30.85,0,4.03999e-14,0.742042
30.86,0,3.99979e-14,0.741968
30.87,0,3.95999e-14,0.741893
30.88,0,3.92059e-14,0.741819
30.89,0,3.88158e-14,0.741745
30.9,0,3.84296e-14,0.741671
30.91,0,3.80472e-14,0.741597
30.92,0,3.76686e-14,0.741523
30.93,0,3.72938e-14,0.741448
30.94,0,3.69227e-14,0.741374
30.95,0,3.65553e-14,0.7413
30.96,0,3.61916e-14,0.741226
30.97,0,3.58315e-14,0.741152
30.98,0,3.54749e-14,0.741078
30.99,0,3.5122e-14,0.741004
31,0,3.47725e-14,0.74093
31.01,0,3.44265e-14,0.740856
31.02,0,3.4084e-14,0.740781
31.03,0,3.37448e-14,0.740707
31.04,0,3.3409e-14,0.740633
31.05,0,3.30766e-14,0.740559
31.06,0,3.27475e-14,0.740485
31.07,0,3.24217e-14,0.740411
31.08,0,3.20991e-14,0.740337
31.09,0,3.17797e-14,0.740263
31.1,0,3.14635e-14,0.740189
31.11,0,3.11504e-14,0.740115
31.12,0,3.08404e-14,0.740041
31.13,0,3.05336e-14,0.739967
31.14,0,3.02298e-14,0.739893
31.15,0,2.9929e-14,0.739819
31.16,0,2.96312e-14,0.739745
31.17,0,2.93363e-14,0.739671
31.18,0,2.90444e-14,0.739597
31.19,0,2.87554e-14,0.739523
31.2,0,2.84693e-14,0.739449
31.21,0,2.8186e-14,0.739375
31.22,0,2.79056e-14,0.739301
31.23,0,2.76279e-14,0.739227
31.24,0,2.7353e-14,0.739154
31.25,0,2.70808e-14,0.73908
31.26,0,2.68114e-14,0.739006
31.27,0,2.65446e-14,0.738932
31.28,0,2.62805e-14,0.738858
31.29,0,2.6019e-14,0.738784
31.3,0,2.57601e-14,0.73871
31.31,0,2.55038e-14,0.738636
31.32,0,2.525e-14,0.738562
31.33,0,2.49988e-14,0.738489
31.34,0,2.475e-14,0.738415
31.35,0,2.45038e-14,0.738341
31.36,0,2.42599e-14,0.738267
31.37,0,2.40186e-14,0.738193
31.38,0,2.37796e-14,0.738119
31.39,0,2.3543e-14,0.738046
31.4,0,2.33087e-14,0.737972
31.41,0,2.30768e-14,0.737898
31.42,0,2.28472e-14,0.737824
31.43,0,2.26198e-14,0.73775
31.44,0,2.23948e-14,0.737677
31.45,0,2.21719e-14,0.737603
31.46,0,2.19513e-14,0.737529
31.47,0,2.17329e-14,0.737455
31.48,0,2.15166e-14,0.737382
31.49,0,2.13025e-14,0.737308
31.5,0,2.10906e-14,0.737234
31.51,0,2.08807e-14,0.73716
31.52,0,2.0673e-14,0.737087
31.53,0,2.04673e-14,0.737013
31.54,0,2.02636e-14,0.736939
31.55,0,2.0062e-14,0.736866
31.56,0,1.98624e-14,0.736792
31.57,0,1.96647e-14,0.736718
31.58,0,1.94691e-14,0.736645
31.59,0,1.92753e-14,0.736571
31.6,0,1.90836e-14,0.736497
31.61,0,1.88937e-14,0.736424
31.62,0,1.87057e-14,0.73635
31.63,0,1.85195e-14,0.736276
31.64,0,1.83353e-14,0.736203
31.65,0,1.81528e-14,0.736129
31.66,0,1.79722e-14,0.736056
31.67,0,1.77934e-14,0.735982
31.68,0,1.76163e-14,0.735908
31.69,0,1.74411e-14,0.735835
31.7,0,1.72675e-14,0.735761
31.71,0,1.70957e-14,0.735688
31.72,0,1.69256e-14,0.735614
31.73,0,1.67572e-14,0.735541
31.74,0,1.65904e-14,0.735467
31.75,0,1.64254e-14,0.735393
31.76,0,1.62619e-14,0.73532
31.77,0,1.61001e-14,0.735246
31.78,0,1.59399e-14,0.735173
31.79,0,1.57813e-14,0.735099
31.8,0,1.56243e-14,0.735026
31.81,0,1.54688e-14,0.734952
31.82,0,1.53149e-14,0.734879
31.83,0,1.51625e-14,0.734805
31.84,0,1.50117e-14,0.734732
31.85,0,1.48623e-14,0.734658
31.86,0,1.47144e-14,0.734585
31.87,0,1.4568e-14,0.734511
31.88,0,1.4423e-14,0.734438
31.89,0,1.42795e-14,0.734365
31.9,0,1.41374e-14,0.734291
31.91,0,1.39968e-14,0.734218
31.92,0,1.38575e-14,0.734144
31.93,0,1.37196e-14,0.734071
31.94,0,1.35831e-14,0.733997
31.95,0,1.3448e-14,0.733924
31.96,0,1.33141e-14,0.733851
31.97,0,1.31817e-14,0.733777
31.98,0,1.30505e-14,0.733704
31.99,0,1.29206e-14,0.733631
32,0,1.27921e-14,0.733557
32.01,0,1.26648e-14,0.733484
32.02,0,1.25388e-14,0.733411
32.03,0,1.2414e-14,0.733337
32.04,0,1.22905e-14,0.733264
32.05,0,1.21682e-14,0.733191
32.06,0,1.20471e-14,0.733117
32.07,0,1.19273e-14,0.733044
32.08,0,1.18086e-14,0.732971
32.09,0,1.16911e-14,0.732897
32.1,0,1.15748e-14,0.732824
32.11,0,1.14596e-14,0.732751
32.12,0,1.13456e-14,0.732677
32.13,0,1.12327e-14,0.732604
32.14,0,1.11209e-14,0.732531
32.15,0,1.10103e-14,0.732458
32.16,0,1.09007e-14,0.732384
32.17,0,1.07922e-14,0.732311
32.18,0,1.06848e-14,0.732238
32.19,0,1.05785e-14,0.732165
32.2,0,1.04733e-14,0.732092
32.21,0,1.03691e-14,0.732018
32.22,0,1.02659e-14,0.731945
32.23,0,1.01637e-14,0.731872
32.24,0,1.00626e-14,0.731799
32.25,0,9.96249e-15,0.731726
32.26,0,9.86336e-15,0.731652
32.27,0,9.76522e-15,0.731579
32.28,0,9.66805e-15,0.731506
32.29,0,9.57185e-15,0.731433
32.3,0,9.47661e-15,0.73136
32.31,0,9.38232e-15,0.731287
32.32,0,9.28896e-15,0.731214
32.33,0,9.19653e-15,0.73114
32.34,0,9.10503e-15,0.731067
32.35,0,9.01443e-15,0.730994
32.36,0,8.92474e-15,0.730921
32.37,0,8.83593e-15,0.730848
32.38,0,8.74801e-15,0.730775
32.39,0,8.66097e-15,0.730702
32.4,0,8.57479e-15,0.730629
32.41,0,8.48947e-15,0.730556
32.42,0,8.405e-15,0.730483
32.43,0,8.32137e-15,0.73041
32.44,0,8.23857e-15,0.730337
32.45,0,8.15659e-15,0.730264
32.46,0,8.07543e-15,0.730191
32.47,0,7.99508e-15,0.730118
32.48,0,7.91553e-15,0.730045
32.49,0,7.83677e-15,0.729972
32.5,0,7.75879e-15,0.729899
32.51,0,7.68159e-15,0.729826
32.52,0,7.60516e-15,0.729753
32.53,0,7.52949e-15,0.72968
32.54,0,7.45457e-15,0.729607
32.55,0,7.38039e-15,0.729534
32.56,0,7.30696e-15,0.729461
32.57,0,7.23425e-15,0.729388
32.58,0,7.16227e-15,0.729315
32.59,0,7.091e-15,0.729242
32.6,0,7.02045e-15,0.729169
32.61,0,6.95059e-15,0.729096
32.62,0,6.88143e-15,0.729023
32.63,0,6.81296e-15,0.72895
32.64,0,6.74517e-15,0.728877
32.65,0,6.67805e-15,0.728805
32.66,0,6.61161e-15,0.728732
32.67,0,6.54582e-15,0.728659
32.68,0,6.48069e-15,0.728586
32.69,0,6.4162e-15,0.728513
32.7,0,6.35236e-15,0.72844
32.71,0,6.28916e-15,0.728367
32.72,0,6.22658e-15,0.728295
32.73,0,6.16462e-15,0.728222
32.74,0,6.10328e-15,0.728149
32.75,0,6.04255e-15,0.728076
32.76,0,5.98243e-15,0.728003
32.77,0,5.9229e-15,0.727931
32.78,0,5.86397e-15,0.727858
32.79,0,5.80562e-15,0.727785
32.8,0,5.74785e-15,0.727712
32.81,0,5.69066e-15,0.727639
32.82,0,5.63404e-15,0.727567
32.83,0,5.57798e-15,0.727494
32.84,0,5.52248e-15,0.727421
32.85,0,5.46753e-15,0.727348
32.86,0,5.41313e-15,0.727276
32.87,0,5.35926e-15,0.727203
32.88,0,5.30594e-15,0.72713
32.89,0,5.25314e-15,0.727058
32.9,0,5.20087e-15,0.726985
32.91,0,5.14912e-15,0.726912
32.92,0,5.09789e-15,0.726839
32.93,0,5.04717e-15,0.726767
32.94,0,4.99695e-15,0.726694
32.95,0,4.94722e-15,0.726621
32.96,0,4.898e-15,0.726549
32.97,0,4.84926e-15,0.726476
32.98,0,4.80101e-15,0.726403
32.99,0,4.75324e-15,0.726331
33,0,4.70595e-15,0.726258
33.01,0,4.65912e-15,0.726186
33.02,0,4.61276e-15,0.726113
33.03,0,4.56686e-15,0.72604
33.04,0,4.52142e-15,0.725968
33.05,0,4.47643e-15,0.725895
33.06,0,4.43189e-15,0.725823
33.07,0,4.38779e-15,0.72575
33.08,0,4.34414e-15,0.725677
33.09,0,4.30091e-15,0.725605
33.1,0,4.25812e-15,0.725532
33.11,0,4.21575e-15,0.72546
33.12,0,4.1738e-15,0.725387
33.13,0,4.13227e-15,0.725315
33.14,0,4.09115e-15,0.725242
33.15,0,4.05044e-15,0.72517
33.16,0,4.01014e-15,0.725097
33.17,0,3.97024e-15,0.725025
33.18,0,3.93074e-15,0.724952
33.19,0,3.89162e-15,0.72488
33.2,0,3.8529e-15,0.724807
33.21,0,3.81457e-15,0.724735
33.22,0,3.77661e-15,0.724662
33.23,0,3.73903e-15,0.72459
33.24,0,3.70183e-15,0.724517
33.25,0,3.66499e-15,0.724445
33.26,0,3.62853e-15,0.724372
33.27,0,3.59242e-15,0.7243
33.28,0,3.55668e-15,0.724228
33.29,0,3.52129e-15,0.724155
33.3,0,3.48625e-15,0.724083
33.31,0,3.45156e-15,0.72401
33.32,0,3.41722e-15,0.723938
33.33,0,3.38322e-15,0.723866
33.34,0,3.34955e-15,0.723793
33.35,0,3.31622e-15,0.723721
33.36,0,3.28323e-15,0.723648
33.37,0,3.25056e-15,0.723576
33.38,0,3.21821e-15,0.723504
33.39,0,3.18619e-15,0.723431
33.4,0,3.15449e-15,0.723359
33.41,0,3.1231e-15,0.723287
33.42,0,3.09203e-15,0.723214
33.43,0,3.06126e-15,0.723142
33.44,0,3.0308e-15,0.72307
33.45,0,3.00064e-15,0.722997
33.46,0,2.97079e-15,0.722925
33.47,0,2.94123e-15,0.722853
33.48,0,2.91196e-15,0.722781
33.49,0,2.88299e-15,0.722708
33.5,0,2.8543e-15,0.722636
33.51,0,2.8259e-15,0.722564
33.52,0,2.79778e-15,0.722491
33.53,0,2.76994e-15,0.722419
33.54,0,2.74238e-15,0.722347
33.55,0,2.71509e-15,0.722275
33.56,0,2.68808e-15,0.722203
33.57,0,2.66133e-15,0.72213
33.58,0,2.63485e-15,0.722058
33.59,0,2.60863e-15,0.721986
33.6,0,2.58268e-15,0.721914
33.61,0,2.55698e-15,0.721842
33.62,0,2.53154e-15,0.721769
33.63,0,2.50635e-15,0.721697
33.64,0,2.48141e-15,0.721625
33.65,0,2.45672e-15,0.721553
33.66,0,2.43227e-15,0.721481
33.67,0,2.40807e-15,0.721409
33.68,0,2.38411e-15,0.721336
33.69,0,2.36039e-15,0.721264
33.7,0,2.3369e-15,0.721192
33.71,0,2.31365e-15,0.72112
33.72,0,2.29063e-15,0.721048
33.73,0,2.26784e-15,0.720976
33.74,0,2.24527e-15,0.720904
33.75,0,2.22293e-15,0.720832
33.76,0,2.20081e-15,0.72076
33.77,0,2.17891e-15,0.720688
33.78,0,2.15723e-15,0.720615
33.79,0,2.13577e-15,0.720543
33.8,0,2.11452e-15,0.720471
33.81,0,2.09348e-15,0.720399
33.82,0,2.07265e-15,0.720327
33.83,0,2.05202e-15,0.720255
33.84,0,2.03161e-15,0.720183
33.85,0,2.01139e-15,0.720111
33.86,0,1.99138e-15,0.720039
33.87,0,1.97156e-15,0.719967
33.88,0,1.95195e-15,0.719895
33.89,0,1.93252e-15,0.719823
33.9,0,1.91329e-15,0.719751
33.91,0,1.89426e-15,0.719679
33.92,0,1.87541e-15,0.719607
33.93,0,1.85675e-15,0.719535
33.94,0,1.83827e-15,0.719463
33.95,0,1.81998e-15,0.719391
33.96,0,1.80187e-15,0.719319
33.97,0,1.78394e-15,0.719248
33.98,0,1.76619e-15,0.719176
33.99,0,1.74862e-15,0.719104
34,0,1.73122e-15,0.719032
34.01,0,1.71399e-15,0.71896
34.02,0,1.69694e-15,0.718888
34.03,0,1.68006e-15,0.718816
34.04,0,1.66334e-15,0.718744
34.05,0,1.64679e-15,0.718672
34.06,0,1.6304e-15,0.718601
34.07,0,1.61418e-15,0.718529
34.08,0,1.59812e-15,0.718457
34.09,0,1.58222e-15,0.718385
34.1,0,1.56647e-15,0.718313
34.11,0,1.55089e-15,0.718241
34.12,0,1.53545e-15,0.71817
34.13,0,1.52018e-15,0.718098
34.14,0,1.50505e-15,0.718026
34.15,0,1.49008e-15,0.717954
34.16,0,1.47525e-15,0.717882
34.17,0,1.46057e-15,0.717811
34.18,0,1.44604e-15,0.717739
34.19,0,1.43165e-15,0.717667
34.2,0,1.4174e-15,0.717595
34.21,0,1.4033e-15,0.717523
34.22,0,1.38934e-15,0.717452
34.23,0,1.37551e-15,0.71738
34.24,0,1.36183e-15,0.717308
34.25,0,1.34828e-15,0.717236
34.26,0,1.33486e-15,0.717165
34.27,0,1.32158e-15,0.717093
34.28,0,1.30843e-15,0.717021
34.29,0,1.29541e-15,0.71695
34.3,0,1.28252e-15,0.716878
34.31,0,1.26976e-15,0.716806
34.32,0,1.25712e-15,0.716735
34.33,0,1.24462e-15,0.716663
34.34,0,1.23223e-15,0.716591
34.35,0,1.21997e-15,0.71652
34.36,0,1.20783e-15,0.716448
34.37,0,1.19581e-15,0.716376
34.38,0,1.18391e-15,0.716305
34.39,0,1.17213e-15,0.716233
34.4,0,1.16047e-15,0.716161
34.41,0,1.14893e-15,0.71609
34.42,0,1.13749e-15,0.716018
34.43,0,1.12617e-15,0.715947
34.44,0,1.11497e-15,0.715875
34.45,0,1.10388e-15,0.715803
34.46,0,1.09289e-15,0.715732
34.47,0,1.08202e-15,0.71566
34.48,0,1.07125e-15,0.715589
34.49,0,1.06059e-15,0.715517
34.5,0,1.05004e-15,0.715446
34.51,0,1.03959e-15,0.715374
34.52,0,1.02925e-15,0.715303
34.53,0,1.01901e-15,0.715231
34.54,0,1.00887e-15,0.71516
34.55,0,9.98827e-16,0.715088
34.56,0,9.88889e-16,0.715017
34.57,0,9.79049e-16,0.714945
34.58,0,9.69308e-16,0.714874
34.59,0,9.59663e-16,0.714802
34.6,0,9.50114e-16,0.714731
34.61,0,9.4066e-16,0.714659
34.62,0,9.31301e-16,0.714588
34.63,0,9.22034e-16,0.714516
34.64,0,9.1286e-16,0.714445
34.65,0,9.03776e-16,0.714373
34.66,0,8.94784e-16,0.714302
34.67,0,8.8588e-16,0.71423
34.68,0,8.77066e-16,0.714159
34.69,0,8.68339e-16,0.714088
34.7,0,8.59699e-16,0.714016
34.71,0,8.51145e-16,0.713945
34.72,0,8.42676e-16,0.713873
34.73,0,8.34291e-16,0.713802
34.74,0,8.25989e-16,0.713731
34.75,0,8.17771e-16,0.713659
34.76,0,8.09634e-16,0.713588
34.77,0,8.01578e-16,0.713517
34.78,0,7.93602e-16,0.713445
34.79,0,7.85705e-16,0.713374
34.8,0,7.77888e-16,0.713303
34.81,0,7.70147e-16,0.713231
34.82,0,7.62484e-16,0.71316
34.83,0,7.54898e-16,0.713089
34.84,0,7.47386e-16,0.713017
34.85,0,7.3995e-16,0.712946
34.86,0,7.32587e-16,0.712875
34.87,0,7.25298e-16,0.712803
34.88,0,7.18081e-16,0.712732
34.89,0,7.10936e-16,0.712661
34.9,0,7.03862e-16,0.71259
34.91,0,6.96858e-16,0.712518
34.92,0,6.89924e-16,0.712447
34.93,0,6.8306e-16,0.712376
34.94,0,6.76263e-16,0.712305
34.95,0,6.69534e-16,0.712233
34.96,0,6.62872e-16,0.712162
34.97,0,6.56276e-16,0.712091
34.98,0,6.49746e-16,0.71202
34.99,0,6.43281e-16,0.711949
35,0,6.3688e-16,0.711877
35.01,0,6.30543e-16,0.711806
35.02,0,6.24269e-16,0.711735
35.03,0,6.18058e-16,0.711664
35.04,0,6.11908e-16,0.711593
35.05,0,6.05819e-16,0.711521
35.06,0,5.99791e-16,0.71145
35.07,0,5.93823e-16,0.711379
35.08,0,5.87915e-16,0.711308
35.09,0,5.82065e-16,0.711237
35.1,0,5.76273e-16,0.711166
35.11,0,5.70539e-16,0.711095
35.12,0,5.64862e-16,0.711024
35.13,0,5.59242e-16,0.710952
35.14,0,5.53677e-16,0.710881
35.15,0,5.48168e-16,0.71081
35.16,0,5.42714e-16,0.710739
35.17,0,5.37314e-16,0.710668
35.18,0,5.31967e-16,0.710597
35.19,0,5.26674e-16,0.710526
35.2,0,5.21434e-16,0.710455
35.21,0,5.16245e-16,0.710384
35.22,0,5.11109e-16,0.710313
35.23,0,5.06023e-16,0.710242
35.24,0,5.00988e-16,0.710171
35.25,0,4.96003e-16,0.7101
35.26,0,4.91068e-16,0.710029
35.27,0,4.86181e-16,0.709958
35.28,0,4.81344e-16,0.709887
35.29,0,4.76554e-16,0.709816
35.3,0,4.71813e-16,0.709745
35.31,0,4.67118e-16,0.709674
35.32,0,4.6247e-16,0.709603
35.33,0,4.57868e-16,0.709532
35.34,0,4.53313e-16,0.709461
35.35,0,4.48802e-16,0.70939
35.36,0,4.44336e-16,0.709319
35.37,0,4.39915e-16,0.709248
35.38,0,4.35538e-16,0.709177
35.39,0,4.31204e-16,0.709106
35.4,0,4.26914e-16,0.709036
35.41,0,4.22666e-16,0.708965
35.42,0,4.1846e-16,0.708894
35.43,0,4.14297e-16,0.708823
35.44,0,4.10174e-16,0.708752
35.45,0,4.06093e-16,0.708681
35.46,0,4.02052e-16,0.70861
35.47,0,3.98052e-16,0.708539
35.48,0,3.94091e-16,0.708469
35.49,0,3.9017e-16,0.708398
35.5,0,3.86288e-16,0.708327
35.51,0,3.82444e-16,0.708256
35.52,0,3.78639e-16,0.708185
35.53,0,3.74871e-16,0.708114
35.54,0,3.71141e-16,0.708044
35.55,0,3.67448e-16,0.707973
35.56,0,3.63792e-16,0.707902
35.57,0,3.60172e-16,0.707831
35.58,0,3.56588e-16,0.70776
35.59,0,3.5304e-16,0.70769
35.6,0,3.49527e-16,0.707619
35.61,0,3.4605e-16,0.707548
35.62,0,3.42606e-16,0.707477
35.63,0,3.39197e-16,0.707407
35.64,0,3.35822e-16,0.707336
35.65,0,3.32481e-16,0.707265
35.66,0,3.29173e-16,0.707194
35.67,0,3.25897e-16,0.707124
35.68,0,3.22654e-16,0.707053
35.69,0,3.19444e-16,0.706982
35.7,0,3.16265e-16,0.706912
35.71,0,3.13119e-16,0.706841
35.72,0,3.10003e-16,0.70677
35.73,0,3.06918e-16,0.7067
35.74,0,3.03865e-16,0.706629
35.75,0,3.00841e-16,0.706558
35.76,0,2.97848e-16,0.706488
35.77,0,2.94884e-16,0.706417
35.78,0,2.9195e-16,0.706346
35.79,0,2.89045e-16,0.706276
35.8,0,2.86169e-16,0.706205
35.81,0,2.83321e-16,0.706134
35.82,0,2.80502e-16,0.706064
35.83,0,2.77711e-16,0.705993
35.84,0,2.74948e-16,0.705923
35.85,0,2.72212e-16,0.705852
35.86,0,2.69504e-16,0.705781
35.87,0,2.66822e-16,0.705711
35.88,0,2.64167e-16,0.70564
35.89,0,2.61539e-16,0.70557
35.9,0,2.58936e-16,0.705499
35.91,0,2.5636e-16,0.705429
35.92,0,2.53809e-16,0.705358
35.93,0,2.51284e-16,0.705288
35.94,0,2.48783e-16,0.705217
35.95,0,2.46308e-16,0.705147
35.96,0,2.43857e-16,0.705076
35.97,0,2.41431e-16,0.705006
35.98,0,2.39028e-16,0.704935
35.99,0,2.3665e-16,0.704865
36,0,2.34295e-16,0.704794
36.01,0,2.31964e-16,0.704724
36.02,0,2.29656e-16,0.704653
36.03,0,2.27371e-16,0.704583
36.04,0,2.25108e-16,0.704512
36.05,0,2.22869e-16,0.704442
36.06,0,2.20651e-16,0.704371
36.07,0,2.18455e-16,0.704301
36.08,0,2.16282e-16,0.70423
36.09,0,2.1413e-16,0.70416
36.1,0,2.11999e-16,0.70409
36.11,0,2.0989e-16,0.704019
36.12,0,2.07801e-16,0.703949
36.13,0,2.05734e-16,0.703878
36.14,0,2.03686e-16,0.703808
36.15,0,2.0166e-16,0.703738
36.16,0,1.99653e-16,0.703667
36.17,0,1.97667e-16,0.703597
36.18,0,1.957e-16,0.703527
36.19,0,1.93753e-16,0.703456
36.2,0,1.91825e-16,0.703386
36.21,0,1.89916e-16,0.703316
36.22,0,1.88026e-16,0.703245
36.23,0,1.86155e-16,0.703175
36.24,0,1.84303e-16,0.703105
36.25,0,1.82469e-16,0.703034
36.26,0,1.80654e-16,0.702964
36.27,0,1.78856e-16,0.702894
36.28,0,1.77077e-16,0.702823
36.29,0,1.75315e-16,0.702753
36.3,0,1.7357e-16,0.702683
36.31,0,1.71843e-16,0.702613
36.32,0,1.70133e-16,0.702542
36.33,0,1.6844e-16,0.702472
36.34,0,1.66764e-16,0.702402
36.35,0,1.65105e-16,0.702332
36.36,0,1.63462e-16,0.702261
36.37,0,1.61836e-16,0.702191
36.38,0,1.60225e-16,0.702121
36.39,0,1.58631e-16,0.702051
36.4,0,1.57053e-16,0.70198
36.41,0,1.5549e-16,0.70191
36.42,0,1.53943e-16,0.70184
36.43,0,1.52411e-16,0.70177
36.44,0,1.50895e-16,0.7017
36.45,0,1.49393e-16,0.70163
36.46,0,1.47907e-16,0.701559
36.47,0,1.46435e-16,0.701489
36.48,0,1.44978e-16,0.701419
36.49,0,1.43535e-16,0.701349
36.5,0,1.42107e-16,0.701279
36.51,0,1.40693e-16,0.701209
36.52,0,1.39293e-16,0.701139
36.53,0,1.37907e-16,0.701069
36.54,0,1.36535e-16,0.700998
36.55,0,1.35177e-16,0.700928
36.56,0,1.33832e-16,0.700858
36.57,0,1.325e-16,0.700788
36.58,0,1.31182e-16,0.700718
36.59,0,1.29876e-16,0.700648
36.6,0,1.28584e-16,0.700578
36.61,0,1.27305e-16,0.700508
36.62,0,1.26038e-16,0.700438
36.63,0,1.24784e-16,0.700368
36.64,0,1.23542e-16,0.700298
36.65,0,1.22313e-16,0.700228
36.66,0,1.21096e-16,0.700158
36.67,0,1.19891e-16,0.700088
36.68,0,1.18698e-16,0.700018
36.69,0,1.17517e-16,0.699948
36.7,0,1.16348e-16,0.699878
36.71,0,1.1519e-16,0.699808
36.72,0,1.14044e-16,0.699738
36.73,0,1.12909e-16,0.699668
36.74,0,1.11786e-16,0.699598
36.75,0,1.10673e-16,0.699528
36.76,0,1.09572e-16,0.699458
36.77,0,1.08482e-16,0.699388
36.78,0,1.07402e-16,0.699318
36.79,0,1.06334e-16,0.699248
36.8,0,1.05276e-16,0.699178
36.81,0,1.04228e-16,0.699108
36.82,0,1.03191e-16,0.699038
36.83,0,1.02164e-16,0.698968
36.84,0,1.01148e-16,0.698899
36.85,0,1.00141e-16,0.698829
36.86,0,9.91449e-17,0.698759
36.87,0,9.81584e-17,0.698689
36.88,0,9.71817e-17,0.698619
36.89,0,9.62147e-17,0.698549
36.9,0,9.52573e-17,0.698479
36.91,0,9.43095e-17,0.69841
36.92,0,9.33711e-17,0.69834
36.93,0,9.24421e-17,0.69827
36.94,0,9.15222e-17,0.6982
36.95,0,9.06116e-17,0.69813
36.96,0,8.971e-17,0.69806
36.97,0,8.88173e-17,0.697991
36.98,0,8.79336e-17,0.697921
36.99,0,8.70586e-17,0.697851
37,0,8.61924e-17,0.697781
37.01,0,8.53348e-17,0.697711
37.02,0,8.44857e-17,0.697642
37.03,0,8.3645e-17,0.697572
37.04,0,8.28127e-17,0.697502
37.05,0,8.19887e-17,0.697432
37.06,0,8.11729e-17,0.697363
37.07,0,8.03653e-17,0.697293
37.08,0,7.95656e-17,0.697223
37.09,0,7.87739e-17,0.697154
37.1,0,7.79901e-17,0.697084
37.11,0,7.72141e-17,0.697014
37.12,0,7.64458e-17,0.696944
37.13,0,7.56852e-17,0.696875
37.14,0,7.49321e-17,0.696805
37.15,0,7.41865e-17,0.696735
37.16,0,7.34483e-17,0.696666
37.17,0,7.27175e-17,0.696596
37.18,0,7.19939e-17,0.696526
37.19,0,7.12776e-17,0.696457
37.2,0,7.05684e-17,0.696387
37.21,0,6.98662e-17,0.696317
37.22,0,6.9171e-17,0.696248
37.23,0,6.84828e-17,0.696178
37.24,0,6.78013e-17,0.696109
37.25,0,6.71267e-17,0.696039
37.26,0,6.64588e-17,0.695969
37.27,0,6.57975e-17,0.6959
37.28,0,6.51428e-17,0.69583
37.29,0,6.44946e-17,0.695761
37.3,0,6.38529e-17,0.695691
37.31,0,6.32176e-17,0.695621
37.32,0,6.25885e-17,0.695552
37.33,0,6.19658e-17,0.695482
37.34,0,6.13492e-17,0.695413
37.35,0,6.07388e-17,0.695343
37.36,0,6.01344e-17,0.695274
37.37,0,5.9536e-17,0.695204
37.38,0,5.89437e-17,0.695135
37.39,0,5.83572e-17,0.695065
37.4,0,5.77765e-17,0.694996
37.41,0,5.72016e-17,0.694926
37.42,0,5.66324e-17,0.694857
37.43,0,5.60689e-17,0.694787
37.44,0,5.5511e-17,0.694718
37.45,0,5.49587e-17,0.694648
37.46,0,5.44119e-17,0.694579
37.47,0,5.38704e-17,0.694509
37.48,0,5.33344e-17,0.69444
37.49,0,5.28037e-17,0.69437
37.5,0,5.22783e-17,0.694301
37.51,0,5.17582e-17,0.694232
37.52,0,5.12432e-17,0.694162
37.53,0,5.07333e-17,0.694093
37.54,0,5.02285e-17,0.694023
37.55,0,4.97287e-17,0.693954
37.56,0,4.92339e-17,0.693885
37.57,0,4.8744e-17,0.693815
37.58,0,4.8259e-17,0.693746
37.59,0,4.77788e-17,0.693676
37.6,0,4.73034e-17,0.693607
37.61,0,4.68327e-17,0.693538
37.62,0,4.63667e-17,0.693468
37.63,0,4.59054e-17,0.693399
37.64,0,4.54486e-17,0.69333
37.65,0,4.49964e-17,0.69326
37.66,0,4.45487e-17,0.693191
37.67,0,4.41054e-17,0.693122
37.68,0,4.36665e-17,0.693052
37.69,0,4.3232e-17,0.692983
37.7,0,4.28019e-17,0.692914
37.71,0,4.2376e-17,0.692845
37.72,0,4.19543e-17,0.692775
37.73,0,4.15369e-17,0.692706
37.74,0,4.11236e-17,0.692637
37.75,0,4.07144e-17,0.692567
37.76,0,4.03093e-17,0.692498
37.77,0,3.99082e-17,0.692429
37.78,0,3.95111e-17,0.69236
37.79,0,3.9118e-17,0.69229
37.8,0,3.87287e-17,0.692221
37.81,0,3.83434e-17,0.692152
37.82,0,3.79619e-17,0.692083
37.83,0,3.75841e-17,0.692014
37.84,0,3.72102e-17,0.691944
37.85,0,3.68399e-17,0.691875
37.86,0,3.64734e-17,0.691806
37.87,0,3.61104e-17,0.691737
37.88,0,3.57511e-17,0.691668
37.89,0,3.53954e-17,0.691599
37.9,0,3.50432e-17,0.691529
37.91,0,3.46945e-17,0.69146
37.92,0,3.43493e-17,0.691391
37.93,0,3.40075e-17,0.691322
37.94,0,3.36692e-17,0.691253
37.95,0,3.33341e-17,0.691184
37.96,0,3.30025e-17,0.691115
37.97,0,3.26741e-17,0.691045
37.98,0,3.2349e-17,0.690976
37.99,0,3.20271e-17,0.690907
38,0,3.17084e-17,0.690838
38.01,0,3.13929e-17,0.690769
38.02,0,3.10805e-17,0.6907
38.03,0,3.07713e-17,0.690631
38.04,0,3.04651e-17,0.690562
38.05,0,3.0162e-17,0.690493
38.06,0,2.98619e-17,0.690424
38.07,0,2.95647e-17,0.690355
38.08,0,2.92706e-17,0.690286
38.09,0,2.89793e-17,0.690217
38.1,0,2.8691e-17,0.690148
38.11,0,2.84055e-17,0.690079
38.12,0,2.81228e-17,0.69001
38.13,0,2.7843e-17,0.689941
38.14,0,2.7566e-17,0.689872
38.15,0,2.72917e-17,0.689803
38.16,0,2.70201e-17,0.689734
38.17,0,2.67513e-17,0.689665
38.18,0,2.64851e-17,0.689596
38.19,0,2.62216e-17,0.689527
38.2,0,2.59607e-17,0.689458
38.21,0,2.57023e-17,0.689389
38.22,0,2.54466e-17,0.68932
38.23,0,2.51934e-17,0.689251
38.24,0,2.49427e-17,0.689182
38.25,0,2.46945e-17,0.689113
38.26,0,2.44488e-17,0.689044
38.27,0,2.42056e-17,0.688975
38.28,0,2.39647e-17,0.688907
38.29,0,2.37262e-17,0.688838
38.3,0,2.34902e-17,0.688769
38.31,0,2.32564e-17,0.6887
38.32,0,2.3025e-17,0.688631
38.33,0,2.27959e-17,0.688562
38.34,0,2.25691e-17,0.688493
38.35,0,2.23445e-17,0.688424
38.36,0,2.21222e-17,0.688356
38.37,0,2.19021e-17,0.688287
38.38,0,2.16842e-17,0.688218
38.39,0,2.14684e-17,0.688149
38.4,0,2.12548e-17,0.68808
38.41,0,2.10433e-17,0.688012
38.42,0,2.08339e-17,0.687943
38.43,0,2.06266e-17,0.687874
38.44,0,2.04214e-17,0.687805
38.45,0,2.02182e-17,0.687736
38.46,0,2.0017e-17,0.687668
38.47,0,1.98178e-17,0.687599
38.48,0,1.96206e-17,0.68753
38.49,0,1.94254e-17,0.687461
38.5,0,1.92321e-17,0.687393
38.51,0,1.90408e-17,0.687324
38.52,0,1.88513e-17,0.687255
38.53,0,1.86637e-17,0.687186
38.54,0,1.8478e-17,0.687118
38.55,0,1.82942e-17,0.687049
38.56,0,1.81121e-17,0.68698
38.57,0,1.79319e-17,0.686912
38.58,0,1.77535e-17,0.686843
38.59,0,1.75768e-17,0.686774
38.6,0,1.74019e-17,0.686706
38.61,0,1.72288e-17,0.686637
38.62,0,1.70574e-17,0.686568
38.63,0,1.68876e-17,0.6865
38.64,0,1.67196e-17,0.686431
38.65,0,1.65532e-17,0.686362
38.66,0,1.63885e-17,0.686294
38.67,0,1.62255e-17,0.686225
38.68,0,1.6064e-17,0.686156
38.69,0,1.59042e-17,0.686088
38.7,0,1.57459e-17,0.686019
38.71,0,1.55893e-17,0.685951
38.72,0,1.54341e-17,0.685882
38.73,0,1.52806e-17,0.685813
38.74,0,1.51285e-17,0.685745
38.75,0,1.4978e-17,0.685676
38.76,0,1.4829e-17,0.685608
38.77,0,1.46814e-17,0.685539
38.78,0,1.45353e-17,0.685471
38.79,0,1.43907e-17,0.685402
38.8,0,1.42475e-17,0.685334
38.81,0,1.41057e-17,0.685265
38.82,0,1.39654e-17,0.685196
38.83,0,1.38264e-17,0.685128
38.84,0,1.36889e-17,0.685059
38.85,0,1.35526e-17,0.684991
38.86,0,1.34178e-17,0.684922
38.87,0,1.32843e-17,0.684854
38.88,0,1.31521e-17,0.684785
38.89,0,1.30212e-17,0.684717
38.9,0,1.28917e-17,0.684649
38.91,0,1.27634e-17,0.68458
38.92,0,1.26364e-17,0.684512
38.93,0,1.25107e-17,0.684443
38.94,0,1.23862e-17,0.684375
38.95,0,1.22629e-17,0.684306
38.96,0,1.21409e-17,0.684238
38.97,0,1.20201e-17,0.684169
38.98,0,1.19005e-17,0.684101
38.99,0,1.17821e-17,0.684033
39,0,1.16649e-17,0.683964
39.01,0,1.15488e-17,0.683896
39.02,0,1.14339e-17,0.683827
39.03,0,1.13201e-17,0.683759
39.04,0,1.12075e-17,0.683691
39.05,0,1.1096e-17,0.683622
39.06,0,1.09856e-17,0.683554
39.07,0,1.08763e-17,0.683486
39.08,0,1.0768e-17,0.683417
39.09,0,1.06609e-17,0.683349
39.1,0,1.05548e-17,0.683281
39.11,0,1.04498e-17,0.683212
39.12,0,1.03458e-17,0.683144
39.13,0,1.02429e-17,0.683076
39.14,0,1.0141e-17,0.683007
39.15,0,1.004e-17,0.682939
39.16,0,9.94015e-18,0.682871
39.17,0,9.84124e-18,0.682802
39.18,0,9.74332e-18,0.682734
39.19,0,9.64637e-18,0.682666
39.2,0,9.55039e-18,0.682598
39.21,0,9.45536e-18,0.682529
39.22,0,9.36128e-18,0.682461
39.23,0,9.26813e-18,0.682393
39.24,0,9.17591e-18,0.682325
39.25,0,9.08461e-18,0.682256
39.26,0,8.99422e-18,0.682188
39.27,0,8.90472e-18,0.68212
39.28,0,8.81612e-18,0.682052
39.29,0,8.7284e-18,0.681984
39.3,0,8.64155e-18,0.681915
39.31,0,8.55557e-18,0.681847
39.32,0,8.47044e-18,0.681779
39.33,0,8.38615e-18,0.681711
39.34,0,8.30271e-18,0.681643
39.35,0,8.2201e-18,0.681575
39.36,0,8.13831e-18,0.681506
39.37,0,8.05733e-18,0.681438
39.38,0,7.97716e-18,0.68137
39.39,0,7.89778e-18,0.681302
39.4,0,7.8192e-18,0.681234
39.41,0,7.7414e-18,0.681166
39.42,0,7.66437e-18,0.681098
39.43,0,7.58811e-18,0.681029
39.44,0,7.5126e-18,0.680961
39.45,0,7.43785e-18,0.680893
39.46,0,7.36384e-18,0.680825
39.47,0,7.29057e-18,0.680757
39.48,0,7.21803e-18,0.680689
39.49,0,7.14621e-18,0.680621
39.5,0,7.0751e-18,0.680553
39.51,0,7.0047e-18,0.680485
39.52,0,6.93501e-18,0.680417
39.53,0,6.866e-18,0.680349
39.54,0,6.79768e-18,0.680281
39.55,0,6.73005e-18,0.680213
39.56,0,6.66308e-18,0.680145
39.57,0,6.59678e-18,0.680077
39.58,0,6.53114e-18,0.680009
39.59,0,6.46616e-18,0.679941
39.6,0,6.40182e-18,0.679873
39.61,0,6.33812e-18,0.679805
39.62,0,6.27505e-18,0.679737
39.63,0,6.21262e-18,0.679669
39.64,0,6.1508e-18,0.679601
39.65,0,6.0896e-18,0.679533
39.66,0,6.02901e-18,0.679465
39.67,0,5.96902e-18,0.679397
39.68,0,5.90962e-18,0.679329
39.69,0,5.85082e-18,0.679261
39.7,0,5.7926e-18,0.679193
39.71,0,5.73497e-18,0.679125
39.72,0,5.6779e-18,0.679057
39.73,0,5.62141e-18,0.678989
39.74,0,5.56547e-18,0.678922
39.75,0,5.5101e-18,0.678854
39.76,0,5.45527e-18,0.678786
39.77,0,5.40099e-18,0.678718
39.78,0,5.34725e-18,0.67865
39.79,0,5.29404e-18,0.678582
39.8,0,5.24137e-18,0.678514
39.81,0,5.18921e-18,0.678446
39.82,0,5.13758e-18,0.678379
39.83,0,5.08646e-18,0.678311
39.84,0,5.03585e-18,0.678243
39.85,0,4.98574e-18,0.678175
39.86,0,4.93613e-18,0.678107
39.87,0,4.88702e-18,0.67804
39.88,0,4.83839e-18,0.677972
39.89,0,4.79025e-18,0.677904
39.9,0,4.74258e-18,0.677836
39.91,0,4.69539e-18,0.677768
39.92,0,4.64867e-18,0.677701
39.93,0,4.60242e-18,0.677633
39.94,0,4.55662e-18,0.677565
39.95,0,4.51128e-18,0.677497
39.96,0,4.4664e-18,0.67743
39.97,0,4.42196e-18,0.677362
39.98,0,4.37796e-18,0.677294
39.99,0,4.33439e-18,0.677226
40,0,4.29127e-18,0.677159
40.01,0,4.24857e-18,0.677091
40.02,0,4.20629e-18,0.677023
40.03,0,4.16444e-18,0.676956
40.04,0,4.123e-18,0.676888
40.05,0,4.08198e-18,0.67682
40.06,0,4.04136e-18,0.676752
40.07,0,4.00115e-18,0.676685
40.08,0,3.96134e-18,0.676617
40.09,0,3.92192e-18,0.67655
40.1,0,3.8829e-18,0.676482
40.11,0,3.84426e-18,0.676414
40.12,0,3.80601e-18,0.676347
40.13,0,3.76814e-18,0.676279
40.14,0,3.73065e-18,0.676211
40.15,0,3.69353e-18,0.676144
40.16,0,3.65678e-18,0.676076
40.17,0,3.62039e-18,0.676008
40.18,0,3.58437e-18,0.675941
40.19,0,3.5487e-18,0.675873
40.2,0,3.51339e-18,0.675806
40.21,0,3.47843e-18,0.675738
40.22,0,3.44382e-18,0.675671
40.23,0,3.40956e-18,0.675603
40.24,0,3.37563e-18,0.675535
40.25,0,3.34204e-18,0.675468
40.26,0,3.30879e-18,0.6754
40.27,0,3.27587e-18,0.675333
40.28,0,3.24327e-18,0.675265
40.29,0,3.211e-18,0.675198
40.3,0,3.17905e-18,0.67513
40.31,0,3.14742e-18,0.675063
40.32,0,3.1161e-18,0.674995
40.33,0,3.08509e-18,0.674928
40.34,0,3.0544e-18,0.67486
40.35,0,3.024e-18,0.674793
40.36,0,2.99392e-18,0.674725
40.37,0,2.96413e-18,0.674658
40.38,0,2.93463e-18,0.67459
40.39,0,2.90543e-18,0.674523
40.4,0,2.87652e-18,0.674455
40.41,0,2.8479e-18,0.674388
40.42,0,2.81956e-18,0.674321
40.43,0,2.79151e-18,0.674253
40.44,0,2.76373e-18,0.674186
40.45,0,2.73623e-18,0.674118
40.46,0,2.70901e-18,0.674051
40.47,0,2.68205e-18,0.673983
40.48,0,2.65536e-18,0.673916
40.49,0,2.62894e-18,0.673849
40.5,0,2.60278e-18,0.673781
40.51,0,2.57689e-18,0.673714
40.52,0,2.55125e-18,0.673647
40.53,0,2.52586e-18,0.673579
40.54,0,2.50073e-18,0.673512
40.55,0,2.47585e-18,0.673445
40.56,0,2.45121e-18,0.673377
40.57,0,2.42682e-18,0.67331
40.58,0,2.40267e-18,0.673243
40.59,0,2.37877e-18,0.673175
40.6,0,2.3551e-18,0.673108
40.61,0,2.33166e-18,0.673041
40.62,0,2.30846e-18,0.672973
40.63,0,2.28549e-18,0.672906
40.64,0,2.26275e-18,0.672839
40.65,0,2.24024e-18,0.672771
40.66,0,2.21795e-18,0.672704
40.67,0,2.19588e-18,0.672637
40.68,0,2.17403e-18,0.67257
40.69,0,2.1524e-18,0.672502
40.7,0,2.13098e-18,0.672435
40.71,0,2.10978e-18,0.672368
40.72,0,2.08878e-18,0.672301
40.73,0,2.068e-18,0.672233
40.74,0,2.04742e-18,0.672166
40.75,0,2.02705e-18,0.672099
40.76,0,2.00688e-18,0.672032
40.77,0,1.98691e-18,0.671965
40.78,0,1.96714e-18,0.671897
40.79,0,1.94757e-18,0.67183
40.8,0,1.92819e-18,0.671763
40.81,0,1.909e-18,0.671696
40.82,0,1.89001e-18,0.671629
40.83,0,1.8712e-18,0.671562
40.84,0,1.85259e-18,0.671494
40.85,0,1.83415e-18,0.671427
40.86,0,1.8159e-18,0.67136
40.87,0,1.79783e-18,0.671293
40.88,0,1.77994e-18,0.671226
40.89,0,1.76223e-18,0.671159
40.9,0,1.7447e-18,0.671092
40.91,0,1.72734e-18,0.671024
40.92,0,1.71015e-18,0.670957
40.93,0,1.69314e-18,0.67089
40.94,0,1.67629e-18,0.670823
40.95,0,1.65961e-18,0.670756
40.96,0,1.6431e-18,0.670689
40.97,0,1.62675e-18,0.670622
40.98,0,1.61056e-18,0.670555
40.99,0,1.59453e-18,0.670488
41,0,1.57867e-18,0.670421
41.01,0,1.56296e-18,0.670354
41.02,0,1.54741e-18,0.670287
41.03,0,1.53201e-18,0.67022
41.04,0,1.51677e-18,0.670153
41.05,0,1.50168e-18,0.670086
41.06,0,1.48673e-18,0.670019
41.07,0,1.47194e-18,0.669952
41.08,0,1.4573e-18,0.669885
41.09,0,1.44279e-18,0.669818
41.1,0,1.42844e-18,0.669751
41.11,0,1.41423e-18,0.669684
41.12,0,1.40015e-18,0.669617
41.13,0,1.38622e-18,0.66955
41.14,0,1.37243e-18,0.669483
41.15,0,1.35877e-18,0.669416
41.16,0,1.34525e-18,0.669349
41.17,0,1.33187e-18,0.669282
41.18,0,1.31862e-18,0.669215
41.19,0,1.30549e-18,0.669148
41.2,0,1.2925e-18,0.669081
41.21,0,1.27964e-18,0.669014
41.22,0,1.26691e-18,0.668948
41.23,0,1.25431e-18,0.668881
41.24,0,1.24182e-18,0.668814
41.25,0,1.22947e-18,0.668747
41.26,0,1.21724e-18,0.66868
41.27,0,1.20512e-18,0.668613
41.28,0,1.19313e-18,0.668546
41.29,0,1.18126e-18,0.668479
41.3,0,1.16951e-18,0.668413
41.31,0,1.15787e-18,0.668346
41.32,0,1.14635e-18,0.668279
41.33,0,1.13494e-18,0.668212
41.34,0,1.12365e-18,0.668145
41.35,0,1.11247e-18,0.668078
41.36,0,1.1014e-18,0.668012
41.37,0,1.09044e-18,0.667945
41.38,0,1.07959e-18,0.667878
41.39,0,1.06885e-18,0.667811
41.4,0,1.05821e-18,0.667745
41.41,0,1.04768e-18,0.667678
41.42,0,1.03726e-18,0.667611
41.43,0,1.02694e-18,0.667544
41.44,0,1.01672e-18,0.667477
41.45,0,1.0066e-18,0.667411
41.46,0,9.96588e-19,0.667344
41.47,0,9.86672e-19,0.667277
41.48,0,9.76854e-19,0.667211
41.49,0,9.67134e-19,0.667144
41.5,0,9.57511e-19,0.667077
41.51,0,9.47984e-19,0.66701
41.52,0,9.38551e-19,0.666944
41.53,0,9.29212e-19,0.666877
41.54,0,9.19967e-19,0.66681
41.55,0,9.10813e-19,0.666744
41.56,0,9.0175e-19,0.666677
41.57,0,8.92777e-19,0.66661
41.58,0,8.83894e-19,0.666544
41.59,0,8.75099e-19,0.666477
41.6,0,8.66392e-19,0.66641
41.61,0,8.57771e-19,0.666344
41.62,0,8.49236e-19,0.666277
41.63,0,8.40786e-19,0.66621
41.64,0,8.3242e-19,0.666144
41.65,0,8.24137e-19,0.666077
41.66,0,8.15937e-19,0.666011
41.67,0,8.07818e-19,0.665944
41.68,0,7.9978e-19,0.665877
41.69,0,7.91823e-19,0.665811
41.7,0,7.83944e-19,0.665744
41.71,0,7.76143e-19,0.665678
41.72,0,7.68421e-19,0.665611
41.73,0,7.60775e-19,0.665545
41.74,0,7.53205e-19,0.665478
41.75,0,7.4571e-19,0.665411
41.76,0,7.3829e-19,0.665345
41.77,0,7.30944e-19,0.665278
41.78,0,7.23671e-19,0.665212
41.79,0,7.16471e-19,0.665145
41.8,0,7.09342e-19,0.665079
41.81,0,7.02284e-19,0.665012
41.82,0,6.95296e-19,0.664946
41.83,0,6.88377e-19,0.664879
41.84,0,6.81528e-19,0.664813
41.85,0,6.74747e-19,0.664746
41.86,0,6.68033e-19,0.66468
41.87,0,6.61386e-19,0.664613
41.88,0,6.54805e-19,0.664547
41.89,0,6.48289e-19,0.664481
41.9,0,6.41839e-19,0.664414
41.91,0,6.35452e-19,0.664348
41.92,0,6.2913e-19,0.664281
41.93,0,6.2287e-19,0.664215
41.94,0,6.16672e-19,0.664148
41.95,0,6.10536e-19,0.664082
41.96,0,6.04461e-19,0.664016
41.97,0,5.98447e-19,0.663949
41.98,0,5.92492e-19,0.663883
41.99,0,5.86597e-19,0.663816
42,0,5.8076e-19,0.66375
42.01,0,5.74981e-19,0.663684
42.02,0,5.6926e-19,0.663617
42.03,0,5.63596e-19,0.663551
42.04,0,5.57988e-19,0.663485
42.05,0,5.52436e-19,0.663418
42.06,0,5.46939e-19,0.663352
42.07,0,5.41497e-19,0.663286
42.08,0,5.36109e-19,0.663219
42.09,0,5.30775e-19,0.663153
42.1,0,5.25493e-19,0.663087
42.11,0,5.20264e-19,0.66302
42.12,0,5.15088e-19,0.662954
42.13,0,5.09963e-19,0.662888
42.14,0,5.04888e-19,0.662821
42.15,0,4.99865e-19,0.662755
42.16,0,4.94891e-19,0.662689
42.17,0,4.89967e-19,0.662623
42.18,0,4.85091e-19,0.662556
42.19,0,4.80265e-19,0.66249
42.2,0,4.75486e-19,0.662424
42.21,0,4.70755e-19,0.662358
42.22,0,4.66071e-19,0.662291
42.23,0,4.61433e-19,0.662225
42.24,0,4.56842e-19,0.662159
42.25,0,4.52296e-19,0.662093
42.26,0,4.47796e-19,0.662027
42.27,0,4.4334e-19,0.66196
42.28,0,4.38929e-19,0.661894
42.29,0,4.34561e-19,0.661828
42.3,0,4.30237e-19,0.661762
42.31,0,4.25957e-19,0.661696
42.32,0,4.21718e-19,0.661629
42.33,0,4.17522e-19,0.661563
42.34,0,4.13368e-19,0.661497
42.35,0,4.09255e-19,0.661431
42.36,0,4.05182e-19,0.661365
42.37,0,4.01151e-19,0.661299
42.38,0,3.97159e-19,0.661233
42.39,0,3.93207e-19,0.661166
42.4,0,3.89295e-19,0.6611
42.41,0,3.85421e-19,0.661034
42.42,0,3.81586e-19,0.660968
42.43,0,3.7779e-19,0.660902
42.44,0,3.7403e-19,0.660836
42.45,0,3.70309e-19,0.66077
42.46,0,3.66624e-19,0.660704
42.47,0,3.62976e-19,0.660638
42.48,0,3.59365e-19,0.660572
42.49,0,3.55789e-19,0.660506
42.5,0,3.52249e-19,0.66044
42.51,0,3.48744e-19,0.660374
42.52,0,3.45274e-19,0.660307
42.53,0,3.41838e-19,0.660241
42.54,0,3.38437e-19,0.660175
42.55,0,3.35069e-19,0.660109
42.56,0,3.31735e-19,0.660043
42.57,0,3.28434e-19,0.659977
42.58,0,3.25166e-19,0.659911
42.59,0,3.21931e-19,0.659845
42.6,0,3.18728e-19,0.659779
42.61,0,3.15556e-19,0.659713
42.62,0,3.12417e-19,0.659648
42.63,0,3.09308e-19,0.659582
42.64,0,3.0623e-19,0.659516
42.65,0,3.03183e-19,0.65945
42.66,0,3.00166e-19,0.659384
42.67,0,2.9718e-19,0.659318
42.68,0,2.94223e-19,0.659252
42.69,0,2.91295e-19,0.659186
42.7,0,2.88397e-19,0.65912
42.71,0,2.85527e-19,0.659054
42.72,0,2.82686e-19,0.658988
42.73,0,2.79873e-19,0.658922
42.74,0,2.77089e-19,0.658856
42.75,0,2.74332e-19,0.658791
42.76,0,2.71602e-19,0.658725
42.77,0,2.68899e-19,0.658659
42.78,0,2.66224e-19,0.658593
42.79,0,2.63575e-19,0.658527
42.8,0,2.60952e-19,0.658461
42.81,0,2.58356e-19,0.658395
42.82,0,2.55785e-19,0.65833
42.83,0,2.5324e-19,0.658264
42.84,0,2.5072e-19,0.658198
42.85,0,2.48225e-19,0.658132
42.86,0,2.45756e-19,0.658066
42.87,0,2.4331e-19,0.658
42.88,0,2.40889e-19,0.657935
42.89,0,2.38492e-19,0.657869
42.9,0,2.36119e-19,0.657803
42.91,0,2.3377e-19,0.657737
42.92,0,2.31444e-19,0.657672
42.93,0,2.29141e-19,0.657606
42.94,0,2.26861e-19,0.65754
42.95,0,2.24604e-19,0.657474
42.96,0,2.22369e-19,0.657409
42.97,0,2.20156e-19,0.657343
42.98,0,2.17966e-19,0.657277
42.99,0,2.15797e-19,0.657211
43,0,2.1365e-19,0.657146
43.01,0,2.11524e-19,0.65708
43.02,0,2.09419e-19,0.657014
43.03,0,2.07335e-19,0.656948
43.04,0,2.05272e-19,0.656883
43.05,0,2.0323e-19,0.656817
43.06,0,2.01208e-19,0.656751
43.07,0,1.99206e-19,0.656686
43.08,0,1.97223e-19,0.65662
43.09,0,1.95261e-19,0.656554
43.1,0,1.93318e-19,0.656489
43.11,0,1.91395e-19,0.656423
43.12,0,1.8949e-19,0.656358
43.13,0,1.87605e-19,0.656292
43.14,0,1.85738e-19,0.656226
43.15,0,1.8389e-19,0.656161
43.16,0,1.8206e-19,0.656095
43.17,0,1.80249e-19,0.656029
43.18,0,1.78455e-19,0.655964
43.19,0,1.76679e-19,0.655898
43.2,0,1.74921e-19,0.655833
43.21,0,1.73181e-19,0.655767
43.22,0,1.71458e-19,0.655701
43.23,0,1.69752e-19,0.655636
43.24,0,1.68063e-19,0.65557
43.25,0,1.6639e-19,0.655505
43.26,0,1.64735e-19,0.655439
43.27,0,1.63096e-19,0.655374
43.28,0,1.61473e-19,0.655308
43.29,0,1.59866e-19,0.655243
43.3,0,1.58276e-19,0.655177
43.31,0,1.56701e-19,0.655112
43.32,0,1.55141e-19,0.655046
43.33,0,1.53598e-19,0.654981
43.34,0,1.52069e-19,0.654915
43.35,0,1.50556e-19,0.65485
43.36,0,1.49058e-19,0.654784
43.37,0,1.47575e-19,0.654719
43.38,0,1.46107e-19,0.654653
43.39,0,1.44653e-19,0.654588
43.4,0,1.43214e-19,0.654522
43.41,0,1.41789e-19,0.654457
43.42,0,1.40378e-19,0.654391
43.43,0,1.38981e-19,0.654326
43.44,0,1.37598e-19,0.654261
43.45,0,1.36229e-19,0.654195
43.46,0,1.34873e-19,0.65413
43.47,0,1.33531e-19,0.654064
43.48,0,1.32203e-19,0.653999
43.49,0,1.30887e-19,0.653933
43.5,0,1.29585e-19,0.653868
43.51,0,1.28296e-19,0.653803
43.52,0,1.27019e-19,0.653737
43.53,0,1.25755e-19,0.653672
43.54,0,1.24504e-19,0.653607
43.55,0,1.23265e-19,0.653541
43.56,0,1.22039e-19,0.653476
43.57,0,1.20824e-19,0.653411
43.58,0,1.19622e-19,0.653345
43.59,0,1.18432e-19,0.65328
43.6,0,1.17253e-19,0.653215
43.61,0,1.16087e-19,0.653149
43.62,0,1.14932e-19,0.653084
43.63,0,1.13788e-19,0.653019
43.64,0,1.12656e-19,0.652953
43.65,0,1.11535e-19,0.652888
43.66,0,1.10425e-19,0.652823
43.67,0,1.09326e-19,0.652757
43.68,0,1.08239e-19,0.652692
43.69,0,1.07162e-19,0.652627
43.7,0,1.06095e-19,0.652562
43.71,0,1.0504e-19,0.652496
43.72,0,1.03994e-19,0.652431
43.73,0,1.0296e-19,0.652366
43.74,0,1.01935e-19,0.652301
43.75,0,1.00921e-19,0.652235
43.76,0,9.99167e-20,0.65217
43.77,0,9.89226e-20,0.652105
43.78,0,9.79383e-20,0.65204
43.79,0,9.69638e-20,0.651975
43.8,0,9.5999e-20,0.651909
43.81,0,9.50437e-20,0.651844
43.82,0,9.4098e-20,0.651779
43.83,0,9.31618e-20,0.651714
43.84,0,9.22348e-20,0.651649
43.85,0,9.1317e-20,0.651584
43.86,0,9.04084e-20,0.651518
43.87,0,8.95088e-20,0.651453
43.88,0,8.86182e-20,0.651388
43.89,0,8.77364e-20,0.651323
43.9,0,8.68634e-20,0.651258
43.91,0,8.59991e-20,0.651193
43.92,0,8.51434e-20,0.651128
43.93,0,8.42962e-20,0.651062
43.94,0,8.34575e-20,0.650997
43.95,0,8.26271e-20,0.650932
43.96,0,8.18049e-20,0.650867
43.97,0,8.09909e-20,0.650802
43.98,0,8.01851e-20,0.650737
43.99,0,7.93872e-20,0.650672
44,0,7.85973e-20,0.650607
44.01,0,7.78152e-20,0.650542
44.02,0,7.7041e-20,0.650477
44.03,0,7.62744e-20,0.650412
44.04,0,7.55155e-20,0.650347
44.05,0,7.47641e-20,0.650282
44.06,0,7.40201e-20,0.650217
44.07,0,7.32836e-20,0.650152
44.08,0,7.25544e-20,0.650087
44.09,0,7.18325e-20,0.650022
44.1,0,7.11178e-20,0.649957
44.11,0,7.04101e-20,0.649892
44.12,0,6.97095e-20,0.649827
44.13,0,6.90159e-20,0.649762
44.14,0,6.83292e-20,0.649697
44.15,0,6.76493e-20,0.649632
44.16,0,6.69762e-20,0.649567
44.17,0,6.63098e-20,0.649502
44.18,0,6.565e-20,0.649437
44.19,0,6.49968e-20,0.649372
44.2,0,6.435e-20,0.649307
44.21,0,6.37097e-20,0.649242
44.22,0,6.30758e-20,0.649177
44.23,0,6.24482e-20,0.649112
44.24,0,6.18268e-20,0.649047
44.25,0,6.12116e-20,0.648982
44.26,0,6.06026e-20,0.648918
44.27,0,5.99996e-20,0.648853
44.28,0,5.94026e-20,0.648788
44.29,0,5.88115e-20,0.648723
44.3,0,5.82263e-20,0.648658
44.31,0,5.76469e-20,0.648593
44.32,0,5.70734e-20,0.648528
44.33,0,5.65055e-20,0.648463
44.34,0,5.59432e-20,0.648399
44.35,0,5.53866e-20,0.648334
44.36,0,5.48355e-20,0.648269
44.37,0,5.42899e-20,0.648204
44.38,0,5.37497e-20,0.648139
44.39,0,5.32148e-20,0.648074
44.4,0,5.26853e-20,0.64801
44.41,0,5.21611e-20,0.647945
44.42,0,5.16421e-20,0.64788
44.43,0,5.11283e-20,0.647815
44.44,0,5.06195e-20,0.647751
44.45,0,5.01158e-20,0.647686
44.46,0,4.96172e-20,0.647621
44.47,0,4.91235e-20,0.647556
44.48,0,4.86347e-20,0.647491
44.49,0,4.81508e-20,0.647427
44.5,0,4.76717e-20,0.647362
44.51,0,4.71973e-20,0.647297
44.52,0,4.67277e-20,0.647233
44.53,0,4.62628e-20,0.647168
44.54,0,4.58024e-20,0.647103
44.55,0,4.53467e-20,0.647038
44.56,0,4.48955e-20,0.646974
44.57,0,4.44488e-20,0.646909
44.58,0,4.40065e-20,0.646844
44.59,0,4.35686e-20,0.64678
44.6,0,4.31351e-20,0.646715
44.61,0,4.27059e-20,0.64665
44.62,0,4.2281e-20,0.646586
44.63,0,4.18603e-20,0.646521
44.64,0,4.14438e-20,0.646456
44.65,0,4.10314e-20,0.646392
44.66,0,4.06231e-20,0.646327
44.67,0,4.02189e-20,0.646262
44.68,0,3.98187e-20,0.646198
44.69,0,3.94225e-20,0.646133
44.7,0,3.90303e-20,0.646069
44.71,0,3.86419e-20,0.646004
44.72,0,3.82574e-20,0.645939
44.73,0,3.78767e-20,0.645875
44.74,0,3.74999e-20,0.64581
44.75,0,3.71267e-20,0.645746
44.76,0,3.67573e-20,0.645681
44.77,0,3.63916e-20,0.645616
44.78,0,3.60295e-20,0.645552
44.79,0,3.5671e-20,0.645487
44.8,0,3.5316e-20,0.645423
44.81,0,3.49646e-20,0.645358
44.82,0,3.46167e-20,0.645294
44.83,0,3.42723e-20,0.645229
44.84,0,3.39313e-20,0.645165
44.85,0,3.35937e-20,0.6451
44.86,0,3.32594e-20,0.645036
44.87,0,3.29285e-20,0.644971
44.88,0,3.26008e-20,0.644907
44.89,0,3.22764e-20,0.644842
44.9,0,3.19553e-20,0.644778
44.91,0,3.16373e-20,0.644713
44.92,0,3.13225e-20,0.644649
44.93,0,3.10109e-20,0.644584
44.94,0,3.07023e-20,0.64452
44.95,0,3.03968e-20,0.644455
44.96,0,3.00943e-20,0.644391
44.97,0,2.97949e-20,0.644327
44.98,0,2.94984e-20,0.644262
44.99,0,2.92049e-20,0.644198
45,0,2.89143e-20,0.644133
45.01,0,2.86266e-20,0.644069
45.02,0,2.83418e-20,0.644004
45.03,0,2.80598e-20,0.64394
45.04,0,2.77806e-20,0.643876
45.05,0,2.75042e-20,0.643811
45.06,0,2.72305e-20,0.643747
45.07,0,2.69595e-20,0.643683
45.08,0,2.66913e-20,0.643618
45.09,0,2.64257e-20,0.643554
45.1,0,2.61628e-20,0.643489
45.11,0,2.59024e-20,0.643425
45.12,0,2.56447e-20,0.643361
45.13,0,2.53895e-20,0.643296
45.14,0,2.51369e-20,0.643232
45.15,0,2.48868e-20,0.643168
45.16,0,2.46392e-20,0.643103
45.17,0,2.4394e-20,0.643039
45.18,0,2.41513e-20,0.642975
45.19,0,2.3911e-20,0.642911
45.2,0,2.36731e-20,0.642846
45.21,0,2.34375e-20,0.642782
45.22,0,2.32043e-20,0.642718
45.23,0,2.29734e-20,0.642653
45.24,0,2.27448e-20,0.642589
45.25,0,2.25185e-20,0.642525
45.26,0,2.22944e-20,0.642461
45.27,0,2.20726e-20,0.642396
45.28,0,2.1853e-20,0.642332
45.29,0,2.16355e-20,0.642268
45.3,0,2.14203e-20,0.642204
45.31,0,2.12071e-20,0.64214
45.32,0,2.09961e-20,0.642075
45.33,0,2.07872e-20,0.642011
45.34,0,2.05804e-20,0.641947
45.35,0,2.03756e-20,0.641883
45.36,0,2.01728e-20,0.641819
45.37,0,1.99721e-20,0.641754
45.38,0,1.97734e-20,0.64169
45.39,0,1.95766e-20,0.641626
45.4,0,1.93819e-20,0.641562
45.41,0,1.9189e-20,0.641498
45.42,0,1.89981e-20,0.641434
45.43,0,1.8809e-20,0.641369
45.44,0,1.86219e-20,0.641305
45.45,0,1.84366e-20,0.641241
45.46,0,1.82531e-20,0.641177
45.47,0,1.80715e-20,0.641113
45.48,0,1.78917e-20,0.641049
45.49,0,1.77137e-20,0.640985
45.5,0,1.75374e-20,0.640921
45.51,0,1.73629e-20,0.640857
45.52,0,1.71902e-20,0.640792
45.53,0,1.70191e-20,0.640728
45.54,0,1.68498e-20,0.640664
45.55,0,1.66821e-20,0.6406
45.56,0,1.65161e-20,0.640536
45.57,0,1.63518e-20,0.640472
45.58,0,1.61891e-20,0.640408
45.59,0,1.6028e-20,0.640344
45.6,0,1.58685e-20,0.64028
45.61,0,1.57106e-20,0.640216
45.62,0,1.55543e-20,0.640152
45.63,0,1.53995e-20,0.640088
45.64,0,1.52463e-20,0.640024
45.65,0,1.50946e-20,0.63996
45.66,0,1.49444e-20,0.639896
45.67,0,1.47957e-20,0.639832
45.68,0,1.46485e-20,0.639768
45.69,0,1.45027e-20,0.639704
45.7,0,1.43584e-20,0.63964
45.71,0,1.42156e-20,0.639576
45.72,0,1.40741e-20,0.639512
45.73,0,1.39341e-20,0.639448
45.74,0,1.37954e-20,0.639384
45.75,0,1.36582e-20,0.63932
45.76,0,1.35223e-20,0.639256
45.77,0,1.33877e-20,0.639192
45.78,0,1.32545e-20,0.639129
45.79,0,1.31226e-20,0.639065
45.8,0,1.2992e-20,0.639001
45.81,0,1.28628e-20,0.638937
45.82,0,1.27348e-20,0.638873
45.83,0,1.26081e-20,0.638809
45.84,0,1.24826e-20,0.638745
45.85,0,1.23584e-20,0.638681
45.86,0,1.22354e-20,0.638617
45.87,0,1.21137e-20,0.638554
45.88,0,1.19932e-20,0.63849
45.89,0,1.18738e-20,0.638426
45.9,0,1.17557e-20,0.638362
45.91,0,1.16387e-20,0.638298
45.92,0,1.15229e-20,0.638234
45.93,0,1.14083e-20,0.638171
45.94,0,1.12947e-20,0.638107
45.95,0,1.11824e-20,0.638043
45.96,0,1.10711e-20,0.637979
45.97,0,1.09609e-20,0.637915
45.98,0,1.08519e-20,0.637852
45.99,0,1.07439e-20,0.637788
46,0,1.0637e-20,0.637724
46.01,0,1.05311e-20,0.63766
46.02,0,1.04264e-20,0.637596
46.03,0,1.03226e-20,0.637533
46.04,0,1.02199e-20,0.637469
46.05,0,1.01182e-20,0.637405
46.06,0,1.00175e-20,0.637342
46.07,0,9.91786e-21,0.637278
46.08,0,9.81918e-21,0.637214
46.09,0,9.72147e-21,0.63715
46.1,0,9.62474e-21,0.637087
46.11,0,9.52898e-21,0.637023
46.12,0,9.43416e-21,0.636959
46.13,0,9.34029e-21,0.636896
46.14,0,9.24735e-21,0.636832
46.15,0,9.15534e-21,0.636768
46.16,0,9.06424e-21,0.636704
46.17,0,8.97405e-21,0.636641
46.18,0,8.88476e-21,0.636577
46.19,0,8.79635e-21,0.636513
46.2,0,8.70883e-21,0.63645
46.21,0,8.62217e-21,0.636386
46.22,0,8.53638e-21,0.636323
46.23,0,8.45144e-21,0.636259
46.24,0,8.36735e-21,0.636195
46.25,0,8.28409e-21,0.636132
46.26,0,8.20167e-21,0.636068
46.27,0,8.12006e-21,0.636004
46.28,0,8.03926e-21,0.635941
46.29,0,7.95927e-21,0.635877
46.3,0,7.88007e-21,0.635814
46.31,0,7.80167e-21,0.63575
46.32,0,7.72404e-21,0.635687
46.33,0,7.64718e-21,0.635623
46.34,0,7.57109e-21,0.635559
46.35,0,7.49576e-21,0.635496
46.36,0,7.42117e-21,0.635432
46.37,0,7.34733e-21,0.635369
46.38,0,7.27423e-21,0.635305
46.39,0,7.20185e-21,0.635242
46.4,0,7.13019e-21,0.635178
46.41,0,7.05924e-21,0.635115
46.42,0,6.989e-21,0.635051
46.43,0,6.91946e-21,0.634988
46.44,0,6.85061e-21,0.634924
46.45,0,6.78244e-21,0.634861
46.46,0,6.71496e-21,0.634797
46.47,0,6.64814e-21,0.634734
46.48,0,6.58199e-21,0.63467
46.49,0,6.5165e-21,0.634607
46.5,0,6.45166e-21,0.634543
46.51,0,6.38746e-21,0.63448
46.52,0,6.32391e-21,0.634416
46.53,0,6.26098e-21,0.634353
46.54,0,6.19869e-21,0.63429
46.55,0,6.13701e-21,0.634226
46.56,0,6.07594e-21,0.634163
46.57,0,6.01549e-21,0.634099
46.58,0,5.95563e-21,0.634036
46.59,0,5.89637e-21,0.633973
46.6,0,5.8377e-21,0.633909
46.61,0,5.77962e-21,0.633846
46.62,0,5.72211e-21,0.633782
46.63,0,5.66517e-21,0.633719
46.64,0,5.6088e-21,0.633656
46.65,0,5.55299e-21,0.633592
46.66,0,5.49774e-21,0.633529
46.67,0,5.44304e-21,0.633466
46.68,0,5.38888e-21,0.633402
46.69,0,5.33526e-21,0.633339
46.7,0,5.28217e-21,0.633276
46.71,0,5.22961e-21,0.633212
46.72,0,5.17758e-21,0.633149
46.73,0,5.12606e-21,0.633086
46.74,0,5.07505e-21,0.633022
46.75,0,5.02456e-21,0.632959
46.76,0,4.97456e-21,0.632896
46.77,0,4.92506e-21,0.632832
46.78,0,4.87606e-21,0.632769
46.79,0,4.82754e-21,0.632706
46.8,0,4.77951e-21,0.632643
46.81,0,4.73195e-21,0.632579
46.82,0,4.68487e-21,0.632516
46.83,0,4.63825e-21,0.632453
46.84,0,4.5921e-21,0.63239
46.85,0,4.54641e-21,0.632326
46.86,0,4.50117e-21,0.632263
46.87,0,4.45638e-21,0.6322
46.88,0,4.41204e-21,0.632137
46.89,0,4.36814e-21,0.632073
46.9,0,4.32468e-21,0.63201
46.91,0,4.28165e-21,0.631947
46.92,0,4.23904e-21,0.631884
46.93,0,4.19686e-21,0.631821
46.94,0,4.1551e-21,0.631758
46.95,0,4.11376e-21,0.631694
46.96,0,4.07283e-21,0.631631
46.97,0,4.0323e-21,0.631568
46.98,0,3.99218e-21,0.631505
46.99,0,3.95246e-21,0.631442
47,0,3.91313e-21,0.631379
47.01,0,3.87419e-21,0.631315
47.02,0,3.83564e-21,0.631252
47.03,0,3.79748e-21,0.631189
47.04,0,3.75969e-21,0.631126
47.05,0,3.72228e-21,0.631063
47.06,0,3.68525e-21,0.631
47.07,0,3.64858e-21,0.630937
47.08,0,3.61227e-21,0.630874
47.09,0,3.57633e-21,0.630811
47.1,0,3.54075e-21,0.630747
47.11,0,3.50551e-21,0.630684
47.12,0,3.47063e-21,0.630621
47.13,0,3.4361e-21,0.630558
47.14,0,3.40191e-21,0.630495
47.15,0,3.36806e-21,0.630432
47.16,0,3.33455e-21,0.630369
47.17,0,3.30137e-21,0.630306
47.18,0,3.26852e-21,0.630243
47.19,0,3.236e-21,0.63018
47.2,0,3.2038e-21,0.630117
47.21,0,3.17192e-21,0.630054
47.22,0,3.14036e-21,0.629991
47.23,0,3.10911e-21,0.629928
47.24,0,3.07818e-21,0.629865
47.25,0,3.04755e-21,0.629802
47.26,0,3.01722e-21,0.629739
47.27,0,2.9872e-21,0.629676
47.28,0,2.95748e-21,0.629613
47.29,0,2.92805e-21,0.62955
47.3,0,2.89892e-21,0.629487
47.31,0,2.87007e-21,0.629424
47.32,0,2.84151e-21,0.629361
47.33,0,2.81324e-21,0.629298
47.34,0,2.78525e-21,0.629236
47.35,0,2.75754e-21,0.629173
47.36,0,2.7301e-21,0.62911
47.37,0,2.70293e-21,0.629047
47.38,0,2.67604e-21,0.628984
47.39,0,2.64941e-21,0.628921
47.4,0,2.62305e-21,0.628858
47.41,0,2.59695e-21,0.628795
47.42,0,2.57111e-21,0.628732
47.43,0,2.54553e-21,0.628669
47.44,0,2.5202e-21,0.628607
47.45,0,2.49512e-21,0.628544
47.46,0,2.47029e-21,0.628481
47.47,0,2.44571e-21,0.628418
47.48,0,2.42138e-21,0.628355
47.49,0,2.39729e-21,0.628292
47.5,0,2.37343e-21,0.62823
47.51,0,2.34982e-21,0.628167
47.52,0,2.32644e-21,0.628104
47.53,0,2.30329e-21,0.628041
47.54,0,2.28037e-21,0.627978
47.55,0,2.25768e-21,0.627916
47.56,0,2.23521e-21,0.627853
47.57,0,2.21297e-21,0.62779
47.58,0,2.19095e-21,0.627727
47.59,0,2.16915e-21,0.627664
47.6,0,2.14757e-21,0.627602
47.61,0,2.1262e-21,0.627539
47.62,0,2.10505e-21,0.627476
47.63,0,2.0841e-21,0.627413
47.64,0,2.06336e-21,0.627351
47.65,0,2.04283e-21,0.627288
47.66,0,2.02251e-21,0.627225
47.67,0,2.00238e-21,0.627162
47.68,0,1.98246e-21,0.6271
47.69,0,1.96273e-21,0.627037
47.7,0,1.9432e-21,0.626974
47.71,0,1.92387e-21,0.626912
47.72,0,1.90472e-21,0.626849
47.73,0,1.88577e-21,0.626786
47.74,0,1.86701e-21,0.626724
47.75,0,1.84843e-21,0.626661
47.76,0,1.83004e-21,0.626598
47.77,0,1.81183e-21,0.626536
47.78,0,1.7938e-21,0.626473
47.79,0,1.77595e-21,0.62641
47.8,0,1.75828e-21,0.626348
47.81,0,1.74079e-21,0.626285
47.82,0,1.72347e-21,0.626222
47.83,0,1.70632e-21,0.62616
47.84,0,1.68934e-21,0.626097
47.85,0,1.67253e-21,0.626035
47.86,0,1.65589e-21,0.625972
47.87,0,1.63941e-21,0.625909
47.88,0,1.6231e-21,0.625847
47.89,0,1.60695e-21,0.625784
47.9,0,1.59096e-21,0.625722
47.91,0,1.57513e-21,0.625659
47.92,0,1.55946e-21,0.625597
47.93,0,1.54394e-21,0.625534
47.94,0,1.52858e-21,0.625471
47.95,0,1.51337e-21,0.625409
47.96,0,1.49831e-21,0.625346
47.97,0,1.4834e-21,0.625284
47.98,0,1.46864e-21,0.625221
47.99,0,1.45403e-21,0.625159
48,0,1.43956e-21,0.625096
48.01,0,1.42524e-21,0.625034
48.02,0,1.41105e-21,0.624971
48.03,0,1.39701e-21,0.624909
48.04,0,1.38311e-21,0.624846
48.05,0,1.36935e-21,0.624784
48.06,0,1.35573e-21,0.624721
48.07,0,1.34224e-21,0.624659
48.08,0,1.32888e-21,0.624596
48.09,0,1.31566e-21,0.624534
48.1,0,1.30257e-21,0.624471
48.11,0,1.28961e-21,0.624409
48.12,0,1.27677e-21,0.624347
48.13,0,1.26407e-21,0.624284
48.14,0,1.25149e-21,0.624222
48.15,0,1.23904e-21,0.624159
48.16,0,1.22671e-21,0.624097
48.17,0,1.21451e-21,0.624034
48.18,0,1.20242e-21,0.623972
48.19,0,1.19046e-21,0.62391
48.2,0,1.17861e-21,0.623847
48.21,0,1.16688e-21,0.623785
48.22,0,1.15527e-21,0.623723
48.23,0,1.14378e-21,0.62366
48.24,0,1.1324e-21,0.623598
48.25,0,1.12113e-21,0.623535
48.26,0,1.10997e-21,0.623473
48.27,0,1.09893e-21,0.623411
48.28,0,1.088e-21,0.623348
48.29,0,1.07717e-21,0.623286
48.3,0,1.06645e-21,0.623224
48.31,0,1.05584e-21,0.623161
48.32,0,1.04533e-21,0.623099
48.33,0,1.03493e-21,0.623037
48.34,0,1.02464e-21,0.622975
48.35,0,1.01444e-21,0.622912
48.36,0,1.00435e-21,0.62285
48.37,0,9.94353e-22,0.622788
48.38,0,9.84459e-22,0.622725
48.39,0,9.74664e-22,0.622663
48.4,0,9.64966e-22,0.622601
48.41,0,9.55364e-22,0.622539
48.42,0,9.45858e-22,0.622476
48.43,0,9.36447e-22,0.622414
48.44,0,9.27129e-22,0.622352
48.45,0,9.17904e-22,0.62229
48.46,0,9.0877e-22,0.622227
48.47,0,8.99728e-22,0.622165
48.48,0,8.90776e-22,0.622103
48.49,0,8.81912e-22,0.622041
48.5,0,8.73137e-22,0.621979
48.51,0,8.64449e-22,0.621916
48.52,0,8.55848e-22,0.621854
48.53,0,8.47332e-22,0.621792
48.54,0,8.38901e-22,0.62173
48.55,0,8.30554e-22,0.621668
48.56,0,8.2229e-22,0.621605
48.57,0,8.14108e-22,0.621543
48.58,0,8.06007e-22,0.621481
48.59,0,7.97987e-22,0.621419
48.6,0,7.90047e-22,0.621357
48.61,0,7.82186e-22,0.621295
48.62,0,7.74403e-22,0.621233
48.63,0,7.66698e-22,0.621171
48.64,0,7.59069e-22,0.621108
48.65,0,7.51516e-22,0.621046
48.66,0,7.44038e-22,0.620984
48.67,0,7.36635e-22,0.620922
48.68,0,7.29305e-22,0.62086
48.69,0,7.22049e-22,0.620798
48.7,0,7.14864e-22,0.620736
48.71,0,7.07751e-22,0.620674
48.72,0,7.00709e-22,0.620612
48.73,0,6.93737e-22,0.62055
48.74,0,6.86834e-22,0.620488
48.75,0,6.8e-22,0.620426
48.76,0,6.73234e-22,0.620364
48.77,0,6.66535e-22,0.620301
48.78,0,6.59903e-22,0.620239
48.79,0,6.53337e-22,0.620177
48.8,0,6.46836e-22,0.620115
48.81,0,6.404e-22,0.620053
48.82,0,6.34028e-22,0.619991
48.83,0,6.27719e-22,0.619929
48.84,0,6.21473e-22,0.619867
48.85,0,6.15289e-22,0.619805
48.86,0,6.09167e-22,0.619743
48.87,0,6.03106e-22,0.619681
48.88,0,5.97105e-22,0.61962
48.89,0,5.91163e-22,0.619558
48.9,0,5.85281e-22,0.619496
48.91,0,5.79458e-22,0.619434
48.92,0,5.73692e-22,0.619372
48.93,0,5.67984e-22,0.61931
48.94,0,5.62332e-22,0.619248
48.95,0,5.56737e-22,0.619186
48.96,0,5.51197e-22,0.619124
48.97,0,5.45713e-22,0.619062
48.98,0,5.40283e-22,0.619
48.99,0,5.34907e-22,0.618938
49,0,5.29584e-22,0.618876
49.01,0,5.24315e-22,0.618815
49.02,0,5.19098e-22,0.618753
49.03,0,5.13933e-22,0.618691
49.04,0,5.08819e-22,0.618629
49.05,0,5.03756e-22,0.618567
49.06,0,4.98744e-22,0.618505
49.07,0,4.93781e-22,0.618443
49.08,0,4.88868e-22,0.618382
49.09,0,4.84004e-22,0.61832
49.1,0,4.79188e-22,0.618258
49.11,0,4.7442e-22,0.618196
49.12,0,4.69699e-22,0.618134
49.13,0,4.65026e-22,0.618072
49.14,0,4.60399e-22,0.618011
49.15,0,4.55818e-22,0.617949
49.16,0,4.51282e-22,0.617887
49.17,0,4.46792e-22,0.617825
49.18,0,4.42346e-22,0.617763
49.19,0,4.37945e-22,0.617702
49.2,0,4.33587e-22,0.61764
49.21,0,4.29273e-22,0.617578
49.22,0,4.25001e-22,0.617516
49.23,0,4.20773e-22,0.617455
49.24,0,4.16586e-22,0.617393
49.25,0,4.12441e-22,0.617331
49.26,0,4.08337e-22,0.617269
49.27,0,4.04274e-22,0.617208
49.28,0,4.00251e-22,0.617146
49.29,0,3.96269e-22,0.617084
49.3,0,3.92326e-22,0.617023
49.31,0,3.88422e-22,0.616961
49.32,0,3.84557e-22,0.616899
49.33,0,3.80731e-22,0.616838
49.34,0,3.76942e-22,0.616776
49.35,0,3.73192e-22,0.616714
49.36,0,3.69479e-22,0.616652
49.37,0,3.65802e-22,0.616591
49.38,0,3.62162e-22,0.616529
49.39,0,3.58559e-22,0.616468
49.4,0,3.54991e-22,0.616406
49.41,0,3.51459e-22,0.616344
49.42,0,3.47962e-22,0.616283
49.43,0,3.44499e-22,0.616221
49.44,0,3.41072e-22,0.616159
49.45,0,3.37678e-22,0.616098
49.46,0,3.34318e-22,0.616036
49.47,0,3.30991e-22,0.615975
49.48,0,3.27698e-22,0.615913
49.49,0,3.24437e-22,0.615851
49.5,0,3.21209e-22,0.61579
49.51,0,3.18013e-22,0.615728
49.52,0,3.14849e-22,0.615667
49.53,0,3.11716e-22,0.615605
49.54,0,3.08614e-22,0.615544
49.55,0,3.05544e-22,0.615482
49.56,0,3.02503e-22,0.61542
49.57,0,2.99493e-22,0.615359
49.58,0,2.96513e-22,0.615297
49.59,0,2.93563e-22,0.615236
49.6,0,2.90642e-22,0.615174
49.61,0,2.8775e-22,0.615113
49.62,0,2.84887e-22,0.615051
49.63,0,2.82052e-22,0.61499
49.64,0,2.79246e-22,0.614928
49.65,0,2.76467e-22,0.614867
49.66,0,2.73716e-22,0.614805
49.67,0,2.70993e-22,0.614744
49.68,0,2.68296e-22,0.614682
49.69,0,2.65627e-22,0.614621
49.7,0,2.62984e-22,0.614559
49.71,0,2.60367e-22,0.614498
49.72,0,2.57776e-22,0.614437
49.73,0,2.55211e-22,0.614375
49.74,0,2.52672e-22,0.614314
49.75,0,2.50158e-22,0.614252
49.76,0,2.47669e-22,0.614191
49.77,0,2.45205e-22,0.614129
49.78,0,2.42765e-22,0.614068
49.79,0,2.40349e-22,0.614007
49.8,0,2.37958e-22,0.613945
49.81,0,2.3559e-22,0.613884
49.82,0,2.33246e-22,0.613822
49.83,0,2.30925e-22,0.613761
49.84,0,2.28627e-22,0.6137
49.85,0,2.26352e-22,0.613638
49.86,0,2.241e-22,0.613577
49.87,0,2.2187e-22,0.613516
49.88,0,2.19663e-22,0.613454
49.89,0,2.17477e-22,0.613393
49.9,0,2.15313e-22,0.613332
49.91,0,2.13171e-22,0.61327
49.92,0,2.11049e-22,0.613209
49.93,0,2.08949e-22,0.613148
49.94,0,2.0687e-22,0.613086
49.95,0,2.04812e-22,0.613025
49.96,0,2.02774e-22,0.612964
49.97,0,2.00756e-22,0.612902
49.98,0,1.98759e-22,0.612841
49.99,0,1.96781e-22,0.61278
50,0,1.94823e-22,0.612719
50.01,0,1.92885e-22,0.612657
50.02,0,1.90965e-22,0.612596
50.03,0,1.89065e-22,0.612535
50.04,0,1.87184e-22,0.612473
50.05,0,1.85322e-22,0.612412
50.06,0,1.83478e-22,0.612351
50.07,0,1.81652e-22,0.61229
50.08,0,1.79844e-22,0.612229
50.09,0,1.78055e-22,0.612167
50.1,0,1.76283e-22,0.612106
50.11,0,1.74529e-22,0.612045
50.12,0,1.72793e-22,0.611984
50.13,0,1.71073e-22,0.611922
50.14,0,1.69371e-22,0.611861
50.15,0,1.67686e-22,0.6118
50.16,0,1.66017e-22,0.611739
50.17,0,1.64365e-22,0.611678
50.18,0,1.6273e-22,0.611617
50.19,0,1.61111e-22,0.611555
50.2,0,1.59508e-22,0.611494
50.21,0,1.57921e-22,0.611433
50.22,0,1.56349e-22,0.611372
50.23,0,1.54794e-22,0.611311
50.24,0,1.53253e-22,0.61125
50.25,0,1.51728e-22,0.611189
50.26,0,1.50219e-22,0.611128
50.27,0,1.48724e-22,0.611066
50.28,0,1.47244e-22,0.611005
50.29,0,1.45779e-22,0.610944
50.3,0,1.44329e-22,0.610883
50.31,0,1.42892e-22,0.610822
50.32,0,1.41471e-22,0.610761
50.33,0,1.40063e-22,0.6107
50.34,0,1.38669e-22,0.610639
50.35,0,1.3729e-22,0.610578
50.36,0,1.35924e-22,0.610517
50.37,0,1.34571e-22,0.610456
50.38,0,1.33232e-22,0.610395
50.39,0,1.31906e-22,0.610334
50.4,0,1.30594e-22,0.610273
50.41,0,1.29294e-22,0.610212
50.42,0,1.28008e-22,0.61015
50.43,0,1.26734e-22,0.610089
50.44,0,1.25473e-22,0.610028
50.45,0,1.24225e-22,0.609967
50.46,0,1.22989e-22,0.609906
50.47,0,1.21765e-22,0.609845
50.48,0,1.20553e-22,0.609785
50.49,0,1.19354e-22,0.609724
50.5,0,1.18166e-22,0.609663
50.51,0,1.1699e-22,0.609602
50.52,0,1.15826e-22,0.609541
50.53,0,1.14674e-22,0.60948
50.54,0,1.13533e-22,0.609419
50.55,0,1.12403e-22,0.609358
50.56,0,1.11285e-22,0.609297
50.57,0,1.10177e-22,0.609236
50.58,0,1.09081e-22,0.609175
50.59,0,1.07996e-22,0.609114
50.6,0,1.06921e-22,0.609053
50.61,0,1.05857e-22,0.608992
50.62,0,1.04804e-22,0.608931
50.63,0,1.03761e-22,0.608871
50.64,0,1.02729e-22,0.60881
50.65,0,1.01707e-22,0.608749
50.66,0,1.00695e-22,0.608688
50.67,0,9.96927e-23,0.608627
50.68,0,9.87008e-23,0.608566
50.69,0,9.77187e-23,0.608505
50.7,0,9.67463e-23,0.608444
50.71,0,9.57837e-23,0.608384
50.72,0,9.48306e-23,0.608323
50.73,0,9.38871e-23,0.608262
50.74,0,9.29529e-23,0.608201
50.75,0,9.2028e-23,0.60814
50.76,0,9.11123e-23,0.608079
50.77,0,9.02057e-23,0.608019
50.78,0,8.93081e-23,0.607958
50.79,0,8.84195e-23,0.607897
50.8,0,8.75397e-23,0.607836
50.81,0,8.66687e-23,0.607776
50.82,0,8.58063e-23,0.607715
50.83,0,8.49525e-23,0.607654
50.84,0,8.41072e-23,0.607593
50.85,0,8.32704e-23,0.607532
50.86,0,8.24418e-23,0.607472
50.87,0,8.16215e-23,0.607411
50.88,0,8.08093e-23,0.60735
50.89,0,8.00053e-23,0.60729
50.9,0,7.92092e-23,0.607229
50.91,0,7.84211e-23,0.607168
50.92,0,7.76408e-23,0.607107
50.93,0,7.68682e-23,0.607047
50.94,0,7.61034e-23,0.606986
50.95,0,7.53461e-23,0.606925
50.96,0,7.45964e-23,0.606865
50.97,0,7.38542e-23,0.606804
50.98,0,7.31193e-23,0.606743
50.99,0,7.23918e-23,0.606683
51,0,7.16715e-23,0.606622
51.01,0,7.09583e-23,0.606561
51.02,0,7.02523e-23,0.606501
51.03,0,6.95532e-23,0.60644
51.04,0,6.88612e-23,0.606379
51.05,0,6.8176e-23,0.606319
51.06,0,6.74976e-23,0.606258
51.07,0,6.6826e-23,0.606197
51.08,0,6.61611e-23,0.606137
51.09,0,6.55028e-23,0.606076
51.1,0,6.4851e-23,0.606016
51.11,0,6.42057e-23,0.605955
51.12,0,6.35669e-23,0.605894
51.13,0,6.29344e-23,0.605834
51.14,0,6.23082e-23,0.605773
51.15,0,6.16882e-23,0.605713
51.16,0,6.10744e-23,0.605652
51.17,0,6.04667e-23,0.605591
51.18,0,5.9865e-23,0.605531
51.19,0,5.92694e-23,0.60547
51.2,0,5.86796e-23,0.60541
51.21,0,5.80958e-23,0.605349
51.22,0,5.75177e-23,0.605289
51.23,0,5.69454e-23,0.605228
51.24,0,5.63788e-23,0.605168
51.25,0,5.58178e-23,0.605107
51.26,0,5.52624e-23,0.605047
51.27,0,5.47125e-23,0.604986
51.28,0,5.41681e-23,0.604926
51.29,0,5.36291e-23,0.604865
51.3,0,5.30955e-23,0.604805
51.31,0,5.25672e-23,0.604744
51.32,0,5.20442e-23,0.604684
51.33,0,5.15263e-23,0.604623
51.34,0,5.10136e-23,0.604563
51.35,0,5.0506e-23,0.604502
51.36,0,5.00035e-23,0.604442
51.37,0,4.95059e-23,0.604381
51.38,0,4.90133e-23,0.604321
51.39,0,4.85257e-23,0.604261
51.4,0,4.80428e-23,0.6042
51.41,0,4.75648e-23,0.60414
51.42,0,4.70915e-23,0.604079
51.43,0,4.66229e-23,0.604019
51.44,0,4.6159e-23,0.603959
51.45,0,4.56997e-23,0.603898
51.46,0,4.5245e-23,0.603838
51.47,0,4.47948e-23,0.603777
51.48,0,4.43491e-23,0.603717
51.49,0,4.39078e-23,0.603657
51.5,0,4.34709e-23,0.603596
51.51,0,4.30384e-23,0.603536
51.52,0,4.26102e-23,0.603476
51.53,0,4.21862e-23,0.603415
51.54,0,4.17664e-23,0.603355
51.55,0,4.13508e-23,0.603295
51.56,0,4.09394e-23,0.603234
51.57,0,4.0532e-23,0.603174
51.58,0,4.01287e-23,0.603114
51.59,0,3.97294e-23,0.603053
51.6,0,3.93341e-23,0.602993
51.61,0,3.89427e-23,0.602933
51.62,0,3.85553e-23,0.602872
51.63,0,3.81716e-23,0.602812
51.64,0,3.77918e-23,0.602752
51.65,0,3.74158e-23,0.602692
51.66,0,3.70435e-23,0.602631
51.67,0,3.66749e-23,0.602571
51.68,0,3.631e-23,0.602511
51.69,0,3.59487e-23,0.602451
51.7,0,3.5591e-23,0.60239
51.71,0,3.52369e-23,0.60233
51.72,0,3.48862e-23,0.60227
51.73,0,3.45391e-23,0.60221
51.74,0,3.41954e-23,0.602149
51.75,0,3.38552e-23,0.602089
51.76,0,3.35183e-23,0.602029
51.77,0,3.31848e-23,0.601969
51.78,0,3.28546e-23,0.601909
51.79,0,3.25277e-23,0.601848
51.8,0,3.22041e-23,0.601788
51.81,0,3.18836e-23,0.601728
51.82,0,3.15664e-23,0.601668
51.83,0,3.12523e-23,0.601608
51.84,0,3.09413e-23,0.601548
51.85,0,3.06335e-23,0.601487
51.86,0,3.03286e-23,0.601427
51.87,0,3.00269e-23,0.601367
51.88,0,2.97281e-23,0.601307
51.89,0,2.94323e-23,0.601247
51.9,0,2.91394e-23,0.601187
51.91,0,2.88495e-23,0.601127
51.92,0,2.85624e-23,0.601067
51.93,0,2.82782e-23,0.601006
51.94,0,2.79969e-23,0.600946
51.95,0,2.77183e-23,0.600886
51.96,0,2.74425e-23,0.600826
51.97,0,2.71694e-23,0.600766
51.98,0,2.68991e-23,0.600706
51.99,0,2.66314e-23,0.600646
52,0,2.63665e-23,0.600586
52.01,0,2.61041e-23,0.600526
52.02,0,2.58444e-23,0.600466
52.03,0,2.55872e-23,0.600406
52.04,0,2.53326e-23,0.600346
52.05,0,2.50805e-23,0.600286
52.06,0,2.4831e-23,0.600226
52.07,0,2.45839e-23,0.600166
52.08,0,2.43393e-23,0.600106
52.09,0,2.40971e-23,0.600046
52.1,0,2.38574e-23,0.599986
52.11,0,2.362e-23,0.599926
52.12,0,2.33849e-23,0.599866
52.13,0,2.31523e-23,0.599806
52.14,0,2.29219e-23,0.599746
52.15,0,2.26938e-23,0.599686
52.16,0,2.2468e-23,0.599626
52.17,0,2.22445e-23,0.599566
52.18,0,2.20231e-23,0.599506
52.19,0,2.1804e-23,0.599446
52.2,0,2.1587e-23,0.599386
52.21,0,2.13722e-23,0.599326
52.22,0,2.11596e-23,0.599266
52.23,0,2.0949e-23,0.599206
52.24,0,2.07406e-23,0.599146
52.25,0,2.05342e-23,0.599086
52.26,0,2.03299e-23,0.599026
52.27,0,2.01276e-23,0.598966
52.28,0,1.99273e-23,0.598907
52.29,0,1.97291e-23,0.598847
52.3,0,1.95328e-23,0.598787
52.31,0,1.93384e-23,0.598727
52.32,0,1.9146e-23,0.598667
52.33,0,1.89555e-23,0.598607
52.34,0,1.87669e-23,0.598547
52.35,0,1.85801e-23,0.598487
52.36,0,1.83953e-23,0.598428
52.37,0,1.82122e-23,0.598368
52.38,0,1.8031e-23,0.598308
52.39,0,1.78516e-23,0.598248
52.4,0,1.7674e-23,0.598188
52.41,0,1.74981e-23,0.598129
52.42,0,1.7324e-23,0.598069
52.43,0,1.71516e-23,0.598009
52.44,0,1.6981e-23,0.597949
52.45,0,1.6812e-23,0.597889
52.46,0,1.66447e-23,0.59783
52.47,0,1.64791e-23,0.59777
52.48,0,1.63151e-23,0.59771
52.49,0,1.61528e-23,0.59765
52.5,0,1.59921e-23,0.59759
52.51,0,1.58329e-23,0.597531
52.52,0,1.56754e-23,0.597471
52.53,0,1.55194e-23,0.597411
52.54,0,1.5365e-23,0.597351
52.55,0,1.52121e-23,0.597292
52.56,0,1.50608e-23,0.597232
52.57,0,1.49109e-23,0.597172
52.58,0,1.47625e-23,0.597113
52.59,0,1.46156e-23,0.597053
52.6,0,1.44702e-23,0.596993
52.61,0,1.43262e-23,0.596933
52.62,0,1.41837e-23,0.596874
52.63,0,1.40426e-23,0.596814
52.64,0,1.39028e-23,0.596754
52.65,0,1.37645e-23,0.596695
52.66,0,1.36275e-23,0.596635
52.67,0,1.34919e-23,0.596575
52.68,0,1.33577e-23,0.596516
52.69,0,1.32248e-23,0.596456
52.7,0,1.30932e-23,0.596396
52.71,0,1.29629e-23,0.596337
52.72,0,1.28339e-23,0.596277
52.73,0,1.27062e-23,0.596218
52.74,0,1.25798e-23,0.596158
52.75,0,1.24546e-23,0.596098
52.76,0,1.23307e-23,0.596039
52.77,0,1.2208e-23,0.595979
52.78,0,1.20865e-23,0.59592
52.79,0,1.19663e-23,0.59586
52.8,0,1.18472e-23,0.5958
52.81,0,1.17293e-23,0.595741
52.82,0,1.16126e-23,0.595681
52.83,0,1.14971e-23,0.595622
52.84,0,1.13827e-23,0.595562
52.85,0,1.12694e-23,0.595503
52.86,0,1.11573e-23,0.595443
52.87,0,1.10463e-23,0.595383
52.88,0,1.09364e-23,0.595324
52.89,0,1.08275e-23,0.595264
52.9,0,1.07198e-23,0.595205
52.91,0,1.06131e-23,0.595145
52.92,0,1.05075e-23,0.595086
52.93,0,1.0403e-23,0.595026
52.94,0,1.02995e-23,0.594967
52.95,0,1.0197e-23,0.594907
52.96,0,1.00955e-23,0.594848
52.97,0,9.99508e-24,0.594788
52.98,0,9.89562e-24,0.594729
52.99,0,9.79716e-24,0.594669
53,0,9.69968e-24,0.59461
53.01,0,9.60316e-24,0.59455
53.02,0,9.50761e-24,0.594491
53.03,0,9.41301e-24,0.594432
53.04,0,9.31935e-24,0.594372
53.05,0,9.22662e-24,0.594313
53.06,0,9.13481e-24,0.594253
53.07,0,9.04392e-24,0.594194
53.08,0,8.95393e-24,0.594134
53.09,0,8.86484e-24,0.594075
53.1,0,8.77663e-24,0.594016
53.11,0,8.6893e-24,0.593956
53.12,0,8.60284e-24,0.593897
53.13,0,8.51724e-24,0.593837
53.14,0,8.43249e-24,0.593778
53.15,0,8.34859e-24,0.593719
53.16,0,8.26552e-24,0.593659
53.17,0,8.18328e-24,0.5936
53.18,0,8.10185e-24,0.593541
53.19,0,8.02124e-24,0.593481
53.2,0,7.94142e-24,0.593422
53.21,0,7.86241e-24,0.593363
53.22,0,7.78417e-24,0.593303
53.23,0,7.70672e-24,0.593244
53.24,0,7.63004e-24,0.593185
53.25,0,7.55412e-24,0.593125
53.26,0,7.47895e-24,0.593066
53.27,0,7.40453e-24,0.593007
53.28,0,7.33086e-24,0.592947
53.29,0,7.25791e-24,0.592888
53.3,0,7.1857e-24,0.592829
53.31,0,7.1142e-24,0.592769
53.32,0,7.04341e-24,0.59271
53.33,0,6.97333e-24,0.592651
53.34,0,6.90394e-24,0.592592
53.35,0,6.83525e-24,0.592532
53.36,0,6.76723e-24,0.592473
53.37,0,6.6999e-24,0.592414
53.38,0,6.63323e-24,0.592355
53.39,0,6.56723e-24,0.592295
53.4,0,6.50189e-24,0.592236
53.41,0,6.43719e-24,0.592177
53.42,0,6.37314e-24,0.592118
53.43,0,6.30973e-24,0.592059
53.44,0,6.24695e-24,0.591999
53.45,0,6.18479e-24,0.59194
53.46,0,6.12325e-24,0.591881
53.47,0,6.06232e-24,0.591822
53.48,0,6.002e-24,0.591763
53.49,0,5.94228e-24,0.591703
53.5,0,5.88315e-24,0.591644
53.51,0,5.82461e-24,0.591585
53.52,0,5.76666e-24,0.591526
53.53,0,5.70928e-24,0.591467
53.54,0,5.65247e-24,0.591408
53.55,0,5.59623e-24,0.591349
53.56,0,5.54054e-24,0.591289
53.57,0,5.48541e-24,0.59123
53.58,0,5.43083e-24,0.591171
53.59,0,5.3768e-24,0.591112
53.6,0,5.3233e-24,0.591053
53.61,0,5.27033e-24,0.590994
53.62,0,5.21789e-24,0.590935
53.63,0,5.16597e-24,0.590876
53.64,0,5.11457e-24,0.590817
53.65,0,5.06368e-24,0.590758
53.66,0,5.01329e-24,0.590698
53.67,0,4.96341e-24,0.590639
53.68,0,4.91402e-24,0.59058
53.69,0,4.86513e-24,0.590521
53.7,0,4.81672e-24,0.590462
53.71,0,4.76879e-24,0.590403
53.72,0,4.72134e-24,0.590344
53.73,0,4.67436e-24,0.590285
53.74,0,4.62785e-24,0.590226
53.75,0,4.5818e-24,0.590167
53.76,0,4.53621e-24,0.590108
53.77,0,4.49108e-24,0.590049
53.78,0,4.44639e-24,0.58999
53.79,0,4.40215e-24,0.589931
53.8,0,4.35835e-24,0.589872
53.81,0,4.31498e-24,0.589813
53.82,0,4.27204e-24,0.589754
53.83,0,4.22954e-24,0.589695
53.84,0,4.18745e-24,0.589636
53.85,0,4.14579e-24,0.589577
53.86,0,4.10454e-24,0.589518
53.87,0,4.06369e-24,0.589459
53.88,0,4.02326e-24,0.5894
53.89,0,3.98323e-24,0.589341
53.9,0,3.94359e-24,0.589282
53.91,0,3.90435e-24,0.589224
53.92,0,3.86551e-24,0.589165
53.93,0,3.82704e-24,0.589106
53.94,0,3.78896e-24,0.589047
53.95,0,3.75126e-24,0.588988
53.96,0,3.71394e-24,0.588929
53.97,0,3.67698e-24,0.58887
53.98,0,3.6404e-24,0.588811
53.99,0,3.60417e-24,0.588752
54,0,3.56831e-24,0.588693
54.01,0,3.53281e-24,0.588635
54.02,0,3.49765e-24,0.588576
54.03,0,3.46285e-24,0.588517
54.04,0,3.4284e-24,0.588458
54.05,0,3.39428e-24,0.588399
54.06,0,3.36051e-24,0.58834
54.07,0,3.32707e-24,0.588282
54.08,0,3.29397e-24,0.588223
54.09,0,3.26119e-24,0.588164
54.1,0,3.22874e-24,0.588105
54.11,0,3.19662e-24,0.588046
54.12,0,3.16481e-24,0.587987
54.13,0,3.13332e-24,0.587929
54.14,0,3.10214e-24,0.58787
54.15,0,3.07127e-24,0.587811
54.16,0,3.04071e-24,0.587752
54.17,0,3.01046e-24,0.587694
54.18,0,2.9805e-24,0.587635
54.19,0,2.95085e-24,0.587576
54.2,0,2.92149e-24,0.587517
54.21,0,2.89242e-24,0.587459
54.22,0,2.86364e-24,0.5874
54.23,0,2.83514e-24,0.587341
54.24,0,2.80693e-24,0.587282
54.25,0,2.779e-24,0.587224
54.26,0,2.75135e-24,0.587165
54.27,0,2.72398e-24,0.587106
54.28,0,2.69687e-24,0.587047
54.29,0,2.67004e-24,0.586989
54.3,0,2.64347e-24,0.58693
54.31,0,2.61717e-24,0.586871
54.32,0,2.59113e-24,0.586813
54.33,0,2.56534e-24,0.586754
54.34,0,2.53982e-24,0.586695
54.35,0,2.51455e-24,0.586637
54.36,0,2.48953e-24,0.586578
54.37,0,2.46476e-24,0.586519
54.38,0,2.44023e-24,0.586461
54.39,0,2.41595e-24,0.586402
54.4,0,2.39191e-24,0.586343
54.41,0,2.36811e-24,0.586285
54.42,0,2.34455e-24,0.586226
54.43,0,2.32122e-24,0.586168
54.44,0,2.29812e-24,0.586109
54.45,0,2.27526e-24,0.58605
54.46,0,2.25262e-24,0.585992
54.47,0,2.2302e-24,0.585933
54.48,0,2.20801e-24,0.585875
54.49,0,2.18604e-24,0.585816
54.5,0,2.16429e-24,0.585757
54.51,0,2.14276e-24,0.585699
54.52,0,2.12143e-24,0.58564
54.53,0,2.10033e-24,0.585582
54.54,0,2.07943e-24,0.585523
54.55,0,2.05874e-24,0.585465
54.56,0,2.03825e-24,0.585406
54.57,0,2.01797e-24,0.585347
54.58,0,1.99789e-24,0.585289
54.59,0,1.97801e-24,0.58523
54.6,0,1.95833e-24,0.585172
54.61,0,1.93885e-24,0.585113
54.62,0,1.91955e-24,0.585055
54.63,0,1.90045e-24,0.584996
54.64,0,1.88154e-24,0.584938
54.65,0,1.86282e-24,0.584879
54.66,0,1.84429e-24,0.584821
54.67,0,1.82594e-24,0.584762
54.68,0,1.80777e-24,0.584704
54.69,0,1.78978e-24,0.584645
54.7,0,1.77197e-24,0.584587
54.71,0,1.75434e-24,0.584529
54.72,0,1.73688e-24,0.58447
54.73,0,1.7196e-24,0.584412
54.74,0,1.70249e-24,0.584353
54.75,0,1.68555e-24,0.584295
54.76,0,1.66878e-24,0.584236
54.77,0,1.65217e-24,0.584178
54.78,0,1.63574e-24,0.58412
54.79,0,1.61946e-24,0.584061
54.8,0,1.60335e-24,0.584003
54.81,0,1.58739e-24,0.583944
54.82,0,1.5716e-24,0.583886
54.83,0,1.55596e-24,0.583828
54.84,0,1.54048e-24,0.583769
54.85,0,1.52515e-24,0.583711
54.86,0,1.50997e-24,0.583652
54.87,0,1.49495e-24,0.583594
54.88,0,1.48007e-24,0.583536
54.89,0,1.46535e-24,0.583477
54.9,0,1.45077e-24,0.583419
54.91,0,1.43633e-24,0.583361
54.92,0,1.42204e-24,0.583302
54.93,0,1.40789e-24,0.583244
54.94,0,1.39388e-24,0.583186
54.95,0,1.38001e-24,0.583127
54.96,0,1.36628e-24,0.583069
54.97,0,1.35269e-24,0.583011
54.98,0,1.33923e-24,0.582952
54.99,0,1.3259e-24,0.582894
55,0,1.31271e-24,0.582836
55.01,0,1.29965e-24,0.582778
55.02,0,1.28672e-24,0.582719
55.03,0,1.27391e-24,0.582661
55.04,0,1.26124e-24,0.582603
55.05,0,1.24869e-24,0.582545
55.06,0,1.23626e-24,0.582486
55.07,0,1.22396e-24,0.582428
55.08,0,1.21178e-24,0.58237
55.09,0,1.19973e-24,0.582312
55.1,0,1.18779e-24,0.582253
55.11,0,1.17597e-24,0.582195
55.12,0,1.16427e-24,0.582137
55.13,0,1.15268e-24,0.582079
55.14,0,1.14121e-24,0.58202
55.15,0,1.12986e-24,0.581962
55.16,0,1.11862e-24,0.581904
55.17,0,1.10749e-24,0.581846
55.18,0,1.09647e-24,0.581788
55.19,0,1.08556e-24,0.58173
55.2,0,1.07475e-24,0.581671
55.21,0,1.06406e-24,0.581613
55.22,0,1.05347e-24,0.581555
55.23,0,1.04299e-24,0.581497
55.24,0,1.03261e-24,0.581439
55.25,0,1.02234e-24,0.581381
55.26,0,1.01217e-24,0.581322
55.27,0,1.00209e-24,0.581264
55.28,0,9.92124e-25,0.581206
55.29,0,9.82252e-25,0.581148
55.3,0,9.72478e-25,0.58109
55.31,0,9.62802e-25,0.581032
55.32,0,9.53222e-25,0.580974
55.33,0,9.43737e-25,0.580916
55.34,0,9.34347e-25,0.580858
55.35,0,9.2505e-25,0.5808
55.36,0,9.15846e-25,0.580741
55.37,0,9.06733e-25,0.580683
55.38,0,8.97711e-25,0.580625
55.39,0,8.88778e-25,0.580567
55.4,0,8.79935e-25,0.580509
55.41,0,8.71179e-25,0.580451
55.42,0,8.62511e-25,0.580393
55.43,0,8.53929e-25,0.580335
55.44,0,8.45432e-25,0.580277
55.45,0,8.3702e-25,0.580219
55.46,0,8.28691e-25,0.580161
55.47,0,8.20446e-25,0.580103
55.48,0,8.12282e-25,0.580045
55.49,0,8.042e-25,0.579987
55.5,0,7.96198e-25,0.579929
55.51,0,7.88276e-25,0.579871
55.52,0,7.80432e-25,0.579813
55.53,0,7.72667e-25,0.579755
55.54,0,7.64979e-25,0.579697
55.55,0,7.57367e-25,0.579639
55.56,0,7.49831e-25,0.579581
55.57,0,7.4237e-25,0.579523
55.58,0,7.34983e-25,0.579465
55.59,0,7.2767e-25,0.579407
55.6,0,7.2043e-25,0.579349
55.61,0,7.13261e-25,0.579291
55.62,0,7.06164e-25,0.579233
55.63,0,6.99138e-25,0.579176
55.64,0,6.92181e-25,0.579118
55.65,0,6.85294e-25,0.57906
55.66,0,6.78475e-25,0.579002
55.67,0,6.71724e-25,0.578944
55.68,0,6.6504e-25,0.578886
55.69,0,6.58423e-25,0.578828
55.7,0,6.51872e-25,0.57877
55.71,0,6.45386e-25,0.578712
55.72,0,6.38964e-25,0.578655
55.73,0,6.32606e-25,0.578597
55.74,0,6.26311e-25,0.578539
55.75,0,6.2008e-25,0.578481
55.76,0,6.1391e-25,0.578423
55.77,0,6.07801e-25,0.578365
55.78,0,6.01753e-25,0.578307
55.79,0,5.95766e-25,0.57825
55.8,0,5.89838e-25,0.578192
55.81,0,5.83969e-25,0.578134
55.82,0,5.78158e-25,0.578076
55.83,0,5.72406e-25,0.578018
55.84,0,5.6671e-25,0.577961
55.85,0,5.61071e-25,0.577903
55.86,0,5.55488e-25,0.577845
55.87,0,5.49961e-25,0.577787
55.88,0,5.44489e-25,0.577729
55.89,0,5.39071e-25,0.577672
55.9,0,5.33707e-25,0.577614
55.91,0,5.28397e-25,0.577556
55.92,0,5.23139e-25,0.577498
55.93,0,5.17934e-25,0.577441
55.94,0,5.1278e-25,0.577383
55.95,0,5.07678e-25,0.577325
55.96,0,5.02627e-25,0.577267
55.97,0,4.97626e-25,0.57721
55.98,0,4.92674e-25,0.577152
55.99,0,4.87772e-25,0.577094
56,0,4.82918e-25,0.577037
56.01,0,4.78113e-25,0.576979
56.02,0,4.73356e-25,0.576921
56.03,0,4.68646e-25,0.576863
56.04,0,4.63983e-25,0.576806
56.05,0,4.59366e-25,0.576748
56.06,0,4.54795e-25,0.57669
56.07,0,4.5027e-25,0.576633
56.08,0,4.4579e-25,0.576575
56.09,0,4.41354e-25,0.576517
56.1,0,4.36963e-25,0.57646
56.11,0,4.32615e-25,0.576402
56.12,0,4.2831e-25,0.576345
56.13,0,4.24049e-25,0.576287
56.14,0,4.19829e-25,0.576229
56.15,0,4.15652e-25,0.576172
56.16,0,4.11516e-25,0.576114
56.17,0,4.07421e-25,0.576056
56.18,0,4.03367e-25,0.575999
56.19,0,3.99354e-25,0.575941
56.2,0,3.9538e-25,0.575884
56.21,0,3.91446e-25,0.575826
56.22,0,3.87551e-25,0.575768
56.23,0,3.83695e-25,0.575711
56.24,0,3.79877e-25,0.575653
56.25,0,3.76097e-25,0.575596
56.26,0,3.72355e-25,0.575538
56.27,0,3.6865e-25,0.575481
56.28,0,3.64982e-25,0.575423
56.29,0,3.6135e-25,0.575366
56.3,0,3.57755e-25,0.575308
56.31,0,3.54195e-25,0.575251
56.32,0,3.50671e-25,0.575193
56.33,0,3.47182e-25,0.575135
56.34,0,3.43727e-25,0.575078
56.35,0,3.40307e-25,0.57502
56.36,0,3.36921e-25,0.574963
56.37,0,3.33568e-25,0.574905
56.38,0,3.30249e-25,0.574848
56.39,0,3.26963e-25,0.57479
56.4,0,3.2371e-25,0.574733
56.41,0,3.20489e-25,0.574676
56.42,0,3.173e-25,0.574618
56.43,0,3.14143e-25,0.574561
56.44,0,3.11017e-25,0.574503
56.45,0,3.07922e-25,0.574446
56.46,0,3.04859e-25,0.574388
56.47,0,3.01825e-25,0.574331
56.48,0,2.98822e-25,0.574273
56.49,0,2.95849e-25,0.574216
56.5,0,2.92905e-25,0.574159
56.51,0,2.8999e-25,0.574101
56.52,0,2.87105e-25,0.574044
56.53,0,2.84248e-25,0.573986
56.54,0,2.8142e-25,0.573929
56.55,0,2.7862e-25,0.573872
56.56,0,2.75847e-25,0.573814
56.57,0,2.73103e-25,0.573757
56.58,0,2.70385e-25,0.573699
56.59,0,2.67695e-25,0.573642
56.6,0,2.65031e-25,0.573585
56.61,0,2.62394e-25,0.573527
56.62,0,2.59783e-25,0.57347
56.63,0,2.57198e-25,0.573413
56.64,0,2.54639e-25,0.573355
56.65,0,2.52106e-25,0.573298
56.66,0,2.49597e-25,0.573241
56.67,0,2.47114e-25,0.573183
56.68,0,2.44655e-25,0.573126
56.69,0,2.4222e-25,0.573069
56.7,0,2.3981e-25,0.573011
56.71,0,2.37424e-25,0.572954
56.72,0,2.35062e-25,0.572897
56.73,0,2.32723e-25,0.57284
56.74,0,2.30407e-25,0.572782
56.75,0,2.28115e-25,0.572725
56.76,0,2.25845e-25,0.572668
56.77,0,2.23598e-25,0.57261
56.78,0,2.21373e-25,0.572553
56.79,0,2.1917e-25,0.572496
56.8,0,2.16989e-25,0.572439
56.81,0,2.1483e-25,0.572381
56.82,0,2.12693e-25,0.572324
56.83,0,2.10576e-25,0.572267
56.84,0,2.08481e-25,0.57221
56.85,0,2.06407e-25,0.572153
56.86,0,2.04353e-25,0.572095
56.87,0,2.02319e-25,0.572038
56.88,0,2.00306e-25,0.571981
56.89,0,1.98313e-25,0.571924
56.9,0,1.9634e-25,0.571867
56.91,0,1.94386e-25,0.571809
56.92,0,1.92452e-25,0.571752
56.93,0,1.90537e-25,0.571695
56.94,0,1.88641e-25,0.571638
56.95,0,1.86764e-25,0.571581
56.96,0,1.84906e-25,0.571524
56.97,0,1.83066e-25,0.571466
56.98,0,1.81245e-25,0.571409
56.99,0,1.79441e-25,0.571352
57,0,1.77656e-25,0.571295
57.01,0,1.75888e-25,0.571238
57.02,0,1.74138e-25,0.571181
57.03,0,1.72405e-25,0.571124
57.04,0,1.7069e-25,0.571066
57.05,0,1.68991e-25,0.571009
57.06,0,1.6731e-25,0.570952
57.07,0,1.65645e-25,0.570895
57.08,0,1.63997e-25,0.570838
57.09,0,1.62365e-25,0.570781
57.1,0,1.6075e-25,0.570724
57.11,0,1.5915e-25,0.570667
57.12,0,1.57567e-25,0.57061
57.13,0,1.55999e-25,0.570553
57.14,0,1.54447e-25,0.570496
57.15,0,1.5291e-25,0.570439
57.16,0,1.51388e-25,0.570382
57.17,0,1.49882e-25,0.570325
57.18,0,1.48391e-25,0.570268
57.19,0,1.46914e-25,0.570211
57.2,0,1.45452e-25,0.570153
57.21,0,1.44005e-25,0.570096
57.22,0,1.42572e-25,0.570039
57.23,0,1.41153e-25,0.569982
57.24,0,1.39749e-25,0.569925
57.25,0,1.38358e-25,0.569868
57.26,0,1.36982e-25,0.569812
57.27,0,1.35619e-25,0.569755
57.28,0,1.34269e-25,0.569698
57.29,0,1.32933e-25,0.569641
57.3,0,1.31611e-25,0.569584
57.31,0,1.30301e-25,0.569527
57.32,0,1.29005e-25,0.56947
57.33,0,1.27721e-25,0.569413
57.34,0,1.2645e-25,0.569356
57.35,0,1.25192e-25,0.569299
57.36,0,1.23946e-25,0.569242
57.37,0,1.22713e-25,0.569185
57.38,0,1.21492e-25,0.569128
57.39,0,1.20283e-25,0.569071
57.4,0,1.19086e-25,0.569014
57.41,0,1.17901e-25,0.568957
57.42,0,1.16728e-25,0.568901
57.43,0,1.15567e-25,0.568844
57.44,0,1.14417e-25,0.568787
57.45,0,1.13278e-25,0.56873
57.46,0,1.12151e-25,0.568673
57.47,0,1.11035e-25,0.568616
57.48,0,1.0993e-25,0.568559
57.49,0,1.08837e-25,0.568502
57.5,0,1.07754e-25,0.568446
57.51,0,1.06682e-25,0.568389
57.52,0,1.0562e-25,0.568332
57.53,0,1.04569e-25,0.568275
57.54,0,1.03529e-25,0.568218
57.55,0,1.02498e-25,0.568161
57.56,0,1.01479e-25,0.568105
57.57,0,1.00469e-25,0.568048
57.58,0,9.94692e-26,0.567991
57.59,0,9.84794e-26,0.567934
57.6,0,9.74996e-26,0.567877
57.61,0,9.65294e-26,0.567821
57.62,0,9.55689e-26,0.567764
57.63,0,9.4618e-26,0.567707
57.64,0,9.36765e-26,0.56765
57.65,0,9.27444e-26,0.567594
57.66,0,9.18216e-26,0.567537
57.67,0,9.0908e-26,0.56748
57.68,0,9.00034e-26,0.567423
57.69,0,8.91079e-26,0.567367
57.7,0,8.82212e-26,0.56731
57.71,0,8.73434e-26,0.567253
57.72,0,8.64744e-26,0.567196
57.73,0,8.56139e-26,0.56714
57.74,0,8.4762e-26,0.567083
57.75,0,8.39186e-26,0.567026
57.76,0,8.30836e-26,0.56697
57.77,0,8.22569e-26,0.566913
57.78,0,8.14385e-26,0.566856
57.79,0,8.06282e-26,0.566799
57.8,0,7.98259e-26,0.566743
57.81,0,7.90316e-26,0.566686
57.82,0,7.82452e-26,0.566629
57.83,0,7.74667e-26,0.566573
57.84,0,7.66959e-26,0.566516
57.85,0,7.59327e-26,0.56646
57.86,0,7.51772e-26,0.566403
57.87,0,7.44292e-26,0.566346
57.88,0,7.36886e-26,0.56629
57.89,0,7.29554e-26,0.566233
57.9,0,7.22294e-26,0.566176
57.91,0,7.15108e-26,0.56612
57.92,0,7.07992e-26,0.566063
57.93,0,7.00947e-26,0.566007
57.94,0,6.93973e-26,0.56595
57.95,0,6.87068e-26,0.565893
57.96,0,6.80231e-26,0.565837
57.97,0,6.73463e-26,0.56578
57.98,0,6.66762e-26,0.565724
57.99,0,6.60127e-26,0.565667
58,0,6.53559e-26,0.56561
58.01,0,6.47056e-26,0.565554
58.02,0,6.40618e-26,0.565497
58.03,0,6.34243e-26,0.565441
58.04,0,6.27933e-26,0.565384
58.05,0,6.21685e-26,0.565328
58.06,0,6.15499e-26,0.565271
58.07,0,6.09374e-26,0.565215
58.08,0,6.03311e-26,0.565158
58.09,0,5.97308e-26,0.565102
58.1,0,5.91365e-26,0.565045
58.11,0,5.85481e-26,0.564989
58.12,0,5.79655e-26,0.564932
58.13,0,5.73887e-26,0.564876
58.14,0,5.68177e-26,0.564819
58.15,0,5.62524e-26,0.564763
58.16,0,5.56926e-26,0.564706
58.17,0,5.51385e-26,0.56465
58.18,0,5.45898e-26,0.564593
58.19,0,5.40467e-26,0.564537
58.2,0,5.35089e-26,0.56448
58.21,0,5.29765e-26,0.564424
58.22,0,5.24493e-26,0.564367
58.23,0,5.19275e-26,0.564311
58.24,0,5.14108e-26,0.564255
58.25,0,5.08992e-26,0.564198
58.26,0,5.03928e-26,0.564142
58.27,0,4.98914e-26,0.564085
58.28,0,4.93949e-26,0.564029
58.29,0,4.89034e-26,0.563973
58.3,0,4.84168e-26,0.563916
58.31,0,4.79351e-26,0.56386
58.32,0,4.74581e-26,0.563803
58.33,0,4.69859e-26,0.563747
58.34,0,4.65184e-26,0.563691
58.35,0,4.60555e-26,0.563634
58.36,0,4.55973e-26,0.563578
58.37,0,4.51436e-26,0.563522
58.38,0,4.46944e-26,0.563465
58.39,0,4.42497e-26,0.563409
58.4,0,4.38094e-26,0.563353
58.41,0,4.33735e-26,0.563296
58.42,0,4.29419e-26,0.56324
58.43,0,4.25146e-26,0.563184
58.44,0,4.20916e-26,0.563127
58.45,0,4.16728e-26,0.563071
58.46,0,4.12581e-26,0.563015
58.47,0,4.08476e-26,0.562958
58.48,0,4.04412e-26,0.562902
58.49,0,4.00388e-26,0.562846
58.5,0,3.96404e-26,0.562789
58.51,0,3.92459e-26,0.562733
58.52,0,3.88554e-26,0.562677
58.53,0,3.84688e-26,0.562621
58.54,0,3.8086e-26,0.562564
58.55,0,3.77071e-26,0.562508
58.56,0,3.73319e-26,0.562452
58.57,0,3.69604e-26,0.562396
58.58,0,3.65927e-26,0.562339
58.59,0,3.62286e-26,0.562283
58.6,0,3.58681e-26,0.562227
58.61,0,3.55112e-26,0.562171
58.62,0,3.51578e-26,0.562115
58.63,0,3.4808e-26,0.562058
58.64,0,3.44617e-26,0.562002
58.65,0,3.41188e-26,0.561946
58.66,0,3.37793e-26,0.56189
58.67,0,3.34432e-26,0.561834
58.68,0,3.31104e-26,0.561777
58.69,0,3.2781e-26,0.561721
58.7,0,3.24548e-26,0.561665
58.71,0,3.21319e-26,0.561609
58.72,0,3.18121e-26,0.561553
58.73,0,3.14956e-26,0.561497
58.74,0,3.11822e-26,0.56144
58.75,0,3.08719e-26,0.561384
58.76,0,3.05648e-26,0.561328
58.77,0,3.02606e-26,0.561272
58.78,0,2.99595e-26,0.561216
58.79,0,2.96614e-26,0.56116
58.8,0,2.93663e-26,0.561104
58.81,0,2.90741e-26,0.561048
58.82,0,2.87848e-26,0.560991
58.83,0,2.84984e-26,0.560935
58.84,0,2.82148e-26,0.560879
58.85,0,2.79341e-26,0.560823
58.86,0,2.76561e-26,0.560767
58.87,0,2.7381e-26,0.560711
58.88,0,2.71085e-26,0.560655
58.89,0,2.68388e-26,0.560599
58.9,0,2.65717e-26,0.560543
58.91,0,2.63073e-26,0.560487
58.92,0,2.60456e-26,0.560431
58.93,0,2.57864e-26,0.560375
58.94,0,2.55298e-26,0.560319
58.95,0,2.52758e-26,0.560263
58.96,0,2.50243e-26,0.560207
58.97,0,2.47753e-26,0.560151
58.98,0,2.45288e-26,0.560095
58.99,0,2.42847e-26,0.560039
59,0,2.40431e-26,0.559983
59.01,0,2.38039e-26,0.559927
59.02,0,2.3567e-26,0.559871
59.03,0,2.33325e-26,0.559815
59.04,0,2.31004e-26,0.559759
59.05,0,2.28705e-26,0.559703
59.06,0,2.26429e-26,0.559647
59.07,0,2.24176e-26,0.559591
59.08,0,2.21946e-26,0.559535
59.09,0,2.19737e-26,0.559479
59.1,0,2.17551e-26,0.559423
59.11,0,2.15386e-26,0.559367
59.12,0,2.13243e-26,0.559311
59.13,0,2.11121e-26,0.559255
59.14,0,2.09021e-26,0.559199
59.15,0,2.06941e-26,0.559143
59.16,0,2.04882e-26,0.559087
59.17,0,2.02843e-26,0.559031
59.18,0,2.00825e-26,0.558975
59.19,0,1.98827e-26,0.55892
59.2,0,1.96848e-26,0.558864
59.21,0,1.9489e-26,0.558808
59.22,0,1.9295e-26,0.558752
59.23,0,1.9103e-26,0.558696
59.24,0,1.8913e-26,0.55864
59.25,0,1.87248e-26,0.558584
59.26,0,1.85385e-26,0.558528
59.27,0,1.8354e-26,0.558473
59.28,0,1.81714e-26,0.558417
59.29,0,1.79906e-26,0.558361
59.3,0,1.78116e-26,0.558305
59.31,0,1.76343e-26,0.558249
59.32,0,1.74589e-26,0.558193
59.33,0,1.72852e-26,0.558138
59.34,0,1.71132e-26,0.558082
59.35,0,1.69429e-26,0.558026
59.36,0,1.67743e-26,0.55797
59.37,0,1.66074e-26,0.557914
59.38,0,1.64421e-26,0.557859
59.39,0,1.62785e-26,0.557803
59.4,0,1.61166e-26,0.557747
59.41,0,1.59562e-26,0.557691
59.42,0,1.57974e-26,0.557636
59.43,0,1.56403e-26,0.55758
59.44,0,1.54846e-26,0.557524
59.45,0,1.53306e-26,0.557468
59.46,0,1.5178e-26,0.557413
59.47,0,1.5027e-26,0.557357
59.48,0,1.48775e-26,0.557301
59.49,0,1.47294e-26,0.557245
59.5,0,1.45829e-26,0.55719
59.51,0,1.44378e-26,0.557134
59.52,0,1.42941e-26,0.557078
59.53,0,1.41519e-26,0.557022
59.54,0,1.40111e-26,0.556967
59.55,0,1.38717e-26,0.556911
59.56,0,1.37336e-26,0.556855
59.57,0,1.3597e-26,0.5568
59.58,0,1.34617e-26,0.556744
59.59,0,1.33277e-26,0.556688
59.6,0,1.31951e-26,0.556633
59.61,0,1.30638e-26,0.556577
59.62,0,1.29338e-26,0.556521
59.63,0,1.28052e-26,0.556466
59.64,0,1.26777e-26,0.55641
59.65,0,1.25516e-26,0.556354
59.66,0,1.24267e-26,0.556299
59.67,0,1.23031e-26,0.556243
59.68,0,1.21806e-26,0.556188
59.69,0,1.20594e-26,0.556132
59.7,0,1.19394e-26,0.556076
59.71,0,1.18206e-26,0.556021
59.72,0,1.1703e-26,0.555965
59.73,0,1.15866e-26,0.55591
59.74,0,1.14713e-26,0.555854
59.75,0,1.13572e-26,0.555798
59.76,0,1.12441e-26,0.555743
59.77,0,1.11323e-26,0.555687
59.78,0,1.10215e-26,0.555632
59.79,0,1.09118e-26,0.555576
59.8,0,1.08033e-26,0.555521
59.81,0,1.06958e-26,0.555465
59.82,0,1.05893e-26,0.555409
59.83,0,1.0484e-26,0.555354
59.84,0,1.03797e-26,0.555298
59.85,0,1.02764e-26,0.555243
59.86,0,1.01741e-26,0.555187
59.87,0,1.00729e-26,0.555132
59.88,0,9.97266e-27,0.555076
59.89,0,9.87344e-27,0.555021
59.9,0,9.77519e-27,0.554965
59.91,0,9.67793e-27,0.55491
59.92,0,9.58163e-27,0.554854
59.93,0,9.48629e-27,0.554799
59.94,0,9.3919e-27,0.554743
59.95,0,9.29845e-27,0.554688
59.96,0,9.20593e-27,0.554632
59.97,0,9.11433e-27,0.554577
59.98,0,9.02364e-27,0.554522
59.99,0,8.93385e-27,0.554466
60,0,8.84496e-27,0.554411
60.01,0,8.75695e-27,0.554355
60.02,0,8.66982e-27,0.5543
60.03,0,8.58355e-27,0.554244
60.04,0,8.49814e-27,0.554189
60.05,0,8.41359e-27,0.554133
60.06,0,8.32987e-27,0.554078
60.07,0,8.24699e-27,0.554023
60.08,0,8.16493e-27,0.553967
60.09,0,8.08369e-27,0.553912
60.1,0,8.00325e-27,0.553856
60.11,0,7.92362e-27,0.553801
60.12,0,7.84478e-27,0.553746
60.13,0,7.76672e-27,0.55369
60.14,0,7.68944e-27,0.553635
60.15,0,7.61293e-27,0.55358
60.16,0,7.53718e-27,0.553524
60.17,0,7.46218e-27,0.553469
60.18,0,7.38793e-27,0.553414
60.19,0,7.31442e-27,0.553358
60.2,0,7.24164e-27,0.553303
60.21,0,7.16959e-27,0.553248
60.22,0,7.09825e-27,0.553192
60.23,0,7.02762e-27,0.553137
60.24,0,6.95769e-27,0.553082
60.25,0,6.88846e-27,0.553026
60.26,0,6.81992e-27,0.552971
60.27,0,6.75206e-27,0.552916
60.28,0,6.68488e-27,0.55286
60.29,0,6.61836e-27,0.552805
60.3,0,6.55251e-27,0.55275
60.31,0,6.48731e-27,0.552695
60.32,0,6.42276e-27,0.552639
60.33,0,6.35885e-27,0.552584
60.34,0,6.29558e-27,0.552529
60.35,0,6.23294e-27,0.552474
60.36,0,6.17092e-27,0.552418
60.37,0,6.10952e-27,0.552363
60.38,0,6.04873e-27,0.552308
60.39,0,5.98854e-27,0.552253
60.4,0,5.92895e-27,0.552197
60.41,0,5.86996e-27,0.552142
60.42,0,5.81155e-27,0.552087
60.43,0,5.75373e-27,0.552032
60.44,0,5.69648e-27,0.551977
60.45,0,5.6398e-27,0.551921
60.46,0,5.58368e-27,0.551866
60.47,0,5.52812e-27,0.551811
60.48,0,5.47311e-27,0.551756
60.49,0,5.41866e-27,0.551701
60.5,0,5.36474e-27,0.551645
60.51,0,5.31136e-27,0.55159
60.52,0,5.25851e-27,0.551535
60.53,0,5.20619e-27,0.55148
60.54,0,5.15439e-27,0.551425
60.55,0,5.1031e-27,0.55137
60.56,0,5.05232e-27,0.551315
60.57,0,5.00205e-27,0.551259
60.58,0,4.95228e-27,0.551204
60.59,0,4.903e-27,0.551149
60.6,0,4.85422e-27,0.551094
60.61,0,4.80592e-27,0.551039
60.62,0,4.7581e-27,0.550984
60.63,0,4.71075e-27,0.550929
60.64,0,4.66388e-27,0.550874
60.65,0,4.61747e-27,0.550819
60.66,0,4.57153e-27,0.550764
60.67,0,4.52604e-27,0.550708
60.68,0,4.48101e-27,0.550653
60.69,0,4.43642e-27,0.550598
60.7,0,4.39228e-27,0.550543
60.71,0,4.34857e-27,0.550488
60.72,0,4.3053e-27,0.550433
60.73,0,4.26247e-27,0.550378
60.74,0,4.22005e-27,0.550323
60.75,0,4.17806e-27,0.550268
60.76,0,4.13649e-27,0.550213
60.77,0,4.09533e-27,0.550158
60.78,0,4.05458e-27,0.550103
60.79,0,4.01424e-27,0.550048
60.8,0,3.9743e-27,0.549993
60.81,0,3.93475e-27,0.549938
60.82,0,3.8956e-27,0.549883
60.83,0,3.85684e-27,0.549828
60.84,0,3.81846e-27,0.549773
60.85,0,3.78047e-27,0.549718
60.86,0,3.74285e-27,0.549663
60.87,0,3.70561e-27,0.549608
60.88,0,3.66874e-27,0.549553
60.89,0,3.63223e-27,0.549498
60.9,0,3.59609e-27,0.549443
60.91,0,3.56031e-27,0.549388
60.92,0,3.52489e-27,0.549333
60.93,0,3.48981e-27,0.549279
60.94,0,3.45509e-27,0.549224
60.95,0,3.42071e-27,0.549169
60.96,0,3.38667e-27,0.549114
60.97,0,3.35297e-27,0.549059
60.98,0,3.31961e-27,0.549004
60.99,0,3.28658e-27,0.548949
61,0,3.25388e-27,0.548894
61.01,0,3.2215e-27,0.548839
61.02,0,3.18945e-27,0.548784
61.03,0,3.15771e-27,0.54873
61.04,0,3.12629e-27,0.548675
61.05,0,3.09519e-27,0.54862
61.06,0,3.06439e-27,0.548565
61.07,0,3.0339e-27,0.54851
61.08,0,3.00371e-27,0.548455
61.09,0,2.97382e-27,0.5484
61.1,0,2.94423e-27,0.548346
61.11,0,2.91494e-27,0.548291
61.12,0,2.88593e-27,0.548236
61.13,0,2.85722e-27,0.548181
61.14,0,2.82879e-27,0.548126
61.15,0,2.80064e-27,0.548071
61.16,0,2.77277e-27,0.548017
61.17,0,2.74518e-27,0.547962
61.18,0,2.71787e-27,0.547907
61.19,0,2.69083e-27,0.547852
61.2,0,2.66405e-27,0.547797
61.21,0,2.63754e-27,0.547743
61.22,0,2.6113e-27,0.547688
61.23,0,2.58532e-27,0.547633
61.24,0,2.55959e-27,0.547578
61.25,0,2.53412e-27,0.547524
61.26,0,2.50891e-27,0.547469
61.27,0,2.48394e-27,0.547414
61.28,0,2.45923e-27,0.547359
61.29,0,2.43476e-27,0.547305
61.3,0,2.41053e-27,0.54725
61.31,0,2.38655e-27,0.547195
61.32,0,2.3628e-27,0.54714
61.33,0,2.33929e-27,0.547086
61.34,0,2.31601e-27,0.547031
61.35,0,2.29297e-27,0.546976
61.36,0,2.27015e-27,0.546922
61.37,0,2.24757e-27,0.546867
61.38,0,2.2252e-27,0.546812
61.39,0,2.20306e-27,0.546758
61.4,0,2.18114e-27,0.546703
61.41,0,2.15944e-27,0.546648
61.42,0,2.13795e-27,0.546594
61.43,0,2.11668e-27,0.546539
61.44,0,2.09562e-27,0.546484
61.45,0,2.07476e-27,0.54643
61.46,0,2.05412e-27,0.546375
61.47,0,2.03368e-27,0.54632
61.48,0,2.01345e-27,0.546266
61.49,0,1.99341e-27,0.546211
61.5,0,1.97358e-27,0.546157
61.51,0,1.95394e-27,0.546102
61.52,0,1.9345e-27,0.546047
61.53,0,1.91525e-27,0.545993
61.54,0,1.89619e-27,0.545938
61.55,0,1.87732e-27,0.545884
61.56,0,1.85865e-27,0.545829
61.57,0,1.84015e-27,0.545774
61.58,0,1.82184e-27,0.54572
61.59,0,1.80371e-27,0.545665
61.6,0,1.78577e-27,0.545611
61.61,0,1.768e-27,0.545556
61.62,0,1.75041e-27,0.545502
61.63,0,1.73299e-27,0.545447
61.64,0,1.71575e-27,0.545392
61.65,0,1.69867e-27,0.545338
61.66,0,1.68177e-27,0.545283
61.67,0,1.66504e-27,0.545229
61.68,0,1.64847e-27,0.545174
61.69,0,1.63207e-27,0.54512
61.7,0,1.61583e-27,0.545065
61.71,0,1.59975e-27,0.545011
61.72,0,1.58383e-27,0.544956
61.73,0,1.56807e-27,0.544902
61.74,0,1.55247e-27,0.544847
61.75,0,1.53702e-27,0.544793
61.76,0,1.52173e-27,0.544738
61.77,0,1.50659e-27,0.544684
61.78,0,1.4916e-27,0.544629
61.79,0,1.47676e-27,0.544575
61.8,0,1.46206e-27,0.544521
61.81,0,1.44751e-27,0.544466
61.82,0,1.43311e-27,0.544412
61.83,0,1.41885e-27,0.544357
61.84,0,1.40473e-27,0.544303
61.85,0,1.39076e-27,0.544248
61.86,0,1.37692e-27,0.544194
61.87,0,1.36322e-27,0.544139
61.88,0,1.34965e-27,0.544085
61.89,0,1.33622e-27,0.544031
61.9,0,1.32293e-27,0.543976
61.91,0,1.30977e-27,0.543922
61.92,0,1.29673e-27,0.543867
61.93,0,1.28383e-27,0.543813
61.94,0,1.27106e-27,0.543759
61.95,0,1.25841e-27,0.543704
61.96,0,1.24589e-27,0.54365
61.97,0,1.23349e-27,0.543596
61.98,0,1.22122e-27,0.543541
61.99,0,1.20907e-27,0.543487
62,0,1.19704e-27,0.543433
62.01,0,1.18512e-27,0.543378
62.02,0,1.17333e-27,0.543324
62.03,0,1.16166e-27,0.54327
62.04,0,1.1501e-27,0.543215
62.05,0,1.13866e-27,0.543161
62.06,0,1.12733e-27,0.543107
62.07,0,1.11611e-27,0.543052
62.08,0,1.105e-27,0.542998
62.09,0,1.09401e-27,0.542944
62.1,0,1.08312e-27,0.542889
62.11,0,1.07235e-27,0.542835
62.12,0,1.06167e-27,0.542781
62.13,0,1.05111e-27,0.542727
62.14,0,1.04065e-27,0.542672
62.15,0,1.0303e-27,0.542618
62.16,0,1.02005e-27,0.542564
62.17,0,1.0099e-27,0.54251
62.18,0,9.99848e-28,0.542455
62.19,0,9.89899e-28,0.542401
62.2,0,9.8005e-28,0.542347
62.21,0,9.70298e-28,0.542293
62.22,0,9.60643e-28,0.542238
62.23,0,9.51085e-28,0.542184
62.24,0,9.41621e-28,0.54213
62.25,0,9.32252e-28,0.542076
62.26,0,9.22976e-28,0.542021
62.27,0,9.13792e-28,0.541967
62.28,0,9.047e-28,0.541913
62.29,0,8.95698e-28,0.541859
62.3,0,8.86785e-28,0.541805
62.31,0,8.77962e-28,0.541751
62.32,0,8.69226e-28,0.541696
62.33,0,8.60577e-28,0.541642
62.34,0,8.52014e-28,0.541588
62.35,0,8.43536e-28,0.541534
62.36,0,8.35143e-28,0.54148
62.37,0,8.26833e-28,0.541426
62.38,0,8.18606e-28,0.541371
62.39,0,8.10461e-28,0.541317
62.4,0,8.02397e-28,0.541263
62.41,0,7.94413e-28,0.541209
62.42,0,7.86508e-28,0.541155
62.43,0,7.78682e-28,0.541101
62.44,0,7.70934e-28,0.541047
62.45,0,7.63263e-28,0.540993
62.46,0,7.55669e-28,0.540939
62.47,0,7.4815e-28,0.540884
62.48,0,7.40706e-28,0.54083
62.49,0,7.33335e-28,0.540776
62.5,0,7.26039e-28,0.540722
62.51,0,7.18814e-28,0.540668
62.52,0,7.11662e-28,0.540614
62.53,0,7.04581e-28,0.54056
62.54,0,6.9757e-28,0.540506
62.55,0,6.90629e-28,0.540452
62.56,0,6.83757e-28,0.540398
62.57,0,6.76954e-28,0.540344
62.58,0,6.70218e-28,0.54029
62.59,0,6.63549e-28,0.540236
62.6,0,6.56947e-28,0.540182
62.61,0,6.5041e-28,0.540128
62.62,0,6.43938e-28,0.540074
62.63,0,6.37531e-28,0.54002
62.64,0,6.31188e-28,0.539966
62.65,0,6.24907e-28,0.539912
62.66,0,6.18689e-28,0.539858
62.67,0,6.12533e-28,0.539804
62.68,0,6.06438e-28,0.53975
62.69,0,6.00404e-28,0.539696
62.7,0,5.9443e-28,0.539642
62.71,0,5.88515e-28,0.539588
62.72,0,5.8266e-28,0.539534
62.73,0,5.76862e-28,0.53948
62.74,0,5.71122e-28,0.539426
62.75,0,5.65439e-28,0.539372
62.76,0,5.59813e-28,0.539318
62.77,0,5.54243e-28,0.539264
62.78,0,5.48728e-28,0.53921
62.79,0,5.43268e-28,0.539156
62.8,0,5.37863e-28,0.539102
62.81,0,5.32511e-28,0.539049
62.82,0,5.27212e-28,0.538995
62.83,0,5.21966e-28,0.538941
62.84,0,5.16773e-28,0.538887
62.85,0,5.11631e-28,0.538833
62.86,0,5.0654e-28,0.538779
62.87,0,5.015e-28,0.538725
62.88,0,4.9651e-28,0.538671
62.89,0,4.91569e-28,0.538617
62.9,0,4.86678e-28,0.538564
62.91,0,4.81836e-28,0.53851
62.92,0,4.77041e-28,0.538456
62.93,0,4.72295e-28,0.538402
62.94,0,4.67595e-28,0.538348
62.95,0,4.62943e-28,0.538294
62.96,0,4.58336e-28,0.538241
62.97,0,4.53776e-28,0.538187
62.98,0,4.49261e-28,0.538133
62.99,0,4.4479e-28,0.538079
63,0,4.40365e-28,0.538025
63.01,0,4.35983e-28,0.537972
63.02,0,4.31645e-28,0.537918
63.03,0,4.2735e-28,0.537864
63.04,0,4.23098e-28,0.53781
63.05,0,4.18888e-28,0.537756
63.06,0,4.1472e-28,0.537703
63.07,0,4.10593e-28,0.537649
63.08,0,4.06508e-28,0.537595
63.09,0,4.02463e-28,0.537541
63.1,0,3.98458e-28,0.537488
63.11,0,3.94494e-28,0.537434
63.12,0,3.90568e-28,0.53738
63.13,0,3.86682e-28,0.537326
63.14,0,3.82835e-28,0.537273
63.15,0,3.79025e-28,0.537219
63.16,0,3.75254e-28,0.537165
63.17,0,3.7152e-28,0.537111
63.18,0,3.67823e-28,0.537058
63.19,0,3.64164e-28,0.537004
63.2,0,3.6054e-28,0.53695
63.21,0,3.56953e-28,0.536897
63.22,0,3.53401e-28,0.536843
63.23,0,3.49885e-28,0.536789
63.24,0,3.46403e-28,0.536736
63.25,0,3.42956e-28,0.536682
63.26,0,3.39544e-28,0.536628
63.27,0,3.36165e-28,0.536575
63.28,0,3.3282e-28,0.536521
63.29,0,3.29509e-28,0.536467
63.3,0,3.2623e-28,0.536414
63.31,0,3.22984e-28,0.53636
63.32,0,3.1977e-28,0.536306
63.33,0,3.16589e-28,0.536253
63.34,0,3.13438e-28,0.536199
63.35,0,3.1032e-28,0.536146
63.36,0,3.07232e-28,0.536092
63.37,0,3.04175e-28,0.536038
63.38,0,3.01148e-28,0.535985
63.39,0,2.98152e-28,0.535931
63.4,0,2.95185e-28,0.535878
63.41,0,2.92248e-28,0.535824
63.42,0,2.8934e-28,0.53577
63.43,0,2.86461e-28,0.535717
63.44,0,2.83611e-28,0.535663
63.45,0,2.80789e-28,0.53561
63.46,0,2.77995e-28,0.535556
63.47,0,2.75229e-28,0.535503
63.48,0,2.7249e-28,0.535449
63.49,0,2.69779e-28,0.535395
63.5,0,2.67095e-28,0.535342
63.51,0,2.64437e-28,0.535288
63.52,0,2.61806e-28,0.535235
63.53,0,2.59201e-28,0.535181
63.54,0,2.56622e-28,0.535128
63.55,0,2.54068e-28,0.535074
63.56,0,2.5154e-28,0.535021
63.57,0,2.49037e-28,0.534967
63.58,0,2.46559e-28,0.534914
63.59,0,2.44106e-28,0.53486
63.6,0,2.41677e-28,0.534807
63.61,0,2.39273e-28,0.534753
63.62,0,2.36892e-28,0.5347
63.63,0,2.34535e-28,0.534646
63.64,0,2.32201e-28,0.534593
63.65,0,2.29891e-28,0.534539
63.66,0,2.27603e-28,0.534486
63.67,0,2.25338e-28,0.534433
63.68,0,2.23096e-28,0.534379
63.69,0,2.20876e-28,0.534326
63.7,0,2.18679e-28,0.534272
63.71,0,2.16503e-28,0.534219
63.72,0,2.14348e-28,0.534165
63.73,0,2.12216e-28,0.534112
63.74,0,2.10104e-28,0.534059
63.75,0,2.08014e-28,0.534005
63.76,0,2.05944e-28,0.533952
63.77,0,2.03895e-28,0.533898
63.78,0,2.01866e-28,0.533845
63.79,0,1.99857e-28,0.533792
63.8,0,1.97869e-28,0.533738
63.81,0,1.959e-28,0.533685
63.82,0,1.93951e-28,0.533632
63.83,0,1.92021e-28,0.533578
63.84,0,1.9011e-28,0.533525
63.85,0,1.88218e-28,0.533471
63.86,0,1.86346e-28,0.533418
63.87,0,1.84491e-28,0.533365
63.88,0,1.82656e-28,0.533311
63.89,0,1.80838e-28,0.533258
63.9,0,1.79039e-28,0.533205
63.91,0,1.77257e-28,0.533151
63.92,0,1.75494e-28,0.533098
63.93,0,1.73748e-28,0.533045
63.94,0,1.72019e-28,0.532992
63.95,0,1.70307e-28,0.532938
63.96,0,1.68612e-28,0.532885
63.97,0,1.66935e-28,0.532832
63.98,0,1.65274e-28,0.532778
63.99,0,1.63629e-28,0.532725
64,0,1.62001e-28,0.532672
64.01,0,1.60389e-28,0.532619
64.02,0,1.58793e-28,0.532565
64.03,0,1.57213e-28,0.532512
64.04,0,1.55649e-28,0.532459
64.05,0,1.541e-28,0.532406
64.06,0,1.52567e-28,0.532352
64.07,0,1.51049e-28,0.532299
64.08,0,1.49546e-28,0.532246
64.09,0,1.48058e-28,0.532193
64.1,0,1.46585e-28,0.532139
64.11,0,1.45126e-28,0.532086
64.12,0,1.43682e-28,0.532033
64.13,0,1.42252e-28,0.53198
64.14,0,1.40837e-28,0.531927
64.15,0,1.39436e-28,0.531873
64.16,0,1.38048e-28,0.53182
64.17,0,1.36675e-28,0.531767
64.18,0,1.35315e-28,0.531714
64.19,0,1.33968e-28,0.531661
64.2,0,1.32635e-28,0.531608
64.21,0,1.31316e-28,0.531554
64.22,0,1.30009e-28,0.531501
64.23,0,1.28715e-28,0.531448
64.24,0,1.27435e-28,0.531395
64.25,0,1.26167e-28,0.531342
64.26,0,1.24911e-28,0.531289
64.27,0,1.23668e-28,0.531236
64.28,0,1.22438e-28,0.531182
64.29,0,1.2122e-28,0.531129
64.3,0,1.20013e-28,0.531076
64.31,0,1.18819e-28,0.531023
64.32,0,1.17637e-28,0.53097
64.33,0,1.16466e-28,0.530917
64.34,0,1.15308e-28,0.530864
64.35,0,1.1416e-28,0.530811
64.36,0,1.13024e-28,0.530758
64.37,0,1.119e-28,0.530705
64.38,0,1.10786e-28,0.530652
64.39,0,1.09684e-28,0.530599
64.4,0,1.08593e-28,0.530545
64.41,0,1.07512e-28,0.530492
64.42,0,1.06442e-28,0.530439
64.43,0,1.05383e-28,0.530386
64.44,0,1.04335e-28,0.530333
64.45,0,1.03296e-28,0.53028
64.46,0,1.02269e-28,0.530227
64.47,0,1.01251e-28,0.530174
64.48,0,1.00244e-28,0.530121
64.49,0,9.92461e-29,0.530068
64.5,0,9.82586e-29,0.530015
64.51,0,9.72809e-29,0.529962
64.52,0,9.6313e-29,0.529909
64.53,0,9.53547e-29,0.529856
64.54,0,9.44059e-29,0.529803
64.55,0,9.34665e-29,0.52975
64.56,0,9.25365e-29,0.529697
64.57,0,9.16157e-29,0.529644
64.58,0,9.07042e-29,0.529591
64.59,0,8.98016e-29,0.529538
64.6,0,8.89081e-29,0.529485
64.61,0,8.80234e-29,0.529432
64.62,0,8.71476e-29,0.52938
64.63,0,8.62805e-29,0.529327
64.64,0,8.5422e-29,0.529274
64.65,0,8.4572e-29,0.529221
64.66,0,8.37305e-29,0.529168
64.67,0,8.28974e-29,0.529115
64.68,0,8.20725e-29,0.529062
64.69,0,8.12559e-29,0.529009
64.7,0,8.04474e-29,0.528956
64.71,0,7.96469e-29,0.528903
64.72,0,7.88544e-29,0.52885
64.73,0,7.80698e-29,0.528798
64.74,0,7.7293e-29,0.528745
64.75,0,7.65239e-29,0.528692
64.76,0,7.57625e-29,0.528639
64.77,0,7.50086e-29,0.528586
64.78,0,7.42623e-29,0.528533
64.79,0,7.35234e-29,0.52848
64.8,0,7.27918e-29,0.528428
64.81,0,7.20675e-29,0.528375
64.82,0,7.13504e-29,0.528322
64.83,0,7.06405e-29,0.528269
64.84,0,6.99376e-29,0.528216
64.85,0,6.92417e-29,0.528163
64.86,0,6.85527e-29,0.528111
64.87,0,6.78706e-29,0.528058
64.88,0,6.71953e-29,0.528005
64.89,0,6.65267e-29,0.527952
64.9,0,6.58647e-29,0.527899
64.91,0,6.52094e-29,0.527847
64.92,0,6.45605e-29,0.527794
64.93,0,6.39181e-29,0.527741
64.94,0,6.32821e-29,0.527688
64.95,0,6.26525e-29,0.527635
64.96,0,6.20291e-29,0.527583
64.97,0,6.14119e-29,0.52753
64.98,0,6.08008e-29,0.527477
64.99,0,6.01958e-29,0.527424
65,0,5.95969e-29,0.527372
65.01,0,5.90039e-29,0.527319
65.02,0,5.84168e-29,0.527266
65.03,0,5.78355e-29,0.527214
65.04,0,5.726e-29,0.527161
65.05,0,5.66903e-29,0.527108
65.06,0,5.61262e-29,0.527055
65.07,0,5.55678e-29,0.527003
65.08,0,5.50148e-29,0.52695
65.09,0,5.44674e-29,0.526897
65.1,0,5.39255e-29,0.526845
65.11,0,5.33889e-29,0.526792
65.12,0,5.28577e-29,0.526739
65.13,0,5.23317e-29,0.526687
65.14,0,5.1811e-29,0.526634
65.15,0,5.12955e-29,0.526581
65.16,0,5.07851e-29,0.526529
65.17,0,5.02798e-29,0.526476
65.18,0,4.97795e-29,0.526423
65.19,0,4.92842e-29,0.526371
65.2,0,4.87938e-29,0.526318
65.21,0,4.83083e-29,0.526265
65.22,0,4.78276e-29,0.526213
65.23,0,4.73517e-29,0.52616
65.24,0,4.68806e-29,0.526108
65.25,0,4.64141e-29,0.526055
65.26,0,4.59523e-29,0.526002
65.27,0,4.5495e-29,0.52595
65.28,0,4.50423e-29,0.525897
65.29,0,4.45942e-29,0.525845
65.3,0,4.41505e-29,0.525792
65.31,0,4.37111e-29,0.525739
65.32,0,4.32762e-29,0.525687
65.33,0,4.28456e-29,0.525634
65.34,0,4.24193e-29,0.525582
65.35,0,4.19972e-29,0.525529
65.36,0,4.15793e-29,0.525477
65.37,0,4.11656e-29,0.525424
65.38,0,4.0756e-29,0.525371
65.39,0,4.03505e-29,0.525319
65.4,0,3.9949e-29,0.525266
65.41,0,3.95515e-29,0.525214
65.42,0,3.91579e-29,0.525161
65.43,0,3.87683e-29,0.525109
65.44,0,3.83826e-29,0.525056
65.45,0,3.80006e-29,0.525004
65.46,0,3.76225e-29,0.524951
65.47,0,3.72482e-29,0.524899
65.48,0,3.68776e-29,0.524846
65.49,0,3.65106e-29,0.524794
65.5,0,3.61473e-29,0.524741
65.51,0,3.57877e-29,0.524689
65.52,0,3.54316e-29,0.524636
65.53,0,3.5079e-29,0.524584
65.54,0,3.473e-29,0.524532
65.55,0,3.43844e-29,0.524479
65.56,0,3.40423e-29,0.524427
65.57,0,3.37035e-29,0.524374
65.58,0,3.33682e-29,0.524322
65.59,0,3.30362e-29,0.524269
65.6,0,3.27075e-29,0.524217
65.61,0,3.2382e-29,0.524165
65.62,0,3.20598e-29,0.524112
65.63,0,3.17408e-29,0.52406
65.64,0,3.1425e-29,0.524007
65.65,0,3.11123e-29,0.523955
65.66,0,3.08027e-29,0.523903
65.67,0,3.04962e-29,0.52385
65.68,0,3.01928e-29,0.523798
65.69,0,2.98924e-29,0.523745
65.7,0,2.95949e-29,0.523693
65.71,0,2.93005e-29,0.523641
65.72,0,2.90089e-29,0.523588
65.73,0,2.87203e-29,0.523536
65.74,0,2.84345e-29,0.523484
65.75,0,2.81516e-29,0.523431
65.76,0,2.78715e-29,0.523379
65.77,0,2.75941e-29,0.523327
65.78,0,2.73196e-29,0.523274
65.79,0,2.70477e-29,0.523222
65.8,0,2.67786e-29,0.52317
65.81,0,2.65122e-29,0.523117
65.82,0,2.62483e-29,0.523065
65.83,0,2.59872e-29,0.523013
65.84,0,2.57286e-29,0.52296
65.85,0,2.54726e-29,0.522908
65.86,0,2.52191e-29,0.522856
65.87,0,2.49682e-29,0.522803
65.88,0,2.47198e-29,0.522751
65.89,0,2.44738e-29,0.522699
65.9,0,2.42303e-29,0.522647
65.91,0,2.39892e-29,0.522594
65.92,0,2.37505e-29,0.522542
65.93,0,2.35142e-29,0.52249
65.94,0,2.32802e-29,0.522438
65.95,0,2.30486e-29,0.522385
65.96,0,2.28192e-29,0.522333
65.97,0,2.25922e-29,0.522281
65.98,0,2.23674e-29,0.522229
65.99,0,2.21448e-29,0.522176
66,0,2.19245e-29,0.522124
66.01,0,2.17063e-29,0.522072
66.02,0,2.14903e-29,0.52202
66.03,0,2.12765e-29,0.521968
66.04,0,2.10648e-29,0.521915
66.05,0,2.08552e-29,0.521863
66.06,0,2.06477e-29,0.521811
66.07,0,2.04422e-29,0.521759
66.08,0,2.02388e-29,0.521707
66.09,0,2.00375e-29,0.521655
66.1,0,1.98381e-29,0.521602
66.11,0,1.96407e-29,0.52155
66.12,0,1.94453e-29,0.521498
66.13,0,1.92518e-29,0.521446
66.14,0,1.90602e-29,0.521394
66.15,0,1.88706e-29,0.521342
66.16,0,1.86828e-29,0.52129
66.17,0,1.84969e-29,0.521237
66.18,0,1.83129e-29,0.521185
66.19,0,1.81306e-29,0.521133
66.2,0,1.79502e-29,0.521081
66.21,0,1.77716e-29,0.521029
66.22,0,1.75948e-29,0.520977
66.23,0,1.74197e-29,0.520925
66.24,0,1.72464e-29,0.520873
66.25,0,1.70748e-29,0.520821
66.26,0,1.69049e-29,0.520769
66.27,0,1.67367e-29,0.520716
66.28,0,1.65702e-29,0.520664
66.29,0,1.64053e-29,0.520612
66.3,0,1.6242e-29,0.52056
66.31,0,1.60804e-29,0.520508
66.32,0,1.59204e-29,0.520456
66.33,0,1.5762e-29,0.520404
66.34,0,1.56052e-29,0.520352
66.35,0,1.54499e-29,0.5203
66.36,0,1.52962e-29,0.520248
66.37,0,1.5144e-29,0.520196
66.38,0,1.49933e-29,0.520144
66.39,0,1.48441e-29,0.520092
66.4,0,1.46964e-29,0.52004
66.41,0,1.45502e-29,0.519988
66.42,0,1.44054e-29,0.519936
66.43,0,1.42621e-29,0.519884
66.44,0,1.41202e-29,0.519832
66.45,0,1.39797e-29,0.51978
66.46,0,1.38406e-29,0.519728
66.47,0,1.37028e-29,0.519676
66.48,0,1.35665e-29,0.519624
66.49,0,1.34315e-29,0.519572
66.5,0,1.32979e-29,0.51952
66.51,0,1.31655e-29,0.519468
66.52,0,1.30345e-29,0.519416
66.53,0,1.29048e-29,0.519364
66.54,0,1.27764e-29,0.519312
66.55,0,1.26493e-29,0.51926
66.56,0,1.25235e-29,0.519209
66.57,0,1.23988e-29,0.519157
66.58,0,1.22755e-29,0.519105
66.59,0,1.21533e-29,0.519053
66.6,0,1.20324e-29,0.519001
66.61,0,1.19127e-29,0.518949
66.62,0,1.17941e-29,0.518897
66.63,0,1.16768e-29,0.518845
66.64,0,1.15606e-29,0.518793
66.65,0,1.14456e-29,0.518741
66.66,0,1.13317e-29,0.51869
66.67,0,1.12189e-29,0.518638
66.68,0,1.11073e-29,0.518586
66.69,0,1.09968e-29,0.518534
66.7,0,1.08874e-29,0.518482
66.71,0,1.0779e-29,0.51843
66.72,0,1.06718e-29,0.518378
66.73,0,1.05656e-29,0.518327
66.74,0,1.04605e-29,0.518275
66.75,0,1.03564e-29,0.518223
66.76,0,1.02533e-29,0.518171
66.77,0,1.01513e-29,0.518119
66.78,0,1.00503e-29,0.518068
66.79,0,9.9503e-30,0.518016
66.8,0,9.8513e-30,0.517964
66.81,0,9.75327e-30,0.517912
66.82,0,9.65623e-30,0.51786
66.83,0,9.56015e-30,0.517809
66.84,0,9.46502e-30,0.517757
66.85,0,9.37084e-30,0.517705
66.86,0,9.2776e-30,0.517653
66.87,0,9.18529e-30,0.517601
66.88,0,9.09389e-30,0.51755
66.89,0,9.00341e-30,0.517498
66.9,0,8.91382e-30,0.517446
66.91,0,8.82513e-30,0.517394
66.92,0,8.73732e-30,0.517343
66.93,0,8.65038e-30,0.517291
66.94,0,8.56431e-30,0.517239
66.95,0,8.47909e-30,0.517188
66.96,0,8.39472e-30,0.517136
66.97,0,8.31119e-30,0.517084
66.98,0,8.22849e-30,0.517032
66.99,0,8.14662e-30,0.516981
67,0,8.06556e-30,0.516929
67.01,0,7.98531e-30,0.516877
67.02,0,7.90585e-30,0.516826
67.03,0,7.82719e-30,0.516774
67.04,0,7.7493e-30,0.516722
67.05,0,7.6722e-30,0.516671
67.06,0,7.59586e-30,0.516619
67.07,0,7.52028e-30,0.516567
67.08,0,7.44545e-30,0.516516
67.09,0,7.37137e-30,0.516464
67.1,0,7.29802e-30,0.516412
67.11,0,7.2254e-30,0.516361
67.12,0,7.15351e-30,0.516309
67.13,0,7.08233e-30,0.516257
67.14,0,7.01186e-30,0.516206
67.15,0,6.94209e-30,0.516154
67.16,0,6.87302e-30,0.516103
67.17,0,6.80463e-30,0.516051
67.18,0,6.73692e-30,0.515999
67.19,0,6.66989e-30,0.515948
67.2,0,6.60352e-30,0.515896
67.21,0,6.53782e-30,0.515845
67.22,0,6.47276e-30,0.515793
67.23,0,6.40836e-30,0.515741
67.24,0,6.34459e-30,0.51569
67.25,0,6.28146e-30,0.515638
67.26,0,6.21896e-30,0.515587
67.27,0,6.15708e-30,0.515535
67.28,0,6.09582e-30,0.515484
67.29,0,6.03516e-30,0.515432
67.3,0,5.97511e-30,0.515381
67.31,0,5.91566e-30,0.515329
67.32,0,5.8568e-30,0.515278
67.33,0,5.79852e-30,0.515226
67.34,0,5.74083e-30,0.515174
67.35,0,5.6837e-30,0.515123
67.36,0,5.62715e-30,0.515071
67.37,0,5.57116e-30,0.51502
67.38,0,5.51573e-30,0.514968
67.39,0,5.46084e-30,0.514917
67.4,0,5.40651e-30,0.514865
67.41,0,5.35271e-30,0.514814
67.42,0,5.29945e-30,0.514762
67.43,0,5.24672e-30,0.514711
67.44,0,5.19451e-30,0.51466
67.45,0,5.14283e-30,0.514608
67.46,0,5.09166e-30,0.514557
67.47,0,5.04099e-30,0.514505
67.48,0,4.99083e-30,0.514454
67.49,0,4.94117e-30,0.514402
67.5,0,4.89201e-30,0.514351
67.51,0,4.84333e-30,0.514299
67.52,0,4.79514e-30,0.514248
67.53,0,4.74743e-30,0.514197
67.54,0,4.70019e-30,0.514145
67.55,0,4.65342e-30,0.514094
67.56,0,4.60712e-30,0.514042
67.57,0,4.56128e-30,0.513991
67.58,0,4.51589e-30,0.51394
67.59,0,4.47096e-30,0.513888
67.6,0,4.42647e-30,0.513837
67.61,0,4.38243e-30,0.513785
67.62,0,4.33882e-30,0.513734
67.63,0,4.29565e-30,0.513683
67.64,0,4.25291e-30,0.513631
67.65,0,4.21059e-30,0.51358
67.66,0,4.1687e-30,0.513529
67.67,0,4.12722e-30,0.513477
67.68,0,4.08615e-30,0.513426
67.69,0,4.04549e-30,0.513375
67.7,0,4.00524e-30,0.513323
67.71,0,3.96539e-30,0.513272
67.72,0,3.92593e-30,0.513221
67.73,0,3.88687e-30,0.513169
67.74,0,3.84819e-30,0.513118
67.75,0,3.8099e-30,0.513067
67.76,0,3.77199e-30,0.513015
67.77,0,3.73446e-30,0.512964
67.78,0,3.6973e-30,0.512913
67.79,0,3.66051e-30,0.512861
67.8,0,3.62409e-30,0.51281
67.81,0,3.58803e-30,0.512759
67.82,0,3.55233e-30,0.512708
67.83,0,3.51698e-30,0.512656
67.84,0,3.48199e-30,0.512605
67.85,0,3.44734e-30,0.512554
67.86,0,3.41304e-30,0.512503
67.87,0,3.37908e-30,0.512451
67.88,0,3.34546e-30,0.5124
67.89,0,3.31217e-30,0.512349
67.9,0,3.27921e-30,0.512298
67.91,0,3.24658e-30,0.512246
67.92,0,3.21428e-30,0.512195
67.93,0,3.1823e-30,0.512144
67.94,0,3.15063e-30,0.512093
67.95,0,3.11928e-30,0.512041
67.96,0,3.08825e-30,0.51199
67.97,0,3.05752e-30,0.511939
67.98,0,3.02709e-30,0.511888
67.99,0,2.99697e-30,0.511837
68,0,2.96715e-30,0.511786
68.01,0,2.93763e-30,0.511734
68.02,0,2.9084e-30,0.511683
68.03,0,2.87946e-30,0.511632
68.04,0,2.85081e-30,0.511581
68.05,0,2.82244e-30,0.51153
68.06,0,2.79436e-30,0.511479
68.07,0,2.76656e-30,0.511427
68.08,0,2.73903e-30,0.511376
68.09,0,2.71177e-30,0.511325
68.1,0,2.68479e-30,0.511274
68.11,0,2.65808e-30,0.511223
68.12,0,2.63163e-30,0.511172
68.13,0,2.60544e-30,0.511121
68.14,0,2.57952e-30,0.51107
68.15,0,2.55385e-30,0.511018
68.16,0,2.52844e-30,0.510967
68.17,0,2.50328e-30,0.510916
68.18,0,2.47838e-30,0.510865
68.19,0,2.45371e-30,0.510814
68.2,0,2.4293e-30,0.510763
68.21,0,2.40513e-30,0.510712
68.22,0,2.3812e-30,0.510661
68.23,0,2.3575e-30,0.51061
68.24,0,2.33405e-30,0.510559
68.25,0,2.31082e-30,0.510508
68.26,0,2.28783e-30,0.510457
68.27,0,2.26506e-30,0.510406
68.28,0,2.24253e-30,0.510355
68.29,0,2.22021e-30,0.510303
68.3,0,2.19812e-30,0.510252
68.31,0,2.17625e-30,0.510201
68.32,0,2.1546e-30,0.51015
68.33,0,2.13316e-30,0.510099
68.34,0,2.11193e-30,0.510048
68.35,0,2.09092e-30,0.509997
68.36,0,2.07011e-30,0.509946
68.37,0,2.04951e-30,0.509895
68.38,0,2.02912e-30,0.509844
68.39,0,2.00893e-30,0.509793
68.4,0,1.98894e-30,0.509742
68.41,0,1.96915e-30,0.509691
68.42,0,1.94956e-30,0.509641
68.43,0,1.93016e-30,0.50959
68.44,0,1.91096e-30,0.509539
68.45,0,1.89194e-30,0.509488
68.46,0,1.87312e-30,0.509437
68.47,0,1.85448e-30,0.509386
68.48,0,1.83603e-30,0.509335
68.49,0,1.81776e-30,0.509284
68.5,0,1.79967e-30,0.509233
68.51,0,1.78176e-30,0.509182
68.52,0,1.76403e-30,0.509131
68.53,0,1.74648e-30,0.50908
68.54,0,1.7291e-30,0.509029
68.55,0,1.7119e-30,0.508978
68.56,0,1.69487e-30,0.508928
68.57,0,1.678e-30,0.508877
68.58,0,1.6613e-30,0.508826
68.59,0,1.64477e-30,0.508775
68.6,0,1.62841e-30,0.508724
68.61,0,1.61221e-30,0.508673
68.62,0,1.59616e-30,0.508622
68.63,0,1.58028e-30,0.508571
68.64,0,1.56456e-30,0.508521
68.65,0,1.54899e-30,0.50847
68.66,0,1.53358e-30,0.508419
68.67,0,1.51832e-30,0.508368
68.68,0,1.50321e-30,0.508317
68.69,0,1.48825e-30,0.508266
68.7,0,1.47344e-30,0.508216
68.71,0,1.45878e-30,0.508165
68.72,0,1.44427e-30,0.508114
68.73,0,1.4299e-30,0.508063
68.74,0,1.41567e-30,0.508012
68.75,0,1.40158e-30,0.507961
68.76,0,1.38764e-30,0.507911
68.77,0,1.37383e-30,0.50786
68.78,0,1.36016e-30,0.507809
68.79,0,1.34663e-30,0.507758
68.8,0,1.33323e-30,0.507708
68.81,0,1.31996e-30,0.507657
68.82,0,1.30683e-30,0.507606
68.83,0,1.29383e-30,0.507555
68.84,0,1.28095e-30,0.507505
68.85,0,1.26821e-30,0.507454
68.86,0,1.25559e-30,0.507403
68.87,0,1.24309e-30,0.507352
68.88,0,1.23072e-30,0.507302
68.89,0,1.21848e-30,0.507251
68.9,0,1.20635e-30,0.5072
68.91,0,1.19435e-30,0.507149
68.92,0,1.18247e-30,0.507099
68.93,0,1.1707e-30,0.507048
68.94,0,1.15905e-30,0.506997
68.95,0,1.14752e-30,0.506947
68.96,0,1.1361e-30,0.506896
68.97,0,1.1248e-30,0.506845
68.98,0,1.11361e-30,0.506795
68.99,0,1.10253e-30,0.506744
69,0,1.09155e-30,0.506693
69.01,0,1.08069e-30,0.506642
69.02,0,1.06994e-30,0.506592
69.03,0,1.05929e-30,0.506541
69.04,0,1.04875e-30,0.506491
69.05,0,1.03832e-30,0.50644
69.06,0,1.02799e-30,0.506389
69.07,0,1.01776e-30,0.506339
69.08,0,1.00763e-30,0.506288
69.09,0,9.97606e-31,0.506237
69.1,0,9.8768e-31,0.506187
69.11,0,9.77852e-31,0.506136
69.12,0,9.68122e-31,0.506085
69.13,0,9.58489e-31,0.506035
69.14,0,9.48952e-31,0.505984
69.15,0,9.3951e-31,0.505934
69.16,0,9.30162e-31,0.505883
69.17,0,9.20906e-31,0.505833
69.18,0,9.11743e-31,0.505782
69.19,0,9.02671e-31,0.505731
69.2,0,8.9369e-31,0.505681
69.21,0,8.84797e-31,0.50563
69.22,0,8.75993e-31,0.50558
69.23,0,8.67277e-31,0.505529
69.24,0,8.58647e-31,0.505479
69.25,0,8.50104e-31,0.505428
69.26,0,8.41645e-31,0.505377
69.27,0,8.33271e-31,0.505327
69.28,0,8.24979e-31,0.505276
69.29,0,8.16771e-31,0.505226
69.3,0,8.08644e-31,0.505175
69.31,0,8.00598e-31,0.505125
69.32,0,7.92631e-31,0.505074
69.33,0,7.84745e-31,0.505024
69.34,0,7.76936e-31,0.504973
69.35,0,7.69206e-31,0.504923
69.36,0,7.61552e-31,0.504872
69.37,0,7.53974e-31,0.504822
69.38,0,7.46472e-31,0.504771
69.39,0,7.39045e-31,0.504721
69.4,0,7.31691e-31,0.50467
69.41,0,7.24411e-31,0.50462
69.42,0,7.17203e-31,0.50457
69.43,0,7.10066e-31,0.504519
69.44,0,7.03001e-31,0.504469
69.45,0,6.96006e-31,0.504418
69.46,0,6.89081e-31,0.504368
69.47,0,6.82224e-31,0.504317
69.48,0,6.75436e-31,0.504267
69.49,0,6.68715e-31,0.504216
69.5,0,6.62061e-31,0.504166
69.51,0,6.55474e-31,0.504116
69.52,0,6.48952e-31,0.504065
69.53,0,6.42495e-31,0.504015
69.54,0,6.36102e-31,0.503964
69.55,0,6.29772e-31,0.503914
69.56,0,6.23506e-31,0.503864
69.57,0,6.17302e-31,0.503813
69.58,0,6.1116e-31,0.503763
69.59,0,6.05079e-31,0.503712
69.6,0,5.99058e-31,0.503662
69.61,0,5.93097e-31,0.503612
69.62,0,5.87196e-31,0.503561
69.63,0,5.81353e-31,0.503511
69.64,0,5.75569e-31,0.503461
69.65,0,5.69842e-31,0.50341
69.66,0,5.64172e-31,0.50336
69.67,0,5.58558e-31,0.50331
69.68,0,5.53e-31,0.503259
69.69,0,5.47498e-31,0.503209
69.7,0,5.4205e-31,0.503159
69.71,0,5.36657e-31,0.503108
69.72,0,5.31317e-31,0.503058
69.73,0,5.2603e-31,0.503008
69.74,0,5.20796e-31,0.502957
69.75,0,5.15614e-31,0.502907
69.76,0,5.10484e-31,0.502857
69.77,0,5.05404e-31,0.502807
69.78,0,5.00375e-31,0.502756
69.79,0,4.95396e-31,0.502706
69.8,0,4.90467e-31,0.502656
69.81,0,4.85587e-31,0.502606
69.82,0,4.80755e-31,0.502555
69.83,0,4.75972e-31,0.502505
69.84,0,4.71236e-31,0.502455
69.85,0,4.66547e-31,0.502405
69.86,0,4.61905e-31,0.502354
69.87,0,4.57309e-31,0.502304
69.88,0,4.52758e-31,0.502254
69.89,0,4.48253e-31,0.502204
69.9,0,4.43793e-31,0.502153
69.91,0,4.39377e-31,0.502103
69.92,0,4.35005e-31,0.502053
69.93,0,4.30677e-31,0.502003
69.94,0,4.26392e-31,0.501953
69.95,0,4.22149e-31,0.501902
69.96,0,4.17949e-31,0.501852
69.97,0,4.1379e-31,0.501802
69.98,0,4.09673e-31,0.501752
69.99,0,4.05596e-31,0.501702
70,0,4.01561e-31,0.501651
70.01,0,3.97565e-31,0.501601
70.02,0,3.93609e-31,0.501551
70.03,0,3.89693e-31,0.501501
70.04,0,3.85815e-31,0.501451
70.05,0,3.81976e-31,0.501401
70.06,0,3.78176e-31,0.501351
70.07,0,3.74413e-31,0.5013
70.08,0,3.70687e-31,0.50125
70.09,0,3.66999e-31,0.5012
70.1,0,3.63347e-31,0.50115
70.11,0,3.59732e-31,0.5011
70.12,0,3.56152e-31,0.50105
70.13,0,3.52609e-31,0.501
70.14,0,3.491e-31,0.50095
70.15,0,3.45626e-31,0.5009
70.16,0,3.42187e-31,0.500849
70.17,0,3.38783e-31,0.500799
70.18,0,3.35412e-31,0.500749
70.19,0,3.32074e-31,0.500699
70.2,0,3.2877e-31,0.500649
70.21,0,3.25499e-31,0.500599
70.22,0,3.2226e-31,0.500549
70.23,0,3.19053e-31,0.500499
70.24,0,3.15879e-31,0.500449
70.25,0,3.12736e-31,0.500399
70.26,0,3.09624e-31,0.500349
70.27,0,3.06543e-31,0.500299
70.28,0,3.03493e-31,0.500249
70.29,0,3.00473e-31,0.500199
70.3,0,2.97483e-31,0.500149
70.31,0,2.94523e-31,0.500099
70.32,0,2.91593e-31,0.500049
70.33,0,2.88691e-31,0.499999
70.34,0,2.85819e-31,0.499949
70.35,0,2.82975e-31,0.499899
70.36,0,2.80159e-31,0.499849
70.37,0,2.77372e-31,0.499799
70.38,0,2.74612e-31,0.499749
70.39,0,2.71879e-31,0.499699
70.4,0,2.69174e-31,0.499649
70.41,0,2.66496e-31,0.499599
70.42,0,2.63844e-31,0.499549
70.43,0,2.61219e-31,0.499499
70.44,0,2.5862e-31,0.499449
70.45,0,2.56046e-31,0.499399
70.46,0,2.53499e-31,0.499349
70.47,0,2.50976e-31,0.499299
70.48,0,2.48479e-31,0.499249
70.49,0,2.46007e-31,0.499199
70.5,0,2.43559e-31,0.499149
70.51,0,2.41135e-31,0.4991
70.52,0,2.38736e-31,0.49905
70.53,0,2.36361e-31,0.499
70.54,0,2.34009e-31,0.49895
70.55,0,2.3168e-31,0.4989
70.56,0,2.29375e-31,0.49885
70.57,0,2.27093e-31,0.4988
70.58,0,2.24833e-31,0.49875
70.59,0,2.22596e-31,0.4987
70.6,0,2.20381e-31,0.498651
70.61,0,2.18188e-31,0.498601
70.62,0,2.16017e-31,0.498551
70.63,0,2.13868e-31,0.498501
70.64,0,2.1174e-31,0.498451
70.65,0,2.09633e-31,0.498401
70.66,0,2.07547e-31,0.498351
70.67,0,2.05482e-31,0.498302
70.68,0,2.03437e-31,0.498252
70.69,0,2.01413e-31,0.498202
70.7,0,1.99409e-31,0.498152
70.71,0,1.97425e-31,0.498102
70.72,0,1.95461e-31,0.498053
70.73,0,1.93516e-31,0.498003
70.74,0,1.9159e-31,0.497953
70.75,0,1.89684e-31,0.497903
70.76,0,1.87796e-31,0.497853
70.77,0,1.85928e-31,0.497804
70.78,0,1.84078e-31,0.497754
70.79,0,1.82246e-31,0.497704
70.8,0,1.80433e-31,0.497654
70.81,0,1.78637e-31,0.497605
70.82,0,1.7686e-31,0.497555
70.83,0,1.751e-31,0.497505
70.84,0,1.73358e-31,0.497455
70.85,0,1.71633e-31,0.497406
70.86,0,1.69925e-31,0.497356
70.87,0,1.68234e-31,0.497306
70.88,0,1.6656e-31,0.497256
70.89,0,1.64903e-31,0.497207
70.9,0,1.63262e-31,0.497157
70.91,0,1.61638e-31,0.497107
70.92,0,1.6003e-31,0.497057
70.93,0,1.58437e-31,0.497008
70.94,0,1.56861e-31,0.496958
70.95,0,1.553e-31,0.496908
70.96,0,1.53755e-31,0.496859
70.97,0,1.52225e-31,0.496809
70.98,0,1.5071e-31,0.496759
70.99,0,1.49211e-31,0.49671
71,0,1.47726e-31,0.49666
71.01,0,1.46256e-31,0.49661
71.02,0,1.44801e-31,0.496561
71.03,0,1.4336e-31,0.496511
71.04,0,1.41933e-31,0.496461
71.05,0,1.40521e-31,0.496412
71.06,0,1.39123e-31,0.496362
71.07,0,1.37739e-31,0.496312
71.08,0,1.36368e-31,0.496263
71.09,0,1.35011e-31,0.496213
71.1,0,1.33668e-31,0.496164
71.11,0,1.32338e-31,0.496114
71.12,0,1.31021e-31,0.496064
71.13,0,1.29717e-31,0.496015
71.14,0,1.28427e-31,0.495965
71.15,0,1.27149e-31,0.495916
71.16,0,1.25884e-31,0.495866
71.17,0,1.24631e-31,0.495816
71.18,0,1.23391e-31,0.495767
71.19,0,1.22163e-31,0.495717
71.2,0,1.20948e-31,0.495668
71.21,0,1.19744e-31,0.495618
71.22,0,1.18553e-31,0.495569
71.23,0,1.17373e-31,0.495519
71.24,0,1.16205e-31,0.495469
71.25,0,1.15049e-31,0.49542
71.26,0,1.13904e-31,0.49537
71.27,0,1.12771e-31,0.495321
71.28,0,1.11649e-31,0.495271
71.29,0,1.10538e-31,0.495222
71.3,0,1.09438e-31,0.495172
71.31,0,1.08349e-31,0.495123
71.32,0,1.07271e-31,0.495073
71.33,0,1.06204e-31,0.495024
71.34,0,1.05147e-31,0.494974
71.35,0,1.04101e-31,0.494925
71.36,0,1.03065e-31,0.494875
71.37,0,1.02039e-31,0.494826
71.38,0,1.01024e-31,0.494776
71.39,0,1.00019e-31,0.494727
71.4,0,9.90236e-32,0.494677
71.41,0,9.80383e-32,0.494628
71.42,0,9.70628e-32,0.494578
71.43,0,9.6097e-32,0.494529
71.44,0,9.51408e-32,0.494479
71.45,0,9.41942e-32,0.49443
71.46,0,9.32569e-32,0.494381
71.47,0,9.2329e-32,0.494331
71.48,0,9.14103e-32,0.494282
71.49,0,9.05008e-32,0.494232
71.5,0,8.96003e-32,0.494183
71.51,0,8.87087e-32,0.494133
71.52,0,8.78261e-32,0.494084
71.53,0,8.69522e-32,0.494035
71.54,0,8.6087e-32,0.493985
71.55,0,8.52304e-32,0.493936
71.56,0,8.43824e-32,0.493886
71.57,0,8.35427e-32,0.493837
71.58,0,8.27115e-32,0.493788
71.59,0,8.18885e-32,0.493738
71.6,0,8.10737e-32,0.493689
71.61,0,8.0267e-32,0.49364
71.62,0,7.94683e-32,0.49359
71.63,0,7.86776e-32,0.493541
71.64,0,7.78947e-32,0.493491
71.65,0,7.71197e-32,0.493442
71.66,0,7.63523e-32,0.493393
71.67,0,7.55926e-32,0.493343
71.68,0,7.48404e-32,0.493294
71.69,0,7.40958e-32,0.493245
71.7,0,7.33585e-32,0.493195
71.71,0,7.26286e-32,0.493146
71.72,0,7.19059e-32,0.493097
71.73,0,7.11904e-32,0.493048
71.74,0,7.04821e-32,0.492998
71.75,0,6.97808e-32,0.492949
71.76,0,6.90864e-32,0.4929
71.77,0,6.8399e-32,0.49285
71.78,0,6.77184e-32,0.492801
71.79,0,6.70446e-32,0.492752
71.8,0,6.63775e-32,0.492703
71.81,0,6.5717e-32,0.492653
71.82,0,6.50632e-32,0.492604
71.83,0,6.44158e-32,0.492555
71.84,0,6.37748e-32,0.492505
71.85,0,6.31402e-32,0.492456
71.86,0,6.2512e-32,0.492407
71.87,0,6.189e-32,0.492358
71.88,0,6.12742e-32,0.492309
71.89,0,6.06645e-32,0.492259
71.9,0,6.00609e-32,0.49221
71.91,0,5.94632e-32,0.492161
71.92,0,5.88716e-32,0.492112
71.93,0,5.82858e-32,0.492062
71.94,0,5.77058e-32,0.492013
71.95,0,5.71317e-32,0.491964
71.96,0,5.65632e-32,0.491915
71.97,0,5.60004e-32,0.491866
71.98,0,5.54432e-32,0.491816
71.99,0,5.48915e-32,0.491767
72,0,5.43453e-32,0.491718
72.01,0,5.38046e-32,0.491669
72.02,0,5.32692e-32,0.49162
72.03,0,5.27392e-32,0.491571
72.04,0,5.22144e-32,0.491521
72.05,0,5.16949e-32,0.491472
72.06,0,5.11805e-32,0.491423
72.07,0,5.06712e-32,0.491374
72.08,0,5.0167e-32,0.491325
72.09,0,4.96679e-32,0.491276
72.1,0,4.91737e-32,0.491227
72.11,0,4.86844e-32,0.491178
72.12,0,4.82e-32,0.491128
72.13,0,4.77204e-32,0.491079
72.14,0,4.72455e-32,0.49103
72.15,0,4.67754e-32,0.490981
72.16,0,4.631e-32,0.490932
72.17,0,4.58492e-32,0.490883
72.18,0,4.5393e-32,0.490834
72.19,0,4.49414e-32,0.490785
72.2,0,4.44942e-32,0.490736
72.21,0,4.40515e-32,0.490687
72.22,0,4.36131e-32,0.490638
72.23,0,4.31792e-32,0.490588
72.24,0,4.27495e-32,0.490539
72.25,0,4.23242e-32,0.49049
72.26,0,4.1903e-32,0.490441
72.27,0,4.14861e-32,0.490392
72.28,0,4.10733e-32,0.490343
72.29,0,4.06646e-32,0.490294
72.3,0,4.026e-32,0.490245
72.31,0,3.98594e-32,0.490196
72.32,0,3.94628e-32,0.490147
72.33,0,3.90701e-32,0.490098
72.34,0,3.86814e-32,0.490049
72.35,0,3.82965e-32,0.49
72.36,0,3.79154e-32,0.489951
72.37,0,3.75382e-32,0.489902
72.38,0,3.71647e-32,0.489853
72.39,0,3.67949e-32,0.489804
72.4,0,3.64288e-32,0.489755
72.41,0,3.60663e-32,0.489706
72.42,0,3.57074e-32,0.489657
72.43,0,3.53521e-32,0.489608
72.44,0,3.50004e-32,0.489559
72.45,0,3.46521e-32,0.48951
72.46,0,3.43073e-32,0.489461
72.47,0,3.39659e-32,0.489412
72.48,0,3.3628e-32,0.489364
72.49,0,3.32934e-32,0.489315
72.5,0,3.29621e-32,0.489266
72.51,0,3.26341e-32,0.489217
72.52,0,3.23094e-32,0.489168
72.53,0,3.19879e-32,0.489119
72.54,0,3.16696e-32,0.48907
72.55,0,3.13545e-32,0.489021
72.56,0,3.10425e-32,0.488972
72.57,0,3.07337e-32,0.488923
72.58,0,3.04279e-32,0.488874
72.59,0,3.01251e-32,0.488826
72.6,0,2.98253e-32,0.488777
72.61,0,2.95286e-32,0.488728
72.62,0,2.92348e-32,0.488679
72.63,0,2.89439e-32,0.48863
72.64,0,2.86559e-32,0.488581
72.65,0,2.83707e-32,0.488532
72.66,0,2.80884e-32,0.488483
72.67,0,2.7809e-32,0.488435
72.68,0,2.75323e-32,0.488386
72.69,0,2.72583e-32,0.488337
72.7,0,2.69871e-32,0.488288
72.71,0,2.67186e-32,0.488239
72.72,0,2.64527e-32,0.48819
72.73,0,2.61895e-32,0.488142
72.74,0,2.59289e-32,0.488093
72.75,0,2.56709e-32,0.488044
72.76,0,2.54155e-32,0.487995
72.77,0,2.51626e-32,0.487946
72.78,0,2.49122e-32,0.487898
72.79,0,2.46643e-32,0.487849
72.8,0,2.44189e-32,0.4878
72.81,0,2.4176e-32,0.487751
72.82,0,2.39354e-32,0.487703
72.83,0,2.36972e-32,0.487654
72.84,0,2.34614e-32,0.487605
72.85,0,2.3228e-32,0.487556
72.86,0,2.29969e-32,0.487507
72.87,0,2.27681e-32,0.487459
72.88,0,2.25415e-32,0.48741
72.89,0,2.23172e-32,0.487361
72.9,0,2.20952e-32,0.487313
72.91,0,2.18753e-32,0.487264
72.92,0,2.16576e-32,0.487215
72.93,0,2.14421e-32,0.487166
72.94,0,2.12288e-32,0.487118
72.95,0,2.10176e-32,0.487069
72.96,0,2.08084e-32,0.48702
72.97,0,2.06014e-32,0.486972
72.98,0,2.03964e-32,0.486923
72.99,0,2.01935e-32,0.486874
73,0,1.99925e-32,0.486825
73.01,0,1.97936e-32,0.486777
73.02,0,1.95966e-32,0.486728
73.03,0,1.94017e-32,0.486679
73.04,0,1.92086e-32,0.486631
73.05,0,1.90175e-32,0.486582
73.06,0,1.88283e-32,0.486533
73.07,0,1.86409e-32,0.486485
73.08,0,1.84554e-32,0.486436
73.09,0,1.82718e-32,0.486387
73.1,0,1.809e-32,0.486339
73.11,0,1.791e-32,0.48629
73.12,0,1.77318e-32,0.486242
73.13,0,1.75553e-32,0.486193
73.14,0,1.73807e-32,0.486144
73.15,0,1.72077e-32,0.486096
73.16,0,1.70365e-32,0.486047
73.17,0,1.6867e-32,0.485999
73.18,0,1.66992e-32,0.48595
73.19,0,1.6533e-32,0.485901
73.2,0,1.63685e-32,0.485853
73.21,0,1.62056e-32,0.485804
73.22,0,1.60444e-32,0.485756
73.23,0,1.58847e-32,0.485707
73.24,0,1.57267e-32,0.485658
73.25,0,1.55702e-32,0.48561
73.26,0,1.54153e-32,0.485561
73.27,0,1.52619e-32,0.485513
73.28,0,1.511e-32,0.485464
73.29,0,1.49597e-32,0.485416
73.3,0,1.48108e-32,0.485367
73.31,0,1.46635e-32,0.485319
73.32,0,1.45176e-32,0.48527
73.33,0,1.43731e-32,0.485222
73.34,0,1.42301e-32,0.485173
73.35,0,1.40885e-32,0.485125
73.36,0,1.39483e-32,0.485076
73.37,0,1.38095e-32,0.485028
73.38,0,1.36721e-32,0.484979
73.39,0,1.35361e-32,0.484931
73.4,0,1.34014e-32,0.484882
73.41,0,1.3268e-32,0.484834
73.42,0,1.3136e-32,0.484785
73.43,0,1.30053e-32,0.484737
73.44,0,1.28759e-32,0.484688
73.45,0,1.27478e-32,0.48464
73.46,0,1.2621e-32,0.484591
73.47,0,1.24954e-32,0.484543
73.48,0,1.2371e-32,0.484494
73.49,0,1.22479e-32,0.484446
73.5,0,1.21261e-32,0.484397
73.51,0,1.20054e-32,0.484349
73.52,0,1.1886e-32,0.484301
73.53,0,1.17677e-32,0.484252
73.54,0,1.16506e-32,0.484204
73.55,0,1.15347e-32,0.484155
73.56,0,1.14199e-32,0.484107
73.57,0,1.13063e-32,0.484058
73.58,0,1.11938e-32,0.48401
73.59,0,1.10824e-32,0.483962
73.6,0,1.09721e-32,0.483913
73.61,0,1.0863e-32,0.483865
73.62,0,1.07549e-32,0.483816
73.63,0,1.06479e-32,0.483768
73.64,0,1.05419e-32,0.48372
73.65,0,1.0437e-32,0.483671
73.66,0,1.03332e-32,0.483623
73.67,0,1.02303e-32,0.483575
73.68,0,1.01286e-32,0.483526
73.69,0,1.00278e-32,0.483478
73.7,0,9.92799e-33,0.48343
73.71,0,9.82921e-33,0.483381
73.72,0,9.73141e-33,0.483333
73.73,0,9.63458e-33,0.483285
73.74,0,9.53871e-33,0.483236
73.75,0,9.4438e-33,0.483188
73.76,0,9.34983e-33,0.48314
73.77,0,9.2568e-33,0.483091
73.78,0,9.16469e-33,0.483043
73.79,0,9.0735e-33,0.482995
73.8,0,8.98322e-33,0.482946
73.81,0,8.89384e-33,0.482898
73.82,0,8.80534e-33,0.48285
73.83,0,8.71773e-33,0.482802
73.84,0,8.63098e-33,0.482753
73.85,0,8.5451e-33,0.482705
73.86,0,8.46008e-33,0.482657
73.87,0,8.3759e-33,0.482608
73.88,0,8.29256e-33,0.48256
73.89,0,8.21005e-33,0.482512
73.9,0,8.12835e-33,0.482464
73.91,0,8.04748e-33,0.482415
73.92,0,7.9674e-33,0.482367
73.93,0,7.88812e-33,0.482319
73.94,0,7.80964e-33,0.482271
73.95,0,7.73193e-33,0.482222
73.96,0,7.655e-33,0.482174
73.97,0,7.57883e-33,0.482126
73.98,0,7.50342e-33,0.482078
73.99,0,7.42876e-33,0.48203
74,0,7.35484e-33,0.481981
74.01,0,7.28166e-33,0.481933
74.02,0,7.2092e-33,0.481885
74.03,0,7.13747e-33,0.481837
74.04,0,7.06645e-33,0.481789
74.05,0,6.99614e-33,0.481741
74.06,0,6.92653e-33,0.481692
74.07,0,6.85761e-33,0.481644
74.08,0,6.78937e-33,0.481596
74.09,0,6.72182e-33,0.481548
74.1,0,6.65493e-33,0.4815
74.11,0,6.58872e-33,0.481452
74.12,0,6.52316e-33,0.481403
74.13,0,6.45825e-33,0.481355
74.14,0,6.39399e-33,0.481307
74.15,0,6.33037e-33,0.481259
74.16,0,6.26738e-33,0.481211
74.17,0,6.20502e-33,0.481163
74.18,0,6.14328e-33,0.481115
74.19,0,6.08215e-33,0.481067
74.2,0,6.02163e-33,0.481018
74.21,0,5.96172e-33,0.48097
74.22,0,5.9024e-33,0.480922
74.23,0,5.84367e-33,0.480874
74.24,0,5.78552e-33,0.480826
74.25,0,5.72795e-33,0.480778
74.26,0,5.67096e-33,0.48073
74.27,0,5.61453e-33,0.480682
74.28,0,5.55867e-33,0.480634
74.29,0,5.50336e-33,0.480586
74.3,0,5.4486e-33,0.480538
74.31,0,5.39438e-33,0.48049
74.32,0,5.34071e-33,0.480442
74.33,0,5.28757e-33,0.480394
74.34,0,5.23496e-33,0.480345
74.35,0,5.18287e-33,0.480297
74.36,0,5.1313e-33,0.480249
74.37,0,5.08024e-33,0.480201
74.38,0,5.02969e-33,0.480153
74.39,0,4.97964e-33,0.480105
74.4,0,4.9301e-33,0.480057
74.41,0,4.88104e-33,0.480009
74.42,0,4.83247e-33,0.479961
74.43,0,4.78439e-33,0.479913
74.44,0,4.73678e-33,0.479865
74.45,0,4.68965e-33,0.479817
74.46,0,4.64299e-33,0.479769
74.47,0,4.59679e-33,0.479721
74.48,0,4.55105e-33,0.479673
74.49,0,4.50577e-33,0.479626
74.5,0,4.46094e-33,0.479578
74.51,0,4.41655e-33,0.47953
74.52,0,4.3726e-33,0.479482
74.53,0,4.32909e-33,0.479434
74.54,0,4.28602e-33,0.479386
74.55,0,4.24337e-33,0.479338
74.56,0,4.20115e-33,0.47929
74.57,0,4.15935e-33,0.479242
74.58,0,4.11796e-33,0.479194
74.59,0,4.07699e-33,0.479146
74.6,0,4.03642e-33,0.479098
74.61,0,3.99626e-33,0.47905
74.62,0,3.95649e-33,0.479002
74.63,0,3.91713e-33,0.478955
74.64,0,3.87815e-33,0.478907
74.65,0,3.83956e-33,0.478859
74.66,0,3.80136e-33,0.478811
74.67,0,3.76353e-33,0.478763
74.68,0,3.72609e-33,0.478715
74.69,0,3.68901e-33,0.478667
74.7,0,3.6523e-33,0.478619
74.71,0,3.61596e-33,0.478571
74.72,0,3.57998e-33,0.478524
74.73,0,3.54436e-33,0.478476
74.74,0,3.5091e-33,0.478428
74.75,0,3.47418e-33,0.47838
74.76,0,3.43961e-33,0.478332
74.77,0,3.40539e-33,0.478284
74.78,0,3.3715e-33,0.478237
74.79,0,3.33796e-33,0.478189
74.8,0,3.30474e-33,0.478141
74.81,0,3.27186e-33,0.478093
74.82,0,3.2393e-33,0.478045
74.83,0,3.20707e-33,0.477998
74.84,0,3.17516e-33,0.47795
74.85,0,3.14357e-33,0.477902
74.86,0,3.11229e-33,0.477854
74.87,0,3.08132e-33,0.477806
74.88,0,3.05066e-33,0.477759
74.89,0,3.02031e-33,0.477711
74.9,0,2.99025e-33,0.477663
74.91,0,2.9605e-33,0.477615
74.92,0,2.93104e-33,0.477568
74.93,0,2.90188e-33,0.47752
74.94,0,2.873e-33,0.477472
74.95,0,2.84442e-33,0.477424
74.96,0,2.81612e-33,0.477377
74.97,0,2.78809e-33,0.477329
74.98,0,2.76035e-33,0.477281
74.99,0,2.73289e-33,0.477233
75,0,2.70569e-33,0.477186
75.01,0,2.67877e-33,0.477138
75.02,0,2.65212e-33,0.47709
75.03,0,2.62573e-33,0.477043
75.04,0,2.5996e-33,0.476995
75.05,0,2.57374e-33,0.476947
75.06,0,2.54813e-33,0.476899
75.07,0,2.52277e-33,0.476852
75.08,0,2.49767e-33,0.476804
75.09,0,2.47282e-33,0.476756
75.1,0,2.44821e-33,0.476709
75.11,0,2.42385e-33,0.476661
75.12,0,2.39974e-33,0.476613
75.13,0,2.37586e-33,0.476566
75.14,0,2.35222e-33,0.476518
75.15,0,2.32881e-33,0.47647
75.16,0,2.30564e-33,0.476423
75.17,0,2.2827e-33,0.476375
75.18,0,2.25999e-33,0.476327
75.19,0,2.2375e-33,0.47628
75.2,0,2.21523e-33,0.476232
75.21,0,2.19319e-33,0.476185
75.22,0,2.17137e-33,0.476137
75.23,0,2.14976e-33,0.476089
75.24,0,2.12837e-33,0.476042
75.25,0,2.1072e-33,0.475994
75.26,0,2.08623e-33,0.475947
75.27,0,2.06547e-33,0.475899
75.28,0,2.04492e-33,0.475851
75.29,0,2.02457e-33,0.475804
75.3,0,2.00443e-33,0.475756
75.31,0,1.98448e-33,0.475709
75.32,0,1.96474e-33,0.475661
75.33,0,1.94519e-33,0.475614
75.34,0,1.92583e-33,0.475566
75.35,0,1.90667e-33,0.475518
75.36,0,1.8877e-33,0.475471
75.37,0,1.86892e-33,0.475423
75.38,0,1.85032e-33,0.475376
75.39,0,1.83191e-33,0.475328
75.4,0,1.81368e-33,0.475281
75.41,0,1.79563e-33,0.475233
75.42,0,1.77777e-33,0.475186
75.43,0,1.76008e-33,0.475138
75.44,0,1.74257e-33,0.475091
75.45,0,1.72523e-33,0.475043
75.46,0,1.70806e-33,0.474996
75.47,0,1.69106e-33,0.474948
75.48,0,1.67424e-33,0.474901
75.49,0,1.65758e-33,0.474853
75.5,0,1.64109e-33,0.474806
75.51,0,1.62476e-33,0.474758
75.52,0,1.60859e-33,0.474711
75.53,0,1.59258e-33,0.474663
75.54,0,1.57674e-33,0.474616
75.55,0,1.56105e-33,0.474568
75.56,0,1.54552e-33,0.474521
75.57,0,1.53014e-33,0.474473
75.58,0,1.51491e-33,0.474426
75.59,0,1.49984e-33,0.474379
75.6,0,1.48492e-33,0.474331
75.61,0,1.47014e-33,0.474284
75.62,0,1.45551e-33,0.474236
75.63,0,1.44103e-33,0.474189
75.64,0,1.42669e-33,0.474141
75.65,0,1.4125e-33,0.474094
75.66,0,1.39844e-33,0.474047
75.67,0,1.38453e-33,0.473999
75.68,0,1.37075e-33,0.473952
75.69,0,1.35711e-33,0.473904
75.7,0,1.34361e-33,0.473857
75.71,0,1.33024e-33,0.47381
75.72,0,1.317e-33,0.473762
75.73,0,1.3039e-33,0.473715
75.74,0,1.29092e-33,0.473668
75.75,0,1.27808e-33,0.47362
75.76,0,1.26536e-33,0.473573
75.77,0,1.25277e-33,0.473525
75.78,0,1.24031e-33,0.473478
75.79,0,1.22797e-33,0.473431
75.8,0,1.21575e-33,0.473383
75.81,0,1.20365e-33,0.473336
75.82,0,1.19167e-33,0.473289
75.83,0,1.17982e-33,0.473241
75.84,0,1.16808e-33,0.473194
75.85,0,1.15645e-33,0.473147
75.86,0,1.14495e-33,0.473099
75.87,0,1.13355e-33,0.473052
75.88,0,1.12228e-33,0.473005
75.89,0,1.11111e-33,0.472958
75.9,0,1.10005e-33,0.47291
75.91,0,1.08911e-33,0.472863
75.92,0,1.07827e-33,0.472816
75.93,0,1.06754e-33,0.472768
75.94,0,1.05692e-33,0.472721
75.95,0,1.0464e-33,0.472674
75.96,0,1.03599e-33,0.472627
75.97,0,1.02568e-33,0.472579
75.98,0,1.01548e-33,0.472532
75.99,0,1.00537e-33,0.472485
76,0,9.95369e-34,0.472438
76.01,0,9.85465e-34,0.47239
76.02,0,9.7566e-34,0.472343
76.03,0,9.65952e-34,0.472296
76.04,0,9.5634e-34,0.472249
76.05,0,9.46824e-34,0.472201
76.06,0,9.37403e-34,0.472154
76.07,0,9.28076e-34,0.472107
76.08,0,9.18842e-34,0.47206
76.09,0,9.09699e-34,0.472013
76.1,0,9.00647e-34,0.471965
76.11,0,8.91686e-34,0.471918
76.12,0,8.82813e-34,0.471871
76.13,0,8.74029e-34,0.471824
76.14,0,8.65332e-34,0.471777
76.15,0,8.56722e-34,0.471729
76.16,0,8.48198e-34,0.471682
76.17,0,8.39758e-34,0.471635
76.18,0,8.31402e-34,0.471588
76.19,0,8.2313e-34,0.471541
76.2,0,8.14939e-34,0.471494
76.21,0,8.06831e-34,0.471446
76.22,0,7.98802e-34,0.471399
76.23,0,7.90854e-34,0.471352
76.24,0,7.82985e-34,0.471305
76.25,0,7.75194e-34,0.471258
76.26,0,7.67481e-34,0.471211
76.27,0,7.59844e-34,0.471164
76.28,0,7.52284e-34,0.471117
76.29,0,7.44798e-34,0.471069
76.3,0,7.37388e-34,0.471022
76.31,0,7.3005e-34,0.470975
76.32,0,7.22786e-34,0.470928
76.33,0,7.15595e-34,0.470881
76.34,0,7.08474e-34,0.470834
76.35,0,7.01425e-34,0.470787
76.36,0,6.94445e-34,0.47074
76.37,0,6.87536e-34,0.470693
76.38,0,6.80695e-34,0.470646
76.39,0,6.73922e-34,0.470599
76.4,0,6.67216e-34,0.470552
76.41,0,6.60577e-34,0.470505
76.42,0,6.54004e-34,0.470457
76.43,0,6.47497e-34,0.47041
76.44,0,6.41054e-34,0.470363
76.45,0,6.34675e-34,0.470316
76.46,0,6.2836e-34,0.470269
76.47,0,6.22108e-34,0.470222
76.48,0,6.15918e-34,0.470175
76.49,0,6.09789e-34,0.470128
76.5,0,6.03722e-34,0.470081
76.51,0,5.97715e-34,0.470034
76.52,0,5.91767e-34,0.469987
76.53,0,5.85879e-34,0.46994
76.54,0,5.8005e-34,0.469893
76.55,0,5.74278e-34,0.469846
76.56,0,5.68564e-34,0.469799
76.57,0,5.62907e-34,0.469752
76.58,0,5.57306e-34,0.469705
76.59,0,5.5176e-34,0.469658
76.6,0,5.4627e-34,0.469611
76.61,0,5.40835e-34,0.469564
76.62,0,5.35453e-34,0.469518
76.63,0,5.30125e-34,0.469471
76.64,0,5.24851e-34,0.469424
76.65,0,5.19628e-34,0.469377
76.66,0,5.14458e-34,0.46933
76.67,0,5.09339e-34,0.469283
76.68,0,5.04271e-34,0.469236
76.69,0,4.99253e-34,0.469189
76.7,0,4.94286e-34,0.469142
76.71,0,4.89367e-34,0.469095
76.72,0,4.84498e-34,0.469048
76.73,0,4.79677e-34,0.469001
76.74,0,4.74904e-34,0.468954
76.75,0,4.70179e-34,0.468908
76.76,0,4.65501e-34,0.468861
76.77,0,4.60869e-34,0.468814
76.78,0,4.56283e-34,0.468767
76.79,0,4.51743e-34,0.46872
76.8,0,4.47248e-34,0.468673
76.81,0,4.42798e-34,0.468626
76.82,0,4.38392e-34,0.468579
76.83,0,4.3403e-34,0.468533
76.84,0,4.29711e-34,0.468486
76.85,0,4.25436e-34,0.468439
76.86,0,4.21202e-34,0.468392
76.87,0,4.17011e-34,0.468345
76.88,0,4.12862e-34,0.468298
76.89,0,4.08754e-34,0.468252
76.9,0,4.04687e-34,0.468205
76.91,0,4.0066e-34,0.468158
76.92,0,3.96674e-34,0.468111
76.93,0,3.92727e-34,0.468064
76.94,0,3.88819e-34,0.468017
76.95,0,3.8495e-34,0.467971
76.96,0,3.8112e-34,0.467924
76.97,0,3.77328e-34,0.467877
76.98,0,3.73573e-34,0.46783
76.99,0,3.69856e-34,0.467784
77,0,3.66176e-34,0.467737
77.01,0,3.62532e-34,0.46769
77.02,0,3.58925e-34,0.467643
77.03,0,3.55354e-34,0.467596
77.04,0,3.51818e-34,0.46755
77.05,0,3.48317e-34,0.467503
77.06,0,3.44851e-34,0.467456
77.07,0,3.4142e-34,0.467409
77.08,0,3.38023e-34,0.467363
77.09,0,3.3466e-34,0.467316
77.1,0,3.3133e-34,0.467269
77.11,0,3.28033e-34,0.467223
77.12,0,3.24769e-34,0.467176
77.13,0,3.21537e-34,0.467129
77.14,0,3.18338e-34,0.467082
77.15,0,3.1517e-34,0.467036
77.16,0,3.12034e-34,0.466989
77.17,0,3.0893e-34,0.466942
77.18,0,3.05856e-34,0.466896
77.19,0,3.02812e-34,0.466849
77.2,0,2.99799e-34,0.466802
77.21,0,2.96816e-34,0.466756
77.22,0,2.93863e-34,0.466709
77.23,0,2.90939e-34,0.466662
77.24,0,2.88044e-34,0.466616
77.25,0,2.85178e-34,0.466569
77.26,0,2.8234e-34,0.466522
77.27,0,2.79531e-34,0.466476
77.28,0,2.7675e-34,0.466429
77.29,0,2.73996e-34,0.466382
77.3,0,2.7127e-34,0.466336
77.31,0,2.68571e-34,0.466289
77.32,0,2.65898e-34,0.466242
77.33,0,2.63253e-34,0.466196
77.34,0,2.60633e-34,0.466149
77.35,0,2.5804e-34,0.466103
77.36,0,2.55472e-34,0.466056
77.37,0,2.5293e-34,0.466009
77.38,0,2.50414e-34,0.465963
77.39,0,2.47922e-34,0.465916
77.4,0,2.45455e-34,0.46587
77.41,0,2.43013e-34,0.465823
77.42,0,2.40595e-34,0.465776
77.43,0,2.38201e-34,0.46573
77.44,0,2.35831e-34,0.465683
77.45,0,2.33484e-34,0.465637
77.46,0,2.31161e-34,0.46559
77.47,0,2.28861e-34,0.465544
77.48,0,2.26584e-34,0.465497
77.49,0,2.24329e-34,0.46545
77.5,0,2.22097e-34,0.465404
77.51,0,2.19887e-34,0.465357
77.52,0,2.17699e-34,0.465311
77.53,0,2.15533e-34,0.465264
77.54,0,2.13388e-34,0.465218
77.55,0,2.11265e-34,0.465171
77.56,0,2.09163e-34,0.465125
77.57,0,2.07082e-34,0.465078
77.58,0,2.05021e-34,0.465032
77.59,0,2.02981e-34,0.464985
77.6,0,2.00962e-34,0.464939
77.61,0,1.98962e-34,0.464892
77.62,0,1.96982e-34,0.464846
77.63,0,1.95022e-34,0.464799
77.64,0,1.93082e-34,0.464753
77.65,0,1.91161e-34,0.464706
77.66,0,1.89258e-34,0.46466
77.67,0,1.87375e-34,0.464613
77.68,0,1.85511e-34,0.464567
77.69,0,1.83665e-34,0.46452
77.7,0,1.81838e-34,0.464474
77.71,0,1.80028e-34,0.464428
77.72,0,1.78237e-34,0.464381
77.73,0,1.76463e-34,0.464335
77.74,0,1.74708e-34,0.464288
77.75,0,1.72969e-34,0.464242
77.76,0,1.71248e-34,0.464195
77.77,0,1.69544e-34,0.464149
77.78,0,1.67857e-34,0.464103
77.79,0,1.66187e-34,0.464056
77.8,0,1.64533e-34,0.46401
77.81,0,1.62896e-34,0.463963
77.82,0,1.61275e-34,0.463917
77.83,0,1.59671e-34,0.463871
77.84,0,1.58082e-34,0.463824
77.85,0,1.56509e-34,0.463778
77.86,0,1.54952e-34,0.463731
77.87,0,1.5341e-34,0.463685
77.88,0,1.51883e-34,0.463639
77.89,0,1.50372e-34,0.463592
77.9,0,1.48876e-34,0.463546
77.91,0,1.47395e-34,0.4635
77.92,0,1.45928e-34,0.463453
77.93,0,1.44476e-34,0.463407
77.94,0,1.43038e-34,0.463361
77.95,0,1.41615e-34,0.463314
77.96,0,1.40206e-34,0.463268
77.97,0,1.38811e-34,0.463222
77.98,0,1.3743e-34,0.463175
77.99,0,1.36062e-34,0.463129
78,0,1.34709e-34,0.463083
78.01,0,1.33368e-34,0.463036
78.02,0,1.32041e-34,0.46299
78.03,0,1.30727e-34,0.462944
78.04,0,1.29427e-34,0.462897
78.05,0,1.28139e-34,0.462851
78.06,0,1.26864e-34,0.462805
78.07,0,1.25601e-34,0.462759
78.08,0,1.24352e-34,0.462712
78.09,0,1.23114e-34,0.462666
78.1,0,1.21889e-34,0.46262
78.11,0,1.20677e-34,0.462574
78.12,0,1.19476e-34,0.462527
78.13,0,1.18287e-34,0.462481
78.14,0,1.1711e-34,0.462435
78.15,0,1.15945e-34,0.462389
78.16,0,1.14791e-34,0.462342
78.17,0,1.13649e-34,0.462296
78.18,0,1.12518e-34,0.46225
78.19,0,1.11398e-34,0.462204
78.2,0,1.1029e-34,0.462157
78.21,0,1.09193e-34,0.462111
78.22,0,1.08106e-34,0.462065
78.23,0,1.0703e-34,0.462019
78.24,0,1.05966e-34,0.461973
78.25,0,1.04911e-34,0.461926
78.26,0,1.03867e-34,0.46188
78.27,0,1.02834e-34,0.461834
78.28,0,1.01811e-34,0.461788
78.29,0,1.00798e-34,0.461742
78.3,0,9.97946e-35,0.461696
78.31,0,9.88016e-35,0.461649
78.32,0,9.78185e-35,0.461603
78.33,0,9.68452e-35,0.461557
78.34,0,9.58816e-35,0.461511
78.35,0,9.49275e-35,0.461465
78.36,0,9.3983e-35,0.461419
78.37,0,9.30478e-35,0.461372
78.38,0,9.2122e-35,0.461326
78.39,0,9.12054e-35,0.46128
78.4,0,9.02979e-35,0.461234
78.41,0,8.93994e-35,0.461188
78.42,0,8.85098e-35,0.461142
78.43,0,8.76291e-35,0.461096
78.44,0,8.67572e-35,0.46105
78.45,0,8.5894e-35,0.461003
78.46,0,8.50393e-35,0.460957
78.47,0,8.41932e-35,0.460911
78.48,0,8.33554e-35,0.460865
78.49,0,8.2526e-35,0.460819
78.5,0,8.17049e-35,0.460773
78.51,0,8.08919e-35,0.460727
78.52,0,8.0087e-35,0.460681
78.53,0,7.92901e-35,0.460635
78.54,0,7.85012e-35,0.460589
78.55,0,7.77201e-35,0.460543
78.56,0,7.69468e-35,0.460497
78.57,0,7.61811e-35,0.460451
78.58,0,7.54231e-35,0.460405
78.59,0,7.46726e-35,0.460359
78.6,0,7.39296e-35,0.460313
78.61,0,7.3194e-35,0.460266
78.62,0,7.24657e-35,0.46022
78.63,0,7.17447e-35,0.460174
78.64,0,7.10308e-35,0.460128
78.65,0,7.0324e-35,0.460082
78.66,0,6.96243e-35,0.460036
78.67,0,6.89315e-35,0.45999
78.68,0,6.82456e-35,0.459944
78.69,0,6.75666e-35,0.459898
78.7,0,6.68943e-35,0.459852
78.71,0,6.62287e-35,0.459806
78.72,0,6.55697e-35,0.45976
78.73,0,6.49173e-35,0.459714
78.74,0,6.42713e-35,0.459669
78.75,0,6.36318e-35,0.459623
78.76,0,6.29987e-35,0.459577
78.77,0,6.23718e-35,0.459531
78.78,0,6.17512e-35,0.459485
78.79,0,6.11368e-35,0.459439
78.8,0,6.05285e-35,0.459393
78.81,0,5.99262e-35,0.459347
78.82,0,5.93299e-35,0.459301
78.83,0,5.87396e-35,0.459255
78.84,0,5.81551e-35,0.459209
78.85,0,5.75765e-35,0.459163
78.86,0,5.70036e-35,0.459117
78.87,0,5.64364e-35,0.459071
78.88,0,5.58748e-35,0.459025
78.89,0,5.53188e-35,0.45898
78.9,0,5.47684e-35,0.458934
78.91,0,5.42235e-35,0.458888
78.92,0,5.36839e-35,0.458842
78.93,0,5.31498e-35,0.458796
78.94,0,5.26209e-35,0.45875
78.95,0,5.20973e-35,0.458704
78.96,0,5.1579e-35,0.458658
78.97,0,5.10657e-35,0.458612
78.98,0,5.05576e-35,0.458567
78.99,0,5.00546e-35,0.458521
79,0,4.95565e-35,0.458475
79.01,0,4.90634e-35,0.458429
79.02,0,4.85752e-35,0.458383
79.03,0,4.80919e-35,0.458337
79.04,0,4.76134e-35,0.458292
79.05,0,4.71396e-35,0.458246
79.06,0,4.66706e-35,0.4582
79.07,0,4.62062e-35,0.458154
79.08,0,4.57464e-35,0.458108
79.09,0,4.52912e-35,0.458062
79.1,0,4.48406e-35,0.458017
79.11,0,4.43944e-35,0.457971
79.12,0,4.39527e-35,0.457925
79.13,0,4.35153e-35,0.457879
79.14,0,4.30824e-35,0.457834
79.15,0,4.26537e-35,0.457788
79.16,0,4.22293e-35,0.457742
79.17,0,4.18091e-35,0.457696
79.18,0,4.13931e-35,0.45765
79.19,0,4.09812e-35,0.457605
79.2,0,4.05734e-35,0.457559
79.21,0,4.01697e-35,0.457513
79.22,0,3.977e-35,0.457467
79.23,0,3.93743e-35,0.457422
79.24,0,3.89825e-35,0.457376
79.25,0,3.85947e-35,0.45733
79.26,0,3.82106e-35,0.457284
79.27,0,3.78304e-35,0.457239
79.28,0,3.7454e-35,0.457193
79.29,0,3.70813e-35,0.457147
79.3,0,3.67124e-35,0.457102
79.31,0,3.63471e-35,0.457056
79.32,0,3.59854e-35,0.45701
79.33,0,3.56274e-35,0.456964
79.34,0,3.52729e-35,0.456919
79.35,0,3.49219e-35,0.456873
79.36,0,3.45744e-35,0.456827
79.37,0,3.42304e-35,0.456782
79.38,0,3.38898e-35,0.456736
79.39,0,3.35526e-35,0.45669
79.4,0,3.32187e-35,0.456645
79.41,0,3.28882e-35,0.456599
79.42,0,3.25609e-35,0.456553
79.43,0,3.2237e-35,0.456508
79.44,0,3.19162e-35,0.456462
79.45,0,3.15986e-35,0.456416
79.46,0,3.12842e-35,0.456371
79.47,0,3.09729e-35,0.456325
79.48,0,3.06647e-35,0.45628
79.49,0,3.03596e-35,0.456234
79.5,0,3.00575e-35,0.456188
79.51,0,2.97585e-35,0.456143
79.52,0,2.94624e-35,0.456097
79.53,0,2.91692e-35,0.456051
79.54,0,2.8879e-35,0.456006
79.55,0,2.85916e-35,0.45596
79.56,0,2.83071e-35,0.455915
79.57,0,2.80255e-35,0.455869
79.58,0,2.77466e-35,0.455823
79.59,0,2.74705e-35,0.455778
79.6,0,2.71972e-35,0.455732
79.61,0,2.69266e-35,0.455687
79.62,0,2.66587e-35,0.455641
79.63,0,2.63934e-35,0.455596
79.64,0,2.61308e-35,0.45555
79.65,0,2.58708e-35,0.455505
79.66,0,2.56133e-35,0.455459
79.67,0,2.53585e-35,0.455413
79.68,0,2.51062e-35,0.455368
79.69,0,2.48564e-35,0.455322
79.7,0,2.4609e-35,0.455277
79.71,0,2.43642e-35,0.455231
79.72,0,2.41217e-35,0.455186
79.73,0,2.38817e-35,0.45514
79.74,0,2.36441e-35,0.455095
79.75,0,2.34088e-35,0.455049
79.76,0,2.31759e-35,0.455004
79.77,0,2.29453e-35,0.454958
79.78,0,2.2717e-35,0.454913
79.79,0,2.2491e-35,0.454867
79.8,0,2.22672e-35,0.454822
79.81,0,2.20456e-35,0.454776
79.82,0,2.18263e-35,0.454731
79.83,0,2.16091e-35,0.454685
79.84,0,2.13941e-35,0.45464
79.85,0,2.11812e-35,0.454594
79.86,0,2.09704e-35,0.454549
79.87,0,2.07618e-35,0.454504
79.88,0,2.05552e-35,0.454458
79.89,0,2.03507e-35,0.454413
79.9,0,2.01482e-35,0.454367
79.91,0,1.99477e-35,0.454322
79.92,0,1.97492e-35,0.454276
79.93,0,1.95527e-35,0.454231
79.94,0,1.93582e-35,0.454185
79.95,0,1.91655e-35,0.45414
79.96,0,1.89748e-35,0.454095
79.97,0,1.8786e-35,0.454049
79.98,0,1.85991e-35,0.454004
79.99,0,1.8414e-35,0.453958
80,0,1.82308e-35,0.453913
80.01,0,1.80494e-35,0.453868
80.02,0,1.78698e-35,0.453822
80.03,0,1.7692e-35,0.453777
80.04,0,1.7516e-35,0.453732
80.05,0,1.73417e-35,0.453686
80.06,0,1.71691e-35,0.453641
80.07,0,1.69983e-35,0.453595
80.08,0,1.68292e-35,0.45355
80.09,0,1.66617e-35,0.453505
80.1,0,1.64959e-35,0.453459
80.11,0,1.63318e-35,0.453414
80.12,0,1.61693e-35,0.453369
80.13,0,1.60084e-35,0.453323
80.14,0,1.58491e-35,0.453278
80.15,0,1.56914e-35,0.453233
80.16,0,1.55353e-35,0.453187
80.17,0,1.53807e-35,0.453142
80.18,0,1.52277e-35,0.453097
80.19,0,1.50761e-35,0.453051
80.2,0,1.49261e-35,0.453006
80.21,0,1.47776e-35,0.452961
80.22,0,1.46306e-35,0.452916
80.23,0,1.4485e-35,0.45287
80.24,0,1.43409e-35,0.452825
80.25,0,1.41982e-35,0.45278
80.26,0,1.40569e-35,0.452734
80.27,0,1.3917e-35,0.452689
80.28,0,1.37786e-35,0.452644
80.29,0,1.36415e-35,0.452599
80.3,0,1.35057e-35,0.452553
80.31,0,1.33713e-35,0.452508
80.32,0,1.32383e-35,0.452463
80.33,0,1.31066e-35,0.452418
80.34,0,1.29762e-35,0.452372
80.35,0,1.2847e-35,0.452327
80.36,0,1.27192e-35,0.452282
80.37,0,1.25927e-35,0.452237
80.38,0,1.24674e-35,0.452191
80.39,0,1.23433e-35,0.452146
80.4,0,1.22205e-35,0.452101
80.41,0,1.20989e-35,0.452056
80.42,0,1.19785e-35,0.452011
80.43,0,1.18593e-35,0.451965
80.44,0,1.17413e-35,0.45192
80.45,0,1.16245e-35,0.451875
80.46,0,1.15088e-35,0.45183
80.47,0,1.13943e-35,0.451785
80.48,0,1.12809e-35,0.451739
80.49,0,1.11687e-35,0.451694
80.5,0,1.10576e-35,0.451649
80.51,0,1.09475e-35,0.451604
80.52,0,1.08386e-35,0.451559
80.53,0,1.07308e-35,0.451514
80.54,0,1.0624e-35,0.451469
80.55,0,1.05183e-35,0.451423
80.56,0,1.04136e-35,0.451378
80.57,0,1.031e-35,0.451333
80.58,0,1.02074e-35,0.451288
80.59,0,1.01058e-35,0.451243
80.6,0,1.00053e-35,0.451198
80.61,0,9.90573e-36,0.451153
80.62,0,9.80717e-36,0.451107
80.63,0,9.70959e-36,0.451062
80.64,0,9.61297e-36,0.451017
80.65,0,9.51732e-36,0.450972
80.66,0,9.42262e-36,0.450927
80.67,0,9.32887e-36,0.450882
80.68,0,9.23604e-36,0.450837
80.69,0,9.14414e-36,0.450792
80.7,0,9.05316e-36,0.450747
80.71,0,8.96308e-36,0.450702
80.72,0,8.87389e-36,0.450657
80.73,0,8.7856e-36,0.450612
80.74,0,8.69818e-36,0.450566
80.75,0,8.61163e-36,0.450521
80.76,0,8.52594e-36,0.450476
80.77,0,8.44111e-36,0.450431
80.78,0,8.35712e-36,0.450386
80.79,0,8.27396e-36,0.450341
80.8,0,8.19164e-36,0.450296
80.81,0,8.11013e-36,0.450251
80.82,0,8.02943e-36,0.450206
80.83,0,7.94954e-36,0.450161
80.84,0,7.87044e-36,0.450116
80.85,0,7.79213e-36,0.450071
80.86,0,7.71459e-36,0.450026
80.87,0,7.63783e-36,0.449981
80.88,0,7.56183e-36,0.449936
80.89,0,7.48659e-36,0.449891
80.9,0,7.4121e-36,0.449846
80.91,0,7.33835e-36,0.449801
80.92,0,7.26533e-36,0.449756
80.93,0,7.19304e-36,0.449711
80.94,0,7.12147e-36,0.449666
80.95,0,7.05061e-36,0.449621
80.96,0,6.98045e-36,0.449576
80.97,0,6.911e-36,0.449531
80.98,0,6.84223e-36,0.449486
80.99,0,6.77415e-36,0.449441
81,0,6.70674e-36,0.449397
81.01,0,6.64001e-36,0.449352
81.02,0,6.57394e-36,0.449307
81.03,0,6.50853e-36,0.449262
81.04,0,6.44377e-36,0.449217
81.05,0,6.37965e-36,0.449172
81.06,0,6.31617e-36,0.449127
81.07,0,6.25333e-36,0.449082
81.08,0,6.19111e-36,0.449037
81.09,0,6.1295e-36,0.448992
81.1,0,6.06851e-36,0.448947
81.11,0,6.00813e-36,0.448902
81.12,0,5.94835e-36,0.448858
81.13,0,5.88916e-36,0.448813
81.14,0,5.83056e-36,0.448768
81.15,0,5.77255e-36,0.448723
81.16,0,5.71511e-36,0.448678
81.17,0,5.65824e-36,0.448633
81.18,0,5.60194e-36,0.448588
81.19,0,5.5462e-36,0.448543
81.2,0,5.49102e-36,0.448499
81.21,0,5.43638e-36,0.448454
81.22,0,5.38229e-36,0.448409
81.23,0,5.32873e-36,0.448364
81.24,0,5.27571e-36,0.448319
81.25,0,5.22322e-36,0.448274
81.26,0,5.17125e-36,0.44823
81.27,0,5.11979e-36,0.448185
81.28,0,5.06885e-36,0.44814
81.29,0,5.01841e-36,0.448095
81.3,0,4.96848e-36,0.44805
81.31,0,4.91904e-36,0.448006
81.32,0,4.8701e-36,0.447961
81.33,0,4.82164e-36,0.447916
81.34,0,4.77366e-36,0.447871
81.35,0,4.72616e-36,0.447826
81.36,0,4.67914e-36,0.447782
81.37,0,4.63258e-36,0.447737
81.38,0,4.58648e-36,0.447692
81.39,0,4.54085e-36,0.447647
81.4,0,4.49567e-36,0.447603
81.41,0,4.45093e-36,0.447558
81.42,0,4.40665e-36,0.447513
81.43,0,4.3628e-36,0.447468
81.44,0,4.31939e-36,0.447424
81.45,0,4.27641e-36,0.447379
81.46,0,4.23386e-36,0.447334
81.47,0,4.19173e-36,0.447289
81.48,0,4.15002e-36,0.447245
81.49,0,4.10873e-36,0.4472
81.5,0,4.06785e-36,0.447155
81.51,0,4.02737e-36,0.44711
81.52,0,3.9873e-36,0.447066
81.53,0,3.94762e-36,0.447021
81.54,0,3.90834e-36,0.446976
81.55,0,3.86946e-36,0.446932
81.56,0,3.83095e-36,0.446887
81.57,0,3.79283e-36,0.446842
81.58,0,3.7551e-36,0.446798
81.59,0,3.71773e-36,0.446753
81.6,0,3.68074e-36,0.446708
81.61,0,3.64412e-36,0.446664
81.62,0,3.60786e-36,0.446619
81.63,0,3.57196e-36,0.446574
81.64,0,3.53642e-36,0.44653
81.65,0,3.50123e-36,0.446485
81.66,0,3.46639e-36,0.44644
81.67,0,3.4319e-36,0.446396
81.68,0,3.39775e-36,0.446351
81.69,0,3.36394e-36,0.446306
81.7,0,3.33047e-36,0.446262
81.71,0,3.29733e-36,0.446217
81.72,0,3.26452e-36,0.446172
81.73,0,3.23204e-36,0.446128
81.74,0,3.19988e-36,0.446083
81.75,0,3.16804e-36,0.446039
81.76,0,3.13652e-36,0.445994
81.77,0,3.10531e-36,0.445949
81.78,0,3.07441e-36,0.445905
81.79,0,3.04382e-36,0.44586
81.8,0,3.01353e-36,0.445816
81.81,0,2.98355e-36,0.445771
81.82,0,2.95386e-36,0.445727
81.83,0,2.92447e-36,0.445682
81.84,0,2.89537e-36,0.445637
81.85,0,2.86656e-36,0.445593
81.86,0,2.83804e-36,0.445548
81.87,0,2.8098e-36,0.445504
81.88,0,2.78184e-36,0.445459
81.89,0,2.75416e-36,0.445415
81.9,0,2.72676e-36,0.44537
81.91,0,2.69963e-36,0.445326
81.92,0,2.67277e-36,0.445281
81.93,0,2.64617e-36,0.445237
81.94,0,2.61984e-36,0.445192
81.95,0,2.59377e-36,0.445147
81.96,0,2.56796e-36,0.445103
81.97,0,2.54241e-36,0.445058
81.98,0,2.51712e-36,0.445014
81.99,0,2.49207e-36,0.444969
82,0,2.46727e-36,0.444925
82.01,0,2.44272e-36,0.44488
82.02,0,2.41842e-36,0.444836
82.03,0,2.39435e-36,0.444791
82.04,0,2.37053e-36,0.444747
82.05,0,2.34694e-36,0.444703
82.06,0,2.32359e-36,0.444658
82.07,0,2.30047e-36,0.444614
82.08,0,2.27758e-36,0.444569
82.09,0,2.25492e-36,0.444525
82.1,0,2.23248e-36,0.44448
82.11,0,2.21027e-36,0.444436
82.12,0,2.18828e-36,0.444391
82.13,0,2.1665e-36,0.444347
82.14,0,2.14494e-36,0.444302
82.15,0,2.1236e-36,0.444258
82.16,0,2.10247e-36,0.444214
82.17,0,2.08155e-36,0.444169
82.18,0,2.06084e-36,0.444125
82.19,0,2.04033e-36,0.44408
82.2,0,2.02003e-36,0.444036
82.21,0,1.99993e-36,0.443992
82.22,0,1.98003e-36,0.443947
82.23,0,1.96033e-36,0.443903
82.24,0,1.94083e-36,0.443858
82.25,0,1.92151e-36,0.443814
82.26,0,1.9024e-36,0.44377
82.27,0,1.88347e-36,0.443725
82.28,0,1.86473e-36,0.443681
82.29,0,1.84617e-36,0.443637
82.3,0,1.8278e-36,0.443592
82.31,0,1.80961e-36,0.443548
82.32,0,1.79161e-36,0.443503
82.33,0,1.77378e-36,0.443459
82.34,0,1.75613e-36,0.443415
82.35,0,1.73866e-36,0.44337
82.36,0,1.72136e-36,0.443326
82.37,0,1.70423e-36,0.443282
82.38,0,1.68727e-36,0.443237
82.39,0,1.67048e-36,0.443193
82.4,0,1.65386e-36,0.443149
82.41,0,1.63741e-36,0.443104
82.42,0,1.62111e-36,0.44306
82.43,0,1.60498e-36,0.443016
82.44,0,1.58901e-36,0.442972
82.45,0,1.5732e-36,0.442927
82.46,0,1.55755e-36,0.442883
82.47,0,1.54205e-36,0.442839
82.48,0,1.52671e-36,0.442794
82.49,0,1.51152e-36,0.44275
82.5,0,1.49648e-36,0.442706
82.51,0,1.48159e-36,0.442662
82.52,0,1.46684e-36,0.442617
82.53,0,1.45225e-36,0.442573
82.54,0,1.4378e-36,0.442529
82.55,0,1.42349e-36,0.442485
82.56,0,1.40933e-36,0.44244
82.57,0,1.39531e-36,0.442396
82.58,0,1.38142e-36,0.442352
82.59,0,1.36768e-36,0.442308
82.6,0,1.35407e-36,0.442263
82.61,0,1.3406e-36,0.442219
82.62,0,1.32726e-36,0.442175
82.63,0,1.31405e-36,0.442131
82.64,0,1.30097e-36,0.442087
82.65,0,1.28803e-36,0.442042
82.66,0,1.27521e-36,0.441998
82.67,0,1.26252e-36,0.441954
82.68,0,1.24996e-36,0.44191
82.69,0,1.23753e-36,0.441866
82.7,0,1.22521e-36,0.441821
82.71,0,1.21302e-36,0.441777
82.72,0,1.20095e-36,0.441733
82.73,0,1.189e-36,0.441689
82.74,0,1.17717e-36,0.441645
82.75,0,1.16546e-36,0.4416
82.76,0,1.15386e-36,0.441556
82.77,0,1.14238e-36,0.441512
82.78,0,1.13101e-36,0.441468
82.79,0,1.11976e-36,0.441424
82.8,0,1.10862e-36,0.44138
82.81,0,1.09759e-36,0.441336
82.82,0,1.08667e-36,0.441291
82.83,0,1.07585e-36,0.441247
82.84,0,1.06515e-36,0.441203
82.85,0,1.05455e-36,0.441159
82.86,0,1.04406e-36,0.441115
82.87,0,1.03367e-36,0.441071
82.88,0,1.02338e-36,0.441027
82.89,0,1.0132e-36,0.440983
82.9,0,1.00312e-36,0.440939
82.91,0,9.93137e-37,0.440895
82.92,0,9.83255e-37,0.44085
82.93,0,9.73472e-37,0.440806
82.94,0,9.63786e-37,0.440762
82.95,0,9.54196e-37,0.440718
82.96,0,9.44701e-37,0.440674
82.97,0,9.35302e-37,0.44063
82.98,0,9.25995e-37,0.440586
82.99,0,9.16781e-37,0.440542
83,0,9.07659e-37,0.440498
83.01,0,8.98628e-37,0.440454
83.02,0,8.89686e-37,0.44041
83.03,0,8.80834e-37,0.440366
83.04,0,8.72069e-37,0.440322
83.05,0,8.63392e-37,0.440278
83.06,0,8.54801e-37,0.440234
83.07,0,8.46296e-37,0.44019
83.08,0,8.37875e-37,0.440146
83.09,0,8.29538e-37,0.440102
83.1,0,8.21284e-37,0.440058
83.11,0,8.13112e-37,0.440014
83.12,0,8.05021e-37,0.43997
83.13,0,7.97011e-37,0.439926
83.14,0,7.89081e-37,0.439882
83.15,0,7.8123e-37,0.439838
83.16,0,7.73456e-37,0.439794
83.17,0,7.6576e-37,0.43975
83.18,0,7.58141e-37,0.439706
83.19,0,7.50597e-37,0.439662
83.2,0,7.43128e-37,0.439618
83.21,0,7.35734e-37,0.439574
83.22,0,7.28414e-37,0.43953
83.23,0,7.21166e-37,0.439486
83.24,0,7.1399e-37,0.439442
83.25,0,7.06886e-37,0.439398
83.26,0,6.99852e-37,0.439354
83.27,0,6.92888e-37,0.43931
83.28,0,6.85994e-37,0.439266
83.29,0,6.79168e-37,0.439222
83.3,0,6.7241e-37,0.439178
83.31,0,6.6572e-37,0.439134
83.32,0,6.59096e-37,0.439091
83.33,0,6.52538e-37,0.439047
83.34,0,6.46045e-37,0.439003
83.35,0,6.39617e-37,0.438959
83.36,0,6.33252e-37,0.438915
83.37,0,6.26951e-37,0.438871
83.38,0,6.20713e-37,0.438827
83.39,0,6.14537e-37,0.438783
83.4,0,6.08422e-37,0.438739
83.41,0,6.02368e-37,0.438696
83.42,0,5.96375e-37,0.438652
83.43,0,5.90441e-37,0.438608
83.44,0,5.84566e-37,0.438564
83.45,0,5.78749e-37,0.43852
83.46,0,5.7299e-37,0.438476
83.47,0,5.67289e-37,0.438432
83.48,0,5.61644e-37,0.438389
83.49,0,5.56056e-37,0.438345
83.5,0,5.50523e-37,0.438301
83.51,0,5.45045e-37,0.438257
83.52,0,5.39622e-37,0.438213
83.53,0,5.34253e-37,0.438169
83.54,0,5.28937e-37,0.438126
83.55,0,5.23674e-37,0.438082
83.56,0,5.18463e-37,0.438038
83.57,0,5.13304e-37,0.437994
83.58,0,5.08197e-37,0.43795
83.59,0,5.0314e-37,0.437907
83.6,0,4.98134e-37,0.437863
83.61,0,4.93177e-37,0.437819
83.62,0,4.8827e-37,0.437775
83.63,0,4.83412e-37,0.437731
83.64,0,4.78602e-37,0.437688
83.65,0,4.7384e-37,0.437644
83.66,0,4.69125e-37,0.4376
83.67,0,4.64457e-37,0.437556
83.68,0,4.59836e-37,0.437513
83.69,0,4.5526e-37,0.437469
83.7,0,4.5073e-37,0.437425
83.71,0,4.46245e-37,0.437381
83.72,0,4.41805e-37,0.437338
83.73,0,4.37409e-37,0.437294
83.74,0,4.33057e-37,0.43725
83.75,0,4.28748e-37,0.437206
83.76,0,4.24482e-37,0.437163
83.77,0,4.20258e-37,0.437119
83.78,0,4.16076e-37,0.437075
83.79,0,4.11936e-37,0.437032
83.8,0,4.07838e-37,0.436988
83.81,0,4.0378e-37,0.436944
83.82,0,3.99762e-37,0.436901
83.83,0,3.95784e-37,0.436857
83.84,0,3.91846e-37,0.436813
83.85,0,3.87947e-37,0.43677
83.86,0,3.84087e-37,0.436726
83.87,0,3.80265e-37,0.436682
83.88,0,3.76482e-37,0.436638
83.89,0,3.72735e-37,0.436595
83.9,0,3.69027e-37,0.436551
83.91,0,3.65355e-37,0.436508
83.92,0,3.61719e-37,0.436464
83.93,0,3.5812e-37,0.43642
83.94,0,3.54557e-37,0.436377
83.95,0,3.51029e-37,0.436333
83.96,0,3.47536e-37,0.436289
83.97,0,3.44078e-37,0.436246
83.98,0,3.40655e-37,0.436202
83.99,0,3.37265e-37,0.436158
84,0,3.33909e-37,0.436115
84.01,0,3.30587e-37,0.436071
84.02,0,3.27297e-37,0.436028
84.03,0,3.24041e-37,0.435984
84.04,0,3.20816e-37,0.43594
84.05,0,3.17624e-37,0.435897
84.06,0,3.14464e-37,0.435853
84.07,0,3.11335e-37,0.43581
84.08,0,3.08237e-37,0.435766
84.09,0,3.0517e-37,0.435723
84.1,0,3.02133e-37,0.435679
84.11,0,2.99127e-37,0.435635
84.12,0,2.96151e-37,0.435592
84.13,0,2.93204e-37,0.435548
84.14,0,2.90287e-37,0.435505
84.15,0,2.87398e-37,0.435461
84.16,0,2.84539e-37,0.435418
84.17,0,2.81707e-37,0.435374
84.18,0,2.78904e-37,0.435331
84.19,0,2.76129e-37,0.435287
84.2,0,2.73382e-37,0.435243
84.21,0,2.70661e-37,0.4352
84.22,0,2.67968e-37,0.435156
84.23,0,2.65302e-37,0.435113
84.24,0,2.62662e-37,0.435069
84.25,0,2.60049e-37,0.435026
84.26,0,2.57461e-37,0.434982
84.27,0,2.54899e-37,0.434939
84.28,0,2.52363e-37,0.434895
84.29,0,2.49852e-37,0.434852
84.3,0,2.47366e-37,0.434808
84.31,0,2.44905e-37,0.434765
84.32,0,2.42468e-37,0.434722
84.33,0,2.40055e-37,0.434678
84.34,0,2.37667e-37,0.434635
84.35,0,2.35302e-37,0.434591
84.36,0,2.32961e-37,0.434548
84.37,0,2.30643e-37,0.434504
84.38,0,2.28348e-37,0.434461
84.39,0,2.26075e-37,0.434417
84.4,0,2.23826e-37,0.434374
84.41,0,2.21599e-37,0.43433
84.42,0,2.19394e-37,0.434287
84.43,0,2.17211e-37,0.434244
84.44,0,2.1505e-37,0.4342
84.45,0,2.1291e-37,0.434157
84.46,0,2.10791e-37,0.434113
84.47,0,2.08694e-37,0.43407
84.48,0,2.06617e-37,0.434027
84.49,0,2.04562e-37,0.433983
84.5,0,2.02526e-37,0.43394
84.51,0,2.00511e-37,0.433896
84.52,0,1.98516e-37,0.433853
84.53,0,1.96541e-37,0.43381
84.54,0,1.94585e-37,0.433766
84.55,0,1.92649e-37,0.433723
84.56,0,1.90732e-37,0.433679
84.57,0,1.88834e-37,0.433636
84.58,0,1.86955e-37,0.433593
84.59,0,1.85095e-37,0.433549
84.6,0,1.83253e-37,0.433506
84.61,0,1.8143e-37,0.433463
84.62,0,1.79625e-37,0.433419
84.63,0,1.77837e-37,0.433376
84.64,0,1.76068e-37,0.433333
84.65,0,1.74316e-37,0.433289
84.66,0,1.72581e-37,0.433246
84.67,0,1.70864e-37,0.433203
84.68,0,1.69164e-37,0.433159
84.69,0,1.67481e-37,0.433116
84.7,0,1.65814e-37,0.433073
84.71,0,1.64164e-37,0.433029
84.72,0,1.62531e-37,0.432986
84.73,0,1.60914e-37,0.432943
84.74,0,1.59313e-37,0.4329
84.75,0,1.57728e-37,0.432856
84.76,0,1.56158e-37,0.432813
84.77,0,1.54604e-37,0.43277
84.78,0,1.53066e-37,0.432726
84.79,0,1.51543e-37,0.432683
84.8,0,1.50035e-37,0.43264
84.81,0,1.48542e-37,0.432597
84.82,0,1.47064e-37,0.432553
84.83,0,1.45601e-37,0.43251
84.84,0,1.44152e-37,0.432467
84.85,0,1.42718e-37,0.432424
84.86,0,1.41298e-37,0.43238
84.87,0,1.39892e-37,0.432337
84.88,0,1.385e-37,0.432294
84.89,0,1.37122e-37,0.432251
84.9,0,1.35757e-37,0.432207
84.91,0,1.34407e-37,0.432164
84.92,0,1.33069e-37,0.432121
84.93,0,1.31745e-37,0.432078
84.94,0,1.30434e-37,0.432035
84.95,0,1.29136e-37,0.431991
84.96,0,1.27851e-37,0.431948
84.97,0,1.26579e-37,0.431905
84.98,0,1.2532e-37,0.431862
84.99,0,1.24073e-37,0.431819
85,0,1.22838e-37,0.431775
85.01,0,1.21616e-37,0.431732
85.02,0,1.20406e-37,0.431689
85.03,0,1.19208e-37,0.431646
85.04,0,1.18022e-37,0.431603
85.05,0,1.16847e-37,0.43156
85.06,0,1.15685e-37,0.431516
85.07,0,1.14534e-37,0.431473
85.08,0,1.13394e-37,0.43143
85.09,0,1.12266e-37,0.431387
85.1,0,1.11149e-37,0.431344
85.11,0,1.10043e-37,0.431301
85.12,0,1.08948e-37,0.431258
85.13,0,1.07864e-37,0.431214
85.14,0,1.0679e-37,0.431171
85.15,0,1.05728e-37,0.431128
85.16,0,1.04676e-37,0.431085
85.17,0,1.03634e-37,0.431042
85.18,0,1.02603e-37,0.430999
85.19,0,1.01582e-37,0.430956
85.2,0,1.00572e-37,0.430913
85.21,0,9.95708e-38,0.43087
85.22,0,9.85801e-38,0.430827
85.23,0,9.75992e-38,0.430783
85.24,0,9.6628e-38,0.43074
85.25,0,9.56666e-38,0.430697
85.26,0,9.47147e-38,0.430654
85.27,0,9.37722e-38,0.430611
85.28,0,9.28392e-38,0.430568
85.29,0,9.19154e-38,0.430525
85.3,0,9.10009e-38,0.430482
85.31,0,9.00954e-38,0.430439
85.32,0,8.91989e-38,0.430396
85.33,0,8.83114e-38,0.430353
85.34,0,8.74327e-38,0.43031
85.35,0,8.65627e-38,0.430267
85.36,0,8.57014e-38,0.430224
85.37,0,8.48486e-38,0.430181
85.38,0,8.40044e-38,0.430138
85.39,0,8.31685e-38,0.430095
85.4,0,8.2341e-38,0.430052
85.41,0,8.15217e-38,0.430009
85.42,0,8.07105e-38,0.429966
85.43,0,7.99074e-38,0.429923
85.44,0,7.91123e-38,0.42988
85.45,0,7.83252e-38,0.429837
85.46,0,7.75458e-38,0.429794
85.47,0,7.67742e-38,0.429751
85.48,0,7.60103e-38,0.429708
85.49,0,7.5254e-38,0.429665
85.5,0,7.45052e-38,0.429622
85.51,0,7.37639e-38,0.429579
85.52,0,7.30299e-38,0.429536
85.53,0,7.23032e-38,0.429493
85.54,0,7.15838e-38,0.42945
85.55,0,7.08715e-38,0.429407
85.56,0,7.01664e-38,0.429364
85.57,0,6.94682e-38,0.429321
85.58,0,6.8777e-38,0.429278
85.59,0,6.80926e-38,0.429235
85.6,0,6.74151e-38,0.429193
85.61,0,6.67443e-38,0.42915
85.62,0,6.60802e-38,0.429107
85.63,0,6.54227e-38,0.429064
85.64,0,6.47717e-38,0.429021
85.65,0,6.41272e-38,0.428978
85.66,0,6.34891e-38,0.428935
85.67,0,6.28574e-38,0.428892
85.68,0,6.2232e-38,0.428849
85.69,0,6.16128e-38,0.428806
85.7,0,6.09997e-38,0.428764
85.71,0,6.03927e-38,0.428721
85.72,0,5.97918e-38,0.428678
85.73,0,5.91969e-38,0.428635
85.74,0,5.86079e-38,0.428592
85.75,0,5.80247e-38,0.428549
85.76,0,5.74474e-38,0.428506
85.77,0,5.68757e-38,0.428464
85.78,0,5.63098e-38,0.428421
85.79,0,5.57495e-38,0.428378
85.8,0,5.51948e-38,0.428335
85.81,0,5.46456e-38,0.428292
85.82,0,5.41019e-38,0.428249
85.83,0,5.35636e-38,0.428207
85.84,0,5.30306e-38,0.428164
85.85,0,5.25029e-38,0.428121
85.86,0,5.19805e-38,0.428078
85.87,0,5.14633e-38,0.428035
85.88,0,5.09512e-38,0.427992
85.89,0,5.04443e-38,0.42795
85.9,0,4.99423e-38,0.427907
85.91,0,4.94454e-38,0.427864
85.92,0,4.89534e-38,0.427821
85.93,0,4.84663e-38,0.427779
85.94,0,4.79841e-38,0.427736
85.95,0,4.75066e-38,0.427693
85.96,0,4.70339e-38,0.42765
85.97,0,4.65659e-38,0.427607
85.98,0,4.61026e-38,0.427565
85.99,0,4.56439e-38,0.427522
86,0,4.51897e-38,0.427479
86.01,0,4.474e-38,0.427436
86.02,0,4.42949e-38,0.427394
86.03,0,4.38541e-38,0.427351
86.04,0,4.34178e-38,0.427308
86.05,0,4.29858e-38,0.427266
86.06,0,4.2558e-38,0.427223
86.07,0,4.21346e-38,0.42718
86.08,0,4.17153e-38,0.427137
86.09,0,4.13003e-38,0.427095
86.1,0,4.08893e-38,0.427052
86.11,0,4.04825e-38,0.427009
86.12,0,4.00797e-38,0.426967
86.13,0,3.96809e-38,0.426924
86.14,0,3.9286e-38,0.426881
86.15,0,3.88951e-38,0.426838
86.16,0,3.85081e-38,0.426796
86.17,0,3.8125e-38,0.426753
86.18,0,3.77456e-38,0.42671
86.19,0,3.737e-38,0.426668
86.2,0,3.69982e-38,0.426625
86.21,0,3.66301e-38,0.426582
86.22,0,3.62656e-38,0.42654
86.23,0,3.59047e-38,0.426497
86.24,0,3.55475e-38,0.426454
86.25,0,3.51938e-38,0.426412
86.26,0,3.48436e-38,0.426369
86.27,0,3.44969e-38,0.426327
86.28,0,3.41536e-38,0.426284
86.29,0,3.38138e-38,0.426241
86.3,0,3.34773e-38,0.426199
86.31,0,3.31442e-38,0.426156
86.32,0,3.28144e-38,0.426113
86.33,0,3.24879e-38,0.426071
86.34,0,3.21647e-38,0.426028
86.35,0,3.18446e-38,0.425986
86.36,0,3.15278e-38,0.425943
86.37,0,3.12141e-38,0.4259
86.38,0,3.09035e-38,0.425858
86.39,0,3.0596e-38,0.425815
86.4,0,3.02916e-38,0.425773
86.41,0,2.99901e-38,0.42573
86.42,0,2.96917e-38,0.425688
86.43,0,2.93963e-38,0.425645
86.44,0,2.91038e-38,0.425602
86.45,0,2.88142e-38,0.42556
86.46,0,2.85275e-38,0.425517
86.47,0,2.82437e-38,0.425475
86.48,0,2.79626e-38,0.425432
86.49,0,2.76844e-38,0.42539
86.5,0,2.74089e-38,0.425347
86.51,0,2.71362e-38,0.425305
86.52,0,2.68662e-38,0.425262
86.53,0,2.65989e-38,0.42522
86.54,0,2.63342e-38,0.425177
86.55,0,2.60722e-38,0.425135
86.56,0,2.58128e-38,0.425092
86.57,0,2.55559e-38,0.425049
86.58,0,2.53016e-38,0.425007
86.59,0,2.50499e-38,0.424964
86.6,0,2.48006e-38,0.424922
86.61,0,2.45539e-38,0.42488
86.62,0,2.43095e-38,0.424837
86.63,0,2.40677e-38,0.424795
86.64,0,2.38282e-38,0.424752
86.65,0,2.35911e-38,0.42471
86.66,0,2.33564e-38,0.424667
86.67,0,2.3124e-38,0.424625
86.68,0,2.28939e-38,0.424582
86.69,0,2.26661e-38,0.42454
86.7,0,2.24405e-38,0.424497
86.71,0,2.22172e-38,0.424455
86.72,0,2.19962e-38,0.424412
86.73,0,2.17773e-38,0.42437
86.74,0,2.15606e-38,0.424328
86.75,0,2.13461e-38,0.424285
86.76,0,2.11337e-38,0.424243
86.77,0,2.09234e-38,0.4242
86.78,0,2.07152e-38,0.424158
86.79,0,2.05091e-38,0.424115
86.8,0,2.0305e-38,0.424073
86.81,0,2.0103e-38,0.424031
86.82,0,1.9903e-38,0.423988
86.83,0,1.97049e-38,0.423946
86.84,0,1.95089e-38,0.423903
86.85,0,1.93147e-38,0.423861
86.86,0,1.91226e-38,0.423819
86.87,0,1.89323e-38,0.423776
86.88,0,1.87439e-38,0.423734
86.89,0,1.85574e-38,0.423692
86.9,0,1.83728e-38,0.423649
86.91,0,1.81899e-38,0.423607
86.92,0,1.8009e-38,0.423564
86.93,0,1.78298e-38,0.423522
86.94,0,1.76524e-38,0.42348
86.95,0,1.74767e-38,0.423437
86.96,0,1.73028e-38,0.423395
86.97,0,1.71306e-38,0.423353
86.98,0,1.69602e-38,0.42331
86.99,0,1.67914e-38,0.423268
87,0,1.66244e-38,0.423226
87.01,0,1.64589e-38,0.423183
87.02,0,1.62952e-38,0.423141
87.03,0,1.6133e-38,0.423099
87.04,0,1.59725e-38,0.423056
87.05,0,1.58136e-38,0.423014
87.06,0,1.56562e-38,0.422972
87.07,0,1.55004e-38,0.42293
87.08,0,1.53462e-38,0.422887
87.09,0,1.51935e-38,0.422845
87.1,0,1.50423e-38,0.422803
87.11,0,1.48927e-38,0.42276
87.12,0,1.47445e-38,0.422718
87.13,0,1.45978e-38,0.422676
87.14,0,1.44525e-38,0.422634
87.15,0,1.43087e-38,0.422591
87.16,0,1.41663e-38,0.422549
87.17,0,1.40254e-38,0.422507
87.18,0,1.38858e-38,0.422465
87.19,0,1.37477e-38,0.422422
87.2,0,1.36109e-38,0.42238
87.21,0,1.34754e-38,0.422338
87.22,0,1.33414e-38,0.422296
87.23,0,1.32086e-38,0.422253
87.24,0,1.30772e-38,0.422211
87.25,0,1.29471e-38,0.422169
87.26,0,1.28182e-38,0.422127
87.27,0,1.26907e-38,0.422085
87.28,0,1.25644e-38,0.422042
87.29,0,1.24394e-38,0.422
87.3,0,1.23156e-38,0.421958
87.31,0,1.21931e-38,0.421916
87.32,0,1.20718e-38,0.421874
87.33,0,1.19516e-38,0.421831
87.34,0,1.18327e-38,0.421789
87.35,0,1.1715e-38,0.421747
87.36,0,1.15984e-38,0.421705
87.37,0,1.1483e-38,0.421663
87.38,0,1.13688e-38,0.42162
87.39,0,1.12556e-38,0.421578
87.4,0,1.11436e-38,0.421536
87.41,0,1.10328e-38,0.421494
87.42,0,1.0923e-38,0.421452
87.43,0,1.08143e-38,0.42141
87.44,0,1.07067e-38,0.421368
87.45,0,1.06002e-38,0.421325
87.46,0,1.04947e-38,0.421283
87.47,0,1.03903e-38,0.421241
87.48,0,1.02869e-38,0.421199
87.49,0,1.01845e-38,0.421157
87.5,0,1.00832e-38,0.421115
87.51,0,9.98285e-39,0.421073
87.52,0,9.88352e-39,0.421031
87.53,0,9.78518e-39,0.420989
87.54,0,9.68782e-39,0.420946
87.55,0,9.59142e-39,0.420904
87.56,0,9.49598e-39,0.420862
87.57,0,9.4015e-39,0.42082
87.58,0,9.30795e-39,0.420778
87.59,0,9.21534e-39,0.420736
87.6,0,9.12364e-39,0.420694
87.61,0,9.03286e-39,0.420652
87.62,0,8.94298e-39,0.42061
87.63,0,8.854e-39,0.420568
87.64,0,8.7659e-39,0.420526
87.65,0,8.67868e-39,0.420484
87.66,0,8.59232e-39,0.420442
87.67,0,8.50683e-39,0.4204
87.68,0,8.42218e-39,0.420358
87.69,0,8.33838e-39,0.420316
87.7,0,8.25541e-39,0.420273
87.71,0,8.17327e-39,0.420231
87.72,0,8.09194e-39,0.420189
87.73,0,8.01143e-39,0.420147
87.74,0,7.93171e-39,0.420105
87.75,0,7.85279e-39,0.420063
87.76,0,7.77465e-39,0.420021
87.77,0,7.69729e-39,0.419979
87.78,0,7.62071e-39,0.419937
87.79,0,7.54488e-39,0.419895
87.8,0,7.46981e-39,0.419853
87.81,0,7.39548e-39,0.419811
87.82,0,7.32189e-39,0.419769
87.83,0,7.24904e-39,0.419727
87.84,0,7.17691e-39,0.419685
87.85,0,7.1055e-39,0.419644
87.86,0,7.0348e-39,0.419602
87.87,0,6.9648e-39,0.41956
87.88,0,6.8955e-39,0.419518
87.89,0,6.82689e-39,0.419476
87.9,0,6.75896e-39,0.419434
87.91,0,6.69171e-39,0.419392
87.92,0,6.62512e-39,0.41935
87.93,0,6.5592e-39,0.419308
87.94,0,6.49394e-39,0.419266
87.95,0,6.42932e-39,0.419224
87.96,0,6.36535e-39,0.419182
87.97,0,6.30201e-39,0.41914
87.98,0,6.23931e-39,0.419098
87.99,0,6.17722e-39,0.419056
88,0,6.11576e-39,0.419015
88.01,0,6.05491e-39,0.418973
88.02,0,5.99466e-39,0.418931
88.03,0,5.93501e-39,0.418889
88.04,0,5.87596e-39,0.418847
88.05,0,5.81749e-39,0.418805
88.06,0,5.75961e-39,0.418763
88.07,0,5.7023e-39,0.418721
88.08,0,5.64556e-39,0.418679
88.09,0,5.58938e-39,0.418638
88.1,0,5.53377e-39,0.418596
88.11,0,5.47871e-39,0.418554
88.12,0,5.42419e-39,0.418512
88.13,0,5.37022e-39,0.41847
88.14,0,5.31679e-39,0.418428
88.15,0,5.26388e-39,0.418386
88.16,0,5.21151e-39,0.418345
88.17,0,5.15965e-39,0.418303
88.18,0,5.10831e-39,0.418261
88.19,0,5.05748e-39,0.418219
88.2,0,5.00716e-39,0.418177
88.21,0,4.95734e-39,0.418136
88.22,0,4.90801e-39,0.418094
88.23,0,4.85918e-39,0.418052
88.24,0,4.81083e-39,0.41801
88.25,0,4.76296e-39,0.417968
88.26,0,4.71557e-39,0.417927
88.27,0,4.66865e-39,0.417885
88.28,0,4.62219e-39,0.417843
88.29,0,4.5762e-39,0.417801
88.3,0,4.53067e-39,0.417759
88.31,0,4.48559e-39,0.417718
88.32,0,4.44095e-39,0.417676
88.33,0,4.39676e-39,0.417634
88.34,0,4.35302e-39,0.417592
88.35,0,4.3097e-39,0.417551
88.36,0,4.26682e-39,0.417509
88.37,0,4.22437e-39,0.417467
88.38,0,4.18233e-39,0.417425
88.39,0,4.14072e-39,0.417384
88.4,0,4.09952e-39,0.417342
88.41,0,4.05873e-39,0.4173
88.42,0,4.01834e-39,0.417258
88.43,0,3.97836e-39,0.417217
88.44,0,3.93877e-39,0.417175
88.45,0,3.89958e-39,0.417133
88.46,0,3.86078e-39,0.417091
88.47,0,3.82236e-39,0.41705
88.48,0,3.78433e-39,0.417008
88.49,0,3.74668e-39,0.416966
88.5,0,3.7094e-39,0.416925
88.51,0,3.67249e-39,0.416883
88.52,0,3.63594e-39,0.416841
88.53,0,3.59977e-39,0.4168
88.54,0,3.56395e-39,0.416758
88.55,0,3.52849e-39,0.416716
88.56,0,3.49338e-39,0.416675
88.57,0,3.45862e-39,0.416633
88.58,0,3.4242e-39,0.416591
88.59,0,3.39013e-39,0.41655
88.6,0,3.3564e-39,0.416508
88.61,0,3.323e-39,0.416466
88.62,0,3.28994e-39,0.416425
88.63,0,3.2572e-39,0.416383
88.64,0,3.22479e-39,0.416341
88.65,0,3.19271e-39,0.4163
88.66,0,3.16094e-39,0.416258
88.67,0,3.12949e-39,0.416217
88.68,0,3.09835e-39,0.416175
88.69,0,3.06752e-39,0.416133
88.7,0,3.037e-39,0.416092
88.71,0,3.00678e-39,0.41605
88.72,0,2.97686e-39,0.416008
88.73,0,2.94724e-39,0.415967
88.74,0,2.91791e-39,0.415925
88.75,0,2.88888e-39,0.415884
88.76,0,2.86014e-39,0.415842
88.77,0,2.83168e-39,0.415801
88.78,0,2.8035e-39,0.415759
88.79,0,2.77561e-39,0.415717
88.8,0,2.74799e-39,0.415676
88.81,0,2.72064e-39,0.415634
88.82,0,2.69357e-39,0.415593
88.83,0,2.66677e-39,0.415551
88.84,0,2.64024e-39,0.41551
88.85,0,2.61397e-39,0.415468
88.86,0,2.58796e-39,0.415426
88.87,0,2.56221e-39,0.415385
88.88,0,2.53671e-39,0.415343
88.89,0,2.51147e-39,0.415302
88.9,0,2.48648e-39,0.41526
88.91,0,2.46174e-39,0.415219
88.92,0,2.43725e-39,0.415177
88.93,0,2.413e-39,0.415136
88.94,0,2.38899e-39,0.415094
88.95,0,2.36522e-39,0.415053
88.96,0,2.34168e-39,0.415011
88.97,0,2.31838e-39,0.41497
88.98,0,2.29531e-39,0.414928
88.99,0,2.27247e-39,0.414887
89,0,2.24986e-39,0.414845
89.01,0,2.22748e-39,0.414804
89.02,0,2.20531e-39,0.414762
89.03,0,2.18337e-39,0.414721
89.04,0,2.16164e-39,0.414679
89.05,0,2.14014e-39,0.414638
89.06,0,2.11884e-39,0.414596
89.07,0,2.09776e-39,0.414555
89.08,0,2.07688e-39,0.414514
89.09,0,2.05622e-39,0.414472
89.1,0,2.03576e-39,0.414431
89.11,0,2.0155e-39,0.414389
89.12,0,1.99545e-39,0.414348
89.13,0,1.97559e-39,0.414306
89.14,0,1.95594e-39,0.414265
89.15,0,1.93647e-39,0.414223
89.16,0,1.91721e-39,0.414182
89.17,0,1.89813e-39,0.414141
89.18,0,1.87924e-39,0.414099
89.19,0,1.86054e-39,0.414058
89.2,0,1.84203e-39,0.414016
89.21,0,1.8237e-39,0.413975
89.22,0,1.80556e-39,0.413934
89.23,0,1.78759e-39,0.413892
89.24,0,1.7698e-39,0.413851
89.25,0,1.75219e-39,0.413809
89.26,0,1.73476e-39,0.413768
89.27,0,1.7175e-39,0.413727
89.28,0,1.70041e-39,0.413685
89.29,0,1.68349e-39,0.413644
89.3,0,1.66674e-39,0.413603
89.31,0,1.65015e-39,0.413561
89.32,0,1.63374e-39,0.41352
89.33,0,1.61748e-39,0.413479
89.34,0,1.60139e-39,0.413437
89.35,0,1.58545e-39,0.413396
89.36,0,1.56968e-39,0.413355
89.37,0,1.55406e-39,0.413313
89.38,0,1.53859e-39,0.413272
89.39,0,1.52328e-39,0.413231
89.4,0,1.50813e-39,0.413189
89.41,0,1.49312e-39,0.413148
89.42,0,1.47826e-39,0.413107
89.43,0,1.46356e-39,0.413065
89.44,0,1.44899e-39,0.413024
89.45,0,1.43458e-39,0.412983
89.46,0,1.4203e-39,0.412941
89.47,0,1.40617e-39,0.4129
89.48,0,1.39218e-39,0.412859
89.49,0,1.37832e-39,0.412818
89.5,0,1.36461e-39,0.412776
89.51,0,1.35103e-39,0.412735
89.52,0,1.33759e-39,0.412694
89.53,0,1.32428e-39,0.412652
89.54,0,1.3111e-39,0.412611
89.55,0,1.29806e-39,0.41257
89.56,0,1.28514e-39,0.412529
89.57,0,1.27235e-39,0.412487
89.58,0,1.25969e-39,0.412446
89.59,0,1.24716e-39,0.412405
89.6,0,1.23475e-39,0.412364
89.61,0,1.22246e-39,0.412322
89.62,0,1.2103e-39,0.412281
89.63,0,1.19826e-39,0.41224
89.64,0,1.18634e-39,0.412199
89.65,0,1.17453e-39,0.412158
89.66,0,1.16284e-39,0.412116
89.67,0,1.15127e-39,0.412075
89.68,0,1.13982e-39,0.412034
89.69,0,1.12848e-39,0.411993
89.7,0,1.11725e-39,0.411951
89.71,0,1.10613e-39,0.41191
89.72,0,1.09513e-39,0.411869
89.73,0,1.08423e-39,0.411828
89.74,0,1.07344e-39,0.411787
89.75,0,1.06276e-39,0.411746
89.76,0,1.05219e-39,0.411704
89.77,0,1.04172e-39,0.411663
89.78,0,1.03135e-39,0.411622
89.79,0,1.02109e-39,0.411581
89.8,0,1.01093e-39,0.41154
89.81,0,1.00087e-39,0.411499
89.82,0,9.90911e-40,0.411457
89.83,0,9.81051e-40,0.411416
89.84,0,9.71289e-40,0.411375
89.85,0,9.61625e-40,0.411334
89.86,0,9.52056e-40,0.411293
89.87,0,9.42583e-40,0.411252
89.88,0,9.33204e-40,0.411211
89.89,0,9.23919e-40,0.41117
89.9,0,9.14726e-40,0.411128
89.91,0,9.05624e-40,0.411087
89.92,0,8.96613e-40,0.411046
89.93,0,8.87691e-40,0.411005
89.94,0,8.78859e-40,0.410964
89.95,0,8.70114e-40,0.410923
89.96,0,8.61456e-40,0.410882
89.97,0,8.52885e-40,0.410841
89.98,0,8.44398e-40,0.4108
89.99,0,8.35996e-40,0.410759
90,0,8.27678e-40,0.410717
90.01,0,8.19443e-40,0.410676
90.02,0,8.11289e-40,0.410635
90.03,0,8.03216e-40,0.410594
90.04,0,7.95224e-40,0.410553
90.05,0,7.87312e-40,0.410512
90.06,0,7.79478e-40,0.410471
90.07,0,7.71722e-40,0.41043
90.08,0,7.64043e-40,0.410389
90.09,0,7.56441e-40,0.410348
90.1,0,7.48914e-40,0.410307
90.11,0,7.41462e-40,0.410266
90.12,0,7.34085e-40,0.410225
90.13,0,7.2678e-40,0.410184
90.14,0,7.19549e-40,0.410143
90.15,0,7.12389e-40,0.410102
90.16,0,7.05301e-40,0.410061
90.17,0,6.98283e-40,0.41002
90.18,0,6.91335e-40,0.409979
90.19,0,6.84456e-40,0.409938
90.2,0,6.77645e-40,0.409897
90.21,0,6.70903e-40,0.409856
90.22,0,6.64227e-40,0.409815
90.23,0,6.57618e-40,0.409774
90.24,0,6.51075e-40,0.409733
90.25,0,6.44596e-40,0.409692
90.26,0,6.38182e-40,0.409651
90.27,0,6.31832e-40,0.40961
90.28,0,6.25546e-40,0.409569
90.29,0,6.19321e-40,0.409528
90.3,0,6.13159e-40,0.409487
90.31,0,6.07058e-40,0.409446
90.32,0,6.01018e-40,0.409405
90.33,0,5.95037e-40,0.409364
90.34,0,5.89117e-40,0.409323
90.35,0,5.83255e-40,0.409282
90.36,0,5.77451e-40,0.409242
90.37,0,5.71706e-40,0.409201
90.38,0,5.66017e-40,0.40916
90.39,0,5.60385e-40,0.409119
90.4,0,5.54809e-40,0.409078
90.41,0,5.49289e-40,0.409037
90.42,0,5.43823e-40,0.408996
90.43,0,5.38412e-40,0.408955
90.44,0,5.33055e-40,0.408914
90.45,0,5.27751e-40,0.408873
90.46,0,5.225e-40,0.408833
90.47,0,5.17301e-40,0.408792
90.48,0,5.12153e-40,0.408751
90.49,0,5.07057e-40,0.40871
90.5,0,5.02012e-40,0.408669
90.51,0,4.97017e-40,0.408628
90.52,0,4.92072e-40,0.408587
90.53,0,4.87175e-40,0.408546
90.54,0,4.82328e-40,0.408506
90.55,0,4.77529e-40,0.408465
90.56,0,4.72777e-40,0.408424
90.57,0,4.68073e-40,0.408383
90.58,0,4.63416e-40,0.408342
90.59,0,4.58805e-40,0.408301
90.6,0,4.54239e-40,0.408261
90.61,0,4.4972e-40,0.40822
90.62,0,4.45245e-40,0.408179
90.63,0,4.40815e-40,0.408138
90.64,0,4.36428e-40,0.408097
90.65,0,4.32086e-40,0.408056
90.66,0,4.27787e-40,0.408016
90.67,0,4.2353e-40,0.407975
90.68,0,4.19316e-40,0.407934
90.69,0,4.15143e-40,0.407893
90.7,0,4.11013e-40,0.407853
90.71,0,4.06923e-40,0.407812
90.72,0,4.02874e-40,0.407771
90.73,0,3.98865e-40,0.40773
90.74,0,3.94897e-40,0.407689
90.75,0,3.90967e-40,0.407649
90.76,0,3.87077e-40,0.407608
90.77,0,3.83226e-40,0.407567
90.78,0,3.79413e-40,0.407526
90.79,0,3.75637e-40,0.407486
90.8,0,3.719e-40,0.407445
90.81,0,3.68199e-40,0.407404
90.82,0,3.64536e-40,0.407363
90.83,0,3.60908e-40,0.407323
90.84,0,3.57317e-40,0.407282
90.85,0,3.53762e-40,0.407241
90.86,0,3.50242e-40,0.4072
90.87,0,3.46757e-40,0.40716
90.88,0,3.43307e-40,0.407119
90.89,0,3.39891e-40,0.407078
90.9,0,3.36509e-40,0.407038
90.91,0,3.3316e-40,0.406997
90.92,0,3.29845e-40,0.406956
90.93,0,3.26563e-40,0.406916
90.94,0,3.23314e-40,0.406875
90.95,0,3.20097e-40,0.406834
90.96,0,3.16912e-40,0.406793
90.97,0,3.13759e-40,0.406753
90.98,0,3.10637e-40,0.406712
90.99,0,3.07546e-40,0.406671
91,0,3.04486e-40,0.406631
91.01,0,3.01456e-40,0.40659
91.02,0,2.98457e-40,0.406549
91.03,0,2.95487e-40,0.406509
91.04,0,2.92547e-40,0.406468
91.05,0,2.89636e-40,0.406428
91.06,0,2.86754e-40,0.406387
91.07,0,2.83901e-40,0.406346
91.08,0,2.81076e-40,0.406306
91.09,0,2.78279e-40,0.406265
91.1,0,2.7551e-40,0.406224
91.11,0,2.72769e-40,0.406184
91.12,0,2.70055e-40,0.406143
91.13,0,2.67368e-40,0.406103
91.14,0,2.64707e-40,0.406062
91.15,0,2.62073e-40,0.406021
91.16,0,2.59466e-40,0.405981
91.17,0,2.56884e-40,0.40594
91.18,0,2.54328e-40,0.4059
91.19,0,2.51797e-40,0.405859
91.2,0,2.49292e-40,0.405818
91.21,0,2.46811e-40,0.405778
91.22,0,2.44356e-40,0.405737
91.23,0,2.41924e-40,0.405697
91.24,0,2.39517e-40,0.405656
91.25,0,2.37134e-40,0.405615
91.26,0,2.34774e-40,0.405575
91.27,0,2.32438e-40,0.405534
91.28,0,2.30125e-40,0.405494
91.29,0,2.27836e-40,0.405453
91.3,0,2.25569e-40,0.405413
91.31,0,2.23324e-40,0.405372
91.32,0,2.21102e-40,0.405332
91.33,0,2.18902e-40,0.405291
91.34,0,2.16724e-40,0.405251
91.35,0,2.14567e-40,0.40521
91.36,0,2.12432e-40,0.40517
91.37,0,2.10319e-40,0.405129
91.38,0,2.08226e-40,0.405089
91.39,0,2.06154e-40,0.405048
91.4,0,2.04103e-40,0.405008
91.41,0,2.02072e-40,0.404967
91.42,0,2.00061e-40,0.404927
91.43,0,1.98071e-40,0.404886
91.44,0,1.961e-40,0.404846
91.45,0,1.94149e-40,0.404805
91.46,0,1.92217e-40,0.404765
91.47,0,1.90304e-40,0.404724
91.48,0,1.88411e-40,0.404684
91.49,0,1.86536e-40,0.404643
91.5,0,1.8468e-40,0.404603
91.51,0,1.82842e-40,0.404562
91.52,0,1.81023e-40,0.404522
91.53,0,1.79222e-40,0.404481
91.54,0,1.77439e-40,0.404441
91.55,0,1.75673e-40,0.4044
91.56,0,1.73925e-40,0.40436
91.57,0,1.72194e-40,0.40432
91.58,0,1.70481e-40,0.404279
91.59,0,1.68785e-40,0.404239
91.6,0,1.67105e-40,0.404198
91.61,0,1.65443e-40,0.404158
91.62,0,1.63796e-40,0.404117
91.63,0,1.62167e-40,0.404077
91.64,0,1.60553e-40,0.404037
91.65,0,1.58955e-40,0.403996
91.66,0,1.57374e-40,0.403956
91.67,0,1.55808e-40,0.403915
91.68,0,1.54258e-40,0.403875
91.69,0,1.52723e-40,0.403835
91.7,0,1.51203e-40,0.403794
91.71,0,1.49699e-40,0.403754
91.72,0,1.48209e-40,0.403714
91.73,0,1.46734e-40,0.403673
91.74,0,1.45274e-40,0.403633
91.75,0,1.43829e-40,0.403592
91.76,0,1.42398e-40,0.403552
91.77,0,1.40981e-40,0.403512
91.78,0,1.39578e-40,0.403471
91.79,0,1.38189e-40,0.403431
91.8,0,1.36814e-40,0.403391
91.81,0,1.35453e-40,0.40335
91.82,0,1.34105e-40,0.40331
91.83,0,1.32771e-40,0.40327
91.84,0,1.3145e-40,0.403229
91.85,0,1.30142e-40,0.403189
91.86,0,1.28847e-40,0.403149
91.87,0,1.27565e-40,0.403108
91.88,0,1.26295e-40,0.403068
91.89,0,1.25039e-40,0.403028
91.9,0,1.23795e-40,0.402988
91.91,0,1.22563e-40,0.402947
91.92,0,1.21343e-40,0.402907
91.93,0,1.20136e-40,0.402867
91.94,0,1.18941e-40,0.402826
91.95,0,1.17757e-40,0.402786
91.96,0,1.16585e-40,0.402746
91.97,0,1.15425e-40,0.402706
91.98,0,1.14277e-40,0.402665
91.99,0,1.1314e-40,0.402625
92,0,1.12014e-40,0.402585
92.01,0,1.10899e-40,0.402544
92.02,0,1.09796e-40,0.402504
92.03,0,1.08704e-40,0.402464
92.04,0,1.07622e-40,0.402424
92.05,0,1.06551e-40,0.402384
92.06,0,1.05491e-40,0.402343
92.07,0,1.04441e-40,0.402303
92.08,0,1.03402e-40,0.402263
92.09,0,1.02373e-40,0.402223
92.1,0,1.01354e-40,0.402182
92.11,0,1.00346e-40,0.402142
92.12,0,9.93475e-41,0.402102
92.13,0,9.8359e-41,0.402062
92.14,0,9.73803e-41,0.402022
92.15,0,9.64114e-41,0.401981
92.16,0,9.54521e-41,0.401941
92.17,0,9.45023e-41,0.401901
92.18,0,9.3562e-41,0.401861
92.19,0,9.2631e-41,0.401821
92.2,0,9.17093e-41,0.40178
92.21,0,9.07968e-41,0.40174
92.22,0,8.98934e-41,0.4017
92.23,0,8.89989e-41,0.40166
92.24,0,8.81134e-41,0.40162
92.25,0,8.72366e-41,0.40158
92.26,0,8.63686e-41,0.401539
92.27,0,8.55092e-41,0.401499
92.28,0,8.46584e-41,0.401459
92.29,0,8.3816e-41,0.401419
92.3,0,8.2982e-41,0.401379
92.31,0,8.21564e-41,0.401339
92.32,0,8.13389e-41,0.401299
92.33,0,8.05296e-41,0.401258
92.34,0,7.97283e-41,0.401218
92.35,0,7.8935e-41,0.401178
92.36,0,7.81495e-41,0.401138
92.37,0,7.73719e-41,0.401098
92.38,0,7.66021e-41,0.401058
92.39,0,7.58399e-41,0.401018
92.4,0,7.50853e-41,0.400978
92.41,0,7.43381e-41,0.400938
92.42,0,7.35985e-41,0.400897
92.43,0,7.28662e-41,0.400857
92.44,0,7.21411e-41,0.400817
92.45,0,7.14233e-41,0.400777
92.46,0,7.07126e-41,0.400737
92.47,0,7.0009e-41,0.400697
92.48,0,6.93124e-41,0.400657
92.49,0,6.86228e-41,0.400617
92.5,0,6.794e-41,0.400577
92.51,0,6.72639e-41,0.400537
92.52,0,6.65946e-41,0.400497
92.53,0,6.5932e-41,0.400457
92.54,0,6.5276e-41,0.400417
92.55,0,6.46265e-41,0.400377
92.56,0,6.39834e-41,0.400337
92.57,0,6.33468e-41,0.400297
92.58,0,6.27165e-41,0.400257
92.59,0,6.20924e-41,0.400216
92.6,0,6.14746e-41,0.400176
92.61,0,6.08629e-41,0.400136
92.62,0,6.02573e-41,0.400096
92.63,0,5.96578e-41,0.400056
92.64,0,5.90642e-41,0.400016
92.65,0,5.84765e-41,0.399976
92.66,0,5.78946e-41,0.399936
92.67,0,5.73185e-41,0.399896
92.68,0,5.67482e-41,0.399856
92.69,0,5.61836e-41,0.399816
92.7,0,5.56245e-41,0.399776
92.71,0,5.50711e-41,0.399737
92.72,0,5.45231e-41,0.399697
92.73,0,5.39806e-41,0.399657
92.74,0,5.34435e-41,0.399617
92.75,0,5.29117e-41,0.399577
92.76,0,5.23852e-41,0.399537
92.77,0,5.1864e-41,0.399497
92.78,0,5.13479e-41,0.399457
92.79,0,5.0837e-41,0.399417
92.8,0,5.03312e-41,0.399377
92.81,0,4.98304e-41,0.399337
92.82,0,4.93345e-41,0.399297
92.83,0,4.88436e-41,0.399257
92.84,0,4.83576e-41,0.399217
92.85,0,4.78765e-41,0.399177
92.86,0,4.74001e-41,0.399137
92.87,0,4.69285e-41,0.399097
92.88,0,4.64615e-41,0.399058
92.89,0,4.59992e-41,0.399018
92.9,0,4.55415e-41,0.398978
92.91,0,4.50884e-41,0.398938
92.92,0,4.46397e-41,0.398898
92.93,0,4.41956e-41,0.398858
92.94,0,4.37558e-41,0.398818
92.95,0,4.33204e-41,0.398778
92.96,0,4.28894e-41,0.398738
92.97,0,4.24626e-41,0.398699
92.98,0,4.20401e-41,0.398659
92.99,0,4.16218e-41,0.398619
93,0,4.12077e-41,0.398579
93.01,0,4.07976e-41,0.398539
93.02,0,4.03917e-41,0.398499
93.03,0,3.99898e-41,0.398459
93.04,0,3.95919e-41,0.39842
93.05,0,3.91979e-41,0.39838
93.06,0,3.88079e-41,0.39834
93.07,0,3.84218e-41,0.3983
93.08,0,3.80395e-41,0.39826
93.09,0,3.7661e-41,0.39822
93.1,0,3.72862e-41,0.398181
93.11,0,3.69152e-41,0.398141
93.12,0,3.65479e-41,0.398101
93.13,0,3.61843e-41,0.398061
93.14,0,3.58242e-41,0.398021
93.15,0,3.54678e-41,0.397982
93.16,0,3.51149e-41,0.397942
93.17,0,3.47655e-41,0.397902
93.18,0,3.44195e-41,0.397862
93.19,0,3.40771e-41,0.397822
93.2,0,3.3738e-41,0.397783
93.21,0,3.34023e-41,0.397743
93.22,0,3.30699e-41,0.397703
93.23,0,3.27409e-41,0.397663
93.24,0,3.24151e-41,0.397624
93.25,0,3.20926e-41,0.397584
93.26,0,3.17732e-41,0.397544
93.27,0,3.14571e-41,0.397504
93.28,0,3.11441e-41,0.397464
93.29,0,3.08342e-41,0.397425
93.3,0,3.05274e-41,0.397385
93.31,0,3.02236e-41,0.397345
93.32,0,2.99229e-41,0.397306
93.33,0,2.96252e-41,0.397266
93.34,0,2.93304e-41,0.397226
93.35,0,2.90385e-41,0.397186
93.36,0,2.87496e-41,0.397147
93.37,0,2.84635e-41,0.397107
93.38,0,2.81803e-41,0.397067
93.39,0,2.78999e-41,0.397028
93.4,0,2.76223e-41,0.396988
93.41,0,2.73475e-41,0.396948
93.42,0,2.70754e-41,0.396908
93.43,0,2.6806e-41,0.396869
93.44,0,2.65392e-41,0.396829
93.45,0,2.62752e-41,0.396789
93.46,0,2.60137e-41,0.39675
93.47,0,2.57549e-41,0.39671
93.48,0,2.54986e-41,0.39667
93.49,0,2.52449e-41,0.396631
93.5,0,2.49937e-41,0.396591
93.51,0,2.4745e-41,0.396551
93.52,0,2.44988e-41,0.396512
93.53,0,2.4255e-41,0.396472
93.54,0,2.40137e-41,0.396432
93.55,0,2.37748e-41,0.396393
93.56,0,2.35382e-41,0.396353
93.57,0,2.3304e-41,0.396314
93.58,0,2.30721e-41,0.396274
93.59,0,2.28425e-41,0.396234
93.6,0,2.26152e-41,0.396195
93.61,0,2.23902e-41,0.396155
93.62,0,2.21674e-41,0.396115
93.63,0,2.19469e-41,0.396076
93.64,0,2.17285e-41,0.396036
93.65,0,2.15123e-41,0.395997
93.66,0,2.12982e-41,0.395957
93.67,0,2.10863e-41,0.395917
93.68,0,2.08765e-41,0.395878
93.69,0,2.06688e-41,0.395838
93.7,0,2.04631e-41,0.395799
93.71,0,2.02595e-41,0.395759
93.72,0,2.00579e-41,0.395719
93.73,0,1.98583e-41,0.39568
93.74,0,1.96607e-41,0.39564
93.75,0,1.94651e-41,0.395601
93.76,0,1.92714e-41,0.395561
93.77,0,1.90797e-41,0.395522
93.78,0,1.88898e-41,0.395482
93.79,0,1.87019e-41,0.395443
93.8,0,1.85158e-41,0.395403
93.81,0,1.83316e-41,0.395364
93.82,0,1.81492e-41,0.395324
93.83,0,1.79686e-41,0.395284
93.84,0,1.77898e-41,0.395245
93.85,0,1.76128e-41,0.395205
93.86,0,1.74375e-41,0.395166
93.87,0,1.7264e-41,0.395126
93.88,0,1.70922e-41,0.395087
93.89,0,1.69222e-41,0.395047
93.9,0,1.67538e-41,0.395008
93.91,0,1.65871e-41,0.394968
93.92,0,1.6422e-41,0.394929
93.93,0,1.62586e-41,0.394889
93.94,0,1.60969e-41,0.39485
93.95,0,1.59367e-41,0.39481
93.96,0,1.57781e-41,0.394771
93.97,0,1.56211e-41,0.394731
93.98,0,1.54657e-41,0.394692
93.99,0,1.53118e-41,0.394652
94,0,1.51595e-41,0.394613
94.01,0,1.50086e-41,0.394574
94.02,0,1.48593e-41,0.394534
94.03,0,1.47114e-41,0.394495
94.04,0,1.4565e-41,0.394455
94.05,0,1.44201e-41,0.394416
94.06,0,1.42766e-41,0.394376
94.07,0,1.41346e-41,0.394337
94.08,0,1.39939e-41,0.394297
94.09,0,1.38547e-41,0.394258
94.1,0,1.37168e-41,0.394219
94.11,0,1.35804e-41,0.394179
94.12,0,1.34452e-41,0.39414
94.13,0,1.33114e-41,0.3941
94.14,0,1.3179e-41,0.394061
94.15,0,1.30479e-41,0.394022
94.16,0,1.2918e-41,0.393982
94.17,0,1.27895e-41,0.393943
94.18,0,1.26622e-41,0.393903
94.19,0,1.25362e-41,0.393864
94.2,0,1.24115e-41,0.393825
94.21,0,1.2288e-41,0.393785
94.22,0,1.21657e-41,0.393746
94.23,0,1.20447e-41,0.393706
94.24,0,1.19248e-41,0.393667
94.25,0,1.18062e-41,0.393628
94.26,0,1.16887e-41,0.393588
94.27,0,1.15724e-41,0.393549
94.28,0,1.14573e-41,0.39351
94.29,0,1.13433e-41,0.39347
94.3,0,1.12304e-41,0.393431
94.31,0,1.11187e-41,0.393392
94.32,0,1.1008e-41,0.393352
94.33,0,1.08985e-41,0.393313
94.34,0,1.079e-41,0.393274
94.35,0,1.06827e-41,0.393234
94.36,0,1.05764e-41,0.393195
94.37,0,1.04712e-41,0.393156
94.38,0,1.0367e-41,0.393116
94.39,0,1.02638e-41,0.393077
94.4,0,1.01617e-41,0.393038
94.41,0,1.00606e-41,0.392998
94.42,0,9.96047e-42,0.392959
94.43,0,9.86136e-42,0.39292
94.44,0,9.76324e-42,0.392881
94.45,0,9.66609e-42,0.392841
94.46,0,9.56991e-42,0.392802
94.47,0,9.47469e-42,0.392763
94.48,0,9.38042e-42,0.392723
94.49,0,9.28708e-42,0.392684
94.5,0,9.19467e-42,0.392645
94.51,0,9.10318e-42,0.392606
94.52,0,9.01261e-42,0.392566
94.53,0,8.92293e-42,0.392527
94.54,0,8.83414e-42,0.392488
94.55,0,8.74624e-42,0.392449
94.56,0,8.65922e-42,0.392409
94.57,0,8.57306e-42,0.39237
94.58,0,8.48775e-42,0.392331
94.59,0,8.4033e-42,0.392292
94.6,0,8.31968e-42,0.392252
94.61,0,8.2369e-42,0.392213
94.62,0,8.15494e-42,0.392174
94.63,0,8.0738e-42,0.392135
94.64,0,7.99346e-42,0.392096
94.65,0,7.91393e-42,0.392056
94.66,0,7.83518e-42,0.392017
94.67,0,7.75722e-42,0.391978
94.68,0,7.68004e-42,0.391939
94.69,0,7.60362e-42,0.3919
94.7,0,7.52796e-42,0.39186
94.71,0,7.45306e-42,0.391821
94.72,0,7.3789e-42,0.391782
94.73,0,7.30548e-42,0.391743
94.74,0,7.23279e-42,0.391704
94.75,0,7.16082e-42,0.391665
94.76,0,7.08957e-42,0.391625
94.77,0,7.01902e-42,0.391586
94.78,0,6.94918e-42,0.391547
94.79,0,6.88004e-42,0.391508
94.8,0,6.81158e-42,0.391469
94.81,0,6.7438e-42,0.39143
94.82,0,6.6767e-42,0.39139
94.83,0,6.61027e-42,0.391351
94.84,0,6.5445e-42,0.391312
94.85,0,6.47938e-42,0.391273
94.86,0,6.41491e-42,0.391234
94.87,0,6.35108e-42,0.391195
94.88,0,6.28788e-42,0.391156
94.89,0,6.22532e-42,0.391117
94.9,0,6.16337e-42,0.391077
94.91,0,6.10205e-42,0.391038
94.92,0,6.04133e-42,0.390999
94.93,0,5.98122e-42,0.39096
94.94,0,5.9217e-42,0.390921
94.95,0,5.86278e-42,0.390882
94.96,0,5.80445e-42,0.390843
94.97,0,5.74669e-42,0.390804
94.98,0,5.68951e-42,0.390765
94.99,0,5.6329e-42,0.390726
95,0,5.57685e-42,0.390687
95.01,0,5.52136e-42,0.390648
95.02,0,5.46642e-42,0.390608
95.03,0,5.41203e-42,0.390569
95.04,0,5.35818e-42,0.39053
95.05,0,5.30486e-42,0.390491
95.06,0,5.25208e-42,0.390452
95.07,0,5.19982e-42,0.390413
95.08,0,5.14808e-42,0.390374
95.09,0,5.09686e-42,0.390335
95.1,0,5.04614e-42,0.390296
95.11,0,4.99593e-42,0.390257
95.12,0,4.94622e-42,0.390218
95.13,0,4.89701e-42,0.390179
95.14,0,4.84828e-42,0.39014
95.15,0,4.80004e-42,0.390101
95.16,0,4.75228e-42,0.390062
95.17,0,4.70499e-42,0.390023
95.18,0,4.65818e-42,0.389984
95.19,0,4.61183e-42,0.389945
95.2,0,4.56594e-42,0.389906
95.21,0,4.52051e-42,0.389867
95.22,0,4.47553e-42,0.389828
95.23,0,4.431e-42,0.389789
95.24,0,4.38691e-42,0.38975
95.25,0,4.34326e-42,0.389711
95.26,0,4.30004e-42,0.389672
95.27,0,4.25725e-42,0.389633
95.28,0,4.21489e-42,0.389594
95.29,0,4.17295e-42,0.389555
95.3,0,4.13143e-42,0.389516
95.31,0,4.09032e-42,0.389477
95.32,0,4.04962e-42,0.389438
95.33,0,4.00933e-42,0.389399
95.34,0,3.96944e-42,0.38936
95.35,0,3.92994e-42,0.389322
95.36,0,3.89084e-42,0.389283
95.37,0,3.85212e-42,0.389244
95.38,0,3.81379e-42,0.389205
95.39,0,3.77585e-42,0.389166
95.4,0,3.73827e-42,0.389127
95.41,0,3.70108e-42,0.389088
95.42,0,3.66425e-42,0.389049
95.43,0,3.62779e-42,0.38901
95.44,0,3.5917e-42,0.388971
95.45,0,3.55596e-42,0.388932
95.46,0,3.52057e-42,0.388894
95.47,0,3.48554e-42,0.388855
95.48,0,3.45086e-42,0.388816
95.49,0,3.41653e-42,0.388777
95.5,0,3.38253e-42,0.388738
95.51,0,3.34887e-42,0.388699
95.52,0,3.31555e-42,0.38866
95.53,0,3.28256e-42,0.388621
95.54,0,3.2499e-42,0.388583
95.55,0,3.21756e-42,0.388544
95.56,0,3.18555e-42,0.388505
95.57,0,3.15385e-42,0.388466
95.58,0,3.12247e-42,0.388427
95.59,0,3.0914e-42,0.388388
95.6,0,3.06064e-42,0.388349
95.61,0,3.03019e-42,0.388311
95.62,0,3.00004e-42,0.388272
95.63,0,2.97019e-42,0.388233
95.64,0,2.94063e-42,0.388194
95.65,0,2.91137e-42,0.388155
95.66,0,2.8824e-42,0.388117
95.67,0,2.85372e-42,0.388078
95.68,0,2.82533e-42,0.388039
95.69,0,2.79721e-42,0.388
95.7,0,2.76938e-42,0.387961
95.71,0,2.74183e-42,0.387923
95.72,0,2.71454e-42,0.387884
95.73,0,2.68753e-42,0.387845
95.74,0,2.66079e-42,0.387806
95.75,0,2.63432e-42,0.387767
95.76,0,2.60811e-42,0.387729
95.77,0,2.58215e-42,0.38769
95.78,0,2.55646e-42,0.387651
95.79,0,2.53102e-42,0.387612
95.8,0,2.50584e-42,0.387574
95.81,0,2.48091e-42,0.387535
95.82,0,2.45622e-42,0.387496
95.83,0,2.43178e-42,0.387457
95.84,0,2.40759e-42,0.387419
95.85,0,2.38363e-42,0.38738
95.86,0,2.35991e-42,0.387341
95.87,0,2.33643e-42,0.387302
95.88,0,2.31318e-42,0.387264
95.89,0,2.29017e-42,0.387225
95.9,0,2.26738e-42,0.387186
95.91,0,2.24482e-42,0.387147
95.92,0,2.22248e-42,0.387109
95.93,0,2.20037e-42,0.38707
95.94,0,2.17847e-42,0.387031
95.95,0,2.1568e-42,0.386993
95.96,0,2.13534e-42,0.386954
95.97,0,2.11409e-42,0.386915
95.98,0,2.09305e-42,0.386877
95.99,0,2.07223e-42,0.386838
96,0,2.05161e-42,0.386799
96.01,0,2.03119e-42,0.38676
96.02,0,2.01098e-42,0.386722
96.03,0,1.99097e-42,0.386683
96.04,0,1.97116e-42,0.386644
96.05,0,1.95155e-42,0.386606
96.06,0,1.93213e-42,0.386567
96.07,0,1.91291e-42,0.386529
96.08,0,1.89387e-42,0.38649
96.09,0,1.87503e-42,0.386451
96.1,0,1.85637e-42,0.386413
96.11,0,1.8379e-42,0.386374
96.12,0,1.81961e-42,0.386335
96.13,0,1.80151e-42,0.386297
96.14,0,1.78358e-42,0.386258
96.15,0,1.76584e-42,0.386219
96.16,0,1.74827e-42,0.386181
96.17,0,1.73087e-42,0.386142
96.18,0,1.71365e-42,0.386104
96.19,0,1.6966e-42,0.386065
96.2,0,1.67972e-42,0.386026
96.21,0,1.663e-42,0.385988
96.22,0,1.64645e-42,0.385949
96.23,0,1.63007e-42,0.385911
96.24,0,1.61385e-42,0.385872
96.25,0,1.59779e-42,0.385833
96.26,0,1.5819e-42,0.385795
96.27,0,1.56616e-42,0.385756
96.28,0,1.55057e-42,0.385718
96.29,0,1.53514e-42,0.385679
96.3,0,1.51987e-42,0.385641
96.31,0,1.50475e-42,0.385602
96.32,0,1.48977e-42,0.385563
96.33,0,1.47495e-42,0.385525
96.34,0,1.46027e-42,0.385486
96.35,0,1.44574e-42,0.385448
96.36,0,1.43136e-42,0.385409
96.37,0,1.41712e-42,0.385371
96.38,0,1.40302e-42,0.385332
96.39,0,1.38906e-42,0.385294
96.4,0,1.37523e-42,0.385255
96.41,0,1.36155e-42,0.385217
96.42,0,1.348e-42,0.385178
96.43,0,1.33459e-42,0.38514
96.44,0,1.32131e-42,0.385101
96.45,0,1.30816e-42,0.385062
96.46,0,1.29515e-42,0.385024
96.47,0,1.28226e-42,0.384985
96.48,0,1.2695e-42,0.384947
96.49,0,1.25687e-42,0.384908
96.5,0,1.24436e-42,0.38487
96.51,0,1.23198e-42,0.384832
96.52,0,1.21972e-42,0.384793
96.53,0,1.20759e-42,0.384755
96.54,0,1.19557e-42,0.384716
96.55,0,1.18368e-42,0.384678
96.56,0,1.1719e-42,0.384639
96.57,0,1.16024e-42,0.384601
96.58,0,1.14869e-42,0.384562
96.59,0,1.13726e-42,0.384524
96.6,0,1.12595e-42,0.384485
96.61,0,1.11474e-42,0.384447
96.62,0,1.10365e-42,0.384408
96.63,0,1.09267e-42,0.38437
96.64,0,1.0818e-42,0.384332
96.65,0,1.07103e-42,0.384293
96.66,0,1.06038e-42,0.384255
96.67,0,1.04983e-42,0.384216
96.68,0,1.03938e-42,0.384178
96.69,0,1.02904e-42,0.384139
96.7,0,1.0188e-42,0.384101
96.71,0,1.00866e-42,0.384063
96.72,0,9.98625e-43,0.384024
96.73,0,9.88689e-43,0.383986
96.74,0,9.78851e-43,0.383947
96.75,0,9.69111e-43,0.383909
96.76,0,9.59469e-43,0.383871
96.77,0,9.49922e-43,0.383832
96.78,0,9.4047e-43,0.383794
96.79,0,9.31112e-43,0.383755
96.8,0,9.21847e-43,0.383717
96.81,0,9.12675e-43,0.383679
96.82,0,9.03593e-43,0.38364
96.83,0,8.94603e-43,0.383602
96.84,0,8.85701e-43,0.383564
96.85,0,8.76888e-43,0.383525
96.86,0,8.68163e-43,0.383487
96.87,0,8.59525e-43,0.383449
96.88,0,8.50972e-43,0.38341
96.89,0,8.42505e-43,0.383372
96.9,0,8.34122e-43,0.383334
96.91,0,8.25822e-43,0.383295
96.92,0,8.17605e-43,0.383257
96.93,0,8.0947e-43,0.383219
96.94,0,8.01415e-43,0.38318
96.95,0,7.93441e-43,0.383142
96.96,0,7.85546e-43,0.383104
96.97,0,7.7773e-43,0.383065
96.98,0,7.69992e-43,0.383027
96.99,0,7.6233e-43,0.382989
97,0,7.54745e-43,0.38295
97.01,0,7.47235e-43,0.382912
97.02,0,7.398e-43,0.382874
97.03,0,7.32439e-43,0.382836
97.04,0,7.25151e-43,0.382797
97.05,0,7.17935e-43,0.382759
97.06,0,7.10792e-43,0.382721
97.07,0,7.03719e-43,0.382682
97.08,0,6.96717e-43,0.382644
97.09,0,6.89785e-43,0.382606
97.1,0,6.82921e-43,0.382568
97.11,0,6.76126e-43,0.382529
97.12,0,6.69398e-43,0.382491
97.13,0,6.62738e-43,0.382453
97.14,0,6.56144e-43,0.382415
97.15,0,6.49615e-43,0.382376
97.16,0,6.43151e-43,0.382338
97.17,0,6.36752e-43,0.3823
97.18,0,6.30416e-43,0.382262
97.19,0,6.24143e-43,0.382224
97.2,0,6.17933e-43,0.382185
97.21,0,6.11784e-43,0.382147
97.22,0,6.05697e-43,0.382109
97.23,0,5.9967e-43,0.382071
97.24,0,5.93703e-43,0.382032
97.25,0,5.87796e-43,0.381994
97.26,0,5.81947e-43,0.381956
97.27,0,5.76157e-43,0.381918
97.28,0,5.70424e-43,0.38188
97.29,0,5.64748e-43,0.381842
97.3,0,5.59129e-43,0.381803
97.31,0,5.53565e-43,0.381765
97.32,0,5.48057e-43,0.381727
97.33,0,5.42604e-43,0.381689
97.34,0,5.37205e-43,0.381651
97.35,0,5.3186e-43,0.381612
97.36,0,5.26567e-43,0.381574
97.37,0,5.21328e-43,0.381536
97.38,0,5.16141e-43,0.381498
97.39,0,5.11005e-43,0.38146
97.4,0,5.0592e-43,0.381422
97.41,0,5.00886e-43,0.381384
97.42,0,4.95903e-43,0.381345
97.43,0,4.90968e-43,0.381307
97.44,0,4.86083e-43,0.381269
97.45,0,4.81246e-43,0.381231
97.46,0,4.76458e-43,0.381193
97.47,0,4.71717e-43,0.381155
97.48,0,4.67023e-43,0.381117
97.49,0,4.62377e-43,0.381079
97.5,0,4.57776e-43,0.38104
97.51,0,4.53221e-43,0.381002
97.52,0,4.48711e-43,0.380964
97.53,0,4.44246e-43,0.380926
97.54,0,4.39826e-43,0.380888
97.55,0,4.3545e-43,0.38085
97.56,0,4.31117e-43,0.380812
97.57,0,4.26827e-43,0.380774
97.58,0,4.2258e-43,0.380736
97.59,0,4.18376e-43,0.380698
97.6,0,4.14213e-43,0.38066
97.61,0,4.10091e-43,0.380622
97.62,0,4.06011e-43,0.380584
97.63,0,4.01971e-43,0.380545
97.64,0,3.97971e-43,0.380507
97.65,0,3.94011e-43,0.380469
97.66,0,3.90091e-43,0.380431
97.67,0,3.86209e-43,0.380393
97.68,0,3.82366e-43,0.380355
97.69,0,3.78562e-43,0.380317
97.7,0,3.74795e-43,0.380279
97.71,0,3.71066e-43,0.380241
97.72,0,3.67374e-43,0.380203
97.73,0,3.63718e-43,0.380165
97.74,0,3.60099e-43,0.380127
97.75,0,3.56516e-43,0.380089
97.76,0,3.52969e-43,0.380051
97.77,0,3.49457e-43,0.380013
97.78,0,3.45979e-43,0.379975
97.79,0,3.42537e-43,0.379937
97.8,0,3.39129e-43,0.379899
97.81,0,3.35754e-43,0.379861
97.82,0,3.32413e-43,0.379823
97.83,0,3.29106e-43,0.379785
97.84,0,3.25831e-43,0.379747
97.85,0,3.22589e-43,0.379709
97.86,0,3.19379e-43,0.379671
97.87,0,3.16201e-43,0.379633
97.88,0,3.13055e-43,0.379595
97.89,0,3.0994e-43,0.379557
97.9,0,3.06856e-43,0.379519
97.91,0,3.03803e-43,0.379481
97.92,0,3.0078e-43,0.379443
97.93,0,2.97787e-43,0.379406
97.94,0,2.94824e-43,0.379368
97.95,0,2.91891e-43,0.37933
97.96,0,2.88986e-43,0.379292
97.97,0,2.86111e-43,0.379254
97.98,0,2.83264e-43,0.379216
97.99,0,2.80446e-43,0.379178
98,0,2.77655e-43,0.37914
98.01,0,2.74892e-43,0.379102
98.02,0,2.72157e-43,0.379064
98.03,0,2.69449e-43,0.379026
98.04,0,2.66768e-43,0.378988
98.05,0,2.64114e-43,0.378951
98.06,0,2.61486e-43,0.378913
98.07,0,2.58884e-43,0.378875
98.08,0,2.56308e-43,0.378837
98.09,0,2.53758e-43,0.378799
98.1,0,2.51233e-43,0.378761
98.11,0,2.48733e-43,0.378723
98.12,0,2.46258e-43,0.378685
98.13,0,2.43808e-43,0.378647
98.14,0,2.41382e-43,0.37861
98.15,0,2.3898e-43,0.378572
98.16,0,2.36602e-43,0.378534
98.17,0,2.34248e-43,0.378496
98.18,0,2.31917e-43,0.378458
98.19,0,2.29609e-43,0.37842
98.2,0,2.27325e-43,0.378383
98.21,0,2.25063e-43,0.378345
98.22,0,2.22823e-43,0.378307
98.23,0,2.20606e-43,0.378269
98.24,0,2.18411e-43,0.378231
98.25,0,2.16238e-43,0.378193
98.26,0,2.14086e-43,0.378156
98.27,0,2.11956e-43,0.378118
98.28,0,2.09847e-43,0.37808
98.29,0,2.07759e-43,0.378042
98.3,0,2.05692e-43,0.378004
98.31,0,2.03645e-43,0.377967
98.32,0,2.01619e-43,0.377929
98.33,0,1.99613e-43,0.377891
98.34,0,1.97627e-43,0.377853
98.35,0,1.9566e-43,0.377815
98.36,0,1.93713e-43,0.377778
98.37,0,1.91786e-43,0.37774
98.38,0,1.89878e-43,0.377702
98.39,0,1.87988e-43,0.377664
98.4,0,1.86118e-43,0.377627
98.41,0,1.84266e-43,0.377589
98.42,0,1.82432e-43,0.377551
98.43,0,1.80617e-43,0.377513
98.44,0,1.7882e-43,0.377475
98.45,0,1.77041e-43,0.377438
98.46,0,1.75279e-43,0.3774
98.47,0,1.73535e-43,0.377362
98.48,0,1.71808e-43,0.377325
98.49,0,1.70099e-43,0.377287
98.5,0,1.68406e-43,0.377249
98.51,0,1.66731e-43,0.377211
98.52,0,1.65072e-43,0.377174
98.53,0,1.63429e-43,0.377136
98.54,0,1.61803e-43,0.377098
98.55,0,1.60193e-43,0.37706
98.56,0,1.58599e-43,0.377023
98.57,0,1.57021e-43,0.376985
98.58,0,1.55459e-43,0.376947
98.59,0,1.53912e-43,0.37691
98.6,0,1.5238e-43,0.376872
98.61,0,1.50864e-43,0.376834
98.62,0,1.49363e-43,0.376797
98.63,0,1.47877e-43,0.376759
98.64,0,1.46405e-43,0.376721
98.65,0,1.44949e-43,0.376684
98.66,0,1.43506e-43,0.376646
98.67,0,1.42078e-43,0.376608
98.68,0,1.40665e-43,0.376571
98.69,0,1.39265e-43,0.376533
98.7,0,1.37879e-43,0.376495
98.71,0,1.36507e-43,0.376458
98.72,0,1.35149e-43,0.37642
98.73,0,1.33804e-43,0.376382
98.74,0,1.32473e-43,0.376345
98.75,0,1.31155e-43,0.376307
98.76,0,1.2985e-43,0.376269
98.77,0,1.28558e-43,0.376232
98.78,0,1.27279e-43,0.376194
98.79,0,1.26012e-43,0.376157
98.8,0,1.24758e-43,0.376119
98.81,0,1.23517e-43,0.376081
98.82,0,1.22288e-43,0.376044
98.83,0,1.21071e-43,0.376006
98.84,0,1.19867e-43,0.375969
98.85,0,1.18674e-43,0.375931
98.86,0,1.17493e-43,0.375893
98.87,0,1.16324e-43,0.375856
98.88,0,1.15167e-43,0.375818
98.89,0,1.14021e-43,0.375781
98.9,0,1.12886e-43,0.375743
98.91,0,1.11763e-43,0.375706
98.92,0,1.10651e-43,0.375668
98.93,0,1.0955e-43,0.37563
98.94,0,1.0846e-43,0.375593
98.95,0,1.07381e-43,0.375555
98.96,0,1.06312e-43,0.375518
98.97,0,1.05254e-43,0.37548
98.98,0,1.04207e-43,0.375443
98.99,0,1.0317e-43,0.375405
99,0,1.02144e-43,0.375368
99.01,0,1.01127e-43,0.37533
99.02,0,1.00121e-43,0.375292
99.03,0,9.91248e-44,0.375255
99.04,0,9.81385e-44,0.375217
99.05,0,9.7162e-44,0.37518
99.06,0,9.61952e-44,0.375142
99.07,0,9.5238e-44,0.375105
99.08,0,9.42904e-44,0.375067
99.09,0,9.33522e-44,0.37503
99.1,0,9.24233e-44,0.374992
99.11,0,9.15037e-44,0.374955
99.12,0,9.05932e-44,0.374917
99.13,0,8.96918e-44,0.37488
99.14,0,8.87994e-44,0.374842
99.15,0,8.79158e-44,0.374805
99.16,0,8.7041e-44,0.374767
99.17,0,8.61749e-44,0.37473
99.18,0,8.53175e-44,0.374692
99.19,0,8.44686e-44,0.374655
99.2,0,8.36281e-44,0.374618
99.21,0,8.2796e-44,0.37458
99.22,0,8.19721e-44,0.374543
99.23,0,8.11565e-44,0.374505
99.24,0,8.0349e-44,0.374468
99.25,0,7.95495e-44,0.37443
99.26,0,7.8758e-44,0.374393
99.27,0,7.79743e-44,0.374355
99.28,0,7.71985e-44,0.374318
99.29,0,7.64303e-44,0.374281
99.3,0,7.56698e-44,0.374243
99.31,0,7.49169e-44,0.374206
99.32,0,7.41715e-44,0.374168
99.33,0,7.34334e-44,0.374131
99.34,0,7.27028e-44,0.374093
99.35,0,7.19794e-44,0.374056
99.36,0,7.12632e-44,0.374019
99.37,0,7.05541e-44,0.373981
99.38,0,6.98521e-44,0.373944
99.39,0,6.9157e-44,0.373906
99.4,0,6.84689e-44,0.373869
99.41,0,6.77876e-44,0.373832
99.42,0,6.71131e-44,0.373794
99.43,0,6.64453e-44,0.373757
99.44,0,6.57842e-44,0.37372
99.45,0,6.51296e-44,0.373682
99.46,0,6.44816e-44,0.373645
99.47,0,6.384e-44,0.373607
99.48,0,6.32048e-44,0.37357
99.49,0,6.25759e-44,0.373533
99.5,0,6.19532e-44,0.373495
99.51,0,6.13368e-44,0.373458
99.52,0,6.07265e-44,0.373421
99.53,0,6.01222e-44,0.373383
99.54,0,5.9524e-44,0.373346
99.55,0,5.89317e-44,0.373309
99.56,0,5.83453e-44,0.373271
99.57,0,5.77648e-44,0.373234
99.58,0,5.719e-44,0.373197
99.59,0,5.6621e-44,0.373159
99.6,0,5.60576e-44,0.373122
99.61,0,5.54998e-44,0.373085
99.62,0,5.49476e-44,0.373047
99.63,0,5.44008e-44,0.37301
99.64,0,5.38595e-44,0.372973
99.65,0,5.33236e-44,0.372936
99.66,0,5.2793e-44,0.372898
99.67,0,5.22677e-44,0.372861
99.68,0,5.17477e-44,0.372824
99.69,0,5.12328e-44,0.372786
99.7,0,5.0723e-44,0.372749
99.71,0,5.02183e-44,0.372712
99.72,0,4.97186e-44,0.372675
99.73,0,4.92239e-44,0.372637
99.74,0,4.87341e-44,0.3726
99.75,0,4.82492e-44,0.372563
99.76,0,4.77691e-44,0.372526
99.77,0,4.72938e-44,0.372488
99.78,0,4.68232e-44,0.372451
99.79,0,4.63573e-44,0.372414
99.8,0,4.58961e-44,0.372377
99.81,0,4.54394e-44,0.372339
99.82,0,4.49873e-44,0.372302
99.83,0,4.45396e-44,0.372265
99.84,0,4.40965e-44,0.372228
99.85,0,4.36577e-44,0.37219
99.86,0,4.32233e-44,0.372153
99.87,0,4.27932e-44,0.372116
99.88,0,4.23674e-44,0.372079
99.89,0,4.19459e-44,0.372042
99.9,0,4.15285e-44,0.372004
99.91,0,4.11153e-44,0.371967
99.92,0,4.07062e-44,0.37193
99.93,0,4.03011e-44,0.371893
99.94,0,3.99001e-44,0.371856
99.95,0,3.95031e-44,0.371818
99.96,0,3.91101e-44,0.371781
99.97,0,3.87209e-44,0.371744
99.98,0,3.83356e-44,0.371707
99.99,0,3.79542e-44,0.37167
100,0,3.75765e-44,0.371633
100.01,0,3.72026e-44,0.371595
100.02,0,3.68325e-44,0.371558
100.03,0,3.6466e-44,0.371521
100.04,0,3.61031e-44,0.371484
100.05,0,3.57439e-44,0.371447
100.06,0,3.53882e-44,0.37141
100.07,0,3.50361e-44,0.371373
100.08,0,3.46875e-44,0.371335
100.09,0,3.43424e-44,0.371298
100.1,0,3.40006e-44,0.371261
100.11,0,3.36623e-44,0.371224
100.12,0,3.33274e-44,0.371187
100.13,0,3.29958e-44,0.37115
100.14,0,3.26675e-44,0.371113
100.15,0,3.23424e-44,0.371076
100.16,0,3.20206e-44,0.371038
100.17,0,3.1702e-44,0.371001
100.18,0,3.13866e-44,0.370964
100.19,0,3.10743e-44,0.370927
100.2,0,3.07651e-44,0.37089
100.21,0,3.04589e-44,0.370853
100.22,0,3.01559e-44,0.370816
100.23,0,2.98558e-44,0.370779
100.24,0,2.95587e-44,0.370742
100.25,0,2.92646e-44,0.370705
100.26,0,2.89734e-44,0.370668
100.27,0,2.86851e-44,0.370631
100.28,0,2.83997e-44,0.370593
100.29,0,2.81171e-44,0.370556
100.3,0,2.78374e-44,0.370519
100.31,0,2.75604e-44,0.370482
100.32,0,2.72862e-44,0.370445
100.33,0,2.70147e-44,0.370408
100.34,0,2.67459e-44,0.370371
100.35,0,2.64797e-44,0.370334
100.36,0,2.62163e-44,0.370297
100.37,0,2.59554e-44,0.37026
100.38,0,2.56971e-44,0.370223
100.39,0,2.54414e-44,0.370186
100.4,0,2.51883e-44,0.370149
100.41,0,2.49377e-44,0.370112
100.42,0,2.46895e-44,0.370075
100.43,0,2.44439e-44,0.370038
100.44,0,2.42007e-44,0.370001
100.45,0,2.39599e-44,0.369964
100.46,0,2.37214e-44,0.369927
100.47,0,2.34854e-44,0.36989
100.48,0,2.32517e-44,0.369853
100.49,0,2.30204e-44,0.369816
100.5,0,2.27913e-44,0.369779
100.51,0,2.25645e-44,0.369742
100.52,0,2.234e-44,0.369705
100.53,0,2.21177e-44,0.369668
100.54,0,2.18977e-44,0.369631
100.55,0,2.16798e-44,0.369594
100.56,0,2.14641e-44,0.369557
100.57,0,2.12505e-44,0.36952
100.58,0,2.1039e-44,0.369483
100.59,0,2.08297e-44,0.369446
100.6,0,2.06224e-44,0.369409
100.61,0,2.04172e-44,0.369372
100.62,0,2.02141e-44,0.369336
100.63,0,2.00129e-44,0.369299
100.64,0,1.98138e-44,0.369262
100.65,0,1.96167e-44,0.369225
100.66,0,1.94215e-44,0.369188
100.67,0,1.92282e-44,0.369151
100.68,0,1.90369e-44,0.369114
100.69,0,1.88475e-44,0.369077
100.7,0,1.866e-44,0.36904
100.71,0,1.84743e-44,0.369003
100.72,0,1.82905e-44,0.368966
100.73,0,1.81085e-44,0.36893
100.74,0,1.79283e-44,0.368893
100.75,0,1.77499e-44,0.368856
100.76,0,1.75733e-44,0.368819
100.77,0,1.73984e-44,0.368782
100.78,0,1.72253e-44,0.368745
100.79,0,1.70539e-44,0.368708
100.8,0,1.68842e-44,0.368671
100.81,0,1.67162e-44,0.368634
100.82,0,1.65499e-44,0.368598
100.83,0,1.63852e-44,0.368561
100.84,0,1.62222e-44,0.368524
100.85,0,1.60608e-44,0.368487
100.86,0,1.5901e-44,0.36845
100.87,0,1.57427e-44,0.368413
100.88,0,1.55861e-44,0.368377
100.89,0,1.5431e-44,0.36834
100.9,0,1.52775e-44,0.368303
100.91,0,1.51255e-44,0.368266
100.92,0,1.4975e-44,0.368229
100.93,0,1.4826e-44,0.368192
100.94,0,1.46784e-44,0.368156
100.95,0,1.45324e-44,0.368119
100.96,0,1.43878e-44,0.368082
100.97,0,1.42446e-44,0.368045
100.98,0,1.41029e-44,0.368008
100.99,0,1.39626e-44,0.367972
101,0,1.38236e-44,0.367935
101.01,0,1.36861e-44,0.367898
101.02,0,1.35499e-44,0.367861
101.03,0,1.34151e-44,0.367824
101.04,0,1.32816e-44,0.367788
101.05,0,1.31494e-44,0.367751
101.06,0,1.30186e-44,0.367714
101.07,0,1.28891e-44,0.367677
101.08,0,1.27608e-44,0.367641
101.09,0,1.26338e-44,0.367604
101.1,0,1.25081e-44,0.367567
101.11,0,1.23837e-44,0.36753
101.12,0,1.22605e-44,0.367493
101.13,0,1.21385e-44,0.367457
101.14,0,1.20177e-44,0.36742
101.15,0,1.18981e-44,0.367383
101.16,0,1.17797e-44,0.367347
101.17,0,1.16625e-44,0.36731
101.18,0,1.15465e-44,0.367273
101.19,0,1.14316e-44,0.367236
101.2,0,1.13178e-44,0.3672
101.21,0,1.12052e-44,0.367163
101.22,0,1.10937e-44,0.367126
101.23,0,1.09833e-44,0.367089
101.24,0,1.08741e-44,0.367053
101.25,0,1.07659e-44,0.367016
101.26,0,1.06587e-44,0.366979
101.27,0,1.05527e-44,0.366943
101.28,0,1.04477e-44,0.366906
101.29,0,1.03437e-44,0.366869
101.3,0,1.02408e-44,0.366833
101.31,0,1.01389e-44,0.366796
101.32,0,1.0038e-44,0.366759
101.33,0,9.93814e-45,0.366723
101.34,0,9.83925e-45,0.366686
101.35,0,9.74135e-45,0.366649
101.36,0,9.64442e-45,0.366613
101.37,0,9.54846e-45,0.366576
101.38,0,9.45345e-45,0.366539
101.39,0,9.35938e-45,0.366503
101.4,0,9.26626e-45,0.366466
101.41,0,9.17406e-45,0.366429
101.42,0,9.08277e-45,0.366393
101.43,0,8.9924e-45,0.366356
101.44,0,8.90292e-45,0.366319
101.45,0,8.81434e-45,0.366283
101.46,0,8.72663e-45,0.366246
101.47,0,8.6398e-45,0.36621
101.48,0,8.55383e-45,0.366173
101.49,0,8.46872e-45,0.366136
101.5,0,8.38446e-45,0.3661
101.51,0,8.30103e-45,0.366063
101.52,0,8.21843e-45,0.366026
101.53,0,8.13666e-45,0.36599
101.54,0,8.0557e-45,0.365953
101.55,0,7.97554e-45,0.365917
101.56,0,7.89618e-45,0.36588
101.57,0,7.81761e-45,0.365843
101.58,0,7.73983e-45,0.365807
101.59,0,7.66282e-45,0.36577
101.6,0,7.58657e-45,0.365734
101.61,0,7.51108e-45,0.365697
101.62,0,7.43635e-45,0.365661
101.63,0,7.36235e-45,0.365624
101.64,0,7.2891e-45,0.365587
101.65,0,7.21657e-45,0.365551
101.66,0,7.14476e-45,0.365514
101.67,0,7.07367e-45,0.365478
101.68,0,7.00329e-45,0.365441
101.69,0,6.9336e-45,0.365405
101.7,0,6.86461e-45,0.365368
101.71,0,6.79631e-45,0.365332
101.72,0,6.72868e-45,0.365295
101.73,0,6.66173e-45,0.365259
101.74,0,6.59545e-45,0.365222
101.75,0,6.52982e-45,0.365186
101.76,0,6.46485e-45,0.365149
101.77,0,6.40052e-45,0.365113
101.78,0,6.33684e-45,0.365076
101.79,0,6.27378e-45,0.36504
101.8,0,6.21136e-45,0.365003
101.81,0,6.14955e-45,0.364967
101.82,0,6.08836e-45,0.36493
101.83,0,6.02778e-45,0.364894
101.84,0,5.96781e-45,0.364857
101.85,0,5.90843e-45,0.364821
101.86,0,5.84964e-45,0.364784
101.87,0,5.79143e-45,0.364748
101.88,0,5.73381e-45,0.364711
101.89,0,5.67675e-45,0.364675
101.9,0,5.62027e-45,0.364638
101.91,0,5.56435e-45,0.364602
101.92,0,5.50898e-45,0.364565
101.93,0,5.45416e-45,0.364529
101.94,0,5.3999e-45,0.364492
101.95,0,5.34617e-45,0.364456
101.96,0,5.29297e-45,0.364419
101.97,0,5.2403e-45,0.364383
101.98,0,5.18816e-45,0.364347
101.99,0,5.13654e-45,0.36431
102,0,5.08543e-45,0.364274
102.01,0,5.03483e-45,0.364237
102.02,0,4.98473e-45,0.364201
102.03,0,4.93513e-45,0.364164
102.04,0,4.88603e-45,0.364128
102.05,0,4.83741e-45,0.364092
102.06,0,4.78928e-45,0.364055
102.07,0,4.74162e-45,0.364019
102.08,0,4.69444e-45,0.363982
102.09,0,4.64773e-45,0.363946
102.1,0,4.60149e-45,0.36391
102.11,0,4.5557e-45,0.363873
102.12,0,4.51037e-45,0.363837
102.13,0,4.46549e-45,0.3638
102.14,0,4.42106e-45,0.363764
102.15,0,4.37707e-45,0.363728
102.16,0,4.33352e-45,0.363691
102.17,0,4.2904e-45,0.363655
102.18,0,4.24771e-45,0.363619
102.19,0,4.20544e-45,0.363582
102.2,0,4.1636e-45,0.363546
102.21,0,4.12217e-45,0.36351
102.22,0,4.08115e-45,0.363473
102.23,0,4.04054e-45,0.363437
102.24,0,4.00034e-45,0.363401
102.25,0,3.96054e-45,0.363364
102.26,0,3.92113e-45,0.363328
102.27,0,3.88211e-45,0.363292
102.28,0,3.84349e-45,0.363255
102.29,0,3.80524e-45,0.363219
102.3,0,3.76738e-45,0.363183
102.31,0,3.72989e-45,0.363146
102.32,0,3.69278e-45,0.36311
102.33,0,3.65604e-45,0.363074
102.34,0,3.61966e-45,0.363037
102.35,0,3.58364e-45,0.363001
102.36,0,3.54798e-45,0.362965
102.37,0,3.51268e-45,0.362928
102.38,0,3.47773e-45,0.362892
102.39,0,3.44313e-45,0.362856
102.4,0,3.40887e-45,0.36282
102.41,0,3.37495e-45,0.362783
102.42,0,3.34137e-45,0.362747
102.43,0,3.30812e-45,0.362711
102.44,0,3.2752e-45,0.362674
102.45,0,3.24261e-45,0.362638
102.46,0,3.21035e-45,0.362602
102.47,0,3.17841e-45,0.362566
102.48,0,3.14678e-45,0.362529
102.49,0,3.11547e-45,0.362493
102.5,0,3.08447e-45,0.362457
102.51,0,3.05378e-45,0.362421
102.52,0,3.02339e-45,0.362384
102.53,0,2.99331e-45,0.362348
102.54,0,2.96353e-45,0.362312
102.55,0,2.93404e-45,0.362276
102.56,0,2.90484e-45,0.36224
102.57,0,2.87594e-45,0.362203
102.58,0,2.84732e-45,0.362167
102.59,0,2.81899e-45,0.362131
102.6,0,2.79094e-45,0.362095
102.61,0,2.76317e-45,0.362058
102.62,0,2.73568e-45,0.362022
102.63,0,2.70846e-45,0.361986
102.64,0,2.68151e-45,0.36195
102.65,0,2.65483e-45,0.361914
102.66,0,2.62841e-45,0.361877
102.67,0,2.60226e-45,0.361841
102.68,0,2.57637e-45,0.361805
102.69,0,2.55073e-45,0.361769
102.7,0,2.52535e-45,0.361733
102.71,0,2.50022e-45,0.361697
102.72,0,2.47534e-45,0.36166
102.73,0,2.45071e-45,0.361624
102.74,0,2.42633e-45,0.361588
102.75,0,2.40219e-45,0.361552
102.76,0,2.37828e-45,0.361516
102.77,0,2.35462e-45,0.36148
102.78,0,2.33119e-45,0.361443
102.79,0,2.308e-45,0.361407
102.8,0,2.28503e-45,0.361371
102.81,0,2.26229e-45,0.361335
102.82,0,2.23978e-45,0.361299
102.83,0,2.2175e-45,0.361263
102.84,0,2.19543e-45,0.361227
102.85,0,2.17359e-45,0.361191
102.86,0,2.15196e-45,0.361154
102.87,0,2.13055e-45,0.361118
102.88,0,2.10935e-45,0.361082
102.89,0,2.08836e-45,0.361046
102.9,0,2.06758e-45,0.36101
102.91,0,2.04701e-45,0.360974
102.92,0,2.02664e-45,0.360938
102.93,0,2.00648e-45,0.360902
102.94,0,1.98651e-45,0.360866
102.95,0,1.96674e-45,0.36083
102.96,0,1.94717e-45,0.360793
102.97,0,1.9278e-45,0.360757
102.98,0,1.90862e-45,0.360721
102.99,0,1.88963e-45,0.360685
103,0,1.87083e-45,0.360649
103.01,0,1.85221e-45,0.360613
103.02,0,1.83378e-45,0.360577
103.03,0,1.81553e-45,0.360541
103.04,0,1.79747e-45,0.360505
103.05,0,1.77958e-45,0.360469
103.06,0,1.76188e-45,0.360433
103.07,0,1.74435e-45,0.360397
103.08,0,1.72699e-45,0.360361
103.09,0,1.70981e-45,0.360325
103.1,0,1.69279e-45,0.360289
103.11,0,1.67595e-45,0.360253
103.12,0,1.65927e-45,0.360217
103.13,0,1.64276e-45,0.360181
103.14,0,1.62642e-45,0.360145
103.15,0,1.61023e-45,0.360109
103.16,0,1.59421e-45,0.360073
103.17,0,1.57835e-45,0.360037
103.18,0,1.56264e-45,0.360001
103.19,0,1.5471e-45,0.359965
103.2,0,1.5317e-45,0.359929
103.21,0,1.51646e-45,0.359893
103.22,0,1.50137e-45,0.359857
103.23,0,1.48643e-45,0.359821
103.24,0,1.47164e-45,0.359785
103.25,0,1.457e-45,0.359749
103.26,0,1.4425e-45,0.359713
103.27,0,1.42815e-45,0.359677
103.28,0,1.41394e-45,0.359641
103.29,0,1.39987e-45,0.359605
103.3,0,1.38594e-45,0.359569
103.31,0,1.37215e-45,0.359533
103.32,0,1.3585e-45,0.359497
103.33,0,1.34498e-45,0.359461
103.34,0,1.3316e-45,0.359425
103.35,0,1.31835e-45,0.359389
103.36,0,1.30523e-45,0.359353
103.37,0,1.29224e-45,0.359317
103.38,0,1.27939e-45,0.359281
103.39,0,1.26665e-45,0.359245
103.4,0,1.25405e-45,0.359209
103.41,0,1.24157e-45,0.359174
103.42,0,1.22922e-45,0.359138
103.43,0,1.21699e-45,0.359102
103.44,0,1.20488e-45,0.359066
103.45,0,1.19289e-45,0.35903
103.46,0,1.18102e-45,0.358994
103.47,0,1.16927e-45,0.358958
103.48,0,1.15764e-45,0.358922
103.49,0,1.14612e-45,0.358886
103.5,0,1.13471e-45,0.35885
103.51,0,1.12342e-45,0.358815
103.52,0,1.11224e-45,0.358779
103.53,0,1.10118e-45,0.358743
103.54,0,1.09022e-45,0.358707
103.55,0,1.07937e-45,0.358671
103.56,0,1.06863e-45,0.358635
103.57,0,1.058e-45,0.358599
103.58,0,1.04747e-45,0.358563
103.59,0,1.03705e-45,0.358528
103.6,0,1.02673e-45,0.358492
103.61,0,1.01651e-45,0.358456
103.62,0,1.0064e-45,0.35842
103.63,0,9.96386e-46,0.358384
103.64,0,9.86472e-46,0.358348
103.65,0,9.76656e-46,0.358313
103.66,0,9.66938e-46,0.358277
103.67,0,9.57317e-46,0.358241
103.68,0,9.47792e-46,0.358205
103.69,0,9.38361e-46,0.358169
103.7,0,9.29024e-46,0.358133
103.71,0,9.1978e-46,0.358098
103.72,0,9.10628e-46,0.358062
103.73,0,9.01567e-46,0.358026
103.74,0,8.92597e-46,0.35799
103.75,0,8.83715e-46,0.357954
103.76,0,8.74922e-46,0.357919
103.77,0,8.66216e-46,0.357883
103.78,0,8.57597e-46,0.357847
103.79,0,8.49064e-46,0.357811
103.8,0,8.40616e-46,0.357775
103.81,0,8.32252e-46,0.35774
103.82,0,8.23971e-46,0.357704
103.83,0,8.15772e-46,0.357668
103.84,0,8.07655e-46,0.357632
103.85,0,7.99619e-46,0.357597
103.86,0,7.91662e-46,0.357561
103.87,0,7.83785e-46,0.357525
103.88,0,7.75986e-46,0.357489
103.89,0,7.68265e-46,0.357454
103.9,0,7.60621e-46,0.357418
103.91,0,7.53052e-46,0.357382
103.92,0,7.45559e-46,0.357346
103.93,0,7.38141e-46,0.357311
103.94,0,7.30796e-46,0.357275
103.95,0,7.23525e-46,0.357239
103.96,0,7.16326e-46,0.357203
103.97,0,7.09198e-46,0.357168
103.98,0,7.02141e-46,0.357132
103.99,0,6.95155e-46,0.357096
104,0,6.88238e-46,0.357061
104.01,0,6.8139e-46,0.357025
104.02,0,6.7461e-46,0.356989
104.03,0,6.67898e-46,0.356954
104.04,0,6.61252e-46,0.356918
104.05,0,6.54672e-46,0.356882
104.06,0,6.48158e-46,0.356846
104.07,0,6.41709e-46,0.356811
104.08,0,6.35324e-46,0.356775
104.09,0,6.29002e-46,0.356739
104.1,0,6.22744e-46,0.356704
104.11,0,6.16547e-46,0.356668
104.12,0,6.10412e-46,0.356632
104.13,0,6.04339e-46,0.356597
104.14,0,5.98325e-46,0.356561
104.15,0,5.92372e-46,0.356525
104.16,0,5.86478e-46,0.35649
104.17,0,5.80642e-46,0.356454
104.18,0,5.74865e-46,0.356419
104.19,0,5.69145e-46,0.356383
104.2,0,5.63482e-46,0.356347
104.21,0,5.57875e-46,0.356312
104.22,0,5.52324e-46,0.356276
104.23,0,5.46828e-46,0.35624
104.24,0,5.41387e-46,0.356205
104.25,0,5.36e-46,0.356169
104.26,0,5.30667e-46,0.356133
104.27,0,5.25387e-46,0.356098
104.28,0,5.20159e-46,0.356062
104.29,0,5.14983e-46,0.356027
104.3,0,5.09859e-46,0.355991
104.31,0,5.04786e-46,0.355955
104.32,0,4.99763e-46,0.35592
104.33,0,4.94791e-46,0.355884
104.34,0,4.89867e-46,0.355849
104.35,0,4.84993e-46,0.355813
104.36,0,4.80167e-46,0.355778
104.37,0,4.7539e-46,0.355742
104.38,0,4.70659e-46,0.355706
104.39,0,4.65976e-46,0.355671
104.4,0,4.6134e-46,0.355635
104.41,0,4.56749e-46,0.3556
104.42,0,4.52205e-46,0.355564
104.43,0,4.47705e-46,0.355529
104.44,0,4.4325e-46,0.355493
104.45,0,4.3884e-46,0.355457
104.46,0,4.34473e-46,0.355422
104.47,0,4.3015e-46,0.355386
104.48,0,4.2587e-46,0.355351
104.49,0,4.21633e-46,0.355315
104.5,0,4.17437e-46,0.35528
104.51,0,4.13284e-46,0.355244
104.52,0,4.09172e-46,0.355209
104.53,0,4.051e-46,0.355173
104.54,0,4.0107e-46,0.355138
104.55,0,3.97079e-46,0.355102
104.56,0,3.93128e-46,0.355067
104.57,0,3.89216e-46,0.355031
104.58,0,3.85343e-46,0.354996
104.59,0,3.81509e-46,0.35496
104.6,0,3.77713e-46,0.354925
104.61,0,3.73955e-46,0.354889
104.62,0,3.70234e-46,0.354854
104.63,0,3.6655e-46,0.354818
104.64,0,3.62903e-46,0.354783
104.65,0,3.59292e-46,0.354747
104.66,0,3.55717e-46,0.354712
104.67,0,3.52177e-46,0.354676
104.68,0,3.48673e-46,0.354641
104.69,0,3.45204e-46,0.354605
104.7,0,3.41769e-46,0.35457
104.71,0,3.38368e-46,0.354534
104.72,0,3.35001e-46,0.354499
104.73,0,3.31668e-46,0.354464
104.74,0,3.28368e-46,0.354428
104.75,0,3.25101e-46,0.354393
104.76,0,3.21866e-46,0.354357
104.77,0,3.18663e-46,0.354322
104.78,0,3.15492e-46,0.354286
104.79,0,3.12353e-46,0.354251
104.8,0,3.09245e-46,0.354216
104.81,0,3.06168e-46,0.35418
104.82,0,3.03122e-46,0.354145
104.83,0,3.00106e-46,0.354109
104.84,0,2.9712e-46,0.354074
104.85,0,2.94163e-46,0.354038
104.86,0,2.91236e-46,0.354003
104.87,0,2.88338e-46,0.353968
104.88,0,2.85469e-46,0.353932
104.89,0,2.82629e-46,0.353897
104.9,0,2.79817e-46,0.353862
104.91,0,2.77032e-46,0.353826
104.92,0,2.74276e-46,0.353791
104.93,0,2.71547e-46,0.353755
104.94,0,2.68845e-46,0.35372
104.95,0,2.6617e-46,0.353685
104.96,0,2.63521e-46,0.353649
104.97,0,2.60899e-46,0.353614
104.98,0,2.58303e-46,0.353579
104.99,0,2.55733e-46,0.353543
105,0,2.53189e-46,0.353508
105.01,0,2.50669e-46,0.353472
105.02,0,2.48175e-46,0.353437
105.03,0,2.45706e-46,0.353402
105.04,0,2.43261e-46,0.353366
105.05,0,2.4084e-46,0.353331
105.06,0,2.38444e-46,0.353296
105.07,0,2.36072e-46,0.35326
105.08,0,2.33723e-46,0.353225
105.09,0,2.31397e-46,0.35319
105.1,0,2.29095e-46,0.353154
105.11,0,2.26815e-46,0.353119
105.12,0,2.24558e-46,0.353084
105.13,0,2.22324e-46,0.353049
105.14,0,2.20112e-46,0.353013
105.15,0,2.17921e-46,0.352978
105.16,0,2.15753e-46,0.352943
105.17,0,2.13606e-46,0.352907
105.18,0,2.11481e-46,0.352872
105.19,0,2.09377e-46,0.352837
105.2,0,2.07293e-46,0.352802
105.21,0,2.05231e-46,0.352766
105.22,0,2.03189e-46,0.352731
105.23,0,2.01167e-46,0.352696
105.24,0,1.99165e-46,0.35266
105.25,0,1.97184e-46,0.352625
105.26,0,1.95221e-46,0.35259
105.27,0,1.93279e-46,0.352555
105.28,0,1.91356e-46,0.352519
105.29,0,1.89452e-46,0.352484
105.3,0,1.87567e-46,0.352449
105.31,0,1.857e-46,0.352414
105.32,0,1.83853e-46,0.352378
105.33,0,1.82023e-46,0.352343
105.34,0,1.80212e-46,0.352308
105.35,0,1.78419e-46,0.352273
105.36,0,1.76644e-46,0.352237
105.37,0,1.74886e-46,0.352202
105.38,0,1.73146e-46,0.352167
105.39,0,1.71423e-46,0.352132
105.4,0,1.69717e-46,0.352097
105.41,0,1.68029e-46,0.352061
105.42,0,1.66357e-46,0.352026
105.43,0,1.64702e-46,0.351991
105.44,0,1.63063e-46,0.351956
105.45,0,1.6144e-46,0.351921
105.46,0,1.59834e-46,0.351885
105.47,0,1.58243e-46,0.35185
105.48,0,1.56669e-46,0.351815
105.49,0,1.5511e-46,0.35178
105.5,0,1.53567e-46,0.351745
105.51,0,1.52039e-46,0.35171
105.52,0,1.50526e-46,0.351674
105.53,0,1.49028e-46,0.351639
105.54,0,1.47545e-46,0.351604
105.55,0,1.46077e-46,0.351569
105.56,0,1.44624e-46,0.351534
105.57,0,1.43185e-46,0.351499
105.58,0,1.4176e-46,0.351463
105.59,0,1.40349e-46,0.351428
105.6,0,1.38953e-46,0.351393
105.61,0,1.3757e-46,0.351358
105.62,0,1.36201e-46,0.351323
105.63,0,1.34846e-46,0.351288
105.64,0,1.33504e-46,0.351253
105.65,0,1.32176e-46,0.351217
105.66,0,1.30861e-46,0.351182
105.67,0,1.29559e-46,0.351147
105.68,0,1.2827e-46,0.351112
105.69,0,1.26993e-46,0.351077
105.7,0,1.2573e-46,0.351042
105.71,0,1.24479e-46,0.351007
105.72,0,1.2324e-46,0.350972
105.73,0,1.22014e-46,0.350937
105.74,0,1.208e-46,0.350902
105.75,0,1.19598e-46,0.350866
105.76,0,1.18408e-46,0.350831
105.77,0,1.1723e-46,0.350796
105.78,0,1.16063e-46,0.350761
105.79,0,1.14908e-46,0.350726
105.8,0,1.13765e-46,0.350691
105.81,0,1.12633e-46,0.350656
105.82,0,1.11512e-46,0.350621
105.83,0,1.10403e-46,0.350586
105.84,0,1.09304e-46,0.350551
105.85,0,1.08217e-46,0.350516
105.86,0,1.0714e-46,0.350481
105.87,0,1.06074e-46,0.350446
105.88,0,1.05018e-46,0.350411
105.89,0,1.03973e-46,0.350376
105.9,0,1.02939e-46,0.350341
105.91,0,1.01915e-46,0.350305
105.92,0,1.009e-46,0.35027
105.93,0,9.98965e-47,0.350235
105.94,0,9.89025e-47,0.3502
105.95,0,9.79184e-47,0.350165
105.96,0,9.69441e-47,0.35013
105.97,0,9.59795e-47,0.350095
105.98,0,9.50245e-47,0.35006
105.99,0,9.4079e-47,0.350025
106,0,9.31429e-47,0.34999
106.01,0,9.22161e-47,0.349955
106.02,0,9.12985e-47,0.34992
106.03,0,9.03901e-47,0.349885
106.04,0,8.94907e-47,0.34985
106.05,0,8.86003e-47,0.349815
106.06,0,8.77187e-47,0.34978
106.07,0,8.68459e-47,0.349745
106.08,0,8.59817e-47,0.34971
106.09,0,8.51262e-47,0.349676
106.1,0,8.42792e-47,0.349641
106.11,0,8.34406e-47,0.349606
106.12,0,8.26103e-47,0.349571
106.13,0,8.17883e-47,0.349536
106.14,0,8.09745e-47,0.349501
106.15,0,8.01688e-47,0.349466
106.16,0,7.93711e-47,0.349431
106.17,0,7.85814e-47,0.349396
106.18,0,7.77995e-47,0.349361
106.19,0,7.70254e-47,0.349326
106.2,0,7.6259e-47,0.349291
106.21,0,7.55002e-47,0.349256
106.22,0,7.47489e-47,0.349221
106.23,0,7.40052e-47,0.349186
106.24,0,7.32688e-47,0.349151
106.25,0,7.25398e-47,0.349116
106.26,0,7.1818e-47,0.349082
106.27,0,7.11034e-47,0.349047
106.28,0,7.03959e-47,0.349012
106.29,0,6.96954e-47,0.348977
106.3,0,6.9002e-47,0.348942
106.31,0,6.83154e-47,0.348907
106.32,0,6.76356e-47,0.348872
106.33,0,6.69626e-47,0.348837
106.34,0,6.62963e-47,0.348802
106.35,0,6.56367e-47,0.348768
106.36,0,6.49836e-47,0.348733
106.37,0,6.4337e-47,0.348698
106.38,0,6.36968e-47,0.348663
106.39,0,6.3063e-47,0.348628
106.4,0,6.24355e-47,0.348593
106.41,0,6.18143e-47,0.348558
106.42,0,6.11992e-47,0.348523
106.43,0,6.05903e-47,0.348489
106.44,0,5.99874e-47,0.348454
106.45,0,5.93905e-47,0.348419
106.46,0,5.87996e-47,0.348384
106.47,0,5.82145e-47,0.348349
106.48,0,5.76353e-47,0.348314
106.49,0,5.70618e-47,0.34828
106.5,0,5.6494e-47,0.348245
106.51,0,5.59319e-47,0.34821
106.52,0,5.53754e-47,0.348175
106.53,0,5.48244e-47,0.34814
106.54,0,5.42789e-47,0.348106
106.55,0,5.37388e-47,0.348071
106.56,0,5.32041e-47,0.348036
106.57,0,5.26747e-47,0.348001
106.58,0,5.21506e-47,0.347966
106.59,0,5.16316e-47,0.347931
106.6,0,5.11179e-47,0.347897
106.61,0,5.06093e-47,0.347862
106.62,0,5.01057e-47,0.347827
106.63,0,4.96071e-47,0.347792
106.64,0,4.91135e-47,0.347758
106.65,0,4.86249e-47,0.347723
106.66,0,4.8141e-47,0.347688
106.67,0,4.7662e-47,0.347653
106.68,0,4.71878e-47,0.347619
106.69,0,4.67182e-47,0.347584
106.7,0,4.62534e-47,0.347549
106.71,0,4.57932e-47,0.347514
106.72,0,4.53375e-47,0.347479
106.73,0,4.48864e-47,0.347445
106.74,0,4.44398e-47,0.34741
106.75,0,4.39976e-47,0.347375
106.76,0,4.35598e-47,0.347341
106.77,0,4.31264e-47,0.347306
106.78,0,4.26973e-47,0.347271
106.79,0,4.22724e-47,0.347236
106.8,0,4.18518e-47,0.347202
106.81,0,4.14354e-47,0.347167
106.82,0,4.10231e-47,0.347132
106.83,0,4.06149e-47,0.347097
106.84,0,4.02108e-47,0.347063
106.85,0,3.98107e-47,0.347028
106.86,0,3.94145e-47,0.346993
106.87,0,3.90224e-47,0.346959
106.88,0,3.86341e-47,0.346924
106.89,0,3.82497e-47,0.346889
106.9,0,3.78691e-47,0.346855
106.91,0,3.74923e-47,0.34682
106.92,0,3.71192e-47,0.346785
106.93,0,3.67499e-47,0.346751
106.94,0,3.63842e-47,0.346716
106.95,0,3.60222e-47,0.346681
106.96,0,3.56638e-47,0.346647
106.97,0,3.53089e-47,0.346612
106.98,0,3.49576e-47,0.346577
106.99,0,3.46097e-47,0.346543
107,0,3.42654e-47,0.346508
107.01,0,3.39244e-47,0.346473
107.02,0,3.35869e-47,0.346439
107.03,0,3.32527e-47,0.346404
107.04,0,3.29218e-47,0.346369
107.05,0,3.25942e-47,0.346335
107.06,0,3.22699e-47,0.3463
107.07,0,3.19488e-47,0.346265
107.08,0,3.16309e-47,0.346231
107.09,0,3.13162e-47,0.346196
107.1,0,3.10046e-47,0.346162
107.11,0,3.06961e-47,0.346127
107.12,0,3.03906e-47,0.346092
107.13,0,3.00883e-47,0.346058
107.14,0,2.97889e-47,0.346023
107.15,0,2.94925e-47,0.345989
107.16,0,2.9199e-47,0.345954
107.17,0,2.89085e-47,0.345919
107.18,0,2.86208e-47,0.345885
107.19,0,2.8336e-47,0.34585
107.2,0,2.80541e-47,0.345816
107.21,0,2.7775e-47,0.345781
107.22,0,2.74986e-47,0.345746
107.23,0,2.7225e-47,0.345712
107.24,0,2.69541e-47,0.345677
107.25,0,2.66859e-47,0.345643
107.26,0,2.64204e-47,0.345608
107.27,0,2.61575e-47,0.345574
107.28,0,2.58972e-47,0.345539
107.29,0,2.56395e-47,0.345504
107.3,0,2.53844e-47,0.34547
107.31,0,2.51318e-47,0.345435
107.32,0,2.48818e-47,0.345401
107.33,0,2.46342e-47,0.345366
107.34,0,2.43891e-47,0.345332
107.35,0,2.41464e-47,0.345297
107.36,0,2.39061e-47,0.345263
107.37,0,2.36683e-47,0.345228
107.38,0,2.34328e-47,0.345194
107.39,0,2.31996e-47,0.345159
107.4,0,2.29688e-47,0.345125
107.41,0,2.27402e-47,0.34509
107.42,0,2.25139e-47,0.345056
107.43,0,2.22899e-47,0.345021
107.44,0,2.20681e-47,0.344987
107.45,0,2.18486e-47,0.344952
107.46,0,2.16312e-47,0.344918
107.47,0,2.14159e-47,0.344883
107.48,0,2.12028e-47,0.344849
107.49,0,2.09919e-47,0.344814
107.5,0,2.0783e-47,0.34478
107.51,0,2.05762e-47,0.344745
107.52,0,2.03715e-47,0.344711
107.53,0,2.01688e-47,0.344676
107.54,0,1.99681e-47,0.344642
107.55,0,1.97694e-47,0.344607
107.56,0,1.95727e-47,0.344573
107.57,0,1.93779e-47,0.344538
107.58,0,1.91851e-47,0.344504
107.59,0,1.89942e-47,0.34447
107.6,0,1.88052e-47,0.344435
107.61,0,1.86181e-47,0.344401
107.62,0,1.84329e-47,0.344366
107.63,0,1.82494e-47,0.344332
107.64,0,1.80679e-47,0.344297
107.65,0,1.78881e-47,0.344263
107.66,0,1.77101e-47,0.344228
107.67,0,1.75339e-47,0.344194
107.68,0,1.73594e-47,0.34416
107.69,0,1.71867e-47,0.344125
107.7,0,1.70157e-47,0.344091
107.71,0,1.68464e-47,0.344056
107.72,0,1.66787e-47,0.344022
107.73,0,1.65128e-47,0.343988
107.74,0,1.63485e-47,0.343953
107.75,0,1.61858e-47,0.343919
107.76,0,1.60248e-47,0.343884
107.77,0,1.58653e-47,0.34385
107.78,0,1.57074e-47,0.343816
107.79,0,1.55512e-47,0.343781
107.8,0,1.53964e-47,0.343747
107.81,0,1.52432e-47,0.343713
107.82,0,1.50915e-47,0.343678
107.83,0,1.49414e-47,0.343644
107.84,0,1.47927e-47,0.343609
107.85,0,1.46455e-47,0.343575
107.86,0,1.44998e-47,0.343541
107.87,0,1.43555e-47,0.343506
107.88,0,1.42127e-47,0.343472
107.89,0,1.40713e-47,0.343438
107.9,0,1.39313e-47,0.343403
107.91,0,1.37926e-47,0.343369
107.92,0,1.36554e-47,0.343335
107.93,0,1.35195e-47,0.3433
107.94,0,1.3385e-47,0.343266
107.95,0,1.32518e-47,0.343232
107.96,0,1.312e-47,0.343197
107.97,0,1.29894e-47,0.343163
107.98,0,1.28602e-47,0.343129
107.99,0,1.27322e-47,0.343094
108,0,1.26055e-47,0.34306
108.01,0,1.24801e-47,0.343026
108.02,0,1.23559e-47,0.342991
108.03,0,1.2233e-47,0.342957
108.04,0,1.21113e-47,0.342923
108.05,0,1.19907e-47,0.342889
108.06,0,1.18714e-47,0.342854
108.07,0,1.17533e-47,0.34282
108.08,0,1.16364e-47,0.342786
108.09,0,1.15206e-47,0.342751
108.1,0,1.14059e-47,0.342717
108.11,0,1.12925e-47,0.342683
108.12,0,1.11801e-47,0.342649
108.13,0,1.10688e-47,0.342614
108.14,0,1.09587e-47,0.34258
108.15,0,1.08497e-47,0.342546
108.16,0,1.07417e-47,0.342512
108.17,0,1.06348e-47,0.342477
108.18,0,1.0529e-47,0.342443
108.19,0,1.04242e-47,0.342409
108.2,0,1.03205e-47,0.342375
108.21,0,1.02178e-47,0.34234
108.22,0,1.01162e-47,0.342306
108.23,0,1.00155e-47,0.342272
108.24,0,9.91585e-48,0.342238
108.25,0,9.81719e-48,0.342204
108.26,0,9.71951e-48,0.342169
108.27,0,9.6228e-48,0.342135
108.28,0,9.52705e-48,0.342101
108.29,0,9.43225e-48,0.342067
108.3,0,9.3384e-48,0.342032
108.31,0,9.24548e-48,0.341998
108.32,0,9.15349e-48,0.341964
108.33,0,9.06241e-48,0.34193
108.34,0,8.97223e-48,0.341896
108.35,0,8.88296e-48,0.341861
108.36,0,8.79457e-48,0.341827
108.37,0,8.70707e-48,0.341793
108.38,0,8.62043e-48,0.341759
108.39,0,8.53465e-48,0.341725
108.4,0,8.44973e-48,0.341691
108.41,0,8.36566e-48,0.341656
108.42,0,8.28242e-48,0.341622
108.43,0,8.20001e-48,0.341588
108.44,0,8.11841e-48,0.341554
108.45,0,8.03763e-48,0.34152
108.46,0,7.95766e-48,0.341486
108.47,0,7.87848e-48,0.341451
108.48,0,7.80009e-48,0.341417
108.49,0,7.72247e-48,0.341383
108.5,0,7.64563e-48,0.341349
108.51,0,7.56956e-48,0.341315
108.52,0,7.49424e-48,0.341281
108.53,0,7.41967e-48,0.341247
108.54,0,7.34584e-48,0.341213
108.55,0,7.27275e-48,0.341178
108.56,0,7.20039e-48,0.341144
108.57,0,7.12874e-48,0.34111
108.58,0,7.05781e-48,0.341076
108.59,0,6.98758e-48,0.341042
108.6,0,6.91806e-48,0.341008
108.61,0,6.84922e-48,0.340974
108.62,0,6.78107e-48,0.34094
108.63,0,6.7136e-48,0.340906
108.64,0,6.6468e-48,0.340872
108.65,0,6.58066e-48,0.340837
108.66,0,6.51518e-48,0.340803
108.67,0,6.45035e-48,0.340769
108.68,0,6.38617e-48,0.340735
108.69,0,6.32263e-48,0.340701
108.7,0,6.25972e-48,0.340667
108.71,0,6.19743e-48,0.340633
108.72,0,6.13577e-48,0.340599
108.73,0,6.07471e-48,0.340565
108.74,0,6.01427e-48,0.340531
108.75,0,5.95443e-48,0.340497
108.76,0,5.89518e-48,0.340463
108.77,0,5.83652e-48,0.340429
108.78,0,5.77845e-48,0.340395
108.79,0,5.72095e-48,0.340361
108.8,0,5.66403e-48,0.340327
108.81,0,5.60767e-48,0.340293
108.82,0,5.55187e-48,0.340258
108.83,0,5.49663e-48,0.340224
108.84,0,5.44194e-48,0.34019
108.85,0,5.38779e-48,0.340156
108.86,0,5.33418e-48,0.340122
108.87,0,5.2811e-48,0.340088
108.88,0,5.22855e-48,0.340054
108.89,0,5.17653e-48,0.34002
108.9,0,5.12502e-48,0.339986
108.91,0,5.07403e-48,0.339952
108.92,0,5.02354e-48,0.339918
108.93,0,4.97355e-48,0.339884
108.94,0,4.92407e-48,0.33985
108.95,0,4.87507e-48,0.339816
108.96,0,4.82656e-48,0.339782
108.97,0,4.77854e-48,0.339748
108.98,0,4.73099e-48,0.339715
108.99,0,4.68392e-48,0.339681
109,0,4.63731e-48,0.339647
109.01,0,4.59117e-48,0.339613
109.02,0,4.54549e-48,0.339579
109.03,0,4.50026e-48,0.339545
109.04,0,4.45548e-48,0.339511
109.05,0,4.41115e-48,0.339477
109.06,0,4.36726e-48,0.339443
109.07,0,4.3238e-48,0.339409
109.08,0,4.28078e-48,0.339375
109.09,0,4.23818e-48,0.339341
109.1,0,4.19601e-48,0.339307
109.11,0,4.15426e-48,0.339273
109.12,0,4.11293e-48,0.339239
109.13,0,4.072e-48,0.339205
109.14,0,4.03149e-48,0.339171
109.15,0,3.99137e-48,0.339137
109.16,0,3.95166e-48,0.339104
109.17,0,3.91234e-48,0.33907
109.18,0,3.87341e-48,0.339036
109.19,0,3.83487e-48,0.339002
109.2,0,3.79671e-48,0.338968
109.21,0,3.75893e-48,0.338934
109.22,0,3.72153e-48,0.3389
109.23,0,3.6845e-48,0.338866
109.24,0,3.64784e-48,0.338832
109.25,0,3.61154e-48,0.338799
109.26,0,3.57561e-48,0.338765
109.27,0,3.54003e-48,0.338731
109.28,0,3.5048e-48,0.338697
109.29,0,3.46993e-48,0.338663
109.3,0,3.4354e-48,0.338629
109.31,0,3.40122e-48,0.338595
109.32,0,3.36738e-48,0.338561
109.33,0,3.33387e-48,0.338528
109.34,0,3.3007e-48,0.338494
109.35,0,3.26786e-48,0.33846
109.36,0,3.23534e-48,0.338426
109.37,0,3.20315e-48,0.338392
109.38,0,3.17128e-48,0.338358
109.39,0,3.13972e-48,0.338325
109.4,0,3.10848e-48,0.338291
109.41,0,3.07755e-48,0.338257
109.42,0,3.04693e-48,0.338223
109.43,0,3.01661e-48,0.338189
109.44,0,2.9866e-48,0.338155
109.45,0,2.95688e-48,0.338122
109.46,0,2.92746e-48,0.338088
109.47,0,2.89833e-48,0.338054
109.48,0,2.86949e-48,0.33802
109.49,0,2.84094e-48,0.337986
109.5,0,2.81267e-48,0.337953
109.51,0,2.78469e-48,0.337919
109.52,0,2.75698e-48,0.337885
109.53,0,2.72954e-48,0.337851
109.54,0,2.70239e-48,0.337817
109.55,0,2.6755e-48,0.337784
109.56,0,2.64887e-48,0.33775
109.57,0,2.62252e-48,0.337716
109.58,0,2.59642e-48,0.337682
109.59,0,2.57059e-48,0.337649
109.6,0,2.54501e-48,0.337615
109.61,0,2.51969e-48,0.337581
109.62,0,2.49462e-48,0.337547
109.63,0,2.46979e-48,0.337514
109.64,0,2.44522e-48,0.33748
109.65,0,2.42089e-48,0.337446
109.66,0,2.3968e-48,0.337412
109.67,0,2.37295e-48,0.337379
109.68,0,2.34934e-48,0.337345
109.69,0,2.32596e-48,0.337311
109.7,0,2.30282e-48,0.337277
109.71,0,2.27991e-48,0.337244
109.72,0,2.25722e-48,0.33721
109.73,0,2.23476e-48,0.337176
109.74,0,2.21253e-48,0.337142
109.75,0,2.19051e-48,0.337109
109.76,0,2.16871e-48,0.337075
109.77,0,2.14714e-48,0.337041
109.78,0,2.12577e-48,0.337008
109.79,0,2.10462e-48,0.336974
109.8,0,2.08368e-48,0.33694
109.81,0,2.06295e-48,0.336907
109.82,0,2.04242e-48,0.336873
109.83,0,2.0221e-48,0.336839
109.84,0,2.00198e-48,0.336806
109.85,0,1.98206e-48,0.336772
109.86,0,1.96233e-48,0.336738
109.87,0,1.94281e-48,0.336704
109.88,0,1.92348e-48,0.336671
109.89,0,1.90434e-48,0.336637
109.9,0,1.88539e-48,0.336603
109.91,0,1.86663e-48,0.33657
109.92,0,1.84806e-48,0.336536
109.93,0,1.82967e-48,0.336503
109.94,0,1.81146e-48,0.336469
109.95,0,1.79344e-48,0.336435
109.96,0,1.77559e-48,0.336402
109.97,0,1.75793e-48,0.336368
109.98,0,1.74043e-48,0.336334
109.99,0,1.72312e-48,0.336301
110,0,1.70597e-48,0.336267
110.01,0,1.689e-48,0.336233
110.02,0,1.67219e-48,0.3362
110.03,0,1.65555e-48,0.336166
110.04,0,1.63908e-48,0.336133
110.05,0,1.62277e-48,0.336099
110.06,0,1.60662e-48,0.336065
110.07,0,1.59064e-48,0.336032
110.08,0,1.57481e-48,0.335998
110.09,0,1.55914e-48,0.335965
110.1,0,1.54363e-48,0.335931
110.11,0,1.52827e-48,0.335897
110.12,0,1.51306e-48,0.335864
110.13,0,1.49801e-48,0.33583
110.14,0,1.4831e-48,0.335797
110.15,0,1.46834e-48,0.335763
110.16,0,1.45373e-48,0.335729
110.17,0,1.43927e-48,0.335696
110.18,0,1.42495e-48,0.335662
110.19,0,1.41077e-48,0.335629
110.2,0,1.39673e-48,0.335595
110.21,0,1.38283e-48,0.335562
110.22,0,1.36907e-48,0.335528
110.23,0,1.35545e-48,0.335495
110.24,0,1.34196e-48,0.335461
110.25,0,1.32861e-48,0.335427
110.26,0,1.31539e-48,0.335394
110.27,0,1.3023e-48,0.33536
110.28,0,1.28935e-48,0.335327
110.29,0,1.27652e-48,0.335293
110.3,0,1.26381e-48,0.33526
110.31,0,1.25124e-48,0.335226
110.32,0,1.23879e-48,0.335193
110.33,0,1.22646e-48,0.335159
110.34,0,1.21426e-48,0.335126
110.35,0,1.20218e-48,0.335092
110.36,0,1.19022e-48,0.335059
110.37,0,1.17837e-48,0.335025
110.38,0,1.16665e-48,0.334992
110.39,0,1.15504e-48,0.334958
110.4,0,1.14355e-48,0.334925
110.41,0,1.13217e-48,0.334891
110.42,0,1.1209e-48,0.334858
110.43,0,1.10975e-48,0.334824
110.44,0,1.09871e-48,0.334791
110.45,0,1.08778e-48,0.334757
110.46,0,1.07695e-48,0.334724
110.47,0,1.06624e-48,0.33469
110.48,0,1.05563e-48,0.334657
110.49,0,1.04512e-48,0.334623
110.5,0,1.03472e-48,0.33459
110.51,0,1.02443e-48,0.334556
110.52,0,1.01424e-48,0.334523
110.53,0,1.00414e-48,0.33449
110.54,0,9.94152e-49,0.334456
110.55,0,9.8426e-49,0.334423
110.56,0,9.74466e-49,0.334389
110.57,0,9.6477e-49,0.334356
110.58,0,9.55171e-49,0.334322
110.59,0,9.45667e-49,0.334289
110.6,0,9.36257e-49,0.334255
110.61,0,9.26941e-49,0.334222
110.62,0,9.17718e-49,0.334189
110.63,0,9.08586e-49,0.334155
110.64,0,8.99546e-49,0.334122
110.65,0,8.90595e-49,0.334088
110.66,0,8.81734e-49,0.334055
110.67,0,8.7296e-49,0.334022
110.68,0,8.64274e-49,0.333988
110.69,0,8.55675e-49,0.333955
110.7,0,8.4716e-49,0.333921
110.71,0,8.38731e-49,0.333888
110.72,0,8.30386e-49,0.333855
110.73,0,8.22123e-49,0.333821
110.74,0,8.13943e-49,0.333788
110.75,0,8.05844e-49,0.333754
110.76,0,7.97826e-49,0.333721
110.77,0,7.89887e-49,0.333688
110.78,0,7.82028e-49,0.333654
110.79,0,7.74246e-49,0.333621
110.8,0,7.66542e-49,0.333588
110.81,0,7.58915e-49,0.333554
110.82,0,7.51364e-49,0.333521
110.83,0,7.43888e-49,0.333488
110.84,0,7.36486e-49,0.333454
110.85,0,7.29158e-49,0.333421
110.86,0,7.21902e-49,0.333388
110.87,0,7.14719e-49,0.333354
110.88,0,7.07608e-49,0.333321
110.89,0,7.00567e-49,0.333288
110.9,0,6.93596e-49,0.333254
110.91,0,6.86695e-49,0.333221
110.92,0,6.79862e-49,0.333188
110.93,0,6.73097e-49,0.333154
110.94,0,6.664e-49,0.333121
110.95,0,6.59769e-49,0.333088
110.96,0,6.53204e-49,0.333054
110.97,0,6.46705e-49,0.333021
110.98,0,6.4027e-49,0.332988
110.99,0,6.33899e-49,0.332954
111,0,6.27592e-49,0.332921
111.01,0,6.21347e-49,0.332888
111.02,0,6.15165e-49,0.332855
111.03,0,6.09044e-49,0.332821
111.04,0,6.02984e-49,0.332788
111.05,0,5.96984e-49,0.332755
111.06,0,5.91044e-49,0.332721
111.07,0,5.85163e-49,0.332688
111.08,0,5.7934e-49,0.332655
111.09,0,5.73576e-49,0.332622
111.1,0,5.67869e-49,0.332588
111.11,0,5.62218e-49,0.332555
111.12,0,5.56624e-49,0.332522
111.13,0,5.51086e-49,0.332489
111.14,0,5.45602e-49,0.332455
111.15,0,5.40173e-49,0.332422
111.16,0,5.34799e-49,0.332389
111.17,0,5.29477e-49,0.332356
111.18,0,5.24209e-49,0.332322
111.19,0,5.18993e-49,0.332289
111.2,0,5.13829e-49,0.332256
111.21,0,5.08716e-49,0.332223
111.22,0,5.03654e-49,0.33219
111.23,0,4.98643e-49,0.332156
111.24,0,4.93681e-49,0.332123
111.25,0,4.88769e-49,0.33209
111.26,0,4.83906e-49,0.332057
111.27,0,4.79091e-49,0.332023
111.28,0,4.74324e-49,0.33199
111.29,0,4.69604e-49,0.331957
111.3,0,4.64931e-49,0.331924
111.31,0,4.60305e-49,0.331891
111.32,0,4.55725e-49,0.331857
111.33,0,4.51191e-49,0.331824
111.34,0,4.46701e-49,0.331791
111.35,0,4.42257e-49,0.331758
111.36,0,4.37856e-49,0.331725
111.37,0,4.33499e-49,0.331692
111.38,0,4.29186e-49,0.331658
111.39,0,4.24915e-49,0.331625
111.4,0,4.20687e-49,0.331592
111.41,0,4.16502e-49,0.331559
111.42,0,4.12357e-49,0.331526
111.43,0,4.08254e-49,0.331493
111.44,0,4.04192e-49,0.331459
111.45,0,4.0017e-49,0.331426
111.46,0,3.96188e-49,0.331393
111.47,0,3.92246e-49,0.33136
111.48,0,3.88343e-49,0.331327
111.49,0,3.84479e-49,0.331294
111.5,0,3.80654e-49,0.331261
111.51,0,3.76866e-49,0.331228
111.52,0,3.73116e-49,0.331194
111.53,0,3.69404e-49,0.331161
111.54,0,3.65728e-49,0.331128
111.55,0,3.62089e-49,0.331095
111.56,0,3.58486e-49,0.331062
111.57,0,3.54919e-49,0.331029
111.58,0,3.51388e-49,0.330996
111.59,0,3.47891e-49,0.330963
111.6,0,3.4443e-49,0.33093
111.61,0,3.41003e-49,0.330896
111.62,0,3.3761e-49,0.330863
111.63,0,3.3425e-49,0.33083
111.64,0,3.30924e-49,0.330797
111.65,0,3.27632e-49,0.330764
111.66,0,3.24372e-49,0.330731
111.67,0,3.21144e-49,0.330698
111.68,0,3.17949e-49,0.330665
111.69,0,3.14785e-49,0.330632
111.7,0,3.11653e-49,0.330599
111.71,0,3.08552e-49,0.330566
111.72,0,3.05482e-49,0.330533
111.73,0,3.02442e-49,0.3305
111.74,0,2.99433e-49,0.330467
111.75,0,2.96453e-49,0.330434
111.76,0,2.93504e-49,0.330401
111.77,0,2.90583e-49,0.330367
111.78,0,2.87692e-49,0.330334
111.79,0,2.84829e-49,0.330301
111.8,0,2.81995e-49,0.330268
111.81,0,2.79189e-49,0.330235
111.82,0,2.76411e-49,0.330202
111.83,0,2.73661e-49,0.330169
111.84,0,2.70938e-49,0.330136
111.85,0,2.68242e-49,0.330103
111.86,0,2.65573e-49,0.33007
111.87,0,2.62931e-49,0.330037
111.88,0,2.60314e-49,0.330004
111.89,0,2.57724e-49,0.329971
111.9,0,2.5516e-49,0.329938
111.91,0,2.52621e-49,0.329905
111.92,0,2.50107e-49,0.329872
111.93,0,2.47619e-49,0.329839
111.94,0,2.45155e-49,0.329806
111.95,0,2.42716e-49,0.329773
111.96,0,2.403e-49,0.32974
111.97,0,2.37909e-49,0.329707
111.98,0,2.35542e-49,0.329674
111.99,0,2.33199e-49,0.329641
112,0,2.30878e-49,0.329609
112.01,0,2.28581e-49,0.329576
112.02,0,2.26306e-49,0.329543
112.03,0,2.24055e-49,0.32951
112.04,0,2.21825e-49,0.329477
112.05,0,2.19618e-49,0.329444
112.06,0,2.17433e-49,0.329411
112.07,0,2.15269e-49,0.329378
112.08,0,2.13127e-49,0.329345
112.09,0,2.11007e-49,0.329312
112.1,0,2.08907e-49,0.329279
112.11,0,2.06829e-49,0.329246
112.12,0,2.04771e-49,0.329213
112.13,0,2.02733e-49,0.32918
112.14,0,2.00716e-49,0.329147
112.15,0,1.98719e-49,0.329114
112.16,0,1.96741e-49,0.329082
112.17,0,1.94784e-49,0.329049
112.18,0,1.92846e-49,0.329016
112.19,0,1.90927e-49,0.328983
112.2,0,1.89027e-49,0.32895
112.21,0,1.87146e-49,0.328917
112.22,0,1.85284e-49,0.328884
112.23,0,1.8344e-49,0.328851
112.24,0,1.81615e-49,0.328818
112.25,0,1.79808e-49,0.328786
112.26,0,1.78019e-49,0.328753
112.27,0,1.76248e-49,0.32872
112.28,0,1.74494e-49,0.328687
112.29,0,1.72758e-49,0.328654
112.3,0,1.71039e-49,0.328621
112.31,0,1.69337e-49,0.328588
112.32,0,1.67652e-49,0.328555
112.33,0,1.65984e-49,0.328523
112.34,0,1.64332e-49,0.32849
112.35,0,1.62697e-49,0.328457
112.36,0,1.61078e-49,0.328424
112.37,0,1.59475e-49,0.328391
112.38,0,1.57889e-49,0.328358
112.39,0,1.56318e-49,0.328326
112.4,0,1.54762e-49,0.328293
112.41,0,1.53222e-49,0.32826
112.42,0,1.51698e-49,0.328227
112.43,0,1.50188e-49,0.328194
112.44,0,1.48694e-49,0.328161
112.45,0,1.47214e-49,0.328129
112.46,0,1.4575e-49,0.328096
112.47,0,1.44299e-49,0.328063
112.48,0,1.42864e-49,0.32803
112.49,0,1.41442e-49,0.327997
112.5,0,1.40035e-49,0.327965
112.51,0,1.38641e-49,0.327932
112.52,0,1.37262e-49,0.327899
112.53,0,1.35896e-49,0.327866
112.54,0,1.34544e-49,0.327833
112.55,0,1.33205e-49,0.327801
112.56,0,1.3188e-49,0.327768
112.57,0,1.30567e-49,0.327735
112.58,0,1.29268e-49,0.327702
112.59,0,1.27982e-49,0.32767
112.6,0,1.26709e-49,0.327637
112.61,0,1.25448e-49,0.327604
112.62,0,1.242e-49,0.327571
112.63,0,1.22964e-49,0.327539
112.64,0,1.2174e-49,0.327506
112.65,0,1.20529e-49,0.327473
112.66,0,1.1933e-49,0.32744
112.67,0,1.18142e-49,0.327408
112.68,0,1.16967e-49,0.327375
112.69,0,1.15803e-49,0.327342
112.7,0,1.14651e-49,0.327309
112.71,0,1.1351e-49,0.327277
112.72,0,1.1238e-49,0.327244
112.73,0,1.11262e-49,0.327211
112.74,0,1.10155e-49,0.327178
112.75,0,1.09059e-49,0.327146
112.76,0,1.07974e-49,0.327113
112.77,0,1.069e-49,0.32708
112.78,0,1.05836e-49,0.327048
112.79,0,1.04783e-49,0.327015
112.8,0,1.0374e-49,0.326982
112.81,0,1.02708e-49,0.326949
112.82,0,1.01686e-49,0.326917
112.83,0,1.00674e-49,0.326884
112.84,0,9.96725e-50,0.326851
112.85,0,9.86808e-50,0.326819
112.86,0,9.76989e-50,0.326786
112.87,0,9.67268e-50,0.326753
112.88,0,9.57643e-50,0.326721
112.89,0,9.48114e-50,0.326688
112.9,0,9.38681e-50,0.326655
112.91,0,9.2934e-50,0.326623
112.92,0,9.20093e-50,0.32659
112.93,0,9.10938e-50,0.326557
112.94,0,9.01874e-50,0.326525
112.95,0,8.92901e-50,0.326492
112.96,0,8.84016e-50,0.326459
112.97,0,8.7522e-50,0.326427
112.98,0,8.66511e-50,0.326394
112.99,0,8.57889e-50,0.326361
113,0,8.49353e-50,0.326329
113.01,0,8.40902e-50,0.326296
113.02,0,8.32535e-50,0.326264
113.03,0,8.24251e-50,0.326231
113.04,0,8.1605e-50,0.326198
113.05,0,8.0793e-50,0.326166
113.06,0,7.99891e-50,0.326133
113.07,0,7.91932e-50,0.326101
113.08,0,7.84052e-50,0.326068
113.09,0,7.7625e-50,0.326035
113.1,0,7.68527e-50,0.326003
113.11,0,7.6088e-50,0.32597
113.12,0,7.53309e-50,0.325937
113.13,0,7.45813e-50,0.325905
113.14,0,7.38392e-50,0.325872
113.15,0,7.31045e-50,0.32584
113.16,0,7.23771e-50,0.325807
113.17,0,7.16569e-50,0.325775
113.18,0,7.09439e-50,0.325742
113.19,0,7.0238e-50,0.325709
113.2,0,6.95392e-50,0.325677
113.21,0,6.88472e-50,0.325644
113.22,0,6.81622e-50,0.325612
113.23,0,6.7484e-50,0.325579
113.24,0,6.68125e-50,0.325547
113.25,0,6.61477e-50,0.325514
113.26,0,6.54895e-50,0.325481
113.27,0,6.48379e-50,0.325449
113.28,0,6.41927e-50,0.325416
113.29,0,6.3554e-50,0.325384
113.3,0,6.29216e-50,0.325351
113.31,0,6.22956e-50,0.325319
113.32,0,6.16757e-50,0.325286
113.33,0,6.1062e-50,0.325254
113.34,0,6.04544e-50,0.325221
113.35,0,5.98529e-50,0.325189
113.36,0,5.92574e-50,0.325156
113.37,0,5.86677e-50,0.325124
113.38,0,5.8084e-50,0.325091
113.39,0,5.7506e-50,0.325059
113.4,0,5.69339e-50,0.325026
113.41,0,5.63673e-50,0.324994
113.42,0,5.58065e-50,0.324961
113.43,0,5.52512e-50,0.324929
113.44,0,5.47014e-50,0.324896
113.45,0,5.41572e-50,0.324864
113.46,0,5.36183e-50,0.324831
113.47,0,5.30848e-50,0.324799
113.48,0,5.25566e-50,0.324766
113.49,0,5.20336e-50,0.324734
113.5,0,5.15159e-50,0.324701
113.51,0,5.10033e-50,0.324669
113.52,0,5.04958e-50,0.324636
113.53,0,4.99934e-50,0.324604
113.54,0,4.94959e-50,0.324571
113.55,0,4.90034e-50,0.324539
113.56,0,4.85158e-50,0.324507
113.57,0,4.80331e-50,0.324474
113.58,0,4.75551e-50,0.324442
113.59,0,4.7082e-50,0.324409
113.6,0,4.66135e-50,0.324377
113.61,0,4.61497e-50,0.324344
113.62,0,4.56905e-50,0.324312
113.63,0,4.52359e-50,0.324279
113.64,0,4.47858e-50,0.324247
113.65,0,4.43401e-50,0.324215
113.66,0,4.38989e-50,0.324182
113.67,0,4.34621e-50,0.32415
113.68,0,4.30297e-50,0.324117
113.69,0,4.26015e-50,0.324085
113.7,0,4.21776e-50,0.324053
113.71,0,4.1758e-50,0.32402
113.72,0,4.13425e-50,0.323988
113.73,0,4.09311e-50,0.323955
113.74,0,4.05238e-50,0.323923
113.75,0,4.01206e-50,0.323891
113.76,0,3.97214e-50,0.323858
113.77,0,3.93262e-50,0.323826
113.78,0,3.89349e-50,0.323793
113.79,0,3.85475e-50,0.323761
113.8,0,3.81639e-50,0.323729
113.81,0,3.77842e-50,0.323696
113.82,0,3.74082e-50,0.323664
113.83,0,3.7036e-50,0.323632
113.84,0,3.66675e-50,0.323599
113.85,0,3.63026e-50,0.323567
113.86,0,3.59414e-50,0.323534
113.87,0,3.55838e-50,0.323502
113.88,0,3.52297e-50,0.32347
113.89,0,3.48792e-50,0.323437
113.9,0,3.45321e-50,0.323405
113.91,0,3.41885e-50,0.323373
113.92,0,3.38483e-50,0.32334
113.93,0,3.35115e-50,0.323308
113.94,0,3.31781e-50,0.323276
113.95,0,3.2848e-50,0.323243
113.96,0,3.25211e-50,0.323211
113.97,0,3.21975e-50,0.323179
113.98,0,3.18772e-50,0.323146
113.99,0,3.156e-50,0.323114
114,0,3.1246e-50,0.323082
114.01,0,3.09351e-50,0.32305
114.02,0,3.06272e-50,0.323017
114.03,0,3.03225e-50,0.322985
114.04,0,3.00208e-50,0.322953
114.05,0,2.97221e-50,0.32292
114.06,0,2.94263e-50,0.322888
114.07,0,2.91335e-50,0.322856
114.08,0,2.88437e-50,0.322823
114.09,0,2.85567e-50,0.322791
114.1,0,2.82725e-50,0.322759
114.11,0,2.79912e-50,0.322727
114.12,0,2.77127e-50,0.322694
114.13,0,2.74369e-50,0.322662
114.14,0,2.71639e-50,0.32263
114.15,0,2.68936e-50,0.322598
114.16,0,2.66261e-50,0.322565
114.17,0,2.63611e-50,0.322533
114.18,0,2.60988e-50,0.322501
114.19,0,2.58391e-50,0.322469
114.2,0,2.5582e-50,0.322436
114.21,0,2.53275e-50,0.322404
114.22,0,2.50755e-50,0.322372
114.23,0,2.4826e-50,0.32234
114.24,0,2.45789e-50,0.322307
114.25,0,2.43344e-50,0.322275
114.26,0,2.40922e-50,0.322243
114.27,0,2.38525e-50,0.322211
114.28,0,2.36152e-50,0.322178
114.29,0,2.33802e-50,0.322146
114.3,0,2.31476e-50,0.322114
114.31,0,2.29173e-50,0.322082
114.32,0,2.26892e-50,0.32205
114.33,0,2.24635e-50,0.322017
114.34,0,2.22399e-50,0.321985
114.35,0,2.20187e-50,0.321953
114.36,0,2.17996e-50,0.321921
114.37,0,2.15827e-50,0.321889
114.38,0,2.13679e-50,0.321856
114.39,0,2.11553e-50,0.321824
114.4,0,2.09448e-50,0.321792
114.41,0,2.07364e-50,0.32176
114.42,0,2.05301e-50,0.321728
114.43,0,2.03258e-50,0.321696
114.44,0,2.01235e-50,0.321663
114.45,0,1.99233e-50,0.321631
114.46,0,1.97251e-50,0.321599
114.47,0,1.95288e-50,0.321567
114.48,0,1.93345e-50,0.321535
114.49,0,1.91421e-50,0.321503
114.5,0,1.89516e-50,0.32147
114.51,0,1.87631e-50,0.321438
114.52,0,1.85764e-50,0.321406
114.53,0,1.83915e-50,0.321374
114.54,0,1.82085e-50,0.321342
114.55,0,1.80274e-50,0.32131
114.56,0,1.7848e-50,0.321278
114.57,0,1.76704e-50,0.321245
114.58,0,1.74946e-50,0.321213
114.59,0,1.73205e-50,0.321181
114.6,0,1.71481e-50,0.321149
114.61,0,1.69775e-50,0.321117
114.62,0,1.68086e-50,0.321085
114.63,0,1.66413e-50,0.321053
114.64,0,1.64758e-50,0.321021
114.65,0,1.63118e-50,0.320989
114.66,0,1.61495e-50,0.320957
114.67,0,1.59888e-50,0.320924
114.68,0,1.58297e-50,0.320892
114.69,0,1.56722e-50,0.32086
114.7,0,1.55163e-50,0.320828
114.71,0,1.53619e-50,0.320796
114.72,0,1.5209e-50,0.320764
114.73,0,1.50577e-50,0.320732
114.74,0,1.49079e-50,0.3207
114.75,0,1.47595e-50,0.320668
114.76,0,1.46127e-50,0.320636
114.77,0,1.44673e-50,0.320604
114.78,0,1.43233e-50,0.320572
114.79,0,1.41808e-50,0.32054
114.8,0,1.40397e-50,0.320507
114.81,0,1.39e-50,0.320475
114.82,0,1.37617e-50,0.320443
114.83,0,1.36248e-50,0.320411
114.84,0,1.34892e-50,0.320379
114.85,0,1.3355e-50,0.320347
114.86,0,1.32221e-50,0.320315
114.87,0,1.30905e-50,0.320283
114.88,0,1.29603e-50,0.320251
114.89,0,1.28313e-50,0.320219
114.9,0,1.27037e-50,0.320187
114.91,0,1.25773e-50,0.320155
114.92,0,1.24521e-50,0.320123
114.93,0,1.23282e-50,0.320091
114.94,0,1.22055e-50,0.320059
114.95,0,1.20841e-50,0.320027
114.96,0,1.19639e-50,0.319995
114.97,0,1.18448e-50,0.319963
114.98,0,1.1727e-50,0.319931
114.99,0,1.16103e-50,0.319899
115,0,1.14947e-50,0.319867
115.01,0,1.13804e-50,0.319835
115.02,0,1.12671e-50,0.319803
115.03,0,1.1155e-50,0.319771
115.04,0,1.1044e-50,0.319739
115.05,0,1.09341e-50,0.319707
115.06,0,1.08253e-50,0.319675
115.07,0,1.07176e-50,0.319643
115.08,0,1.0611e-50,0.319611
115.09,0,1.05054e-50,0.319579
115.1,0,1.04009e-50,0.319547
115.11,0,1.02974e-50,0.319515
115.12,0,1.01949e-50,0.319483
115.13,0,1.00935e-50,0.319452
115.14,0,9.99305e-51,0.31942
115.15,0,9.89362e-51,0.319388
115.16,0,9.79518e-51,0.319356
115.17,0,9.69771e-51,0.319324
115.18,0,9.60122e-51,0.319292
115.19,0,9.50569e-51,0.31926
115.2,0,9.4111e-51,0.319228
115.21,0,9.31746e-51,0.319196
115.22,0,9.22475e-51,0.319164
115.23,0,9.13296e-51,0.319132
115.24,0,9.04209e-51,0.3191
115.25,0,8.95212e-51,0.319068
115.26,0,8.86304e-51,0.319037
115.27,0,8.77485e-51,0.319005
115.28,0,8.68754e-51,0.318973
115.29,0,8.6011e-51,0.318941
115.3,0,8.51552e-51,0.318909
115.31,0,8.43079e-51,0.318877
115.32,0,8.3469e-51,0.318845
115.33,0,8.26385e-51,0.318813
115.34,0,8.18162e-51,0.318781
115.35,0,8.10021e-51,0.31875
115.36,0,8.01961e-51,0.318718
115.37,0,7.93982e-51,0.318686
115.38,0,7.86081e-51,0.318654
115.39,0,7.7826e-51,0.318622
115.4,0,7.70516e-51,0.31859
115.41,0,7.62849e-51,0.318558
115.42,0,7.55259e-51,0.318526
115.43,0,7.47744e-51,0.318495
115.44,0,7.40304e-51,0.318463
115.45,0,7.32937e-51,0.318431
115.46,0,7.25645e-51,0.318399
115.47,0,7.18424e-51,0.318367
115.48,0,7.11276e-51,0.318335
115.49,0,7.04198e-51,0.318304
115.5,0,6.97192e-51,0.318272
115.51,0,6.90254e-51,0.31824
115.52,0,6.83386e-51,0.318208
115.53,0,6.76586e-51,0.318176
115.54,0,6.69854e-51,0.318144
115.55,0,6.63189e-51,0.318113
115.56,0,6.5659e-51,0.318081
115.57,0,6.50057e-51,0.318049
115.58,0,6.43589e-51,0.318017
115.59,0,6.37185e-51,0.317985
115.6,0,6.30845e-51,0.317954
115.61,0,6.24568e-51,0.317922
115.62,0,6.18353e-51,0.31789
115.63,0,6.12201e-51,0.317858
115.64,0,6.06109e-51,0.317826
115.65,0,6.00078e-51,0.317795
115.66,0,5.94107e-51,0.317763
115.67,0,5.88196e-51,0.317731
115.68,0,5.82343e-51,0.317699
115.69,0,5.76549e-51,0.317668
115.7,0,5.70812e-51,0.317636
115.71,0,5.65133e-51,0.317604
115.72,0,5.59509e-51,0.317572
115.73,0,5.53942e-51,0.317541
115.74,0,5.4843e-51,0.317509
115.75,0,5.42973e-51,0.317477
115.76,0,5.37571e-51,0.317445
115.77,0,5.32222e-51,0.317414
115.78,0,5.26926e-51,0.317382
115.79,0,5.21683e-51,0.31735
115.8,0,5.16492e-51,0.317318
115.81,0,5.11353e-51,0.317287
115.82,0,5.06265e-51,0.317255
115.83,0,5.01228e-51,0.317223
115.84,0,4.9624e-51,0.317191
115.85,0,4.91303e-51,0.31716
115.86,0,4.86414e-51,0.317128
115.87,0,4.81574e-51,0.317096
115.88,0,4.76782e-51,0.317065
115.89,0,4.72038e-51,0.317033
115.9,0,4.67342e-51,0.317001
115.91,0,4.62691e-51,0.31697
115.92,0,4.58088e-51,0.316938
115.93,0,4.53529e-51,0.316906
115.94,0,4.49017e-51,0.316874
115.95,0,4.44549e-51,0.316843
115.96,0,4.40126e-51,0.316811
115.97,0,4.35746e-51,0.316779
115.98,0,4.31411e-51,0.316748
115.99,0,4.27118e-51,0.316716
116,0,4.22868e-51,0.316684
116.01,0,4.1866e-51,0.316653
116.02,0,4.14495e-51,0.316621
116.03,0,4.1037e-51,0.316589
116.04,0,4.06287e-51,0.316558
116.05,0,4.02245e-51,0.316526
116.06,0,3.98242e-51,0.316494
116.07,0,3.9428e-51,0.316463
116.08,0,3.90356e-51,0.316431
116.09,0,3.86472e-51,0.316399
116.1,0,3.82627e-51,0.316368
116.11,0,3.7882e-51,0.316336
116.12,0,3.7505e-51,0.316305
116.13,0,3.71319e-51,0.316273
116.14,0,3.67624e-51,0.316241
116.15,0,3.63966e-51,0.31621
116.16,0,3.60344e-51,0.316178
116.17,0,3.56759e-51,0.316146
116.18,0,3.53209e-51,0.316115
116.19,0,3.49695e-51,0.316083
116.2,0,3.46215e-51,0.316052
116.21,0,3.4277e-51,0.31602
116.22,0,3.3936e-51,0.315988
116.23,0,3.35983e-51,0.315957
116.24,0,3.3264e-51,0.315925
116.25,0,3.2933e-51,0.315894
116.26,0,3.26053e-51,0.315862
116.27,0,3.22809e-51,0.31583
116.28,0,3.19597e-51,0.315799
116.29,0,3.16417e-51,0.315767
116.3,0,3.13268e-51,0.315736
116.31,0,3.10151e-51,0.315704
116.32,0,3.07065e-51,0.315673
116.33,0,3.0401e-51,0.315641
116.34,0,3.00985e-51,0.315609
116.35,0,2.9799e-51,0.315578
116.36,0,2.95025e-51,0.315546
116.37,0,2.9209e-51,0.315515
116.38,0,2.89183e-51,0.315483
116.39,0,2.86306e-51,0.315452
116.4,0,2.83457e-51,0.31542
116.41,0,2.80637e-51,0.315389
116.42,0,2.77844e-51,0.315357
116.43,0,2.7508e-51,0.315326
116.44,0,2.72342e-51,0.315294
116.45,0,2.69633e-51,0.315262
116.46,0,2.6695e-51,0.315231
116.47,0,2.64294e-51,0.315199
116.48,0,2.61664e-51,0.315168
116.49,0,2.5906e-51,0.315136
116.5,0,2.56482e-51,0.315105
116.51,0,2.5393e-51,0.315073
116.52,0,2.51404e-51,0.315042
116.53,0,2.48902e-51,0.31501
116.54,0,2.46426e-51,0.314979
116.55,0,2.43974e-51,0.314947
116.56,0,2.41546e-51,0.314916
116.57,0,2.39143e-51,0.314884
116.58,0,2.36763e-51,0.314853
116.59,0,2.34407e-51,0.314821
116.6,0,2.32075e-51,0.31479
116.61,0,2.29766e-51,0.314758
116.62,0,2.2748e-51,0.314727
116.63,0,2.25216e-51,0.314696
116.64,0,2.22975e-51,0.314664
116.65,0,2.20756e-51,0.314633
116.66,0,2.1856e-51,0.314601
116.67,0,2.16385e-51,0.31457
116.68,0,2.14232e-51,0.314538
116.69,0,2.12101e-51,0.314507
116.7,0,2.0999e-51,0.314475
116.71,0,2.07901e-51,0.314444
116.72,0,2.05832e-51,0.314412
116.73,0,2.03784e-51,0.314381
116.74,0,2.01756e-51,0.31435
116.75,0,1.99749e-51,0.314318
116.76,0,1.97761e-51,0.314287
116.77,0,1.95793e-51,0.314255
116.78,0,1.93845e-51,0.314224
116.79,0,1.91916e-51,0.314192
116.8,0,1.90007e-51,0.314161
116.81,0,1.88116e-51,0.31413
116.82,0,1.86244e-51,0.314098
116.83,0,1.84391e-51,0.314067
116.84,0,1.82557e-51,0.314035
116.85,0,1.8074e-51,0.314004
116.86,0,1.78942e-51,0.313973
116.87,0,1.77161e-51,0.313941
116.88,0,1.75398e-51,0.31391
116.89,0,1.73653e-51,0.313878
116.9,0,1.71925e-51,0.313847
116.91,0,1.70215e-51,0.313816
116.92,0,1.68521e-51,0.313784
116.93,0,1.66844e-51,0.313753
116.94,0,1.65184e-51,0.313721
116.95,0,1.6354e-51,0.31369
116.96,0,1.61913e-51,0.313659
116.97,0,1.60302e-51,0.313627
116.98,0,1.58707e-51,0.313596
116.99,0,1.57128e-51,0.313565
117,0,1.55564e-51,0.313533
117.01,0,1.54017e-51,0.313502
117.02,0,1.52484e-51,0.313471
117.03,0,1.50967e-51,0.313439
117.04,0,1.49465e-51,0.313408
117.05,0,1.47978e-51,0.313377
117.06,0,1.46505e-51,0.313345
117.07,0,1.45047e-51,0.313314
117.08,0,1.43604e-51,0.313283
117.09,0,1.42175e-51,0.313251
117.1,0,1.40761e-51,0.31322
117.11,0,1.3936e-51,0.313189
117.12,0,1.37973e-51,0.313157
117.13,0,1.366e-51,0.313126
117.14,0,1.35241e-51,0.313095
117.15,0,1.33896e-51,0.313063
117.16,0,1.32563e-51,0.313032
117.17,0,1.31244e-51,0.313001
117.18,0,1.29938e-51,0.312969
117.19,0,1.28645e-51,0.312938
117.2,0,1.27365e-51,0.312907
117.21,0,1.26098e-51,0.312876
117.22,0,1.24843e-51,0.312844
117.23,0,1.23601e-51,0.312813
117.24,0,1.22371e-51,0.312782
117.25,0,1.21154e-51,0.31275
117.26,0,1.19948e-51,0.312719
117.27,0,1.18755e-51,0.312688
117.28,0,1.17573e-51,0.312657
117.29,0,1.16403e-51,0.312625
117.3,0,1.15245e-51,0.312594
117.31,0,1.14098e-51,0.312563
117.32,0,1.12963e-51,0.312532
117.33,0,1.11839e-51,0.3125
117.34,0,1.10726e-51,0.312469
117.35,0,1.09624e-51,0.312438
117.36,0,1.08534e-51,0.312407
117.37,0,1.07454e-51,0.312375
117.38,0,1.06385e-51,0.312344
117.39,0,1.05326e-51,0.312313
117.4,0,1.04278e-51,0.312282
117.41,0,1.0324e-51,0.31225
117.42,0,1.02213e-51,0.312219
117.43,0,1.01196e-51,0.312188
117.44,0,1.00189e-51,0.312157
117.45,0,9.91923e-52,0.312126
117.46,0,9.82053e-52,0.312094
117.47,0,9.72281e-52,0.312063
117.48,0,9.62607e-52,0.312032
117.49,0,9.53029e-52,0.312001
117.5,0,9.43546e-52,0.31197
117.51,0,9.34158e-52,0.311938
117.52,0,9.24863e-52,0.311907
117.53,0,9.1566e-52,0.311876
117.54,0,9.06549e-52,0.311845
117.55,0,8.97529e-52,0.311814
117.56,0,8.88598e-52,0.311782
117.57,0,8.79757e-52,0.311751
117.58,0,8.71003e-52,0.31172
117.59,0,8.62336e-52,0.311689
117.6,0,8.53756e-52,0.311658
117.61,0,8.45261e-52,0.311627
117.62,0,8.3685e-52,0.311595
117.63,0,8.28524e-52,0.311564
117.64,0,8.2028e-52,0.311533
117.65,0,8.12118e-52,0.311502
117.66,0,8.04037e-52,0.311471
117.67,0,7.96037e-52,0.31144
117.68,0,7.88116e-52,0.311409
117.69,0,7.80274e-52,0.311377
117.7,0,7.7251e-52,0.311346
117.71,0,7.64824e-52,0.311315
117.72,0,7.57214e-52,0.311284
117.73,0,7.49679e-52,0.311253
117.74,0,7.4222e-52,0.311222
117.75,0,7.34835e-52,0.311191
117.76,0,7.27523e-52,0.311159
117.77,0,7.20284e-52,0.311128
117.78,0,7.13117e-52,0.311097
117.79,0,7.06021e-52,0.311066
117.8,0,6.98996e-52,0.311035
117.81,0,6.92041e-52,0.311004
117.82,0,6.85155e-52,0.310973
117.83,0,6.78338e-52,0.310942
117.84,0,6.71588e-52,0.310911
117.85,0,6.64906e-52,0.31088
117.86,0,6.5829e-52,0.310848
117.87,0,6.5174e-52,0.310817
117.88,0,6.45255e-52,0.310786
117.89,0,6.38834e-52,0.310755
117.9,0,6.32478e-52,0.310724
117.91,0,6.26185e-52,0.310693
117.92,0,6.19954e-52,0.310662
117.93,0,6.13785e-52,0.310631
117.94,0,6.07678e-52,0.3106
117.95,0,6.01632e-52,0.310569
117.96,0,5.95645e-52,0.310538
117.97,0,5.89719e-52,0.310507
117.98,0,5.83851e-52,0.310476
117.99,0,5.78041e-52,0.310445
118,0,5.7229e-52,0.310414
118.01,0,5.66595e-52,0.310383
118.02,0,5.60958e-52,0.310352
118.03,0,5.55376e-52,0.31032
118.04,0,5.4985e-52,0.310289
118.05,0,5.44379e-52,0.310258
118.06,0,5.38962e-52,0.310227
118.07,0,5.33599e-52,0.310196
118.08,0,5.2829e-52,0.310165
118.09,0,5.23033e-52,0.310134
118.1,0,5.17829e-52,0.310103
118.11,0,5.12677e-52,0.310072
118.12,0,5.07575e-52,0.310041
118.13,0,5.02525e-52,0.31001
118.14,0,4.97525e-52,0.309979
118.15,0,4.92574e-52,0.309948
118.16,0,4.87673e-52,0.309917
118.17,0,4.82821e-52,0.309886
118.18,0,4.78017e-52,0.309855
118.19,0,4.7326e-52,0.309824
118.2,0,4.68551e-52,0.309793
118.21,0,4.63889e-52,0.309762
118.22,0,4.59273e-52,0.309731
118.23,0,4.54703e-52,0.3097
118.24,0,4.50179e-52,0.30967
118.25,0,4.457e-52,0.309639
118.26,0,4.41265e-52,0.309608
118.27,0,4.36874e-52,0.309577
118.28,0,4.32527e-52,0.309546
118.29,0,4.28224e-52,0.309515
118.3,0,4.23963e-52,0.309484
118.31,0,4.19744e-52,0.309453
118.32,0,4.15568e-52,0.309422
118.33,0,4.11433e-52,0.309391
118.34,0,4.07339e-52,0.30936
118.35,0,4.03286e-52,0.309329
118.36,0,3.99273e-52,0.309298
118.37,0,3.953e-52,0.309267
118.38,0,3.91367e-52,0.309236
118.39,0,3.87473e-52,0.309205
118.4,0,3.83617e-52,0.309174
118.41,0,3.798e-52,0.309144
118.42,0,3.76021e-52,0.309113
118.43,0,3.7228e-52,0.309082
118.44,0,3.68575e-52,0.309051
118.45,0,3.64908e-52,0.30902
118.46,0,3.61277e-52,0.308989
118.47,0,3.57682e-52,0.308958
118.48,0,3.54123e-52,0.308927
118.49,0,3.506e-52,0.308896
118.5,0,3.47111e-52,0.308865
118.51,0,3.43657e-52,0.308835
118.52,0,3.40238e-52,0.308804
118.53,0,3.36853e-52,0.308773
118.54,0,3.33501e-52,0.308742
118.55,0,3.30182e-52,0.308711
118.56,0,3.26897e-52,0.30868
118.57,0,3.23644e-52,0.308649
118.58,0,3.20424e-52,0.308618
118.59,0,3.17236e-52,0.308588
118.6,0,3.14079e-52,0.308557
118.61,0,3.10954e-52,0.308526
118.62,0,3.0786e-52,0.308495
118.63,0,3.04797e-52,0.308464
118.64,0,3.01764e-52,0.308433
118.65,0,2.98761e-52,0.308402
118.66,0,2.95789e-52,0.308372
118.67,0,2.92846e-52,0.308341
118.68,0,2.89932e-52,0.30831
118.69,0,2.87047e-52,0.308279
118.7,0,2.84191e-52,0.308248
118.71,0,2.81363e-52,0.308217
118.72,0,2.78563e-52,0.308187
118.73,0,2.75792e-52,0.308156
118.74,0,2.73047e-52,0.308125
118.75,0,2.70331e-52,0.308094
118.76,0,2.67641e-52,0.308063
118.77,0,2.64978e-52,0.308033
118.78,0,2.62341e-52,0.308002
118.79,0,2.59731e-52,0.307971
118.8,0,2.57146e-52,0.30794
118.81,0,2.54588e-52,0.307909
118.82,0,2.52055e-52,0.307879
118.83,0,2.49547e-52,0.307848
118.84,0,2.47063e-52,0.307817
118.85,0,2.44605e-52,0.307786
118.86,0,2.42171e-52,0.307755
118.87,0,2.39762e-52,0.307725
118.88,0,2.37376e-52,0.307694
118.89,0,2.35014e-52,0.307663
118.9,0,2.32676e-52,0.307632
118.91,0,2.3036e-52,0.307602
118.92,0,2.28068e-52,0.307571
118.93,0,2.25799e-52,0.30754
118.94,0,2.23552e-52,0.307509
118.95,0,2.21328e-52,0.307479
118.96,0,2.19126e-52,0.307448
118.97,0,2.16945e-52,0.307417
118.98,0,2.14787e-52,0.307386
118.99,0,2.1265e-52,0.307356
119,0,2.10534e-52,0.307325
119.01,0,2.08439e-52,0.307294
119.02,0,2.06365e-52,0.307263
119.03,0,2.04311e-52,0.307233
119.04,0,2.02278e-52,0.307202
119.05,0,2.00266e-52,0.307171
119.06,0,1.98273e-52,0.307141
119.07,0,1.963e-52,0.30711
119.08,0,1.94347e-52,0.307079
119.09,0,1.92413e-52,0.307048
119.1,0,1.90499e-52,0.307018
119.11,0,1.88603e-52,0.306987
119.12,0,1.86727e-52,0.306956
119.13,0,1.84869e-52,0.306926
119.14,0,1.83029e-52,0.306895
119.15,0,1.81208e-52,0.306864
119.16,0,1.79405e-52,0.306834
119.17,0,1.7762e-52,0.306803
119.18,0,1.75852e-52,0.306772
119.19,0,1.74103e-52,0.306742
119.2,0,1.7237e-52,0.306711
119.21,0,1.70655e-52,0.30668
119.22,0,1.68957e-52,0.30665
119.23,0,1.67276e-52,0.306619
119.24,0,1.65612e-52,0.306588
119.25,0,1.63964e-52,0.306558
119.26,0,1.62332e-52,0.306527
119.27,0,1.60717e-52,0.306496
119.28,0,1.59118e-52,0.306466
119.29,0,1.57535e-52,0.306435
119.3,0,1.55967e-52,0.306404
119.31,0,1.54415e-52,0.306374
119.32,0,1.52879e-52,0.306343
119.33,0,1.51358e-52,0.306312
119.34,0,1.49852e-52,0.306282
119.35,0,1.48361e-52,0.306251
119.36,0,1.46884e-52,0.306221
119.37,0,1.45423e-52,0.30619
119.38,0,1.43976e-52,0.306159
119.39,0,1.42543e-52,0.306129
119.4,0,1.41125e-52,0.306098
119.41,0,1.39721e-52,0.306067
119.42,0,1.3833e-52,0.306037
119.43,0,1.36954e-52,0.306006
119.44,0,1.35591e-52,0.305976
119.45,0,1.34242e-52,0.305945
119.46,0,1.32906e-52,0.305914
119.47,0,1.31584e-52,0.305884
119.48,0,1.30275e-52,0.305853
119.49,0,1.28978e-52,0.305823
119.5,0,1.27695e-52,0.305792
119.51,0,1.26425e-52,0.305762
119.52,0,1.25167e-52,0.305731
119.53,0,1.23921e-52,0.3057
119.54,0,1.22688e-52,0.30567
119.55,0,1.21467e-52,0.305639
119.56,0,1.20259e-52,0.305609
119.57,0,1.19062e-52,0.305578
119.58,0,1.17877e-52,0.305548
119.59,0,1.16705e-52,0.305517
119.6,0,1.15543e-52,0.305487
119.61,0,1.14394e-52,0.305456
119.62,0,1.13255e-52,0.305425
119.63,0,1.12128e-52,0.305395
119.64,0,1.11013e-52,0.305364
119.65,0,1.09908e-52,0.305334
119.66,0,1.08815e-52,0.305303
119.67,0,1.07732e-52,0.305273
119.68,0,1.0666e-52,0.305242
119.69,0,1.05599e-52,0.305212
119.7,0,1.04548e-52,0.305181
119.71,0,1.03508e-52,0.305151
119.72,0,1.02478e-52,0.30512
119.73,0,1.01458e-52,0.30509
119.74,0,1.00449e-52,0.305059
119.75,0,9.9449e-53,0.305029
119.76,0,9.84595e-53,0.304998
119.77,0,9.74798e-53,0.304968
119.78,0,9.65099e-53,0.304937
119.79,0,9.55496e-53,0.304907
119.8,0,9.45989e-53,0.304876
119.81,0,9.36576e-53,0.304846
119.82,0,9.27257e-53,0.304815
119.83,0,9.1803e-53,0.304785
119.84,0,9.08896e-53,0.304754
119.85,0,8.99852e-53,0.304724
119.86,0,8.90898e-53,0.304693
119.87,0,8.82034e-53,0.304663
119.88,0,8.73257e-53,0.304632
119.89,0,8.64568e-53,0.304602
119.9,0,8.55966e-53,0.304571
119.91,0,8.47449e-53,0.304541
119.92,0,8.39017e-53,0.304511
119.93,0,8.30668e-53,0.30448
119.94,0,8.22403e-53,0.30445
119.95,0,8.1422e-53,0.304419
119.96,0,8.06118e-53,0.304389
119.97,0,7.98097e-53,0.304358
119.98,0,7.90156e-53,0.304328
119.99,0,7.82294e-53,0.304297
120,0,7.7451e-53,0.304267
120.01,0,7.66803e-53,0.304237
120.02,0,7.59174e-53,0.304206
120.03,0,7.5162e-53,0.304176
120.04,0,7.44141e-53,0.304145
120.05,0,7.36737e-53,0.304115
120.06,0,7.29406e-53,0.304084
120.07,0,7.22148e-53,0.304054
120.08,0,7.14963e-53,0.304024
120.09,0,7.07849e-53,0.303993
120.1,0,7.00806e-53,0.303963
120.11,0,6.93832e-53,0.303932
120.12,0,6.86929e-53,0.303902
120.13,0,6.80094e-53,0.303872
120.14,0,6.73327e-53,0.303841
120.15,0,6.66627e-53,0.303811
120.16,0,6.59994e-53,0.303781
120.17,0,6.53427e-53,0.30375
120.18,0,6.46925e-53,0.30372
120.19,0,6.40488e-53,0.303689
120.2,0,6.34115e-53,0.303659
120.21,0,6.27806e-53,0.303629
120.22,0,6.21559e-53,0.303598
120.23,0,6.15374e-53,0.303568
120.24,0,6.09251e-53,0.303538
120.25,0,6.03189e-53,0.303507
120.26,0,5.97187e-53,0.303477
120.27,0,5.91245e-53,0.303447
120.28,0,5.85362e-53,0.303416
120.29,0,5.79538e-53,0.303386
120.3,0,5.73771e-53,0.303356
120.31,0,5.68062e-53,0.303325
120.32,0,5.6241e-53,0.303295
120.33,0,5.56814e-53,0.303265
120.34,0,5.51273e-53,0.303234
120.35,0,5.45788e-53,0.303204
120.36,0,5.40357e-53,0.303174
120.37,0,5.34981e-53,0.303143
120.38,0,5.29657e-53,0.303113
120.39,0,5.24387e-53,0.303083
120.4,0,5.1917e-53,0.303052
120.41,0,5.14004e-53,0.303022
120.42,0,5.08889e-53,0.302992
120.43,0,5.03826e-53,0.302961
120.44,0,4.98813e-53,0.302931
120.45,0,4.93849e-53,0.302901
120.46,0,4.88935e-53,0.302871
120.47,0,4.8407e-53,0.30284
120.48,0,4.79254e-53,0.30281
120.49,0,4.74485e-53,0.30278
120.5,0,4.69764e-53,0.302749
120.51,0,4.6509e-53,0.302719
120.52,0,4.60462e-53,0.302689
120.53,0,4.5588e-53,0.302659
120.54,0,4.51344e-53,0.302628
120.55,0,4.46853e-53,0.302598
120.56,0,4.42407e-53,0.302568
120.57,0,4.38005e-53,0.302538
120.58,0,4.33647e-53,0.302507
120.59,0,4.29332e-53,0.302477
120.6,0,4.2506e-53,0.302447
120.61,0,4.20831e-53,0.302417
120.62,0,4.16643e-53,0.302386
120.63,0,4.12498e-53,0.302356
120.64,0,4.08393e-53,0.302326
120.65,0,4.0433e-53,0.302296
120.66,0,4.00306e-53,0.302265
120.67,0,3.96323e-53,0.302235
120.68,0,3.9238e-53,0.302205
120.69,0,3.88476e-53,0.302175
120.7,0,3.8461e-53,0.302145
120.71,0,3.80783e-53,0.302114
120.72,0,3.76994e-53,0.302084
120.73,0,3.73243e-53,0.302054
120.74,0,3.69529e-53,0.302024
120.75,0,3.65853e-53,0.301994
120.76,0,3.62212e-53,0.301963
120.77,0,3.58608e-53,0.301933
120.78,0,3.5504e-53,0.301903
120.79,0,3.51507e-53,0.301873
120.8,0,3.4801e-53,0.301843
120.81,0,3.44547e-53,0.301812
120.82,0,3.41119e-53,0.301782
120.83,0,3.37724e-53,0.301752
120.84,0,3.34364e-53,0.301722
120.85,0,3.31037e-53,0.301692
120.86,0,3.27743e-53,0.301662
120.87,0,3.24482e-53,0.301631
120.88,0,3.21253e-53,0.301601
120.89,0,3.18057e-53,0.301571
120.9,0,3.14892e-53,0.301541
120.91,0,3.11759e-53,0.301511
120.92,0,3.08657e-53,0.301481
120.93,0,3.05586e-53,0.30145
120.94,0,3.02545e-53,0.30142
120.95,0,2.99535e-53,0.30139
120.96,0,2.96554e-53,0.30136
120.97,0,2.93604e-53,0.30133
120.98,0,2.90682e-53,0.3013
120.99,0,2.8779e-53,0.30127
121,0,2.84926e-53,0.301239
121.01,0,2.82091e-53,0.301209
121.02,0,2.79284e-53,0.301179
121.03,0,2.76505e-53,0.301149
121.04,0,2.73754e-53,0.301119
121.05,0,2.7103e-53,0.301089
121.06,0,2.68333e-53,0.301059
121.07,0,2.65663e-53,0.301029
121.08,0,2.6302e-53,0.300999
121.09,0,2.60403e-53,0.300969
121.1,0,2.57812e-53,0.300938
121.11,0,2.55247e-53,0.300908
121.12,0,2.52707e-53,0.300878
121.13,0,2.50192e-53,0.300848
121.14,0,2.47703e-53,0.300818
121.15,0,2.45238e-53,0.300788
121.16,0,2.42798e-53,0.300758
121.17,0,2.40382e-53,0.300728
121.18,0,2.3799e-53,0.300698
121.19,0,2.35622e-53,0.300668
121.2,0,2.33278e-53,0.300638
121.21,0,2.30957e-53,0.300608
121.22,0,2.28659e-53,0.300577
121.23,0,2.26383e-53,0.300547
121.24,0,2.24131e-53,0.300517
121.25,0,2.21901e-53,0.300487
121.26,0,2.19693e-53,0.300457
121.27,0,2.17507e-53,0.300427
121.28,0,2.15343e-53,0.300397
121.29,0,2.132e-53,0.300367
121.3,0,2.11079e-53,0.300337
121.31,0,2.08978e-53,0.300307
121.32,0,2.06899e-53,0.300277
121.33,0,2.0484e-53,0.300247
121.34,0,2.02802e-53,0.300217
121.35,0,2.00784e-53,0.300187
121.36,0,1.98786e-53,0.300157
121.37,0,1.96808e-53,0.300127
121.38,0,1.9485e-53,0.300097
121.39,0,1.92911e-53,0.300067
121.4,0,1.90992e-53,0.300037
121.41,0,1.89091e-53,0.300007
121.42,0,1.8721e-53,0.299977
121.43,0,1.85347e-53,0.299947
121.44,0,1.83503e-53,0.299917
121.45,0,1.81677e-53,0.299887
121.46,0,1.79869e-53,0.299857
121.47,0,1.7808e-53,0.299827
121.48,0,1.76308e-53,0.299797
121.49,0,1.74553e-53,0.299767
121.5,0,1.72817e-53,0.299737
121.51,0,1.71097e-53,0.299707
121.52,0,1.69395e-53,0.299677
121.53,0,1.67709e-53,0.299647
121.54,0,1.6604e-53,0.299617
121.55,0,1.64388e-53,0.299587
121.56,0,1.62752e-53,0.299557
121.57,0,1.61133e-53,0.299527
121.58,0,1.5953e-53,0.299497
121.59,0,1.57942e-53,0.299467
121.6,0,1.56371e-53,0.299437
121.61,0,1.54815e-53,0.299408
121.62,0,1.53275e-53,0.299378
121.63,0,1.51749e-53,0.299348
121.64,0,1.50239e-53,0.299318
121.65,0,1.48745e-53,0.299288
121.66,0,1.47265e-53,0.299258
121.67,0,1.45799e-53,0.299228
121.68,0,1.44348e-53,0.299198
121.69,0,1.42912e-53,0.299168
121.7,0,1.4149e-53,0.299138
121.71,0,1.40082e-53,0.299108
121.72,0,1.38689e-53,0.299078
121.73,0,1.37309e-53,0.299048
121.74,0,1.35942e-53,0.299019
121.75,0,1.3459e-53,0.298989
121.76,0,1.3325e-53,0.298959
121.77,0,1.31925e-53,0.298929
121.78,0,1.30612e-53,0.298899
121.79,0,1.29312e-53,0.298869
121.8,0,1.28026e-53,0.298839
121.81,0,1.26752e-53,0.298809
121.82,0,1.25491e-53,0.298779
121.83,0,1.24242e-53,0.29875
121.84,0,1.23006e-53,0.29872
121.85,0,1.21782e-53,0.29869
121.86,0,1.2057e-53,0.29866
121.87,0,1.1937e-53,0.29863
121.88,0,1.18183e-53,0.2986
121.89,0,1.17007e-53,0.29857
121.9,0,1.15842e-53,0.298541
121.91,0,1.1469e-53,0.298511
121.92,0,1.13549e-53,0.298481
121.93,0,1.12419e-53,0.298451
121.94,0,1.113e-53,0.298421
121.95,0,1.10193e-53,0.298391
121.96,0,1.09096e-53,0.298361
121.97,0,1.08011e-53,0.298332
121.98,0,1.06936e-53,0.298302
121.99,0,1.05872e-53,0.298272
122,0,1.04819e-53,0.298242
122.01,0,1.03776e-53,0.298212
122.02,0,1.02743e-53,0.298182
122.03,0,1.01721e-53,0.298153
122.04,0,1.00709e-53,0.298123
122.05,0,9.97065e-54,0.298093
122.06,0,9.87144e-54,0.298063
122.07,0,9.77321e-54,0.298033
122.08,0,9.67597e-54,0.298004
122.09,0,9.57969e-54,0.297974
122.1,0,9.48437e-54,0.297944
122.11,0,9.39e-54,0.297914
122.12,0,9.29657e-54,0.297884
122.13,0,9.20407e-54,0.297855
122.14,0,9.11248e-54,0.297825
122.15,0,9.02181e-54,0.297795
122.16,0,8.93204e-54,0.297765
122.17,0,8.84317e-54,0.297736
122.18,0,8.75518e-54,0.297706
122.19,0,8.66806e-54,0.297676
122.2,0,8.58181e-54,0.297646
122.21,0,8.49642e-54,0.297616
122.22,0,8.41188e-54,0.297587
122.23,0,8.32818e-54,0.297557
122.24,0,8.24532e-54,0.297527
122.25,0,8.16327e-54,0.297497
122.26,0,8.08205e-54,0.297468
122.27,0,8.00163e-54,0.297438
122.28,0,7.92201e-54,0.297408
122.29,0,7.84319e-54,0.297378
122.3,0,7.76515e-54,0.297349
122.31,0,7.68788e-54,0.297319
122.32,0,7.61139e-54,0.297289
122.33,0,7.53565e-54,0.29726
122.34,0,7.46067e-54,0.29723
122.35,0,7.38644e-54,0.2972
122.36,0,7.31294e-54,0.29717
122.37,0,7.24017e-54,0.297141
122.38,0,7.16813e-54,0.297111
122.39,0,7.09681e-54,0.297081
122.4,0,7.0262e-54,0.297052
122.41,0,6.95628e-54,0.297022
122.42,0,6.88707e-54,0.296992
122.43,0,6.81854e-54,0.296962
122.44,0,6.75069e-54,0.296933
122.45,0,6.68352e-54,0.296903
122.46,0,6.61702e-54,0.296873
122.47,0,6.55118e-54,0.296844
122.48,0,6.486e-54,0.296814
122.49,0,6.42146e-54,0.296784
122.5,0,6.35756e-54,0.296755
122.51,0,6.29431e-54,0.296725
122.52,0,6.23168e-54,0.296695
122.53,0,6.16967e-54,0.296666
122.54,0,6.10828e-54,0.296636
122.55,0,6.0475e-54,0.296606
122.56,0,5.98733e-54,0.296577
122.57,0,5.92775e-54,0.296547
122.58,0,5.86877e-54,0.296517
122.59,0,5.81038e-54,0.296488
122.6,0,5.75256e-54,0.296458
122.61,0,5.69532e-54,0.296428
122.62,0,5.63865e-54,0.296399
122.63,0,5.58255e-54,0.296369
122.64,0,5.527e-54,0.296339
122.65,0,5.47201e-54,0.29631
122.66,0,5.41756e-54,0.29628
122.67,0,5.36365e-54,0.296251
122.68,0,5.31028e-54,0.296221
122.69,0,5.25745e-54,0.296191
122.7,0,5.20513e-54,0.296162
122.71,0,5.15334e-54,0.296132
122.72,0,5.10206e-54,0.296102
122.73,0,5.0513e-54,0.296073
122.74,0,5.00104e-54,0.296043
122.75,0,4.95128e-54,0.296014
122.76,0,4.90201e-54,0.295984
122.77,0,4.85323e-54,0.295954
122.78,0,4.80494e-54,0.295925
122.79,0,4.75713e-54,0.295895
122.8,0,4.7098e-54,0.295866
122.81,0,4.66294e-54,0.295836
122.82,0,4.61654e-54,0.295807
122.83,0,4.5706e-54,0.295777
122.84,0,4.52513e-54,0.295747
122.85,0,4.4801e-54,0.295718
122.86,0,4.43552e-54,0.295688
122.87,0,4.39139e-54,0.295659
122.88,0,4.34769e-54,0.295629
122.89,0,4.30443e-54,0.2956
122.9,0,4.2616e-54,0.29557
122.91,0,4.2192e-54,0.29554
122.92,0,4.17722e-54,0.295511
122.93,0,4.13565e-54,0.295481
122.94,0,4.0945e-54,0.295452
122.95,0,4.05376e-54,0.295422
122.96,0,4.01343e-54,0.295393
122.97,0,3.97349e-54,0.295363
122.98,0,3.93396e-54,0.295334
122.99,0,3.89481e-54,0.295304
123,0,3.85606e-54,0.295275
123.01,0,3.81769e-54,0.295245
123.02,0,3.7797e-54,0.295216
123.03,0,3.74209e-54,0.295186
123.04,0,3.70486e-54,0.295156
123.05,0,3.668e-54,0.295127
123.06,0,3.6315e-54,0.295097
123.07,0,3.59536e-54,0.295068
123.08,0,3.55959e-54,0.295038
123.09,0,3.52417e-54,0.295009
123.1,0,3.48911e-54,0.294979
123.11,0,3.45439e-54,0.29495
123.12,0,3.42002e-54,0.29492
123.13,0,3.38599e-54,0.294891
123.14,0,3.3523e-54,0.294861
123.15,0,3.31894e-54,0.294832
123.16,0,3.28592e-54,0.294802
123.17,0,3.25322e-54,0.294773
123.18,0,3.22085e-54,0.294744
123.19,0,3.1888e-54,0.294714
123.2,0,3.15707e-54,0.294685
123.21,0,3.12566e-54,0.294655
123.22,0,3.09456e-54,0.294626
123.23,0,3.06377e-54,0.294596
123.24,0,3.03328e-54,0.294567
123.25,0,3.0031e-54,0.294537
123.26,0,2.97322e-54,0.294508
123.27,0,2.94364e-54,0.294478
123.28,0,2.91435e-54,0.294449
123.29,0,2.88535e-54,0.294419
123.3,0,2.85664e-54,0.29439
123.31,0,2.82821e-54,0.294361
123.32,0,2.80007e-54,0.294331
123.33,0,2.77221e-54,0.294302
123.34,0,2.74463e-54,0.294272
123.35,0,2.71732e-54,0.294243
123.36,0,2.69028e-54,0.294213
123.37,0,2.66351e-54,0.294184
123.38,0,2.63701e-54,0.294155
123.39,0,2.61077e-54,0.294125
123.4,0,2.58479e-54,0.294096
123.41,0,2.55907e-54,0.294066
123.42,0,2.53361e-54,0.294037
123.43,0,2.5084e-54,0.294008
123.44,0,2.48344e-54,0.293978
123.45,0,2.45873e-54,0.293949
123.46,0,2.43427e-54,0.293919
123.47,0,2.41004e-54,0.29389
123.48,0,2.38606e-54,0.293861
123.49,0,2.36232e-54,0.293831
123.5,0,2.33882e-54,0.293802
123.51,0,2.31555e-54,0.293772
123.52,0,2.29251e-54,0.293743
123.53,0,2.26969e-54,0.293714
123.54,0,2.24711e-54,0.293684
123.55,0,2.22475e-54,0.293655
123.56,0,2.20262e-54,0.293626
123.57,0,2.1807e-54,0.293596
123.58,0,2.159e-54,0.293567
123.59,0,2.13752e-54,0.293538
123.6,0,2.11625e-54,0.293508
123.61,0,2.09519e-54,0.293479
123.62,0,2.07434e-54,0.29345
123.63,0,2.0537e-54,0.29342
123.64,0,2.03327e-54,0.293391
123.65,0,2.01304e-54,0.293361
123.66,0,1.99301e-54,0.293332
123.67,0,1.97318e-54,0.293303
123.68,0,1.95354e-54,0.293273
123.69,0,1.93411e-54,0.293244
123.7,0,1.91486e-54,0.293215
123.71,0,1.89581e-54,0.293186
123.72,0,1.87694e-54,0.293156
123.73,0,1.85827e-54,0.293127
123.74,0,1.83978e-54,0.293098
123.75,0,1.82147e-54,0.293068
123.76,0,1.80335e-54,0.293039
123.77,0,1.78541e-54,0.29301
123.78,0,1.76764e-54,0.29298
123.79,0,1.75005e-54,0.292951
123.8,0,1.73264e-54,0.292922
123.81,0,1.7154e-54,0.292892
123.82,0,1.69833e-54,0.292863
123.83,0,1.68143e-54,0.292834
123.84,0,1.6647e-54,0.292805
123.85,0,1.64814e-54,0.292775
123.86,0,1.63174e-54,0.292746
123.87,0,1.6155e-54,0.292717
123.88,0,1.59943e-54,0.292688
123.89,0,1.58351e-54,0.292658
123.9,0,1.56776e-54,0.292629
123.91,0,1.55216e-54,0.2926
123.92,0,1.53671e-54,0.29257
123.93,0,1.52142e-54,0.292541
123.94,0,1.50628e-54,0.292512
123.95,0,1.4913e-54,0.292483
123.96,0,1.47646e-54,0.292453
123.97,0,1.46177e-54,0.292424
123.98,0,1.44722e-54,0.292395
123.99,0,1.43282e-54,0.292366
124,0,1.41856e-54,0.292337
124.01,0,1.40445e-54,0.292307
124.02,0,1.39047e-54,0.292278
124.03,0,1.37664e-54,0.292249
124.04,0,1.36294e-54,0.29222
124.05,0,1.34938e-54,0.29219
124.06,0,1.33595e-54,0.292161
124.07,0,1.32266e-54,0.292132
124.08,0,1.3095e-54,0.292103
124.09,0,1.29647e-54,0.292074
124.1,0,1.28357e-54,0.292044
124.11,0,1.2708e-54,0.292015
124.12,0,1.25815e-54,0.291986
124.13,0,1.24563e-54,0.291957
124.14,0,1.23324e-54,0.291928
124.15,0,1.22097e-54,0.291898
124.16,0,1.20882e-54,0.291869
124.17,0,1.19679e-54,0.29184
124.18,0,1.18488e-54,0.291811
124.19,0,1.17309e-54,0.291782
124.2,0,1.16142e-54,0.291752
124.21,0,1.14987e-54,0.291723
124.22,0,1.13842e-54,0.291694
124.23,0,1.1271e-54,0.291665
124.24,0,1.11588e-54,0.291636
124.25,0,1.10478e-54,0.291607
124.26,0,1.09379e-54,0.291577
124.27,0,1.0829e-54,0.291548
124.28,0,1.07213e-54,0.291519
124.29,0,1.06146e-54,0.29149
124.3,0,1.0509e-54,0.291461
124.31,0,1.04044e-54,0.291432
124.32,0,1.03009e-54,0.291403
124.33,0,1.01984e-54,0.291373
124.34,0,1.00969e-54,0.291344
124.35,0,9.99645e-55,0.291315
124.36,0,9.89699e-55,0.291286
124.37,0,9.79851e-55,0.291257
124.38,0,9.70101e-55,0.291228
124.39,0,9.60449e-55,0.291199
124.4,0,9.50892e-55,0.29117
124.41,0,9.41431e-55,0.29114
124.42,0,9.32063e-55,0.291111
124.43,0,9.22789e-55,0.291082
124.44,0,9.13607e-55,0.291053
124.45,0,9.04517e-55,0.291024
124.46,0,8.95516e-55,0.290995
124.47,0,8.86606e-55,0.290966
124.48,0,8.77784e-55,0.290937
124.49,0,8.6905e-55,0.290908
124.5,0,8.60403e-55,0.290878
124.51,0,8.51842e-55,0.290849
124.52,0,8.43366e-55,0.29082
124.53,0,8.34974e-55,0.290791
124.54,0,8.26666e-55,0.290762
124.55,0,8.1844e-55,0.290733
124.56,0,8.10297e-55,0.290704
124.57,0,8.02234e-55,0.290675
124.58,0,7.94252e-55,0.290646
124.59,0,7.86349e-55,0.290617
124.6,0,7.78525e-55,0.290588
124.61,0,7.70778e-55,0.290559
124.62,0,7.63109e-55,0.29053
124.63,0,7.55516e-55,0.290501
124.64,0,7.47998e-55,0.290472
124.65,0,7.40556e-55,0.290442
124.66,0,7.33187e-55,0.290413
124.67,0,7.25892e-55,0.290384
124.68,0,7.18669e-55,0.290355
124.69,0,7.11518e-55,0.290326
124.7,0,7.04438e-55,0.290297
124.71,0,6.97429e-55,0.290268
124.72,0,6.90489e-55,0.290239
124.73,0,6.83619e-55,0.29021
124.74,0,6.76817e-55,0.290181
124.75,0,6.70082e-55,0.290152
124.76,0,6.63415e-55,0.290123
124.77,0,6.56814e-55,0.290094
124.78,0,6.50278e-55,0.290065
124.79,0,6.43808e-55,0.290036
124.8,0,6.37402e-55,0.290007
124.81,0,6.3106e-55,0.289978
124.82,0,6.24781e-55,0.289949
124.83,0,6.18564e-55,0.28992
124.84,0,6.12409e-55,0.289891
124.85,0,6.06316e-55,0.289862
124.86,0,6.00283e-55,0.289833
124.87,0,5.9431e-55,0.289804
124.88,0,5.88396e-55,0.289775
124.89,0,5.82542e-55,0.289746
124.9,0,5.76745e-55,0.289717
124.91,0,5.71007e-55,0.289688
124.92,0,5.65325e-55,0.289659
124.93,0,5.597e-55,0.28963
124.94,0,5.54131e-55,0.289601
124.95,0,5.48617e-55,0.289572
124.96,0,5.43158e-55,0.289544
124.97,0,5.37754e-55,0.289515
124.98,0,5.32403e-55,0.289486
124.99,0,5.27105e-55,0.289457
125,0,5.21861e-55,0.289428
125.01,0,5.16668e-55,0.289399
125.02,0,5.11527e-55,0.28937
125.03,0,5.06437e-55,0.289341
125.04,0,5.01398e-55,0.289312
125.05,0,4.96409e-55,0.289283
125.06,0,4.9147e-55,0.289254
125.07,0,4.8658e-55,0.289225
125.08,0,4.81738e-55,0.289196
125.09,0,4.76945e-55,0.289167
125.1,0,4.72199e-55,0.289138
125.11,0,4.67501e-55,0.28911
125.12,0,4.62849e-55,0.289081
125.13,0,4.58243e-55,0.289052
125.14,0,4.53684e-55,0.289023
125.15,0,4.4917e-55,0.288994
125.16,0,4.447e-55,0.288965
125.17,0,4.40275e-55,0.288936
125.18,0,4.35895e-55,0.288907
125.19,0,4.31557e-55,0.288878
125.2,0,4.27263e-55,0.288849
125.21,0,4.23012e-55,0.288821
125.22,0,4.18803e-55,0.288792
125.23,0,4.14636e-55,0.288763
125.24,0,4.1051e-55,0.288734
125.25,0,4.06425e-55,0.288705
125.26,0,4.02381e-55,0.288676
125.27,0,3.98378e-55,0.288647
125.28,0,3.94414e-55,0.288618
125.29,0,3.90489e-55,0.28859
125.3,0,3.86604e-55,0.288561
125.31,0,3.82757e-55,0.288532
125.32,0,3.78949e-55,0.288503
125.33,0,3.75178e-55,0.288474
125.34,0,3.71445e-55,0.288445
125.35,0,3.67749e-55,0.288417
125.36,0,3.6409e-55,0.288388
125.37,0,3.60467e-55,0.288359
125.38,0,3.5688e-55,0.28833
125.39,0,3.53329e-55,0.288301
125.4,0,3.49814e-55,0.288272
125.41,0,3.46333e-55,0.288244
125.42,0,3.42887e-55,0.288215
125.43,0,3.39475e-55,0.288186
125.44,0,3.36097e-55,0.288157
125.45,0,3.32753e-55,0.288128
125.46,0,3.29442e-55,0.288099
125.47,0,3.26164e-55,0.288071
125.48,0,3.22919e-55,0.288042
125.49,0,3.19706e-55,0.288013
125.5,0,3.16524e-55,0.287984
125.51,0,3.13375e-55,0.287955
125.52,0,3.10257e-55,0.287927
125.53,0,3.0717e-55,0.287898
125.54,0,3.04113e-55,0.287869
125.55,0,3.01087e-55,0.28784
125.56,0,2.98092e-55,0.287811
125.57,0,2.95125e-55,0.287783
125.58,0,2.92189e-55,0.287754
125.59,0,2.89282e-55,0.287725
125.6,0,2.86403e-55,0.287696
125.61,0,2.83553e-55,0.287668
125.62,0,2.80732e-55,0.287639
125.63,0,2.77939e-55,0.28761
125.64,0,2.75173e-55,0.287581
125.65,0,2.72435e-55,0.287553
125.66,0,2.69724e-55,0.287524
125.67,0,2.67041e-55,0.287495
125.68,0,2.64383e-55,0.287466
125.69,0,2.61753e-55,0.287438
125.7,0,2.59148e-55,0.287409
125.71,0,2.5657e-55,0.28738
125.72,0,2.54017e-55,0.287351
125.73,0,2.51489e-55,0.287323
125.74,0,2.48987e-55,0.287294
125.75,0,2.4651e-55,0.287265
125.76,0,2.44057e-55,0.287236
125.77,0,2.41628e-55,0.287208
125.78,0,2.39224e-55,0.287179
125.79,0,2.36844e-55,0.28715
125.8,0,2.34487e-55,0.287122
125.81,0,2.32154e-55,0.287093
125.82,0,2.29844e-55,0.287064
125.83,0,2.27557e-55,0.287035
125.84,0,2.25293e-55,0.287007
125.85,0,2.23051e-55,0.286978
125.86,0,2.20832e-55,0.286949
125.87,0,2.18634e-55,0.286921
125.88,0,2.16459e-55,0.286892
125.89,0,2.14305e-55,0.286863
125.9,0,2.12173e-55,0.286835
125.91,0,2.10062e-55,0.286806
125.92,0,2.07971e-55,0.286777
125.93,0,2.05902e-55,0.286749
125.94,0,2.03853e-55,0.28672
125.95,0,2.01825e-55,0.286691
125.96,0,1.99817e-55,0.286663
125.97,0,1.97829e-55,0.286634
125.98,0,1.9586e-55,0.286605
125.99,0,1.93911e-55,0.286577
126,0,1.91982e-55,0.286548
126.01,0,1.90072e-55,0.286519
126.02,0,1.8818e-55,0.286491
126.03,0,1.86308e-55,0.286462
126.04,0,1.84454e-55,0.286433
126.05,0,1.82619e-55,0.286405
126.06,0,1.80802e-55,0.286376
126.07,0,1.79003e-55,0.286347
126.08,0,1.77222e-55,0.286319
126.09,0,1.75458e-55,0.28629
126.1,0,1.73712e-55,0.286261
126.11,0,1.71984e-55,0.286233
126.12,0,1.70273e-55,0.286204
126.13,0,1.68578e-55,0.286176
126.14,0,1.66901e-55,0.286147
126.15,0,1.6524e-55,0.286118
126.16,0,1.63596e-55,0.28609
126.17,0,1.61968e-55,0.286061
126.18,0,1.60357e-55,0.286033
126.19,0,1.58761e-55,0.286004
126.2,0,1.57181e-55,0.285975
126.21,0,1.55617e-55,0.285947
126.22,0,1.54069e-55,0.285918
126.23,0,1.52536e-55,0.28589
126.24,0,1.51018e-55,0.285861
126.25,0,1.49516e-55,0.285832
126.26,0,1.48028e-55,0.285804
126.27,0,1.46555e-55,0.285775
126.28,0,1.45097e-55,0.285747
126.29,0,1.43653e-55,0.285718
126.3,0,1.42224e-55,0.28569
126.31,0,1.40808e-55,0.285661
126.32,0,1.39407e-55,0.285632
126.33,0,1.3802e-55,0.285604
126.34,0,1.36647e-55,0.285575
126.35,0,1.35287e-55,0.285547
126.36,0,1.33941e-55,0.285518
126.37,0,1.32608e-55,0.28549
126.38,0,1.31289e-55,0.285461
126.39,0,1.29983e-55,0.285433
126.4,0,1.28689e-55,0.285404
126.41,0,1.27409e-55,0.285375
126.42,0,1.26141e-55,0.285347
126.43,0,1.24886e-55,0.285318
126.44,0,1.23643e-55,0.28529
126.45,0,1.22413e-55,0.285261
126.46,0,1.21195e-55,0.285233
126.47,0,1.19989e-55,0.285204
126.48,0,1.18795e-55,0.285176
126.49,0,1.17613e-55,0.285147
126.5,0,1.16443e-55,0.285119
126.51,0,1.15284e-55,0.28509
126.52,0,1.14137e-55,0.285062
126.53,0,1.13001e-55,0.285033
126.54,0,1.11877e-55,0.285005
126.55,0,1.10764e-55,0.284976
126.56,0,1.09662e-55,0.284948
126.57,0,1.08571e-55,0.284919
126.58,0,1.0749e-55,0.284891
126.59,0,1.06421e-55,0.284862
126.6,0,1.05362e-55,0.284834
126.61,0,1.04313e-55,0.284805
126.62,0,1.03276e-55,0.284777
126.63,0,1.02248e-55,0.284748
126.64,0,1.01231e-55,0.28472
126.65,0,1.00223e-55,0.284691
126.66,0,9.92261e-56,0.284663
126.67,0,9.82387e-56,0.284634
126.68,0,9.72612e-56,0.284606
126.69,0,9.62935e-56,0.284577
126.7,0,9.53353e-56,0.284549
126.71,0,9.43867e-56,0.284521
126.72,0,9.34476e-56,0.284492
126.73,0,9.25178e-56,0.284464
126.74,0,9.15972e-56,0.284435
126.75,0,9.06858e-56,0.284407
126.76,0,8.97834e-56,0.284378
126.77,0,8.88901e-56,0.28435
126.78,0,8.80056e-56,0.284321
126.79,0,8.71299e-56,0.284293
126.8,0,8.6263e-56,0.284265
126.81,0,8.54047e-56,0.284236
126.82,0,8.45549e-56,0.284208
126.83,0,8.37135e-56,0.284179
126.84,0,8.28806e-56,0.284151
126.85,0,8.20559e-56,0.284123
126.86,0,8.12394e-56,0.284094
126.87,0,8.04311e-56,0.284066
126.88,0,7.96308e-56,0.284037
126.89,0,7.88384e-56,0.284009
126.9,0,7.8054e-56,0.283981
126.91,0,7.72773e-56,0.283952
126.92,0,7.65084e-56,0.283924
126.93,0,7.57471e-56,0.283895
126.94,0,7.49934e-56,0.283867
126.95,0,7.42472e-56,0.283839
126.96,0,7.35085e-56,0.28381
126.97,0,7.2777e-56,0.283782
126.98,0,7.20529e-56,0.283753
126.99,0,7.1336e-56,0.283725
127,0,7.06262e-56,0.283697
127.01,0,6.99234e-56,0.283668
127.02,0,6.92277e-56,0.28364
127.03,0,6.85388e-56,0.283612
127.04,0,6.78569e-56,0.283583
127.05,0,6.71817e-56,0.283555
127.06,0,6.65132e-56,0.283527
127.07,0,6.58514e-56,0.283498
127.08,0,6.51962e-56,0.28347
127.09,0,6.45475e-56,0.283441
127.1,0,6.39052e-56,0.283413
127.11,0,6.32693e-56,0.283385
127.12,0,6.26398e-56,0.283356
127.13,0,6.20165e-56,0.283328
127.14,0,6.13994e-56,0.2833
127.15,0,6.07885e-56,0.283271
127.16,0,6.01836e-56,0.283243
127.17,0,5.95848e-56,0.283215
127.18,0,5.89919e-56,0.283186
127.19,0,5.84049e-56,0.283158
127.2,0,5.78238e-56,0.28313
127.21,0,5.72485e-56,0.283102
127.22,0,5.66788e-56,0.283073
127.23,0,5.61149e-56,0.283045
127.24,0,5.55565e-56,0.283017
127.25,0,5.50037e-56,0.282988
127.26,0,5.44564e-56,0.28296
127.27,0,5.39146e-56,0.282932
127.28,0,5.33781e-56,0.282903
127.29,0,5.2847e-56,0.282875
127.3,0,5.23211e-56,0.282847
127.31,0,5.18005e-56,0.282819
127.32,0,5.12851e-56,0.28279
127.33,0,5.07748e-56,0.282762
127.34,0,5.02696e-56,0.282734
127.35,0,4.97694e-56,0.282705
127.36,0,4.92742e-56,0.282677
127.37,0,4.87839e-56,0.282649
127.38,0,4.82985e-56,0.282621
127.39,0,4.78179e-56,0.282592
127.4,0,4.73421e-56,0.282564
127.41,0,4.68711e-56,0.282536
127.42,0,4.64047e-56,0.282508
127.43,0,4.5943e-56,0.282479
127.44,0,4.54858e-56,0.282451
127.45,0,4.50332e-56,0.282423
127.46,0,4.45851e-56,0.282395
127.47,0,4.41415e-56,0.282366
127.48,0,4.37023e-56,0.282338
127.49,0,4.32675e-56,0.28231
127.5,0,4.28369e-56,0.282282
127.51,0,4.24107e-56,0.282254
127.52,0,4.19887e-56,0.282225
127.53,0,4.15709e-56,0.282197
127.54,0,4.11573e-56,0.282169
127.55,0,4.07478e-56,0.282141
127.56,0,4.03423e-56,0.282112
127.57,0,3.99409e-56,0.282084
127.58,0,3.95435e-56,0.282056
127.59,0,3.915e-56,0.282028
127.6,0,3.87605e-56,0.282
127.61,0,3.83748e-56,0.281971
127.62,0,3.7993e-56,0.281943
127.63,0,3.76149e-56,0.281915
127.64,0,3.72406e-56,0.281887
127.65,0,3.68701e-56,0.281859
127.66,0,3.65032e-56,0.28183
127.67,0,3.614e-56,0.281802
127.68,0,3.57804e-56,0.281774
127.69,0,3.54244e-56,0.281746
127.7,0,3.50719e-56,0.281718
127.71,0,3.47229e-56,0.28169
127.72,0,3.43774e-56,0.281661
127.73,0,3.40354e-56,0.281633
127.74,0,3.36967e-56,0.281605
127.75,0,3.33614e-56,0.281577
127.76,0,3.30295e-56,0.281549
127.77,0,3.27008e-56,0.281521
127.78,0,3.23755e-56,0.281492
127.79,0,3.20533e-56,0.281464
127.8,0,3.17344e-56,0.281436
127.81,0,3.14186e-56,0.281408
127.82,0,3.1106e-56,0.28138
127.83,0,3.07965e-56,0.281352
127.84,0,3.04901e-56,0.281324
127.85,0,3.01867e-56,0.281295
127.86,0,2.98863e-56,0.281267
127.87,0,2.95889e-56,0.281239
127.88,0,2.92945e-56,0.281211
127.89,0,2.9003e-56,0.281183
127.9,0,2.87145e-56,0.281155
127.91,0,2.84287e-56,0.281127
127.92,0,2.81459e-56,0.281099
127.93,0,2.78658e-56,0.281071
127.94,0,2.75885e-56,0.281042
127.95,0,2.7314e-56,0.281014
127.96,0,2.70423e-56,0.280986
127.97,0,2.67732e-56,0.280958
127.98,0,2.65068e-56,0.28093
127.99,0,2.6243e-56,0.280902
128,0,2.59819e-56,0.280874
128.01,0,2.57234e-56,0.280846
128.02,0,2.54674e-56,0.280818
128.03,0,2.5214e-56,0.28079
128.04,0,2.49631e-56,0.280762
128.05,0,2.47148e-56,0.280733
128.06,0,2.44688e-56,0.280705
128.07,0,2.42254e-56,0.280677
128.08,0,2.39843e-56,0.280649
128.09,0,2.37457e-56,0.280621
128.1,0,2.35094e-56,0.280593
128.11,0,2.32755e-56,0.280565
128.12,0,2.30439e-56,0.280537
128.13,0,2.28146e-56,0.280509
128.14,0,2.25876e-56,0.280481
128.15,0,2.23628e-56,0.280453
128.16,0,2.21403e-56,0.280425
128.17,0,2.192e-56,0.280397
128.18,0,2.17019e-56,0.280369
128.19,0,2.1486e-56,0.280341
128.2,0,2.12722e-56,0.280313
128.21,0,2.10605e-56,0.280285
128.22,0,2.0851e-56,0.280257
128.23,0,2.06435e-56,0.280229
128.24,0,2.04381e-56,0.280201
128.25,0,2.02347e-56,0.280173
128.26,0,2.00334e-56,0.280145
128.27,0,1.98341e-56,0.280117
128.28,0,1.96367e-56,0.280088
128.29,0,1.94413e-56,0.28006
128.3,0,1.92479e-56,0.280032
128.31,0,1.90564e-56,0.280004
128.32,0,1.88667e-56,0.279976
128.33,0,1.8679e-56,0.279948
128.34,0,1.84932e-56,0.27992
128.35,0,1.83091e-56,0.279893
128.36,0,1.8127e-56,0.279865
128.37,0,1.79466e-56,0.279837
128.38,0,1.7768e-56,0.279809
128.39,0,1.75912e-56,0.279781
128.4,0,1.74162e-56,0.279753
128.41,0,1.72429e-56,0.279725
128.42,0,1.70713e-56,0.279697
128.43,0,1.69015e-56,0.279669
128.44,0,1.67333e-56,0.279641
128.45,0,1.65668e-56,0.279613
128.46,0,1.6402e-56,0.279585
128.47,0,1.62388e-56,0.279557
128.48,0,1.60772e-56,0.279529
128.49,0,1.59172e-56,0.279501
128.5,0,1.57588e-56,0.279473
128.51,0,1.5602e-56,0.279445
128.52,0,1.54468e-56,0.279417
128.53,0,1.52931e-56,0.279389
128.54,0,1.51409e-56,0.279361
128.55,0,1.49903e-56,0.279333
128.56,0,1.48411e-56,0.279305
128.57,0,1.46934e-56,0.279277
128.58,0,1.45472e-56,0.279249
128.59,0,1.44025e-56,0.279222
128.6,0,1.42592e-56,0.279194
128.61,0,1.41173e-56,0.279166
128.62,0,1.39768e-56,0.279138
128.63,0,1.38378e-56,0.27911
128.64,0,1.37001e-56,0.279082
128.65,0,1.35637e-56,0.279054
128.66,0,1.34288e-56,0.279026
128.67,0,1.32952e-56,0.278998
128.68,0,1.31629e-56,0.27897
128.69,0,1.30319e-56,0.278942
128.7,0,1.29022e-56,0.278915
128.71,0,1.27739e-56,0.278887
128.72,0,1.26468e-56,0.278859
128.73,0,1.25209e-56,0.278831
128.74,0,1.23963e-56,0.278803
128.75,0,1.2273e-56,0.278775
128.76,0,1.21509e-56,0.278747
128.77,0,1.203e-56,0.278719
128.78,0,1.19103e-56,0.278692
128.79,0,1.17918e-56,0.278664
128.8,0,1.16744e-56,0.278636
128.81,0,1.15583e-56,0.278608
128.82,0,1.14433e-56,0.27858
128.83,0,1.13294e-56,0.278552
128.84,0,1.12167e-56,0.278524
128.85,0,1.11051e-56,0.278497
128.86,0,1.09946e-56,0.278469
128.87,0,1.08852e-56,0.278441
128.88,0,1.07769e-56,0.278413
128.89,0,1.06696e-56,0.278385
128.9,0,1.05635e-56,0.278357
128.91,0,1.04583e-56,0.278329
128.92,0,1.03543e-56,0.278302
128.93,0,1.02513e-56,0.278274
128.94,0,1.01493e-56,0.278246
128.95,0,1.00483e-56,0.278218
128.96,0,9.94829e-57,0.27819
128.97,0,9.8493e-57,0.278163
128.98,0,9.7513e-57,0.278135
128.99,0,9.65427e-57,0.278107
129,0,9.55821e-57,0.278079
129.01,0,9.46311e-57,0.278051
129.02,0,9.36895e-57,0.278023
129.03,0,9.27572e-57,0.277996
129.04,0,9.18343e-57,0.277968
129.05,0,9.09205e-57,0.27794
129.06,0,9.00158e-57,0.277912
129.07,0,8.91202e-57,0.277885
129.08,0,8.82334e-57,0.277857
129.09,0,8.73555e-57,0.277829
129.1,0,8.64863e-57,0.277801
129.11,0,8.56257e-57,0.277773
129.12,0,8.47737e-57,0.277746
129.13,0,8.39302e-57,0.277718
129.14,0,8.30951e-57,0.27769
129.15,0,8.22683e-57,0.277662
129.16,0,8.14497e-57,0.277635
129.17,0,8.06393e-57,0.277607
129.18,0,7.98369e-57,0.277579
129.19,0,7.90425e-57,0.277551
129.2,0,7.8256e-57,0.277524
129.21,0,7.74774e-57,0.277496
129.22,0,7.67064e-57,0.277468
129.23,0,7.59432e-57,0.27744
129.24,0,7.51876e-57,0.277413
129.25,0,7.44394e-57,0.277385
129.26,0,7.36987e-57,0.277357
129.27,0,7.29654e-57,0.277329
129.28,0,7.22394e-57,0.277302
129.29,0,7.15206e-57,0.277274
129.3,0,7.0809e-57,0.277246
129.31,0,7.01044e-57,0.277218
129.32,0,6.94069e-57,0.277191
129.33,0,6.87163e-57,0.277163
129.34,0,6.80325e-57,0.277135
129.35,0,6.73556e-57,0.277108
129.36,0,6.66854e-57,0.27708
129.37,0,6.60218e-57,0.277052
129.38,0,6.53649e-57,0.277024
129.39,0,6.47145e-57,0.276997
129.4,0,6.40706e-57,0.276969
129.41,0,6.34331e-57,0.276941
129.42,0,6.28019e-57,0.276914
129.43,0,6.2177e-57,0.276886
129.44,0,6.15584e-57,0.276858
129.45,0,6.09458e-57,0.276831
129.46,0,6.03394e-57,0.276803
129.47,0,5.9739e-57,0.276775
129.48,0,5.91446e-57,0.276748
129.49,0,5.85561e-57,0.27672
129.5,0,5.79735e-57,0.276692
129.51,0,5.73966e-57,0.276665
129.52,0,5.68255e-57,0.276637
129.53,0,5.62601e-57,0.276609
129.54,0,5.57003e-57,0.276582
129.55,0,5.51461e-57,0.276554
129.56,0,5.45974e-57,0.276526
129.57,0,5.40541e-57,0.276499
129.58,0,5.35163e-57,0.276471
129.59,0,5.29838e-57,0.276443
129.6,0,5.24566e-57,0.276416
129.61,0,5.19346e-57,0.276388
129.62,0,5.14179e-57,0.27636
129.63,0,5.09063e-57,0.276333
129.64,0,5.03997e-57,0.276305
129.65,0,4.98982e-57,0.276277
129.66,0,4.94017e-57,0.27625
129.67,0,4.89102e-57,0.276222
129.68,0,4.84235e-57,0.276195
129.69,0,4.79417e-57,0.276167
129.7,0,4.74647e-57,0.276139
129.71,0,4.69924e-57,0.276112
129.72,0,4.65248e-57,0.276084
129.73,0,4.60619e-57,0.276057
129.74,0,4.56036e-57,0.276029
129.75,0,4.51498e-57,0.276001
129.76,0,4.47005e-57,0.275974
129.77,0,4.42558e-57,0.275946
129.78,0,4.38154e-57,0.275919
129.79,0,4.33794e-57,0.275891
129.8,0,4.29478e-57,0.275863
129.81,0,4.25205e-57,0.275836
129.82,0,4.20974e-57,0.275808
129.83,0,4.16785e-57,0.275781
129.84,0,4.12638e-57,0.275753
129.85,0,4.08532e-57,0.275725
129.86,0,4.04467e-57,0.275698
129.87,0,4.00443e-57,0.27567
129.88,0,3.96458e-57,0.275643
129.89,0,3.92513e-57,0.275615
129.9,0,3.88608e-57,0.275588
129.91,0,3.84741e-57,0.27556
129.92,0,3.80913e-57,0.275533
129.93,0,3.77123e-57,0.275505
129.94,0,3.7337e-57,0.275477
129.95,0,3.69655e-57,0.27545
129.96,0,3.65977e-57,0.275422
129.97,0,3.62336e-57,0.275395
129.98,0,3.5873e-57,0.275367
129.99,0,3.55161e-57,0.27534
130,0,3.51627e-57,0.275312
130.01,0,3.48128e-57,0.275285
130.02,0,3.44664e-57,0.275257
130.03,0,3.41235e-57,0.27523
130.04,0,3.37839e-57,0.275202
130.05,0,3.34478e-57,0.275175
130.06,0,3.3115e-57,0.275147
130.07,0,3.27855e-57,0.27512
130.08,0,3.24593e-57,0.275092
130.09,0,3.21363e-57,0.275065
130.1,0,3.18165e-57,0.275037
130.11,0,3.14999e-57,0.275009
130.12,0,3.11865e-57,0.274982
130.13,0,3.08762e-57,0.274954
130.14,0,3.0569e-57,0.274927
130.15,0,3.02648e-57,0.2749
130.16,0,2.99637e-57,0.274872
130.17,0,2.96655e-57,0.274845
130.18,0,2.93704e-57,0.274817
130.19,0,2.90781e-57,0.27479
130.2,0,2.87888e-57,0.274762
130.21,0,2.85023e-57,0.274735
130.22,0,2.82187e-57,0.274707
130.23,0,2.79379e-57,0.27468
130.24,0,2.766e-57,0.274652
130.25,0,2.73847e-57,0.274625
130.26,0,2.71123e-57,0.274597
130.27,0,2.68425e-57,0.27457
130.28,0,2.65754e-57,0.274542
130.29,0,2.6311e-57,0.274515
130.3,0,2.60492e-57,0.274487
130.31,0,2.579e-57,0.27446
130.32,0,2.55334e-57,0.274433
130.33,0,2.52793e-57,0.274405
130.34,0,2.50278e-57,0.274378
130.35,0,2.47787e-57,0.27435
130.36,0,2.45322e-57,0.274323
130.37,0,2.42881e-57,0.274295
130.38,0,2.40464e-57,0.274268
130.39,0,2.38071e-57,0.274241
130.4,0,2.35703e-57,0.274213
130.41,0,2.33357e-57,0.274186
130.42,0,2.31035e-57,0.274158
130.43,0,2.28737e-57,0.274131
130.44,0,2.26461e-57,0.274103
130.45,0,2.24207e-57,0.274076
130.46,0,2.21976e-57,0.274049
130.47,0,2.19768e-57,0.274021
130.48,0,2.17581e-57,0.273994
130.49,0,2.15416e-57,0.273966
130.5,0,2.13273e-57,0.273939
130.51,0,2.1115e-57,0.273912
130.52,0,2.09049e-57,0.273884
130.53,0,2.06969e-57,0.273857
130.54,0,2.0491e-57,0.273829
130.55,0,2.02871e-57,0.273802
130.56,0,2.00853e-57,0.273775
130.57,0,1.98854e-57,0.273747
130.58,0,1.96875e-57,0.27372
130.59,0,1.94916e-57,0.273693
130.6,0,1.92977e-57,0.273665
130.61,0,1.91057e-57,0.273638
130.62,0,1.89156e-57,0.273611
130.63,0,1.87274e-57,0.273583
130.64,0,1.8541e-57,0.273556
130.65,0,1.83565e-57,0.273528
130.66,0,1.81739e-57,0.273501
130.67,0,1.79931e-57,0.273474
130.68,0,1.7814e-57,0.273446
130.69,0,1.76368e-57,0.273419
130.7,0,1.74613e-57,0.273392
130.71,0,1.72875e-57,0.273364
130.72,0,1.71155e-57,0.273337
130.73,0,1.69452e-57,0.27331
130.74,0,1.67766e-57,0.273282
130.75,0,1.66097e-57,0.273255
130.76,0,1.64444e-57,0.273228
130.77,0,1.62808e-57,0.2732
130.78,0,1.61188e-57,0.273173
130.79,0,1.59584e-57,0.273146
130.8,0,1.57996e-57,0.273118
130.81,0,1.56424e-57,0.273091
130.82,0,1.54868e-57,0.273064
130.83,0,1.53327e-57,0.273037
130.84,0,1.51801e-57,0.273009
130.85,0,1.50291e-57,0.272982
130.86,0,1.48795e-57,0.272955
130.87,0,1.47315e-57,0.272927
130.88,0,1.45849e-57,0.2729
130.89,0,1.44398e-57,0.272873
130.9,0,1.42961e-57,0.272845
130.91,0,1.41538e-57,0.272818
130.92,0,1.4013e-57,0.272791
130.93,0,1.38736e-57,0.272764
130.94,0,1.37355e-57,0.272736
130.95,0,1.35989e-57,0.272709
130.96,0,1.34635e-57,0.272682
130.97,0,1.33296e-57,0.272655
130.98,0,1.31969e-57,0.272627
130.99,0,1.30656e-57,0.2726
131,0,1.29356e-57,0.272573
131.01,0,1.28069e-57,0.272546
131.02,0,1.26795e-57,0.272518
131.03,0,1.25533e-57,0.272491
131.04,0,1.24284e-57,0.272464
131.05,0,1.23048e-57,0.272437
131.06,0,1.21823e-57,0.272409
131.07,0,1.20611e-57,0.272382
131.08,0,1.19411e-57,0.272355
131.09,0,1.18223e-57,0.272328
131.1,0,1.17046e-57,0.2723
131.11,0,1.15882e-57,0.272273
131.12,0,1.14729e-57,0.272246
131.13,0,1.13587e-57,0.272219
131.14,0,1.12457e-57,0.272191
131.15,0,1.11338e-57,0.272164
131.16,0,1.1023e-57,0.272137
131.17,0,1.09133e-57,0.27211
131.18,0,1.08047e-57,0.272083
131.19,0,1.06972e-57,0.272055
131.2,0,1.05908e-57,0.272028
131.21,0,1.04854e-57,0.272001
131.22,0,1.03811e-57,0.271974
131.23,0,1.02778e-57,0.271947
131.24,0,1.01755e-57,0.271919
131.25,0,1.00743e-57,0.271892
131.26,0,9.97404e-58,0.271865
131.27,0,9.8748e-58,0.271838
131.28,0,9.77654e-58,0.271811
131.29,0,9.67926e-58,0.271783
131.3,0,9.58295e-58,0.271756
131.31,0,9.4876e-58,0.271729
131.32,0,9.3932e-58,0.271702
131.33,0,9.29973e-58,0.271675
131.34,0,9.2072e-58,0.271648
131.35,0,9.11559e-58,0.27162
131.36,0,9.02488e-58,0.271593
131.37,0,8.93509e-58,0.271566
131.38,0,8.84618e-58,0.271539
131.39,0,8.75816e-58,0.271512
131.4,0,8.67101e-58,0.271485
131.41,0,8.58474e-58,0.271458
131.42,0,8.49932e-58,0.27143
131.43,0,8.41475e-58,0.271403
131.44,0,8.33102e-58,0.271376
131.45,0,8.24812e-58,0.271349
131.46,0,8.16605e-58,0.271322
131.47,0,8.0848e-58,0.271295
131.48,0,8.00435e-58,0.271268
131.49,0,7.92471e-58,0.27124
131.5,0,7.84586e-58,0.271213
131.51,0,7.76779e-58,0.271186
131.52,0,7.6905e-58,0.271159
131.53,0,7.61398e-58,0.271132
131.54,0,7.53822e-58,0.271105
131.55,0,7.46321e-58,0.271078
131.56,0,7.38895e-58,0.271051
131.57,0,7.31543e-58,0.271024
131.58,0,7.24264e-58,0.270996
131.59,0,7.17057e-58,0.270969
131.6,0,7.09923e-58,0.270942
131.61,0,7.02859e-58,0.270915
131.62,0,6.95865e-58,0.270888
131.63,0,6.88941e-58,0.270861
131.64,0,6.82086e-58,0.270834
131.65,0,6.75299e-58,0.270807
131.66,0,6.6858e-58,0.27078
131.67,0,6.61927e-58,0.270753
131.68,0,6.55341e-58,0.270726
131.69,0,6.4882e-58,0.270698
131.7,0,6.42365e-58,0.270671
131.71,0,6.35973e-58,0.270644
131.72,0,6.29645e-58,0.270617
131.73,0,6.2338e-58,0.27059
131.74,0,6.17177e-58,0.270563
131.75,0,6.11036e-58,0.270536
131.76,0,6.04956e-58,0.270509
131.77,0,5.98937e-58,0.270482
131.78,0,5.92977e-58,0.270455
131.79,0,5.87077e-58,0.270428
131.8,0,5.81235e-58,0.270401
131.81,0,5.75452e-58,0.270374
131.82,0,5.69726e-58,0.270347
131.83,0,5.64057e-58,0.27032
131.84,0,5.58445e-58,0.270293
131.85,0,5.52888e-58,0.270266
131.86,0,5.47387e-58,0.270239
131.87,0,5.4194e-58,0.270212
131.88,0,5.36548e-58,0.270185
131.89,0,5.31209e-58,0.270158
131.9,0,5.25924e-58,0.270131
131.91,0,5.20691e-58,0.270104
131.92,0,5.1551e-58,0.270077
131.93,0,5.1038e-58,0.27005
131.94,0,5.05302e-58,0.270023
131.95,0,5.00274e-58,0.269996
131.96,0,4.95296e-58,0.269969
131.97,0,4.90368e-58,0.269942
131.98,0,4.85489e-58,0.269915
131.99,0,4.80658e-58,0.269888
132,0,4.75875e-58,0.269861
132.01,0,4.7114e-58,0.269834
132.02,0,4.66452e-58,0.269807
132.03,0,4.61811e-58,0.26978
132.04,0,4.57216e-58,0.269753
132.05,0,4.52667e-58,0.269726
132.06,0,4.48163e-58,0.269699
132.07,0,4.43703e-58,0.269672
132.08,0,4.39288e-58,0.269645
132.09,0,4.34917e-58,0.269618
132.1,0,4.3059e-58,0.269591
132.11,0,4.26305e-58,0.269564
132.12,0,4.22064e-58,0.269537
132.13,0,4.17864e-58,0.26951
132.14,0,4.13706e-58,0.269483
132.15,0,4.0959e-58,0.269456
132.16,0,4.05514e-58,0.269429
132.17,0,4.01479e-58,0.269402
132.18,0,3.97484e-58,0.269375
132.19,0,3.93529e-58,0.269348
132.2,0,3.89614e-58,0.269321
132.21,0,3.85737e-58,0.269295
132.22,0,3.81899e-58,0.269268
132.23,0,3.78099e-58,0.269241
132.24,0,3.74337e-58,0.269214
132.25,0,3.70612e-58,0.269187
132.26,0,3.66924e-58,0.26916
132.27,0,3.63273e-58,0.269133
132.28,0,3.59659e-58,0.269106
132.29,0,3.5608e-58,0.269079
132.3,0,3.52537e-58,0.269052
132.31,0,3.49029e-58,0.269025
132.32,0,3.45556e-58,0.268998
132.33,0,3.42118e-58,0.268972
132.34,0,3.38714e-58,0.268945
132.35,0,3.35344e-58,0.268918
132.36,0,3.32007e-58,0.268891
132.37,0,3.28703e-58,0.268864
132.38,0,3.25433e-58,0.268837
132.39,0,3.22195e-58,0.26881
132.4,0,3.18989e-58,0.268783
132.41,0,3.15815e-58,0.268756
132.42,0,3.12672e-58,0.26873
132.43,0,3.09561e-58,0.268703
132.44,0,3.06481e-58,0.268676
132.45,0,3.03432e-58,0.268649
132.46,0,3.00412e-58,0.268622
132.47,0,2.97423e-58,0.268595
132.48,0,2.94464e-58,0.268568
132.49,0,2.91534e-58,0.268542
132.5,0,2.88633e-58,0.268515
132.51,0,2.85761e-58,0.268488
132.52,0,2.82918e-58,0.268461
132.53,0,2.80103e-58,0.268434
132.54,0,2.77316e-58,0.268407
132.55,0,2.74556e-58,0.26838
132.56,0,2.71824e-58,0.268354
132.57,0,2.6912e-58,0.268327
132.58,0,2.66442e-58,0.2683
132.59,0,2.63791e-58,0.268273
132.6,0,2.61166e-58,0.268246
132.61,0,2.58567e-58,0.268219
132.62,0,2.55994e-58,0.268193
132.63,0,2.53447e-58,0.268166
132.64,0,2.50925e-58,0.268139
132.65,0,2.48429e-58,0.268112
132.66,0,2.45957e-58,0.268085
132.67,0,2.43509e-58,0.268059
132.68,0,2.41087e-58,0.268032
132.69,0,2.38688e-58,0.268005
132.7,0,2.36313e-58,0.267978
132.71,0,2.33961e-58,0.267951
132.72,0,2.31633e-58,0.267925
132.73,0,2.29329e-58,0.267898
132.74,0,2.27047e-58,0.267871
132.75,0,2.24788e-58,0.267844
132.76,0,2.22551e-58,0.267817
132.77,0,2.20336e-58,0.267791
132.78,0,2.18144e-58,0.267764
132.79,0,2.15974e-58,0.267737
132.8,0,2.13825e-58,0.26771
132.81,0,2.11697e-58,0.267684
132.82,0,2.09591e-58,0.267657
132.83,0,2.07505e-58,0.26763
132.84,0,2.0544e-58,0.267603
132.85,0,2.03396e-58,0.267577
132.86,0,2.01372e-58,0.26755
132.87,0,1.99369e-58,0.267523
132.88,0,1.97385e-58,0.267496
132.89,0,1.95421e-58,0.26747
132.9,0,1.93476e-58,0.267443
132.91,0,1.91551e-58,0.267416
132.92,0,1.89645e-58,0.267389
132.93,0,1.87758e-58,0.267363
132.94,0,1.8589e-58,0.267336
132.95,0,1.84041e-58,0.267309
132.96,0,1.82209e-58,0.267282
132.97,0,1.80396e-58,0.267256
132.98,0,1.78601e-58,0.267229
132.99,0,1.76824e-58,0.267202
133,0,1.75065e-58,0.267175
133.01,0,1.73323e-58,0.267149
133.02,0,1.71598e-58,0.267122
133.03,0,1.69891e-58,0.267095
133.04,0,1.682e-58,0.267069
133.05,0,1.66527e-58,0.267042
133.06,0,1.6487e-58,0.267015
133.07,0,1.63229e-58,0.266989
133.08,0,1.61605e-58,0.266962
133.09,0,1.59997e-58,0.266935
133.1,0,1.58405e-58,0.266908
133.11,0,1.56829e-58,0.266882
133.12,0,1.55269e-58,0.266855
133.13,0,1.53724e-58,0.266828
133.14,0,1.52194e-58,0.266802
133.15,0,1.5068e-58,0.266775
133.16,0,1.4918e-58,0.266748
133.17,0,1.47696e-58,0.266722
133.18,0,1.46226e-58,0.266695
133.19,0,1.44771e-58,0.266668
133.2,0,1.43331e-58,0.266642
133.21,0,1.41905e-58,0.266615
133.22,0,1.40493e-58,0.266588
133.23,0,1.39095e-58,0.266562
133.24,0,1.37711e-58,0.266535
133.25,0,1.36341e-58,0.266508
133.26,0,1.34984e-58,0.266482
133.27,0,1.33641e-58,0.266455
133.28,0,1.32311e-58,0.266428
133.29,0,1.30995e-58,0.266402
133.3,0,1.29691e-58,0.266375
133.31,0,1.28401e-58,0.266349
133.32,0,1.27123e-58,0.266322
133.33,0,1.25858e-58,0.266295
133.34,0,1.24606e-58,0.266269
133.35,0,1.23366e-58,0.266242
133.36,0,1.22139e-58,0.266215
133.37,0,1.20923e-58,0.266189
133.38,0,1.1972e-58,0.266162
133.39,0,1.18529e-58,0.266136
133.4,0,1.17349e-58,0.266109
133.41,0,1.16182e-58,0.266082
133.42,0,1.15026e-58,0.266056
133.43,0,1.13881e-58,0.266029
133.44,0,1.12748e-58,0.266002
133.45,0,1.11626e-58,0.265976
133.46,0,1.10516e-58,0.265949
133.47,0,1.09416e-58,0.265923
133.48,0,1.08327e-58,0.265896
133.49,0,1.07249e-58,0.26587
133.5,0,1.06182e-58,0.265843
133.51,0,1.05126e-58,0.265816
133.52,0,1.0408e-58,0.26579
133.53,0,1.03044e-58,0.265763
133.54,0,1.02019e-58,0.265737
133.55,0,1.01004e-58,0.26571
133.56,0,9.99986e-59,0.265683
133.57,0,9.90036e-59,0.265657
133.58,0,9.80185e-59,0.26563
133.59,0,9.70432e-59,0.265604
133.6,0,9.60776e-59,0.265577
133.61,0,9.51216e-59,0.265551
133.62,0,9.41751e-59,0.265524
133.63,0,9.32381e-59,0.265498
133.64,0,9.23103e-59,0.265471
133.65,0,9.13918e-59,0.265444
133.66,0,9.04825e-59,0.265418
133.67,0,8.95821e-59,0.265391
133.68,0,8.86908e-59,0.265365
133.69,0,8.78083e-59,0.265338
133.7,0,8.69346e-59,0.265312
133.71,0,8.60696e-59,0.265285
133.72,0,8.52132e-59,0.265259
133.73,0,8.43653e-59,0.265232
133.74,0,8.35258e-59,0.265206
133.75,0,8.26947e-59,0.265179
133.76,0,8.18719e-59,0.265153
133.77,0,8.10573e-59,0.265126
133.78,0,8.02507e-59,0.2651
133.79,0,7.94522e-59,0.265073
133.8,0,7.86617e-59,0.265047
133.81,0,7.7879e-59,0.26502
133.82,0,7.71041e-59,0.264994
133.83,0,7.63369e-59,0.264967
133.84,0,7.55773e-59,0.264941
133.85,0,7.48253e-59,0.264914
133.86,0,7.40808e-59,0.264888
133.87,0,7.33436e-59,0.264861
133.88,0,7.26139e-59,0.264835
133.89,0,7.18913e-59,0.264808
133.9,0,7.1176e-59,0.264782
133.91,0,7.04678e-59,0.264755
133.92,0,6.97666e-59,0.264729
133.93,0,6.90724e-59,0.264702
133.94,0,6.83852e-59,0.264676
133.95,0,6.77047e-59,0.264649
133.96,0,6.7031e-59,0.264623
133.97,0,6.63641e-59,0.264596
133.98,0,6.57037e-59,0.26457
133.99,0,6.505e-59,0.264543
134,0,6.44027e-59,0.264517
134.01,0,6.37619e-59,0.264491
134.02,0,6.31275e-59,0.264464
134.03,0,6.24993e-59,0.264438
134.04,0,6.18775e-59,0.264411
134.05,0,6.12618e-59,0.264385
134.06,0,6.06522e-59,0.264358
134.07,0,6.00487e-59,0.264332
134.08,0,5.94512e-59,0.264305
134.09,0,5.88597e-59,0.264279
134.1,0,5.8274e-59,0.264253
134.11,0,5.76942e-59,0.264226
134.12,0,5.71201e-59,0.2642
134.13,0,5.65517e-59,0.264173
134.14,0,5.5989e-59,0.264147
134.15,0,5.54319e-59,0.264121
134.16,0,5.48804e-59,0.264094
134.17,0,5.43343e-59,0.264068
134.18,0,5.37937e-59,0.264041
134.19,0,5.32584e-59,0.264015
134.2,0,5.27285e-59,0.263989
134.21,0,5.22038e-59,0.263962
134.22,0,5.16844e-59,0.263936
134.23,0,5.11701e-59,0.263909
134.24,0,5.0661e-59,0.263883
134.25,0,5.01569e-59,0.263857
134.26,0,4.96578e-59,0.26383
134.27,0,4.91637e-59,0.263804
134.28,0,4.86745e-59,0.263777
134.29,0,4.81902e-59,0.263751
134.3,0,4.77107e-59,0.263725
134.31,0,4.7236e-59,0.263698
134.32,0,4.6766e-59,0.263672
134.33,0,4.63006e-59,0.263646
134.34,0,4.58399e-59,0.263619
134.35,0,4.53838e-59,0.263593
134.36,0,4.49323e-59,0.263566
134.37,0,4.44852e-59,0.26354
134.38,0,4.40425e-59,0.263514
134.39,0,4.36043e-59,0.263487
134.4,0,4.31704e-59,0.263461
134.41,0,4.27409e-59,0.263435
134.42,0,4.23156e-59,0.263408
134.43,0,4.18946e-59,0.263382
134.44,0,4.14777e-59,0.263356
134.45,0,4.1065e-59,0.263329
134.46,0,4.06564e-59,0.263303
134.47,0,4.02518e-59,0.263277
134.48,0,3.98513e-59,0.26325
134.49,0,3.94548e-59,0.263224
134.5,0,3.90622e-59,0.263198
134.51,0,3.86736e-59,0.263171
134.52,0,3.82887e-59,0.263145
134.53,0,3.79078e-59,0.263119
134.54,0,3.75306e-59,0.263092
134.55,0,3.71571e-59,0.263066
134.56,0,3.67874e-59,0.26304
134.57,0,3.64214e-59,0.263014
134.58,0,3.6059e-59,0.262987
134.59,0,3.57002e-59,0.262961
134.6,0,3.5345e-59,0.262935
134.61,0,3.49933e-59,0.262908
134.62,0,3.46451e-59,0.262882
134.63,0,3.43004e-59,0.262856
134.64,0,3.39591e-59,0.26283
134.65,0,3.36212e-59,0.262803
134.66,0,3.32866e-59,0.262777
134.67,0,3.29554e-59,0.262751
134.68,0,3.26275e-59,0.262724
134.69,0,3.23029e-59,0.262698
134.7,0,3.19814e-59,0.262672
134.71,0,3.16632e-59,0.262646
134.72,0,3.13482e-59,0.262619
134.73,0,3.10363e-59,0.262593
134.74,0,3.07274e-59,0.262567
134.75,0,3.04217e-59,0.262541
134.76,0,3.0119e-59,0.262514
134.77,0,2.98193e-59,0.262488
134.78,0,2.95226e-59,0.262462
134.79,0,2.92288e-59,0.262436
134.8,0,2.8938e-59,0.262409
134.81,0,2.86501e-59,0.262383
134.82,0,2.8365e-59,0.262357
134.83,0,2.80828e-59,0.262331
134.84,0,2.78033e-59,0.262304
134.85,0,2.75267e-59,0.262278
134.86,0,2.72528e-59,0.262252
134.87,0,2.69816e-59,0.262226
134.88,0,2.67131e-59,0.262199
134.89,0,2.64473e-59,0.262173
134.9,0,2.61842e-59,0.262147
134.91,0,2.59237e-59,0.262121
134.92,0,2.56657e-59,0.262095
134.93,0,2.54103e-59,0.262068
134.94,0,2.51575e-59,0.262042
134.95,0,2.49072e-59,0.262016
134.96,0,2.46593e-59,0.26199
134.97,0,2.4414e-59,0.261964
134.98,0,2.41711e-59,0.261937
134.99,0,2.39306e-59,0.261911
135,0,2.36924e-59,0.261885
135.01,0,2.34567e-59,0.261859
135.02,0,2.32233e-59,0.261833
135.03,0,2.29922e-59,0.261806
135.04,0,2.27634e-59,0.26178
135.05,0,2.25369e-59,0.261754
135.06,0,2.23127e-59,0.261728
135.07,0,2.20907e-59,0.261702
135.08,0,2.18709e-59,0.261676
135.09,0,2.16533e-59,0.261649
135.1,0,2.14378e-59,0.261623
135.11,0,2.12245e-59,0.261597
135.12,0,2.10133e-59,0.261571
135.13,0,2.08042e-59,0.261545
135.14,0,2.05972e-59,0.261519
135.15,0,2.03923e-59,0.261493
135.16,0,2.01894e-59,0.261466
135.17,0,1.99885e-59,0.26144
135.18,0,1.97896e-59,0.261414
135.19,0,1.95927e-59,0.261388
135.2,0,1.93977e-59,0.261362
135.21,0,1.92047e-59,0.261336
135.22,0,1.90136e-59,0.26131
135.23,0,1.88244e-59,0.261283
135.24,0,1.86371e-59,0.261257
135.25,0,1.84517e-59,0.261231
135.26,0,1.82681e-59,0.261205
135.27,0,1.80863e-59,0.261179
135.28,0,1.79064e-59,0.261153
135.29,0,1.77282e-59,0.261127
135.3,0,1.75518e-59,0.261101
135.31,0,1.73771e-59,0.261074
135.32,0,1.72042e-59,0.261048
135.33,0,1.70331e-59,0.261022
135.34,0,1.68636e-59,0.260996
135.35,0,1.66958e-59,0.26097
135.36,0,1.65297e-59,0.260944
135.37,0,1.63652e-59,0.260918
135.38,0,1.62023e-59,0.260892
135.39,0,1.60411e-59,0.260866
135.4,0,1.58815e-59,0.26084
135.41,0,1.57235e-59,0.260814
135.42,0,1.5567e-59,0.260787
135.43,0,1.54121e-59,0.260761
135.44,0,1.52588e-59,0.260735
135.45,0,1.5107e-59,0.260709
135.46,0,1.49566e-59,0.260683
135.47,0,1.48078e-59,0.260657
135.48,0,1.46605e-59,0.260631
135.49,0,1.45146e-59,0.260605
135.5,0,1.43702e-59,0.260579
135.51,0,1.42272e-59,0.260553
135.52,0,1.40856e-59,0.260527
135.53,0,1.39455e-59,0.260501
135.54,0,1.38067e-59,0.260475
135.55,0,1.36693e-59,0.260449
135.56,0,1.35333e-59,0.260423
135.57,0,1.33987e-59,0.260397
135.58,0,1.32654e-59,0.260371
135.59,0,1.31334e-59,0.260344
135.6,0,1.30027e-59,0.260318
135.61,0,1.28733e-59,0.260292
135.62,0,1.27452e-59,0.260266
135.63,0,1.26184e-59,0.26024
135.64,0,1.24928e-59,0.260214
135.65,0,1.23685e-59,0.260188
135.66,0,1.22455e-59,0.260162
135.67,0,1.21236e-59,0.260136
135.68,0,1.2003e-59,0.26011
135.69,0,1.18836e-59,0.260084
135.7,0,1.17653e-59,0.260058
135.71,0,1.16482e-59,0.260032
135.72,0,1.15323e-59,0.260006
135.73,0,1.14176e-59,0.25998
135.74,0,1.1304e-59,0.259954
135.75,0,1.11915e-59,0.259928
135.76,0,1.10802e-59,0.259902
135.77,0,1.09699e-59,0.259876
135.78,0,1.08608e-59,0.25985
135.79,0,1.07527e-59,0.259824
135.8,0,1.06457e-59,0.259798
135.81,0,1.05398e-59,0.259772
135.82,0,1.04349e-59,0.259746
135.83,0,1.03311e-59,0.25972
135.84,0,1.02283e-59,0.259694
135.85,0,1.01265e-59,0.259668
135.86,0,1.00257e-59,0.259642
135.87,0,9.92598e-60,0.259617
135.88,0,9.82722e-60,0.259591
135.89,0,9.72944e-60,0.259565
135.9,0,9.63263e-60,0.259539
135.91,0,9.53678e-60,0.259513
135.92,0,9.44189e-60,0.259487
135.93,0,9.34794e-60,0.259461
135.94,0,9.25493e-60,0.259435
135.95,0,9.16284e-60,0.259409
135.96,0,9.07167e-60,0.259383
135.97,0,8.9814e-60,0.259357
135.98,0,8.89203e-60,0.259331
135.99,0,8.80356e-60,0.259305
136,0,8.71596e-60,0.259279
136.01,0,8.62924e-60,0.259253
136.02,0,8.54337e-60,0.259227
136.03,0,8.45837e-60,0.259201
136.04,0,8.3742e-60,0.259176
136.05,0,8.29088e-60,0.25915
136.06,0,8.20838e-60,0.259124
136.07,0,8.12671e-60,0.259098
136.08,0,8.04585e-60,0.259072
136.09,0,7.96579e-60,0.259046
136.1,0,7.88653e-60,0.25902
136.11,0,7.80806e-60,0.258994
136.12,0,7.73036e-60,0.258968
136.13,0,7.65345e-60,0.258942
136.14,0,7.57729e-60,0.258917
136.15,0,7.5019e-60,0.258891
136.16,0,7.42725e-60,0.258865
136.17,0,7.35335e-60,0.258839
136.18,0,7.28018e-60,0.258813
136.19,0,7.20774e-60,0.258787
136.2,0,7.13603e-60,0.258761
136.21,0,7.06502e-60,0.258735
136.22,0,6.99472e-60,0.258709
136.23,0,6.92512e-60,0.258684
136.24,0,6.85622e-60,0.258658
136.25,0,6.788e-60,0.258632
136.26,0,6.72046e-60,0.258606
136.27,0,6.65359e-60,0.25858
136.28,0,6.58738e-60,0.258554
136.29,0,6.52184e-60,0.258528
136.3,0,6.45694e-60,0.258503
136.31,0,6.39269e-60,0.258477
136.32,0,6.32909e-60,0.258451
136.33,0,6.26611e-60,0.258425
136.34,0,6.20376e-60,0.258399
136.35,0,6.14203e-60,0.258373
136.36,0,6.08092e-60,0.258348
136.37,0,6.02041e-60,0.258322
136.38,0,5.96051e-60,0.258296
136.39,0,5.9012e-60,0.25827
136.4,0,5.84248e-60,0.258244
136.41,0,5.78435e-60,0.258218
136.42,0,5.72679e-60,0.258193
136.43,0,5.66981e-60,0.258167
136.44,0,5.6134e-60,0.258141
136.45,0,5.55754e-60,0.258115
136.46,0,5.50224e-60,0.258089
136.47,0,5.4475e-60,0.258063
136.48,0,5.39329e-60,0.258038
136.49,0,5.33963e-60,0.258012
136.5,0,5.2865e-60,0.257986
136.51,0,5.2339e-60,0.25796
136.52,0,5.18182e-60,0.257934
136.53,0,5.13026e-60,0.257909
136.54,0,5.07921e-60,0.257883
136.55,0,5.02867e-60,0.257857
136.56,0,4.97864e-60,0.257831
136.57,0,4.9291e-60,0.257806
136.58,0,4.88005e-60,0.25778
136.59,0,4.83149e-60,0.257754
136.6,0,4.78342e-60,0.257728
136.61,0,4.73582e-60,0.257702
136.62,0,4.6887e-60,0.257677
136.63,0,4.64205e-60,0.257651
136.64,0,4.59586e-60,0.257625
136.65,0,4.55013e-60,0.257599
136.66,0,4.50486e-60,0.257574
136.67,0,4.46003e-60,0.257548
136.68,0,4.41565e-60,0.257522
136.69,0,4.37172e-60,0.257496
136.7,0,4.32822e-60,0.257471
136.71,0,4.28515e-60,0.257445
136.72,0,4.24251e-60,0.257419
136.73,0,4.2003e-60,0.257393
136.74,0,4.15851e-60,0.257368
136.75,0,4.11713e-60,0.257342
136.76,0,4.07616e-60,0.257316
136.77,0,4.0356e-60,0.25729
136.78,0,3.99545e-60,0.257265
136.79,0,3.95569e-60,0.257239
136.8,0,3.91633e-60,0.257213
136.81,0,3.87737e-60,0.257188
136.82,0,3.83879e-60,0.257162
136.83,0,3.80059e-60,0.257136
136.84,0,3.76277e-60,0.25711
136.85,0,3.72533e-60,0.257085
136.86,0,3.68826e-60,0.257059
136.87,0,3.65157e-60,0.257033
136.88,0,3.61523e-60,0.257008
136.89,0,3.57926e-60,0.256982
136.9,0,3.54365e-60,0.256956
136.91,0,3.50839e-60,0.25693
136.92,0,3.47348e-60,0.256905
136.93,0,3.43891e-60,0.256879
136.94,0,3.4047e-60,0.256853
136.95,0,3.37082e-60,0.256828
136.96,0,3.33728e-60,0.256802
136.97,0,3.30407e-60,0.256776
136.98,0,3.2712e-60,0.256751
136.99,0,3.23865e-60,0.256725
137,0,3.20642e-60,0.256699
137.01,0,3.17452e-60,0.256674
137.02,0,3.14293e-60,0.256648
137.03,0,3.11166e-60,0.256622
137.04,0,3.0807e-60,0.256597
137.05,0,3.05004e-60,0.256571
137.06,0,3.0197e-60,0.256545
137.07,0,2.98965e-60,0.25652
137.08,0,2.9599e-60,0.256494
137.09,0,2.93045e-60,0.256468
137.1,0,2.90129e-60,0.256443
137.11,0,2.87242e-60,0.256417
137.12,0,2.84384e-60,0.256392
137.13,0,2.81555e-60,0.256366
137.14,0,2.78753e-60,0.25634
137.15,0,2.75979e-60,0.256315
137.16,0,2.73233e-60,0.256289
137.17,0,2.70515e-60,0.256263
137.18,0,2.67823e-60,0.256238
137.19,0,2.65158e-60,0.256212
137.2,0,2.6252e-60,0.256186
137.21,0,2.59908e-60,0.256161
137.22,0,2.57321e-60,0.256135
137.23,0,2.54761e-60,0.25611
137.24,0,2.52226e-60,0.256084
137.25,0,2.49716e-60,0.256058
137.26,0,2.47232e-60,0.256033
137.27,0,2.44772e-60,0.256007
137.28,0,2.42336e-60,0.255982
137.29,0,2.39925e-60,0.255956
137.3,0,2.37538e-60,0.25593
137.31,0,2.35174e-60,0.255905
137.32,0,2.32834e-60,0.255879
137.33,0,2.30517e-60,0.255854
137.34,0,2.28224e-60,0.255828
137.35,0,2.25953e-60,0.255802
137.36,0,2.23705e-60,0.255777
137.37,0,2.21479e-60,0.255751
137.38,0,2.19275e-60,0.255726
137.39,0,2.17093e-60,0.2557
137.4,0,2.14933e-60,0.255675
137.41,0,2.12794e-60,0.255649
137.42,0,2.10677e-60,0.255623
137.43,0,2.08581e-60,0.255598
137.44,0,2.06505e-60,0.255572
137.45,0,2.04451e-60,0.255547
137.46,0,2.02416e-60,0.255521
137.47,0,2.00402e-60,0.255496
137.48,0,1.98408e-60,0.25547
137.49,0,1.96434e-60,0.255445
137.5,0,1.94479e-60,0.255419
137.51,0,1.92544e-60,0.255394
137.52,0,1.90628e-60,0.255368
137.53,0,1.88732e-60,0.255342
137.54,0,1.86854e-60,0.255317
137.55,0,1.84995e-60,0.255291
137.56,0,1.83154e-60,0.255266
137.57,0,1.81331e-60,0.25524
137.58,0,1.79527e-60,0.255215
137.59,0,1.77741e-60,0.255189
137.6,0,1.75972e-60,0.255164
137.61,0,1.74221e-60,0.255138
137.62,0,1.72488e-60,0.255113
137.63,0,1.70771e-60,0.255087
137.64,0,1.69072e-60,0.255062
137.65,0,1.6739e-60,0.255036
137.66,0,1.65724e-60,0.255011
137.67,0,1.64075e-60,0.254985
137.68,0,1.62443e-60,0.25496
137.69,0,1.60826e-60,0.254934
137.7,0,1.59226e-60,0.254909
137.71,0,1.57642e-60,0.254883
137.72,0,1.56073e-60,0.254858
137.73,0,1.5452e-60,0.254832
137.74,0,1.52983e-60,0.254807
137.75,0,1.51461e-60,0.254781
137.76,0,1.49954e-60,0.254756
137.77,0,1.48462e-60,0.25473
137.78,0,1.46984e-60,0.254705
137.79,0,1.45522e-60,0.254679
137.8,0,1.44074e-60,0.254654
137.81,0,1.4264e-60,0.254628
137.82,0,1.41221e-60,0.254603
137.83,0,1.39816e-60,0.254578
137.84,0,1.38425e-60,0.254552
137.85,0,1.37047e-60,0.254527
137.86,0,1.35684e-60,0.254501
137.87,0,1.34334e-60,0.254476
137.88,0,1.32997e-60,0.25445
137.89,0,1.31674e-60,0.254425
137.9,0,1.30363e-60,0.254399
137.91,0,1.29066e-60,0.254374
137.92,0,1.27782e-60,0.254349
137.93,0,1.26511e-60,0.254323
137.94,0,1.25252e-60,0.254298
137.95,0,1.24006e-60,0.254272
137.96,0,1.22772e-60,0.254247
137.97,0,1.2155e-60,0.254221
137.98,0,1.20341e-60,0.254196
137.99,0,1.19143e-60,0.254171
138,0,1.17958e-60,0.254145
138.01,0,1.16784e-60,0.25412
138.02,0,1.15622e-60,0.254094
138.03,0,1.14472e-60,0.254069
138.04,0,1.13333e-60,0.254044
138.05,0,1.12205e-60,0.254018
138.06,0,1.11088e-60,0.253993
138.07,0,1.09983e-60,0.253967
138.08,0,1.08889e-60,0.253942
138.09,0,1.07805e-60,0.253917
138.1,0,1.06733e-60,0.253891
138.11,0,1.05671e-60,0.253866
138.12,0,1.04619e-60,0.25384
138.13,0,1.03578e-60,0.253815
138.14,0,1.02547e-60,0.25379
138.15,0,1.01527e-60,0.253764
138.16,0,1.00517e-60,0.253739
138.17,0,9.95168e-61,0.253713
138.18,0,9.85266e-61,0.253688
138.19,0,9.75462e-61,0.253663
138.2,0,9.65756e-61,0.253637
138.21,0,9.56147e-61,0.253612
138.22,0,9.46633e-61,0.253587
138.23,0,9.37214e-61,0.253561
138.24,0,9.27888e-61,0.253536
138.25,0,9.18656e-61,0.253511
138.26,0,9.09515e-61,0.253485
138.27,0,9.00465e-61,0.25346
138.28,0,8.91505e-61,0.253435
138.29,0,8.82635e-61,0.253409
138.3,0,8.73852e-61,0.253384
138.31,0,8.65157e-61,0.253359
138.32,0,8.56549e-61,0.253333
138.33,0,8.48026e-61,0.253308
138.34,0,8.39588e-61,0.253283
138.35,0,8.31234e-61,0.253257
138.36,0,8.22963e-61,0.253232
138.37,0,8.14774e-61,0.253207
138.38,0,8.06667e-61,0.253181
138.39,0,7.98641e-61,0.253156
138.4,0,7.90694e-61,0.253131
138.41,0,7.82827e-61,0.253105
138.42,0,7.75037e-61,0.25308
138.43,0,7.67326e-61,0.253055
138.44,0,7.59691e-61,0.253029
138.45,0,7.52132e-61,0.253004
138.46,0,7.44648e-61,0.252979
138.47,0,7.37238e-61,0.252953
138.48,0,7.29903e-61,0.252928
138.49,0,7.2264e-61,0.252903
138.5,0,7.1545e-61,0.252878
138.51,0,7.08331e-61,0.252852
138.52,0,7.01283e-61,0.252827
138.53,0,6.94305e-61,0.252802
138.54,0,6.87396e-61,0.252776
138.55,0,6.80557e-61,0.252751
138.56,0,6.73785e-61,0.252726
138.57,0,6.67081e-61,0.252701
138.58,0,6.60443e-61,0.252675
138.59,0,6.53872e-61,0.25265
138.6,0,6.47366e-61,0.252625
138.61,0,6.40924e-61,0.2526
138.62,0,6.34547e-61,0.252574
138.63,0,6.28233e-61,0.252549
138.64,0,6.21982e-61,0.252524
138.65,0,6.15793e-61,0.252499
138.66,0,6.09666e-61,0.252473
138.67,0,6.036e-61,0.252448
138.68,0,5.97594e-61,0.252423
138.69,0,5.91648e-61,0.252398
138.7,0,5.85761e-61,0.252372
138.71,0,5.79932e-61,0.252347
138.72,0,5.74162e-61,0.252322
138.73,0,5.68449e-61,0.252297
138.74,0,5.62793e-61,0.252271
138.75,0,5.57193e-61,0.252246
138.76,0,5.51649e-61,0.252221
138.77,0,5.4616e-61,0.252196
138.78,0,5.40725e-61,0.252171
138.79,0,5.35345e-61,0.252145
138.8,0,5.30018e-61,0.25212
138.81,0,5.24744e-61,0.252095
138.82,0,5.19523e-61,0.25207
138.83,0,5.14354e-61,0.252044
138.84,0,5.09236e-61,0.252019
138.85,0,5.04169e-61,0.251994
138.86,0,4.99152e-61,0.251969
138.87,0,4.94186e-61,0.251944
138.88,0,4.89268e-61,0.251918
138.89,0,4.844e-61,0.251893
138.9,0,4.7958e-61,0.251868
138.91,0,4.74808e-61,0.251843
138.92,0,4.70084e-61,0.251818
138.93,0,4.65406e-61,0.251793
138.94,0,4.60776e-61,0.251767
138.95,0,4.56191e-61,0.251742
138.96,0,4.51652e-61,0.251717
138.97,0,4.47158e-61,0.251692
138.98,0,4.42708e-61,0.251667
138.99,0,4.38303e-61,0.251642
139,0,4.33942e-61,0.251616
139.01,0,4.29624e-61,0.251591
139.02,0,4.2535e-61,0.251566
139.03,0,4.21117e-61,0.251541
139.04,0,4.16927e-61,0.251516
139.05,0,4.12779e-61,0.251491
139.06,0,4.08671e-61,0.251465
139.07,0,4.04605e-61,0.25144
139.08,0,4.00579e-61,0.251415
139.09,0,3.96593e-61,0.25139
139.1,0,3.92647e-61,0.251365
139.11,0,3.8874e-61,0.25134
139.12,0,3.84872e-61,0.251315
139.13,0,3.81043e-61,0.251289
139.14,0,3.77251e-61,0.251264
139.15,0,3.73497e-61,0.251239
139.16,0,3.69781e-61,0.251214
139.17,0,3.66102e-61,0.251189
139.18,0,3.62459e-61,0.251164
139.19,0,3.58852e-61,0.251139
139.2,0,3.55282e-61,0.251114
139.21,0,3.51747e-61,0.251089
139.22,0,3.48247e-61,0.251063
139.23,0,3.44782e-61,0.251038
139.24,0,3.41351e-61,0.251013
139.25,0,3.37954e-61,0.250988
139.26,0,3.34592e-61,0.250963
139.27,0,3.31263e-61,0.250938
139.28,0,3.27966e-61,0.250913
139.29,0,3.24703e-61,0.250888
139.3,0,3.21472e-61,0.250863
139.31,0,3.18274e-61,0.250838
139.32,0,3.15107e-61,0.250812
139.33,0,3.11971e-61,0.250787
139.34,0,3.08867e-61,0.250762
139.35,0,3.05794e-61,0.250737
139.36,0,3.02751e-61,0.250712
139.37,0,2.99739e-61,0.250687
139.38,0,2.96756e-61,0.250662
139.39,0,2.93804e-61,0.250637
139.4,0,2.9088e-61,0.250612
139.41,0,2.87986e-61,0.250587
139.42,0,2.8512e-61,0.250562
139.43,0,2.82283e-61,0.250537
139.44,0,2.79475e-61,0.250512
139.45,0,2.76694e-61,0.250487
139.46,0,2.73941e-61,0.250462
139.47,0,2.71215e-61,0.250437
139.48,0,2.68516e-61,0.250412
139.49,0,2.65844e-61,0.250386
139.5,0,2.63199e-61,0.250361
139.51,0,2.6058e-61,0.250336
139.52,0,2.57988e-61,0.250311
139.53,0,2.5542e-61,0.250286
139.54,0,2.52879e-61,0.250261
139.55,0,2.50363e-61,0.250236
139.56,0,2.47872e-61,0.250211
139.57,0,2.45405e-61,0.250186
139.58,0,2.42963e-61,0.250161
139.59,0,2.40546e-61,0.250136
139.6,0,2.38152e-61,0.250111
139.61,0,2.35783e-61,0.250086
139.62,0,2.33437e-61,0.250061
139.63,0,2.31114e-61,0.250036
139.64,0,2.28814e-61,0.250011
139.65,0,2.26538e-61,0.249986
139.66,0,2.24284e-61,0.249961
139.67,0,2.22052e-61,0.249936
139.68,0,2.19842e-61,0.249911
139.69,0,2.17655e-61,0.249886
139.7,0,2.15489e-61,0.249861
139.71,0,2.13345e-61,0.249836
139.72,0,2.11222e-61,0.249811
139.73,0,2.09121e-61,0.249786
139.74,0,2.0704e-61,0.249761
139.75,0,2.0498e-61,0.249736
139.76,0,2.0294e-61,0.249711
139.77,0,2.00921e-61,0.249686
139.78,0,1.98922e-61,0.249661
139.79,0,1.96942e-61,0.249636
139.8,0,1.94983e-61,0.249611
139.81,0,1.93043e-61,0.249587
139.82,0,1.91122e-61,0.249562
139.83,0,1.8922e-61,0.249537
139.84,0,1.87337e-61,0.249512
139.85,0,1.85473e-61,0.249487
139.86,0,1.83628e-61,0.249462
139.87,0,1.81801e-61,0.249437
139.88,0,1.79992e-61,0.249412
139.89,0,1.78201e-61,0.249387
139.9,0,1.76428e-61,0.249362
139.91,0,1.74672e-61,0.249337
139.92,0,1.72934e-61,0.249312
139.93,0,1.71213e-61,0.249287
139.94,0,1.6951e-61,0.249262
139.95,0,1.67823e-61,0.249237
139.96,0,1.66153e-61,0.249212
139.97,0,1.645e-61,0.249187
139.98,0,1.62863e-61,0.249163
139.99,0,1.61243e-61,0.249138
140,0,1.59638e-61,0.249113
140.01,0,1.5805e-61,0.249088
140.02,0,1.56477e-61,0.249063
140.03,0,1.5492e-61,0.249038
140.04,0,1.53379e-61,0.249013
140.05,0,1.51853e-61,0.248988
140.06,0,1.50342e-61,0.248963
140.07,0,1.48846e-61,0.248938
140.08,0,1.47365e-61,0.248914
140.09,0,1.45899e-61,0.248889
140.1,0,1.44447e-61,0.248864
140.11,0,1.4301e-61,0.248839
140.12,0,1.41587e-61,0.248814
140.13,0,1.40178e-61,0.248789
140.14,0,1.38783e-61,0.248764
140.15,0,1.37402e-61,0.248739
140.16,0,1.36035e-61,0.248714
140.17,0,1.34681e-61,0.24869
140.18,0,1.33341e-61,0.248665
140.19,0,1.32014e-61,0.24864
140.2,0,1.30701e-61,0.248615
140.21,0,1.294e-61,0.24859
140.22,0,1.28113e-61,0.248565
140.23,0,1.26838e-61,0.24854
140.24,0,1.25576e-61,0.248516
140.25,0,1.24327e-61,0.248491
140.26,0,1.23089e-61,0.248466
140.27,0,1.21865e-61,0.248441
140.28,0,1.20652e-61,0.248416
140.29,0,1.19452e-61,0.248391
140.3,0,1.18263e-61,0.248367
140.31,0,1.17086e-61,0.248342
140.32,0,1.15921e-61,0.248317
140.33,0,1.14768e-61,0.248292
140.34,0,1.13626e-61,0.248267
140.35,0,1.12495e-61,0.248242
140.36,0,1.11376e-61,0.248218
140.37,0,1.10268e-61,0.248193
140.38,0,1.09171e-61,0.248168
140.39,0,1.08084e-61,0.248143
140.4,0,1.07009e-61,0.248118
140.41,0,1.05944e-61,0.248093
140.42,0,1.0489e-61,0.248069
140.43,0,1.03846e-61,0.248044
140.44,0,1.02813e-61,0.248019
140.45,0,1.0179e-61,0.247994
140.46,0,1.00777e-61,0.247969
140.47,0,9.97744e-62,0.247945
140.48,0,9.87816e-62,0.24792
140.49,0,9.77987e-62,0.247895
140.5,0,9.68256e-62,0.24787
140.51,0,9.58621e-62,0.247846
140.52,0,9.49083e-62,0.247821
140.53,0,9.39639e-62,0.247796
140.54,0,9.3029e-62,0.247771
140.55,0,9.21033e-62,0.247746
140.56,0,9.11869e-62,0.247722
140.57,0,9.02796e-62,0.247697
140.58,0,8.93813e-62,0.247672
140.59,0,8.84919e-62,0.247647
140.6,0,8.76114e-62,0.247623
140.61,0,8.67397e-62,0.247598
140.62,0,8.58766e-62,0.247573
140.63,0,8.50221e-62,0.247548
140.64,0,8.41761e-62,0.247524
140.65,0,8.33385e-62,0.247499
140.66,0,8.25093e-62,0.247474
140.67,0,8.16883e-62,0.247449
140.68,0,8.08755e-62,0.247425
140.69,0,8.00708e-62,0.2474
140.7,0,7.92741e-62,0.247375
140.71,0,7.84853e-62,0.24735
140.72,0,7.77043e-62,0.247326
140.73,0,7.69312e-62,0.247301
140.74,0,7.61657e-62,0.247276
140.75,0,7.54078e-62,0.247251
140.76,0,7.46575e-62,0.247227
140.77,0,7.39147e-62,0.247202
140.78,0,7.31792e-62,0.247177
140.79,0,7.24511e-62,0.247153
140.8,0,7.17302e-62,0.247128
140.81,0,7.10164e-62,0.247103
140.82,0,7.03098e-62,0.247078
140.83,0,6.96102e-62,0.247054
140.84,0,6.89176e-62,0.247029
140.85,0,6.82318e-62,0.247004
140.86,0,6.75529e-62,0.24698
140.87,0,6.68808e-62,0.246955
140.88,0,6.62153e-62,0.24693
140.89,0,6.55564e-62,0.246905
140.9,0,6.49041e-62,0.246881
140.91,0,6.42583e-62,0.246856
140.92,0,6.36189e-62,0.246831
140.93,0,6.29859e-62,0.246807
140.94,0,6.23592e-62,0.246782
140.95,0,6.17387e-62,0.246757
140.96,0,6.11244e-62,0.246733
140.97,0,6.05162e-62,0.246708
140.98,0,5.99141e-62,0.246683
140.99,0,5.93179e-62,0.246659
141,0,5.87277e-62,0.246634
141.01,0,5.81433e-62,0.246609
141.02,0,5.75648e-62,0.246585
141.03,0,5.6992e-62,0.24656
141.04,0,5.64249e-62,0.246535
141.05,0,5.58635e-62,0.246511
141.06,0,5.53076e-62,0.246486
141.07,0,5.47573e-62,0.246461
141.08,0,5.42125e-62,0.246437
141.09,0,5.36731e-62,0.246412
141.1,0,5.3139e-62,0.246388
141.11,0,5.26103e-62,0.246363
141.12,0,5.20868e-62,0.246338
141.13,0,5.15685e-62,0.246314
141.14,0,5.10554e-62,0.246289
141.15,0,5.05474e-62,0.246264
141.16,0,5.00444e-62,0.24624
141.17,0,4.95465e-62,0.246215
141.18,0,4.90535e-62,0.24619
141.19,0,4.85654e-62,0.246166
141.2,0,4.80822e-62,0.246141
141.21,0,4.76037e-62,0.246117
141.22,0,4.71301e-62,0.246092
141.23,0,4.66611e-62,0.246067
141.24,0,4.61968e-62,0.246043
141.25,0,4.57372e-62,0.246018
141.26,0,4.52821e-62,0.245994
141.27,0,4.48315e-62,0.245969
141.28,0,4.43854e-62,0.245944
141.29,0,4.39438e-62,0.24592
141.3,0,4.35065e-62,0.245895
141.31,0,4.30736e-62,0.245871
141.32,0,4.2645e-62,0.245846
141.33,0,4.22207e-62,0.245821
141.34,0,4.18006e-62,0.245797
141.35,0,4.13847e-62,0.245772
141.36,0,4.09729e-62,0.245748
141.37,0,4.05652e-62,0.245723
141.38,0,4.01616e-62,0.245699
141.39,0,3.9762e-62,0.245674
141.4,0,3.93663e-62,0.245649
141.41,0,3.89746e-62,0.245625
141.42,0,3.85868e-62,0.2456
141.43,0,3.82029e-62,0.245576
141.44,0,3.78228e-62,0.245551
141.45,0,3.74464e-62,0.245527
141.46,0,3.70738e-62,0.245502
141.47,0,3.67049e-62,0.245478
141.48,0,3.63397e-62,0.245453
141.49,0,3.59781e-62,0.245428
141.5,0,3.56201e-62,0.245404
141.51,0,3.52657e-62,0.245379
141.52,0,3.49148e-62,0.245355
141.53,0,3.45674e-62,0.24533
141.54,0,3.42235e-62,0.245306
141.55,0,3.38829e-62,0.245281
141.56,0,3.35458e-62,0.245257
141.57,0,3.3212e-62,0.245232
141.58,0,3.28815e-62,0.245208
141.59,0,3.25544e-62,0.245183
141.6,0,3.22304e-62,0.245159
141.61,0,3.19097e-62,0.245134
141.62,0,3.15922e-62,0.24511
141.63,0,3.12779e-62,0.245085
141.64,0,3.09667e-62,0.245061
141.65,0,3.06585e-62,0.245036
141.66,0,3.03535e-62,0.245012
141.67,0,3.00515e-62,0.244987
141.68,0,2.97524e-62,0.244963
141.69,0,2.94564e-62,0.244938
141.7,0,2.91633e-62,0.244914
141.71,0,2.88731e-62,0.244889
141.72,0,2.85858e-62,0.244865
141.73,0,2.83014e-62,0.24484
141.74,0,2.80198e-62,0.244816
141.75,0,2.7741e-62,0.244791
141.76,0,2.7465e-62,0.244767
141.77,0,2.71917e-62,0.244742
141.78,0,2.69211e-62,0.244718
141.79,0,2.66533e-62,0.244693
141.8,0,2.6388e-62,0.244669
141.81,0,2.61255e-62,0.244644
141.82,0,2.58655e-62,0.24462
141.83,0,2.56082e-62,0.244595
141.84,0,2.53534e-62,0.244571
141.85,0,2.51011e-62,0.244547
141.86,0,2.48513e-62,0.244522
141.87,0,2.46041e-62,0.244498
141.88,0,2.43592e-62,0.244473
141.89,0,2.41169e-62,0.244449
141.9,0,2.38769e-62,0.244424
141.91,0,2.36393e-62,0.2444
141.92,0,2.34041e-62,0.244375
141.93,0,2.31712e-62,0.244351
141.94,0,2.29407e-62,0.244327
141.95,0,2.27124e-62,0.244302
141.96,0,2.24864e-62,0.244278
141.97,0,2.22627e-62,0.244253
141.98,0,2.20412e-62,0.244229
141.99,0,2.18218e-62,0.244204
142,0,2.16047e-62,0.24418
142.01,0,2.13897e-62,0.244156
142.02,0,2.11769e-62,0.244131
142.03,0,2.09662e-62,0.244107
142.04,0,2.07576e-62,0.244082
142.05,0,2.0551e-62,0.244058
142.06,0,2.03465e-62,0.244034
142.07,0,2.01441e-62,0.244009
142.08,0,1.99437e-62,0.243985
142.09,0,1.97452e-62,0.24396
142.1,0,1.95487e-62,0.243936
142.11,0,1.93542e-62,0.243912
142.12,0,1.91617e-62,0.243887
142.13,0,1.8971e-62,0.243863
142.14,0,1.87822e-62,0.243838
142.15,0,1.85953e-62,0.243814
142.16,0,1.84103e-62,0.24379
142.17,0,1.82271e-62,0.243765
142.18,0,1.80458e-62,0.243741
142.19,0,1.78662e-62,0.243716
142.2,0,1.76884e-62,0.243692
142.21,0,1.75124e-62,0.243668
142.22,0,1.73382e-62,0.243643
142.23,0,1.71657e-62,0.243619
142.24,0,1.69949e-62,0.243595
142.25,0,1.68258e-62,0.24357
142.26,0,1.66583e-62,0.243546
142.27,0,1.64926e-62,0.243522
142.28,0,1.63285e-62,0.243497
142.29,0,1.6166e-62,0.243473
142.3,0,1.60052e-62,0.243449
142.31,0,1.58459e-62,0.243424
142.32,0,1.56882e-62,0.2434
142.33,0,1.55321e-62,0.243376
142.34,0,1.53776e-62,0.243351
142.35,0,1.52246e-62,0.243327
142.36,0,1.50731e-62,0.243303
142.37,0,1.49231e-62,0.243278
142.38,0,1.47746e-62,0.243254
142.39,0,1.46276e-62,0.24323
142.4,0,1.44821e-62,0.243205
142.41,0,1.4338e-62,0.243181
142.42,0,1.41953e-62,0.243157
142.43,0,1.40541e-62,0.243132
142.44,0,1.39142e-62,0.243108
142.45,0,1.37758e-62,0.243084
142.46,0,1.36387e-62,0.243059
142.47,0,1.3503e-62,0.243035
142.48,0,1.33686e-62,0.243011
142.49,0,1.32356e-62,0.242986
142.5,0,1.31039e-62,0.242962
142.51,0,1.29735e-62,0.242938
142.52,0,1.28444e-62,0.242914
142.53,0,1.27166e-62,0.242889
142.54,0,1.25901e-62,0.242865
142.55,0,1.24648e-62,0.242841
142.56,0,1.23408e-62,0.242816
142.57,0,1.2218e-62,0.242792
142.58,0,1.20964e-62,0.242768
142.59,0,1.19761e-62,0.242744
142.6,0,1.18569e-62,0.242719
142.61,0,1.17389e-62,0.242695
142.62,0,1.16221e-62,0.242671
142.63,0,1.15065e-62,0.242646
142.64,0,1.1392e-62,0.242622
142.65,0,1.12786e-62,0.242598
142.66,0,1.11664e-62,0.242574
142.67,0,1.10553e-62,0.242549
142.68,0,1.09453e-62,0.242525
142.69,0,1.08364e-62,0.242501
142.7,0,1.07286e-62,0.242477
142.71,0,1.06218e-62,0.242452
142.72,0,1.05161e-62,0.242428
142.73,0,1.04115e-62,0.242404
142.74,0,1.03079e-62,0.24238
142.75,0,1.02053e-62,0.242355
142.76,0,1.01038e-62,0.242331
142.77,0,1.00033e-62,0.242307
142.78,0,9.90373e-63,0.242283
142.79,0,9.80518e-63,0.242259
142.8,0,9.70762e-63,0.242234
142.81,0,9.61103e-63,0.24221
142.82,0,9.5154e-63,0.242186
142.83,0,9.42072e-63,0.242162
142.84,0,9.32698e-63,0.242137
142.85,0,9.23417e-63,0.242113
142.86,0,9.14229e-63,0.242089
142.87,0,9.05133e-63,0.242065
142.88,0,8.96126e-63,0.242041
142.89,0,8.8721e-63,0.242016
142.9,0,8.78382e-63,0.241992
142.91,0,8.69642e-63,0.241968
142.92,0,8.60989e-63,0.241944
142.93,0,8.52422e-63,0.24192
142.94,0,8.4394e-63,0.241895
142.95,0,8.35543e-63,0.241871
142.96,0,8.27229e-63,0.241847
142.97,0,8.18998e-63,0.241823
142.98,0,8.10849e-63,0.241799
142.99,0,8.02781e-63,0.241775
143,0,7.94793e-63,0.24175
143.01,0,7.86884e-63,0.241726
143.02,0,7.79055e-63,0.241702
143.03,0,7.71303e-63,0.241678
143.04,0,7.63628e-63,0.241654
143.05,0,7.5603e-63,0.24163
143.06,0,7.48508e-63,0.241605
143.07,0,7.4106e-63,0.241581
143.08,0,7.33686e-63,0.241557
143.09,0,7.26386e-63,0.241533
143.1,0,7.19158e-63,0.241509
143.11,0,7.12002e-63,0.241485
143.12,0,7.04918e-63,0.24146
143.13,0,6.97904e-63,0.241436
143.14,0,6.9096e-63,0.241412
143.15,0,6.84084e-63,0.241388
143.16,0,6.77278e-63,0.241364
143.17,0,6.70539e-63,0.24134
143.18,0,6.63867e-63,0.241316
143.19,0,6.57261e-63,0.241291
143.2,0,6.50721e-63,0.241267
143.21,0,6.44246e-63,0.241243
143.22,0,6.37836e-63,0.241219
143.23,0,6.3149e-63,0.241195
143.24,0,6.25206e-63,0.241171
143.25,0,6.18985e-63,0.241147
143.26,0,6.12826e-63,0.241123
143.27,0,6.06728e-63,0.241099
143.28,0,6.00691e-63,0.241074
143.29,0,5.94714e-63,0.24105
143.3,0,5.88797e-63,0.241026
143.31,0,5.82938e-63,0.241002
143.32,0,5.77138e-63,0.240978
143.33,0,5.71395e-63,0.240954
143.34,0,5.6571e-63,0.24093
143.35,0,5.60081e-63,0.240906
143.36,0,5.54508e-63,0.240882
143.37,0,5.48991e-63,0.240858
143.38,0,5.43528e-63,0.240833
143.39,0,5.3812e-63,0.240809
143.4,0,5.32766e-63,0.240785
143.41,0,5.27464e-63,0.240761
143.42,0,5.22216e-63,0.240737
143.43,0,5.1702e-63,0.240713
143.44,0,5.11875e-63,0.240689
143.45,0,5.06782e-63,0.240665
143.46,0,5.0174e-63,0.240641
143.47,0,4.96747e-63,0.240617
143.48,0,4.91805e-63,0.240593
143.49,0,4.86911e-63,0.240569
143.5,0,4.82066e-63,0.240545
143.51,0,4.7727e-63,0.240521
143.52,0,4.72521e-63,0.240497
143.53,0,4.67819e-63,0.240472
143.54,0,4.63164e-63,0.240448
143.55,0,4.58556e-63,0.240424
143.56,0,4.53993e-63,0.2404
143.57,0,4.49476e-63,0.240376
143.58,0,4.45003e-63,0.240352
143.59,0,4.40575e-63,0.240328
143.6,0,4.36192e-63,0.240304
143.61,0,4.31851e-63,0.24028
143.62,0,4.27554e-63,0.240256
143.63,0,4.233e-63,0.240232
143.64,0,4.19088e-63,0.240208
143.65,0,4.14918e-63,0.240184
143.66,0,4.1079e-63,0.24016
143.67,0,4.06702e-63,0.240136
143.68,0,4.02656e-63,0.240112
143.69,0,3.98649e-63,0.240088
143.7,0,3.94682e-63,0.240064
143.71,0,3.90755e-63,0.24004
143.72,0,3.86867e-63,0.240016
143.73,0,3.83018e-63,0.239992
143.74,0,3.79207e-63,0.239968
143.75,0,3.75434e-63,0.239944
143.76,0,3.71698e-63,0.23992
143.77,0,3.67999e-63,0.239896
143.78,0,3.64338e-63,0.239872
143.79,0,3.60713e-63,0.239848
143.8,0,3.57123e-63,0.239824
143.81,0,3.5357e-63,0.2398
143.82,0,3.50052e-63,0.239776
143.83,0,3.46569e-63,0.239752
143.84,0,3.4312e-63,0.239728
143.85,0,3.39706e-63,0.239704
143.86,0,3.36326e-63,0.23968
143.87,0,3.3298e-63,0.239656
143.88,0,3.29666e-63,0.239632
143.89,0,3.26386e-63,0.239608
143.9,0,3.23139e-63,0.239584
143.91,0,3.19923e-63,0.23956
143.92,0,3.1674e-63,0.239536
143.93,0,3.13588e-63,0.239513
143.94,0,3.10468e-63,0.239489
143.95,0,3.07379e-63,0.239465
143.96,0,3.0432e-63,0.239441
143.97,0,3.01292e-63,0.239417
143.98,0,2.98295e-63,0.239393
143.99,0,2.95326e-63,0.239369
144,0,2.92388e-63,0.239345
144.01,0,2.89479e-63,0.239321
144.02,0,2.86598e-63,0.239297
144.03,0,2.83747e-63,0.239273
144.04,0,2.80923e-63,0.239249
144.05,0,2.78128e-63,0.239225
144.06,0,2.75361e-63,0.239201
144.07,0,2.72621e-63,0.239177
144.08,0,2.69908e-63,0.239154
144.09,0,2.67222e-63,0.23913
144.1,0,2.64564e-63,0.239106
144.11,0,2.61931e-63,0.239082
144.12,0,2.59325e-63,0.239058
144.13,0,2.56744e-63,0.239034
144.14,0,2.5419e-63,0.23901
144.15,0,2.51661e-63,0.238986
144.16,0,2.49157e-63,0.238962
144.17,0,2.46677e-63,0.238938
144.18,0,2.44223e-63,0.238914
144.19,0,2.41793e-63,0.238891
144.2,0,2.39387e-63,0.238867
144.21,0,2.37005e-63,0.238843
144.22,0,2.34647e-63,0.238819
144.23,0,2.32312e-63,0.238795
144.24,0,2.3e-63,0.238771
144.25,0,2.27712e-63,0.238747
144.26,0,2.25446e-63,0.238723
144.27,0,2.23203e-63,0.2387
144.28,0,2.20982e-63,0.238676
144.29,0,2.18783e-63,0.238652
144.3,0,2.16606e-63,0.238628
144.31,0,2.14451e-63,0.238604
144.32,0,2.12317e-63,0.23858
144.33,0,2.10205e-63,0.238556
144.34,0,2.08113e-63,0.238533
144.35,0,2.06042e-63,0.238509
144.36,0,2.03992e-63,0.238485
144.37,0,2.01962e-63,0.238461
144.38,0,1.99953e-63,0.238437
144.39,0,1.97963e-63,0.238413
144.4,0,1.95993e-63,0.238389
144.41,0,1.94043e-63,0.238366
144.42,0,1.92113e-63,0.238342
144.43,0,1.90201e-63,0.238318
144.44,0,1.88308e-63,0.238294
144.45,0,1.86435e-63,0.23827
144.46,0,1.8458e-63,0.238246
144.47,0,1.82743e-63,0.238223
144.48,0,1.80925e-63,0.238199
144.49,0,1.79125e-63,0.238175
144.5,0,1.77342e-63,0.238151
144.51,0,1.75578e-63,0.238127
144.52,0,1.73831e-63,0.238104
144.53,0,1.72101e-63,0.23808
144.54,0,1.70389e-63,0.238056
144.55,0,1.68693e-63,0.238032
144.56,0,1.67015e-63,0.238008
144.57,0,1.65353e-63,0.237985
144.58,0,1.63708e-63,0.237961
144.59,0,1.62079e-63,0.237937
144.6,0,1.60466e-63,0.237913
144.61,0,1.58869e-63,0.237889
144.62,0,1.57288e-63,0.237866
144.63,0,1.55723e-63,0.237842
144.64,0,1.54174e-63,0.237818
144.65,0,1.5264e-63,0.237794
144.66,0,1.51121e-63,0.23777
144.67,0,1.49617e-63,0.237747
144.68,0,1.48129e-63,0.237723
144.69,0,1.46655e-63,0.237699
144.7,0,1.45196e-63,0.237675
144.71,0,1.43751e-63,0.237652
144.72,0,1.4232e-63,0.237628
144.73,0,1.40904e-63,0.237604
144.74,0,1.39502e-63,0.23758
144.75,0,1.38114e-63,0.237557
144.76,0,1.3674e-63,0.237533
144.77,0,1.35379e-63,0.237509
144.78,0,1.34032e-63,0.237485
144.79,0,1.32699e-63,0.237462
144.8,0,1.31378e-63,0.237438
144.81,0,1.30071e-63,0.237414
144.82,0,1.28777e-63,0.23739
144.83,0,1.27496e-63,0.237367
144.84,0,1.26227e-63,0.237343
144.85,0,1.24971e-63,0.237319
144.86,0,1.23727e-63,0.237295
144.87,0,1.22496e-63,0.237272
144.88,0,1.21278e-63,0.237248
144.89,0,1.20071e-63,0.237224
144.9,0,1.18876e-63,0.2372
144.91,0,1.17693e-63,0.237177
144.92,0,1.16522e-63,0.237153
144.93,0,1.15363e-63,0.237129
144.94,0,1.14215e-63,0.237106
144.95,0,1.13078e-63,0.237082
144.96,0,1.11953e-63,0.237058
144.97,0,1.10839e-63,0.237034
144.98,0,1.09736e-63,0.237011
144.99,0,1.08645e-63,0.236987
145,0,1.07564e-63,0.236963
145.01,0,1.06493e-63,0.23694
145.02,0,1.05434e-63,0.236916
145.03,0,1.04385e-63,0.236892
145.04,0,1.03346e-63,0.236869
145.05,0,1.02318e-63,0.236845
145.06,0,1.01299e-63,0.236821
145.07,0,1.00292e-63,0.236798
145.08,0,9.92936e-64,0.236774
145.09,0,9.83056e-64,0.23675
145.1,0,9.73275e-64,0.236727
145.11,0,9.63591e-64,0.236703
145.12,0,9.54003e-64,0.236679
145.13,0,9.4451e-64,0.236656
145.14,0,9.35112e-64,0.236632
145.15,0,9.25808e-64,0.236608
145.16,0,9.16596e-64,0.236585
145.17,0,9.07475e-64,0.236561
145.18,0,8.98446e-64,0.236537
145.19,0,8.89506e-64,0.236514
145.2,0,8.80655e-64,0.23649
145.21,0,8.71893e-64,0.236466
145.22,0,8.63217e-64,0.236443
145.23,0,8.54628e-64,0.236419
145.24,0,8.46124e-64,0.236395
145.25,0,8.37705e-64,0.236372
145.26,0,8.2937e-64,0.236348
145.27,0,8.21118e-64,0.236324
145.28,0,8.12947e-64,0.236301
145.29,0,8.04858e-64,0.236277
145.3,0,7.9685e-64,0.236254
145.31,0,7.88921e-64,0.23623
145.32,0,7.81071e-64,0.236206
145.33,0,7.733e-64,0.236183
145.34,0,7.65605e-64,0.236159
145.35,0,7.57987e-64,0.236135
145.36,0,7.50445e-64,0.236112
145.37,0,7.42978e-64,0.236088
145.38,0,7.35585e-64,0.236065
145.39,0,7.28266e-64,0.236041
145.4,0,7.2102e-64,0.236017
145.41,0,7.13845e-64,0.235994
145.42,0,7.06743e-64,0.23597
145.43,0,6.9971e-64,0.235947
145.44,0,6.92748e-64,0.235923
145.45,0,6.85855e-64,0.235899
145.46,0,6.79031e-64,0.235876
145.47,0,6.72274e-64,0.235852
145.48,0,6.65585e-64,0.235829
145.49,0,6.58962e-64,0.235805
145.5,0,6.52406e-64,0.235782
145.51,0,6.45914e-64,0.235758
145.52,0,6.39487e-64,0.235734
145.53,0,6.33124e-64,0.235711
145.54,0,6.26824e-64,0.235687
145.55,0,6.20587e-64,0.235664
145.56,0,6.14412e-64,0.23564
145.57,0,6.08299e-64,0.235617
145.58,0,6.02246e-64,0.235593
145.59,0,5.96254e-64,0.235569
145.6,0,5.90321e-64,0.235546
145.61,0,5.84447e-64,0.235522
145.62,0,5.78632e-64,0.235499
145.63,0,5.72874e-64,0.235475
145.64,0,5.67174e-64,0.235452
145.65,0,5.61531e-64,0.235428
145.66,0,5.55943e-64,0.235405
145.67,0,5.50412e-64,0.235381
145.68,0,5.44935e-64,0.235357
145.69,0,5.39513e-64,0.235334
145.7,0,5.34145e-64,0.23531
145.71,0,5.2883e-64,0.235287
145.72,0,5.23568e-64,0.235263
145.73,0,5.18358e-64,0.23524
145.74,0,5.132e-64,0.235216
145.75,0,5.08094e-64,0.235193
145.76,0,5.03038e-64,0.235169
145.77,0,4.98033e-64,0.235146
145.78,0,4.93078e-64,0.235122
145.79,0,4.88171e-64,0.235099
145.8,0,4.83314e-64,0.235075
145.81,0,4.78505e-64,0.235052
145.82,0,4.73744e-64,0.235028
145.83,0,4.6903e-64,0.235005
145.84,0,4.64363e-64,0.234981
145.85,0,4.59742e-64,0.234958
145.86,0,4.55168e-64,0.234934
145.87,0,4.50639e-64,0.234911
145.88,0,4.46155e-64,0.234887
145.89,0,4.41716e-64,0.234864
145.9,0,4.37321e-64,0.23484
145.91,0,4.32969e-64,0.234817
145.92,0,4.28661e-64,0.234793
145.93,0,4.24396e-64,0.23477
145.94,0,4.20173e-64,0.234746
145.95,0,4.15992e-64,0.234723
145.96,0,4.11853e-64,0.234699
145.97,0,4.07755e-64,0.234676
145.98,0,4.03698e-64,0.234652
145.99,0,3.99681e-64,0.234629
146,0,3.95704e-64,0.234606
146.01,0,3.91767e-64,0.234582
146.02,0,3.87869e-64,0.234559
146.03,0,3.84009e-64,0.234535
146.04,0,3.80188e-64,0.234512
146.05,0,3.76405e-64,0.234488
146.06,0,3.7266e-64,0.234465
146.07,0,3.68952e-64,0.234441
146.08,0,3.65281e-64,0.234418
146.09,0,3.61646e-64,0.234395
146.1,0,3.58048e-64,0.234371
146.11,0,3.54485e-64,0.234348
146.12,0,3.50958e-64,0.234324
146.13,0,3.47466e-64,0.234301
146.14,0,3.44009e-64,0.234277
146.15,0,3.40586e-64,0.234254
146.16,0,3.37197e-64,0.23423
146.17,0,3.33842e-64,0.234207
146.18,0,3.3052e-64,0.234184
146.19,0,3.27231e-64,0.23416
146.2,0,3.23975e-64,0.234137
146.21,0,3.20751e-64,0.234113
146.22,0,3.1756e-64,0.23409
146.23,0,3.144e-64,0.234067
146.24,0,3.11272e-64,0.234043
146.25,0,3.08175e-64,0.23402
146.26,0,3.05108e-64,0.233996
146.27,0,3.02072e-64,0.233973
146.28,0,2.99067e-64,0.23395
146.29,0,2.96091e-64,0.233926
146.3,0,2.93145e-64,0.233903
146.31,0,2.90228e-64,0.233879
146.32,0,2.8734e-64,0.233856
146.33,0,2.84481e-64,0.233833
146.34,0,2.8165e-64,0.233809
146.35,0,2.78848e-64,0.233786
146.36,0,2.76073e-64,0.233762
146.37,0,2.73326e-64,0.233739
146.38,0,2.70607e-64,0.233716
146.39,0,2.67914e-64,0.233692
146.4,0,2.65248e-64,0.233669
146.41,0,2.62609e-64,0.233646
146.42,0,2.59996e-64,0.233622
146.43,0,2.57409e-64,0.233599
146.44,0,2.54848e-64,0.233576
146.45,0,2.52312e-64,0.233552
146.46,0,2.49801e-64,0.233529
146.47,0,2.47316e-64,0.233505
146.48,0,2.44855e-64,0.233482
146.49,0,2.42419e-64,0.233459
146.5,0,2.40007e-64,0.233435
146.51,0,2.37619e-64,0.233412
146.52,0,2.35254e-64,0.233389
146.53,0,2.32913e-64,0.233365
146.54,0,2.30596e-64,0.233342
146.55,0,2.28301e-64,0.233319
146.56,0,2.2603e-64,0.233295
146.57,0,2.23781e-64,0.233272
146.58,0,2.21554e-64,0.233249
146.59,0,2.1935e-64,0.233225
146.6,0,2.17167e-64,0.233202
146.61,0,2.15006e-64,0.233179
146.62,0,2.12867e-64,0.233156
146.63,0,2.10749e-64,0.233132
146.64,0,2.08652e-64,0.233109
146.65,0,2.06576e-64,0.233086
146.66,0,2.0452e-64,0.233062
146.67,0,2.02485e-64,0.233039
146.68,0,2.0047e-64,0.233016
146.69,0,1.98476e-64,0.232992
146.7,0,1.96501e-64,0.232969
146.71,0,1.94546e-64,0.232946
146.72,0,1.9261e-64,0.232922
146.73,0,1.90693e-64,0.232899
146.74,0,1.88796e-64,0.232876
146.75,0,1.86917e-64,0.232853
146.76,0,1.85057e-64,0.232829
146.77,0,1.83216e-64,0.232806
146.78,0,1.81393e-64,0.232783
146.79,0,1.79588e-64,0.232759
146.8,0,1.77801e-64,0.232736
146.81,0,1.76032e-64,0.232713
146.82,0,1.74281e-64,0.23269
146.83,0,1.72546e-64,0.232666
146.84,0,1.7083e-64,0.232643
146.85,0,1.6913e-64,0.23262
146.86,0,1.67447e-64,0.232597
146.87,0,1.65781e-64,0.232573
146.88,0,1.64131e-64,0.23255
146.89,0,1.62498e-64,0.232527
146.9,0,1.60881e-64,0.232504
146.91,0,1.5928e-64,0.23248
146.92,0,1.57696e-64,0.232457
146.93,0,1.56126e-64,0.232434
146.94,0,1.54573e-64,0.232411
146.95,0,1.53035e-64,0.232387
146.96,0,1.51512e-64,0.232364
146.97,0,1.50005e-64,0.232341
146.98,0,1.48512e-64,0.232318
146.99,0,1.47034e-64,0.232294
147,0,1.45571e-64,0.232271
147.01,0,1.44123e-64,0.232248
147.02,0,1.42689e-64,0.232225
147.03,0,1.41269e-64,0.232202
147.04,0,1.39863e-64,0.232178
147.05,0,1.38472e-64,0.232155
147.06,0,1.37094e-64,0.232132
147.07,0,1.3573e-64,0.232109
147.08,0,1.34379e-64,0.232085
147.09,0,1.33042e-64,0.232062
147.1,0,1.31718e-64,0.232039
147.11,0,1.30408e-64,0.232016
147.12,0,1.2911e-64,0.231993
147.13,0,1.27826e-64,0.231969
147.14,0,1.26554e-64,0.231946
147.15,0,1.25294e-64,0.231923
147.16,0,1.24048e-64,0.2319
147.17,0,1.22813e-64,0.231877
147.18,0,1.21591e-64,0.231853
147.19,0,1.20382e-64,0.23183
147.2,0,1.19184e-64,0.231807
147.21,0,1.17998e-64,0.231784
147.22,0,1.16824e-64,0.231761
147.23,0,1.15661e-64,0.231738
147.24,0,1.1451e-64,0.231714
147.25,0,1.13371e-64,0.231691
147.26,0,1.12243e-64,0.231668
147.27,0,1.11126e-64,0.231645
147.28,0,1.1002e-64,0.231622
147.29,0,1.08926e-64,0.231599
147.3,0,1.07842e-64,0.231575
147.31,0,1.06769e-64,0.231552
147.32,0,1.05707e-64,0.231529
147.33,0,1.04655e-64,0.231506
147.34,0,1.03613e-64,0.231483
147.35,0,1.02582e-64,0.23146
147.36,0,1.01562e-64,0.231437
147.37,0,1.00551e-64,0.231413
147.38,0,9.95506e-65,0.23139
147.39,0,9.85601e-65,0.231367
147.4,0,9.75794e-65,0.231344
147.41,0,9.66085e-65,0.231321
147.42,0,9.56472e-65,0.231298
147.43,0,9.46955e-65,0.231275
147.44,0,9.37533e-65,0.231251
147.45,0,9.28204e-65,0.231228
147.46,0,9.18968e-65,0.231205
147.47,0,9.09824e-65,0.231182
147.48,0,9.00771e-65,0.231159
147.49,0,8.91809e-65,0.231136
147.5,0,8.82935e-65,0.231113
147.51,0,8.7415e-65,0.23109
147.52,0,8.65452e-65,0.231067
147.53,0,8.5684e-65,0.231043
147.54,0,8.48315e-65,0.23102
147.55,0,8.39874e-65,0.230997
147.56,0,8.31517e-65,0.230974
147.57,0,8.23243e-65,0.230951
147.58,0,8.15052e-65,0.230928
147.59,0,8.06942e-65,0.230905
147.6,0,7.98913e-65,0.230882
147.61,0,7.90963e-65,0.230859
147.62,0,7.83093e-65,0.230836
147.63,0,7.75301e-65,0.230812
147.64,0,7.67587e-65,0.230789
147.65,0,7.59949e-65,0.230766
147.66,0,7.52388e-65,0.230743
147.67,0,7.44901e-65,0.23072
147.68,0,7.37489e-65,0.230697
147.69,0,7.30151e-65,0.230674
147.7,0,7.22886e-65,0.230651
147.71,0,7.15693e-65,0.230628
147.72,0,7.08572e-65,0.230605
147.73,0,7.01522e-65,0.230582
147.74,0,6.94541e-65,0.230559
147.75,0,6.8763e-65,0.230536
147.76,0,6.80788e-65,0.230513
147.77,0,6.74014e-65,0.23049
147.78,0,6.67308e-65,0.230467
147.79,0,6.60668e-65,0.230443
147.8,0,6.54094e-65,0.23042
147.81,0,6.47586e-65,0.230397
147.82,0,6.41142e-65,0.230374
147.83,0,6.34763e-65,0.230351
147.84,0,6.28447e-65,0.230328
147.85,0,6.22194e-65,0.230305
147.86,0,6.16003e-65,0.230282
147.87,0,6.09874e-65,0.230259
147.88,0,6.03805e-65,0.230236
147.89,0,5.97797e-65,0.230213
147.9,0,5.91849e-65,0.23019
147.91,0,5.8596e-65,0.230167
147.92,0,5.8013e-65,0.230144
147.93,0,5.74357e-65,0.230121
147.94,0,5.68642e-65,0.230098
147.95,0,5.62984e-65,0.230075
147.96,0,5.57382e-65,0.230052
147.97,0,5.51836e-65,0.230029
147.98,0,5.46346e-65,0.230006
147.99,0,5.40909e-65,0.229983
148,0,5.35527e-65,0.22996
148.01,0,5.30199e-65,0.229937
148.02,0,5.24923e-65,0.229914
148.03,0,5.197e-65,0.229891
148.04,0,5.14529e-65,0.229868
148.05,0,5.09409e-65,0.229845
148.06,0,5.0434e-65,0.229822
148.07,0,4.99322e-65,0.229799
148.08,0,4.94354e-65,0.229776
148.09,0,4.89435e-65,0.229753
148.1,0,4.84565e-65,0.22973
148.11,0,4.79743e-65,0.229707
148.12,0,4.7497e-65,0.229684
148.13,0,4.70244e-65,0.229661
148.14,0,4.65565e-65,0.229638
148.15,0,4.60932e-65,0.229615
148.16,0,4.56346e-65,0.229592
148.17,0,4.51805e-65,0.229569
148.18,0,4.4731e-65,0.229546
148.19,0,4.42859e-65,0.229524
148.2,0,4.38453e-65,0.229501
148.21,0,4.3409e-65,0.229478
148.22,0,4.29771e-65,0.229455
148.23,0,4.25494e-65,0.229432
148.24,0,4.21261e-65,0.229409
148.25,0,4.17069e-65,0.229386
148.26,0,4.12919e-65,0.229363
148.27,0,4.0881e-65,0.22934
148.28,0,4.04743e-65,0.229317
148.29,0,4.00715e-65,0.229294
148.3,0,3.96728e-65,0.229271
148.31,0,3.92781e-65,0.229248
148.32,0,3.88873e-65,0.229225
148.33,0,3.85003e-65,0.229202
148.34,0,3.81172e-65,0.22918
148.35,0,3.7738e-65,0.229157
148.36,0,3.73625e-65,0.229134
148.37,0,3.69907e-65,0.229111
148.38,0,3.66226e-65,0.229088
148.39,0,3.62582e-65,0.229065
148.4,0,3.58975e-65,0.229042
148.41,0,3.55403e-65,0.229019
148.42,0,3.51866e-65,0.228996
148.43,0,3.48365e-65,0.228973
148.44,0,3.44899e-65,0.22895
148.45,0,3.41467e-65,0.228928
148.46,0,3.3807e-65,0.228905
148.47,0,3.34706e-65,0.228882
148.48,0,3.31375e-65,0.228859
148.49,0,3.28078e-65,0.228836
148.5,0,3.24814e-65,0.228813
148.51,0,3.21582e-65,0.22879
148.52,0,3.18382e-65,0.228767
148.53,0,3.15214e-65,0.228744
148.54,0,3.12078e-65,0.228722
148.55,0,3.08972e-65,0.228699
148.56,0,3.05898e-65,0.228676
148.57,0,3.02854e-65,0.228653
148.58,0,2.99841e-65,0.22863
148.59,0,2.96857e-65,0.228607
148.6,0,2.93904e-65,0.228584
148.61,0,2.90979e-65,0.228562
148.62,0,2.88084e-65,0.228539
148.63,0,2.85217e-65,0.228516
148.64,0,2.82379e-65,0.228493
148.65,0,2.7957e-65,0.22847
148.66,0,2.76788e-65,0.228447
148.67,0,2.74034e-65,0.228424
148.68,0,2.71307e-65,0.228402
148.69,0,2.68608e-65,0.228379
148.7,0,2.65935e-65,0.228356
148.71,0,2.63289e-65,0.228333
148.72,0,2.60669e-65,0.22831
148.73,0,2.58075e-65,0.228287
148.74,0,2.55507e-65,0.228265
148.75,0,2.52965e-65,0.228242
148.76,0,2.50448e-65,0.228219
148.77,0,2.47956e-65,0.228196
148.78,0,2.45489e-65,0.228173
148.79,0,2.43046e-65,0.228151
148.8,0,2.40628e-65,0.228128
148.81,0,2.38234e-65,0.228105
148.82,0,2.35863e-65,0.228082
148.83,0,2.33516e-65,0.228059
148.84,0,2.31193e-65,0.228036
148.85,0,2.28892e-65,0.228014
148.86,0,2.26615e-65,0.227991
148.87,0,2.2436e-65,0.227968
148.88,0,2.22128e-65,0.227945
148.89,0,2.19917e-65,0.227922
148.9,0,2.17729e-65,0.2279
148.91,0,2.15563e-65,0.227877
148.92,0,2.13418e-65,0.227854
148.93,0,2.11294e-65,0.227831
148.94,0,2.09192e-65,0.227809
148.95,0,2.0711e-65,0.227786
148.96,0,2.0505e-65,0.227763
148.97,0,2.03009e-65,0.22774
148.98,0,2.00989e-65,0.227717
148.99,0,1.98989e-65,0.227695
149,0,1.97009e-65,0.227672
149.01,0,1.95049e-65,0.227649
149.02,0,1.93108e-65,0.227626
149.03,0,1.91187e-65,0.227604
149.04,0,1.89285e-65,0.227581
149.05,0,1.87401e-65,0.227558
149.06,0,1.85536e-65,0.227535
149.07,0,1.8369e-65,0.227513
149.08,0,1.81863e-65,0.22749
149.09,0,1.80053e-65,0.227467
149.1,0,1.78261e-65,0.227444
149.11,0,1.76488e-65,0.227422
149.12,0,1.74732e-65,0.227399
149.13,0,1.72993e-65,0.227376
149.14,0,1.71272e-65,0.227353
149.15,0,1.69568e-65,0.227331
149.16,0,1.6788e-65,0.227308
149.17,0,1.6621e-65,0.227285
149.18,0,1.64556e-65,0.227262
149.19,0,1.62919e-65,0.22724
149.2,0,1.61298e-65,0.227217
149.21,0,1.59693e-65,0.227194
149.22,0,1.58104e-65,0.227172
149.23,0,1.56531e-65,0.227149
149.24,0,1.54973e-65,0.227126
149.25,0,1.53431e-65,0.227103
149.26,0,1.51904e-65,0.227081
149.27,0,1.50393e-65,0.227058
149.28,0,1.48897e-65,0.227035
149.29,0,1.47415e-65,0.227013
149.3,0,1.45948e-65,0.22699
149.31,0,1.44496e-65,0.226967
149.32,0,1.43058e-65,0.226945
149.33,0,1.41635e-65,0.226922
149.34,0,1.40225e-65,0.226899
149.35,0,1.3883e-65,0.226876
149.36,0,1.37449e-65,0.226854
149.37,0,1.36081e-65,0.226831
149.38,0,1.34727e-65,0.226808
149.39,0,1.33387e-65,0.226786
149.4,0,1.32059e-65,0.226763
149.41,0,1.30745e-65,0.22674
149.42,0,1.29444e-65,0.226718
149.43,0,1.28156e-65,0.226695
149.44,0,1.26881e-65,0.226672
149.45,0,1.25619e-65,0.22665
149.46,0,1.24369e-65,0.226627
149.47,0,1.23131e-65,0.226604
149.48,0,1.21906e-65,0.226582
149.49,0,1.20693e-65,0.226559
149.5,0,1.19492e-65,0.226536
149.51,0,1.18303e-65,0.226514
149.52,0,1.17126e-65,0.226491
149.53,0,1.15961e-65,0.226468
149.54,0,1.14807e-65,0.226446
149.55,0,1.13665e-65,0.226423
149.56,0,1.12534e-65,0.226401
149.57,0,1.11414e-65,0.226378
149.58,0,1.10305e-65,0.226355
149.59,0,1.09208e-65,0.226333
149.6,0,1.08121e-65,0.22631
149.61,0,1.07045e-65,0.226287
149.62,0,1.0598e-65,0.226265
149.63,0,1.04926e-65,0.226242
149.64,0,1.03882e-65,0.226219
149.65,0,1.02848e-65,0.226197
149.66,0,1.01825e-65,0.226174
149.67,0,1.00811e-65,0.226152
149.68,0,9.98083e-66,0.226129
149.69,0,9.88152e-66,0.226106
149.7,0,9.7832e-66,0.226084
149.71,0,9.68585e-66,0.226061
149.72,0,9.58948e-66,0.226039
149.73,0,9.49406e-66,0.226016
149.74,0,9.39959e-66,0.225993
149.75,0,9.30607e-66,0.225971
149.76,0,9.21347e-66,0.225948
149.77,0,9.12179e-66,0.225926
149.78,0,9.03103e-66,0.225903
149.79,0,8.94117e-66,0.22588
149.8,0,8.8522e-66,0.225858
149.81,0,8.76412e-66,0.225835
149.82,0,8.67692e-66,0.225813
149.83,0,8.59058e-66,0.22579
149.84,0,8.5051e-66,0.225767
149.85,0,8.42048e-66,0.225745
149.86,0,8.33669e-66,0.225722
149.87,0,8.25374e-66,0.2257
149.88,0,8.17161e-66,0.225677
149.89,0,8.09031e-66,0.225655
149.9,0,8.00981e-66,0.225632
149.91,0,7.93011e-66,0.225609
149.92,0,7.8512e-66,0.225587
149.93,0,7.77308e-66,0.225564
149.94,0,7.69574e-66,0.225542
149.95,0,7.61916e-66,0.225519
149.96,0,7.54335e-66,0.225497
149.97,0,7.46829e-66,0.225474
149.98,0,7.39398e-66,0.225452
149.99,0,7.32041e-66,0.225429
150,0,7.24757e-66,0.225407
150.01,0,7.17546e-66,0.225384
150.02,0,7.10406e-66,0.225361
150.03,0,7.03337e-66,0.225339
150.04,0,6.96339e-66,0.225316
150.05,0,6.8941e-66,0.225294
150.06,0,6.82551e-66,0.225271
150.07,0,6.75759e-66,0.225249
150.08,0,6.69035e-66,0.225226
150.09,0,6.62378e-66,0.225204
150.1,0,6.55787e-66,0.225181
150.11,0,6.49262e-66,0.225159
150.12,0,6.42802e-66,0.225136
150.13,0,6.36406e-66,0.225114
150.14,0,6.30074e-66,0.225091
150.15,0,6.23804e-66,0.225069
150.16,0,6.17597e-66,0.225046
150.17,0,6.11452e-66,0.225024
150.18,0,6.05368e-66,0.225001
150.19,0,5.99345e-66,0.224979
150.2,0,5.93381e-66,0.224956
150.21,0,5.87477e-66,0.224934
150.22,0,5.81631e-66,0.224911
150.23,0,5.75844e-66,0.224889
150.24,0,5.70114e-66,0.224866
150.25,0,5.64441e-66,0.224844
150.26,0,5.58825e-66,0.224821
150.27,0,5.53265e-66,0.224799
150.28,0,5.4776e-66,0.224776
150.29,0,5.42309e-66,0.224754
150.3,0,5.36913e-66,0.224731
150.31,0,5.31571e-66,0.224709
150.32,0,5.26282e-66,0.224686
150.33,0,5.21045e-66,0.224664
150.34,0,5.15861e-66,0.224641
150.35,0,5.10728e-66,0.224619
150.36,0,5.05646e-66,0.224597
150.37,0,5.00615e-66,0.224574
150.38,0,4.95633e-66,0.224552
150.39,0,4.90702e-66,0.224529
150.4,0,4.85819e-66,0.224507
150.41,0,4.80985e-66,0.224484
150.42,0,4.76199e-66,0.224462
150.43,0,4.71461e-66,0.224439
150.44,0,4.6677e-66,0.224417
150.45,0,4.62126e-66,0.224394
150.46,0,4.57527e-66,0.224372
150.47,0,4.52975e-66,0.22435
150.48,0,4.48468e-66,0.224327
150.49,0,4.44005e-66,0.224305
150.5,0,4.39587e-66,0.224282
150.51,0,4.35213e-66,0.22426
150.52,0,4.30883e-66,0.224237
150.53,0,4.26596e-66,0.224215
150.54,0,4.22351e-66,0.224193
150.55,0,4.18149e-66,0.22417
150.56,0,4.13988e-66,0.224148
150.57,0,4.09869e-66,0.224125
150.58,0,4.0579e-66,0.224103
150.59,0,4.01753e-66,0.224081
150.6,0,3.97755e-66,0.224058
150.61,0,3.93797e-66,0.224036
150.62,0,3.89879e-66,0.224013
150.63,0,3.86e-66,0.223991
150.64,0,3.82159e-66,0.223969
150.65,0,3.78356e-66,0.223946
150.66,0,3.74592e-66,0.223924
150.67,0,3.70864e-66,0.223901
150.68,0,3.67174e-66,0.223879
150.69,0,3.63521e-66,0.223857
150.7,0,3.59904e-66,0.223834
150.71,0,3.56323e-66,0.223812
150.72,0,3.52777e-66,0.223789
150.73,0,3.49267e-66,0.223767
150.74,0,3.45792e-66,0.223745
150.75,0,3.42351e-66,0.223722
150.76,0,3.38945e-66,0.2237
150.77,0,3.35572e-66,0.223678
150.78,0,3.32233e-66,0.223655
150.79,0,3.28927e-66,0.223633
150.8,0,3.25654e-66,0.22361
150.81,0,3.22414e-66,0.223588
150.82,0,3.19206e-66,0.223566
150.83,0,3.1603e-66,0.223543
150.84,0,3.12885e-66,0.223521
150.85,0,3.09772e-66,0.223499
150.86,0,3.0669e-66,0.223476
150.87,0,3.03638e-66,0.223454
150.88,0,3.00617e-66,0.223432
150.89,0,2.97626e-66,0.223409
150.9,0,2.94664e-66,0.223387
150.91,0,2.91732e-66,0.223365
150.92,0,2.8883e-66,0.223342
150.93,0,2.85956e-66,0.22332
150.94,0,2.8311e-66,0.223298
150.95,0,2.80293e-66,0.223275
150.96,0,2.77504e-66,0.223253
150.97,0,2.74743e-66,0.223231
150.98,0,2.72009e-66,0.223208
150.99,0,2.69303e-66,0.223186
151,0,2.66623e-66,0.223164
151.01,0,2.6397e-66,0.223141
151.02,0,2.61344e-66,0.223119
151.03,0,2.58743e-66,0.223097
151.04,0,2.56169e-66,0.223074
151.05,0,2.5362e-66,0.223052
151.06,0,2.51096e-66,0.22303
151.07,0,2.48598e-66,0.223008
151.08,0,2.46124e-66,0.222985
151.09,0,2.43675e-66,0.222963
151.1,0,2.41251e-66,0.222941
151.11,0,2.3885e-66,0.222918
151.12,0,2.36474e-66,0.222896
151.13,0,2.34121e-66,0.222874
151.14,0,2.31791e-66,0.222851
151.15,0,2.29485e-66,0.222829
151.16,0,2.27201e-66,0.222807
151.17,0,2.24941e-66,0.222785
151.18,0,2.22702e-66,0.222762
151.19,0,2.20487e-66,0.22274
151.2,0,2.18293e-66,0.222718
151.21,0,2.16121e-66,0.222696
151.22,0,2.1397e-66,0.222673
151.23,0,2.11841e-66,0.222651
151.24,0,2.09733e-66,0.222629
151.25,0,2.07646e-66,0.222606
151.26,0,2.0558e-66,0.222584
151.27,0,2.03535e-66,0.222562
151.28,0,2.0151e-66,0.22254
151.29,0,1.99504e-66,0.222517
151.3,0,1.97519e-66,0.222495
151.31,0,1.95554e-66,0.222473
151.32,0,1.93608e-66,0.222451
151.33,0,1.91682e-66,0.222428
151.34,0,1.89775e-66,0.222406
151.35,0,1.87886e-66,0.222384
151.36,0,1.86017e-66,0.222362
151.37,0,1.84166e-66,0.22234
151.38,0,1.82333e-66,0.222317
151.39,0,1.80519e-66,0.222295
151.4,0,1.78723e-66,0.222273
151.41,0,1.76945e-66,0.222251
151.42,0,1.75184e-66,0.222228
151.43,0,1.73441e-66,0.222206
151.44,0,1.71715e-66,0.222184
151.45,0,1.70006e-66,0.222162
151.46,0,1.68315e-66,0.22214
151.47,0,1.6664e-66,0.222117
151.48,0,1.64982e-66,0.222095
151.49,0,1.6334e-66,0.222073
151.5,0,1.61715e-66,0.222051
151.51,0,1.60106e-66,0.222028
151.52,0,1.58513e-66,0.222006
151.53,0,1.56936e-66,0.221984
151.54,0,1.55374e-66,0.221962
151.55,0,1.53828e-66,0.22194
151.56,0,1.52298e-66,0.221917
151.57,0,1.50782e-66,0.221895
151.58,0,1.49282e-66,0.221873
151.59,0,1.47797e-66,0.221851
151.6,0,1.46326e-66,0.221829
151.61,0,1.4487e-66,0.221807
151.62,0,1.43429e-66,0.221784
151.63,0,1.42001e-66,0.221762
151.64,0,1.40588e-66,0.22174
151.65,0,1.3919e-66,0.221718
151.66,0,1.37805e-66,0.221696
151.67,0,1.36433e-66,0.221674
151.68,0,1.35076e-66,0.221651
151.69,0,1.33732e-66,0.221629
151.7,0,1.32401e-66,0.221607
151.71,0,1.31084e-66,0.221585
151.72,0,1.29779e-66,0.221563
151.73,0,1.28488e-66,0.221541
151.74,0,1.2721e-66,0.221518
151.75,0,1.25944e-66,0.221496
151.76,0,1.24691e-66,0.221474
151.77,0,1.2345e-66,0.221452
151.78,0,1.22222e-66,0.22143
151.79,0,1.21006e-66,0.221408
151.8,0,1.19802e-66,0.221386
151.81,0,1.1861e-66,0.221363
151.82,0,1.17429e-66,0.221341
151.83,0,1.16261e-66,0.221319
151.84,0,1.15104e-66,0.221297
151.85,0,1.13959e-66,0.221275
151.86,0,1.12825e-66,0.221253
151.87,0,1.11702e-66,0.221231
151.88,0,1.10591e-66,0.221208
151.89,0,1.0949e-66,0.221186
151.9,0,1.08401e-66,0.221164
151.91,0,1.07322e-66,0.221142
151.92,0,1.06254e-66,0.22112
151.93,0,1.05197e-66,0.221098
151.94,0,1.0415e-66,0.221076
151.95,0,1.03114e-66,0.221054
151.96,0,1.02088e-66,0.221032
151.97,0,1.01072e-66,0.221009
151.98,0,1.00067e-66,0.220987
151.99,0,9.9071e-67,0.220965
152,0,9.80852e-67,0.220943
152.01,0,9.71093e-67,0.220921
152.02,0,9.6143e-67,0.220899
152.03,0,9.51864e-67,0.220877
152.04,0,9.42392e-67,0.220855
152.05,0,9.33015e-67,0.220833
152.06,0,9.23732e-67,0.220811
152.07,0,9.1454e-67,0.220789
152.08,0,9.05441e-67,0.220767
152.09,0,8.96431e-67,0.220744
152.1,0,8.87512e-67,0.220722
152.11,0,8.78681e-67,0.2207
152.12,0,8.69938e-67,0.220678
152.13,0,8.61282e-67,0.220656
152.14,0,8.52712e-67,0.220634
152.15,0,8.44227e-67,0.220612
152.16,0,8.35827e-67,0.22059
152.17,0,8.2751e-67,0.220568
152.18,0,8.19277e-67,0.220546
152.19,0,8.11125e-67,0.220524
152.2,0,8.03054e-67,0.220502
152.21,0,7.95063e-67,0.22048
152.22,0,7.87152e-67,0.220458
152.23,0,7.7932e-67,0.220436
152.24,0,7.71566e-67,0.220414
152.25,0,7.63888e-67,0.220392
152.26,0,7.56288e-67,0.220369
152.27,0,7.48762e-67,0.220347
152.28,0,7.41312e-67,0.220325
152.29,0,7.33936e-67,0.220303
152.3,0,7.26633e-67,0.220281
152.31,0,7.19403e-67,0.220259
152.32,0,7.12245e-67,0.220237
152.33,0,7.05158e-67,0.220215
152.34,0,6.98141e-67,0.220193
152.35,0,6.91195e-67,0.220171
152.36,0,6.84317e-67,0.220149
152.37,0,6.77508e-67,0.220127
152.38,0,6.70767e-67,0.220105
152.39,0,6.64093e-67,0.220083
152.4,0,6.57485e-67,0.220061
152.41,0,6.50943e-67,0.220039
152.42,0,6.44466e-67,0.220017
152.43,0,6.38053e-67,0.219995
152.44,0,6.31705e-67,0.219973
152.45,0,6.25419e-67,0.219951
152.46,0,6.19196e-67,0.219929
152.47,0,6.13035e-67,0.219907
152.48,0,6.06935e-67,0.219885
152.49,0,6.00896e-67,0.219863
152.5,0,5.94917e-67,0.219841
152.51,0,5.88997e-67,0.219819
152.52,0,5.83137e-67,0.219797
152.53,0,5.77334e-67,0.219775
152.54,0,5.7159e-67,0.219753
152.55,0,5.65902e-67,0.219731
152.56,0,5.60272e-67,0.219709
152.57,0,5.54697e-67,0.219687
152.58,0,5.49178e-67,0.219665
152.59,0,5.43713e-67,0.219643
152.6,0,5.38303e-67,0.219622
152.61,0,5.32947e-67,0.2196
152.62,0,5.27644e-67,0.219578
152.63,0,5.22394e-67,0.219556
152.64,0,5.17196e-67,0.219534
152.65,0,5.1205e-67,0.219512
152.66,0,5.06955e-67,0.21949
152.67,0,5.0191e-67,0.219468
152.68,0,4.96916e-67,0.219446
152.69,0,4.91972e-67,0.219424
152.7,0,4.87077e-67,0.219402
152.71,0,4.8223e-67,0.21938
152.72,0,4.77432e-67,0.219358
152.73,0,4.72681e-67,0.219336
152.74,0,4.67978e-67,0.219314
152.75,0,4.63322e-67,0.219292
152.76,0,4.58712e-67,0.21927
152.77,0,4.54147e-67,0.219248
152.78,0,4.49629e-67,0.219227
152.79,0,4.45155e-67,0.219205
152.8,0,4.40725e-67,0.219183
152.81,0,4.3634e-67,0.219161
152.82,0,4.31998e-67,0.219139
152.83,0,4.277e-67,0.219117
152.84,0,4.23444e-67,0.219095
152.85,0,4.19231e-67,0.219073
152.86,0,4.15059e-67,0.219051
152.87,0,4.1093e-67,0.219029
152.88,0,4.06841e-67,0.219007
152.89,0,4.02793e-67,0.218986
152.9,0,3.98785e-67,0.218964
152.91,0,3.94817e-67,0.218942
152.92,0,3.90888e-67,0.21892
152.93,0,3.86999e-67,0.218898
152.94,0,3.83148e-67,0.218876
152.95,0,3.79336e-67,0.218854
152.96,0,3.75561e-67,0.218832
152.97,0,3.71824e-67,0.21881
152.98,0,3.68125e-67,0.218789
152.99,0,3.64462e-67,0.218767
153,0,3.60835e-67,0.218745
153.01,0,3.57245e-67,0.218723
153.02,0,3.5369e-67,0.218701
153.03,0,3.50171e-67,0.218679
153.04,0,3.46687e-67,0.218657
153.05,0,3.43237e-67,0.218635
153.06,0,3.39822e-67,0.218614
153.07,0,3.36441e-67,0.218592
153.08,0,3.33093e-67,0.21857
153.09,0,3.29779e-67,0.218548
153.1,0,3.26497e-67,0.218526
153.11,0,3.23249e-67,0.218504
153.12,0,3.20032e-67,0.218482
153.13,0,3.16848e-67,0.218461
153.14,0,3.13695e-67,0.218439
153.15,0,3.10574e-67,0.218417
153.16,0,3.07484e-67,0.218395
153.17,0,3.04424e-67,0.218373
153.18,0,3.01395e-67,0.218351
153.19,0,2.98396e-67,0.21833
153.2,0,2.95427e-67,0.218308
153.21,0,2.92487e-67,0.218286
153.22,0,2.89577e-67,0.218264
153.23,0,2.86696e-67,0.218242
153.24,0,2.83843e-67,0.21822
153.25,0,2.81019e-67,0.218199
153.26,0,2.78223e-67,0.218177
153.27,0,2.75454e-67,0.218155
153.28,0,2.72713e-67,0.218133
153.29,0,2.7e-67,0.218111
153.3,0,2.67313e-67,0.21809
153.31,0,2.64654e-67,0.218068
153.32,0,2.6202e-67,0.218046
153.33,0,2.59413e-67,0.218024
153.34,0,2.56832e-67,0.218002
153.35,0,2.54276e-67,0.217981
153.36,0,2.51746e-67,0.217959
153.37,0,2.49241e-67,0.217937
153.38,0,2.46761e-67,0.217915
153.39,0,2.44306e-67,0.217893
153.4,0,2.41875e-67,0.217872
153.41,0,2.39468e-67,0.21785
153.42,0,2.37086e-67,0.217828
153.43,0,2.34727e-67,0.217806
153.44,0,2.32391e-67,0.217784
153.45,0,2.30079e-67,0.217763
153.46,0,2.27789e-67,0.217741
153.47,0,2.25523e-67,0.217719
153.48,0,2.23279e-67,0.217697
153.49,0,2.21057e-67,0.217676
153.5,0,2.18858e-67,0.217654
153.51,0,2.1668e-67,0.217632
153.52,0,2.14524e-67,0.21761
153.53,0,2.12389e-67,0.217588
153.54,0,2.10276e-67,0.217567
153.55,0,2.08184e-67,0.217545
153.56,0,2.06112e-67,0.217523
153.57,0,2.04062e-67,0.217501
153.58,0,2.02031e-67,0.21748
153.59,0,2.00021e-67,0.217458
153.6,0,1.98031e-67,0.217436
153.61,0,1.9606e-67,0.217414
153.62,0,1.94109e-67,0.217393
153.63,0,1.92178e-67,0.217371
153.64,0,1.90266e-67,0.217349
153.65,0,1.88373e-67,0.217328
153.66,0,1.86498e-67,0.217306
153.67,0,1.84643e-67,0.217284
153.68,0,1.82805e-67,0.217262
153.69,0,1.80986e-67,0.217241
153.7,0,1.79186e-67,0.217219
153.71,0,1.77403e-67,0.217197
153.72,0,1.75637e-67,0.217175
153.73,0,1.7389e-67,0.217154
153.74,0,1.7216e-67,0.217132
153.75,0,1.70447e-67,0.21711
153.76,0,1.68751e-67,0.217089
153.77,0,1.67071e-67,0.217067
153.78,0,1.65409e-67,0.217045
153.79,0,1.63763e-67,0.217023
153.8,0,1.62134e-67,0.217002
153.81,0,1.60521e-67,0.21698
153.82,0,1.58923e-67,0.216958
153.83,0,1.57342e-67,0.216937
153.84,0,1.55776e-67,0.216915
153.85,0,1.54226e-67,0.216893
153.86,0,1.52692e-67,0.216872
153.87,0,1.51173e-67,0.21685
153.88,0,1.49668e-67,0.216828
153.89,0,1.48179e-67,0.216807
153.9,0,1.46705e-67,0.216785
153.91,0,1.45245e-67,0.216763
153.92,0,1.438e-67,0.216742
153.93,0,1.42369e-67,0.21672
153.94,0,1.40952e-67,0.216698
153.95,0,1.3955e-67,0.216677
153.96,0,1.38161e-67,0.216655
153.97,0,1.36787e-67,0.216633
153.98,0,1.35426e-67,0.216612
153.99,0,1.34078e-67,0.21659
154,0,1.32744e-67,0.216568
154.01,0,1.31423e-67,0.216547
154.02,0,1.30115e-67,0.216525
154.03,0,1.28821e-67,0.216503
154.04,0,1.27539e-67,0.216482
154.05,0,1.2627e-67,0.21646
154.06,0,1.25014e-67,0.216438
154.07,0,1.2377e-67,0.216417
154.08,0,1.22538e-67,0.216395
154.09,0,1.21319e-67,0.216373
154.1,0,1.20112e-67,0.216352
154.11,0,1.18917e-67,0.21633
154.12,0,1.17733e-67,0.216308
154.13,0,1.16562e-67,0.216287
154.14,0,1.15402e-67,0.216265
154.15,0,1.14254e-67,0.216244
154.16,0,1.13117e-67,0.216222
154.17,0,1.11991e-67,0.2162
154.18,0,1.10877e-67,0.216179
154.19,0,1.09774e-67,0.216157
154.2,0,1.08682e-67,0.216136
154.21,0,1.076e-67,0.216114
154.22,0,1.06529e-67,0.216092
154.23,0,1.05469e-67,0.216071
154.24,0,1.0442e-67,0.216049
154.25,0,1.03381e-67,0.216027
154.26,0,1.02352e-67,0.216006
154.27,0,1.01334e-67,0.215984
154.28,0,1.00326e-67,0.215963
154.29,0,9.93274e-68,0.215941
154.3,0,9.83391e-68,0.215919
154.31,0,9.73606e-68,0.215898
154.32,0,9.63919e-68,0.215876
154.33,0,9.54327e-68,0.215855
154.34,0,9.44832e-68,0.215833
154.35,0,9.3543e-68,0.215812
154.36,0,9.26123e-68,0.21579
154.37,0,9.16908e-68,0.215768
154.38,0,9.07784e-68,0.215747
154.39,0,8.98752e-68,0.215725
154.4,0,8.89809e-68,0.215704
154.41,0,8.80955e-68,0.215682
154.42,0,8.7219e-68,0.215661
154.43,0,8.63511e-68,0.215639
154.44,0,8.54919e-68,0.215617
154.45,0,8.46413e-68,0.215596
154.46,0,8.37991e-68,0.215574
154.47,0,8.29652e-68,0.215553
154.48,0,8.21397e-68,0.215531
154.49,0,8.13224e-68,0.21551
154.5,0,8.05132e-68,0.215488
154.51,0,7.97121e-68,0.215467
154.52,0,7.8919e-68,0.215445
154.53,0,7.81337e-68,0.215423
154.54,0,7.73563e-68,0.215402
154.55,0,7.65866e-68,0.21538
154.56,0,7.58245e-68,0.215359
154.57,0,7.50701e-68,0.215337
154.58,0,7.43231e-68,0.215316
154.59,0,7.35836e-68,0.215294
154.6,0,7.28514e-68,0.215273
154.61,0,7.21265e-68,0.215251
154.62,0,7.14088e-68,0.21523
154.63,0,7.06983e-68,0.215208
154.64,0,6.99949e-68,0.215187
154.65,0,6.92984e-68,0.215165
154.66,0,6.86089e-68,0.215144
154.67,0,6.79262e-68,0.215122
154.68,0,6.72503e-68,0.215101
154.69,0,6.65812e-68,0.215079
154.7,0,6.59187e-68,0.215058
154.71,0,6.52628e-68,0.215036
154.72,0,6.46134e-68,0.215015
154.73,0,6.39705e-68,0.214993
154.74,0,6.3334e-68,0.214972
154.75,0,6.27038e-68,0.21495
154.76,0,6.20799e-68,0.214929
154.77,0,6.14622e-68,0.214907
154.78,0,6.08506e-68,0.214886
154.79,0,6.02451e-68,0.214864
154.8,0,5.96457e-68,0.214843
154.81,0,5.90522e-68,0.214821
154.82,0,5.84646e-68,0.2148
154.83,0,5.78829e-68,0.214778
154.84,0,5.73069e-68,0.214757
154.85,0,5.67367e-68,0.214735
154.86,0,5.61722e-68,0.214714
154.87,0,5.56133e-68,0.214692
154.88,0,5.50599e-68,0.214671
154.89,0,5.4512e-68,0.214649
154.9,0,5.39696e-68,0.214628
154.91,0,5.34326e-68,0.214606
154.92,0,5.2901e-68,0.214585
154.93,0,5.23746e-68,0.214563
154.94,0,5.18535e-68,0.214542
154.95,0,5.13375e-68,0.214521
154.96,0,5.08267e-68,0.214499
154.97,0,5.0321e-68,0.214478
154.98,0,4.98203e-68,0.214456
154.99,0,4.93245e-68,0.214435
155,0,4.88338e-68,0.214413
155.01,0,4.83478e-68,0.214392
155.02,0,4.78668e-68,0.21437
155.03,0,4.73905e-68,0.214349
155.04,0,4.6919e-68,0.214328
155.05,0,4.64521e-68,0.214306
155.06,0,4.59899e-68,0.214285
155.07,0,4.55323e-68,0.214263
155.08,0,4.50792e-68,0.214242
155.09,0,4.46307e-68,0.21422
155.1,0,4.41866e-68,0.214199
155.11,0,4.37469e-68,0.214178
155.12,0,4.33117e-68,0.214156
155.13,0,4.28807e-68,0.214135
155.14,0,4.2454e-68,0.214113
155.15,0,4.20316e-68,0.214092
155.16,0,4.16134e-68,0.214071
155.17,0,4.11993e-68,0.214049
155.18,0,4.07894e-68,0.214028
155.19,0,4.03835e-68,0.214006
155.2,0,3.99817e-68,0.213985
155.21,0,3.95839e-68,0.213964
155.22,0,3.919e-68,0.213942
155.23,0,3.88001e-68,0.213921
155.24,0,3.8414e-68,0.213899
155.25,0,3.80318e-68,0.213878
155.26,0,3.76533e-68,0.213857
155.27,0,3.72787e-68,0.213835
155.28,0,3.69078e-68,0.213814
155.29,0,3.65405e-68,0.213792
155.3,0,3.61769e-68,0.213771
155.31,0,3.5817e-68,0.21375
155.32,0,3.54606e-68,0.213728
155.33,0,3.51077e-68,0.213707
155.34,0,3.47584e-68,0.213686
155.35,0,3.44126e-68,0.213664
155.36,0,3.40702e-68,0.213643
155.37,0,3.37312e-68,0.213621
155.38,0,3.33955e-68,0.2136
155.39,0,3.30632e-68,0.213579
155.4,0,3.27342e-68,0.213557
155.41,0,3.24085e-68,0.213536
155.42,0,3.20861e-68,0.213515
155.43,0,3.17668e-68,0.213493
155.44,0,3.14507e-68,0.213472
155.45,0,3.11378e-68,0.213451
155.46,0,3.0828e-68,0.213429
155.47,0,3.05212e-68,0.213408
155.48,0,3.02175e-68,0.213387
155.49,0,2.99168e-68,0.213365
155.5,0,2.96192e-68,0.213344
155.51,0,2.93245e-68,0.213323
155.52,0,2.90327e-68,0.213301
155.53,0,2.87438e-68,0.21328
155.54,0,2.84578e-68,0.213259
155.55,0,2.81746e-68,0.213237
155.56,0,2.78943e-68,0.213216
155.57,0,2.76167e-68,0.213195
155.58,0,2.73419e-68,0.213173
155.59,0,2.70699e-68,0.213152
155.6,0,2.68005e-68,0.213131
155.61,0,2.65339e-68,0.213109
155.62,0,2.62698e-68,0.213088
155.63,0,2.60085e-68,0.213067
155.64,0,2.57497e-68,0.213045
155.65,0,2.54935e-68,0.213024
155.66,0,2.52398e-68,0.213003
155.67,0,2.49887e-68,0.212982
155.68,0,2.474e-68,0.21296
155.69,0,2.44938e-68,0.212939
155.7,0,2.42501e-68,0.212918
155.71,0,2.40088e-68,0.212896
155.72,0,2.37699e-68,0.212875
155.73,0,2.35334e-68,0.212854
155.74,0,2.32993e-68,0.212833
155.75,0,2.30674e-68,0.212811
155.76,0,2.28379e-68,0.21279
155.77,0,2.26107e-68,0.212769
155.78,0,2.23857e-68,0.212747
155.79,0,2.21629e-68,0.212726
155.8,0,2.19424e-68,0.212705
155.81,0,2.17241e-68,0.212684
155.82,0,2.15079e-68,0.212662
155.83,0,2.12939e-68,0.212641
155.84,0,2.1082e-68,0.21262
155.85,0,2.08723e-68,0.212599
155.86,0,2.06646e-68,0.212577
155.87,0,2.0459e-68,0.212556
155.88,0,2.02554e-68,0.212535
155.89,0,2.00539e-68,0.212514
155.9,0,1.98543e-68,0.212492
155.91,0,1.96568e-68,0.212471
155.92,0,1.94612e-68,0.21245
155.93,0,1.92675e-68,0.212429
155.94,0,1.90758e-68,0.212407
155.95,0,1.8886e-68,0.212386
155.96,0,1.86981e-68,0.212365
155.97,0,1.8512e-68,0.212344
155.98,0,1.83278e-68,0.212322
155.99,0,1.81455e-68,0.212301
156,0,1.79649e-68,0.21228
156.01,0,1.77862e-68,0.212259
156.02,0,1.76092e-68,0.212237
156.03,0,1.7434e-68,0.212216
156.04,0,1.72605e-68,0.212195
156.05,0,1.70888e-68,0.212174
156.06,0,1.69187e-68,0.212153
156.07,0,1.67504e-68,0.212131
156.08,0,1.65837e-68,0.21211
156.09,0,1.64187e-68,0.212089
156.1,0,1.62553e-68,0.212068
156.11,0,1.60936e-68,0.212047
156.12,0,1.59335e-68,0.212025
156.13,0,1.57749e-68,0.212004
156.14,0,1.5618e-68,0.211983
156.15,0,1.54626e-68,0.211962
156.16,0,1.53087e-68,0.211941
156.17,0,1.51564e-68,0.211919
156.18,0,1.50056e-68,0.211898
156.19,0,1.48563e-68,0.211877
156.2,0,1.47084e-68,0.211856
156.21,0,1.45621e-68,0.211835
156.22,0,1.44172e-68,0.211813
156.23,0,1.42737e-68,0.211792
156.24,0,1.41317e-68,0.211771
156.25,0,1.39911e-68,0.21175
156.26,0,1.38519e-68,0.211729
156.27,0,1.37141e-68,0.211708
156.28,0,1.35776e-68,0.211686
156.29,0,1.34425e-68,0.211665
156.3,0,1.33088e-68,0.211644
156.31,0,1.31763e-68,0.211623
156.32,0,1.30452e-68,0.211602
156.33,0,1.29154e-68,0.211581
156.34,0,1.27869e-68,0.211559
156.35,0,1.26597e-68,0.211538
156.36,0,1.25337e-68,0.211517
156.37,0,1.2409e-68,0.211496
156.38,0,1.22855e-68,0.211475
156.39,0,1.21633e-68,0.211454
156.4,0,1.20423e-68,0.211432
156.41,0,1.19224e-68,0.211411
156.42,0,1.18038e-68,0.21139
156.43,0,1.16864e-68,0.211369
156.44,0,1.15701e-68,0.211348
156.45,0,1.14549e-68,0.211327
156.46,0,1.1341e-68,0.211306
156.47,0,1.12281e-68,0.211285
156.48,0,1.11164e-68,0.211263
156.49,0,1.10058e-68,0.211242
156.5,0,1.08963e-68,0.211221
156.51,0,1.07879e-68,0.2112
156.52,0,1.06805e-68,0.211179
156.53,0,1.05742e-68,0.211158
156.54,0,1.0469e-68,0.211137
156.55,0,1.03649e-68,0.211116
156.56,0,1.02617e-68,0.211094
156.57,0,1.01596e-68,0.211073
156.58,0,1.00585e-68,0.211052
156.59,0,9.95845e-69,0.211031
156.6,0,9.85936e-69,0.21101
156.61,0,9.76126e-69,0.210989
156.62,0,9.66414e-69,0.210968
156.63,0,9.56798e-69,0.210947
156.64,0,9.47277e-69,0.210926
156.65,0,9.37852e-69,0.210905
156.66,0,9.2852e-69,0.210883
156.67,0,9.19281e-69,0.210862
156.68,0,9.10134e-69,0.210841
156.69,0,9.01078e-69,0.21082
156.7,0,8.92112e-69,0.210799
156.71,0,8.83236e-69,0.210778
156.72,0,8.74447e-69,0.210757
156.73,0,8.65746e-69,0.210736
156.74,0,8.57132e-69,0.210715
156.75,0,8.48603e-69,0.210694
156.76,0,8.4016e-69,0.210673
156.77,0,8.318e-69,0.210652
156.78,0,8.23523e-69,0.210631
156.79,0,8.15329e-69,0.210609
156.8,0,8.07217e-69,0.210588
156.81,0,7.99185e-69,0.210567
156.82,0,7.91233e-69,0.210546
156.83,0,7.8336e-69,0.210525
156.84,0,7.75565e-69,0.210504
156.85,0,7.67848e-69,0.210483
156.86,0,7.60208e-69,0.210462
156.87,0,7.52644e-69,0.210441
156.88,0,7.45155e-69,0.21042
156.89,0,7.3774e-69,0.210399
156.9,0,7.304e-69,0.210378
156.91,0,7.23132e-69,0.210357
156.92,0,7.15937e-69,0.210336
156.93,0,7.08813e-69,0.210315
156.94,0,7.0176e-69,0.210294
156.95,0,6.94778e-69,0.210273
156.96,0,6.87865e-69,0.210252
156.97,0,6.8102e-69,0.210231
156.98,0,6.74244e-69,0.21021
156.99,0,6.67535e-69,0.210189
157,0,6.60893e-69,0.210168
157.01,0,6.54317e-69,0.210147
157.02,0,6.47806e-69,0.210126
157.03,0,6.41361e-69,0.210105
157.04,0,6.34979e-69,0.210084
157.05,0,6.28661e-69,0.210063
157.06,0,6.22406e-69,0.210042
157.07,0,6.16213e-69,0.210021
157.08,0,6.10081e-69,0.21
157.09,0,6.04011e-69,0.209979
157.1,0,5.98001e-69,0.209958
157.11,0,5.92051e-69,0.209937
157.12,0,5.8616e-69,0.209916
157.13,0,5.80327e-69,0.209895
157.14,0,5.74553e-69,0.209874
157.15,0,5.68836e-69,0.209853
157.16,0,5.63176e-69,0.209832
157.17,0,5.57572e-69,0.209811
157.18,0,5.52024e-69,0.20979
157.19,0,5.46531e-69,0.209769
157.2,0,5.41093e-69,0.209748
157.21,0,5.35709e-69,0.209727
157.22,0,5.30379e-69,0.209706
157.23,0,5.25102e-69,0.209685
157.24,0,5.19877e-69,0.209664
157.25,0,5.14704e-69,0.209643
157.26,0,5.09583e-69,0.209622
157.27,0,5.04512e-69,0.209601
157.28,0,4.99492e-69,0.20958
157.29,0,4.94522e-69,0.209559
157.3,0,4.89602e-69,0.209538
157.31,0,4.8473e-69,0.209517
157.32,0,4.79907e-69,0.209496
157.33,0,4.75132e-69,0.209475
157.34,0,4.70404e-69,0.209454
157.35,0,4.65723e-69,0.209433
157.36,0,4.61089e-69,0.209412
157.37,0,4.56501e-69,0.209391
157.38,0,4.51959e-69,0.209371
157.39,0,4.47462e-69,0.20935
157.4,0,4.4301e-69,0.209329
157.41,0,4.38602e-69,0.209308
157.42,0,4.34238e-69,0.209287
157.43,0,4.29917e-69,0.209266
157.44,0,4.25639e-69,0.209245
157.45,0,4.21404e-69,0.209224
157.46,0,4.17211e-69,0.209203
157.47,0,4.1306e-69,0.209182
157.48,0,4.0895e-69,0.209161
157.49,0,4.0488e-69,0.20914
157.5,0,4.00852e-69,0.209119
157.51,0,3.96863e-69,0.209099
157.52,0,3.92914e-69,0.209078
157.53,0,3.89005e-69,0.209057
157.54,0,3.85134e-69,0.209036
157.55,0,3.81302e-69,0.209015
157.56,0,3.77508e-69,0.208994
157.57,0,3.73752e-69,0.208973
157.58,0,3.70033e-69,0.208952
157.59,0,3.66351e-69,0.208931
157.6,0,3.62706e-69,0.20891
157.61,0,3.59097e-69,0.20889
157.62,0,3.55524e-69,0.208869
157.63,0,3.51986e-69,0.208848
157.64,0,3.48484e-69,0.208827
157.65,0,3.45016e-69,0.208806
157.66,0,3.41583e-69,0.208785
157.67,0,3.38185e-69,0.208764
157.68,0,3.3482e-69,0.208743
157.69,0,3.31488e-69,0.208723
157.7,0,3.2819e-69,0.208702
157.71,0,3.24924e-69,0.208681
157.72,0,3.21691e-69,0.20866
157.73,0,3.1849e-69,0.208639
157.74,0,3.15321e-69,0.208618
157.75,0,3.12184e-69,0.208597
157.76,0,3.09077e-69,0.208576
157.77,0,3.06002e-69,0.208556
157.78,0,3.02957e-69,0.208535
157.79,0,2.99943e-69,0.208514
157.8,0,2.96958e-69,0.208493
157.81,0,2.94004e-69,0.208472
157.82,0,2.91078e-69,0.208451
157.83,0,2.88182e-69,0.20843
157.84,0,2.85314e-69,0.20841
157.85,0,2.82476e-69,0.208389
157.86,0,2.79665e-69,0.208368
157.87,0,2.76882e-69,0.208347
157.88,0,2.74127e-69,0.208326
157.89,0,2.714e-69,0.208305
157.9,0,2.68699e-69,0.208285
157.91,0,2.66025e-69,0.208264
157.92,0,2.63378e-69,0.208243
157.93,0,2.60758e-69,0.208222
157.94,0,2.58163e-69,0.208201
157.95,0,2.55594e-69,0.208181
157.96,0,2.53051e-69,0.20816
157.97,0,2.50533e-69,0.208139
157.98,0,2.4804e-69,0.208118
157.99,0,2.45572e-69,0.208097
158,0,2.43129e-69,0.208076
158.01,0,2.4071e-69,0.208056
158.02,0,2.38315e-69,0.208035
158.03,0,2.35943e-69,0.208014
158.04,0,2.33596e-69,0.207993
158.05,0,2.31271e-69,0.207972
158.06,0,2.2897e-69,0.207952
158.07,0,2.26692e-69,0.207931
158.08,0,2.24436e-69,0.20791
158.09,0,2.22203e-69,0.207889
158.1,0,2.19992e-69,0.207868
158.11,0,2.17803e-69,0.207848
158.12,0,2.15636e-69,0.207827
158.13,0,2.1349e-69,0.207806
158.14,0,2.11366e-69,0.207785
158.15,0,2.09263e-69,0.207765
158.16,0,2.07181e-69,0.207744
158.17,0,2.05119e-69,0.207723
158.18,0,2.03078e-69,0.207702
158.19,0,2.01058e-69,0.207681
158.2,0,1.99057e-69,0.207661
158.21,0,1.97076e-69,0.20764
158.22,0,1.95116e-69,0.207619
158.23,0,1.93174e-69,0.207598
158.24,0,1.91252e-69,0.207578
158.25,0,1.89349e-69,0.207557
158.26,0,1.87465e-69,0.207536
158.27,0,1.856e-69,0.207515
158.28,0,1.83753e-69,0.207495
158.29,0,1.81925e-69,0.207474
158.3,0,1.80114e-69,0.207453
158.31,0,1.78322e-69,0.207432
158.32,0,1.76548e-69,0.207412
158.33,0,1.74791e-69,0.207391
158.34,0,1.73052e-69,0.20737
158.35,0,1.7133e-69,0.207349
158.36,0,1.69625e-69,0.207329
158.37,0,1.67938e-69,0.207308
158.38,0,1.66267e-69,0.207287
158.39,0,1.64612e-69,0.207267
158.4,0,1.62974e-69,0.207246
158.41,0,1.61353e-69,0.207225
158.42,0,1.59747e-69,0.207204
158.43,0,1.58158e-69,0.207184
158.44,0,1.56584e-69,0.207163
158.45,0,1.55026e-69,0.207142
158.46,0,1.53483e-69,0.207122
158.47,0,1.51956e-69,0.207101
158.48,0,1.50444e-69,0.20708
158.49,0,1.48947e-69,0.207059
158.5,0,1.47465e-69,0.207039
158.51,0,1.45998e-69,0.207018
158.52,0,1.44545e-69,0.206997
158.53,0,1.43107e-69,0.206977
158.54,0,1.41683e-69,0.206956
158.55,0,1.40273e-69,0.206935
158.56,0,1.38877e-69,0.206914
158.57,0,1.37496e-69,0.206894
158.58,0,1.36127e-69,0.206873
158.59,0,1.34773e-69,0.206852
158.6,0,1.33432e-69,0.206832
158.61,0,1.32104e-69,0.206811
158.62,0,1.3079e-69,0.20679
158.63,0,1.29488e-69,0.20677
158.64,0,1.282e-69,0.206749
158.65,0,1.26924e-69,0.206728
158.66,0,1.25662e-69,0.206708
158.67,0,1.24411e-69,0.206687
158.68,0,1.23173e-69,0.206666
158.69,0,1.21948e-69,0.206646
158.7,0,1.20734e-69,0.206625
158.71,0,1.19533e-69,0.206604
158.72,0,1.18344e-69,0.206584
158.73,0,1.17166e-69,0.206563
158.74,0,1.16e-69,0.206542
158.75,0,1.14846e-69,0.206522
158.76,0,1.13703e-69,0.206501
158.77,0,1.12572e-69,0.20648
158.78,0,1.11452e-69,0.20646
158.79,0,1.10343e-69,0.206439
158.8,0,1.09245e-69,0.206418
158.81,0,1.08158e-69,0.206398
158.82,0,1.07082e-69,0.206377
158.83,0,1.06016e-69,0.206357
158.84,0,1.04961e-69,0.206336
158.85,0,1.03917e-69,0.206315
158.86,0,1.02883e-69,0.206295
158.87,0,1.01859e-69,0.206274
158.88,0,1.00846e-69,0.206253
158.89,0,9.98423e-70,0.206233
158.9,0,9.88489e-70,0.206212
158.91,0,9.78653e-70,0.206192
158.92,0,9.68915e-70,0.206171
158.93,0,9.59274e-70,0.20615
158.94,0,9.49729e-70,0.20613
158.95,0,9.40279e-70,0.206109
158.96,0,9.30923e-70,0.206088
158.97,0,9.21661e-70,0.206068
158.98,0,9.1249e-70,0.206047
158.99,0,9.0341e-70,0.206027
159,0,8.94421e-70,0.206006
159.01,0,8.85522e-70,0.205985
159.02,0,8.76711e-70,0.205965
159.03,0,8.67987e-70,0.205944
159.04,0,8.59351e-70,0.205924
159.05,0,8.508e-70,0.205903
159.06,0,8.42334e-70,0.205883
159.07,0,8.33953e-70,0.205862
159.08,0,8.25655e-70,0.205841
159.09,0,8.1744e-70,0.205821
159.1,0,8.09306e-70,0.2058
159.11,0,8.01253e-70,0.20578
159.12,0,7.93281e-70,0.205759
159.13,0,7.85387e-70,0.205738
159.14,0,7.77573e-70,0.205718
159.15,0,7.69836e-70,0.205697
159.16,0,7.62176e-70,0.205677
159.17,0,7.54592e-70,0.205656
159.18,0,7.47084e-70,0.205636
159.19,0,7.3965e-70,0.205615
159.2,0,7.3229e-70,0.205594
159.21,0,7.25004e-70,0.205574
159.22,0,7.1779e-70,0.205553
159.23,0,7.10648e-70,0.205533
159.24,0,7.03577e-70,0.205512
159.25,0,6.96576e-70,0.205492
159.26,0,6.89645e-70,0.205471
159.27,0,6.82783e-70,0.205451
159.28,0,6.75989e-70,0.20543
159.29,0,6.69263e-70,0.20541
159.3,0,6.62604e-70,0.205389
159.31,0,6.56011e-70,0.205368
159.32,0,6.49483e-70,0.205348
159.33,0,6.43021e-70,0.205327
159.34,0,6.36623e-70,0.205307
159.35,0,6.30288e-70,0.205286
159.36,0,6.24017e-70,0.205266
159.37,0,6.17808e-70,0.205245
159.38,0,6.1166e-70,0.205225
159.39,0,6.05574e-70,0.205204
159.4,0,5.99549e-70,0.205184
159.41,0,5.93583e-70,0.205163
159.42,0,5.87677e-70,0.205143
159.43,0,5.81829e-70,0.205122
159.44,0,5.7604e-70,0.205102
159.45,0,5.70308e-70,0.205081
159.46,0,5.64634e-70,0.205061
159.47,0,5.59015e-70,0.20504
159.48,0,5.53453e-70,0.20502
159.49,0,5.47946e-70,0.204999
159.5,0,5.42494e-70,0.204979
159.51,0,5.37096e-70,0.204958
159.52,0,5.31752e-70,0.204938
159.53,0,5.26461e-70,0.204917
159.54,0,5.21223e-70,0.204897
159.55,0,5.16036e-70,0.204876
159.56,0,5.10902e-70,0.204856
159.57,0,5.05818e-70,0.204835
159.58,0,5.00785e-70,0.204815
159.59,0,4.95802e-70,0.204794
159.6,0,4.90869e-70,0.204774
159.61,0,4.85985e-70,0.204753
159.62,0,4.81149e-70,0.204733
159.63,0,4.76362e-70,0.204712
159.64,0,4.71622e-70,0.204692
159.65,0,4.66929e-70,0.204671
159.66,0,4.62283e-70,0.204651
159.67,0,4.57683e-70,0.20463
159.68,0,4.53129e-70,0.20461
159.69,0,4.4862e-70,0.20459
159.7,0,4.44157e-70,0.204569
159.71,0,4.39737e-70,0.204549
159.72,0,4.35362e-70,0.204528
159.73,0,4.3103e-70,0.204508
159.74,0,4.26741e-70,0.204487
159.75,0,4.22495e-70,0.204467
159.76,0,4.18291e-70,0.204446
159.77,0,4.14129e-70,0.204426
159.78,0,4.10008e-70,0.204405
159.79,0,4.05928e-70,0.204385
159.8,0,4.01889e-70,0.204365
159.81,0,3.97891e-70,0.204344
159.82,0,3.93931e-70,0.204324
159.83,0,3.90012e-70,0.204303
159.84,0,3.86131e-70,0.204283
159.85,0,3.82289e-70,0.204262
159.86,0,3.78485e-70,0.204242
159.87,0,3.74719e-70,0.204222
159.88,0,3.70991e-70,0.204201
159.89,0,3.67299e-70,0.204181
159.9,0,3.63645e-70,0.20416
159.91,0,3.60026e-70,0.20414
159.92,0,3.56444e-70,0.20412
159.93,0,3.52897e-70,0.204099
159.94,0,3.49386e-70,0.204079
159.95,0,3.45909e-70,0.204058
159.96,0,3.42468e-70,0.204038
159.97,0,3.3906e-70,0.204017
159.98,0,3.35686e-70,0.203997
159.99,0,3.32346e-70,0.203977
160,0,3.29039e-70,0.203956
160.01,0,3.25765e-70,0.203936
160.02,0,3.22524e-70,0.203915
160.03,0,3.19315e-70,0.203895
160.04,0,3.16137e-70,0.203875
160.05,0,3.12992e-70,0.203854
160.06,0,3.09877e-70,0.203834
160.07,0,3.06794e-70,0.203814
160.08,0,3.03742e-70,0.203793
160.09,0,3.00719e-70,0.203773
160.1,0,2.97727e-70,0.203752
160.11,0,2.94765e-70,0.203732
160.12,0,2.91832e-70,0.203712
160.13,0,2.88928e-70,0.203691
160.14,0,2.86053e-70,0.203671
160.15,0,2.83207e-70,0.203651
160.16,0,2.80389e-70,0.20363
160.17,0,2.77599e-70,0.20361
160.18,0,2.74837e-70,0.203589
160.19,0,2.72102e-70,0.203569
160.2,0,2.69395e-70,0.203549
160.21,0,2.66714e-70,0.203528
160.22,0,2.6406e-70,0.203508
160.23,0,2.61433e-70,0.203488
160.24,0,2.58831e-70,0.203467
160.25,0,2.56256e-70,0.203447
160.26,0,2.53706e-70,0.203427
160.27,0,2.51182e-70,0.203406
160.28,0,2.48683e-70,0.203386
160.29,0,2.46208e-70,0.203366
160.3,0,2.43758e-70,0.203345
160.31,0,2.41333e-70,0.203325
160.32,0,2.38932e-70,0.203305
160.33,0,2.36554e-70,0.203284
160.34,0,2.342e-70,0.203264
160.35,0,2.3187e-70,0.203244
160.36,0,2.29563e-70,0.203223
160.37,0,2.27279e-70,0.203203
160.38,0,2.25017e-70,0.203183
160.39,0,2.22778e-70,0.203162
160.4,0,2.20562e-70,0.203142
160.41,0,2.18367e-70,0.203122
160.42,0,2.16194e-70,0.203101
160.43,0,2.14043e-70,0.203081
160.44,0,2.11913e-70,0.203061
160.45,0,2.09805e-70,0.203041
160.46,0,2.07717e-70,0.20302
160.47,0,2.0565e-70,0.203
160.48,0,2.03604e-70,0.20298
160.49,0,2.01578e-70,0.202959
160.5,0,1.99572e-70,0.202939
160.51,0,1.97587e-70,0.202919
160.52,0,1.95621e-70,0.202898
160.53,0,1.93674e-70,0.202878
160.54,0,1.91747e-70,0.202858
160.55,0,1.89839e-70,0.202838
160.56,0,1.8795e-70,0.202817
160.57,0,1.8608e-70,0.202797
160.58,0,1.84229e-70,0.202777
160.59,0,1.82395e-70,0.202756
160.6,0,1.80581e-70,0.202736
160.61,0,1.78784e-70,0.202716
160.62,0,1.77005e-70,0.202696
160.63,0,1.75244e-70,0.202675
160.64,0,1.735e-70,0.202655
160.65,0,1.71774e-70,0.202635
160.66,0,1.70064e-70,0.202615
160.67,0,1.68372e-70,0.202594
160.68,0,1.66697e-70,0.202574
160.69,0,1.65038e-70,0.202554
160.7,0,1.63396e-70,0.202534
160.71,0,1.6177e-70,0.202513
160.72,0,1.60161e-70,0.202493
160.73,0,1.58567e-70,0.202473
160.74,0,1.56989e-70,0.202453
160.75,0,1.55427e-70,0.202432
160.76,0,1.53881e-70,0.202412
160.77,0,1.52349e-70,0.202392
160.78,0,1.50834e-70,0.202372
160.79,0,1.49333e-70,0.202351
160.8,0,1.47847e-70,0.202331
160.81,0,1.46376e-70,0.202311
160.82,0,1.44919e-70,0.202291
160.83,0,1.43477e-70,0.20227
160.84,0,1.4205e-70,0.20225
160.85,0,1.40636e-70,0.20223
160.86,0,1.39237e-70,0.20221
160.87,0,1.37852e-70,0.20219
160.88,0,1.3648e-70,0.202169
160.89,0,1.35122e-70,0.202149
160.9,0,1.33777e-70,0.202129
160.91,0,1.32446e-70,0.202109
160.92,0,1.31128e-70,0.202088
160.93,0,1.29824e-70,0.202068
160.94,0,1.28532e-70,0.202048
160.95,0,1.27253e-70,0.202028
160.96,0,1.25987e-70,0.202008
160.97,0,1.24733e-70,0.201987
160.98,0,1.23492e-70,0.201967
160.99,0,1.22263e-70,0.201947
161,0,1.21047e-70,0.201927
161.01,0,1.19842e-70,0.201907
161.02,0,1.1865e-70,0.201886
161.03,0,1.17469e-70,0.201866
161.04,0,1.163e-70,0.201846
161.05,0,1.15143e-70,0.201826
161.06,0,1.13998e-70,0.201806
161.07,0,1.12863e-70,0.201786
161.08,0,1.1174e-70,0.201765
161.09,0,1.10628e-70,0.201745
161.1,0,1.09528e-70,0.201725
161.11,0,1.08438e-70,0.201705
161.12,0,1.07359e-70,0.201685
161.13,0,1.06291e-70,0.201665
161.14,0,1.05233e-70,0.201644
161.15,0,1.04186e-70,0.201624
161.16,0,1.03149e-70,0.201604
161.17,0,1.02123e-70,0.201584
161.18,0,1.01107e-70,0.201564
161.19,0,1.00101e-70,0.201544
161.2,0,9.91047e-71,0.201523
161.21,0,9.81186e-71,0.201503
161.22,0,9.71423e-71,0.201483
161.23,0,9.61757e-71,0.201463
161.24,0,9.52188e-71,0.201443
161.25,0,9.42713e-71,0.201423
161.26,0,9.33333e-71,0.201403
161.27,0,9.24046e-71,0.201382
161.28,0,9.14852e-71,0.201362
161.29,0,9.05749e-71,0.201342
161.3,0,8.96737e-71,0.201322
161.31,0,8.87814e-71,0.201302
161.32,0,8.7898e-71,0.201282
161.33,0,8.70234e-71,0.201262
161.34,0,8.61575e-71,0.201241
161.35,0,8.53002e-71,0.201221
161.36,0,8.44515e-71,0.201201
161.37,0,8.36112e-71,0.201181
161.38,0,8.27792e-71,0.201161
161.39,0,8.19556e-71,0.201141
161.4,0,8.11401e-71,0.201121
161.41,0,8.03327e-71,0.201101
161.42,0,7.95334e-71,0.201081
161.43,0,7.8742e-71,0.20106
161.44,0,7.79585e-71,0.20104
161.45,0,7.71828e-71,0.20102
161.46,0,7.64148e-71,0.201
161.47,0,7.56545e-71,0.20098
161.48,0,7.49017e-71,0.20096
161.49,0,7.41564e-71,0.20094
161.5,0,7.34186e-71,0.20092
161.51,0,7.26881e-71,0.2009
161.52,0,7.19648e-71,0.20088
161.53,0,7.12487e-71,0.200859
161.54,0,7.05398e-71,0.200839
161.55,0,6.98379e-71,0.200819
161.56,0,6.9143e-71,0.200799
161.57,0,6.8455e-71,0.200779
161.58,0,6.77739e-71,0.200759
161.59,0,6.70995e-71,0.200739
161.6,0,6.64319e-71,0.200719
161.61,0,6.57709e-71,0.200699
161.62,0,6.51164e-71,0.200679
161.63,0,6.44685e-71,0.200659
161.64,0,6.3827e-71,0.200639
161.65,0,6.3192e-71,0.200619
161.66,0,6.25632e-71,0.200599
161.67,0,6.19407e-71,0.200578
161.68,0,6.13244e-71,0.200558
161.69,0,6.07142e-71,0.200538
161.7,0,6.011e-71,0.200518
161.71,0,5.95119e-71,0.200498
161.72,0,5.89198e-71,0.200478
161.73,0,5.83335e-71,0.200458
161.74,0,5.77531e-71,0.200438
161.75,0,5.71784e-71,0.200418
161.76,0,5.66095e-71,0.200398
161.77,0,5.60462e-71,0.200378
161.78,0,5.54886e-71,0.200358
161.79,0,5.49364e-71,0.200338
161.8,0,5.43898e-71,0.200318
161.81,0,5.38486e-71,0.200298
161.82,0,5.33128e-71,0.200278
161.83,0,5.27824e-71,0.200258
161.84,0,5.22572e-71,0.200238
161.85,0,5.17372e-71,0.200218
161.86,0,5.12224e-71,0.200198
161.87,0,5.07127e-71,0.200178
161.88,0,5.02081e-71,0.200158
161.89,0,4.97086e-71,0.200138
161.9,0,4.92139e-71,0.200118
161.91,0,4.87243e-71,0.200098
161.92,0,4.82394e-71,0.200078
161.93,0,4.77595e-71,0.200058
161.94,0,4.72842e-71,0.200038
161.95,0,4.68138e-71,0.200018
161.96,0,4.63479e-71,0.199998
161.97,0,4.58868e-71,0.199978
161.98,0,4.54302e-71,0.199958
161.99,0,4.49782e-71,0.199938
162,0,4.45306e-71,0.199918
162.01,0,4.40875e-71,0.199898
162.02,0,4.36489e-71,0.199878
162.03,0,4.32145e-71,0.199858
162.04,0,4.27845e-71,0.199838
162.05,0,4.23588e-71,0.199818
162.06,0,4.19374e-71,0.199798
162.07,0,4.15201e-71,0.199778
162.08,0,4.11069e-71,0.199758
162.09,0,4.06979e-71,0.199738
162.1,0,4.0293e-71,0.199718
162.11,0,3.9892e-71,0.199698
162.12,0,3.94951e-71,0.199678
162.13,0,3.91021e-71,0.199658
162.14,0,3.87131e-71,0.199638
162.15,0,3.83279e-71,0.199618
162.16,0,3.79465e-71,0.199598
162.17,0,3.75689e-71,0.199578
162.18,0,3.71951e-71,0.199558
162.19,0,3.6825e-71,0.199538
162.2,0,3.64586e-71,0.199518
162.21,0,3.60958e-71,0.199498
162.22,0,3.57367e-71,0.199478
162.23,0,3.53811e-71,0.199458
162.24,0,3.5029e-71,0.199438
162.25,0,3.46805e-71,0.199418
162.26,0,3.43354e-71,0.199399
162.27,0,3.39938e-71,0.199379
162.28,0,3.36555e-71,0.199359
162.29,0,3.33206e-71,0.199339
162.3,0,3.29891e-71,0.199319
162.31,0,3.26608e-71,0.199299
162.32,0,3.23359e-71,0.199279
162.33,0,3.20141e-71,0.199259
162.34,0,3.16956e-71,0.199239
162.35,0,3.13802e-71,0.199219
162.36,0,3.1068e-71,0.199199
162.37,0,3.07588e-71,0.199179
162.38,0,3.04528e-71,0.199159
162.39,0,3.01498e-71,0.19914
162.4,0,2.98498e-71,0.19912
162.41,0,2.95528e-71,0.1991
162.42,0,2.92587e-71,0.19908
162.43,0,2.89676e-71,0.19906
162.44,0,2.86793e-71,0.19904
162.45,0,2.8394e-71,0.19902
162.46,0,2.81115e-71,0.199
162.47,0,2.78317e-71,0.19898
162.48,0,2.75548e-71,0.19896
162.49,0,2.72806e-71,0.19894
162.5,0,2.70092e-71,0.198921
162.51,0,2.67404e-71,0.198901
162.52,0,2.64744e-71,0.198881
162.53,0,2.62109e-71,0.198861
162.54,0,2.59501e-71,0.198841
162.55,0,2.56919e-71,0.198821
162.56,0,2.54363e-71,0.198801
162.57,0,2.51832e-71,0.198781
162.58,0,2.49326e-71,0.198762
162.59,0,2.46845e-71,0.198742
162.6,0,2.44389e-71,0.198722
162.61,0,2.41958e-71,0.198702
162.62,0,2.3955e-71,0.198682
162.63,0,2.37166e-71,0.198662
162.64,0,2.34807e-71,0.198642
162.65,0,2.3247e-71,0.198622
162.66,0,2.30157e-71,0.198603
162.67,0,2.27867e-71,0.198583
162.68,0,2.256e-71,0.198563
162.69,0,2.23355e-71,0.198543
162.7,0,2.21133e-71,0.198523
162.71,0,2.18932e-71,0.198503
162.72,0,2.16754e-71,0.198483
162.73,0,2.14597e-71,0.198464
162.74,0,2.12462e-71,0.198444
162.75,0,2.10348e-71,0.198424
162.76,0,2.08255e-71,0.198404
162.77,0,2.06183e-71,0.198384
162.78,0,2.04131e-71,0.198364
162.79,0,2.021e-71,0.198345
162.8,0,2.00089e-71,0.198325
162.81,0,1.98098e-71,0.198305
162.82,0,1.96127e-71,0.198285
162.83,0,1.94175e-71,0.198265
162.84,0,1.92243e-71,0.198245
162.85,0,1.90331e-71,0.198226
162.86,0,1.88437e-71,0.198206
162.87,0,1.86562e-71,0.198186
162.88,0,1.84705e-71,0.198166
162.89,0,1.82868e-71,0.198146
162.9,0,1.81048e-71,0.198126
162.91,0,1.79247e-71,0.198107
162.92,0,1.77463e-71,0.198087
162.93,0,1.75697e-71,0.198067
162.94,0,1.73949e-71,0.198047
162.95,0,1.72218e-71,0.198027
162.96,0,1.70505e-71,0.198008
162.97,0,1.68808e-71,0.197988
162.98,0,1.67128e-71,0.197968
162.99,0,1.65465e-71,0.197948
163,0,1.63819e-71,0.197928
163.01,0,1.62189e-71,0.197909
163.02,0,1.60575e-71,0.197889
163.03,0,1.58977e-71,0.197869
163.04,0,1.57396e-71,0.197849
163.05,0,1.55829e-71,0.19783
163.06,0,1.54279e-71,0.19781
163.07,0,1.52744e-71,0.19779
163.08,0,1.51224e-71,0.19777
163.09,0,1.49719e-71,0.19775
163.1,0,1.4823e-71,0.197731
163.11,0,1.46755e-71,0.197711
163.12,0,1.45294e-71,0.197691
163.13,0,1.43849e-71,0.197671
163.14,0,1.42417e-71,0.197652
163.15,0,1.41e-71,0.197632
163.16,0,1.39597e-71,0.197612
163.17,0,1.38208e-71,0.197592
163.18,0,1.36833e-71,0.197573
163.19,0,1.35472e-71,0.197553
163.2,0,1.34124e-71,0.197533
163.21,0,1.32789e-71,0.197513
163.22,0,1.31468e-71,0.197493
163.23,0,1.3016e-71,0.197474
163.24,0,1.28865e-71,0.197454
163.25,0,1.27582e-71,0.197434
163.26,0,1.26313e-71,0.197415
163.27,0,1.25056e-71,0.197395
163.28,0,1.23812e-71,0.197375
163.29,0,1.2258e-71,0.197355
163.3,0,1.2136e-71,0.197336
163.31,0,1.20153e-71,0.197316
163.32,0,1.18957e-71,0.197296
163.33,0,1.17773e-71,0.197276
163.34,0,1.16601e-71,0.197257
163.35,0,1.15441e-71,0.197237
163.36,0,1.14293e-71,0.197217
163.37,0,1.13155e-71,0.197197
163.38,0,1.12029e-71,0.197178
163.39,0,1.10915e-71,0.197158
163.4,0,1.09811e-71,0.197138
163.41,0,1.08719e-71,0.197119
163.42,0,1.07637e-71,0.197099
163.43,0,1.06566e-71,0.197079
163.44,0,1.05505e-71,0.197059
163.45,0,1.04456e-71,0.19704
163.46,0,1.03416e-71,0.19702
163.47,0,1.02387e-71,0.197
163.48,0,1.01368e-71,0.196981
163.49,0,1.0036e-71,0.196961
163.5,0,9.93612e-72,0.196941
163.51,0,9.83726e-72,0.196922
163.52,0,9.73938e-72,0.196902
163.53,0,9.64247e-72,0.196882
163.54,0,9.54652e-72,0.196863
163.55,0,9.45153e-72,0.196843
163.56,0,9.35749e-72,0.196823
163.57,0,9.26438e-72,0.196803
163.58,0,9.1722e-72,0.196784
163.59,0,9.08093e-72,0.196764
163.6,0,8.99058e-72,0.196744
163.61,0,8.90112e-72,0.196725
163.62,0,8.81255e-72,0.196705
163.63,0,8.72487e-72,0.196685
163.64,0,8.63805e-72,0.196666
163.65,0,8.5521e-72,0.196646
163.66,0,8.46701e-72,0.196626
163.67,0,8.38276e-72,0.196607
163.68,0,8.29935e-72,0.196587
163.69,0,8.21677e-72,0.196567
163.7,0,8.13501e-72,0.196548
163.71,0,8.05407e-72,0.196528
163.72,0,7.97393e-72,0.196508
163.73,0,7.89458e-72,0.196489
163.74,0,7.81603e-72,0.196469
163.75,0,7.73826e-72,0.19645
163.76,0,7.66126e-72,0.19643
163.77,0,7.58503e-72,0.19641
163.78,0,7.50956e-72,0.196391
163.79,0,7.43484e-72,0.196371
163.8,0,7.36086e-72,0.196351
163.81,0,7.28762e-72,0.196332
163.82,0,7.21511e-72,0.196312
163.83,0,7.14332e-72,0.196292
163.84,0,7.07224e-72,0.196273
163.85,0,7.00187e-72,0.196253
163.86,0,6.9322e-72,0.196234
163.87,0,6.86322e-72,0.196214
163.88,0,6.79493e-72,0.196194
163.89,0,6.72732e-72,0.196175
163.9,0,6.66038e-72,0.196155
163.91,0,6.59411e-72,0.196135
163.92,0,6.5285e-72,0.196116
163.93,0,6.46354e-72,0.196096
163.94,0,6.39923e-72,0.196077
163.95,0,6.33555e-72,0.196057
163.96,0,6.27251e-72,0.196037
163.97,0,6.2101e-72,0.196018
163.98,0,6.14831e-72,0.195998
163.99,0,6.08713e-72,0.195979
164,0,6.02656e-72,0.195959
164.01,0,5.9666e-72,0.195939
164.02,0,5.90723e-72,0.19592
164.03,0,5.84845e-72,0.1959
164.04,0,5.79026e-72,0.195881
164.05,0,5.73265e-72,0.195861
164.06,0,5.6756e-72,0.195841
164.07,0,5.61913e-72,0.195822
164.08,0,5.56322e-72,0.195802
164.09,0,5.50786e-72,0.195783
164.1,0,5.45306e-72,0.195763
164.11,0,5.3988e-72,0.195744
164.12,0,5.34508e-72,0.195724
164.13,0,5.2919e-72,0.195704
164.14,0,5.23924e-72,0.195685
164.15,0,5.18711e-72,0.195665
164.16,0,5.1355e-72,0.195646
164.17,0,5.0844e-72,0.195626
164.18,0,5.03381e-72,0.195607
164.19,0,4.98372e-72,0.195587
164.2,0,4.93413e-72,0.195568
164.21,0,4.88504e-72,0.195548
164.22,0,4.83643e-72,0.195528
164.23,0,4.78831e-72,0.195509
164.24,0,4.74066e-72,0.195489
164.25,0,4.69349e-72,0.19547
164.26,0,4.64679e-72,0.19545
164.27,0,4.60056e-72,0.195431
164.28,0,4.55478e-72,0.195411
164.29,0,4.50946e-72,0.195392
164.3,0,4.46459e-72,0.195372
164.31,0,4.42017e-72,0.195353
164.32,0,4.37618e-72,0.195333
164.33,0,4.33264e-72,0.195313
164.34,0,4.28953e-72,0.195294
164.35,0,4.24685e-72,0.195274
164.36,0,4.20459e-72,0.195255
164.37,0,4.16275e-72,0.195235
164.38,0,4.12133e-72,0.195216
164.39,0,4.08033e-72,0.195196
164.4,0,4.03973e-72,0.195177
164.41,0,3.99953e-72,0.195157
164.42,0,3.95973e-72,0.195138
164.43,0,3.92033e-72,0.195118
164.44,0,3.88133e-72,0.195099
164.45,0,3.84271e-72,0.195079
164.46,0,3.80447e-72,0.19506
164.47,0,3.76662e-72,0.19504
164.48,0,3.72914e-72,0.195021
164.49,0,3.69203e-72,0.195001
164.5,0,3.6553e-72,0.194982
164.51,0,3.61893e-72,0.194962
164.52,0,3.58292e-72,0.194943
164.53,0,3.54727e-72,0.194923
164.54,0,3.51197e-72,0.194904
164.55,0,3.47702e-72,0.194884
164.56,0,3.44243e-72,0.194865
164.57,0,3.40818e-72,0.194845
164.58,0,3.37426e-72,0.194826
164.59,0,3.34069e-72,0.194806
164.6,0,3.30745e-72,0.194787
164.61,0,3.27454e-72,0.194767
164.62,0,3.24196e-72,0.194748
164.63,0,3.2097e-72,0.194728
164.64,0,3.17776e-72,0.194709
164.65,0,3.14614e-72,0.194689
164.66,0,3.11484e-72,0.19467
164.67,0,3.08384e-72,0.19465
164.68,0,3.05316e-72,0.194631
164.69,0,3.02278e-72,0.194612
164.7,0,2.9927e-72,0.194592
164.71,0,2.96293e-72,0.194573
164.72,0,2.93344e-72,0.194553
164.73,0,2.90426e-72,0.194534
164.74,0,2.87536e-72,0.194514
164.75,0,2.84675e-72,0.194495
164.76,0,2.81842e-72,0.194475
164.77,0,2.79038e-72,0.194456
164.78,0,2.76261e-72,0.194436
164.79,0,2.73512e-72,0.194417
164.8,0,2.70791e-72,0.194398
164.81,0,2.68097e-72,0.194378
164.82,0,2.65429e-72,0.194359
164.83,0,2.62788e-72,0.194339
164.84,0,2.60173e-72,0.19432
164.85,0,2.57584e-72,0.1943
164.86,0,2.55021e-72,0.194281
164.87,0,2.52484e-72,0.194262
164.88,0,2.49972e-72,0.194242
164.89,0,2.47484e-72,0.194223
164.9,0,2.45022e-72,0.194203
164.91,0,2.42584e-72,0.194184
164.92,0,2.4017e-72,0.194164
164.93,0,2.3778e-72,0.194145
164.94,0,2.35414e-72,0.194126
164.95,0,2.33072e-72,0.194106
164.96,0,2.30753e-72,0.194087
164.97,0,2.28457e-72,0.194067
164.98,0,2.26184e-72,0.194048
164.99,0,2.23933e-72,0.194029
165,0,2.21705e-72,0.194009
165.01,0,2.19499e-72,0.19399
165.02,0,2.17315e-72,0.19397
165.03,0,2.15153e-72,0.193951
165.04,0,2.13012e-72,0.193932
165.05,0,2.10892e-72,0.193912
165.06,0,2.08794e-72,0.193893
165.07,0,2.06716e-72,0.193873
165.08,0,2.04659e-72,0.193854
165.09,0,2.02623e-72,0.193835
165.1,0,2.00607e-72,0.193815
165.11,0,1.98611e-72,0.193796
165.12,0,1.96635e-72,0.193777
165.13,0,1.94678e-72,0.193757
165.14,0,1.92741e-72,0.193738
165.15,0,1.90823e-72,0.193718
165.16,0,1.88924e-72,0.193699
165.17,0,1.87045e-72,0.19368
165.18,0,1.85183e-72,0.19366
165.19,0,1.83341e-72,0.193641
165.2,0,1.81517e-72,0.193622
165.21,0,1.7971e-72,0.193602
165.22,0,1.77922e-72,0.193583
165.23,0,1.76152e-72,0.193563
165.24,0,1.74399e-72,0.193544
165.25,0,1.72664e-72,0.193525
165.26,0,1.70946e-72,0.193505
165.27,0,1.69245e-72,0.193486
165.28,0,1.67561e-72,0.193467
165.29,0,1.65894e-72,0.193447
165.3,0,1.64243e-72,0.193428
165.31,0,1.62609e-72,0.193409
165.32,0,1.60991e-72,0.193389
165.33,0,1.59389e-72,0.19337
165.34,0,1.57803e-72,0.193351
165.35,0,1.56233e-72,0.193331
165.36,0,1.54678e-72,0.193312
165.37,0,1.53139e-72,0.193293
165.38,0,1.51615e-72,0.193273
165.39,0,1.50107e-72,0.193254
165.4,0,1.48613e-72,0.193235
165.41,0,1.47135e-72,0.193215
165.42,0,1.4567e-72,0.193196
165.43,0,1.44221e-72,0.193177
165.44,0,1.42786e-72,0.193157
165.45,0,1.41365e-72,0.193138
165.46,0,1.39959e-72,0.193119
165.47,0,1.38566e-72,0.1931
165.48,0,1.37187e-72,0.19308
165.49,0,1.35822e-72,0.193061
165.5,0,1.34471e-72,0.193042
165.51,0,1.33133e-72,0.193022
165.52,0,1.31808e-72,0.193003
165.53,0,1.30497e-72,0.192984
165.54,0,1.29198e-72,0.192964
165.55,0,1.27913e-72,0.192945
165.56,0,1.2664e-72,0.192926
165.57,0,1.2538e-72,0.192907
165.58,0,1.24132e-72,0.192887
165.59,0,1.22897e-72,0.192868
165.6,0,1.21674e-72,0.192849
165.61,0,1.20464e-72,0.192829
165.62,0,1.19265e-72,0.19281
165.63,0,1.18078e-72,0.192791
165.64,0,1.16903e-72,0.192772
165.65,0,1.1574e-72,0.192752
165.66,0,1.14588e-72,0.192733
165.67,0,1.13448e-72,0.192714
165.68,0,1.12319e-72,0.192694
165.69,0,1.11202e-72,0.192675
165.7,0,1.10095e-72,0.192656
165.71,0,1.09e-72,0.192637
165.72,0,1.07915e-72,0.192617
165.73,0,1.06842e-72,0.192598
165.74,0,1.05778e-72,0.192579
165.75,0,1.04726e-72,0.19256
165.76,0,1.03684e-72,0.19254
165.77,0,1.02652e-72,0.192521
165.78,0,1.01631e-72,0.192502
165.79,0,1.0062e-72,0.192483
165.8,0,9.96184e-73,0.192463
165.81,0,9.86272e-73,0.192444
165.82,0,9.76459e-73,0.192425
165.83,0,9.66743e-73,0.192406
165.84,0,9.57123e-73,0.192386
165.85,0,9.476e-73,0.192367
165.86,0,9.38171e-73,0.192348
165.87,0,9.28836e-73,0.192329
165.88,0,9.19594e-73,0.192309
165.89,0,9.10444e-73,0.19229
165.9,0,9.01385e-73,0.192271
165.91,0,8.92416e-73,0.192252
165.92,0,8.83536e-73,0.192233
165.93,0,8.74745e-73,0.192213
165.94,0,8.66041e-73,0.192194
165.95,0,8.57424e-73,0.192175
165.96,0,8.48892e-73,0.192156
165.97,0,8.40446e-73,0.192136
165.98,0,8.32083e-73,0.192117
165.99,0,8.23804e-73,0.192098
166,0,8.15607e-73,0.192079
166.01,0,8.07491e-73,0.19206
166.02,0,7.99457e-73,0.19204
166.03,0,7.91502e-73,0.192021
166.04,0,7.83626e-73,0.192002
166.05,0,7.75829e-73,0.191983
166.06,0,7.6811e-73,0.191964
166.07,0,7.60467e-73,0.191944
166.08,0,7.529e-73,0.191925
166.09,0,7.45408e-73,0.191906
166.1,0,7.37992e-73,0.191887
166.11,0,7.30648e-73,0.191868
166.12,0,7.23378e-73,0.191848
166.13,0,7.16181e-73,0.191829
166.14,0,7.09054e-73,0.19181
166.15,0,7.01999e-73,0.191791
166.16,0,6.95014e-73,0.191772
166.17,0,6.88099e-73,0.191753
166.18,0,6.81252e-73,0.191733
166.19,0,6.74473e-73,0.191714
166.2,0,6.67762e-73,0.191695
166.21,0,6.61118e-73,0.191676
166.22,0,6.5454e-73,0.191657
166.23,0,6.48027e-73,0.191638
166.24,0,6.41579e-73,0.191618
166.25,0,6.35195e-73,0.191599
166.26,0,6.28875e-73,0.19158
166.27,0,6.22617e-73,0.191561
166.28,0,6.16422e-73,0.191542
166.29,0,6.10289e-73,0.191523
166.3,0,6.04216e-73,0.191503
166.31,0,5.98204e-73,0.191484
166.32,0,5.92252e-73,0.191465
166.33,0,5.86359e-73,0.191446
166.34,0,5.80525e-73,0.191427
166.35,0,5.74748e-73,0.191408
166.36,0,5.6903e-73,0.191389
166.37,0,5.63368e-73,0.191369
166.38,0,5.57762e-73,0.19135
166.39,0,5.52212e-73,0.191331
166.4,0,5.46718e-73,0.191312
166.41,0,5.41278e-73,0.191293
166.42,0,5.35892e-73,0.191274
166.43,0,5.3056e-73,0.191255
166.44,0,5.2528e-73,0.191235
166.45,0,5.20054e-73,0.191216
166.46,0,5.14879e-73,0.191197
166.47,0,5.09756e-73,0.191178
166.48,0,5.04684e-73,0.191159
166.49,0,4.99662e-73,0.19114
166.5,0,4.9469e-73,0.191121
166.51,0,4.89768e-73,0.191102
166.52,0,4.84895e-73,0.191083
166.53,0,4.8007e-73,0.191063
166.54,0,4.75293e-73,0.191044
166.55,0,4.70564e-73,0.191025
166.56,0,4.65882e-73,0.191006
166.57,0,4.61246e-73,0.190987
166.58,0,4.56657e-73,0.190968
166.59,0,4.52113e-73,0.190949
166.6,0,4.47614e-73,0.19093
166.61,0,4.43161e-73,0.190911
166.62,0,4.38751e-73,0.190892
166.63,0,4.34385e-73,0.190872
166.64,0,4.30063e-73,0.190853
166.65,0,4.25784e-73,0.190834
166.66,0,4.21547e-73,0.190815
166.67,0,4.17353e-73,0.190796
166.68,0,4.132e-73,0.190777
166.69,0,4.09089e-73,0.190758
166.7,0,4.05018e-73,0.190739
166.71,0,4.00988e-73,0.19072
166.72,0,3.96998e-73,0.190701
166.73,0,3.93048e-73,0.190682
166.74,0,3.89137e-73,0.190663
166.75,0,3.85265e-73,0.190644
166.76,0,3.81432e-73,0.190625
166.77,0,3.77637e-73,0.190605
166.78,0,3.73879e-73,0.190586
166.79,0,3.70159e-73,0.190567
166.8,0,3.66476e-73,0.190548
166.81,0,3.62829e-73,0.190529
166.82,0,3.59219e-73,0.19051
166.83,0,3.55645e-73,0.190491
166.84,0,3.52106e-73,0.190472
166.85,0,3.48603e-73,0.190453
166.86,0,3.45134e-73,0.190434
166.87,0,3.417e-73,0.190415
166.88,0,3.383e-73,0.190396
166.89,0,3.34934e-73,0.190377
166.9,0,3.31601e-73,0.190358
166.91,0,3.28301e-73,0.190339
166.92,0,3.25035e-73,0.19032
166.93,0,3.21801e-73,0.190301
166.94,0,3.18599e-73,0.190282
166.95,0,3.15429e-73,0.190263
166.96,0,3.1229e-73,0.190244
166.97,0,3.09183e-73,0.190225
166.98,0,3.06106e-73,0.190206
166.99,0,3.0306e-73,0.190187
167,0,3.00045e-73,0.190168
167.01,0,2.97059e-73,0.190149
167.02,0,2.94104e-73,0.19013
167.03,0,2.91177e-73,0.190111
167.04,0,2.8828e-73,0.190092
167.05,0,2.85412e-73,0.190073
167.06,0,2.82572e-73,0.190054
167.07,0,2.7976e-73,0.190034
167.08,0,2.76976e-73,0.190015
167.09,0,2.7422e-73,0.189996
167.1,0,2.71492e-73,0.189977
167.11,0,2.68791e-73,0.189958
167.12,0,2.66116e-73,0.18994
167.13,0,2.63468e-73,0.189921
167.14,0,2.60847e-73,0.189902
167.15,0,2.58251e-73,0.189883
167.16,0,2.55681e-73,0.189864
167.17,0,2.53137e-73,0.189845
167.18,0,2.50619e-73,0.189826
167.19,0,2.48125e-73,0.189807
167.2,0,2.45656e-73,0.189788
167.21,0,2.43212e-73,0.189769
167.22,0,2.40792e-73,0.18975
167.23,0,2.38396e-73,0.189731
167.24,0,2.36024e-73,0.189712
167.25,0,2.33675e-73,0.189693
167.26,0,2.3135e-73,0.189674
167.27,0,2.29048e-73,0.189655
167.28,0,2.26769e-73,0.189636
167.29,0,2.24513e-73,0.189617
167.3,0,2.22279e-73,0.189598
167.31,0,2.20067e-73,0.189579
167.32,0,2.17877e-73,0.18956
167.33,0,2.15709e-73,0.189541
167.34,0,2.13563e-73,0.189522
167.35,0,2.11438e-73,0.189503
167.36,0,2.09334e-73,0.189484
167.37,0,2.07251e-73,0.189465
167.38,0,2.05189e-73,0.189446
167.39,0,2.03147e-73,0.189427
167.4,0,2.01126e-73,0.189408
167.41,0,1.99125e-73,0.189389
167.42,0,1.97144e-73,0.189371
167.43,0,1.95182e-73,0.189352
167.44,0,1.9324e-73,0.189333
167.45,0,1.91317e-73,0.189314
167.46,0,1.89413e-73,0.189295
167.47,0,1.87529e-73,0.189276
167.48,0,1.85663e-73,0.189257
167.49,0,1.83815e-73,0.189238
167.5,0,1.81986e-73,0.189219
167.51,0,1.80176e-73,0.1892
167.52,0,1.78383e-73,0.189181
167.53,0,1.76608e-73,0.189162
167.54,0,1.74851e-73,0.189143
167.55,0,1.73111e-73,0.189125
167.56,0,1.71388e-73,0.189106
167.57,0,1.69683e-73,0.189087
167.58,0,1.67995e-73,0.189068
167.59,0,1.66323e-73,0.189049
167.6,0,1.64668e-73,0.18903
167.61,0,1.6303e-73,0.189011
167.62,0,1.61408e-73,0.188992
167.63,0,1.59801e-73,0.188973
167.64,0,1.58211e-73,0.188954
167.65,0,1.56637e-73,0.188935
167.66,0,1.55079e-73,0.188917
167.67,0,1.53536e-73,0.188898
167.68,0,1.52008e-73,0.188879
167.69,0,1.50495e-73,0.18886
167.7,0,1.48998e-73,0.188841
167.71,0,1.47515e-73,0.188822
167.72,0,1.46048e-73,0.188803
167.73,0,1.44594e-73,0.188784
167.74,0,1.43156e-73,0.188766
167.75,0,1.41731e-73,0.188747
167.76,0,1.40321e-73,0.188728
167.77,0,1.38925e-73,0.188709
167.78,0,1.37542e-73,0.18869
167.79,0,1.36174e-73,0.188671
167.8,0,1.34819e-73,0.188652
167.81,0,1.33477e-73,0.188633
167.82,0,1.32149e-73,0.188615
167.83,0,1.30834e-73,0.188596
167.84,0,1.29533e-73,0.188577
167.85,0,1.28244e-73,0.188558
167.86,0,1.26968e-73,0.188539
167.87,0,1.25704e-73,0.18852
167.88,0,1.24454e-73,0.188501
167.89,0,1.23215e-73,0.188483
167.9,0,1.21989e-73,0.188464
167.91,0,1.20775e-73,0.188445
167.92,0,1.19574e-73,0.188426
167.93,0,1.18384e-73,0.188407
167.94,0,1.17206e-73,0.188388
167.95,0,1.1604e-73,0.18837
167.96,0,1.14885e-73,0.188351
167.97,0,1.13742e-73,0.188332
167.98,0,1.1261e-73,0.188313
167.99,0,1.1149e-73,0.188294
168,0,1.1038e-73,0.188275
168.01,0,1.09282e-73,0.188257
168.02,0,1.08195e-73,0.188238
168.03,0,1.07118e-73,0.188219
168.04,0,1.06052e-73,0.1882
168.05,0,1.04997e-73,0.188181
168.06,0,1.03952e-73,0.188162
168.07,0,1.02918e-73,0.188144
168.08,0,1.01894e-73,0.188125
168.09,0,1.0088e-73,0.188106
168.1,0,9.98763e-74,0.188087
168.11,0,9.88825e-74,0.188068
168.12,0,9.78986e-74,0.18805
168.13,0,9.69245e-74,0.188031
168.14,0,9.59601e-74,0.188012
168.15,0,9.50053e-74,0.187993
168.16,0,9.40599e-74,0.187974
168.17,0,9.3124e-74,0.187956
168.18,0,9.21974e-74,0.187937
168.19,0,9.12801e-74,0.187918
168.2,0,9.03718e-74,0.187899
168.21,0,8.94726e-74,0.18788
168.22,0,8.85823e-74,0.187862
168.23,0,8.77009e-74,0.187843
168.24,0,8.68283e-74,0.187824
168.25,0,8.59643e-74,0.187805
168.26,0,8.5109e-74,0.187786
168.27,0,8.42621e-74,0.187768
168.28,0,8.34237e-74,0.187749
168.29,0,8.25936e-74,0.18773
168.3,0,8.17718e-74,0.187711
168.31,0,8.09581e-74,0.187693
168.32,0,8.01526e-74,0.187674
168.33,0,7.93551e-74,0.187655
168.34,0,7.85655e-74,0.187636
168.35,0,7.77837e-74,0.187618
168.36,0,7.70098e-74,0.187599
168.37,0,7.62435e-74,0.18758
168.38,0,7.54849e-74,0.187561
168.39,0,7.47338e-74,0.187543
168.4,0,7.39902e-74,0.187524
168.41,0,7.3254e-74,0.187505
168.42,0,7.25251e-74,0.187486
168.43,0,7.18034e-74,0.187468
168.44,0,7.1089e-74,0.187449
168.45,0,7.03816e-74,0.18743
168.46,0,6.96813e-74,0.187411
168.47,0,6.8988e-74,0.187393
168.48,0,6.83015e-74,0.187374
168.49,0,6.76219e-74,0.187355
168.5,0,6.69491e-74,0.187336
168.51,0,6.62829e-74,0.187318
168.52,0,6.56234e-74,0.187299
168.53,0,6.49704e-74,0.18728
168.54,0,6.4324e-74,0.187261
168.55,0,6.36839e-74,0.187243
168.56,0,6.30503e-74,0.187224
168.57,0,6.24229e-74,0.187205
168.58,0,6.18018e-74,0.187187
168.59,0,6.11869e-74,0.187168
168.6,0,6.0578e-74,0.187149
168.61,0,5.99753e-74,0.18713
168.62,0,5.93785e-74,0.187112
168.63,0,5.87877e-74,0.187093
168.64,0,5.82027e-74,0.187074
168.65,0,5.76236e-74,0.187056
168.66,0,5.70502e-74,0.187037
168.67,0,5.64826e-74,0.187018
168.68,0,5.59206e-74,0.186999
168.69,0,5.53642e-74,0.186981
168.7,0,5.48133e-74,0.186962
168.71,0,5.42679e-74,0.186943
168.72,0,5.37279e-74,0.186925
168.73,0,5.31933e-74,0.186906
168.74,0,5.2664e-74,0.186887
168.75,0,5.214e-74,0.186869
168.76,0,5.16212e-74,0.18685
168.77,0,5.11076e-74,0.186831
168.78,0,5.0599e-74,0.186813
168.79,0,5.00956e-74,0.186794
168.8,0,4.95971e-74,0.186775
168.81,0,4.91036e-74,0.186756
168.82,0,4.8615e-74,0.186738
168.83,0,4.81313e-74,0.186719
168.84,0,4.76524e-74,0.1867
168.85,0,4.71782e-74,0.186682
168.86,0,4.67088e-74,0.186663
168.87,0,4.6244e-74,0.186644
168.88,0,4.57839e-74,0.186626
168.89,0,4.53283e-74,0.186607
168.9,0,4.48773e-74,0.186588
168.91,0,4.44308e-74,0.18657
168.92,0,4.39887e-74,0.186551
168.93,0,4.3551e-74,0.186533
168.94,0,4.31176e-74,0.186514
168.95,0,4.26886e-74,0.186495
168.96,0,4.22639e-74,0.186477
168.97,0,4.18433e-74,0.186458
168.98,0,4.1427e-74,0.186439
168.99,0,4.10148e-74,0.186421
169,0,4.06067e-74,0.186402
169.01,0,4.02026e-74,0.186383
169.02,0,3.98026e-74,0.186365
169.03,0,3.94066e-74,0.186346
169.04,0,3.90145e-74,0.186327
169.05,0,3.86263e-74,0.186309
169.06,0,3.82419e-74,0.18629
169.07,0,3.78614e-74,0.186272
169.08,0,3.74847e-74,0.186253
169.09,0,3.71117e-74,0.186234
169.1,0,3.67424e-74,0.186216
169.11,0,3.63768e-74,0.186197
169.12,0,3.60149e-74,0.186178
169.13,0,3.56565e-74,0.18616
169.14,0,3.53017e-74,0.186141
169.15,0,3.49505e-74,0.186123
169.16,0,3.46027e-74,0.186104
169.17,0,3.42584e-74,0.186085
169.18,0,3.39175e-74,0.186067
169.19,0,3.35801e-74,0.186048
169.2,0,3.32459e-74,0.18603
169.21,0,3.29151e-74,0.186011
169.22,0,3.25876e-74,0.185992
169.23,0,3.22634e-74,0.185974
169.24,0,3.19423e-74,0.185955
169.25,0,3.16245e-74,0.185937
169.26,0,3.13098e-74,0.185918
169.27,0,3.09983e-74,0.185899
169.28,0,3.06899e-74,0.185881
169.29,0,3.03845e-74,0.185862
169.3,0,3.00822e-74,0.185844
169.31,0,2.97828e-74,0.185825
169.32,0,2.94865e-74,0.185806
169.33,0,2.91931e-74,0.185788
169.34,0,2.89026e-74,0.185769
169.35,0,2.8615e-74,0.185751
169.36,0,2.83303e-74,0.185732
169.37,0,2.80484e-74,0.185714
169.38,0,2.77693e-74,0.185695
169.39,0,2.7493e-74,0.185676
169.4,0,2.72195e-74,0.185658
169.41,0,2.69486e-74,0.185639
169.42,0,2.66805e-74,0.185621
169.43,0,2.6415e-74,0.185602
169.44,0,2.61522e-74,0.185584
169.45,0,2.5892e-74,0.185565
169.46,0,2.56343e-74,0.185547
169.47,0,2.53793e-74,0.185528
169.48,0,2.51267e-74,0.185509
169.49,0,2.48767e-74,0.185491
169.5,0,2.46292e-74,0.185472
169.51,0,2.43841e-74,0.185454
169.52,0,2.41415e-74,0.185435
169.53,0,2.39013e-74,0.185417
169.54,0,2.36635e-74,0.185398
169.55,0,2.3428e-74,0.18538
169.56,0,2.31949e-74,0.185361
169.57,0,2.29641e-74,0.185343
169.58,0,2.27356e-74,0.185324
169.59,0,2.25094e-74,0.185305
169.6,0,2.22854e-74,0.185287
169.61,0,2.20637e-74,0.185268
169.62,0,2.18441e-74,0.18525
169.63,0,2.16268e-74,0.185231
169.64,0,2.14116e-74,0.185213
169.65,0,2.11985e-74,0.185194
169.66,0,2.09876e-74,0.185176
169.67,0,2.07788e-74,0.185157
169.68,0,2.0572e-74,0.185139
169.69,0,2.03673e-74,0.18512
169.7,0,2.01647e-74,0.185102
169.71,0,1.9964e-74,0.185083
169.72,0,1.97654e-74,0.185065
169.73,0,1.95687e-74,0.185046
169.74,0,1.9374e-74,0.185028
169.75,0,1.91812e-74,0.185009
169.76,0,1.89904e-74,0.184991
169.77,0,1.88014e-74,0.184972
169.78,0,1.86143e-74,0.184954
169.79,0,1.84291e-74,0.184935
169.8,0,1.82458e-74,0.184917
169.81,0,1.80642e-74,0.184898
169.82,0,1.78845e-74,0.18488
169.83,0,1.77065e-74,0.184861
169.84,0,1.75303e-74,0.184843
169.85,0,1.73559e-74,0.184824
169.86,0,1.71832e-74,0.184806
169.87,0,1.70122e-74,0.184787
169.88,0,1.6843e-74,0.184769
169.89,0,1.66754e-74,0.18475
169.9,0,1.65094e-74,0.184732
169.91,0,1.63452e-74,0.184713
169.92,0,1.61825e-74,0.184695
169.93,0,1.60215e-74,0.184676
169.94,0,1.58621e-74,0.184658
169.95,0,1.57043e-74,0.18464
169.96,0,1.5548e-74,0.184621
169.97,0,1.53933e-74,0.184603
169.98,0,1.52401e-74,0.184584
169.99,0,1.50885e-74,0.184566
170,0,1.49384e-74,0.184547
170.01,0,1.47897e-74,0.184529
170.02,0,1.46426e-74,0.18451
170.03,0,1.44969e-74,0.184492
170.04,0,1.43526e-74,0.184473
170.05,0,1.42098e-74,0.184455
170.06,0,1.40684e-74,0.184437
170.07,0,1.39284e-74,0.184418
170.08,0,1.37898e-74,0.1844
170.09,0,1.36526e-74,0.184381
170.1,0,1.35168e-74,0.184363
170.11,0,1.33823e-74,0.184344
170.12,0,1.32491e-74,0.184326
170.13,0,1.31173e-74,0.184308
170.14,0,1.29868e-74,0.184289
170.15,0,1.28576e-74,0.184271
170.16,0,1.27296e-74,0.184252
170.17,0,1.2603e-74,0.184234
170.18,0,1.24776e-74,0.184215
170.19,0,1.23534e-74,0.184197
170.2,0,1.22305e-74,0.184179
170.21,0,1.21088e-74,0.18416
170.22,0,1.19883e-74,0.184142
170.23,0,1.1869e-74,0.184123
170.24,0,1.17509e-74,0.184105
170.25,0,1.1634e-74,0.184086
170.26,0,1.15182e-74,0.184068
170.27,0,1.14036e-74,0.18405
170.28,0,1.12902e-74,0.184031
170.29,0,1.11778e-74,0.184013
170.3,0,1.10666e-74,0.183994
170.31,0,1.09565e-74,0.183976
170.32,0,1.08475e-74,0.183958
170.33,0,1.07395e-74,0.183939
170.34,0,1.06327e-74,0.183921
170.35,0,1.05269e-74,0.183902
170.36,0,1.04221e-74,0.183884
170.37,0,1.03184e-74,0.183866
170.38,0,1.02158e-74,0.183847
170.39,0,1.01141e-74,0.183829
170.4,0,1.00135e-74,0.183811
170.41,0,9.91385e-75,0.183792
170.42,0,9.8152e-75,0.183774
170.43,0,9.71754e-75,0.183755
170.44,0,9.62085e-75,0.183737
170.45,0,9.52512e-75,0.183719
170.46,0,9.43034e-75,0.1837
170.47,0,9.33651e-75,0.183682
170.48,0,9.24361e-75,0.183664
170.49,0,9.15163e-75,0.183645
170.5,0,9.06057e-75,0.183627
170.51,0,8.97042e-75,0.183608
170.52,0,8.88116e-75,0.18359
170.53,0,8.79279e-75,0.183572
170.54,0,8.7053e-75,0.183553
170.55,0,8.61868e-75,0.183535
170.56,0,8.53293e-75,0.183517
170.57,0,8.44802e-75,0.183498
170.58,0,8.36396e-75,0.18348
170.59,0,8.28074e-75,0.183462
170.6,0,8.19835e-75,0.183443
170.61,0,8.11677e-75,0.183425
170.62,0,8.03601e-75,0.183407
170.63,0,7.95605e-75,0.183388
170.64,0,7.87688e-75,0.18337
170.65,0,7.79851e-75,0.183352
170.66,0,7.72091e-75,0.183333
170.67,0,7.64409e-75,0.183315
170.68,0,7.56803e-75,0.183297
170.69,0,7.49272e-75,0.183278
170.7,0,7.41817e-75,0.18326
170.71,0,7.34436e-75,0.183242
170.72,0,7.27128e-75,0.183223
170.73,0,7.19893e-75,0.183205
170.74,0,7.1273e-75,0.183187
170.75,0,7.05638e-75,0.183168
170.76,0,6.98617e-75,0.18315
170.77,0,6.91666e-75,0.183132
170.78,0,6.84783e-75,0.183113
170.79,0,6.7797e-75,0.183095
170.8,0,6.71224e-75,0.183077
170.81,0,6.64545e-75,0.183058
170.82,0,6.57933e-75,0.18304
170.83,0,6.51386e-75,0.183022
170.84,0,6.44905e-75,0.183004
170.85,0,6.38488e-75,0.182985
170.86,0,6.32135e-75,0.182967
170.87,0,6.25845e-75,0.182949
170.88,0,6.19618e-75,0.18293
170.89,0,6.13452e-75,0.182912
170.9,0,6.07348e-75,0.182894
170.91,0,6.01305e-75,0.182876
170.92,0,5.95322e-75,0.182857
170.93,0,5.89398e-75,0.182839
170.94,0,5.83534e-75,0.182821
170.95,0,5.77728e-75,0.182802
170.96,0,5.71979e-75,0.182784
170.97,0,5.66288e-75,0.182766
170.98,0,5.60653e-75,0.182748
170.99,0,5.55075e-75,0.182729
171,0,5.49552e-75,0.182711
171.01,0,5.44083e-75,0.182693
171.02,0,5.3867e-75,0.182674
171.03,0,5.3331e-75,0.182656
171.04,0,5.28003e-75,0.182638
171.05,0,5.2275e-75,0.18262
171.06,0,5.17548e-75,0.182601
171.07,0,5.12398e-75,0.182583
171.08,0,5.073e-75,0.182565
171.09,0,5.02252e-75,0.182547
171.1,0,4.97255e-75,0.182528
171.11,0,4.92307e-75,0.18251
171.12,0,4.87408e-75,0.182492
171.13,0,4.82559e-75,0.182474
171.14,0,4.77757e-75,0.182455
171.15,0,4.73003e-75,0.182437
171.16,0,4.68297e-75,0.182419
171.17,0,4.63637e-75,0.182401
171.18,0,4.59024e-75,0.182382
171.19,0,4.54457e-75,0.182364
171.2,0,4.49935e-75,0.182346
171.21,0,4.45458e-75,0.182328
171.22,0,4.41025e-75,0.182309
171.23,0,4.36637e-75,0.182291
171.24,0,4.32293e-75,0.182273
171.25,0,4.27991e-75,0.182255
171.26,0,4.23733e-75,0.182237
171.27,0,4.19516e-75,0.182218
171.28,0,4.15342e-75,0.1822
171.29,0,4.11209e-75,0.182182
171.3,0,4.07118e-75,0.182164
171.31,0,4.03067e-75,0.182145
171.32,0,3.99056e-75,0.182127
171.33,0,3.95086e-75,0.182109
171.34,0,3.91154e-75,0.182091
171.35,0,3.87262e-75,0.182073
171.36,0,3.83409e-75,0.182054
171.37,0,3.79594e-75,0.182036
171.38,0,3.75817e-75,0.182018
171.39,0,3.72078e-75,0.182
171.4,0,3.68375e-75,0.181982
171.41,0,3.6471e-75,0.181963
171.42,0,3.61081e-75,0.181945
171.43,0,3.57488e-75,0.181927
171.44,0,3.53931e-75,0.181909
171.45,0,3.5041e-75,0.181891
171.46,0,3.46923e-75,0.181872
171.47,0,3.43471e-75,0.181854
171.48,0,3.40053e-75,0.181836
171.49,0,3.3667e-75,0.181818
171.5,0,3.3332e-75,0.1818
171.51,0,3.30003e-75,0.181782
171.52,0,3.2672e-75,0.181763
171.53,0,3.23469e-75,0.181745
171.54,0,3.2025e-75,0.181727
171.55,0,3.17064e-75,0.181709
171.56,0,3.13909e-75,0.181691
171.57,0,3.10785e-75,0.181673
171.58,0,3.07693e-75,0.181654
171.59,0,3.04631e-75,0.181636
171.6,0,3.016e-75,0.181618
171.61,0,2.98599e-75,0.1816
171.62,0,2.95628e-75,0.181582
171.63,0,2.92687e-75,0.181564
171.64,0,2.89774e-75,0.181545
171.65,0,2.86891e-75,0.181527
171.66,0,2.84036e-75,0.181509
171.67,0,2.8121e-75,0.181491
171.68,0,2.78412e-75,0.181473
171.69,0,2.75642e-75,0.181455
171.7,0,2.72899e-75,0.181436
171.71,0,2.70184e-75,0.181418
171.72,0,2.67495e-75,0.1814
171.73,0,2.64834e-75,0.181382
171.74,0,2.62199e-75,0.181364
171.75,0,2.5959e-75,0.181346
171.76,0,2.57007e-75,0.181328
171.77,0,2.5445e-75,0.18131
171.78,0,2.51918e-75,0.181291
171.79,0,2.49411e-75,0.181273
171.8,0,2.46929e-75,0.181255
171.81,0,2.44472e-75,0.181237
171.82,0,2.4204e-75,0.181219
171.83,0,2.39632e-75,0.181201
171.84,0,2.37247e-75,0.181183
171.85,0,2.34887e-75,0.181165
171.86,0,2.32549e-75,0.181146
171.87,0,2.30235e-75,0.181128
171.88,0,2.27945e-75,0.18111
171.89,0,2.25676e-75,0.181092
171.9,0,2.23431e-75,0.181074
171.91,0,2.21208e-75,0.181056
171.92,0,2.19007e-75,0.181038
171.93,0,2.16828e-75,0.18102
171.94,0,2.1467e-75,0.181002
171.95,0,2.12534e-75,0.180983
171.96,0,2.10419e-75,0.180965
171.97,0,2.08326e-75,0.180947
171.98,0,2.06253e-75,0.180929
171.99,0,2.04201e-75,0.180911
172,0,2.02169e-75,0.180893
172.01,0,2.00157e-75,0.180875
172.02,0,1.98165e-75,0.180857
172.03,0,1.96194e-75,0.180839
172.04,0,1.94242e-75,0.180821
172.05,0,1.92309e-75,0.180803
172.06,0,1.90395e-75,0.180784
172.07,0,1.88501e-75,0.180766
172.08,0,1.86625e-75,0.180748
172.09,0,1.84768e-75,0.18073
172.1,0,1.8293e-75,0.180712
172.11,0,1.8111e-75,0.180694
172.12,0,1.79308e-75,0.180676
172.13,0,1.77523e-75,0.180658
172.14,0,1.75757e-75,0.18064
172.15,0,1.74008e-75,0.180622
172.16,0,1.72277e-75,0.180604
172.17,0,1.70563e-75,0.180586
172.18,0,1.68865e-75,0.180568
172.19,0,1.67185e-75,0.18055
172.2,0,1.65522e-75,0.180532
172.21,0,1.63875e-75,0.180514
172.22,0,1.62244e-75,0.180495
172.23,0,1.6063e-75,0.180477
172.24,0,1.59032e-75,0.180459
172.25,0,1.57449e-75,0.180441
172.26,0,1.55882e-75,0.180423
172.27,0,1.54331e-75,0.180405
172.28,0,1.52796e-75,0.180387
172.29,0,1.51275e-75,0.180369
172.3,0,1.4977e-75,0.180351
172.31,0,1.4828e-75,0.180333
172.32,0,1.46805e-75,0.180315
172.33,0,1.45344e-75,0.180297
172.34,0,1.43898e-75,0.180279
172.35,0,1.42466e-75,0.180261
172.36,0,1.41048e-75,0.180243
172.37,0,1.39645e-75,0.180225
172.38,0,1.38255e-75,0.180207
172.39,0,1.3688e-75,0.180189
172.4,0,1.35518e-75,0.180171
172.41,0,1.34169e-75,0.180153
172.42,0,1.32834e-75,0.180135
172.43,0,1.31513e-75,0.180117
172.44,0,1.30204e-75,0.180099
172.45,0,1.28908e-75,0.180081
172.46,0,1.27626e-75,0.180063
172.47,0,1.26356e-75,0.180045
172.48,0,1.25099e-75,0.180027
172.49,0,1.23854e-75,0.180009
172.5,0,1.22622e-75,0.179991
172.51,0,1.21401e-75,0.179973
172.52,0,1.20193e-75,0.179955
172.53,0,1.18998e-75,0.179937
172.54,0,1.17813e-75,0.179919
172.55,0,1.16641e-75,0.179901
172.56,0,1.15481e-75,0.179883
172.57,0,1.14332e-75,0.179865
172.58,0,1.13194e-75,0.179847
172.59,0,1.12068e-75,0.179829
172.6,0,1.10953e-75,0.179811
172.61,0,1.09849e-75,0.179793
172.62,0,1.08756e-75,0.179775
172.63,0,1.07673e-75,0.179757
172.64,0,1.06602e-75,0.179739
172.65,0,1.05541e-75,0.179721
172.66,0,1.04491e-75,0.179703
172.67,0,1.03451e-75,0.179685
172.68,0,1.02422e-75,0.179667
172.69,0,1.01403e-75,0.179649
172.7,0,1.00394e-75,0.179631
172.71,0,9.93951e-76,0.179613
172.72,0,9.84061e-76,0.179595
172.73,0,9.74269e-76,0.179577
172.74,0,9.64575e-76,0.179559
172.75,0,9.54977e-76,0.179541
172.76,0,9.45475e-76,0.179523
172.77,0,9.36068e-76,0.179505
172.78,0,9.26753e-76,0.179488
172.79,0,9.17532e-76,0.17947
172.8,0,9.08403e-76,0.179452
172.81,0,8.99364e-76,0.179434
172.82,0,8.90415e-76,0.179416
172.83,0,8.81555e-76,0.179398
172.84,0,8.72784e-76,0.17938
172.85,0,8.64099e-76,0.179362
172.86,0,8.55501e-76,0.179344
172.87,0,8.46989e-76,0.179326
172.88,0,8.38561e-76,0.179308
172.89,0,8.30217e-76,0.17929
172.9,0,8.21957e-76,0.179272
172.91,0,8.13778e-76,0.179254
172.92,0,8.05681e-76,0.179236
172.93,0,7.97664e-76,0.179218
172.94,0,7.89727e-76,0.179201
172.95,0,7.81869e-76,0.179183
172.96,0,7.7409e-76,0.179165
172.97,0,7.66387e-76,0.179147
172.98,0,7.58762e-76,0.179129
172.99,0,7.51212e-76,0.179111
173,0,7.43737e-76,0.179093
173.01,0,7.36337e-76,0.179075
173.02,0,7.2901e-76,0.179057
173.03,0,7.21756e-76,0.179039
173.04,0,7.14575e-76,0.179021
173.05,0,7.07465e-76,0.179004
173.06,0,7.00425e-76,0.178986
173.07,0,6.93456e-76,0.178968
173.08,0,6.86556e-76,0.17895
173.09,0,6.79725e-76,0.178932
173.1,0,6.72961e-76,0.178914
173.11,0,6.66265e-76,0.178896
173.12,0,6.59636e-76,0.178878
173.13,0,6.53072e-76,0.17886
173.14,0,6.46574e-76,0.178843
173.15,0,6.4014e-76,0.178825
173.16,0,6.33771e-76,0.178807
173.17,0,6.27465e-76,0.178789
173.18,0,6.21221e-76,0.178771
173.19,0,6.1504e-76,0.178753
173.2,0,6.0892e-76,0.178735
173.21,0,6.02862e-76,0.178717
173.22,0,5.96863e-76,0.178699
173.23,0,5.90924e-76,0.178682
173.24,0,5.85044e-76,0.178664
173.25,0,5.79223e-76,0.178646
173.26,0,5.7346e-76,0.178628
173.27,0,5.67754e-76,0.17861
173.28,0,5.62104e-76,0.178592
173.29,0,5.56511e-76,0.178574
173.3,0,5.50974e-76,0.178557
173.31,0,5.45492e-76,0.178539
173.32,0,5.40064e-76,0.178521
173.33,0,5.3469e-76,0.178503
173.34,0,5.2937e-76,0.178485
173.35,0,5.24103e-76,0.178467
173.36,0,5.18888e-76,0.178449
173.37,0,5.13725e-76,0.178432
173.38,0,5.08613e-76,0.178414
173.39,0,5.03552e-76,0.178396
173.4,0,4.98542e-76,0.178378
173.41,0,4.93581e-76,0.17836
173.42,0,4.8867e-76,0.178342
173.43,0,4.83808e-76,0.178325
173.44,0,4.78994e-76,0.178307
173.45,0,4.74228e-76,0.178289
173.46,0,4.69509e-76,0.178271
173.47,0,4.64837e-76,0.178253
173.48,0,4.60212e-76,0.178235
173.49,0,4.55633e-76,0.178218
173.5,0,4.51099e-76,0.1782
173.51,0,4.46611e-76,0.178182
173.52,0,4.42167e-76,0.178164
173.53,0,4.37767e-76,0.178146
173.54,0,4.33411e-76,0.178129
173.55,0,4.29099e-76,0.178111
173.56,0,4.24829e-76,0.178093
173.57,0,4.20602e-76,0.178075
173.58,0,4.16417e-76,0.178057
173.59,0,4.12274e-76,0.17804
173.6,0,4.08172e-76,0.178022
173.61,0,4.0411e-76,0.178004
173.62,0,4.00089e-76,0.177986
173.63,0,3.96108e-76,0.177968
173.64,0,3.92167e-76,0.177951
173.65,0,3.88265e-76,0.177933
173.66,0,3.84402e-76,0.177915
173.67,0,3.80577e-76,0.177897
173.68,0,3.7679e-76,0.177879
173.69,0,3.73041e-76,0.177862
173.7,0,3.69329e-76,0.177844
173.71,0,3.65654e-76,0.177826
173.72,0,3.62016e-76,0.177808
173.73,0,3.58414e-76,0.17779
173.74,0,3.54847e-76,0.177773
173.75,0,3.51317e-76,0.177755
173.76,0,3.47821e-76,0.177737
173.77,0,3.4436e-76,0.177719
173.78,0,3.40934e-76,0.177702
173.79,0,3.37541e-76,0.177684
173.8,0,3.34183e-76,0.177666
173.81,0,3.30857e-76,0.177648
173.82,0,3.27565e-76,0.177631
173.83,0,3.24306e-76,0.177613
173.84,0,3.21079e-76,0.177595
173.85,0,3.17884e-76,0.177577
173.86,0,3.14721e-76,0.177559
173.87,0,3.1159e-76,0.177542
173.88,0,3.08489e-76,0.177524
173.89,0,3.0542e-76,0.177506
173.9,0,3.02381e-76,0.177488
173.91,0,2.99372e-76,0.177471
173.92,0,2.96393e-76,0.177453
173.93,0,2.93444e-76,0.177435
173.94,0,2.90524e-76,0.177417
173.95,0,2.87634e-76,0.1774
173.96,0,2.84772e-76,0.177382
173.97,0,2.81938e-76,0.177364
173.98,0,2.79133e-76,0.177347
173.99,0,2.76355e-76,0.177329
174,0,2.73606e-76,0.177311
174.01,0,2.70883e-76,0.177293
174.02,0,2.68188e-76,0.177276
174.03,0,2.65519e-76,0.177258
174.04,0,2.62877e-76,0.17724
174.05,0,2.60262e-76,0.177222
174.06,0,2.57672e-76,0.177205
174.07,0,2.55108e-76,0.177187
174.08,0,2.5257e-76,0.177169
174.09,0,2.50057e-76,0.177152
174.1,0,2.47569e-76,0.177134
174.11,0,2.45105e-76,0.177116
174.12,0,2.42666e-76,0.177098
174.13,0,2.40252e-76,0.177081
174.14,0,2.37861e-76,0.177063
174.15,0,2.35495e-76,0.177045
174.16,0,2.33151e-76,0.177028
174.17,0,2.30831e-76,0.17701
174.18,0,2.28535e-76,0.176992
174.19,0,2.26261e-76,0.176974
174.2,0,2.24009e-76,0.176957
174.21,0,2.2178e-76,0.176939
174.22,0,2.19574e-76,0.176921
174.23,0,2.17389e-76,0.176904
174.24,0,2.15226e-76,0.176886
174.25,0,2.13084e-76,0.176868
174.26,0,2.10964e-76,0.176851
174.27,0,2.08865e-76,0.176833
174.28,0,2.06787e-76,0.176815
174.29,0,2.04729e-76,0.176798
174.3,0,2.02692e-76,0.17678
174.31,0,2.00675e-76,0.176762
174.32,0,1.98678e-76,0.176745
174.33,0,1.96702e-76,0.176727
174.34,0,1.94744e-76,0.176709
174.35,0,1.92807e-76,0.176692
174.36,0,1.90888e-76,0.176674
174.37,0,1.88989e-76,0.176656
174.38,0,1.87108e-76,0.176639
174.39,0,1.85247e-76,0.176621
174.4,0,1.83403e-76,0.176603
174.41,0,1.81578e-76,0.176586
174.42,0,1.79772e-76,0.176568
174.43,0,1.77983e-76,0.17655
174.44,0,1.76212e-76,0.176533
174.45,0,1.74459e-76,0.176515
174.46,0,1.72723e-76,0.176497
174.47,0,1.71004e-76,0.17648
174.48,0,1.69303e-76,0.176462
174.49,0,1.67618e-76,0.176444
174.5,0,1.6595e-76,0.176427
174.51,0,1.64299e-76,0.176409
174.52,0,1.62664e-76,0.176391
174.53,0,1.61046e-76,0.176374
174.54,0,1.59443e-76,0.176356
174.55,0,1.57857e-76,0.176339
174.56,0,1.56286e-76,0.176321
174.57,0,1.54731e-76,0.176303
174.58,0,1.53191e-76,0.176286
174.59,0,1.51667e-76,0.176268
174.6,0,1.50158e-76,0.17625
174.61,0,1.48664e-76,0.176233
174.62,0,1.47185e-76,0.176215
174.63,0,1.4572e-76,0.176198
174.64,0,1.4427e-76,0.17618
174.65,0,1.42835e-76,0.176162
174.66,0,1.41413e-76,0.176145
174.67,0,1.40006e-76,0.176127
174.68,0,1.38613e-76,0.176109
174.69,0,1.37234e-76,0.176092
174.7,0,1.35869e-76,0.176074
174.71,0,1.34517e-76,0.176057
174.72,0,1.33178e-76,0.176039
174.73,0,1.31853e-76,0.176021
174.74,0,1.30541e-76,0.176004
174.75,0,1.29242e-76,0.175986
174.76,0,1.27956e-76,0.175969
174.77,0,1.26683e-76,0.175951
174.78,0,1.25422e-76,0.175933
174.79,0,1.24174e-76,0.175916
174.8,0,1.22939e-76,0.175898
174.81,0,1.21716e-76,0.175881
174.82,0,1.20505e-76,0.175863
174.83,0,1.19306e-76,0.175845
174.84,0,1.18118e-76,0.175828
174.85,0,1.16943e-76,0.17581
174.86,0,1.1578e-76,0.175793
174.87,0,1.14627e-76,0.175775
174.88,0,1.13487e-76,0.175758
174.89,0,1.12358e-76,0.17574
174.9,0,1.1124e-76,0.175722
174.91,0,1.10133e-76,0.175705
174.92,0,1.09037e-76,0.175687
174.93,0,1.07952e-76,0.17567
174.94,0,1.06878e-76,0.175652
174.95,0,1.05815e-76,0.175635
174.96,0,1.04762e-76,0.175617
174.97,0,1.03719e-76,0.175599
174.98,0,1.02687e-76,0.175582
174.99,0,1.01665e-76,0.175564
175,0,1.00654e-76,0.175547
175.01,0,9.96523e-77,0.175529
175.02,0,9.86608e-77,0.175512
175.03,0,9.76791e-77,0.175494
175.04,0,9.67072e-77,0.175477
175.05,0,9.57449e-77,0.175459
175.06,0,9.47922e-77,0.175441
175.07,0,9.3849e-77,0.175424
175.08,0,9.29152e-77,0.175406
175.09,0,9.19907e-77,0.175389
175.1,0,9.10754e-77,0.175371
175.11,0,9.01692e-77,0.175354
175.12,0,8.9272e-77,0.175336
175.13,0,8.83837e-77,0.175319
175.14,0,8.75043e-77,0.175301
175.15,0,8.66336e-77,0.175284
175.16,0,8.57716e-77,0.175266
175.17,0,8.49181e-77,0.175249
175.18,0,8.40732e-77,0.175231
175.19,0,8.32366e-77,0.175214
175.2,0,8.24084e-77,0.175196
175.21,0,8.15884e-77,0.175179
175.22,0,8.07766e-77,0.175161
175.23,0,7.99729e-77,0.175143
175.24,0,7.91771e-77,0.175126
175.25,0,7.83893e-77,0.175108
175.26,0,7.76093e-77,0.175091
175.27,0,7.68371e-77,0.175073
175.28,0,7.60726e-77,0.175056
175.29,0,7.53156e-77,0.175038
175.3,0,7.45662e-77,0.175021
175.31,0,7.38243e-77,0.175003
175.32,0,7.30897e-77,0.174986
175.33,0,7.23625e-77,0.174968
175.34,0,7.16424e-77,0.174951
175.35,0,7.09296e-77,0.174933
175.36,0,7.02238e-77,0.174916
175.37,0,6.95251e-77,0.174898
175.38,0,6.88333e-77,0.174881
175.39,0,6.81484e-77,0.174863
175.4,0,6.74703e-77,0.174846
175.41,0,6.6799e-77,0.174829
175.42,0,6.61343e-77,0.174811
175.43,0,6.54763e-77,0.174794
175.44,0,6.48248e-77,0.174776
175.45,0,6.41797e-77,0.174759
175.46,0,6.35411e-77,0.174741
175.47,0,6.29089e-77,0.174724
175.48,0,6.22829e-77,0.174706
175.49,0,6.16632e-77,0.174689
175.5,0,6.10497e-77,0.174671
175.51,0,6.04422e-77,0.174654
175.52,0,5.98408e-77,0.174636
175.53,0,5.92454e-77,0.174619
175.54,0,5.86559e-77,0.174601
175.55,0,5.80722e-77,0.174584
175.56,0,5.74944e-77,0.174566
175.57,0,5.69223e-77,0.174549
175.58,0,5.63559e-77,0.174532
175.59,0,5.57952e-77,0.174514
175.6,0,5.524e-77,0.174497
175.61,0,5.46904e-77,0.174479
175.62,0,5.41462e-77,0.174462
175.63,0,5.36074e-77,0.174444
175.64,0,5.3074e-77,0.174427
175.65,0,5.25459e-77,0.174409
175.66,0,5.20231e-77,0.174392
175.67,0,5.15054e-77,0.174375
175.68,0,5.0993e-77,0.174357
175.69,0,5.04856e-77,0.17434
175.7,0,4.99832e-77,0.174322
175.71,0,4.94859e-77,0.174305
175.72,0,4.89935e-77,0.174287
175.73,0,4.8506e-77,0.17427
175.74,0,4.80234e-77,0.174253
175.75,0,4.75455e-77,0.174235
175.76,0,4.70724e-77,0.174218
175.77,0,4.66041e-77,0.1742
175.78,0,4.61403e-77,0.174183
175.79,0,4.56812e-77,0.174165
175.8,0,4.52267e-77,0.174148
175.81,0,4.47767e-77,0.174131
175.82,0,4.43311e-77,0.174113
175.83,0,4.389e-77,0.174096
175.84,0,4.34533e-77,0.174078
175.85,0,4.3021e-77,0.174061
175.86,0,4.25929e-77,0.174044
175.87,0,4.21691e-77,0.174026
175.88,0,4.17495e-77,0.174009
175.89,0,4.13341e-77,0.173991
175.9,0,4.09228e-77,0.173974
175.91,0,4.05156e-77,0.173957
175.92,0,4.01125e-77,0.173939
175.93,0,3.97134e-77,0.173922
175.94,0,3.93182e-77,0.173904
175.95,0,3.8927e-77,0.173887
175.96,0,3.85397e-77,0.17387
175.97,0,3.81562e-77,0.173852
175.98,0,3.77765e-77,0.173835
175.99,0,3.74006e-77,0.173817
176,0,3.70285e-77,0.1738
176.01,0,3.666e-77,0.173783
176.02,0,3.62953e-77,0.173765
176.03,0,3.59341e-77,0.173748
176.04,0,3.55766e-77,0.173731
176.05,0,3.52226e-77,0.173713
176.06,0,3.48721e-77,0.173696
176.07,0,3.45251e-77,0.173678
176.08,0,3.41816e-77,0.173661
176.09,0,3.38415e-77,0.173644
176.1,0,3.35048e-77,0.173626
176.11,0,3.31714e-77,0.173609
176.12,0,3.28413e-77,0.173592
176.13,0,3.25145e-77,0.173574
176.14,0,3.2191e-77,0.173557
176.15,0,3.18707e-77,0.17354
176.16,0,3.15536e-77,0.173522
176.17,0,3.12396e-77,0.173505
176.18,0,3.09288e-77,0.173488
176.19,0,3.0621e-77,0.17347
176.2,0,3.03164e-77,0.173453
176.21,0,3.00147e-77,0.173435
176.22,0,2.97161e-77,0.173418
176.23,0,2.94204e-77,0.173401
176.24,0,2.91276e-77,0.173383
176.25,0,2.88378e-77,0.173366
176.26,0,2.85509e-77,0.173349
176.27,0,2.82668e-77,0.173331
176.28,0,2.79855e-77,0.173314
176.29,0,2.77071e-77,0.173297
176.3,0,2.74314e-77,0.173279
176.31,0,2.71584e-77,0.173262
176.32,0,2.68882e-77,0.173245
176.33,0,2.66207e-77,0.173227
176.34,0,2.63558e-77,0.17321
176.35,0,2.60935e-77,0.173193
176.36,0,2.58339e-77,0.173176
176.37,0,2.55768e-77,0.173158
176.38,0,2.53224e-77,0.173141
176.39,0,2.50704e-77,0.173124
176.4,0,2.48209e-77,0.173106
176.41,0,2.4574e-77,0.173089
176.42,0,2.43295e-77,0.173072
176.43,0,2.40874e-77,0.173054
176.44,0,2.38477e-77,0.173037
176.45,0,2.36104e-77,0.17302
176.46,0,2.33755e-77,0.173002
176.47,0,2.31429e-77,0.172985
176.48,0,2.29126e-77,0.172968
176.49,0,2.26846e-77,0.172951
176.5,0,2.24589e-77,0.172933
176.51,0,2.22354e-77,0.172916
176.52,0,2.20142e-77,0.172899
176.53,0,2.17952e-77,0.172881
176.54,0,2.15783e-77,0.172864
176.55,0,2.13636e-77,0.172847
176.56,0,2.1151e-77,0.17283
176.57,0,2.09406e-77,0.172812
176.58,0,2.07322e-77,0.172795
176.59,0,2.05259e-77,0.172778
176.6,0,2.03217e-77,0.17276
176.61,0,2.01195e-77,0.172743
176.62,0,1.99193e-77,0.172726
176.63,0,1.97211e-77,0.172709
176.64,0,1.95248e-77,0.172691
176.65,0,1.93306e-77,0.172674
176.66,0,1.91382e-77,0.172657
176.67,0,1.89478e-77,0.17264
176.68,0,1.87593e-77,0.172622
176.69,0,1.85726e-77,0.172605
176.7,0,1.83878e-77,0.172588
176.71,0,1.82048e-77,0.17257
176.72,0,1.80237e-77,0.172553
176.73,0,1.78444e-77,0.172536
176.74,0,1.76668e-77,0.172519
176.75,0,1.7491e-77,0.172501
176.76,0,1.7317e-77,0.172484
176.77,0,1.71447e-77,0.172467
176.78,0,1.69741e-77,0.17245
176.79,0,1.68052e-77,0.172432
176.8,0,1.6638e-77,0.172415
176.81,0,1.64724e-77,0.172398
176.82,0,1.63085e-77,0.172381
176.83,0,1.61462e-77,0.172364
176.84,0,1.59856e-77,0.172346
176.85,0,1.58265e-77,0.172329
176.86,0,1.56691e-77,0.172312
176.87,0,1.55131e-77,0.172295
176.88,0,1.53588e-77,0.172277
176.89,0,1.5206e-77,0.17226
176.9,0,1.50547e-77,0.172243
176.91,0,1.49049e-77,0.172226
176.92,0,1.47566e-77,0.172208
176.93,0,1.46097e-77,0.172191
176.94,0,1.44644e-77,0.172174
176.95,0,1.43204e-77,0.172157
176.96,0,1.41779e-77,0.17214
176.97,0,1.40369e-77,0.172122
176.98,0,1.38972e-77,0.172105
176.99,0,1.37589e-77,0.172088
177,0,1.3622e-77,0.172071
177.01,0,1.34865e-77,0.172054
177.02,0,1.33523e-77,0.172036
177.03,0,1.32194e-77,0.172019
177.04,0,1.30879e-77,0.172002
177.05,0,1.29577e-77,0.171985
177.06,0,1.28287e-77,0.171968
177.07,0,1.27011e-77,0.17195
177.08,0,1.25747e-77,0.171933
177.09,0,1.24496e-77,0.171916
177.1,0,1.23257e-77,0.171899
177.11,0,1.22031e-77,0.171882
177.12,0,1.20816e-77,0.171864
177.13,0,1.19614e-77,0.171847
177.14,0,1.18424e-77,0.17183
177.15,0,1.17246e-77,0.171813
177.16,0,1.16079e-77,0.171796
177.17,0,1.14924e-77,0.171778
177.18,0,1.13781e-77,0.171761
177.19,0,1.12649e-77,0.171744
177.2,0,1.11528e-77,0.171727
177.21,0,1.10418e-77,0.17171
177.22,0,1.09319e-77,0.171693
177.23,0,1.08232e-77,0.171675
177.24,0,1.07155e-77,0.171658
177.25,0,1.06088e-77,0.171641
177.26,0,1.05033e-77,0.171624
177.27,0,1.03988e-77,0.171607
177.28,0,1.02953e-77,0.17159
177.29,0,1.01929e-77,0.171572
177.3,0,1.00914e-77,0.171555
177.31,0,9.99103e-78,0.171538
177.32,0,9.89162e-78,0.171521
177.33,0,9.79319e-78,0.171504
177.34,0,9.69575e-78,0.171487
177.35,0,9.59928e-78,0.17147
177.36,0,9.50376e-78,0.171452
177.37,0,9.4092e-78,0.171435
177.38,0,9.31557e-78,0.171418
177.39,0,9.22288e-78,0.171401
177.4,0,9.13111e-78,0.171384
177.41,0,9.04026e-78,0.171367
177.42,0,8.9503e-78,0.17135
177.43,0,8.86125e-78,0.171332
177.44,0,8.77308e-78,0.171315
177.45,0,8.68578e-78,0.171298
177.46,0,8.59936e-78,0.171281
177.47,0,8.51379e-78,0.171264
177.48,0,8.42908e-78,0.171247
177.49,0,8.34521e-78,0.17123
177.5,0,8.26217e-78,0.171213
177.51,0,8.17996e-78,0.171195
177.52,0,8.09857e-78,0.171178
177.53,0,8.01799e-78,0.171161
177.54,0,7.93821e-78,0.171144
177.55,0,7.85922e-78,0.171127
177.56,0,7.78102e-78,0.17111
177.57,0,7.7036e-78,0.171093
177.58,0,7.62695e-78,0.171076
177.59,0,7.55106e-78,0.171059
177.6,0,7.47592e-78,0.171041
177.61,0,7.40154e-78,0.171024
177.62,0,7.32789e-78,0.171007
177.63,0,7.25498e-78,0.17099
177.64,0,7.18279e-78,0.170973
177.65,0,7.11132e-78,0.170956
177.66,0,7.04056e-78,0.170939
177.67,0,6.9705e-78,0.170922
177.68,0,6.90115e-78,0.170905
177.69,0,6.83248e-78,0.170888
177.7,0,6.76449e-78,0.17087
177.71,0,6.69719e-78,0.170853
177.72,0,6.63055e-78,0.170836
177.73,0,6.56457e-78,0.170819
177.74,0,6.49926e-78,0.170802
177.75,0,6.43459e-78,0.170785
177.76,0,6.37056e-78,0.170768
177.77,0,6.30717e-78,0.170751
177.78,0,6.24442e-78,0.170734
177.79,0,6.18228e-78,0.170717
177.8,0,6.12077e-78,0.1707
177.81,0,6.05987e-78,0.170683
177.82,0,5.99957e-78,0.170666
177.83,0,5.93987e-78,0.170648
177.84,0,5.88077e-78,0.170631
177.85,0,5.82225e-78,0.170614
177.86,0,5.76432e-78,0.170597
177.87,0,5.70697e-78,0.17058
177.88,0,5.65018e-78,0.170563
177.89,0,5.59396e-78,0.170546
177.9,0,5.5383e-78,0.170529
177.91,0,5.48319e-78,0.170512
177.92,0,5.42863e-78,0.170495
177.93,0,5.37462e-78,0.170478
177.94,0,5.32114e-78,0.170461
177.95,0,5.26819e-78,0.170444
177.96,0,5.21577e-78,0.170427
177.97,0,5.16388e-78,0.17041
177.98,0,5.1125e-78,0.170393
177.99,0,5.06163e-78,0.170376
178,0,5.01126e-78,0.170359
178.01,0,4.9614e-78,0.170342
178.02,0,4.91203e-78,0.170325
178.03,0,4.86316e-78,0.170307
178.04,0,4.81477e-78,0.17029
178.05,0,4.76686e-78,0.170273
178.06,0,4.71943e-78,0.170256
178.07,0,4.67247e-78,0.170239
178.08,0,4.62598e-78,0.170222
178.09,0,4.57995e-78,0.170205
178.1,0,4.53438e-78,0.170188
178.11,0,4.48926e-78,0.170171
178.12,0,4.44459e-78,0.170154
178.13,0,4.40037e-78,0.170137
178.14,0,4.35658e-78,0.17012
178.15,0,4.31323e-78,0.170103
178.16,0,4.27031e-78,0.170086
178.17,0,4.22782e-78,0.170069
178.18,0,4.18576e-78,0.170052
178.19,0,4.14411e-78,0.170035
178.2,0,4.10287e-78,0.170018
178.21,0,4.06205e-78,0.170001
178.22,0,4.02163e-78,0.169984
178.23,0,3.98162e-78,0.169967
178.24,0,3.942e-78,0.16995
178.25,0,3.90277e-78,0.169933
178.26,0,3.86394e-78,0.169916
178.27,0,3.82549e-78,0.169899
178.28,0,3.78743e-78,0.169882
178.29,0,3.74974e-78,0.169865
178.3,0,3.71243e-78,0.169848
178.31,0,3.67549e-78,0.169831
178.32,0,3.63892e-78,0.169814
178.33,0,3.60271e-78,0.169797
178.34,0,3.56687e-78,0.16978
178.35,0,3.53138e-78,0.169763
178.36,0,3.49624e-78,0.169746
178.37,0,3.46145e-78,0.169729
178.38,0,3.42701e-78,0.169712
178.39,0,3.39291e-78,0.169695
178.4,0,3.35915e-78,0.169679
178.41,0,3.32572e-78,0.169662
178.42,0,3.29263e-78,0.169645
178.43,0,3.25987e-78,0.169628
178.44,0,3.22743e-78,0.169611
178.45,0,3.19532e-78,0.169594
178.46,0,3.16353e-78,0.169577
178.47,0,3.13205e-78,0.16956
178.48,0,3.10089e-78,0.169543
178.49,0,3.07003e-78,0.169526
178.5,0,3.03948e-78,0.169509
178.51,0,3.00924e-78,0.169492
178.52,0,2.9793e-78,0.169475
178.53,0,2.94965e-78,0.169458
178.54,0,2.9203e-78,0.169441
178.55,0,2.89125e-78,0.169424
178.56,0,2.86248e-78,0.169407
178.57,0,2.834e-78,0.16939
178.58,0,2.8058e-78,0.169373
178.59,0,2.77788e-78,0.169356
178.6,0,2.75024e-78,0.16934
178.61,0,2.72287e-78,0.169323
178.62,0,2.69578e-78,0.169306
178.63,0,2.66896e-78,0.169289
178.64,0,2.6424e-78,0.169272
178.65,0,2.61611e-78,0.169255
178.66,0,2.59008e-78,0.169238
178.67,0,2.56431e-78,0.169221
178.68,0,2.53879e-78,0.169204
178.69,0,2.51353e-78,0.169187
178.7,0,2.48852e-78,0.16917
178.71,0,2.46376e-78,0.169153
178.72,0,2.43924e-78,0.169136
178.73,0,2.41497e-78,0.16912
178.74,0,2.39094e-78,0.169103
178.75,0,2.36715e-78,0.169086
178.76,0,2.3436e-78,0.169069
178.77,0,2.32028e-78,0.169052
178.78,0,2.29719e-78,0.169035
178.79,0,2.27433e-78,0.169018
178.8,0,2.2517e-78,0.169001
178.81,0,2.2293e-78,0.168984
178.82,0,2.20712e-78,0.168967
178.83,0,2.18516e-78,0.16895
178.84,0,2.16341e-78,0.168934
178.85,0,2.14189e-78,0.168917
178.86,0,2.12058e-78,0.1689
178.87,0,2.09948e-78,0.168883
178.88,0,2.07859e-78,0.168866
178.89,0,2.0579e-78,0.168849
178.9,0,2.03743e-78,0.168832
178.91,0,2.01715e-78,0.168815
178.92,0,1.99708e-78,0.168798
178.93,0,1.97721e-78,0.168782
178.94,0,1.95754e-78,0.168765
178.95,0,1.93806e-78,0.168748
178.96,0,1.91878e-78,0.168731
178.97,0,1.89968e-78,0.168714
178.98,0,1.88078e-78,0.168697
178.99,0,1.86207e-78,0.16868
179,0,1.84354e-78,0.168664
179.01,0,1.8252e-78,0.168647
179.02,0,1.80704e-78,0.16863
179.03,0,1.78906e-78,0.168613
179.04,0,1.77125e-78,0.168596
179.05,0,1.75363e-78,0.168579
179.06,0,1.73618e-78,0.168562
179.07,0,1.71891e-78,0.168545
179.08,0,1.7018e-78,0.168529
179.09,0,1.68487e-78,0.168512
179.1,0,1.6681e-78,0.168495
179.11,0,1.65151e-78,0.168478
179.12,0,1.63507e-78,0.168461
179.13,0,1.6188e-78,0.168444
179.14,0,1.6027e-78,0.168428
179.15,0,1.58675e-78,0.168411
179.16,0,1.57096e-78,0.168394
179.17,0,1.55533e-78,0.168377
179.18,0,1.53985e-78,0.16836
179.19,0,1.52453e-78,0.168343
179.2,0,1.50936e-78,0.168327
179.21,0,1.49434e-78,0.16831
179.22,0,1.47948e-78,0.168293
179.23,0,1.46475e-78,0.168276
179.24,0,1.45018e-78,0.168259
179.25,0,1.43575e-78,0.168242
179.26,0,1.42146e-78,0.168226
179.27,0,1.40732e-78,0.168209
179.28,0,1.39332e-78,0.168192
179.29,0,1.37945e-78,0.168175
179.3,0,1.36573e-78,0.168158
179.31,0,1.35214e-78,0.168141
179.32,0,1.33868e-78,0.168125
179.33,0,1.32536e-78,0.168108
179.34,0,1.31218e-78,0.168091
179.35,0,1.29912e-78,0.168074
179.36,0,1.28619e-78,0.168057
179.37,0,1.2734e-78,0.168041
179.38,0,1.26073e-78,0.168024
179.39,0,1.24818e-78,0.168007
179.4,0,1.23576e-78,0.16799
179.41,0,1.22347e-78,0.167973
179.42,0,1.21129e-78,0.167957
179.43,0,1.19924e-78,0.16794
179.44,0,1.18731e-78,0.167923
179.45,0,1.17549e-78,0.167906
179.46,0,1.1638e-78,0.167889
179.47,0,1.15222e-78,0.167873
179.48,0,1.14075e-78,0.167856
179.49,0,1.1294e-78,0.167839
179.5,0,1.11816e-78,0.167822
179.51,0,1.10704e-78,0.167806
179.52,0,1.09602e-78,0.167789
179.53,0,1.08512e-78,0.167772
179.54,0,1.07432e-78,0.167755
179.55,0,1.06363e-78,0.167738
179.56,0,1.05305e-78,0.167722
179.57,0,1.04257e-78,0.167705
179.58,0,1.03219e-78,0.167688
179.59,0,1.02192e-78,0.167671
179.6,0,1.01176e-78,0.167655
179.61,0,1.00169e-78,0.167638
179.62,0,9.91722e-79,0.167621
179.63,0,9.81854e-79,0.167604
179.64,0,9.72085e-79,0.167588
179.65,0,9.62412e-79,0.167571
179.66,0,9.52836e-79,0.167554
179.67,0,9.43355e-79,0.167537
179.68,0,9.33969e-79,0.16752
179.69,0,9.24676e-79,0.167504
179.7,0,9.15475e-79,0.167487
179.71,0,9.06366e-79,0.16747
179.72,0,8.97347e-79,0.167453
179.73,0,8.88418e-79,0.167437
179.74,0,8.79579e-79,0.16742
179.75,0,8.70827e-79,0.167403
179.76,0,8.62162e-79,0.167387
179.77,0,8.53583e-79,0.16737
179.78,0,8.4509e-79,0.167353
179.79,0,8.36681e-79,0.167336
179.8,0,8.28356e-79,0.16732
179.81,0,8.20114e-79,0.167303
179.82,0,8.11953e-79,0.167286
179.83,0,8.03874e-79,0.167269
179.84,0,7.95876e-79,0.167253
179.85,0,7.87956e-79,0.167236
179.86,0,7.80116e-79,0.167219
179.87,0,7.72354e-79,0.167202
179.88,0,7.64669e-79,0.167186
179.89,0,7.5706e-79,0.167169
179.9,0,7.49527e-79,0.167152
179.91,0,7.42069e-79,0.167136
179.92,0,7.34686e-79,0.167119
179.93,0,7.27376e-79,0.167102
179.94,0,7.20138e-79,0.167085
179.95,0,7.12973e-79,0.167069
179.96,0,7.05878e-79,0.167052
179.97,0,6.98855e-79,0.167035
179.98,0,6.91901e-79,0.167019
179.99,0,6.85016e-79,0.167002
180,0,6.782e-79,0.166985
180.01,0,6.71452e-79,0.166969
180.02,0,6.64771e-79,0.166952
180.03,0,6.58157e-79,0.166935
180.04,0,6.51608e-79,0.166918
180.05,0,6.45124e-79,0.166902
180.06,0,6.38705e-79,0.166885
180.07,0,6.3235e-79,0.166868
180.08,0,6.26058e-79,0.166852
180.09,0,6.19829e-79,0.166835
180.1,0,6.13661e-79,0.166818
180.11,0,6.07555e-79,0.166802
180.12,0,6.0151e-79,0.166785
180.13,0,5.95525e-79,0.166768
180.14,0,5.89599e-79,0.166752
180.15,0,5.83733e-79,0.166735
180.16,0,5.77924e-79,0.166718
180.17,0,5.72174e-79,0.166702
180.18,0,5.66481e-79,0.166685
180.19,0,5.60844e-79,0.166668
180.2,0,5.55264e-79,0.166652
180.21,0,5.49739e-79,0.166635
180.22,0,5.44269e-79,0.166618
180.23,0,5.38853e-79,0.166602
180.24,0,5.33491e-79,0.166585
180.25,0,5.28183e-79,0.166568
180.26,0,5.22928e-79,0.166552
180.27,0,5.17724e-79,0.166535
180.28,0,5.12573e-79,0.166518
180.29,0,5.07473e-79,0.166502
180.3,0,5.02423e-79,0.166485
180.31,0,4.97424e-79,0.166468
180.32,0,4.92475e-79,0.166452
180.33,0,4.87574e-79,0.166435
180.34,0,4.82723e-79,0.166418
180.35,0,4.7792e-79,0.166402
180.36,0,4.73164e-79,0.166385
180.37,0,4.68456e-79,0.166369
180.38,0,4.63795e-79,0.166352
180.39,0,4.5918e-79,0.166335
180.4,0,4.54611e-79,0.166319
180.41,0,4.50088e-79,0.166302
180.42,0,4.45609e-79,0.166285
180.43,0,4.41176e-79,0.166269
180.44,0,4.36786e-79,0.166252
180.45,0,4.3244e-79,0.166236
180.46,0,4.28137e-79,0.166219
180.47,0,4.23877e-79,0.166202
180.48,0,4.19659e-79,0.166186
180.49,0,4.15483e-79,0.166169
180.5,0,4.11349e-79,0.166152
180.51,0,4.07256e-79,0.166136
180.52,0,4.03204e-79,0.166119
180.53,0,3.99192e-79,0.166103
180.54,0,3.9522e-79,0.166086
180.55,0,3.91288e-79,0.166069
180.56,0,3.87394e-79,0.166053
180.57,0,3.8354e-79,0.166036
180.58,0,3.79723e-79,0.16602
180.59,0,3.75945e-79,0.166003
180.6,0,3.72204e-79,0.165986
180.61,0,3.68501e-79,0.16597
180.62,0,3.64834e-79,0.165953
180.63,0,3.61204e-79,0.165937
180.64,0,3.5761e-79,0.16592
180.65,0,3.54052e-79,0.165903
180.66,0,3.50529e-79,0.165887
180.67,0,3.47041e-79,0.16587
180.68,0,3.43588e-79,0.165854
180.69,0,3.40169e-79,0.165837
180.7,0,3.36784e-79,0.16582
180.71,0,3.33433e-79,0.165804
180.72,0,3.30116e-79,0.165787
180.73,0,3.26831e-79,0.165771
180.74,0,3.23579e-79,0.165754
180.75,0,3.20359e-79,0.165738
180.76,0,3.17172e-79,0.165721
180.77,0,3.14016e-79,0.165704
180.78,0,3.10891e-79,0.165688
180.79,0,3.07798e-79,0.165671
180.8,0,3.04735e-79,0.165655
180.81,0,3.01703e-79,0.165638
180.82,0,2.98701e-79,0.165622
180.83,0,2.95729e-79,0.165605
180.84,0,2.92786e-79,0.165588
180.85,0,2.89873e-79,0.165572
180.86,0,2.86989e-79,0.165555
180.87,0,2.84133e-79,0.165539
180.88,0,2.81306e-79,0.165522
180.89,0,2.78507e-79,0.165506
180.9,0,2.75736e-79,0.165489
180.91,0,2.72992e-79,0.165473
180.92,0,2.70276e-79,0.165456
180.93,0,2.67586e-79,0.16544
180.94,0,2.64924e-79,0.165423
180.95,0,2.62288e-79,0.165406
180.96,0,2.59678e-79,0.16539
180.97,0,2.57094e-79,0.165373
180.98,0,2.54536e-79,0.165357
180.99,0,2.52003e-79,0.16534
181,0,2.49496e-79,0.165324
181.01,0,2.47013e-79,0.165307
181.02,0,2.44556e-79,0.165291
181.03,0,2.42122e-79,0.165274
181.04,0,2.39713e-79,0.165258
181.05,0,2.37328e-79,0.165241
181.06,0,2.34966e-79,0.165225
181.07,0,2.32629e-79,0.165208
181.08,0,2.30314e-79,0.165192
181.09,0,2.28022e-79,0.165175
181.1,0,2.25753e-79,0.165159
181.11,0,2.23507e-79,0.165142
181.12,0,2.21283e-79,0.165125
181.13,0,2.19081e-79,0.165109
181.14,0,2.16901e-79,0.165092
181.15,0,2.14743e-79,0.165076
181.16,0,2.12606e-79,0.165059
181.17,0,2.10491e-79,0.165043
181.18,0,2.08397e-79,0.165026
181.19,0,2.06323e-79,0.16501
181.2,0,2.0427e-79,0.164993
181.21,0,2.02238e-79,0.164977
181.22,0,2.00225e-79,0.16496
181.23,0,1.98233e-79,0.164944
181.24,0,1.96261e-79,0.164927
181.25,0,1.94308e-79,0.164911
181.26,0,1.92374e-79,0.164894
181.27,0,1.9046e-79,0.164878
181.28,0,1.88565e-79,0.164861
181.29,0,1.86689e-79,0.164845
181.3,0,1.84831e-79,0.164829
181.31,0,1.82992e-79,0.164812
181.32,0,1.81171e-79,0.164796
181.33,0,1.79369e-79,0.164779
181.34,0,1.77584e-79,0.164763
181.35,0,1.75817e-79,0.164746
181.36,0,1.74067e-79,0.16473
181.37,0,1.72335e-79,0.164713
181.38,0,1.70621e-79,0.164697
181.39,0,1.68923e-79,0.16468
181.4,0,1.67242e-79,0.164664
181.41,0,1.65578e-79,0.164647
181.42,0,1.63931e-79,0.164631
181.43,0,1.62299e-79,0.164614
181.44,0,1.60685e-79,0.164598
181.45,0,1.59086e-79,0.164581
181.46,0,1.57503e-79,0.164565
181.47,0,1.55936e-79,0.164549
181.48,0,1.54384e-79,0.164532
181.49,0,1.52848e-79,0.164516
181.5,0,1.51327e-79,0.164499
181.51,0,1.49821e-79,0.164483
181.52,0,1.4833e-79,0.164466
181.53,0,1.46855e-79,0.16445
181.54,0,1.45393e-79,0.164433
181.55,0,1.43947e-79,0.164417
181.56,0,1.42514e-79,0.164401
181.57,0,1.41096e-79,0.164384
181.58,0,1.39692e-79,0.164368
181.59,0,1.38302e-79,0.164351
181.6,0,1.36926e-79,0.164335
181.61,0,1.35564e-79,0.164318
181.62,0,1.34215e-79,0.164302
181.63,0,1.3288e-79,0.164285
181.64,0,1.31557e-79,0.164269
181.65,0,1.30248e-79,0.164253
181.66,0,1.28952e-79,0.164236
181.67,0,1.27669e-79,0.16422
181.68,0,1.26399e-79,0.164203
181.69,0,1.25141e-79,0.164187
181.7,0,1.23896e-79,0.164171
181.71,0,1.22663e-79,0.164154
181.72,0,1.21443e-79,0.164138
181.73,0,1.20234e-79,0.164121
181.74,0,1.19038e-79,0.164105
181.75,0,1.17854e-79,0.164088
181.76,0,1.16681e-79,0.164072
181.77,0,1.1552e-79,0.164056
181.78,0,1.1437e-79,0.164039
181.79,0,1.13232e-79,0.164023
181.8,0,1.12106e-79,0.164006
181.81,0,1.1099e-79,0.16399
181.82,0,1.09886e-79,0.163974
181.83,0,1.08793e-79,0.163957
181.84,0,1.0771e-79,0.163941
181.85,0,1.06638e-79,0.163924
181.86,0,1.05577e-79,0.163908
181.87,0,1.04527e-79,0.163892
181.88,0,1.03487e-79,0.163875
181.89,0,1.02457e-79,0.163859
181.9,0,1.01438e-79,0.163843
181.91,0,1.00428e-79,0.163826
181.92,0,9.94289e-80,0.16381
181.93,0,9.84396e-80,0.163793
181.94,0,9.74601e-80,0.163777
181.95,0,9.64903e-80,0.163761
181.96,0,9.55302e-80,0.163744
181.97,0,9.45797e-80,0.163728
181.98,0,9.36386e-80,0.163711
181.99,0,9.27069e-80,0.163695
182,0,9.17844e-80,0.163679
182.01,0,9.08712e-80,0.163662
182.02,0,8.9967e-80,0.163646
182.03,0,8.90718e-80,0.16363
182.04,0,8.81855e-80,0.163613
182.05,0,8.73081e-80,0.163597
182.06,0,8.64393e-80,0.163581
182.07,0,8.55793e-80,0.163564
182.08,0,8.47277e-80,0.163548
182.09,0,8.38847e-80,0.163531
182.1,0,8.305e-80,0.163515
182.11,0,8.22236e-80,0.163499
182.12,0,8.14055e-80,0.163482
182.13,0,8.05955e-80,0.163466
182.14,0,7.97936e-80,0.16345
182.15,0,7.89996e-80,0.163433
182.16,0,7.82135e-80,0.163417
182.17,0,7.74353e-80,0.163401
182.18,0,7.66648e-80,0.163384
182.19,0,7.5902e-80,0.163368
182.2,0,7.51467e-80,0.163352
182.21,0,7.4399e-80,0.163335
182.22,0,7.36587e-80,0.163319
182.23,0,7.29258e-80,0.163303
182.24,0,7.22002e-80,0.163286
182.25,0,7.14818e-80,0.16327
182.26,0,7.07705e-80,0.163254
182.27,0,7.00664e-80,0.163237
182.28,0,6.93692e-80,0.163221
182.29,0,6.8679e-80,0.163205
182.3,0,6.79956e-80,0.163188
182.31,0,6.7319e-80,0.163172
182.32,0,6.66492e-80,0.163156
182.33,0,6.5986e-80,0.163139
182.34,0,6.53294e-80,0.163123
182.35,0,6.46794e-80,0.163107
182.36,0,6.40358e-80,0.163091
182.37,0,6.33987e-80,0.163074
182.38,0,6.27678e-80,0.163058
182.39,0,6.21433e-80,0.163042
182.4,0,6.1525e-80,0.163025
182.41,0,6.09128e-80,0.163009
182.42,0,6.03067e-80,0.162993
182.43,0,5.97066e-80,0.162976
182.44,0,5.91125e-80,0.16296
182.45,0,5.85243e-80,0.162944
182.46,0,5.7942e-80,0.162928
182.47,0,5.73655e-80,0.162911
182.48,0,5.67947e-80,0.162895
182.49,0,5.62296e-80,0.162879
182.5,0,5.56701e-80,0.162862
182.51,0,5.51162e-80,0.162846
182.52,0,5.45677e-80,0.16283
182.53,0,5.40248e-80,0.162814
182.54,0,5.34872e-80,0.162797
182.55,0,5.2955e-80,0.162781
182.56,0,5.24281e-80,0.162765
182.57,0,5.19064e-80,0.162748
182.58,0,5.139e-80,0.162732
182.59,0,5.08786e-80,0.162716
182.6,0,5.03724e-80,0.1627
182.61,0,4.98712e-80,0.162683
182.62,0,4.93749e-80,0.162667
182.63,0,4.88836e-80,0.162651
182.64,0,4.83972e-80,0.162635
182.65,0,4.79157e-80,0.162618
182.66,0,4.74389e-80,0.162602
182.67,0,4.69669e-80,0.162586
182.68,0,4.64996e-80,0.16257
182.69,0,4.60369e-80,0.162553
182.7,0,4.55788e-80,0.162537
182.71,0,4.51253e-80,0.162521
182.72,0,4.46763e-80,0.162504
182.73,0,4.42318e-80,0.162488
182.74,0,4.37916e-80,0.162472
182.75,0,4.33559e-80,0.162456
182.76,0,4.29245e-80,0.162439
182.77,0,4.24974e-80,0.162423
182.78,0,4.20745e-80,0.162407
182.79,0,4.16559e-80,0.162391
182.8,0,4.12414e-80,0.162375
182.81,0,4.08311e-80,0.162358
182.82,0,4.04248e-80,0.162342
182.83,0,4.00225e-80,0.162326
182.84,0,3.96243e-80,0.16231
182.85,0,3.923e-80,0.162293
182.86,0,3.88397e-80,0.162277
182.87,0,3.84532e-80,0.162261
182.88,0,3.80706e-80,0.162245
182.89,0,3.76918e-80,0.162228
182.9,0,3.73168e-80,0.162212
182.91,0,3.69455e-80,0.162196
182.92,0,3.65779e-80,0.16218
182.93,0,3.62139e-80,0.162164
182.94,0,3.58536e-80,0.162147
182.95,0,3.54968e-80,0.162131
182.96,0,3.51436e-80,0.162115
182.97,0,3.47939e-80,0.162099
182.98,0,3.44477e-80,0.162083
182.99,0,3.4105e-80,0.162066
183,0,3.37656e-80,0.16205
183.01,0,3.34296e-80,0.162034
183.02,0,3.3097e-80,0.162018
183.03,0,3.27677e-80,0.162002
183.04,0,3.24416e-80,0.161985
183.05,0,3.21188e-80,0.161969
183.06,0,3.17993e-80,0.161953
183.07,0,3.14828e-80,0.161937
183.08,0,3.11696e-80,0.161921
183.09,0,3.08594e-80,0.161904
183.1,0,3.05524e-80,0.161888
183.11,0,3.02484e-80,0.161872
183.12,0,2.99474e-80,0.161856
183.13,0,2.96494e-80,0.16184
183.14,0,2.93544e-80,0.161823
183.15,0,2.90623e-80,0.161807
183.16,0,2.87732e-80,0.161791
183.17,0,2.84869e-80,0.161775
183.18,0,2.82034e-80,0.161759
183.19,0,2.79228e-80,0.161743
183.2,0,2.76449e-80,0.161726
183.21,0,2.73699e-80,0.16171
183.22,0,2.70975e-80,0.161694
183.23,0,2.68279e-80,0.161678
183.24,0,2.6561e-80,0.161662
183.25,0,2.62967e-80,0.161645
183.26,0,2.6035e-80,0.161629
183.27,0,2.5776e-80,0.161613
183.28,0,2.55195e-80,0.161597
183.29,0,2.52656e-80,0.161581
183.3,0,2.50142e-80,0.161565
183.31,0,2.47653e-80,0.161549
183.32,0,2.45189e-80,0.161532
183.33,0,2.42749e-80,0.161516
183.34,0,2.40334e-80,0.1615
183.35,0,2.37942e-80,0.161484
183.36,0,2.35575e-80,0.161468
183.37,0,2.33231e-80,0.161452
183.38,0,2.3091e-80,0.161435
183.39,0,2.28612e-80,0.161419
183.4,0,2.26338e-80,0.161403
183.41,0,2.24086e-80,0.161387
183.42,0,2.21856e-80,0.161371
183.43,0,2.19648e-80,0.161355
183.44,0,2.17463e-80,0.161339
183.45,0,2.15299e-80,0.161323
183.46,0,2.13157e-80,0.161306
183.47,0,2.11036e-80,0.16129
183.48,0,2.08936e-80,0.161274
183.49,0,2.06857e-80,0.161258
183.5,0,2.04799e-80,0.161242
183.51,0,2.02761e-80,0.161226
183.52,0,2.00743e-80,0.16121
183.53,0,1.98746e-80,0.161194
183.54,0,1.96769e-80,0.161177
183.55,0,1.94811e-80,0.161161
183.56,0,1.92872e-80,0.161145
183.57,0,1.90953e-80,0.161129
183.58,0,1.89053e-80,0.161113
183.59,0,1.87172e-80,0.161097
183.6,0,1.8531e-80,0.161081
183.61,0,1.83466e-80,0.161065
183.62,0,1.8164e-80,0.161049
183.63,0,1.79833e-80,0.161032
183.64,0,1.78044e-80,0.161016
183.65,0,1.76272e-80,0.161
183.66,0,1.74518e-80,0.160984
183.67,0,1.72782e-80,0.160968
183.68,0,1.71062e-80,0.160952
183.69,0,1.6936e-80,0.160936
183.7,0,1.67675e-80,0.16092
183.71,0,1.66007e-80,0.160904
183.72,0,1.64355e-80,0.160888
183.73,0,1.6272e-80,0.160871
183.74,0,1.611e-80,0.160855
183.75,0,1.59497e-80,0.160839
183.76,0,1.5791e-80,0.160823
183.77,0,1.56339e-80,0.160807
183.78,0,1.54784e-80,0.160791
183.79,0,1.53243e-80,0.160775
183.8,0,1.51719e-80,0.160759
183.81,0,1.50209e-80,0.160743
183.82,0,1.48714e-80,0.160727
183.83,0,1.47235e-80,0.160711
183.84,0,1.4577e-80,0.160695
183.85,0,1.44319e-80,0.160679
183.86,0,1.42883e-80,0.160662
183.87,0,1.41462e-80,0.160646
183.88,0,1.40054e-80,0.16063
183.89,0,1.3866e-80,0.160614
183.9,0,1.37281e-80,0.160598
183.91,0,1.35915e-80,0.160582
183.92,0,1.34562e-80,0.160566
183.93,0,1.33223e-80,0.16055
183.94,0,1.31898e-80,0.160534
183.95,0,1.30585e-80,0.160518
183.96,0,1.29286e-80,0.160502
183.97,0,1.28e-80,0.160486
183.98,0,1.26726e-80,0.16047
183.99,0,1.25465e-80,0.160454
184,0,1.24217e-80,0.160438
184.01,0,1.22981e-80,0.160422
184.02,0,1.21757e-80,0.160406
184.03,0,1.20546e-80,0.16039
184.04,0,1.19346e-80,0.160374
184.05,0,1.18159e-80,0.160357
184.06,0,1.16983e-80,0.160341
184.07,0,1.15819e-80,0.160325
184.08,0,1.14667e-80,0.160309
184.09,0,1.13526e-80,0.160293
184.1,0,1.12396e-80,0.160277
184.11,0,1.11278e-80,0.160261
184.12,0,1.1017e-80,0.160245
184.13,0,1.09074e-80,0.160229
184.14,0,1.07989e-80,0.160213
184.15,0,1.06914e-80,0.160197
184.16,0,1.05851e-80,0.160181
184.17,0,1.04797e-80,0.160165
184.18,0,1.03755e-80,0.160149
184.19,0,1.02722e-80,0.160133
184.2,0,1.017e-80,0.160117
184.21,0,1.00688e-80,0.160101
184.22,0,9.96863e-81,0.160085
184.23,0,9.86944e-81,0.160069
184.24,0,9.77124e-81,0.160053
184.25,0,9.67401e-81,0.160037
184.26,0,9.57775e-81,0.160021
184.27,0,9.48245e-81,0.160005
184.28,0,9.3881e-81,0.159989
184.29,0,9.29469e-81,0.159973
184.3,0,9.2022e-81,0.159957
184.31,0,9.11064e-81,0.159941
184.32,0,9.01999e-81,0.159925
184.33,0,8.93024e-81,0.159909
184.34,0,8.84138e-81,0.159893
184.35,0,8.75341e-81,0.159877
184.36,0,8.66631e-81,0.159861
184.37,0,8.58008e-81,0.159845
184.38,0,8.4947e-81,0.159829
184.39,0,8.41018e-81,0.159813
184.4,0,8.3265e-81,0.159797
184.41,0,8.24365e-81,0.159781
184.42,0,8.16162e-81,0.159765
184.43,0,8.08041e-81,0.159749
184.44,0,8.00001e-81,0.159733
184.45,0,7.92041e-81,0.159717
184.46,0,7.8416e-81,0.159701
184.47,0,7.76357e-81,0.159685
184.48,0,7.68633e-81,0.159669
184.49,0,7.60985e-81,0.159653
184.5,0,7.53413e-81,0.159638
184.51,0,7.45916e-81,0.159622
184.52,0,7.38494e-81,0.159606
184.53,0,7.31146e-81,0.15959
184.54,0,7.23871e-81,0.159574
184.55,0,7.16668e-81,0.159558
184.56,0,7.09537e-81,0.159542
184.57,0,7.02477e-81,0.159526
184.58,0,6.95488e-81,0.15951
184.59,0,6.88567e-81,0.159494
184.6,0,6.81716e-81,0.159478
184.61,0,6.74933e-81,0.159462
184.62,0,6.68217e-81,0.159446
184.63,0,6.61568e-81,0.15943
184.64,0,6.54985e-81,0.159414
184.65,0,6.48468e-81,0.159398
184.66,0,6.42016e-81,0.159382
184.67,0,6.35628e-81,0.159366
184.68,0,6.29303e-81,0.15935
184.69,0,6.23041e-81,0.159334
184.7,0,6.16842e-81,0.159319
184.71,0,6.10704e-81,0.159303
184.72,0,6.04628e-81,0.159287
184.73,0,5.98612e-81,0.159271
184.74,0,5.92655e-81,0.159255
184.75,0,5.86758e-81,0.159239
184.76,0,5.8092e-81,0.159223
184.77,0,5.7514e-81,0.159207
184.78,0,5.69417e-81,0.159191
184.79,0,5.63751e-81,0.159175
184.8,0,5.58142e-81,0.159159
184.81,0,5.52588e-81,0.159143
184.82,0,5.4709e-81,0.159127
184.83,0,5.41646e-81,0.159112
184.84,0,5.36257e-81,0.159096
184.85,0,5.30921e-81,0.15908
184.86,0,5.25638e-81,0.159064
184.87,0,5.20408e-81,0.159048
184.88,0,5.1523e-81,0.159032
184.89,0,5.10103e-81,0.159016
184.9,0,5.05028e-81,0.159
184.91,0,5.00002e-81,0.158984
184.92,0,4.95027e-81,0.158968
184.93,0,4.90102e-81,0.158953
184.94,0,4.85225e-81,0.158937
184.95,0,4.80397e-81,0.158921
184.96,0,4.75617e-81,0.158905
184.97,0,4.70885e-81,0.158889
184.98,0,4.66199e-81,0.158873
184.99,0,4.6156e-81,0.158857
185,0,4.56968e-81,0.158841
185.01,0,4.52421e-81,0.158825
185.02,0,4.47919e-81,0.15881
185.03,0,4.43462e-81,0.158794
185.04,0,4.3905e-81,0.158778
185.05,0,4.34681e-81,0.158762
185.06,0,4.30356e-81,0.158746
185.07,0,4.26074e-81,0.15873
185.08,0,4.21834e-81,0.158714
185.09,0,4.17637e-81,0.158698
185.1,0,4.13482e-81,0.158683
185.11,0,4.09367e-81,0.158667
185.12,0,4.05294e-81,0.158651
185.13,0,4.01261e-81,0.158635
185.14,0,3.97269e-81,0.158619
185.15,0,3.93316e-81,0.158603
185.16,0,3.89402e-81,0.158587
185.17,0,3.85528e-81,0.158572
185.18,0,3.81692e-81,0.158556
185.19,0,3.77894e-81,0.15854
185.2,0,3.74134e-81,0.158524
185.21,0,3.70411e-81,0.158508
185.22,0,3.66725e-81,0.158492
185.23,0,3.63076e-81,0.158476
185.24,0,3.59464e-81,0.158461
185.25,0,3.55887e-81,0.158445
185.26,0,3.52346e-81,0.158429
185.27,0,3.4884e-81,0.158413
185.28,0,3.45369e-81,0.158397
185.29,0,3.41932e-81,0.158381
185.3,0,3.3853e-81,0.158365
185.31,0,3.35162e-81,0.15835
185.32,0,3.31827e-81,0.158334
185.33,0,3.28525e-81,0.158318
185.34,0,3.25256e-81,0.158302
185.35,0,3.2202e-81,0.158286
185.36,0,3.18816e-81,0.158271
185.37,0,3.15643e-81,0.158255
185.38,0,3.12503e-81,0.158239
185.39,0,3.09393e-81,0.158223
185.4,0,3.06315e-81,0.158207
185.41,0,3.03267e-81,0.158191
185.42,0,3.00249e-81,0.158176
185.43,0,2.97262e-81,0.15816
185.44,0,2.94304e-81,0.158144
185.45,0,2.91376e-81,0.158128
185.46,0,2.88476e-81,0.158112
185.47,0,2.85606e-81,0.158097
185.48,0,2.82764e-81,0.158081
185.49,0,2.79951e-81,0.158065
185.5,0,2.77165e-81,0.158049
185.51,0,2.74407e-81,0.158033
185.52,0,2.71677e-81,0.158017
185.53,0,2.68974e-81,0.158002
185.54,0,2.66297e-81,0.157986
185.55,0,2.63648e-81,0.15797
185.56,0,2.61024e-81,0.157954
185.57,0,2.58427e-81,0.157938
185.58,0,2.55856e-81,0.157923
185.59,0,2.5331e-81,0.157907
185.6,0,2.50789e-81,0.157891
185.61,0,2.48294e-81,0.157875
185.62,0,2.45823e-81,0.15786
185.63,0,2.43377e-81,0.157844
185.64,0,2.40956e-81,0.157828
185.65,0,2.38558e-81,0.157812
185.66,0,2.36184e-81,0.157796
185.67,0,2.33834e-81,0.157781
185.68,0,2.31508e-81,0.157765
185.69,0,2.29204e-81,0.157749
185.7,0,2.26924e-81,0.157733
185.71,0,2.24666e-81,0.157718
185.72,0,2.2243e-81,0.157702
185.73,0,2.20217e-81,0.157686
185.74,0,2.18026e-81,0.15767
185.75,0,2.15856e-81,0.157654
185.76,0,2.13709e-81,0.157639
185.77,0,2.11582e-81,0.157623
185.78,0,2.09477e-81,0.157607
185.79,0,2.07392e-81,0.157591
185.8,0,2.05329e-81,0.157576
185.81,0,2.03286e-81,0.15756
185.82,0,2.01263e-81,0.157544
185.83,0,1.99261e-81,0.157528
185.84,0,1.97278e-81,0.157513
185.85,0,1.95315e-81,0.157497
185.86,0,1.93371e-81,0.157481
185.87,0,1.91447e-81,0.157465
185.88,0,1.89542e-81,0.15745
185.89,0,1.87656e-81,0.157434
185.9,0,1.85789e-81,0.157418
185.91,0,1.83941e-81,0.157402
185.92,0,1.8211e-81,0.157387
185.93,0,1.80298e-81,0.157371
185.94,0,1.78504e-81,0.157355
185.95,0,1.76728e-81,0.157339
185.96,0,1.7497e-81,0.157324
185.97,0,1.73229e-81,0.157308
185.98,0,1.71505e-81,0.157292
185.99,0,1.69799e-81,0.157277
186,0,1.68109e-81,0.157261
186.01,0,1.66436e-81,0.157245
186.02,0,1.6478e-81,0.157229
186.03,0,1.63141e-81,0.157214
186.04,0,1.61517e-81,0.157198
186.05,0,1.5991e-81,0.157182
186.06,0,1.58319e-81,0.157166
186.07,0,1.56744e-81,0.157151
186.08,0,1.55184e-81,0.157135
186.09,0,1.5364e-81,0.157119
186.1,0,1.52111e-81,0.157104
186.11,0,1.50598e-81,0.157088
186.12,0,1.49099e-81,0.157072
186.13,0,1.47616e-81,0.157057
186.14,0,1.46147e-81,0.157041
186.15,0,1.44693e-81,0.157025
186.16,0,1.43253e-81,0.157009
186.17,0,1.41828e-81,0.156994
186.18,0,1.40417e-81,0.156978
186.19,0,1.39019e-81,0.156962
186.2,0,1.37636e-81,0.156947
186.21,0,1.36267e-81,0.156931
186.22,0,1.34911e-81,0.156915
186.23,0,1.33568e-81,0.1569
186.24,0,1.32239e-81,0.156884
186.25,0,1.30923e-81,0.156868
186.26,0,1.29621e-81,0.156852
186.27,0,1.28331e-81,0.156837
186.28,0,1.27054e-81,0.156821
186.29,0,1.2579e-81,0.156805
186.3,0,1.24538e-81,0.15679
186.31,0,1.23299e-81,0.156774
186.32,0,1.22072e-81,0.156758
186.33,0,1.20858e-81,0.156743
186.34,0,1.19655e-81,0.156727
186.35,0,1.18464e-81,0.156711
186.36,0,1.17286e-81,0.156696
186.37,0,1.16119e-81,0.15668
186.38,0,1.14963e-81,0.156664
186.39,0,1.13819e-81,0.156649
186.4,0,1.12687e-81,0.156633
186.41,0,1.11566e-81,0.156617
186.42,0,1.10456e-81,0.156602
186.43,0,1.09356e-81,0.156586
186.44,0,1.08268e-81,0.15657
186.45,0,1.07191e-81,0.156555
186.46,0,1.06125e-81,0.156539
186.47,0,1.05069e-81,0.156523
186.48,0,1.04023e-81,0.156508
186.49,0,1.02988e-81,0.156492
186.5,0,1.01963e-81,0.156476
186.51,0,1.00949e-81,0.156461
186.52,0,9.99443e-82,0.156445
186.53,0,9.89498e-82,0.15643
186.54,0,9.79653e-82,0.156414
186.55,0,9.69905e-82,0.156398
186.56,0,9.60254e-82,0.156383
186.57,0,9.507e-82,0.156367
186.58,0,9.4124e-82,0.156351
186.59,0,9.31874e-82,0.156336
186.6,0,9.22602e-82,0.15632
186.61,0,9.13422e-82,0.156304
186.62,0,9.04333e-82,0.156289
186.63,0,8.95335e-82,0.156273
186.64,0,8.86426e-82,0.156258
186.65,0,8.77606e-82,0.156242
186.66,0,8.68874e-82,0.156226
186.67,0,8.60229e-82,0.156211
186.68,0,8.51669e-82,0.156195
186.69,0,8.43195e-82,0.156179
186.7,0,8.34805e-82,0.156164
186.71,0,8.26499e-82,0.156148
186.72,0,8.18275e-82,0.156133
186.73,0,8.10133e-82,0.156117
186.74,0,8.02072e-82,0.156101
186.75,0,7.94091e-82,0.156086
186.76,0,7.8619e-82,0.15607
186.77,0,7.78367e-82,0.156055
186.78,0,7.70622e-82,0.156039
186.79,0,7.62954e-82,0.156023
186.8,0,7.55363e-82,0.156008
186.81,0,7.47847e-82,0.155992
186.82,0,7.40406e-82,0.155977
186.83,0,7.33038e-82,0.155961
186.84,0,7.25745e-82,0.155945
186.85,0,7.18523e-82,0.15593
186.86,0,7.11374e-82,0.155914
186.87,0,7.04296e-82,0.155899
186.88,0,6.97288e-82,0.155883
186.89,0,6.9035e-82,0.155867
186.9,0,6.83481e-82,0.155852
186.91,0,6.7668e-82,0.155836
186.92,0,6.69947e-82,0.155821
186.93,0,6.63281e-82,0.155805
186.94,0,6.56681e-82,0.155789
186.95,0,6.50147e-82,0.155774
186.96,0,6.43678e-82,0.155758
186.97,0,6.37273e-82,0.155743
186.98,0,6.30932e-82,0.155727
186.99,0,6.24654e-82,0.155712
187,0,6.18439e-82,0.155696
187.01,0,6.12285e-82,0.15568
187.02,0,6.06193e-82,0.155665
187.03,0,6.00161e-82,0.155649
187.04,0,5.94189e-82,0.155634
187.05,0,5.88277e-82,0.155618
187.06,0,5.82424e-82,0.155603
187.07,0,5.76628e-82,0.155587
187.08,0,5.70891e-82,0.155572
187.09,0,5.6521e-82,0.155556
187.1,0,5.59587e-82,0.15554
187.11,0,5.54019e-82,0.155525
187.12,0,5.48506e-82,0.155509
187.13,0,5.43048e-82,0.155494
187.14,0,5.37645e-82,0.155478
187.15,0,5.32295e-82,0.155463
187.16,0,5.26999e-82,0.155447
187.17,0,5.21755e-82,0.155432
187.18,0,5.16563e-82,0.155416
187.19,0,5.11424e-82,0.1554
187.2,0,5.06335e-82,0.155385
187.21,0,5.01297e-82,0.155369
187.22,0,4.96309e-82,0.155354
187.23,0,4.9137e-82,0.155338
187.24,0,4.86481e-82,0.155323
187.25,0,4.81641e-82,0.155307
187.26,0,4.76848e-82,0.155292
187.27,0,4.72103e-82,0.155276
187.28,0,4.67406e-82,0.155261
187.29,0,4.62755e-82,0.155245
187.3,0,4.58151e-82,0.15523
187.31,0,4.53592e-82,0.155214
187.32,0,4.49079e-82,0.155199
187.33,0,4.4461e-82,0.155183
187.34,0,4.40186e-82,0.155168
187.35,0,4.35806e-82,0.155152
187.36,0,4.3147e-82,0.155137
187.37,0,4.27177e-82,0.155121
187.38,0,4.22926e-82,0.155106
187.39,0,4.18718e-82,0.15509
187.4,0,4.14552e-82,0.155074
187.41,0,4.10427e-82,0.155059
187.42,0,4.06343e-82,0.155043
187.43,0,4.023e-82,0.155028
187.44,0,3.98297e-82,0.155012
187.45,0,3.94334e-82,0.154997
187.46,0,3.9041e-82,0.154981
187.47,0,3.86526e-82,0.154966
187.48,0,3.8268e-82,0.15495
187.49,0,3.78872e-82,0.154935
187.5,0,3.75102e-82,0.154919
187.51,0,3.7137e-82,0.154904
187.52,0,3.67675e-82,0.154889
187.53,0,3.64016e-82,0.154873
187.54,0,3.60394e-82,0.154858
187.55,0,3.56808e-82,0.154842
187.56,0,3.53258e-82,0.154827
187.57,0,3.49743e-82,0.154811
187.58,0,3.46263e-82,0.154796
187.59,0,3.42817e-82,0.15478
187.6,0,3.39406e-82,0.154765
187.61,0,3.36029e-82,0.154749
187.62,0,3.32686e-82,0.154734
187.63,0,3.29375e-82,0.154718
187.64,0,3.26098e-82,0.154703
187.65,0,3.22853e-82,0.154687
187.66,0,3.19641e-82,0.154672
187.67,0,3.1646e-82,0.154656
187.68,0,3.13312e-82,0.154641
187.69,0,3.10194e-82,0.154625
187.7,0,3.07108e-82,0.15461
187.71,0,3.04052e-82,0.154595
187.72,0,3.01026e-82,0.154579
187.73,0,2.98031e-82,0.154564
187.74,0,2.95066e-82,0.154548
187.75,0,2.9213e-82,0.154533
187.76,0,2.89223e-82,0.154517
187.77,0,2.86345e-82,0.154502
187.78,0,2.83496e-82,0.154486
187.79,0,2.80675e-82,0.154471
187.8,0,2.77882e-82,0.154455
187.81,0,2.75117e-82,0.15444
187.82,0,2.7238e-82,0.154425
187.83,0,2.6967e-82,0.154409
187.84,0,2.66987e-82,0.154394
187.85,0,2.6433e-82,0.154378
187.86,0,2.617e-82,0.154363
187.87,0,2.59096e-82,0.154347
187.88,0,2.56518e-82,0.154332
187.89,0,2.53965e-82,0.154316
187.9,0,2.51438e-82,0.154301
187.91,0,2.48937e-82,0.154286
187.92,0,2.4646e-82,0.15427
187.93,0,2.44007e-82,0.154255
187.94,0,2.41579e-82,0.154239
187.95,0,2.39176e-82,0.154224
187.96,0,2.36796e-82,0.154209
187.97,0,2.3444e-82,0.154193
187.98,0,2.32107e-82,0.154178
187.99,0,2.29797e-82,0.154162
188,0,2.27511e-82,0.154147
188.01,0,2.25247e-82,0.154131
188.02,0,2.23006e-82,0.154116
188.03,0,2.20787e-82,0.154101
188.04,0,2.1859e-82,0.154085
188.05,0,2.16415e-82,0.15407
188.06,0,2.14262e-82,0.154054
188.07,0,2.1213e-82,0.154039
188.08,0,2.10019e-82,0.154024
188.09,0,2.07929e-82,0.154008
188.1,0,2.0586e-82,0.153993
188.11,0,2.03812e-82,0.153977
188.12,0,2.01784e-82,0.153962
188.13,0,1.99776e-82,0.153947
188.14,0,1.97788e-82,0.153931
188.15,0,1.9582e-82,0.153916
188.16,0,1.93872e-82,0.1539
188.17,0,1.91943e-82,0.153885
188.18,0,1.90033e-82,0.15387
188.19,0,1.88142e-82,0.153854
188.2,0,1.8627e-82,0.153839
188.21,0,1.84417e-82,0.153823
188.22,0,1.82582e-82,0.153808
188.23,0,1.80765e-82,0.153793
188.24,0,1.78966e-82,0.153777
188.25,0,1.77186e-82,0.153762
188.26,0,1.75423e-82,0.153747
188.27,0,1.73677e-82,0.153731
188.28,0,1.71949e-82,0.153716
188.29,0,1.70238e-82,0.1537
188.3,0,1.68544e-82,0.153685
188.31,0,1.66867e-82,0.15367
188.32,0,1.65207e-82,0.153654
188.33,0,1.63563e-82,0.153639
188.34,0,1.61936e-82,0.153624
188.35,0,1.60324e-82,0.153608
188.36,0,1.58729e-82,0.153593
188.37,0,1.5715e-82,0.153578
188.38,0,1.55586e-82,0.153562
188.39,0,1.54038e-82,0.153547
188.4,0,1.52505e-82,0.153531
188.41,0,1.50988e-82,0.153516
188.42,0,1.49485e-82,0.153501
188.43,0,1.47998e-82,0.153485
188.44,0,1.46525e-82,0.15347
188.45,0,1.45067e-82,0.153455
188.46,0,1.43624e-82,0.153439
188.47,0,1.42195e-82,0.153424
188.48,0,1.4078e-82,0.153409
188.49,0,1.39379e-82,0.153393
188.5,0,1.37992e-82,0.153378
188.51,0,1.36619e-82,0.153363
188.52,0,1.3526e-82,0.153347
188.53,0,1.33914e-82,0.153332
188.54,0,1.32582e-82,0.153317
188.55,0,1.31262e-82,0.153301
188.56,0,1.29956e-82,0.153286
188.57,0,1.28663e-82,0.153271
188.58,0,1.27383e-82,0.153255
188.59,0,1.26115e-82,0.15324
188.6,0,1.24861e-82,0.153225
188.61,0,1.23618e-82,0.153209
188.62,0,1.22388e-82,0.153194
188.63,0,1.2117e-82,0.153179
188.64,0,1.19965e-82,0.153163
188.65,0,1.18771e-82,0.153148
188.66,0,1.17589e-82,0.153133
188.67,0,1.16419e-82,0.153118
188.68,0,1.15261e-82,0.153102
188.69,0,1.14114e-82,0.153087
188.7,0,1.12979e-82,0.153072
188.71,0,1.11854e-82,0.153056
188.72,0,1.10741e-82,0.153041
188.73,0,1.0964e-82,0.153026
188.74,0,1.08549e-82,0.15301
188.75,0,1.07469e-82,0.152995
188.76,0,1.06399e-82,0.15298
188.77,0,1.05341e-82,0.152964
188.78,0,1.04292e-82,0.152949
188.79,0,1.03255e-82,0.152934
188.8,0,1.02227e-82,0.152919
188.81,0,1.0121e-82,0.152903
188.82,0,1.00203e-82,0.152888
188.83,0,9.9206e-83,0.152873
188.84,0,9.82188e-83,0.152857
188.85,0,9.72416e-83,0.152842
188.86,0,9.6274e-83,0.152827
188.87,0,9.5316e-83,0.152812
188.88,0,9.43676e-83,0.152796
188.89,0,9.34287e-83,0.152781
188.9,0,9.2499e-83,0.152766
188.91,0,9.15786e-83,0.15275
188.92,0,9.06674e-83,0.152735
188.93,0,8.97653e-83,0.15272
188.94,0,8.88721e-83,0.152705
188.95,0,8.79878e-83,0.152689
188.96,0,8.71123e-83,0.152674
188.97,0,8.62455e-83,0.152659
188.98,0,8.53874e-83,0.152644
188.99,0,8.45377e-83,0.152628
189,0,8.36966e-83,0.152613
189.01,0,8.28638e-83,0.152598
189.02,0,8.20393e-83,0.152583
189.03,0,8.1223e-83,0.152567
189.04,0,8.04148e-83,0.152552
189.05,0,7.96147e-83,0.152537
189.06,0,7.88225e-83,0.152522
189.07,0,7.80382e-83,0.152506
189.08,0,7.72617e-83,0.152491
189.09,0,7.64929e-83,0.152476
189.1,0,7.57318e-83,0.152461
189.11,0,7.49783e-83,0.152445
189.12,0,7.42322e-83,0.15243
189.13,0,7.34936e-83,0.152415
189.14,0,7.27623e-83,0.1524
189.15,0,7.20383e-83,0.152384
189.16,0,7.13215e-83,0.152369
189.17,0,7.06119e-83,0.152354
189.18,0,6.99093e-83,0.152339
189.19,0,6.92137e-83,0.152323
189.2,0,6.8525e-83,0.152308
189.21,0,6.78431e-83,0.152293
189.22,0,6.71681e-83,0.152278
189.23,0,6.64997e-83,0.152262
189.24,0,6.58381e-83,0.152247
189.25,0,6.5183e-83,0.152232
189.26,0,6.45344e-83,0.152217
189.27,0,6.38923e-83,0.152202
189.28,0,6.32565e-83,0.152186
189.29,0,6.26271e-83,0.152171
189.3,0,6.2004e-83,0.152156
189.31,0,6.1387e-83,0.152141
189.32,0,6.07762e-83,0.152125
189.33,0,6.01715e-83,0.15211
189.34,0,5.95727e-83,0.152095
189.35,0,5.898e-83,0.15208
189.36,0,5.83931e-83,0.152065
189.37,0,5.78121e-83,0.152049
189.38,0,5.72369e-83,0.152034
189.39,0,5.66673e-83,0.152019
189.4,0,5.61035e-83,0.152004
189.41,0,5.55453e-83,0.151989
189.42,0,5.49926e-83,0.151973
189.43,0,5.44454e-83,0.151958
189.44,0,5.39036e-83,0.151943
189.45,0,5.33673e-83,0.151928
189.46,0,5.28363e-83,0.151913
189.47,0,5.23106e-83,0.151897
189.48,0,5.17901e-83,0.151882
189.49,0,5.12747e-83,0.151867
189.5,0,5.07645e-83,0.151852
189.51,0,5.02594e-83,0.151837
189.52,0,4.97593e-83,0.151822
189.53,0,4.92642e-83,0.151806
189.54,0,4.8774e-83,0.151791
189.55,0,4.82887e-83,0.151776
189.56,0,4.78082e-83,0.151761
189.57,0,4.73325e-83,0.151746
189.58,0,4.68616e-83,0.15173
189.59,0,4.63953e-83,0.151715
189.6,0,4.59337e-83,0.1517
189.61,0,4.54766e-83,0.151685
189.62,0,4.50241e-83,0.15167
189.63,0,4.45761e-83,0.151655
189.64,0,4.41326e-83,0.151639
189.65,0,4.36934e-83,0.151624
189.66,0,4.32587e-83,0.151609
189.67,0,4.28283e-83,0.151594
189.68,0,4.24021e-83,0.151579
189.69,0,4.19802e-83,0.151564
189.7,0,4.15625e-83,0.151548
189.71,0,4.11489e-83,0.151533
189.72,0,4.07395e-83,0.151518
189.73,0,4.03341e-83,0.151503
189.74,0,3.99328e-83,0.151488
189.75,0,3.95355e-83,0.151473
189.76,0,3.91421e-83,0.151458
189.77,0,3.87526e-83,0.151442
189.78,0,3.8367e-83,0.151427
189.79,0,3.79853e-83,0.151412
189.8,0,3.76073e-83,0.151397
189.81,0,3.72331e-83,0.151382
189.82,0,3.68626e-83,0.151367
189.83,0,3.64958e-83,0.151352
189.84,0,3.61327e-83,0.151336
189.85,0,3.57732e-83,0.151321
189.86,0,3.54172e-83,0.151306
189.87,0,3.50648e-83,0.151291
189.88,0,3.47159e-83,0.151276
189.89,0,3.43705e-83,0.151261
189.9,0,3.40285e-83,0.151246
189.91,0,3.36899e-83,0.151231
189.92,0,3.33547e-83,0.151215
189.93,0,3.30228e-83,0.1512
189.94,0,3.26942e-83,0.151185
189.95,0,3.23689e-83,0.15117
189.96,0,3.20468e-83,0.151155
189.97,0,3.1728e-83,0.15114
189.98,0,3.14123e-83,0.151125
189.99,0,3.10997e-83,0.15111
190,0,3.07903e-83,0.151095
190.01,0,3.04839e-83,0.151079
190.02,0,3.01806e-83,0.151064
190.03,0,2.98803e-83,0.151049
190.04,0,2.95829e-83,0.151034
190.05,0,2.92886e-83,0.151019
190.06,0,2.89972e-83,0.151004
190.07,0,2.87086e-83,0.150989
190.08,0,2.8423e-83,0.150974
190.09,0,2.81402e-83,0.150959
190.1,0,2.78602e-83,0.150944
190.11,0,2.7583e-83,0.150928
190.12,0,2.73085e-83,0.150913
190.13,0,2.70368e-83,0.150898
190.14,0,2.67678e-83,0.150883
190.15,0,2.65014e-83,0.150868
190.16,0,2.62377e-83,0.150853
190.17,0,2.59767e-83,0.150838
190.18,0,2.57182e-83,0.150823
190.19,0,2.54623e-83,0.150808
190.2,0,2.52089e-83,0.150793
190.21,0,2.49581e-83,0.150778
190.22,0,2.47098e-83,0.150762
190.23,0,2.44639e-83,0.150747
190.24,0,2.42205e-83,0.150732
190.25,0,2.39795e-83,0.150717
190.26,0,2.37409e-83,0.150702
190.27,0,2.35046e-83,0.150687
190.28,0,2.32708e-83,0.150672
190.29,0,2.30392e-83,0.150657
190.3,0,2.281e-83,0.150642
190.31,0,2.2583e-83,0.150627
190.32,0,2.23583e-83,0.150612
190.33,0,2.21358e-83,0.150597
190.34,0,2.19156e-83,0.150582
190.35,0,2.16975e-83,0.150567
190.36,0,2.14816e-83,0.150552
190.37,0,2.12679e-83,0.150537
190.38,0,2.10563e-83,0.150521
190.39,0,2.08468e-83,0.150506
190.4,0,2.06393e-83,0.150491
190.41,0,2.0434e-83,0.150476
190.42,0,2.02306e-83,0.150461
190.43,0,2.00293e-83,0.150446
190.44,0,1.983e-83,0.150431
190.45,0,1.96327e-83,0.150416
190.46,0,1.94374e-83,0.150401
190.47,0,1.9244e-83,0.150386
190.48,0,1.90525e-83,0.150371
190.49,0,1.88629e-83,0.150356
190.5,0,1.86752e-83,0.150341
190.51,0,1.84894e-83,0.150326
190.52,0,1.83054e-83,0.150311
190.53,0,1.81233e-83,0.150296
190.54,0,1.7943e-83,0.150281
190.55,0,1.77644e-83,0.150266
190.56,0,1.75877e-83,0.150251
190.57,0,1.74127e-83,0.150236
190.58,0,1.72394e-83,0.150221
190.59,0,1.70679e-83,0.150206
190.6,0,1.6898e-83,0.150191
190.61,0,1.67299e-83,0.150176
190.62,0,1.65634e-83,0.150161
190.63,0,1.63986e-83,0.150146
190.64,0,1.62355e-83,0.150131
190.65,0,1.60739e-83,0.150116
190.66,0,1.5914e-83,0.150101
190.67,0,1.57556e-83,0.150086
190.68,0,1.55989e-83,0.150071
190.69,0,1.54437e-83,0.150056
190.7,0,1.529e-83,0.150041
190.71,0,1.51378e-83,0.150026
190.72,0,1.49872e-83,0.150011
190.73,0,1.48381e-83,0.149996
190.74,0,1.46905e-83,0.149981
190.75,0,1.45443e-83,0.149966
190.76,0,1.43996e-83,0.149951
190.77,0,1.42563e-83,0.149936
190.78,0,1.41144e-83,0.149921
190.79,0,1.3974e-83,0.149906
190.8,0,1.3835e-83,0.149891
190.81,0,1.36973e-83,0.149876
190.82,0,1.3561e-83,0.149861
190.83,0,1.34261e-83,0.149846
190.84,0,1.32925e-83,0.149831
190.85,0,1.31602e-83,0.149816
190.86,0,1.30293e-83,0.149801
190.87,0,1.28996e-83,0.149786
190.88,0,1.27713e-83,0.149771
190.89,0,1.26442e-83,0.149756
190.9,0,1.25184e-83,0.149741
190.91,0,1.23938e-83,0.149726
190.92,0,1.22705e-83,0.149711
190.93,0,1.21484e-83,0.149696
190.94,0,1.20275e-83,0.149681
190.95,0,1.19079e-83,0.149666
190.96,0,1.17894e-83,0.149651
190.97,0,1.16721e-83,0.149636
190.98,0,1.15559e-83,0.149621
190.99,0,1.14409e-83,0.149606
191,0,1.13271e-83,0.149591
191.01,0,1.12144e-83,0.149576
191.02,0,1.11028e-83,0.149561
191.03,0,1.09923e-83,0.149546
191.04,0,1.0883e-83,0.149531
191.05,0,1.07747e-83,0.149516
191.06,0,1.06675e-83,0.149501
191.07,0,1.05613e-83,0.149486
191.08,0,1.04562e-83,0.149471
191.09,0,1.03522e-83,0.149457
191.1,0,1.02492e-83,0.149442
191.11,0,1.01472e-83,0.149427
191.12,0,1.00462e-83,0.149412
191.13,0,9.94628e-84,0.149397
191.14,0,9.84731e-84,0.149382
191.15,0,9.74933e-84,0.149367
191.16,0,9.65232e-84,0.149352
191.17,0,9.55628e-84,0.149337
191.18,0,9.46119e-84,0.149322
191.19,0,9.36705e-84,0.149307
191.2,0,9.27385e-84,0.149292
191.21,0,9.18157e-84,0.149277
191.22,0,9.09021e-84,0.149262
191.23,0,8.99976e-84,0.149247
191.24,0,8.91021e-84,0.149233
191.25,0,8.82155e-84,0.149218
191.26,0,8.73378e-84,0.149203
191.27,0,8.64688e-84,0.149188
191.28,0,8.56084e-84,0.149173
191.29,0,8.47566e-84,0.149158
191.3,0,8.39132e-84,0.149143
191.31,0,8.30783e-84,0.149128
191.32,0,8.22516e-84,0.149113
191.33,0,8.14332e-84,0.149098
191.34,0,8.06229e-84,0.149083
191.35,0,7.98207e-84,0.149068
191.36,0,7.90265e-84,0.149054
191.37,0,7.82402e-84,0.149039
191.38,0,7.74617e-84,0.149024
191.39,0,7.66909e-84,0.149009
191.4,0,7.59278e-84,0.148994
191.41,0,7.51723e-84,0.148979
191.42,0,7.44244e-84,0.148964
191.43,0,7.36838e-84,0.148949
191.44,0,7.29507e-84,0.148934
191.45,0,7.22248e-84,0.148919
191.46,0,7.15061e-84,0.148905
191.47,0,7.07946e-84,0.14889
191.48,0,7.00902e-84,0.148875
191.49,0,6.93928e-84,0.14886
191.5,0,6.87023e-84,0.148845
191.51,0,6.80187e-84,0.14883
191.52,0,6.73419e-84,0.148815
191.53,0,6.66719e-84,0.1488
191.54,0,6.60085e-84,0.148785
191.55,0,6.53517e-84,0.148771
191.56,0,6.47014e-84,0.148756
191.57,0,6.40576e-84,0.148741
191.58,0,6.34203e-84,0.148726
191.59,0,6.27892e-84,0.148711
191.6,0,6.21644e-84,0.148696
191.61,0,6.15459e-84,0.148681
191.62,0,6.09335e-84,0.148667
191.63,0,6.03272e-84,0.148652
191.64,0,5.97269e-84,0.148637
191.65,0,5.91327e-84,0.148622
191.66,0,5.85443e-84,0.148607
191.67,0,5.79617e-84,0.148592
191.68,0,5.7385e-84,0.148577
191.69,0,5.6814e-84,0.148562
191.7,0,5.62487e-84,0.148548
191.71,0,5.5689e-84,0.148533
191.72,0,5.51349e-84,0.148518
191.73,0,5.45863e-84,0.148503
191.74,0,5.40432e-84,0.148488
191.75,0,5.35054e-84,0.148473
191.76,0,5.2973e-84,0.148459
191.77,0,5.2446e-84,0.148444
191.78,0,5.19241e-84,0.148429
191.79,0,5.14075e-84,0.148414
191.8,0,5.08959e-84,0.148399
191.81,0,5.03895e-84,0.148384
191.82,0,4.98881e-84,0.148369
191.83,0,4.93917e-84,0.148355
191.84,0,4.89003e-84,0.14834
191.85,0,4.84137e-84,0.148325
191.86,0,4.7932e-84,0.14831
191.87,0,4.74551e-84,0.148295
191.88,0,4.69829e-84,0.14828
191.89,0,4.65154e-84,0.148266
191.9,0,4.60526e-84,0.148251
191.91,0,4.55943e-84,0.148236
191.92,0,4.51407e-84,0.148221
191.93,0,4.46915e-84,0.148206
191.94,0,4.42468e-84,0.148192
191.95,0,4.38065e-84,0.148177
191.96,0,4.33707e-84,0.148162
191.97,0,4.29391e-84,0.148147
191.98,0,4.25119e-84,0.148132
191.99,0,4.20889e-84,0.148117
192,0,4.16701e-84,0.148103
192.01,0,4.12555e-84,0.148088
192.02,0,4.0845e-84,0.148073
192.03,0,4.04385e-84,0.148058
192.04,0,4.00362e-84,0.148043
192.05,0,3.96378e-84,0.148029
192.06,0,3.92434e-84,0.148014
192.07,0,3.88529e-84,0.147999
192.08,0,3.84663e-84,0.147984
192.09,0,3.80836e-84,0.147969
192.1,0,3.77046e-84,0.147955
192.11,0,3.73295e-84,0.14794
192.12,0,3.6958e-84,0.147925
192.13,0,3.65903e-84,0.14791
192.14,0,3.62262e-84,0.147895
192.15,0,3.58658e-84,0.147881
192.16,0,3.55089e-84,0.147866
192.17,0,3.51556e-84,0.147851
192.18,0,3.48058e-84,0.147836
192.19,0,3.44594e-84,0.147822
192.2,0,3.41166e-84,0.147807
192.21,0,3.37771e-84,0.147792
192.22,0,3.3441e-84,0.147777
192.23,0,3.31083e-84,0.147762
192.24,0,3.27788e-84,0.147748
192.25,0,3.24527e-84,0.147733
192.26,0,3.21298e-84,0.147718
192.27,0,3.18101e-84,0.147703
192.28,0,3.14936e-84,0.147689
192.29,0,3.11802e-84,0.147674
192.3,0,3.087e-84,0.147659
192.31,0,3.05628e-84,0.147644
192.32,0,3.02587e-84,0.147629
192.33,0,2.99576e-84,0.147615
192.34,0,2.96595e-84,0.1476
192.35,0,2.93644e-84,0.147585
192.36,0,2.90722e-84,0.14757
192.37,0,2.8783e-84,0.147556
192.38,0,2.84966e-84,0.147541
192.39,0,2.8213e-84,0.147526
192.4,0,2.79323e-84,0.147511
192.41,0,2.76544e-84,0.147497
192.42,0,2.73792e-84,0.147482
192.43,0,2.71068e-84,0.147467
192.44,0,2.6837e-84,0.147452
192.45,0,2.657e-84,0.147438
192.46,0,2.63056e-84,0.147423
192.47,0,2.60439e-84,0.147408
192.48,0,2.57848e-84,0.147393
192.49,0,2.55282e-84,0.147379
192.5,0,2.52742e-84,0.147364
192.51,0,2.50227e-84,0.147349
192.52,0,2.47737e-84,0.147335
192.53,0,2.45272e-84,0.14732
192.54,0,2.42832e-84,0.147305
192.55,0,2.40415e-84,0.14729
192.56,0,2.38023e-84,0.147276
192.57,0,2.35655e-84,0.147261
192.58,0,2.3331e-84,0.147246
192.59,0,2.30989e-84,0.147231
192.6,0,2.2869e-84,0.147217
192.61,0,2.26415e-84,0.147202
192.62,0,2.24162e-84,0.147187
192.63,0,2.21931e-84,0.147173
192.64,0,2.19723e-84,0.147158
192.65,0,2.17537e-84,0.147143
192.66,0,2.15372e-84,0.147128
192.67,0,2.13229e-84,0.147114
192.68,0,2.11108e-84,0.147099
192.69,0,2.09007e-84,0.147084
192.7,0,2.06927e-84,0.14707
192.71,0,2.04869e-84,0.147055
192.72,0,2.0283e-84,0.14704
192.73,0,2.00812e-84,0.147025
192.74,0,1.98814e-84,0.147011
192.75,0,1.96835e-84,0.146996
192.76,0,1.94877e-84,0.146981
192.77,0,1.92938e-84,0.146967
192.78,0,1.91018e-84,0.146952
192.79,0,1.89117e-84,0.146937
192.8,0,1.87236e-84,0.146923
192.81,0,1.85373e-84,0.146908
192.82,0,1.83528e-84,0.146893
192.83,0,1.81702e-84,0.146878
192.84,0,1.79894e-84,0.146864
192.85,0,1.78104e-84,0.146849
192.86,0,1.76332e-84,0.146834
192.87,0,1.74577e-84,0.14682
192.88,0,1.7284e-84,0.146805
192.89,0,1.71121e-84,0.14679
192.9,0,1.69418e-84,0.146776
192.91,0,1.67732e-84,0.146761
192.92,0,1.66063e-84,0.146746
192.93,0,1.64411e-84,0.146732
192.94,0,1.62775e-84,0.146717
192.95,0,1.61155e-84,0.146702
192.96,0,1.59552e-84,0.146688
192.97,0,1.57964e-84,0.146673
192.98,0,1.56392e-84,0.146658
192.99,0,1.54836e-84,0.146644
193,0,1.53296e-84,0.146629
193.01,0,1.5177e-84,0.146614
193.02,0,1.5026e-84,0.1466
193.03,0,1.48765e-84,0.146585
193.04,0,1.47285e-84,0.14657
193.05,0,1.45819e-84,0.146556
193.06,0,1.44368e-84,0.146541
193.07,0,1.42932e-84,0.146526
193.08,0,1.4151e-84,0.146512
193.09,0,1.40102e-84,0.146497
193.1,0,1.38708e-84,0.146482
193.11,0,1.37327e-84,0.146468
193.12,0,1.35961e-84,0.146453
193.13,0,1.34608e-84,0.146439
193.14,0,1.33269e-84,0.146424
193.15,0,1.31943e-84,0.146409
193.16,0,1.3063e-84,0.146395
193.17,0,1.2933e-84,0.14638
193.18,0,1.28043e-84,0.146365
193.19,0,1.26769e-84,0.146351
193.2,0,1.25508e-84,0.146336
193.21,0,1.24259e-84,0.146321
193.22,0,1.23023e-84,0.146307
193.23,0,1.21799e-84,0.146292
193.24,0,1.20587e-84,0.146278
193.25,0,1.19387e-84,0.146263
193.26,0,1.18199e-84,0.146248
193.27,0,1.17023e-84,0.146234
193.28,0,1.15858e-84,0.146219
193.29,0,1.14706e-84,0.146204
193.3,0,1.13564e-84,0.14619
193.31,0,1.12434e-84,0.146175
193.32,0,1.11315e-84,0.146161
193.33,0,1.10208e-84,0.146146
193.34,0,1.09111e-84,0.146131
193.35,0,1.08026e-84,0.146117
193.36,0,1.06951e-84,0.146102
193.37,0,1.05887e-84,0.146087
193.38,0,1.04833e-84,0.146073
193.39,0,1.0379e-84,0.146058
193.4,0,1.02757e-84,0.146044
193.41,0,1.01735e-84,0.146029
193.42,0,1.00722e-84,0.146014
193.43,0,9.97202e-85,0.146
193.44,0,9.8728e-85,0.145985
193.45,0,9.77456e-85,0.145971
193.46,0,9.6773e-85,0.145956
193.47,0,9.58101e-85,0.145941
193.48,0,9.48568e-85,0.145927
193.49,0,9.3913e-85,0.145912
193.5,0,9.29785e-85,0.145898
193.51,0,9.20534e-85,0.145883
193.52,0,9.11374e-85,0.145869
193.53,0,9.02306e-85,0.145854
193.54,0,8.93328e-85,0.145839
193.55,0,8.84439e-85,0.145825
193.56,0,8.75639e-85,0.14581
193.57,0,8.66926e-85,0.145796
193.58,0,8.583e-85,0.145781
193.59,0,8.4976e-85,0.145766
193.6,0,8.41304e-85,0.145752
193.61,0,8.32933e-85,0.145737
193.62,0,8.24645e-85,0.145723
193.63,0,8.1644e-85,0.145708
193.64,0,8.08316e-85,0.145694
193.65,0,8.00273e-85,0.145679
193.66,0,7.92311e-85,0.145664
193.67,0,7.84427e-85,0.14565
193.68,0,7.76622e-85,0.145635
193.69,0,7.68894e-85,0.145621
193.7,0,7.61244e-85,0.145606
193.71,0,7.53669e-85,0.145592
193.72,0,7.4617e-85,0.145577
193.73,0,7.38745e-85,0.145563
193.74,0,7.31395e-85,0.145548
193.75,0,7.24117e-85,0.145533
193.76,0,7.16912e-85,0.145519
193.77,0,7.09779e-85,0.145504
193.78,0,7.02716e-85,0.14549
193.79,0,6.95724e-85,0.145475
193.8,0,6.88802e-85,0.145461
193.81,0,6.81948e-85,0.145446
193.82,0,6.75163e-85,0.145432
193.83,0,6.68445e-85,0.145417
193.84,0,6.61793e-85,0.145402
193.85,0,6.55208e-85,0.145388
193.86,0,6.48689e-85,0.145373
193.87,0,6.42234e-85,0.145359
193.88,0,6.35844e-85,0.145344
193.89,0,6.29517e-85,0.14533
193.9,0,6.23254e-85,0.145315
193.91,0,6.17052e-85,0.145301
193.92,0,6.10912e-85,0.145286
193.93,0,6.04834e-85,0.145272
193.94,0,5.98815e-85,0.145257
193.95,0,5.92857e-85,0.145243
193.96,0,5.86958e-85,0.145228
193.97,0,5.81118e-85,0.145214
193.98,0,5.75336e-85,0.145199
193.99,0,5.69611e-85,0.145185
194,0,5.63943e-85,0.14517
194.01,0,5.58332e-85,0.145156
194.02,0,5.52776e-85,0.145141
194.03,0,5.47276e-85,0.145126
194.04,0,5.41831e-85,0.145112
194.05,0,5.36439e-85,0.145097
194.06,0,5.31102e-85,0.145083
194.07,0,5.25817e-85,0.145068
194.08,0,5.20585e-85,0.145054
194.09,0,5.15405e-85,0.145039
194.1,0,5.10277e-85,0.145025
194.11,0,5.052e-85,0.14501
194.12,0,5.00173e-85,0.144996
194.13,0,4.95196e-85,0.144981
194.14,0,4.90269e-85,0.144967
194.15,0,4.8539e-85,0.144952
194.16,0,4.80561e-85,0.144938
194.17,0,4.75779e-85,0.144923
194.18,0,4.71045e-85,0.144909
194.19,0,4.66358e-85,0.144894
194.2,0,4.61718e-85,0.14488
194.21,0,4.57123e-85,0.144865
194.22,0,4.52575e-85,0.144851
194.23,0,4.48072e-85,0.144837
194.24,0,4.43613e-85,0.144822
194.25,0,4.39199e-85,0.144808
194.26,0,4.34829e-85,0.144793
194.27,0,4.30503e-85,0.144779
194.28,0,4.26219e-85,0.144764
194.29,0,4.21978e-85,0.14475
194.3,0,4.17779e-85,0.144735
194.31,0,4.13622e-85,0.144721
194.32,0,4.09507e-85,0.144706
194.33,0,4.05432e-85,0.144692
194.34,0,4.01398e-85,0.144677
194.35,0,3.97404e-85,0.144663
194.36,0,3.9345e-85,0.144648
194.37,0,3.89535e-85,0.144634
194.38,0,3.85659e-85,0.144619
194.39,0,3.81822e-85,0.144605
194.4,0,3.78022e-85,0.144591
194.41,0,3.74261e-85,0.144576
194.42,0,3.70537e-85,0.144562
194.43,0,3.6685e-85,0.144547
194.44,0,3.632e-85,0.144533
194.45,0,3.59586e-85,0.144518
194.46,0,3.56008e-85,0.144504
194.47,0,3.52466e-85,0.144489
194.48,0,3.48959e-85,0.144475
194.49,0,3.45486e-85,0.14446
194.5,0,3.42049e-85,0.144446
194.51,0,3.38645e-85,0.144432
194.52,0,3.35276e-85,0.144417
194.53,0,3.3194e-85,0.144403
194.54,0,3.28637e-85,0.144388
194.55,0,3.25367e-85,0.144374
194.56,0,3.22129e-85,0.144359
194.57,0,3.18924e-85,0.144345
194.58,0,3.15751e-85,0.14433
194.59,0,3.12609e-85,0.144316
194.6,0,3.09499e-85,0.144302
194.61,0,3.06419e-85,0.144287
194.62,0,3.0337e-85,0.144273
194.63,0,3.00351e-85,0.144258
194.64,0,2.97363e-85,0.144244
194.65,0,2.94404e-85,0.144229
194.66,0,2.91475e-85,0.144215
194.67,0,2.88575e-85,0.144201
194.68,0,2.85703e-85,0.144186
194.69,0,2.8286e-85,0.144172
194.7,0,2.80046e-85,0.144157
194.71,0,2.77259e-85,0.144143
194.72,0,2.74501e-85,0.144129
194.73,0,2.71769e-85,0.144114
194.74,0,2.69065e-85,0.1441
194.75,0,2.66388e-85,0.144085
194.76,0,2.63737e-85,0.144071
194.77,0,2.61113e-85,0.144057
194.78,0,2.58515e-85,0.144042
194.79,0,2.55943e-85,0.144028
194.8,0,2.53396e-85,0.144013
194.81,0,2.50875e-85,0.143999
194.82,0,2.48378e-85,0.143984
194.83,0,2.45907e-85,0.14397
194.84,0,2.4346e-85,0.143956
194.85,0,2.41038e-85,0.143941
194.86,0,2.38639e-85,0.143927
194.87,0,2.36265e-85,0.143913
194.88,0,2.33914e-85,0.143898
194.89,0,2.31586e-85,0.143884
194.9,0,2.29282e-85,0.143869
194.91,0,2.27001e-85,0.143855
194.92,0,2.24742e-85,0.143841
194.93,0,2.22506e-85,0.143826
194.94,0,2.20292e-85,0.143812
194.95,0,2.181e-85,0.143797
194.96,0,2.1593e-85,0.143783
194.97,0,2.13781e-85,0.143769
194.98,0,2.11654e-85,0.143754
194.99,0,2.09548e-85,0.14374
195,0,2.07463e-85,0.143726
195.01,0,2.05399e-85,0.143711
195.02,0,2.03355e-85,0.143697
195.03,0,2.01332e-85,0.143682
195.04,0,1.99328e-85,0.143668
195.05,0,1.97345e-85,0.143654
195.06,0,1.95381e-85,0.143639
195.07,0,1.93437e-85,0.143625
195.08,0,1.91513e-85,0.143611
195.09,0,1.89607e-85,0.143596
195.1,0,1.8772e-85,0.143582
195.11,0,1.85853e-85,0.143568
195.12,0,1.84003e-85,0.143553
195.13,0,1.82172e-85,0.143539
195.14,0,1.8036e-85,0.143524
195.15,0,1.78565e-85,0.14351
195.16,0,1.76788e-85,0.143496
195.17,0,1.75029e-85,0.143481
195.18,0,1.73288e-85,0.143467
195.19,0,1.71563e-85,0.143453
195.2,0,1.69856e-85,0.143438
195.21,0,1.68166e-85,0.143424
195.22,0,1.66493e-85,0.14341
195.23,0,1.64836e-85,0.143395
195.24,0,1.63196e-85,0.143381
195.25,0,1.61572e-85,0.143367
195.26,0,1.59965e-85,0.143352
195.27,0,1.58373e-85,0.143338
195.28,0,1.56797e-85,0.143324
195.29,0,1.55237e-85,0.143309
195.3,0,1.53692e-85,0.143295
195.31,0,1.52163e-85,0.143281
195.32,0,1.50649e-85,0.143266
195.33,0,1.4915e-85,0.143252
195.34,0,1.47666e-85,0.143238
195.35,0,1.46197e-85,0.143223
195.36,0,1.44742e-85,0.143209
195.37,0,1.43302e-85,0.143195
195.38,0,1.41876e-85,0.14318
195.39,0,1.40464e-85,0.143166
195.4,0,1.39067e-85,0.143152
195.41,0,1.37683e-85,0.143137
195.42,0,1.36313e-85,0.143123
195.43,0,1.34957e-85,0.143109
195.44,0,1.33614e-85,0.143095
195.45,0,1.32284e-85,0.14308
195.46,0,1.30968e-85,0.143066
195.47,0,1.29665e-85,0.143052
195.48,0,1.28375e-85,0.143037
195.49,0,1.27097e-85,0.143023
195.5,0,1.25833e-85,0.143009
195.51,0,1.24581e-85,0.142994
195.52,0,1.23341e-85,0.14298
195.53,0,1.22114e-85,0.142966
195.54,0,1.20899e-85,0.142952
195.55,0,1.19696e-85,0.142937
195.56,0,1.18505e-85,0.142923
195.57,0,1.17326e-85,0.142909
195.58,0,1.16158e-85,0.142894
195.59,0,1.15002e-85,0.14288
195.6,0,1.13858e-85,0.142866
195.61,0,1.12725e-85,0.142851
195.62,0,1.11604e-85,0.142837
195.63,0,1.10493e-85,0.142823
195.64,0,1.09394e-85,0.142809
195.65,0,1.08305e-85,0.142794
195.66,0,1.07228e-85,0.14278
195.67,0,1.06161e-85,0.142766
195.68,0,1.05104e-85,0.142752
195.69,0,1.04059e-85,0.142737
195.7,0,1.03023e-85,0.142723
195.71,0,1.01998e-85,0.142709
195.72,0,1.00983e-85,0.142694
195.73,0,9.99783e-86,0.14268
195.74,0,9.89835e-86,0.142666
195.75,0,9.79986e-86,0.142652
195.76,0,9.70235e-86,0.142637
195.77,0,9.60581e-86,0.142623
195.78,0,9.51023e-86,0.142609
195.79,0,9.4156e-86,0.142595
195.8,0,9.32192e-86,0.14258
195.81,0,9.22916e-86,0.142566
195.82,0,9.13733e-86,0.142552
195.83,0,9.04641e-86,0.142538
195.84,0,8.9564e-86,0.142523
195.85,0,8.86728e-86,0.142509
195.86,0,8.77905e-86,0.142495
195.87,0,8.6917e-86,0.142481
195.88,0,8.60521e-86,0.142466
195.89,0,8.51959e-86,0.142452
195.9,0,8.43482e-86,0.142438
195.91,0,8.35089e-86,0.142424
195.92,0,8.2678e-86,0.142409
195.93,0,8.18553e-86,0.142395
195.94,0,8.10409e-86,0.142381
195.95,0,8.02345e-86,0.142367
195.96,0,7.94361e-86,0.142352
195.97,0,7.86457e-86,0.142338
195.98,0,7.78632e-86,0.142324
195.99,0,7.70884e-86,0.14231
196,0,7.63214e-86,0.142295
196.01,0,7.5562e-86,0.142281
196.02,0,7.48101e-86,0.142267
196.03,0,7.40658e-86,0.142253
196.04,0,7.33288e-86,0.142239
196.05,0,7.25992e-86,0.142224
196.06,0,7.18768e-86,0.14221
196.07,0,7.11616e-86,0.142196
196.08,0,7.04535e-86,0.142182
196.09,0,6.97525e-86,0.142167
196.1,0,6.90585e-86,0.142153
196.11,0,6.83713e-86,0.142139
196.12,0,6.7691e-86,0.142125
196.13,0,6.70175e-86,0.142111
196.14,0,6.63506e-86,0.142096
196.15,0,6.56904e-86,0.142082
196.16,0,6.50368e-86,0.142068
196.17,0,6.43897e-86,0.142054
196.18,0,6.3749e-86,0.14204
196.19,0,6.31147e-86,0.142025
196.2,0,6.24867e-86,0.142011
196.21,0,6.18649e-86,0.141997
196.22,0,6.12494e-86,0.141983
196.23,0,6.06399e-86,0.141969
196.24,0,6.00365e-86,0.141954
196.25,0,5.94392e-86,0.14194
196.26,0,5.88477e-86,0.141926
196.27,0,5.82622e-86,0.141912
196.28,0,5.76825e-86,0.141898
196.29,0,5.71085e-86,0.141883
196.3,0,5.65403e-86,0.141869
196.31,0,5.59777e-86,0.141855
196.32,0,5.54207e-86,0.141841
196.33,0,5.48693e-86,0.141827
196.34,0,5.43233e-86,0.141812
196.35,0,5.37828e-86,0.141798
196.36,0,5.32476e-86,0.141784
196.37,0,5.27178e-86,0.14177
196.38,0,5.21933e-86,0.141756
196.39,0,5.16739e-86,0.141742
196.4,0,5.11598e-86,0.141727
196.41,0,5.06507e-86,0.141713
196.42,0,5.01467e-86,0.141699
196.43,0,4.96478e-86,0.141685
196.44,0,4.91538e-86,0.141671
196.45,0,4.86647e-86,0.141657
196.46,0,4.81805e-86,0.141642
196.47,0,4.77011e-86,0.141628
196.48,0,4.72264e-86,0.141614
196.49,0,4.67565e-86,0.1416
196.5,0,4.62913e-86,0.141586
196.51,0,4.58307e-86,0.141572
196.52,0,4.53746e-86,0.141557
196.53,0,4.49232e-86,0.141543
196.54,0,4.44762e-86,0.141529
196.55,0,4.40336e-86,0.141515
196.56,0,4.35955e-86,0.141501
196.57,0,4.31617e-86,0.141487
196.58,0,4.27322e-86,0.141473
196.59,0,4.2307e-86,0.141458
196.6,0,4.18861e-86,0.141444
196.61,0,4.14693e-86,0.14143
196.62,0,4.10567e-86,0.141416
196.63,0,4.06482e-86,0.141402
196.64,0,4.02437e-86,0.141388
196.65,0,3.98433e-86,0.141374
196.66,0,3.94468e-86,0.141359
196.67,0,3.90543e-86,0.141345
196.68,0,3.86657e-86,0.141331
196.69,0,3.8281e-86,0.141317
196.7,0,3.79001e-86,0.141303
196.71,0,3.7523e-86,0.141289
196.72,0,3.71496e-86,0.141275
196.73,0,3.678e-86,0.14126
196.74,0,3.6414e-86,0.141246
196.75,0,3.60517e-86,0.141232
196.76,0,3.5693e-86,0.141218
196.77,0,3.53378e-86,0.141204
196.78,0,3.49862e-86,0.14119
196.79,0,3.46381e-86,0.141176
196.8,0,3.42934e-86,0.141162
196.81,0,3.39522e-86,0.141148
196.82,0,3.36144e-86,0.141133
196.83,0,3.32799e-86,0.141119
196.84,0,3.29488e-86,0.141105
196.85,0,3.26209e-86,0.141091
196.86,0,3.22963e-86,0.141077
196.87,0,3.1975e-86,0.141063
196.88,0,3.16568e-86,0.141049
196.89,0,3.13418e-86,0.141035
196.9,0,3.103e-86,0.141021
196.91,0,3.07212e-86,0.141006
196.92,0,3.04155e-86,0.140992
196.93,0,3.01129e-86,0.140978
196.94,0,2.98133e-86,0.140964
196.95,0,2.95166e-86,0.14095
196.96,0,2.92229e-86,0.140936
196.97,0,2.89321e-86,0.140922
196.98,0,2.86443e-86,0.140908
196.99,0,2.83593e-86,0.140894
197,0,2.80771e-86,0.14088
197.01,0,2.77977e-86,0.140866
197.02,0,2.75211e-86,0.140851
197.03,0,2.72473e-86,0.140837
197.04,0,2.69762e-86,0.140823
197.05,0,2.67077e-86,0.140809
197.06,0,2.6442e-86,0.140795
197.07,0,2.61789e-86,0.140781
197.08,0,2.59184e-86,0.140767
197.09,0,2.56605e-86,0.140753
197.1,0,2.54052e-86,0.140739
197.11,0,2.51524e-86,0.140725
197.12,0,2.49021e-86,0.140711
197.13,0,2.46544e-86,0.140697
197.14,0,2.4409e-86,0.140683
197.15,0,2.41662e-86,0.140668
197.16,0,2.39257e-86,0.140654
197.17,0,2.36876e-86,0.14064
197.18,0,2.34519e-86,0.140626
197.19,0,2.32186e-86,0.140612
197.2,0,2.29876e-86,0.140598
197.21,0,2.27588e-86,0.140584
197.22,0,2.25324e-86,0.14057
197.23,0,2.23082e-86,0.140556
197.24,0,2.20862e-86,0.140542
197.25,0,2.18664e-86,0.140528
197.26,0,2.16489e-86,0.140514
197.27,0,2.14335e-86,0.1405
197.28,0,2.12202e-86,0.140486
197.29,0,2.10091e-86,0.140472
197.3,0,2.08e-86,0.140458
197.31,0,2.0593e-86,0.140444
197.32,0,2.03881e-86,0.14043
197.33,0,2.01853e-86,0.140415
197.34,0,1.99844e-86,0.140401
197.35,0,1.97856e-86,0.140387
197.36,0,1.95887e-86,0.140373
197.37,0,1.93938e-86,0.140359
197.38,0,1.92008e-86,0.140345
197.39,0,1.90098e-86,0.140331
197.4,0,1.88206e-86,0.140317
197.41,0,1.86334e-86,0.140303
197.42,0,1.8448e-86,0.140289
197.43,0,1.82644e-86,0.140275
197.44,0,1.80827e-86,0.140261
197.45,0,1.79027e-86,0.140247
197.46,0,1.77246e-86,0.140233
197.47,0,1.75482e-86,0.140219
197.48,0,1.73736e-86,0.140205
197.49,0,1.72008e-86,0.140191
197.5,0,1.70296e-86,0.140177
197.51,0,1.68602e-86,0.140163
197.52,0,1.66924e-86,0.140149
197.53,0,1.65263e-86,0.140135
197.54,0,1.63619e-86,0.140121
197.55,0,1.61991e-86,0.140107
197.56,0,1.60379e-86,0.140093
197.57,0,1.58783e-86,0.140079
197.58,0,1.57203e-86,0.140065
197.59,0,1.55639e-86,0.140051
197.6,0,1.5409e-86,0.140037
197.61,0,1.52557e-86,0.140023
197.62,0,1.51039e-86,0.140009
197.63,0,1.49536e-86,0.139995
197.64,0,1.48048e-86,0.139981
197.65,0,1.46575e-86,0.139967
197.66,0,1.45117e-86,0.139953
197.67,0,1.43673e-86,0.139939
197.68,0,1.42243e-86,0.139925
197.69,0,1.40828e-86,0.139911
197.7,0,1.39427e-86,0.139897
197.71,0,1.38039e-86,0.139883
197.72,0,1.36666e-86,0.139869
197.73,0,1.35306e-86,0.139855
197.74,0,1.3396e-86,0.139841
197.75,0,1.32627e-86,0.139827
197.76,0,1.31307e-86,0.139813
197.77,0,1.30001e-86,0.139799
197.78,0,1.28707e-86,0.139785
197.79,0,1.27426e-86,0.139771
197.8,0,1.26158e-86,0.139757
197.81,0,1.24903e-86,0.139743
197.82,0,1.2366e-86,0.139729
197.83,0,1.2243e-86,0.139715
197.84,0,1.21212e-86,0.139701
197.85,0,1.20006e-86,0.139687
197.86,0,1.18812e-86,0.139673
197.87,0,1.17629e-86,0.139659
197.88,0,1.16459e-86,0.139645
197.89,0,1.153e-86,0.139631
197.9,0,1.14153e-86,0.139617
197.91,0,1.13017e-86,0.139603
197.92,0,1.11892e-86,0.139589
197.93,0,1.10779e-86,0.139575
197.94,0,1.09677e-86,0.139562
197.95,0,1.08586e-86,0.139548
197.96,0,1.07505e-86,0.139534
197.97,0,1.06435e-86,0.13952
197.98,0,1.05376e-86,0.139506
197.99,0,1.04328e-86,0.139492
198,0,1.0329e-86,0.139478
198.01,0,1.02262e-86,0.139464
198.02,0,1.01245e-86,0.13945
198.03,0,1.00237e-86,0.139436
198.04,0,9.92397e-87,0.139422
198.05,0,9.82523e-87,0.139408
198.06,0,9.72747e-87,0.139394
198.07,0,9.63068e-87,0.13938
198.08,0,9.53485e-87,0.139366
198.09,0,9.43998e-87,0.139352
198.1,0,9.34605e-87,0.139338
198.11,0,9.25305e-87,0.139324
198.12,0,9.16098e-87,0.139311
198.13,0,9.06983e-87,0.139297
198.14,0,8.97958e-87,0.139283
198.15,0,8.89023e-87,0.139269
198.16,0,8.80178e-87,0.139255
198.17,0,8.7142e-87,0.139241
198.18,0,8.62749e-87,0.139227
198.19,0,8.54164e-87,0.139213
198.2,0,8.45665e-87,0.139199
198.21,0,8.37251e-87,0.139185
198.22,0,8.2892e-87,0.139171
198.23,0,8.20672e-87,0.139157
198.24,0,8.12506e-87,0.139143
198.25,0,8.04422e-87,0.13913
198.26,0,7.96418e-87,0.139116
198.27,0,7.88493e-87,0.139102
198.28,0,7.80647e-87,0.139088
198.29,0,7.7288e-87,0.139074
198.3,0,7.6519e-87,0.13906
198.31,0,7.57576e-87,0.139046
198.32,0,7.50038e-87,0.139032
198.33,0,7.42575e-87,0.139018
198.34,0,7.35186e-87,0.139004
198.35,0,7.27871e-87,0.138991
198.36,0,7.20628e-87,0.138977
198.37,0,7.13458e-87,0.138963
198.38,0,7.06359e-87,0.138949
198.39,0,6.99331e-87,0.138935
198.4,0,6.92372e-87,0.138921
198.41,0,6.85483e-87,0.138907
198.42,0,6.78662e-87,0.138893
198.43,0,6.71909e-87,0.138879
198.44,0,6.65224e-87,0.138865
198.45,0,6.58605e-87,0.138852
198.46,0,6.52052e-87,0.138838
198.47,0,6.45564e-87,0.138824
198.48,0,6.3914e-87,0.13881
198.49,0,6.32781e-87,0.138796
198.5,0,6.26484e-87,0.138782
198.51,0,6.20251e-87,0.138768
198.52,0,6.14079e-87,0.138754
198.53,0,6.07969e-87,0.138741
198.54,0,6.01919e-87,0.138727
198.55,0,5.9593e-87,0.138713
198.56,0,5.90001e-87,0.138699
198.57,0,5.8413e-87,0.138685
198.58,0,5.78318e-87,0.138671
198.59,0,5.72563e-87,0.138657
198.6,0,5.66866e-87,0.138643
198.61,0,5.61226e-87,0.13863
198.62,0,5.55642e-87,0.138616
198.63,0,5.50113e-87,0.138602
198.64,0,5.44639e-87,0.138588
198.65,0,5.3922e-87,0.138574
198.66,0,5.33855e-87,0.13856
198.67,0,5.28543e-87,0.138546
198.68,0,5.23284e-87,0.138533
198.69,0,5.18077e-87,0.138519
198.7,0,5.12922e-87,0.138505
198.71,0,5.07818e-87,0.138491
198.72,0,5.02765e-87,0.138477
198.73,0,4.97763e-87,0.138463
198.74,0,4.9281e-87,0.138449
198.75,0,4.87906e-87,0.138436
198.76,0,4.83052e-87,0.138422
198.77,0,4.78245e-87,0.138408
198.78,0,4.73487e-87,0.138394
198.79,0,4.68775e-87,0.13838
198.8,0,4.64111e-87,0.138366
198.81,0,4.59493e-87,0.138353
198.82,0,4.54921e-87,0.138339
198.83,0,4.50394e-87,0.138325
198.84,0,4.45913e-87,0.138311
198.85,0,4.41476e-87,0.138297
198.86,0,4.37083e-87,0.138283
198.87,0,4.32734e-87,0.13827
198.88,0,4.28428e-87,0.138256
198.89,0,4.24165e-87,0.138242
198.9,0,4.19945e-87,0.138228
198.91,0,4.15766e-87,0.138214
198.92,0,4.11629e-87,0.138201
198.93,0,4.07534e-87,0.138187
198.94,0,4.03479e-87,0.138173
198.95,0,3.99464e-87,0.138159
198.96,0,3.95489e-87,0.138145
198.97,0,3.91554e-87,0.138131
198.98,0,3.87658e-87,0.138118
198.99,0,3.83801e-87,0.138104
199,0,3.79982e-87,0.13809
199.01,0,3.76201e-87,0.138076
199.02,0,3.72458e-87,0.138062
199.03,0,3.68752e-87,0.138049
199.04,0,3.65083e-87,0.138035
199.05,0,3.6145e-87,0.138021
199.06,0,3.57853e-87,0.138007
199.07,0,3.54293e-87,0.137993
199.08,0,3.50768e-87,0.13798
199.09,0,3.47277e-87,0.137966
199.1,0,3.43822e-87,0.137952
199.11,0,3.40401e-87,0.137938
199.12,0,3.37014e-87,0.137924
199.13,0,3.3366e-87,0.137911
199.14,0,3.3034e-87,0.137897
199.15,0,3.27053e-87,0.137883
199.16,0,3.23799e-87,0.137869
199.17,0,3.20577e-87,0.137855
199.18,0,3.17388e-87,0.137842
199.19,0,3.1423e-87,0.137828
199.2,0,3.11103e-87,0.137814
199.21,0,3.08007e-87,0.1378
199.22,0,3.04943e-87,0.137787
199.23,0,3.01908e-87,0.137773
199.24,0,2.98904e-87,0.137759
199.25,0,2.9593e-87,0.137745
199.26,0,2.92986e-87,0.137731
199.27,0,2.9007e-87,0.137718
199.28,0,2.87184e-87,0.137704
199.29,0,2.84327e-87,0.13769
199.3,0,2.81498e-87,0.137676
199.31,0,2.78697e-87,0.137663
199.32,0,2.75923e-87,0.137649
199.33,0,2.73178e-87,0.137635
199.34,0,2.7046e-87,0.137621
199.35,0,2.67769e-87,0.137608
199.36,0,2.65104e-87,0.137594
199.37,0,2.62467e-87,0.13758
199.38,0,2.59855e-87,0.137566
199.39,0,2.57269e-87,0.137552
199.4,0,2.54709e-87,0.137539
199.41,0,2.52175e-87,0.137525
199.42,0,2.49666e-87,0.137511
199.43,0,2.47182e-87,0.137497
199.44,0,2.44722e-87,0.137484
199.45,0,2.42287e-87,0.13747
199.46,0,2.39876e-87,0.137456
199.47,0,2.3749e-87,0.137442
199.48,0,2.35126e-87,0.137429
199.49,0,2.32787e-87,0.137415
199.5,0,2.30471e-87,0.137401
199.51,0,2.28177e-87,0.137388
199.52,0,2.25907e-87,0.137374
199.53,0,2.23659e-87,0.13736
199.54,0,2.21434e-87,0.137346
199.55,0,2.1923e-87,0.137333
199.56,0,2.17049e-87,0.137319
199.57,0,2.14889e-87,0.137305
199.58,0,2.12751e-87,0.137291
199.59,0,2.10634e-87,0.137278
199.6,0,2.08538e-87,0.137264
199.61,0,2.06463e-87,0.13725
199.62,0,2.04409e-87,0.137236
199.63,0,2.02375e-87,0.137223
199.64,0,2.00362e-87,0.137209
199.65,0,1.98368e-87,0.137195
199.66,0,1.96394e-87,0.137182
199.67,0,1.9444e-87,0.137168
199.68,0,1.92505e-87,0.137154
199.69,0,1.9059e-87,0.13714
199.7,0,1.88693e-87,0.137127
199.71,0,1.86816e-87,0.137113
199.72,0,1.84957e-87,0.137099
199.73,0,1.83117e-87,0.137086
199.74,0,1.81295e-87,0.137072
199.75,0,1.79491e-87,0.137058
199.76,0,1.77705e-87,0.137044
199.77,0,1.75937e-87,0.137031
199.78,0,1.74186e-87,0.137017
199.79,0,1.72453e-87,0.137003
199.8,0,1.70737e-87,0.13699
199.81,0,1.69038e-87,0.136976
199.82,0,1.67356e-87,0.136962
199.83,0,1.65691e-87,0.136949
199.84,0,1.64042e-87,0.136935
199.85,0,1.6241e-87,0.136921
199.86,0,1.60794e-87,0.136908
199.87,0,1.59194e-87,0.136894
199.88,0,1.5761e-87,0.13688
199.89,0,1.56042e-87,0.136866
199.9,0,1.54489e-87,0.136853
199.91,0,1.52952e-87,0.136839
199.92,0,1.5143e-87,0.136825
199.93,0,1.49923e-87,0.136812
199.94,0,1.48432e-87,0.136798
199.95,0,1.46955e-87,0.136784
199.96,0,1.45492e-87,0.136771
199.97,0,1.44045e-87,0.136757
199.98,0,1.42611e-87,0.136743
199.99,0,1.41192e-87,0.13673
200,0,1.39788e-87,0.136716
