-4 -4 0
-4 -3.91919 0
-4 -3.83838 0
-4 -3.75758 0
-4 -3.67677 0
-4 -3.59596 0
-4 -3.51515 0
-4 -3.43434 0
-4 -3.35354 0
-4 -3.27273 0
-4 -3.19192 0
-4 -3.11111 0
-4 -3.0303 0
-4 -2.94949 0
-4 -2.86869 0
-4 -2.78788 0
-4 -2.70707 0
-4 -2.62626 0
-4 -2.54545 0
-4 -2.46465 0
-4 -2.38384 0
-4 -2.30303 0
-4 -2.22222 0
-4 -2.14141 0
-4 -2.06061 0
-4 -1.9798 0
-4 -1.89899 0
-4 -1.81818 0
-4 -1.73737 0
-4 -1.65657 0
-4 -1.57576 0
-4 -1.49495 0
-4 -1.41414 0
-4 -1.33333 0
-4 -1.25253 0
-4 -1.17172 0
-4 -1.09091 0
-4 -1.0101 0
-4 -0.929293 0
-4 -0.848485 0
-4 -0.767677 0
-4 -0.686869 0
-4 -0.606061 0
-4 -0.525253 0
-4 -0.444444 0
-4 -0.363636 0
-4 -0.282828 0
-4 -0.20202 0
-4 -0.121212 0
-4 -0.040404 0
-4 0.040404 0
-4 0.121212 0
-4 0.20202 0
-4 0.282828 0
-4 0.363636 0
-4 0.444444 0
-4 0.525253 0
-4 0.606061 0
-4 0.686869 0
-4 0.767677 0
-4 0.848485 0
-4 0.929293 0
-4 1.0101 0
-4 1.09091 0
-4 1.17172 0
-4 1.25253 0
-4 1.33333 0
-4 1.41414 0
-4 1.49495 0
-4 1.57576 0
-4 1.65657 0
-4 1.73737 0
-4 1.81818 0
-4 1.89899 0
-4 1.9798 0
-4 2.06061 0
-4 2.14141 0
-4 2.22222 0
-4 2.30303 0
-4 2.38384 0
-4 2.46465 0
-4 2.54545 0
-4 2.62626 0
-4 2.70707 0
-4 2.78788 0
-4 2.86869 0
-4 2.94949 0
-4 3.0303 0
-4 3.11111 0
-4 3.19192 0
-4 3.27273 0
-4 3.35354 0
-4 3.43434 0
-4 3.51515 0
-4 3.59596 0
-4 3.67677 0
-4 3.75758 0
-4 3.83838 0
-4 3.91919 0
-4 4 0
-3.91919 -4 0
-3.91919 -3.91919 -4.24693e-08
-3.91919 -3.83838 -6.85858e-08
-3.91919 -3.75758 -9.42851e-08
-3.91919 -3.67677 -1.19476e-07
-3.91919 -3.59596 -1.4407e-07
-3.91919 -3.51515 -1.67979e-07
-3.91919 -3.43434 -1.91122e-07
-3.91919 -3.35354 -2.13417e-07
-3.91919 -3.27273 -2.34789e-07
-3.91919 -3.19192 -2.55163e-07
-3.91919 -3.11111 -2.74472e-07
-3.91919 -3.0303 -2.92652e-07
-3.91919 -2.94949 -3.09642e-07
-3.91919 -2.86869 -3.25387e-07
-3.91919 -2.78788 -3.39838e-07
-3.91919 -2.70707 -3.52951e-07
-3.91919 -2.62626 -3.64685e-07
-3.91919 -2.54545 -3.75007e-07
-3.91919 -2.46465 -3.83888e-07
-3.91919 -2.38384 -3.91306e-07
-3.91919 -2.30303 -3.97244e-07
-3.91919 -2.22222 -4.01691e-07
-3.91919 -2.14141 -4.04641e-07
-3.91919 -2.06061 -4.06094e-07
-3.91919 -1.9798 -4.06058e-07
-3.91919 -1.89899 -4.04543e-07
-3.91919 -1.81818 -4.01567e-07
-3.91919 -1.73737 -3.97153e-07
-3.91919 -1.65657 -3.9133e-07
-3.91919 -1.57576 -3.84131e-07
-3.91919 -1.49495 -3.75595e-07
-3.91919 -1.41414 -3.65766e-07
-3.91919 -1.33333 -3.54692e-07
-3.91919 -1.25253 -3.42426e-07
-3.91919 -1.17172 -3.29025e-07
-3.91919 -1.09091 -3.14551e-07
-3.91919 -1.0101 -2.99069e-07
-3.91919 -0.929293 -2.82648e-07
-3.91919 -0.848485 -2.65358e-07
-3.91919 -0.767677 -2.47276e-07
-3.91919 -0.686869 -2.28478e-07
-3.91919 -0.606061 -2.09044e-07
-3.91919 -0.525253 -1.89055e-07
-3.91919 -0.444444 -1.68595e-07
-3.91919 -0.363636 -1.47749e-07
-3.91919 -0.282828 -1.26601e-07
-3.91919 -0.20202 -1.05238e-07
-3.91919 -0.121212 -8.37457e-08
-3.91919 -0.040404 -6.22109e-08
-3.91919 0.040404 -4.07191e-08
-3.91919 0.121212 -1.93555e-08
-3.91919 0.20202 1.79619e-09
-3.91919 0.282828 2.26533e-08
-3.91919 0.363636 4.31351e-08
-3.91919 0.444444 6.31628e-08
-3.91919 0.525253 8.26601e-08
-3.91919 0.606061 1.01553e-07
-3.91919 0.686869 1.19771e-07
-3.91919 0.767677 1.37247e-07
-3.91919 0.848485 1.53916e-07
-3.91919 0.929293 1.69717e-07
-3.91919 1.0101 1.84595e-07
-3.91919 1.09091 1.98496e-07
-3.91919 1.17172 2.11372e-07
-3.91919 1.25253 2.2318e-07
-3.91919 1.33333 2.3388e-07
-3.91919 1.41414 2.43438e-07
-3.91919 1.49495 2.51824e-07
-3.91919 1.57576 2.59013e-07
-3.91919 1.65657 2.64985e-07
-3.91919 1.73737 2.69727e-07
-3.91919 1.81818 2.73227e-07
-3.91919 1.89899 2.75482e-07
-3.91919 1.9798 2.76492e-07
-3.91919 2.06061 2.76262e-07
-3.91919 2.14141 2.74803e-07
-3.91919 2.22222 2.7213e-07
-3.91919 2.30303 2.68264e-07
-3.91919 2.38384 2.6323e-07
-3.91919 2.46465 2.57056e-07
-3.91919 2.54545 2.49776e-07
-3.91919 2.62626 2.4143e-07
-3.91919 2.70707 2.32058e-07
-3.91919 2.78788 2.21708e-07
-3.91919 2.86869 2.10428e-07
-3.91919 2.94949 1.98272e-07
-3.91919 3.0303 1.85297e-07
-3.91919 3.11111 1.71562e-07
-3.91919 3.19192 1.57129e-07
-3.91919 3.27273 1.42062e-07
-3.91919 3.35354 1.26429e-07
-3.91919 3.43434 1.10298e-07
-3.91919 3.51515 9.37382e-08
-3.91919 3.59596 7.68223e-08
-3.91919 3.67677 5.96225e-08
-3.91919 3.75758 4.22119e-08
-3.91919 3.83838 2.46641e-08
-3.91919 3.91919 7.05282e-09
-3.91919 4 0
-3.83838 -4 0
-3.83838 -3.91919 -6.87107e-08
-3.83838 -3.83838 -1.04991e-07
-3.83838 -3.75758 -1.40655e-07
-3.83838 -3.67677 -1.75576e-07
-3.83838 -3.59596 -2.09631e-07
-3.83838 -3.51515 -2.427e-07
-3.83838 -3.43434 -2.74668e-07
-3.83838 -3.35354 -3.05424e-07
-3.83838 -3.27273 -3.34862e-07
-3.83838 -3.19192 -3.62882e-07
-3.83838 -3.11111 -3.8939e-07
-3.83838 -3.0303 -4.14297e-07
-3.83838 -2.94949 -4.37522e-07
-3.83838 -2.86869 -4.5899e-07
-3.83838 -2.78788 -4.78633e-07
-3.83838 -2.70707 -4.96391e-07
-3.83838 -2.62626 -5.1221e-07
-3.83838 -2.54545 -5.26045e-07
-3.83838 -2.46465 -5.3786e-07
-3.83838 -2.38384 -5.47624e-07
-3.83838 -2.30303 -5.55315e-07
-3.83838 -2.22222 -5.60921e-07
-3.83838 -2.14141 -5.64436e-07
-3.83838 -2.06061 -5.65862e-07
-3.83838 -1.9798 -5.65211e-07
-3.83838 -1.89899 -5.62501e-07
-3.83838 -1.81818 -5.57759e-07
-3.83838 -1.73737 -5.51018e-07
-3.83838 -1.65657 -5.42321e-07
-3.83838 -1.57576 -5.31717e-07
-3.83838 -1.49495 -5.19261e-07
-3.83838 -1.41414 -5.05016e-07
-3.83838 -1.33333 -4.89053e-07
-3.83838 -1.25253 -4.71446e-07
-3.83838 -1.17172 -4.52277e-07
-3.83838 -1.09091 -4.31634e-07
-3.83838 -1.0101 -4.09609e-07
-3.83838 -0.929293 -3.86298e-07
-3.83838 -0.848485 -3.61805e-07
-3.83838 -0.767677 -3.36233e-07
-3.83838 -0.686869 -3.09692e-07
-3.83838 -0.606061 -2.82294e-07
-3.83838 -0.525253 -2.54154e-07
-3.83838 -0.444444 -2.25389e-07
-3.83838 -0.363636 -1.96117e-07
-3.83838 -0.282828 -1.66458e-07
-3.83838 -0.20202 -1.36532e-07
-3.83838 -0.121212 -1.06461e-07
-3.83838 -0.040404 -7.63633e-08
-3.83838 0.040404 -4.636e-08
-3.83838 0.121212 -1.65693e-08
-3.83838 0.20202 1.28919e-08
-3.83838 0.282828 4.19089e-08
-3.83838 0.363636 7.03695e-08
-3.83838 0.444444 9.81645e-08
-3.83838 0.525253 1.25188e-07
-3.83838 0.606061 1.51338e-07
-3.83838 0.686869 1.76517e-07
-3.83838 0.767677 2.00632e-07
-3.83838 0.848485 2.23593e-07
-3.83838 0.929293 2.45319e-07
-3.83838 1.0101 2.65731e-07
-3.83838 1.09091 2.84757e-07
-3.83838 1.17172 3.02332e-07
-3.83838 1.25253 3.18396e-07
-3.83838 1.33333 3.32896e-07
-3.83838 1.41414 3.45785e-07
-3.83838 1.49495 3.57025e-07
-3.83838 1.57576 3.66581e-07
-3.83838 1.65657 3.74429e-07
-3.83838 1.73737 3.8055e-07
-3.83838 1.81818 3.84932e-07
-3.83838 1.89899 3.87571e-07
-3.83838 1.9798 3.88469e-07
-3.83838 2.06061 3.87635e-07
-3.83838 2.14141 3.85087e-07
-3.83838 2.22222 3.80848e-07
-3.83838 2.30303 3.74947e-07
-3.83838 2.38384 3.67421e-07
-3.83838 2.46465 3.58314e-07
-3.83838 2.54545 3.47673e-07
-3.83838 2.62626 3.35555e-07
-3.83838 2.70707 3.22019e-07
-3.83838 2.78788 3.07131e-07
-3.83838 2.86869 2.90962e-07
-3.83838 2.94949 2.73589e-07
-3.83838 3.0303 2.5509e-07
-3.83838 3.11111 2.35551e-07
-3.83838 3.19192 2.15059e-07
-3.83838 3.27273 1.93705e-07
-3.83838 3.35354 1.71583e-07
-3.83838 3.43434 1.4879e-07
-3.83838 3.51515 1.25424e-07
-3.83838 3.59596 1.01587e-07
-3.83838 3.67677 7.73788e-08
-3.83838 3.75758 5.29029e-08
-3.83838 3.83838 2.82623e-08
-3.83838 3.91919 3.55987e-09
-3.83838 4 0
-3.75758 -4 0
-3.75758 -3.91919 -9.47358e-08
-3.75758 -3.83838 -1.41088e-07
-3.75758 -3.75758 -1.86625e-07
-3.75758 -3.67677 -2.31186e-07
-3.75758 -3.59596 -2.74614e-07
-3.75758 -3.51515 -3.16754e-07
-3.75758 -3.43434 -3.5746e-07
-3.75758 -3.35354 -3.9659e-07
-3.75758 -3.27273 -4.34011e-07
-3.75758 -3.19192 -4.69594e-07
-3.75758 -3.11111 -5.03219e-07
-3.75758 -3.0303 -5.34774e-07
-3.75758 -2.94949 -5.64157e-07
-3.75758 -2.86869 -5.91271e-07
-3.75758 -2.78788 -6.16032e-07
-3.75758 -2.70707 -6.38364e-07
-3.75758 -2.62626 -6.58199e-07
-3.75758 -2.54545 -6.75481e-07
-3.75758 -2.46465 -6.90164e-07
-3.75758 -2.38384 -7.02211e-07
-3.75758 -2.30303 -7.11596e-07
-3.75758 -2.22222 -7.18304e-07
-3.75758 -2.14141 -7.22329e-07
-3.75758 -2.06061 -7.23676e-07
-3.75758 -1.9798 -7.22362e-07
-3.75758 -1.89899 -7.18411e-07
-3.75758 -1.81818 -7.11858e-07
-3.75758 -1.73737 -7.0275e-07
-3.75758 -1.65657 -6.91142e-07
-3.75758 -1.57576 -6.77097e-07
-3.75758 -1.49495 -6.60689e-07
-3.75758 -1.41414 -6.42e-07
-3.75758 -1.33333 -6.21122e-07
-3.75758 -1.25253 -5.98151e-07
-3.75758 -1.17172 -5.73195e-07
-3.75758 -1.09091 -5.46366e-07
-3.75758 -1.0101 -5.17784e-07
-3.75758 -0.929293 -4.87574e-07
-3.75758 -0.848485 -4.55868e-07
-3.75758 -0.767677 -4.22802e-07
-3.75758 -0.686869 -3.88517e-07
-3.75758 -0.606061 -3.53157e-07
-3.75758 -0.525253 -3.16869e-07
-3.75758 -0.444444 -2.79805e-07
-3.75758 -0.363636 -2.42117e-07
-3.75758 -0.282828 -2.03958e-07
-3.75758 -0.20202 -1.65484e-07
-3.75758 -0.121212 -1.2685e-07
-3.75758 -0.040404 -8.82091e-08
-3.75758 0.040404 -4.97161e-08
-3.75758 0.121212 -1.15224e-08
-3.75758 0.20202 2.62222e-08
-3.75758 0.282828 6.33708e-08
-3.75758 0.363636 9.97798e-08
-3.75758 0.444444 1.3531e-07
-3.75758 0.525253 1.69826e-07
-3.75758 0.606061 2.03197e-07
-3.75758 0.686869 2.35299e-07
-3.75758 0.767677 2.66013e-07
-3.75758 0.848485 2.95227e-07
-3.75758 0.929293 3.22834e-07
-3.75758 1.0101 3.48736e-07
-3.75758 1.09091 3.72843e-07
-3.75758 1.17172 3.9507e-07
-3.75758 1.25253 4.15343e-07
-3.75758 1.33333 4.33595e-07
-3.75758 1.41414 4.49767e-07
-3.75758 1.49495 4.6381e-07
-3.75758 1.57576 4.75684e-07
-3.75758 1.65657 4.85356e-07
-3.75758 1.73737 4.92805e-07
-3.75758 1.81818 4.98016e-07
-3.75758 1.89899 5.00986e-07
-3.75758 1.9798 5.01718e-07
-3.75758 2.06061 5.00228e-07
-3.75758 2.14141 4.96537e-07
-3.75758 2.22222 4.90677e-07
-3.75758 2.30303 4.82688e-07
-3.75758 2.38384 4.72617e-07
-3.75758 2.46465 4.60522e-07
-3.75758 2.54545 4.46466e-07
-3.75758 2.62626 4.30522e-07
-3.75758 2.70707 4.12768e-07
-3.75758 2.78788 3.93289e-07
-3.75758 2.86869 3.72178e-07
-3.75758 2.94949 3.49534e-07
-3.75758 3.0303 3.25459e-07
-3.75758 3.11111 3.00063e-07
-3.75758 3.19192 2.7346e-07
-3.75758 3.27273 2.45766e-07
-3.75758 3.35354 2.17104e-07
-3.75758 3.43434 1.87598e-07
-3.75758 3.51515 1.57376e-07
-3.75758 3.59596 1.26566e-07
-3.75758 3.67677 9.52995e-08
-3.75758 3.75758 6.37086e-08
-3.75758 3.83838 3.19258e-08
-3.75758 3.91919 8.32658e-11
-3.75758 4 0
-3.67677 -4 0
-3.67677 -3.91919 -1.20528e-07
-3.67677 -3.83838 -1.76853e-07
-3.67677 -3.75758 -2.32166e-07
-3.67677 -3.67677 -2.8627e-07
-3.67677 -3.59596 -3.38973e-07
-3.67677 -3.51515 -3.90088e-07
-3.67677 -3.43434 -4.39438e-07
-3.67677 -3.35354 -4.8685e-07
-3.67677 -3.27273 -5.32161e-07
-3.67677 -3.19192 -5.75215e-07
-3.67677 -3.11111 -6.15868e-07
-3.67677 -3.0303 -6.53985e-07
-3.67677 -2.94949 -6.89438e-07
-3.67677 -2.86869 -7.22115e-07
-3.67677 -2.78788 -7.51911e-07
-3.67677 -2.70707 -7.78735e-07
-3.67677 -2.62626 -8.02508e-07
-3.67677 -2.54545 -8.2316e-07
-3.67677 -2.46465 -8.40637e-07
-3.67677 -2.38384 -8.54895e-07
-3.67677 -2.30303 -8.65904e-07
-3.67677 -2.22222 -8.73647e-07
-3.67677 -2.14141 -8.78117e-07
-3.67677 -2.06061 -8.79324e-07
-3.67677 -1.9798 -8.77286e-07
-3.67677 -1.89899 -8.72037e-07
-3.67677 -1.81818 -8.63621e-07
-3.67677 -1.73737 -8.52094e-07
-3.67677 -1.65657 -8.37526e-07
-3.67677 -1.57576 -8.19995e-07
-3.67677 -1.49495 -7.99594e-07
-3.67677 -1.41414 -7.76422e-07
-3.67677 -1.33333 -7.50592e-07
-3.67677 -1.25253 -7.22225e-07
-3.67677 -1.17172 -6.91452e-07
-3.67677 -1.09091 -6.5841e-07
-3.67677 -1.0101 -6.23248e-07
-3.67677 -0.929293 -5.86118e-07
-3.67677 -0.848485 -5.47183e-07
-3.67677 -0.767677 -5.06609e-07
-3.67677 -0.686869 -4.64568e-07
-3.67677 -0.606061 -4.21237e-07
-3.67677 -0.525253 -3.76798e-07
-3.67677 -0.444444 -3.31434e-07
-3.67677 -0.363636 -2.85331e-07
-3.67677 -0.282828 -2.38678e-07
-3.67677 -0.20202 -1.91663e-07
-3.67677 -0.121212 -1.44477e-07
-3.67677 -0.040404 -9.73066e-08
-3.67677 0.040404 -5.03404e-08
-3.67677 0.121212 -3.76331e-09
-3.67677 0.20202 4.22423e-08
-3.67677 0.282828 8.74974e-08
-3.67677 0.363636 1.31827e-07
-3.67677 0.444444 1.75062e-07
-3.67677 0.525253 2.17037e-07
-3.67677 0.606061 2.57594e-07
-3.67677 0.686869 2.96581e-07
-3.67677 0.767677 3.33855e-07
-3.67677 0.848485 3.69278e-07
-3.67677 0.929293 4.02723e-07
-3.67677 1.0101 4.3407e-07
-3.67677 1.09091 4.63208e-07
-3.67677 1.17172 4.90038e-07
-3.67677 1.25253 5.14468e-07
-3.67677 1.33333 5.36417e-07
-3.67677 1.41414 5.55817e-07
-3.67677 1.49495 5.72607e-07
-3.67677 1.57576 5.8674e-07
-3.67677 1.65657 5.98177e-07
-3.67677 1.73737 6.06892e-07
-3.67677 1.81818 6.12871e-07
-3.67677 1.89899 6.16108e-07
-3.67677 1.9798 6.16612e-07
-3.67677 2.06061 6.144e-07
-3.67677 2.14141 6.095e-07
-3.67677 2.22222 6.01953e-07
-3.67677 2.30303 5.91808e-07
-3.67677 2.38384 5.79125e-07
-3.67677 2.46465 5.63974e-07
-3.67677 2.54545 5.46435e-07
-3.67677 2.62626 5.26595e-07
-3.67677 2.70707 5.04553e-07
-3.67677 2.78788 4.80415e-07
-3.67677 2.86869 4.54292e-07
-3.67677 2.94949 4.26307e-07
-3.67677 3.0303 3.96586e-07
-3.67677 3.11111 3.65264e-07
-3.67677 3.19192 3.3248e-07
-3.67677 3.27273 2.98378e-07
-3.67677 3.35354 2.63106e-07
-3.67677 3.43434 2.26819e-07
-3.67677 3.51515 1.89671e-07
-3.67677 3.59596 1.5182e-07
-3.67677 3.67677 1.13428e-07
-3.67677 3.75758 7.46544e-08
-3.67677 3.83838 3.56623e-08
-3.67677 3.91919 -3.38669e-09
-3.67677 4 0
-3.59596 -4 0
-3.59596 -3.91919 -1.46069e-07
-3.59596 -3.83838 -2.12262e-07
-3.59596 -3.75758 -2.77245e-07
-3.59596 -3.67677 -3.40788e-07
-3.59596 -3.59596 -4.02663e-07
-3.59596 -3.51515 -4.62652e-07
-3.59596 -3.43434 -5.20543e-07
-3.59596 -3.35354 -5.76136e-07
-3.59596 -3.27273 -6.29237e-07
-3.59596 -3.19192 -6.79665e-07
-3.59596 -3.11111 -7.27249e-07
-3.59596 -3.0303 -7.71829e-07
-3.59596 -2.94949 -8.1326e-07
-3.59596 -2.86869 -8.51405e-07
-3.59596 -2.78788 -8.86146e-07
-3.59596 -2.70707 -9.17374e-07
-3.59596 -2.62626 -9.44995e-07
-3.59596 -2.54545 -9.68932e-07
-3.59596 -2.46465 -9.89119e-07
-3.59596 -2.38384 -1.00551e-06
-3.59596 -2.30303 -1.01806e-06
-3.59596 -2.22222 -1.02676e-06
-3.59596 -2.14141 -1.0316e-06
-3.59596 -2.06061 -1.0326e-06
-3.59596 -1.9798 -1.02977e-06
-3.59596 -1.89899 -1.02315e-06
-3.59596 -1.81818 -1.01281e-06
-3.59596 -1.73737 -9.988e-07
-3.59596 -1.65657 -9.81214e-07
-3.59596 -1.57576 -9.60142e-07
-3.59596 -1.49495 -9.35694e-07
-3.59596 -1.41414 -9.0799e-07
-3.59596 -1.33333 -8.77163e-07
-3.59596 -1.25253 -8.43357e-07
-3.59596 -1.17172 -8.06726e-07
-3.59596 -1.09091 -7.67435e-07
-3.59596 -1.0101 -7.25659e-07
-3.59596 -0.929293 -6.81581e-07
-3.59596 -0.848485 -6.3539e-07
-3.59596 -0.767677 -5.87284e-07
-3.59596 -0.686869 -5.37469e-07
-3.59596 -0.606061 -4.86152e-07
-3.59596 -0.525253 -4.33548e-07
-3.59596 -0.444444 -3.79875e-07
-3.59596 -0.363636 -3.25352e-07
-3.59596 -0.282828 -2.70202e-07
-3.59596 -0.20202 -2.14649e-07
-3.59596 -0.121212 -1.58915e-07
-3.59596 -0.040404 -1.03224e-07
-3.59596 0.040404 -4.7797e-08
-3.59596 0.121212 7.14831e-09
-3.59596 0.20202 6.13963e-08
-3.59596 0.282828 1.14736e-07
-3.59596 0.363636 1.66961e-07
-3.59596 0.444444 2.17872e-07
-3.59596 0.525253 2.67275e-07
-3.59596 0.606061 3.14983e-07
-3.59596 0.686869 3.60818e-07
-3.59596 0.767677 4.0461e-07
-3.59596 0.848485 4.462e-07
-3.59596 0.929293 4.85436e-07
-3.59596 1.0101 5.22177e-07
-3.59596 1.09091 5.56296e-07
-3.59596 1.17172 5.87673e-07
-3.59596 1.25253 6.16204e-07
-3.59596 1.33333 6.41792e-07
-3.59596 1.41414 6.64358e-07
-3.59596 1.49495 6.83832e-07
-3.59596 1.57576 7.00157e-07
-3.59596 1.65657 7.13291e-07
-3.59596 1.73737 7.23204e-07
-3.59596 1.81818 7.29878e-07
-3.59596 1.89899 7.33311e-07
-3.59596 1.9798 7.3351e-07
-3.59596 2.06061 7.305e-07
-3.59596 2.14141 7.24314e-07
-3.59596 2.22222 7.15001e-07
-3.59596 2.30303 7.0262e-07
-3.59596 2.38384 6.87243e-07
-3.59596 2.46465 6.68955e-07
-3.59596 2.54545 6.47849e-07
-3.59596 2.62626 6.24031e-07
-3.59596 2.70707 5.97617e-07
-3.59596 2.78788 5.68733e-07
-3.59596 2.86869 5.37514e-07
-3.59596 2.94949 5.04102e-07
-3.59596 3.0303 4.6865e-07
-3.59596 3.11111 4.31316e-07
-3.59596 3.19192 3.92264e-07
-3.59596 3.27273 3.51667e-07
-3.59596 3.35354 3.097e-07
-3.59596 3.43434 2.66545e-07
-3.59596 3.51515 2.22385e-07
-3.59596 3.59596 1.77409e-07
-3.59596 3.67677 1.31805e-07
-3.59596 3.75758 8.57647e-08
-3.59596 3.83838 3.94795e-08
-3.59596 3.91919 -6.85956e-09
-3.59596 4 0
-3.51515 -4 0
-3.51515 -3.91919 -1.71343e-07
-3.51515 -3.83838 -2.47291e-07
-3.51515 -3.75758 -3.21834e-07
-3.51515 -3.67677 -3.94704e-07
-3.51515 -3.59596 -4.6564e-07
-3.51515 -3.51515 -5.34392e-07
-3.51515 -3.43434 -6.00716e-07
-3.51515 -3.35354 -6.64381e-07
-3.51515 -3.27273 -7.25165e-07
-3.51515 -3.19192 -7.8286e-07
-3.51515 -3.11111 -8.3727e-07
-3.51515 -3.0303 -8.88211e-07
-3.51515 -2.94949 -9.35516e-07
-3.51515 -2.86869 -9.7903e-07
-3.51515 -2.78788 -1.01861e-06
-3.51515 -2.70707 -1.05415e-06
-3.51515 -2.62626 -1.08552e-06
-3.51515 -2.54545 -1.11265e-06
-3.51515 -2.46465 -1.13545e-06
-3.51515 -2.38384 -1.15388e-06
-3.51515 -2.30303 -1.16789e-06
-3.51515 -2.22222 -1.17746e-06
-3.51515 -2.14141 -1.18259e-06
-3.51515 -2.06061 -1.18329e-06
-3.51515 -1.9798 -1.17958e-06
-3.51515 -1.89899 -1.17153e-06
-3.51515 -1.81818 -1.15918e-06
-3.51515 -1.73737 -1.14262e-06
-3.51515 -1.65657 -1.12195e-06
-3.51515 -1.57576 -1.09727e-06
-3.51515 -1.49495 -1.06872e-06
-3.51515 -1.41414 -1.03642e-06
-3.51515 -1.33333 -1.00054e-06
-3.51515 -1.25253 -9.61241e-07
-3.51515 -1.17172 -9.18704e-07
-3.51515 -1.09091 -8.73119e-07
-3.51515 -1.0101 -8.24687e-07
-3.51515 -0.929293 -7.7362e-07
-3.51515 -0.848485 -7.20138e-07
-3.51515 -0.767677 -6.64471e-07
-3.51515 -0.686869 -6.06852e-07
-3.51515 -0.606061 -5.47526e-07
-3.51515 -0.525253 -4.86737e-07
-3.51515 -0.444444 -4.24738e-07
-3.51515 -0.363636 -3.61783e-07
-3.51515 -0.282828 -2.98129e-07
-3.51515 -0.20202 -2.34032e-07
-3.51515 -0.121212 -1.69751e-07
-3.51515 -0.040404 -1.05543e-07
-3.51515 0.040404 -4.16614e-08
-3.51515 0.121212 2.16408e-08
-3.51515 0.20202 8.4116e-08
-3.51515 0.282828 1.45521e-07
-3.51515 0.363636 2.05619e-07
-3.51515 0.444444 2.6418e-07
-3.51515 0.525253 3.20979e-07
-3.51515 0.606061 3.75804e-07
-3.51515 0.686869 4.28449e-07
-3.51515 0.767677 4.78719e-07
-3.51515 0.848485 5.2643e-07
-3.51515 0.929293 5.71408e-07
-3.51515 1.0101 6.13493e-07
-3.51515 1.09091 6.52537e-07
-3.51515 1.17172 6.88404e-07
-3.51515 1.25253 7.20973e-07
-3.51515 1.33333 7.50136e-07
-3.51515 1.41414 7.758e-07
-3.51515 1.49495 7.97886e-07
-3.51515 1.57576 8.16332e-07
-3.51515 1.65657 8.31087e-07
-3.51515 1.73737 8.42119e-07
-3.51515 1.81818 8.49408e-07
-3.51515 1.89899 8.52953e-07
-3.51515 1.9798 8.52763e-07
-3.51515 2.06061 8.48868e-07
-3.51515 2.14141 8.41307e-07
-3.51515 2.22222 8.30137e-07
-3.51515 2.30303 8.15427e-07
-3.51515 2.38384 7.97263e-07
-3.51515 2.46465 7.75741e-07
-3.51515 2.54545 7.50972e-07
-3.51515 2.62626 7.23078e-07
-3.51515 2.70707 6.92193e-07
-3.51515 2.78788 6.58465e-07
-3.51515 2.86869 6.22047e-07
-3.51515 2.94949 5.83108e-07
-3.51515 3.0303 5.41822e-07
-3.51515 3.11111 4.98373e-07
-3.51515 3.19192 4.52952e-07
-3.51515 3.27273 4.05757e-07
-3.51515 3.35354 3.56992e-07
-3.51515 3.43434 3.06866e-07
-3.51515 3.51515 2.55593e-07
-3.51515 3.59596 2.03388e-07
-3.51515 3.67677 1.50472e-07
-3.51515 3.75758 9.70633e-08
-3.51515 3.83838 4.33842e-08
-3.51515 3.91919 -1.03447e-08
-3.51515 4 0
-3.43434 -4 0
-3.43434 -3.91919 -1.96333e-07
-3.43434 -3.83838 -2.81918e-07
-3.43434 -3.75758 -3.65901e-07
-3.43434 -3.67677 -4.4798e-07
-3.43434 -3.59596 -5.27861e-07
-3.43434 -3.51515 -6.05259e-07
-3.43434 -3.43434 -6.799e-07
-3.43434 -3.35354 -7.51521e-07
-3.43434 -3.27273 -8.19874e-07
-3.43434 -3.19192 -8.84723e-07
-3.43434 -3.11111 -9.45845e-07
-3.43434 -3.0303 -1.00304e-06
-3.43434 -2.94949 -1.0561e-06
-3.43434 -2.86869 -1.10488e-06
-3.43434 -2.78788 -1.1492e-06
-3.43434 -2.70707 -1.18893e-06
-3.43434 -2.62626 -1.22395e-06
-3.43434 -2.54545 -1.25416e-06
-3.43434 -2.46465 -1.27948e-06
-3.43434 -2.38384 -1.29985e-06
-3.43434 -2.30303 -1.31522e-06
-3.43434 -2.22222 -1.32556e-06
-3.43434 -2.14141 -1.33089e-06
-3.43434 -2.06061 -1.3312e-06
-3.43434 -1.9798 -1.32653e-06
-3.43434 -1.89899 -1.31695e-06
-3.43434 -1.81818 -1.30252e-06
-3.43434 -1.73737 -1.28333e-06
-3.43434 -1.65657 -1.25949e-06
-3.43434 -1.57576 -1.23113e-06
-3.43434 -1.49495 -1.19839e-06
-3.43434 -1.41414 -1.16144e-06
-3.43434 -1.33333 -1.12044e-06
-3.43434 -1.25253 -1.07558e-06
-3.43434 -1.17172 -1.02708e-06
-3.43434 -1.09091 -9.75146e-07
-3.43434 -1.0101 -9.20007e-07
-3.43434 -0.929293 -8.61904e-07
-3.43434 -0.848485 -8.01089e-07
-3.43434 -0.767677 -7.37819e-07
-3.43434 -0.686869 -6.72362e-07
-3.43434 -0.606061 -6.04994e-07
-3.43434 -0.525253 -5.35994e-07
-3.43434 -0.444444 -4.65646e-07
-3.43434 -0.363636 -3.9424e-07
-3.43434 -0.282828 -3.22066e-07
-3.43434 -0.20202 -2.49416e-07
-3.43434 -0.121212 -1.76582e-07
-3.43434 -0.040404 -1.03854e-07
-3.43434 0.040404 -3.15222e-08
-3.43434 0.121212 4.01295e-08
-3.43434 0.20202 1.1082e-07
-3.43434 0.282828 1.80275e-07
-3.43434 0.363636 2.48225e-07
-3.43434 0.444444 3.14409e-07
-3.43434 0.525253 3.78577e-07
-3.43434 0.606061 4.40485e-07
-3.43434 0.686869 4.99902e-07
-3.43434 0.767677 5.56607e-07
-3.43434 0.848485 6.10393e-07
-3.43434 0.929293 6.61063e-07
-3.43434 1.0101 7.08437e-07
-3.43434 1.09091 7.52347e-07
-3.43434 1.17172 7.92641e-07
-3.43434 1.25253 8.29182e-07
-3.43434 1.33333 8.6185e-07
-3.43434 1.41414 8.90539e-07
-3.43434 1.49495 9.15162e-07
-3.43434 1.57576 9.35647e-07
-3.43434 1.65657 9.5194e-07
-3.43434 1.73737 9.64004e-07
-3.43434 1.81818 9.71819e-07
-3.43434 1.89899 9.75383e-07
-3.43434 1.9798 9.7471e-07
-3.43434 2.06061 9.69831e-07
-3.43434 2.14141 9.60794e-07
-3.43434 2.22222 9.47665e-07
-3.43434 2.30303 9.30523e-07
-3.43434 2.38384 9.09464e-07
-3.43434 2.46465 8.84601e-07
-3.43434 2.54545 8.56058e-07
-3.43434 2.62626 8.23976e-07
-3.43434 2.70707 7.88507e-07
-3.43434 2.78788 7.49819e-07
-3.43434 2.86869 7.08089e-07
-3.43434 2.94949 6.63506e-07
-3.43434 3.0303 6.16269e-07
-3.43434 3.11111 5.66588e-07
-3.43434 3.19192 5.14679e-07
-3.43434 3.27273 4.60768e-07
-3.43434 3.35354 4.05086e-07
-3.43434 3.43434 3.47871e-07
-3.43434 3.51515 2.89365e-07
-3.43434 3.59596 2.29814e-07
-3.43434 3.67677 1.69467e-07
-3.43434 3.75758 1.08573e-07
-3.43434 3.83838 4.73832e-08
-3.43434 3.91919 -1.38514e-08
-3.43434 4 0
-3.35354 -4 0
-3.35354 -3.91919 -2.21023e-07
-3.35354 -3.83838 -3.16119e-07
-3.35354 -3.75758 -4.09417e-07
-3.35354 -3.67677 -5.00581e-07
-3.35354 -3.59596 -5.89282e-07
-3.35354 -3.51515 -6.75202e-07
-3.35354 -3.43434 -7.58036e-07
-3.35354 -3.35354 -8.37493e-07
-3.35354 -3.27273 -9.13292e-07
-3.35354 -3.19192 -9.85173e-07
-3.35354 -3.11111 -1.05289e-06
-3.35354 -3.0303 -1.11621e-06
-3.35354 -2.94949 -1.17492e-06
-3.35354 -2.86869 -1.22884e-06
-3.35354 -2.78788 -1.27778e-06
-3.35354 -2.70707 -1.32159e-06
-3.35354 -2.62626 -1.36015e-06
-3.35354 -2.54545 -1.39334e-06
-3.35354 -2.46465 -1.42106e-06
-3.35354 -2.38384 -1.44326e-06
-3.35354 -2.30303 -1.45988e-06
-3.35354 -2.22222 -1.47089e-06
-3.35354 -2.14141 -1.47631e-06
-3.35354 -2.06061 -1.47613e-06
-3.35354 -1.9798 -1.47041e-06
-3.35354 -1.89899 -1.4592e-06
-3.35354 -1.81818 -1.44259e-06
-3.35354 -1.73737 -1.42068e-06
-3.35354 -1.65657 -1.39359e-06
-3.35354 -1.57576 -1.36146e-06
-3.35354 -1.49495 -1.32446e-06
-3.35354 -1.41414 -1.28277e-06
-3.35354 -1.33333 -1.23657e-06
-3.35354 -1.25253 -1.1861e-06
-3.35354 -1.17172 -1.13156e-06
-3.35354 -1.09091 -1.07321e-06
-3.35354 -1.0101 -1.01131e-06
-3.35354 -0.929293 -9.46112e-07
-3.35354 -0.848485 -8.77911e-07
-3.35354 -0.767677 -8.06991e-07
-3.35354 -0.686869 -7.33654e-07
-3.35354 -0.606061 -6.58205e-07
-3.35354 -0.525253 -5.80958e-07
-3.35354 -0.444444 -5.02233e-07
-3.35354 -0.363636 -4.2235e-07
-3.35354 -0.282828 -3.41636e-07
-3.35354 -0.20202 -2.60417e-07
-3.35354 -0.121212 -1.79019e-07
-3.35354 -0.040404 -9.7766e-08
-3.35354 0.040404 -1.69818e-08
-3.35354 0.121212 6.30156e-08
-3.35354 0.20202 1.41913e-07
-3.35354 0.282828 2.19403e-07
-3.35354 0.363636 2.95186e-07
-3.35354 0.444444 3.68972e-07
-3.35354 0.525253 4.40479e-07
-3.35354 0.606061 5.09437e-07
-3.35354 0.686869 5.75588e-07
-3.35354 0.767677 6.38685e-07
-3.35354 0.848485 6.98497e-07
-3.35354 0.929293 7.54807e-07
-3.35354 1.0101 8.07413e-07
-3.35354 1.09091 8.56127e-07
-3.35354 1.17172 9.00782e-07
-3.35354 1.25253 9.41226e-07
-3.35354 1.33333 9.77323e-07
-3.35354 1.41414 1.00896e-06
-3.35354 1.49495 1.03603e-06
-3.35354 1.57576 1.05847e-06
-3.35354 1.65657 1.07621e-06
-3.35354 1.73737 1.08921e-06
-3.35354 1.81818 1.09745e-06
-3.35354 1.89899 1.10094e-06
-3.35354 1.9798 1.09967e-06
-3.35354 2.06061 1.0937e-06
-3.35354 2.14141 1.08308e-06
-3.35354 2.22222 1.06788e-06
-3.35354 2.30303 1.04819e-06
-3.35354 2.38384 1.02412e-06
-3.35354 2.46465 9.9579e-07
-3.35354 2.54545 9.6335e-07
-3.35354 2.62626 9.26955e-07
-3.35354 2.70707 8.86776e-07
-3.35354 2.78788 8.43001e-07
-3.35354 2.86869 7.95828e-07
-3.35354 2.94949 7.4547e-07
-3.35354 3.0303 6.9215e-07
-3.35354 3.11111 6.36104e-07
-3.35354 3.19192 5.77574e-07
-3.35354 3.27273 5.16813e-07
-3.35354 3.35354 4.54081e-07
-3.35354 3.43434 3.89643e-07
-3.35354 3.51515 3.2377e-07
-3.35354 3.59596 2.56739e-07
-3.35354 3.67677 1.88827e-07
-3.35354 3.75758 1.20315e-07
-3.35354 3.83838 5.1483e-08
-3.35354 3.91919 -1.73886e-08
-3.35354 4 0
-3.27273 -4 0
-3.27273 -3.91919 -2.45396e-07
-3.27273 -3.83838 -3.49871e-07
-3.27273 -3.75758 -4.52354e-07
-3.27273 -3.67677 -5.52471e-07
-3.27273 -3.59596 -6.49861e-07
-3.27273 -3.51515 -7.44173e-07
-3.27273 -3.43434 -8.35071e-07
-3.27273 -3.35354 -9.22232e-07
-3.27273 -3.27273 -1.00535e-06
-3.27273 -3.19192 -1.08414e-06
-3.27273 -3.11111 -1.15832e-06
-3.27273 -3.0303 -1.22764e-06
-3.27273 -2.94949 -1.29187e-06
-3.27273 -2.86869 -1.3508e-06
-3.27273 -2.78788 -1.40424e-06
-3.27273 -2.70707 -1.45202e-06
-3.27273 -2.62626 -1.49399e-06
-3.27273 -2.54545 -1.53003e-06
-3.27273 -2.46465 -1.56004e-06
-3.27273 -2.38384 -1.58395e-06
-3.27273 -2.30303 -1.6017e-06
-3.27273 -2.22222 -1.61328e-06
-3.27273 -2.14141 -1.61867e-06
-3.27273 -2.06061 -1.6179e-06
-3.27273 -1.9798 -1.61101e-06
-3.27273 -1.89899 -1.59807e-06
-3.27273 -1.81818 -1.57918e-06
-3.27273 -1.73737 -1.55445e-06
-3.27273 -1.65657 -1.52401e-06
-3.27273 -1.57576 -1.48803e-06
-3.27273 -1.49495 -1.44667e-06
-3.27273 -1.41414 -1.40015e-06
-3.27273 -1.33333 -1.34868e-06
-3.27273 -1.25253 -1.2925e-06
-3.27273 -1.17172 -1.23186e-06
-3.27273 -1.09091 -1.16702e-06
-3.27273 -1.0101 -1.09828e-06
-3.27273 -0.929293 -1.02593e-06
-3.27273 -0.848485 -9.50286e-07
-3.27273 -0.767677 -8.71662e-07
-3.27273 -0.686869 -7.90393e-07
-3.27273 -0.606061 -7.06818e-07
-3.27273 -0.525253 -6.21284e-07
-3.27273 -0.444444 -5.34144e-07
-3.27273 -0.363636 -4.45754e-07
-3.27273 -0.282828 -3.56474e-07
-3.27273 -0.20202 -2.66665e-07
-3.27273 -0.121212 -1.76687e-07
-3.27273 -0.040404 -8.6899e-08
-3.27273 0.040404 2.34223e-09
-3.27273 0.121212 9.0685e-08
-3.27273 0.20202 1.77783e-07
-3.27273 0.282828 2.63298e-07
-3.27273 0.363636 3.46898e-07
-3.27273 0.444444 4.28262e-07
-3.27273 0.525253 5.07081e-07
-3.27273 0.606061 5.83056e-07
-3.27273 0.686869 6.55901e-07
-3.27273 0.767677 7.25347e-07
-3.27273 0.848485 7.91137e-07
-3.27273 0.929293 8.53032e-07
-3.27273 1.0101 9.10809e-07
-3.27273 1.09091 9.64264e-07
-3.27273 1.17172 1.01321e-06
-3.27273 1.25253 1.05748e-06
-3.27273 1.33333 1.09693e-06
-3.27273 1.41414 1.13142e-06
-3.27273 1.49495 1.16086e-06
-3.27273 1.57576 1.18516e-06
-3.27273 1.65657 1.20425e-06
-3.27273 1.73737 1.21808e-06
-3.27273 1.81818 1.22665e-06
-3.27273 1.89899 1.22994e-06
-3.27273 1.9798 1.22797e-06
-3.27273 2.06061 1.22079e-06
-3.27273 2.14141 1.20846e-06
-3.27273 2.22222 1.19106e-06
-3.27273 2.30303 1.16869e-06
-3.27273 2.38384 1.14148e-06
-3.27273 2.46465 1.10956e-06
-3.27273 2.54545 1.07308e-06
-3.27273 2.62626 1.03224e-06
-3.27273 2.70707 9.87209e-07
-3.27273 2.78788 9.38204e-07
-3.27273 2.86869 8.85445e-07
-3.27273 2.94949 8.29167e-07
-3.27273 3.0303 7.69619e-07
-3.27273 3.11111 7.07061e-07
-3.27273 3.19192 6.41762e-07
-3.27273 3.27273 5.74003e-07
-3.27273 3.35354 5.04071e-07
-3.27273 3.43434 4.32261e-07
-3.27273 3.51515 3.58873e-07
-3.27273 3.59596 2.84213e-07
-3.27273 3.67677 2.08589e-07
-3.27273 3.75758 1.32311e-07
-3.27273 3.83838 5.56892e-08
-3.27273 3.91919 -2.0965e-08
-3.27273 4 0
-3.19192 -4 0
-3.19192 -3.91919 -2.69436e-07
-3.19192 -3.83838 -3.83153e-07
-3.19192 -3.75758 -4.94682e-07
-3.19192 -3.67677 -6.03615e-07
-3.19192 -3.59596 -7.09557e-07
-3.19192 -3.51515 -8.12125e-07
-3.19192 -3.43434 -9.1095e-07
-3.19192 -3.35354 -1.00568e-06
-3.19192 -3.27273 -1.09598e-06
-3.19192 -3.19192 -1.18153e-06
-3.19192 -3.11111 -1.26204e-06
-3.19192 -3.0303 -1.33724e-06
-3.19192 -2.94949 -1.40686e-06
-3.19192 -2.86869 -1.47067e-06
-3.19192 -2.78788 -1.52847e-06
-3.19192 -2.70707 -1.58008e-06
-3.19192 -2.62626 -1.62533e-06
-3.19192 -2.54545 -1.6641e-06
-3.19192 -2.46465 -1.69628e-06
-3.19192 -2.38384 -1.72177e-06
-3.19192 -2.30303 -1.74054e-06
-3.19192 -2.22222 -1.75255e-06
-3.19192 -2.14141 -1.7578e-06
-3.19192 -2.06061 -1.75632e-06
-3.19192 -1.9798 -1.74815e-06
-3.19192 -1.89899 -1.73337e-06
-3.19192 -1.81818 -1.71209e-06
-3.19192 -1.73737 -1.68442e-06
-3.19192 -1.65657 -1.65053e-06
-3.19192 -1.57576 -1.61059e-06
-3.19192 -1.49495 -1.56478e-06
-3.19192 -1.41414 -1.51334e-06
-3.19192 -1.33333 -1.45651e-06
-3.19192 -1.25253 -1.39453e-06
-3.19192 -1.17172 -1.32769e-06
-3.19192 -1.09091 -1.25629e-06
-3.19192 -1.0101 -1.18064e-06
-3.19192 -0.929293 -1.10107e-06
-3.19192 -0.848485 -1.01791e-06
-3.19192 -0.767677 -9.31518e-07
-3.19192 -0.686869 -8.4226e-07
-3.19192 -0.606061 -7.50506e-07
-3.19192 -0.525253 -6.56638e-07
-3.19192 -0.444444 -5.61042e-07
-3.19192 -0.363636 -4.64108e-07
-3.19192 -0.282828 -3.66231e-07
-3.19192 -0.20202 -2.67806e-07
-3.19192 -0.121212 -1.69228e-07
-3.19192 -0.040404 -7.089e-08
-3.19192 0.040404 2.68169e-08
-3.19192 0.121212 1.23508e-07
-3.19192 0.20202 2.18804e-07
-3.19192 0.282828 3.12334e-07
-3.19192 0.363636 4.03736e-07
-3.19192 0.444444 4.92658e-07
-3.19192 0.525253 5.78761e-07
-3.19192 0.606061 6.6172e-07
-3.19192 0.686869 7.41222e-07
-3.19192 0.767677 8.16971e-07
-3.19192 0.848485 8.88688e-07
-3.19192 0.929293 9.56111e-07
-3.19192 1.0101 1.019e-06
-3.19192 1.09091 1.07712e-06
-3.19192 1.17172 1.13029e-06
-3.19192 1.25253 1.1783e-06
-3.19192 1.33333 1.22102e-06
-3.19192 1.41414 1.25828e-06
-3.19192 1.49495 1.28999e-06
-3.19192 1.57576 1.31605e-06
-3.19192 1.65657 1.33638e-06
-3.19192 1.73737 1.35094e-06
-3.19192 1.81818 1.35971e-06
-3.19192 1.89899 1.36269e-06
-3.19192 1.9798 1.35989e-06
-3.19192 2.06061 1.35138e-06
-3.19192 2.14141 1.33721e-06
-3.19192 2.22222 1.31748e-06
-3.19192 2.30303 1.2923e-06
-3.19192 2.38384 1.2618e-06
-3.19192 2.46465 1.22613e-06
-3.19192 2.54545 1.18548e-06
-3.19192 2.62626 1.14003e-06
-3.19192 2.70707 1.09e-06
-3.19192 2.78788 1.03561e-06
-3.19192 2.86869 9.77112e-07
-3.19192 2.94949 9.14757e-07
-3.19192 3.0303 8.48821e-07
-3.19192 3.11111 7.79591e-07
-3.19192 3.19192 7.07361e-07
-3.19192 3.27273 6.32442e-07
-3.19192 3.35354 5.55147e-07
-3.19192 3.43434 4.75802e-07
-3.19192 3.51515 3.94736e-07
-3.19192 3.59596 3.12285e-07
-3.19192 3.67677 2.28785e-07
-3.19192 3.75758 1.44579e-07
-3.19192 3.83838 6.00076e-08
-3.19192 3.91919 -2.45892e-08
-3.19192 4 0
-3.11111 -4 0
-3.11111 -3.91919 -2.9313e-07
-3.11111 -3.83838 -4.15943e-07
-3.11111 -3.75758 -5.36374e-07
-3.11111 -3.67677 -6.5398e-07
-3.11111 -3.59596 -7.6833e-07
-3.11111 -3.51515 -8.7901e-07
-3.11111 -3.43434 -9.85619e-07
-3.11111 -3.35354 -1.08778e-06
-3.11111 -3.27273 -1.18512e-06
-3.11111 -3.19192 -1.2773e-06
-3.11111 -3.11111 -1.364e-06
-3.11111 -3.0303 -1.44492e-06
-3.11111 -2.94949 -1.51978e-06
-3.11111 -2.86869 -1.58834e-06
-3.11111 -2.78788 -1.65037e-06
-3.11111 -2.70707 -1.70567e-06
-3.11111 -2.62626 -1.75407e-06
-3.11111 -2.54545 -1.79543e-06
-3.11111 -2.46465 -1.82963e-06
-3.11111 -2.38384 -1.85659e-06
-3.11111 -2.30303 -1.87623e-06
-3.11111 -2.22222 -1.88855e-06
-3.11111 -2.14141 -1.89353e-06
-3.11111 -2.06061 -1.89121e-06
-3.11111 -1.9798 -1.88164e-06
-3.11111 -1.89899 -1.8649e-06
-3.11111 -1.81818 -1.8411e-06
-3.11111 -1.73737 -1.81039e-06
-3.11111 -1.65657 -1.77294e-06
-3.11111 -1.57576 -1.72892e-06
-3.11111 -1.49495 -1.67856e-06
-3.11111 -1.41414 -1.6221e-06
-3.11111 -1.33333 -1.55979e-06
-3.11111 -1.25253 -1.49193e-06
-3.11111 -1.17172 -1.41881e-06
-3.11111 -1.09091 -1.34076e-06
-3.11111 -1.0101 -1.25811e-06
-3.11111 -0.929293 -1.17123e-06
-3.11111 -0.848485 -1.08048e-06
-3.11111 -0.767677 -9.86259e-07
-3.11111 -0.686869 -8.88948e-07
-3.11111 -0.606061 -7.88957e-07
-3.11111 -0.525253 -6.86702e-07
-3.11111 -0.444444 -5.82601e-07
-3.11111 -0.363636 -4.77082e-07
-3.11111 -0.282828 -3.70571e-07
-3.11111 -0.20202 -2.635e-07
-3.11111 -0.121212 -1.56298e-07
-3.11111 -0.040404 -4.93921e-08
-3.11111 0.040404 5.67925e-08
-3.11111 0.121212 1.61837e-07
-3.11111 0.20202 2.65331e-07
-3.11111 0.282828 3.66869e-07
-3.11111 0.363636 4.66059e-07
-3.11111 0.444444 5.62519e-07
-3.11111 0.525253 6.55881e-07
-3.11111 0.606061 7.45791e-07
-3.11111 0.686869 8.31909e-07
-3.11111 0.767677 9.13916e-07
-3.11111 0.848485 9.91508e-07
-3.11111 0.929293 1.0644e-06
-3.11111 1.0101 1.13233e-06
-3.11111 1.09091 1.19506e-06
-3.11111 1.17172 1.25236e-06
-3.11111 1.25253 1.30404e-06
-3.11111 1.33333 1.34993e-06
-3.11111 1.41414 1.38987e-06
-3.11111 1.49495 1.42375e-06
-3.11111 1.57576 1.45146e-06
-3.11111 1.65657 1.47292e-06
-3.11111 1.73737 1.48809e-06
-3.11111 1.81818 1.49694e-06
-3.11111 1.89899 1.49948e-06
-3.11111 1.9798 1.49573e-06
-3.11111 2.06061 1.48574e-06
-3.11111 2.14141 1.4696e-06
-3.11111 2.22222 1.44739e-06
-3.11111 2.30303 1.41924e-06
-3.11111 2.38384 1.3853e-06
-3.11111 2.46465 1.34574e-06
-3.11111 2.54545 1.30075e-06
-3.11111 2.62626 1.25055e-06
-3.11111 2.70707 1.19535e-06
-3.11111 2.78788 1.13541e-06
-3.11111 2.86869 1.07099e-06
-3.11111 2.94949 1.00239e-06
-3.11111 3.0303 9.29895e-07
-3.11111 3.11111 8.53818e-07
-3.11111 3.19192 7.74484e-07
-3.11111 3.27273 6.92228e-07
-3.11111 3.35354 6.07395e-07
-3.11111 3.43434 5.20339e-07
-3.11111 3.51515 4.31418e-07
-3.11111 3.59596 3.40998e-07
-3.11111 3.67677 2.49448e-07
-3.11111 3.75758 1.57139e-07
-3.11111 3.83838 6.4443e-08
-3.11111 3.91919 -2.82694e-08
-3.11111 4 0
-3.0303 -4 0
-3.0303 -3.91919 -3.1646e-07
-3.0303 -3.83838 -4.4822e-07
-3.0303 -3.75758 -5.77403e-07
-3.0303 -3.67677 -7.03532e-07
-3.0303 -3.59596 -8.26141e-07
-3.0303 -3.51515 -9.44783e-07
-3.0303 -3.43434 -1.05903e-06
-3.0303 -3.35354 -1.16846e-06
-3.0303 -3.27273 -1.27269e-06
-3.0303 -3.19192 -1.37135e-06
-3.0303 -3.11111 -1.46409e-06
-3.0303 -3.0303 -1.5506e-06
-3.0303 -2.94949 -1.63056e-06
-3.0303 -2.86869 -1.70372e-06
-3.0303 -2.78788 -1.76983e-06
-3.0303 -2.70707 -1.82868e-06
-3.0303 -2.62626 -1.88008e-06
-3.0303 -2.54545 -1.92389e-06
-3.0303 -2.46465 -1.95997e-06
-3.0303 -2.38384 -1.98824e-06
-3.0303 -2.30303 -2.00864e-06
-3.0303 -2.22222 -2.02112e-06
-3.0303 -2.14141 -2.0257e-06
-3.0303 -2.06061 -2.0224e-06
-3.0303 -1.9798 -2.0113e-06
-3.0303 -1.89899 -1.99246e-06
-3.0303 -1.81818 -1.96604e-06
-3.0303 -1.73737 -1.93216e-06
-3.0303 -1.65657 -1.89102e-06
-3.0303 -1.57576 -1.84281e-06
-3.0303 -1.49495 -1.78778e-06
-3.0303 -1.41414 -1.72618e-06
-3.0303 -1.33333 -1.6583e-06
-3.0303 -1.25253 -1.58445e-06
-3.0303 -1.17172 -1.50494e-06
-3.0303 -1.09091 -1.42014e-06
-3.0303 -1.0101 -1.33042e-06
-3.0303 -0.929293 -1.23615e-06
-3.0303 -0.848485 -1.13773e-06
-3.0303 -0.767677 -1.0356e-06
-3.0303 -0.686869 -9.30165e-07
-3.0303 -0.606061 -8.21873e-07
-3.0303 -0.525253 -7.11172e-07
-3.0303 -0.444444 -5.98514e-07
-3.0303 -0.363636 -4.84362e-07
-3.0303 -0.282828 -3.69177e-07
-3.0303 -0.20202 -2.53426e-07
-3.0303 -0.121212 -1.37571e-07
-3.0303 -0.040404 -2.20758e-08
-3.0303 0.040404 9.26015e-08
-3.0303 0.121212 2.06009e-07
-3.0303 0.20202 3.17701e-07
-3.0303 0.282828 4.27242e-07
-3.0303 0.363636 5.34208e-07
-3.0303 0.444444 6.38188e-07
-3.0303 0.525253 7.38782e-07
-3.0303 0.606061 8.3561e-07
-3.0303 0.686869 9.28306e-07
-3.0303 0.767677 1.01652e-06
-3.0303 0.848485 1.09994e-06
-3.0303 0.929293 1.17824e-06
-3.0303 1.0101 1.25115e-06
-3.0303 1.09091 1.3184e-06
-3.0303 1.17172 1.37976e-06
-3.0303 1.25253 1.43502e-06
-3.0303 1.33333 1.48399e-06
-3.0303 1.41414 1.52651e-06
-3.0303 1.49495 1.56245e-06
-3.0303 1.57576 1.59169e-06
-3.0303 1.65657 1.61417e-06
-3.0303 1.73737 1.62982e-06
-3.0303 1.81818 1.63863e-06
-3.0303 1.89899 1.6406e-06
-3.0303 1.9798 1.63575e-06
-3.0303 2.06061 1.62414e-06
-3.0303 2.14141 1.60587e-06
-3.0303 2.22222 1.58103e-06
-3.0303 2.30303 1.54976e-06
-3.0303 2.38384 1.51222e-06
-3.0303 2.46465 1.4686e-06
-3.0303 2.54545 1.4191e-06
-3.0303 2.62626 1.36396e-06
-3.0303 2.70707 1.30342e-06
-3.0303 2.78788 1.23775e-06
-3.0303 2.86869 1.16725e-06
-3.0303 2.94949 1.09221e-06
-3.0303 3.0303 1.01297e-06
-3.0303 3.11111 9.29862e-07
-3.0303 3.19192 8.43236e-07
-3.0303 3.27273 7.53456e-07
-3.0303 3.35354 6.60896e-07
-3.0303 3.43434 5.65939e-07
-3.0303 3.51515 4.68974e-07
-3.0303 3.59596 3.70397e-07
-3.0303 3.67677 2.70608e-07
-3.0303 3.75758 1.70008e-07
-3.0303 3.83838 6.90002e-08
-3.0303 3.91919 -3.20134e-08
-3.0303 4 0
-2.94949 -4 0
-2.94949 -3.91919 -3.39412e-07
-2.94949 -3.83838 -4.79964e-07
-2.94949 -3.75758 -6.17744e-07
-2.94949 -3.67677 -7.52239e-07
-2.94949 -3.59596 -8.82952e-07
-2.94949 -3.51515 -1.0094e-06
-2.94949 -3.43434 -1.13113e-06
-2.94949 -3.35354 -1.24768e-06
-2.94949 -3.27273 -1.35865e-06
-2.94949 -3.19192 -1.46364e-06
-2.94949 -3.11111 -1.56227e-06
-2.94949 -3.0303 -1.65419e-06
-2.94949 -2.94949 -1.7391e-06
-2.94949 -2.86869 -1.81671e-06
-2.94949 -2.78788 -1.88675e-06
-2.94949 -2.70707 -1.94899e-06
-2.94949 -2.62626 -2.00325e-06
-2.94949 -2.54545 -2.04936e-06
-2.94949 -2.46465 -2.08718e-06
-2.94949 -2.38384 -2.11662e-06
-2.94949 -2.30303 -2.13761e-06
-2.94949 -2.22222 -2.15012e-06
-2.94949 -2.14141 -2.15415e-06
-2.94949 -2.06061 -2.14974e-06
-2.94949 -1.9798 -2.13696e-06
-2.94949 -1.89899 -2.1159e-06
-2.94949 -1.81818 -2.0867e-06
-2.94949 -1.73737 -2.04953e-06
-2.94949 -1.65657 -2.00457e-06
-2.94949 -1.57576 -1.95205e-06
-2.94949 -1.49495 -1.89223e-06
-2.94949 -1.41414 -1.82538e-06
-2.94949 -1.33333 -1.75181e-06
-2.94949 -1.25253 -1.67185e-06
-2.94949 -1.17172 -1.58586e-06
-2.94949 -1.09091 -1.49422e-06
-2.94949 -1.0101 -1.39731e-06
-2.94949 -0.929293 -1.29556e-06
-2.94949 -0.848485 -1.18939e-06
-2.94949 -0.767677 -1.07926e-06
-2.94949 -0.686869 -9.65634e-07
-2.94949 -0.606061 -8.48971e-07
-2.94949 -0.525253 -7.2976e-07
-2.94949 -0.444444 -6.08489e-07
-2.94949 -0.363636 -4.85652e-07
-2.94949 -0.282828 -3.61748e-07
-2.94949 -0.20202 -2.37278e-07
-2.94949 -0.121212 -1.12739e-07
-2.94949 -0.040404 1.13705e-08
-2.94949 0.040404 1.34558e-07
-2.94949 0.121212 2.56339e-07
-2.94949 0.20202 3.76233e-07
-2.94949 0.282828 4.93774e-07
-2.94949 0.363636 6.08506e-07
-2.94949 0.444444 7.19986e-07
-2.94949 0.525253 8.27788e-07
-2.94949 0.606061 9.315e-07
-2.94949 0.686869 1.03073e-06
-2.94949 0.767677 1.12511e-06
-2.94949 0.848485 1.21429e-06
-2.94949 0.929293 1.29794e-06
-2.94949 1.0101 1.37576e-06
-2.94949 1.09091 1.44746e-06
-2.94949 1.17172 1.5128e-06
-2.94949 1.25253 1.57154e-06
-2.94949 1.33333 1.6235e-06
-2.94949 1.41414 1.66849e-06
-2.94949 1.49495 1.70637e-06
-2.94949 1.57576 1.73704e-06
-2.94949 1.65657 1.76041e-06
-2.94949 1.73737 1.77641e-06
-2.94949 1.81818 1.78504e-06
-2.94949 1.89899 1.78629e-06
-2.94949 1.9798 1.7802e-06
-2.94949 2.06061 1.76682e-06
-2.94949 2.14141 1.74626e-06
-2.94949 2.22222 1.71862e-06
-2.94949 2.30303 1.68407e-06
-2.94949 2.38384 1.64276e-06
-2.94949 2.46465 1.5949e-06
-2.94949 2.54545 1.54072e-06
-2.94949 2.62626 1.48045e-06
-2.94949 2.70707 1.41438e-06
-2.94949 2.78788 1.3428e-06
-2.94949 2.86869 1.26601e-06
-2.94949 2.94949 1.18435e-06
-2.94949 3.0303 1.09817e-06
-2.94949 3.11111 1.00783e-06
-2.94949 3.19192 9.13717e-07
-2.94949 3.27273 8.16213e-07
-2.94949 3.35354 7.15725e-07
-2.94949 3.43434 6.12666e-07
-2.94949 3.51515 5.07456e-07
-2.94949 3.59596 4.00521e-07
-2.94949 3.67677 2.92292e-07
-2.94949 3.75758 1.83201e-07
-2.94949 3.83838 7.36833e-08
-2.94949 3.91919 -3.5829e-08
-2.94949 4 0
-2.86869 -4 0
-2.86869 -3.91919 -3.61974e-07
-2.86869 -3.83838 -5.11155e-07
-2.86869 -3.75758 -6.57371e-07
-2.86869 -3.67677 -8.00072e-07
-2.86869 -3.59596 -9.38727e-07
-2.86869 -3.51515 -1.07282e-06
-2.86869 -3.43434 -1.20187e-06
-2.86869 -3.35354 -1.32539e-06
-2.86869 -3.27273 -1.44293e-06
-2.86869 -3.19192 -1.55408e-06
-2.86869 -3.11111 -1.65844e-06
-2.86869 -3.0303 -1.75563e-06
-2.86869 -2.94949 -1.84533e-06
-2.86869 -2.86869 -1.92722e-06
-2.86869 -2.78788 -2.00103e-06
-2.86869 -2.70707 -2.06652e-06
-2.86869 -2.62626 -2.12347e-06
-2.86869 -2.54545 -2.17172e-06
-2.86869 -2.46465 -2.21112e-06
-2.86869 -2.38384 -2.24157e-06
-2.86869 -2.30303 -2.26301e-06
-2.86869 -2.22222 -2.27539e-06
-2.86869 -2.14141 -2.27873e-06
-2.86869 -2.06061 -2.27306e-06
-2.86869 -1.9798 -2.25846e-06
-2.86869 -1.89899 -2.23503e-06
-2.86869 -1.81818 -2.20292e-06
-2.86869 -1.73737 -2.16231e-06
-2.86869 -1.65657 -2.11341e-06
-2.86869 -1.57576 -2.05644e-06
-2.86869 -1.49495 -1.9917e-06
-2.86869 -1.41414 -1.91948e-06
-2.86869 -1.33333 -1.8401e-06
-2.86869 -1.25253 -1.75393e-06
-2.86869 -1.17172 -1.66134e-06
-2.86869 -1.09091 -1.56273e-06
-2.86869 -1.0101 -1.45855e-06
-2.86869 -0.929293 -1.34922e-06
-2.86869 -0.848485 -1.23521e-06
-2.86869 -0.767677 -1.117e-06
-2.86869 -0.686869 -9.95093e-07
-2.86869 -0.606061 -8.69986e-07
-2.86869 -0.525253 -7.42196e-07
-2.86869 -0.444444 -6.12249e-07
-2.86869 -0.363636 -4.80672e-07
-2.86869 -0.282828 -3.48001e-07
-2.86869 -0.20202 -2.14769e-07
-2.86869 -0.121212 -8.15119e-08
-2.86869 -0.040404 5.12397e-08
-2.86869 0.040404 1.82959e-07
-2.86869 0.121212 3.13125e-07
-2.86869 0.20202 4.41228e-07
-2.86869 0.282828 5.66766e-07
-2.86869 0.363636 6.89254e-07
-2.86869 0.444444 8.08217e-07
-2.86869 0.525253 9.232e-07
-2.86869 0.606061 1.03376e-06
-2.86869 0.686869 1.13949e-06
-2.86869 0.767677 1.23999e-06
-2.86869 0.848485 1.33488e-06
-2.86869 0.929293 1.42381e-06
-2.86869 1.0101 1.50646e-06
-2.86869 1.09091 1.58253e-06
-2.86869 1.17172 1.65176e-06
-2.86869 1.25253 1.71389e-06
-2.86869 1.33333 1.76873e-06
-2.86869 1.41414 1.81608e-06
-2.86869 1.49495 1.8558e-06
-2.86869 1.57576 1.88777e-06
-2.86869 1.65657 1.91189e-06
-2.86869 1.73737 1.92812e-06
-2.86869 1.81818 1.93642e-06
-2.86869 1.89899 1.93681e-06
-2.86869 1.9798 1.92931e-06
-2.86869 2.06061 1.914e-06
-2.86869 2.14141 1.89099e-06
-2.86869 2.22222 1.86039e-06
-2.86869 2.30303 1.82237e-06
-2.86869 2.38384 1.77711e-06
-2.86869 2.46465 1.72483e-06
-2.86869 2.54545 1.66577e-06
-2.86869 2.62626 1.60019e-06
-2.86869 2.70707 1.5284e-06
-2.86869 2.78788 1.4507e-06
-2.86869 2.86869 1.36743e-06
-2.86869 2.94949 1.27894e-06
-2.86869 3.0303 1.18561e-06
-2.86869 3.11111 1.08784e-06
-2.86869 3.19192 9.86018e-07
-2.86869 3.27273 8.80579e-07
-2.86869 3.35354 7.71952e-07
-2.86869 3.43434 6.60579e-07
-2.86869 3.51515 5.46911e-07
-2.86869 3.59596 4.31406e-07
-2.86869 3.67677 3.14526e-07
-2.86869 3.75758 1.96734e-07
-2.86869 3.83838 7.8496e-08
-2.86869 3.91919 -3.97234e-08
-2.86869 4 0
-2.78788 -4 0
-2.78788 -3.91919 -3.8413e-07
-2.78788 -3.83838 -5.41775e-07
-2.78788 -3.75758 -6.96259e-07
-2.78788 -3.67677 -8.47e-07
-2.78788 -3.59596 -9.93432e-07
-2.78788 -3.51515 -1.13501e-06
-2.78788 -3.43434 -1.2712e-06
-2.78788 -3.35354 -1.40152e-06
-2.78788 -3.27273 -1.52547e-06
-2.78788 -3.19192 -1.64262e-06
-2.78788 -3.11111 -1.75254e-06
-2.78788 -3.0303 -1.85484e-06
-2.78788 -2.94949 -1.94916e-06
-2.78788 -2.86869 -2.03517e-06
-2.78788 -2.78788 -2.11258e-06
-2.78788 -2.70707 -2.18115e-06
-2.78788 -2.62626 -2.24063e-06
-2.78788 -2.54545 -2.29086e-06
-2.78788 -2.46465 -2.33168e-06
-2.78788 -2.38384 -2.36299e-06
-2.78788 -2.30303 -2.38471e-06
-2.78788 -2.22222 -2.39681e-06
-2.78788 -2.14141 -2.3993e-06
-2.78788 -2.06061 -2.39222e-06
-2.78788 -1.9798 -2.37565e-06
-2.78788 -1.89899 -2.3497e-06
-2.78788 -1.81818 -2.31454e-06
-2.78788 -1.73737 -2.27035e-06
-2.78788 -1.65657 -2.21735e-06
-2.78788 -1.57576 -2.15581e-06
-2.78788 -1.49495 -2.08601e-06
-2.78788 -1.41414 -2.00828e-06
-2.78788 -1.33333 -1.92297e-06
-2.78788 -1.25253 -1.83046e-06
-2.78788 -1.17172 -1.73115e-06
-2.78788 -1.09091 -1.62548e-06
-2.78788 -1.0101 -1.5139e-06
-2.78788 -0.929293 -1.39689e-06
-2.78788 -0.848485 -1.27495e-06
-2.78788 -0.767677 -1.14857e-06
-2.78788 -0.686869 -1.0183e-06
-2.78788 -0.606061 -8.84667e-07
-2.78788 -0.525253 -7.48227e-07
-2.78788 -0.444444 -6.09536e-07
-2.78788 -0.363636 -4.69161e-07
-2.78788 -0.282828 -3.2767e-07
-2.78788 -0.20202 -1.85633e-07
-2.78788 -0.121212 -4.36186e-08
-2.78788 -0.040404 9.78054e-08
-2.78788 0.040404 2.38078e-07
-2.78788 0.121212 3.76645e-07
-2.78788 0.20202 5.12963e-07
-2.78788 0.282828 6.46498e-07
-2.78788 0.363636 7.76732e-07
-2.78788 0.444444 9.03162e-07
-2.78788 0.525253 1.0253e-06
-2.78788 0.606061 1.14268e-06
-2.78788 0.686869 1.25487e-06
-2.78788 0.767677 1.36143e-06
-2.78788 0.848485 1.46197e-06
-2.78788 0.929293 1.55612e-06
-2.78788 1.0101 1.64353e-06
-2.78788 1.09091 1.72389e-06
-2.78788 1.17172 1.79691e-06
-2.78788 1.25253 1.86234e-06
-2.78788 1.33333 1.91995e-06
-2.78788 1.41414 1.96955e-06
-2.78788 1.49495 2.01098e-06
-2.78788 1.57576 2.04412e-06
-2.78788 1.65657 2.06887e-06
-2.78788 1.73737 2.08517e-06
-2.78788 1.81818 2.093e-06
-2.78788 1.89899 2.09236e-06
-2.78788 1.9798 2.08331e-06
-2.78788 2.06061 2.0659e-06
-2.78788 2.14141 2.04026e-06
-2.78788 2.22222 2.00652e-06
-2.78788 2.30303 1.96485e-06
-2.78788 2.38384 1.91545e-06
-2.78788 2.46465 1.85855e-06
-2.78788 2.54545 1.79442e-06
-2.78788 2.62626 1.72333e-06
-2.78788 2.70707 1.64561e-06
-2.78788 2.78788 1.56158e-06
-2.78788 2.86869 1.47162e-06
-2.78788 2.94949 1.37609e-06
-2.78788 3.0303 1.2754e-06
-2.78788 3.11111 1.16996e-06
-2.78788 3.19192 1.06023e-06
-2.78788 3.27273 9.46631e-07
-2.78788 3.35354 8.29642e-07
-2.78788 3.43434 7.09733e-07
-2.78788 3.51515 5.87386e-07
-2.78788 3.59596 4.63088e-07
-2.78788 3.67677 3.37334e-07
-2.78788 3.75758 2.10619e-07
-2.78788 3.83838 8.34415e-08
-2.78788 3.91919 -4.37035e-08
-2.78788 4 0
-2.70707 -4 0
-2.70707 -3.91919 -4.05868e-07
-2.70707 -3.83838 -5.71805e-07
-2.70707 -3.75758 -7.34386e-07
-2.70707 -3.67677 -8.92995e-07
-2.70707 -3.59596 -1.04703e-06
-2.70707 -3.51515 -1.19592e-06
-2.70707 -3.43434 -1.3391e-06
-2.70707 -3.35354 -1.47603e-06
-2.70707 -3.27273 -1.60623e-06
-2.70707 -3.19192 -1.7292e-06
-2.70707 -3.11111 -1.84451e-06
-2.70707 -3.0303 -1.95174e-06
-2.70707 -2.94949 -2.05051e-06
-2.70707 -2.86869 -2.14047e-06
-2.70707 -2.78788 -2.22133e-06
-2.70707 -2.70707 -2.29279e-06
-2.70707 -2.62626 -2.35465e-06
-2.70707 -2.54545 -2.40669e-06
-2.70707 -2.46465 -2.44876e-06
-2.70707 -2.38384 -2.48076e-06
-2.70707 -2.30303 -2.5026e-06
-2.70707 -2.22222 -2.51426e-06
-2.70707 -2.14141 -2.51573e-06
-2.70707 -2.06061 -2.50708e-06
-2.70707 -1.9798 -2.48838e-06
-2.70707 -1.89899 -2.45976e-06
-2.70707 -1.81818 -2.42139e-06
-2.70707 -1.73737 -2.37347e-06
-2.70707 -1.65657 -2.31624e-06
-2.70707 -1.57576 -2.24997e-06
-2.70707 -1.49495 -2.17498e-06
-2.70707 -1.41414 -2.09161e-06
-2.70707 -1.33333 -2.00023e-06
-2.70707 -1.25253 -1.90125e-06
-2.70707 -1.17172 -1.79511e-06
-2.70707 -1.09091 -1.68225e-06
-2.70707 -1.0101 -1.56317e-06
-2.70707 -0.929293 -1.43837e-06
-2.70707 -0.848485 -1.30838e-06
-2.70707 -0.767677 -1.17375e-06
-2.70707 -0.686869 -1.03502e-06
-2.70707 -0.606061 -8.92782e-07
-2.70707 -0.525253 -7.47615e-07
-2.70707 -0.444444 -6.00113e-07
-2.70707 -0.363636 -4.50876e-07
-2.70707 -0.282828 -3.0051e-07
-2.70707 -0.20202 -1.49619e-07
-2.70707 -0.121212 1.1922e-09
-2.70707 -0.040404 1.51321e-07
-2.70707 0.040404 3.00172e-07
-2.70707 0.121212 4.47157e-07
-2.70707 0.20202 5.91698e-07
-2.70707 0.282828 7.3323e-07
-2.70707 0.363636 8.71202e-07
-2.70707 0.444444 1.00508e-06
-2.70707 0.525253 1.13435e-06
-2.70707 0.606061 1.25852e-06
-2.70707 0.686869 1.37711e-06
-2.70707 0.767677 1.48969e-06
-2.70707 0.848485 1.59582e-06
-2.70707 0.929293 1.69512e-06
-2.70707 1.0101 1.78721e-06
-2.70707 1.09091 1.87178e-06
-2.70707 1.17172 1.9485e-06
-2.70707 1.25253 2.01713e-06
-2.70707 1.33333 2.0774e-06
-2.70707 1.41414 2.12914e-06
-2.70707 1.49495 2.17216e-06
-2.70707 1.57576 2.20633e-06
-2.70707 1.65657 2.23156e-06
-2.70707 1.73737 2.24779e-06
-2.70707 1.81818 2.25499e-06
-2.70707 1.89899 2.25318e-06
-2.70707 1.9798 2.24239e-06
-2.70707 2.06061 2.22271e-06
-2.70707 2.14141 2.19426e-06
-2.70707 2.22222 2.15719e-06
-2.70707 2.30303 2.11168e-06
-2.70707 2.38384 2.05794e-06
-2.70707 2.46465 1.99623e-06
-2.70707 2.54545 1.92682e-06
-2.70707 2.62626 1.85001e-06
-2.70707 2.70707 1.76615e-06
-2.70707 2.78788 1.67558e-06
-2.70707 2.86869 1.57869e-06
-2.70707 2.94949 1.4759e-06
-2.70707 3.0303 1.36762e-06
-2.70707 3.11111 1.2543e-06
-2.70707 3.19192 1.13642e-06
-2.70707 3.27273 1.01444e-06
-2.70707 3.35354 8.88855e-07
-2.70707 3.43434 7.60178e-07
-2.70707 3.51515 6.28918e-07
-2.70707 3.59596 4.95596e-07
-2.70707 3.67677 3.60737e-07
-2.70707 3.75758 2.2487e-07
-2.70707 3.83838 8.85226e-08
-2.70707 3.91919 -4.77758e-08
-2.70707 4 0
-2.62626 -4 0
-2.62626 -3.91919 -4.27175e-07
-2.62626 -3.83838 -6.01227e-07
-2.62626 -3.75758 -7.7173e-07
-2.62626 -3.67677 -9.38031e-07
-2.62626 -3.59596 -1.0995e-06
-2.62626 -3.51515 -1.25551e-06
-2.62626 -3.43434 -1.4055e-06
-2.62626 -3.35354 -1.54888e-06
-2.62626 -3.27273 -1.68514e-06
-2.62626 -3.19192 -1.81376e-06
-2.62626 -3.11111 -1.93429e-06
-2.62626 -3.0303 -2.04627e-06
-2.62626 -2.94949 -2.14931e-06
-2.62626 -2.86869 -2.24306e-06
-2.62626 -2.78788 -2.32717e-06
-2.62626 -2.70707 -2.40137e-06
-2.62626 -2.62626 -2.46541e-06
-2.62626 -2.54545 -2.51909e-06
-2.62626 -2.46465 -2.56225e-06
-2.62626 -2.38384 -2.59476e-06
-2.62626 -2.30303 -2.61656e-06
-2.62626 -2.22222 -2.6276e-06
-2.62626 -2.14141 -2.6279e-06
-2.62626 -2.06061 -2.61751e-06
-2.62626 -1.9798 -2.59652e-06
-2.62626 -1.89899 -2.56507e-06
-2.62626 -1.81818 -2.52333e-06
-2.62626 -1.73737 -2.47152e-06
-2.62626 -1.65657 -2.4099e-06
-2.62626 -1.57576 -2.33877e-06
-2.62626 -1.49495 -2.25844e-06
-2.62626 -1.41414 -2.16929e-06
-2.62626 -1.33333 -2.07171e-06
-2.62626 -1.25253 -1.96613e-06
-2.62626 -1.17172 -1.85302e-06
-2.62626 -1.09091 -1.73286e-06
-2.62626 -1.0101 -1.60616e-06
-2.62626 -0.929293 -1.47346e-06
-2.62626 -0.848485 -1.33532e-06
-2.62626 -0.767677 -1.19232e-06
-2.62626 -0.686869 -1.04505e-06
-2.62626 -0.606061 -8.94118e-07
-2.62626 -0.525253 -7.40143e-07
-2.62626 -0.444444 -5.83757e-07
-2.62626 -0.363636 -4.25594e-07
-2.62626 -0.282828 -2.66294e-07
-2.62626 -0.20202 -1.06499e-07
-2.62626 -0.121212 5.31515e-08
-2.62626 -0.040404 2.1202e-07
-2.62626 0.040404 3.69475e-07
-2.62626 0.121212 5.24895e-07
-2.62626 0.20202 6.77669e-07
-2.62626 0.282828 8.27198e-07
-2.62626 0.363636 9.72901e-07
-2.62626 0.444444 1.11421e-06
-2.62626 0.525253 1.25059e-06
-2.62626 0.606061 1.38151e-06
-2.62626 0.686869 1.50647e-06
-2.62626 0.767677 1.62501e-06
-2.62626 0.848485 1.73667e-06
-2.62626 0.929293 1.84105e-06
-2.62626 1.0101 1.93775e-06
-2.62626 1.09091 2.02643e-06
-2.62626 1.17172 2.10677e-06
-2.62626 1.25253 2.17847e-06
-2.62626 1.33333 2.2413e-06
-2.62626 1.41414 2.29505e-06
-2.62626 1.49495 2.33952e-06
-2.62626 1.57576 2.3746e-06
-2.62626 1.65657 2.40017e-06
-2.62626 1.73737 2.41617e-06
-2.62626 1.81818 2.42259e-06
-2.62626 1.89899 2.41942e-06
-2.62626 1.9798 2.40673e-06
-2.62626 2.06061 2.38461e-06
-2.62626 2.14141 2.35316e-06
-2.62626 2.22222 2.31257e-06
-2.62626 2.30303 2.26302e-06
-2.62626 2.38384 2.20474e-06
-2.62626 2.46465 2.13801e-06
-2.62626 2.54545 2.0631e-06
-2.62626 2.62626 1.98036e-06
-2.62626 2.70707 1.89013e-06
-2.62626 2.78788 1.79279e-06
-2.62626 2.86869 1.68876e-06
-2.62626 2.94949 1.57847e-06
-2.62626 3.0303 1.46237e-06
-2.62626 3.11111 1.34094e-06
-2.62626 3.19192 1.21466e-06
-2.62626 3.27273 1.08406e-06
-2.62626 3.35354 9.49644e-07
-2.62626 3.43434 8.11959e-07
-2.62626 3.51515 6.71547e-07
-2.62626 3.59596 5.28959e-07
-2.62626 3.67677 3.84756e-07
-2.62626 3.75758 2.39496e-07
-2.62626 3.83838 9.37416e-08
-2.62626 3.91919 -5.19466e-08
-2.62626 4 0
-2.54545 -4 0
-2.54545 -3.91919 -4.4804e-07
-2.54545 -3.83838 -6.30026e-07
-2.54545 -3.75758 -8.08269e-07
-2.54545 -3.67677 -9.82081e-07
-2.54545 -3.59596 -1.15079e-06
-2.54545 -3.51515 -1.31376e-06
-2.54545 -3.43434 -1.47037e-06
-2.54545 -3.35354 -1.62002e-06
-2.54545 -3.27273 -1.76216e-06
-2.54545 -3.19192 -1.89626e-06
-2.54545 -3.11111 -2.02181e-06
-2.54545 -3.0303 -2.13837e-06
-2.54545 -2.94949 -2.24551e-06
-2.54545 -2.86869 -2.34284e-06
-2.54545 -2.78788 -2.43004e-06
-2.54545 -2.70707 -2.50679e-06
-2.54545 -2.62626 -2.57285e-06
-2.54545 -2.54545 -2.62799e-06
-2.54545 -2.46465 -2.67205e-06
-2.54545 -2.38384 -2.7049e-06
-2.54545 -2.30303 -2.72648e-06
-2.54545 -2.22222 -2.73673e-06
-2.54545 -2.14141 -2.73568e-06
-2.54545 -2.06061 -2.72338e-06
-2.54545 -1.9798 -2.69994e-06
-2.54545 -1.89899 -2.66549e-06
-2.54545 -1.81818 -2.62022e-06
-2.54545 -1.73737 -2.56437e-06
-2.54545 -1.65657 -2.49821e-06
-2.54545 -1.57576 -2.42205e-06
-2.54545 -1.49495 -2.33623e-06
-2.54545 -1.41414 -2.24116e-06
-2.54545 -1.33333 -2.13723e-06
-2.54545 -1.25253 -2.02492e-06
-2.54545 -1.17172 -1.90471e-06
-2.54545 -1.09091 -1.77712e-06
-2.54545 -1.0101 -1.64268e-06
-2.54545 -0.929293 -1.50197e-06
-2.54545 -0.848485 -1.35557e-06
-2.54545 -0.767677 -1.20411e-06
-2.54545 -0.686869 -1.04819e-06
-2.54545 -0.606061 -8.88477e-07
-2.54545 -0.525253 -7.25613e-07
-2.54545 -0.444444 -5.60267e-07
-2.54545 -0.363636 -3.93109e-07
-2.54545 -0.282828 -2.24816e-07
-2.54545 -0.20202 -5.6064e-08
-2.54545 -0.121212 1.1247e-07
-2.54545 -0.040404 2.80113e-07
-2.54545 0.040404 4.462e-07
-2.54545 0.121212 6.10075e-07
-2.54545 0.20202 7.71092e-07
-2.54545 0.282828 9.2862e-07
-2.54545 0.363636 1.08205e-06
-2.54545 0.444444 1.23077e-06
-2.54545 0.525253 1.37423e-06
-2.54545 0.606061 1.51187e-06
-2.54545 0.686869 1.64316e-06
-2.54545 0.767677 1.7676e-06
-2.54545 0.848485 1.88473e-06
-2.54545 0.929293 1.99411e-06
-2.54545 1.0101 2.09534e-06
-2.54545 1.09091 2.18805e-06
-2.54545 1.17172 2.2719e-06
-2.54545 1.25253 2.34658e-06
-2.54545 1.33333 2.41185e-06
-2.54545 1.41414 2.46748e-06
-2.54545 1.49495 2.51328e-06
-2.54545 1.57576 2.54912e-06
-2.54545 1.65657 2.57488e-06
-2.54545 1.73737 2.5905e-06
-2.54545 1.81818 2.59596e-06
-2.54545 1.89899 2.59128e-06
-2.54545 1.9798 2.57651e-06
-2.54545 2.06061 2.55174e-06
-2.54545 2.14141 2.51711e-06
-2.54545 2.22222 2.4728e-06
-2.54545 2.30303 2.41901e-06
-2.54545 2.38384 2.35598e-06
-2.54545 2.46465 2.28401e-06
-2.54545 2.54545 2.20339e-06
-2.54545 2.62626 2.11448e-06
-2.54545 2.70707 2.01766e-06
-2.54545 2.78788 1.91333e-06
-2.54545 2.86869 1.80192e-06
-2.54545 2.94949 1.68389e-06
-2.54545 3.0303 1.55973e-06
-2.54545 3.11111 1.42993e-06
-2.54545 3.19192 1.29503e-06
-2.54545 3.27273 1.15555e-06
-2.54545 3.35354 1.01206e-06
-2.54545 3.43434 8.65116e-07
-2.54545 3.51515 7.15302e-07
-2.54545 3.59596 5.63202e-07
-2.54545 3.67677 4.09406e-07
-2.54545 3.75758 2.54507e-07
-2.54545 3.83838 9.91003e-08
-2.54545 3.91919 -5.62216e-08
-2.54545 4 0
-2.46465 -4 0
-2.46465 -3.91919 -4.68451e-07
-2.46465 -3.83838 -6.58186e-07
-2.46465 -3.75758 -8.43984e-07
-2.46465 -3.67677 -1.02512e-06
-2.46465 -3.59596 -1.2009e-06
-2.46465 -3.51515 -1.37063e-06
-2.46465 -3.43434 -1.53368e-06
-2.46465 -3.35354 -1.68941e-06
-2.46465 -3.27273 -1.83725e-06
-2.46465 -3.19192 -1.97663e-06
-2.46465 -3.11111 -2.10703e-06
-2.46465 -3.0303 -2.22798e-06
-2.46465 -2.94949 -2.33902e-06
-2.46465 -2.86869 -2.43977e-06
-2.46465 -2.78788 -2.52986e-06
-2.46465 -2.70707 -2.60898e-06
-2.46465 -2.62626 -2.67687e-06
-2.46465 -2.54545 -2.73329e-06
-2.46465 -2.46465 -2.77807e-06
-2.46465 -2.38384 -2.81109e-06
-2.46465 -2.30303 -2.83226e-06
-2.46465 -2.22222 -2.84155e-06
-2.46465 -2.14141 -2.83898e-06
-2.46465 -2.06061 -2.8246e-06
-2.46465 -1.9798 -2.79852e-06
-2.46465 -1.89899 -2.7609e-06
-2.46465 -1.81818 -2.71195e-06
-2.46465 -1.73737 -2.65189e-06
-2.46465 -1.65657 -2.58103e-06
-2.46465 -1.57576 -2.49968e-06
-2.46465 -1.49495 -2.40823e-06
-2.46465 -1.41414 -2.30707e-06
-2.46465 -1.33333 -2.19666e-06
-2.46465 -1.25253 -2.07748e-06
-2.46465 -1.17172 -1.95004e-06
-2.46465 -1.09091 -1.81488e-06
-2.46465 -1.0101 -1.67258e-06
-2.46465 -0.929293 -1.52373e-06
-2.46465 -0.848485 -1.36897e-06
-2.46465 -0.767677 -1.20893e-06
-2.46465 -0.686869 -1.04427e-06
-2.46465 -0.606061 -8.75683e-07
-2.46465 -0.525253 -7.03845e-07
-2.46465 -0.444444 -5.29461e-07
-2.46465 -0.363636 -3.53238e-07
-2.46465 -0.282828 -1.75889e-07
-2.46465 -0.20202 1.87296e-09
-2.46465 -0.121212 1.79336e-07
-2.46465 -0.040404 3.55792e-07
-2.46465 0.040404 5.3054e-07
-2.46465 0.121212 7.02888e-07
-2.46465 0.20202 8.72159e-07
-2.46465 0.282828 1.03769e-06
-2.46465 0.363636 1.19883e-06
-2.46465 0.444444 1.35496e-06
-2.46465 0.525253 1.50547e-06
-2.46465 0.606061 1.64979e-06
-2.46465 0.686869 1.78735e-06
-2.46465 0.767677 1.91765e-06
-2.46465 0.848485 2.04019e-06
-2.46465 0.929293 2.15451e-06
-2.46465 1.0101 2.26018e-06
-2.46465 1.09091 2.35682e-06
-2.46465 1.17172 2.44408e-06
-2.46465 1.25253 2.52163e-06
-2.46465 1.33333 2.58922e-06
-2.46465 1.41414 2.64661e-06
-2.46465 1.49495 2.6936e-06
-2.46465 1.57576 2.73005e-06
-2.46465 1.65657 2.75585e-06
-2.46465 1.73737 2.77093e-06
-2.46465 1.81818 2.77527e-06
-2.46465 1.89899 2.76889e-06
-2.46465 1.9798 2.75185e-06
-2.46465 2.06061 2.72426e-06
-2.46465 2.14141 2.68625e-06
-2.46465 2.22222 2.63801e-06
-2.46465 2.30303 2.57977e-06
-2.46465 2.38384 2.51178e-06
-2.46465 2.46465 2.43434e-06
-2.46465 2.54545 2.34779e-06
-2.46465 2.62626 2.25249e-06
-2.46465 2.70707 2.14884e-06
-2.46465 2.78788 2.03727e-06
-2.46465 2.86869 1.91824e-06
-2.46465 2.94949 1.79223e-06
-2.46465 3.0303 1.65976e-06
-2.46465 3.11111 1.52135e-06
-2.46465 3.19192 1.37756e-06
-2.46465 3.27273 1.22896e-06
-2.46465 3.35354 1.07614e-06
-2.46465 3.43434 9.19683e-07
-2.46465 3.51515 7.60214e-07
-2.46465 3.59596 5.98346e-07
-2.46465 3.67677 4.34703e-07
-2.46465 3.75758 2.69912e-07
-2.46465 3.83838 1.046e-07
-2.46465 3.91919 -6.0606e-08
-2.46465 4 0
-2.38384 -4 0
-2.38384 -3.91919 -4.88397e-07
-2.38384 -3.83838 -6.85693e-07
-2.38384 -3.75758 -8.78857e-07
-2.38384 -3.67677 -1.06713e-06
-2.38384 -3.59596 -1.24978e-06
-2.38384 -3.51515 -1.42609e-06
-2.38384 -3.43434 -1.59539e-06
-2.38384 -3.35354 -1.75702e-06
-2.38384 -3.27273 -1.91036e-06
-2.38384 -3.19192 -2.05483e-06
-2.38384 -3.11111 -2.18989e-06
-2.38384 -3.0303 -2.31504e-06
-2.38384 -2.94949 -2.4298e-06
-2.38384 -2.86869 -2.53378e-06
-2.38384 -2.78788 -2.62658e-06
-2.38384 -2.70707 -2.70788e-06
-2.38384 -2.62626 -2.7774e-06
-2.38384 -2.54545 -2.83491e-06
-2.38384 -2.46465 -2.88024e-06
-2.38384 -2.38384 -2.91323e-06
-2.38384 -2.30303 -2.93382e-06
-2.38384 -2.22222 -2.94196e-06
-2.38384 -2.14141 -2.93768e-06
-2.38384 -2.06061 -2.92105e-06
-2.38384 -1.9798 -2.89217e-06
-2.38384 -1.89899 -2.85121e-06
-2.38384 -1.81818 -2.79839e-06
-2.38384 -1.73737 -2.73396e-06
-2.38384 -1.65657 -2.65822e-06
-2.38384 -1.57576 -2.57154e-06
-2.38384 -1.49495 -2.47429e-06
-2.38384 -1.41414 -2.36691e-06
-2.38384 -1.33333 -2.24986e-06
-2.38384 -1.25253 -2.12366e-06
-2.38384 -1.17172 -1.98885e-06
-2.38384 -1.09091 -1.84599e-06
-2.38384 -1.0101 -1.6957e-06
-2.38384 -0.929293 -1.53861e-06
-2.38384 -0.848485 -1.37536e-06
-2.38384 -0.767677 -1.20664e-06
-2.38384 -0.686869 -1.03314e-06
-2.38384 -0.606061 -8.55578e-07
-2.38384 -0.525253 -6.74678e-07
-2.38384 -0.444444 -4.91176e-07
-2.38384 -0.363636 -3.05817e-07
-2.38384 -0.282828 -1.19349e-07
-2.38384 -0.20202 6.74788e-08
-2.38384 -0.121212 2.53918e-07
-2.38384 -0.040404 4.39224e-07
-2.38384 0.040404 6.22662e-07
-2.38384 0.121212 8.03506e-07
-2.38384 0.20202 9.81042e-07
-2.38384 0.282828 1.15457e-06
-2.38384 0.363636 1.32342e-06
-2.38384 0.444444 1.48693e-06
-2.38384 0.525253 1.64447e-06
-2.38384 0.606061 1.79543e-06
-2.38384 0.686869 1.93924e-06
-2.38384 0.767677 2.07534e-06
-2.38384 0.848485 2.20321e-06
-2.38384 0.929293 2.32239e-06
-2.38384 1.0101 2.43242e-06
-2.38384 1.09091 2.5329e-06
-2.38384 1.17172 2.62347e-06
-2.38384 1.25253 2.70378e-06
-2.38384 1.33333 2.77357e-06
-2.38384 1.41414 2.83258e-06
-2.38384 1.49495 2.88063e-06
-2.38384 1.57576 2.91754e-06
-2.38384 1.65657 2.94322e-06
-2.38384 1.73737 2.95759e-06
-2.38384 1.81818 2.96064e-06
-2.38384 1.89899 2.95239e-06
-2.38384 1.9798 2.93289e-06
-2.38384 2.06061 2.90228e-06
-2.38384 2.14141 2.86069e-06
-2.38384 2.22222 2.80832e-06
-2.38384 2.30303 2.74541e-06
-2.38384 2.38384 2.67223e-06
-2.38384 2.46465 2.58911e-06
-2.38384 2.54545 2.49639e-06
-2.38384 2.62626 2.39446e-06
-2.38384 2.70707 2.28374e-06
-2.38384 2.78788 2.16469e-06
-2.38384 2.86869 2.03779e-06
-2.38384 2.94949 1.90356e-06
-2.38384 3.0303 1.76252e-06
-2.38384 3.11111 1.61525e-06
-2.38384 3.19192 1.46232e-06
-2.38384 3.27273 1.30434e-06
-2.38384 3.35354 1.14192e-06
-2.38384 3.43434 9.75692e-07
-2.38384 3.51515 8.06306e-07
-2.38384 3.59596 6.34409e-07
-2.38384 3.67677 4.60659e-07
-2.38384 3.75758 2.85716e-07
-2.38384 3.83838 1.10241e-07
-2.38384 3.91919 -6.5105e-08
-2.38384 4 0
-2.30303 -4 0
-2.30303 -3.91919 -5.07869e-07
-2.30303 -3.83838 -7.12532e-07
-2.30303 -3.75758 -9.12869e-07
-2.30303 -3.67677 -1.10809e-06
-2.30303 -3.59596 -1.29742e-06
-2.30303 -3.51515 -1.48011e-06
-2.30303 -3.43434 -1.65547e-06
-2.30303 -3.35354 -1.82279e-06
-2.30303 -3.27273 -1.98145e-06
-2.30303 -3.19192 -2.13082e-06
-2.30303 -3.11111 -2.27035e-06
-2.30303 -3.0303 -2.3995e-06
-2.30303 -2.94949 -2.5178e-06
-2.30303 -2.86869 -2.6248e-06
-2.30303 -2.78788 -2.72011e-06
-2.30303 -2.70707 -2.8034e-06
-2.30303 -2.62626 -2.87438e-06
-2.30303 -2.54545 -2.9328e-06
-2.30303 -2.46465 -2.97846e-06
-2.30303 -2.38384 -3.01125e-06
-2.30303 -2.30303 -3.03107e-06
-2.30303 -2.22222 -3.03788e-06
-2.30303 -2.14141 -3.03171e-06
-2.30303 -2.06061 -3.01264e-06
-2.30303 -1.9798 -2.98077e-06
-2.30303 -1.89899 -2.9363e-06
-2.30303 -1.81818 -2.87944e-06
-2.30303 -1.73737 -2.81047e-06
-2.30303 -1.65657 -2.7297e-06
-2.30303 -1.57576 -2.63751e-06
-2.30303 -1.49495 -2.5343e-06
-2.30303 -1.41414 -2.42054e-06
-2.30303 -1.33333 -2.29671e-06
-2.30303 -1.25253 -2.16335e-06
-2.30303 -1.17172 -2.02102e-06
-2.30303 -1.09091 -1.87034e-06
-2.30303 -1.0101 -1.71193e-06
-2.30303 -0.929293 -1.54645e-06
-2.30303 -0.848485 -1.3746e-06
-2.30303 -0.767677 -1.19709e-06
-2.30303 -0.686869 -1.01465e-06
-2.30303 -0.606061 -8.28021e-07
-2.30303 -0.525253 -6.37971e-07
-2.30303 -0.444444 -4.45272e-07
-2.30303 -0.363636 -2.50704e-07
-2.30303 -0.282828 -5.50512e-08
-2.30303 -0.20202 1.40899e-07
-2.30303 -0.121212 3.36361e-07
-2.30303 -0.040404 5.30558e-07
-2.30303 0.040404 7.22715e-07
-2.30303 0.121212 9.12074e-07
-2.30303 0.20202 1.09789e-06
-2.30303 0.282828 1.27942e-06
-2.30303 0.363636 1.45597e-06
-2.30303 0.444444 1.62685e-06
-2.30303 0.525253 1.79139e-06
-2.30303 0.606061 1.94896e-06
-2.30303 0.686869 2.09895e-06
-2.30303 0.767677 2.24079e-06
-2.30303 0.848485 2.37394e-06
-2.30303 0.929293 2.4979e-06
-2.30303 1.0101 2.61221e-06
-2.30303 1.09091 2.71643e-06
-2.30303 1.17172 2.8102e-06
-2.30303 1.25253 2.89316e-06
-2.30303 1.33333 2.96502e-06
-2.30303 1.41414 3.02553e-06
-2.30303 1.49495 3.07448e-06
-2.30303 1.57576 3.11171e-06
-2.30303 1.65657 3.13711e-06
-2.30303 1.73737 3.15061e-06
-2.30303 1.81818 3.15219e-06
-2.30303 1.89899 3.14187e-06
-2.30303 1.9798 3.11974e-06
-2.30303 2.06061 3.0859e-06
-2.30303 2.14141 3.04052e-06
-2.30303 2.22222 2.98381e-06
-2.30303 2.30303 2.91601e-06
-2.30303 2.38384 2.83743e-06
-2.30303 2.46465 2.74839e-06
-2.30303 2.54545 2.64927e-06
-2.30303 2.62626 2.54047e-06
-2.30303 2.70707 2.42245e-06
-2.30303 2.78788 2.29567e-06
-2.30303 2.86869 2.16065e-06
-2.30303 2.94949 2.01793e-06
-2.30303 3.0303 1.86807e-06
-2.30303 3.11111 1.71167e-06
-2.30303 3.19192 1.54934e-06
-2.30303 3.27273 1.38171e-06
-2.30303 3.35354 1.20943e-06
-2.30303 3.43434 1.03317e-06
-2.30303 3.51515 8.53598e-07
-2.30303 3.59596 6.71407e-07
-2.30303 3.67677 4.87284e-07
-2.30303 3.75758 3.01925e-07
-2.30303 3.83838 1.16025e-07
-2.30303 3.91919 -6.97229e-08
-2.30303 4 0
-2.22222 -4 0
-2.22222 -3.91919 -5.26858e-07
-2.22222 -3.83838 -7.38692e-07
-2.22222 -3.75758 -9.46006e-07
-2.22222 -3.67677 -1.14797e-06
-2.22222 -3.59596 -1.34378e-06
-2.22222 -3.51515 -1.53267e-06
-2.22222 -3.43434 -1.71388e-06
-2.22222 -3.35354 -1.88671e-06
-2.22222 -3.27273 -2.05048e-06
-2.22222 -3.19192 -2.20457e-06
-2.22222 -3.11111 -2.34836e-06
-2.22222 -3.0303 -2.48132e-06
-2.22222 -2.94949 -2.60295e-06
-2.22222 -2.86869 -2.71279e-06
-2.22222 -2.78788 -2.81042e-06
-2.22222 -2.70707 -2.89551e-06
-2.22222 -2.62626 -2.96774e-06
-2.22222 -2.54545 -3.02687e-06
-2.22222 -2.46465 -3.07269e-06
-2.22222 -2.38384 -3.10508e-06
-2.22222 -2.30303 -3.12393e-06
-2.22222 -2.22222 -3.12923e-06
-2.22222 -2.14141 -3.12099e-06
-2.22222 -2.06061 -3.09929e-06
-2.22222 -1.9798 -3.06426e-06
-2.22222 -1.89899 -3.01609e-06
-2.22222 -1.81818 -2.95502e-06
-2.22222 -1.73737 -2.88133e-06
-2.22222 -1.65657 -2.79536e-06
-2.22222 -1.57576 -2.6975e-06
-2.22222 -1.49495 -2.58817e-06
-2.22222 -1.41414 -2.46787e-06
-2.22222 -1.33333 -2.3371e-06
-2.22222 -1.25253 -2.19643e-06
-2.22222 -1.17172 -2.04645e-06
-2.22222 -1.09091 -1.8878e-06
-2.22222 -1.0101 -1.72114e-06
-2.22222 -0.929293 -1.54716e-06
-2.22222 -0.848485 -1.3666e-06
-2.22222 -0.767677 -1.18018e-06
-2.22222 -0.686869 -9.88687e-07
-2.22222 -0.606061 -7.92895e-07
-2.22222 -0.525253 -5.93605e-07
-2.22222 -0.444444 -3.91626e-07
-2.22222 -0.363636 -1.87775e-07
-2.22222 -0.282828 1.7127e-08
-2.22222 -0.20202 2.22256e-07
-2.22222 -0.121212 4.2679e-07
-2.22222 -0.040404 6.29915e-07
-2.22222 0.040404 8.30823e-07
-2.22222 0.121212 1.02872e-06
-2.22222 0.20202 1.22282e-06
-2.22222 0.282828 1.41236e-06
-2.22222 0.363636 1.5966e-06
-2.22222 0.444444 1.77483e-06
-2.22222 0.525253 1.94634e-06
-2.22222 0.606061 2.11048e-06
-2.22222 0.686869 2.26661e-06
-2.22222 0.767677 2.41413e-06
-2.22222 0.848485 2.55249e-06
-2.22222 0.929293 2.68116e-06
-2.22222 1.0101 2.79965e-06
-2.22222 1.09091 2.90753e-06
-2.22222 1.17172 3.00439e-06
-2.22222 1.25253 3.08987e-06
-2.22222 1.33333 3.16368e-06
-2.22222 1.41414 3.22555e-06
-2.22222 1.49495 3.27527e-06
-2.22222 1.57576 3.31266e-06
-2.22222 1.65657 3.33762e-06
-2.22222 1.73737 3.35007e-06
-2.22222 1.81818 3.35001e-06
-2.22222 1.89899 3.33744e-06
-2.22222 1.9798 3.31247e-06
-2.22222 2.06061 3.27521e-06
-2.22222 2.14141 3.22583e-06
-2.22222 2.22222 3.16456e-06
-2.22222 2.30303 3.09166e-06
-2.22222 2.38384 3.00744e-06
-2.22222 2.46465 2.91226e-06
-2.22222 2.54545 2.80649e-06
-2.22222 2.62626 2.69058e-06
-2.22222 2.70707 2.565e-06
-2.22222 2.78788 2.43024e-06
-2.22222 2.86869 2.28684e-06
-2.22222 2.94949 2.13538e-06
-2.22222 3.0303 1.97644e-06
-2.22222 3.11111 1.81064e-06
-2.22222 3.19192 1.63864e-06
-2.22222 3.27273 1.4611e-06
-2.22222 3.35354 1.27869e-06
-2.22222 3.43434 1.09213e-06
-2.22222 3.51515 9.02105e-07
-2.22222 3.59596 7.0935e-07
-2.22222 3.67677 5.14586e-07
-2.22222 3.75758 3.18543e-07
-2.22222 3.83838 1.21951e-07
-2.22222 3.91919 -7.44638e-08
-2.22222 4 0
-2.14141 -4 0
-2.14141 -3.91919 -5.45355e-07
-2.14141 -3.83838 -7.6416e-07
-2.14141 -3.75758 -9.78252e-07
-2.14141 -3.67677 -1.18677e-06
-2.14141 -3.59596 -1.38886e-06
-2.14141 -3.51515 -1.58374e-06
-2.14141 -3.43434 -1.77061e-06
-2.14141 -3.35354 -1.94874e-06
-2.14141 -3.27273 -2.11743e-06
-2.14141 -3.19192 -2.27602e-06
-2.14141 -3.11111 -2.42389e-06
-2.14141 -3.0303 -2.56046e-06
-2.14141 -2.94949 -2.68522e-06
-2.14141 -2.86869 -2.79769e-06
-2.14141 -2.78788 -2.89745e-06
-2.14141 -2.70707 -2.98414e-06
-2.14141 -2.62626 -3.05743e-06
-2.14141 -2.54545 -3.11707e-06
-2.14141 -2.46465 -3.16286e-06
-2.14141 -2.38384 -3.19464e-06
-2.14141 -2.30303 -3.21235e-06
-2.14141 -2.22222 -3.21594e-06
-2.14141 -2.14141 -3.20543e-06
-2.14141 -2.06061 -3.18093e-06
-2.14141 -1.9798 -3.14255e-06
-2.14141 -1.89899 -3.09051e-06
-2.14141 -1.81818 -3.02504e-06
-2.14141 -1.73737 -2.94646e-06
-2.14141 -1.65657 -2.85511e-06
-2.14141 -1.57576 -2.75141e-06
-2.14141 -1.49495 -2.63581e-06
-2.14141 -1.41414 -2.50881e-06
-2.14141 -1.33333 -2.37095e-06
-2.14141 -1.25253 -2.22282e-06
-2.14141 -1.17172 -2.06504e-06
-2.14141 -1.09091 -1.89828e-06
-2.14141 -1.0101 -1.72324e-06
-2.14141 -0.929293 -1.54064e-06
-2.14141 -0.848485 -1.35123e-06
-2.14141 -0.767677 -1.1558e-06
-2.14141 -0.686869 -9.55153e-07
-2.14141 -0.606061 -7.501e-07
-2.14141 -0.525253 -5.4148e-07
-2.14141 -0.444444 -3.30138e-07
-2.14141 -0.363636 -1.1693e-07
-2.14141 -0.282828 9.72871e-08
-2.14141 -0.20202 3.11652e-07
-2.14141 -0.121212 5.25306e-07
-2.14141 -0.040404 7.37399e-07
-2.14141 0.040404 9.47086e-07
-2.14141 0.121212 1.15354e-06
-2.14141 0.20202 1.35593e-06
-2.14141 0.282828 1.55348e-06
-2.14141 0.363636 1.74541e-06
-2.14141 0.444444 1.93096e-06
-2.14141 0.525253 2.10942e-06
-2.14141 0.606061 2.28009e-06
-2.14141 0.686869 2.44231e-06
-2.14141 0.767677 2.59547e-06
-2.14141 0.848485 2.73896e-06
-2.14141 0.929293 2.87226e-06
-2.14141 1.0101 2.99485e-06
-2.14141 1.09091 3.10627e-06
-2.14141 1.17172 3.20612e-06
-2.14141 1.25253 3.29401e-06
-2.14141 1.33333 3.36964e-06
-2.14141 1.41414 3.43273e-06
-2.14141 1.49495 3.48306e-06
-2.14141 1.57576 3.52047e-06
-2.14141 1.65657 3.54482e-06
-2.14141 1.73737 3.55606e-06
-2.14141 1.81818 3.55416e-06
-2.14141 1.89899 3.53917e-06
-2.14141 1.9798 3.51116e-06
-2.14141 2.06061 3.47027e-06
-2.14141 2.14141 3.41668e-06
-2.14141 2.22222 3.35064e-06
-2.14141 2.30303 3.27241e-06
-2.14141 2.38384 3.18232e-06
-2.14141 2.46465 3.08075e-06
-2.14141 2.54545 2.9681e-06
-2.14141 2.62626 2.84484e-06
-2.14141 2.70707 2.71144e-06
-2.14141 2.78788 2.56845e-06
-2.14141 2.86869 2.41641e-06
-2.14141 2.94949 2.25594e-06
-2.14141 3.0303 2.08766e-06
-2.14141 3.11111 1.91221e-06
-2.14141 3.19192 1.73027e-06
-2.14141 3.27273 1.54254e-06
-2.14141 3.35354 1.34973e-06
-2.14141 3.43434 1.15259e-06
-2.14141 3.51515 9.5184e-07
-2.14141 3.59596 7.48248e-07
-2.14141 3.67677 5.42571e-07
-2.14141 3.75758 3.35572e-07
-2.14141 3.83838 1.28018e-07
-2.14141 3.91919 -7.93314e-08
-2.14141 4 0
-2.06061 -4 0
-2.06061 -3.91919 -5.63352e-07
-2.06061 -3.83838 -7.88927e-07
-2.06061 -3.75758 -1.00959e-06
-2.06061 -3.67677 -1.22445e-06
-2.06061 -3.59596 -1.43264e-06
-2.06061 -3.51515 -1.6333e-06
-2.06061 -3.43434 -1.82563e-06
-2.06061 -3.35354 -2.00886e-06
-2.06061 -3.27273 -2.18227e-06
-2.06061 -3.19192 -2.34516e-06
-2.06061 -3.11111 -2.4969e-06
-2.06061 -3.0303 -2.63688e-06
-2.06061 -2.94949 -2.76457e-06
-2.06061 -2.86869 -2.87948e-06
-2.06061 -2.78788 -2.98116e-06
-2.06061 -2.70707 -3.06924e-06
-2.06061 -2.62626 -3.14339e-06
-2.06061 -2.54545 -3.20335e-06
-2.06061 -2.46465 -3.2489e-06
-2.06061 -2.38384 -3.2799e-06
-2.06061 -2.30303 -3.29626e-06
-2.06061 -2.22222 -3.29795e-06
-2.06061 -2.14141 -3.28499e-06
-2.06061 -2.06061 -3.25749e-06
-2.06061 -1.9798 -3.21558e-06
-2.06061 -1.89899 -3.15948e-06
-2.06061 -1.81818 -3.08944e-06
-2.06061 -1.73737 -3.00579e-06
-2.06061 -1.65657 -2.9089e-06
-2.06061 -1.57576 -2.79919e-06
-2.06061 -1.49495 -2.67715e-06
-2.06061 -1.41414 -2.54328e-06
-2.06061 -1.33333 -2.39818e-06
-2.06061 -1.25253 -2.24244e-06
-2.06061 -1.17172 -2.07672e-06
-2.06061 -1.09091 -1.90172e-06
-2.06061 -1.0101 -1.71816e-06
-2.06061 -0.929293 -1.5268e-06
-2.06061 -0.848485 -1.32844e-06
-2.06061 -0.767677 -1.12388e-06
-2.06061 -0.686869 -9.13968e-07
-2.06061 -0.606061 -6.99555e-07
-2.06061 -0.525253 -4.81515e-07
-2.06061 -0.444444 -2.60729e-07
-2.06061 -0.363636 -3.80888e-08
-2.06061 -0.282828 1.85508e-07
-2.06061 -0.20202 4.09166e-07
-2.06061 -0.121212 6.31988e-07
-2.06061 -0.040404 8.53087e-07
-2.06061 0.040404 1.07158e-06
-2.06061 0.121212 1.28661e-06
-2.06061 0.20202 1.49732e-06
-2.06061 0.282828 1.70287e-06
-2.06061 0.363636 1.90247e-06
-2.06061 0.444444 2.09534e-06
-2.06061 0.525253 2.28071e-06
-2.06061 0.606061 2.45787e-06
-2.06061 0.686869 2.62613e-06
-2.06061 0.767677 2.78485e-06
-2.06061 0.848485 2.93342e-06
-2.06061 0.929293 3.07126e-06
-2.06061 1.0101 3.19786e-06
-2.06061 1.09091 3.31273e-06
-2.06061 1.17172 3.41545e-06
-2.06061 1.25253 3.50564e-06
-2.06061 1.33333 3.58296e-06
-2.06061 1.41414 3.64713e-06
-2.06061 1.49495 3.69793e-06
-2.06061 1.57576 3.73519e-06
-2.06061 1.65657 3.75877e-06
-2.06061 1.73737 3.76862e-06
-2.06061 1.81818 3.76471e-06
-2.06061 1.89899 3.74709e-06
-2.06061 1.9798 3.71584e-06
-2.06061 2.06061 3.67112e-06
-2.06061 2.14141 3.61312e-06
-2.06061 2.22222 3.54207e-06
-2.06061 2.30303 3.45829e-06
-2.06061 2.38384 3.3621e-06
-2.06061 2.46465 3.25391e-06
-2.06061 2.54545 3.13413e-06
-2.06061 2.62626 3.00326e-06
-2.06061 2.70707 2.8618e-06
-2.06061 2.78788 2.71032e-06
-2.06061 2.86869 2.54939e-06
-2.06061 2.94949 2.37965e-06
-2.06061 3.0303 2.20175e-06
-2.06061 3.11111 2.01637e-06
-2.06061 3.19192 1.82422e-06
-2.06061 3.27273 1.62603e-06
-2.06061 3.35354 1.42256e-06
-2.06061 3.43434 1.21456e-06
-2.06061 3.51515 1.00281e-06
-2.06061 3.59596 7.88105e-07
-2.06061 3.67677 5.7124e-07
-2.06061 3.75758 3.53014e-07
-2.06061 3.83838 1.34225e-07
-2.06061 3.91919 -8.43286e-08
-2.06061 4 0
-1.9798 -4 0
-1.9798 -3.91919 -5.80843e-07
-1.9798 -3.83838 -8.12982e-07
-1.9798 -3.75758 -1.04002e-06
-1.9798 -3.67677 -1.26102e-06
-1.9798 -3.59596 -1.47508e-06
-1.9798 -3.51515 -1.68132e-06
-1.9798 -3.43434 -1.87891e-06
-1.9798 -3.35354 -2.06704e-06
-1.9798 -3.27273 -2.24496e-06
-1.9798 -3.19192 -2.41195e-06
-1.9798 -3.11111 -2.56735e-06
-1.9798 -3.0303 -2.71054e-06
-1.9798 -2.94949 -2.84096e-06
-1.9798 -2.86869 -2.9581e-06
-1.9798 -2.78788 -3.06151e-06
-1.9798 -2.70707 -3.15078e-06
-1.9798 -2.62626 -3.2256e-06
-1.9798 -2.54545 -3.28567e-06
-1.9798 -2.46465 -3.33079e-06
-1.9798 -2.38384 -3.3608e-06
-1.9798 -2.30303 -3.37562e-06
-1.9798 -2.22222 -3.37521e-06
-1.9798 -2.14141 -3.35962e-06
-1.9798 -2.06061 -3.32892e-06
-1.9798 -1.9798 -3.2833e-06
-1.9798 -1.89899 -3.22295e-06
-1.9798 -1.81818 -3.14816e-06
-1.9798 -1.73737 -3.05927e-06
-1.9798 -1.65657 -2.95666e-06
-1.9798 -1.57576 -2.84077e-06
-1.9798 -1.49495 -2.71212e-06
-1.9798 -1.41414 -2.57124e-06
-1.9798 -1.33333 -2.41872e-06
-1.9798 -1.25253 -2.25522e-06
-1.9798 -1.17172 -2.08142e-06
-1.9798 -1.09091 -1.89803e-06
-1.9798 -1.0101 -1.70583e-06
-1.9798 -0.929293 -1.50559e-06
-1.9798 -0.848485 -1.29815e-06
-1.9798 -0.767677 -1.08435e-06
-1.9798 -0.686869 -8.65072e-07
-1.9798 -0.606061 -6.41202e-07
-1.9798 -0.525253 -4.13651e-07
-1.9798 -0.444444 -1.83339e-07
-1.9798 -0.363636 4.8806e-08
-1.9798 -0.282828 2.81849e-07
-1.9798 -0.20202 5.14855e-07
-1.9798 -0.121212 7.46892e-07
-1.9798 -0.040404 9.77035e-07
-1.9798 0.040404 1.20437e-06
-1.9798 0.121212 1.42799e-06
-1.9798 0.20202 1.64701e-06
-1.9798 0.282828 1.86058e-06
-1.9798 0.363636 2.06784e-06
-1.9798 0.444444 2.26799e-06
-1.9798 0.525253 2.46025e-06
-1.9798 0.606061 2.64386e-06
-1.9798 0.686869 2.81812e-06
-1.9798 0.767677 2.98234e-06
-1.9798 0.848485 3.1359e-06
-1.9798 0.929293 3.27821e-06
-1.9798 1.0101 3.40872e-06
-1.9798 1.09091 3.52695e-06
-1.9798 1.17172 3.63243e-06
-1.9798 1.25253 3.72479e-06
-1.9798 1.33333 3.80367e-06
-1.9798 1.41414 3.86879e-06
-1.9798 1.49495 3.91991e-06
-1.9798 1.57576 3.95685e-06
-1.9798 1.65657 3.9795e-06
-1.9798 1.73737 3.98778e-06
-1.9798 1.81818 3.98168e-06
-1.9798 1.89899 3.96124e-06
-1.9798 1.9798 3.92656e-06
-1.9798 2.06061 3.8778e-06
-1.9798 2.14141 3.81516e-06
-1.9798 2.22222 3.7389e-06
-1.9798 2.30303 3.64933e-06
-1.9798 2.38384 3.54681e-06
-1.9798 2.46465 3.43175e-06
-1.9798 2.54545 3.30461e-06
-1.9798 2.62626 3.16588e-06
-1.9798 2.70707 3.0161e-06
-1.9798 2.78788 2.85586e-06
-1.9798 2.86869 2.68578e-06
-1.9798 2.94949 2.5065e-06
-1.9798 3.0303 2.31872e-06
-1.9798 3.11111 2.12314e-06
-1.9798 3.19192 1.92051e-06
-1.9798 3.27273 1.71159e-06
-1.9798 3.35354 1.49717e-06
-1.9798 3.43434 1.27804e-06
-1.9798 3.51515 1.05501e-06
-1.9798 3.59596 8.28924e-07
-1.9798 3.67677 6.00596e-07
-1.9798 3.75758 3.70866e-07
-1.9798 3.83838 1.40571e-07
-1.9798 3.91919 -8.94583e-08
-1.9798 4 0
-1.89899 -4 0
-1.89899 -3.91919 -5.97821e-07
-1.89899 -3.83838 -8.36318e-07
-1.89899 -3.75758 -1.06952e-06
-1.89899 -3.67677 -1.29646e-06
-1.89899 -3.59596 -1.51619e-06
-1.89899 -3.51515 -1.72781e-06
-1.89899 -3.43434 -1.93044e-06
-1.89899 -3.35354 -2.12327e-06
-1.89899 -3.27273 -2.30549e-06
-1.89899 -3.19192 -2.47638e-06
-1.89899 -3.11111 -2.63523e-06
-1.89899 -3.0303 -2.78143e-06
-1.89899 -2.94949 -2.91437e-06
-1.89899 -2.86869 -3.03354e-06
-1.89899 -2.78788 -3.13846e-06
-1.89899 -2.70707 -3.22873e-06
-1.89899 -2.62626 -3.304e-06
-1.89899 -2.54545 -3.36399e-06
-1.89899 -2.46465 -3.40848e-06
-1.89899 -2.38384 -3.43731e-06
-1.89899 -2.30303 -3.45039e-06
-1.89899 -2.22222 -3.44769e-06
-1.89899 -2.14141 -3.42926e-06
-1.89899 -2.06061 -3.39519e-06
-1.89899 -1.9798 -3.34566e-06
-1.89899 -1.89899 -3.28089e-06
-1.89899 -1.81818 -3.20117e-06
-1.89899 -1.73737 -3.10685e-06
-1.89899 -1.65657 -2.99834e-06
-1.89899 -1.57576 -2.87611e-06
-1.89899 -1.49495 -2.74068e-06
-1.89899 -1.41414 -2.59262e-06
-1.89899 -1.33333 -2.43255e-06
-1.89899 -1.25253 -2.26114e-06
-1.89899 -1.17172 -2.07911e-06
-1.89899 -1.09091 -1.8872e-06
-1.89899 -1.0101 -1.68621e-06
-1.89899 -0.929293 -1.47697e-06
-1.89899 -0.848485 -1.26033e-06
-1.89899 -0.767677 -1.03718e-06
-1.89899 -0.686869 -8.08426e-07
-1.89899 -0.606061 -5.75002e-07
-1.89899 -0.525253 -3.3785e-07
-1.89899 -0.444444 -9.79304e-08
-1.89899 -0.363636 1.43792e-07
-1.89899 -0.282828 3.86344e-07
-1.89899 -0.20202 6.28754e-07
-1.89899 -0.121212 8.70052e-07
-1.89899 -0.040404 1.10928e-06
-1.89899 0.040404 1.34547e-06
-1.89899 0.121212 1.57771e-06
-1.89899 0.20202 1.80506e-06
-1.89899 0.282828 2.02663e-06
-1.89899 0.363636 2.24154e-06
-1.89899 0.444444 2.44896e-06
-1.89899 0.525253 2.64807e-06
-1.89899 0.606061 2.83809e-06
-1.89899 0.686869 3.01829e-06
-1.89899 0.767677 3.18795e-06
-1.89899 0.848485 3.34644e-06
-1.89899 0.929293 3.49313e-06
-1.89899 1.0101 3.62747e-06
-1.89899 1.09091 3.74894e-06
-1.89899 1.17172 3.85708e-06
-1.89899 1.25253 3.95148e-06
-1.89899 1.33333 4.03179e-06
-1.89899 1.41414 4.09771e-06
-1.89899 1.49495 4.149e-06
-1.89899 1.57576 4.18548e-06
-1.89899 1.65657 4.20702e-06
-1.89899 1.73737 4.21355e-06
-1.89899 1.81818 4.20507e-06
-1.89899 1.89899 4.18162e-06
-1.89899 1.9798 4.14331e-06
-1.89899 2.06061 4.0903e-06
-1.89899 2.14141 4.02281e-06
-1.89899 2.22222 3.94111e-06
-1.89899 2.30303 3.84552e-06
-1.89899 2.38384 3.73644e-06
-1.89899 2.46465 3.61428e-06
-1.89899 2.54545 3.47952e-06
-1.89899 2.62626 3.33268e-06
-1.89899 2.70707 3.17434e-06
-1.89899 2.78788 3.00509e-06
-1.89899 2.86869 2.82558e-06
-1.89899 2.94949 2.63651e-06
-1.89899 3.0303 2.43857e-06
-1.89899 3.11111 2.23253e-06
-1.89899 3.19192 2.01914e-06
-1.89899 3.27273 1.79922e-06
-1.89899 3.35354 1.57357e-06
-1.89899 3.43434 1.34303e-06
-1.89899 3.51515 1.10846e-06
-1.89899 3.59596 8.70702e-07
-1.89899 3.67677 6.30636e-07
-1.89899 3.75758 3.89129e-07
-1.89899 3.83838 1.47053e-07
-1.89899 3.91919 -9.47226e-08
-1.89899 4 0
-1.81818 -4 0
-1.81818 -3.91919 -6.1428e-07
-1.81818 -3.83838 -8.58926e-07
-1.81818 -3.75758 -1.09808e-06
-1.81818 -3.67677 -1.33075e-06
-1.81818 -3.59596 -1.55594e-06
-1.81818 -3.51515 -1.77273e-06
-1.81818 -3.43434 -1.98021e-06
-1.81818 -3.35354 -2.17751e-06
-1.81818 -3.27273 -2.36384e-06
-1.81818 -3.19192 -2.53841e-06
-1.81818 -3.11111 -2.70052e-06
-1.81818 -3.0303 -2.84951e-06
-1.81818 -2.94949 -2.98477e-06
-1.81818 -2.86869 -3.10576e-06
-1.81818 -2.78788 -3.21199e-06
-1.81818 -2.70707 -3.30305e-06
-1.81818 -2.62626 -3.37858e-06
-1.81818 -2.54545 -3.43828e-06
-1.81818 -2.46465 -3.48194e-06
-1.81818 -2.38384 -3.50938e-06
-1.81818 -2.30303 -3.52053e-06
-1.81818 -2.22222 -3.51535e-06
-1.81818 -2.14141 -3.49389e-06
-1.81818 -2.06061 -3.45626e-06
-1.81818 -1.9798 -3.40263e-06
-1.81818 -1.89899 -3.33325e-06
-1.81818 -1.81818 -3.24842e-06
-1.81818 -1.73737 -3.1485e-06
-1.81818 -1.65657 -3.03393e-06
-1.81818 -1.57576 -2.90518e-06
-1.81818 -1.49495 -2.76281e-06
-1.81818 -1.41414 -2.60741e-06
-1.81818 -1.33333 -2.43963e-06
-1.81818 -1.25253 -2.26016e-06
-1.81818 -1.17172 -2.06975e-06
-1.81818 -1.09091 -1.86918e-06
-1.81818 -1.0101 -1.65928e-06
-1.81818 -0.929293 -1.4409e-06
-1.81818 -0.848485 -1.21495e-06
-1.81818 -0.767677 -9.82337e-07
-1.81818 -0.686869 -7.44009e-07
-1.81818 -0.606061 -5.00934e-07
-1.81818 -0.525253 -2.54095e-07
-1.81818 -0.444444 -4.48741e-09
-1.81818 -0.363636 2.46883e-07
-1.81818 -0.282828 4.99008e-07
-1.81818 -0.20202 7.50876e-07
-1.81818 -0.121212 1.00148e-06
-1.81818 -0.040404 1.24982e-06
-1.81818 0.040404 1.49491e-06
-1.81818 0.121212 1.73577e-06
-1.81818 0.20202 1.97146e-06
-1.81818 0.282828 2.20103e-06
-1.81818 0.363636 2.42358e-06
-1.81818 0.444444 2.63825e-06
-1.81818 0.525253 2.84417e-06
-1.81818 0.606061 3.04056e-06
-1.81818 0.686869 3.22664e-06
-1.81818 0.767677 3.40169e-06
-1.81818 0.848485 3.56502e-06
-1.81818 0.929293 3.71602e-06
-1.81818 1.0101 3.85408e-06
-1.81818 1.09091 3.97869e-06
-1.81818 1.17172 4.08937e-06
-1.81818 1.25253 4.1857e-06
-1.81818 1.33333 4.2673e-06
-1.81818 1.41414 4.33389e-06
-1.81818 1.49495 4.3852e-06
-1.81818 1.57576 4.42105e-06
-1.81818 1.65657 4.44132e-06
-1.81818 1.73737 4.44593e-06
-1.81818 1.81818 4.43488e-06
-1.81818 1.89899 4.40823e-06
-1.81818 1.9798 4.36608e-06
-1.81818 2.06061 4.30861e-06
-1.81818 2.14141 4.23606e-06
-1.81818 2.22222 4.14869e-06
-1.81818 2.30303 4.04687e-06
-1.81818 2.38384 3.93098e-06
-1.81818 2.46465 3.80148e-06
-1.81818 2.54545 3.65886e-06
-1.81818 2.62626 3.50367e-06
-1.81818 2.70707 3.3365e-06
-1.81818 2.78788 3.15798e-06
-1.81818 2.86869 2.96879e-06
-1.81818 2.94949 2.76965e-06
-1.81818 3.0303 2.5613e-06
-1.81818 3.11111 2.34451e-06
-1.81818 3.19192 2.1201e-06
-1.81818 3.27273 1.8889e-06
-1.81818 3.35354 1.65175e-06
-1.81818 3.43434 1.40953e-06
-1.81818 3.51515 1.16313e-06
-1.81818 3.59596 9.13435e-07
-1.81818 3.67677 6.61355e-07
-1.81818 3.75758 4.07798e-07
-1.81818 3.83838 1.5367e-07
-1.81818 3.91919 -1.00123e-07
-1.81818 4 0
-1.73737 -4 0
-1.73737 -3.91919 -6.30217e-07
-1.73737 -3.83838 -8.80802e-07
-1.73737 -3.75758 -1.12571e-06
-1.73737 -3.67677 -1.36389e-06
-1.73737 -3.59596 -1.59434e-06
-1.73737 -3.51515 -1.81608e-06
-1.73737 -3.43434 -2.02819e-06
-1.73737 -3.35354 -2.22977e-06
-1.73737 -3.27273 -2.41998e-06
-1.73737 -3.19192 -2.59803e-06
-1.73737 -3.11111 -2.76319e-06
-1.73737 -3.0303 -2.91476e-06
-1.73737 -2.94949 -3.05214e-06
-1.73737 -2.86869 -3.17474e-06
-1.73737 -2.78788 -3.28209e-06
-1.73737 -2.70707 -3.37373e-06
-1.73737 -2.62626 -3.44931e-06
-1.73737 -2.54545 -3.50853e-06
-1.73737 -2.46465 -3.55115e-06
-1.73737 -2.38384 -3.57701e-06
-1.73737 -2.30303 -3.58603e-06
-1.73737 -2.22222 -3.57817e-06
-1.73737 -2.14141 -3.5535e-06
-1.73737 -2.06061 -3.51211e-06
-1.73737 -1.9798 -3.4542e-06
-1.73737 -1.89899 -3.38003e-06
-1.73737 -1.81818 -3.2899e-06
-1.73737 -1.73737 -3.18421e-06
-1.73737 -1.65657 -3.06339e-06
-1.73737 -1.57576 -2.92797e-06
-1.73737 -1.49495 -2.77849e-06
-1.73737 -1.41414 -2.61559e-06
-1.73737 -1.33333 -2.43994e-06
-1.73737 -1.25253 -2.25227e-06
-1.73737 -1.17172 -2.05334e-06
-1.73737 -1.09091 -1.84397e-06
-1.73737 -1.0101 -1.62503e-06
-1.73737 -0.929293 -1.3974e-06
-1.73737 -0.848485 -1.16201e-06
-1.73737 -0.767677 -9.19825e-07
-1.73737 -0.686869 -6.7182e-07
-1.73737 -0.606061 -4.19e-07
-1.73737 -0.525253 -1.62387e-07
-1.73737 -0.444444 9.69861e-08
-1.73737 -0.363636 3.58075e-07
-1.73737 -0.282828 6.19833e-07
-1.73737 -0.20202 8.81211e-07
-1.73737 -0.121212 1.14116e-06
-1.73737 -0.040404 1.39865e-06
-1.73737 0.040404 1.65266e-06
-1.73737 0.121212 1.90217e-06
-1.73737 0.20202 2.14619e-06
-1.73737 0.282828 2.38376e-06
-1.73737 0.363636 2.61394e-06
-1.73737 0.444444 2.83582e-06
-1.73737 0.525253 3.04853e-06
-1.73737 0.606061 3.25124e-06
-1.73737 0.686869 3.44315e-06
-1.73737 0.767677 3.62352e-06
-1.73737 0.848485 3.79163e-06
-1.73737 0.929293 3.94684e-06
-1.73737 1.0101 4.08854e-06
-1.73737 1.09091 4.21619e-06
-1.73737 1.17172 4.32929e-06
-1.73737 1.25253 4.42742e-06
-1.73737 1.33333 4.51019e-06
-1.73737 1.41414 4.57729e-06
-1.73737 1.49495 4.62847e-06
-1.73737 1.57576 4.66354e-06
-1.73737 1.65657 4.68236e-06
-1.73737 1.73737 4.68487e-06
-1.73737 1.81818 4.67108e-06
-1.73737 1.89899 4.64103e-06
-1.73737 1.9798 4.59484e-06
-1.73737 2.06061 4.53271e-06
-1.73737 2.14141 4.45487e-06
-1.73737 2.22222 4.36163e-06
-1.73737 2.30303 4.25334e-06
-1.73737 2.38384 4.13041e-06
-1.73737 2.46465 3.99333e-06
-1.73737 2.54545 3.8426e-06
-1.73737 2.62626 3.67881e-06
-1.73737 2.70707 3.50256e-06
-1.73737 2.78788 3.31452e-06
-1.73737 2.86869 3.11539e-06
-1.73737 2.94949 2.90591e-06
-1.73737 3.0303 2.68688e-06
-1.73737 3.11111 2.45908e-06
-1.73737 3.19192 2.22338e-06
-1.73737 3.27273 1.98062e-06
-1.73737 3.35354 1.7317e-06
-1.73737 3.43434 1.47753e-06
-1.73737 3.51515 1.21902e-06
-1.73737 3.59596 9.57114e-07
-1.73737 3.67677 6.92749e-07
-1.73737 3.75758 4.26868e-07
-1.73737 3.83838 1.60418e-07
-1.73737 3.91919 -1.05661e-07
-1.73737 4 0
-1.65657 -4 0
-1.65657 -3.91919 -6.45627e-07
-1.65657 -3.83838 -9.01939e-07
-1.65657 -3.75758 -1.15238e-06
-1.65657 -3.67677 -1.39586e-06
-1.65657 -3.59596 -1.63136e-06
-1.65657 -3.51515 -1.85785e-06
-1.65657 -3.43434 -2.07438e-06
-1.65657 -3.35354 -2.28002e-06
-1.65657 -3.27273 -2.47392e-06
-1.65657 -3.19192 -2.65524e-06
-1.65657 -3.11111 -2.82323e-06
-1.65657 -3.0303 -2.97718e-06
-1.65657 -2.94949 -3.11646e-06
-1.65657 -2.86869 -3.24048e-06
-1.65657 -2.78788 -3.34872e-06
-1.65657 -2.70707 -3.44075e-06
-1.65657 -2.62626 -3.51618e-06
-1.65657 -2.54545 -3.57471e-06
-1.65657 -2.46465 -3.6161e-06
-1.65657 -2.38384 -3.64018e-06
-1.65657 -2.30303 -3.64687e-06
-1.65657 -2.22222 -3.63615e-06
-1.65657 -2.14141 -3.60806e-06
-1.65657 -2.06061 -3.56273e-06
-1.65657 -1.9798 -3.50035e-06
-1.65657 -1.89899 -3.4212e-06
-1.65657 -1.81818 -3.3256e-06
-1.65657 -1.73737 -3.21396e-06
-1.65657 -1.65657 -3.08674e-06
-1.65657 -1.57576 -2.94446e-06
-1.65657 -1.49495 -2.78772e-06
-1.65657 -1.41414 -2.61717e-06
-1.65657 -1.33333 -2.4335e-06
-1.65657 -1.25253 -2.23747e-06
-1.65657 -1.17172 -2.02988e-06
-1.65657 -1.09091 -1.81158e-06
-1.65657 -1.0101 -1.58347e-06
-1.65657 -0.929293 -1.34646e-06
-1.65657 -0.848485 -1.10153e-06
-1.65657 -0.767677 -8.49661e-07
-1.65657 -0.686869 -5.91878e-07
-1.65657 -0.606061 -3.29221e-07
-1.65657 -0.525253 -6.27492e-08
-1.65657 -0.444444 2.06465e-07
-1.65657 -0.363636 4.7734e-07
-1.65657 -0.282828 7.4879e-07
-1.65657 -0.20202 1.01973e-06
-1.65657 -0.121212 1.28907e-06
-1.65657 -0.040404 1.55574e-06
-1.65657 0.040404 1.81869e-06
-1.65657 0.121212 2.07685e-06
-1.65657 0.20202 2.32921e-06
-1.65657 0.282828 2.57477e-06
-1.65657 0.363636 2.81256e-06
-1.65657 0.444444 3.04164e-06
-1.65657 0.525253 3.2611e-06
-1.65657 0.606061 3.47009e-06
-1.65657 0.686869 3.66777e-06
-1.65657 0.767677 3.85339e-06
-1.65657 0.848485 4.0262e-06
-1.65657 0.929293 4.18554e-06
-1.65657 1.0101 4.33078e-06
-1.65657 1.09091 4.46136e-06
-1.65657 1.17172 4.57678e-06
-1.65657 1.25253 4.67658e-06
-1.65657 1.33333 4.76038e-06
-1.65657 1.41414 4.82786e-06
-1.65657 1.49495 4.87876e-06
-1.65657 1.57576 4.91288e-06
-1.65657 1.65657 4.93009e-06
-1.65657 1.73737 4.93033e-06
-1.65657 1.81818 4.9136e-06
-1.65657 1.89899 4.87996e-06
-1.65657 1.9798 4.82954e-06
-1.65657 2.06061 4.76254e-06
-1.65657 2.14141 4.67921e-06
-1.65657 2.22222 4.57986e-06
-1.65657 2.30303 4.46487e-06
-1.65657 2.38384 4.33468e-06
-1.65657 2.46465 4.18978e-06
-1.65657 2.54545 4.03071e-06
-1.65657 2.62626 3.85806e-06
-1.65657 2.70707 3.67248e-06
-1.65657 2.78788 3.47466e-06
-1.65657 2.86869 3.26533e-06
-1.65657 2.94949 3.04526e-06
-1.65657 3.0303 2.81528e-06
-1.65657 3.11111 2.57621e-06
-1.65657 3.19192 2.32894e-06
-1.65657 3.27273 2.07436e-06
-1.65657 3.35354 1.8134e-06
-1.65657 3.43434 1.547e-06
-1.65657 3.51515 1.27612e-06
-1.65657 3.59596 1.00173e-06
-1.65657 3.67677 7.24807e-07
-1.65657 3.75758 4.46334e-07
-1.65657 3.83838 1.67293e-07
-1.65657 3.91919 -1.11338e-07
-1.65657 4 0
-1.57576 -4 0
-1.57576 -3.91919 -6.60507e-07
-1.57576 -3.83838 -9.22334e-07
-1.57576 -3.75758 -1.17809e-06
-1.57576 -3.67677 -1.42668e-06
-1.57576 -3.59596 -1.667e-06
-1.57576 -3.51515 -1.89803e-06
-1.57576 -3.43434 -2.11877e-06
-1.57576 -3.35354 -2.32827e-06
-1.57576 -3.27273 -2.52563e-06
-1.57576 -3.19192 -2.71002e-06
-1.57576 -3.11111 -2.88064e-06
-1.57576 -3.0303 -3.03676e-06
-1.57576 -2.94949 -3.17773e-06
-1.57576 -2.86869 -3.30296e-06
-1.57576 -2.78788 -3.4119e-06
-1.57576 -2.70707 -3.5041e-06
-1.57576 -2.62626 -3.57918e-06
-1.57576 -2.54545 -3.63682e-06
-1.57576 -2.46465 -3.67678e-06
-1.57576 -2.38384 -3.69889e-06
-1.57576 -2.30303 -3.70305e-06
-1.57576 -2.22222 -3.68926e-06
-1.57576 -2.14141 -3.65757e-06
-1.57576 -2.06061 -3.60811e-06
-1.57576 -1.9798 -3.54109e-06
-1.57576 -1.89899 -3.45678e-06
-1.57576 -1.81818 -3.35553e-06
-1.57576 -1.73737 -3.23777e-06
-1.57576 -1.65657 -3.10396e-06
-1.57576 -1.57576 -2.95467e-06
-1.57576 -1.49495 -2.79051e-06
-1.57576 -1.41414 -2.61214e-06
-1.57576 -1.33333 -2.42031e-06
-1.57576 -1.25253 -2.21578e-06
-1.57576 -1.17172 -1.99939e-06
-1.57576 -1.09091 -1.77203e-06
-1.57576 -1.0101 -1.53462e-06
-1.57576 -0.929293 -1.28812e-06
-1.57576 -0.848485 -1.03353e-06
-1.57576 -0.767677 -7.71878e-07
-1.57576 -0.686869 -5.0422e-07
-1.57576 -0.606061 -2.31637e-07
-1.57576 -0.525253 4.47747e-08
-1.57576 -0.444444 3.23904e-07
-1.57576 -0.363636 6.0463e-07
-1.57576 -0.282828 8.85829e-07
-1.57576 -0.20202 1.16637e-06
-1.57576 -0.121212 1.44515e-06
-1.57576 -0.040404 1.72103e-06
-1.57576 0.040404 1.99293e-06
-1.57576 0.121212 2.25976e-06
-1.57576 0.20202 2.52047e-06
-1.57576 0.282828 2.77401e-06
-1.57576 0.363636 3.01939e-06
-1.57576 0.444444 3.25564e-06
-1.57576 0.525253 3.48181e-06
-1.57576 0.606061 3.69702e-06
-1.57576 0.686869 3.90043e-06
-1.57576 0.767677 4.09122e-06
-1.57576 0.848485 4.26866e-06
-1.57576 0.929293 4.43205e-06
-1.57576 1.0101 4.58073e-06
-1.57576 1.09091 4.71415e-06
-1.57576 1.17172 4.83176e-06
-1.57576 1.25253 4.93311e-06
-1.57576 1.33333 5.01781e-06
-1.57576 1.41414 5.08553e-06
-1.57576 1.49495 5.13599e-06
-1.57576 1.57576 5.16901e-06
-1.57576 1.65657 5.18444e-06
-1.57576 1.73737 5.18223e-06
-1.57576 1.81818 5.16238e-06
-1.57576 1.89899 5.12496e-06
-1.57576 1.9798 5.07011e-06
-1.57576 2.06061 4.99803e-06
-1.57576 2.14141 4.90899e-06
-1.57576 2.22222 4.80332e-06
-1.57576 2.30303 4.68142e-06
-1.57576 2.38384 4.54373e-06
-1.57576 2.46465 4.39078e-06
-1.57576 2.54545 4.22311e-06
-1.57576 2.62626 4.04137e-06
-1.57576 2.70707 3.84621e-06
-1.57576 2.78788 3.63836e-06
-1.57576 2.86869 3.41857e-06
-1.57576 2.94949 3.18766e-06
-1.57576 3.0303 2.94646e-06
-1.57576 3.11111 2.69586e-06
-1.57576 3.19192 2.43675e-06
-1.57576 3.27273 2.17009e-06
-1.57576 3.35354 1.89682e-06
-1.57576 3.43434 1.61793e-06
-1.57576 3.51515 1.33441e-06
-1.57576 3.59596 1.04726e-06
-1.57576 3.67677 7.57519e-07
-1.57576 3.75758 4.66189e-07
-1.57576 3.83838 1.74293e-07
-1.57576 3.91919 -1.17153e-07
-1.57576 4 0
-1.49495 -4 0
-1.49495 -3.91919 -6.74855e-07
-1.49495 -3.83838 -9.41985e-07
-1.49495 -3.75758 -1.20286e-06
-1.49495 -3.67677 -1.45632e-06
-1.49495 -3.59596 -1.70126e-06
-1.49495 -3.51515 -1.93662e-06
-1.49495 -3.43434 -2.16136e-06
-1.49495 -3.35354 -2.3745e-06
-1.49495 -3.27273 -2.57513e-06
-1.49495 -3.19192 -2.76236e-06
-1.49495 -3.11111 -2.9354e-06
-1.49495 -3.0303 -3.09349e-06
-1.49495 -2.94949 -3.23595e-06
-1.49495 -2.86869 -3.36217e-06
-1.49495 -2.78788 -3.47161e-06
-1.49495 -2.70707 -3.56379e-06
-1.49495 -2.62626 -3.63831e-06
-1.49495 -2.54545 -3.69486e-06
-1.49495 -2.46465 -3.73319e-06
-1.49495 -2.38384 -3.75313e-06
-1.49495 -2.30303 -3.75458e-06
-1.49495 -2.22222 -3.73753e-06
-1.49495 -2.14141 -3.70205e-06
-1.49495 -2.06061 -3.64828e-06
-1.49495 -1.9798 -3.57643e-06
-1.49495 -1.89899 -3.48678e-06
-1.49495 -1.81818 -3.37971e-06
-1.49495 -1.73737 -3.25565e-06
-1.49495 -1.65657 -3.1151e-06
-1.49495 -1.57576 -2.95863e-06
-1.49495 -1.49495 -2.78689e-06
-1.49495 -1.41414 -2.60056e-06
-1.49495 -1.33333 -2.40041e-06
-1.49495 -1.25253 -2.18724e-06
-1.49495 -1.17172 -1.96192e-06
-1.49495 -1.09091 -1.72537e-06
-1.49495 -1.0101 -1.47854e-06
-1.49495 -0.929293 -1.22243e-06
-1.49495 -0.848485 -9.58071e-07
-1.49495 -0.767677 -6.86531e-07
-1.49495 -0.686869 -4.08905e-07
-1.49495 -0.606061 -1.26309e-07
-1.49495 -0.525253 1.60122e-07
-1.49495 -0.444444 4.49236e-07
-1.49495 -0.363636 7.39876e-07
-1.49495 -0.282828 1.03088e-06
-1.49495 -0.20202 1.32107e-06
-1.49495 -0.121212 1.60931e-06
-1.49495 -0.040404 1.89443e-06
-1.49495 0.040404 2.17531e-06
-1.49495 0.121212 2.45082e-06
-1.49495 0.20202 2.71987e-06
-1.49495 0.282828 2.98138e-06
-1.49495 0.363636 3.23433e-06
-1.49495 0.444444 3.47772e-06
-1.49495 0.525253 3.71056e-06
-1.49495 0.606061 3.93196e-06
-1.49495 0.686869 4.14102e-06
-1.49495 0.767677 4.33693e-06
-1.49495 0.848485 4.51892e-06
-1.49495 0.929293 4.68626e-06
-1.49495 1.0101 4.8383e-06
-1.49495 1.09091 4.97443e-06
-1.49495 1.17172 5.09413e-06
-1.49495 1.25253 5.19691e-06
-1.49495 1.33333 5.28237e-06
-1.49495 1.41414 5.35018e-06
-1.49495 1.49495 5.40006e-06
-1.49495 1.57576 5.43181e-06
-1.49495 1.65657 5.4453e-06
-1.49495 1.73737 5.44047e-06
-1.49495 1.81818 5.41732e-06
-1.49495 1.89899 5.37593e-06
-1.49495 1.9798 5.31645e-06
-1.49495 2.06061 5.23909e-06
-1.49495 2.14141 5.14414e-06
-1.49495 2.22222 5.03193e-06
-1.49495 2.30303 4.90289e-06
-1.49495 2.38384 4.75748e-06
-1.49495 2.46465 4.59624e-06
-1.49495 2.54545 4.41975e-06
-1.49495 2.62626 4.22867e-06
-1.49495 2.70707 4.02369e-06
-1.49495 2.78788 3.80556e-06
-1.49495 2.86869 3.57506e-06
-1.49495 2.94949 3.33305e-06
-1.49495 3.0303 3.08038e-06
-1.49495 3.11111 2.81798e-06
-1.49495 3.19192 2.54679e-06
-1.49495 3.27273 2.26777e-06
-1.49495 3.35354 1.98193e-06
-1.49495 3.43434 1.69028e-06
-1.49495 3.51515 1.39386e-06
-1.49495 3.59596 1.0937e-06
-1.49495 3.67677 7.90872e-07
-1.49495 3.75758 4.86422e-07
-1.49495 3.83838 1.81412e-07
-1.49495 3.91919 -1.23106e-07
-1.49495 4 0
-1.41414 -4 0
-1.41414 -3.91919 -6.8867e-07
-1.41414 -3.83838 -9.60889e-07
-1.41414 -3.75758 -1.22666e-06
-1.41414 -3.67677 -1.48479e-06
-1.41414 -3.59596 -1.73415e-06
-1.41414 -3.51515 -1.97362e-06
-1.41414 -3.43434 -2.20214e-06
-1.41414 -3.35354 -2.41872e-06
-1.41414 -3.27273 -2.6224e-06
-1.41414 -3.19192 -2.81228e-06
-1.41414 -3.11111 -2.98752e-06
-1.41414 -3.0303 -3.14737e-06
-1.41414 -2.94949 -3.29112e-06
-1.41414 -2.86869 -3.41813e-06
-1.41414 -2.78788 -3.52786e-06
-1.41414 -2.70707 -3.61981e-06
-1.41414 -2.62626 -3.69358e-06
-1.41414 -2.54545 -3.74884e-06
-1.41414 -2.46465 -3.78535e-06
-1.41414 -2.38384 -3.80292e-06
-1.41414 -2.30303 -3.80146e-06
-1.41414 -2.22222 -3.78097e-06
-1.41414 -2.14141 -3.74152e-06
-1.41414 -2.06061 -3.68325e-06
-1.41414 -1.9798 -3.60638e-06
-1.41414 -1.89899 -3.51123e-06
-1.41414 -1.81818 -3.39816e-06
-1.41414 -1.73737 -3.26764e-06
-1.41414 -1.65657 -3.12018e-06
-1.41414 -1.57576 -2.95638e-06
-1.41414 -1.49495 -2.77689e-06
-1.41414 -1.41414 -2.58245e-06
-1.41414 -1.33333 -2.37384e-06
-1.41414 -1.25253 -2.1519e-06
-1.41414 -1.17172 -1.91752e-06
-1.41414 -1.09091 -1.67165e-06
-1.41414 -1.0101 -1.41528e-06
-1.41414 -0.929293 -1.14945e-06
-1.41414 -0.848485 -8.75218e-07
-1.41414 -0.767677 -5.93693e-07
-1.41414 -0.686869 -3.06007e-07
-1.41414 -0.606061 -1.33152e-08
-1.41414 -0.525253 2.83209e-07
-1.41414 -0.444444 5.82375e-07
-1.41414 -0.363636 8.82987e-07
-1.41414 -0.282828 1.18384e-06
-1.41414 -0.20202 1.48373e-06
-1.41414 -0.121212 1.78147e-06
-1.41414 -0.040404 2.07585e-06
-1.41414 0.040404 2.36572e-06
-1.41414 0.121212 2.64991e-06
-1.41414 0.20202 2.9273e-06
-1.41414 0.282828 3.19678e-06
-1.41414 0.363636 3.45728e-06
-1.41414 0.444444 3.70776e-06
-1.41414 0.525253 3.94724e-06
-1.41414 0.606061 4.17476e-06
-1.41414 0.686869 4.38943e-06
-1.41414 0.767677 4.59039e-06
-1.41414 0.848485 4.77684e-06
-1.41414 0.929293 4.94805e-06
-1.41414 1.0101 5.10334e-06
-1.41414 1.09091 5.2421e-06
-1.41414 1.17172 5.36376e-06
-1.41414 1.25253 5.46785e-06
-1.41414 1.33333 5.55395e-06
-1.41414 1.41414 5.62171e-06
-1.41414 1.49495 5.67086e-06
-1.41414 1.57576 5.70119e-06
-1.41414 1.65657 5.71257e-06
-1.41414 1.73737 5.70494e-06
-1.41414 1.81818 5.67831e-06
-1.41414 1.89899 5.63276e-06
-1.41414 1.9798 5.56846e-06
-1.41414 2.06061 5.48562e-06
-1.41414 2.14141 5.38455e-06
-1.41414 2.22222 5.26559e-06
-1.41414 2.30303 5.12919e-06
-1.41414 2.38384 4.97584e-06
-1.41414 2.46465 4.80608e-06
-1.41414 2.54545 4.62054e-06
-1.41414 2.62626 4.41989e-06
-1.41414 2.70707 4.20484e-06
-1.41414 2.78788 3.97619e-06
-1.41414 2.86869 3.73474e-06
-1.41414 2.94949 3.48137e-06
-1.41414 3.0303 3.21698e-06
-1.41414 3.11111 2.94253e-06
-1.41414 3.19192 2.65899e-06
-1.41414 3.27273 2.36737e-06
-1.41414 3.35354 2.0687e-06
-1.41414 3.43434 1.76404e-06
-1.41414 3.51515 1.45445e-06
-1.41414 3.59596 1.14102e-06
-1.41414 3.67677 8.2485e-07
-1.41414 3.75758 5.07025e-07
-1.41414 3.83838 1.88645e-07
-1.41414 3.91919 -1.29198e-07
-1.41414 4 0
-1.33333 -4 0
-1.33333 -3.91919 -7.01951e-07
-1.33333 -3.83838 -9.79046e-07
-1.33333 -3.75758 -1.2495e-06
-1.33333 -3.67677 -1.51209e-06
-1.33333 -3.59596 -1.76564e-06
-1.33333 -3.51515 -2.00902e-06
-1.33333 -3.43434 -2.24112e-06
-1.33333 -3.35354 -2.46093e-06
-1.33333 -3.27273 -2.66744e-06
-1.33333 -3.19192 -2.85976e-06
-1.33333 -3.11111 -3.03701e-06
-1.33333 -3.0303 -3.19841e-06
-1.33333 -2.94949 -3.34323e-06
-1.33333 -2.86869 -3.47084e-06
-1.33333 -2.78788 -3.58065e-06
-1.33333 -2.70707 -3.67218e-06
-1.33333 -2.62626 -3.745e-06
-1.33333 -2.54545 -3.79878e-06
-1.33333 -2.46465 -3.83326e-06
-1.33333 -2.38384 -3.84827e-06
-1.33333 -2.30303 -3.84372e-06
-1.33333 -2.22222 -3.81961e-06
-1.33333 -2.14141 -3.776e-06
-1.33333 -2.06061 -3.71305e-06
-1.33333 -1.9798 -3.63099e-06
-1.33333 -1.89899 -3.53015e-06
-1.33333 -1.81818 -3.41092e-06
-1.33333 -1.73737 -3.27377e-06
-1.33333 -1.65657 -3.11924e-06
-1.33333 -1.57576 -2.94795e-06
-1.33333 -1.49495 -2.76059e-06
-1.33333 -1.41414 -2.55789e-06
-1.33333 -1.33333 -2.34068e-06
-1.33333 -1.25253 -2.10983e-06
-1.33333 -1.17172 -1.86626e-06
-1.33333 -1.09091 -1.61095e-06
-1.33333 -1.0101 -1.34493e-06
-1.33333 -0.929293 -1.06926e-06
-1.33333 -0.848485 -7.85058e-07
-1.33333 -0.767677 -4.93455e-07
-1.33333 -0.686869 -1.95623e-07
-1.33333 -0.606061 1.07245e-07
-1.33333 -0.525253 4.13933e-07
-1.33333 -0.444444 7.23215e-07
-1.33333 -0.363636 1.03385e-06
-1.33333 -0.282828 1.34461e-06
-1.33333 -0.20202 1.65423e-06
-1.33333 -0.121212 1.96149e-06
-1.33333 -0.040404 2.26516e-06
-1.33333 0.040404 2.56403e-06
-1.33333 0.121212 2.85691e-06
-1.33333 0.20202 3.14263e-06
-1.33333 0.282828 3.42005e-06
-1.33333 0.363636 3.68808e-06
-1.33333 0.444444 3.94564e-06
-1.33333 0.525253 4.19171e-06
-1.33333 0.606061 4.42531e-06
-1.33333 0.686869 4.64551e-06
-1.33333 0.767677 4.85145e-06
-1.33333 0.848485 5.04229e-06
-1.33333 0.929293 5.21729e-06
-1.33333 1.0101 5.37573e-06
-1.33333 1.09091 5.51699e-06
-1.33333 1.17172 5.64051e-06
-1.33333 1.25253 5.74578e-06
-1.33333 1.33333 5.83238e-06
-1.33333 1.41414 5.89996e-06
-1.33333 1.49495 5.94823e-06
-1.33333 1.57576 5.97698e-06
-1.33333 1.65657 5.98609e-06
-1.33333 1.73737 5.9755e-06
-1.33333 1.81818 5.94521e-06
-1.33333 1.89899 5.89533e-06
-1.33333 1.9798 5.82601e-06
-1.33333 2.06061 5.7375e-06
-1.33333 2.14141 5.6301e-06
-1.33333 2.22222 5.50419e-06
-1.33333 2.30303 5.36022e-06
-1.33333 2.38384 5.1987e-06
-1.33333 2.46465 5.02021e-06
-1.33333 2.54545 4.82538e-06
-1.33333 2.62626 4.61492e-06
-1.33333 2.70707 4.38958e-06
-1.33333 2.78788 4.15016e-06
-1.33333 2.86869 3.89751e-06
-1.33333 2.94949 3.63254e-06
-1.33333 3.0303 3.3562e-06
-1.33333 3.11111 3.06945e-06
-1.33333 3.19192 2.77331e-06
-1.33333 3.27273 2.46883e-06
-1.33333 3.35354 2.15708e-06
-1.33333 3.43434 1.83915e-06
-1.33333 3.51515 1.51615e-06
-1.33333 3.59596 1.1892e-06
-1.33333 3.67677 8.59436e-07
-1.33333 3.75758 5.27986e-07
-1.33333 3.83838 1.95989e-07
-1.33333 3.91919 -1.35426e-07
-1.33333 4 0
-1.25253 -4 0
-1.25253 -3.91919 -7.14698e-07
-1.25253 -3.83838 -9.96457e-07
-1.25253 -3.75758 -1.27138e-06
-1.25253 -3.67677 -1.53822e-06
-1.25253 -3.59596 -1.79576e-06
-1.25253 -3.51515 -2.04283e-06
-1.25253 -3.43434 -2.2783e-06
-1.25253 -3.35354 -2.50112e-06
-1.25253 -3.27273 -2.71027e-06
-1.25253 -3.19192 -2.90482e-06
-1.25253 -3.11111 -3.08387e-06
-1.25253 -3.0303 -3.24661e-06
-1.25253 -2.94949 -3.39232e-06
-1.25253 -2.86869 -3.52031e-06
-1.25253 -2.78788 -3.63001e-06
-1.25253 -2.70707 -3.72092e-06
-1.25253 -2.62626 -3.79259e-06
-1.25253 -2.54545 -3.84469e-06
-1.25253 -2.46465 -3.87696e-06
-1.25253 -2.38384 -3.88923e-06
-1.25253 -2.30303 -3.8814e-06
-1.25253 -2.22222 -3.85347e-06
-1.25253 -2.14141 -3.80552e-06
-1.25253 -2.06061 -3.73772e-06
-1.25253 -1.9798 -3.6503e-06
-1.25253 -1.89899 -3.54361e-06
-1.25253 -1.81818 -3.41805e-06
-1.25253 -1.73737 -3.27412e-06
-1.25253 -1.65657 -3.11236e-06
-1.25253 -1.57576 -2.93343e-06
-1.25253 -1.49495 -2.73803e-06
-1.25253 -1.41414 -2.52694e-06
-1.25253 -1.33333 -2.301e-06
-1.25253 -1.25253 -2.0611e-06
-1.25253 -1.17172 -1.80822e-06
-1.25253 -1.09091 -1.54336e-06
-1.25253 -1.0101 -1.26757e-06
-1.25253 -0.929293 -9.81972e-07
-1.25253 -0.848485 -6.87696e-07
-1.25253 -0.767677 -3.85924e-07
-1.25253 -0.686869 -7.78638e-08
-1.25253 -0.606061 2.35253e-07
-1.25253 -0.525253 5.52173e-07
-1.25253 -0.444444 8.7163e-07
-1.25253 -0.363636 1.19235e-06
-1.25253 -0.282828 1.51304e-06
-1.25253 -0.20202 1.83243e-06
-1.25253 -0.121212 2.14925e-06
-1.25253 -0.040404 2.46222e-06
-1.25253 0.040404 2.7701e-06
-1.25253 0.121212 3.07166e-06
-1.25253 0.20202 3.36571e-06
-1.25253 0.282828 3.65106e-06
-1.25253 0.363636 3.92658e-06
-1.25253 0.444444 4.19118e-06
-1.25253 0.525253 4.44379e-06
-1.25253 0.606061 4.68342e-06
-1.25253 0.686869 4.90911e-06
-1.25253 0.767677 5.11995e-06
-1.25253 0.848485 5.3151e-06
-1.25253 0.929293 5.49379e-06
-1.25253 1.0101 5.65529e-06
-1.25253 1.09091 5.79896e-06
-1.25253 1.17172 5.92422e-06
-1.25253 1.25253 6.03055e-06
-1.25253 1.33333 6.11752e-06
-1.25253 1.41414 6.18478e-06
-1.25253 1.49495 6.23202e-06
-1.25253 1.57576 6.25905e-06
-1.25253 1.65657 6.26572e-06
-1.25253 1.73737 6.25199e-06
-1.25253 1.81818 6.21788e-06
-1.25253 1.89899 6.16347e-06
-1.25253 1.9798 6.08896e-06
-1.25253 2.06061 5.99457e-06
-1.25253 2.14141 5.88065e-06
-1.25253 2.22222 5.74758e-06
-1.25253 2.30303 5.59583e-06
-1.25253 2.38384 5.42593e-06
-1.25253 2.46465 5.23849e-06
-1.25253 2.54545 5.03416e-06
-1.25253 2.62626 4.81367e-06
-1.25253 2.70707 4.5778e-06
-1.25253 2.78788 4.32738e-06
-1.25253 2.86869 4.0633e-06
-1.25253 2.94949 3.7865e-06
-1.25253 3.0303 3.49795e-06
-1.25253 3.11111 3.19866e-06
-1.25253 3.19192 2.88968e-06
-1.25253 3.27273 2.5721e-06
-1.25253 3.35354 2.24703e-06
-1.25253 3.43434 1.91559e-06
-1.25253 3.51515 1.57893e-06
-1.25253 3.59596 1.23821e-06
-1.25253 3.67677 8.94609e-07
-1.25253 3.75758 5.49293e-07
-1.25253 3.83838 2.03437e-07
-1.25253 3.91919 -1.41789e-07
-1.25253 4 0
-1.17172 -4 0
-1.17172 -3.91919 -7.26912e-07
-1.17172 -3.83838 -1.01312e-06
-1.17172 -3.75758 -1.29231e-06
-1.17172 -3.67677 -1.56319e-06
-1.17172 -3.59596 -1.8245e-06
-1.17172 -3.51515 -2.07505e-06
-1.17172 -3.43434 -2.31369e-06
-1.17172 -3.35354 -2.53932e-06
-1.17172 -3.27273 -2.7509e-06
-1.17172 -3.19192 -2.94746e-06
-1.17172 -3.11111 -3.12811e-06
-1.17172 -3.0303 -3.292e-06
-1.17172 -2.94949 -3.43838e-06
-1.17172 -2.86869 -3.56657e-06
-1.17172 -2.78788 -3.67596e-06
-1.17172 -2.70707 -3.76604e-06
-1.17172 -2.62626 -3.83638e-06
-1.17172 -2.54545 -3.88661e-06
-1.17172 -2.46465 -3.91648e-06
-1.17172 -2.38384 -3.92582e-06
-1.17172 -2.30303 -3.91452e-06
-1.17172 -2.22222 -3.8826e-06
-1.17172 -2.14141 -3.83014e-06
-1.17172 -2.06061 -3.75731e-06
-1.17172 -1.9798 -3.66437e-06
-1.17172 -1.89899 -3.55166e-06
-1.17172 -1.81818 -3.41961e-06
-1.17172 -1.73737 -3.26873e-06
-1.17172 -1.65657 -3.0996e-06
-1.17172 -1.57576 -2.91288e-06
-1.17172 -1.49495 -2.70931e-06
-1.17172 -1.41414 -2.48969e-06
-1.17172 -1.33333 -2.25488e-06
-1.17172 -1.25253 -2.00583e-06
-1.17172 -1.17172 -1.74351e-06
-1.17172 -1.09091 -1.46898e-06
-1.17172 -1.0101 -1.18333e-06
-1.17172 -0.929293 -8.87691e-07
-1.17172 -0.848485 -5.83254e-07
-1.17172 -0.767677 -2.71228e-07
-1.17172 -0.686869 4.71381e-08
-1.17172 -0.606061 3.70574e-07
-1.17172 -0.525253 6.97789e-07
-1.17172 -0.444444 1.02748e-06
-1.17172 -0.363636 1.35832e-06
-1.17172 -0.282828 1.68899e-06
-1.17172 -0.20202 2.01818e-06
-1.17172 -0.121212 2.34457e-06
-1.17172 -0.040404 2.66686e-06
-1.17172 0.040404 2.98376e-06
-1.17172 0.121212 3.294e-06
-1.17172 0.20202 3.59636e-06
-1.17172 0.282828 3.88962e-06
-1.17172 0.363636 4.17261e-06
-1.17172 0.444444 4.44421e-06
-1.17172 0.525253 4.70332e-06
-1.17172 0.606061 4.94892e-06
-1.17172 0.686869 5.18002e-06
-1.17172 0.767677 5.39569e-06
-1.17172 0.848485 5.59508e-06
-1.17172 0.929293 5.77737e-06
-1.17172 1.0101 5.94183e-06
-1.17172 1.09091 6.0878e-06
-1.17172 1.17172 6.21469e-06
-1.17172 1.25253 6.32196e-06
-1.17172 1.33333 6.40918e-06
-1.17172 1.41414 6.47597e-06
-1.17172 1.49495 6.52205e-06
-1.17172 1.57576 6.54719e-06
-1.17172 1.65657 6.55128e-06
-1.17172 1.73737 6.53425e-06
-1.17172 1.81818 6.49613e-06
-1.17172 1.89899 6.43703e-06
-1.17172 1.9798 6.35713e-06
-1.17172 2.06061 6.2567e-06
-1.17172 2.14141 6.13606e-06
-1.17172 2.22222 5.99563e-06
-1.17172 2.30303 5.83589e-06
-1.17172 2.38384 5.65741e-06
-1.17172 2.46465 5.4608e-06
-1.17172 2.54545 5.24675e-06
-1.17172 2.62626 5.016e-06
-1.17172 2.70707 4.76938e-06
-1.17172 2.78788 4.50774e-06
-1.17172 2.86869 4.23201e-06
-1.17172 2.94949 3.94314e-06
-1.17172 3.0303 3.64215e-06
-1.17172 3.11111 3.33009e-06
-1.17172 3.19192 3.00804e-06
-1.17172 3.27273 2.67712e-06
-1.17172 3.35354 2.33849e-06
-1.17172 3.43434 1.9933e-06
-1.17172 3.51515 1.64274e-06
-1.17172 3.59596 1.28802e-06
-1.17172 3.67677 9.30349e-07
-1.17172 3.75758 5.70931e-07
-1.17172 3.83838 2.10984e-07
-1.17172 3.91919 -1.48285e-07
-1.17172 4 0
-1.09091 -4 0
-1.09091 -3.91919 -7.38595e-07
-1.09091 -3.83838 -1.02905e-06
-1.09091 -3.75758 -1.31229e-06
-1.09091 -3.67677 -1.58699e-06
-1.09091 -3.59596 -1.85187e-06
-1.09091 -3.51515 -2.1057e-06
-1.09091 -3.43434 -2.34729e-06
-1.09091 -3.35354 -2.57552e-06
-1.09091 -3.27273 -2.78933e-06
-1.09091 -3.19192 -2.98772e-06
-1.09091 -3.11111 -3.16975e-06
-1.09091 -3.0303 -3.33459e-06
-1.09091 -2.94949 -3.48145e-06
-1.09091 -2.86869 -3.60963e-06
-1.09091 -2.78788 -3.71852e-06
-1.09091 -2.70707 -3.80759e-06
-1.09091 -2.62626 -3.87639e-06
-1.09091 -2.54545 -3.92457e-06
-1.09091 -2.46465 -3.95186e-06
-1.09091 -2.38384 -3.95808e-06
-1.09091 -2.30303 -3.94315e-06
-1.09091 -2.22222 -3.90706e-06
-1.09091 -2.14141 -3.84991e-06
-1.09091 -2.06061 -3.77189e-06
-1.09091 -1.9798 -3.67325e-06
-1.09091 -1.89899 -3.55437e-06
-1.09091 -1.81818 -3.41568e-06
-1.09091 -1.73737 -3.2577e-06
-1.09091 -1.65657 -3.08105e-06
-1.09091 -1.57576 -2.8864e-06
-1.09091 -1.49495 -2.67452e-06
-1.09091 -1.41414 -2.44623e-06
-1.09091 -1.33333 -2.20244e-06
-1.09091 -1.25253 -1.9441e-06
-1.09091 -1.17172 -1.67224e-06
-1.09091 -1.09091 -1.38794e-06
-1.09091 -1.0101 -1.09232e-06
-1.09091 -0.929293 -7.86555e-07
-1.09091 -0.848485 -4.71868e-07
-1.09091 -0.767677 -1.4951e-07
-1.09091 -0.686869 1.79234e-07
-1.09091 -0.606061 5.13055e-07
-1.09091 -0.525253 8.50621e-07
-1.09091 -0.444444 1.19059e-06
-1.09091 -0.363636 1.53159e-06
-1.09091 -0.282828 1.87228e-06
-1.09091 -0.20202 2.2113e-06
-1.09091 -0.121212 2.54728e-06
-1.09091 -0.040404 2.87889e-06
-1.09091 0.040404 3.20481e-06
-1.09091 0.121212 3.52373e-06
-1.09091 0.20202 3.83439e-06
-1.09091 0.282828 4.13553e-06
-1.09091 0.363636 4.42596e-06
-1.09091 0.444444 4.70451e-06
-1.09091 0.525253 4.97008e-06
-1.09091 0.606061 5.22159e-06
-1.09091 0.686869 5.45804e-06
-1.09091 0.767677 5.67848e-06
-1.09091 0.848485 5.88201e-06
-1.09091 0.929293 6.06782e-06
-1.09091 1.0101 6.23515e-06
-1.09091 1.09091 6.38332e-06
-1.09091 1.17172 6.51171e-06
-1.09091 1.25253 6.61981e-06
-1.09091 1.33333 6.70714e-06
-1.09091 1.41414 6.77334e-06
-1.09091 1.49495 6.81811e-06
-1.09091 1.57576 6.84123e-06
-1.09091 1.65657 6.84257e-06
-1.09091 1.73737 6.82208e-06
-1.09091 1.81818 6.7798e-06
-1.09091 1.89899 6.71583e-06
-1.09091 1.9798 6.63037e-06
-1.09091 2.06061 6.52369e-06
-1.09091 2.14141 6.39614e-06
-1.09091 2.22222 6.24816e-06
-1.09091 2.30303 6.08025e-06
-1.09091 2.38384 5.89298e-06
-1.09091 2.46465 5.68699e-06
-1.09091 2.54545 5.46301e-06
-1.09091 2.62626 5.2218e-06
-1.09091 2.70707 4.96422e-06
-1.09091 2.78788 4.69114e-06
-1.09091 2.86869 4.40352e-06
-1.09091 2.94949 4.10236e-06
-1.09091 3.0303 3.78871e-06
-1.09091 3.11111 3.46365e-06
-1.09091 3.19192 3.1283e-06
-1.09091 3.27273 2.78382e-06
-1.09091 3.35354 2.4314e-06
-1.09091 3.43434 2.07223e-06
-1.09091 3.51515 1.70756e-06
-1.09091 3.59596 1.33861e-06
-1.09091 3.67677 9.66631e-07
-1.09091 3.75758 5.92886e-07
-1.09091 3.83838 2.18623e-07
-1.09091 3.91919 -1.54912e-07
-1.09091 4 0
-1.0101 -4 0
-1.0101 -3.91919 -7.49749e-07
-1.0101 -3.83838 -1.04423e-06
-1.0101 -3.75758 -1.33132e-06
-1.0101 -3.67677 -1.60964e-06
-1.0101 -3.59596 -1.87788e-06
-1.0101 -3.51515 -2.13478e-06
-1.0101 -3.43434 -2.37912e-06
-1.0101 -3.35354 -2.60975e-06
-1.0101 -3.27273 -2.82558e-06
-1.0101 -3.19192 -3.02559e-06
-1.0101 -3.11111 -3.20882e-06
-1.0101 -3.0303 -3.3744e-06
-1.0101 -2.94949 -3.52155e-06
-1.0101 -2.86869 -3.64953e-06
-1.0101 -2.78788 -3.75772e-06
-1.0101 -2.70707 -3.84559e-06
-1.0101 -2.62626 -3.91268e-06
-1.0101 -2.54545 -3.95862e-06
-1.0101 -2.46465 -3.98315e-06
-1.0101 -2.38384 -3.98608e-06
-1.0101 -2.30303 -3.96732e-06
-1.0101 -2.22222 -3.9269e-06
-1.0101 -2.14141 -3.8649e-06
-1.0101 -2.06061 -3.78152e-06
-1.0101 -1.9798 -3.67703e-06
-1.0101 -1.89899 -3.55182e-06
-1.0101 -1.81818 -3.40633e-06
-1.0101 -1.73737 -3.24111e-06
-1.0101 -1.65657 -3.0568e-06
-1.0101 -1.57576 -2.85409e-06
-1.0101 -1.49495 -2.63377e-06
-1.0101 -1.41414 -2.39669e-06
-1.0101 -1.33333 -2.1438e-06
-1.0101 -1.25253 -1.87606e-06
-1.0101 -1.17172 -1.59455e-06
-1.0101 -1.09091 -1.30037e-06
-1.0101 -1.0101 -9.94687e-07
-1.0101 -0.929293 -6.7871e-07
-1.0101 -0.848485 -3.53694e-07
-1.0101 -0.767677 -2.09301e-08
-1.0101 -0.686869 3.18259e-07
-1.0101 -0.606061 6.62524e-07
-1.0101 -0.525253 1.01049e-06
-1.0101 -0.444444 1.36078e-06
-1.0101 -0.363636 1.71199e-06
-1.0101 -0.282828 2.06273e-06
-1.0101 -0.20202 2.41158e-06
-1.0101 -0.121212 2.75717e-06
-1.0101 -0.040404 3.09812e-06
-1.0101 0.040404 3.43305e-06
-1.0101 0.121212 3.76064e-06
-1.0101 0.20202 4.07957e-06
-1.0101 0.282828 4.38857e-06
-1.0101 0.363636 4.68641e-06
-1.0101 0.444444 4.97188e-06
-1.0101 0.525253 5.24385e-06
-1.0101 0.606061 5.50121e-06
-1.0101 0.686869 5.74295e-06
-1.0101 0.767677 5.96807e-06
-1.0101 0.848485 6.17567e-06
-1.0101 0.929293 6.3649e-06
-1.0101 1.0101 6.535e-06
-1.0101 1.09091 6.68526e-06
-1.0101 1.17172 6.81506e-06
-1.0101 1.25253 6.92386e-06
-1.0101 1.33333 7.01119e-06
-1.0101 1.41414 7.07666e-06
-1.0101 1.49495 7.11998e-06
-1.0101 1.57576 7.14093e-06
-1.0101 1.65657 7.13937e-06
-1.0101 1.73737 7.11527e-06
-1.0101 1.81818 7.06866e-06
-1.0101 1.89899 6.99965e-06
-1.0101 1.9798 6.90846e-06
-1.0101 2.06061 6.79536e-06
-1.0101 2.14141 6.66073e-06
-1.0101 2.22222 6.50501e-06
-1.0101 2.30303 6.32872e-06
-1.0101 2.38384 6.13247e-06
-1.0101 2.46465 5.91691e-06
-1.0101 2.54545 5.6828e-06
-1.0101 2.62626 5.43092e-06
-1.0101 2.70707 5.16216e-06
-1.0101 2.78788 4.87743e-06
-1.0101 2.86869 4.57772e-06
-1.0101 2.94949 4.26407e-06
-1.0101 3.0303 3.93754e-06
-1.0101 3.11111 3.59926e-06
-1.0101 3.19192 3.25039e-06
-1.0101 3.27273 2.89213e-06
-1.0101 3.35354 2.5257e-06
-1.0101 3.43434 2.15234e-06
-1.0101 3.51515 1.77332e-06
-1.0101 3.59596 1.38992e-06
-1.0101 3.67677 1.00343e-06
-1.0101 3.75758 6.15142e-07
-1.0101 3.83838 2.26347e-07
-1.0101 3.91919 -1.61666e-07
-1.0101 4 0
-0.929293 -4 0
-0.929293 -3.91919 -7.60378e-07
-0.929293 -3.83838 -1.05869e-06
-0.929293 -3.75758 -1.34941e-06
-0.929293 -3.67677 -1.63114e-06
-0.929293 -3.59596 -1.90254e-06
-0.929293 -3.51515 -2.16231e-06
-0.929293 -3.43434 -2.4092e-06
-0.929293 -3.35354 -2.64202e-06
-0.929293 -3.27273 -2.85968e-06
-0.929293 -3.19192 -3.0611e-06
-0.929293 -3.11111 -3.24533e-06
-0.929293 -3.0303 -3.41147e-06
-0.929293 -2.94949 -3.5587e-06
-0.929293 -2.86869 -3.6863e-06
-0.929293 -2.78788 -3.79361e-06
-0.929293 -2.70707 -3.88009e-06
-0.929293 -2.62626 -3.94528e-06
-0.929293 -2.54545 -3.98881e-06
-0.929293 -2.46465 -4.01039e-06
-0.929293 -2.38384 -4.00986e-06
-0.929293 -2.30303 -3.98712e-06
-0.929293 -2.22222 -3.94219e-06
-0.929293 -2.14141 -3.87518e-06
-0.929293 -2.06061 -3.78628e-06
-0.929293 -1.9798 -3.67579e-06
-0.929293 -1.89899 -3.54409e-06
-0.929293 -1.81818 -3.39167e-06
-0.929293 -1.73737 -3.21907e-06
-0.929293 -1.65657 -3.02696e-06
-0.929293 -1.57576 -2.81606e-06
-0.929293 -1.49495 -2.58717e-06
-0.929293 -1.41414 -2.34119e-06
-0.929293 -1.33333 -2.07908e-06
-0.929293 -1.25253 -1.80184e-06
-0.929293 -1.17172 -1.51058e-06
-0.929293 -1.09091 -1.20643e-06
-0.929293 -1.0101 -8.90594e-07
-0.929293 -0.929293 -5.64322e-07
-0.929293 -0.848485 -2.28902e-07
-0.929293 -0.767677 1.14336e-07
-0.929293 -0.686869 4.6403e-07
-0.929293 -0.606061 8.18792e-07
-0.929293 -0.525253 1.17721e-06
-0.929293 -0.444444 1.53786e-06
-0.929293 -0.363636 1.89931e-06
-0.929293 -0.282828 2.26011e-06
-0.929293 -0.20202 2.61883e-06
-0.929293 -0.121212 2.97403e-06
-0.929293 -0.040404 3.32431e-06
-0.929293 0.040404 3.66825e-06
-0.929293 0.121212 4.00449e-06
-0.929293 0.20202 4.33168e-06
-0.929293 0.282828 4.64851e-06
-0.929293 0.363636 4.95371e-06
-0.929293 0.444444 5.24606e-06
-0.929293 0.525253 5.52437e-06
-0.929293 0.606061 5.78753e-06
-0.929293 0.686869 6.03448e-06
-0.929293 0.767677 6.26422e-06
-0.929293 0.848485 6.4758e-06
-0.929293 0.929293 6.66838e-06
-0.929293 1.0101 6.84115e-06
-0.929293 1.09091 6.9934e-06
-0.929293 1.17172 7.12449e-06
-0.929293 1.25253 7.23387e-06
-0.929293 1.33333 7.32107e-06
-0.929293 1.41414 7.38569e-06
-0.929293 1.49495 7.42742e-06
-0.929293 1.57576 7.44606e-06
-0.929293 1.65657 7.44146e-06
-0.929293 1.73737 7.4136e-06
-0.929293 1.81818 7.36249e-06
-0.929293 1.89899 7.28829e-06
-0.929293 1.9798 7.19119e-06
-0.929293 2.06061 7.0715e-06
-0.929293 2.14141 6.92961e-06
-0.929293 2.22222 6.76597e-06
-0.929293 2.30303 6.58113e-06
-0.929293 2.38384 6.3757e-06
-0.929293 2.46465 6.15039e-06
-0.929293 2.54545 5.90594e-06
-0.929293 2.62626 5.64321e-06
-0.929293 2.70707 5.36307e-06
-0.929293 2.78788 5.06649e-06
-0.929293 2.86869 4.75449e-06
-0.929293 2.94949 4.42812e-06
-0.929293 3.0303 4.08851e-06
-0.929293 3.11111 3.73681e-06
-0.929293 3.19192 3.37422e-06
-0.929293 3.27273 3.00197e-06
-0.929293 3.35354 2.62132e-06
-0.929293 3.43434 2.23356e-06
-0.929293 3.51515 1.83999e-06
-0.929293 3.59596 1.44193e-06
-0.929293 3.67677 1.04072e-06
-0.929293 3.75758 6.37681e-07
-0.929293 3.83838 2.34151e-07
-0.929293 3.91919 -1.68544e-07
-0.929293 4 0
-0.848485 -4 0
-0.848485 -3.91919 -7.70486e-07
-0.848485 -3.83838 -1.07241e-06
-0.848485 -3.75758 -1.36656e-06
-0.848485 -3.67677 -1.65151e-06
-0.848485 -3.59596 -1.92586e-06
-0.848485 -3.51515 -2.18829e-06
-0.848485 -3.43434 -2.43753e-06
-0.848485 -3.35354 -2.67236e-06
-0.848485 -3.27273 -2.89164e-06
-0.848485 -3.19192 -3.09429e-06
-0.848485 -3.11111 -3.27933e-06
-0.848485 -3.0303 -3.44583e-06
-0.848485 -2.94949 -3.59296e-06
-0.848485 -2.86869 -3.71998e-06
-0.848485 -2.78788 -3.82623e-06
-0.848485 -2.70707 -3.91114e-06
-0.848485 -2.62626 -3.97425e-06
-0.848485 -2.54545 -4.01518e-06
-0.848485 -2.46465 -4.03366e-06
-0.848485 -2.38384 -4.02949e-06
-0.848485 -2.30303 -4.00261e-06
-0.848485 -2.22222 -3.95301e-06
-0.848485 -2.14141 -3.88083e-06
-0.848485 -2.06061 -3.78626e-06
-0.848485 -1.9798 -3.66962e-06
-0.848485 -1.89899 -3.5313e-06
-0.848485 -1.81818 -3.3718e-06
-0.848485 -1.73737 -3.19169e-06
-0.848485 -1.65657 -2.99165e-06
-0.848485 -1.57576 -2.77243e-06
-0.848485 -1.49495 -2.53487e-06
-0.848485 -1.41414 -2.27987e-06
-0.848485 -1.33333 -2.00843e-06
-0.848485 -1.25253 -1.72159e-06
-0.848485 -1.17172 -1.42048e-06
-0.848485 -1.09091 -1.10628e-06
-0.848485 -1.0101 -7.80212e-07
-0.848485 -0.929293 -4.43569e-07
-0.848485 -0.848485 -9.76781e-08
-0.848485 -0.767677 2.56095e-07
-0.848485 -0.686869 6.16348e-07
-0.848485 -0.606061 9.81654e-07
-0.848485 -0.525253 1.35056e-06
-0.848485 -0.444444 1.72161e-06
-0.848485 -0.363636 2.09332e-06
-0.848485 -0.282828 2.4642e-06
-0.848485 -0.20202 2.8328e-06
-0.848485 -0.121212 3.19762e-06
-0.848485 -0.040404 3.55722e-06
-0.848485 0.040404 3.91017e-06
-0.848485 0.121212 4.25504e-06
-0.848485 0.20202 4.59046e-06
-0.848485 0.282828 4.91509e-06
-0.848485 0.363636 5.22761e-06
-0.848485 0.444444 5.52678e-06
-0.848485 0.525253 5.81139e-06
-0.848485 0.606061 6.08029e-06
-0.848485 0.686869 6.33238e-06
-0.848485 0.767677 6.56666e-06
-0.848485 0.848485 6.78214e-06
-0.848485 0.929293 6.97797e-06
-0.848485 1.0101 7.15331e-06
-0.848485 1.09091 7.30745e-06
-0.848485 1.17172 7.43973e-06
-0.848485 1.25253 7.54958e-06
-0.848485 1.33333 7.63653e-06
-0.848485 1.41414 7.70016e-06
-0.848485 1.49495 7.74018e-06
-0.848485 1.57576 7.75637e-06
-0.848485 1.65657 7.74859e-06
-0.848485 1.73737 7.71681e-06
-0.848485 1.81818 7.66106e-06
-0.848485 1.89899 7.5815e-06
-0.848485 1.9798 7.47834e-06
-0.848485 2.06061 7.3519e-06
-0.848485 2.14141 7.20257e-06
-0.848485 2.22222 7.03084e-06
-0.848485 2.30303 6.83727e-06
-0.848485 2.38384 6.62249e-06
-0.848485 2.46465 6.38723e-06
-0.848485 2.54545 6.13228e-06
-0.848485 2.62626 5.85849e-06
-0.848485 2.70707 5.56679e-06
-0.848485 2.78788 5.25817e-06
-0.848485 2.86869 4.93368e-06
-0.848485 2.94949 4.59441e-06
-0.848485 3.0303 4.24152e-06
-0.848485 3.11111 3.8762e-06
-0.848485 3.19192 3.49969e-06
-0.848485 3.27273 3.11325e-06
-0.848485 3.35354 2.71819e-06
-0.848485 3.43434 2.31582e-06
-0.848485 3.51515 1.90751e-06
-0.848485 3.59596 1.4946e-06
-0.848485 3.67677 1.07847e-06
-0.848485 3.75758 6.60485e-07
-0.848485 3.83838 2.42026e-07
-0.848485 3.91919 -1.75542e-07
-0.848485 4 0
-0.767677 -4 0
-0.767677 -3.91919 -7.80077e-07
-0.767677 -3.83838 -1.08542e-06
-0.767677 -3.75758 -1.3828e-06
-0.767677 -3.67677 -1.67075e-06
-0.767677 -3.59596 -1.94786e-06
-0.767677 -3.51515 -2.21276e-06
-0.767677 -3.43434 -2.46414e-06
-0.767677 -3.35354 -2.70078e-06
-0.767677 -3.27273 -2.92149e-06
-0.767677 -3.19192 -3.12518e-06
-0.767677 -3.11111 -3.31083e-06
-0.767677 -3.0303 -3.4775e-06
-0.767677 -2.94949 -3.62435e-06
-0.767677 -2.86869 -3.75061e-06
-0.767677 -2.78788 -3.85562e-06
-0.767677 -2.70707 -3.93879e-06
-0.767677 -2.62626 -3.99965e-06
-0.767677 -2.54545 -4.03782e-06
-0.767677 -2.46465 -4.05301e-06
-0.767677 -2.38384 -4.04505e-06
-0.767677 -2.30303 -4.01386e-06
-0.767677 -2.22222 -3.95945e-06
-0.767677 -2.14141 -3.88194e-06
-0.767677 -2.06061 -3.78156e-06
-0.767677 -1.9798 -3.65863e-06
-0.767677 -1.89899 -3.51355e-06
-0.767677 -1.81818 -3.34683e-06
-0.767677 -1.73737 -3.15909e-06
-0.767677 -1.65657 -2.951e-06
-0.767677 -1.57576 -2.72335e-06
-0.767677 -1.49495 -2.477e-06
-0.767677 -1.41414 -2.21288e-06
-0.767677 -1.33333 -1.93201e-06
-0.767677 -1.25253 -1.63548e-06
-0.767677 -1.17172 -1.32444e-06
-0.767677 -1.09091 -1.0001e-06
-0.767677 -1.0101 -6.63726e-07
-0.767677 -0.929293 -3.16646e-07
-0.767677 -0.848485 3.97777e-08
-0.767677 -0.767677 4.04139e-07
-0.767677 -0.686869 7.75e-07
-0.767677 -0.606061 1.15089e-06
-0.767677 -0.525253 1.53032e-06
-0.767677 -0.444444 1.91179e-06
-0.767677 -0.363636 2.29378e-06
-0.767677 -0.282828 2.67477e-06
-0.767677 -0.20202 3.05324e-06
-0.767677 -0.121212 3.42768e-06
-0.767677 -0.040404 3.7966e-06
-0.767677 0.040404 4.15853e-06
-0.767677 0.121212 4.51201e-06
-0.767677 0.20202 4.85564e-06
-0.767677 0.282828 5.18802e-06
-0.767677 0.363636 5.50783e-06
-0.767677 0.444444 5.81377e-06
-0.767677 0.525253 6.10462e-06
-0.767677 0.606061 6.37919e-06
-0.767677 0.686869 6.63636e-06
-0.767677 0.767677 6.87509e-06
-0.767677 0.848485 7.0944e-06
-0.767677 0.929293 7.29338e-06
-0.767677 1.0101 7.47121e-06
-0.767677 1.09091 7.62713e-06
-0.767677 1.17172 7.76049e-06
-0.767677 1.25253 7.8707e-06
-0.767677 1.33333 7.95728e-06
-0.767677 1.41414 8.01981e-06
-0.767677 1.49495 8.05798e-06
-0.767677 1.57576 8.07159e-06
-0.767677 1.65657 8.06049e-06
-0.767677 1.73737 8.02465e-06
-0.767677 1.81818 7.96412e-06
-0.767677 1.89899 7.87905e-06
-0.767677 1.9798 7.76967e-06
-0.767677 2.06061 7.63631e-06
-0.767677 2.14141 7.47939e-06
-0.767677 2.22222 7.2994e-06
-0.767677 2.30303 7.09693e-06
-0.767677 2.38384 6.87263e-06
-0.767677 2.46465 6.62725e-06
-0.767677 2.54545 6.36161e-06
-0.767677 2.62626 6.07659e-06
-0.767677 2.70707 5.77315e-06
-0.767677 2.78788 5.45231e-06
-0.767677 2.86869 5.11515e-06
-0.767677 2.94949 4.7628e-06
-0.767677 3.0303 4.39645e-06
-0.767677 3.11111 4.01732e-06
-0.767677 3.19192 3.6267e-06
-0.767677 3.27273 3.22589e-06
-0.767677 3.35354 2.81622e-06
-0.767677 3.43434 2.39907e-06
-0.767677 3.51515 1.97583e-06
-0.767677 3.59596 1.54788e-06
-0.767677 3.67677 1.11664e-06
-0.767677 3.75758 6.83535e-07
-0.767677 3.83838 2.49966e-07
-0.767677 3.91919 -1.82657e-07
-0.767677 4 0
-0.686869 -4 0
-0.686869 -3.91919 -7.89157e-07
-0.686869 -3.83838 -1.09771e-06
-0.686869 -3.75758 -1.39812e-06
-0.686869 -3.67677 -1.68889e-06
-0.686869 -3.59596 -1.96855e-06
-0.686869 -3.51515 -2.23572e-06
-0.686869 -3.43434 -2.48906e-06
-0.686869 -3.35354 -2.72731e-06
-0.686869 -3.27273 -2.94926e-06
-0.686869 -3.19192 -3.1538e-06
-0.686869 -3.11111 -3.33988e-06
-0.686869 -3.0303 -3.50654e-06
-0.686869 -2.94949 -3.65293e-06
-0.686869 -2.86869 -3.77825e-06
-0.686869 -2.78788 -3.88184e-06
-0.686869 -2.70707 -3.9631e-06
-0.686869 -2.62626 -4.02154e-06
-0.686869 -2.54545 -4.05678e-06
-0.686869 -2.46465 -4.06854e-06
-0.686869 -2.38384 -4.05663e-06
-0.686869 -2.30303 -4.02097e-06
-0.686869 -2.22222 -3.96159e-06
-0.686869 -2.14141 -3.87862e-06
-0.686869 -2.06061 -3.77229e-06
-0.686869 -1.9798 -3.64292e-06
-0.686869 -1.89899 -3.49095e-06
-0.686869 -1.81818 -3.3169e-06
-0.686869 -1.73737 -3.1214e-06
-0.686869 -1.65657 -2.90515e-06
-0.686869 -1.57576 -2.66896e-06
-0.686869 -1.49495 -2.41371e-06
-0.686869 -1.41414 -2.14038e-06
-0.686869 -1.33333 -1.85e-06
-0.686869 -1.25253 -1.54369e-06
-0.686869 -1.17172 -1.22263e-06
-0.686869 -1.09091 -8.8808e-07
-0.686869 -1.0101 -5.41337e-07
-0.686869 -0.929293 -1.8376e-07
-0.686869 -0.848485 1.8325e-07
-0.686869 -0.767677 5.58248e-07
-0.686869 -0.686869 9.39755e-07
-0.686869 -0.606061 1.32627e-06
-0.686869 -0.525253 1.71625e-06
-0.686869 -0.444444 2.10816e-06
-0.686869 -0.363636 2.50044e-06
-0.686869 -0.282828 2.89153e-06
-0.686869 -0.20202 3.27988e-06
-0.686869 -0.121212 3.66394e-06
-0.686869 -0.040404 4.04216e-06
-0.686869 0.040404 4.41306e-06
-0.686869 0.121212 4.77512e-06
-0.686869 0.20202 5.12692e-06
-0.686869 0.282828 5.46702e-06
-0.686869 0.363636 5.79406e-06
-0.686869 0.444444 6.10673e-06
-0.686869 0.525253 6.40375e-06
-0.686869 0.606061 6.68393e-06
-0.686869 0.686869 6.94611e-06
-0.686869 0.767677 7.18922e-06
-0.686869 0.848485 7.41227e-06
-0.686869 0.929293 7.61432e-06
-0.686869 1.0101 7.79453e-06
-0.686869 1.09091 7.95214e-06
-0.686869 1.17172 8.08647e-06
-0.686869 1.25253 8.19693e-06
-0.686869 1.33333 8.28302e-06
-0.686869 1.41414 8.34433e-06
-0.686869 1.49495 8.38054e-06
-0.686869 1.57576 8.39143e-06
-0.686869 1.65657 8.37687e-06
-0.686869 1.73737 8.33684e-06
-0.686869 1.81818 8.27138e-06
-0.686869 1.89899 8.18066e-06
-0.686869 1.9798 8.06492e-06
-0.686869 2.06061 7.9245e-06
-0.686869 2.14141 7.75982e-06
-0.686869 2.22222 7.57142e-06
-0.686869 2.30303 7.35989e-06
-0.686869 2.38384 7.12591e-06
-0.686869 2.46465 6.87025e-06
-0.686869 2.54545 6.59375e-06
-0.686869 2.62626 6.29734e-06
-0.686869 2.70707 5.98199e-06
-0.686869 2.78788 5.64875e-06
-0.686869 2.86869 5.29875e-06
-0.686869 2.94949 4.93314e-06
-0.686869 3.0303 4.55315e-06
-0.686869 3.11111 4.16005e-06
-0.686869 3.19192 3.75514e-06
-0.686869 3.27273 3.33978e-06
-0.686869 3.35354 2.91535e-06
-0.686869 3.43434 2.48324e-06
-0.686869 3.51515 2.04488e-06
-0.686869 3.59596 1.60173e-06
-0.686869 3.67677 1.15522e-06
-0.686869 3.75758 7.06812e-07
-0.686869 3.83838 2.57962e-07
-0.686869 3.91919 -1.89883e-07
-0.686869 4 0
-0.606061 -4 0
-0.606061 -3.91919 -7.97732e-07
-0.606061 -3.83838 -1.10931e-06
-0.606061 -3.75758 -1.41255e-06
-0.606061 -3.67677 -1.70592e-06
-0.606061 -3.59596 -1.98795e-06
-0.606061 -3.51515 -2.2572e-06
-0.606061 -3.43434 -2.51231e-06
-0.606061 -3.35354 -2.75198e-06
-0.606061 -3.27273 -2.97498e-06
-0.606061 -3.19192 -3.18018e-06
-0.606061 -3.11111 -3.36651e-06
-0.606061 -3.0303 -3.53299e-06
-0.606061 -2.94949 -3.67874e-06
-0.606061 -2.86869 -3.80295e-06
-0.606061 -2.78788 -3.90495e-06
-0.606061 -2.70707 -3.98413e-06
-0.606061 -2.62626 -4.03999e-06
-0.606061 -2.54545 -4.07214e-06
-0.606061 -2.46465 -4.08031e-06
-0.606061 -2.38384 -4.06429e-06
-0.606061 -2.30303 -4.02403e-06
-0.606061 -2.22222 -3.95954e-06
-0.606061 -2.14141 -3.87097e-06
-0.606061 -2.06061 -3.75855e-06
-0.606061 -1.9798 -3.62263e-06
-0.606061 -1.89899 -3.46364e-06
-0.606061 -1.81818 -3.28215e-06
-0.606061 -1.73737 -3.07877e-06
-0.606061 -1.65657 -2.85426e-06
-0.606061 -1.57576 -2.60942e-06
-0.606061 -1.49495 -2.34519e-06
-0.606061 -1.41414 -2.06254e-06
-0.606061 -1.33333 -1.76256e-06
-0.606061 -1.25253 -1.44639e-06
-0.606061 -1.17172 -1.11526e-06
-0.606061 -1.09091 -7.70432e-07
-0.606061 -1.0101 -4.13259e-07
-0.606061 -0.929293 -4.51314e-08
-0.606061 -0.848485 3.3251e-07
-0.606061 -0.767677 7.18184e-07
-0.606061 -0.686869 1.11037e-06
-0.606061 -0.606061 1.50753e-06
-0.606061 -0.525253 1.90808e-06
-0.606061 -0.444444 2.31044e-06
-0.606061 -0.363636 2.71303e-06
-0.606061 -0.282828 3.11423e-06
-0.606061 -0.20202 3.51245e-06
-0.606061 -0.121212 3.9061e-06
-0.606061 -0.040404 4.29362e-06
-0.606061 0.040404 4.67345e-06
-0.606061 0.121212 5.04407e-06
-0.606061 0.20202 5.40399e-06
-0.606061 0.282828 5.75177e-06
-0.606061 0.363636 6.086e-06
-0.606061 0.444444 6.40534e-06
-0.606061 0.525253 6.70848e-06
-0.606061 0.606061 6.99419e-06
-0.606061 0.686869 7.2613e-06
-0.606061 0.767677 7.50872e-06
-0.606061 0.848485 7.73542e-06
-0.606061 0.929293 7.94045e-06
-0.606061 1.0101 8.12296e-06
-0.606061 1.09091 8.28216e-06
-0.606061 1.17172 8.41736e-06
-0.606061 1.25253 8.52796e-06
-0.606061 1.33333 8.61345e-06
-0.606061 1.41414 8.67341e-06
-0.606061 1.49495 8.70753e-06
-0.606061 1.57576 8.71559e-06
-0.606061 1.65657 8.69745e-06
-0.606061 1.73737 8.65309e-06
-0.606061 1.81818 8.58257e-06
-0.606061 1.89899 8.48606e-06
-0.606061 1.9798 8.36381e-06
-0.606061 2.06061 8.21618e-06
-0.606061 2.14141 8.04362e-06
-0.606061 2.22222 7.84665e-06
-0.606061 2.30303 7.6259e-06
-0.606061 2.38384 7.38209e-06
-0.606061 2.46465 7.116e-06
-0.606061 2.54545 6.82849e-06
-0.606061 2.62626 6.52052e-06
-0.606061 2.70707 6.1931e-06
-0.606061 2.78788 5.84732e-06
-0.606061 2.86869 5.48431e-06
-0.606061 2.94949 5.10528e-06
-0.606061 3.0303 4.7115e-06
-0.606061 3.11111 4.30426e-06
-0.606061 3.19192 3.88491e-06
-0.606061 3.27273 3.45484e-06
-0.606061 3.35354 3.01547e-06
-0.606061 3.43434 2.56824e-06
-0.606061 3.51515 2.11462e-06
-0.606061 3.59596 1.6561e-06
-0.606061 3.67677 1.19415e-06
-0.606061 3.75758 7.30293e-07
-0.606061 3.83838 2.66007e-07
-0.606061 3.91919 -1.97216e-07
-0.606061 4 0
-0.525253 -4 0
-0.525253 -3.91919 -8.0581e-07
-0.525253 -3.83838 -1.12021e-06
-0.525253 -3.75758 -1.42609e-06
-0.525253 -3.67677 -1.72188e-06
-0.525253 -3.59596 -2.00608e-06
-0.525253 -3.51515 -2.27722e-06
-0.525253 -3.43434 -2.53391e-06
-0.525253 -3.35354 -2.77481e-06
-0.525253 -3.27273 -2.99869e-06
-0.525253 -3.19192 -3.20438e-06
-0.525253 -3.11111 -3.39078e-06
-0.525253 -3.0303 -3.55689e-06
-0.525253 -2.94949 -3.70183e-06
-0.525253 -2.86869 -3.82477e-06
-0.525253 -2.78788 -3.92501e-06
-0.525253 -2.70707 -4.00195e-06
-0.525253 -2.62626 -4.05507e-06
-0.525253 -2.54545 -4.08399e-06
-0.525253 -2.46465 -4.08841e-06
-0.525253 -2.38384 -4.06815e-06
-0.525253 -2.30303 -4.02314e-06
-0.525253 -2.22222 -3.95341e-06
-0.525253 -2.14141 -3.8591e-06
-0.525253 -2.06061 -3.74047e-06
-0.525253 -1.9798 -3.59787e-06
-0.525253 -1.89899 -3.43176e-06
-0.525253 -1.81818 -3.2427e-06
-0.525253 -1.73737 -3.03135e-06
-0.525253 -1.65657 -2.79847e-06
-0.525253 -1.57576 -2.5449e-06
-0.525253 -1.49495 -2.27159e-06
-0.525253 -1.41414 -1.97956e-06
-0.525253 -1.33333 -1.6699e-06
-0.525253 -1.25253 -1.34381e-06
-0.525253 -1.17172 -1.00253e-06
-0.525253 -1.09091 -6.47372e-07
-0.525253 -1.0101 -2.79717e-07
-0.525253 -0.929293 9.90046e-08
-0.525253 -0.848485 4.87316e-07
-0.525253 -0.767677 8.83697e-07
-0.525253 -0.686869 1.28659e-06
-0.525253 -0.606061 1.69441e-06
-0.525253 -0.525253 2.10555e-06
-0.525253 -0.444444 2.51837e-06
-0.525253 -0.363636 2.93126e-06
-0.525253 -0.282828 3.34256e-06
-0.525253 -0.20202 3.75064e-06
-0.525253 -0.121212 4.15387e-06
-0.525253 -0.040404 4.55065e-06
-0.525253 0.040404 4.93939e-06
-0.525253 0.121212 5.31853e-06
-0.525253 0.20202 5.68654e-06
-0.525253 0.282828 6.04195e-06
-0.525253 0.363636 6.38331e-06
-0.525253 0.444444 6.70926e-06
-0.525253 0.525253 7.01845e-06
-0.525253 0.606061 7.30963e-06
-0.525253 0.686869 7.5816e-06
-0.525253 0.767677 7.83324e-06
-0.525253 0.848485 8.06351e-06
-0.525253 0.929293 8.27144e-06
-0.525253 1.0101 8.45615e-06
-0.525253 1.09091 8.61684e-06
-0.525253 1.17172 8.75281e-06
-0.525253 1.25253 8.86344e-06
-0.525253 1.33333 8.94822e-06
-0.525253 1.41414 9.00674e-06
-0.525253 1.49495 9.03865e-06
-0.525253 1.57576 9.04375e-06
-0.525253 1.65657 9.02191e-06
-0.525253 1.73737 8.97309e-06
-0.525253 1.81818 8.89738e-06
-0.525253 1.89899 8.79495e-06
-0.525253 1.9798 8.66607e-06
-0.525253 2.06061 8.51109e-06
-0.525253 2.14141 8.3305e-06
-0.525253 2.22222 8.12483e-06
-0.525253 2.30303 7.89473e-06
-0.525253 2.38384 7.64094e-06
-0.525253 2.46465 7.36427e-06
-0.525253 2.54545 7.06561e-06
-0.525253 2.62626 6.74594e-06
-0.525253 2.70707 6.40631e-06
-0.525253 2.78788 6.04782e-06
-0.525253 2.86869 5.67167e-06
-0.525253 2.94949 5.27908e-06
-0.525253 3.0303 4.87135e-06
-0.525253 3.11111 4.44982e-06
-0.525253 3.19192 4.01588e-06
-0.525253 3.27273 3.57095e-06
-0.525253 3.35354 3.1165e-06
-0.525253 3.43434 2.65401e-06
-0.525253 3.51515 2.18498e-06
-0.525253 3.59596 1.71094e-06
-0.525253 3.67677 1.23342e-06
-0.525253 3.75758 7.53957e-07
-0.525253 3.83838 2.74092e-07
-0.525253 3.91919 -2.04649e-07
-0.525253 4 0
-0.444444 -4 0
-0.444444 -3.91919 -8.13397e-07
-0.444444 -3.83838 -1.13042e-06
-0.444444 -3.75758 -1.43875e-06
-0.444444 -3.67677 -1.73678e-06
-0.444444 -3.59596 -2.02296e-06
-0.444444 -3.51515 -2.29581e-06
-0.444444 -3.43434 -2.55389e-06
-0.444444 -3.35354 -2.79586e-06
-0.444444 -3.27273 -3.02043e-06
-0.444444 -3.19192 -3.22642e-06
-0.444444 -3.11111 -3.41272e-06
-0.444444 -3.0303 -3.57831e-06
-0.444444 -2.94949 -3.72226e-06
-0.444444 -2.86869 -3.84377e-06
-0.444444 -2.78788 -3.9421e-06
-0.444444 -2.70707 -4.01664e-06
-0.444444 -2.62626 -4.06687e-06
-0.444444 -2.54545 -4.0924e-06
-0.444444 -2.46465 -4.09294e-06
-0.444444 -2.38384 -4.0683e-06
-0.444444 -2.30303 -4.0184e-06
-0.444444 -2.22222 -3.9433e-06
-0.444444 -2.14141 -3.84314e-06
-0.444444 -2.06061 -3.71818e-06
-0.444444 -1.9798 -3.56879e-06
-0.444444 -1.89899 -3.39545e-06
-0.444444 -1.81818 -3.19872e-06
-0.444444 -1.73737 -2.9793e-06
-0.444444 -1.65657 -2.73796e-06
-0.444444 -1.57576 -2.47558e-06
-0.444444 -1.49495 -2.19311e-06
-0.444444 -1.41414 -1.89162e-06
-0.444444 -1.33333 -1.57222e-06
-0.444444 -1.25253 -1.23615e-06
-0.444444 -1.17172 -8.84663e-07
-0.444444 -1.09091 -5.19127e-07
-0.444444 -1.0101 -1.4095e-07
-0.444444 -0.929293 2.48402e-07
-0.444444 -0.848485 6.47413e-07
-0.444444 -0.767677 1.05452e-06
-0.444444 -0.686869 1.46814e-06
-0.444444 -0.606061 1.88664e-06
-0.444444 -0.525253 2.30836e-06
-0.444444 -0.444444 2.73165e-06
-0.444444 -0.363636 3.15483e-06
-0.444444 -0.282828 3.57622e-06
-0.444444 -0.20202 3.99414e-06
-0.444444 -0.121212 4.40693e-06
-0.444444 -0.040404 4.81295e-06
-0.444444 0.040404 5.21056e-06
-0.444444 0.121212 5.59817e-06
-0.444444 0.20202 5.97423e-06
-0.444444 0.282828 6.33721e-06
-0.444444 0.363636 6.68565e-06
-0.444444 0.444444 7.01814e-06
-0.444444 0.525253 7.33332e-06
-0.444444 0.606061 7.6299e-06
-0.444444 0.686869 7.90665e-06
-0.444444 0.767677 8.16244e-06
-0.444444 0.848485 8.3962e-06
-0.444444 0.929293 8.60693e-06
-0.444444 1.0101 8.79375e-06
-0.444444 1.09091 8.95583e-06
-0.444444 1.17172 9.09247e-06
-0.444444 1.25253 9.20304e-06
-0.444444 1.33333 9.28701e-06
-0.444444 1.41414 9.34396e-06
-0.444444 1.49495 9.37356e-06
-0.444444 1.57576 9.37559e-06
-0.444444 1.65657 9.34992e-06
-0.444444 1.73737 9.29654e-06
-0.444444 1.81818 9.21552e-06
-0.444444 1.89899 9.10704e-06
-0.444444 1.9798 8.97139e-06
-0.444444 2.06061 8.80895e-06
-0.444444 2.14141 8.62019e-06
-0.444444 2.22222 8.4057e-06
-0.444444 2.30303 8.16612e-06
-0.444444 2.38384 7.90222e-06
-0.444444 2.46465 7.61484e-06
-0.444444 2.54545 7.30489e-06
-0.444444 2.62626 6.97339e-06
-0.444444 2.70707 6.62141e-06
-0.444444 2.78788 6.25009e-06
-0.444444 2.86869 5.86065e-06
-0.444444 2.94949 5.45435e-06
-0.444444 3.0303 5.03255e-06
-0.444444 3.11111 4.5966e-06
-0.444444 3.19192 4.14793e-06
-0.444444 3.27273 3.68802e-06
-0.444444 3.35354 3.21835e-06
-0.444444 3.43434 2.74045e-06
-0.444444 3.51515 2.25588e-06
-0.444444 3.59596 1.76619e-06
-0.444444 3.67677 1.27297e-06
-0.444444 3.75758 7.77781e-07
-0.444444 3.83838 2.82209e-07
-0.444444 3.91919 -2.12178e-07
-0.444444 4 0
-0.363636 -4 0
-0.363636 -3.91919 -8.20503e-07
-0.363636 -3.83838 -1.13997e-06
-0.363636 -3.75758 -1.45056e-06
-0.363636 -3.67677 -1.75064e-06
-0.363636 -3.59596 -2.03862e-06
-0.363636 -3.51515 -2.31299e-06
-0.363636 -3.43434 -2.57229e-06
-0.363636 -3.35354 -2.81514e-06
-0.363636 -3.27273 -3.04023e-06
-0.363636 -3.19192 -3.24636e-06
-0.363636 -3.11111 -3.43239e-06
-0.363636 -3.0303 -3.59728e-06
-0.363636 -2.94949 -3.7401e-06
-0.363636 -2.86869 -3.86001e-06
-0.363636 -2.78788 -3.95628e-06
-0.363636 -2.70707 -4.02827e-06
-0.363636 -2.62626 -4.07547e-06
-0.363636 -2.54545 -4.09748e-06
-0.363636 -2.46465 -4.094e-06
-0.363636 -2.38384 -4.06484e-06
-0.363636 -2.30303 -4.00994e-06
-0.363636 -2.22222 -3.92934e-06
-0.363636 -2.14141 -3.82321e-06
-0.363636 -2.06061 -3.69181e-06
-0.363636 -1.9798 -3.53553e-06
-0.363636 -1.89899 -3.35485e-06
-0.363636 -1.81818 -3.15037e-06
-0.363636 -1.73737 -2.9228e-06
-0.363636 -1.65657 -2.67292e-06
-0.363636 -1.57576 -2.40164e-06
-0.363636 -1.49495 -2.10995e-06
-0.363636 -1.41414 -1.79893e-06
-0.363636 -1.33333 -1.46974e-06
-0.363636 -1.25253 -1.12362e-06
-0.363636 -1.17172 -7.61894e-07
-0.363636 -1.09091 -3.8594e-07
-0.363636 -1.0101 2.79355e-09
-0.363636 -0.929293 4.02803e-07
-0.363636 -0.848485 8.12535e-07
-0.363636 -0.767677 1.23039e-06
-0.363636 -0.686869 1.65474e-06
-0.363636 -0.606061 2.08391e-06
-0.363636 -0.525253 2.51623e-06
-0.363636 -0.444444 2.94997e-06
-0.363636 -0.363636 3.38343e-06
-0.363636 -0.282828 3.81488e-06
-0.363636 -0.20202 4.24262e-06
-0.363636 -0.121212 4.66494e-06
-0.363636 -0.040404 5.08015e-06
-0.363636 0.040404 5.4866e-06
-0.363636 0.121212 5.88264e-06
-0.363636 0.20202 6.26669e-06
-0.363636 0.282828 6.6372e-06
-0.363636 0.363636 6.99266e-06
-0.363636 0.444444 7.33163e-06
-0.363636 0.525253 7.65272e-06
-0.363636 0.606061 7.95463e-06
-0.363636 0.686869 8.23609e-06
-0.363636 0.767677 8.49595e-06
-0.363636 0.848485 8.7331e-06
-0.363636 0.929293 8.94656e-06
-0.363636 1.0101 9.13539e-06
-0.363636 1.09091 9.29878e-06
-0.363636 1.17172 9.43599e-06
-0.363636 1.25253 9.54639e-06
-0.363636 1.33333 9.62944e-06
-0.363636 1.41414 9.68473e-06
-0.363636 1.49495 9.71191e-06
-0.363636 1.57576 9.71076e-06
-0.363636 1.65657 9.68116e-06
-0.363636 1.73737 9.62309e-06
-0.363636 1.81818 9.53665e-06
-0.363636 1.89899 9.42201e-06
-0.363636 1.9798 9.27948e-06
-0.363636 2.06061 9.10945e-06
-0.363636 2.14141 8.91242e-06
-0.363636 2.22222 8.68897e-06
-0.363636 2.30303 8.43979e-06
-0.363636 2.38384 8.16566e-06
-0.363636 2.46465 7.86745e-06
-0.363636 2.54545 7.54609e-06
-0.363636 2.62626 7.20264e-06
-0.363636 2.70707 6.83818e-06
-0.363636 2.78788 6.45391e-06
-0.363636 2.86869 6.05106e-06
-0.363636 2.94949 5.63095e-06
-0.363636 3.0303 5.19494e-06
-0.363636 3.11111 4.74445e-06
-0.363636 3.19192 4.28094e-06
-0.363636 3.27273 3.80592e-06
-0.363636 3.35354 3.32091e-06
-0.363636 3.43434 2.8275e-06
-0.363636 3.51515 2.32727e-06
-0.363636 3.59596 1.82182e-06
-0.363636 3.67677 1.31277e-06
-0.363636 3.75758 8.01741e-07
-0.363636 3.83838 2.90349e-07
-0.363636 3.91919 -2.19796e-07
-0.363636 4 0
-0.282828 -4 0
-0.282828 -3.91919 -8.27135e-07
-0.282828 -3.83838 -1.14886e-06
-0.282828 -3.75758 -1.46153e-06
-0.282828 -3.67677 -1.76348e-06
-0.282828 -3.59596 -2.05308e-06
-0.282828 -3.51515 -2.3288e-06
-0.282828 -3.43434 -2.58914e-06
-0.282828 -3.35354 -2.8327e-06
-0.282828 -3.27273 -3.05815e-06
-0.282828 -3.19192 -3.26425e-06
-0.282828 -3.11111 -3.44984e-06
-0.282828 -3.0303 -3.61388e-06
-0.282828 -2.94949 -3.75541e-06
-0.282828 -2.86869 -3.87358e-06
-0.282828 -2.78788 -3.96763e-06
-0.282828 -2.70707 -4.03693e-06
-0.282828 -2.62626 -4.08097e-06
-0.282828 -2.54545 -4.09932e-06
-0.282828 -2.46465 -4.09168e-06
-0.282828 -2.38384 -4.05789e-06
-0.282828 -2.30303 -3.99786e-06
-0.282828 -2.22222 -3.91166e-06
-0.282828 -2.14141 -3.79946e-06
-0.282828 -2.06061 -3.66152e-06
-0.282828 -1.9798 -3.49824e-06
-0.282828 -1.89899 -3.31014e-06
-0.282828 -1.81818 -3.09782e-06
-0.282828 -1.73737 -2.86201e-06
-0.282828 -1.65657 -2.60352e-06
-0.282828 -1.57576 -2.32328e-06
-0.282828 -1.49495 -2.02231e-06
-0.282828 -1.41414 -1.70171e-06
-0.282828 -1.33333 -1.36267e-06
-0.282828 -1.25253 -1.00647e-06
-0.282828 -1.17172 -6.34464e-07
-0.282828 -1.09091 -2.48061e-07
-0.282828 -1.0101 1.51253e-07
-0.282828 -0.929293 5.61939e-07
-0.282828 -0.848485 9.82404e-07
-0.282828 -0.767677 1.41101e-06
-0.282828 -0.686869 1.84609e-06
-0.282828 -0.606061 2.28594e-06
-0.282828 -0.525253 2.72883e-06
-0.282828 -0.444444 3.17301e-06
-0.282828 -0.363636 3.61673e-06
-0.282828 -0.282828 4.05823e-06
-0.282828 -0.20202 4.49575e-06
-0.282828 -0.121212 4.92756e-06
-0.282828 -0.040404 5.35193e-06
-0.282828 0.040404 5.76716e-06
-0.282828 0.121212 6.17158e-06
-0.282828 0.20202 6.56357e-06
-0.282828 0.282828 6.94154e-06
-0.282828 0.363636 7.30395e-06
-0.282828 0.444444 7.64934e-06
-0.282828 0.525253 7.97628e-06
-0.282828 0.606061 8.28343e-06
-0.282828 0.686869 8.56953e-06
-0.282828 0.767677 8.83337e-06
-0.282828 0.848485 9.07384e-06
-0.282828 0.929293 9.28993e-06
-0.282828 1.0101 9.48069e-06
-0.282828 1.09091 9.64529e-06
-0.282828 1.17172 9.78297e-06
-0.282828 1.25253 9.89311e-06
-0.282828 1.33333 9.97516e-06
-0.282828 1.41414 1.00287e-05
-0.282828 1.49495 1.00533e-05
-0.282828 1.57576 1.00489e-05
-0.282828 1.65657 1.00153e-05
-0.282828 1.73737 9.95241e-06
-0.282828 1.81818 9.86043e-06
-0.282828 1.89899 9.73953e-06
-0.282828 1.9798 9.59001e-06
-0.282828 2.06061 9.41229e-06
-0.282828 2.14141 9.20687e-06
-0.282828 2.22222 8.97436e-06
-0.282828 2.30303 8.71547e-06
-0.282828 2.38384 8.431e-06
-0.282828 2.46465 8.12185e-06
-0.282828 2.54545 7.78898e-06
-0.282828 2.62626 7.43346e-06
-0.282828 2.70707 7.05642e-06
-0.282828 2.78788 6.65909e-06
-0.282828 2.86869 6.24273e-06
-0.282828 2.94949 5.80869e-06
-0.282828 3.0303 5.35837e-06
-0.282828 3.11111 4.89323e-06
-0.282828 3.19192 4.41477e-06
-0.282828 3.27273 3.92453e-06
-0.282828 3.35354 3.4241e-06
-0.282828 3.43434 2.91506e-06
-0.282828 3.51515 2.39907e-06
-0.282828 3.59596 1.87776e-06
-0.282828 3.67677 1.35279e-06
-0.282828 3.75758 8.25815e-07
-0.282828 3.83838 2.98504e-07
-0.282828 3.91919 -2.27497e-07
-0.282828 4 0
-0.20202 -4 0
-0.20202 -3.91919 -8.33303e-07
-0.20202 -3.83838 -1.15711e-06
-0.20202 -3.75758 -1.47168e-06
-0.20202 -3.67677 -1.77532e-06
-0.20202 -3.59596 -2.06637e-06
-0.20202 -3.51515 -2.34326e-06
-0.20202 -3.43434 -2.60448e-06
-0.20202 -3.35354 -2.84858e-06
-0.20202 -3.27273 -3.07422e-06
-0.20202 -3.19192 -3.28013e-06
-0.20202 -3.11111 -3.46514e-06
-0.20202 -3.0303 -3.62817e-06
-0.20202 -2.94949 -3.76826e-06
-0.20202 -2.86869 -3.88453e-06
-0.20202 -2.78788 -3.97623e-06
-0.20202 -2.70707 -4.04271e-06
-0.20202 -2.62626 -4.08345e-06
-0.20202 -2.54545 -4.09801e-06
-0.20202 -2.46465 -4.08611e-06
-0.20202 -2.38384 -4.04756e-06
-0.20202 -2.30303 -3.9823e-06
-0.20202 -2.22222 -3.8904e-06
-0.20202 -2.14141 -3.77201e-06
-0.20202 -2.06061 -3.62744e-06
-0.20202 -1.9798 -3.45709e-06
-0.20202 -1.89899 -3.26148e-06
-0.20202 -1.81818 -3.04125e-06
-0.20202 -1.73737 -2.79713e-06
-0.20202 -1.65657 -2.52997e-06
-0.20202 -1.57576 -2.24071e-06
-0.20202 -1.49495 -1.9304e-06
-0.20202 -1.41414 -1.60017e-06
-0.20202 -1.33333 -1.25125e-06
-0.20202 -1.25253 -8.84941e-07
-0.20202 -1.17172 -5.02623e-07
-0.20202 -1.09091 -1.05751e-07
-0.20202 -1.0101 3.04159e-07
-0.20202 -0.929293 7.25529e-07
-0.20202 -0.848485 1.15673e-06
-0.20202 -0.767677 1.59609e-06
-0.20202 -0.686869 2.0419e-06
-0.20202 -0.606061 2.49241e-06
-0.20202 -0.525253 2.94585e-06
-0.20202 -0.444444 3.40044e-06
-0.20202 -0.363636 3.85439e-06
-0.20202 -0.282828 4.3059e-06
-0.20202 -0.20202 4.75317e-06
-0.20202 -0.121212 5.19443e-06
-0.20202 -0.040404 5.6279e-06
-0.20202 0.040404 6.05187e-06
-0.20202 0.121212 6.46461e-06
-0.20202 0.20202 6.86448e-06
-0.20202 0.282828 7.24985e-06
-0.20202 0.363636 7.61915e-06
-0.20202 0.444444 7.97088e-06
-0.20202 0.525253 8.3036e-06
-0.20202 0.606061 8.61593e-06
-0.20202 0.686869 8.90657e-06
-0.20202 0.767677 9.17432e-06
-0.20202 0.848485 9.41802e-06
-0.20202 0.929293 9.63665e-06
-0.20202 1.0101 9.82925e-06
-0.20202 1.09091 9.99497e-06
-0.20202 1.17172 1.0133e-05
-0.20202 1.25253 1.02428e-05
-0.20202 1.33333 1.03238e-05
-0.20202 1.41414 1.03754e-05
-0.20202 1.49495 1.03975e-05
-0.20202 1.57576 1.03897e-05
-0.20202 1.65657 1.03519e-05
-0.20202 1.73737 1.02841e-05
-0.20202 1.81818 1.01865e-05
-0.20202 1.89899 1.00593e-05
-0.20202 1.9798 9.90266e-06
-0.20202 2.06061 9.71714e-06
-0.20202 2.14141 9.50323e-06
-0.20202 2.22222 9.26157e-06
-0.20202 2.30303 8.99287e-06
-0.20202 2.38384 8.69797e-06
-0.20202 2.46465 8.37777e-06
-0.20202 2.54545 8.03329e-06
-0.20202 2.62626 7.66561e-06
-0.20202 2.70707 7.27591e-06
-0.20202 2.78788 6.86541e-06
-0.20202 2.86869 6.43544e-06
-0.20202 2.94949 5.98739e-06
-0.20202 3.0303 5.52267e-06
-0.20202 3.11111 5.04279e-06
-0.20202 3.19192 4.54929e-06
-0.20202 3.27273 4.04375e-06
-0.20202 3.35354 3.52779e-06
-0.20202 3.43434 3.00305e-06
-0.20202 3.51515 2.47121e-06
-0.20202 3.59596 1.93395e-06
-0.20202 3.67677 1.39297e-06
-0.20202 3.75758 8.49976e-07
-0.20202 3.83838 3.06664e-07
-0.20202 3.91919 -2.35273e-07
-0.20202 4 0
-0.121212 -4 0
-0.121212 -3.91919 -8.39017e-07
-0.121212 -3.83838 -1.16472e-06
-0.121212 -3.75758 -1.48102e-06
-0.121212 -3.67677 -1.78618e-06
-0.121212 -3.59596 -2.07851e-06
-0.121212 -3.51515 -2.35641e-06
-0.121212 -3.43434 -2.61833e-06
-0.121212 -3.35354 -2.86282e-06
-0.121212 -3.27273 -3.08849e-06
-0.121212 -3.19192 -3.29406e-06
-0.121212 -3.11111 -3.47833e-06
-0.121212 -3.0303 -3.64021e-06
-0.121212 -2.94949 -3.77871e-06
-0.121212 -2.86869 -3.89296e-06
-0.121212 -2.78788 -3.98217e-06
-0.121212 -2.70707 -4.0457e-06
-0.121212 -2.62626 -4.08301e-06
-0.121212 -2.54545 -4.09367e-06
-0.121212 -2.46465 -4.07739e-06
-0.121212 -2.38384 -4.03398e-06
-0.121212 -2.30303 -3.96339e-06
-0.121212 -2.22222 -3.86568e-06
-0.121212 -2.14141 -3.74102e-06
-0.121212 -2.06061 -3.58973e-06
-0.121212 -1.9798 -3.41223e-06
-0.121212 -1.89899 -3.20904e-06
-0.121212 -1.81818 -2.98083e-06
-0.121212 -1.73737 -2.72834e-06
-0.121212 -1.65657 -2.45245e-06
-0.121212 -1.57576 -2.15413e-06
-0.121212 -1.49495 -1.83445e-06
-0.121212 -1.41414 -1.49456e-06
-0.121212 -1.33333 -1.13572e-06
-0.121212 -1.25253 -7.59277e-07
-0.121212 -1.17172 -3.66633e-07
-0.121212 -1.09091 4.07204e-08
-0.121212 -1.0101 4.61231e-07
-0.121212 -0.929293 8.93285e-07
-0.121212 -0.848485 1.33522e-06
-0.121212 -0.767677 1.78532e-06
-0.121212 -0.686869 2.24183e-06
-0.121212 -0.606061 2.70298e-06
-0.121212 -0.525253 3.16695e-06
-0.121212 -0.444444 3.63193e-06
-0.121212 -0.363636 4.09607e-06
-0.121212 -0.282828 4.55755e-06
-0.121212 -0.20202 5.01452e-06
-0.121212 -0.121212 5.46517e-06
-0.121212 -0.040404 5.9077e-06
-0.121212 0.040404 6.34035e-06
-0.121212 0.121212 6.76135e-06
-0.121212 0.20202 7.16903e-06
-0.121212 0.282828 7.56173e-06
-0.121212 0.363636 7.93785e-06
-0.121212 0.444444 8.29585e-06
-0.121212 0.525253 8.63427e-06
-0.121212 0.606061 8.95169e-06
-0.121212 0.686869 9.24681e-06
-0.121212 0.767677 9.51838e-06
-0.121212 0.848485 9.76523e-06
-0.121212 0.929293 9.98632e-06
-0.121212 1.0101 1.01807e-05
-0.121212 1.09091 1.03474e-05
-0.121212 1.17172 1.04858e-05
-0.121212 1.25253 1.05951e-05
-0.121212 1.33333 1.06749e-05
-0.121212 1.41414 1.07246e-05
-0.121212 1.49495 1.07439e-05
-0.121212 1.57576 1.07326e-05
-0.121212 1.65657 1.06906e-05
-0.121212 1.73737 1.06179e-05
-0.121212 1.81818 1.05146e-05
-0.121212 1.89899 1.03809e-05
-0.121212 1.9798 1.02171e-05
-0.121212 2.06061 1.00237e-05
-0.121212 2.14141 9.8012e-06
-0.121212 2.22222 9.55029e-06
-0.121212 2.30303 9.2717e-06
-0.121212 2.38384 8.96628e-06
-0.121212 2.46465 8.63496e-06
-0.121212 2.54545 8.27878e-06
-0.121212 2.62626 7.89886e-06
-0.121212 2.70707 7.4964e-06
-0.121212 2.78788 7.07267e-06
-0.121212 2.86869 6.62902e-06
-0.121212 2.94949 6.16686e-06
-0.121212 3.0303 5.68767e-06
-0.121212 3.11111 5.19298e-06
-0.121212 3.19192 4.68437e-06
-0.121212 3.27273 4.16345e-06
-0.121212 3.35354 3.63189e-06
-0.121212 3.43434 3.09138e-06
-0.121212 3.51515 2.54362e-06
-0.121212 3.59596 1.99034e-06
-0.121212 3.67677 1.43329e-06
-0.121212 3.75758 8.74199e-07
-0.121212 3.83838 3.14821e-07
-0.121212 3.91919 -2.43118e-07
-0.121212 4 0
-0.040404 -4 0
-0.040404 -3.91919 -8.44289e-07
-0.040404 -3.83838 -1.17173e-06
-0.040404 -3.75758 -1.48959e-06
-0.040404 -3.67677 -1.79609e-06
-0.040404 -3.59596 -2.08954e-06
-0.040404 -3.51515 -2.36828e-06
-0.040404 -3.43434 -2.63076e-06
-0.040404 -3.35354 -2.87547e-06
-0.040404 -3.27273 -3.10102e-06
-0.040404 -3.19192 -3.30609e-06
-0.040404 -3.11111 -3.48948e-06
-0.040404 -3.0303 -3.65007e-06
-0.040404 -2.94949 -3.78685e-06
-0.040404 -2.86869 -3.89894e-06
-0.040404 -2.78788 -3.98554e-06
-0.040404 -2.70707 -4.046e-06
-0.040404 -2.62626 -4.07977e-06
-0.040404 -2.54545 -4.08642e-06
-0.040404 -2.46465 -4.06565e-06
-0.040404 -2.38384 -4.01728e-06
-0.040404 -2.30303 -3.94126e-06
-0.040404 -2.22222 -3.83765e-06
-0.040404 -2.14141 -3.70665e-06
-0.040404 -2.06061 -3.54856e-06
-0.040404 -1.9798 -3.36384e-06
-0.040404 -1.89899 -3.15301e-06
-0.040404 -1.81818 -2.91676e-06
-0.040404 -1.73737 -2.65586e-06
-0.040404 -1.65657 -2.3712e-06
-0.040404 -1.57576 -2.06377e-06
-0.040404 -1.49495 -1.73468e-06
-0.040404 -1.41414 -1.3851e-06
-0.040404 -1.33333 -1.01634e-06
-0.040404 -1.25253 -6.2974e-07
-0.040404 -1.17172 -2.26763e-07
-0.040404 -1.09091 1.91073e-07
-0.040404 -1.0101 6.22181e-07
-0.040404 -0.929293 1.06491e-06
-0.040404 -0.848485 1.51756e-06
-0.040404 -0.767677 1.97838e-06
-0.040404 -0.686869 2.44557e-06
-0.040404 -0.606061 2.91733e-06
-0.040404 -0.525253 3.3918e-06
-0.040404 -0.444444 3.86711e-06
-0.040404 -0.363636 4.34141e-06
-0.040404 -0.282828 4.8128e-06
-0.040404 -0.20202 5.27942e-06
-0.040404 -0.121212 5.73941e-06
-0.040404 -0.040404 6.19094e-06
-0.040404 0.040404 6.6322e-06
-0.040404 0.121212 7.0614e-06
-0.040404 0.20202 7.47683e-06
-0.040404 0.282828 7.87678e-06
-0.040404 0.363636 8.25965e-06
-0.040404 0.444444 8.62384e-06
-0.040404 0.525253 8.96788e-06
-0.040404 0.606061 9.29032e-06
-0.040404 0.686869 9.58983e-06
-0.040404 0.767677 9.86513e-06
-0.040404 0.848485 1.01151e-05
-0.040404 0.929293 1.03385e-05
-0.040404 1.0101 1.05345e-05
-0.040404 1.09091 1.07022e-05
-0.040404 1.17172 1.08408e-05
-0.040404 1.25253 1.09496e-05
-0.040404 1.33333 1.10281e-05
-0.040404 1.41414 1.10758e-05
-0.040404 1.49495 1.10923e-05
-0.040404 1.57576 1.10775e-05
-0.040404 1.65657 1.10311e-05
-0.040404 1.73737 1.09534e-05
-0.040404 1.81818 1.08442e-05
-0.040404 1.89899 1.0704e-05
-0.040404 1.9798 1.05329e-05
-0.040404 2.06061 1.03316e-05
-0.040404 2.14141 1.01005e-05
-0.040404 2.22222 9.84022e-06
-0.040404 2.30303 9.55166e-06
-0.040404 2.38384 9.23564e-06
-0.040404 2.46465 8.89313e-06
-0.040404 2.54545 8.52519e-06
-0.040404 2.62626 8.13296e-06
-0.040404 2.70707 7.71767e-06
-0.040404 2.78788 7.28064e-06
-0.040404 2.86869 6.82324e-06
-0.040404 2.94949 6.34692e-06
-0.040404 3.0303 5.8532e-06
-0.040404 3.11111 5.34363e-06
-0.040404 3.19192 4.81985e-06
-0.040404 3.27273 4.2835e-06
-0.040404 3.35354 3.73629e-06
-0.040404 3.43434 3.17994e-06
-0.040404 3.51515 2.61621e-06
-0.040404 3.59596 2.04687e-06
-0.040404 3.67677 1.47369e-06
-0.040404 3.75758 8.9846e-07
-0.040404 3.83838 3.22964e-07
-0.040404 3.91919 -2.51025e-07
-0.040404 4 0
0.040404 -4 0
0.040404 -3.91919 -8.49128e-07
0.040404 -3.83838 -1.17813e-06
0.040404 -3.75758 -1.49738e-06
0.040404 -3.67677 -1.80508e-06
0.040404 -3.59596 -2.09948e-06
0.040404 -3.51515 -2.37891e-06
0.040404 -3.43434 -2.64178e-06
0.040404 -3.35354 -2.88657e-06
0.040404 -3.27273 -3.11185e-06
0.040404 -3.19192 -3.31629e-06
0.040404 -3.11111 -3.49866e-06
0.040404 -3.0303 -3.65782e-06
0.040404 -2.94949 -3.79275e-06
0.040404 -2.86869 -3.90255e-06
0.040404 -2.78788 -3.98643e-06
0.040404 -2.70707 -4.0437e-06
0.040404 -2.62626 -4.07382e-06
0.040404 -2.54545 -4.07635e-06
0.040404 -2.46465 -4.051e-06
0.040404 -2.38384 -3.99758e-06
0.040404 -2.30303 -3.91604e-06
0.040404 -2.22222 -3.80646e-06
0.040404 -2.14141 -3.66904e-06
0.040404 -2.06061 -3.5041e-06
0.040404 -1.9798 -3.31209e-06
0.040404 -1.89899 -3.09357e-06
0.040404 -1.81818 -2.84923e-06
0.040404 -1.73737 -2.57987e-06
0.040404 -1.65657 -2.28641e-06
0.040404 -1.57576 -1.96985e-06
0.040404 -1.49495 -1.63133e-06
0.040404 -1.41414 -1.27205e-06
0.040404 -1.33333 -8.93344e-07
0.040404 -1.25253 -4.96595e-07
0.040404 -1.17172 -8.32884e-08
0.040404 -1.09091 3.45022e-07
0.040404 -1.0101 7.86712e-07
0.040404 -0.929293 1.2401e-06
0.040404 -0.848485 1.70343e-06
0.040404 -0.767677 2.17494e-06
0.040404 -0.686869 2.65279e-06
0.040404 -0.606061 3.13511e-06
0.040404 -0.525253 3.62003e-06
0.040404 -0.444444 4.10564e-06
0.040404 -0.363636 4.59003e-06
0.040404 -0.282828 5.07128e-06
0.040404 -0.20202 5.54749e-06
0.040404 -0.121212 6.01677e-06
0.040404 -0.040404 6.47722e-06
0.040404 0.040404 6.92702e-06
0.040404 0.121212 7.36435e-06
0.040404 0.20202 7.78745e-06
0.040404 0.282828 8.19459e-06
0.040404 0.363636 8.58412e-06
0.040404 0.444444 8.95443e-06
0.040404 0.525253 9.304e-06
0.040404 0.606061 9.63138e-06
0.040404 0.686869 9.93519e-06
0.040404 0.767677 1.02142e-05
0.040404 0.848485 1.04671e-05
0.040404 0.929293 1.06928e-05
0.040404 1.0101 1.08904e-05
0.040404 1.09091 1.1059e-05
0.040404 1.17172 1.11977e-05
0.040404 1.25253 1.13059e-05
0.040404 1.33333 1.1383e-05
0.040404 1.41414 1.14285e-05
0.040404 1.49495 1.14422e-05
0.040404 1.57576 1.14237e-05
0.040404 1.65657 1.1373e-05
0.040404 1.73737 1.12901e-05
0.040404 1.81818 1.11751e-05
0.040404 1.89899 1.10283e-05
0.040404 1.9798 1.08499e-05
0.040404 2.06061 1.06405e-05
0.040404 2.14141 1.04006e-05
0.040404 2.22222 1.0131e-05
0.040404 2.30303 9.83244e-06
0.040404 2.38384 9.50577e-06
0.040404 2.46465 9.152e-06
0.040404 2.54545 8.77224e-06
0.040404 2.62626 8.36764e-06
0.040404 2.70707 7.93948e-06
0.040404 2.78788 7.4891e-06
0.040404 2.86869 7.0179e-06
0.040404 2.94949 6.52738e-06
0.040404 3.0303 6.01907e-06
0.040404 3.11111 5.49459e-06
0.040404 3.19192 4.9556e-06
0.040404 3.27273 4.40378e-06
0.040404 3.35354 3.84087e-06
0.040404 3.43434 3.26866e-06
0.040404 3.51515 2.68892e-06
0.040404 3.59596 2.10347e-06
0.040404 3.67677 1.51413e-06
0.040404 3.75758 9.2273e-07
0.040404 3.83838 3.31086e-07
0.040404 3.91919 -2.58986e-07
0.040404 4 0
0.121212 -4 0
0.121212 -3.91919 -8.53546e-07
0.121212 -3.83838 -1.18395e-06
0.121212 -3.75758 -1.50444e-06
0.121212 -3.67677 -1.81317e-06
0.121212 -3.59596 -2.10837e-06
0.121212 -3.51515 -2.38834e-06
0.121212 -3.43434 -2.65145e-06
0.121212 -3.35354 -2.89617e-06
0.121212 -3.27273 -3.12104e-06
0.121212 -3.19192 -3.32471e-06
0.121212 -3.11111 -3.50593e-06
0.121212 -3.0303 -3.66353e-06
0.121212 -2.94949 -3.7965e-06
0.121212 -2.86869 -3.9039e-06
0.121212 -2.78788 -3.98493e-06
0.121212 -2.70707 -4.03891e-06
0.121212 -2.62626 -4.06527e-06
0.121212 -2.54545 -4.0636e-06
0.121212 -2.46465 -4.03357e-06
0.121212 -2.38384 -3.97502e-06
0.121212 -2.30303 -3.8879e-06
0.121212 -2.22222 -3.77228e-06
0.121212 -2.14141 -3.62837e-06
0.121212 -2.06061 -3.45651e-06
0.121212 -1.9798 -3.25717e-06
0.121212 -1.89899 -3.03091e-06
0.121212 -1.81818 -2.77845e-06
0.121212 -1.73737 -2.50061e-06
0.121212 -1.65657 -2.19831e-06
0.121212 -1.57576 -1.87261e-06
0.121212 -1.49495 -1.52464e-06
0.121212 -1.41414 -1.15566e-06
0.121212 -1.33333 -7.67012e-07
0.121212 -1.25253 -3.60118e-07
0.121212 -1.17172 6.35062e-08
0.121212 -1.09091 5.02272e-07
0.121212 -1.0101 9.5452e-07
0.121212 -0.929293 1.41853e-06
0.121212 -0.848485 1.89252e-06
0.121212 -0.767677 2.37468e-06
0.121212 -0.686869 2.86313e-06
0.121212 -0.606061 3.35597e-06
0.121212 -0.525253 3.85129e-06
0.121212 -0.444444 4.34714e-06
0.121212 -0.363636 4.84156e-06
0.121212 -0.282828 5.33261e-06
0.121212 -0.20202 5.81835e-06
0.121212 -0.121212 6.29683e-06
0.121212 -0.040404 6.76614e-06
0.121212 0.040404 7.22441e-06
0.121212 0.121212 7.66979e-06
0.121212 0.20202 8.10048e-06
0.121212 0.282828 8.51472e-06
0.121212 0.363636 8.91083e-06
0.121212 0.444444 9.28718e-06
0.121212 0.525253 9.64221e-06
0.121212 0.606061 9.97444e-06
0.121212 0.686869 1.02825e-05
0.121212 0.767677 1.0565e-05
0.121212 0.848485 1.08208e-05
0.121212 0.929293 1.10488e-05
0.121212 1.0101 1.12479e-05
0.121212 1.09091 1.14172e-05
0.121212 1.17172 1.1556e-05
0.121212 1.25253 1.16635e-05
0.121212 1.33333 1.17391e-05
0.121212 1.41414 1.17825e-05
0.121212 1.49495 1.17932e-05
0.121212 1.57576 1.1771e-05
0.121212 1.65657 1.17159e-05
0.121212 1.73737 1.16278e-05
0.121212 1.81818 1.15068e-05
0.121212 1.89899 1.13533e-05
0.121212 1.9798 1.11675e-05
0.121212 2.06061 1.09501e-05
0.121212 2.14141 1.07014e-05
0.121212 2.22222 1.04224e-05
0.121212 2.30303 1.01137e-05
0.121212 2.38384 9.77635e-06
0.121212 2.46465 9.41129e-06
0.121212 2.54545 9.01966e-06
0.121212 2.62626 8.60266e-06
0.121212 2.70707 8.16159e-06
0.121212 2.78788 7.69781e-06
0.121212 2.86869 7.21279e-06
0.121212 2.94949 6.70803e-06
0.121212 3.0303 6.18511e-06
0.121212 3.11111 5.64569e-06
0.121212 3.19192 5.09146e-06
0.121212 3.27273 4.52414e-06
0.121212 3.35354 3.94553e-06
0.121212 3.43434 3.35742e-06
0.121212 3.51515 2.76166e-06
0.121212 3.59596 2.16009e-06
0.121212 3.67677 1.55458e-06
0.121212 3.75758 9.46984e-07
0.121212 3.83838 3.39176e-07
0.121212 3.91919 -2.66992e-07
0.121212 4 0
0.20202 -4 0
0.20202 -3.91919 -8.57556e-07
0.20202 -3.83838 -1.18921e-06
0.20202 -3.75758 -1.51078e-06
0.20202 -3.67677 -1.82039e-06
0.20202 -3.59596 -2.11624e-06
0.20202 -3.51515 -2.3966e-06
0.20202 -3.43434 -2.65982e-06
0.20202 -3.35354 -2.90433e-06
0.20202 -3.27273 -3.12866e-06
0.20202 -3.19192 -3.33142e-06
0.20202 -3.11111 -3.51136e-06
0.20202 -3.0303 -3.66729e-06
0.20202 -2.94949 -3.79817e-06
0.20202 -2.86869 -3.90306e-06
0.20202 -2.78788 -3.98114e-06
0.20202 -2.70707 -4.03173e-06
0.20202 -2.62626 -4.05425e-06
0.20202 -2.54545 -4.04828e-06
0.20202 -2.46465 -4.0135e-06
0.20202 -2.38384 -3.94975e-06
0.20202 -2.30303 -3.85696e-06
0.20202 -2.22222 -3.73524e-06
0.20202 -2.14141 -3.5848e-06
0.20202 -2.06061 -3.40598e-06
0.20202 -1.9798 -3.19926e-06
0.20202 -1.89899 -2.96523e-06
0.20202 -1.81818 -2.70462e-06
0.20202 -1.73737 -2.41827e-06
0.20202 -1.65657 -2.10713e-06
0.20202 -1.57576 -1.77228e-06
0.20202 -1.49495 -1.41487e-06
0.20202 -1.41414 -1.03619e-06
0.20202 -1.33333 -6.37609e-07
0.20202 -1.25253 -2.20587e-07
0.20202 -1.17172 2.13331e-07
0.20202 -1.09091 6.62522e-07
0.20202 -1.0101 1.12529e-06
0.20202 -0.929293 1.59989e-06
0.20202 -0.848485 2.0845e-06
0.20202 -0.767677 2.57725e-06
0.20202 -0.686869 3.07625e-06
0.20202 -0.606061 3.57956e-06
0.20202 -0.525253 4.08521e-06
0.20202 -0.444444 4.59123e-06
0.20202 -0.363636 5.09562e-06
0.20202 -0.282828 5.5964e-06
0.20202 -0.20202 6.09158e-06
0.20202 -0.121212 6.57919e-06
0.20202 -0.040404 7.05728e-06
0.20202 0.040404 7.52394e-06
0.20202 0.121212 7.97729e-06
0.20202 0.20202 8.41548e-06
0.20202 0.282828 8.83674e-06
0.20202 0.363636 9.23935e-06
0.20202 0.444444 9.62165e-06
0.20202 0.525253 9.98205e-06
0.20202 0.606061 1.0319e-05
0.20202 0.686869 1.06312e-05
0.20202 0.767677 1.09172e-05
0.20202 0.848485 1.11759e-05
0.20202 0.929293 1.1406e-05
0.20202 1.0101 1.16065e-05
0.20202 1.09091 1.17765e-05
0.20202 1.17172 1.19153e-05
0.20202 1.25253 1.2022e-05
0.20202 1.33333 1.20961e-05
0.20202 1.41414 1.21372e-05
0.20202 1.49495 1.21449e-05
0.20202 1.57576 1.2119e-05
0.20202 1.65657 1.20593e-05
0.20202 1.73737 1.19659e-05
0.20202 1.81818 1.1839e-05
0.20202 1.89899 1.16787e-05
0.20202 1.9798 1.14856e-05
0.20202 2.06061 1.12599e-05
0.20202 2.14141 1.10025e-05
0.20202 2.22222 1.0714e-05
0.20202 2.30303 1.03952e-05
0.20202 2.38384 1.00471e-05
0.20202 2.46465 9.67069e-06
0.20202 2.54545 9.26717e-06
0.20202 2.62626 8.83775e-06
0.20202 2.70707 8.38374e-06
0.20202 2.78788 7.90656e-06
0.20202 2.86869 7.40768e-06
0.20202 2.94949 6.88867e-06
0.20202 3.0303 6.35114e-06
0.20202 3.11111 5.79677e-06
0.20202 3.19192 5.22729e-06
0.20202 3.27273 4.64447e-06
0.20202 3.35354 4.05014e-06
0.20202 3.43434 3.44615e-06
0.20202 3.51515 2.83436e-06
0.20202 3.59596 2.21666e-06
0.20202 3.67677 1.59498e-06
0.20202 3.75758 9.71194e-07
0.20202 3.83838 3.47226e-07
0.20202 3.91919 -2.75037e-07
0.20202 4 0
0.282828 -4 0
0.282828 -3.91919 -8.6117e-07
0.282828 -3.83838 -1.19392e-06
0.282828 -3.75758 -1.51642e-06
0.282828 -3.67677 -1.82676e-06
0.282828 -3.59596 -2.12312e-06
0.282828 -3.51515 -2.40373e-06
0.282828 -3.43434 -2.66692e-06
0.282828 -3.35354 -2.91109e-06
0.282828 -3.27273 -3.13475e-06
0.282828 -3.19192 -3.33649e-06
0.282828 -3.11111 -3.51502e-06
0.282828 -3.0303 -3.66917e-06
0.282828 -2.94949 -3.79785e-06
0.282828 -2.86869 -3.90012e-06
0.282828 -2.78788 -3.97516e-06
0.282828 -2.70707 -4.02227e-06
0.282828 -2.62626 -4.04087e-06
0.282828 -2.54545 -4.03052e-06
0.282828 -2.46465 -3.99092e-06
0.282828 -2.38384 -3.9219e-06
0.282828 -2.30303 -3.8234e-06
0.282828 -2.22222 -3.69552e-06
0.282828 -2.14141 -3.5385e-06
0.282828 -2.06061 -3.35268e-06
0.282828 -1.9798 -3.13856e-06
0.282828 -1.89899 -2.89674e-06
0.282828 -1.81818 -2.62796e-06
0.282828 -1.73737 -2.33309e-06
0.282828 -1.65657 -2.01311e-06
0.282828 -1.57576 -1.6691e-06
0.282828 -1.49495 -1.30226e-06
0.282828 -1.41414 -9.13898e-07
0.282828 -1.33333 -5.0541e-07
0.282828 -1.25253 -7.82886e-08
0.282828 -1.17172 3.65889e-07
0.282828 -1.09091 8.25467e-07
0.282828 -1.0101 1.29872e-06
0.282828 -0.929293 1.78385e-06
0.282828 -0.848485 2.27901e-06
0.282828 -0.767677 2.78231e-06
0.282828 -0.686869 3.29179e-06
0.282828 -0.606061 3.80549e-06
0.282828 -0.525253 4.32141e-06
0.282828 -0.444444 4.83753e-06
0.282828 -0.363636 5.35181e-06
0.282828 -0.282828 5.86224e-06
0.282828 -0.20202 6.36678e-06
0.282828 -0.121212 6.86344e-06
0.282828 -0.040404 7.35023e-06
0.282828 0.040404 7.82519e-06
0.282828 0.121212 8.28641e-06
0.282828 0.20202 8.73203e-06
0.282828 0.282828 9.16022e-06
0.282828 0.363636 9.56924e-06
0.282828 0.444444 9.9574e-06
0.282828 0.525253 1.03231e-05
0.282828 0.606061 1.06648e-05
0.282828 0.686869 1.0981e-05
0.282828 0.767677 1.12704e-05
0.282828 0.848485 1.15318e-05
0.282828 0.929293 1.17639e-05
0.282828 1.0101 1.19658e-05
0.282828 1.09091 1.21364e-05
0.282828 1.17172 1.22751e-05
0.282828 1.25253 1.2381e-05
0.282828 1.33333 1.24535e-05
0.282828 1.41414 1.24923e-05
0.282828 1.49495 1.24969e-05
0.282828 1.57576 1.24672e-05
0.282828 1.65657 1.24029e-05
0.282828 1.73737 1.23042e-05
0.282828 1.81818 1.21712e-05
0.282828 1.89899 1.20042e-05
0.282828 1.9798 1.18036e-05
0.282828 2.06061 1.15698e-05
0.282828 2.14141 1.13035e-05
0.282828 2.22222 1.10055e-05
0.282828 2.30303 1.06765e-05
0.282828 2.38384 1.03177e-05
0.282828 2.46465 9.92993e-06
0.282828 2.54545 9.5145e-06
0.282828 2.62626 9.07263e-06
0.282828 2.70707 8.60569e-06
0.282828 2.78788 8.11509e-06
0.282828 2.86869 7.60237e-06
0.282828 2.94949 7.06911e-06
0.282828 3.0303 6.51696e-06
0.282828 3.11111 5.94765e-06
0.282828 3.19192 5.36293e-06
0.282828 3.27273 4.76463e-06
0.282828 3.35354 4.15459e-06
0.282828 3.43434 3.53472e-06
0.282828 3.51515 2.90692e-06
0.282828 3.59596 2.27313e-06
0.282828 3.67677 1.63528e-06
0.282828 3.75758 9.95334e-07
0.282828 3.83838 3.55225e-07
0.282828 3.91919 -2.83111e-07
0.282828 4 0
0.363636 -4 0
0.363636 -3.91919 -8.64401e-07
0.363636 -3.83838 -1.1981e-06
0.363636 -3.75758 -1.52139e-06
0.363636 -3.67677 -1.83232e-06
0.363636 -3.59596 -2.12905e-06
0.363636 -3.51515 -2.40978e-06
0.363636 -3.43434 -2.6728e-06
0.363636 -3.35354 -2.91651e-06
0.363636 -3.27273 -3.13937e-06
0.363636 -3.19192 -3.33997e-06
0.363636 -3.11111 -3.517e-06
0.363636 -3.0303 -3.66925e-06
0.363636 -2.94949 -3.79563e-06
0.363636 -2.86869 -3.8952e-06
0.363636 -2.78788 -3.96711e-06
0.363636 -2.70707 -4.01065e-06
0.363636 -2.62626 -4.02524e-06
0.363636 -2.54545 -4.01046e-06
0.363636 -2.46465 -3.96597e-06
0.363636 -2.38384 -3.89162e-06
0.363636 -2.30303 -3.78736e-06
0.363636 -2.22222 -3.65329e-06
0.363636 -2.14141 -3.48965e-06
0.363636 -2.06061 -3.2968e-06
0.363636 -1.9798 -3.07525e-06
0.363636 -1.89899 -2.82563e-06
0.363636 -1.81818 -2.54868e-06
0.363636 -1.73737 -2.2453e-06
0.363636 -1.65657 -1.91647e-06
0.363636 -1.57576 -1.56333e-06
0.363636 -1.49495 -1.18708e-06
0.363636 -1.41414 -7.89056e-07
0.363636 -1.33333 -3.70694e-07
0.363636 -1.25253 6.64875e-08
0.363636 -1.17172 5.2088e-07
0.363636 -1.09091 9.90795e-07
0.363636 -1.0101 1.47447e-06
0.363636 -0.929293 1.97008e-06
0.363636 -0.848485 2.47573e-06
0.363636 -0.767677 2.9895e-06
0.363636 -0.686869 3.5094e-06
0.363636 -0.606061 4.03342e-06
0.363636 -0.525253 4.55952e-06
0.363636 -0.444444 5.08565e-06
0.363636 -0.363636 5.60974e-06
0.363636 -0.282828 6.12973e-06
0.363636 -0.20202 6.64355e-06
0.363636 -0.121212 7.14916e-06
0.363636 -0.040404 7.64455e-06
0.363636 0.040404 8.12772e-06
0.363636 0.121212 8.59673e-06
0.363636 0.20202 9.04967e-06
0.363636 0.282828 9.4847e-06
0.363636 0.363636 9.90004e-06
0.363636 0.444444 1.0294e-05
0.363636 0.525253 1.06648e-05
0.363636 0.606061 1.10111e-05
0.363636 0.686869 1.13313e-05
0.363636 0.767677 1.1624e-05
0.363636 0.848485 1.1888e-05
0.363636 0.929293 1.21222e-05
0.363636 1.0101 1.23253e-05
0.363636 1.09091 1.24965e-05
0.363636 1.17172 1.2635e-05
0.363636 1.25253 1.274e-05
0.363636 1.33333 1.28109e-05
0.363636 1.41414 1.28473e-05
0.363636 1.49495 1.28488e-05
0.363636 1.57576 1.28151e-05
0.363636 1.65657 1.27463e-05
0.363636 1.73737 1.26422e-05
0.363636 1.81818 1.25032e-05
0.363636 1.89899 1.23293e-05
0.363636 1.9798 1.21212e-05
0.363636 2.06061 1.18792e-05
0.363636 2.14141 1.1604e-05
0.363636 2.22222 1.12965e-05
0.363636 2.30303 1.09574e-05
0.363636 2.38384 1.05878e-05
0.363636 2.46465 1.01887e-05
0.363636 2.54545 9.76135e-06
0.363636 2.62626 9.30705e-06
0.363636 2.70707 8.82717e-06
0.363636 2.78788 8.32318e-06
0.363636 2.86869 7.79663e-06
0.363636 2.94949 7.24914e-06
0.363636 3.0303 6.68239e-06
0.363636 3.11111 6.09816e-06
0.363636 3.19192 5.49823e-06
0.363636 3.27273 4.88447e-06
0.363636 3.35354 4.25877e-06
0.363636 3.43434 3.62305e-06
0.363636 3.51515 2.97928e-06
0.363636 3.59596 2.32942e-06
0.363636 3.67677 1.67545e-06
0.363636 3.75758 1.01937e-06
0.363636 3.83838 3.63164e-07
0.363636 3.91919 -2.91206e-07
0.363636 4 0
0.444444 -4 0
0.444444 -3.91919 -8.67262e-07
0.444444 -3.83838 -1.20178e-06
0.444444 -3.75758 -1.52571e-06
0.444444 -3.67677 -1.8371e-06
0.444444 -3.59596 -2.13407e-06
0.444444 -3.51515 -2.41478e-06
0.444444 -3.43434 -2.67752e-06
0.444444 -3.35354 -2.92064e-06
0.444444 -3.27273 -3.1426e-06
0.444444 -3.19192 -3.34194e-06
0.444444 -3.11111 -3.51735e-06
0.444444 -3.0303 -3.66761e-06
0.444444 -2.94949 -3.79161e-06
0.444444 -2.86869 -3.88838e-06
0.444444 -2.78788 -3.95707e-06
0.444444 -2.70707 -3.99697e-06
0.444444 -2.62626 -4.0075e-06
0.444444 -2.54545 -3.98821e-06
0.444444 -2.46465 -3.93878e-06
0.444444 -2.38384 -3.85906e-06
0.444444 -2.30303 -3.749e-06
0.444444 -2.22222 -3.6087e-06
0.444444 -2.14141 -3.43842e-06
0.444444 -2.06061 -3.23853e-06
0.444444 -1.9798 -3.00955e-06
0.444444 -1.89899 -2.75211e-06
0.444444 -1.81818 -2.467e-06
0.444444 -1.73737 -2.15511e-06
0.444444 -1.65657 -1.81747e-06
0.444444 -1.57576 -1.45521e-06
0.444444 -1.49495 -1.06958e-06
0.444444 -1.41414 -6.61938e-07
0.444444 -1.33333 -2.33746e-07
0.444444 -1.25253 2.13446e-07
0.444444 -1.17172 6.77999e-07
0.444444 -1.09091 1.15819e-06
0.444444 -1.0101 1.65222e-06
0.444444 -0.929293 2.15824e-06
0.444444 -0.848485 2.67431e-06
0.444444 -0.767677 3.19847e-06
0.444444 -0.686869 3.7287e-06
0.444444 -0.606061 4.26295e-06
0.444444 -0.525253 4.79915e-06
0.444444 -0.444444 5.3352e-06
0.444444 -0.363636 5.86901e-06
0.444444 -0.282828 6.39846e-06
0.444444 -0.20202 6.92146e-06
0.444444 -0.121212 7.43593e-06
0.444444 -0.040404 7.93982e-06
0.444444 0.040404 8.4311e-06
0.444444 0.121212 8.9078e-06
0.444444 0.20202 9.36797e-06
0.444444 0.282828 9.80974e-06
0.444444 0.363636 1.02313e-05
0.444444 0.444444 1.06309e-05
0.444444 0.525253 1.10069e-05
0.444444 0.606061 1.13576e-05
0.444444 0.686869 1.16817e-05
0.444444 0.767677 1.19777e-05
0.444444 0.848485 1.22443e-05
0.444444 0.929293 1.24803e-05
0.444444 1.0101 1.26846e-05
0.444444 1.09091 1.28563e-05
0.444444 1.17172 1.29945e-05
0.444444 1.25253 1.30986e-05
0.444444 1.33333 1.31678e-05
0.444444 1.41414 1.32017e-05
0.444444 1.49495 1.32e-05
0.444444 1.57576 1.31624e-05
0.444444 1.65657 1.30889e-05
0.444444 1.73737 1.29795e-05
0.444444 1.81818 1.28343e-05
0.444444 1.89899 1.26537e-05
0.444444 1.9798 1.2438e-05
0.444444 2.06061 1.21878e-05
0.444444 2.14141 1.19038e-05
0.444444 2.22222 1.15867e-05
0.444444 2.30303 1.12375e-05
0.444444 2.38384 1.08571e-05
0.444444 2.46465 1.04467e-05
0.444444 2.54545 1.00074e-05
0.444444 2.62626 9.54073e-06
0.444444 2.70707 9.04794e-06
0.444444 2.78788 8.53058e-06
0.444444 2.86869 7.99023e-06
0.444444 2.94949 7.42854e-06
0.444444 3.0303 6.84725e-06
0.444444 3.11111 6.24813e-06
0.444444 3.19192 5.63304e-06
0.444444 3.27273 5.00387e-06
0.444444 3.35354 4.36254e-06
0.444444 3.43434 3.71104e-06
0.444444 3.51515 3.05134e-06
0.444444 3.59596 2.38547e-06
0.444444 3.67677 1.71544e-06
0.444444 3.75758 1.04329e-06
0.444444 3.83838 3.71034e-07
0.444444 3.91919 -2.99313e-07
0.444444 4 0
0.525253 -4 0
0.525253 -3.91919 -8.69766e-07
0.525253 -3.83838 -1.20496e-06
0.525253 -3.75758 -1.52941e-06
0.525253 -3.67677 -1.84113e-06
0.525253 -3.59596 -2.1382e-06
0.525253 -3.51515 -2.41879e-06
0.525253 -3.43434 -2.68112e-06
0.525253 -3.35354 -2.92354e-06
0.525253 -3.27273 -3.14448e-06
0.525253 -3.19192 -3.34247e-06
0.525253 -3.11111 -3.51617e-06
0.525253 -3.0303 -3.66434e-06
0.525253 -2.94949 -3.78586e-06
0.525253 -2.86869 -3.87976e-06
0.525253 -2.78788 -3.94517e-06
0.525253 -2.70707 -3.98136e-06
0.525253 -2.62626 -3.98776e-06
0.525253 -2.54545 -3.96392e-06
0.525253 -2.46465 -3.90951e-06
0.525253 -2.38384 -3.82437e-06
0.525253 -2.30303 -3.70848e-06
0.525253 -2.22222 -3.56194e-06
0.525253 -2.14141 -3.385e-06
0.525253 -2.06061 -3.17806e-06
0.525253 -1.9798 -2.94164e-06
0.525253 -1.89899 -2.67641e-06
0.525253 -1.81818 -2.38314e-06
0.525253 -1.73737 -2.06277e-06
0.525253 -1.65657 -1.71634e-06
0.525253 -1.57576 -1.345e-06
0.525253 -1.49495 -9.50031e-07
0.525253 -1.41414 -5.32821e-07
0.525253 -1.33333 -9.48536e-08
0.525253 -1.25253 3.62289e-07
0.525253 -1.17172 8.36936e-07
0.525253 -1.09091 1.32733e-06
0.525253 -1.0101 1.83165e-06
0.525253 -0.929293 2.34798e-06
0.525253 -0.848485 2.87439e-06
0.525253 -0.767677 3.40885e-06
0.525253 -0.686869 3.94932e-06
0.525253 -0.606061 4.49371e-06
0.525253 -0.525253 5.03991e-06
0.525253 -0.444444 5.58579e-06
0.525253 -0.363636 6.1292e-06
0.525253 -0.282828 6.66801e-06
0.525253 -0.20202 7.20009e-06
0.525253 -0.121212 7.72332e-06
0.525253 -0.040404 8.2356e-06
0.525253 0.040404 8.73489e-06
0.525253 0.121212 9.21917e-06
0.525253 0.20202 9.68646e-06
0.525253 0.282828 1.01349e-05
0.525253 0.363636 1.05626e-05
0.525253 0.444444 1.09677e-05
0.525253 0.525253 1.13487e-05
0.525253 0.606061 1.17039e-05
0.525253 0.686869 1.20317e-05
0.525253 0.767677 1.23309e-05
0.525253 0.848485 1.25999e-05
0.525253 0.929293 1.28377e-05
0.525253 1.0101 1.30432e-05
0.525253 1.09091 1.32153e-05
0.525253 1.17172 1.33532e-05
0.525253 1.25253 1.34562e-05
0.525253 1.33333 1.35237e-05
0.525253 1.41414 1.35552e-05
0.525253 1.49495 1.35502e-05
0.525253 1.57576 1.35087e-05
0.525253 1.65657 1.34305e-05
0.525253 1.73737 1.33157e-05
0.525253 1.81818 1.31644e-05
0.525253 1.89899 1.29769e-05
0.525253 1.9798 1.27537e-05
0.525253 2.06061 1.24953e-05
0.525253 2.14141 1.22024e-05
0.525253 2.22222 1.18758e-05
0.525253 2.30303 1.15164e-05
0.525253 2.38384 1.11253e-05
0.525253 2.46465 1.07036e-05
0.525253 2.54545 1.02525e-05
0.525253 2.62626 9.77339e-06
0.525253 2.70707 9.26774e-06
0.525253 2.78788 8.73705e-06
0.525253 2.86869 8.18295e-06
0.525253 2.94949 7.60712e-06
0.525253 3.0303 7.01132e-06
0.525253 3.11111 6.39739e-06
0.525253 3.19192 5.7672e-06
0.525253 3.27273 5.12268e-06
0.525253 3.35354 4.4658e-06
0.525253 3.43434 3.79857e-06
0.525253 3.51515 3.12303e-06
0.525253 3.59596 2.44122e-06
0.525253 3.67677 1.7552e-06
0.525253 3.75758 1.06705e-06
0.525253 3.83838 3.78825e-07
0.525253 3.91919 -3.07424e-07
0.525253 4 0
0.606061 -4 0
0.606061 -3.91919 -8.71929e-07
0.606061 -3.83838 -1.20767e-06
0.606061 -3.75758 -1.53251e-06
0.606061 -3.67677 -1.84444e-06
0.606061 -3.59596 -2.1415e-06
0.606061 -3.51515 -2.42184e-06
0.606061 -3.43434 -2.68366e-06
0.606061 -3.35354 -2.92527e-06
0.606061 -3.27273 -3.14509e-06
0.606061 -3.19192 -3.34163e-06
0.606061 -3.11111 -3.51352e-06
0.606061 -3.0303 -3.65952e-06
0.606061 -2.94949 -3.77849e-06
0.606061 -2.86869 -3.86944e-06
0.606061 -2.78788 -3.9315e-06
0.606061 -2.70707 -3.96394e-06
0.606061 -2.62626 -3.96616e-06
0.606061 -2.54545 -3.93771e-06
0.606061 -2.46465 -3.87829e-06
0.606061 -2.38384 -3.78772e-06
0.606061 -2.30303 -3.66597e-06
0.606061 -2.22222 -3.51317e-06
0.606061 -2.14141 -3.32958e-06
0.606061 -2.06061 -3.11559e-06
0.606061 -1.9798 -2.87174e-06
0.606061 -1.89899 -2.59872e-06
0.606061 -1.81818 -2.29733e-06
0.606061 -1.73737 -1.96851e-06
0.606061 -1.65657 -1.61332e-06
0.606061 -1.57576 -1.23296e-06
0.606061 -1.49495 -8.28705e-07
0.606061 -1.41414 -4.01984e-07
0.606061 -1.33333 4.56932e-08
0.606061 -1.25253 5.12715e-07
0.606061 -1.17172 9.97378e-07
0.606061 -1.09091 1.4979e-06
0.606061 -1.0101 2.01241e-06
0.606061 -0.929293 2.53898e-06
0.606061 -0.848485 3.07562e-06
0.606061 -0.767677 3.62029e-06
0.606061 -0.686869 4.1709e-06
0.606061 -0.606061 4.72532e-06
0.606061 -0.525253 5.28141e-06
0.606061 -0.444444 5.837e-06
0.606061 -0.363636 6.38992e-06
0.606061 -0.282828 6.93798e-06
0.606061 -0.20202 7.47902e-06
0.606061 -0.121212 8.01089e-06
0.606061 -0.040404 8.53146e-06
0.606061 0.040404 9.03864e-06
0.606061 0.121212 9.53039e-06
0.606061 0.20202 1.00047e-05
0.606061 0.282828 1.04596e-05
0.606061 0.363636 1.08933e-05
0.606061 0.444444 1.1304e-05
0.606061 0.525253 1.16899e-05
0.606061 0.606061 1.20494e-05
0.606061 0.686869 1.23809e-05
0.606061 0.767677 1.26831e-05
0.606061 0.848485 1.29546e-05
0.606061 0.929293 1.31941e-05
0.606061 1.0101 1.34006e-05
0.606061 1.09091 1.35731e-05
0.606061 1.17172 1.37107e-05
0.606061 1.25253 1.38126e-05
0.606061 1.33333 1.38783e-05
0.606061 1.41414 1.39072e-05
0.606061 1.49495 1.3899e-05
0.606061 1.57576 1.38535e-05
0.606061 1.65657 1.37706e-05
0.606061 1.73737 1.36503e-05
0.606061 1.81818 1.34929e-05
0.606061 1.89899 1.32986e-05
0.606061 1.9798 1.30678e-05
0.606061 2.06061 1.28012e-05
0.606061 2.14141 1.24995e-05
0.606061 2.22222 1.21634e-05
0.606061 2.30303 1.17939e-05
0.606061 2.38384 1.13921e-05
0.606061 2.46465 1.09591e-05
0.606061 2.54545 1.04962e-05
0.606061 2.62626 1.00048e-05
0.606061 2.70707 9.4863e-06
0.606061 2.78788 8.94235e-06
0.606061 2.86869 8.37456e-06
0.606061 2.94949 7.78466e-06
0.606061 3.0303 7.17444e-06
0.606061 3.11111 6.54576e-06
0.606061 3.19192 5.90055e-06
0.606061 3.27273 5.24077e-06
0.606061 3.35354 4.56842e-06
0.606061 3.43434 3.88556e-06
0.606061 3.51515 3.19426e-06
0.606061 3.59596 2.4966e-06
0.606061 3.67677 1.79469e-06
0.606061 3.75758 1.09063e-06
0.606061 3.83838 3.86528e-07
0.606061 3.91919 -3.15529e-07
0.606061 4 0
0.686869 -4 0
0.686869 -3.91919 -8.73763e-07
0.686869 -3.83838 -1.20992e-06
0.686869 -3.75758 -1.53504e-06
0.686869 -3.67677 -1.84706e-06
0.686869 -3.59596 -2.144e-06
0.686869 -3.51515 -2.42398e-06
0.686869 -3.43434 -2.68518e-06
0.686869 -3.35354 -2.92588e-06
0.686869 -3.27273 -3.14449e-06
0.686869 -3.19192 -3.33949e-06
0.686869 -3.11111 -3.5095e-06
0.686869 -3.0303 -3.65325e-06
0.686869 -2.94949 -3.7696e-06
0.686869 -2.86869 -3.85753e-06
0.686869 -2.78788 -3.91619e-06
0.686869 -2.70707 -3.94481e-06
0.686869 -2.62626 -3.94282e-06
0.686869 -2.54545 -3.90974e-06
0.686869 -2.46465 -3.84527e-06
0.686869 -2.38384 -3.74924e-06
0.686869 -2.30303 -3.62163e-06
0.686869 -2.22222 -3.46257e-06
0.686869 -2.14141 -3.27232e-06
0.686869 -2.06061 -3.0513e-06
0.686869 -1.9798 -2.80005e-06
0.686869 -1.89899 -2.51928e-06
0.686869 -1.81818 -2.2098e-06
0.686869 -1.73737 -1.87257e-06
0.686869 -1.65657 -1.50868e-06
0.686869 -1.57576 -1.11934e-06
0.686869 -1.49495 -7.05871e-07
0.686869 -1.41414 -2.69709e-07
0.686869 -1.33333 1.87601e-07
0.686869 -1.25253 6.64419e-07
0.686869 -1.17172 1.15901e-06
0.686869 -1.09091 1.66956e-06
0.686869 -1.0101 2.19417e-06
0.686869 -0.929293 2.73087e-06
0.686869 -0.848485 3.27765e-06
0.686869 -0.767677 3.83241e-06
0.686869 -0.686869 4.39305e-06
0.686869 -0.606061 4.95739e-06
0.686869 -0.525253 5.52326e-06
0.686869 -0.444444 6.08844e-06
0.686869 -0.363636 6.65074e-06
0.686869 -0.282828 7.20793e-06
0.686869 -0.20202 7.75782e-06
0.686869 -0.121212 8.29821e-06
0.686869 -0.040404 8.82695e-06
0.686869 0.040404 9.34191e-06
0.686869 0.121212 9.84102e-06
0.686869 0.20202 1.03222e-05
0.686869 0.282828 1.07836e-05
0.686869 0.363636 1.12232e-05
0.686869 0.444444 1.16392e-05
0.686869 0.525253 1.20299e-05
0.686869 0.606061 1.23936e-05
0.686869 0.686869 1.27288e-05
0.686869 0.767677 1.3034e-05
0.686869 0.848485 1.33078e-05
0.686869 0.929293 1.3549e-05
0.686869 1.0101 1.37565e-05
0.686869 1.09091 1.39292e-05
0.686869 1.17172 1.40664e-05
0.686869 1.25253 1.41672e-05
0.686869 1.33333 1.4231e-05
0.686869 1.41414 1.42573e-05
0.686869 1.49495 1.42459e-05
0.686869 1.57576 1.41964e-05
0.686869 1.65657 1.41087e-05
0.686869 1.73737 1.3983e-05
0.686869 1.81818 1.38194e-05
0.686869 1.89899 1.36183e-05
0.686869 1.9798 1.338e-05
0.686869 2.06061 1.31053e-05
0.686869 2.14141 1.27947e-05
0.686869 2.22222 1.24491e-05
0.686869 2.30303 1.20696e-05
0.686869 2.38384 1.16571e-05
0.686869 2.46465 1.12129e-05
0.686869 2.54545 1.07382e-05
0.686869 2.62626 1.02346e-05
0.686869 2.70707 9.70337e-06
0.686869 2.78788 9.14623e-06
0.686869 2.86869 8.56483e-06
0.686869 2.94949 7.96095e-06
0.686869 3.0303 7.33639e-06
0.686869 3.11111 6.69307e-06
0.686869 3.19192 6.03294e-06
0.686869 3.27273 5.35799e-06
0.686869 3.35354 4.67029e-06
0.686869 3.43434 3.9719e-06
0.686869 3.51515 3.26494e-06
0.686869 3.59596 2.55155e-06
0.686869 3.67677 1.83385e-06
0.686869 3.75758 1.114e-06
0.686869 3.83838 3.94133e-07
0.686869 3.91919 -3.2362e-07
0.686869 4 0
0.767677 -4 0
0.767677 -3.91919 -8.75283e-07
0.767677 -3.83838 -1.21175e-06
0.767677 -3.75758 -1.53702e-06
0.767677 -3.67677 -1.84902e-06
0.767677 -3.59596 -2.14574e-06
0.767677 -3.51515 -2.42525e-06
0.767677 -3.43434 -2.68573e-06
0.767677 -3.35354 -2.92544e-06
0.767677 -3.27273 -3.14274e-06
0.767677 -3.19192 -3.33612e-06
0.767677 -3.11111 -3.50417e-06
0.767677 -3.0303 -3.6456e-06
0.767677 -2.94949 -3.75926e-06
0.767677 -2.86869 -3.84414e-06
0.767677 -2.78788 -3.89934e-06
0.767677 -2.70707 -3.92411e-06
0.767677 -2.62626 -3.91786e-06
0.767677 -2.54545 -3.88013e-06
0.767677 -2.46465 -3.8106e-06
0.767677 -2.38384 -3.70911e-06
0.767677 -2.30303 -3.57564e-06
0.767677 -2.22222 -3.41032e-06
0.767677 -2.14141 -3.21344e-06
0.767677 -2.06061 -2.9854e-06
0.767677 -1.9798 -2.72679e-06
0.767677 -1.89899 -2.43829e-06
0.767677 -1.81818 -2.12077e-06
0.767677 -1.73737 -1.77519e-06
0.767677 -1.65657 -1.40266e-06
0.767677 -1.57576 -1.00442e-06
0.767677 -1.49495 -5.81802e-07
0.767677 -1.41414 -1.36281e-07
0.767677 -1.33333 3.30575e-07
0.767677 -1.25253 8.17096e-07
0.767677 -1.17172 1.32152e-06
0.767677 -1.09091 1.84199e-06
0.767677 -1.0101 2.37659e-06
0.767677 -0.929293 2.92332e-06
0.767677 -0.848485 3.48011e-06
0.767677 -0.767677 4.04485e-06
0.767677 -0.686869 4.61539e-06
0.767677 -0.606061 5.18953e-06
0.767677 -0.525253 5.76505e-06
0.767677 -0.444444 6.33971e-06
0.767677 -0.363636 6.91126e-06
0.767677 -0.282828 7.47745e-06
0.767677 -0.20202 8.03606e-06
0.767677 -0.121212 8.58484e-06
0.767677 -0.040404 9.12163e-06
0.767677 0.040404 9.64425e-06
0.767677 0.121212 1.01506e-05
0.767677 0.20202 1.06386e-05
0.767677 0.282828 1.11063e-05
0.767677 0.363636 1.15517e-05
0.767677 0.444444 1.1973e-05
0.767677 0.525253 1.23684e-05
0.767677 0.606061 1.27362e-05
0.767677 0.686869 1.30749e-05
0.767677 0.767677 1.33829e-05
0.767677 0.848485 1.3659e-05
0.767677 0.929293 1.39018e-05
0.767677 1.0101 1.41102e-05
0.767677 1.09091 1.42832e-05
0.767677 1.17172 1.44199e-05
0.767677 1.25253 1.45195e-05
0.767677 1.33333 1.45814e-05
0.767677 1.41414 1.46052e-05
0.767677 1.49495 1.45904e-05
0.767677 1.57576 1.45369e-05
0.767677 1.65657 1.44445e-05
0.767677 1.73737 1.43134e-05
0.767677 1.81818 1.41437e-05
0.767677 1.89899 1.39357e-05
0.767677 1.9798 1.369e-05
0.767677 2.06061 1.3407e-05
0.767677 2.14141 1.30877e-05
0.767677 2.22222 1.27327e-05
0.767677 2.30303 1.23432e-05
0.767677 2.38384 1.19201e-05
0.767677 2.46465 1.14647e-05
0.767677 2.54545 1.09784e-05
0.767677 2.62626 1.04625e-05
0.767677 2.70707 9.91868e-06
0.767677 2.78788 9.34845e-06
0.767677 2.86869 8.75355e-06
0.767677 2.94949 8.13578e-06
0.767677 3.0303 7.497e-06
0.767677 3.11111 6.83915e-06
0.767677 3.19192 6.1642e-06
0.767677 3.27273 5.47422e-06
0.767677 3.35354 4.77127e-06
0.767677 3.43434 4.05748e-06
0.767677 3.51515 3.335e-06
0.767677 3.59596 2.606e-06
0.767677 3.67677 1.87265e-06
0.767677 3.75758 1.13713e-06
0.767677 3.83838 4.01632e-07
0.767677 3.91919 -3.31688e-07
0.767677 4 0
0.848485 -4 0
0.848485 -3.91919 -8.76504e-07
0.848485 -3.83838 -1.21317e-06
0.848485 -3.75758 -1.53849e-06
0.848485 -3.67677 -1.85036e-06
0.848485 -3.59596 -2.14675e-06
0.848485 -3.51515 -2.4257e-06
0.848485 -3.43434 -2.68537e-06
0.848485 -3.35354 -2.924e-06
0.848485 -3.27273 -3.13992e-06
0.848485 -3.19192 -3.3316e-06
0.848485 -3.11111 -3.49762e-06
0.848485 -3.0303 -3.63667e-06
0.848485 -2.94949 -3.7476e-06
0.848485 -2.86869 -3.82936e-06
0.848485 -2.78788 -3.88106e-06
0.848485 -2.70707 -3.90196e-06
0.848485 -2.62626 -3.89143e-06
0.848485 -2.54545 -3.84903e-06
0.848485 -2.46465 -3.77443e-06
0.848485 -2.38384 -3.66748e-06
0.848485 -2.30303 -3.52815e-06
0.848485 -2.22222 -3.3566e-06
0.848485 -2.14141 -3.1531e-06
0.848485 -2.06061 -2.91809e-06
0.848485 -1.9798 -2.65214e-06
0.848485 -1.89899 -2.35599e-06
0.848485 -1.81818 -2.03048e-06
0.848485 -1.73737 -1.67661e-06
0.848485 -1.65657 -1.29552e-06
0.848485 -1.57576 -8.88445e-07
0.848485 -1.49495 -4.56771e-07
0.848485 -1.41414 -1.98409e-09
0.848485 -1.33333 4.74319e-07
0.848485 -1.25253 9.7044e-07
0.848485 -1.17172 1.48458e-06
0.848485 -1.09091 2.01487e-06
0.848485 -1.0101 2.55934e-06
0.848485 -0.929293 3.11597e-06
0.848485 -0.848485 3.68265e-06
0.848485 -0.767677 4.25724e-06
0.848485 -0.686869 4.83756e-06
0.848485 -0.606061 5.42136e-06
0.848485 -0.525253 6.00639e-06
0.848485 -0.444444 6.59039e-06
0.848485 -0.363636 7.17106e-06
0.848485 -0.282828 7.74612e-06
0.848485 -0.20202 8.31331e-06
0.848485 -0.121212 8.87036e-06
0.848485 -0.040404 9.41506e-06
0.848485 0.040404 9.9452e-06
0.848485 0.121212 1.04587e-05
0.848485 0.20202 1.09533e-05
0.848485 0.282828 1.14272e-05
0.848485 0.363636 1.18783e-05
0.848485 0.444444 1.23047e-05
0.848485 0.525253 1.27047e-05
0.848485 0.606061 1.30766e-05
0.848485 0.686869 1.34187e-05
0.848485 0.767677 1.37296e-05
0.848485 0.848485 1.40078e-05
0.848485 0.929293 1.42521e-05
0.848485 1.0101 1.44614e-05
0.848485 1.09091 1.46345e-05
0.848485 1.17172 1.47707e-05
0.848485 1.25253 1.48691e-05
0.848485 1.33333 1.49291e-05
0.848485 1.41414 1.49503e-05
0.848485 1.49495 1.49322e-05
0.848485 1.57576 1.48746e-05
0.848485 1.65657 1.47775e-05
0.848485 1.73737 1.46409e-05
0.848485 1.81818 1.44651e-05
0.848485 1.89899 1.42504e-05
0.848485 1.9798 1.39972e-05
0.848485 2.06061 1.37062e-05
0.848485 2.14141 1.33781e-05
0.848485 2.22222 1.30138e-05
0.848485 2.30303 1.26142e-05
0.848485 2.38384 1.21807e-05
0.848485 2.46465 1.17142e-05
0.848485 2.54545 1.12163e-05
0.848485 2.62626 1.06884e-05
0.848485 2.70707 1.0132e-05
0.848485 2.78788 9.54876e-06
0.848485 2.86869 8.94048e-06
0.848485 2.94949 8.30894e-06
0.848485 3.0303 7.65607e-06
0.848485 3.11111 6.98381e-06
0.848485 3.19192 6.2942e-06
0.848485 3.27273 5.5893e-06
0.848485 3.35354 4.87126e-06
0.848485 3.43434 4.14221e-06
0.848485 3.51515 3.40435e-06
0.848485 3.59596 2.65989e-06
0.848485 3.67677 1.91103e-06
0.848485 3.75758 1.16e-06
0.848485 3.83838 4.09014e-07
0.848485 3.91919 -3.39722e-07
0.848485 4 0
0.929293 -4 0
0.929293 -3.91919 -8.77441e-07
0.929293 -3.83838 -1.2142e-06
0.929293 -3.75758 -1.53947e-06
0.929293 -3.67677 -1.85111e-06
0.929293 -3.59596 -2.14708e-06
0.929293 -3.51515 -2.42539e-06
0.929293 -3.43434 -2.68416e-06
0.929293 -3.35354 -2.92162e-06
0.929293 -3.27273 -3.13608e-06
0.929293 -3.19192 -3.326e-06
0.929293 -3.11111 -3.48993e-06
0.929293 -3.0303 -3.62655e-06
0.929293 -2.94949 -3.73469e-06
0.929293 -2.86869 -3.8133e-06
0.929293 -2.78788 -3.86148e-06
0.929293 -2.70707 -3.87847e-06
0.929293 -2.62626 -3.86366e-06
0.929293 -2.54545 -3.81657e-06
0.929293 -2.46465 -3.73691e-06
0.929293 -2.38384 -3.6245e-06
0.929293 -2.30303 -3.47935e-06
0.929293 -2.22222 -3.30158e-06
0.929293 -2.14141 -3.09151e-06
0.929293 -2.06061 -2.84956e-06
0.929293 -1.9798 -2.57634e-06
0.929293 -1.89899 -2.27258e-06
0.929293 -1.81818 -1.93915e-06
0.929293 -1.73737 -1.57707e-06
0.929293 -1.65657 -1.1875e-06
0.929293 -1.57576 -7.7169e-07
0.929293 -1.49495 -3.31054e-07
0.929293 -1.41414 1.32896e-07
0.929293 -1.33333 6.18538e-07
0.929293 -1.25253 1.12414e-06
0.929293 -1.17172 1.64789e-06
0.929293 -1.09091 2.18786e-06
0.929293 -1.0101 2.74208e-06
0.929293 -0.929293 3.30847e-06
0.929293 -0.848485 3.88491e-06
0.929293 -0.767677 4.46921e-06
0.929293 -0.686869 5.05916e-06
0.929293 -0.606061 5.65248e-06
0.929293 -0.525253 6.24689e-06
0.929293 -0.444444 6.84008e-06
0.929293 -0.363636 7.42972e-06
0.929293 -0.282828 8.01351e-06
0.929293 -0.20202 8.58914e-06
0.929293 -0.121212 9.15432e-06
0.929293 -0.040404 9.70679e-06
0.929293 0.040404 1.02443e-05
0.929293 0.121212 1.07648e-05
0.929293 0.20202 1.1266e-05
0.929293 0.282828 1.17459e-05
0.929293 0.363636 1.22026e-05
0.929293 0.444444 1.26341e-05
0.929293 0.525253 1.30386e-05
0.929293 0.606061 1.34144e-05
0.929293 0.686869 1.37598e-05
0.929293 0.767677 1.40734e-05
0.929293 0.848485 1.43537e-05
0.929293 0.929293 1.45995e-05
0.929293 1.0101 1.48095e-05
0.929293 1.09091 1.49828e-05
0.929293 1.17172 1.51184e-05
0.929293 1.25253 1.52155e-05
0.929293 1.33333 1.52736e-05
0.929293 1.41414 1.52921e-05
0.929293 1.49495 1.52707e-05
0.929293 1.57576 1.52091e-05
0.929293 1.65657 1.51073e-05
0.929293 1.73737 1.49653e-05
0.929293 1.81818 1.47834e-05
0.929293 1.89899 1.45619e-05
0.929293 1.9798 1.43013e-05
0.929293 2.06061 1.40023e-05
0.929293 2.14141 1.36655e-05
0.929293 2.22222 1.32919e-05
0.929293 2.30303 1.28825e-05
0.929293 2.38384 1.24385e-05
0.929293 2.46465 1.19611e-05
0.929293 2.54545 1.14517e-05
0.929293 2.62626 1.09118e-05
0.929293 2.70707 1.0343e-05
0.929293 2.78788 9.74693e-06
0.929293 2.86869 9.12539e-06
0.929293 2.94949 8.48023e-06
0.929293 3.0303 7.8134e-06
0.929293 3.11111 7.12689e-06
0.929293 3.19192 6.42275e-06
0.929293 3.27273 5.70311e-06
0.929293 3.35354 4.97013e-06
0.929293 3.43434 4.22598e-06
0.929293 3.51515 3.47291e-06
0.929293 3.59596 2.71315e-06
0.929293 3.67677 1.94895e-06
0.929293 3.75758 1.18257e-06
0.929293 3.83838 4.16272e-07
0.929293 3.91919 -3.47715e-07
0.929293 4 0
1.0101 -4 0
1.0101 -3.91919 -8.78109e-07
1.0101 -3.83838 -1.21486e-06
1.0101 -3.75758 -1.53998e-06
1.0101 -3.67677 -1.85131e-06
1.0101 -3.59596 -2.14676e-06
1.0101 -3.51515 -2.42434e-06
1.0101 -3.43434 -2.68214e-06
1.0101 -3.35354 -2.91836e-06
1.0101 -3.27273 -3.13131e-06
1.0101 -3.19192 -3.3194e-06
1.0101 -3.11111 -3.48118e-06
1.0101 -3.0303 -3.61533e-06
1.0101 -2.94949 -3.72064e-06
1.0101 -2.86869 -3.79608e-06
1.0101 -2.78788 -3.84071e-06
1.0101 -2.70707 -3.85378e-06
1.0101 -2.62626 -3.83467e-06
1.0101 -2.54545 -3.78291e-06
1.0101 -2.46465 -3.69819e-06
1.0101 -2.38384 -3.58035e-06
1.0101 -2.30303 -3.42939e-06
1.0101 -2.22222 -3.24545e-06
1.0101 -2.14141 -3.02885e-06
1.0101 -2.06061 -2.78002e-06
1.0101 -1.9798 -2.49959e-06
1.0101 -1.89899 -2.18829e-06
1.0101 -1.81818 -1.84703e-06
1.0101 -1.73737 -1.47682e-06
1.0101 -1.65657 -1.07885e-06
1.0101 -1.57576 -6.54415e-07
1.0101 -1.49495 -2.04926e-07
1.0101 -1.41414 2.68074e-07
1.0101 -1.33333 7.62933e-07
1.0101 -1.25253 1.2779e-06
1.0101 -1.17172 1.81111e-06
1.0101 -1.09091 2.36064e-06
1.0101 -1.0101 2.92446e-06
1.0101 -0.929293 3.50047e-06
1.0101 -0.848485 4.08652e-06
1.0101 -0.767677 4.68039e-06
1.0101 -0.686869 5.27982e-06
1.0101 -0.606061 5.88251e-06
1.0101 -0.525253 6.48615e-06
1.0101 -0.444444 7.08837e-06
1.0101 -0.363636 7.68685e-06
1.0101 -0.282828 8.27921e-06
1.0101 -0.20202 8.86314e-06
1.0101 -0.121212 9.43629e-06
1.0101 -0.040404 9.9964e-06
1.0101 0.040404 1.05412e-05
1.0101 0.121212 1.10685e-05
1.0101 0.20202 1.15761e-05
1.0101 0.282828 1.2062e-05
1.0101 0.363636 1.25241e-05
1.0101 0.444444 1.29605e-05
1.0101 0.525253 1.33694e-05
1.0101 0.606061 1.3749e-05
1.0101 0.686869 1.40977e-05
1.0101 0.767677 1.44139e-05
1.0101 0.848485 1.46962e-05
1.0101 0.929293 1.49434e-05
1.0101 1.0101 1.51541e-05
1.0101 1.09091 1.53275e-05
1.0101 1.17172 1.54625e-05
1.0101 1.25253 1.55584e-05
1.0101 1.33333 1.56145e-05
1.0101 1.41414 1.56303e-05
1.0101 1.49495 1.56056e-05
1.0101 1.57576 1.554e-05
1.0101 1.65657 1.54334e-05
1.0101 1.73737 1.52861e-05
1.0101 1.81818 1.50982e-05
1.0101 1.89899 1.487e-05
1.0101 1.9798 1.4602e-05
1.0101 2.06061 1.4295e-05
1.0101 2.14141 1.39496e-05
1.0101 2.22222 1.35668e-05
1.0101 2.30303 1.31477e-05
1.0101 2.38384 1.26934e-05
1.0101 2.46465 1.22051e-05
1.0101 2.54545 1.16844e-05
1.0101 2.62626 1.11326e-05
1.0101 2.70707 1.05515e-05
1.0101 2.78788 9.94272e-06
1.0101 2.86869 9.30806e-06
1.0101 2.94949 8.64944e-06
1.0101 3.0303 7.96881e-06
1.0101 3.11111 7.2682e-06
1.0101 3.19192 6.54972e-06
1.0101 3.27273 5.81551e-06
1.0101 3.35354 5.06776e-06
1.0101 3.43434 4.3087e-06
1.0101 3.51515 3.54059e-06
1.0101 3.59596 2.76572e-06
1.0101 3.67677 1.98637e-06
1.0101 3.75758 1.20483e-06
1.0101 3.83838 4.23396e-07
1.0101 3.91919 -3.55655e-07
1.0101 4 0
1.09091 -4 0
1.09091 -3.91919 -8.78523e-07
1.09091 -3.83838 -1.21518e-06
1.09091 -3.75758 -1.54006e-06
1.09091 -3.67677 -1.85099e-06
1.09091 -3.59596 -2.14585e-06
1.09091 -3.51515 -2.42262e-06
1.09091 -3.43434 -2.67937e-06
1.09091 -3.35354 -2.91429e-06
1.09091 -3.27273 -3.12565e-06
1.09091 -3.19192 -3.31187e-06
1.09091 -3.11111 -3.47146e-06
1.09091 -3.0303 -3.6031e-06
1.09091 -2.94949 -3.70556e-06
1.09091 -2.86869 -3.77779e-06
1.09091 -2.78788 -3.81886e-06
1.09091 -2.70707 -3.828e-06
1.09091 -2.62626 -3.8046e-06
1.09091 -2.54545 -3.74818e-06
1.09091 -2.46465 -3.65842e-06
1.09091 -2.38384 -3.53518e-06
1.09091 -2.30303 -3.37845e-06
1.09091 -2.22222 -3.18839e-06
1.09091 -2.14141 -2.96531e-06
1.09091 -2.06061 -2.70967e-06
1.09091 -1.9798 -2.4221e-06
1.09091 -1.89899 -2.10335e-06
1.09091 -1.81818 -1.75433e-06
1.09091 -1.73737 -1.3761e-06
1.09091 -1.65657 -9.69847e-07
1.09091 -1.57576 -5.36884e-07
1.09091 -1.49495 -7.86595e-08
1.09091 -1.41414 4.03265e-07
1.09091 -1.33333 9.07211e-07
1.09091 -1.25253 1.4314e-06
1.09091 -1.17172 1.97395e-06
1.09091 -1.09091 2.53288e-06
1.09091 -1.0101 3.10616e-06
1.09091 -0.929293 3.69164e-06
1.09091 -0.848485 4.28714e-06
1.09091 -0.767677 4.89042e-06
1.09091 -0.686869 5.49917e-06
1.09091 -0.606061 6.11107e-06
1.09091 -0.525253 6.72377e-06
1.09091 -0.444444 7.33487e-06
1.09091 -0.363636 7.94201e-06
1.09091 -0.282828 8.5428e-06
1.09091 -0.20202 9.13486e-06
1.09091 -0.121212 9.71585e-06
1.09091 -0.040404 1.02834e-05
1.09091 0.040404 1.08353e-05
1.09091 0.121212 1.13693e-05
1.09091 0.20202 1.18832e-05
1.09091 0.282828 1.23749e-05
1.09091 0.363636 1.28423e-05
1.09091 0.444444 1.32836e-05
1.09091 0.525253 1.36968e-05
1.09091 0.606061 1.40801e-05
1.09091 0.686869 1.44319e-05
1.09091 0.767677 1.47507e-05
1.09091 0.848485 1.5035e-05
1.09091 0.929293 1.52834e-05
1.09091 1.0101 1.54948e-05
1.09091 1.09091 1.56682e-05
1.09091 1.17172 1.58026e-05
1.09091 1.25253 1.58971e-05
1.09091 1.33333 1.59513e-05
1.09091 1.41414 1.59645e-05
1.09091 1.49495 1.59364e-05
1.09091 1.57576 1.58667e-05
1.09091 1.65657 1.57556e-05
1.09091 1.73737 1.56029e-05
1.09091 1.81818 1.54089e-05
1.09091 1.89899 1.51741e-05
1.09091 1.9798 1.48989e-05
1.09091 2.06061 1.45839e-05
1.09091 2.14141 1.42301e-05
1.09091 2.22222 1.38382e-05
1.09091 2.30303 1.34094e-05
1.09091 2.38384 1.29449e-05
1.09091 2.46465 1.24459e-05
1.09091 2.54545 1.19139e-05
1.09091 2.62626 1.13505e-05
1.09091 2.70707 1.07572e-05
1.09091 2.78788 1.01359e-05
1.09091 2.86869 9.48828e-06
1.09091 2.94949 8.81636e-06
1.09091 3.0303 8.12211e-06
1.09091 3.11111 7.4076e-06
1.09091 3.19192 6.67495e-06
1.09091 3.27273 5.92635e-06
1.09091 3.35354 5.16403e-06
1.09091 3.43434 4.39026e-06
1.09091 3.51515 3.60732e-06
1.09091 3.59596 2.81754e-06
1.09091 3.67677 2.02323e-06
1.09091 3.75758 1.22674e-06
1.09091 3.83838 4.30378e-07
1.09091 3.91919 -3.63535e-07
1.09091 4 0
1.17172 -4 0
1.17172 -3.91919 -8.78698e-07
1.17172 -3.83838 -1.21517e-06
1.17172 -3.75758 -1.53973e-06
1.17172 -3.67677 -1.85018e-06
1.17172 -3.59596 -2.14437e-06
1.17172 -3.51515 -2.42026e-06
1.17172 -3.43434 -2.67591e-06
1.17172 -3.35354 -2.90947e-06
1.17172 -3.27273 -3.1192e-06
1.17172 -3.19192 -3.30349e-06
1.17172 -3.11111 -3.46086e-06
1.17172 -3.0303 -3.58994e-06
1.17172 -2.94949 -3.68953e-06
1.17172 -2.86869 -3.75854e-06
1.17172 -2.78788 -3.79605e-06
1.17172 -2.70707 -3.80127e-06
1.17172 -2.62626 -3.77358e-06
1.17172 -2.54545 -3.71252e-06
1.17172 -2.46465 -3.61776e-06
1.17172 -2.38384 -3.48915e-06
1.17172 -2.30303 -3.3267e-06
1.17172 -2.22222 -3.13057e-06
1.17172 -2.14141 -2.90108e-06
1.17172 -2.06061 -2.63871e-06
1.17172 -1.9798 -2.34407e-06
1.17172 -1.89899 -2.01796e-06
1.17172 -1.81818 -1.6613e-06
1.17172 -1.73737 -1.27515e-06
1.17172 -1.65657 -8.60722e-07
1.17172 -1.57576 -4.1936e-07
1.17172 -1.49495 4.74711e-08
1.17172 -1.41414 5.38184e-07
1.17172 -1.33333 1.05108e-06
1.17172 -1.25253 1.58434e-06
1.17172 -1.17172 2.13607e-06
1.17172 -1.09091 2.70425e-06
1.17172 -1.0101 3.28682e-06
1.17172 -0.929293 3.88161e-06
1.17172 -0.848485 4.48641e-06
1.17172 -0.767677 5.09892e-06
1.17172 -0.686869 5.71683e-06
1.17172 -0.606061 6.33777e-06
1.17172 -0.525253 6.95936e-06
1.17172 -0.444444 7.57918e-06
1.17172 -0.363636 8.19482e-06
1.17172 -0.282828 8.80386e-06
1.17172 -0.20202 9.4039e-06
1.17172 -0.121212 9.99255e-06
1.17172 -0.040404 1.05675e-05
1.17172 0.040404 1.11263e-05
1.17172 0.121212 1.16669e-05
1.17172 0.20202 1.21869e-05
1.17172 0.282828 1.26843e-05
1.17172 0.363636 1.31569e-05
1.17172 0.444444 1.36028e-05
1.17172 0.525253 1.40202e-05
1.17172 0.606061 1.44071e-05
1.17172 0.686869 1.4762e-05
1.17172 0.767677 1.50832e-05
1.17172 0.848485 1.53694e-05
1.17172 0.929293 1.56191e-05
1.17172 1.0101 1.58311e-05
1.17172 1.09091 1.60045e-05
1.17172 1.17172 1.61381e-05
1.17172 1.25253 1.62314e-05
1.17172 1.33333 1.62835e-05
1.17172 1.41414 1.62941e-05
1.17172 1.49495 1.62626e-05
1.17172 1.57576 1.6189e-05
1.17172 1.65657 1.60732e-05
1.17172 1.73737 1.59152e-05
1.17172 1.81818 1.57154e-05
1.17172 1.89899 1.54739e-05
1.17172 1.9798 1.51915e-05
1.17172 2.06061 1.48688e-05
1.17172 2.14141 1.45065e-05
1.17172 2.22222 1.41057e-05
1.17172 2.30303 1.36673e-05
1.17172 2.38384 1.31927e-05
1.17172 2.46465 1.26832e-05
1.17172 2.54545 1.21401e-05
1.17172 2.62626 1.15651e-05
1.17172 2.70707 1.09599e-05
1.17172 2.78788 1.03262e-05
1.17172 2.86869 9.66581e-06
1.17172 2.94949 8.98078e-06
1.17172 3.0303 8.27311e-06
1.17172 3.11111 7.54489e-06
1.17172 3.19192 6.79829e-06
1.17172 3.27273 6.03551e-06
1.17172 3.35354 5.25884e-06
1.17172 3.43434 4.47056e-06
1.17172 3.51515 3.67301e-06
1.17172 3.59596 2.86854e-06
1.17172 3.67677 2.0595e-06
1.17172 3.75758 1.24827e-06
1.17172 3.83838 4.37209e-07
1.17172 3.91919 -3.71345e-07
1.17172 4 0
1.25253 -4 0
1.25253 -3.91919 -8.7865e-07
1.25253 -3.83838 -1.21486e-06
1.25253 -3.75758 -1.53902e-06
1.25253 -3.67677 -1.84891e-06
1.25253 -3.59596 -2.14237e-06
1.25253 -3.51515 -2.41732e-06
1.25253 -3.43434 -2.67181e-06
1.25253 -3.35354 -2.90395e-06
1.25253 -3.27273 -3.112e-06
1.25253 -3.19192 -3.29433e-06
1.25253 -3.11111 -3.44944e-06
1.25253 -3.0303 -3.57596e-06
1.25253 -2.94949 -3.67266e-06
1.25253 -2.86869 -3.73844e-06
1.25253 -2.78788 -3.77239e-06
1.25253 -2.70707 -3.7737e-06
1.25253 -2.62626 -3.74175e-06
1.25253 -2.54545 -3.67607e-06
1.25253 -2.46465 -3.57635e-06
1.25253 -2.38384 -3.44242e-06
1.25253 -2.30303 -3.27431e-06
1.25253 -2.22222 -3.07218e-06
1.25253 -2.14141 -2.83636e-06
1.25253 -2.06061 -2.56733e-06
1.25253 -1.9798 -2.26573e-06
1.25253 -1.89899 -1.93236e-06
1.25253 -1.81818 -1.56815e-06
1.25253 -1.73737 -1.1742e-06
1.25253 -1.65657 -7.51733e-07
1.25253 -1.57576 -3.02104e-07
1.25253 -1.49495 1.73195e-07
1.25253 -1.41414 6.72551e-07
1.25253 -1.33333 1.19424e-06
1.25253 -1.25253 1.73642e-06
1.25253 -1.17172 2.29716e-06
1.25253 -1.09091 2.87444e-06
1.25253 -1.0101 3.46613e-06
1.25253 -0.929293 4.07006e-06
1.25253 -0.848485 4.68397e-06
1.25253 -0.767677 5.30554e-06
1.25253 -0.686869 5.93243e-06
1.25253 -0.606061 6.56224e-06
1.25253 -0.525253 7.19254e-06
1.25253 -0.444444 7.8209e-06
1.25253 -0.363636 8.44486e-06
1.25253 -0.282828 9.06198e-06
1.25253 -0.20202 9.66982e-06
1.25253 -0.121212 1.0266e-05
1.25253 -0.040404 1.08481e-05
1.25253 0.040404 1.14137e-05
1.25253 0.121212 1.19607e-05
1.25253 0.20202 1.24867e-05
1.25253 0.282828 1.29896e-05
1.25253 0.363636 1.34673e-05
1.25253 0.444444 1.39178e-05
1.25253 0.525253 1.43392e-05
1.25253 0.606061 1.47297e-05
1.25253 0.686869 1.50875e-05
1.25253 0.767677 1.54111e-05
1.25253 0.848485 1.5699e-05
1.25253 0.929293 1.59499e-05
1.25253 1.0101 1.61625e-05
1.25253 1.09091 1.63358e-05
1.25253 1.17172 1.64688e-05
1.25253 1.25253 1.65607e-05
1.25253 1.33333 1.66108e-05
1.25253 1.41414 1.66187e-05
1.25253 1.49495 1.6584e-05
1.25253 1.57576 1.65064e-05
1.25253 1.65657 1.6386e-05
1.25253 1.73737 1.62228e-05
1.25253 1.81818 1.6017e-05
1.25253 1.89899 1.57691e-05
1.25253 1.9798 1.54796e-05
1.25253 2.06061 1.51491e-05
1.25253 2.14141 1.47786e-05
1.25253 2.22222 1.43689e-05
1.25253 2.30303 1.39212e-05
1.25253 2.38384 1.34366e-05
1.25253 2.46465 1.29166e-05
1.25253 2.54545 1.23627e-05
1.25253 2.62626 1.17763e-05
1.25253 2.70707 1.11593e-05
1.25253 2.78788 1.05134e-05
1.25253 2.86869 9.84045e-06
1.25253 2.94949 9.14252e-06
1.25253 3.0303 8.42163e-06
1.25253 3.11111 7.67992e-06
1.25253 3.19192 6.91958e-06
1.25253 3.27273 6.14286e-06
1.25253 3.35354 5.35206e-06
1.25253 3.43434 4.54951e-06
1.25253 3.51515 3.73759e-06
1.25253 3.59596 2.91866e-06
1.25253 3.67677 2.09514e-06
1.25253 3.75758 1.26941e-06
1.25253 3.83838 4.4388e-07
1.25253 3.91919 -3.79075e-07
1.25253 4 0
1.33333 -4 0
1.33333 -3.91919 -8.78393e-07
1.33333 -3.83838 -1.21426e-06
1.33333 -3.75758 -1.53796e-06
1.33333 -3.67677 -1.84723e-06
1.33333 -3.59596 -2.13989e-06
1.33333 -3.51515 -2.41385e-06
1.33333 -3.43434 -2.66711e-06
1.33333 -3.35354 -2.8978e-06
1.33333 -3.27273 -3.10414e-06
1.33333 -3.19192 -3.28448e-06
1.33333 -3.11111 -3.43731e-06
1.33333 -3.0303 -3.56124e-06
1.33333 -2.94949 -3.65504e-06
1.33333 -2.86869 -3.71761e-06
1.33333 -2.78788 -3.74799e-06
1.33333 -2.70707 -3.74542e-06
1.33333 -2.62626 -3.70924e-06
1.33333 -2.54545 -3.63898e-06
1.33333 -2.46465 -3.53434e-06
1.33333 -2.38384 -3.39516e-06
1.33333 -2.30303 -3.22145e-06
1.33333 -2.22222 -3.0134e-06
1.33333 -2.14141 -2.77132e-06
1.33333 -2.06061 -2.49573e-06
1.33333 -1.9798 -2.18727e-06
1.33333 -1.89899 -1.84675e-06
1.33333 -1.81818 -1.47513e-06
1.33333 -1.73737 -1.07351e-06
1.33333 -1.65657 -6.43127e-07
1.33333 -1.57576 -1.85373e-07
1.33333 -1.49495 2.98242e-07
1.33333 -1.41414 8.06086e-07
1.33333 -1.33333 1.33641e-06
1.33333 -1.25253 1.88734e-06
1.33333 -1.17172 2.45693e-06
1.33333 -1.09091 3.04311e-06
1.33333 -1.0101 3.64375e-06
1.33333 -0.929293 4.25664e-06
1.33333 -0.848485 4.87947e-06
1.33333 -0.767677 5.50993e-06
1.33333 -0.686869 6.14561e-06
1.33333 -0.606061 6.78409e-06
1.33333 -0.525253 7.42292e-06
1.33333 -0.444444 8.05963e-06
1.33333 -0.363636 8.69174e-06
1.33333 -0.282828 9.31676e-06
1.33333 -0.20202 9.93223e-06
1.33333 -0.121212 1.05357e-05
1.33333 -0.040404 1.11248e-05
1.33333 0.040404 1.16971e-05
1.33333 0.121212 1.22503e-05
1.33333 0.20202 1.27822e-05
1.33333 0.282828 1.32905e-05
1.33333 0.363636 1.37731e-05
1.33333 0.444444 1.42281e-05
1.33333 0.525253 1.46534e-05
1.33333 0.606061 1.50473e-05
1.33333 0.686869 1.5408e-05
1.33333 0.767677 1.57339e-05
1.33333 0.848485 1.60235e-05
1.33333 0.929293 1.62755e-05
1.33333 1.0101 1.64886e-05
1.33333 1.09091 1.66618e-05
1.33333 1.17172 1.6794e-05
1.33333 1.25253 1.68846e-05
1.33333 1.33333 1.69327e-05
1.33333 1.41414 1.6938e-05
1.33333 1.49495 1.69e-05
1.33333 1.57576 1.68185e-05
1.33333 1.65657 1.66935e-05
1.33333 1.73737 1.65251e-05
1.33333 1.81818 1.63136e-05
1.33333 1.89899 1.60593e-05
1.33333 1.9798 1.57627e-05
1.33333 2.06061 1.54247e-05
1.33333 2.14141 1.5046e-05
1.33333 2.22222 1.46275e-05
1.33333 2.30303 1.41706e-05
1.33333 2.38384 1.36763e-05
1.33333 2.46465 1.3146e-05
1.33333 2.54545 1.25813e-05
1.33333 2.62626 1.19838e-05
1.33333 2.70707 1.13552e-05
1.33333 2.78788 1.06972e-05
1.33333 2.86869 1.0012e-05
1.33333 2.94949 9.30136e-06
1.33333 3.0303 8.56748e-06
1.33333 3.11111 7.81252e-06
1.33333 3.19192 7.03868e-06
1.33333 3.27273 6.24826e-06
1.33333 3.35354 5.44358e-06
1.33333 3.43434 4.62702e-06
1.33333 3.51515 3.80097e-06
1.33333 3.59596 2.96784e-06
1.33333 3.67677 2.13009e-06
1.33333 3.75758 1.29012e-06
1.33333 3.83838 4.50383e-07
1.33333 3.91919 -3.86717e-07
1.33333 4 0
1.41414 -4 0
1.41414 -3.91919 -8.77944e-07
1.41414 -3.83838 -1.21341e-06
1.41414 -3.75758 -1.53658e-06
1.41414 -3.67677 -1.84517e-06
1.41414 -3.59596 -2.13698e-06
1.41414 -3.51515 -2.40989e-06
1.41414 -3.43434 -2.66189e-06
1.41414 -3.35354 -2.89108e-06
1.41414 -3.27273 -3.09567e-06
1.41414 -3.19192 -3.274e-06
1.41414 -3.11111 -3.42453e-06
1.41414 -3.0303 -3.54588e-06
1.41414 -2.94949 -3.63678e-06
1.41414 -2.86869 -3.69613e-06
1.41414 -2.78788 -3.72299e-06
1.41414 -2.70707 -3.71654e-06
1.41414 -2.62626 -3.67617e-06
1.41414 -2.54545 -3.60139e-06
1.41414 -2.46465 -3.49188e-06
1.41414 -2.38384 -3.34751e-06
1.41414 -2.30303 -3.16829e-06
1.41414 -2.22222 -2.95439e-06
1.41414 -2.14141 -2.70617e-06
1.41414 -2.06061 -2.42412e-06
1.41414 -1.9798 -2.10891e-06
1.41414 -1.89899 -1.76136e-06
1.41414 -1.81818 -1.38245e-06
1.41414 -1.73737 -9.73292e-07
1.41414 -1.65657 -5.3515e-07
1.41414 -1.57576 -6.94259e-08
1.41414 -1.49495 4.22347e-07
1.41414 -1.41414 9.38512e-07
1.41414 -1.33333 1.47729e-06
1.41414 -1.25253 2.0368e-06
1.41414 -1.17172 2.61505e-06
1.41414 -1.09091 3.20996e-06
1.41414 -1.0101 3.81936e-06
1.41414 -0.929293 4.44101e-06
1.41414 -0.848485 5.07258e-06
1.41414 -0.767677 5.71172e-06
1.41414 -0.686869 6.35599e-06
1.41414 -0.606061 7.00296e-06
1.41414 -0.525253 7.65013e-06
1.41414 -0.444444 8.295e-06
1.41414 -0.363636 8.93505e-06
1.41414 -0.282828 9.56779e-06
1.41414 -0.20202 1.01907e-05
1.41414 -0.121212 1.08013e-05
1.41414 -0.040404 1.13973e-05
1.41414 0.040404 1.1976e-05
1.41414 0.121212 1.25353e-05
1.41414 0.20202 1.30729e-05
1.41414 0.282828 1.35864e-05
1.41414 0.363636 1.40739e-05
1.41414 0.444444 1.45332e-05
1.41414 0.525253 1.49623e-05
1.41414 0.606061 1.53595e-05
1.41414 0.686869 1.5723e-05
1.41414 0.767677 1.60511e-05
1.41414 0.848485 1.63424e-05
1.41414 0.929293 1.65954e-05
1.41414 1.0101 1.6809e-05
1.41414 1.09091 1.6982e-05
1.41414 1.17172 1.71135e-05
1.41414 1.25253 1.72027e-05
1.41414 1.33333 1.72488e-05
1.41414 1.41414 1.72514e-05
1.41414 1.49495 1.72102e-05
1.41414 1.57576 1.71249e-05
1.41414 1.65657 1.69954e-05
1.41414 1.73737 1.68219e-05
1.41414 1.81818 1.66046e-05
1.41414 1.89899 1.6344e-05
1.41414 1.9798 1.60406e-05
1.41414 2.06061 1.5695e-05
1.41414 2.14141 1.53083e-05
1.41414 2.22222 1.48813e-05
1.41414 2.30303 1.44152e-05
1.41414 2.38384 1.39113e-05
1.41414 2.46465 1.3371e-05
1.41414 2.54545 1.27958e-05
1.41414 2.62626 1.21873e-05
1.41414 2.70707 1.15472e-05
1.41414 2.78788 1.08776e-05
1.41414 2.86869 1.01802e-05
1.41414 2.94949 9.45711e-06
1.41414 3.0303 8.7105e-06
1.41414 3.11111 7.94252e-06
1.41414 3.19192 7.15544e-06
1.41414 3.27273 6.35158e-06
1.41414 3.35354 5.53329e-06
1.41414 3.43434 4.70298e-06
1.41414 3.51515 3.86307e-06
1.41414 3.59596 3.01603e-06
1.41414 3.67677 2.16431e-06
1.41414 3.75758 1.31038e-06
1.41414 3.83838 4.56711e-07
1.41414 3.91919 -3.94261e-07
1.41414 4 0
1.49495 -4 0
1.49495 -3.91919 -8.77317e-07
1.49495 -3.83838 -1.21232e-06
1.49495 -3.75758 -1.5349e-06
1.49495 -3.67677 -1.84276e-06
1.49495 -3.59596 -2.13366e-06
1.49495 -3.51515 -2.40548e-06
1.49495 -3.43434 -2.65619e-06
1.49495 -3.35354 -2.88385e-06
1.49495 -3.27273 -3.08667e-06
1.49495 -3.19192 -3.26297e-06
1.49495 -3.11111 -3.4112e-06
1.49495 -3.0303 -3.52995e-06
1.49495 -2.94949 -3.61797e-06
1.49495 -2.86869 -3.67413e-06
1.49495 -2.78788 -3.69747e-06
1.49495 -2.70707 -3.68721e-06
1.49495 -2.62626 -3.64268e-06
1.49495 -2.54545 -3.56343e-06
1.49495 -2.46465 -3.44913e-06
1.49495 -2.38384 -3.29964e-06
1.49495 -2.30303 -3.11498e-06
1.49495 -2.22222 -2.89534e-06
1.49495 -2.14141 -2.64107e-06
1.49495 -2.06061 -2.35268e-06
1.49495 -1.9798 -2.03084e-06
1.49495 -1.89899 -1.6764e-06
1.49495 -1.81818 -1.29034e-06
1.49495 -1.73737 -8.73795e-07
1.49495 -1.65657 -4.28046e-07
1.49495 -1.57576 4.54857e-08
1.49495 -1.49495 5.45246e-07
1.49495 -1.41414 1.06956e-06
1.49495 -1.33333 1.61662e-06
1.49495 -1.25253 2.18451e-06
1.49495 -1.17172 2.77124e-06
1.49495 -1.09091 3.37468e-06
1.49495 -1.0101 3.99263e-06
1.49495 -0.929293 4.62284e-06
1.49495 -0.848485 5.26295e-06
1.49495 -0.767677 5.91056e-06
1.49495 -0.686869 6.56324e-06
1.49495 -0.606061 7.21848e-06
1.49495 -0.525253 7.87378e-06
1.49495 -0.444444 8.52661e-06
1.49495 -0.363636 9.17442e-06
1.49495 -0.282828 9.81468e-06
1.49495 -0.20202 1.04449e-05
1.49495 -0.121212 1.10625e-05
1.49495 -0.040404 1.1665e-05
1.49495 0.040404 1.22501e-05
1.49495 0.121212 1.28153e-05
1.49495 0.20202 1.33584e-05
1.49495 0.282828 1.38771e-05
1.49495 0.363636 1.43692e-05
1.49495 0.444444 1.48327e-05
1.49495 0.525253 1.52655e-05
1.49495 0.606061 1.56659e-05
1.49495 0.686869 1.6032e-05
1.49495 0.767677 1.63623e-05
1.49495 0.848485 1.66551e-05
1.49495 0.929293 1.69092e-05
1.49495 1.0101 1.71232e-05
1.49495 1.09091 1.7296e-05
1.49495 1.17172 1.74267e-05
1.49495 1.25253 1.75145e-05
1.49495 1.33333 1.75587e-05
1.49495 1.41414 1.75587e-05
1.49495 1.49495 1.75142e-05
1.49495 1.57576 1.74251e-05
1.49495 1.65657 1.72912e-05
1.49495 1.73737 1.71127e-05
1.49495 1.81818 1.68898e-05
1.49495 1.89899 1.66229e-05
1.49495 1.9798 1.63127e-05
1.49495 2.06061 1.59599e-05
1.49495 2.14141 1.55652e-05
1.49495 2.22222 1.51298e-05
1.49495 2.30303 1.46548e-05
1.49495 2.38384 1.41415e-05
1.49495 2.46465 1.35913e-05
1.49495 2.54545 1.30058e-05
1.49495 2.62626 1.23865e-05
1.49495 2.70707 1.17353e-05
1.49495 2.78788 1.10541e-05
1.49495 2.86869 1.03449e-05
1.49495 2.94949 9.60959e-06
1.49495 3.0303 8.8505e-06
1.49495 3.11111 8.06978e-06
1.49495 3.19192 7.26973e-06
1.49495 3.27273 6.4527e-06
1.49495 3.35354 5.62108e-06
1.49495 3.43434 4.7773e-06
1.49495 3.51515 3.92383e-06
1.49495 3.59596 3.06316e-06
1.49495 3.67677 2.19777e-06
1.49495 3.75758 1.33017e-06
1.49495 3.83838 4.62856e-07
1.49495 3.91919 -4.01698e-07
1.49495 4 0
1.57576 -4 0
1.57576 -3.91919 -8.76529e-07
1.57576 -3.83838 -1.21101e-06
1.57576 -3.75758 -1.53295e-06
1.57576 -3.67677 -1.84003e-06
1.57576 -3.59596 -2.12999e-06
1.57576 -3.51515 -2.40068e-06
1.57576 -3.43434 -2.65006e-06
1.57576 -3.35354 -2.87617e-06
1.57576 -3.27273 -3.07721e-06
1.57576 -3.19192 -3.25147e-06
1.57576 -3.11111 -3.39739e-06
1.57576 -3.0303 -3.51356e-06
1.57576 -2.94949 -3.59871e-06
1.57576 -2.86869 -3.6517e-06
1.57576 -2.78788 -3.67157e-06
1.57576 -2.70707 -3.65752e-06
1.57576 -2.62626 -3.60891e-06
1.57576 -2.54545 -3.52524e-06
1.57576 -2.46465 -3.40622e-06
1.57576 -2.38384 -3.2517e-06
1.57576 -2.30303 -3.0617e-06
1.57576 -2.22222 -2.83642e-06
1.57576 -2.14141 -2.57621e-06
1.57576 -2.06061 -2.2816e-06
1.57576 -1.9798 -1.95328e-06
1.57576 -1.89899 -1.59208e-06
1.57576 -1.81818 -1.19902e-06
1.57576 -1.73737 -7.75245e-07
1.57576 -1.65657 -3.22055e-07
1.57576 -1.57576 1.59111e-07
1.57576 -1.49495 6.6668e-07
1.57576 -1.41414 1.19895e-06
1.57576 -1.33333 1.75409e-06
1.57576 -1.25253 2.33019e-06
1.57576 -1.17172 2.92518e-06
1.57576 -1.09091 3.53694e-06
1.57576 -1.0101 4.16326e-06
1.57576 -0.929293 4.80181e-06
1.57576 -0.848485 5.45024e-06
1.57576 -0.767677 6.10613e-06
1.57576 -0.686869 6.76698e-06
1.57576 -0.606061 7.4303e-06
1.57576 -0.525253 8.09352e-06
1.57576 -0.444444 8.7541e-06
1.57576 -0.363636 9.40947e-06
1.57576 -0.282828 1.0057e-05
1.57576 -0.20202 1.06943e-05
1.57576 -0.121212 1.13187e-05
1.57576 -0.040404 1.19277e-05
1.57576 0.040404 1.25189e-05
1.57576 0.121212 1.30899e-05
1.57576 0.20202 1.36383e-05
1.57576 0.282828 1.4162e-05
1.57576 0.363636 1.46586e-05
1.57576 0.444444 1.51261e-05
1.57576 0.525253 1.55626e-05
1.57576 0.606061 1.5966e-05
1.57576 0.686869 1.63347e-05
1.57576 0.767677 1.6667e-05
1.57576 0.848485 1.69614e-05
1.57576 0.929293 1.72164e-05
1.57576 1.0101 1.74307e-05
1.57576 1.09091 1.76034e-05
1.57576 1.17172 1.77333e-05
1.57576 1.25253 1.78197e-05
1.57576 1.33333 1.78619e-05
1.57576 1.41414 1.78593e-05
1.57576 1.49495 1.78117e-05
1.57576 1.57576 1.77188e-05
1.57576 1.65657 1.75806e-05
1.57576 1.73737 1.73971e-05
1.57576 1.81818 1.71687e-05
1.57576 1.89899 1.68958e-05
1.57576 1.9798 1.65789e-05
1.57576 2.06061 1.62189e-05
1.57576 2.14141 1.58165e-05
1.57576 2.22222 1.53729e-05
1.57576 2.30303 1.48891e-05
1.57576 2.38384 1.43666e-05
1.57576 2.46465 1.38067e-05
1.57576 2.54545 1.3211e-05
1.57576 2.62626 1.25812e-05
1.57576 2.70707 1.19192e-05
1.57576 2.78788 1.12267e-05
1.57576 2.86869 1.05058e-05
1.57576 2.94949 9.75861e-06
1.57576 3.0303 8.98731e-06
1.57576 3.11111 8.19413e-06
1.57576 3.19192 7.3814e-06
1.57576 3.27273 6.5515e-06
1.57576 3.35354 5.70684e-06
1.57576 3.43434 4.8499e-06
1.57576 3.51515 3.98318e-06
1.57576 3.59596 3.10917e-06
1.57576 3.67677 2.23042e-06
1.57576 3.75758 1.34946e-06
1.57576 3.83838 4.68811e-07
1.57576 3.91919 -4.09018e-07
1.57576 4 0
1.65657 -4 0
1.65657 -3.91919 -8.75593e-07
1.65657 -3.83838 -1.2095e-06
1.65657 -3.75758 -1.53076e-06
1.65657 -3.67677 -1.83701e-06
1.65657 -3.59596 -2.126e-06
1.65657 -3.51515 -2.39554e-06
1.65657 -3.43434 -2.64356e-06
1.65657 -3.35354 -2.86811e-06
1.65657 -3.27273 -3.06735e-06
1.65657 -3.19192 -3.23956e-06
1.65657 -3.11111 -3.38319e-06
1.65657 -3.0303 -3.49679e-06
1.65657 -2.94949 -3.57909e-06
1.65657 -2.86869 -3.62894e-06
1.65657 -2.78788 -3.64539e-06
1.65657 -2.70707 -3.62761e-06
1.65657 -2.62626 -3.57496e-06
1.65657 -2.54545 -3.48697e-06
1.65657 -2.46465 -3.36331e-06
1.65657 -2.38384 -3.20385e-06
1.65657 -2.30303 -3.00861e-06
1.65657 -2.22222 -2.7778e-06
1.65657 -2.14141 -2.51178e-06
1.65657 -2.06061 -2.21108e-06
1.65657 -1.9798 -1.8764e-06
1.65657 -1.89899 -1.50861e-06
1.65657 -1.81818 -1.10871e-06
1.65657 -1.73737 -6.7787e-07
1.65657 -1.65657 -2.17413e-07
1.65657 -1.57576 2.71206e-07
1.65657 -1.49495 7.86393e-07
1.65657 -1.41414 1.32642e-06
1.65657 -1.33333 1.88946e-06
1.65657 -1.25253 2.47353e-06
1.65657 -1.17172 3.07659e-06
1.65657 -1.09091 3.69647e-06
1.65657 -1.0101 4.33091e-06
1.65657 -0.929293 4.9776e-06
1.65657 -0.848485 5.63414e-06
1.65657 -0.767677 6.29807e-06
1.65657 -0.686869 6.96689e-06
1.65657 -0.606061 7.63805e-06
1.65657 -0.525253 8.30898e-06
1.65657 -0.444444 8.9771e-06
1.65657 -0.363636 9.63981e-06
1.65657 -0.282828 1.02945e-05
1.65657 -0.20202 1.09386e-05
1.65657 -0.121212 1.15696e-05
1.65657 -0.040404 1.21849e-05
1.65657 0.040404 1.2782e-05
1.65657 0.121212 1.33586e-05
1.65657 0.20202 1.39123e-05
1.65657 0.282828 1.44407e-05
1.65657 0.363636 1.49417e-05
1.65657 0.444444 1.54132e-05
1.65657 0.525253 1.58531e-05
1.65657 0.606061 1.62595e-05
1.65657 0.686869 1.66307e-05
1.65657 0.767677 1.69649e-05
1.65657 0.848485 1.72607e-05
1.65657 0.929293 1.75166e-05
1.65657 1.0101 1.77313e-05
1.65657 1.09091 1.79037e-05
1.65657 1.17172 1.80328e-05
1.65657 1.25253 1.81178e-05
1.65657 1.33333 1.81581e-05
1.65657 1.41414 1.8153e-05
1.65657 1.49495 1.81022e-05
1.65657 1.57576 1.80056e-05
1.65657 1.65657 1.78631e-05
1.65657 1.73737 1.76748e-05
1.65657 1.81818 1.7441e-05
1.65657 1.89899 1.71621e-05
1.65657 1.9798 1.68388e-05
1.65657 2.06061 1.64717e-05
1.65657 2.14141 1.60618e-05
1.65657 2.22222 1.56101e-05
1.65657 2.30303 1.51178e-05
1.65657 2.38384 1.45862e-05
1.65657 2.46465 1.40169e-05
1.65657 2.54545 1.34113e-05
1.65657 2.62626 1.27713e-05
1.65657 2.70707 1.20985e-05
1.65657 2.78788 1.1395e-05
1.65657 2.86869 1.06628e-05
1.65657 2.94949 9.90398e-06
1.65657 3.0303 9.12076e-06
1.65657 3.11111 8.31542e-06
1.65657 3.19192 7.49032e-06
1.65657 3.27273 6.64785e-06
1.65657 3.35354 5.79048e-06
1.65657 3.43434 4.92069e-06
1.65657 3.51515 4.04102e-06
1.65657 3.59596 3.15402e-06
1.65657 3.67677 2.26223e-06
1.65657 3.75758 1.36823e-06
1.65657 3.83838 4.74567e-07
1.65657 3.91919 -4.16214e-07
1.65657 4 0
1.73737 -4 0
1.73737 -3.91919 -8.74526e-07
1.73737 -3.83838 -1.20782e-06
1.73737 -3.75758 -1.52836e-06
1.73737 -3.67677 -1.83376e-06
1.73737 -3.59596 -2.12173e-06
1.73737 -3.51515 -2.39009e-06
1.73737 -3.43434 -2.63674e-06
1.73737 -3.35354 -2.85971e-06
1.73737 -3.27273 -3.05715e-06
1.73737 -3.19192 -3.22733e-06
1.73737 -3.11111 -3.36867e-06
1.73737 -3.0303 -3.47973e-06
1.73737 -2.94949 -3.55921e-06
1.73737 -2.86869 -3.60597e-06
1.73737 -2.78788 -3.61904e-06
1.73737 -2.70707 -3.59759e-06
1.73737 -2.62626 -3.54099e-06
1.73737 -2.54545 -3.44873e-06
1.73737 -2.46465 -3.32053e-06
1.73737 -2.38384 -3.15623e-06
1.73737 -2.30303 -2.95587e-06
1.73737 -2.22222 -2.71965e-06
1.73737 -2.14141 -2.44795e-06
1.73737 -2.06061 -2.1413e-06
1.73737 -1.9798 -1.80043e-06
1.73737 -1.89899 -1.42619e-06
1.73737 -1.81818 -1.01961e-06
1.73737 -1.73737 -5.81891e-07
1.73737 -1.65657 -1.14352e-07
1.73737 -1.57576 3.81528e-07
1.73737 -1.49495 9.04134e-07
1.73737 -1.41414 1.45173e-06
1.73737 -1.33333 2.02244e-06
1.73737 -1.25253 2.61428e-06
1.73737 -1.17172 3.22518e-06
1.73737 -1.09091 3.85295e-06
1.73737 -1.0101 4.4953e-06
1.73737 -0.929293 5.1499e-06
1.73737 -0.848485 5.81431e-06
1.73737 -0.767677 6.48606e-06
1.73737 -0.686869 7.16261e-06
1.73737 -0.606061 7.8414e-06
1.73737 -0.525253 8.51982e-06
1.73737 -0.444444 9.19525e-06
1.73737 -0.363636 9.86508e-06
1.73737 -0.282828 1.05267e-05
1.73737 -0.20202 1.11774e-05
1.73737 -0.121212 1.18148e-05
1.73737 -0.040404 1.24362e-05
1.73737 0.040404 1.30391e-05
1.73737 0.121212 1.36211e-05
1.73737 0.20202 1.41798e-05
1.73737 0.282828 1.47128e-05
1.73737 0.363636 1.52181e-05
1.73737 0.444444 1.56933e-05
1.73737 0.525253 1.61366e-05
1.73737 0.606061 1.65459e-05
1.73737 0.686869 1.69195e-05
1.73737 0.767677 1.72556e-05
1.73737 0.848485 1.75527e-05
1.73737 0.929293 1.78094e-05
1.73737 1.0101 1.80244e-05
1.73737 1.09091 1.81966e-05
1.73737 1.17172 1.83249e-05
1.73737 1.25253 1.84085e-05
1.73737 1.33333 1.84468e-05
1.73737 1.41414 1.84393e-05
1.73737 1.49495 1.83854e-05
1.73737 1.57576 1.82852e-05
1.73737 1.65657 1.81385e-05
1.73737 1.73737 1.79455e-05
1.73737 1.81818 1.77064e-05
1.73737 1.89899 1.74216e-05
1.73737 1.9798 1.70919e-05
1.73737 2.06061 1.6718e-05
1.73737 2.14141 1.63007e-05
1.73737 2.22222 1.58411e-05
1.73737 2.30303 1.53405e-05
1.73737 2.38384 1.48002e-05
1.73737 2.46465 1.42216e-05
1.73737 2.54545 1.36064e-05
1.73737 2.62626 1.29564e-05
1.73737 2.70707 1.22732e-05
1.73737 2.78788 1.1559e-05
1.73737 2.86869 1.08157e-05
1.73737 2.94949 1.00455e-05
1.73737 3.0303 9.2507e-06
1.73737 3.11111 8.43351e-06
1.73737 3.19192 7.59635e-06
1.73737 3.27273 6.74164e-06
1.73737 3.35354 5.87188e-06
1.73737 3.43434 4.98958e-06
1.73737 3.51515 4.09731e-06
1.73737 3.59596 3.19764e-06
1.73737 3.67677 2.29315e-06
1.73737 3.75758 1.38645e-06
1.73737 3.83838 4.80119e-07
1.73737 3.91919 -4.23277e-07
1.73737 4 0
1.81818 -4 0
1.81818 -3.91919 -8.73341e-07
1.81818 -3.83838 -1.20599e-06
1.81818 -3.75758 -1.52577e-06
1.81818 -3.67677 -1.83028e-06
1.81818 -3.59596 -2.11722e-06
1.81818 -3.51515 -2.38438e-06
1.81818 -3.43434 -2.62965e-06
1.81818 -3.35354 -2.85104e-06
1.81818 -3.27273 -3.04669e-06
1.81818 -3.19192 -3.21485e-06
1.81818 -3.11111 -3.35392e-06
1.81818 -3.0303 -3.46246e-06
1.81818 -2.94949 -3.53916e-06
1.81818 -2.86869 -3.58288e-06
1.81818 -2.78788 -3.59263e-06
1.81818 -2.70707 -3.56758e-06
1.81818 -2.62626 -3.50709e-06
1.81818 -2.54545 -3.41068e-06
1.81818 -2.46465 -3.27802e-06
1.81818 -2.38384 -3.10899e-06
1.81818 -2.30303 -2.90363e-06
1.81818 -2.22222 -2.66213e-06
1.81818 -2.14141 -2.38489e-06
1.81818 -2.06061 -2.07245e-06
1.81818 -1.9798 -1.72553e-06
1.81818 -1.89899 -1.34502e-06
1.81818 -1.81818 -9.31948e-07
1.81818 -1.73737 -4.87527e-07
1.81818 -1.65657 -1.30991e-08
1.81818 -1.57576 4.8984e-07
1.81818 -1.49495 1.01966e-06
1.81818 -1.41414 1.5746e-06
1.81818 -1.33333 2.15276e-06
1.81818 -1.25253 2.75216e-06
1.81818 -1.17172 3.37067e-06
1.81818 -1.09091 4.0061e-06
1.81818 -1.0101 4.65613e-06
1.81818 -0.929293 5.3184e-06
1.81818 -0.848485 5.99045e-06
1.81818 -0.767677 6.66978e-06
1.81818 -0.686869 7.35384e-06
1.81818 -0.606061 8.04001e-06
1.81818 -0.525253 8.72568e-06
1.81818 -0.444444 9.40821e-06
1.81818 -0.363636 1.00849e-05
1.81818 -0.282828 1.07532e-05
1.81818 -0.20202 1.14104e-05
1.81818 -0.121212 1.2054e-05
1.81818 -0.040404 1.26812e-05
1.81818 0.040404 1.32897e-05
1.81818 0.121212 1.38769e-05
1.81818 0.20202 1.44405e-05
1.81818 0.282828 1.4978e-05
1.81818 0.363636 1.54874e-05
1.81818 0.444444 1.59663e-05
1.81818 0.525253 1.64127e-05
1.81818 0.606061 1.68248e-05
1.81818 0.686869 1.72006e-05
1.81818 0.767677 1.75386e-05
1.81818 0.848485 1.7837e-05
1.81818 0.929293 1.80945e-05
1.81818 1.0101 1.83097e-05
1.81818 1.09091 1.84816e-05
1.81818 1.17172 1.86091e-05
1.81818 1.25253 1.86914e-05
1.81818 1.33333 1.87278e-05
1.81818 1.41414 1.87178e-05
1.81818 1.49495 1.8661e-05
1.81818 1.57576 1.85572e-05
1.81818 1.65657 1.84064e-05
1.81818 1.73737 1.82087e-05
1.81818 1.81818 1.79644e-05
1.81818 1.89899 1.7674e-05
1.81818 1.9798 1.73381e-05
1.81818 2.06061 1.69575e-05
1.81818 2.14141 1.6533e-05
1.81818 2.22222 1.60658e-05
1.81818 2.30303 1.55571e-05
1.81818 2.38384 1.50082e-05
1.81818 2.46465 1.44207e-05
1.81818 2.54545 1.37961e-05
1.81818 2.62626 1.31363e-05
1.81818 2.70707 1.2443e-05
1.81818 2.78788 1.17183e-05
1.81818 2.86869 1.09643e-05
1.81818 2.94949 1.01831e-05
1.81818 3.0303 9.37696e-06
1.81818 3.11111 8.54825e-06
1.81818 3.19192 7.69937e-06
1.81818 3.27273 6.83276e-06
1.81818 3.35354 5.95095e-06
1.81818 3.43434 5.05649e-06
1.81818 3.51515 4.15197e-06
1.81818 3.59596 3.23998e-06
1.81818 3.67677 2.32316e-06
1.81818 3.75758 1.40411e-06
1.81818 3.83838 4.8546e-07
1.81818 3.91919 -4.30197e-07
1.81818 4 0
1.89899 -4 0
1.89899 -3.91919 -8.72054e-07
1.89899 -3.83838 -1.20402e-06
1.89899 -3.75758 -1.52301e-06
1.89899 -3.67677 -1.82662e-06
1.89899 -3.59596 -2.11252e-06
1.89899 -3.51515 -2.37847e-06
1.89899 -3.43434 -2.62235e-06
1.89899 -3.35354 -2.84216e-06
1.89899 -3.27273 -3.03602e-06
1.89899 -3.19192 -3.20217e-06
1.89899 -3.11111 -3.33901e-06
1.89899 -3.0303 -3.44507e-06
1.89899 -2.94949 -3.51904e-06
1.89899 -2.86869 -3.55977e-06
1.89899 -2.78788 -3.56626e-06
1.89899 -2.70707 -3.53769e-06
1.89899 -2.62626 -3.47341e-06
1.89899 -2.54545 -3.37292e-06
1.89899 -2.46465 -3.23593e-06
1.89899 -2.38384 -3.06229e-06
1.89899 -2.30303 -2.85205e-06
1.89899 -2.22222 -2.60541e-06
1.89899 -2.14141 -2.32278e-06
1.89899 -2.06061 -2.0047e-06
1.89899 -1.9798 -1.65191e-06
1.89899 -1.89899 -1.26529e-06
1.89899 -1.81818 -8.45918e-07
1.89899 -1.73737 -3.94991e-07
1.89899 -1.65657 8.61231e-08
1.89899 -1.57576 5.95913e-07
1.89899 -1.49495 1.13273e-06
1.89899 -1.41414 1.69479e-06
1.89899 -1.33333 2.28019e-06
1.89899 -1.25253 2.8869e-06
1.89899 -1.17172 3.51279e-06
1.89899 -1.09091 4.15563e-06
1.89899 -1.0101 4.81311e-06
1.89899 -0.929293 5.4828e-06
1.89899 -0.848485 6.16225e-06
1.89899 -0.767677 6.84892e-06
1.89899 -0.686869 7.54023e-06
1.89899 -0.606061 8.23355e-06
1.89899 -0.525253 8.92624e-06
1.89899 -0.444444 9.61562e-06
1.89899 -0.363636 1.0299e-05
1.89899 -0.282828 1.09738e-05
1.89899 -0.20202 1.16372e-05
1.89899 -0.121212 1.22867e-05
1.89899 -0.040404 1.29196e-05
1.89899 0.040404 1.35335e-05
1.89899 0.121212 1.41258e-05
1.89899 0.20202 1.4694e-05
1.89899 0.282828 1.52359e-05
1.89899 0.363636 1.57491e-05
1.89899 0.444444 1.62316e-05
1.89899 0.525253 1.66811e-05
1.89899 0.606061 1.70958e-05
1.89899 0.686869 1.74739e-05
1.89899 0.767677 1.78135e-05
1.89899 0.848485 1.81132e-05
1.89899 0.929293 1.83714e-05
1.89899 1.0101 1.85868e-05
1.89899 1.09091 1.87584e-05
1.89899 1.17172 1.88851e-05
1.89899 1.25253 1.89661e-05
1.89899 1.33333 1.90006e-05
1.89899 1.41414 1.89881e-05
1.89899 1.49495 1.89284e-05
1.89899 1.57576 1.88212e-05
1.89899 1.65657 1.86664e-05
1.89899 1.73737 1.84642e-05
1.89899 1.81818 1.82149e-05
1.89899 1.89899 1.7919e-05
1.89899 1.9798 1.7577e-05
1.89899 2.06061 1.71899e-05
1.89899 2.14141 1.67584e-05
1.89899 2.22222 1.62838e-05
1.89899 2.30303 1.57672e-05
1.89899 2.38384 1.521e-05
1.89899 2.46465 1.46137e-05
1.89899 2.54545 1.39801e-05
1.89899 2.62626 1.33107e-05
1.89899 2.70707 1.26077e-05
1.89899 2.78788 1.18729e-05
1.89899 2.86869 1.11084e-05
1.89899 2.94949 1.03165e-05
1.89899 3.0303 9.4994e-06
1.89899 3.11111 8.65951e-06
1.89899 3.19192 7.79924e-06
1.89899 3.27273 6.92109e-06
1.89899 3.35354 6.0276e-06
1.89899 3.43434 5.12134e-06
1.89899 3.51515 4.20493e-06
1.89899 3.59596 3.281e-06
1.89899 3.67677 2.3522e-06
1.89899 3.75758 1.42118e-06
1.89899 3.83838 4.90583e-07
1.89899 3.91919 -4.36966e-07
1.89899 4 0
1.9798 -4 0
1.9798 -3.91919 -8.7068e-07
1.9798 -3.83838 -1.20194e-06
1.9798 -3.75758 -1.52013e-06
1.9798 -3.67677 -1.82281e-06
1.9798 -3.59596 -2.10765e-06
1.9798 -3.51515 -2.37238e-06
1.9798 -3.43434 -2.61488e-06
1.9798 -3.35354 -2.83313e-06
1.9798 -3.27273 -3.02521e-06
1.9798 -3.19192 -3.18939e-06
1.9798 -3.11111 -3.32402e-06
1.9798 -3.0303 -3.42764e-06
1.9798 -2.94949 -3.49893e-06
1.9798 -2.86869 -3.53673e-06
1.9798 -2.78788 -3.54004e-06
1.9798 -2.70707 -3.50803e-06
1.9798 -2.62626 -3.44005e-06
1.9798 -2.54545 -3.3356e-06
1.9798 -2.46465 -3.19438e-06
1.9798 -2.38384 -3.01625e-06
1.9798 -2.30303 -2.80127e-06
1.9798 -2.22222 -2.54965e-06
1.9798 -2.14141 -2.26177e-06
1.9798 -2.06061 -1.93822e-06
1.9798 -1.9798 -1.57974e-06
1.9798 -1.89899 -1.18721e-06
1.9798 -1.81818 -7.61722e-07
1.9798 -1.73737 -3.04492e-07
1.9798 -1.65657 1.83098e-07
1.9798 -1.57576 6.99521e-07
1.9798 -1.49495 1.24311e-06
1.9798 -1.41414 1.81206e-06
1.9798 -1.33333 2.40446e-06
1.9798 -1.25253 3.01824e-06
1.9798 -1.17172 3.65127e-06
1.9798 -1.09091 4.30129e-06
1.9798 -1.0101 4.96594e-06
1.9798 -0.929293 5.64282e-06
1.9798 -0.848485 6.32941e-06
1.9798 -0.767677 7.02317e-06
1.9798 -0.686869 7.72148e-06
1.9798 -0.606061 8.42171e-06
1.9798 -0.525253 9.12116e-06
1.9798 -0.444444 9.81716e-06
1.9798 -0.363636 1.0507e-05
1.9798 -0.282828 1.1188e-05
1.9798 -0.20202 1.18574e-05
1.9798 -0.121212 1.25126e-05
1.9798 -0.040404 1.31511e-05
1.9798 0.040404 1.37701e-05
1.9798 0.121212 1.43672e-05
1.9798 0.20202 1.494e-05
1.9798 0.282828 1.5486e-05
1.9798 0.363636 1.60031e-05
1.9798 0.444444 1.64889e-05
1.9798 0.525253 1.69414e-05
1.9798 0.606061 1.73587e-05
1.9798 0.686869 1.77388e-05
1.9798 0.767677 1.808e-05
1.9798 0.848485 1.83808e-05
1.9798 0.929293 1.86397e-05
1.9798 1.0101 1.88554e-05
1.9798 1.09091 1.90267e-05
1.9798 1.17172 1.91525e-05
1.9798 1.25253 1.92322e-05
1.9798 1.33333 1.92649e-05
1.9798 1.41414 1.92501e-05
1.9798 1.49495 1.91875e-05
1.9798 1.57576 1.90768e-05
1.9798 1.65657 1.89182e-05
1.9798 1.73737 1.87116e-05
1.9798 1.81818 1.84574e-05
1.9798 1.89899 1.81562e-05
1.9798 1.9798 1.78084e-05
1.9798 2.06061 1.74149e-05
1.9798 2.14141 1.69767e-05
1.9798 2.22222 1.64948e-05
1.9798 2.30303 1.59705e-05
1.9798 2.38384 1.54053e-05
1.9798 2.46465 1.48006e-05
1.9798 2.54545 1.41581e-05
1.9798 2.62626 1.34796e-05
1.9798 2.70707 1.2767e-05
1.9798 2.78788 1.20224e-05
1.9798 2.86869 1.12478e-05
1.9798 2.94949 1.04456e-05
1.9798 3.0303 9.61786e-06
1.9798 3.11111 8.76714e-06
1.9798 3.19192 7.89586e-06
1.9798 3.27273 7.00654e-06
1.9798 3.35354 6.10173e-06
1.9798 3.43434 5.18404e-06
1.9798 3.51515 4.25613e-06
1.9798 3.59596 3.32064e-06
1.9798 3.67677 2.38025e-06
1.9798 3.75758 1.43764e-06
1.9798 3.83838 4.95483e-07
1.9798 3.91919 -4.43577e-07
1.9798 4 0
2.06061 -4 0
2.06061 -3.91919 -8.69232e-07
2.06061 -3.83838 -1.19977e-06
2.06061 -3.75758 -1.51714e-06
2.06061 -3.67677 -1.81889e-06
2.06061 -3.59596 -2.10265e-06
2.06061 -3.51515 -2.36618e-06
2.06061 -3.43434 -2.6073e-06
2.06061 -3.35354 -2.82399e-06
2.06061 -3.27273 -3.01433e-06
2.06061 -3.19192 -3.17655e-06
2.06061 -3.11111 -3.30902e-06
2.06061 -3.0303 -3.41026e-06
2.06061 -2.94949 -3.47893e-06
2.06061 -2.86869 -3.51387e-06
2.06061 -2.78788 -3.51408e-06
2.06061 -2.70707 -3.47872e-06
2.06061 -2.62626 -3.40713e-06
2.06061 -2.54545 -3.29883e-06
2.06061 -2.46465 -3.15351e-06
2.06061 -2.38384 -2.97103e-06
2.06061 -2.30303 -2.75145e-06
2.06061 -2.22222 -2.49499e-06
2.06061 -2.14141 -2.20205e-06
2.06061 -2.06061 -1.8732e-06
2.06061 -1.9798 -1.5092e-06
2.06061 -1.89899 -1.11096e-06
2.06061 -1.81818 -6.79553e-07
2.06061 -1.73737 -2.16231e-07
2.06061 -1.65657 2.77616e-07
2.06061 -1.57576 8.00446e-07
2.06061 -1.49495 1.35057e-06
2.06061 -1.41414 1.92618e-06
2.06061 -1.33333 2.52533e-06
2.06061 -1.25253 3.14594e-06
2.06061 -1.17172 3.78585e-06
2.06061 -1.09091 4.44278e-06
2.06061 -1.0101 5.11437e-06
2.06061 -0.929293 5.79816e-06
2.06061 -0.848485 6.49164e-06
2.06061 -0.767677 7.19223e-06
2.06061 -0.686869 7.8973e-06
2.06061 -0.606061 8.60417e-06
2.06061 -0.525253 9.31015e-06
2.06061 -0.444444 1.00125e-05
2.06061 -0.363636 1.07085e-05
2.06061 -0.282828 1.13955e-05
2.06061 -0.20202 1.20707e-05
2.06061 -0.121212 1.27315e-05
2.06061 -0.040404 1.33752e-05
2.06061 0.040404 1.39992e-05
2.06061 0.121212 1.4601e-05
2.06061 0.20202 1.51781e-05
2.06061 0.282828 1.57281e-05
2.06061 0.363636 1.62488e-05
2.06061 0.444444 1.67378e-05
2.06061 0.525253 1.71932e-05
2.06061 0.606061 1.76129e-05
2.06061 0.686869 1.7995e-05
2.06061 0.767677 1.83378e-05
2.06061 0.848485 1.86397e-05
2.06061 0.929293 1.88992e-05
2.06061 1.0101 1.9115e-05
2.06061 1.09091 1.9286e-05
2.06061 1.17172 1.9411e-05
2.06061 1.25253 1.94894e-05
2.06061 1.33333 1.95203e-05
2.06061 1.41414 1.95032e-05
2.06061 1.49495 1.94378e-05
2.06061 1.57576 1.93239e-05
2.06061 1.65657 1.91615e-05
2.06061 1.73737 1.89507e-05
2.06061 1.81818 1.86918e-05
2.06061 1.89899 1.83853e-05
2.06061 1.9798 1.80318e-05
2.06061 2.06061 1.76322e-05
2.06061 2.14141 1.71874e-05
2.06061 2.22222 1.66986e-05
2.06061 2.30303 1.61669e-05
2.06061 2.38384 1.55939e-05
2.06061 2.46465 1.4981e-05
2.06061 2.54545 1.433e-05
2.06061 2.62626 1.36427e-05
2.06061 2.70707 1.29209e-05
2.06061 2.78788 1.21668e-05
2.06061 2.86869 1.13825e-05
2.06061 2.94949 1.05701e-05
2.06061 3.0303 9.7322e-06
2.06061 3.11111 8.87103e-06
2.06061 3.19192 7.98911e-06
2.06061 3.27273 7.08899e-06
2.06061 3.35354 6.17325e-06
2.06061 3.43434 5.24454e-06
2.06061 3.51515 4.30551e-06
2.06061 3.59596 3.35886e-06
2.06061 3.67677 2.40728e-06
2.06061 3.75758 1.45348e-06
2.06061 3.83838 5.00153e-07
2.06061 3.91919 -4.50021e-07
2.06061 4 0
2.14141 -4 0
2.14141 -3.91919 -8.67724e-07
2.14141 -3.83838 -1.19752e-06
2.14141 -3.75758 -1.51406e-06
2.14141 -3.67677 -1.81487e-06
2.14141 -3.59596 -2.09757e-06
2.14141 -3.51515 -2.35989e-06
2.14141 -3.43434 -2.59965e-06
2.14141 -3.35354 -2.8148e-06
2.14141 -3.27273 -3.00343e-06
2.14141 -3.19192 -3.16374e-06
2.14141 -3.11111 -3.29409e-06
2.14141 -3.0303 -3.393e-06
2.14141 -2.94949 -3.45911e-06
2.14141 -2.86869 -3.49127e-06
2.14141 -2.78788 -3.48846e-06
2.14141 -2.70707 -3.44985e-06
2.14141 -2.62626 -3.37477e-06
2.14141 -2.54545 -3.26274e-06
2.14141 -2.46465 -3.11344e-06
2.14141 -2.38384 -2.92675e-06
2.14141 -2.30303 -2.70273e-06
2.14141 -2.22222 -2.44159e-06
2.14141 -2.14141 -2.14375e-06
2.14141 -2.06061 -1.80979e-06
2.14141 -1.9798 -1.44047e-06
2.14141 -1.89899 -1.03671e-06
2.14141 -1.81818 -5.99602e-07
2.14141 -1.73737 -1.30407e-07
2.14141 -1.65657 3.69471e-07
2.14141 -1.57576 8.98475e-07
2.14141 -1.49495 1.4549e-06
2.14141 -1.41414 2.03692e-06
2.14141 -1.33333 2.64256e-06
2.14141 -1.25253 3.26975e-06
2.14141 -1.17172 3.91628e-06
2.14141 -1.09091 4.57987e-06
2.14141 -1.0101 5.25812e-06
2.14141 -0.929293 5.94857e-06
2.14141 -0.848485 6.64867e-06
2.14141 -0.767677 7.35583e-06
2.14141 -0.686869 8.06738e-06
2.14141 -0.606061 8.78064e-06
2.14141 -0.525253 9.49288e-06
2.14141 -0.444444 1.02014e-05
2.14141 -0.363636 1.09033e-05
2.14141 -0.282828 1.15961e-05
2.14141 -0.20202 1.22768e-05
2.14141 -0.121212 1.29429e-05
2.14141 -0.040404 1.35916e-05
2.14141 0.040404 1.42204e-05
2.14141 0.121212 1.48267e-05
2.14141 0.20202 1.54079e-05
2.14141 0.282828 1.59618e-05
2.14141 0.363636 1.64859e-05
2.14141 0.444444 1.69781e-05
2.14141 0.525253 1.74361e-05
2.14141 0.606061 1.78581e-05
2.14141 0.686869 1.82421e-05
2.14141 0.767677 1.85864e-05
2.14141 0.848485 1.88893e-05
2.14141 0.929293 1.91495e-05
2.14141 1.0101 1.93654e-05
2.14141 1.09091 1.9536e-05
2.14141 1.17172 1.96603e-05
2.14141 1.25253 1.97373e-05
2.14141 1.33333 1.97665e-05
2.14141 1.41414 1.97472e-05
2.14141 1.49495 1.96791e-05
2.14141 1.57576 1.9562e-05
2.14141 1.65657 1.9396e-05
2.14141 1.73737 1.9181e-05
2.14141 1.81818 1.89175e-05
2.14141 1.89899 1.8606e-05
2.14141 1.9798 1.82471e-05
2.14141 2.06061 1.78416e-05
2.14141 2.14141 1.73905e-05
2.14141 2.22222 1.68949e-05
2.14141 2.30303 1.63561e-05
2.14141 2.38384 1.57756e-05
2.14141 2.46465 1.51548e-05
2.14141 2.54545 1.44956e-05
2.14141 2.62626 1.37997e-05
2.14141 2.70707 1.30691e-05
2.14141 2.78788 1.23058e-05
2.14141 2.86869 1.15121e-05
2.14141 2.94949 1.06901e-05
2.14141 3.0303 9.84229e-06
2.14141 3.11111 8.97104e-06
2.14141 3.19192 8.07887e-06
2.14141 3.27273 7.16835e-06
2.14141 3.35354 6.24209e-06
2.14141 3.43434 5.30274e-06
2.14141 3.51515 4.35301e-06
2.14141 3.59596 3.39561e-06
2.14141 3.67677 2.43325e-06
2.14141 3.75758 1.46867e-06
2.14141 3.83838 5.04589e-07
2.14141 3.91919 -4.5629e-07
2.14141 4 0
2.22222 -4 0
2.22222 -3.91919 -8.66171e-07
2.22222 -3.83838 -1.19522e-06
2.22222 -3.75758 -1.51093e-06
2.22222 -3.67677 -1.8108e-06
2.22222 -3.59596 -2.09244e-06
2.22222 -3.51515 -2.35356e-06
2.22222 -3.43434 -2.59198e-06
2.22222 -3.35354 -2.80562e-06
2.22222 -3.27273 -2.99257e-06
2.22222 -3.19192 -3.15101e-06
2.22222 -3.11111 -3.2793e-06
2.22222 -3.0303 -3.37593e-06
2.22222 -2.94949 -3.43957e-06
2.22222 -2.86869 -3.46903e-06
2.22222 -2.78788 -3.4633e-06
2.22222 -2.70707 -3.42154e-06
2.22222 -2.62626 -3.34308e-06
2.22222 -2.54545 -3.22744e-06
2.22222 -2.46465 -3.0743e-06
2.22222 -2.38384 -2.88355e-06
2.22222 -2.30303 -2.65524e-06
2.22222 -2.22222 -2.3896e-06
2.22222 -2.14141 -2.08704e-06
2.22222 -2.06061 -1.74815e-06
2.22222 -1.9798 -1.37371e-06
2.22222 -1.89899 -9.64638e-07
2.22222 -1.81818 -5.22051e-07
2.22222 -1.73737 -4.72082e-08
2.22222 -1.65657 4.58467e-07
2.22222 -1.57576 9.93403e-07
2.22222 -1.49495 1.55588e-06
2.22222 -1.41414 2.14406e-06
2.22222 -1.33333 2.75594e-06
2.22222 -1.25253 3.38943e-06
2.22222 -1.17172 4.04233e-06
2.22222 -1.09091 4.7123e-06
2.22222 -1.0101 5.39695e-06
2.22222 -0.929293 6.09378e-06
2.22222 -0.848485 6.80023e-06
2.22222 -0.767677 7.51368e-06
2.22222 -0.686869 8.23145e-06
2.22222 -0.606061 8.95083e-06
2.22222 -0.525253 9.66908e-06
2.22222 -0.444444 1.03834e-05
2.22222 -0.363636 1.10911e-05
2.22222 -0.282828 1.17893e-05
2.22222 -0.20202 1.24754e-05
2.22222 -0.121212 1.31465e-05
2.22222 -0.040404 1.38001e-05
2.22222 0.040404 1.44335e-05
2.22222 0.121212 1.5044e-05
2.22222 0.20202 1.56292e-05
2.22222 0.282828 1.61867e-05
2.22222 0.363636 1.67142e-05
2.22222 0.444444 1.72093e-05
2.22222 0.525253 1.76699e-05
2.22222 0.606061 1.80941e-05
2.22222 0.686869 1.84799e-05
2.22222 0.767677 1.88256e-05
2.22222 0.848485 1.91295e-05
2.22222 0.929293 1.93901e-05
2.22222 1.0101 1.96062e-05
2.22222 1.09091 1.97765e-05
2.22222 1.17172 1.98999e-05
2.22222 1.25253 1.99757e-05
2.22222 1.33333 2.00032e-05
2.22222 1.41414 1.99817e-05
2.22222 1.49495 1.9911e-05
2.22222 1.57576 1.97909e-05
2.22222 1.65657 1.96213e-05
2.22222 1.73737 1.94024e-05
2.22222 1.81818 1.91345e-05
2.22222 1.89899 1.88182e-05
2.22222 1.9798 1.8454e-05
2.22222 2.06061 1.80428e-05
2.22222 2.14141 1.75856e-05
2.22222 2.22222 1.70835e-05
2.22222 2.30303 1.65379e-05
2.22222 2.38384 1.59501e-05
2.22222 2.46465 1.53218e-05
2.22222 2.54545 1.46547e-05
2.22222 2.62626 1.39505e-05
2.22222 2.70707 1.32114e-05
2.22222 2.78788 1.24393e-05
2.22222 2.86869 1.16366e-05
2.22222 2.94949 1.08053e-05
2.22222 3.0303 9.94799e-06
2.22222 3.11111 9.06706e-06
2.22222 3.19192 8.16504e-06
2.22222 3.27273 7.24453e-06
2.22222 3.35354 6.30815e-06
2.22222 3.43434 5.3586e-06
2.22222 3.51515 4.39858e-06
2.22222 3.59596 3.43084e-06
2.22222 3.67677 2.45813e-06
2.22222 3.75758 1.4832e-06
2.22222 3.83838 5.08786e-07
2.22222 3.91919 -4.62377e-07
2.22222 4 0
2.30303 -4 0
2.30303 -3.91919 -8.64586e-07
2.30303 -3.83838 -1.19289e-06
2.30303 -3.75758 -1.50776e-06
2.30303 -3.67677 -1.8067e-06
2.30303 -3.59596 -2.08729e-06
2.30303 -3.51515 -2.34724e-06
2.30303 -3.43434 -2.58433e-06
2.30303 -3.35354 -2.7965e-06
2.30303 -3.27273 -2.98181e-06
2.30303 -3.19192 -3.13843e-06
2.30303 -3.11111 -3.26471e-06
2.30303 -3.0303 -3.35915e-06
2.30303 -2.94949 -3.42038e-06
2.30303 -2.86869 -3.44723e-06
2.30303 -2.78788 -3.43868e-06
2.30303 -2.70707 -3.39388e-06
2.30303 -2.62626 -3.31216e-06
2.30303 -2.54545 -3.19305e-06
2.30303 -2.46465 -3.03622e-06
2.30303 -2.38384 -2.84156e-06
2.30303 -2.30303 -2.60912e-06
2.30303 -2.22222 -2.33915e-06
2.30303 -2.14141 -2.03206e-06
2.30303 -2.06061 -1.68844e-06
2.30303 -1.9798 -1.30908e-06
2.30303 -1.89899 -8.94922e-07
2.30303 -1.81818 -4.47076e-07
2.30303 -1.73737 3.31811e-08
2.30303 -1.65657 5.44413e-07
2.30303 -1.57576 1.08503e-06
2.30303 -1.49495 1.65331e-06
2.30303 -1.41414 2.24738e-06
2.30303 -1.33333 2.86524e-06
2.30303 -1.25253 3.50477e-06
2.30303 -1.17172 4.16375e-06
2.30303 -1.09091 4.83983e-06
2.30303 -1.0101 5.53059e-06
2.30303 -0.929293 6.23353e-06
2.30303 -0.848485 6.94606e-06
2.30303 -0.767677 7.66553e-06
2.30303 -0.686869 8.38924e-06
2.30303 -0.606061 9.11447e-06
2.30303 -0.525253 9.83845e-06
2.30303 -0.444444 1.05584e-05
2.30303 -0.363636 1.12715e-05
2.30303 -0.282828 1.1975e-05
2.30303 -0.20202 1.26661e-05
2.30303 -0.121212 1.33421e-05
2.30303 -0.040404 1.40003e-05
2.30303 0.040404 1.4638e-05
2.30303 0.121212 1.52526e-05
2.30303 0.20202 1.58416e-05
2.30303 0.282828 1.64026e-05
2.30303 0.363636 1.69332e-05
2.30303 0.444444 1.74311e-05
2.30303 0.525253 1.78942e-05
2.30303 0.606061 1.83205e-05
2.30303 0.686869 1.8708e-05
2.30303 0.767677 1.9055e-05
2.30303 0.848485 1.93598e-05
2.30303 0.929293 1.96209e-05
2.30303 1.0101 1.98371e-05
2.30303 1.09091 2.0007e-05
2.30303 1.17172 2.01297e-05
2.30303 1.25253 2.02043e-05
2.30303 1.33333 2.02301e-05
2.30303 1.41414 2.02066e-05
2.30303 1.49495 2.01334e-05
2.30303 1.57576 2.00103e-05
2.30303 1.65657 1.98373e-05
2.30303 1.73737 1.96146e-05
2.30303 1.81818 1.93425e-05
2.30303 1.89899 1.90214e-05
2.30303 1.9798 1.86522e-05
2.30303 2.06061 1.82356e-05
2.30303 2.14141 1.77725e-05
2.30303 2.22222 1.72642e-05
2.30303 2.30303 1.6712e-05
2.30303 2.38384 1.61173e-05
2.30303 2.46465 1.54817e-05
2.30303 2.54545 1.4807e-05
2.30303 2.62626 1.4095e-05
2.30303 2.70707 1.33477e-05
2.30303 2.78788 1.25672e-05
2.30303 2.86869 1.17557e-05
2.30303 2.94949 1.09156e-05
2.30303 3.0303 1.00492e-05
2.30303 3.11111 9.15898e-06
2.30303 3.19192 8.24753e-06
2.30303 3.27273 7.31743e-06
2.30303 3.35354 6.37137e-06
2.30303 3.43434 5.41203e-06
2.30303 3.51515 4.44217e-06
2.30303 3.59596 3.46453e-06
2.30303 3.67677 2.4819e-06
2.30303 3.75758 1.49705e-06
2.30303 3.83838 5.12738e-07
2.30303 3.91919 -4.68275e-07
2.30303 4 0
2.38384 -4 0
2.38384 -3.91919 -8.62983e-07
2.38384 -3.83838 -1.19054e-06
2.38384 -3.75758 -1.50458e-06
2.38384 -3.67677 -1.8026e-06
2.38384 -3.59596 -2.08216e-06
2.38384 -3.51515 -2.34095e-06
2.38384 -3.43434 -2.57676e-06
2.38384 -3.35354 -2.78749e-06
2.38384 -3.27273 -2.9712e-06
2.38384 -3.19192 -3.12606e-06
2.38384 -3.11111 -3.2504e-06
2.38384 -3.0303 -3.34271e-06
2.38384 -2.94949 -3.40163e-06
2.38384 -2.86869 -3.42596e-06
2.38384 -2.78788 -3.41469e-06
2.38384 -2.70707 -3.36697e-06
2.38384 -2.62626 -3.28212e-06
2.38384 -2.54545 -3.15967e-06
2.38384 -2.46465 -2.9993e-06
2.38384 -2.38384 -2.80089e-06
2.38384 -2.30303 -2.5645e-06
2.38384 -2.22222 -2.29038e-06
2.38384 -2.14141 -1.97895e-06
2.38384 -2.06061 -1.63081e-06
2.38384 -1.9798 -1.24675e-06
2.38384 -1.89899 -8.27721e-07
2.38384 -1.81818 -3.74846e-07
2.38384 -1.73737 1.10585e-07
2.38384 -1.65657 6.27125e-07
2.38384 -1.57576 1.17317e-06
2.38384 -1.49495 1.74699e-06
2.38384 -1.41414 2.34668e-06
2.38384 -1.33333 2.97025e-06
2.38384 -1.25253 3.61554e-06
2.38384 -1.17172 4.28032e-06
2.38384 -1.09091 4.96223e-06
2.38384 -1.0101 5.65883e-06
2.38384 -0.929293 6.36759e-06
2.38384 -0.848485 7.08591e-06
2.38384 -0.767677 7.81111e-06
2.38384 -0.686869 8.5405e-06
2.38384 -0.606061 9.2713e-06
2.38384 -0.525253 1.00007e-05
2.38384 -0.444444 1.0726e-05
2.38384 -0.363636 1.14443e-05
2.38384 -0.282828 1.21528e-05
2.38384 -0.20202 1.28488e-05
2.38384 -0.121212 1.35294e-05
2.38384 -0.040404 1.41919e-05
2.38384 0.040404 1.48338e-05
2.38384 0.121212 1.54523e-05
2.38384 0.20202 1.60449e-05
2.38384 0.282828 1.66092e-05
2.38384 0.363636 1.71427e-05
2.38384 0.444444 1.76433e-05
2.38384 0.525253 1.81087e-05
2.38384 0.606061 1.8537e-05
2.38384 0.686869 1.89261e-05
2.38384 0.767677 1.92743e-05
2.38384 0.848485 1.958e-05
2.38384 0.929293 1.98416e-05
2.38384 1.0101 2.00578e-05
2.38384 1.09091 2.02273e-05
2.38384 1.17172 2.03493e-05
2.38384 1.25253 2.04227e-05
2.38384 1.33333 2.04469e-05
2.38384 1.41414 2.04214e-05
2.38384 1.49495 2.03458e-05
2.38384 1.57576 2.02198e-05
2.38384 1.65657 2.00436e-05
2.38384 1.73737 1.98172e-05
2.38384 1.81818 1.95411e-05
2.38384 1.89899 1.92156e-05
2.38384 1.9798 1.88415e-05
2.38384 2.06061 1.84196e-05
2.38384 2.14141 1.7951e-05
2.38384 2.22222 1.74368e-05
2.38384 2.30303 1.68782e-05
2.38384 2.38384 1.62769e-05
2.38384 2.46465 1.56344e-05
2.38384 2.54545 1.49524e-05
2.38384 2.62626 1.42329e-05
2.38384 2.70707 1.34778e-05
2.38384 2.78788 1.26892e-05
2.38384 2.86869 1.18695e-05
2.38384 2.94949 1.10209e-05
2.38384 3.0303 1.01458e-05
2.38384 3.11111 9.24669e-06
2.38384 3.19192 8.32622e-06
2.38384 3.27273 7.38698e-06
2.38384 3.35354 6.43166e-06
2.38384 3.43434 5.46299e-06
2.38384 3.51515 4.48371e-06
2.38384 3.59596 3.49663e-06
2.38384 3.67677 2.50452e-06
2.38384 3.75758 1.5102e-06
2.38384 3.83838 5.16442e-07
2.38384 3.91919 -4.73976e-07
2.38384 4 0
2.46465 -4 0
2.46465 -3.91919 -8.61372e-07
2.46465 -3.83838 -1.18819e-06
2.46465 -3.75758 -1.50141e-06
2.46465 -3.67677 -1.79853e-06
2.46465 -3.59596 -2.07708e-06
2.46465 -3.51515 -2.33475e-06
2.46465 -3.43434 -2.5693e-06
2.46465 -3.35354 -2.77864e-06
2.46465 -3.27273 -2.96081e-06
2.46465 -3.19192 -3.11396e-06
2.46465 -3.11111 -3.23643e-06
2.46465 -3.0303 -3.3267e-06
2.46465 -2.94949 -3.38339e-06
2.46465 -2.86869 -3.4053e-06
2.46465 -2.78788 -3.39143e-06
2.46465 -2.70707 -3.3409e-06
2.46465 -2.62626 -3.25306e-06
2.46465 -2.54545 -3.12742e-06
2.46465 -2.46465 -2.96366e-06
2.46465 -2.38384 -2.76167e-06
2.46465 -2.30303 -2.52151e-06
2.46465 -2.22222 -2.24343e-06
2.46465 -2.14141 -1.92786e-06
2.46465 -2.06061 -1.57541e-06
2.46465 -1.9798 -1.18686e-06
2.46465 -1.89899 -7.6319e-07
2.46465 -1.81818 -3.05526e-07
2.46465 -1.73737 1.84833e-07
2.46465 -1.65657 7.06427e-07
2.46465 -1.57576 1.25765e-06
2.46465 -1.49495 1.83673e-06
2.46465 -1.41414 2.44178e-06
2.46465 -1.33333 3.07077e-06
2.46465 -1.25253 3.72154e-06
2.46465 -1.17172 4.39184e-06
2.46465 -1.09091 5.07929e-06
2.46465 -1.0101 5.78144e-06
2.46465 -0.929293 6.49573e-06
2.46465 -0.848485 7.21954e-06
2.46465 -0.767677 7.9502e-06
2.46465 -0.686869 8.68496e-06
2.46465 -0.606061 9.42106e-06
2.46465 -0.525253 1.01557e-05
2.46465 -0.444444 1.0886e-05
2.46465 -0.363636 1.16092e-05
2.46465 -0.282828 1.23225e-05
2.46465 -0.20202 1.3023e-05
2.46465 -0.121212 1.3708e-05
2.46465 -0.040404 1.43747e-05
2.46465 0.040404 1.50205e-05
2.46465 0.121212 1.56426e-05
2.46465 0.20202 1.62387e-05
2.46465 0.282828 1.68061e-05
2.46465 0.363636 1.73424e-05
2.46465 0.444444 1.78455e-05
2.46465 0.525253 1.83132e-05
2.46465 0.606061 1.87433e-05
2.46465 0.686869 1.91339e-05
2.46465 0.767677 1.94833e-05
2.46465 0.848485 1.97897e-05
2.46465 0.929293 2.00517e-05
2.46465 1.0101 2.0268e-05
2.46465 1.09091 2.04372e-05
2.46465 1.17172 2.05584e-05
2.46465 1.25253 2.06307e-05
2.46465 1.33333 2.06534e-05
2.46465 1.41414 2.06259e-05
2.46465 1.49495 2.0548e-05
2.46465 1.57576 2.04193e-05
2.46465 1.65657 2.024e-05
2.46465 1.73737 2.00101e-05
2.46465 1.81818 1.97301e-05
2.46465 1.89899 1.94004e-05
2.46465 1.9798 1.90217e-05
2.46465 2.06061 1.85948e-05
2.46465 2.14141 1.81209e-05
2.46465 2.22222 1.7601e-05
2.46465 2.30303 1.70364e-05
2.46465 2.38384 1.64288e-05
2.46465 2.46465 1.57797e-05
2.46465 2.54545 1.50908e-05
2.46465 2.62626 1.43641e-05
2.46465 2.70707 1.36015e-05
2.46465 2.78788 1.28053e-05
2.46465 2.86869 1.19777e-05
2.46465 2.94949 1.1121e-05
2.46465 3.0303 1.02376e-05
2.46465 3.11111 9.33009e-06
2.46465 3.19192 8.40104e-06
2.46465 3.27273 7.4531e-06
2.46465 3.35354 6.48897e-06
2.46465 3.43434 5.5114e-06
2.46465 3.51515 4.52318e-06
2.46465 3.59596 3.5271e-06
2.46465 3.67677 2.52598e-06
2.46465 3.75758 1.52264e-06
2.46465 3.83838 5.19894e-07
2.46465 3.91919 -4.79474e-07
2.46465 4 0
2.54545 -4 0
2.54545 -3.91919 -8.59769e-07
2.54545 -3.83838 -1.18585e-06
2.54545 -3.75758 -1.49828e-06
2.54545 -3.67677 -1.79451e-06
2.54545 -3.59596 -2.07208e-06
2.54545 -3.51515 -2.32866e-06
2.54545 -3.43434 -2.562e-06
2.54545 -3.35354 -2.76999e-06
2.54545 -3.27273 -2.95067e-06
2.54545 -3.19192 -3.10219e-06
2.54545 -3.11111 -3.22287e-06
2.54545 -3.0303 -3.31117e-06
2.54545 -2.94949 -3.36573e-06
2.54545 -2.86869 -3.38534e-06
2.54545 -2.78788 -3.36897e-06
2.54545 -2.70707 -3.31577e-06
2.54545 -2.62626 -3.22508e-06
2.54545 -2.54545 -3.09639e-06
2.54545 -2.46465 -2.92941e-06
2.54545 -2.38384 -2.72401e-06
2.54545 -2.30303 -2.48026e-06
2.54545 -2.22222 -2.19842e-06
2.54545 -2.14141 -1.87891e-06
2.54545 -2.06061 -1.52236e-06
2.54545 -1.9798 -1.12956e-06
2.54545 -1.89899 -7.0148e-07
2.54545 -1.81818 -2.3927e-07
2.54545 -1.73737 2.55765e-07
2.54545 -1.65657 7.82154e-07
2.54545 -1.57576 1.33827e-06
2.54545 -1.49495 1.92235e-06
2.54545 -1.41414 2.53248e-06
2.54545 -1.33333 3.16661e-06
2.54545 -1.25253 3.82257e-06
2.54545 -1.17172 4.4981e-06
2.54545 -1.09091 5.1908e-06
2.54545 -1.0101 5.8982e-06
2.54545 -0.929293 6.61772e-06
2.54545 -0.848485 7.34675e-06
2.54545 -0.767677 8.08256e-06
2.54545 -0.686869 8.82241e-06
2.54545 -0.606061 9.56352e-06
2.54545 -0.525253 1.0303e-05
2.54545 -0.444444 1.10382e-05
2.54545 -0.363636 1.1766e-05
2.54545 -0.282828 1.24838e-05
2.54545 -0.20202 1.31886e-05
2.54545 -0.121212 1.38777e-05
2.54545 -0.040404 1.45484e-05
2.54545 0.040404 1.51978e-05
2.54545 0.121212 1.58235e-05
2.54545 0.20202 1.64227e-05
2.54545 0.282828 1.6993e-05
2.54545 0.363636 1.75321e-05
2.54545 0.444444 1.80376e-05
2.54545 0.525253 1.85072e-05
2.54545 0.606061 1.89391e-05
2.54545 0.686869 1.93311e-05
2.54545 0.767677 1.96816e-05
2.54545 0.848485 1.99888e-05
2.54545 0.929293 2.02512e-05
2.54545 1.0101 2.04674e-05
2.54545 1.09091 2.06363e-05
2.54545 1.17172 2.07568e-05
2.54545 1.25253 2.0828e-05
2.54545 1.33333 2.08492e-05
2.54545 1.41414 2.082e-05
2.54545 1.49495 2.07398e-05
2.54545 1.57576 2.06086e-05
2.54545 1.65657 2.04263e-05
2.54545 1.73737 2.01931e-05
2.54545 1.81818 1.99094e-05
2.54545 1.89899 1.95756e-05
2.54545 1.9798 1.91925e-05
2.54545 2.06061 1.87609e-05
2.54545 2.14141 1.82819e-05
2.54545 2.22222 1.77566e-05
2.54545 2.30303 1.71864e-05
2.54545 2.38384 1.65728e-05
2.54545 2.46465 1.59173e-05
2.54545 2.54545 1.52219e-05
2.54545 2.62626 1.44884e-05
2.54545 2.70707 1.37188e-05
2.54545 2.78788 1.29153e-05
2.54545 2.86869 1.20802e-05
2.54545 2.94949 1.12158e-05
2.54545 3.0303 1.03246e-05
2.54545 3.11111 9.40909e-06
2.54545 3.19192 8.4719e-06
2.54545 3.27273 7.51571e-06
2.54545 3.35354 6.54323e-06
2.54545 3.43434 5.55723e-06
2.54545 3.51515 4.56052e-06
2.54545 3.59596 3.55591e-06
2.54545 3.67677 2.54625e-06
2.54545 3.75758 1.53436e-06
2.54545 3.83838 5.2309e-07
2.54545 3.91919 -4.84762e-07
2.54545 4 0
2.62626 -4 0
2.62626 -3.91919 -8.58183e-07
2.62626 -3.83838 -1.18356e-06
2.62626 -3.75758 -1.49521e-06
2.62626 -3.67677 -1.79058e-06
2.62626 -3.59596 -2.0672e-06
2.62626 -3.51515 -2.32272e-06
2.62626 -3.43434 -2.55489e-06
2.62626 -3.35354 -2.7616e-06
2.62626 -3.27273 -2.94085e-06
2.62626 -3.19192 -3.0908e-06
2.62626 -3.11111 -3.20977e-06
2.62626 -3.0303 -3.2962e-06
2.62626 -2.94949 -3.34872e-06
2.62626 -2.86869 -3.36613e-06
2.62626 -2.78788 -3.3474e-06
2.62626 -2.70707 -3.29167e-06
2.62626 -2.62626 -3.19826e-06
2.62626 -2.54545 -3.06669e-06
2.62626 -2.46465 -2.89665e-06
2.62626 -2.38384 -2.68802e-06
2.62626 -2.30303 -2.44087e-06
2.62626 -2.22222 -2.15546e-06
2.62626 -2.14141 -1.83223e-06
2.62626 -2.06061 -1.4718e-06
2.62626 -1.9798 -1.07498e-06
2.62626 -1.89899 -6.42733e-07
2.62626 -1.81818 -1.76226e-07
2.62626 -1.73737 3.23226e-07
2.62626 -1.65657 8.54144e-07
2.62626 -1.57576 1.41489e-06
2.62626 -1.49495 2.00369e-06
2.62626 -1.41414 2.6186e-06
2.62626 -1.33333 3.25758e-06
2.62626 -1.25253 3.91845e-06
2.62626 -1.17172 4.59891e-06
2.62626 -1.09091 5.29656e-06
2.62626 -1.0101 6.00891e-06
2.62626 -0.929293 6.73337e-06
2.62626 -0.848485 7.4673e-06
2.62626 -0.767677 8.20798e-06
2.62626 -0.686869 8.95263e-06
2.62626 -0.606061 9.69845e-06
2.62626 -0.525253 1.04426e-05
2.62626 -0.444444 1.11822e-05
2.62626 -0.363636 1.19145e-05
2.62626 -0.282828 1.26364e-05
2.62626 -0.20202 1.33453e-05
2.62626 -0.121212 1.40383e-05
2.62626 -0.040404 1.47127e-05
2.62626 0.040404 1.53656e-05
2.62626 0.121212 1.59945e-05
2.62626 0.20202 1.65968e-05
2.62626 0.282828 1.71699e-05
2.62626 0.363636 1.77114e-05
2.62626 0.444444 1.82191e-05
2.62626 0.525253 1.86907e-05
2.62626 0.606061 1.91242e-05
2.62626 0.686869 1.95176e-05
2.62626 0.767677 1.9869e-05
2.62626 0.848485 2.01769e-05
2.62626 0.929293 2.04396e-05
2.62626 1.0101 2.06559e-05
2.62626 1.09091 2.08244e-05
2.62626 1.17172 2.09442e-05
2.62626 1.25253 2.10144e-05
2.62626 1.33333 2.10343e-05
2.62626 1.41414 2.10032e-05
2.62626 1.49495 2.0921e-05
2.62626 1.57576 2.07873e-05
2.62626 1.65657 2.06022e-05
2.62626 1.73737 2.03658e-05
2.62626 1.81818 2.00786e-05
2.62626 1.89899 1.9741e-05
2.62626 1.9798 1.93538e-05
2.62626 2.06061 1.89177e-05
2.62626 2.14141 1.84339e-05
2.62626 2.22222 1.79035e-05
2.62626 2.30303 1.73279e-05
2.62626 2.38384 1.67086e-05
2.62626 2.46465 1.60473e-05
2.62626 2.54545 1.53457e-05
2.62626 2.62626 1.46057e-05
2.62626 2.70707 1.38295e-05
2.62626 2.78788 1.30191e-05
2.62626 2.86869 1.21769e-05
2.62626 2.94949 1.13053e-05
2.62626 3.0303 1.04067e-05
2.62626 3.11111 9.4836e-06
2.62626 3.19192 8.53873e-06
2.62626 3.27273 7.57474e-06
2.62626 3.35354 6.59437e-06
2.62626 3.43434 5.60041e-06
2.62626 3.51515 4.59568e-06
2.62626 3.59596 3.58303e-06
2.62626 3.67677 2.5653e-06
2.62626 3.75758 1.54535e-06
2.62626 3.83838 5.26027e-07
2.62626 3.91919 -4.89834e-07
2.62626 4 0
2.70707 -4 0
2.70707 -3.91919 -8.56627e-07
2.70707 -3.83838 -1.18131e-06
2.70707 -3.75758 -1.49221e-06
2.70707 -3.67677 -1.78675e-06
2.70707 -3.59596 -2.06246e-06
2.70707 -3.51515 -2.31697e-06
2.70707 -3.43434 -2.54802e-06
2.70707 -3.35354 -2.7535e-06
2.70707 -3.27273 -2.93139e-06
2.70707 -3.19192 -3.07985e-06
2.70707 -3.11111 -3.19719e-06
2.70707 -3.0303 -3.28184e-06
2.70707 -2.94949 -3.33244e-06
2.70707 -2.86869 -3.34777e-06
2.70707 -2.78788 -3.3268e-06
2.70707 -2.70707 -3.26867e-06
2.70707 -2.62626 -3.1727e-06
2.70707 -2.54545 -3.0384e-06
2.70707 -2.46465 -2.86547e-06
2.70707 -2.38384 -2.6538e-06
2.70707 -2.30303 -2.40345e-06
2.70707 -2.22222 -2.11468e-06
2.70707 -2.14141 -1.78794e-06
2.70707 -2.06061 -1.42386e-06
2.70707 -1.9798 -1.02325e-06
2.70707 -1.89899 -5.87083e-07
2.70707 -1.81818 -1.16535e-07
2.70707 -1.73737 3.87072e-07
2.70707 -1.65657 9.22248e-07
2.70707 -1.57576 1.48735e-06
2.70707 -1.49495 2.08057e-06
2.70707 -1.41414 2.69999e-06
2.70707 -1.33333 3.34353e-06
2.70707 -1.25253 4.009e-06
2.70707 -1.17172 4.69409e-06
2.70707 -1.09091 5.39639e-06
2.70707 -1.0101 6.11338e-06
2.70707 -0.929293 6.84248e-06
2.70707 -0.848485 7.58102e-06
2.70707 -0.767677 8.32625e-06
2.70707 -0.686869 9.0754e-06
2.70707 -0.606061 9.82565e-06
2.70707 -0.525253 1.05741e-05
2.70707 -0.444444 1.1318e-05
2.70707 -0.363636 1.20543e-05
2.70707 -0.282828 1.27803e-05
2.70707 -0.20202 1.3493e-05
2.70707 -0.121212 1.41896e-05
2.70707 -0.040404 1.48674e-05
2.70707 0.040404 1.55236e-05
2.70707 0.121212 1.61555e-05
2.70707 0.20202 1.67606e-05
2.70707 0.282828 1.73363e-05
2.70707 0.363636 1.78802e-05
2.70707 0.444444 1.83899e-05
2.70707 0.525253 1.88634e-05
2.70707 0.606061 1.92984e-05
2.70707 0.686869 1.9693e-05
2.70707 0.767677 2.00453e-05
2.70707 0.848485 2.03538e-05
2.70707 0.929293 2.06169e-05
2.70707 1.0101 2.08331e-05
2.70707 1.09091 2.10014e-05
2.70707 1.17172 2.11205e-05
2.70707 1.25253 2.11897e-05
2.70707 1.33333 2.12082e-05
2.70707 1.41414 2.11755e-05
2.70707 1.49495 2.10913e-05
2.70707 1.57576 2.09553e-05
2.70707 1.65657 2.07675e-05
2.70707 1.73737 2.05282e-05
2.70707 1.81818 2.02377e-05
2.70707 1.89899 1.98965e-05
2.70707 1.9798 1.95053e-05
2.70707 2.06061 1.90651e-05
2.70707 2.14141 1.85767e-05
2.70707 2.22222 1.80416e-05
2.70707 2.30303 1.74609e-05
2.70707 2.38384 1.68363e-05
2.70707 2.46465 1.61693e-05
2.70707 2.54545 1.54619e-05
2.70707 2.62626 1.47159e-05
2.70707 2.70707 1.39334e-05
2.70707 2.78788 1.31166e-05
2.70707 2.86869 1.22678e-05
2.70707 2.94949 1.13893e-05
2.70707 3.0303 1.04837e-05
2.70707 3.11111 9.55354e-06
2.70707 3.19192 8.60144e-06
2.70707 3.27273 7.63012e-06
2.70707 3.35354 6.64234e-06
2.70707 3.43434 5.64091e-06
2.70707 3.51515 4.62865e-06
2.70707 3.59596 3.60843e-06
2.70707 3.67677 2.58311e-06
2.70707 3.75758 1.55558e-06
2.70707 3.83838 5.28702e-07
2.70707 3.91919 -4.94684e-07
2.70707 4 0
2.78788 -4 0
2.78788 -3.91919 -8.55112e-07
2.78788 -3.83838 -1.17913e-06
2.78788 -3.75758 -1.4893e-06
2.78788 -3.67677 -1.78305e-06
2.78788 -3.59596 -2.05789e-06
2.78788 -3.51515 -2.31144e-06
2.78788 -3.43434 -2.54143e-06
2.78788 -3.35354 -2.74573e-06
2.78788 -3.27273 -2.92234e-06
2.78788 -3.19192 -3.06939e-06
2.78788 -3.11111 -3.18518e-06
2.78788 -3.0303 -3.26816e-06
2.78788 -2.94949 -3.31695e-06
2.78788 -2.86869 -3.33032e-06
2.78788 -2.78788 -3.30724e-06
2.78788 -2.70707 -3.24685e-06
2.78788 -2.62626 -3.14847e-06
2.78788 -2.54545 -3.01162e-06
2.78788 -2.46465 -2.83598e-06
2.78788 -2.38384 -2.62145e-06
2.78788 -2.30303 -2.36809e-06
2.78788 -2.22222 -2.07618e-06
2.78788 -2.14141 -1.74615e-06
2.78788 -2.06061 -1.37865e-06
2.78788 -1.9798 -9.7449e-07
2.78788 -1.89899 -5.34659e-07
2.78788 -1.81818 -6.03287e-08
2.78788 -1.73737 4.47165e-07
2.78788 -1.65657 9.86323e-07
2.78788 -1.57576 1.55549e-06
2.78788 -1.49495 2.15286e-06
2.78788 -1.41414 2.77648e-06
2.78788 -1.33333 3.42428e-06
2.78788 -1.25253 4.09405e-06
2.78788 -1.17172 4.78347e-06
2.78788 -1.09091 5.49011e-06
2.78788 -1.0101 6.21144e-06
2.78788 -0.929293 6.94487e-06
2.78788 -0.848485 7.6877e-06
2.78788 -0.767677 8.43719e-06
2.78788 -0.686869 9.19054e-06
2.78788 -0.606061 9.94491e-06
2.78788 -0.525253 1.06974e-05
2.78788 -0.444444 1.14452e-05
2.78788 -0.363636 1.21854e-05
2.78788 -0.282828 1.2915e-05
2.78788 -0.20202 1.36313e-05
2.78788 -0.121212 1.43313e-05
2.78788 -0.040404 1.50123e-05
2.78788 0.040404 1.56716e-05
2.78788 0.121212 1.63063e-05
2.78788 0.20202 1.6914e-05
2.78788 0.282828 1.74921e-05
2.78788 0.363636 1.80382e-05
2.78788 0.444444 1.85499e-05
2.78788 0.525253 1.9025e-05
2.78788 0.606061 1.94614e-05
2.78788 0.686869 1.98571e-05
2.78788 0.767677 2.02103e-05
2.78788 0.848485 2.05194e-05
2.78788 0.929293 2.07827e-05
2.78788 1.0101 2.09989e-05
2.78788 1.09091 2.11668e-05
2.78788 1.17172 2.12854e-05
2.78788 1.25253 2.13536e-05
2.78788 1.33333 2.13709e-05
2.78788 1.41414 2.13366e-05
2.78788 1.49495 2.12505e-05
2.78788 1.57576 2.11123e-05
2.78788 1.65657 2.09221e-05
2.78788 1.73737 2.068e-05
2.78788 1.81818 2.03864e-05
2.78788 1.89899 2.00418e-05
2.78788 1.9798 1.9647e-05
2.78788 2.06061 1.92028e-05
2.78788 2.14141 1.87102e-05
2.78788 2.22222 1.81706e-05
2.78788 2.30303 1.75852e-05
2.78788 2.38384 1.69556e-05
2.78788 2.46465 1.62834e-05
2.78788 2.54545 1.55705e-05
2.78788 2.62626 1.48188e-05
2.78788 2.70707 1.40305e-05
2.78788 2.78788 1.32076e-05
2.78788 2.86869 1.23526e-05
2.78788 2.94949 1.14678e-05
2.78788 3.0303 1.05556e-05
2.78788 3.11111 9.61883e-06
2.78788 3.19192 8.65998e-06
2.78788 3.27273 7.68181e-06
2.78788 3.35354 6.6871e-06
2.78788 3.43434 5.67867e-06
2.78788 3.51515 4.65937e-06
2.78788 3.59596 3.63208e-06
2.78788 3.67677 2.59968e-06
2.78788 3.75758 1.56506e-06
2.78788 3.83838 5.31113e-07
2.78788 3.91919 -4.99307e-07
2.78788 4 0
2.86869 -4 0
2.86869 -3.91919 -8.53649e-07
2.86869 -3.83838 -1.17703e-06
2.86869 -3.75758 -1.48652e-06
2.86869 -3.67677 -1.77951e-06
2.86869 -3.59596 -2.05352e-06
2.86869 -3.51515 -2.30615e-06
2.86869 -3.43434 -2.53514e-06
2.86869 -3.35354 -2.73834e-06
2.86869 -3.27273 -2.91374e-06
2.86869 -3.19192 -3.05946e-06
2.86869 -3.11111 -3.17381e-06
2.86869 -3.0303 -3.25522e-06
2.86869 -2.94949 -3.3023e-06
2.86869 -2.86869 -3.31384e-06
2.86869 -2.78788 -3.28879e-06
2.86869 -2.70707 -3.22629e-06
2.86869 -2.62626 -3.12566e-06
2.86869 -2.54545 -2.98642e-06
2.86869 -2.46465 -2.80826e-06
2.86869 -2.38384 -2.59106e-06
2.86869 -2.30303 -2.33491e-06
2.86869 -2.22222 -2.04006e-06
2.86869 -2.14141 -1.70697e-06
2.86869 -2.06061 -1.33629e-06
2.86869 -1.9798 -9.28824e-07
2.86869 -1.89899 -4.8558e-07
2.86869 -1.81818 -7.73141e-09
2.86869 -1.73737 5.03377e-07
2.86869 -1.65657 1.04624e-06
2.86869 -1.57576 1.61918e-06
2.86869 -1.49495 2.2204e-06
2.86869 -1.41414 2.84794e-06
2.86869 -1.33333 3.49969e-06
2.86869 -1.25253 4.17346e-06
2.86869 -1.17172 4.86689e-06
2.86869 -1.09091 5.57756e-06
2.86869 -1.0101 6.30292e-06
2.86869 -0.929293 7.04036e-06
2.86869 -0.848485 7.78718e-06
2.86869 -0.767677 8.54062e-06
2.86869 -0.686869 9.29787e-06
2.86869 -0.606061 1.00561e-05
2.86869 -0.525253 1.08123e-05
2.86869 -0.444444 1.15638e-05
2.86869 -0.363636 1.23075e-05
2.86869 -0.282828 1.30405e-05
2.86869 -0.20202 1.37601e-05
2.86869 -0.121212 1.44633e-05
2.86869 -0.040404 1.51473e-05
2.86869 0.040404 1.58093e-05
2.86869 0.121212 1.64467e-05
2.86869 0.20202 1.70568e-05
2.86869 0.282828 1.76371e-05
2.86869 0.363636 1.81852e-05
2.86869 0.444444 1.86987e-05
2.86869 0.525253 1.91753e-05
2.86869 0.606061 1.9613e-05
2.86869 0.686869 2.00098e-05
2.86869 0.767677 2.03638e-05
2.86869 0.848485 2.06734e-05
2.86869 0.929293 2.09369e-05
2.86869 1.0101 2.11531e-05
2.86869 1.09091 2.13207e-05
2.86869 1.17172 2.14386e-05
2.86869 1.25253 2.1506e-05
2.86869 1.33333 2.15221e-05
2.86869 1.41414 2.14864e-05
2.86869 1.49495 2.13985e-05
2.86869 1.57576 2.12583e-05
2.86869 1.65657 2.10658e-05
2.86869 1.73737 2.08211e-05
2.86869 1.81818 2.05246e-05
2.86869 1.89899 2.01769e-05
2.86869 1.9798 1.97786e-05
2.86869 2.06061 1.93307e-05
2.86869 2.14141 1.88343e-05
2.86869 2.22222 1.82904e-05
2.86869 2.30303 1.77006e-05
2.86869 2.38384 1.70663e-05
2.86869 2.46465 1.63893e-05
2.86869 2.54545 1.56714e-05
2.86869 2.62626 1.49144e-05
2.86869 2.70707 1.41206e-05
2.86869 2.78788 1.32921e-05
2.86869 2.86869 1.24313e-05
2.86869 2.94949 1.15406e-05
2.86869 3.0303 1.06224e-05
2.86869 3.11111 9.67941e-06
2.86869 3.19192 8.71428e-06
2.86869 3.27273 7.72975e-06
2.86869 3.35354 6.7286e-06
2.86869 3.43434 5.71367e-06
2.86869 3.51515 4.68782e-06
2.86869 3.59596 3.65396e-06
2.86869 3.67677 2.61497e-06
2.86869 3.75758 1.57377e-06
2.86869 3.83838 5.33258e-07
2.86869 3.91919 -5.03697e-07
2.86869 4 0
2.94949 -4 0
2.94949 -3.91919 -8.52248e-07
2.94949 -3.83838 -1.17503e-06
2.94949 -3.75758 -1.48386e-06
2.94949 -3.67677 -1.77614e-06
2.94949 -3.59596 -2.04937e-06
2.94949 -3.51515 -2.30115e-06
2.94949 -3.43434 -2.5292e-06
2.94949 -3.35354 -2.73136e-06
2.94949 -3.27273 -2.90563e-06
2.94949 -3.19192 -3.05012e-06
2.94949 -3.11111 -3.16312e-06
2.94949 -3.0303 -3.24306e-06
2.94949 -2.94949 -3.28856e-06
2.94949 -2.86869 -3.29839e-06
2.94949 -2.78788 -3.27151e-06
2.94949 -2.70707 -3.20706e-06
2.94949 -2.62626 -3.10435e-06
2.94949 -2.54545 -2.96289e-06
2.94949 -2.46465 -2.78239e-06
2.94949 -2.38384 -2.56272e-06
2.94949 -2.30303 -2.30398e-06
2.94949 -2.22222 -2.00642e-06
2.94949 -2.14141 -1.6705e-06
2.94949 -2.06061 -1.29687e-06
2.94949 -1.9798 -8.86355e-07
2.94949 -1.89899 -4.39957e-07
2.94949 -1.81818 4.11412e-08
2.94949 -1.73737 5.55588e-07
2.94949 -1.65657 1.10187e-06
2.94949 -1.57576 1.67831e-06
2.94949 -1.49495 2.28308e-06
2.94949 -1.41414 2.91422e-06
2.94949 -1.33333 3.56963e-06
2.94949 -1.25253 4.24707e-06
2.94949 -1.17172 4.94421e-06
2.94949 -1.09091 5.65859e-06
2.94949 -1.0101 6.38767e-06
2.94949 -0.929293 7.12881e-06
2.94949 -0.848485 7.87931e-06
2.94949 -0.767677 8.63638e-06
2.94949 -0.686869 9.39722e-06
2.94949 -0.606061 1.01589e-05
2.94949 -0.525253 1.09187e-05
2.94949 -0.444444 1.16735e-05
2.94949 -0.363636 1.24204e-05
2.94949 -0.282828 1.31566e-05
2.94949 -0.20202 1.38792e-05
2.94949 -0.121212 1.45853e-05
2.94949 -0.040404 1.5272e-05
2.94949 0.040404 1.59366e-05
2.94949 0.121212 1.65764e-05
2.94949 0.20202 1.71888e-05
2.94949 0.282828 1.77711e-05
2.94949 0.363636 1.8321e-05
2.94949 0.444444 1.88361e-05
2.94949 0.525253 1.93142e-05
2.94949 0.606061 1.9753e-05
2.94949 0.686869 2.01508e-05
2.94949 0.767677 2.05055e-05
2.94949 0.848485 2.08155e-05
2.94949 0.929293 2.10793e-05
2.94949 1.0101 2.12955e-05
2.94949 1.09091 2.14628e-05
2.94949 1.17172 2.15801e-05
2.94949 1.25253 2.16467e-05
2.94949 1.33333 2.16617e-05
2.94949 1.41414 2.16246e-05
2.94949 1.49495 2.15351e-05
2.94949 1.57576 2.1393e-05
2.94949 1.65657 2.11983e-05
2.94949 1.73737 2.09513e-05
2.94949 1.81818 2.06521e-05
2.94949 1.89899 2.03015e-05
2.94949 1.9798 1.99001e-05
2.94949 2.06061 1.94488e-05
2.94949 2.14141 1.89487e-05
2.94949 2.22222 1.8401e-05
2.94949 2.30303 1.78071e-05
2.94949 2.38384 1.71685e-05
2.94949 2.46465 1.6487e-05
2.94949 2.54545 1.57643e-05
2.94949 2.62626 1.50026e-05
2.94949 2.70707 1.42037e-05
2.94949 2.78788 1.33701e-05
2.94949 2.86869 1.25039e-05
2.94949 2.94949 1.16077e-05
2.94949 3.0303 1.06839e-05
2.94949 3.11111 9.73522e-06
2.94949 3.19192 8.76429e-06
2.94949 3.27273 7.77388e-06
2.94949 3.35354 6.76679e-06
2.94949 3.43434 5.74586e-06
2.94949 3.51515 4.71398e-06
2.94949 3.59596 3.67405e-06
2.94949 3.67677 2.62898e-06
2.94949 3.75758 1.58171e-06
2.94949 3.83838 5.35136e-07
2.94949 3.91919 -5.07849e-07
2.94949 4 0
3.0303 -4 0
3.0303 -3.91919 -8.50918e-07
3.0303 -3.83838 -1.17314e-06
3.0303 -3.75758 -1.48136e-06
3.0303 -3.67677 -1.77298e-06
3.0303 -3.59596 -2.04548e-06
3.0303 -3.51515 -2.29646e-06
3.0303 -3.43434 -2.52363e-06
3.0303 -3.35354 -2.72484e-06
3.0303 -3.27273 -2.89805e-06
3.0303 -3.19192 -3.0414e-06
3.0303 -3.11111 -3.15315e-06
3.0303 -3.0303 -3.23175e-06
3.0303 -2.94949 -3.27579e-06
3.0303 -2.86869 -3.28405e-06
3.0303 -2.78788 -3.25548e-06
3.0303 -2.70707 -3.18922e-06
3.0303 -2.62626 -3.08459e-06
3.0303 -2.54545 -2.9411e-06
3.0303 -2.46465 -2.75845e-06
3.0303 -2.38384 -2.53652e-06
3.0303 -2.30303 -2.27539e-06
3.0303 -2.22222 -1.97534e-06
3.0303 -2.14141 -1.63683e-06
3.0303 -2.06061 -1.2605e-06
3.0303 -1.9798 -8.47184e-07
3.0303 -1.89899 -3.97894e-07
3.0303 -1.81818 8.61822e-08
3.0303 -1.73737 6.03687e-07
3.0303 -1.65657 1.1531e-06
3.0303 -1.57576 1.73273e-06
3.0303 -1.49495 2.34076e-06
3.0303 -1.41414 2.9752e-06
3.0303 -1.33333 3.63395e-06
3.0303 -1.25253 4.31476e-06
3.0303 -1.17172 5.01529e-06
3.0303 -1.09091 5.73307e-06
3.0303 -1.0101 6.46555e-06
3.0303 -0.929293 7.21007e-06
3.0303 -0.848485 7.96393e-06
3.0303 -0.767677 8.72433e-06
3.0303 -0.686869 9.48844e-06
3.0303 -0.606061 1.02534e-05
3.0303 -0.525253 1.10163e-05
3.0303 -0.444444 1.17741e-05
3.0303 -0.363636 1.25241e-05
3.0303 -0.282828 1.32632e-05
3.0303 -0.20202 1.39885e-05
3.0303 -0.121212 1.46972e-05
3.0303 -0.040404 1.53864e-05
3.0303 0.040404 1.60534e-05
3.0303 0.121212 1.66954e-05
3.0303 0.20202 1.73098e-05
3.0303 0.282828 1.7894e-05
3.0303 0.363636 1.84456e-05
3.0303 0.444444 1.89621e-05
3.0303 0.525253 1.94414e-05
3.0303 0.606061 1.98814e-05
3.0303 0.686869 2.028e-05
3.0303 0.767677 2.06354e-05
3.0303 0.848485 2.09458e-05
3.0303 0.929293 2.12098e-05
3.0303 1.0101 2.14259e-05
3.0303 1.09091 2.15929e-05
3.0303 1.17172 2.17097e-05
3.0303 1.25253 2.17755e-05
3.0303 1.33333 2.17895e-05
3.0303 1.41414 2.17512e-05
3.0303 1.49495 2.16602e-05
3.0303 1.57576 2.15164e-05
3.0303 1.65657 2.13197e-05
3.0303 1.73737 2.10704e-05
3.0303 1.81818 2.07688e-05
3.0303 1.89899 2.04155e-05
3.0303 1.9798 2.00112e-05
3.0303 2.06061 1.95568e-05
3.0303 2.14141 1.90533e-05
3.0303 2.22222 1.85021e-05
3.0303 2.30303 1.79044e-05
3.0303 2.38384 1.72619e-05
3.0303 2.46465 1.65763e-05
3.0303 2.54545 1.58494e-05
3.0303 2.62626 1.50831e-05
3.0303 2.70707 1.42797e-05
3.0303 2.78788 1.34413e-05
3.0303 2.86869 1.25702e-05
3.0303 2.94949 1.1669e-05
3.0303 3.0303 1.07401e-05
3.0303 3.11111 9.7862e-06
3.0303 3.19192 8.80997e-06
3.0303 3.27273 7.81417e-06
3.0303 3.35354 6.80164e-06
3.0303 3.43434 5.77522e-06
3.0303 3.51515 4.73781e-06
3.0303 3.59596 3.69232e-06
3.0303 3.67677 2.6417e-06
3.0303 3.75758 1.58887e-06
3.0303 3.83838 5.36744e-07
3.0303 3.91919 -5.1176e-07
3.0303 4 0
3.11111 -4 0
3.11111 -3.91919 -8.49669e-07
3.11111 -3.83838 -1.17136e-06
3.11111 -3.75758 -1.47902e-06
3.11111 -3.67677 -1.77002e-06
3.11111 -3.59596 -2.04186e-06
3.11111 -3.51515 -2.2921e-06
3.11111 -3.43434 -2.51847e-06
3.11111 -3.35354 -2.7188e-06
3.11111 -3.27273 -2.89105e-06
3.11111 -3.19192 -3.03334e-06
3.11111 -3.11111 -3.14396e-06
3.11111 -3.0303 -3.22132e-06
3.11111 -2.94949 -3.26402e-06
3.11111 -2.86869 -3.27085e-06
3.11111 -2.78788 -3.24074e-06
3.11111 -2.70707 -3.17284e-06
3.11111 -2.62626 -3.06647e-06
3.11111 -2.54545 -2.92112e-06
3.11111 -2.46465 -2.73651e-06
3.11111 -2.38384 -2.51252e-06
3.11111 -2.30303 -2.24923e-06
3.11111 -2.22222 -1.94691e-06
3.11111 -2.14141 -1.60604e-06
3.11111 -2.06061 -1.22726e-06
3.11111 -1.9798 -8.11401e-07
3.11111 -1.89899 -3.59486e-07
3.11111 -1.81818 1.27293e-07
3.11111 -1.73737 6.47574e-07
3.11111 -1.65657 1.19983e-06
3.11111 -1.57576 1.78236e-06
3.11111 -1.49495 2.39334e-06
3.11111 -1.41414 3.03077e-06
3.11111 -1.33333 3.69255e-06
3.11111 -1.25253 4.37642e-06
3.11111 -1.17172 5.08002e-06
3.11111 -1.09091 5.80088e-06
3.11111 -1.0101 6.53643e-06
3.11111 -0.929293 7.28402e-06
3.11111 -0.848485 8.04091e-06
3.11111 -0.767677 8.80432e-06
3.11111 -0.686869 9.5714e-06
3.11111 -0.606061 1.03393e-05
3.11111 -0.525253 1.1105e-05
3.11111 -0.444444 1.18656e-05
3.11111 -0.363636 1.26183e-05
3.11111 -0.282828 1.336e-05
3.11111 -0.20202 1.40878e-05
3.11111 -0.121212 1.47989e-05
3.11111 -0.040404 1.54904e-05
3.11111 0.040404 1.61595e-05
3.11111 0.121212 1.68034e-05
3.11111 0.20202 1.74197e-05
3.11111 0.282828 1.80055e-05
3.11111 0.363636 1.85586e-05
3.11111 0.444444 1.90765e-05
3.11111 0.525253 1.9557e-05
3.11111 0.606061 1.99979e-05
3.11111 0.686869 2.03972e-05
3.11111 0.767677 2.07532e-05
3.11111 0.848485 2.1064e-05
3.11111 0.929293 2.13281e-05
3.11111 1.0101 2.15442e-05
3.11111 1.09091 2.17109e-05
3.11111 1.17172 2.18273e-05
3.11111 1.25253 2.18923e-05
3.11111 1.33333 2.19054e-05
3.11111 1.41414 2.18659e-05
3.11111 1.49495 2.17736e-05
3.11111 1.57576 2.16282e-05
3.11111 1.65657 2.14297e-05
3.11111 1.73737 2.11784e-05
3.11111 1.81818 2.08746e-05
3.11111 1.89899 2.05189e-05
3.11111 1.9798 2.01119e-05
3.11111 2.06061 1.96546e-05
3.11111 2.14141 1.91482e-05
3.11111 2.22222 1.85937e-05
3.11111 2.30303 1.79927e-05
3.11111 2.38384 1.73466e-05
3.11111 2.46465 1.66572e-05
3.11111 2.54545 1.59264e-05
3.11111 2.62626 1.51561e-05
3.11111 2.70707 1.43485e-05
3.11111 2.78788 1.35057e-05
3.11111 2.86869 1.26303e-05
3.11111 2.94949 1.17245e-05
3.11111 3.0303 1.07909e-05
3.11111 3.11111 9.8323e-06
3.11111 3.19192 8.85126e-06
3.11111 3.27273 7.85059e-06
3.11111 3.35354 6.83312e-06
3.11111 3.43434 5.80171e-06
3.11111 3.51515 4.75929e-06
3.11111 3.59596 3.70877e-06
3.11111 3.67677 2.65311e-06
3.11111 3.75758 1.59523e-06
3.11111 3.83838 5.38083e-07
3.11111 3.91919 -5.15424e-07
3.11111 4 0
3.19192 -4 0
3.19192 -3.91919 -8.48509e-07
3.19192 -3.83838 -1.16972e-06
3.19192 -3.75758 -1.47686e-06
3.19192 -3.67677 -1.76731e-06
3.19192 -3.59596 -2.03853e-06
3.19192 -3.51515 -2.2881e-06
3.19192 -3.43434 -2.51374e-06
3.19192 -3.35354 -2.71327e-06
3.19192 -3.27273 -2.88465e-06
3.19192 -3.19192 -3.02599e-06
3.19192 -3.11111 -3.13557e-06
3.19192 -3.0303 -3.21182e-06
3.19192 -2.94949 -3.25332e-06
3.19192 -2.86869 -3.25885e-06
3.19192 -2.78788 -3.22736e-06
3.19192 -2.70707 -3.15798e-06
3.19192 -2.62626 -3.05003e-06
3.19192 -2.54545 -2.90302e-06
3.19192 -2.46465 -2.71664e-06
3.19192 -2.38384 -2.49079e-06
3.19192 -2.30303 -2.22556e-06
3.19192 -2.22222 -1.92121e-06
3.19192 -2.14141 -1.57822e-06
3.19192 -2.06061 -1.19723e-06
3.19192 -1.9798 -7.79091e-07
3.19192 -1.89899 -3.2482e-07
3.19192 -1.81818 1.64385e-07
3.19192 -1.73737 6.87156e-07
3.19192 -1.65657 1.24196e-06
3.19192 -1.57576 1.82709e-06
3.19192 -1.49495 2.44071e-06
3.19192 -1.41414 3.08083e-06
3.19192 -1.33333 3.74532e-06
3.19192 -1.25253 4.43192e-06
3.19192 -1.17172 5.13827e-06
3.19192 -1.09091 5.86189e-06
3.19192 -1.0101 6.6002e-06
3.19192 -0.929293 7.35053e-06
3.19192 -0.848485 8.11015e-06
3.19192 -0.767677 8.87625e-06
3.19192 -0.686869 9.64599e-06
3.19192 -0.606061 1.04165e-05
3.19192 -0.525253 1.11847e-05
3.19192 -0.444444 1.19479e-05
3.19192 -0.363636 1.27029e-05
3.19192 -0.282828 1.34469e-05
3.19192 -0.20202 1.4177e-05
3.19192 -0.121212 1.48902e-05
3.19192 -0.040404 1.55837e-05
3.19192 0.040404 1.62547e-05
3.19192 0.121212 1.69004e-05
3.19192 0.20202 1.75183e-05
3.19192 0.282828 1.81056e-05
3.19192 0.363636 1.86601e-05
3.19192 0.444444 1.91791e-05
3.19192 0.525253 1.96606e-05
3.19192 0.606061 2.01024e-05
3.19192 0.686869 2.05024e-05
3.19192 0.767677 2.08589e-05
3.19192 0.848485 2.117e-05
3.19192 0.929293 2.14343e-05
3.19192 1.0101 2.16503e-05
3.19192 1.09091 2.18167e-05
3.19192 1.17172 2.19326e-05
3.19192 1.25253 2.19971e-05
3.19192 1.33333 2.20093e-05
3.19192 1.41414 2.19688e-05
3.19192 1.49495 2.18752e-05
3.19192 1.57576 2.17284e-05
3.19192 1.65657 2.15283e-05
3.19192 1.73737 2.12752e-05
3.19192 1.81818 2.09694e-05
3.19192 1.89899 2.06114e-05
3.19192 1.9798 2.02021e-05
3.19192 2.06061 1.97423e-05
3.19192 2.14141 1.92331e-05
3.19192 2.22222 1.86757e-05
3.19192 2.30303 1.80716e-05
3.19192 2.38384 1.74224e-05
3.19192 2.46465 1.67296e-05
3.19192 2.54545 1.59953e-05
3.19192 2.62626 1.52214e-05
3.19192 2.70707 1.441e-05
3.19192 2.78788 1.35634e-05
3.19192 2.86869 1.26839e-05
3.19192 2.94949 1.17741e-05
3.19192 3.0303 1.08364e-05
3.19192 3.11111 9.8735e-06
3.19192 3.19192 8.88814e-06
3.19192 3.27273 7.88309e-06
3.19192 3.35354 6.86119e-06
3.19192 3.43434 5.82533e-06
3.19192 3.51515 4.77841e-06
3.19192 3.59596 3.72339e-06
3.19192 3.67677 2.6632e-06
3.19192 3.75758 1.6008e-06
3.19192 3.83838 5.39151e-07
3.19192 3.91919 -5.18838e-07
3.19192 4 0
3.27273 -4 0
3.27273 -3.91919 -8.47447e-07
3.27273 -3.83838 -1.16823e-06
3.27273 -3.75758 -1.4749e-06
3.27273 -3.67677 -1.76484e-06
3.27273 -3.59596 -2.03551e-06
3.27273 -3.51515 -2.28449e-06
3.27273 -3.43434 -2.50947e-06
3.27273 -3.35354 -2.70828e-06
3.27273 -3.27273 -2.87888e-06
3.27273 -3.19192 -3.01938e-06
3.27273 -3.11111 -3.12804e-06
3.27273 -3.0303 -3.20329e-06
3.27273 -2.94949 -3.24372e-06
3.27273 -2.86869 -3.2481e-06
3.27273 -2.78788 -3.21538e-06
3.27273 -2.70707 -3.14468e-06
3.27273 -2.62626 -3.03533e-06
3.27273 -2.54545 -2.88684e-06
3.27273 -2.46465 -2.6989e-06
3.27273 -2.38384 -2.47141e-06
3.27273 -2.30303 -2.20445e-06
3.27273 -2.22222 -1.8983e-06
3.27273 -2.14141 -1.55343e-06
3.27273 -2.06061 -1.17049e-06
3.27273 -1.9798 -7.5033e-07
3.27273 -1.89899 -2.93974e-07
3.27273 -1.81818 1.97378e-07
3.27273 -1.73737 7.2235e-07
3.27273 -1.65657 1.2794e-06
3.27273 -1.57576 1.86684e-06
3.27273 -1.49495 2.48279e-06
3.27273 -1.41414 3.12528e-06
3.27273 -1.33333 3.79217e-06
3.27273 -1.25253 4.48119e-06
3.27273 -1.17172 5.18997e-06
3.27273 -1.09091 5.91602e-06
3.27273 -1.0101 6.65676e-06
3.27273 -0.929293 7.40951e-06
3.27273 -0.848485 8.17153e-06
3.27273 -0.767677 8.94001e-06
3.27273 -0.686869 9.71209e-06
3.27273 -0.606061 1.04848e-05
3.27273 -0.525253 1.12554e-05
3.27273 -0.444444 1.20207e-05
3.27273 -0.363636 1.27779e-05
3.27273 -0.282828 1.35239e-05
3.27273 -0.20202 1.42559e-05
3.27273 -0.121212 1.4971e-05
3.27273 -0.040404 1.56663e-05
3.27273 0.040404 1.63389e-05
3.27273 0.121212 1.69862e-05
3.27273 0.20202 1.76055e-05
3.27273 0.282828 1.81942e-05
3.27273 0.363636 1.87498e-05
3.27273 0.444444 1.92699e-05
3.27273 0.525253 1.97523e-05
3.27273 0.606061 2.01948e-05
3.27273 0.686869 2.05954e-05
3.27273 0.767677 2.09523e-05
3.27273 0.848485 2.12637e-05
3.27273 0.929293 2.15281e-05
3.27273 1.0101 2.1744e-05
3.27273 1.09091 2.19103e-05
3.27273 1.17172 2.20257e-05
3.27273 1.25253 2.20896e-05
3.27273 1.33333 2.21011e-05
3.27273 1.41414 2.20597e-05
3.27273 1.49495 2.1965e-05
3.27273 1.57576 2.18169e-05
3.27273 1.65657 2.16154e-05
3.27273 1.73737 2.13606e-05
3.27273 1.81818 2.1053e-05
3.27273 1.89899 2.06931e-05
3.27273 1.9798 2.02817e-05
3.27273 2.06061 1.98196e-05
3.27273 2.14141 1.9308e-05
3.27273 2.22222 1.87481e-05
3.27273 2.30303 1.81413e-05
3.27273 2.38384 1.74892e-05
3.27273 2.46465 1.67935e-05
3.27273 2.54545 1.60561e-05
3.27273 2.62626 1.5279e-05
3.27273 2.70707 1.44643e-05
3.27273 2.78788 1.36142e-05
3.27273 2.86869 1.27312e-05
3.27273 2.94949 1.18178e-05
3.27273 3.0303 1.08764e-05
3.27273 3.11111 9.90975e-06
3.27273 3.19192 8.92058e-06
3.27273 3.27273 7.91166e-06
3.27273 3.35354 6.88585e-06
3.27273 3.43434 5.84604e-06
3.27273 3.51515 4.79516e-06
3.27273 3.59596 3.73615e-06
3.27273 3.67677 2.67197e-06
3.27273 3.75758 1.60558e-06
3.27273 3.83838 5.39949e-07
3.27273 3.91919 -5.21999e-07
3.27273 4 0
3.35354 -4 0
3.35354 -3.91919 -8.46491e-07
3.35354 -3.83838 -1.16689e-06
3.35354 -3.75758 -1.47315e-06
3.35354 -3.67677 -1.76265e-06
3.35354 -3.59596 -2.03283e-06
3.35354 -3.51515 -2.28128e-06
3.35354 -3.43434 -2.50569e-06
3.35354 -3.35354 -2.70387e-06
3.35354 -3.27273 -2.87379e-06
3.35354 -3.19192 -3.01354e-06
3.35354 -3.11111 -3.1214e-06
3.35354 -3.0303 -3.19577e-06
3.35354 -2.94949 -3.23527e-06
3.35354 -2.86869 -3.23864e-06
3.35354 -2.78788 -3.20484e-06
3.35354 -2.70707 -3.133e-06
3.35354 -2.62626 -3.02243e-06
3.35354 -2.54545 -2.87264e-06
3.35354 -2.46465 -2.68334e-06
3.35354 -2.38384 -2.45442e-06
3.35354 -2.30303 -2.18596e-06
3.35354 -2.22222 -1.87824e-06
3.35354 -2.14141 -1.53173e-06
3.35354 -2.06061 -1.1471e-06
3.35354 -1.9798 -7.25184e-07
3.35354 -1.89899 -2.67016e-07
3.35354 -1.81818 2.262e-07
3.35354 -1.73737 7.53085e-07
3.35354 -1.65657 1.31209e-06
3.35354 -1.57576 1.90152e-06
3.35354 -1.49495 2.51951e-06
3.35354 -1.41414 3.16405e-06
3.35354 -1.33333 3.83302e-06
3.35354 -1.25253 4.52414e-06
3.35354 -1.17172 5.23502e-06
3.35354 -1.09091 5.96318e-06
3.35354 -1.0101 6.70602e-06
3.35354 -0.929293 7.46087e-06
3.35354 -0.848485 8.22497e-06
3.35354 -0.767677 8.99551e-06
3.35354 -0.686869 9.76961e-06
3.35354 -0.606061 1.05444e-05
3.35354 -0.525253 1.13168e-05
3.35354 -0.444444 1.2084e-05
3.35354 -0.363636 1.2843e-05
3.35354 -0.282828 1.35909e-05
3.35354 -0.20202 1.43246e-05
3.35354 -0.121212 1.50413e-05
3.35354 -0.040404 1.57381e-05
3.35354 0.040404 1.64122e-05
3.35354 0.121212 1.70608e-05
3.35354 0.20202 1.76813e-05
3.35354 0.282828 1.82711e-05
3.35354 0.363636 1.88277e-05
3.35354 0.444444 1.93487e-05
3.35354 0.525253 1.98319e-05
3.35354 0.606061 2.0275e-05
3.35354 0.686869 2.06762e-05
3.35354 0.767677 2.10334e-05
3.35354 0.848485 2.1345e-05
3.35354 0.929293 2.16095e-05
3.35354 1.0101 2.18253e-05
3.35354 1.09091 2.19914e-05
3.35354 1.17172 2.21065e-05
3.35354 1.25253 2.21699e-05
3.35354 1.33333 2.21807e-05
3.35354 1.41414 2.21384e-05
3.35354 1.49495 2.20428e-05
3.35354 1.57576 2.18936e-05
3.35354 1.65657 2.16908e-05
3.35354 1.73737 2.14347e-05
3.35354 1.81818 2.11255e-05
3.35354 1.89899 2.07639e-05
3.35354 1.9798 2.03507e-05
3.35354 2.06061 1.98866e-05
3.35354 2.14141 1.93729e-05
3.35354 2.22222 1.88108e-05
3.35354 2.30303 1.82016e-05
3.35354 2.38384 1.75471e-05
3.35354 2.46465 1.68488e-05
3.35354 2.54545 1.61087e-05
3.35354 2.62626 1.53288e-05
3.35354 2.70707 1.45112e-05
3.35354 2.78788 1.36582e-05
3.35354 2.86869 1.27721e-05
3.35354 2.94949 1.18555e-05
3.35354 3.0303 1.09109e-05
3.35354 3.11111 9.94104e-06
3.35354 3.19192 8.94855e-06
3.35354 3.27273 7.93628e-06
3.35354 3.35354 6.90708e-06
3.35354 3.43434 5.86385e-06
3.35354 3.51515 4.80952e-06
3.35354 3.59596 3.74705e-06
3.35354 3.67677 2.6794e-06
3.35354 3.75758 1.60956e-06
3.35354 3.83838 5.40477e-07
3.35354 3.91919 -5.24903e-07
3.35354 4 0
3.43434 -4 0
3.43434 -3.91919 -8.45646e-07
3.43434 -3.83838 -1.16572e-06
3.43434 -3.75758 -1.47162e-06
3.43434 -3.67677 -1.76073e-06
3.43434 -3.59596 -2.0305e-06
3.43434 -3.51515 -2.2785e-06
3.43434 -3.43434 -2.50241e-06
3.43434 -3.35354 -2.70005e-06
3.43434 -3.27273 -2.86938e-06
3.43434 -3.19192 -3.0085e-06
3.43434 -3.11111 -3.11567e-06
3.43434 -3.0303 -3.1893e-06
3.43434 -2.94949 -3.22799e-06
3.43434 -2.86869 -3.2305e-06
3.43434 -2.78788 -3.19579e-06
3.43434 -2.70707 -3.12297e-06
3.43434 -2.62626 -3.01136e-06
3.43434 -2.54545 -2.86048e-06
3.43434 -2.46465 -2.67002e-06
3.43434 -2.38384 -2.43987e-06
3.43434 -2.30303 -2.17014e-06
3.43434 -2.22222 -1.86108e-06
3.43434 -2.14141 -1.51319e-06
3.43434 -2.06061 -1.12712e-06
3.43434 -1.9798 -7.03713e-07
3.43434 -1.89899 -2.44007e-07
3.43434 -1.81818 2.5079e-07
3.43434 -1.73737 7.79296e-07
3.43434 -1.65657 1.33996e-06
3.43434 -1.57576 1.93108e-06
3.43434 -1.49495 2.55079e-06
3.43434 -1.41414 3.19707e-06
3.43434 -1.33333 3.8678e-06
3.43434 -1.25253 4.56069e-06
3.43434 -1.17172 5.27336e-06
3.43434 -1.09091 6.0033e-06
3.43434 -1.0101 6.74792e-06
3.43434 -0.929293 7.50454e-06
3.43434 -0.848485 8.2704e-06
3.43434 -0.767677 9.04268e-06
3.43434 -0.686869 9.81849e-06
3.43434 -0.606061 1.05949e-05
3.43434 -0.525253 1.1369e-05
3.43434 -0.444444 1.21378e-05
3.43434 -0.363636 1.28984e-05
3.43434 -0.282828 1.36477e-05
3.43434 -0.20202 1.43828e-05
3.43434 -0.121212 1.51009e-05
3.43434 -0.040404 1.5799e-05
3.43434 0.040404 1.64743e-05
3.43434 0.121212 1.7124e-05
3.43434 0.20202 1.77456e-05
3.43434 0.282828 1.83363e-05
3.43434 0.363636 1.88938e-05
3.43434 0.444444 1.94155e-05
3.43434 0.525253 1.98993e-05
3.43434 0.606061 2.0343e-05
3.43434 0.686869 2.07445e-05
3.43434 0.767677 2.11021e-05
3.43434 0.848485 2.14139e-05
3.43434 0.929293 2.16784e-05
3.43434 1.0101 2.18942e-05
3.43434 1.09091 2.206e-05
3.43434 1.17172 2.21749e-05
3.43434 1.25253 2.22378e-05
3.43434 1.33333 2.2248e-05
3.43434 1.41414 2.22051e-05
3.43434 1.49495 2.21086e-05
3.43434 1.57576 2.19585e-05
3.43434 1.65657 2.17546e-05
3.43434 1.73737 2.14973e-05
3.43434 1.81818 2.11868e-05
3.43434 1.89899 2.08238e-05
3.43434 1.9798 2.0409e-05
3.43434 2.06061 1.99433e-05
3.43434 2.14141 1.94278e-05
3.43434 2.22222 1.88637e-05
3.43434 2.30303 1.82526e-05
3.43434 2.38384 1.75959e-05
3.43434 2.46465 1.68954e-05
3.43434 2.54545 1.6153e-05
3.43434 2.62626 1.53707e-05
3.43434 2.70707 1.45507e-05
3.43434 2.78788 1.36952e-05
3.43434 2.86869 1.28065e-05
3.43434 2.94949 1.18873e-05
3.43434 3.0303 1.094e-05
3.43434 3.11111 9.96734e-06
3.43434 3.19192 8.97205e-06
3.43434 3.27273 7.95693e-06
3.43434 3.35354 6.92486e-06
3.43434 3.43434 5.87873e-06
3.43434 3.51515 4.82148e-06
3.43434 3.59596 3.75608e-06
3.43434 3.67677 2.68551e-06
3.43434 3.75758 1.61274e-06
3.43434 3.83838 5.40736e-07
3.43434 3.91919 -5.27547e-07
3.43434 4 0
3.51515 -4 0
3.51515 -3.91919 -8.44919e-07
3.51515 -3.83838 -1.16471e-06
3.51515 -3.75758 -1.47033e-06
3.51515 -3.67677 -1.75912e-06
3.51515 -3.59596 -2.02854e-06
3.51515 -3.51515 -2.27616e-06
3.51515 -3.43434 -2.49966e-06
3.51515 -3.35354 -2.69685e-06
3.51515 -3.27273 -2.86569e-06
3.51515 -3.19192 -3.00429e-06
3.51515 -3.11111 -3.11088e-06
3.51515 -3.0303 -3.1839e-06
3.51515 -2.94949 -3.22193e-06
3.51515 -2.86869 -3.22373e-06
3.51515 -2.78788 -3.18826e-06
3.51515 -2.70707 -3.11463e-06
3.51515 -2.62626 -3.00217e-06
3.51515 -2.54545 -2.85038e-06
3.51515 -2.46465 -2.65896e-06
3.51515 -2.38384 -2.42782e-06
3.51515 -2.30303 -2.15703e-06
3.51515 -2.22222 -1.84688e-06
3.51515 -2.14141 -1.49785e-06
3.51515 -2.06061 -1.11059e-06
3.51515 -1.9798 -6.85966e-07
3.51515 -1.89899 -2.24999e-07
3.51515 -1.81818 2.71095e-07
3.51515 -1.73737 8.00931e-07
3.51515 -1.65657 1.36296e-06
3.51515 -1.57576 1.95546e-06
3.51515 -1.49495 2.57657e-06
3.51515 -1.41414 3.22429e-06
3.51515 -1.33333 3.89645e-06
3.51515 -1.25253 4.59079e-06
3.51515 -1.17172 5.30492e-06
3.51515 -1.09091 6.03632e-06
3.51515 -1.0101 6.7824e-06
3.51515 -0.929293 7.54046e-06
3.51515 -0.848485 8.30776e-06
3.51515 -0.767677 9.08145e-06
3.51515 -0.686869 9.85866e-06
3.51515 -0.606061 1.06365e-05
3.51515 -0.525253 1.14119e-05
3.51515 -0.444444 1.2182e-05
3.51515 -0.363636 1.29438e-05
3.51515 -0.282828 1.36943e-05
3.51515 -0.20202 1.44306e-05
3.51515 -0.121212 1.51498e-05
3.51515 -0.040404 1.58489e-05
3.51515 0.040404 1.65252e-05
3.51515 0.121212 1.71759e-05
3.51515 0.20202 1.77983e-05
3.51515 0.282828 1.83898e-05
3.51515 0.363636 1.89479e-05
3.51515 0.444444 1.94703e-05
3.51515 0.525253 1.99546e-05
3.51515 0.606061 2.03987e-05
3.51515 0.686869 2.08005e-05
3.51515 0.767677 2.11583e-05
3.51515 0.848485 2.14703e-05
3.51515 0.929293 2.17348e-05
3.51515 1.0101 2.19505e-05
3.51515 1.09091 2.21162e-05
3.51515 1.17172 2.22308e-05
3.51515 1.25253 2.22933e-05
3.51515 1.33333 2.23031e-05
3.51515 1.41414 2.22596e-05
3.51515 1.49495 2.21624e-05
3.51515 1.57576 2.20115e-05
3.51515 1.65657 2.18067e-05
3.51515 1.73737 2.15484e-05
3.51515 1.81818 2.12368e-05
3.51515 1.89899 2.08726e-05
3.51515 1.9798 2.04565e-05
3.51515 2.06061 1.99894e-05
3.51515 2.14141 1.94725e-05
3.51515 2.22222 1.89069e-05
3.51515 2.30303 1.82941e-05
3.51515 2.38384 1.76357e-05
3.51515 2.46465 1.69334e-05
3.51515 2.54545 1.61891e-05
3.51515 2.62626 1.54049e-05
3.51515 2.70707 1.45829e-05
3.51515 2.78788 1.37253e-05
3.51515 2.86869 1.28345e-05
3.51515 2.94949 1.19131e-05
3.51515 3.0303 1.09636e-05
3.51515 3.11111 9.98864e-06
3.51515 3.19192 8.99105e-06
3.51515 3.27273 7.97361e-06
3.51515 3.35354 6.93918e-06
3.51515 3.43434 5.89068e-06
3.51515 3.51515 4.83105e-06
3.51515 3.59596 3.76325e-06
3.51515 3.67677 2.69028e-06
3.51515 3.75758 1.61512e-06
3.51515 3.83838 5.40727e-07
3.51515 3.91919 -5.2993e-07
3.51515 4 0
3.59596 -4 0
3.59596 -3.91919 -8.44317e-07
3.59596 -3.83838 -1.16389e-06
3.59596 -3.75758 -1.46927e-06
3.59596 -3.67677 -1.75781e-06
3.59596 -3.59596 -2.02695e-06
3.59596 -3.51515 -2.27427e-06
3.59596 -3.43434 -2.49745e-06
3.59596 -3.35354 -2.69429e-06
3.59596 -3.27273 -2.86275e-06
3.59596 -3.19192 -3.00092e-06
3.59596 -3.11111 -3.10707e-06
3.59596 -3.0303 -3.1796e-06
3.59596 -2.94949 -3.21711e-06
3.59596 -2.86869 -3.21835e-06
3.59596 -2.78788 -3.18228e-06
3.59596 -2.70707 -3.10802e-06
3.59596 -2.62626 -2.99488e-06
3.59596 -2.54545 -2.84238e-06
3.59596 -2.46465 -2.65022e-06
3.59596 -2.38384 -2.41829e-06
3.59596 -2.30303 -2.14668e-06
3.59596 -2.22222 -1.83568e-06
3.59596 -2.14141 -1.48575e-06
3.59596 -2.06061 -1.09757e-06
3.59596 -1.9798 -6.71986e-07
3.59596 -1.89899 -2.10034e-07
3.59596 -1.81818 2.87072e-07
3.59596 -1.73737 8.17945e-07
3.59596 -1.65657 1.38103e-06
3.59596 -1.57576 1.97461e-06
3.59596 -1.49495 2.59682e-06
3.59596 -1.41414 3.24565e-06
3.59596 -1.33333 3.91893e-06
3.59596 -1.25253 4.6144e-06
3.59596 -1.17172 5.32966e-06
3.59596 -1.09091 6.06219e-06
3.59596 -1.0101 6.8094e-06
3.59596 -0.929293 7.56859e-06
3.59596 -0.848485 8.337e-06
3.59596 -0.767677 9.1118e-06
3.59596 -0.686869 9.89008e-06
3.59596 -0.606061 1.06689e-05
3.59596 -0.525253 1.14454e-05
3.59596 -0.444444 1.22165e-05
3.59596 -0.363636 1.29793e-05
3.59596 -0.282828 1.37308e-05
3.59596 -0.20202 1.4468e-05
3.59596 -0.121212 1.5188e-05
3.59596 -0.040404 1.58879e-05
3.59596 0.040404 1.6565e-05
3.59596 0.121212 1.72163e-05
3.59596 0.20202 1.78394e-05
3.59596 0.282828 1.84315e-05
3.59596 0.363636 1.89901e-05
3.59596 0.444444 1.95129e-05
3.59596 0.525253 1.99976e-05
3.59596 0.606061 2.0442e-05
3.59596 0.686869 2.08441e-05
3.59596 0.767677 2.12021e-05
3.59596 0.848485 2.15141e-05
3.59596 0.929293 2.17787e-05
3.59596 1.0101 2.19944e-05
3.59596 1.09091 2.21599e-05
3.59596 1.17172 2.22742e-05
3.59596 1.25253 2.23364e-05
3.59596 1.33333 2.23458e-05
3.59596 1.41414 2.23019e-05
3.59596 1.49495 2.22042e-05
3.59596 1.57576 2.20526e-05
3.59596 1.65657 2.18471e-05
3.59596 1.73737 2.1588e-05
3.59596 1.81818 2.12756e-05
3.59596 1.89899 2.09105e-05
3.59596 1.9798 2.04933e-05
3.59596 2.06061 2.00252e-05
3.59596 2.14141 1.9507e-05
3.59596 2.22222 1.89402e-05
3.59596 2.30303 1.83262e-05
3.59596 2.38384 1.76664e-05
3.59596 2.46465 1.69627e-05
3.59596 2.54545 1.6217e-05
3.59596 2.62626 1.54312e-05
3.59596 2.70707 1.46076e-05
3.59596 2.78788 1.37484e-05
3.59596 2.86869 1.2856e-05
3.59596 2.94949 1.19329e-05
3.59596 3.0303 1.09816e-05
3.59596 3.11111 1.00049e-05
3.59596 3.19192 9.00556e-06
3.59596 3.27273 7.98631e-06
3.59596 3.35354 6.95005e-06
3.59596 3.43434 5.8997e-06
3.59596 3.51515 4.83821e-06
3.59596 3.59596 3.76856e-06
3.59596 3.67677 2.69372e-06
3.59596 3.75758 1.6167e-06
3.59596 3.83838 5.40451e-07
3.59596 3.91919 -5.32049e-07
3.59596 4 0
3.67677 -4 0
3.67677 -3.91919 -8.43845e-07
3.67677 -3.83838 -1.16326e-06
3.67677 -3.75758 -1.46847e-06
3.67677 -3.67677 -1.75682e-06
3.67677 -3.59596 -2.02576e-06
3.67677 -3.51515 -2.27286e-06
3.67677 -3.43434 -2.4958e-06
3.67677 -3.35354 -2.69238e-06
3.67677 -3.27273 -2.86056e-06
3.67677 -3.19192 -2.99843e-06
3.67677 -3.11111 -3.10424e-06
3.67677 -3.0303 -3.17642e-06
3.67677 -2.94949 -3.21355e-06
3.67677 -2.86869 -3.21439e-06
3.67677 -2.78788 -3.17788e-06
3.67677 -2.70707 -3.10316e-06
3.67677 -2.62626 -2.98954e-06
3.67677 -2.54545 -2.83653e-06
3.67677 -2.46465 -2.64382e-06
3.67677 -2.38384 -2.41132e-06
3.67677 -2.30303 -2.13912e-06
3.67677 -2.22222 -1.8275e-06
3.67677 -2.14141 -1.47693e-06
3.67677 -2.06061 -1.08808e-06
3.67677 -1.9798 -6.61806e-07
3.67677 -1.89899 -1.99145e-07
3.67677 -1.81818 2.98689e-07
3.67677 -1.73737 8.30307e-07
3.67677 -1.65657 1.39415e-06
3.67677 -1.57576 1.98851e-06
3.67677 -1.49495 2.6115e-06
3.67677 -1.41414 3.26112e-06
3.67677 -1.33333 3.93521e-06
3.67677 -1.25253 4.63149e-06
3.67677 -1.17172 5.34755e-06
3.67677 -1.09091 6.08089e-06
3.67677 -1.0101 6.82891e-06
3.67677 -0.929293 7.5889e-06
3.67677 -0.848485 8.3581e-06
3.67677 -0.767677 9.13368e-06
3.67677 -0.686869 9.91273e-06
3.67677 -0.606061 1.06923e-05
3.67677 -0.525253 1.14696e-05
3.67677 -0.444444 1.22414e-05
3.67677 -0.363636 1.30048e-05
3.67677 -0.282828 1.3757e-05
3.67677 -0.20202 1.44948e-05
3.67677 -0.121212 1.52154e-05
3.67677 -0.040404 1.59159e-05
3.67677 0.040404 1.65935e-05
3.67677 0.121212 1.72453e-05
3.67677 0.20202 1.78688e-05
3.67677 0.282828 1.84613e-05
3.67677 0.363636 1.90203e-05
3.67677 0.444444 1.95434e-05
3.67677 0.525253 2.00284e-05
3.67677 0.606061 2.0473e-05
3.67677 0.686869 2.08753e-05
3.67677 0.767677 2.12333e-05
3.67677 0.848485 2.15454e-05
3.67677 0.929293 2.181e-05
3.67677 1.0101 2.20256e-05
3.67677 1.09091 2.2191e-05
3.67677 1.17172 2.23052e-05
3.67677 1.25253 2.23672e-05
3.67677 1.33333 2.23763e-05
3.67677 1.41414 2.2332e-05
3.67677 1.49495 2.22339e-05
3.67677 1.57576 2.20818e-05
3.67677 1.65657 2.18759e-05
3.67677 1.73737 2.16162e-05
3.67677 1.81818 2.13031e-05
3.67677 1.89899 2.09373e-05
3.67677 1.9798 2.05194e-05
3.67677 2.06061 2.00505e-05
3.67677 2.14141 1.95315e-05
3.67677 2.22222 1.89638e-05
3.67677 2.30303 1.83488e-05
3.67677 2.38384 1.76881e-05
3.67677 2.46465 1.69834e-05
3.67677 2.54545 1.62366e-05
3.67677 2.62626 1.54498e-05
3.67677 2.70707 1.4625e-05
3.67677 2.78788 1.37646e-05
3.67677 2.86869 1.2871e-05
3.67677 2.94949 1.19467e-05
3.67677 3.0303 1.09942e-05
3.67677 3.11111 1.00163e-05
3.67677 3.19192 9.01559e-06
3.67677 3.27273 7.99504e-06
3.67677 3.35354 6.95747e-06
3.67677 3.43434 5.9058e-06
3.67677 3.51515 4.84298e-06
3.67677 3.59596 3.772e-06
3.67677 3.67677 2.69583e-06
3.67677 3.75758 1.61748e-06
3.67677 3.83838 5.39911e-07
3.67677 3.91919 -5.33904e-07
3.67677 4 0
3.75758 -4 0
3.75758 -3.91919 -8.43507e-07
3.75758 -3.83838 -1.16282e-06
3.75758 -3.75758 -1.46792e-06
3.75758 -3.67677 -1.75616e-06
3.75758 -3.59596 -2.02497e-06
3.75758 -3.51515 -2.27194e-06
3.75758 -3.43434 -2.49472e-06
3.75758 -3.35354 -2.69114e-06
3.75758 -3.27273 -2.85914e-06
3.75758 -3.19192 -2.99682e-06
3.75758 -3.11111 -3.10243e-06
3.75758 -3.0303 -3.17439e-06
3.75758 -2.94949 -3.21128e-06
3.75758 -2.86869 -3.21186e-06
3.75758 -2.78788 -3.17509e-06
3.75758 -2.70707 -3.10008e-06
3.75758 -2.62626 -2.98616e-06
3.75758 -2.54545 -2.83282e-06
3.75758 -2.46465 -2.63979e-06
3.75758 -2.38384 -2.40694e-06
3.75758 -2.30303 -2.13437e-06
3.75758 -2.22222 -1.82236e-06
3.75758 -2.14141 -1.4714e-06
3.75758 -2.06061 -1.08214e-06
3.75758 -1.9798 -6.5545e-07
3.75758 -1.89899 -1.92357e-07
3.75758 -1.81818 3.05921e-07
3.75758 -1.73737 8.37992e-07
3.75758 -1.65657 1.4023e-06
3.75758 -1.57576 1.99712e-06
3.75758 -1.49495 2.62059e-06
3.75758 -1.41414 3.27069e-06
3.75758 -1.33333 3.94526e-06
3.75758 -1.25253 4.64203e-06
3.75758 -1.17172 5.35858e-06
3.75758 -1.09091 6.0924e-06
3.75758 -1.0101 6.8409e-06
3.75758 -0.929293 7.60137e-06
3.75758 -0.848485 8.37105e-06
3.75758 -0.767677 9.14708e-06
3.75758 -0.686869 9.9266e-06
3.75758 -0.606061 1.07067e-05
3.75758 -0.525253 1.14843e-05
3.75758 -0.444444 1.22565e-05
3.75758 -0.363636 1.30204e-05
3.75758 -0.282828 1.37729e-05
3.75758 -0.20202 1.45111e-05
3.75758 -0.121212 1.52321e-05
3.75758 -0.040404 1.59329e-05
3.75758 0.040404 1.66108e-05
3.75758 0.121212 1.72629e-05
3.75758 0.20202 1.78867e-05
3.75758 0.282828 1.84794e-05
3.75758 0.363636 1.90386e-05
3.75758 0.444444 1.95619e-05
3.75758 0.525253 2.0047e-05
3.75758 0.606061 2.04917e-05
3.75758 0.686869 2.0894e-05
3.75758 0.767677 2.12521e-05
3.75758 0.848485 2.15642e-05
3.75758 0.929293 2.18288e-05
3.75758 1.0101 2.20443e-05
3.75758 1.09091 2.22097e-05
3.75758 1.17172 2.23237e-05
3.75758 1.25253 2.23855e-05
3.75758 1.33333 2.23944e-05
3.75758 1.41414 2.23499e-05
3.75758 1.49495 2.22515e-05
3.75758 1.57576 2.20992e-05
3.75758 1.65657 2.18929e-05
3.75758 1.73737 2.16328e-05
3.75758 1.81818 2.13194e-05
3.75758 1.89899 2.09531e-05
3.75758 1.9798 2.05348e-05
3.75758 2.06061 2.00654e-05
3.75758 2.14141 1.95459e-05
3.75758 2.22222 1.89776e-05
3.75758 2.30303 1.83621e-05
3.75758 2.38384 1.77007e-05
3.75758 2.46465 1.69954e-05
3.75758 2.54545 1.6248e-05
3.75758 2.62626 1.54605e-05
3.75758 2.70707 1.4635e-05
3.75758 2.78788 1.37739e-05
3.75758 2.86869 1.28796e-05
3.75758 2.94949 1.19545e-05
3.75758 3.0303 1.10013e-05
3.75758 3.11111 1.00226e-05
3.75758 3.19192 9.02114e-06
3.75758 3.27273 7.9998e-06
3.75758 3.35354 6.96144e-06
3.75758 3.43434 5.90898e-06
3.75758 3.51515 4.84536e-06
3.75758 3.59596 3.77358e-06
3.75758 3.67677 2.69662e-06
3.75758 3.75758 1.61747e-06
3.75758 3.83838 5.39108e-07
3.75758 3.91919 -5.35491e-07
3.75758 4 0
3.83838 -4 0
3.83838 -3.91919 -8.43306e-07
3.83838 -3.83838 -1.16259e-06
3.83838 -3.75758 -1.46764e-06
3.83838 -3.67677 -1.75583e-06
3.83838 -3.59596 -2.0246e-06
3.83838 -3.51515 -2.2715e-06
3.83838 -3.43434 -2.49423e-06
3.83838 -3.35354 -2.69058e-06
3.83838 -3.27273 -2.85851e-06
3.83838 -3.19192 -2.99611e-06
3.83838 -3.11111 -3.10164e-06
3.83838 -3.0303 -3.17351e-06
3.83838 -2.94949 -3.21031e-06
3.83838 -2.86869 -3.21079e-06
3.83838 -2.78788 -3.17391e-06
3.83838 -2.70707 -3.09879e-06
3.83838 -2.62626 -2.98475e-06
3.83838 -2.54545 -2.8313e-06
3.83838 -2.46465 -2.63813e-06
3.83838 -2.38384 -2.40515e-06
3.83838 -2.30303 -2.13244e-06
3.83838 -2.22222 -1.8203e-06
3.83838 -2.14141 -1.46919e-06
3.83838 -2.06061 -1.07978e-06
3.83838 -1.9798 -6.52935e-07
3.83838 -1.89899 -1.89684e-07
3.83838 -1.81818 3.08753e-07
3.83838 -1.73737 8.40986e-07
3.83838 -1.65657 1.40546e-06
3.83838 -1.57576 2.00045e-06
3.83838 -1.49495 2.62408e-06
3.83838 -1.41414 3.27435e-06
3.83838 -1.33333 3.94909e-06
3.83838 -1.25253 4.64601e-06
3.83838 -1.17172 5.36273e-06
3.83838 -1.09091 6.09672e-06
3.83838 -1.0101 6.84538e-06
3.83838 -0.929293 7.606e-06
3.83838 -0.848485 8.37583e-06
3.83838 -0.767677 9.15202e-06
3.83838 -0.686869 9.93168e-06
3.83838 -0.606061 1.07119e-05
3.83838 -0.525253 1.14896e-05
3.83838 -0.444444 1.2262e-05
3.83838 -0.363636 1.3026e-05
3.83838 -0.282828 1.37786e-05
3.83838 -0.20202 1.45169e-05
3.83838 -0.121212 1.5238e-05
3.83838 -0.040404 1.59389e-05
3.83838 0.040404 1.66169e-05
3.83838 0.121212 1.72691e-05
3.83838 0.20202 1.78929e-05
3.83838 0.282828 1.84857e-05
3.83838 0.363636 1.90449e-05
3.83838 0.444444 1.95682e-05
3.83838 0.525253 2.00533e-05
3.83838 0.606061 2.04981e-05
3.83838 0.686869 2.09004e-05
3.83838 0.767677 2.12585e-05
3.83838 0.848485 2.15706e-05
3.83838 0.929293 2.18351e-05
3.83838 1.0101 2.20506e-05
3.83838 1.09091 2.22158e-05
3.83838 1.17172 2.23298e-05
3.83838 1.25253 2.23915e-05
3.83838 1.33333 2.24003e-05
3.83838 1.41414 2.23557e-05
3.83838 1.49495 2.22572e-05
3.83838 1.57576 2.21047e-05
3.83838 1.65657 2.18983e-05
3.83838 1.73737 2.16381e-05
3.83838 1.81818 2.13245e-05
3.83838 1.89899 2.0958e-05
3.83838 1.9798 2.05395e-05
3.83838 2.06061 2.00699e-05
3.83838 2.14141 1.95502e-05
3.83838 2.22222 1.89817e-05
3.83838 2.30303 1.83659e-05
3.83838 2.38384 1.77044e-05
3.83838 2.46465 1.69988e-05
3.83838 2.54545 1.62512e-05
3.83838 2.62626 1.54634e-05
3.83838 2.70707 1.46377e-05
3.83838 2.78788 1.37764e-05
3.83838 2.86869 1.28818e-05
3.83838 2.94949 1.19564e-05
3.83838 3.0303 1.10029e-05
3.83838 3.11111 1.00239e-05
3.83838 3.19192 9.02223e-06
3.83838 3.27273 8.00062e-06
3.83838 3.35354 6.96198e-06
3.83838 3.43434 5.90925e-06
3.83838 3.51515 4.84536e-06
3.83838 3.59596 3.77331e-06
3.83838 3.67677 2.69608e-06
3.83838 3.75758 1.61666e-06
3.83838 3.83838 5.38045e-07
3.83838 3.91919 -5.36812e-07
3.83838 4 0
3.91919 -4 0
3.91919 -3.91919 -8.43248e-07
3.91919 -3.83838 -1.16255e-06
3.91919 -3.75758 -1.46763e-06
3.91919 -3.67677 -1.75585e-06
3.91919 -3.59596 -2.02464e-06
3.91919 -3.51515 -2.27157e-06
3.91919 -3.43434 -2.49433e-06
3.91919 -3.35354 -2.69071e-06
3.91919 -3.27273 -2.85868e-06
3.91919 -3.19192 -2.99632e-06
3.91919 -3.11111 -3.10189e-06
3.91919 -3.0303 -3.1738e-06
3.91919 -2.94949 -3.21065e-06
3.91919 -2.86869 -3.21119e-06
3.91919 -2.78788 -3.17437e-06
3.91919 -2.70707 -3.09931e-06
3.91919 -2.62626 -2.98534e-06
3.91919 -2.54545 -2.83196e-06
3.91919 -2.46465 -2.63887e-06
3.91919 -2.38384 -2.40598e-06
3.91919 -2.30303 -2.13336e-06
3.91919 -2.22222 -1.82131e-06
3.91919 -2.14141 -1.4703e-06
3.91919 -2.06061 -1.081e-06
3.91919 -1.9798 -6.54266e-07
3.91919 -1.89899 -1.91134e-07
3.91919 -1.81818 3.07181e-07
3.91919 -1.73737 8.39286e-07
3.91919 -1.65657 1.40362e-06
3.91919 -1.57576 1.99848e-06
3.91919 -1.49495 2.62197e-06
3.91919 -1.41414 3.27209e-06
3.91919 -1.33333 3.94668e-06
3.91919 -1.25253 4.64346e-06
3.91919 -1.17172 5.36002e-06
3.91919 -1.09091 6.09385e-06
3.91919 -1.0101 6.84235e-06
3.91919 -0.929293 7.60281e-06
3.91919 -0.848485 8.37248e-06
3.91919 -0.767677 9.1485e-06
3.91919 -0.686869 9.928e-06
3.91919 -0.606061 1.0708e-05
3.91919 -0.525253 1.14856e-05
3.91919 -0.444444 1.22579e-05
3.91919 -0.363636 1.30217e-05
3.91919 -0.282828 1.37741e-05
3.91919 -0.20202 1.45123e-05
3.91919 -0.121212 1.52332e-05
3.91919 -0.040404 1.5934e-05
3.91919 0.040404 1.66118e-05
3.91919 0.121212 1.72639e-05
3.91919 0.20202 1.78875e-05
3.91919 0.282828 1.84802e-05
3.91919 0.363636 1.90393e-05
3.91919 0.444444 1.95625e-05
3.91919 0.525253 2.00475e-05
3.91919 0.606061 2.04922e-05
3.91919 0.686869 2.08944e-05
3.91919 0.767677 2.12524e-05
3.91919 0.848485 2.15644e-05
3.91919 0.929293 2.18289e-05
3.91919 1.0101 2.20443e-05
3.91919 1.09091 2.22096e-05
3.91919 1.17172 2.23235e-05
3.91919 1.25253 2.23852e-05
3.91919 1.33333 2.2394e-05
3.91919 1.41414 2.23494e-05
3.91919 1.49495 2.22509e-05
3.91919 1.57576 2.20985e-05
3.91919 1.65657 2.18921e-05
3.91919 1.73737 2.16319e-05
3.91919 1.81818 2.13184e-05
3.91919 1.89899 2.0952e-05
3.91919 1.9798 2.05336e-05
3.91919 2.06061 2.00641e-05
3.91919 2.14141 1.95445e-05
3.91919 2.22222 1.89762e-05
3.91919 2.30303 1.83605e-05
3.91919 2.38384 1.76991e-05
3.91919 2.46465 1.69937e-05
3.91919 2.54545 1.62462e-05
3.91919 2.62626 1.54586e-05
3.91919 2.70707 1.46331e-05
3.91919 2.78788 1.37719e-05
3.91919 2.86869 1.28775e-05
3.91919 2.94949 1.19524e-05
3.91919 3.0303 1.09991e-05
3.91919 3.11111 1.00204e-05
3.91919 3.19192 9.01888e-06
3.91919 3.27273 7.99751e-06
3.91919 3.35354 6.95912e-06
3.91919 3.43434 5.90663e-06
3.91919 3.51515 4.843e-06
3.91919 3.59596 3.7712e-06
3.91919 3.67677 2.69423e-06
3.91919 3.75758 1.61508e-06
3.91919 3.83838 5.36726e-07
3.91919 3.91919 -5.37865e-07
3.91919 4 0
4 -4 0
4 -3.91919 0
4 -3.83838 0
4 -3.75758 0
4 -3.67677 0
4 -3.59596 0
4 -3.51515 0
4 -3.43434 0
4 -3.35354 0
4 -3.27273 0
4 -3.19192 0
4 -3.11111 0
4 -3.0303 0
4 -2.94949 0
4 -2.86869 0
4 -2.78788 0
4 -2.70707 0
4 -2.62626 0
4 -2.54545 0
4 -2.46465 0
4 -2.38384 0
4 -2.30303 0
4 -2.22222 0
4 -2.14141 0
4 -2.06061 0
4 -1.9798 0
4 -1.89899 0
4 -1.81818 0
4 -1.73737 0
4 -1.65657 0
4 -1.57576 0
4 -1.49495 0
4 -1.41414 0
4 -1.33333 0
4 -1.25253 0
4 -1.17172 0
4 -1.09091 0
4 -1.0101 0
4 -0.929293 0
4 -0.848485 0
4 -0.767677 0
4 -0.686869 0
4 -0.606061 0
4 -0.525253 0
4 -0.444444 0
4 -0.363636 0
4 -0.282828 0
4 -0.20202 0
4 -0.121212 0
4 -0.040404 0
4 0.040404 0
4 0.121212 0
4 0.20202 0
4 0.282828 0
4 0.363636 0
4 0.444444 0
4 0.525253 0
4 0.606061 0
4 0.686869 0
4 0.767677 0
4 0.848485 0
4 0.929293 0
4 1.0101 0
4 1.09091 0
4 1.17172 0
4 1.25253 0
4 1.33333 0
4 1.41414 0
4 1.49495 0
4 1.57576 0
4 1.65657 0
4 1.73737 0
4 1.81818 0
4 1.89899 0
4 1.9798 0
4 2.06061 0
4 2.14141 0
4 2.22222 0
4 2.30303 0
4 2.38384 0
4 2.46465 0
4 2.54545 0
4 2.62626 0
4 2.70707 0
4 2.78788 0
4 2.86869 0
4 2.94949 0
4 3.0303 0
4 3.11111 0
4 3.19192 0
4 3.27273 0
4 3.35354 0
4 3.43434 0
4 3.51515 0
4 3.59596 0
4 3.67677 0
4 3.75758 0
4 3.83838 0
4 3.91919 0
4 4 0
