-4 -4 -0
-4 -3.91919 0.0317279
-4 -3.83838 0.0634239
-4 -3.75758 0.095056
-4 -3.67677 0.126592
-4 -3.59596 0.158001
-4 -3.51515 0.189251
-4 -3.43434 0.220311
-4 -3.35354 0.251148
-4 -3.27273 0.281733
-4 -3.19192 0.312033
-4 -3.11111 0.34202
-4 -3.0303 0.371662
-4 -2.94949 0.400931
-4 -2.86869 0.429795
-4 -2.78788 0.458227
-4 -2.70707 0.486197
-4 -2.62626 0.513677
-4 -2.54545 0.540641
-4 -2.46465 0.56706
-4 -2.38384 0.592908
-4 -2.30303 0.618159
-4 -2.22222 0.642788
-4 -2.14141 0.666769
-4 -2.06061 0.690079
-4 -1.9798 0.712694
-4 -1.89899 0.734592
-4 -1.81818 0.75575
-4 -1.73737 0.776146
-4 -1.65657 0.795762
-4 -1.57576 0.814576
-4 -1.49495 0.83257
-4 -1.41414 0.849725
-4 -1.33333 0.866025
-4 -1.25253 0.881453
-4 -1.17172 0.895994
-4 -1.09091 0.909632
-4 -1.0101 0.922354
-4 -0.929293 0.934148
-4 -0.848485 0.945001
-4 -0.767677 0.954902
-4 -0.686869 0.963842
-4 -0.606061 0.971812
-4 -0.525253 0.978802
-4 -0.444444 0.984808
-4 -0.363636 0.989821
-4 -0.282828 0.993838
-4 -0.20202 0.996855
-4 -0.121212 0.998867
-4 -0.040404 0.999874
-4 0.040404 0.999874
-4 0.121212 0.998867
-4 0.20202 0.996855
-4 0.282828 0.993838
-4 0.363636 0.989821
-4 0.444444 0.984808
-4 0.525253 0.978802
-4 0.606061 0.971812
-4 0.686869 0.963842
-4 0.767677 0.954902
-4 0.848485 0.945001
-4 0.929293 0.934148
-4 1.0101 0.922354
-4 1.09091 0.909632
-4 1.17172 0.895994
-4 1.25253 0.881453
-4 1.33333 0.866025
-4 1.41414 0.849725
-4 1.49495 0.83257
-4 1.57576 0.814576
-4 1.65657 0.795762
-4 1.73737 0.776146
-4 1.81818 0.75575
-4 1.89899 0.734592
-4 1.9798 0.712694
-4 2.06061 0.690079
-4 2.14141 0.666769
-4 2.22222 0.642788
-4 2.30303 0.618159
-4 2.38384 0.592908
-4 2.46465 0.56706
-4 2.54545 0.540641
-4 2.62626 0.513677
-4 2.70707 0.486197
-4 2.78788 0.458227
-4 2.86869 0.429795
-4 2.94949 0.400931
-4 3.0303 0.371662
-4 3.11111 0.34202
-4 3.19192 0.312033
-4 3.27273 0.281733
-4 3.35354 0.251148
-4 3.43434 0.220311
-4 3.51515 0.189251
-4 3.59596 0.158001
-4 3.67677 0.126592
-4 3.75758 0.095056
-4 3.83838 0.0634239
-4 3.91919 0.0317279
-4 4 -0
-3.91919 -4 -0.0317279
-3.91919 -3.91919 2.66849e-18
-3.91919 -3.83838 0.0316659
-3.91919 -3.75758 0.0632396
-3.91919 -3.67677 0.094691
-3.91919 -3.59596 0.12599
-3.91919 -3.51515 0.157107
-3.91919 -3.43434 0.188012
-3.91919 -3.35354 0.218675
-3.91919 -3.27273 0.249068
-3.91919 -3.19192 0.27916
-3.91919 -3.11111 0.308922
-3.91919 -3.0303 0.338327
-3.91919 -2.94949 0.367346
-3.91919 -2.86869 0.39595
-3.91919 -2.78788 0.424112
-3.91919 -2.70707 0.451805
-3.91919 -2.62626 0.479001
-3.91919 -2.54545 0.505676
-3.91919 -2.46465 0.531801
-3.91919 -2.38384 0.557354
-3.91919 -2.30303 0.582307
-3.91919 -2.22222 0.606638
-3.91919 -2.14141 0.630322
-3.91919 -2.06061 0.653337
-3.91919 -1.9798 0.67566
-3.91919 -1.89899 0.697268
-3.91919 -1.81818 0.718142
-3.91919 -1.73737 0.738261
-3.91919 -1.65657 0.757605
-3.91919 -1.57576 0.776155
-3.91919 -1.49495 0.793894
-3.91919 -1.41414 0.810803
-3.91919 -1.33333 0.826866
-3.91919 -1.25253 0.842068
-3.91919 -1.17172 0.856393
-3.91919 -1.09091 0.869828
-3.91919 -1.0101 0.88236
-3.91919 -0.929293 0.893975
-3.91919 -0.848485 0.904664
-3.91919 -0.767677 0.914414
-3.91919 -0.686869 0.923217
-3.91919 -0.606061 0.931065
-3.91919 -0.525253 0.937949
-3.91919 -0.444444 0.943862
-3.91919 -0.363636 0.948799
-3.91919 -0.282828 0.952756
-3.91919 -0.20202 0.955727
-3.91919 -0.121212 0.95771
-3.91919 -0.040404 0.958704
-3.91919 0.040404 0.958707
-3.91919 0.121212 0.957719
-3.91919 0.20202 0.955741
-3.91919 0.282828 0.952776
-3.91919 0.363636 0.948825
-3.91919 0.444444 0.943893
-3.91919 0.525253 0.937985
-3.91919 0.606061 0.931107
-3.91919 0.686869 0.923264
-3.91919 0.767677 0.914466
-3.91919 0.848485 0.90472
-3.91919 0.929293 0.894036
-3.91919 1.0101 0.882424
-3.91919 1.09091 0.869896
-3.91919 1.17172 0.856465
-3.91919 1.25253 0.842143
-3.91919 1.33333 0.826944
-3.91919 1.41414 0.810883
-3.91919 1.49495 0.793976
-3.91919 1.57576 0.77624
-3.91919 1.65657 0.757691
-3.91919 1.73737 0.738348
-3.91919 1.81818 0.71823
-3.91919 1.89899 0.697357
-3.91919 1.9798 0.675748
-3.91919 2.06061 0.653425
-3.91919 2.14141 0.630409
-3.91919 2.22222 0.606724
-3.91919 2.30303 0.582392
-3.91919 2.38384 0.557437
-3.91919 2.46465 0.531883
-3.91919 2.54545 0.505754
-3.91919 2.62626 0.479077
-3.91919 2.70707 0.451878
-3.91919 2.78788 0.424182
-3.91919 2.86869 0.396016
-3.91919 2.94949 0.367408
-3.91919 3.0303 0.338386
-3.91919 3.11111 0.308977
-3.91919 3.19192 0.27921
-3.91919 3.27273 0.249113
-3.91919 3.35354 0.218716
-3.91919 3.43434 0.188048
-3.91919 3.51515 0.157138
-3.91919 3.59596 0.126016
-3.91919 3.67677 0.0947118
-3.91919 3.75758 0.0632552
-3.91919 3.83838 0.0316763
-3.91919 3.91919 5.18323e-06
-3.91919 4 -0.0317279
-3.83838 -4 -0.0634239
-3.83838 -3.91919 -0.0316659
-3.83838 -3.83838 -4.40321e-18
-3.83838 -3.75758 0.0315454
-3.83838 -3.67677 0.0629418
-3.83838 -3.59596 0.0941611
-3.83838 -3.51515 0.125175
-3.83838 -3.43434 0.155955
-3.83838 -3.35354 0.186474
-3.83838 -3.27273 0.216703
-3.83838 -3.19192 0.246615
-3.83838 -3.11111 0.276183
-3.83838 -3.0303 0.305378
-3.83838 -2.94949 0.334175
-3.83838 -2.86869 0.362547
-3.83838 -2.78788 0.390466
-3.83838 -2.70707 0.417909
-3.83838 -2.62626 0.444848
-3.83838 -2.54545 0.471259
-3.83838 -2.46465 0.497117
-3.83838 -2.38384 0.522398
-3.83838 -2.30303 0.547078
-3.83838 -2.22222 0.571135
-3.83838 -2.14141 0.594545
-3.83838 -2.06061 0.617287
-3.83838 -1.9798 0.639339
-3.83838 -1.89899 0.66068
-3.83838 -1.81818 0.68129
-3.83838 -1.73737 0.701151
-3.83838 -1.65657 0.720242
-3.83838 -1.57576 0.738547
-3.83838 -1.49495 0.756047
-3.83838 -1.41414 0.772726
-3.83838 -1.33333 0.788568
-3.83838 -1.25253 0.803558
-3.83838 -1.17172 0.817683
-3.83838 -1.09091 0.830928
-3.83838 -1.0101 0.84328
-3.83838 -0.929293 0.854729
-3.83838 -0.848485 0.865264
-3.83838 -0.767677 0.874873
-3.83838 -0.686869 0.883548
-3.83838 -0.606061 0.891281
-3.83838 -0.525253 0.898065
-3.83838 -0.444444 0.903892
-3.83838 -0.363636 0.908758
-3.83838 -0.282828 0.912657
-3.83838 -0.20202 0.915586
-3.83838 -0.121212 0.917543
-3.83838 -0.040404 0.918524
-3.83838 0.040404 0.91853
-3.83838 0.121212 0.91756
-3.83838 0.20202 0.915615
-3.83838 0.282828 0.912697
-3.83838 0.363636 0.908809
-3.83838 0.444444 0.903954
-3.83838 0.525253 0.898137
-3.83838 0.606061 0.891364
-3.83838 0.686869 0.883641
-3.83838 0.767677 0.874975
-3.83838 0.848485 0.865375
-3.83838 0.929293 0.85485
-3.83838 1.0101 0.843409
-3.83838 1.09091 0.831063
-3.83838 1.17172 0.817826
-3.83838 1.25253 0.803708
-3.83838 1.33333 0.788723
-3.83838 1.41414 0.772886
-3.83838 1.49495 0.756211
-3.83838 1.57576 0.738715
-3.83838 1.65657 0.720413
-3.83838 1.73737 0.701324
-3.83838 1.81818 0.681465
-3.83838 1.89899 0.660856
-3.83838 1.9798 0.639514
-3.83838 2.06061 0.617462
-3.83838 2.14141 0.594719
-3.83838 2.22222 0.571307
-3.83838 2.30303 0.547247
-3.83838 2.38384 0.522563
-3.83838 2.46465 0.497278
-3.83838 2.54545 0.471416
-3.83838 2.62626 0.444999
-3.83838 2.70707 0.418054
-3.83838 2.78788 0.390606
-3.83838 2.86869 0.362679
-3.83838 2.94949 0.3343
-3.83838 3.0303 0.305495
-3.83838 3.11111 0.276291
-3.83838 3.19192 0.246715
-3.83838 3.27273 0.216794
-3.83838 3.35354 0.186555
-3.83838 3.43434 0.156027
-3.83838 3.51515 0.125237
-3.83838 3.59596 0.0942127
-3.83838 3.67677 0.0629832
-3.83838 3.75758 0.0315764
-3.83838 3.83838 2.0681e-05
-3.83838 3.91919 -0.0316555
-3.83838 4 -0.0634239
-3.75758 -4 -0.095056
-3.75758 -3.91919 -0.0632396
-3.75758 -3.83838 -0.0315454
-3.75758 -3.75758 1.4168e-17
-3.75758 -3.67677 0.0313698
-3.75758 -3.59596 0.0625375
-3.75758 -3.51515 0.0934765
-3.75758 -3.43434 0.12416
-3.75758 -3.35354 0.154562
-3.75758 -3.27273 0.184656
-3.75758 -3.19192 0.214415
-3.75758 -3.11111 0.243815
-3.75758 -3.0303 0.272828
-3.75758 -2.94949 0.30143
-3.75758 -2.86869 0.329595
-3.75758 -2.78788 0.357299
-3.75758 -2.70707 0.384516
-3.75758 -2.62626 0.411222
-3.75758 -2.54545 0.437395
-3.75758 -2.46465 0.463009
-3.75758 -2.38384 0.488043
-3.75758 -2.30303 0.512473
-3.75758 -2.22222 0.536278
-3.75758 -2.14141 0.559436
-3.75758 -2.06061 0.581926
-3.75758 -1.9798 0.603728
-3.75758 -1.89899 0.624822
-3.75758 -1.81818 0.645189
-3.75758 -1.73737 0.664809
-3.75758 -1.65657 0.683666
-3.75758 -1.57576 0.701742
-3.75758 -1.49495 0.71902
-3.75758 -1.41414 0.735485
-3.75758 -1.33333 0.751121
-3.75758 -1.25253 0.765915
-3.75758 -1.17172 0.779852
-3.75758 -1.09091 0.792919
-3.75758 -1.0101 0.805105
-3.75758 -0.929293 0.816398
-3.75758 -0.848485 0.826788
-3.75758 -0.767677 0.836265
-3.75758 -0.686869 0.844821
-3.75758 -0.606061 0.852447
-3.75758 -0.525253 0.859136
-3.75758 -0.444444 0.864883
-3.75758 -0.363636 0.869682
-3.75758 -0.282828 0.873528
-3.75758 -0.20202 0.876418
-3.75758 -0.121212 0.878349
-3.75758 -0.040404 0.879319
-3.75758 0.040404 0.879328
-3.75758 0.121212 0.878375
-3.75758 0.20202 0.876461
-3.75758 0.282828 0.873588
-3.75758 0.363636 0.869758
-3.75758 0.444444 0.864976
-3.75758 0.525253 0.859245
-3.75758 0.606061 0.852571
-3.75758 0.686869 0.844959
-3.75758 0.767677 0.836418
-3.75758 0.848485 0.826954
-3.75758 0.929293 0.816577
-3.75758 1.0101 0.805296
-3.75758 1.09091 0.793122
-3.75758 1.17172 0.780065
-3.75758 1.25253 0.766137
-3.75758 1.33333 0.751353
-3.75758 1.41414 0.735724
-3.75758 1.49495 0.719266
-3.75758 1.57576 0.701993
-3.75758 1.65657 0.683921
-3.75758 1.73737 0.665068
-3.75758 1.81818 0.645449
-3.75758 1.89899 0.625084
-3.75758 1.9798 0.60399
-3.75758 2.06061 0.582188
-3.75758 2.14141 0.559695
-3.75758 2.22222 0.536534
-3.75758 2.30303 0.512725
-3.75758 2.38384 0.48829
-3.75758 2.46465 0.46325
-3.75758 2.54545 0.437629
-3.75758 2.62626 0.411449
-3.75758 2.70707 0.384733
-3.75758 2.78788 0.357506
-3.75758 2.86869 0.329793
-3.75758 2.94949 0.301616
-3.75758 3.0303 0.273003
-3.75758 3.11111 0.243977
-3.75758 3.19192 0.214564
-3.75758 3.27273 0.184791
-3.75758 3.35354 0.154683
-3.75758 3.43434 0.124267
-3.75758 3.51515 0.0935685
-3.75758 3.59596 0.0626145
-3.75758 3.67677 0.0314316
-3.75758 3.75758 4.63379e-05
-3.75758 3.83838 -0.0315145
-3.75758 3.91919 -0.0632242
-3.75758 4 -0.095056
-3.67677 -4 -0.126592
-3.67677 -3.91919 -0.094691
-3.67677 -3.83838 -0.0629418
-3.67677 -3.75758 -0.0313698
-3.67677 -3.67677 1.90094e-17
-3.67677 -3.59596 0.0311427
-3.67677 -3.51515 0.0620333
-3.67677 -3.43434 0.0926467
-3.67677 -3.35354 0.122958
-3.67677 -3.27273 0.152943
-3.67677 -3.19192 0.182576
-3.67677 -3.11111 0.211833
-3.67677 -3.0303 0.24069
-3.67677 -2.94949 0.269122
-3.67677 -2.86869 0.297105
-3.67677 -2.78788 0.324617
-3.67677 -2.70707 0.351633
-3.67677 -2.62626 0.378131
-3.67677 -2.54545 0.404088
-3.67677 -2.46465 0.429482
-3.67677 -2.38384 0.454291
-3.67677 -2.30303 0.478493
-3.67677 -2.22222 0.502068
-3.67677 -2.14141 0.524995
-3.67677 -2.06061 0.547254
-3.67677 -1.9798 0.568826
-3.67677 -1.89899 0.589691
-3.67677 -1.81818 0.609832
-3.67677 -1.73737 0.629231
-3.67677 -1.65657 0.647871
-3.67677 -1.57576 0.665735
-3.67677 -1.49495 0.682807
-3.67677 -1.41414 0.699073
-3.67677 -1.33333 0.714517
-3.67677 -1.25253 0.729127
-3.67677 -1.17172 0.742889
-3.67677 -1.09091 0.755791
-3.67677 -1.0101 0.767821
-3.67677 -0.929293 0.778969
-3.67677 -0.848485 0.789224
-3.67677 -0.767677 0.798578
-3.67677 -0.686869 0.807022
-3.67677 -0.606061 0.814548
-3.67677 -0.525253 0.82115
-3.67677 -0.444444 0.826821
-3.67677 -0.363636 0.831557
-3.67677 -0.282828 0.835354
-3.67677 -0.20202 0.838207
-3.67677 -0.121212 0.840114
-3.67677 -0.040404 0.841074
-3.67677 0.040404 0.841086
-3.67677 0.121212 0.840148
-3.67677 0.20202 0.838264
-3.67677 0.282828 0.835433
-3.67677 0.363636 0.831659
-3.67677 0.444444 0.826944
-3.67677 0.525253 0.821294
-3.67677 0.606061 0.814712
-3.67677 0.686869 0.807206
-3.67677 0.767677 0.798781
-3.67677 0.848485 0.789445
-3.67677 0.929293 0.779207
-3.67677 1.0101 0.768075
-3.67677 1.09091 0.75606
-3.67677 1.17172 0.743172
-3.67677 1.25253 0.729423
-3.67677 1.33333 0.714824
-3.67677 1.41414 0.69939
-3.67677 1.49495 0.683132
-3.67677 1.57576 0.666067
-3.67677 1.65657 0.648209
-3.67677 1.73737 0.629574
-3.67677 1.81818 0.610178
-3.67677 1.89899 0.590039
-3.67677 1.9798 0.569174
-3.67677 2.06061 0.547601
-3.67677 2.14141 0.525339
-3.67677 2.22222 0.502408
-3.67677 2.30303 0.478828
-3.67677 2.38384 0.454619
-3.67677 2.46465 0.429802
-3.67677 2.54545 0.404399
-3.67677 2.62626 0.378432
-3.67677 2.70707 0.351922
-3.67677 2.78788 0.324893
-3.67677 2.86869 0.297367
-3.67677 2.94949 0.269369
-3.67677 3.0303 0.240921
-3.67677 3.11111 0.212048
-3.67677 3.19192 0.182773
-3.67677 3.27273 0.153122
-3.67677 3.35354 0.123119
-3.67677 3.43434 0.0927884
-3.67677 3.51515 0.0621553
-3.67677 3.59596 0.0312448
-3.67677 3.67677 8.18965e-05
-3.67677 3.75758 -0.0313084
-3.67677 3.83838 -0.0629009
-3.67677 3.91919 -0.0946706
-3.67677 4 -0.126592
-3.59596 -4 -0.158001
-3.59596 -3.91919 -0.12599
-3.59596 -3.83838 -0.0941611
-3.59596 -3.75758 -0.0625375
-3.59596 -3.67677 -0.0311427
-3.59596 -3.59596 8.44956e-18
-3.59596 -3.51515 0.0308671
-3.59596 -3.43434 0.0614353
-3.59596 -3.35354 0.0916811
-3.59596 -3.27273 0.121581
-3.59596 -3.19192 0.151112
-3.59596 -3.11111 0.180251
-3.59596 -3.0303 0.208975
-3.59596 -2.94949 0.237262
-3.59596 -2.86869 0.265088
-3.59596 -2.78788 0.292431
-3.59596 -2.70707 0.319269
-3.59596 -2.62626 0.345581
-3.59596 -2.54545 0.371345
-3.59596 -2.46465 0.39654
-3.59596 -2.38384 0.421145
-3.59596 -2.30303 0.445141
-3.59596 -2.22222 0.468506
-3.59596 -2.14141 0.491221
-3.59596 -2.06061 0.513269
-3.59596 -1.9798 0.534629
-3.59596 -1.89899 0.555285
-3.59596 -1.81818 0.575218
-3.59596 -1.73737 0.594412
-3.59596 -1.65657 0.612851
-3.59596 -1.57576 0.630519
-3.59596 -1.49495 0.6474
-3.59596 -1.41414 0.663481
-3.59596 -1.33333 0.678748
-3.59596 -1.25253 0.693187
-3.59596 -1.17172 0.706786
-3.59596 -1.09091 0.719534
-3.59596 -1.0101 0.731419
-3.59596 -0.929293 0.742432
-3.59596 -0.848485 0.752561
-3.59596 -0.767677 0.7618
-3.59596 -0.686869 0.77014
-3.59596 -0.606061 0.777572
-3.59596 -0.525253 0.784092
-3.59596 -0.444444 0.789694
-3.59596 -0.363636 0.794371
-3.59596 -0.282828 0.798121
-3.59596 -0.20202 0.80094
-3.59596 -0.121212 0.802826
-3.59596 -0.040404 0.803776
-3.59596 0.040404 0.80379
-3.59596 0.121212 0.802868
-3.59596 0.20202 0.801011
-3.59596 0.282828 0.79822
-3.59596 0.363636 0.794497
-3.59596 0.444444 0.789846
-3.59596 0.525253 0.784271
-3.59596 0.606061 0.777777
-3.59596 0.686869 0.770368
-3.59596 0.767677 0.762052
-3.59596 0.848485 0.752836
-3.59596 0.929293 0.742727
-3.59596 1.0101 0.731735
-3.59596 1.09091 0.719868
-3.59596 1.17172 0.707138
-3.59596 1.25253 0.693554
-3.59596 1.33333 0.679129
-3.59596 1.41414 0.663875
-3.59596 1.49495 0.647805
-3.59596 1.57576 0.630932
-3.59596 1.65657 0.613272
-3.59596 1.73737 0.594839
-3.59596 1.81818 0.575648
-3.59596 1.89899 0.555717
-3.59596 1.9798 0.535062
-3.59596 2.06061 0.5137
-3.59596 2.14141 0.491649
-3.59596 2.22222 0.468929
-3.59596 2.30303 0.445557
-3.59596 2.38384 0.421553
-3.59596 2.46465 0.396938
-3.59596 2.54545 0.371732
-3.59596 2.62626 0.345955
-3.59596 2.70707 0.319628
-3.59596 2.78788 0.292774
-3.59596 2.86869 0.265413
-3.59596 2.94949 0.237569
-3.59596 3.0303 0.209263
-3.59596 3.11111 0.180518
-3.59596 3.19192 0.151358
-3.59596 3.27273 0.121804
-3.59596 3.35354 0.0918811
-3.59596 3.43434 0.0616115
-3.59596 3.51515 0.0310189
-3.59596 3.59596 0.000127
-3.59596 3.67677 -0.0310409
-3.59596 3.75758 -0.0624611
-3.59596 3.83838 -0.0941102
-3.59596 3.91919 -0.125965
-3.59596 4 -0.158001
-3.51515 -4 -0.189251
-3.51515 -3.91919 -0.157107
-3.51515 -3.83838 -0.125175
-3.51515 -3.75758 -0.0934765
-3.51515 -3.67677 -0.0620333
-3.51515 -3.59596 -0.0308671
-3.51515 -3.51515 1.87711e-17
-3.51515 -3.43434 0.0305462
-3.51515 -3.35354 0.0607497
-3.51515 -3.27273 0.0905885
-3.51515 -3.19192 0.120041
-3.51515 -3.11111 0.149085
-3.51515 -3.0303 0.177699
-3.51515 -2.94949 0.205862
-3.51515 -2.86869 0.233553
-3.51515 -2.78788 0.260749
-3.51515 -2.70707 0.287432
-3.51515 -2.62626 0.313579
-3.51515 -2.54545 0.339171
-3.51515 -2.46465 0.364188
-3.51515 -2.38384 0.38861
-3.51515 -2.30303 0.412418
-3.51515 -2.22222 0.435593
-3.51515 -2.14141 0.458116
-3.51515 -2.06061 0.47997
-3.51515 -1.9798 0.501137
-3.51515 -1.89899 0.5216
-3.51515 -1.81818 0.541342
-3.51515 -1.73737 0.560348
-3.51515 -1.65657 0.578602
-3.51515 -1.57576 0.596088
-3.51515 -1.49495 0.612793
-3.51515 -1.41414 0.628703
-3.51515 -1.33333 0.643805
-3.51515 -1.25253 0.658086
-3.51515 -1.17172 0.671534
-3.51515 -1.09091 0.684139
-3.51515 -1.0101 0.695889
-3.51515 -0.929293 0.706776
-3.51515 -0.848485 0.716789
-3.51515 -0.767677 0.72592
-3.51515 -0.686869 0.734163
-3.51515 -0.606061 0.741509
-3.51515 -0.525253 0.747952
-3.51515 -0.444444 0.753488
-3.51515 -0.363636 0.758111
-3.51515 -0.282828 0.761818
-3.51515 -0.20202 0.764605
-3.51515 -0.121212 0.766471
-3.51515 -0.040404 0.767412
-3.51515 0.040404 0.767429
-3.51515 0.121212 0.766521
-3.51515 0.20202 0.76469
-3.51515 0.282828 0.761936
-3.51515 0.363636 0.758262
-3.51515 0.444444 0.75367
-3.51515 0.525253 0.748166
-3.51515 0.606061 0.741752
-3.51515 0.686869 0.734435
-3.51515 0.767677 0.726221
-3.51515 0.848485 0.717116
-3.51515 0.929293 0.707129
-3.51515 1.0101 0.696266
-3.51515 1.09091 0.684538
-3.51515 1.17172 0.671954
-3.51515 1.25253 0.658524
-3.51515 1.33333 0.64426
-3.51515 1.41414 0.629173
-3.51515 1.49495 0.613276
-3.51515 1.57576 0.596582
-3.51515 1.65657 0.579104
-3.51515 1.73737 0.560857
-3.51515 1.81818 0.541856
-3.51515 1.89899 0.522116
-3.51515 1.9798 0.501654
-3.51515 2.06061 0.480485
-3.51515 2.14141 0.458627
-3.51515 2.22222 0.436098
-3.51515 2.30303 0.412915
-3.51515 2.38384 0.389097
-3.51515 2.46465 0.364663
-3.51515 2.54545 0.339632
-3.51515 2.62626 0.314025
-3.51515 2.70707 0.28786
-3.51515 2.78788 0.261159
-3.51515 2.86869 0.233941
-3.51515 2.94949 0.206229
-3.51515 3.0303 0.178042
-3.51515 3.11111 0.149404
-3.51515 3.19192 0.120334
-3.51515 3.27273 0.0908548
-3.51515 3.35354 0.0609884
-3.51515 3.43434 0.0307565
-3.51515 3.51515 0.000181194
-3.51515 3.59596 -0.0307156
-3.51515 3.67677 -0.0619117
-3.51515 3.75758 -0.0933852
-3.51515 3.83838 -0.125114
-3.51515 3.91919 -0.157077
-3.51515 4 -0.189251
-3.43434 -4 -0.220311
-3.43434 -3.91919 -0.188012
-3.43434 -3.83838 -0.155955
-3.43434 -3.75758 -0.12416
-3.43434 -3.67677 -0.0926467
-3.43434 -3.59596 -0.0614353
-3.43434 -3.51515 -0.0305462
-3.43434 -3.43434 1.00893e-17
-3.43434 -3.35354 0.030183
-3.43434 -3.27273 0.0599823
-3.43434 -3.19192 0.0893774
-3.43434 -3.11111 0.118348
-3.43434 -3.0303 0.146874
-3.43434 -2.94949 0.174935
-3.43434 -2.86869 0.202511
-3.43434 -2.78788 0.229582
-3.43434 -2.70707 0.256129
-3.43434 -2.62626 0.282132
-3.43434 -2.54545 0.307572
-3.43434 -2.46465 0.332431
-3.43434 -2.38384 0.356689
-3.43434 -2.30303 0.380328
-3.43434 -2.22222 0.403331
-3.43434 -2.14141 0.42568
-3.43434 -2.06061 0.447358
-3.43434 -1.9798 0.468349
-3.43434 -1.89899 0.488636
-3.43434 -1.81818 0.508203
-3.43434 -1.73737 0.527036
-3.43434 -1.65657 0.545119
-3.43434 -1.57576 0.562439
-3.43434 -1.49495 0.578981
-3.43434 -1.41414 0.594733
-3.43434 -1.33333 0.609682
-3.43434 -1.25253 0.623817
-3.43434 -1.17172 0.637125
-3.43434 -1.09091 0.649597
-3.43434 -1.0101 0.661222
-3.43434 -0.929293 0.671992
-3.43434 -0.848485 0.681896
-3.43434 -0.767677 0.690928
-3.43434 -0.686869 0.69908
-3.43434 -0.606061 0.706346
-3.43434 -0.525253 0.712718
-3.43434 -0.444444 0.718193
-3.43434 -0.363636 0.722766
-3.43434 -0.282828 0.726433
-3.43434 -0.20202 0.729191
-3.43434 -0.121212 0.731037
-3.43434 -0.040404 0.73197
-3.43434 0.040404 0.73199
-3.43434 0.121212 0.731096
-3.43434 0.20202 0.729288
-3.43434 0.282828 0.726569
-3.43434 0.363636 0.72294
-3.43434 0.444444 0.718405
-3.43434 0.525253 0.712966
-3.43434 0.606061 0.706628
-3.43434 0.686869 0.699397
-3.43434 0.767677 0.691277
-3.43434 0.848485 0.682276
-3.43434 0.929293 0.672401
-3.43434 1.0101 0.66166
-3.43434 1.09091 0.65006
-3.43434 1.17172 0.637612
-3.43434 1.25253 0.624325
-3.43434 1.33333 0.61021
-3.43434 1.41414 0.595278
-3.43434 1.49495 0.579541
-3.43434 1.57576 0.563011
-3.43434 1.65657 0.545702
-3.43434 1.73737 0.527626
-3.43434 1.81818 0.508799
-3.43434 1.89899 0.489235
-3.43434 1.9798 0.468948
-3.43434 2.06061 0.447955
-3.43434 2.14141 0.426273
-3.43434 2.22222 0.403917
-3.43434 2.30303 0.380904
-3.43434 2.38384 0.357253
-3.43434 2.46465 0.332982
-3.43434 2.54545 0.308107
-3.43434 2.62626 0.282649
-3.43434 2.70707 0.256626
-3.43434 2.78788 0.230057
-3.43434 2.86869 0.202962
-3.43434 2.94949 0.17536
-3.43434 3.0303 0.147272
-3.43434 3.11111 0.118718
-3.43434 3.19192 0.0897174
-3.43434 3.27273 0.0602912
-3.43434 3.35354 0.0304599
-3.43434 3.43434 0.000243934
-3.43434 3.51515 -0.030336
-3.43434 3.59596 -0.0612594
-3.43434 3.67677 -0.0925057
-3.43434 3.75758 -0.124054
-3.43434 3.83838 -0.155885
-3.43434 3.91919 -0.187977
-3.43434 4 -0.220311
-3.35354 -4 -0.251148
-3.35354 -3.91919 -0.218675
-3.35354 -3.83838 -0.186474
-3.35354 -3.75758 -0.154562
-3.35354 -3.67677 -0.122958
-3.35354 -3.59596 -0.0916811
-3.35354 -3.51515 -0.0607497
-3.35354 -3.43434 -0.030183
-3.35354 -3.35354 -1.62439e-19
-3.35354 -3.27273 0.0297802
-3.35354 -3.19192 0.0591386
-3.35354 -3.11111 0.0880561
-3.35354 -3.0303 0.116514
-3.35354 -2.94949 0.144493
-3.35354 -2.86869 0.171974
-3.35354 -2.78788 0.198939
-3.35354 -2.70707 0.22537
-3.35354 -2.62626 0.251248
-3.35354 -2.54545 0.276555
-3.35354 -2.46465 0.301273
-3.35354 -2.38384 0.325386
-3.35354 -2.30303 0.348874
-3.35354 -2.22222 0.371723
-3.35354 -2.14141 0.393915
-3.35354 -2.06061 0.415434
-3.35354 -1.9798 0.436264
-3.35354 -1.89899 0.456391
-3.35354 -1.81818 0.475798
-3.35354 -1.73737 0.494473
-3.35354 -1.65657 0.5124
-3.35354 -1.57576 0.529566
-3.35354 -1.49495 0.545958
-3.35354 -1.41414 0.561565
-3.35354 -1.33333 0.576373
-3.35354 -1.25253 0.590373
-3.35354 -1.17172 0.603552
-3.35354 -1.09091 0.615901
-3.35354 -1.0101 0.627411
-3.35354 -0.929293 0.638071
-3.35354 -0.848485 0.647876
-3.35354 -0.767677 0.656815
-3.35354 -0.686869 0.664883
-3.35354 -0.606061 0.672074
-3.35354 -0.525253 0.678381
-3.35354 -0.444444 0.683799
-3.35354 -0.363636 0.688325
-3.35354 -0.282828 0.691955
-3.35354 -0.20202 0.694685
-3.35354 -0.121212 0.696514
-3.35354 -0.040404 0.69744
-3.35354 0.040404 0.697462
-3.35354 0.121212 0.696581
-3.35354 0.20202 0.694796
-3.35354 0.282828 0.692109
-3.35354 0.363636 0.688523
-3.35354 0.444444 0.684039
-3.35354 0.525253 0.678662
-3.35354 0.606061 0.672395
-3.35354 0.686869 0.665243
-3.35354 0.767677 0.657212
-3.35354 0.848485 0.648307
-3.35354 0.929293 0.638536
-3.35354 1.0101 0.627907
-3.35354 1.09091 0.616427
-3.35354 1.17172 0.604105
-3.35354 1.25253 0.59095
-3.35354 1.33333 0.576973
-3.35354 1.41414 0.562184
-3.35354 1.49495 0.546595
-3.35354 1.57576 0.530216
-3.35354 1.65657 0.513062
-3.35354 1.73737 0.495143
-3.35354 1.81818 0.476475
-3.35354 1.89899 0.457071
-3.35354 1.9798 0.436945
-3.35354 2.06061 0.416112
-3.35354 2.14141 0.394588
-3.35354 2.22222 0.372388
-3.35354 2.30303 0.349529
-3.35354 2.38384 0.326027
-3.35354 2.46465 0.301899
-3.35354 2.54545 0.277163
-3.35354 2.62626 0.251835
-3.35354 2.70707 0.225934
-3.35354 2.78788 0.199479
-3.35354 2.86869 0.172486
-3.35354 2.94949 0.144976
-3.35354 3.0303 0.116966
-3.35354 3.11111 0.0884763
-3.35354 3.19192 0.0595249
-3.35354 3.27273 0.0301312
-3.35354 3.35354 0.000314586
-3.35354 3.43434 -0.0299059
-3.35354 3.51515 -0.0605109
-3.35354 3.59596 -0.0914813
-3.35354 3.67677 -0.122798
-3.35354 3.75758 -0.154442
-3.35354 3.83838 -0.186394
-3.35354 3.91919 -0.218635
-3.35354 4 -0.251148
-3.27273 -4 -0.281733
-3.27273 -3.91919 -0.249068
-3.27273 -3.83838 -0.216703
-3.27273 -3.75758 -0.184656
-3.27273 -3.67677 -0.152943
-3.27273 -3.59596 -0.121581
-3.27273 -3.51515 -0.0905885
-3.27273 -3.43434 -0.0599823
-3.27273 -3.35354 -0.0297802
-3.27273 -3.27273 -1.33852e-17
-3.27273 -3.19192 0.0293407
-3.27273 -3.11111 0.058224
-3.27273 -3.0303 0.0866324
-3.27273 -2.94949 0.114548
-3.27273 -2.86869 0.141954
-3.27273 -2.78788 0.168831
-3.27273 -2.70707 0.195164
-3.27273 -2.62626 0.220935
-3.27273 -2.54545 0.246126
-3.27273 -2.46465 0.270722
-3.27273 -2.38384 0.294706
-3.27273 -2.30303 0.318061
-3.27273 -2.22222 0.340772
-3.27273 -2.14141 0.362822
-3.27273 -2.06061 0.384198
-3.27273 -1.9798 0.404883
-3.27273 -1.89899 0.424864
-3.27273 -1.81818 0.444126
-3.27273 -1.73737 0.462656
-3.27273 -1.65657 0.48044
-3.27273 -1.57576 0.497466
-3.27273 -1.49495 0.513721
-3.27273 -1.41414 0.529194
-3.27273 -1.33333 0.543873
-3.27273 -1.25253 0.557748
-3.27273 -1.17172 0.570808
-3.27273 -1.09091 0.583043
-3.27273 -1.0101 0.594446
-3.27273 -0.929293 0.605007
-3.27273 -0.848485 0.614718
-3.27273 -0.767677 0.623572
-3.27273 -0.686869 0.631562
-3.27273 -0.606061 0.638683
-3.27273 -0.525253 0.644929
-3.27273 -0.444444 0.650295
-3.27273 -0.363636 0.654778
-3.27273 -0.282828 0.658373
-3.27273 -0.20202 0.661078
-3.27273 -0.121212 0.662891
-3.27273 -0.040404 0.66381
-3.27273 0.040404 0.663835
-3.27273 0.121212 0.662966
-3.27273 0.20202 0.661202
-3.27273 0.282828 0.658546
-3.27273 0.363636 0.654999
-3.27273 0.444444 0.650564
-3.27273 0.525253 0.645243
-3.27273 0.606061 0.639042
-3.27273 0.686869 0.631964
-3.27273 0.767677 0.624015
-3.27273 0.848485 0.6152
-3.27273 0.929293 0.605526
-3.27273 1.0101 0.595001
-3.27273 1.09091 0.583631
-3.27273 1.17172 0.571425
-3.27273 1.25253 0.558393
-3.27273 1.33333 0.544543
-3.27273 1.41414 0.529886
-3.27273 1.49495 0.514432
-3.27273 1.57576 0.498193
-3.27273 1.65657 0.48118
-3.27273 1.73737 0.463406
-3.27273 1.81818 0.444883
-3.27273 1.89899 0.425625
-3.27273 1.9798 0.405644
-3.27273 2.06061 0.384956
-3.27273 2.14141 0.363575
-3.27273 2.22222 0.341515
-3.27273 2.30303 0.318793
-3.27273 2.38384 0.295423
-3.27273 2.46465 0.271422
-3.27273 2.54545 0.246806
-3.27273 2.62626 0.221591
-3.27273 2.70707 0.195795
-3.27273 2.78788 0.169434
-3.27273 2.86869 0.142526
-3.27273 2.94949 0.115088
-3.27273 3.0303 0.0871383
-3.27273 3.11111 0.0586937
-3.27273 3.19192 0.0297725
-3.27273 3.27273 0.000392435
-3.27273 3.35354 -0.0294285
-3.27273 3.43434 -0.0596724
-3.27273 3.51515 -0.0903215
-3.27273 3.59596 -0.121358
-3.27273 3.67677 -0.152764
-3.27273 3.75758 -0.184521
-3.27273 3.83838 -0.216614
-3.27273 3.91919 -0.249023
-3.27273 4 -0.281733
-3.19192 -4 -0.312033
-3.19192 -3.91919 -0.27916
-3.19192 -3.83838 -0.246615
-3.19192 -3.75758 -0.214415
-3.19192 -3.67677 -0.182576
-3.19192 -3.59596 -0.151112
-3.19192 -3.51515 -0.120041
-3.19192 -3.43434 -0.0893774
-3.19192 -3.35354 -0.0591386
-3.19192 -3.27273 -0.0293407
-3.19192 -3.19192 2.18013e-19
-3.19192 -3.11111 0.0288669
-3.19192 -3.0303 0.0572436
-3.19192 -2.94949 0.0851135
-3.19192 -2.86869 0.11246
-3.19192 -2.78788 0.139268
-3.19192 -2.70707 0.16552
-3.19192 -2.62626 0.1912
-3.19192 -2.54545 0.216293
-3.19192 -2.46465 0.240783
-3.19192 -2.38384 0.264654
-3.19192 -2.30303 0.287892
-3.19192 -2.22222 0.31048
-3.19192 -2.14141 0.332405
-3.19192 -2.06061 0.353652
-3.19192 -1.9798 0.374207
-3.19192 -1.89899 0.394056
-3.19192 -1.81818 0.413186
-3.19192 -1.73737 0.431585
-3.19192 -1.65657 0.449239
-3.19192 -1.57576 0.466136
-3.19192 -1.49495 0.482266
-3.19192 -1.41414 0.497616
-3.19192 -1.33333 0.512176
-3.19192 -1.25253 0.525936
-3.19192 -1.17172 0.538886
-3.19192 -1.09091 0.551018
-3.19192 -1.0101 0.562322
-3.19192 -0.929293 0.57279
-3.19192 -0.848485 0.582415
-3.19192 -0.767677 0.59119
-3.19192 -0.686869 0.599109
-3.19192 -0.606061 0.606166
-3.19192 -0.525253 0.612355
-3.19192 -0.444444 0.617673
-3.19192 -0.363636 0.622115
-3.19192 -0.282828 0.625679
-3.19192 -0.20202 0.628361
-3.19192 -0.121212 0.630159
-3.19192 -0.040404 0.631072
-3.19192 0.040404 0.6311
-3.19192 0.121212 0.630241
-3.19192 0.20202 0.628498
-3.19192 0.282828 0.62587
-3.19192 0.363636 0.622359
-3.19192 0.444444 0.617969
-3.19192 0.525253 0.612702
-3.19192 0.606061 0.606562
-3.19192 0.686869 0.599552
-3.19192 0.767677 0.591679
-3.19192 0.848485 0.582948
-3.19192 0.929293 0.573364
-3.19192 1.0101 0.562934
-3.19192 1.09091 0.551666
-3.19192 1.17172 0.539568
-3.19192 1.25253 0.526648
-3.19192 1.33333 0.512916
-3.19192 1.41414 0.49838
-3.19192 1.49495 0.483051
-3.19192 1.57576 0.466939
-3.19192 1.65657 0.450056
-3.19192 1.73737 0.432412
-3.19192 1.81818 0.414021
-3.19192 1.89899 0.394895
-3.19192 1.9798 0.375046
-3.19192 2.06061 0.354489
-3.19192 2.14141 0.333235
-3.19192 2.22222 0.311301
-3.19192 2.30303 0.288699
-3.19192 2.38384 0.265446
-3.19192 2.46465 0.241555
-3.19192 2.54545 0.217043
-3.19192 2.62626 0.191925
-3.19192 2.70707 0.166216
-3.19192 2.78788 0.139934
-3.19192 2.86869 0.113093
-3.19192 2.94949 0.0857099
-3.19192 3.0303 0.057802
-3.19192 3.11111 0.0293854
-3.19192 3.19192 0.000476691
-3.19192 3.27273 -0.0289074
-3.19192 3.35354 -0.0587503
-3.19192 3.43434 -0.0890354
-3.19192 3.51515 -0.119746
-3.19192 3.59596 -0.150866
-3.19192 3.67677 -0.182378
-3.19192 3.75758 -0.214267
-3.19192 3.83838 -0.246516
-3.19192 3.91919 -0.27911
-3.19192 4 -0.312033
-3.11111 -4 -0.34202
-3.11111 -3.91919 -0.308922
-3.11111 -3.83838 -0.276183
-3.11111 -3.75758 -0.243815
-3.11111 -3.67677 -0.211833
-3.11111 -3.59596 -0.180251
-3.11111 -3.51515 -0.149085
-3.11111 -3.43434 -0.118348
-3.11111 -3.35354 -0.0880561
-3.11111 -3.27273 -0.058224
-3.11111 -3.19192 -0.0288669
-3.11111 -3.11111 6.07191e-18
-3.11111 -3.0303 0.0283614
-3.11111 -2.94949 0.0562021
-3.11111 -2.86869 0.0835067
-3.11111 -2.78788 0.11026
-3.11111 -2.70707 0.136448
-3.11111 -2.62626 0.162054
-3.11111 -2.54545 0.187064
-3.11111 -2.46465 0.211463
-3.11111 -2.38384 0.235237
-3.11111 -2.30303 0.258371
-3.11111 -2.22222 0.280852
-3.11111 -2.14141 0.302665
-3.11111 -2.06061 0.323797
-3.11111 -1.9798 0.344235
-3.11111 -1.89899 0.363966
-3.11111 -1.81818 0.382978
-3.11111 -1.73737 0.401257
-3.11111 -1.65657 0.418793
-3.11111 -1.57576 0.435574
-3.11111 -1.49495 0.451589
-3.11111 -1.41414 0.466827
-3.11111 -1.33333 0.481278
-3.11111 -1.25253 0.494933
-3.11111 -1.17172 0.507783
-3.11111 -1.09091 0.519818
-3.11111 -1.0101 0.531032
-3.11111 -0.929293 0.541415
-3.11111 -0.848485 0.550961
-3.11111 -0.767677 0.559663
-3.11111 -0.686869 0.567516
-3.11111 -0.606061 0.574513
-3.11111 -0.525253 0.580651
-3.11111 -0.444444 0.585924
-3.11111 -0.363636 0.590329
-3.11111 -0.282828 0.593863
-3.11111 -0.20202 0.596524
-3.11111 -0.121212 0.598309
-3.11111 -0.040404 0.599216
-3.11111 0.040404 0.599246
-3.11111 0.121212 0.598399
-3.11111 0.20202 0.596673
-3.11111 0.282828 0.594072
-3.11111 0.363636 0.590596
-3.11111 0.444444 0.586247
-3.11111 0.525253 0.58103
-3.11111 0.606061 0.574946
-3.11111 0.686869 0.568
-3.11111 0.767677 0.560197
-3.11111 0.848485 0.551542
-3.11111 0.929293 0.542041
-3.11111 1.0101 0.5317
-3.11111 1.09091 0.520527
-3.11111 1.17172 0.508528
-3.11111 1.25253 0.495711
-3.11111 1.33333 0.482086
-3.11111 1.41414 0.467661
-3.11111 1.49495 0.452446
-3.11111 1.57576 0.436451
-3.11111 1.65657 0.419685
-3.11111 1.73737 0.402161
-3.11111 1.81818 0.38389
-3.11111 1.89899 0.364883
-3.11111 1.9798 0.345153
-3.11111 2.06061 0.324711
-3.11111 2.14141 0.303572
-3.11111 2.22222 0.281748
-3.11111 2.30303 0.259253
-3.11111 2.38384 0.236101
-3.11111 2.46465 0.212306
-3.11111 2.54545 0.187883
-3.11111 2.62626 0.162845
-3.11111 2.70707 0.137208
-3.11111 2.78788 0.110987
-3.11111 2.86869 0.0841974
-3.11111 2.94949 0.0568536
-3.11111 3.0303 0.0289716
-3.11111 3.11111 0.000566497
-3.11111 3.19192 -0.0283461
-3.11111 3.27273 -0.0577507
-3.11111 3.35354 -0.0876319
-3.11111 3.43434 -0.117974
-3.11111 3.51515 -0.148763
-3.11111 3.59596 -0.179982
-3.11111 3.67677 -0.211617
-3.11111 3.75758 -0.243653
-3.11111 3.83838 -0.276075
-3.11111 3.91919 -0.308868
-3.11111 4 -0.34202
-3.0303 -4 -0.371662
-3.0303 -3.91919 -0.338327
-3.0303 -3.83838 -0.305378
-3.0303 -3.75758 -0.272828
-3.0303 -3.67677 -0.24069
-3.0303 -3.59596 -0.208975
-3.0303 -3.51515 -0.177699
-3.0303 -3.43434 -0.146874
-3.0303 -3.35354 -0.116514
-3.0303 -3.27273 -0.0866324
-3.0303 -3.19192 -0.0572436
-3.0303 -3.11111 -0.0283614
-3.0303 -3.0303 5.60131e-19
-3.0303 -2.94949 0.0278266
-3.0303 -2.86869 0.0551042
-3.0303 -2.78788 0.0818187
-3.0303 -2.70707 0.107956
-3.0303 -2.62626 0.133503
-3.0303 -2.54545 0.158444
-3.0303 -2.46465 0.182767
-3.0303 -2.38384 0.206458
-3.0303 -2.30303 0.229504
-3.0303 -2.22222 0.25189
-3.0303 -2.14141 0.273606
-3.0303 -2.06061 0.294636
-3.0303 -1.9798 0.31497
-3.0303 -1.89899 0.334596
-3.0303 -1.81818 0.3535
-3.0303 -1.73737 0.371673
-3.0303 -1.65657 0.389102
-3.0303 -1.57576 0.405777
-3.0303 -1.49495 0.421687
-3.0303 -1.41414 0.436824
-3.0303 -1.33333 0.451176
-3.0303 -1.25253 0.464735
-3.0303 -1.17172 0.477492
-3.0303 -1.09091 0.48944
-3.0303 -1.0101 0.50057
-3.0303 -0.929293 0.510875
-3.0303 -0.848485 0.520348
-3.0303 -0.767677 0.528984
-3.0303 -0.686869 0.536775
-3.0303 -0.606061 0.543718
-3.0303 -0.525253 0.549808
-3.0303 -0.444444 0.55504
-3.0303 -0.363636 0.559412
-3.0303 -0.282828 0.562919
-3.0303 -0.20202 0.565559
-3.0303 -0.121212 0.567332
-3.0303 -0.040404 0.568235
-3.0303 0.040404 0.568267
-3.0303 0.121212 0.567429
-3.0303 0.20202 0.565721
-3.0303 0.282828 0.563144
-3.0303 0.363636 0.5597
-3.0303 0.444444 0.55539
-3.0303 0.525253 0.550218
-3.0303 0.606061 0.544187
-3.0303 0.686869 0.5373
-3.0303 0.767677 0.529562
-3.0303 0.848485 0.520978
-3.0303 0.929293 0.511553
-3.0303 1.0101 0.501294
-3.0303 1.09091 0.490207
-3.0303 1.17172 0.478299
-3.0303 1.25253 0.465578
-3.0303 1.33333 0.452051
-3.0303 1.41414 0.437727
-3.0303 1.49495 0.422616
-3.0303 1.57576 0.406726
-3.0303 1.65657 0.390068
-3.0303 1.73737 0.372652
-3.0303 1.81818 0.354488
-3.0303 1.89899 0.335589
-3.0303 1.9798 0.315964
-3.0303 2.06061 0.295627
-3.0303 2.14141 0.274588
-3.0303 2.22222 0.252862
-3.0303 2.30303 0.23046
-3.0303 2.38384 0.207395
-3.0303 2.46465 0.183681
-3.0303 2.54545 0.159332
-3.0303 2.62626 0.13436
-3.0303 2.70707 0.10878
-3.0303 2.78788 0.0826063
-3.0303 2.86869 0.0558522
-3.0303 2.94949 0.0285324
-3.0303 3.0303 0.000660932
-3.0303 3.11111 -0.0277477
-3.0303 3.19192 -0.0566794
-3.0303 3.27273 -0.0861196
-3.0303 3.35354 -0.116054
-3.0303 3.43434 -0.146469
-3.0303 3.51515 -0.17735
-3.0303 3.59596 -0.208684
-3.0303 3.67677 -0.240455
-3.0303 3.75758 -0.272652
-3.0303 3.83838 -0.305261
-3.0303 3.91919 -0.338269
-3.0303 4 -0.371662
-2.94949 -4 -0.400931
-2.94949 -3.91919 -0.367346
-2.94949 -3.83838 -0.334175
-2.94949 -3.75758 -0.30143
-2.94949 -3.67677 -0.269122
-2.94949 -3.59596 -0.237262
-2.94949 -3.51515 -0.205862
-2.94949 -3.43434 -0.174935
-2.94949 -3.35354 -0.144493
-2.94949 -3.27273 -0.114548
-2.94949 -3.19192 -0.0851135
-2.94949 -3.11111 -0.0562021
-2.94949 -3.0303 -0.0278266
-2.94949 -2.94949 3.67857e-18
-2.94949 -2.86869 0.0272646
-2.94949 -2.78788 0.0539542
-2.94949 -2.70707 0.0800559
-2.94949 -2.62626 0.105557
-2.94949 -2.54545 0.130444
-2.94949 -2.46465 0.154704
-2.94949 -2.38384 0.178325
-2.94949 -2.30303 0.201295
-2.94949 -2.22222 0.223601
-2.94949 -2.14141 0.24523
-2.94949 -2.06061 0.266172
-2.94949 -1.9798 0.286414
-2.94949 -1.89899 0.305945
-2.94949 -1.81818 0.324754
-2.94949 -1.73737 0.342831
-2.94949 -1.65657 0.360164
-2.94949 -1.57576 0.376743
-2.94949 -1.49495 0.39256
-2.94949 -1.41414 0.407603
-2.94949 -1.33333 0.421865
-2.94949 -1.25253 0.435337
-2.94949 -1.17172 0.44801
-2.94949 -1.09091 0.459878
-2.94949 -1.0101 0.470931
-2.94949 -0.929293 0.481165
-2.94949 -0.848485 0.490571
-2.94949 -0.767677 0.499145
-2.94949 -0.686869 0.506881
-2.94949 -0.606061 0.513775
-2.94949 -0.525253 0.51982
-2.94949 -0.444444 0.525015
-2.94949 -0.363636 0.529355
-2.94949 -0.282828 0.532837
-2.94949 -0.20202 0.53546
-2.94949 -0.121212 0.537221
-2.94949 -0.040404 0.53812
-2.94949 0.040404 0.538155
-2.94949 0.121212 0.537326
-2.94949 0.20202 0.535634
-2.94949 0.282828 0.53308
-2.94949 0.363636 0.529665
-2.94949 0.444444 0.525391
-2.94949 0.525253 0.520261
-2.94949 0.606061 0.514278
-2.94949 0.686869 0.507445
-2.94949 0.767677 0.499767
-2.94949 0.848485 0.491249
-2.94949 0.929293 0.481894
-2.94949 1.0101 0.47171
-2.94949 1.09091 0.460702
-2.94949 1.17172 0.448878
-2.94949 1.25253 0.436243
-2.94949 1.33333 0.422806
-2.94949 1.41414 0.408575
-2.94949 1.49495 0.393558
-2.94949 1.57576 0.377764
-2.94949 1.65657 0.361203
-2.94949 1.73737 0.343884
-2.94949 1.81818 0.325817
-2.94949 1.89899 0.307013
-2.94949 1.9798 0.287483
-2.94949 2.06061 0.267237
-2.94949 2.14141 0.246287
-2.94949 2.22222 0.224645
-2.94949 2.30303 0.202323
-2.94949 2.38384 0.179333
-2.94949 2.46465 0.155687
-2.94949 2.54545 0.131398
-2.94949 2.62626 0.106479
-2.94949 2.70707 0.080942
-2.94949 2.78788 0.0548011
-2.94949 2.86869 0.0280691
-2.94949 2.94949 0.000759029
-2.94949 3.0303 -0.0271158
-2.94949 3.11111 -0.0555421
-2.94949 3.19192 -0.0845068
-2.94949 3.27273 -0.113997
-2.94949 3.35354 -0.143998
-2.94949 3.43434 -0.1745
-2.94949 3.51515 -0.205487
-2.94949 3.59596 -0.236948
-2.94949 3.67677 -0.26887
-2.94949 3.75758 -0.301241
-2.94949 3.83838 -0.334049
-2.94949 3.91919 -0.367283
-2.94949 4 -0.400931
-2.86869 -4 -0.429795
-2.86869 -3.91919 -0.39595
-2.86869 -3.83838 -0.362547
-2.86869 -3.75758 -0.329595
-2.86869 -3.67677 -0.297105
-2.86869 -3.59596 -0.265088
-2.86869 -3.51515 -0.233553
-2.86869 -3.43434 -0.202511
-2.86869 -3.35354 -0.171974
-2.86869 -3.27273 -0.141954
-2.86869 -3.19192 -0.11246
-2.86869 -3.11111 -0.0835067
-2.86869 -3.0303 -0.0551042
-2.86869 -2.94949 -0.0272646
-2.86869 -2.86869 -4.60679e-18
-2.86869 -2.78788 0.0266777
-2.86869 -2.70707 0.0527564
-2.86869 -2.62626 0.0782242
-2.86869 -2.54545 0.103069
-2.86869 -2.46465 0.12728
-2.86869 -2.38384 0.150844
-2.86869 -2.30303 0.17375
-2.86869 -2.22222 0.195987
-2.86869 -2.14141 0.217543
-2.86869 -2.06061 0.238407
-2.86869 -1.9798 0.258568
-2.86869 -1.89899 0.278017
-2.86869 -1.81818 0.296741
-2.86869 -1.73737 0.314732
-2.86869 -1.65657 0.331978
-2.86869 -1.57576 0.348472
-2.86869 -1.49495 0.364203
-2.86869 -1.41414 0.379163
-2.86869 -1.33333 0.393344
-2.86869 -1.25253 0.406736
-2.86869 -1.17172 0.419333
-2.86869 -1.09091 0.431127
-2.86869 -1.0101 0.442111
-2.86869 -0.929293 0.452279
-2.86869 -0.848485 0.461625
-2.86869 -0.767677 0.470143
-2.86869 -0.686869 0.477828
-2.86869 -0.606061 0.484675
-2.86869 -0.525253 0.490681
-2.86869 -0.444444 0.495841
-2.86869 -0.363636 0.500152
-2.86869 -0.282828 0.503612
-2.86869 -0.20202 0.506218
-2.86869 -0.121212 0.507969
-2.86869 -0.040404 0.508864
-2.86869 0.040404 0.508901
-2.86869 0.121212 0.508081
-2.86869 0.20202 0.506404
-2.86869 0.282828 0.503871
-2.86869 0.363636 0.500483
-2.86869 0.444444 0.496243
-2.86869 0.525253 0.491152
-2.86869 0.606061 0.485213
-2.86869 0.686869 0.47843
-2.86869 0.767677 0.470808
-2.86869 0.848485 0.462349
-2.86869 0.929293 0.453059
-2.86869 1.0101 0.442944
-2.86869 1.09091 0.432008
-2.86869 1.17172 0.42026
-2.86869 1.25253 0.407704
-2.86869 1.33333 0.394349
-2.86869 1.41414 0.380202
-2.86869 1.49495 0.36527
-2.86869 1.57576 0.349563
-2.86869 1.65657 0.333089
-2.86869 1.73737 0.315857
-2.86869 1.81818 0.297876
-2.86869 1.89899 0.279157
-2.86869 1.9798 0.25971
-2.86869 2.06061 0.239545
-2.86869 2.14141 0.218672
-2.86869 2.22222 0.197103
-2.86869 2.30303 0.174848
-2.86869 2.38384 0.15192
-2.86869 2.46465 0.12833
-2.86869 2.54545 0.104089
-2.86869 2.62626 0.0792095
-2.86869 2.70707 0.0537034
-2.86869 2.78788 0.0275828
-2.86869 2.86869 0.000859773
-2.86869 2.94949 -0.0264534
-2.86869 3.0303 -0.0543445
-2.86869 3.11111 -0.0828014
-2.86869 3.19192 -0.111812
-2.86869 3.27273 -0.141364
-2.86869 3.35354 -0.171446
-2.86869 3.43434 -0.202046
-2.86869 3.51515 -0.233151
-2.86869 3.59596 -0.264752
-2.86869 3.67677 -0.296836
-2.86869 3.75758 -0.329393
-2.86869 3.83838 -0.362412
-2.86869 3.91919 -0.395883
-2.86869 4 -0.429795
-2.78788 -4 -0.458227
-2.78788 -3.91919 -0.424112
-2.78788 -3.83838 -0.390466
-2.78788 -3.75758 -0.357299
-2.78788 -3.67677 -0.324617
-2.78788 -3.59596 -0.292431
-2.78788 -3.51515 -0.260749
-2.78788 -3.43434 -0.229582
-2.78788 -3.35354 -0.198939
-2.78788 -3.27273 -0.168831
-2.78788 -3.19192 -0.139268
-2.78788 -3.11111 -0.11026
-2.78788 -3.0303 -0.0818187
-2.78788 -2.94949 -0.0539542
-2.78788 -2.86869 -0.0266777
-2.78788 -2.78788 -3.12963e-18
-2.78788 -2.70707 0.0260678
-2.78788 -2.62626 0.0515146
-2.78788 -2.54545 0.0763296
-2.78788 -2.46465 0.100502
-2.78788 -2.38384 0.12402
-2.78788 -2.30303 0.146874
-2.78788 -2.22222 0.169053
-2.78788 -2.14141 0.190547
-2.78788 -2.06061 0.211344
-2.78788 -1.9798 0.231436
-2.78788 -1.89899 0.250811
-2.78788 -1.81818 0.269461
-2.78788 -1.73737 0.287375
-2.78788 -1.65657 0.304546
-2.78788 -1.57576 0.320963
-2.78788 -1.49495 0.336618
-2.78788 -1.41414 0.351502
-2.78788 -1.33333 0.365609
-2.78788 -1.25253 0.378929
-2.78788 -1.17172 0.391457
-2.78788 -1.09091 0.403185
-2.78788 -1.0101 0.414106
-2.78788 -0.929293 0.424214
-2.78788 -0.848485 0.433505
-2.78788 -0.767677 0.441971
-2.78788 -0.686869 0.44961
-2.78788 -0.606061 0.456415
-2.78788 -0.525253 0.462384
-2.78788 -0.444444 0.467512
-2.78788 -0.363636 0.471797
-2.78788 -0.282828 0.475237
-2.78788 -0.20202 0.477828
-2.78788 -0.121212 0.47957
-2.78788 -0.040404 0.480461
-2.78788 0.040404 0.480501
-2.78788 0.121212 0.479689
-2.78788 0.20202 0.478026
-2.78788 0.282828 0.475512
-2.78788 0.363636 0.47215
-2.78788 0.444444 0.467939
-2.78788 0.525253 0.462884
-2.78788 0.606061 0.456987
-2.78788 0.686869 0.45025
-2.78788 0.767677 0.442677
-2.78788 0.848485 0.434274
-2.78788 0.929293 0.425043
-2.78788 1.0101 0.41499
-2.78788 1.09091 0.404121
-2.78788 1.17172 0.392442
-2.78788 1.25253 0.379958
-2.78788 1.33333 0.366677
-2.78788 1.41414 0.352606
-2.78788 1.49495 0.337751
-2.78788 1.57576 0.322122
-2.78788 1.65657 0.305726
-2.78788 1.73737 0.288571
-2.78788 1.81818 0.270668
-2.78788 1.89899 0.252024
-2.78788 1.9798 0.232649
-2.78788 2.06061 0.212553
-2.78788 2.14141 0.191747
-2.78788 2.22222 0.17024
-2.78788 2.30303 0.148042
-2.78788 2.38384 0.125164
-2.78788 2.46465 0.101618
-2.78788 2.54545 0.0774134
-2.78788 2.62626 0.0525619
-2.78788 2.70707 0.0270744
-2.78788 2.78788 0.000962118
-2.78788 2.86869 -0.0257637
-2.78788 2.94949 -0.0530919
-2.78788 3.0303 -0.0810112
-2.78788 3.11111 -0.10951
-2.78788 3.19192 -0.138579
-2.78788 3.27273 -0.168205
-2.78788 3.35354 -0.198378
-2.78788 3.43434 -0.229087
-2.78788 3.51515 -0.260323
-2.78788 3.59596 -0.292074
-2.78788 3.67677 -0.324331
-2.78788 3.75758 -0.357084
-2.78788 3.83838 -0.390323
-2.78788 3.91919 -0.42404
-2.78788 4 -0.458227
-2.70707 -4 -0.486197
-2.70707 -3.91919 -0.451805
-2.70707 -3.83838 -0.417909
-2.70707 -3.75758 -0.384516
-2.70707 -3.67677 -0.351633
-2.70707 -3.59596 -0.319269
-2.70707 -3.51515 -0.287432
-2.70707 -3.43434 -0.256129
-2.70707 -3.35354 -0.22537
-2.70707 -3.27273 -0.195164
-2.70707 -3.19192 -0.16552
-2.70707 -3.11111 -0.136448
-2.70707 -3.0303 -0.107956
-2.70707 -2.94949 -0.0800559
-2.70707 -2.86869 -0.0527564
-2.70707 -2.78788 -0.0260678
-2.70707 -2.70707 -2.13735e-18
-2.70707 -2.62626 0.0254368
-2.70707 -2.54545 0.0502326
-2.70707 -2.46465 0.0743773
-2.70707 -2.38384 0.0978609
-2.70707 -2.30303 0.120673
-2.70707 -2.22222 0.142805
-2.70707 -2.14141 0.164246
-2.70707 -2.06061 0.184987
-2.70707 -1.9798 0.205018
-2.70707 -1.89899 0.224331
-2.70707 -1.81818 0.242915
-2.70707 -1.73737 0.260763
-2.70707 -1.65657 0.277865
-2.70707 -1.57576 0.294214
-2.70707 -1.49495 0.309801
-2.70707 -1.41414 0.324618
-2.70707 -1.33333 0.338658
-2.70707 -1.25253 0.351914
-2.70707 -1.17172 0.364379
-2.70707 -1.09091 0.376047
-2.70707 -1.0101 0.386911
-2.70707 -0.929293 0.396965
-2.70707 -0.848485 0.406205
-2.70707 -0.767677 0.414625
-2.70707 -0.686869 0.422221
-2.70707 -0.606061 0.428989
-2.70707 -0.525253 0.434924
-2.70707 -0.444444 0.440024
-2.70707 -0.363636 0.444285
-2.70707 -0.282828 0.447706
-2.70707 -0.20202 0.450283
-2.70707 -0.121212 0.452017
-2.70707 -0.040404 0.452905
-2.70707 0.040404 0.452947
-2.70707 0.121212 0.452143
-2.70707 0.20202 0.450492
-2.70707 0.282828 0.447997
-2.70707 0.363636 0.444657
-2.70707 0.444444 0.440476
-2.70707 0.525253 0.435453
-2.70707 0.606061 0.429593
-2.70707 0.686869 0.422898
-2.70707 0.767677 0.415372
-2.70707 0.848485 0.407019
-2.70707 0.929293 0.397842
-2.70707 1.0101 0.387846
-2.70707 1.09091 0.377038
-2.70707 1.17172 0.365421
-2.70707 1.25253 0.353002
-2.70707 1.33333 0.339788
-2.70707 1.41414 0.325785
-2.70707 1.49495 0.311
-2.70707 1.57576 0.29544
-2.70707 1.65657 0.279114
-2.70707 1.73737 0.262028
-2.70707 1.81818 0.244192
-2.70707 1.89899 0.225613
-2.70707 1.9798 0.206302
-2.70707 2.06061 0.186266
-2.70707 2.14141 0.165516
-2.70707 2.22222 0.14406
-2.70707 2.30303 0.121909
-2.70707 2.38384 0.0990713
-2.70707 2.46465 0.0755581
-2.70707 2.54545 0.0513792
-2.70707 2.62626 0.0265448
-2.70707 2.70707 0.00106499
-2.70707 2.78788 -0.0250498
-2.70707 2.86869 -0.0517894
-2.70707 2.94949 -0.0791435
-2.70707 3.0303 -0.107102
-2.70707 3.11111 -0.135654
-2.70707 3.19192 -0.164791
-2.70707 3.27273 -0.194501
-2.70707 3.35354 -0.224776
-2.70707 3.43434 -0.255605
-2.70707 3.51515 -0.28698
-2.70707 3.59596 -0.318892
-2.70707 3.67677 -0.351331
-2.70707 3.75758 -0.384288
-2.70707 3.83838 -0.417757
-2.70707 3.91919 -0.451729
-2.70707 4 -0.486197
-2.62626 -4 -0.513677
-2.62626 -3.91919 -0.479001
-2.62626 -3.83838 -0.444848
-2.62626 -3.75758 -0.411222
-2.62626 -3.67677 -0.378131
-2.62626 -3.59596 -0.345581
-2.62626 -3.51515 -0.313579
-2.62626 -3.43434 -0.282132
-2.62626 -3.35354 -0.251248
-2.62626 -3.27273 -0.220935
-2.62626 -3.19192 -0.1912
-2.62626 -3.11111 -0.162054
-2.62626 -3.0303 -0.133503
-2.62626 -2.94949 -0.105557
-2.62626 -2.86869 -0.0782242
-2.62626 -2.78788 -0.0515146
-2.62626 -2.70707 -0.0254368
-2.62626 -2.62626 -1.50793e-17
-2.62626 -2.54545 0.0247866
-2.62626 -2.46465 0.0489138
-2.62626 -2.38384 0.0723724
-2.62626 -2.30303 0.0951533
-2.62626 -2.22222 0.117247
-2.62626 -2.14141 0.138646
-2.62626 -2.06061 0.159339
-2.62626 -1.9798 0.17932
-2.62626 -1.89899 0.198578
-2.62626 -1.81818 0.217106
-2.62626 -1.73737 0.234895
-2.62626 -1.65657 0.251938
-2.62626 -1.57576 0.268226
-2.62626 -1.49495 0.283753
-2.62626 -1.41414 0.29851
-2.62626 -1.33333 0.312491
-2.62626 -1.25253 0.325689
-2.62626 -1.17172 0.338098
-2.62626 -1.09091 0.349711
-2.62626 -1.0101 0.360523
-2.62626 -0.929293 0.370529
-2.62626 -0.848485 0.379723
-2.62626 -0.767677 0.388101
-2.62626 -0.686869 0.395658
-2.62626 -0.606061 0.402391
-2.62626 -0.525253 0.408296
-2.62626 -0.444444 0.41337
-2.62626 -0.363636 0.41761
-2.62626 -0.282828 0.421013
-2.62626 -0.20202 0.423579
-2.62626 -0.121212 0.425305
-2.62626 -0.040404 0.42619
-2.62626 0.040404 0.426235
-2.62626 0.121212 0.425437
-2.62626 0.20202 0.423799
-2.62626 0.282828 0.42132
-2.62626 0.363636 0.418002
-2.62626 0.444444 0.413846
-2.62626 0.525253 0.408854
-2.62626 0.606061 0.403028
-2.62626 0.686869 0.396372
-2.62626 0.767677 0.388888
-2.62626 0.848485 0.38058
-2.62626 0.929293 0.371452
-2.62626 1.0101 0.361509
-2.62626 1.09091 0.350755
-2.62626 1.17172 0.339195
-2.62626 1.25253 0.326835
-2.62626 1.33333 0.313681
-2.62626 1.41414 0.299739
-2.62626 1.49495 0.285016
-2.62626 1.57576 0.269518
-2.62626 1.65657 0.253253
-2.62626 1.73737 0.236228
-2.62626 1.81818 0.218451
-2.62626 1.89899 0.199929
-2.62626 1.9798 0.180672
-2.62626 2.06061 0.160687
-2.62626 2.14141 0.139983
-2.62626 2.22222 0.118569
-2.62626 2.30303 0.0964545
-2.62626 2.38384 0.0736476
-2.62626 2.46465 0.0501578
-2.62626 2.54545 0.0259946
-2.62626 2.62626 0.00116731
-2.62626 2.70707 -0.0243148
-2.62626 2.78788 -0.0504421
-2.62626 2.86869 -0.0772054
-2.62626 2.94949 -0.104595
-2.62626 3.0303 -0.132602
-2.62626 3.11111 -0.161218
-2.62626 3.19192 -0.190432
-2.62626 3.27273 -0.220236
-2.62626 3.35354 -0.250622
-2.62626 3.43434 -0.28158
-2.62626 3.51515 -0.313104
-2.62626 3.59596 -0.345183
-2.62626 3.67677 -0.377812
-2.62626 3.75758 -0.410983
-2.62626 3.83838 -0.444688
-2.62626 3.91919 -0.478922
-2.62626 4 -0.513677
-2.54545 -4 -0.540641
-2.54545 -3.91919 -0.505676
-2.54545 -3.83838 -0.471259
-2.54545 -3.75758 -0.437395
-2.54545 -3.67677 -0.404088
-2.54545 -3.59596 -0.371345
-2.54545 -3.51515 -0.339171
-2.54545 -3.43434 -0.307572
-2.54545 -3.35354 -0.276555
-2.54545 -3.27273 -0.246126
-2.54545 -3.19192 -0.216293
-2.54545 -3.11111 -0.187064
-2.54545 -3.0303 -0.158444
-2.54545 -2.94949 -0.130444
-2.54545 -2.86869 -0.103069
-2.54545 -2.78788 -0.0763296
-2.54545 -2.70707 -0.0502326
-2.54545 -2.62626 -0.0247866
-2.54545 -2.54545 -1.86799e-17
-2.54545 -2.46465 0.0241188
-2.54545 -2.38384 0.0475616
-2.54545 -2.30303 0.0703198
-2.54545 -2.22222 0.0923852
-2.54545 -2.14141 0.11375
-2.54545 -2.06061 0.134405
-2.54545 -1.9798 0.154342
-2.54545 -1.89899 0.173555
-2.54545 -1.81818 0.192034
-2.54545 -1.73737 0.209773
-2.54545 -1.65657 0.226764
-2.54545 -1.57576 0.243
-2.54545 -1.49495 0.258473
-2.54545 -1.41414 0.273177
-2.54545 -1.33333 0.287105
-2.54545 -1.25253 0.300251
-2.54545 -1.17172 0.31261
-2.54545 -1.09091 0.324174
-2.54545 -1.0101 0.33494
-2.54545 -0.929293 0.344902
-2.54545 -0.848485 0.354055
-2.54545 -0.767677 0.362395
-2.54545 -0.686869 0.369917
-2.54545 -0.606061 0.376619
-2.54545 -0.525253 0.382496
-2.54545 -0.444444 0.387546
-2.54545 -0.363636 0.391767
-2.54545 -0.282828 0.395155
-2.54545 -0.20202 0.39771
-2.54545 -0.121212 0.399429
-2.54545 -0.040404 0.400312
-2.54545 0.040404 0.400359
-2.54545 0.121212 0.399568
-2.54545 0.20202 0.397941
-2.54545 0.282828 0.395477
-2.54545 0.363636 0.392178
-2.54545 0.444444 0.388046
-2.54545 0.525253 0.383081
-2.54545 0.606061 0.377287
-2.54545 0.686869 0.370666
-2.54545 0.767677 0.36322
-2.54545 0.848485 0.354954
-2.54545 0.929293 0.345871
-2.54545 1.0101 0.335974
-2.54545 1.09091 0.325269
-2.54545 1.17172 0.313761
-2.54545 1.25253 0.301454
-2.54545 1.33333 0.288354
-2.54545 1.41414 0.274467
-2.54545 1.49495 0.259798
-2.54545 1.57576 0.244355
-2.54545 1.65657 0.228144
-2.54545 1.73737 0.211172
-2.54545 1.81818 0.193446
-2.54545 1.89899 0.174973
-2.54545 1.9798 0.155761
-2.54545 2.06061 0.135819
-2.54545 2.14141 0.115153
-2.54545 2.22222 0.0937727
-2.54545 2.30303 0.0716855
-2.54545 2.38384 0.0488999
-2.54545 2.46465 0.0254246
-2.54545 2.54545 0.00126798
-2.54545 2.62626 -0.0235614
-2.54545 2.70707 -0.0490548
-2.54545 2.78788 -0.0752038
-2.54545 2.86869 -0.102
-2.54545 2.94949 -0.129434
-2.54545 3.0303 -0.157499
-2.54545 3.11111 -0.186186
-2.54545 3.19192 -0.215486
-2.54545 3.27273 -0.245393
-2.54545 3.35354 -0.275898
-2.54545 3.43434 -0.306993
-2.54545 3.51515 -0.338672
-2.54545 3.59596 -0.370928
-2.54545 3.67677 -0.403753
-2.54545 3.75758 -0.437143
-2.54545 3.83838 -0.471091
-2.54545 3.91919 -0.505592
-2.54545 4 -0.540641
-2.46465 -4 -0.56706
-2.46465 -3.91919 -0.531801
-2.46465 -3.83838 -0.497117
-2.46465 -3.75758 -0.463009
-2.46465 -3.67677 -0.429482
-2.46465 -3.59596 -0.39654
-2.46465 -3.51515 -0.364188
-2.46465 -3.43434 -0.332431
-2.46465 -3.35354 -0.301273
-2.46465 -3.27273 -0.270722
-2.46465 -3.19192 -0.240783
-2.46465 -3.11111 -0.211463
-2.46465 -3.0303 -0.182767
-2.46465 -2.94949 -0.154704
-2.46465 -2.86869 -0.12728
-2.46465 -2.78788 -0.100502
-2.46465 -2.70707 -0.0743773
-2.46465 -2.62626 -0.0489138
-2.46465 -2.54545 -0.0241188
-2.46465 -2.46465 -2.35457e-17
-2.46465 -2.38384 0.0234351
-2.46465 -2.30303 0.046179
-2.46465 -2.22222 0.0682239
-2.46465 -2.14141 0.0895624
-2.46465 -2.06061 0.110187
-2.46465 -1.9798 0.13009
-2.46465 -1.89899 0.149265
-2.46465 -1.81818 0.167703
-2.46465 -1.73737 0.185399
-2.46465 -1.65657 0.202345
-2.46465 -1.57576 0.218534
-2.46465 -1.49495 0.233961
-2.46465 -1.41414 0.248618
-2.46465 -1.33333 0.262499
-2.46465 -1.25253 0.2756
-2.46465 -1.17172 0.287913
-2.46465 -1.09091 0.299435
-2.46465 -1.0101 0.310159
-2.46465 -0.929293 0.320081
-2.46465 -0.848485 0.329197
-2.46465 -0.767677 0.337503
-2.46465 -0.686869 0.344994
-2.46465 -0.606061 0.351668
-2.46465 -0.525253 0.35752
-2.46465 -0.444444 0.362549
-2.46465 -0.363636 0.366752
-2.46465 -0.282828 0.370126
-2.46465 -0.20202 0.372671
-2.46465 -0.121212 0.374384
-2.46465 -0.040404 0.375266
-2.46465 0.040404 0.375314
-2.46465 0.121212 0.37453
-2.46465 0.20202 0.372913
-2.46465 0.282828 0.370463
-2.46465 0.363636 0.367182
-2.46465 0.444444 0.363071
-2.46465 0.525253 0.358132
-2.46465 0.606061 0.352366
-2.46465 0.686869 0.345777
-2.46465 0.767677 0.338366
-2.46465 0.848485 0.330138
-2.46465 0.929293 0.321094
-2.46465 1.0101 0.31124
-2.46465 1.09091 0.30058
-2.46465 1.17172 0.289117
-2.46465 1.25253 0.276858
-2.46465 1.33333 0.263806
-2.46465 1.41414 0.249967
-2.46465 1.49495 0.235347
-2.46465 1.57576 0.219952
-2.46465 1.65657 0.203788
-2.46465 1.73737 0.186862
-2.46465 1.81818 0.169179
-2.46465 1.89899 0.150748
-2.46465 1.9798 0.131574
-2.46465 2.06061 0.111666
-2.46465 2.14141 0.0910307
-2.46465 2.22222 0.0696753
-2.46465 2.30303 0.0476075
-2.46465 2.38384 0.0248352
-2.46465 2.46465 0.00136592
-2.46465 2.54545 -0.0227924
-2.46465 2.62626 -0.047632
-2.46465 2.70707 -0.0731452
-2.46465 2.78788 -0.099324
-2.46465 2.86869 -0.126161
-2.46465 2.94949 -0.153648
-2.46465 3.0303 -0.181779
-2.46465 3.11111 -0.210545
-2.46465 3.19192 -0.239939
-2.46465 3.27273 -0.269955
-2.46465 3.35354 -0.300585
-2.46465 3.43434 -0.331824
-2.46465 3.51515 -0.363666
-2.46465 3.59596 -0.396103
-2.46465 3.67677 -0.429132
-2.46465 3.75758 -0.462746
-2.46465 3.83838 -0.496941
-2.46465 3.91919 -0.531714
-2.46465 4 -0.56706
-2.38384 -4 -0.592908
-2.38384 -3.91919 -0.557354
-2.38384 -3.83838 -0.522398
-2.38384 -3.75758 -0.488043
-2.38384 -3.67677 -0.454291
-2.38384 -3.59596 -0.421145
-2.38384 -3.51515 -0.38861
-2.38384 -3.43434 -0.356689
-2.38384 -3.35354 -0.325386
-2.38384 -3.27273 -0.294706
-2.38384 -3.19192 -0.264654
-2.38384 -3.11111 -0.235237
-2.38384 -3.0303 -0.206458
-2.38384 -2.94949 -0.178325
-2.38384 -2.86869 -0.150844
-2.38384 -2.78788 -0.12402
-2.38384 -2.70707 -0.0978609
-2.38384 -2.62626 -0.0723724
-2.38384 -2.54545 -0.0475616
-2.38384 -2.46465 -0.0234351
-2.38384 -2.38384 -1.78992e-17
-2.38384 -2.30303 0.022737
-2.38384 -2.22222 0.044769
-2.38384 -2.14141 0.066089
-2.38384 -2.06061 0.0866903
-2.38384 -1.9798 0.106566
-2.38384 -1.89899 0.12571
-2.38384 -1.81818 0.144114
-2.38384 -1.73737 0.161774
-2.38384 -1.65657 0.178681
-2.38384 -1.57576 0.194831
-2.38384 -1.49495 0.210217
-2.38384 -1.41414 0.224833
-2.38384 -1.33333 0.238674
-2.38384 -1.25253 0.251734
-2.38384 -1.17172 0.264008
-2.38384 -1.09091 0.27549
-2.38384 -1.0101 0.286178
-2.38384 -0.929293 0.296065
-2.38384 -0.848485 0.305148
-2.38384 -0.767677 0.313422
-2.38384 -0.686869 0.320886
-2.38384 -0.606061 0.327534
-2.38384 -0.525253 0.333364
-2.38384 -0.444444 0.338374
-2.38384 -0.363636 0.342561
-2.38384 -0.282828 0.345923
-2.38384 -0.20202 0.348459
-2.38384 -0.121212 0.350167
-2.38384 -0.040404 0.351047
-2.38384 0.040404 0.351098
-2.38384 0.121212 0.350319
-2.38384 0.20202 0.348711
-2.38384 0.282828 0.346274
-2.38384 0.363636 0.34301
-2.38384 0.444444 0.338918
-2.38384 0.525253 0.334002
-2.38384 0.606061 0.328262
-2.38384 0.686869 0.321702
-2.38384 0.767677 0.314323
-2.38384 0.848485 0.306128
-2.38384 0.929293 0.297121
-2.38384 1.0101 0.287305
-2.38384 1.09091 0.276684
-2.38384 1.17172 0.265263
-2.38384 1.25253 0.253045
-2.38384 1.33333 0.240036
-2.38384 1.41414 0.22624
-2.38384 1.49495 0.211662
-2.38384 1.57576 0.196309
-2.38384 1.65657 0.180186
-2.38384 1.73737 0.163299
-2.38384 1.81818 0.145653
-2.38384 1.89899 0.127256
-2.38384 1.9798 0.108114
-2.38384 2.06061 0.0882329
-2.38384 2.14141 0.0676202
-2.38384 2.22222 0.0462825
-2.38384 2.30303 0.0242268
-2.38384 2.38384 0.00146007
-2.38384 2.46465 -0.0220106
-2.38384 2.54545 -0.0461782
-2.38384 2.62626 -0.0710356
-2.38384 2.70707 -0.0965758
-2.38384 2.78788 -0.122792
-2.38384 2.86869 -0.149677
-2.38384 2.94949 -0.177224
-2.38384 3.0303 -0.205427
-2.38384 3.11111 -0.234279
-2.38384 3.19192 -0.263774
-2.38384 3.27273 -0.293905
-2.38384 3.35354 -0.324668
-2.38384 3.43434 -0.356056
-2.38384 3.51515 -0.388065
-2.38384 3.59596 -0.420689
-2.38384 3.67677 -0.453925
-2.38384 3.75758 -0.487768
-2.38384 3.83838 -0.522215
-2.38384 3.91919 -0.557262
-2.38384 4 -0.592908
-2.30303 -4 -0.618159
-2.30303 -3.91919 -0.582307
-2.30303 -3.83838 -0.547078
-2.30303 -3.75758 -0.512473
-2.30303 -3.67677 -0.478493
-2.30303 -3.59596 -0.445141
-2.30303 -3.51515 -0.412418
-2.30303 -3.43434 -0.380328
-2.30303 -3.35354 -0.348874
-2.30303 -3.27273 -0.318061
-2.30303 -3.19192 -0.287892
-2.30303 -3.11111 -0.258371
-2.30303 -3.0303 -0.229504
-2.30303 -2.94949 -0.201295
-2.30303 -2.86869 -0.17375
-2.30303 -2.78788 -0.146874
-2.30303 -2.70707 -0.120673
-2.30303 -2.62626 -0.0951533
-2.30303 -2.54545 -0.0703198
-2.30303 -2.46465 -0.046179
-2.30303 -2.38384 -0.022737
-2.30303 -2.30303 -6.47062e-18
-2.30303 -2.22222 0.0220258
-2.30303 -2.14141 0.0433342
-2.30303 -2.06061 0.0639189
-2.30303 -1.9798 0.0837739
-2.30303 -1.89899 0.102893
-2.30303 -1.81818 0.12127
-2.30303 -1.73737 0.138899
-2.30303 -1.65657 0.155775
-2.30303 -1.57576 0.171891
-2.30303 -1.49495 0.187242
-2.30303 -1.41414 0.201823
-2.30303 -1.33333 0.215628
-2.30303 -1.25253 0.228652
-2.30303 -1.17172 0.240891
-2.30303 -1.09091 0.25234
-2.30303 -1.0101 0.262994
-2.30303 -0.929293 0.27285
-2.30303 -0.848485 0.281904
-2.30303 -0.767677 0.290151
-2.30303 -0.686869 0.297589
-2.30303 -0.606061 0.304214
-2.30303 -0.525253 0.310025
-2.30303 -0.444444 0.315018
-2.30303 -0.363636 0.31919
-2.30303 -0.282828 0.322542
-2.30303 -0.20202 0.32507
-2.30303 -0.121212 0.326773
-2.30303 -0.040404 0.327652
-2.30303 0.040404 0.327705
-2.30303 0.121212 0.326931
-2.30303 0.20202 0.325332
-2.30303 0.282828 0.322907
-2.30303 0.363636 0.319657
-2.30303 0.444444 0.315584
-2.30303 0.525253 0.310688
-2.30303 0.606061 0.304972
-2.30303 0.686869 0.298437
-2.30303 0.767677 0.291087
-2.30303 0.848485 0.282923
-2.30303 0.929293 0.273948
-2.30303 1.0101 0.264166
-2.30303 1.09091 0.253581
-2.30303 1.17172 0.242196
-2.30303 1.25253 0.230016
-2.30303 1.33333 0.217044
-2.30303 1.41414 0.203285
-2.30303 1.49495 0.188745
-2.30303 1.57576 0.173428
-2.30303 1.65657 0.15734
-2.30303 1.73737 0.140485
-2.30303 1.81818 0.122871
-2.30303 1.89899 0.104501
-2.30303 1.9798 0.0853835
-2.30303 2.06061 0.0655232
-2.30303 2.14141 0.0449266
-2.30303 2.22222 0.0235998
-2.30303 2.30303 0.00154937
-2.30303 2.38384 -0.0212185
-2.30303 2.46465 -0.0446974
-2.30303 2.54545 -0.068881
-2.30303 2.62626 -0.0937629
-2.30303 2.70707 -0.119337
-2.30303 2.78788 -0.145597
-2.30303 2.86869 -0.172536
-2.30303 2.94949 -0.20015
-2.30303 3.0303 -0.228431
-2.30303 3.11111 -0.257375
-2.30303 3.19192 -0.286975
-2.30303 3.27273 -0.317228
-2.30303 3.35354 -0.348128
-2.30303 3.43434 -0.37967
-2.30303 3.51515 -0.411851
-2.30303 3.59596 -0.444666
-2.30303 3.67677 -0.478112
-2.30303 3.75758 -0.512187
-2.30303 3.83838 -0.546888
-2.30303 3.91919 -0.582212
-2.30303 4 -0.618159
-2.22222 -4 -0.642788
-2.22222 -3.91919 -0.606638
-2.22222 -3.83838 -0.571135
-2.22222 -3.75758 -0.536278
-2.22222 -3.67677 -0.502068
-2.22222 -3.59596 -0.468506
-2.22222 -3.51515 -0.435593
-2.22222 -3.43434 -0.403331
-2.22222 -3.35354 -0.371723
-2.22222 -3.27273 -0.340772
-2.22222 -3.19192 -0.31048
-2.22222 -3.11111 -0.280852
-2.22222 -3.0303 -0.25189
-2.22222 -2.94949 -0.223601
-2.22222 -2.86869 -0.195987
-2.22222 -2.78788 -0.169053
-2.22222 -2.70707 -0.142805
-2.22222 -2.62626 -0.117247
-2.22222 -2.54545 -0.0923852
-2.22222 -2.46465 -0.0682239
-2.22222 -2.38384 -0.044769
-2.22222 -2.30303 -0.0220258
-2.22222 -2.22222 -1.00904e-17
-2.22222 -2.14141 0.0213029
-2.22222 -2.06061 0.0418772
-2.22222 -1.9798 0.0617174
-2.22222 -1.89899 0.0808179
-2.22222 -1.81818 0.0991733
-2.22222 -1.73737 0.116778
-2.22222 -1.65657 0.133627
-2.22222 -1.57576 0.149715
-2.22222 -1.49495 0.165036
-2.22222 -1.41414 0.179586
-2.22222 -1.33333 0.193361
-2.22222 -1.25253 0.206354
-2.22222 -1.17172 0.218563
-2.22222 -1.09091 0.229982
-2.22222 -1.0101 0.240607
-2.22222 -0.929293 0.250435
-2.22222 -0.848485 0.259463
-2.22222 -0.767677 0.267686
-2.22222 -0.686869 0.275101
-2.22222 -0.606061 0.281707
-2.22222 -0.525253 0.2875
-2.22222 -0.444444 0.292477
-2.22222 -0.363636 0.296637
-2.22222 -0.282828 0.299979
-2.22222 -0.20202 0.3025
-2.22222 -0.121212 0.3042
-2.22222 -0.040404 0.305077
-2.22222 0.040404 0.305132
-2.22222 0.121212 0.304363
-2.22222 0.20202 0.302772
-2.22222 0.282828 0.300358
-2.22222 0.363636 0.297121
-2.22222 0.444444 0.293064
-2.22222 0.525253 0.288187
-2.22222 0.606061 0.282493
-2.22222 0.686869 0.275981
-2.22222 0.767677 0.268656
-2.22222 0.848485 0.26052
-2.22222 0.929293 0.251574
-2.22222 1.0101 0.241823
-2.22222 1.09091 0.231269
-2.22222 1.17172 0.219916
-2.22222 1.25253 0.207769
-2.22222 1.33333 0.19483
-2.22222 1.41414 0.181104
-2.22222 1.49495 0.166595
-2.22222 1.57576 0.151309
-2.22222 1.65657 0.13525
-2.22222 1.73737 0.118423
-2.22222 1.81818 0.100833
-2.22222 1.89899 0.0824862
-2.22222 1.9798 0.063387
-2.22222 2.06061 0.0435413
-2.22222 2.14141 0.0229547
-2.22222 2.22222 0.00163282
-2.22222 2.30303 -0.0204185
-2.22222 2.38384 -0.0431937
-2.22222 2.46465 -0.0666869
-2.22222 2.54545 -0.0908926
-2.22222 2.62626 -0.115805
-2.22222 2.70707 -0.141418
-2.22222 2.78788 -0.167728
-2.22222 2.86869 -0.194727
-2.22222 2.94949 -0.222412
-2.22222 3.0303 -0.250777
-2.22222 3.11111 -0.279818
-2.22222 3.19192 -0.309529
-2.22222 3.27273 -0.339907
-2.22222 3.35354 -0.370948
-2.22222 3.43434 -0.402648
-2.22222 3.51515 -0.435004
-2.22222 3.59596 -0.468013
-2.22222 3.67677 -0.501673
-2.22222 3.75758 -0.535981
-2.22222 3.83838 -0.570937
-2.22222 3.91919 -0.606539
-2.22222 4 -0.642788
-2.14141 -4 -0.666769
-2.14141 -3.91919 -0.630322
-2.14141 -3.83838 -0.594545
-2.14141 -3.75758 -0.559436
-2.14141 -3.67677 -0.524995
-2.14141 -3.59596 -0.491221
-2.14141 -3.51515 -0.458116
-2.14141 -3.43434 -0.42568
-2.14141 -3.35354 -0.393915
-2.14141 -3.27273 -0.362822
-2.14141 -3.19192 -0.332405
-2.14141 -3.11111 -0.302665
-2.14141 -3.0303 -0.273606
-2.14141 -2.94949 -0.24523
-2.14141 -2.86869 -0.217543
-2.14141 -2.78788 -0.190547
-2.14141 -2.70707 -0.164246
-2.14141 -2.62626 -0.138646
-2.14141 -2.54545 -0.11375
-2.14141 -2.46465 -0.0895624
-2.14141 -2.38384 -0.066089
-2.14141 -2.30303 -0.0433342
-2.14141 -2.22222 -0.0213029
-2.14141 -2.14141 -1.77904e-17
-2.14141 -2.06061 0.0205694
-2.14141 -1.9798 0.0404003
-2.14141 -1.89899 0.0594877
-2.14141 -1.81818 0.0778267
-2.14141 -1.73737 0.0954123
-2.14141 -1.65657 0.11224
-2.14141 -1.57576 0.128304
-2.14141 -1.49495 0.143601
-2.14141 -1.41414 0.158125
-2.14141 -1.33333 0.171873
-2.14141 -1.25253 0.18484
-2.14141 -1.17172 0.197022
-2.14141 -1.09091 0.208415
-2.14141 -1.0101 0.219015
-2.14141 -0.929293 0.228819
-2.14141 -0.848485 0.237823
-2.14141 -0.767677 0.246025
-2.14141 -0.686869 0.253421
-2.14141 -0.606061 0.260009
-2.14141 -0.525253 0.265786
-2.14141 -0.444444 0.27075
-2.14141 -0.363636 0.274899
-2.14141 -0.282828 0.278232
-2.14141 -0.20202 0.280747
-2.14141 -0.121212 0.282443
-2.14141 -0.040404 0.28332
-2.14141 0.040404 0.283377
-2.14141 0.121212 0.282613
-2.14141 0.20202 0.281028
-2.14141 0.282828 0.278624
-2.14141 0.363636 0.2754
-2.14141 0.444444 0.271357
-2.14141 0.525253 0.266497
-2.14141 0.606061 0.260822
-2.14141 0.686869 0.254332
-2.14141 0.767677 0.247029
-2.14141 0.848485 0.238917
-2.14141 0.929293 0.229997
-2.14141 1.0101 0.220273
-2.14141 1.09091 0.209747
-2.14141 1.17172 0.198423
-2.14141 1.25253 0.186304
-2.14141 1.33333 0.173393
-2.14141 1.41414 0.159695
-2.14141 1.49495 0.145214
-2.14141 1.57576 0.129954
-2.14141 1.65657 0.113919
-2.14141 1.73737 0.0971145
-2.14141 1.81818 0.0795446
-2.14141 1.89899 0.0612141
-2.14141 1.9798 0.0421281
-2.14141 2.06061 0.0222915
-2.14141 2.14141 0.00170945
-2.14141 2.22222 -0.019613
-2.14141 2.30303 -0.0416708
-2.14141 2.38384 -0.0644587
-2.14141 2.46465 -0.0879716
-2.14141 2.54545 -0.112205
-2.14141 2.62626 -0.137153
-2.14141 2.70707 -0.162811
-2.14141 2.78788 -0.189175
-2.14141 2.86869 -0.216239
-2.14141 2.94949 -0.244
-2.14141 3.0303 -0.272453
-2.14141 3.11111 -0.301595
-2.14141 3.19192 -0.331421
-2.14141 3.27273 -0.361928
-2.14141 3.35354 -0.393113
-2.14141 3.43434 -0.424973
-2.14141 3.51515 -0.457507
-2.14141 3.59596 -0.490711
-2.14141 3.67677 -0.524586
-2.14141 3.75758 -0.559129
-2.14141 3.83838 -0.59434
-2.14141 3.91919 -0.63022
-2.14141 4 -0.666769
-2.06061 -4 -0.690079
-2.06061 -3.91919 -0.653337
-2.06061 -3.83838 -0.617287
-2.06061 -3.75758 -0.581926
-2.06061 -3.67677 -0.547254
-2.06061 -3.59596 -0.513269
-2.06061 -3.51515 -0.47997
-2.06061 -3.43434 -0.447358
-2.06061 -3.35354 -0.415434
-2.06061 -3.27273 -0.384198
-2.06061 -3.19192 -0.353652
-2.06061 -3.11111 -0.323797
-2.06061 -3.0303 -0.294636
-2.06061 -2.94949 -0.266172
-2.06061 -2.86869 -0.238407
-2.06061 -2.78788 -0.211344
-2.06061 -2.70707 -0.184987
-2.06061 -2.62626 -0.159339
-2.06061 -2.54545 -0.134405
-2.06061 -2.46465 -0.110187
-2.06061 -2.38384 -0.0866903
-2.06061 -2.30303 -0.0639189
-2.06061 -2.22222 -0.0418772
-2.06061 -2.14141 -0.0205694
-2.06061 -2.06061 -1.73509e-17
-2.06061 -1.9798 0.0198265
-2.06061 -1.89899 0.0389057
-2.06061 -1.81818 0.0572331
-2.06061 -1.73737 0.0748042
-2.06061 -1.65657 0.0916148
-2.06061 -1.57576 0.10766
-2.06061 -1.49495 0.122937
-2.06061 -1.41414 0.13744
-2.06061 -1.33333 0.151165
-2.06061 -1.25253 0.164109
-2.06061 -1.17172 0.176269
-2.06061 -1.09091 0.187639
-2.06061 -1.0101 0.198217
-2.06061 -0.929293 0.208
-2.06061 -0.848485 0.216984
-2.06061 -0.767677 0.225167
-2.06061 -0.686869 0.232546
-2.06061 -0.606061 0.239118
-2.06061 -0.525253 0.244881
-2.06061 -0.444444 0.249833
-2.06061 -0.363636 0.253973
-2.06061 -0.282828 0.257298
-2.06061 -0.20202 0.259808
-2.06061 -0.121212 0.261501
-2.06061 -0.040404 0.262377
-2.06061 0.040404 0.262436
-2.06061 0.121212 0.261676
-2.06061 0.20202 0.260098
-2.06061 0.282828 0.257703
-2.06061 0.363636 0.25449
-2.06061 0.444444 0.25046
-2.06061 0.525253 0.245616
-2.06061 0.606061 0.239957
-2.06061 0.686869 0.233486
-2.06061 0.767677 0.226204
-2.06061 0.848485 0.218113
-2.06061 0.929293 0.209217
-2.06061 1.0101 0.199516
-2.06061 1.09091 0.189015
-2.06061 1.17172 0.177715
-2.06061 1.25253 0.16562
-2.06061 1.33333 0.152734
-2.06061 1.41414 0.139061
-2.06061 1.49495 0.124602
-2.06061 1.57576 0.109364
-2.06061 1.65657 0.093349
-2.06061 1.73737 0.0765619
-2.06061 1.81818 0.0590069
-2.06061 1.89899 0.0406884
-2.06061 1.9798 0.0216107
-2.06061 2.06061 0.00177836
-2.06061 2.14141 -0.0188041
-2.06061 2.22222 -0.0401321
-2.06061 2.30303 -0.0622011
-2.06061 2.38384 -0.0850066
-2.06061 2.46465 -0.108544
-2.06061 2.54545 -0.132809
-2.06061 2.62626 -0.157797
-2.06061 2.70707 -0.183505
-2.06061 2.78788 -0.209927
-2.06061 2.86869 -0.23706
-2.06061 2.94949 -0.264901
-2.06061 3.0303 -0.293446
-2.06061 3.11111 -0.322692
-2.06061 3.19192 -0.352635
-2.06061 3.27273 -0.383274
-2.06061 3.35354 -0.414605
-2.06061 3.43434 -0.446628
-2.06061 3.51515 -0.479341
-2.06061 3.59596 -0.512742
-2.06061 3.67677 -0.546831
-2.06061 3.75758 -0.581609
-2.06061 3.83838 -0.617075
-2.06061 3.91919 -0.653231
-2.06061 4 -0.690079
-1.9798 -4 -0.712694
-1.9798 -3.91919 -0.67566
-1.9798 -3.83838 -0.639339
-1.9798 -3.75758 -0.603728
-1.9798 -3.67677 -0.568826
-1.9798 -3.59596 -0.534629
-1.9798 -3.51515 -0.501137
-1.9798 -3.43434 -0.468349
-1.9798 -3.35354 -0.436264
-1.9798 -3.27273 -0.404883
-1.9798 -3.19192 -0.374207
-1.9798 -3.11111 -0.344235
-1.9798 -3.0303 -0.31497
-1.9798 -2.94949 -0.286414
-1.9798 -2.86869 -0.258568
-1.9798 -2.78788 -0.231436
-1.9798 -2.70707 -0.205018
-1.9798 -2.62626 -0.17932
-1.9798 -2.54545 -0.154342
-1.9798 -2.46465 -0.13009
-1.9798 -2.38384 -0.106566
-1.9798 -2.30303 -0.0837739
-1.9798 -2.22222 -0.0617174
-1.9798 -2.14141 -0.0404003
-1.9798 -2.06061 -0.0198265
-1.9798 -1.9798 -2.22159e-17
-1.9798 -1.89899 0.0190753
-1.9798 -1.81818 0.0373954
-1.9798 -1.73737 0.0549564
-1.9798 -1.65657 0.0717542
-1.9798 -1.57576 0.087785
-1.9798 -1.49495 0.103045
-1.9798 -1.41414 0.11753
-1.9798 -1.33333 0.131237
-1.9798 -1.25253 0.144163
-1.9798 -1.17172 0.156302
-1.9798 -1.09091 0.167654
-1.9798 -1.0101 0.178213
-1.9798 -0.929293 0.187977
-1.9798 -0.848485 0.196944
-1.9798 -0.767677 0.20511
-1.9798 -0.686869 0.212474
-1.9798 -0.606061 0.219032
-1.9798 -0.525253 0.224783
-1.9798 -0.444444 0.229725
-1.9798 -0.363636 0.233856
-1.9798 -0.282828 0.237175
-1.9798 -0.20202 0.23968
-1.9798 -0.121212 0.241371
-1.9798 -0.040404 0.242247
-1.9798 0.040404 0.242307
-1.9798 0.121212 0.241551
-1.9798 0.20202 0.239979
-1.9798 0.282828 0.237592
-1.9798 0.363636 0.234389
-1.9798 0.444444 0.230371
-1.9798 0.525253 0.22554
-1.9798 0.606061 0.219897
-1.9798 0.686869 0.213442
-1.9798 0.767677 0.206179
-1.9798 0.848485 0.198107
-1.9798 0.929293 0.189231
-1.9798 1.0101 0.179551
-1.9798 1.09091 0.169071
-1.9798 1.17172 0.157793
-1.9798 1.25253 0.145719
-1.9798 1.33333 0.132854
-1.9798 1.41414 0.119201
-1.9798 1.49495 0.104761
-1.9798 1.57576 0.0895405
-1.9798 1.65657 0.0735413
-1.9798 1.73737 0.0567677
-1.9798 1.81818 0.0392234
-1.9798 1.89899 0.0209124
-1.9798 1.9798 0.00183869
-1.9798 2.06061 -0.0179938
-1.9798 2.14141 -0.038581
-1.9798 2.22222 -0.0599188
-1.9798 2.30303 -0.0820034
-1.9798 2.38384 -0.104831
-1.9798 2.46465 -0.128397
-1.9798 2.54545 -0.152698
-1.9798 2.62626 -0.17773
-1.9798 2.70707 -0.20349
-1.9798 2.78788 -0.229975
-1.9798 2.86869 -0.25718
-1.9798 2.94949 -0.285104
-1.9798 3.0303 -0.313743
-1.9798 3.11111 -0.343095
-1.9798 3.19192 -0.373158
-1.9798 3.27273 -0.40393
-1.9798 3.35354 -0.43541
-1.9798 3.43434 -0.467596
-1.9798 3.51515 -0.500488
-1.9798 3.59596 -0.534086
-1.9798 3.67677 -0.56839
-1.9798 3.75758 -0.603401
-1.9798 3.83838 -0.63912
-1.9798 3.91919 -0.67555
-1.9798 4 -0.712694
-1.89899 -4 -0.734592
-1.89899 -3.91919 -0.697268
-1.89899 -3.83838 -0.66068
-1.89899 -3.75758 -0.624822
-1.89899 -3.67677 -0.589691
-1.89899 -3.59596 -0.555285
-1.89899 -3.51515 -0.5216
-1.89899 -3.43434 -0.488636
-1.89899 -3.35354 -0.456391
-1.89899 -3.27273 -0.424864
-1.89899 -3.19192 -0.394056
-1.89899 -3.11111 -0.363966
-1.89899 -3.0303 -0.334596
-1.89899 -2.94949 -0.305945
-1.89899 -2.86869 -0.278017
-1.89899 -2.78788 -0.250811
-1.89899 -2.70707 -0.224331
-1.89899 -2.62626 -0.198578
-1.89899 -2.54545 -0.173555
-1.89899 -2.46465 -0.149265
-1.89899 -2.38384 -0.12571
-1.89899 -2.30303 -0.102893
-1.89899 -2.22222 -0.0808179
-1.89899 -2.14141 -0.0594877
-1.89899 -2.06061 -0.0389057
-1.89899 -1.9798 -0.0190753
-1.89899 -1.89899 -1.79665e-17
-1.89899 -1.81818 0.0183167
-1.89899 -1.73737 0.0358713
-1.89899 -1.65657 0.0526602
-1.89899 -1.57576 0.06868
-1.89899 -1.49495 0.0839272
-1.89899 -1.41414 0.0983984
-1.89899 -1.33333 0.11209
-1.89899 -1.25253 0.125
-1.89899 -1.17172 0.137123
-1.89899 -1.09091 0.148458
-1.89899 -1.0101 0.159001
-1.89899 -0.929293 0.16875
-1.89899 -0.848485 0.177702
-1.89899 -0.767677 0.185854
-1.89899 -0.686869 0.193204
-1.89899 -0.606061 0.199751
-1.89899 -0.525253 0.205491
-1.89899 -0.444444 0.210424
-1.89899 -0.363636 0.214548
-1.89899 -0.282828 0.217861
-1.89899 -0.20202 0.220362
-1.89899 -0.121212 0.222051
-1.89899 -0.040404 0.222927
-1.89899 0.040404 0.222988
-1.89899 0.121212 0.222236
-1.89899 0.20202 0.22067
-1.89899 0.282828 0.218289
-1.89899 0.363636 0.215095
-1.89899 0.444444 0.211089
-1.89899 0.525253 0.20627
-1.89899 0.606061 0.20064
-1.89899 0.686869 0.1942
-1.89899 0.767677 0.186952
-1.89899 0.848485 0.178898
-1.89899 0.929293 0.170039
-1.89899 1.0101 0.160377
-1.89899 1.09091 0.149916
-1.89899 1.17172 0.138656
-1.89899 1.25253 0.126601
-1.89899 1.33333 0.113753
-1.89899 1.41414 0.100116
-1.89899 1.49495 0.0856926
-1.89899 1.57576 0.0704855
-1.89899 1.65657 0.0544983
-1.89899 1.73737 0.0377343
-1.89899 1.81818 0.0201969
-1.89899 1.89899 0.00188966
-1.89899 1.9798 -0.017184
-1.89899 2.06061 -0.0370205
-1.89899 2.14141 -0.0576162
-1.89899 2.22222 -0.0789678
-1.89899 2.30303 -0.101072
-1.89899 2.38384 -0.123924
-1.89899 2.46465 -0.147522
-1.89899 2.54545 -0.171863
-1.89899 2.62626 -0.196943
-1.89899 2.70707 -0.222759
-1.89899 2.78788 -0.249308
-1.89899 2.86869 -0.276588
-1.89899 2.94949 -0.304597
-1.89899 3.0303 -0.333333
-1.89899 3.11111 -0.362793
-1.89899 3.19192 -0.392977
-1.89899 3.27273 -0.423883
-1.89899 3.35354 -0.455511
-1.89899 3.43434 -0.487861
-1.89899 3.51515 -0.520932
-1.89899 3.59596 -0.554725
-1.89899 3.67677 -0.589242
-1.89899 3.75758 -0.624485
-1.89899 3.83838 -0.660455
-1.89899 3.91919 -0.697156
-1.89899 4 -0.734592
-1.81818 -4 -0.75575
-1.81818 -3.91919 -0.718142
-1.81818 -3.83838 -0.68129
-1.81818 -3.75758 -0.645189
-1.81818 -3.67677 -0.609832
-1.81818 -3.59596 -0.575218
-1.81818 -3.51515 -0.541342
-1.81818 -3.43434 -0.508203
-1.81818 -3.35354 -0.475798
-1.81818 -3.27273 -0.444126
-1.81818 -3.19192 -0.413186
-1.81818 -3.11111 -0.382978
-1.81818 -3.0303 -0.3535
-1.81818 -2.94949 -0.324754
-1.81818 -2.86869 -0.296741
-1.81818 -2.78788 -0.269461
-1.81818 -2.70707 -0.242915
-1.81818 -2.62626 -0.217106
-1.81818 -2.54545 -0.192034
-1.81818 -2.46465 -0.167703
-1.81818 -2.38384 -0.144114
-1.81818 -2.30303 -0.12127
-1.81818 -2.22222 -0.0991733
-1.81818 -2.14141 -0.0778267
-1.81818 -2.06061 -0.0572331
-1.81818 -1.9798 -0.0373954
-1.81818 -1.89899 -0.0183167
-1.81818 -1.81818 -1.63917e-17
-1.81818 -1.73737 0.0175516
-1.81818 -1.65657 0.034335
-1.81818 -1.57576 0.050347
-1.81818 -1.49495 0.0655847
-1.81818 -1.41414 0.0800449
-1.81818 -1.33333 0.0937247
-1.81818 -1.25253 0.106621
-1.81818 -1.17172 0.118731
-1.81818 -1.09091 0.130052
-1.81818 -1.0101 0.140582
-1.81818 -0.929293 0.150317
-1.81818 -0.848485 0.159256
-1.81818 -0.767677 0.167396
-1.81818 -0.686869 0.174735
-1.81818 -0.606061 0.181271
-1.81818 -0.525253 0.187003
-1.81818 -0.444444 0.191928
-1.81818 -0.363636 0.196045
-1.81818 -0.282828 0.199354
-1.81818 -0.20202 0.201852
-1.81818 -0.121212 0.203539
-1.81818 -0.040404 0.204414
-1.81818 0.040404 0.204478
-1.81818 0.121212 0.203729
-1.81818 0.20202 0.202167
-1.81818 0.282828 0.199793
-1.81818 0.363636 0.196607
-1.81818 0.444444 0.19261
-1.81818 0.525253 0.187802
-1.81818 0.606061 0.182184
-1.81818 0.686869 0.175758
-1.81818 0.767677 0.168524
-1.81818 0.848485 0.160484
-1.81818 0.929293 0.151641
-1.81818 1.0101 0.141995
-1.81818 1.09091 0.131549
-1.81818 1.17172 0.120305
-1.81818 1.25253 0.108265
-1.81818 1.33333 0.095432
-1.81818 1.41414 0.0818085
-1.81818 1.49495 0.0673972
-1.81818 1.57576 0.0522008
-1.81818 1.65657 0.0362222
-1.81818 1.73737 0.0194645
-1.81818 1.81818 0.00193058
-1.81818 1.89899 -0.0163764
-1.81818 1.9798 -0.0354534
-1.81818 2.06061 -0.0552972
-1.81818 2.14141 -0.0759049
-1.81818 2.22222 -0.0972734
-1.81818 2.30303 -0.1194
-1.81818 2.38384 -0.142281
-1.81818 2.46465 -0.165914
-1.81818 2.54545 -0.190297
-1.81818 2.62626 -0.215426
-1.81818 2.70707 -0.2413
-1.81818 2.78788 -0.267917
-1.81818 2.86869 -0.295274
-1.81818 2.94949 -0.32337
-1.81818 3.0303 -0.352203
-1.81818 3.11111 -0.381773
-1.81818 3.19192 -0.412078
-1.81818 3.27273 -0.443119
-1.81818 3.35354 -0.474895
-1.81818 3.43434 -0.507407
-1.81818 3.51515 -0.540656
-1.81818 3.59596 -0.574643
-1.81818 3.67677 -0.609371
-1.81818 3.75758 -0.644842
-1.81818 3.83838 -0.681059
-1.81818 3.91919 -0.718027
-1.81818 4 -0.75575
-1.73737 -4 -0.776146
-1.73737 -3.91919 -0.738261
-1.73737 -3.83838 -0.701151
-1.73737 -3.75758 -0.664809
-1.73737 -3.67677 -0.629231
-1.73737 -3.59596 -0.594412
-1.73737 -3.51515 -0.560348
-1.73737 -3.43434 -0.527036
-1.73737 -3.35354 -0.494473
-1.73737 -3.27273 -0.462656
-1.73737 -3.19192 -0.431585
-1.73737 -3.11111 -0.401257
-1.73737 -3.0303 -0.371673
-1.73737 -2.94949 -0.342831
-1.73737 -2.86869 -0.314732
-1.73737 -2.78788 -0.287375
-1.73737 -2.70707 -0.260763
-1.73737 -2.62626 -0.234895
-1.73737 -2.54545 -0.209773
-1.73737 -2.46465 -0.185399
-1.73737 -2.38384 -0.161774
-1.73737 -2.30303 -0.138899
-1.73737 -2.22222 -0.116778
-1.73737 -2.14141 -0.0954123
-1.73737 -2.06061 -0.0748042
-1.73737 -1.9798 -0.0549564
-1.73737 -1.89899 -0.0358713
-1.73737 -1.81818 -0.0175516
-1.73737 -1.73737 -3.30765e-17
-1.73737 -1.65657 0.0167808
-1.73737 -1.57576 0.0327881
-1.73737 -1.49495 0.0480191
-1.73737 -1.41414 0.0624711
-1.73737 -1.33333 0.0761415
-1.73737 -1.25253 0.0890276
-1.73737 -1.17172 0.101127
-1.73737 -1.09091 0.112437
-1.73737 -1.0101 0.122955
-1.73737 -0.929293 0.132679
-1.73737 -0.848485 0.141607
-1.73737 -0.767677 0.149737
-1.73737 -0.686869 0.157066
-1.73737 -0.606061 0.163594
-1.73737 -0.525253 0.169317
-1.73737 -0.444444 0.174236
-1.73737 -0.363636 0.178348
-1.73737 -0.282828 0.181652
-1.73737 -0.20202 0.184147
-1.73737 -0.121212 0.185833
-1.73737 -0.040404 0.186709
-1.73737 0.040404 0.186774
-1.73737 0.121212 0.186028
-1.73737 0.20202 0.18447
-1.73737 0.282828 0.182102
-1.73737 0.363636 0.178924
-1.73737 0.444444 0.174935
-1.73737 0.525253 0.170136
-1.73737 0.606061 0.164529
-1.73737 0.686869 0.158114
-1.73737 0.767677 0.150893
-1.73737 0.848485 0.142866
-1.73737 0.929293 0.134035
-1.73737 1.0101 0.124403
-1.73737 1.09091 0.11397
-1.73737 1.17172 0.10274
-1.73737 1.25253 0.0907125
-1.73737 1.33333 0.0778915
-1.73737 1.41414 0.0642788
-1.73737 1.49495 0.0498769
-1.73737 1.57576 0.0346882
-1.73737 1.65657 0.0187153
-1.73737 1.73737 0.00196082
-1.73737 1.81818 -0.0155726
-1.73737 1.89899 -0.0338822
-1.73737 1.9798 -0.0529655
-1.73737 2.06061 -0.0728196
-1.73737 2.14141 -0.0934421
-1.73737 2.22222 -0.11483
-1.73737 2.30303 -0.136982
-1.73737 2.38384 -0.159894
-1.73737 2.46465 -0.183564
-1.73737 2.54545 -0.207992
-1.73737 2.62626 -0.233173
-1.73737 2.70707 -0.259107
-1.73737 2.78788 -0.285792
-1.73737 2.86869 -0.313227
-1.73737 2.94949 -0.341411
-1.73737 3.0303 -0.370342
-1.73737 3.11111 -0.400021
-1.73737 3.19192 -0.430448
-1.73737 3.27273 -0.461623
-1.73737 3.35354 -0.493546
-1.73737 3.43434 -0.526219
-1.73737 3.51515 -0.559644
-1.73737 3.59596 -0.593822
-1.73737 3.67677 -0.628758
-1.73737 3.75758 -0.664454
-1.73737 3.83838 -0.700914
-1.73737 3.91919 -0.738143
-1.73737 4 -0.776146
-1.65657 -4 -0.795762
-1.65657 -3.91919 -0.757605
-1.65657 -3.83838 -0.720242
-1.65657 -3.75758 -0.683666
-1.65657 -3.67677 -0.647871
-1.65657 -3.59596 -0.612851
-1.65657 -3.51515 -0.578602
-1.65657 -3.43434 -0.545119
-1.65657 -3.35354 -0.5124
-1.65657 -3.27273 -0.48044
-1.65657 -3.19192 -0.449239
-1.65657 -3.11111 -0.418793
-1.65657 -3.0303 -0.389102
-1.65657 -2.94949 -0.360164
-1.65657 -2.86869 -0.331978
-1.65657 -2.78788 -0.304546
-1.65657 -2.70707 -0.277865
-1.65657 -2.62626 -0.251938
-1.65657 -2.54545 -0.226764
-1.65657 -2.46465 -0.202345
-1.65657 -2.38384 -0.178681
-1.65657 -2.30303 -0.155775
-1.65657 -2.22222 -0.133627
-1.65657 -2.14141 -0.11224
-1.65657 -2.06061 -0.0916148
-1.65657 -1.9798 -0.0717542
-1.65657 -1.89899 -0.0526602
-1.65657 -1.81818 -0.034335
-1.65657 -1.73737 -0.0167808
-1.65657 -1.65657 -2.47779e-17
-1.65657 -1.57576 0.016005
-1.65657 -1.49495 0.0312319
-1.65657 -1.41414 0.0456782
-1.65657 -1.33333 0.0593417
-1.65657 -1.25253 0.0722199
-1.65657 -1.17172 0.0843105
-1.65657 -1.09091 0.0956114
-1.65657 -1.0101 0.10612
-1.65657 -0.929293 0.115835
-1.65657 -0.848485 0.124754
-1.65657 -0.767677 0.132875
-1.65657 -0.686869 0.140196
-1.65657 -0.606061 0.146716
-1.65657 -0.525253 0.152433
-1.65657 -0.444444 0.157346
-1.65657 -0.363636 0.161453
-1.65657 -0.282828 0.164754
-1.65657 -0.20202 0.167247
-1.65657 -0.121212 0.168932
-1.65657 -0.040404 0.169808
-1.65657 0.040404 0.169874
-1.65657 0.121212 0.169131
-1.65657 0.20202 0.167578
-1.65657 0.282828 0.165215
-1.65657 0.363636 0.162043
-1.65657 0.444444 0.158061
-1.65657 0.525253 0.153271
-1.65657 0.606061 0.147673
-1.65657 0.686869 0.141269
-1.65657 0.767677 0.134058
-1.65657 0.848485 0.126042
-1.65657 0.929293 0.117223
-1.65657 1.0101 0.107602
-1.65657 1.09091 0.0971808
-1.65657 1.17172 0.0859608
-1.65657 1.25253 0.0739441
-1.65657 1.33333 0.0611326
-1.65657 1.41414 0.0475282
-1.65657 1.49495 0.0331332
-1.65657 1.57576 0.0179497
-1.65657 1.65657 0.00197986
-1.65657 1.73737 -0.0147739
-1.65657 1.81818 -0.0323095
-1.65657 1.89899 -0.0506244
-1.65657 1.9798 -0.0697165
-1.65657 2.06061 -0.0895834
-1.65657 2.14141 -0.110223
-1.65657 2.22222 -0.131633
-1.65657 2.30303 -0.153812
-1.65657 2.38384 -0.176757
-1.65657 2.46465 -0.200467
-1.65657 2.54545 -0.22494
-1.65657 2.62626 -0.250175
-1.65657 2.70707 -0.27617
-1.65657 2.78788 -0.302925
-1.65657 2.86869 -0.330438
-1.65657 2.94949 -0.35871
-1.65657 3.0303 -0.387739
-1.65657 3.11111 -0.417527
-1.65657 3.19192 -0.448075
-1.65657 3.27273 -0.479382
-1.65657 3.35354 -0.51145
-1.65657 3.43434 -0.544282
-1.65657 3.51515 -0.57788
-1.65657 3.59596 -0.612247
-1.65657 3.67677 -0.647386
-1.65657 3.75758 -0.683302
-1.65657 3.83838 -0.719999
-1.65657 3.91919 -0.757484
-1.65657 4 -0.795762
-1.57576 -4 -0.814576
-1.57576 -3.91919 -0.776155
-1.57576 -3.83838 -0.738547
-1.57576 -3.75758 -0.701742
-1.57576 -3.67677 -0.665735
-1.57576 -3.59596 -0.630519
-1.57576 -3.51515 -0.596088
-1.57576 -3.43434 -0.562439
-1.57576 -3.35354 -0.529566
-1.57576 -3.27273 -0.497466
-1.57576 -3.19192 -0.466136
-1.57576 -3.11111 -0.435574
-1.57576 -3.0303 -0.405777
-1.57576 -2.94949 -0.376743
-1.57576 -2.86869 -0.348472
-1.57576 -2.78788 -0.320963
-1.57576 -2.70707 -0.294214
-1.57576 -2.62626 -0.268226
-1.57576 -2.54545 -0.243
-1.57576 -2.46465 -0.218534
-1.57576 -2.38384 -0.194831
-1.57576 -2.30303 -0.171891
-1.57576 -2.22222 -0.149715
-1.57576 -2.14141 -0.128304
-1.57576 -2.06061 -0.10766
-1.57576 -1.9798 -0.087785
-1.57576 -1.89899 -0.06868
-1.57576 -1.81818 -0.050347
-1.57576 -1.73737 -0.0327881
-1.57576 -1.65657 -0.016005
-1.57576 -1.57576 -1.78442e-17
-1.57576 -1.49495 0.015225
-1.57576 -1.41414 0.0296678
-1.57576 -1.33333 0.0433264
-1.57576 -1.25253 0.0561988
-1.57576 -1.17172 0.0682828
-1.57576 -1.09091 0.0795765
-1.57576 -1.0101 0.0900779
-1.57576 -0.929293 0.0997853
-1.57576 -0.848485 0.108697
-1.57576 -0.767677 0.11681
-1.57576 -0.686869 0.124125
-1.57576 -0.606061 0.130639
-1.57576 -0.525253 0.13635
-1.57576 -0.444444 0.141258
-1.57576 -0.363636 0.145362
-1.57576 -0.282828 0.148659
-1.57576 -0.20202 0.151151
-1.57576 -0.121212 0.152835
-1.57576 -0.040404 0.153711
-1.57576 0.040404 0.153779
-1.57576 0.121212 0.153038
-1.57576 0.20202 0.151489
-1.57576 0.282828 0.149131
-1.57576 0.363636 0.145964
-1.57576 0.444444 0.141989
-1.57576 0.525253 0.137206
-1.57576 0.606061 0.131617
-1.57576 0.686869 0.12522
-1.57576 0.767677 0.118019
-1.57576 0.848485 0.110013
-1.57576 0.929293 0.101203
-1.57576 1.0101 0.091592
-1.57576 1.09091 0.0811801
-1.57576 1.17172 0.0699691
-1.57576 1.25253 0.0579607
-1.57576 1.33333 0.0451565
-1.57576 1.41414 0.0315583
-1.57576 1.49495 0.0171679
-1.57576 1.57576 0.00198726
-1.57576 1.65657 -0.0139817
-1.57576 1.73737 -0.0307371
-1.57576 1.81818 -0.048277
-1.57576 1.89899 -0.0665994
-1.57576 1.9798 -0.0857024
-1.57576 2.06061 -0.105584
-1.57576 2.14141 -0.126243
-1.57576 2.22222 -0.147677
-1.57576 2.30303 -0.169884
-1.57576 2.38384 -0.192864
-1.57576 2.46465 -0.216615
-1.57576 2.54545 -0.241135
-1.57576 2.62626 -0.266424
-1.57576 2.70707 -0.292481
-1.57576 2.78788 -0.319305
-1.57576 2.86869 -0.346897
-1.57576 2.94949 -0.375256
-1.57576 3.0303 -0.404384
-1.57576 3.11111 -0.43428
-1.57576 3.19192 -0.464946
-1.57576 3.27273 -0.496384
-1.57576 3.35354 -0.528595
-1.57576 3.43434 -0.561583
-1.57576 3.51515 -0.59535
-1.57576 3.59596 -0.629901
-1.57576 3.67677 -0.665239
-1.57576 3.75758 -0.701369
-1.57576 3.83838 -0.738298
-1.57576 3.91919 -0.776031
-1.57576 4 -0.814576
-1.49495 -4 -0.83257
-1.49495 -3.91919 -0.793894
-1.49495 -3.83838 -0.756047
-1.49495 -3.75758 -0.71902
-1.49495 -3.67677 -0.682807
-1.49495 -3.59596 -0.6474
-1.49495 -3.51515 -0.612793
-1.49495 -3.43434 -0.578981
-1.49495 -3.35354 -0.545958
-1.49495 -3.27273 -0.513721
-1.49495 -3.19192 -0.482266
-1.49495 -3.11111 -0.451589
-1.49495 -3.0303 -0.421687
-1.49495 -2.94949 -0.39256
-1.49495 -2.86869 -0.364203
-1.49495 -2.78788 -0.336618
-1.49495 -2.70707 -0.309801
-1.49495 -2.62626 -0.283753
-1.49495 -2.54545 -0.258473
-1.49495 -2.46465 -0.233961
-1.49495 -2.38384 -0.210217
-1.49495 -2.30303 -0.187242
-1.49495 -2.22222 -0.165036
-1.49495 -2.14141 -0.143601
-1.49495 -2.06061 -0.122937
-1.49495 -1.9798 -0.103045
-1.49495 -1.89899 -0.0839272
-1.49495 -1.81818 -0.0655847
-1.49495 -1.73737 -0.0480191
-1.49495 -1.65657 -0.0312319
-1.49495 -1.57576 -0.015225
-1.49495 -1.49495 -1.70335e-17
-1.49495 -1.41414 0.0144412
-1.49495 -1.33333 0.0280969
-1.49495 -1.25253 0.0409652
-1.49495 -1.17172 0.0530443
-1.49495 -1.09091 0.0643326
-1.49495 -1.0101 0.0748282
-1.49495 -0.929293 0.0845295
-1.49495 -0.848485 0.0934348
-1.49495 -0.767677 0.101543
-1.49495 -0.686869 0.108852
-1.49495 -0.606061 0.11536
-1.49495 -0.525253 0.121067
-1.49495 -0.444444 0.125971
-1.49495 -0.363636 0.130071
-1.49495 -0.282828 0.133367
-1.49495 -0.20202 0.135857
-1.49495 -0.121212 0.13754
-1.49495 -0.040404 0.138417
-1.49495 0.040404 0.138486
-1.49495 0.121212 0.137748
-1.49495 0.20202 0.136202
-1.49495 0.282828 0.133848
-1.49495 0.363636 0.130686
-1.49495 0.444444 0.126717
-1.49495 0.525253 0.121941
-1.49495 0.606061 0.116358
-1.49495 0.686869 0.109969
-1.49495 0.767677 0.102776
-1.49495 0.848485 0.0947776
-1.49495 0.929293 0.0859764
-1.49495 1.0101 0.0763731
-1.49495 1.09091 0.0659689
-1.49495 1.17172 0.0547651
-1.49495 1.25253 0.042763
-1.49495 1.33333 0.0299643
-1.49495 1.41414 0.0163703
-1.49495 1.49495 0.00198268
-1.49495 1.57576 -0.013197
-1.49495 1.65657 -0.0291671
-1.49495 1.73737 -0.045926
-1.49495 1.81818 -0.0634721
-1.49495 1.89899 -0.0818037
-1.49495 1.9798 -0.100919
-1.49495 2.06061 -0.120818
-1.49495 2.14141 -0.141497
-1.49495 2.22222 -0.162956
-1.49495 2.30303 -0.185194
-1.49495 2.38384 -0.208209
-1.49495 2.46465 -0.232001
-1.49495 2.54545 -0.256569
-1.49495 2.62626 -0.281912
-1.49495 2.70707 -0.308031
-1.49495 2.78788 -0.334925
-1.49495 2.86869 -0.362595
-1.49495 2.94949 -0.391041
-1.49495 3.0303 -0.420265
-1.49495 3.11111 -0.450267
-1.49495 3.19192 -0.48105
-1.49495 3.27273 -0.512616
-1.49495 3.35354 -0.544967
-1.49495 3.43434 -0.578107
-1.49495 3.51515 -0.612039
-1.49495 3.59596 -0.646769
-1.49495 3.67677 -0.6823
-1.49495 3.75758 -0.71864
-1.49495 3.83838 -0.755793
-1.49495 3.91919 -0.793767
-1.49495 4 -0.83257
-1.41414 -4 -0.849725
-1.41414 -3.91919 -0.810803
-1.41414 -3.83838 -0.772726
-1.41414 -3.75758 -0.735485
-1.41414 -3.67677 -0.699073
-1.41414 -3.59596 -0.663481
-1.41414 -3.51515 -0.628703
-1.41414 -3.43434 -0.594733
-1.41414 -3.35354 -0.561565
-1.41414 -3.27273 -0.529194
-1.41414 -3.19192 -0.497616
-1.41414 -3.11111 -0.466827
-1.41414 -3.0303 -0.436824
-1.41414 -2.94949 -0.407603
-1.41414 -2.86869 -0.379163
-1.41414 -2.78788 -0.351502
-1.41414 -2.70707 -0.324618
-1.41414 -2.62626 -0.29851
-1.41414 -2.54545 -0.273177
-1.41414 -2.46465 -0.248618
-1.41414 -2.38384 -0.224833
-1.41414 -2.30303 -0.201823
-1.41414 -2.22222 -0.179586
-1.41414 -2.14141 -0.158125
-1.41414 -2.06061 -0.13744
-1.41414 -1.9798 -0.11753
-1.41414 -1.89899 -0.0983984
-1.41414 -1.81818 -0.0800449
-1.41414 -1.73737 -0.0624711
-1.41414 -1.65657 -0.0456782
-1.41414 -1.57576 -0.0296678
-1.41414 -1.49495 -0.0144412
-1.41414 -1.41414 -1.80168e-17
-1.41414 -1.33333 0.0136543
-1.41414 -1.25253 0.0265202
-1.41414 -1.17172 0.038596
-1.41414 -1.09091 0.0498802
-1.41414 -1.0101 0.0603714
-1.41414 -0.929293 0.070068
-1.41414 -0.848485 0.0789685
-1.41414 -0.767677 0.0870716
-1.41414 -0.686869 0.094376
-1.41414 -0.606061 0.10088
-1.41414 -0.525253 0.106584
-1.41414 -0.444444 0.111484
-1.41414 -0.363636 0.115582
-1.41414 -0.282828 0.118876
-1.41414 -0.20202 0.121365
-1.41414 -0.121212 0.123048
-1.41414 -0.040404 0.123925
-1.41414 0.040404 0.123995
-1.41414 0.121212 0.123259
-1.41414 0.20202 0.121716
-1.41414 0.282828 0.119366
-1.41414 0.363636 0.116208
-1.41414 0.444444 0.112244
-1.41414 0.525253 0.107474
-1.41414 0.606061 0.101897
-1.41414 0.686869 0.095515
-1.41414 0.767677 0.0883279
-1.41414 0.848485 0.0803368
-1.41414 0.929293 0.0715424
-1.41414 1.0101 0.0619456
-1.41414 1.09091 0.0515476
-1.41414 1.17172 0.0403494
-1.41414 1.25253 0.0283522
-1.41414 1.33333 0.0155573
-1.41414 1.41414 0.0019659
-1.41414 1.49495 -0.0124207
-1.41414 1.57576 -0.0276011
-1.41414 1.65657 -0.0435739
-1.41414 1.73737 -0.0603379
-1.41414 1.81818 -0.0778917
-1.41414 1.89899 -0.0962341
-1.41414 1.9798 -0.115364
-1.41414 2.06061 -0.13528
-1.41414 2.14141 -0.155981
-1.41414 2.22222 -0.177466
-1.41414 2.30303 -0.199735
-1.41414 2.38384 -0.222786
-1.41414 2.46465 -0.24662
-1.41414 2.54545 -0.271236
-1.41414 2.62626 -0.296634
-1.41414 2.70707 -0.322814
-1.41414 2.78788 -0.349777
-1.41414 2.86869 -0.377524
-1.41414 2.94949 -0.406055
-1.41414 3.0303 -0.435373
-1.41414 3.11111 -0.465479
-1.41414 3.19192 -0.496376
-1.41414 3.27273 -0.528066
-1.41414 3.35354 -0.560553
-1.41414 3.43434 -0.593841
-1.41414 3.51515 -0.627934
-1.41414 3.59596 -0.662837
-1.41414 3.67677 -0.698556
-1.41414 3.75758 -0.735097
-1.41414 3.83838 -0.772467
-1.41414 3.91919 -0.810673
-1.41414 4 -0.849725
-1.33333 -4 -0.866025
-1.33333 -3.91919 -0.826866
-1.33333 -3.83838 -0.788568
-1.33333 -3.75758 -0.751121
-1.33333 -3.67677 -0.714517
-1.33333 -3.59596 -0.678748
-1.33333 -3.51515 -0.643805
-1.33333 -3.43434 -0.609682
-1.33333 -3.35354 -0.576373
-1.33333 -3.27273 -0.543873
-1.33333 -3.19192 -0.512176
-1.33333 -3.11111 -0.481278
-1.33333 -3.0303 -0.451176
-1.33333 -2.94949 -0.421865
-1.33333 -2.86869 -0.393344
-1.33333 -2.78788 -0.365609
-1.33333 -2.70707 -0.338658
-1.33333 -2.62626 -0.312491
-1.33333 -2.54545 -0.287105
-1.33333 -2.46465 -0.262499
-1.33333 -2.38384 -0.238674
-1.33333 -2.30303 -0.215628
-1.33333 -2.22222 -0.193361
-1.33333 -2.14141 -0.171873
-1.33333 -2.06061 -0.151165
-1.33333 -1.9798 -0.131237
-1.33333 -1.89899 -0.11209
-1.33333 -1.81818 -0.0937247
-1.33333 -1.73737 -0.0761415
-1.33333 -1.65657 -0.0593417
-1.33333 -1.57576 -0.0433264
-1.33333 -1.49495 -0.0280969
-1.33333 -1.41414 -0.0136543
-1.33333 -1.33333 -8.89173e-18
-1.33333 -1.25253 0.0128647
-1.33333 -1.17172 0.0249385
-1.33333 -1.09091 0.0362201
-1.33333 -1.0101 0.046708
-1.33333 -0.929293 0.056401
-1.33333 -0.848485 0.0652979
-1.33333 -0.767677 0.0733973
-1.33333 -0.686869 0.080698
-1.33333 -0.606061 0.087199
-1.33333 -0.525253 0.0928992
-1.33333 -0.444444 0.0977976
-1.33333 -0.363636 0.101893
-1.33333 -0.282828 0.105185
-1.33333 -0.20202 0.107673
-1.33333 -0.121212 0.109356
-1.33333 -0.040404 0.110234
-1.33333 0.040404 0.110306
-1.33333 0.121212 0.109571
-1.33333 0.20202 0.108031
-1.33333 0.282828 0.105684
-1.33333 0.363636 0.10253
-1.33333 0.444444 0.0985708
-1.33333 0.525253 0.0938051
-1.33333 0.606061 0.0882337
-1.33333 0.686869 0.0818571
-1.33333 0.767677 0.0746758
-1.33333 0.848485 0.0666903
-1.33333 0.929293 0.0579015
-1.33333 1.0101 0.0483101
-1.33333 1.09091 0.037917
-1.33333 1.17172 0.026723
-1.33333 1.25253 0.0147293
-1.33333 1.33333 0.00193678
-1.33333 1.41414 -0.0116535
-1.33333 1.49495 -0.0260404
-1.33333 1.57576 -0.0412228
-1.33333 1.65657 -0.0571998
-1.33333 1.73737 -0.0739702
-1.33333 1.81818 -0.091533
-1.33333 1.89899 -0.109887
-1.33333 1.9798 -0.129032
-1.33333 2.06061 -0.148966
-1.33333 2.14141 -0.16969
-1.33333 2.22222 -0.191202
-1.33333 2.30303 -0.213502
-1.33333 2.38384 -0.23659
-1.33333 2.46465 -0.260465
-1.33333 2.54545 -0.285129
-1.33333 2.62626 -0.31058
-1.33333 2.70707 -0.336821
-1.33333 2.78788 -0.363852
-1.33333 2.86869 -0.391674
-1.33333 2.94949 -0.420289
-1.33333 3.0303 -0.449698
-1.33333 3.11111 -0.479906
-1.33333 3.19192 -0.510913
-1.33333 3.27273 -0.542724
-1.33333 3.35354 -0.575343
-1.33333 3.43434 -0.608774
-1.33333 3.51515 -0.643021
-1.33333 3.59596 -0.678092
-1.33333 3.67677 -0.713991
-1.33333 3.75758 -0.750726
-1.33333 3.83838 -0.788304
-1.33333 3.91919 -0.826734
-1.33333 4 -0.866025
-1.25253 -4 -0.881453
-1.25253 -3.91919 -0.842068
-1.25253 -3.83838 -0.803558
-1.25253 -3.75758 -0.765915
-1.25253 -3.67677 -0.729127
-1.25253 -3.59596 -0.693187
-1.25253 -3.51515 -0.658086
-1.25253 -3.43434 -0.623817
-1.25253 -3.35354 -0.590373
-1.25253 -3.27273 -0.557748
-1.25253 -3.19192 -0.525936
-1.25253 -3.11111 -0.494933
-1.25253 -3.0303 -0.464735
-1.25253 -2.94949 -0.435337
-1.25253 -2.86869 -0.406736
-1.25253 -2.78788 -0.378929
-1.25253 -2.70707 -0.351914
-1.25253 -2.62626 -0.325689
-1.25253 -2.54545 -0.300251
-1.25253 -2.46465 -0.2756
-1.25253 -2.38384 -0.251734
-1.25253 -2.30303 -0.228652
-1.25253 -2.22222 -0.206354
-1.25253 -2.14141 -0.18484
-1.25253 -2.06061 -0.164109
-1.25253 -1.9798 -0.144163
-1.25253 -1.89899 -0.125
-1.25253 -1.81818 -0.106621
-1.25253 -1.73737 -0.0890276
-1.25253 -1.65657 -0.0722199
-1.25253 -1.57576 -0.0561988
-1.25253 -1.49495 -0.0409652
-1.25253 -1.41414 -0.0265202
-1.25253 -1.33333 -0.0128647
-1.25253 -1.25253 -1.05988e-17
-1.25253 -1.17172 0.0120729
-1.25253 -1.09091 0.0233528
-1.25253 -1.0101 0.0338386
-1.25253 -0.929293 0.0435291
-1.25253 -0.848485 0.0524231
-1.25253 -0.767677 0.0605197
-1.25253 -0.686869 0.0678176
-1.25253 -0.606061 0.074316
-1.25253 -0.525253 0.0800138
-1.25253 -0.444444 0.0849102
-1.25253 -0.363636 0.0890042
-1.25253 -0.282828 0.0922953
-1.25253 -0.20202 0.0947826
-1.25253 -0.121212 0.0964656
-1.25253 -0.040404 0.0973438
-1.25253 0.040404 0.0974168
-1.25253 0.121212 0.0966843
-1.25253 0.20202 0.095146
-1.25253 0.282828 0.0928019
-1.25253 0.363636 0.0896519
-1.25253 0.444444 0.0856961
-1.25253 0.525253 0.0809346
-1.25253 0.606061 0.0753677
-1.25253 0.686869 0.0689957
-1.25253 0.767677 0.0618191
-1.25253 0.848485 0.0538384
-1.25253 0.929293 0.0450541
-1.25253 1.0101 0.035467
-1.25253 1.09091 0.0250776
-1.25253 1.17172 0.0138868
-1.25253 1.25253 0.0018953
-1.25253 1.33333 -0.010896
-1.25253 1.41414 -0.0244863
-1.25253 1.49495 -0.0388747
-1.25253 1.57576 -0.0540603
-1.25253 1.65657 -0.0700424
-1.25253 1.73737 -0.0868202
-1.25253 1.81818 -0.104393
-1.25253 1.89899 -0.12276
-1.25253 1.9798 -0.14192
-1.25253 2.06061 -0.161874
-1.25253 2.14141 -0.18262
-1.25253 2.22222 -0.204159
-1.25253 2.30303 -0.22649
-1.25253 2.38384 -0.249614
-1.25253 2.46465 -0.273531
-1.25253 2.54545 -0.298241
-1.25253 2.62626 -0.323746
-1.25253 2.70707 -0.350046
-1.25253 2.78788 -0.377142
-1.25253 2.86869 -0.405037
-1.25253 2.94949 -0.433733
-1.25253 3.0303 -0.463232
-1.25253 3.11111 -0.493537
-1.25253 3.19192 -0.524651
-1.25253 3.27273 -0.556579
-1.25253 3.35354 -0.589324
-1.25253 3.43434 -0.622892
-1.25253 3.51515 -0.657289
-1.25253 3.59596 -0.692519
-1.25253 3.67677 -0.728591
-1.25253 3.75758 -0.765512
-1.25253 3.83838 -0.80329
-1.25253 3.91919 -0.841933
-1.25253 4 -0.881453
-1.17172 -4 -0.895994
-1.17172 -3.91919 -0.856393
-1.17172 -3.83838 -0.817683
-1.17172 -3.75758 -0.779852
-1.17172 -3.67677 -0.742889
-1.17172 -3.59596 -0.706786
-1.17172 -3.51515 -0.671534
-1.17172 -3.43434 -0.637125
-1.17172 -3.35354 -0.603552
-1.17172 -3.27273 -0.570808
-1.17172 -3.19192 -0.538886
-1.17172 -3.11111 -0.507783
-1.17172 -3.0303 -0.477492
-1.17172 -2.94949 -0.44801
-1.17172 -2.86869 -0.419333
-1.17172 -2.78788 -0.391457
-1.17172 -2.70707 -0.364379
-1.17172 -2.62626 -0.338098
-1.17172 -2.54545 -0.31261
-1.17172 -2.46465 -0.287913
-1.17172 -2.38384 -0.264008
-1.17172 -2.30303 -0.240891
-1.17172 -2.22222 -0.218563
-1.17172 -2.14141 -0.197022
-1.17172 -2.06061 -0.176269
-1.17172 -1.9798 -0.156302
-1.17172 -1.89899 -0.137123
-1.17172 -1.81818 -0.118731
-1.17172 -1.73737 -0.101127
-1.17172 -1.65657 -0.0843105
-1.17172 -1.57576 -0.0682828
-1.17172 -1.49495 -0.0530443
-1.17172 -1.41414 -0.038596
-1.17172 -1.33333 -0.0249385
-1.17172 -1.25253 -0.0120729
-1.17172 -1.17172 -2.26653e-17
-1.17172 -1.09091 0.0112792
-1.17172 -1.0101 0.0217637
-1.17172 -0.929293 0.0314524
-1.17172 -0.848485 0.0403445
-1.17172 -0.767677 0.048439
-1.17172 -0.686869 0.0557349
-1.17172 -0.606061 0.0622312
-1.17172 -0.525253 0.0679272
-1.17172 -0.444444 0.072822
-1.17172 -0.363636 0.0769149
-1.17172 -0.282828 0.0802051
-1.17172 -0.20202 0.082692
-1.17172 -0.121212 0.0843752
-1.17172 -0.040404 0.085254
-1.17172 0.040404 0.0853281
-1.17172 0.121212 0.0845972
-1.17172 0.20202 0.083061
-1.17172 0.282828 0.0807194
-1.17172 0.363636 0.0775723
-1.17172 0.444444 0.0736198
-1.17172 0.525253 0.0688619
-1.17172 0.606061 0.0632988
-1.17172 0.686869 0.0569308
-1.17172 0.767677 0.0497582
-1.17172 0.848485 0.0417813
-1.17172 0.929293 0.0330007
-1.17172 1.0101 0.0234168
-1.17172 1.09091 0.0130303
-1.17172 1.17172 0.00184156
-1.17172 1.25253 -0.0101486
-1.17172 1.33333 -0.0229397
-1.17172 1.41414 -0.0365309
-1.17172 1.49495 -0.0509217
-1.17172 1.57576 -0.0661115
-1.17172 1.65657 -0.0820995
-1.17172 1.73737 -0.0988854
-1.17172 1.81818 -0.116469
-1.17172 1.89899 -0.134849
-1.17172 1.9798 -0.154025
-1.17172 2.06061 -0.173998
-1.17172 2.14141 -0.194768
-1.17172 2.22222 -0.216333
-1.17172 2.30303 -0.238696
-1.17172 2.38384 -0.261855
-1.17172 2.46465 -0.285812
-1.17172 2.54545 -0.310568
-1.17172 2.62626 -0.336124
-1.17172 2.70707 -0.362481
-1.17172 2.78788 -0.389641
-1.17172 2.86869 -0.417607
-1.17172 2.94949 -0.446381
-1.17172 3.0303 -0.475965
-1.17172 3.11111 -0.506364
-1.17172 3.19192 -0.537581
-1.17172 3.27273 -0.56962
-1.17172 3.35354 -0.602486
-1.17172 3.43434 -0.636186
-1.17172 3.51515 -0.670724
-1.17172 3.59596 -0.706107
-1.17172 3.67677 -0.742344
-1.17172 3.75758 -0.779442
-1.17172 3.83838 -0.817409
-1.17172 3.91919 -0.856257
-1.17172 4 -0.895994
-1.09091 -4 -0.909632
-1.09091 -3.91919 -0.869828
-1.09091 -3.83838 -0.830928
-1.09091 -3.75758 -0.792919
-1.09091 -3.67677 -0.755791
-1.09091 -3.59596 -0.719534
-1.09091 -3.51515 -0.684139
-1.09091 -3.43434 -0.649597
-1.09091 -3.35354 -0.615901
-1.09091 -3.27273 -0.583043
-1.09091 -3.19192 -0.551018
-1.09091 -3.11111 -0.519818
-1.09091 -3.0303 -0.48944
-1.09091 -2.94949 -0.459878
-1.09091 -2.86869 -0.431127
-1.09091 -2.78788 -0.403185
-1.09091 -2.70707 -0.376047
-1.09091 -2.62626 -0.349711
-1.09091 -2.54545 -0.324174
-1.09091 -2.46465 -0.299435
-1.09091 -2.38384 -0.27549
-1.09091 -2.30303 -0.25234
-1.09091 -2.22222 -0.229982
-1.09091 -2.14141 -0.208415
-1.09091 -2.06061 -0.187639
-1.09091 -1.9798 -0.167654
-1.09091 -1.89899 -0.148458
-1.09091 -1.81818 -0.130052
-1.09091 -1.73737 -0.112437
-1.09091 -1.65657 -0.0956114
-1.09091 -1.57576 -0.0795765
-1.09091 -1.49495 -0.0643326
-1.09091 -1.41414 -0.0498802
-1.09091 -1.33333 -0.0362201
-1.09091 -1.25253 -0.0233528
-1.09091 -1.17172 -0.0112792
-1.09091 -1.09091 -2.24009e-17
-1.09091 -1.0101 0.0104839
-1.09091 -0.929293 0.0201717
-1.09091 -0.848485 0.0290625
-1.09091 -0.767677 0.0371555
-1.09091 -0.686869 0.0444498
-1.09091 -0.606061 0.0509447
-1.09091 -0.525253 0.0566393
-1.09091 -0.444444 0.061533
-1.09091 -0.363636 0.065625
-1.09091 -0.282828 0.0689146
-1.09091 -0.20202 0.0714014
-1.09091 -0.121212 0.0730847
-1.09091 -0.040404 0.0739641
-1.09091 0.040404 0.0740393
-1.09091 0.121212 0.0733098
-1.09091 0.20202 0.0717755
-1.09091 0.282828 0.0694361
-1.09091 0.363636 0.0662916
-1.09091 0.444444 0.0623419
-1.09091 0.525253 0.0575871
-1.09091 0.606061 0.0520272
-1.09091 0.686869 0.0456625
-1.09091 0.767677 0.0384931
-1.09091 0.848485 0.0305194
-1.09091 0.929293 0.0217417
-1.09091 1.0101 0.0121603
-1.09091 1.09091 0.00177573
-1.09091 1.17172 -0.00941166
-1.09091 1.25253 -0.0214014
-1.09091 1.33333 -0.0341929
-1.09091 1.41414 -0.0477859
-1.09091 1.49495 -0.0621798
-1.09091 1.57576 -0.0773743
-1.09091 1.65657 -0.0933689
-1.09091 1.73737 -0.110163
-1.09091 1.81818 -0.127757
-1.09091 1.89899 -0.146151
-1.09091 1.9798 -0.165344
-1.09091 2.06061 -0.185336
-1.09091 2.14141 -0.206128
-1.09091 2.22222 -0.22772
-1.09091 2.30303 -0.250113
-1.09091 2.38384 -0.273307
-1.09091 2.46465 -0.297303
-1.09091 2.54545 -0.322103
-1.09091 2.62626 -0.347708
-1.09091 2.70707 -0.374121
-1.09091 2.78788 -0.401342
-1.09091 2.86869 -0.429376
-1.09091 2.94949 -0.458224
-1.09091 3.0303 -0.48789
-1.09091 3.11111 -0.518378
-1.09091 3.19192 -0.549692
-1.09091 3.27273 -0.581838
-1.09091 3.35354 -0.614819
-1.09091 3.43434 -0.648643
-1.09091 3.51515 -0.683316
-1.09091 3.59596 -0.718845
-1.09091 3.67677 -0.755237
-1.09091 3.75758 -0.792503
-1.09091 3.83838 -0.83065
-1.09091 3.91919 -0.869689
-1.09091 4 -0.909632
-1.0101 -4 -0.922354
-1.0101 -3.91919 -0.88236
-1.0101 -3.83838 -0.84328
-1.0101 -3.75758 -0.805105
-1.0101 -3.67677 -0.767821
-1.0101 -3.59596 -0.731419
-1.0101 -3.51515 -0.695889
-1.0101 -3.43434 -0.661222
-1.0101 -3.35354 -0.627411
-1.0101 -3.27273 -0.594446
-1.0101 -3.19192 -0.562322
-1.0101 -3.11111 -0.531032
-1.0101 -3.0303 -0.50057
-1.0101 -2.94949 -0.470931
-1.0101 -2.86869 -0.442111
-1.0101 -2.78788 -0.414106
-1.0101 -2.70707 -0.386911
-1.0101 -2.62626 -0.360523
-1.0101 -2.54545 -0.33494
-1.0101 -2.46465 -0.310159
-1.0101 -2.38384 -0.286178
-1.0101 -2.30303 -0.262994
-1.0101 -2.22222 -0.240607
-1.0101 -2.14141 -0.219015
-1.0101 -2.06061 -0.198217
-1.0101 -1.9798 -0.178213
-1.0101 -1.89899 -0.159001
-1.0101 -1.81818 -0.140582
-1.0101 -1.73737 -0.122955
-1.0101 -1.65657 -0.10612
-1.0101 -1.57576 -0.0900779
-1.0101 -1.49495 -0.0748282
-1.0101 -1.41414 -0.0603714
-1.0101 -1.33333 -0.046708
-1.0101 -1.25253 -0.0338386
-1.0101 -1.17172 -0.0217637
-1.0101 -1.09091 -0.0104839
-1.0101 -1.0101 -2.51598e-17
-1.0101 -0.929293 0.00968734
-1.0101 -0.848485 0.0185774
-1.0101 -0.767677 0.0266694
-1.0101 -0.686869 0.0339627
-1.0101 -0.606061 0.0404565
-1.0101 -0.525253 0.0461502
-1.0101 -0.444444 0.051043
-1.0101 -0.363636 0.0551344
-1.0101 -0.282828 0.0584237
-1.0101 -0.20202 0.0609104
-1.0101 -0.121212 0.062594
-1.0101 -0.040404 0.063474
-1.0101 0.040404 0.0635501
-1.0101 0.121212 0.062822
-1.0101 0.20202 0.0612893
-1.0101 0.282828 0.0589519
-1.0101 0.363636 0.0558096
-1.0101 0.444444 0.0518624
-1.0101 0.525253 0.0471102
-1.0101 0.606061 0.041553
-1.0101 0.686869 0.035191
-1.0101 0.767677 0.0280244
-1.0101 0.848485 0.0200531
-1.0101 0.929293 0.0112777
-1.0101 1.0101 0.00169812
-1.0101 1.09091 -0.00868516
-1.0101 1.17172 -0.0198719
-1.0101 1.25253 -0.0318618
-1.0101 1.33333 -0.0446545
-1.0101 1.41414 -0.0582498
-1.0101 1.49495 -0.0726473
-1.0101 1.57576 -0.0878469
-1.0101 1.65657 -0.103848
-1.0101 1.73737 -0.120652
-1.0101 1.81818 -0.138257
-1.0101 1.89899 -0.156664
-1.0101 1.9798 -0.175872
-1.0101 2.06061 -0.195884
-1.0101 2.14141 -0.216698
-1.0101 2.22222 -0.238315
-1.0101 2.30303 -0.260737
-1.0101 2.38384 -0.283964
-1.0101 2.46465 -0.307998
-1.0101 2.54545 -0.332841
-1.0101 2.62626 -0.358493
-1.0101 2.70707 -0.384958
-1.0101 2.78788 -0.412238
-1.0101 2.86869 -0.440336
-1.0101 2.94949 -0.469254
-1.0101 3.0303 -0.498998
-1.0101 3.11111 -0.529571
-1.0101 3.19192 -0.560977
-1.0101 3.27273 -0.593223
-1.0101 3.35354 -0.626313
-1.0101 3.43434 -0.660255
-1.0101 3.51515 -0.695054
-1.0101 3.59596 -0.73072
-1.0101 3.67677 -0.76726
-1.0101 3.75758 -0.804683
-1.0101 3.83838 -0.842999
-1.0101 3.91919 -0.882219
-1.0101 4 -0.922354
-0.929293 -4 -0.934148
-0.929293 -3.91919 -0.893975
-0.929293 -3.83838 -0.854729
-0.929293 -3.75758 -0.816398
-0.929293 -3.67677 -0.778969
-0.929293 -3.59596 -0.742432
-0.929293 -3.51515 -0.706776
-0.929293 -3.43434 -0.671992
-0.929293 -3.35354 -0.638071
-0.929293 -3.27273 -0.605007
-0.929293 -3.19192 -0.57279
-0.929293 -3.11111 -0.541415
-0.929293 -3.0303 -0.510875
-0.929293 -2.94949 -0.481165
-0.929293 -2.86869 -0.452279
-0.929293 -2.78788 -0.424214
-0.929293 -2.70707 -0.396965
-0.929293 -2.62626 -0.370529
-0.929293 -2.54545 -0.344902
-0.929293 -2.46465 -0.320081
-0.929293 -2.38384 -0.296065
-0.929293 -2.30303 -0.27285
-0.929293 -2.22222 -0.250435
-0.929293 -2.14141 -0.228819
-0.929293 -2.06061 -0.208
-0.929293 -1.9798 -0.187977
-0.929293 -1.89899 -0.16875
-0.929293 -1.81818 -0.150317
-0.929293 -1.73737 -0.132679
-0.929293 -1.65657 -0.115835
-0.929293 -1.57576 -0.0997853
-0.929293 -1.49495 -0.0845295
-0.929293 -1.41414 -0.070068
-0.929293 -1.33333 -0.056401
-0.929293 -1.25253 -0.0435291
-0.929293 -1.17172 -0.0314524
-0.929293 -1.09091 -0.0201717
-0.929293 -1.0101 -0.00968734
-0.929293 -0.929293 -2.53492e-17
-0.929293 -0.848485 0.00888973
-0.929293 -0.767677 0.0169812
-0.929293 -0.686869 0.0242739
-0.929293 -0.606061 0.030767
-0.929293 -0.525253 0.03646
-0.929293 -0.444444 0.0413523
-0.929293 -0.363636 0.0454432
-0.929293 -0.282828 0.0487323
-0.929293 -0.20202 0.0512191
-0.929293 -0.121212 0.052903
-0.929293 -0.040404 0.0537836
-0.929293 0.040404 0.0538606
-0.929293 0.121212 0.0531337
-0.929293 0.20202 0.0516024
-0.929293 0.282828 0.0492667
-0.929293 0.363636 0.0461264
-0.929293 0.444444 0.0421812
-0.929293 0.525253 0.0374312
-0.929293 0.606061 0.0318764
-0.929293 0.686869 0.0255167
-0.929293 0.767677 0.0183521
-0.929293 0.848485 0.0103829
-0.929293 0.929293 0.00160913
-0.929293 1.0101 -0.00796909
-0.929293 1.09091 -0.0183516
-0.929293 1.17172 -0.0295382
-0.929293 1.25253 -0.0415287
-0.929293 1.33333 -0.054323
-0.929293 1.41414 -0.0679209
-0.929293 1.49495 -0.0823224
-0.929293 1.57576 -0.0975274
-0.929293 1.65657 -0.113536
-0.929293 1.73737 -0.130348
-0.929293 1.81818 -0.147964
-0.929293 1.89899 -0.166384
-0.929293 1.9798 -0.185608
-0.929293 2.06061 -0.205638
-0.929293 2.14141 -0.226473
-0.929293 2.22222 -0.248115
-0.929293 2.30303 -0.270565
-0.929293 2.38384 -0.293824
-0.929293 2.46465 -0.317894
-0.929293 2.54545 -0.342776
-0.929293 2.62626 -0.368474
-0.929293 2.70707 -0.394988
-0.929293 2.78788 -0.422323
-0.929293 2.86869 -0.450481
-0.929293 2.94949 -0.479466
-0.929293 3.0303 -0.509283
-0.929293 3.11111 -0.539935
-0.929293 3.19192 -0.571428
-0.929293 3.27273 -0.603768
-0.929293 3.35354 -0.63696
-0.929293 3.43434 -0.671011
-0.929293 3.51515 -0.70593
-0.929293 3.59596 -0.741723
-0.929293 3.67677 -0.7784
-0.929293 3.75758 -0.81597
-0.929293 3.83838 -0.854444
-0.929293 3.91919 -0.893832
-0.929293 4 -0.934148
-0.848485 -4 -0.945001
-0.848485 -3.91919 -0.904664
-0.848485 -3.83838 -0.865264
-0.848485 -3.75758 -0.826788
-0.848485 -3.67677 -0.789224
-0.848485 -3.59596 -0.752561
-0.848485 -3.51515 -0.716789
-0.848485 -3.43434 -0.681896
-0.848485 -3.35354 -0.647876
-0.848485 -3.27273 -0.614718
-0.848485 -3.19192 -0.582415
-0.848485 -3.11111 -0.550961
-0.848485 -3.0303 -0.520348
-0.848485 -2.94949 -0.490571
-0.848485 -2.86869 -0.461625
-0.848485 -2.78788 -0.433505
-0.848485 -2.70707 -0.406205
-0.848485 -2.62626 -0.379723
-0.848485 -2.54545 -0.354055
-0.848485 -2.46465 -0.329197
-0.848485 -2.38384 -0.305148
-0.848485 -2.30303 -0.281904
-0.848485 -2.22222 -0.259463
-0.848485 -2.14141 -0.237823
-0.848485 -2.06061 -0.216984
-0.848485 -1.9798 -0.196944
-0.848485 -1.89899 -0.177702
-0.848485 -1.81818 -0.159256
-0.848485 -1.73737 -0.141607
-0.848485 -1.65657 -0.124754
-0.848485 -1.57576 -0.108697
-0.848485 -1.49495 -0.0934348
-0.848485 -1.41414 -0.0789685
-0.848485 -1.33333 -0.0652979
-0.848485 -1.25253 -0.0524231
-0.848485 -1.17172 -0.0403445
-0.848485 -1.09091 -0.0290625
-0.848485 -1.0101 -0.0185774
-0.848485 -0.929293 -0.00888973
-0.848485 -0.848485 -3.38937e-17
-0.848485 -0.767677 0.00809127
-0.848485 -0.686869 0.0153835
-0.848485 -0.606061 0.0218762
-0.848485 -0.525253 0.0275688
-0.848485 -0.444444 0.0324607
-0.848485 -0.363636 0.0365515
-0.848485 -0.282828 0.0398405
-0.848485 -0.20202 0.0423274
-0.848485 -0.121212 0.0440117
-0.848485 -0.040404 0.0448929
-0.848485 0.040404 0.0449707
-0.848485 0.121212 0.0442448
-0.848485 0.20202 0.0427149
-0.848485 0.282828 0.0403806
-0.848485 0.363636 0.0372419
-0.848485 0.444444 0.0332986
-0.848485 0.525253 0.0285505
-0.848485 0.606061 0.0229975
-0.848485 0.686869 0.0166397
-0.848485 0.767677 0.00947691
-0.848485 0.848485 0.00150926
-0.848485 0.929293 -0.00726327
-0.848485 1.0101 -0.0168406
-0.848485 1.09091 -0.0272227
-0.848485 1.17172 -0.0384095
-0.848485 1.25253 -0.0504011
-0.848485 1.33333 -0.0631972
-0.848485 1.41414 -0.0767981
-0.848485 1.49495 -0.0912036
-0.848485 1.57576 -0.106414
-0.848485 1.65657 -0.12243
-0.848485 1.73737 -0.13925
-0.848485 1.81818 -0.156877
-0.848485 1.89899 -0.175309
-0.848485 1.9798 -0.194549
-0.848485 2.06061 -0.214596
-0.848485 2.14141 -0.235451
-0.848485 2.22222 -0.257116
-0.848485 2.30303 -0.279593
-0.848485 2.38384 -0.302882
-0.848485 2.46465 -0.326985
-0.848485 2.54545 -0.351905
-0.848485 2.62626 -0.377644
-0.848485 2.70707 -0.404205
-0.848485 2.78788 -0.431591
-0.848485 2.86869 -0.459806
-0.848485 2.94949 -0.488853
-0.848485 3.0303 -0.518737
-0.848485 3.11111 -0.549464
-0.848485 3.19192 -0.581037
-0.848485 3.27273 -0.613464
-0.848485 3.35354 -0.64675
-0.848485 3.43434 -0.680904
-0.848485 3.51515 -0.715932
-0.848485 3.59596 -0.751844
-0.848485 3.67677 -0.788648
-0.848485 3.75758 -0.826355
-0.848485 3.83838 -0.864974
-0.848485 3.91919 -0.904519
-0.848485 4 -0.945001
-0.767677 -4 -0.954902
-0.767677 -3.91919 -0.914414
-0.767677 -3.83838 -0.874873
-0.767677 -3.75758 -0.836265
-0.767677 -3.67677 -0.798578
-0.767677 -3.59596 -0.7618
-0.767677 -3.51515 -0.72592
-0.767677 -3.43434 -0.690928
-0.767677 -3.35354 -0.656815
-0.767677 -3.27273 -0.623572
-0.767677 -3.19192 -0.59119
-0.767677 -3.11111 -0.559663
-0.767677 -3.0303 -0.528984
-0.767677 -2.94949 -0.499145
-0.767677 -2.86869 -0.470143
-0.767677 -2.78788 -0.441971
-0.767677 -2.70707 -0.414625
-0.767677 -2.62626 -0.388101
-0.767677 -2.54545 -0.362395
-0.767677 -2.46465 -0.337503
-0.767677 -2.38384 -0.313422
-0.767677 -2.30303 -0.290151
-0.767677 -2.22222 -0.267686
-0.767677 -2.14141 -0.246025
-0.767677 -2.06061 -0.225167
-0.767677 -1.9798 -0.20511
-0.767677 -1.89899 -0.185854
-0.767677 -1.81818 -0.167396
-0.767677 -1.73737 -0.149737
-0.767677 -1.65657 -0.132875
-0.767677 -1.57576 -0.11681
-0.767677 -1.49495 -0.101543
-0.767677 -1.41414 -0.0870716
-0.767677 -1.33333 -0.0733973
-0.767677 -1.25253 -0.0605197
-0.767677 -1.17172 -0.048439
-0.767677 -1.09091 -0.0371555
-0.767677 -1.0101 -0.0266694
-0.767677 -0.929293 -0.0169812
-0.767677 -0.848485 -0.00809127
-0.767677 -0.767677 -2.94782e-17
-0.767677 -0.686869 0.00729211
-0.767677 -0.606061 0.0137846
-0.767677 -0.525253 0.0194769
-0.767677 -0.444444 0.0243687
-0.767677 -0.363636 0.0284593
-0.767677 -0.282828 0.0317484
-0.767677 -0.20202 0.0342354
-0.767677 -0.121212 0.0359201
-0.767677 -0.040404 0.0368018
-0.767677 0.040404 0.0368804
-0.767677 0.121212 0.0361554
-0.767677 0.20202 0.0346266
-0.767677 0.282828 0.0322937
-0.767677 0.363636 0.0291564
-0.767677 0.444444 0.0252146
-0.767677 0.525253 0.0204681
-0.767677 0.606061 0.0149167
-0.767677 0.686869 0.00856043
-0.767677 0.767677 0.00139909
-0.767677 0.848485 -0.00656734
-0.767677 0.929293 -0.0153389
-0.767677 1.0101 -0.0249157
-0.767677 1.09091 -0.0352977
-0.767677 1.17172 -0.046485
-0.767677 1.25253 -0.0584777
-0.767677 1.33333 -0.0712759
-0.767677 1.41414 -0.0848797
-0.767677 1.49495 -0.0992894
-0.767677 1.57576 -0.114505
-0.767677 1.65657 -0.130527
-0.767677 1.73737 -0.147356
-0.767677 1.81818 -0.164993
-0.767677 1.89899 -0.183437
-0.767677 1.9798 -0.202691
-0.767677 2.06061 -0.222754
-0.767677 2.14141 -0.243629
-0.767677 2.22222 -0.265315
-0.767677 2.30303 -0.287816
-0.767677 2.38384 -0.311133
-0.767677 2.46465 -0.335267
-0.767677 2.54545 -0.360222
-0.767677 2.62626 -0.386
-0.767677 2.70707 -0.412604
-0.767677 2.78788 -0.440038
-0.767677 2.86869 -0.468304
-0.767677 2.94949 -0.497409
-0.767677 3.0303 -0.527355
-0.767677 3.11111 -0.55815
-0.767677 3.19192 -0.589797
-0.767677 3.27273 -0.622304
-0.767677 3.35354 -0.655678
-0.767677 3.43434 -0.689925
-0.767677 3.51515 -0.725054
-0.767677 3.59596 -0.761075
-0.767677 3.67677 -0.797995
-0.767677 3.75758 -0.835827
-0.767677 3.83838 -0.87458
-0.767677 3.91919 -0.914268
-0.767677 4 -0.954902
-0.686869 -4 -0.963842
-0.686869 -3.91919 -0.923217
-0.686869 -3.83838 -0.883548
-0.686869 -3.75758 -0.844821
-0.686869 -3.67677 -0.807022
-0.686869 -3.59596 -0.77014
-0.686869 -3.51515 -0.734163
-0.686869 -3.43434 -0.69908
-0.686869 -3.35354 -0.664883
-0.686869 -3.27273 -0.631562
-0.686869 -3.19192 -0.599109
-0.686869 -3.11111 -0.567516
-0.686869 -3.0303 -0.536775
-0.686869 -2.94949 -0.506881
-0.686869 -2.86869 -0.477828
-0.686869 -2.78788 -0.44961
-0.686869 -2.70707 -0.422221
-0.686869 -2.62626 -0.395658
-0.686869 -2.54545 -0.369917
-0.686869 -2.46465 -0.344994
-0.686869 -2.38384 -0.320886
-0.686869 -2.30303 -0.297589
-0.686869 -2.22222 -0.275101
-0.686869 -2.14141 -0.253421
-0.686869 -2.06061 -0.232546
-0.686869 -1.9798 -0.212474
-0.686869 -1.89899 -0.193204
-0.686869 -1.81818 -0.174735
-0.686869 -1.73737 -0.157066
-0.686869 -1.65657 -0.140196
-0.686869 -1.57576 -0.124125
-0.686869 -1.49495 -0.108852
-0.686869 -1.41414 -0.094376
-0.686869 -1.33333 -0.080698
-0.686869 -1.25253 -0.0678176
-0.686869 -1.17172 -0.0557349
-0.686869 -1.09091 -0.0444498
-0.686869 -1.0101 -0.0339627
-0.686869 -0.929293 -0.0242739
-0.686869 -0.848485 -0.0153835
-0.686869 -0.767677 -0.00729211
-0.686869 -0.686869 -3.02949e-17
-0.686869 -0.606061 0.00649239
-0.686869 -0.525253 0.0121846
-0.686869 -0.444444 0.0170763
-0.686869 -0.363636 0.0211669
-0.686869 -0.282828 0.0244561
-0.686869 -0.20202 0.0269433
-0.686869 -0.121212 0.0286283
-0.686869 -0.040404 0.0295106
-0.686869 0.040404 0.0295898
-0.686869 0.121212 0.0288657
-0.686869 0.20202 0.0273379
-0.686869 0.282828 0.0250061
-0.686869 0.363636 0.02187
-0.686869 0.444444 0.0179295
-0.686869 0.525253 0.0131844
-0.686869 0.606061 0.00763435
-0.686869 0.686869 0.00127932
-0.686869 0.767677 -0.00588086
-0.686869 0.848485 -0.0138463
-0.686869 0.929293 -0.0226172
-0.686869 1.0101 -0.0321936
-0.686869 1.09091 -0.0425758
-0.686869 1.17172 -0.0537637
-0.686869 1.25253 -0.0657577
-0.686869 1.33333 -0.0785579
-0.686869 1.41414 -0.0921647
-0.686869 1.49495 -0.106578
-0.686869 1.57576 -0.121799
-0.686869 1.65657 -0.137828
-0.686869 1.73737 -0.154664
-0.686869 1.81818 -0.17231
-0.686869 1.89899 -0.190766
-0.686869 1.9798 -0.210032
-0.686869 2.06061 -0.230111
-0.686869 2.14141 -0.251003
-0.686869 2.22222 -0.272709
-0.686869 2.30303 -0.295233
-0.686869 2.38384 -0.318575
-0.686869 2.46465 -0.342738
-0.686869 2.54545 -0.367724
-0.686869 2.62626 -0.393537
-0.686869 2.70707 -0.420181
-0.686869 2.78788 -0.447657
-0.686869 2.86869 -0.475971
-0.686869 2.94949 -0.505128
-0.686869 3.0303 -0.535131
-0.686869 3.11111 -0.565987
-0.686869 3.19192 -0.597702
-0.686869 3.27273 -0.630282
-0.686869 3.35354 -0.663734
-0.686869 3.43434 -0.698067
-0.686869 3.51515 -0.733288
-0.686869 3.59596 -0.769406
-0.686869 3.67677 -0.806433
-0.686869 3.75758 -0.844378
-0.686869 3.83838 -0.883253
-0.686869 3.91919 -0.92307
-0.686869 4 -0.963842
-0.606061 -4 -0.971812
-0.606061 -3.91919 -0.931065
-0.606061 -3.83838 -0.891281
-0.606061 -3.75758 -0.852447
-0.606061 -3.67677 -0.814548
-0.606061 -3.59596 -0.777572
-0.606061 -3.51515 -0.741509
-0.606061 -3.43434 -0.706346
-0.606061 -3.35354 -0.672074
-0.606061 -3.27273 -0.638683
-0.606061 -3.19192 -0.606166
-0.606061 -3.11111 -0.574513
-0.606061 -3.0303 -0.543718
-0.606061 -2.94949 -0.513775
-0.606061 -2.86869 -0.484675
-0.606061 -2.78788 -0.456415
-0.606061 -2.70707 -0.428989
-0.606061 -2.62626 -0.402391
-0.606061 -2.54545 -0.376619
-0.606061 -2.46465 -0.351668
-0.606061 -2.38384 -0.327534
-0.606061 -2.30303 -0.304214
-0.606061 -2.22222 -0.281707
-0.606061 -2.14141 -0.260009
-0.606061 -2.06061 -0.239118
-0.606061 -1.9798 -0.219032
-0.606061 -1.89899 -0.199751
-0.606061 -1.81818 -0.181271
-0.606061 -1.73737 -0.163594
-0.606061 -1.65657 -0.146716
-0.606061 -1.57576 -0.130639
-0.606061 -1.49495 -0.11536
-0.606061 -1.41414 -0.10088
-0.606061 -1.33333 -0.087199
-0.606061 -1.25253 -0.074316
-0.606061 -1.17172 -0.0622312
-0.606061 -1.09091 -0.0509447
-0.606061 -1.0101 -0.0404565
-0.606061 -0.929293 -0.030767
-0.606061 -0.848485 -0.0218762
-0.606061 -0.767677 -0.0137846
-0.606061 -0.686869 -0.00649239
-0.606061 -0.606061 -2.6427e-17
-0.606061 -0.525253 0.00569221
-0.606061 -0.444444 0.0105838
-0.606061 -0.363636 0.0146745
-0.606061 -0.282828 0.0179638
-0.606061 -0.20202 0.0204512
-0.606061 -0.121212 0.0221365
-0.606061 -0.040404 0.0230193
-0.606061 0.040404 0.0230992
-0.606061 0.121212 0.0223758
-0.606061 0.20202 0.0208488
-0.606061 0.282828 0.018518
-0.606061 0.363636 0.015383
-0.606061 0.444444 0.0114436
-0.606061 0.525253 0.0066996
-0.606061 0.606061 0.00115072
-0.606061 0.686869 -0.00520324
-0.606061 0.767677 -0.0123625
-0.606061 0.848485 -0.0203272
-0.606061 0.929293 -0.0290975
-0.606061 1.0101 -0.0386738
-0.606061 1.09091 -0.0490561
-0.606061 1.17172 -0.0602447
-0.606061 1.25253 -0.07224
-0.606061 1.33333 -0.0850422
-0.606061 1.41414 -0.0986516
-0.606061 1.49495 -0.113069
-0.606061 1.57576 -0.128294
-0.606061 1.65657 -0.144329
-0.606061 1.73737 -0.161173
-0.606061 1.81818 -0.178827
-0.606061 1.89899 -0.197293
-0.606061 1.9798 -0.216571
-0.606061 2.06061 -0.236663
-0.606061 2.14141 -0.25757
-0.606061 2.22222 -0.279295
-0.606061 2.30303 -0.301839
-0.606061 2.38384 -0.325203
-0.606061 2.46465 -0.349392
-0.606061 2.54545 -0.374407
-0.606061 2.62626 -0.400252
-0.606061 2.70707 -0.42693
-0.606061 2.78788 -0.454446
-0.606061 2.86869 -0.482803
-0.606061 2.94949 -0.512005
-0.606061 3.0303 -0.54206
-0.606061 3.11111 -0.572971
-0.606061 3.19192 -0.604746
-0.606061 3.27273 -0.637391
-0.606061 3.35354 -0.670914
-0.606061 3.43434 -0.705323
-0.606061 3.51515 -0.740626
-0.606061 3.59596 -0.776832
-0.606061 3.67677 -0.813953
-0.606061 3.75758 -0.852
-0.606061 3.83838 -0.890983
-0.606061 3.91919 -0.930916
-0.606061 4 -0.971812
-0.525253 -4 -0.978802
-0.525253 -3.91919 -0.937949
-0.525253 -3.83838 -0.898065
-0.525253 -3.75758 -0.859136
-0.525253 -3.67677 -0.82115
-0.525253 -3.59596 -0.784092
-0.525253 -3.51515 -0.747952
-0.525253 -3.43434 -0.712718
-0.525253 -3.35354 -0.678381
-0.525253 -3.27273 -0.644929
-0.525253 -3.19192 -0.612355
-0.525253 -3.11111 -0.580651
-0.525253 -3.0303 -0.549808
-0.525253 -2.94949 -0.51982
-0.525253 -2.86869 -0.490681
-0.525253 -2.78788 -0.462384
-0.525253 -2.70707 -0.434924
-0.525253 -2.62626 -0.408296
-0.525253 -2.54545 -0.382496
-0.525253 -2.46465 -0.35752
-0.525253 -2.38384 -0.333364
-0.525253 -2.30303 -0.310025
-0.525253 -2.22222 -0.2875
-0.525253 -2.14141 -0.265786
-0.525253 -2.06061 -0.244881
-0.525253 -1.9798 -0.224783
-0.525253 -1.89899 -0.205491
-0.525253 -1.81818 -0.187003
-0.525253 -1.73737 -0.169317
-0.525253 -1.65657 -0.152433
-0.525253 -1.57576 -0.13635
-0.525253 -1.49495 -0.121067
-0.525253 -1.41414 -0.106584
-0.525253 -1.33333 -0.0928992
-0.525253 -1.25253 -0.0800138
-0.525253 -1.17172 -0.0679272
-0.525253 -1.09091 -0.0566393
-0.525253 -1.0101 -0.0461502
-0.525253 -0.929293 -0.03646
-0.525253 -0.848485 -0.0275688
-0.525253 -0.767677 -0.0194769
-0.525253 -0.686869 -0.0121846
-0.525253 -0.606061 -0.00569221
-0.525253 -0.525253 -2.72473e-17
-0.525253 -0.444444 0.00489164
-0.525253 -0.363636 0.00898233
-0.525253 -0.282828 0.0122717
-0.525253 -0.20202 0.0147594
-0.525253 -0.121212 0.016445
-0.525253 -0.040404 0.0173282
-0.525253 0.040404 0.0174086
-0.525253 0.121212 0.0166858
-0.525253 0.20202 0.0151596
-0.525253 0.282828 0.0128296
-0.525253 0.363636 0.00969556
-0.525253 0.444444 0.00575716
-0.525253 0.525253 0.00101412
-0.525253 0.606061 -0.00453379
-0.525253 0.686869 -0.0108868
-0.525253 0.767677 -0.0180453
-0.525253 0.848485 -0.0260093
-0.525253 0.929293 -0.0347793
-0.525253 1.0101 -0.0443553
-0.525253 1.09091 -0.0547379
-0.525253 1.17172 -0.0659272
-0.525253 1.25253 -0.0779236
-0.525253 1.33333 -0.0907275
-0.525253 1.41414 -0.104339
-0.525253 1.49495 -0.11876
-0.525253 1.57576 -0.13399
-0.525253 1.65657 -0.150029
-0.525253 1.73737 -0.166879
-0.525253 1.81818 -0.184541
-0.525253 1.89899 -0.203016
-0.525253 1.9798 -0.222304
-0.525253 2.06061 -0.242408
-0.525253 2.14141 -0.26333
-0.525253 2.22222 -0.28507
-0.525253 2.30303 -0.307631
-0.525253 2.38384 -0.331016
-0.525253 2.46465 -0.355228
-0.525253 2.54545 -0.380268
-0.525253 2.62626 -0.406141
-0.525253 2.70707 -0.43285
-0.525253 2.78788 -0.460399
-0.525253 2.86869 -0.488794
-0.525253 2.94949 -0.518037
-0.525253 3.0303 -0.548136
-0.525253 3.11111 -0.579097
-0.525253 3.19192 -0.610924
-0.525253 3.27273 -0.643627
-0.525253 3.35354 -0.677211
-0.525253 3.43434 -0.711687
-0.525253 3.51515 -0.747062
-0.525253 3.59596 -0.783346
-0.525253 3.67677 -0.82055
-0.525253 3.75758 -0.858685
-0.525253 3.83838 -0.897764
-0.525253 3.91919 -0.937798
-0.525253 4 -0.978802
-0.444444 -4 -0.984808
-0.444444 -3.91919 -0.943862
-0.444444 -3.83838 -0.903892
-0.444444 -3.75758 -0.864883
-0.444444 -3.67677 -0.826821
-0.444444 -3.59596 -0.789694
-0.444444 -3.51515 -0.753488
-0.444444 -3.43434 -0.718193
-0.444444 -3.35354 -0.683799
-0.444444 -3.27273 -0.650295
-0.444444 -3.19192 -0.617673
-0.444444 -3.11111 -0.585924
-0.444444 -3.0303 -0.55504
-0.444444 -2.94949 -0.525015
-0.444444 -2.86869 -0.495841
-0.444444 -2.78788 -0.467512
-0.444444 -2.70707 -0.440024
-0.444444 -2.62626 -0.41337
-0.444444 -2.54545 -0.387546
-0.444444 -2.46465 -0.362549
-0.444444 -2.38384 -0.338374
-0.444444 -2.30303 -0.315018
-0.444444 -2.22222 -0.292477
-0.444444 -2.14141 -0.27075
-0.444444 -2.06061 -0.249833
-0.444444 -1.9798 -0.229725
-0.444444 -1.89899 -0.210424
-0.444444 -1.81818 -0.191928
-0.444444 -1.73737 -0.174236
-0.444444 -1.65657 -0.157346
-0.444444 -1.57576 -0.141258
-0.444444 -1.49495 -0.125971
-0.444444 -1.41414 -0.111484
-0.444444 -1.33333 -0.0977976
-0.444444 -1.25253 -0.0849102
-0.444444 -1.17172 -0.072822
-0.444444 -1.09091 -0.061533
-0.444444 -1.0101 -0.051043
-0.444444 -0.929293 -0.0413523
-0.444444 -0.848485 -0.0324607
-0.444444 -0.767677 -0.0243687
-0.444444 -0.686869 -0.0170763
-0.444444 -0.606061 -0.0105838
-0.444444 -0.525253 -0.00489164
-0.444444 -0.444444 -2.67773e-17
-0.444444 -0.363636 0.00409073
-0.444444 -0.282828 0.0073802
-0.444444 -0.20202 0.00986804
-0.444444 -0.121212 0.0115539
-0.444444 -0.040404 0.0124374
-0.444444 0.040404 0.0125183
-0.444444 0.121212 0.0117961
-0.444444 0.20202 0.0102705
-0.444444 0.282828 0.00794128
-0.444444 0.363636 0.00480803
-0.444444 0.444444 0.000870458
-0.444444 0.525253 -0.00387172
-0.444444 0.606061 -0.00941878
-0.444444 0.686869 -0.015771
-0.444444 0.767677 -0.0229288
-0.444444 0.848485 -0.0308922
-0.444444 0.929293 -0.0396618
-0.444444 1.0101 -0.0492377
-0.444444 1.09091 -0.0596204
-0.444444 1.17172 -0.0708103
-0.444444 1.25253 -0.0828076
-0.444444 1.33333 -0.0956131
-0.444444 1.41414 -0.109227
-0.444444 1.49495 -0.12365
-0.444444 1.57576 -0.138883
-0.444444 1.65657 -0.154927
-0.444444 1.73737 -0.171783
-0.444444 1.81818 -0.189451
-0.444444 1.89899 -0.207933
-0.444444 1.9798 -0.227231
-0.444444 2.06061 -0.247345
-0.444444 2.14141 -0.268278
-0.444444 2.22222 -0.290032
-0.444444 2.30303 -0.312609
-0.444444 2.38384 -0.336011
-0.444444 2.46465 -0.360242
-0.444444 2.54545 -0.385304
-0.444444 2.62626 -0.4112
-0.444444 2.70707 -0.437936
-0.444444 2.78788 -0.465514
-0.444444 2.86869 -0.493941
-0.444444 2.94949 -0.52322
-0.444444 3.0303 -0.553357
-0.444444 3.11111 -0.584359
-0.444444 3.19192 -0.616232
-0.444444 3.27273 -0.648984
-0.444444 3.35354 -0.682621
-0.444444 3.43434 -0.717154
-0.444444 3.51515 -0.752591
-0.444444 3.59596 -0.788942
-0.444444 3.67677 -0.826217
-0.444444 3.75758 -0.864429
-0.444444 3.83838 -0.903589
-0.444444 3.91919 -0.94371
-0.444444 4 -0.984808
-0.363636 -4 -0.989821
-0.363636 -3.91919 -0.948799
-0.363636 -3.83838 -0.908758
-0.363636 -3.75758 -0.869682
-0.363636 -3.67677 -0.831557
-0.363636 -3.59596 -0.794371
-0.363636 -3.51515 -0.758111
-0.363636 -3.43434 -0.722766
-0.363636 -3.35354 -0.688325
-0.363636 -3.27273 -0.654778
-0.363636 -3.19192 -0.622115
-0.363636 -3.11111 -0.590329
-0.363636 -3.0303 -0.559412
-0.363636 -2.94949 -0.529355
-0.363636 -2.86869 -0.500152
-0.363636 -2.78788 -0.471797
-0.363636 -2.70707 -0.444285
-0.363636 -2.62626 -0.41761
-0.363636 -2.54545 -0.391767
-0.363636 -2.46465 -0.366752
-0.363636 -2.38384 -0.342561
-0.363636 -2.30303 -0.31919
-0.363636 -2.22222 -0.296637
-0.363636 -2.14141 -0.274899
-0.363636 -2.06061 -0.253973
-0.363636 -1.9798 -0.233856
-0.363636 -1.89899 -0.214548
-0.363636 -1.81818 -0.196045
-0.363636 -1.73737 -0.178348
-0.363636 -1.65657 -0.161453
-0.363636 -1.57576 -0.145362
-0.363636 -1.49495 -0.130071
-0.363636 -1.41414 -0.115582
-0.363636 -1.33333 -0.101893
-0.363636 -1.25253 -0.0890042
-0.363636 -1.17172 -0.0769149
-0.363636 -1.09091 -0.065625
-0.363636 -1.0101 -0.0551344
-0.363636 -0.929293 -0.0454432
-0.363636 -0.848485 -0.0365515
-0.363636 -0.767677 -0.0284593
-0.363636 -0.686869 -0.0211669
-0.363636 -0.606061 -0.0146745
-0.363636 -0.525253 -0.00898233
-0.363636 -0.444444 -0.00409073
-0.363636 -0.363636 -2.62457e-17
-0.363636 -0.282828 0.00328952
-0.363636 -0.20202 0.00577749
-0.363636 -0.121212 0.00746357
-0.363636 -0.040404 0.00834739
-0.363636 0.040404 0.00842861
-0.363636 0.121212 0.00770689
-0.363636 0.20202 0.00618189
-0.363636 0.282828 0.00385327
-0.363636 0.363636 0.000720698
-0.363636 0.444444 -0.00321614
-0.363636 0.525253 -0.00795755
-0.363636 0.606061 -0.0135039
-0.363636 0.686869 -0.0198554
-0.363636 0.767677 -0.0270125
-0.363636 0.848485 -0.0349754
-0.363636 0.929293 -0.0437446
-0.363636 1.0101 -0.0533203
-0.363636 1.09091 -0.0637031
-0.363636 1.17172 -0.0748933
-0.363636 1.25253 -0.0868914
-0.363636 1.33333 -0.0996979
-0.363636 1.41414 -0.113314
-0.363636 1.49495 -0.127739
-0.363636 1.57576 -0.142975
-0.363636 1.65657 -0.159022
-0.363636 1.73737 -0.175882
-0.363636 1.81818 -0.193556
-0.363636 1.89899 -0.212044
-0.363636 1.9798 -0.231349
-0.363636 2.06061 -0.251472
-0.363636 2.14141 -0.272414
-0.363636 2.22222 -0.294179
-0.363636 2.30303 -0.316769
-0.363636 2.38384 -0.340185
-0.363636 2.46465 -0.364432
-0.363636 2.54545 -0.389511
-0.363636 2.62626 -0.415428
-0.363636 2.70707 -0.442185
-0.363636 2.78788 -0.469788
-0.363636 2.86869 -0.498241
-0.363636 2.94949 -0.527549
-0.363636 3.0303 -0.557718
-0.363636 3.11111 -0.588755
-0.363636 3.19192 -0.620665
-0.363636 3.27273 -0.653458
-0.363636 3.35354 -0.68714
-0.363636 3.43434 -0.72172
-0.363636 3.51515 -0.757208
-0.363636 3.59596 -0.793614
-0.363636 3.67677 -0.830949
-0.363636 3.75758 -0.869224
-0.363636 3.83838 -0.908452
-0.363636 3.91919 -0.948646
-0.363636 4 -0.989821
-0.282828 -4 -0.993838
-0.282828 -3.91919 -0.952756
-0.282828 -3.83838 -0.912657
-0.282828 -3.75758 -0.873528
-0.282828 -3.67677 -0.835354
-0.282828 -3.59596 -0.798121
-0.282828 -3.51515 -0.761818
-0.282828 -3.43434 -0.726433
-0.282828 -3.35354 -0.691955
-0.282828 -3.27273 -0.658373
-0.282828 -3.19192 -0.625679
-0.282828 -3.11111 -0.593863
-0.282828 -3.0303 -0.562919
-0.282828 -2.94949 -0.532837
-0.282828 -2.86869 -0.503612
-0.282828 -2.78788 -0.475237
-0.282828 -2.70707 -0.447706
-0.282828 -2.62626 -0.421013
-0.282828 -2.54545 -0.395155
-0.282828 -2.46465 -0.370126
-0.282828 -2.38384 -0.345923
-0.282828 -2.30303 -0.322542
-0.282828 -2.22222 -0.299979
-0.282828 -2.14141 -0.278232
-0.282828 -2.06061 -0.257298
-0.282828 -1.9798 -0.237175
-0.282828 -1.89899 -0.217861
-0.282828 -1.81818 -0.199354
-0.282828 -1.73737 -0.181652
-0.282828 -1.65657 -0.164754
-0.282828 -1.57576 -0.148659
-0.282828 -1.49495 -0.133367
-0.282828 -1.41414 -0.118876
-0.282828 -1.33333 -0.105185
-0.282828 -1.25253 -0.0922953
-0.282828 -1.17172 -0.0802051
-0.282828 -1.09091 -0.0689146
-0.282828 -1.0101 -0.0584237
-0.282828 -0.929293 -0.0487323
-0.282828 -0.848485 -0.0398405
-0.282828 -0.767677 -0.0317484
-0.282828 -0.686869 -0.0244561
-0.282828 -0.606061 -0.0179638
-0.282828 -0.525253 -0.0122717
-0.282828 -0.444444 -0.0073802
-0.282828 -0.363636 -0.00328952
-0.282828 -0.282828 -2.57759e-17
-0.282828 -0.20202 0.00248804
-0.282828 -0.121212 0.00417425
-0.282828 -0.040404 0.0050583
-0.282828 0.040404 0.00513983
-0.282828 0.121212 0.0044185
-0.282828 0.20202 0.00289396
-0.282828 0.282828 0.000565877
-0.282828 0.363636 -0.00256609
-0.282828 0.444444 -0.00650228
-0.282828 0.525253 -0.011243
-0.282828 0.606061 -0.0167887
-0.282828 0.686869 -0.0231395
-0.282828 0.767677 -0.030296
-0.282828 0.848485 -0.0382584
-0.282828 0.929293 -0.0470271
-0.282828 1.0101 -0.0566026
-0.282828 1.09091 -0.0669852
-0.282828 1.17172 -0.0781755
-0.282828 1.25253 -0.090174
-0.282828 1.33333 -0.102981
-0.282828 1.41414 -0.116598
-0.282828 1.49495 -0.131025
-0.282828 1.57576 -0.146263
-0.282828 1.65657 -0.162313
-0.282828 1.73737 -0.179176
-0.282828 1.81818 -0.196853
-0.282828 1.89899 -0.215346
-0.282828 1.9798 -0.234657
-0.282828 2.06061 -0.254786
-0.282828 2.14141 -0.275736
-0.282828 2.22222 -0.29751
-0.282828 2.30303 -0.320109
-0.282828 2.38384 -0.343537
-0.282828 2.46465 -0.367795
-0.282828 2.54545 -0.392889
-0.282828 2.62626 -0.418821
-0.282828 2.70707 -0.445596
-0.282828 2.78788 -0.473218
-0.282828 2.86869 -0.501691
-0.282828 2.94949 -0.531022
-0.282828 3.0303 -0.561217
-0.282828 3.11111 -0.592281
-0.282828 3.19192 -0.624221
-0.282828 3.27273 -0.657046
-0.282828 3.35354 -0.690763
-0.282828 3.43434 -0.725381
-0.282828 3.51515 -0.76091
-0.282828 3.59596 -0.79736
-0.282828 3.67677 -0.834742
-0.282828 3.75758 -0.873067
-0.282828 3.83838 -0.91235
-0.282828 3.91919 -0.952602
-0.282828 4 -0.993838
-0.20202 -4 -0.996855
-0.20202 -3.91919 -0.955727
-0.20202 -3.83838 -0.915586
-0.20202 -3.75758 -0.876418
-0.20202 -3.67677 -0.838207
-0.20202 -3.59596 -0.80094
-0.20202 -3.51515 -0.764605
-0.20202 -3.43434 -0.729191
-0.20202 -3.35354 -0.694685
-0.20202 -3.27273 -0.661078
-0.20202 -3.19192 -0.628361
-0.20202 -3.11111 -0.596524
-0.20202 -3.0303 -0.565559
-0.20202 -2.94949 -0.53546
-0.20202 -2.86869 -0.506218
-0.20202 -2.78788 -0.477828
-0.20202 -2.70707 -0.450283
-0.20202 -2.62626 -0.423579
-0.20202 -2.54545 -0.39771
-0.20202 -2.46465 -0.372671
-0.20202 -2.38384 -0.348459
-0.20202 -2.30303 -0.32507
-0.20202 -2.22222 -0.3025
-0.20202 -2.14141 -0.280747
-0.20202 -2.06061 -0.259808
-0.20202 -1.9798 -0.23968
-0.20202 -1.89899 -0.220362
-0.20202 -1.81818 -0.201852
-0.20202 -1.73737 -0.184147
-0.20202 -1.65657 -0.167247
-0.20202 -1.57576 -0.151151
-0.20202 -1.49495 -0.135857
-0.20202 -1.41414 -0.121365
-0.20202 -1.33333 -0.107673
-0.20202 -1.25253 -0.0947826
-0.20202 -1.17172 -0.082692
-0.20202 -1.09091 -0.0714014
-0.20202 -1.0101 -0.0609104
-0.20202 -0.929293 -0.0512191
-0.20202 -0.848485 -0.0423274
-0.20202 -0.767677 -0.0342354
-0.20202 -0.686869 -0.0269433
-0.20202 -0.606061 -0.0204512
-0.20202 -0.525253 -0.0147594
-0.20202 -0.444444 -0.00986804
-0.20202 -0.363636 -0.00577749
-0.20202 -0.282828 -0.00248804
-0.20202 -0.20202 -2.73058e-17
-0.20202 -0.121212 0.00168629
-0.20202 -0.040404 0.00257048
-0.20202 0.040404 0.00265225
-0.20202 0.121212 0.00193122
-0.20202 0.20202 0.000407073
-0.20202 0.282828 -0.00192055
-0.20202 0.363636 -0.005052
-0.20202 0.444444 -0.00898762
-0.20202 0.525253 -0.0137278
-0.20202 0.606061 -0.0192728
-0.20202 0.686869 -0.025623
-0.20202 0.767677 -0.0327788
-0.20202 0.848485 -0.0407406
-0.20202 0.929293 -0.0495088
-0.20202 1.0101 -0.0590839
-0.20202 1.09091 -0.0694662
-0.20202 1.17172 -0.0806563
-0.20202 1.25253 -0.0926548
-0.20202 1.33333 -0.105462
-0.20202 1.41414 -0.11908
-0.20202 1.49495 -0.133507
-0.20202 1.57576 -0.148747
-0.20202 1.65657 -0.164798
-0.20202 1.73737 -0.181663
-0.20202 1.81818 -0.199343
-0.20202 1.89899 -0.21784
-0.20202 1.9798 -0.237154
-0.20202 2.06061 -0.257287
-0.20202 2.14141 -0.278243
-0.20202 2.22222 -0.300022
-0.20202 2.30303 -0.322628
-0.20202 2.38384 -0.346064
-0.20202 2.46465 -0.370332
-0.20202 2.54545 -0.395435
-0.20202 2.62626 -0.421378
-0.20202 2.70707 -0.448165
-0.20202 2.78788 -0.475801
-0.20202 2.86869 -0.50429
-0.20202 2.94949 -0.533638
-0.20202 3.0303 -0.56385
-0.20202 3.11111 -0.594934
-0.20202 3.19192 -0.626897
-0.20202 3.27273 -0.659745
-0.20202 3.35354 -0.693488
-0.20202 3.43434 -0.728134
-0.20202 3.51515 -0.763693
-0.20202 3.59596 -0.800175
-0.20202 3.67677 -0.837592
-0.20202 3.75758 -0.875955
-0.20202 3.83838 -0.915277
-0.20202 3.91919 -0.955572
-0.20202 4 -0.996855
-0.121212 -4 -0.998867
-0.121212 -3.91919 -0.95771
-0.121212 -3.83838 -0.917543
-0.121212 -3.75758 -0.878349
-0.121212 -3.67677 -0.840114
-0.121212 -3.59596 -0.802826
-0.121212 -3.51515 -0.766471
-0.121212 -3.43434 -0.731037
-0.121212 -3.35354 -0.696514
-0.121212 -3.27273 -0.662891
-0.121212 -3.19192 -0.630159
-0.121212 -3.11111 -0.598309
-0.121212 -3.0303 -0.567332
-0.121212 -2.94949 -0.537221
-0.121212 -2.86869 -0.507969
-0.121212 -2.78788 -0.47957
-0.121212 -2.70707 -0.452017
-0.121212 -2.62626 -0.425305
-0.121212 -2.54545 -0.399429
-0.121212 -2.46465 -0.374384
-0.121212 -2.38384 -0.350167
-0.121212 -2.30303 -0.326773
-0.121212 -2.22222 -0.3042
-0.121212 -2.14141 -0.282443
-0.121212 -2.06061 -0.261501
-0.121212 -1.9798 -0.241371
-0.121212 -1.89899 -0.222051
-0.121212 -1.81818 -0.203539
-0.121212 -1.73737 -0.185833
-0.121212 -1.65657 -0.168932
-0.121212 -1.57576 -0.152835
-0.121212 -1.49495 -0.13754
-0.121212 -1.41414 -0.123048
-0.121212 -1.33333 -0.109356
-0.121212 -1.25253 -0.0964656
-0.121212 -1.17172 -0.0843752
-0.121212 -1.09091 -0.0730847
-0.121212 -1.0101 -0.062594
-0.121212 -0.929293 -0.052903
-0.121212 -0.848485 -0.0440117
-0.121212 -0.767677 -0.0359201
-0.121212 -0.686869 -0.0286283
-0.121212 -0.606061 -0.0221365
-0.121212 -0.525253 -0.016445
-0.121212 -0.444444 -0.0115539
-0.121212 -0.363636 -0.00746357
-0.121212 -0.282828 -0.00417425
-0.121212 -0.20202 -0.00168629
-0.121212 -0.121212 -2.71597e-17
-0.121212 -0.040404 0.000884273
-0.121212 0.040404 0.000966189
-0.121212 0.121212 0.000245399
-0.121212 0.20202 -0.00127844
-0.121212 0.282828 -0.00360569
-0.121212 0.363636 -0.0067367
-0.121212 0.444444 -0.0106718
-0.121212 0.525253 -0.0154114
-0.121212 0.606061 -0.0209558
-0.121212 0.686869 -0.0273054
-0.121212 0.767677 -0.0344606
-0.121212 0.848485 -0.0424217
-0.121212 0.929293 -0.0511893
-0.121212 1.0101 -0.0607637
-0.121212 1.09091 -0.0711455
-0.121212 1.17172 -0.0823352
-0.121212 1.25253 -0.0943334
-0.121212 1.33333 -0.107141
-0.121212 1.41414 -0.120758
-0.121212 1.49495 -0.135186
-0.121212 1.57576 -0.150425
-0.121212 1.65657 -0.166477
-0.121212 1.73737 -0.183343
-0.121212 1.81818 -0.201025
-0.121212 1.89899 -0.219522
-0.121212 1.9798 -0.238838
-0.121212 2.06061 -0.258975
-0.121212 2.14141 -0.279933
-0.121212 2.22222 -0.301716
-0.121212 2.30303 -0.324326
-0.121212 2.38384 -0.347766
-0.121212 2.46465 -0.372039
-0.121212 2.54545 -0.397148
-0.121212 2.62626 -0.423098
-0.121212 2.70707 -0.449893
-0.121212 2.78788 -0.477537
-0.121212 2.86869 -0.506035
-0.121212 2.94949 -0.535393
-0.121212 3.0303 -0.565617
-0.121212 3.11111 -0.596714
-0.121212 3.19192 -0.62869
-0.121212 3.27273 -0.661553
-0.121212 3.35354 -0.695312
-0.121212 3.43434 -0.729976
-0.121212 3.51515 -0.765555
-0.121212 3.59596 -0.802058
-0.121212 3.67677 -0.839497
-0.121212 3.75758 -0.877884
-0.121212 3.83838 -0.917232
-0.121212 3.91919 -0.957555
-0.121212 4 -0.998867
-0.040404 -4 -0.999874
-0.040404 -3.91919 -0.958704
-0.040404 -3.83838 -0.918524
-0.040404 -3.75758 -0.879319
-0.040404 -3.67677 -0.841074
-0.040404 -3.59596 -0.803776
-0.040404 -3.51515 -0.767412
-0.040404 -3.43434 -0.73197
-0.040404 -3.35354 -0.69744
-0.040404 -3.27273 -0.66381
-0.040404 -3.19192 -0.631072
-0.040404 -3.11111 -0.599216
-0.040404 -3.0303 -0.568235
-0.040404 -2.94949 -0.53812
-0.040404 -2.86869 -0.508864
-0.040404 -2.78788 -0.480461
-0.040404 -2.70707 -0.452905
-0.040404 -2.62626 -0.42619
-0.040404 -2.54545 -0.400312
-0.040404 -2.46465 -0.375266
-0.040404 -2.38384 -0.351047
-0.040404 -2.30303 -0.327652
-0.040404 -2.22222 -0.305077
-0.040404 -2.14141 -0.28332
-0.040404 -2.06061 -0.262377
-0.040404 -1.9798 -0.242247
-0.040404 -1.89899 -0.222927
-0.040404 -1.81818 -0.204414
-0.040404 -1.73737 -0.186709
-0.040404 -1.65657 -0.169808
-0.040404 -1.57576 -0.153711
-0.040404 -1.49495 -0.138417
-0.040404 -1.41414 -0.123925
-0.040404 -1.33333 -0.110234
-0.040404 -1.25253 -0.0973438
-0.040404 -1.17172 -0.085254
-0.040404 -1.09091 -0.0739641
-0.040404 -1.0101 -0.063474
-0.040404 -0.929293 -0.0537836
-0.040404 -0.848485 -0.0448929
-0.040404 -0.767677 -0.0368018
-0.040404 -0.686869 -0.0295106
-0.040404 -0.606061 -0.0230193
-0.040404 -0.525253 -0.0173282
-0.040404 -0.444444 -0.0124374
-0.040404 -0.363636 -0.00834739
-0.040404 -0.282828 -0.0050583
-0.040404 -0.20202 -0.00257048
-0.040404 -0.121212 -0.000884273
-0.040404 -0.040404 -2.76951e-17
-0.040404 0.040404 8.19928e-05
-0.040404 0.121212 -0.000638642
-0.040404 0.20202 -0.00216225
-0.040404 0.282828 -0.00448919
-0.040404 0.363636 -0.00761982
-0.040404 0.444444 -0.0115545
-0.040404 0.525253 -0.0162935
-0.040404 0.606061 -0.0218374
-0.040404 0.686869 -0.0281863
-0.040404 0.767677 -0.0353409
-0.040404 0.848485 -0.0433013
-0.040404 0.929293 -0.0520681
-0.040404 1.0101 -0.0616418
-0.040404 1.09091 -0.0720228
-0.040404 1.17172 -0.0832117
-0.040404 1.25253 -0.0952091
-0.040404 1.33333 -0.108016
-0.040404 1.41414 -0.121632
-0.040404 1.49495 -0.136059
-0.040404 1.57576 -0.151298
-0.040404 1.65657 -0.16735
-0.040404 1.73737 -0.184216
-0.040404 1.81818 -0.201897
-0.040404 1.89899 -0.220394
-0.040404 1.9798 -0.23971
-0.040404 2.06061 -0.259847
-0.040404 2.14141 -0.280806
-0.040404 2.22222 -0.302589
-0.040404 2.30303 -0.3252
-0.040404 2.38384 -0.348641
-0.040404 2.46465 -0.372916
-0.040404 2.54545 -0.398027
-0.040404 2.62626 -0.423979
-0.040404 2.70707 -0.450776
-0.040404 2.78788 -0.478423
-0.040404 2.86869 -0.506925
-0.040404 2.94949 -0.536287
-0.040404 3.0303 -0.566516
-0.040404 3.11111 -0.597617
-0.040404 3.19192 -0.629599
-0.040404 3.27273 -0.662469
-0.040404 3.35354 -0.696235
-0.040404 3.43434 -0.730907
-0.040404 3.51515 -0.766493
-0.040404 3.59596 -0.803006
-0.040404 3.67677 -0.840455
-0.040404 3.75758 -0.878853
-0.040404 3.83838 -0.918213
-0.040404 3.91919 -0.958548
-0.040404 4 -0.999874
0.040404 -4 -0.999874
0.040404 -3.91919 -0.958707
0.040404 -3.83838 -0.91853
0.040404 -3.75758 -0.879328
0.040404 -3.67677 -0.841086
0.040404 -3.59596 -0.80379
0.040404 -3.51515 -0.767429
0.040404 -3.43434 -0.73199
0.040404 -3.35354 -0.697462
0.040404 -3.27273 -0.663835
0.040404 -3.19192 -0.6311
0.040404 -3.11111 -0.599246
0.040404 -3.0303 -0.568267
0.040404 -2.94949 -0.538155
0.040404 -2.86869 -0.508901
0.040404 -2.78788 -0.480501
0.040404 -2.70707 -0.452947
0.040404 -2.62626 -0.426235
0.040404 -2.54545 -0.400359
0.040404 -2.46465 -0.375314
0.040404 -2.38384 -0.351098
0.040404 -2.30303 -0.327705
0.040404 -2.22222 -0.305132
0.040404 -2.14141 -0.283377
0.040404 -2.06061 -0.262436
0.040404 -1.9798 -0.242307
0.040404 -1.89899 -0.222988
0.040404 -1.81818 -0.204478
0.040404 -1.73737 -0.186774
0.040404 -1.65657 -0.169874
0.040404 -1.57576 -0.153779
0.040404 -1.49495 -0.138486
0.040404 -1.41414 -0.123995
0.040404 -1.33333 -0.110306
0.040404 -1.25253 -0.0974168
0.040404 -1.17172 -0.0853281
0.040404 -1.09091 -0.0740393
0.040404 -1.0101 -0.0635501
0.040404 -0.929293 -0.0538606
0.040404 -0.848485 -0.0449707
0.040404 -0.767677 -0.0368804
0.040404 -0.686869 -0.0295898
0.040404 -0.606061 -0.0230992
0.040404 -0.525253 -0.0174086
0.040404 -0.444444 -0.0125183
0.040404 -0.363636 -0.00842861
0.040404 -0.282828 -0.00513983
0.040404 -0.20202 -0.00265225
0.040404 -0.121212 -0.000966189
0.040404 -0.040404 -8.19928e-05
0.040404 0.040404 -2.78117e-17
0.040404 0.121212 -0.000720557
0.040404 0.20202 -0.00224401
0.040404 0.282828 -0.00457072
0.040404 0.363636 -0.00770103
0.040404 0.444444 -0.0116353
0.040404 0.525253 -0.0163739
0.040404 0.606061 -0.0219172
0.040404 0.686869 -0.0282655
0.040404 0.767677 -0.0354193
0.040404 0.848485 -0.043379
0.040404 0.929293 -0.0521449
0.040404 1.0101 -0.0617177
0.040404 1.09091 -0.0720976
0.040404 1.17172 -0.0832854
0.040404 1.25253 -0.0952817
0.040404 1.33333 -0.108087
0.040404 1.41414 -0.121702
0.040404 1.49495 -0.136128
0.040404 1.57576 -0.151365
0.040404 1.65657 -0.167416
0.040404 1.73737 -0.18428
0.040404 1.81818 -0.201959
0.040404 1.89899 -0.220455
0.040404 1.9798 -0.239769
0.040404 2.06061 -0.259903
0.040404 2.14141 -0.28086
0.040404 2.22222 -0.302642
0.040404 2.30303 -0.325251
0.040404 2.38384 -0.34869
0.040404 2.46465 -0.372962
0.040404 2.54545 -0.398071
0.040404 2.62626 -0.424021
0.040404 2.70707 -0.450816
0.040404 2.78788 -0.478461
0.040404 2.86869 -0.50696
0.040404 2.94949 -0.53632
0.040404 3.0303 -0.566546
0.040404 3.11111 -0.597645
0.040404 3.19192 -0.629624
0.040404 3.27273 -0.662492
0.040404 3.35354 -0.696255
0.040404 3.43434 -0.730924
0.040404 3.51515 -0.766508
0.040404 3.59596 -0.803018
0.040404 3.67677 -0.840465
0.040404 3.75758 -0.87886
0.040404 3.83838 -0.918218
0.040404 3.91919 -0.958551
0.040404 4 -0.999874
0.121212 -4 -0.998867
0.121212 -3.91919 -0.957719
0.121212 -3.83838 -0.91756
0.121212 -3.75758 -0.878375
0.121212 -3.67677 -0.840148
0.121212 -3.59596 -0.802868
0.121212 -3.51515 -0.766521
0.121212 -3.43434 -0.731096
0.121212 -3.35354 -0.696581
0.121212 -3.27273 -0.662966
0.121212 -3.19192 -0.630241
0.121212 -3.11111 -0.598399
0.121212 -3.0303 -0.567429
0.121212 -2.94949 -0.537326
0.121212 -2.86869 -0.508081
0.121212 -2.78788 -0.479689
0.121212 -2.70707 -0.452143
0.121212 -2.62626 -0.425437
0.121212 -2.54545 -0.399568
0.121212 -2.46465 -0.37453
0.121212 -2.38384 -0.350319
0.121212 -2.30303 -0.326931
0.121212 -2.22222 -0.304363
0.121212 -2.14141 -0.282613
0.121212 -2.06061 -0.261676
0.121212 -1.9798 -0.241551
0.121212 -1.89899 -0.222236
0.121212 -1.81818 -0.203729
0.121212 -1.73737 -0.186028
0.121212 -1.65657 -0.169131
0.121212 -1.57576 -0.153038
0.121212 -1.49495 -0.137748
0.121212 -1.41414 -0.123259
0.121212 -1.33333 -0.109571
0.121212 -1.25253 -0.0966843
0.121212 -1.17172 -0.0845972
0.121212 -1.09091 -0.0733098
0.121212 -1.0101 -0.062822
0.121212 -0.929293 -0.0531337
0.121212 -0.848485 -0.0442448
0.121212 -0.767677 -0.0361554
0.121212 -0.686869 -0.0288657
0.121212 -0.606061 -0.0223758
0.121212 -0.525253 -0.0166858
0.121212 -0.444444 -0.0117961
0.121212 -0.363636 -0.00770689
0.121212 -0.282828 -0.0044185
0.121212 -0.20202 -0.00193122
0.121212 -0.121212 -0.000245399
0.121212 -0.040404 0.000638642
0.121212 0.040404 0.000720557
0.121212 0.121212 -2.74864e-17
0.121212 0.20202 -0.00152338
0.121212 0.282828 -0.00384992
0.121212 0.363636 -0.00697999
0.121212 0.444444 -0.0109139
0.121212 0.525253 -0.0156521
0.121212 0.606061 -0.0211948
0.121212 0.686869 -0.0275426
0.121212 0.767677 -0.0346956
0.121212 0.848485 -0.0426544
0.121212 0.929293 -0.0514194
0.121212 1.0101 -0.060991
0.121212 1.09091 -0.0713697
0.121212 1.17172 -0.0825561
0.121212 1.25253 -0.0945507
0.121212 1.33333 -0.107354
0.121212 1.41414 -0.120967
0.121212 1.49495 -0.135391
0.121212 1.57576 -0.150626
0.121212 1.65657 -0.166674
0.121212 1.73737 -0.183535
0.121212 1.81818 -0.201211
0.121212 1.89899 -0.219703
0.121212 1.9798 -0.239014
0.121212 2.06061 -0.259145
0.121212 2.14141 -0.280097
0.121212 2.22222 -0.301874
0.121212 2.30303 -0.324478
0.121212 2.38384 -0.347911
0.121212 2.46465 -0.372178
0.121212 2.54545 -0.397281
0.121212 2.62626 -0.423224
0.121212 2.70707 -0.450012
0.121212 2.78788 -0.477648
0.121212 2.86869 -0.50614
0.121212 2.94949 -0.53549
0.121212 3.0303 -0.565707
0.121212 3.11111 -0.596796
0.121212 3.19192 -0.628765
0.121212 3.27273 -0.661621
0.121212 3.35354 -0.695373
0.121212 3.43434 -0.730029
0.121212 3.51515 -0.7656
0.121212 3.59596 -0.802095
0.121212 3.67677 -0.839527
0.121212 3.75758 -0.877907
0.121212 3.83838 -0.917247
0.121212 3.91919 -0.957563
0.121212 4 -0.998867
0.20202 -4 -0.996855
0.20202 -3.91919 -0.955741
0.20202 -3.83838 -0.915615
0.20202 -3.75758 -0.876461
0.20202 -3.67677 -0.838264
0.20202 -3.59596 -0.801011
0.20202 -3.51515 -0.76469
0.20202 -3.43434 -0.729288
0.20202 -3.35354 -0.694796
0.20202 -3.27273 -0.661202
0.20202 -3.19192 -0.628498
0.20202 -3.11111 -0.596673
0.20202 -3.0303 -0.565721
0.20202 -2.94949 -0.535634
0.20202 -2.86869 -0.506404
0.20202 -2.78788 -0.478026
0.20202 -2.70707 -0.450492
0.20202 -2.62626 -0.423799
0.20202 -2.54545 -0.397941
0.20202 -2.46465 -0.372913
0.20202 -2.38384 -0.348711
0.20202 -2.30303 -0.325332
0.20202 -2.22222 -0.302772
0.20202 -2.14141 -0.281028
0.20202 -2.06061 -0.260098
0.20202 -1.9798 -0.239979
0.20202 -1.89899 -0.22067
0.20202 -1.81818 -0.202167
0.20202 -1.73737 -0.18447
0.20202 -1.65657 -0.167578
0.20202 -1.57576 -0.151489
0.20202 -1.49495 -0.136202
0.20202 -1.41414 -0.121716
0.20202 -1.33333 -0.108031
0.20202 -1.25253 -0.095146
0.20202 -1.17172 -0.083061
0.20202 -1.09091 -0.0717755
0.20202 -1.0101 -0.0612893
0.20202 -0.929293 -0.0516024
0.20202 -0.848485 -0.0427149
0.20202 -0.767677 -0.0346266
0.20202 -0.686869 -0.0273379
0.20202 -0.606061 -0.0208488
0.20202 -0.525253 -0.0151596
0.20202 -0.444444 -0.0102705
0.20202 -0.363636 -0.00618189
0.20202 -0.282828 -0.00289396
0.20202 -0.20202 -0.000407073
0.20202 -0.121212 0.00127844
0.20202 -0.040404 0.00216225
0.20202 0.040404 0.00224401
0.20202 0.121212 0.00152338
0.20202 0.20202 -2.69303e-17
0.20202 0.282828 -0.00232646
0.20202 0.363636 -0.00545635
0.20202 0.444444 -0.00939002
0.20202 0.525253 -0.0141278
0.20202 0.606061 -0.0196701
0.20202 0.686869 -0.0260172
0.20202 0.767677 -0.0331694
0.20202 0.848485 -0.0411273
0.20202 0.929293 -0.0498912
0.20202 1.0101 -0.0594615
0.20202 1.09091 -0.0698387
0.20202 1.17172 -0.0810234
0.20202 1.25253 -0.093016
0.20202 1.33333 -0.105817
0.20202 1.41414 -0.119428
0.20202 1.49495 -0.133849
0.20202 1.57576 -0.149081
0.20202 1.65657 -0.165124
0.20202 1.73737 -0.181981
0.20202 1.81818 -0.199653
0.20202 1.89899 -0.218141
0.20202 1.9798 -0.237446
0.20202 2.06061 -0.25757
0.20202 2.14141 -0.278516
0.20202 2.22222 -0.300285
0.20202 2.30303 -0.322881
0.20202 2.38384 -0.346306
0.20202 2.46465 -0.370563
0.20202 2.54545 -0.395655
0.20202 2.62626 -0.421587
0.20202 2.70707 -0.448363
0.20202 2.78788 -0.475987
0.20202 2.86869 -0.504464
0.20202 2.94949 -0.5338
0.20202 3.0303 -0.564
0.20202 3.11111 -0.595072
0.20202 3.19192 -0.627022
0.20202 3.27273 -0.659858
0.20202 3.35354 -0.693588
0.20202 3.43434 -0.728222
0.20202 3.51515 -0.763768
0.20202 3.59596 -0.800238
0.20202 3.67677 -0.837642
0.20202 3.75758 -0.875992
0.20202 3.83838 -0.915302
0.20202 3.91919 -0.955585
0.20202 4 -0.996855
0.282828 -4 -0.993838
0.282828 -3.91919 -0.952776
0.282828 -3.83838 -0.912697
0.282828 -3.75758 -0.873588
0.282828 -3.67677 -0.835433
0.282828 -3.59596 -0.79822
0.282828 -3.51515 -0.761936
0.282828 -3.43434 -0.726569
0.282828 -3.35354 -0.692109
0.282828 -3.27273 -0.658546
0.282828 -3.19192 -0.62587
0.282828 -3.11111 -0.594072
0.282828 -3.0303 -0.563144
0.282828 -2.94949 -0.53308
0.282828 -2.86869 -0.503871
0.282828 -2.78788 -0.475512
0.282828 -2.70707 -0.447997
0.282828 -2.62626 -0.42132
0.282828 -2.54545 -0.395477
0.282828 -2.46465 -0.370463
0.282828 -2.38384 -0.346274
0.282828 -2.30303 -0.322907
0.282828 -2.22222 -0.300358
0.282828 -2.14141 -0.278624
0.282828 -2.06061 -0.257703
0.282828 -1.9798 -0.237592
0.282828 -1.89899 -0.218289
0.282828 -1.81818 -0.199793
0.282828 -1.73737 -0.182102
0.282828 -1.65657 -0.165215
0.282828 -1.57576 -0.149131
0.282828 -1.49495 -0.133848
0.282828 -1.41414 -0.119366
0.282828 -1.33333 -0.105684
0.282828 -1.25253 -0.0928019
0.282828 -1.17172 -0.0807194
0.282828 -1.09091 -0.0694361
0.282828 -1.0101 -0.0589519
0.282828 -0.929293 -0.0492667
0.282828 -0.848485 -0.0403806
0.282828 -0.767677 -0.0322937
0.282828 -0.686869 -0.0250061
0.282828 -0.606061 -0.018518
0.282828 -0.525253 -0.0128296
0.282828 -0.444444 -0.00794128
0.282828 -0.363636 -0.00385327
0.282828 -0.282828 -0.000565877
0.282828 -0.20202 0.00192055
0.282828 -0.121212 0.00360569
0.282828 -0.040404 0.00448919
0.282828 0.040404 0.00457072
0.282828 0.121212 0.00384992
0.282828 0.20202 0.00232646
0.282828 0.282828 -2.79366e-17
0.282828 0.363636 -0.0031298
0.282828 0.444444 -0.00706327
0.282828 0.525253 -0.0118007
0.282828 0.606061 -0.0173426
0.282828 0.686869 -0.0236891
0.282828 0.767677 -0.0308406
0.282828 0.848485 -0.0387975
0.282828 0.929293 -0.0475602
0.282828 1.0101 -0.0571291
0.282828 1.09091 -0.0675046
0.282828 1.17172 -0.0786872
0.282828 1.25253 -0.0906775
0.282828 1.33333 -0.103476
0.282828 1.41414 -0.117084
0.282828 1.49495 -0.131501
0.282828 1.57576 -0.146728
0.282828 1.65657 -0.162768
0.282828 1.73737 -0.179619
0.282828 1.81818 -0.197285
0.282828 1.89899 -0.215766
0.282828 1.9798 -0.235064
0.282828 2.06061 -0.25518
0.282828 2.14141 -0.276117
0.282828 2.22222 -0.297876
0.282828 2.30303 -0.320461
0.282828 2.38384 -0.343874
0.282828 2.46465 -0.368118
0.282828 2.54545 -0.393196
0.282828 2.62626 -0.419113
0.282828 2.70707 -0.445871
0.282828 2.78788 -0.473477
0.282828 2.86869 -0.501934
0.282828 2.94949 -0.531248
0.282828 3.0303 -0.561426
0.282828 3.11111 -0.592473
0.282828 3.19192 -0.624396
0.282828 3.27273 -0.657203
0.282828 3.35354 -0.690903
0.282828 3.43434 -0.725504
0.282828 3.51515 -0.761015
0.282828 3.59596 -0.797447
0.282828 3.67677 -0.834812
0.282828 3.75758 -0.87312
0.282828 3.83838 -0.912384
0.282828 3.91919 -0.952619
0.282828 4 -0.993838
0.363636 -4 -0.989821
0.363636 -3.91919 -0.948825
0.363636 -3.83838 -0.908809
0.363636 -3.75758 -0.869758
0.363636 -3.67677 -0.831659
0.363636 -3.59596 -0.794497
0.363636 -3.51515 -0.758262
0.363636 -3.43434 -0.72294
0.363636 -3.35354 -0.688523
0.363636 -3.27273 -0.654999
0.363636 -3.19192 -0.622359
0.363636 -3.11111 -0.590596
0.363636 -3.0303 -0.5597
0.363636 -2.94949 -0.529665
0.363636 -2.86869 -0.500483
0.363636 -2.78788 -0.47215
0.363636 -2.70707 -0.444657
0.363636 -2.62626 -0.418002
0.363636 -2.54545 -0.392178
0.363636 -2.46465 -0.367182
0.363636 -2.38384 -0.34301
0.363636 -2.30303 -0.319657
0.363636 -2.22222 -0.297121
0.363636 -2.14141 -0.2754
0.363636 -2.06061 -0.25449
0.363636 -1.9798 -0.234389
0.363636 -1.89899 -0.215095
0.363636 -1.81818 -0.196607
0.363636 -1.73737 -0.178924
0.363636 -1.65657 -0.162043
0.363636 -1.57576 -0.145964
0.363636 -1.49495 -0.130686
0.363636 -1.41414 -0.116208
0.363636 -1.33333 -0.10253
0.363636 -1.25253 -0.0896519
0.363636 -1.17172 -0.0775723
0.363636 -1.09091 -0.0662916
0.363636 -1.0101 -0.0558096
0.363636 -0.929293 -0.0461264
0.363636 -0.848485 -0.0372419
0.363636 -0.767677 -0.0291564
0.363636 -0.686869 -0.02187
0.363636 -0.606061 -0.015383
0.363636 -0.525253 -0.00969556
0.363636 -0.444444 -0.00480803
0.363636 -0.363636 -0.000720698
0.363636 -0.282828 0.00256609
0.363636 -0.20202 0.005052
0.363636 -0.121212 0.0067367
0.363636 -0.040404 0.00761982
0.363636 0.040404 0.00770103
0.363636 0.121212 0.00697999
0.363636 0.20202 0.00545635
0.363636 0.282828 0.0031298
0.363636 0.363636 -2.91792e-17
0.363636 0.444444 -0.00393336
0.363636 0.525253 -0.00867061
0.363636 0.606061 -0.014212
0.363636 0.686869 -0.020558
0.363636 0.767677 -0.0277088
0.363636 0.848485 -0.0356647
0.363636 0.929293 -0.0444262
0.363636 1.0101 -0.0539935
0.363636 1.09091 -0.0643672
0.363636 1.17172 -0.0755476
0.363636 1.25253 -0.0875352
0.363636 1.33333 -0.100331
0.363636 1.41414 -0.113934
0.363636 1.49495 -0.128347
0.363636 1.57576 -0.14357
0.363636 1.65657 -0.159604
0.363636 1.73737 -0.176449
0.363636 1.81818 -0.194108
0.363636 1.89899 -0.212581
0.363636 1.9798 -0.231869
0.363636 2.06061 -0.251975
0.363636 2.14141 -0.272901
0.363636 2.22222 -0.294648
0.363636 2.30303 -0.317219
0.363636 2.38384 -0.340617
0.363636 2.46465 -0.364844
0.363636 2.54545 -0.389904
0.363636 2.62626 -0.4158
0.363636 2.70707 -0.442538
0.363636 2.78788 -0.470119
0.363636 2.86869 -0.498551
0.363636 2.94949 -0.527838
0.363636 3.0303 -0.557985
0.363636 3.11111 -0.589
0.363636 3.19192 -0.620889
0.363636 3.27273 -0.653659
0.363636 3.35354 -0.687319
0.363636 3.43434 -0.721877
0.363636 3.51515 -0.757342
0.363636 3.59596 -0.793726
0.363636 3.67677 -0.831038
0.363636 3.75758 -0.869291
0.363636 3.83838 -0.908497
0.363636 3.91919 -0.948669
0.363636 4 -0.989821
0.444444 -4 -0.984808
0.444444 -3.91919 -0.943893
0.444444 -3.83838 -0.903954
0.444444 -3.75758 -0.864976
0.444444 -3.67677 -0.826944
0.444444 -3.59596 -0.789846
0.444444 -3.51515 -0.75367
0.444444 -3.43434 -0.718405
0.444444 -3.35354 -0.684039
0.444444 -3.27273 -0.650564
0.444444 -3.19192 -0.617969
0.444444 -3.11111 -0.586247
0.444444 -3.0303 -0.55539
0.444444 -2.94949 -0.525391
0.444444 -2.86869 -0.496243
0.444444 -2.78788 -0.467939
0.444444 -2.70707 -0.440476
0.444444 -2.62626 -0.413846
0.444444 -2.54545 -0.388046
0.444444 -2.46465 -0.363071
0.444444 -2.38384 -0.338918
0.444444 -2.30303 -0.315584
0.444444 -2.22222 -0.293064
0.444444 -2.14141 -0.271357
0.444444 -2.06061 -0.25046
0.444444 -1.9798 -0.230371
0.444444 -1.89899 -0.211089
0.444444 -1.81818 -0.19261
0.444444 -1.73737 -0.174935
0.444444 -1.65657 -0.158061
0.444444 -1.57576 -0.141989
0.444444 -1.49495 -0.126717
0.444444 -1.41414 -0.112244
0.444444 -1.33333 -0.0985708
0.444444 -1.25253 -0.0856961
0.444444 -1.17172 -0.0736198
0.444444 -1.09091 -0.0623419
0.444444 -1.0101 -0.0518624
0.444444 -0.929293 -0.0421812
0.444444 -0.848485 -0.0332986
0.444444 -0.767677 -0.0252146
0.444444 -0.686869 -0.0179295
0.444444 -0.606061 -0.0114436
0.444444 -0.525253 -0.00575716
0.444444 -0.444444 -0.000870458
0.444444 -0.363636 0.00321614
0.444444 -0.282828 0.00650228
0.444444 -0.20202 0.00898762
0.444444 -0.121212 0.0106718
0.444444 -0.040404 0.0115545
0.444444 0.040404 0.0116353
0.444444 0.121212 0.0109139
0.444444 0.20202 0.00939002
0.444444 0.282828 0.00706327
0.444444 0.363636 0.00393336
0.444444 0.444444 -2.99215e-17
0.444444 0.525253 -0.00473711
0.444444 0.606061 -0.0102783
0.444444 0.686869 -0.0166237
0.444444 0.767677 -0.0237738
0.444444 0.848485 -0.0317288
0.444444 0.929293 -0.0404891
0.444444 1.0101 -0.0500548
0.444444 1.09091 -0.0604265
0.444444 1.17172 -0.0716045
0.444444 1.25253 -0.0835891
0.444444 1.33333 -0.096381
0.444444 1.41414 -0.109981
0.444444 1.49495 -0.124389
0.444444 1.57576 -0.139606
0.444444 1.65657 -0.155633
0.444444 1.73737 -0.172471
0.444444 1.81818 -0.190121
0.444444 1.89899 -0.208585
0.444444 1.9798 -0.227862
0.444444 2.06061 -0.247957
0.444444 2.14141 -0.268869
0.444444 2.22222 -0.290601
0.444444 2.30303 -0.313156
0.444444 2.38384 -0.336535
0.444444 2.46465 -0.360742
0.444444 2.54545 -0.38578
0.444444 2.62626 -0.411653
0.444444 2.70707 -0.438363
0.444444 2.78788 -0.465917
0.444444 2.86869 -0.494317
0.444444 2.94949 -0.52357
0.444444 3.0303 -0.553682
0.444444 3.11111 -0.584657
0.444444 3.19192 -0.616503
0.444444 3.27273 -0.649228
0.444444 3.35354 -0.682839
0.444444 3.43434 -0.717344
0.444444 3.51515 -0.752754
0.444444 3.59596 -0.789077
0.444444 3.67677 -0.826325
0.444444 3.75758 -0.86451
0.444444 3.83838 -0.903642
0.444444 3.91919 -0.943737
0.444444 4 -0.984808
0.525253 -4 -0.978802
0.525253 -3.91919 -0.937985
0.525253 -3.83838 -0.898137
0.525253 -3.75758 -0.859245
0.525253 -3.67677 -0.821294
0.525253 -3.59596 -0.784271
0.525253 -3.51515 -0.748166
0.525253 -3.43434 -0.712966
0.525253 -3.35354 -0.678662
0.525253 -3.27273 -0.645243
0.525253 -3.19192 -0.612702
0.525253 -3.11111 -0.58103
0.525253 -3.0303 -0.550218
0.525253 -2.94949 -0.520261
0.525253 -2.86869 -0.491152
0.525253 -2.78788 -0.462884
0.525253 -2.70707 -0.435453
0.525253 -2.62626 -0.408854
0.525253 -2.54545 -0.383081
0.525253 -2.46465 -0.358132
0.525253 -2.38384 -0.334002
0.525253 -2.30303 -0.310688
0.525253 -2.22222 -0.288187
0.525253 -2.14141 -0.266497
0.525253 -2.06061 -0.245616
0.525253 -1.9798 -0.22554
0.525253 -1.89899 -0.20627
0.525253 -1.81818 -0.187802
0.525253 -1.73737 -0.170136
0.525253 -1.65657 -0.153271
0.525253 -1.57576 -0.137206
0.525253 -1.49495 -0.121941
0.525253 -1.41414 -0.107474
0.525253 -1.33333 -0.0938051
0.525253 -1.25253 -0.0809346
0.525253 -1.17172 -0.0688619
0.525253 -1.09091 -0.0575871
0.525253 -1.0101 -0.0471102
0.525253 -0.929293 -0.0374312
0.525253 -0.848485 -0.0285505
0.525253 -0.767677 -0.0204681
0.525253 -0.686869 -0.0131844
0.525253 -0.606061 -0.0066996
0.525253 -0.525253 -0.00101412
0.525253 -0.444444 0.00387172
0.525253 -0.363636 0.00795755
0.525253 -0.282828 0.011243
0.525253 -0.20202 0.0137278
0.525253 -0.121212 0.0154114
0.525253 -0.040404 0.0162935
0.525253 0.040404 0.0163739
0.525253 0.121212 0.0156521
0.525253 0.20202 0.0141278
0.525253 0.282828 0.0118007
0.525253 0.363636 0.00867061
0.525253 0.444444 0.00473711
0.525253 0.525253 -3.07046e-17
0.525253 0.606061 -0.00554099
0.525253 0.686869 -0.0118861
0.525253 0.767677 -0.0190356
0.525253 0.848485 -0.0269897
0.525253 0.929293 -0.0357487
0.525253 1.0101 -0.0453129
0.525253 1.09091 -0.0556825
0.525253 1.17172 -0.0668579
0.525253 1.25253 -0.0788395
0.525253 1.33333 -0.0916276
0.525253 1.41414 -0.105223
0.525253 1.49495 -0.119625
0.525253 1.57576 -0.134836
0.525253 1.65657 -0.150856
0.525253 1.73737 -0.167686
0.525253 1.81818 -0.185327
0.525253 1.89899 -0.203779
0.525253 1.9798 -0.223045
0.525253 2.06061 -0.243125
0.525253 2.14141 -0.264022
0.525253 2.22222 -0.285737
0.525253 2.30303 -0.308272
0.525253 2.38384 -0.33163
0.525253 2.46465 -0.355814
0.525253 2.54545 -0.380827
0.525253 2.62626 -0.406671
0.525253 2.70707 -0.433351
0.525253 2.78788 -0.460871
0.525253 2.86869 -0.489235
0.525253 2.94949 -0.518449
0.525253 3.0303 -0.548517
0.525253 3.11111 -0.579446
0.525253 3.19192 -0.611242
0.525253 3.27273 -0.643913
0.525253 3.35354 -0.677466
0.525253 3.43434 -0.71191
0.525253 3.51515 -0.747253
0.525253 3.59596 -0.783505
0.525253 3.67677 -0.820677
0.525253 3.75758 -0.85878
0.525253 3.83838 -0.897827
0.525253 3.91919 -0.93783
0.525253 4 -0.978802
0.606061 -4 -0.971812
0.606061 -3.91919 -0.931107
0.606061 -3.83838 -0.891364
0.606061 -3.75758 -0.852571
0.606061 -3.67677 -0.814712
0.606061 -3.59596 -0.777777
0.606061 -3.51515 -0.741752
0.606061 -3.43434 -0.706628
0.606061 -3.35354 -0.672395
0.606061 -3.27273 -0.639042
0.606061 -3.19192 -0.606562
0.606061 -3.11111 -0.574946
0.606061 -3.0303 -0.544187
0.606061 -2.94949 -0.514278
0.606061 -2.86869 -0.485213
0.606061 -2.78788 -0.456987
0.606061 -2.70707 -0.429593
0.606061 -2.62626 -0.403028
0.606061 -2.54545 -0.377287
0.606061 -2.46465 -0.352366
0.606061 -2.38384 -0.328262
0.606061 -2.30303 -0.304972
0.606061 -2.22222 -0.282493
0.606061 -2.14141 -0.260822
0.606061 -2.06061 -0.239957
0.606061 -1.9798 -0.219897
0.606061 -1.89899 -0.20064
0.606061 -1.81818 -0.182184
0.606061 -1.73737 -0.164529
0.606061 -1.65657 -0.147673
0.606061 -1.57576 -0.131617
0.606061 -1.49495 -0.116358
0.606061 -1.41414 -0.101897
0.606061 -1.33333 -0.0882337
0.606061 -1.25253 -0.0753677
0.606061 -1.17172 -0.0632988
0.606061 -1.09091 -0.0520272
0.606061 -1.0101 -0.041553
0.606061 -0.929293 -0.0318764
0.606061 -0.848485 -0.0229975
0.606061 -0.767677 -0.0149167
0.606061 -0.686869 -0.00763435
0.606061 -0.606061 -0.00115072
0.606061 -0.525253 0.00453379
0.606061 -0.444444 0.00941878
0.606061 -0.363636 0.0135039
0.606061 -0.282828 0.0167887
0.606061 -0.20202 0.0192728
0.606061 -0.121212 0.0209558
0.606061 -0.040404 0.0218374
0.606061 0.040404 0.0219172
0.606061 0.121212 0.0211948
0.606061 0.20202 0.0196701
0.606061 0.282828 0.0173426
0.606061 0.363636 0.014212
0.606061 0.444444 0.0102783
0.606061 0.525253 0.00554099
0.606061 0.606061 -3.44693e-17
0.606061 0.686869 -0.00634492
0.606061 0.767677 -0.013494
0.606061 0.848485 -0.0214473
0.606061 0.929293 -0.0302052
0.606061 1.0101 -0.0397678
0.606061 1.09091 -0.0501354
0.606061 1.17172 -0.0613082
0.606061 1.25253 -0.0732865
0.606061 1.33333 -0.0860706
0.606061 1.41414 -0.0996609
0.606061 1.49495 -0.114058
0.606061 1.57576 -0.129262
0.606061 1.65657 -0.145274
0.606061 1.73737 -0.162095
0.606061 1.81818 -0.179724
0.606061 1.89899 -0.198165
0.606061 1.9798 -0.217417
0.606061 2.06061 -0.237482
0.606061 2.14141 -0.258361
0.606061 2.22222 -0.280057
0.606061 2.30303 -0.302571
0.606061 2.38384 -0.325905
0.606061 2.46465 -0.350062
0.606061 2.54545 -0.375046
0.606061 2.62626 -0.400858
0.606061 2.70707 -0.427503
0.606061 2.78788 -0.454985
0.606061 2.86869 -0.483307
0.606061 2.94949 -0.512475
0.606061 3.0303 -0.542495
0.606061 3.11111 -0.573371
0.606061 3.19192 -0.60511
0.606061 3.27273 -0.637719
0.606061 3.35354 -0.671205
0.606061 3.43434 -0.705577
0.606061 3.51515 -0.740844
0.606061 3.59596 -0.777014
0.606061 3.67677 -0.814099
0.606061 3.75758 -0.852108
0.606061 3.83838 -0.891055
0.606061 3.91919 -0.930952
0.606061 4 -0.971812
0.686869 -4 -0.963842
0.686869 -3.91919 -0.923264
0.686869 -3.83838 -0.883641
0.686869 -3.75758 -0.844959
0.686869 -3.67677 -0.807206
0.686869 -3.59596 -0.770368
0.686869 -3.51515 -0.734435
0.686869 -3.43434 -0.699397
0.686869 -3.35354 -0.665243
0.686869 -3.27273 -0.631964
0.686869 -3.19192 -0.599552
0.686869 -3.11111 -0.568
0.686869 -3.0303 -0.5373
0.686869 -2.94949 -0.507445
0.686869 -2.86869 -0.47843
0.686869 -2.78788 -0.45025
0.686869 -2.70707 -0.422898
0.686869 -2.62626 -0.396372
0.686869 -2.54545 -0.370666
0.686869 -2.46465 -0.345777
0.686869 -2.38384 -0.321702
0.686869 -2.30303 -0.298437
0.686869 -2.22222 -0.275981
0.686869 -2.14141 -0.254332
0.686869 -2.06061 -0.233486
0.686869 -1.9798 -0.213442
0.686869 -1.89899 -0.1942
0.686869 -1.81818 -0.175758
0.686869 -1.73737 -0.158114
0.686869 -1.65657 -0.141269
0.686869 -1.57576 -0.12522
0.686869 -1.49495 -0.109969
0.686869 -1.41414 -0.095515
0.686869 -1.33333 -0.0818571
0.686869 -1.25253 -0.0689957
0.686869 -1.17172 -0.0569308
0.686869 -1.09091 -0.0456625
0.686869 -1.0101 -0.035191
0.686869 -0.929293 -0.0255167
0.686869 -0.848485 -0.0166397
0.686869 -0.767677 -0.00856043
0.686869 -0.686869 -0.00127932
0.686869 -0.606061 0.00520324
0.686869 -0.525253 0.0108868
0.686869 -0.444444 0.015771
0.686869 -0.363636 0.0198554
0.686869 -0.282828 0.0231395
0.686869 -0.20202 0.025623
0.686869 -0.121212 0.0273054
0.686869 -0.040404 0.0281863
0.686869 0.040404 0.0282655
0.686869 0.121212 0.0275426
0.686869 0.20202 0.0260172
0.686869 0.282828 0.0236891
0.686869 0.363636 0.020558
0.686869 0.444444 0.0166237
0.686869 0.525253 0.0118861
0.686869 0.606061 0.00634492
0.686869 0.686869 -4.29917e-17
0.686869 0.767677 -0.00714879
0.686869 0.848485 -0.0151016
0.686869 0.929293 -0.0238585
0.686869 1.0101 -0.0334197
0.686869 1.09091 -0.0437853
0.686869 1.17172 -0.0549555
0.686869 1.25253 -0.0669305
0.686869 1.33333 -0.0797105
0.686869 1.41414 -0.0932957
0.686869 1.49495 -0.107687
0.686869 1.57576 -0.122884
0.686869 1.65657 -0.138887
0.686869 1.73737 -0.155698
0.686869 1.81818 -0.173316
0.686869 1.89899 -0.191744
0.686869 1.9798 -0.210981
0.686869 2.06061 -0.231029
0.686869 2.14141 -0.251889
0.686869 2.22222 -0.273563
0.686869 2.30303 -0.296053
0.686869 2.38384 -0.319361
0.686869 2.46465 -0.343489
0.686869 2.54545 -0.36844
0.686869 2.62626 -0.394217
0.686869 2.70707 -0.420823
0.686869 2.78788 -0.448261
0.686869 2.86869 -0.476537
0.686869 2.94949 -0.505655
0.686869 3.0303 -0.535619
0.686869 3.11111 -0.566435
0.686869 3.19192 -0.59811
0.686869 3.27273 -0.630649
0.686869 3.35354 -0.664061
0.686869 3.43434 -0.698352
0.686869 3.51515 -0.733532
0.686869 3.59596 -0.76961
0.686869 3.67677 -0.806596
0.686869 3.75758 -0.844499
0.686869 3.83838 -0.883333
0.686869 3.91919 -0.92311
0.686869 4 -0.963842
0.767677 -4 -0.954902
0.767677 -3.91919 -0.914466
0.767677 -3.83838 -0.874975
0.767677 -3.75758 -0.836418
0.767677 -3.67677 -0.798781
0.767677 -3.59596 -0.762052
0.767677 -3.51515 -0.726221
0.767677 -3.43434 -0.691277
0.767677 -3.35354 -0.657212
0.767677 -3.27273 -0.624015
0.767677 -3.19192 -0.591679
0.767677 -3.11111 -0.560197
0.767677 -3.0303 -0.529562
0.767677 -2.94949 -0.499767
0.767677 -2.86869 -0.470808
0.767677 -2.78788 -0.442677
0.767677 -2.70707 -0.415372
0.767677 -2.62626 -0.388888
0.767677 -2.54545 -0.36322
0.767677 -2.46465 -0.338366
0.767677 -2.38384 -0.314323
0.767677 -2.30303 -0.291087
0.767677 -2.22222 -0.268656
0.767677 -2.14141 -0.247029
0.767677 -2.06061 -0.226204
0.767677 -1.9798 -0.206179
0.767677 -1.89899 -0.186952
0.767677 -1.81818 -0.168524
0.767677 -1.73737 -0.150893
0.767677 -1.65657 -0.134058
0.767677 -1.57576 -0.118019
0.767677 -1.49495 -0.102776
0.767677 -1.41414 -0.0883279
0.767677 -1.33333 -0.0746758
0.767677 -1.25253 -0.0618191
0.767677 -1.17172 -0.0497582
0.767677 -1.09091 -0.0384931
0.767677 -1.0101 -0.0280244
0.767677 -0.929293 -0.0183521
0.767677 -0.848485 -0.00947691
0.767677 -0.767677 -0.00139909
0.767677 -0.686869 0.00588086
0.767677 -0.606061 0.0123625
0.767677 -0.525253 0.0180453
0.767677 -0.444444 0.0229288
0.767677 -0.363636 0.0270125
0.767677 -0.282828 0.030296
0.767677 -0.20202 0.0327788
0.767677 -0.121212 0.0344606
0.767677 -0.040404 0.0353409
0.767677 0.040404 0.0354193
0.767677 0.121212 0.0346956
0.767677 0.20202 0.0331694
0.767677 0.282828 0.0308406
0.767677 0.363636 0.0277088
0.767677 0.444444 0.0237738
0.767677 0.525253 0.0190356
0.767677 0.606061 0.013494
0.767677 0.686869 0.00714879
0.767677 0.767677 -4.84798e-17
0.767677 0.848485 -0.00795247
0.767677 0.929293 -0.0167087
0.767677 1.0101 -0.0262687
0.767677 1.09091 -0.0366325
0.767677 1.17172 -0.0478002
0.767677 1.25253 -0.059772
0.767677 1.33333 -0.0725478
0.767677 1.41414 -0.086128
0.767677 1.49495 -0.100513
0.767677 1.57576 -0.115702
0.767677 1.65657 -0.131697
0.767677 1.73737 -0.148497
0.767677 1.81818 -0.166103
0.767677 1.89899 -0.184516
0.767677 1.9798 -0.203737
0.767677 2.06061 -0.223767
0.767677 2.14141 -0.244607
0.767677 2.22222 -0.266258
0.767677 2.30303 -0.288722
0.767677 2.38384 -0.312001
0.767677 2.46465 -0.336097
0.767677 2.54545 -0.361012
0.767677 2.62626 -0.38675
0.767677 2.70707 -0.413313
0.767677 2.78788 -0.440704
0.767677 2.86869 -0.468929
0.767677 2.94949 -0.49799
0.767677 3.0303 -0.527893
0.767677 3.11111 -0.558644
0.767677 3.19192 -0.590247
0.767677 3.27273 -0.622709
0.767677 3.35354 -0.656038
0.767677 3.43434 -0.69024
0.767677 3.51515 -0.725324
0.767677 3.59596 -0.761299
0.767677 3.67677 -0.798175
0.767677 3.75758 -0.835961
0.767677 3.83838 -0.87467
0.767677 3.91919 -0.914312
0.767677 4 -0.954902
0.848485 -4 -0.945001
0.848485 -3.91919 -0.90472
0.848485 -3.83838 -0.865375
0.848485 -3.75758 -0.826954
0.848485 -3.67677 -0.789445
0.848485 -3.59596 -0.752836
0.848485 -3.51515 -0.717116
0.848485 -3.43434 -0.682276
0.848485 -3.35354 -0.648307
0.848485 -3.27273 -0.6152
0.848485 -3.19192 -0.582948
0.848485 -3.11111 -0.551542
0.848485 -3.0303 -0.520978
0.848485 -2.94949 -0.491249
0.848485 -2.86869 -0.462349
0.848485 -2.78788 -0.434274
0.848485 -2.70707 -0.407019
0.848485 -2.62626 -0.38058
0.848485 -2.54545 -0.354954
0.848485 -2.46465 -0.330138
0.848485 -2.38384 -0.306128
0.848485 -2.30303 -0.282923
0.848485 -2.22222 -0.26052
0.848485 -2.14141 -0.238917
0.848485 -2.06061 -0.218113
0.848485 -1.9798 -0.198107
0.848485 -1.89899 -0.178898
0.848485 -1.81818 -0.160484
0.848485 -1.73737 -0.142866
0.848485 -1.65657 -0.126042
0.848485 -1.57576 -0.110013
0.848485 -1.49495 -0.0947776
0.848485 -1.41414 -0.0803368
0.848485 -1.33333 -0.0666903
0.848485 -1.25253 -0.0538384
0.848485 -1.17172 -0.0417813
0.848485 -1.09091 -0.0305194
0.848485 -1.0101 -0.0200531
0.848485 -0.929293 -0.0103829
0.848485 -0.848485 -0.00150926
0.848485 -0.767677 0.00656734
0.848485 -0.686869 0.0138463
0.848485 -0.606061 0.0203272
0.848485 -0.525253 0.0260093
0.848485 -0.444444 0.0308922
0.848485 -0.363636 0.0349754
0.848485 -0.282828 0.0382584
0.848485 -0.20202 0.0407406
0.848485 -0.121212 0.0424217
0.848485 -0.040404 0.0433013
0.848485 0.040404 0.043379
0.848485 0.121212 0.0426544
0.848485 0.20202 0.0411273
0.848485 0.282828 0.0387975
0.848485 0.363636 0.0356647
0.848485 0.444444 0.0317288
0.848485 0.525253 0.0269897
0.848485 0.606061 0.0214473
0.848485 0.686869 0.0151016
0.848485 0.767677 0.00795247
0.848485 0.848485 -4.81731e-17
0.848485 0.929293 -0.00875579
0.848485 1.0101 -0.0183149
0.848485 1.09091 -0.0286772
0.848485 1.17172 -0.0398427
0.848485 1.25253 -0.0518114
0.848485 1.33333 -0.0645833
0.848485 1.41414 -0.0781583
0.848485 1.49495 -0.0925367
0.848485 1.57576 -0.107718
0.848485 1.65657 -0.123704
0.848485 1.73737 -0.140493
0.848485 1.81818 -0.158087
0.848485 1.89899 -0.176485
0.848485 1.9798 -0.195689
0.848485 2.06061 -0.2157
0.848485 2.14141 -0.236517
0.848485 2.22222 -0.258144
0.848485 2.30303 -0.28058
0.848485 2.38384 -0.303828
0.848485 2.46465 -0.327889
0.848485 2.54545 -0.352766
0.848485 2.62626 -0.378461
0.848485 2.70707 -0.404977
0.848485 2.78788 -0.432318
0.848485 2.86869 -0.460487
0.848485 2.94949 -0.489487
0.848485 3.0303 -0.519324
0.848485 3.11111 -0.550002
0.848485 3.19192 -0.581527
0.848485 3.27273 -0.613906
0.848485 3.35354 -0.647143
0.848485 3.43434 -0.681248
0.848485 3.51515 -0.716227
0.848485 3.59596 -0.752089
0.848485 3.67677 -0.788844
0.848485 3.75758 -0.826501
0.848485 3.83838 -0.865072
0.848485 3.91919 -0.904567
0.848485 4 -0.945001
0.929293 -4 -0.934148
0.929293 -3.91919 -0.894036
0.929293 -3.83838 -0.85485
0.929293 -3.75758 -0.816577
0.929293 -3.67677 -0.779207
0.929293 -3.59596 -0.742727
0.929293 -3.51515 -0.707129
0.929293 -3.43434 -0.672401
0.929293 -3.35354 -0.638536
0.929293 -3.27273 -0.605526
0.929293 -3.19192 -0.573364
0.929293 -3.11111 -0.542041
0.929293 -3.0303 -0.511553
0.929293 -2.94949 -0.481894
0.929293 -2.86869 -0.453059
0.929293 -2.78788 -0.425043
0.929293 -2.70707 -0.397842
0.929293 -2.62626 -0.371452
0.929293 -2.54545 -0.345871
0.929293 -2.46465 -0.321094
0.929293 -2.38384 -0.297121
0.929293 -2.30303 -0.273948
0.929293 -2.22222 -0.251574
0.929293 -2.14141 -0.229997
0.929293 -2.06061 -0.209217
0.929293 -1.9798 -0.189231
0.929293 -1.89899 -0.170039
0.929293 -1.81818 -0.151641
0.929293 -1.73737 -0.134035
0.929293 -1.65657 -0.117223
0.929293 -1.57576 -0.101203
0.929293 -1.49495 -0.0859764
0.929293 -1.41414 -0.0715424
0.929293 -1.33333 -0.0579015
0.929293 -1.25253 -0.0450541
0.929293 -1.17172 -0.0330007
0.929293 -1.09091 -0.0217417
0.929293 -1.0101 -0.0112777
0.929293 -0.929293 -0.00160913
0.929293 -0.848485 0.00726327
0.929293 -0.767677 0.0153389
0.929293 -0.686869 0.0226172
0.929293 -0.606061 0.0290975
0.929293 -0.525253 0.0347793
0.929293 -0.444444 0.0396618
0.929293 -0.363636 0.0437446
0.929293 -0.282828 0.0470271
0.929293 -0.20202 0.0495088
0.929293 -0.121212 0.0511893
0.929293 -0.040404 0.0520681
0.929293 0.040404 0.0521449
0.929293 0.121212 0.0514194
0.929293 0.20202 0.0498912
0.929293 0.282828 0.0475602
0.929293 0.363636 0.0444262
0.929293 0.444444 0.0404891
0.929293 0.525253 0.0357487
0.929293 0.606061 0.0302052
0.929293 0.686869 0.0238585
0.929293 0.767677 0.0167087
0.929293 0.848485 0.00875579
0.929293 0.929293 -5.2611e-17
0.929293 1.0101 -0.00955857
0.929293 1.09091 -0.0199198
0.929293 1.17172 -0.0310834
0.929293 1.25253 -0.0430494
0.929293 1.33333 -0.0558175
0.929293 1.41414 -0.0693877
0.929293 1.49495 -0.0837598
0.929293 1.57576 -0.0989339
0.929293 1.65657 -0.11491
0.929293 1.73737 -0.131688
0.929293 1.81818 -0.149269
0.929293 1.89899 -0.167652
0.929293 1.9798 -0.186838
0.929293 2.06061 -0.206828
0.929293 2.14141 -0.227623
0.929293 2.22222 -0.249223
0.929293 2.30303 -0.27163
0.929293 2.38384 -0.294844
0.929293 2.46465 -0.318869
0.929293 2.54545 -0.343705
0.929293 2.62626 -0.369355
0.929293 2.70707 -0.395821
0.929293 2.78788 -0.423107
0.929293 2.86869 -0.451215
0.929293 2.94949 -0.48015
0.929293 3.0303 -0.509915
0.929293 3.11111 -0.540516
0.929293 3.19192 -0.571957
0.929293 3.27273 -0.604244
0.929293 3.35354 -0.637383
0.929293 3.43434 -0.671382
0.929293 3.51515 -0.706247
0.929293 3.59596 -0.741987
0.929293 3.67677 -0.778611
0.929293 3.75758 -0.816128
0.929293 3.83838 -0.854549
0.929293 3.91919 -0.893885
0.929293 4 -0.934148
1.0101 -4 -0.922354
1.0101 -3.91919 -0.882424
1.0101 -3.83838 -0.843409
1.0101 -3.75758 -0.805296
1.0101 -3.67677 -0.768075
1.0101 -3.59596 -0.731735
1.0101 -3.51515 -0.696266
1.0101 -3.43434 -0.66166
1.0101 -3.35354 -0.627907
1.0101 -3.27273 -0.595001
1.0101 -3.19192 -0.562934
1.0101 -3.11111 -0.5317
1.0101 -3.0303 -0.501294
1.0101 -2.94949 -0.47171
1.0101 -2.86869 -0.442944
1.0101 -2.78788 -0.41499
1.0101 -2.70707 -0.387846
1.0101 -2.62626 -0.361509
1.0101 -2.54545 -0.335974
1.0101 -2.46465 -0.31124
1.0101 -2.38384 -0.287305
1.0101 -2.30303 -0.264166
1.0101 -2.22222 -0.241823
1.0101 -2.14141 -0.220273
1.0101 -2.06061 -0.199516
1.0101 -1.9798 -0.179551
1.0101 -1.89899 -0.160377
1.0101 -1.81818 -0.141995
1.0101 -1.73737 -0.124403
1.0101 -1.65657 -0.107602
1.0101 -1.57576 -0.091592
1.0101 -1.49495 -0.0763731
1.0101 -1.41414 -0.0619456
1.0101 -1.33333 -0.0483101
1.0101 -1.25253 -0.035467
1.0101 -1.17172 -0.0234168
1.0101 -1.09091 -0.0121603
1.0101 -1.0101 -0.00169812
1.0101 -0.929293 0.00796909
1.0101 -0.848485 0.0168406
1.0101 -0.767677 0.0249157
1.0101 -0.686869 0.0321936
1.0101 -0.606061 0.0386738
1.0101 -0.525253 0.0443553
1.0101 -0.444444 0.0492377
1.0101 -0.363636 0.0533203
1.0101 -0.282828 0.0566026
1.0101 -0.20202 0.0590839
1.0101 -0.121212 0.0607637
1.0101 -0.040404 0.0616418
1.0101 0.040404 0.0617177
1.0101 0.121212 0.060991
1.0101 0.20202 0.0594615
1.0101 0.282828 0.0571291
1.0101 0.363636 0.0539935
1.0101 0.444444 0.0500548
1.0101 0.525253 0.0453129
1.0101 0.606061 0.0397678
1.0101 0.686869 0.0334197
1.0101 0.767677 0.0262687
1.0101 0.848485 0.0183149
1.0101 0.929293 0.00955857
1.0101 1.0101 -4.68655e-17
1.0101 1.09091 -0.0103606
1.0101 1.17172 -0.0215228
1.0101 1.25253 -0.0334865
1.0101 1.33333 -0.0462513
1.0101 1.41414 -0.0598169
1.0101 1.49495 -0.0741831
1.0101 1.57576 -0.0893498
1.0101 1.65657 -0.105317
1.0101 1.73737 -0.122084
1.0101 1.81818 -0.139651
1.0101 1.89899 -0.158019
1.0101 1.9798 -0.177187
1.0101 2.06061 -0.197156
1.0101 2.14141 -0.217926
1.0101 2.22222 -0.239499
1.0101 2.30303 -0.261875
1.0101 2.38384 -0.285055
1.0101 2.46465 -0.30904
1.0101 2.54545 -0.333833
1.0101 2.62626 -0.359435
1.0101 2.70707 -0.385848
1.0101 2.78788 -0.413076
1.0101 2.86869 -0.44112
1.0101 2.94949 -0.469985
1.0101 3.0303 -0.499674
1.0101 3.11111 -0.530192
1.0101 3.19192 -0.561543
1.0101 3.27273 -0.593732
1.0101 3.35354 -0.626766
1.0101 3.43434 -0.660651
1.0101 3.51515 -0.695394
1.0101 3.59596 -0.731002
1.0101 3.67677 -0.767485
1.0101 3.75758 -0.804851
1.0101 3.83838 -0.843111
1.0101 3.91919 -0.882275
1.0101 4 -0.922354
1.09091 -4 -0.909632
1.09091 -3.91919 -0.869896
1.09091 -3.83838 -0.831063
1.09091 -3.75758 -0.793122
1.09091 -3.67677 -0.75606
1.09091 -3.59596 -0.719868
1.09091 -3.51515 -0.684538
1.09091 -3.43434 -0.65006
1.09091 -3.35354 -0.616427
1.09091 -3.27273 -0.583631
1.09091 -3.19192 -0.551666
1.09091 -3.11111 -0.520527
1.09091 -3.0303 -0.490207
1.09091 -2.94949 -0.460702
1.09091 -2.86869 -0.432008
1.09091 -2.78788 -0.404121
1.09091 -2.70707 -0.377038
1.09091 -2.62626 -0.350755
1.09091 -2.54545 -0.325269
1.09091 -2.46465 -0.30058
1.09091 -2.38384 -0.276684
1.09091 -2.30303 -0.253581
1.09091 -2.22222 -0.231269
1.09091 -2.14141 -0.209747
1.09091 -2.06061 -0.189015
1.09091 -1.9798 -0.169071
1.09091 -1.89899 -0.149916
1.09091 -1.81818 -0.131549
1.09091 -1.73737 -0.11397
1.09091 -1.65657 -0.0971808
1.09091 -1.57576 -0.0811801
1.09091 -1.49495 -0.0659689
1.09091 -1.41414 -0.0515476
1.09091 -1.33333 -0.037917
1.09091 -1.25253 -0.0250776
1.09091 -1.17172 -0.0130303
1.09091 -1.09091 -0.00177573
1.09091 -1.0101 0.00868516
1.09091 -0.929293 0.0183516
1.09091 -0.848485 0.0272227
1.09091 -0.767677 0.0352977
1.09091 -0.686869 0.0425758
1.09091 -0.606061 0.0490561
1.09091 -0.525253 0.0547379
1.09091 -0.444444 0.0596204
1.09091 -0.363636 0.0637031
1.09091 -0.282828 0.0669852
1.09091 -0.20202 0.0694662
1.09091 -0.121212 0.0711455
1.09091 -0.040404 0.0720228
1.09091 0.040404 0.0720976
1.09091 0.121212 0.0713697
1.09091 0.20202 0.0698387
1.09091 0.282828 0.0675046
1.09091 0.363636 0.0643672
1.09091 0.444444 0.0604265
1.09091 0.525253 0.0556825
1.09091 0.606061 0.0501354
1.09091 0.686869 0.0437853
1.09091 0.767677 0.0366325
1.09091 0.848485 0.0286772
1.09091 0.929293 0.0199198
1.09091 1.0101 0.0103606
1.09091 1.09091 -4.97716e-17
1.09091 1.17172 -0.0111615
1.09091 1.25253 -0.0231235
1.09091 1.33333 -0.0358855
1.09091 1.41414 -0.0494471
1.09091 1.49495 -0.0638079
1.09091 1.57576 -0.0789674
1.09091 1.65657 -0.0949254
1.09091 1.73737 -0.111682
1.09091 1.81818 -0.129236
1.09091 1.89899 -0.147587
1.09091 1.9798 -0.166737
1.09091 2.06061 -0.186685
1.09091 2.14141 -0.207431
1.09091 2.22222 -0.228975
1.09091 2.30303 -0.251319
1.09091 2.38384 -0.274463
1.09091 2.46465 -0.298408
1.09091 2.54545 -0.323155
1.09091 2.62626 -0.348707
1.09091 2.70707 -0.375065
1.09091 2.78788 -0.402231
1.09091 2.86869 -0.430208
1.09091 2.94949 -0.458998
1.09091 3.0303 -0.488607
1.09091 3.11111 -0.519036
1.09091 3.19192 -0.550292
1.09091 3.27273 -0.582377
1.09091 3.35354 -0.615299
1.09091 3.43434 -0.649063
1.09091 3.51515 -0.683676
1.09091 3.59596 -0.719144
1.09091 3.67677 -0.755477
1.09091 3.75758 -0.792682
1.09091 3.83838 -0.830769
1.09091 3.91919 -0.869749
1.09091 4 -0.909632
1.17172 -4 -0.895994
1.17172 -3.91919 -0.856465
1.17172 -3.83838 -0.817826
1.17172 -3.75758 -0.780065
1.17172 -3.67677 -0.743172
1.17172 -3.59596 -0.707138
1.17172 -3.51515 -0.671954
1.17172 -3.43434 -0.637612
1.17172 -3.35354 -0.604105
1.17172 -3.27273 -0.571425
1.17172 -3.19192 -0.539568
1.17172 -3.11111 -0.508528
1.17172 -3.0303 -0.478299
1.17172 -2.94949 -0.448878
1.17172 -2.86869 -0.42026
1.17172 -2.78788 -0.392442
1.17172 -2.70707 -0.365421
1.17172 -2.62626 -0.339195
1.17172 -2.54545 -0.313761
1.17172 -2.46465 -0.289117
1.17172 -2.38384 -0.265263
1.17172 -2.30303 -0.242196
1.17172 -2.22222 -0.219916
1.17172 -2.14141 -0.198423
1.17172 -2.06061 -0.177715
1.17172 -1.9798 -0.157793
1.17172 -1.89899 -0.138656
1.17172 -1.81818 -0.120305
1.17172 -1.73737 -0.10274
1.17172 -1.65657 -0.0859608
1.17172 -1.57576 -0.0699691
1.17172 -1.49495 -0.0547651
1.17172 -1.41414 -0.0403494
1.17172 -1.33333 -0.026723
1.17172 -1.25253 -0.0138868
1.17172 -1.17172 -0.00184156
1.17172 -1.09091 0.00941166
1.17172 -1.0101 0.0198719
1.17172 -0.929293 0.0295382
1.17172 -0.848485 0.0384095
1.17172 -0.767677 0.046485
1.17172 -0.686869 0.0537637
1.17172 -0.606061 0.0602447
1.17172 -0.525253 0.0659272
1.17172 -0.444444 0.0708103
1.17172 -0.363636 0.0748933
1.17172 -0.282828 0.0781755
1.17172 -0.20202 0.0806563
1.17172 -0.121212 0.0823352
1.17172 -0.040404 0.0832117
1.17172 0.040404 0.0832854
1.17172 0.121212 0.0825561
1.17172 0.20202 0.0810234
1.17172 0.282828 0.0786872
1.17172 0.363636 0.0755476
1.17172 0.444444 0.0716045
1.17172 0.525253 0.0668579
1.17172 0.606061 0.0613082
1.17172 0.686869 0.0549555
1.17172 0.767677 0.0478002
1.17172 0.848485 0.0398427
1.17172 0.929293 0.0310834
1.17172 1.0101 0.0215228
1.17172 1.09091 0.0111615
1.17172 1.17172 -5.53043e-17
1.17172 1.25253 -0.011961
1.17172 1.33333 -0.024721
1.17172 1.41414 -0.0382793
1.17172 1.49495 -0.0526352
1.17172 1.57576 -0.0677883
1.17172 1.65657 -0.0837379
1.17172 1.73737 -0.100483
1.17172 1.81818 -0.118025
1.17172 1.89899 -0.136361
1.17172 1.9798 -0.155492
1.17172 2.06061 -0.175418
1.17172 2.14141 -0.196139
1.17172 2.22222 -0.217655
1.17172 2.30303 -0.239966
1.17172 2.38384 -0.263072
1.17172 2.46465 -0.286975
1.17172 2.54545 -0.311676
1.17172 2.62626 -0.337175
1.17172 2.70707 -0.363475
1.17172 2.78788 -0.390577
1.17172 2.86869 -0.418483
1.17172 2.94949 -0.447197
1.17172 3.0303 -0.47672
1.17172 3.11111 -0.507057
1.17172 3.19192 -0.538212
1.17172 3.27273 -0.570188
1.17172 3.35354 -0.602992
1.17172 3.43434 -0.636628
1.17172 3.51515 -0.671103
1.17172 3.59596 -0.706423
1.17172 3.67677 -0.742596
1.17172 3.75758 -0.77963
1.17172 3.83838 -0.817535
1.17172 3.91919 -0.856319
1.17172 4 -0.895994
1.25253 -4 -0.881453
1.25253 -3.91919 -0.842143
1.25253 -3.83838 -0.803708
1.25253 -3.75758 -0.766137
1.25253 -3.67677 -0.729423
1.25253 -3.59596 -0.693554
1.25253 -3.51515 -0.658524
1.25253 -3.43434 -0.624325
1.25253 -3.35354 -0.59095
1.25253 -3.27273 -0.558393
1.25253 -3.19192 -0.526648
1.25253 -3.11111 -0.495711
1.25253 -3.0303 -0.465578
1.25253 -2.94949 -0.436243
1.25253 -2.86869 -0.407704
1.25253 -2.78788 -0.379958
1.25253 -2.70707 -0.353002
1.25253 -2.62626 -0.326835
1.25253 -2.54545 -0.301454
1.25253 -2.46465 -0.276858
1.25253 -2.38384 -0.253045
1.25253 -2.30303 -0.230016
1.25253 -2.22222 -0.207769
1.25253 -2.14141 -0.186304
1.25253 -2.06061 -0.16562
1.25253 -1.9798 -0.145719
1.25253 -1.89899 -0.126601
1.25253 -1.81818 -0.108265
1.25253 -1.73737 -0.0907125
1.25253 -1.65657 -0.0739441
1.25253 -1.57576 -0.0579607
1.25253 -1.49495 -0.042763
1.25253 -1.41414 -0.0283522
1.25253 -1.33333 -0.0147293
1.25253 -1.25253 -0.0018953
1.25253 -1.17172 0.0101486
1.25253 -1.09091 0.0214014
1.25253 -1.0101 0.0318618
1.25253 -0.929293 0.0415287
1.25253 -0.848485 0.0504011
1.25253 -0.767677 0.0584777
1.25253 -0.686869 0.0657577
1.25253 -0.606061 0.07224
1.25253 -0.525253 0.0779236
1.25253 -0.444444 0.0828076
1.25253 -0.363636 0.0868914
1.25253 -0.282828 0.090174
1.25253 -0.20202 0.0926548
1.25253 -0.121212 0.0943334
1.25253 -0.040404 0.0952091
1.25253 0.040404 0.0952817
1.25253 0.121212 0.0945507
1.25253 0.20202 0.093016
1.25253 0.282828 0.0906775
1.25253 0.363636 0.0875352
1.25253 0.444444 0.0835891
1.25253 0.525253 0.0788395
1.25253 0.606061 0.0732865
1.25253 0.686869 0.0669305
1.25253 0.767677 0.059772
1.25253 0.848485 0.0518114
1.25253 0.929293 0.0430494
1.25253 1.0101 0.0334865
1.25253 1.09091 0.0231235
1.25253 1.17172 0.011961
1.25253 1.25253 -5.49544e-17
1.25253 1.33333 -0.0127589
1.25253 1.41414 -0.0263147
1.25253 1.49495 -0.0406667
1.25253 1.57576 -0.055814
1.25253 1.65657 -0.0717559
1.25253 1.73737 -0.0884916
1.25253 1.81818 -0.10602
1.25253 1.89899 -0.124342
1.25253 1.9798 -0.143455
1.25253 2.06061 -0.163359
1.25253 2.14141 -0.184055
1.25253 2.22222 -0.205541
1.25253 2.30303 -0.227819
1.25253 2.38384 -0.250888
1.25253 2.46465 -0.274748
1.25253 2.54545 -0.2994
1.25253 2.62626 -0.324846
1.25253 2.70707 -0.351085
1.25253 2.78788 -0.378121
1.25253 2.86869 -0.405954
1.25253 2.94949 -0.434587
1.25253 3.0303 -0.464022
1.25253 3.11111 -0.494262
1.25253 3.19192 -0.525311
1.25253 3.27273 -0.557174
1.25253 3.35354 -0.589853
1.25253 3.43434 -0.623355
1.25253 3.51515 -0.657685
1.25253 3.59596 -0.692849
1.25253 3.67677 -0.728855
1.25253 3.75758 -0.765709
1.25253 3.83838 -0.803421
1.25253 3.91919 -0.841999
1.25253 4 -0.881453
1.33333 -4 -0.866025
1.33333 -3.91919 -0.826944
1.33333 -3.83838 -0.788723
1.33333 -3.75758 -0.751353
1.33333 -3.67677 -0.714824
1.33333 -3.59596 -0.679129
1.33333 -3.51515 -0.64426
1.33333 -3.43434 -0.61021
1.33333 -3.35354 -0.576973
1.33333 -3.27273 -0.544543
1.33333 -3.19192 -0.512916
1.33333 -3.11111 -0.482086
1.33333 -3.0303 -0.452051
1.33333 -2.94949 -0.422806
1.33333 -2.86869 -0.394349
1.33333 -2.78788 -0.366677
1.33333 -2.70707 -0.339788
1.33333 -2.62626 -0.313681
1.33333 -2.54545 -0.288354
1.33333 -2.46465 -0.263806
1.33333 -2.38384 -0.240036
1.33333 -2.30303 -0.217044
1.33333 -2.22222 -0.19483
1.33333 -2.14141 -0.173393
1.33333 -2.06061 -0.152734
1.33333 -1.9798 -0.132854
1.33333 -1.89899 -0.113753
1.33333 -1.81818 -0.095432
1.33333 -1.73737 -0.0778915
1.33333 -1.65657 -0.0611326
1.33333 -1.57576 -0.0451565
1.33333 -1.49495 -0.0299643
1.33333 -1.41414 -0.0155573
1.33333 -1.33333 -0.00193678
1.33333 -1.25253 0.010896
1.33333 -1.17172 0.0229397
1.33333 -1.09091 0.0341929
1.33333 -1.0101 0.0446545
1.33333 -0.929293 0.054323
1.33333 -0.848485 0.0631972
1.33333 -0.767677 0.0712759
1.33333 -0.686869 0.0785579
1.33333 -0.606061 0.0850422
1.33333 -0.525253 0.0907275
1.33333 -0.444444 0.0956131
1.33333 -0.363636 0.0996979
1.33333 -0.282828 0.102981
1.33333 -0.20202 0.105462
1.33333 -0.121212 0.107141
1.33333 -0.040404 0.108016
1.33333 0.040404 0.108087
1.33333 0.121212 0.107354
1.33333 0.20202 0.105817
1.33333 0.282828 0.103476
1.33333 0.363636 0.100331
1.33333 0.444444 0.096381
1.33333 0.525253 0.0916276
1.33333 0.606061 0.0860706
1.33333 0.686869 0.0797105
1.33333 0.767677 0.0725478
1.33333 0.848485 0.0645833
1.33333 0.929293 0.0558175
1.33333 1.0101 0.0462513
1.33333 1.09091 0.0358855
1.33333 1.17172 0.024721
1.33333 1.25253 0.0127589
1.33333 1.33333 -5.98413e-17
1.33333 1.41414 -0.0135545
1.33333 1.49495 -0.0279036
1.33333 1.57576 -0.0430463
1.33333 1.65657 -0.0589815
1.33333 1.73737 -0.0757081
1.33333 1.81818 -0.0932253
1.33333 1.89899 -0.111532
1.33333 1.9798 -0.130628
1.33333 2.06061 -0.150511
1.33333 2.14141 -0.171182
1.33333 2.22222 -0.192639
1.33333 2.30303 -0.214884
1.33333 2.38384 -0.237914
1.33333 2.46465 -0.261731
1.33333 2.54545 -0.286334
1.33333 2.62626 -0.311724
1.33333 2.70707 -0.337903
1.33333 2.78788 -0.36487
1.33333 2.86869 -0.392627
1.33333 2.94949 -0.421176
1.33333 3.0303 -0.45052
1.33333 3.11111 -0.48066
1.33333 3.19192 -0.5116
1.33333 3.27273 -0.543343
1.33333 3.35354 -0.575893
1.33333 3.43434 -0.609255
1.33333 3.51515 -0.643434
1.33333 3.59596 -0.678435
1.33333 3.67677 -0.714265
1.33333 3.75758 -0.750931
1.33333 3.83838 -0.78844
1.33333 3.91919 -0.826802
1.33333 4 -0.866025
1.41414 -4 -0.849725
1.41414 -3.91919 -0.810883
1.41414 -3.83838 -0.772886
1.41414 -3.75758 -0.735724
1.41414 -3.67677 -0.69939
1.41414 -3.59596 -0.663875
1.41414 -3.51515 -0.629173
1.41414 -3.43434 -0.595278
1.41414 -3.35354 -0.562184
1.41414 -3.27273 -0.529886
1.41414 -3.19192 -0.49838
1.41414 -3.11111 -0.467661
1.41414 -3.0303 -0.437727
1.41414 -2.94949 -0.408575
1.41414 -2.86869 -0.380202
1.41414 -2.78788 -0.352606
1.41414 -2.70707 -0.325785
1.41414 -2.62626 -0.299739
1.41414 -2.54545 -0.274467
1.41414 -2.46465 -0.249967
1.41414 -2.38384 -0.22624
1.41414 -2.30303 -0.203285
1.41414 -2.22222 -0.181104
1.41414 -2.14141 -0.159695
1.41414 -2.06061 -0.139061
1.41414 -1.9798 -0.119201
1.41414 -1.89899 -0.100116
1.41414 -1.81818 -0.0818085
1.41414 -1.73737 -0.0642788
1.41414 -1.65657 -0.0475282
1.41414 -1.57576 -0.0315583
1.41414 -1.49495 -0.0163703
1.41414 -1.41414 -0.0019659
1.41414 -1.33333 0.0116535
1.41414 -1.25253 0.0244863
1.41414 -1.17172 0.0365309
1.41414 -1.09091 0.0477859
1.41414 -1.0101 0.0582498
1.41414 -0.929293 0.0679209
1.41414 -0.848485 0.0767981
1.41414 -0.767677 0.0848797
1.41414 -0.686869 0.0921647
1.41414 -0.606061 0.0986516
1.41414 -0.525253 0.104339
1.41414 -0.444444 0.109227
1.41414 -0.363636 0.113314
1.41414 -0.282828 0.116598
1.41414 -0.20202 0.11908
1.41414 -0.121212 0.120758
1.41414 -0.040404 0.121632
1.41414 0.040404 0.121702
1.41414 0.121212 0.120967
1.41414 0.20202 0.119428
1.41414 0.282828 0.117084
1.41414 0.363636 0.113934
1.41414 0.444444 0.109981
1.41414 0.525253 0.105223
1.41414 0.606061 0.0996609
1.41414 0.686869 0.0932957
1.41414 0.767677 0.086128
1.41414 0.848485 0.0781583
1.41414 0.929293 0.0693877
1.41414 1.0101 0.0598169
1.41414 1.09091 0.0494471
1.41414 1.17172 0.0382793
1.41414 1.25253 0.0263147
1.41414 1.33333 0.0135545
1.41414 1.41414 -4.83651e-17
1.41414 1.49495 -0.0143475
1.41414 1.57576 -0.0294868
1.41414 1.65657 -0.0454165
1.41414 1.73737 -0.0621354
1.41414 1.81818 -0.0796421
1.41414 1.89899 -0.0979354
1.41414 1.9798 -0.117014
1.41414 2.06061 -0.136877
1.41414 2.14141 -0.157524
1.41414 2.22222 -0.178953
1.41414 2.30303 -0.201164
1.41414 2.38384 -0.224156
1.41414 2.46465 -0.247929
1.41414 2.54545 -0.272483
1.41414 2.62626 -0.297817
1.41414 2.70707 -0.323933
1.41414 2.78788 -0.35083
1.41414 2.86869 -0.37851
1.41414 2.94949 -0.406974
1.41414 3.0303 -0.436223
1.41414 3.11111 -0.46626
1.41414 3.19192 -0.497087
1.41414 3.27273 -0.528706
1.41414 3.35354 -0.561123
1.41414 3.43434 -0.594339
1.41414 3.51515 -0.628361
1.41414 3.59596 -0.663192
1.41414 3.67677 -0.69884
1.41414 3.75758 -0.735309
1.41414 3.83838 -0.772608
1.41414 3.91919 -0.810744
1.41414 4 -0.849725
1.49495 -4 -0.83257
1.49495 -3.91919 -0.793976
1.49495 -3.83838 -0.756211
1.49495 -3.75758 -0.719266
1.49495 -3.67677 -0.683132
1.49495 -3.59596 -0.647805
1.49495 -3.51515 -0.613276
1.49495 -3.43434 -0.579541
1.49495 -3.35354 -0.546595
1.49495 -3.27273 -0.514432
1.49495 -3.19192 -0.483051
1.49495 -3.11111 -0.452446
1.49495 -3.0303 -0.422616
1.49495 -2.94949 -0.393558
1.49495 -2.86869 -0.36527
1.49495 -2.78788 -0.337751
1.49495 -2.70707 -0.311
1.49495 -2.62626 -0.285016
1.49495 -2.54545 -0.259798
1.49495 -2.46465 -0.235347
1.49495 -2.38384 -0.211662
1.49495 -2.30303 -0.188745
1.49495 -2.22222 -0.166595
1.49495 -2.14141 -0.145214
1.49495 -2.06061 -0.124602
1.49495 -1.9798 -0.104761
1.49495 -1.89899 -0.0856926
1.49495 -1.81818 -0.0673972
1.49495 -1.73737 -0.0498769
1.49495 -1.65657 -0.0331332
1.49495 -1.57576 -0.0171679
1.49495 -1.49495 -0.00198268
1.49495 -1.41414 0.0124207
1.49495 -1.33333 0.0260404
1.49495 -1.25253 0.0388747
1.49495 -1.17172 0.0509217
1.49495 -1.09091 0.0621798
1.49495 -1.0101 0.0726473
1.49495 -0.929293 0.0823224
1.49495 -0.848485 0.0912036
1.49495 -0.767677 0.0992894
1.49495 -0.686869 0.106578
1.49495 -0.606061 0.113069
1.49495 -0.525253 0.11876
1.49495 -0.444444 0.12365
1.49495 -0.363636 0.127739
1.49495 -0.282828 0.131025
1.49495 -0.20202 0.133507
1.49495 -0.121212 0.135186
1.49495 -0.040404 0.136059
1.49495 0.040404 0.136128
1.49495 0.121212 0.135391
1.49495 0.20202 0.133849
1.49495 0.282828 0.131501
1.49495 0.363636 0.128347
1.49495 0.444444 0.124389
1.49495 0.525253 0.119625
1.49495 0.606061 0.114058
1.49495 0.686869 0.107687
1.49495 0.767677 0.100513
1.49495 0.848485 0.0925367
1.49495 0.929293 0.0837598
1.49495 1.0101 0.0741831
1.49495 1.09091 0.0638079
1.49495 1.17172 0.0526352
1.49495 1.25253 0.0406667
1.49495 1.33333 0.0279036
1.49495 1.41414 0.0143475
1.49495 1.49495 -4.79245e-17
1.49495 1.57576 -0.0151374
1.49495 1.65657 -0.0310632
1.49495 1.73737 -0.0477757
1.49495 1.81818 -0.0652733
1.49495 1.89899 -0.0835545
1.49495 1.9798 -0.102618
1.49495 2.06061 -0.122462
1.49495 2.14141 -0.143085
1.49495 2.22222 -0.164486
1.49495 2.30303 -0.186665
1.49495 2.38384 -0.209619
1.49495 2.46465 -0.233348
1.49495 2.54545 -0.257852
1.49495 2.62626 -0.283131
1.49495 2.70707 -0.309183
1.49495 2.78788 -0.336009
1.49495 2.86869 -0.36361
1.49495 2.94949 -0.391987
1.49495 3.0303 -0.42114
1.49495 3.11111 -0.451071
1.49495 3.19192 -0.481782
1.49495 3.27273 -0.513275
1.49495 3.35354 -0.545553
1.49495 3.43434 -0.57862
1.49495 3.51515 -0.612479
1.49495 3.59596 -0.647135
1.49495 3.67677 -0.682593
1.49495 3.75758 -0.718858
1.49495 3.83838 -0.755938
1.49495 3.91919 -0.793839
1.49495 4 -0.83257
1.57576 -4 -0.814576
1.57576 -3.91919 -0.77624
1.57576 -3.83838 -0.738715
1.57576 -3.75758 -0.701993
1.57576 -3.67677 -0.666067
1.57576 -3.59596 -0.630932
1.57576 -3.51515 -0.596582
1.57576 -3.43434 -0.563011
1.57576 -3.35354 -0.530216
1.57576 -3.27273 -0.498193
1.57576 -3.19192 -0.466939
1.57576 -3.11111 -0.436451
1.57576 -3.0303 -0.406726
1.57576 -2.94949 -0.377764
1.57576 -2.86869 -0.349563
1.57576 -2.78788 -0.322122
1.57576 -2.70707 -0.29544
1.57576 -2.62626 -0.269518
1.57576 -2.54545 -0.244355
1.57576 -2.46465 -0.219952
1.57576 -2.38384 -0.196309
1.57576 -2.30303 -0.173428
1.57576 -2.22222 -0.151309
1.57576 -2.14141 -0.129954
1.57576 -2.06061 -0.109364
1.57576 -1.9798 -0.0895405
1.57576 -1.89899 -0.0704855
1.57576 -1.81818 -0.0522008
1.57576 -1.73737 -0.0346882
1.57576 -1.65657 -0.0179497
1.57576 -1.57576 -0.00198726
1.57576 -1.49495 0.013197
1.57576 -1.41414 0.0276011
1.57576 -1.33333 0.0412228
1.57576 -1.25253 0.0540603
1.57576 -1.17172 0.0661115
1.57576 -1.09091 0.0773743
1.57576 -1.0101 0.0878469
1.57576 -0.929293 0.0975274
1.57576 -0.848485 0.106414
1.57576 -0.767677 0.114505
1.57576 -0.686869 0.121799
1.57576 -0.606061 0.128294
1.57576 -0.525253 0.13399
1.57576 -0.444444 0.138883
1.57576 -0.363636 0.142975
1.57576 -0.282828 0.146263
1.57576 -0.20202 0.148747
1.57576 -0.121212 0.150425
1.57576 -0.040404 0.151298
1.57576 0.040404 0.151365
1.57576 0.121212 0.150626
1.57576 0.20202 0.149081
1.57576 0.282828 0.146728
1.57576 0.363636 0.14357
1.57576 0.444444 0.139606
1.57576 0.525253 0.134836
1.57576 0.606061 0.129262
1.57576 0.686869 0.122884
1.57576 0.767677 0.115702
1.57576 0.848485 0.107718
1.57576 0.929293 0.0989339
1.57576 1.0101 0.0893498
1.57576 1.09091 0.0789674
1.57576 1.17172 0.0677883
1.57576 1.25253 0.055814
1.57576 1.33333 0.0430463
1.57576 1.41414 0.0294868
1.57576 1.49495 0.0151374
1.57576 1.57576 -5.28933e-17
1.57576 1.65657 -0.0159236
1.57576 1.73737 -0.0326315
1.57576 1.81818 -0.0501218
1.57576 1.89899 -0.0683926
1.57576 1.9798 -0.087442
1.57576 2.06061 -0.107268
1.57576 2.14141 -0.12787
1.57576 2.22222 -0.149244
1.57576 2.30303 -0.171391
1.57576 2.38384 -0.194308
1.57576 2.46465 -0.217995
1.57576 2.54545 -0.24245
1.57576 2.62626 -0.267672
1.57576 2.70707 -0.293661
1.57576 2.78788 -0.320416
1.57576 2.86869 -0.347937
1.57576 2.94949 -0.376225
1.57576 3.0303 -0.40528
1.57576 3.11111 -0.435103
1.57576 3.19192 -0.465695
1.57576 3.27273 -0.497059
1.57576 3.35354 -0.529195
1.57576 3.43434 -0.562108
1.57576 3.51515 -0.5958
1.57576 3.59596 -0.630275
1.57576 3.67677 -0.665538
1.57576 3.75758 -0.701593
1.57576 3.83838 -0.738447
1.57576 3.91919 -0.776106
1.57576 4 -0.814576
1.65657 -4 -0.795762
1.65657 -3.91919 -0.757691
1.65657 -3.83838 -0.720413
1.65657 -3.75758 -0.683921
1.65657 -3.67677 -0.648209
1.65657 -3.59596 -0.613272
1.65657 -3.51515 -0.579104
1.65657 -3.43434 -0.545702
1.65657 -3.35354 -0.513062
1.65657 -3.27273 -0.48118
1.65657 -3.19192 -0.450056
1.65657 -3.11111 -0.419685
1.65657 -3.0303 -0.390068
1.65657 -2.94949 -0.361203
1.65657 -2.86869 -0.333089
1.65657 -2.78788 -0.305726
1.65657 -2.70707 -0.279114
1.65657 -2.62626 -0.253253
1.65657 -2.54545 -0.228144
1.65657 -2.46465 -0.203788
1.65657 -2.38384 -0.180186
1.65657 -2.30303 -0.15734
1.65657 -2.22222 -0.13525
1.65657 -2.14141 -0.113919
1.65657 -2.06061 -0.093349
1.65657 -1.9798 -0.0735413
1.65657 -1.89899 -0.0544983
1.65657 -1.81818 -0.0362222
1.65657 -1.73737 -0.0187153
1.65657 -1.65657 -0.00197986
1.65657 -1.57576 0.0139817
1.65657 -1.49495 0.0291671
1.65657 -1.41414 0.0435739
1.65657 -1.33333 0.0571998
1.65657 -1.25253 0.0700424
1.65657 -1.17172 0.0820995
1.65657 -1.09091 0.0933689
1.65657 -1.0101 0.103848
1.65657 -0.929293 0.113536
1.65657 -0.848485 0.12243
1.65657 -0.767677 0.130527
1.65657 -0.686869 0.137828
1.65657 -0.606061 0.144329
1.65657 -0.525253 0.150029
1.65657 -0.444444 0.154927
1.65657 -0.363636 0.159022
1.65657 -0.282828 0.162313
1.65657 -0.20202 0.164798
1.65657 -0.121212 0.166477
1.65657 -0.040404 0.16735
1.65657 0.040404 0.167416
1.65657 0.121212 0.166674
1.65657 0.20202 0.165124
1.65657 0.282828 0.162768
1.65657 0.363636 0.159604
1.65657 0.444444 0.155633
1.65657 0.525253 0.150856
1.65657 0.606061 0.145274
1.65657 0.686869 0.138887
1.65657 0.767677 0.131697
1.65657 0.848485 0.123704
1.65657 0.929293 0.11491
1.65657 1.0101 0.105317
1.65657 1.09091 0.0949254
1.65657 1.17172 0.0837379
1.65657 1.25253 0.0717559
1.65657 1.33333 0.0589815
1.65657 1.41414 0.0454165
1.65657 1.49495 0.0310632
1.65657 1.57576 0.0159236
1.65657 1.65657 -6.28648e-17
1.65657 1.73737 -0.0167055
1.65657 1.81818 -0.0341905
1.65657 1.89899 -0.0524529
1.65657 1.9798 -0.0714904
1.65657 2.06061 -0.0913008
1.65657 2.14141 -0.111882
1.65657 2.22222 -0.133232
1.65657 2.30303 -0.155348
1.65657 2.38384 -0.17823
1.65657 2.46465 -0.201875
1.65657 2.54545 -0.226281
1.65657 2.62626 -0.251448
1.65657 2.70707 -0.277373
1.65657 2.78788 -0.304057
1.65657 2.86869 -0.331499
1.65657 2.94949 -0.359698
1.65657 3.0303 -0.388654
1.65657 3.11111 -0.418367
1.65657 3.19192 -0.448839
1.65657 3.27273 -0.48007
1.65657 3.35354 -0.512063
1.65657 3.43434 -0.544818
1.65657 3.51515 -0.578339
1.65657 3.59596 -0.612629
1.65657 3.67677 -0.647691
1.65657 3.75758 -0.68353
1.65657 3.83838 -0.720151
1.65657 3.91919 -0.75756
1.65657 4 -0.795762
1.73737 -4 -0.776146
1.73737 -3.91919 -0.738348
1.73737 -3.83838 -0.701324
1.73737 -3.75758 -0.665068
1.73737 -3.67677 -0.629574
1.73737 -3.59596 -0.594839
1.73737 -3.51515 -0.560857
1.73737 -3.43434 -0.527626
1.73737 -3.35354 -0.495143
1.73737 -3.27273 -0.463406
1.73737 -3.19192 -0.432412
1.73737 -3.11111 -0.402161
1.73737 -3.0303 -0.372652
1.73737 -2.94949 -0.343884
1.73737 -2.86869 -0.315857
1.73737 -2.78788 -0.288571
1.73737 -2.70707 -0.262028
1.73737 -2.62626 -0.236228
1.73737 -2.54545 -0.211172
1.73737 -2.46465 -0.186862
1.73737 -2.38384 -0.163299
1.73737 -2.30303 -0.140485
1.73737 -2.22222 -0.118423
1.73737 -2.14141 -0.0971145
1.73737 -2.06061 -0.0765619
1.73737 -1.9798 -0.0567677
1.73737 -1.89899 -0.0377343
1.73737 -1.81818 -0.0194645
1.73737 -1.73737 -0.00196082
1.73737 -1.65657 0.0147739
1.73737 -1.57576 0.0307371
1.73737 -1.49495 0.045926
1.73737 -1.41414 0.0603379
1.73737 -1.33333 0.0739702
1.73737 -1.25253 0.0868202
1.73737 -1.17172 0.0988854
1.73737 -1.09091 0.110163
1.73737 -1.0101 0.120652
1.73737 -0.929293 0.130348
1.73737 -0.848485 0.13925
1.73737 -0.767677 0.147356
1.73737 -0.686869 0.154664
1.73737 -0.606061 0.161173
1.73737 -0.525253 0.166879
1.73737 -0.444444 0.171783
1.73737 -0.363636 0.175882
1.73737 -0.282828 0.179176
1.73737 -0.20202 0.181663
1.73737 -0.121212 0.183343
1.73737 -0.040404 0.184216
1.73737 0.040404 0.18428
1.73737 0.121212 0.183535
1.73737 0.20202 0.181981
1.73737 0.282828 0.179619
1.73737 0.363636 0.176449
1.73737 0.444444 0.172471
1.73737 0.525253 0.167686
1.73737 0.606061 0.162095
1.73737 0.686869 0.155698
1.73737 0.767677 0.148497
1.73737 0.848485 0.140493
1.73737 0.929293 0.131688
1.73737 1.0101 0.122084
1.73737 1.09091 0.111682
1.73737 1.17172 0.100483
1.73737 1.25253 0.0884916
1.73737 1.33333 0.0757081
1.73737 1.41414 0.0621354
1.73737 1.49495 0.0477757
1.73737 1.57576 0.0326315
1.73737 1.65657 0.0167055
1.73737 1.73737 -6.12123e-17
1.73737 1.81818 -0.0174822
1.73737 1.89899 -0.0357386
1.73737 1.9798 -0.0547665
1.73737 2.06061 -0.0745633
1.73737 2.14141 -0.0951265
1.73737 2.22222 -0.116454
1.73737 2.30303 -0.138542
1.73737 2.38384 -0.16139
1.73737 2.46465 -0.184994
1.73737 2.54545 -0.209353
1.73737 2.62626 -0.234466
1.73737 2.70707 -0.260329
1.73737 2.78788 -0.286943
1.73737 2.86869 -0.314305
1.73737 2.94949 -0.342414
1.73737 3.0303 -0.371271
1.73737 3.11111 -0.400874
1.73737 3.19192 -0.431225
1.73737 3.27273 -0.462322
1.73737 3.35354 -0.494168
1.73737 3.43434 -0.526763
1.73737 3.51515 -0.56011
1.73737 3.59596 -0.594211
1.73737 3.67677 -0.629068
1.73737 3.75758 -0.664686
1.73737 3.83838 -0.701068
1.73737 3.91919 -0.73822
1.73737 4 -0.776146
1.81818 -4 -0.75575
1.81818 -3.91919 -0.71823
1.81818 -3.83838 -0.681465
1.81818 -3.75758 -0.645449
1.81818 -3.67677 -0.610178
1.81818 -3.59596 -0.575648
1.81818 -3.51515 -0.541856
1.81818 -3.43434 -0.508799
1.81818 -3.35354 -0.476475
1.81818 -3.27273 -0.444883
1.81818 -3.19192 -0.414021
1.81818 -3.11111 -0.38389
1.81818 -3.0303 -0.354488
1.81818 -2.94949 -0.325817
1.81818 -2.86869 -0.297876
1.81818 -2.78788 -0.270668
1.81818 -2.70707 -0.244192
1.81818 -2.62626 -0.218451
1.81818 -2.54545 -0.193446
1.81818 -2.46465 -0.169179
1.81818 -2.38384 -0.145653
1.81818 -2.30303 -0.122871
1.81818 -2.22222 -0.100833
1.81818 -2.14141 -0.0795446
1.81818 -2.06061 -0.0590069
1.81818 -1.9798 -0.0392234
1.81818 -1.89899 -0.0201969
1.81818 -1.81818 -0.00193058
1.81818 -1.73737 0.0155726
1.81818 -1.65657 0.0323095
1.81818 -1.57576 0.048277
1.81818 -1.49495 0.0634721
1.81818 -1.41414 0.0778917
1.81818 -1.33333 0.091533
1.81818 -1.25253 0.104393
1.81818 -1.17172 0.116469
1.81818 -1.09091 0.127757
1.81818 -1.0101 0.138257
1.81818 -0.929293 0.147964
1.81818 -0.848485 0.156877
1.81818 -0.767677 0.164993
1.81818 -0.686869 0.17231
1.81818 -0.606061 0.178827
1.81818 -0.525253 0.184541
1.81818 -0.444444 0.189451
1.81818 -0.363636 0.193556
1.81818 -0.282828 0.196853
1.81818 -0.20202 0.199343
1.81818 -0.121212 0.201025
1.81818 -0.040404 0.201897
1.81818 0.040404 0.201959
1.81818 0.121212 0.201211
1.81818 0.20202 0.199653
1.81818 0.282828 0.197285
1.81818 0.363636 0.194108
1.81818 0.444444 0.190121
1.81818 0.525253 0.185327
1.81818 0.606061 0.179724
1.81818 0.686869 0.173316
1.81818 0.767677 0.166103
1.81818 0.848485 0.158087
1.81818 0.929293 0.149269
1.81818 1.0101 0.139651
1.81818 1.09091 0.129236
1.81818 1.17172 0.118025
1.81818 1.25253 0.10602
1.81818 1.33333 0.0932253
1.81818 1.41414 0.0796421
1.81818 1.49495 0.0652733
1.81818 1.57576 0.0501218
1.81818 1.65657 0.0341905
1.81818 1.73737 0.0174822
1.81818 1.81818 -4.83839e-17
1.81818 1.89899 -0.0182532
1.81818 1.9798 -0.0372742
1.81818 2.06061 -0.0570602
1.81818 2.14141 -0.077608
1.81818 2.22222 -0.0989148
1.81818 2.30303 -0.120977
1.81818 2.38384 -0.143793
1.81818 2.46465 -0.16736
1.81818 2.54545 -0.191674
1.81818 2.62626 -0.216734
1.81818 2.70707 -0.242536
1.81818 2.78788 -0.26908
1.81818 2.86869 -0.296364
1.81818 2.94949 -0.324385
1.81818 3.0303 -0.353142
1.81818 3.11111 -0.382635
1.81818 3.19192 -0.412863
1.81818 3.27273 -0.443826
1.81818 3.35354 -0.475524
1.81818 3.43434 -0.507957
1.81818 3.51515 -0.541127
1.81818 3.59596 -0.575036
1.81818 3.67677 -0.609685
1.81818 3.75758 -0.645077
1.81818 3.83838 -0.681216
1.81818 3.91919 -0.718105
1.81818 4 -0.75575
1.89899 -4 -0.734592
1.89899 -3.91919 -0.697357
1.89899 -3.83838 -0.660856
1.89899 -3.75758 -0.625084
1.89899 -3.67677 -0.590039
1.89899 -3.59596 -0.555717
1.89899 -3.51515 -0.522116
1.89899 -3.43434 -0.489235
1.89899 -3.35354 -0.457071
1.89899 -3.27273 -0.425625
1.89899 -3.19192 -0.394895
1.89899 -3.11111 -0.364883
1.89899 -3.0303 -0.335589
1.89899 -2.94949 -0.307013
1.89899 -2.86869 -0.279157
1.89899 -2.78788 -0.252024
1.89899 -2.70707 -0.225613
1.89899 -2.62626 -0.199929
1.89899 -2.54545 -0.174973
1.89899 -2.46465 -0.150748
1.89899 -2.38384 -0.127256
1.89899 -2.30303 -0.104501
1.89899 -2.22222 -0.0824862
1.89899 -2.14141 -0.0612141
1.89899 -2.06061 -0.0406884
1.89899 -1.9798 -0.0209124
1.89899 -1.89899 -0.00188966
1.89899 -1.81818 0.0163764
1.89899 -1.73737 0.0338822
1.89899 -1.65657 0.0506244
1.89899 -1.57576 0.0665994
1.89899 -1.49495 0.0818037
1.89899 -1.41414 0.0962341
1.89899 -1.33333 0.109887
1.89899 -1.25253 0.12276
1.89899 -1.17172 0.134849
1.89899 -1.09091 0.146151
1.89899 -1.0101 0.156664
1.89899 -0.929293 0.166384
1.89899 -0.848485 0.175309
1.89899 -0.767677 0.183437
1.89899 -0.686869 0.190766
1.89899 -0.606061 0.197293
1.89899 -0.525253 0.203016
1.89899 -0.444444 0.207933
1.89899 -0.363636 0.212044
1.89899 -0.282828 0.215346
1.89899 -0.20202 0.21784
1.89899 -0.121212 0.219522
1.89899 -0.040404 0.220394
1.89899 0.040404 0.220455
1.89899 0.121212 0.219703
1.89899 0.20202 0.218141
1.89899 0.282828 0.215766
1.89899 0.363636 0.212581
1.89899 0.444444 0.208585
1.89899 0.525253 0.203779
1.89899 0.606061 0.198165
1.89899 0.686869 0.191744
1.89899 0.767677 0.184516
1.89899 0.848485 0.176485
1.89899 0.929293 0.167652
1.89899 1.0101 0.158019
1.89899 1.09091 0.147587
1.89899 1.17172 0.136361
1.89899 1.25253 0.124342
1.89899 1.33333 0.111532
1.89899 1.41414 0.0979354
1.89899 1.49495 0.0835545
1.89899 1.57576 0.0683926
1.89899 1.65657 0.0524529
1.89899 1.73737 0.0357386
1.89899 1.81818 0.0182532
1.89899 1.89899 -4.6271e-17
1.89899 1.9798 -0.0190174
1.89899 2.06061 -0.0387957
1.89899 2.14141 -0.0593312
1.89899 2.22222 -0.0806206
1.89899 2.30303 -0.102661
1.89899 2.38384 -0.125448
1.89899 2.46465 -0.148978
1.89899 2.54545 -0.17325
1.89899 2.62626 -0.198259
1.89899 2.70707 -0.224003
1.89899 2.78788 -0.25048
1.89899 2.86869 -0.277686
1.89899 2.94949 -0.30562
1.89899 3.0303 -0.334279
1.89899 3.11111 -0.363662
1.89899 3.19192 -0.393768
1.89899 3.27273 -0.424596
1.89899 3.35354 -0.456145
1.89899 3.43434 -0.488415
1.89899 3.51515 -0.521407
1.89899 3.59596 -0.555121
1.89899 3.67677 -0.589558
1.89899 3.75758 -0.624721
1.89899 3.83838 -0.660612
1.89899 3.91919 -0.697235
1.89899 4 -0.734592
1.9798 -4 -0.712694
1.9798 -3.91919 -0.675748
1.9798 -3.83838 -0.639514
1.9798 -3.75758 -0.60399
1.9798 -3.67677 -0.569174
1.9798 -3.59596 -0.535062
1.9798 -3.51515 -0.501654
1.9798 -3.43434 -0.468948
1.9798 -3.35354 -0.436945
1.9798 -3.27273 -0.405644
1.9798 -3.19192 -0.375046
1.9798 -3.11111 -0.345153
1.9798 -3.0303 -0.315964
1.9798 -2.94949 -0.287483
1.9798 -2.86869 -0.25971
1.9798 -2.78788 -0.232649
1.9798 -2.70707 -0.206302
1.9798 -2.62626 -0.180672
1.9798 -2.54545 -0.155761
1.9798 -2.46465 -0.131574
1.9798 -2.38384 -0.108114
1.9798 -2.30303 -0.0853835
1.9798 -2.22222 -0.063387
1.9798 -2.14141 -0.0421281
1.9798 -2.06061 -0.0216107
1.9798 -1.9798 -0.00183869
1.9798 -1.89899 0.017184
1.9798 -1.81818 0.0354534
1.9798 -1.73737 0.0529655
1.9798 -1.65657 0.0697165
1.9798 -1.57576 0.0857024
1.9798 -1.49495 0.100919
1.9798 -1.41414 0.115364
1.9798 -1.33333 0.129032
1.9798 -1.25253 0.14192
1.9798 -1.17172 0.154025
1.9798 -1.09091 0.165344
1.9798 -1.0101 0.175872
1.9798 -0.929293 0.185608
1.9798 -0.848485 0.194549
1.9798 -0.767677 0.202691
1.9798 -0.686869 0.210032
1.9798 -0.606061 0.216571
1.9798 -0.525253 0.222304
1.9798 -0.444444 0.227231
1.9798 -0.363636 0.231349
1.9798 -0.282828 0.234657
1.9798 -0.20202 0.237154
1.9798 -0.121212 0.238838
1.9798 -0.040404 0.23971
1.9798 0.040404 0.239769
1.9798 0.121212 0.239014
1.9798 0.20202 0.237446
1.9798 0.282828 0.235064
1.9798 0.363636 0.231869
1.9798 0.444444 0.227862
1.9798 0.525253 0.223045
1.9798 0.606061 0.217417
1.9798 0.686869 0.210981
1.9798 0.767677 0.203737
1.9798 0.848485 0.195689
1.9798 0.929293 0.186838
1.9798 1.0101 0.177187
1.9798 1.09091 0.166737
1.9798 1.17172 0.155492
1.9798 1.25253 0.143455
1.9798 1.33333 0.130628
1.9798 1.41414 0.117014
1.9798 1.49495 0.102618
1.9798 1.57576 0.087442
1.9798 1.65657 0.0714904
1.9798 1.73737 0.0547665
1.9798 1.81818 0.0372742
1.9798 1.89899 0.0190174
1.9798 1.9798 -6.27714e-17
1.9798 2.06061 -0.0197741
1.9798 2.14141 -0.040301
1.9798 2.22222 -0.0615766
1.9798 2.30303 -0.0835971
1.9798 2.38384 -0.106359
1.9798 2.46465 -0.129857
1.9798 2.54545 -0.154089
1.9798 2.62626 -0.179051
1.9798 2.70707 -0.204739
1.9798 2.78788 -0.23115
1.9798 2.86869 -0.258281
1.9798 2.94949 -0.28613
1.9798 3.0303 -0.314692
1.9798 3.11111 -0.343967
1.9798 3.19192 -0.373952
1.9798 3.27273 -0.404645
1.9798 3.35354 -0.436046
1.9798 3.43434 -0.468152
1.9798 3.51515 -0.500965
1.9798 3.59596 -0.534483
1.9798 3.67677 -0.568707
1.9798 3.75758 -0.603638
1.9798 3.83838 -0.639278
1.9798 3.91919 -0.675629
1.9798 4 -0.712694
2.06061 -4 -0.690079
2.06061 -3.91919 -0.653425
2.06061 -3.83838 -0.617462
2.06061 -3.75758 -0.582188
2.06061 -3.67677 -0.547601
2.06061 -3.59596 -0.5137
2.06061 -3.51515 -0.480485
2.06061 -3.43434 -0.447955
2.06061 -3.35354 -0.416112
2.06061 -3.27273 -0.384956
2.06061 -3.19192 -0.354489
2.06061 -3.11111 -0.324711
2.06061 -3.0303 -0.295627
2.06061 -2.94949 -0.267237
2.06061 -2.86869 -0.239545
2.06061 -2.78788 -0.212553
2.06061 -2.70707 -0.186266
2.06061 -2.62626 -0.160687
2.06061 -2.54545 -0.135819
2.06061 -2.46465 -0.111666
2.06061 -2.38384 -0.0882329
2.06061 -2.30303 -0.0655232
2.06061 -2.22222 -0.0435413
2.06061 -2.14141 -0.0222915
2.06061 -2.06061 -0.00177836
2.06061 -1.9798 0.0179938
2.06061 -1.89899 0.0370205
2.06061 -1.81818 0.0552972
2.06061 -1.73737 0.0728196
2.06061 -1.65657 0.0895834
2.06061 -1.57576 0.105584
2.06061 -1.49495 0.120818
2.06061 -1.41414 0.13528
2.06061 -1.33333 0.148966
2.06061 -1.25253 0.161874
2.06061 -1.17172 0.173998
2.06061 -1.09091 0.185336
2.06061 -1.0101 0.195884
2.06061 -0.929293 0.205638
2.06061 -0.848485 0.214596
2.06061 -0.767677 0.222754
2.06061 -0.686869 0.230111
2.06061 -0.606061 0.236663
2.06061 -0.525253 0.242408
2.06061 -0.444444 0.247345
2.06061 -0.363636 0.251472
2.06061 -0.282828 0.254786
2.06061 -0.20202 0.257287
2.06061 -0.121212 0.258975
2.06061 -0.040404 0.259847
2.06061 0.040404 0.259903
2.06061 0.121212 0.259145
2.06061 0.20202 0.25757
2.06061 0.282828 0.25518
2.06061 0.363636 0.251975
2.06061 0.444444 0.247957
2.06061 0.525253 0.243125
2.06061 0.606061 0.237482
2.06061 0.686869 0.231029
2.06061 0.767677 0.223767
2.06061 0.848485 0.2157
2.06061 0.929293 0.206828
2.06061 1.0101 0.197156
2.06061 1.09091 0.186685
2.06061 1.17172 0.175418
2.06061 1.25253 0.163359
2.06061 1.33333 0.150511
2.06061 1.41414 0.136877
2.06061 1.49495 0.122462
2.06061 1.57576 0.107268
2.06061 1.65657 0.0913008
2.06061 1.73737 0.0745633
2.06061 1.81818 0.0570602
2.06061 1.89899 0.0387957
2.06061 1.9798 0.0197741
2.06061 2.06061 -4.49115e-17
2.06061 2.14141 -0.0205222
2.06061 2.22222 -0.0417881
2.06061 2.30303 -0.0637932
2.06061 2.38384 -0.0865329
2.06061 2.46465 -0.110003
2.06061 2.54545 -0.134199
2.06061 2.62626 -0.159117
2.06061 2.70707 -0.184752
2.06061 2.78788 -0.211101
2.06061 2.86869 -0.238161
2.06061 2.94949 -0.265926
2.06061 3.0303 -0.294394
2.06061 3.11111 -0.323563
2.06061 3.19192 -0.353428
2.06061 3.27273 -0.383988
2.06061 3.35354 -0.415241
2.06061 3.43434 -0.447184
2.06061 3.51515 -0.479817
2.06061 3.59596 -0.513138
2.06061 3.67677 -0.547148
2.06061 3.75758 -0.581846
2.06061 3.83838 -0.617233
2.06061 3.91919 -0.65331
2.06061 4 -0.690079
2.14141 -4 -0.666769
2.14141 -3.91919 -0.630409
2.14141 -3.83838 -0.594719
2.14141 -3.75758 -0.559695
2.14141 -3.67677 -0.525339
2.14141 -3.59596 -0.491649
2.14141 -3.51515 -0.458627
2.14141 -3.43434 -0.426273
2.14141 -3.35354 -0.394588
2.14141 -3.27273 -0.363575
2.14141 -3.19192 -0.333235
2.14141 -3.11111 -0.303572
2.14141 -3.0303 -0.274588
2.14141 -2.94949 -0.246287
2.14141 -2.86869 -0.218672
2.14141 -2.78788 -0.191747
2.14141 -2.70707 -0.165516
2.14141 -2.62626 -0.139983
2.14141 -2.54545 -0.115153
2.14141 -2.46465 -0.0910307
2.14141 -2.38384 -0.0676202
2.14141 -2.30303 -0.0449266
2.14141 -2.22222 -0.0229547
2.14141 -2.14141 -0.00170945
2.14141 -2.06061 0.0188041
2.14141 -1.9798 0.038581
2.14141 -1.89899 0.0576162
2.14141 -1.81818 0.0759049
2.14141 -1.73737 0.0934421
2.14141 -1.65657 0.110223
2.14141 -1.57576 0.126243
2.14141 -1.49495 0.141497
2.14141 -1.41414 0.155981
2.14141 -1.33333 0.16969
2.14141 -1.25253 0.18262
2.14141 -1.17172 0.194768
2.14141 -1.09091 0.206128
2.14141 -1.0101 0.216698
2.14141 -0.929293 0.226473
2.14141 -0.848485 0.235451
2.14141 -0.767677 0.243629
2.14141 -0.686869 0.251003
2.14141 -0.606061 0.25757
2.14141 -0.525253 0.26333
2.14141 -0.444444 0.268278
2.14141 -0.363636 0.272414
2.14141 -0.282828 0.275736
2.14141 -0.20202 0.278243
2.14141 -0.121212 0.279933
2.14141 -0.040404 0.280806
2.14141 0.040404 0.28086
2.14141 0.121212 0.280097
2.14141 0.20202 0.278516
2.14141 0.282828 0.276117
2.14141 0.363636 0.272901
2.14141 0.444444 0.268869
2.14141 0.525253 0.264022
2.14141 0.606061 0.258361
2.14141 0.686869 0.251889
2.14141 0.767677 0.244607
2.14141 0.848485 0.236517
2.14141 0.929293 0.227623
2.14141 1.0101 0.217926
2.14141 1.09091 0.207431
2.14141 1.17172 0.196139
2.14141 1.25253 0.184055
2.14141 1.33333 0.171182
2.14141 1.41414 0.157524
2.14141 1.49495 0.143085
2.14141 1.57576 0.12787
2.14141 1.65657 0.111882
2.14141 1.73737 0.0951265
2.14141 1.81818 0.077608
2.14141 1.89899 0.0593312
2.14141 1.9798 0.040301
2.14141 2.06061 0.0205222
2.14141 2.14141 -5.31799e-17
2.14141 2.22222 -0.0212607
2.14141 2.30303 -0.0432549
2.14141 2.38384 -0.0659775
2.14141 2.46465 -0.0894234
2.14141 2.54545 -0.113588
2.14141 2.62626 -0.138466
2.14141 2.70707 -0.164053
2.14141 2.78788 -0.190343
2.14141 2.86869 -0.217334
2.14141 2.94949 -0.24502
2.14141 3.0303 -0.273397
2.14141 3.11111 -0.302462
2.14141 3.19192 -0.33221
2.14141 3.27273 -0.362639
2.14141 3.35354 -0.393745
2.14141 3.43434 -0.425527
2.14141 3.51515 -0.457981
2.14141 3.59596 -0.491106
2.14141 3.67677 -0.524901
2.14141 3.75758 -0.559365
2.14141 3.83838 -0.594497
2.14141 3.91919 -0.630298
2.14141 4 -0.666769
2.22222 -4 -0.642788
2.22222 -3.91919 -0.606724
2.22222 -3.83838 -0.571307
2.22222 -3.75758 -0.536534
2.22222 -3.67677 -0.502408
2.22222 -3.59596 -0.468929
2.22222 -3.51515 -0.436098
2.22222 -3.43434 -0.403917
2.22222 -3.35354 -0.372388
2.22222 -3.27273 -0.341515
2.22222 -3.19192 -0.311301
2.22222 -3.11111 -0.281748
2.22222 -3.0303 -0.252862
2.22222 -2.94949 -0.224645
2.22222 -2.86869 -0.197103
2.22222 -2.78788 -0.17024
2.22222 -2.70707 -0.14406
2.22222 -2.62626 -0.118569
2.22222 -2.54545 -0.0937727
2.22222 -2.46465 -0.0696753
2.22222 -2.38384 -0.0462825
2.22222 -2.30303 -0.0235998
2.22222 -2.22222 -0.00163282
2.22222 -2.14141 0.019613
2.22222 -2.06061 0.0401321
2.22222 -1.9798 0.0599188
2.22222 -1.89899 0.0789678
2.22222 -1.81818 0.0972734
2.22222 -1.73737 0.11483
2.22222 -1.65657 0.131633
2.22222 -1.57576 0.147677
2.22222 -1.49495 0.162956
2.22222 -1.41414 0.177466
2.22222 -1.33333 0.191202
2.22222 -1.25253 0.204159
2.22222 -1.17172 0.216333
2.22222 -1.09091 0.22772
2.22222 -1.0101 0.238315
2.22222 -0.929293 0.248115
2.22222 -0.848485 0.257116
2.22222 -0.767677 0.265315
2.22222 -0.686869 0.272709
2.22222 -0.606061 0.279295
2.22222 -0.525253 0.28507
2.22222 -0.444444 0.290032
2.22222 -0.363636 0.294179
2.22222 -0.282828 0.29751
2.22222 -0.20202 0.300022
2.22222 -0.121212 0.301716
2.22222 -0.040404 0.302589
2.22222 0.040404 0.302642
2.22222 0.121212 0.301874
2.22222 0.20202 0.300285
2.22222 0.282828 0.297876
2.22222 0.363636 0.294648
2.22222 0.444444 0.290601
2.22222 0.525253 0.285737
2.22222 0.606061 0.280057
2.22222 0.686869 0.273563
2.22222 0.767677 0.266258
2.22222 0.848485 0.258144
2.22222 0.929293 0.249223
2.22222 1.0101 0.239499
2.22222 1.09091 0.228975
2.22222 1.17172 0.217655
2.22222 1.25253 0.205541
2.22222 1.33333 0.192639
2.22222 1.41414 0.178953
2.22222 1.49495 0.164486
2.22222 1.57576 0.149244
2.22222 1.65657 0.133232
2.22222 1.73737 0.116454
2.22222 1.81818 0.0989148
2.22222 1.89899 0.0806206
2.22222 1.9798 0.0615766
2.22222 2.06061 0.0417881
2.22222 2.14141 0.0212607
2.22222 2.22222 -4.67243e-17
2.22222 2.30303 -0.0219884
2.22222 2.38384 -0.0446989
2.22222 2.46465 -0.0681258
2.22222 2.54545 -0.0922634
2.22222 2.62626 -0.117106
2.22222 2.70707 -0.142649
2.22222 2.78788 -0.168886
2.22222 2.86869 -0.195813
2.22222 2.94949 -0.223423
2.22222 3.0303 -0.251713
2.22222 3.11111 -0.280677
2.22222 3.19192 -0.310312
2.22222 3.27273 -0.340613
2.22222 3.35354 -0.371575
2.22222 3.43434 -0.403197
2.22222 3.51515 -0.435474
2.22222 3.59596 -0.468405
2.22222 3.67677 -0.501985
2.22222 3.75758 -0.536215
2.22222 3.83838 -0.571093
2.22222 3.91919 -0.606617
2.22222 4 -0.642788
2.30303 -4 -0.618159
2.30303 -3.91919 -0.582392
2.30303 -3.83838 -0.547247
2.30303 -3.75758 -0.512725
2.30303 -3.67677 -0.478828
2.30303 -3.59596 -0.445557
2.30303 -3.51515 -0.412915
2.30303 -3.43434 -0.380904
2.30303 -3.35354 -0.349529
2.30303 -3.27273 -0.318793
2.30303 -3.19192 -0.288699
2.30303 -3.11111 -0.259253
2.30303 -3.0303 -0.23046
2.30303 -2.94949 -0.202323
2.30303 -2.86869 -0.174848
2.30303 -2.78788 -0.148042
2.30303 -2.70707 -0.121909
2.30303 -2.62626 -0.0964545
2.30303 -2.54545 -0.0716855
2.30303 -2.46465 -0.0476075
2.30303 -2.38384 -0.0242268
2.30303 -2.30303 -0.00154937
2.30303 -2.22222 0.0204185
2.30303 -2.14141 0.0416708
2.30303 -2.06061 0.0622011
2.30303 -1.9798 0.0820034
2.30303 -1.89899 0.101072
2.30303 -1.81818 0.1194
2.30303 -1.73737 0.136982
2.30303 -1.65657 0.153812
2.30303 -1.57576 0.169884
2.30303 -1.49495 0.185194
2.30303 -1.41414 0.199735
2.30303 -1.33333 0.213502
2.30303 -1.25253 0.22649
2.30303 -1.17172 0.238696
2.30303 -1.09091 0.250113
2.30303 -1.0101 0.260737
2.30303 -0.929293 0.270565
2.30303 -0.848485 0.279593
2.30303 -0.767677 0.287816
2.30303 -0.686869 0.295233
2.30303 -0.606061 0.301839
2.30303 -0.525253 0.307631
2.30303 -0.444444 0.312609
2.30303 -0.363636 0.316769
2.30303 -0.282828 0.320109
2.30303 -0.20202 0.322628
2.30303 -0.121212 0.324326
2.30303 -0.040404 0.3252
2.30303 0.040404 0.325251
2.30303 0.121212 0.324478
2.30303 0.20202 0.322881
2.30303 0.282828 0.320461
2.30303 0.363636 0.317219
2.30303 0.444444 0.313156
2.30303 0.525253 0.308272
2.30303 0.606061 0.302571
2.30303 0.686869 0.296053
2.30303 0.767677 0.288722
2.30303 0.848485 0.28058
2.30303 0.929293 0.27163
2.30303 1.0101 0.261875
2.30303 1.09091 0.251319
2.30303 1.17172 0.239966
2.30303 1.25253 0.227819
2.30303 1.33333 0.214884
2.30303 1.41414 0.201164
2.30303 1.49495 0.186665
2.30303 1.57576 0.171391
2.30303 1.65657 0.155348
2.30303 1.73737 0.138542
2.30303 1.81818 0.120977
2.30303 1.89899 0.102661
2.30303 1.9798 0.0835971
2.30303 2.06061 0.0637932
2.30303 2.14141 0.0432549
2.30303 2.22222 0.0219884
2.30303 2.30303 -3.75486e-17
2.30303 2.38384 -0.0227041
2.30303 2.46465 -0.0461176
2.30303 2.54545 -0.0702341
2.30303 2.62626 -0.0950476
2.30303 2.70707 -0.120552
2.30303 2.78788 -0.14674
2.30303 2.86869 -0.173608
2.30303 2.94949 -0.201148
2.30303 3.0303 -0.229355
2.30303 3.11111 -0.258223
2.30303 3.19192 -0.287748
2.30303 3.27273 -0.317924
2.30303 3.35354 -0.348747
2.30303 3.43434 -0.380212
2.30303 3.51515 -0.412315
2.30303 3.59596 -0.445052
2.30303 3.67677 -0.478421
2.30303 3.75758 -0.512418
2.30303 3.83838 -0.547041
2.30303 3.91919 -0.582289
2.30303 4 -0.618159
2.38384 -4 -0.592908
2.38384 -3.91919 -0.557437
2.38384 -3.83838 -0.522563
2.38384 -3.75758 -0.48829
2.38384 -3.67677 -0.454619
2.38384 -3.59596 -0.421553
2.38384 -3.51515 -0.389097
2.38384 -3.43434 -0.357253
2.38384 -3.35354 -0.326027
2.38384 -3.27273 -0.295423
2.38384 -3.19192 -0.265446
2.38384 -3.11111 -0.236101
2.38384 -3.0303 -0.207395
2.38384 -2.94949 -0.179333
2.38384 -2.86869 -0.15192
2.38384 -2.78788 -0.125164
2.38384 -2.70707 -0.0990713
2.38384 -2.62626 -0.0736476
2.38384 -2.54545 -0.0488999
2.38384 -2.46465 -0.0248352
2.38384 -2.38384 -0.00146007
2.38384 -2.30303 0.0212185
2.38384 -2.22222 0.0431937
2.38384 -2.14141 0.0644587
2.38384 -2.06061 0.0850066
2.38384 -1.9798 0.104831
2.38384 -1.89899 0.123924
2.38384 -1.81818 0.142281
2.38384 -1.73737 0.159894
2.38384 -1.65657 0.176757
2.38384 -1.57576 0.192864
2.38384 -1.49495 0.208209
2.38384 -1.41414 0.222786
2.38384 -1.33333 0.23659
2.38384 -1.25253 0.249614
2.38384 -1.17172 0.261855
2.38384 -1.09091 0.273307
2.38384 -1.0101 0.283964
2.38384 -0.929293 0.293824
2.38384 -0.848485 0.302882
2.38384 -0.767677 0.311133
2.38384 -0.686869 0.318575
2.38384 -0.606061 0.325203
2.38384 -0.525253 0.331016
2.38384 -0.444444 0.336011
2.38384 -0.363636 0.340185
2.38384 -0.282828 0.343537
2.38384 -0.20202 0.346064
2.38384 -0.121212 0.347766
2.38384 -0.040404 0.348641
2.38384 0.040404 0.34869
2.38384 0.121212 0.347911
2.38384 0.20202 0.346306
2.38384 0.282828 0.343874
2.38384 0.363636 0.340617
2.38384 0.444444 0.336535
2.38384 0.525253 0.33163
2.38384 0.606061 0.325905
2.38384 0.686869 0.319361
2.38384 0.767677 0.312001
2.38384 0.848485 0.303828
2.38384 0.929293 0.294844
2.38384 1.0101 0.285055
2.38384 1.09091 0.274463
2.38384 1.17172 0.263072
2.38384 1.25253 0.250888
2.38384 1.33333 0.237914
2.38384 1.41414 0.224156
2.38384 1.49495 0.209619
2.38384 1.57576 0.194308
2.38384 1.65657 0.17823
2.38384 1.73737 0.16139
2.38384 1.81818 0.143793
2.38384 1.89899 0.125448
2.38384 1.9798 0.106359
2.38384 2.06061 0.0865329
2.38384 2.14141 0.0659775
2.38384 2.22222 0.0446989
2.38384 2.30303 0.0227041
2.38384 2.38384 -3.08679e-17
2.38384 2.46465 -0.0234064
2.38384 2.54545 -0.0475082
2.38384 2.62626 -0.0722983
2.38384 2.70707 -0.0977699
2.38384 2.78788 -0.123916
2.38384 2.86869 -0.15073
2.38384 2.94949 -0.178205
2.38384 3.0303 -0.206335
2.38384 3.11111 -0.235113
2.38384 3.19192 -0.264533
2.38384 3.27273 -0.29459
2.38384 3.35354 -0.325277
2.38384 3.43434 -0.356589
2.38384 3.51515 -0.388521
2.38384 3.59596 -0.421069
2.38384 3.67677 -0.454229
2.38384 3.75758 -0.487995
2.38384 3.83838 -0.522366
2.38384 3.91919 -0.557337
2.38384 4 -0.592908
2.46465 -4 -0.56706
2.46465 -3.91919 -0.531883
2.46465 -3.83838 -0.497278
2.46465 -3.75758 -0.46325
2.46465 -3.67677 -0.429802
2.46465 -3.59596 -0.396938
2.46465 -3.51515 -0.364663
2.46465 -3.43434 -0.332982
2.46465 -3.35354 -0.301899
2.46465 -3.27273 -0.271422
2.46465 -3.19192 -0.241555
2.46465 -3.11111 -0.212306
2.46465 -3.0303 -0.183681
2.46465 -2.94949 -0.155687
2.46465 -2.86869 -0.12833
2.46465 -2.78788 -0.101618
2.46465 -2.70707 -0.0755581
2.46465 -2.62626 -0.0501578
2.46465 -2.54545 -0.0254246
2.46465 -2.46465 -0.00136592
2.46465 -2.38384 0.0220106
2.46465 -2.30303 0.0446974
2.46465 -2.22222 0.0666869
2.46465 -2.14141 0.0879716
2.46465 -2.06061 0.108544
2.46465 -1.9798 0.128397
2.46465 -1.89899 0.147522
2.46465 -1.81818 0.165914
2.46465 -1.73737 0.183564
2.46465 -1.65657 0.200467
2.46465 -1.57576 0.216615
2.46465 -1.49495 0.232001
2.46465 -1.41414 0.24662
2.46465 -1.33333 0.260465
2.46465 -1.25253 0.273531
2.46465 -1.17172 0.285812
2.46465 -1.09091 0.297303
2.46465 -1.0101 0.307998
2.46465 -0.929293 0.317894
2.46465 -0.848485 0.326985
2.46465 -0.767677 0.335267
2.46465 -0.686869 0.342738
2.46465 -0.606061 0.349392
2.46465 -0.525253 0.355228
2.46465 -0.444444 0.360242
2.46465 -0.363636 0.364432
2.46465 -0.282828 0.367795
2.46465 -0.20202 0.370332
2.46465 -0.121212 0.372039
2.46465 -0.040404 0.372916
2.46465 0.040404 0.372962
2.46465 0.121212 0.372178
2.46465 0.20202 0.370563
2.46465 0.282828 0.368118
2.46465 0.363636 0.364844
2.46465 0.444444 0.360742
2.46465 0.525253 0.355814
2.46465 0.606061 0.350062
2.46465 0.686869 0.343489
2.46465 0.767677 0.336097
2.46465 0.848485 0.327889
2.46465 0.929293 0.318869
2.46465 1.0101 0.30904
2.46465 1.09091 0.298408
2.46465 1.17172 0.286975
2.46465 1.25253 0.274748
2.46465 1.33333 0.261731
2.46465 1.41414 0.247929
2.46465 1.49495 0.233348
2.46465 1.57576 0.217995
2.46465 1.65657 0.201875
2.46465 1.73737 0.184994
2.46465 1.81818 0.16736
2.46465 1.89899 0.148978
2.46465 1.9798 0.129857
2.46465 2.06061 0.110003
2.46465 2.14141 0.0894234
2.46465 2.22222 0.0681258
2.46465 2.30303 0.0461176
2.46465 2.38384 0.0234064
2.46465 2.46465 -6.29922e-17
2.46465 2.54545 -0.024094
2.46465 2.62626 -0.0488678
2.46465 2.70707 -0.0743138
2.46465 2.78788 -0.100424
2.46465 2.86869 -0.127192
2.46465 2.94949 -0.154609
2.46465 3.0303 -0.182667
2.46465 3.11111 -0.211361
2.46465 3.19192 -0.240683
2.46465 3.27273 -0.270625
2.46465 3.35354 -0.301181
2.46465 3.43434 -0.332346
2.46465 3.51515 -0.364112
2.46465 3.59596 -0.396475
2.46465 3.67677 -0.429429
2.46465 3.75758 -0.462968
2.46465 3.83838 -0.497089
2.46465 3.91919 -0.531788
2.46465 4 -0.56706
2.54545 -4 -0.540641
2.54545 -3.91919 -0.505754
2.54545 -3.83838 -0.471416
2.54545 -3.75758 -0.437629
2.54545 -3.67677 -0.404399
2.54545 -3.59596 -0.371732
2.54545 -3.51515 -0.339632
2.54545 -3.43434 -0.308107
2.54545 -3.35354 -0.277163
2.54545 -3.27273 -0.246806
2.54545 -3.19192 -0.217043
2.54545 -3.11111 -0.187883
2.54545 -3.0303 -0.159332
2.54545 -2.94949 -0.131398
2.54545 -2.86869 -0.104089
2.54545 -2.78788 -0.0774134
2.54545 -2.70707 -0.0513792
2.54545 -2.62626 -0.0259946
2.54545 -2.54545 -0.00126798
2.54545 -2.46465 0.0227924
2.54545 -2.38384 0.0461782
2.54545 -2.30303 0.068881
2.54545 -2.22222 0.0908926
2.54545 -2.14141 0.112205
2.54545 -2.06061 0.132809
2.54545 -1.9798 0.152698
2.54545 -1.89899 0.171863
2.54545 -1.81818 0.190297
2.54545 -1.73737 0.207992
2.54545 -1.65657 0.22494
2.54545 -1.57576 0.241135
2.54545 -1.49495 0.256569
2.54545 -1.41414 0.271236
2.54545 -1.33333 0.285129
2.54545 -1.25253 0.298241
2.54545 -1.17172 0.310568
2.54545 -1.09091 0.322103
2.54545 -1.0101 0.332841
2.54545 -0.929293 0.342776
2.54545 -0.848485 0.351905
2.54545 -0.767677 0.360222
2.54545 -0.686869 0.367724
2.54545 -0.606061 0.374407
2.54545 -0.525253 0.380268
2.54545 -0.444444 0.385304
2.54545 -0.363636 0.389511
2.54545 -0.282828 0.392889
2.54545 -0.20202 0.395435
2.54545 -0.121212 0.397148
2.54545 -0.040404 0.398027
2.54545 0.040404 0.398071
2.54545 0.121212 0.397281
2.54545 0.20202 0.395655
2.54545 0.282828 0.393196
2.54545 0.363636 0.389904
2.54545 0.444444 0.38578
2.54545 0.525253 0.380827
2.54545 0.606061 0.375046
2.54545 0.686869 0.36844
2.54545 0.767677 0.361012
2.54545 0.848485 0.352766
2.54545 0.929293 0.343705
2.54545 1.0101 0.333833
2.54545 1.09091 0.323155
2.54545 1.17172 0.311676
2.54545 1.25253 0.2994
2.54545 1.33333 0.286334
2.54545 1.41414 0.272483
2.54545 1.49495 0.257852
2.54545 1.57576 0.24245
2.54545 1.65657 0.226281
2.54545 1.73737 0.209353
2.54545 1.81818 0.191674
2.54545 1.89899 0.17325
2.54545 1.9798 0.154089
2.54545 2.06061 0.134199
2.54545 2.14141 0.113588
2.54545 2.22222 0.0922634
2.54545 2.30303 0.0702341
2.54545 2.38384 0.0475082
2.54545 2.46465 0.024094
2.54545 2.54545 -6.18192e-17
2.54545 2.62626 -0.0247653
2.54545 2.70707 -0.0501934
2.54545 2.78788 -0.0762759
2.54545 2.86869 -0.103004
2.54545 2.94949 -0.13037
2.54545 3.0303 -0.158365
2.54545 3.11111 -0.186982
2.54545 3.19192 -0.216211
2.54545 3.27273 -0.246046
2.54545 3.35354 -0.276478
2.54545 3.43434 -0.307501
2.54545 3.51515 -0.339107
2.54545 3.59596 -0.37129
2.54545 3.67677 -0.404043
2.54545 3.75758 -0.43736
2.54545 3.83838 -0.471235
2.54545 3.91919 -0.505664
2.54545 4 -0.540641
2.62626 -4 -0.513677
2.62626 -3.91919 -0.479077
2.62626 -3.83838 -0.444999
2.62626 -3.75758 -0.411449
2.62626 -3.67677 -0.378432
2.62626 -3.59596 -0.345955
2.62626 -3.51515 -0.314025
2.62626 -3.43434 -0.282649
2.62626 -3.35354 -0.251835
2.62626 -3.27273 -0.221591
2.62626 -3.19192 -0.191925
2.62626 -3.11111 -0.162845
2.62626 -3.0303 -0.13436
2.62626 -2.94949 -0.106479
2.62626 -2.86869 -0.0792095
2.62626 -2.78788 -0.0525619
2.62626 -2.70707 -0.0265448
2.62626 -2.62626 -0.00116731
2.62626 -2.54545 0.0235614
2.62626 -2.46465 0.047632
2.62626 -2.38384 0.0710356
2.62626 -2.30303 0.0937629
2.62626 -2.22222 0.115805
2.62626 -2.14141 0.137153
2.62626 -2.06061 0.157797
2.62626 -1.9798 0.17773
2.62626 -1.89899 0.196943
2.62626 -1.81818 0.215426
2.62626 -1.73737 0.233173
2.62626 -1.65657 0.250175
2.62626 -1.57576 0.266424
2.62626 -1.49495 0.281912
2.62626 -1.41414 0.296634
2.62626 -1.33333 0.31058
2.62626 -1.25253 0.323746
2.62626 -1.17172 0.336124
2.62626 -1.09091 0.347708
2.62626 -1.0101 0.358493
2.62626 -0.929293 0.368474
2.62626 -0.848485 0.377644
2.62626 -0.767677 0.386
2.62626 -0.686869 0.393537
2.62626 -0.606061 0.400252
2.62626 -0.525253 0.406141
2.62626 -0.444444 0.4112
2.62626 -0.363636 0.415428
2.62626 -0.282828 0.418821
2.62626 -0.20202 0.421378
2.62626 -0.121212 0.423098
2.62626 -0.040404 0.423979
2.62626 0.040404 0.424021
2.62626 0.121212 0.423224
2.62626 0.20202 0.421587
2.62626 0.282828 0.419113
2.62626 0.363636 0.4158
2.62626 0.444444 0.411653
2.62626 0.525253 0.406671
2.62626 0.606061 0.400858
2.62626 0.686869 0.394217
2.62626 0.767677 0.38675
2.62626 0.848485 0.378461
2.62626 0.929293 0.369355
2.62626 1.0101 0.359435
2.62626 1.09091 0.348707
2.62626 1.17172 0.337175
2.62626 1.25253 0.324846
2.62626 1.33333 0.311724
2.62626 1.41414 0.297817
2.62626 1.49495 0.283131
2.62626 1.57576 0.267672
2.62626 1.65657 0.251448
2.62626 1.73737 0.234466
2.62626 1.81818 0.216734
2.62626 1.89899 0.198259
2.62626 1.9798 0.179051
2.62626 2.06061 0.159117
2.62626 2.14141 0.138466
2.62626 2.22222 0.117106
2.62626 2.30303 0.0950476
2.62626 2.38384 0.0722983
2.62626 2.46465 0.0488678
2.62626 2.54545 0.0247653
2.62626 2.62626 -6.33611e-17
2.62626 2.70707 -0.0254188
2.62626 2.78788 -0.0514816
2.62626 2.86869 -0.0781794
2.62626 2.94949 -0.105503
2.62626 3.0303 -0.133442
2.62626 3.11111 -0.161989
2.62626 3.19192 -0.191135
2.62626 3.27273 -0.220869
2.62626 3.35354 -0.251185
2.62626 3.43434 -0.282073
2.62626 3.51515 -0.313526
2.62626 3.59596 -0.345535
2.62626 3.67677 -0.378093
2.62626 3.75758 -0.411193
2.62626 3.83838 -0.444828
2.62626 3.91919 -0.478991
2.62626 4 -0.513677
2.70707 -4 -0.486197
2.70707 -3.91919 -0.451878
2.70707 -3.83838 -0.418054
2.70707 -3.75758 -0.384733
2.70707 -3.67677 -0.351922
2.70707 -3.59596 -0.319628
2.70707 -3.51515 -0.28786
2.70707 -3.43434 -0.256626
2.70707 -3.35354 -0.225934
2.70707 -3.27273 -0.195795
2.70707 -3.19192 -0.166216
2.70707 -3.11111 -0.137208
2.70707 -3.0303 -0.10878
2.70707 -2.94949 -0.080942
2.70707 -2.86869 -0.0537034
2.70707 -2.78788 -0.0270744
2.70707 -2.70707 -0.00106499
2.70707 -2.62626 0.0243148
2.70707 -2.54545 0.0490548
2.70707 -2.46465 0.0731452
2.70707 -2.38384 0.0965758
2.70707 -2.30303 0.119337
2.70707 -2.22222 0.141418
2.70707 -2.14141 0.162811
2.70707 -2.06061 0.183505
2.70707 -1.9798 0.20349
2.70707 -1.89899 0.222759
2.70707 -1.81818 0.2413
2.70707 -1.73737 0.259107
2.70707 -1.65657 0.27617
2.70707 -1.57576 0.292481
2.70707 -1.49495 0.308031
2.70707 -1.41414 0.322814
2.70707 -1.33333 0.336821
2.70707 -1.25253 0.350046
2.70707 -1.17172 0.362481
2.70707 -1.09091 0.374121
2.70707 -1.0101 0.384958
2.70707 -0.929293 0.394988
2.70707 -0.848485 0.404205
2.70707 -0.767677 0.412604
2.70707 -0.686869 0.420181
2.70707 -0.606061 0.42693
2.70707 -0.525253 0.43285
2.70707 -0.444444 0.437936
2.70707 -0.363636 0.442185
2.70707 -0.282828 0.445596
2.70707 -0.20202 0.448165
2.70707 -0.121212 0.449893
2.70707 -0.040404 0.450776
2.70707 0.040404 0.450816
2.70707 0.121212 0.450012
2.70707 0.20202 0.448363
2.70707 0.282828 0.445871
2.70707 0.363636 0.442538
2.70707 0.444444 0.438363
2.70707 0.525253 0.433351
2.70707 0.606061 0.427503
2.70707 0.686869 0.420823
2.70707 0.767677 0.413313
2.70707 0.848485 0.404977
2.70707 0.929293 0.395821
2.70707 1.0101 0.385848
2.70707 1.09091 0.375065
2.70707 1.17172 0.363475
2.70707 1.25253 0.351085
2.70707 1.33333 0.337903
2.70707 1.41414 0.323933
2.70707 1.49495 0.309183
2.70707 1.57576 0.293661
2.70707 1.65657 0.277373
2.70707 1.73737 0.260329
2.70707 1.81818 0.242536
2.70707 1.89899 0.224003
2.70707 1.9798 0.204739
2.70707 2.06061 0.184752
2.70707 2.14141 0.164053
2.70707 2.22222 0.142649
2.70707 2.30303 0.120552
2.70707 2.38384 0.0977699
2.70707 2.46465 0.0743138
2.70707 2.54545 0.0501934
2.70707 2.62626 0.0254188
2.70707 2.70707 -5.53444e-17
2.70707 2.78788 -0.0260527
2.70707 2.86869 -0.052729
2.70707 2.94949 -0.0800189
2.70707 3.0303 -0.107912
2.70707 3.11111 -0.136399
2.70707 3.19192 -0.165469
2.70707 3.27273 -0.195112
2.70707 3.35354 -0.225319
2.70707 3.43434 -0.256081
2.70707 3.51515 -0.287388
2.70707 3.59596 -0.319231
2.70707 3.67677 -0.351602
2.70707 3.75758 -0.384491
2.70707 3.83838 -0.417892
2.70707 3.91919 -0.451796
2.70707 4 -0.486197
2.78788 -4 -0.458227
2.78788 -3.91919 -0.424182
2.78788 -3.83838 -0.390606
2.78788 -3.75758 -0.357506
2.78788 -3.67677 -0.324893
2.78788 -3.59596 -0.292774
2.78788 -3.51515 -0.261159
2.78788 -3.43434 -0.230057
2.78788 -3.35354 -0.199479
2.78788 -3.27273 -0.169434
2.78788 -3.19192 -0.139934
2.78788 -3.11111 -0.110987
2.78788 -3.0303 -0.0826063
2.78788 -2.94949 -0.0548011
2.78788 -2.86869 -0.0275828
2.78788 -2.78788 -0.000962118
2.78788 -2.70707 0.0250498
2.78788 -2.62626 0.0504421
2.78788 -2.54545 0.0752038
2.78788 -2.46465 0.099324
2.78788 -2.38384 0.122792
2.78788 -2.30303 0.145597
2.78788 -2.22222 0.167728
2.78788 -2.14141 0.189175
2.78788 -2.06061 0.209927
2.78788 -1.9798 0.229975
2.78788 -1.89899 0.249308
2.78788 -1.81818 0.267917
2.78788 -1.73737 0.285792
2.78788 -1.65657 0.302925
2.78788 -1.57576 0.319305
2.78788 -1.49495 0.334925
2.78788 -1.41414 0.349777
2.78788 -1.33333 0.363852
2.78788 -1.25253 0.377142
2.78788 -1.17172 0.389641
2.78788 -1.09091 0.401342
2.78788 -1.0101 0.412238
2.78788 -0.929293 0.422323
2.78788 -0.848485 0.431591
2.78788 -0.767677 0.440038
2.78788 -0.686869 0.447657
2.78788 -0.606061 0.454446
2.78788 -0.525253 0.460399
2.78788 -0.444444 0.465514
2.78788 -0.363636 0.469788
2.78788 -0.282828 0.473218
2.78788 -0.20202 0.475801
2.78788 -0.121212 0.477537
2.78788 -0.040404 0.478423
2.78788 0.040404 0.478461
2.78788 0.121212 0.477648
2.78788 0.20202 0.475987
2.78788 0.282828 0.473477
2.78788 0.363636 0.470119
2.78788 0.444444 0.465917
2.78788 0.525253 0.460871
2.78788 0.606061 0.454985
2.78788 0.686869 0.448261
2.78788 0.767677 0.440704
2.78788 0.848485 0.432318
2.78788 0.929293 0.423107
2.78788 1.0101 0.413076
2.78788 1.09091 0.402231
2.78788 1.17172 0.390577
2.78788 1.25253 0.378121
2.78788 1.33333 0.36487
2.78788 1.41414 0.35083
2.78788 1.49495 0.336009
2.78788 1.57576 0.320416
2.78788 1.65657 0.304057
2.78788 1.73737 0.286943
2.78788 1.81818 0.26908
2.78788 1.89899 0.25048
2.78788 1.9798 0.23115
2.78788 2.06061 0.211101
2.78788 2.14141 0.190343
2.78788 2.22222 0.168886
2.78788 2.30303 0.14674
2.78788 2.38384 0.123916
2.78788 2.46465 0.100424
2.78788 2.54545 0.0762759
2.78788 2.62626 0.0514816
2.78788 2.70707 0.0260527
2.78788 2.78788 -3.57331e-17
2.78788 2.86869 -0.0266652
2.78788 2.94949 -0.0539318
2.78788 3.0303 -0.0817887
2.78788 3.11111 -0.110225
2.78788 3.19192 -0.139229
2.78788 3.27273 -0.168791
2.78788 3.35354 -0.198899
2.78788 3.43434 -0.229544
2.78788 3.51515 -0.260714
2.78788 3.59596 -0.2924
2.78788 3.67677 -0.324591
2.78788 3.75758 -0.357278
2.78788 3.83838 -0.390453
2.78788 3.91919 -0.424105
2.78788 4 -0.458227
2.86869 -4 -0.429795
2.86869 -3.91919 -0.396016
2.86869 -3.83838 -0.362679
2.86869 -3.75758 -0.329793
2.86869 -3.67677 -0.297367
2.86869 -3.59596 -0.265413
2.86869 -3.51515 -0.233941
2.86869 -3.43434 -0.202962
2.86869 -3.35354 -0.172486
2.86869 -3.27273 -0.142526
2.86869 -3.19192 -0.113093
2.86869 -3.11111 -0.0841974
2.86869 -3.0303 -0.0558522
2.86869 -2.94949 -0.0280691
2.86869 -2.86869 -0.000859773
2.86869 -2.78788 0.0257637
2.86869 -2.70707 0.0517894
2.86869 -2.62626 0.0772054
2.86869 -2.54545 0.102
2.86869 -2.46465 0.126161
2.86869 -2.38384 0.149677
2.86869 -2.30303 0.172536
2.86869 -2.22222 0.194727
2.86869 -2.14141 0.216239
2.86869 -2.06061 0.23706
2.86869 -1.9798 0.25718
2.86869 -1.89899 0.276588
2.86869 -1.81818 0.295274
2.86869 -1.73737 0.313227
2.86869 -1.65657 0.330438
2.86869 -1.57576 0.346897
2.86869 -1.49495 0.362595
2.86869 -1.41414 0.377524
2.86869 -1.33333 0.391674
2.86869 -1.25253 0.405037
2.86869 -1.17172 0.417607
2.86869 -1.09091 0.429376
2.86869 -1.0101 0.440336
2.86869 -0.929293 0.450481
2.86869 -0.848485 0.459806
2.86869 -0.767677 0.468304
2.86869 -0.686869 0.475971
2.86869 -0.606061 0.482803
2.86869 -0.525253 0.488794
2.86869 -0.444444 0.493941
2.86869 -0.363636 0.498241
2.86869 -0.282828 0.501691
2.86869 -0.20202 0.50429
2.86869 -0.121212 0.506035
2.86869 -0.040404 0.506925
2.86869 0.040404 0.50696
2.86869 0.121212 0.50614
2.86869 0.20202 0.504464
2.86869 0.282828 0.501934
2.86869 0.363636 0.498551
2.86869 0.444444 0.494317
2.86869 0.525253 0.489235
2.86869 0.606061 0.483307
2.86869 0.686869 0.476537
2.86869 0.767677 0.468929
2.86869 0.848485 0.460487
2.86869 0.929293 0.451215
2.86869 1.0101 0.44112
2.86869 1.09091 0.430208
2.86869 1.17172 0.418483
2.86869 1.25253 0.405954
2.86869 1.33333 0.392627
2.86869 1.41414 0.37851
2.86869 1.49495 0.36361
2.86869 1.57576 0.347937
2.86869 1.65657 0.331499
2.86869 1.73737 0.314305
2.86869 1.81818 0.296364
2.86869 1.89899 0.277686
2.86869 1.9798 0.258281
2.86869 2.06061 0.238161
2.86869 2.14141 0.217334
2.86869 2.22222 0.195813
2.86869 2.30303 0.173608
2.86869 2.38384 0.15073
2.86869 2.46465 0.127192
2.86869 2.54545 0.103004
2.86869 2.62626 0.0781794
2.86869 2.70707 0.052729
2.86869 2.78788 0.0266652
2.86869 2.86869 -4.30045e-17
2.86869 2.94949 -0.0272545
2.86869 3.0303 -0.0550861
2.86869 3.11111 -0.0834828
2.86869 3.19192 -0.112433
2.86869 3.27273 -0.141923
2.86869 3.35354 -0.171943
2.86869 3.43434 -0.202481
2.86869 3.51515 -0.233524
2.86869 3.59596 -0.265063
2.86869 3.67677 -0.297084
2.86869 3.75758 -0.329579
2.86869 3.83838 -0.362535
2.86869 3.91919 -0.395944
2.86869 4 -0.429795
2.94949 -4 -0.400931
2.94949 -3.91919 -0.367408
2.94949 -3.83838 -0.3343
2.94949 -3.75758 -0.301616
2.94949 -3.67677 -0.269369
2.94949 -3.59596 -0.237569
2.94949 -3.51515 -0.206229
2.94949 -3.43434 -0.17536
2.94949 -3.35354 -0.144976
2.94949 -3.27273 -0.115088
2.94949 -3.19192 -0.0857099
2.94949 -3.11111 -0.0568536
2.94949 -3.0303 -0.0285324
2.94949 -2.94949 -0.000759029
2.94949 -2.86869 0.0264534
2.94949 -2.78788 0.0530919
2.94949 -2.70707 0.0791435
2.94949 -2.62626 0.104595
2.94949 -2.54545 0.129434
2.94949 -2.46465 0.153648
2.94949 -2.38384 0.177224
2.94949 -2.30303 0.20015
2.94949 -2.22222 0.222412
2.94949 -2.14141 0.244
2.94949 -2.06061 0.264901
2.94949 -1.9798 0.285104
2.94949 -1.89899 0.304597
2.94949 -1.81818 0.32337
2.94949 -1.73737 0.341411
2.94949 -1.65657 0.35871
2.94949 -1.57576 0.375256
2.94949 -1.49495 0.391041
2.94949 -1.41414 0.406055
2.94949 -1.33333 0.420289
2.94949 -1.25253 0.433733
2.94949 -1.17172 0.446381
2.94949 -1.09091 0.458224
2.94949 -1.0101 0.469254
2.94949 -0.929293 0.479466
2.94949 -0.848485 0.488853
2.94949 -0.767677 0.497409
2.94949 -0.686869 0.505128
2.94949 -0.606061 0.512005
2.94949 -0.525253 0.518037
2.94949 -0.444444 0.52322
2.94949 -0.363636 0.527549
2.94949 -0.282828 0.531022
2.94949 -0.20202 0.533638
2.94949 -0.121212 0.535393
2.94949 -0.040404 0.536287
2.94949 0.040404 0.53632
2.94949 0.121212 0.53549
2.94949 0.20202 0.5338
2.94949 0.282828 0.531248
2.94949 0.363636 0.527838
2.94949 0.444444 0.52357
2.94949 0.525253 0.518449
2.94949 0.606061 0.512475
2.94949 0.686869 0.505655
2.94949 0.767677 0.49799
2.94949 0.848485 0.489487
2.94949 0.929293 0.48015
2.94949 1.0101 0.469985
2.94949 1.09091 0.458998
2.94949 1.17172 0.447197
2.94949 1.25253 0.434587
2.94949 1.33333 0.421176
2.94949 1.41414 0.406974
2.94949 1.49495 0.391987
2.94949 1.57576 0.376225
2.94949 1.65657 0.359698
2.94949 1.73737 0.342414
2.94949 1.81818 0.324385
2.94949 1.89899 0.30562
2.94949 1.9798 0.28613
2.94949 2.06061 0.265926
2.94949 2.14141 0.24502
2.94949 2.22222 0.223423
2.94949 2.30303 0.201148
2.94949 2.38384 0.178205
2.94949 2.46465 0.154609
2.94949 2.54545 0.13037
2.94949 2.62626 0.105503
2.94949 2.70707 0.0800189
2.94949 2.78788 0.0539318
2.94949 2.86869 0.0272545
2.94949 2.94949 -3.97212e-17
2.94949 3.0303 -0.0278185
2.94949 3.11111 -0.0561878
2.94949 3.19192 -0.0850948
2.94949 3.27273 -0.114527
2.94949 3.35354 -0.14447
2.94949 3.43434 -0.174912
2.94949 3.51515 -0.20584
2.94949 3.59596 -0.237242
2.94949 3.67677 -0.269105
2.94949 3.75758 -0.301417
2.94949 3.83838 -0.334166
2.94949 3.91919 -0.367341
2.94949 4 -0.400931
3.0303 -4 -0.371662
3.0303 -3.91919 -0.338386
3.0303 -3.83838 -0.305495
3.0303 -3.75758 -0.273003
3.0303 -3.67677 -0.240921
3.0303 -3.59596 -0.209263
3.0303 -3.51515 -0.178042
3.0303 -3.43434 -0.147272
3.0303 -3.35354 -0.116966
3.0303 -3.27273 -0.0871383
3.0303 -3.19192 -0.057802
3.0303 -3.11111 -0.0289716
3.0303 -3.0303 -0.000660932
3.0303 -2.94949 0.0271158
3.0303 -2.86869 0.0543445
3.0303 -2.78788 0.0810112
3.0303 -2.70707 0.107102
3.0303 -2.62626 0.132602
3.0303 -2.54545 0.157499
3.0303 -2.46465 0.181779
3.0303 -2.38384 0.205427
3.0303 -2.30303 0.228431
3.0303 -2.22222 0.250777
3.0303 -2.14141 0.272453
3.0303 -2.06061 0.293446
3.0303 -1.9798 0.313743
3.0303 -1.89899 0.333333
3.0303 -1.81818 0.352203
3.0303 -1.73737 0.370342
3.0303 -1.65657 0.387739
3.0303 -1.57576 0.404384
3.0303 -1.49495 0.420265
3.0303 -1.41414 0.435373
3.0303 -1.33333 0.449698
3.0303 -1.25253 0.463232
3.0303 -1.17172 0.475965
3.0303 -1.09091 0.48789
3.0303 -1.0101 0.498998
3.0303 -0.929293 0.509283
3.0303 -0.848485 0.518737
3.0303 -0.767677 0.527355
3.0303 -0.686869 0.535131
3.0303 -0.606061 0.54206
3.0303 -0.525253 0.548136
3.0303 -0.444444 0.553357
3.0303 -0.363636 0.557718
3.0303 -0.282828 0.561217
3.0303 -0.20202 0.56385
3.0303 -0.121212 0.565617
3.0303 -0.040404 0.566516
3.0303 0.040404 0.566546
3.0303 0.121212 0.565707
3.0303 0.20202 0.564
3.0303 0.282828 0.561426
3.0303 0.363636 0.557985
3.0303 0.444444 0.553682
3.0303 0.525253 0.548517
3.0303 0.606061 0.542495
3.0303 0.686869 0.535619
3.0303 0.767677 0.527893
3.0303 0.848485 0.519324
3.0303 0.929293 0.509915
3.0303 1.0101 0.499674
3.0303 1.09091 0.488607
3.0303 1.17172 0.47672
3.0303 1.25253 0.464022
3.0303 1.33333 0.45052
3.0303 1.41414 0.436223
3.0303 1.49495 0.42114
3.0303 1.57576 0.40528
3.0303 1.65657 0.388654
3.0303 1.73737 0.371271
3.0303 1.81818 0.353142
3.0303 1.89899 0.334279
3.0303 1.9798 0.314692
3.0303 2.06061 0.294394
3.0303 2.14141 0.273397
3.0303 2.22222 0.251713
3.0303 2.30303 0.229355
3.0303 2.38384 0.206335
3.0303 2.46465 0.182667
3.0303 2.54545 0.158365
3.0303 2.62626 0.133442
3.0303 2.70707 0.107912
3.0303 2.78788 0.0817887
3.0303 2.86869 0.0550861
3.0303 2.94949 0.0278185
3.0303 3.0303 -3.50548e-17
3.0303 3.11111 -0.0283551
3.0303 3.19192 -0.0572325
3.0303 3.27273 -0.0866181
3.0303 3.35354 -0.116498
3.0303 3.43434 -0.146857
3.0303 3.51515 -0.177683
3.0303 3.59596 -0.20896
3.0303 3.67677 -0.240677
3.0303 3.75758 -0.272818
3.0303 3.83838 -0.305371
3.0303 3.91919 -0.338324
3.0303 4 -0.371662
3.11111 -4 -0.34202
3.11111 -3.91919 -0.308977
3.11111 -3.83838 -0.276291
3.11111 -3.75758 -0.243977
3.11111 -3.67677 -0.212048
3.11111 -3.59596 -0.180518
3.11111 -3.51515 -0.149404
3.11111 -3.43434 -0.118718
3.11111 -3.35354 -0.0884763
3.11111 -3.27273 -0.0586937
3.11111 -3.19192 -0.0293854
3.11111 -3.11111 -0.000566497
3.11111 -3.0303 0.0277477
3.11111 -2.94949 0.0555421
3.11111 -2.86869 0.0828014
3.11111 -2.78788 0.10951
3.11111 -2.70707 0.135654
3.11111 -2.62626 0.161218
3.11111 -2.54545 0.186186
3.11111 -2.46465 0.210545
3.11111 -2.38384 0.234279
3.11111 -2.30303 0.257375
3.11111 -2.22222 0.279818
3.11111 -2.14141 0.301595
3.11111 -2.06061 0.322692
3.11111 -1.9798 0.343095
3.11111 -1.89899 0.362793
3.11111 -1.81818 0.381773
3.11111 -1.73737 0.400021
3.11111 -1.65657 0.417527
3.11111 -1.57576 0.43428
3.11111 -1.49495 0.450267
3.11111 -1.41414 0.465479
3.11111 -1.33333 0.479906
3.11111 -1.25253 0.493537
3.11111 -1.17172 0.506364
3.11111 -1.09091 0.518378
3.11111 -1.0101 0.529571
3.11111 -0.929293 0.539935
3.11111 -0.848485 0.549464
3.11111 -0.767677 0.55815
3.11111 -0.686869 0.565987
3.11111 -0.606061 0.572971
3.11111 -0.525253 0.579097
3.11111 -0.444444 0.584359
3.11111 -0.363636 0.588755
3.11111 -0.282828 0.592281
3.11111 -0.20202 0.594934
3.11111 -0.121212 0.596714
3.11111 -0.040404 0.597617
3.11111 0.040404 0.597645
3.11111 0.121212 0.596796
3.11111 0.20202 0.595072
3.11111 0.282828 0.592473
3.11111 0.363636 0.589
3.11111 0.444444 0.584657
3.11111 0.525253 0.579446
3.11111 0.606061 0.573371
3.11111 0.686869 0.566435
3.11111 0.767677 0.558644
3.11111 0.848485 0.550002
3.11111 0.929293 0.540516
3.11111 1.0101 0.530192
3.11111 1.09091 0.519036
3.11111 1.17172 0.507057
3.11111 1.25253 0.494262
3.11111 1.33333 0.48066
3.11111 1.41414 0.46626
3.11111 1.49495 0.451071
3.11111 1.57576 0.435103
3.11111 1.65657 0.418367
3.11111 1.73737 0.400874
3.11111 1.81818 0.382635
3.11111 1.89899 0.363662
3.11111 1.9798 0.343967
3.11111 2.06061 0.323563
3.11111 2.14141 0.302462
3.11111 2.22222 0.280677
3.11111 2.30303 0.258223
3.11111 2.38384 0.235113
3.11111 2.46465 0.211361
3.11111 2.54545 0.186982
3.11111 2.62626 0.161989
3.11111 2.70707 0.136399
3.11111 2.78788 0.110225
3.11111 2.86869 0.0834828
3.11111 2.94949 0.0561878
3.11111 3.0303 0.0283551
3.11111 3.11111 -4.65936e-17
3.11111 3.19192 -0.028862
3.11111 3.27273 -0.0582157
3.11111 3.35354 -0.0880456
3.11111 3.43434 -0.118336
3.11111 3.51515 -0.149073
3.11111 3.59596 -0.18024
3.11111 3.67677 -0.211823
3.11111 3.75758 -0.243807
3.11111 3.83838 -0.276177
3.11111 3.91919 -0.30892
3.11111 4 -0.34202
3.19192 -4 -0.312033
3.19192 -3.91919 -0.27921
3.19192 -3.83838 -0.246715
3.19192 -3.75758 -0.214564
3.19192 -3.67677 -0.182773
3.19192 -3.59596 -0.151358
3.19192 -3.51515 -0.120334
3.19192 -3.43434 -0.0897174
3.19192 -3.35354 -0.0595249
3.19192 -3.27273 -0.0297725
3.19192 -3.19192 -0.000476691
3.19192 -3.11111 0.0283461
3.19192 -3.0303 0.0566794
3.19192 -2.94949 0.0845068
3.19192 -2.86869 0.111812
3.19192 -2.78788 0.138579
3.19192 -2.70707 0.164791
3.19192 -2.62626 0.190432
3.19192 -2.54545 0.215486
3.19192 -2.46465 0.239939
3.19192 -2.38384 0.263774
3.19192 -2.30303 0.286975
3.19192 -2.22222 0.309529
3.19192 -2.14141 0.331421
3.19192 -2.06061 0.352635
3.19192 -1.9798 0.373158
3.19192 -1.89899 0.392977
3.19192 -1.81818 0.412078
3.19192 -1.73737 0.430448
3.19192 -1.65657 0.448075
3.19192 -1.57576 0.464946
3.19192 -1.49495 0.48105
3.19192 -1.41414 0.496376
3.19192 -1.33333 0.510913
3.19192 -1.25253 0.524651
3.19192 -1.17172 0.537581
3.19192 -1.09091 0.549692
3.19192 -1.0101 0.560977
3.19192 -0.929293 0.571428
3.19192 -0.848485 0.581037
3.19192 -0.767677 0.589797
3.19192 -0.686869 0.597702
3.19192 -0.606061 0.604746
3.19192 -0.525253 0.610924
3.19192 -0.444444 0.616232
3.19192 -0.363636 0.620665
3.19192 -0.282828 0.624221
3.19192 -0.20202 0.626897
3.19192 -0.121212 0.62869
3.19192 -0.040404 0.629599
3.19192 0.040404 0.629624
3.19192 0.121212 0.628765
3.19192 0.20202 0.627022
3.19192 0.282828 0.624396
3.19192 0.363636 0.620889
3.19192 0.444444 0.616503
3.19192 0.525253 0.611242
3.19192 0.606061 0.60511
3.19192 0.686869 0.59811
3.19192 0.767677 0.590247
3.19192 0.848485 0.581527
3.19192 0.929293 0.571957
3.19192 1.0101 0.561543
3.19192 1.09091 0.550292
3.19192 1.17172 0.538212
3.19192 1.25253 0.525311
3.19192 1.33333 0.5116
3.19192 1.41414 0.497087
3.19192 1.49495 0.481782
3.19192 1.57576 0.465695
3.19192 1.65657 0.448839
3.19192 1.73737 0.431225
3.19192 1.81818 0.412863
3.19192 1.89899 0.393768
3.19192 1.9798 0.373952
3.19192 2.06061 0.353428
3.19192 2.14141 0.33221
3.19192 2.22222 0.310312
3.19192 2.30303 0.287748
3.19192 2.38384 0.264533
3.19192 2.46465 0.240683
3.19192 2.54545 0.216211
3.19192 2.62626 0.191135
3.19192 2.70707 0.165469
3.19192 2.78788 0.139229
3.19192 2.86869 0.112433
3.19192 2.94949 0.0850948
3.19192 3.0303 0.0572325
3.19192 3.11111 0.028862
3.19192 3.19192 -3.32647e-17
3.19192 3.27273 -0.0293371
3.19192 3.35354 -0.0591325
3.19192 3.43434 -0.0893699
3.19192 3.51515 -0.120033
3.19192 3.59596 -0.151104
3.19192 3.67677 -0.182569
3.19192 3.75758 -0.21441
3.19192 3.83838 -0.246611
3.19192 3.91919 -0.279158
3.19192 4 -0.312033
3.27273 -4 -0.281733
3.27273 -3.91919 -0.249113
3.27273 -3.83838 -0.216794
3.27273 -3.75758 -0.184791
3.27273 -3.67677 -0.153122
3.27273 -3.59596 -0.121804
3.27273 -3.51515 -0.0908548
3.27273 -3.43434 -0.0602912
3.27273 -3.35354 -0.0301312
3.27273 -3.27273 -0.000392435
3.27273 -3.19192 0.0289074
3.27273 -3.11111 0.0577507
3.27273 -3.0303 0.0861196
3.27273 -2.94949 0.113997
3.27273 -2.86869 0.141364
3.27273 -2.78788 0.168205
3.27273 -2.70707 0.194501
3.27273 -2.62626 0.220236
3.27273 -2.54545 0.245393
3.27273 -2.46465 0.269955
3.27273 -2.38384 0.293905
3.27273 -2.30303 0.317228
3.27273 -2.22222 0.339907
3.27273 -2.14141 0.361928
3.27273 -2.06061 0.383274
3.27273 -1.9798 0.40393
3.27273 -1.89899 0.423883
3.27273 -1.81818 0.443119
3.27273 -1.73737 0.461623
3.27273 -1.65657 0.479382
3.27273 -1.57576 0.496384
3.27273 -1.49495 0.512616
3.27273 -1.41414 0.528066
3.27273 -1.33333 0.542724
3.27273 -1.25253 0.556579
3.27273 -1.17172 0.56962
3.27273 -1.09091 0.581838
3.27273 -1.0101 0.593223
3.27273 -0.929293 0.603768
3.27273 -0.848485 0.613464
3.27273 -0.767677 0.622304
3.27273 -0.686869 0.630282
3.27273 -0.606061 0.637391
3.27273 -0.525253 0.643627
3.27273 -0.444444 0.648984
3.27273 -0.363636 0.653458
3.27273 -0.282828 0.657046
3.27273 -0.20202 0.659745
3.27273 -0.121212 0.661553
3.27273 -0.040404 0.662469
3.27273 0.040404 0.662492
3.27273 0.121212 0.661621
3.27273 0.20202 0.659858
3.27273 0.282828 0.657203
3.27273 0.363636 0.653659
3.27273 0.444444 0.649228
3.27273 0.525253 0.643913
3.27273 0.606061 0.637719
3.27273 0.686869 0.630649
3.27273 0.767677 0.622709
3.27273 0.848485 0.613906
3.27273 0.929293 0.604244
3.27273 1.0101 0.593732
3.27273 1.09091 0.582377
3.27273 1.17172 0.570188
3.27273 1.25253 0.557174
3.27273 1.33333 0.543343
3.27273 1.41414 0.528706
3.27273 1.49495 0.513275
3.27273 1.57576 0.497059
3.27273 1.65657 0.48007
3.27273 1.73737 0.462322
3.27273 1.81818 0.443826
3.27273 1.89899 0.424596
3.27273 1.9798 0.404645
3.27273 2.06061 0.383988
3.27273 2.14141 0.362639
3.27273 2.22222 0.340613
3.27273 2.30303 0.317924
3.27273 2.38384 0.29459
3.27273 2.46465 0.270625
3.27273 2.54545 0.246046
3.27273 2.62626 0.220869
3.27273 2.70707 0.195112
3.27273 2.78788 0.168791
3.27273 2.86869 0.141923
3.27273 2.94949 0.114527
3.27273 3.0303 0.0866181
3.27273 3.11111 0.0582157
3.27273 3.19192 0.0293371
3.27273 3.27273 -1.83694e-17
3.27273 3.35354 -0.0297776
3.27273 3.43434 -0.059978
3.27273 3.51515 -0.0905833
3.27273 3.59596 -0.121576
3.27273 3.67677 -0.152938
3.27273 3.75758 -0.184652
3.27273 3.83838 -0.2167
3.27273 3.91919 -0.249066
3.27273 4 -0.281733
3.35354 -4 -0.251148
3.35354 -3.91919 -0.218716
3.35354 -3.83838 -0.186555
3.35354 -3.75758 -0.154683
3.35354 -3.67677 -0.123119
3.35354 -3.59596 -0.0918811
3.35354 -3.51515 -0.0609884
3.35354 -3.43434 -0.0304599
3.35354 -3.35354 -0.000314586
3.35354 -3.27273 0.0294285
3.35354 -3.19192 0.0587503
3.35354 -3.11111 0.0876319
3.35354 -3.0303 0.116054
3.35354 -2.94949 0.143998
3.35354 -2.86869 0.171446
3.35354 -2.78788 0.198378
3.35354 -2.70707 0.224776
3.35354 -2.62626 0.250622
3.35354 -2.54545 0.275898
3.35354 -2.46465 0.300585
3.35354 -2.38384 0.324668
3.35354 -2.30303 0.348128
3.35354 -2.22222 0.370948
3.35354 -2.14141 0.393113
3.35354 -2.06061 0.414605
3.35354 -1.9798 0.43541
3.35354 -1.89899 0.455511
3.35354 -1.81818 0.474895
3.35354 -1.73737 0.493546
3.35354 -1.65657 0.51145
3.35354 -1.57576 0.528595
3.35354 -1.49495 0.544967
3.35354 -1.41414 0.560553
3.35354 -1.33333 0.575343
3.35354 -1.25253 0.589324
3.35354 -1.17172 0.602486
3.35354 -1.09091 0.614819
3.35354 -1.0101 0.626313
3.35354 -0.929293 0.63696
3.35354 -0.848485 0.64675
3.35354 -0.767677 0.655678
3.35354 -0.686869 0.663734
3.35354 -0.606061 0.670914
3.35354 -0.525253 0.677211
3.35354 -0.444444 0.682621
3.35354 -0.363636 0.68714
3.35354 -0.282828 0.690763
3.35354 -0.20202 0.693488
3.35354 -0.121212 0.695312
3.35354 -0.040404 0.696235
3.35354 0.040404 0.696255
3.35354 0.121212 0.695373
3.35354 0.20202 0.693588
3.35354 0.282828 0.690903
3.35354 0.363636 0.687319
3.35354 0.444444 0.682839
3.35354 0.525253 0.677466
3.35354 0.606061 0.671205
3.35354 0.686869 0.664061
3.35354 0.767677 0.656038
3.35354 0.848485 0.647143
3.35354 0.929293 0.637383
3.35354 1.0101 0.626766
3.35354 1.09091 0.615299
3.35354 1.17172 0.602992
3.35354 1.25253 0.589853
3.35354 1.33333 0.575893
3.35354 1.41414 0.561123
3.35354 1.49495 0.545553
3.35354 1.57576 0.529195
3.35354 1.65657 0.512063
3.35354 1.73737 0.494168
3.35354 1.81818 0.475524
3.35354 1.89899 0.456145
3.35354 1.9798 0.436046
3.35354 2.06061 0.415241
3.35354 2.14141 0.393745
3.35354 2.22222 0.371575
3.35354 2.30303 0.348747
3.35354 2.38384 0.325277
3.35354 2.46465 0.301181
3.35354 2.54545 0.276478
3.35354 2.62626 0.251185
3.35354 2.70707 0.225319
3.35354 2.78788 0.198899
3.35354 2.86869 0.171943
3.35354 2.94949 0.14447
3.35354 3.0303 0.116498
3.35354 3.11111 0.0880456
3.35354 3.19192 0.0591325
3.35354 3.27273 0.0297776
3.35354 3.35354 -1.67563e-17
3.35354 3.43434 -0.0301812
3.35354 3.51515 -0.0607469
3.35354 3.59596 -0.0916778
3.35354 3.67677 -0.122955
3.35354 3.75758 -0.154559
3.35354 3.83838 -0.186472
3.35354 3.91919 -0.218674
3.35354 4 -0.251148
3.43434 -4 -0.220311
3.43434 -3.91919 -0.188048
3.43434 -3.83838 -0.156027
3.43434 -3.75758 -0.124267
3.43434 -3.67677 -0.0927884
3.43434 -3.59596 -0.0616115
3.43434 -3.51515 -0.0307565
3.43434 -3.43434 -0.000243934
3.43434 -3.35354 0.0299059
3.43434 -3.27273 0.0596724
3.43434 -3.19192 0.0890354
3.43434 -3.11111 0.117974
3.43434 -3.0303 0.146469
3.43434 -2.94949 0.1745
3.43434 -2.86869 0.202046
3.43434 -2.78788 0.229087
3.43434 -2.70707 0.255605
3.43434 -2.62626 0.28158
3.43434 -2.54545 0.306993
3.43434 -2.46465 0.331824
3.43434 -2.38384 0.356056
3.43434 -2.30303 0.37967
3.43434 -2.22222 0.402648
3.43434 -2.14141 0.424973
3.43434 -2.06061 0.446628
3.43434 -1.9798 0.467596
3.43434 -1.89899 0.487861
3.43434 -1.81818 0.507407
3.43434 -1.73737 0.526219
3.43434 -1.65657 0.544282
3.43434 -1.57576 0.561583
3.43434 -1.49495 0.578107
3.43434 -1.41414 0.593841
3.43434 -1.33333 0.608774
3.43434 -1.25253 0.622892
3.43434 -1.17172 0.636186
3.43434 -1.09091 0.648643
3.43434 -1.0101 0.660255
3.43434 -0.929293 0.671011
3.43434 -0.848485 0.680904
3.43434 -0.767677 0.689925
3.43434 -0.686869 0.698067
3.43434 -0.606061 0.705323
3.43434 -0.525253 0.711687
3.43434 -0.444444 0.717154
3.43434 -0.363636 0.72172
3.43434 -0.282828 0.725381
3.43434 -0.20202 0.728134
3.43434 -0.121212 0.729976
3.43434 -0.040404 0.730907
3.43434 0.040404 0.730924
3.43434 0.121212 0.730029
3.43434 0.20202 0.728222
3.43434 0.282828 0.725504
3.43434 0.363636 0.721877
3.43434 0.444444 0.717344
3.43434 0.525253 0.71191
3.43434 0.606061 0.705577
3.43434 0.686869 0.698352
3.43434 0.767677 0.69024
3.43434 0.848485 0.681248
3.43434 0.929293 0.671382
3.43434 1.0101 0.660651
3.43434 1.09091 0.649063
3.43434 1.17172 0.636628
3.43434 1.25253 0.623355
3.43434 1.33333 0.609255
3.43434 1.41414 0.594339
3.43434 1.49495 0.57862
3.43434 1.57576 0.562108
3.43434 1.65657 0.544818
3.43434 1.73737 0.526763
3.43434 1.81818 0.507957
3.43434 1.89899 0.488415
3.43434 1.9798 0.468152
3.43434 2.06061 0.447184
3.43434 2.14141 0.425527
3.43434 2.22222 0.403197
3.43434 2.30303 0.380212
3.43434 2.38384 0.356589
3.43434 2.46465 0.332346
3.43434 2.54545 0.307501
3.43434 2.62626 0.282073
3.43434 2.70707 0.256081
3.43434 2.78788 0.229544
3.43434 2.86869 0.202481
3.43434 2.94949 0.174912
3.43434 3.0303 0.146857
3.43434 3.11111 0.118336
3.43434 3.19192 0.0893699
3.43434 3.27273 0.059978
3.43434 3.35354 0.0301812
3.43434 3.43434 -1.66354e-17
3.43434 3.51515 -0.0305451
3.43434 3.59596 -0.0614335
3.43434 3.67677 -0.0926448
3.43434 3.75758 -0.124158
3.43434 3.83838 -0.155954
3.43434 3.91919 -0.188011
3.43434 4 -0.220311
3.51515 -4 -0.189251
3.51515 -3.91919 -0.157138
3.51515 -3.83838 -0.125237
3.51515 -3.75758 -0.0935685
3.51515 -3.67677 -0.0621553
3.51515 -3.59596 -0.0310189
3.51515 -3.51515 -0.000181194
3.51515 -3.43434 0.030336
3.51515 -3.35354 0.0605109
3.51515 -3.27273 0.0903215
3.51515 -3.19192 0.119746
3.51515 -3.11111 0.148763
3.51515 -3.0303 0.17735
3.51515 -2.94949 0.205487
3.51515 -2.86869 0.233151
3.51515 -2.78788 0.260323
3.51515 -2.70707 0.28698
3.51515 -2.62626 0.313104
3.51515 -2.54545 0.338672
3.51515 -2.46465 0.363666
3.51515 -2.38384 0.388065
3.51515 -2.30303 0.411851
3.51515 -2.22222 0.435004
3.51515 -2.14141 0.457507
3.51515 -2.06061 0.479341
3.51515 -1.9798 0.500488
3.51515 -1.89899 0.520932
3.51515 -1.81818 0.540656
3.51515 -1.73737 0.559644
3.51515 -1.65657 0.57788
3.51515 -1.57576 0.59535
3.51515 -1.49495 0.612039
3.51515 -1.41414 0.627934
3.51515 -1.33333 0.643021
3.51515 -1.25253 0.657289
3.51515 -1.17172 0.670724
3.51515 -1.09091 0.683316
3.51515 -1.0101 0.695054
3.51515 -0.929293 0.70593
3.51515 -0.848485 0.715932
3.51515 -0.767677 0.725054
3.51515 -0.686869 0.733288
3.51515 -0.606061 0.740626
3.51515 -0.525253 0.747062
3.51515 -0.444444 0.752591
3.51515 -0.363636 0.757208
3.51515 -0.282828 0.76091
3.51515 -0.20202 0.763693
3.51515 -0.121212 0.765555
3.51515 -0.040404 0.766493
3.51515 0.040404 0.766508
3.51515 0.121212 0.7656
3.51515 0.20202 0.763768
3.51515 0.282828 0.761015
3.51515 0.363636 0.757342
3.51515 0.444444 0.752754
3.51515 0.525253 0.747253
3.51515 0.606061 0.740844
3.51515 0.686869 0.733532
3.51515 0.767677 0.725324
3.51515 0.848485 0.716227
3.51515 0.929293 0.706247
3.51515 1.0101 0.695394
3.51515 1.09091 0.683676
3.51515 1.17172 0.671103
3.51515 1.25253 0.657685
3.51515 1.33333 0.643434
3.51515 1.41414 0.628361
3.51515 1.49495 0.612479
3.51515 1.57576 0.5958
3.51515 1.65657 0.578339
3.51515 1.73737 0.56011
3.51515 1.81818 0.541127
3.51515 1.89899 0.521407
3.51515 1.9798 0.500965
3.51515 2.06061 0.479817
3.51515 2.14141 0.457981
3.51515 2.22222 0.435474
3.51515 2.30303 0.412315
3.51515 2.38384 0.388521
3.51515 2.46465 0.364112
3.51515 2.54545 0.339107
3.51515 2.62626 0.313526
3.51515 2.70707 0.287388
3.51515 2.78788 0.260714
3.51515 2.86869 0.233524
3.51515 2.94949 0.20584
3.51515 3.0303 0.177683
3.51515 3.11111 0.149073
3.51515 3.19192 0.120033
3.51515 3.27273 0.0905833
3.51515 3.35354 0.0607469
3.51515 3.43434 0.0305451
3.51515 3.51515 -5.72916e-18
3.51515 3.59596 -0.0308664
3.51515 3.67677 -0.0620322
3.51515 3.75758 -0.0934755
3.51515 3.83838 -0.125174
3.51515 3.91919 -0.157107
3.51515 4 -0.189251
3.59596 -4 -0.158001
3.59596 -3.91919 -0.126016
3.59596 -3.83838 -0.0942127
3.59596 -3.75758 -0.0626145
3.59596 -3.67677 -0.0312448
3.59596 -3.59596 -0.000127
3.59596 -3.51515 0.0307156
3.59596 -3.43434 0.0612594
3.59596 -3.35354 0.0914813
3.59596 -3.27273 0.121358
3.59596 -3.19192 0.150866
3.59596 -3.11111 0.179982
3.59596 -3.0303 0.208684
3.59596 -2.94949 0.236948
3.59596 -2.86869 0.264752
3.59596 -2.78788 0.292074
3.59596 -2.70707 0.318892
3.59596 -2.62626 0.345183
3.59596 -2.54545 0.370928
3.59596 -2.46465 0.396103
3.59596 -2.38384 0.420689
3.59596 -2.30303 0.444666
3.59596 -2.22222 0.468013
3.59596 -2.14141 0.490711
3.59596 -2.06061 0.512742
3.59596 -1.9798 0.534086
3.59596 -1.89899 0.554725
3.59596 -1.81818 0.574643
3.59596 -1.73737 0.593822
3.59596 -1.65657 0.612247
3.59596 -1.57576 0.629901
3.59596 -1.49495 0.646769
3.59596 -1.41414 0.662837
3.59596 -1.33333 0.678092
3.59596 -1.25253 0.692519
3.59596 -1.17172 0.706107
3.59596 -1.09091 0.718845
3.59596 -1.0101 0.73072
3.59596 -0.929293 0.741723
3.59596 -0.848485 0.751844
3.59596 -0.767677 0.761075
3.59596 -0.686869 0.769406
3.59596 -0.606061 0.776832
3.59596 -0.525253 0.783346
3.59596 -0.444444 0.788942
3.59596 -0.363636 0.793614
3.59596 -0.282828 0.79736
3.59596 -0.20202 0.800175
3.59596 -0.121212 0.802058
3.59596 -0.040404 0.803006
3.59596 0.040404 0.803018
3.59596 0.121212 0.802095
3.59596 0.20202 0.800238
3.59596 0.282828 0.797447
3.59596 0.363636 0.793726
3.59596 0.444444 0.789077
3.59596 0.525253 0.783505
3.59596 0.606061 0.777014
3.59596 0.686869 0.76961
3.59596 0.767677 0.761299
3.59596 0.848485 0.752089
3.59596 0.929293 0.741987
3.59596 1.0101 0.731002
3.59596 1.09091 0.719144
3.59596 1.17172 0.706423
3.59596 1.25253 0.692849
3.59596 1.33333 0.678435
3.59596 1.41414 0.663192
3.59596 1.49495 0.647135
3.59596 1.57576 0.630275
3.59596 1.65657 0.612629
3.59596 1.73737 0.594211
3.59596 1.81818 0.575036
3.59596 1.89899 0.555121
3.59596 1.9798 0.534483
3.59596 2.06061 0.513138
3.59596 2.14141 0.491106
3.59596 2.22222 0.468405
3.59596 2.30303 0.445052
3.59596 2.38384 0.421069
3.59596 2.46465 0.396475
3.59596 2.54545 0.37129
3.59596 2.62626 0.345535
3.59596 2.70707 0.319231
3.59596 2.78788 0.2924
3.59596 2.86869 0.265063
3.59596 2.94949 0.237242
3.59596 3.0303 0.20896
3.59596 3.11111 0.18024
3.59596 3.19192 0.151104
3.59596 3.27273 0.121576
3.59596 3.35354 0.0916778
3.59596 3.43434 0.0614335
3.59596 3.51515 0.0308664
3.59596 3.59596 -6.35868e-18
3.59596 3.67677 -0.0311423
3.59596 3.75758 -0.062537
3.59596 3.83838 -0.0941607
3.59596 3.91919 -0.12599
3.59596 4 -0.158001
3.67677 -4 -0.126592
3.67677 -3.91919 -0.0947118
3.67677 -3.83838 -0.0629832
3.67677 -3.75758 -0.0314316
3.67677 -3.67677 -8.18965e-05
3.67677 -3.59596 0.0310409
3.67677 -3.51515 0.0619117
3.67677 -3.43434 0.0925057
3.67677 -3.35354 0.122798
3.67677 -3.27273 0.152764
3.67677 -3.19192 0.182378
3.67677 -3.11111 0.211617
3.67677 -3.0303 0.240455
3.67677 -2.94949 0.26887
3.67677 -2.86869 0.296836
3.67677 -2.78788 0.324331
3.67677 -2.70707 0.351331
3.67677 -2.62626 0.377812
3.67677 -2.54545 0.403753
3.67677 -2.46465 0.429132
3.67677 -2.38384 0.453925
3.67677 -2.30303 0.478112
3.67677 -2.22222 0.501673
3.67677 -2.14141 0.524586
3.67677 -2.06061 0.546831
3.67677 -1.9798 0.56839
3.67677 -1.89899 0.589242
3.67677 -1.81818 0.609371
3.67677 -1.73737 0.628758
3.67677 -1.65657 0.647386
3.67677 -1.57576 0.665239
3.67677 -1.49495 0.6823
3.67677 -1.41414 0.698556
3.67677 -1.33333 0.713991
3.67677 -1.25253 0.728591
3.67677 -1.17172 0.742344
3.67677 -1.09091 0.755237
3.67677 -1.0101 0.76726
3.67677 -0.929293 0.7784
3.67677 -0.848485 0.788648
3.67677 -0.767677 0.797995
3.67677 -0.686869 0.806433
3.67677 -0.606061 0.813953
3.67677 -0.525253 0.82055
3.67677 -0.444444 0.826217
3.67677 -0.363636 0.830949
3.67677 -0.282828 0.834742
3.67677 -0.20202 0.837592
3.67677 -0.121212 0.839497
3.67677 -0.040404 0.840455
3.67677 0.040404 0.840465
3.67677 0.121212 0.839527
3.67677 0.20202 0.837642
3.67677 0.282828 0.834812
3.67677 0.363636 0.831038
3.67677 0.444444 0.826325
3.67677 0.525253 0.820677
3.67677 0.606061 0.814099
3.67677 0.686869 0.806596
3.67677 0.767677 0.798175
3.67677 0.848485 0.788844
3.67677 0.929293 0.778611
3.67677 1.0101 0.767485
3.67677 1.09091 0.755477
3.67677 1.17172 0.742596
3.67677 1.25253 0.728855
3.67677 1.33333 0.714265
3.67677 1.41414 0.69884
3.67677 1.49495 0.682593
3.67677 1.57576 0.665538
3.67677 1.65657 0.647691
3.67677 1.73737 0.629068
3.67677 1.81818 0.609685
3.67677 1.89899 0.589558
3.67677 1.9798 0.568707
3.67677 2.06061 0.547148
3.67677 2.14141 0.524901
3.67677 2.22222 0.501985
3.67677 2.30303 0.478421
3.67677 2.38384 0.454229
3.67677 2.46465 0.429429
3.67677 2.54545 0.404043
3.67677 2.62626 0.378093
3.67677 2.70707 0.351602
3.67677 2.78788 0.324591
3.67677 2.86869 0.297084
3.67677 2.94949 0.269105
3.67677 3.0303 0.240677
3.67677 3.11111 0.211823
3.67677 3.19192 0.182569
3.67677 3.27273 0.152938
3.67677 3.35354 0.122955
3.67677 3.43434 0.0926448
3.67677 3.51515 0.0620322
3.67677 3.59596 0.0311423
3.67677 3.67677 -7.37413e-18
3.67677 3.75758 -0.0313697
3.67677 3.83838 -0.0629416
3.67677 3.91919 -0.0946909
3.67677 4 -0.126592
3.75758 -4 -0.095056
3.75758 -3.91919 -0.0632552
3.75758 -3.83838 -0.0315764
3.75758 -3.75758 -4.63379e-05
3.75758 -3.67677 0.0313084
3.75758 -3.59596 0.0624611
3.75758 -3.51515 0.0933852
3.75758 -3.43434 0.124054
3.75758 -3.35354 0.154442
3.75758 -3.27273 0.184521
3.75758 -3.19192 0.214267
3.75758 -3.11111 0.243653
3.75758 -3.0303 0.272652
3.75758 -2.94949 0.301241
3.75758 -2.86869 0.329393
3.75758 -2.78788 0.357084
3.75758 -2.70707 0.384288
3.75758 -2.62626 0.410983
3.75758 -2.54545 0.437143
3.75758 -2.46465 0.462746
3.75758 -2.38384 0.487768
3.75758 -2.30303 0.512187
3.75758 -2.22222 0.535981
3.75758 -2.14141 0.559129
3.75758 -2.06061 0.581609
3.75758 -1.9798 0.603401
3.75758 -1.89899 0.624485
3.75758 -1.81818 0.644842
3.75758 -1.73737 0.664454
3.75758 -1.65657 0.683302
3.75758 -1.57576 0.701369
3.75758 -1.49495 0.71864
3.75758 -1.41414 0.735097
3.75758 -1.33333 0.750726
3.75758 -1.25253 0.765512
3.75758 -1.17172 0.779442
3.75758 -1.09091 0.792503
3.75758 -1.0101 0.804683
3.75758 -0.929293 0.81597
3.75758 -0.848485 0.826355
3.75758 -0.767677 0.835827
3.75758 -0.686869 0.844378
3.75758 -0.606061 0.852
3.75758 -0.525253 0.858685
3.75758 -0.444444 0.864429
3.75758 -0.363636 0.869224
3.75758 -0.282828 0.873067
3.75758 -0.20202 0.875955
3.75758 -0.121212 0.877884
3.75758 -0.040404 0.878853
3.75758 0.040404 0.87886
3.75758 0.121212 0.877907
3.75758 0.20202 0.875992
3.75758 0.282828 0.87312
3.75758 0.363636 0.869291
3.75758 0.444444 0.86451
3.75758 0.525253 0.85878
3.75758 0.606061 0.852108
3.75758 0.686869 0.844499
3.75758 0.767677 0.835961
3.75758 0.848485 0.826501
3.75758 0.929293 0.816128
3.75758 1.0101 0.804851
3.75758 1.09091 0.792682
3.75758 1.17172 0.77963
3.75758 1.25253 0.765709
3.75758 1.33333 0.750931
3.75758 1.41414 0.735309
3.75758 1.49495 0.718858
3.75758 1.57576 0.701593
3.75758 1.65657 0.68353
3.75758 1.73737 0.664686
3.75758 1.81818 0.645077
3.75758 1.89899 0.624721
3.75758 1.9798 0.603638
3.75758 2.06061 0.581846
3.75758 2.14141 0.559365
3.75758 2.22222 0.536215
3.75758 2.30303 0.512418
3.75758 2.38384 0.487995
3.75758 2.46465 0.462968
3.75758 2.54545 0.43736
3.75758 2.62626 0.411193
3.75758 2.70707 0.384491
3.75758 2.78788 0.357278
3.75758 2.86869 0.329579
3.75758 2.94949 0.301417
3.75758 3.0303 0.272818
3.75758 3.11111 0.243807
3.75758 3.19192 0.21441
3.75758 3.27273 0.184652
3.75758 3.35354 0.154559
3.75758 3.43434 0.124158
3.75758 3.51515 0.0934755
3.75758 3.59596 0.062537
3.75758 3.67677 0.0313697
3.75758 3.75758 5.78026e-18
3.75758 3.83838 -0.0315453
3.75758 3.91919 -0.0632395
3.75758 4 -0.095056
3.83838 -4 -0.0634239
3.83838 -3.91919 -0.0316763
3.83838 -3.83838 -2.0681e-05
3.83838 -3.75758 0.0315145
3.83838 -3.67677 0.0629009
3.83838 -3.59596 0.0941102
3.83838 -3.51515 0.125114
3.83838 -3.43434 0.155885
3.83838 -3.35354 0.186394
3.83838 -3.27273 0.216614
3.83838 -3.19192 0.246516
3.83838 -3.11111 0.276075
3.83838 -3.0303 0.305261
3.83838 -2.94949 0.334049
3.83838 -2.86869 0.362412
3.83838 -2.78788 0.390323
3.83838 -2.70707 0.417757
3.83838 -2.62626 0.444688
3.83838 -2.54545 0.471091
3.83838 -2.46465 0.496941
3.83838 -2.38384 0.522215
3.83838 -2.30303 0.546888
3.83838 -2.22222 0.570937
3.83838 -2.14141 0.59434
3.83838 -2.06061 0.617075
3.83838 -1.9798 0.63912
3.83838 -1.89899 0.660455
3.83838 -1.81818 0.681059
3.83838 -1.73737 0.700914
3.83838 -1.65657 0.719999
3.83838 -1.57576 0.738298
3.83838 -1.49495 0.755793
3.83838 -1.41414 0.772467
3.83838 -1.33333 0.788304
3.83838 -1.25253 0.80329
3.83838 -1.17172 0.817409
3.83838 -1.09091 0.83065
3.83838 -1.0101 0.842999
3.83838 -0.929293 0.854444
3.83838 -0.848485 0.864974
3.83838 -0.767677 0.87458
3.83838 -0.686869 0.883253
3.83838 -0.606061 0.890983
3.83838 -0.525253 0.897764
3.83838 -0.444444 0.903589
3.83838 -0.363636 0.908452
3.83838 -0.282828 0.91235
3.83838 -0.20202 0.915277
3.83838 -0.121212 0.917232
3.83838 -0.040404 0.918213
3.83838 0.040404 0.918218
3.83838 0.121212 0.917247
3.83838 0.20202 0.915302
3.83838 0.282828 0.912384
3.83838 0.363636 0.908497
3.83838 0.444444 0.903642
3.83838 0.525253 0.897827
3.83838 0.606061 0.891055
3.83838 0.686869 0.883333
3.83838 0.767677 0.87467
3.83838 0.848485 0.865072
3.83838 0.929293 0.854549
3.83838 1.0101 0.843111
3.83838 1.09091 0.830769
3.83838 1.17172 0.817535
3.83838 1.25253 0.803421
3.83838 1.33333 0.78844
3.83838 1.41414 0.772608
3.83838 1.49495 0.755938
3.83838 1.57576 0.738447
3.83838 1.65657 0.720151
3.83838 1.73737 0.701068
3.83838 1.81818 0.681216
3.83838 1.89899 0.660612
3.83838 1.9798 0.639278
3.83838 2.06061 0.617233
3.83838 2.14141 0.594497
3.83838 2.22222 0.571093
3.83838 2.30303 0.547041
3.83838 2.38384 0.522366
3.83838 2.46465 0.497089
3.83838 2.54545 0.471235
3.83838 2.62626 0.444828
3.83838 2.70707 0.417892
3.83838 2.78788 0.390453
3.83838 2.86869 0.362535
3.83838 2.94949 0.334166
3.83838 3.0303 0.305371
3.83838 3.11111 0.276177
3.83838 3.19192 0.246611
3.83838 3.27273 0.2167
3.83838 3.35354 0.186472
3.83838 3.43434 0.155954
3.83838 3.51515 0.125174
3.83838 3.59596 0.0941607
3.83838 3.67677 0.0629416
3.83838 3.75758 0.0315453
3.83838 3.83838 -3.62114e-19
3.83838 3.91919 -0.0316659
3.83838 4 -0.0634239
3.91919 -4 -0.0317279
3.91919 -3.91919 -5.18323e-06
3.91919 -3.83838 0.0316555
3.91919 -3.75758 0.0632242
3.91919 -3.67677 0.0946706
3.91919 -3.59596 0.125965
3.91919 -3.51515 0.157077
3.91919 -3.43434 0.187977
3.91919 -3.35354 0.218635
3.91919 -3.27273 0.249023
3.91919 -3.19192 0.27911
3.91919 -3.11111 0.308868
3.91919 -3.0303 0.338269
3.91919 -2.94949 0.367283
3.91919 -2.86869 0.395883
3.91919 -2.78788 0.42404
3.91919 -2.70707 0.451729
3.91919 -2.62626 0.478922
3.91919 -2.54545 0.505592
3.91919 -2.46465 0.531714
3.91919 -2.38384 0.557262
3.91919 -2.30303 0.582212
3.91919 -2.22222 0.606539
3.91919 -2.14141 0.63022
3.91919 -2.06061 0.653231
3.91919 -1.9798 0.67555
3.91919 -1.89899 0.697156
3.91919 -1.81818 0.718027
3.91919 -1.73737 0.738143
3.91919 -1.65657 0.757484
3.91919 -1.57576 0.776031
3.91919 -1.49495 0.793767
3.91919 -1.41414 0.810673
3.91919 -1.33333 0.826734
3.91919 -1.25253 0.841933
3.91919 -1.17172 0.856257
3.91919 -1.09091 0.869689
3.91919 -1.0101 0.882219
3.91919 -0.929293 0.893832
3.91919 -0.848485 0.904519
3.91919 -0.767677 0.914268
3.91919 -0.686869 0.92307
3.91919 -0.606061 0.930916
3.91919 -0.525253 0.937798
3.91919 -0.444444 0.94371
3.91919 -0.363636 0.948646
3.91919 -0.282828 0.952602
3.91919 -0.20202 0.955572
3.91919 -0.121212 0.957555
3.91919 -0.040404 0.958548
3.91919 0.040404 0.958551
3.91919 0.121212 0.957563
3.91919 0.20202 0.955585
3.91919 0.282828 0.952619
3.91919 0.363636 0.948669
3.91919 0.444444 0.943737
3.91919 0.525253 0.93783
3.91919 0.606061 0.930952
3.91919 0.686869 0.92311
3.91919 0.767677 0.914312
3.91919 0.848485 0.904567
3.91919 0.929293 0.893885
3.91919 1.0101 0.882275
3.91919 1.09091 0.869749
3.91919 1.17172 0.856319
3.91919 1.25253 0.841999
3.91919 1.33333 0.826802
3.91919 1.41414 0.810744
3.91919 1.49495 0.793839
3.91919 1.57576 0.776106
3.91919 1.65657 0.75756
3.91919 1.73737 0.73822
3.91919 1.81818 0.718105
3.91919 1.89899 0.697235
3.91919 1.9798 0.675629
3.91919 2.06061 0.65331
3.91919 2.14141 0.630298
3.91919 2.22222 0.606617
3.91919 2.30303 0.582289
3.91919 2.38384 0.557337
3.91919 2.46465 0.531788
3.91919 2.54545 0.505664
3.91919 2.62626 0.478991
3.91919 2.70707 0.451796
3.91919 2.78788 0.424105
3.91919 2.86869 0.395944
3.91919 2.94949 0.367341
3.91919 3.0303 0.338324
3.91919 3.11111 0.30892
3.91919 3.19192 0.279158
3.91919 3.27273 0.249066
3.91919 3.35354 0.218674
3.91919 3.43434 0.188011
3.91919 3.51515 0.157107
3.91919 3.59596 0.12599
3.91919 3.67677 0.0946909
3.91919 3.75758 0.0632395
3.91919 3.83838 0.0316659
3.91919 3.91919 -4.55497e-19
3.91919 4 -0.0317279
4 -4 -1.22465e-16
4 -3.91919 0.0317279
4 -3.83838 0.0634239
4 -3.75758 0.095056
4 -3.67677 0.126592
4 -3.59596 0.158001
4 -3.51515 0.189251
4 -3.43434 0.220311
4 -3.35354 0.251148
4 -3.27273 0.281733
4 -3.19192 0.312033
4 -3.11111 0.34202
4 -3.0303 0.371662
4 -2.94949 0.400931
4 -2.86869 0.429795
4 -2.78788 0.458227
4 -2.70707 0.486197
4 -2.62626 0.513677
4 -2.54545 0.540641
4 -2.46465 0.56706
4 -2.38384 0.592908
4 -2.30303 0.618159
4 -2.22222 0.642788
4 -2.14141 0.666769
4 -2.06061 0.690079
4 -1.9798 0.712694
4 -1.89899 0.734592
4 -1.81818 0.75575
4 -1.73737 0.776146
4 -1.65657 0.795762
4 -1.57576 0.814576
4 -1.49495 0.83257
4 -1.41414 0.849725
4 -1.33333 0.866025
4 -1.25253 0.881453
4 -1.17172 0.895994
4 -1.09091 0.909632
4 -1.0101 0.922354
4 -0.929293 0.934148
4 -0.848485 0.945001
4 -0.767677 0.954902
4 -0.686869 0.963842
4 -0.606061 0.971812
4 -0.525253 0.978802
4 -0.444444 0.984808
4 -0.363636 0.989821
4 -0.282828 0.993838
4 -0.20202 0.996855
4 -0.121212 0.998867
4 -0.040404 0.999874
4 0.040404 0.999874
4 0.121212 0.998867
4 0.20202 0.996855
4 0.282828 0.993838
4 0.363636 0.989821
4 0.444444 0.984808
4 0.525253 0.978802
4 0.606061 0.971812
4 0.686869 0.963842
4 0.767677 0.954902
4 0.848485 0.945001
4 0.929293 0.934148
4 1.0101 0.922354
4 1.09091 0.909632
4 1.17172 0.895994
4 1.25253 0.881453
4 1.33333 0.866025
4 1.41414 0.849725
4 1.49495 0.83257
4 1.57576 0.814576
4 1.65657 0.795762
4 1.73737 0.776146
4 1.81818 0.75575
4 1.89899 0.734592
4 1.9798 0.712694
4 2.06061 0.690079
4 2.14141 0.666769
4 2.22222 0.642788
4 2.30303 0.618159
4 2.38384 0.592908
4 2.46465 0.56706
4 2.54545 0.540641
4 2.62626 0.513677
4 2.70707 0.486197
4 2.78788 0.458227
4 2.86869 0.429795
4 2.94949 0.400931
4 3.0303 0.371662
4 3.11111 0.34202
4 3.19192 0.312033
4 3.27273 0.281733
4 3.35354 0.251148
4 3.43434 0.220311
4 3.51515 0.189251
4 3.59596 0.158001
4 3.67677 0.126592
4 3.75758 0.095056
4 3.83838 0.0634239
4 3.91919 0.0317279
4 4 -1.22465e-16
