# x y u
0.000000000000 0.000000000000 0.000000000000
0.000000000000 0.012500000000 0.000000000000
0.000000000000 0.025000000000 0.000000000000
0.000000000000 0.037500000000 0.000000000000
0.000000000000 0.050000000000 0.000000000000
0.000000000000 0.062500000000 0.000000000000
0.000000000000 0.075000000000 0.000000000000
0.000000000000 0.087500000000 0.000000000000
0.000000000000 0.100000000000 0.000000000000
0.000000000000 0.112500000000 0.000000000000
0.000000000000 0.125000000000 0.000000000000
0.000000000000 0.137500000000 0.000000000000
0.000000000000 0.150000000000 0.000000000000
0.000000000000 0.162500000000 0.000000000000
0.000000000000 0.175000000000 0.000000000000
0.000000000000 0.187500000000 0.000000000000
0.000000000000 0.200000000000 0.000000000000
0.000000000000 0.212500000000 0.000000000000
0.000000000000 0.225000000000 0.000000000000
0.000000000000 0.237500000000 0.000000000000
0.000000000000 0.250000000000 0.000000000000
0.000000000000 0.262500000000 0.000000000000
0.000000000000 0.275000000000 0.000000000000
0.000000000000 0.287500000000 0.000000000000
0.000000000000 0.300000000000 0.000000000000
0.000000000000 0.312500000000 0.000000000000
0.000000000000 0.325000000000 0.000000000000
0.000000000000 0.337500000000 0.000000000000
0.000000000000 0.350000000000 0.000000000000
0.000000000000 0.362500000000 0.000000000000
0.000000000000 0.375000000000 0.000000000000
0.000000000000 0.387500000000 0.000000000000
0.000000000000 0.400000000000 0.000000000000
0.000000000000 0.412500000000 0.000000000000
0.000000000000 0.425000000000 0.000000000000
0.000000000000 0.437500000000 0.000000000000
0.000000000000 0.450000000000 0.000000000000
0.000000000000 0.462500000000 0.000000000000
0.000000000000 0.475000000000 0.000000000000
0.000000000000 0.487500000000 0.000000000000
0.000000000000 0.500000000000 0.000000000000
0.000000000000 0.512500000000 0.000000000000
0.000000000000 0.525000000000 0.000000000000
0.000000000000 0.537500000000 0.000000000000
0.000000000000 0.550000000000 0.000000000000
0.000000000000 0.562500000000 0.000000000000
0.000000000000 0.575000000000 0.000000000000
0.000000000000 0.587500000000 0.000000000000
0.000000000000 0.600000000000 0.000000000000
0.000000000000 0.612500000000 0.000000000000
0.000000000000 0.625000000000 0.000000000000
0.000000000000 0.637500000000 0.000000000000
0.000000000000 0.650000000000 0.000000000000
0.000000000000 0.662500000000 0.000000000000
0.000000000000 0.675000000000 0.000000000000
0.000000000000 0.687500000000 0.000000000000
0.000000000000 0.700000000000 0.000000000000
0.000000000000 0.712500000000 0.000000000000
0.000000000000 0.725000000000 0.000000000000
0.000000000000 0.737500000000 0.000000000000
0.000000000000 0.750000000000 0.000000000000
0.000000000000 0.762500000000 0.000000000000
0.000000000000 0.775000000000 0.000000000000
0.000000000000 0.787500000000 0.000000000000
0.000000000000 0.800000000000 0.000000000000
0.000000000000 0.812500000000 0.000000000000
0.000000000000 0.825000000000 0.000000000000
0.000000000000 0.837500000000 0.000000000000
0.000000000000 0.850000000000 0.000000000000
0.000000000000 0.862500000000 0.000000000000
0.000000000000 0.875000000000 0.000000000000
0.000000000000 0.887500000000 0.000000000000
0.000000000000 0.900000000000 0.000000000000
0.000000000000 0.912500000000 0.000000000000
0.000000000000 0.925000000000 0.000000000000
0.000000000000 0.937500000000 0.000000000000
0.000000000000 0.950000000000 0.000000000000
0.000000000000 0.962500000000 0.000000000000
0.000000000000 0.975000000000 0.000000000000
0.000000000000 0.987500000000 0.000000000000
0.000000000000 1.000000000000 0.000000000000

0.012500000000 0.000000000000 0.000000000000
0.012500000000 0.012500000000 0.000000064086
0.012500000000 0.025000000000 0.000000142546
0.012500000000 0.037500000000 0.000000221375
0.012500000000 0.050000000000 0.000000291779
0.012500000000 0.062500000000 0.000000357676
0.012500000000 0.075000000000 0.000000433636
0.012500000000 0.087500000000 0.000000514554
0.012500000000 0.100000000000 0.000000595203
0.012500000000 0.112500000000 0.000000667031
0.012500000000 0.125000000000 0.000000735069
0.012500000000 0.137500000000 0.000000810703
0.012500000000 0.150000000000 0.000000887249
0.012500000000 0.162500000000 0.000000958859
0.012500000000 0.175000000000 0.000001021944
0.012500000000 0.187500000000 0.000001086298
0.012500000000 0.200000000000 0.000001153558
0.012500000000 0.212500000000 0.000001223532
0.012500000000 0.225000000000 0.000001292243
0.012500000000 0.237500000000 0.000001355469
0.012500000000 0.250000000000 0.000001416074
0.012500000000 0.262500000000 0.000001475188
0.012500000000 0.275000000000 0.000001536528
0.012500000000 0.287500000000 0.000001599312
0.012500000000 0.300000000000 0.000001653478
0.012500000000 0.312500000000 0.000001705374
0.012500000000 0.325000000000 0.000001756920
0.012500000000 0.337500000000 0.000001805893
0.012500000000 0.350000000000 0.000001855231
0.012500000000 0.362500000000 0.000001901297
0.012500000000 0.375000000000 0.000001943424
0.012500000000 0.387500000000 0.000001979413
0.012500000000 0.400000000000 0.000002010119
0.012500000000 0.412500000000 0.000002039708
0.012500000000 0.425000000000 0.000002072145
0.012500000000 0.437500000000 0.000002105518
0.012500000000 0.450000000000 0.000002135442
0.012500000000 0.462500000000 0.000002158932
0.012500000000 0.475000000000 0.000002178086
0.012500000000 0.487500000000 0.000002190870
0.012500000000 0.500000000000 0.000002195842
0.012500000000 0.512500000000 0.000002190870
0.012500000000 0.525000000000 0.000002178086
0.012500000000 0.537500000000 0.000002158932
0.012500000000 0.550000000000 0.000002135442
0.012500000000 0.562500000000 0.000002105518
0.012500000000 0.575000000000 0.000002072145
0.012500000000 0.587500000000 0.000002039708
0.012500000000 0.600000000000 0.000002010119
0.012500000000 0.612500000000 0.000001979413
0.012500000000 0.625000000000 0.000001943424
0.012500000000 0.637500000000 0.000001901297
0.012500000000 0.650000000000 0.000001855231
0.012500000000 0.662500000000 0.000001805893
0.012500000000 0.675000000000 0.000001756920
0.012500000000 0.687500000000 0.000001705374
0.012500000000 0.700000000000 0.000001653478
0.012500000000 0.712500000000 0.000001599312
0.012500000000 0.725000000000 0.000001536528
0.012500000000 0.737500000000 0.000001475188
0.012500000000 0.750000000000 0.000001416074
0.012500000000 0.762500000000 0.000001355469
0.012500000000 0.775000000000 0.000001292243
0.012500000000 0.787500000000 0.000001223532
0.012500000000 0.800000000000 0.000001153558
0.012500000000 0.812500000000 0.000001086298
0.012500000000 0.825000000000 0.000001021944
0.012500000000 0.837500000000 0.000000958859
0.012500000000 0.850000000000 0.000000887249
0.012500000000 0.862500000000 0.000000810703
0.012500000000 0.875000000000 0.000000735069
0.012500000000 0.887500000000 0.000000667031
0.012500000000 0.900000000000 0.000000595203
0.012500000000 0.912500000000 0.000000514554
0.012500000000 0.925000000000 0.000000433636
0.012500000000 0.937500000000 0.000000357676
0.012500000000 0.950000000000 0.000000291779
0.012500000000 0.962500000000 0.000000221375
0.012500000000 0.975000000000 0.000000142546
0.012500000000 0.987500000000 0.000000064086
0.012500000000 1.000000000000 0.000000000000

0.025000000000 0.000000000000 0.000000000000
0.025000000000 0.012500000000 0.000000142546
0.025000000000 0.025000000000 0.000000292760
0.025000000000 0.037500000000 0.000000439428
0.025000000000 0.050000000000 0.000000586068
0.025000000000 0.062500000000 0.000000733111
0.025000000000 0.075000000000 0.000000883637
0.025000000000 0.087500000000 0.000001031879
0.025000000000 0.100000000000 0.000001186032
0.025000000000 0.112500000000 0.000001335604
0.025000000000 0.125000000000 0.000001479078
0.025000000000 0.137500000000 0.000001625185
0.025000000000 0.150000000000 0.000001771089
0.025000000000 0.162500000000 0.000001908086
0.025000000000 0.175000000000 0.000002039121
0.025000000000 0.187500000000 0.000002173358
0.025000000000 0.200000000000 0.000002311818
0.025000000000 0.212500000000 0.000002453384
0.025000000000 0.225000000000 0.000002585652
0.025000000000 0.237500000000 0.000002710454
0.025000000000 0.250000000000 0.000002831063
0.025000000000 0.262500000000 0.000002954381
0.025000000000 0.275000000000 0.000003075752
0.025000000000 0.287500000000 0.000003197262
0.025000000000 0.300000000000 0.000003304901
0.025000000000 0.312500000000 0.000003407987
0.025000000000 0.325000000000 0.000003508424
0.025000000000 0.337500000000 0.000003610933
0.025000000000 0.350000000000 0.000003711103
0.025000000000 0.362500000000 0.000003806276
0.025000000000 0.375000000000 0.000003893330
0.025000000000 0.387500000000 0.000003967183
0.025000000000 0.400000000000 0.000004027597
0.025000000000 0.412500000000 0.000004084295
0.025000000000 0.425000000000 0.000004146953
0.025000000000 0.437500000000 0.000004210840
0.025000000000 0.450000000000 0.000004269437
0.025000000000 0.462500000000 0.000004319604
0.025000000000 0.475000000000 0.000004359485
0.025000000000 0.487500000000 0.000004387039
0.025000000000 0.500000000000 0.000004399587
0.025000000000 0.512500000000 0.000004387039
0.025000000000 0.525000000000 0.000004359485
0.025000000000 0.537500000000 0.000004319604
0.025000000000 0.550000000000 0.000004269437
0.025000000000 0.562500000000 0.000004210840
0.025000000000 0.575000000000 0.000004146953
0.025000000000 0.587500000000 0.000004084295
0.025000000000 0.600000000000 0.000004027597
0.025000000000 0.612500000000 0.000003967183
0.025000000000 0.625000000000 0.000003893330
0.025000000000 0.637500000000 0.000003806276
0.025000000000 0.650000000000 0.000003711103
0.025000000000 0.662500000000 0.000003610933
0.025000000000 0.675000000000 0.000003508424
0.025000000000 0.687500000000 0.000003407987
0.025000000000 0.700000000000 0.000003304901
0.025000000000 0.712500000000 0.000003197262
0.025000000000 0.725000000000 0.000003075752
0.025000000000 0.737500000000 0.000002954381
0.025000000000 0.750000000000 0.000002831063
0.025000000000 0.762500000000 0.000002710454
0.025000000000 0.775000000000 0.000002585652
0.025000000000 0.787500000000 0.000002453384
0.025000000000 0.800000000000 0.000002311818
0.025000000000 0.812500000000 0.000002173358
0.025000000000 0.825000000000 0.000002039121
0.025000000000 0.837500000000 0.000001908086
0.025000000000 0.850000000000 0.000001771089
0.025000000000 0.862500000000 0.000001625185
0.025000000000 0.875000000000 0.000001479078
0.025000000000 0.887500000000 0.000001335604
0.025000000000 0.900000000000 0.000001186032
0.025000000000 0.912500000000 0.000001031879
0.025000000000 0.925000000000 0.000000883637
0.025000000000 0.937500000000 0.000000733111
0.025000000000 0.950000000000 0.000000586068
0.025000000000 0.962500000000 0.000000439428
0.025000000000 0.975000000000 0.000000292760
0.025000000000 0.987500000000 0.000000142546
0.025000000000 1.000000000000 0.000000000000

0.037500000000 0.000000000000 0.000000000000
0.037500000000 0.012500000000 0.000000221375
0.037500000000 0.025000000000 0.000000439428
0.037500000000 0.037500000000 0.000000648958
0.037500000000 0.050000000000 0.000000872672
0.037500000000 0.062500000000 0.000001102243
0.037500000000 0.075000000000 0.000001329595
0.037500000000 0.087500000000 0.000001545184
0.037500000000 0.100000000000 0.000001774302
0.037500000000 0.112500000000 0.000002005676
0.037500000000 0.125000000000 0.000002227611
0.037500000000 0.137500000000 0.000002449246
0.037500000000 0.150000000000 0.000002659789
0.037500000000 0.162500000000 0.000002865220
0.037500000000 0.175000000000 0.000003066579
0.037500000000 0.187500000000 0.000003275553
0.037500000000 0.200000000000 0.000003478726
0.037500000000 0.212500000000 0.000003679333
0.037500000000 0.225000000000 0.000003880755
0.037500000000 0.237500000000 0.000004074984
0.037500000000 0.250000000000 0.000004262353
0.037500000000 0.262500000000 0.000004440850
0.037500000000 0.275000000000 0.000004620006
0.037500000000 0.287500000000 0.000004802476
0.037500000000 0.300000000000 0.000004966943
0.037500000000 0.312500000000 0.000005126523
0.037500000000 0.325000000000 0.000005281966
0.037500000000 0.337500000000 0.000005427783
0.037500000000 0.350000000000 0.000005573656
0.037500000000 0.362500000000 0.000005713079
0.037500000000 0.375000000000 0.000005844870
0.037500000000 0.387500000000 0.000005959445
0.037500000000 0.400000000000 0.000006055856
0.037500000000 0.412500000000 0.000006144115
0.037500000000 0.425000000000 0.000006236607
0.037500000000 0.437500000000 0.000006330392
0.037500000000 0.450000000000 0.000006416202
0.037500000000 0.462500000000 0.000006486707
0.037500000000 0.475000000000 0.000006545821
0.037500000000 0.487500000000 0.000006586158
0.037500000000 0.500000000000 0.000006602026
0.037500000000 0.512500000000 0.000006586158
0.037500000000 0.525000000000 0.000006545821
0.037500000000 0.537500000000 0.000006486707
0.037500000000 0.550000000000 0.000006416202
0.037500000000 0.562500000000 0.000006330392
0.037500000000 0.575000000000 0.000006236607
0.037500000000 0.587500000000 0.000006144115
0.037500000000 0.600000000000 0.000006055856
0.037500000000 0.612500000000 0.000005959445
0.037500000000 0.625000000000 0.000005844870
0.037500000000 0.637500000000 0.000005713079
0.037500000000 0.650000000000 0.000005573656
0.037500000000 0.662500000000 0.000005427783
0.037500000000 0.675000000000 0.000005281966
0.037500000000 0.687500000000 0.000005126523
0.037500000000 0.700000000000 0.000004966943
0.037500000000 0.712500000000 0.000004802476
0.037500000000 0.725000000000 0.000004620006
0.037500000000 0.737500000000 0.000004440850
0.037500000000 0.750000000000 0.000004262353
0.037500000000 0.762500000000 0.000004074984
0.037500000000 0.775000000000 0.000003880755
0.037500000000 0.787500000000 0.000003679333
0.037500000000 0.800000000000 0.000003478726
0.037500000000 0.812500000000 0.000003275553
0.037500000000 0.825000000000 0.000003066579
0.037500000000 0.837500000000 0.000002865220
0.037500000000 0.850000000000 0.000002659789
0.037500000000 0.862500000000 0.000002449246
0.037500000000 0.875000000000 0.000002227611
0.037500000000 0.887500000000 0.000002005676
0.037500000000 0.900000000000 0.000001774302
0.037500000000 0.912500000000 0.000001545184
0.037500000000 0.925000000000 0.000001329595
0.037500000000 0.937500000000 0.000001102243
0.037500000000 0.950000000000 0.000000872672
0.037500000000 0.962500000000 0.000000648958
0.037500000000 0.975000000000 0.000000439428
0.037500000000 0.987500000000 0.000000221375
0.037500000000 1.000000000000 0.000000000000

0.050000000000 0.000000000000 0.000000000000
0.050000000000 0.012500000000 0.000000291779
0.050000000000 0.025000000000 0.000000586068
0.050000000000 0.037500000000 0.000000872672
0.050000000000 0.050000000000 0.000001167733
0.050000000000 0.062500000000 0.000001469438
0.050000000000 0.075000000000 0.000001772891
0.050000000000 0.087500000000 0.000002067807
0.050000000000 0.100000000000 0.000002373816
0.050000000000 0.112500000000 0.000002678874
0.050000000000 0.125000000000 0.000002975550
0.050000000000 0.137500000000 0.000003268475
0.050000000000 0.150000000000 0.000003553271
0.050000000000 0.162500000000 0.000003829320
0.050000000000 0.175000000000 0.000004103886
0.050000000000 0.187500000000 0.000004378408
0.050000000000 0.200000000000 0.000004645474
0.050000000000 0.212500000000 0.000004915641
0.050000000000 0.225000000000 0.000005183231
0.050000000000 0.237500000000 0.000005446957
0.050000000000 0.250000000000 0.000005699738
0.050000000000 0.262500000000 0.000005941902
0.050000000000 0.275000000000 0.000006172732
0.050000000000 0.287500000000 0.000006408616
0.050000000000 0.300000000000 0.000006634124
0.050000000000 0.312500000000 0.000006856404
0.050000000000 0.325000000000 0.000007067749
0.050000000000 0.337500000000 0.000007268221
0.050000000000 0.350000000000 0.000007454453
0.050000000000 0.362500000000 0.000007632036
0.050000000000 0.375000000000 0.000007803175
0.050000000000 0.387500000000 0.000007958326
0.050000000000 0.400000000000 0.000008093974
0.050000000000 0.412500000000 0.000008220319
0.050000000000 0.425000000000 0.000008349286
0.050000000000 0.437500000000 0.000008473217
0.050000000000 0.450000000000 0.000008581636
0.050000000000 0.462500000000 0.000008670875
0.050000000000 0.475000000000 0.000008740988
0.050000000000 0.487500000000 0.000008788909
0.050000000000 0.500000000000 0.000008809973
0.050000000000 0.512500000000 0.000008788909
0.050000000000 0.525000000000 0.000008740988
0.050000000000 0.537500000000 0.000008670875
0.050000000000 0.550000000000 0.000008581636
0.050000000000 0.562500000000 0.000008473217
0.050000000000 0.575000000000 0.000008349286
0.050000000000 0.587500000000 0.000008220319
0.050000000000 0.600000000000 0.000008093974
0.050000000000 0.612500000000 0.000007958326
0.050000000000 0.625000000000 0.000007803175
0.050000000000 0.637500000000 0.000007632036
0.050000000000 0.650000000000 0.000007454453
0.050000000000 0.662500000000 0.000007268221
0.050000000000 0.675000000000 0.000007067749
0.050000000000 0.687500000000 0.000006856404
0.050000000000 0.700000000000 0.000006634124
0.050000000000 0.712500000000 0.000006408616
0.050000000000 0.725000000000 0.000006172732
0.050000000000 0.737500000000 0.000005941902
0.050000000000 0.750000000000 0.000005699738
0.050000000000 0.762500000000 0.000005446957
0.050000000000 0.775000000000 0.000005183231
0.050000000000 0.787500000000 0.000004915641
0.050000000000 0.800000000000 0.000004645474
0.050000000000 0.812500000000 0.000004378408
0.050000000000 0.825000000000 0.000004103886
0.050000000000 0.837500000000 0.000003829320
0.050000000000 0.850000000000 0.000003553271
0.050000000000 0.862500000000 0.000003268475
0.050000000000 0.875000000000 0.000002975550
0.050000000000 0.887500000000 0.000002678874
0.050000000000 0.900000000000 0.000002373816
0.050000000000 0.912500000000 0.000002067807
0.050000000000 0.925000000000 0.000001772891
0.050000000000 0.937500000000 0.000001469438
0.050000000000 0.950000000000 0.000001167733
0.050000000000 0.962500000000 0.000000872672
0.050000000000 0.975000000000 0.000000586068
0.050000000000 0.987500000000 0.000000291779
0.050000000000 1.000000000000 0.000000000000

0.062500000000 0.000000000000 0.000000000000
0.062500000000 0.012500000000 0.000000357676
0.062500000000 0.025000000000 0.000000733111
0.062500000000 0.037500000000 0.000001102243
0.062500000000 0.050000000000 0.000001469438
0.062500000000 0.062500000000 0.000001838258
0.062500000000 0.075000000000 0.000002220342
0.062500000000 0.087500000000 0.000002596569
0.062500000000 0.100000000000 0.000002979841
0.062500000000 0.112500000000 0.000003359569
0.062500000000 0.125000000000 0.000003730076
0.062500000000 0.137500000000 0.000004099548
0.062500000000 0.150000000000 0.000004453485
0.062500000000 0.162500000000 0.000004801934
0.062500000000 0.175000000000 0.000005145188
0.062500000000 0.187500000000 0.000005491114
0.062500000000 0.200000000000 0.000005824945
0.062500000000 0.212500000000 0.000006157434
0.062500000000 0.225000000000 0.000006495571
0.062500000000 0.237500000000 0.000006829166
0.062500000000 0.250000000000 0.000007149116
0.062500000000 0.262500000000 0.000007446117
0.062500000000 0.275000000000 0.000007735055
0.062500000000 0.287500000000 0.000008031080
0.062500000000 0.300000000000 0.000008314580
0.062500000000 0.312500000000 0.000008594682
0.062500000000 0.325000000000 0.000008863142
0.062500000000 0.337500000000 0.000009105680
0.062500000000 0.350000000000 0.000009336132
0.062500000000 0.362500000000 0.000009558068
0.062500000000 0.375000000000 0.000009775323
0.062500000000 0.387500000000 0.000009975852
0.062500000000 0.400000000000 0.000010154069
0.062500000000 0.412500000000 0.000010315186
0.062500000000 0.425000000000 0.000010473537
0.062500000000 0.437500000000 0.000010623093
0.062500000000 0.450000000000 0.000010753284
0.062500000000 0.462500000000 0.000010858518
0.062500000000 0.475000000000 0.000010944102
0.062500000000 0.487500000000 0.000011001965
0.062500000000 0.500000000000 0.000011025193
0.062500000000 0.512500000000 0.000011001965
0.062500000000 0.525000000000 0.000010944102
0.062500000000 0.537500000000 0.000010858518
0.062500000000 0.550000000000 0.000010753284
0.062500000000 0.562500000000 0.000010623093
0.062500000000 0.575000000000 0.000010473537
0.062500000000 0.587500000000 0.000010315186
0.062500000000 0.600000000000 0.000010154069
0.062500000000 0.612500000000 0.000009975852
0.062500000000 0.625000000000 0.000009775323
0.062500000000 0.637500000000 0.000009558068
0.062500000000 0.650000000000 0.000009336132
0.062500000000 0.662500000000 0.000009105680
0.062500000000 0.675000000000 0.000008863142
0.062500000000 0.687500000000 0.000008594682
0.062500000000 0.700000000000 0.000008314580
0.062500000000 0.712500000000 0.000008031080
0.062500000000 0.725000000000 0.000007735055
0.062500000000 0.737500000000 0.000007446117
0.062500000000 0.750000000000 0.000007149116
0.062500000000 0.762500000000 0.000006829166
0.062500000000 0.775000000000 0.000006495571
0.062500000000 0.787500000000 0.000006157434
0.062500000000 0.800000000000 0.000005824945
0.062500000000 0.812500000000 0.000005491114
0.062500000000 0.825000000000 0.000005145188
0.062500000000 0.837500000000 0.000004801934
0.062500000000 0.850000000000 0.000004453485
0.062500000000 0.862500000000 0.000004099548
0.062500000000 0.875000000000 0.000003730076
0.062500000000 0.887500000000 0.000003359569
0.062500000000 0.900000000000 0.000002979841
0.062500000000 0.912500000000 0.000002596569
0.062500000000 0.925000000000 0.000002220342
0.062500000000 0.937500000000 0.000001838258
0.062500000000 0.950000000000 0.000001469438
0.062500000000 0.962500000000 0.000001102243
0.062500000000 0.975000000000 0.000000733111
0.062500000000 0.987500000000 0.000000357676
0.062500000000 1.000000000000 0.000000000000

0.075000000000 0.000000000000 0.000000000000
0.075000000000 0.012500000000 0.000000433636
0.075000000000 0.025000000000 0.000000883637
0.075000000000 0.037500000000 0.000001329595
0.075000000000 0.050000000000 0.000001772891
0.075000000000 0.062500000000 0.000002220342
0.075000000000 0.075000000000 0.000002675953
0.075000000000 0.087500000000 0.000003127240
0.075000000000 0.100000000000 0.000003587559
0.075000000000 0.112500000000 0.000004044928
0.075000000000 0.125000000000 0.000004490576
0.075000000000 0.137500000000 0.000004930562
0.075000000000 0.150000000000 0.000005361587
0.075000000000 0.162500000000 0.000005779390
0.075000000000 0.175000000000 0.000006189835
0.075000000000 0.187500000000 0.000006603196
0.075000000000 0.200000000000 0.000007012372
0.075000000000 0.212500000000 0.000007420084
0.075000000000 0.225000000000 0.000007821485
0.075000000000 0.237500000000 0.000008217171
0.075000000000 0.250000000000 0.000008598975
0.075000000000 0.262500000000 0.000008962980
0.075000000000 0.275000000000 0.000009313772
0.075000000000 0.287500000000 0.000009666077
0.075000000000 0.300000000000 0.000010007347
0.075000000000 0.312500000000 0.000010344167
0.075000000000 0.325000000000 0.000010664932
0.075000000000 0.337500000000 0.000010962571
0.075000000000 0.350000000000 0.000011238548
0.075000000000 0.362500000000 0.000011504591
0.075000000000 0.375000000000 0.000011765250
0.075000000000 0.387500000000 0.000012009460
0.075000000000 0.400000000000 0.000012229036
0.075000000000 0.412500000000 0.000012428448
0.075000000000 0.425000000000 0.000012619774
0.075000000000 0.437500000000 0.000012794980
0.075000000000 0.450000000000 0.000012943425
0.075000000000 0.462500000000 0.000013064649
0.075000000000 0.475000000000 0.000013159150
0.075000000000 0.487500000000 0.000013223373
0.075000000000 0.500000000000 0.000013250255
0.075000000000 0.512500000000 0.000013223373
0.075000000000 0.525000000000 0.000013159150
0.075000000000 0.537500000000 0.000013064649
0.075000000000 0.550000000000 0.000012943425
0.075000000000 0.562500000000 0.000012794980
0.075000000000 0.575000000000 0.000012619774
0.075000000000 0.587500000000 0.000012428448
0.075000000000 0.600000000000 0.000012229036
0.075000000000 0.612500000000 0.000012009460
0.075000000000 0.625000000000 0.000011765250
0.075000000000 0.637500000000 0.000011504591
0.075000000000 0.650000000000 0.000011238548
0.075000000000 0.662500000000 0.000010962571
0.075000000000 0.675000000000 0.000010664932
0.075000000000 0.687500000000 0.000010344167
0.075000000000 0.700000000000 0.000010007347
0.075000000000 0.712500000000 0.000009666077
0.075000000000 0.725000000000 0.000009313772
0.075000000000 0.737500000000 0.000008962980
0.075000000000 0.750000000000 0.000008598975
0.075000000000 0.762500000000 0.000008217171
0.075000000000 0.775000000000 0.000007821485
0.075000000000 0.787500000000 0.000007420084
0.075000000000 0.800000000000 0.000007012372
0.075000000000 0.812500000000 0.000006603196
0.075000000000 0.825000000000 0.000006189835
0.075000000000 0.837500000000 0.000005779390
0.075000000000 0.850000000000 0.000005361587
0.075000000000 0.862500000000 0.000004930562
0.075000000000 0.875000000000 0.000004490576
0.075000000000 0.887500000000 0.000004044928
0.075000000000 0.900000000000 0.000003587559
0.075000000000 0.912500000000 0.000003127240
0.075000000000 0.925000000000 0.000002675953
0.075000000000 0.937500000000 0.000002220342
0.075000000000 0.950000000000 0.000001772891
0.075000000000 0.962500000000 0.000001329595
0.075000000000 0.975000000000 0.000000883637
0.075000000000 0.987500000000 0.000000433636
0.075000000000 1.000000000000 0.000000000000

0.087500000000 0.000000000000 0.000000000000
0.087500000000 0.012500000000 0.000000514554
0.087500000000 0.025000000000 0.000001031879
0.087500000000 0.037500000000 0.000001545184
0.087500000000 0.050000000000 0.000002067807
0.087500000000 0.062500000000 0.000002596569
0.087500000000 0.075000000000 0.000003127240
0.087500000000 0.087500000000 0.000003655655
0.087500000000 0.100000000000 0.000004197185
0.087500000000 0.112500000000 0.000004732816
0.087500000000 0.125000000000 0.000005252555
0.087500000000 0.137500000000 0.000005772179
0.087500000000 0.150000000000 0.000006282383
0.087500000000 0.162500000000 0.000006773100
0.087500000000 0.175000000000 0.000007248976
0.087500000000 0.187500000000 0.000007730014
0.087500000000 0.200000000000 0.000008208045
0.087500000000 0.212500000000 0.000008684397
0.087500000000 0.225000000000 0.000009158034
0.087500000000 0.237500000000 0.000009618819
0.087500000000 0.250000000000 0.000010060822
0.087500000000 0.262500000000 0.000010484772
0.087500000000 0.275000000000 0.000010901142
0.087500000000 0.287500000000 0.000011315905
0.087500000000 0.300000000000 0.000011718252
0.087500000000 0.312500000000 0.000012112287
0.087500000000 0.325000000000 0.000012486779
0.087500000000 0.337500000000 0.000012830800
0.087500000000 0.350000000000 0.000013152352
0.087500000000 0.362500000000 0.000013460927
0.087500000000 0.375000000000 0.000013764855
0.087500000000 0.387500000000 0.000014053398
0.087500000000 0.400000000000 0.000014317624
0.087500000000 0.412500000000 0.000014558393
0.087500000000 0.425000000000 0.000014783819
0.087500000000 0.437500000000 0.000014984605
0.087500000000 0.450000000000 0.000015150712
0.087500000000 0.462500000000 0.000015281181
0.087500000000 0.475000000000 0.000015381050
0.087500000000 0.487500000000 0.000015447347
0.087500000000 0.500000000000 0.000015473480
0.087500000000 0.512500000000 0.000015447347
0.087500000000 0.525000000000 0.000015381050
0.087500000000 0.537500000000 0.000015281181
0.087500000000 0.550000000000 0.000015150712
0.087500000000 0.562500000000 0.000014984605
0.087500000000 0.575000000000 0.000014783819
0.087500000000 0.587500000000 0.000014558393
0.087500000000 0.600000000000 0.000014317624
0.087500000000 0.612500000000 0.000014053398
0.087500000000 0.625000000000 0.000013764855
0.087500000000 0.637500000000 0.000013460927
0.087500000000 0.650000000000 0.000013152352
0.087500000000 0.662500000000 0.000012830800
0.087500000000 0.675000000000 0.000012486779
0.087500000000 0.687500000000 0.000012112287
0.087500000000 0.700000000000 0.000011718252
0.087500000000 0.712500000000 0.000011315905
0.087500000000 0.725000000000 0.000010901142
0.087500000000 0.737500000000 0.000010484772
0.087500000000 0.750000000000 0.000010060822
0.087500000000 0.762500000000 0.000009618819
0.087500000000 0.775000000000 0.000009158034
0.087500000000 0.787500000000 0.000008684397
0.087500000000 0.800000000000 0.000008208045
0.087500000000 0.812500000000 0.000007730014
0.087500000000 0.825000000000 0.000007248976
0.087500000000 0.837500000000 0.000006773100
0.087500000000 0.850000000000 0.000006282383
0.087500000000 0.862500000000 0.000005772179
0.087500000000 0.875000000000 0.000005252555
0.087500000000 0.887500000000 0.000004732816
0.087500000000 0.900000000000 0.000004197185
0.087500000000 0.912500000000 0.000003655655
0.087500000000 0.925000000000 0.000003127240
0.087500000000 0.937500000000 0.000002596569
0.087500000000 0.950000000000 0.000002067807
0.087500000000 0.962500000000 0.000001545184
0.087500000000 0.975000000000 0.000001031879
0.087500000000 0.987500000000 0.000000514554
0.087500000000 1.000000000000 0.000000000000

0.100000000000 0.000000000000 0.000000000000
0.100000000000 0.012500000000 0.000000595203
0.100000000000 0.025000000000 0.000001186032
0.100000000000 0.037500000000 0.000001774302
0.100000000000 0.050000000000 0.000002373816
0.100000000000 0.062500000000 0.000002979841
0.100000000000 0.075000000000 0.000003587559
0.100000000000 0.087500000000 0.000004197185
0.100000000000 0.100000000000 0.000004813903
0.100000000000 0.112500000000 0.000005420916
0.100000000000 0.125000000000 0.000006016637
0.100000000000 0.137500000000 0.000006613772
0.100000000000 0.150000000000 0.000007198004
0.100000000000 0.162500000000 0.000007759440
0.100000000000 0.175000000000 0.000008306470
0.100000000000 0.187500000000 0.000008855198
0.100000000000 0.200000000000 0.000009403018
0.100000000000 0.212500000000 0.000009952946
0.100000000000 0.225000000000 0.000010497256
0.100000000000 0.237500000000 0.000011020943
0.100000000000 0.250000000000 0.000011525357
0.100000000000 0.262500000000 0.000012014954
0.100000000000 0.275000000000 0.000012495688
0.100000000000 0.287500000000 0.000012970647
0.100000000000 0.300000000000 0.000013431801
0.100000000000 0.312500000000 0.000013878176
0.100000000000 0.325000000000 0.000014304403
0.100000000000 0.337500000000 0.000014702533
0.100000000000 0.350000000000 0.000015075654
0.100000000000 0.362500000000 0.000015433267
0.100000000000 0.375000000000 0.000015783405
0.100000000000 0.387500000000 0.000016114744
0.100000000000 0.400000000000 0.000016420338
0.100000000000 0.412500000000 0.000016700780
0.100000000000 0.425000000000 0.000016957673
0.100000000000 0.437500000000 0.000017182916
0.100000000000 0.450000000000 0.000017366496
0.100000000000 0.462500000000 0.000017506668
0.100000000000 0.475000000000 0.000017611754
0.100000000000 0.487500000000 0.000017680160
0.100000000000 0.500000000000 0.000017705227
0.100000000000 0.512500000000 0.000017680160
0.100000000000 0.525000000000 0.000017611754
0.100000000000 0.537500000000 0.000017506668
0.100000000000 0.550000000000 0.000017366496
0.100000000000 0.562500000000 0.000017182916
0.100000000000 0.575000000000 0.000016957673
0.100000000000 0.587500000000 0.000016700780
0.100000000000 0.600000000000 0.000016420338
0.100000000000 0.612500000000 0.000016114744
0.100000000000 0.625000000000 0.000015783405
0.100000000000 0.637500000000 0.000015433267
0.100000000000 0.650000000000 0.000015075654
0.100000000000 0.662500000000 0.000014702533
0.100000000000 0.675000000000 0.000014304403
0.100000000000 0.687500000000 0.000013878176
0.100000000000 0.700000000000 0.000013431801
0.100000000000 0.712500000000 0.000012970647
0.100000000000 0.725000000000 0.000012495688
0.100000000000 0.737500000000 0.000012014954
0.100000000000 0.750000000000 0.000011525357
0.100000000000 0.762500000000 0.000011020943
0.100000000000 0.775000000000 0.000010497256
0.100000000000 0.787500000000 0.000009952946
0.100000000000 0.800000000000 0.000009403018
0.100000000000 0.812500000000 0.000008855198
0.100000000000 0.825000000000 0.000008306470
0.100000000000 0.837500000000 0.000007759440
0.100000000000 0.850000000000 0.000007198004
0.100000000000 0.862500000000 0.000006613772
0.100000000000 0.875000000000 0.000006016637
0.100000000000 0.887500000000 0.000005420916
0.100000000000 0.900000000000 0.000004813903
0.100000000000 0.912500000000 0.000004197185
0.100000000000 0.925000000000 0.000003587559
0.100000000000 0.937500000000 0.000002979841
0.100000000000 0.950000000000 0.000002373816
0.100000000000 0.962500000000 0.000001774302
0.100000000000 0.975000000000 0.000001186032
0.100000000000 0.987500000000 0.000000595203
0.100000000000 1.000000000000 0.000000000000

0.112500000000 0.000000000000 0.000000000000
0.112500000000 0.012500000000 0.000000667031
0.112500000000 0.025000000000 0.000001335604
0.112500000000 0.037500000000 0.000002005676
0.112500000000 0.050000000000 0.000002678874
0.112500000000 0.062500000000 0.000003359569
0.112500000000 0.075000000000 0.000004044928
0.112500000000 0.087500000000 0.000004732816
0.112500000000 0.100000000000 0.000005420916
0.112500000000 0.112500000000 0.000006107317
0.112500000000 0.125000000000 0.000006788642
0.112500000000 0.137500000000 0.000007456133
0.112500000000 0.150000000000 0.000008105554
0.112500000000 0.162500000000 0.000008738837
0.112500000000 0.175000000000 0.000009365465
0.112500000000 0.187500000000 0.000009984998
0.112500000000 0.200000000000 0.000010603817
0.112500000000 0.212500000000 0.000011223399
0.112500000000 0.225000000000 0.000011830733
0.112500000000 0.237500000000 0.000012419525
0.112500000000 0.250000000000 0.000012991361
0.112500000000 0.262500000000 0.000013549883
0.112500000000 0.275000000000 0.000014096064
0.112500000000 0.287500000000 0.000014632411
0.112500000000 0.300000000000 0.000015149864
0.112500000000 0.312500000000 0.000015645225
0.112500000000 0.325000000000 0.000016121137
0.112500000000 0.337500000000 0.000016574707
0.112500000000 0.350000000000 0.000017003307
0.112500000000 0.362500000000 0.000017417788
0.112500000000 0.375000000000 0.000017816390
0.112500000000 0.387500000000 0.000018190567
0.112500000000 0.400000000000 0.000018534584
0.112500000000 0.412500000000 0.000018849571
0.112500000000 0.425000000000 0.000019135130
0.112500000000 0.437500000000 0.000019384030
0.112500000000 0.450000000000 0.000019584809
0.112500000000 0.462500000000 0.000019737286
0.112500000000 0.475000000000 0.000019847528
0.112500000000 0.487500000000 0.000019917747
0.112500000000 0.500000000000 0.000019942344
0.112500000000 0.512500000000 0.000019917747
0.112500000000 0.525000000000 0.000019847528
0.112500000000 0.537500000000 0.000019737286
0.112500000000 0.550000000000 0.000019584809
0.112500000000 0.562500000000 0.000019384030
0.112500000000 0.575000000000 0.000019135130
0.112500000000 0.587500000000 0.000018849571
0.112500000000 0.600000000000 0.000018534584
0.112500000000 0.612500000000 0.000018190567
0.112500000000 0.625000000000 0.000017816390
0.112500000000 0.637500000000 0.000017417788
0.112500000000 0.650000000000 0.000017003307
0.112500000000 0.662500000000 0.000016574707
0.112500000000 0.675000000000 0.000016121137
0.112500000000 0.687500000000 0.000015645225
0.112500000000 0.700000000000 0.000015149864
0.112500000000 0.712500000000 0.000014632411
0.112500000000 0.725000000000 0.000014096064
0.112500000000 0.737500000000 0.000013549883
0.112500000000 0.750000000000 0.000012991361
0.112500000000 0.762500000000 0.000012419525
0.112500000000 0.775000000000 0.000011830733
0.112500000000 0.787500000000 0.000011223399
0.112500000000 0.800000000000 0.000010603817
0.112500000000 0.812500000000 0.000009984998
0.112500000000 0.825000000000 0.000009365465
0.112500000000 0.837500000000 0.000008738837
0.112500000000 0.850000000000 0.000008105554
0.112500000000 0.862500000000 0.000007456133
0.112500000000 0.875000000000 0.000006788642
0.112500000000 0.887500000000 0.000006107317
0.112500000000 0.900000000000 0.000005420916
0.112500000000 0.912500000000 0.000004732816
0.112500000000 0.925000000000 0.000004044928
0.112500000000 0.937500000000 0.000003359569
0.112500000000 0.950000000000 0.000002678874
0.112500000000 0.962500000000 0.000002005676
0.112500000000 0.975000000000 0.000001335604
0.112500000000 0.987500000000 0.000000667031
0.112500000000 1.000000000000 0.000000000000

0.125000000000 0.000000000000 0.000000000000
0.125000000000 0.012500000000 0.000000735069
0.125000000000 0.025000000000 0.000001479078
0.125000000000 0.037500000000 0.000002227611
0.125000000000 0.050000000000 0.000002975550
0.125000000000 0.062500000000 0.000003730076
0.125000000000 0.075000000000 0.000004490576
0.125000000000 0.087500000000 0.000005252555
0.125000000000 0.100000000000 0.000006016637
0.125000000000 0.112500000000 0.000006788642
0.125000000000 0.125000000000 0.000007551246
0.125000000000 0.137500000000 0.000008288970
0.125000000000 0.150000000000 0.000009007230
0.125000000000 0.162500000000 0.000009718401
0.125000000000 0.175000000000 0.000010421337
0.125000000000 0.187500000000 0.000011113463
0.125000000000 0.200000000000 0.000011802133
0.125000000000 0.212500000000 0.000012482690
0.125000000000 0.225000000000 0.000013156301
0.125000000000 0.237500000000 0.000013817742
0.125000000000 0.250000000000 0.000014457907
0.125000000000 0.262500000000 0.000015078405
0.125000000000 0.275000000000 0.000015690836
0.125000000000 0.287500000000 0.000016289463
0.125000000000 0.300000000000 0.000016865781
0.125000000000 0.312500000000 0.000017418314
0.125000000000 0.325000000000 0.000017950350
0.125000000000 0.337500000000 0.000018453665
0.125000000000 0.350000000000 0.000018939310
0.125000000000 0.362500000000 0.000019408568
0.125000000000 0.375000000000 0.000019852792
0.125000000000 0.387500000000 0.000020271007
0.125000000000 0.400000000000 0.000020654617
0.125000000000 0.412500000000 0.000021002684
0.125000000000 0.425000000000 0.000021318884
0.125000000000 0.437500000000 0.000021591195
0.125000000000 0.450000000000 0.000021809152
0.125000000000 0.462500000000 0.000021973505
0.125000000000 0.475000000000 0.000022087454
0.125000000000 0.487500000000 0.000022157430
0.125000000000 0.500000000000 0.000022181209
0.125000000000 0.512500000000 0.000022157430
0.125000000000 0.525000000000 0.000022087454
0.125000000000 0.537500000000 0.000021973505
0.125000000000 0.550000000000 0.000021809152
0.125000000000 0.562500000000 0.000021591195
0.125000000000 0.575000000000 0.000021318884
0.125000000000 0.587500000000 0.000021002684
0.125000000000 0.600000000000 0.000020654617
0.125000000000 0.612500000000 0.000020271007
0.125000000000 0.625000000000 0.000019852792
0.125000000000 0.637500000000 0.000019408568
0.125000000000 0.650000000000 0.000018939310
0.125000000000 0.662500000000 0.000018453665
0.125000000000 0.675000000000 0.000017950350
0.125000000000 0.687500000000 0.000017418314
0.125000000000 0.700000000000 0.000016865781
0.125000000000 0.712500000000 0.000016289463
0.125000000000 0.725000000000 0.000015690836
0.125000000000 0.737500000000 0.000015078405
0.125000000000 0.750000000000 0.000014457907
0.125000000000 0.762500000000 0.000013817742
0.125000000000 0.775000000000 0.000013156301
0.125000000000 0.787500000000 0.000012482690
0.125000000000 0.800000000000 0.000011802133
0.125000000000 0.812500000000 0.000011113463
0.125000000000 0.825000000000 0.000010421337
0.125000000000 0.837500000000 0.000009718401
0.125000000000 0.850000000000 0.000009007230
0.125000000000 0.862500000000 0.000008288970
0.125000000000 0.875000000000 0.000007551246
0.125000000000 0.887500000000 0.000006788642
0.125000000000 0.900000000000 0.000006016637
0.125000000000 0.912500000000 0.000005252555
0.125000000000 0.925000000000 0.000004490576
0.125000000000 0.937500000000 0.000003730076
0.125000000000 0.950000000000 0.000002975550
0.125000000000 0.962500000000 0.000002227611
0.125000000000 0.975000000000 0.000001479078
0.125000000000 0.987500000000 0.000000735069
0.125000000000 1.000000000000 0.000000000000

0.137500000000 0.000000000000 0.000000000000
0.137500000000 0.012500000000 0.000000810703
0.137500000000 0.025000000000 0.000001625185
0.137500000000 0.037500000000 0.000002449246
0.137500000000 0.050000000000 0.000003268475
0.137500000000 0.062500000000 0.000004099548
0.137500000000 0.075000000000 0.000004930562
0.137500000000 0.087500000000 0.000005772179
0.137500000000 0.100000000000 0.000006613772
0.137500000000 0.112500000000 0.000007456133
0.137500000000 0.125000000000 0.000008288970
0.137500000000 0.137500000000 0.000009098754
0.137500000000 0.150000000000 0.000009901878
0.137500000000 0.162500000000 0.000010684094
0.137500000000 0.175000000000 0.000011456386
0.137500000000 0.187500000000 0.000012216730
0.137500000000 0.200000000000 0.000012977183
0.137500000000 0.212500000000 0.000013727722
0.137500000000 0.225000000000 0.000014470174
0.137500000000 0.237500000000 0.000015204699
0.137500000000 0.250000000000 0.000015914830
0.137500000000 0.262500000000 0.000016602751
0.137500000000 0.275000000000 0.000017276115
0.137500000000 0.287500000000 0.000017929470
0.137500000000 0.300000000000 0.000018569256
0.137500000000 0.312500000000 0.000019186671
0.137500000000 0.325000000000 0.000019772491
0.137500000000 0.337500000000 0.000020339263
0.137500000000 0.350000000000 0.000020880179
0.137500000000 0.362500000000 0.000021401173
0.137500000000 0.375000000000 0.000021895533
0.137500000000 0.387500000000 0.000022358740
0.137500000000 0.400000000000 0.000022778926
0.137500000000 0.412500000000 0.000023164927
0.137500000000 0.425000000000 0.000023506585
0.137500000000 0.437500000000 0.000023801328
0.137500000000 0.450000000000 0.000024036777
0.137500000000 0.462500000000 0.000024214359
0.137500000000 0.475000000000 0.000024333358
0.137500000000 0.487500000000 0.000024406687
0.137500000000 0.500000000000 0.000024428819
0.137500000000 0.512500000000 0.000024406687
0.137500000000 0.525000000000 0.000024333358
0.137500000000 0.537500000000 0.000024214359
0.137500000000 0.550000000000 0.000024036777
0.137500000000 0.562500000000 0.000023801328
0.137500000000 0.575000000000 0.000023506585
0.137500000000 0.587500000000 0.000023164927
0.137500000000 0.600000000000 0.000022778926
0.137500000000 0.612500000000 0.000022358740
0.137500000000 0.625000000000 0.000021895533
0.137500000000 0.637500000000 0.000021401173
0.137500000000 0.650000000000 0.000020880179
0.137500000000 0.662500000000 0.000020339263
0.137500000000 0.675000000000 0.000019772491
0.137500000000 0.687500000000 0.000019186671
0.137500000000 0.700000000000 0.000018569256
0.137500000000 0.712500000000 0.000017929470
0.137500000000 0.725000000000 0.000017276115
0.137500000000 0.737500000000 0.000016602751
0.137500000000 0.750000000000 0.000015914830
0.137500000000 0.762500000000 0.000015204699
0.137500000000 0.775000000000 0.000014470174
0.137500000000 0.787500000000 0.000013727722
0.137500000000 0.800000000000 0.000012977183
0.137500000000 0.812500000000 0.000012216730
0.137500000000 0.825000000000 0.000011456386
0.137500000000 0.837500000000 0.000010684094
0.137500000000 0.850000000000 0.000009901878
0.137500000000 0.862500000000 0.000009098754
0.137500000000 0.875000000000 0.000008288970
0.137500000000 0.887500000000 0.000007456133
0.137500000000 0.900000000000 0.000006613772
0.137500000000 0.912500000000 0.000005772179
0.137500000000 0.925000000000 0.000004930562
0.137500000000 0.937500000000 0.000004099548
0.137500000000 0.950000000000 0.000003268475
0.137500000000 0.962500000000 0.000002449246
0.137500000000 0.975000000000 0.000001625185
0.137500000000 0.987500000000 0.000000810703
0.137500000000 1.000000000000 0.000000000000

0.150000000000 0.000000000000 0.000000000000
0.150000000000 0.012500000000 0.000000887249
0.150000000000 0.025000000000 0.000001771089
0.150000000000 0.037500000000 0.000002659789
0.150000000000 0.050000000000 0.000003553271
0.150000000000 0.062500000000 0.000004453485
0.150000000000 0.075000000000 0.000005361587
0.150000000000 0.087500000000 0.000006282383
0.150000000000 0.100000000000 0.000007198004
0.150000000000 0.112500000000 0.000008105554
0.150000000000 0.125000000000 0.000009007230
0.150000000000 0.137500000000 0.000009901878
0.150000000000 0.150000000000 0.000010777333
0.150000000000 0.162500000000 0.000011632327
0.150000000000 0.175000000000 0.000012475659
0.150000000000 0.187500000000 0.000013308716
0.150000000000 0.200000000000 0.000014134641
0.150000000000 0.212500000000 0.000014951659
0.150000000000 0.225000000000 0.000015772106
0.150000000000 0.237500000000 0.000016577877
0.150000000000 0.250000000000 0.000017357752
0.150000000000 0.262500000000 0.000018114385
0.150000000000 0.275000000000 0.000018851082
0.150000000000 0.287500000000 0.000019565075
0.150000000000 0.300000000000 0.000020267632
0.150000000000 0.312500000000 0.000020945673
0.150000000000 0.325000000000 0.000021593886
0.150000000000 0.337500000000 0.000022216100
0.150000000000 0.350000000000 0.000022820692
0.150000000000 0.362500000000 0.000023397324
0.150000000000 0.375000000000 0.000023944907
0.150000000000 0.387500000000 0.000024453471
0.150000000000 0.400000000000 0.000024911516
0.150000000000 0.412500000000 0.000025328895
0.150000000000 0.425000000000 0.000025695527
0.150000000000 0.437500000000 0.000026010057
0.150000000000 0.450000000000 0.000026268453
0.150000000000 0.462500000000 0.000026457766
0.150000000000 0.475000000000 0.000026588201
0.150000000000 0.487500000000 0.000026665044
0.150000000000 0.500000000000 0.000026685418
0.150000000000 0.512500000000 0.000026665044
0.150000000000 0.525000000000 0.000026588201
0.150000000000 0.537500000000 0.000026457766
0.150000000000 0.550000000000 0.000026268453
0.150000000000 0.562500000000 0.000026010057
0.150000000000 0.575000000000 0.000025695527
0.150000000000 0.587500000000 0.000025328895
0.150000000000 0.600000000000 0.000024911516
0.150000000000 0.612500000000 0.000024453471
0.150000000000 0.625000000000 0.000023944907
0.150000000000 0.637500000000 0.000023397324
0.150000000000 0.650000000000 0.000022820692
0.150000000000 0.662500000000 0.000022216100
0.150000000000 0.675000000000 0.000021593886
0.150000000000 0.687500000000 0.000020945673
0.150000000000 0.700000000000 0.000020267632
0.150000000000 0.712500000000 0.000019565075
0.150000000000 0.725000000000 0.000018851082
0.150000000000 0.737500000000 0.000018114385
0.150000000000 0.750000000000 0.000017357752
0.150000000000 0.762500000000 0.000016577877
0.150000000000 0.775000000000 0.000015772106
0.150000000000 0.787500000000 0.000014951659
0.150000000000 0.800000000000 0.000014134641
0.150000000000 0.812500000000 0.000013308716
0.150000000000 0.825000000000 0.000012475659
0.150000000000 0.837500000000 0.000011632327
0.150000000000 0.850000000000 0.000010777333
0.150000000000 0.862500000000 0.000009901878
0.150000000000 0.875000000000 0.000009007230
0.150000000000 0.887500000000 0.000008105554
0.150000000000 0.900000000000 0.000007198004
0.150000000000 0.912500000000 0.000006282383
0.150000000000 0.925000000000 0.000005361587
0.150000000000 0.937500000000 0.000004453485
0.150000000000 0.950000000000 0.000003553271
0.150000000000 0.962500000000 0.000002659789
0.150000000000 0.975000000000 0.000001771089
0.150000000000 0.987500000000 0.000000887249
0.150000000000 1.000000000000 0.000000000000

0.162500000000 0.000000000000 0.000000000000
0.162500000000 0.012500000000 0.000000958859
0.162500000000 0.025000000000 0.000001908086
0.162500000000 0.037500000000 0.000002865220
0.162500000000 0.050000000000 0.000003829320
0.162500000000 0.062500000000 0.000004801934
0.162500000000 0.075000000000 0.000005779390
0.162500000000 0.087500000000 0.000006773100
0.162500000000 0.100000000000 0.000007759440
0.162500000000 0.112500000000 0.000008738837
0.162500000000 0.125000000000 0.000009718401
0.162500000000 0.137500000000 0.000010684094
0.162500000000 0.150000000000 0.000011632327
0.162500000000 0.162500000000 0.000012560664
0.162500000000 0.175000000000 0.000013479985
0.162500000000 0.187500000000 0.000014379234
0.162500000000 0.200000000000 0.000015280590
0.162500000000 0.212500000000 0.000016176202
0.162500000000 0.225000000000 0.000017059261
0.162500000000 0.237500000000 0.000017930868
0.162500000000 0.250000000000 0.000018787171
0.162500000000 0.262500000000 0.000019618087
0.162500000000 0.275000000000 0.000020413566
0.162500000000 0.287500000000 0.000021191031
0.162500000000 0.300000000000 0.000021957863
0.162500000000 0.312500000000 0.000022700515
0.162500000000 0.325000000000 0.000023417116
0.162500000000 0.337500000000 0.000024110159
0.162500000000 0.350000000000 0.000024771094
0.162500000000 0.362500000000 0.000025403446
0.162500000000 0.375000000000 0.000025999878
0.162500000000 0.387500000000 0.000026552184
0.162500000000 0.400000000000 0.000027049885
0.162500000000 0.412500000000 0.000027502789
0.162500000000 0.425000000000 0.000027891783
0.162500000000 0.437500000000 0.000028228032
0.162500000000 0.450000000000 0.000028506105
0.162500000000 0.462500000000 0.000028711936
0.162500000000 0.475000000000 0.000028856408
0.162500000000 0.487500000000 0.000028942345
0.162500000000 0.500000000000 0.000028963020
0.162500000000 0.512500000000 0.000028942345
0.162500000000 0.525000000000 0.000028856408
0.162500000000 0.537500000000 0.000028711936
0.162500000000 0.550000000000 0.000028506105
0.162500000000 0.562500000000 0.000028228032
0.162500000000 0.575000000000 0.000027891783
0.162500000000 0.587500000000 0.000027502789
0.162500000000 0.600000000000 0.000027049885
0.162500000000 0.612500000000 0.000026552184
0.162500000000 0.625000000000 0.000025999878
0.162500000000 0.637500000000 0.000025403446
0.162500000000 0.650000000000 0.000024771094
0.162500000000 0.662500000000 0.000024110159
0.162500000000 0.675000000000 0.000023417116
0.162500000000 0.687500000000 0.000022700515
0.162500000000 0.700000000000 0.000021957863
0.162500000000 0.712500000000 0.000021191031
0.162500000000 0.725000000000 0.000020413566
0.162500000000 0.737500000000 0.000019618087
0.162500000000 0.750000000000 0.000018787171
0.162500000000 0.762500000000 0.000017930868
0.162500000000 0.775000000000 0.000017059261
0.162500000000 0.787500000000 0.000016176202
0.162500000000 0.800000000000 0.000015280590
0.162500000000 0.812500000000 0.000014379234
0.162500000000 0.825000000000 0.000013479985
0.162500000000 0.837500000000 0.000012560664
0.162500000000 0.850000000000 0.000011632327
0.162500000000 0.862500000000 0.000010684094
0.162500000000 0.875000000000 0.000009718401
0.162500000000 0.887500000000 0.000008738837
0.162500000000 0.900000000000 0.000007759440
0.162500000000 0.912500000000 0.000006773100
0.162500000000 0.925000000000 0.000005779390
0.162500000000 0.937500000000 0.000004801934
0.162500000000 0.950000000000 0.000003829320
0.162500000000 0.962500000000 0.000002865220
0.162500000000 0.975000000000 0.000001908086
0.162500000000 0.987500000000 0.000000958859
0.162500000000 1.000000000000 0.000000000000

0.175000000000 0.000000000000 0.000000000000
0.175000000000 0.012500000000 0.000001021944
0.175000000000 0.025000000000 0.000002039121
0.175000000000 0.037500000000 0.000003066579
0.175000000000 0.050000000000 0.000004103886
0.175000000000 0.062500000000 0.000005145188
0.175000000000 0.075000000000 0.000006189835
0.175000000000 0.087500000000 0.000007248976
0.175000000000 0.100000000000 0.000008306470
0.175000000000 0.112500000000 0.000009365465
0.175000000000 0.125000000000 0.000010421337
0.175000000000 0.137500000000 0.000011456386
0.175000000000 0.150000000000 0.000012475659
0.175000000000 0.162500000000 0.000013479985
0.175000000000 0.175000000000 0.000014469762
0.175000000000 0.187500000000 0.000015435058
0.175000000000 0.200000000000 0.000016411657
0.175000000000 0.212500000000 0.000017382476
0.175000000000 0.225000000000 0.000018335238
0.175000000000 0.237500000000 0.000019278039
0.175000000000 0.250000000000 0.000020196400
0.175000000000 0.262500000000 0.000021091388
0.175000000000 0.275000000000 0.000021959368
0.175000000000 0.287500000000 0.000022811633
0.175000000000 0.300000000000 0.000023646819
0.175000000000 0.312500000000 0.000024460232
0.175000000000 0.325000000000 0.000025247523
0.175000000000 0.337500000000 0.000025998874
0.175000000000 0.350000000000 0.000026720101
0.175000000000 0.362500000000 0.000027410428
0.175000000000 0.375000000000 0.000028050979
0.175000000000 0.387500000000 0.000028653404
0.175000000000 0.400000000000 0.000029196994
0.175000000000 0.412500000000 0.000029679465
0.175000000000 0.425000000000 0.000030100018
0.175000000000 0.437500000000 0.000030457763
0.175000000000 0.450000000000 0.000030752598
0.175000000000 0.462500000000 0.000030981353
0.175000000000 0.475000000000 0.000031138493
0.175000000000 0.487500000000 0.000031231895
0.175000000000 0.500000000000 0.000031260052
0.175000000000 0.512500000000 0.000031231895
0.175000000000 0.525000000000 0.000031138493
0.175000000000 0.537500000000 0.000030981353
0.175000000000 0.550000000000 0.000030752598
0.175000000000 0.562500000000 0.000030457763
0.175000000000 0.575000000000 0.000030100018
0.175000000000 0.587500000000 0.000029679465
0.175000000000 0.600000000000 0.000029196994
0.175000000000 0.612500000000 0.000028653404
0.175000000000 0.625000000000 0.000028050979
0.175000000000 0.637500000000 0.000027410428
0.175000000000 0.650000000000 0.000026720101
0.175000000000 0.662500000000 0.000025998874
0.175000000000 0.675000000000 0.000025247523
0.175000000000 0.687500000000 0.000024460232
0.175000000000 0.700000000000 0.000023646819
0.175000000000 0.712500000000 0.000022811633
0.175000000000 0.725000000000 0.000021959368
0.175000000000 0.737500000000 0.000021091388
0.175000000000 0.750000000000 0.000020196400
0.175000000000 0.762500000000 0.000019278039
0.175000000000 0.775000000000 0.000018335238
0.175000000000 0.787500000000 0.000017382476
0.175000000000 0.800000000000 0.000016411657
0.175000000000 0.812500000000 0.000015435058
0.175000000000 0.825000000000 0.000014469762
0.175000000000 0.837500000000 0.000013479985
0.175000000000 0.850000000000 0.000012475659
0.175000000000 0.862500000000 0.000011456386
0.175000000000 0.875000000000 0.000010421337
0.175000000000 0.887500000000 0.000009365465
0.175000000000 0.900000000000 0.000008306470
0.175000000000 0.912500000000 0.000007248976
0.175000000000 0.925000000000 0.000006189835
0.175000000000 0.937500000000 0.000005145188
0.175000000000 0.950000000000 0.000004103886
0.175000000000 0.962500000000 0.000003066579
0.175000000000 0.975000000000 0.000002039121
0.175000000000 0.987500000000 0.000001021944
0.175000000000 1.000000000000 0.000000000000

0.187500000000 0.000000000000 0.000000000000
0.187500000000 0.012500000000 0.000001086298
0.187500000000 0.025000000000 0.000002173358
0.187500000000 0.037500000000 0.000003275553
0.187500000000 0.050000000000 0.000004378408
0.187500000000 0.062500000000 0.000005491114
0.187500000000 0.075000000000 0.000006603196
0.187500000000 0.087500000000 0.000007730014
0.187500000000 0.100000000000 0.000008855198
0.187500000000 0.112500000000 0.000009984998
0.187500000000 0.125000000000 0.000011113463
0.187500000000 0.137500000000 0.000012216730
0.187500000000 0.150000000000 0.000013308716
0.187500000000 0.162500000000 0.000014379234
0.187500000000 0.175000000000 0.000015435058
0.187500000000 0.187500000000 0.000016474824
0.187500000000 0.200000000000 0.000017529183
0.187500000000 0.212500000000 0.000018573493
0.187500000000 0.225000000000 0.000019596801
0.187500000000 0.237500000000 0.000020608545
0.187500000000 0.250000000000 0.000021596758
0.187500000000 0.262500000000 0.000022560437
0.187500000000 0.275000000000 0.000023505677
0.187500000000 0.287500000000 0.000024426145
0.187500000000 0.300000000000 0.000025329785
0.187500000000 0.312500000000 0.000026216257
0.187500000000 0.325000000000 0.000027068274
0.187500000000 0.337500000000 0.000027890697
0.187500000000 0.350000000000 0.000028676179
0.187500000000 0.362500000000 0.000029419200
0.187500000000 0.375000000000 0.000030110775
0.187500000000 0.387500000000 0.000030761939
0.187500000000 0.400000000000 0.000031348549
0.187500000000 0.412500000000 0.000031871438
0.187500000000 0.425000000000 0.000032320264
0.187500000000 0.437500000000 0.000032701756
0.187500000000 0.450000000000 0.000033015578
0.187500000000 0.462500000000 0.000033265803
0.187500000000 0.475000000000 0.000033438797
0.187500000000 0.487500000000 0.000033545634
0.187500000000 0.500000000000 0.000033578366
0.187500000000 0.512500000000 0.000033545634
0.187500000000 0.525000000000 0.000033438797
0.187500000000 0.537500000000 0.000033265803
0.187500000000 0.550000000000 0.000033015578
0.187500000000 0.562500000000 0.000032701756
0.187500000000 0.575000000000 0.000032320264
0.187500000000 0.587500000000 0.000031871438
0.187500000000 0.600000000000 0.000031348549
0.187500000000 0.612500000000 0.000030761939
0.187500000000 0.625000000000 0.000030110775
0.187500000000 0.637500000000 0.000029419200
0.187500000000 0.650000000000 0.000028676179
0.187500000000 0.662500000000 0.000027890697
0.187500000000 0.675000000000 0.000027068274
0.187500000000 0.687500000000 0.000026216257
0.187500000000 0.700000000000 0.000025329785
0.187500000000 0.712500000000 0.000024426145
0.187500000000 0.725000000000 0.000023505677
0.187500000000 0.737500000000 0.000022560437
0.187500000000 0.750000000000 0.000021596758
0.187500000000 0.762500000000 0.000020608545
0.187500000000 0.775000000000 0.000019596801
0.187500000000 0.787500000000 0.000018573493
0.187500000000 0.800000000000 0.000017529183
0.187500000000 0.812500000000 0.000016474824
0.187500000000 0.825000000000 0.000015435058
0.187500000000 0.837500000000 0.000014379234
0.187500000000 0.850000000000 0.000013308716
0.187500000000 0.862500000000 0.000012216730
0.187500000000 0.875000000000 0.000011113463
0.187500000000 0.887500000000 0.000009984998
0.187500000000 0.900000000000 0.000008855198
0.187500000000 0.912500000000 0.000007730014
0.187500000000 0.925000000000 0.000006603196
0.187500000000 0.937500000000 0.000005491114
0.187500000000 0.950000000000 0.000004378408
0.187500000000 0.962500000000 0.000003275553
0.187500000000 0.975000000000 0.000002173358
0.187500000000 0.987500000000 0.000001086298
0.187500000000 1.000000000000 0.000000000000

0.200000000000 0.000000000000 0.000000000000
0.200000000000 0.012500000000 0.000001153558
0.200000000000 0.025000000000 0.000002311818
0.200000000000 0.037500000000 0.000003478726
0.200000000000 0.050000000000 0.000004645474
0.200000000000 0.062500000000 0.000005824945
0.200000000000 0.075000000000 0.000007012372
0.200000000000 0.087500000000 0.000008208045
0.200000000000 0.100000000000 0.000009403018
0.200000000000 0.112500000000 0.000010603817
0.200000000000 0.125000000000 0.000011802133
0.200000000000 0.137500000000 0.000012977183
0.200000000000 0.150000000000 0.000014134641
0.200000000000 0.162500000000 0.000015280590
0.200000000000 0.175000000000 0.000016411657
0.200000000000 0.187500000000 0.000017529183
0.200000000000 0.200000000000 0.000018646871
0.200000000000 0.212500000000 0.000019755541
0.200000000000 0.225000000000 0.000020850498
0.200000000000 0.237500000000 0.000021925449
0.200000000000 0.250000000000 0.000022983577
0.200000000000 0.262500000000 0.000024019777
0.200000000000 0.275000000000 0.000025039460
0.200000000000 0.287500000000 0.000026032537
0.200000000000 0.300000000000 0.000027008832
0.200000000000 0.312500000000 0.000027963330
0.200000000000 0.325000000000 0.000028881583
0.200000000000 0.337500000000 0.000029774547
0.200000000000 0.350000000000 0.000030628549
0.200000000000 0.362500000000 0.000031422422
0.200000000000 0.375000000000 0.000032168962
0.200000000000 0.387500000000 0.000032862618
0.200000000000 0.400000000000 0.000033490596
0.200000000000 0.412500000000 0.000034057784
0.200000000000 0.425000000000 0.000034538716
0.200000000000 0.437500000000 0.000034947947
0.200000000000 0.450000000000 0.000035290771
0.200000000000 0.462500000000 0.000035556329
0.200000000000 0.475000000000 0.000035749923
0.200000000000 0.487500000000 0.000035869313
0.200000000000 0.500000000000 0.000035903315
0.200000000000 0.512500000000 0.000035869313
0.200000000000 0.525000000000 0.000035749923
0.200000000000 0.537500000000 0.000035556329
0.200000000000 0.550000000000 0.000035290771
0.200000000000 0.562500000000 0.000034947947
0.200000000000 0.575000000000 0.000034538716
0.200000000000 0.587500000000 0.000034057784
0.200000000000 0.600000000000 0.000033490596
0.200000000000 0.612500000000 0.000032862618
0.200000000000 0.625000000000 0.000032168962
0.200000000000 0.637500000000 0.000031422422
0.200000000000 0.650000000000 0.000030628549
0.200000000000 0.662500000000 0.000029774547
0.200000000000 0.675000000000 0.000028881583
0.200000000000 0.687500000000 0.000027963330
0.200000000000 0.700000000000 0.000027008832
0.200000000000 0.712500000000 0.000026032537
0.200000000000 0.725000000000 0.000025039460
0.200000000000 0.737500000000 0.000024019777
0.200000000000 0.750000000000 0.000022983577
0.200000000000 0.762500000000 0.000021925449
0.200000000000 0.775000000000 0.000020850498
0.200000000000 0.787500000000 0.000019755541
0.200000000000 0.800000000000 0.000018646871
0.200000000000 0.812500000000 0.000017529183
0.200000000000 0.825000000000 0.000016411657
0.200000000000 0.837500000000 0.000015280590
0.200000000000 0.850000000000 0.000014134641
0.200000000000 0.862500000000 0.000012977183
0.200000000000 0.875000000000 0.000011802133
0.200000000000 0.887500000000 0.000010603817
0.200000000000 0.900000000000 0.000009403018
0.200000000000 0.912500000000 0.000008208045
0.200000000000 0.925000000000 0.000007012372
0.200000000000 0.937500000000 0.000005824945
0.200000000000 0.950000000000 0.000004645474
0.200000000000 0.962500000000 0.000003478726
0.200000000000 0.975000000000 0.000002311818
0.200000000000 0.987500000000 0.000001153558
0.200000000000 1.000000000000 0.000000000000

0.212500000000 0.000000000000 0.000000000000
0.212500000000 0.012500000000 0.000001223532
0.212500000000 0.025000000000 0.000002453384
0.212500000000 0.037500000000 0.000003679333
0.212500000000 0.050000000000 0.000004915641
0.212500000000 0.062500000000 0.000006157434
0.212500000000 0.075000000000 0.000007420084
0.212500000000 0.087500000000 0.000008684397
0.212500000000 0.100000000000 0.000009952946
0.212500000000 0.112500000000 0.000011223399
0.212500000000 0.125000000000 0.000012482690
0.212500000000 0.137500000000 0.000013727722
0.212500000000 0.150000000000 0.000014951659
0.212500000000 0.162500000000 0.000016176202
0.212500000000 0.175000000000 0.000017382476
0.212500000000 0.187500000000 0.000018573493
0.212500000000 0.200000000000 0.000019755541
0.212500000000 0.212500000000 0.000020929139
0.212500000000 0.225000000000 0.000022090166
0.212500000000 0.237500000000 0.000023232912
0.212500000000 0.250000000000 0.000024359158
0.212500000000 0.262500000000 0.000025470980
0.212500000000 0.275000000000 0.000026559914
0.212500000000 0.287500000000 0.000027633469
0.212500000000 0.300000000000 0.000028683822
0.212500000000 0.312500000000 0.000029702231
0.212500000000 0.325000000000 0.000030692635
0.212500000000 0.337500000000 0.000031648661
0.212500000000 0.350000000000 0.000032568459
0.212500000000 0.362500000000 0.000033422662
0.212500000000 0.375000000000 0.000034222132
0.212500000000 0.387500000000 0.000034961825
0.212500000000 0.400000000000 0.000035637682
0.212500000000 0.412500000000 0.000036241865
0.212500000000 0.425000000000 0.000036761016
0.212500000000 0.437500000000 0.000037197880
0.212500000000 0.450000000000 0.000037569848
0.212500000000 0.462500000000 0.000037856537
0.212500000000 0.475000000000 0.000038075794
0.212500000000 0.487500000000 0.000038209456
0.212500000000 0.500000000000 0.000038251820
0.212500000000 0.512500000000 0.000038209456
0.212500000000 0.525000000000 0.000038075794
0.212500000000 0.537500000000 0.000037856537
0.212500000000 0.550000000000 0.000037569848
0.212500000000 0.562500000000 0.000037197880
0.212500000000 0.575000000000 0.000036761016
0.212500000000 0.587500000000 0.000036241865
0.212500000000 0.600000000000 0.000035637682
0.212500000000 0.612500000000 0.000034961825
0.212500000000 0.625000000000 0.000034222132
0.212500000000 0.637500000000 0.000033422662
0.212500000000 0.650000000000 0.000032568459
0.212500000000 0.662500000000 0.000031648661
0.212500000000 0.675000000000 0.000030692635
0.212500000000 0.687500000000 0.000029702231
0.212500000000 0.700000000000 0.000028683822
0.212500000000 0.712500000000 0.000027633469
0.212500000000 0.725000000000 0.000026559914
0.212500000000 0.737500000000 0.000025470980
0.212500000000 0.750000000000 0.000024359158
0.212500000000 0.762500000000 0.000023232912
0.212500000000 0.775000000000 0.000022090166
0.212500000000 0.787500000000 0.000020929139
0.212500000000 0.800000000000 0.000019755541
0.212500000000 0.812500000000 0.000018573493
0.212500000000 0.825000000000 0.000017382476
0.212500000000 0.837500000000 0.000016176202
0.212500000000 0.850000000000 0.000014951659
0.212500000000 0.862500000000 0.000013727722
0.212500000000 0.875000000000 0.000012482690
0.212500000000 0.887500000000 0.000011223399
0.212500000000 0.900000000000 0.000009952946
0.212500000000 0.912500000000 0.000008684397
0.212500000000 0.925000000000 0.000007420084
0.212500000000 0.937500000000 0.000006157434
0.212500000000 0.950000000000 0.000004915641
0.212500000000 0.962500000000 0.000003679333
0.212500000000 0.975000000000 0.000002453384
0.212500000000 0.987500000000 0.000001223532
0.212500000000 1.000000000000 0.000000000000

0.225000000000 0.000000000000 0.000000000000
0.225000000000 0.012500000000 0.000001292243
0.225000000000 0.025000000000 0.000002585652
0.225000000000 0.037500000000 0.000003880755
0.225000000000 0.050000000000 0.000005183231
0.225000000000 0.062500000000 0.000006495571
0.225000000000 0.075000000000 0.000007821485
0.225000000000 0.087500000000 0.000009158034
0.225000000000 0.100000000000 0.000010497256
0.225000000000 0.112500000000 0.000011830733
0.225000000000 0.125000000000 0.000013156301
0.225000000000 0.137500000000 0.000014470174
0.225000000000 0.150000000000 0.000015772106
0.225000000000 0.162500000000 0.000017059261
0.225000000000 0.175000000000 0.000018335238
0.225000000000 0.187500000000 0.000019596801
0.225000000000 0.200000000000 0.000020850498
0.225000000000 0.212500000000 0.000022090166
0.225000000000 0.225000000000 0.000023311067
0.225000000000 0.237500000000 0.000024525098
0.225000000000 0.250000000000 0.000025724807
0.225000000000 0.262500000000 0.000026909776
0.225000000000 0.275000000000 0.000028073713
0.225000000000 0.287500000000 0.000029227356
0.225000000000 0.300000000000 0.000030350581
0.225000000000 0.312500000000 0.000031435956
0.225000000000 0.325000000000 0.000032490556
0.225000000000 0.337500000000 0.000033512626
0.225000000000 0.350000000000 0.000034489071
0.225000000000 0.362500000000 0.000035410099
0.225000000000 0.375000000000 0.000036261310
0.225000000000 0.387500000000 0.000037051332
0.225000000000 0.400000000000 0.000037776583
0.225000000000 0.412500000000 0.000038423500
0.225000000000 0.425000000000 0.000038983985
0.225000000000 0.437500000000 0.000039460485
0.225000000000 0.450000000000 0.000039856702
0.225000000000 0.462500000000 0.000040171848
0.225000000000 0.475000000000 0.000040407671
0.225000000000 0.487500000000 0.000040554851
0.225000000000 0.500000000000 0.000040604318
0.225000000000 0.512500000000 0.000040554851
0.225000000000 0.525000000000 0.000040407671
0.225000000000 0.537500000000 0.000040171848
0.225000000000 0.550000000000 0.000039856702
0.225000000000 0.562500000000 0.000039460485
0.225000000000 0.575000000000 0.000038983985
0.225000000000 0.587500000000 0.000038423500
0.225000000000 0.600000000000 0.000037776583
0.225000000000 0.612500000000 0.000037051332
0.225000000000 0.625000000000 0.000036261310
0.225000000000 0.637500000000 0.000035410099
0.225000000000 0.650000000000 0.000034489071
0.225000000000 0.662500000000 0.000033512626
0.225000000000 0.675000000000 0.000032490556
0.225000000000 0.687500000000 0.000031435956
0.225000000000 0.700000000000 0.000030350581
0.225000000000 0.712500000000 0.000029227356
0.225000000000 0.725000000000 0.000028073713
0.225000000000 0.737500000000 0.000026909776
0.225000000000 0.750000000000 0.000025724807
0.225000000000 0.762500000000 0.000024525098
0.225000000000 0.775000000000 0.000023311067
0.225000000000 0.787500000000 0.000022090166
0.225000000000 0.800000000000 0.000020850498
0.225000000000 0.812500000000 0.000019596801
0.225000000000 0.825000000000 0.000018335238
0.225000000000 0.837500000000 0.000017059261
0.225000000000 0.850000000000 0.000015772106
0.225000000000 0.862500000000 0.000014470174
0.225000000000 0.875000000000 0.000013156301
0.225000000000 0.887500000000 0.000011830733
0.225000000000 0.900000000000 0.000010497256
0.225000000000 0.912500000000 0.000009158034
0.225000000000 0.925000000000 0.000007821485
0.225000000000 0.937500000000 0.000006495571
0.225000000000 0.950000000000 0.000005183231
0.225000000000 0.962500000000 0.000003880755
0.225000000000 0.975000000000 0.000002585652
0.225000000000 0.987500000000 0.000001292243
0.225000000000 1.000000000000 0.000000000000

0.237500000000 0.000000000000 0.000000000000
0.237500000000 0.012500000000 0.000001355469
0.237500000000 0.025000000000 0.000002710454
0.237500000000 0.037500000000 0.000004074984
0.237500000000 0.050000000000 0.000005446957
0.237500000000 0.062500000000 0.000006829166
0.237500000000 0.075000000000 0.000008217171
0.237500000000 0.087500000000 0.000009618819
0.237500000000 0.100000000000 0.000011020943
0.237500000000 0.112500000000 0.000012419525
0.237500000000 0.125000000000 0.000013817742
0.237500000000 0.137500000000 0.000015204699
0.237500000000 0.150000000000 0.000016577877
0.237500000000 0.162500000000 0.000017930868
0.237500000000 0.175000000000 0.000019278039
0.237500000000 0.187500000000 0.000020608545
0.237500000000 0.200000000000 0.000021925449
0.237500000000 0.212500000000 0.000023232912
0.237500000000 0.225000000000 0.000024525098
0.237500000000 0.237500000000 0.000025809985
0.237500000000 0.250000000000 0.000027080068
0.237500000000 0.262500000000 0.000028338859
0.237500000000 0.275000000000 0.000029581892
0.237500000000 0.287500000000 0.000030803487
0.237500000000 0.300000000000 0.000031999833
0.237500000000 0.312500000000 0.000033156169
0.237500000000 0.325000000000 0.000034274526
0.237500000000 0.337500000000 0.000035361663
0.237500000000 0.350000000000 0.000036401829
0.237500000000 0.362500000000 0.000037384132
0.237500000000 0.375000000000 0.000038287789
0.237500000000 0.387500000000 0.000039128500
0.237500000000 0.400000000000 0.000039902556
0.237500000000 0.412500000000 0.000040592508
0.237500000000 0.425000000000 0.000041205733
0.237500000000 0.437500000000 0.000041726505
0.237500000000 0.450000000000 0.000042151338
0.237500000000 0.462500000000 0.000042497567
0.237500000000 0.475000000000 0.000042744545
0.237500000000 0.487500000000 0.000042899204
0.237500000000 0.500000000000 0.000042958222
0.237500000000 0.512500000000 0.000042899204
0.237500000000 0.525000000000 0.000042744545
0.237500000000 0.537500000000 0.000042497567
0.237500000000 0.550000000000 0.000042151338
0.237500000000 0.562500000000 0.000041726505
0.237500000000 0.575000000000 0.000041205733
0.237500000000 0.587500000000 0.000040592508
0.237500000000 0.600000000000 0.000039902556
0.237500000000 0.612500000000 0.000039128500
0.237500000000 0.625000000000 0.000038287789
0.237500000000 0.637500000000 0.000037384132
0.237500000000 0.650000000000 0.000036401829
0.237500000000 0.662500000000 0.000035361663
0.237500000000 0.675000000000 0.000034274526
0.237500000000 0.687500000000 0.000033156169
0.237500000000 0.700000000000 0.000031999833
0.237500000000 0.712500000000 0.000030803487
0.237500000000 0.725000000000 0.000029581892
0.237500000000 0.737500000000 0.000028338859
0.237500000000 0.750000000000 0.000027080068
0.237500000000 0.762500000000 0.000025809985
0.237500000000 0.775000000000 0.000024525098
0.237500000000 0.787500000000 0.000023232912
0.237500000000 0.800000000000 0.000021925449
0.237500000000 0.812500000000 0.000020608545
0.237500000000 0.825000000000 0.000019278039
0.237500000000 0.837500000000 0.000017930868
0.237500000000 0.850000000000 0.000016577877
0.237500000000 0.862500000000 0.000015204699
0.237500000000 0.875000000000 0.000013817742
0.237500000000 0.887500000000 0.000012419525
0.237500000000 0.900000000000 0.000011020943
0.237500000000 0.912500000000 0.000009618819
0.237500000000 0.925000000000 0.000008217171
0.237500000000 0.937500000000 0.000006829166
0.237500000000 0.950000000000 0.000005446957
0.237500000000 0.962500000000 0.000004074984
0.237500000000 0.975000000000 0.000002710454
0.237500000000 0.987500000000 0.000001355469
0.237500000000 1.000000000000 0.000000000000

0.250000000000 0.000000000000 0.000000000000
0.250000000000 0.012500000000 0.000001416074
0.250000000000 0.025000000000 0.000002831063
0.250000000000 0.037500000000 0.000004262353
0.250000000000 0.050000000000 0.000005699738
0.250000000000 0.062500000000 0.000007149116
0.250000000000 0.075000000000 0.000008598975
0.250000000000 0.087500000000 0.000010060822
0.250000000000 0.100000000000 0.000011525357
0.250000000000 0.112500000000 0.000012991361
0.250000000000 0.125000000000 0.000014457907
0.250000000000 0.137500000000 0.000015914830
0.250000000000 0.150000000000 0.000017357752
0.250000000000 0.162500000000 0.000018787171
0.250000000000 0.175000000000 0.000020196400
0.250000000000 0.187500000000 0.000021596758
0.250000000000 0.200000000000 0.000022983577
0.250000000000 0.212500000000 0.000024359158
0.250000000000 0.225000000000 0.000025724807
0.250000000000 0.237500000000 0.000027080068
0.250000000000 0.250000000000 0.000028438403
0.250000000000 0.262500000000 0.000029763194
0.250000000000 0.275000000000 0.000031079032
0.250000000000 0.287500000000 0.000032369541
0.250000000000 0.300000000000 0.000033637086
0.250000000000 0.312500000000 0.000034863353
0.250000000000 0.325000000000 0.000036051368
0.250000000000 0.337500000000 0.000037203710
0.250000000000 0.350000000000 0.000038307337
0.250000000000 0.362500000000 0.000039347783
0.250000000000 0.375000000000 0.000040319556
0.250000000000 0.387500000000 0.000041210081
0.250000000000 0.400000000000 0.000042031867
0.250000000000 0.412500000000 0.000042772762
0.250000000000 0.425000000000 0.000043424142
0.250000000000 0.437500000000 0.000043988957
0.250000000000 0.450000000000 0.000044453772
0.250000000000 0.462500000000 0.000044824350
0.250000000000 0.475000000000 0.000045097618
0.250000000000 0.487500000000 0.000045269155
0.250000000000 0.500000000000 0.000045327500
0.250000000000 0.512500000000 0.000045269155
0.250000000000 0.525000000000 0.000045097618
0.250000000000 0.537500000000 0.000044824350
0.250000000000 0.550000000000 0.000044453772
0.250000000000 0.562500000000 0.000043988957
0.250000000000 0.575000000000 0.000043424142
0.250000000000 0.587500000000 0.000042772762
0.250000000000 0.600000000000 0.000042031867
0.250000000000 0.612500000000 0.000041210081
0.250000000000 0.625000000000 0.000040319556
0.250000000000 0.637500000000 0.000039347783
0.250000000000 0.650000000000 0.000038307337
0.250000000000 0.662500000000 0.000037203710
0.250000000000 0.675000000000 0.000036051368
0.250000000000 0.687500000000 0.000034863353
0.250000000000 0.700000000000 0.000033637086
0.250000000000 0.712500000000 0.000032369541
0.250000000000 0.725000000000 0.000031079032
0.250000000000 0.737500000000 0.000029763194
0.250000000000 0.750000000000 0.000028438403
0.250000000000 0.762500000000 0.000027080068
0.250000000000 0.775000000000 0.000025724807
0.250000000000 0.787500000000 0.000024359158
0.250000000000 0.800000000000 0.000022983577
0.250000000000 0.812500000000 0.000021596758
0.250000000000 0.825000000000 0.000020196400
0.250000000000 0.837500000000 0.000018787171
0.250000000000 0.850000000000 0.000017357752
0.250000000000 0.862500000000 0.000015914830
0.250000000000 0.875000000000 0.000014457907
0.250000000000 0.887500000000 0.000012991361
0.250000000000 0.900000000000 0.000011525357
0.250000000000 0.912500000000 0.000010060822
0.250000000000 0.925000000000 0.000008598975
0.250000000000 0.937500000000 0.000007149116
0.250000000000 0.950000000000 0.000005699738
0.250000000000 0.962500000000 0.000004262353
0.250000000000 0.975000000000 0.000002831063
0.250000000000 0.987500000000 0.000001416074
0.250000000000 1.000000000000 0.000000000000

0.262500000000 0.000000000000 0.000000000000
0.262500000000 0.012500000000 0.000001475188
0.262500000000 0.025000000000 0.000002954381
0.262500000000 0.037500000000 0.000004440850
0.262500000000 0.050000000000 0.000005941902
0.262500000000 0.062500000000 0.000007446117
0.262500000000 0.075000000000 0.000008962980
0.262500000000 0.087500000000 0.000010484772
0.262500000000 0.100000000000 0.000012014954
0.262500000000 0.112500000000 0.000013549883
0.262500000000 0.125000000000 0.000015078405
0.262500000000 0.137500000000 0.000016602751
0.262500000000 0.150000000000 0.000018114385
0.262500000000 0.162500000000 0.000019618087
0.262500000000 0.175000000000 0.000021091388
0.262500000000 0.187500000000 0.000022560437
0.262500000000 0.200000000000 0.000024019777
0.262500000000 0.212500000000 0.000025470980
0.262500000000 0.225000000000 0.000026909776
0.262500000000 0.237500000000 0.000028338859
0.262500000000 0.250000000000 0.000029763194
0.262500000000 0.262500000000 0.000031172631
0.262500000000 0.275000000000 0.000032568426
0.262500000000 0.287500000000 0.000033933581
0.262500000000 0.300000000000 0.000035272038
0.262500000000 0.312500000000 0.000036566137
0.262500000000 0.325000000000 0.000037823413
0.262500000000 0.337500000000 0.000039037770
0.262500000000 0.350000000000 0.000040209842
0.262500000000 0.362500000000 0.000041313951
0.262500000000 0.375000000000 0.000042346937
0.262500000000 0.387500000000 0.000043292886
0.262500000000 0.400000000000 0.000044166566
0.262500000000 0.412500000000 0.000044951413
0.262500000000 0.425000000000 0.000045659070
0.262500000000 0.437500000000 0.000046268163
0.262500000000 0.450000000000 0.000046776467
0.262500000000 0.462500000000 0.000047176274
0.262500000000 0.475000000000 0.000047469897
0.262500000000 0.487500000000 0.000047647597
0.262500000000 0.500000000000 0.000047713694
0.262500000000 0.512500000000 0.000047647597
0.262500000000 0.525000000000 0.000047469897
0.262500000000 0.537500000000 0.000047176274
0.262500000000 0.550000000000 0.000046776467
0.262500000000 0.562500000000 0.000046268163
0.262500000000 0.575000000000 0.000045659070
0.262500000000 0.587500000000 0.000044951413
0.262500000000 0.600000000000 0.000044166566
0.262500000000 0.612500000000 0.000043292886
0.262500000000 0.625000000000 0.000042346937
0.262500000000 0.637500000000 0.000041313951
0.262500000000 0.650000000000 0.000040209842
0.262500000000 0.662500000000 0.000039037770
0.262500000000 0.675000000000 0.000037823413
0.262500000000 0.687500000000 0.000036566137
0.262500000000 0.700000000000 0.000035272038
0.262500000000 0.712500000000 0.000033933581
0.262500000000 0.725000000000 0.000032568426
0.262500000000 0.737500000000 0.000031172631
0.262500000000 0.750000000000 0.000029763194
0.262500000000 0.762500000000 0.000028338859
0.262500000000 0.775000000000 0.000026909776
0.262500000000 0.787500000000 0.000025470980
0.262500000000 0.800000000000 0.000024019777
0.262500000000 0.812500000000 0.000022560437
0.262500000000 0.825000000000 0.000021091388
0.262500000000 0.837500000000 0.000019618087
0.262500000000 0.850000000000 0.000018114385
0.262500000000 0.862500000000 0.000016602751
0.262500000000 0.875000000000 0.000015078405
0.262500000000 0.887500000000 0.000013549883
0.262500000000 0.900000000000 0.000012014954
0.262500000000 0.912500000000 0.000010484772
0.262500000000 0.925000000000 0.000008962980
0.262500000000 0.937500000000 0.000007446117
0.262500000000 0.950000000000 0.000005941902
0.262500000000 0.962500000000 0.000004440850
0.262500000000 0.975000000000 0.000002954381
0.262500000000 0.987500000000 0.000001475188
0.262500000000 1.000000000000 0.000000000000

0.275000000000 0.000000000000 0.000000000000
0.275000000000 0.012500000000 0.000001536528
0.275000000000 0.025000000000 0.000003075752
0.275000000000 0.037500000000 0.000004620006
0.275000000000 0.050000000000 0.000006172732
0.275000000000 0.062500000000 0.000007735055
0.275000000000 0.075000000000 0.000009313772
0.275000000000 0.087500000000 0.000010901142
0.275000000000 0.100000000000 0.000012495688
0.275000000000 0.112500000000 0.000014096064
0.275000000000 0.125000000000 0.000015690836
0.275000000000 0.137500000000 0.000017276115
0.275000000000 0.150000000000 0.000018851082
0.275000000000 0.162500000000 0.000020413566
0.275000000000 0.175000000000 0.000021959368
0.275000000000 0.187500000000 0.000023505677
0.275000000000 0.200000000000 0.000025039460
0.275000000000 0.212500000000 0.000026559914
0.275000000000 0.225000000000 0.000028073713
0.275000000000 0.237500000000 0.000029581892
0.275000000000 0.250000000000 0.000031079032
0.275000000000 0.262500000000 0.000032568426
0.275000000000 0.275000000000 0.000034040871
0.275000000000 0.287500000000 0.000035480071
0.275000000000 0.300000000000 0.000036891600
0.275000000000 0.312500000000 0.000038260252
0.275000000000 0.325000000000 0.000039587047
0.275000000000 0.337500000000 0.000040868806
0.275000000000 0.350000000000 0.000042099759
0.275000000000 0.362500000000 0.000043268389
0.275000000000 0.375000000000 0.000044365002
0.275000000000 0.387500000000 0.000045375240
0.275000000000 0.400000000000 0.000046307048
0.275000000000 0.412500000000 0.000047149318
0.275000000000 0.425000000000 0.000047907516
0.275000000000 0.437500000000 0.000048565243
0.275000000000 0.450000000000 0.000049113782
0.275000000000 0.462500000000 0.000049544389
0.275000000000 0.475000000000 0.000049857963
0.275000000000 0.487500000000 0.000050047614
0.275000000000 0.500000000000 0.000050114863
0.275000000000 0.512500000000 0.000050047614
0.275000000000 0.525000000000 0.000049857963
0.275000000000 0.537500000000 0.000049544389
0.275000000000 0.550000000000 0.000049113782
0.275000000000 0.562500000000 0.000048565243
0.275000000000 0.575000000000 0.000047907516
0.275000000000 0.587500000000 0.000047149318
0.275000000000 0.600000000000 0.000046307048
0.275000000000 0.612500000000 0.000045375240
0.275000000000 0.625000000000 0.000044365002
0.275000000000 0.637500000000 0.000043268389
0.275000000000 0.650000000000 0.000042099759
0.275000000000 0.662500000000 0.000040868806
0.275000000000 0.675000000000 0.000039587047
0.275000000000 0.687500000000 0.000038260252
0.275000000000 0.700000000000 0.000036891600
0.275000000000 0.712500000000 0.000035480071
0.275000000000 0.725000000000 0.000034040871
0.275000000000 0.737500000000 0.000032568426
0.275000000000 0.750000000000 0.000031079032
0.275000000000 0.762500000000 0.000029581892
0.275000000000 0.775000000000 0.000028073713
0.275000000000 0.787500000000 0.000026559914
0.275000000000 0.800000000000 0.000025039460
0.275000000000 0.812500000000 0.000023505677
0.275000000000 0.825000000000 0.000021959368
0.275000000000 0.837500000000 0.000020413566
0.275000000000 0.850000000000 0.000018851082
0.275000000000 0.862500000000 0.000017276115
0.275000000000 0.875000000000 0.000015690836
0.275000000000 0.887500000000 0.000014096064
0.275000000000 0.900000000000 0.000012495688
0.275000000000 0.912500000000 0.000010901142
0.275000000000 0.925000000000 0.000009313772
0.275000000000 0.937500000000 0.000007735055
0.275000000000 0.950000000000 0.000006172732
0.275000000000 0.962500000000 0.000004620006
0.275000000000 0.975000000000 0.000003075752
0.275000000000 0.987500000000 0.000001536528
0.275000000000 1.000000000000 0.000000000000

0.287500000000 0.000000000000 0.000000000000
0.287500000000 0.012500000000 0.000001599312
0.287500000000 0.025000000000 0.000003197262
0.287500000000 0.037500000000 0.000004802476
0.287500000000 0.050000000000 0.000006408616
0.287500000000 0.062500000000 0.000008031080
0.287500000000 0.075000000000 0.000009666077
0.287500000000 0.087500000000 0.000011315905
0.287500000000 0.100000000000 0.000012970647
0.287500000000 0.112500000000 0.000014632411
0.287500000000 0.125000000000 0.000016289463
0.287500000000 0.137500000000 0.000017929470
0.287500000000 0.150000000000 0.000019565075
0.287500000000 0.162500000000 0.000021191031
0.287500000000 0.175000000000 0.000022811633
0.287500000000 0.187500000000 0.000024426145
0.287500000000 0.200000000000 0.000026032537
0.287500000000 0.212500000000 0.000027633469
0.287500000000 0.225000000000 0.000029227356
0.287500000000 0.237500000000 0.000030803487
0.287500000000 0.250000000000 0.000032369541
0.287500000000 0.262500000000 0.000033933581
0.287500000000 0.275000000000 0.000035480071
0.287500000000 0.287500000000 0.000036992404
0.287500000000 0.300000000000 0.000038480330
0.287500000000 0.312500000000 0.000039923127
0.287500000000 0.325000000000 0.000041322724
0.287500000000 0.337500000000 0.000042681336
0.287500000000 0.350000000000 0.000043977833
0.287500000000 0.362500000000 0.000045214623
0.287500000000 0.375000000000 0.000046377590
0.287500000000 0.387500000000 0.000047453085
0.287500000000 0.400000000000 0.000048446192
0.287500000000 0.412500000000 0.000049353460
0.287500000000 0.425000000000 0.000050166571
0.287500000000 0.437500000000 0.000050879284
0.287500000000 0.450000000000 0.000051471698
0.287500000000 0.462500000000 0.000051936780
0.287500000000 0.475000000000 0.000052270675
0.287500000000 0.487500000000 0.000052473174
0.287500000000 0.500000000000 0.000052539890
0.287500000000 0.512500000000 0.000052473174
0.287500000000 0.525000000000 0.000052270675
0.287500000000 0.537500000000 0.000051936780
0.287500000000 0.550000000000 0.000051471698
0.287500000000 0.562500000000 0.000050879284
0.287500000000 0.575000000000 0.000050166571
0.287500000000 0.587500000000 0.000049353460
0.287500000000 0.600000000000 0.000048446192
0.287500000000 0.612500000000 0.000047453085
0.287500000000 0.625000000000 0.000046377590
0.287500000000 0.637500000000 0.000045214623
0.287500000000 0.650000000000 0.000043977833
0.287500000000 0.662500000000 0.000042681336
0.287500000000 0.675000000000 0.000041322724
0.287500000000 0.687500000000 0.000039923127
0.287500000000 0.700000000000 0.000038480330
0.287500000000 0.712500000000 0.000036992404
0.287500000000 0.725000000000 0.000035480071
0.287500000000 0.737500000000 0.000033933581
0.287500000000 0.750000000000 0.000032369541
0.287500000000 0.762500000000 0.000030803487
0.287500000000 0.775000000000 0.000029227356
0.287500000000 0.787500000000 0.000027633469
0.287500000000 0.800000000000 0.000026032537
0.287500000000 0.812500000000 0.000024426145
0.287500000000 0.825000000000 0.000022811633
0.287500000000 0.837500000000 0.000021191031
0.287500000000 0.850000000000 0.000019565075
0.287500000000 0.862500000000 0.000017929470
0.287500000000 0.875000000000 0.000016289463
0.287500000000 0.887500000000 0.000014632411
0.287500000000 0.900000000000 0.000012970647
0.287500000000 0.912500000000 0.000011315905
0.287500000000 0.925000000000 0.000009666077
0.287500000000 0.937500000000 0.000008031080
0.287500000000 0.950000000000 0.000006408616
0.287500000000 0.962500000000 0.000004802476
0.287500000000 0.975000000000 0.000003197262
0.287500000000 0.987500000000 0.000001599312
0.287500000000 1.000000000000 0.000000000000

0.300000000000 0.000000000000 0.000000000000
0.300000000000 0.012500000000 0.000001653478
0.300000000000 0.025000000000 0.000003304901
0.300000000000 0.037500000000 0.000004966943
0.300000000000 0.050000000000 0.000006634124
0.300000000000 0.062500000000 0.000008314580
0.300000000000 0.075000000000 0.000010007347
0.300000000000 0.087500000000 0.000011718252
0.300000000000 0.100000000000 0.000013431801
0.300000000000 0.112500000000 0.000015149864
0.300000000000 0.125000000000 0.000016865781
0.300000000000 0.137500000000 0.000018569256
0.300000000000 0.150000000000 0.000020267632
0.300000000000 0.162500000000 0.000021957863
0.300000000000 0.175000000000 0.000023646819
0.300000000000 0.187500000000 0.000025329785
0.300000000000 0.200000000000 0.000027008832
0.300000000000 0.212500000000 0.000028683822
0.300000000000 0.225000000000 0.000030350581
0.300000000000 0.237500000000 0.000031999833
0.300000000000 0.250000000000 0.000033637086
0.300000000000 0.262500000000 0.000035272038
0.300000000000 0.275000000000 0.000036891600
0.300000000000 0.287500000000 0.000038480330
0.300000000000 0.300000000000 0.000040042024
0.300000000000 0.312500000000 0.000041556735
0.300000000000 0.325000000000 0.000043033241
0.300000000000 0.337500000000 0.000044464058
0.300000000000 0.350000000000 0.000045833624
0.300000000000 0.362500000000 0.000047147233
0.300000000000 0.375000000000 0.000048382358
0.300000000000 0.387500000000 0.000049531015
0.300000000000 0.400000000000 0.000050596311
0.300000000000 0.412500000000 0.000051567936
0.300000000000 0.425000000000 0.000052442691
0.300000000000 0.437500000000 0.000053210373
0.300000000000 0.450000000000 0.000053851082
0.300000000000 0.462500000000 0.000054359241
0.300000000000 0.475000000000 0.000054723181
0.300000000000 0.487500000000 0.000054942591
0.300000000000 0.500000000000 0.000055015647
0.300000000000 0.512500000000 0.000054942591
0.300000000000 0.525000000000 0.000054723181
0.300000000000 0.537500000000 0.000054359241
0.300000000000 0.550000000000 0.000053851082
0.300000000000 0.562500000000 0.000053210373
0.300000000000 0.575000000000 0.000052442691
0.300000000000 0.587500000000 0.000051567936
0.300000000000 0.600000000000 0.000050596311
0.300000000000 0.612500000000 0.000049531015
0.300000000000 0.625000000000 0.000048382358
0.300000000000 0.637500000000 0.000047147233
0.300000000000 0.650000000000 0.000045833624
0.300000000000 0.662500000000 0.000044464058
0.300000000000 0.675000000000 0.000043033241
0.300000000000 0.687500000000 0.000041556735
0.300000000000 0.700000000000 0.000040042024
0.300000000000 0.712500000000 0.000038480330
0.300000000000 0.725000000000 0.000036891600
0.300000000000 0.737500000000 0.000035272038
0.300000000000 0.750000000000 0.000033637086
0.300000000000 0.762500000000 0.000031999833
0.300000000000 0.775000000000 0.000030350581
0.300000000000 0.787500000000 0.000028683822
0.300000000000 0.800000000000 0.000027008832
0.300000000000 0.812500000000 0.000025329785
0.300000000000 0.825000000000 0.000023646819
0.300000000000 0.837500000000 0.000021957863
0.300000000000 0.850000000000 0.000020267632
0.300000000000 0.862500000000 0.000018569256
0.300000000000 0.875000000000 0.000016865781
0.300000000000 0.887500000000 0.000015149864
0.300000000000 0.900000000000 0.000013431801
0.300000000000 0.912500000000 0.000011718252
0.300000000000 0.925000000000 0.000010007347
0.300000000000 0.937500000000 0.000008314580
0.300000000000 0.950000000000 0.000006634124
0.300000000000 0.962500000000 0.000004966943
0.300000000000 0.975000000000 0.000003304901
0.300000000000 0.987500000000 0.000001653478
0.300000000000 1.000000000000 0.000000000000

0.312500000000 0.000000000000 0.000000000000
0.312500000000 0.012500000000 0.000001705374
0.312500000000 0.025000000000 0.000003407987
0.312500000000 0.037500000000 0.000005126523
0.312500000000 0.050000000000 0.000006856404
0.312500000000 0.062500000000 0.000008594682
0.312500000000 0.075000000000 0.000010344167
0.312500000000 0.087500000000 0.000012112287
0.312500000000 0.100000000000 0.000013878176
0.312500000000 0.112500000000 0.000015645225
0.312500000000 0.125000000000 0.000017418314
0.312500000000 0.137500000000 0.000019186671
0.312500000000 0.150000000000 0.000020945673
0.312500000000 0.162500000000 0.000022700515
0.312500000000 0.175000000000 0.000024460232
0.312500000000 0.187500000000 0.000026216257
0.312500000000 0.200000000000 0.000027963330
0.312500000000 0.212500000000 0.000029702231
0.312500000000 0.225000000000 0.000031435956
0.312500000000 0.237500000000 0.000033156169
0.312500000000 0.250000000000 0.000034863353
0.312500000000 0.262500000000 0.000036566137
0.312500000000 0.275000000000 0.000038260252
0.312500000000 0.287500000000 0.000039923127
0.312500000000 0.300000000000 0.000041556735
0.312500000000 0.312500000000 0.000043149311
0.312500000000 0.325000000000 0.000044704888
0.312500000000 0.337500000000 0.000046211077
0.312500000000 0.350000000000 0.000047662153
0.312500000000 0.362500000000 0.000049054495
0.312500000000 0.375000000000 0.000050364665
0.312500000000 0.387500000000 0.000051593335
0.312500000000 0.400000000000 0.000052740534
0.312500000000 0.412500000000 0.000053789842
0.312500000000 0.425000000000 0.000054740514
0.312500000000 0.437500000000 0.000055573705
0.312500000000 0.450000000000 0.000056271071
0.312500000000 0.462500000000 0.000056829638
0.312500000000 0.475000000000 0.000057228454
0.312500000000 0.487500000000 0.000057467743
0.312500000000 0.500000000000 0.000057549180
0.312500000000 0.512500000000 0.000057467743
0.312500000000 0.525000000000 0.000057228454
0.312500000000 0.537500000000 0.000056829638
0.312500000000 0.550000000000 0.000056271071
0.312500000000 0.562500000000 0.000055573705
0.312500000000 0.575000000000 0.000054740514
0.312500000000 0.587500000000 0.000053789842
0.312500000000 0.600000000000 0.000052740534
0.312500000000 0.612500000000 0.000051593335
0.312500000000 0.625000000000 0.000050364665
0.312500000000 0.637500000000 0.000049054495
0.312500000000 0.650000000000 0.000047662153
0.312500000000 0.662500000000 0.000046211077
0.312500000000 0.675000000000 0.000044704888
0.312500000000 0.687500000000 0.000043149311
0.312500000000 0.700000000000 0.000041556735
0.312500000000 0.712500000000 0.000039923127
0.312500000000 0.725000000000 0.000038260252
0.312500000000 0.737500000000 0.000036566137
0.312500000000 0.750000000000 0.000034863353
0.312500000000 0.762500000000 0.000033156169
0.312500000000 0.775000000000 0.000031435956
0.312500000000 0.787500000000 0.000029702231
0.312500000000 0.800000000000 0.000027963330
0.312500000000 0.812500000000 0.000026216257
0.312500000000 0.825000000000 0.000024460232
0.312500000000 0.837500000000 0.000022700515
0.312500000000 0.850000000000 0.000020945673
0.312500000000 0.862500000000 0.000019186671
0.312500000000 0.875000000000 0.000017418314
0.312500000000 0.887500000000 0.000015645225
0.312500000000 0.900000000000 0.000013878176
0.312500000000 0.912500000000 0.000012112287
0.312500000000 0.925000000000 0.000010344167
0.312500000000 0.937500000000 0.000008594682
0.312500000000 0.950000000000 0.000006856404
0.312500000000 0.962500000000 0.000005126523
0.312500000000 0.975000000000 0.000003407987
0.312500000000 0.987500000000 0.000001705374
0.312500000000 1.000000000000 0.000000000000

0.325000000000 0.000000000000 0.000000000000
0.325000000000 0.012500000000 0.000001756920
0.325000000000 0.025000000000 0.000003508424
0.325000000000 0.037500000000 0.000005281966
0.325000000000 0.050000000000 0.000007067749
0.325000000000 0.062500000000 0.000008863142
0.325000000000 0.075000000000 0.000010664932
0.325000000000 0.087500000000 0.000012486779
0.325000000000 0.100000000000 0.000014304403
0.325000000000 0.112500000000 0.000016121137
0.325000000000 0.125000000000 0.000017950350
0.325000000000 0.137500000000 0.000019772491
0.325000000000 0.150000000000 0.000021593886
0.325000000000 0.162500000000 0.000023417116
0.325000000000 0.175000000000 0.000025247523
0.325000000000 0.187500000000 0.000027068274
0.325000000000 0.200000000000 0.000028881583
0.325000000000 0.212500000000 0.000030692635
0.325000000000 0.225000000000 0.000032490556
0.325000000000 0.237500000000 0.000034274526
0.325000000000 0.250000000000 0.000036051368
0.325000000000 0.262500000000 0.000037823413
0.325000000000 0.275000000000 0.000039587047
0.325000000000 0.287500000000 0.000041322724
0.325000000000 0.300000000000 0.000043033241
0.325000000000 0.312500000000 0.000044704888
0.325000000000 0.325000000000 0.000046328377
0.325000000000 0.337500000000 0.000047915910
0.325000000000 0.350000000000 0.000049447832
0.325000000000 0.362500000000 0.000050921518
0.325000000000 0.375000000000 0.000052323594
0.325000000000 0.387500000000 0.000053644917
0.325000000000 0.400000000000 0.000054884657
0.325000000000 0.412500000000 0.000056031993
0.325000000000 0.425000000000 0.000057065752
0.325000000000 0.437500000000 0.000057974618
0.325000000000 0.450000000000 0.000058740276
0.325000000000 0.462500000000 0.000059356802
0.325000000000 0.475000000000 0.000059800723
0.325000000000 0.487500000000 0.000060068972
0.325000000000 0.500000000000 0.000060158667
0.325000000000 0.512500000000 0.000060068972
0.325000000000 0.525000000000 0.000059800723
0.325000000000 0.537500000000 0.000059356802
0.325000000000 0.550000000000 0.000058740276
0.325000000000 0.562500000000 0.000057974618
0.325000000000 0.575000000000 0.000057065752
0.325000000000 0.587500000000 0.000056031993
0.325000000000 0.600000000000 0.000054884657
0.325000000000 0.612500000000 0.000053644917
0.325000000000 0.625000000000 0.000052323594
0.325000000000 0.637500000000 0.000050921518
0.325000000000 0.650000000000 0.000049447832
0.325000000000 0.662500000000 0.000047915910
0.325000000000 0.675000000000 0.000046328377
0.325000000000 0.687500000000 0.000044704888
0.325000000000 0.700000000000 0.000043033241
0.325000000000 0.712500000000 0.000041322724
0.325000000000 0.725000000000 0.000039587047
0.325000000000 0.737500000000 0.000037823413
0.325000000000 0.750000000000 0.000036051368
0.325000000000 0.762500000000 0.000034274526
0.325000000000 0.775000000000 0.000032490556
0.325000000000 0.787500000000 0.000030692635
0.325000000000 0.800000000000 0.000028881583
0.325000000000 0.812500000000 0.000027068274
0.325000000000 0.825000000000 0.000025247523
0.325000000000 0.837500000000 0.000023417116
0.325000000000 0.850000000000 0.000021593886
0.325000000000 0.862500000000 0.000019772491
0.325000000000 0.875000000000 0.000017950350
0.325000000000 0.887500000000 0.000016121137
0.325000000000 0.900000000000 0.000014304403
0.325000000000 0.912500000000 0.000012486779
0.325000000000 0.925000000000 0.000010664932
0.325000000000 0.937500000000 0.000008863142
0.325000000000 0.950000000000 0.000007067749
0.325000000000 0.962500000000 0.000005281966
0.325000000000 0.975000000000 0.000003508424
0.325000000000 0.987500000000 0.000001756920
0.325000000000 1.000000000000 0.000000000000

0.337500000000 0.000000000000 0.000000000000
0.337500000000 0.012500000000 0.000001805893
0.337500000000 0.025000000000 0.000003610933
0.337500000000 0.037500000000 0.000005427783
0.337500000000 0.050000000000 0.000007268221
0.337500000000 0.062500000000 0.000009105680
0.337500000000 0.075000000000 0.000010962571
0.337500000000 0.087500000000 0.000012830800
0.337500000000 0.100000000000 0.000014702533
0.337500000000 0.112500000000 0.000016574707
0.337500000000 0.125000000000 0.000018453665
0.337500000000 0.137500000000 0.000020339263
0.337500000000 0.150000000000 0.000022216100
0.337500000000 0.162500000000 0.000024110159
0.337500000000 0.175000000000 0.000025998874
0.337500000000 0.187500000000 0.000027890697
0.337500000000 0.200000000000 0.000029774547
0.337500000000 0.212500000000 0.000031648661
0.337500000000 0.225000000000 0.000033512626
0.337500000000 0.237500000000 0.000035361663
0.337500000000 0.250000000000 0.000037203710
0.337500000000 0.262500000000 0.000039037770
0.337500000000 0.275000000000 0.000040868806
0.337500000000 0.287500000000 0.000042681336
0.337500000000 0.300000000000 0.000044464058
0.337500000000 0.312500000000 0.000046211077
0.337500000000 0.325000000000 0.000047915910
0.337500000000 0.337500000000 0.000049572738
0.337500000000 0.350000000000 0.000051197029
0.337500000000 0.362500000000 0.000052760037
0.337500000000 0.375000000000 0.000054259763
0.337500000000 0.387500000000 0.000055682889
0.337500000000 0.400000000000 0.000057031376
0.337500000000 0.412500000000 0.000058284714
0.337500000000 0.425000000000 0.000059422341
0.337500000000 0.437500000000 0.000060420483
0.337500000000 0.450000000000 0.000061273690
0.337500000000 0.462500000000 0.000061955875
0.337500000000 0.475000000000 0.000062458609
0.337500000000 0.487500000000 0.000062758983
0.337500000000 0.500000000000 0.000062859553
0.337500000000 0.512500000000 0.000062758983
0.337500000000 0.525000000000 0.000062458609
0.337500000000 0.537500000000 0.000061955875
0.337500000000 0.550000000000 0.000061273690
0.337500000000 0.562500000000 0.000060420483
0.337500000000 0.575000000000 0.000059422341
0.337500000000 0.587500000000 0.000058284714
0.337500000000 0.600000000000 0.000057031376
0.337500000000 0.612500000000 0.000055682889
0.337500000000 0.625000000000 0.000054259763
0.337500000000 0.637500000000 0.000052760037
0.337500000000 0.650000000000 0.000051197029
0.337500000000 0.662500000000 0.000049572738
0.337500000000 0.675000000000 0.000047915910
0.337500000000 0.687500000000 0.000046211077
0.337500000000 0.700000000000 0.000044464058
0.337500000000 0.712500000000 0.000042681336
0.337500000000 0.725000000000 0.000040868806
0.337500000000 0.737500000000 0.000039037770
0.337500000000 0.750000000000 0.000037203710
0.337500000000 0.762500000000 0.000035361663
0.337500000000 0.775000000000 0.000033512626
0.337500000000 0.787500000000 0.000031648661
0.337500000000 0.800000000000 0.000029774547
0.337500000000 0.812500000000 0.000027890697
0.337500000000 0.825000000000 0.000025998874
0.337500000000 0.837500000000 0.000024110159
0.337500000000 0.850000000000 0.000022216100
0.337500000000 0.862500000000 0.000020339263
0.337500000000 0.875000000000 0.000018453665
0.337500000000 0.887500000000 0.000016574707
0.337500000000 0.900000000000 0.000014702533
0.337500000000 0.912500000000 0.000012830800
0.337500000000 0.925000000000 0.000010962571
0.337500000000 0.937500000000 0.000009105680
0.337500000000 0.950000000000 0.000007268221
0.337500000000 0.962500000000 0.000005427783
0.337500000000 0.975000000000 0.000003610933
0.337500000000 0.987500000000 0.000001805893
0.337500000000 1.000000000000 0.000000000000

0.350000000000 0.000000000000 0.000000000000
0.350000000000 0.012500000000 0.000001855231
0.350000000000 0.025000000000 0.000003711103
0.350000000000 0.037500000000 0.000005573656
0.350000000000 0.050000000000 0.000007454453
0.350000000000 0.062500000000 0.000009336132
0.350000000000 0.075000000000 0.000011238548
0.350000000000 0.087500000000 0.000013152352
0.350000000000 0.100000000000 0.000015075654
0.350000000000 0.112500000000 0.000017003307
0.350000000000 0.125000000000 0.000018939310
0.350000000000 0.137500000000 0.000020880179
0.350000000000 0.150000000000 0.000022820692
0.350000000000 0.162500000000 0.000024771094
0.350000000000 0.175000000000 0.000026720101
0.350000000000 0.187500000000 0.000028676179
0.350000000000 0.200000000000 0.000030628549
0.350000000000 0.212500000000 0.000032568459
0.350000000000 0.225000000000 0.000034489071
0.350000000000 0.237500000000 0.000036401829
0.350000000000 0.250000000000 0.000038307337
0.350000000000 0.262500000000 0.000040209842
0.350000000000 0.275000000000 0.000042099759
0.350000000000 0.287500000000 0.000043977833
0.350000000000 0.300000000000 0.000045833624
0.350000000000 0.312500000000 0.000047662153
0.350000000000 0.325000000000 0.000049447832
0.350000000000 0.337500000000 0.000051197029
0.350000000000 0.350000000000 0.000052911629
0.350000000000 0.362500000000 0.000054572314
0.350000000000 0.375000000000 0.000056175068
0.350000000000 0.387500000000 0.000057709436
0.350000000000 0.400000000000 0.000059175170
0.350000000000 0.412500000000 0.000060551426
0.350000000000 0.425000000000 0.000061806820
0.350000000000 0.437500000000 0.000062915944
0.350000000000 0.450000000000 0.000063870579
0.350000000000 0.462500000000 0.000064641863
0.350000000000 0.475000000000 0.000065213983
0.350000000000 0.487500000000 0.000065558930
0.350000000000 0.500000000000 0.000065675270
0.350000000000 0.512500000000 0.000065558930
0.350000000000 0.525000000000 0.000065213983
0.350000000000 0.537500000000 0.000064641863
0.350000000000 0.550000000000 0.000063870579
0.350000000000 0.562500000000 0.000062915944
0.350000000000 0.575000000000 0.000061806820
0.350000000000 0.587500000000 0.000060551426
0.350000000000 0.600000000000 0.000059175170
0.350000000000 0.612500000000 0.000057709436
0.350000000000 0.625000000000 0.000056175068
0.350000000000 0.637500000000 0.000054572314
0.350000000000 0.650000000000 0.000052911629
0.350000000000 0.662500000000 0.000051197029
0.350000000000 0.675000000000 0.000049447832
0.350000000000 0.687500000000 0.000047662153
0.350000000000 0.700000000000 0.000045833624
0.350000000000 0.712500000000 0.000043977833
0.350000000000 0.725000000000 0.000042099759
0.350000000000 0.737500000000 0.000040209842
0.350000000000 0.750000000000 0.000038307337
0.350000000000 0.762500000000 0.000036401829
0.350000000000 0.775000000000 0.000034489071
0.350000000000 0.787500000000 0.000032568459
0.350000000000 0.800000000000 0.000030628549
0.350000000000 0.812500000000 0.000028676179
0.350000000000 0.825000000000 0.000026720101
0.350000000000 0.837500000000 0.000024771094
0.350000000000 0.850000000000 0.000022820692
0.350000000000 0.862500000000 0.000020880179
0.350000000000 0.875000000000 0.000018939310
0.350000000000 0.887500000000 0.000017003307
0.350000000000 0.900000000000 0.000015075654
0.350000000000 0.912500000000 0.000013152352
0.350000000000 0.925000000000 0.000011238548
0.350000000000 0.937500000000 0.000009336132
0.350000000000 0.950000000000 0.000007454453
0.350000000000 0.962500000000 0.000005573656
0.350000000000 0.975000000000 0.000003711103
0.350000000000 0.987500000000 0.000001855231
0.350000000000 1.000000000000 0.000000000000

0.362500000000 0.000000000000 0.000000000000
0.362500000000 0.012500000000 0.000001901297
0.362500000000 0.025000000000 0.000003806276
0.362500000000 0.037500000000 0.000005713079
0.362500000000 0.050000000000 0.000007632036
0.362500000000 0.062500000000 0.000009558068
0.362500000000 0.075000000000 0.000011504591
0.362500000000 0.087500000000 0.000013460927
0.362500000000 0.100000000000 0.000015433267
0.362500000000 0.112500000000 0.000017417788
0.362500000000 0.125000000000 0.000019408568
0.362500000000 0.137500000000 0.000021401173
0.362500000000 0.150000000000 0.000023397324
0.362500000000 0.162500000000 0.000025403446
0.362500000000 0.175000000000 0.000027410428
0.362500000000 0.187500000000 0.000029419200
0.362500000000 0.200000000000 0.000031422422
0.362500000000 0.212500000000 0.000033422662
0.362500000000 0.225000000000 0.000035410099
0.362500000000 0.237500000000 0.000037384132
0.362500000000 0.250000000000 0.000039347783
0.362500000000 0.262500000000 0.000041313951
0.362500000000 0.275000000000 0.000043268389
0.362500000000 0.287500000000 0.000045214623
0.362500000000 0.300000000000 0.000047147233
0.362500000000 0.312500000000 0.000049054495
0.362500000000 0.325000000000 0.000050921518
0.362500000000 0.337500000000 0.000052760037
0.362500000000 0.350000000000 0.000054572314
0.362500000000 0.362500000000 0.000056344304
0.362500000000 0.375000000000 0.000058065500
0.362500000000 0.387500000000 0.000059727647
0.362500000000 0.400000000000 0.000061326099
0.362500000000 0.412500000000 0.000062834802
0.362500000000 0.425000000000 0.000064224429
0.362500000000 0.437500000000 0.000065464585
0.362500000000 0.450000000000 0.000066540731
0.362500000000 0.462500000000 0.000067424047
0.362500000000 0.475000000000 0.000068081959
0.362500000000 0.487500000000 0.000068482714
0.362500000000 0.500000000000 0.000068619868
0.362500000000 0.512500000000 0.000068482714
0.362500000000 0.525000000000 0.000068081959
0.362500000000 0.537500000000 0.000067424047
0.362500000000 0.550000000000 0.000066540731
0.362500000000 0.562500000000 0.000065464585
0.362500000000 0.575000000000 0.000064224429
0.362500000000 0.587500000000 0.000062834802
0.362500000000 0.600000000000 0.000061326099
0.362500000000 0.612500000000 0.000059727647
0.362500000000 0.625000000000 0.000058065500
0.362500000000 0.637500000000 0.000056344304
0.362500000000 0.650000000000 0.000054572314
0.362500000000 0.662500000000 0.000052760037
0.362500000000 0.675000000000 0.000050921518
0.362500000000 0.687500000000 0.000049054495
0.362500000000 0.700000000000 0.000047147233
0.362500000000 0.712500000000 0.000045214623
0.362500000000 0.725000000000 0.000043268389
0.362500000000 0.737500000000 0.000041313951
0.362500000000 0.750000000000 0.000039347783
0.362500000000 0.762500000000 0.000037384132
0.362500000000 0.775000000000 0.000035410099
0.362500000000 0.787500000000 0.000033422662
0.362500000000 0.800000000000 0.000031422422
0.362500000000 0.812500000000 0.000029419200
0.362500000000 0.825000000000 0.000027410428
0.362500000000 0.837500000000 0.000025403446
0.362500000000 0.850000000000 0.000023397324
0.362500000000 0.862500000000 0.000021401173
0.362500000000 0.875000000000 0.000019408568
0.362500000000 0.887500000000 0.000017417788
0.362500000000 0.900000000000 0.000015433267
0.362500000000 0.912500000000 0.000013460927
0.362500000000 0.925000000000 0.000011504591
0.362500000000 0.937500000000 0.000009558068
0.362500000000 0.950000000000 0.000007632036
0.362500000000 0.962500000000 0.000005713079
0.362500000000 0.975000000000 0.000003806276
0.362500000000 0.987500000000 0.000001901297
0.362500000000 1.000000000000 0.000000000000

0.375000000000 0.000000000000 0.000000000000
0.375000000000 0.012500000000 0.000001943424
0.375000000000 0.025000000000 0.000003893330
0.375000000000 0.037500000000 0.000005844870
0.375000000000 0.050000000000 0.000007803175
0.375000000000 0.062500000000 0.000009775323
0.375000000000 0.075000000000 0.000011765250
0.375000000000 0.087500000000 0.000013764855
0.375000000000 0.100000000000 0.000015783405
0.375000000000 0.112500000000 0.000017816390
0.375000000000 0.125000000000 0.000019852792
0.375000000000 0.137500000000 0.000021895533
0.375000000000 0.150000000000 0.000023944907
0.375000000000 0.162500000000 0.000025999878
0.375000000000 0.175000000000 0.000028050979
0.375000000000 0.187500000000 0.000030110775
0.375000000000 0.200000000000 0.000032168962
0.375000000000 0.212500000000 0.000034222132
0.375000000000 0.225000000000 0.000036261310
0.375000000000 0.237500000000 0.000038287789
0.375000000000 0.250000000000 0.000040319556
0.375000000000 0.262500000000 0.000042346937
0.375000000000 0.275000000000 0.000044365002
0.375000000000 0.287500000000 0.000046377590
0.375000000000 0.300000000000 0.000048382358
0.375000000000 0.312500000000 0.000050364665
0.375000000000 0.325000000000 0.000052323594
0.375000000000 0.337500000000 0.000054259763
0.375000000000 0.350000000000 0.000056175068
0.375000000000 0.362500000000 0.000058065500
0.375000000000 0.375000000000 0.000059918290
0.375000000000 0.387500000000 0.000061720356
0.375000000000 0.400000000000 0.000063472305
0.375000000000 0.412500000000 0.000065136696
0.375000000000 0.425000000000 0.000066681466
0.375000000000 0.437500000000 0.000068079363
0.375000000000 0.450000000000 0.000069302156
0.375000000000 0.462500000000 0.000070316566
0.375000000000 0.475000000000 0.000071079441
0.375000000000 0.487500000000 0.000071548435
0.375000000000 0.500000000000 0.000071707909
0.375000000000 0.512500000000 0.000071548435
0.375000000000 0.525000000000 0.000071079441
0.375000000000 0.537500000000 0.000070316566
0.375000000000 0.550000000000 0.000069302156
0.375000000000 0.562500000000 0.000068079363
0.375000000000 0.575000000000 0.000066681466
0.375000000000 0.587500000000 0.000065136696
0.375000000000 0.600000000000 0.000063472305
0.375000000000 0.612500000000 0.000061720356
0.375000000000 0.625000000000 0.000059918290
0.375000000000 0.637500000000 0.000058065500
0.375000000000 0.650000000000 0.000056175068
0.375000000000 0.662500000000 0.000054259763
0.375000000000 0.675000000000 0.000052323594
0.375000000000 0.687500000000 0.000050364665
0.375000000000 0.700000000000 0.000048382358
0.375000000000 0.712500000000 0.000046377590
0.375000000000 0.725000000000 0.000044365002
0.375000000000 0.737500000000 0.000042346937
0.375000000000 0.750000000000 0.000040319556
0.375000000000 0.762500000000 0.000038287789
0.375000000000 0.775000000000 0.000036261310
0.375000000000 0.787500000000 0.000034222132
0.375000000000 0.800000000000 0.000032168962
0.375000000000 0.812500000000 0.000030110775
0.375000000000 0.825000000000 0.000028050979
0.375000000000 0.837500000000 0.000025999878
0.375000000000 0.850000000000 0.000023944907
0.375000000000 0.862500000000 0.000021895533
0.375000000000 0.875000000000 0.000019852792
0.375000000000 0.887500000000 0.000017816390
0.375000000000 0.900000000000 0.000015783405
0.375000000000 0.912500000000 0.000013764855
0.375000000000 0.925000000000 0.000011765250
0.375000000000 0.937500000000 0.000009775323
0.375000000000 0.950000000000 0.000007803175
0.375000000000 0.962500000000 0.000005844870
0.375000000000 0.975000000000 0.000003893330
0.375000000000 0.987500000000 0.000001943424
0.375000000000 1.000000000000 0.000000000000

0.387500000000 0.000000000000 0.000000000000
0.387500000000 0.012500000000 0.000001979413
0.387500000000 0.025000000000 0.000003967183
0.387500000000 0.037500000000 0.000005959445
0.387500000000 0.050000000000 0.000007958326
0.387500000000 0.062500000000 0.000009975852
0.387500000000 0.075000000000 0.000012009460
0.387500000000 0.087500000000 0.000014053398
0.387500000000 0.100000000000 0.000016114744
0.387500000000 0.112500000000 0.000018190567
0.387500000000 0.125000000000 0.000020271007
0.387500000000 0.137500000000 0.000022358740
0.387500000000 0.150000000000 0.000024453471
0.387500000000 0.162500000000 0.000026552184
0.387500000000 0.175000000000 0.000028653404
0.387500000000 0.187500000000 0.000030761939
0.387500000000 0.200000000000 0.000032862618
0.387500000000 0.212500000000 0.000034961825
0.387500000000 0.225000000000 0.000037051332
0.387500000000 0.237500000000 0.000039128500
0.387500000000 0.250000000000 0.000041210081
0.387500000000 0.262500000000 0.000043292886
0.387500000000 0.275000000000 0.000045375240
0.387500000000 0.287500000000 0.000047453085
0.387500000000 0.300000000000 0.000049531015
0.387500000000 0.312500000000 0.000051593335
0.387500000000 0.325000000000 0.000053644917
0.387500000000 0.337500000000 0.000055682889
0.387500000000 0.350000000000 0.000057709436
0.387500000000 0.362500000000 0.000059727647
0.387500000000 0.375000000000 0.000061720356
0.387500000000 0.387500000000 0.000063679672
0.387500000000 0.400000000000 0.000065603590
0.387500000000 0.412500000000 0.000067442357
0.387500000000 0.425000000000 0.000069176161
0.387500000000 0.437500000000 0.000070764444
0.387500000000 0.450000000000 0.000072167072
0.387500000000 0.462500000000 0.000073349021
0.387500000000 0.475000000000 0.000074240117
0.387500000000 0.487500000000 0.000074792032
0.387500000000 0.500000000000 0.000074984787
0.387500000000 0.512500000000 0.000074792032
0.387500000000 0.525000000000 0.000074240117
0.387500000000 0.537500000000 0.000073349021
0.387500000000 0.550000000000 0.000072167072
0.387500000000 0.562500000000 0.000070764444
0.387500000000 0.575000000000 0.000069176161
0.387500000000 0.587500000000 0.000067442357
0.387500000000 0.600000000000 0.000065603590
0.387500000000 0.612500000000 0.000063679672
0.387500000000 0.625000000000 0.000061720356
0.387500000000 0.637500000000 0.000059727647
0.387500000000 0.650000000000 0.000057709436
0.387500000000 0.662500000000 0.000055682889
0.387500000000 0.675000000000 0.000053644917
0.387500000000 0.687500000000 0.000051593335
0.387500000000 0.700000000000 0.000049531015
0.387500000000 0.712500000000 0.000047453085
0.387500000000 0.725000000000 0.000045375240
0.387500000000 0.737500000000 0.000043292886
0.387500000000 0.750000000000 0.000041210081
0.387500000000 0.762500000000 0.000039128500
0.387500000000 0.775000000000 0.000037051332
0.387500000000 0.787500000000 0.000034961825
0.387500000000 0.800000000000 0.000032862618
0.387500000000 0.812500000000 0.000030761939
0.387500000000 0.825000000000 0.000028653404
0.387500000000 0.837500000000 0.000026552184
0.387500000000 0.850000000000 0.000024453471
0.387500000000 0.862500000000 0.000022358740
0.387500000000 0.875000000000 0.000020271007
0.387500000000 0.887500000000 0.000018190567
0.387500000000 0.900000000000 0.000016114744
0.387500000000 0.912500000000 0.000014053398
0.387500000000 0.925000000000 0.000012009460
0.387500000000 0.937500000000 0.000009975852
0.387500000000 0.950000000000 0.000007958326
0.387500000000 0.962500000000 0.000005959445
0.387500000000 0.975000000000 0.000003967183
0.387500000000 0.987500000000 0.000001979413
0.387500000000 1.000000000000 0.000000000000

0.400000000000 0.000000000000 0.000000000000
0.400000000000 0.012500000000 0.000002010119
0.400000000000 0.025000000000 0.000004027597
0.400000000000 0.037500000000 0.000006055856
0.400000000000 0.050000000000 0.000008093974
0.400000000000 0.062500000000 0.000010154069
0.400000000000 0.075000000000 0.000012229036
0.400000000000 0.087500000000 0.000014317624
0.400000000000 0.100000000000 0.000016420338
0.400000000000 0.112500000000 0.000018534584
0.400000000000 0.125000000000 0.000020654617
0.400000000000 0.137500000000 0.000022778926
0.400000000000 0.150000000000 0.000024911516
0.400000000000 0.162500000000 0.000027049885
0.400000000000 0.175000000000 0.000029196994
0.400000000000 0.187500000000 0.000031348549
0.400000000000 0.200000000000 0.000033490596
0.400000000000 0.212500000000 0.000035637682
0.400000000000 0.225000000000 0.000037776583
0.400000000000 0.237500000000 0.000039902556
0.400000000000 0.250000000000 0.000042031867
0.400000000000 0.262500000000 0.000044166566
0.400000000000 0.275000000000 0.000046307048
0.400000000000 0.287500000000 0.000048446192
0.400000000000 0.300000000000 0.000050596311
0.400000000000 0.312500000000 0.000052740534
0.400000000000 0.325000000000 0.000054884657
0.400000000000 0.337500000000 0.000057031376
0.400000000000 0.350000000000 0.000059175170
0.400000000000 0.362500000000 0.000061326099
0.400000000000 0.375000000000 0.000063472305
0.400000000000 0.387500000000 0.000065603590
0.400000000000 0.400000000000 0.000067714224
0.400000000000 0.412500000000 0.000069752431
0.400000000000 0.425000000000 0.000071702128
0.400000000000 0.437500000000 0.000073518228
0.400000000000 0.450000000000 0.000075150632
0.400000000000 0.462500000000 0.000076552081
0.400000000000 0.475000000000 0.000077623724
0.400000000000 0.487500000000 0.000078297847
0.400000000000 0.500000000000 0.000078536156
0.400000000000 0.512500000000 0.000078297847
0.400000000000 0.525000000000 0.000077623724
0.400000000000 0.537500000000 0.000076552081
0.400000000000 0.550000000000 0.000075150632
0.400000000000 0.562500000000 0.000073518228
0.400000000000 0.575000000000 0.000071702128
0.400000000000 0.587500000000 0.000069752431
0.400000000000 0.600000000000 0.000067714224
0.400000000000 0.612500000000 0.000065603590
0.400000000000 0.625000000000 0.000063472305
0.400000000000 0.637500000000 0.000061326099
0.400000000000 0.650000000000 0.000059175170
0.400000000000 0.662500000000 0.000057031376
0.400000000000 0.675000000000 0.000054884657
0.400000000000 0.687500000000 0.000052740534
0.400000000000 0.700000000000 0.000050596311
0.400000000000 0.712500000000 0.000048446192
0.400000000000 0.725000000000 0.000046307048
0.400000000000 0.737500000000 0.000044166566
0.400000000000 0.750000000000 0.000042031867
0.400000000000 0.762500000000 0.000039902556
0.400000000000 0.775000000000 0.000037776583
0.400000000000 0.787500000000 0.000035637682
0.400000000000 0.800000000000 0.000033490596
0.400000000000 0.812500000000 0.000031348549
0.400000000000 0.825000000000 0.000029196994
0.400000000000 0.837500000000 0.000027049885
0.400000000000 0.850000000000 0.000024911516
0.400000000000 0.862500000000 0.000022778926
0.400000000000 0.875000000000 0.000020654617
0.400000000000 0.887500000000 0.000018534584
0.400000000000 0.900000000000 0.000016420338
0.400000000000 0.912500000000 0.000014317624
0.400000000000 0.925000000000 0.000012229036
0.400000000000 0.937500000000 0.000010154069
0.400000000000 0.950000000000 0.000008093974
0.400000000000 0.962500000000 0.000006055856
0.400000000000 0.975000000000 0.000004027597
0.400000000000 0.987500000000 0.000002010119
0.400000000000 1.000000000000 0.000000000000

0.412500000000 0.000000000000 0.000000000000
0.412500000000 0.012500000000 0.000002039708
0.412500000000 0.025000000000 0.000004084295
0.412500000000 0.037500000000 0.000006144115
0.412500000000 0.050000000000 0.000008220319
0.412500000000 0.062500000000 0.000010315186
0.412500000000 0.075000000000 0.000012428448
0.412500000000 0.087500000000 0.000014558393
0.412500000000 0.100000000000 0.000016700780
0.412500000000 0.112500000000 0.000018849571
0.412500000000 0.125000000000 0.000021002684
0.412500000000 0.137500000000 0.000023164927
0.412500000000 0.150000000000 0.000025328895
0.412500000000 0.162500000000 0.000027502789
0.412500000000 0.175000000000 0.000029679465
0.412500000000 0.187500000000 0.000031871438
0.412500000000 0.200000000000 0.000034057784
0.412500000000 0.212500000000 0.000036241865
0.412500000000 0.225000000000 0.000038423500
0.412500000000 0.237500000000 0.000040592508
0.412500000000 0.250000000000 0.000042772762
0.412500000000 0.262500000000 0.000044951413
0.412500000000 0.275000000000 0.000047149318
0.412500000000 0.287500000000 0.000049353460
0.412500000000 0.300000000000 0.000051567936
0.412500000000 0.312500000000 0.000053789842
0.412500000000 0.325000000000 0.000056031993
0.412500000000 0.337500000000 0.000058284714
0.412500000000 0.350000000000 0.000060551426
0.412500000000 0.362500000000 0.000062834802
0.412500000000 0.375000000000 0.000065136696
0.412500000000 0.387500000000 0.000067442357
0.412500000000 0.400000000000 0.000069752431
0.412500000000 0.412500000000 0.000072023728
0.412500000000 0.425000000000 0.000074229483
0.412500000000 0.437500000000 0.000076332932
0.412500000000 0.450000000000 0.000078268980
0.412500000000 0.462500000000 0.000079955359
0.412500000000 0.475000000000 0.000081279998
0.412500000000 0.487500000000 0.000082128924
0.412500000000 0.500000000000 0.000082423974
0.412500000000 0.512500000000 0.000082128924
0.412500000000 0.525000000000 0.000081279998
0.412500000000 0.537500000000 0.000079955359
0.412500000000 0.550000000000 0.000078268980
0.412500000000 0.562500000000 0.000076332932
0.412500000000 0.575000000000 0.000074229483
0.412500000000 0.587500000000 0.000072023728
0.412500000000 0.600000000000 0.000069752431
0.412500000000 0.612500000000 0.000067442357
0.412500000000 0.625000000000 0.000065136696
0.412500000000 0.637500000000 0.000062834802
0.412500000000 0.650000000000 0.000060551426
0.412500000000 0.662500000000 0.000058284714
0.412500000000 0.675000000000 0.000056031993
0.412500000000 0.687500000000 0.000053789842
0.412500000000 0.700000000000 0.000051567936
0.412500000000 0.712500000000 0.000049353460
0.412500000000 0.725000000000 0.000047149318
0.412500000000 0.737500000000 0.000044951413
0.412500000000 0.750000000000 0.000042772762
0.412500000000 0.762500000000 0.000040592508
0.412500000000 0.775000000000 0.000038423500
0.412500000000 0.787500000000 0.000036241865
0.412500000000 0.800000000000 0.000034057784
0.412500000000 0.812500000000 0.000031871438
0.412500000000 0.825000000000 0.000029679465
0.412500000000 0.837500000000 0.000027502789
0.412500000000 0.850000000000 0.000025328895
0.412500000000 0.862500000000 0.000023164927
0.412500000000 0.875000000000 0.000021002684
0.412500000000 0.887500000000 0.000018849571
0.412500000000 0.900000000000 0.000016700780
0.412500000000 0.912500000000 0.000014558393
0.412500000000 0.925000000000 0.000012428448
0.412500000000 0.937500000000 0.000010315186
0.412500000000 0.950000000000 0.000008220319
0.412500000000 0.962500000000 0.000006144115
0.412500000000 0.975000000000 0.000004084295
0.412500000000 0.987500000000 0.000002039708
0.412500000000 1.000000000000 0.000000000000

0.425000000000 0.000000000000 0.000000000000
0.425000000000 0.012500000000 0.000002072145
0.425000000000 0.025000000000 0.000004146953
0.425000000000 0.037500000000 0.000006236607
0.425000000000 0.050000000000 0.000008349286
0.425000000000 0.062500000000 0.000010473537
0.425000000000 0.075000000000 0.000012619774
0.425000000000 0.087500000000 0.000014783819
0.425000000000 0.100000000000 0.000016957673
0.425000000000 0.112500000000 0.000019135130
0.425000000000 0.125000000000 0.000021318884
0.425000000000 0.137500000000 0.000023506585
0.425000000000 0.150000000000 0.000025695527
0.425000000000 0.162500000000 0.000027891783
0.425000000000 0.175000000000 0.000030100018
0.425000000000 0.187500000000 0.000032320264
0.425000000000 0.200000000000 0.000034538716
0.425000000000 0.212500000000 0.000036761016
0.425000000000 0.225000000000 0.000038983985
0.425000000000 0.237500000000 0.000041205733
0.425000000000 0.250000000000 0.000043424142
0.425000000000 0.262500000000 0.000045659070
0.425000000000 0.275000000000 0.000047907516
0.425000000000 0.287500000000 0.000050166571
0.425000000000 0.300000000000 0.000052442691
0.425000000000 0.312500000000 0.000054740514
0.425000000000 0.325000000000 0.000057065752
0.425000000000 0.337500000000 0.000059422341
0.425000000000 0.350000000000 0.000061806820
0.425000000000 0.362500000000 0.000064224429
0.425000000000 0.375000000000 0.000066681466
0.425000000000 0.387500000000 0.000069176161
0.425000000000 0.400000000000 0.000071702128
0.425000000000 0.412500000000 0.000074229483
0.425000000000 0.425000000000 0.000076740961
0.425000000000 0.437500000000 0.000079188676
0.425000000000 0.450000000000 0.000081508388
0.425000000000 0.462500000000 0.000083591261
0.425000000000 0.475000000000 0.000085276875
0.425000000000 0.487500000000 0.000086390195
0.425000000000 0.500000000000 0.000086788267
0.425000000000 0.512500000000 0.000086390195
0.425000000000 0.525000000000 0.000085276875
0.425000000000 0.537500000000 0.000083591261
0.425000000000 0.550000000000 0.000081508388
0.425000000000 0.562500000000 0.000079188676
0.425000000000 0.575000000000 0.000076740961
0.425000000000 0.587500000000 0.000074229483
0.425000000000 0.600000000000 0.000071702128
0.425000000000 0.612500000000 0.000069176161
0.425000000000 0.625000000000 0.000066681466
0.425000000000 0.637500000000 0.000064224429
0.425000000000 0.650000000000 0.000061806820
0.425000000000 0.662500000000 0.000059422341
0.425000000000 0.675000000000 0.000057065752
0.425000000000 0.687500000000 0.000054740514
0.425000000000 0.700000000000 0.000052442691
0.425000000000 0.712500000000 0.000050166571
0.425000000000 0.725000000000 0.000047907516
0.425000000000 0.737500000000 0.000045659070
0.425000000000 0.750000000000 0.000043424142
0.425000000000 0.762500000000 0.000041205733
0.425000000000 0.775000000000 0.000038983985
0.425000000000 0.787500000000 0.000036761016
0.425000000000 0.800000000000 0.000034538716
0.425000000000 0.812500000000 0.000032320264
0.425000000000 0.825000000000 0.000030100018
0.425000000000 0.837500000000 0.000027891783
0.425000000000 0.850000000000 0.000025695527
0.425000000000 0.862500000000 0.000023506585
0.425000000000 0.875000000000 0.000021318884
0.425000000000 0.887500000000 0.000019135130
0.425000000000 0.900000000000 0.000016957673
0.425000000000 0.912500000000 0.000014783819
0.425000000000 0.925000000000 0.000012619774
0.425000000000 0.937500000000 0.000010473537
0.425000000000 0.950000000000 0.000008349286
0.425000000000 0.962500000000 0.000006236607
0.425000000000 0.975000000000 0.000004146953
0.425000000000 0.987500000000 0.000002072145
0.425000000000 1.000000000000 0.000000000000

0.437500000000 0.000000000000 0.000000000000
0.437500000000 0.012500000000 0.000002105518
0.437500000000 0.025000000000 0.000004210840
0.437500000000 0.037500000000 0.000006330392
0.437500000000 0.050000000000 0.000008473217
0.437500000000 0.062500000000 0.000010623093
0.437500000000 0.075000000000 0.000012794980
0.437500000000 0.087500000000 0.000014984605
0.437500000000 0.100000000000 0.000017182916
0.437500000000 0.112500000000 0.000019384030
0.437500000000 0.125000000000 0.000021591195
0.437500000000 0.137500000000 0.000023801328
0.437500000000 0.150000000000 0.000026010057
0.437500000000 0.162500000000 0.000028228032
0.437500000000 0.175000000000 0.000030457763
0.437500000000 0.187500000000 0.000032701756
0.437500000000 0.200000000000 0.000034947947
0.437500000000 0.212500000000 0.000037197880
0.437500000000 0.225000000000 0.000039460485
0.437500000000 0.237500000000 0.000041726505
0.437500000000 0.250000000000 0.000043988957
0.437500000000 0.262500000000 0.000046268163
0.437500000000 0.275000000000 0.000048565243
0.437500000000 0.287500000000 0.000050879284
0.437500000000 0.300000000000 0.000053210373
0.437500000000 0.312500000000 0.000055573705
0.437500000000 0.325000000000 0.000057974618
0.437500000000 0.337500000000 0.000060420483
0.437500000000 0.350000000000 0.000062915944
0.437500000000 0.362500000000 0.000065464585
0.437500000000 0.375000000000 0.000068079363
0.437500000000 0.387500000000 0.000070764444
0.437500000000 0.400000000000 0.000073518228
0.437500000000 0.412500000000 0.000076332932
0.437500000000 0.425000000000 0.000079188676
0.437500000000 0.437500000000 0.000082054480
0.437500000000 0.450000000000 0.000084864366
0.437500000000 0.462500000000 0.000087480858
0.437500000000 0.475000000000 0.000089698786
0.437500000000 0.487500000000 0.000091233330
0.437500000000 0.500000000000 0.000091795018
0.437500000000 0.512500000000 0.000091233330
0.437500000000 0.525000000000 0.000089698786
0.437500000000 0.537500000000 0.000087480858
0.437500000000 0.550000000000 0.000084864366
0.437500000000 0.562500000000 0.000082054480
0.437500000000 0.575000000000 0.000079188676
0.437500000000 0.587500000000 0.000076332932
0.437500000000 0.600000000000 0.000073518228
0.437500000000 0.612500000000 0.000070764444
0.437500000000 0.625000000000 0.000068079363
0.437500000000 0.637500000000 0.000065464585
0.437500000000 0.650000000000 0.000062915944
0.437500000000 0.662500000000 0.000060420483
0.437500000000 0.675000000000 0.000057974618
0.437500000000 0.687500000000 0.000055573705
0.437500000000 0.700000000000 0.000053210373
0.437500000000 0.712500000000 0.000050879284
0.437500000000 0.725000000000 0.000048565243
0.437500000000 0.737500000000 0.000046268163
0.437500000000 0.750000000000 0.000043988957
0.437500000000 0.762500000000 0.000041726505
0.437500000000 0.775000000000 0.000039460485
0.437500000000 0.787500000000 0.000037197880
0.437500000000 0.800000000000 0.000034947947
0.437500000000 0.812500000000 0.000032701756
0.437500000000 0.825000000000 0.000030457763
0.437500000000 0.837500000000 0.000028228032
0.437500000000 0.850000000000 0.000026010057
0.437500000000 0.862500000000 0.000023801328
0.437500000000 0.875000000000 0.000021591195
0.437500000000 0.887500000000 0.000019384030
0.437500000000 0.900000000000 0.000017182916
0.437500000000 0.912500000000 0.000014984605
0.437500000000 0.925000000000 0.000012794980
0.437500000000 0.937500000000 0.000010623093
0.437500000000 0.950000000000 0.000008473217
0.437500000000 0.962500000000 0.000006330392
0.437500000000 0.975000000000 0.000004210840
0.437500000000 0.987500000000 0.000002105518
0.437500000000 1.000000000000 0.000000000000

0.450000000000 0.000000000000 0.000000000000
0.450000000000 0.012500000000 0.000002135442
0.450000000000 0.025000000000 0.000004269437
0.450000000000 0.037500000000 0.000006416202
0.450000000000 0.050000000000 0.000008581636
0.450000000000 0.062500000000 0.000010753284
0.450000000000 0.075000000000 0.000012943425
0.450000000000 0.087500000000 0.000015150712
0.450000000000 0.100000000000 0.000017366496
0.450000000000 0.112500000000 0.000019584809
0.450000000000 0.125000000000 0.000021809152
0.450000000000 0.137500000000 0.000024036777
0.450000000000 0.150000000000 0.000026268453
0.450000000000 0.162500000000 0.000028506105
0.450000000000 0.175000000000 0.000030752598
0.450000000000 0.187500000000 0.000033015578
0.450000000000 0.200000000000 0.000035290771
0.450000000000 0.212500000000 0.000037569848
0.450000000000 0.225000000000 0.000039856702
0.450000000000 0.237500000000 0.000042151338
0.450000000000 0.250000000000 0.000044453772
0.450000000000 0.262500000000 0.000046776467
0.450000000000 0.275000000000 0.000049113782
0.450000000000 0.287500000000 0.000051471698
0.450000000000 0.300000000000 0.000053851082
0.450000000000 0.312500000000 0.000056271071
0.450000000000 0.325000000000 0.000058740276
0.450000000000 0.337500000000 0.000061273690
0.450000000000 0.350000000000 0.000063870579
0.450000000000 0.362500000000 0.000066540731
0.450000000000 0.375000000000 0.000069302156
0.450000000000 0.387500000000 0.000072167072
0.450000000000 0.400000000000 0.000075150632
0.450000000000 0.412500000000 0.000078268980
0.450000000000 0.425000000000 0.000081508388
0.450000000000 0.437500000000 0.000084864366
0.450000000000 0.450000000000 0.000088285821
0.450000000000 0.462500000000 0.000091633195
0.450000000000 0.475000000000 0.000094653047
0.450000000000 0.487500000000 0.000096898015
0.450000000000 0.500000000000 0.000097779493
0.450000000000 0.512500000000 0.000096898015
0.450000000000 0.525000000000 0.000094653047
0.450000000000 0.537500000000 0.000091633195
0.450000000000 0.550000000000 0.000088285821
0.450000000000 0.562500000000 0.000084864366
0.450000000000 0.575000000000 0.000081508388
0.450000000000 0.587500000000 0.000078268980
0.450000000000 0.600000000000 0.000075150632
0.450000000000 0.612500000000 0.000072167072
0.450000000000 0.625000000000 0.000069302156
0.450000000000 0.637500000000 0.000066540731
0.450000000000 0.650000000000 0.000063870579
0.450000000000 0.662500000000 0.000061273690
0.450000000000 0.675000000000 0.000058740276
0.450000000000 0.687500000000 0.000056271071
0.450000000000 0.700000000000 0.000053851082
0.450000000000 0.712500000000 0.000051471698
0.450000000000 0.725000000000 0.000049113782
0.450000000000 0.737500000000 0.000046776467
0.450000000000 0.750000000000 0.000044453772
0.450000000000 0.762500000000 0.000042151338
0.450000000000 0.775000000000 0.000039856702
0.450000000000 0.787500000000 0.000037569848
0.450000000000 0.800000000000 0.000035290771
0.450000000000 0.812500000000 0.000033015578
0.450000000000 0.825000000000 0.000030752598
0.450000000000 0.837500000000 0.000028506105
0.450000000000 0.850000000000 0.000026268453
0.450000000000 0.862500000000 0.000024036777
0.450000000000 0.875000000000 0.000021809152
0.450000000000 0.887500000000 0.000019584809
0.450000000000 0.900000000000 0.000017366496
0.450000000000 0.912500000000 0.000015150712
0.450000000000 0.925000000000 0.000012943425
0.450000000000 0.937500000000 0.000010753284
0.450000000000 0.950000000000 0.000008581636
0.450000000000 0.962500000000 0.000006416202
0.450000000000 0.975000000000 0.000004269437
0.450000000000 0.987500000000 0.000002135442
0.450000000000 1.000000000000 0.000000000000

0.462500000000 0.000000000000 0.000000000000
0.462500000000 0.012500000000 0.000002158932
0.462500000000 0.025000000000 0.000004319604
0.462500000000 0.037500000000 0.000006486707
0.462500000000 0.050000000000 0.000008670875
0.462500000000 0.062500000000 0.000010858518
0.462500000000 0.075000000000 0.000013064649
0.462500000000 0.087500000000 0.000015281181
0.462500000000 0.100000000000 0.000017506668
0.462500000000 0.112500000000 0.000019737286
0.462500000000 0.125000000000 0.000021973505
0.462500000000 0.137500000000 0.000024214359
0.462500000000 0.150000000000 0.000026457766
0.462500000000 0.162500000000 0.000028711936
0.462500000000 0.175000000000 0.000030981353
0.462500000000 0.187500000000 0.000033265803
0.462500000000 0.200000000000 0.000035556329
0.462500000000 0.212500000000 0.000037856537
0.462500000000 0.225000000000 0.000040171848
0.462500000000 0.237500000000 0.000042497567
0.462500000000 0.250000000000 0.000044824350
0.462500000000 0.262500000000 0.000047176274
0.462500000000 0.275000000000 0.000049544389
0.462500000000 0.287500000000 0.000051936780
0.462500000000 0.300000000000 0.000054359241
0.462500000000 0.312500000000 0.000056829638
0.462500000000 0.325000000000 0.000059356802
0.462500000000 0.337500000000 0.000061955875
0.462500000000 0.350000000000 0.000064641863
0.462500000000 0.362500000000 0.000067424047
0.462500000000 0.375000000000 0.000070316566
0.462500000000 0.387500000000 0.000073349021
0.462500000000 0.400000000000 0.000076552081
0.462500000000 0.412500000000 0.000079955359
0.462500000000 0.425000000000 0.000083591261
0.462500000000 0.437500000000 0.000087480858
0.462500000000 0.450000000000 0.000091633195
0.462500000000 0.462500000000 0.000095971440
0.462500000000 0.475000000000 0.000100232635
0.462500000000 0.487500000000 0.000103775504
0.462500000000 0.500000000000 0.000105398848
0.462500000000 0.512500000000 0.000103775504
0.462500000000 0.525000000000 0.000100232635
0.462500000000 0.537500000000 0.000095971440
0.462500000000 0.550000000000 0.000091633195
0.462500000000 0.562500000000 0.000087480858
0.462500000000 0.575000000000 0.000083591261
0.462500000000 0.587500000000 0.000079955359
0.462500000000 0.600000000000 0.000076552081
0.462500000000 0.612500000000 0.000073349021
0.462500000000 0.625000000000 0.000070316566
0.462500000000 0.637500000000 0.000067424047
0.462500000000 0.650000000000 0.000064641863
0.462500000000 0.662500000000 0.000061955875
0.462500000000 0.675000000000 0.000059356802
0.462500000000 0.687500000000 0.000056829638
0.462500000000 0.700000000000 0.000054359241
0.462500000000 0.712500000000 0.000051936780
0.462500000000 0.725000000000 0.000049544389
0.462500000000 0.737500000000 0.000047176274
0.462500000000 0.750000000000 0.000044824350
0.462500000000 0.762500000000 0.000042497567
0.462500000000 0.775000000000 0.000040171848
0.462500000000 0.787500000000 0.000037856537
0.462500000000 0.800000000000 0.000035556329
0.462500000000 0.812500000000 0.000033265803
0.462500000000 0.825000000000 0.000030981353
0.462500000000 0.837500000000 0.000028711936
0.462500000000 0.850000000000 0.000026457766
0.462500000000 0.862500000000 0.000024214359
0.462500000000 0.875000000000 0.000021973505
0.462500000000 0.887500000000 0.000019737286
0.462500000000 0.900000000000 0.000017506668
0.462500000000 0.912500000000 0.000015281181
0.462500000000 0.925000000000 0.000013064649
0.462500000000 0.937500000000 0.000010858518
0.462500000000 0.950000000000 0.000008670875
0.462500000000 0.962500000000 0.000006486707
0.462500000000 0.975000000000 0.000004319604
0.462500000000 0.987500000000 0.000002158932
0.462500000000 1.000000000000 0.000000000000

0.475000000000 0.000000000000 0.000000000000
0.475000000000 0.012500000000 0.000002178086
0.475000000000 0.025000000000 0.000004359485
0.475000000000 0.037500000000 0.000006545821
0.475000000000 0.050000000000 0.000008740988
0.475000000000 0.062500000000 0.000010944102
0.475000000000 0.075000000000 0.000013159150
0.475000000000 0.087500000000 0.000015381050
0.475000000000 0.100000000000 0.000017611754
0.475000000000 0.112500000000 0.000019847528
0.475000000000 0.125000000000 0.000022087454
0.475000000000 0.137500000000 0.000024333358
0.475000000000 0.150000000000 0.000026588201
0.475000000000 0.162500000000 0.000028856408
0.475000000000 0.175000000000 0.000031138493
0.475000000000 0.187500000000 0.000033438797
0.475000000000 0.200000000000 0.000035749923
0.475000000000 0.212500000000 0.000038075794
0.475000000000 0.225000000000 0.000040407671
0.475000000000 0.237500000000 0.000042744545
0.475000000000 0.250000000000 0.000045097618
0.475000000000 0.262500000000 0.000047469897
0.475000000000 0.275000000000 0.000049857963
0.475000000000 0.287500000000 0.000052270675
0.475000000000 0.300000000000 0.000054723181
0.475000000000 0.312500000000 0.000057228454
0.475000000000 0.325000000000 0.000059800723
0.475000000000 0.337500000000 0.000062458609
0.475000000000 0.350000000000 0.000065213983
0.475000000000 0.362500000000 0.000068081959
0.475000000000 0.375000000000 0.000071079441
0.475000000000 0.387500000000 0.000074240117
0.475000000000 0.400000000000 0.000077623724
0.475000000000 0.412500000000 0.000081279998
0.475000000000 0.425000000000 0.000085276875
0.475000000000 0.437500000000 0.000089698786
0.475000000000 0.450000000000 0.000094653047
0.475000000000 0.462500000000 0.000100232635
0.475000000000 0.475000000000 0.000106366330
0.475000000000 0.487500000000 0.000112412522
0.475000000000 0.500000000000 0.000116095280
0.475000000000 0.512500000000 0.000112412522
0.475000000000 0.525000000000 0.000106366330
0.475000000000 0.537500000000 0.000100232635
0.475000000000 0.550000000000 0.000094653047
0.475000000000 0.562500000000 0.000089698786
0.475000000000 0.575000000000 0.000085276875
0.475000000000 0.587500000000 0.000081279998
0.475000000000 0.600000000000 0.000077623724
0.475000000000 0.612500000000 0.000074240117
0.475000000000 0.625000000000 0.000071079441
0.475000000000 0.637500000000 0.000068081959
0.475000000000 0.650000000000 0.000065213983
0.475000000000 0.662500000000 0.000062458609
0.475000000000 0.675000000000 0.000059800723
0.475000000000 0.687500000000 0.000057228454
0.475000000000 0.700000000000 0.000054723181
0.475000000000 0.712500000000 0.000052270675
0.475000000000 0.725000000000 0.000049857963
0.475000000000 0.737500000000 0.000047469897
0.475000000000 0.750000000000 0.000045097618
0.475000000000 0.762500000000 0.000042744545
0.475000000000 0.775000000000 0.000040407671
0.475000000000 0.787500000000 0.000038075794
0.475000000000 0.800000000000 0.000035749923
0.475000000000 0.812500000000 0.000033438797
0.475000000000 0.825000000000 0.000031138493
0.475000000000 0.837500000000 0.000028856408
0.475000000000 0.850000000000 0.000026588201
0.475000000000 0.862500000000 0.000024333358
0.475000000000 0.875000000000 0.000022087454
0.475000000000 0.887500000000 0.000019847528
0.475000000000 0.900000000000 0.000017611754
0.475000000000 0.912500000000 0.000015381050
0.475000000000 0.925000000000 0.000013159150
0.475000000000 0.937500000000 0.000010944102
0.475000000000 0.950000000000 0.000008740988
0.475000000000 0.962500000000 0.000006545821
0.475000000000 0.975000000000 0.000004359485
0.475000000000 0.987500000000 0.000002178086
0.475000000000 1.000000000000 0.000000000000

0.487500000000 0.000000000000 0.000000000000
0.487500000000 0.012500000000 0.000002190870
0.487500000000 0.025000000000 0.000004387039
0.487500000000 0.037500000000 0.000006586158
0.487500000000 0.050000000000 0.000008788909
0.487500000000 0.062500000000 0.000011001965
0.487500000000 0.075000000000 0.000013223373
0.487500000000 0.087500000000 0.000015447347
0.487500000000 0.100000000000 0.000017680160
0.487500000000 0.112500000000 0.000019917747
0.487500000000 0.125000000000 0.000022157430
0.487500000000 0.137500000000 0.000024406687
0.487500000000 0.150000000000 0.000026665044
0.487500000000 0.162500000000 0.000028942345
0.487500000000 0.175000000000 0.000031231895
0.487500000000 0.187500000000 0.000033545634
0.487500000000 0.200000000000 0.000035869313
0.487500000000 0.212500000000 0.000038209456
0.487500000000 0.225000000000 0.000040554851
0.487500000000 0.237500000000 0.000042899204
0.487500000000 0.250000000000 0.000045269155
0.487500000000 0.262500000000 0.000047647597
0.487500000000 0.275000000000 0.000050047614
0.487500000000 0.287500000000 0.000052473174
0.487500000000 0.300000000000 0.000054942591
0.487500000000 0.312500000000 0.000057467743
0.487500000000 0.325000000000 0.000060068972
0.487500000000 0.337500000000 0.000062758983
0.487500000000 0.350000000000 0.000065558930
0.487500000000 0.362500000000 0.000068482714
0.487500000000 0.375000000000 0.000071548435
0.487500000000 0.387500000000 0.000074792032
0.487500000000 0.400000000000 0.000078297847
0.487500000000 0.412500000000 0.000082128924
0.487500000000 0.425000000000 0.000086390195
0.487500000000 0.437500000000 0.000091233330
0.487500000000 0.450000000000 0.000096898015
0.487500000000 0.462500000000 0.000103775504
0.487500000000 0.475000000000 0.000112412522
0.487500000000 0.487500000000 0.000123236239
0.487500000000 0.500000000000 0.000133968297
0.487500000000 0.512500000000 0.000123236239
0.487500000000 0.525000000000 0.000112412522
0.487500000000 0.537500000000 0.000103775504
0.487500000000 0.550000000000 0.000096898015
0.487500000000 0.562500000000 0.000091233330
0.487500000000 0.575000000000 0.000086390195
0.487500000000 0.587500000000 0.000082128924
0.487500000000 0.600000000000 0.000078297847
0.487500000000 0.612500000000 0.000074792032
0.487500000000 0.625000000000 0.000071548435
0.487500000000 0.637500000000 0.000068482714
0.487500000000 0.650000000000 0.000065558930
0.487500000000 0.662500000000 0.000062758983
0.487500000000 0.675000000000 0.000060068972
0.487500000000 0.687500000000 0.000057467743
0.487500000000 0.700000000000 0.000054942591
0.487500000000 0.712500000000 0.000052473174
0.487500000000 0.725000000000 0.000050047614
0.487500000000 0.737500000000 0.000047647597
0.487500000000 0.750000000000 0.000045269155
0.487500000000 0.762500000000 0.000042899204
0.487500000000 0.775000000000 0.000040554851
0.487500000000 0.787500000000 0.000038209456
0.487500000000 0.800000000000 0.000035869313
0.487500000000 0.812500000000 0.000033545634
0.487500000000 0.825000000000 0.000031231895
0.487500000000 0.837500000000 0.000028942345
0.487500000000 0.850000000000 0.000026665044
0.487500000000 0.862500000000 0.000024406687
0.487500000000 0.875000000000 0.000022157430
0.487500000000 0.887500000000 0.000019917747
0.487500000000 0.900000000000 0.000017680160
0.487500000000 0.912500000000 0.000015447347
0.487500000000 0.925000000000 0.000013223373
0.487500000000 0.937500000000 0.000011001965
0.487500000000 0.950000000000 0.000008788909
0.487500000000 0.962500000000 0.000006586158
0.487500000000 0.975000000000 0.000004387039
0.487500000000 0.987500000000 0.000002190870
0.487500000000 1.000000000000 0.000000000000

0.500000000000 0.000000000000 0.000000000000
0.500000000000 0.012500000000 0.000002195842
0.500000000000 0.025000000000 0.000004399587
0.500000000000 0.037500000000 0.000006602026
0.500000000000 0.050000000000 0.000008809973
0.500000000000 0.062500000000 0.000011025193
0.500000000000 0.075000000000 0.000013250255
0.500000000000 0.087500000000 0.000015473480
0.500000000000 0.100000000000 0.000017705227
0.500000000000 0.112500000000 0.000019942344
0.500000000000 0.125000000000 0.000022181209
0.500000000000 0.137500000000 0.000024428819
0.500000000000 0.150000000000 0.000026685418
0.500000000000 0.162500000000 0.000028963020
0.500000000000 0.175000000000 0.000031260052
0.500000000000 0.187500000000 0.000033578366
0.500000000000 0.200000000000 0.000035903315
0.500000000000 0.212500000000 0.000038251820
0.500000000000 0.225000000000 0.000040604318
0.500000000000 0.237500000000 0.000042958222
0.500000000000 0.250000000000 0.000045327500
0.500000000000 0.262500000000 0.000047713694
0.500000000000 0.275000000000 0.000050114863
0.500000000000 0.287500000000 0.000052539890
0.500000000000 0.300000000000 0.000055015647
0.500000000000 0.312500000000 0.000057549180
0.500000000000 0.325000000000 0.000060158667
0.500000000000 0.337500000000 0.000062859553
0.500000000000 0.350000000000 0.000065675270
0.500000000000 0.362500000000 0.000068619868
0.500000000000 0.375000000000 0.000071707909
0.500000000000 0.387500000000 0.000074984787
0.500000000000 0.400000000000 0.000078536156
0.500000000000 0.412500000000 0.000082423974
0.500000000000 0.425000000000 0.000086788267
0.500000000000 0.437500000000 0.000091795018
0.500000000000 0.450000000000 0.000097779493
0.500000000000 0.462500000000 0.000105398848
0.500000000000 0.475000000000 0.000116095280
0.500000000000 0.487500000000 0.000133968297
0.500000000000 0.500000000000 0.000173107425
0.500000000000 0.512500000000 0.000133968297
0.500000000000 0.525000000000 0.000116095280
0.500000000000 0.537500000000 0.000105398848
0.500000000000 0.550000000000 0.000097779493
0.500000000000 0.562500000000 0.000091795018
0.500000000000 0.575000000000 0.000086788267
0.500000000000 0.587500000000 0.000082423974
0.500000000000 0.600000000000 0.000078536156
0.500000000000 0.612500000000 0.000074984787
0.500000000000 0.625000000000 0.000071707909
0.500000000000 0.637500000000 0.000068619868
0.500000000000 0.650000000000 0.000065675270
0.500000000000 0.662500000000 0.000062859553
0.500000000000 0.675000000000 0.000060158667
0.500000000000 0.687500000000 0.000057549180
0.500000000000 0.700000000000 0.000055015647
0.500000000000 0.712500000000 0.000052539890
0.500000000000 0.725000000000 0.000050114863
0.500000000000 0.737500000000 0.000047713694
0.500000000000 0.750000000000 0.000045327500
0.500000000000 0.762500000000 0.000042958222
0.500000000000 0.775000000000 0.000040604318
0.500000000000 0.787500000000 0.000038251820
0.500000000000 0.800000000000 0.000035903315
0.500000000000 0.812500000000 0.000033578366
0.500000000000 0.825000000000 0.000031260052
0.500000000000 0.837500000000 0.000028963020
0.500000000000 0.850000000000 0.000026685418
0.500000000000 0.862500000000 0.000024428819
0.500000000000 0.875000000000 0.000022181209
0.500000000000 0.887500000000 0.000019942344
0.500000000000 0.900000000000 0.000017705227
0.500000000000 0.912500000000 0.000015473480
0.500000000000 0.925000000000 0.000013250255
0.500000000000 0.937500000000 0.000011025193
0.500000000000 0.950000000000 0.000008809973
0.500000000000 0.962500000000 0.000006602026
0.500000000000 0.975000000000 0.000004399587
0.500000000000 0.987500000000 0.000002195842
0.500000000000 1.000000000000 0.000000000000

0.512500000000 0.000000000000 0.000000000000
0.512500000000 0.012500000000 0.000002190870
0.512500000000 0.025000000000 0.000004387039
0.512500000000 0.037500000000 0.000006586158
0.512500000000 0.050000000000 0.000008788909
0.512500000000 0.062500000000 0.000011001965
0.512500000000 0.075000000000 0.000013223373
0.512500000000 0.087500000000 0.000015447347
0.512500000000 0.100000000000 0.000017680160
0.512500000000 0.112500000000 0.000019917747
0.512500000000 0.125000000000 0.000022157430
0.512500000000 0.137500000000 0.000024406687
0.512500000000 0.150000000000 0.000026665044
0.512500000000 0.162500000000 0.000028942345
0.512500000000 0.175000000000 0.000031231895
0.512500000000 0.187500000000 0.000033545634
0.512500000000 0.200000000000 0.000035869313
0.512500000000 0.212500000000 0.000038209456
0.512500000000 0.225000000000 0.000040554851
0.512500000000 0.237500000000 0.000042899204
0.512500000000 0.250000000000 0.000045269155
0.512500000000 0.262500000000 0.000047647597
0.512500000000 0.275000000000 0.000050047614
0.512500000000 0.287500000000 0.000052473174
0.512500000000 0.300000000000 0.000054942591
0.512500000000 0.312500000000 0.000057467743
0.512500000000 0.325000000000 0.000060068972
0.512500000000 0.337500000000 0.000062758983
0.512500000000 0.350000000000 0.000065558930
0.512500000000 0.362500000000 0.000068482714
0.512500000000 0.375000000000 0.000071548435
0.512500000000 0.387500000000 0.000074792032
0.512500000000 0.400000000000 0.000078297847
0.512500000000 0.412500000000 0.000082128924
0.512500000000 0.425000000000 0.000086390195
0.512500000000 0.437500000000 0.000091233330
0.512500000000 0.450000000000 0.000096898015
0.512500000000 0.462500000000 0.000103775504
0.512500000000 0.475000000000 0.000112412522
0.512500000000 0.487500000000 0.000123236239
0.512500000000 0.500000000000 0.000133968297
0.512500000000 0.512500000000 0.000123236239
0.512500000000 0.525000000000 0.000112412522
0.512500000000 0.537500000000 0.000103775504
0.512500000000 0.550000000000 0.000096898015
0.512500000000 0.562500000000 0.000091233330
0.512500000000 0.575000000000 0.000086390195
0.512500000000 0.587500000000 0.000082128924
0.512500000000 0.600000000000 0.000078297847
0.512500000000 0.612500000000 0.000074792032
0.512500000000 0.625000000000 0.000071548435
0.512500000000 0.637500000000 0.000068482714
0.512500000000 0.650000000000 0.000065558930
0.512500000000 0.662500000000 0.000062758983
0.512500000000 0.675000000000 0.000060068972
0.512500000000 0.687500000000 0.000057467743
0.512500000000 0.700000000000 0.000054942591
0.512500000000 0.712500000000 0.000052473174
0.512500000000 0.725000000000 0.000050047614
0.512500000000 0.737500000000 0.000047647597
0.512500000000 0.750000000000 0.000045269155
0.512500000000 0.762500000000 0.000042899204
0.512500000000 0.775000000000 0.000040554851
0.512500000000 0.787500000000 0.000038209456
0.512500000000 0.800000000000 0.000035869313
0.512500000000 0.812500000000 0.000033545634
0.512500000000 0.825000000000 0.000031231895
0.512500000000 0.837500000000 0.000028942345
0.512500000000 0.850000000000 0.000026665044
0.512500000000 0.862500000000 0.000024406687
0.512500000000 0.875000000000 0.000022157430
0.512500000000 0.887500000000 0.000019917747
0.512500000000 0.900000000000 0.000017680160
0.512500000000 0.912500000000 0.000015447347
0.512500000000 0.925000000000 0.000013223373
0.512500000000 0.937500000000 0.000011001965
0.512500000000 0.950000000000 0.000008788909
0.512500000000 0.962500000000 0.000006586158
0.512500000000 0.975000000000 0.000004387039
0.512500000000 0.987500000000 0.000002190870
0.512500000000 1.000000000000 0.000000000000

0.525000000000 0.000000000000 0.000000000000
0.525000000000 0.012500000000 0.000002178086
0.525000000000 0.025000000000 0.000004359485
0.525000000000 0.037500000000 0.000006545821
0.525000000000 0.050000000000 0.000008740988
0.525000000000 0.062500000000 0.000010944102
0.525000000000 0.075000000000 0.000013159150
0.525000000000 0.087500000000 0.000015381050
0.525000000000 0.100000000000 0.000017611754
0.525000000000 0.112500000000 0.000019847528
0.525000000000 0.125000000000 0.000022087454
0.525000000000 0.137500000000 0.000024333358
0.525000000000 0.150000000000 0.000026588201
0.525000000000 0.162500000000 0.000028856408
0.525000000000 0.175000000000 0.000031138493
0.525000000000 0.187500000000 0.000033438797
0.525000000000 0.200000000000 0.000035749923
0.525000000000 0.212500000000 0.000038075794
0.525000000000 0.225000000000 0.000040407671
0.525000000000 0.237500000000 0.000042744545
0.525000000000 0.250000000000 0.000045097618
0.525000000000 0.262500000000 0.000047469897
0.525000000000 0.275000000000 0.000049857963
0.525000000000 0.287500000000 0.000052270675
0.525000000000 0.300000000000 0.000054723181
0.525000000000 0.312500000000 0.000057228454
0.525000000000 0.325000000000 0.000059800723
0.525000000000 0.337500000000 0.000062458609
0.525000000000 0.350000000000 0.000065213983
0.525000000000 0.362500000000 0.000068081959
0.525000000000 0.375000000000 0.000071079441
0.525000000000 0.387500000000 0.000074240117
0.525000000000 0.400000000000 0.000077623724
0.525000000000 0.412500000000 0.000081279998
0.525000000000 0.425000000000 0.000085276875
0.525000000000 0.437500000000 0.000089698786
0.525000000000 0.450000000000 0.000094653047
0.525000000000 0.462500000000 0.000100232635
0.525000000000 0.475000000000 0.000106366330
0.525000000000 0.487500000000 0.000112412522
0.525000000000 0.500000000000 0.000116095280
0.525000000000 0.512500000000 0.000112412522
0.525000000000 0.525000000000 0.000106366330
0.525000000000 0.537500000000 0.000100232635
0.525000000000 0.550000000000 0.000094653047
0.525000000000 0.562500000000 0.000089698786
0.525000000000 0.575000000000 0.000085276875
0.525000000000 0.587500000000 0.000081279998
0.525000000000 0.600000000000 0.000077623724
0.525000000000 0.612500000000 0.000074240117
0.525000000000 0.625000000000 0.000071079441
0.525000000000 0.637500000000 0.000068081959
0.525000000000 0.650000000000 0.000065213983
0.525000000000 0.662500000000 0.000062458609
0.525000000000 0.675000000000 0.000059800723
0.525000000000 0.687500000000 0.000057228454
0.525000000000 0.700000000000 0.000054723181
0.525000000000 0.712500000000 0.000052270675
0.525000000000 0.725000000000 0.000049857963
0.525000000000 0.737500000000 0.000047469897
0.525000000000 0.750000000000 0.000045097618
0.525000000000 0.762500000000 0.000042744545
0.525000000000 0.775000000000 0.000040407671
0.525000000000 0.787500000000 0.000038075794
0.525000000000 0.800000000000 0.000035749923
0.525000000000 0.812500000000 0.000033438797
0.525000000000 0.825000000000 0.000031138493
0.525000000000 0.837500000000 0.000028856408
0.525000000000 0.850000000000 0.000026588201
0.525000000000 0.862500000000 0.000024333358
0.525000000000 0.875000000000 0.000022087454
0.525000000000 0.887500000000 0.000019847528
0.525000000000 0.900000000000 0.000017611754
0.525000000000 0.912500000000 0.000015381050
0.525000000000 0.925000000000 0.000013159150
0.525000000000 0.937500000000 0.000010944102
0.525000000000 0.950000000000 0.000008740988
0.525000000000 0.962500000000 0.000006545821
0.525000000000 0.975000000000 0.000004359485
0.525000000000 0.987500000000 0.000002178086
0.525000000000 1.000000000000 0.000000000000

0.537500000000 0.000000000000 0.000000000000
0.537500000000 0.012500000000 0.000002158932
0.537500000000 0.025000000000 0.000004319604
0.537500000000 0.037500000000 0.000006486707
0.537500000000 0.050000000000 0.000008670875
0.537500000000 0.062500000000 0.000010858518
0.537500000000 0.075000000000 0.000013064649
0.537500000000 0.087500000000 0.000015281181
0.537500000000 0.100000000000 0.000017506668
0.537500000000 0.112500000000 0.000019737286
0.537500000000 0.125000000000 0.000021973505
0.537500000000 0.137500000000 0.000024214359
0.537500000000 0.150000000000 0.000026457766
0.537500000000 0.162500000000 0.000028711936
0.537500000000 0.175000000000 0.000030981353
0.537500000000 0.187500000000 0.000033265803
0.537500000000 0.200000000000 0.000035556329
0.537500000000 0.212500000000 0.000037856537
0.537500000000 0.225000000000 0.000040171848
0.537500000000 0.237500000000 0.000042497567
0.537500000000 0.250000000000 0.000044824350
0.537500000000 0.262500000000 0.000047176274
0.537500000000 0.275000000000 0.000049544389
0.537500000000 0.287500000000 0.000051936780
0.537500000000 0.300000000000 0.000054359241
0.537500000000 0.312500000000 0.000056829638
0.537500000000 0.325000000000 0.000059356802
0.537500000000 0.337500000000 0.000061955875
0.537500000000 0.350000000000 0.000064641863
0.537500000000 0.362500000000 0.000067424047
0.537500000000 0.375000000000 0.000070316566
0.537500000000 0.387500000000 0.000073349021
0.537500000000 0.400000000000 0.000076552081
0.537500000000 0.412500000000 0.000079955359
0.537500000000 0.425000000000 0.000083591261
0.537500000000 0.437500000000 0.000087480858
0.537500000000 0.450000000000 0.000091633195
0.537500000000 0.462500000000 0.000095971440
0.537500000000 0.475000000000 0.000100232635
0.537500000000 0.487500000000 0.000103775504
0.537500000000 0.500000000000 0.000105398848
0.537500000000 0.512500000000 0.000103775504
0.537500000000 0.525000000000 0.000100232635
0.537500000000 0.537500000000 0.000095971440
0.537500000000 0.550000000000 0.000091633195
0.537500000000 0.562500000000 0.000087480858
0.537500000000 0.575000000000 0.000083591261
0.537500000000 0.587500000000 0.000079955359
0.537500000000 0.600000000000 0.000076552081
0.537500000000 0.612500000000 0.000073349021
0.537500000000 0.625000000000 0.000070316566
0.537500000000 0.637500000000 0.000067424047
0.537500000000 0.650000000000 0.000064641863
0.537500000000 0.662500000000 0.000061955875
0.537500000000 0.675000000000 0.000059356802
0.537500000000 0.687500000000 0.000056829638
0.537500000000 0.700000000000 0.000054359241
0.537500000000 0.712500000000 0.000051936780
0.537500000000 0.725000000000 0.000049544389
0.537500000000 0.737500000000 0.000047176274
0.537500000000 0.750000000000 0.000044824350
0.537500000000 0.762500000000 0.000042497567
0.537500000000 0.775000000000 0.000040171848
0.537500000000 0.787500000000 0.000037856537
0.537500000000 0.800000000000 0.000035556329
0.537500000000 0.812500000000 0.000033265803
0.537500000000 0.825000000000 0.000030981353
0.537500000000 0.837500000000 0.000028711936
0.537500000000 0.850000000000 0.000026457766
0.537500000000 0.862500000000 0.000024214359
0.537500000000 0.875000000000 0.000021973505
0.537500000000 0.887500000000 0.000019737286
0.537500000000 0.900000000000 0.000017506668
0.537500000000 0.912500000000 0.000015281181
0.537500000000 0.925000000000 0.000013064649
0.537500000000 0.937500000000 0.000010858518
0.537500000000 0.950000000000 0.000008670875
0.537500000000 0.962500000000 0.000006486707
0.537500000000 0.975000000000 0.000004319604
0.537500000000 0.987500000000 0.000002158932
0.537500000000 1.000000000000 0.000000000000

0.550000000000 0.000000000000 0.000000000000
0.550000000000 0.012500000000 0.000002135442
0.550000000000 0.025000000000 0.000004269437
0.550000000000 0.037500000000 0.000006416202
0.550000000000 0.050000000000 0.000008581636
0.550000000000 0.062500000000 0.000010753284
0.550000000000 0.075000000000 0.000012943425
0.550000000000 0.087500000000 0.000015150712
0.550000000000 0.100000000000 0.000017366496
0.550000000000 0.112500000000 0.000019584809
0.550000000000 0.125000000000 0.000021809152
0.550000000000 0.137500000000 0.000024036777
0.550000000000 0.150000000000 0.000026268453
0.550000000000 0.162500000000 0.000028506105
0.550000000000 0.175000000000 0.000030752598
0.550000000000 0.187500000000 0.000033015578
0.550000000000 0.200000000000 0.000035290771
0.550000000000 0.212500000000 0.000037569848
0.550000000000 0.225000000000 0.000039856702
0.550000000000 0.237500000000 0.000042151338
0.550000000000 0.250000000000 0.000044453772
0.550000000000 0.262500000000 0.000046776467
0.550000000000 0.275000000000 0.000049113782
0.550000000000 0.287500000000 0.000051471698
0.550000000000 0.300000000000 0.000053851082
0.550000000000 0.312500000000 0.000056271071
0.550000000000 0.325000000000 0.000058740276
0.550000000000 0.337500000000 0.000061273690
0.550000000000 0.350000000000 0.000063870579
0.550000000000 0.362500000000 0.000066540731
0.550000000000 0.375000000000 0.000069302156
0.550000000000 0.387500000000 0.000072167072
0.550000000000 0.400000000000 0.000075150632
0.550000000000 0.412500000000 0.000078268980
0.550000000000 0.425000000000 0.000081508388
0.550000000000 0.437500000000 0.000084864366
0.550000000000 0.450000000000 0.000088285821
0.550000000000 0.462500000000 0.000091633195
0.550000000000 0.475000000000 0.000094653047
0.550000000000 0.487500000000 0.000096898015
0.550000000000 0.500000000000 0.000097779493
0.550000000000 0.512500000000 0.000096898015
0.550000000000 0.525000000000 0.000094653047
0.550000000000 0.537500000000 0.000091633195
0.550000000000 0.550000000000 0.000088285821
0.550000000000 0.562500000000 0.000084864366
0.550000000000 0.575000000000 0.000081508388
0.550000000000 0.587500000000 0.000078268980
0.550000000000 0.600000000000 0.000075150632
0.550000000000 0.612500000000 0.000072167072
0.550000000000 0.625000000000 0.000069302156
0.550000000000 0.637500000000 0.000066540731
0.550000000000 0.650000000000 0.000063870579
0.550000000000 0.662500000000 0.000061273690
0.550000000000 0.675000000000 0.000058740276
0.550000000000 0.687500000000 0.000056271071
0.550000000000 0.700000000000 0.000053851082
0.550000000000 0.712500000000 0.000051471698
0.550000000000 0.725000000000 0.000049113782
0.550000000000 0.737500000000 0.000046776467
0.550000000000 0.750000000000 0.000044453772
0.550000000000 0.762500000000 0.000042151338
0.550000000000 0.775000000000 0.000039856702
0.550000000000 0.787500000000 0.000037569848
0.550000000000 0.800000000000 0.000035290771
0.550000000000 0.812500000000 0.000033015578
0.550000000000 0.825000000000 0.000030752598
0.550000000000 0.837500000000 0.000028506105
0.550000000000 0.850000000000 0.000026268453
0.550000000000 0.862500000000 0.000024036777
0.550000000000 0.875000000000 0.000021809152
0.550000000000 0.887500000000 0.000019584809
0.550000000000 0.900000000000 0.000017366496
0.550000000000 0.912500000000 0.000015150712
0.550000000000 0.925000000000 0.000012943425
0.550000000000 0.937500000000 0.000010753284
0.550000000000 0.950000000000 0.000008581636
0.550000000000 0.962500000000 0.000006416202
0.550000000000 0.975000000000 0.000004269437
0.550000000000 0.987500000000 0.000002135442
0.550000000000 1.000000000000 0.000000000000

0.562500000000 0.000000000000 0.000000000000
0.562500000000 0.012500000000 0.000002105518
0.562500000000 0.025000000000 0.000004210840
0.562500000000 0.037500000000 0.000006330392
0.562500000000 0.050000000000 0.000008473217
0.562500000000 0.062500000000 0.000010623093
0.562500000000 0.075000000000 0.000012794980
0.562500000000 0.087500000000 0.000014984605
0.562500000000 0.100000000000 0.000017182916
0.562500000000 0.112500000000 0.000019384030
0.562500000000 0.125000000000 0.000021591195
0.562500000000 0.137500000000 0.000023801328
0.562500000000 0.150000000000 0.000026010057
0.562500000000 0.162500000000 0.000028228032
0.562500000000 0.175000000000 0.000030457763
0.562500000000 0.187500000000 0.000032701756
0.562500000000 0.200000000000 0.000034947947
0.562500000000 0.212500000000 0.000037197880
0.562500000000 0.225000000000 0.000039460485
0.562500000000 0.237500000000 0.000041726505
0.562500000000 0.250000000000 0.000043988957
0.562500000000 0.262500000000 0.000046268163
0.562500000000 0.275000000000 0.000048565243
0.562500000000 0.287500000000 0.000050879284
0.562500000000 0.300000000000 0.000053210373
0.562500000000 0.312500000000 0.000055573705
0.562500000000 0.325000000000 0.000057974618
0.562500000000 0.337500000000 0.000060420483
0.562500000000 0.350000000000 0.000062915944
0.562500000000 0.362500000000 0.000065464585
0.562500000000 0.375000000000 0.000068079363
0.562500000000 0.387500000000 0.000070764444
0.562500000000 0.400000000000 0.000073518228
0.562500000000 0.412500000000 0.000076332932
0.562500000000 0.425000000000 0.000079188676
0.562500000000 0.437500000000 0.000082054480
0.562500000000 0.450000000000 0.000084864366
0.562500000000 0.462500000000 0.000087480858
0.562500000000 0.475000000000 0.000089698786
0.562500000000 0.487500000000 0.000091233330
0.562500000000 0.500000000000 0.000091795018
0.562500000000 0.512500000000 0.000091233330
0.562500000000 0.525000000000 0.000089698786
0.562500000000 0.537500000000 0.000087480858
0.562500000000 0.550000000000 0.000084864366
0.562500000000 0.562500000000 0.000082054480
0.562500000000 0.575000000000 0.000079188676
0.562500000000 0.587500000000 0.000076332932
0.562500000000 0.600000000000 0.000073518228
0.562500000000 0.612500000000 0.000070764444
0.562500000000 0.625000000000 0.000068079363
0.562500000000 0.637500000000 0.000065464585
0.562500000000 0.650000000000 0.000062915944
0.562500000000 0.662500000000 0.000060420483
0.562500000000 0.675000000000 0.000057974618
0.562500000000 0.687500000000 0.000055573705
0.562500000000 0.700000000000 0.000053210373
0.562500000000 0.712500000000 0.000050879284
0.562500000000 0.725000000000 0.000048565243
0.562500000000 0.737500000000 0.000046268163
0.562500000000 0.750000000000 0.000043988957
0.562500000000 0.762500000000 0.000041726505
0.562500000000 0.775000000000 0.000039460485
0.562500000000 0.787500000000 0.000037197880
0.562500000000 0.800000000000 0.000034947947
0.562500000000 0.812500000000 0.000032701756
0.562500000000 0.825000000000 0.000030457763
0.562500000000 0.837500000000 0.000028228032
0.562500000000 0.850000000000 0.000026010057
0.562500000000 0.862500000000 0.000023801328
0.562500000000 0.875000000000 0.000021591195
0.562500000000 0.887500000000 0.000019384030
0.562500000000 0.900000000000 0.000017182916
0.562500000000 0.912500000000 0.000014984605
0.562500000000 0.925000000000 0.000012794980
0.562500000000 0.937500000000 0.000010623093
0.562500000000 0.950000000000 0.000008473217
0.562500000000 0.962500000000 0.000006330392
0.562500000000 0.975000000000 0.000004210840
0.562500000000 0.987500000000 0.000002105518
0.562500000000 1.000000000000 0.000000000000

0.575000000000 0.000000000000 0.000000000000
0.575000000000 0.012500000000 0.000002072145
0.575000000000 0.025000000000 0.000004146953
0.575000000000 0.037500000000 0.000006236607
0.575000000000 0.050000000000 0.000008349286
0.575000000000 0.062500000000 0.000010473537
0.575000000000 0.075000000000 0.000012619774
0.575000000000 0.087500000000 0.000014783819
0.575000000000 0.100000000000 0.000016957673
0.575000000000 0.112500000000 0.000019135130
0.575000000000 0.125000000000 0.000021318884
0.575000000000 0.137500000000 0.000023506585
0.575000000000 0.150000000000 0.000025695527
0.575000000000 0.162500000000 0.000027891783
0.575000000000 0.175000000000 0.000030100018
0.575000000000 0.187500000000 0.000032320264
0.575000000000 0.200000000000 0.000034538716
0.575000000000 0.212500000000 0.000036761016
0.575000000000 0.225000000000 0.000038983985
0.575000000000 0.237500000000 0.000041205733
0.575000000000 0.250000000000 0.000043424142
0.575000000000 0.262500000000 0.000045659070
0.575000000000 0.275000000000 0.000047907516
0.575000000000 0.287500000000 0.000050166571
0.575000000000 0.300000000000 0.000052442691
0.575000000000 0.312500000000 0.000054740514
0.575000000000 0.325000000000 0.000057065752
0.575000000000 0.337500000000 0.000059422341
0.575000000000 0.350000000000 0.000061806820
0.575000000000 0.362500000000 0.000064224429
0.575000000000 0.375000000000 0.000066681466
0.575000000000 0.387500000000 0.000069176161
0.575000000000 0.400000000000 0.000071702128
0.575000000000 0.412500000000 0.000074229483
0.575000000000 0.425000000000 0.000076740961
0.575000000000 0.437500000000 0.000079188676
0.575000000000 0.450000000000 0.000081508388
0.575000000000 0.462500000000 0.000083591261
0.575000000000 0.475000000000 0.000085276875
0.575000000000 0.487500000000 0.000086390195
0.575000000000 0.500000000000 0.000086788267
0.575000000000 0.512500000000 0.000086390195
0.575000000000 0.525000000000 0.000085276875
0.575000000000 0.537500000000 0.000083591261
0.575000000000 0.550000000000 0.000081508388
0.575000000000 0.562500000000 0.000079188676
0.575000000000 0.575000000000 0.000076740961
0.575000000000 0.587500000000 0.000074229483
0.575000000000 0.600000000000 0.000071702128
0.575000000000 0.612500000000 0.000069176161
0.575000000000 0.625000000000 0.000066681466
0.575000000000 0.637500000000 0.000064224429
0.575000000000 0.650000000000 0.000061806820
0.575000000000 0.662500000000 0.000059422341
0.575000000000 0.675000000000 0.000057065752
0.575000000000 0.687500000000 0.000054740514
0.575000000000 0.700000000000 0.000052442691
0.575000000000 0.712500000000 0.000050166571
0.575000000000 0.725000000000 0.000047907516
0.575000000000 0.737500000000 0.000045659070
0.575000000000 0.750000000000 0.000043424142
0.575000000000 0.762500000000 0.000041205733
0.575000000000 0.775000000000 0.000038983985
0.575000000000 0.787500000000 0.000036761016
0.575000000000 0.800000000000 0.000034538716
0.575000000000 0.812500000000 0.000032320264
0.575000000000 0.825000000000 0.000030100018
0.575000000000 0.837500000000 0.000027891783
0.575000000000 0.850000000000 0.000025695527
0.575000000000 0.862500000000 0.000023506585
0.575000000000 0.875000000000 0.000021318884
0.575000000000 0.887500000000 0.000019135130
0.575000000000 0.900000000000 0.000016957673
0.575000000000 0.912500000000 0.000014783819
0.575000000000 0.925000000000 0.000012619774
0.575000000000 0.937500000000 0.000010473537
0.575000000000 0.950000000000 0.000008349286
0.575000000000 0.962500000000 0.000006236607
0.575000000000 0.975000000000 0.000004146953
0.575000000000 0.987500000000 0.000002072145
0.575000000000 1.000000000000 0.000000000000

0.587500000000 0.000000000000 0.000000000000
0.587500000000 0.012500000000 0.000002039708
0.587500000000 0.025000000000 0.000004084295
0.587500000000 0.037500000000 0.000006144115
0.587500000000 0.050000000000 0.000008220319
0.587500000000 0.062500000000 0.000010315186
0.587500000000 0.075000000000 0.000012428448
0.587500000000 0.087500000000 0.000014558393
0.587500000000 0.100000000000 0.000016700780
0.587500000000 0.112500000000 0.000018849571
0.587500000000 0.125000000000 0.000021002684
0.587500000000 0.137500000000 0.000023164927
0.587500000000 0.150000000000 0.000025328895
0.587500000000 0.162500000000 0.000027502789
0.587500000000 0.175000000000 0.000029679465
0.587500000000 0.187500000000 0.000031871438
0.587500000000 0.200000000000 0.000034057784
0.587500000000 0.212500000000 0.000036241865
0.587500000000 0.225000000000 0.000038423500
0.587500000000 0.237500000000 0.000040592508
0.587500000000 0.250000000000 0.000042772762
0.587500000000 0.262500000000 0.000044951413
0.587500000000 0.275000000000 0.000047149318
0.587500000000 0.287500000000 0.000049353460
0.587500000000 0.300000000000 0.000051567936
0.587500000000 0.312500000000 0.000053789842
0.587500000000 0.325000000000 0.000056031993
0.587500000000 0.337500000000 0.000058284714
0.587500000000 0.350000000000 0.000060551426
0.587500000000 0.362500000000 0.000062834802
0.587500000000 0.375000000000 0.000065136696
0.587500000000 0.387500000000 0.000067442357
0.587500000000 0.400000000000 0.000069752431
0.587500000000 0.412500000000 0.000072023728
0.587500000000 0.425000000000 0.000074229483
0.587500000000 0.437500000000 0.000076332932
0.587500000000 0.450000000000 0.000078268980
0.587500000000 0.462500000000 0.000079955359
0.587500000000 0.475000000000 0.000081279998
0.587500000000 0.487500000000 0.000082128924
0.587500000000 0.500000000000 0.000082423974
0.587500000000 0.512500000000 0.000082128924
0.587500000000 0.525000000000 0.000081279998
0.587500000000 0.537500000000 0.000079955359
0.587500000000 0.550000000000 0.000078268980
0.587500000000 0.562500000000 0.000076332932
0.587500000000 0.575000000000 0.000074229483
0.587500000000 0.587500000000 0.000072023728
0.587500000000 0.600000000000 0.000069752431
0.587500000000 0.612500000000 0.000067442357
0.587500000000 0.625000000000 0.000065136696
0.587500000000 0.637500000000 0.000062834802
0.587500000000 0.650000000000 0.000060551426
0.587500000000 0.662500000000 0.000058284714
0.587500000000 0.675000000000 0.000056031993
0.587500000000 0.687500000000 0.000053789842
0.587500000000 0.700000000000 0.000051567936
0.587500000000 0.712500000000 0.000049353460
0.587500000000 0.725000000000 0.000047149318
0.587500000000 0.737500000000 0.000044951413
0.587500000000 0.750000000000 0.000042772762
0.587500000000 0.762500000000 0.000040592508
0.587500000000 0.775000000000 0.000038423500
0.587500000000 0.787500000000 0.000036241865
0.587500000000 0.800000000000 0.000034057784
0.587500000000 0.812500000000 0.000031871438
0.587500000000 0.825000000000 0.000029679465
0.587500000000 0.837500000000 0.000027502789
0.587500000000 0.850000000000 0.000025328895
0.587500000000 0.862500000000 0.000023164927
0.587500000000 0.875000000000 0.000021002684
0.587500000000 0.887500000000 0.000018849571
0.587500000000 0.900000000000 0.000016700780
0.587500000000 0.912500000000 0.000014558393
0.587500000000 0.925000000000 0.000012428448
0.587500000000 0.937500000000 0.000010315186
0.587500000000 0.950000000000 0.000008220319
0.587500000000 0.962500000000 0.000006144115
0.587500000000 0.975000000000 0.000004084295
0.587500000000 0.987500000000 0.000002039708
0.587500000000 1.000000000000 0.000000000000

0.600000000000 0.000000000000 0.000000000000
0.600000000000 0.012500000000 0.000002010119
0.600000000000 0.025000000000 0.000004027597
0.600000000000 0.037500000000 0.000006055856
0.600000000000 0.050000000000 0.000008093974
0.600000000000 0.062500000000 0.000010154069
0.600000000000 0.075000000000 0.000012229036
0.600000000000 0.087500000000 0.000014317624
0.600000000000 0.100000000000 0.000016420338
0.600000000000 0.112500000000 0.000018534584
0.600000000000 0.125000000000 0.000020654617
0.600000000000 0.137500000000 0.000022778926
0.600000000000 0.150000000000 0.000024911516
0.600000000000 0.162500000000 0.000027049885
0.600000000000 0.175000000000 0.000029196994
0.600000000000 0.187500000000 0.000031348549
0.600000000000 0.200000000000 0.000033490596
0.600000000000 0.212500000000 0.000035637682
0.600000000000 0.225000000000 0.000037776583
0.600000000000 0.237500000000 0.000039902556
0.600000000000 0.250000000000 0.000042031867
0.600000000000 0.262500000000 0.000044166566
0.600000000000 0.275000000000 0.000046307048
0.600000000000 0.287500000000 0.000048446192
0.600000000000 0.300000000000 0.000050596311
0.600000000000 0.312500000000 0.000052740534
0.600000000000 0.325000000000 0.000054884657
0.600000000000 0.337500000000 0.000057031376
0.600000000000 0.350000000000 0.000059175170
0.600000000000 0.362500000000 0.000061326099
0.600000000000 0.375000000000 0.000063472305
0.600000000000 0.387500000000 0.000065603590
0.600000000000 0.400000000000 0.000067714224
0.600000000000 0.412500000000 0.000069752431
0.600000000000 0.425000000000 0.000071702128
0.600000000000 0.437500000000 0.000073518228
0.600000000000 0.450000000000 0.000075150632
0.600000000000 0.462500000000 0.000076552081
0.600000000000 0.475000000000 0.000077623724
0.600000000000 0.487500000000 0.000078297847
0.600000000000 0.500000000000 0.000078536156
0.600000000000 0.512500000000 0.000078297847
0.600000000000 0.525000000000 0.000077623724
0.600000000000 0.537500000000 0.000076552081
0.600000000000 0.550000000000 0.000075150632
0.600000000000 0.562500000000 0.000073518228
0.600000000000 0.575000000000 0.000071702128
0.600000000000 0.587500000000 0.000069752431
0.600000000000 0.600000000000 0.000067714224
0.600000000000 0.612500000000 0.000065603590
0.600000000000 0.625000000000 0.000063472305
0.600000000000 0.637500000000 0.000061326099
0.600000000000 0.650000000000 0.000059175170
0.600000000000 0.662500000000 0.000057031376
0.600000000000 0.675000000000 0.000054884657
0.600000000000 0.687500000000 0.000052740534
0.600000000000 0.700000000000 0.000050596311
0.600000000000 0.712500000000 0.000048446192
0.600000000000 0.725000000000 0.000046307048
0.600000000000 0.737500000000 0.000044166566
0.600000000000 0.750000000000 0.000042031867
0.600000000000 0.762500000000 0.000039902556
0.600000000000 0.775000000000 0.000037776583
0.600000000000 0.787500000000 0.000035637682
0.600000000000 0.800000000000 0.000033490596
0.600000000000 0.812500000000 0.000031348549
0.600000000000 0.825000000000 0.000029196994
0.600000000000 0.837500000000 0.000027049885
0.600000000000 0.850000000000 0.000024911516
0.600000000000 0.862500000000 0.000022778926
0.600000000000 0.875000000000 0.000020654617
0.600000000000 0.887500000000 0.000018534584
0.600000000000 0.900000000000 0.000016420338
0.600000000000 0.912500000000 0.000014317624
0.600000000000 0.925000000000 0.000012229036
0.600000000000 0.937500000000 0.000010154069
0.600000000000 0.950000000000 0.000008093974
0.600000000000 0.962500000000 0.000006055856
0.600000000000 0.975000000000 0.000004027597
0.600000000000 0.987500000000 0.000002010119
0.600000000000 1.000000000000 0.000000000000

0.612500000000 0.000000000000 0.000000000000
0.612500000000 0.012500000000 0.000001979413
0.612500000000 0.025000000000 0.000003967183
0.612500000000 0.037500000000 0.000005959445
0.612500000000 0.050000000000 0.000007958326
0.612500000000 0.062500000000 0.000009975852
0.612500000000 0.075000000000 0.000012009460
0.612500000000 0.087500000000 0.000014053398
0.612500000000 0.100000000000 0.000016114744
0.612500000000 0.112500000000 0.000018190567
0.612500000000 0.125000000000 0.000020271007
0.612500000000 0.137500000000 0.000022358740
0.612500000000 0.150000000000 0.000024453471
0.612500000000 0.162500000000 0.000026552184
0.612500000000 0.175000000000 0.000028653404
0.612500000000 0.187500000000 0.000030761939
0.612500000000 0.200000000000 0.000032862618
0.612500000000 0.212500000000 0.000034961825
0.612500000000 0.225000000000 0.000037051332
0.612500000000 0.237500000000 0.000039128500
0.612500000000 0.250000000000 0.000041210081
0.612500000000 0.262500000000 0.000043292886
0.612500000000 0.275000000000 0.000045375240
0.612500000000 0.287500000000 0.000047453085
0.612500000000 0.300000000000 0.000049531015
0.612500000000 0.312500000000 0.000051593335
0.612500000000 0.325000000000 0.000053644917
0.612500000000 0.337500000000 0.000055682889
0.612500000000 0.350000000000 0.000057709436
0.612500000000 0.362500000000 0.000059727647
0.612500000000 0.375000000000 0.000061720356
0.612500000000 0.387500000000 0.000063679672
0.612500000000 0.400000000000 0.000065603590
0.612500000000 0.412500000000 0.000067442357
0.612500000000 0.425000000000 0.000069176161
0.612500000000 0.437500000000 0.000070764444
0.612500000000 0.450000000000 0.000072167072
0.612500000000 0.462500000000 0.000073349021
0.612500000000 0.475000000000 0.000074240117
0.612500000000 0.487500000000 0.000074792032
0.612500000000 0.500000000000 0.000074984787
0.612500000000 0.512500000000 0.000074792032
0.612500000000 0.525000000000 0.000074240117
0.612500000000 0.537500000000 0.000073349021
0.612500000000 0.550000000000 0.000072167072
0.612500000000 0.562500000000 0.000070764444
0.612500000000 0.575000000000 0.000069176161
0.612500000000 0.587500000000 0.000067442357
0.612500000000 0.600000000000 0.000065603590
0.612500000000 0.612500000000 0.000063679672
0.612500000000 0.625000000000 0.000061720356
0.612500000000 0.637500000000 0.000059727647
0.612500000000 0.650000000000 0.000057709436
0.612500000000 0.662500000000 0.000055682889
0.612500000000 0.675000000000 0.000053644917
0.612500000000 0.687500000000 0.000051593335
0.612500000000 0.700000000000 0.000049531015
0.612500000000 0.712500000000 0.000047453085
0.612500000000 0.725000000000 0.000045375240
0.612500000000 0.737500000000 0.000043292886
0.612500000000 0.750000000000 0.000041210081
0.612500000000 0.762500000000 0.000039128500
0.612500000000 0.775000000000 0.000037051332
0.612500000000 0.787500000000 0.000034961825
0.612500000000 0.800000000000 0.000032862618
0.612500000000 0.812500000000 0.000030761939
0.612500000000 0.825000000000 0.000028653404
0.612500000000 0.837500000000 0.000026552184
0.612500000000 0.850000000000 0.000024453471
0.612500000000 0.862500000000 0.000022358740
0.612500000000 0.875000000000 0.000020271007
0.612500000000 0.887500000000 0.000018190567
0.612500000000 0.900000000000 0.000016114744
0.612500000000 0.912500000000 0.000014053398
0.612500000000 0.925000000000 0.000012009460
0.612500000000 0.937500000000 0.000009975852
0.612500000000 0.950000000000 0.000007958326
0.612500000000 0.962500000000 0.000005959445
0.612500000000 0.975000000000 0.000003967183
0.612500000000 0.987500000000 0.000001979413
0.612500000000 1.000000000000 0.000000000000

0.625000000000 0.000000000000 0.000000000000
0.625000000000 0.012500000000 0.000001943424
0.625000000000 0.025000000000 0.000003893330
0.625000000000 0.037500000000 0.000005844870
0.625000000000 0.050000000000 0.000007803175
0.625000000000 0.062500000000 0.000009775323
0.625000000000 0.075000000000 0.000011765250
0.625000000000 0.087500000000 0.000013764855
0.625000000000 0.100000000000 0.000015783405
0.625000000000 0.112500000000 0.000017816390
0.625000000000 0.125000000000 0.000019852792
0.625000000000 0.137500000000 0.000021895533
0.625000000000 0.150000000000 0.000023944907
0.625000000000 0.162500000000 0.000025999878
0.625000000000 0.175000000000 0.000028050979
0.625000000000 0.187500000000 0.000030110775
0.625000000000 0.200000000000 0.000032168962
0.625000000000 0.212500000000 0.000034222132
0.625000000000 0.225000000000 0.000036261310
0.625000000000 0.237500000000 0.000038287789
0.625000000000 0.250000000000 0.000040319556
0.625000000000 0.262500000000 0.000042346937
0.625000000000 0.275000000000 0.000044365002
0.625000000000 0.287500000000 0.000046377590
0.625000000000 0.300000000000 0.000048382358
0.625000000000 0.312500000000 0.000050364665
0.625000000000 0.325000000000 0.000052323594
0.625000000000 0.337500000000 0.000054259763
0.625000000000 0.350000000000 0.000056175068
0.625000000000 0.362500000000 0.000058065500
0.625000000000 0.375000000000 0.000059918290
0.625000000000 0.387500000000 0.000061720356
0.625000000000 0.400000000000 0.000063472305
0.625000000000 0.412500000000 0.000065136696
0.625000000000 0.425000000000 0.000066681466
0.625000000000 0.437500000000 0.000068079363
0.625000000000 0.450000000000 0.000069302156
0.625000000000 0.462500000000 0.000070316566
0.625000000000 0.475000000000 0.000071079441
0.625000000000 0.487500000000 0.000071548435
0.625000000000 0.500000000000 0.000071707909
0.625000000000 0.512500000000 0.000071548435
0.625000000000 0.525000000000 0.000071079441
0.625000000000 0.537500000000 0.000070316566
0.625000000000 0.550000000000 0.000069302156
0.625000000000 0.562500000000 0.000068079363
0.625000000000 0.575000000000 0.000066681466
0.625000000000 0.587500000000 0.000065136696
0.625000000000 0.600000000000 0.000063472305
0.625000000000 0.612500000000 0.000061720356
0.625000000000 0.625000000000 0.000059918290
0.625000000000 0.637500000000 0.000058065500
0.625000000000 0.650000000000 0.000056175068
0.625000000000 0.662500000000 0.000054259763
0.625000000000 0.675000000000 0.000052323594
0.625000000000 0.687500000000 0.000050364665
0.625000000000 0.700000000000 0.000048382358
0.625000000000 0.712500000000 0.000046377590
0.625000000000 0.725000000000 0.000044365002
0.625000000000 0.737500000000 0.000042346937
0.625000000000 0.750000000000 0.000040319556
0.625000000000 0.762500000000 0.000038287789
0.625000000000 0.775000000000 0.000036261310
0.625000000000 0.787500000000 0.000034222132
0.625000000000 0.800000000000 0.000032168962
0.625000000000 0.812500000000 0.000030110775
0.625000000000 0.825000000000 0.000028050979
0.625000000000 0.837500000000 0.000025999878
0.625000000000 0.850000000000 0.000023944907
0.625000000000 0.862500000000 0.000021895533
0.625000000000 0.875000000000 0.000019852792
0.625000000000 0.887500000000 0.000017816390
0.625000000000 0.900000000000 0.000015783405
0.625000000000 0.912500000000 0.000013764855
0.625000000000 0.925000000000 0.000011765250
0.625000000000 0.937500000000 0.000009775323
0.625000000000 0.950000000000 0.000007803175
0.625000000000 0.962500000000 0.000005844870
0.625000000000 0.975000000000 0.000003893330
0.625000000000 0.987500000000 0.000001943424
0.625000000000 1.000000000000 0.000000000000

0.637500000000 0.000000000000 0.000000000000
0.637500000000 0.012500000000 0.000001901297
0.637500000000 0.025000000000 0.000003806276
0.637500000000 0.037500000000 0.000005713079
0.637500000000 0.050000000000 0.000007632036
0.637500000000 0.062500000000 0.000009558068
0.637500000000 0.075000000000 0.000011504591
0.637500000000 0.087500000000 0.000013460927
0.637500000000 0.100000000000 0.000015433267
0.637500000000 0.112500000000 0.000017417788
0.637500000000 0.125000000000 0.000019408568
0.637500000000 0.137500000000 0.000021401173
0.637500000000 0.150000000000 0.000023397324
0.637500000000 0.162500000000 0.000025403446
0.637500000000 0.175000000000 0.000027410428
0.637500000000 0.187500000000 0.000029419200
0.637500000000 0.200000000000 0.000031422422
0.637500000000 0.212500000000 0.000033422662
0.637500000000 0.225000000000 0.000035410099
0.637500000000 0.237500000000 0.000037384132
0.637500000000 0.250000000000 0.000039347783
0.637500000000 0.262500000000 0.000041313951
0.637500000000 0.275000000000 0.000043268389
0.637500000000 0.287500000000 0.000045214623
0.637500000000 0.300000000000 0.000047147233
0.637500000000 0.312500000000 0.000049054495
0.637500000000 0.325000000000 0.000050921518
0.637500000000 0.337500000000 0.000052760037
0.637500000000 0.350000000000 0.000054572314
0.637500000000 0.362500000000 0.000056344304
0.637500000000 0.375000000000 0.000058065500
0.637500000000 0.387500000000 0.000059727647
0.637500000000 0.400000000000 0.000061326099
0.637500000000 0.412500000000 0.000062834802
0.637500000000 0.425000000000 0.000064224429
0.637500000000 0.437500000000 0.000065464585
0.637500000000 0.450000000000 0.000066540731
0.637500000000 0.462500000000 0.000067424047
0.637500000000 0.475000000000 0.000068081959
0.637500000000 0.487500000000 0.000068482714
0.637500000000 0.500000000000 0.000068619868
0.637500000000 0.512500000000 0.000068482714
0.637500000000 0.525000000000 0.000068081959
0.637500000000 0.537500000000 0.000067424047
0.637500000000 0.550000000000 0.000066540731
0.637500000000 0.562500000000 0.000065464585
0.637500000000 0.575000000000 0.000064224429
0.637500000000 0.587500000000 0.000062834802
0.637500000000 0.600000000000 0.000061326099
0.637500000000 0.612500000000 0.000059727647
0.637500000000 0.625000000000 0.000058065500
0.637500000000 0.637500000000 0.000056344304
0.637500000000 0.650000000000 0.000054572314
0.637500000000 0.662500000000 0.000052760037
0.637500000000 0.675000000000 0.000050921518
0.637500000000 0.687500000000 0.000049054495
0.637500000000 0.700000000000 0.000047147233
0.637500000000 0.712500000000 0.000045214623
0.637500000000 0.725000000000 0.000043268389
0.637500000000 0.737500000000 0.000041313951
0.637500000000 0.750000000000 0.000039347783
0.637500000000 0.762500000000 0.000037384132
0.637500000000 0.775000000000 0.000035410099
0.637500000000 0.787500000000 0.000033422662
0.637500000000 0.800000000000 0.000031422422
0.637500000000 0.812500000000 0.000029419200
0.637500000000 0.825000000000 0.000027410428
0.637500000000 0.837500000000 0.000025403446
0.637500000000 0.850000000000 0.000023397324
0.637500000000 0.862500000000 0.000021401173
0.637500000000 0.875000000000 0.000019408568
0.637500000000 0.887500000000 0.000017417788
0.637500000000 0.900000000000 0.000015433267
0.637500000000 0.912500000000 0.000013460927
0.637500000000 0.925000000000 0.000011504591
0.637500000000 0.937500000000 0.000009558068
0.637500000000 0.950000000000 0.000007632036
0.637500000000 0.962500000000 0.000005713079
0.637500000000 0.975000000000 0.000003806276
0.637500000000 0.987500000000 0.000001901297
0.637500000000 1.000000000000 0.000000000000

0.650000000000 0.000000000000 0.000000000000
0.650000000000 0.012500000000 0.000001855231
0.650000000000 0.025000000000 0.000003711103
0.650000000000 0.037500000000 0.000005573656
0.650000000000 0.050000000000 0.000007454453
0.650000000000 0.062500000000 0.000009336132
0.650000000000 0.075000000000 0.000011238548
0.650000000000 0.087500000000 0.000013152352
0.650000000000 0.100000000000 0.000015075654
0.650000000000 0.112500000000 0.000017003307
0.650000000000 0.125000000000 0.000018939310
0.650000000000 0.137500000000 0.000020880179
0.650000000000 0.150000000000 0.000022820692
0.650000000000 0.162500000000 0.000024771094
0.650000000000 0.175000000000 0.000026720101
0.650000000000 0.187500000000 0.000028676179
0.650000000000 0.200000000000 0.000030628549
0.650000000000 0.212500000000 0.000032568459
0.650000000000 0.225000000000 0.000034489071
0.650000000000 0.237500000000 0.000036401829
0.650000000000 0.250000000000 0.000038307337
0.650000000000 0.262500000000 0.000040209842
0.650000000000 0.275000000000 0.000042099759
0.650000000000 0.287500000000 0.000043977833
0.650000000000 0.300000000000 0.000045833624
0.650000000000 0.312500000000 0.000047662153
0.650000000000 0.325000000000 0.000049447832
0.650000000000 0.337500000000 0.000051197029
0.650000000000 0.350000000000 0.000052911629
0.650000000000 0.362500000000 0.000054572314
0.650000000000 0.375000000000 0.000056175068
0.650000000000 0.387500000000 0.000057709436
0.650000000000 0.400000000000 0.000059175170
0.650000000000 0.412500000000 0.000060551426
0.650000000000 0.425000000000 0.000061806820
0.650000000000 0.437500000000 0.000062915944
0.650000000000 0.450000000000 0.000063870579
0.650000000000 0.462500000000 0.000064641863
0.650000000000 0.475000000000 0.000065213983
0.650000000000 0.487500000000 0.000065558930
0.650000000000 0.500000000000 0.000065675270
0.650000000000 0.512500000000 0.000065558930
0.650000000000 0.525000000000 0.000065213983
0.650000000000 0.537500000000 0.000064641863
0.650000000000 0.550000000000 0.000063870579
0.650000000000 0.562500000000 0.000062915944
0.650000000000 0.575000000000 0.000061806820
0.650000000000 0.587500000000 0.000060551426
0.650000000000 0.600000000000 0.000059175170
0.650000000000 0.612500000000 0.000057709436
0.650000000000 0.625000000000 0.000056175068
0.650000000000 0.637500000000 0.000054572314
0.650000000000 0.650000000000 0.000052911629
0.650000000000 0.662500000000 0.000051197029
0.650000000000 0.675000000000 0.000049447832
0.650000000000 0.687500000000 0.000047662153
0.650000000000 0.700000000000 0.000045833624
0.650000000000 0.712500000000 0.000043977833
0.650000000000 0.725000000000 0.000042099759
0.650000000000 0.737500000000 0.000040209842
0.650000000000 0.750000000000 0.000038307337
0.650000000000 0.762500000000 0.000036401829
0.650000000000 0.775000000000 0.000034489071
0.650000000000 0.787500000000 0.000032568459
0.650000000000 0.800000000000 0.000030628549
0.650000000000 0.812500000000 0.000028676179
0.650000000000 0.825000000000 0.000026720101
0.650000000000 0.837500000000 0.000024771094
0.650000000000 0.850000000000 0.000022820692
0.650000000000 0.862500000000 0.000020880179
0.650000000000 0.875000000000 0.000018939310
0.650000000000 0.887500000000 0.000017003307
0.650000000000 0.900000000000 0.000015075654
0.650000000000 0.912500000000 0.000013152352
0.650000000000 0.925000000000 0.000011238548
0.650000000000 0.937500000000 0.000009336132
0.650000000000 0.950000000000 0.000007454453
0.650000000000 0.962500000000 0.000005573656
0.650000000000 0.975000000000 0.000003711103
0.650000000000 0.987500000000 0.000001855231
0.650000000000 1.000000000000 0.000000000000

0.662500000000 0.000000000000 0.000000000000
0.662500000000 0.012500000000 0.000001805893
0.662500000000 0.025000000000 0.000003610933
0.662500000000 0.037500000000 0.000005427783
0.662500000000 0.050000000000 0.000007268221
0.662500000000 0.062500000000 0.000009105680
0.662500000000 0.075000000000 0.000010962571
0.662500000000 0.087500000000 0.000012830800
0.662500000000 0.100000000000 0.000014702533
0.662500000000 0.112500000000 0.000016574707
0.662500000000 0.125000000000 0.000018453665
0.662500000000 0.137500000000 0.000020339263
0.662500000000 0.150000000000 0.000022216100
0.662500000000 0.162500000000 0.000024110159
0.662500000000 0.175000000000 0.000025998874
0.662500000000 0.187500000000 0.000027890697
0.662500000000 0.200000000000 0.000029774547
0.662500000000 0.212500000000 0.000031648661
0.662500000000 0.225000000000 0.000033512626
0.662500000000 0.237500000000 0.000035361663
0.662500000000 0.250000000000 0.000037203710
0.662500000000 0.262500000000 0.000039037770
0.662500000000 0.275000000000 0.000040868806
0.662500000000 0.287500000000 0.000042681336
0.662500000000 0.300000000000 0.000044464058
0.662500000000 0.312500000000 0.000046211077
0.662500000000 0.325000000000 0.000047915910
0.662500000000 0.337500000000 0.000049572738
0.662500000000 0.350000000000 0.000051197029
0.662500000000 0.362500000000 0.000052760037
0.662500000000 0.375000000000 0.000054259763
0.662500000000 0.387500000000 0.000055682889
0.662500000000 0.400000000000 0.000057031376
0.662500000000 0.412500000000 0.000058284714
0.662500000000 0.425000000000 0.000059422341
0.662500000000 0.437500000000 0.000060420483
0.662500000000 0.450000000000 0.000061273690
0.662500000000 0.462500000000 0.000061955875
0.662500000000 0.475000000000 0.000062458609
0.662500000000 0.487500000000 0.000062758983
0.662500000000 0.500000000000 0.000062859553
0.662500000000 0.512500000000 0.000062758983
0.662500000000 0.525000000000 0.000062458609
0.662500000000 0.537500000000 0.000061955875
0.662500000000 0.550000000000 0.000061273690
0.662500000000 0.562500000000 0.000060420483
0.662500000000 0.575000000000 0.000059422341
0.662500000000 0.587500000000 0.000058284714
0.662500000000 0.600000000000 0.000057031376
0.662500000000 0.612500000000 0.000055682889
0.662500000000 0.625000000000 0.000054259763
0.662500000000 0.637500000000 0.000052760037
0.662500000000 0.650000000000 0.000051197029
0.662500000000 0.662500000000 0.000049572738
0.662500000000 0.675000000000 0.000047915910
0.662500000000 0.687500000000 0.000046211077
0.662500000000 0.700000000000 0.000044464058
0.662500000000 0.712500000000 0.000042681336
0.662500000000 0.725000000000 0.000040868806
0.662500000000 0.737500000000 0.000039037770
0.662500000000 0.750000000000 0.000037203710
0.662500000000 0.762500000000 0.000035361663
0.662500000000 0.775000000000 0.000033512626
0.662500000000 0.787500000000 0.000031648661
0.662500000000 0.800000000000 0.000029774547
0.662500000000 0.812500000000 0.000027890697
0.662500000000 0.825000000000 0.000025998874
0.662500000000 0.837500000000 0.000024110159
0.662500000000 0.850000000000 0.000022216100
0.662500000000 0.862500000000 0.000020339263
0.662500000000 0.875000000000 0.000018453665
0.662500000000 0.887500000000 0.000016574707
0.662500000000 0.900000000000 0.000014702533
0.662500000000 0.912500000000 0.000012830800
0.662500000000 0.925000000000 0.000010962571
0.662500000000 0.937500000000 0.000009105680
0.662500000000 0.950000000000 0.000007268221
0.662500000000 0.962500000000 0.000005427783
0.662500000000 0.975000000000 0.000003610933
0.662500000000 0.987500000000 0.000001805893
0.662500000000 1.000000000000 0.000000000000

0.675000000000 0.000000000000 0.000000000000
0.675000000000 0.012500000000 0.000001756920
0.675000000000 0.025000000000 0.000003508424
0.675000000000 0.037500000000 0.000005281966
0.675000000000 0.050000000000 0.000007067749
0.675000000000 0.062500000000 0.000008863142
0.675000000000 0.075000000000 0.000010664932
0.675000000000 0.087500000000 0.000012486779
0.675000000000 0.100000000000 0.000014304403
0.675000000000 0.112500000000 0.000016121137
0.675000000000 0.125000000000 0.000017950350
0.675000000000 0.137500000000 0.000019772491
0.675000000000 0.150000000000 0.000021593886
0.675000000000 0.162500000000 0.000023417116
0.675000000000 0.175000000000 0.000025247523
0.675000000000 0.187500000000 0.000027068274
0.675000000000 0.200000000000 0.000028881583
0.675000000000 0.212500000000 0.000030692635
0.675000000000 0.225000000000 0.000032490556
0.675000000000 0.237500000000 0.000034274526
0.675000000000 0.250000000000 0.000036051368
0.675000000000 0.262500000000 0.000037823413
0.675000000000 0.275000000000 0.000039587047
0.675000000000 0.287500000000 0.000041322724
0.675000000000 0.300000000000 0.000043033241
0.675000000000 0.312500000000 0.000044704888
0.675000000000 0.325000000000 0.000046328377
0.675000000000 0.337500000000 0.000047915910
0.675000000000 0.350000000000 0.000049447832
0.675000000000 0.362500000000 0.000050921518
0.675000000000 0.375000000000 0.000052323594
0.675000000000 0.387500000000 0.000053644917
0.675000000000 0.400000000000 0.000054884657
0.675000000000 0.412500000000 0.000056031993
0.675000000000 0.425000000000 0.000057065752
0.675000000000 0.437500000000 0.000057974618
0.675000000000 0.450000000000 0.000058740276
0.675000000000 0.462500000000 0.000059356802
0.675000000000 0.475000000000 0.000059800723
0.675000000000 0.487500000000 0.000060068972
0.675000000000 0.500000000000 0.000060158667
0.675000000000 0.512500000000 0.000060068972
0.675000000000 0.525000000000 0.000059800723
0.675000000000 0.537500000000 0.000059356802
0.675000000000 0.550000000000 0.000058740276
0.675000000000 0.562500000000 0.000057974618
0.675000000000 0.575000000000 0.000057065752
0.675000000000 0.587500000000 0.000056031993
0.675000000000 0.600000000000 0.000054884657
0.675000000000 0.612500000000 0.000053644917
0.675000000000 0.625000000000 0.000052323594
0.675000000000 0.637500000000 0.000050921518
0.675000000000 0.650000000000 0.000049447832
0.675000000000 0.662500000000 0.000047915910
0.675000000000 0.675000000000 0.000046328377
0.675000000000 0.687500000000 0.000044704888
0.675000000000 0.700000000000 0.000043033241
0.675000000000 0.712500000000 0.000041322724
0.675000000000 0.725000000000 0.000039587047
0.675000000000 0.737500000000 0.000037823413
0.675000000000 0.750000000000 0.000036051368
0.675000000000 0.762500000000 0.000034274526
0.675000000000 0.775000000000 0.000032490556
0.675000000000 0.787500000000 0.000030692635
0.675000000000 0.800000000000 0.000028881583
0.675000000000 0.812500000000 0.000027068274
0.675000000000 0.825000000000 0.000025247523
0.675000000000 0.837500000000 0.000023417116
0.675000000000 0.850000000000 0.000021593886
0.675000000000 0.862500000000 0.000019772491
0.675000000000 0.875000000000 0.000017950350
0.675000000000 0.887500000000 0.000016121137
0.675000000000 0.900000000000 0.000014304403
0.675000000000 0.912500000000 0.000012486779
0.675000000000 0.925000000000 0.000010664932
0.675000000000 0.937500000000 0.000008863142
0.675000000000 0.950000000000 0.000007067749
0.675000000000 0.962500000000 0.000005281966
0.675000000000 0.975000000000 0.000003508424
0.675000000000 0.987500000000 0.000001756920
0.675000000000 1.000000000000 0.000000000000

0.687500000000 0.000000000000 0.000000000000
0.687500000000 0.012500000000 0.000001705374
0.687500000000 0.025000000000 0.000003407987
0.687500000000 0.037500000000 0.000005126523
0.687500000000 0.050000000000 0.000006856404
0.687500000000 0.062500000000 0.000008594682
0.687500000000 0.075000000000 0.000010344167
0.687500000000 0.087500000000 0.000012112287
0.687500000000 0.100000000000 0.000013878176
0.687500000000 0.112500000000 0.000015645225
0.687500000000 0.125000000000 0.000017418314
0.687500000000 0.137500000000 0.000019186671
0.687500000000 0.150000000000 0.000020945673
0.687500000000 0.162500000000 0.000022700515
0.687500000000 0.175000000000 0.000024460232
0.687500000000 0.187500000000 0.000026216257
0.687500000000 0.200000000000 0.000027963330
0.687500000000 0.212500000000 0.000029702231
0.687500000000 0.225000000000 0.000031435956
0.687500000000 0.237500000000 0.000033156169
0.687500000000 0.250000000000 0.000034863353
0.687500000000 0.262500000000 0.000036566137
0.687500000000 0.275000000000 0.000038260252
0.687500000000 0.287500000000 0.000039923127
0.687500000000 0.300000000000 0.000041556735
0.687500000000 0.312500000000 0.000043149311
0.687500000000 0.325000000000 0.000044704888
0.687500000000 0.337500000000 0.000046211077
0.687500000000 0.350000000000 0.000047662153
0.687500000000 0.362500000000 0.000049054495
0.687500000000 0.375000000000 0.000050364665
0.687500000000 0.387500000000 0.000051593335
0.687500000000 0.400000000000 0.000052740534
0.687500000000 0.412500000000 0.000053789842
0.687500000000 0.425000000000 0.000054740514
0.687500000000 0.437500000000 0.000055573705
0.687500000000 0.450000000000 0.000056271071
0.687500000000 0.462500000000 0.000056829638
0.687500000000 0.475000000000 0.000057228454
0.687500000000 0.487500000000 0.000057467743
0.687500000000 0.500000000000 0.000057549180
0.687500000000 0.512500000000 0.000057467743
0.687500000000 0.525000000000 0.000057228454
0.687500000000 0.537500000000 0.000056829638
0.687500000000 0.550000000000 0.000056271071
0.687500000000 0.562500000000 0.000055573705
0.687500000000 0.575000000000 0.000054740514
0.687500000000 0.587500000000 0.000053789842
0.687500000000 0.600000000000 0.000052740534
0.687500000000 0.612500000000 0.000051593335
0.687500000000 0.625000000000 0.000050364665
0.687500000000 0.637500000000 0.000049054495
0.687500000000 0.650000000000 0.000047662153
0.687500000000 0.662500000000 0.000046211077
0.687500000000 0.675000000000 0.000044704888
0.687500000000 0.687500000000 0.000043149311
0.687500000000 0.700000000000 0.000041556735
0.687500000000 0.712500000000 0.000039923127
0.687500000000 0.725000000000 0.000038260252
0.687500000000 0.737500000000 0.000036566137
0.687500000000 0.750000000000 0.000034863353
0.687500000000 0.762500000000 0.000033156169
0.687500000000 0.775000000000 0.000031435956
0.687500000000 0.787500000000 0.000029702231
0.687500000000 0.800000000000 0.000027963330
0.687500000000 0.812500000000 0.000026216257
0.687500000000 0.825000000000 0.000024460232
0.687500000000 0.837500000000 0.000022700515
0.687500000000 0.850000000000 0.000020945673
0.687500000000 0.862500000000 0.000019186671
0.687500000000 0.875000000000 0.000017418314
0.687500000000 0.887500000000 0.000015645225
0.687500000000 0.900000000000 0.000013878176
0.687500000000 0.912500000000 0.000012112287
0.687500000000 0.925000000000 0.000010344167
0.687500000000 0.937500000000 0.000008594682
0.687500000000 0.950000000000 0.000006856404
0.687500000000 0.962500000000 0.000005126523
0.687500000000 0.975000000000 0.000003407987
0.687500000000 0.987500000000 0.000001705374
0.687500000000 1.000000000000 0.000000000000

0.700000000000 0.000000000000 0.000000000000
0.700000000000 0.012500000000 0.000001653478
0.700000000000 0.025000000000 0.000003304901
0.700000000000 0.037500000000 0.000004966943
0.700000000000 0.050000000000 0.000006634124
0.700000000000 0.062500000000 0.000008314580
0.700000000000 0.075000000000 0.000010007347
0.700000000000 0.087500000000 0.000011718252
0.700000000000 0.100000000000 0.000013431801
0.700000000000 0.112500000000 0.000015149864
0.700000000000 0.125000000000 0.000016865781
0.700000000000 0.137500000000 0.000018569256
0.700000000000 0.150000000000 0.000020267632
0.700000000000 0.162500000000 0.000021957863
0.700000000000 0.175000000000 0.000023646819
0.700000000000 0.187500000000 0.000025329785
0.700000000000 0.200000000000 0.000027008832
0.700000000000 0.212500000000 0.000028683822
0.700000000000 0.225000000000 0.000030350581
0.700000000000 0.237500000000 0.000031999833
0.700000000000 0.250000000000 0.000033637086
0.700000000000 0.262500000000 0.000035272038
0.700000000000 0.275000000000 0.000036891600
0.700000000000 0.287500000000 0.000038480330
0.700000000000 0.300000000000 0.000040042024
0.700000000000 0.312500000000 0.000041556735
0.700000000000 0.325000000000 0.000043033241
0.700000000000 0.337500000000 0.000044464058
0.700000000000 0.350000000000 0.000045833624
0.700000000000 0.362500000000 0.000047147233
0.700000000000 0.375000000000 0.000048382358
0.700000000000 0.387500000000 0.000049531015
0.700000000000 0.400000000000 0.000050596311
0.700000000000 0.412500000000 0.000051567936
0.700000000000 0.425000000000 0.000052442691
0.700000000000 0.437500000000 0.000053210373
0.700000000000 0.450000000000 0.000053851082
0.700000000000 0.462500000000 0.000054359241
0.700000000000 0.475000000000 0.000054723181
0.700000000000 0.487500000000 0.000054942591
0.700000000000 0.500000000000 0.000055015647
0.700000000000 0.512500000000 0.000054942591
0.700000000000 0.525000000000 0.000054723181
0.700000000000 0.537500000000 0.000054359241
0.700000000000 0.550000000000 0.000053851082
0.700000000000 0.562500000000 0.000053210373
0.700000000000 0.575000000000 0.000052442691
0.700000000000 0.587500000000 0.000051567936
0.700000000000 0.600000000000 0.000050596311
0.700000000000 0.612500000000 0.000049531015
0.700000000000 0.625000000000 0.000048382358
0.700000000000 0.637500000000 0.000047147233
0.700000000000 0.650000000000 0.000045833624
0.700000000000 0.662500000000 0.000044464058
0.700000000000 0.675000000000 0.000043033241
0.700000000000 0.687500000000 0.000041556735
0.700000000000 0.700000000000 0.000040042024
0.700000000000 0.712500000000 0.000038480330
0.700000000000 0.725000000000 0.000036891600
0.700000000000 0.737500000000 0.000035272038
0.700000000000 0.750000000000 0.000033637086
0.700000000000 0.762500000000 0.000031999833
0.700000000000 0.775000000000 0.000030350581
0.700000000000 0.787500000000 0.000028683822
0.700000000000 0.800000000000 0.000027008832
0.700000000000 0.812500000000 0.000025329785
0.700000000000 0.825000000000 0.000023646819
0.700000000000 0.837500000000 0.000021957863
0.700000000000 0.850000000000 0.000020267632
0.700000000000 0.862500000000 0.000018569256
0.700000000000 0.875000000000 0.000016865781
0.700000000000 0.887500000000 0.000015149864
0.700000000000 0.900000000000 0.000013431801
0.700000000000 0.912500000000 0.000011718252
0.700000000000 0.925000000000 0.000010007347
0.700000000000 0.937500000000 0.000008314580
0.700000000000 0.950000000000 0.000006634124
0.700000000000 0.962500000000 0.000004966943
0.700000000000 0.975000000000 0.000003304901
0.700000000000 0.987500000000 0.000001653478
0.700000000000 1.000000000000 0.000000000000

0.712500000000 0.000000000000 0.000000000000
0.712500000000 0.012500000000 0.000001599312
0.712500000000 0.025000000000 0.000003197262
0.712500000000 0.037500000000 0.000004802476
0.712500000000 0.050000000000 0.000006408616
0.712500000000 0.062500000000 0.000008031080
0.712500000000 0.075000000000 0.000009666077
0.712500000000 0.087500000000 0.000011315905
0.712500000000 0.100000000000 0.000012970647
0.712500000000 0.112500000000 0.000014632411
0.712500000000 0.125000000000 0.000016289463
0.712500000000 0.137500000000 0.000017929470
0.712500000000 0.150000000000 0.000019565075
0.712500000000 0.162500000000 0.000021191031
0.712500000000 0.175000000000 0.000022811633
0.712500000000 0.187500000000 0.000024426145
0.712500000000 0.200000000000 0.000026032537
0.712500000000 0.212500000000 0.000027633469
0.712500000000 0.225000000000 0.000029227356
0.712500000000 0.237500000000 0.000030803487
0.712500000000 0.250000000000 0.000032369541
0.712500000000 0.262500000000 0.000033933581
0.712500000000 0.275000000000 0.000035480071
0.712500000000 0.287500000000 0.000036992404
0.712500000000 0.300000000000 0.000038480330
0.712500000000 0.312500000000 0.000039923127
0.712500000000 0.325000000000 0.000041322724
0.712500000000 0.337500000000 0.000042681336
0.712500000000 0.350000000000 0.000043977833
0.712500000000 0.362500000000 0.000045214623
0.712500000000 0.375000000000 0.000046377590
0.712500000000 0.387500000000 0.000047453085
0.712500000000 0.400000000000 0.000048446192
0.712500000000 0.412500000000 0.000049353460
0.712500000000 0.425000000000 0.000050166571
0.712500000000 0.437500000000 0.000050879284
0.712500000000 0.450000000000 0.000051471698
0.712500000000 0.462500000000 0.000051936780
0.712500000000 0.475000000000 0.000052270675
0.712500000000 0.487500000000 0.000052473174
0.712500000000 0.500000000000 0.000052539890
0.712500000000 0.512500000000 0.000052473174
0.712500000000 0.525000000000 0.000052270675
0.712500000000 0.537500000000 0.000051936780
0.712500000000 0.550000000000 0.000051471698
0.712500000000 0.562500000000 0.000050879284
0.712500000000 0.575000000000 0.000050166571
0.712500000000 0.587500000000 0.000049353460
0.712500000000 0.600000000000 0.000048446192
0.712500000000 0.612500000000 0.000047453085
0.712500000000 0.625000000000 0.000046377590
0.712500000000 0.637500000000 0.000045214623
0.712500000000 0.650000000000 0.000043977833
0.712500000000 0.662500000000 0.000042681336
0.712500000000 0.675000000000 0.000041322724
0.712500000000 0.687500000000 0.000039923127
0.712500000000 0.700000000000 0.000038480330
0.712500000000 0.712500000000 0.000036992404
0.712500000000 0.725000000000 0.000035480071
0.712500000000 0.737500000000 0.000033933581
0.712500000000 0.750000000000 0.000032369541
0.712500000000 0.762500000000 0.000030803487
0.712500000000 0.775000000000 0.000029227356
0.712500000000 0.787500000000 0.000027633469
0.712500000000 0.800000000000 0.000026032537
0.712500000000 0.812500000000 0.000024426145
0.712500000000 0.825000000000 0.000022811633
0.712500000000 0.837500000000 0.000021191031
0.712500000000 0.850000000000 0.000019565075
0.712500000000 0.862500000000 0.000017929470
0.712500000000 0.875000000000 0.000016289463
0.712500000000 0.887500000000 0.000014632411
0.712500000000 0.900000000000 0.000012970647
0.712500000000 0.912500000000 0.000011315905
0.712500000000 0.925000000000 0.000009666077
0.712500000000 0.937500000000 0.000008031080
0.712500000000 0.950000000000 0.000006408616
0.712500000000 0.962500000000 0.000004802476
0.712500000000 0.975000000000 0.000003197262
0.712500000000 0.987500000000 0.000001599312
0.712500000000 1.000000000000 0.000000000000

0.725000000000 0.000000000000 0.000000000000
0.725000000000 0.012500000000 0.000001536528
0.725000000000 0.025000000000 0.000003075752
0.725000000000 0.037500000000 0.000004620006
0.725000000000 0.050000000000 0.000006172732
0.725000000000 0.062500000000 0.000007735055
0.725000000000 0.075000000000 0.000009313772
0.725000000000 0.087500000000 0.000010901142
0.725000000000 0.100000000000 0.000012495688
0.725000000000 0.112500000000 0.000014096064
0.725000000000 0.125000000000 0.000015690836
0.725000000000 0.137500000000 0.000017276115
0.725000000000 0.150000000000 0.000018851082
0.725000000000 0.162500000000 0.000020413566
0.725000000000 0.175000000000 0.000021959368
0.725000000000 0.187500000000 0.000023505677
0.725000000000 0.200000000000 0.000025039460
0.725000000000 0.212500000000 0.000026559914
0.725000000000 0.225000000000 0.000028073713
0.725000000000 0.237500000000 0.000029581892
0.725000000000 0.250000000000 0.000031079032
0.725000000000 0.262500000000 0.000032568426
0.725000000000 0.275000000000 0.000034040871
0.725000000000 0.287500000000 0.000035480071
0.725000000000 0.300000000000 0.000036891600
0.725000000000 0.312500000000 0.000038260252
0.725000000000 0.325000000000 0.000039587047
0.725000000000 0.337500000000 0.000040868806
0.725000000000 0.350000000000 0.000042099759
0.725000000000 0.362500000000 0.000043268389
0.725000000000 0.375000000000 0.000044365002
0.725000000000 0.387500000000 0.000045375240
0.725000000000 0.400000000000 0.000046307048
0.725000000000 0.412500000000 0.000047149318
0.725000000000 0.425000000000 0.000047907516
0.725000000000 0.437500000000 0.000048565243
0.725000000000 0.450000000000 0.000049113782
0.725000000000 0.462500000000 0.000049544389
0.725000000000 0.475000000000 0.000049857963
0.725000000000 0.487500000000 0.000050047614
0.725000000000 0.500000000000 0.000050114863
0.725000000000 0.512500000000 0.000050047614
0.725000000000 0.525000000000 0.000049857963
0.725000000000 0.537500000000 0.000049544389
0.725000000000 0.550000000000 0.000049113782
0.725000000000 0.562500000000 0.000048565243
0.725000000000 0.575000000000 0.000047907516
0.725000000000 0.587500000000 0.000047149318
0.725000000000 0.600000000000 0.000046307048
0.725000000000 0.612500000000 0.000045375240
0.725000000000 0.625000000000 0.000044365002
0.725000000000 0.637500000000 0.000043268389
0.725000000000 0.650000000000 0.000042099759
0.725000000000 0.662500000000 0.000040868806
0.725000000000 0.675000000000 0.000039587047
0.725000000000 0.687500000000 0.000038260252
0.725000000000 0.700000000000 0.000036891600
0.725000000000 0.712500000000 0.000035480071
0.725000000000 0.725000000000 0.000034040871
0.725000000000 0.737500000000 0.000032568426
0.725000000000 0.750000000000 0.000031079032
0.725000000000 0.762500000000 0.000029581892
0.725000000000 0.775000000000 0.000028073713
0.725000000000 0.787500000000 0.000026559914
0.725000000000 0.800000000000 0.000025039460
0.725000000000 0.812500000000 0.000023505677
0.725000000000 0.825000000000 0.000021959368
0.725000000000 0.837500000000 0.000020413566
0.725000000000 0.850000000000 0.000018851082
0.725000000000 0.862500000000 0.000017276115
0.725000000000 0.875000000000 0.000015690836
0.725000000000 0.887500000000 0.000014096064
0.725000000000 0.900000000000 0.000012495688
0.725000000000 0.912500000000 0.000010901142
0.725000000000 0.925000000000 0.000009313772
0.725000000000 0.937500000000 0.000007735055
0.725000000000 0.950000000000 0.000006172732
0.725000000000 0.962500000000 0.000004620006
0.725000000000 0.975000000000 0.000003075752
0.725000000000 0.987500000000 0.000001536528
0.725000000000 1.000000000000 0.000000000000

0.737500000000 0.000000000000 0.000000000000
0.737500000000 0.012500000000 0.000001475188
0.737500000000 0.025000000000 0.000002954381
0.737500000000 0.037500000000 0.000004440850
0.737500000000 0.050000000000 0.000005941902
0.737500000000 0.062500000000 0.000007446117
0.737500000000 0.075000000000 0.000008962980
0.737500000000 0.087500000000 0.000010484772
0.737500000000 0.100000000000 0.000012014954
0.737500000000 0.112500000000 0.000013549883
0.737500000000 0.125000000000 0.000015078405
0.737500000000 0.137500000000 0.000016602751
0.737500000000 0.150000000000 0.000018114385
0.737500000000 0.162500000000 0.000019618087
0.737500000000 0.175000000000 0.000021091388
0.737500000000 0.187500000000 0.000022560437
0.737500000000 0.200000000000 0.000024019777
0.737500000000 0.212500000000 0.000025470980
0.737500000000 0.225000000000 0.000026909776
0.737500000000 0.237500000000 0.000028338859
0.737500000000 0.250000000000 0.000029763194
0.737500000000 0.262500000000 0.000031172631
0.737500000000 0.275000000000 0.000032568426
0.737500000000 0.287500000000 0.000033933581
0.737500000000 0.300000000000 0.000035272038
0.737500000000 0.312500000000 0.000036566137
0.737500000000 0.325000000000 0.000037823413
0.737500000000 0.337500000000 0.000039037770
0.737500000000 0.350000000000 0.000040209842
0.737500000000 0.362500000000 0.000041313951
0.737500000000 0.375000000000 0.000042346937
0.737500000000 0.387500000000 0.000043292886
0.737500000000 0.400000000000 0.000044166566
0.737500000000 0.412500000000 0.000044951413
0.737500000000 0.425000000000 0.000045659070
0.737500000000 0.437500000000 0.000046268163
0.737500000000 0.450000000000 0.000046776467
0.737500000000 0.462500000000 0.000047176274
0.737500000000 0.475000000000 0.000047469897
0.737500000000 0.487500000000 0.000047647597
0.737500000000 0.500000000000 0.000047713694
0.737500000000 0.512500000000 0.000047647597
0.737500000000 0.525000000000 0.000047469897
0.737500000000 0.537500000000 0.000047176274
0.737500000000 0.550000000000 0.000046776467
0.737500000000 0.562500000000 0.000046268163
0.737500000000 0.575000000000 0.000045659070
0.737500000000 0.587500000000 0.000044951413
0.737500000000 0.600000000000 0.000044166566
0.737500000000 0.612500000000 0.000043292886
0.737500000000 0.625000000000 0.000042346937
0.737500000000 0.637500000000 0.000041313951
0.737500000000 0.650000000000 0.000040209842
0.737500000000 0.662500000000 0.000039037770
0.737500000000 0.675000000000 0.000037823413
0.737500000000 0.687500000000 0.000036566137
0.737500000000 0.700000000000 0.000035272038
0.737500000000 0.712500000000 0.000033933581
0.737500000000 0.725000000000 0.000032568426
0.737500000000 0.737500000000 0.000031172631
0.737500000000 0.750000000000 0.000029763194
0.737500000000 0.762500000000 0.000028338859
0.737500000000 0.775000000000 0.000026909776
0.737500000000 0.787500000000 0.000025470980
0.737500000000 0.800000000000 0.000024019777
0.737500000000 0.812500000000 0.000022560437
0.737500000000 0.825000000000 0.000021091388
0.737500000000 0.837500000000 0.000019618087
0.737500000000 0.850000000000 0.000018114385
0.737500000000 0.862500000000 0.000016602751
0.737500000000 0.875000000000 0.000015078405
0.737500000000 0.887500000000 0.000013549883
0.737500000000 0.900000000000 0.000012014954
0.737500000000 0.912500000000 0.000010484772
0.737500000000 0.925000000000 0.000008962980
0.737500000000 0.937500000000 0.000007446117
0.737500000000 0.950000000000 0.000005941902
0.737500000000 0.962500000000 0.000004440850
0.737500000000 0.975000000000 0.000002954381
0.737500000000 0.987500000000 0.000001475188
0.737500000000 1.000000000000 0.000000000000

0.750000000000 0.000000000000 0.000000000000
0.750000000000 0.012500000000 0.000001416074
0.750000000000 0.025000000000 0.000002831063
0.750000000000 0.037500000000 0.000004262353
0.750000000000 0.050000000000 0.000005699738
0.750000000000 0.062500000000 0.000007149116
0.750000000000 0.075000000000 0.000008598975
0.750000000000 0.087500000000 0.000010060822
0.750000000000 0.100000000000 0.000011525357
0.750000000000 0.112500000000 0.000012991361
0.750000000000 0.125000000000 0.000014457907
0.750000000000 0.137500000000 0.000015914830
0.750000000000 0.150000000000 0.000017357752
0.750000000000 0.162500000000 0.000018787171
0.750000000000 0.175000000000 0.000020196400
0.750000000000 0.187500000000 0.000021596758
0.750000000000 0.200000000000 0.000022983577
0.750000000000 0.212500000000 0.000024359158
0.750000000000 0.225000000000 0.000025724807
0.750000000000 0.237500000000 0.000027080068
0.750000000000 0.250000000000 0.000028438403
0.750000000000 0.262500000000 0.000029763194
0.750000000000 0.275000000000 0.000031079032
0.750000000000 0.287500000000 0.000032369541
0.750000000000 0.300000000000 0.000033637086
0.750000000000 0.312500000000 0.000034863353
0.750000000000 0.325000000000 0.000036051368
0.750000000000 0.337500000000 0.000037203710
0.750000000000 0.350000000000 0.000038307337
0.750000000000 0.362500000000 0.000039347783
0.750000000000 0.375000000000 0.000040319556
0.750000000000 0.387500000000 0.000041210081
0.750000000000 0.400000000000 0.000042031867
0.750000000000 0.412500000000 0.000042772762
0.750000000000 0.425000000000 0.000043424142
0.750000000000 0.437500000000 0.000043988957
0.750000000000 0.450000000000 0.000044453772
0.750000000000 0.462500000000 0.000044824350
0.750000000000 0.475000000000 0.000045097618
0.750000000000 0.487500000000 0.000045269155
0.750000000000 0.500000000000 0.000045327500
0.750000000000 0.512500000000 0.000045269155
0.750000000000 0.525000000000 0.000045097618
0.750000000000 0.537500000000 0.000044824350
0.750000000000 0.550000000000 0.000044453772
0.750000000000 0.562500000000 0.000043988957
0.750000000000 0.575000000000 0.000043424142
0.750000000000 0.587500000000 0.000042772762
0.750000000000 0.600000000000 0.000042031867
0.750000000000 0.612500000000 0.000041210081
0.750000000000 0.625000000000 0.000040319556
0.750000000000 0.637500000000 0.000039347783
0.750000000000 0.650000000000 0.000038307337
0.750000000000 0.662500000000 0.000037203710
0.750000000000 0.675000000000 0.000036051368
0.750000000000 0.687500000000 0.000034863353
0.750000000000 0.700000000000 0.000033637086
0.750000000000 0.712500000000 0.000032369541
0.750000000000 0.725000000000 0.000031079032
0.750000000000 0.737500000000 0.000029763194
0.750000000000 0.750000000000 0.000028438403
0.750000000000 0.762500000000 0.000027080068
0.750000000000 0.775000000000 0.000025724807
0.750000000000 0.787500000000 0.000024359158
0.750000000000 0.800000000000 0.000022983577
0.750000000000 0.812500000000 0.000021596758
0.750000000000 0.825000000000 0.000020196400
0.750000000000 0.837500000000 0.000018787171
0.750000000000 0.850000000000 0.000017357752
0.750000000000 0.862500000000 0.000015914830
0.750000000000 0.875000000000 0.000014457907
0.750000000000 0.887500000000 0.000012991361
0.750000000000 0.900000000000 0.000011525357
0.750000000000 0.912500000000 0.000010060822
0.750000000000 0.925000000000 0.000008598975
0.750000000000 0.937500000000 0.000007149116
0.750000000000 0.950000000000 0.000005699738
0.750000000000 0.962500000000 0.000004262353
0.750000000000 0.975000000000 0.000002831063
0.750000000000 0.987500000000 0.000001416074
0.750000000000 1.000000000000 0.000000000000

0.762500000000 0.000000000000 0.000000000000
0.762500000000 0.012500000000 0.000001355469
0.762500000000 0.025000000000 0.000002710454
0.762500000000 0.037500000000 0.000004074984
0.762500000000 0.050000000000 0.000005446957
0.762500000000 0.062500000000 0.000006829166
0.762500000000 0.075000000000 0.000008217171
0.762500000000 0.087500000000 0.000009618819
0.762500000000 0.100000000000 0.000011020943
0.762500000000 0.112500000000 0.000012419525
0.762500000000 0.125000000000 0.000013817742
0.762500000000 0.137500000000 0.000015204699
0.762500000000 0.150000000000 0.000016577877
0.762500000000 0.162500000000 0.000017930868
0.762500000000 0.175000000000 0.000019278039
0.762500000000 0.187500000000 0.000020608545
0.762500000000 0.200000000000 0.000021925449
0.762500000000 0.212500000000 0.000023232912
0.762500000000 0.225000000000 0.000024525098
0.762500000000 0.237500000000 0.000025809985
0.762500000000 0.250000000000 0.000027080068
0.762500000000 0.262500000000 0.000028338859
0.762500000000 0.275000000000 0.000029581892
0.762500000000 0.287500000000 0.000030803487
0.762500000000 0.300000000000 0.000031999833
0.762500000000 0.312500000000 0.000033156169
0.762500000000 0.325000000000 0.000034274526
0.762500000000 0.337500000000 0.000035361663
0.762500000000 0.350000000000 0.000036401829
0.762500000000 0.362500000000 0.000037384132
0.762500000000 0.375000000000 0.000038287789
0.762500000000 0.387500000000 0.000039128500
0.762500000000 0.400000000000 0.000039902556
0.762500000000 0.412500000000 0.000040592508
0.762500000000 0.425000000000 0.000041205733
0.762500000000 0.437500000000 0.000041726505
0.762500000000 0.450000000000 0.000042151338
0.762500000000 0.462500000000 0.000042497567
0.762500000000 0.475000000000 0.000042744545
0.762500000000 0.487500000000 0.000042899204
0.762500000000 0.500000000000 0.000042958222
0.762500000000 0.512500000000 0.000042899204
0.762500000000 0.525000000000 0.000042744545
0.762500000000 0.537500000000 0.000042497567
0.762500000000 0.550000000000 0.000042151338
0.762500000000 0.562500000000 0.000041726505
0.762500000000 0.575000000000 0.000041205733
0.762500000000 0.587500000000 0.000040592508
0.762500000000 0.600000000000 0.000039902556
0.762500000000 0.612500000000 0.000039128500
0.762500000000 0.625000000000 0.000038287789
0.762500000000 0.637500000000 0.000037384132
0.762500000000 0.650000000000 0.000036401829
0.762500000000 0.662500000000 0.000035361663
0.762500000000 0.675000000000 0.000034274526
0.762500000000 0.687500000000 0.000033156169
0.762500000000 0.700000000000 0.000031999833
0.762500000000 0.712500000000 0.000030803487
0.762500000000 0.725000000000 0.000029581892
0.762500000000 0.737500000000 0.000028338859
0.762500000000 0.750000000000 0.000027080068
0.762500000000 0.762500000000 0.000025809985
0.762500000000 0.775000000000 0.000024525098
0.762500000000 0.787500000000 0.000023232912
0.762500000000 0.800000000000 0.000021925449
0.762500000000 0.812500000000 0.000020608545
0.762500000000 0.825000000000 0.000019278039
0.762500000000 0.837500000000 0.000017930868
0.762500000000 0.850000000000 0.000016577877
0.762500000000 0.862500000000 0.000015204699
0.762500000000 0.875000000000 0.000013817742
0.762500000000 0.887500000000 0.000012419525
0.762500000000 0.900000000000 0.000011020943
0.762500000000 0.912500000000 0.000009618819
0.762500000000 0.925000000000 0.000008217171
0.762500000000 0.937500000000 0.000006829166
0.762500000000 0.950000000000 0.000005446957
0.762500000000 0.962500000000 0.000004074984
0.762500000000 0.975000000000 0.000002710454
0.762500000000 0.987500000000 0.000001355469
0.762500000000 1.000000000000 0.000000000000

0.775000000000 0.000000000000 0.000000000000
0.775000000000 0.012500000000 0.000001292243
0.775000000000 0.025000000000 0.000002585652
0.775000000000 0.037500000000 0.000003880755
0.775000000000 0.050000000000 0.000005183231
0.775000000000 0.062500000000 0.000006495571
0.775000000000 0.075000000000 0.000007821485
0.775000000000 0.087500000000 0.000009158034
0.775000000000 0.100000000000 0.000010497256
0.775000000000 0.112500000000 0.000011830733
0.775000000000 0.125000000000 0.000013156301
0.775000000000 0.137500000000 0.000014470174
0.775000000000 0.150000000000 0.000015772106
0.775000000000 0.162500000000 0.000017059261
0.775000000000 0.175000000000 0.000018335238
0.775000000000 0.187500000000 0.000019596801
0.775000000000 0.200000000000 0.000020850498
0.775000000000 0.212500000000 0.000022090166
0.775000000000 0.225000000000 0.000023311067
0.775000000000 0.237500000000 0.000024525098
0.775000000000 0.250000000000 0.000025724807
0.775000000000 0.262500000000 0.000026909776
0.775000000000 0.275000000000 0.000028073713
0.775000000000 0.287500000000 0.000029227356
0.775000000000 0.300000000000 0.000030350581
0.775000000000 0.312500000000 0.000031435956
0.775000000000 0.325000000000 0.000032490556
0.775000000000 0.337500000000 0.000033512626
0.775000000000 0.350000000000 0.000034489071
0.775000000000 0.362500000000 0.000035410099
0.775000000000 0.375000000000 0.000036261310
0.775000000000 0.387500000000 0.000037051332
0.775000000000 0.400000000000 0.000037776583
0.775000000000 0.412500000000 0.000038423500
0.775000000000 0.425000000000 0.000038983985
0.775000000000 0.437500000000 0.000039460485
0.775000000000 0.450000000000 0.000039856702
0.775000000000 0.462500000000 0.000040171848
0.775000000000 0.475000000000 0.000040407671
0.775000000000 0.487500000000 0.000040554851
0.775000000000 0.500000000000 0.000040604318
0.775000000000 0.512500000000 0.000040554851
0.775000000000 0.525000000000 0.000040407671
0.775000000000 0.537500000000 0.000040171848
0.775000000000 0.550000000000 0.000039856702
0.775000000000 0.562500000000 0.000039460485
0.775000000000 0.575000000000 0.000038983985
0.775000000000 0.587500000000 0.000038423500
0.775000000000 0.600000000000 0.000037776583
0.775000000000 0.612500000000 0.000037051332
0.775000000000 0.625000000000 0.000036261310
0.775000000000 0.637500000000 0.000035410099
0.775000000000 0.650000000000 0.000034489071
0.775000000000 0.662500000000 0.000033512626
0.775000000000 0.675000000000 0.000032490556
0.775000000000 0.687500000000 0.000031435956
0.775000000000 0.700000000000 0.000030350581
0.775000000000 0.712500000000 0.000029227356
0.775000000000 0.725000000000 0.000028073713
0.775000000000 0.737500000000 0.000026909776
0.775000000000 0.750000000000 0.000025724807
0.775000000000 0.762500000000 0.000024525098
0.775000000000 0.775000000000 0.000023311067
0.775000000000 0.787500000000 0.000022090166
0.775000000000 0.800000000000 0.000020850498
0.775000000000 0.812500000000 0.000019596801
0.775000000000 0.825000000000 0.000018335238
0.775000000000 0.837500000000 0.000017059261
0.775000000000 0.850000000000 0.000015772106
0.775000000000 0.862500000000 0.000014470174
0.775000000000 0.875000000000 0.000013156301
0.775000000000 0.887500000000 0.000011830733
0.775000000000 0.900000000000 0.000010497256
0.775000000000 0.912500000000 0.000009158034
0.775000000000 0.925000000000 0.000007821485
0.775000000000 0.937500000000 0.000006495571
0.775000000000 0.950000000000 0.000005183231
0.775000000000 0.962500000000 0.000003880755
0.775000000000 0.975000000000 0.000002585652
0.775000000000 0.987500000000 0.000001292243
0.775000000000 1.000000000000 0.000000000000

0.787500000000 0.000000000000 0.000000000000
0.787500000000 0.012500000000 0.000001223532
0.787500000000 0.025000000000 0.000002453384
0.787500000000 0.037500000000 0.000003679333
0.787500000000 0.050000000000 0.000004915641
0.787500000000 0.062500000000 0.000006157434
0.787500000000 0.075000000000 0.000007420084
0.787500000000 0.087500000000 0.000008684397
0.787500000000 0.100000000000 0.000009952946
0.787500000000 0.112500000000 0.000011223399
0.787500000000 0.125000000000 0.000012482690
0.787500000000 0.137500000000 0.000013727722
0.787500000000 0.150000000000 0.000014951659
0.787500000000 0.162500000000 0.000016176202
0.787500000000 0.175000000000 0.000017382476
0.787500000000 0.187500000000 0.000018573493
0.787500000000 0.200000000000 0.000019755541
0.787500000000 0.212500000000 0.000020929139
0.787500000000 0.225000000000 0.000022090166
0.787500000000 0.237500000000 0.000023232912
0.787500000000 0.250000000000 0.000024359158
0.787500000000 0.262500000000 0.000025470980
0.787500000000 0.275000000000 0.000026559914
0.787500000000 0.287500000000 0.000027633469
0.787500000000 0.300000000000 0.000028683822
0.787500000000 0.312500000000 0.000029702231
0.787500000000 0.325000000000 0.000030692635
0.787500000000 0.337500000000 0.000031648661
0.787500000000 0.350000000000 0.000032568459
0.787500000000 0.362500000000 0.000033422662
0.787500000000 0.375000000000 0.000034222132
0.787500000000 0.387500000000 0.000034961825
0.787500000000 0.400000000000 0.000035637682
0.787500000000 0.412500000000 0.000036241865
0.787500000000 0.425000000000 0.000036761016
0.787500000000 0.437500000000 0.000037197880
0.787500000000 0.450000000000 0.000037569848
0.787500000000 0.462500000000 0.000037856537
0.787500000000 0.475000000000 0.000038075794
0.787500000000 0.487500000000 0.000038209456
0.787500000000 0.500000000000 0.000038251820
0.787500000000 0.512500000000 0.000038209456
0.787500000000 0.525000000000 0.000038075794
0.787500000000 0.537500000000 0.000037856537
0.787500000000 0.550000000000 0.000037569848
0.787500000000 0.562500000000 0.000037197880
0.787500000000 0.575000000000 0.000036761016
0.787500000000 0.587500000000 0.000036241865
0.787500000000 0.600000000000 0.000035637682
0.787500000000 0.612500000000 0.000034961825
0.787500000000 0.625000000000 0.000034222132
0.787500000000 0.637500000000 0.000033422662
0.787500000000 0.650000000000 0.000032568459
0.787500000000 0.662500000000 0.000031648661
0.787500000000 0.675000000000 0.000030692635
0.787500000000 0.687500000000 0.000029702231
0.787500000000 0.700000000000 0.000028683822
0.787500000000 0.712500000000 0.000027633469
0.787500000000 0.725000000000 0.000026559914
0.787500000000 0.737500000000 0.000025470980
0.787500000000 0.750000000000 0.000024359158
0.787500000000 0.762500000000 0.000023232912
0.787500000000 0.775000000000 0.000022090166
0.787500000000 0.787500000000 0.000020929139
0.787500000000 0.800000000000 0.000019755541
0.787500000000 0.812500000000 0.000018573493
0.787500000000 0.825000000000 0.000017382476
0.787500000000 0.837500000000 0.000016176202
0.787500000000 0.850000000000 0.000014951659
0.787500000000 0.862500000000 0.000013727722
0.787500000000 0.875000000000 0.000012482690
0.787500000000 0.887500000000 0.000011223399
0.787500000000 0.900000000000 0.000009952946
0.787500000000 0.912500000000 0.000008684397
0.787500000000 0.925000000000 0.000007420084
0.787500000000 0.937500000000 0.000006157434
0.787500000000 0.950000000000 0.000004915641
0.787500000000 0.962500000000 0.000003679333
0.787500000000 0.975000000000 0.000002453384
0.787500000000 0.987500000000 0.000001223532
0.787500000000 1.000000000000 0.000000000000

0.800000000000 0.000000000000 0.000000000000
0.800000000000 0.012500000000 0.000001153558
0.800000000000 0.025000000000 0.000002311818
0.800000000000 0.037500000000 0.000003478726
0.800000000000 0.050000000000 0.000004645474
0.800000000000 0.062500000000 0.000005824945
0.800000000000 0.075000000000 0.000007012372
0.800000000000 0.087500000000 0.000008208045
0.800000000000 0.100000000000 0.000009403018
0.800000000000 0.112500000000 0.000010603817
0.800000000000 0.125000000000 0.000011802133
0.800000000000 0.137500000000 0.000012977183
0.800000000000 0.150000000000 0.000014134641
0.800000000000 0.162500000000 0.000015280590
0.800000000000 0.175000000000 0.000016411657
0.800000000000 0.187500000000 0.000017529183
0.800000000000 0.200000000000 0.000018646871
0.800000000000 0.212500000000 0.000019755541
0.800000000000 0.225000000000 0.000020850498
0.800000000000 0.237500000000 0.000021925449
0.800000000000 0.250000000000 0.000022983577
0.800000000000 0.262500000000 0.000024019777
0.800000000000 0.275000000000 0.000025039460
0.800000000000 0.287500000000 0.000026032537
0.800000000000 0.300000000000 0.000027008832
0.800000000000 0.312500000000 0.000027963330
0.800000000000 0.325000000000 0.000028881583
0.800000000000 0.337500000000 0.000029774547
0.800000000000 0.350000000000 0.000030628549
0.800000000000 0.362500000000 0.000031422422
0.800000000000 0.375000000000 0.000032168962
0.800000000000 0.387500000000 0.000032862618
0.800000000000 0.400000000000 0.000033490596
0.800000000000 0.412500000000 0.000034057784
0.800000000000 0.425000000000 0.000034538716
0.800000000000 0.437500000000 0.000034947947
0.800000000000 0.450000000000 0.000035290771
0.800000000000 0.462500000000 0.000035556329
0.800000000000 0.475000000000 0.000035749923
0.800000000000 0.487500000000 0.000035869313
0.800000000000 0.500000000000 0.000035903315
0.800000000000 0.512500000000 0.000035869313
0.800000000000 0.525000000000 0.000035749923
0.800000000000 0.537500000000 0.000035556329
0.800000000000 0.550000000000 0.000035290771
0.800000000000 0.562500000000 0.000034947947
0.800000000000 0.575000000000 0.000034538716
0.800000000000 0.587500000000 0.000034057784
0.800000000000 0.600000000000 0.000033490596
0.800000000000 0.612500000000 0.000032862618
0.800000000000 0.625000000000 0.000032168962
0.800000000000 0.637500000000 0.000031422422
0.800000000000 0.650000000000 0.000030628549
0.800000000000 0.662500000000 0.000029774547
0.800000000000 0.675000000000 0.000028881583
0.800000000000 0.687500000000 0.000027963330
0.800000000000 0.700000000000 0.000027008832
0.800000000000 0.712500000000 0.000026032537
0.800000000000 0.725000000000 0.000025039460
0.800000000000 0.737500000000 0.000024019777
0.800000000000 0.750000000000 0.000022983577
0.800000000000 0.762500000000 0.000021925449
0.800000000000 0.775000000000 0.000020850498
0.800000000000 0.787500000000 0.000019755541
0.800000000000 0.800000000000 0.000018646871
0.800000000000 0.812500000000 0.000017529183
0.800000000000 0.825000000000 0.000016411657
0.800000000000 0.837500000000 0.000015280590
0.800000000000 0.850000000000 0.000014134641
0.800000000000 0.862500000000 0.000012977183
0.800000000000 0.875000000000 0.000011802133
0.800000000000 0.887500000000 0.000010603817
0.800000000000 0.900000000000 0.000009403018
0.800000000000 0.912500000000 0.000008208045
0.800000000000 0.925000000000 0.000007012372
0.800000000000 0.937500000000 0.000005824945
0.800000000000 0.950000000000 0.000004645474
0.800000000000 0.962500000000 0.000003478726
0.800000000000 0.975000000000 0.000002311818
0.800000000000 0.987500000000 0.000001153558
0.800000000000 1.000000000000 0.000000000000

0.812500000000 0.000000000000 0.000000000000
0.812500000000 0.012500000000 0.000001086298
0.812500000000 0.025000000000 0.000002173358
0.812500000000 0.037500000000 0.000003275553
0.812500000000 0.050000000000 0.000004378408
0.812500000000 0.062500000000 0.000005491114
0.812500000000 0.075000000000 0.000006603196
0.812500000000 0.087500000000 0.000007730014
0.812500000000 0.100000000000 0.000008855198
0.812500000000 0.112500000000 0.000009984998
0.812500000000 0.125000000000 0.000011113463
0.812500000000 0.137500000000 0.000012216730
0.812500000000 0.150000000000 0.000013308716
0.812500000000 0.162500000000 0.000014379234
0.812500000000 0.175000000000 0.000015435058
0.812500000000 0.187500000000 0.000016474824
0.812500000000 0.200000000000 0.000017529183
0.812500000000 0.212500000000 0.000018573493
0.812500000000 0.225000000000 0.000019596801
0.812500000000 0.237500000000 0.000020608545
0.812500000000 0.250000000000 0.000021596758
0.812500000000 0.262500000000 0.000022560437
0.812500000000 0.275000000000 0.000023505677
0.812500000000 0.287500000000 0.000024426145
0.812500000000 0.300000000000 0.000025329785
0.812500000000 0.312500000000 0.000026216257
0.812500000000 0.325000000000 0.000027068274
0.812500000000 0.337500000000 0.000027890697
0.812500000000 0.350000000000 0.000028676179
0.812500000000 0.362500000000 0.000029419200
0.812500000000 0.375000000000 0.000030110775
0.812500000000 0.387500000000 0.000030761939
0.812500000000 0.400000000000 0.000031348549
0.812500000000 0.412500000000 0.000031871438
0.812500000000 0.425000000000 0.000032320264
0.812500000000 0.437500000000 0.000032701756
0.812500000000 0.450000000000 0.000033015578
0.812500000000 0.462500000000 0.000033265803
0.812500000000 0.475000000000 0.000033438797
0.812500000000 0.487500000000 0.000033545634
0.812500000000 0.500000000000 0.000033578366
0.812500000000 0.512500000000 0.000033545634
0.812500000000 0.525000000000 0.000033438797
0.812500000000 0.537500000000 0.000033265803
0.812500000000 0.550000000000 0.000033015578
0.812500000000 0.562500000000 0.000032701756
0.812500000000 0.575000000000 0.000032320264
0.812500000000 0.587500000000 0.000031871438
0.812500000000 0.600000000000 0.000031348549
0.812500000000 0.612500000000 0.000030761939
0.812500000000 0.625000000000 0.000030110775
0.812500000000 0.637500000000 0.000029419200
0.812500000000 0.650000000000 0.000028676179
0.812500000000 0.662500000000 0.000027890697
0.812500000000 0.675000000000 0.000027068274
0.812500000000 0.687500000000 0.000026216257
0.812500000000 0.700000000000 0.000025329785
0.812500000000 0.712500000000 0.000024426145
0.812500000000 0.725000000000 0.000023505677
0.812500000000 0.737500000000 0.000022560437
0.812500000000 0.750000000000 0.000021596758
0.812500000000 0.762500000000 0.000020608545
0.812500000000 0.775000000000 0.000019596801
0.812500000000 0.787500000000 0.000018573493
0.812500000000 0.800000000000 0.000017529183
0.812500000000 0.812500000000 0.000016474824
0.812500000000 0.825000000000 0.000015435058
0.812500000000 0.837500000000 0.000014379234
0.812500000000 0.850000000000 0.000013308716
0.812500000000 0.862500000000 0.000012216730
0.812500000000 0.875000000000 0.000011113463
0.812500000000 0.887500000000 0.000009984998
0.812500000000 0.900000000000 0.000008855198
0.812500000000 0.912500000000 0.000007730014
0.812500000000 0.925000000000 0.000006603196
0.812500000000 0.937500000000 0.000005491114
0.812500000000 0.950000000000 0.000004378408
0.812500000000 0.962500000000 0.000003275553
0.812500000000 0.975000000000 0.000002173358
0.812500000000 0.987500000000 0.000001086298
0.812500000000 1.000000000000 0.000000000000

0.825000000000 0.000000000000 0.000000000000
0.825000000000 0.012500000000 0.000001021944
0.825000000000 0.025000000000 0.000002039121
0.825000000000 0.037500000000 0.000003066579
0.825000000000 0.050000000000 0.000004103886
0.825000000000 0.062500000000 0.000005145188
0.825000000000 0.075000000000 0.000006189835
0.825000000000 0.087500000000 0.000007248976
0.825000000000 0.100000000000 0.000008306470
0.825000000000 0.112500000000 0.000009365465
0.825000000000 0.125000000000 0.000010421337
0.825000000000 0.137500000000 0.000011456386
0.825000000000 0.150000000000 0.000012475659
0.825000000000 0.162500000000 0.000013479985
0.825000000000 0.175000000000 0.000014469762
0.825000000000 0.187500000000 0.000015435058
0.825000000000 0.200000000000 0.000016411657
0.825000000000 0.212500000000 0.000017382476
0.825000000000 0.225000000000 0.000018335238
0.825000000000 0.237500000000 0.000019278039
0.825000000000 0.250000000000 0.000020196400
0.825000000000 0.262500000000 0.000021091388
0.825000000000 0.275000000000 0.000021959368
0.825000000000 0.287500000000 0.000022811633
0.825000000000 0.300000000000 0.000023646819
0.825000000000 0.312500000000 0.000024460232
0.825000000000 0.325000000000 0.000025247523
0.825000000000 0.337500000000 0.000025998874
0.825000000000 0.350000000000 0.000026720101
0.825000000000 0.362500000000 0.000027410428
0.825000000000 0.375000000000 0.000028050979
0.825000000000 0.387500000000 0.000028653404
0.825000000000 0.400000000000 0.000029196994
0.825000000000 0.412500000000 0.000029679465
0.825000000000 0.425000000000 0.000030100018
0.825000000000 0.437500000000 0.000030457763
0.825000000000 0.450000000000 0.000030752598
0.825000000000 0.462500000000 0.000030981353
0.825000000000 0.475000000000 0.000031138493
0.825000000000 0.487500000000 0.000031231895
0.825000000000 0.500000000000 0.000031260052
0.825000000000 0.512500000000 0.000031231895
0.825000000000 0.525000000000 0.000031138493
0.825000000000 0.537500000000 0.000030981353
0.825000000000 0.550000000000 0.000030752598
0.825000000000 0.562500000000 0.000030457763
0.825000000000 0.575000000000 0.000030100018
0.825000000000 0.587500000000 0.000029679465
0.825000000000 0.600000000000 0.000029196994
0.825000000000 0.612500000000 0.000028653404
0.825000000000 0.625000000000 0.000028050979
0.825000000000 0.637500000000 0.000027410428
0.825000000000 0.650000000000 0.000026720101
0.825000000000 0.662500000000 0.000025998874
0.825000000000 0.675000000000 0.000025247523
0.825000000000 0.687500000000 0.000024460232
0.825000000000 0.700000000000 0.000023646819
0.825000000000 0.712500000000 0.000022811633
0.825000000000 0.725000000000 0.000021959368
0.825000000000 0.737500000000 0.000021091388
0.825000000000 0.750000000000 0.000020196400
0.825000000000 0.762500000000 0.000019278039
0.825000000000 0.775000000000 0.000018335238
0.825000000000 0.787500000000 0.000017382476
0.825000000000 0.800000000000 0.000016411657
0.825000000000 0.812500000000 0.000015435058
0.825000000000 0.825000000000 0.000014469762
0.825000000000 0.837500000000 0.000013479985
0.825000000000 0.850000000000 0.000012475659
0.825000000000 0.862500000000 0.000011456386
0.825000000000 0.875000000000 0.000010421337
0.825000000000 0.887500000000 0.000009365465
0.825000000000 0.900000000000 0.000008306470
0.825000000000 0.912500000000 0.000007248976
0.825000000000 0.925000000000 0.000006189835
0.825000000000 0.937500000000 0.000005145188
0.825000000000 0.950000000000 0.000004103886
0.825000000000 0.962500000000 0.000003066579
0.825000000000 0.975000000000 0.000002039121
0.825000000000 0.987500000000 0.000001021944
0.825000000000 1.000000000000 0.000000000000

0.837500000000 0.000000000000 0.000000000000
0.837500000000 0.012500000000 0.000000958859
0.837500000000 0.025000000000 0.000001908086
0.837500000000 0.037500000000 0.000002865220
0.837500000000 0.050000000000 0.000003829320
0.837500000000 0.062500000000 0.000004801934
0.837500000000 0.075000000000 0.000005779390
0.837500000000 0.087500000000 0.000006773100
0.837500000000 0.100000000000 0.000007759440
0.837500000000 0.112500000000 0.000008738837
0.837500000000 0.125000000000 0.000009718401
0.837500000000 0.137500000000 0.000010684094
0.837500000000 0.150000000000 0.000011632327
0.837500000000 0.162500000000 0.000012560664
0.837500000000 0.175000000000 0.000013479985
0.837500000000 0.187500000000 0.000014379234
0.837500000000 0.200000000000 0.000015280590
0.837500000000 0.212500000000 0.000016176202
0.837500000000 0.225000000000 0.000017059261
0.837500000000 0.237500000000 0.000017930868
0.837500000000 0.250000000000 0.000018787171
0.837500000000 0.262500000000 0.000019618087
0.837500000000 0.275000000000 0.000020413566
0.837500000000 0.287500000000 0.000021191031
0.837500000000 0.300000000000 0.000021957863
0.837500000000 0.312500000000 0.000022700515
0.837500000000 0.325000000000 0.000023417116
0.837500000000 0.337500000000 0.000024110159
0.837500000000 0.350000000000 0.000024771094
0.837500000000 0.362500000000 0.000025403446
0.837500000000 0.375000000000 0.000025999878
0.837500000000 0.387500000000 0.000026552184
0.837500000000 0.400000000000 0.000027049885
0.837500000000 0.412500000000 0.000027502789
0.837500000000 0.425000000000 0.000027891783
0.837500000000 0.437500000000 0.000028228032
0.837500000000 0.450000000000 0.000028506105
0.837500000000 0.462500000000 0.000028711936
0.837500000000 0.475000000000 0.000028856408
0.837500000000 0.487500000000 0.000028942345
0.837500000000 0.500000000000 0.000028963020
0.837500000000 0.512500000000 0.000028942345
0.837500000000 0.525000000000 0.000028856408
0.837500000000 0.537500000000 0.000028711936
0.837500000000 0.550000000000 0.000028506105
0.837500000000 0.562500000000 0.000028228032
0.837500000000 0.575000000000 0.000027891783
0.837500000000 0.587500000000 0.000027502789
0.837500000000 0.600000000000 0.000027049885
0.837500000000 0.612500000000 0.000026552184
0.837500000000 0.625000000000 0.000025999878
0.837500000000 0.637500000000 0.000025403446
0.837500000000 0.650000000000 0.000024771094
0.837500000000 0.662500000000 0.000024110159
0.837500000000 0.675000000000 0.000023417116
0.837500000000 0.687500000000 0.000022700515
0.837500000000 0.700000000000 0.000021957863
0.837500000000 0.712500000000 0.000021191031
0.837500000000 0.725000000000 0.000020413566
0.837500000000 0.737500000000 0.000019618087
0.837500000000 0.750000000000 0.000018787171
0.837500000000 0.762500000000 0.000017930868
0.837500000000 0.775000000000 0.000017059261
0.837500000000 0.787500000000 0.000016176202
0.837500000000 0.800000000000 0.000015280590
0.837500000000 0.812500000000 0.000014379234
0.837500000000 0.825000000000 0.000013479985
0.837500000000 0.837500000000 0.000012560664
0.837500000000 0.850000000000 0.000011632327
0.837500000000 0.862500000000 0.000010684094
0.837500000000 0.875000000000 0.000009718401
0.837500000000 0.887500000000 0.000008738837
0.837500000000 0.900000000000 0.000007759440
0.837500000000 0.912500000000 0.000006773100
0.837500000000 0.925000000000 0.000005779390
0.837500000000 0.937500000000 0.000004801934
0.837500000000 0.950000000000 0.000003829320
0.837500000000 0.962500000000 0.000002865220
0.837500000000 0.975000000000 0.000001908086
0.837500000000 0.987500000000 0.000000958859
0.837500000000 1.000000000000 0.000000000000

0.850000000000 0.000000000000 0.000000000000
0.850000000000 0.012500000000 0.000000887249
0.850000000000 0.025000000000 0.000001771089
0.850000000000 0.037500000000 0.000002659789
0.850000000000 0.050000000000 0.000003553271
0.850000000000 0.062500000000 0.000004453485
0.850000000000 0.075000000000 0.000005361587
0.850000000000 0.087500000000 0.000006282383
0.850000000000 0.100000000000 0.000007198004
0.850000000000 0.112500000000 0.000008105554
0.850000000000 0.125000000000 0.000009007230
0.850000000000 0.137500000000 0.000009901878
0.850000000000 0.150000000000 0.000010777333
0.850000000000 0.162500000000 0.000011632327
0.850000000000 0.175000000000 0.000012475659
0.850000000000 0.187500000000 0.000013308716
0.850000000000 0.200000000000 0.000014134641
0.850000000000 0.212500000000 0.000014951659
0.850000000000 0.225000000000 0.000015772106
0.850000000000 0.237500000000 0.000016577877
0.850000000000 0.250000000000 0.000017357752
0.850000000000 0.262500000000 0.000018114385
0.850000000000 0.275000000000 0.000018851082
0.850000000000 0.287500000000 0.000019565075
0.850000000000 0.300000000000 0.000020267632
0.850000000000 0.312500000000 0.000020945673
0.850000000000 0.325000000000 0.000021593886
0.850000000000 0.337500000000 0.000022216100
0.850000000000 0.350000000000 0.000022820692
0.850000000000 0.362500000000 0.000023397324
0.850000000000 0.375000000000 0.000023944907
0.850000000000 0.387500000000 0.000024453471
0.850000000000 0.400000000000 0.000024911516
0.850000000000 0.412500000000 0.000025328895
0.850000000000 0.425000000000 0.000025695527
0.850000000000 0.437500000000 0.000026010057
0.850000000000 0.450000000000 0.000026268453
0.850000000000 0.462500000000 0.000026457766
0.850000000000 0.475000000000 0.000026588201
0.850000000000 0.487500000000 0.000026665044
0.850000000000 0.500000000000 0.000026685418
0.850000000000 0.512500000000 0.000026665044
0.850000000000 0.525000000000 0.000026588201
0.850000000000 0.537500000000 0.000026457766
0.850000000000 0.550000000000 0.000026268453
0.850000000000 0.562500000000 0.000026010057
0.850000000000 0.575000000000 0.000025695527
0.850000000000 0.587500000000 0.000025328895
0.850000000000 0.600000000000 0.000024911516
0.850000000000 0.612500000000 0.000024453471
0.850000000000 0.625000000000 0.000023944907
0.850000000000 0.637500000000 0.000023397324
0.850000000000 0.650000000000 0.000022820692
0.850000000000 0.662500000000 0.000022216100
0.850000000000 0.675000000000 0.000021593886
0.850000000000 0.687500000000 0.000020945673
0.850000000000 0.700000000000 0.000020267632
0.850000000000 0.712500000000 0.000019565075
0.850000000000 0.725000000000 0.000018851082
0.850000000000 0.737500000000 0.000018114385
0.850000000000 0.750000000000 0.000017357752
0.850000000000 0.762500000000 0.000016577877
0.850000000000 0.775000000000 0.000015772106
0.850000000000 0.787500000000 0.000014951659
0.850000000000 0.800000000000 0.000014134641
0.850000000000 0.812500000000 0.000013308716
0.850000000000 0.825000000000 0.000012475659
0.850000000000 0.837500000000 0.000011632327
0.850000000000 0.850000000000 0.000010777333
0.850000000000 0.862500000000 0.000009901878
0.850000000000 0.875000000000 0.000009007230
0.850000000000 0.887500000000 0.000008105554
0.850000000000 0.900000000000 0.000007198004
0.850000000000 0.912500000000 0.000006282383
0.850000000000 0.925000000000 0.000005361587
0.850000000000 0.937500000000 0.000004453485
0.850000000000 0.950000000000 0.000003553271
0.850000000000 0.962500000000 0.000002659789
0.850000000000 0.975000000000 0.000001771089
0.850000000000 0.987500000000 0.000000887249
0.850000000000 1.000000000000 0.000000000000

0.862500000000 0.000000000000 0.000000000000
0.862500000000 0.012500000000 0.000000810703
0.862500000000 0.025000000000 0.000001625185
0.862500000000 0.037500000000 0.000002449246
0.862500000000 0.050000000000 0.000003268475
0.862500000000 0.062500000000 0.000004099548
0.862500000000 0.075000000000 0.000004930562
0.862500000000 0.087500000000 0.000005772179
0.862500000000 0.100000000000 0.000006613772
0.862500000000 0.112500000000 0.000007456133
0.862500000000 0.125000000000 0.000008288970
0.862500000000 0.137500000000 0.000009098754
0.862500000000 0.150000000000 0.000009901878
0.862500000000 0.162500000000 0.000010684094
0.862500000000 0.175000000000 0.000011456386
0.862500000000 0.187500000000 0.000012216730
0.862500000000 0.200000000000 0.000012977183
0.862500000000 0.212500000000 0.000013727722
0.862500000000 0.225000000000 0.000014470174
0.862500000000 0.237500000000 0.000015204699
0.862500000000 0.250000000000 0.000015914830
0.862500000000 0.262500000000 0.000016602751
0.862500000000 0.275000000000 0.000017276115
0.862500000000 0.287500000000 0.000017929470
0.862500000000 0.300000000000 0.000018569256
0.862500000000 0.312500000000 0.000019186671
0.862500000000 0.325000000000 0.000019772491
0.862500000000 0.337500000000 0.000020339263
0.862500000000 0.350000000000 0.000020880179
0.862500000000 0.362500000000 0.000021401173
0.862500000000 0.375000000000 0.000021895533
0.862500000000 0.387500000000 0.000022358740
0.862500000000 0.400000000000 0.000022778926
0.862500000000 0.412500000000 0.000023164927
0.862500000000 0.425000000000 0.000023506585
0.862500000000 0.437500000000 0.000023801328
0.862500000000 0.450000000000 0.000024036777
0.862500000000 0.462500000000 0.000024214359
0.862500000000 0.475000000000 0.000024333358
0.862500000000 0.487500000000 0.000024406687
0.862500000000 0.500000000000 0.000024428819
0.862500000000 0.512500000000 0.000024406687
0.862500000000 0.525000000000 0.000024333358
0.862500000000 0.537500000000 0.000024214359
0.862500000000 0.550000000000 0.000024036777
0.862500000000 0.562500000000 0.000023801328
0.862500000000 0.575000000000 0.000023506585
0.862500000000 0.587500000000 0.000023164927
0.862500000000 0.600000000000 0.000022778926
0.862500000000 0.612500000000 0.000022358740
0.862500000000 0.625000000000 0.000021895533
0.862500000000 0.637500000000 0.000021401173
0.862500000000 0.650000000000 0.000020880179
0.862500000000 0.662500000000 0.000020339263
0.862500000000 0.675000000000 0.000019772491
0.862500000000 0.687500000000 0.000019186671
0.862500000000 0.700000000000 0.000018569256
0.862500000000 0.712500000000 0.000017929470
0.862500000000 0.725000000000 0.000017276115
0.862500000000 0.737500000000 0.000016602751
0.862500000000 0.750000000000 0.000015914830
0.862500000000 0.762500000000 0.000015204699
0.862500000000 0.775000000000 0.000014470174
0.862500000000 0.787500000000 0.000013727722
0.862500000000 0.800000000000 0.000012977183
0.862500000000 0.812500000000 0.000012216730
0.862500000000 0.825000000000 0.000011456386
0.862500000000 0.837500000000 0.000010684094
0.862500000000 0.850000000000 0.000009901878
0.862500000000 0.862500000000 0.000009098754
0.862500000000 0.875000000000 0.000008288970
0.862500000000 0.887500000000 0.000007456133
0.862500000000 0.900000000000 0.000006613772
0.862500000000 0.912500000000 0.000005772179
0.862500000000 0.925000000000 0.000004930562
0.862500000000 0.937500000000 0.000004099548
0.862500000000 0.950000000000 0.000003268475
0.862500000000 0.962500000000 0.000002449246
0.862500000000 0.975000000000 0.000001625185
0.862500000000 0.987500000000 0.000000810703
0.862500000000 1.000000000000 0.000000000000

0.875000000000 0.000000000000 0.000000000000
0.875000000000 0.012500000000 0.000000735069
0.875000000000 0.025000000000 0.000001479078
0.875000000000 0.037500000000 0.000002227611
0.875000000000 0.050000000000 0.000002975550
0.875000000000 0.062500000000 0.000003730076
0.875000000000 0.075000000000 0.000004490576
0.875000000000 0.087500000000 0.000005252555
0.875000000000 0.100000000000 0.000006016637
0.875000000000 0.112500000000 0.000006788642
0.875000000000 0.125000000000 0.000007551246
0.875000000000 0.137500000000 0.000008288970
0.875000000000 0.150000000000 0.000009007230
0.875000000000 0.162500000000 0.000009718401
0.875000000000 0.175000000000 0.000010421337
0.875000000000 0.187500000000 0.000011113463
0.875000000000 0.200000000000 0.000011802133
0.875000000000 0.212500000000 0.000012482690
0.875000000000 0.225000000000 0.000013156301
0.875000000000 0.237500000000 0.000013817742
0.875000000000 0.250000000000 0.000014457907
0.875000000000 0.262500000000 0.000015078405
0.875000000000 0.275000000000 0.000015690836
0.875000000000 0.287500000000 0.000016289463
0.875000000000 0.300000000000 0.000016865781
0.875000000000 0.312500000000 0.000017418314
0.875000000000 0.325000000000 0.000017950350
0.875000000000 0.337500000000 0.000018453665
0.875000000000 0.350000000000 0.000018939310
0.875000000000 0.362500000000 0.000019408568
0.875000000000 0.375000000000 0.000019852792
0.875000000000 0.387500000000 0.000020271007
0.875000000000 0.400000000000 0.000020654617
0.875000000000 0.412500000000 0.000021002684
0.875000000000 0.425000000000 0.000021318884
0.875000000000 0.437500000000 0.000021591195
0.875000000000 0.450000000000 0.000021809152
0.875000000000 0.462500000000 0.000021973505
0.875000000000 0.475000000000 0.000022087454
0.875000000000 0.487500000000 0.000022157430
0.875000000000 0.500000000000 0.000022181209
0.875000000000 0.512500000000 0.000022157430
0.875000000000 0.525000000000 0.000022087454
0.875000000000 0.537500000000 0.000021973505
0.875000000000 0.550000000000 0.000021809152
0.875000000000 0.562500000000 0.000021591195
0.875000000000 0.575000000000 0.000021318884
0.875000000000 0.587500000000 0.000021002684
0.875000000000 0.600000000000 0.000020654617
0.875000000000 0.612500000000 0.000020271007
0.875000000000 0.625000000000 0.000019852792
0.875000000000 0.637500000000 0.000019408568
0.875000000000 0.650000000000 0.000018939310
0.875000000000 0.662500000000 0.000018453665
0.875000000000 0.675000000000 0.000017950350
0.875000000000 0.687500000000 0.000017418314
0.875000000000 0.700000000000 0.000016865781
0.875000000000 0.712500000000 0.000016289463
0.875000000000 0.725000000000 0.000015690836
0.875000000000 0.737500000000 0.000015078405
0.875000000000 0.750000000000 0.000014457907
0.875000000000 0.762500000000 0.000013817742
0.875000000000 0.775000000000 0.000013156301
0.875000000000 0.787500000000 0.000012482690
0.875000000000 0.800000000000 0.000011802133
0.875000000000 0.812500000000 0.000011113463
0.875000000000 0.825000000000 0.000010421337
0.875000000000 0.837500000000 0.000009718401
0.875000000000 0.850000000000 0.000009007230
0.875000000000 0.862500000000 0.000008288970
0.875000000000 0.875000000000 0.000007551246
0.875000000000 0.887500000000 0.000006788642
0.875000000000 0.900000000000 0.000006016637
0.875000000000 0.912500000000 0.000005252555
0.875000000000 0.925000000000 0.000004490576
0.875000000000 0.937500000000 0.000003730076
0.875000000000 0.950000000000 0.000002975550
0.875000000000 0.962500000000 0.000002227611
0.875000000000 0.975000000000 0.000001479078
0.875000000000 0.987500000000 0.000000735069
0.875000000000 1.000000000000 0.000000000000

0.887500000000 0.000000000000 0.000000000000
0.887500000000 0.012500000000 0.000000667031
0.887500000000 0.025000000000 0.000001335604
0.887500000000 0.037500000000 0.000002005676
0.887500000000 0.050000000000 0.000002678874
0.887500000000 0.062500000000 0.000003359569
0.887500000000 0.075000000000 0.000004044928
0.887500000000 0.087500000000 0.000004732816
0.887500000000 0.100000000000 0.000005420916
0.887500000000 0.112500000000 0.000006107317
0.887500000000 0.125000000000 0.000006788642
0.887500000000 0.137500000000 0.000007456133
0.887500000000 0.150000000000 0.000008105554
0.887500000000 0.162500000000 0.000008738837
0.887500000000 0.175000000000 0.000009365465
0.887500000000 0.187500000000 0.000009984998
0.887500000000 0.200000000000 0.000010603817
0.887500000000 0.212500000000 0.000011223399
0.887500000000 0.225000000000 0.000011830733
0.887500000000 0.237500000000 0.000012419525
0.887500000000 0.250000000000 0.000012991361
0.887500000000 0.262500000000 0.000013549883
0.887500000000 0.275000000000 0.000014096064
0.887500000000 0.287500000000 0.000014632411
0.887500000000 0.300000000000 0.000015149864
0.887500000000 0.312500000000 0.000015645225
0.887500000000 0.325000000000 0.000016121137
0.887500000000 0.337500000000 0.000016574707
0.887500000000 0.350000000000 0.000017003307
0.887500000000 0.362500000000 0.000017417788
0.887500000000 0.375000000000 0.000017816390
0.887500000000 0.387500000000 0.000018190567
0.887500000000 0.400000000000 0.000018534584
0.887500000000 0.412500000000 0.000018849571
0.887500000000 0.425000000000 0.000019135130
0.887500000000 0.437500000000 0.000019384030
0.887500000000 0.450000000000 0.000019584809
0.887500000000 0.462500000000 0.000019737286
0.887500000000 0.475000000000 0.000019847528
0.887500000000 0.487500000000 0.000019917747
0.887500000000 0.500000000000 0.000019942344
0.887500000000 0.512500000000 0.000019917747
0.887500000000 0.525000000000 0.000019847528
0.887500000000 0.537500000000 0.000019737286
0.887500000000 0.550000000000 0.000019584809
0.887500000000 0.562500000000 0.000019384030
0.887500000000 0.575000000000 0.000019135130
0.887500000000 0.587500000000 0.000018849571
0.887500000000 0.600000000000 0.000018534584
0.887500000000 0.612500000000 0.000018190567
0.887500000000 0.625000000000 0.000017816390
0.887500000000 0.637500000000 0.000017417788
0.887500000000 0.650000000000 0.000017003307
0.887500000000 0.662500000000 0.000016574707
0.887500000000 0.675000000000 0.000016121137
0.887500000000 0.687500000000 0.000015645225
0.887500000000 0.700000000000 0.000015149864
0.887500000000 0.712500000000 0.000014632411
0.887500000000 0.725000000000 0.000014096064
0.887500000000 0.737500000000 0.000013549883
0.887500000000 0.750000000000 0.000012991361
0.887500000000 0.762500000000 0.000012419525
0.887500000000 0.775000000000 0.000011830733
0.887500000000 0.787500000000 0.000011223399
0.887500000000 0.800000000000 0.000010603817
0.887500000000 0.812500000000 0.000009984998
0.887500000000 0.825000000000 0.000009365465
0.887500000000 0.837500000000 0.000008738837
0.887500000000 0.850000000000 0.000008105554
0.887500000000 0.862500000000 0.000007456133
0.887500000000 0.875000000000 0.000006788642
0.887500000000 0.887500000000 0.000006107317
0.887500000000 0.900000000000 0.000005420916
0.887500000000 0.912500000000 0.000004732816
0.887500000000 0.925000000000 0.000004044928
0.887500000000 0.937500000000 0.000003359569
0.887500000000 0.950000000000 0.000002678874
0.887500000000 0.962500000000 0.000002005676
0.887500000000 0.975000000000 0.000001335604
0.887500000000 0.987500000000 0.000000667031
0.887500000000 1.000000000000 0.000000000000

0.900000000000 0.000000000000 0.000000000000
0.900000000000 0.012500000000 0.000000595203
0.900000000000 0.025000000000 0.000001186032
0.900000000000 0.037500000000 0.000001774302
0.900000000000 0.050000000000 0.000002373816
0.900000000000 0.062500000000 0.000002979841
0.900000000000 0.075000000000 0.000003587559
0.900000000000 0.087500000000 0.000004197185
0.900000000000 0.100000000000 0.000004813903
0.900000000000 0.112500000000 0.000005420916
0.900000000000 0.125000000000 0.000006016637
0.900000000000 0.137500000000 0.000006613772
0.900000000000 0.150000000000 0.000007198004
0.900000000000 0.162500000000 0.000007759440
0.900000000000 0.175000000000 0.000008306470
0.900000000000 0.187500000000 0.000008855198
0.900000000000 0.200000000000 0.000009403018
0.900000000000 0.212500000000 0.000009952946
0.900000000000 0.225000000000 0.000010497256
0.900000000000 0.237500000000 0.000011020943
0.900000000000 0.250000000000 0.000011525357
0.900000000000 0.262500000000 0.000012014954
0.900000000000 0.275000000000 0.000012495688
0.900000000000 0.287500000000 0.000012970647
0.900000000000 0.300000000000 0.000013431801
0.900000000000 0.312500000000 0.000013878176
0.900000000000 0.325000000000 0.000014304403
0.900000000000 0.337500000000 0.000014702533
0.900000000000 0.350000000000 0.000015075654
0.900000000000 0.362500000000 0.000015433267
0.900000000000 0.375000000000 0.000015783405
0.900000000000 0.387500000000 0.000016114744
0.900000000000 0.400000000000 0.000016420338
0.900000000000 0.412500000000 0.000016700780
0.900000000000 0.425000000000 0.000016957673
0.900000000000 0.437500000000 0.000017182916
0.900000000000 0.450000000000 0.000017366496
0.900000000000 0.462500000000 0.000017506668
0.900000000000 0.475000000000 0.000017611754
0.900000000000 0.487500000000 0.000017680160
0.900000000000 0.500000000000 0.000017705227
0.900000000000 0.512500000000 0.000017680160
0.900000000000 0.525000000000 0.000017611754
0.900000000000 0.537500000000 0.000017506668
0.900000000000 0.550000000000 0.000017366496
0.900000000000 0.562500000000 0.000017182916
0.900000000000 0.575000000000 0.000016957673
0.900000000000 0.587500000000 0.000016700780
0.900000000000 0.600000000000 0.000016420338
0.900000000000 0.612500000000 0.000016114744
0.900000000000 0.625000000000 0.000015783405
0.900000000000 0.637500000000 0.000015433267
0.900000000000 0.650000000000 0.000015075654
0.900000000000 0.662500000000 0.000014702533
0.900000000000 0.675000000000 0.000014304403
0.900000000000 0.687500000000 0.000013878176
0.900000000000 0.700000000000 0.000013431801
0.900000000000 0.712500000000 0.000012970647
0.900000000000 0.725000000000 0.000012495688
0.900000000000 0.737500000000 0.000012014954
0.900000000000 0.750000000000 0.000011525357
0.900000000000 0.762500000000 0.000011020943
0.900000000000 0.775000000000 0.000010497256
0.900000000000 0.787500000000 0.000009952946
0.900000000000 0.800000000000 0.000009403018
0.900000000000 0.812500000000 0.000008855198
0.900000000000 0.825000000000 0.000008306470
0.900000000000 0.837500000000 0.000007759440
0.900000000000 0.850000000000 0.000007198004
0.900000000000 0.862500000000 0.000006613772
0.900000000000 0.875000000000 0.000006016637
0.900000000000 0.887500000000 0.000005420916
0.900000000000 0.900000000000 0.000004813903
0.900000000000 0.912500000000 0.000004197185
0.900000000000 0.925000000000 0.000003587559
0.900000000000 0.937500000000 0.000002979841
0.900000000000 0.950000000000 0.000002373816
0.900000000000 0.962500000000 0.000001774302
0.900000000000 0.975000000000 0.000001186032
0.900000000000 0.987500000000 0.000000595203
0.900000000000 1.000000000000 0.000000000000

0.912500000000 0.000000000000 0.000000000000
0.912500000000 0.012500000000 0.000000514554
0.912500000000 0.025000000000 0.000001031879
0.912500000000 0.037500000000 0.000001545184
0.912500000000 0.050000000000 0.000002067807
0.912500000000 0.062500000000 0.000002596569
0.912500000000 0.075000000000 0.000003127240
0.912500000000 0.087500000000 0.000003655655
0.912500000000 0.100000000000 0.000004197185
0.912500000000 0.112500000000 0.000004732816
0.912500000000 0.125000000000 0.000005252555
0.912500000000 0.137500000000 0.000005772179
0.912500000000 0.150000000000 0.000006282383
0.912500000000 0.162500000000 0.000006773100
0.912500000000 0.175000000000 0.000007248976
0.912500000000 0.187500000000 0.000007730014
0.912500000000 0.200000000000 0.000008208045
0.912500000000 0.212500000000 0.000008684397
0.912500000000 0.225000000000 0.000009158034
0.912500000000 0.237500000000 0.000009618819
0.912500000000 0.250000000000 0.000010060822
0.912500000000 0.262500000000 0.000010484772
0.912500000000 0.275000000000 0.000010901142
0.912500000000 0.287500000000 0.000011315905
0.912500000000 0.300000000000 0.000011718252
0.912500000000 0.312500000000 0.000012112287
0.912500000000 0.325000000000 0.000012486779
0.912500000000 0.337500000000 0.000012830800
0.912500000000 0.350000000000 0.000013152352
0.912500000000 0.362500000000 0.000013460927
0.912500000000 0.375000000000 0.000013764855
0.912500000000 0.387500000000 0.000014053398
0.912500000000 0.400000000000 0.000014317624
0.912500000000 0.412500000000 0.000014558393
0.912500000000 0.425000000000 0.000014783819
0.912500000000 0.437500000000 0.000014984605
0.912500000000 0.450000000000 0.000015150712
0.912500000000 0.462500000000 0.000015281181
0.912500000000 0.475000000000 0.000015381050
0.912500000000 0.487500000000 0.000015447347
0.912500000000 0.500000000000 0.000015473480
0.912500000000 0.512500000000 0.000015447347
0.912500000000 0.525000000000 0.000015381050
0.912500000000 0.537500000000 0.000015281181
0.912500000000 0.550000000000 0.000015150712
0.912500000000 0.562500000000 0.000014984605
0.912500000000 0.575000000000 0.000014783819
0.912500000000 0.587500000000 0.000014558393
0.912500000000 0.600000000000 0.000014317624
0.912500000000 0.612500000000 0.000014053398
0.912500000000 0.625000000000 0.000013764855
0.912500000000 0.637500000000 0.000013460927
0.912500000000 0.650000000000 0.000013152352
0.912500000000 0.662500000000 0.000012830800
0.912500000000 0.675000000000 0.000012486779
0.912500000000 0.687500000000 0.000012112287
0.912500000000 0.700000000000 0.000011718252
0.912500000000 0.712500000000 0.000011315905
0.912500000000 0.725000000000 0.000010901142
0.912500000000 0.737500000000 0.000010484772
0.912500000000 0.750000000000 0.000010060822
0.912500000000 0.762500000000 0.000009618819
0.912500000000 0.775000000000 0.000009158034
0.912500000000 0.787500000000 0.000008684397
0.912500000000 0.800000000000 0.000008208045
0.912500000000 0.812500000000 0.000007730014
0.912500000000 0.825000000000 0.000007248976
0.912500000000 0.837500000000 0.000006773100
0.912500000000 0.850000000000 0.000006282383
0.912500000000 0.862500000000 0.000005772179
0.912500000000 0.875000000000 0.000005252555
0.912500000000 0.887500000000 0.000004732816
0.912500000000 0.900000000000 0.000004197185
0.912500000000 0.912500000000 0.000003655655
0.912500000000 0.925000000000 0.000003127240
0.912500000000 0.937500000000 0.000002596569
0.912500000000 0.950000000000 0.000002067807
0.912500000000 0.962500000000 0.000001545184
0.912500000000 0.975000000000 0.000001031879
0.912500000000 0.987500000000 0.000000514554
0.912500000000 1.000000000000 0.000000000000

0.925000000000 0.000000000000 0.000000000000
0.925000000000 0.012500000000 0.000000433636
0.925000000000 0.025000000000 0.000000883637
0.925000000000 0.037500000000 0.000001329595
0.925000000000 0.050000000000 0.000001772891
0.925000000000 0.062500000000 0.000002220342
0.925000000000 0.075000000000 0.000002675953
0.925000000000 0.087500000000 0.000003127240
0.925000000000 0.100000000000 0.000003587559
0.925000000000 0.112500000000 0.000004044928
0.925000000000 0.125000000000 0.000004490576
0.925000000000 0.137500000000 0.000004930562
0.925000000000 0.150000000000 0.000005361587
0.925000000000 0.162500000000 0.000005779390
0.925000000000 0.175000000000 0.000006189835
0.925000000000 0.187500000000 0.000006603196
0.925000000000 0.200000000000 0.000007012372
0.925000000000 0.212500000000 0.000007420084
0.925000000000 0.225000000000 0.000007821485
0.925000000000 0.237500000000 0.000008217171
0.925000000000 0.250000000000 0.000008598975
0.925000000000 0.262500000000 0.000008962980
0.925000000000 0.275000000000 0.000009313772
0.925000000000 0.287500000000 0.000009666077
0.925000000000 0.300000000000 0.000010007347
0.925000000000 0.312500000000 0.000010344167
0.925000000000 0.325000000000 0.000010664932
0.925000000000 0.337500000000 0.000010962571
0.925000000000 0.350000000000 0.000011238548
0.925000000000 0.362500000000 0.000011504591
0.925000000000 0.375000000000 0.000011765250
0.925000000000 0.387500000000 0.000012009460
0.925000000000 0.400000000000 0.000012229036
0.925000000000 0.412500000000 0.000012428448
0.925000000000 0.425000000000 0.000012619774
0.925000000000 0.437500000000 0.000012794980
0.925000000000 0.450000000000 0.000012943425
0.925000000000 0.462500000000 0.000013064649
0.925000000000 0.475000000000 0.000013159150
0.925000000000 0.487500000000 0.000013223373
0.925000000000 0.500000000000 0.000013250255
0.925000000000 0.512500000000 0.000013223373
0.925000000000 0.525000000000 0.000013159150
0.925000000000 0.537500000000 0.000013064649
0.925000000000 0.550000000000 0.000012943425
0.925000000000 0.562500000000 0.000012794980
0.925000000000 0.575000000000 0.000012619774
0.925000000000 0.587500000000 0.000012428448
0.925000000000 0.600000000000 0.000012229036
0.925000000000 0.612500000000 0.000012009460
0.925000000000 0.625000000000 0.000011765250
0.925000000000 0.637500000000 0.000011504591
0.925000000000 0.650000000000 0.000011238548
0.925000000000 0.662500000000 0.000010962571
0.925000000000 0.675000000000 0.000010664932
0.925000000000 0.687500000000 0.000010344167
0.925000000000 0.700000000000 0.000010007347
0.925000000000 0.712500000000 0.000009666077
0.925000000000 0.725000000000 0.000009313772
0.925000000000 0.737500000000 0.000008962980
0.925000000000 0.750000000000 0.000008598975
0.925000000000 0.762500000000 0.000008217171
0.925000000000 0.775000000000 0.000007821485
0.925000000000 0.787500000000 0.000007420084
0.925000000000 0.800000000000 0.000007012372
0.925000000000 0.812500000000 0.000006603196
0.925000000000 0.825000000000 0.000006189835
0.925000000000 0.837500000000 0.000005779390
0.925000000000 0.850000000000 0.000005361587
0.925000000000 0.862500000000 0.000004930562
0.925000000000 0.875000000000 0.000004490576
0.925000000000 0.887500000000 0.000004044928
0.925000000000 0.900000000000 0.000003587559
0.925000000000 0.912500000000 0.000003127240
0.925000000000 0.925000000000 0.000002675953
0.925000000000 0.937500000000 0.000002220342
0.925000000000 0.950000000000 0.000001772891
0.925000000000 0.962500000000 0.000001329595
0.925000000000 0.975000000000 0.000000883637
0.925000000000 0.987500000000 0.000000433636
0.925000000000 1.000000000000 0.000000000000

0.937500000000 0.000000000000 0.000000000000
0.937500000000 0.012500000000 0.000000357676
0.937500000000 0.025000000000 0.000000733111
0.937500000000 0.037500000000 0.000001102243
0.937500000000 0.050000000000 0.000001469438
0.937500000000 0.062500000000 0.000001838258
0.937500000000 0.075000000000 0.000002220342
0.937500000000 0.087500000000 0.000002596569
0.937500000000 0.100000000000 0.000002979841
0.937500000000 0.112500000000 0.000003359569
0.937500000000 0.125000000000 0.000003730076
0.937500000000 0.137500000000 0.000004099548
0.937500000000 0.150000000000 0.000004453485
0.937500000000 0.162500000000 0.000004801934
0.937500000000 0.175000000000 0.000005145188
0.937500000000 0.187500000000 0.000005491114
0.937500000000 0.200000000000 0.000005824945
0.937500000000 0.212500000000 0.000006157434
0.937500000000 0.225000000000 0.000006495571
0.937500000000 0.237500000000 0.000006829166
0.937500000000 0.250000000000 0.000007149116
0.937500000000 0.262500000000 0.000007446117
0.937500000000 0.275000000000 0.000007735055
0.937500000000 0.287500000000 0.000008031080
0.937500000000 0.300000000000 0.000008314580
0.937500000000 0.312500000000 0.000008594682
0.937500000000 0.325000000000 0.000008863142
0.937500000000 0.337500000000 0.000009105680
0.937500000000 0.350000000000 0.000009336132
0.937500000000 0.362500000000 0.000009558068
0.937500000000 0.375000000000 0.000009775323
0.937500000000 0.387500000000 0.000009975852
0.937500000000 0.400000000000 0.000010154069
0.937500000000 0.412500000000 0.000010315186
0.937500000000 0.425000000000 0.000010473537
0.937500000000 0.437500000000 0.000010623093
0.937500000000 0.450000000000 0.000010753284
0.937500000000 0.462500000000 0.000010858518
0.937500000000 0.475000000000 0.000010944102
0.937500000000 0.487500000000 0.000011001965
0.937500000000 0.500000000000 0.000011025193
0.937500000000 0.512500000000 0.000011001965
0.937500000000 0.525000000000 0.000010944102
0.937500000000 0.537500000000 0.000010858518
0.937500000000 0.550000000000 0.000010753284
0.937500000000 0.562500000000 0.000010623093
0.937500000000 0.575000000000 0.000010473537
0.937500000000 0.587500000000 0.000010315186
0.937500000000 0.600000000000 0.000010154069
0.937500000000 0.612500000000 0.000009975852
0.937500000000 0.625000000000 0.000009775323
0.937500000000 0.637500000000 0.000009558068
0.937500000000 0.650000000000 0.000009336132
0.937500000000 0.662500000000 0.000009105680
0.937500000000 0.675000000000 0.000008863142
0.937500000000 0.687500000000 0.000008594682
0.937500000000 0.700000000000 0.000008314580
0.937500000000 0.712500000000 0.000008031080
0.937500000000 0.725000000000 0.000007735055
0.937500000000 0.737500000000 0.000007446117
0.937500000000 0.750000000000 0.000007149116
0.937500000000 0.762500000000 0.000006829166
0.937500000000 0.775000000000 0.000006495571
0.937500000000 0.787500000000 0.000006157434
0.937500000000 0.800000000000 0.000005824945
0.937500000000 0.812500000000 0.000005491114
0.937500000000 0.825000000000 0.000005145188
0.937500000000 0.837500000000 0.000004801934
0.937500000000 0.850000000000 0.000004453485
0.937500000000 0.862500000000 0.000004099548
0.937500000000 0.875000000000 0.000003730076
0.937500000000 0.887500000000 0.000003359569
0.937500000000 0.900000000000 0.000002979841
0.937500000000 0.912500000000 0.000002596569
0.937500000000 0.925000000000 0.000002220342
0.937500000000 0.937500000000 0.000001838258
0.937500000000 0.950000000000 0.000001469438
0.937500000000 0.962500000000 0.000001102243
0.937500000000 0.975000000000 0.000000733111
0.937500000000 0.987500000000 0.000000357676
0.937500000000 1.000000000000 0.000000000000

0.950000000000 0.000000000000 0.000000000000
0.950000000000 0.012500000000 0.000000291779
0.950000000000 0.025000000000 0.000000586068
0.950000000000 0.037500000000 0.000000872672
0.950000000000 0.050000000000 0.000001167733
0.950000000000 0.062500000000 0.000001469438
0.950000000000 0.075000000000 0.000001772891
0.950000000000 0.087500000000 0.000002067807
0.950000000000 0.100000000000 0.000002373816
0.950000000000 0.112500000000 0.000002678874
0.950000000000 0.125000000000 0.000002975550
0.950000000000 0.137500000000 0.000003268475
0.950000000000 0.150000000000 0.000003553271
0.950000000000 0.162500000000 0.000003829320
0.950000000000 0.175000000000 0.000004103886
0.950000000000 0.187500000000 0.000004378408
0.950000000000 0.200000000000 0.000004645474
0.950000000000 0.212500000000 0.000004915641
0.950000000000 0.225000000000 0.000005183231
0.950000000000 0.237500000000 0.000005446957
0.950000000000 0.250000000000 0.000005699738
0.950000000000 0.262500000000 0.000005941902
0.950000000000 0.275000000000 0.000006172732
0.950000000000 0.287500000000 0.000006408616
0.950000000000 0.300000000000 0.000006634124
0.950000000000 0.312500000000 0.000006856404
0.950000000000 0.325000000000 0.000007067749
0.950000000000 0.337500000000 0.000007268221
0.950000000000 0.350000000000 0.000007454453
0.950000000000 0.362500000000 0.000007632036
0.950000000000 0.375000000000 0.000007803175
0.950000000000 0.387500000000 0.000007958326
0.950000000000 0.400000000000 0.000008093974
0.950000000000 0.412500000000 0.000008220319
0.950000000000 0.425000000000 0.000008349286
0.950000000000 0.437500000000 0.000008473217
0.950000000000 0.450000000000 0.000008581636
0.950000000000 0.462500000000 0.000008670875
0.950000000000 0.475000000000 0.000008740988
0.950000000000 0.487500000000 0.000008788909
0.950000000000 0.500000000000 0.000008809973
0.950000000000 0.512500000000 0.000008788909
0.950000000000 0.525000000000 0.000008740988
0.950000000000 0.537500000000 0.000008670875
0.950000000000 0.550000000000 0.000008581636
0.950000000000 0.562500000000 0.000008473217
0.950000000000 0.575000000000 0.000008349286
0.950000000000 0.587500000000 0.000008220319
0.950000000000 0.600000000000 0.000008093974
0.950000000000 0.612500000000 0.000007958326
0.950000000000 0.625000000000 0.000007803175
0.950000000000 0.637500000000 0.000007632036
0.950000000000 0.650000000000 0.000007454453
0.950000000000 0.662500000000 0.000007268221
0.950000000000 0.675000000000 0.000007067749
0.950000000000 0.687500000000 0.000006856404
0.950000000000 0.700000000000 0.000006634124
0.950000000000 0.712500000000 0.000006408616
0.950000000000 0.725000000000 0.000006172732
0.950000000000 0.737500000000 0.000005941902
0.950000000000 0.750000000000 0.000005699738
0.950000000000 0.762500000000 0.000005446957
0.950000000000 0.775000000000 0.000005183231
0.950000000000 0.787500000000 0.000004915641
0.950000000000 0.800000000000 0.000004645474
0.950000000000 0.812500000000 0.000004378408
0.950000000000 0.825000000000 0.000004103886
0.950000000000 0.837500000000 0.000003829320
0.950000000000 0.850000000000 0.000003553271
0.950000000000 0.862500000000 0.000003268475
0.950000000000 0.875000000000 0.000002975550
0.950000000000 0.887500000000 0.000002678874
0.950000000000 0.900000000000 0.000002373816
0.950000000000 0.912500000000 0.000002067807
0.950000000000 0.925000000000 0.000001772891
0.950000000000 0.937500000000 0.000001469438
0.950000000000 0.950000000000 0.000001167733
0.950000000000 0.962500000000 0.000000872672
0.950000000000 0.975000000000 0.000000586068
0.950000000000 0.987500000000 0.000000291779
0.950000000000 1.000000000000 0.000000000000

0.962500000000 0.000000000000 0.000000000000
0.962500000000 0.012500000000 0.000000221375
0.962500000000 0.025000000000 0.000000439428
0.962500000000 0.037500000000 0.000000648958
0.962500000000 0.050000000000 0.000000872672
0.962500000000 0.062500000000 0.000001102243
0.962500000000 0.075000000000 0.000001329595
0.962500000000 0.087500000000 0.000001545184
0.962500000000 0.100000000000 0.000001774302
0.962500000000 0.112500000000 0.000002005676
0.962500000000 0.125000000000 0.000002227611
0.962500000000 0.137500000000 0.000002449246
0.962500000000 0.150000000000 0.000002659789
0.962500000000 0.162500000000 0.000002865220
0.962500000000 0.175000000000 0.000003066579
0.962500000000 0.187500000000 0.000003275553
0.962500000000 0.200000000000 0.000003478726
0.962500000000 0.212500000000 0.000003679333
0.962500000000 0.225000000000 0.000003880755
0.962500000000 0.237500000000 0.000004074984
0.962500000000 0.250000000000 0.000004262353
0.962500000000 0.262500000000 0.000004440850
0.962500000000 0.275000000000 0.000004620006
0.962500000000 0.287500000000 0.000004802476
0.962500000000 0.300000000000 0.000004966943
0.962500000000 0.312500000000 0.000005126523
0.962500000000 0.325000000000 0.000005281966
0.962500000000 0.337500000000 0.000005427783
0.962500000000 0.350000000000 0.000005573656
0.962500000000 0.362500000000 0.000005713079
0.962500000000 0.375000000000 0.000005844870
0.962500000000 0.387500000000 0.000005959445
0.962500000000 0.400000000000 0.000006055856
0.962500000000 0.412500000000 0.000006144115
0.962500000000 0.425000000000 0.000006236607
0.962500000000 0.437500000000 0.000006330392
0.962500000000 0.450000000000 0.000006416202
0.962500000000 0.462500000000 0.000006486707
0.962500000000 0.475000000000 0.000006545821
0.962500000000 0.487500000000 0.000006586158
0.962500000000 0.500000000000 0.000006602026
0.962500000000 0.512500000000 0.000006586158
0.962500000000 0.525000000000 0.000006545821
0.962500000000 0.537500000000 0.000006486707
0.962500000000 0.550000000000 0.000006416202
0.962500000000 0.562500000000 0.000006330392
0.962500000000 0.575000000000 0.000006236607
0.962500000000 0.587500000000 0.000006144115
0.962500000000 0.600000000000 0.000006055856
0.962500000000 0.612500000000 0.000005959445
0.962500000000 0.625000000000 0.000005844870
0.962500000000 0.637500000000 0.000005713079
0.962500000000 0.650000000000 0.000005573656
0.962500000000 0.662500000000 0.000005427783
0.962500000000 0.675000000000 0.000005281966
0.962500000000 0.687500000000 0.000005126523
0.962500000000 0.700000000000 0.000004966943
0.962500000000 0.712500000000 0.000004802476
0.962500000000 0.725000000000 0.000004620006
0.962500000000 0.737500000000 0.000004440850
0.962500000000 0.750000000000 0.000004262353
0.962500000000 0.762500000000 0.000004074984
0.962500000000 0.775000000000 0.000003880755
0.962500000000 0.787500000000 0.000003679333
0.962500000000 0.800000000000 0.000003478726
0.962500000000 0.812500000000 0.000003275553
0.962500000000 0.825000000000 0.000003066579
0.962500000000 0.837500000000 0.000002865220
0.962500000000 0.850000000000 0.000002659789
0.962500000000 0.862500000000 0.000002449246
0.962500000000 0.875000000000 0.000002227611
0.962500000000 0.887500000000 0.000002005676
0.962500000000 0.900000000000 0.000001774302
0.962500000000 0.912500000000 0.000001545184
0.962500000000 0.925000000000 0.000001329595
0.962500000000 0.937500000000 0.000001102243
0.962500000000 0.950000000000 0.000000872672
0.962500000000 0.962500000000 0.000000648958
0.962500000000 0.975000000000 0.000000439428
0.962500000000 0.987500000000 0.000000221375
0.962500000000 1.000000000000 0.000000000000

0.975000000000 0.000000000000 0.000000000000
0.975000000000 0.012500000000 0.000000142546
0.975000000000 0.025000000000 0.000000292760
0.975000000000 0.037500000000 0.000000439428
0.975000000000 0.050000000000 0.000000586068
0.975000000000 0.062500000000 0.000000733111
0.975000000000 0.075000000000 0.000000883637
0.975000000000 0.087500000000 0.000001031879
0.975000000000 0.100000000000 0.000001186032
0.975000000000 0.112500000000 0.000001335604
0.975000000000 0.125000000000 0.000001479078
0.975000000000 0.137500000000 0.000001625185
0.975000000000 0.150000000000 0.000001771089
0.975000000000 0.162500000000 0.000001908086
0.975000000000 0.175000000000 0.000002039121
0.975000000000 0.187500000000 0.000002173358
0.975000000000 0.200000000000 0.000002311818
0.975000000000 0.212500000000 0.000002453384
0.975000000000 0.225000000000 0.000002585652
0.975000000000 0.237500000000 0.000002710454
0.975000000000 0.250000000000 0.000002831063
0.975000000000 0.262500000000 0.000002954381
0.975000000000 0.275000000000 0.000003075752
0.975000000000 0.287500000000 0.000003197262
0.975000000000 0.300000000000 0.000003304901
0.975000000000 0.312500000000 0.000003407987
0.975000000000 0.325000000000 0.000003508424
0.975000000000 0.337500000000 0.000003610933
0.975000000000 0.350000000000 0.000003711103
0.975000000000 0.362500000000 0.000003806276
0.975000000000 0.375000000000 0.000003893330
0.975000000000 0.387500000000 0.000003967183
0.975000000000 0.400000000000 0.000004027597
0.975000000000 0.412500000000 0.000004084295
0.975000000000 0.425000000000 0.000004146953
0.975000000000 0.437500000000 0.000004210840
0.975000000000 0.450000000000 0.000004269437
0.975000000000 0.462500000000 0.000004319604
0.975000000000 0.475000000000 0.000004359485
0.975000000000 0.487500000000 0.000004387039
0.975000000000 0.500000000000 0.000004399587
0.975000000000 0.512500000000 0.000004387039
0.975000000000 0.525000000000 0.000004359485
0.975000000000 0.537500000000 0.000004319604
0.975000000000 0.550000000000 0.000004269437
0.975000000000 0.562500000000 0.000004210840
0.975000000000 0.575000000000 0.000004146953
0.975000000000 0.587500000000 0.000004084295
0.975000000000 0.600000000000 0.000004027597
0.975000000000 0.612500000000 0.000003967183
0.975000000000 0.625000000000 0.000003893330
0.975000000000 0.637500000000 0.000003806276
0.975000000000 0.650000000000 0.000003711103
0.975000000000 0.662500000000 0.000003610933
0.975000000000 0.675000000000 0.000003508424
0.975000000000 0.687500000000 0.000003407987
0.975000000000 0.700000000000 0.000003304901
0.975000000000 0.712500000000 0.000003197262
0.975000000000 0.725000000000 0.000003075752
0.975000000000 0.737500000000 0.000002954381
0.975000000000 0.750000000000 0.000002831063
0.975000000000 0.762500000000 0.000002710454
0.975000000000 0.775000000000 0.000002585652
0.975000000000 0.787500000000 0.000002453384
0.975000000000 0.800000000000 0.000002311818
0.975000000000 0.812500000000 0.000002173358
0.975000000000 0.825000000000 0.000002039121
0.975000000000 0.837500000000 0.000001908086
0.975000000000 0.850000000000 0.000001771089
0.975000000000 0.862500000000 0.000001625185
0.975000000000 0.875000000000 0.000001479078
0.975000000000 0.887500000000 0.000001335604
0.975000000000 0.900000000000 0.000001186032
0.975000000000 0.912500000000 0.000001031879
0.975000000000 0.925000000000 0.000000883637
0.975000000000 0.937500000000 0.000000733111
0.975000000000 0.950000000000 0.000000586068
0.975000000000 0.962500000000 0.000000439428
0.975000000000 0.975000000000 0.000000292760
0.975000000000 0.987500000000 0.000000142546
0.975000000000 1.000000000000 0.000000000000

0.987500000000 0.000000000000 0.000000000000
0.987500000000 0.012500000000 0.000000064086
0.987500000000 0.025000000000 0.000000142546
0.987500000000 0.037500000000 0.000000221375
0.987500000000 0.050000000000 0.000000291779
0.987500000000 0.062500000000 0.000000357676
0.987500000000 0.075000000000 0.000000433636
0.987500000000 0.087500000000 0.000000514554
0.987500000000 0.100000000000 0.000000595203
0.987500000000 0.112500000000 0.000000667031
0.987500000000 0.125000000000 0.000000735069
0.987500000000 0.137500000000 0.000000810703
0.987500000000 0.150000000000 0.000000887249
0.987500000000 0.162500000000 0.000000958859
0.987500000000 0.175000000000 0.000001021944
0.987500000000 0.187500000000 0.000001086298
0.987500000000 0.200000000000 0.000001153558
0.987500000000 0.212500000000 0.000001223532
0.987500000000 0.225000000000 0.000001292243
0.987500000000 0.237500000000 0.000001355469
0.987500000000 0.250000000000 0.000001416074
0.987500000000 0.262500000000 0.000001475188
0.987500000000 0.275000000000 0.000001536528
0.987500000000 0.287500000000 0.000001599312
0.987500000000 0.300000000000 0.000001653478
0.987500000000 0.312500000000 0.000001705374
0.987500000000 0.325000000000 0.000001756920
0.987500000000 0.337500000000 0.000001805893
0.987500000000 0.350000000000 0.000001855231
0.987500000000 0.362500000000 0.000001901297
0.987500000000 0.375000000000 0.000001943424
0.987500000000 0.387500000000 0.000001979413
0.987500000000 0.400000000000 0.000002010119
0.987500000000 0.412500000000 0.000002039708
0.987500000000 0.425000000000 0.000002072145
0.987500000000 0.437500000000 0.000002105518
0.987500000000 0.450000000000 0.000002135442
0.987500000000 0.462500000000 0.000002158932
0.987500000000 0.475000000000 0.000002178086
0.987500000000 0.487500000000 0.000002190870
0.987500000000 0.500000000000 0.000002195842
0.987500000000 0.512500000000 0.000002190870
0.987500000000 0.525000000000 0.000002178086
0.987500000000 0.537500000000 0.000002158932
0.987500000000 0.550000000000 0.000002135442
0.987500000000 0.562500000000 0.000002105518
0.987500000000 0.575000000000 0.000002072145
0.987500000000 0.587500000000 0.000002039708
0.987500000000 0.600000000000 0.000002010119
0.987500000000 0.612500000000 0.000001979413
0.987500000000 0.625000000000 0.000001943424
0.987500000000 0.637500000000 0.000001901297
0.987500000000 0.650000000000 0.000001855231
0.987500000000 0.662500000000 0.000001805893
0.987500000000 0.675000000000 0.000001756920
0.987500000000 0.687500000000 0.000001705374
0.987500000000 0.700000000000 0.000001653478
0.987500000000 0.712500000000 0.000001599312
0.987500000000 0.725000000000 0.000001536528
0.987500000000 0.737500000000 0.000001475188
0.987500000000 0.750000000000 0.000001416074
0.987500000000 0.762500000000 0.000001355469
0.987500000000 0.775000000000 0.000001292243
0.987500000000 0.787500000000 0.000001223532
0.987500000000 0.800000000000 0.000001153558
0.987500000000 0.812500000000 0.000001086298
0.987500000000 0.825000000000 0.000001021944
0.987500000000 0.837500000000 0.000000958859
0.987500000000 0.850000000000 0.000000887249
0.987500000000 0.862500000000 0.000000810703
0.987500000000 0.875000000000 0.000000735069
0.987500000000 0.887500000000 0.000000667031
0.987500000000 0.900000000000 0.000000595203
0.987500000000 0.912500000000 0.000000514554
0.987500000000 0.925000000000 0.000000433636
0.987500000000 0.937500000000 0.000000357676
0.987500000000 0.950000000000 0.000000291779
0.987500000000 0.962500000000 0.000000221375
0.987500000000 0.975000000000 0.000000142546
0.987500000000 0.987500000000 0.000000064086
0.987500000000 1.000000000000 0.000000000000

1.000000000000 0.000000000000 0.000000000000
1.000000000000 0.012500000000 0.000000000000
1.000000000000 0.025000000000 0.000000000000
1.000000000000 0.037500000000 0.000000000000
1.000000000000 0.050000000000 0.000000000000
1.000000000000 0.062500000000 0.000000000000
1.000000000000 0.075000000000 0.000000000000
1.000000000000 0.087500000000 0.000000000000
1.000000000000 0.100000000000 0.000000000000
1.000000000000 0.112500000000 0.000000000000
1.000000000000 0.125000000000 0.000000000000
1.000000000000 0.137500000000 0.000000000000
1.000000000000 0.150000000000 0.000000000000
1.000000000000 0.162500000000 0.000000000000
1.000000000000 0.175000000000 0.000000000000
1.000000000000 0.187500000000 0.000000000000
1.000000000000 0.200000000000 0.000000000000
1.000000000000 0.212500000000 0.000000000000
1.000000000000 0.225000000000 0.000000000000
1.000000000000 0.237500000000 0.000000000000
1.000000000000 0.250000000000 0.000000000000
1.000000000000 0.262500000000 0.000000000000
1.000000000000 0.275000000000 0.000000000000
1.000000000000 0.287500000000 0.000000000000
1.000000000000 0.300000000000 0.000000000000
1.000000000000 0.312500000000 0.000000000000
1.000000000000 0.325000000000 0.000000000000
1.000000000000 0.337500000000 0.000000000000
1.000000000000 0.350000000000 0.000000000000
1.000000000000 0.362500000000 0.000000000000
1.000000000000 0.375000000000 0.000000000000
1.000000000000 0.387500000000 0.000000000000
1.000000000000 0.400000000000 0.000000000000
1.000000000000 0.412500000000 0.000000000000
1.000000000000 0.425000000000 0.000000000000
1.000000000000 0.437500000000 0.000000000000
1.000000000000 0.450000000000 0.000000000000
1.000000000000 0.462500000000 0.000000000000
1.000000000000 0.475000000000 0.000000000000
1.000000000000 0.487500000000 0.000000000000
1.000000000000 0.500000000000 0.000000000000
1.000000000000 0.512500000000 0.000000000000
1.000000000000 0.525000000000 0.000000000000
1.000000000000 0.537500000000 0.000000000000
1.000000000000 0.550000000000 0.000000000000
1.000000000000 0.562500000000 0.000000000000
1.000000000000 0.575000000000 0.000000000000
1.000000000000 0.587500000000 0.000000000000
1.000000000000 0.600000000000 0.000000000000
1.000000000000 0.612500000000 0.000000000000
1.000000000000 0.625000000000 0.000000000000
1.000000000000 0.637500000000 0.000000000000
1.000000000000 0.650000000000 0.000000000000
1.000000000000 0.662500000000 0.000000000000
1.000000000000 0.675000000000 0.000000000000
1.000000000000 0.687500000000 0.000000000000
1.000000000000 0.700000000000 0.000000000000
1.000000000000 0.712500000000 0.000000000000
1.000000000000 0.725000000000 0.000000000000
1.000000000000 0.737500000000 0.000000000000
1.000000000000 0.750000000000 0.000000000000
1.000000000000 0.762500000000 0.000000000000
1.000000000000 0.775000000000 0.000000000000
1.000000000000 0.787500000000 0.000000000000
1.000000000000 0.800000000000 0.000000000000
1.000000000000 0.812500000000 0.000000000000
1.000000000000 0.825000000000 0.000000000000
1.000000000000 0.837500000000 0.000000000000
1.000000000000 0.850000000000 0.000000000000
1.000000000000 0.862500000000 0.000000000000
1.000000000000 0.875000000000 0.000000000000
1.000000000000 0.887500000000 0.000000000000
1.000000000000 0.900000000000 0.000000000000
1.000000000000 0.912500000000 0.000000000000
1.000000000000 0.925000000000 0.000000000000
1.000000000000 0.937500000000 0.000000000000
1.000000000000 0.950000000000 0.000000000000
1.000000000000 0.962500000000 0.000000000000
1.000000000000 0.975000000000 0.000000000000
1.000000000000 0.987500000000 0.000000000000
1.000000000000 1.000000000000 0.000000000000

