# x y u
0.000000000000 0.000000000000 0.000000000000
0.000000000000 0.012500000000 0.000000000000
0.000000000000 0.025000000000 0.000000000000
0.000000000000 0.037500000000 0.000000000000
0.000000000000 0.050000000000 0.000000000000
0.000000000000 0.062500000000 0.000000000000
0.000000000000 0.075000000000 0.000000000000
0.000000000000 0.087500000000 0.000000000000
0.000000000000 0.100000000000 0.000000000000
0.000000000000 0.112500000000 0.000000000000
0.000000000000 0.125000000000 0.000000000000
0.000000000000 0.137500000000 0.000000000000
0.000000000000 0.150000000000 0.000000000000
0.000000000000 0.162500000000 0.000000000000
0.000000000000 0.175000000000 0.000000000000
0.000000000000 0.187500000000 0.000000000000
0.000000000000 0.200000000000 0.000000000000
0.000000000000 0.212500000000 0.000000000000
0.000000000000 0.225000000000 0.000000000000
0.000000000000 0.237500000000 0.000000000000
0.000000000000 0.250000000000 0.000000000000
0.000000000000 0.262500000000 0.000000000000
0.000000000000 0.275000000000 0.000000000000
0.000000000000 0.287500000000 0.000000000000
0.000000000000 0.300000000000 0.000000000000
0.000000000000 0.312500000000 0.000000000000
0.000000000000 0.325000000000 0.000000000000
0.000000000000 0.337500000000 0.000000000000
0.000000000000 0.350000000000 0.000000000000
0.000000000000 0.362500000000 0.000000000000
0.000000000000 0.375000000000 0.000000000000
0.000000000000 0.387500000000 0.000000000000
0.000000000000 0.400000000000 0.000000000000
0.000000000000 0.412500000000 0.000000000000
0.000000000000 0.425000000000 0.000000000000
0.000000000000 0.437500000000 0.000000000000
0.000000000000 0.450000000000 0.000000000000
0.000000000000 0.462500000000 0.000000000000
0.000000000000 0.475000000000 0.000000000000
0.000000000000 0.487500000000 0.000000000000
0.000000000000 0.500000000000 0.000000000000
0.000000000000 0.512500000000 0.000000000000
0.000000000000 0.525000000000 0.000000000000
0.000000000000 0.537500000000 0.000000000000
0.000000000000 0.550000000000 0.000000000000
0.000000000000 0.562500000000 0.000000000000
0.000000000000 0.575000000000 0.000000000000
0.000000000000 0.587500000000 0.000000000000
0.000000000000 0.600000000000 0.000000000000
0.000000000000 0.612500000000 0.000000000000
0.000000000000 0.625000000000 0.000000000000
0.000000000000 0.637500000000 0.000000000000
0.000000000000 0.650000000000 0.000000000000
0.000000000000 0.662500000000 0.000000000000
0.000000000000 0.675000000000 0.000000000000
0.000000000000 0.687500000000 0.000000000000
0.000000000000 0.700000000000 0.000000000000
0.000000000000 0.712500000000 0.000000000000
0.000000000000 0.725000000000 0.000000000000
0.000000000000 0.737500000000 0.000000000000
0.000000000000 0.750000000000 0.000000000000
0.000000000000 0.762500000000 0.000000000000
0.000000000000 0.775000000000 0.000000000000
0.000000000000 0.787500000000 0.000000000000
0.000000000000 0.800000000000 0.000000000000
0.000000000000 0.812500000000 0.000000000000
0.000000000000 0.825000000000 0.000000000000
0.000000000000 0.837500000000 0.000000000000
0.000000000000 0.850000000000 0.000000000000
0.000000000000 0.862500000000 0.000000000000
0.000000000000 0.875000000000 0.000000000000
0.000000000000 0.887500000000 0.000000000000
0.000000000000 0.900000000000 0.000000000000
0.000000000000 0.912500000000 0.000000000000
0.000000000000 0.925000000000 0.000000000000
0.000000000000 0.937500000000 0.000000000000
0.000000000000 0.950000000000 0.000000000000
0.000000000000 0.962500000000 0.000000000000
0.000000000000 0.975000000000 0.000000000000
0.000000000000 0.987500000000 0.000000000000
0.000000000000 1.000000000000 0.000000000000

0.012500000000 0.000000000000 0.000000000000
0.012500000000 0.012500000000 0.000000025315
0.012500000000 0.025000000000 0.000000050620
0.012500000000 0.037500000000 0.000000075926
0.012500000000 0.050000000000 0.000000101209
0.012500000000 0.062500000000 0.000000126470
0.012500000000 0.075000000000 0.000000151709
0.012500000000 0.087500000000 0.000000176914
0.012500000000 0.100000000000 0.000000202077
0.012500000000 0.112500000000 0.000000227189
0.012500000000 0.125000000000 0.000000252221
0.012500000000 0.137500000000 0.000000277160
0.012500000000 0.150000000000 0.000000301984
0.012500000000 0.162500000000 0.000000326673
0.012500000000 0.175000000000 0.000000351198
0.012500000000 0.187500000000 0.000000375528
0.012500000000 0.200000000000 0.000000399623
0.012500000000 0.212500000000 0.000000423440
0.012500000000 0.225000000000 0.000000446938
0.012500000000 0.237500000000 0.000000470077
0.012500000000 0.250000000000 0.000000492801
0.012500000000 0.262500000000 0.000000515053
0.012500000000 0.275000000000 0.000000536764
0.012500000000 0.287500000000 0.000000557877
0.012500000000 0.300000000000 0.000000578330
0.012500000000 0.312500000000 0.000000598054
0.012500000000 0.325000000000 0.000000616977
0.012500000000 0.337500000000 0.000000635017
0.012500000000 0.350000000000 0.000000652101
0.012500000000 0.362500000000 0.000000668166
0.012500000000 0.375000000000 0.000000683124
0.012500000000 0.387500000000 0.000000696915
0.012500000000 0.400000000000 0.000000709464
0.012500000000 0.412500000000 0.000000720697
0.012500000000 0.425000000000 0.000000730573
0.012500000000 0.437500000000 0.000000739030
0.012500000000 0.450000000000 0.000000746018
0.012500000000 0.462500000000 0.000000751492
0.012500000000 0.475000000000 0.000000755430
0.012500000000 0.487500000000 0.000000757800
0.012500000000 0.500000000000 0.000000758592
0.012500000000 0.512500000000 0.000000757800
0.012500000000 0.525000000000 0.000000755430
0.012500000000 0.537500000000 0.000000751492
0.012500000000 0.550000000000 0.000000746018
0.012500000000 0.562500000000 0.000000739030
0.012500000000 0.575000000000 0.000000730573
0.012500000000 0.587500000000 0.000000720697
0.012500000000 0.600000000000 0.000000709464
0.012500000000 0.612500000000 0.000000696915
0.012500000000 0.625000000000 0.000000683124
0.012500000000 0.637500000000 0.000000668166
0.012500000000 0.650000000000 0.000000652101
0.012500000000 0.662500000000 0.000000635017
0.012500000000 0.675000000000 0.000000616977
0.012500000000 0.687500000000 0.000000598054
0.012500000000 0.700000000000 0.000000578330
0.012500000000 0.712500000000 0.000000557877
0.012500000000 0.725000000000 0.000000536764
0.012500000000 0.737500000000 0.000000515053
0.012500000000 0.750000000000 0.000000492801
0.012500000000 0.762500000000 0.000000470077
0.012500000000 0.775000000000 0.000000446938
0.012500000000 0.787500000000 0.000000423440
0.012500000000 0.800000000000 0.000000399623
0.012500000000 0.812500000000 0.000000375528
0.012500000000 0.825000000000 0.000000351198
0.012500000000 0.837500000000 0.000000326673
0.012500000000 0.850000000000 0.000000301984
0.012500000000 0.862500000000 0.000000277160
0.012500000000 0.875000000000 0.000000252221
0.012500000000 0.887500000000 0.000000227189
0.012500000000 0.900000000000 0.000000202077
0.012500000000 0.912500000000 0.000000176914
0.012500000000 0.925000000000 0.000000151709
0.012500000000 0.937500000000 0.000000126470
0.012500000000 0.950000000000 0.000000101209
0.012500000000 0.962500000000 0.000000075926
0.012500000000 0.975000000000 0.000000050620
0.012500000000 0.987500000000 0.000000025315
0.012500000000 1.000000000000 0.000000000000

0.025000000000 0.000000000000 0.000000000000
0.025000000000 0.012500000000 0.000000050620
0.025000000000 0.025000000000 0.000000101240
0.025000000000 0.037500000000 0.000000151844
0.025000000000 0.050000000000 0.000000202414
0.025000000000 0.062500000000 0.000000252937
0.025000000000 0.075000000000 0.000000303409
0.025000000000 0.087500000000 0.000000353828
0.025000000000 0.100000000000 0.000000404164
0.025000000000 0.112500000000 0.000000454387
0.025000000000 0.125000000000 0.000000504458
0.025000000000 0.137500000000 0.000000554348
0.025000000000 0.150000000000 0.000000604012
0.025000000000 0.162500000000 0.000000653409
0.025000000000 0.175000000000 0.000000702475
0.025000000000 0.187500000000 0.000000751156
0.025000000000 0.200000000000 0.000000799370
0.025000000000 0.212500000000 0.000000847045
0.025000000000 0.225000000000 0.000000894087
0.025000000000 0.237500000000 0.000000940405
0.025000000000 0.250000000000 0.000000985896
0.025000000000 0.262500000000 0.000001030441
0.025000000000 0.275000000000 0.000001073926
0.025000000000 0.287500000000 0.000001116215
0.025000000000 0.300000000000 0.000001157182
0.025000000000 0.312500000000 0.000001196695
0.025000000000 0.325000000000 0.000001234606
0.025000000000 0.337500000000 0.000001270750
0.025000000000 0.350000000000 0.000001304987
0.025000000000 0.362500000000 0.000001337174
0.025000000000 0.375000000000 0.000001367157
0.025000000000 0.387500000000 0.000001394791
0.025000000000 0.400000000000 0.000001419941
0.025000000000 0.412500000000 0.000001442473
0.025000000000 0.425000000000 0.000001462274
0.025000000000 0.437500000000 0.000001479228
0.025000000000 0.450000000000 0.000001493234
0.025000000000 0.462500000000 0.000001504220
0.025000000000 0.475000000000 0.000001512108
0.025000000000 0.487500000000 0.000001516859
0.025000000000 0.500000000000 0.000001518446
0.025000000000 0.512500000000 0.000001516859
0.025000000000 0.525000000000 0.000001512108
0.025000000000 0.537500000000 0.000001504220
0.025000000000 0.550000000000 0.000001493234
0.025000000000 0.562500000000 0.000001479228
0.025000000000 0.575000000000 0.000001462274
0.025000000000 0.587500000000 0.000001442473
0.025000000000 0.600000000000 0.000001419941
0.025000000000 0.612500000000 0.000001394791
0.025000000000 0.625000000000 0.000001367157
0.025000000000 0.637500000000 0.000001337174
0.025000000000 0.650000000000 0.000001304987
0.025000000000 0.662500000000 0.000001270750
0.025000000000 0.675000000000 0.000001234606
0.025000000000 0.687500000000 0.000001196695
0.025000000000 0.700000000000 0.000001157182
0.025000000000 0.712500000000 0.000001116215
0.025000000000 0.725000000000 0.000001073926
0.025000000000 0.737500000000 0.000001030441
0.025000000000 0.750000000000 0.000000985896
0.025000000000 0.762500000000 0.000000940405
0.025000000000 0.775000000000 0.000000894087
0.025000000000 0.787500000000 0.000000847045
0.025000000000 0.800000000000 0.000000799370
0.025000000000 0.812500000000 0.000000751156
0.025000000000 0.825000000000 0.000000702475
0.025000000000 0.837500000000 0.000000653409
0.025000000000 0.850000000000 0.000000604012
0.025000000000 0.862500000000 0.000000554348
0.025000000000 0.875000000000 0.000000504458
0.025000000000 0.887500000000 0.000000454387
0.025000000000 0.900000000000 0.000000404164
0.025000000000 0.912500000000 0.000000353828
0.025000000000 0.925000000000 0.000000303409
0.025000000000 0.937500000000 0.000000252937
0.025000000000 0.950000000000 0.000000202414
0.025000000000 0.962500000000 0.000000151844
0.025000000000 0.975000000000 0.000000101240
0.025000000000 0.987500000000 0.000000050620
0.025000000000 1.000000000000 0.000000000000

0.037500000000 0.000000000000 0.000000000000
0.037500000000 0.012500000000 0.000000075926
0.037500000000 0.025000000000 0.000000151844
0.037500000000 0.037500000000 0.000000227738
0.037500000000 0.050000000000 0.000000303585
0.037500000000 0.062500000000 0.000000379380
0.037500000000 0.075000000000 0.000000455098
0.037500000000 0.087500000000 0.000000530728
0.037500000000 0.100000000000 0.000000606236
0.037500000000 0.112500000000 0.000000681586
0.037500000000 0.125000000000 0.000000756716
0.037500000000 0.137500000000 0.000000831586
0.037500000000 0.150000000000 0.000000906122
0.037500000000 0.162500000000 0.000000980259
0.037500000000 0.175000000000 0.000001053913
0.037500000000 0.187500000000 0.000001126991
0.037500000000 0.200000000000 0.000001199383
0.037500000000 0.212500000000 0.000001270982
0.037500000000 0.225000000000 0.000001341642
0.037500000000 0.237500000000 0.000001411225
0.037500000000 0.250000000000 0.000001479578
0.037500000000 0.262500000000 0.000001546524
0.037500000000 0.275000000000 0.000001611886
0.037500000000 0.287500000000 0.000001675470
0.037500000000 0.300000000000 0.000001737073
0.037500000000 0.312500000000 0.000001796496
0.037500000000 0.325000000000 0.000001853511
0.037500000000 0.337500000000 0.000001907892
0.037500000000 0.350000000000 0.000001959409
0.037500000000 0.362500000000 0.000002007855
0.037500000000 0.375000000000 0.000002052990
0.037500000000 0.387500000000 0.000002094598
0.037500000000 0.400000000000 0.000002132467
0.037500000000 0.412500000000 0.000002166405
0.037500000000 0.425000000000 0.000002196230
0.037500000000 0.437500000000 0.000002221762
0.037500000000 0.450000000000 0.000002242868
0.037500000000 0.462500000000 0.000002259416
0.037500000000 0.475000000000 0.000002271304
0.037500000000 0.487500000000 0.000002278467
0.037500000000 0.500000000000 0.000002280853
0.037500000000 0.512500000000 0.000002278467
0.037500000000 0.525000000000 0.000002271304
0.037500000000 0.537500000000 0.000002259416
0.037500000000 0.550000000000 0.000002242868
0.037500000000 0.562500000000 0.000002221762
0.037500000000 0.575000000000 0.000002196230
0.037500000000 0.587500000000 0.000002166405
0.037500000000 0.600000000000 0.000002132467
0.037500000000 0.612500000000 0.000002094598
0.037500000000 0.625000000000 0.000002052990
0.037500000000 0.637500000000 0.000002007855
0.037500000000 0.650000000000 0.000001959409
0.037500000000 0.662500000000 0.000001907892
0.037500000000 0.675000000000 0.000001853511
0.037500000000 0.687500000000 0.000001796496
0.037500000000 0.700000000000 0.000001737073
0.037500000000 0.712500000000 0.000001675470
0.037500000000 0.725000000000 0.000001611886
0.037500000000 0.737500000000 0.000001546524
0.037500000000 0.750000000000 0.000001479578
0.037500000000 0.762500000000 0.000001411225
0.037500000000 0.775000000000 0.000001341642
0.037500000000 0.787500000000 0.000001270982
0.037500000000 0.800000000000 0.000001199383
0.037500000000 0.812500000000 0.000001126991
0.037500000000 0.825000000000 0.000001053913
0.037500000000 0.837500000000 0.000000980259
0.037500000000 0.850000000000 0.000000906122
0.037500000000 0.862500000000 0.000000831586
0.037500000000 0.875000000000 0.000000756716
0.037500000000 0.887500000000 0.000000681586
0.037500000000 0.900000000000 0.000000606236
0.037500000000 0.912500000000 0.000000530728
0.037500000000 0.925000000000 0.000000455098
0.037500000000 0.937500000000 0.000000379380
0.037500000000 0.950000000000 0.000000303585
0.037500000000 0.962500000000 0.000000227738
0.037500000000 0.975000000000 0.000000151844
0.037500000000 0.987500000000 0.000000075926
0.037500000000 1.000000000000 0.000000000000

0.050000000000 0.000000000000 0.000000000000
0.050000000000 0.012500000000 0.000000101209
0.050000000000 0.025000000000 0.000000202414
0.050000000000 0.037500000000 0.000000303585
0.050000000000 0.050000000000 0.000000404713
0.050000000000 0.062500000000 0.000000505776
0.050000000000 0.075000000000 0.000000606744
0.050000000000 0.087500000000 0.000000707599
0.050000000000 0.100000000000 0.000000808293
0.050000000000 0.112500000000 0.000000908780
0.050000000000 0.125000000000 0.000001008996
0.050000000000 0.137500000000 0.000001108874
0.050000000000 0.150000000000 0.000001208325
0.050000000000 0.162500000000 0.000001307265
0.050000000000 0.175000000000 0.000001405574
0.050000000000 0.187500000000 0.000001503129
0.050000000000 0.200000000000 0.000001599795
0.050000000000 0.212500000000 0.000001695416
0.050000000000 0.225000000000 0.000001789806
0.050000000000 0.237500000000 0.000001882784
0.050000000000 0.250000000000 0.000001974132
0.050000000000 0.262500000000 0.000002063624
0.050000000000 0.275000000000 0.000002151022
0.050000000000 0.287500000000 0.000002236069
0.050000000000 0.300000000000 0.000002318493
0.050000000000 0.312500000000 0.000002398012
0.050000000000 0.325000000000 0.000002474333
0.050000000000 0.337500000000 0.000002547147
0.050000000000 0.350000000000 0.000002616154
0.050000000000 0.362500000000 0.000002681051
0.050000000000 0.375000000000 0.000002741532
0.050000000000 0.387500000000 0.000002797297
0.050000000000 0.400000000000 0.000002848067
0.050000000000 0.412500000000 0.000002893582
0.050000000000 0.425000000000 0.000002933573
0.050000000000 0.437500000000 0.000002967828
0.050000000000 0.450000000000 0.000002996138
0.050000000000 0.462500000000 0.000003018341
0.050000000000 0.475000000000 0.000003034290
0.050000000000 0.487500000000 0.000003043905
0.050000000000 0.500000000000 0.000003047116
0.050000000000 0.512500000000 0.000003043905
0.050000000000 0.525000000000 0.000003034290
0.050000000000 0.537500000000 0.000003018341
0.050000000000 0.550000000000 0.000002996138
0.050000000000 0.562500000000 0.000002967828
0.050000000000 0.575000000000 0.000002933573
0.050000000000 0.587500000000 0.000002893582
0.050000000000 0.600000000000 0.000002848067
0.050000000000 0.612500000000 0.000002797297
0.050000000000 0.625000000000 0.000002741532
0.050000000000 0.637500000000 0.000002681051
0.050000000000 0.650000000000 0.000002616154
0.050000000000 0.662500000000 0.000002547147
0.050000000000 0.675000000000 0.000002474333
0.050000000000 0.687500000000 0.000002398012
0.050000000000 0.700000000000 0.000002318493
0.050000000000 0.712500000000 0.000002236069
0.050000000000 0.725000000000 0.000002151022
0.050000000000 0.737500000000 0.000002063624
0.050000000000 0.750000000000 0.000001974132
0.050000000000 0.762500000000 0.000001882784
0.050000000000 0.775000000000 0.000001789806
0.050000000000 0.787500000000 0.000001695416
0.050000000000 0.800000000000 0.000001599795
0.050000000000 0.812500000000 0.000001503129
0.050000000000 0.825000000000 0.000001405574
0.050000000000 0.837500000000 0.000001307265
0.050000000000 0.850000000000 0.000001208325
0.050000000000 0.862500000000 0.000001108874
0.050000000000 0.875000000000 0.000001008996
0.050000000000 0.887500000000 0.000000908780
0.050000000000 0.900000000000 0.000000808293
0.050000000000 0.912500000000 0.000000707599
0.050000000000 0.925000000000 0.000000606744
0.050000000000 0.937500000000 0.000000505776
0.050000000000 0.950000000000 0.000000404713
0.050000000000 0.962500000000 0.000000303585
0.050000000000 0.975000000000 0.000000202414
0.050000000000 0.987500000000 0.000000101209
0.050000000000 1.000000000000 0.000000000000

0.062500000000 0.000000000000 0.000000000000
0.062500000000 0.012500000000 0.000000126470
0.062500000000 0.025000000000 0.000000252937
0.062500000000 0.037500000000 0.000000379380
0.062500000000 0.050000000000 0.000000505776
0.062500000000 0.062500000000 0.000000632110
0.062500000000 0.075000000000 0.000000758320
0.062500000000 0.087500000000 0.000000884397
0.062500000000 0.100000000000 0.000001010296
0.062500000000 0.112500000000 0.000001135951
0.062500000000 0.125000000000 0.000001261284
0.062500000000 0.137500000000 0.000001386219
0.062500000000 0.150000000000 0.000001510649
0.062500000000 0.162500000000 0.000001634459
0.062500000000 0.175000000000 0.000001757515
0.062500000000 0.187500000000 0.000001879648
0.062500000000 0.200000000000 0.000002000702
0.062500000000 0.212500000000 0.000002120472
0.062500000000 0.225000000000 0.000002238751
0.062500000000 0.237500000000 0.000002355293
0.062500000000 0.250000000000 0.000002469826
0.062500000000 0.262500000000 0.000002582070
0.062500000000 0.275000000000 0.000002691717
0.062500000000 0.287500000000 0.000002798454
0.062500000000 0.300000000000 0.000002901937
0.062500000000 0.312500000000 0.000003001805
0.062500000000 0.325000000000 0.000003097689
0.062500000000 0.337500000000 0.000003189210
0.062500000000 0.350000000000 0.000003275969
0.062500000000 0.362500000000 0.000003357591
0.062500000000 0.375000000000 0.000003433681
0.062500000000 0.387500000000 0.000003503864
0.062500000000 0.400000000000 0.000003567784
0.062500000000 0.412500000000 0.000003625096
0.062500000000 0.425000000000 0.000003675464
0.062500000000 0.437500000000 0.000003718617
0.062500000000 0.450000000000 0.000003754290
0.062500000000 0.462500000000 0.000003782261
0.062500000000 0.475000000000 0.000003802363
0.062500000000 0.487500000000 0.000003814477
0.062500000000 0.500000000000 0.000003818524
0.062500000000 0.512500000000 0.000003814477
0.062500000000 0.525000000000 0.000003802363
0.062500000000 0.537500000000 0.000003782261
0.062500000000 0.550000000000 0.000003754290
0.062500000000 0.562500000000 0.000003718617
0.062500000000 0.575000000000 0.000003675464
0.062500000000 0.587500000000 0.000003625096
0.062500000000 0.600000000000 0.000003567784
0.062500000000 0.612500000000 0.000003503864
0.062500000000 0.625000000000 0.000003433681
0.062500000000 0.637500000000 0.000003357591
0.062500000000 0.650000000000 0.000003275969
0.062500000000 0.662500000000 0.000003189210
0.062500000000 0.675000000000 0.000003097689
0.062500000000 0.687500000000 0.000003001805
0.062500000000 0.700000000000 0.000002901937
0.062500000000 0.712500000000 0.000002798454
0.062500000000 0.725000000000 0.000002691717
0.062500000000 0.737500000000 0.000002582070
0.062500000000 0.750000000000 0.000002469826
0.062500000000 0.762500000000 0.000002355293
0.062500000000 0.775000000000 0.000002238751
0.062500000000 0.787500000000 0.000002120472
0.062500000000 0.800000000000 0.000002000702
0.062500000000 0.812500000000 0.000001879648
0.062500000000 0.825000000000 0.000001757515
0.062500000000 0.837500000000 0.000001634459
0.062500000000 0.850000000000 0.000001510649
0.062500000000 0.862500000000 0.000001386219
0.062500000000 0.875000000000 0.000001261284
0.062500000000 0.887500000000 0.000001135951
0.062500000000 0.900000000000 0.000001010296
0.062500000000 0.912500000000 0.000000884397
0.062500000000 0.925000000000 0.000000758320
0.062500000000 0.937500000000 0.000000632110
0.062500000000 0.950000000000 0.000000505776
0.062500000000 0.962500000000 0.000000379380
0.062500000000 0.975000000000 0.000000252937
0.062500000000 0.987500000000 0.000000126470
0.062500000000 1.000000000000 0.000000000000

0.075000000000 0.000000000000 0.000000000000
0.075000000000 0.012500000000 0.000000151709
0.075000000000 0.025000000000 0.000000303409
0.075000000000 0.037500000000 0.000000455098
0.075000000000 0.050000000000 0.000000606744
0.075000000000 0.062500000000 0.000000758320
0.075000000000 0.075000000000 0.000000909779
0.075000000000 0.087500000000 0.000001061092
0.075000000000 0.100000000000 0.000001212212
0.075000000000 0.112500000000 0.000001363059
0.075000000000 0.125000000000 0.000001513557
0.075000000000 0.137500000000 0.000001663607
0.075000000000 0.150000000000 0.000001813083
0.075000000000 0.162500000000 0.000001961851
0.075000000000 0.175000000000 0.000002109757
0.075000000000 0.187500000000 0.000002256604
0.075000000000 0.200000000000 0.000002402193
0.075000000000 0.212500000000 0.000002546286
0.075000000000 0.225000000000 0.000002688639
0.075000000000 0.237500000000 0.000002828949
0.075000000000 0.250000000000 0.000002966903
0.075000000000 0.262500000000 0.000003102149
0.075000000000 0.275000000000 0.000003234322
0.075000000000 0.287500000000 0.000003363044
0.075000000000 0.300000000000 0.000003487896
0.075000000000 0.312500000000 0.000003608440
0.075000000000 0.325000000000 0.000003724222
0.075000000000 0.337500000000 0.000003834782
0.075000000000 0.350000000000 0.000003939632
0.075000000000 0.362500000000 0.000004038318
0.075000000000 0.375000000000 0.000004130354
0.075000000000 0.387500000000 0.000004215286
0.075000000000 0.400000000000 0.000004292667
0.075000000000 0.412500000000 0.000004362064
0.075000000000 0.425000000000 0.000004423075
0.075000000000 0.437500000000 0.000004475352
0.075000000000 0.450000000000 0.000004518581
0.075000000000 0.462500000000 0.000004552484
0.075000000000 0.475000000000 0.000004576849
0.075000000000 0.487500000000 0.000004591534
0.075000000000 0.500000000000 0.000004596444
0.075000000000 0.512500000000 0.000004591534
0.075000000000 0.525000000000 0.000004576849
0.075000000000 0.537500000000 0.000004552484
0.075000000000 0.550000000000 0.000004518581
0.075000000000 0.562500000000 0.000004475352
0.075000000000 0.575000000000 0.000004423075
0.075000000000 0.587500000000 0.000004362064
0.075000000000 0.600000000000 0.000004292667
0.075000000000 0.612500000000 0.000004215286
0.075000000000 0.625000000000 0.000004130354
0.075000000000 0.637500000000 0.000004038318
0.075000000000 0.650000000000 0.000003939632
0.075000000000 0.662500000000 0.000003834782
0.075000000000 0.675000000000 0.000003724222
0.075000000000 0.687500000000 0.000003608440
0.075000000000 0.700000000000 0.000003487896
0.075000000000 0.712500000000 0.000003363044
0.075000000000 0.725000000000 0.000003234322
0.075000000000 0.737500000000 0.000003102149
0.075000000000 0.750000000000 0.000002966903
0.075000000000 0.762500000000 0.000002828949
0.075000000000 0.775000000000 0.000002688639
0.075000000000 0.787500000000 0.000002546286
0.075000000000 0.800000000000 0.000002402193
0.075000000000 0.812500000000 0.000002256604
0.075000000000 0.825000000000 0.000002109757
0.075000000000 0.837500000000 0.000001961851
0.075000000000 0.850000000000 0.000001813083
0.075000000000 0.862500000000 0.000001663607
0.075000000000 0.875000000000 0.000001513557
0.075000000000 0.887500000000 0.000001363059
0.075000000000 0.900000000000 0.000001212212
0.075000000000 0.912500000000 0.000001061092
0.075000000000 0.925000000000 0.000000909779
0.075000000000 0.937500000000 0.000000758320
0.075000000000 0.950000000000 0.000000606744
0.075000000000 0.962500000000 0.000000455098
0.075000000000 0.975000000000 0.000000303409
0.075000000000 0.987500000000 0.000000151709
0.075000000000 1.000000000000 0.000000000000

0.087500000000 0.000000000000 0.000000000000
0.087500000000 0.012500000000 0.000000176914
0.087500000000 0.025000000000 0.000000353828
0.087500000000 0.037500000000 0.000000530728
0.087500000000 0.050000000000 0.000000707599
0.087500000000 0.062500000000 0.000000884397
0.087500000000 0.075000000000 0.000001061092
0.087500000000 0.087500000000 0.000001237641
0.087500000000 0.100000000000 0.000001413993
0.087500000000 0.112500000000 0.000001590064
0.087500000000 0.125000000000 0.000001765766
0.087500000000 0.137500000000 0.000001940993
0.087500000000 0.150000000000 0.000002115599
0.087500000000 0.162500000000 0.000002289441
0.087500000000 0.175000000000 0.000002462319
0.087500000000 0.187500000000 0.000002634034
0.087500000000 0.200000000000 0.000002804334
0.087500000000 0.212500000000 0.000002972956
0.087500000000 0.225000000000 0.000003139608
0.087500000000 0.237500000000 0.000003303938
0.087500000000 0.250000000000 0.000003465584
0.087500000000 0.262500000000 0.000003624137
0.087500000000 0.275000000000 0.000003779171
0.087500000000 0.287500000000 0.000003930230
0.087500000000 0.300000000000 0.000004076825
0.087500000000 0.312500000000 0.000004218438
0.087500000000 0.325000000000 0.000004354522
0.087500000000 0.337500000000 0.000004484530
0.087500000000 0.350000000000 0.000004607899
0.087500000000 0.362500000000 0.000004724068
0.087500000000 0.375000000000 0.000004832467
0.087500000000 0.387500000000 0.000004932549
0.087500000000 0.400000000000 0.000005023772
0.087500000000 0.412500000000 0.000005105616
0.087500000000 0.425000000000 0.000005177594
0.087500000000 0.437500000000 0.000005239289
0.087500000000 0.450000000000 0.000005290311
0.087500000000 0.462500000000 0.000005330335
0.087500000000 0.475000000000 0.000005359112
0.087500000000 0.487500000000 0.000005376465
0.087500000000 0.500000000000 0.000005382260
0.087500000000 0.512500000000 0.000005376465
0.087500000000 0.525000000000 0.000005359112
0.087500000000 0.537500000000 0.000005330335
0.087500000000 0.550000000000 0.000005290311
0.087500000000 0.562500000000 0.000005239289
0.087500000000 0.575000000000 0.000005177594
0.087500000000 0.587500000000 0.000005105616
0.087500000000 0.600000000000 0.000005023772
0.087500000000 0.612500000000 0.000004932549
0.087500000000 0.625000000000 0.000004832467
0.087500000000 0.637500000000 0.000004724068
0.087500000000 0.650000000000 0.000004607899
0.087500000000 0.662500000000 0.000004484530
0.087500000000 0.675000000000 0.000004354522
0.087500000000 0.687500000000 0.000004218438
0.087500000000 0.700000000000 0.000004076825
0.087500000000 0.712500000000 0.000003930230
0.087500000000 0.725000000000 0.000003779171
0.087500000000 0.737500000000 0.000003624137
0.087500000000 0.750000000000 0.000003465584
0.087500000000 0.762500000000 0.000003303938
0.087500000000 0.775000000000 0.000003139608
0.087500000000 0.787500000000 0.000002972956
0.087500000000 0.800000000000 0.000002804334
0.087500000000 0.812500000000 0.000002634034
0.087500000000 0.825000000000 0.000002462319
0.087500000000 0.837500000000 0.000002289441
0.087500000000 0.850000000000 0.000002115599
0.087500000000 0.862500000000 0.000001940993
0.087500000000 0.875000000000 0.000001765766
0.087500000000 0.887500000000 0.000001590064
0.087500000000 0.900000000000 0.000001413993
0.087500000000 0.912500000000 0.000001237641
0.087500000000 0.925000000000 0.000001061092
0.087500000000 0.937500000000 0.000000884397
0.087500000000 0.950000000000 0.000000707599
0.087500000000 0.962500000000 0.000000530728
0.087500000000 0.975000000000 0.000000353828
0.087500000000 0.987500000000 0.000000176914
0.087500000000 1.000000000000 0.000000000000

0.100000000000 0.000000000000 0.000000000000
0.100000000000 0.012500000000 0.000000202077
0.100000000000 0.025000000000 0.000000404164
0.100000000000 0.037500000000 0.000000606236
0.100000000000 0.050000000000 0.000000808293
0.100000000000 0.062500000000 0.000001010296
0.100000000000 0.075000000000 0.000001212212
0.100000000000 0.087500000000 0.000001413993
0.100000000000 0.100000000000 0.000001615589
0.100000000000 0.112500000000 0.000001816914
0.100000000000 0.125000000000 0.000002017872
0.100000000000 0.137500000000 0.000002218344
0.100000000000 0.150000000000 0.000002418169
0.100000000000 0.162500000000 0.000002617192
0.100000000000 0.175000000000 0.000002815191
0.100000000000 0.187500000000 0.000003011940
0.100000000000 0.200000000000 0.000003207151
0.100000000000 0.212500000000 0.000003400530
0.100000000000 0.225000000000 0.000003591749
0.100000000000 0.237500000000 0.000003780397
0.100000000000 0.250000000000 0.000003966060
0.100000000000 0.262500000000 0.000004148284
0.100000000000 0.275000000000 0.000004326568
0.100000000000 0.287500000000 0.000004500380
0.100000000000 0.300000000000 0.000004669162
0.100000000000 0.312500000000 0.000004832305
0.100000000000 0.325000000000 0.000004989178
0.100000000000 0.337500000000 0.000005139137
0.100000000000 0.350000000000 0.000005281526
0.100000000000 0.362500000000 0.000005415689
0.100000000000 0.375000000000 0.000005540948
0.100000000000 0.387500000000 0.000005656655
0.100000000000 0.400000000000 0.000005762176
0.100000000000 0.412500000000 0.000005856895
0.100000000000 0.425000000000 0.000005940240
0.100000000000 0.437500000000 0.000006011699
0.100000000000 0.450000000000 0.000006070817
0.100000000000 0.462500000000 0.000006117205
0.100000000000 0.475000000000 0.000006150570
0.100000000000 0.487500000000 0.000006170683
0.100000000000 0.500000000000 0.000006177402
0.100000000000 0.512500000000 0.000006170683
0.100000000000 0.525000000000 0.000006150570
0.100000000000 0.537500000000 0.000006117205
0.100000000000 0.550000000000 0.000006070817
0.100000000000 0.562500000000 0.000006011699
0.100000000000 0.575000000000 0.000005940240
0.100000000000 0.587500000000 0.000005856895
0.100000000000 0.600000000000 0.000005762176
0.100000000000 0.612500000000 0.000005656655
0.100000000000 0.625000000000 0.000005540948
0.100000000000 0.637500000000 0.000005415689
0.100000000000 0.650000000000 0.000005281526
0.100000000000 0.662500000000 0.000005139137
0.100000000000 0.675000000000 0.000004989178
0.100000000000 0.687500000000 0.000004832305
0.100000000000 0.700000000000 0.000004669162
0.100000000000 0.712500000000 0.000004500380
0.100000000000 0.725000000000 0.000004326568
0.100000000000 0.737500000000 0.000004148284
0.100000000000 0.750000000000 0.000003966060
0.100000000000 0.762500000000 0.000003780397
0.100000000000 0.775000000000 0.000003591749
0.100000000000 0.787500000000 0.000003400530
0.100000000000 0.800000000000 0.000003207151
0.100000000000 0.812500000000 0.000003011940
0.100000000000 0.825000000000 0.000002815191
0.100000000000 0.837500000000 0.000002617192
0.100000000000 0.850000000000 0.000002418169
0.100000000000 0.862500000000 0.000002218344
0.100000000000 0.875000000000 0.000002017872
0.100000000000 0.887500000000 0.000001816914
0.100000000000 0.900000000000 0.000001615589
0.100000000000 0.912500000000 0.000001413993
0.100000000000 0.925000000000 0.000001212212
0.100000000000 0.937500000000 0.000001010296
0.100000000000 0.950000000000 0.000000808293
0.100000000000 0.962500000000 0.000000606236
0.100000000000 0.975000000000 0.000000404164
0.100000000000 0.987500000000 0.000000202077
0.100000000000 1.000000000000 0.000000000000

0.112500000000 0.000000000000 0.000000000000
0.112500000000 0.012500000000 0.000000227189
0.112500000000 0.025000000000 0.000000454387
0.112500000000 0.037500000000 0.000000681586
0.112500000000 0.050000000000 0.000000908780
0.112500000000 0.062500000000 0.000001135951
0.112500000000 0.075000000000 0.000001363059
0.112500000000 0.087500000000 0.000001590064
0.112500000000 0.100000000000 0.000001816914
0.112500000000 0.112500000000 0.000002043519
0.112500000000 0.125000000000 0.000002269783
0.112500000000 0.137500000000 0.000002495572
0.112500000000 0.150000000000 0.000002720719
0.112500000000 0.162500000000 0.000002945047
0.112500000000 0.175000000000 0.000003168320
0.112500000000 0.187500000000 0.000003390289
0.112500000000 0.200000000000 0.000003610650
0.112500000000 0.212500000000 0.000003829052
0.112500000000 0.225000000000 0.000004045131
0.112500000000 0.237500000000 0.000004258438
0.112500000000 0.250000000000 0.000004468500
0.112500000000 0.262500000000 0.000004674808
0.112500000000 0.275000000000 0.000004876788
0.112500000000 0.287500000000 0.000005073839
0.112500000000 0.300000000000 0.000005265315
0.112500000000 0.312500000000 0.000005450528
0.112500000000 0.325000000000 0.000005628755
0.112500000000 0.337500000000 0.000005799251
0.112500000000 0.350000000000 0.000005961250
0.112500000000 0.362500000000 0.000006113995
0.112500000000 0.375000000000 0.000006256702
0.112500000000 0.387500000000 0.000006388608
0.112500000000 0.400000000000 0.000006508972
0.112500000000 0.412500000000 0.000006617081
0.112500000000 0.425000000000 0.000006712261
0.112500000000 0.437500000000 0.000006793897
0.112500000000 0.450000000000 0.000006861470
0.112500000000 0.462500000000 0.000006914518
0.112500000000 0.475000000000 0.000006952675
0.112500000000 0.487500000000 0.000006975670
0.112500000000 0.500000000000 0.000006983360
0.112500000000 0.512500000000 0.000006975670
0.112500000000 0.525000000000 0.000006952675
0.112500000000 0.537500000000 0.000006914518
0.112500000000 0.550000000000 0.000006861470
0.112500000000 0.562500000000 0.000006793897
0.112500000000 0.575000000000 0.000006712261
0.112500000000 0.587500000000 0.000006617081
0.112500000000 0.600000000000 0.000006508972
0.112500000000 0.612500000000 0.000006388608
0.112500000000 0.625000000000 0.000006256702
0.112500000000 0.637500000000 0.000006113995
0.112500000000 0.650000000000 0.000005961250
0.112500000000 0.662500000000 0.000005799251
0.112500000000 0.675000000000 0.000005628755
0.112500000000 0.687500000000 0.000005450528
0.112500000000 0.700000000000 0.000005265315
0.112500000000 0.712500000000 0.000005073839
0.112500000000 0.725000000000 0.000004876788
0.112500000000 0.737500000000 0.000004674808
0.112500000000 0.750000000000 0.000004468500
0.112500000000 0.762500000000 0.000004258438
0.112500000000 0.775000000000 0.000004045131
0.112500000000 0.787500000000 0.000003829052
0.112500000000 0.800000000000 0.000003610650
0.112500000000 0.812500000000 0.000003390289
0.112500000000 0.825000000000 0.000003168320
0.112500000000 0.837500000000 0.000002945047
0.112500000000 0.850000000000 0.000002720719
0.112500000000 0.862500000000 0.000002495572
0.112500000000 0.875000000000 0.000002269783
0.112500000000 0.887500000000 0.000002043519
0.112500000000 0.900000000000 0.000001816914
0.112500000000 0.912500000000 0.000001590064
0.112500000000 0.925000000000 0.000001363059
0.112500000000 0.937500000000 0.000001135951
0.112500000000 0.950000000000 0.000000908780
0.112500000000 0.962500000000 0.000000681586
0.112500000000 0.975000000000 0.000000454387
0.112500000000 0.987500000000 0.000000227189
0.112500000000 1.000000000000 0.000000000000

0.125000000000 0.000000000000 0.000000000000
0.125000000000 0.012500000000 0.000000252221
0.125000000000 0.025000000000 0.000000504458
0.125000000000 0.037500000000 0.000000756716
0.125000000000 0.050000000000 0.000001008996
0.125000000000 0.062500000000 0.000001261284
0.125000000000 0.075000000000 0.000001513557
0.125000000000 0.087500000000 0.000001765766
0.125000000000 0.100000000000 0.000002017872
0.125000000000 0.112500000000 0.000002269783
0.125000000000 0.125000000000 0.000002521391
0.125000000000 0.137500000000 0.000002772571
0.125000000000 0.150000000000 0.000003023145
0.125000000000 0.162500000000 0.000003272912
0.125000000000 0.175000000000 0.000003521635
0.125000000000 0.187500000000 0.000003769033
0.125000000000 0.200000000000 0.000004014786
0.125000000000 0.212500000000 0.000004258503
0.125000000000 0.225000000000 0.000004499776
0.125000000000 0.237500000000 0.000004738117
0.125000000000 0.250000000000 0.000004973007
0.125000000000 0.262500000000 0.000005203868
0.125000000000 0.275000000000 0.000005430057
0.125000000000 0.287500000000 0.000005650897
0.125000000000 0.300000000000 0.000005865660
0.125000000000 0.312500000000 0.000006073563
0.125000000000 0.325000000000 0.000006273794
0.125000000000 0.337500000000 0.000006465503
0.125000000000 0.350000000000 0.000006647810
0.125000000000 0.362500000000 0.000006819824
0.125000000000 0.375000000000 0.000006980663
0.125000000000 0.387500000000 0.000007129439
0.125000000000 0.400000000000 0.000007265285
0.125000000000 0.412500000000 0.000007387378
0.125000000000 0.425000000000 0.000007494937
0.125000000000 0.437500000000 0.000007587257
0.125000000000 0.450000000000 0.000007663702
0.125000000000 0.462500000000 0.000007723740
0.125000000000 0.475000000000 0.000007766928
0.125000000000 0.487500000000 0.000007792959
0.125000000000 0.500000000000 0.000007801661
0.125000000000 0.512500000000 0.000007792959
0.125000000000 0.525000000000 0.000007766928
0.125000000000 0.537500000000 0.000007723740
0.125000000000 0.550000000000 0.000007663702
0.125000000000 0.562500000000 0.000007587257
0.125000000000 0.575000000000 0.000007494937
0.125000000000 0.587500000000 0.000007387378
0.125000000000 0.600000000000 0.000007265285
0.125000000000 0.612500000000 0.000007129439
0.125000000000 0.625000000000 0.000006980663
0.125000000000 0.637500000000 0.000006819824
0.125000000000 0.650000000000 0.000006647810
0.125000000000 0.662500000000 0.000006465503
0.125000000000 0.675000000000 0.000006273794
0.125000000000 0.687500000000 0.000006073563
0.125000000000 0.700000000000 0.000005865660
0.125000000000 0.712500000000 0.000005650897
0.125000000000 0.725000000000 0.000005430057
0.125000000000 0.737500000000 0.000005203868
0.125000000000 0.750000000000 0.000004973007
0.125000000000 0.762500000000 0.000004738117
0.125000000000 0.775000000000 0.000004499776
0.125000000000 0.787500000000 0.000004258503
0.125000000000 0.800000000000 0.000004014786
0.125000000000 0.812500000000 0.000003769033
0.125000000000 0.825000000000 0.000003521635
0.125000000000 0.837500000000 0.000003272912
0.125000000000 0.850000000000 0.000003023145
0.125000000000 0.862500000000 0.000002772571
0.125000000000 0.875000000000 0.000002521391
0.125000000000 0.887500000000 0.000002269783
0.125000000000 0.900000000000 0.000002017872
0.125000000000 0.912500000000 0.000001765766
0.125000000000 0.925000000000 0.000001513557
0.125000000000 0.937500000000 0.000001261284
0.125000000000 0.950000000000 0.000001008996
0.125000000000 0.962500000000 0.000000756716
0.125000000000 0.975000000000 0.000000504458
0.125000000000 0.987500000000 0.000000252221
0.125000000000 1.000000000000 0.000000000000

0.137500000000 0.000000000000 0.000000000000
0.137500000000 0.012500000000 0.000000277160
0.137500000000 0.025000000000 0.000000554348
0.137500000000 0.037500000000 0.000000831586
0.137500000000 0.050000000000 0.000001108874
0.137500000000 0.062500000000 0.000001386219
0.137500000000 0.075000000000 0.000001663607
0.137500000000 0.087500000000 0.000001940993
0.137500000000 0.100000000000 0.000002218344
0.137500000000 0.112500000000 0.000002495572
0.137500000000 0.125000000000 0.000002772571
0.137500000000 0.137500000000 0.000003049216
0.137500000000 0.150000000000 0.000003325312
0.137500000000 0.162500000000 0.000003600656
0.137500000000 0.175000000000 0.000003875006
0.137500000000 0.187500000000 0.000004148060
0.137500000000 0.200000000000 0.000004419474
0.137500000000 0.212500000000 0.000004688823
0.137500000000 0.225000000000 0.000004955661
0.137500000000 0.237500000000 0.000005219461
0.137500000000 0.250000000000 0.000005479644
0.137500000000 0.262500000000 0.000005735574
0.137500000000 0.275000000000 0.000005986546
0.137500000000 0.287500000000 0.000006231802
0.137500000000 0.300000000000 0.000006470520
0.137500000000 0.312500000000 0.000006701828
0.137500000000 0.325000000000 0.000006924811
0.137500000000 0.337500000000 0.000007138505
0.137500000000 0.350000000000 0.000007341899
0.137500000000 0.362500000000 0.000007533986
0.137500000000 0.375000000000 0.000007713751
0.137500000000 0.387500000000 0.000007880173
0.137500000000 0.400000000000 0.000008032255
0.137500000000 0.412500000000 0.000008169036
0.137500000000 0.425000000000 0.000008289621
0.137500000000 0.437500000000 0.000008393193
0.137500000000 0.450000000000 0.000008479003
0.137500000000 0.462500000000 0.000008546422
0.137500000000 0.475000000000 0.000008594934
0.137500000000 0.487500000000 0.000008624186
0.137500000000 0.500000000000 0.000008633962
0.137500000000 0.512500000000 0.000008624186
0.137500000000 0.525000000000 0.000008594934
0.137500000000 0.537500000000 0.000008546422
0.137500000000 0.550000000000 0.000008479003
0.137500000000 0.562500000000 0.000008393193
0.137500000000 0.575000000000 0.000008289621
0.137500000000 0.587500000000 0.000008169036
0.137500000000 0.600000000000 0.000008032255
0.137500000000 0.612500000000 0.000007880173
0.137500000000 0.625000000000 0.000007713751
0.137500000000 0.637500000000 0.000007533986
0.137500000000 0.650000000000 0.000007341899
0.137500000000 0.662500000000 0.000007138505
0.137500000000 0.675000000000 0.000006924811
0.137500000000 0.687500000000 0.000006701828
0.137500000000 0.700000000000 0.000006470520
0.137500000000 0.712500000000 0.000006231802
0.137500000000 0.725000000000 0.000005986546
0.137500000000 0.737500000000 0.000005735574
0.137500000000 0.750000000000 0.000005479644
0.137500000000 0.762500000000 0.000005219461
0.137500000000 0.775000000000 0.000004955661
0.137500000000 0.787500000000 0.000004688823
0.137500000000 0.800000000000 0.000004419474
0.137500000000 0.812500000000 0.000004148060
0.137500000000 0.825000000000 0.000003875006
0.137500000000 0.837500000000 0.000003600656
0.137500000000 0.850000000000 0.000003325312
0.137500000000 0.862500000000 0.000003049216
0.137500000000 0.875000000000 0.000002772571
0.137500000000 0.887500000000 0.000002495572
0.137500000000 0.900000000000 0.000002218344
0.137500000000 0.912500000000 0.000001940993
0.137500000000 0.925000000000 0.000001663607
0.137500000000 0.937500000000 0.000001386219
0.137500000000 0.950000000000 0.000001108874
0.137500000000 0.962500000000 0.000000831586
0.137500000000 0.975000000000 0.000000554348
0.137500000000 0.987500000000 0.000000277160
0.137500000000 1.000000000000 0.000000000000

0.150000000000 0.000000000000 0.000000000000
0.150000000000 0.012500000000 0.000000301984
0.150000000000 0.025000000000 0.000000604012
0.150000000000 0.037500000000 0.000000906122
0.150000000000 0.050000000000 0.000001208325
0.150000000000 0.062500000000 0.000001510649
0.150000000000 0.075000000000 0.000001813083
0.150000000000 0.087500000000 0.000002115599
0.150000000000 0.100000000000 0.000002418169
0.150000000000 0.112500000000 0.000002720719
0.150000000000 0.125000000000 0.000003023145
0.150000000000 0.137500000000 0.000003325312
0.150000000000 0.150000000000 0.000003627026
0.150000000000 0.162500000000 0.000003928099
0.150000000000 0.175000000000 0.000004228263
0.150000000000 0.187500000000 0.000004527217
0.150000000000 0.200000000000 0.000004824579
0.150000000000 0.212500000000 0.000005119910
0.150000000000 0.225000000000 0.000005412710
0.150000000000 0.237500000000 0.000005702422
0.150000000000 0.250000000000 0.000005988414
0.150000000000 0.262500000000 0.000006269994
0.150000000000 0.275000000000 0.000006546385
0.150000000000 0.287500000000 0.000006816753
0.150000000000 0.300000000000 0.000007080182
0.150000000000 0.312500000000 0.000007335695
0.150000000000 0.325000000000 0.000007582271
0.150000000000 0.337500000000 0.000007818825
0.150000000000 0.350000000000 0.000008044215
0.150000000000 0.362500000000 0.000008257294
0.150000000000 0.375000000000 0.000008456898
0.150000000000 0.387500000000 0.000008641860
0.150000000000 0.400000000000 0.000008811041
0.150000000000 0.412500000000 0.000008963337
0.150000000000 0.425000000000 0.000009097710
0.150000000000 0.437500000000 0.000009213206
0.150000000000 0.450000000000 0.000009308945
0.150000000000 0.462500000000 0.000009384209
0.150000000000 0.475000000000 0.000009438397
0.150000000000 0.487500000000 0.000009471080
0.150000000000 0.500000000000 0.000009482004
0.150000000000 0.512500000000 0.000009471080
0.150000000000 0.525000000000 0.000009438397
0.150000000000 0.537500000000 0.000009384209
0.150000000000 0.550000000000 0.000009308945
0.150000000000 0.562500000000 0.000009213206
0.150000000000 0.575000000000 0.000009097710
0.150000000000 0.587500000000 0.000008963337
0.150000000000 0.600000000000 0.000008811041
0.150000000000 0.612500000000 0.000008641860
0.150000000000 0.625000000000 0.000008456898
0.150000000000 0.637500000000 0.000008257294
0.150000000000 0.650000000000 0.000008044215
0.150000000000 0.662500000000 0.000007818825
0.150000000000 0.675000000000 0.000007582271
0.150000000000 0.687500000000 0.000007335695
0.150000000000 0.700000000000 0.000007080182
0.150000000000 0.712500000000 0.000006816753
0.150000000000 0.725000000000 0.000006546385
0.150000000000 0.737500000000 0.000006269994
0.150000000000 0.750000000000 0.000005988414
0.150000000000 0.762500000000 0.000005702422
0.150000000000 0.775000000000 0.000005412710
0.150000000000 0.787500000000 0.000005119910
0.150000000000 0.800000000000 0.000004824579
0.150000000000 0.812500000000 0.000004527217
0.150000000000 0.825000000000 0.000004228263
0.150000000000 0.837500000000 0.000003928099
0.150000000000 0.850000000000 0.000003627026
0.150000000000 0.862500000000 0.000003325312
0.150000000000 0.875000000000 0.000003023145
0.150000000000 0.887500000000 0.000002720719
0.150000000000 0.900000000000 0.000002418169
0.150000000000 0.912500000000 0.000002115599
0.150000000000 0.925000000000 0.000001813083
0.150000000000 0.937500000000 0.000001510649
0.150000000000 0.950000000000 0.000001208325
0.150000000000 0.962500000000 0.000000906122
0.150000000000 0.975000000000 0.000000604012
0.150000000000 0.987500000000 0.000000301984
0.150000000000 1.000000000000 0.000000000000

0.162500000000 0.000000000000 0.000000000000
0.162500000000 0.012500000000 0.000000326673
0.162500000000 0.025000000000 0.000000653409
0.162500000000 0.037500000000 0.000000980259
0.162500000000 0.050000000000 0.000001307265
0.162500000000 0.062500000000 0.000001634459
0.162500000000 0.075000000000 0.000001961851
0.162500000000 0.087500000000 0.000002289441
0.162500000000 0.100000000000 0.000002617192
0.162500000000 0.112500000000 0.000002945047
0.162500000000 0.125000000000 0.000003272912
0.162500000000 0.137500000000 0.000003600656
0.162500000000 0.150000000000 0.000003928099
0.162500000000 0.162500000000 0.000004255041
0.162500000000 0.175000000000 0.000004581217
0.162500000000 0.187500000000 0.000004906311
0.162500000000 0.200000000000 0.000005229929
0.162500000000 0.212500000000 0.000005551598
0.162500000000 0.225000000000 0.000005870789
0.162500000000 0.237500000000 0.000006186904
0.162500000000 0.250000000000 0.000006499275
0.162500000000 0.262500000000 0.000006807141
0.162500000000 0.275000000000 0.000007109654
0.162500000000 0.287500000000 0.000007405897
0.162500000000 0.300000000000 0.000007694864
0.162500000000 0.312500000000 0.000007975482
0.162500000000 0.325000000000 0.000008246601
0.162500000000 0.337500000000 0.000008507000
0.162500000000 0.350000000000 0.000008755403
0.162500000000 0.362500000000 0.000008990512
0.162500000000 0.375000000000 0.000009211009
0.162500000000 0.387500000000 0.000009415558
0.162500000000 0.400000000000 0.000009602846
0.162500000000 0.412500000000 0.000009771612
0.162500000000 0.425000000000 0.000009920648
0.162500000000 0.437500000000 0.000010048847
0.162500000000 0.450000000000 0.000010155198
0.162500000000 0.462500000000 0.000010238845
0.162500000000 0.475000000000 0.000010299103
0.162500000000 0.487500000000 0.000010335457
0.162500000000 0.500000000000 0.000010347607
0.162500000000 0.512500000000 0.000010335457
0.162500000000 0.525000000000 0.000010299103
0.162500000000 0.537500000000 0.000010238845
0.162500000000 0.550000000000 0.000010155198
0.162500000000 0.562500000000 0.000010048847
0.162500000000 0.575000000000 0.000009920648
0.162500000000 0.587500000000 0.000009771612
0.162500000000 0.600000000000 0.000009602846
0.162500000000 0.612500000000 0.000009415558
0.162500000000 0.625000000000 0.000009211009
0.162500000000 0.637500000000 0.000008990512
0.162500000000 0.650000000000 0.000008755403
0.162500000000 0.662500000000 0.000008507000
0.162500000000 0.675000000000 0.000008246601
0.162500000000 0.687500000000 0.000007975482
0.162500000000 0.700000000000 0.000007694864
0.162500000000 0.712500000000 0.000007405897
0.162500000000 0.725000000000 0.000007109654
0.162500000000 0.737500000000 0.000006807141
0.162500000000 0.750000000000 0.000006499275
0.162500000000 0.762500000000 0.000006186904
0.162500000000 0.775000000000 0.000005870789
0.162500000000 0.787500000000 0.000005551598
0.162500000000 0.800000000000 0.000005229929
0.162500000000 0.812500000000 0.000004906311
0.162500000000 0.825000000000 0.000004581217
0.162500000000 0.837500000000 0.000004255041
0.162500000000 0.850000000000 0.000003928099
0.162500000000 0.862500000000 0.000003600656
0.162500000000 0.875000000000 0.000003272912
0.162500000000 0.887500000000 0.000002945047
0.162500000000 0.900000000000 0.000002617192
0.162500000000 0.912500000000 0.000002289441
0.162500000000 0.925000000000 0.000001961851
0.162500000000 0.937500000000 0.000001634459
0.162500000000 0.950000000000 0.000001307265
0.162500000000 0.962500000000 0.000000980259
0.162500000000 0.975000000000 0.000000653409
0.162500000000 0.987500000000 0.000000326673
0.162500000000 1.000000000000 0.000000000000

0.175000000000 0.000000000000 0.000000000000
0.175000000000 0.012500000000 0.000000351198
0.175000000000 0.025000000000 0.000000702475
0.175000000000 0.037500000000 0.000001053913
0.175000000000 0.050000000000 0.000001405574
0.175000000000 0.062500000000 0.000001757515
0.175000000000 0.075000000000 0.000002109757
0.175000000000 0.087500000000 0.000002462319
0.175000000000 0.100000000000 0.000002815191
0.175000000000 0.112500000000 0.000003168320
0.175000000000 0.125000000000 0.000003521635
0.175000000000 0.137500000000 0.000003875006
0.175000000000 0.150000000000 0.000004228263
0.175000000000 0.162500000000 0.000004581217
0.175000000000 0.175000000000 0.000004933594
0.175000000000 0.187500000000 0.000005285077
0.175000000000 0.200000000000 0.000005635260
0.175000000000 0.212500000000 0.000005983649
0.175000000000 0.225000000000 0.000006329688
0.175000000000 0.237500000000 0.000006672741
0.175000000000 0.250000000000 0.000007012097
0.175000000000 0.262500000000 0.000007346934
0.175000000000 0.275000000000 0.000007676333
0.175000000000 0.287500000000 0.000007999299
0.175000000000 0.300000000000 0.000008314727
0.175000000000 0.312500000000 0.000008621433
0.175000000000 0.325000000000 0.000008918146
0.175000000000 0.337500000000 0.000009203506
0.175000000000 0.350000000000 0.000009476086
0.175000000000 0.362500000000 0.000009734421
0.175000000000 0.375000000000 0.000009977005
0.175000000000 0.387500000000 0.000010202330
0.175000000000 0.400000000000 0.000010408887
0.175000000000 0.412500000000 0.000010595228
0.175000000000 0.425000000000 0.000010759958
0.175000000000 0.437500000000 0.000010901776
0.175000000000 0.450000000000 0.000011019513
0.175000000000 0.462500000000 0.000011112179
0.175000000000 0.475000000000 0.000011178966
0.175000000000 0.487500000000 0.000011219280
0.175000000000 0.500000000000 0.000011232759
0.175000000000 0.512500000000 0.000011219280
0.175000000000 0.525000000000 0.000011178966
0.175000000000 0.537500000000 0.000011112179
0.175000000000 0.550000000000 0.000011019513
0.175000000000 0.562500000000 0.000010901776
0.175000000000 0.575000000000 0.000010759958
0.175000000000 0.587500000000 0.000010595228
0.175000000000 0.600000000000 0.000010408887
0.175000000000 0.612500000000 0.000010202330
0.175000000000 0.625000000000 0.000009977005
0.175000000000 0.637500000000 0.000009734421
0.175000000000 0.650000000000 0.000009476086
0.175000000000 0.662500000000 0.000009203506
0.175000000000 0.675000000000 0.000008918146
0.175000000000 0.687500000000 0.000008621433
0.175000000000 0.700000000000 0.000008314727
0.175000000000 0.712500000000 0.000007999299
0.175000000000 0.725000000000 0.000007676333
0.175000000000 0.737500000000 0.000007346934
0.175000000000 0.750000000000 0.000007012097
0.175000000000 0.762500000000 0.000006672741
0.175000000000 0.775000000000 0.000006329688
0.175000000000 0.787500000000 0.000005983649
0.175000000000 0.800000000000 0.000005635260
0.175000000000 0.812500000000 0.000005285077
0.175000000000 0.825000000000 0.000004933594
0.175000000000 0.837500000000 0.000004581217
0.175000000000 0.850000000000 0.000004228263
0.175000000000 0.862500000000 0.000003875006
0.175000000000 0.875000000000 0.000003521635
0.175000000000 0.887500000000 0.000003168320
0.175000000000 0.900000000000 0.000002815191
0.175000000000 0.912500000000 0.000002462319
0.175000000000 0.925000000000 0.000002109757
0.175000000000 0.937500000000 0.000001757515
0.175000000000 0.950000000000 0.000001405574
0.175000000000 0.962500000000 0.000001053913
0.175000000000 0.975000000000 0.000000702475
0.175000000000 0.987500000000 0.000000351198
0.175000000000 1.000000000000 0.000000000000

0.187500000000 0.000000000000 0.000000000000
0.187500000000 0.012500000000 0.000000375528
0.187500000000 0.025000000000 0.000000751156
0.187500000000 0.037500000000 0.000001126991
0.187500000000 0.050000000000 0.000001503129
0.187500000000 0.062500000000 0.000001879648
0.187500000000 0.075000000000 0.000002256604
0.187500000000 0.087500000000 0.000002634034
0.187500000000 0.100000000000 0.000003011940
0.187500000000 0.112500000000 0.000003390289
0.187500000000 0.125000000000 0.000003769033
0.187500000000 0.137500000000 0.000004148060
0.187500000000 0.150000000000 0.000004527217
0.187500000000 0.162500000000 0.000004906311
0.187500000000 0.175000000000 0.000005285077
0.187500000000 0.187500000000 0.000005663192
0.187500000000 0.200000000000 0.000006040258
0.187500000000 0.212500000000 0.000006415753
0.187500000000 0.225000000000 0.000006789110
0.187500000000 0.237500000000 0.000007159665
0.187500000000 0.250000000000 0.000007526656
0.187500000000 0.262500000000 0.000007889197
0.187500000000 0.275000000000 0.000008246312
0.187500000000 0.287500000000 0.000008596921
0.187500000000 0.300000000000 0.000008939820
0.187500000000 0.312500000000 0.000009273717
0.187500000000 0.325000000000 0.000009597205
0.187500000000 0.337500000000 0.000009908780
0.187500000000 0.350000000000 0.000010206847
0.187500000000 0.362500000000 0.000010489760
0.187500000000 0.375000000000 0.000010755805
0.187500000000 0.387500000000 0.000011003271
0.187500000000 0.400000000000 0.000011230437
0.187500000000 0.412500000000 0.000011435625
0.187500000000 0.425000000000 0.000011617232
0.187500000000 0.437500000000 0.000011773734
0.187500000000 0.450000000000 0.000011903787
0.187500000000 0.462500000000 0.000012006218
0.187500000000 0.475000000000 0.000012080087
0.187500000000 0.487500000000 0.000012124693
0.187500000000 0.500000000000 0.000012139603
0.187500000000 0.512500000000 0.000012124693
0.187500000000 0.525000000000 0.000012080087
0.187500000000 0.537500000000 0.000012006218
0.187500000000 0.550000000000 0.000011903787
0.187500000000 0.562500000000 0.000011773734
0.187500000000 0.575000000000 0.000011617232
0.187500000000 0.587500000000 0.000011435625
0.187500000000 0.600000000000 0.000011230437
0.187500000000 0.612500000000 0.000011003271
0.187500000000 0.625000000000 0.000010755805
0.187500000000 0.637500000000 0.000010489760
0.187500000000 0.650000000000 0.000010206847
0.187500000000 0.662500000000 0.000009908780
0.187500000000 0.675000000000 0.000009597205
0.187500000000 0.687500000000 0.000009273717
0.187500000000 0.700000000000 0.000008939820
0.187500000000 0.712500000000 0.000008596921
0.187500000000 0.725000000000 0.000008246312
0.187500000000 0.737500000000 0.000007889197
0.187500000000 0.750000000000 0.000007526656
0.187500000000 0.762500000000 0.000007159665
0.187500000000 0.775000000000 0.000006789110
0.187500000000 0.787500000000 0.000006415753
0.187500000000 0.800000000000 0.000006040258
0.187500000000 0.812500000000 0.000005663192
0.187500000000 0.825000000000 0.000005285077
0.187500000000 0.837500000000 0.000004906311
0.187500000000 0.850000000000 0.000004527217
0.187500000000 0.862500000000 0.000004148060
0.187500000000 0.875000000000 0.000003769033
0.187500000000 0.887500000000 0.000003390289
0.187500000000 0.900000000000 0.000003011940
0.187500000000 0.912500000000 0.000002634034
0.187500000000 0.925000000000 0.000002256604
0.187500000000 0.937500000000 0.000001879648
0.187500000000 0.950000000000 0.000001503129
0.187500000000 0.962500000000 0.000001126991
0.187500000000 0.975000000000 0.000000751156
0.187500000000 0.987500000000 0.000000375528
0.187500000000 1.000000000000 0.000000000000

0.200000000000 0.000000000000 0.000000000000
0.200000000000 0.012500000000 0.000000399623
0.200000000000 0.025000000000 0.000000799370
0.200000000000 0.037500000000 0.000001199383
0.200000000000 0.050000000000 0.000001599795
0.200000000000 0.062500000000 0.000002000702
0.200000000000 0.075000000000 0.000002402193
0.200000000000 0.087500000000 0.000002804334
0.200000000000 0.100000000000 0.000003207151
0.200000000000 0.112500000000 0.000003610650
0.200000000000 0.125000000000 0.000004014786
0.200000000000 0.137500000000 0.000004419474
0.200000000000 0.150000000000 0.000004824579
0.200000000000 0.162500000000 0.000005229929
0.200000000000 0.175000000000 0.000005635260
0.200000000000 0.187500000000 0.000006040258
0.200000000000 0.200000000000 0.000006444506
0.200000000000 0.212500000000 0.000006847514
0.200000000000 0.225000000000 0.000007248680
0.200000000000 0.237500000000 0.000007647315
0.200000000000 0.250000000000 0.000008042615
0.200000000000 0.262500000000 0.000008433648
0.200000000000 0.275000000000 0.000008819375
0.200000000000 0.287500000000 0.000009198630
0.200000000000 0.300000000000 0.000009570121
0.200000000000 0.312500000000 0.000009932423
0.200000000000 0.325000000000 0.000010284000
0.200000000000 0.337500000000 0.000010623191
0.200000000000 0.350000000000 0.000010948222
0.200000000000 0.362500000000 0.000011257241
0.200000000000 0.375000000000 0.000011548316
0.200000000000 0.387500000000 0.000011819489
0.200000000000 0.400000000000 0.000012068796
0.200000000000 0.412500000000 0.000012294314
0.200000000000 0.425000000000 0.000012494168
0.200000000000 0.437500000000 0.000012666614
0.200000000000 0.450000000000 0.000012810059
0.200000000000 0.462500000000 0.000012923141
0.200000000000 0.475000000000 0.000013004739
0.200000000000 0.487500000000 0.000013054032
0.200000000000 0.500000000000 0.000013070515
0.200000000000 0.512500000000 0.000013054032
0.200000000000 0.525000000000 0.000013004739
0.200000000000 0.537500000000 0.000012923141
0.200000000000 0.550000000000 0.000012810059
0.200000000000 0.562500000000 0.000012666614
0.200000000000 0.575000000000 0.000012494168
0.200000000000 0.587500000000 0.000012294314
0.200000000000 0.600000000000 0.000012068796
0.200000000000 0.612500000000 0.000011819489
0.200000000000 0.625000000000 0.000011548316
0.200000000000 0.637500000000 0.000011257241
0.200000000000 0.650000000000 0.000010948222
0.200000000000 0.662500000000 0.000010623191
0.200000000000 0.675000000000 0.000010284000
0.200000000000 0.687500000000 0.000009932423
0.200000000000 0.700000000000 0.000009570121
0.200000000000 0.712500000000 0.000009198630
0.200000000000 0.725000000000 0.000008819375
0.200000000000 0.737500000000 0.000008433648
0.200000000000 0.750000000000 0.000008042615
0.200000000000 0.762500000000 0.000007647315
0.200000000000 0.775000000000 0.000007248680
0.200000000000 0.787500000000 0.000006847514
0.200000000000 0.800000000000 0.000006444506
0.200000000000 0.812500000000 0.000006040258
0.200000000000 0.825000000000 0.000005635260
0.200000000000 0.837500000000 0.000005229929
0.200000000000 0.850000000000 0.000004824579
0.200000000000 0.862500000000 0.000004419474
0.200000000000 0.875000000000 0.000004014786
0.200000000000 0.887500000000 0.000003610650
0.200000000000 0.900000000000 0.000003207151
0.200000000000 0.912500000000 0.000002804334
0.200000000000 0.925000000000 0.000002402193
0.200000000000 0.937500000000 0.000002000702
0.200000000000 0.950000000000 0.000001599795
0.200000000000 0.962500000000 0.000001199383
0.200000000000 0.975000000000 0.000000799370
0.200000000000 0.987500000000 0.000000399623
0.200000000000 1.000000000000 0.000000000000

0.212500000000 0.000000000000 0.000000000000
0.212500000000 0.012500000000 0.000000423440
0.212500000000 0.025000000000 0.000000847045
0.212500000000 0.037500000000 0.000001270982
0.212500000000 0.050000000000 0.000001695416
0.212500000000 0.062500000000 0.000002120472
0.212500000000 0.075000000000 0.000002546286
0.212500000000 0.087500000000 0.000002972956
0.212500000000 0.100000000000 0.000003400530
0.212500000000 0.112500000000 0.000003829052
0.212500000000 0.125000000000 0.000004258503
0.212500000000 0.137500000000 0.000004688823
0.212500000000 0.150000000000 0.000005119910
0.212500000000 0.162500000000 0.000005551598
0.212500000000 0.175000000000 0.000005983649
0.212500000000 0.187500000000 0.000006415753
0.212500000000 0.200000000000 0.000006847514
0.212500000000 0.212500000000 0.000007278436
0.212500000000 0.225000000000 0.000007707912
0.212500000000 0.237500000000 0.000008135230
0.212500000000 0.250000000000 0.000008559552
0.212500000000 0.262500000000 0.000008979907
0.212500000000 0.275000000000 0.000009395199
0.212500000000 0.287500000000 0.000009804180
0.212500000000 0.300000000000 0.000010205464
0.212500000000 0.312500000000 0.000010597513
0.212500000000 0.325000000000 0.000010978632
0.212500000000 0.337500000000 0.000011347001
0.212500000000 0.350000000000 0.000011700644
0.212500000000 0.362500000000 0.000012037495
0.212500000000 0.375000000000 0.000012355380
0.212500000000 0.387500000000 0.000012652064
0.212500000000 0.400000000000 0.000012925303
0.212500000000 0.412500000000 0.000013172862
0.212500000000 0.425000000000 0.000013392581
0.212500000000 0.437500000000 0.000013582423
0.212500000000 0.450000000000 0.000013740537
0.212500000000 0.462500000000 0.000013865304
0.212500000000 0.475000000000 0.000013955406
0.212500000000 0.487500000000 0.000014009863
0.212500000000 0.500000000000 0.000014028080
0.212500000000 0.512500000000 0.000014009863
0.212500000000 0.525000000000 0.000013955406
0.212500000000 0.537500000000 0.000013865304
0.212500000000 0.550000000000 0.000013740537
0.212500000000 0.562500000000 0.000013582423
0.212500000000 0.575000000000 0.000013392581
0.212500000000 0.587500000000 0.000013172862
0.212500000000 0.600000000000 0.000012925303
0.212500000000 0.612500000000 0.000012652064
0.212500000000 0.625000000000 0.000012355380
0.212500000000 0.637500000000 0.000012037495
0.212500000000 0.650000000000 0.000011700644
0.212500000000 0.662500000000 0.000011347001
0.212500000000 0.675000000000 0.000010978632
0.212500000000 0.687500000000 0.000010597513
0.212500000000 0.700000000000 0.000010205464
0.212500000000 0.712500000000 0.000009804180
0.212500000000 0.725000000000 0.000009395199
0.212500000000 0.737500000000 0.000008979907
0.212500000000 0.750000000000 0.000008559552
0.212500000000 0.762500000000 0.000008135230
0.212500000000 0.775000000000 0.000007707912
0.212500000000 0.787500000000 0.000007278436
0.212500000000 0.800000000000 0.000006847514
0.212500000000 0.812500000000 0.000006415753
0.212500000000 0.825000000000 0.000005983649
0.212500000000 0.837500000000 0.000005551598
0.212500000000 0.850000000000 0.000005119910
0.212500000000 0.862500000000 0.000004688823
0.212500000000 0.875000000000 0.000004258503
0.212500000000 0.887500000000 0.000003829052
0.212500000000 0.900000000000 0.000003400530
0.212500000000 0.912500000000 0.000002972956
0.212500000000 0.925000000000 0.000002546286
0.212500000000 0.937500000000 0.000002120472
0.212500000000 0.950000000000 0.000001695416
0.212500000000 0.962500000000 0.000001270982
0.212500000000 0.975000000000 0.000000847045
0.212500000000 0.987500000000 0.000000423440
0.212500000000 1.000000000000 0.000000000000

0.225000000000 0.000000000000 0.000000000000
0.225000000000 0.012500000000 0.000000446938
0.225000000000 0.025000000000 0.000000894087
0.225000000000 0.037500000000 0.000001341642
0.225000000000 0.050000000000 0.000001789806
0.225000000000 0.062500000000 0.000002238751
0.225000000000 0.075000000000 0.000002688639
0.225000000000 0.087500000000 0.000003139608
0.225000000000 0.100000000000 0.000003591749
0.225000000000 0.112500000000 0.000004045131
0.225000000000 0.125000000000 0.000004499776
0.225000000000 0.137500000000 0.000004955661
0.225000000000 0.150000000000 0.000005412710
0.225000000000 0.162500000000 0.000005870789
0.225000000000 0.175000000000 0.000006329688
0.225000000000 0.187500000000 0.000006789110
0.225000000000 0.200000000000 0.000007248680
0.225000000000 0.212500000000 0.000007707912
0.225000000000 0.225000000000 0.000008166198
0.225000000000 0.237500000000 0.000008622808
0.225000000000 0.250000000000 0.000009076891
0.225000000000 0.262500000000 0.000009527446
0.225000000000 0.275000000000 0.000009973313
0.225000000000 0.287500000000 0.000010413176
0.225000000000 0.300000000000 0.000010845566
0.225000000000 0.312500000000 0.000011268814
0.225000000000 0.325000000000 0.000011681076
0.225000000000 0.337500000000 0.000012080356
0.225000000000 0.350000000000 0.000012464477
0.225000000000 0.362500000000 0.000012831121
0.225000000000 0.375000000000 0.000013177834
0.225000000000 0.387500000000 0.000013502087
0.225000000000 0.400000000000 0.000013801304
0.225000000000 0.412500000000 0.000014072901
0.225000000000 0.425000000000 0.000014314379
0.225000000000 0.437500000000 0.000014523346
0.225000000000 0.450000000000 0.000014697623
0.225000000000 0.462500000000 0.000014835308
0.225000000000 0.475000000000 0.000014934830
0.225000000000 0.487500000000 0.000014995015
0.225000000000 0.500000000000 0.000015015158
0.225000000000 0.512500000000 0.000014995015
0.225000000000 0.525000000000 0.000014934830
0.225000000000 0.537500000000 0.000014835308
0.225000000000 0.550000000000 0.000014697623
0.225000000000 0.562500000000 0.000014523346
0.225000000000 0.575000000000 0.000014314379
0.225000000000 0.587500000000 0.000014072901
0.225000000000 0.600000000000 0.000013801304
0.225000000000 0.612500000000 0.000013502087
0.225000000000 0.625000000000 0.000013177834
0.225000000000 0.637500000000 0.000012831121
0.225000000000 0.650000000000 0.000012464477
0.225000000000 0.662500000000 0.000012080356
0.225000000000 0.675000000000 0.000011681076
0.225000000000 0.687500000000 0.000011268814
0.225000000000 0.700000000000 0.000010845566
0.225000000000 0.712500000000 0.000010413176
0.225000000000 0.725000000000 0.000009973313
0.225000000000 0.737500000000 0.000009527446
0.225000000000 0.750000000000 0.000009076891
0.225000000000 0.762500000000 0.000008622808
0.225000000000 0.775000000000 0.000008166198
0.225000000000 0.787500000000 0.000007707912
0.225000000000 0.800000000000 0.000007248680
0.225000000000 0.812500000000 0.000006789110
0.225000000000 0.825000000000 0.000006329688
0.225000000000 0.837500000000 0.000005870789
0.225000000000 0.850000000000 0.000005412710
0.225000000000 0.862500000000 0.000004955661
0.225000000000 0.875000000000 0.000004499776
0.225000000000 0.887500000000 0.000004045131
0.225000000000 0.900000000000 0.000003591749
0.225000000000 0.912500000000 0.000003139608
0.225000000000 0.925000000000 0.000002688639
0.225000000000 0.937500000000 0.000002238751
0.225000000000 0.950000000000 0.000001789806
0.225000000000 0.962500000000 0.000001341642
0.225000000000 0.975000000000 0.000000894087
0.225000000000 0.987500000000 0.000000446938
0.225000000000 1.000000000000 0.000000000000

0.237500000000 0.000000000000 0.000000000000
0.237500000000 0.012500000000 0.000000470077
0.237500000000 0.025000000000 0.000000940405
0.237500000000 0.037500000000 0.000001411225
0.237500000000 0.050000000000 0.000001882784
0.237500000000 0.062500000000 0.000002355293
0.237500000000 0.075000000000 0.000002828949
0.237500000000 0.087500000000 0.000003303938
0.237500000000 0.100000000000 0.000003780397
0.237500000000 0.112500000000 0.000004258438
0.237500000000 0.125000000000 0.000004738117
0.237500000000 0.137500000000 0.000005219461
0.237500000000 0.150000000000 0.000005702422
0.237500000000 0.162500000000 0.000006186904
0.237500000000 0.175000000000 0.000006672741
0.237500000000 0.187500000000 0.000007159665
0.237500000000 0.200000000000 0.000007647315
0.237500000000 0.212500000000 0.000008135230
0.237500000000 0.225000000000 0.000008622808
0.237500000000 0.237500000000 0.000009109330
0.237500000000 0.250000000000 0.000009593928
0.237500000000 0.262500000000 0.000010075583
0.237500000000 0.275000000000 0.000010553094
0.237500000000 0.287500000000 0.000011025079
0.237500000000 0.300000000000 0.000011489974
0.237500000000 0.312500000000 0.000011945998
0.237500000000 0.325000000000 0.000012391162
0.237500000000 0.337500000000 0.000012823273
0.237500000000 0.350000000000 0.000013239940
0.237500000000 0.362500000000 0.000013638572
0.237500000000 0.375000000000 0.000014016424
0.237500000000 0.387500000000 0.000014370617
0.237500000000 0.400000000000 0.000014698186
0.237500000000 0.412500000000 0.000014996156
0.237500000000 0.425000000000 0.000015261605
0.237500000000 0.437500000000 0.000015491729
0.237500000000 0.450000000000 0.000015683959
0.237500000000 0.462500000000 0.000015836030
0.237500000000 0.475000000000 0.000015946066
0.237500000000 0.487500000000 0.000016012660
0.237500000000 0.500000000000 0.000016034951
0.237500000000 0.512500000000 0.000016012660
0.237500000000 0.525000000000 0.000015946066
0.237500000000 0.537500000000 0.000015836030
0.237500000000 0.550000000000 0.000015683959
0.237500000000 0.562500000000 0.000015491729
0.237500000000 0.575000000000 0.000015261605
0.237500000000 0.587500000000 0.000014996156
0.237500000000 0.600000000000 0.000014698186
0.237500000000 0.612500000000 0.000014370617
0.237500000000 0.625000000000 0.000014016424
0.237500000000 0.637500000000 0.000013638572
0.237500000000 0.650000000000 0.000013239940
0.237500000000 0.662500000000 0.000012823273
0.237500000000 0.675000000000 0.000012391162
0.237500000000 0.687500000000 0.000011945998
0.237500000000 0.700000000000 0.000011489974
0.237500000000 0.712500000000 0.000011025079
0.237500000000 0.725000000000 0.000010553094
0.237500000000 0.737500000000 0.000010075583
0.237500000000 0.750000000000 0.000009593928
0.237500000000 0.762500000000 0.000009109330
0.237500000000 0.775000000000 0.000008622808
0.237500000000 0.787500000000 0.000008135230
0.237500000000 0.800000000000 0.000007647315
0.237500000000 0.812500000000 0.000007159665
0.237500000000 0.825000000000 0.000006672741
0.237500000000 0.837500000000 0.000006186904
0.237500000000 0.850000000000 0.000005702422
0.237500000000 0.862500000000 0.000005219461
0.237500000000 0.875000000000 0.000004738117
0.237500000000 0.887500000000 0.000004258438
0.237500000000 0.900000000000 0.000003780397
0.237500000000 0.912500000000 0.000003303938
0.237500000000 0.925000000000 0.000002828949
0.237500000000 0.937500000000 0.000002355293
0.237500000000 0.950000000000 0.000001882784
0.237500000000 0.962500000000 0.000001411225
0.237500000000 0.975000000000 0.000000940405
0.237500000000 0.987500000000 0.000000470077
0.237500000000 1.000000000000 0.000000000000

0.250000000000 0.000000000000 0.000000000000
0.250000000000 0.012500000000 0.000000492801
0.250000000000 0.025000000000 0.000000985896
0.250000000000 0.037500000000 0.000001479578
0.250000000000 0.050000000000 0.000001974132
0.250000000000 0.062500000000 0.000002469826
0.250000000000 0.075000000000 0.000002966903
0.250000000000 0.087500000000 0.000003465584
0.250000000000 0.100000000000 0.000003966060
0.250000000000 0.112500000000 0.000004468500
0.250000000000 0.125000000000 0.000004973007
0.250000000000 0.137500000000 0.000005479644
0.250000000000 0.150000000000 0.000005988414
0.250000000000 0.162500000000 0.000006499275
0.250000000000 0.175000000000 0.000007012097
0.250000000000 0.187500000000 0.000007526656
0.250000000000 0.200000000000 0.000008042615
0.250000000000 0.212500000000 0.000008559552
0.250000000000 0.225000000000 0.000009076891
0.250000000000 0.237500000000 0.000009593928
0.250000000000 0.250000000000 0.000010109801
0.250000000000 0.262500000000 0.000010623485
0.250000000000 0.275000000000 0.000011133749
0.250000000000 0.287500000000 0.000011639151
0.250000000000 0.300000000000 0.000012138047
0.250000000000 0.312500000000 0.000012628554
0.250000000000 0.325000000000 0.000013108533
0.250000000000 0.337500000000 0.000013575598
0.250000000000 0.350000000000 0.000014027122
0.250000000000 0.362500000000 0.000014460222
0.250000000000 0.375000000000 0.000014871830
0.250000000000 0.387500000000 0.000015258675
0.250000000000 0.400000000000 0.000015617346
0.250000000000 0.412500000000 0.000015944407
0.250000000000 0.425000000000 0.000016236441
0.250000000000 0.437500000000 0.000016490144
0.250000000000 0.450000000000 0.000016702462
0.250000000000 0.462500000000 0.000016870687
0.250000000000 0.475000000000 0.000016992552
0.250000000000 0.487500000000 0.000017066375
0.250000000000 0.500000000000 0.000017091101
0.250000000000 0.512500000000 0.000017066375
0.250000000000 0.525000000000 0.000016992552
0.250000000000 0.537500000000 0.000016870687
0.250000000000 0.550000000000 0.000016702462
0.250000000000 0.562500000000 0.000016490144
0.250000000000 0.575000000000 0.000016236441
0.250000000000 0.587500000000 0.000015944407
0.250000000000 0.600000000000 0.000015617346
0.250000000000 0.612500000000 0.000015258675
0.250000000000 0.625000000000 0.000014871830
0.250000000000 0.637500000000 0.000014460222
0.250000000000 0.650000000000 0.000014027122
0.250000000000 0.662500000000 0.000013575598
0.250000000000 0.675000000000 0.000013108533
0.250000000000 0.687500000000 0.000012628554
0.250000000000 0.700000000000 0.000012138047
0.250000000000 0.712500000000 0.000011639151
0.250000000000 0.725000000000 0.000011133749
0.250000000000 0.737500000000 0.000010623485
0.250000000000 0.750000000000 0.000010109801
0.250000000000 0.762500000000 0.000009593928
0.250000000000 0.775000000000 0.000009076891
0.250000000000 0.787500000000 0.000008559552
0.250000000000 0.800000000000 0.000008042615
0.250000000000 0.812500000000 0.000007526656
0.250000000000 0.825000000000 0.000007012097
0.250000000000 0.837500000000 0.000006499275
0.250000000000 0.850000000000 0.000005988414
0.250000000000 0.862500000000 0.000005479644
0.250000000000 0.875000000000 0.000004973007
0.250000000000 0.887500000000 0.000004468500
0.250000000000 0.900000000000 0.000003966060
0.250000000000 0.912500000000 0.000003465584
0.250000000000 0.925000000000 0.000002966903
0.250000000000 0.937500000000 0.000002469826
0.250000000000 0.950000000000 0.000001974132
0.250000000000 0.962500000000 0.000001479578
0.250000000000 0.975000000000 0.000000985896
0.250000000000 0.987500000000 0.000000492801
0.250000000000 1.000000000000 0.000000000000

0.262500000000 0.000000000000 0.000000000000
0.262500000000 0.012500000000 0.000000515053
0.262500000000 0.025000000000 0.000001030441
0.262500000000 0.037500000000 0.000001546524
0.262500000000 0.050000000000 0.000002063624
0.262500000000 0.062500000000 0.000002582070
0.262500000000 0.075000000000 0.000003102149
0.262500000000 0.087500000000 0.000003624137
0.262500000000 0.100000000000 0.000004148284
0.262500000000 0.112500000000 0.000004674808
0.262500000000 0.125000000000 0.000005203868
0.262500000000 0.137500000000 0.000005735574
0.262500000000 0.150000000000 0.000006269994
0.262500000000 0.162500000000 0.000006807141
0.262500000000 0.175000000000 0.000007346934
0.262500000000 0.187500000000 0.000007889197
0.262500000000 0.200000000000 0.000008433648
0.262500000000 0.212500000000 0.000008979907
0.262500000000 0.225000000000 0.000009527446
0.262500000000 0.237500000000 0.000010075583
0.262500000000 0.250000000000 0.000010623485
0.262500000000 0.262500000000 0.000011170131
0.262500000000 0.275000000000 0.000011714272
0.262500000000 0.287500000000 0.000012254439
0.262500000000 0.300000000000 0.000012788924
0.262500000000 0.312500000000 0.000013315743
0.262500000000 0.325000000000 0.000013832607
0.262500000000 0.337500000000 0.000014336951
0.262500000000 0.350000000000 0.000014825897
0.262500000000 0.362500000000 0.000015296265
0.262500000000 0.375000000000 0.000015744605
0.262500000000 0.387500000000 0.000016167213
0.262500000000 0.400000000000 0.000016560187
0.262500000000 0.412500000000 0.000016919530
0.262500000000 0.425000000000 0.000017241240
0.262500000000 0.437500000000 0.000017521401
0.262500000000 0.450000000000 0.000017756372
0.262500000000 0.462500000000 0.000017942877
0.262500000000 0.475000000000 0.000018078180
0.262500000000 0.487500000000 0.000018160230
0.262500000000 0.500000000000 0.000018187726
0.262500000000 0.512500000000 0.000018160230
0.262500000000 0.525000000000 0.000018078180
0.262500000000 0.537500000000 0.000017942877
0.262500000000 0.550000000000 0.000017756372
0.262500000000 0.562500000000 0.000017521401
0.262500000000 0.575000000000 0.000017241240
0.262500000000 0.587500000000 0.000016919530
0.262500000000 0.600000000000 0.000016560187
0.262500000000 0.612500000000 0.000016167213
0.262500000000 0.625000000000 0.000015744605
0.262500000000 0.637500000000 0.000015296265
0.262500000000 0.650000000000 0.000014825897
0.262500000000 0.662500000000 0.000014336951
0.262500000000 0.675000000000 0.000013832607
0.262500000000 0.687500000000 0.000013315743
0.262500000000 0.700000000000 0.000012788924
0.262500000000 0.712500000000 0.000012254439
0.262500000000 0.725000000000 0.000011714272
0.262500000000 0.737500000000 0.000011170131
0.262500000000 0.750000000000 0.000010623485
0.262500000000 0.762500000000 0.000010075583
0.262500000000 0.775000000000 0.000009527446
0.262500000000 0.787500000000 0.000008979907
0.262500000000 0.800000000000 0.000008433648
0.262500000000 0.812500000000 0.000007889197
0.262500000000 0.825000000000 0.000007346934
0.262500000000 0.837500000000 0.000006807141
0.262500000000 0.850000000000 0.000006269994
0.262500000000 0.862500000000 0.000005735574
0.262500000000 0.875000000000 0.000005203868
0.262500000000 0.887500000000 0.000004674808
0.262500000000 0.900000000000 0.000004148284
0.262500000000 0.912500000000 0.000003624137
0.262500000000 0.925000000000 0.000003102149
0.262500000000 0.937500000000 0.000002582070
0.262500000000 0.950000000000 0.000002063624
0.262500000000 0.962500000000 0.000001546524
0.262500000000 0.975000000000 0.000001030441
0.262500000000 0.987500000000 0.000000515053
0.262500000000 1.000000000000 0.000000000000

0.275000000000 0.000000000000 0.000000000000
0.275000000000 0.012500000000 0.000000536764
0.275000000000 0.025000000000 0.000001073926
0.275000000000 0.037500000000 0.000001611886
0.275000000000 0.050000000000 0.000002151022
0.275000000000 0.062500000000 0.000002691717
0.275000000000 0.075000000000 0.000003234322
0.275000000000 0.087500000000 0.000003779171
0.275000000000 0.100000000000 0.000004326568
0.275000000000 0.112500000000 0.000004876788
0.275000000000 0.125000000000 0.000005430057
0.275000000000 0.137500000000 0.000005986546
0.275000000000 0.150000000000 0.000006546385
0.275000000000 0.162500000000 0.000007109654
0.275000000000 0.175000000000 0.000007676333
0.275000000000 0.187500000000 0.000008246312
0.275000000000 0.200000000000 0.000008819375
0.275000000000 0.212500000000 0.000009395199
0.275000000000 0.225000000000 0.000009973313
0.275000000000 0.237500000000 0.000010553094
0.275000000000 0.250000000000 0.000011133749
0.275000000000 0.262500000000 0.000011714272
0.275000000000 0.275000000000 0.000012293433
0.275000000000 0.287500000000 0.000012869761
0.275000000000 0.300000000000 0.000013441494
0.275000000000 0.312500000000 0.000014006559
0.275000000000 0.325000000000 0.000014562548
0.275000000000 0.337500000000 0.000015106710
0.275000000000 0.350000000000 0.000015635924
0.275000000000 0.362500000000 0.000016146683
0.275000000000 0.375000000000 0.000016635132
0.275000000000 0.387500000000 0.000017097084
0.275000000000 0.400000000000 0.000017528072
0.275000000000 0.412500000000 0.000017923454
0.275000000000 0.425000000000 0.000018278508
0.275000000000 0.437500000000 0.000018588592
0.275000000000 0.450000000000 0.000018849308
0.275000000000 0.462500000000 0.000019056694
0.275000000000 0.475000000000 0.000019207400
0.275000000000 0.487500000000 0.000019298891
0.275000000000 0.500000000000 0.000019329569
0.275000000000 0.512500000000 0.000019298891
0.275000000000 0.525000000000 0.000019207400
0.275000000000 0.537500000000 0.000019056694
0.275000000000 0.550000000000 0.000018849308
0.275000000000 0.562500000000 0.000018588592
0.275000000000 0.575000000000 0.000018278508
0.275000000000 0.587500000000 0.000017923454
0.275000000000 0.600000000000 0.000017528072
0.275000000000 0.612500000000 0.000017097084
0.275000000000 0.625000000000 0.000016635132
0.275000000000 0.637500000000 0.000016146683
0.275000000000 0.650000000000 0.000015635924
0.275000000000 0.662500000000 0.000015106710
0.275000000000 0.675000000000 0.000014562548
0.275000000000 0.687500000000 0.000014006559
0.275000000000 0.700000000000 0.000013441494
0.275000000000 0.712500000000 0.000012869761
0.275000000000 0.725000000000 0.000012293433
0.275000000000 0.737500000000 0.000011714272
0.275000000000 0.750000000000 0.000011133749
0.275000000000 0.762500000000 0.000010553094
0.275000000000 0.775000000000 0.000009973313
0.275000000000 0.787500000000 0.000009395199
0.275000000000 0.800000000000 0.000008819375
0.275000000000 0.812500000000 0.000008246312
0.275000000000 0.825000000000 0.000007676333
0.275000000000 0.837500000000 0.000007109654
0.275000000000 0.850000000000 0.000006546385
0.275000000000 0.862500000000 0.000005986546
0.275000000000 0.875000000000 0.000005430057
0.275000000000 0.887500000000 0.000004876788
0.275000000000 0.900000000000 0.000004326568
0.275000000000 0.912500000000 0.000003779171
0.275000000000 0.925000000000 0.000003234322
0.275000000000 0.937500000000 0.000002691717
0.275000000000 0.950000000000 0.000002151022
0.275000000000 0.962500000000 0.000001611886
0.275000000000 0.975000000000 0.000001073926
0.275000000000 0.987500000000 0.000000536764
0.275000000000 1.000000000000 0.000000000000

0.287500000000 0.000000000000 0.000000000000
0.287500000000 0.012500000000 0.000000557877
0.287500000000 0.025000000000 0.000001116215
0.287500000000 0.037500000000 0.000001675470
0.287500000000 0.050000000000 0.000002236069
0.287500000000 0.062500000000 0.000002798454
0.287500000000 0.075000000000 0.000003363044
0.287500000000 0.087500000000 0.000003930230
0.287500000000 0.100000000000 0.000004500380
0.287500000000 0.112500000000 0.000005073839
0.287500000000 0.125000000000 0.000005650897
0.287500000000 0.137500000000 0.000006231802
0.287500000000 0.150000000000 0.000006816753
0.287500000000 0.162500000000 0.000007405897
0.287500000000 0.175000000000 0.000007999299
0.287500000000 0.187500000000 0.000008596921
0.287500000000 0.200000000000 0.000009198630
0.287500000000 0.212500000000 0.000009804180
0.287500000000 0.225000000000 0.000010413176
0.287500000000 0.237500000000 0.000011025079
0.287500000000 0.250000000000 0.000011639151
0.287500000000 0.262500000000 0.000012254439
0.287500000000 0.275000000000 0.000012869761
0.287500000000 0.287500000000 0.000013483656
0.287500000000 0.300000000000 0.000014094336
0.287500000000 0.312500000000 0.000014699683
0.287500000000 0.325000000000 0.000015297190
0.287500000000 0.337500000000 0.000015883928
0.287500000000 0.350000000000 0.000016456536
0.287500000000 0.362500000000 0.000017011174
0.287500000000 0.375000000000 0.000017543560
0.287500000000 0.387500000000 0.000018048979
0.287500000000 0.400000000000 0.000018522309
0.287500000000 0.412500000000 0.000018958151
0.287500000000 0.425000000000 0.000019350931
0.287500000000 0.437500000000 0.000019695103
0.287500000000 0.450000000000 0.000019985337
0.287500000000 0.462500000000 0.000020216793
0.287500000000 0.475000000000 0.000020385325
0.287500000000 0.487500000000 0.000020487772
0.287500000000 0.500000000000 0.000020522152
0.287500000000 0.512500000000 0.000020487772
0.287500000000 0.525000000000 0.000020385325
0.287500000000 0.537500000000 0.000020216793
0.287500000000 0.550000000000 0.000019985337
0.287500000000 0.562500000000 0.000019695103
0.287500000000 0.575000000000 0.000019350931
0.287500000000 0.587500000000 0.000018958151
0.287500000000 0.600000000000 0.000018522309
0.287500000000 0.612500000000 0.000018048979
0.287500000000 0.625000000000 0.000017543560
0.287500000000 0.637500000000 0.000017011174
0.287500000000 0.650000000000 0.000016456536
0.287500000000 0.662500000000 0.000015883928
0.287500000000 0.675000000000 0.000015297190
0.287500000000 0.687500000000 0.000014699683
0.287500000000 0.700000000000 0.000014094336
0.287500000000 0.712500000000 0.000013483656
0.287500000000 0.725000000000 0.000012869761
0.287500000000 0.737500000000 0.000012254439
0.287500000000 0.750000000000 0.000011639151
0.287500000000 0.762500000000 0.000011025079
0.287500000000 0.775000000000 0.000010413176
0.287500000000 0.787500000000 0.000009804180
0.287500000000 0.800000000000 0.000009198630
0.287500000000 0.812500000000 0.000008596921
0.287500000000 0.825000000000 0.000007999299
0.287500000000 0.837500000000 0.000007405897
0.287500000000 0.850000000000 0.000006816753
0.287500000000 0.862500000000 0.000006231802
0.287500000000 0.875000000000 0.000005650897
0.287500000000 0.887500000000 0.000005073839
0.287500000000 0.900000000000 0.000004500380
0.287500000000 0.912500000000 0.000003930230
0.287500000000 0.925000000000 0.000003363044
0.287500000000 0.937500000000 0.000002798454
0.287500000000 0.950000000000 0.000002236069
0.287500000000 0.962500000000 0.000001675470
0.287500000000 0.975000000000 0.000001116215
0.287500000000 0.987500000000 0.000000557877
0.287500000000 1.000000000000 0.000000000000

0.300000000000 0.000000000000 0.000000000000
0.300000000000 0.012500000000 0.000000578330
0.300000000000 0.025000000000 0.000001157182
0.300000000000 0.037500000000 0.000001737073
0.300000000000 0.050000000000 0.000002318493
0.300000000000 0.062500000000 0.000002901937
0.300000000000 0.075000000000 0.000003487896
0.300000000000 0.087500000000 0.000004076825
0.300000000000 0.100000000000 0.000004669162
0.300000000000 0.112500000000 0.000005265315
0.300000000000 0.125000000000 0.000005865660
0.300000000000 0.137500000000 0.000006470520
0.300000000000 0.150000000000 0.000007080182
0.300000000000 0.162500000000 0.000007694864
0.300000000000 0.175000000000 0.000008314727
0.300000000000 0.187500000000 0.000008939820
0.300000000000 0.200000000000 0.000009570121
0.300000000000 0.212500000000 0.000010205464
0.300000000000 0.225000000000 0.000010845566
0.300000000000 0.237500000000 0.000011489974
0.300000000000 0.250000000000 0.000012138047
0.300000000000 0.262500000000 0.000012788924
0.300000000000 0.275000000000 0.000013441494
0.300000000000 0.287500000000 0.000014094336
0.300000000000 0.300000000000 0.000014745692
0.300000000000 0.312500000000 0.000015393432
0.300000000000 0.325000000000 0.000016034971
0.300000000000 0.337500000000 0.000016667247
0.300000000000 0.350000000000 0.000017286669
0.300000000000 0.362500000000 0.000017889078
0.300000000000 0.375000000000 0.000018469740
0.300000000000 0.387500000000 0.000019023354
0.300000000000 0.400000000000 0.000019544068
0.300000000000 0.412500000000 0.000020025595
0.300000000000 0.425000000000 0.000020461351
0.300000000000 0.437500000000 0.000020844667
0.300000000000 0.450000000000 0.000021169064
0.300000000000 0.462500000000 0.000021428539
0.300000000000 0.475000000000 0.000021617927
0.300000000000 0.487500000000 0.000021733241
0.300000000000 0.500000000000 0.000021771974
0.300000000000 0.512500000000 0.000021733241
0.300000000000 0.525000000000 0.000021617927
0.300000000000 0.537500000000 0.000021428539
0.300000000000 0.550000000000 0.000021169064
0.300000000000 0.562500000000 0.000020844667
0.300000000000 0.575000000000 0.000020461351
0.300000000000 0.587500000000 0.000020025595
0.300000000000 0.600000000000 0.000019544068
0.300000000000 0.612500000000 0.000019023354
0.300000000000 0.625000000000 0.000018469740
0.300000000000 0.637500000000 0.000017889078
0.300000000000 0.650000000000 0.000017286669
0.300000000000 0.662500000000 0.000016667247
0.300000000000 0.675000000000 0.000016034971
0.300000000000 0.687500000000 0.000015393432
0.300000000000 0.700000000000 0.000014745692
0.300000000000 0.712500000000 0.000014094336
0.300000000000 0.725000000000 0.000013441494
0.300000000000 0.737500000000 0.000012788924
0.300000000000 0.750000000000 0.000012138047
0.300000000000 0.762500000000 0.000011489974
0.300000000000 0.775000000000 0.000010845566
0.300000000000 0.787500000000 0.000010205464
0.300000000000 0.800000000000 0.000009570121
0.300000000000 0.812500000000 0.000008939820
0.300000000000 0.825000000000 0.000008314727
0.300000000000 0.837500000000 0.000007694864
0.300000000000 0.850000000000 0.000007080182
0.300000000000 0.862500000000 0.000006470520
0.300000000000 0.875000000000 0.000005865660
0.300000000000 0.887500000000 0.000005265315
0.300000000000 0.900000000000 0.000004669162
0.300000000000 0.912500000000 0.000004076825
0.300000000000 0.925000000000 0.000003487896
0.300000000000 0.937500000000 0.000002901937
0.300000000000 0.950000000000 0.000002318493
0.300000000000 0.962500000000 0.000001737073
0.300000000000 0.975000000000 0.000001157182
0.300000000000 0.987500000000 0.000000578330
0.300000000000 1.000000000000 0.000000000000

0.312500000000 0.000000000000 0.000000000000
0.312500000000 0.012500000000 0.000000598054
0.312500000000 0.025000000000 0.000001196695
0.312500000000 0.037500000000 0.000001796496
0.312500000000 0.050000000000 0.000002398012
0.312500000000 0.062500000000 0.000003001805
0.312500000000 0.075000000000 0.000003608440
0.312500000000 0.087500000000 0.000004218438
0.312500000000 0.100000000000 0.000004832305
0.312500000000 0.112500000000 0.000005450528
0.312500000000 0.125000000000 0.000006073563
0.312500000000 0.137500000000 0.000006701828
0.312500000000 0.150000000000 0.000007335695
0.312500000000 0.162500000000 0.000007975482
0.312500000000 0.175000000000 0.000008621433
0.312500000000 0.187500000000 0.000009273717
0.312500000000 0.200000000000 0.000009932423
0.312500000000 0.212500000000 0.000010597513
0.312500000000 0.225000000000 0.000011268814
0.312500000000 0.237500000000 0.000011945998
0.312500000000 0.250000000000 0.000012628554
0.312500000000 0.262500000000 0.000013315743
0.312500000000 0.275000000000 0.000014006559
0.312500000000 0.287500000000 0.000014699683
0.312500000000 0.300000000000 0.000015393432
0.312500000000 0.312500000000 0.000016085698
0.312500000000 0.325000000000 0.000016773882
0.312500000000 0.337500000000 0.000017454839
0.312500000000 0.350000000000 0.000018124786
0.312500000000 0.362500000000 0.000018779258
0.312500000000 0.375000000000 0.000019413077
0.312500000000 0.387500000000 0.000020020305
0.312500000000 0.400000000000 0.000020594277
0.312500000000 0.412500000000 0.000021127689
0.312500000000 0.425000000000 0.000021612747
0.312500000000 0.437500000000 0.000022041412
0.312500000000 0.450000000000 0.000022405714
0.312500000000 0.462500000000 0.000022698167
0.312500000000 0.475000000000 0.000022912242
0.312500000000 0.487500000000 0.000023042854
0.312500000000 0.500000000000 0.000023086767
0.312500000000 0.512500000000 0.000023042854
0.312500000000 0.525000000000 0.000022912242
0.312500000000 0.537500000000 0.000022698167
0.312500000000 0.550000000000 0.000022405714
0.312500000000 0.562500000000 0.000022041412
0.312500000000 0.575000000000 0.000021612747
0.312500000000 0.587500000000 0.000021127689
0.312500000000 0.600000000000 0.000020594277
0.312500000000 0.612500000000 0.000020020305
0.312500000000 0.625000000000 0.000019413077
0.312500000000 0.637500000000 0.000018779258
0.312500000000 0.650000000000 0.000018124786
0.312500000000 0.662500000000 0.000017454839
0.312500000000 0.675000000000 0.000016773882
0.312500000000 0.687500000000 0.000016085698
0.312500000000 0.700000000000 0.000015393432
0.312500000000 0.712500000000 0.000014699683
0.312500000000 0.725000000000 0.000014006559
0.312500000000 0.737500000000 0.000013315743
0.312500000000 0.750000000000 0.000012628554
0.312500000000 0.762500000000 0.000011945998
0.312500000000 0.775000000000 0.000011268814
0.312500000000 0.787500000000 0.000010597513
0.312500000000 0.800000000000 0.000009932423
0.312500000000 0.812500000000 0.000009273717
0.312500000000 0.825000000000 0.000008621433
0.312500000000 0.837500000000 0.000007975482
0.312500000000 0.850000000000 0.000007335695
0.312500000000 0.862500000000 0.000006701828
0.312500000000 0.875000000000 0.000006073563
0.312500000000 0.887500000000 0.000005450528
0.312500000000 0.900000000000 0.000004832305
0.312500000000 0.912500000000 0.000004218438
0.312500000000 0.925000000000 0.000003608440
0.312500000000 0.937500000000 0.000003001805
0.312500000000 0.950000000000 0.000002398012
0.312500000000 0.962500000000 0.000001796496
0.312500000000 0.975000000000 0.000001196695
0.312500000000 0.987500000000 0.000000598054
0.312500000000 1.000000000000 0.000000000000

0.325000000000 0.000000000000 0.000000000000
0.325000000000 0.012500000000 0.000000616977
0.325000000000 0.025000000000 0.000001234606
0.325000000000 0.037500000000 0.000001853511
0.325000000000 0.050000000000 0.000002474333
0.325000000000 0.062500000000 0.000003097689
0.325000000000 0.075000000000 0.000003724222
0.325000000000 0.087500000000 0.000004354522
0.325000000000 0.100000000000 0.000004989178
0.325000000000 0.112500000000 0.000005628755
0.325000000000 0.125000000000 0.000006273794
0.325000000000 0.137500000000 0.000006924811
0.325000000000 0.150000000000 0.000007582271
0.325000000000 0.162500000000 0.000008246601
0.325000000000 0.175000000000 0.000008918146
0.325000000000 0.187500000000 0.000009597205
0.325000000000 0.200000000000 0.000010284000
0.325000000000 0.212500000000 0.000010978632
0.325000000000 0.225000000000 0.000011681076
0.325000000000 0.237500000000 0.000012391162
0.325000000000 0.250000000000 0.000013108533
0.325000000000 0.262500000000 0.000013832607
0.325000000000 0.275000000000 0.000014562548
0.325000000000 0.287500000000 0.000015297190
0.325000000000 0.300000000000 0.000016034971
0.325000000000 0.312500000000 0.000016773882
0.325000000000 0.325000000000 0.000017511386
0.325000000000 0.337500000000 0.000018244308
0.325000000000 0.350000000000 0.000018968741
0.325000000000 0.362500000000 0.000019679971
0.325000000000 0.375000000000 0.000020372389
0.325000000000 0.387500000000 0.000021039415
0.325000000000 0.400000000000 0.000021673496
0.325000000000 0.412500000000 0.000022266166
0.325000000000 0.425000000000 0.000022808189
0.325000000000 0.437500000000 0.000023289824
0.325000000000 0.450000000000 0.000023701215
0.325000000000 0.462500000000 0.000024032930
0.325000000000 0.475000000000 0.000024276610
0.325000000000 0.487500000000 0.000024425662
0.325000000000 0.500000000000 0.000024475838
0.325000000000 0.512500000000 0.000024425662
0.325000000000 0.525000000000 0.000024276610
0.325000000000 0.537500000000 0.000024032930
0.325000000000 0.550000000000 0.000023701215
0.325000000000 0.562500000000 0.000023289824
0.325000000000 0.575000000000 0.000022808189
0.325000000000 0.587500000000 0.000022266166
0.325000000000 0.600000000000 0.000021673496
0.325000000000 0.612500000000 0.000021039415
0.325000000000 0.625000000000 0.000020372389
0.325000000000 0.637500000000 0.000019679971
0.325000000000 0.650000000000 0.000018968741
0.325000000000 0.662500000000 0.000018244308
0.325000000000 0.675000000000 0.000017511386
0.325000000000 0.687500000000 0.000016773882
0.325000000000 0.700000000000 0.000016034971
0.325000000000 0.712500000000 0.000015297190
0.325000000000 0.725000000000 0.000014562548
0.325000000000 0.737500000000 0.000013832607
0.325000000000 0.750000000000 0.000013108533
0.325000000000 0.762500000000 0.000012391162
0.325000000000 0.775000000000 0.000011681076
0.325000000000 0.787500000000 0.000010978632
0.325000000000 0.800000000000 0.000010284000
0.325000000000 0.812500000000 0.000009597205
0.325000000000 0.825000000000 0.000008918146
0.325000000000 0.837500000000 0.000008246601
0.325000000000 0.850000000000 0.000007582271
0.325000000000 0.862500000000 0.000006924811
0.325000000000 0.875000000000 0.000006273794
0.325000000000 0.887500000000 0.000005628755
0.325000000000 0.900000000000 0.000004989178
0.325000000000 0.912500000000 0.000004354522
0.325000000000 0.925000000000 0.000003724222
0.325000000000 0.937500000000 0.000003097689
0.325000000000 0.950000000000 0.000002474333
0.325000000000 0.962500000000 0.000001853511
0.325000000000 0.975000000000 0.000001234606
0.325000000000 0.987500000000 0.000000616977
0.325000000000 1.000000000000 0.000000000000

0.337500000000 0.000000000000 0.000000000000
0.337500000000 0.012500000000 0.000000635017
0.337500000000 0.025000000000 0.000001270750
0.337500000000 0.037500000000 0.000001907892
0.337500000000 0.050000000000 0.000002547147
0.337500000000 0.062500000000 0.000003189210
0.337500000000 0.075000000000 0.000003834782
0.337500000000 0.087500000000 0.000004484530
0.337500000000 0.100000000000 0.000005139137
0.337500000000 0.112500000000 0.000005799251
0.337500000000 0.125000000000 0.000006465503
0.337500000000 0.137500000000 0.000007138505
0.337500000000 0.150000000000 0.000007818825
0.337500000000 0.162500000000 0.000008507000
0.337500000000 0.175000000000 0.000009203506
0.337500000000 0.187500000000 0.000009908780
0.337500000000 0.200000000000 0.000010623191
0.337500000000 0.212500000000 0.000011347001
0.337500000000 0.225000000000 0.000012080356
0.337500000000 0.237500000000 0.000012823273
0.337500000000 0.250000000000 0.000013575598
0.337500000000 0.262500000000 0.000014336951
0.337500000000 0.275000000000 0.000015106710
0.337500000000 0.287500000000 0.000015883928
0.337500000000 0.300000000000 0.000016667247
0.337500000000 0.312500000000 0.000017454839
0.337500000000 0.325000000000 0.000018244308
0.337500000000 0.337500000000 0.000019032556
0.337500000000 0.350000000000 0.000019815650
0.337500000000 0.362500000000 0.000020588710
0.337500000000 0.375000000000 0.000021345751
0.337500000000 0.387500000000 0.000022079589
0.337500000000 0.400000000000 0.000022781733
0.337500000000 0.412500000000 0.000023442413
0.337500000000 0.425000000000 0.000024050700
0.337500000000 0.437500000000 0.000024594758
0.337500000000 0.450000000000 0.000025062316
0.337500000000 0.462500000000 0.000025441374
0.337500000000 0.475000000000 0.000025721074
0.337500000000 0.487500000000 0.000025892694
0.337500000000 0.500000000000 0.000025950562
0.337500000000 0.512500000000 0.000025892694
0.337500000000 0.525000000000 0.000025721074
0.337500000000 0.537500000000 0.000025441374
0.337500000000 0.550000000000 0.000025062316
0.337500000000 0.562500000000 0.000024594758
0.337500000000 0.575000000000 0.000024050700
0.337500000000 0.587500000000 0.000023442413
0.337500000000 0.600000000000 0.000022781733
0.337500000000 0.612500000000 0.000022079589
0.337500000000 0.625000000000 0.000021345751
0.337500000000 0.637500000000 0.000020588710
0.337500000000 0.650000000000 0.000019815650
0.337500000000 0.662500000000 0.000019032556
0.337500000000 0.675000000000 0.000018244308
0.337500000000 0.687500000000 0.000017454839
0.337500000000 0.700000000000 0.000016667247
0.337500000000 0.712500000000 0.000015883928
0.337500000000 0.725000000000 0.000015106710
0.337500000000 0.737500000000 0.000014336951
0.337500000000 0.750000000000 0.000013575598
0.337500000000 0.762500000000 0.000012823273
0.337500000000 0.775000000000 0.000012080356
0.337500000000 0.787500000000 0.000011347001
0.337500000000 0.800000000000 0.000010623191
0.337500000000 0.812500000000 0.000009908780
0.337500000000 0.825000000000 0.000009203506
0.337500000000 0.837500000000 0.000008507000
0.337500000000 0.850000000000 0.000007818825
0.337500000000 0.862500000000 0.000007138505
0.337500000000 0.875000000000 0.000006465503
0.337500000000 0.887500000000 0.000005799251
0.337500000000 0.900000000000 0.000005139137
0.337500000000 0.912500000000 0.000004484530
0.337500000000 0.925000000000 0.000003834782
0.337500000000 0.937500000000 0.000003189210
0.337500000000 0.950000000000 0.000002547147
0.337500000000 0.962500000000 0.000001907892
0.337500000000 0.975000000000 0.000001270750
0.337500000000 0.987500000000 0.000000635017
0.337500000000 1.000000000000 0.000000000000

0.350000000000 0.000000000000 0.000000000000
0.350000000000 0.012500000000 0.000000652101
0.350000000000 0.025000000000 0.000001304987
0.350000000000 0.037500000000 0.000001959409
0.350000000000 0.050000000000 0.000002616154
0.350000000000 0.062500000000 0.000003275969
0.350000000000 0.075000000000 0.000003939632
0.350000000000 0.087500000000 0.000004607899
0.350000000000 0.100000000000 0.000005281526
0.350000000000 0.112500000000 0.000005961250
0.350000000000 0.125000000000 0.000006647810
0.350000000000 0.137500000000 0.000007341899
0.350000000000 0.150000000000 0.000008044215
0.350000000000 0.162500000000 0.000008755403
0.350000000000 0.175000000000 0.000009476086
0.350000000000 0.187500000000 0.000010206847
0.350000000000 0.200000000000 0.000010948222
0.350000000000 0.212500000000 0.000011700644
0.350000000000 0.225000000000 0.000012464477
0.350000000000 0.237500000000 0.000013239940
0.350000000000 0.250000000000 0.000014027122
0.350000000000 0.262500000000 0.000014825897
0.350000000000 0.275000000000 0.000015635924
0.350000000000 0.287500000000 0.000016456536
0.350000000000 0.300000000000 0.000017286669
0.350000000000 0.312500000000 0.000018124786
0.350000000000 0.325000000000 0.000018968741
0.350000000000 0.337500000000 0.000019815650
0.350000000000 0.350000000000 0.000020661694
0.350000000000 0.362500000000 0.000021501959
0.350000000000 0.375000000000 0.000022330216
0.350000000000 0.387500000000 0.000023138744
0.350000000000 0.400000000000 0.000023918138
0.350000000000 0.412500000000 0.000024657225
0.350000000000 0.425000000000 0.000025343100
0.350000000000 0.437500000000 0.000025961382
0.350000000000 0.450000000000 0.000026496711
0.350000000000 0.462500000000 0.000026933638
0.350000000000 0.475000000000 0.000027257839
0.350000000000 0.487500000000 0.000027457559
0.350000000000 0.500000000000 0.000027525048
0.350000000000 0.512500000000 0.000027457559
0.350000000000 0.525000000000 0.000027257839
0.350000000000 0.537500000000 0.000026933638
0.350000000000 0.550000000000 0.000026496711
0.350000000000 0.562500000000 0.000025961382
0.350000000000 0.575000000000 0.000025343100
0.350000000000 0.587500000000 0.000024657225
0.350000000000 0.600000000000 0.000023918138
0.350000000000 0.612500000000 0.000023138744
0.350000000000 0.625000000000 0.000022330216
0.350000000000 0.637500000000 0.000021501959
0.350000000000 0.650000000000 0.000020661694
0.350000000000 0.662500000000 0.000019815650
0.350000000000 0.675000000000 0.000018968741
0.350000000000 0.687500000000 0.000018124786
0.350000000000 0.700000000000 0.000017286669
0.350000000000 0.712500000000 0.000016456536
0.350000000000 0.725000000000 0.000015635924
0.350000000000 0.737500000000 0.000014825897
0.350000000000 0.750000000000 0.000014027122
0.350000000000 0.762500000000 0.000013239940
0.350000000000 0.775000000000 0.000012464477
0.350000000000 0.787500000000 0.000011700644
0.350000000000 0.800000000000 0.000010948222
0.350000000000 0.812500000000 0.000010206847
0.350000000000 0.825000000000 0.000009476086
0.350000000000 0.837500000000 0.000008755403
0.350000000000 0.850000000000 0.000008044215
0.350000000000 0.862500000000 0.000007341899
0.350000000000 0.875000000000 0.000006647810
0.350000000000 0.887500000000 0.000005961250
0.350000000000 0.900000000000 0.000005281526
0.350000000000 0.912500000000 0.000004607899
0.350000000000 0.925000000000 0.000003939632
0.350000000000 0.937500000000 0.000003275969
0.350000000000 0.950000000000 0.000002616154
0.350000000000 0.962500000000 0.000001959409
0.350000000000 0.975000000000 0.000001304987
0.350000000000 0.987500000000 0.000000652101
0.350000000000 1.000000000000 0.000000000000

0.362500000000 0.000000000000 0.000000000000
0.362500000000 0.012500000000 0.000000668166
0.362500000000 0.025000000000 0.000001337174
0.362500000000 0.037500000000 0.000002007855
0.362500000000 0.050000000000 0.000002681051
0.362500000000 0.062500000000 0.000003357591
0.362500000000 0.075000000000 0.000004038318
0.362500000000 0.087500000000 0.000004724068
0.362500000000 0.100000000000 0.000005415689
0.362500000000 0.112500000000 0.000006113995
0.362500000000 0.125000000000 0.000006819824
0.362500000000 0.137500000000 0.000007533986
0.362500000000 0.150000000000 0.000008257294
0.362500000000 0.162500000000 0.000008990512
0.362500000000 0.175000000000 0.000009734421
0.362500000000 0.187500000000 0.000010489760
0.362500000000 0.200000000000 0.000011257241
0.362500000000 0.212500000000 0.000012037495
0.362500000000 0.225000000000 0.000012831121
0.362500000000 0.237500000000 0.000013638572
0.362500000000 0.250000000000 0.000014460222
0.362500000000 0.262500000000 0.000015296265
0.362500000000 0.275000000000 0.000016146683
0.362500000000 0.287500000000 0.000017011174
0.362500000000 0.300000000000 0.000017889078
0.362500000000 0.312500000000 0.000018779258
0.362500000000 0.325000000000 0.000019679971
0.362500000000 0.337500000000 0.000020588710
0.362500000000 0.350000000000 0.000021501959
0.362500000000 0.362500000000 0.000022414978
0.362500000000 0.375000000000 0.000023321498
0.362500000000 0.387500000000 0.000024213451
0.362500000000 0.400000000000 0.000025080612
0.362500000000 0.412500000000 0.000025910384
0.362500000000 0.425000000000 0.000026687661
0.362500000000 0.437500000000 0.000027394990
0.362500000000 0.450000000000 0.000028013063
0.362500000000 0.462500000000 0.000028521788
0.362500000000 0.475000000000 0.000028901958
0.362500000000 0.487500000000 0.000029137377
0.362500000000 0.500000000000 0.000029217147
0.362500000000 0.512500000000 0.000029137377
0.362500000000 0.525000000000 0.000028901958
0.362500000000 0.537500000000 0.000028521788
0.362500000000 0.550000000000 0.000028013063
0.362500000000 0.562500000000 0.000027394990
0.362500000000 0.575000000000 0.000026687661
0.362500000000 0.587500000000 0.000025910384
0.362500000000 0.600000000000 0.000025080612
0.362500000000 0.612500000000 0.000024213451
0.362500000000 0.625000000000 0.000023321498
0.362500000000 0.637500000000 0.000022414978
0.362500000000 0.650000000000 0.000021501959
0.362500000000 0.662500000000 0.000020588710
0.362500000000 0.675000000000 0.000019679971
0.362500000000 0.687500000000 0.000018779258
0.362500000000 0.700000000000 0.000017889078
0.362500000000 0.712500000000 0.000017011174
0.362500000000 0.725000000000 0.000016146683
0.362500000000 0.737500000000 0.000015296265
0.362500000000 0.750000000000 0.000014460222
0.362500000000 0.762500000000 0.000013638572
0.362500000000 0.775000000000 0.000012831121
0.362500000000 0.787500000000 0.000012037495
0.362500000000 0.800000000000 0.000011257241
0.362500000000 0.812500000000 0.000010489760
0.362500000000 0.825000000000 0.000009734421
0.362500000000 0.837500000000 0.000008990512
0.362500000000 0.850000000000 0.000008257294
0.362500000000 0.862500000000 0.000007533986
0.362500000000 0.875000000000 0.000006819824
0.362500000000 0.887500000000 0.000006113995
0.362500000000 0.900000000000 0.000005415689
0.362500000000 0.912500000000 0.000004724068
0.362500000000 0.925000000000 0.000004038318
0.362500000000 0.937500000000 0.000003357591
0.362500000000 0.950000000000 0.000002681051
0.362500000000 0.962500000000 0.000002007855
0.362500000000 0.975000000000 0.000001337174
0.362500000000 0.987500000000 0.000000668166
0.362500000000 1.000000000000 0.000000000000

0.375000000000 0.000000000000 0.000000000000
0.375000000000 0.012500000000 0.000000683124
0.375000000000 0.025000000000 0.000001367157
0.375000000000 0.037500000000 0.000002052990
0.375000000000 0.050000000000 0.000002741532
0.375000000000 0.062500000000 0.000003433681
0.375000000000 0.075000000000 0.000004130354
0.375000000000 0.087500000000 0.000004832467
0.375000000000 0.100000000000 0.000005540948
0.375000000000 0.112500000000 0.000006256702
0.375000000000 0.125000000000 0.000006980663
0.375000000000 0.137500000000 0.000007713751
0.375000000000 0.150000000000 0.000008456898
0.375000000000 0.162500000000 0.000009211009
0.375000000000 0.175000000000 0.000009977005
0.375000000000 0.187500000000 0.000010755805
0.375000000000 0.200000000000 0.000011548316
0.375000000000 0.212500000000 0.000012355380
0.375000000000 0.225000000000 0.000013177834
0.375000000000 0.237500000000 0.000014016424
0.375000000000 0.250000000000 0.000014871830
0.375000000000 0.262500000000 0.000015744605
0.375000000000 0.275000000000 0.000016635132
0.375000000000 0.287500000000 0.000017543560
0.375000000000 0.300000000000 0.000018469740
0.375000000000 0.312500000000 0.000019413077
0.375000000000 0.325000000000 0.000020372389
0.375000000000 0.337500000000 0.000021345751
0.375000000000 0.350000000000 0.000022330216
0.375000000000 0.362500000000 0.000023321498
0.375000000000 0.375000000000 0.000024313617
0.375000000000 0.387500000000 0.000025298464
0.375000000000 0.400000000000 0.000026265256
0.375000000000 0.412500000000 0.000027200100
0.375000000000 0.425000000000 0.000028085573
0.375000000000 0.437500000000 0.000028900632
0.375000000000 0.450000000000 0.000029620971
0.375000000000 0.462500000000 0.000030220242
0.375000000000 0.475000000000 0.000030672231
0.375000000000 0.487500000000 0.000030954062
0.375000000000 0.500000000000 0.000031049909
0.375000000000 0.512500000000 0.000030954062
0.375000000000 0.525000000000 0.000030672231
0.375000000000 0.537500000000 0.000030220242
0.375000000000 0.550000000000 0.000029620971
0.375000000000 0.562500000000 0.000028900632
0.375000000000 0.575000000000 0.000028085573
0.375000000000 0.587500000000 0.000027200100
0.375000000000 0.600000000000 0.000026265256
0.375000000000 0.612500000000 0.000025298464
0.375000000000 0.625000000000 0.000024313617
0.375000000000 0.637500000000 0.000023321498
0.375000000000 0.650000000000 0.000022330216
0.375000000000 0.662500000000 0.000021345751
0.375000000000 0.675000000000 0.000020372389
0.375000000000 0.687500000000 0.000019413077
0.375000000000 0.700000000000 0.000018469740
0.375000000000 0.712500000000 0.000017543560
0.375000000000 0.725000000000 0.000016635132
0.375000000000 0.737500000000 0.000015744605
0.375000000000 0.750000000000 0.000014871830
0.375000000000 0.762500000000 0.000014016424
0.375000000000 0.775000000000 0.000013177834
0.375000000000 0.787500000000 0.000012355380
0.375000000000 0.800000000000 0.000011548316
0.375000000000 0.812500000000 0.000010755805
0.375000000000 0.825000000000 0.000009977005
0.375000000000 0.837500000000 0.000009211009
0.375000000000 0.850000000000 0.000008456898
0.375000000000 0.862500000000 0.000007713751
0.375000000000 0.875000000000 0.000006980663
0.375000000000 0.887500000000 0.000006256702
0.375000000000 0.900000000000 0.000005540948
0.375000000000 0.912500000000 0.000004832467
0.375000000000 0.925000000000 0.000004130354
0.375000000000 0.937500000000 0.000003433681
0.375000000000 0.950000000000 0.000002741532
0.375000000000 0.962500000000 0.000002052990
0.375000000000 0.975000000000 0.000001367157
0.375000000000 0.987500000000 0.000000683124
0.375000000000 1.000000000000 0.000000000000

0.387500000000 0.000000000000 0.000000000000
0.387500000000 0.012500000000 0.000000696915
0.387500000000 0.025000000000 0.000001394791
0.387500000000 0.037500000000 0.000002094598
0.387500000000 0.050000000000 0.000002797297
0.387500000000 0.062500000000 0.000003503864
0.387500000000 0.075000000000 0.000004215286
0.387500000000 0.087500000000 0.000004932549
0.387500000000 0.100000000000 0.000005656655
0.387500000000 0.112500000000 0.000006388608
0.387500000000 0.125000000000 0.000007129439
0.387500000000 0.137500000000 0.000007880173
0.387500000000 0.150000000000 0.000008641860
0.387500000000 0.162500000000 0.000009415558
0.387500000000 0.175000000000 0.000010202330
0.387500000000 0.187500000000 0.000011003271
0.387500000000 0.200000000000 0.000011819489
0.387500000000 0.212500000000 0.000012652064
0.387500000000 0.225000000000 0.000013502087
0.387500000000 0.237500000000 0.000014370617
0.387500000000 0.250000000000 0.000015258675
0.387500000000 0.262500000000 0.000016167213
0.387500000000 0.275000000000 0.000017097084
0.387500000000 0.287500000000 0.000018048979
0.387500000000 0.300000000000 0.000019023354
0.387500000000 0.312500000000 0.000020020305
0.387500000000 0.325000000000 0.000021039415
0.387500000000 0.337500000000 0.000022079589
0.387500000000 0.350000000000 0.000023138744
0.387500000000 0.362500000000 0.000024213451
0.387500000000 0.375000000000 0.000025298464
0.387500000000 0.387500000000 0.000026386122
0.387500000000 0.400000000000 0.000027465608
0.387500000000 0.412500000000 0.000028522121
0.387500000000 0.425000000000 0.000029536058
0.387500000000 0.437500000000 0.000030482412
0.387500000000 0.450000000000 0.000031330719
0.387500000000 0.462500000000 0.000032046190
0.387500000000 0.475000000000 0.000032592452
0.387500000000 0.487500000000 0.000032936281
0.387500000000 0.500000000000 0.000033053817
0.387500000000 0.512500000000 0.000032936281
0.387500000000 0.525000000000 0.000032592452
0.387500000000 0.537500000000 0.000032046190
0.387500000000 0.550000000000 0.000031330719
0.387500000000 0.562500000000 0.000030482412
0.387500000000 0.575000000000 0.000029536058
0.387500000000 0.587500000000 0.000028522121
0.387500000000 0.600000000000 0.000027465608
0.387500000000 0.612500000000 0.000026386122
0.387500000000 0.625000000000 0.000025298464
0.387500000000 0.637500000000 0.000024213451
0.387500000000 0.650000000000 0.000023138744
0.387500000000 0.662500000000 0.000022079589
0.387500000000 0.675000000000 0.000021039415
0.387500000000 0.687500000000 0.000020020305
0.387500000000 0.700000000000 0.000019023354
0.387500000000 0.712500000000 0.000018048979
0.387500000000 0.725000000000 0.000017097084
0.387500000000 0.737500000000 0.000016167213
0.387500000000 0.750000000000 0.000015258675
0.387500000000 0.762500000000 0.000014370617
0.387500000000 0.775000000000 0.000013502087
0.387500000000 0.787500000000 0.000012652064
0.387500000000 0.800000000000 0.000011819489
0.387500000000 0.812500000000 0.000011003271
0.387500000000 0.825000000000 0.000010202330
0.387500000000 0.837500000000 0.000009415558
0.387500000000 0.850000000000 0.000008641860
0.387500000000 0.862500000000 0.000007880173
0.387500000000 0.875000000000 0.000007129439
0.387500000000 0.887500000000 0.000006388608
0.387500000000 0.900000000000 0.000005656655
0.387500000000 0.912500000000 0.000004932549
0.387500000000 0.925000000000 0.000004215286
0.387500000000 0.937500000000 0.000003503864
0.387500000000 0.950000000000 0.000002797297
0.387500000000 0.962500000000 0.000002094598
0.387500000000 0.975000000000 0.000001394791
0.387500000000 0.987500000000 0.000000696915
0.387500000000 1.000000000000 0.000000000000

0.400000000000 0.000000000000 0.000000000000
0.400000000000 0.012500000000 0.000000709464
0.400000000000 0.025000000000 0.000001419941
0.400000000000 0.037500000000 0.000002132467
0.400000000000 0.050000000000 0.000002848067
0.400000000000 0.062500000000 0.000003567784
0.400000000000 0.075000000000 0.000004292667
0.400000000000 0.087500000000 0.000005023772
0.400000000000 0.100000000000 0.000005762176
0.400000000000 0.112500000000 0.000006508972
0.400000000000 0.125000000000 0.000007265285
0.400000000000 0.137500000000 0.000008032255
0.400000000000 0.150000000000 0.000008811041
0.400000000000 0.162500000000 0.000009602846
0.400000000000 0.175000000000 0.000010408887
0.400000000000 0.187500000000 0.000011230437
0.400000000000 0.200000000000 0.000012068796
0.400000000000 0.212500000000 0.000012925303
0.400000000000 0.225000000000 0.000013801304
0.400000000000 0.237500000000 0.000014698186
0.400000000000 0.250000000000 0.000015617346
0.400000000000 0.262500000000 0.000016560187
0.400000000000 0.275000000000 0.000017528072
0.400000000000 0.287500000000 0.000018522309
0.400000000000 0.300000000000 0.000019544068
0.400000000000 0.312500000000 0.000020594277
0.400000000000 0.325000000000 0.000021673496
0.400000000000 0.337500000000 0.000022781733
0.400000000000 0.350000000000 0.000023918138
0.400000000000 0.362500000000 0.000025080612
0.400000000000 0.375000000000 0.000026265256
0.400000000000 0.387500000000 0.000027465608
0.400000000000 0.400000000000 0.000028671642
0.400000000000 0.412500000000 0.000029868482
0.400000000000 0.425000000000 0.000031034975
0.400000000000 0.437500000000 0.000032142198
0.400000000000 0.450000000000 0.000033152477
0.400000000000 0.462500000000 0.000034019858
0.400000000000 0.475000000000 0.000034693094
0.400000000000 0.487500000000 0.000035122465
0.400000000000 0.500000000000 0.000035270359
0.400000000000 0.512500000000 0.000035122465
0.400000000000 0.525000000000 0.000034693094
0.400000000000 0.537500000000 0.000034019858
0.400000000000 0.550000000000 0.000033152477
0.400000000000 0.562500000000 0.000032142198
0.400000000000 0.575000000000 0.000031034975
0.400000000000 0.587500000000 0.000029868482
0.400000000000 0.600000000000 0.000028671642
0.400000000000 0.612500000000 0.000027465608
0.400000000000 0.625000000000 0.000026265256
0.400000000000 0.637500000000 0.000025080612
0.400000000000 0.650000000000 0.000023918138
0.400000000000 0.662500000000 0.000022781733
0.400000000000 0.675000000000 0.000021673496
0.400000000000 0.687500000000 0.000020594277
0.400000000000 0.700000000000 0.000019544068
0.400000000000 0.712500000000 0.000018522309
0.400000000000 0.725000000000 0.000017528072
0.400000000000 0.737500000000 0.000016560187
0.400000000000 0.750000000000 0.000015617346
0.400000000000 0.762500000000 0.000014698186
0.400000000000 0.775000000000 0.000013801304
0.400000000000 0.787500000000 0.000012925303
0.400000000000 0.800000000000 0.000012068796
0.400000000000 0.812500000000 0.000011230437
0.400000000000 0.825000000000 0.000010408887
0.400000000000 0.837500000000 0.000009602846
0.400000000000 0.850000000000 0.000008811041
0.400000000000 0.862500000000 0.000008032255
0.400000000000 0.875000000000 0.000007265285
0.400000000000 0.887500000000 0.000006508972
0.400000000000 0.900000000000 0.000005762176
0.400000000000 0.912500000000 0.000005023772
0.400000000000 0.925000000000 0.000004292667
0.400000000000 0.937500000000 0.000003567784
0.400000000000 0.950000000000 0.000002848067
0.400000000000 0.962500000000 0.000002132467
0.400000000000 0.975000000000 0.000001419941
0.400000000000 0.987500000000 0.000000709464
0.400000000000 1.000000000000 0.000000000000

0.412500000000 0.000000000000 0.000000000000
0.412500000000 0.012500000000 0.000000720697
0.412500000000 0.025000000000 0.000001442473
0.412500000000 0.037500000000 0.000002166405
0.412500000000 0.050000000000 0.000002893582
0.412500000000 0.062500000000 0.000003625096
0.412500000000 0.075000000000 0.000004362064
0.412500000000 0.087500000000 0.000005105616
0.412500000000 0.100000000000 0.000005856895
0.412500000000 0.112500000000 0.000006617081
0.412500000000 0.125000000000 0.000007387378
0.412500000000 0.137500000000 0.000008169036
0.412500000000 0.150000000000 0.000008963337
0.412500000000 0.162500000000 0.000009771612
0.412500000000 0.175000000000 0.000010595228
0.412500000000 0.187500000000 0.000011435625
0.412500000000 0.200000000000 0.000012294314
0.412500000000 0.212500000000 0.000013172862
0.412500000000 0.225000000000 0.000014072901
0.412500000000 0.237500000000 0.000014996156
0.412500000000 0.250000000000 0.000015944407
0.412500000000 0.262500000000 0.000016919530
0.412500000000 0.275000000000 0.000017923454
0.412500000000 0.287500000000 0.000018958151
0.412500000000 0.300000000000 0.000020025595
0.412500000000 0.312500000000 0.000021127689
0.412500000000 0.325000000000 0.000022266166
0.412500000000 0.337500000000 0.000023442413
0.412500000000 0.350000000000 0.000024657225
0.412500000000 0.362500000000 0.000025910384
0.412500000000 0.375000000000 0.000027200100
0.412500000000 0.387500000000 0.000028522121
0.412500000000 0.400000000000 0.000029868482
0.412500000000 0.412500000000 0.000031225730
0.412500000000 0.425000000000 0.000032572625
0.412500000000 0.437500000000 0.000033877325
0.412500000000 0.450000000000 0.000035094589
0.412500000000 0.462500000000 0.000036164319
0.412500000000 0.475000000000 0.000037013601
0.412500000000 0.487500000000 0.000037565716
0.412500000000 0.500000000000 0.000037758156
0.412500000000 0.512500000000 0.000037565716
0.412500000000 0.525000000000 0.000037013601
0.412500000000 0.537500000000 0.000036164319
0.412500000000 0.550000000000 0.000035094589
0.412500000000 0.562500000000 0.000033877325
0.412500000000 0.575000000000 0.000032572625
0.412500000000 0.587500000000 0.000031225730
0.412500000000 0.600000000000 0.000029868482
0.412500000000 0.612500000000 0.000028522121
0.412500000000 0.625000000000 0.000027200100
0.412500000000 0.637500000000 0.000025910384
0.412500000000 0.650000000000 0.000024657225
0.412500000000 0.662500000000 0.000023442413
0.412500000000 0.675000000000 0.000022266166
0.412500000000 0.687500000000 0.000021127689
0.412500000000 0.700000000000 0.000020025595
0.412500000000 0.712500000000 0.000018958151
0.412500000000 0.725000000000 0.000017923454
0.412500000000 0.737500000000 0.000016919530
0.412500000000 0.750000000000 0.000015944407
0.412500000000 0.762500000000 0.000014996156
0.412500000000 0.775000000000 0.000014072901
0.412500000000 0.787500000000 0.000013172862
0.412500000000 0.800000000000 0.000012294314
0.412500000000 0.812500000000 0.000011435625
0.412500000000 0.825000000000 0.000010595228
0.412500000000 0.837500000000 0.000009771612
0.412500000000 0.850000000000 0.000008963337
0.412500000000 0.862500000000 0.000008169036
0.412500000000 0.875000000000 0.000007387378
0.412500000000 0.887500000000 0.000006617081
0.412500000000 0.900000000000 0.000005856895
0.412500000000 0.912500000000 0.000005105616
0.412500000000 0.925000000000 0.000004362064
0.412500000000 0.937500000000 0.000003625096
0.412500000000 0.950000000000 0.000002893582
0.412500000000 0.962500000000 0.000002166405
0.412500000000 0.975000000000 0.000001442473
0.412500000000 0.987500000000 0.000000720697
0.412500000000 1.000000000000 0.000000000000

0.425000000000 0.000000000000 0.000000000000
0.425000000000 0.012500000000 0.000000730573
0.425000000000 0.025000000000 0.000001462274
0.425000000000 0.037500000000 0.000002196230
0.425000000000 0.050000000000 0.000002933573
0.425000000000 0.062500000000 0.000003675464
0.425000000000 0.075000000000 0.000004423075
0.425000000000 0.087500000000 0.000005177594
0.425000000000 0.100000000000 0.000005940240
0.425000000000 0.112500000000 0.000006712261
0.425000000000 0.125000000000 0.000007494937
0.425000000000 0.137500000000 0.000008289621
0.425000000000 0.150000000000 0.000009097710
0.425000000000 0.162500000000 0.000009920648
0.425000000000 0.175000000000 0.000010759958
0.425000000000 0.187500000000 0.000011617232
0.425000000000 0.200000000000 0.000012494168
0.425000000000 0.212500000000 0.000013392581
0.425000000000 0.225000000000 0.000014314379
0.425000000000 0.237500000000 0.000015261605
0.425000000000 0.250000000000 0.000016236441
0.425000000000 0.262500000000 0.000017241240
0.425000000000 0.275000000000 0.000018278508
0.425000000000 0.287500000000 0.000019350931
0.425000000000 0.300000000000 0.000020461351
0.425000000000 0.312500000000 0.000021612747
0.425000000000 0.325000000000 0.000022808189
0.425000000000 0.337500000000 0.000024050700
0.425000000000 0.350000000000 0.000025343100
0.425000000000 0.362500000000 0.000026687661
0.425000000000 0.375000000000 0.000028085573
0.425000000000 0.387500000000 0.000029536058
0.425000000000 0.400000000000 0.000031034975
0.425000000000 0.412500000000 0.000032572625
0.425000000000 0.425000000000 0.000034130504
0.425000000000 0.437500000000 0.000035676660
0.425000000000 0.450000000000 0.000037159851
0.425000000000 0.462500000000 0.000038503798
0.425000000000 0.475000000000 0.000039605027
0.425000000000 0.487500000000 0.000040341856
0.425000000000 0.500000000000 0.000040603852
0.425000000000 0.512500000000 0.000040341856
0.425000000000 0.525000000000 0.000039605027
0.425000000000 0.537500000000 0.000038503798
0.425000000000 0.550000000000 0.000037159851
0.425000000000 0.562500000000 0.000035676660
0.425000000000 0.575000000000 0.000034130504
0.425000000000 0.587500000000 0.000032572625
0.425000000000 0.600000000000 0.000031034975
0.425000000000 0.612500000000 0.000029536058
0.425000000000 0.625000000000 0.000028085573
0.425000000000 0.637500000000 0.000026687661
0.425000000000 0.650000000000 0.000025343100
0.425000000000 0.662500000000 0.000024050700
0.425000000000 0.675000000000 0.000022808189
0.425000000000 0.687500000000 0.000021612747
0.425000000000 0.700000000000 0.000020461351
0.425000000000 0.712500000000 0.000019350931
0.425000000000 0.725000000000 0.000018278508
0.425000000000 0.737500000000 0.000017241240
0.425000000000 0.750000000000 0.000016236441
0.425000000000 0.762500000000 0.000015261605
0.425000000000 0.775000000000 0.000014314379
0.425000000000 0.787500000000 0.000013392581
0.425000000000 0.800000000000 0.000012494168
0.425000000000 0.812500000000 0.000011617232
0.425000000000 0.825000000000 0.000010759958
0.425000000000 0.837500000000 0.000009920648
0.425000000000 0.850000000000 0.000009097710
0.425000000000 0.862500000000 0.000008289621
0.425000000000 0.875000000000 0.000007494937
0.425000000000 0.887500000000 0.000006712261
0.425000000000 0.900000000000 0.000005940240
0.425000000000 0.912500000000 0.000005177594
0.425000000000 0.925000000000 0.000004423075
0.425000000000 0.937500000000 0.000003675464
0.425000000000 0.950000000000 0.000002933573
0.425000000000 0.962500000000 0.000002196230
0.425000000000 0.975000000000 0.000001462274
0.425000000000 0.987500000000 0.000000730573
0.425000000000 1.000000000000 0.000000000000

0.437500000000 0.000000000000 0.000000000000
0.437500000000 0.012500000000 0.000000739030
0.437500000000 0.025000000000 0.000001479228
0.437500000000 0.037500000000 0.000002221762
0.437500000000 0.050000000000 0.000002967828
0.437500000000 0.062500000000 0.000003718617
0.437500000000 0.075000000000 0.000004475352
0.437500000000 0.087500000000 0.000005239289
0.437500000000 0.100000000000 0.000006011699
0.437500000000 0.112500000000 0.000006793897
0.437500000000 0.125000000000 0.000007587257
0.437500000000 0.137500000000 0.000008393193
0.437500000000 0.150000000000 0.000009213206
0.437500000000 0.162500000000 0.000010048847
0.437500000000 0.175000000000 0.000010901776
0.437500000000 0.187500000000 0.000011773734
0.437500000000 0.200000000000 0.000012666614
0.437500000000 0.212500000000 0.000013582423
0.437500000000 0.225000000000 0.000014523346
0.437500000000 0.237500000000 0.000015491729
0.437500000000 0.250000000000 0.000016490144
0.437500000000 0.262500000000 0.000017521401
0.437500000000 0.275000000000 0.000018588592
0.437500000000 0.287500000000 0.000019695103
0.437500000000 0.300000000000 0.000020844667
0.437500000000 0.312500000000 0.000022041412
0.437500000000 0.325000000000 0.000023289824
0.437500000000 0.337500000000 0.000024594758
0.437500000000 0.350000000000 0.000025961382
0.437500000000 0.362500000000 0.000027394990
0.437500000000 0.375000000000 0.000028900632
0.437500000000 0.387500000000 0.000030482412
0.437500000000 0.400000000000 0.000032142198
0.437500000000 0.412500000000 0.000033877325
0.437500000000 0.425000000000 0.000035676660
0.437500000000 0.437500000000 0.000037514003
0.437500000000 0.450000000000 0.000039337973
0.437500000000 0.462500000000 0.000041058278
0.437500000000 0.475000000000 0.000042532055
0.437500000000 0.487500000000 0.000043563297
0.437500000000 0.500000000000 0.000043943721
0.437500000000 0.512500000000 0.000043563297
0.437500000000 0.525000000000 0.000042532055
0.437500000000 0.537500000000 0.000041058278
0.437500000000 0.550000000000 0.000039337973
0.437500000000 0.562500000000 0.000037514003
0.437500000000 0.575000000000 0.000035676660
0.437500000000 0.587500000000 0.000033877325
0.437500000000 0.600000000000 0.000032142198
0.437500000000 0.612500000000 0.000030482412
0.437500000000 0.625000000000 0.000028900632
0.437500000000 0.637500000000 0.000027394990
0.437500000000 0.650000000000 0.000025961382
0.437500000000 0.662500000000 0.000024594758
0.437500000000 0.675000000000 0.000023289824
0.437500000000 0.687500000000 0.000022041412
0.437500000000 0.700000000000 0.000020844667
0.437500000000 0.712500000000 0.000019695103
0.437500000000 0.725000000000 0.000018588592
0.437500000000 0.737500000000 0.000017521401
0.437500000000 0.750000000000 0.000016490144
0.437500000000 0.762500000000 0.000015491729
0.437500000000 0.775000000000 0.000014523346
0.437500000000 0.787500000000 0.000013582423
0.437500000000 0.800000000000 0.000012666614
0.437500000000 0.812500000000 0.000011773734
0.437500000000 0.825000000000 0.000010901776
0.437500000000 0.837500000000 0.000010048847
0.437500000000 0.850000000000 0.000009213206
0.437500000000 0.862500000000 0.000008393193
0.437500000000 0.875000000000 0.000007587257
0.437500000000 0.887500000000 0.000006793897
0.437500000000 0.900000000000 0.000006011699
0.437500000000 0.912500000000 0.000005239289
0.437500000000 0.925000000000 0.000004475352
0.437500000000 0.937500000000 0.000003718617
0.437500000000 0.950000000000 0.000002967828
0.437500000000 0.962500000000 0.000002221762
0.437500000000 0.975000000000 0.000001479228
0.437500000000 0.987500000000 0.000000739030
0.437500000000 1.000000000000 0.000000000000

0.450000000000 0.000000000000 0.000000000000
0.450000000000 0.012500000000 0.000000746018
0.450000000000 0.025000000000 0.000001493234
0.450000000000 0.037500000000 0.000002242868
0.450000000000 0.050000000000 0.000002996138
0.450000000000 0.062500000000 0.000003754290
0.450000000000 0.075000000000 0.000004518581
0.450000000000 0.087500000000 0.000005290311
0.450000000000 0.100000000000 0.000006070817
0.450000000000 0.112500000000 0.000006861470
0.450000000000 0.125000000000 0.000007663702
0.450000000000 0.137500000000 0.000008479003
0.450000000000 0.150000000000 0.000009308945
0.450000000000 0.162500000000 0.000010155198
0.450000000000 0.175000000000 0.000011019513
0.450000000000 0.187500000000 0.000011903787
0.450000000000 0.200000000000 0.000012810059
0.450000000000 0.212500000000 0.000013740537
0.450000000000 0.225000000000 0.000014697623
0.450000000000 0.237500000000 0.000015683959
0.450000000000 0.250000000000 0.000016702462
0.450000000000 0.262500000000 0.000017756372
0.450000000000 0.275000000000 0.000018849308
0.450000000000 0.287500000000 0.000019985337
0.450000000000 0.300000000000 0.000021169064
0.450000000000 0.312500000000 0.000022405714
0.450000000000 0.325000000000 0.000023701215
0.450000000000 0.337500000000 0.000025062316
0.450000000000 0.350000000000 0.000026496711
0.450000000000 0.362500000000 0.000028013063
0.450000000000 0.375000000000 0.000029620971
0.450000000000 0.387500000000 0.000031330719
0.450000000000 0.400000000000 0.000033152477
0.450000000000 0.412500000000 0.000035094589
0.450000000000 0.425000000000 0.000037159851
0.450000000000 0.437500000000 0.000039337973
0.450000000000 0.450000000000 0.000041591212
0.450000000000 0.462500000000 0.000043829062
0.450000000000 0.475000000000 0.000045869893
0.450000000000 0.487500000000 0.000047402785
0.450000000000 0.500000000000 0.000048011254
0.450000000000 0.512500000000 0.000047402785
0.450000000000 0.525000000000 0.000045869893
0.450000000000 0.537500000000 0.000043829062
0.450000000000 0.550000000000 0.000041591212
0.450000000000 0.562500000000 0.000039337973
0.450000000000 0.575000000000 0.000037159851
0.450000000000 0.587500000000 0.000035094589
0.450000000000 0.600000000000 0.000033152477
0.450000000000 0.612500000000 0.000031330719
0.450000000000 0.625000000000 0.000029620971
0.450000000000 0.637500000000 0.000028013063
0.450000000000 0.650000000000 0.000026496711
0.450000000000 0.662500000000 0.000025062316
0.450000000000 0.675000000000 0.000023701215
0.450000000000 0.687500000000 0.000022405714
0.450000000000 0.700000000000 0.000021169064
0.450000000000 0.712500000000 0.000019985337
0.450000000000 0.725000000000 0.000018849308
0.450000000000 0.737500000000 0.000017756372
0.450000000000 0.750000000000 0.000016702462
0.450000000000 0.762500000000 0.000015683959
0.450000000000 0.775000000000 0.000014697623
0.450000000000 0.787500000000 0.000013740537
0.450000000000 0.800000000000 0.000012810059
0.450000000000 0.812500000000 0.000011903787
0.450000000000 0.825000000000 0.000011019513
0.450000000000 0.837500000000 0.000010155198
0.450000000000 0.850000000000 0.000009308945
0.450000000000 0.862500000000 0.000008479003
0.450000000000 0.875000000000 0.000007663702
0.450000000000 0.887500000000 0.000006861470
0.450000000000 0.900000000000 0.000006070817
0.450000000000 0.912500000000 0.000005290311
0.450000000000 0.925000000000 0.000004518581
0.450000000000 0.937500000000 0.000003754290
0.450000000000 0.950000000000 0.000002996138
0.450000000000 0.962500000000 0.000002242868
0.450000000000 0.975000000000 0.000001493234
0.450000000000 0.987500000000 0.000000746018
0.450000000000 1.000000000000 0.000000000000

0.462500000000 0.000000000000 0.000000000000
0.462500000000 0.012500000000 0.000000751492
0.462500000000 0.025000000000 0.000001504220
0.462500000000 0.037500000000 0.000002259416
0.462500000000 0.050000000000 0.000003018341
0.462500000000 0.062500000000 0.000003782261
0.462500000000 0.075000000000 0.000004552484
0.462500000000 0.087500000000 0.000005330335
0.462500000000 0.100000000000 0.000006117205
0.462500000000 0.112500000000 0.000006914518
0.462500000000 0.125000000000 0.000007723740
0.462500000000 0.137500000000 0.000008546422
0.462500000000 0.150000000000 0.000009384209
0.462500000000 0.162500000000 0.000010238845
0.462500000000 0.175000000000 0.000011112179
0.462500000000 0.187500000000 0.000012006218
0.462500000000 0.200000000000 0.000012923141
0.462500000000 0.212500000000 0.000013865304
0.462500000000 0.225000000000 0.000014835308
0.462500000000 0.237500000000 0.000015836030
0.462500000000 0.250000000000 0.000016870687
0.462500000000 0.262500000000 0.000017942877
0.462500000000 0.275000000000 0.000019056694
0.462500000000 0.287500000000 0.000020216793
0.462500000000 0.300000000000 0.000021428539
0.462500000000 0.312500000000 0.000022698167
0.462500000000 0.325000000000 0.000024032930
0.462500000000 0.337500000000 0.000025441374
0.462500000000 0.350000000000 0.000026933638
0.462500000000 0.362500000000 0.000028521788
0.462500000000 0.375000000000 0.000030220242
0.462500000000 0.387500000000 0.000032046190
0.462500000000 0.400000000000 0.000034019858
0.462500000000 0.412500000000 0.000036164319
0.462500000000 0.425000000000 0.000038503798
0.462500000000 0.437500000000 0.000041058278
0.462500000000 0.450000000000 0.000043829062
0.462500000000 0.462500000000 0.000046763821
0.462500000000 0.475000000000 0.000049680566
0.462500000000 0.487500000000 0.000052130029
0.462500000000 0.500000000000 0.000053258413
0.462500000000 0.512500000000 0.000052130029
0.462500000000 0.525000000000 0.000049680566
0.462500000000 0.537500000000 0.000046763821
0.462500000000 0.550000000000 0.000043829062
0.462500000000 0.562500000000 0.000041058278
0.462500000000 0.575000000000 0.000038503798
0.462500000000 0.587500000000 0.000036164319
0.462500000000 0.600000000000 0.000034019858
0.462500000000 0.612500000000 0.000032046190
0.462500000000 0.625000000000 0.000030220242
0.462500000000 0.637500000000 0.000028521788
0.462500000000 0.650000000000 0.000026933638
0.462500000000 0.662500000000 0.000025441374
0.462500000000 0.675000000000 0.000024032930
0.462500000000 0.687500000000 0.000022698167
0.462500000000 0.700000000000 0.000021428539
0.462500000000 0.712500000000 0.000020216793
0.462500000000 0.725000000000 0.000019056694
0.462500000000 0.737500000000 0.000017942877
0.462500000000 0.750000000000 0.000016870687
0.462500000000 0.762500000000 0.000015836030
0.462500000000 0.775000000000 0.000014835308
0.462500000000 0.787500000000 0.000013865304
0.462500000000 0.800000000000 0.000012923141
0.462500000000 0.812500000000 0.000012006218
0.462500000000 0.825000000000 0.000011112179
0.462500000000 0.837500000000 0.000010238845
0.462500000000 0.850000000000 0.000009384209
0.462500000000 0.862500000000 0.000008546422
0.462500000000 0.875000000000 0.000007723740
0.462500000000 0.887500000000 0.000006914518
0.462500000000 0.900000000000 0.000006117205
0.462500000000 0.912500000000 0.000005330335
0.462500000000 0.925000000000 0.000004552484
0.462500000000 0.937500000000 0.000003782261
0.462500000000 0.950000000000 0.000003018341
0.462500000000 0.962500000000 0.000002259416
0.462500000000 0.975000000000 0.000001504220
0.462500000000 0.987500000000 0.000000751492
0.462500000000 1.000000000000 0.000000000000

0.475000000000 0.000000000000 0.000000000000
0.475000000000 0.012500000000 0.000000755430
0.475000000000 0.025000000000 0.000001512108
0.475000000000 0.037500000000 0.000002271304
0.475000000000 0.050000000000 0.000003034290
0.475000000000 0.062500000000 0.000003802363
0.475000000000 0.075000000000 0.000004576849
0.475000000000 0.087500000000 0.000005359112
0.475000000000 0.100000000000 0.000006150570
0.475000000000 0.112500000000 0.000006952675
0.475000000000 0.125000000000 0.000007766928
0.475000000000 0.137500000000 0.000008594934
0.475000000000 0.150000000000 0.000009438397
0.475000000000 0.162500000000 0.000010299103
0.475000000000 0.175000000000 0.000011178966
0.475000000000 0.187500000000 0.000012080087
0.475000000000 0.200000000000 0.000013004739
0.475000000000 0.212500000000 0.000013955406
0.475000000000 0.225000000000 0.000014934830
0.475000000000 0.237500000000 0.000015946066
0.475000000000 0.250000000000 0.000016992552
0.475000000000 0.262500000000 0.000018078180
0.475000000000 0.275000000000 0.000019207400
0.475000000000 0.287500000000 0.000020385325
0.475000000000 0.300000000000 0.000021617927
0.475000000000 0.312500000000 0.000022912242
0.475000000000 0.325000000000 0.000024276610
0.475000000000 0.337500000000 0.000025721074
0.475000000000 0.350000000000 0.000027257839
0.475000000000 0.362500000000 0.000028901958
0.475000000000 0.375000000000 0.000030672231
0.475000000000 0.387500000000 0.000032592452
0.475000000000 0.400000000000 0.000034693094
0.475000000000 0.412500000000 0.000037013601
0.475000000000 0.425000000000 0.000039605027
0.475000000000 0.437500000000 0.000042532055
0.475000000000 0.450000000000 0.000045869893
0.475000000000 0.462500000000 0.000049680566
0.475000000000 0.475000000000 0.000053919538
0.475000000000 0.487500000000 0.000058136838
0.475000000000 0.500000000000 0.000060719663
0.475000000000 0.512500000000 0.000058136838
0.475000000000 0.525000000000 0.000053919538
0.475000000000 0.537500000000 0.000049680566
0.475000000000 0.550000000000 0.000045869893
0.475000000000 0.562500000000 0.000042532055
0.475000000000 0.575000000000 0.000039605027
0.475000000000 0.587500000000 0.000037013601
0.475000000000 0.600000000000 0.000034693094
0.475000000000 0.612500000000 0.000032592452
0.475000000000 0.625000000000 0.000030672231
0.475000000000 0.637500000000 0.000028901958
0.475000000000 0.650000000000 0.000027257839
0.475000000000 0.662500000000 0.000025721074
0.475000000000 0.675000000000 0.000024276610
0.475000000000 0.687500000000 0.000022912242
0.475000000000 0.700000000000 0.000021617927
0.475000000000 0.712500000000 0.000020385325
0.475000000000 0.725000000000 0.000019207400
0.475000000000 0.737500000000 0.000018078180
0.475000000000 0.750000000000 0.000016992552
0.475000000000 0.762500000000 0.000015946066
0.475000000000 0.775000000000 0.000014934830
0.475000000000 0.787500000000 0.000013955406
0.475000000000 0.800000000000 0.000013004739
0.475000000000 0.812500000000 0.000012080087
0.475000000000 0.825000000000 0.000011178966
0.475000000000 0.837500000000 0.000010299103
0.475000000000 0.850000000000 0.000009438397
0.475000000000 0.862500000000 0.000008594934
0.475000000000 0.875000000000 0.000007766928
0.475000000000 0.887500000000 0.000006952675
0.475000000000 0.900000000000 0.000006150570
0.475000000000 0.912500000000 0.000005359112
0.475000000000 0.925000000000 0.000004576849
0.475000000000 0.937500000000 0.000003802363
0.475000000000 0.950000000000 0.000003034290
0.475000000000 0.962500000000 0.000002271304
0.475000000000 0.975000000000 0.000001512108
0.475000000000 0.987500000000 0.000000755430
0.475000000000 1.000000000000 0.000000000000

0.487500000000 0.000000000000 0.000000000000
0.487500000000 0.012500000000 0.000000757800
0.487500000000 0.025000000000 0.000001516859
0.487500000000 0.037500000000 0.000002278467
0.487500000000 0.050000000000 0.000003043905
0.487500000000 0.062500000000 0.000003814477
0.487500000000 0.075000000000 0.000004591534
0.487500000000 0.087500000000 0.000005376465
0.487500000000 0.100000000000 0.000006170683
0.487500000000 0.112500000000 0.000006975670
0.487500000000 0.125000000000 0.000007792959
0.487500000000 0.137500000000 0.000008624186
0.487500000000 0.150000000000 0.000009471080
0.487500000000 0.162500000000 0.000010335457
0.487500000000 0.175000000000 0.000011219280
0.487500000000 0.187500000000 0.000012124693
0.487500000000 0.200000000000 0.000013054032
0.487500000000 0.212500000000 0.000014009863
0.487500000000 0.225000000000 0.000014995015
0.487500000000 0.237500000000 0.000016012660
0.487500000000 0.250000000000 0.000017066375
0.487500000000 0.262500000000 0.000018160230
0.487500000000 0.275000000000 0.000019298891
0.487500000000 0.287500000000 0.000020487772
0.487500000000 0.300000000000 0.000021733241
0.487500000000 0.312500000000 0.000023042854
0.487500000000 0.325000000000 0.000024425662
0.487500000000 0.337500000000 0.000025892694
0.487500000000 0.350000000000 0.000027457559
0.487500000000 0.362500000000 0.000029137377
0.487500000000 0.375000000000 0.000030954062
0.487500000000 0.387500000000 0.000032936281
0.487500000000 0.400000000000 0.000035122465
0.487500000000 0.412500000000 0.000037565716
0.487500000000 0.425000000000 0.000040341856
0.487500000000 0.437500000000 0.000043563297
0.487500000000 0.450000000000 0.000047402785
0.487500000000 0.462500000000 0.000052130029
0.487500000000 0.475000000000 0.000058136838
0.487500000000 0.487500000000 0.000065730404
0.487500000000 0.500000000000 0.000073296158
0.487500000000 0.512500000000 0.000065730404
0.487500000000 0.525000000000 0.000058136838
0.487500000000 0.537500000000 0.000052130029
0.487500000000 0.550000000000 0.000047402785
0.487500000000 0.562500000000 0.000043563297
0.487500000000 0.575000000000 0.000040341856
0.487500000000 0.587500000000 0.000037565716
0.487500000000 0.600000000000 0.000035122465
0.487500000000 0.612500000000 0.000032936281
0.487500000000 0.625000000000 0.000030954062
0.487500000000 0.637500000000 0.000029137377
0.487500000000 0.650000000000 0.000027457559
0.487500000000 0.662500000000 0.000025892694
0.487500000000 0.675000000000 0.000024425662
0.487500000000 0.687500000000 0.000023042854
0.487500000000 0.700000000000 0.000021733241
0.487500000000 0.712500000000 0.000020487772
0.487500000000 0.725000000000 0.000019298891
0.487500000000 0.737500000000 0.000018160230
0.487500000000 0.750000000000 0.000017066375
0.487500000000 0.762500000000 0.000016012660
0.487500000000 0.775000000000 0.000014995015
0.487500000000 0.787500000000 0.000014009863
0.487500000000 0.800000000000 0.000013054032
0.487500000000 0.812500000000 0.000012124693
0.487500000000 0.825000000000 0.000011219280
0.487500000000 0.837500000000 0.000010335457
0.487500000000 0.850000000000 0.000009471080
0.487500000000 0.862500000000 0.000008624186
0.487500000000 0.875000000000 0.000007792959
0.487500000000 0.887500000000 0.000006975670
0.487500000000 0.900000000000 0.000006170683
0.487500000000 0.912500000000 0.000005376465
0.487500000000 0.925000000000 0.000004591534
0.487500000000 0.937500000000 0.000003814477
0.487500000000 0.950000000000 0.000003043905
0.487500000000 0.962500000000 0.000002278467
0.487500000000 0.975000000000 0.000001516859
0.487500000000 0.987500000000 0.000000757800
0.487500000000 1.000000000000 0.000000000000

0.500000000000 0.000000000000 0.000000000000
0.500000000000 0.012500000000 0.000000758592
0.500000000000 0.025000000000 0.000001518446
0.500000000000 0.037500000000 0.000002280853
0.500000000000 0.050000000000 0.000003047116
0.500000000000 0.062500000000 0.000003818524
0.500000000000 0.075000000000 0.000004596444
0.500000000000 0.087500000000 0.000005382260
0.500000000000 0.100000000000 0.000006177402
0.500000000000 0.112500000000 0.000006983360
0.500000000000 0.125000000000 0.000007801661
0.500000000000 0.137500000000 0.000008633962
0.500000000000 0.150000000000 0.000009482004
0.500000000000 0.162500000000 0.000010347607
0.500000000000 0.175000000000 0.000011232759
0.500000000000 0.187500000000 0.000012139603
0.500000000000 0.200000000000 0.000013070515
0.500000000000 0.212500000000 0.000014028080
0.500000000000 0.225000000000 0.000015015158
0.500000000000 0.237500000000 0.000016034951
0.500000000000 0.250000000000 0.000017091101
0.500000000000 0.262500000000 0.000018187726
0.500000000000 0.275000000000 0.000019329569
0.500000000000 0.287500000000 0.000020522152
0.500000000000 0.300000000000 0.000021771974
0.500000000000 0.312500000000 0.000023086767
0.500000000000 0.325000000000 0.000024475838
0.500000000000 0.337500000000 0.000025950562
0.500000000000 0.350000000000 0.000027525048
0.500000000000 0.362500000000 0.000029217147
0.500000000000 0.375000000000 0.000031049909
0.500000000000 0.387500000000 0.000033053817
0.500000000000 0.400000000000 0.000035270359
0.500000000000 0.412500000000 0.000037758156
0.500000000000 0.425000000000 0.000040603852
0.500000000000 0.437500000000 0.000043943721
0.500000000000 0.450000000000 0.000048011254
0.500000000000 0.462500000000 0.000053258413
0.500000000000 0.475000000000 0.000060719663
0.500000000000 0.487500000000 0.000073296158
0.500000000000 0.500000000000 0.000100940622
0.500000000000 0.512500000000 0.000073296158
0.500000000000 0.525000000000 0.000060719663
0.500000000000 0.537500000000 0.000053258413
0.500000000000 0.550000000000 0.000048011254
0.500000000000 0.562500000000 0.000043943721
0.500000000000 0.575000000000 0.000040603852
0.500000000000 0.587500000000 0.000037758156
0.500000000000 0.600000000000 0.000035270359
0.500000000000 0.612500000000 0.000033053817
0.500000000000 0.625000000000 0.000031049909
0.500000000000 0.637500000000 0.000029217147
0.500000000000 0.650000000000 0.000027525048
0.500000000000 0.662500000000 0.000025950562
0.500000000000 0.675000000000 0.000024475838
0.500000000000 0.687500000000 0.000023086767
0.500000000000 0.700000000000 0.000021771974
0.500000000000 0.712500000000 0.000020522152
0.500000000000 0.725000000000 0.000019329569
0.500000000000 0.737500000000 0.000018187726
0.500000000000 0.750000000000 0.000017091101
0.500000000000 0.762500000000 0.000016034951
0.500000000000 0.775000000000 0.000015015158
0.500000000000 0.787500000000 0.000014028080
0.500000000000 0.800000000000 0.000013070515
0.500000000000 0.812500000000 0.000012139603
0.500000000000 0.825000000000 0.000011232759
0.500000000000 0.837500000000 0.000010347607
0.500000000000 0.850000000000 0.000009482004
0.500000000000 0.862500000000 0.000008633962
0.500000000000 0.875000000000 0.000007801661
0.500000000000 0.887500000000 0.000006983360
0.500000000000 0.900000000000 0.000006177402
0.500000000000 0.912500000000 0.000005382260
0.500000000000 0.925000000000 0.000004596444
0.500000000000 0.937500000000 0.000003818524
0.500000000000 0.950000000000 0.000003047116
0.500000000000 0.962500000000 0.000002280853
0.500000000000 0.975000000000 0.000001518446
0.500000000000 0.987500000000 0.000000758592
0.500000000000 1.000000000000 0.000000000000

0.512500000000 0.000000000000 0.000000000000
0.512500000000 0.012500000000 0.000000757800
0.512500000000 0.025000000000 0.000001516859
0.512500000000 0.037500000000 0.000002278467
0.512500000000 0.050000000000 0.000003043905
0.512500000000 0.062500000000 0.000003814477
0.512500000000 0.075000000000 0.000004591534
0.512500000000 0.087500000000 0.000005376465
0.512500000000 0.100000000000 0.000006170683
0.512500000000 0.112500000000 0.000006975670
0.512500000000 0.125000000000 0.000007792959
0.512500000000 0.137500000000 0.000008624186
0.512500000000 0.150000000000 0.000009471080
0.512500000000 0.162500000000 0.000010335457
0.512500000000 0.175000000000 0.000011219280
0.512500000000 0.187500000000 0.000012124693
0.512500000000 0.200000000000 0.000013054032
0.512500000000 0.212500000000 0.000014009863
0.512500000000 0.225000000000 0.000014995015
0.512500000000 0.237500000000 0.000016012660
0.512500000000 0.250000000000 0.000017066375
0.512500000000 0.262500000000 0.000018160230
0.512500000000 0.275000000000 0.000019298891
0.512500000000 0.287500000000 0.000020487772
0.512500000000 0.300000000000 0.000021733241
0.512500000000 0.312500000000 0.000023042854
0.512500000000 0.325000000000 0.000024425662
0.512500000000 0.337500000000 0.000025892694
0.512500000000 0.350000000000 0.000027457559
0.512500000000 0.362500000000 0.000029137377
0.512500000000 0.375000000000 0.000030954062
0.512500000000 0.387500000000 0.000032936281
0.512500000000 0.400000000000 0.000035122465
0.512500000000 0.412500000000 0.000037565716
0.512500000000 0.425000000000 0.000040341856
0.512500000000 0.437500000000 0.000043563297
0.512500000000 0.450000000000 0.000047402785
0.512500000000 0.462500000000 0.000052130029
0.512500000000 0.475000000000 0.000058136838
0.512500000000 0.487500000000 0.000065730404
0.512500000000 0.500000000000 0.000073296158
0.512500000000 0.512500000000 0.000065730404
0.512500000000 0.525000000000 0.000058136838
0.512500000000 0.537500000000 0.000052130029
0.512500000000 0.550000000000 0.000047402785
0.512500000000 0.562500000000 0.000043563297
0.512500000000 0.575000000000 0.000040341856
0.512500000000 0.587500000000 0.000037565716
0.512500000000 0.600000000000 0.000035122465
0.512500000000 0.612500000000 0.000032936281
0.512500000000 0.625000000000 0.000030954062
0.512500000000 0.637500000000 0.000029137377
0.512500000000 0.650000000000 0.000027457559
0.512500000000 0.662500000000 0.000025892694
0.512500000000 0.675000000000 0.000024425662
0.512500000000 0.687500000000 0.000023042854
0.512500000000 0.700000000000 0.000021733241
0.512500000000 0.712500000000 0.000020487772
0.512500000000 0.725000000000 0.000019298891
0.512500000000 0.737500000000 0.000018160230
0.512500000000 0.750000000000 0.000017066375
0.512500000000 0.762500000000 0.000016012660
0.512500000000 0.775000000000 0.000014995015
0.512500000000 0.787500000000 0.000014009863
0.512500000000 0.800000000000 0.000013054032
0.512500000000 0.812500000000 0.000012124693
0.512500000000 0.825000000000 0.000011219280
0.512500000000 0.837500000000 0.000010335457
0.512500000000 0.850000000000 0.000009471080
0.512500000000 0.862500000000 0.000008624186
0.512500000000 0.875000000000 0.000007792959
0.512500000000 0.887500000000 0.000006975670
0.512500000000 0.900000000000 0.000006170683
0.512500000000 0.912500000000 0.000005376465
0.512500000000 0.925000000000 0.000004591534
0.512500000000 0.937500000000 0.000003814477
0.512500000000 0.950000000000 0.000003043905
0.512500000000 0.962500000000 0.000002278467
0.512500000000 0.975000000000 0.000001516859
0.512500000000 0.987500000000 0.000000757800
0.512500000000 1.000000000000 0.000000000000

0.525000000000 0.000000000000 0.000000000000
0.525000000000 0.012500000000 0.000000755430
0.525000000000 0.025000000000 0.000001512108
0.525000000000 0.037500000000 0.000002271304
0.525000000000 0.050000000000 0.000003034290
0.525000000000 0.062500000000 0.000003802363
0.525000000000 0.075000000000 0.000004576849
0.525000000000 0.087500000000 0.000005359112
0.525000000000 0.100000000000 0.000006150570
0.525000000000 0.112500000000 0.000006952675
0.525000000000 0.125000000000 0.000007766928
0.525000000000 0.137500000000 0.000008594934
0.525000000000 0.150000000000 0.000009438397
0.525000000000 0.162500000000 0.000010299103
0.525000000000 0.175000000000 0.000011178966
0.525000000000 0.187500000000 0.000012080087
0.525000000000 0.200000000000 0.000013004739
0.525000000000 0.212500000000 0.000013955406
0.525000000000 0.225000000000 0.000014934830
0.525000000000 0.237500000000 0.000015946066
0.525000000000 0.250000000000 0.000016992552
0.525000000000 0.262500000000 0.000018078180
0.525000000000 0.275000000000 0.000019207400
0.525000000000 0.287500000000 0.000020385325
0.525000000000 0.300000000000 0.000021617927
0.525000000000 0.312500000000 0.000022912242
0.525000000000 0.325000000000 0.000024276610
0.525000000000 0.337500000000 0.000025721074
0.525000000000 0.350000000000 0.000027257839
0.525000000000 0.362500000000 0.000028901958
0.525000000000 0.375000000000 0.000030672231
0.525000000000 0.387500000000 0.000032592452
0.525000000000 0.400000000000 0.000034693094
0.525000000000 0.412500000000 0.000037013601
0.525000000000 0.425000000000 0.000039605027
0.525000000000 0.437500000000 0.000042532055
0.525000000000 0.450000000000 0.000045869893
0.525000000000 0.462500000000 0.000049680566
0.525000000000 0.475000000000 0.000053919538
0.525000000000 0.487500000000 0.000058136838
0.525000000000 0.500000000000 0.000060719663
0.525000000000 0.512500000000 0.000058136838
0.525000000000 0.525000000000 0.000053919538
0.525000000000 0.537500000000 0.000049680566
0.525000000000 0.550000000000 0.000045869893
0.525000000000 0.562500000000 0.000042532055
0.525000000000 0.575000000000 0.000039605027
0.525000000000 0.587500000000 0.000037013601
0.525000000000 0.600000000000 0.000034693094
0.525000000000 0.612500000000 0.000032592452
0.525000000000 0.625000000000 0.000030672231
0.525000000000 0.637500000000 0.000028901958
0.525000000000 0.650000000000 0.000027257839
0.525000000000 0.662500000000 0.000025721074
0.525000000000 0.675000000000 0.000024276610
0.525000000000 0.687500000000 0.000022912242
0.525000000000 0.700000000000 0.000021617927
0.525000000000 0.712500000000 0.000020385325
0.525000000000 0.725000000000 0.000019207400
0.525000000000 0.737500000000 0.000018078180
0.525000000000 0.750000000000 0.000016992552
0.525000000000 0.762500000000 0.000015946066
0.525000000000 0.775000000000 0.000014934830
0.525000000000 0.787500000000 0.000013955406
0.525000000000 0.800000000000 0.000013004739
0.525000000000 0.812500000000 0.000012080087
0.525000000000 0.825000000000 0.000011178966
0.525000000000 0.837500000000 0.000010299103
0.525000000000 0.850000000000 0.000009438397
0.525000000000 0.862500000000 0.000008594934
0.525000000000 0.875000000000 0.000007766928
0.525000000000 0.887500000000 0.000006952675
0.525000000000 0.900000000000 0.000006150570
0.525000000000 0.912500000000 0.000005359112
0.525000000000 0.925000000000 0.000004576849
0.525000000000 0.937500000000 0.000003802363
0.525000000000 0.950000000000 0.000003034290
0.525000000000 0.962500000000 0.000002271304
0.525000000000 0.975000000000 0.000001512108
0.525000000000 0.987500000000 0.000000755430
0.525000000000 1.000000000000 0.000000000000

0.537500000000 0.000000000000 0.000000000000
0.537500000000 0.012500000000 0.000000751492
0.537500000000 0.025000000000 0.000001504220
0.537500000000 0.037500000000 0.000002259416
0.537500000000 0.050000000000 0.000003018341
0.537500000000 0.062500000000 0.000003782261
0.537500000000 0.075000000000 0.000004552484
0.537500000000 0.087500000000 0.000005330335
0.537500000000 0.100000000000 0.000006117205
0.537500000000 0.112500000000 0.000006914518
0.537500000000 0.125000000000 0.000007723740
0.537500000000 0.137500000000 0.000008546422
0.537500000000 0.150000000000 0.000009384209
0.537500000000 0.162500000000 0.000010238845
0.537500000000 0.175000000000 0.000011112179
0.537500000000 0.187500000000 0.000012006218
0.537500000000 0.200000000000 0.000012923141
0.537500000000 0.212500000000 0.000013865304
0.537500000000 0.225000000000 0.000014835308
0.537500000000 0.237500000000 0.000015836030
0.537500000000 0.250000000000 0.000016870687
0.537500000000 0.262500000000 0.000017942877
0.537500000000 0.275000000000 0.000019056694
0.537500000000 0.287500000000 0.000020216793
0.537500000000 0.300000000000 0.000021428539
0.537500000000 0.312500000000 0.000022698167
0.537500000000 0.325000000000 0.000024032930
0.537500000000 0.337500000000 0.000025441374
0.537500000000 0.350000000000 0.000026933638
0.537500000000 0.362500000000 0.000028521788
0.537500000000 0.375000000000 0.000030220242
0.537500000000 0.387500000000 0.000032046190
0.537500000000 0.400000000000 0.000034019858
0.537500000000 0.412500000000 0.000036164319
0.537500000000 0.425000000000 0.000038503798
0.537500000000 0.437500000000 0.000041058278
0.537500000000 0.450000000000 0.000043829062
0.537500000000 0.462500000000 0.000046763821
0.537500000000 0.475000000000 0.000049680566
0.537500000000 0.487500000000 0.000052130029
0.537500000000 0.500000000000 0.000053258413
0.537500000000 0.512500000000 0.000052130029
0.537500000000 0.525000000000 0.000049680566
0.537500000000 0.537500000000 0.000046763821
0.537500000000 0.550000000000 0.000043829062
0.537500000000 0.562500000000 0.000041058278
0.537500000000 0.575000000000 0.000038503798
0.537500000000 0.587500000000 0.000036164319
0.537500000000 0.600000000000 0.000034019858
0.537500000000 0.612500000000 0.000032046190
0.537500000000 0.625000000000 0.000030220242
0.537500000000 0.637500000000 0.000028521788
0.537500000000 0.650000000000 0.000026933638
0.537500000000 0.662500000000 0.000025441374
0.537500000000 0.675000000000 0.000024032930
0.537500000000 0.687500000000 0.000022698167
0.537500000000 0.700000000000 0.000021428539
0.537500000000 0.712500000000 0.000020216793
0.537500000000 0.725000000000 0.000019056694
0.537500000000 0.737500000000 0.000017942877
0.537500000000 0.750000000000 0.000016870687
0.537500000000 0.762500000000 0.000015836030
0.537500000000 0.775000000000 0.000014835308
0.537500000000 0.787500000000 0.000013865304
0.537500000000 0.800000000000 0.000012923141
0.537500000000 0.812500000000 0.000012006218
0.537500000000 0.825000000000 0.000011112179
0.537500000000 0.837500000000 0.000010238845
0.537500000000 0.850000000000 0.000009384209
0.537500000000 0.862500000000 0.000008546422
0.537500000000 0.875000000000 0.000007723740
0.537500000000 0.887500000000 0.000006914518
0.537500000000 0.900000000000 0.000006117205
0.537500000000 0.912500000000 0.000005330335
0.537500000000 0.925000000000 0.000004552484
0.537500000000 0.937500000000 0.000003782261
0.537500000000 0.950000000000 0.000003018341
0.537500000000 0.962500000000 0.000002259416
0.537500000000 0.975000000000 0.000001504220
0.537500000000 0.987500000000 0.000000751492
0.537500000000 1.000000000000 0.000000000000

0.550000000000 0.000000000000 0.000000000000
0.550000000000 0.012500000000 0.000000746018
0.550000000000 0.025000000000 0.000001493234
0.550000000000 0.037500000000 0.000002242868
0.550000000000 0.050000000000 0.000002996138
0.550000000000 0.062500000000 0.000003754290
0.550000000000 0.075000000000 0.000004518581
0.550000000000 0.087500000000 0.000005290311
0.550000000000 0.100000000000 0.000006070817
0.550000000000 0.112500000000 0.000006861470
0.550000000000 0.125000000000 0.000007663702
0.550000000000 0.137500000000 0.000008479003
0.550000000000 0.150000000000 0.000009308945
0.550000000000 0.162500000000 0.000010155198
0.550000000000 0.175000000000 0.000011019513
0.550000000000 0.187500000000 0.000011903787
0.550000000000 0.200000000000 0.000012810059
0.550000000000 0.212500000000 0.000013740537
0.550000000000 0.225000000000 0.000014697623
0.550000000000 0.237500000000 0.000015683959
0.550000000000 0.250000000000 0.000016702462
0.550000000000 0.262500000000 0.000017756372
0.550000000000 0.275000000000 0.000018849308
0.550000000000 0.287500000000 0.000019985337
0.550000000000 0.300000000000 0.000021169064
0.550000000000 0.312500000000 0.000022405714
0.550000000000 0.325000000000 0.000023701215
0.550000000000 0.337500000000 0.000025062316
0.550000000000 0.350000000000 0.000026496711
0.550000000000 0.362500000000 0.000028013063
0.550000000000 0.375000000000 0.000029620971
0.550000000000 0.387500000000 0.000031330719
0.550000000000 0.400000000000 0.000033152477
0.550000000000 0.412500000000 0.000035094589
0.550000000000 0.425000000000 0.000037159851
0.550000000000 0.437500000000 0.000039337973
0.550000000000 0.450000000000 0.000041591212
0.550000000000 0.462500000000 0.000043829062
0.550000000000 0.475000000000 0.000045869893
0.550000000000 0.487500000000 0.000047402785
0.550000000000 0.500000000000 0.000048011254
0.550000000000 0.512500000000 0.000047402785
0.550000000000 0.525000000000 0.000045869893
0.550000000000 0.537500000000 0.000043829062
0.550000000000 0.550000000000 0.000041591212
0.550000000000 0.562500000000 0.000039337973
0.550000000000 0.575000000000 0.000037159851
0.550000000000 0.587500000000 0.000035094589
0.550000000000 0.600000000000 0.000033152477
0.550000000000 0.612500000000 0.000031330719
0.550000000000 0.625000000000 0.000029620971
0.550000000000 0.637500000000 0.000028013063
0.550000000000 0.650000000000 0.000026496711
0.550000000000 0.662500000000 0.000025062316
0.550000000000 0.675000000000 0.000023701215
0.550000000000 0.687500000000 0.000022405714
0.550000000000 0.700000000000 0.000021169064
0.550000000000 0.712500000000 0.000019985337
0.550000000000 0.725000000000 0.000018849308
0.550000000000 0.737500000000 0.000017756372
0.550000000000 0.750000000000 0.000016702462
0.550000000000 0.762500000000 0.000015683959
0.550000000000 0.775000000000 0.000014697623
0.550000000000 0.787500000000 0.000013740537
0.550000000000 0.800000000000 0.000012810059
0.550000000000 0.812500000000 0.000011903787
0.550000000000 0.825000000000 0.000011019513
0.550000000000 0.837500000000 0.000010155198
0.550000000000 0.850000000000 0.000009308945
0.550000000000 0.862500000000 0.000008479003
0.550000000000 0.875000000000 0.000007663702
0.550000000000 0.887500000000 0.000006861470
0.550000000000 0.900000000000 0.000006070817
0.550000000000 0.912500000000 0.000005290311
0.550000000000 0.925000000000 0.000004518581
0.550000000000 0.937500000000 0.000003754290
0.550000000000 0.950000000000 0.000002996138
0.550000000000 0.962500000000 0.000002242868
0.550000000000 0.975000000000 0.000001493234
0.550000000000 0.987500000000 0.000000746018
0.550000000000 1.000000000000 0.000000000000

0.562500000000 0.000000000000 0.000000000000
0.562500000000 0.012500000000 0.000000739030
0.562500000000 0.025000000000 0.000001479228
0.562500000000 0.037500000000 0.000002221762
0.562500000000 0.050000000000 0.000002967828
0.562500000000 0.062500000000 0.000003718617
0.562500000000 0.075000000000 0.000004475352
0.562500000000 0.087500000000 0.000005239289
0.562500000000 0.100000000000 0.000006011699
0.562500000000 0.112500000000 0.000006793897
0.562500000000 0.125000000000 0.000007587257
0.562500000000 0.137500000000 0.000008393193
0.562500000000 0.150000000000 0.000009213206
0.562500000000 0.162500000000 0.000010048847
0.562500000000 0.175000000000 0.000010901776
0.562500000000 0.187500000000 0.000011773734
0.562500000000 0.200000000000 0.000012666614
0.562500000000 0.212500000000 0.000013582423
0.562500000000 0.225000000000 0.000014523346
0.562500000000 0.237500000000 0.000015491729
0.562500000000 0.250000000000 0.000016490144
0.562500000000 0.262500000000 0.000017521401
0.562500000000 0.275000000000 0.000018588592
0.562500000000 0.287500000000 0.000019695103
0.562500000000 0.300000000000 0.000020844667
0.562500000000 0.312500000000 0.000022041412
0.562500000000 0.325000000000 0.000023289824
0.562500000000 0.337500000000 0.000024594758
0.562500000000 0.350000000000 0.000025961382
0.562500000000 0.362500000000 0.000027394990
0.562500000000 0.375000000000 0.000028900632
0.562500000000 0.387500000000 0.000030482412
0.562500000000 0.400000000000 0.000032142198
0.562500000000 0.412500000000 0.000033877325
0.562500000000 0.425000000000 0.000035676660
0.562500000000 0.437500000000 0.000037514003
0.562500000000 0.450000000000 0.000039337973
0.562500000000 0.462500000000 0.000041058278
0.562500000000 0.475000000000 0.000042532055
0.562500000000 0.487500000000 0.000043563297
0.562500000000 0.500000000000 0.000043943721
0.562500000000 0.512500000000 0.000043563297
0.562500000000 0.525000000000 0.000042532055
0.562500000000 0.537500000000 0.000041058278
0.562500000000 0.550000000000 0.000039337973
0.562500000000 0.562500000000 0.000037514003
0.562500000000 0.575000000000 0.000035676660
0.562500000000 0.587500000000 0.000033877325
0.562500000000 0.600000000000 0.000032142198
0.562500000000 0.612500000000 0.000030482412
0.562500000000 0.625000000000 0.000028900632
0.562500000000 0.637500000000 0.000027394990
0.562500000000 0.650000000000 0.000025961382
0.562500000000 0.662500000000 0.000024594758
0.562500000000 0.675000000000 0.000023289824
0.562500000000 0.687500000000 0.000022041412
0.562500000000 0.700000000000 0.000020844667
0.562500000000 0.712500000000 0.000019695103
0.562500000000 0.725000000000 0.000018588592
0.562500000000 0.737500000000 0.000017521401
0.562500000000 0.750000000000 0.000016490144
0.562500000000 0.762500000000 0.000015491729
0.562500000000 0.775000000000 0.000014523346
0.562500000000 0.787500000000 0.000013582423
0.562500000000 0.800000000000 0.000012666614
0.562500000000 0.812500000000 0.000011773734
0.562500000000 0.825000000000 0.000010901776
0.562500000000 0.837500000000 0.000010048847
0.562500000000 0.850000000000 0.000009213206
0.562500000000 0.862500000000 0.000008393193
0.562500000000 0.875000000000 0.000007587257
0.562500000000 0.887500000000 0.000006793897
0.562500000000 0.900000000000 0.000006011699
0.562500000000 0.912500000000 0.000005239289
0.562500000000 0.925000000000 0.000004475352
0.562500000000 0.937500000000 0.000003718617
0.562500000000 0.950000000000 0.000002967828
0.562500000000 0.962500000000 0.000002221762
0.562500000000 0.975000000000 0.000001479228
0.562500000000 0.987500000000 0.000000739030
0.562500000000 1.000000000000 0.000000000000

0.575000000000 0.000000000000 0.000000000000
0.575000000000 0.012500000000 0.000000730573
0.575000000000 0.025000000000 0.000001462274
0.575000000000 0.037500000000 0.000002196230
0.575000000000 0.050000000000 0.000002933573
0.575000000000 0.062500000000 0.000003675464
0.575000000000 0.075000000000 0.000004423075
0.575000000000 0.087500000000 0.000005177594
0.575000000000 0.100000000000 0.000005940240
0.575000000000 0.112500000000 0.000006712261
0.575000000000 0.125000000000 0.000007494937
0.575000000000 0.137500000000 0.000008289621
0.575000000000 0.150000000000 0.000009097710
0.575000000000 0.162500000000 0.000009920648
0.575000000000 0.175000000000 0.000010759958
0.575000000000 0.187500000000 0.000011617232
0.575000000000 0.200000000000 0.000012494168
0.575000000000 0.212500000000 0.000013392581
0.575000000000 0.225000000000 0.000014314379
0.575000000000 0.237500000000 0.000015261605
0.575000000000 0.250000000000 0.000016236441
0.575000000000 0.262500000000 0.000017241240
0.575000000000 0.275000000000 0.000018278508
0.575000000000 0.287500000000 0.000019350931
0.575000000000 0.300000000000 0.000020461351
0.575000000000 0.312500000000 0.000021612747
0.575000000000 0.325000000000 0.000022808189
0.575000000000 0.337500000000 0.000024050700
0.575000000000 0.350000000000 0.000025343100
0.575000000000 0.362500000000 0.000026687661
0.575000000000 0.375000000000 0.000028085573
0.575000000000 0.387500000000 0.000029536058
0.575000000000 0.400000000000 0.000031034975
0.575000000000 0.412500000000 0.000032572625
0.575000000000 0.425000000000 0.000034130504
0.575000000000 0.437500000000 0.000035676660
0.575000000000 0.450000000000 0.000037159851
0.575000000000 0.462500000000 0.000038503798
0.575000000000 0.475000000000 0.000039605027
0.575000000000 0.487500000000 0.000040341856
0.575000000000 0.500000000000 0.000040603852
0.575000000000 0.512500000000 0.000040341856
0.575000000000 0.525000000000 0.000039605027
0.575000000000 0.537500000000 0.000038503798
0.575000000000 0.550000000000 0.000037159851
0.575000000000 0.562500000000 0.000035676660
0.575000000000 0.575000000000 0.000034130504
0.575000000000 0.587500000000 0.000032572625
0.575000000000 0.600000000000 0.000031034975
0.575000000000 0.612500000000 0.000029536058
0.575000000000 0.625000000000 0.000028085573
0.575000000000 0.637500000000 0.000026687661
0.575000000000 0.650000000000 0.000025343100
0.575000000000 0.662500000000 0.000024050700
0.575000000000 0.675000000000 0.000022808189
0.575000000000 0.687500000000 0.000021612747
0.575000000000 0.700000000000 0.000020461351
0.575000000000 0.712500000000 0.000019350931
0.575000000000 0.725000000000 0.000018278508
0.575000000000 0.737500000000 0.000017241240
0.575000000000 0.750000000000 0.000016236441
0.575000000000 0.762500000000 0.000015261605
0.575000000000 0.775000000000 0.000014314379
0.575000000000 0.787500000000 0.000013392581
0.575000000000 0.800000000000 0.000012494168
0.575000000000 0.812500000000 0.000011617232
0.575000000000 0.825000000000 0.000010759958
0.575000000000 0.837500000000 0.000009920648
0.575000000000 0.850000000000 0.000009097710
0.575000000000 0.862500000000 0.000008289621
0.575000000000 0.875000000000 0.000007494937
0.575000000000 0.887500000000 0.000006712261
0.575000000000 0.900000000000 0.000005940240
0.575000000000 0.912500000000 0.000005177594
0.575000000000 0.925000000000 0.000004423075
0.575000000000 0.937500000000 0.000003675464
0.575000000000 0.950000000000 0.000002933573
0.575000000000 0.962500000000 0.000002196230
0.575000000000 0.975000000000 0.000001462274
0.575000000000 0.987500000000 0.000000730573
0.575000000000 1.000000000000 0.000000000000

0.587500000000 0.000000000000 0.000000000000
0.587500000000 0.012500000000 0.000000720697
0.587500000000 0.025000000000 0.000001442473
0.587500000000 0.037500000000 0.000002166405
0.587500000000 0.050000000000 0.000002893582
0.587500000000 0.062500000000 0.000003625096
0.587500000000 0.075000000000 0.000004362064
0.587500000000 0.087500000000 0.000005105616
0.587500000000 0.100000000000 0.000005856895
0.587500000000 0.112500000000 0.000006617081
0.587500000000 0.125000000000 0.000007387378
0.587500000000 0.137500000000 0.000008169036
0.587500000000 0.150000000000 0.000008963337
0.587500000000 0.162500000000 0.000009771612
0.587500000000 0.175000000000 0.000010595228
0.587500000000 0.187500000000 0.000011435625
0.587500000000 0.200000000000 0.000012294314
0.587500000000 0.212500000000 0.000013172862
0.587500000000 0.225000000000 0.000014072901
0.587500000000 0.237500000000 0.000014996156
0.587500000000 0.250000000000 0.000015944407
0.587500000000 0.262500000000 0.000016919530
0.587500000000 0.275000000000 0.000017923454
0.587500000000 0.287500000000 0.000018958151
0.587500000000 0.300000000000 0.000020025595
0.587500000000 0.312500000000 0.000021127689
0.587500000000 0.325000000000 0.000022266166
0.587500000000 0.337500000000 0.000023442413
0.587500000000 0.350000000000 0.000024657225
0.587500000000 0.362500000000 0.000025910384
0.587500000000 0.375000000000 0.000027200100
0.587500000000 0.387500000000 0.000028522121
0.587500000000 0.400000000000 0.000029868482
0.587500000000 0.412500000000 0.000031225730
0.587500000000 0.425000000000 0.000032572625
0.587500000000 0.437500000000 0.000033877325
0.587500000000 0.450000000000 0.000035094589
0.587500000000 0.462500000000 0.000036164319
0.587500000000 0.475000000000 0.000037013601
0.587500000000 0.487500000000 0.000037565716
0.587500000000 0.500000000000 0.000037758156
0.587500000000 0.512500000000 0.000037565716
0.587500000000 0.525000000000 0.000037013601
0.587500000000 0.537500000000 0.000036164319
0.587500000000 0.550000000000 0.000035094589
0.587500000000 0.562500000000 0.000033877325
0.587500000000 0.575000000000 0.000032572625
0.587500000000 0.587500000000 0.000031225730
0.587500000000 0.600000000000 0.000029868482
0.587500000000 0.612500000000 0.000028522121
0.587500000000 0.625000000000 0.000027200100
0.587500000000 0.637500000000 0.000025910384
0.587500000000 0.650000000000 0.000024657225
0.587500000000 0.662500000000 0.000023442413
0.587500000000 0.675000000000 0.000022266166
0.587500000000 0.687500000000 0.000021127689
0.587500000000 0.700000000000 0.000020025595
0.587500000000 0.712500000000 0.000018958151
0.587500000000 0.725000000000 0.000017923454
0.587500000000 0.737500000000 0.000016919530
0.587500000000 0.750000000000 0.000015944407
0.587500000000 0.762500000000 0.000014996156
0.587500000000 0.775000000000 0.000014072901
0.587500000000 0.787500000000 0.000013172862
0.587500000000 0.800000000000 0.000012294314
0.587500000000 0.812500000000 0.000011435625
0.587500000000 0.825000000000 0.000010595228
0.587500000000 0.837500000000 0.000009771612
0.587500000000 0.850000000000 0.000008963337
0.587500000000 0.862500000000 0.000008169036
0.587500000000 0.875000000000 0.000007387378
0.587500000000 0.887500000000 0.000006617081
0.587500000000 0.900000000000 0.000005856895
0.587500000000 0.912500000000 0.000005105616
0.587500000000 0.925000000000 0.000004362064
0.587500000000 0.937500000000 0.000003625096
0.587500000000 0.950000000000 0.000002893582
0.587500000000 0.962500000000 0.000002166405
0.587500000000 0.975000000000 0.000001442473
0.587500000000 0.987500000000 0.000000720697
0.587500000000 1.000000000000 0.000000000000

0.600000000000 0.000000000000 0.000000000000
0.600000000000 0.012500000000 0.000000709464
0.600000000000 0.025000000000 0.000001419941
0.600000000000 0.037500000000 0.000002132467
0.600000000000 0.050000000000 0.000002848067
0.600000000000 0.062500000000 0.000003567784
0.600000000000 0.075000000000 0.000004292667
0.600000000000 0.087500000000 0.000005023772
0.600000000000 0.100000000000 0.000005762176
0.600000000000 0.112500000000 0.000006508972
0.600000000000 0.125000000000 0.000007265285
0.600000000000 0.137500000000 0.000008032255
0.600000000000 0.150000000000 0.000008811041
0.600000000000 0.162500000000 0.000009602846
0.600000000000 0.175000000000 0.000010408887
0.600000000000 0.187500000000 0.000011230437
0.600000000000 0.200000000000 0.000012068796
0.600000000000 0.212500000000 0.000012925303
0.600000000000 0.225000000000 0.000013801304
0.600000000000 0.237500000000 0.000014698186
0.600000000000 0.250000000000 0.000015617346
0.600000000000 0.262500000000 0.000016560187
0.600000000000 0.275000000000 0.000017528072
0.600000000000 0.287500000000 0.000018522309
0.600000000000 0.300000000000 0.000019544068
0.600000000000 0.312500000000 0.000020594277
0.600000000000 0.325000000000 0.000021673496
0.600000000000 0.337500000000 0.000022781733
0.600000000000 0.350000000000 0.000023918138
0.600000000000 0.362500000000 0.000025080612
0.600000000000 0.375000000000 0.000026265256
0.600000000000 0.387500000000 0.000027465608
0.600000000000 0.400000000000 0.000028671642
0.600000000000 0.412500000000 0.000029868482
0.600000000000 0.425000000000 0.000031034975
0.600000000000 0.437500000000 0.000032142198
0.600000000000 0.450000000000 0.000033152477
0.600000000000 0.462500000000 0.000034019858
0.600000000000 0.475000000000 0.000034693094
0.600000000000 0.487500000000 0.000035122465
0.600000000000 0.500000000000 0.000035270359
0.600000000000 0.512500000000 0.000035122465
0.600000000000 0.525000000000 0.000034693094
0.600000000000 0.537500000000 0.000034019858
0.600000000000 0.550000000000 0.000033152477
0.600000000000 0.562500000000 0.000032142198
0.600000000000 0.575000000000 0.000031034975
0.600000000000 0.587500000000 0.000029868482
0.600000000000 0.600000000000 0.000028671642
0.600000000000 0.612500000000 0.000027465608
0.600000000000 0.625000000000 0.000026265256
0.600000000000 0.637500000000 0.000025080612
0.600000000000 0.650000000000 0.000023918138
0.600000000000 0.662500000000 0.000022781733
0.600000000000 0.675000000000 0.000021673496
0.600000000000 0.687500000000 0.000020594277
0.600000000000 0.700000000000 0.000019544068
0.600000000000 0.712500000000 0.000018522309
0.600000000000 0.725000000000 0.000017528072
0.600000000000 0.737500000000 0.000016560187
0.600000000000 0.750000000000 0.000015617346
0.600000000000 0.762500000000 0.000014698186
0.600000000000 0.775000000000 0.000013801304
0.600000000000 0.787500000000 0.000012925303
0.600000000000 0.800000000000 0.000012068796
0.600000000000 0.812500000000 0.000011230437
0.600000000000 0.825000000000 0.000010408887
0.600000000000 0.837500000000 0.000009602846
0.600000000000 0.850000000000 0.000008811041
0.600000000000 0.862500000000 0.000008032255
0.600000000000 0.875000000000 0.000007265285
0.600000000000 0.887500000000 0.000006508972
0.600000000000 0.900000000000 0.000005762176
0.600000000000 0.912500000000 0.000005023772
0.600000000000 0.925000000000 0.000004292667
0.600000000000 0.937500000000 0.000003567784
0.600000000000 0.950000000000 0.000002848067
0.600000000000 0.962500000000 0.000002132467
0.600000000000 0.975000000000 0.000001419941
0.600000000000 0.987500000000 0.000000709464
0.600000000000 1.000000000000 0.000000000000

0.612500000000 0.000000000000 0.000000000000
0.612500000000 0.012500000000 0.000000696915
0.612500000000 0.025000000000 0.000001394791
0.612500000000 0.037500000000 0.000002094598
0.612500000000 0.050000000000 0.000002797297
0.612500000000 0.062500000000 0.000003503864
0.612500000000 0.075000000000 0.000004215286
0.612500000000 0.087500000000 0.000004932549
0.612500000000 0.100000000000 0.000005656655
0.612500000000 0.112500000000 0.000006388608
0.612500000000 0.125000000000 0.000007129439
0.612500000000 0.137500000000 0.000007880173
0.612500000000 0.150000000000 0.000008641860
0.612500000000 0.162500000000 0.000009415558
0.612500000000 0.175000000000 0.000010202330
0.612500000000 0.187500000000 0.000011003271
0.612500000000 0.200000000000 0.000011819489
0.612500000000 0.212500000000 0.000012652064
0.612500000000 0.225000000000 0.000013502087
0.612500000000 0.237500000000 0.000014370617
0.612500000000 0.250000000000 0.000015258675
0.612500000000 0.262500000000 0.000016167213
0.612500000000 0.275000000000 0.000017097084
0.612500000000 0.287500000000 0.000018048979
0.612500000000 0.300000000000 0.000019023354
0.612500000000 0.312500000000 0.000020020305
0.612500000000 0.325000000000 0.000021039415
0.612500000000 0.337500000000 0.000022079589
0.612500000000 0.350000000000 0.000023138744
0.612500000000 0.362500000000 0.000024213451
0.612500000000 0.375000000000 0.000025298464
0.612500000000 0.387500000000 0.000026386122
0.612500000000 0.400000000000 0.000027465608
0.612500000000 0.412500000000 0.000028522121
0.612500000000 0.425000000000 0.000029536058
0.612500000000 0.437500000000 0.000030482412
0.612500000000 0.450000000000 0.000031330719
0.612500000000 0.462500000000 0.000032046190
0.612500000000 0.475000000000 0.000032592452
0.612500000000 0.487500000000 0.000032936281
0.612500000000 0.500000000000 0.000033053817
0.612500000000 0.512500000000 0.000032936281
0.612500000000 0.525000000000 0.000032592452
0.612500000000 0.537500000000 0.000032046190
0.612500000000 0.550000000000 0.000031330719
0.612500000000 0.562500000000 0.000030482412
0.612500000000 0.575000000000 0.000029536058
0.612500000000 0.587500000000 0.000028522121
0.612500000000 0.600000000000 0.000027465608
0.612500000000 0.612500000000 0.000026386122
0.612500000000 0.625000000000 0.000025298464
0.612500000000 0.637500000000 0.000024213451
0.612500000000 0.650000000000 0.000023138744
0.612500000000 0.662500000000 0.000022079589
0.612500000000 0.675000000000 0.000021039415
0.612500000000 0.687500000000 0.000020020305
0.612500000000 0.700000000000 0.000019023354
0.612500000000 0.712500000000 0.000018048979
0.612500000000 0.725000000000 0.000017097084
0.612500000000 0.737500000000 0.000016167213
0.612500000000 0.750000000000 0.000015258675
0.612500000000 0.762500000000 0.000014370617
0.612500000000 0.775000000000 0.000013502087
0.612500000000 0.787500000000 0.000012652064
0.612500000000 0.800000000000 0.000011819489
0.612500000000 0.812500000000 0.000011003271
0.612500000000 0.825000000000 0.000010202330
0.612500000000 0.837500000000 0.000009415558
0.612500000000 0.850000000000 0.000008641860
0.612500000000 0.862500000000 0.000007880173
0.612500000000 0.875000000000 0.000007129439
0.612500000000 0.887500000000 0.000006388608
0.612500000000 0.900000000000 0.000005656655
0.612500000000 0.912500000000 0.000004932549
0.612500000000 0.925000000000 0.000004215286
0.612500000000 0.937500000000 0.000003503864
0.612500000000 0.950000000000 0.000002797297
0.612500000000 0.962500000000 0.000002094598
0.612500000000 0.975000000000 0.000001394791
0.612500000000 0.987500000000 0.000000696915
0.612500000000 1.000000000000 0.000000000000

0.625000000000 0.000000000000 0.000000000000
0.625000000000 0.012500000000 0.000000683124
0.625000000000 0.025000000000 0.000001367157
0.625000000000 0.037500000000 0.000002052990
0.625000000000 0.050000000000 0.000002741532
0.625000000000 0.062500000000 0.000003433681
0.625000000000 0.075000000000 0.000004130354
0.625000000000 0.087500000000 0.000004832467
0.625000000000 0.100000000000 0.000005540948
0.625000000000 0.112500000000 0.000006256702
0.625000000000 0.125000000000 0.000006980663
0.625000000000 0.137500000000 0.000007713751
0.625000000000 0.150000000000 0.000008456898
0.625000000000 0.162500000000 0.000009211009
0.625000000000 0.175000000000 0.000009977005
0.625000000000 0.187500000000 0.000010755805
0.625000000000 0.200000000000 0.000011548316
0.625000000000 0.212500000000 0.000012355380
0.625000000000 0.225000000000 0.000013177834
0.625000000000 0.237500000000 0.000014016424
0.625000000000 0.250000000000 0.000014871830
0.625000000000 0.262500000000 0.000015744605
0.625000000000 0.275000000000 0.000016635132
0.625000000000 0.287500000000 0.000017543560
0.625000000000 0.300000000000 0.000018469740
0.625000000000 0.312500000000 0.000019413077
0.625000000000 0.325000000000 0.000020372389
0.625000000000 0.337500000000 0.000021345751
0.625000000000 0.350000000000 0.000022330216
0.625000000000 0.362500000000 0.000023321498
0.625000000000 0.375000000000 0.000024313617
0.625000000000 0.387500000000 0.000025298464
0.625000000000 0.400000000000 0.000026265256
0.625000000000 0.412500000000 0.000027200100
0.625000000000 0.425000000000 0.000028085573
0.625000000000 0.437500000000 0.000028900632
0.625000000000 0.450000000000 0.000029620971
0.625000000000 0.462500000000 0.000030220242
0.625000000000 0.475000000000 0.000030672231
0.625000000000 0.487500000000 0.000030954062
0.625000000000 0.500000000000 0.000031049909
0.625000000000 0.512500000000 0.000030954062
0.625000000000 0.525000000000 0.000030672231
0.625000000000 0.537500000000 0.000030220242
0.625000000000 0.550000000000 0.000029620971
0.625000000000 0.562500000000 0.000028900632
0.625000000000 0.575000000000 0.000028085573
0.625000000000 0.587500000000 0.000027200100
0.625000000000 0.600000000000 0.000026265256
0.625000000000 0.612500000000 0.000025298464
0.625000000000 0.625000000000 0.000024313617
0.625000000000 0.637500000000 0.000023321498
0.625000000000 0.650000000000 0.000022330216
0.625000000000 0.662500000000 0.000021345751
0.625000000000 0.675000000000 0.000020372389
0.625000000000 0.687500000000 0.000019413077
0.625000000000 0.700000000000 0.000018469740
0.625000000000 0.712500000000 0.000017543560
0.625000000000 0.725000000000 0.000016635132
0.625000000000 0.737500000000 0.000015744605
0.625000000000 0.750000000000 0.000014871830
0.625000000000 0.762500000000 0.000014016424
0.625000000000 0.775000000000 0.000013177834
0.625000000000 0.787500000000 0.000012355380
0.625000000000 0.800000000000 0.000011548316
0.625000000000 0.812500000000 0.000010755805
0.625000000000 0.825000000000 0.000009977005
0.625000000000 0.837500000000 0.000009211009
0.625000000000 0.850000000000 0.000008456898
0.625000000000 0.862500000000 0.000007713751
0.625000000000 0.875000000000 0.000006980663
0.625000000000 0.887500000000 0.000006256702
0.625000000000 0.900000000000 0.000005540948
0.625000000000 0.912500000000 0.000004832467
0.625000000000 0.925000000000 0.000004130354
0.625000000000 0.937500000000 0.000003433681
0.625000000000 0.950000000000 0.000002741532
0.625000000000 0.962500000000 0.000002052990
0.625000000000 0.975000000000 0.000001367157
0.625000000000 0.987500000000 0.000000683124
0.625000000000 1.000000000000 0.000000000000

0.637500000000 0.000000000000 0.000000000000
0.637500000000 0.012500000000 0.000000668166
0.637500000000 0.025000000000 0.000001337174
0.637500000000 0.037500000000 0.000002007855
0.637500000000 0.050000000000 0.000002681051
0.637500000000 0.062500000000 0.000003357591
0.637500000000 0.075000000000 0.000004038318
0.637500000000 0.087500000000 0.000004724068
0.637500000000 0.100000000000 0.000005415689
0.637500000000 0.112500000000 0.000006113995
0.637500000000 0.125000000000 0.000006819824
0.637500000000 0.137500000000 0.000007533986
0.637500000000 0.150000000000 0.000008257294
0.637500000000 0.162500000000 0.000008990512
0.637500000000 0.175000000000 0.000009734421
0.637500000000 0.187500000000 0.000010489760
0.637500000000 0.200000000000 0.000011257241
0.637500000000 0.212500000000 0.000012037495
0.637500000000 0.225000000000 0.000012831121
0.637500000000 0.237500000000 0.000013638572
0.637500000000 0.250000000000 0.000014460222
0.637500000000 0.262500000000 0.000015296265
0.637500000000 0.275000000000 0.000016146683
0.637500000000 0.287500000000 0.000017011174
0.637500000000 0.300000000000 0.000017889078
0.637500000000 0.312500000000 0.000018779258
0.637500000000 0.325000000000 0.000019679971
0.637500000000 0.337500000000 0.000020588710
0.637500000000 0.350000000000 0.000021501959
0.637500000000 0.362500000000 0.000022414978
0.637500000000 0.375000000000 0.000023321498
0.637500000000 0.387500000000 0.000024213451
0.637500000000 0.400000000000 0.000025080612
0.637500000000 0.412500000000 0.000025910384
0.637500000000 0.425000000000 0.000026687661
0.637500000000 0.437500000000 0.000027394990
0.637500000000 0.450000000000 0.000028013063
0.637500000000 0.462500000000 0.000028521788
0.637500000000 0.475000000000 0.000028901958
0.637500000000 0.487500000000 0.000029137377
0.637500000000 0.500000000000 0.000029217147
0.637500000000 0.512500000000 0.000029137377
0.637500000000 0.525000000000 0.000028901958
0.637500000000 0.537500000000 0.000028521788
0.637500000000 0.550000000000 0.000028013063
0.637500000000 0.562500000000 0.000027394990
0.637500000000 0.575000000000 0.000026687661
0.637500000000 0.587500000000 0.000025910384
0.637500000000 0.600000000000 0.000025080612
0.637500000000 0.612500000000 0.000024213451
0.637500000000 0.625000000000 0.000023321498
0.637500000000 0.637500000000 0.000022414978
0.637500000000 0.650000000000 0.000021501959
0.637500000000 0.662500000000 0.000020588710
0.637500000000 0.675000000000 0.000019679971
0.637500000000 0.687500000000 0.000018779258
0.637500000000 0.700000000000 0.000017889078
0.637500000000 0.712500000000 0.000017011174
0.637500000000 0.725000000000 0.000016146683
0.637500000000 0.737500000000 0.000015296265
0.637500000000 0.750000000000 0.000014460222
0.637500000000 0.762500000000 0.000013638572
0.637500000000 0.775000000000 0.000012831121
0.637500000000 0.787500000000 0.000012037495
0.637500000000 0.800000000000 0.000011257241
0.637500000000 0.812500000000 0.000010489760
0.637500000000 0.825000000000 0.000009734421
0.637500000000 0.837500000000 0.000008990512
0.637500000000 0.850000000000 0.000008257294
0.637500000000 0.862500000000 0.000007533986
0.637500000000 0.875000000000 0.000006819824
0.637500000000 0.887500000000 0.000006113995
0.637500000000 0.900000000000 0.000005415689
0.637500000000 0.912500000000 0.000004724068
0.637500000000 0.925000000000 0.000004038318
0.637500000000 0.937500000000 0.000003357591
0.637500000000 0.950000000000 0.000002681051
0.637500000000 0.962500000000 0.000002007855
0.637500000000 0.975000000000 0.000001337174
0.637500000000 0.987500000000 0.000000668166
0.637500000000 1.000000000000 0.000000000000

0.650000000000 0.000000000000 0.000000000000
0.650000000000 0.012500000000 0.000000652101
0.650000000000 0.025000000000 0.000001304987
0.650000000000 0.037500000000 0.000001959409
0.650000000000 0.050000000000 0.000002616154
0.650000000000 0.062500000000 0.000003275969
0.650000000000 0.075000000000 0.000003939632
0.650000000000 0.087500000000 0.000004607899
0.650000000000 0.100000000000 0.000005281526
0.650000000000 0.112500000000 0.000005961250
0.650000000000 0.125000000000 0.000006647810
0.650000000000 0.137500000000 0.000007341899
0.650000000000 0.150000000000 0.000008044215
0.650000000000 0.162500000000 0.000008755403
0.650000000000 0.175000000000 0.000009476086
0.650000000000 0.187500000000 0.000010206847
0.650000000000 0.200000000000 0.000010948222
0.650000000000 0.212500000000 0.000011700644
0.650000000000 0.225000000000 0.000012464477
0.650000000000 0.237500000000 0.000013239940
0.650000000000 0.250000000000 0.000014027122
0.650000000000 0.262500000000 0.000014825897
0.650000000000 0.275000000000 0.000015635924
0.650000000000 0.287500000000 0.000016456536
0.650000000000 0.300000000000 0.000017286669
0.650000000000 0.312500000000 0.000018124786
0.650000000000 0.325000000000 0.000018968741
0.650000000000 0.337500000000 0.000019815650
0.650000000000 0.350000000000 0.000020661694
0.650000000000 0.362500000000 0.000021501959
0.650000000000 0.375000000000 0.000022330216
0.650000000000 0.387500000000 0.000023138744
0.650000000000 0.400000000000 0.000023918138
0.650000000000 0.412500000000 0.000024657225
0.650000000000 0.425000000000 0.000025343100
0.650000000000 0.437500000000 0.000025961382
0.650000000000 0.450000000000 0.000026496711
0.650000000000 0.462500000000 0.000026933638
0.650000000000 0.475000000000 0.000027257839
0.650000000000 0.487500000000 0.000027457559
0.650000000000 0.500000000000 0.000027525048
0.650000000000 0.512500000000 0.000027457559
0.650000000000 0.525000000000 0.000027257839
0.650000000000 0.537500000000 0.000026933638
0.650000000000 0.550000000000 0.000026496711
0.650000000000 0.562500000000 0.000025961382
0.650000000000 0.575000000000 0.000025343100
0.650000000000 0.587500000000 0.000024657225
0.650000000000 0.600000000000 0.000023918138
0.650000000000 0.612500000000 0.000023138744
0.650000000000 0.625000000000 0.000022330216
0.650000000000 0.637500000000 0.000021501959
0.650000000000 0.650000000000 0.000020661694
0.650000000000 0.662500000000 0.000019815650
0.650000000000 0.675000000000 0.000018968741
0.650000000000 0.687500000000 0.000018124786
0.650000000000 0.700000000000 0.000017286669
0.650000000000 0.712500000000 0.000016456536
0.650000000000 0.725000000000 0.000015635924
0.650000000000 0.737500000000 0.000014825897
0.650000000000 0.750000000000 0.000014027122
0.650000000000 0.762500000000 0.000013239940
0.650000000000 0.775000000000 0.000012464477
0.650000000000 0.787500000000 0.000011700644
0.650000000000 0.800000000000 0.000010948222
0.650000000000 0.812500000000 0.000010206847
0.650000000000 0.825000000000 0.000009476086
0.650000000000 0.837500000000 0.000008755403
0.650000000000 0.850000000000 0.000008044215
0.650000000000 0.862500000000 0.000007341899
0.650000000000 0.875000000000 0.000006647810
0.650000000000 0.887500000000 0.000005961250
0.650000000000 0.900000000000 0.000005281526
0.650000000000 0.912500000000 0.000004607899
0.650000000000 0.925000000000 0.000003939632
0.650000000000 0.937500000000 0.000003275969
0.650000000000 0.950000000000 0.000002616154
0.650000000000 0.962500000000 0.000001959409
0.650000000000 0.975000000000 0.000001304987
0.650000000000 0.987500000000 0.000000652101
0.650000000000 1.000000000000 0.000000000000

0.662500000000 0.000000000000 0.000000000000
0.662500000000 0.012500000000 0.000000635017
0.662500000000 0.025000000000 0.000001270750
0.662500000000 0.037500000000 0.000001907892
0.662500000000 0.050000000000 0.000002547147
0.662500000000 0.062500000000 0.000003189210
0.662500000000 0.075000000000 0.000003834782
0.662500000000 0.087500000000 0.000004484530
0.662500000000 0.100000000000 0.000005139137
0.662500000000 0.112500000000 0.000005799251
0.662500000000 0.125000000000 0.000006465503
0.662500000000 0.137500000000 0.000007138505
0.662500000000 0.150000000000 0.000007818825
0.662500000000 0.162500000000 0.000008507000
0.662500000000 0.175000000000 0.000009203506
0.662500000000 0.187500000000 0.000009908780
0.662500000000 0.200000000000 0.000010623191
0.662500000000 0.212500000000 0.000011347001
0.662500000000 0.225000000000 0.000012080356
0.662500000000 0.237500000000 0.000012823273
0.662500000000 0.250000000000 0.000013575598
0.662500000000 0.262500000000 0.000014336951
0.662500000000 0.275000000000 0.000015106710
0.662500000000 0.287500000000 0.000015883928
0.662500000000 0.300000000000 0.000016667247
0.662500000000 0.312500000000 0.000017454839
0.662500000000 0.325000000000 0.000018244308
0.662500000000 0.337500000000 0.000019032556
0.662500000000 0.350000000000 0.000019815650
0.662500000000 0.362500000000 0.000020588710
0.662500000000 0.375000000000 0.000021345751
0.662500000000 0.387500000000 0.000022079589
0.662500000000 0.400000000000 0.000022781733
0.662500000000 0.412500000000 0.000023442413
0.662500000000 0.425000000000 0.000024050700
0.662500000000 0.437500000000 0.000024594758
0.662500000000 0.450000000000 0.000025062316
0.662500000000 0.462500000000 0.000025441374
0.662500000000 0.475000000000 0.000025721074
0.662500000000 0.487500000000 0.000025892694
0.662500000000 0.500000000000 0.000025950562
0.662500000000 0.512500000000 0.000025892694
0.662500000000 0.525000000000 0.000025721074
0.662500000000 0.537500000000 0.000025441374
0.662500000000 0.550000000000 0.000025062316
0.662500000000 0.562500000000 0.000024594758
0.662500000000 0.575000000000 0.000024050700
0.662500000000 0.587500000000 0.000023442413
0.662500000000 0.600000000000 0.000022781733
0.662500000000 0.612500000000 0.000022079589
0.662500000000 0.625000000000 0.000021345751
0.662500000000 0.637500000000 0.000020588710
0.662500000000 0.650000000000 0.000019815650
0.662500000000 0.662500000000 0.000019032556
0.662500000000 0.675000000000 0.000018244308
0.662500000000 0.687500000000 0.000017454839
0.662500000000 0.700000000000 0.000016667247
0.662500000000 0.712500000000 0.000015883928
0.662500000000 0.725000000000 0.000015106710
0.662500000000 0.737500000000 0.000014336951
0.662500000000 0.750000000000 0.000013575598
0.662500000000 0.762500000000 0.000012823273
0.662500000000 0.775000000000 0.000012080356
0.662500000000 0.787500000000 0.000011347001
0.662500000000 0.800000000000 0.000010623191
0.662500000000 0.812500000000 0.000009908780
0.662500000000 0.825000000000 0.000009203506
0.662500000000 0.837500000000 0.000008507000
0.662500000000 0.850000000000 0.000007818825
0.662500000000 0.862500000000 0.000007138505
0.662500000000 0.875000000000 0.000006465503
0.662500000000 0.887500000000 0.000005799251
0.662500000000 0.900000000000 0.000005139137
0.662500000000 0.912500000000 0.000004484530
0.662500000000 0.925000000000 0.000003834782
0.662500000000 0.937500000000 0.000003189210
0.662500000000 0.950000000000 0.000002547147
0.662500000000 0.962500000000 0.000001907892
0.662500000000 0.975000000000 0.000001270750
0.662500000000 0.987500000000 0.000000635017
0.662500000000 1.000000000000 0.000000000000

0.675000000000 0.000000000000 0.000000000000
0.675000000000 0.012500000000 0.000000616977
0.675000000000 0.025000000000 0.000001234606
0.675000000000 0.037500000000 0.000001853511
0.675000000000 0.050000000000 0.000002474333
0.675000000000 0.062500000000 0.000003097689
0.675000000000 0.075000000000 0.000003724222
0.675000000000 0.087500000000 0.000004354522
0.675000000000 0.100000000000 0.000004989178
0.675000000000 0.112500000000 0.000005628755
0.675000000000 0.125000000000 0.000006273794
0.675000000000 0.137500000000 0.000006924811
0.675000000000 0.150000000000 0.000007582271
0.675000000000 0.162500000000 0.000008246601
0.675000000000 0.175000000000 0.000008918146
0.675000000000 0.187500000000 0.000009597205
0.675000000000 0.200000000000 0.000010284000
0.675000000000 0.212500000000 0.000010978632
0.675000000000 0.225000000000 0.000011681076
0.675000000000 0.237500000000 0.000012391162
0.675000000000 0.250000000000 0.000013108533
0.675000000000 0.262500000000 0.000013832607
0.675000000000 0.275000000000 0.000014562548
0.675000000000 0.287500000000 0.000015297190
0.675000000000 0.300000000000 0.000016034971
0.675000000000 0.312500000000 0.000016773882
0.675000000000 0.325000000000 0.000017511386
0.675000000000 0.337500000000 0.000018244308
0.675000000000 0.350000000000 0.000018968741
0.675000000000 0.362500000000 0.000019679971
0.675000000000 0.375000000000 0.000020372389
0.675000000000 0.387500000000 0.000021039415
0.675000000000 0.400000000000 0.000021673496
0.675000000000 0.412500000000 0.000022266166
0.675000000000 0.425000000000 0.000022808189
0.675000000000 0.437500000000 0.000023289824
0.675000000000 0.450000000000 0.000023701215
0.675000000000 0.462500000000 0.000024032930
0.675000000000 0.475000000000 0.000024276610
0.675000000000 0.487500000000 0.000024425662
0.675000000000 0.500000000000 0.000024475838
0.675000000000 0.512500000000 0.000024425662
0.675000000000 0.525000000000 0.000024276610
0.675000000000 0.537500000000 0.000024032930
0.675000000000 0.550000000000 0.000023701215
0.675000000000 0.562500000000 0.000023289824
0.675000000000 0.575000000000 0.000022808189
0.675000000000 0.587500000000 0.000022266166
0.675000000000 0.600000000000 0.000021673496
0.675000000000 0.612500000000 0.000021039415
0.675000000000 0.625000000000 0.000020372389
0.675000000000 0.637500000000 0.000019679971
0.675000000000 0.650000000000 0.000018968741
0.675000000000 0.662500000000 0.000018244308
0.675000000000 0.675000000000 0.000017511386
0.675000000000 0.687500000000 0.000016773882
0.675000000000 0.700000000000 0.000016034971
0.675000000000 0.712500000000 0.000015297190
0.675000000000 0.725000000000 0.000014562548
0.675000000000 0.737500000000 0.000013832607
0.675000000000 0.750000000000 0.000013108533
0.675000000000 0.762500000000 0.000012391162
0.675000000000 0.775000000000 0.000011681076
0.675000000000 0.787500000000 0.000010978632
0.675000000000 0.800000000000 0.000010284000
0.675000000000 0.812500000000 0.000009597205
0.675000000000 0.825000000000 0.000008918146
0.675000000000 0.837500000000 0.000008246601
0.675000000000 0.850000000000 0.000007582271
0.675000000000 0.862500000000 0.000006924811
0.675000000000 0.875000000000 0.000006273794
0.675000000000 0.887500000000 0.000005628755
0.675000000000 0.900000000000 0.000004989178
0.675000000000 0.912500000000 0.000004354522
0.675000000000 0.925000000000 0.000003724222
0.675000000000 0.937500000000 0.000003097689
0.675000000000 0.950000000000 0.000002474333
0.675000000000 0.962500000000 0.000001853511
0.675000000000 0.975000000000 0.000001234606
0.675000000000 0.987500000000 0.000000616977
0.675000000000 1.000000000000 0.000000000000

0.687500000000 0.000000000000 0.000000000000
0.687500000000 0.012500000000 0.000000598054
0.687500000000 0.025000000000 0.000001196695
0.687500000000 0.037500000000 0.000001796496
0.687500000000 0.050000000000 0.000002398012
0.687500000000 0.062500000000 0.000003001805
0.687500000000 0.075000000000 0.000003608440
0.687500000000 0.087500000000 0.000004218438
0.687500000000 0.100000000000 0.000004832305
0.687500000000 0.112500000000 0.000005450528
0.687500000000 0.125000000000 0.000006073563
0.687500000000 0.137500000000 0.000006701828
0.687500000000 0.150000000000 0.000007335695
0.687500000000 0.162500000000 0.000007975482
0.687500000000 0.175000000000 0.000008621433
0.687500000000 0.187500000000 0.000009273717
0.687500000000 0.200000000000 0.000009932423
0.687500000000 0.212500000000 0.000010597513
0.687500000000 0.225000000000 0.000011268814
0.687500000000 0.237500000000 0.000011945998
0.687500000000 0.250000000000 0.000012628554
0.687500000000 0.262500000000 0.000013315743
0.687500000000 0.275000000000 0.000014006559
0.687500000000 0.287500000000 0.000014699683
0.687500000000 0.300000000000 0.000015393432
0.687500000000 0.312500000000 0.000016085698
0.687500000000 0.325000000000 0.000016773882
0.687500000000 0.337500000000 0.000017454839
0.687500000000 0.350000000000 0.000018124786
0.687500000000 0.362500000000 0.000018779258
0.687500000000 0.375000000000 0.000019413077
0.687500000000 0.387500000000 0.000020020305
0.687500000000 0.400000000000 0.000020594277
0.687500000000 0.412500000000 0.000021127689
0.687500000000 0.425000000000 0.000021612747
0.687500000000 0.437500000000 0.000022041412
0.687500000000 0.450000000000 0.000022405714
0.687500000000 0.462500000000 0.000022698167
0.687500000000 0.475000000000 0.000022912242
0.687500000000 0.487500000000 0.000023042854
0.687500000000 0.500000000000 0.000023086767
0.687500000000 0.512500000000 0.000023042854
0.687500000000 0.525000000000 0.000022912242
0.687500000000 0.537500000000 0.000022698167
0.687500000000 0.550000000000 0.000022405714
0.687500000000 0.562500000000 0.000022041412
0.687500000000 0.575000000000 0.000021612747
0.687500000000 0.587500000000 0.000021127689
0.687500000000 0.600000000000 0.000020594277
0.687500000000 0.612500000000 0.000020020305
0.687500000000 0.625000000000 0.000019413077
0.687500000000 0.637500000000 0.000018779258
0.687500000000 0.650000000000 0.000018124786
0.687500000000 0.662500000000 0.000017454839
0.687500000000 0.675000000000 0.000016773882
0.687500000000 0.687500000000 0.000016085698
0.687500000000 0.700000000000 0.000015393432
0.687500000000 0.712500000000 0.000014699683
0.687500000000 0.725000000000 0.000014006559
0.687500000000 0.737500000000 0.000013315743
0.687500000000 0.750000000000 0.000012628554
0.687500000000 0.762500000000 0.000011945998
0.687500000000 0.775000000000 0.000011268814
0.687500000000 0.787500000000 0.000010597513
0.687500000000 0.800000000000 0.000009932423
0.687500000000 0.812500000000 0.000009273717
0.687500000000 0.825000000000 0.000008621433
0.687500000000 0.837500000000 0.000007975482
0.687500000000 0.850000000000 0.000007335695
0.687500000000 0.862500000000 0.000006701828
0.687500000000 0.875000000000 0.000006073563
0.687500000000 0.887500000000 0.000005450528
0.687500000000 0.900000000000 0.000004832305
0.687500000000 0.912500000000 0.000004218438
0.687500000000 0.925000000000 0.000003608440
0.687500000000 0.937500000000 0.000003001805
0.687500000000 0.950000000000 0.000002398012
0.687500000000 0.962500000000 0.000001796496
0.687500000000 0.975000000000 0.000001196695
0.687500000000 0.987500000000 0.000000598054
0.687500000000 1.000000000000 0.000000000000

0.700000000000 0.000000000000 0.000000000000
0.700000000000 0.012500000000 0.000000578330
0.700000000000 0.025000000000 0.000001157182
0.700000000000 0.037500000000 0.000001737073
0.700000000000 0.050000000000 0.000002318493
0.700000000000 0.062500000000 0.000002901937
0.700000000000 0.075000000000 0.000003487896
0.700000000000 0.087500000000 0.000004076825
0.700000000000 0.100000000000 0.000004669162
0.700000000000 0.112500000000 0.000005265315
0.700000000000 0.125000000000 0.000005865660
0.700000000000 0.137500000000 0.000006470520
0.700000000000 0.150000000000 0.000007080182
0.700000000000 0.162500000000 0.000007694864
0.700000000000 0.175000000000 0.000008314727
0.700000000000 0.187500000000 0.000008939820
0.700000000000 0.200000000000 0.000009570121
0.700000000000 0.212500000000 0.000010205464
0.700000000000 0.225000000000 0.000010845566
0.700000000000 0.237500000000 0.000011489974
0.700000000000 0.250000000000 0.000012138047
0.700000000000 0.262500000000 0.000012788924
0.700000000000 0.275000000000 0.000013441494
0.700000000000 0.287500000000 0.000014094336
0.700000000000 0.300000000000 0.000014745692
0.700000000000 0.312500000000 0.000015393432
0.700000000000 0.325000000000 0.000016034971
0.700000000000 0.337500000000 0.000016667247
0.700000000000 0.350000000000 0.000017286669
0.700000000000 0.362500000000 0.000017889078
0.700000000000 0.375000000000 0.000018469740
0.700000000000 0.387500000000 0.000019023354
0.700000000000 0.400000000000 0.000019544068
0.700000000000 0.412500000000 0.000020025595
0.700000000000 0.425000000000 0.000020461351
0.700000000000 0.437500000000 0.000020844667
0.700000000000 0.450000000000 0.000021169064
0.700000000000 0.462500000000 0.000021428539
0.700000000000 0.475000000000 0.000021617927
0.700000000000 0.487500000000 0.000021733241
0.700000000000 0.500000000000 0.000021771974
0.700000000000 0.512500000000 0.000021733241
0.700000000000 0.525000000000 0.000021617927
0.700000000000 0.537500000000 0.000021428539
0.700000000000 0.550000000000 0.000021169064
0.700000000000 0.562500000000 0.000020844667
0.700000000000 0.575000000000 0.000020461351
0.700000000000 0.587500000000 0.000020025595
0.700000000000 0.600000000000 0.000019544068
0.700000000000 0.612500000000 0.000019023354
0.700000000000 0.625000000000 0.000018469740
0.700000000000 0.637500000000 0.000017889078
0.700000000000 0.650000000000 0.000017286669
0.700000000000 0.662500000000 0.000016667247
0.700000000000 0.675000000000 0.000016034971
0.700000000000 0.687500000000 0.000015393432
0.700000000000 0.700000000000 0.000014745692
0.700000000000 0.712500000000 0.000014094336
0.700000000000 0.725000000000 0.000013441494
0.700000000000 0.737500000000 0.000012788924
0.700000000000 0.750000000000 0.000012138047
0.700000000000 0.762500000000 0.000011489974
0.700000000000 0.775000000000 0.000010845566
0.700000000000 0.787500000000 0.000010205464
0.700000000000 0.800000000000 0.000009570121
0.700000000000 0.812500000000 0.000008939820
0.700000000000 0.825000000000 0.000008314727
0.700000000000 0.837500000000 0.000007694864
0.700000000000 0.850000000000 0.000007080182
0.700000000000 0.862500000000 0.000006470520
0.700000000000 0.875000000000 0.000005865660
0.700000000000 0.887500000000 0.000005265315
0.700000000000 0.900000000000 0.000004669162
0.700000000000 0.912500000000 0.000004076825
0.700000000000 0.925000000000 0.000003487896
0.700000000000 0.937500000000 0.000002901937
0.700000000000 0.950000000000 0.000002318493
0.700000000000 0.962500000000 0.000001737073
0.700000000000 0.975000000000 0.000001157182
0.700000000000 0.987500000000 0.000000578330
0.700000000000 1.000000000000 0.000000000000

0.712500000000 0.000000000000 0.000000000000
0.712500000000 0.012500000000 0.000000557877
0.712500000000 0.025000000000 0.000001116215
0.712500000000 0.037500000000 0.000001675470
0.712500000000 0.050000000000 0.000002236069
0.712500000000 0.062500000000 0.000002798454
0.712500000000 0.075000000000 0.000003363044
0.712500000000 0.087500000000 0.000003930230
0.712500000000 0.100000000000 0.000004500380
0.712500000000 0.112500000000 0.000005073839
0.712500000000 0.125000000000 0.000005650897
0.712500000000 0.137500000000 0.000006231802
0.712500000000 0.150000000000 0.000006816753
0.712500000000 0.162500000000 0.000007405897
0.712500000000 0.175000000000 0.000007999299
0.712500000000 0.187500000000 0.000008596921
0.712500000000 0.200000000000 0.000009198630
0.712500000000 0.212500000000 0.000009804180
0.712500000000 0.225000000000 0.000010413176
0.712500000000 0.237500000000 0.000011025079
0.712500000000 0.250000000000 0.000011639151
0.712500000000 0.262500000000 0.000012254439
0.712500000000 0.275000000000 0.000012869761
0.712500000000 0.287500000000 0.000013483656
0.712500000000 0.300000000000 0.000014094336
0.712500000000 0.312500000000 0.000014699683
0.712500000000 0.325000000000 0.000015297190
0.712500000000 0.337500000000 0.000015883928
0.712500000000 0.350000000000 0.000016456536
0.712500000000 0.362500000000 0.000017011174
0.712500000000 0.375000000000 0.000017543560
0.712500000000 0.387500000000 0.000018048979
0.712500000000 0.400000000000 0.000018522309
0.712500000000 0.412500000000 0.000018958151
0.712500000000 0.425000000000 0.000019350931
0.712500000000 0.437500000000 0.000019695103
0.712500000000 0.450000000000 0.000019985337
0.712500000000 0.462500000000 0.000020216793
0.712500000000 0.475000000000 0.000020385325
0.712500000000 0.487500000000 0.000020487772
0.712500000000 0.500000000000 0.000020522152
0.712500000000 0.512500000000 0.000020487772
0.712500000000 0.525000000000 0.000020385325
0.712500000000 0.537500000000 0.000020216793
0.712500000000 0.550000000000 0.000019985337
0.712500000000 0.562500000000 0.000019695103
0.712500000000 0.575000000000 0.000019350931
0.712500000000 0.587500000000 0.000018958151
0.712500000000 0.600000000000 0.000018522309
0.712500000000 0.612500000000 0.000018048979
0.712500000000 0.625000000000 0.000017543560
0.712500000000 0.637500000000 0.000017011174
0.712500000000 0.650000000000 0.000016456536
0.712500000000 0.662500000000 0.000015883928
0.712500000000 0.675000000000 0.000015297190
0.712500000000 0.687500000000 0.000014699683
0.712500000000 0.700000000000 0.000014094336
0.712500000000 0.712500000000 0.000013483656
0.712500000000 0.725000000000 0.000012869761
0.712500000000 0.737500000000 0.000012254439
0.712500000000 0.750000000000 0.000011639151
0.712500000000 0.762500000000 0.000011025079
0.712500000000 0.775000000000 0.000010413176
0.712500000000 0.787500000000 0.000009804180
0.712500000000 0.800000000000 0.000009198630
0.712500000000 0.812500000000 0.000008596921
0.712500000000 0.825000000000 0.000007999299
0.712500000000 0.837500000000 0.000007405897
0.712500000000 0.850000000000 0.000006816753
0.712500000000 0.862500000000 0.000006231802
0.712500000000 0.875000000000 0.000005650897
0.712500000000 0.887500000000 0.000005073839
0.712500000000 0.900000000000 0.000004500380
0.712500000000 0.912500000000 0.000003930230
0.712500000000 0.925000000000 0.000003363044
0.712500000000 0.937500000000 0.000002798454
0.712500000000 0.950000000000 0.000002236069
0.712500000000 0.962500000000 0.000001675470
0.712500000000 0.975000000000 0.000001116215
0.712500000000 0.987500000000 0.000000557877
0.712500000000 1.000000000000 0.000000000000

0.725000000000 0.000000000000 0.000000000000
0.725000000000 0.012500000000 0.000000536764
0.725000000000 0.025000000000 0.000001073926
0.725000000000 0.037500000000 0.000001611886
0.725000000000 0.050000000000 0.000002151022
0.725000000000 0.062500000000 0.000002691717
0.725000000000 0.075000000000 0.000003234322
0.725000000000 0.087500000000 0.000003779171
0.725000000000 0.100000000000 0.000004326568
0.725000000000 0.112500000000 0.000004876788
0.725000000000 0.125000000000 0.000005430057
0.725000000000 0.137500000000 0.000005986546
0.725000000000 0.150000000000 0.000006546385
0.725000000000 0.162500000000 0.000007109654
0.725000000000 0.175000000000 0.000007676333
0.725000000000 0.187500000000 0.000008246312
0.725000000000 0.200000000000 0.000008819375
0.725000000000 0.212500000000 0.000009395199
0.725000000000 0.225000000000 0.000009973313
0.725000000000 0.237500000000 0.000010553094
0.725000000000 0.250000000000 0.000011133749
0.725000000000 0.262500000000 0.000011714272
0.725000000000 0.275000000000 0.000012293433
0.725000000000 0.287500000000 0.000012869761
0.725000000000 0.300000000000 0.000013441494
0.725000000000 0.312500000000 0.000014006559
0.725000000000 0.325000000000 0.000014562548
0.725000000000 0.337500000000 0.000015106710
0.725000000000 0.350000000000 0.000015635924
0.725000000000 0.362500000000 0.000016146683
0.725000000000 0.375000000000 0.000016635132
0.725000000000 0.387500000000 0.000017097084
0.725000000000 0.400000000000 0.000017528072
0.725000000000 0.412500000000 0.000017923454
0.725000000000 0.425000000000 0.000018278508
0.725000000000 0.437500000000 0.000018588592
0.725000000000 0.450000000000 0.000018849308
0.725000000000 0.462500000000 0.000019056694
0.725000000000 0.475000000000 0.000019207400
0.725000000000 0.487500000000 0.000019298891
0.725000000000 0.500000000000 0.000019329569
0.725000000000 0.512500000000 0.000019298891
0.725000000000 0.525000000000 0.000019207400
0.725000000000 0.537500000000 0.000019056694
0.725000000000 0.550000000000 0.000018849308
0.725000000000 0.562500000000 0.000018588592
0.725000000000 0.575000000000 0.000018278508
0.725000000000 0.587500000000 0.000017923454
0.725000000000 0.600000000000 0.000017528072
0.725000000000 0.612500000000 0.000017097084
0.725000000000 0.625000000000 0.000016635132
0.725000000000 0.637500000000 0.000016146683
0.725000000000 0.650000000000 0.000015635924
0.725000000000 0.662500000000 0.000015106710
0.725000000000 0.675000000000 0.000014562548
0.725000000000 0.687500000000 0.000014006559
0.725000000000 0.700000000000 0.000013441494
0.725000000000 0.712500000000 0.000012869761
0.725000000000 0.725000000000 0.000012293433
0.725000000000 0.737500000000 0.000011714272
0.725000000000 0.750000000000 0.000011133749
0.725000000000 0.762500000000 0.000010553094
0.725000000000 0.775000000000 0.000009973313
0.725000000000 0.787500000000 0.000009395199
0.725000000000 0.800000000000 0.000008819375
0.725000000000 0.812500000000 0.000008246312
0.725000000000 0.825000000000 0.000007676333
0.725000000000 0.837500000000 0.000007109654
0.725000000000 0.850000000000 0.000006546385
0.725000000000 0.862500000000 0.000005986546
0.725000000000 0.875000000000 0.000005430057
0.725000000000 0.887500000000 0.000004876788
0.725000000000 0.900000000000 0.000004326568
0.725000000000 0.912500000000 0.000003779171
0.725000000000 0.925000000000 0.000003234322
0.725000000000 0.937500000000 0.000002691717
0.725000000000 0.950000000000 0.000002151022
0.725000000000 0.962500000000 0.000001611886
0.725000000000 0.975000000000 0.000001073926
0.725000000000 0.987500000000 0.000000536764
0.725000000000 1.000000000000 0.000000000000

0.737500000000 0.000000000000 0.000000000000
0.737500000000 0.012500000000 0.000000515053
0.737500000000 0.025000000000 0.000001030441
0.737500000000 0.037500000000 0.000001546524
0.737500000000 0.050000000000 0.000002063624
0.737500000000 0.062500000000 0.000002582070
0.737500000000 0.075000000000 0.000003102149
0.737500000000 0.087500000000 0.000003624137
0.737500000000 0.100000000000 0.000004148284
0.737500000000 0.112500000000 0.000004674808
0.737500000000 0.125000000000 0.000005203868
0.737500000000 0.137500000000 0.000005735574
0.737500000000 0.150000000000 0.000006269994
0.737500000000 0.162500000000 0.000006807141
0.737500000000 0.175000000000 0.000007346934
0.737500000000 0.187500000000 0.000007889197
0.737500000000 0.200000000000 0.000008433648
0.737500000000 0.212500000000 0.000008979907
0.737500000000 0.225000000000 0.000009527446
0.737500000000 0.237500000000 0.000010075583
0.737500000000 0.250000000000 0.000010623485
0.737500000000 0.262500000000 0.000011170131
0.737500000000 0.275000000000 0.000011714272
0.737500000000 0.287500000000 0.000012254439
0.737500000000 0.300000000000 0.000012788924
0.737500000000 0.312500000000 0.000013315743
0.737500000000 0.325000000000 0.000013832607
0.737500000000 0.337500000000 0.000014336951
0.737500000000 0.350000000000 0.000014825897
0.737500000000 0.362500000000 0.000015296265
0.737500000000 0.375000000000 0.000015744605
0.737500000000 0.387500000000 0.000016167213
0.737500000000 0.400000000000 0.000016560187
0.737500000000 0.412500000000 0.000016919530
0.737500000000 0.425000000000 0.000017241240
0.737500000000 0.437500000000 0.000017521401
0.737500000000 0.450000000000 0.000017756372
0.737500000000 0.462500000000 0.000017942877
0.737500000000 0.475000000000 0.000018078180
0.737500000000 0.487500000000 0.000018160230
0.737500000000 0.500000000000 0.000018187726
0.737500000000 0.512500000000 0.000018160230
0.737500000000 0.525000000000 0.000018078180
0.737500000000 0.537500000000 0.000017942877
0.737500000000 0.550000000000 0.000017756372
0.737500000000 0.562500000000 0.000017521401
0.737500000000 0.575000000000 0.000017241240
0.737500000000 0.587500000000 0.000016919530
0.737500000000 0.600000000000 0.000016560187
0.737500000000 0.612500000000 0.000016167213
0.737500000000 0.625000000000 0.000015744605
0.737500000000 0.637500000000 0.000015296265
0.737500000000 0.650000000000 0.000014825897
0.737500000000 0.662500000000 0.000014336951
0.737500000000 0.675000000000 0.000013832607
0.737500000000 0.687500000000 0.000013315743
0.737500000000 0.700000000000 0.000012788924
0.737500000000 0.712500000000 0.000012254439
0.737500000000 0.725000000000 0.000011714272
0.737500000000 0.737500000000 0.000011170131
0.737500000000 0.750000000000 0.000010623485
0.737500000000 0.762500000000 0.000010075583
0.737500000000 0.775000000000 0.000009527446
0.737500000000 0.787500000000 0.000008979907
0.737500000000 0.800000000000 0.000008433648
0.737500000000 0.812500000000 0.000007889197
0.737500000000 0.825000000000 0.000007346934
0.737500000000 0.837500000000 0.000006807141
0.737500000000 0.850000000000 0.000006269994
0.737500000000 0.862500000000 0.000005735574
0.737500000000 0.875000000000 0.000005203868
0.737500000000 0.887500000000 0.000004674808
0.737500000000 0.900000000000 0.000004148284
0.737500000000 0.912500000000 0.000003624137
0.737500000000 0.925000000000 0.000003102149
0.737500000000 0.937500000000 0.000002582070
0.737500000000 0.950000000000 0.000002063624
0.737500000000 0.962500000000 0.000001546524
0.737500000000 0.975000000000 0.000001030441
0.737500000000 0.987500000000 0.000000515053
0.737500000000 1.000000000000 0.000000000000

0.750000000000 0.000000000000 0.000000000000
0.750000000000 0.012500000000 0.000000492801
0.750000000000 0.025000000000 0.000000985896
0.750000000000 0.037500000000 0.000001479578
0.750000000000 0.050000000000 0.000001974132
0.750000000000 0.062500000000 0.000002469826
0.750000000000 0.075000000000 0.000002966903
0.750000000000 0.087500000000 0.000003465584
0.750000000000 0.100000000000 0.000003966060
0.750000000000 0.112500000000 0.000004468500
0.750000000000 0.125000000000 0.000004973007
0.750000000000 0.137500000000 0.000005479644
0.750000000000 0.150000000000 0.000005988414
0.750000000000 0.162500000000 0.000006499275
0.750000000000 0.175000000000 0.000007012097
0.750000000000 0.187500000000 0.000007526656
0.750000000000 0.200000000000 0.000008042615
0.750000000000 0.212500000000 0.000008559552
0.750000000000 0.225000000000 0.000009076891
0.750000000000 0.237500000000 0.000009593928
0.750000000000 0.250000000000 0.000010109801
0.750000000000 0.262500000000 0.000010623485
0.750000000000 0.275000000000 0.000011133749
0.750000000000 0.287500000000 0.000011639151
0.750000000000 0.300000000000 0.000012138047
0.750000000000 0.312500000000 0.000012628554
0.750000000000 0.325000000000 0.000013108533
0.750000000000 0.337500000000 0.000013575598
0.750000000000 0.350000000000 0.000014027122
0.750000000000 0.362500000000 0.000014460222
0.750000000000 0.375000000000 0.000014871830
0.750000000000 0.387500000000 0.000015258675
0.750000000000 0.400000000000 0.000015617346
0.750000000000 0.412500000000 0.000015944407
0.750000000000 0.425000000000 0.000016236441
0.750000000000 0.437500000000 0.000016490144
0.750000000000 0.450000000000 0.000016702462
0.750000000000 0.462500000000 0.000016870687
0.750000000000 0.475000000000 0.000016992552
0.750000000000 0.487500000000 0.000017066375
0.750000000000 0.500000000000 0.000017091101
0.750000000000 0.512500000000 0.000017066375
0.750000000000 0.525000000000 0.000016992552
0.750000000000 0.537500000000 0.000016870687
0.750000000000 0.550000000000 0.000016702462
0.750000000000 0.562500000000 0.000016490144
0.750000000000 0.575000000000 0.000016236441
0.750000000000 0.587500000000 0.000015944407
0.750000000000 0.600000000000 0.000015617346
0.750000000000 0.612500000000 0.000015258675
0.750000000000 0.625000000000 0.000014871830
0.750000000000 0.637500000000 0.000014460222
0.750000000000 0.650000000000 0.000014027122
0.750000000000 0.662500000000 0.000013575598
0.750000000000 0.675000000000 0.000013108533
0.750000000000 0.687500000000 0.000012628554
0.750000000000 0.700000000000 0.000012138047
0.750000000000 0.712500000000 0.000011639151
0.750000000000 0.725000000000 0.000011133749
0.750000000000 0.737500000000 0.000010623485
0.750000000000 0.750000000000 0.000010109801
0.750000000000 0.762500000000 0.000009593928
0.750000000000 0.775000000000 0.000009076891
0.750000000000 0.787500000000 0.000008559552
0.750000000000 0.800000000000 0.000008042615
0.750000000000 0.812500000000 0.000007526656
0.750000000000 0.825000000000 0.000007012097
0.750000000000 0.837500000000 0.000006499275
0.750000000000 0.850000000000 0.000005988414
0.750000000000 0.862500000000 0.000005479644
0.750000000000 0.875000000000 0.000004973007
0.750000000000 0.887500000000 0.000004468500
0.750000000000 0.900000000000 0.000003966060
0.750000000000 0.912500000000 0.000003465584
0.750000000000 0.925000000000 0.000002966903
0.750000000000 0.937500000000 0.000002469826
0.750000000000 0.950000000000 0.000001974132
0.750000000000 0.962500000000 0.000001479578
0.750000000000 0.975000000000 0.000000985896
0.750000000000 0.987500000000 0.000000492801
0.750000000000 1.000000000000 0.000000000000

0.762500000000 0.000000000000 0.000000000000
0.762500000000 0.012500000000 0.000000470077
0.762500000000 0.025000000000 0.000000940405
0.762500000000 0.037500000000 0.000001411225
0.762500000000 0.050000000000 0.000001882784
0.762500000000 0.062500000000 0.000002355293
0.762500000000 0.075000000000 0.000002828949
0.762500000000 0.087500000000 0.000003303938
0.762500000000 0.100000000000 0.000003780397
0.762500000000 0.112500000000 0.000004258438
0.762500000000 0.125000000000 0.000004738117
0.762500000000 0.137500000000 0.000005219461
0.762500000000 0.150000000000 0.000005702422
0.762500000000 0.162500000000 0.000006186904
0.762500000000 0.175000000000 0.000006672741
0.762500000000 0.187500000000 0.000007159665
0.762500000000 0.200000000000 0.000007647315
0.762500000000 0.212500000000 0.000008135230
0.762500000000 0.225000000000 0.000008622808
0.762500000000 0.237500000000 0.000009109330
0.762500000000 0.250000000000 0.000009593928
0.762500000000 0.262500000000 0.000010075583
0.762500000000 0.275000000000 0.000010553094
0.762500000000 0.287500000000 0.000011025079
0.762500000000 0.300000000000 0.000011489974
0.762500000000 0.312500000000 0.000011945998
0.762500000000 0.325000000000 0.000012391162
0.762500000000 0.337500000000 0.000012823273
0.762500000000 0.350000000000 0.000013239940
0.762500000000 0.362500000000 0.000013638572
0.762500000000 0.375000000000 0.000014016424
0.762500000000 0.387500000000 0.000014370617
0.762500000000 0.400000000000 0.000014698186
0.762500000000 0.412500000000 0.000014996156
0.762500000000 0.425000000000 0.000015261605
0.762500000000 0.437500000000 0.000015491729
0.762500000000 0.450000000000 0.000015683959
0.762500000000 0.462500000000 0.000015836030
0.762500000000 0.475000000000 0.000015946066
0.762500000000 0.487500000000 0.000016012660
0.762500000000 0.500000000000 0.000016034951
0.762500000000 0.512500000000 0.000016012660
0.762500000000 0.525000000000 0.000015946066
0.762500000000 0.537500000000 0.000015836030
0.762500000000 0.550000000000 0.000015683959
0.762500000000 0.562500000000 0.000015491729
0.762500000000 0.575000000000 0.000015261605
0.762500000000 0.587500000000 0.000014996156
0.762500000000 0.600000000000 0.000014698186
0.762500000000 0.612500000000 0.000014370617
0.762500000000 0.625000000000 0.000014016424
0.762500000000 0.637500000000 0.000013638572
0.762500000000 0.650000000000 0.000013239940
0.762500000000 0.662500000000 0.000012823273
0.762500000000 0.675000000000 0.000012391162
0.762500000000 0.687500000000 0.000011945998
0.762500000000 0.700000000000 0.000011489974
0.762500000000 0.712500000000 0.000011025079
0.762500000000 0.725000000000 0.000010553094
0.762500000000 0.737500000000 0.000010075583
0.762500000000 0.750000000000 0.000009593928
0.762500000000 0.762500000000 0.000009109330
0.762500000000 0.775000000000 0.000008622808
0.762500000000 0.787500000000 0.000008135230
0.762500000000 0.800000000000 0.000007647315
0.762500000000 0.812500000000 0.000007159665
0.762500000000 0.825000000000 0.000006672741
0.762500000000 0.837500000000 0.000006186904
0.762500000000 0.850000000000 0.000005702422
0.762500000000 0.862500000000 0.000005219461
0.762500000000 0.875000000000 0.000004738117
0.762500000000 0.887500000000 0.000004258438
0.762500000000 0.900000000000 0.000003780397
0.762500000000 0.912500000000 0.000003303938
0.762500000000 0.925000000000 0.000002828949
0.762500000000 0.937500000000 0.000002355293
0.762500000000 0.950000000000 0.000001882784
0.762500000000 0.962500000000 0.000001411225
0.762500000000 0.975000000000 0.000000940405
0.762500000000 0.987500000000 0.000000470077
0.762500000000 1.000000000000 0.000000000000

0.775000000000 0.000000000000 0.000000000000
0.775000000000 0.012500000000 0.000000446938
0.775000000000 0.025000000000 0.000000894087
0.775000000000 0.037500000000 0.000001341642
0.775000000000 0.050000000000 0.000001789806
0.775000000000 0.062500000000 0.000002238751
0.775000000000 0.075000000000 0.000002688639
0.775000000000 0.087500000000 0.000003139608
0.775000000000 0.100000000000 0.000003591749
0.775000000000 0.112500000000 0.000004045131
0.775000000000 0.125000000000 0.000004499776
0.775000000000 0.137500000000 0.000004955661
0.775000000000 0.150000000000 0.000005412710
0.775000000000 0.162500000000 0.000005870789
0.775000000000 0.175000000000 0.000006329688
0.775000000000 0.187500000000 0.000006789110
0.775000000000 0.200000000000 0.000007248680
0.775000000000 0.212500000000 0.000007707912
0.775000000000 0.225000000000 0.000008166198
0.775000000000 0.237500000000 0.000008622808
0.775000000000 0.250000000000 0.000009076891
0.775000000000 0.262500000000 0.000009527446
0.775000000000 0.275000000000 0.000009973313
0.775000000000 0.287500000000 0.000010413176
0.775000000000 0.300000000000 0.000010845566
0.775000000000 0.312500000000 0.000011268814
0.775000000000 0.325000000000 0.000011681076
0.775000000000 0.337500000000 0.000012080356
0.775000000000 0.350000000000 0.000012464477
0.775000000000 0.362500000000 0.000012831121
0.775000000000 0.375000000000 0.000013177834
0.775000000000 0.387500000000 0.000013502087
0.775000000000 0.400000000000 0.000013801304
0.775000000000 0.412500000000 0.000014072901
0.775000000000 0.425000000000 0.000014314379
0.775000000000 0.437500000000 0.000014523346
0.775000000000 0.450000000000 0.000014697623
0.775000000000 0.462500000000 0.000014835308
0.775000000000 0.475000000000 0.000014934830
0.775000000000 0.487500000000 0.000014995015
0.775000000000 0.500000000000 0.000015015158
0.775000000000 0.512500000000 0.000014995015
0.775000000000 0.525000000000 0.000014934830
0.775000000000 0.537500000000 0.000014835308
0.775000000000 0.550000000000 0.000014697623
0.775000000000 0.562500000000 0.000014523346
0.775000000000 0.575000000000 0.000014314379
0.775000000000 0.587500000000 0.000014072901
0.775000000000 0.600000000000 0.000013801304
0.775000000000 0.612500000000 0.000013502087
0.775000000000 0.625000000000 0.000013177834
0.775000000000 0.637500000000 0.000012831121
0.775000000000 0.650000000000 0.000012464477
0.775000000000 0.662500000000 0.000012080356
0.775000000000 0.675000000000 0.000011681076
0.775000000000 0.687500000000 0.000011268814
0.775000000000 0.700000000000 0.000010845566
0.775000000000 0.712500000000 0.000010413176
0.775000000000 0.725000000000 0.000009973313
0.775000000000 0.737500000000 0.000009527446
0.775000000000 0.750000000000 0.000009076891
0.775000000000 0.762500000000 0.000008622808
0.775000000000 0.775000000000 0.000008166198
0.775000000000 0.787500000000 0.000007707912
0.775000000000 0.800000000000 0.000007248680
0.775000000000 0.812500000000 0.000006789110
0.775000000000 0.825000000000 0.000006329688
0.775000000000 0.837500000000 0.000005870789
0.775000000000 0.850000000000 0.000005412710
0.775000000000 0.862500000000 0.000004955661
0.775000000000 0.875000000000 0.000004499776
0.775000000000 0.887500000000 0.000004045131
0.775000000000 0.900000000000 0.000003591749
0.775000000000 0.912500000000 0.000003139608
0.775000000000 0.925000000000 0.000002688639
0.775000000000 0.937500000000 0.000002238751
0.775000000000 0.950000000000 0.000001789806
0.775000000000 0.962500000000 0.000001341642
0.775000000000 0.975000000000 0.000000894087
0.775000000000 0.987500000000 0.000000446938
0.775000000000 1.000000000000 0.000000000000

0.787500000000 0.000000000000 0.000000000000
0.787500000000 0.012500000000 0.000000423440
0.787500000000 0.025000000000 0.000000847045
0.787500000000 0.037500000000 0.000001270982
0.787500000000 0.050000000000 0.000001695416
0.787500000000 0.062500000000 0.000002120472
0.787500000000 0.075000000000 0.000002546286
0.787500000000 0.087500000000 0.000002972956
0.787500000000 0.100000000000 0.000003400530
0.787500000000 0.112500000000 0.000003829052
0.787500000000 0.125000000000 0.000004258503
0.787500000000 0.137500000000 0.000004688823
0.787500000000 0.150000000000 0.000005119910
0.787500000000 0.162500000000 0.000005551598
0.787500000000 0.175000000000 0.000005983649
0.787500000000 0.187500000000 0.000006415753
0.787500000000 0.200000000000 0.000006847514
0.787500000000 0.212500000000 0.000007278436
0.787500000000 0.225000000000 0.000007707912
0.787500000000 0.237500000000 0.000008135230
0.787500000000 0.250000000000 0.000008559552
0.787500000000 0.262500000000 0.000008979907
0.787500000000 0.275000000000 0.000009395199
0.787500000000 0.287500000000 0.000009804180
0.787500000000 0.300000000000 0.000010205464
0.787500000000 0.312500000000 0.000010597513
0.787500000000 0.325000000000 0.000010978632
0.787500000000 0.337500000000 0.000011347001
0.787500000000 0.350000000000 0.000011700644
0.787500000000 0.362500000000 0.000012037495
0.787500000000 0.375000000000 0.000012355380
0.787500000000 0.387500000000 0.000012652064
0.787500000000 0.400000000000 0.000012925303
0.787500000000 0.412500000000 0.000013172862
0.787500000000 0.425000000000 0.000013392581
0.787500000000 0.437500000000 0.000013582423
0.787500000000 0.450000000000 0.000013740537
0.787500000000 0.462500000000 0.000013865304
0.787500000000 0.475000000000 0.000013955406
0.787500000000 0.487500000000 0.000014009863
0.787500000000 0.500000000000 0.000014028080
0.787500000000 0.512500000000 0.000014009863
0.787500000000 0.525000000000 0.000013955406
0.787500000000 0.537500000000 0.000013865304
0.787500000000 0.550000000000 0.000013740537
0.787500000000 0.562500000000 0.000013582423
0.787500000000 0.575000000000 0.000013392581
0.787500000000 0.587500000000 0.000013172862
0.787500000000 0.600000000000 0.000012925303
0.787500000000 0.612500000000 0.000012652064
0.787500000000 0.625000000000 0.000012355380
0.787500000000 0.637500000000 0.000012037495
0.787500000000 0.650000000000 0.000011700644
0.787500000000 0.662500000000 0.000011347001
0.787500000000 0.675000000000 0.000010978632
0.787500000000 0.687500000000 0.000010597513
0.787500000000 0.700000000000 0.000010205464
0.787500000000 0.712500000000 0.000009804180
0.787500000000 0.725000000000 0.000009395199
0.787500000000 0.737500000000 0.000008979907
0.787500000000 0.750000000000 0.000008559552
0.787500000000 0.762500000000 0.000008135230
0.787500000000 0.775000000000 0.000007707912
0.787500000000 0.787500000000 0.000007278436
0.787500000000 0.800000000000 0.000006847514
0.787500000000 0.812500000000 0.000006415753
0.787500000000 0.825000000000 0.000005983649
0.787500000000 0.837500000000 0.000005551598
0.787500000000 0.850000000000 0.000005119910
0.787500000000 0.862500000000 0.000004688823
0.787500000000 0.875000000000 0.000004258503
0.787500000000 0.887500000000 0.000003829052
0.787500000000 0.900000000000 0.000003400530
0.787500000000 0.912500000000 0.000002972956
0.787500000000 0.925000000000 0.000002546286
0.787500000000 0.937500000000 0.000002120472
0.787500000000 0.950000000000 0.000001695416
0.787500000000 0.962500000000 0.000001270982
0.787500000000 0.975000000000 0.000000847045
0.787500000000 0.987500000000 0.000000423440
0.787500000000 1.000000000000 0.000000000000

0.800000000000 0.000000000000 0.000000000000
0.800000000000 0.012500000000 0.000000399623
0.800000000000 0.025000000000 0.000000799370
0.800000000000 0.037500000000 0.000001199383
0.800000000000 0.050000000000 0.000001599795
0.800000000000 0.062500000000 0.000002000702
0.800000000000 0.075000000000 0.000002402193
0.800000000000 0.087500000000 0.000002804334
0.800000000000 0.100000000000 0.000003207151
0.800000000000 0.112500000000 0.000003610650
0.800000000000 0.125000000000 0.000004014786
0.800000000000 0.137500000000 0.000004419474
0.800000000000 0.150000000000 0.000004824579
0.800000000000 0.162500000000 0.000005229929
0.800000000000 0.175000000000 0.000005635260
0.800000000000 0.187500000000 0.000006040258
0.800000000000 0.200000000000 0.000006444506
0.800000000000 0.212500000000 0.000006847514
0.800000000000 0.225000000000 0.000007248680
0.800000000000 0.237500000000 0.000007647315
0.800000000000 0.250000000000 0.000008042615
0.800000000000 0.262500000000 0.000008433648
0.800000000000 0.275000000000 0.000008819375
0.800000000000 0.287500000000 0.000009198630
0.800000000000 0.300000000000 0.000009570121
0.800000000000 0.312500000000 0.000009932423
0.800000000000 0.325000000000 0.000010284000
0.800000000000 0.337500000000 0.000010623191
0.800000000000 0.350000000000 0.000010948222
0.800000000000 0.362500000000 0.000011257241
0.800000000000 0.375000000000 0.000011548316
0.800000000000 0.387500000000 0.000011819489
0.800000000000 0.400000000000 0.000012068796
0.800000000000 0.412500000000 0.000012294314
0.800000000000 0.425000000000 0.000012494168
0.800000000000 0.437500000000 0.000012666614
0.800000000000 0.450000000000 0.000012810059
0.800000000000 0.462500000000 0.000012923141
0.800000000000 0.475000000000 0.000013004739
0.800000000000 0.487500000000 0.000013054032
0.800000000000 0.500000000000 0.000013070515
0.800000000000 0.512500000000 0.000013054032
0.800000000000 0.525000000000 0.000013004739
0.800000000000 0.537500000000 0.000012923141
0.800000000000 0.550000000000 0.000012810059
0.800000000000 0.562500000000 0.000012666614
0.800000000000 0.575000000000 0.000012494168
0.800000000000 0.587500000000 0.000012294314
0.800000000000 0.600000000000 0.000012068796
0.800000000000 0.612500000000 0.000011819489
0.800000000000 0.625000000000 0.000011548316
0.800000000000 0.637500000000 0.000011257241
0.800000000000 0.650000000000 0.000010948222
0.800000000000 0.662500000000 0.000010623191
0.800000000000 0.675000000000 0.000010284000
0.800000000000 0.687500000000 0.000009932423
0.800000000000 0.700000000000 0.000009570121
0.800000000000 0.712500000000 0.000009198630
0.800000000000 0.725000000000 0.000008819375
0.800000000000 0.737500000000 0.000008433648
0.800000000000 0.750000000000 0.000008042615
0.800000000000 0.762500000000 0.000007647315
0.800000000000 0.775000000000 0.000007248680
0.800000000000 0.787500000000 0.000006847514
0.800000000000 0.800000000000 0.000006444506
0.800000000000 0.812500000000 0.000006040258
0.800000000000 0.825000000000 0.000005635260
0.800000000000 0.837500000000 0.000005229929
0.800000000000 0.850000000000 0.000004824579
0.800000000000 0.862500000000 0.000004419474
0.800000000000 0.875000000000 0.000004014786
0.800000000000 0.887500000000 0.000003610650
0.800000000000 0.900000000000 0.000003207151
0.800000000000 0.912500000000 0.000002804334
0.800000000000 0.925000000000 0.000002402193
0.800000000000 0.937500000000 0.000002000702
0.800000000000 0.950000000000 0.000001599795
0.800000000000 0.962500000000 0.000001199383
0.800000000000 0.975000000000 0.000000799370
0.800000000000 0.987500000000 0.000000399623
0.800000000000 1.000000000000 0.000000000000

0.812500000000 0.000000000000 0.000000000000
0.812500000000 0.012500000000 0.000000375528
0.812500000000 0.025000000000 0.000000751156
0.812500000000 0.037500000000 0.000001126991
0.812500000000 0.050000000000 0.000001503129
0.812500000000 0.062500000000 0.000001879648
0.812500000000 0.075000000000 0.000002256604
0.812500000000 0.087500000000 0.000002634034
0.812500000000 0.100000000000 0.000003011940
0.812500000000 0.112500000000 0.000003390289
0.812500000000 0.125000000000 0.000003769033
0.812500000000 0.137500000000 0.000004148060
0.812500000000 0.150000000000 0.000004527217
0.812500000000 0.162500000000 0.000004906311
0.812500000000 0.175000000000 0.000005285077
0.812500000000 0.187500000000 0.000005663192
0.812500000000 0.200000000000 0.000006040258
0.812500000000 0.212500000000 0.000006415753
0.812500000000 0.225000000000 0.000006789110
0.812500000000 0.237500000000 0.000007159665
0.812500000000 0.250000000000 0.000007526656
0.812500000000 0.262500000000 0.000007889197
0.812500000000 0.275000000000 0.000008246312
0.812500000000 0.287500000000 0.000008596921
0.812500000000 0.300000000000 0.000008939820
0.812500000000 0.312500000000 0.000009273717
0.812500000000 0.325000000000 0.000009597205
0.812500000000 0.337500000000 0.000009908780
0.812500000000 0.350000000000 0.000010206847
0.812500000000 0.362500000000 0.000010489760
0.812500000000 0.375000000000 0.000010755805
0.812500000000 0.387500000000 0.000011003271
0.812500000000 0.400000000000 0.000011230437
0.812500000000 0.412500000000 0.000011435625
0.812500000000 0.425000000000 0.000011617232
0.812500000000 0.437500000000 0.000011773734
0.812500000000 0.450000000000 0.000011903787
0.812500000000 0.462500000000 0.000012006218
0.812500000000 0.475000000000 0.000012080087
0.812500000000 0.487500000000 0.000012124693
0.812500000000 0.500000000000 0.000012139603
0.812500000000 0.512500000000 0.000012124693
0.812500000000 0.525000000000 0.000012080087
0.812500000000 0.537500000000 0.000012006218
0.812500000000 0.550000000000 0.000011903787
0.812500000000 0.562500000000 0.000011773734
0.812500000000 0.575000000000 0.000011617232
0.812500000000 0.587500000000 0.000011435625
0.812500000000 0.600000000000 0.000011230437
0.812500000000 0.612500000000 0.000011003271
0.812500000000 0.625000000000 0.000010755805
0.812500000000 0.637500000000 0.000010489760
0.812500000000 0.650000000000 0.000010206847
0.812500000000 0.662500000000 0.000009908780
0.812500000000 0.675000000000 0.000009597205
0.812500000000 0.687500000000 0.000009273717
0.812500000000 0.700000000000 0.000008939820
0.812500000000 0.712500000000 0.000008596921
0.812500000000 0.725000000000 0.000008246312
0.812500000000 0.737500000000 0.000007889197
0.812500000000 0.750000000000 0.000007526656
0.812500000000 0.762500000000 0.000007159665
0.812500000000 0.775000000000 0.000006789110
0.812500000000 0.787500000000 0.000006415753
0.812500000000 0.800000000000 0.000006040258
0.812500000000 0.812500000000 0.000005663192
0.812500000000 0.825000000000 0.000005285077
0.812500000000 0.837500000000 0.000004906311
0.812500000000 0.850000000000 0.000004527217
0.812500000000 0.862500000000 0.000004148060
0.812500000000 0.875000000000 0.000003769033
0.812500000000 0.887500000000 0.000003390289
0.812500000000 0.900000000000 0.000003011940
0.812500000000 0.912500000000 0.000002634034
0.812500000000 0.925000000000 0.000002256604
0.812500000000 0.937500000000 0.000001879648
0.812500000000 0.950000000000 0.000001503129
0.812500000000 0.962500000000 0.000001126991
0.812500000000 0.975000000000 0.000000751156
0.812500000000 0.987500000000 0.000000375528
0.812500000000 1.000000000000 0.000000000000

0.825000000000 0.000000000000 0.000000000000
0.825000000000 0.012500000000 0.000000351198
0.825000000000 0.025000000000 0.000000702475
0.825000000000 0.037500000000 0.000001053913
0.825000000000 0.050000000000 0.000001405574
0.825000000000 0.062500000000 0.000001757515
0.825000000000 0.075000000000 0.000002109757
0.825000000000 0.087500000000 0.000002462319
0.825000000000 0.100000000000 0.000002815191
0.825000000000 0.112500000000 0.000003168320
0.825000000000 0.125000000000 0.000003521635
0.825000000000 0.137500000000 0.000003875006
0.825000000000 0.150000000000 0.000004228263
0.825000000000 0.162500000000 0.000004581217
0.825000000000 0.175000000000 0.000004933594
0.825000000000 0.187500000000 0.000005285077
0.825000000000 0.200000000000 0.000005635260
0.825000000000 0.212500000000 0.000005983649
0.825000000000 0.225000000000 0.000006329688
0.825000000000 0.237500000000 0.000006672741
0.825000000000 0.250000000000 0.000007012097
0.825000000000 0.262500000000 0.000007346934
0.825000000000 0.275000000000 0.000007676333
0.825000000000 0.287500000000 0.000007999299
0.825000000000 0.300000000000 0.000008314727
0.825000000000 0.312500000000 0.000008621433
0.825000000000 0.325000000000 0.000008918146
0.825000000000 0.337500000000 0.000009203506
0.825000000000 0.350000000000 0.000009476086
0.825000000000 0.362500000000 0.000009734421
0.825000000000 0.375000000000 0.000009977005
0.825000000000 0.387500000000 0.000010202330
0.825000000000 0.400000000000 0.000010408887
0.825000000000 0.412500000000 0.000010595228
0.825000000000 0.425000000000 0.000010759958
0.825000000000 0.437500000000 0.000010901776
0.825000000000 0.450000000000 0.000011019513
0.825000000000 0.462500000000 0.000011112179
0.825000000000 0.475000000000 0.000011178966
0.825000000000 0.487500000000 0.000011219280
0.825000000000 0.500000000000 0.000011232759
0.825000000000 0.512500000000 0.000011219280
0.825000000000 0.525000000000 0.000011178966
0.825000000000 0.537500000000 0.000011112179
0.825000000000 0.550000000000 0.000011019513
0.825000000000 0.562500000000 0.000010901776
0.825000000000 0.575000000000 0.000010759958
0.825000000000 0.587500000000 0.000010595228
0.825000000000 0.600000000000 0.000010408887
0.825000000000 0.612500000000 0.000010202330
0.825000000000 0.625000000000 0.000009977005
0.825000000000 0.637500000000 0.000009734421
0.825000000000 0.650000000000 0.000009476086
0.825000000000 0.662500000000 0.000009203506
0.825000000000 0.675000000000 0.000008918146
0.825000000000 0.687500000000 0.000008621433
0.825000000000 0.700000000000 0.000008314727
0.825000000000 0.712500000000 0.000007999299
0.825000000000 0.725000000000 0.000007676333
0.825000000000 0.737500000000 0.000007346934
0.825000000000 0.750000000000 0.000007012097
0.825000000000 0.762500000000 0.000006672741
0.825000000000 0.775000000000 0.000006329688
0.825000000000 0.787500000000 0.000005983649
0.825000000000 0.800000000000 0.000005635260
0.825000000000 0.812500000000 0.000005285077
0.825000000000 0.825000000000 0.000004933594
0.825000000000 0.837500000000 0.000004581217
0.825000000000 0.850000000000 0.000004228263
0.825000000000 0.862500000000 0.000003875006
0.825000000000 0.875000000000 0.000003521635
0.825000000000 0.887500000000 0.000003168320
0.825000000000 0.900000000000 0.000002815191
0.825000000000 0.912500000000 0.000002462319
0.825000000000 0.925000000000 0.000002109757
0.825000000000 0.937500000000 0.000001757515
0.825000000000 0.950000000000 0.000001405574
0.825000000000 0.962500000000 0.000001053913
0.825000000000 0.975000000000 0.000000702475
0.825000000000 0.987500000000 0.000000351198
0.825000000000 1.000000000000 0.000000000000

0.837500000000 0.000000000000 0.000000000000
0.837500000000 0.012500000000 0.000000326673
0.837500000000 0.025000000000 0.000000653409
0.837500000000 0.037500000000 0.000000980259
0.837500000000 0.050000000000 0.000001307265
0.837500000000 0.062500000000 0.000001634459
0.837500000000 0.075000000000 0.000001961851
0.837500000000 0.087500000000 0.000002289441
0.837500000000 0.100000000000 0.000002617192
0.837500000000 0.112500000000 0.000002945047
0.837500000000 0.125000000000 0.000003272912
0.837500000000 0.137500000000 0.000003600656
0.837500000000 0.150000000000 0.000003928099
0.837500000000 0.162500000000 0.000004255041
0.837500000000 0.175000000000 0.000004581217
0.837500000000 0.187500000000 0.000004906311
0.837500000000 0.200000000000 0.000005229929
0.837500000000 0.212500000000 0.000005551598
0.837500000000 0.225000000000 0.000005870789
0.837500000000 0.237500000000 0.000006186904
0.837500000000 0.250000000000 0.000006499275
0.837500000000 0.262500000000 0.000006807141
0.837500000000 0.275000000000 0.000007109654
0.837500000000 0.287500000000 0.000007405897
0.837500000000 0.300000000000 0.000007694864
0.837500000000 0.312500000000 0.000007975482
0.837500000000 0.325000000000 0.000008246601
0.837500000000 0.337500000000 0.000008507000
0.837500000000 0.350000000000 0.000008755403
0.837500000000 0.362500000000 0.000008990512
0.837500000000 0.375000000000 0.000009211009
0.837500000000 0.387500000000 0.000009415558
0.837500000000 0.400000000000 0.000009602846
0.837500000000 0.412500000000 0.000009771612
0.837500000000 0.425000000000 0.000009920648
0.837500000000 0.437500000000 0.000010048847
0.837500000000 0.450000000000 0.000010155198
0.837500000000 0.462500000000 0.000010238845
0.837500000000 0.475000000000 0.000010299103
0.837500000000 0.487500000000 0.000010335457
0.837500000000 0.500000000000 0.000010347607
0.837500000000 0.512500000000 0.000010335457
0.837500000000 0.525000000000 0.000010299103
0.837500000000 0.537500000000 0.000010238845
0.837500000000 0.550000000000 0.000010155198
0.837500000000 0.562500000000 0.000010048847
0.837500000000 0.575000000000 0.000009920648
0.837500000000 0.587500000000 0.000009771612
0.837500000000 0.600000000000 0.000009602846
0.837500000000 0.612500000000 0.000009415558
0.837500000000 0.625000000000 0.000009211009
0.837500000000 0.637500000000 0.000008990512
0.837500000000 0.650000000000 0.000008755403
0.837500000000 0.662500000000 0.000008507000
0.837500000000 0.675000000000 0.000008246601
0.837500000000 0.687500000000 0.000007975482
0.837500000000 0.700000000000 0.000007694864
0.837500000000 0.712500000000 0.000007405897
0.837500000000 0.725000000000 0.000007109654
0.837500000000 0.737500000000 0.000006807141
0.837500000000 0.750000000000 0.000006499275
0.837500000000 0.762500000000 0.000006186904
0.837500000000 0.775000000000 0.000005870789
0.837500000000 0.787500000000 0.000005551598
0.837500000000 0.800000000000 0.000005229929
0.837500000000 0.812500000000 0.000004906311
0.837500000000 0.825000000000 0.000004581217
0.837500000000 0.837500000000 0.000004255041
0.837500000000 0.850000000000 0.000003928099
0.837500000000 0.862500000000 0.000003600656
0.837500000000 0.875000000000 0.000003272912
0.837500000000 0.887500000000 0.000002945047
0.837500000000 0.900000000000 0.000002617192
0.837500000000 0.912500000000 0.000002289441
0.837500000000 0.925000000000 0.000001961851
0.837500000000 0.937500000000 0.000001634459
0.837500000000 0.950000000000 0.000001307265
0.837500000000 0.962500000000 0.000000980259
0.837500000000 0.975000000000 0.000000653409
0.837500000000 0.987500000000 0.000000326673
0.837500000000 1.000000000000 0.000000000000

0.850000000000 0.000000000000 0.000000000000
0.850000000000 0.012500000000 0.000000301984
0.850000000000 0.025000000000 0.000000604012
0.850000000000 0.037500000000 0.000000906122
0.850000000000 0.050000000000 0.000001208325
0.850000000000 0.062500000000 0.000001510649
0.850000000000 0.075000000000 0.000001813083
0.850000000000 0.087500000000 0.000002115599
0.850000000000 0.100000000000 0.000002418169
0.850000000000 0.112500000000 0.000002720719
0.850000000000 0.125000000000 0.000003023145
0.850000000000 0.137500000000 0.000003325312
0.850000000000 0.150000000000 0.000003627026
0.850000000000 0.162500000000 0.000003928099
0.850000000000 0.175000000000 0.000004228263
0.850000000000 0.187500000000 0.000004527217
0.850000000000 0.200000000000 0.000004824579
0.850000000000 0.212500000000 0.000005119910
0.850000000000 0.225000000000 0.000005412710
0.850000000000 0.237500000000 0.000005702422
0.850000000000 0.250000000000 0.000005988414
0.850000000000 0.262500000000 0.000006269994
0.850000000000 0.275000000000 0.000006546385
0.850000000000 0.287500000000 0.000006816753
0.850000000000 0.300000000000 0.000007080182
0.850000000000 0.312500000000 0.000007335695
0.850000000000 0.325000000000 0.000007582271
0.850000000000 0.337500000000 0.000007818825
0.850000000000 0.350000000000 0.000008044215
0.850000000000 0.362500000000 0.000008257294
0.850000000000 0.375000000000 0.000008456898
0.850000000000 0.387500000000 0.000008641860
0.850000000000 0.400000000000 0.000008811041
0.850000000000 0.412500000000 0.000008963337
0.850000000000 0.425000000000 0.000009097710
0.850000000000 0.437500000000 0.000009213206
0.850000000000 0.450000000000 0.000009308945
0.850000000000 0.462500000000 0.000009384209
0.850000000000 0.475000000000 0.000009438397
0.850000000000 0.487500000000 0.000009471080
0.850000000000 0.500000000000 0.000009482004
0.850000000000 0.512500000000 0.000009471080
0.850000000000 0.525000000000 0.000009438397
0.850000000000 0.537500000000 0.000009384209
0.850000000000 0.550000000000 0.000009308945
0.850000000000 0.562500000000 0.000009213206
0.850000000000 0.575000000000 0.000009097710
0.850000000000 0.587500000000 0.000008963337
0.850000000000 0.600000000000 0.000008811041
0.850000000000 0.612500000000 0.000008641860
0.850000000000 0.625000000000 0.000008456898
0.850000000000 0.637500000000 0.000008257294
0.850000000000 0.650000000000 0.000008044215
0.850000000000 0.662500000000 0.000007818825
0.850000000000 0.675000000000 0.000007582271
0.850000000000 0.687500000000 0.000007335695
0.850000000000 0.700000000000 0.000007080182
0.850000000000 0.712500000000 0.000006816753
0.850000000000 0.725000000000 0.000006546385
0.850000000000 0.737500000000 0.000006269994
0.850000000000 0.750000000000 0.000005988414
0.850000000000 0.762500000000 0.000005702422
0.850000000000 0.775000000000 0.000005412710
0.850000000000 0.787500000000 0.000005119910
0.850000000000 0.800000000000 0.000004824579
0.850000000000 0.812500000000 0.000004527217
0.850000000000 0.825000000000 0.000004228263
0.850000000000 0.837500000000 0.000003928099
0.850000000000 0.850000000000 0.000003627026
0.850000000000 0.862500000000 0.000003325312
0.850000000000 0.875000000000 0.000003023145
0.850000000000 0.887500000000 0.000002720719
0.850000000000 0.900000000000 0.000002418169
0.850000000000 0.912500000000 0.000002115599
0.850000000000 0.925000000000 0.000001813083
0.850000000000 0.937500000000 0.000001510649
0.850000000000 0.950000000000 0.000001208325
0.850000000000 0.962500000000 0.000000906122
0.850000000000 0.975000000000 0.000000604012
0.850000000000 0.987500000000 0.000000301984
0.850000000000 1.000000000000 0.000000000000

0.862500000000 0.000000000000 0.000000000000
0.862500000000 0.012500000000 0.000000277160
0.862500000000 0.025000000000 0.000000554348
0.862500000000 0.037500000000 0.000000831586
0.862500000000 0.050000000000 0.000001108874
0.862500000000 0.062500000000 0.000001386219
0.862500000000 0.075000000000 0.000001663607
0.862500000000 0.087500000000 0.000001940993
0.862500000000 0.100000000000 0.000002218344
0.862500000000 0.112500000000 0.000002495572
0.862500000000 0.125000000000 0.000002772571
0.862500000000 0.137500000000 0.000003049216
0.862500000000 0.150000000000 0.000003325312
0.862500000000 0.162500000000 0.000003600656
0.862500000000 0.175000000000 0.000003875006
0.862500000000 0.187500000000 0.000004148060
0.862500000000 0.200000000000 0.000004419474
0.862500000000 0.212500000000 0.000004688823
0.862500000000 0.225000000000 0.000004955661
0.862500000000 0.237500000000 0.000005219461
0.862500000000 0.250000000000 0.000005479644
0.862500000000 0.262500000000 0.000005735574
0.862500000000 0.275000000000 0.000005986546
0.862500000000 0.287500000000 0.000006231802
0.862500000000 0.300000000000 0.000006470520
0.862500000000 0.312500000000 0.000006701828
0.862500000000 0.325000000000 0.000006924811
0.862500000000 0.337500000000 0.000007138505
0.862500000000 0.350000000000 0.000007341899
0.862500000000 0.362500000000 0.000007533986
0.862500000000 0.375000000000 0.000007713751
0.862500000000 0.387500000000 0.000007880173
0.862500000000 0.400000000000 0.000008032255
0.862500000000 0.412500000000 0.000008169036
0.862500000000 0.425000000000 0.000008289621
0.862500000000 0.437500000000 0.000008393193
0.862500000000 0.450000000000 0.000008479003
0.862500000000 0.462500000000 0.000008546422
0.862500000000 0.475000000000 0.000008594934
0.862500000000 0.487500000000 0.000008624186
0.862500000000 0.500000000000 0.000008633962
0.862500000000 0.512500000000 0.000008624186
0.862500000000 0.525000000000 0.000008594934
0.862500000000 0.537500000000 0.000008546422
0.862500000000 0.550000000000 0.000008479003
0.862500000000 0.562500000000 0.000008393193
0.862500000000 0.575000000000 0.000008289621
0.862500000000 0.587500000000 0.000008169036
0.862500000000 0.600000000000 0.000008032255
0.862500000000 0.612500000000 0.000007880173
0.862500000000 0.625000000000 0.000007713751
0.862500000000 0.637500000000 0.000007533986
0.862500000000 0.650000000000 0.000007341899
0.862500000000 0.662500000000 0.000007138505
0.862500000000 0.675000000000 0.000006924811
0.862500000000 0.687500000000 0.000006701828
0.862500000000 0.700000000000 0.000006470520
0.862500000000 0.712500000000 0.000006231802
0.862500000000 0.725000000000 0.000005986546
0.862500000000 0.737500000000 0.000005735574
0.862500000000 0.750000000000 0.000005479644
0.862500000000 0.762500000000 0.000005219461
0.862500000000 0.775000000000 0.000004955661
0.862500000000 0.787500000000 0.000004688823
0.862500000000 0.800000000000 0.000004419474
0.862500000000 0.812500000000 0.000004148060
0.862500000000 0.825000000000 0.000003875006
0.862500000000 0.837500000000 0.000003600656
0.862500000000 0.850000000000 0.000003325312
0.862500000000 0.862500000000 0.000003049216
0.862500000000 0.875000000000 0.000002772571
0.862500000000 0.887500000000 0.000002495572
0.862500000000 0.900000000000 0.000002218344
0.862500000000 0.912500000000 0.000001940993
0.862500000000 0.925000000000 0.000001663607
0.862500000000 0.937500000000 0.000001386219
0.862500000000 0.950000000000 0.000001108874
0.862500000000 0.962500000000 0.000000831586
0.862500000000 0.975000000000 0.000000554348
0.862500000000 0.987500000000 0.000000277160
0.862500000000 1.000000000000 0.000000000000

0.875000000000 0.000000000000 0.000000000000
0.875000000000 0.012500000000 0.000000252221
0.875000000000 0.025000000000 0.000000504458
0.875000000000 0.037500000000 0.000000756716
0.875000000000 0.050000000000 0.000001008996
0.875000000000 0.062500000000 0.000001261284
0.875000000000 0.075000000000 0.000001513557
0.875000000000 0.087500000000 0.000001765766
0.875000000000 0.100000000000 0.000002017872
0.875000000000 0.112500000000 0.000002269783
0.875000000000 0.125000000000 0.000002521391
0.875000000000 0.137500000000 0.000002772571
0.875000000000 0.150000000000 0.000003023145
0.875000000000 0.162500000000 0.000003272912
0.875000000000 0.175000000000 0.000003521635
0.875000000000 0.187500000000 0.000003769033
0.875000000000 0.200000000000 0.000004014786
0.875000000000 0.212500000000 0.000004258503
0.875000000000 0.225000000000 0.000004499776
0.875000000000 0.237500000000 0.000004738117
0.875000000000 0.250000000000 0.000004973007
0.875000000000 0.262500000000 0.000005203868
0.875000000000 0.275000000000 0.000005430057
0.875000000000 0.287500000000 0.000005650897
0.875000000000 0.300000000000 0.000005865660
0.875000000000 0.312500000000 0.000006073563
0.875000000000 0.325000000000 0.000006273794
0.875000000000 0.337500000000 0.000006465503
0.875000000000 0.350000000000 0.000006647810
0.875000000000 0.362500000000 0.000006819824
0.875000000000 0.375000000000 0.000006980663
0.875000000000 0.387500000000 0.000007129439
0.875000000000 0.400000000000 0.000007265285
0.875000000000 0.412500000000 0.000007387378
0.875000000000 0.425000000000 0.000007494937
0.875000000000 0.437500000000 0.000007587257
0.875000000000 0.450000000000 0.000007663702
0.875000000000 0.462500000000 0.000007723740
0.875000000000 0.475000000000 0.000007766928
0.875000000000 0.487500000000 0.000007792959
0.875000000000 0.500000000000 0.000007801661
0.875000000000 0.512500000000 0.000007792959
0.875000000000 0.525000000000 0.000007766928
0.875000000000 0.537500000000 0.000007723740
0.875000000000 0.550000000000 0.000007663702
0.875000000000 0.562500000000 0.000007587257
0.875000000000 0.575000000000 0.000007494937
0.875000000000 0.587500000000 0.000007387378
0.875000000000 0.600000000000 0.000007265285
0.875000000000 0.612500000000 0.000007129439
0.875000000000 0.625000000000 0.000006980663
0.875000000000 0.637500000000 0.000006819824
0.875000000000 0.650000000000 0.000006647810
0.875000000000 0.662500000000 0.000006465503
0.875000000000 0.675000000000 0.000006273794
0.875000000000 0.687500000000 0.000006073563
0.875000000000 0.700000000000 0.000005865660
0.875000000000 0.712500000000 0.000005650897
0.875000000000 0.725000000000 0.000005430057
0.875000000000 0.737500000000 0.000005203868
0.875000000000 0.750000000000 0.000004973007
0.875000000000 0.762500000000 0.000004738117
0.875000000000 0.775000000000 0.000004499776
0.875000000000 0.787500000000 0.000004258503
0.875000000000 0.800000000000 0.000004014786
0.875000000000 0.812500000000 0.000003769033
0.875000000000 0.825000000000 0.000003521635
0.875000000000 0.837500000000 0.000003272912
0.875000000000 0.850000000000 0.000003023145
0.875000000000 0.862500000000 0.000002772571
0.875000000000 0.875000000000 0.000002521391
0.875000000000 0.887500000000 0.000002269783
0.875000000000 0.900000000000 0.000002017872
0.875000000000 0.912500000000 0.000001765766
0.875000000000 0.925000000000 0.000001513557
0.875000000000 0.937500000000 0.000001261284
0.875000000000 0.950000000000 0.000001008996
0.875000000000 0.962500000000 0.000000756716
0.875000000000 0.975000000000 0.000000504458
0.875000000000 0.987500000000 0.000000252221
0.875000000000 1.000000000000 0.000000000000

0.887500000000 0.000000000000 0.000000000000
0.887500000000 0.012500000000 0.000000227189
0.887500000000 0.025000000000 0.000000454387
0.887500000000 0.037500000000 0.000000681586
0.887500000000 0.050000000000 0.000000908780
0.887500000000 0.062500000000 0.000001135951
0.887500000000 0.075000000000 0.000001363059
0.887500000000 0.087500000000 0.000001590064
0.887500000000 0.100000000000 0.000001816914
0.887500000000 0.112500000000 0.000002043519
0.887500000000 0.125000000000 0.000002269783
0.887500000000 0.137500000000 0.000002495572
0.887500000000 0.150000000000 0.000002720719
0.887500000000 0.162500000000 0.000002945047
0.887500000000 0.175000000000 0.000003168320
0.887500000000 0.187500000000 0.000003390289
0.887500000000 0.200000000000 0.000003610650
0.887500000000 0.212500000000 0.000003829052
0.887500000000 0.225000000000 0.000004045131
0.887500000000 0.237500000000 0.000004258438
0.887500000000 0.250000000000 0.000004468500
0.887500000000 0.262500000000 0.000004674808
0.887500000000 0.275000000000 0.000004876788
0.887500000000 0.287500000000 0.000005073839
0.887500000000 0.300000000000 0.000005265315
0.887500000000 0.312500000000 0.000005450528
0.887500000000 0.325000000000 0.000005628755
0.887500000000 0.337500000000 0.000005799251
0.887500000000 0.350000000000 0.000005961250
0.887500000000 0.362500000000 0.000006113995
0.887500000000 0.375000000000 0.000006256702
0.887500000000 0.387500000000 0.000006388608
0.887500000000 0.400000000000 0.000006508972
0.887500000000 0.412500000000 0.000006617081
0.887500000000 0.425000000000 0.000006712261
0.887500000000 0.437500000000 0.000006793897
0.887500000000 0.450000000000 0.000006861470
0.887500000000 0.462500000000 0.000006914518
0.887500000000 0.475000000000 0.000006952675
0.887500000000 0.487500000000 0.000006975670
0.887500000000 0.500000000000 0.000006983360
0.887500000000 0.512500000000 0.000006975670
0.887500000000 0.525000000000 0.000006952675
0.887500000000 0.537500000000 0.000006914518
0.887500000000 0.550000000000 0.000006861470
0.887500000000 0.562500000000 0.000006793897
0.887500000000 0.575000000000 0.000006712261
0.887500000000 0.587500000000 0.000006617081
0.887500000000 0.600000000000 0.000006508972
0.887500000000 0.612500000000 0.000006388608
0.887500000000 0.625000000000 0.000006256702
0.887500000000 0.637500000000 0.000006113995
0.887500000000 0.650000000000 0.000005961250
0.887500000000 0.662500000000 0.000005799251
0.887500000000 0.675000000000 0.000005628755
0.887500000000 0.687500000000 0.000005450528
0.887500000000 0.700000000000 0.000005265315
0.887500000000 0.712500000000 0.000005073839
0.887500000000 0.725000000000 0.000004876788
0.887500000000 0.737500000000 0.000004674808
0.887500000000 0.750000000000 0.000004468500
0.887500000000 0.762500000000 0.000004258438
0.887500000000 0.775000000000 0.000004045131
0.887500000000 0.787500000000 0.000003829052
0.887500000000 0.800000000000 0.000003610650
0.887500000000 0.812500000000 0.000003390289
0.887500000000 0.825000000000 0.000003168320
0.887500000000 0.837500000000 0.000002945047
0.887500000000 0.850000000000 0.000002720719
0.887500000000 0.862500000000 0.000002495572
0.887500000000 0.875000000000 0.000002269783
0.887500000000 0.887500000000 0.000002043519
0.887500000000 0.900000000000 0.000001816914
0.887500000000 0.912500000000 0.000001590064
0.887500000000 0.925000000000 0.000001363059
0.887500000000 0.937500000000 0.000001135951
0.887500000000 0.950000000000 0.000000908780
0.887500000000 0.962500000000 0.000000681586
0.887500000000 0.975000000000 0.000000454387
0.887500000000 0.987500000000 0.000000227189
0.887500000000 1.000000000000 0.000000000000

0.900000000000 0.000000000000 0.000000000000
0.900000000000 0.012500000000 0.000000202077
0.900000000000 0.025000000000 0.000000404164
0.900000000000 0.037500000000 0.000000606236
0.900000000000 0.050000000000 0.000000808293
0.900000000000 0.062500000000 0.000001010296
0.900000000000 0.075000000000 0.000001212212
0.900000000000 0.087500000000 0.000001413993
0.900000000000 0.100000000000 0.000001615589
0.900000000000 0.112500000000 0.000001816914
0.900000000000 0.125000000000 0.000002017872
0.900000000000 0.137500000000 0.000002218344
0.900000000000 0.150000000000 0.000002418169
0.900000000000 0.162500000000 0.000002617192
0.900000000000 0.175000000000 0.000002815191
0.900000000000 0.187500000000 0.000003011940
0.900000000000 0.200000000000 0.000003207151
0.900000000000 0.212500000000 0.000003400530
0.900000000000 0.225000000000 0.000003591749
0.900000000000 0.237500000000 0.000003780397
0.900000000000 0.250000000000 0.000003966060
0.900000000000 0.262500000000 0.000004148284
0.900000000000 0.275000000000 0.000004326568
0.900000000000 0.287500000000 0.000004500380
0.900000000000 0.300000000000 0.000004669162
0.900000000000 0.312500000000 0.000004832305
0.900000000000 0.325000000000 0.000004989178
0.900000000000 0.337500000000 0.000005139137
0.900000000000 0.350000000000 0.000005281526
0.900000000000 0.362500000000 0.000005415689
0.900000000000 0.375000000000 0.000005540948
0.900000000000 0.387500000000 0.000005656655
0.900000000000 0.400000000000 0.000005762176
0.900000000000 0.412500000000 0.000005856895
0.900000000000 0.425000000000 0.000005940240
0.900000000000 0.437500000000 0.000006011699
0.900000000000 0.450000000000 0.000006070817
0.900000000000 0.462500000000 0.000006117205
0.900000000000 0.475000000000 0.000006150570
0.900000000000 0.487500000000 0.000006170683
0.900000000000 0.500000000000 0.000006177402
0.900000000000 0.512500000000 0.000006170683
0.900000000000 0.525000000000 0.000006150570
0.900000000000 0.537500000000 0.000006117205
0.900000000000 0.550000000000 0.000006070817
0.900000000000 0.562500000000 0.000006011699
0.900000000000 0.575000000000 0.000005940240
0.900000000000 0.587500000000 0.000005856895
0.900000000000 0.600000000000 0.000005762176
0.900000000000 0.612500000000 0.000005656655
0.900000000000 0.625000000000 0.000005540948
0.900000000000 0.637500000000 0.000005415689
0.900000000000 0.650000000000 0.000005281526
0.900000000000 0.662500000000 0.000005139137
0.900000000000 0.675000000000 0.000004989178
0.900000000000 0.687500000000 0.000004832305
0.900000000000 0.700000000000 0.000004669162
0.900000000000 0.712500000000 0.000004500380
0.900000000000 0.725000000000 0.000004326568
0.900000000000 0.737500000000 0.000004148284
0.900000000000 0.750000000000 0.000003966060
0.900000000000 0.762500000000 0.000003780397
0.900000000000 0.775000000000 0.000003591749
0.900000000000 0.787500000000 0.000003400530
0.900000000000 0.800000000000 0.000003207151
0.900000000000 0.812500000000 0.000003011940
0.900000000000 0.825000000000 0.000002815191
0.900000000000 0.837500000000 0.000002617192
0.900000000000 0.850000000000 0.000002418169
0.900000000000 0.862500000000 0.000002218344
0.900000000000 0.875000000000 0.000002017872
0.900000000000 0.887500000000 0.000001816914
0.900000000000 0.900000000000 0.000001615589
0.900000000000 0.912500000000 0.000001413993
0.900000000000 0.925000000000 0.000001212212
0.900000000000 0.937500000000 0.000001010296
0.900000000000 0.950000000000 0.000000808293
0.900000000000 0.962500000000 0.000000606236
0.900000000000 0.975000000000 0.000000404164
0.900000000000 0.987500000000 0.000000202077
0.900000000000 1.000000000000 0.000000000000

0.912500000000 0.000000000000 0.000000000000
0.912500000000 0.012500000000 0.000000176914
0.912500000000 0.025000000000 0.000000353828
0.912500000000 0.037500000000 0.000000530728
0.912500000000 0.050000000000 0.000000707599
0.912500000000 0.062500000000 0.000000884397
0.912500000000 0.075000000000 0.000001061092
0.912500000000 0.087500000000 0.000001237641
0.912500000000 0.100000000000 0.000001413993
0.912500000000 0.112500000000 0.000001590064
0.912500000000 0.125000000000 0.000001765766
0.912500000000 0.137500000000 0.000001940993
0.912500000000 0.150000000000 0.000002115599
0.912500000000 0.162500000000 0.000002289441
0.912500000000 0.175000000000 0.000002462319
0.912500000000 0.187500000000 0.000002634034
0.912500000000 0.200000000000 0.000002804334
0.912500000000 0.212500000000 0.000002972956
0.912500000000 0.225000000000 0.000003139608
0.912500000000 0.237500000000 0.000003303938
0.912500000000 0.250000000000 0.000003465584
0.912500000000 0.262500000000 0.000003624137
0.912500000000 0.275000000000 0.000003779171
0.912500000000 0.287500000000 0.000003930230
0.912500000000 0.300000000000 0.000004076825
0.912500000000 0.312500000000 0.000004218438
0.912500000000 0.325000000000 0.000004354522
0.912500000000 0.337500000000 0.000004484530
0.912500000000 0.350000000000 0.000004607899
0.912500000000 0.362500000000 0.000004724068
0.912500000000 0.375000000000 0.000004832467
0.912500000000 0.387500000000 0.000004932549
0.912500000000 0.400000000000 0.000005023772
0.912500000000 0.412500000000 0.000005105616
0.912500000000 0.425000000000 0.000005177594
0.912500000000 0.437500000000 0.000005239289
0.912500000000 0.450000000000 0.000005290311
0.912500000000 0.462500000000 0.000005330335
0.912500000000 0.475000000000 0.000005359112
0.912500000000 0.487500000000 0.000005376465
0.912500000000 0.500000000000 0.000005382260
0.912500000000 0.512500000000 0.000005376465
0.912500000000 0.525000000000 0.000005359112
0.912500000000 0.537500000000 0.000005330335
0.912500000000 0.550000000000 0.000005290311
0.912500000000 0.562500000000 0.000005239289
0.912500000000 0.575000000000 0.000005177594
0.912500000000 0.587500000000 0.000005105616
0.912500000000 0.600000000000 0.000005023772
0.912500000000 0.612500000000 0.000004932549
0.912500000000 0.625000000000 0.000004832467
0.912500000000 0.637500000000 0.000004724068
0.912500000000 0.650000000000 0.000004607899
0.912500000000 0.662500000000 0.000004484530
0.912500000000 0.675000000000 0.000004354522
0.912500000000 0.687500000000 0.000004218438
0.912500000000 0.700000000000 0.000004076825
0.912500000000 0.712500000000 0.000003930230
0.912500000000 0.725000000000 0.000003779171
0.912500000000 0.737500000000 0.000003624137
0.912500000000 0.750000000000 0.000003465584
0.912500000000 0.762500000000 0.000003303938
0.912500000000 0.775000000000 0.000003139608
0.912500000000 0.787500000000 0.000002972956
0.912500000000 0.800000000000 0.000002804334
0.912500000000 0.812500000000 0.000002634034
0.912500000000 0.825000000000 0.000002462319
0.912500000000 0.837500000000 0.000002289441
0.912500000000 0.850000000000 0.000002115599
0.912500000000 0.862500000000 0.000001940993
0.912500000000 0.875000000000 0.000001765766
0.912500000000 0.887500000000 0.000001590064
0.912500000000 0.900000000000 0.000001413993
0.912500000000 0.912500000000 0.000001237641
0.912500000000 0.925000000000 0.000001061092
0.912500000000 0.937500000000 0.000000884397
0.912500000000 0.950000000000 0.000000707599
0.912500000000 0.962500000000 0.000000530728
0.912500000000 0.975000000000 0.000000353828
0.912500000000 0.987500000000 0.000000176914
0.912500000000 1.000000000000 0.000000000000

0.925000000000 0.000000000000 0.000000000000
0.925000000000 0.012500000000 0.000000151709
0.925000000000 0.025000000000 0.000000303409
0.925000000000 0.037500000000 0.000000455098
0.925000000000 0.050000000000 0.000000606744
0.925000000000 0.062500000000 0.000000758320
0.925000000000 0.075000000000 0.000000909779
0.925000000000 0.087500000000 0.000001061092
0.925000000000 0.100000000000 0.000001212212
0.925000000000 0.112500000000 0.000001363059
0.925000000000 0.125000000000 0.000001513557
0.925000000000 0.137500000000 0.000001663607
0.925000000000 0.150000000000 0.000001813083
0.925000000000 0.162500000000 0.000001961851
0.925000000000 0.175000000000 0.000002109757
0.925000000000 0.187500000000 0.000002256604
0.925000000000 0.200000000000 0.000002402193
0.925000000000 0.212500000000 0.000002546286
0.925000000000 0.225000000000 0.000002688639
0.925000000000 0.237500000000 0.000002828949
0.925000000000 0.250000000000 0.000002966903
0.925000000000 0.262500000000 0.000003102149
0.925000000000 0.275000000000 0.000003234322
0.925000000000 0.287500000000 0.000003363044
0.925000000000 0.300000000000 0.000003487896
0.925000000000 0.312500000000 0.000003608440
0.925000000000 0.325000000000 0.000003724222
0.925000000000 0.337500000000 0.000003834782
0.925000000000 0.350000000000 0.000003939632
0.925000000000 0.362500000000 0.000004038318
0.925000000000 0.375000000000 0.000004130354
0.925000000000 0.387500000000 0.000004215286
0.925000000000 0.400000000000 0.000004292667
0.925000000000 0.412500000000 0.000004362064
0.925000000000 0.425000000000 0.000004423075
0.925000000000 0.437500000000 0.000004475352
0.925000000000 0.450000000000 0.000004518581
0.925000000000 0.462500000000 0.000004552484
0.925000000000 0.475000000000 0.000004576849
0.925000000000 0.487500000000 0.000004591534
0.925000000000 0.500000000000 0.000004596444
0.925000000000 0.512500000000 0.000004591534
0.925000000000 0.525000000000 0.000004576849
0.925000000000 0.537500000000 0.000004552484
0.925000000000 0.550000000000 0.000004518581
0.925000000000 0.562500000000 0.000004475352
0.925000000000 0.575000000000 0.000004423075
0.925000000000 0.587500000000 0.000004362064
0.925000000000 0.600000000000 0.000004292667
0.925000000000 0.612500000000 0.000004215286
0.925000000000 0.625000000000 0.000004130354
0.925000000000 0.637500000000 0.000004038318
0.925000000000 0.650000000000 0.000003939632
0.925000000000 0.662500000000 0.000003834782
0.925000000000 0.675000000000 0.000003724222
0.925000000000 0.687500000000 0.000003608440
0.925000000000 0.700000000000 0.000003487896
0.925000000000 0.712500000000 0.000003363044
0.925000000000 0.725000000000 0.000003234322
0.925000000000 0.737500000000 0.000003102149
0.925000000000 0.750000000000 0.000002966903
0.925000000000 0.762500000000 0.000002828949
0.925000000000 0.775000000000 0.000002688639
0.925000000000 0.787500000000 0.000002546286
0.925000000000 0.800000000000 0.000002402193
0.925000000000 0.812500000000 0.000002256604
0.925000000000 0.825000000000 0.000002109757
0.925000000000 0.837500000000 0.000001961851
0.925000000000 0.850000000000 0.000001813083
0.925000000000 0.862500000000 0.000001663607
0.925000000000 0.875000000000 0.000001513557
0.925000000000 0.887500000000 0.000001363059
0.925000000000 0.900000000000 0.000001212212
0.925000000000 0.912500000000 0.000001061092
0.925000000000 0.925000000000 0.000000909779
0.925000000000 0.937500000000 0.000000758320
0.925000000000 0.950000000000 0.000000606744
0.925000000000 0.962500000000 0.000000455098
0.925000000000 0.975000000000 0.000000303409
0.925000000000 0.987500000000 0.000000151709
0.925000000000 1.000000000000 0.000000000000

0.937500000000 0.000000000000 0.000000000000
0.937500000000 0.012500000000 0.000000126470
0.937500000000 0.025000000000 0.000000252937
0.937500000000 0.037500000000 0.000000379380
0.937500000000 0.050000000000 0.000000505776
0.937500000000 0.062500000000 0.000000632110
0.937500000000 0.075000000000 0.000000758320
0.937500000000 0.087500000000 0.000000884397
0.937500000000 0.100000000000 0.000001010296
0.937500000000 0.112500000000 0.000001135951
0.937500000000 0.125000000000 0.000001261284
0.937500000000 0.137500000000 0.000001386219
0.937500000000 0.150000000000 0.000001510649
0.937500000000 0.162500000000 0.000001634459
0.937500000000 0.175000000000 0.000001757515
0.937500000000 0.187500000000 0.000001879648
0.937500000000 0.200000000000 0.000002000702
0.937500000000 0.212500000000 0.000002120472
0.937500000000 0.225000000000 0.000002238751
0.937500000000 0.237500000000 0.000002355293
0.937500000000 0.250000000000 0.000002469826
0.937500000000 0.262500000000 0.000002582070
0.937500000000 0.275000000000 0.000002691717
0.937500000000 0.287500000000 0.000002798454
0.937500000000 0.300000000000 0.000002901937
0.937500000000 0.312500000000 0.000003001805
0.937500000000 0.325000000000 0.000003097689
0.937500000000 0.337500000000 0.000003189210
0.937500000000 0.350000000000 0.000003275969
0.937500000000 0.362500000000 0.000003357591
0.937500000000 0.375000000000 0.000003433681
0.937500000000 0.387500000000 0.000003503864
0.937500000000 0.400000000000 0.000003567784
0.937500000000 0.412500000000 0.000003625096
0.937500000000 0.425000000000 0.000003675464
0.937500000000 0.437500000000 0.000003718617
0.937500000000 0.450000000000 0.000003754290
0.937500000000 0.462500000000 0.000003782261
0.937500000000 0.475000000000 0.000003802363
0.937500000000 0.487500000000 0.000003814477
0.937500000000 0.500000000000 0.000003818524
0.937500000000 0.512500000000 0.000003814477
0.937500000000 0.525000000000 0.000003802363
0.937500000000 0.537500000000 0.000003782261
0.937500000000 0.550000000000 0.000003754290
0.937500000000 0.562500000000 0.000003718617
0.937500000000 0.575000000000 0.000003675464
0.937500000000 0.587500000000 0.000003625096
0.937500000000 0.600000000000 0.000003567784
0.937500000000 0.612500000000 0.000003503864
0.937500000000 0.625000000000 0.000003433681
0.937500000000 0.637500000000 0.000003357591
0.937500000000 0.650000000000 0.000003275969
0.937500000000 0.662500000000 0.000003189210
0.937500000000 0.675000000000 0.000003097689
0.937500000000 0.687500000000 0.000003001805
0.937500000000 0.700000000000 0.000002901937
0.937500000000 0.712500000000 0.000002798454
0.937500000000 0.725000000000 0.000002691717
0.937500000000 0.737500000000 0.000002582070
0.937500000000 0.750000000000 0.000002469826
0.937500000000 0.762500000000 0.000002355293
0.937500000000 0.775000000000 0.000002238751
0.937500000000 0.787500000000 0.000002120472
0.937500000000 0.800000000000 0.000002000702
0.937500000000 0.812500000000 0.000001879648
0.937500000000 0.825000000000 0.000001757515
0.937500000000 0.837500000000 0.000001634459
0.937500000000 0.850000000000 0.000001510649
0.937500000000 0.862500000000 0.000001386219
0.937500000000 0.875000000000 0.000001261284
0.937500000000 0.887500000000 0.000001135951
0.937500000000 0.900000000000 0.000001010296
0.937500000000 0.912500000000 0.000000884397
0.937500000000 0.925000000000 0.000000758320
0.937500000000 0.937500000000 0.000000632110
0.937500000000 0.950000000000 0.000000505776
0.937500000000 0.962500000000 0.000000379380
0.937500000000 0.975000000000 0.000000252937
0.937500000000 0.987500000000 0.000000126470
0.937500000000 1.000000000000 0.000000000000

0.950000000000 0.000000000000 0.000000000000
0.950000000000 0.012500000000 0.000000101209
0.950000000000 0.025000000000 0.000000202414
0.950000000000 0.037500000000 0.000000303585
0.950000000000 0.050000000000 0.000000404713
0.950000000000 0.062500000000 0.000000505776
0.950000000000 0.075000000000 0.000000606744
0.950000000000 0.087500000000 0.000000707599
0.950000000000 0.100000000000 0.000000808293
0.950000000000 0.112500000000 0.000000908780
0.950000000000 0.125000000000 0.000001008996
0.950000000000 0.137500000000 0.000001108874
0.950000000000 0.150000000000 0.000001208325
0.950000000000 0.162500000000 0.000001307265
0.950000000000 0.175000000000 0.000001405574
0.950000000000 0.187500000000 0.000001503129
0.950000000000 0.200000000000 0.000001599795
0.950000000000 0.212500000000 0.000001695416
0.950000000000 0.225000000000 0.000001789806
0.950000000000 0.237500000000 0.000001882784
0.950000000000 0.250000000000 0.000001974132
0.950000000000 0.262500000000 0.000002063624
0.950000000000 0.275000000000 0.000002151022
0.950000000000 0.287500000000 0.000002236069
0.950000000000 0.300000000000 0.000002318493
0.950000000000 0.312500000000 0.000002398012
0.950000000000 0.325000000000 0.000002474333
0.950000000000 0.337500000000 0.000002547147
0.950000000000 0.350000000000 0.000002616154
0.950000000000 0.362500000000 0.000002681051
0.950000000000 0.375000000000 0.000002741532
0.950000000000 0.387500000000 0.000002797297
0.950000000000 0.400000000000 0.000002848067
0.950000000000 0.412500000000 0.000002893582
0.950000000000 0.425000000000 0.000002933573
0.950000000000 0.437500000000 0.000002967828
0.950000000000 0.450000000000 0.000002996138
0.950000000000 0.462500000000 0.000003018341
0.950000000000 0.475000000000 0.000003034290
0.950000000000 0.487500000000 0.000003043905
0.950000000000 0.500000000000 0.000003047116
0.950000000000 0.512500000000 0.000003043905
0.950000000000 0.525000000000 0.000003034290
0.950000000000 0.537500000000 0.000003018341
0.950000000000 0.550000000000 0.000002996138
0.950000000000 0.562500000000 0.000002967828
0.950000000000 0.575000000000 0.000002933573
0.950000000000 0.587500000000 0.000002893582
0.950000000000 0.600000000000 0.000002848067
0.950000000000 0.612500000000 0.000002797297
0.950000000000 0.625000000000 0.000002741532
0.950000000000 0.637500000000 0.000002681051
0.950000000000 0.650000000000 0.000002616154
0.950000000000 0.662500000000 0.000002547147
0.950000000000 0.675000000000 0.000002474333
0.950000000000 0.687500000000 0.000002398012
0.950000000000 0.700000000000 0.000002318493
0.950000000000 0.712500000000 0.000002236069
0.950000000000 0.725000000000 0.000002151022
0.950000000000 0.737500000000 0.000002063624
0.950000000000 0.750000000000 0.000001974132
0.950000000000 0.762500000000 0.000001882784
0.950000000000 0.775000000000 0.000001789806
0.950000000000 0.787500000000 0.000001695416
0.950000000000 0.800000000000 0.000001599795
0.950000000000 0.812500000000 0.000001503129
0.950000000000 0.825000000000 0.000001405574
0.950000000000 0.837500000000 0.000001307265
0.950000000000 0.850000000000 0.000001208325
0.950000000000 0.862500000000 0.000001108874
0.950000000000 0.875000000000 0.000001008996
0.950000000000 0.887500000000 0.000000908780
0.950000000000 0.900000000000 0.000000808293
0.950000000000 0.912500000000 0.000000707599
0.950000000000 0.925000000000 0.000000606744
0.950000000000 0.937500000000 0.000000505776
0.950000000000 0.950000000000 0.000000404713
0.950000000000 0.962500000000 0.000000303585
0.950000000000 0.975000000000 0.000000202414
0.950000000000 0.987500000000 0.000000101209
0.950000000000 1.000000000000 0.000000000000

0.962500000000 0.000000000000 0.000000000000
0.962500000000 0.012500000000 0.000000075926
0.962500000000 0.025000000000 0.000000151844
0.962500000000 0.037500000000 0.000000227738
0.962500000000 0.050000000000 0.000000303585
0.962500000000 0.062500000000 0.000000379380
0.962500000000 0.075000000000 0.000000455098
0.962500000000 0.087500000000 0.000000530728
0.962500000000 0.100000000000 0.000000606236
0.962500000000 0.112500000000 0.000000681586
0.962500000000 0.125000000000 0.000000756716
0.962500000000 0.137500000000 0.000000831586
0.962500000000 0.150000000000 0.000000906122
0.962500000000 0.162500000000 0.000000980259
0.962500000000 0.175000000000 0.000001053913
0.962500000000 0.187500000000 0.000001126991
0.962500000000 0.200000000000 0.000001199383
0.962500000000 0.212500000000 0.000001270982
0.962500000000 0.225000000000 0.000001341642
0.962500000000 0.237500000000 0.000001411225
0.962500000000 0.250000000000 0.000001479578
0.962500000000 0.262500000000 0.000001546524
0.962500000000 0.275000000000 0.000001611886
0.962500000000 0.287500000000 0.000001675470
0.962500000000 0.300000000000 0.000001737073
0.962500000000 0.312500000000 0.000001796496
0.962500000000 0.325000000000 0.000001853511
0.962500000000 0.337500000000 0.000001907892
0.962500000000 0.350000000000 0.000001959409
0.962500000000 0.362500000000 0.000002007855
0.962500000000 0.375000000000 0.000002052990
0.962500000000 0.387500000000 0.000002094598
0.962500000000 0.400000000000 0.000002132467
0.962500000000 0.412500000000 0.000002166405
0.962500000000 0.425000000000 0.000002196230
0.962500000000 0.437500000000 0.000002221762
0.962500000000 0.450000000000 0.000002242868
0.962500000000 0.462500000000 0.000002259416
0.962500000000 0.475000000000 0.000002271304
0.962500000000 0.487500000000 0.000002278467
0.962500000000 0.500000000000 0.000002280853
0.962500000000 0.512500000000 0.000002278467
0.962500000000 0.525000000000 0.000002271304
0.962500000000 0.537500000000 0.000002259416
0.962500000000 0.550000000000 0.000002242868
0.962500000000 0.562500000000 0.000002221762
0.962500000000 0.575000000000 0.000002196230
0.962500000000 0.587500000000 0.000002166405
0.962500000000 0.600000000000 0.000002132467
0.962500000000 0.612500000000 0.000002094598
0.962500000000 0.625000000000 0.000002052990
0.962500000000 0.637500000000 0.000002007855
0.962500000000 0.650000000000 0.000001959409
0.962500000000 0.662500000000 0.000001907892
0.962500000000 0.675000000000 0.000001853511
0.962500000000 0.687500000000 0.000001796496
0.962500000000 0.700000000000 0.000001737073
0.962500000000 0.712500000000 0.000001675470
0.962500000000 0.725000000000 0.000001611886
0.962500000000 0.737500000000 0.000001546524
0.962500000000 0.750000000000 0.000001479578
0.962500000000 0.762500000000 0.000001411225
0.962500000000 0.775000000000 0.000001341642
0.962500000000 0.787500000000 0.000001270982
0.962500000000 0.800000000000 0.000001199383
0.962500000000 0.812500000000 0.000001126991
0.962500000000 0.825000000000 0.000001053913
0.962500000000 0.837500000000 0.000000980259
0.962500000000 0.850000000000 0.000000906122
0.962500000000 0.862500000000 0.000000831586
0.962500000000 0.875000000000 0.000000756716
0.962500000000 0.887500000000 0.000000681586
0.962500000000 0.900000000000 0.000000606236
0.962500000000 0.912500000000 0.000000530728
0.962500000000 0.925000000000 0.000000455098
0.962500000000 0.937500000000 0.000000379380
0.962500000000 0.950000000000 0.000000303585
0.962500000000 0.962500000000 0.000000227738
0.962500000000 0.975000000000 0.000000151844
0.962500000000 0.987500000000 0.000000075926
0.962500000000 1.000000000000 0.000000000000

0.975000000000 0.000000000000 0.000000000000
0.975000000000 0.012500000000 0.000000050620
0.975000000000 0.025000000000 0.000000101240
0.975000000000 0.037500000000 0.000000151844
0.975000000000 0.050000000000 0.000000202414
0.975000000000 0.062500000000 0.000000252937
0.975000000000 0.075000000000 0.000000303409
0.975000000000 0.087500000000 0.000000353828
0.975000000000 0.100000000000 0.000000404164
0.975000000000 0.112500000000 0.000000454387
0.975000000000 0.125000000000 0.000000504458
0.975000000000 0.137500000000 0.000000554348
0.975000000000 0.150000000000 0.000000604012
0.975000000000 0.162500000000 0.000000653409
0.975000000000 0.175000000000 0.000000702475
0.975000000000 0.187500000000 0.000000751156
0.975000000000 0.200000000000 0.000000799370
0.975000000000 0.212500000000 0.000000847045
0.975000000000 0.225000000000 0.000000894087
0.975000000000 0.237500000000 0.000000940405
0.975000000000 0.250000000000 0.000000985896
0.975000000000 0.262500000000 0.000001030441
0.975000000000 0.275000000000 0.000001073926
0.975000000000 0.287500000000 0.000001116215
0.975000000000 0.300000000000 0.000001157182
0.975000000000 0.312500000000 0.000001196695
0.975000000000 0.325000000000 0.000001234606
0.975000000000 0.337500000000 0.000001270750
0.975000000000 0.350000000000 0.000001304987
0.975000000000 0.362500000000 0.000001337174
0.975000000000 0.375000000000 0.000001367157
0.975000000000 0.387500000000 0.000001394791
0.975000000000 0.400000000000 0.000001419941
0.975000000000 0.412500000000 0.000001442473
0.975000000000 0.425000000000 0.000001462274
0.975000000000 0.437500000000 0.000001479228
0.975000000000 0.450000000000 0.000001493234
0.975000000000 0.462500000000 0.000001504220
0.975000000000 0.475000000000 0.000001512108
0.975000000000 0.487500000000 0.000001516859
0.975000000000 0.500000000000 0.000001518446
0.975000000000 0.512500000000 0.000001516859
0.975000000000 0.525000000000 0.000001512108
0.975000000000 0.537500000000 0.000001504220
0.975000000000 0.550000000000 0.000001493234
0.975000000000 0.562500000000 0.000001479228
0.975000000000 0.575000000000 0.000001462274
0.975000000000 0.587500000000 0.000001442473
0.975000000000 0.600000000000 0.000001419941
0.975000000000 0.612500000000 0.000001394791
0.975000000000 0.625000000000 0.000001367157
0.975000000000 0.637500000000 0.000001337174
0.975000000000 0.650000000000 0.000001304987
0.975000000000 0.662500000000 0.000001270750
0.975000000000 0.675000000000 0.000001234606
0.975000000000 0.687500000000 0.000001196695
0.975000000000 0.700000000000 0.000001157182
0.975000000000 0.712500000000 0.000001116215
0.975000000000 0.725000000000 0.000001073926
0.975000000000 0.737500000000 0.000001030441
0.975000000000 0.750000000000 0.000000985896
0.975000000000 0.762500000000 0.000000940405
0.975000000000 0.775000000000 0.000000894087
0.975000000000 0.787500000000 0.000000847045
0.975000000000 0.800000000000 0.000000799370
0.975000000000 0.812500000000 0.000000751156
0.975000000000 0.825000000000 0.000000702475
0.975000000000 0.837500000000 0.000000653409
0.975000000000 0.850000000000 0.000000604012
0.975000000000 0.862500000000 0.000000554348
0.975000000000 0.875000000000 0.000000504458
0.975000000000 0.887500000000 0.000000454387
0.975000000000 0.900000000000 0.000000404164
0.975000000000 0.912500000000 0.000000353828
0.975000000000 0.925000000000 0.000000303409
0.975000000000 0.937500000000 0.000000252937
0.975000000000 0.950000000000 0.000000202414
0.975000000000 0.962500000000 0.000000151844
0.975000000000 0.975000000000 0.000000101240
0.975000000000 0.987500000000 0.000000050620
0.975000000000 1.000000000000 0.000000000000

0.987500000000 0.000000000000 0.000000000000
0.987500000000 0.012500000000 0.000000025315
0.987500000000 0.025000000000 0.000000050620
0.987500000000 0.037500000000 0.000000075926
0.987500000000 0.050000000000 0.000000101209
0.987500000000 0.062500000000 0.000000126470
0.987500000000 0.075000000000 0.000000151709
0.987500000000 0.087500000000 0.000000176914
0.987500000000 0.100000000000 0.000000202077
0.987500000000 0.112500000000 0.000000227189
0.987500000000 0.125000000000 0.000000252221
0.987500000000 0.137500000000 0.000000277160
0.987500000000 0.150000000000 0.000000301984
0.987500000000 0.162500000000 0.000000326673
0.987500000000 0.175000000000 0.000000351198
0.987500000000 0.187500000000 0.000000375528
0.987500000000 0.200000000000 0.000000399623
0.987500000000 0.212500000000 0.000000423440
0.987500000000 0.225000000000 0.000000446938
0.987500000000 0.237500000000 0.000000470077
0.987500000000 0.250000000000 0.000000492801
0.987500000000 0.262500000000 0.000000515053
0.987500000000 0.275000000000 0.000000536764
0.987500000000 0.287500000000 0.000000557877
0.987500000000 0.300000000000 0.000000578330
0.987500000000 0.312500000000 0.000000598054
0.987500000000 0.325000000000 0.000000616977
0.987500000000 0.337500000000 0.000000635017
0.987500000000 0.350000000000 0.000000652101
0.987500000000 0.362500000000 0.000000668166
0.987500000000 0.375000000000 0.000000683124
0.987500000000 0.387500000000 0.000000696915
0.987500000000 0.400000000000 0.000000709464
0.987500000000 0.412500000000 0.000000720697
0.987500000000 0.425000000000 0.000000730573
0.987500000000 0.437500000000 0.000000739030
0.987500000000 0.450000000000 0.000000746018
0.987500000000 0.462500000000 0.000000751492
0.987500000000 0.475000000000 0.000000755430
0.987500000000 0.487500000000 0.000000757800
0.987500000000 0.500000000000 0.000000758592
0.987500000000 0.512500000000 0.000000757800
0.987500000000 0.525000000000 0.000000755430
0.987500000000 0.537500000000 0.000000751492
0.987500000000 0.550000000000 0.000000746018
0.987500000000 0.562500000000 0.000000739030
0.987500000000 0.575000000000 0.000000730573
0.987500000000 0.587500000000 0.000000720697
0.987500000000 0.600000000000 0.000000709464
0.987500000000 0.612500000000 0.000000696915
0.987500000000 0.625000000000 0.000000683124
0.987500000000 0.637500000000 0.000000668166
0.987500000000 0.650000000000 0.000000652101
0.987500000000 0.662500000000 0.000000635017
0.987500000000 0.675000000000 0.000000616977
0.987500000000 0.687500000000 0.000000598054
0.987500000000 0.700000000000 0.000000578330
0.987500000000 0.712500000000 0.000000557877
0.987500000000 0.725000000000 0.000000536764
0.987500000000 0.737500000000 0.000000515053
0.987500000000 0.750000000000 0.000000492801
0.987500000000 0.762500000000 0.000000470077
0.987500000000 0.775000000000 0.000000446938
0.987500000000 0.787500000000 0.000000423440
0.987500000000 0.800000000000 0.000000399623
0.987500000000 0.812500000000 0.000000375528
0.987500000000 0.825000000000 0.000000351198
0.987500000000 0.837500000000 0.000000326673
0.987500000000 0.850000000000 0.000000301984
0.987500000000 0.862500000000 0.000000277160
0.987500000000 0.875000000000 0.000000252221
0.987500000000 0.887500000000 0.000000227189
0.987500000000 0.900000000000 0.000000202077
0.987500000000 0.912500000000 0.000000176914
0.987500000000 0.925000000000 0.000000151709
0.987500000000 0.937500000000 0.000000126470
0.987500000000 0.950000000000 0.000000101209
0.987500000000 0.962500000000 0.000000075926
0.987500000000 0.975000000000 0.000000050620
0.987500000000 0.987500000000 0.000000025315
0.987500000000 1.000000000000 0.000000000000

1.000000000000 0.000000000000 0.000000000000
1.000000000000 0.012500000000 0.000000000000
1.000000000000 0.025000000000 0.000000000000
1.000000000000 0.037500000000 0.000000000000
1.000000000000 0.050000000000 0.000000000000
1.000000000000 0.062500000000 0.000000000000
1.000000000000 0.075000000000 0.000000000000
1.000000000000 0.087500000000 0.000000000000
1.000000000000 0.100000000000 0.000000000000
1.000000000000 0.112500000000 0.000000000000
1.000000000000 0.125000000000 0.000000000000
1.000000000000 0.137500000000 0.000000000000
1.000000000000 0.150000000000 0.000000000000
1.000000000000 0.162500000000 0.000000000000
1.000000000000 0.175000000000 0.000000000000
1.000000000000 0.187500000000 0.000000000000
1.000000000000 0.200000000000 0.000000000000
1.000000000000 0.212500000000 0.000000000000
1.000000000000 0.225000000000 0.000000000000
1.000000000000 0.237500000000 0.000000000000
1.000000000000 0.250000000000 0.000000000000
1.000000000000 0.262500000000 0.000000000000
1.000000000000 0.275000000000 0.000000000000
1.000000000000 0.287500000000 0.000000000000
1.000000000000 0.300000000000 0.000000000000
1.000000000000 0.312500000000 0.000000000000
1.000000000000 0.325000000000 0.000000000000
1.000000000000 0.337500000000 0.000000000000
1.000000000000 0.350000000000 0.000000000000
1.000000000000 0.362500000000 0.000000000000
1.000000000000 0.375000000000 0.000000000000
1.000000000000 0.387500000000 0.000000000000
1.000000000000 0.400000000000 0.000000000000
1.000000000000 0.412500000000 0.000000000000
1.000000000000 0.425000000000 0.000000000000
1.000000000000 0.437500000000 0.000000000000
1.000000000000 0.450000000000 0.000000000000
1.000000000000 0.462500000000 0.000000000000
1.000000000000 0.475000000000 0.000000000000
1.000000000000 0.487500000000 0.000000000000
1.000000000000 0.500000000000 0.000000000000
1.000000000000 0.512500000000 0.000000000000
1.000000000000 0.525000000000 0.000000000000
1.000000000000 0.537500000000 0.000000000000
1.000000000000 0.550000000000 0.000000000000
1.000000000000 0.562500000000 0.000000000000
1.000000000000 0.575000000000 0.000000000000
1.000000000000 0.587500000000 0.000000000000
1.000000000000 0.600000000000 0.000000000000
1.000000000000 0.612500000000 0.000000000000
1.000000000000 0.625000000000 0.000000000000
1.000000000000 0.637500000000 0.000000000000
1.000000000000 0.650000000000 0.000000000000
1.000000000000 0.662500000000 0.000000000000
1.000000000000 0.675000000000 0.000000000000
1.000000000000 0.687500000000 0.000000000000
1.000000000000 0.700000000000 0.000000000000
1.000000000000 0.712500000000 0.000000000000
1.000000000000 0.725000000000 0.000000000000
1.000000000000 0.737500000000 0.000000000000
1.000000000000 0.750000000000 0.000000000000
1.000000000000 0.762500000000 0.000000000000
1.000000000000 0.775000000000 0.000000000000
1.000000000000 0.787500000000 0.000000000000
1.000000000000 0.800000000000 0.000000000000
1.000000000000 0.812500000000 0.000000000000
1.000000000000 0.825000000000 0.000000000000
1.000000000000 0.837500000000 0.000000000000
1.000000000000 0.850000000000 0.000000000000
1.000000000000 0.862500000000 0.000000000000
1.000000000000 0.875000000000 0.000000000000
1.000000000000 0.887500000000 0.000000000000
1.000000000000 0.900000000000 0.000000000000
1.000000000000 0.912500000000 0.000000000000
1.000000000000 0.925000000000 0.000000000000
1.000000000000 0.937500000000 0.000000000000
1.000000000000 0.950000000000 0.000000000000
1.000000000000 0.962500000000 0.000000000000
1.000000000000 0.975000000000 0.000000000000
1.000000000000 0.987500000000 0.000000000000
1.000000000000 1.000000000000 0.000000000000

