# x y u
0.000000000000 0.000000000000 0.000000000000
0.000000000000 0.012500000000 0.000000000000
0.000000000000 0.025000000000 0.000000000000
0.000000000000 0.037500000000 0.000000000000
0.000000000000 0.050000000000 0.000000000000
0.000000000000 0.062500000000 0.000000000000
0.000000000000 0.075000000000 0.000000000000
0.000000000000 0.087500000000 0.000000000000
0.000000000000 0.100000000000 0.000000000000
0.000000000000 0.112500000000 0.000000000000
0.000000000000 0.125000000000 0.000000000000
0.000000000000 0.137500000000 0.000000000000
0.000000000000 0.150000000000 0.000000000000
0.000000000000 0.162500000000 0.000000000000
0.000000000000 0.175000000000 0.000000000000
0.000000000000 0.187500000000 0.000000000000
0.000000000000 0.200000000000 0.000000000000
0.000000000000 0.212500000000 0.000000000000
0.000000000000 0.225000000000 0.000000000000
0.000000000000 0.237500000000 0.000000000000
0.000000000000 0.250000000000 0.000000000000
0.000000000000 0.262500000000 0.000000000000
0.000000000000 0.275000000000 0.000000000000
0.000000000000 0.287500000000 0.000000000000
0.000000000000 0.300000000000 0.000000000000
0.000000000000 0.312500000000 0.000000000000
0.000000000000 0.325000000000 0.000000000000
0.000000000000 0.337500000000 0.000000000000
0.000000000000 0.350000000000 0.000000000000
0.000000000000 0.362500000000 0.000000000000
0.000000000000 0.375000000000 0.000000000000
0.000000000000 0.387500000000 0.000000000000
0.000000000000 0.400000000000 0.000000000000
0.000000000000 0.412500000000 0.000000000000
0.000000000000 0.425000000000 0.000000000000
0.000000000000 0.437500000000 0.000000000000
0.000000000000 0.450000000000 0.000000000000
0.000000000000 0.462500000000 0.000000000000
0.000000000000 0.475000000000 0.000000000000
0.000000000000 0.487500000000 0.000000000000
0.000000000000 0.500000000000 0.000000000000
0.000000000000 0.512500000000 0.000000000000
0.000000000000 0.525000000000 0.000000000000
0.000000000000 0.537500000000 0.000000000000
0.000000000000 0.550000000000 0.000000000000
0.000000000000 0.562500000000 0.000000000000
0.000000000000 0.575000000000 0.000000000000
0.000000000000 0.587500000000 0.000000000000
0.000000000000 0.600000000000 0.000000000000
0.000000000000 0.612500000000 0.000000000000
0.000000000000 0.625000000000 0.000000000000
0.000000000000 0.637500000000 0.000000000000
0.000000000000 0.650000000000 0.000000000000
0.000000000000 0.662500000000 0.000000000000
0.000000000000 0.675000000000 0.000000000000
0.000000000000 0.687500000000 0.000000000000
0.000000000000 0.700000000000 0.000000000000
0.000000000000 0.712500000000 0.000000000000
0.000000000000 0.725000000000 0.000000000000
0.000000000000 0.737500000000 0.000000000000
0.000000000000 0.750000000000 0.000000000000
0.000000000000 0.762500000000 0.000000000000
0.000000000000 0.775000000000 0.000000000000
0.000000000000 0.787500000000 0.000000000000
0.000000000000 0.800000000000 0.000000000000
0.000000000000 0.812500000000 0.000000000000
0.000000000000 0.825000000000 0.000000000000
0.000000000000 0.837500000000 0.000000000000
0.000000000000 0.850000000000 0.000000000000
0.000000000000 0.862500000000 0.000000000000
0.000000000000 0.875000000000 0.000000000000
0.000000000000 0.887500000000 0.000000000000
0.000000000000 0.900000000000 0.000000000000
0.000000000000 0.912500000000 0.000000000000
0.000000000000 0.925000000000 0.000000000000
0.000000000000 0.937500000000 0.000000000000
0.000000000000 0.950000000000 0.000000000000
0.000000000000 0.962500000000 0.000000000000
0.000000000000 0.975000000000 0.000000000000
0.000000000000 0.987500000000 0.000000000000
0.000000000000 1.000000000000 0.000000000000

0.012500000000 0.000000000000 0.000000000000
0.012500000000 0.012500000000 -0.000000026638
0.012500000000 0.025000000000 -0.000000053242
0.012500000000 0.037500000000 -0.000000079774
0.012500000000 0.050000000000 -0.000000106198
0.012500000000 0.062500000000 -0.000000132478
0.012500000000 0.075000000000 -0.000000158579
0.012500000000 0.087500000000 -0.000000184465
0.012500000000 0.100000000000 -0.000000210101
0.012500000000 0.112500000000 -0.000000235450
0.012500000000 0.125000000000 -0.000000260475
0.012500000000 0.137500000000 -0.000000285142
0.012500000000 0.150000000000 -0.000000309415
0.012500000000 0.162500000000 -0.000000333258
0.012500000000 0.175000000000 -0.000000356636
0.012500000000 0.187500000000 -0.000000379514
0.012500000000 0.200000000000 -0.000000401855
0.012500000000 0.212500000000 -0.000000423624
0.012500000000 0.225000000000 -0.000000444784
0.012500000000 0.237500000000 -0.000000465302
0.012500000000 0.250000000000 -0.000000485143
0.012500000000 0.262500000000 -0.000000504274
0.012500000000 0.275000000000 -0.000000522662
0.012500000000 0.287500000000 -0.000000540272
0.012500000000 0.300000000000 -0.000000557072
0.012500000000 0.312500000000 -0.000000573034
0.012500000000 0.325000000000 -0.000000588124
0.012500000000 0.337500000000 -0.000000602316
0.012500000000 0.350000000000 -0.000000615579
0.012500000000 0.362500000000 -0.000000627888
0.012500000000 0.375000000000 -0.000000639217
0.012500000000 0.387500000000 -0.000000649542
0.012500000000 0.400000000000 -0.000000658844
0.012500000000 0.412500000000 -0.000000667098
0.012500000000 0.425000000000 -0.000000674290
0.012500000000 0.437500000000 -0.000000680403
0.012500000000 0.450000000000 -0.000000685423
0.012500000000 0.462500000000 -0.000000689340
0.012500000000 0.475000000000 -0.000000692144
0.012500000000 0.487500000000 -0.000000693829
0.012500000000 0.500000000000 -0.000000694391
0.012500000000 0.512500000000 -0.000000693829
0.012500000000 0.525000000000 -0.000000692144
0.012500000000 0.537500000000 -0.000000689340
0.012500000000 0.550000000000 -0.000000685423
0.012500000000 0.562500000000 -0.000000680403
0.012500000000 0.575000000000 -0.000000674290
0.012500000000 0.587500000000 -0.000000667098
0.012500000000 0.600000000000 -0.000000658844
0.012500000000 0.612500000000 -0.000000649542
0.012500000000 0.625000000000 -0.000000639217
0.012500000000 0.637500000000 -0.000000627888
0.012500000000 0.650000000000 -0.000000615579
0.012500000000 0.662500000000 -0.000000602316
0.012500000000 0.675000000000 -0.000000588124
0.012500000000 0.687500000000 -0.000000573034
0.012500000000 0.700000000000 -0.000000557072
0.012500000000 0.712500000000 -0.000000540272
0.012500000000 0.725000000000 -0.000000522662
0.012500000000 0.737500000000 -0.000000504274
0.012500000000 0.750000000000 -0.000000485143
0.012500000000 0.762500000000 -0.000000465302
0.012500000000 0.775000000000 -0.000000444784
0.012500000000 0.787500000000 -0.000000423624
0.012500000000 0.800000000000 -0.000000401855
0.012500000000 0.812500000000 -0.000000379514
0.012500000000 0.825000000000 -0.000000356636
0.012500000000 0.837500000000 -0.000000333258
0.012500000000 0.850000000000 -0.000000309415
0.012500000000 0.862500000000 -0.000000285142
0.012500000000 0.875000000000 -0.000000260475
0.012500000000 0.887500000000 -0.000000235450
0.012500000000 0.900000000000 -0.000000210101
0.012500000000 0.912500000000 -0.000000184465
0.012500000000 0.925000000000 -0.000000158579
0.012500000000 0.937500000000 -0.000000132478
0.012500000000 0.950000000000 -0.000000106198
0.012500000000 0.962500000000 -0.000000079774
0.012500000000 0.975000000000 -0.000000053242
0.012500000000 0.987500000000 -0.000000026638
0.012500000000 1.000000000000 0.000000000000

0.025000000000 0.000000000000 0.000000000000
0.025000000000 0.012500000000 -0.000000053242
0.025000000000 0.025000000000 -0.000000106415
0.025000000000 0.037500000000 -0.000000159442
0.025000000000 0.050000000000 -0.000000212254
0.025000000000 0.062500000000 -0.000000264779
0.025000000000 0.075000000000 -0.000000316946
0.025000000000 0.087500000000 -0.000000368684
0.025000000000 0.100000000000 -0.000000419920
0.025000000000 0.112500000000 -0.000000470584
0.025000000000 0.125000000000 -0.000000520604
0.025000000000 0.137500000000 -0.000000569907
0.025000000000 0.150000000000 -0.000000618422
0.025000000000 0.162500000000 -0.000000666079
0.025000000000 0.175000000000 -0.000000712807
0.025000000000 0.187500000000 -0.000000758535
0.025000000000 0.200000000000 -0.000000803190
0.025000000000 0.212500000000 -0.000000846700
0.025000000000 0.225000000000 -0.000000888997
0.025000000000 0.237500000000 -0.000000930010
0.025000000000 0.250000000000 -0.000000969671
0.025000000000 0.262500000000 -0.000001007912
0.025000000000 0.275000000000 -0.000001044666
0.025000000000 0.287500000000 -0.000001079868
0.025000000000 0.300000000000 -0.000001113454
0.025000000000 0.312500000000 -0.000001145360
0.025000000000 0.325000000000 -0.000001175528
0.025000000000 0.337500000000 -0.000001203896
0.025000000000 0.350000000000 -0.000001230411
0.025000000000 0.362500000000 -0.000001255017
0.025000000000 0.375000000000 -0.000001277665
0.025000000000 0.387500000000 -0.000001298307
0.025000000000 0.400000000000 -0.000001316901
0.025000000000 0.412500000000 -0.000001333404
0.025000000000 0.425000000000 -0.000001347784
0.025000000000 0.437500000000 -0.000001360005
0.025000000000 0.450000000000 -0.000001370041
0.025000000000 0.462500000000 -0.000001377872
0.025000000000 0.475000000000 -0.000001383478
0.025000000000 0.487500000000 -0.000001386845
0.025000000000 0.500000000000 -0.000001387969
0.025000000000 0.512500000000 -0.000001386845
0.025000000000 0.525000000000 -0.000001383478
0.025000000000 0.537500000000 -0.000001377872
0.025000000000 0.550000000000 -0.000001370041
0.025000000000 0.562500000000 -0.000001360005
0.025000000000 0.575000000000 -0.000001347784
0.025000000000 0.587500000000 -0.000001333404
0.025000000000 0.600000000000 -0.000001316901
0.025000000000 0.612500000000 -0.000001298307
0.025000000000 0.625000000000 -0.000001277665
0.025000000000 0.637500000000 -0.000001255017
0.025000000000 0.650000000000 -0.000001230411
0.025000000000 0.662500000000 -0.000001203896
0.025000000000 0.675000000000 -0.000001175528
0.025000000000 0.687500000000 -0.000001145360
0.025000000000 0.700000000000 -0.000001113454
0.025000000000 0.712500000000 -0.000001079868
0.025000000000 0.725000000000 -0.000001044666
0.025000000000 0.737500000000 -0.000001007912
0.025000000000 0.750000000000 -0.000000969671
0.025000000000 0.762500000000 -0.000000930010
0.025000000000 0.775000000000 -0.000000888997
0.025000000000 0.787500000000 -0.000000846700
0.025000000000 0.800000000000 -0.000000803190
0.025000000000 0.812500000000 -0.000000758535
0.025000000000 0.825000000000 -0.000000712807
0.025000000000 0.837500000000 -0.000000666079
0.025000000000 0.850000000000 -0.000000618422
0.025000000000 0.862500000000 -0.000000569907
0.025000000000 0.875000000000 -0.000000520604
0.025000000000 0.887500000000 -0.000000470584
0.025000000000 0.900000000000 -0.000000419920
0.025000000000 0.912500000000 -0.000000368684
0.025000000000 0.925000000000 -0.000000316946
0.025000000000 0.937500000000 -0.000000264779
0.025000000000 0.950000000000 -0.000000212254
0.025000000000 0.962500000000 -0.000000159442
0.025000000000 0.975000000000 -0.000000106415
0.025000000000 0.987500000000 -0.000000053242
0.025000000000 1.000000000000 0.000000000000

0.037500000000 0.000000000000 0.000000000000
0.037500000000 0.012500000000 -0.000000079774
0.037500000000 0.025000000000 -0.000000159442
0.037500000000 0.037500000000 -0.000000238894
0.037500000000 0.050000000000 -0.000000318023
0.037500000000 0.062500000000 -0.000000396723
0.037500000000 0.075000000000 -0.000000474887
0.037500000000 0.087500000000 -0.000000552408
0.037500000000 0.100000000000 -0.000000629179
0.037500000000 0.112500000000 -0.000000705093
0.037500000000 0.125000000000 -0.000000780042
0.037500000000 0.137500000000 -0.000000853918
0.037500000000 0.150000000000 -0.000000926616
0.037500000000 0.162500000000 -0.000000998028
0.037500000000 0.175000000000 -0.000001068047
0.037500000000 0.187500000000 -0.000001136569
0.037500000000 0.200000000000 -0.000001203482
0.037500000000 0.212500000000 -0.000001268684
0.037500000000 0.225000000000 -0.000001332068
0.037500000000 0.237500000000 -0.000001393529
0.037500000000 0.250000000000 -0.000001452965
0.037500000000 0.262500000000 -0.000001510275
0.037500000000 0.275000000000 -0.000001565358
0.037500000000 0.287500000000 -0.000001618116
0.037500000000 0.300000000000 -0.000001668452
0.037500000000 0.312500000000 -0.000001716272
0.037500000000 0.325000000000 -0.000001761487
0.037500000000 0.337500000000 -0.000001804006
0.037500000000 0.350000000000 -0.000001843747
0.037500000000 0.362500000000 -0.000001880629
0.037500000000 0.375000000000 -0.000001914577
0.037500000000 0.387500000000 -0.000001945519
0.037500000000 0.400000000000 -0.000001973390
0.037500000000 0.412500000000 -0.000001998131
0.037500000000 0.425000000000 -0.000002019686
0.037500000000 0.437500000000 -0.000002038006
0.037500000000 0.450000000000 -0.000002053051
0.037500000000 0.462500000000 -0.000002064788
0.037500000000 0.475000000000 -0.000002073193
0.037500000000 0.487500000000 -0.000002078243
0.037500000000 0.500000000000 -0.000002079928
0.037500000000 0.512500000000 -0.000002078243
0.037500000000 0.525000000000 -0.000002073193
0.037500000000 0.537500000000 -0.000002064788
0.037500000000 0.550000000000 -0.000002053051
0.037500000000 0.562500000000 -0.000002038006
0.037500000000 0.575000000000 -0.000002019686
0.037500000000 0.587500000000 -0.000001998131
0.037500000000 0.600000000000 -0.000001973390
0.037500000000 0.612500000000 -0.000001945519
0.037500000000 0.625000000000 -0.000001914577
0.037500000000 0.637500000000 -0.000001880629
0.037500000000 0.650000000000 -0.000001843747
0.037500000000 0.662500000000 -0.000001804006
0.037500000000 0.675000000000 -0.000001761487
0.037500000000 0.687500000000 -0.000001716272
0.037500000000 0.700000000000 -0.000001668452
0.037500000000 0.712500000000 -0.000001618116
0.037500000000 0.725000000000 -0.000001565358
0.037500000000 0.737500000000 -0.000001510275
0.037500000000 0.750000000000 -0.000001452965
0.037500000000 0.762500000000 -0.000001393529
0.037500000000 0.775000000000 -0.000001332068
0.037500000000 0.787500000000 -0.000001268684
0.037500000000 0.800000000000 -0.000001203482
0.037500000000 0.812500000000 -0.000001136569
0.037500000000 0.825000000000 -0.000001068047
0.037500000000 0.837500000000 -0.000000998028
0.037500000000 0.850000000000 -0.000000926616
0.037500000000 0.862500000000 -0.000000853918
0.037500000000 0.875000000000 -0.000000780042
0.037500000000 0.887500000000 -0.000000705093
0.037500000000 0.900000000000 -0.000000629179
0.037500000000 0.912500000000 -0.000000552408
0.037500000000 0.925000000000 -0.000000474887
0.037500000000 0.937500000000 -0.000000396723
0.037500000000 0.950000000000 -0.000000318023
0.037500000000 0.962500000000 -0.000000238894
0.037500000000 0.975000000000 -0.000000159442
0.037500000000 0.987500000000 -0.000000079774
0.037500000000 1.000000000000 0.000000000000

0.050000000000 0.000000000000 0.000000000000
0.050000000000 0.012500000000 -0.000000106198
0.050000000000 0.025000000000 -0.000000212254
0.050000000000 0.037500000000 -0.000000318023
0.050000000000 0.050000000000 -0.000000423365
0.050000000000 0.062500000000 -0.000000528134
0.050000000000 0.075000000000 -0.000000632192
0.050000000000 0.087500000000 -0.000000735394
0.050000000000 0.100000000000 -0.000000837598
0.050000000000 0.112500000000 -0.000000938661
0.050000000000 0.125000000000 -0.000001038444
0.050000000000 0.137500000000 -0.000001136800
0.050000000000 0.150000000000 -0.000001233588
0.050000000000 0.162500000000 -0.000001328665
0.050000000000 0.175000000000 -0.000001421889
0.050000000000 0.187500000000 -0.000001513120
0.050000000000 0.200000000000 -0.000001602212
0.050000000000 0.212500000000 -0.000001689027
0.050000000000 0.225000000000 -0.000001773424
0.050000000000 0.237500000000 -0.000001855264
0.050000000000 0.250000000000 -0.000001934410
0.050000000000 0.262500000000 -0.000002010726
0.050000000000 0.275000000000 -0.000002084079
0.050000000000 0.287500000000 -0.000002154337
0.050000000000 0.300000000000 -0.000002221372
0.050000000000 0.312500000000 -0.000002285059
0.050000000000 0.325000000000 -0.000002345278
0.050000000000 0.337500000000 -0.000002401909
0.050000000000 0.350000000000 -0.000002454841
0.050000000000 0.362500000000 -0.000002503965
0.050000000000 0.375000000000 -0.000002549184
0.050000000000 0.387500000000 -0.000002590401
0.050000000000 0.400000000000 -0.000002627528
0.050000000000 0.412500000000 -0.000002660484
0.050000000000 0.425000000000 -0.000002689198
0.050000000000 0.437500000000 -0.000002713604
0.050000000000 0.450000000000 -0.000002733648
0.050000000000 0.462500000000 -0.000002749284
0.050000000000 0.475000000000 -0.000002760480
0.050000000000 0.487500000000 -0.000002767208
0.050000000000 0.500000000000 -0.000002769453
0.050000000000 0.512500000000 -0.000002767208
0.050000000000 0.525000000000 -0.000002760480
0.050000000000 0.537500000000 -0.000002749284
0.050000000000 0.550000000000 -0.000002733648
0.050000000000 0.562500000000 -0.000002713604
0.050000000000 0.575000000000 -0.000002689198
0.050000000000 0.587500000000 -0.000002660484
0.050000000000 0.600000000000 -0.000002627528
0.050000000000 0.612500000000 -0.000002590401
0.050000000000 0.625000000000 -0.000002549184
0.050000000000 0.637500000000 -0.000002503965
0.050000000000 0.650000000000 -0.000002454841
0.050000000000 0.662500000000 -0.000002401909
0.050000000000 0.675000000000 -0.000002345278
0.050000000000 0.687500000000 -0.000002285059
0.050000000000 0.700000000000 -0.000002221372
0.050000000000 0.712500000000 -0.000002154337
0.050000000000 0.725000000000 -0.000002084079
0.050000000000 0.737500000000 -0.000002010726
0.050000000000 0.750000000000 -0.000001934410
0.050000000000 0.762500000000 -0.000001855264
0.050000000000 0.775000000000 -0.000001773424
0.050000000000 0.787500000000 -0.000001689027
0.050000000000 0.800000000000 -0.000001602212
0.050000000000 0.812500000000 -0.000001513120
0.050000000000 0.825000000000 -0.000001421889
0.050000000000 0.837500000000 -0.000001328665
0.050000000000 0.850000000000 -0.000001233588
0.050000000000 0.862500000000 -0.000001136800
0.050000000000 0.875000000000 -0.000001038444
0.050000000000 0.887500000000 -0.000000938661
0.050000000000 0.900000000000 -0.000000837598
0.050000000000 0.912500000000 -0.000000735394
0.050000000000 0.925000000000 -0.000000632192
0.050000000000 0.937500000000 -0.000000528134
0.050000000000 0.950000000000 -0.000000423365
0.050000000000 0.962500000000 -0.000000318023
0.050000000000 0.975000000000 -0.000000212254
0.050000000000 0.987500000000 -0.000000106198
0.050000000000 1.000000000000 0.000000000000

0.062500000000 0.000000000000 0.000000000000
0.062500000000 0.012500000000 -0.000000132478
0.062500000000 0.025000000000 -0.000000264779
0.062500000000 0.037500000000 -0.000000396723
0.062500000000 0.050000000000 -0.000000528134
0.062500000000 0.062500000000 -0.000000658833
0.062500000000 0.075000000000 -0.000000788647
0.062500000000 0.087500000000 -0.000000917394
0.062500000000 0.100000000000 -0.000001044898
0.062500000000 0.112500000000 -0.000001170980
0.062500000000 0.125000000000 -0.000001295466
0.062500000000 0.137500000000 -0.000001418175
0.062500000000 0.150000000000 -0.000001538930
0.062500000000 0.162500000000 -0.000001657553
0.062500000000 0.175000000000 -0.000001773866
0.062500000000 0.187500000000 -0.000001887693
0.062500000000 0.200000000000 -0.000001998856
0.062500000000 0.212500000000 -0.000002107183
0.062500000000 0.225000000000 -0.000002212495
0.062500000000 0.237500000000 -0.000002314620
0.062500000000 0.250000000000 -0.000002413387
0.062500000000 0.262500000000 -0.000002508626
0.062500000000 0.275000000000 -0.000002600171
0.062500000000 0.287500000000 -0.000002687857
0.062500000000 0.300000000000 -0.000002771523
0.062500000000 0.312500000000 -0.000002851016
0.062500000000 0.325000000000 -0.000002926179
0.062500000000 0.337500000000 -0.000002996868
0.062500000000 0.350000000000 -0.000003062942
0.062500000000 0.362500000000 -0.000003124268
0.062500000000 0.375000000000 -0.000003180719
0.062500000000 0.387500000000 -0.000003232174
0.062500000000 0.400000000000 -0.000003278526
0.062500000000 0.412500000000 -0.000003319673
0.062500000000 0.425000000000 -0.000003355524
0.062500000000 0.437500000000 -0.000003385997
0.062500000000 0.450000000000 -0.000003411023
0.062500000000 0.462500000000 -0.000003430550
0.062500000000 0.475000000000 -0.000003444529
0.062500000000 0.487500000000 -0.000003452930
0.062500000000 0.500000000000 -0.000003455733
0.062500000000 0.512500000000 -0.000003452930
0.062500000000 0.525000000000 -0.000003444529
0.062500000000 0.537500000000 -0.000003430550
0.062500000000 0.550000000000 -0.000003411023
0.062500000000 0.562500000000 -0.000003385997
0.062500000000 0.575000000000 -0.000003355524
0.062500000000 0.587500000000 -0.000003319673
0.062500000000 0.600000000000 -0.000003278526
0.062500000000 0.612500000000 -0.000003232174
0.062500000000 0.625000000000 -0.000003180719
0.062500000000 0.637500000000 -0.000003124268
0.062500000000 0.650000000000 -0.000003062942
0.062500000000 0.662500000000 -0.000002996868
0.062500000000 0.675000000000 -0.000002926179
0.062500000000 0.687500000000 -0.000002851016
0.062500000000 0.700000000000 -0.000002771523
0.062500000000 0.712500000000 -0.000002687857
0.062500000000 0.725000000000 -0.000002600171
0.062500000000 0.737500000000 -0.000002508626
0.062500000000 0.750000000000 -0.000002413387
0.062500000000 0.762500000000 -0.000002314620
0.062500000000 0.775000000000 -0.000002212495
0.062500000000 0.787500000000 -0.000002107183
0.062500000000 0.800000000000 -0.000001998856
0.062500000000 0.812500000000 -0.000001887693
0.062500000000 0.825000000000 -0.000001773866
0.062500000000 0.837500000000 -0.000001657553
0.062500000000 0.850000000000 -0.000001538930
0.062500000000 0.862500000000 -0.000001418175
0.062500000000 0.875000000000 -0.000001295466
0.062500000000 0.887500000000 -0.000001170980
0.062500000000 0.900000000000 -0.000001044898
0.062500000000 0.912500000000 -0.000000917394
0.062500000000 0.925000000000 -0.000000788647
0.062500000000 0.937500000000 -0.000000658833
0.062500000000 0.950000000000 -0.000000528134
0.062500000000 0.962500000000 -0.000000396723
0.062500000000 0.975000000000 -0.000000264779
0.062500000000 0.987500000000 -0.000000132478
0.062500000000 1.000000000000 0.000000000000

0.075000000000 0.000000000000 0.000000000000
0.075000000000 0.012500000000 -0.000000158579
0.075000000000 0.025000000000 -0.000000316946
0.075000000000 0.037500000000 -0.000000474887
0.075000000000 0.050000000000 -0.000000632192
0.075000000000 0.062500000000 -0.000000788647
0.075000000000 0.075000000000 -0.000000944042
0.075000000000 0.087500000000 -0.000001098163
0.075000000000 0.100000000000 -0.000001250798
0.075000000000 0.112500000000 -0.000001401736
0.075000000000 0.125000000000 -0.000001550762
0.075000000000 0.137500000000 -0.000001697666
0.075000000000 0.150000000000 -0.000001842233
0.075000000000 0.162500000000 -0.000001984253
0.075000000000 0.175000000000 -0.000002123510
0.075000000000 0.187500000000 -0.000002259793
0.075000000000 0.200000000000 -0.000002392894
0.075000000000 0.212500000000 -0.000002522603
0.075000000000 0.225000000000 -0.000002648708
0.075000000000 0.237500000000 -0.000002771001
0.075000000000 0.250000000000 -0.000002889279
0.075000000000 0.262500000000 -0.000003003337
0.075000000000 0.275000000000 -0.000003112976
0.075000000000 0.287500000000 -0.000003217999
0.075000000000 0.300000000000 -0.000003318212
0.075000000000 0.312500000000 -0.000003413429
0.075000000000 0.325000000000 -0.000003503466
0.075000000000 0.337500000000 -0.000003588148
0.075000000000 0.350000000000 -0.000003667304
0.075000000000 0.362500000000 -0.000003740776
0.075000000000 0.375000000000 -0.000003808410
0.075000000000 0.387500000000 -0.000003870062
0.075000000000 0.400000000000 -0.000003925602
0.075000000000 0.412500000000 -0.000003974908
0.075000000000 0.425000000000 -0.000004017867
0.075000000000 0.437500000000 -0.000004054385
0.075000000000 0.450000000000 -0.000004084379
0.075000000000 0.462500000000 -0.000004107779
0.075000000000 0.475000000000 -0.000004124533
0.075000000000 0.487500000000 -0.000004134600
0.075000000000 0.500000000000 -0.000004137960
0.075000000000 0.512500000000 -0.000004134600
0.075000000000 0.525000000000 -0.000004124533
0.075000000000 0.537500000000 -0.000004107779
0.075000000000 0.550000000000 -0.000004084379
0.075000000000 0.562500000000 -0.000004054385
0.075000000000 0.575000000000 -0.000004017867
0.075000000000 0.587500000000 -0.000003974908
0.075000000000 0.600000000000 -0.000003925602
0.075000000000 0.612500000000 -0.000003870062
0.075000000000 0.625000000000 -0.000003808410
0.075000000000 0.637500000000 -0.000003740776
0.075000000000 0.650000000000 -0.000003667304
0.075000000000 0.662500000000 -0.000003588148
0.075000000000 0.675000000000 -0.000003503466
0.075000000000 0.687500000000 -0.000003413429
0.075000000000 0.700000000000 -0.000003318212
0.075000000000 0.712500000000 -0.000003217999
0.075000000000 0.725000000000 -0.000003112976
0.075000000000 0.737500000000 -0.000003003337
0.075000000000 0.750000000000 -0.000002889279
0.075000000000 0.762500000000 -0.000002771001
0.075000000000 0.775000000000 -0.000002648708
0.075000000000 0.787500000000 -0.000002522603
0.075000000000 0.800000000000 -0.000002392894
0.075000000000 0.812500000000 -0.000002259793
0.075000000000 0.825000000000 -0.000002123510
0.075000000000 0.837500000000 -0.000001984253
0.075000000000 0.850000000000 -0.000001842233
0.075000000000 0.862500000000 -0.000001697666
0.075000000000 0.875000000000 -0.000001550762
0.075000000000 0.887500000000 -0.000001401736
0.075000000000 0.900000000000 -0.000001250798
0.075000000000 0.912500000000 -0.000001098163
0.075000000000 0.925000000000 -0.000000944042
0.075000000000 0.937500000000 -0.000000788647
0.075000000000 0.950000000000 -0.000000632192
0.075000000000 0.962500000000 -0.000000474887
0.075000000000 0.975000000000 -0.000000316946
0.075000000000 0.987500000000 -0.000000158579
0.075000000000 1.000000000000 0.000000000000

0.087500000000 0.000000000000 0.000000000000
0.087500000000 0.012500000000 -0.000000184465
0.087500000000 0.025000000000 -0.000000368684
0.087500000000 0.037500000000 -0.000000552408
0.087500000000 0.050000000000 -0.000000735394
0.087500000000 0.062500000000 -0.000000917394
0.087500000000 0.075000000000 -0.000001098163
0.087500000000 0.087500000000 -0.000001277453
0.087500000000 0.100000000000 -0.000001455019
0.087500000000 0.112500000000 -0.000001630614
0.087500000000 0.125000000000 -0.000001803988
0.087500000000 0.137500000000 -0.000001974897
0.087500000000 0.150000000000 -0.000002143092
0.087500000000 0.162500000000 -0.000002308327
0.087500000000 0.175000000000 -0.000002470355
0.087500000000 0.187500000000 -0.000002628929
0.087500000000 0.200000000000 -0.000002783806
0.087500000000 0.212500000000 -0.000002934741
0.087500000000 0.225000000000 -0.000003081492
0.087500000000 0.237500000000 -0.000003223814
0.087500000000 0.250000000000 -0.000003361469
0.087500000000 0.262500000000 -0.000003494220
0.087500000000 0.275000000000 -0.000003621835
0.087500000000 0.287500000000 -0.000003744083
0.087500000000 0.300000000000 -0.000003860741
0.087500000000 0.312500000000 -0.000003971589
0.087500000000 0.325000000000 -0.000004076413
0.087500000000 0.337500000000 -0.000004175007
0.087500000000 0.350000000000 -0.000004267175
0.087500000000 0.362500000000 -0.000004352729
0.087500000000 0.375000000000 -0.000004431489
0.087500000000 0.387500000000 -0.000004503288
0.087500000000 0.400000000000 -0.000004567970
0.087500000000 0.412500000000 -0.000004625394
0.087500000000 0.425000000000 -0.000004675430
0.087500000000 0.437500000000 -0.000004717966
0.087500000000 0.450000000000 -0.000004752905
0.087500000000 0.462500000000 -0.000004780164
0.087500000000 0.475000000000 -0.000004799680
0.087500000000 0.487500000000 -0.000004811408
0.087500000000 0.500000000000 -0.000004815321
0.087500000000 0.512500000000 -0.000004811408
0.087500000000 0.525000000000 -0.000004799680
0.087500000000 0.537500000000 -0.000004780164
0.087500000000 0.550000000000 -0.000004752905
0.087500000000 0.562500000000 -0.000004717966
0.087500000000 0.575000000000 -0.000004675430
0.087500000000 0.587500000000 -0.000004625394
0.087500000000 0.600000000000 -0.000004567970
0.087500000000 0.612500000000 -0.000004503288
0.087500000000 0.625000000000 -0.000004431489
0.087500000000 0.637500000000 -0.000004352729
0.087500000000 0.650000000000 -0.000004267175
0.087500000000 0.662500000000 -0.000004175007
0.087500000000 0.675000000000 -0.000004076413
0.087500000000 0.687500000000 -0.000003971589
0.087500000000 0.700000000000 -0.000003860741
0.087500000000 0.712500000000 -0.000003744083
0.087500000000 0.725000000000 -0.000003621835
0.087500000000 0.737500000000 -0.000003494220
0.087500000000 0.750000000000 -0.000003361469
0.087500000000 0.762500000000 -0.000003223814
0.087500000000 0.775000000000 -0.000003081492
0.087500000000 0.787500000000 -0.000002934741
0.087500000000 0.800000000000 -0.000002783806
0.087500000000 0.812500000000 -0.000002628929
0.087500000000 0.825000000000 -0.000002470355
0.087500000000 0.837500000000 -0.000002308327
0.087500000000 0.850000000000 -0.000002143092
0.087500000000 0.862500000000 -0.000001974897
0.087500000000 0.875000000000 -0.000001803988
0.087500000000 0.887500000000 -0.000001630614
0.087500000000 0.900000000000 -0.000001455019
0.087500000000 0.912500000000 -0.000001277453
0.087500000000 0.925000000000 -0.000001098163
0.087500000000 0.937500000000 -0.000000917394
0.087500000000 0.950000000000 -0.000000735394
0.087500000000 0.962500000000 -0.000000552408
0.087500000000 0.975000000000 -0.000000368684
0.087500000000 0.987500000000 -0.000000184465
0.087500000000 1.000000000000 0.000000000000

0.100000000000 0.000000000000 0.000000000000
0.100000000000 0.012500000000 -0.000000210101
0.100000000000 0.025000000000 -0.000000419920
0.100000000000 0.037500000000 -0.000000629179
0.100000000000 0.050000000000 -0.000000837598
0.100000000000 0.062500000000 -0.000001044898
0.100000000000 0.075000000000 -0.000001250798
0.100000000000 0.087500000000 -0.000001455019
0.100000000000 0.100000000000 -0.000001657280
0.100000000000 0.112500000000 -0.000001857298
0.100000000000 0.125000000000 -0.000002054795
0.100000000000 0.137500000000 -0.000002249487
0.100000000000 0.150000000000 -0.000002441095
0.100000000000 0.162500000000 -0.000002629338
0.100000000000 0.175000000000 -0.000002813934
0.100000000000 0.187500000000 -0.000002994602
0.100000000000 0.200000000000 -0.000003171068
0.100000000000 0.212500000000 -0.000003343050
0.100000000000 0.225000000000 -0.000003510272
0.100000000000 0.237500000000 -0.000003672458
0.100000000000 0.250000000000 -0.000003829335
0.100000000000 0.262500000000 -0.000003980634
0.100000000000 0.275000000000 -0.000004126086
0.100000000000 0.287500000000 -0.000004265431
0.100000000000 0.300000000000 -0.000004398414
0.100000000000 0.312500000000 -0.000004524783
0.100000000000 0.325000000000 -0.000004644293
0.100000000000 0.337500000000 -0.000004756709
0.100000000000 0.350000000000 -0.000004861805
0.100000000000 0.362500000000 -0.000004959365
0.100000000000 0.375000000000 -0.000005049184
0.100000000000 0.387500000000 -0.000005131069
0.100000000000 0.400000000000 -0.000005204843
0.100000000000 0.412500000000 -0.000005270341
0.100000000000 0.425000000000 -0.000005327417
0.100000000000 0.437500000000 -0.000005375939
0.100000000000 0.450000000000 -0.000005415796
0.100000000000 0.462500000000 -0.000005446894
0.100000000000 0.475000000000 -0.000005469159
0.100000000000 0.487500000000 -0.000005482539
0.100000000000 0.500000000000 -0.000005487003
0.100000000000 0.512500000000 -0.000005482539
0.100000000000 0.525000000000 -0.000005469159
0.100000000000 0.537500000000 -0.000005446894
0.100000000000 0.550000000000 -0.000005415796
0.100000000000 0.562500000000 -0.000005375939
0.100000000000 0.575000000000 -0.000005327417
0.100000000000 0.587500000000 -0.000005270341
0.100000000000 0.600000000000 -0.000005204843
0.100000000000 0.612500000000 -0.000005131069
0.100000000000 0.625000000000 -0.000005049184
0.100000000000 0.637500000000 -0.000004959365
0.100000000000 0.650000000000 -0.000004861805
0.100000000000 0.662500000000 -0.000004756709
0.100000000000 0.675000000000 -0.000004644293
0.100000000000 0.687500000000 -0.000004524783
0.100000000000 0.700000000000 -0.000004398414
0.100000000000 0.712500000000 -0.000004265431
0.100000000000 0.725000000000 -0.000004126086
0.100000000000 0.737500000000 -0.000003980634
0.100000000000 0.750000000000 -0.000003829335
0.100000000000 0.762500000000 -0.000003672458
0.100000000000 0.775000000000 -0.000003510272
0.100000000000 0.787500000000 -0.000003343050
0.100000000000 0.800000000000 -0.000003171068
0.100000000000 0.812500000000 -0.000002994602
0.100000000000 0.825000000000 -0.000002813934
0.100000000000 0.837500000000 -0.000002629338
0.100000000000 0.850000000000 -0.000002441095
0.100000000000 0.862500000000 -0.000002249487
0.100000000000 0.875000000000 -0.000002054795
0.100000000000 0.887500000000 -0.000001857298
0.100000000000 0.900000000000 -0.000001657280
0.100000000000 0.912500000000 -0.000001455019
0.100000000000 0.925000000000 -0.000001250798
0.100000000000 0.937500000000 -0.000001044898
0.100000000000 0.950000000000 -0.000000837598
0.100000000000 0.962500000000 -0.000000629179
0.100000000000 0.975000000000 -0.000000419920
0.100000000000 0.987500000000 -0.000000210101
0.100000000000 1.000000000000 0.000000000000

0.112500000000 0.000000000000 0.000000000000
0.112500000000 0.012500000000 -0.000000235450
0.112500000000 0.025000000000 -0.000000470584
0.112500000000 0.037500000000 -0.000000705093
0.112500000000 0.050000000000 -0.000000938661
0.112500000000 0.062500000000 -0.000001170980
0.112500000000 0.075000000000 -0.000001401736
0.112500000000 0.087500000000 -0.000001630614
0.112500000000 0.100000000000 -0.000001857298
0.112500000000 0.112500000000 -0.000002081477
0.112500000000 0.125000000000 -0.000002302836
0.112500000000 0.137500000000 -0.000002521059
0.112500000000 0.150000000000 -0.000002735833
0.112500000000 0.162500000000 -0.000002946844
0.112500000000 0.175000000000 -0.000003153776
0.112500000000 0.187500000000 -0.000003356316
0.112500000000 0.200000000000 -0.000003554153
0.112500000000 0.212500000000 -0.000003746976
0.112500000000 0.225000000000 -0.000003934473
0.112500000000 0.237500000000 -0.000004116336
0.112500000000 0.250000000000 -0.000004292257
0.112500000000 0.262500000000 -0.000004461935
0.112500000000 0.275000000000 -0.000004625069
0.112500000000 0.287500000000 -0.000004781365
0.112500000000 0.300000000000 -0.000004930535
0.112500000000 0.312500000000 -0.000005072298
0.112500000000 0.325000000000 -0.000005206378
0.112500000000 0.337500000000 -0.000005332511
0.112500000000 0.350000000000 -0.000005450439
0.112500000000 0.362500000000 -0.000005559920
0.112500000000 0.375000000000 -0.000005660723
0.112500000000 0.387500000000 -0.000005752627
0.112500000000 0.400000000000 -0.000005835434
0.112500000000 0.412500000000 -0.000005908956
0.112500000000 0.425000000000 -0.000005973026
0.112500000000 0.437500000000 -0.000006027499
0.112500000000 0.450000000000 -0.000006072246
0.112500000000 0.462500000000 -0.000006107161
0.112500000000 0.475000000000 -0.000006132160
0.112500000000 0.487500000000 -0.000006147183
0.112500000000 0.500000000000 -0.000006152195
0.112500000000 0.512500000000 -0.000006147183
0.112500000000 0.525000000000 -0.000006132160
0.112500000000 0.537500000000 -0.000006107161
0.112500000000 0.550000000000 -0.000006072246
0.112500000000 0.562500000000 -0.000006027499
0.112500000000 0.575000000000 -0.000005973026
0.112500000000 0.587500000000 -0.000005908956
0.112500000000 0.600000000000 -0.000005835434
0.112500000000 0.612500000000 -0.000005752627
0.112500000000 0.625000000000 -0.000005660723
0.112500000000 0.637500000000 -0.000005559920
0.112500000000 0.650000000000 -0.000005450439
0.112500000000 0.662500000000 -0.000005332511
0.112500000000 0.675000000000 -0.000005206378
0.112500000000 0.687500000000 -0.000005072298
0.112500000000 0.700000000000 -0.000004930535
0.112500000000 0.712500000000 -0.000004781365
0.112500000000 0.725000000000 -0.000004625069
0.112500000000 0.737500000000 -0.000004461935
0.112500000000 0.750000000000 -0.000004292257
0.112500000000 0.762500000000 -0.000004116336
0.112500000000 0.775000000000 -0.000003934473
0.112500000000 0.787500000000 -0.000003746976
0.112500000000 0.800000000000 -0.000003554153
0.112500000000 0.812500000000 -0.000003356316
0.112500000000 0.825000000000 -0.000003153776
0.112500000000 0.837500000000 -0.000002946844
0.112500000000 0.850000000000 -0.000002735833
0.112500000000 0.862500000000 -0.000002521059
0.112500000000 0.875000000000 -0.000002302836
0.112500000000 0.887500000000 -0.000002081477
0.112500000000 0.900000000000 -0.000001857298
0.112500000000 0.912500000000 -0.000001630614
0.112500000000 0.925000000000 -0.000001401736
0.112500000000 0.937500000000 -0.000001170980
0.112500000000 0.950000000000 -0.000000938661
0.112500000000 0.962500000000 -0.000000705093
0.112500000000 0.975000000000 -0.000000470584
0.112500000000 0.987500000000 -0.000000235450
0.112500000000 1.000000000000 0.000000000000

0.125000000000 0.000000000000 0.000000000000
0.125000000000 0.012500000000 -0.000000260475
0.125000000000 0.025000000000 -0.000000520604
0.125000000000 0.037500000000 -0.000000780042
0.125000000000 0.050000000000 -0.000001038444
0.125000000000 0.062500000000 -0.000001295466
0.125000000000 0.075000000000 -0.000001550762
0.125000000000 0.087500000000 -0.000001803988
0.125000000000 0.100000000000 -0.000002054795
0.125000000000 0.112500000000 -0.000002302836
0.125000000000 0.125000000000 -0.000002547764
0.125000000000 0.137500000000 -0.000002789232
0.125000000000 0.150000000000 -0.000003026895
0.125000000000 0.162500000000 -0.000003260403
0.125000000000 0.175000000000 -0.000003489411
0.125000000000 0.187500000000 -0.000003713571
0.125000000000 0.200000000000 -0.000003932538
0.125000000000 0.212500000000 -0.000004145970
0.125000000000 0.225000000000 -0.000004353520
0.125000000000 0.237500000000 -0.000004554848
0.125000000000 0.250000000000 -0.000004749613
0.125000000000 0.262500000000 -0.000004937482
0.125000000000 0.275000000000 -0.000005118120
0.125000000000 0.287500000000 -0.000005291201
0.125000000000 0.300000000000 -0.000005456406
0.125000000000 0.312500000000 -0.000005613420
0.125000000000 0.325000000000 -0.000005761941
0.125000000000 0.337500000000 -0.000005901671
0.125000000000 0.350000000000 -0.000006032324
0.125000000000 0.362500000000 -0.000006153630
0.125000000000 0.375000000000 -0.000006265329
0.125000000000 0.387500000000 -0.000006367179
0.125000000000 0.400000000000 -0.000006458953
0.125000000000 0.412500000000 -0.000006540441
0.125000000000 0.425000000000 -0.000006611460
0.125000000000 0.437500000000 -0.000006671844
0.125000000000 0.450000000000 -0.000006721449
0.125000000000 0.462500000000 -0.000006760156
0.125000000000 0.475000000000 -0.000006787872
0.125000000000 0.487500000000 -0.000006804528
0.125000000000 0.500000000000 -0.000006810084
0.125000000000 0.512500000000 -0.000006804528
0.125000000000 0.525000000000 -0.000006787872
0.125000000000 0.537500000000 -0.000006760156
0.125000000000 0.550000000000 -0.000006721449
0.125000000000 0.562500000000 -0.000006671844
0.125000000000 0.575000000000 -0.000006611460
0.125000000000 0.587500000000 -0.000006540441
0.125000000000 0.600000000000 -0.000006458953
0.125000000000 0.612500000000 -0.000006367179
0.125000000000 0.625000000000 -0.000006265329
0.125000000000 0.637500000000 -0.000006153630
0.125000000000 0.650000000000 -0.000006032324
0.125000000000 0.662500000000 -0.000005901671
0.125000000000 0.675000000000 -0.000005761941
0.125000000000 0.687500000000 -0.000005613420
0.125000000000 0.700000000000 -0.000005456406
0.125000000000 0.712500000000 -0.000005291201
0.125000000000 0.725000000000 -0.000005118120
0.125000000000 0.737500000000 -0.000004937482
0.125000000000 0.750000000000 -0.000004749613
0.125000000000 0.762500000000 -0.000004554848
0.125000000000 0.775000000000 -0.000004353520
0.125000000000 0.787500000000 -0.000004145970
0.125000000000 0.800000000000 -0.000003932538
0.125000000000 0.812500000000 -0.000003713571
0.125000000000 0.825000000000 -0.000003489411
0.125000000000 0.837500000000 -0.000003260403
0.125000000000 0.850000000000 -0.000003026895
0.125000000000 0.862500000000 -0.000002789232
0.125000000000 0.875000000000 -0.000002547764
0.125000000000 0.887500000000 -0.000002302836
0.125000000000 0.900000000000 -0.000002054795
0.125000000000 0.912500000000 -0.000001803988
0.125000000000 0.925000000000 -0.000001550762
0.125000000000 0.937500000000 -0.000001295466
0.125000000000 0.950000000000 -0.000001038444
0.125000000000 0.962500000000 -0.000000780042
0.125000000000 0.975000000000 -0.000000520604
0.125000000000 0.987500000000 -0.000000260475
0.125000000000 1.000000000000 0.000000000000

0.137500000000 0.000000000000 0.000000000000
0.137500000000 0.012500000000 -0.000000285142
0.137500000000 0.025000000000 -0.000000569907
0.137500000000 0.037500000000 -0.000000853918
0.137500000000 0.050000000000 -0.000001136800
0.137500000000 0.062500000000 -0.000001418175
0.137500000000 0.075000000000 -0.000001697666
0.137500000000 0.087500000000 -0.000001974897
0.137500000000 0.100000000000 -0.000002249487
0.137500000000 0.112500000000 -0.000002521059
0.137500000000 0.125000000000 -0.000002789232
0.137500000000 0.137500000000 -0.000003053629
0.137500000000 0.150000000000 -0.000003313872
0.137500000000 0.162500000000 -0.000003569579
0.137500000000 0.175000000000 -0.000003820372
0.137500000000 0.187500000000 -0.000004065869
0.137500000000 0.200000000000 -0.000004305697
0.137500000000 0.212500000000 -0.000004539478
0.137500000000 0.225000000000 -0.000004766834
0.137500000000 0.237500000000 -0.000004987391
0.137500000000 0.250000000000 -0.000005200778
0.137500000000 0.262500000000 -0.000005406627
0.137500000000 0.275000000000 -0.000005604572
0.137500000000 0.287500000000 -0.000005794255
0.137500000000 0.300000000000 -0.000005975325
0.137500000000 0.312500000000 -0.000006147435
0.137500000000 0.325000000000 -0.000006310252
0.137500000000 0.337500000000 -0.000006463446
0.137500000000 0.350000000000 -0.000006606706
0.137500000000 0.362500000000 -0.000006739730
0.137500000000 0.375000000000 -0.000006862231
0.137500000000 0.387500000000 -0.000006973941
0.137500000000 0.400000000000 -0.000007074608
0.137500000000 0.412500000000 -0.000007164002
0.137500000000 0.425000000000 -0.000007241916
0.137500000000 0.437500000000 -0.000007308167
0.137500000000 0.450000000000 -0.000007362596
0.137500000000 0.462500000000 -0.000007405069
0.137500000000 0.475000000000 -0.000007435483
0.137500000000 0.487500000000 -0.000007453762
0.137500000000 0.500000000000 -0.000007459859
0.137500000000 0.512500000000 -0.000007453762
0.137500000000 0.525000000000 -0.000007435483
0.137500000000 0.537500000000 -0.000007405069
0.137500000000 0.550000000000 -0.000007362596
0.137500000000 0.562500000000 -0.000007308167
0.137500000000 0.575000000000 -0.000007241916
0.137500000000 0.587500000000 -0.000007164002
0.137500000000 0.600000000000 -0.000007074608
0.137500000000 0.612500000000 -0.000006973941
0.137500000000 0.625000000000 -0.000006862231
0.137500000000 0.637500000000 -0.000006739730
0.137500000000 0.650000000000 -0.000006606706
0.137500000000 0.662500000000 -0.000006463446
0.137500000000 0.675000000000 -0.000006310252
0.137500000000 0.687500000000 -0.000006147435
0.137500000000 0.700000000000 -0.000005975325
0.137500000000 0.712500000000 -0.000005794255
0.137500000000 0.725000000000 -0.000005604572
0.137500000000 0.737500000000 -0.000005406627
0.137500000000 0.750000000000 -0.000005200778
0.137500000000 0.762500000000 -0.000004987391
0.137500000000 0.775000000000 -0.000004766834
0.137500000000 0.787500000000 -0.000004539478
0.137500000000 0.800000000000 -0.000004305697
0.137500000000 0.812500000000 -0.000004065869
0.137500000000 0.825000000000 -0.000003820372
0.137500000000 0.837500000000 -0.000003569579
0.137500000000 0.850000000000 -0.000003313872
0.137500000000 0.862500000000 -0.000003053629
0.137500000000 0.875000000000 -0.000002789232
0.137500000000 0.887500000000 -0.000002521059
0.137500000000 0.900000000000 -0.000002249487
0.137500000000 0.912500000000 -0.000001974897
0.137500000000 0.925000000000 -0.000001697666
0.137500000000 0.937500000000 -0.000001418175
0.137500000000 0.950000000000 -0.000001136800
0.137500000000 0.962500000000 -0.000000853918
0.137500000000 0.975000000000 -0.000000569907
0.137500000000 0.987500000000 -0.000000285142
0.137500000000 1.000000000000 0.000000000000

0.150000000000 0.000000000000 0.000000000000
0.150000000000 0.012500000000 -0.000000309415
0.150000000000 0.025000000000 -0.000000618422
0.150000000000 0.037500000000 -0.000000926616
0.150000000000 0.050000000000 -0.000001233588
0.150000000000 0.062500000000 -0.000001538930
0.150000000000 0.075000000000 -0.000001842233
0.150000000000 0.087500000000 -0.000002143092
0.150000000000 0.100000000000 -0.000002441095
0.150000000000 0.112500000000 -0.000002735833
0.150000000000 0.125000000000 -0.000003026895
0.150000000000 0.137500000000 -0.000003313872
0.150000000000 0.150000000000 -0.000003596354
0.150000000000 0.162500000000 -0.000003873929
0.150000000000 0.175000000000 -0.000004146185
0.150000000000 0.187500000000 -0.000004412713
0.150000000000 0.200000000000 -0.000004673103
0.150000000000 0.212500000000 -0.000004926948
0.150000000000 0.225000000000 -0.000005173836
0.150000000000 0.237500000000 -0.000005413364
0.150000000000 0.250000000000 -0.000005645128
0.150000000000 0.262500000000 -0.000005868725
0.150000000000 0.275000000000 -0.000006083761
0.150000000000 0.287500000000 -0.000006289843
0.150000000000 0.300000000000 -0.000006486589
0.150000000000 0.312500000000 -0.000006673621
0.150000000000 0.325000000000 -0.000006850574
0.150000000000 0.337500000000 -0.000007017090
0.150000000000 0.350000000000 -0.000007172825
0.150000000000 0.362500000000 -0.000007317450
0.150000000000 0.375000000000 -0.000007450648
0.150000000000 0.387500000000 -0.000007572126
0.150000000000 0.400000000000 -0.000007681607
0.150000000000 0.412500000000 -0.000007778838
0.150000000000 0.425000000000 -0.000007863591
0.150000000000 0.437500000000 -0.000007935662
0.150000000000 0.450000000000 -0.000007994876
0.150000000000 0.462500000000 -0.000008041088
0.150000000000 0.475000000000 -0.000008074180
0.150000000000 0.487500000000 -0.000008094069
0.150000000000 0.500000000000 -0.000008100705
0.150000000000 0.512500000000 -0.000008094069
0.150000000000 0.525000000000 -0.000008074180
0.150000000000 0.537500000000 -0.000008041088
0.150000000000 0.550000000000 -0.000007994876
0.150000000000 0.562500000000 -0.000007935662
0.150000000000 0.575000000000 -0.000007863591
0.150000000000 0.587500000000 -0.000007778838
0.150000000000 0.600000000000 -0.000007681607
0.150000000000 0.612500000000 -0.000007572126
0.150000000000 0.625000000000 -0.000007450648
0.150000000000 0.637500000000 -0.000007317450
0.150000000000 0.650000000000 -0.000007172825
0.150000000000 0.662500000000 -0.000007017090
0.150000000000 0.675000000000 -0.000006850574
0.150000000000 0.687500000000 -0.000006673621
0.150000000000 0.700000000000 -0.000006486589
0.150000000000 0.712500000000 -0.000006289843
0.150000000000 0.725000000000 -0.000006083761
0.150000000000 0.737500000000 -0.000005868725
0.150000000000 0.750000000000 -0.000005645128
0.150000000000 0.762500000000 -0.000005413364
0.150000000000 0.775000000000 -0.000005173836
0.150000000000 0.787500000000 -0.000004926948
0.150000000000 0.800000000000 -0.000004673103
0.150000000000 0.812500000000 -0.000004412713
0.150000000000 0.825000000000 -0.000004146185
0.150000000000 0.837500000000 -0.000003873929
0.150000000000 0.850000000000 -0.000003596354
0.150000000000 0.862500000000 -0.000003313872
0.150000000000 0.875000000000 -0.000003026895
0.150000000000 0.887500000000 -0.000002735833
0.150000000000 0.900000000000 -0.000002441095
0.150000000000 0.912500000000 -0.000002143092
0.150000000000 0.925000000000 -0.000001842233
0.150000000000 0.937500000000 -0.000001538930
0.150000000000 0.950000000000 -0.000001233588
0.150000000000 0.962500000000 -0.000000926616
0.150000000000 0.975000000000 -0.000000618422
0.150000000000 0.987500000000 -0.000000309415
0.150000000000 1.000000000000 0.000000000000

0.162500000000 0.000000000000 0.000000000000
0.162500000000 0.012500000000 -0.000000333258
0.162500000000 0.025000000000 -0.000000666079
0.162500000000 0.037500000000 -0.000000998028
0.162500000000 0.050000000000 -0.000001328665
0.162500000000 0.062500000000 -0.000001657553
0.162500000000 0.075000000000 -0.000001984253
0.162500000000 0.087500000000 -0.000002308327
0.162500000000 0.100000000000 -0.000002629338
0.162500000000 0.112500000000 -0.000002946844
0.162500000000 0.125000000000 -0.000003260403
0.162500000000 0.137500000000 -0.000003569579
0.162500000000 0.150000000000 -0.000003873929
0.162500000000 0.162500000000 -0.000004173010
0.162500000000 0.175000000000 -0.000004466381
0.162500000000 0.187500000000 -0.000004753601
0.162500000000 0.200000000000 -0.000005034228
0.162500000000 0.212500000000 -0.000005307823
0.162500000000 0.225000000000 -0.000005573948
0.162500000000 0.237500000000 -0.000005832163
0.162500000000 0.250000000000 -0.000006082034
0.162500000000 0.262500000000 -0.000006323127
0.162500000000 0.275000000000 -0.000006555016
0.162500000000 0.287500000000 -0.000006777275
0.162500000000 0.300000000000 -0.000006989491
0.162500000000 0.312500000000 -0.000007191257
0.162500000000 0.325000000000 -0.000007382173
0.162500000000 0.337500000000 -0.000007561854
0.162500000000 0.350000000000 -0.000007729922
0.162500000000 0.362500000000 -0.000007886019
0.162500000000 0.375000000000 -0.000008029802
0.162500000000 0.387500000000 -0.000008160948
0.162500000000 0.400000000000 -0.000008279157
0.162500000000 0.412500000000 -0.000008384153
0.162500000000 0.425000000000 -0.000008475683
0.162500000000 0.437500000000 -0.000008553524
0.162500000000 0.450000000000 -0.000008617484
0.162500000000 0.462500000000 -0.000008667401
0.162500000000 0.475000000000 -0.000008703148
0.162500000000 0.487500000000 -0.000008724635
0.162500000000 0.500000000000 -0.000008731802
0.162500000000 0.512500000000 -0.000008724635
0.162500000000 0.525000000000 -0.000008703148
0.162500000000 0.537500000000 -0.000008667401
0.162500000000 0.550000000000 -0.000008617484
0.162500000000 0.562500000000 -0.000008553524
0.162500000000 0.575000000000 -0.000008475683
0.162500000000 0.587500000000 -0.000008384153
0.162500000000 0.600000000000 -0.000008279157
0.162500000000 0.612500000000 -0.000008160948
0.162500000000 0.625000000000 -0.000008029802
0.162500000000 0.637500000000 -0.000007886019
0.162500000000 0.650000000000 -0.000007729922
0.162500000000 0.662500000000 -0.000007561854
0.162500000000 0.675000000000 -0.000007382173
0.162500000000 0.687500000000 -0.000007191257
0.162500000000 0.700000000000 -0.000006989491
0.162500000000 0.712500000000 -0.000006777275
0.162500000000 0.725000000000 -0.000006555016
0.162500000000 0.737500000000 -0.000006323127
0.162500000000 0.750000000000 -0.000006082034
0.162500000000 0.762500000000 -0.000005832163
0.162500000000 0.775000000000 -0.000005573948
0.162500000000 0.787500000000 -0.000005307823
0.162500000000 0.800000000000 -0.000005034228
0.162500000000 0.812500000000 -0.000004753601
0.162500000000 0.825000000000 -0.000004466381
0.162500000000 0.837500000000 -0.000004173010
0.162500000000 0.850000000000 -0.000003873929
0.162500000000 0.862500000000 -0.000003569579
0.162500000000 0.875000000000 -0.000003260403
0.162500000000 0.887500000000 -0.000002946844
0.162500000000 0.900000000000 -0.000002629338
0.162500000000 0.912500000000 -0.000002308327
0.162500000000 0.925000000000 -0.000001984253
0.162500000000 0.937500000000 -0.000001657553
0.162500000000 0.950000000000 -0.000001328665
0.162500000000 0.962500000000 -0.000000998028
0.162500000000 0.975000000000 -0.000000666079
0.162500000000 0.987500000000 -0.000000333258
0.162500000000 1.000000000000 0.000000000000

0.175000000000 0.000000000000 0.000000000000
0.175000000000 0.012500000000 -0.000000356636
0.175000000000 0.025000000000 -0.000000712807
0.175000000000 0.037500000000 -0.000001068047
0.175000000000 0.050000000000 -0.000001421889
0.175000000000 0.062500000000 -0.000001773866
0.175000000000 0.075000000000 -0.000002123510
0.175000000000 0.087500000000 -0.000002470355
0.175000000000 0.100000000000 -0.000002813934
0.175000000000 0.112500000000 -0.000003153776
0.175000000000 0.125000000000 -0.000003489411
0.175000000000 0.137500000000 -0.000003820372
0.175000000000 0.150000000000 -0.000004146185
0.175000000000 0.162500000000 -0.000004466381
0.175000000000 0.175000000000 -0.000004780488
0.175000000000 0.187500000000 -0.000005088031
0.175000000000 0.200000000000 -0.000005388544
0.175000000000 0.212500000000 -0.000005681552
0.175000000000 0.225000000000 -0.000005966588
0.175000000000 0.237500000000 -0.000006243182
0.175000000000 0.250000000000 -0.000006510867
0.175000000000 0.262500000000 -0.000006769182
0.175000000000 0.275000000000 -0.000007017664
0.175000000000 0.287500000000 -0.000007255861
0.175000000000 0.300000000000 -0.000007483324
0.175000000000 0.312500000000 -0.000007699617
0.175000000000 0.325000000000 -0.000007904310
0.175000000000 0.337500000000 -0.000008096983
0.175000000000 0.350000000000 -0.000008277230
0.175000000000 0.362500000000 -0.000008444663
0.175000000000 0.375000000000 -0.000008598909
0.175000000000 0.387500000000 -0.000008739618
0.175000000000 0.400000000000 -0.000008866464
0.175000000000 0.412500000000 -0.000008979144
0.175000000000 0.425000000000 -0.000009077384
0.175000000000 0.437500000000 -0.000009160941
0.175000000000 0.450000000000 -0.000009229604
0.175000000000 0.462500000000 -0.000009283195
0.175000000000 0.475000000000 -0.000009321574
0.175000000000 0.487500000000 -0.000009344643
0.175000000000 0.500000000000 -0.000009352339
0.175000000000 0.512500000000 -0.000009344643
0.175000000000 0.525000000000 -0.000009321574
0.175000000000 0.537500000000 -0.000009283195
0.175000000000 0.550000000000 -0.000009229604
0.175000000000 0.562500000000 -0.000009160941
0.175000000000 0.575000000000 -0.000009077384
0.175000000000 0.587500000000 -0.000008979144
0.175000000000 0.600000000000 -0.000008866464
0.175000000000 0.612500000000 -0.000008739618
0.175000000000 0.625000000000 -0.000008598909
0.175000000000 0.637500000000 -0.000008444663
0.175000000000 0.650000000000 -0.000008277230
0.175000000000 0.662500000000 -0.000008096983
0.175000000000 0.675000000000 -0.000007904310
0.175000000000 0.687500000000 -0.000007699617
0.175000000000 0.700000000000 -0.000007483324
0.175000000000 0.712500000000 -0.000007255861
0.175000000000 0.725000000000 -0.000007017664
0.175000000000 0.737500000000 -0.000006769182
0.175000000000 0.750000000000 -0.000006510867
0.175000000000 0.762500000000 -0.000006243182
0.175000000000 0.775000000000 -0.000005966588
0.175000000000 0.787500000000 -0.000005681552
0.175000000000 0.800000000000 -0.000005388544
0.175000000000 0.812500000000 -0.000005088031
0.175000000000 0.825000000000 -0.000004780488
0.175000000000 0.837500000000 -0.000004466381
0.175000000000 0.850000000000 -0.000004146185
0.175000000000 0.862500000000 -0.000003820372
0.175000000000 0.875000000000 -0.000003489411
0.175000000000 0.887500000000 -0.000003153776
0.175000000000 0.900000000000 -0.000002813934
0.175000000000 0.912500000000 -0.000002470355
0.175000000000 0.925000000000 -0.000002123510
0.175000000000 0.937500000000 -0.000001773866
0.175000000000 0.950000000000 -0.000001421889
0.175000000000 0.962500000000 -0.000001068047
0.175000000000 0.975000000000 -0.000000712807
0.175000000000 0.987500000000 -0.000000356636
0.175000000000 1.000000000000 0.000000000000

0.187500000000 0.000000000000 0.000000000000
0.187500000000 0.012500000000 -0.000000379514
0.187500000000 0.025000000000 -0.000000758535
0.187500000000 0.037500000000 -0.000001136569
0.187500000000 0.050000000000 -0.000001513120
0.187500000000 0.062500000000 -0.000001887693
0.187500000000 0.075000000000 -0.000002259793
0.187500000000 0.087500000000 -0.000002628929
0.187500000000 0.100000000000 -0.000002994602
0.187500000000 0.112500000000 -0.000003356316
0.187500000000 0.125000000000 -0.000003713571
0.187500000000 0.137500000000 -0.000004065869
0.187500000000 0.150000000000 -0.000004412713
0.187500000000 0.162500000000 -0.000004753601
0.187500000000 0.175000000000 -0.000005088031
0.187500000000 0.187500000000 -0.000005415504
0.187500000000 0.200000000000 -0.000005735520
0.187500000000 0.212500000000 -0.000006047576
0.187500000000 0.225000000000 -0.000006351174
0.187500000000 0.237500000000 -0.000006645814
0.187500000000 0.250000000000 -0.000006931000
0.187500000000 0.262500000000 -0.000007206237
0.187500000000 0.275000000000 -0.000007471035
0.187500000000 0.287500000000 -0.000007724908
0.187500000000 0.300000000000 -0.000007967378
0.187500000000 0.312500000000 -0.000008197976
0.187500000000 0.325000000000 -0.000008416241
0.187500000000 0.337500000000 -0.000008621722
0.187500000000 0.350000000000 -0.000008813983
0.187500000000 0.362500000000 -0.000008992603
0.187500000000 0.375000000000 -0.000009157181
0.187500000000 0.387500000000 -0.000009307342
0.187500000000 0.400000000000 -0.000009442726
0.187500000000 0.412500000000 -0.000009563007
0.187500000000 0.425000000000 -0.000009667888
0.187500000000 0.437500000000 -0.000009757104
0.187500000000 0.450000000000 -0.000009830423
0.187500000000 0.462500000000 -0.000009887654
0.187500000000 0.475000000000 -0.000009928643
0.187500000000 0.487500000000 -0.000009953281
0.187500000000 0.500000000000 -0.000009961501
0.187500000000 0.512500000000 -0.000009953281
0.187500000000 0.525000000000 -0.000009928643
0.187500000000 0.537500000000 -0.000009887654
0.187500000000 0.550000000000 -0.000009830423
0.187500000000 0.562500000000 -0.000009757104
0.187500000000 0.575000000000 -0.000009667888
0.187500000000 0.587500000000 -0.000009563007
0.187500000000 0.600000000000 -0.000009442726
0.187500000000 0.612500000000 -0.000009307342
0.187500000000 0.625000000000 -0.000009157181
0.187500000000 0.637500000000 -0.000008992603
0.187500000000 0.650000000000 -0.000008813983
0.187500000000 0.662500000000 -0.000008621722
0.187500000000 0.675000000000 -0.000008416241
0.187500000000 0.687500000000 -0.000008197976
0.187500000000 0.700000000000 -0.000007967378
0.187500000000 0.712500000000 -0.000007724908
0.187500000000 0.725000000000 -0.000007471035
0.187500000000 0.737500000000 -0.000007206237
0.187500000000 0.750000000000 -0.000006931000
0.187500000000 0.762500000000 -0.000006645814
0.187500000000 0.775000000000 -0.000006351174
0.187500000000 0.787500000000 -0.000006047576
0.187500000000 0.800000000000 -0.000005735520
0.187500000000 0.812500000000 -0.000005415504
0.187500000000 0.825000000000 -0.000005088031
0.187500000000 0.837500000000 -0.000004753601
0.187500000000 0.850000000000 -0.000004412713
0.187500000000 0.862500000000 -0.000004065869
0.187500000000 0.875000000000 -0.000003713571
0.187500000000 0.887500000000 -0.000003356316
0.187500000000 0.900000000000 -0.000002994602
0.187500000000 0.912500000000 -0.000002628929
0.187500000000 0.925000000000 -0.000002259793
0.187500000000 0.937500000000 -0.000001887693
0.187500000000 0.950000000000 -0.000001513120
0.187500000000 0.962500000000 -0.000001136569
0.187500000000 0.975000000000 -0.000000758535
0.187500000000 0.987500000000 -0.000000379514
0.187500000000 1.000000000000 0.000000000000

0.200000000000 0.000000000000 0.000000000000
0.200000000000 0.012500000000 -0.000000401855
0.200000000000 0.025000000000 -0.000000803190
0.200000000000 0.037500000000 -0.000001203482
0.200000000000 0.050000000000 -0.000001602212
0.200000000000 0.062500000000 -0.000001998856
0.200000000000 0.075000000000 -0.000002392894
0.200000000000 0.087500000000 -0.000002783806
0.200000000000 0.100000000000 -0.000003171068
0.200000000000 0.112500000000 -0.000003554153
0.200000000000 0.125000000000 -0.000003932538
0.200000000000 0.137500000000 -0.000004305697
0.200000000000 0.150000000000 -0.000004673103
0.200000000000 0.162500000000 -0.000005034228
0.200000000000 0.175000000000 -0.000005388544
0.200000000000 0.187500000000 -0.000005735520
0.200000000000 0.200000000000 -0.000006074628
0.200000000000 0.212500000000 -0.000006405337
0.200000000000 0.225000000000 -0.000006727120
0.200000000000 0.237500000000 -0.000007039449
0.200000000000 0.250000000000 -0.000007341796
0.200000000000 0.262500000000 -0.000007633636
0.200000000000 0.275000000000 -0.000007914449
0.200000000000 0.287500000000 -0.000008183720
0.200000000000 0.300000000000 -0.000008440937
0.200000000000 0.312500000000 -0.000008685601
0.200000000000 0.325000000000 -0.000008917220
0.200000000000 0.337500000000 -0.000009135311
0.200000000000 0.350000000000 -0.000009339407
0.200000000000 0.362500000000 -0.000009529057
0.200000000000 0.375000000000 -0.000009703831
0.200000000000 0.387500000000 -0.000009863320
0.200000000000 0.400000000000 -0.000010007139
0.200000000000 0.412500000000 -0.000010134935
0.200000000000 0.425000000000 -0.000010246384
0.200000000000 0.437500000000 -0.000010341199
0.200000000000 0.450000000000 -0.000010419128
0.200000000000 0.462500000000 -0.000010479964
0.200000000000 0.475000000000 -0.000010523538
0.200000000000 0.487500000000 -0.000010549732
0.200000000000 0.500000000000 -0.000010558472
0.200000000000 0.512500000000 -0.000010549732
0.200000000000 0.525000000000 -0.000010523538
0.200000000000 0.537500000000 -0.000010479964
0.200000000000 0.550000000000 -0.000010419128
0.200000000000 0.562500000000 -0.000010341199
0.200000000000 0.575000000000 -0.000010246384
0.200000000000 0.587500000000 -0.000010134935
0.200000000000 0.600000000000 -0.000010007139
0.200000000000 0.612500000000 -0.000009863320
0.200000000000 0.625000000000 -0.000009703831
0.200000000000 0.637500000000 -0.000009529057
0.200000000000 0.650000000000 -0.000009339407
0.200000000000 0.662500000000 -0.000009135311
0.200000000000 0.675000000000 -0.000008917220
0.200000000000 0.687500000000 -0.000008685601
0.200000000000 0.700000000000 -0.000008440937
0.200000000000 0.712500000000 -0.000008183720
0.200000000000 0.725000000000 -0.000007914449
0.200000000000 0.737500000000 -0.000007633636
0.200000000000 0.750000000000 -0.000007341796
0.200000000000 0.762500000000 -0.000007039449
0.200000000000 0.775000000000 -0.000006727120
0.200000000000 0.787500000000 -0.000006405337
0.200000000000 0.800000000000 -0.000006074628
0.200000000000 0.812500000000 -0.000005735520
0.200000000000 0.825000000000 -0.000005388544
0.200000000000 0.837500000000 -0.000005034228
0.200000000000 0.850000000000 -0.000004673103
0.200000000000 0.862500000000 -0.000004305697
0.200000000000 0.875000000000 -0.000003932538
0.200000000000 0.887500000000 -0.000003554153
0.200000000000 0.900000000000 -0.000003171068
0.200000000000 0.912500000000 -0.000002783806
0.200000000000 0.925000000000 -0.000002392894
0.200000000000 0.937500000000 -0.000001998856
0.200000000000 0.950000000000 -0.000001602212
0.200000000000 0.962500000000 -0.000001203482
0.200000000000 0.975000000000 -0.000000803190
0.200000000000 0.987500000000 -0.000000401855
0.200000000000 1.000000000000 0.000000000000

0.212500000000 0.000000000000 0.000000000000
0.212500000000 0.012500000000 -0.000000423624
0.212500000000 0.025000000000 -0.000000846700
0.212500000000 0.037500000000 -0.000001268684
0.212500000000 0.050000000000 -0.000001689027
0.212500000000 0.062500000000 -0.000002107183
0.212500000000 0.075000000000 -0.000002522603
0.212500000000 0.087500000000 -0.000002934741
0.212500000000 0.100000000000 -0.000003343050
0.212500000000 0.112500000000 -0.000003746976
0.212500000000 0.125000000000 -0.000004145970
0.212500000000 0.137500000000 -0.000004539478
0.212500000000 0.150000000000 -0.000004926948
0.212500000000 0.162500000000 -0.000005307823
0.212500000000 0.175000000000 -0.000005681552
0.212500000000 0.187500000000 -0.000006047576
0.212500000000 0.200000000000 -0.000006405337
0.212500000000 0.212500000000 -0.000006754279
0.212500000000 0.225000000000 -0.000007093845
0.212500000000 0.237500000000 -0.000007423477
0.212500000000 0.250000000000 -0.000007742621
0.212500000000 0.262500000000 -0.000008050721
0.212500000000 0.275000000000 -0.000008347227
0.212500000000 0.287500000000 -0.000008631595
0.212500000000 0.300000000000 -0.000008903282
0.212500000000 0.312500000000 -0.000009161756
0.212500000000 0.325000000000 -0.000009406496
0.212500000000 0.337500000000 -0.000009636987
0.212500000000 0.350000000000 -0.000009852730
0.212500000000 0.362500000000 -0.000010053242
0.212500000000 0.375000000000 -0.000010238064
0.212500000000 0.387500000000 -0.000010406755
0.212500000000 0.400000000000 -0.000010558899
0.212500000000 0.412500000000 -0.000010694118
0.212500000000 0.425000000000 -0.000010812059
0.212500000000 0.437500000000 -0.000010912413
0.212500000000 0.450000000000 -0.000010994904
0.212500000000 0.462500000000 -0.000011059307
0.212500000000 0.475000000000 -0.000011105441
0.212500000000 0.487500000000 -0.000011133175
0.212500000000 0.500000000000 -0.000011142428
0.212500000000 0.512500000000 -0.000011133175
0.212500000000 0.525000000000 -0.000011105441
0.212500000000 0.537500000000 -0.000011059307
0.212500000000 0.550000000000 -0.000010994904
0.212500000000 0.562500000000 -0.000010912413
0.212500000000 0.575000000000 -0.000010812059
0.212500000000 0.587500000000 -0.000010694118
0.212500000000 0.600000000000 -0.000010558899
0.212500000000 0.612500000000 -0.000010406755
0.212500000000 0.625000000000 -0.000010238064
0.212500000000 0.637500000000 -0.000010053242
0.212500000000 0.650000000000 -0.000009852730
0.212500000000 0.662500000000 -0.000009636987
0.212500000000 0.675000000000 -0.000009406496
0.212500000000 0.687500000000 -0.000009161756
0.212500000000 0.700000000000 -0.000008903282
0.212500000000 0.712500000000 -0.000008631595
0.212500000000 0.725000000000 -0.000008347227
0.212500000000 0.737500000000 -0.000008050721
0.212500000000 0.750000000000 -0.000007742621
0.212500000000 0.762500000000 -0.000007423477
0.212500000000 0.775000000000 -0.000007093845
0.212500000000 0.787500000000 -0.000006754279
0.212500000000 0.800000000000 -0.000006405337
0.212500000000 0.812500000000 -0.000006047576
0.212500000000 0.825000000000 -0.000005681552
0.212500000000 0.837500000000 -0.000005307823
0.212500000000 0.850000000000 -0.000004926948
0.212500000000 0.862500000000 -0.000004539478
0.212500000000 0.875000000000 -0.000004145970
0.212500000000 0.887500000000 -0.000003746976
0.212500000000 0.900000000000 -0.000003343050
0.212500000000 0.912500000000 -0.000002934741
0.212500000000 0.925000000000 -0.000002522603
0.212500000000 0.937500000000 -0.000002107183
0.212500000000 0.950000000000 -0.000001689027
0.212500000000 0.962500000000 -0.000001268684
0.212500000000 0.975000000000 -0.000000846700
0.212500000000 0.987500000000 -0.000000423624
0.212500000000 1.000000000000 0.000000000000

0.225000000000 0.000000000000 0.000000000000
0.225000000000 0.012500000000 -0.000000444784
0.225000000000 0.025000000000 -0.000000888997
0.225000000000 0.037500000000 -0.000001332068
0.225000000000 0.050000000000 -0.000001773424
0.225000000000 0.062500000000 -0.000002212495
0.225000000000 0.075000000000 -0.000002648708
0.225000000000 0.087500000000 -0.000003081492
0.225000000000 0.100000000000 -0.000003510272
0.225000000000 0.112500000000 -0.000003934473
0.225000000000 0.125000000000 -0.000004353520
0.225000000000 0.137500000000 -0.000004766834
0.225000000000 0.150000000000 -0.000005173836
0.225000000000 0.162500000000 -0.000005573948
0.225000000000 0.175000000000 -0.000005966588
0.225000000000 0.187500000000 -0.000006351174
0.225000000000 0.200000000000 -0.000006727120
0.225000000000 0.212500000000 -0.000007093845
0.225000000000 0.225000000000 -0.000007450763
0.225000000000 0.237500000000 -0.000007797288
0.225000000000 0.250000000000 -0.000008132840
0.225000000000 0.262500000000 -0.000008456833
0.225000000000 0.275000000000 -0.000008768689
0.225000000000 0.287500000000 -0.000009067832
0.225000000000 0.300000000000 -0.000009353692
0.225000000000 0.312500000000 -0.000009625705
0.225000000000 0.325000000000 -0.000009883317
0.225000000000 0.337500000000 -0.000010125983
0.225000000000 0.350000000000 -0.000010353171
0.225000000000 0.362500000000 -0.000010564369
0.225000000000 0.375000000000 -0.000010759083
0.225000000000 0.387500000000 -0.000010936841
0.225000000000 0.400000000000 -0.000011097197
0.225000000000 0.412500000000 -0.000011239742
0.225000000000 0.425000000000 -0.000011364097
0.225000000000 0.437500000000 -0.000011469924
0.225000000000 0.450000000000 -0.000011556928
0.225000000000 0.462500000000 -0.000011624863
0.225000000000 0.475000000000 -0.000011673532
0.225000000000 0.487500000000 -0.000011702791
0.225000000000 0.500000000000 -0.000011712553
0.225000000000 0.512500000000 -0.000011702791
0.225000000000 0.525000000000 -0.000011673532
0.225000000000 0.537500000000 -0.000011624863
0.225000000000 0.550000000000 -0.000011556928
0.225000000000 0.562500000000 -0.000011469924
0.225000000000 0.575000000000 -0.000011364097
0.225000000000 0.587500000000 -0.000011239742
0.225000000000 0.600000000000 -0.000011097197
0.225000000000 0.612500000000 -0.000010936841
0.225000000000 0.625000000000 -0.000010759083
0.225000000000 0.637500000000 -0.000010564369
0.225000000000 0.650000000000 -0.000010353171
0.225000000000 0.662500000000 -0.000010125983
0.225000000000 0.675000000000 -0.000009883317
0.225000000000 0.687500000000 -0.000009625705
0.225000000000 0.700000000000 -0.000009353692
0.225000000000 0.712500000000 -0.000009067832
0.225000000000 0.725000000000 -0.000008768689
0.225000000000 0.737500000000 -0.000008456833
0.225000000000 0.750000000000 -0.000008132840
0.225000000000 0.762500000000 -0.000007797288
0.225000000000 0.775000000000 -0.000007450763
0.225000000000 0.787500000000 -0.000007093845
0.225000000000 0.800000000000 -0.000006727120
0.225000000000 0.812500000000 -0.000006351174
0.225000000000 0.825000000000 -0.000005966588
0.225000000000 0.837500000000 -0.000005573948
0.225000000000 0.850000000000 -0.000005173836
0.225000000000 0.862500000000 -0.000004766834
0.225000000000 0.875000000000 -0.000004353520
0.225000000000 0.887500000000 -0.000003934473
0.225000000000 0.900000000000 -0.000003510272
0.225000000000 0.912500000000 -0.000003081492
0.225000000000 0.925000000000 -0.000002648708
0.225000000000 0.937500000000 -0.000002212495
0.225000000000 0.950000000000 -0.000001773424
0.225000000000 0.962500000000 -0.000001332068
0.225000000000 0.975000000000 -0.000000888997
0.225000000000 0.987500000000 -0.000000444784
0.225000000000 1.000000000000 0.000000000000

0.237500000000 0.000000000000 0.000000000000
0.237500000000 0.012500000000 -0.000000465302
0.237500000000 0.025000000000 -0.000000930010
0.237500000000 0.037500000000 -0.000001393529
0.237500000000 0.050000000000 -0.000001855264
0.237500000000 0.062500000000 -0.000002314620
0.237500000000 0.075000000000 -0.000002771001
0.237500000000 0.087500000000 -0.000003223814
0.237500000000 0.100000000000 -0.000003672458
0.237500000000 0.112500000000 -0.000004116336
0.237500000000 0.125000000000 -0.000004554848
0.237500000000 0.137500000000 -0.000004987391
0.237500000000 0.150000000000 -0.000005413364
0.237500000000 0.162500000000 -0.000005832163
0.237500000000 0.175000000000 -0.000006243182
0.237500000000 0.187500000000 -0.000006645814
0.237500000000 0.200000000000 -0.000007039449
0.237500000000 0.212500000000 -0.000007423477
0.237500000000 0.225000000000 -0.000007797288
0.237500000000 0.237500000000 -0.000008160271
0.237500000000 0.250000000000 -0.000008511817
0.237500000000 0.262500000000 -0.000008851313
0.237500000000 0.275000000000 -0.000009178151
0.237500000000 0.287500000000 -0.000009491729
0.237500000000 0.300000000000 -0.000009791445
0.237500000000 0.312500000000 -0.000010076707
0.237500000000 0.325000000000 -0.000010346927
0.237500000000 0.337500000000 -0.000010601530
0.237500000000 0.350000000000 -0.000010839951
0.237500000000 0.362500000000 -0.000011061645
0.237500000000 0.375000000000 -0.000011266085
0.237500000000 0.387500000000 -0.000011452768
0.237500000000 0.400000000000 -0.000011621217
0.237500000000 0.412500000000 -0.000011770989
0.237500000000 0.425000000000 -0.000011901676
0.237500000000 0.437500000000 -0.000012012913
0.237500000000 0.450000000000 -0.000012104380
0.237500000000 0.462500000000 -0.000012175810
0.237500000000 0.475000000000 -0.000012226987
0.237500000000 0.487500000000 -0.000012257755
0.237500000000 0.500000000000 -0.000012268022
0.237500000000 0.512500000000 -0.000012257755
0.237500000000 0.525000000000 -0.000012226987
0.237500000000 0.537500000000 -0.000012175810
0.237500000000 0.550000000000 -0.000012104380
0.237500000000 0.562500000000 -0.000012012913
0.237500000000 0.575000000000 -0.000011901676
0.237500000000 0.587500000000 -0.000011770989
0.237500000000 0.600000000000 -0.000011621217
0.237500000000 0.612500000000 -0.000011452768
0.237500000000 0.625000000000 -0.000011266085
0.237500000000 0.637500000000 -0.000011061645
0.237500000000 0.650000000000 -0.000010839951
0.237500000000 0.662500000000 -0.000010601530
0.237500000000 0.675000000000 -0.000010346927
0.237500000000 0.687500000000 -0.000010076707
0.237500000000 0.700000000000 -0.000009791445
0.237500000000 0.712500000000 -0.000009491729
0.237500000000 0.725000000000 -0.000009178151
0.237500000000 0.737500000000 -0.000008851313
0.237500000000 0.750000000000 -0.000008511817
0.237500000000 0.762500000000 -0.000008160271
0.237500000000 0.775000000000 -0.000007797288
0.237500000000 0.787500000000 -0.000007423477
0.237500000000 0.800000000000 -0.000007039449
0.237500000000 0.812500000000 -0.000006645814
0.237500000000 0.825000000000 -0.000006243182
0.237500000000 0.837500000000 -0.000005832163
0.237500000000 0.850000000000 -0.000005413364
0.237500000000 0.862500000000 -0.000004987391
0.237500000000 0.875000000000 -0.000004554848
0.237500000000 0.887500000000 -0.000004116336
0.237500000000 0.900000000000 -0.000003672458
0.237500000000 0.912500000000 -0.000003223814
0.237500000000 0.925000000000 -0.000002771001
0.237500000000 0.937500000000 -0.000002314620
0.237500000000 0.950000000000 -0.000001855264
0.237500000000 0.962500000000 -0.000001393529
0.237500000000 0.975000000000 -0.000000930010
0.237500000000 0.987500000000 -0.000000465302
0.237500000000 1.000000000000 0.000000000000

0.250000000000 0.000000000000 0.000000000000
0.250000000000 0.012500000000 -0.000000485143
0.250000000000 0.025000000000 -0.000000969671
0.250000000000 0.037500000000 -0.000001452965
0.250000000000 0.050000000000 -0.000001934410
0.250000000000 0.062500000000 -0.000002413387
0.250000000000 0.075000000000 -0.000002889279
0.250000000000 0.087500000000 -0.000003361469
0.250000000000 0.100000000000 -0.000003829335
0.250000000000 0.112500000000 -0.000004292257
0.250000000000 0.125000000000 -0.000004749613
0.250000000000 0.137500000000 -0.000005200778
0.250000000000 0.150000000000 -0.000005645128
0.250000000000 0.162500000000 -0.000006082034
0.250000000000 0.175000000000 -0.000006510867
0.250000000000 0.187500000000 -0.000006931000
0.250000000000 0.200000000000 -0.000007341796
0.250000000000 0.212500000000 -0.000007742621
0.250000000000 0.225000000000 -0.000008132840
0.250000000000 0.237500000000 -0.000008511817
0.250000000000 0.250000000000 -0.000008878916
0.250000000000 0.262500000000 -0.000009233499
0.250000000000 0.275000000000 -0.000009574931
0.250000000000 0.287500000000 -0.000009902580
0.250000000000 0.300000000000 -0.000010215817
0.250000000000 0.312500000000 -0.000010514017
0.250000000000 0.325000000000 -0.000010796564
0.250000000000 0.337500000000 -0.000011062850
0.250000000000 0.350000000000 -0.000011312278
0.250000000000 0.362500000000 -0.000011544269
0.250000000000 0.375000000000 -0.000011758264
0.250000000000 0.387500000000 -0.000011953724
0.250000000000 0.400000000000 -0.000012130140
0.250000000000 0.412500000000 -0.000012287035
0.250000000000 0.425000000000 -0.000012423971
0.250000000000 0.437500000000 -0.000012540552
0.250000000000 0.450000000000 -0.000012636431
0.250000000000 0.462500000000 -0.000012711318
0.250000000000 0.475000000000 -0.000012764978
0.250000000000 0.487500000000 -0.000012797243
0.250000000000 0.500000000000 -0.000012808010
0.250000000000 0.512500000000 -0.000012797243
0.250000000000 0.525000000000 -0.000012764978
0.250000000000 0.537500000000 -0.000012711318
0.250000000000 0.550000000000 -0.000012636431
0.250000000000 0.562500000000 -0.000012540552
0.250000000000 0.575000000000 -0.000012423971
0.250000000000 0.587500000000 -0.000012287035
0.250000000000 0.600000000000 -0.000012130140
0.250000000000 0.612500000000 -0.000011953724
0.250000000000 0.625000000000 -0.000011758264
0.250000000000 0.637500000000 -0.000011544269
0.250000000000 0.650000000000 -0.000011312278
0.250000000000 0.662500000000 -0.000011062850
0.250000000000 0.675000000000 -0.000010796564
0.250000000000 0.687500000000 -0.000010514017
0.250000000000 0.700000000000 -0.000010215817
0.250000000000 0.712500000000 -0.000009902580
0.250000000000 0.725000000000 -0.000009574931
0.250000000000 0.737500000000 -0.000009233499
0.250000000000 0.750000000000 -0.000008878916
0.250000000000 0.762500000000 -0.000008511817
0.250000000000 0.775000000000 -0.000008132840
0.250000000000 0.787500000000 -0.000007742621
0.250000000000 0.800000000000 -0.000007341796
0.250000000000 0.812500000000 -0.000006931000
0.250000000000 0.825000000000 -0.000006510867
0.250000000000 0.837500000000 -0.000006082034
0.250000000000 0.850000000000 -0.000005645128
0.250000000000 0.862500000000 -0.000005200778
0.250000000000 0.875000000000 -0.000004749613
0.250000000000 0.887500000000 -0.000004292257
0.250000000000 0.900000000000 -0.000003829335
0.250000000000 0.912500000000 -0.000003361469
0.250000000000 0.925000000000 -0.000002889279
0.250000000000 0.937500000000 -0.000002413387
0.250000000000 0.950000000000 -0.000001934410
0.250000000000 0.962500000000 -0.000001452965
0.250000000000 0.975000000000 -0.000000969671
0.250000000000 0.987500000000 -0.000000485143
0.250000000000 1.000000000000 0.000000000000

0.262500000000 0.000000000000 0.000000000000
0.262500000000 0.012500000000 -0.000000504274
0.262500000000 0.025000000000 -0.000001007912
0.262500000000 0.037500000000 -0.000001510275
0.262500000000 0.050000000000 -0.000002010726
0.262500000000 0.062500000000 -0.000002508626
0.262500000000 0.075000000000 -0.000003003337
0.262500000000 0.087500000000 -0.000003494220
0.262500000000 0.100000000000 -0.000003980634
0.262500000000 0.112500000000 -0.000004461935
0.262500000000 0.125000000000 -0.000004937482
0.262500000000 0.137500000000 -0.000005406627
0.262500000000 0.150000000000 -0.000005868725
0.262500000000 0.162500000000 -0.000006323127
0.262500000000 0.175000000000 -0.000006769182
0.262500000000 0.187500000000 -0.000007206237
0.262500000000 0.200000000000 -0.000007633636
0.262500000000 0.212500000000 -0.000008050721
0.262500000000 0.225000000000 -0.000008456833
0.262500000000 0.237500000000 -0.000008851313
0.262500000000 0.250000000000 -0.000009233499
0.262500000000 0.262500000000 -0.000009602728
0.262500000000 0.275000000000 -0.000009958341
0.262500000000 0.287500000000 -0.000010299675
0.262500000000 0.300000000000 -0.000010626075
0.262500000000 0.312500000000 -0.000010936885
0.262500000000 0.325000000000 -0.000011231460
0.262500000000 0.337500000000 -0.000011509159
0.262500000000 0.350000000000 -0.000011769356
0.262500000000 0.362500000000 -0.000012011434
0.262500000000 0.375000000000 -0.000012234801
0.262500000000 0.387500000000 -0.000012438885
0.262500000000 0.400000000000 -0.000012623139
0.262500000000 0.412500000000 -0.000012787051
0.262500000000 0.425000000000 -0.000012930149
0.262500000000 0.437500000000 -0.000013052007
0.262500000000 0.450000000000 -0.000013152249
0.262500000000 0.462500000000 -0.000013230557
0.262500000000 0.475000000000 -0.000013286677
0.262500000000 0.487500000000 -0.000013320424
0.262500000000 0.500000000000 -0.000013331685
0.262500000000 0.512500000000 -0.000013320424
0.262500000000 0.525000000000 -0.000013286677
0.262500000000 0.537500000000 -0.000013230557
0.262500000000 0.550000000000 -0.000013152249
0.262500000000 0.562500000000 -0.000013052007
0.262500000000 0.575000000000 -0.000012930149
0.262500000000 0.587500000000 -0.000012787051
0.262500000000 0.600000000000 -0.000012623139
0.262500000000 0.612500000000 -0.000012438885
0.262500000000 0.625000000000 -0.000012234801
0.262500000000 0.637500000000 -0.000012011434
0.262500000000 0.650000000000 -0.000011769356
0.262500000000 0.662500000000 -0.000011509159
0.262500000000 0.675000000000 -0.000011231460
0.262500000000 0.687500000000 -0.000010936885
0.262500000000 0.700000000000 -0.000010626075
0.262500000000 0.712500000000 -0.000010299675
0.262500000000 0.725000000000 -0.000009958341
0.262500000000 0.737500000000 -0.000009602728
0.262500000000 0.750000000000 -0.000009233499
0.262500000000 0.762500000000 -0.000008851313
0.262500000000 0.775000000000 -0.000008456833
0.262500000000 0.787500000000 -0.000008050721
0.262500000000 0.800000000000 -0.000007633636
0.262500000000 0.812500000000 -0.000007206237
0.262500000000 0.825000000000 -0.000006769182
0.262500000000 0.837500000000 -0.000006323127
0.262500000000 0.850000000000 -0.000005868725
0.262500000000 0.862500000000 -0.000005406627
0.262500000000 0.875000000000 -0.000004937482
0.262500000000 0.887500000000 -0.000004461935
0.262500000000 0.900000000000 -0.000003980634
0.262500000000 0.912500000000 -0.000003494220
0.262500000000 0.925000000000 -0.000003003337
0.262500000000 0.937500000000 -0.000002508626
0.262500000000 0.950000000000 -0.000002010726
0.262500000000 0.962500000000 -0.000001510275
0.262500000000 0.975000000000 -0.000001007912
0.262500000000 0.987500000000 -0.000000504274
0.262500000000 1.000000000000 0.000000000000

0.275000000000 0.000000000000 0.000000000000
0.275000000000 0.012500000000 -0.000000522662
0.275000000000 0.025000000000 -0.000001044666
0.275000000000 0.037500000000 -0.000001565358
0.275000000000 0.050000000000 -0.000002084079
0.275000000000 0.062500000000 -0.000002600171
0.275000000000 0.075000000000 -0.000003112976
0.275000000000 0.087500000000 -0.000003621835
0.275000000000 0.100000000000 -0.000004126086
0.275000000000 0.112500000000 -0.000004625069
0.275000000000 0.125000000000 -0.000005118120
0.275000000000 0.137500000000 -0.000005604572
0.275000000000 0.150000000000 -0.000006083761
0.275000000000 0.162500000000 -0.000006555016
0.275000000000 0.175000000000 -0.000007017664
0.275000000000 0.187500000000 -0.000007471035
0.275000000000 0.200000000000 -0.000007914449
0.275000000000 0.212500000000 -0.000008347227
0.275000000000 0.225000000000 -0.000008768689
0.275000000000 0.237500000000 -0.000009178151
0.275000000000 0.250000000000 -0.000009574931
0.275000000000 0.262500000000 -0.000009958341
0.275000000000 0.275000000000 -0.000010327694
0.275000000000 0.287500000000 -0.000010682303
0.275000000000 0.300000000000 -0.000011021486
0.275000000000 0.312500000000 -0.000011344559
0.275000000000 0.325000000000 -0.000011650844
0.275000000000 0.337500000000 -0.000011939674
0.275000000000 0.350000000000 -0.000012210385
0.275000000000 0.362500000000 -0.000012462329
0.275000000000 0.375000000000 -0.000012694877
0.275000000000 0.387500000000 -0.000012907422
0.275000000000 0.400000000000 -0.000013099380
0.275000000000 0.412500000000 -0.000013270200
0.275000000000 0.425000000000 -0.000013419374
0.275000000000 0.437500000000 -0.000013546443
0.275000000000 0.450000000000 -0.000013650997
0.275000000000 0.462500000000 -0.000013732691
0.275000000000 0.475000000000 -0.000013791249
0.275000000000 0.487500000000 -0.000013826465
0.275000000000 0.500000000000 -0.000013838217
0.275000000000 0.512500000000 -0.000013826465
0.275000000000 0.525000000000 -0.000013791249
0.275000000000 0.537500000000 -0.000013732691
0.275000000000 0.550000000000 -0.000013650997
0.275000000000 0.562500000000 -0.000013546443
0.275000000000 0.575000000000 -0.000013419374
0.275000000000 0.587500000000 -0.000013270200
0.275000000000 0.600000000000 -0.000013099380
0.275000000000 0.612500000000 -0.000012907422
0.275000000000 0.625000000000 -0.000012694877
0.275000000000 0.637500000000 -0.000012462329
0.275000000000 0.650000000000 -0.000012210385
0.275000000000 0.662500000000 -0.000011939674
0.275000000000 0.675000000000 -0.000011650844
0.275000000000 0.687500000000 -0.000011344559
0.275000000000 0.700000000000 -0.000011021486
0.275000000000 0.712500000000 -0.000010682303
0.275000000000 0.725000000000 -0.000010327694
0.275000000000 0.737500000000 -0.000009958341
0.275000000000 0.750000000000 -0.000009574931
0.275000000000 0.762500000000 -0.000009178151
0.275000000000 0.775000000000 -0.000008768689
0.275000000000 0.787500000000 -0.000008347227
0.275000000000 0.800000000000 -0.000007914449
0.275000000000 0.812500000000 -0.000007471035
0.275000000000 0.825000000000 -0.000007017664
0.275000000000 0.837500000000 -0.000006555016
0.275000000000 0.850000000000 -0.000006083761
0.275000000000 0.862500000000 -0.000005604572
0.275000000000 0.875000000000 -0.000005118120
0.275000000000 0.887500000000 -0.000004625069
0.275000000000 0.900000000000 -0.000004126086
0.275000000000 0.912500000000 -0.000003621835
0.275000000000 0.925000000000 -0.000003112976
0.275000000000 0.937500000000 -0.000002600171
0.275000000000 0.950000000000 -0.000002084079
0.275000000000 0.962500000000 -0.000001565358
0.275000000000 0.975000000000 -0.000001044666
0.275000000000 0.987500000000 -0.000000522662
0.275000000000 1.000000000000 0.000000000000

0.287500000000 0.000000000000 0.000000000000
0.287500000000 0.012500000000 -0.000000540272
0.287500000000 0.025000000000 -0.000001079868
0.287500000000 0.037500000000 -0.000001618116
0.287500000000 0.050000000000 -0.000002154337
0.287500000000 0.062500000000 -0.000002687857
0.287500000000 0.075000000000 -0.000003217999
0.287500000000 0.087500000000 -0.000003744083
0.287500000000 0.100000000000 -0.000004265431
0.287500000000 0.112500000000 -0.000004781365
0.287500000000 0.125000000000 -0.000005291201
0.287500000000 0.137500000000 -0.000005794255
0.287500000000 0.150000000000 -0.000006289843
0.287500000000 0.162500000000 -0.000006777275
0.287500000000 0.175000000000 -0.000007255861
0.287500000000 0.187500000000 -0.000007724908
0.287500000000 0.200000000000 -0.000008183720
0.287500000000 0.212500000000 -0.000008631595
0.287500000000 0.225000000000 -0.000009067832
0.287500000000 0.237500000000 -0.000009491729
0.287500000000 0.250000000000 -0.000009902580
0.287500000000 0.262500000000 -0.000010299675
0.287500000000 0.275000000000 -0.000010682303
0.287500000000 0.287500000000 -0.000011049754
0.287500000000 0.300000000000 -0.000011401317
0.287500000000 0.312500000000 -0.000011736281
0.287500000000 0.325000000000 -0.000012053942
0.287500000000 0.337500000000 -0.000012353598
0.287500000000 0.350000000000 -0.000012634556
0.287500000000 0.362500000000 -0.000012896132
0.287500000000 0.375000000000 -0.000013137661
0.287500000000 0.387500000000 -0.000013358497
0.287500000000 0.400000000000 -0.000013558018
0.287500000000 0.412500000000 -0.000013735634
0.287500000000 0.425000000000 -0.000013890799
0.287500000000 0.437500000000 -0.000014023012
0.287500000000 0.450000000000 -0.000014131831
0.287500000000 0.462500000000 -0.000014216879
0.287500000000 0.475000000000 -0.000014277853
0.287500000000 0.487500000000 -0.000014314527
0.287500000000 0.500000000000 -0.000014326766
0.287500000000 0.512500000000 -0.000014314527
0.287500000000 0.525000000000 -0.000014277853
0.287500000000 0.537500000000 -0.000014216879
0.287500000000 0.550000000000 -0.000014131831
0.287500000000 0.562500000000 -0.000014023012
0.287500000000 0.575000000000 -0.000013890799
0.287500000000 0.587500000000 -0.000013735634
0.287500000000 0.600000000000 -0.000013558018
0.287500000000 0.612500000000 -0.000013358497
0.287500000000 0.625000000000 -0.000013137661
0.287500000000 0.637500000000 -0.000012896132
0.287500000000 0.650000000000 -0.000012634556
0.287500000000 0.662500000000 -0.000012353598
0.287500000000 0.675000000000 -0.000012053942
0.287500000000 0.687500000000 -0.000011736281
0.287500000000 0.700000000000 -0.000011401317
0.287500000000 0.712500000000 -0.000011049754
0.287500000000 0.725000000000 -0.000010682303
0.287500000000 0.737500000000 -0.000010299675
0.287500000000 0.750000000000 -0.000009902580
0.287500000000 0.762500000000 -0.000009491729
0.287500000000 0.775000000000 -0.000009067832
0.287500000000 0.787500000000 -0.000008631595
0.287500000000 0.800000000000 -0.000008183720
0.287500000000 0.812500000000 -0.000007724908
0.287500000000 0.825000000000 -0.000007255861
0.287500000000 0.837500000000 -0.000006777275
0.287500000000 0.850000000000 -0.000006289843
0.287500000000 0.862500000000 -0.000005794255
0.287500000000 0.875000000000 -0.000005291201
0.287500000000 0.887500000000 -0.000004781365
0.287500000000 0.900000000000 -0.000004265431
0.287500000000 0.912500000000 -0.000003744083
0.287500000000 0.925000000000 -0.000003217999
0.287500000000 0.937500000000 -0.000002687857
0.287500000000 0.950000000000 -0.000002154337
0.287500000000 0.962500000000 -0.000001618116
0.287500000000 0.975000000000 -0.000001079868
0.287500000000 0.987500000000 -0.000000540272
0.287500000000 1.000000000000 0.000000000000

0.300000000000 0.000000000000 0.000000000000
0.300000000000 0.012500000000 -0.000000557072
0.300000000000 0.025000000000 -0.000001113454
0.300000000000 0.037500000000 -0.000001668452
0.300000000000 0.050000000000 -0.000002221372
0.300000000000 0.062500000000 -0.000002771523
0.300000000000 0.075000000000 -0.000003318212
0.300000000000 0.087500000000 -0.000003860741
0.300000000000 0.100000000000 -0.000004398414
0.300000000000 0.112500000000 -0.000004930535
0.300000000000 0.125000000000 -0.000005456406
0.300000000000 0.137500000000 -0.000005975325
0.300000000000 0.150000000000 -0.000006486589
0.300000000000 0.162500000000 -0.000006989491
0.300000000000 0.175000000000 -0.000007483324
0.300000000000 0.187500000000 -0.000007967378
0.300000000000 0.200000000000 -0.000008440937
0.300000000000 0.212500000000 -0.000008903282
0.300000000000 0.225000000000 -0.000009353692
0.300000000000 0.237500000000 -0.000009791445
0.300000000000 0.250000000000 -0.000010215817
0.300000000000 0.262500000000 -0.000010626075
0.300000000000 0.275000000000 -0.000011021486
0.300000000000 0.287500000000 -0.000011401317
0.300000000000 0.300000000000 -0.000011764831
0.300000000000 0.312500000000 -0.000012111294
0.300000000000 0.325000000000 -0.000012439972
0.300000000000 0.337500000000 -0.000012750134
0.300000000000 0.350000000000 -0.000013041053
0.300000000000 0.362500000000 -0.000013312012
0.300000000000 0.375000000000 -0.000013562311
0.300000000000 0.387500000000 -0.000013791260
0.300000000000 0.400000000000 -0.000013998200
0.300000000000 0.412500000000 -0.000014182498
0.300000000000 0.425000000000 -0.000014343565
0.300000000000 0.437500000000 -0.000014480860
0.300000000000 0.450000000000 -0.000014593900
0.300000000000 0.462500000000 -0.000014682272
0.300000000000 0.475000000000 -0.000014745643
0.300000000000 0.487500000000 -0.000014783765
0.300000000000 0.500000000000 -0.000014796489
0.300000000000 0.512500000000 -0.000014783765
0.300000000000 0.525000000000 -0.000014745643
0.300000000000 0.537500000000 -0.000014682272
0.300000000000 0.550000000000 -0.000014593900
0.300000000000 0.562500000000 -0.000014480860
0.300000000000 0.575000000000 -0.000014343565
0.300000000000 0.587500000000 -0.000014182498
0.300000000000 0.600000000000 -0.000013998200
0.300000000000 0.612500000000 -0.000013791260
0.300000000000 0.625000000000 -0.000013562311
0.300000000000 0.637500000000 -0.000013312012
0.300000000000 0.650000000000 -0.000013041053
0.300000000000 0.662500000000 -0.000012750134
0.300000000000 0.675000000000 -0.000012439972
0.300000000000 0.687500000000 -0.000012111294
0.300000000000 0.700000000000 -0.000011764831
0.300000000000 0.712500000000 -0.000011401317
0.300000000000 0.725000000000 -0.000011021486
0.300000000000 0.737500000000 -0.000010626075
0.300000000000 0.750000000000 -0.000010215817
0.300000000000 0.762500000000 -0.000009791445
0.300000000000 0.775000000000 -0.000009353692
0.300000000000 0.787500000000 -0.000008903282
0.300000000000 0.800000000000 -0.000008440937
0.300000000000 0.812500000000 -0.000007967378
0.300000000000 0.825000000000 -0.000007483324
0.300000000000 0.837500000000 -0.000006989491
0.300000000000 0.850000000000 -0.000006486589
0.300000000000 0.862500000000 -0.000005975325
0.300000000000 0.875000000000 -0.000005456406
0.300000000000 0.887500000000 -0.000004930535
0.300000000000 0.900000000000 -0.000004398414
0.300000000000 0.912500000000 -0.000003860741
0.300000000000 0.925000000000 -0.000003318212
0.300000000000 0.937500000000 -0.000002771523
0.300000000000 0.950000000000 -0.000002221372
0.300000000000 0.962500000000 -0.000001668452
0.300000000000 0.975000000000 -0.000001113454
0.300000000000 0.987500000000 -0.000000557072
0.300000000000 1.000000000000 0.000000000000

0.312500000000 0.000000000000 0.000000000000
0.312500000000 0.012500000000 -0.000000573034
0.312500000000 0.025000000000 -0.000001145360
0.312500000000 0.037500000000 -0.000001716272
0.312500000000 0.050000000000 -0.000002285059
0.312500000000 0.062500000000 -0.000002851016
0.312500000000 0.075000000000 -0.000003413429
0.312500000000 0.087500000000 -0.000003971589
0.312500000000 0.100000000000 -0.000004524783
0.312500000000 0.112500000000 -0.000005072298
0.312500000000 0.125000000000 -0.000005613420
0.312500000000 0.137500000000 -0.000006147435
0.312500000000 0.150000000000 -0.000006673621
0.312500000000 0.162500000000 -0.000007191257
0.312500000000 0.175000000000 -0.000007699617
0.312500000000 0.187500000000 -0.000008197976
0.312500000000 0.200000000000 -0.000008685601
0.312500000000 0.212500000000 -0.000009161756
0.312500000000 0.225000000000 -0.000009625705
0.312500000000 0.237500000000 -0.000010076707
0.312500000000 0.250000000000 -0.000010514017
0.312500000000 0.262500000000 -0.000010936885
0.312500000000 0.275000000000 -0.000011344559
0.312500000000 0.287500000000 -0.000011736281
0.312500000000 0.300000000000 -0.000012111294
0.312500000000 0.312500000000 -0.000012468838
0.312500000000 0.325000000000 -0.000012808153
0.312500000000 0.337500000000 -0.000013128478
0.312500000000 0.350000000000 -0.000013429055
0.312500000000 0.362500000000 -0.000013709135
0.312500000000 0.375000000000 -0.000013967976
0.312500000000 0.387500000000 -0.000014204852
0.312500000000 0.400000000000 -0.000014419060
0.312500000000 0.412500000000 -0.000014609923
0.312500000000 0.425000000000 -0.000014776805
0.312500000000 0.437500000000 -0.000014919119
0.312500000000 0.450000000000 -0.000015036340
0.312500000000 0.462500000000 -0.000015128011
0.312500000000 0.475000000000 -0.000015193765
0.312500000000 0.487500000000 -0.000015233328
0.312500000000 0.500000000000 -0.000015246535
0.312500000000 0.512500000000 -0.000015233328
0.312500000000 0.525000000000 -0.000015193765
0.312500000000 0.537500000000 -0.000015128011
0.312500000000 0.550000000000 -0.000015036340
0.312500000000 0.562500000000 -0.000014919119
0.312500000000 0.575000000000 -0.000014776805
0.312500000000 0.587500000000 -0.000014609923
0.312500000000 0.600000000000 -0.000014419060
0.312500000000 0.612500000000 -0.000014204852
0.312500000000 0.625000000000 -0.000013967976
0.312500000000 0.637500000000 -0.000013709135
0.312500000000 0.650000000000 -0.000013429055
0.312500000000 0.662500000000 -0.000013128478
0.312500000000 0.675000000000 -0.000012808153
0.312500000000 0.687500000000 -0.000012468838
0.312500000000 0.700000000000 -0.000012111294
0.312500000000 0.712500000000 -0.000011736281
0.312500000000 0.725000000000 -0.000011344559
0.312500000000 0.737500000000 -0.000010936885
0.312500000000 0.750000000000 -0.000010514017
0.312500000000 0.762500000000 -0.000010076707
0.312500000000 0.775000000000 -0.000009625705
0.312500000000 0.787500000000 -0.000009161756
0.312500000000 0.800000000000 -0.000008685601
0.312500000000 0.812500000000 -0.000008197976
0.312500000000 0.825000000000 -0.000007699617
0.312500000000 0.837500000000 -0.000007191257
0.312500000000 0.850000000000 -0.000006673621
0.312500000000 0.862500000000 -0.000006147435
0.312500000000 0.875000000000 -0.000005613420
0.312500000000 0.887500000000 -0.000005072298
0.312500000000 0.900000000000 -0.000004524783
0.312500000000 0.912500000000 -0.000003971589
0.312500000000 0.925000000000 -0.000003413429
0.312500000000 0.937500000000 -0.000002851016
0.312500000000 0.950000000000 -0.000002285059
0.312500000000 0.962500000000 -0.000001716272
0.312500000000 0.975000000000 -0.000001145360
0.312500000000 0.987500000000 -0.000000573034
0.312500000000 1.000000000000 0.000000000000

0.325000000000 0.000000000000 0.000000000000
0.325000000000 0.012500000000 -0.000000588124
0.325000000000 0.025000000000 -0.000001175528
0.325000000000 0.037500000000 -0.000001761487
0.325000000000 0.050000000000 -0.000002345278
0.325000000000 0.062500000000 -0.000002926179
0.325000000000 0.075000000000 -0.000003503466
0.325000000000 0.087500000000 -0.000004076413
0.325000000000 0.100000000000 -0.000004644293
0.325000000000 0.112500000000 -0.000005206378
0.325000000000 0.125000000000 -0.000005761941
0.325000000000 0.137500000000 -0.000006310252
0.325000000000 0.150000000000 -0.000006850574
0.325000000000 0.162500000000 -0.000007382173
0.325000000000 0.175000000000 -0.000007904310
0.325000000000 0.187500000000 -0.000008416241
0.325000000000 0.200000000000 -0.000008917220
0.325000000000 0.212500000000 -0.000009406496
0.325000000000 0.225000000000 -0.000009883317
0.325000000000 0.237500000000 -0.000010346927
0.325000000000 0.250000000000 -0.000010796564
0.325000000000 0.262500000000 -0.000011231460
0.325000000000 0.275000000000 -0.000011650844
0.325000000000 0.287500000000 -0.000012053942
0.325000000000 0.300000000000 -0.000012439972
0.325000000000 0.312500000000 -0.000012808153
0.325000000000 0.325000000000 -0.000013157698
0.325000000000 0.337500000000 -0.000013487821
0.325000000000 0.350000000000 -0.000013797732
0.325000000000 0.362500000000 -0.000014086652
0.325000000000 0.375000000000 -0.000014353798
0.325000000000 0.387500000000 -0.000014598402
0.325000000000 0.400000000000 -0.000014819721
0.325000000000 0.412500000000 -0.000015017028
0.325000000000 0.425000000000 -0.000015189636
0.325000000000 0.437500000000 -0.000015336911
0.325000000000 0.450000000000 -0.000015458274
0.325000000000 0.462500000000 -0.000015553224
0.325000000000 0.475000000000 -0.000015621352
0.325000000000 0.487500000000 -0.000015662354
0.325000000000 0.500000000000 -0.000015676043
0.325000000000 0.512500000000 -0.000015662354
0.325000000000 0.525000000000 -0.000015621352
0.325000000000 0.537500000000 -0.000015553224
0.325000000000 0.550000000000 -0.000015458274
0.325000000000 0.562500000000 -0.000015336911
0.325000000000 0.575000000000 -0.000015189636
0.325000000000 0.587500000000 -0.000015017028
0.325000000000 0.600000000000 -0.000014819721
0.325000000000 0.612500000000 -0.000014598402
0.325000000000 0.625000000000 -0.000014353798
0.325000000000 0.637500000000 -0.000014086652
0.325000000000 0.650000000000 -0.000013797732
0.325000000000 0.662500000000 -0.000013487821
0.325000000000 0.675000000000 -0.000013157698
0.325000000000 0.687500000000 -0.000012808153
0.325000000000 0.700000000000 -0.000012439972
0.325000000000 0.712500000000 -0.000012053942
0.325000000000 0.725000000000 -0.000011650844
0.325000000000 0.737500000000 -0.000011231460
0.325000000000 0.750000000000 -0.000010796564
0.325000000000 0.762500000000 -0.000010346927
0.325000000000 0.775000000000 -0.000009883317
0.325000000000 0.787500000000 -0.000009406496
0.325000000000 0.800000000000 -0.000008917220
0.325000000000 0.812500000000 -0.000008416241
0.325000000000 0.825000000000 -0.000007904310
0.325000000000 0.837500000000 -0.000007382173
0.325000000000 0.850000000000 -0.000006850574
0.325000000000 0.862500000000 -0.000006310252
0.325000000000 0.875000000000 -0.000005761941
0.325000000000 0.887500000000 -0.000005206378
0.325000000000 0.900000000000 -0.000004644293
0.325000000000 0.912500000000 -0.000004076413
0.325000000000 0.925000000000 -0.000003503466
0.325000000000 0.937500000000 -0.000002926179
0.325000000000 0.950000000000 -0.000002345278
0.325000000000 0.962500000000 -0.000001761487
0.325000000000 0.975000000000 -0.000001175528
0.325000000000 0.987500000000 -0.000000588124
0.325000000000 1.000000000000 0.000000000000

0.337500000000 0.000000000000 0.000000000000
0.337500000000 0.012500000000 -0.000000602316
0.337500000000 0.025000000000 -0.000001203896
0.337500000000 0.037500000000 -0.000001804006
0.337500000000 0.050000000000 -0.000002401909
0.337500000000 0.062500000000 -0.000002996868
0.337500000000 0.075000000000 -0.000003588148
0.337500000000 0.087500000000 -0.000004175007
0.337500000000 0.100000000000 -0.000004756709
0.337500000000 0.112500000000 -0.000005332511
0.337500000000 0.125000000000 -0.000005901671
0.337500000000 0.137500000000 -0.000006463446
0.337500000000 0.150000000000 -0.000007017090
0.337500000000 0.162500000000 -0.000007561854
0.337500000000 0.175000000000 -0.000008096983
0.337500000000 0.187500000000 -0.000008621722
0.337500000000 0.200000000000 -0.000009135311
0.337500000000 0.212500000000 -0.000009636987
0.337500000000 0.225000000000 -0.000010125983
0.337500000000 0.237500000000 -0.000010601530
0.337500000000 0.250000000000 -0.000011062850
0.337500000000 0.262500000000 -0.000011509159
0.337500000000 0.275000000000 -0.000011939674
0.337500000000 0.287500000000 -0.000012353598
0.337500000000 0.300000000000 -0.000012750134
0.337500000000 0.312500000000 -0.000013128478
0.337500000000 0.325000000000 -0.000013487821
0.337500000000 0.337500000000 -0.000013827351
0.337500000000 0.350000000000 -0.000014146252
0.337500000000 0.362500000000 -0.000014443708
0.337500000000 0.375000000000 -0.000014718903
0.337500000000 0.387500000000 -0.000014971027
0.337500000000 0.400000000000 -0.000015199289
0.337500000000 0.412500000000 -0.000015402914
0.337500000000 0.425000000000 -0.000015581162
0.337500000000 0.437500000000 -0.000015733339
0.337500000000 0.450000000000 -0.000015858813
0.337500000000 0.462500000000 -0.000015957029
0.337500000000 0.475000000000 -0.000016027528
0.337500000000 0.487500000000 -0.000016069969
0.337500000000 0.500000000000 -0.000016084140
0.337500000000 0.512500000000 -0.000016069969
0.337500000000 0.525000000000 -0.000016027528
0.337500000000 0.537500000000 -0.000015957029
0.337500000000 0.550000000000 -0.000015858813
0.337500000000 0.562500000000 -0.000015733339
0.337500000000 0.575000000000 -0.000015581162
0.337500000000 0.587500000000 -0.000015402914
0.337500000000 0.600000000000 -0.000015199289
0.337500000000 0.612500000000 -0.000014971027
0.337500000000 0.625000000000 -0.000014718903
0.337500000000 0.637500000000 -0.000014443708
0.337500000000 0.650000000000 -0.000014146252
0.337500000000 0.662500000000 -0.000013827351
0.337500000000 0.675000000000 -0.000013487821
0.337500000000 0.687500000000 -0.000013128478
0.337500000000 0.700000000000 -0.000012750134
0.337500000000 0.712500000000 -0.000012353598
0.337500000000 0.725000000000 -0.000011939674
0.337500000000 0.737500000000 -0.000011509159
0.337500000000 0.750000000000 -0.000011062850
0.337500000000 0.762500000000 -0.000010601530
0.337500000000 0.775000000000 -0.000010125983
0.337500000000 0.787500000000 -0.000009636987
0.337500000000 0.800000000000 -0.000009135311
0.337500000000 0.812500000000 -0.000008621722
0.337500000000 0.825000000000 -0.000008096983
0.337500000000 0.837500000000 -0.000007561854
0.337500000000 0.850000000000 -0.000007017090
0.337500000000 0.862500000000 -0.000006463446
0.337500000000 0.875000000000 -0.000005901671
0.337500000000 0.887500000000 -0.000005332511
0.337500000000 0.900000000000 -0.000004756709
0.337500000000 0.912500000000 -0.000004175007
0.337500000000 0.925000000000 -0.000003588148
0.337500000000 0.937500000000 -0.000002996868
0.337500000000 0.950000000000 -0.000002401909
0.337500000000 0.962500000000 -0.000001804006
0.337500000000 0.975000000000 -0.000001203896
0.337500000000 0.987500000000 -0.000000602316
0.337500000000 1.000000000000 0.000000000000

0.350000000000 0.000000000000 0.000000000000
0.350000000000 0.012500000000 -0.000000615579
0.350000000000 0.025000000000 -0.000001230411
0.350000000000 0.037500000000 -0.000001843747
0.350000000000 0.050000000000 -0.000002454841
0.350000000000 0.062500000000 -0.000003062942
0.350000000000 0.075000000000 -0.000003667304
0.350000000000 0.087500000000 -0.000004267175
0.350000000000 0.100000000000 -0.000004861805
0.350000000000 0.112500000000 -0.000005450439
0.350000000000 0.125000000000 -0.000006032324
0.350000000000 0.137500000000 -0.000006606706
0.350000000000 0.150000000000 -0.000007172825
0.350000000000 0.162500000000 -0.000007729922
0.350000000000 0.175000000000 -0.000008277230
0.350000000000 0.187500000000 -0.000008813983
0.350000000000 0.200000000000 -0.000009339407
0.350000000000 0.212500000000 -0.000009852730
0.350000000000 0.225000000000 -0.000010353171
0.350000000000 0.237500000000 -0.000010839951
0.350000000000 0.250000000000 -0.000011312278
0.350000000000 0.262500000000 -0.000011769356
0.350000000000 0.275000000000 -0.000012210385
0.350000000000 0.287500000000 -0.000012634556
0.350000000000 0.300000000000 -0.000013041053
0.350000000000 0.312500000000 -0.000013429055
0.350000000000 0.325000000000 -0.000013797732
0.350000000000 0.337500000000 -0.000014146252
0.350000000000 0.350000000000 -0.000014473770
0.350000000000 0.362500000000 -0.000014779438
0.350000000000 0.375000000000 -0.000015062405
0.350000000000 0.387500000000 -0.000015321822
0.350000000000 0.400000000000 -0.000015556850
0.350000000000 0.412500000000 -0.000015766662
0.350000000000 0.425000000000 -0.000015950460
0.350000000000 0.437500000000 -0.000016107488
0.350000000000 0.450000000000 -0.000016237048
0.350000000000 0.462500000000 -0.000016338524
0.350000000000 0.475000000000 -0.000016411399
0.350000000000 0.487500000000 -0.000016455286
0.350000000000 0.500000000000 -0.000016469943
0.350000000000 0.512500000000 -0.000016455286
0.350000000000 0.525000000000 -0.000016411399
0.350000000000 0.537500000000 -0.000016338524
0.350000000000 0.550000000000 -0.000016237048
0.350000000000 0.562500000000 -0.000016107488
0.350000000000 0.575000000000 -0.000015950460
0.350000000000 0.587500000000 -0.000015766662
0.350000000000 0.600000000000 -0.000015556850
0.350000000000 0.612500000000 -0.000015321822
0.350000000000 0.625000000000 -0.000015062405
0.350000000000 0.637500000000 -0.000014779438
0.350000000000 0.650000000000 -0.000014473770
0.350000000000 0.662500000000 -0.000014146252
0.350000000000 0.675000000000 -0.000013797732
0.350000000000 0.687500000000 -0.000013429055
0.350000000000 0.700000000000 -0.000013041053
0.350000000000 0.712500000000 -0.000012634556
0.350000000000 0.725000000000 -0.000012210385
0.350000000000 0.737500000000 -0.000011769356
0.350000000000 0.750000000000 -0.000011312278
0.350000000000 0.762500000000 -0.000010839951
0.350000000000 0.775000000000 -0.000010353171
0.350000000000 0.787500000000 -0.000009852730
0.350000000000 0.800000000000 -0.000009339407
0.350000000000 0.812500000000 -0.000008813983
0.350000000000 0.825000000000 -0.000008277230
0.350000000000 0.837500000000 -0.000007729922
0.350000000000 0.850000000000 -0.000007172825
0.350000000000 0.862500000000 -0.000006606706
0.350000000000 0.875000000000 -0.000006032324
0.350000000000 0.887500000000 -0.000005450439
0.350000000000 0.900000000000 -0.000004861805
0.350000000000 0.912500000000 -0.000004267175
0.350000000000 0.925000000000 -0.000003667304
0.350000000000 0.937500000000 -0.000003062942
0.350000000000 0.950000000000 -0.000002454841
0.350000000000 0.962500000000 -0.000001843747
0.350000000000 0.975000000000 -0.000001230411
0.350000000000 0.987500000000 -0.000000615579
0.350000000000 1.000000000000 0.000000000000

0.362500000000 0.000000000000 0.000000000000
0.362500000000 0.012500000000 -0.000000627888
0.362500000000 0.025000000000 -0.000001255017
0.362500000000 0.037500000000 -0.000001880629
0.362500000000 0.050000000000 -0.000002503965
0.362500000000 0.062500000000 -0.000003124268
0.362500000000 0.075000000000 -0.000003740776
0.362500000000 0.087500000000 -0.000004352729
0.362500000000 0.100000000000 -0.000004959365
0.362500000000 0.112500000000 -0.000005559920
0.362500000000 0.125000000000 -0.000006153630
0.362500000000 0.137500000000 -0.000006739730
0.362500000000 0.150000000000 -0.000007317450
0.362500000000 0.162500000000 -0.000007886019
0.362500000000 0.175000000000 -0.000008444663
0.362500000000 0.187500000000 -0.000008992603
0.362500000000 0.200000000000 -0.000009529057
0.362500000000 0.212500000000 -0.000010053242
0.362500000000 0.225000000000 -0.000010564369
0.362500000000 0.237500000000 -0.000011061645
0.362500000000 0.250000000000 -0.000011544269
0.362500000000 0.262500000000 -0.000012011434
0.362500000000 0.275000000000 -0.000012462329
0.362500000000 0.287500000000 -0.000012896132
0.362500000000 0.300000000000 -0.000013312012
0.362500000000 0.312500000000 -0.000013709135
0.362500000000 0.325000000000 -0.000014086652
0.362500000000 0.337500000000 -0.000014443708
0.362500000000 0.350000000000 -0.000014779438
0.362500000000 0.362500000000 -0.000015092962
0.362500000000 0.375000000000 -0.000015383402
0.362500000000 0.387500000000 -0.000015649866
0.362500000000 0.400000000000 -0.000015891468
0.362500000000 0.412500000000 -0.000016107328
0.362500000000 0.425000000000 -0.000016296584
0.362500000000 0.437500000000 -0.000016458413
0.362500000000 0.450000000000 -0.000016592043
0.362500000000 0.462500000000 -0.000016696784
0.362500000000 0.475000000000 -0.000016772049
0.362500000000 0.487500000000 -0.000016817395
0.362500000000 0.500000000000 -0.000016832543
0.362500000000 0.512500000000 -0.000016817395
0.362500000000 0.525000000000 -0.000016772049
0.362500000000 0.537500000000 -0.000016696784
0.362500000000 0.550000000000 -0.000016592043
0.362500000000 0.562500000000 -0.000016458413
0.362500000000 0.575000000000 -0.000016296584
0.362500000000 0.587500000000 -0.000016107328
0.362500000000 0.600000000000 -0.000015891468
0.362500000000 0.612500000000 -0.000015649866
0.362500000000 0.625000000000 -0.000015383402
0.362500000000 0.637500000000 -0.000015092962
0.362500000000 0.650000000000 -0.000014779438
0.362500000000 0.662500000000 -0.000014443708
0.362500000000 0.675000000000 -0.000014086652
0.362500000000 0.687500000000 -0.000013709135
0.362500000000 0.700000000000 -0.000013312012
0.362500000000 0.712500000000 -0.000012896132
0.362500000000 0.725000000000 -0.000012462329
0.362500000000 0.737500000000 -0.000012011434
0.362500000000 0.750000000000 -0.000011544269
0.362500000000 0.762500000000 -0.000011061645
0.362500000000 0.775000000000 -0.000010564369
0.362500000000 0.787500000000 -0.000010053242
0.362500000000 0.800000000000 -0.000009529057
0.362500000000 0.812500000000 -0.000008992603
0.362500000000 0.825000000000 -0.000008444663
0.362500000000 0.837500000000 -0.000007886019
0.362500000000 0.850000000000 -0.000007317450
0.362500000000 0.862500000000 -0.000006739730
0.362500000000 0.875000000000 -0.000006153630
0.362500000000 0.887500000000 -0.000005559920
0.362500000000 0.900000000000 -0.000004959365
0.362500000000 0.912500000000 -0.000004352729
0.362500000000 0.925000000000 -0.000003740776
0.362500000000 0.937500000000 -0.000003124268
0.362500000000 0.950000000000 -0.000002503965
0.362500000000 0.962500000000 -0.000001880629
0.362500000000 0.975000000000 -0.000001255017
0.362500000000 0.987500000000 -0.000000627888
0.362500000000 1.000000000000 0.000000000000

0.375000000000 0.000000000000 0.000000000000
0.375000000000 0.012500000000 -0.000000639217
0.375000000000 0.025000000000 -0.000001277665
0.375000000000 0.037500000000 -0.000001914577
0.375000000000 0.050000000000 -0.000002549184
0.375000000000 0.062500000000 -0.000003180719
0.375000000000 0.075000000000 -0.000003808410
0.375000000000 0.087500000000 -0.000004431489
0.375000000000 0.100000000000 -0.000005049184
0.375000000000 0.112500000000 -0.000005660723
0.375000000000 0.125000000000 -0.000006265329
0.375000000000 0.137500000000 -0.000006862231
0.375000000000 0.150000000000 -0.000007450648
0.375000000000 0.162500000000 -0.000008029802
0.375000000000 0.175000000000 -0.000008598909
0.375000000000 0.187500000000 -0.000009157181
0.375000000000 0.200000000000 -0.000009703831
0.375000000000 0.212500000000 -0.000010238064
0.375000000000 0.225000000000 -0.000010759083
0.375000000000 0.237500000000 -0.000011266085
0.375000000000 0.250000000000 -0.000011758264
0.375000000000 0.262500000000 -0.000012234801
0.375000000000 0.275000000000 -0.000012694877
0.375000000000 0.287500000000 -0.000013137661
0.375000000000 0.300000000000 -0.000013562311
0.375000000000 0.312500000000 -0.000013967976
0.375000000000 0.325000000000 -0.000014353798
0.375000000000 0.337500000000 -0.000014718903
0.375000000000 0.350000000000 -0.000015062405
0.375000000000 0.362500000000 -0.000015383402
0.375000000000 0.375000000000 -0.000015680984
0.375000000000 0.387500000000 -0.000015954222
0.375000000000 0.400000000000 -0.000016202186
0.375000000000 0.412500000000 -0.000016423939
0.375000000000 0.425000000000 -0.000016618556
0.375000000000 0.437500000000 -0.000016785137
0.375000000000 0.450000000000 -0.000016922829
0.375000000000 0.462500000000 -0.000017030851
0.375000000000 0.475000000000 -0.000017108535
0.375000000000 0.487500000000 -0.000017155364
0.375000000000 0.500000000000 -0.000017171013
0.375000000000 0.512500000000 -0.000017155364
0.375000000000 0.525000000000 -0.000017108535
0.375000000000 0.537500000000 -0.000017030851
0.375000000000 0.550000000000 -0.000016922829
0.375000000000 0.562500000000 -0.000016785137
0.375000000000 0.575000000000 -0.000016618556
0.375000000000 0.587500000000 -0.000016423939
0.375000000000 0.600000000000 -0.000016202186
0.375000000000 0.612500000000 -0.000015954222
0.375000000000 0.625000000000 -0.000015680984
0.375000000000 0.637500000000 -0.000015383402
0.375000000000 0.650000000000 -0.000015062405
0.375000000000 0.662500000000 -0.000014718903
0.375000000000 0.675000000000 -0.000014353798
0.375000000000 0.687500000000 -0.000013967976
0.375000000000 0.700000000000 -0.000013562311
0.375000000000 0.712500000000 -0.000013137661
0.375000000000 0.725000000000 -0.000012694877
0.375000000000 0.737500000000 -0.000012234801
0.375000000000 0.750000000000 -0.000011758264
0.375000000000 0.762500000000 -0.000011266085
0.375000000000 0.775000000000 -0.000010759083
0.375000000000 0.787500000000 -0.000010238064
0.375000000000 0.800000000000 -0.000009703831
0.375000000000 0.812500000000 -0.000009157181
0.375000000000 0.825000000000 -0.000008598909
0.375000000000 0.837500000000 -0.000008029802
0.375000000000 0.850000000000 -0.000007450648
0.375000000000 0.862500000000 -0.000006862231
0.375000000000 0.875000000000 -0.000006265329
0.375000000000 0.887500000000 -0.000005660723
0.375000000000 0.900000000000 -0.000005049184
0.375000000000 0.912500000000 -0.000004431489
0.375000000000 0.925000000000 -0.000003808410
0.375000000000 0.937500000000 -0.000003180719
0.375000000000 0.950000000000 -0.000002549184
0.375000000000 0.962500000000 -0.000001914577
0.375000000000 0.975000000000 -0.000001277665
0.375000000000 0.987500000000 -0.000000639217
0.375000000000 1.000000000000 0.000000000000

0.387500000000 0.000000000000 0.000000000000
0.387500000000 0.012500000000 -0.000000649542
0.387500000000 0.025000000000 -0.000001298307
0.387500000000 0.037500000000 -0.000001945519
0.387500000000 0.050000000000 -0.000002590401
0.387500000000 0.062500000000 -0.000003232174
0.387500000000 0.075000000000 -0.000003870062
0.387500000000 0.087500000000 -0.000004503288
0.387500000000 0.100000000000 -0.000005131069
0.387500000000 0.112500000000 -0.000005752627
0.387500000000 0.125000000000 -0.000006367179
0.387500000000 0.137500000000 -0.000006973941
0.387500000000 0.150000000000 -0.000007572126
0.387500000000 0.162500000000 -0.000008160948
0.387500000000 0.175000000000 -0.000008739618
0.387500000000 0.187500000000 -0.000009307342
0.387500000000 0.200000000000 -0.000009863320
0.387500000000 0.212500000000 -0.000010406755
0.387500000000 0.225000000000 -0.000010936841
0.387500000000 0.237500000000 -0.000011452768
0.387500000000 0.250000000000 -0.000011953724
0.387500000000 0.262500000000 -0.000012438885
0.387500000000 0.275000000000 -0.000012907422
0.387500000000 0.287500000000 -0.000013358497
0.387500000000 0.300000000000 -0.000013791260
0.387500000000 0.312500000000 -0.000014204852
0.387500000000 0.325000000000 -0.000014598402
0.387500000000 0.337500000000 -0.000014971027
0.387500000000 0.350000000000 -0.000015321822
0.387500000000 0.362500000000 -0.000015649866
0.387500000000 0.375000000000 -0.000015954222
0.387500000000 0.387500000000 -0.000016233930
0.387500000000 0.400000000000 -0.000016488015
0.387500000000 0.412500000000 -0.000016715489
0.387500000000 0.425000000000 -0.000016915359
0.387500000000 0.437500000000 -0.000017086645
0.387500000000 0.450000000000 -0.000017228397
0.387500000000 0.462500000000 -0.000017339733
0.387500000000 0.475000000000 -0.000017419881
0.387500000000 0.487500000000 -0.000017468231
0.387500000000 0.500000000000 -0.000017484394
0.387500000000 0.512500000000 -0.000017468231
0.387500000000 0.525000000000 -0.000017419881
0.387500000000 0.537500000000 -0.000017339733
0.387500000000 0.550000000000 -0.000017228397
0.387500000000 0.562500000000 -0.000017086645
0.387500000000 0.575000000000 -0.000016915359
0.387500000000 0.587500000000 -0.000016715489
0.387500000000 0.600000000000 -0.000016488015
0.387500000000 0.612500000000 -0.000016233930
0.387500000000 0.625000000000 -0.000015954222
0.387500000000 0.637500000000 -0.000015649866
0.387500000000 0.650000000000 -0.000015321822
0.387500000000 0.662500000000 -0.000014971027
0.387500000000 0.675000000000 -0.000014598402
0.387500000000 0.687500000000 -0.000014204852
0.387500000000 0.700000000000 -0.000013791260
0.387500000000 0.712500000000 -0.000013358497
0.387500000000 0.725000000000 -0.000012907422
0.387500000000 0.737500000000 -0.000012438885
0.387500000000 0.750000000000 -0.000011953724
0.387500000000 0.762500000000 -0.000011452768
0.387500000000 0.775000000000 -0.000010936841
0.387500000000 0.787500000000 -0.000010406755
0.387500000000 0.800000000000 -0.000009863320
0.387500000000 0.812500000000 -0.000009307342
0.387500000000 0.825000000000 -0.000008739618
0.387500000000 0.837500000000 -0.000008160948
0.387500000000 0.850000000000 -0.000007572126
0.387500000000 0.862500000000 -0.000006973941
0.387500000000 0.875000000000 -0.000006367179
0.387500000000 0.887500000000 -0.000005752627
0.387500000000 0.900000000000 -0.000005131069
0.387500000000 0.912500000000 -0.000004503288
0.387500000000 0.925000000000 -0.000003870062
0.387500000000 0.937500000000 -0.000003232174
0.387500000000 0.950000000000 -0.000002590401
0.387500000000 0.962500000000 -0.000001945519
0.387500000000 0.975000000000 -0.000001298307
0.387500000000 0.987500000000 -0.000000649542
0.387500000000 1.000000000000 0.000000000000

0.400000000000 0.000000000000 0.000000000000
0.400000000000 0.012500000000 -0.000000658844
0.400000000000 0.025000000000 -0.000001316901
0.400000000000 0.037500000000 -0.000001973390
0.400000000000 0.050000000000 -0.000002627528
0.400000000000 0.062500000000 -0.000003278526
0.400000000000 0.075000000000 -0.000003925602
0.400000000000 0.087500000000 -0.000004567970
0.400000000000 0.100000000000 -0.000005204843
0.400000000000 0.112500000000 -0.000005835434
0.400000000000 0.125000000000 -0.000006458953
0.400000000000 0.137500000000 -0.000007074608
0.400000000000 0.150000000000 -0.000007681607
0.400000000000 0.162500000000 -0.000008279157
0.400000000000 0.175000000000 -0.000008866464
0.400000000000 0.187500000000 -0.000009442726
0.400000000000 0.200000000000 -0.000010007139
0.400000000000 0.212500000000 -0.000010558899
0.400000000000 0.225000000000 -0.000011097197
0.400000000000 0.237500000000 -0.000011621217
0.400000000000 0.250000000000 -0.000012130140
0.400000000000 0.262500000000 -0.000012623139
0.400000000000 0.275000000000 -0.000013099380
0.400000000000 0.287500000000 -0.000013558018
0.400000000000 0.300000000000 -0.000013998200
0.400000000000 0.312500000000 -0.000014419060
0.400000000000 0.325000000000 -0.000014819721
0.400000000000 0.337500000000 -0.000015199289
0.400000000000 0.350000000000 -0.000015556850
0.400000000000 0.362500000000 -0.000015891468
0.400000000000 0.375000000000 -0.000016202186
0.400000000000 0.387500000000 -0.000016488015
0.400000000000 0.400000000000 -0.000016747945
0.400000000000 0.412500000000 -0.000016980936
0.400000000000 0.425000000000 -0.000017185933
0.400000000000 0.437500000000 -0.000017361868
0.400000000000 0.450000000000 -0.000017507687
0.400000000000 0.462500000000 -0.000017622386
0.400000000000 0.475000000000 -0.000017705064
0.400000000000 0.487500000000 -0.000017754992
0.400000000000 0.500000000000 -0.000017771691
0.400000000000 0.512500000000 -0.000017754992
0.400000000000 0.525000000000 -0.000017705064
0.400000000000 0.537500000000 -0.000017622386
0.400000000000 0.550000000000 -0.000017507687
0.400000000000 0.562500000000 -0.000017361868
0.400000000000 0.575000000000 -0.000017185933
0.400000000000 0.587500000000 -0.000016980936
0.400000000000 0.600000000000 -0.000016747945
0.400000000000 0.612500000000 -0.000016488015
0.400000000000 0.625000000000 -0.000016202186
0.400000000000 0.637500000000 -0.000015891468
0.400000000000 0.650000000000 -0.000015556850
0.400000000000 0.662500000000 -0.000015199289
0.400000000000 0.675000000000 -0.000014819721
0.400000000000 0.687500000000 -0.000014419060
0.400000000000 0.700000000000 -0.000013998200
0.400000000000 0.712500000000 -0.000013558018
0.400000000000 0.725000000000 -0.000013099380
0.400000000000 0.737500000000 -0.000012623139
0.400000000000 0.750000000000 -0.000012130140
0.400000000000 0.762500000000 -0.000011621217
0.400000000000 0.775000000000 -0.000011097197
0.400000000000 0.787500000000 -0.000010558899
0.400000000000 0.800000000000 -0.000010007139
0.400000000000 0.812500000000 -0.000009442726
0.400000000000 0.825000000000 -0.000008866464
0.400000000000 0.837500000000 -0.000008279157
0.400000000000 0.850000000000 -0.000007681607
0.400000000000 0.862500000000 -0.000007074608
0.400000000000 0.875000000000 -0.000006458953
0.400000000000 0.887500000000 -0.000005835434
0.400000000000 0.900000000000 -0.000005204843
0.400000000000 0.912500000000 -0.000004567970
0.400000000000 0.925000000000 -0.000003925602
0.400000000000 0.937500000000 -0.000003278526
0.400000000000 0.950000000000 -0.000002627528
0.400000000000 0.962500000000 -0.000001973390
0.400000000000 0.975000000000 -0.000001316901
0.400000000000 0.987500000000 -0.000000658844
0.400000000000 1.000000000000 0.000000000000

0.412500000000 0.000000000000 0.000000000000
0.412500000000 0.012500000000 -0.000000667098
0.412500000000 0.025000000000 -0.000001333404
0.412500000000 0.037500000000 -0.000001998131
0.412500000000 0.050000000000 -0.000002660484
0.412500000000 0.062500000000 -0.000003319673
0.412500000000 0.075000000000 -0.000003974908
0.412500000000 0.087500000000 -0.000004625394
0.412500000000 0.100000000000 -0.000005270341
0.412500000000 0.112500000000 -0.000005908956
0.412500000000 0.125000000000 -0.000006540441
0.412500000000 0.137500000000 -0.000007164002
0.412500000000 0.150000000000 -0.000007778838
0.412500000000 0.162500000000 -0.000008384153
0.412500000000 0.175000000000 -0.000008979144
0.412500000000 0.187500000000 -0.000009563007
0.412500000000 0.200000000000 -0.000010134935
0.412500000000 0.212500000000 -0.000010694118
0.412500000000 0.225000000000 -0.000011239742
0.412500000000 0.237500000000 -0.000011770989
0.412500000000 0.250000000000 -0.000012287035
0.412500000000 0.262500000000 -0.000012787051
0.412500000000 0.275000000000 -0.000013270200
0.412500000000 0.287500000000 -0.000013735634
0.412500000000 0.300000000000 -0.000014182498
0.412500000000 0.312500000000 -0.000014609923
0.412500000000 0.325000000000 -0.000015017028
0.412500000000 0.337500000000 -0.000015402914
0.412500000000 0.350000000000 -0.000015766662
0.412500000000 0.362500000000 -0.000016107328
0.412500000000 0.375000000000 -0.000016423939
0.412500000000 0.387500000000 -0.000016715489
0.412500000000 0.400000000000 -0.000016980936
0.412500000000 0.412500000000 -0.000017219200
0.412500000000 0.425000000000 -0.000017429165
0.412500000000 0.437500000000 -0.000017609677
0.412500000000 0.450000000000 -0.000017759570
0.412500000000 0.462500000000 -0.000017877698
0.412500000000 0.475000000000 -0.000017963000
0.412500000000 0.487500000000 -0.000018014586
0.412500000000 0.500000000000 -0.000018031855
0.412500000000 0.512500000000 -0.000018014586
0.412500000000 0.525000000000 -0.000017963000
0.412500000000 0.537500000000 -0.000017877698
0.412500000000 0.550000000000 -0.000017759570
0.412500000000 0.562500000000 -0.000017609677
0.412500000000 0.575000000000 -0.000017429165
0.412500000000 0.587500000000 -0.000017219200
0.412500000000 0.600000000000 -0.000016980936
0.412500000000 0.612500000000 -0.000016715489
0.412500000000 0.625000000000 -0.000016423939
0.412500000000 0.637500000000 -0.000016107328
0.412500000000 0.650000000000 -0.000015766662
0.412500000000 0.662500000000 -0.000015402914
0.412500000000 0.675000000000 -0.000015017028
0.412500000000 0.687500000000 -0.000014609923
0.412500000000 0.700000000000 -0.000014182498
0.412500000000 0.712500000000 -0.000013735634
0.412500000000 0.725000000000 -0.000013270200
0.412500000000 0.737500000000 -0.000012787051
0.412500000000 0.750000000000 -0.000012287035
0.412500000000 0.762500000000 -0.000011770989
0.412500000000 0.775000000000 -0.000011239742
0.412500000000 0.787500000000 -0.000010694118
0.412500000000 0.800000000000 -0.000010134935
0.412500000000 0.812500000000 -0.000009563007
0.412500000000 0.825000000000 -0.000008979144
0.412500000000 0.837500000000 -0.000008384153
0.412500000000 0.850000000000 -0.000007778838
0.412500000000 0.862500000000 -0.000007164002
0.412500000000 0.875000000000 -0.000006540441
0.412500000000 0.887500000000 -0.000005908956
0.412500000000 0.900000000000 -0.000005270341
0.412500000000 0.912500000000 -0.000004625394
0.412500000000 0.925000000000 -0.000003974908
0.412500000000 0.937500000000 -0.000003319673
0.412500000000 0.950000000000 -0.000002660484
0.412500000000 0.962500000000 -0.000001998131
0.412500000000 0.975000000000 -0.000001333404
0.412500000000 0.987500000000 -0.000000667098
0.412500000000 1.000000000000 0.000000000000

0.425000000000 0.000000000000 0.000000000000
0.425000000000 0.012500000000 -0.000000674290
0.425000000000 0.025000000000 -0.000001347784
0.425000000000 0.037500000000 -0.000002019686
0.425000000000 0.050000000000 -0.000002689198
0.425000000000 0.062500000000 -0.000003355524
0.425000000000 0.075000000000 -0.000004017867
0.425000000000 0.087500000000 -0.000004675430
0.425000000000 0.100000000000 -0.000005327417
0.425000000000 0.112500000000 -0.000005973026
0.425000000000 0.125000000000 -0.000006611460
0.425000000000 0.137500000000 -0.000007241916
0.425000000000 0.150000000000 -0.000007863591
0.425000000000 0.162500000000 -0.000008475683
0.425000000000 0.175000000000 -0.000009077384
0.425000000000 0.187500000000 -0.000009667888
0.425000000000 0.200000000000 -0.000010246384
0.425000000000 0.212500000000 -0.000010812059
0.425000000000 0.225000000000 -0.000011364097
0.425000000000 0.237500000000 -0.000011901676
0.425000000000 0.250000000000 -0.000012423971
0.425000000000 0.262500000000 -0.000012930149
0.425000000000 0.275000000000 -0.000013419374
0.425000000000 0.287500000000 -0.000013890799
0.425000000000 0.300000000000 -0.000014343565
0.425000000000 0.312500000000 -0.000014776805
0.425000000000 0.325000000000 -0.000015189636
0.425000000000 0.337500000000 -0.000015581162
0.425000000000 0.350000000000 -0.000015950460
0.425000000000 0.362500000000 -0.000016296584
0.425000000000 0.375000000000 -0.000016618556
0.425000000000 0.387500000000 -0.000016915359
0.425000000000 0.400000000000 -0.000017185933
0.425000000000 0.412500000000 -0.000017429165
0.425000000000 0.425000000000 -0.000017643887
0.425000000000 0.437500000000 -0.000017828870
0.425000000000 0.450000000000 -0.000017982831
0.425000000000 0.462500000000 -0.000018104469
0.425000000000 0.475000000000 -0.000018192522
0.425000000000 0.487500000000 -0.000018245884
0.425000000000 0.500000000000 -0.000018263769
0.425000000000 0.512500000000 -0.000018245884
0.425000000000 0.525000000000 -0.000018192522
0.425000000000 0.537500000000 -0.000018104469
0.425000000000 0.550000000000 -0.000017982831
0.425000000000 0.562500000000 -0.000017828870
0.425000000000 0.575000000000 -0.000017643887
0.425000000000 0.587500000000 -0.000017429165
0.425000000000 0.600000000000 -0.000017185933
0.425000000000 0.612500000000 -0.000016915359
0.425000000000 0.625000000000 -0.000016618556
0.425000000000 0.637500000000 -0.000016296584
0.425000000000 0.650000000000 -0.000015950460
0.425000000000 0.662500000000 -0.000015581162
0.425000000000 0.675000000000 -0.000015189636
0.425000000000 0.687500000000 -0.000014776805
0.425000000000 0.700000000000 -0.000014343565
0.425000000000 0.712500000000 -0.000013890799
0.425000000000 0.725000000000 -0.000013419374
0.425000000000 0.737500000000 -0.000012930149
0.425000000000 0.750000000000 -0.000012423971
0.425000000000 0.762500000000 -0.000011901676
0.425000000000 0.775000000000 -0.000011364097
0.425000000000 0.787500000000 -0.000010812059
0.425000000000 0.800000000000 -0.000010246384
0.425000000000 0.812500000000 -0.000009667888
0.425000000000 0.825000000000 -0.000009077384
0.425000000000 0.837500000000 -0.000008475683
0.425000000000 0.850000000000 -0.000007863591
0.425000000000 0.862500000000 -0.000007241916
0.425000000000 0.875000000000 -0.000006611460
0.425000000000 0.887500000000 -0.000005973026
0.425000000000 0.900000000000 -0.000005327417
0.425000000000 0.912500000000 -0.000004675430
0.425000000000 0.925000000000 -0.000004017867
0.425000000000 0.937500000000 -0.000003355524
0.425000000000 0.950000000000 -0.000002689198
0.425000000000 0.962500000000 -0.000002019686
0.425000000000 0.975000000000 -0.000001347784
0.425000000000 0.987500000000 -0.000000674290
0.425000000000 1.000000000000 0.000000000000

0.437500000000 0.000000000000 0.000000000000
0.437500000000 0.012500000000 -0.000000680403
0.437500000000 0.025000000000 -0.000001360005
0.437500000000 0.037500000000 -0.000002038006
0.437500000000 0.050000000000 -0.000002713604
0.437500000000 0.062500000000 -0.000003385997
0.437500000000 0.075000000000 -0.000004054385
0.437500000000 0.087500000000 -0.000004717966
0.437500000000 0.100000000000 -0.000005375939
0.437500000000 0.112500000000 -0.000006027499
0.437500000000 0.125000000000 -0.000006671844
0.437500000000 0.137500000000 -0.000007308167
0.437500000000 0.150000000000 -0.000007935662
0.437500000000 0.162500000000 -0.000008553524
0.437500000000 0.175000000000 -0.000009160941
0.437500000000 0.187500000000 -0.000009757104
0.437500000000 0.200000000000 -0.000010341199
0.437500000000 0.212500000000 -0.000010912413
0.437500000000 0.225000000000 -0.000011469924
0.437500000000 0.237500000000 -0.000012012913
0.437500000000 0.250000000000 -0.000012540552
0.437500000000 0.262500000000 -0.000013052007
0.437500000000 0.275000000000 -0.000013546443
0.437500000000 0.287500000000 -0.000014023012
0.437500000000 0.300000000000 -0.000014480860
0.437500000000 0.312500000000 -0.000014919119
0.437500000000 0.325000000000 -0.000015336911
0.437500000000 0.337500000000 -0.000015733339
0.437500000000 0.350000000000 -0.000016107488
0.437500000000 0.362500000000 -0.000016458413
0.437500000000 0.375000000000 -0.000016785137
0.437500000000 0.387500000000 -0.000017086645
0.437500000000 0.400000000000 -0.000017361868
0.437500000000 0.412500000000 -0.000017609677
0.437500000000 0.425000000000 -0.000017828870
0.437500000000 0.437500000000 -0.000018018153
0.437500000000 0.450000000000 -0.000018176145
0.437500000000 0.462500000000 -0.000018301373
0.437500000000 0.475000000000 -0.000018392341
0.437500000000 0.487500000000 -0.000018447645
0.437500000000 0.500000000000 -0.000018466221
0.437500000000 0.512500000000 -0.000018447645
0.437500000000 0.525000000000 -0.000018392341
0.437500000000 0.537500000000 -0.000018301373
0.437500000000 0.550000000000 -0.000018176145
0.437500000000 0.562500000000 -0.000018018153
0.437500000000 0.575000000000 -0.000017828870
0.437500000000 0.587500000000 -0.000017609677
0.437500000000 0.600000000000 -0.000017361868
0.437500000000 0.612500000000 -0.000017086645
0.437500000000 0.625000000000 -0.000016785137
0.437500000000 0.637500000000 -0.000016458413
0.437500000000 0.650000000000 -0.000016107488
0.437500000000 0.662500000000 -0.000015733339
0.437500000000 0.675000000000 -0.000015336911
0.437500000000 0.687500000000 -0.000014919119
0.437500000000 0.700000000000 -0.000014480860
0.437500000000 0.712500000000 -0.000014023012
0.437500000000 0.725000000000 -0.000013546443
0.437500000000 0.737500000000 -0.000013052007
0.437500000000 0.750000000000 -0.000012540552
0.437500000000 0.762500000000 -0.000012012913
0.437500000000 0.775000000000 -0.000011469924
0.437500000000 0.787500000000 -0.000010912413
0.437500000000 0.800000000000 -0.000010341199
0.437500000000 0.812500000000 -0.000009757104
0.437500000000 0.825000000000 -0.000009160941
0.437500000000 0.837500000000 -0.000008553524
0.437500000000 0.850000000000 -0.000007935662
0.437500000000 0.862500000000 -0.000007308167
0.437500000000 0.875000000000 -0.000006671844
0.437500000000 0.887500000000 -0.000006027499
0.437500000000 0.900000000000 -0.000005375939
0.437500000000 0.912500000000 -0.000004717966
0.437500000000 0.925000000000 -0.000004054385
0.437500000000 0.937500000000 -0.000003385997
0.437500000000 0.950000000000 -0.000002713604
0.437500000000 0.962500000000 -0.000002038006
0.437500000000 0.975000000000 -0.000001360005
0.437500000000 0.987500000000 -0.000000680403
0.437500000000 1.000000000000 0.000000000000

0.450000000000 0.000000000000 0.000000000000
0.450000000000 0.012500000000 -0.000000685423
0.450000000000 0.025000000000 -0.000001370041
0.450000000000 0.037500000000 -0.000002053051
0.450000000000 0.050000000000 -0.000002733648
0.450000000000 0.062500000000 -0.000003411023
0.450000000000 0.075000000000 -0.000004084379
0.450000000000 0.087500000000 -0.000004752905
0.450000000000 0.100000000000 -0.000005415796
0.450000000000 0.112500000000 -0.000006072246
0.450000000000 0.125000000000 -0.000006721449
0.450000000000 0.137500000000 -0.000007362596
0.450000000000 0.150000000000 -0.000007994876
0.450000000000 0.162500000000 -0.000008617484
0.450000000000 0.175000000000 -0.000009229604
0.450000000000 0.187500000000 -0.000009830423
0.450000000000 0.200000000000 -0.000010419128
0.450000000000 0.212500000000 -0.000010994904
0.450000000000 0.225000000000 -0.000011556928
0.450000000000 0.237500000000 -0.000012104380
0.450000000000 0.250000000000 -0.000012636431
0.450000000000 0.262500000000 -0.000013152249
0.450000000000 0.275000000000 -0.000013650997
0.450000000000 0.287500000000 -0.000014131831
0.450000000000 0.300000000000 -0.000014593900
0.450000000000 0.312500000000 -0.000015036340
0.450000000000 0.325000000000 -0.000015458274
0.450000000000 0.337500000000 -0.000015858813
0.450000000000 0.350000000000 -0.000016237048
0.450000000000 0.362500000000 -0.000016592043
0.450000000000 0.375000000000 -0.000016922829
0.450000000000 0.387500000000 -0.000017228397
0.450000000000 0.400000000000 -0.000017507687
0.450000000000 0.412500000000 -0.000017759570
0.450000000000 0.425000000000 -0.000017982831
0.450000000000 0.437500000000 -0.000018176145
0.450000000000 0.450000000000 -0.000018338047
0.450000000000 0.462500000000 -0.000018466916
0.450000000000 0.475000000000 -0.000018560989
0.450000000000 0.487500000000 -0.000018618475
0.450000000000 0.500000000000 -0.000018637862
0.450000000000 0.512500000000 -0.000018618475
0.450000000000 0.525000000000 -0.000018560989
0.450000000000 0.537500000000 -0.000018466916
0.450000000000 0.550000000000 -0.000018338047
0.450000000000 0.562500000000 -0.000018176145
0.450000000000 0.575000000000 -0.000017982831
0.450000000000 0.587500000000 -0.000017759570
0.450000000000 0.600000000000 -0.000017507687
0.450000000000 0.612500000000 -0.000017228397
0.450000000000 0.625000000000 -0.000016922829
0.450000000000 0.637500000000 -0.000016592043
0.450000000000 0.650000000000 -0.000016237048
0.450000000000 0.662500000000 -0.000015858813
0.450000000000 0.675000000000 -0.000015458274
0.450000000000 0.687500000000 -0.000015036340
0.450000000000 0.700000000000 -0.000014593900
0.450000000000 0.712500000000 -0.000014131831
0.450000000000 0.725000000000 -0.000013650997
0.450000000000 0.737500000000 -0.000013152249
0.450000000000 0.750000000000 -0.000012636431
0.450000000000 0.762500000000 -0.000012104380
0.450000000000 0.775000000000 -0.000011556928
0.450000000000 0.787500000000 -0.000010994904
0.450000000000 0.800000000000 -0.000010419128
0.450000000000 0.812500000000 -0.000009830423
0.450000000000 0.825000000000 -0.000009229604
0.450000000000 0.837500000000 -0.000008617484
0.450000000000 0.850000000000 -0.000007994876
0.450000000000 0.862500000000 -0.000007362596
0.450000000000 0.875000000000 -0.000006721449
0.450000000000 0.887500000000 -0.000006072246
0.450000000000 0.900000000000 -0.000005415796
0.450000000000 0.912500000000 -0.000004752905
0.450000000000 0.925000000000 -0.000004084379
0.450000000000 0.937500000000 -0.000003411023
0.450000000000 0.950000000000 -0.000002733648
0.450000000000 0.962500000000 -0.000002053051
0.450000000000 0.975000000000 -0.000001370041
0.450000000000 0.987500000000 -0.000000685423
0.450000000000 1.000000000000 0.000000000000

0.462500000000 0.000000000000 0.000000000000
0.462500000000 0.012500000000 -0.000000689340
0.462500000000 0.025000000000 -0.000001377872
0.462500000000 0.037500000000 -0.000002064788
0.462500000000 0.050000000000 -0.000002749284
0.462500000000 0.062500000000 -0.000003430550
0.462500000000 0.075000000000 -0.000004107779
0.462500000000 0.087500000000 -0.000004780164
0.462500000000 0.100000000000 -0.000005446894
0.462500000000 0.112500000000 -0.000006107161
0.462500000000 0.125000000000 -0.000006760156
0.462500000000 0.137500000000 -0.000007405069
0.462500000000 0.150000000000 -0.000008041088
0.462500000000 0.162500000000 -0.000008667401
0.462500000000 0.175000000000 -0.000009283195
0.462500000000 0.187500000000 -0.000009887654
0.462500000000 0.200000000000 -0.000010479964
0.462500000000 0.212500000000 -0.000011059307
0.462500000000 0.225000000000 -0.000011624863
0.462500000000 0.237500000000 -0.000012175810
0.462500000000 0.250000000000 -0.000012711318
0.462500000000 0.262500000000 -0.000013230557
0.462500000000 0.275000000000 -0.000013732691
0.462500000000 0.287500000000 -0.000014216879
0.462500000000 0.300000000000 -0.000014682272
0.462500000000 0.312500000000 -0.000015128011
0.462500000000 0.325000000000 -0.000015553224
0.462500000000 0.337500000000 -0.000015957029
0.462500000000 0.350000000000 -0.000016338524
0.462500000000 0.362500000000 -0.000016696784
0.462500000000 0.375000000000 -0.000017030851
0.462500000000 0.387500000000 -0.000017339733
0.462500000000 0.400000000000 -0.000017622386
0.462500000000 0.412500000000 -0.000017877698
0.462500000000 0.425000000000 -0.000018104469
0.462500000000 0.437500000000 -0.000018301373
0.462500000000 0.450000000000 -0.000018466916
0.462500000000 0.462500000000 -0.000018599372
0.462500000000 0.475000000000 -0.000018696734
0.462500000000 0.487500000000 -0.000018756735
0.462500000000 0.500000000000 -0.000018777148
0.462500000000 0.512500000000 -0.000018756735
0.462500000000 0.525000000000 -0.000018696734
0.462500000000 0.537500000000 -0.000018599372
0.462500000000 0.550000000000 -0.000018466916
0.462500000000 0.562500000000 -0.000018301373
0.462500000000 0.575000000000 -0.000018104469
0.462500000000 0.587500000000 -0.000017877698
0.462500000000 0.600000000000 -0.000017622386
0.462500000000 0.612500000000 -0.000017339733
0.462500000000 0.625000000000 -0.000017030851
0.462500000000 0.637500000000 -0.000016696784
0.462500000000 0.650000000000 -0.000016338524
0.462500000000 0.662500000000 -0.000015957029
0.462500000000 0.675000000000 -0.000015553224
0.462500000000 0.687500000000 -0.000015128011
0.462500000000 0.700000000000 -0.000014682272
0.462500000000 0.712500000000 -0.000014216879
0.462500000000 0.725000000000 -0.000013732691
0.462500000000 0.737500000000 -0.000013230557
0.462500000000 0.750000000000 -0.000012711318
0.462500000000 0.762500000000 -0.000012175810
0.462500000000 0.775000000000 -0.000011624863
0.462500000000 0.787500000000 -0.000011059307
0.462500000000 0.800000000000 -0.000010479964
0.462500000000 0.812500000000 -0.000009887654
0.462500000000 0.825000000000 -0.000009283195
0.462500000000 0.837500000000 -0.000008667401
0.462500000000 0.850000000000 -0.000008041088
0.462500000000 0.862500000000 -0.000007405069
0.462500000000 0.875000000000 -0.000006760156
0.462500000000 0.887500000000 -0.000006107161
0.462500000000 0.900000000000 -0.000005446894
0.462500000000 0.912500000000 -0.000004780164
0.462500000000 0.925000000000 -0.000004107779
0.462500000000 0.937500000000 -0.000003430550
0.462500000000 0.950000000000 -0.000002749284
0.462500000000 0.962500000000 -0.000002064788
0.462500000000 0.975000000000 -0.000001377872
0.462500000000 0.987500000000 -0.000000689340
0.462500000000 1.000000000000 0.000000000000

0.475000000000 0.000000000000 0.000000000000
0.475000000000 0.012500000000 -0.000000692144
0.475000000000 0.025000000000 -0.000001383478
0.475000000000 0.037500000000 -0.000002073193
0.475000000000 0.050000000000 -0.000002760480
0.475000000000 0.062500000000 -0.000003444529
0.475000000000 0.075000000000 -0.000004124533
0.475000000000 0.087500000000 -0.000004799680
0.475000000000 0.100000000000 -0.000005469159
0.475000000000 0.112500000000 -0.000006132160
0.475000000000 0.125000000000 -0.000006787872
0.475000000000 0.137500000000 -0.000007435483
0.475000000000 0.150000000000 -0.000008074180
0.475000000000 0.162500000000 -0.000008703148
0.475000000000 0.175000000000 -0.000009321574
0.475000000000 0.187500000000 -0.000009928643
0.475000000000 0.200000000000 -0.000010523538
0.475000000000 0.212500000000 -0.000011105441
0.475000000000 0.225000000000 -0.000011673532
0.475000000000 0.237500000000 -0.000012226987
0.475000000000 0.250000000000 -0.000012764978
0.475000000000 0.262500000000 -0.000013286677
0.475000000000 0.275000000000 -0.000013791249
0.475000000000 0.287500000000 -0.000014277853
0.475000000000 0.300000000000 -0.000014745643
0.475000000000 0.312500000000 -0.000015193765
0.475000000000 0.325000000000 -0.000015621352
0.475000000000 0.337500000000 -0.000016027528
0.475000000000 0.350000000000 -0.000016411399
0.475000000000 0.362500000000 -0.000016772049
0.475000000000 0.375000000000 -0.000017108535
0.475000000000 0.387500000000 -0.000017419881
0.475000000000 0.400000000000 -0.000017705064
0.475000000000 0.412500000000 -0.000017963000
0.475000000000 0.425000000000 -0.000018192522
0.475000000000 0.437500000000 -0.000018392341
0.475000000000 0.450000000000 -0.000018560989
0.475000000000 0.462500000000 -0.000018696734
0.475000000000 0.475000000000 -0.000018797433
0.475000000000 0.487500000000 -0.000018860354
0.475000000000 0.500000000000 -0.000018882203
0.475000000000 0.512500000000 -0.000018860354
0.475000000000 0.525000000000 -0.000018797433
0.475000000000 0.537500000000 -0.000018696734
0.475000000000 0.550000000000 -0.000018560989
0.475000000000 0.562500000000 -0.000018392341
0.475000000000 0.575000000000 -0.000018192522
0.475000000000 0.587500000000 -0.000017963000
0.475000000000 0.600000000000 -0.000017705064
0.475000000000 0.612500000000 -0.000017419881
0.475000000000 0.625000000000 -0.000017108535
0.475000000000 0.637500000000 -0.000016772049
0.475000000000 0.650000000000 -0.000016411399
0.475000000000 0.662500000000 -0.000016027528
0.475000000000 0.675000000000 -0.000015621352
0.475000000000 0.687500000000 -0.000015193765
0.475000000000 0.700000000000 -0.000014745643
0.475000000000 0.712500000000 -0.000014277853
0.475000000000 0.725000000000 -0.000013791249
0.475000000000 0.737500000000 -0.000013286677
0.475000000000 0.750000000000 -0.000012764978
0.475000000000 0.762500000000 -0.000012226987
0.475000000000 0.775000000000 -0.000011673532
0.475000000000 0.787500000000 -0.000011105441
0.475000000000 0.800000000000 -0.000010523538
0.475000000000 0.812500000000 -0.000009928643
0.475000000000 0.825000000000 -0.000009321574
0.475000000000 0.837500000000 -0.000008703148
0.475000000000 0.850000000000 -0.000008074180
0.475000000000 0.862500000000 -0.000007435483
0.475000000000 0.875000000000 -0.000006787872
0.475000000000 0.887500000000 -0.000006132160
0.475000000000 0.900000000000 -0.000005469159
0.475000000000 0.912500000000 -0.000004799680
0.475000000000 0.925000000000 -0.000004124533
0.475000000000 0.937500000000 -0.000003444529
0.475000000000 0.950000000000 -0.000002760480
0.475000000000 0.962500000000 -0.000002073193
0.475000000000 0.975000000000 -0.000001383478
0.475000000000 0.987500000000 -0.000000692144
0.475000000000 1.000000000000 0.000000000000

0.487500000000 0.000000000000 0.000000000000
0.487500000000 0.012500000000 -0.000000693829
0.487500000000 0.025000000000 -0.000001386845
0.487500000000 0.037500000000 -0.000002078243
0.487500000000 0.050000000000 -0.000002767208
0.487500000000 0.062500000000 -0.000003452930
0.487500000000 0.075000000000 -0.000004134600
0.487500000000 0.087500000000 -0.000004811408
0.487500000000 0.100000000000 -0.000005482539
0.487500000000 0.112500000000 -0.000006147183
0.487500000000 0.125000000000 -0.000006804528
0.487500000000 0.137500000000 -0.000007453762
0.487500000000 0.150000000000 -0.000008094069
0.487500000000 0.162500000000 -0.000008724635
0.487500000000 0.175000000000 -0.000009344643
0.487500000000 0.187500000000 -0.000009953281
0.487500000000 0.200000000000 -0.000010549732
0.487500000000 0.212500000000 -0.000011133175
0.487500000000 0.225000000000 -0.000011702791
0.487500000000 0.237500000000 -0.000012257755
0.487500000000 0.250000000000 -0.000012797243
0.487500000000 0.262500000000 -0.000013320424
0.487500000000 0.275000000000 -0.000013826465
0.487500000000 0.287500000000 -0.000014314527
0.487500000000 0.300000000000 -0.000014783765
0.487500000000 0.312500000000 -0.000015233328
0.487500000000 0.325000000000 -0.000015662354
0.487500000000 0.337500000000 -0.000016069969
0.487500000000 0.350000000000 -0.000016455286
0.487500000000 0.362500000000 -0.000016817395
0.487500000000 0.375000000000 -0.000017155364
0.487500000000 0.387500000000 -0.000017468231
0.487500000000 0.400000000000 -0.000017754992
0.487500000000 0.412500000000 -0.000018014586
0.487500000000 0.425000000000 -0.000018245884
0.487500000000 0.437500000000 -0.000018447645
0.487500000000 0.450000000000 -0.000018618475
0.487500000000 0.462500000000 -0.000018756735
0.487500000000 0.475000000000 -0.000018860354
0.487500000000 0.487500000000 -0.000018926436
0.487500000000 0.500000000000 -0.000018950512
0.487500000000 0.512500000000 -0.000018926436
0.487500000000 0.525000000000 -0.000018860354
0.487500000000 0.537500000000 -0.000018756735
0.487500000000 0.550000000000 -0.000018618475
0.487500000000 0.562500000000 -0.000018447645
0.487500000000 0.575000000000 -0.000018245884
0.487500000000 0.587500000000 -0.000018014586
0.487500000000 0.600000000000 -0.000017754992
0.487500000000 0.612500000000 -0.000017468231
0.487500000000 0.625000000000 -0.000017155364
0.487500000000 0.637500000000 -0.000016817395
0.487500000000 0.650000000000 -0.000016455286
0.487500000000 0.662500000000 -0.000016069969
0.487500000000 0.675000000000 -0.000015662354
0.487500000000 0.687500000000 -0.000015233328
0.487500000000 0.700000000000 -0.000014783765
0.487500000000 0.712500000000 -0.000014314527
0.487500000000 0.725000000000 -0.000013826465
0.487500000000 0.737500000000 -0.000013320424
0.487500000000 0.750000000000 -0.000012797243
0.487500000000 0.762500000000 -0.000012257755
0.487500000000 0.775000000000 -0.000011702791
0.487500000000 0.787500000000 -0.000011133175
0.487500000000 0.800000000000 -0.000010549732
0.487500000000 0.812500000000 -0.000009953281
0.487500000000 0.825000000000 -0.000009344643
0.487500000000 0.837500000000 -0.000008724635
0.487500000000 0.850000000000 -0.000008094069
0.487500000000 0.862500000000 -0.000007453762
0.487500000000 0.875000000000 -0.000006804528
0.487500000000 0.887500000000 -0.000006147183
0.487500000000 0.900000000000 -0.000005482539
0.487500000000 0.912500000000 -0.000004811408
0.487500000000 0.925000000000 -0.000004134600
0.487500000000 0.937500000000 -0.000003452930
0.487500000000 0.950000000000 -0.000002767208
0.487500000000 0.962500000000 -0.000002078243
0.487500000000 0.975000000000 -0.000001386845
0.487500000000 0.987500000000 -0.000000693829
0.487500000000 1.000000000000 0.000000000000

0.500000000000 0.000000000000 0.000000000000
0.500000000000 0.012500000000 -0.000000694391
0.500000000000 0.025000000000 -0.000001387969
0.500000000000 0.037500000000 -0.000002079928
0.500000000000 0.050000000000 -0.000002769453
0.500000000000 0.062500000000 -0.000003455733
0.500000000000 0.075000000000 -0.000004137960
0.500000000000 0.087500000000 -0.000004815321
0.500000000000 0.100000000000 -0.000005487003
0.500000000000 0.112500000000 -0.000006152195
0.500000000000 0.125000000000 -0.000006810084
0.500000000000 0.137500000000 -0.000007459859
0.500000000000 0.150000000000 -0.000008100705
0.500000000000 0.162500000000 -0.000008731802
0.500000000000 0.175000000000 -0.000009352339
0.500000000000 0.187500000000 -0.000009961501
0.500000000000 0.200000000000 -0.000010558472
0.500000000000 0.212500000000 -0.000011142428
0.500000000000 0.225000000000 -0.000011712553
0.500000000000 0.237500000000 -0.000012268022
0.500000000000 0.250000000000 -0.000012808010
0.500000000000 0.262500000000 -0.000013331685
0.500000000000 0.275000000000 -0.000013838217
0.500000000000 0.287500000000 -0.000014326766
0.500000000000 0.300000000000 -0.000014796489
0.500000000000 0.312500000000 -0.000015246535
0.500000000000 0.325000000000 -0.000015676043
0.500000000000 0.337500000000 -0.000016084140
0.500000000000 0.350000000000 -0.000016469943
0.500000000000 0.362500000000 -0.000016832543
0.500000000000 0.375000000000 -0.000017171013
0.500000000000 0.387500000000 -0.000017484394
0.500000000000 0.400000000000 -0.000017771691
0.500000000000 0.412500000000 -0.000018031855
0.500000000000 0.425000000000 -0.000018263769
0.500000000000 0.437500000000 -0.000018466221
0.500000000000 0.450000000000 -0.000018637862
0.500000000000 0.462500000000 -0.000018777148
0.500000000000 0.475000000000 -0.000018882203
0.500000000000 0.487500000000 -0.000018950512
0.500000000000 0.500000000000 -0.000018977654
0.500000000000 0.512500000000 -0.000018950512
0.500000000000 0.525000000000 -0.000018882203
0.500000000000 0.537500000000 -0.000018777148
0.500000000000 0.550000000000 -0.000018637862
0.500000000000 0.562500000000 -0.000018466221
0.500000000000 0.575000000000 -0.000018263769
0.500000000000 0.587500000000 -0.000018031855
0.500000000000 0.600000000000 -0.000017771691
0.500000000000 0.612500000000 -0.000017484394
0.500000000000 0.625000000000 -0.000017171013
0.500000000000 0.637500000000 -0.000016832543
0.500000000000 0.650000000000 -0.000016469943
0.500000000000 0.662500000000 -0.000016084140
0.500000000000 0.675000000000 -0.000015676043
0.500000000000 0.687500000000 -0.000015246535
0.500000000000 0.700000000000 -0.000014796489
0.500000000000 0.712500000000 -0.000014326766
0.500000000000 0.725000000000 -0.000013838217
0.500000000000 0.737500000000 -0.000013331685
0.500000000000 0.750000000000 -0.000012808010
0.500000000000 0.762500000000 -0.000012268022
0.500000000000 0.775000000000 -0.000011712553
0.500000000000 0.787500000000 -0.000011142428
0.500000000000 0.800000000000 -0.000010558472
0.500000000000 0.812500000000 -0.000009961501
0.500000000000 0.825000000000 -0.000009352339
0.500000000000 0.837500000000 -0.000008731802
0.500000000000 0.850000000000 -0.000008100705
0.500000000000 0.862500000000 -0.000007459859
0.500000000000 0.875000000000 -0.000006810084
0.500000000000 0.887500000000 -0.000006152195
0.500000000000 0.900000000000 -0.000005487003
0.500000000000 0.912500000000 -0.000004815321
0.500000000000 0.925000000000 -0.000004137960
0.500000000000 0.937500000000 -0.000003455733
0.500000000000 0.950000000000 -0.000002769453
0.500000000000 0.962500000000 -0.000002079928
0.500000000000 0.975000000000 -0.000001387969
0.500000000000 0.987500000000 -0.000000694391
0.500000000000 1.000000000000 0.000000000000

0.512500000000 0.000000000000 0.000000000000
0.512500000000 0.012500000000 -0.000000693829
0.512500000000 0.025000000000 -0.000001386845
0.512500000000 0.037500000000 -0.000002078243
0.512500000000 0.050000000000 -0.000002767208
0.512500000000 0.062500000000 -0.000003452930
0.512500000000 0.075000000000 -0.000004134600
0.512500000000 0.087500000000 -0.000004811408
0.512500000000 0.100000000000 -0.000005482539
0.512500000000 0.112500000000 -0.000006147183
0.512500000000 0.125000000000 -0.000006804528
0.512500000000 0.137500000000 -0.000007453762
0.512500000000 0.150000000000 -0.000008094069
0.512500000000 0.162500000000 -0.000008724635
0.512500000000 0.175000000000 -0.000009344643
0.512500000000 0.187500000000 -0.000009953281
0.512500000000 0.200000000000 -0.000010549732
0.512500000000 0.212500000000 -0.000011133175
0.512500000000 0.225000000000 -0.000011702791
0.512500000000 0.237500000000 -0.000012257755
0.512500000000 0.250000000000 -0.000012797243
0.512500000000 0.262500000000 -0.000013320424
0.512500000000 0.275000000000 -0.000013826465
0.512500000000 0.287500000000 -0.000014314527
0.512500000000 0.300000000000 -0.000014783765
0.512500000000 0.312500000000 -0.000015233328
0.512500000000 0.325000000000 -0.000015662354
0.512500000000 0.337500000000 -0.000016069969
0.512500000000 0.350000000000 -0.000016455286
0.512500000000 0.362500000000 -0.000016817395
0.512500000000 0.375000000000 -0.000017155364
0.512500000000 0.387500000000 -0.000017468231
0.512500000000 0.400000000000 -0.000017754992
0.512500000000 0.412500000000 -0.000018014586
0.512500000000 0.425000000000 -0.000018245884
0.512500000000 0.437500000000 -0.000018447645
0.512500000000 0.450000000000 -0.000018618475
0.512500000000 0.462500000000 -0.000018756735
0.512500000000 0.475000000000 -0.000018860354
0.512500000000 0.487500000000 -0.000018926436
0.512500000000 0.500000000000 -0.000018950512
0.512500000000 0.512500000000 -0.000018926436
0.512500000000 0.525000000000 -0.000018860354
0.512500000000 0.537500000000 -0.000018756735
0.512500000000 0.550000000000 -0.000018618475
0.512500000000 0.562500000000 -0.000018447645
0.512500000000 0.575000000000 -0.000018245884
0.512500000000 0.587500000000 -0.000018014586
0.512500000000 0.600000000000 -0.000017754992
0.512500000000 0.612500000000 -0.000017468231
0.512500000000 0.625000000000 -0.000017155364
0.512500000000 0.637500000000 -0.000016817395
0.512500000000 0.650000000000 -0.000016455286
0.512500000000 0.662500000000 -0.000016069969
0.512500000000 0.675000000000 -0.000015662354
0.512500000000 0.687500000000 -0.000015233328
0.512500000000 0.700000000000 -0.000014783765
0.512500000000 0.712500000000 -0.000014314527
0.512500000000 0.725000000000 -0.000013826465
0.512500000000 0.737500000000 -0.000013320424
0.512500000000 0.750000000000 -0.000012797243
0.512500000000 0.762500000000 -0.000012257755
0.512500000000 0.775000000000 -0.000011702791
0.512500000000 0.787500000000 -0.000011133175
0.512500000000 0.800000000000 -0.000010549732
0.512500000000 0.812500000000 -0.000009953281
0.512500000000 0.825000000000 -0.000009344643
0.512500000000 0.837500000000 -0.000008724635
0.512500000000 0.850000000000 -0.000008094069
0.512500000000 0.862500000000 -0.000007453762
0.512500000000 0.875000000000 -0.000006804528
0.512500000000 0.887500000000 -0.000006147183
0.512500000000 0.900000000000 -0.000005482539
0.512500000000 0.912500000000 -0.000004811408
0.512500000000 0.925000000000 -0.000004134600
0.512500000000 0.937500000000 -0.000003452930
0.512500000000 0.950000000000 -0.000002767208
0.512500000000 0.962500000000 -0.000002078243
0.512500000000 0.975000000000 -0.000001386845
0.512500000000 0.987500000000 -0.000000693829
0.512500000000 1.000000000000 0.000000000000

0.525000000000 0.000000000000 0.000000000000
0.525000000000 0.012500000000 -0.000000692144
0.525000000000 0.025000000000 -0.000001383478
0.525000000000 0.037500000000 -0.000002073193
0.525000000000 0.050000000000 -0.000002760480
0.525000000000 0.062500000000 -0.000003444529
0.525000000000 0.075000000000 -0.000004124533
0.525000000000 0.087500000000 -0.000004799680
0.525000000000 0.100000000000 -0.000005469159
0.525000000000 0.112500000000 -0.000006132160
0.525000000000 0.125000000000 -0.000006787872
0.525000000000 0.137500000000 -0.000007435483
0.525000000000 0.150000000000 -0.000008074180
0.525000000000 0.162500000000 -0.000008703148
0.525000000000 0.175000000000 -0.000009321574
0.525000000000 0.187500000000 -0.000009928643
0.525000000000 0.200000000000 -0.000010523538
0.525000000000 0.212500000000 -0.000011105441
0.525000000000 0.225000000000 -0.000011673532
0.525000000000 0.237500000000 -0.000012226987
0.525000000000 0.250000000000 -0.000012764978
0.525000000000 0.262500000000 -0.000013286677
0.525000000000 0.275000000000 -0.000013791249
0.525000000000 0.287500000000 -0.000014277853
0.525000000000 0.300000000000 -0.000014745643
0.525000000000 0.312500000000 -0.000015193765
0.525000000000 0.325000000000 -0.000015621352
0.525000000000 0.337500000000 -0.000016027528
0.525000000000 0.350000000000 -0.000016411399
0.525000000000 0.362500000000 -0.000016772049
0.525000000000 0.375000000000 -0.000017108535
0.525000000000 0.387500000000 -0.000017419881
0.525000000000 0.400000000000 -0.000017705064
0.525000000000 0.412500000000 -0.000017963000
0.525000000000 0.425000000000 -0.000018192522
0.525000000000 0.437500000000 -0.000018392341
0.525000000000 0.450000000000 -0.000018560989
0.525000000000 0.462500000000 -0.000018696734
0.525000000000 0.475000000000 -0.000018797433
0.525000000000 0.487500000000 -0.000018860354
0.525000000000 0.500000000000 -0.000018882203
0.525000000000 0.512500000000 -0.000018860354
0.525000000000 0.525000000000 -0.000018797433
0.525000000000 0.537500000000 -0.000018696734
0.525000000000 0.550000000000 -0.000018560989
0.525000000000 0.562500000000 -0.000018392341
0.525000000000 0.575000000000 -0.000018192522
0.525000000000 0.587500000000 -0.000017963000
0.525000000000 0.600000000000 -0.000017705064
0.525000000000 0.612500000000 -0.000017419881
0.525000000000 0.625000000000 -0.000017108535
0.525000000000 0.637500000000 -0.000016772049
0.525000000000 0.650000000000 -0.000016411399
0.525000000000 0.662500000000 -0.000016027528
0.525000000000 0.675000000000 -0.000015621352
0.525000000000 0.687500000000 -0.000015193765
0.525000000000 0.700000000000 -0.000014745643
0.525000000000 0.712500000000 -0.000014277853
0.525000000000 0.725000000000 -0.000013791249
0.525000000000 0.737500000000 -0.000013286677
0.525000000000 0.750000000000 -0.000012764978
0.525000000000 0.762500000000 -0.000012226987
0.525000000000 0.775000000000 -0.000011673532
0.525000000000 0.787500000000 -0.000011105441
0.525000000000 0.800000000000 -0.000010523538
0.525000000000 0.812500000000 -0.000009928643
0.525000000000 0.825000000000 -0.000009321574
0.525000000000 0.837500000000 -0.000008703148
0.525000000000 0.850000000000 -0.000008074180
0.525000000000 0.862500000000 -0.000007435483
0.525000000000 0.875000000000 -0.000006787872
0.525000000000 0.887500000000 -0.000006132160
0.525000000000 0.900000000000 -0.000005469159
0.525000000000 0.912500000000 -0.000004799680
0.525000000000 0.925000000000 -0.000004124533
0.525000000000 0.937500000000 -0.000003444529
0.525000000000 0.950000000000 -0.000002760480
0.525000000000 0.962500000000 -0.000002073193
0.525000000000 0.975000000000 -0.000001383478
0.525000000000 0.987500000000 -0.000000692144
0.525000000000 1.000000000000 0.000000000000

0.537500000000 0.000000000000 0.000000000000
0.537500000000 0.012500000000 -0.000000689340
0.537500000000 0.025000000000 -0.000001377872
0.537500000000 0.037500000000 -0.000002064788
0.537500000000 0.050000000000 -0.000002749284
0.537500000000 0.062500000000 -0.000003430550
0.537500000000 0.075000000000 -0.000004107779
0.537500000000 0.087500000000 -0.000004780164
0.537500000000 0.100000000000 -0.000005446894
0.537500000000 0.112500000000 -0.000006107161
0.537500000000 0.125000000000 -0.000006760156
0.537500000000 0.137500000000 -0.000007405069
0.537500000000 0.150000000000 -0.000008041088
0.537500000000 0.162500000000 -0.000008667401
0.537500000000 0.175000000000 -0.000009283195
0.537500000000 0.187500000000 -0.000009887654
0.537500000000 0.200000000000 -0.000010479964
0.537500000000 0.212500000000 -0.000011059307
0.537500000000 0.225000000000 -0.000011624863
0.537500000000 0.237500000000 -0.000012175810
0.537500000000 0.250000000000 -0.000012711318
0.537500000000 0.262500000000 -0.000013230557
0.537500000000 0.275000000000 -0.000013732691
0.537500000000 0.287500000000 -0.000014216879
0.537500000000 0.300000000000 -0.000014682272
0.537500000000 0.312500000000 -0.000015128011
0.537500000000 0.325000000000 -0.000015553224
0.537500000000 0.337500000000 -0.000015957029
0.537500000000 0.350000000000 -0.000016338524
0.537500000000 0.362500000000 -0.000016696784
0.537500000000 0.375000000000 -0.000017030851
0.537500000000 0.387500000000 -0.000017339733
0.537500000000 0.400000000000 -0.000017622386
0.537500000000 0.412500000000 -0.000017877698
0.537500000000 0.425000000000 -0.000018104469
0.537500000000 0.437500000000 -0.000018301373
0.537500000000 0.450000000000 -0.000018466916
0.537500000000 0.462500000000 -0.000018599372
0.537500000000 0.475000000000 -0.000018696734
0.537500000000 0.487500000000 -0.000018756735
0.537500000000 0.500000000000 -0.000018777148
0.537500000000 0.512500000000 -0.000018756735
0.537500000000 0.525000000000 -0.000018696734
0.537500000000 0.537500000000 -0.000018599372
0.537500000000 0.550000000000 -0.000018466916
0.537500000000 0.562500000000 -0.000018301373
0.537500000000 0.575000000000 -0.000018104469
0.537500000000 0.587500000000 -0.000017877698
0.537500000000 0.600000000000 -0.000017622386
0.537500000000 0.612500000000 -0.000017339733
0.537500000000 0.625000000000 -0.000017030851
0.537500000000 0.637500000000 -0.000016696784
0.537500000000 0.650000000000 -0.000016338524
0.537500000000 0.662500000000 -0.000015957029
0.537500000000 0.675000000000 -0.000015553224
0.537500000000 0.687500000000 -0.000015128011
0.537500000000 0.700000000000 -0.000014682272
0.537500000000 0.712500000000 -0.000014216879
0.537500000000 0.725000000000 -0.000013732691
0.537500000000 0.737500000000 -0.000013230557
0.537500000000 0.750000000000 -0.000012711318
0.537500000000 0.762500000000 -0.000012175810
0.537500000000 0.775000000000 -0.000011624863
0.537500000000 0.787500000000 -0.000011059307
0.537500000000 0.800000000000 -0.000010479964
0.537500000000 0.812500000000 -0.000009887654
0.537500000000 0.825000000000 -0.000009283195
0.537500000000 0.837500000000 -0.000008667401
0.537500000000 0.850000000000 -0.000008041088
0.537500000000 0.862500000000 -0.000007405069
0.537500000000 0.875000000000 -0.000006760156
0.537500000000 0.887500000000 -0.000006107161
0.537500000000 0.900000000000 -0.000005446894
0.537500000000 0.912500000000 -0.000004780164
0.537500000000 0.925000000000 -0.000004107779
0.537500000000 0.937500000000 -0.000003430550
0.537500000000 0.950000000000 -0.000002749284
0.537500000000 0.962500000000 -0.000002064788
0.537500000000 0.975000000000 -0.000001377872
0.537500000000 0.987500000000 -0.000000689340
0.537500000000 1.000000000000 0.000000000000

0.550000000000 0.000000000000 0.000000000000
0.550000000000 0.012500000000 -0.000000685423
0.550000000000 0.025000000000 -0.000001370041
0.550000000000 0.037500000000 -0.000002053051
0.550000000000 0.050000000000 -0.000002733648
0.550000000000 0.062500000000 -0.000003411023
0.550000000000 0.075000000000 -0.000004084379
0.550000000000 0.087500000000 -0.000004752905
0.550000000000 0.100000000000 -0.000005415796
0.550000000000 0.112500000000 -0.000006072246
0.550000000000 0.125000000000 -0.000006721449
0.550000000000 0.137500000000 -0.000007362596
0.550000000000 0.150000000000 -0.000007994876
0.550000000000 0.162500000000 -0.000008617484
0.550000000000 0.175000000000 -0.000009229604
0.550000000000 0.187500000000 -0.000009830423
0.550000000000 0.200000000000 -0.000010419128
0.550000000000 0.212500000000 -0.000010994904
0.550000000000 0.225000000000 -0.000011556928
0.550000000000 0.237500000000 -0.000012104380
0.550000000000 0.250000000000 -0.000012636431
0.550000000000 0.262500000000 -0.000013152249
0.550000000000 0.275000000000 -0.000013650997
0.550000000000 0.287500000000 -0.000014131831
0.550000000000 0.300000000000 -0.000014593900
0.550000000000 0.312500000000 -0.000015036340
0.550000000000 0.325000000000 -0.000015458274
0.550000000000 0.337500000000 -0.000015858813
0.550000000000 0.350000000000 -0.000016237048
0.550000000000 0.362500000000 -0.000016592043
0.550000000000 0.375000000000 -0.000016922829
0.550000000000 0.387500000000 -0.000017228397
0.550000000000 0.400000000000 -0.000017507687
0.550000000000 0.412500000000 -0.000017759570
0.550000000000 0.425000000000 -0.000017982831
0.550000000000 0.437500000000 -0.000018176145
0.550000000000 0.450000000000 -0.000018338047
0.550000000000 0.462500000000 -0.000018466916
0.550000000000 0.475000000000 -0.000018560989
0.550000000000 0.487500000000 -0.000018618475
0.550000000000 0.500000000000 -0.000018637862
0.550000000000 0.512500000000 -0.000018618475
0.550000000000 0.525000000000 -0.000018560989
0.550000000000 0.537500000000 -0.000018466916
0.550000000000 0.550000000000 -0.000018338047
0.550000000000 0.562500000000 -0.000018176145
0.550000000000 0.575000000000 -0.000017982831
0.550000000000 0.587500000000 -0.000017759570
0.550000000000 0.600000000000 -0.000017507687
0.550000000000 0.612500000000 -0.000017228397
0.550000000000 0.625000000000 -0.000016922829
0.550000000000 0.637500000000 -0.000016592043
0.550000000000 0.650000000000 -0.000016237048
0.550000000000 0.662500000000 -0.000015858813
0.550000000000 0.675000000000 -0.000015458274
0.550000000000 0.687500000000 -0.000015036340
0.550000000000 0.700000000000 -0.000014593900
0.550000000000 0.712500000000 -0.000014131831
0.550000000000 0.725000000000 -0.000013650997
0.550000000000 0.737500000000 -0.000013152249
0.550000000000 0.750000000000 -0.000012636431
0.550000000000 0.762500000000 -0.000012104380
0.550000000000 0.775000000000 -0.000011556928
0.550000000000 0.787500000000 -0.000010994904
0.550000000000 0.800000000000 -0.000010419128
0.550000000000 0.812500000000 -0.000009830423
0.550000000000 0.825000000000 -0.000009229604
0.550000000000 0.837500000000 -0.000008617484
0.550000000000 0.850000000000 -0.000007994876
0.550000000000 0.862500000000 -0.000007362596
0.550000000000 0.875000000000 -0.000006721449
0.550000000000 0.887500000000 -0.000006072246
0.550000000000 0.900000000000 -0.000005415796
0.550000000000 0.912500000000 -0.000004752905
0.550000000000 0.925000000000 -0.000004084379
0.550000000000 0.937500000000 -0.000003411023
0.550000000000 0.950000000000 -0.000002733648
0.550000000000 0.962500000000 -0.000002053051
0.550000000000 0.975000000000 -0.000001370041
0.550000000000 0.987500000000 -0.000000685423
0.550000000000 1.000000000000 0.000000000000

0.562500000000 0.000000000000 0.000000000000
0.562500000000 0.012500000000 -0.000000680403
0.562500000000 0.025000000000 -0.000001360005
0.562500000000 0.037500000000 -0.000002038006
0.562500000000 0.050000000000 -0.000002713604
0.562500000000 0.062500000000 -0.000003385997
0.562500000000 0.075000000000 -0.000004054385
0.562500000000 0.087500000000 -0.000004717966
0.562500000000 0.100000000000 -0.000005375939
0.562500000000 0.112500000000 -0.000006027499
0.562500000000 0.125000000000 -0.000006671844
0.562500000000 0.137500000000 -0.000007308167
0.562500000000 0.150000000000 -0.000007935662
0.562500000000 0.162500000000 -0.000008553524
0.562500000000 0.175000000000 -0.000009160941
0.562500000000 0.187500000000 -0.000009757104
0.562500000000 0.200000000000 -0.000010341199
0.562500000000 0.212500000000 -0.000010912413
0.562500000000 0.225000000000 -0.000011469924
0.562500000000 0.237500000000 -0.000012012913
0.562500000000 0.250000000000 -0.000012540552
0.562500000000 0.262500000000 -0.000013052007
0.562500000000 0.275000000000 -0.000013546443
0.562500000000 0.287500000000 -0.000014023012
0.562500000000 0.300000000000 -0.000014480860
0.562500000000 0.312500000000 -0.000014919119
0.562500000000 0.325000000000 -0.000015336911
0.562500000000 0.337500000000 -0.000015733339
0.562500000000 0.350000000000 -0.000016107488
0.562500000000 0.362500000000 -0.000016458413
0.562500000000 0.375000000000 -0.000016785137
0.562500000000 0.387500000000 -0.000017086645
0.562500000000 0.400000000000 -0.000017361868
0.562500000000 0.412500000000 -0.000017609677
0.562500000000 0.425000000000 -0.000017828870
0.562500000000 0.437500000000 -0.000018018153
0.562500000000 0.450000000000 -0.000018176145
0.562500000000 0.462500000000 -0.000018301373
0.562500000000 0.475000000000 -0.000018392341
0.562500000000 0.487500000000 -0.000018447645
0.562500000000 0.500000000000 -0.000018466221
0.562500000000 0.512500000000 -0.000018447645
0.562500000000 0.525000000000 -0.000018392341
0.562500000000 0.537500000000 -0.000018301373
0.562500000000 0.550000000000 -0.000018176145
0.562500000000 0.562500000000 -0.000018018153
0.562500000000 0.575000000000 -0.000017828870
0.562500000000 0.587500000000 -0.000017609677
0.562500000000 0.600000000000 -0.000017361868
0.562500000000 0.612500000000 -0.000017086645
0.562500000000 0.625000000000 -0.000016785137
0.562500000000 0.637500000000 -0.000016458413
0.562500000000 0.650000000000 -0.000016107488
0.562500000000 0.662500000000 -0.000015733339
0.562500000000 0.675000000000 -0.000015336911
0.562500000000 0.687500000000 -0.000014919119
0.562500000000 0.700000000000 -0.000014480860
0.562500000000 0.712500000000 -0.000014023012
0.562500000000 0.725000000000 -0.000013546443
0.562500000000 0.737500000000 -0.000013052007
0.562500000000 0.750000000000 -0.000012540552
0.562500000000 0.762500000000 -0.000012012913
0.562500000000 0.775000000000 -0.000011469924
0.562500000000 0.787500000000 -0.000010912413
0.562500000000 0.800000000000 -0.000010341199
0.562500000000 0.812500000000 -0.000009757104
0.562500000000 0.825000000000 -0.000009160941
0.562500000000 0.837500000000 -0.000008553524
0.562500000000 0.850000000000 -0.000007935662
0.562500000000 0.862500000000 -0.000007308167
0.562500000000 0.875000000000 -0.000006671844
0.562500000000 0.887500000000 -0.000006027499
0.562500000000 0.900000000000 -0.000005375939
0.562500000000 0.912500000000 -0.000004717966
0.562500000000 0.925000000000 -0.000004054385
0.562500000000 0.937500000000 -0.000003385997
0.562500000000 0.950000000000 -0.000002713604
0.562500000000 0.962500000000 -0.000002038006
0.562500000000 0.975000000000 -0.000001360005
0.562500000000 0.987500000000 -0.000000680403
0.562500000000 1.000000000000 0.000000000000

0.575000000000 0.000000000000 0.000000000000
0.575000000000 0.012500000000 -0.000000674290
0.575000000000 0.025000000000 -0.000001347784
0.575000000000 0.037500000000 -0.000002019686
0.575000000000 0.050000000000 -0.000002689198
0.575000000000 0.062500000000 -0.000003355524
0.575000000000 0.075000000000 -0.000004017867
0.575000000000 0.087500000000 -0.000004675430
0.575000000000 0.100000000000 -0.000005327417
0.575000000000 0.112500000000 -0.000005973026
0.575000000000 0.125000000000 -0.000006611460
0.575000000000 0.137500000000 -0.000007241916
0.575000000000 0.150000000000 -0.000007863591
0.575000000000 0.162500000000 -0.000008475683
0.575000000000 0.175000000000 -0.000009077384
0.575000000000 0.187500000000 -0.000009667888
0.575000000000 0.200000000000 -0.000010246384
0.575000000000 0.212500000000 -0.000010812059
0.575000000000 0.225000000000 -0.000011364097
0.575000000000 0.237500000000 -0.000011901676
0.575000000000 0.250000000000 -0.000012423971
0.575000000000 0.262500000000 -0.000012930149
0.575000000000 0.275000000000 -0.000013419374
0.575000000000 0.287500000000 -0.000013890799
0.575000000000 0.300000000000 -0.000014343565
0.575000000000 0.312500000000 -0.000014776805
0.575000000000 0.325000000000 -0.000015189636
0.575000000000 0.337500000000 -0.000015581162
0.575000000000 0.350000000000 -0.000015950460
0.575000000000 0.362500000000 -0.000016296584
0.575000000000 0.375000000000 -0.000016618556
0.575000000000 0.387500000000 -0.000016915359
0.575000000000 0.400000000000 -0.000017185933
0.575000000000 0.412500000000 -0.000017429165
0.575000000000 0.425000000000 -0.000017643887
0.575000000000 0.437500000000 -0.000017828870
0.575000000000 0.450000000000 -0.000017982831
0.575000000000 0.462500000000 -0.000018104469
0.575000000000 0.475000000000 -0.000018192522
0.575000000000 0.487500000000 -0.000018245884
0.575000000000 0.500000000000 -0.000018263769
0.575000000000 0.512500000000 -0.000018245884
0.575000000000 0.525000000000 -0.000018192522
0.575000000000 0.537500000000 -0.000018104469
0.575000000000 0.550000000000 -0.000017982831
0.575000000000 0.562500000000 -0.000017828870
0.575000000000 0.575000000000 -0.000017643887
0.575000000000 0.587500000000 -0.000017429165
0.575000000000 0.600000000000 -0.000017185933
0.575000000000 0.612500000000 -0.000016915359
0.575000000000 0.625000000000 -0.000016618556
0.575000000000 0.637500000000 -0.000016296584
0.575000000000 0.650000000000 -0.000015950460
0.575000000000 0.662500000000 -0.000015581162
0.575000000000 0.675000000000 -0.000015189636
0.575000000000 0.687500000000 -0.000014776805
0.575000000000 0.700000000000 -0.000014343565
0.575000000000 0.712500000000 -0.000013890799
0.575000000000 0.725000000000 -0.000013419374
0.575000000000 0.737500000000 -0.000012930149
0.575000000000 0.750000000000 -0.000012423971
0.575000000000 0.762500000000 -0.000011901676
0.575000000000 0.775000000000 -0.000011364097
0.575000000000 0.787500000000 -0.000010812059
0.575000000000 0.800000000000 -0.000010246384
0.575000000000 0.812500000000 -0.000009667888
0.575000000000 0.825000000000 -0.000009077384
0.575000000000 0.837500000000 -0.000008475683
0.575000000000 0.850000000000 -0.000007863591
0.575000000000 0.862500000000 -0.000007241916
0.575000000000 0.875000000000 -0.000006611460
0.575000000000 0.887500000000 -0.000005973026
0.575000000000 0.900000000000 -0.000005327417
0.575000000000 0.912500000000 -0.000004675430
0.575000000000 0.925000000000 -0.000004017867
0.575000000000 0.937500000000 -0.000003355524
0.575000000000 0.950000000000 -0.000002689198
0.575000000000 0.962500000000 -0.000002019686
0.575000000000 0.975000000000 -0.000001347784
0.575000000000 0.987500000000 -0.000000674290
0.575000000000 1.000000000000 0.000000000000

0.587500000000 0.000000000000 0.000000000000
0.587500000000 0.012500000000 -0.000000667098
0.587500000000 0.025000000000 -0.000001333404
0.587500000000 0.037500000000 -0.000001998131
0.587500000000 0.050000000000 -0.000002660484
0.587500000000 0.062500000000 -0.000003319673
0.587500000000 0.075000000000 -0.000003974908
0.587500000000 0.087500000000 -0.000004625394
0.587500000000 0.100000000000 -0.000005270341
0.587500000000 0.112500000000 -0.000005908956
0.587500000000 0.125000000000 -0.000006540441
0.587500000000 0.137500000000 -0.000007164002
0.587500000000 0.150000000000 -0.000007778838
0.587500000000 0.162500000000 -0.000008384153
0.587500000000 0.175000000000 -0.000008979144
0.587500000000 0.187500000000 -0.000009563007
0.587500000000 0.200000000000 -0.000010134935
0.587500000000 0.212500000000 -0.000010694118
0.587500000000 0.225000000000 -0.000011239742
0.587500000000 0.237500000000 -0.000011770989
0.587500000000 0.250000000000 -0.000012287035
0.587500000000 0.262500000000 -0.000012787051
0.587500000000 0.275000000000 -0.000013270200
0.587500000000 0.287500000000 -0.000013735634
0.587500000000 0.300000000000 -0.000014182498
0.587500000000 0.312500000000 -0.000014609923
0.587500000000 0.325000000000 -0.000015017028
0.587500000000 0.337500000000 -0.000015402914
0.587500000000 0.350000000000 -0.000015766662
0.587500000000 0.362500000000 -0.000016107328
0.587500000000 0.375000000000 -0.000016423939
0.587500000000 0.387500000000 -0.000016715489
0.587500000000 0.400000000000 -0.000016980936
0.587500000000 0.412500000000 -0.000017219200
0.587500000000 0.425000000000 -0.000017429165
0.587500000000 0.437500000000 -0.000017609677
0.587500000000 0.450000000000 -0.000017759570
0.587500000000 0.462500000000 -0.000017877698
0.587500000000 0.475000000000 -0.000017963000
0.587500000000 0.487500000000 -0.000018014586
0.587500000000 0.500000000000 -0.000018031855
0.587500000000 0.512500000000 -0.000018014586
0.587500000000 0.525000000000 -0.000017963000
0.587500000000 0.537500000000 -0.000017877698
0.587500000000 0.550000000000 -0.000017759570
0.587500000000 0.562500000000 -0.000017609677
0.587500000000 0.575000000000 -0.000017429165
0.587500000000 0.587500000000 -0.000017219200
0.587500000000 0.600000000000 -0.000016980936
0.587500000000 0.612500000000 -0.000016715489
0.587500000000 0.625000000000 -0.000016423939
0.587500000000 0.637500000000 -0.000016107328
0.587500000000 0.650000000000 -0.000015766662
0.587500000000 0.662500000000 -0.000015402914
0.587500000000 0.675000000000 -0.000015017028
0.587500000000 0.687500000000 -0.000014609923
0.587500000000 0.700000000000 -0.000014182498
0.587500000000 0.712500000000 -0.000013735634
0.587500000000 0.725000000000 -0.000013270200
0.587500000000 0.737500000000 -0.000012787051
0.587500000000 0.750000000000 -0.000012287035
0.587500000000 0.762500000000 -0.000011770989
0.587500000000 0.775000000000 -0.000011239742
0.587500000000 0.787500000000 -0.000010694118
0.587500000000 0.800000000000 -0.000010134935
0.587500000000 0.812500000000 -0.000009563007
0.587500000000 0.825000000000 -0.000008979144
0.587500000000 0.837500000000 -0.000008384153
0.587500000000 0.850000000000 -0.000007778838
0.587500000000 0.862500000000 -0.000007164002
0.587500000000 0.875000000000 -0.000006540441
0.587500000000 0.887500000000 -0.000005908956
0.587500000000 0.900000000000 -0.000005270341
0.587500000000 0.912500000000 -0.000004625394
0.587500000000 0.925000000000 -0.000003974908
0.587500000000 0.937500000000 -0.000003319673
0.587500000000 0.950000000000 -0.000002660484
0.587500000000 0.962500000000 -0.000001998131
0.587500000000 0.975000000000 -0.000001333404
0.587500000000 0.987500000000 -0.000000667098
0.587500000000 1.000000000000 0.000000000000

0.600000000000 0.000000000000 0.000000000000
0.600000000000 0.012500000000 -0.000000658844
0.600000000000 0.025000000000 -0.000001316901
0.600000000000 0.037500000000 -0.000001973390
0.600000000000 0.050000000000 -0.000002627528
0.600000000000 0.062500000000 -0.000003278526
0.600000000000 0.075000000000 -0.000003925602
0.600000000000 0.087500000000 -0.000004567970
0.600000000000 0.100000000000 -0.000005204843
0.600000000000 0.112500000000 -0.000005835434
0.600000000000 0.125000000000 -0.000006458953
0.600000000000 0.137500000000 -0.000007074608
0.600000000000 0.150000000000 -0.000007681607
0.600000000000 0.162500000000 -0.000008279157
0.600000000000 0.175000000000 -0.000008866464
0.600000000000 0.187500000000 -0.000009442726
0.600000000000 0.200000000000 -0.000010007139
0.600000000000 0.212500000000 -0.000010558899
0.600000000000 0.225000000000 -0.000011097197
0.600000000000 0.237500000000 -0.000011621217
0.600000000000 0.250000000000 -0.000012130140
0.600000000000 0.262500000000 -0.000012623139
0.600000000000 0.275000000000 -0.000013099380
0.600000000000 0.287500000000 -0.000013558018
0.600000000000 0.300000000000 -0.000013998200
0.600000000000 0.312500000000 -0.000014419060
0.600000000000 0.325000000000 -0.000014819721
0.600000000000 0.337500000000 -0.000015199289
0.600000000000 0.350000000000 -0.000015556850
0.600000000000 0.362500000000 -0.000015891468
0.600000000000 0.375000000000 -0.000016202186
0.600000000000 0.387500000000 -0.000016488015
0.600000000000 0.400000000000 -0.000016747945
0.600000000000 0.412500000000 -0.000016980936
0.600000000000 0.425000000000 -0.000017185933
0.600000000000 0.437500000000 -0.000017361868
0.600000000000 0.450000000000 -0.000017507687
0.600000000000 0.462500000000 -0.000017622386
0.600000000000 0.475000000000 -0.000017705064
0.600000000000 0.487500000000 -0.000017754992
0.600000000000 0.500000000000 -0.000017771691
0.600000000000 0.512500000000 -0.000017754992
0.600000000000 0.525000000000 -0.000017705064
0.600000000000 0.537500000000 -0.000017622386
0.600000000000 0.550000000000 -0.000017507687
0.600000000000 0.562500000000 -0.000017361868
0.600000000000 0.575000000000 -0.000017185933
0.600000000000 0.587500000000 -0.000016980936
0.600000000000 0.600000000000 -0.000016747945
0.600000000000 0.612500000000 -0.000016488015
0.600000000000 0.625000000000 -0.000016202186
0.600000000000 0.637500000000 -0.000015891468
0.600000000000 0.650000000000 -0.000015556850
0.600000000000 0.662500000000 -0.000015199289
0.600000000000 0.675000000000 -0.000014819721
0.600000000000 0.687500000000 -0.000014419060
0.600000000000 0.700000000000 -0.000013998200
0.600000000000 0.712500000000 -0.000013558018
0.600000000000 0.725000000000 -0.000013099380
0.600000000000 0.737500000000 -0.000012623139
0.600000000000 0.750000000000 -0.000012130140
0.600000000000 0.762500000000 -0.000011621217
0.600000000000 0.775000000000 -0.000011097197
0.600000000000 0.787500000000 -0.000010558899
0.600000000000 0.800000000000 -0.000010007139
0.600000000000 0.812500000000 -0.000009442726
0.600000000000 0.825000000000 -0.000008866464
0.600000000000 0.837500000000 -0.000008279157
0.600000000000 0.850000000000 -0.000007681607
0.600000000000 0.862500000000 -0.000007074608
0.600000000000 0.875000000000 -0.000006458953
0.600000000000 0.887500000000 -0.000005835434
0.600000000000 0.900000000000 -0.000005204843
0.600000000000 0.912500000000 -0.000004567970
0.600000000000 0.925000000000 -0.000003925602
0.600000000000 0.937500000000 -0.000003278526
0.600000000000 0.950000000000 -0.000002627528
0.600000000000 0.962500000000 -0.000001973390
0.600000000000 0.975000000000 -0.000001316901
0.600000000000 0.987500000000 -0.000000658844
0.600000000000 1.000000000000 0.000000000000

0.612500000000 0.000000000000 0.000000000000
0.612500000000 0.012500000000 -0.000000649542
0.612500000000 0.025000000000 -0.000001298307
0.612500000000 0.037500000000 -0.000001945519
0.612500000000 0.050000000000 -0.000002590401
0.612500000000 0.062500000000 -0.000003232174
0.612500000000 0.075000000000 -0.000003870062
0.612500000000 0.087500000000 -0.000004503288
0.612500000000 0.100000000000 -0.000005131069
0.612500000000 0.112500000000 -0.000005752627
0.612500000000 0.125000000000 -0.000006367179
0.612500000000 0.137500000000 -0.000006973941
0.612500000000 0.150000000000 -0.000007572126
0.612500000000 0.162500000000 -0.000008160948
0.612500000000 0.175000000000 -0.000008739618
0.612500000000 0.187500000000 -0.000009307342
0.612500000000 0.200000000000 -0.000009863320
0.612500000000 0.212500000000 -0.000010406755
0.612500000000 0.225000000000 -0.000010936841
0.612500000000 0.237500000000 -0.000011452768
0.612500000000 0.250000000000 -0.000011953724
0.612500000000 0.262500000000 -0.000012438885
0.612500000000 0.275000000000 -0.000012907422
0.612500000000 0.287500000000 -0.000013358497
0.612500000000 0.300000000000 -0.000013791260
0.612500000000 0.312500000000 -0.000014204852
0.612500000000 0.325000000000 -0.000014598402
0.612500000000 0.337500000000 -0.000014971027
0.612500000000 0.350000000000 -0.000015321822
0.612500000000 0.362500000000 -0.000015649866
0.612500000000 0.375000000000 -0.000015954222
0.612500000000 0.387500000000 -0.000016233930
0.612500000000 0.400000000000 -0.000016488015
0.612500000000 0.412500000000 -0.000016715489
0.612500000000 0.425000000000 -0.000016915359
0.612500000000 0.437500000000 -0.000017086645
0.612500000000 0.450000000000 -0.000017228397
0.612500000000 0.462500000000 -0.000017339733
0.612500000000 0.475000000000 -0.000017419881
0.612500000000 0.487500000000 -0.000017468231
0.612500000000 0.500000000000 -0.000017484394
0.612500000000 0.512500000000 -0.000017468231
0.612500000000 0.525000000000 -0.000017419881
0.612500000000 0.537500000000 -0.000017339733
0.612500000000 0.550000000000 -0.000017228397
0.612500000000 0.562500000000 -0.000017086645
0.612500000000 0.575000000000 -0.000016915359
0.612500000000 0.587500000000 -0.000016715489
0.612500000000 0.600000000000 -0.000016488015
0.612500000000 0.612500000000 -0.000016233930
0.612500000000 0.625000000000 -0.000015954222
0.612500000000 0.637500000000 -0.000015649866
0.612500000000 0.650000000000 -0.000015321822
0.612500000000 0.662500000000 -0.000014971027
0.612500000000 0.675000000000 -0.000014598402
0.612500000000 0.687500000000 -0.000014204852
0.612500000000 0.700000000000 -0.000013791260
0.612500000000 0.712500000000 -0.000013358497
0.612500000000 0.725000000000 -0.000012907422
0.612500000000 0.737500000000 -0.000012438885
0.612500000000 0.750000000000 -0.000011953724
0.612500000000 0.762500000000 -0.000011452768
0.612500000000 0.775000000000 -0.000010936841
0.612500000000 0.787500000000 -0.000010406755
0.612500000000 0.800000000000 -0.000009863320
0.612500000000 0.812500000000 -0.000009307342
0.612500000000 0.825000000000 -0.000008739618
0.612500000000 0.837500000000 -0.000008160948
0.612500000000 0.850000000000 -0.000007572126
0.612500000000 0.862500000000 -0.000006973941
0.612500000000 0.875000000000 -0.000006367179
0.612500000000 0.887500000000 -0.000005752627
0.612500000000 0.900000000000 -0.000005131069
0.612500000000 0.912500000000 -0.000004503288
0.612500000000 0.925000000000 -0.000003870062
0.612500000000 0.937500000000 -0.000003232174
0.612500000000 0.950000000000 -0.000002590401
0.612500000000 0.962500000000 -0.000001945519
0.612500000000 0.975000000000 -0.000001298307
0.612500000000 0.987500000000 -0.000000649542
0.612500000000 1.000000000000 0.000000000000

0.625000000000 0.000000000000 0.000000000000
0.625000000000 0.012500000000 -0.000000639217
0.625000000000 0.025000000000 -0.000001277665
0.625000000000 0.037500000000 -0.000001914577
0.625000000000 0.050000000000 -0.000002549184
0.625000000000 0.062500000000 -0.000003180719
0.625000000000 0.075000000000 -0.000003808410
0.625000000000 0.087500000000 -0.000004431489
0.625000000000 0.100000000000 -0.000005049184
0.625000000000 0.112500000000 -0.000005660723
0.625000000000 0.125000000000 -0.000006265329
0.625000000000 0.137500000000 -0.000006862231
0.625000000000 0.150000000000 -0.000007450648
0.625000000000 0.162500000000 -0.000008029802
0.625000000000 0.175000000000 -0.000008598909
0.625000000000 0.187500000000 -0.000009157181
0.625000000000 0.200000000000 -0.000009703831
0.625000000000 0.212500000000 -0.000010238064
0.625000000000 0.225000000000 -0.000010759083
0.625000000000 0.237500000000 -0.000011266085
0.625000000000 0.250000000000 -0.000011758264
0.625000000000 0.262500000000 -0.000012234801
0.625000000000 0.275000000000 -0.000012694877
0.625000000000 0.287500000000 -0.000013137661
0.625000000000 0.300000000000 -0.000013562311
0.625000000000 0.312500000000 -0.000013967976
0.625000000000 0.325000000000 -0.000014353798
0.625000000000 0.337500000000 -0.000014718903
0.625000000000 0.350000000000 -0.000015062405
0.625000000000 0.362500000000 -0.000015383402
0.625000000000 0.375000000000 -0.000015680984
0.625000000000 0.387500000000 -0.000015954222
0.625000000000 0.400000000000 -0.000016202186
0.625000000000 0.412500000000 -0.000016423939
0.625000000000 0.425000000000 -0.000016618556
0.625000000000 0.437500000000 -0.000016785137
0.625000000000 0.450000000000 -0.000016922829
0.625000000000 0.462500000000 -0.000017030851
0.625000000000 0.475000000000 -0.000017108535
0.625000000000 0.487500000000 -0.000017155364
0.625000000000 0.500000000000 -0.000017171013
0.625000000000 0.512500000000 -0.000017155364
0.625000000000 0.525000000000 -0.000017108535
0.625000000000 0.537500000000 -0.000017030851
0.625000000000 0.550000000000 -0.000016922829
0.625000000000 0.562500000000 -0.000016785137
0.625000000000 0.575000000000 -0.000016618556
0.625000000000 0.587500000000 -0.000016423939
0.625000000000 0.600000000000 -0.000016202186
0.625000000000 0.612500000000 -0.000015954222
0.625000000000 0.625000000000 -0.000015680984
0.625000000000 0.637500000000 -0.000015383402
0.625000000000 0.650000000000 -0.000015062405
0.625000000000 0.662500000000 -0.000014718903
0.625000000000 0.675000000000 -0.000014353798
0.625000000000 0.687500000000 -0.000013967976
0.625000000000 0.700000000000 -0.000013562311
0.625000000000 0.712500000000 -0.000013137661
0.625000000000 0.725000000000 -0.000012694877
0.625000000000 0.737500000000 -0.000012234801
0.625000000000 0.750000000000 -0.000011758264
0.625000000000 0.762500000000 -0.000011266085
0.625000000000 0.775000000000 -0.000010759083
0.625000000000 0.787500000000 -0.000010238064
0.625000000000 0.800000000000 -0.000009703831
0.625000000000 0.812500000000 -0.000009157181
0.625000000000 0.825000000000 -0.000008598909
0.625000000000 0.837500000000 -0.000008029802
0.625000000000 0.850000000000 -0.000007450648
0.625000000000 0.862500000000 -0.000006862231
0.625000000000 0.875000000000 -0.000006265329
0.625000000000 0.887500000000 -0.000005660723
0.625000000000 0.900000000000 -0.000005049184
0.625000000000 0.912500000000 -0.000004431489
0.625000000000 0.925000000000 -0.000003808410
0.625000000000 0.937500000000 -0.000003180719
0.625000000000 0.950000000000 -0.000002549184
0.625000000000 0.962500000000 -0.000001914577
0.625000000000 0.975000000000 -0.000001277665
0.625000000000 0.987500000000 -0.000000639217
0.625000000000 1.000000000000 0.000000000000

0.637500000000 0.000000000000 0.000000000000
0.637500000000 0.012500000000 -0.000000627888
0.637500000000 0.025000000000 -0.000001255017
0.637500000000 0.037500000000 -0.000001880629
0.637500000000 0.050000000000 -0.000002503965
0.637500000000 0.062500000000 -0.000003124268
0.637500000000 0.075000000000 -0.000003740776
0.637500000000 0.087500000000 -0.000004352729
0.637500000000 0.100000000000 -0.000004959365
0.637500000000 0.112500000000 -0.000005559920
0.637500000000 0.125000000000 -0.000006153630
0.637500000000 0.137500000000 -0.000006739730
0.637500000000 0.150000000000 -0.000007317450
0.637500000000 0.162500000000 -0.000007886019
0.637500000000 0.175000000000 -0.000008444663
0.637500000000 0.187500000000 -0.000008992603
0.637500000000 0.200000000000 -0.000009529057
0.637500000000 0.212500000000 -0.000010053242
0.637500000000 0.225000000000 -0.000010564369
0.637500000000 0.237500000000 -0.000011061645
0.637500000000 0.250000000000 -0.000011544269
0.637500000000 0.262500000000 -0.000012011434
0.637500000000 0.275000000000 -0.000012462329
0.637500000000 0.287500000000 -0.000012896132
0.637500000000 0.300000000000 -0.000013312012
0.637500000000 0.312500000000 -0.000013709135
0.637500000000 0.325000000000 -0.000014086652
0.637500000000 0.337500000000 -0.000014443708
0.637500000000 0.350000000000 -0.000014779438
0.637500000000 0.362500000000 -0.000015092962
0.637500000000 0.375000000000 -0.000015383402
0.637500000000 0.387500000000 -0.000015649866
0.637500000000 0.400000000000 -0.000015891468
0.637500000000 0.412500000000 -0.000016107328
0.637500000000 0.425000000000 -0.000016296584
0.637500000000 0.437500000000 -0.000016458413
0.637500000000 0.450000000000 -0.000016592043
0.637500000000 0.462500000000 -0.000016696784
0.637500000000 0.475000000000 -0.000016772049
0.637500000000 0.487500000000 -0.000016817395
0.637500000000 0.500000000000 -0.000016832543
0.637500000000 0.512500000000 -0.000016817395
0.637500000000 0.525000000000 -0.000016772049
0.637500000000 0.537500000000 -0.000016696784
0.637500000000 0.550000000000 -0.000016592043
0.637500000000 0.562500000000 -0.000016458413
0.637500000000 0.575000000000 -0.000016296584
0.637500000000 0.587500000000 -0.000016107328
0.637500000000 0.600000000000 -0.000015891468
0.637500000000 0.612500000000 -0.000015649866
0.637500000000 0.625000000000 -0.000015383402
0.637500000000 0.637500000000 -0.000015092962
0.637500000000 0.650000000000 -0.000014779438
0.637500000000 0.662500000000 -0.000014443708
0.637500000000 0.675000000000 -0.000014086652
0.637500000000 0.687500000000 -0.000013709135
0.637500000000 0.700000000000 -0.000013312012
0.637500000000 0.712500000000 -0.000012896132
0.637500000000 0.725000000000 -0.000012462329
0.637500000000 0.737500000000 -0.000012011434
0.637500000000 0.750000000000 -0.000011544269
0.637500000000 0.762500000000 -0.000011061645
0.637500000000 0.775000000000 -0.000010564369
0.637500000000 0.787500000000 -0.000010053242
0.637500000000 0.800000000000 -0.000009529057
0.637500000000 0.812500000000 -0.000008992603
0.637500000000 0.825000000000 -0.000008444663
0.637500000000 0.837500000000 -0.000007886019
0.637500000000 0.850000000000 -0.000007317450
0.637500000000 0.862500000000 -0.000006739730
0.637500000000 0.875000000000 -0.000006153630
0.637500000000 0.887500000000 -0.000005559920
0.637500000000 0.900000000000 -0.000004959365
0.637500000000 0.912500000000 -0.000004352729
0.637500000000 0.925000000000 -0.000003740776
0.637500000000 0.937500000000 -0.000003124268
0.637500000000 0.950000000000 -0.000002503965
0.637500000000 0.962500000000 -0.000001880629
0.637500000000 0.975000000000 -0.000001255017
0.637500000000 0.987500000000 -0.000000627888
0.637500000000 1.000000000000 0.000000000000

0.650000000000 0.000000000000 0.000000000000
0.650000000000 0.012500000000 -0.000000615579
0.650000000000 0.025000000000 -0.000001230411
0.650000000000 0.037500000000 -0.000001843747
0.650000000000 0.050000000000 -0.000002454841
0.650000000000 0.062500000000 -0.000003062942
0.650000000000 0.075000000000 -0.000003667304
0.650000000000 0.087500000000 -0.000004267175
0.650000000000 0.100000000000 -0.000004861805
0.650000000000 0.112500000000 -0.000005450439
0.650000000000 0.125000000000 -0.000006032324
0.650000000000 0.137500000000 -0.000006606706
0.650000000000 0.150000000000 -0.000007172825
0.650000000000 0.162500000000 -0.000007729922
0.650000000000 0.175000000000 -0.000008277230
0.650000000000 0.187500000000 -0.000008813983
0.650000000000 0.200000000000 -0.000009339407
0.650000000000 0.212500000000 -0.000009852730
0.650000000000 0.225000000000 -0.000010353171
0.650000000000 0.237500000000 -0.000010839951
0.650000000000 0.250000000000 -0.000011312278
0.650000000000 0.262500000000 -0.000011769356
0.650000000000 0.275000000000 -0.000012210385
0.650000000000 0.287500000000 -0.000012634556
0.650000000000 0.300000000000 -0.000013041053
0.650000000000 0.312500000000 -0.000013429055
0.650000000000 0.325000000000 -0.000013797732
0.650000000000 0.337500000000 -0.000014146252
0.650000000000 0.350000000000 -0.000014473770
0.650000000000 0.362500000000 -0.000014779438
0.650000000000 0.375000000000 -0.000015062405
0.650000000000 0.387500000000 -0.000015321822
0.650000000000 0.400000000000 -0.000015556850
0.650000000000 0.412500000000 -0.000015766662
0.650000000000 0.425000000000 -0.000015950460
0.650000000000 0.437500000000 -0.000016107488
0.650000000000 0.450000000000 -0.000016237048
0.650000000000 0.462500000000 -0.000016338524
0.650000000000 0.475000000000 -0.000016411399
0.650000000000 0.487500000000 -0.000016455286
0.650000000000 0.500000000000 -0.000016469943
0.650000000000 0.512500000000 -0.000016455286
0.650000000000 0.525000000000 -0.000016411399
0.650000000000 0.537500000000 -0.000016338524
0.650000000000 0.550000000000 -0.000016237048
0.650000000000 0.562500000000 -0.000016107488
0.650000000000 0.575000000000 -0.000015950460
0.650000000000 0.587500000000 -0.000015766662
0.650000000000 0.600000000000 -0.000015556850
0.650000000000 0.612500000000 -0.000015321822
0.650000000000 0.625000000000 -0.000015062405
0.650000000000 0.637500000000 -0.000014779438
0.650000000000 0.650000000000 -0.000014473770
0.650000000000 0.662500000000 -0.000014146252
0.650000000000 0.675000000000 -0.000013797732
0.650000000000 0.687500000000 -0.000013429055
0.650000000000 0.700000000000 -0.000013041053
0.650000000000 0.712500000000 -0.000012634556
0.650000000000 0.725000000000 -0.000012210385
0.650000000000 0.737500000000 -0.000011769356
0.650000000000 0.750000000000 -0.000011312278
0.650000000000 0.762500000000 -0.000010839951
0.650000000000 0.775000000000 -0.000010353171
0.650000000000 0.787500000000 -0.000009852730
0.650000000000 0.800000000000 -0.000009339407
0.650000000000 0.812500000000 -0.000008813983
0.650000000000 0.825000000000 -0.000008277230
0.650000000000 0.837500000000 -0.000007729922
0.650000000000 0.850000000000 -0.000007172825
0.650000000000 0.862500000000 -0.000006606706
0.650000000000 0.875000000000 -0.000006032324
0.650000000000 0.887500000000 -0.000005450439
0.650000000000 0.900000000000 -0.000004861805
0.650000000000 0.912500000000 -0.000004267175
0.650000000000 0.925000000000 -0.000003667304
0.650000000000 0.937500000000 -0.000003062942
0.650000000000 0.950000000000 -0.000002454841
0.650000000000 0.962500000000 -0.000001843747
0.650000000000 0.975000000000 -0.000001230411
0.650000000000 0.987500000000 -0.000000615579
0.650000000000 1.000000000000 0.000000000000

0.662500000000 0.000000000000 0.000000000000
0.662500000000 0.012500000000 -0.000000602316
0.662500000000 0.025000000000 -0.000001203896
0.662500000000 0.037500000000 -0.000001804006
0.662500000000 0.050000000000 -0.000002401909
0.662500000000 0.062500000000 -0.000002996868
0.662500000000 0.075000000000 -0.000003588148
0.662500000000 0.087500000000 -0.000004175007
0.662500000000 0.100000000000 -0.000004756709
0.662500000000 0.112500000000 -0.000005332511
0.662500000000 0.125000000000 -0.000005901671
0.662500000000 0.137500000000 -0.000006463446
0.662500000000 0.150000000000 -0.000007017090
0.662500000000 0.162500000000 -0.000007561854
0.662500000000 0.175000000000 -0.000008096983
0.662500000000 0.187500000000 -0.000008621722
0.662500000000 0.200000000000 -0.000009135311
0.662500000000 0.212500000000 -0.000009636987
0.662500000000 0.225000000000 -0.000010125983
0.662500000000 0.237500000000 -0.000010601530
0.662500000000 0.250000000000 -0.000011062850
0.662500000000 0.262500000000 -0.000011509159
0.662500000000 0.275000000000 -0.000011939674
0.662500000000 0.287500000000 -0.000012353598
0.662500000000 0.300000000000 -0.000012750134
0.662500000000 0.312500000000 -0.000013128478
0.662500000000 0.325000000000 -0.000013487821
0.662500000000 0.337500000000 -0.000013827351
0.662500000000 0.350000000000 -0.000014146252
0.662500000000 0.362500000000 -0.000014443708
0.662500000000 0.375000000000 -0.000014718903
0.662500000000 0.387500000000 -0.000014971027
0.662500000000 0.400000000000 -0.000015199289
0.662500000000 0.412500000000 -0.000015402914
0.662500000000 0.425000000000 -0.000015581162
0.662500000000 0.437500000000 -0.000015733339
0.662500000000 0.450000000000 -0.000015858813
0.662500000000 0.462500000000 -0.000015957029
0.662500000000 0.475000000000 -0.000016027528
0.662500000000 0.487500000000 -0.000016069969
0.662500000000 0.500000000000 -0.000016084140
0.662500000000 0.512500000000 -0.000016069969
0.662500000000 0.525000000000 -0.000016027528
0.662500000000 0.537500000000 -0.000015957029
0.662500000000 0.550000000000 -0.000015858813
0.662500000000 0.562500000000 -0.000015733339
0.662500000000 0.575000000000 -0.000015581162
0.662500000000 0.587500000000 -0.000015402914
0.662500000000 0.600000000000 -0.000015199289
0.662500000000 0.612500000000 -0.000014971027
0.662500000000 0.625000000000 -0.000014718903
0.662500000000 0.637500000000 -0.000014443708
0.662500000000 0.650000000000 -0.000014146252
0.662500000000 0.662500000000 -0.000013827351
0.662500000000 0.675000000000 -0.000013487821
0.662500000000 0.687500000000 -0.000013128478
0.662500000000 0.700000000000 -0.000012750134
0.662500000000 0.712500000000 -0.000012353598
0.662500000000 0.725000000000 -0.000011939674
0.662500000000 0.737500000000 -0.000011509159
0.662500000000 0.750000000000 -0.000011062850
0.662500000000 0.762500000000 -0.000010601530
0.662500000000 0.775000000000 -0.000010125983
0.662500000000 0.787500000000 -0.000009636987
0.662500000000 0.800000000000 -0.000009135311
0.662500000000 0.812500000000 -0.000008621722
0.662500000000 0.825000000000 -0.000008096983
0.662500000000 0.837500000000 -0.000007561854
0.662500000000 0.850000000000 -0.000007017090
0.662500000000 0.862500000000 -0.000006463446
0.662500000000 0.875000000000 -0.000005901671
0.662500000000 0.887500000000 -0.000005332511
0.662500000000 0.900000000000 -0.000004756709
0.662500000000 0.912500000000 -0.000004175007
0.662500000000 0.925000000000 -0.000003588148
0.662500000000 0.937500000000 -0.000002996868
0.662500000000 0.950000000000 -0.000002401909
0.662500000000 0.962500000000 -0.000001804006
0.662500000000 0.975000000000 -0.000001203896
0.662500000000 0.987500000000 -0.000000602316
0.662500000000 1.000000000000 0.000000000000

0.675000000000 0.000000000000 0.000000000000
0.675000000000 0.012500000000 -0.000000588124
0.675000000000 0.025000000000 -0.000001175528
0.675000000000 0.037500000000 -0.000001761487
0.675000000000 0.050000000000 -0.000002345278
0.675000000000 0.062500000000 -0.000002926179
0.675000000000 0.075000000000 -0.000003503466
0.675000000000 0.087500000000 -0.000004076413
0.675000000000 0.100000000000 -0.000004644293
0.675000000000 0.112500000000 -0.000005206378
0.675000000000 0.125000000000 -0.000005761941
0.675000000000 0.137500000000 -0.000006310252
0.675000000000 0.150000000000 -0.000006850574
0.675000000000 0.162500000000 -0.000007382173
0.675000000000 0.175000000000 -0.000007904310
0.675000000000 0.187500000000 -0.000008416241
0.675000000000 0.200000000000 -0.000008917220
0.675000000000 0.212500000000 -0.000009406496
0.675000000000 0.225000000000 -0.000009883317
0.675000000000 0.237500000000 -0.000010346927
0.675000000000 0.250000000000 -0.000010796564
0.675000000000 0.262500000000 -0.000011231460
0.675000000000 0.275000000000 -0.000011650844
0.675000000000 0.287500000000 -0.000012053942
0.675000000000 0.300000000000 -0.000012439972
0.675000000000 0.312500000000 -0.000012808153
0.675000000000 0.325000000000 -0.000013157698
0.675000000000 0.337500000000 -0.000013487821
0.675000000000 0.350000000000 -0.000013797732
0.675000000000 0.362500000000 -0.000014086652
0.675000000000 0.375000000000 -0.000014353798
0.675000000000 0.387500000000 -0.000014598402
0.675000000000 0.400000000000 -0.000014819721
0.675000000000 0.412500000000 -0.000015017028
0.675000000000 0.425000000000 -0.000015189636
0.675000000000 0.437500000000 -0.000015336911
0.675000000000 0.450000000000 -0.000015458274
0.675000000000 0.462500000000 -0.000015553224
0.675000000000 0.475000000000 -0.000015621352
0.675000000000 0.487500000000 -0.000015662354
0.675000000000 0.500000000000 -0.000015676043
0.675000000000 0.512500000000 -0.000015662354
0.675000000000 0.525000000000 -0.000015621352
0.675000000000 0.537500000000 -0.000015553224
0.675000000000 0.550000000000 -0.000015458274
0.675000000000 0.562500000000 -0.000015336911
0.675000000000 0.575000000000 -0.000015189636
0.675000000000 0.587500000000 -0.000015017028
0.675000000000 0.600000000000 -0.000014819721
0.675000000000 0.612500000000 -0.000014598402
0.675000000000 0.625000000000 -0.000014353798
0.675000000000 0.637500000000 -0.000014086652
0.675000000000 0.650000000000 -0.000013797732
0.675000000000 0.662500000000 -0.000013487821
0.675000000000 0.675000000000 -0.000013157698
0.675000000000 0.687500000000 -0.000012808153
0.675000000000 0.700000000000 -0.000012439972
0.675000000000 0.712500000000 -0.000012053942
0.675000000000 0.725000000000 -0.000011650844
0.675000000000 0.737500000000 -0.000011231460
0.675000000000 0.750000000000 -0.000010796564
0.675000000000 0.762500000000 -0.000010346927
0.675000000000 0.775000000000 -0.000009883317
0.675000000000 0.787500000000 -0.000009406496
0.675000000000 0.800000000000 -0.000008917220
0.675000000000 0.812500000000 -0.000008416241
0.675000000000 0.825000000000 -0.000007904310
0.675000000000 0.837500000000 -0.000007382173
0.675000000000 0.850000000000 -0.000006850574
0.675000000000 0.862500000000 -0.000006310252
0.675000000000 0.875000000000 -0.000005761941
0.675000000000 0.887500000000 -0.000005206378
0.675000000000 0.900000000000 -0.000004644293
0.675000000000 0.912500000000 -0.000004076413
0.675000000000 0.925000000000 -0.000003503466
0.675000000000 0.937500000000 -0.000002926179
0.675000000000 0.950000000000 -0.000002345278
0.675000000000 0.962500000000 -0.000001761487
0.675000000000 0.975000000000 -0.000001175528
0.675000000000 0.987500000000 -0.000000588124
0.675000000000 1.000000000000 0.000000000000

0.687500000000 0.000000000000 0.000000000000
0.687500000000 0.012500000000 -0.000000573034
0.687500000000 0.025000000000 -0.000001145360
0.687500000000 0.037500000000 -0.000001716272
0.687500000000 0.050000000000 -0.000002285059
0.687500000000 0.062500000000 -0.000002851016
0.687500000000 0.075000000000 -0.000003413429
0.687500000000 0.087500000000 -0.000003971589
0.687500000000 0.100000000000 -0.000004524783
0.687500000000 0.112500000000 -0.000005072298
0.687500000000 0.125000000000 -0.000005613420
0.687500000000 0.137500000000 -0.000006147435
0.687500000000 0.150000000000 -0.000006673621
0.687500000000 0.162500000000 -0.000007191257
0.687500000000 0.175000000000 -0.000007699617
0.687500000000 0.187500000000 -0.000008197976
0.687500000000 0.200000000000 -0.000008685601
0.687500000000 0.212500000000 -0.000009161756
0.687500000000 0.225000000000 -0.000009625705
0.687500000000 0.237500000000 -0.000010076707
0.687500000000 0.250000000000 -0.000010514017
0.687500000000 0.262500000000 -0.000010936885
0.687500000000 0.275000000000 -0.000011344559
0.687500000000 0.287500000000 -0.000011736281
0.687500000000 0.300000000000 -0.000012111294
0.687500000000 0.312500000000 -0.000012468838
0.687500000000 0.325000000000 -0.000012808153
0.687500000000 0.337500000000 -0.000013128478
0.687500000000 0.350000000000 -0.000013429055
0.687500000000 0.362500000000 -0.000013709135
0.687500000000 0.375000000000 -0.000013967976
0.687500000000 0.387500000000 -0.000014204852
0.687500000000 0.400000000000 -0.000014419060
0.687500000000 0.412500000000 -0.000014609923
0.687500000000 0.425000000000 -0.000014776805
0.687500000000 0.437500000000 -0.000014919119
0.687500000000 0.450000000000 -0.000015036340
0.687500000000 0.462500000000 -0.000015128011
0.687500000000 0.475000000000 -0.000015193765
0.687500000000 0.487500000000 -0.000015233328
0.687500000000 0.500000000000 -0.000015246535
0.687500000000 0.512500000000 -0.000015233328
0.687500000000 0.525000000000 -0.000015193765
0.687500000000 0.537500000000 -0.000015128011
0.687500000000 0.550000000000 -0.000015036340
0.687500000000 0.562500000000 -0.000014919119
0.687500000000 0.575000000000 -0.000014776805
0.687500000000 0.587500000000 -0.000014609923
0.687500000000 0.600000000000 -0.000014419060
0.687500000000 0.612500000000 -0.000014204852
0.687500000000 0.625000000000 -0.000013967976
0.687500000000 0.637500000000 -0.000013709135
0.687500000000 0.650000000000 -0.000013429055
0.687500000000 0.662500000000 -0.000013128478
0.687500000000 0.675000000000 -0.000012808153
0.687500000000 0.687500000000 -0.000012468838
0.687500000000 0.700000000000 -0.000012111294
0.687500000000 0.712500000000 -0.000011736281
0.687500000000 0.725000000000 -0.000011344559
0.687500000000 0.737500000000 -0.000010936885
0.687500000000 0.750000000000 -0.000010514017
0.687500000000 0.762500000000 -0.000010076707
0.687500000000 0.775000000000 -0.000009625705
0.687500000000 0.787500000000 -0.000009161756
0.687500000000 0.800000000000 -0.000008685601
0.687500000000 0.812500000000 -0.000008197976
0.687500000000 0.825000000000 -0.000007699617
0.687500000000 0.837500000000 -0.000007191257
0.687500000000 0.850000000000 -0.000006673621
0.687500000000 0.862500000000 -0.000006147435
0.687500000000 0.875000000000 -0.000005613420
0.687500000000 0.887500000000 -0.000005072298
0.687500000000 0.900000000000 -0.000004524783
0.687500000000 0.912500000000 -0.000003971589
0.687500000000 0.925000000000 -0.000003413429
0.687500000000 0.937500000000 -0.000002851016
0.687500000000 0.950000000000 -0.000002285059
0.687500000000 0.962500000000 -0.000001716272
0.687500000000 0.975000000000 -0.000001145360
0.687500000000 0.987500000000 -0.000000573034
0.687500000000 1.000000000000 0.000000000000

0.700000000000 0.000000000000 0.000000000000
0.700000000000 0.012500000000 -0.000000557072
0.700000000000 0.025000000000 -0.000001113454
0.700000000000 0.037500000000 -0.000001668452
0.700000000000 0.050000000000 -0.000002221372
0.700000000000 0.062500000000 -0.000002771523
0.700000000000 0.075000000000 -0.000003318212
0.700000000000 0.087500000000 -0.000003860741
0.700000000000 0.100000000000 -0.000004398414
0.700000000000 0.112500000000 -0.000004930535
0.700000000000 0.125000000000 -0.000005456406
0.700000000000 0.137500000000 -0.000005975325
0.700000000000 0.150000000000 -0.000006486589
0.700000000000 0.162500000000 -0.000006989491
0.700000000000 0.175000000000 -0.000007483324
0.700000000000 0.187500000000 -0.000007967378
0.700000000000 0.200000000000 -0.000008440937
0.700000000000 0.212500000000 -0.000008903282
0.700000000000 0.225000000000 -0.000009353692
0.700000000000 0.237500000000 -0.000009791445
0.700000000000 0.250000000000 -0.000010215817
0.700000000000 0.262500000000 -0.000010626075
0.700000000000 0.275000000000 -0.000011021486
0.700000000000 0.287500000000 -0.000011401317
0.700000000000 0.300000000000 -0.000011764831
0.700000000000 0.312500000000 -0.000012111294
0.700000000000 0.325000000000 -0.000012439972
0.700000000000 0.337500000000 -0.000012750134
0.700000000000 0.350000000000 -0.000013041053
0.700000000000 0.362500000000 -0.000013312012
0.700000000000 0.375000000000 -0.000013562311
0.700000000000 0.387500000000 -0.000013791260
0.700000000000 0.400000000000 -0.000013998200
0.700000000000 0.412500000000 -0.000014182498
0.700000000000 0.425000000000 -0.000014343565
0.700000000000 0.437500000000 -0.000014480860
0.700000000000 0.450000000000 -0.000014593900
0.700000000000 0.462500000000 -0.000014682272
0.700000000000 0.475000000000 -0.000014745643
0.700000000000 0.487500000000 -0.000014783765
0.700000000000 0.500000000000 -0.000014796489
0.700000000000 0.512500000000 -0.000014783765
0.700000000000 0.525000000000 -0.000014745643
0.700000000000 0.537500000000 -0.000014682272
0.700000000000 0.550000000000 -0.000014593900
0.700000000000 0.562500000000 -0.000014480860
0.700000000000 0.575000000000 -0.000014343565
0.700000000000 0.587500000000 -0.000014182498
0.700000000000 0.600000000000 -0.000013998200
0.700000000000 0.612500000000 -0.000013791260
0.700000000000 0.625000000000 -0.000013562311
0.700000000000 0.637500000000 -0.000013312012
0.700000000000 0.650000000000 -0.000013041053
0.700000000000 0.662500000000 -0.000012750134
0.700000000000 0.675000000000 -0.000012439972
0.700000000000 0.687500000000 -0.000012111294
0.700000000000 0.700000000000 -0.000011764831
0.700000000000 0.712500000000 -0.000011401317
0.700000000000 0.725000000000 -0.000011021486
0.700000000000 0.737500000000 -0.000010626075
0.700000000000 0.750000000000 -0.000010215817
0.700000000000 0.762500000000 -0.000009791445
0.700000000000 0.775000000000 -0.000009353692
0.700000000000 0.787500000000 -0.000008903282
0.700000000000 0.800000000000 -0.000008440937
0.700000000000 0.812500000000 -0.000007967378
0.700000000000 0.825000000000 -0.000007483324
0.700000000000 0.837500000000 -0.000006989491
0.700000000000 0.850000000000 -0.000006486589
0.700000000000 0.862500000000 -0.000005975325
0.700000000000 0.875000000000 -0.000005456406
0.700000000000 0.887500000000 -0.000004930535
0.700000000000 0.900000000000 -0.000004398414
0.700000000000 0.912500000000 -0.000003860741
0.700000000000 0.925000000000 -0.000003318212
0.700000000000 0.937500000000 -0.000002771523
0.700000000000 0.950000000000 -0.000002221372
0.700000000000 0.962500000000 -0.000001668452
0.700000000000 0.975000000000 -0.000001113454
0.700000000000 0.987500000000 -0.000000557072
0.700000000000 1.000000000000 0.000000000000

0.712500000000 0.000000000000 0.000000000000
0.712500000000 0.012500000000 -0.000000540272
0.712500000000 0.025000000000 -0.000001079868
0.712500000000 0.037500000000 -0.000001618116
0.712500000000 0.050000000000 -0.000002154337
0.712500000000 0.062500000000 -0.000002687857
0.712500000000 0.075000000000 -0.000003217999
0.712500000000 0.087500000000 -0.000003744083
0.712500000000 0.100000000000 -0.000004265431
0.712500000000 0.112500000000 -0.000004781365
0.712500000000 0.125000000000 -0.000005291201
0.712500000000 0.137500000000 -0.000005794255
0.712500000000 0.150000000000 -0.000006289843
0.712500000000 0.162500000000 -0.000006777275
0.712500000000 0.175000000000 -0.000007255861
0.712500000000 0.187500000000 -0.000007724908
0.712500000000 0.200000000000 -0.000008183720
0.712500000000 0.212500000000 -0.000008631595
0.712500000000 0.225000000000 -0.000009067832
0.712500000000 0.237500000000 -0.000009491729
0.712500000000 0.250000000000 -0.000009902580
0.712500000000 0.262500000000 -0.000010299675
0.712500000000 0.275000000000 -0.000010682303
0.712500000000 0.287500000000 -0.000011049754
0.712500000000 0.300000000000 -0.000011401317
0.712500000000 0.312500000000 -0.000011736281
0.712500000000 0.325000000000 -0.000012053942
0.712500000000 0.337500000000 -0.000012353598
0.712500000000 0.350000000000 -0.000012634556
0.712500000000 0.362500000000 -0.000012896132
0.712500000000 0.375000000000 -0.000013137661
0.712500000000 0.387500000000 -0.000013358497
0.712500000000 0.400000000000 -0.000013558018
0.712500000000 0.412500000000 -0.000013735634
0.712500000000 0.425000000000 -0.000013890799
0.712500000000 0.437500000000 -0.000014023012
0.712500000000 0.450000000000 -0.000014131831
0.712500000000 0.462500000000 -0.000014216879
0.712500000000 0.475000000000 -0.000014277853
0.712500000000 0.487500000000 -0.000014314527
0.712500000000 0.500000000000 -0.000014326766
0.712500000000 0.512500000000 -0.000014314527
0.712500000000 0.525000000000 -0.000014277853
0.712500000000 0.537500000000 -0.000014216879
0.712500000000 0.550000000000 -0.000014131831
0.712500000000 0.562500000000 -0.000014023012
0.712500000000 0.575000000000 -0.000013890799
0.712500000000 0.587500000000 -0.000013735634
0.712500000000 0.600000000000 -0.000013558018
0.712500000000 0.612500000000 -0.000013358497
0.712500000000 0.625000000000 -0.000013137661
0.712500000000 0.637500000000 -0.000012896132
0.712500000000 0.650000000000 -0.000012634556
0.712500000000 0.662500000000 -0.000012353598
0.712500000000 0.675000000000 -0.000012053942
0.712500000000 0.687500000000 -0.000011736281
0.712500000000 0.700000000000 -0.000011401317
0.712500000000 0.712500000000 -0.000011049754
0.712500000000 0.725000000000 -0.000010682303
0.712500000000 0.737500000000 -0.000010299675
0.712500000000 0.750000000000 -0.000009902580
0.712500000000 0.762500000000 -0.000009491729
0.712500000000 0.775000000000 -0.000009067832
0.712500000000 0.787500000000 -0.000008631595
0.712500000000 0.800000000000 -0.000008183720
0.712500000000 0.812500000000 -0.000007724908
0.712500000000 0.825000000000 -0.000007255861
0.712500000000 0.837500000000 -0.000006777275
0.712500000000 0.850000000000 -0.000006289843
0.712500000000 0.862500000000 -0.000005794255
0.712500000000 0.875000000000 -0.000005291201
0.712500000000 0.887500000000 -0.000004781365
0.712500000000 0.900000000000 -0.000004265431
0.712500000000 0.912500000000 -0.000003744083
0.712500000000 0.925000000000 -0.000003217999
0.712500000000 0.937500000000 -0.000002687857
0.712500000000 0.950000000000 -0.000002154337
0.712500000000 0.962500000000 -0.000001618116
0.712500000000 0.975000000000 -0.000001079868
0.712500000000 0.987500000000 -0.000000540272
0.712500000000 1.000000000000 0.000000000000

0.725000000000 0.000000000000 0.000000000000
0.725000000000 0.012500000000 -0.000000522662
0.725000000000 0.025000000000 -0.000001044666
0.725000000000 0.037500000000 -0.000001565358
0.725000000000 0.050000000000 -0.000002084079
0.725000000000 0.062500000000 -0.000002600171
0.725000000000 0.075000000000 -0.000003112976
0.725000000000 0.087500000000 -0.000003621835
0.725000000000 0.100000000000 -0.000004126086
0.725000000000 0.112500000000 -0.000004625069
0.725000000000 0.125000000000 -0.000005118120
0.725000000000 0.137500000000 -0.000005604572
0.725000000000 0.150000000000 -0.000006083761
0.725000000000 0.162500000000 -0.000006555016
0.725000000000 0.175000000000 -0.000007017664
0.725000000000 0.187500000000 -0.000007471035
0.725000000000 0.200000000000 -0.000007914449
0.725000000000 0.212500000000 -0.000008347227
0.725000000000 0.225000000000 -0.000008768689
0.725000000000 0.237500000000 -0.000009178151
0.725000000000 0.250000000000 -0.000009574931
0.725000000000 0.262500000000 -0.000009958341
0.725000000000 0.275000000000 -0.000010327694
0.725000000000 0.287500000000 -0.000010682303
0.725000000000 0.300000000000 -0.000011021486
0.725000000000 0.312500000000 -0.000011344559
0.725000000000 0.325000000000 -0.000011650844
0.725000000000 0.337500000000 -0.000011939674
0.725000000000 0.350000000000 -0.000012210385
0.725000000000 0.362500000000 -0.000012462329
0.725000000000 0.375000000000 -0.000012694877
0.725000000000 0.387500000000 -0.000012907422
0.725000000000 0.400000000000 -0.000013099380
0.725000000000 0.412500000000 -0.000013270200
0.725000000000 0.425000000000 -0.000013419374
0.725000000000 0.437500000000 -0.000013546443
0.725000000000 0.450000000000 -0.000013650997
0.725000000000 0.462500000000 -0.000013732691
0.725000000000 0.475000000000 -0.000013791249
0.725000000000 0.487500000000 -0.000013826465
0.725000000000 0.500000000000 -0.000013838217
0.725000000000 0.512500000000 -0.000013826465
0.725000000000 0.525000000000 -0.000013791249
0.725000000000 0.537500000000 -0.000013732691
0.725000000000 0.550000000000 -0.000013650997
0.725000000000 0.562500000000 -0.000013546443
0.725000000000 0.575000000000 -0.000013419374
0.725000000000 0.587500000000 -0.000013270200
0.725000000000 0.600000000000 -0.000013099380
0.725000000000 0.612500000000 -0.000012907422
0.725000000000 0.625000000000 -0.000012694877
0.725000000000 0.637500000000 -0.000012462329
0.725000000000 0.650000000000 -0.000012210385
0.725000000000 0.662500000000 -0.000011939674
0.725000000000 0.675000000000 -0.000011650844
0.725000000000 0.687500000000 -0.000011344559
0.725000000000 0.700000000000 -0.000011021486
0.725000000000 0.712500000000 -0.000010682303
0.725000000000 0.725000000000 -0.000010327694
0.725000000000 0.737500000000 -0.000009958341
0.725000000000 0.750000000000 -0.000009574931
0.725000000000 0.762500000000 -0.000009178151
0.725000000000 0.775000000000 -0.000008768689
0.725000000000 0.787500000000 -0.000008347227
0.725000000000 0.800000000000 -0.000007914449
0.725000000000 0.812500000000 -0.000007471035
0.725000000000 0.825000000000 -0.000007017664
0.725000000000 0.837500000000 -0.000006555016
0.725000000000 0.850000000000 -0.000006083761
0.725000000000 0.862500000000 -0.000005604572
0.725000000000 0.875000000000 -0.000005118120
0.725000000000 0.887500000000 -0.000004625069
0.725000000000 0.900000000000 -0.000004126086
0.725000000000 0.912500000000 -0.000003621835
0.725000000000 0.925000000000 -0.000003112976
0.725000000000 0.937500000000 -0.000002600171
0.725000000000 0.950000000000 -0.000002084079
0.725000000000 0.962500000000 -0.000001565358
0.725000000000 0.975000000000 -0.000001044666
0.725000000000 0.987500000000 -0.000000522662
0.725000000000 1.000000000000 0.000000000000

0.737500000000 0.000000000000 0.000000000000
0.737500000000 0.012500000000 -0.000000504274
0.737500000000 0.025000000000 -0.000001007912
0.737500000000 0.037500000000 -0.000001510275
0.737500000000 0.050000000000 -0.000002010726
0.737500000000 0.062500000000 -0.000002508626
0.737500000000 0.075000000000 -0.000003003337
0.737500000000 0.087500000000 -0.000003494220
0.737500000000 0.100000000000 -0.000003980634
0.737500000000 0.112500000000 -0.000004461935
0.737500000000 0.125000000000 -0.000004937482
0.737500000000 0.137500000000 -0.000005406627
0.737500000000 0.150000000000 -0.000005868725
0.737500000000 0.162500000000 -0.000006323127
0.737500000000 0.175000000000 -0.000006769182
0.737500000000 0.187500000000 -0.000007206237
0.737500000000 0.200000000000 -0.000007633636
0.737500000000 0.212500000000 -0.000008050721
0.737500000000 0.225000000000 -0.000008456833
0.737500000000 0.237500000000 -0.000008851313
0.737500000000 0.250000000000 -0.000009233499
0.737500000000 0.262500000000 -0.000009602728
0.737500000000 0.275000000000 -0.000009958341
0.737500000000 0.287500000000 -0.000010299675
0.737500000000 0.300000000000 -0.000010626075
0.737500000000 0.312500000000 -0.000010936885
0.737500000000 0.325000000000 -0.000011231460
0.737500000000 0.337500000000 -0.000011509159
0.737500000000 0.350000000000 -0.000011769356
0.737500000000 0.362500000000 -0.000012011434
0.737500000000 0.375000000000 -0.000012234801
0.737500000000 0.387500000000 -0.000012438885
0.737500000000 0.400000000000 -0.000012623139
0.737500000000 0.412500000000 -0.000012787051
0.737500000000 0.425000000000 -0.000012930149
0.737500000000 0.437500000000 -0.000013052007
0.737500000000 0.450000000000 -0.000013152249
0.737500000000 0.462500000000 -0.000013230557
0.737500000000 0.475000000000 -0.000013286677
0.737500000000 0.487500000000 -0.000013320424
0.737500000000 0.500000000000 -0.000013331685
0.737500000000 0.512500000000 -0.000013320424
0.737500000000 0.525000000000 -0.000013286677
0.737500000000 0.537500000000 -0.000013230557
0.737500000000 0.550000000000 -0.000013152249
0.737500000000 0.562500000000 -0.000013052007
0.737500000000 0.575000000000 -0.000012930149
0.737500000000 0.587500000000 -0.000012787051
0.737500000000 0.600000000000 -0.000012623139
0.737500000000 0.612500000000 -0.000012438885
0.737500000000 0.625000000000 -0.000012234801
0.737500000000 0.637500000000 -0.000012011434
0.737500000000 0.650000000000 -0.000011769356
0.737500000000 0.662500000000 -0.000011509159
0.737500000000 0.675000000000 -0.000011231460
0.737500000000 0.687500000000 -0.000010936885
0.737500000000 0.700000000000 -0.000010626075
0.737500000000 0.712500000000 -0.000010299675
0.737500000000 0.725000000000 -0.000009958341
0.737500000000 0.737500000000 -0.000009602728
0.737500000000 0.750000000000 -0.000009233499
0.737500000000 0.762500000000 -0.000008851313
0.737500000000 0.775000000000 -0.000008456833
0.737500000000 0.787500000000 -0.000008050721
0.737500000000 0.800000000000 -0.000007633636
0.737500000000 0.812500000000 -0.000007206237
0.737500000000 0.825000000000 -0.000006769182
0.737500000000 0.837500000000 -0.000006323127
0.737500000000 0.850000000000 -0.000005868725
0.737500000000 0.862500000000 -0.000005406627
0.737500000000 0.875000000000 -0.000004937482
0.737500000000 0.887500000000 -0.000004461935
0.737500000000 0.900000000000 -0.000003980634
0.737500000000 0.912500000000 -0.000003494220
0.737500000000 0.925000000000 -0.000003003337
0.737500000000 0.937500000000 -0.000002508626
0.737500000000 0.950000000000 -0.000002010726
0.737500000000 0.962500000000 -0.000001510275
0.737500000000 0.975000000000 -0.000001007912
0.737500000000 0.987500000000 -0.000000504274
0.737500000000 1.000000000000 0.000000000000

0.750000000000 0.000000000000 0.000000000000
0.750000000000 0.012500000000 -0.000000485143
0.750000000000 0.025000000000 -0.000000969671
0.750000000000 0.037500000000 -0.000001452965
0.750000000000 0.050000000000 -0.000001934410
0.750000000000 0.062500000000 -0.000002413387
0.750000000000 0.075000000000 -0.000002889279
0.750000000000 0.087500000000 -0.000003361469
0.750000000000 0.100000000000 -0.000003829335
0.750000000000 0.112500000000 -0.000004292257
0.750000000000 0.125000000000 -0.000004749613
0.750000000000 0.137500000000 -0.000005200778
0.750000000000 0.150000000000 -0.000005645128
0.750000000000 0.162500000000 -0.000006082034
0.750000000000 0.175000000000 -0.000006510867
0.750000000000 0.187500000000 -0.000006931000
0.750000000000 0.200000000000 -0.000007341796
0.750000000000 0.212500000000 -0.000007742621
0.750000000000 0.225000000000 -0.000008132840
0.750000000000 0.237500000000 -0.000008511817
0.750000000000 0.250000000000 -0.000008878916
0.750000000000 0.262500000000 -0.000009233499
0.750000000000 0.275000000000 -0.000009574931
0.750000000000 0.287500000000 -0.000009902580
0.750000000000 0.300000000000 -0.000010215817
0.750000000000 0.312500000000 -0.000010514017
0.750000000000 0.325000000000 -0.000010796564
0.750000000000 0.337500000000 -0.000011062850
0.750000000000 0.350000000000 -0.000011312278
0.750000000000 0.362500000000 -0.000011544269
0.750000000000 0.375000000000 -0.000011758264
0.750000000000 0.387500000000 -0.000011953724
0.750000000000 0.400000000000 -0.000012130140
0.750000000000 0.412500000000 -0.000012287035
0.750000000000 0.425000000000 -0.000012423971
0.750000000000 0.437500000000 -0.000012540552
0.750000000000 0.450000000000 -0.000012636431
0.750000000000 0.462500000000 -0.000012711318
0.750000000000 0.475000000000 -0.000012764978
0.750000000000 0.487500000000 -0.000012797243
0.750000000000 0.500000000000 -0.000012808010
0.750000000000 0.512500000000 -0.000012797243
0.750000000000 0.525000000000 -0.000012764978
0.750000000000 0.537500000000 -0.000012711318
0.750000000000 0.550000000000 -0.000012636431
0.750000000000 0.562500000000 -0.000012540552
0.750000000000 0.575000000000 -0.000012423971
0.750000000000 0.587500000000 -0.000012287035
0.750000000000 0.600000000000 -0.000012130140
0.750000000000 0.612500000000 -0.000011953724
0.750000000000 0.625000000000 -0.000011758264
0.750000000000 0.637500000000 -0.000011544269
0.750000000000 0.650000000000 -0.000011312278
0.750000000000 0.662500000000 -0.000011062850
0.750000000000 0.675000000000 -0.000010796564
0.750000000000 0.687500000000 -0.000010514017
0.750000000000 0.700000000000 -0.000010215817
0.750000000000 0.712500000000 -0.000009902580
0.750000000000 0.725000000000 -0.000009574931
0.750000000000 0.737500000000 -0.000009233499
0.750000000000 0.750000000000 -0.000008878916
0.750000000000 0.762500000000 -0.000008511817
0.750000000000 0.775000000000 -0.000008132840
0.750000000000 0.787500000000 -0.000007742621
0.750000000000 0.800000000000 -0.000007341796
0.750000000000 0.812500000000 -0.000006931000
0.750000000000 0.825000000000 -0.000006510867
0.750000000000 0.837500000000 -0.000006082034
0.750000000000 0.850000000000 -0.000005645128
0.750000000000 0.862500000000 -0.000005200778
0.750000000000 0.875000000000 -0.000004749613
0.750000000000 0.887500000000 -0.000004292257
0.750000000000 0.900000000000 -0.000003829335
0.750000000000 0.912500000000 -0.000003361469
0.750000000000 0.925000000000 -0.000002889279
0.750000000000 0.937500000000 -0.000002413387
0.750000000000 0.950000000000 -0.000001934410
0.750000000000 0.962500000000 -0.000001452965
0.750000000000 0.975000000000 -0.000000969671
0.750000000000 0.987500000000 -0.000000485143
0.750000000000 1.000000000000 0.000000000000

0.762500000000 0.000000000000 0.000000000000
0.762500000000 0.012500000000 -0.000000465302
0.762500000000 0.025000000000 -0.000000930010
0.762500000000 0.037500000000 -0.000001393529
0.762500000000 0.050000000000 -0.000001855264
0.762500000000 0.062500000000 -0.000002314620
0.762500000000 0.075000000000 -0.000002771001
0.762500000000 0.087500000000 -0.000003223814
0.762500000000 0.100000000000 -0.000003672458
0.762500000000 0.112500000000 -0.000004116336
0.762500000000 0.125000000000 -0.000004554848
0.762500000000 0.137500000000 -0.000004987391
0.762500000000 0.150000000000 -0.000005413364
0.762500000000 0.162500000000 -0.000005832163
0.762500000000 0.175000000000 -0.000006243182
0.762500000000 0.187500000000 -0.000006645814
0.762500000000 0.200000000000 -0.000007039449
0.762500000000 0.212500000000 -0.000007423477
0.762500000000 0.225000000000 -0.000007797288
0.762500000000 0.237500000000 -0.000008160271
0.762500000000 0.250000000000 -0.000008511817
0.762500000000 0.262500000000 -0.000008851313
0.762500000000 0.275000000000 -0.000009178151
0.762500000000 0.287500000000 -0.000009491729
0.762500000000 0.300000000000 -0.000009791445
0.762500000000 0.312500000000 -0.000010076707
0.762500000000 0.325000000000 -0.000010346927
0.762500000000 0.337500000000 -0.000010601530
0.762500000000 0.350000000000 -0.000010839951
0.762500000000 0.362500000000 -0.000011061645
0.762500000000 0.375000000000 -0.000011266085
0.762500000000 0.387500000000 -0.000011452768
0.762500000000 0.400000000000 -0.000011621217
0.762500000000 0.412500000000 -0.000011770989
0.762500000000 0.425000000000 -0.000011901676
0.762500000000 0.437500000000 -0.000012012913
0.762500000000 0.450000000000 -0.000012104380
0.762500000000 0.462500000000 -0.000012175810
0.762500000000 0.475000000000 -0.000012226987
0.762500000000 0.487500000000 -0.000012257755
0.762500000000 0.500000000000 -0.000012268022
0.762500000000 0.512500000000 -0.000012257755
0.762500000000 0.525000000000 -0.000012226987
0.762500000000 0.537500000000 -0.000012175810
0.762500000000 0.550000000000 -0.000012104380
0.762500000000 0.562500000000 -0.000012012913
0.762500000000 0.575000000000 -0.000011901676
0.762500000000 0.587500000000 -0.000011770989
0.762500000000 0.600000000000 -0.000011621217
0.762500000000 0.612500000000 -0.000011452768
0.762500000000 0.625000000000 -0.000011266085
0.762500000000 0.637500000000 -0.000011061645
0.762500000000 0.650000000000 -0.000010839951
0.762500000000 0.662500000000 -0.000010601530
0.762500000000 0.675000000000 -0.000010346927
0.762500000000 0.687500000000 -0.000010076707
0.762500000000 0.700000000000 -0.000009791445
0.762500000000 0.712500000000 -0.000009491729
0.762500000000 0.725000000000 -0.000009178151
0.762500000000 0.737500000000 -0.000008851313
0.762500000000 0.750000000000 -0.000008511817
0.762500000000 0.762500000000 -0.000008160271
0.762500000000 0.775000000000 -0.000007797288
0.762500000000 0.787500000000 -0.000007423477
0.762500000000 0.800000000000 -0.000007039449
0.762500000000 0.812500000000 -0.000006645814
0.762500000000 0.825000000000 -0.000006243182
0.762500000000 0.837500000000 -0.000005832163
0.762500000000 0.850000000000 -0.000005413364
0.762500000000 0.862500000000 -0.000004987391
0.762500000000 0.875000000000 -0.000004554848
0.762500000000 0.887500000000 -0.000004116336
0.762500000000 0.900000000000 -0.000003672458
0.762500000000 0.912500000000 -0.000003223814
0.762500000000 0.925000000000 -0.000002771001
0.762500000000 0.937500000000 -0.000002314620
0.762500000000 0.950000000000 -0.000001855264
0.762500000000 0.962500000000 -0.000001393529
0.762500000000 0.975000000000 -0.000000930010
0.762500000000 0.987500000000 -0.000000465302
0.762500000000 1.000000000000 0.000000000000

0.775000000000 0.000000000000 0.000000000000
0.775000000000 0.012500000000 -0.000000444784
0.775000000000 0.025000000000 -0.000000888997
0.775000000000 0.037500000000 -0.000001332068
0.775000000000 0.050000000000 -0.000001773424
0.775000000000 0.062500000000 -0.000002212495
0.775000000000 0.075000000000 -0.000002648708
0.775000000000 0.087500000000 -0.000003081492
0.775000000000 0.100000000000 -0.000003510272
0.775000000000 0.112500000000 -0.000003934473
0.775000000000 0.125000000000 -0.000004353520
0.775000000000 0.137500000000 -0.000004766834
0.775000000000 0.150000000000 -0.000005173836
0.775000000000 0.162500000000 -0.000005573948
0.775000000000 0.175000000000 -0.000005966588
0.775000000000 0.187500000000 -0.000006351174
0.775000000000 0.200000000000 -0.000006727120
0.775000000000 0.212500000000 -0.000007093845
0.775000000000 0.225000000000 -0.000007450763
0.775000000000 0.237500000000 -0.000007797288
0.775000000000 0.250000000000 -0.000008132840
0.775000000000 0.262500000000 -0.000008456833
0.775000000000 0.275000000000 -0.000008768689
0.775000000000 0.287500000000 -0.000009067832
0.775000000000 0.300000000000 -0.000009353692
0.775000000000 0.312500000000 -0.000009625705
0.775000000000 0.325000000000 -0.000009883317
0.775000000000 0.337500000000 -0.000010125983
0.775000000000 0.350000000000 -0.000010353171
0.775000000000 0.362500000000 -0.000010564369
0.775000000000 0.375000000000 -0.000010759083
0.775000000000 0.387500000000 -0.000010936841
0.775000000000 0.400000000000 -0.000011097197
0.775000000000 0.412500000000 -0.000011239742
0.775000000000 0.425000000000 -0.000011364097
0.775000000000 0.437500000000 -0.000011469924
0.775000000000 0.450000000000 -0.000011556928
0.775000000000 0.462500000000 -0.000011624863
0.775000000000 0.475000000000 -0.000011673532
0.775000000000 0.487500000000 -0.000011702791
0.775000000000 0.500000000000 -0.000011712553
0.775000000000 0.512500000000 -0.000011702791
0.775000000000 0.525000000000 -0.000011673532
0.775000000000 0.537500000000 -0.000011624863
0.775000000000 0.550000000000 -0.000011556928
0.775000000000 0.562500000000 -0.000011469924
0.775000000000 0.575000000000 -0.000011364097
0.775000000000 0.587500000000 -0.000011239742
0.775000000000 0.600000000000 -0.000011097197
0.775000000000 0.612500000000 -0.000010936841
0.775000000000 0.625000000000 -0.000010759083
0.775000000000 0.637500000000 -0.000010564369
0.775000000000 0.650000000000 -0.000010353171
0.775000000000 0.662500000000 -0.000010125983
0.775000000000 0.675000000000 -0.000009883317
0.775000000000 0.687500000000 -0.000009625705
0.775000000000 0.700000000000 -0.000009353692
0.775000000000 0.712500000000 -0.000009067832
0.775000000000 0.725000000000 -0.000008768689
0.775000000000 0.737500000000 -0.000008456833
0.775000000000 0.750000000000 -0.000008132840
0.775000000000 0.762500000000 -0.000007797288
0.775000000000 0.775000000000 -0.000007450763
0.775000000000 0.787500000000 -0.000007093845
0.775000000000 0.800000000000 -0.000006727120
0.775000000000 0.812500000000 -0.000006351174
0.775000000000 0.825000000000 -0.000005966588
0.775000000000 0.837500000000 -0.000005573948
0.775000000000 0.850000000000 -0.000005173836
0.775000000000 0.862500000000 -0.000004766834
0.775000000000 0.875000000000 -0.000004353520
0.775000000000 0.887500000000 -0.000003934473
0.775000000000 0.900000000000 -0.000003510272
0.775000000000 0.912500000000 -0.000003081492
0.775000000000 0.925000000000 -0.000002648708
0.775000000000 0.937500000000 -0.000002212495
0.775000000000 0.950000000000 -0.000001773424
0.775000000000 0.962500000000 -0.000001332068
0.775000000000 0.975000000000 -0.000000888997
0.775000000000 0.987500000000 -0.000000444784
0.775000000000 1.000000000000 0.000000000000

0.787500000000 0.000000000000 0.000000000000
0.787500000000 0.012500000000 -0.000000423624
0.787500000000 0.025000000000 -0.000000846700
0.787500000000 0.037500000000 -0.000001268684
0.787500000000 0.050000000000 -0.000001689027
0.787500000000 0.062500000000 -0.000002107183
0.787500000000 0.075000000000 -0.000002522603
0.787500000000 0.087500000000 -0.000002934741
0.787500000000 0.100000000000 -0.000003343050
0.787500000000 0.112500000000 -0.000003746976
0.787500000000 0.125000000000 -0.000004145970
0.787500000000 0.137500000000 -0.000004539478
0.787500000000 0.150000000000 -0.000004926948
0.787500000000 0.162500000000 -0.000005307823
0.787500000000 0.175000000000 -0.000005681552
0.787500000000 0.187500000000 -0.000006047576
0.787500000000 0.200000000000 -0.000006405337
0.787500000000 0.212500000000 -0.000006754279
0.787500000000 0.225000000000 -0.000007093845
0.787500000000 0.237500000000 -0.000007423477
0.787500000000 0.250000000000 -0.000007742621
0.787500000000 0.262500000000 -0.000008050721
0.787500000000 0.275000000000 -0.000008347227
0.787500000000 0.287500000000 -0.000008631595
0.787500000000 0.300000000000 -0.000008903282
0.787500000000 0.312500000000 -0.000009161756
0.787500000000 0.325000000000 -0.000009406496
0.787500000000 0.337500000000 -0.000009636987
0.787500000000 0.350000000000 -0.000009852730
0.787500000000 0.362500000000 -0.000010053242
0.787500000000 0.375000000000 -0.000010238064
0.787500000000 0.387500000000 -0.000010406755
0.787500000000 0.400000000000 -0.000010558899
0.787500000000 0.412500000000 -0.000010694118
0.787500000000 0.425000000000 -0.000010812059
0.787500000000 0.437500000000 -0.000010912413
0.787500000000 0.450000000000 -0.000010994904
0.787500000000 0.462500000000 -0.000011059307
0.787500000000 0.475000000000 -0.000011105441
0.787500000000 0.487500000000 -0.000011133175
0.787500000000 0.500000000000 -0.000011142428
0.787500000000 0.512500000000 -0.000011133175
0.787500000000 0.525000000000 -0.000011105441
0.787500000000 0.537500000000 -0.000011059307
0.787500000000 0.550000000000 -0.000010994904
0.787500000000 0.562500000000 -0.000010912413
0.787500000000 0.575000000000 -0.000010812059
0.787500000000 0.587500000000 -0.000010694118
0.787500000000 0.600000000000 -0.000010558899
0.787500000000 0.612500000000 -0.000010406755
0.787500000000 0.625000000000 -0.000010238064
0.787500000000 0.637500000000 -0.000010053242
0.787500000000 0.650000000000 -0.000009852730
0.787500000000 0.662500000000 -0.000009636987
0.787500000000 0.675000000000 -0.000009406496
0.787500000000 0.687500000000 -0.000009161756
0.787500000000 0.700000000000 -0.000008903282
0.787500000000 0.712500000000 -0.000008631595
0.787500000000 0.725000000000 -0.000008347227
0.787500000000 0.737500000000 -0.000008050721
0.787500000000 0.750000000000 -0.000007742621
0.787500000000 0.762500000000 -0.000007423477
0.787500000000 0.775000000000 -0.000007093845
0.787500000000 0.787500000000 -0.000006754279
0.787500000000 0.800000000000 -0.000006405337
0.787500000000 0.812500000000 -0.000006047576
0.787500000000 0.825000000000 -0.000005681552
0.787500000000 0.837500000000 -0.000005307823
0.787500000000 0.850000000000 -0.000004926948
0.787500000000 0.862500000000 -0.000004539478
0.787500000000 0.875000000000 -0.000004145970
0.787500000000 0.887500000000 -0.000003746976
0.787500000000 0.900000000000 -0.000003343050
0.787500000000 0.912500000000 -0.000002934741
0.787500000000 0.925000000000 -0.000002522603
0.787500000000 0.937500000000 -0.000002107183
0.787500000000 0.950000000000 -0.000001689027
0.787500000000 0.962500000000 -0.000001268684
0.787500000000 0.975000000000 -0.000000846700
0.787500000000 0.987500000000 -0.000000423624
0.787500000000 1.000000000000 0.000000000000

0.800000000000 0.000000000000 0.000000000000
0.800000000000 0.012500000000 -0.000000401855
0.800000000000 0.025000000000 -0.000000803190
0.800000000000 0.037500000000 -0.000001203482
0.800000000000 0.050000000000 -0.000001602212
0.800000000000 0.062500000000 -0.000001998856
0.800000000000 0.075000000000 -0.000002392894
0.800000000000 0.087500000000 -0.000002783806
0.800000000000 0.100000000000 -0.000003171068
0.800000000000 0.112500000000 -0.000003554153
0.800000000000 0.125000000000 -0.000003932538
0.800000000000 0.137500000000 -0.000004305697
0.800000000000 0.150000000000 -0.000004673103
0.800000000000 0.162500000000 -0.000005034228
0.800000000000 0.175000000000 -0.000005388544
0.800000000000 0.187500000000 -0.000005735520
0.800000000000 0.200000000000 -0.000006074628
0.800000000000 0.212500000000 -0.000006405337
0.800000000000 0.225000000000 -0.000006727120
0.800000000000 0.237500000000 -0.000007039449
0.800000000000 0.250000000000 -0.000007341796
0.800000000000 0.262500000000 -0.000007633636
0.800000000000 0.275000000000 -0.000007914449
0.800000000000 0.287500000000 -0.000008183720
0.800000000000 0.300000000000 -0.000008440937
0.800000000000 0.312500000000 -0.000008685601
0.800000000000 0.325000000000 -0.000008917220
0.800000000000 0.337500000000 -0.000009135311
0.800000000000 0.350000000000 -0.000009339407
0.800000000000 0.362500000000 -0.000009529057
0.800000000000 0.375000000000 -0.000009703831
0.800000000000 0.387500000000 -0.000009863320
0.800000000000 0.400000000000 -0.000010007139
0.800000000000 0.412500000000 -0.000010134935
0.800000000000 0.425000000000 -0.000010246384
0.800000000000 0.437500000000 -0.000010341199
0.800000000000 0.450000000000 -0.000010419128
0.800000000000 0.462500000000 -0.000010479964
0.800000000000 0.475000000000 -0.000010523538
0.800000000000 0.487500000000 -0.000010549732
0.800000000000 0.500000000000 -0.000010558472
0.800000000000 0.512500000000 -0.000010549732
0.800000000000 0.525000000000 -0.000010523538
0.800000000000 0.537500000000 -0.000010479964
0.800000000000 0.550000000000 -0.000010419128
0.800000000000 0.562500000000 -0.000010341199
0.800000000000 0.575000000000 -0.000010246384
0.800000000000 0.587500000000 -0.000010134935
0.800000000000 0.600000000000 -0.000010007139
0.800000000000 0.612500000000 -0.000009863320
0.800000000000 0.625000000000 -0.000009703831
0.800000000000 0.637500000000 -0.000009529057
0.800000000000 0.650000000000 -0.000009339407
0.800000000000 0.662500000000 -0.000009135311
0.800000000000 0.675000000000 -0.000008917220
0.800000000000 0.687500000000 -0.000008685601
0.800000000000 0.700000000000 -0.000008440937
0.800000000000 0.712500000000 -0.000008183720
0.800000000000 0.725000000000 -0.000007914449
0.800000000000 0.737500000000 -0.000007633636
0.800000000000 0.750000000000 -0.000007341796
0.800000000000 0.762500000000 -0.000007039449
0.800000000000 0.775000000000 -0.000006727120
0.800000000000 0.787500000000 -0.000006405337
0.800000000000 0.800000000000 -0.000006074628
0.800000000000 0.812500000000 -0.000005735520
0.800000000000 0.825000000000 -0.000005388544
0.800000000000 0.837500000000 -0.000005034228
0.800000000000 0.850000000000 -0.000004673103
0.800000000000 0.862500000000 -0.000004305697
0.800000000000 0.875000000000 -0.000003932538
0.800000000000 0.887500000000 -0.000003554153
0.800000000000 0.900000000000 -0.000003171068
0.800000000000 0.912500000000 -0.000002783806
0.800000000000 0.925000000000 -0.000002392894
0.800000000000 0.937500000000 -0.000001998856
0.800000000000 0.950000000000 -0.000001602212
0.800000000000 0.962500000000 -0.000001203482
0.800000000000 0.975000000000 -0.000000803190
0.800000000000 0.987500000000 -0.000000401855
0.800000000000 1.000000000000 0.000000000000

0.812500000000 0.000000000000 0.000000000000
0.812500000000 0.012500000000 -0.000000379514
0.812500000000 0.025000000000 -0.000000758535
0.812500000000 0.037500000000 -0.000001136569
0.812500000000 0.050000000000 -0.000001513120
0.812500000000 0.062500000000 -0.000001887693
0.812500000000 0.075000000000 -0.000002259793
0.812500000000 0.087500000000 -0.000002628929
0.812500000000 0.100000000000 -0.000002994602
0.812500000000 0.112500000000 -0.000003356316
0.812500000000 0.125000000000 -0.000003713571
0.812500000000 0.137500000000 -0.000004065869
0.812500000000 0.150000000000 -0.000004412713
0.812500000000 0.162500000000 -0.000004753601
0.812500000000 0.175000000000 -0.000005088031
0.812500000000 0.187500000000 -0.000005415504
0.812500000000 0.200000000000 -0.000005735520
0.812500000000 0.212500000000 -0.000006047576
0.812500000000 0.225000000000 -0.000006351174
0.812500000000 0.237500000000 -0.000006645814
0.812500000000 0.250000000000 -0.000006931000
0.812500000000 0.262500000000 -0.000007206237
0.812500000000 0.275000000000 -0.000007471035
0.812500000000 0.287500000000 -0.000007724908
0.812500000000 0.300000000000 -0.000007967378
0.812500000000 0.312500000000 -0.000008197976
0.812500000000 0.325000000000 -0.000008416241
0.812500000000 0.337500000000 -0.000008621722
0.812500000000 0.350000000000 -0.000008813983
0.812500000000 0.362500000000 -0.000008992603
0.812500000000 0.375000000000 -0.000009157181
0.812500000000 0.387500000000 -0.000009307342
0.812500000000 0.400000000000 -0.000009442726
0.812500000000 0.412500000000 -0.000009563007
0.812500000000 0.425000000000 -0.000009667888
0.812500000000 0.437500000000 -0.000009757104
0.812500000000 0.450000000000 -0.000009830423
0.812500000000 0.462500000000 -0.000009887654
0.812500000000 0.475000000000 -0.000009928643
0.812500000000 0.487500000000 -0.000009953281
0.812500000000 0.500000000000 -0.000009961501
0.812500000000 0.512500000000 -0.000009953281
0.812500000000 0.525000000000 -0.000009928643
0.812500000000 0.537500000000 -0.000009887654
0.812500000000 0.550000000000 -0.000009830423
0.812500000000 0.562500000000 -0.000009757104
0.812500000000 0.575000000000 -0.000009667888
0.812500000000 0.587500000000 -0.000009563007
0.812500000000 0.600000000000 -0.000009442726
0.812500000000 0.612500000000 -0.000009307342
0.812500000000 0.625000000000 -0.000009157181
0.812500000000 0.637500000000 -0.000008992603
0.812500000000 0.650000000000 -0.000008813983
0.812500000000 0.662500000000 -0.000008621722
0.812500000000 0.675000000000 -0.000008416241
0.812500000000 0.687500000000 -0.000008197976
0.812500000000 0.700000000000 -0.000007967378
0.812500000000 0.712500000000 -0.000007724908
0.812500000000 0.725000000000 -0.000007471035
0.812500000000 0.737500000000 -0.000007206237
0.812500000000 0.750000000000 -0.000006931000
0.812500000000 0.762500000000 -0.000006645814
0.812500000000 0.775000000000 -0.000006351174
0.812500000000 0.787500000000 -0.000006047576
0.812500000000 0.800000000000 -0.000005735520
0.812500000000 0.812500000000 -0.000005415504
0.812500000000 0.825000000000 -0.000005088031
0.812500000000 0.837500000000 -0.000004753601
0.812500000000 0.850000000000 -0.000004412713
0.812500000000 0.862500000000 -0.000004065869
0.812500000000 0.875000000000 -0.000003713571
0.812500000000 0.887500000000 -0.000003356316
0.812500000000 0.900000000000 -0.000002994602
0.812500000000 0.912500000000 -0.000002628929
0.812500000000 0.925000000000 -0.000002259793
0.812500000000 0.937500000000 -0.000001887693
0.812500000000 0.950000000000 -0.000001513120
0.812500000000 0.962500000000 -0.000001136569
0.812500000000 0.975000000000 -0.000000758535
0.812500000000 0.987500000000 -0.000000379514
0.812500000000 1.000000000000 0.000000000000

0.825000000000 0.000000000000 0.000000000000
0.825000000000 0.012500000000 -0.000000356636
0.825000000000 0.025000000000 -0.000000712807
0.825000000000 0.037500000000 -0.000001068047
0.825000000000 0.050000000000 -0.000001421889
0.825000000000 0.062500000000 -0.000001773866
0.825000000000 0.075000000000 -0.000002123510
0.825000000000 0.087500000000 -0.000002470355
0.825000000000 0.100000000000 -0.000002813934
0.825000000000 0.112500000000 -0.000003153776
0.825000000000 0.125000000000 -0.000003489411
0.825000000000 0.137500000000 -0.000003820372
0.825000000000 0.150000000000 -0.000004146185
0.825000000000 0.162500000000 -0.000004466381
0.825000000000 0.175000000000 -0.000004780488
0.825000000000 0.187500000000 -0.000005088031
0.825000000000 0.200000000000 -0.000005388544
0.825000000000 0.212500000000 -0.000005681552
0.825000000000 0.225000000000 -0.000005966588
0.825000000000 0.237500000000 -0.000006243182
0.825000000000 0.250000000000 -0.000006510867
0.825000000000 0.262500000000 -0.000006769182
0.825000000000 0.275000000000 -0.000007017664
0.825000000000 0.287500000000 -0.000007255861
0.825000000000 0.300000000000 -0.000007483324
0.825000000000 0.312500000000 -0.000007699617
0.825000000000 0.325000000000 -0.000007904310
0.825000000000 0.337500000000 -0.000008096983
0.825000000000 0.350000000000 -0.000008277230
0.825000000000 0.362500000000 -0.000008444663
0.825000000000 0.375000000000 -0.000008598909
0.825000000000 0.387500000000 -0.000008739618
0.825000000000 0.400000000000 -0.000008866464
0.825000000000 0.412500000000 -0.000008979144
0.825000000000 0.425000000000 -0.000009077384
0.825000000000 0.437500000000 -0.000009160941
0.825000000000 0.450000000000 -0.000009229604
0.825000000000 0.462500000000 -0.000009283195
0.825000000000 0.475000000000 -0.000009321574
0.825000000000 0.487500000000 -0.000009344643
0.825000000000 0.500000000000 -0.000009352339
0.825000000000 0.512500000000 -0.000009344643
0.825000000000 0.525000000000 -0.000009321574
0.825000000000 0.537500000000 -0.000009283195
0.825000000000 0.550000000000 -0.000009229604
0.825000000000 0.562500000000 -0.000009160941
0.825000000000 0.575000000000 -0.000009077384
0.825000000000 0.587500000000 -0.000008979144
0.825000000000 0.600000000000 -0.000008866464
0.825000000000 0.612500000000 -0.000008739618
0.825000000000 0.625000000000 -0.000008598909
0.825000000000 0.637500000000 -0.000008444663
0.825000000000 0.650000000000 -0.000008277230
0.825000000000 0.662500000000 -0.000008096983
0.825000000000 0.675000000000 -0.000007904310
0.825000000000 0.687500000000 -0.000007699617
0.825000000000 0.700000000000 -0.000007483324
0.825000000000 0.712500000000 -0.000007255861
0.825000000000 0.725000000000 -0.000007017664
0.825000000000 0.737500000000 -0.000006769182
0.825000000000 0.750000000000 -0.000006510867
0.825000000000 0.762500000000 -0.000006243182
0.825000000000 0.775000000000 -0.000005966588
0.825000000000 0.787500000000 -0.000005681552
0.825000000000 0.800000000000 -0.000005388544
0.825000000000 0.812500000000 -0.000005088031
0.825000000000 0.825000000000 -0.000004780488
0.825000000000 0.837500000000 -0.000004466381
0.825000000000 0.850000000000 -0.000004146185
0.825000000000 0.862500000000 -0.000003820372
0.825000000000 0.875000000000 -0.000003489411
0.825000000000 0.887500000000 -0.000003153776
0.825000000000 0.900000000000 -0.000002813934
0.825000000000 0.912500000000 -0.000002470355
0.825000000000 0.925000000000 -0.000002123510
0.825000000000 0.937500000000 -0.000001773866
0.825000000000 0.950000000000 -0.000001421889
0.825000000000 0.962500000000 -0.000001068047
0.825000000000 0.975000000000 -0.000000712807
0.825000000000 0.987500000000 -0.000000356636
0.825000000000 1.000000000000 0.000000000000

0.837500000000 0.000000000000 0.000000000000
0.837500000000 0.012500000000 -0.000000333258
0.837500000000 0.025000000000 -0.000000666079
0.837500000000 0.037500000000 -0.000000998028
0.837500000000 0.050000000000 -0.000001328665
0.837500000000 0.062500000000 -0.000001657553
0.837500000000 0.075000000000 -0.000001984253
0.837500000000 0.087500000000 -0.000002308327
0.837500000000 0.100000000000 -0.000002629338
0.837500000000 0.112500000000 -0.000002946844
0.837500000000 0.125000000000 -0.000003260403
0.837500000000 0.137500000000 -0.000003569579
0.837500000000 0.150000000000 -0.000003873929
0.837500000000 0.162500000000 -0.000004173010
0.837500000000 0.175000000000 -0.000004466381
0.837500000000 0.187500000000 -0.000004753601
0.837500000000 0.200000000000 -0.000005034228
0.837500000000 0.212500000000 -0.000005307823
0.837500000000 0.225000000000 -0.000005573948
0.837500000000 0.237500000000 -0.000005832163
0.837500000000 0.250000000000 -0.000006082034
0.837500000000 0.262500000000 -0.000006323127
0.837500000000 0.275000000000 -0.000006555016
0.837500000000 0.287500000000 -0.000006777275
0.837500000000 0.300000000000 -0.000006989491
0.837500000000 0.312500000000 -0.000007191257
0.837500000000 0.325000000000 -0.000007382173
0.837500000000 0.337500000000 -0.000007561854
0.837500000000 0.350000000000 -0.000007729922
0.837500000000 0.362500000000 -0.000007886019
0.837500000000 0.375000000000 -0.000008029802
0.837500000000 0.387500000000 -0.000008160948
0.837500000000 0.400000000000 -0.000008279157
0.837500000000 0.412500000000 -0.000008384153
0.837500000000 0.425000000000 -0.000008475683
0.837500000000 0.437500000000 -0.000008553524
0.837500000000 0.450000000000 -0.000008617484
0.837500000000 0.462500000000 -0.000008667401
0.837500000000 0.475000000000 -0.000008703148
0.837500000000 0.487500000000 -0.000008724635
0.837500000000 0.500000000000 -0.000008731802
0.837500000000 0.512500000000 -0.000008724635
0.837500000000 0.525000000000 -0.000008703148
0.837500000000 0.537500000000 -0.000008667401
0.837500000000 0.550000000000 -0.000008617484
0.837500000000 0.562500000000 -0.000008553524
0.837500000000 0.575000000000 -0.000008475683
0.837500000000 0.587500000000 -0.000008384153
0.837500000000 0.600000000000 -0.000008279157
0.837500000000 0.612500000000 -0.000008160948
0.837500000000 0.625000000000 -0.000008029802
0.837500000000 0.637500000000 -0.000007886019
0.837500000000 0.650000000000 -0.000007729922
0.837500000000 0.662500000000 -0.000007561854
0.837500000000 0.675000000000 -0.000007382173
0.837500000000 0.687500000000 -0.000007191257
0.837500000000 0.700000000000 -0.000006989491
0.837500000000 0.712500000000 -0.000006777275
0.837500000000 0.725000000000 -0.000006555016
0.837500000000 0.737500000000 -0.000006323127
0.837500000000 0.750000000000 -0.000006082034
0.837500000000 0.762500000000 -0.000005832163
0.837500000000 0.775000000000 -0.000005573948
0.837500000000 0.787500000000 -0.000005307823
0.837500000000 0.800000000000 -0.000005034228
0.837500000000 0.812500000000 -0.000004753601
0.837500000000 0.825000000000 -0.000004466381
0.837500000000 0.837500000000 -0.000004173010
0.837500000000 0.850000000000 -0.000003873929
0.837500000000 0.862500000000 -0.000003569579
0.837500000000 0.875000000000 -0.000003260403
0.837500000000 0.887500000000 -0.000002946844
0.837500000000 0.900000000000 -0.000002629338
0.837500000000 0.912500000000 -0.000002308327
0.837500000000 0.925000000000 -0.000001984253
0.837500000000 0.937500000000 -0.000001657553
0.837500000000 0.950000000000 -0.000001328665
0.837500000000 0.962500000000 -0.000000998028
0.837500000000 0.975000000000 -0.000000666079
0.837500000000 0.987500000000 -0.000000333258
0.837500000000 1.000000000000 0.000000000000

0.850000000000 0.000000000000 0.000000000000
0.850000000000 0.012500000000 -0.000000309415
0.850000000000 0.025000000000 -0.000000618422
0.850000000000 0.037500000000 -0.000000926616
0.850000000000 0.050000000000 -0.000001233588
0.850000000000 0.062500000000 -0.000001538930
0.850000000000 0.075000000000 -0.000001842233
0.850000000000 0.087500000000 -0.000002143092
0.850000000000 0.100000000000 -0.000002441095
0.850000000000 0.112500000000 -0.000002735833
0.850000000000 0.125000000000 -0.000003026895
0.850000000000 0.137500000000 -0.000003313872
0.850000000000 0.150000000000 -0.000003596354
0.850000000000 0.162500000000 -0.000003873929
0.850000000000 0.175000000000 -0.000004146185
0.850000000000 0.187500000000 -0.000004412713
0.850000000000 0.200000000000 -0.000004673103
0.850000000000 0.212500000000 -0.000004926948
0.850000000000 0.225000000000 -0.000005173836
0.850000000000 0.237500000000 -0.000005413364
0.850000000000 0.250000000000 -0.000005645128
0.850000000000 0.262500000000 -0.000005868725
0.850000000000 0.275000000000 -0.000006083761
0.850000000000 0.287500000000 -0.000006289843
0.850000000000 0.300000000000 -0.000006486589
0.850000000000 0.312500000000 -0.000006673621
0.850000000000 0.325000000000 -0.000006850574
0.850000000000 0.337500000000 -0.000007017090
0.850000000000 0.350000000000 -0.000007172825
0.850000000000 0.362500000000 -0.000007317450
0.850000000000 0.375000000000 -0.000007450648
0.850000000000 0.387500000000 -0.000007572126
0.850000000000 0.400000000000 -0.000007681607
0.850000000000 0.412500000000 -0.000007778838
0.850000000000 0.425000000000 -0.000007863591
0.850000000000 0.437500000000 -0.000007935662
0.850000000000 0.450000000000 -0.000007994876
0.850000000000 0.462500000000 -0.000008041088
0.850000000000 0.475000000000 -0.000008074180
0.850000000000 0.487500000000 -0.000008094069
0.850000000000 0.500000000000 -0.000008100705
0.850000000000 0.512500000000 -0.000008094069
0.850000000000 0.525000000000 -0.000008074180
0.850000000000 0.537500000000 -0.000008041088
0.850000000000 0.550000000000 -0.000007994876
0.850000000000 0.562500000000 -0.000007935662
0.850000000000 0.575000000000 -0.000007863591
0.850000000000 0.587500000000 -0.000007778838
0.850000000000 0.600000000000 -0.000007681607
0.850000000000 0.612500000000 -0.000007572126
0.850000000000 0.625000000000 -0.000007450648
0.850000000000 0.637500000000 -0.000007317450
0.850000000000 0.650000000000 -0.000007172825
0.850000000000 0.662500000000 -0.000007017090
0.850000000000 0.675000000000 -0.000006850574
0.850000000000 0.687500000000 -0.000006673621
0.850000000000 0.700000000000 -0.000006486589
0.850000000000 0.712500000000 -0.000006289843
0.850000000000 0.725000000000 -0.000006083761
0.850000000000 0.737500000000 -0.000005868725
0.850000000000 0.750000000000 -0.000005645128
0.850000000000 0.762500000000 -0.000005413364
0.850000000000 0.775000000000 -0.000005173836
0.850000000000 0.787500000000 -0.000004926948
0.850000000000 0.800000000000 -0.000004673103
0.850000000000 0.812500000000 -0.000004412713
0.850000000000 0.825000000000 -0.000004146185
0.850000000000 0.837500000000 -0.000003873929
0.850000000000 0.850000000000 -0.000003596354
0.850000000000 0.862500000000 -0.000003313872
0.850000000000 0.875000000000 -0.000003026895
0.850000000000 0.887500000000 -0.000002735833
0.850000000000 0.900000000000 -0.000002441095
0.850000000000 0.912500000000 -0.000002143092
0.850000000000 0.925000000000 -0.000001842233
0.850000000000 0.937500000000 -0.000001538930
0.850000000000 0.950000000000 -0.000001233588
0.850000000000 0.962500000000 -0.000000926616
0.850000000000 0.975000000000 -0.000000618422
0.850000000000 0.987500000000 -0.000000309415
0.850000000000 1.000000000000 0.000000000000

0.862500000000 0.000000000000 0.000000000000
0.862500000000 0.012500000000 -0.000000285142
0.862500000000 0.025000000000 -0.000000569907
0.862500000000 0.037500000000 -0.000000853918
0.862500000000 0.050000000000 -0.000001136800
0.862500000000 0.062500000000 -0.000001418175
0.862500000000 0.075000000000 -0.000001697666
0.862500000000 0.087500000000 -0.000001974897
0.862500000000 0.100000000000 -0.000002249487
0.862500000000 0.112500000000 -0.000002521059
0.862500000000 0.125000000000 -0.000002789232
0.862500000000 0.137500000000 -0.000003053629
0.862500000000 0.150000000000 -0.000003313872
0.862500000000 0.162500000000 -0.000003569579
0.862500000000 0.175000000000 -0.000003820372
0.862500000000 0.187500000000 -0.000004065869
0.862500000000 0.200000000000 -0.000004305697
0.862500000000 0.212500000000 -0.000004539478
0.862500000000 0.225000000000 -0.000004766834
0.862500000000 0.237500000000 -0.000004987391
0.862500000000 0.250000000000 -0.000005200778
0.862500000000 0.262500000000 -0.000005406627
0.862500000000 0.275000000000 -0.000005604572
0.862500000000 0.287500000000 -0.000005794255
0.862500000000 0.300000000000 -0.000005975325
0.862500000000 0.312500000000 -0.000006147435
0.862500000000 0.325000000000 -0.000006310252
0.862500000000 0.337500000000 -0.000006463446
0.862500000000 0.350000000000 -0.000006606706
0.862500000000 0.362500000000 -0.000006739730
0.862500000000 0.375000000000 -0.000006862231
0.862500000000 0.387500000000 -0.000006973941
0.862500000000 0.400000000000 -0.000007074608
0.862500000000 0.412500000000 -0.000007164002
0.862500000000 0.425000000000 -0.000007241916
0.862500000000 0.437500000000 -0.000007308167
0.862500000000 0.450000000000 -0.000007362596
0.862500000000 0.462500000000 -0.000007405069
0.862500000000 0.475000000000 -0.000007435483
0.862500000000 0.487500000000 -0.000007453762
0.862500000000 0.500000000000 -0.000007459859
0.862500000000 0.512500000000 -0.000007453762
0.862500000000 0.525000000000 -0.000007435483
0.862500000000 0.537500000000 -0.000007405069
0.862500000000 0.550000000000 -0.000007362596
0.862500000000 0.562500000000 -0.000007308167
0.862500000000 0.575000000000 -0.000007241916
0.862500000000 0.587500000000 -0.000007164002
0.862500000000 0.600000000000 -0.000007074608
0.862500000000 0.612500000000 -0.000006973941
0.862500000000 0.625000000000 -0.000006862231
0.862500000000 0.637500000000 -0.000006739730
0.862500000000 0.650000000000 -0.000006606706
0.862500000000 0.662500000000 -0.000006463446
0.862500000000 0.675000000000 -0.000006310252
0.862500000000 0.687500000000 -0.000006147435
0.862500000000 0.700000000000 -0.000005975325
0.862500000000 0.712500000000 -0.000005794255
0.862500000000 0.725000000000 -0.000005604572
0.862500000000 0.737500000000 -0.000005406627
0.862500000000 0.750000000000 -0.000005200778
0.862500000000 0.762500000000 -0.000004987391
0.862500000000 0.775000000000 -0.000004766834
0.862500000000 0.787500000000 -0.000004539478
0.862500000000 0.800000000000 -0.000004305697
0.862500000000 0.812500000000 -0.000004065869
0.862500000000 0.825000000000 -0.000003820372
0.862500000000 0.837500000000 -0.000003569579
0.862500000000 0.850000000000 -0.000003313872
0.862500000000 0.862500000000 -0.000003053629
0.862500000000 0.875000000000 -0.000002789232
0.862500000000 0.887500000000 -0.000002521059
0.862500000000 0.900000000000 -0.000002249487
0.862500000000 0.912500000000 -0.000001974897
0.862500000000 0.925000000000 -0.000001697666
0.862500000000 0.937500000000 -0.000001418175
0.862500000000 0.950000000000 -0.000001136800
0.862500000000 0.962500000000 -0.000000853918
0.862500000000 0.975000000000 -0.000000569907
0.862500000000 0.987500000000 -0.000000285142
0.862500000000 1.000000000000 0.000000000000

0.875000000000 0.000000000000 0.000000000000
0.875000000000 0.012500000000 -0.000000260475
0.875000000000 0.025000000000 -0.000000520604
0.875000000000 0.037500000000 -0.000000780042
0.875000000000 0.050000000000 -0.000001038444
0.875000000000 0.062500000000 -0.000001295466
0.875000000000 0.075000000000 -0.000001550762
0.875000000000 0.087500000000 -0.000001803988
0.875000000000 0.100000000000 -0.000002054795
0.875000000000 0.112500000000 -0.000002302836
0.875000000000 0.125000000000 -0.000002547764
0.875000000000 0.137500000000 -0.000002789232
0.875000000000 0.150000000000 -0.000003026895
0.875000000000 0.162500000000 -0.000003260403
0.875000000000 0.175000000000 -0.000003489411
0.875000000000 0.187500000000 -0.000003713571
0.875000000000 0.200000000000 -0.000003932538
0.875000000000 0.212500000000 -0.000004145970
0.875000000000 0.225000000000 -0.000004353520
0.875000000000 0.237500000000 -0.000004554848
0.875000000000 0.250000000000 -0.000004749613
0.875000000000 0.262500000000 -0.000004937482
0.875000000000 0.275000000000 -0.000005118120
0.875000000000 0.287500000000 -0.000005291201
0.875000000000 0.300000000000 -0.000005456406
0.875000000000 0.312500000000 -0.000005613420
0.875000000000 0.325000000000 -0.000005761941
0.875000000000 0.337500000000 -0.000005901671
0.875000000000 0.350000000000 -0.000006032324
0.875000000000 0.362500000000 -0.000006153630
0.875000000000 0.375000000000 -0.000006265329
0.875000000000 0.387500000000 -0.000006367179
0.875000000000 0.400000000000 -0.000006458953
0.875000000000 0.412500000000 -0.000006540441
0.875000000000 0.425000000000 -0.000006611460
0.875000000000 0.437500000000 -0.000006671844
0.875000000000 0.450000000000 -0.000006721449
0.875000000000 0.462500000000 -0.000006760156
0.875000000000 0.475000000000 -0.000006787872
0.875000000000 0.487500000000 -0.000006804528
0.875000000000 0.500000000000 -0.000006810084
0.875000000000 0.512500000000 -0.000006804528
0.875000000000 0.525000000000 -0.000006787872
0.875000000000 0.537500000000 -0.000006760156
0.875000000000 0.550000000000 -0.000006721449
0.875000000000 0.562500000000 -0.000006671844
0.875000000000 0.575000000000 -0.000006611460
0.875000000000 0.587500000000 -0.000006540441
0.875000000000 0.600000000000 -0.000006458953
0.875000000000 0.612500000000 -0.000006367179
0.875000000000 0.625000000000 -0.000006265329
0.875000000000 0.637500000000 -0.000006153630
0.875000000000 0.650000000000 -0.000006032324
0.875000000000 0.662500000000 -0.000005901671
0.875000000000 0.675000000000 -0.000005761941
0.875000000000 0.687500000000 -0.000005613420
0.875000000000 0.700000000000 -0.000005456406
0.875000000000 0.712500000000 -0.000005291201
0.875000000000 0.725000000000 -0.000005118120
0.875000000000 0.737500000000 -0.000004937482
0.875000000000 0.750000000000 -0.000004749613
0.875000000000 0.762500000000 -0.000004554848
0.875000000000 0.775000000000 -0.000004353520
0.875000000000 0.787500000000 -0.000004145970
0.875000000000 0.800000000000 -0.000003932538
0.875000000000 0.812500000000 -0.000003713571
0.875000000000 0.825000000000 -0.000003489411
0.875000000000 0.837500000000 -0.000003260403
0.875000000000 0.850000000000 -0.000003026895
0.875000000000 0.862500000000 -0.000002789232
0.875000000000 0.875000000000 -0.000002547764
0.875000000000 0.887500000000 -0.000002302836
0.875000000000 0.900000000000 -0.000002054795
0.875000000000 0.912500000000 -0.000001803988
0.875000000000 0.925000000000 -0.000001550762
0.875000000000 0.937500000000 -0.000001295466
0.875000000000 0.950000000000 -0.000001038444
0.875000000000 0.962500000000 -0.000000780042
0.875000000000 0.975000000000 -0.000000520604
0.875000000000 0.987500000000 -0.000000260475
0.875000000000 1.000000000000 0.000000000000

0.887500000000 0.000000000000 0.000000000000
0.887500000000 0.012500000000 -0.000000235450
0.887500000000 0.025000000000 -0.000000470584
0.887500000000 0.037500000000 -0.000000705093
0.887500000000 0.050000000000 -0.000000938661
0.887500000000 0.062500000000 -0.000001170980
0.887500000000 0.075000000000 -0.000001401736
0.887500000000 0.087500000000 -0.000001630614
0.887500000000 0.100000000000 -0.000001857298
0.887500000000 0.112500000000 -0.000002081477
0.887500000000 0.125000000000 -0.000002302836
0.887500000000 0.137500000000 -0.000002521059
0.887500000000 0.150000000000 -0.000002735833
0.887500000000 0.162500000000 -0.000002946844
0.887500000000 0.175000000000 -0.000003153776
0.887500000000 0.187500000000 -0.000003356316
0.887500000000 0.200000000000 -0.000003554153
0.887500000000 0.212500000000 -0.000003746976
0.887500000000 0.225000000000 -0.000003934473
0.887500000000 0.237500000000 -0.000004116336
0.887500000000 0.250000000000 -0.000004292257
0.887500000000 0.262500000000 -0.000004461935
0.887500000000 0.275000000000 -0.000004625069
0.887500000000 0.287500000000 -0.000004781365
0.887500000000 0.300000000000 -0.000004930535
0.887500000000 0.312500000000 -0.000005072298
0.887500000000 0.325000000000 -0.000005206378
0.887500000000 0.337500000000 -0.000005332511
0.887500000000 0.350000000000 -0.000005450439
0.887500000000 0.362500000000 -0.000005559920
0.887500000000 0.375000000000 -0.000005660723
0.887500000000 0.387500000000 -0.000005752627
0.887500000000 0.400000000000 -0.000005835434
0.887500000000 0.412500000000 -0.000005908956
0.887500000000 0.425000000000 -0.000005973026
0.887500000000 0.437500000000 -0.000006027499
0.887500000000 0.450000000000 -0.000006072246
0.887500000000 0.462500000000 -0.000006107161
0.887500000000 0.475000000000 -0.000006132160
0.887500000000 0.487500000000 -0.000006147183
0.887500000000 0.500000000000 -0.000006152195
0.887500000000 0.512500000000 -0.000006147183
0.887500000000 0.525000000000 -0.000006132160
0.887500000000 0.537500000000 -0.000006107161
0.887500000000 0.550000000000 -0.000006072246
0.887500000000 0.562500000000 -0.000006027499
0.887500000000 0.575000000000 -0.000005973026
0.887500000000 0.587500000000 -0.000005908956
0.887500000000 0.600000000000 -0.000005835434
0.887500000000 0.612500000000 -0.000005752627
0.887500000000 0.625000000000 -0.000005660723
0.887500000000 0.637500000000 -0.000005559920
0.887500000000 0.650000000000 -0.000005450439
0.887500000000 0.662500000000 -0.000005332511
0.887500000000 0.675000000000 -0.000005206378
0.887500000000 0.687500000000 -0.000005072298
0.887500000000 0.700000000000 -0.000004930535
0.887500000000 0.712500000000 -0.000004781365
0.887500000000 0.725000000000 -0.000004625069
0.887500000000 0.737500000000 -0.000004461935
0.887500000000 0.750000000000 -0.000004292257
0.887500000000 0.762500000000 -0.000004116336
0.887500000000 0.775000000000 -0.000003934473
0.887500000000 0.787500000000 -0.000003746976
0.887500000000 0.800000000000 -0.000003554153
0.887500000000 0.812500000000 -0.000003356316
0.887500000000 0.825000000000 -0.000003153776
0.887500000000 0.837500000000 -0.000002946844
0.887500000000 0.850000000000 -0.000002735833
0.887500000000 0.862500000000 -0.000002521059
0.887500000000 0.875000000000 -0.000002302836
0.887500000000 0.887500000000 -0.000002081477
0.887500000000 0.900000000000 -0.000001857298
0.887500000000 0.912500000000 -0.000001630614
0.887500000000 0.925000000000 -0.000001401736
0.887500000000 0.937500000000 -0.000001170980
0.887500000000 0.950000000000 -0.000000938661
0.887500000000 0.962500000000 -0.000000705093
0.887500000000 0.975000000000 -0.000000470584
0.887500000000 0.987500000000 -0.000000235450
0.887500000000 1.000000000000 0.000000000000

0.900000000000 0.000000000000 0.000000000000
0.900000000000 0.012500000000 -0.000000210101
0.900000000000 0.025000000000 -0.000000419920
0.900000000000 0.037500000000 -0.000000629179
0.900000000000 0.050000000000 -0.000000837598
0.900000000000 0.062500000000 -0.000001044898
0.900000000000 0.075000000000 -0.000001250798
0.900000000000 0.087500000000 -0.000001455019
0.900000000000 0.100000000000 -0.000001657280
0.900000000000 0.112500000000 -0.000001857298
0.900000000000 0.125000000000 -0.000002054795
0.900000000000 0.137500000000 -0.000002249487
0.900000000000 0.150000000000 -0.000002441095
0.900000000000 0.162500000000 -0.000002629338
0.900000000000 0.175000000000 -0.000002813934
0.900000000000 0.187500000000 -0.000002994602
0.900000000000 0.200000000000 -0.000003171068
0.900000000000 0.212500000000 -0.000003343050
0.900000000000 0.225000000000 -0.000003510272
0.900000000000 0.237500000000 -0.000003672458
0.900000000000 0.250000000000 -0.000003829335
0.900000000000 0.262500000000 -0.000003980634
0.900000000000 0.275000000000 -0.000004126086
0.900000000000 0.287500000000 -0.000004265431
0.900000000000 0.300000000000 -0.000004398414
0.900000000000 0.312500000000 -0.000004524783
0.900000000000 0.325000000000 -0.000004644293
0.900000000000 0.337500000000 -0.000004756709
0.900000000000 0.350000000000 -0.000004861805
0.900000000000 0.362500000000 -0.000004959365
0.900000000000 0.375000000000 -0.000005049184
0.900000000000 0.387500000000 -0.000005131069
0.900000000000 0.400000000000 -0.000005204843
0.900000000000 0.412500000000 -0.000005270341
0.900000000000 0.425000000000 -0.000005327417
0.900000000000 0.437500000000 -0.000005375939
0.900000000000 0.450000000000 -0.000005415796
0.900000000000 0.462500000000 -0.000005446894
0.900000000000 0.475000000000 -0.000005469159
0.900000000000 0.487500000000 -0.000005482539
0.900000000000 0.500000000000 -0.000005487003
0.900000000000 0.512500000000 -0.000005482539
0.900000000000 0.525000000000 -0.000005469159
0.900000000000 0.537500000000 -0.000005446894
0.900000000000 0.550000000000 -0.000005415796
0.900000000000 0.562500000000 -0.000005375939
0.900000000000 0.575000000000 -0.000005327417
0.900000000000 0.587500000000 -0.000005270341
0.900000000000 0.600000000000 -0.000005204843
0.900000000000 0.612500000000 -0.000005131069
0.900000000000 0.625000000000 -0.000005049184
0.900000000000 0.637500000000 -0.000004959365
0.900000000000 0.650000000000 -0.000004861805
0.900000000000 0.662500000000 -0.000004756709
0.900000000000 0.675000000000 -0.000004644293
0.900000000000 0.687500000000 -0.000004524783
0.900000000000 0.700000000000 -0.000004398414
0.900000000000 0.712500000000 -0.000004265431
0.900000000000 0.725000000000 -0.000004126086
0.900000000000 0.737500000000 -0.000003980634
0.900000000000 0.750000000000 -0.000003829335
0.900000000000 0.762500000000 -0.000003672458
0.900000000000 0.775000000000 -0.000003510272
0.900000000000 0.787500000000 -0.000003343050
0.900000000000 0.800000000000 -0.000003171068
0.900000000000 0.812500000000 -0.000002994602
0.900000000000 0.825000000000 -0.000002813934
0.900000000000 0.837500000000 -0.000002629338
0.900000000000 0.850000000000 -0.000002441095
0.900000000000 0.862500000000 -0.000002249487
0.900000000000 0.875000000000 -0.000002054795
0.900000000000 0.887500000000 -0.000001857298
0.900000000000 0.900000000000 -0.000001657280
0.900000000000 0.912500000000 -0.000001455019
0.900000000000 0.925000000000 -0.000001250798
0.900000000000 0.937500000000 -0.000001044898
0.900000000000 0.950000000000 -0.000000837598
0.900000000000 0.962500000000 -0.000000629179
0.900000000000 0.975000000000 -0.000000419920
0.900000000000 0.987500000000 -0.000000210101
0.900000000000 1.000000000000 0.000000000000

0.912500000000 0.000000000000 0.000000000000
0.912500000000 0.012500000000 -0.000000184465
0.912500000000 0.025000000000 -0.000000368684
0.912500000000 0.037500000000 -0.000000552408
0.912500000000 0.050000000000 -0.000000735394
0.912500000000 0.062500000000 -0.000000917394
0.912500000000 0.075000000000 -0.000001098163
0.912500000000 0.087500000000 -0.000001277453
0.912500000000 0.100000000000 -0.000001455019
0.912500000000 0.112500000000 -0.000001630614
0.912500000000 0.125000000000 -0.000001803988
0.912500000000 0.137500000000 -0.000001974897
0.912500000000 0.150000000000 -0.000002143092
0.912500000000 0.162500000000 -0.000002308327
0.912500000000 0.175000000000 -0.000002470355
0.912500000000 0.187500000000 -0.000002628929
0.912500000000 0.200000000000 -0.000002783806
0.912500000000 0.212500000000 -0.000002934741
0.912500000000 0.225000000000 -0.000003081492
0.912500000000 0.237500000000 -0.000003223814
0.912500000000 0.250000000000 -0.000003361469
0.912500000000 0.262500000000 -0.000003494220
0.912500000000 0.275000000000 -0.000003621835
0.912500000000 0.287500000000 -0.000003744083
0.912500000000 0.300000000000 -0.000003860741
0.912500000000 0.312500000000 -0.000003971589
0.912500000000 0.325000000000 -0.000004076413
0.912500000000 0.337500000000 -0.000004175007
0.912500000000 0.350000000000 -0.000004267175
0.912500000000 0.362500000000 -0.000004352729
0.912500000000 0.375000000000 -0.000004431489
0.912500000000 0.387500000000 -0.000004503288
0.912500000000 0.400000000000 -0.000004567970
0.912500000000 0.412500000000 -0.000004625394
0.912500000000 0.425000000000 -0.000004675430
0.912500000000 0.437500000000 -0.000004717966
0.912500000000 0.450000000000 -0.000004752905
0.912500000000 0.462500000000 -0.000004780164
0.912500000000 0.475000000000 -0.000004799680
0.912500000000 0.487500000000 -0.000004811408
0.912500000000 0.500000000000 -0.000004815321
0.912500000000 0.512500000000 -0.000004811408
0.912500000000 0.525000000000 -0.000004799680
0.912500000000 0.537500000000 -0.000004780164
0.912500000000 0.550000000000 -0.000004752905
0.912500000000 0.562500000000 -0.000004717966
0.912500000000 0.575000000000 -0.000004675430
0.912500000000 0.587500000000 -0.000004625394
0.912500000000 0.600000000000 -0.000004567970
0.912500000000 0.612500000000 -0.000004503288
0.912500000000 0.625000000000 -0.000004431489
0.912500000000 0.637500000000 -0.000004352729
0.912500000000 0.650000000000 -0.000004267175
0.912500000000 0.662500000000 -0.000004175007
0.912500000000 0.675000000000 -0.000004076413
0.912500000000 0.687500000000 -0.000003971589
0.912500000000 0.700000000000 -0.000003860741
0.912500000000 0.712500000000 -0.000003744083
0.912500000000 0.725000000000 -0.000003621835
0.912500000000 0.737500000000 -0.000003494220
0.912500000000 0.750000000000 -0.000003361469
0.912500000000 0.762500000000 -0.000003223814
0.912500000000 0.775000000000 -0.000003081492
0.912500000000 0.787500000000 -0.000002934741
0.912500000000 0.800000000000 -0.000002783806
0.912500000000 0.812500000000 -0.000002628929
0.912500000000 0.825000000000 -0.000002470355
0.912500000000 0.837500000000 -0.000002308327
0.912500000000 0.850000000000 -0.000002143092
0.912500000000 0.862500000000 -0.000001974897
0.912500000000 0.875000000000 -0.000001803988
0.912500000000 0.887500000000 -0.000001630614
0.912500000000 0.900000000000 -0.000001455019
0.912500000000 0.912500000000 -0.000001277453
0.912500000000 0.925000000000 -0.000001098163
0.912500000000 0.937500000000 -0.000000917394
0.912500000000 0.950000000000 -0.000000735394
0.912500000000 0.962500000000 -0.000000552408
0.912500000000 0.975000000000 -0.000000368684
0.912500000000 0.987500000000 -0.000000184465
0.912500000000 1.000000000000 0.000000000000

0.925000000000 0.000000000000 0.000000000000
0.925000000000 0.012500000000 -0.000000158579
0.925000000000 0.025000000000 -0.000000316946
0.925000000000 0.037500000000 -0.000000474887
0.925000000000 0.050000000000 -0.000000632192
0.925000000000 0.062500000000 -0.000000788647
0.925000000000 0.075000000000 -0.000000944042
0.925000000000 0.087500000000 -0.000001098163
0.925000000000 0.100000000000 -0.000001250798
0.925000000000 0.112500000000 -0.000001401736
0.925000000000 0.125000000000 -0.000001550762
0.925000000000 0.137500000000 -0.000001697666
0.925000000000 0.150000000000 -0.000001842233
0.925000000000 0.162500000000 -0.000001984253
0.925000000000 0.175000000000 -0.000002123510
0.925000000000 0.187500000000 -0.000002259793
0.925000000000 0.200000000000 -0.000002392894
0.925000000000 0.212500000000 -0.000002522603
0.925000000000 0.225000000000 -0.000002648708
0.925000000000 0.237500000000 -0.000002771001
0.925000000000 0.250000000000 -0.000002889279
0.925000000000 0.262500000000 -0.000003003337
0.925000000000 0.275000000000 -0.000003112976
0.925000000000 0.287500000000 -0.000003217999
0.925000000000 0.300000000000 -0.000003318212
0.925000000000 0.312500000000 -0.000003413429
0.925000000000 0.325000000000 -0.000003503466
0.925000000000 0.337500000000 -0.000003588148
0.925000000000 0.350000000000 -0.000003667304
0.925000000000 0.362500000000 -0.000003740776
0.925000000000 0.375000000000 -0.000003808410
0.925000000000 0.387500000000 -0.000003870062
0.925000000000 0.400000000000 -0.000003925602
0.925000000000 0.412500000000 -0.000003974908
0.925000000000 0.425000000000 -0.000004017867
0.925000000000 0.437500000000 -0.000004054385
0.925000000000 0.450000000000 -0.000004084379
0.925000000000 0.462500000000 -0.000004107779
0.925000000000 0.475000000000 -0.000004124533
0.925000000000 0.487500000000 -0.000004134600
0.925000000000 0.500000000000 -0.000004137960
0.925000000000 0.512500000000 -0.000004134600
0.925000000000 0.525000000000 -0.000004124533
0.925000000000 0.537500000000 -0.000004107779
0.925000000000 0.550000000000 -0.000004084379
0.925000000000 0.562500000000 -0.000004054385
0.925000000000 0.575000000000 -0.000004017867
0.925000000000 0.587500000000 -0.000003974908
0.925000000000 0.600000000000 -0.000003925602
0.925000000000 0.612500000000 -0.000003870062
0.925000000000 0.625000000000 -0.000003808410
0.925000000000 0.637500000000 -0.000003740776
0.925000000000 0.650000000000 -0.000003667304
0.925000000000 0.662500000000 -0.000003588148
0.925000000000 0.675000000000 -0.000003503466
0.925000000000 0.687500000000 -0.000003413429
0.925000000000 0.700000000000 -0.000003318212
0.925000000000 0.712500000000 -0.000003217999
0.925000000000 0.725000000000 -0.000003112976
0.925000000000 0.737500000000 -0.000003003337
0.925000000000 0.750000000000 -0.000002889279
0.925000000000 0.762500000000 -0.000002771001
0.925000000000 0.775000000000 -0.000002648708
0.925000000000 0.787500000000 -0.000002522603
0.925000000000 0.800000000000 -0.000002392894
0.925000000000 0.812500000000 -0.000002259793
0.925000000000 0.825000000000 -0.000002123510
0.925000000000 0.837500000000 -0.000001984253
0.925000000000 0.850000000000 -0.000001842233
0.925000000000 0.862500000000 -0.000001697666
0.925000000000 0.875000000000 -0.000001550762
0.925000000000 0.887500000000 -0.000001401736
0.925000000000 0.900000000000 -0.000001250798
0.925000000000 0.912500000000 -0.000001098163
0.925000000000 0.925000000000 -0.000000944042
0.925000000000 0.937500000000 -0.000000788647
0.925000000000 0.950000000000 -0.000000632192
0.925000000000 0.962500000000 -0.000000474887
0.925000000000 0.975000000000 -0.000000316946
0.925000000000 0.987500000000 -0.000000158579
0.925000000000 1.000000000000 0.000000000000

0.937500000000 0.000000000000 0.000000000000
0.937500000000 0.012500000000 -0.000000132478
0.937500000000 0.025000000000 -0.000000264779
0.937500000000 0.037500000000 -0.000000396723
0.937500000000 0.050000000000 -0.000000528134
0.937500000000 0.062500000000 -0.000000658833
0.937500000000 0.075000000000 -0.000000788647
0.937500000000 0.087500000000 -0.000000917394
0.937500000000 0.100000000000 -0.000001044898
0.937500000000 0.112500000000 -0.000001170980
0.937500000000 0.125000000000 -0.000001295466
0.937500000000 0.137500000000 -0.000001418175
0.937500000000 0.150000000000 -0.000001538930
0.937500000000 0.162500000000 -0.000001657553
0.937500000000 0.175000000000 -0.000001773866
0.937500000000 0.187500000000 -0.000001887693
0.937500000000 0.200000000000 -0.000001998856
0.937500000000 0.212500000000 -0.000002107183
0.937500000000 0.225000000000 -0.000002212495
0.937500000000 0.237500000000 -0.000002314620
0.937500000000 0.250000000000 -0.000002413387
0.937500000000 0.262500000000 -0.000002508626
0.937500000000 0.275000000000 -0.000002600171
0.937500000000 0.287500000000 -0.000002687857
0.937500000000 0.300000000000 -0.000002771523
0.937500000000 0.312500000000 -0.000002851016
0.937500000000 0.325000000000 -0.000002926179
0.937500000000 0.337500000000 -0.000002996868
0.937500000000 0.350000000000 -0.000003062942
0.937500000000 0.362500000000 -0.000003124268
0.937500000000 0.375000000000 -0.000003180719
0.937500000000 0.387500000000 -0.000003232174
0.937500000000 0.400000000000 -0.000003278526
0.937500000000 0.412500000000 -0.000003319673
0.937500000000 0.425000000000 -0.000003355524
0.937500000000 0.437500000000 -0.000003385997
0.937500000000 0.450000000000 -0.000003411023
0.937500000000 0.462500000000 -0.000003430550
0.937500000000 0.475000000000 -0.000003444529
0.937500000000 0.487500000000 -0.000003452930
0.937500000000 0.500000000000 -0.000003455733
0.937500000000 0.512500000000 -0.000003452930
0.937500000000 0.525000000000 -0.000003444529
0.937500000000 0.537500000000 -0.000003430550
0.937500000000 0.550000000000 -0.000003411023
0.937500000000 0.562500000000 -0.000003385997
0.937500000000 0.575000000000 -0.000003355524
0.937500000000 0.587500000000 -0.000003319673
0.937500000000 0.600000000000 -0.000003278526
0.937500000000 0.612500000000 -0.000003232174
0.937500000000 0.625000000000 -0.000003180719
0.937500000000 0.637500000000 -0.000003124268
0.937500000000 0.650000000000 -0.000003062942
0.937500000000 0.662500000000 -0.000002996868
0.937500000000 0.675000000000 -0.000002926179
0.937500000000 0.687500000000 -0.000002851016
0.937500000000 0.700000000000 -0.000002771523
0.937500000000 0.712500000000 -0.000002687857
0.937500000000 0.725000000000 -0.000002600171
0.937500000000 0.737500000000 -0.000002508626
0.937500000000 0.750000000000 -0.000002413387
0.937500000000 0.762500000000 -0.000002314620
0.937500000000 0.775000000000 -0.000002212495
0.937500000000 0.787500000000 -0.000002107183
0.937500000000 0.800000000000 -0.000001998856
0.937500000000 0.812500000000 -0.000001887693
0.937500000000 0.825000000000 -0.000001773866
0.937500000000 0.837500000000 -0.000001657553
0.937500000000 0.850000000000 -0.000001538930
0.937500000000 0.862500000000 -0.000001418175
0.937500000000 0.875000000000 -0.000001295466
0.937500000000 0.887500000000 -0.000001170980
0.937500000000 0.900000000000 -0.000001044898
0.937500000000 0.912500000000 -0.000000917394
0.937500000000 0.925000000000 -0.000000788647
0.937500000000 0.937500000000 -0.000000658833
0.937500000000 0.950000000000 -0.000000528134
0.937500000000 0.962500000000 -0.000000396723
0.937500000000 0.975000000000 -0.000000264779
0.937500000000 0.987500000000 -0.000000132478
0.937500000000 1.000000000000 0.000000000000

0.950000000000 0.000000000000 0.000000000000
0.950000000000 0.012500000000 -0.000000106198
0.950000000000 0.025000000000 -0.000000212254
0.950000000000 0.037500000000 -0.000000318023
0.950000000000 0.050000000000 -0.000000423365
0.950000000000 0.062500000000 -0.000000528134
0.950000000000 0.075000000000 -0.000000632192
0.950000000000 0.087500000000 -0.000000735394
0.950000000000 0.100000000000 -0.000000837598
0.950000000000 0.112500000000 -0.000000938661
0.950000000000 0.125000000000 -0.000001038444
0.950000000000 0.137500000000 -0.000001136800
0.950000000000 0.150000000000 -0.000001233588
0.950000000000 0.162500000000 -0.000001328665
0.950000000000 0.175000000000 -0.000001421889
0.950000000000 0.187500000000 -0.000001513120
0.950000000000 0.200000000000 -0.000001602212
0.950000000000 0.212500000000 -0.000001689027
0.950000000000 0.225000000000 -0.000001773424
0.950000000000 0.237500000000 -0.000001855264
0.950000000000 0.250000000000 -0.000001934410
0.950000000000 0.262500000000 -0.000002010726
0.950000000000 0.275000000000 -0.000002084079
0.950000000000 0.287500000000 -0.000002154337
0.950000000000 0.300000000000 -0.000002221372
0.950000000000 0.312500000000 -0.000002285059
0.950000000000 0.325000000000 -0.000002345278
0.950000000000 0.337500000000 -0.000002401909
0.950000000000 0.350000000000 -0.000002454841
0.950000000000 0.362500000000 -0.000002503965
0.950000000000 0.375000000000 -0.000002549184
0.950000000000 0.387500000000 -0.000002590401
0.950000000000 0.400000000000 -0.000002627528
0.950000000000 0.412500000000 -0.000002660484
0.950000000000 0.425000000000 -0.000002689198
0.950000000000 0.437500000000 -0.000002713604
0.950000000000 0.450000000000 -0.000002733648
0.950000000000 0.462500000000 -0.000002749284
0.950000000000 0.475000000000 -0.000002760480
0.950000000000 0.487500000000 -0.000002767208
0.950000000000 0.500000000000 -0.000002769453
0.950000000000 0.512500000000 -0.000002767208
0.950000000000 0.525000000000 -0.000002760480
0.950000000000 0.537500000000 -0.000002749284
0.950000000000 0.550000000000 -0.000002733648
0.950000000000 0.562500000000 -0.000002713604
0.950000000000 0.575000000000 -0.000002689198
0.950000000000 0.587500000000 -0.000002660484
0.950000000000 0.600000000000 -0.000002627528
0.950000000000 0.612500000000 -0.000002590401
0.950000000000 0.625000000000 -0.000002549184
0.950000000000 0.637500000000 -0.000002503965
0.950000000000 0.650000000000 -0.000002454841
0.950000000000 0.662500000000 -0.000002401909
0.950000000000 0.675000000000 -0.000002345278
0.950000000000 0.687500000000 -0.000002285059
0.950000000000 0.700000000000 -0.000002221372
0.950000000000 0.712500000000 -0.000002154337
0.950000000000 0.725000000000 -0.000002084079
0.950000000000 0.737500000000 -0.000002010726
0.950000000000 0.750000000000 -0.000001934410
0.950000000000 0.762500000000 -0.000001855264
0.950000000000 0.775000000000 -0.000001773424
0.950000000000 0.787500000000 -0.000001689027
0.950000000000 0.800000000000 -0.000001602212
0.950000000000 0.812500000000 -0.000001513120
0.950000000000 0.825000000000 -0.000001421889
0.950000000000 0.837500000000 -0.000001328665
0.950000000000 0.850000000000 -0.000001233588
0.950000000000 0.862500000000 -0.000001136800
0.950000000000 0.875000000000 -0.000001038444
0.950000000000 0.887500000000 -0.000000938661
0.950000000000 0.900000000000 -0.000000837598
0.950000000000 0.912500000000 -0.000000735394
0.950000000000 0.925000000000 -0.000000632192
0.950000000000 0.937500000000 -0.000000528134
0.950000000000 0.950000000000 -0.000000423365
0.950000000000 0.962500000000 -0.000000318023
0.950000000000 0.975000000000 -0.000000212254
0.950000000000 0.987500000000 -0.000000106198
0.950000000000 1.000000000000 0.000000000000

0.962500000000 0.000000000000 0.000000000000
0.962500000000 0.012500000000 -0.000000079774
0.962500000000 0.025000000000 -0.000000159442
0.962500000000 0.037500000000 -0.000000238894
0.962500000000 0.050000000000 -0.000000318023
0.962500000000 0.062500000000 -0.000000396723
0.962500000000 0.075000000000 -0.000000474887
0.962500000000 0.087500000000 -0.000000552408
0.962500000000 0.100000000000 -0.000000629179
0.962500000000 0.112500000000 -0.000000705093
0.962500000000 0.125000000000 -0.000000780042
0.962500000000 0.137500000000 -0.000000853918
0.962500000000 0.150000000000 -0.000000926616
0.962500000000 0.162500000000 -0.000000998028
0.962500000000 0.175000000000 -0.000001068047
0.962500000000 0.187500000000 -0.000001136569
0.962500000000 0.200000000000 -0.000001203482
0.962500000000 0.212500000000 -0.000001268684
0.962500000000 0.225000000000 -0.000001332068
0.962500000000 0.237500000000 -0.000001393529
0.962500000000 0.250000000000 -0.000001452965
0.962500000000 0.262500000000 -0.000001510275
0.962500000000 0.275000000000 -0.000001565358
0.962500000000 0.287500000000 -0.000001618116
0.962500000000 0.300000000000 -0.000001668452
0.962500000000 0.312500000000 -0.000001716272
0.962500000000 0.325000000000 -0.000001761487
0.962500000000 0.337500000000 -0.000001804006
0.962500000000 0.350000000000 -0.000001843747
0.962500000000 0.362500000000 -0.000001880629
0.962500000000 0.375000000000 -0.000001914577
0.962500000000 0.387500000000 -0.000001945519
0.962500000000 0.400000000000 -0.000001973390
0.962500000000 0.412500000000 -0.000001998131
0.962500000000 0.425000000000 -0.000002019686
0.962500000000 0.437500000000 -0.000002038006
0.962500000000 0.450000000000 -0.000002053051
0.962500000000 0.462500000000 -0.000002064788
0.962500000000 0.475000000000 -0.000002073193
0.962500000000 0.487500000000 -0.000002078243
0.962500000000 0.500000000000 -0.000002079928
0.962500000000 0.512500000000 -0.000002078243
0.962500000000 0.525000000000 -0.000002073193
0.962500000000 0.537500000000 -0.000002064788
0.962500000000 0.550000000000 -0.000002053051
0.962500000000 0.562500000000 -0.000002038006
0.962500000000 0.575000000000 -0.000002019686
0.962500000000 0.587500000000 -0.000001998131
0.962500000000 0.600000000000 -0.000001973390
0.962500000000 0.612500000000 -0.000001945519
0.962500000000 0.625000000000 -0.000001914577
0.962500000000 0.637500000000 -0.000001880629
0.962500000000 0.650000000000 -0.000001843747
0.962500000000 0.662500000000 -0.000001804006
0.962500000000 0.675000000000 -0.000001761487
0.962500000000 0.687500000000 -0.000001716272
0.962500000000 0.700000000000 -0.000001668452
0.962500000000 0.712500000000 -0.000001618116
0.962500000000 0.725000000000 -0.000001565358
0.962500000000 0.737500000000 -0.000001510275
0.962500000000 0.750000000000 -0.000001452965
0.962500000000 0.762500000000 -0.000001393529
0.962500000000 0.775000000000 -0.000001332068
0.962500000000 0.787500000000 -0.000001268684
0.962500000000 0.800000000000 -0.000001203482
0.962500000000 0.812500000000 -0.000001136569
0.962500000000 0.825000000000 -0.000001068047
0.962500000000 0.837500000000 -0.000000998028
0.962500000000 0.850000000000 -0.000000926616
0.962500000000 0.862500000000 -0.000000853918
0.962500000000 0.875000000000 -0.000000780042
0.962500000000 0.887500000000 -0.000000705093
0.962500000000 0.900000000000 -0.000000629179
0.962500000000 0.912500000000 -0.000000552408
0.962500000000 0.925000000000 -0.000000474887
0.962500000000 0.937500000000 -0.000000396723
0.962500000000 0.950000000000 -0.000000318023
0.962500000000 0.962500000000 -0.000000238894
0.962500000000 0.975000000000 -0.000000159442
0.962500000000 0.987500000000 -0.000000079774
0.962500000000 1.000000000000 0.000000000000

0.975000000000 0.000000000000 0.000000000000
0.975000000000 0.012500000000 -0.000000053242
0.975000000000 0.025000000000 -0.000000106415
0.975000000000 0.037500000000 -0.000000159442
0.975000000000 0.050000000000 -0.000000212254
0.975000000000 0.062500000000 -0.000000264779
0.975000000000 0.075000000000 -0.000000316946
0.975000000000 0.087500000000 -0.000000368684
0.975000000000 0.100000000000 -0.000000419920
0.975000000000 0.112500000000 -0.000000470584
0.975000000000 0.125000000000 -0.000000520604
0.975000000000 0.137500000000 -0.000000569907
0.975000000000 0.150000000000 -0.000000618422
0.975000000000 0.162500000000 -0.000000666079
0.975000000000 0.175000000000 -0.000000712807
0.975000000000 0.187500000000 -0.000000758535
0.975000000000 0.200000000000 -0.000000803190
0.975000000000 0.212500000000 -0.000000846700
0.975000000000 0.225000000000 -0.000000888997
0.975000000000 0.237500000000 -0.000000930010
0.975000000000 0.250000000000 -0.000000969671
0.975000000000 0.262500000000 -0.000001007912
0.975000000000 0.275000000000 -0.000001044666
0.975000000000 0.287500000000 -0.000001079868
0.975000000000 0.300000000000 -0.000001113454
0.975000000000 0.312500000000 -0.000001145360
0.975000000000 0.325000000000 -0.000001175528
0.975000000000 0.337500000000 -0.000001203896
0.975000000000 0.350000000000 -0.000001230411
0.975000000000 0.362500000000 -0.000001255017
0.975000000000 0.375000000000 -0.000001277665
0.975000000000 0.387500000000 -0.000001298307
0.975000000000 0.400000000000 -0.000001316901
0.975000000000 0.412500000000 -0.000001333404
0.975000000000 0.425000000000 -0.000001347784
0.975000000000 0.437500000000 -0.000001360005
0.975000000000 0.450000000000 -0.000001370041
0.975000000000 0.462500000000 -0.000001377872
0.975000000000 0.475000000000 -0.000001383478
0.975000000000 0.487500000000 -0.000001386845
0.975000000000 0.500000000000 -0.000001387969
0.975000000000 0.512500000000 -0.000001386845
0.975000000000 0.525000000000 -0.000001383478
0.975000000000 0.537500000000 -0.000001377872
0.975000000000 0.550000000000 -0.000001370041
0.975000000000 0.562500000000 -0.000001360005
0.975000000000 0.575000000000 -0.000001347784
0.975000000000 0.587500000000 -0.000001333404
0.975000000000 0.600000000000 -0.000001316901
0.975000000000 0.612500000000 -0.000001298307
0.975000000000 0.625000000000 -0.000001277665
0.975000000000 0.637500000000 -0.000001255017
0.975000000000 0.650000000000 -0.000001230411
0.975000000000 0.662500000000 -0.000001203896
0.975000000000 0.675000000000 -0.000001175528
0.975000000000 0.687500000000 -0.000001145360
0.975000000000 0.700000000000 -0.000001113454
0.975000000000 0.712500000000 -0.000001079868
0.975000000000 0.725000000000 -0.000001044666
0.975000000000 0.737500000000 -0.000001007912
0.975000000000 0.750000000000 -0.000000969671
0.975000000000 0.762500000000 -0.000000930010
0.975000000000 0.775000000000 -0.000000888997
0.975000000000 0.787500000000 -0.000000846700
0.975000000000 0.800000000000 -0.000000803190
0.975000000000 0.812500000000 -0.000000758535
0.975000000000 0.825000000000 -0.000000712807
0.975000000000 0.837500000000 -0.000000666079
0.975000000000 0.850000000000 -0.000000618422
0.975000000000 0.862500000000 -0.000000569907
0.975000000000 0.875000000000 -0.000000520604
0.975000000000 0.887500000000 -0.000000470584
0.975000000000 0.900000000000 -0.000000419920
0.975000000000 0.912500000000 -0.000000368684
0.975000000000 0.925000000000 -0.000000316946
0.975000000000 0.937500000000 -0.000000264779
0.975000000000 0.950000000000 -0.000000212254
0.975000000000 0.962500000000 -0.000000159442
0.975000000000 0.975000000000 -0.000000106415
0.975000000000 0.987500000000 -0.000000053242
0.975000000000 1.000000000000 0.000000000000

0.987500000000 0.000000000000 0.000000000000
0.987500000000 0.012500000000 -0.000000026638
0.987500000000 0.025000000000 -0.000000053242
0.987500000000 0.037500000000 -0.000000079774
0.987500000000 0.050000000000 -0.000000106198
0.987500000000 0.062500000000 -0.000000132478
0.987500000000 0.075000000000 -0.000000158579
0.987500000000 0.087500000000 -0.000000184465
0.987500000000 0.100000000000 -0.000000210101
0.987500000000 0.112500000000 -0.000000235450
0.987500000000 0.125000000000 -0.000000260475
0.987500000000 0.137500000000 -0.000000285142
0.987500000000 0.150000000000 -0.000000309415
0.987500000000 0.162500000000 -0.000000333258
0.987500000000 0.175000000000 -0.000000356636
0.987500000000 0.187500000000 -0.000000379514
0.987500000000 0.200000000000 -0.000000401855
0.987500000000 0.212500000000 -0.000000423624
0.987500000000 0.225000000000 -0.000000444784
0.987500000000 0.237500000000 -0.000000465302
0.987500000000 0.250000000000 -0.000000485143
0.987500000000 0.262500000000 -0.000000504274
0.987500000000 0.275000000000 -0.000000522662
0.987500000000 0.287500000000 -0.000000540272
0.987500000000 0.300000000000 -0.000000557072
0.987500000000 0.312500000000 -0.000000573034
0.987500000000 0.325000000000 -0.000000588124
0.987500000000 0.337500000000 -0.000000602316
0.987500000000 0.350000000000 -0.000000615579
0.987500000000 0.362500000000 -0.000000627888
0.987500000000 0.375000000000 -0.000000639217
0.987500000000 0.387500000000 -0.000000649542
0.987500000000 0.400000000000 -0.000000658844
0.987500000000 0.412500000000 -0.000000667098
0.987500000000 0.425000000000 -0.000000674290
0.987500000000 0.437500000000 -0.000000680403
0.987500000000 0.450000000000 -0.000000685423
0.987500000000 0.462500000000 -0.000000689340
0.987500000000 0.475000000000 -0.000000692144
0.987500000000 0.487500000000 -0.000000693829
0.987500000000 0.500000000000 -0.000000694391
0.987500000000 0.512500000000 -0.000000693829
0.987500000000 0.525000000000 -0.000000692144
0.987500000000 0.537500000000 -0.000000689340
0.987500000000 0.550000000000 -0.000000685423
0.987500000000 0.562500000000 -0.000000680403
0.987500000000 0.575000000000 -0.000000674290
0.987500000000 0.587500000000 -0.000000667098
0.987500000000 0.600000000000 -0.000000658844
0.987500000000 0.612500000000 -0.000000649542
0.987500000000 0.625000000000 -0.000000639217
0.987500000000 0.637500000000 -0.000000627888
0.987500000000 0.650000000000 -0.000000615579
0.987500000000 0.662500000000 -0.000000602316
0.987500000000 0.675000000000 -0.000000588124
0.987500000000 0.687500000000 -0.000000573034
0.987500000000 0.700000000000 -0.000000557072
0.987500000000 0.712500000000 -0.000000540272
0.987500000000 0.725000000000 -0.000000522662
0.987500000000 0.737500000000 -0.000000504274
0.987500000000 0.750000000000 -0.000000485143
0.987500000000 0.762500000000 -0.000000465302
0.987500000000 0.775000000000 -0.000000444784
0.987500000000 0.787500000000 -0.000000423624
0.987500000000 0.800000000000 -0.000000401855
0.987500000000 0.812500000000 -0.000000379514
0.987500000000 0.825000000000 -0.000000356636
0.987500000000 0.837500000000 -0.000000333258
0.987500000000 0.850000000000 -0.000000309415
0.987500000000 0.862500000000 -0.000000285142
0.987500000000 0.875000000000 -0.000000260475
0.987500000000 0.887500000000 -0.000000235450
0.987500000000 0.900000000000 -0.000000210101
0.987500000000 0.912500000000 -0.000000184465
0.987500000000 0.925000000000 -0.000000158579
0.987500000000 0.937500000000 -0.000000132478
0.987500000000 0.950000000000 -0.000000106198
0.987500000000 0.962500000000 -0.000000079774
0.987500000000 0.975000000000 -0.000000053242
0.987500000000 0.987500000000 -0.000000026638
0.987500000000 1.000000000000 0.000000000000

1.000000000000 0.000000000000 0.000000000000
1.000000000000 0.012500000000 0.000000000000
1.000000000000 0.025000000000 0.000000000000
1.000000000000 0.037500000000 0.000000000000
1.000000000000 0.050000000000 0.000000000000
1.000000000000 0.062500000000 0.000000000000
1.000000000000 0.075000000000 0.000000000000
1.000000000000 0.087500000000 0.000000000000
1.000000000000 0.100000000000 0.000000000000
1.000000000000 0.112500000000 0.000000000000
1.000000000000 0.125000000000 0.000000000000
1.000000000000 0.137500000000 0.000000000000
1.000000000000 0.150000000000 0.000000000000
1.000000000000 0.162500000000 0.000000000000
1.000000000000 0.175000000000 0.000000000000
1.000000000000 0.187500000000 0.000000000000
1.000000000000 0.200000000000 0.000000000000
1.000000000000 0.212500000000 0.000000000000
1.000000000000 0.225000000000 0.000000000000
1.000000000000 0.237500000000 0.000000000000
1.000000000000 0.250000000000 0.000000000000
1.000000000000 0.262500000000 0.000000000000
1.000000000000 0.275000000000 0.000000000000
1.000000000000 0.287500000000 0.000000000000
1.000000000000 0.300000000000 0.000000000000
1.000000000000 0.312500000000 0.000000000000
1.000000000000 0.325000000000 0.000000000000
1.000000000000 0.337500000000 0.000000000000
1.000000000000 0.350000000000 0.000000000000
1.000000000000 0.362500000000 0.000000000000
1.000000000000 0.375000000000 0.000000000000
1.000000000000 0.387500000000 0.000000000000
1.000000000000 0.400000000000 0.000000000000
1.000000000000 0.412500000000 0.000000000000
1.000000000000 0.425000000000 0.000000000000
1.000000000000 0.437500000000 0.000000000000
1.000000000000 0.450000000000 0.000000000000
1.000000000000 0.462500000000 0.000000000000
1.000000000000 0.475000000000 0.000000000000
1.000000000000 0.487500000000 0.000000000000
1.000000000000 0.500000000000 0.000000000000
1.000000000000 0.512500000000 0.000000000000
1.000000000000 0.525000000000 0.000000000000
1.000000000000 0.537500000000 0.000000000000
1.000000000000 0.550000000000 0.000000000000
1.000000000000 0.562500000000 0.000000000000
1.000000000000 0.575000000000 0.000000000000
1.000000000000 0.587500000000 0.000000000000
1.000000000000 0.600000000000 0.000000000000
1.000000000000 0.612500000000 0.000000000000
1.000000000000 0.625000000000 0.000000000000
1.000000000000 0.637500000000 0.000000000000
1.000000000000 0.650000000000 0.000000000000
1.000000000000 0.662500000000 0.000000000000
1.000000000000 0.675000000000 0.000000000000
1.000000000000 0.687500000000 0.000000000000
1.000000000000 0.700000000000 0.000000000000
1.000000000000 0.712500000000 0.000000000000
1.000000000000 0.725000000000 0.000000000000
1.000000000000 0.737500000000 0.000000000000
1.000000000000 0.750000000000 0.000000000000
1.000000000000 0.762500000000 0.000000000000
1.000000000000 0.775000000000 0.000000000000
1.000000000000 0.787500000000 0.000000000000
1.000000000000 0.800000000000 0.000000000000
1.000000000000 0.812500000000 0.000000000000
1.000000000000 0.825000000000 0.000000000000
1.000000000000 0.837500000000 0.000000000000
1.000000000000 0.850000000000 0.000000000000
1.000000000000 0.862500000000 0.000000000000
1.000000000000 0.875000000000 0.000000000000
1.000000000000 0.887500000000 0.000000000000
1.000000000000 0.900000000000 0.000000000000
1.000000000000 0.912500000000 0.000000000000
1.000000000000 0.925000000000 0.000000000000
1.000000000000 0.937500000000 0.000000000000
1.000000000000 0.950000000000 0.000000000000
1.000000000000 0.962500000000 0.000000000000
1.000000000000 0.975000000000 0.000000000000
1.000000000000 0.987500000000 0.000000000000
1.000000000000 1.000000000000 0.000000000000

