# x y u
0.000000000000 0.000000000000 0.000000000000
0.000000000000 0.012500000000 0.000000000000
0.000000000000 0.025000000000 0.000000000000
0.000000000000 0.037500000000 0.000000000000
0.000000000000 0.050000000000 0.000000000000
0.000000000000 0.062500000000 0.000000000000
0.000000000000 0.075000000000 0.000000000000
0.000000000000 0.087500000000 0.000000000000
0.000000000000 0.100000000000 0.000000000000
0.000000000000 0.112500000000 0.000000000000
0.000000000000 0.125000000000 0.000000000000
0.000000000000 0.137500000000 0.000000000000
0.000000000000 0.150000000000 0.000000000000
0.000000000000 0.162500000000 0.000000000000
0.000000000000 0.175000000000 0.000000000000
0.000000000000 0.187500000000 0.000000000000
0.000000000000 0.200000000000 0.000000000000
0.000000000000 0.212500000000 0.000000000000
0.000000000000 0.225000000000 0.000000000000
0.000000000000 0.237500000000 0.000000000000
0.000000000000 0.250000000000 0.000000000000
0.000000000000 0.262500000000 0.000000000000
0.000000000000 0.275000000000 0.000000000000
0.000000000000 0.287500000000 0.000000000000
0.000000000000 0.300000000000 0.000000000000
0.000000000000 0.312500000000 0.000000000000
0.000000000000 0.325000000000 0.000000000000
0.000000000000 0.337500000000 0.000000000000
0.000000000000 0.350000000000 0.000000000000
0.000000000000 0.362500000000 0.000000000000
0.000000000000 0.375000000000 0.000000000000
0.000000000000 0.387500000000 0.000000000000
0.000000000000 0.400000000000 0.000000000000
0.000000000000 0.412500000000 0.000000000000
0.000000000000 0.425000000000 0.000000000000
0.000000000000 0.437500000000 0.000000000000
0.000000000000 0.450000000000 0.000000000000
0.000000000000 0.462500000000 0.000000000000
0.000000000000 0.475000000000 0.000000000000
0.000000000000 0.487500000000 0.000000000000
0.000000000000 0.500000000000 0.000000000000
0.000000000000 0.512500000000 0.000000000000
0.000000000000 0.525000000000 0.000000000000
0.000000000000 0.537500000000 0.000000000000
0.000000000000 0.550000000000 0.000000000000
0.000000000000 0.562500000000 0.000000000000
0.000000000000 0.575000000000 0.000000000000
0.000000000000 0.587500000000 0.000000000000
0.000000000000 0.600000000000 0.000000000000
0.000000000000 0.612500000000 0.000000000000
0.000000000000 0.625000000000 0.000000000000
0.000000000000 0.637500000000 0.000000000000
0.000000000000 0.650000000000 0.000000000000
0.000000000000 0.662500000000 0.000000000000
0.000000000000 0.675000000000 0.000000000000
0.000000000000 0.687500000000 0.000000000000
0.000000000000 0.700000000000 0.000000000000
0.000000000000 0.712500000000 0.000000000000
0.000000000000 0.725000000000 0.000000000000
0.000000000000 0.737500000000 0.000000000000
0.000000000000 0.750000000000 0.000000000000
0.000000000000 0.762500000000 0.000000000000
0.000000000000 0.775000000000 0.000000000000
0.000000000000 0.787500000000 0.000000000000
0.000000000000 0.800000000000 0.000000000000
0.000000000000 0.812500000000 0.000000000000
0.000000000000 0.825000000000 0.000000000000
0.000000000000 0.837500000000 0.000000000000
0.000000000000 0.850000000000 0.000000000000
0.000000000000 0.862500000000 0.000000000000
0.000000000000 0.875000000000 0.000000000000
0.000000000000 0.887500000000 0.000000000000
0.000000000000 0.900000000000 0.000000000000
0.000000000000 0.912500000000 0.000000000000
0.000000000000 0.925000000000 0.000000000000
0.000000000000 0.937500000000 0.000000000000
0.000000000000 0.950000000000 0.000000000000
0.000000000000 0.962500000000 0.000000000000
0.000000000000 0.975000000000 0.000000000000
0.000000000000 0.987500000000 0.000000000000
0.000000000000 1.000000000000 0.000000000000

0.012500000000 0.000000000000 0.000000000000
0.012500000000 0.012500000000 0.000000062551
0.012500000000 0.025000000000 0.000000125079
0.012500000000 0.037500000000 0.000000187466
0.012500000000 0.050000000000 0.000000249814
0.012500000000 0.062500000000 0.000000311959
0.012500000000 0.075000000000 0.000000373858
0.012500000000 0.087500000000 0.000000435531
0.012500000000 0.100000000000 0.000000496878
0.012500000000 0.112500000000 0.000000557855
0.012500000000 0.125000000000 0.000000618430
0.012500000000 0.137500000000 0.000000678492
0.012500000000 0.150000000000 0.000000738032
0.012500000000 0.162500000000 0.000000796923
0.012500000000 0.175000000000 0.000000855139
0.012500000000 0.187500000000 0.000000912554
0.012500000000 0.200000000000 0.000000969043
0.012500000000 0.212500000000 0.000001024593
0.012500000000 0.225000000000 0.000001079085
0.012500000000 0.237500000000 0.000001132403
0.012500000000 0.250000000000 0.000001184487
0.012500000000 0.262500000000 0.000001235177
0.012500000000 0.275000000000 0.000001284395
0.012500000000 0.287500000000 0.000001331981
0.012500000000 0.300000000000 0.000001377795
0.012500000000 0.312500000000 0.000001421729
0.012500000000 0.325000000000 0.000001463649
0.012500000000 0.337500000000 0.000001503433
0.012500000000 0.350000000000 0.000001540928
0.012500000000 0.362500000000 0.000001575989
0.012500000000 0.375000000000 0.000001608541
0.012500000000 0.387500000000 0.000001638403
0.012500000000 0.400000000000 0.000001665506
0.012500000000 0.412500000000 0.000001689694
0.012500000000 0.425000000000 0.000001710880
0.012500000000 0.437500000000 0.000001728942
0.012500000000 0.450000000000 0.000001743826
0.012500000000 0.462500000000 0.000001755467
0.012500000000 0.475000000000 0.000001763822
0.012500000000 0.487500000000 0.000001768870
0.012500000000 0.500000000000 0.000001770555
0.012500000000 0.512500000000 0.000001768870
0.012500000000 0.525000000000 0.000001763822
0.012500000000 0.537500000000 0.000001755467
0.012500000000 0.550000000000 0.000001743826
0.012500000000 0.562500000000 0.000001728942
0.012500000000 0.575000000000 0.000001710880
0.012500000000 0.587500000000 0.000001689694
0.012500000000 0.600000000000 0.000001665506
0.012500000000 0.612500000000 0.000001638403
0.012500000000 0.625000000000 0.000001608541
0.012500000000 0.637500000000 0.000001575989
0.012500000000 0.650000000000 0.000001540928
0.012500000000 0.662500000000 0.000001503433
0.012500000000 0.675000000000 0.000001463649
0.012500000000 0.687500000000 0.000001421729
0.012500000000 0.700000000000 0.000001377795
0.012500000000 0.712500000000 0.000001331981
0.012500000000 0.725000000000 0.000001284395
0.012500000000 0.737500000000 0.000001235177
0.012500000000 0.750000000000 0.000001184487
0.012500000000 0.762500000000 0.000001132403
0.012500000000 0.775000000000 0.000001079085
0.012500000000 0.787500000000 0.000001024593
0.012500000000 0.800000000000 0.000000969043
0.012500000000 0.812500000000 0.000000912554
0.012500000000 0.825000000000 0.000000855139
0.012500000000 0.837500000000 0.000000796923
0.012500000000 0.850000000000 0.000000738032
0.012500000000 0.862500000000 0.000000678492
0.012500000000 0.875000000000 0.000000618430
0.012500000000 0.887500000000 0.000000557855
0.012500000000 0.900000000000 0.000000496878
0.012500000000 0.912500000000 0.000000435531
0.012500000000 0.925000000000 0.000000373858
0.012500000000 0.937500000000 0.000000311959
0.012500000000 0.950000000000 0.000000249814
0.012500000000 0.962500000000 0.000000187466
0.012500000000 0.975000000000 0.000000125079
0.012500000000 0.987500000000 0.000000062551
0.012500000000 1.000000000000 0.000000000000

0.025000000000 0.000000000000 0.000000000000
0.025000000000 0.012500000000 0.000000125079
0.025000000000 0.025000000000 0.000000250069
0.025000000000 0.037500000000 0.000000374877
0.025000000000 0.050000000000 0.000000499479
0.025000000000 0.062500000000 0.000000623696
0.025000000000 0.075000000000 0.000000747513
0.025000000000 0.087500000000 0.000000870798
0.025000000000 0.100000000000 0.000000993474
0.025000000000 0.112500000000 0.000001115422
0.025000000000 0.125000000000 0.000001236536
0.025000000000 0.137500000000 0.000001356650
0.025000000000 0.150000000000 0.000001475691
0.025000000000 0.162500000000 0.000001593470
0.025000000000 0.175000000000 0.000001709866
0.025000000000 0.187500000000 0.000001824687
0.025000000000 0.200000000000 0.000001937725
0.025000000000 0.212500000000 0.000002048861
0.025000000000 0.225000000000 0.000002157864
0.025000000000 0.237500000000 0.000002264571
0.025000000000 0.250000000000 0.000002368725
0.025000000000 0.262500000000 0.000002470153
0.025000000000 0.275000000000 0.000002568640
0.025000000000 0.287500000000 0.000002663902
0.025000000000 0.300000000000 0.000002755615
0.025000000000 0.312500000000 0.000002843581
0.025000000000 0.325000000000 0.000002927490
0.025000000000 0.337500000000 0.000003007129
0.025000000000 0.350000000000 0.000003082192
0.025000000000 0.362500000000 0.000003152397
0.025000000000 0.375000000000 0.000003217547
0.025000000000 0.387500000000 0.000003277356
0.025000000000 0.400000000000 0.000003331665
0.025000000000 0.412500000000 0.000003380096
0.025000000000 0.425000000000 0.000003422511
0.025000000000 0.437500000000 0.000003458724
0.025000000000 0.450000000000 0.000003488567
0.025000000000 0.462500000000 0.000003511890
0.025000000000 0.475000000000 0.000003528644
0.025000000000 0.487500000000 0.000003538728
0.025000000000 0.500000000000 0.000003542060
0.025000000000 0.512500000000 0.000003538728
0.025000000000 0.525000000000 0.000003528644
0.025000000000 0.537500000000 0.000003511890
0.025000000000 0.550000000000 0.000003488567
0.025000000000 0.562500000000 0.000003458724
0.025000000000 0.575000000000 0.000003422511
0.025000000000 0.587500000000 0.000003380096
0.025000000000 0.600000000000 0.000003331665
0.025000000000 0.612500000000 0.000003277356
0.025000000000 0.625000000000 0.000003217547
0.025000000000 0.637500000000 0.000003152397
0.025000000000 0.650000000000 0.000003082192
0.025000000000 0.662500000000 0.000003007129
0.025000000000 0.675000000000 0.000002927490
0.025000000000 0.687500000000 0.000002843581
0.025000000000 0.700000000000 0.000002755615
0.025000000000 0.712500000000 0.000002663902
0.025000000000 0.725000000000 0.000002568640
0.025000000000 0.737500000000 0.000002470153
0.025000000000 0.750000000000 0.000002368725
0.025000000000 0.762500000000 0.000002264571
0.025000000000 0.775000000000 0.000002157864
0.025000000000 0.787500000000 0.000002048861
0.025000000000 0.800000000000 0.000001937725
0.025000000000 0.812500000000 0.000001824687
0.025000000000 0.825000000000 0.000001709866
0.025000000000 0.837500000000 0.000001593470
0.025000000000 0.850000000000 0.000001475691
0.025000000000 0.862500000000 0.000001356650
0.025000000000 0.875000000000 0.000001236536
0.025000000000 0.887500000000 0.000001115422
0.025000000000 0.900000000000 0.000000993474
0.025000000000 0.912500000000 0.000000870798
0.025000000000 0.925000000000 0.000000747513
0.025000000000 0.937500000000 0.000000623696
0.025000000000 0.950000000000 0.000000499479
0.025000000000 0.962500000000 0.000000374877
0.025000000000 0.975000000000 0.000000250069
0.025000000000 0.987500000000 0.000000125079
0.025000000000 1.000000000000 0.000000000000

0.037500000000 0.000000000000 0.000000000000
0.037500000000 0.012500000000 0.000000187466
0.037500000000 0.025000000000 0.000000374877
0.037500000000 0.037500000000 0.000000562022
0.037500000000 0.050000000000 0.000000748834
0.037500000000 0.062500000000 0.000000935061
0.037500000000 0.075000000000 0.000001120706
0.037500000000 0.087500000000 0.000001305582
0.037500000000 0.100000000000 0.000001489547
0.037500000000 0.112500000000 0.000001672402
0.037500000000 0.125000000000 0.000001853979
0.037500000000 0.137500000000 0.000002034114
0.037500000000 0.150000000000 0.000002212598
0.037500000000 0.162500000000 0.000002389245
0.037500000000 0.175000000000 0.000002563817
0.037500000000 0.187500000000 0.000002736056
0.037500000000 0.200000000000 0.000002905699
0.037500000000 0.212500000000 0.000003072448
0.037500000000 0.225000000000 0.000003236023
0.037500000000 0.237500000000 0.000003396172
0.037500000000 0.250000000000 0.000003552562
0.037500000000 0.262500000000 0.000003704858
0.037500000000 0.275000000000 0.000003852725
0.037500000000 0.287500000000 0.000003995789
0.037500000000 0.300000000000 0.000004133577
0.037500000000 0.312500000000 0.000004265672
0.037500000000 0.325000000000 0.000004391730
0.037500000000 0.337500000000 0.000004511344
0.037500000000 0.350000000000 0.000004624076
0.037500000000 0.362500000000 0.000004729602
0.037500000000 0.375000000000 0.000004827504
0.037500000000 0.387500000000 0.000004917434
0.037500000000 0.400000000000 0.000004999059
0.037500000000 0.412500000000 0.000005071935
0.037500000000 0.425000000000 0.000005135775
0.037500000000 0.437500000000 0.000005190200
0.037500000000 0.450000000000 0.000005235108
0.037500000000 0.462500000000 0.000005270224
0.037500000000 0.475000000000 0.000005295400
0.037500000000 0.487500000000 0.000005310560
0.037500000000 0.500000000000 0.000005315585
0.037500000000 0.512500000000 0.000005310560
0.037500000000 0.525000000000 0.000005295400
0.037500000000 0.537500000000 0.000005270224
0.037500000000 0.550000000000 0.000005235108
0.037500000000 0.562500000000 0.000005190200
0.037500000000 0.575000000000 0.000005135775
0.037500000000 0.587500000000 0.000005071935
0.037500000000 0.600000000000 0.000004999059
0.037500000000 0.612500000000 0.000004917434
0.037500000000 0.625000000000 0.000004827504
0.037500000000 0.637500000000 0.000004729602
0.037500000000 0.650000000000 0.000004624076
0.037500000000 0.662500000000 0.000004511344
0.037500000000 0.675000000000 0.000004391730
0.037500000000 0.687500000000 0.000004265672
0.037500000000 0.700000000000 0.000004133577
0.037500000000 0.712500000000 0.000003995789
0.037500000000 0.725000000000 0.000003852725
0.037500000000 0.737500000000 0.000003704858
0.037500000000 0.750000000000 0.000003552562
0.037500000000 0.762500000000 0.000003396172
0.037500000000 0.775000000000 0.000003236023
0.037500000000 0.787500000000 0.000003072448
0.037500000000 0.800000000000 0.000002905699
0.037500000000 0.812500000000 0.000002736056
0.037500000000 0.825000000000 0.000002563817
0.037500000000 0.837500000000 0.000002389245
0.037500000000 0.850000000000 0.000002212598
0.037500000000 0.862500000000 0.000002034114
0.037500000000 0.875000000000 0.000001853979
0.037500000000 0.887500000000 0.000001672402
0.037500000000 0.900000000000 0.000001489547
0.037500000000 0.912500000000 0.000001305582
0.037500000000 0.925000000000 0.000001120706
0.037500000000 0.937500000000 0.000000935061
0.037500000000 0.950000000000 0.000000748834
0.037500000000 0.962500000000 0.000000562022
0.037500000000 0.975000000000 0.000000374877
0.037500000000 0.987500000000 0.000000187466
0.037500000000 1.000000000000 0.000000000000

0.050000000000 0.000000000000 0.000000000000
0.050000000000 0.012500000000 0.000000249814
0.050000000000 0.025000000000 0.000000499479
0.050000000000 0.037500000000 0.000000748834
0.050000000000 0.050000000000 0.000000997755
0.050000000000 0.062500000000 0.000001245880
0.050000000000 0.075000000000 0.000001493210
0.050000000000 0.087500000000 0.000001739550
0.050000000000 0.100000000000 0.000001984659
0.050000000000 0.112500000000 0.000002228360
0.050000000000 0.125000000000 0.000002470368
0.050000000000 0.137500000000 0.000002710435
0.050000000000 0.150000000000 0.000002948344
0.050000000000 0.162500000000 0.000003183828
0.050000000000 0.175000000000 0.000003416629
0.050000000000 0.187500000000 0.000003646310
0.050000000000 0.200000000000 0.000003872564
0.050000000000 0.212500000000 0.000004095025
0.050000000000 0.225000000000 0.000004313312
0.050000000000 0.237500000000 0.000004527050
0.050000000000 0.250000000000 0.000004735770
0.050000000000 0.262500000000 0.000004939083
0.050000000000 0.275000000000 0.000005136498
0.050000000000 0.287500000000 0.000005327529
0.050000000000 0.300000000000 0.000005511569
0.050000000000 0.312500000000 0.000005688032
0.050000000000 0.325000000000 0.000005856462
0.050000000000 0.337500000000 0.000006016289
0.050000000000 0.350000000000 0.000006166987
0.050000000000 0.362500000000 0.000006308077
0.050000000000 0.375000000000 0.000006439011
0.050000000000 0.387500000000 0.000006559249
0.050000000000 0.400000000000 0.000006668393
0.050000000000 0.412500000000 0.000006765905
0.050000000000 0.425000000000 0.000006851362
0.050000000000 0.437500000000 0.000006924249
0.050000000000 0.450000000000 0.000006984338
0.050000000000 0.462500000000 0.000007031407
0.050000000000 0.475000000000 0.000007065132
0.050000000000 0.487500000000 0.000007085420
0.050000000000 0.500000000000 0.000007092195
0.050000000000 0.512500000000 0.000007085420
0.050000000000 0.525000000000 0.000007065132
0.050000000000 0.537500000000 0.000007031407
0.050000000000 0.550000000000 0.000006984338
0.050000000000 0.562500000000 0.000006924249
0.050000000000 0.575000000000 0.000006851362
0.050000000000 0.587500000000 0.000006765905
0.050000000000 0.600000000000 0.000006668393
0.050000000000 0.612500000000 0.000006559249
0.050000000000 0.625000000000 0.000006439011
0.050000000000 0.637500000000 0.000006308077
0.050000000000 0.650000000000 0.000006166987
0.050000000000 0.662500000000 0.000006016289
0.050000000000 0.675000000000 0.000005856462
0.050000000000 0.687500000000 0.000005688032
0.050000000000 0.700000000000 0.000005511569
0.050000000000 0.712500000000 0.000005327529
0.050000000000 0.725000000000 0.000005136498
0.050000000000 0.737500000000 0.000004939083
0.050000000000 0.750000000000 0.000004735770
0.050000000000 0.762500000000 0.000004527050
0.050000000000 0.775000000000 0.000004313312
0.050000000000 0.787500000000 0.000004095025
0.050000000000 0.800000000000 0.000003872564
0.050000000000 0.812500000000 0.000003646310
0.050000000000 0.825000000000 0.000003416629
0.050000000000 0.837500000000 0.000003183828
0.050000000000 0.850000000000 0.000002948344
0.050000000000 0.862500000000 0.000002710435
0.050000000000 0.875000000000 0.000002470368
0.050000000000 0.887500000000 0.000002228360
0.050000000000 0.900000000000 0.000001984659
0.050000000000 0.912500000000 0.000001739550
0.050000000000 0.925000000000 0.000001493210
0.050000000000 0.937500000000 0.000001245880
0.050000000000 0.950000000000 0.000000997755
0.050000000000 0.962500000000 0.000000748834
0.050000000000 0.975000000000 0.000000499479
0.050000000000 0.987500000000 0.000000249814
0.050000000000 1.000000000000 0.000000000000

0.062500000000 0.000000000000 0.000000000000
0.062500000000 0.012500000000 0.000000311959
0.062500000000 0.025000000000 0.000000623696
0.062500000000 0.037500000000 0.000000935061
0.062500000000 0.050000000000 0.000001245880
0.062500000000 0.062500000000 0.000001555795
0.062500000000 0.075000000000 0.000001864712
0.062500000000 0.087500000000 0.000002172386
0.062500000000 0.100000000000 0.000002478558
0.062500000000 0.112500000000 0.000002783019
0.062500000000 0.125000000000 0.000003085384
0.062500000000 0.137500000000 0.000003385303
0.062500000000 0.150000000000 0.000003682593
0.062500000000 0.162500000000 0.000003976920
0.062500000000 0.175000000000 0.000004267920
0.062500000000 0.187500000000 0.000004555102
0.062500000000 0.200000000000 0.000004838036
0.062500000000 0.212500000000 0.000005116303
0.062500000000 0.225000000000 0.000005389446
0.062500000000 0.237500000000 0.000005656907
0.062500000000 0.250000000000 0.000005918136
0.062500000000 0.262500000000 0.000006172616
0.062500000000 0.275000000000 0.000006419817
0.062500000000 0.287500000000 0.000006659061
0.062500000000 0.300000000000 0.000006889606
0.062500000000 0.312500000000 0.000007110750
0.062500000000 0.325000000000 0.000007321863
0.062500000000 0.337500000000 0.000007522245
0.062500000000 0.350000000000 0.000007711236
0.062500000000 0.362500000000 0.000007888222
0.062500000000 0.375000000000 0.000008052525
0.062500000000 0.387500000000 0.000008203443
0.062500000000 0.400000000000 0.000008340441
0.062500000000 0.412500000000 0.000008462858
0.062500000000 0.425000000000 0.000008570164
0.062500000000 0.437500000000 0.000008661751
0.062500000000 0.450000000000 0.000008737262
0.062500000000 0.462500000000 0.000008796407
0.062500000000 0.475000000000 0.000008838805
0.062500000000 0.487500000000 0.000008864320
0.062500000000 0.500000000000 0.000008872839
0.062500000000 0.512500000000 0.000008864320
0.062500000000 0.525000000000 0.000008838805
0.062500000000 0.537500000000 0.000008796407
0.062500000000 0.550000000000 0.000008737262
0.062500000000 0.562500000000 0.000008661751
0.062500000000 0.575000000000 0.000008570164
0.062500000000 0.587500000000 0.000008462858
0.062500000000 0.600000000000 0.000008340441
0.062500000000 0.612500000000 0.000008203443
0.062500000000 0.625000000000 0.000008052525
0.062500000000 0.637500000000 0.000007888222
0.062500000000 0.650000000000 0.000007711236
0.062500000000 0.662500000000 0.000007522245
0.062500000000 0.675000000000 0.000007321863
0.062500000000 0.687500000000 0.000007110750
0.062500000000 0.700000000000 0.000006889606
0.062500000000 0.712500000000 0.000006659061
0.062500000000 0.725000000000 0.000006419817
0.062500000000 0.737500000000 0.000006172616
0.062500000000 0.750000000000 0.000005918136
0.062500000000 0.762500000000 0.000005656907
0.062500000000 0.775000000000 0.000005389446
0.062500000000 0.787500000000 0.000005116303
0.062500000000 0.800000000000 0.000004838036
0.062500000000 0.812500000000 0.000004555102
0.062500000000 0.825000000000 0.000004267920
0.062500000000 0.837500000000 0.000003976920
0.062500000000 0.850000000000 0.000003682593
0.062500000000 0.862500000000 0.000003385303
0.062500000000 0.875000000000 0.000003085384
0.062500000000 0.887500000000 0.000002783019
0.062500000000 0.900000000000 0.000002478558
0.062500000000 0.912500000000 0.000002172386
0.062500000000 0.925000000000 0.000001864712
0.062500000000 0.937500000000 0.000001555795
0.062500000000 0.950000000000 0.000001245880
0.062500000000 0.962500000000 0.000000935061
0.062500000000 0.975000000000 0.000000623696
0.062500000000 0.987500000000 0.000000311959
0.062500000000 1.000000000000 0.000000000000

0.075000000000 0.000000000000 0.000000000000
0.075000000000 0.012500000000 0.000000373858
0.075000000000 0.025000000000 0.000000747513
0.075000000000 0.037500000000 0.000001120706
0.075000000000 0.050000000000 0.000001493210
0.075000000000 0.062500000000 0.000001864712
0.075000000000 0.075000000000 0.000002235020
0.075000000000 0.087500000000 0.000002603868
0.075000000000 0.100000000000 0.000002970963
0.075000000000 0.112500000000 0.000003336027
0.075000000000 0.125000000000 0.000003698632
0.075000000000 0.137500000000 0.000004058409
0.075000000000 0.150000000000 0.000004415036
0.075000000000 0.162500000000 0.000004768130
0.075000000000 0.175000000000 0.000005117299
0.075000000000 0.187500000000 0.000005461967
0.075000000000 0.200000000000 0.000005801675
0.075000000000 0.212500000000 0.000006135833
0.075000000000 0.225000000000 0.000006463950
0.075000000000 0.237500000000 0.000006785327
0.075000000000 0.250000000000 0.000007099371
0.075000000000 0.262500000000 0.000007405309
0.075000000000 0.275000000000 0.000007702565
0.075000000000 0.287500000000 0.000007990259
0.075000000000 0.300000000000 0.000008267658
0.075000000000 0.312500000000 0.000008533863
0.075000000000 0.325000000000 0.000008788102
0.075000000000 0.337500000000 0.000009029471
0.075000000000 0.350000000000 0.000009257183
0.075000000000 0.362500000000 0.000009470480
0.075000000000 0.375000000000 0.000009668579
0.075000000000 0.387500000000 0.000009850618
0.075000000000 0.400000000000 0.000010015878
0.075000000000 0.412500000000 0.000010163597
0.075000000000 0.425000000000 0.000010293083
0.075000000000 0.437500000000 0.000010403681
0.075000000000 0.450000000000 0.000010494899
0.075000000000 0.462500000000 0.000010566324
0.075000000000 0.475000000000 0.000010617588
0.075000000000 0.487500000000 0.000010648454
0.075000000000 0.500000000000 0.000010658741
0.075000000000 0.512500000000 0.000010648454
0.075000000000 0.525000000000 0.000010617588
0.075000000000 0.537500000000 0.000010566324
0.075000000000 0.550000000000 0.000010494899
0.075000000000 0.562500000000 0.000010403681
0.075000000000 0.575000000000 0.000010293083
0.075000000000 0.587500000000 0.000010163597
0.075000000000 0.600000000000 0.000010015878
0.075000000000 0.612500000000 0.000009850618
0.075000000000 0.625000000000 0.000009668579
0.075000000000 0.637500000000 0.000009470480
0.075000000000 0.650000000000 0.000009257183
0.075000000000 0.662500000000 0.000009029471
0.075000000000 0.675000000000 0.000008788102
0.075000000000 0.687500000000 0.000008533863
0.075000000000 0.700000000000 0.000008267658
0.075000000000 0.712500000000 0.000007990259
0.075000000000 0.725000000000 0.000007702565
0.075000000000 0.737500000000 0.000007405309
0.075000000000 0.750000000000 0.000007099371
0.075000000000 0.762500000000 0.000006785327
0.075000000000 0.775000000000 0.000006463950
0.075000000000 0.787500000000 0.000006135833
0.075000000000 0.800000000000 0.000005801675
0.075000000000 0.812500000000 0.000005461967
0.075000000000 0.825000000000 0.000005117299
0.075000000000 0.837500000000 0.000004768130
0.075000000000 0.850000000000 0.000004415036
0.075000000000 0.862500000000 0.000004058409
0.075000000000 0.875000000000 0.000003698632
0.075000000000 0.887500000000 0.000003336027
0.075000000000 0.900000000000 0.000002970963
0.075000000000 0.912500000000 0.000002603868
0.075000000000 0.925000000000 0.000002235020
0.075000000000 0.937500000000 0.000001864712
0.075000000000 0.950000000000 0.000001493210
0.075000000000 0.962500000000 0.000001120706
0.075000000000 0.975000000000 0.000000747513
0.075000000000 0.987500000000 0.000000373858
0.075000000000 1.000000000000 0.000000000000

0.087500000000 0.000000000000 0.000000000000
0.087500000000 0.012500000000 0.000000435531
0.087500000000 0.025000000000 0.000000870798
0.087500000000 0.037500000000 0.000001305582
0.087500000000 0.050000000000 0.000001739550
0.087500000000 0.062500000000 0.000002172386
0.087500000000 0.075000000000 0.000002603868
0.087500000000 0.087500000000 0.000003033681
0.087500000000 0.100000000000 0.000003461482
0.087500000000 0.112500000000 0.000003886944
0.087500000000 0.125000000000 0.000004309654
0.087500000000 0.137500000000 0.000004729202
0.087500000000 0.150000000000 0.000005145126
0.087500000000 0.162500000000 0.000005556952
0.087500000000 0.175000000000 0.000005964311
0.087500000000 0.187500000000 0.000006366535
0.087500000000 0.200000000000 0.000006763063
0.087500000000 0.212500000000 0.000007153231
0.087500000000 0.225000000000 0.000007536474
0.087500000000 0.237500000000 0.000007912027
0.087500000000 0.250000000000 0.000008279098
0.087500000000 0.262500000000 0.000008636847
0.087500000000 0.275000000000 0.000008984483
0.087500000000 0.287500000000 0.000009321037
0.087500000000 0.300000000000 0.000009645697
0.087500000000 0.312500000000 0.000009957433
0.087500000000 0.325000000000 0.000010255255
0.087500000000 0.337500000000 0.000010538124
0.087500000000 0.350000000000 0.000010805127
0.087500000000 0.362500000000 0.000011055329
0.087500000000 0.375000000000 0.000011287778
0.087500000000 0.387500000000 0.000011501444
0.087500000000 0.400000000000 0.000011695473
0.087500000000 0.412500000000 0.000011868928
0.087500000000 0.425000000000 0.000012021013
0.087500000000 0.437500000000 0.000012150996
0.087500000000 0.450000000000 0.000012258205
0.087500000000 0.462500000000 0.000012342204
0.087500000000 0.475000000000 0.000012402532
0.087500000000 0.487500000000 0.000012438842
0.087500000000 0.500000000000 0.000012450949
0.087500000000 0.512500000000 0.000012438842
0.087500000000 0.525000000000 0.000012402532
0.087500000000 0.537500000000 0.000012342204
0.087500000000 0.550000000000 0.000012258205
0.087500000000 0.562500000000 0.000012150996
0.087500000000 0.575000000000 0.000012021013
0.087500000000 0.587500000000 0.000011868928
0.087500000000 0.600000000000 0.000011695473
0.087500000000 0.612500000000 0.000011501444
0.087500000000 0.625000000000 0.000011287778
0.087500000000 0.637500000000 0.000011055329
0.087500000000 0.650000000000 0.000010805127
0.087500000000 0.662500000000 0.000010538124
0.087500000000 0.675000000000 0.000010255255
0.087500000000 0.687500000000 0.000009957433
0.087500000000 0.700000000000 0.000009645697
0.087500000000 0.712500000000 0.000009321037
0.087500000000 0.725000000000 0.000008984483
0.087500000000 0.737500000000 0.000008636847
0.087500000000 0.750000000000 0.000008279098
0.087500000000 0.762500000000 0.000007912027
0.087500000000 0.775000000000 0.000007536474
0.087500000000 0.787500000000 0.000007153231
0.087500000000 0.800000000000 0.000006763063
0.087500000000 0.812500000000 0.000006366535
0.087500000000 0.825000000000 0.000005964311
0.087500000000 0.837500000000 0.000005556952
0.087500000000 0.850000000000 0.000005145126
0.087500000000 0.862500000000 0.000004729202
0.087500000000 0.875000000000 0.000004309654
0.087500000000 0.887500000000 0.000003886944
0.087500000000 0.900000000000 0.000003461482
0.087500000000 0.912500000000 0.000003033681
0.087500000000 0.925000000000 0.000002603868
0.087500000000 0.937500000000 0.000002172386
0.087500000000 0.950000000000 0.000001739550
0.087500000000 0.962500000000 0.000001305582
0.087500000000 0.975000000000 0.000000870798
0.087500000000 0.987500000000 0.000000435531
0.087500000000 1.000000000000 0.000000000000

0.100000000000 0.000000000000 0.000000000000
0.100000000000 0.012500000000 0.000000496878
0.100000000000 0.025000000000 0.000000993474
0.100000000000 0.037500000000 0.000001489547
0.100000000000 0.050000000000 0.000001984659
0.100000000000 0.062500000000 0.000002478558
0.100000000000 0.075000000000 0.000002970963
0.100000000000 0.087500000000 0.000003461482
0.100000000000 0.100000000000 0.000003949754
0.100000000000 0.112500000000 0.000004435395
0.100000000000 0.125000000000 0.000004918036
0.100000000000 0.137500000000 0.000005397169
0.100000000000 0.150000000000 0.000005872299
0.100000000000 0.162500000000 0.000006342872
0.100000000000 0.175000000000 0.000006808398
0.100000000000 0.187500000000 0.000007268267
0.100000000000 0.200000000000 0.000007721699
0.100000000000 0.212500000000 0.000008168049
0.100000000000 0.225000000000 0.000008606598
0.100000000000 0.237500000000 0.000009036547
0.100000000000 0.250000000000 0.000009456927
0.100000000000 0.262500000000 0.000009866814
0.100000000000 0.275000000000 0.000010265219
0.100000000000 0.287500000000 0.000010651199
0.100000000000 0.300000000000 0.000011023625
0.100000000000 0.312500000000 0.000011381394
0.100000000000 0.325000000000 0.000011723353
0.100000000000 0.337500000000 0.000012048371
0.100000000000 0.350000000000 0.000012355315
0.100000000000 0.362500000000 0.000012643084
0.100000000000 0.375000000000 0.000012910491
0.100000000000 0.387500000000 0.000013156407
0.100000000000 0.400000000000 0.000013379837
0.100000000000 0.412500000000 0.000013579631
0.100000000000 0.425000000000 0.000013754905
0.100000000000 0.437500000000 0.000013904716
0.100000000000 0.450000000000 0.000014028340
0.100000000000 0.462500000000 0.000014125256
0.100000000000 0.475000000000 0.000014194800
0.100000000000 0.487500000000 0.000014236658
0.100000000000 0.500000000000 0.000014250641
0.100000000000 0.512500000000 0.000014236658
0.100000000000 0.525000000000 0.000014194800
0.100000000000 0.537500000000 0.000014125256
0.100000000000 0.550000000000 0.000014028340
0.100000000000 0.562500000000 0.000013904716
0.100000000000 0.575000000000 0.000013754905
0.100000000000 0.587500000000 0.000013579631
0.100000000000 0.600000000000 0.000013379837
0.100000000000 0.612500000000 0.000013156407
0.100000000000 0.625000000000 0.000012910491
0.100000000000 0.637500000000 0.000012643084
0.100000000000 0.650000000000 0.000012355315
0.100000000000 0.662500000000 0.000012048371
0.100000000000 0.675000000000 0.000011723353
0.100000000000 0.687500000000 0.000011381394
0.100000000000 0.700000000000 0.000011023625
0.100000000000 0.712500000000 0.000010651199
0.100000000000 0.725000000000 0.000010265219
0.100000000000 0.737500000000 0.000009866814
0.100000000000 0.750000000000 0.000009456927
0.100000000000 0.762500000000 0.000009036547
0.100000000000 0.775000000000 0.000008606598
0.100000000000 0.787500000000 0.000008168049
0.100000000000 0.800000000000 0.000007721699
0.100000000000 0.812500000000 0.000007268267
0.100000000000 0.825000000000 0.000006808398
0.100000000000 0.837500000000 0.000006342872
0.100000000000 0.850000000000 0.000005872299
0.100000000000 0.862500000000 0.000005397169
0.100000000000 0.875000000000 0.000004918036
0.100000000000 0.887500000000 0.000004435395
0.100000000000 0.900000000000 0.000003949754
0.100000000000 0.912500000000 0.000003461482
0.100000000000 0.925000000000 0.000002970963
0.100000000000 0.937500000000 0.000002478558
0.100000000000 0.950000000000 0.000001984659
0.100000000000 0.962500000000 0.000001489547
0.100000000000 0.975000000000 0.000000993474
0.100000000000 0.987500000000 0.000000496878
0.100000000000 1.000000000000 0.000000000000

0.112500000000 0.000000000000 0.000000000000
0.112500000000 0.012500000000 0.000000557855
0.112500000000 0.025000000000 0.000001115422
0.112500000000 0.037500000000 0.000001672402
0.112500000000 0.050000000000 0.000002228360
0.112500000000 0.062500000000 0.000002783019
0.112500000000 0.075000000000 0.000003336027
0.112500000000 0.087500000000 0.000003886944
0.112500000000 0.100000000000 0.000004435395
0.112500000000 0.112500000000 0.000004981046
0.112500000000 0.125000000000 0.000005523422
0.112500000000 0.137500000000 0.000006061978
0.112500000000 0.150000000000 0.000006596209
0.112500000000 0.162500000000 0.000007125458
0.112500000000 0.175000000000 0.000007649173
0.112500000000 0.187500000000 0.000008166651
0.112500000000 0.200000000000 0.000008677142
0.112500000000 0.212500000000 0.000009179832
0.112500000000 0.225000000000 0.000009673908
0.112500000000 0.237500000000 0.000010158495
0.112500000000 0.250000000000 0.000010632533
0.112500000000 0.262500000000 0.000011094925
0.112500000000 0.275000000000 0.000011544606
0.112500000000 0.287500000000 0.000011980474
0.112500000000 0.300000000000 0.000012401299
0.112500000000 0.312500000000 0.000012805739
0.112500000000 0.325000000000 0.000013192541
0.112500000000 0.337500000000 0.000013560429
0.112500000000 0.350000000000 0.000013908072
0.112500000000 0.362500000000 0.000014234118
0.112500000000 0.375000000000 0.000014537257
0.112500000000 0.387500000000 0.000014816189
0.112500000000 0.400000000000 0.000015069749
0.112500000000 0.412500000000 0.000015296587
0.112500000000 0.425000000000 0.000015495619
0.112500000000 0.437500000000 0.000015665845
0.112500000000 0.450000000000 0.000015806358
0.112500000000 0.462500000000 0.000015916535
0.112500000000 0.475000000000 0.000015995622
0.112500000000 0.487500000000 0.000016043197
0.112500000000 0.500000000000 0.000016059089
0.112500000000 0.512500000000 0.000016043197
0.112500000000 0.525000000000 0.000015995622
0.112500000000 0.537500000000 0.000015916535
0.112500000000 0.550000000000 0.000015806358
0.112500000000 0.562500000000 0.000015665845
0.112500000000 0.575000000000 0.000015495619
0.112500000000 0.587500000000 0.000015296587
0.112500000000 0.600000000000 0.000015069749
0.112500000000 0.612500000000 0.000014816189
0.112500000000 0.625000000000 0.000014537257
0.112500000000 0.637500000000 0.000014234118
0.112500000000 0.650000000000 0.000013908072
0.112500000000 0.662500000000 0.000013560429
0.112500000000 0.675000000000 0.000013192541
0.112500000000 0.687500000000 0.000012805739
0.112500000000 0.700000000000 0.000012401299
0.112500000000 0.712500000000 0.000011980474
0.112500000000 0.725000000000 0.000011544606
0.112500000000 0.737500000000 0.000011094925
0.112500000000 0.750000000000 0.000010632533
0.112500000000 0.762500000000 0.000010158495
0.112500000000 0.775000000000 0.000009673908
0.112500000000 0.787500000000 0.000009179832
0.112500000000 0.800000000000 0.000008677142
0.112500000000 0.812500000000 0.000008166651
0.112500000000 0.825000000000 0.000007649173
0.112500000000 0.837500000000 0.000007125458
0.112500000000 0.850000000000 0.000006596209
0.112500000000 0.862500000000 0.000006061978
0.112500000000 0.875000000000 0.000005523422
0.112500000000 0.887500000000 0.000004981046
0.112500000000 0.900000000000 0.000004435395
0.112500000000 0.912500000000 0.000003886944
0.112500000000 0.925000000000 0.000003336027
0.112500000000 0.937500000000 0.000002783019
0.112500000000 0.950000000000 0.000002228360
0.112500000000 0.962500000000 0.000001672402
0.112500000000 0.975000000000 0.000001115422
0.112500000000 0.987500000000 0.000000557855
0.112500000000 1.000000000000 0.000000000000

0.125000000000 0.000000000000 0.000000000000
0.125000000000 0.012500000000 0.000000618430
0.125000000000 0.025000000000 0.000001236536
0.125000000000 0.037500000000 0.000001853979
0.125000000000 0.050000000000 0.000002470368
0.125000000000 0.062500000000 0.000003085384
0.125000000000 0.075000000000 0.000003698632
0.125000000000 0.087500000000 0.000004309654
0.125000000000 0.100000000000 0.000004918036
0.125000000000 0.112500000000 0.000005523422
0.125000000000 0.125000000000 0.000006125273
0.125000000000 0.137500000000 0.000006723069
0.125000000000 0.150000000000 0.000007316257
0.125000000000 0.162500000000 0.000007904152
0.125000000000 0.175000000000 0.000008486055
0.125000000000 0.187500000000 0.000009061211
0.125000000000 0.200000000000 0.000009628840
0.125000000000 0.212500000000 0.000010188012
0.125000000000 0.225000000000 0.000010737830
0.125000000000 0.237500000000 0.000011277318
0.125000000000 0.250000000000 0.000011805370
0.125000000000 0.262500000000 0.000012320733
0.125000000000 0.275000000000 0.000012822254
0.125000000000 0.287500000000 0.000013308642
0.125000000000 0.300000000000 0.000013778510
0.125000000000 0.312500000000 0.000014230371
0.125000000000 0.325000000000 0.000014662830
0.125000000000 0.337500000000 0.000015074416
0.125000000000 0.350000000000 0.000015463604
0.125000000000 0.362500000000 0.000015828853
0.125000000000 0.375000000000 0.000016168652
0.125000000000 0.387500000000 0.000016481512
0.125000000000 0.400000000000 0.000016765985
0.125000000000 0.412500000000 0.000017020661
0.125000000000 0.425000000000 0.000017244210
0.125000000000 0.437500000000 0.000017435474
0.125000000000 0.450000000000 0.000017593461
0.125000000000 0.462500000000 0.000017717307
0.125000000000 0.475000000000 0.000017806271
0.125000000000 0.487500000000 0.000017859813
0.125000000000 0.500000000000 0.000017877665
0.125000000000 0.512500000000 0.000017859813
0.125000000000 0.525000000000 0.000017806271
0.125000000000 0.537500000000 0.000017717307
0.125000000000 0.550000000000 0.000017593461
0.125000000000 0.562500000000 0.000017435474
0.125000000000 0.575000000000 0.000017244210
0.125000000000 0.587500000000 0.000017020661
0.125000000000 0.600000000000 0.000016765985
0.125000000000 0.612500000000 0.000016481512
0.125000000000 0.625000000000 0.000016168652
0.125000000000 0.637500000000 0.000015828853
0.125000000000 0.650000000000 0.000015463604
0.125000000000 0.662500000000 0.000015074416
0.125000000000 0.675000000000 0.000014662830
0.125000000000 0.687500000000 0.000014230371
0.125000000000 0.700000000000 0.000013778510
0.125000000000 0.712500000000 0.000013308642
0.125000000000 0.725000000000 0.000012822254
0.125000000000 0.737500000000 0.000012320733
0.125000000000 0.750000000000 0.000011805370
0.125000000000 0.762500000000 0.000011277318
0.125000000000 0.775000000000 0.000010737830
0.125000000000 0.787500000000 0.000010188012
0.125000000000 0.800000000000 0.000009628840
0.125000000000 0.812500000000 0.000009061211
0.125000000000 0.825000000000 0.000008486055
0.125000000000 0.837500000000 0.000007904152
0.125000000000 0.850000000000 0.000007316257
0.125000000000 0.862500000000 0.000006723069
0.125000000000 0.875000000000 0.000006125273
0.125000000000 0.887500000000 0.000005523422
0.125000000000 0.900000000000 0.000004918036
0.125000000000 0.912500000000 0.000004309654
0.125000000000 0.925000000000 0.000003698632
0.125000000000 0.937500000000 0.000003085384
0.125000000000 0.950000000000 0.000002470368
0.125000000000 0.962500000000 0.000001853979
0.125000000000 0.975000000000 0.000001236536
0.125000000000 0.987500000000 0.000000618430
0.125000000000 1.000000000000 0.000000000000

0.137500000000 0.000000000000 0.000000000000
0.137500000000 0.012500000000 0.000000678492
0.137500000000 0.025000000000 0.000001356650
0.137500000000 0.037500000000 0.000002034114
0.137500000000 0.050000000000 0.000002710435
0.137500000000 0.062500000000 0.000003385303
0.137500000000 0.075000000000 0.000004058409
0.137500000000 0.087500000000 0.000004729202
0.137500000000 0.100000000000 0.000005397169
0.137500000000 0.112500000000 0.000006061978
0.137500000000 0.125000000000 0.000006723069
0.137500000000 0.137500000000 0.000007379930
0.137500000000 0.150000000000 0.000008031921
0.137500000000 0.162500000000 0.000008678313
0.137500000000 0.175000000000 0.000009318319
0.137500000000 0.187500000000 0.000009951159
0.137500000000 0.200000000000 0.000010576007
0.137500000000 0.212500000000 0.000011191864
0.137500000000 0.225000000000 0.000011797707
0.137500000000 0.237500000000 0.000012392464
0.137500000000 0.250000000000 0.000012974949
0.137500000000 0.262500000000 0.000013543804
0.137500000000 0.275000000000 0.000014097762
0.137500000000 0.287500000000 0.000014635375
0.137500000000 0.300000000000 0.000015155067
0.137500000000 0.312500000000 0.000015655203
0.137500000000 0.325000000000 0.000016134228
0.137500000000 0.337500000000 0.000016590482
0.137500000000 0.350000000000 0.000017022210
0.137500000000 0.362500000000 0.000017427690
0.137500000000 0.375000000000 0.000017805182
0.137500000000 0.387500000000 0.000018152963
0.137500000000 0.400000000000 0.000018469326
0.137500000000 0.412500000000 0.000018752771
0.137500000000 0.425000000000 0.000019001733
0.137500000000 0.437500000000 0.000019214856
0.137500000000 0.450000000000 0.000019390987
0.137500000000 0.462500000000 0.000019529049
0.137500000000 0.475000000000 0.000019628252
0.137500000000 0.487500000000 0.000019687988
0.137500000000 0.500000000000 0.000019707907
0.137500000000 0.512500000000 0.000019687988
0.137500000000 0.525000000000 0.000019628252
0.137500000000 0.537500000000 0.000019529049
0.137500000000 0.550000000000 0.000019390987
0.137500000000 0.562500000000 0.000019214856
0.137500000000 0.575000000000 0.000019001733
0.137500000000 0.587500000000 0.000018752771
0.137500000000 0.600000000000 0.000018469326
0.137500000000 0.612500000000 0.000018152963
0.137500000000 0.625000000000 0.000017805182
0.137500000000 0.637500000000 0.000017427690
0.137500000000 0.650000000000 0.000017022210
0.137500000000 0.662500000000 0.000016590482
0.137500000000 0.675000000000 0.000016134228
0.137500000000 0.687500000000 0.000015655203
0.137500000000 0.700000000000 0.000015155067
0.137500000000 0.712500000000 0.000014635375
0.137500000000 0.725000000000 0.000014097762
0.137500000000 0.737500000000 0.000013543804
0.137500000000 0.750000000000 0.000012974949
0.137500000000 0.762500000000 0.000012392464
0.137500000000 0.775000000000 0.000011797707
0.137500000000 0.787500000000 0.000011191864
0.137500000000 0.800000000000 0.000010576007
0.137500000000 0.812500000000 0.000009951159
0.137500000000 0.825000000000 0.000009318319
0.137500000000 0.837500000000 0.000008678313
0.137500000000 0.850000000000 0.000008031921
0.137500000000 0.862500000000 0.000007379930
0.137500000000 0.875000000000 0.000006723069
0.137500000000 0.887500000000 0.000006061978
0.137500000000 0.900000000000 0.000005397169
0.137500000000 0.912500000000 0.000004729202
0.137500000000 0.925000000000 0.000004058409
0.137500000000 0.937500000000 0.000003385303
0.137500000000 0.950000000000 0.000002710435
0.137500000000 0.962500000000 0.000002034114
0.137500000000 0.975000000000 0.000001356650
0.137500000000 0.987500000000 0.000000678492
0.137500000000 1.000000000000 0.000000000000

0.150000000000 0.000000000000 0.000000000000
0.150000000000 0.012500000000 0.000000738032
0.150000000000 0.025000000000 0.000001475691
0.150000000000 0.037500000000 0.000002212598
0.150000000000 0.050000000000 0.000002948344
0.150000000000 0.062500000000 0.000003682593
0.150000000000 0.075000000000 0.000004415036
0.150000000000 0.087500000000 0.000005145126
0.150000000000 0.100000000000 0.000005872299
0.150000000000 0.112500000000 0.000006596209
0.150000000000 0.125000000000 0.000007316257
0.150000000000 0.137500000000 0.000008031921
0.150000000000 0.150000000000 0.000008742520
0.150000000000 0.162500000000 0.000009447254
0.150000000000 0.175000000000 0.000010145293
0.150000000000 0.187500000000 0.000010835831
0.150000000000 0.200000000000 0.000011517987
0.150000000000 0.212500000000 0.000012190716
0.150000000000 0.225000000000 0.000012852880
0.150000000000 0.237500000000 0.000013503299
0.150000000000 0.250000000000 0.000014140703
0.150000000000 0.262500000000 0.000014763662
0.150000000000 0.275000000000 0.000015370736
0.150000000000 0.287500000000 0.000015960328
0.150000000000 0.300000000000 0.000016530746
0.150000000000 0.312500000000 0.000017080135
0.150000000000 0.325000000000 0.000017606728
0.150000000000 0.337500000000 0.000018108720
0.150000000000 0.350000000000 0.000018584118
0.150000000000 0.362500000000 0.000019030992
0.150000000000 0.375000000000 0.000019447350
0.150000000000 0.387500000000 0.000019831244
0.150000000000 0.400000000000 0.000020180736
0.150000000000 0.412500000000 0.000020494047
0.150000000000 0.425000000000 0.000020769413
0.150000000000 0.437500000000 0.000021005285
0.150000000000 0.450000000000 0.000021200269
0.150000000000 0.462500000000 0.000021353166
0.150000000000 0.475000000000 0.000021463085
0.150000000000 0.487500000000 0.000021529321
0.150000000000 0.500000000000 0.000021551431
0.150000000000 0.512500000000 0.000021529321
0.150000000000 0.525000000000 0.000021463085
0.150000000000 0.537500000000 0.000021353166
0.150000000000 0.550000000000 0.000021200269
0.150000000000 0.562500000000 0.000021005285
0.150000000000 0.575000000000 0.000020769413
0.150000000000 0.587500000000 0.000020494047
0.150000000000 0.600000000000 0.000020180736
0.150000000000 0.612500000000 0.000019831244
0.150000000000 0.625000000000 0.000019447350
0.150000000000 0.637500000000 0.000019030992
0.150000000000 0.650000000000 0.000018584118
0.150000000000 0.662500000000 0.000018108720
0.150000000000 0.675000000000 0.000017606728
0.150000000000 0.687500000000 0.000017080135
0.150000000000 0.700000000000 0.000016530746
0.150000000000 0.712500000000 0.000015960328
0.150000000000 0.725000000000 0.000015370736
0.150000000000 0.737500000000 0.000014763662
0.150000000000 0.750000000000 0.000014140703
0.150000000000 0.762500000000 0.000013503299
0.150000000000 0.775000000000 0.000012852880
0.150000000000 0.787500000000 0.000012190716
0.150000000000 0.800000000000 0.000011517987
0.150000000000 0.812500000000 0.000010835831
0.150000000000 0.825000000000 0.000010145293
0.150000000000 0.837500000000 0.000009447254
0.150000000000 0.850000000000 0.000008742520
0.150000000000 0.862500000000 0.000008031921
0.150000000000 0.875000000000 0.000007316257
0.150000000000 0.887500000000 0.000006596209
0.150000000000 0.900000000000 0.000005872299
0.150000000000 0.912500000000 0.000005145126
0.150000000000 0.925000000000 0.000004415036
0.150000000000 0.937500000000 0.000003682593
0.150000000000 0.950000000000 0.000002948344
0.150000000000 0.962500000000 0.000002212598
0.150000000000 0.975000000000 0.000001475691
0.150000000000 0.987500000000 0.000000738032
0.150000000000 1.000000000000 0.000000000000

0.162500000000 0.000000000000 0.000000000000
0.162500000000 0.012500000000 0.000000796923
0.162500000000 0.025000000000 0.000001593470
0.162500000000 0.037500000000 0.000002389245
0.162500000000 0.050000000000 0.000003183828
0.162500000000 0.062500000000 0.000003976920
0.162500000000 0.075000000000 0.000004768130
0.162500000000 0.087500000000 0.000005556952
0.162500000000 0.100000000000 0.000006342872
0.162500000000 0.112500000000 0.000007125458
0.162500000000 0.125000000000 0.000007904152
0.162500000000 0.137500000000 0.000008678313
0.162500000000 0.150000000000 0.000009447254
0.162500000000 0.162500000000 0.000010210155
0.162500000000 0.175000000000 0.000010966163
0.162500000000 0.187500000000 0.000011714443
0.162500000000 0.200000000000 0.000012454015
0.162500000000 0.212500000000 0.000013183818
0.162500000000 0.225000000000 0.000013902593
0.162500000000 0.237500000000 0.000014609099
0.162500000000 0.250000000000 0.000015301969
0.162500000000 0.262500000000 0.000015979682
0.162500000000 0.275000000000 0.000016640584
0.162500000000 0.287500000000 0.000017283026
0.162500000000 0.300000000000 0.000017905087
0.162500000000 0.312500000000 0.000018504800
0.162500000000 0.325000000000 0.000019080173
0.162500000000 0.337500000000 0.000019629145
0.162500000000 0.350000000000 0.000020149527
0.162500000000 0.362500000000 0.000020639151
0.162500000000 0.375000000000 0.000021095742
0.162500000000 0.387500000000 0.000021517087
0.162500000000 0.400000000000 0.000021901030
0.162500000000 0.412500000000 0.000022245465
0.162500000000 0.425000000000 0.000022548424
0.162500000000 0.437500000000 0.000022808089
0.162500000000 0.450000000000 0.000023022864
0.162500000000 0.462500000000 0.000023191376
0.162500000000 0.475000000000 0.000023312558
0.162500000000 0.487500000000 0.000023385628
0.162500000000 0.500000000000 0.000023410034
0.162500000000 0.512500000000 0.000023385628
0.162500000000 0.525000000000 0.000023312558
0.162500000000 0.537500000000 0.000023191376
0.162500000000 0.550000000000 0.000023022864
0.162500000000 0.562500000000 0.000022808089
0.162500000000 0.575000000000 0.000022548424
0.162500000000 0.587500000000 0.000022245465
0.162500000000 0.600000000000 0.000021901030
0.162500000000 0.612500000000 0.000021517087
0.162500000000 0.625000000000 0.000021095742
0.162500000000 0.637500000000 0.000020639151
0.162500000000 0.650000000000 0.000020149527
0.162500000000 0.662500000000 0.000019629145
0.162500000000 0.675000000000 0.000019080173
0.162500000000 0.687500000000 0.000018504800
0.162500000000 0.700000000000 0.000017905087
0.162500000000 0.712500000000 0.000017283026
0.162500000000 0.725000000000 0.000016640584
0.162500000000 0.737500000000 0.000015979682
0.162500000000 0.750000000000 0.000015301969
0.162500000000 0.762500000000 0.000014609099
0.162500000000 0.775000000000 0.000013902593
0.162500000000 0.787500000000 0.000013183818
0.162500000000 0.800000000000 0.000012454015
0.162500000000 0.812500000000 0.000011714443
0.162500000000 0.825000000000 0.000010966163
0.162500000000 0.837500000000 0.000010210155
0.162500000000 0.850000000000 0.000009447254
0.162500000000 0.862500000000 0.000008678313
0.162500000000 0.875000000000 0.000007904152
0.162500000000 0.887500000000 0.000007125458
0.162500000000 0.900000000000 0.000006342872
0.162500000000 0.912500000000 0.000005556952
0.162500000000 0.925000000000 0.000004768130
0.162500000000 0.937500000000 0.000003976920
0.162500000000 0.950000000000 0.000003183828
0.162500000000 0.962500000000 0.000002389245
0.162500000000 0.975000000000 0.000001593470
0.162500000000 0.987500000000 0.000000796923
0.162500000000 1.000000000000 0.000000000000

0.175000000000 0.000000000000 0.000000000000
0.175000000000 0.012500000000 0.000000855139
0.175000000000 0.025000000000 0.000001709866
0.175000000000 0.037500000000 0.000002563817
0.175000000000 0.050000000000 0.000003416629
0.175000000000 0.062500000000 0.000004267920
0.175000000000 0.075000000000 0.000005117299
0.175000000000 0.087500000000 0.000005964311
0.175000000000 0.100000000000 0.000006808398
0.175000000000 0.112500000000 0.000007649173
0.175000000000 0.125000000000 0.000008486055
0.175000000000 0.137500000000 0.000009318319
0.175000000000 0.150000000000 0.000010145293
0.175000000000 0.162500000000 0.000010966163
0.175000000000 0.175000000000 0.000011780077
0.175000000000 0.187500000000 0.000012586077
0.175000000000 0.200000000000 0.000013383209
0.175000000000 0.212500000000 0.000014170250
0.175000000000 0.225000000000 0.000014945987
0.175000000000 0.237500000000 0.000015709044
0.175000000000 0.250000000000 0.000016457965
0.175000000000 0.262500000000 0.000017191093
0.175000000000 0.275000000000 0.000017906706
0.175000000000 0.287500000000 0.000018602896
0.175000000000 0.300000000000 0.000019277709
0.175000000000 0.312500000000 0.000019928936
0.175000000000 0.325000000000 0.000020554406
0.175000000000 0.337500000000 0.000021151749
0.175000000000 0.350000000000 0.000021718605
0.175000000000 0.362500000000 0.000022252498
0.175000000000 0.375000000000 0.000022750887
0.175000000000 0.387500000000 0.000023211259
0.175000000000 0.400000000000 0.000023631171
0.175000000000 0.412500000000 0.000024008221
0.175000000000 0.425000000000 0.000024340128
0.175000000000 0.437500000000 0.000024624818
0.175000000000 0.450000000000 0.000024860469
0.175000000000 0.462500000000 0.000025045463
0.175000000000 0.475000000000 0.000025178550
0.175000000000 0.487500000000 0.000025258814
0.175000000000 0.500000000000 0.000025285618
0.175000000000 0.512500000000 0.000025258814
0.175000000000 0.525000000000 0.000025178550
0.175000000000 0.537500000000 0.000025045463
0.175000000000 0.550000000000 0.000024860469
0.175000000000 0.562500000000 0.000024624818
0.175000000000 0.575000000000 0.000024340128
0.175000000000 0.587500000000 0.000024008221
0.175000000000 0.600000000000 0.000023631171
0.175000000000 0.612500000000 0.000023211259
0.175000000000 0.625000000000 0.000022750887
0.175000000000 0.637500000000 0.000022252498
0.175000000000 0.650000000000 0.000021718605
0.175000000000 0.662500000000 0.000021151749
0.175000000000 0.675000000000 0.000020554406
0.175000000000 0.687500000000 0.000019928936
0.175000000000 0.700000000000 0.000019277709
0.175000000000 0.712500000000 0.000018602896
0.175000000000 0.725000000000 0.000017906706
0.175000000000 0.737500000000 0.000017191093
0.175000000000 0.750000000000 0.000016457965
0.175000000000 0.762500000000 0.000015709044
0.175000000000 0.775000000000 0.000014945987
0.175000000000 0.787500000000 0.000014170250
0.175000000000 0.800000000000 0.000013383209
0.175000000000 0.812500000000 0.000012586077
0.175000000000 0.825000000000 0.000011780077
0.175000000000 0.837500000000 0.000010966163
0.175000000000 0.850000000000 0.000010145293
0.175000000000 0.862500000000 0.000009318319
0.175000000000 0.875000000000 0.000008486055
0.175000000000 0.887500000000 0.000007649173
0.175000000000 0.900000000000 0.000006808398
0.175000000000 0.912500000000 0.000005964311
0.175000000000 0.925000000000 0.000005117299
0.175000000000 0.937500000000 0.000004267920
0.175000000000 0.950000000000 0.000003416629
0.175000000000 0.962500000000 0.000002563817
0.175000000000 0.975000000000 0.000001709866
0.175000000000 0.987500000000 0.000000855139
0.175000000000 1.000000000000 0.000000000000

0.187500000000 0.000000000000 0.000000000000
0.187500000000 0.012500000000 0.000000912554
0.187500000000 0.025000000000 0.000001824687
0.187500000000 0.037500000000 0.000002736056
0.187500000000 0.050000000000 0.000003646310
0.187500000000 0.062500000000 0.000004555102
0.187500000000 0.075000000000 0.000005461967
0.187500000000 0.087500000000 0.000006366535
0.187500000000 0.100000000000 0.000007268267
0.187500000000 0.112500000000 0.000008166651
0.187500000000 0.125000000000 0.000009061211
0.187500000000 0.137500000000 0.000009951159
0.187500000000 0.150000000000 0.000010835831
0.187500000000 0.162500000000 0.000011714443
0.187500000000 0.175000000000 0.000012586077
0.187500000000 0.187500000000 0.000013449761
0.187500000000 0.200000000000 0.000014304492
0.187500000000 0.212500000000 0.000015149044
0.187500000000 0.225000000000 0.000015982031
0.187500000000 0.237500000000 0.000016802120
0.187500000000 0.250000000000 0.000017607707
0.187500000000 0.262500000000 0.000018397044
0.187500000000 0.275000000000 0.000019168229
0.187500000000 0.287500000000 0.000019919295
0.187500000000 0.300000000000 0.000020647989
0.187500000000 0.312500000000 0.000021352035
0.187500000000 0.325000000000 0.000022029026
0.187500000000 0.337500000000 0.000022676364
0.187500000000 0.350000000000 0.000023291389
0.187500000000 0.362500000000 0.000023871292
0.187500000000 0.375000000000 0.000024413237
0.187500000000 0.387500000000 0.000024914421
0.187500000000 0.400000000000 0.000025372097
0.187500000000 0.412500000000 0.000025783482
0.187500000000 0.425000000000 0.000026145974
0.187500000000 0.437500000000 0.000026457131
0.187500000000 0.450000000000 0.000026714901
0.187500000000 0.462500000000 0.000026917412
0.187500000000 0.475000000000 0.000027063138
0.187500000000 0.487500000000 0.000027151070
0.187500000000 0.500000000000 0.000027180452
0.187500000000 0.512500000000 0.000027151070
0.187500000000 0.525000000000 0.000027063138
0.187500000000 0.537500000000 0.000026917412
0.187500000000 0.550000000000 0.000026714901
0.187500000000 0.562500000000 0.000026457131
0.187500000000 0.575000000000 0.000026145974
0.187500000000 0.587500000000 0.000025783482
0.187500000000 0.600000000000 0.000025372097
0.187500000000 0.612500000000 0.000024914421
0.187500000000 0.625000000000 0.000024413237
0.187500000000 0.637500000000 0.000023871292
0.187500000000 0.650000000000 0.000023291389
0.187500000000 0.662500000000 0.000022676364
0.187500000000 0.675000000000 0.000022029026
0.187500000000 0.687500000000 0.000021352035
0.187500000000 0.700000000000 0.000020647989
0.187500000000 0.712500000000 0.000019919295
0.187500000000 0.725000000000 0.000019168229
0.187500000000 0.737500000000 0.000018397044
0.187500000000 0.750000000000 0.000017607707
0.187500000000 0.762500000000 0.000016802120
0.187500000000 0.775000000000 0.000015982031
0.187500000000 0.787500000000 0.000015149044
0.187500000000 0.800000000000 0.000014304492
0.187500000000 0.812500000000 0.000013449761
0.187500000000 0.825000000000 0.000012586077
0.187500000000 0.837500000000 0.000011714443
0.187500000000 0.850000000000 0.000010835831
0.187500000000 0.862500000000 0.000009951159
0.187500000000 0.875000000000 0.000009061211
0.187500000000 0.887500000000 0.000008166651
0.187500000000 0.900000000000 0.000007268267
0.187500000000 0.912500000000 0.000006366535
0.187500000000 0.925000000000 0.000005461967
0.187500000000 0.937500000000 0.000004555102
0.187500000000 0.950000000000 0.000003646310
0.187500000000 0.962500000000 0.000002736056
0.187500000000 0.975000000000 0.000001824687
0.187500000000 0.987500000000 0.000000912554
0.187500000000 1.000000000000 0.000000000000

0.200000000000 0.000000000000 0.000000000000
0.200000000000 0.012500000000 0.000000969043
0.200000000000 0.025000000000 0.000001937725
0.200000000000 0.037500000000 0.000002905699
0.200000000000 0.050000000000 0.000003872564
0.200000000000 0.062500000000 0.000004838036
0.200000000000 0.075000000000 0.000005801675
0.200000000000 0.087500000000 0.000006763063
0.200000000000 0.100000000000 0.000007721699
0.200000000000 0.112500000000 0.000008677142
0.200000000000 0.125000000000 0.000009628840
0.200000000000 0.137500000000 0.000010576007
0.200000000000 0.150000000000 0.000011517987
0.200000000000 0.162500000000 0.000012454015
0.200000000000 0.175000000000 0.000013383209
0.200000000000 0.187500000000 0.000014304492
0.200000000000 0.200000000000 0.000015216858
0.200000000000 0.212500000000 0.000016119026
0.200000000000 0.225000000000 0.000017009616
0.200000000000 0.237500000000 0.000017887204
0.200000000000 0.250000000000 0.000018750094
0.200000000000 0.262500000000 0.000019596370
0.200000000000 0.275000000000 0.000020424131
0.200000000000 0.287500000000 0.000021231176
0.200000000000 0.300000000000 0.000022015142
0.200000000000 0.312500000000 0.000022773496
0.200000000000 0.325000000000 0.000023503641
0.200000000000 0.337500000000 0.000024202723
0.200000000000 0.350000000000 0.000024867757
0.200000000000 0.362500000000 0.000025495667
0.200000000000 0.375000000000 0.000026083299
0.200000000000 0.387500000000 0.000026627415
0.200000000000 0.400000000000 0.000027124925
0.200000000000 0.412500000000 0.000027572606
0.200000000000 0.425000000000 0.000027967510
0.200000000000 0.437500000000 0.000028306917
0.200000000000 0.450000000000 0.000028588285
0.200000000000 0.462500000000 0.000028809497
0.200000000000 0.475000000000 0.000028968776
0.200000000000 0.487500000000 0.000029064866
0.200000000000 0.500000000000 0.000029096977
0.200000000000 0.512500000000 0.000029064866
0.200000000000 0.525000000000 0.000028968776
0.200000000000 0.537500000000 0.000028809497
0.200000000000 0.550000000000 0.000028588285
0.200000000000 0.562500000000 0.000028306917
0.200000000000 0.575000000000 0.000027967510
0.200000000000 0.587500000000 0.000027572606
0.200000000000 0.600000000000 0.000027124925
0.200000000000 0.612500000000 0.000026627415
0.200000000000 0.625000000000 0.000026083299
0.200000000000 0.637500000000 0.000025495667
0.200000000000 0.650000000000 0.000024867757
0.200000000000 0.662500000000 0.000024202723
0.200000000000 0.675000000000 0.000023503641
0.200000000000 0.687500000000 0.000022773496
0.200000000000 0.700000000000 0.000022015142
0.200000000000 0.712500000000 0.000021231176
0.200000000000 0.725000000000 0.000020424131
0.200000000000 0.737500000000 0.000019596370
0.200000000000 0.750000000000 0.000018750094
0.200000000000 0.762500000000 0.000017887204
0.200000000000 0.775000000000 0.000017009616
0.200000000000 0.787500000000 0.000016119026
0.200000000000 0.800000000000 0.000015216858
0.200000000000 0.812500000000 0.000014304492
0.200000000000 0.825000000000 0.000013383209
0.200000000000 0.837500000000 0.000012454015
0.200000000000 0.850000000000 0.000011517987
0.200000000000 0.862500000000 0.000010576007
0.200000000000 0.875000000000 0.000009628840
0.200000000000 0.887500000000 0.000008677142
0.200000000000 0.900000000000 0.000007721699
0.200000000000 0.912500000000 0.000006763063
0.200000000000 0.925000000000 0.000005801675
0.200000000000 0.937500000000 0.000004838036
0.200000000000 0.950000000000 0.000003872564
0.200000000000 0.962500000000 0.000002905699
0.200000000000 0.975000000000 0.000001937725
0.200000000000 0.987500000000 0.000000969043
0.200000000000 1.000000000000 0.000000000000

0.212500000000 0.000000000000 0.000000000000
0.212500000000 0.012500000000 0.000001024593
0.212500000000 0.025000000000 0.000002048861
0.212500000000 0.037500000000 0.000003072448
0.212500000000 0.050000000000 0.000004095025
0.212500000000 0.062500000000 0.000005116303
0.212500000000 0.075000000000 0.000006135833
0.212500000000 0.087500000000 0.000007153231
0.212500000000 0.100000000000 0.000008168049
0.212500000000 0.112500000000 0.000009179832
0.212500000000 0.125000000000 0.000010188012
0.212500000000 0.137500000000 0.000011191864
0.212500000000 0.150000000000 0.000012190716
0.212500000000 0.162500000000 0.000013183818
0.212500000000 0.175000000000 0.000014170250
0.212500000000 0.187500000000 0.000015149044
0.212500000000 0.200000000000 0.000016119026
0.212500000000 0.212500000000 0.000017078941
0.212500000000 0.225000000000 0.000018027447
0.212500000000 0.237500000000 0.000018962941
0.212500000000 0.250000000000 0.000019883775
0.212500000000 0.262500000000 0.000020787883
0.212500000000 0.275000000000 0.000021673282
0.212500000000 0.287500000000 0.000022537566
0.212500000000 0.300000000000 0.000023378194
0.212500000000 0.312500000000 0.000024192489
0.212500000000 0.325000000000 0.000024977657
0.212500000000 0.337500000000 0.000025730492
0.212500000000 0.350000000000 0.000026447674
0.212500000000 0.362500000000 0.000027125896
0.212500000000 0.375000000000 0.000027761510
0.212500000000 0.387500000000 0.000028350953
0.212500000000 0.400000000000 0.000028890650
0.212500000000 0.412500000000 0.000029376982
0.212500000000 0.425000000000 0.000029806570
0.212500000000 0.437500000000 0.000030176182
0.212500000000 0.450000000000 0.000030482907
0.212500000000 0.462500000000 0.000030724231
0.212500000000 0.475000000000 0.000030898128
0.212500000000 0.487500000000 0.000031003073
0.212500000000 0.500000000000 0.000031038120
0.212500000000 0.512500000000 0.000031003073
0.212500000000 0.525000000000 0.000030898128
0.212500000000 0.537500000000 0.000030724231
0.212500000000 0.550000000000 0.000030482907
0.212500000000 0.562500000000 0.000030176182
0.212500000000 0.575000000000 0.000029806570
0.212500000000 0.587500000000 0.000029376982
0.212500000000 0.600000000000 0.000028890650
0.212500000000 0.612500000000 0.000028350953
0.212500000000 0.625000000000 0.000027761510
0.212500000000 0.637500000000 0.000027125896
0.212500000000 0.650000000000 0.000026447674
0.212500000000 0.662500000000 0.000025730492
0.212500000000 0.675000000000 0.000024977657
0.212500000000 0.687500000000 0.000024192489
0.212500000000 0.700000000000 0.000023378194
0.212500000000 0.712500000000 0.000022537566
0.212500000000 0.725000000000 0.000021673282
0.212500000000 0.737500000000 0.000020787883
0.212500000000 0.750000000000 0.000019883775
0.212500000000 0.762500000000 0.000018962941
0.212500000000 0.775000000000 0.000018027447
0.212500000000 0.787500000000 0.000017078941
0.212500000000 0.800000000000 0.000016119026
0.212500000000 0.812500000000 0.000015149044
0.212500000000 0.825000000000 0.000014170250
0.212500000000 0.837500000000 0.000013183818
0.212500000000 0.850000000000 0.000012190716
0.212500000000 0.862500000000 0.000011191864
0.212500000000 0.875000000000 0.000010188012
0.212500000000 0.887500000000 0.000009179832
0.212500000000 0.900000000000 0.000008168049
0.212500000000 0.912500000000 0.000007153231
0.212500000000 0.925000000000 0.000006135833
0.212500000000 0.937500000000 0.000005116303
0.212500000000 0.950000000000 0.000004095025
0.212500000000 0.962500000000 0.000003072448
0.212500000000 0.975000000000 0.000002048861
0.212500000000 0.987500000000 0.000001024593
0.212500000000 1.000000000000 0.000000000000

0.225000000000 0.000000000000 0.000000000000
0.225000000000 0.012500000000 0.000001079085
0.225000000000 0.025000000000 0.000002157864
0.225000000000 0.037500000000 0.000003236023
0.225000000000 0.050000000000 0.000004313312
0.225000000000 0.062500000000 0.000005389446
0.225000000000 0.075000000000 0.000006463950
0.225000000000 0.087500000000 0.000007536474
0.225000000000 0.100000000000 0.000008606598
0.225000000000 0.112500000000 0.000009673908
0.225000000000 0.125000000000 0.000010737830
0.225000000000 0.137500000000 0.000011797707
0.225000000000 0.150000000000 0.000012852880
0.225000000000 0.162500000000 0.000013902593
0.225000000000 0.175000000000 0.000014945987
0.225000000000 0.187500000000 0.000015982031
0.225000000000 0.200000000000 0.000017009616
0.225000000000 0.212500000000 0.000018027447
0.225000000000 0.225000000000 0.000019034046
0.225000000000 0.237500000000 0.000020027930
0.225000000000 0.250000000000 0.000021007346
0.225000000000 0.262500000000 0.000021970219
0.225000000000 0.275000000000 0.000022914317
0.225000000000 0.287500000000 0.000023837212
0.225000000000 0.300000000000 0.000024736118
0.225000000000 0.312500000000 0.000025608186
0.225000000000 0.325000000000 0.000026450354
0.225000000000 0.337500000000 0.000027259118
0.225000000000 0.350000000000 0.000028030893
0.225000000000 0.362500000000 0.000028761966
0.225000000000 0.375000000000 0.000029448308
0.225000000000 0.387500000000 0.000030085856
0.225000000000 0.400000000000 0.000030670532
0.225000000000 0.412500000000 0.000031198226
0.225000000000 0.425000000000 0.000031665013
0.225000000000 0.437500000000 0.000032067187
0.225000000000 0.450000000000 0.000032401307
0.225000000000 0.462500000000 0.000032664485
0.225000000000 0.475000000000 0.000032854279
0.225000000000 0.487500000000 0.000032968838
0.225000000000 0.500000000000 0.000033007119
0.225000000000 0.512500000000 0.000032968838
0.225000000000 0.525000000000 0.000032854279
0.225000000000 0.537500000000 0.000032664485
0.225000000000 0.550000000000 0.000032401307
0.225000000000 0.562500000000 0.000032067187
0.225000000000 0.575000000000 0.000031665013
0.225000000000 0.587500000000 0.000031198226
0.225000000000 0.600000000000 0.000030670532
0.225000000000 0.612500000000 0.000030085856
0.225000000000 0.625000000000 0.000029448308
0.225000000000 0.637500000000 0.000028761966
0.225000000000 0.650000000000 0.000028030893
0.225000000000 0.662500000000 0.000027259118
0.225000000000 0.675000000000 0.000026450354
0.225000000000 0.687500000000 0.000025608186
0.225000000000 0.700000000000 0.000024736118
0.225000000000 0.712500000000 0.000023837212
0.225000000000 0.725000000000 0.000022914317
0.225000000000 0.737500000000 0.000021970219
0.225000000000 0.750000000000 0.000021007346
0.225000000000 0.762500000000 0.000020027930
0.225000000000 0.775000000000 0.000019034046
0.225000000000 0.787500000000 0.000018027447
0.225000000000 0.800000000000 0.000017009616
0.225000000000 0.812500000000 0.000015982031
0.225000000000 0.825000000000 0.000014945987
0.225000000000 0.837500000000 0.000013902593
0.225000000000 0.850000000000 0.000012852880
0.225000000000 0.862500000000 0.000011797707
0.225000000000 0.875000000000 0.000010737830
0.225000000000 0.887500000000 0.000009673908
0.225000000000 0.900000000000 0.000008606598
0.225000000000 0.912500000000 0.000007536474
0.225000000000 0.925000000000 0.000006463950
0.225000000000 0.937500000000 0.000005389446
0.225000000000 0.950000000000 0.000004313312
0.225000000000 0.962500000000 0.000003236023
0.225000000000 0.975000000000 0.000002157864
0.225000000000 0.987500000000 0.000001079085
0.225000000000 1.000000000000 0.000000000000

0.237500000000 0.000000000000 0.000000000000
0.237500000000 0.012500000000 0.000001132403
0.237500000000 0.025000000000 0.000002264571
0.237500000000 0.037500000000 0.000003396172
0.237500000000 0.050000000000 0.000004527050
0.237500000000 0.062500000000 0.000005656907
0.237500000000 0.075000000000 0.000006785327
0.237500000000 0.087500000000 0.000007912027
0.237500000000 0.100000000000 0.000009036547
0.237500000000 0.112500000000 0.000010158495
0.237500000000 0.125000000000 0.000011277318
0.237500000000 0.137500000000 0.000012392464
0.237500000000 0.150000000000 0.000013503299
0.237500000000 0.162500000000 0.000014609099
0.237500000000 0.175000000000 0.000015709044
0.237500000000 0.187500000000 0.000016802120
0.237500000000 0.200000000000 0.000017887204
0.237500000000 0.212500000000 0.000018962941
0.237500000000 0.225000000000 0.000020027930
0.237500000000 0.237500000000 0.000021080667
0.237500000000 0.250000000000 0.000022119286
0.237500000000 0.262500000000 0.000023141767
0.237500000000 0.275000000000 0.000024145751
0.237500000000 0.287500000000 0.000025128616
0.237500000000 0.300000000000 0.000026087495
0.237500000000 0.312500000000 0.000027019306
0.237500000000 0.325000000000 0.000027920685
0.237500000000 0.337500000000 0.000028787891
0.237500000000 0.350000000000 0.000029617007
0.237500000000 0.362500000000 0.000030403844
0.237500000000 0.375000000000 0.000031143951
0.237500000000 0.387500000000 0.000031832785
0.237500000000 0.400000000000 0.000032465636
0.237500000000 0.412500000000 0.000033037884
0.237500000000 0.425000000000 0.000033544935
0.237500000000 0.437500000000 0.000033982439
0.237500000000 0.450000000000 0.000034346453
0.237500000000 0.462500000000 0.000034633516
0.237500000000 0.475000000000 0.000034840717
0.237500000000 0.487500000000 0.000034965895
0.237500000000 0.500000000000 0.000035007758
0.237500000000 0.512500000000 0.000034965895
0.237500000000 0.525000000000 0.000034840717
0.237500000000 0.537500000000 0.000034633516
0.237500000000 0.550000000000 0.000034346453
0.237500000000 0.562500000000 0.000033982439
0.237500000000 0.575000000000 0.000033544935
0.237500000000 0.587500000000 0.000033037884
0.237500000000 0.600000000000 0.000032465636
0.237500000000 0.612500000000 0.000031832785
0.237500000000 0.625000000000 0.000031143951
0.237500000000 0.637500000000 0.000030403844
0.237500000000 0.650000000000 0.000029617007
0.237500000000 0.662500000000 0.000028787891
0.237500000000 0.675000000000 0.000027920685
0.237500000000 0.687500000000 0.000027019306
0.237500000000 0.700000000000 0.000026087495
0.237500000000 0.712500000000 0.000025128616
0.237500000000 0.725000000000 0.000024145751
0.237500000000 0.737500000000 0.000023141767
0.237500000000 0.750000000000 0.000022119286
0.237500000000 0.762500000000 0.000021080667
0.237500000000 0.775000000000 0.000020027930
0.237500000000 0.787500000000 0.000018962941
0.237500000000 0.800000000000 0.000017887204
0.237500000000 0.812500000000 0.000016802120
0.237500000000 0.825000000000 0.000015709044
0.237500000000 0.837500000000 0.000014609099
0.237500000000 0.850000000000 0.000013503299
0.237500000000 0.862500000000 0.000012392464
0.237500000000 0.875000000000 0.000011277318
0.237500000000 0.887500000000 0.000010158495
0.237500000000 0.900000000000 0.000009036547
0.237500000000 0.912500000000 0.000007912027
0.237500000000 0.925000000000 0.000006785327
0.237500000000 0.937500000000 0.000005656907
0.237500000000 0.950000000000 0.000004527050
0.237500000000 0.962500000000 0.000003396172
0.237500000000 0.975000000000 0.000002264571
0.237500000000 0.987500000000 0.000001132403
0.237500000000 1.000000000000 0.000000000000

0.250000000000 0.000000000000 0.000000000000
0.250000000000 0.012500000000 0.000001184487
0.250000000000 0.025000000000 0.000002368725
0.250000000000 0.037500000000 0.000003552562
0.250000000000 0.050000000000 0.000004735770
0.250000000000 0.062500000000 0.000005918136
0.250000000000 0.075000000000 0.000007099371
0.250000000000 0.087500000000 0.000008279098
0.250000000000 0.100000000000 0.000009456927
0.250000000000 0.112500000000 0.000010632533
0.250000000000 0.125000000000 0.000011805370
0.250000000000 0.137500000000 0.000012974949
0.250000000000 0.150000000000 0.000014140703
0.250000000000 0.162500000000 0.000015301969
0.250000000000 0.175000000000 0.000016457965
0.250000000000 0.187500000000 0.000017607707
0.250000000000 0.200000000000 0.000018750094
0.250000000000 0.212500000000 0.000019883775
0.250000000000 0.225000000000 0.000021007346
0.250000000000 0.237500000000 0.000022119286
0.250000000000 0.250000000000 0.000023217799
0.250000000000 0.262500000000 0.000024300775
0.250000000000 0.275000000000 0.000025365806
0.250000000000 0.287500000000 0.000026410108
0.250000000000 0.300000000000 0.000027430705
0.250000000000 0.312500000000 0.000028424335
0.250000000000 0.325000000000 0.000029387382
0.250000000000 0.337500000000 0.000030315789
0.250000000000 0.350000000000 0.000031205253
0.250000000000 0.362500000000 0.000032051155
0.250000000000 0.375000000000 0.000032848574
0.250000000000 0.387500000000 0.000033592370
0.250000000000 0.400000000000 0.000034277154
0.250000000000 0.412500000000 0.000034897649
0.250000000000 0.425000000000 0.000035448566
0.250000000000 0.437500000000 0.000035924785
0.250000000000 0.450000000000 0.000036321650
0.250000000000 0.462500000000 0.000036635046
0.250000000000 0.475000000000 0.000036861488
0.250000000000 0.487500000000 0.000036998407
0.250000000000 0.500000000000 0.000037044227
0.250000000000 0.512500000000 0.000036998407
0.250000000000 0.525000000000 0.000036861488
0.250000000000 0.537500000000 0.000036635046
0.250000000000 0.550000000000 0.000036321650
0.250000000000 0.562500000000 0.000035924785
0.250000000000 0.575000000000 0.000035448566
0.250000000000 0.587500000000 0.000034897649
0.250000000000 0.600000000000 0.000034277154
0.250000000000 0.612500000000 0.000033592370
0.250000000000 0.625000000000 0.000032848574
0.250000000000 0.637500000000 0.000032051155
0.250000000000 0.650000000000 0.000031205253
0.250000000000 0.662500000000 0.000030315789
0.250000000000 0.675000000000 0.000029387382
0.250000000000 0.687500000000 0.000028424335
0.250000000000 0.700000000000 0.000027430705
0.250000000000 0.712500000000 0.000026410108
0.250000000000 0.725000000000 0.000025365806
0.250000000000 0.737500000000 0.000024300775
0.250000000000 0.750000000000 0.000023217799
0.250000000000 0.762500000000 0.000022119286
0.250000000000 0.775000000000 0.000021007346
0.250000000000 0.787500000000 0.000019883775
0.250000000000 0.800000000000 0.000018750094
0.250000000000 0.812500000000 0.000017607707
0.250000000000 0.825000000000 0.000016457965
0.250000000000 0.837500000000 0.000015301969
0.250000000000 0.850000000000 0.000014140703
0.250000000000 0.862500000000 0.000012974949
0.250000000000 0.875000000000 0.000011805370
0.250000000000 0.887500000000 0.000010632533
0.250000000000 0.900000000000 0.000009456927
0.250000000000 0.912500000000 0.000008279098
0.250000000000 0.925000000000 0.000007099371
0.250000000000 0.937500000000 0.000005918136
0.250000000000 0.950000000000 0.000004735770
0.250000000000 0.962500000000 0.000003552562
0.250000000000 0.975000000000 0.000002368725
0.250000000000 0.987500000000 0.000001184487
0.250000000000 1.000000000000 0.000000000000

0.262500000000 0.000000000000 0.000000000000
0.262500000000 0.012500000000 0.000001235177
0.262500000000 0.025000000000 0.000002470153
0.262500000000 0.037500000000 0.000003704858
0.262500000000 0.050000000000 0.000004939083
0.262500000000 0.062500000000 0.000006172616
0.262500000000 0.075000000000 0.000007405309
0.262500000000 0.087500000000 0.000008636847
0.262500000000 0.100000000000 0.000009866814
0.262500000000 0.112500000000 0.000011094925
0.262500000000 0.125000000000 0.000012320733
0.262500000000 0.137500000000 0.000013543804
0.262500000000 0.150000000000 0.000014763662
0.262500000000 0.162500000000 0.000015979682
0.262500000000 0.175000000000 0.000017191093
0.262500000000 0.187500000000 0.000018397044
0.262500000000 0.200000000000 0.000019596370
0.262500000000 0.212500000000 0.000020787883
0.262500000000 0.225000000000 0.000021970219
0.262500000000 0.237500000000 0.000023141767
0.262500000000 0.250000000000 0.000024300775
0.262500000000 0.262500000000 0.000025445129
0.262500000000 0.275000000000 0.000026572357
0.262500000000 0.287500000000 0.000027679620
0.262500000000 0.300000000000 0.000028763819
0.262500000000 0.312500000000 0.000029821515
0.262500000000 0.325000000000 0.000030848817
0.262500000000 0.337500000000 0.000031841412
0.262500000000 0.350000000000 0.000032794590
0.262500000000 0.362500000000 0.000033703331
0.262500000000 0.375000000000 0.000034562103
0.262500000000 0.387500000000 0.000035365098
0.262500000000 0.400000000000 0.000036106187
0.262500000000 0.412500000000 0.000036779330
0.262500000000 0.425000000000 0.000037378407
0.262500000000 0.437500000000 0.000037897363
0.262500000000 0.450000000000 0.000038330696
0.262500000000 0.462500000000 0.000038673383
0.262500000000 0.475000000000 0.000038921278
0.262500000000 0.487500000000 0.000039071326
0.262500000000 0.500000000000 0.000039121556
0.262500000000 0.512500000000 0.000039071326
0.262500000000 0.525000000000 0.000038921278
0.262500000000 0.537500000000 0.000038673383
0.262500000000 0.550000000000 0.000038330696
0.262500000000 0.562500000000 0.000037897363
0.262500000000 0.575000000000 0.000037378407
0.262500000000 0.587500000000 0.000036779330
0.262500000000 0.600000000000 0.000036106187
0.262500000000 0.612500000000 0.000035365098
0.262500000000 0.625000000000 0.000034562103
0.262500000000 0.637500000000 0.000033703331
0.262500000000 0.650000000000 0.000032794590
0.262500000000 0.662500000000 0.000031841412
0.262500000000 0.675000000000 0.000030848817
0.262500000000 0.687500000000 0.000029821515
0.262500000000 0.700000000000 0.000028763819
0.262500000000 0.712500000000 0.000027679620
0.262500000000 0.725000000000 0.000026572357
0.262500000000 0.737500000000 0.000025445129
0.262500000000 0.750000000000 0.000024300775
0.262500000000 0.762500000000 0.000023141767
0.262500000000 0.775000000000 0.000021970219
0.262500000000 0.787500000000 0.000020787883
0.262500000000 0.800000000000 0.000019596370
0.262500000000 0.812500000000 0.000018397044
0.262500000000 0.825000000000 0.000017191093
0.262500000000 0.837500000000 0.000015979682
0.262500000000 0.850000000000 0.000014763662
0.262500000000 0.862500000000 0.000013543804
0.262500000000 0.875000000000 0.000012320733
0.262500000000 0.887500000000 0.000011094925
0.262500000000 0.900000000000 0.000009866814
0.262500000000 0.912500000000 0.000008636847
0.262500000000 0.925000000000 0.000007405309
0.262500000000 0.937500000000 0.000006172616
0.262500000000 0.950000000000 0.000004939083
0.262500000000 0.962500000000 0.000003704858
0.262500000000 0.975000000000 0.000002470153
0.262500000000 0.987500000000 0.000001235177
0.262500000000 1.000000000000 0.000000000000

0.275000000000 0.000000000000 0.000000000000
0.275000000000 0.012500000000 0.000001284395
0.275000000000 0.025000000000 0.000002568640
0.275000000000 0.037500000000 0.000003852725
0.275000000000 0.050000000000 0.000005136498
0.275000000000 0.062500000000 0.000006419817
0.275000000000 0.075000000000 0.000007702565
0.275000000000 0.087500000000 0.000008984483
0.275000000000 0.100000000000 0.000010265219
0.275000000000 0.112500000000 0.000011544606
0.275000000000 0.125000000000 0.000012822254
0.275000000000 0.137500000000 0.000014097762
0.275000000000 0.150000000000 0.000015370736
0.275000000000 0.162500000000 0.000016640584
0.275000000000 0.175000000000 0.000017906706
0.275000000000 0.187500000000 0.000019168229
0.275000000000 0.200000000000 0.000020424131
0.275000000000 0.212500000000 0.000021673282
0.275000000000 0.225000000000 0.000022914317
0.275000000000 0.237500000000 0.000024145751
0.275000000000 0.250000000000 0.000025365806
0.275000000000 0.262500000000 0.000026572357
0.275000000000 0.275000000000 0.000027762908
0.275000000000 0.287500000000 0.000028934661
0.275000000000 0.300000000000 0.000030084458
0.275000000000 0.312500000000 0.000031208630
0.275000000000 0.325000000000 0.000032303041
0.275000000000 0.337500000000 0.000033363111
0.275000000000 0.350000000000 0.000034383754
0.275000000000 0.362500000000 0.000035359481
0.275000000000 0.375000000000 0.000036284235
0.275000000000 0.387500000000 0.000037151352
0.275000000000 0.400000000000 0.000037953954
0.275000000000 0.412500000000 0.000038684972
0.275000000000 0.425000000000 0.000039337261
0.275000000000 0.437500000000 0.000039903801
0.275000000000 0.450000000000 0.000040377852
0.275000000000 0.462500000000 0.000040753443
0.275000000000 0.475000000000 0.000041025553
0.275000000000 0.487500000000 0.000041190424
0.275000000000 0.500000000000 0.000041245671
0.275000000000 0.512500000000 0.000041190424
0.275000000000 0.525000000000 0.000041025553
0.275000000000 0.537500000000 0.000040753443
0.275000000000 0.550000000000 0.000040377852
0.275000000000 0.562500000000 0.000039903801
0.275000000000 0.575000000000 0.000039337261
0.275000000000 0.587500000000 0.000038684972
0.275000000000 0.600000000000 0.000037953954
0.275000000000 0.612500000000 0.000037151352
0.275000000000 0.625000000000 0.000036284235
0.275000000000 0.637500000000 0.000035359481
0.275000000000 0.650000000000 0.000034383754
0.275000000000 0.662500000000 0.000033363111
0.275000000000 0.675000000000 0.000032303041
0.275000000000 0.687500000000 0.000031208630
0.275000000000 0.700000000000 0.000030084458
0.275000000000 0.712500000000 0.000028934661
0.275000000000 0.725000000000 0.000027762908
0.275000000000 0.737500000000 0.000026572357
0.275000000000 0.750000000000 0.000025365806
0.275000000000 0.762500000000 0.000024145751
0.275000000000 0.775000000000 0.000022914317
0.275000000000 0.787500000000 0.000021673282
0.275000000000 0.800000000000 0.000020424131
0.275000000000 0.812500000000 0.000019168229
0.275000000000 0.825000000000 0.000017906706
0.275000000000 0.837500000000 0.000016640584
0.275000000000 0.850000000000 0.000015370736
0.275000000000 0.862500000000 0.000014097762
0.275000000000 0.875000000000 0.000012822254
0.275000000000 0.887500000000 0.000011544606
0.275000000000 0.900000000000 0.000010265219
0.275000000000 0.912500000000 0.000008984483
0.275000000000 0.925000000000 0.000007702565
0.275000000000 0.937500000000 0.000006419817
0.275000000000 0.950000000000 0.000005136498
0.275000000000 0.962500000000 0.000003852725
0.275000000000 0.975000000000 0.000002568640
0.275000000000 0.987500000000 0.000001284395
0.275000000000 1.000000000000 0.000000000000

0.287500000000 0.000000000000 0.000000000000
0.287500000000 0.012500000000 0.000001331981
0.287500000000 0.025000000000 0.000002663902
0.287500000000 0.037500000000 0.000003995789
0.287500000000 0.050000000000 0.000005327529
0.287500000000 0.062500000000 0.000006659061
0.287500000000 0.075000000000 0.000007990259
0.287500000000 0.087500000000 0.000009321037
0.287500000000 0.100000000000 0.000010651199
0.287500000000 0.112500000000 0.000011980474
0.287500000000 0.125000000000 0.000013308642
0.287500000000 0.137500000000 0.000014635375
0.287500000000 0.150000000000 0.000015960328
0.287500000000 0.162500000000 0.000017283026
0.287500000000 0.175000000000 0.000018602896
0.287500000000 0.187500000000 0.000019919295
0.287500000000 0.200000000000 0.000021231176
0.287500000000 0.212500000000 0.000022537566
0.287500000000 0.225000000000 0.000023837212
0.287500000000 0.237500000000 0.000025128616
0.287500000000 0.250000000000 0.000026410108
0.287500000000 0.262500000000 0.000027679620
0.287500000000 0.275000000000 0.000028934661
0.287500000000 0.287500000000 0.000030172467
0.287500000000 0.300000000000 0.000031389823
0.287500000000 0.312500000000 0.000032582963
0.287500000000 0.325000000000 0.000033747523
0.287500000000 0.337500000000 0.000034878701
0.287500000000 0.350000000000 0.000035971000
0.287500000000 0.362500000000 0.000037018452
0.287500000000 0.375000000000 0.000038014330
0.287500000000 0.387500000000 0.000038951261
0.287500000000 0.400000000000 0.000039821346
0.287500000000 0.412500000000 0.000040616396
0.287500000000 0.425000000000 0.000041328092
0.287500000000 0.437500000000 0.000041947972
0.287500000000 0.450000000000 0.000042468044
0.287500000000 0.462500000000 0.000042881011
0.287500000000 0.475000000000 0.000043180743
0.287500000000 0.487500000000 0.000043362617
0.287500000000 0.500000000000 0.000043423577
0.287500000000 0.512500000000 0.000043362617
0.287500000000 0.525000000000 0.000043180743
0.287500000000 0.537500000000 0.000042881011
0.287500000000 0.550000000000 0.000042468044
0.287500000000 0.562500000000 0.000041947972
0.287500000000 0.575000000000 0.000041328092
0.287500000000 0.587500000000 0.000040616396
0.287500000000 0.600000000000 0.000039821346
0.287500000000 0.612500000000 0.000038951261
0.287500000000 0.625000000000 0.000038014330
0.287500000000 0.637500000000 0.000037018452
0.287500000000 0.650000000000 0.000035971000
0.287500000000 0.662500000000 0.000034878701
0.287500000000 0.675000000000 0.000033747523
0.287500000000 0.687500000000 0.000032582963
0.287500000000 0.700000000000 0.000031389823
0.287500000000 0.712500000000 0.000030172467
0.287500000000 0.725000000000 0.000028934661
0.287500000000 0.737500000000 0.000027679620
0.287500000000 0.750000000000 0.000026410108
0.287500000000 0.762500000000 0.000025128616
0.287500000000 0.775000000000 0.000023837212
0.287500000000 0.787500000000 0.000022537566
0.287500000000 0.800000000000 0.000021231176
0.287500000000 0.812500000000 0.000019919295
0.287500000000 0.825000000000 0.000018602896
0.287500000000 0.837500000000 0.000017283026
0.287500000000 0.850000000000 0.000015960328
0.287500000000 0.862500000000 0.000014635375
0.287500000000 0.875000000000 0.000013308642
0.287500000000 0.887500000000 0.000011980474
0.287500000000 0.900000000000 0.000010651199
0.287500000000 0.912500000000 0.000009321037
0.287500000000 0.925000000000 0.000007990259
0.287500000000 0.937500000000 0.000006659061
0.287500000000 0.950000000000 0.000005327529
0.287500000000 0.962500000000 0.000003995789
0.287500000000 0.975000000000 0.000002663902
0.287500000000 0.987500000000 0.000001331981
0.287500000000 1.000000000000 0.000000000000

0.300000000000 0.000000000000 0.000000000000
0.300000000000 0.012500000000 0.000001377795
0.300000000000 0.025000000000 0.000002755615
0.300000000000 0.037500000000 0.000004133577
0.300000000000 0.050000000000 0.000005511569
0.300000000000 0.062500000000 0.000006889606
0.300000000000 0.075000000000 0.000008267658
0.300000000000 0.087500000000 0.000009645697
0.300000000000 0.100000000000 0.000011023625
0.300000000000 0.112500000000 0.000012401299
0.300000000000 0.125000000000 0.000013778510
0.300000000000 0.137500000000 0.000015155067
0.300000000000 0.150000000000 0.000016530746
0.300000000000 0.162500000000 0.000017905087
0.300000000000 0.175000000000 0.000019277709
0.300000000000 0.187500000000 0.000020647989
0.300000000000 0.200000000000 0.000022015142
0.300000000000 0.212500000000 0.000023378194
0.300000000000 0.225000000000 0.000024736118
0.300000000000 0.237500000000 0.000026087495
0.300000000000 0.250000000000 0.000027430705
0.300000000000 0.262500000000 0.000028763819
0.300000000000 0.275000000000 0.000030084458
0.300000000000 0.287500000000 0.000031389823
0.300000000000 0.300000000000 0.000032676780
0.300000000000 0.312500000000 0.000033941388
0.300000000000 0.325000000000 0.000035179287
0.300000000000 0.337500000000 0.000036385422
0.300000000000 0.350000000000 0.000037553957
0.300000000000 0.362500000000 0.000038678366
0.300000000000 0.375000000000 0.000039751360
0.300000000000 0.387500000000 0.000040764603
0.300000000000 0.400000000000 0.000041709165
0.300000000000 0.412500000000 0.000042575574
0.300000000000 0.425000000000 0.000043353960
0.300000000000 0.437500000000 0.000044034300
0.300000000000 0.450000000000 0.000044606883
0.300000000000 0.462500000000 0.000045062837
0.300000000000 0.475000000000 0.000045394479
0.300000000000 0.487500000000 0.000045595969
0.300000000000 0.500000000000 0.000045663561
0.300000000000 0.512500000000 0.000045595969
0.300000000000 0.525000000000 0.000045394479
0.300000000000 0.537500000000 0.000045062837
0.300000000000 0.550000000000 0.000044606883
0.300000000000 0.562500000000 0.000044034300
0.300000000000 0.575000000000 0.000043353960
0.300000000000 0.587500000000 0.000042575574
0.300000000000 0.600000000000 0.000041709165
0.300000000000 0.612500000000 0.000040764603
0.300000000000 0.625000000000 0.000039751360
0.300000000000 0.637500000000 0.000038678366
0.300000000000 0.650000000000 0.000037553957
0.300000000000 0.662500000000 0.000036385422
0.300000000000 0.675000000000 0.000035179287
0.300000000000 0.687500000000 0.000033941388
0.300000000000 0.700000000000 0.000032676780
0.300000000000 0.712500000000 0.000031389823
0.300000000000 0.725000000000 0.000030084458
0.300000000000 0.737500000000 0.000028763819
0.300000000000 0.750000000000 0.000027430705
0.300000000000 0.762500000000 0.000026087495
0.300000000000 0.775000000000 0.000024736118
0.300000000000 0.787500000000 0.000023378194
0.300000000000 0.800000000000 0.000022015142
0.300000000000 0.812500000000 0.000020647989
0.300000000000 0.825000000000 0.000019277709
0.300000000000 0.837500000000 0.000017905087
0.300000000000 0.850000000000 0.000016530746
0.300000000000 0.862500000000 0.000015155067
0.300000000000 0.875000000000 0.000013778510
0.300000000000 0.887500000000 0.000012401299
0.300000000000 0.900000000000 0.000011023625
0.300000000000 0.912500000000 0.000009645697
0.300000000000 0.925000000000 0.000008267658
0.300000000000 0.937500000000 0.000006889606
0.300000000000 0.950000000000 0.000005511569
0.300000000000 0.962500000000 0.000004133577
0.300000000000 0.975000000000 0.000002755615
0.300000000000 0.987500000000 0.000001377795
0.300000000000 1.000000000000 0.000000000000

0.312500000000 0.000000000000 0.000000000000
0.312500000000 0.012500000000 0.000001421729
0.312500000000 0.025000000000 0.000002843581
0.312500000000 0.037500000000 0.000004265672
0.312500000000 0.050000000000 0.000005688032
0.312500000000 0.062500000000 0.000007110750
0.312500000000 0.075000000000 0.000008533863
0.312500000000 0.087500000000 0.000009957433
0.312500000000 0.100000000000 0.000011381394
0.312500000000 0.112500000000 0.000012805739
0.312500000000 0.125000000000 0.000014230371
0.312500000000 0.137500000000 0.000015655203
0.312500000000 0.150000000000 0.000017080135
0.312500000000 0.162500000000 0.000018504800
0.312500000000 0.175000000000 0.000019928936
0.312500000000 0.187500000000 0.000021352035
0.312500000000 0.200000000000 0.000022773496
0.312500000000 0.212500000000 0.000024192489
0.312500000000 0.225000000000 0.000025608186
0.312500000000 0.237500000000 0.000027019306
0.312500000000 0.250000000000 0.000028424335
0.312500000000 0.262500000000 0.000029821515
0.312500000000 0.275000000000 0.000031208630
0.312500000000 0.287500000000 0.000032582963
0.312500000000 0.300000000000 0.000033941388
0.312500000000 0.312500000000 0.000035280079
0.312500000000 0.325000000000 0.000036594676
0.312500000000 0.337500000000 0.000037879855
0.312500000000 0.350000000000 0.000039129587
0.312500000000 0.362500000000 0.000040336827
0.312500000000 0.375000000000 0.000041493529
0.312500000000 0.387500000000 0.000042590556
0.312500000000 0.400000000000 0.000043617794
0.312500000000 0.412500000000 0.000044564249
0.312500000000 0.425000000000 0.000045418241
0.312500000000 0.437500000000 0.000046167717
0.312500000000 0.450000000000 0.000046800900
0.312500000000 0.462500000000 0.000047306804
0.312500000000 0.475000000000 0.000047675757
0.312500000000 0.487500000000 0.000047900334
0.312500000000 0.500000000000 0.000047975745
0.312500000000 0.512500000000 0.000047900334
0.312500000000 0.525000000000 0.000047675757
0.312500000000 0.537500000000 0.000047306804
0.312500000000 0.550000000000 0.000046800900
0.312500000000 0.562500000000 0.000046167717
0.312500000000 0.575000000000 0.000045418241
0.312500000000 0.587500000000 0.000044564249
0.312500000000 0.600000000000 0.000043617794
0.312500000000 0.612500000000 0.000042590556
0.312500000000 0.625000000000 0.000041493529
0.312500000000 0.637500000000 0.000040336827
0.312500000000 0.650000000000 0.000039129587
0.312500000000 0.662500000000 0.000037879855
0.312500000000 0.675000000000 0.000036594676
0.312500000000 0.687500000000 0.000035280079
0.312500000000 0.700000000000 0.000033941388
0.312500000000 0.712500000000 0.000032582963
0.312500000000 0.725000000000 0.000031208630
0.312500000000 0.737500000000 0.000029821515
0.312500000000 0.750000000000 0.000028424335
0.312500000000 0.762500000000 0.000027019306
0.312500000000 0.775000000000 0.000025608186
0.312500000000 0.787500000000 0.000024192489
0.312500000000 0.800000000000 0.000022773496
0.312500000000 0.812500000000 0.000021352035
0.312500000000 0.825000000000 0.000019928936
0.312500000000 0.837500000000 0.000018504800
0.312500000000 0.850000000000 0.000017080135
0.312500000000 0.862500000000 0.000015655203
0.312500000000 0.875000000000 0.000014230371
0.312500000000 0.887500000000 0.000012805739
0.312500000000 0.900000000000 0.000011381394
0.312500000000 0.912500000000 0.000009957433
0.312500000000 0.925000000000 0.000008533863
0.312500000000 0.937500000000 0.000007110750
0.312500000000 0.950000000000 0.000005688032
0.312500000000 0.962500000000 0.000004265672
0.312500000000 0.975000000000 0.000002843581
0.312500000000 0.987500000000 0.000001421729
0.312500000000 1.000000000000 0.000000000000

0.325000000000 0.000000000000 0.000000000000
0.325000000000 0.012500000000 0.000001463649
0.325000000000 0.025000000000 0.000002927490
0.325000000000 0.037500000000 0.000004391730
0.325000000000 0.050000000000 0.000005856462
0.325000000000 0.062500000000 0.000007321863
0.325000000000 0.075000000000 0.000008788102
0.325000000000 0.087500000000 0.000010255255
0.325000000000 0.100000000000 0.000011723353
0.325000000000 0.112500000000 0.000013192541
0.325000000000 0.125000000000 0.000014662830
0.325000000000 0.137500000000 0.000016134228
0.325000000000 0.150000000000 0.000017606728
0.325000000000 0.162500000000 0.000019080173
0.325000000000 0.175000000000 0.000020554406
0.325000000000 0.187500000000 0.000022029026
0.325000000000 0.200000000000 0.000023503641
0.325000000000 0.212500000000 0.000024977657
0.325000000000 0.225000000000 0.000026450354
0.325000000000 0.237500000000 0.000027920685
0.325000000000 0.250000000000 0.000029387382
0.325000000000 0.262500000000 0.000030848817
0.325000000000 0.275000000000 0.000032303041
0.325000000000 0.287500000000 0.000033747523
0.325000000000 0.300000000000 0.000035179287
0.325000000000 0.312500000000 0.000036594676
0.325000000000 0.325000000000 0.000037989294
0.325000000000 0.337500000000 0.000039357776
0.325000000000 0.350000000000 0.000040693985
0.325000000000 0.362500000000 0.000041990447
0.325000000000 0.375000000000 0.000043238375
0.325000000000 0.387500000000 0.000044427789
0.325000000000 0.400000000000 0.000045547241
0.325000000000 0.412500000000 0.000046583956
0.325000000000 0.425000000000 0.000047524247
0.325000000000 0.437500000000 0.000048353641
0.325000000000 0.450000000000 0.000049057579
0.325000000000 0.462500000000 0.000049622283
0.325000000000 0.475000000000 0.000050035497
0.325000000000 0.487500000000 0.000050287590
0.325000000000 0.500000000000 0.000050372332
0.325000000000 0.512500000000 0.000050287590
0.325000000000 0.525000000000 0.000050035497
0.325000000000 0.537500000000 0.000049622283
0.325000000000 0.550000000000 0.000049057579
0.325000000000 0.562500000000 0.000048353641
0.325000000000 0.575000000000 0.000047524247
0.325000000000 0.587500000000 0.000046583956
0.325000000000 0.600000000000 0.000045547241
0.325000000000 0.612500000000 0.000044427789
0.325000000000 0.625000000000 0.000043238375
0.325000000000 0.637500000000 0.000041990447
0.325000000000 0.650000000000 0.000040693985
0.325000000000 0.662500000000 0.000039357776
0.325000000000 0.675000000000 0.000037989294
0.325000000000 0.687500000000 0.000036594676
0.325000000000 0.700000000000 0.000035179287
0.325000000000 0.712500000000 0.000033747523
0.325000000000 0.725000000000 0.000032303041
0.325000000000 0.737500000000 0.000030848817
0.325000000000 0.750000000000 0.000029387382
0.325000000000 0.762500000000 0.000027920685
0.325000000000 0.775000000000 0.000026450354
0.325000000000 0.787500000000 0.000024977657
0.325000000000 0.800000000000 0.000023503641
0.325000000000 0.812500000000 0.000022029026
0.325000000000 0.825000000000 0.000020554406
0.325000000000 0.837500000000 0.000019080173
0.325000000000 0.850000000000 0.000017606728
0.325000000000 0.862500000000 0.000016134228
0.325000000000 0.875000000000 0.000014662830
0.325000000000 0.887500000000 0.000013192541
0.325000000000 0.900000000000 0.000011723353
0.325000000000 0.912500000000 0.000010255255
0.325000000000 0.925000000000 0.000008788102
0.325000000000 0.937500000000 0.000007321863
0.325000000000 0.950000000000 0.000005856462
0.325000000000 0.962500000000 0.000004391730
0.325000000000 0.975000000000 0.000002927490
0.325000000000 0.987500000000 0.000001463649
0.325000000000 1.000000000000 0.000000000000

0.337500000000 0.000000000000 0.000000000000
0.337500000000 0.012500000000 0.000001503433
0.337500000000 0.025000000000 0.000003007129
0.337500000000 0.037500000000 0.000004511344
0.337500000000 0.050000000000 0.000006016289
0.337500000000 0.062500000000 0.000007522245
0.337500000000 0.075000000000 0.000009029471
0.337500000000 0.087500000000 0.000010538124
0.337500000000 0.100000000000 0.000012048371
0.337500000000 0.112500000000 0.000013560429
0.337500000000 0.125000000000 0.000015074416
0.337500000000 0.137500000000 0.000016590482
0.337500000000 0.150000000000 0.000018108720
0.337500000000 0.162500000000 0.000019629145
0.337500000000 0.175000000000 0.000021151749
0.337500000000 0.187500000000 0.000022676364
0.337500000000 0.200000000000 0.000024202723
0.337500000000 0.212500000000 0.000025730492
0.337500000000 0.225000000000 0.000027259118
0.337500000000 0.237500000000 0.000028787891
0.337500000000 0.250000000000 0.000030315789
0.337500000000 0.262500000000 0.000031841412
0.337500000000 0.275000000000 0.000033363111
0.337500000000 0.287500000000 0.000034878701
0.337500000000 0.300000000000 0.000036385422
0.337500000000 0.312500000000 0.000037879855
0.337500000000 0.325000000000 0.000039357776
0.337500000000 0.337500000000 0.000040814050
0.337500000000 0.350000000000 0.000042242312
0.337500000000 0.362500000000 0.000043634800
0.337500000000 0.375000000000 0.000044982228
0.337500000000 0.387500000000 0.000046273696
0.337500000000 0.400000000000 0.000047496386
0.337500000000 0.412500000000 0.000048635660
0.337500000000 0.425000000000 0.000049675342
0.337500000000 0.437500000000 0.000050597944
0.337500000000 0.450000000000 0.000051385489
0.337500000000 0.462500000000 0.000052020440
0.337500000000 0.475000000000 0.000052486975
0.337500000000 0.487500000000 0.000052772475
0.337500000000 0.500000000000 0.000052868615
0.337500000000 0.512500000000 0.000052772475
0.337500000000 0.525000000000 0.000052486975
0.337500000000 0.537500000000 0.000052020440
0.337500000000 0.550000000000 0.000051385489
0.337500000000 0.562500000000 0.000050597944
0.337500000000 0.575000000000 0.000049675342
0.337500000000 0.587500000000 0.000048635660
0.337500000000 0.600000000000 0.000047496386
0.337500000000 0.612500000000 0.000046273696
0.337500000000 0.625000000000 0.000044982228
0.337500000000 0.637500000000 0.000043634800
0.337500000000 0.650000000000 0.000042242312
0.337500000000 0.662500000000 0.000040814050
0.337500000000 0.675000000000 0.000039357776
0.337500000000 0.687500000000 0.000037879855
0.337500000000 0.700000000000 0.000036385422
0.337500000000 0.712500000000 0.000034878701
0.337500000000 0.725000000000 0.000033363111
0.337500000000 0.737500000000 0.000031841412
0.337500000000 0.750000000000 0.000030315789
0.337500000000 0.762500000000 0.000028787891
0.337500000000 0.775000000000 0.000027259118
0.337500000000 0.787500000000 0.000025730492
0.337500000000 0.800000000000 0.000024202723
0.337500000000 0.812500000000 0.000022676364
0.337500000000 0.825000000000 0.000021151749
0.337500000000 0.837500000000 0.000019629145
0.337500000000 0.850000000000 0.000018108720
0.337500000000 0.862500000000 0.000016590482
0.337500000000 0.875000000000 0.000015074416
0.337500000000 0.887500000000 0.000013560429
0.337500000000 0.900000000000 0.000012048371
0.337500000000 0.912500000000 0.000010538124
0.337500000000 0.925000000000 0.000009029471
0.337500000000 0.937500000000 0.000007522245
0.337500000000 0.950000000000 0.000006016289
0.337500000000 0.962500000000 0.000004511344
0.337500000000 0.975000000000 0.000003007129
0.337500000000 0.987500000000 0.000001503433
0.337500000000 1.000000000000 0.000000000000

0.350000000000 0.000000000000 0.000000000000
0.350000000000 0.012500000000 0.000001540928
0.350000000000 0.025000000000 0.000003082192
0.350000000000 0.037500000000 0.000004624076
0.350000000000 0.050000000000 0.000006166987
0.350000000000 0.062500000000 0.000007711236
0.350000000000 0.075000000000 0.000009257183
0.350000000000 0.087500000000 0.000010805127
0.350000000000 0.100000000000 0.000012355315
0.350000000000 0.112500000000 0.000013908072
0.350000000000 0.125000000000 0.000015463604
0.350000000000 0.137500000000 0.000017022210
0.350000000000 0.150000000000 0.000018584118
0.350000000000 0.162500000000 0.000020149527
0.350000000000 0.175000000000 0.000021718605
0.350000000000 0.187500000000 0.000023291389
0.350000000000 0.200000000000 0.000024867757
0.350000000000 0.212500000000 0.000026447674
0.350000000000 0.225000000000 0.000028030893
0.350000000000 0.237500000000 0.000029617007
0.350000000000 0.250000000000 0.000031205253
0.350000000000 0.262500000000 0.000032794590
0.350000000000 0.275000000000 0.000034383754
0.350000000000 0.287500000000 0.000035971000
0.350000000000 0.300000000000 0.000037553957
0.350000000000 0.312500000000 0.000039129587
0.350000000000 0.325000000000 0.000040693985
0.350000000000 0.337500000000 0.000042242312
0.350000000000 0.350000000000 0.000043768266
0.350000000000 0.362500000000 0.000045264020
0.350000000000 0.375000000000 0.000046719944
0.350000000000 0.387500000000 0.000048124400
0.350000000000 0.400000000000 0.000049463163
0.350000000000 0.412500000000 0.000050719559
0.350000000000 0.425000000000 0.000051874590
0.350000000000 0.437500000000 0.000052907070
0.350000000000 0.450000000000 0.000053794578
0.350000000000 0.462500000000 0.000054514654
0.350000000000 0.475000000000 0.000055046536
0.350000000000 0.487500000000 0.000055373244
0.350000000000 0.500000000000 0.000055483471
0.350000000000 0.512500000000 0.000055373244
0.350000000000 0.525000000000 0.000055046536
0.350000000000 0.537500000000 0.000054514654
0.350000000000 0.550000000000 0.000053794578
0.350000000000 0.562500000000 0.000052907070
0.350000000000 0.575000000000 0.000051874590
0.350000000000 0.587500000000 0.000050719559
0.350000000000 0.600000000000 0.000049463163
0.350000000000 0.612500000000 0.000048124400
0.350000000000 0.625000000000 0.000046719944
0.350000000000 0.637500000000 0.000045264020
0.350000000000 0.650000000000 0.000043768266
0.350000000000 0.662500000000 0.000042242312
0.350000000000 0.675000000000 0.000040693985
0.350000000000 0.687500000000 0.000039129587
0.350000000000 0.700000000000 0.000037553957
0.350000000000 0.712500000000 0.000035971000
0.350000000000 0.725000000000 0.000034383754
0.350000000000 0.737500000000 0.000032794590
0.350000000000 0.750000000000 0.000031205253
0.350000000000 0.762500000000 0.000029617007
0.350000000000 0.775000000000 0.000028030893
0.350000000000 0.787500000000 0.000026447674
0.350000000000 0.800000000000 0.000024867757
0.350000000000 0.812500000000 0.000023291389
0.350000000000 0.825000000000 0.000021718605
0.350000000000 0.837500000000 0.000020149527
0.350000000000 0.850000000000 0.000018584118
0.350000000000 0.862500000000 0.000017022210
0.350000000000 0.875000000000 0.000015463604
0.350000000000 0.887500000000 0.000013908072
0.350000000000 0.900000000000 0.000012355315
0.350000000000 0.912500000000 0.000010805127
0.350000000000 0.925000000000 0.000009257183
0.350000000000 0.937500000000 0.000007711236
0.350000000000 0.950000000000 0.000006166987
0.350000000000 0.962500000000 0.000004624076
0.350000000000 0.975000000000 0.000003082192
0.350000000000 0.987500000000 0.000001540928
0.350000000000 1.000000000000 0.000000000000

0.362500000000 0.000000000000 0.000000000000
0.362500000000 0.012500000000 0.000001575989
0.362500000000 0.025000000000 0.000003152397
0.362500000000 0.037500000000 0.000004729602
0.362500000000 0.050000000000 0.000006308077
0.362500000000 0.062500000000 0.000007888222
0.362500000000 0.075000000000 0.000009470480
0.362500000000 0.087500000000 0.000011055329
0.362500000000 0.100000000000 0.000012643084
0.362500000000 0.112500000000 0.000014234118
0.362500000000 0.125000000000 0.000015828853
0.362500000000 0.137500000000 0.000017427690
0.362500000000 0.150000000000 0.000019030992
0.362500000000 0.162500000000 0.000020639151
0.362500000000 0.175000000000 0.000022252498
0.362500000000 0.187500000000 0.000023871292
0.362500000000 0.200000000000 0.000025495667
0.362500000000 0.212500000000 0.000027125896
0.362500000000 0.225000000000 0.000028761966
0.362500000000 0.237500000000 0.000030403844
0.362500000000 0.250000000000 0.000032051155
0.362500000000 0.262500000000 0.000033703331
0.362500000000 0.275000000000 0.000035359481
0.362500000000 0.287500000000 0.000037018452
0.362500000000 0.300000000000 0.000038678366
0.362500000000 0.312500000000 0.000040336827
0.362500000000 0.325000000000 0.000041990447
0.362500000000 0.337500000000 0.000043634800
0.362500000000 0.350000000000 0.000045264020
0.362500000000 0.362500000000 0.000046870568
0.362500000000 0.375000000000 0.000048444700
0.362500000000 0.387500000000 0.000049974218
0.362500000000 0.400000000000 0.000051443730
0.362500000000 0.412500000000 0.000052834452
0.362500000000 0.425000000000 0.000054124268
0.362500000000 0.437500000000 0.000055287562
0.362500000000 0.450000000000 0.000056296210
0.362500000000 0.462500000000 0.000057121124
0.362500000000 0.475000000000 0.000057734556
0.362500000000 0.487500000000 0.000058113195
0.362500000000 0.500000000000 0.000058241270
0.362500000000 0.512500000000 0.000058113195
0.362500000000 0.525000000000 0.000057734556
0.362500000000 0.537500000000 0.000057121124
0.362500000000 0.550000000000 0.000056296210
0.362500000000 0.562500000000 0.000055287562
0.362500000000 0.575000000000 0.000054124268
0.362500000000 0.587500000000 0.000052834452
0.362500000000 0.600000000000 0.000051443730
0.362500000000 0.612500000000 0.000049974218
0.362500000000 0.625000000000 0.000048444700
0.362500000000 0.637500000000 0.000046870568
0.362500000000 0.650000000000 0.000045264020
0.362500000000 0.662500000000 0.000043634800
0.362500000000 0.675000000000 0.000041990447
0.362500000000 0.687500000000 0.000040336827
0.362500000000 0.700000000000 0.000038678366
0.362500000000 0.712500000000 0.000037018452
0.362500000000 0.725000000000 0.000035359481
0.362500000000 0.737500000000 0.000033703331
0.362500000000 0.750000000000 0.000032051155
0.362500000000 0.762500000000 0.000030403844
0.362500000000 0.775000000000 0.000028761966
0.362500000000 0.787500000000 0.000027125896
0.362500000000 0.800000000000 0.000025495667
0.362500000000 0.812500000000 0.000023871292
0.362500000000 0.825000000000 0.000022252498
0.362500000000 0.837500000000 0.000020639151
0.362500000000 0.850000000000 0.000019030992
0.362500000000 0.862500000000 0.000017427690
0.362500000000 0.875000000000 0.000015828853
0.362500000000 0.887500000000 0.000014234118
0.362500000000 0.900000000000 0.000012643084
0.362500000000 0.912500000000 0.000011055329
0.362500000000 0.925000000000 0.000009470480
0.362500000000 0.937500000000 0.000007888222
0.362500000000 0.950000000000 0.000006308077
0.362500000000 0.962500000000 0.000004729602
0.362500000000 0.975000000000 0.000003152397
0.362500000000 0.987500000000 0.000001575989
0.362500000000 1.000000000000 0.000000000000

0.375000000000 0.000000000000 0.000000000000
0.375000000000 0.012500000000 0.000001608541
0.375000000000 0.025000000000 0.000003217547
0.375000000000 0.037500000000 0.000004827504
0.375000000000 0.050000000000 0.000006439011
0.375000000000 0.062500000000 0.000008052525
0.375000000000 0.075000000000 0.000009668579
0.375000000000 0.087500000000 0.000011287778
0.375000000000 0.100000000000 0.000012910491
0.375000000000 0.112500000000 0.000014537257
0.375000000000 0.125000000000 0.000016168652
0.375000000000 0.137500000000 0.000017805182
0.375000000000 0.150000000000 0.000019447350
0.375000000000 0.162500000000 0.000021095742
0.375000000000 0.175000000000 0.000022750887
0.375000000000 0.187500000000 0.000024413237
0.375000000000 0.200000000000 0.000026083299
0.375000000000 0.212500000000 0.000027761510
0.375000000000 0.225000000000 0.000029448308
0.375000000000 0.237500000000 0.000031143951
0.375000000000 0.250000000000 0.000032848574
0.375000000000 0.262500000000 0.000034562103
0.375000000000 0.275000000000 0.000036284235
0.375000000000 0.287500000000 0.000038014330
0.375000000000 0.300000000000 0.000039751360
0.375000000000 0.312500000000 0.000041493529
0.375000000000 0.325000000000 0.000043238375
0.375000000000 0.337500000000 0.000044982228
0.375000000000 0.350000000000 0.000046719944
0.375000000000 0.362500000000 0.000048444700
0.375000000000 0.375000000000 0.000050147147
0.375000000000 0.387500000000 0.000051814860
0.375000000000 0.400000000000 0.000053431681
0.375000000000 0.412500000000 0.000054976966
0.375000000000 0.425000000000 0.000056425143
0.375000000000 0.437500000000 0.000057745545
0.375000000000 0.450000000000 0.000058902938
0.375000000000 0.462500000000 0.000059859218
0.375000000000 0.475000000000 0.000060576648
0.375000000000 0.487500000000 0.000061022416
0.375000000000 0.500000000000 0.000061173731
0.375000000000 0.512500000000 0.000061022416
0.375000000000 0.525000000000 0.000060576648
0.375000000000 0.537500000000 0.000059859218
0.375000000000 0.550000000000 0.000058902938
0.375000000000 0.562500000000 0.000057745545
0.375000000000 0.575000000000 0.000056425143
0.375000000000 0.587500000000 0.000054976966
0.375000000000 0.600000000000 0.000053431681
0.375000000000 0.612500000000 0.000051814860
0.375000000000 0.625000000000 0.000050147147
0.375000000000 0.637500000000 0.000048444700
0.375000000000 0.650000000000 0.000046719944
0.375000000000 0.662500000000 0.000044982228
0.375000000000 0.675000000000 0.000043238375
0.375000000000 0.687500000000 0.000041493529
0.375000000000 0.700000000000 0.000039751360
0.375000000000 0.712500000000 0.000038014330
0.375000000000 0.725000000000 0.000036284235
0.375000000000 0.737500000000 0.000034562103
0.375000000000 0.750000000000 0.000032848574
0.375000000000 0.762500000000 0.000031143951
0.375000000000 0.775000000000 0.000029448308
0.375000000000 0.787500000000 0.000027761510
0.375000000000 0.800000000000 0.000026083299
0.375000000000 0.812500000000 0.000024413237
0.375000000000 0.825000000000 0.000022750887
0.375000000000 0.837500000000 0.000021095742
0.375000000000 0.850000000000 0.000019447350
0.375000000000 0.862500000000 0.000017805182
0.375000000000 0.875000000000 0.000016168652
0.375000000000 0.887500000000 0.000014537257
0.375000000000 0.900000000000 0.000012910491
0.375000000000 0.912500000000 0.000011287778
0.375000000000 0.925000000000 0.000009668579
0.375000000000 0.937500000000 0.000008052525
0.375000000000 0.950000000000 0.000006439011
0.375000000000 0.962500000000 0.000004827504
0.375000000000 0.975000000000 0.000003217547
0.375000000000 0.987500000000 0.000001608541
0.375000000000 1.000000000000 0.000000000000

0.387500000000 0.000000000000 0.000000000000
0.387500000000 0.012500000000 0.000001638403
0.387500000000 0.025000000000 0.000003277356
0.387500000000 0.037500000000 0.000004917434
0.387500000000 0.050000000000 0.000006559249
0.387500000000 0.062500000000 0.000008203443
0.387500000000 0.075000000000 0.000009850618
0.387500000000 0.087500000000 0.000011501444
0.387500000000 0.100000000000 0.000013156407
0.387500000000 0.112500000000 0.000014816189
0.387500000000 0.125000000000 0.000016481512
0.387500000000 0.137500000000 0.000018152963
0.387500000000 0.150000000000 0.000019831244
0.387500000000 0.162500000000 0.000021517087
0.387500000000 0.175000000000 0.000023211259
0.387500000000 0.187500000000 0.000024914421
0.387500000000 0.200000000000 0.000026627415
0.387500000000 0.212500000000 0.000028350953
0.387500000000 0.225000000000 0.000030085856
0.387500000000 0.237500000000 0.000031832785
0.387500000000 0.250000000000 0.000033592370
0.387500000000 0.262500000000 0.000035365098
0.387500000000 0.275000000000 0.000037151352
0.387500000000 0.287500000000 0.000038951261
0.387500000000 0.300000000000 0.000040764603
0.387500000000 0.312500000000 0.000042590556
0.387500000000 0.325000000000 0.000044427789
0.387500000000 0.337500000000 0.000046273696
0.387500000000 0.350000000000 0.000048124400
0.387500000000 0.362500000000 0.000049974218
0.387500000000 0.375000000000 0.000051814860
0.387500000000 0.387500000000 0.000053634494
0.387500000000 0.400000000000 0.000055416859
0.387500000000 0.412500000000 0.000057139952
0.387500000000 0.425000000000 0.000058775043
0.387500000000 0.437500000000 0.000060285801
0.387500000000 0.450000000000 0.000061628208
0.387500000000 0.462500000000 0.000062752173
0.387500000000 0.475000000000 0.000063605417
0.387500000000 0.487500000000 0.000064140368
0.387500000000 0.500000000000 0.000064322853
0.387500000000 0.512500000000 0.000064140368
0.387500000000 0.525000000000 0.000063605417
0.387500000000 0.537500000000 0.000062752173
0.387500000000 0.550000000000 0.000061628208
0.387500000000 0.562500000000 0.000060285801
0.387500000000 0.575000000000 0.000058775043
0.387500000000 0.587500000000 0.000057139952
0.387500000000 0.600000000000 0.000055416859
0.387500000000 0.612500000000 0.000053634494
0.387500000000 0.625000000000 0.000051814860
0.387500000000 0.637500000000 0.000049974218
0.387500000000 0.650000000000 0.000048124400
0.387500000000 0.662500000000 0.000046273696
0.387500000000 0.675000000000 0.000044427789
0.387500000000 0.687500000000 0.000042590556
0.387500000000 0.700000000000 0.000040764603
0.387500000000 0.712500000000 0.000038951261
0.387500000000 0.725000000000 0.000037151352
0.387500000000 0.737500000000 0.000035365098
0.387500000000 0.750000000000 0.000033592370
0.387500000000 0.762500000000 0.000031832785
0.387500000000 0.775000000000 0.000030085856
0.387500000000 0.787500000000 0.000028350953
0.387500000000 0.800000000000 0.000026627415
0.387500000000 0.812500000000 0.000024914421
0.387500000000 0.825000000000 0.000023211259
0.387500000000 0.837500000000 0.000021517087
0.387500000000 0.850000000000 0.000019831244
0.387500000000 0.862500000000 0.000018152963
0.387500000000 0.875000000000 0.000016481512
0.387500000000 0.887500000000 0.000014816189
0.387500000000 0.900000000000 0.000013156407
0.387500000000 0.912500000000 0.000011501444
0.387500000000 0.925000000000 0.000009850618
0.387500000000 0.937500000000 0.000008203443
0.387500000000 0.950000000000 0.000006559249
0.387500000000 0.962500000000 0.000004917434
0.387500000000 0.975000000000 0.000003277356
0.387500000000 0.987500000000 0.000001638403
0.387500000000 1.000000000000 0.000000000000

0.400000000000 0.000000000000 0.000000000000
0.400000000000 0.012500000000 0.000001665506
0.400000000000 0.025000000000 0.000003331665
0.400000000000 0.037500000000 0.000004999059
0.400000000000 0.050000000000 0.000006668393
0.400000000000 0.062500000000 0.000008340441
0.400000000000 0.075000000000 0.000010015878
0.400000000000 0.087500000000 0.000011695473
0.400000000000 0.100000000000 0.000013379837
0.400000000000 0.112500000000 0.000015069749
0.400000000000 0.125000000000 0.000016765985
0.400000000000 0.137500000000 0.000018469326
0.400000000000 0.150000000000 0.000020180736
0.400000000000 0.162500000000 0.000021901030
0.400000000000 0.175000000000 0.000023631171
0.400000000000 0.187500000000 0.000025372097
0.400000000000 0.200000000000 0.000027124925
0.400000000000 0.212500000000 0.000028890650
0.400000000000 0.225000000000 0.000030670532
0.400000000000 0.237500000000 0.000032465636
0.400000000000 0.250000000000 0.000034277154
0.400000000000 0.262500000000 0.000036106187
0.400000000000 0.275000000000 0.000037953954
0.400000000000 0.287500000000 0.000039821346
0.400000000000 0.300000000000 0.000041709165
0.400000000000 0.312500000000 0.000043617794
0.400000000000 0.325000000000 0.000045547241
0.400000000000 0.337500000000 0.000047496386
0.400000000000 0.350000000000 0.000049463163
0.400000000000 0.362500000000 0.000051443730
0.400000000000 0.375000000000 0.000053431681
0.400000000000 0.387500000000 0.000055416859
0.400000000000 0.400000000000 0.000057384032
0.400000000000 0.412500000000 0.000059311097
0.400000000000 0.425000000000 0.000061167074
0.400000000000 0.437500000000 0.000062909953
0.400000000000 0.450000000000 0.000064485454
0.400000000000 0.462500000000 0.000065827594
0.400000000000 0.475000000000 0.000066862930
0.400000000000 0.487500000000 0.000067520413
0.400000000000 0.500000000000 0.000067746345
0.400000000000 0.512500000000 0.000067520413
0.400000000000 0.525000000000 0.000066862930
0.400000000000 0.537500000000 0.000065827594
0.400000000000 0.550000000000 0.000064485454
0.400000000000 0.562500000000 0.000062909953
0.400000000000 0.575000000000 0.000061167074
0.400000000000 0.587500000000 0.000059311097
0.400000000000 0.600000000000 0.000057384032
0.400000000000 0.612500000000 0.000055416859
0.400000000000 0.625000000000 0.000053431681
0.400000000000 0.637500000000 0.000051443730
0.400000000000 0.650000000000 0.000049463163
0.400000000000 0.662500000000 0.000047496386
0.400000000000 0.675000000000 0.000045547241
0.400000000000 0.687500000000 0.000043617794
0.400000000000 0.700000000000 0.000041709165
0.400000000000 0.712500000000 0.000039821346
0.400000000000 0.725000000000 0.000037953954
0.400000000000 0.737500000000 0.000036106187
0.400000000000 0.750000000000 0.000034277154
0.400000000000 0.762500000000 0.000032465636
0.400000000000 0.775000000000 0.000030670532
0.400000000000 0.787500000000 0.000028890650
0.400000000000 0.800000000000 0.000027124925
0.400000000000 0.812500000000 0.000025372097
0.400000000000 0.825000000000 0.000023631171
0.400000000000 0.837500000000 0.000021901030
0.400000000000 0.850000000000 0.000020180736
0.400000000000 0.862500000000 0.000018469326
0.400000000000 0.875000000000 0.000016765985
0.400000000000 0.887500000000 0.000015069749
0.400000000000 0.900000000000 0.000013379837
0.400000000000 0.912500000000 0.000011695473
0.400000000000 0.925000000000 0.000010015878
0.400000000000 0.937500000000 0.000008340441
0.400000000000 0.950000000000 0.000006668393
0.400000000000 0.962500000000 0.000004999059
0.400000000000 0.975000000000 0.000003331665
0.400000000000 0.987500000000 0.000001665506
0.400000000000 1.000000000000 0.000000000000

0.412500000000 0.000000000000 0.000000000000
0.412500000000 0.012500000000 0.000001689694
0.412500000000 0.025000000000 0.000003380096
0.412500000000 0.037500000000 0.000005071935
0.412500000000 0.050000000000 0.000006765905
0.412500000000 0.062500000000 0.000008462858
0.412500000000 0.075000000000 0.000010163597
0.412500000000 0.087500000000 0.000011868928
0.412500000000 0.100000000000 0.000013579631
0.412500000000 0.112500000000 0.000015296587
0.412500000000 0.125000000000 0.000017020661
0.412500000000 0.137500000000 0.000018752771
0.412500000000 0.150000000000 0.000020494047
0.412500000000 0.162500000000 0.000022245465
0.412500000000 0.175000000000 0.000024008221
0.412500000000 0.187500000000 0.000025783482
0.412500000000 0.200000000000 0.000027572606
0.412500000000 0.212500000000 0.000029376982
0.412500000000 0.225000000000 0.000031198226
0.412500000000 0.237500000000 0.000033037884
0.412500000000 0.250000000000 0.000034897649
0.412500000000 0.262500000000 0.000036779330
0.412500000000 0.275000000000 0.000038684972
0.412500000000 0.287500000000 0.000040616396
0.412500000000 0.300000000000 0.000042575574
0.412500000000 0.312500000000 0.000044564249
0.412500000000 0.325000000000 0.000046583956
0.412500000000 0.337500000000 0.000048635660
0.412500000000 0.350000000000 0.000050719559
0.412500000000 0.362500000000 0.000052834452
0.412500000000 0.375000000000 0.000054976966
0.412500000000 0.387500000000 0.000057139952
0.412500000000 0.400000000000 0.000059311097
0.412500000000 0.412500000000 0.000061470273
0.412500000000 0.425000000000 0.000063586328
0.412500000000 0.437500000000 0.000065613069
0.412500000000 0.450000000000 0.000067485360
0.412500000000 0.462500000000 0.000069117042
0.412500000000 0.475000000000 0.000070403923
0.412500000000 0.487500000000 0.000071236606
0.412500000000 0.500000000000 0.000071526074
0.412500000000 0.512500000000 0.000071236606
0.412500000000 0.525000000000 0.000070403923
0.412500000000 0.537500000000 0.000069117042
0.412500000000 0.550000000000 0.000067485360
0.412500000000 0.562500000000 0.000065613069
0.412500000000 0.575000000000 0.000063586328
0.412500000000 0.587500000000 0.000061470273
0.412500000000 0.600000000000 0.000059311097
0.412500000000 0.612500000000 0.000057139952
0.412500000000 0.625000000000 0.000054976966
0.412500000000 0.637500000000 0.000052834452
0.412500000000 0.650000000000 0.000050719559
0.412500000000 0.662500000000 0.000048635660
0.412500000000 0.675000000000 0.000046583956
0.412500000000 0.687500000000 0.000044564249
0.412500000000 0.700000000000 0.000042575574
0.412500000000 0.712500000000 0.000040616396
0.412500000000 0.725000000000 0.000038684972
0.412500000000 0.737500000000 0.000036779330
0.412500000000 0.750000000000 0.000034897649
0.412500000000 0.762500000000 0.000033037884
0.412500000000 0.775000000000 0.000031198226
0.412500000000 0.787500000000 0.000029376982
0.412500000000 0.800000000000 0.000027572606
0.412500000000 0.812500000000 0.000025783482
0.412500000000 0.825000000000 0.000024008221
0.412500000000 0.837500000000 0.000022245465
0.412500000000 0.850000000000 0.000020494047
0.412500000000 0.862500000000 0.000018752771
0.412500000000 0.875000000000 0.000017020661
0.412500000000 0.887500000000 0.000015296587
0.412500000000 0.900000000000 0.000013579631
0.412500000000 0.912500000000 0.000011868928
0.412500000000 0.925000000000 0.000010163597
0.412500000000 0.937500000000 0.000008462858
0.412500000000 0.950000000000 0.000006765905
0.412500000000 0.962500000000 0.000005071935
0.412500000000 0.975000000000 0.000003380096
0.412500000000 0.987500000000 0.000001689694
0.412500000000 1.000000000000 0.000000000000

0.425000000000 0.000000000000 0.000000000000
0.425000000000 0.012500000000 0.000001710880
0.425000000000 0.025000000000 0.000003422511
0.425000000000 0.037500000000 0.000005135775
0.425000000000 0.050000000000 0.000006851362
0.425000000000 0.062500000000 0.000008570164
0.425000000000 0.075000000000 0.000010293083
0.425000000000 0.087500000000 0.000012021013
0.425000000000 0.100000000000 0.000013754905
0.425000000000 0.112500000000 0.000015495619
0.425000000000 0.125000000000 0.000017244210
0.425000000000 0.137500000000 0.000019001733
0.425000000000 0.150000000000 0.000020769413
0.425000000000 0.162500000000 0.000022548424
0.425000000000 0.175000000000 0.000024340128
0.425000000000 0.187500000000 0.000026145974
0.425000000000 0.200000000000 0.000027967510
0.425000000000 0.212500000000 0.000029806570
0.425000000000 0.225000000000 0.000031665013
0.425000000000 0.237500000000 0.000033544935
0.425000000000 0.250000000000 0.000035448566
0.425000000000 0.262500000000 0.000037378407
0.425000000000 0.275000000000 0.000039337261
0.425000000000 0.287500000000 0.000041328092
0.425000000000 0.300000000000 0.000043353960
0.425000000000 0.312500000000 0.000045418241
0.425000000000 0.325000000000 0.000047524247
0.425000000000 0.337500000000 0.000049675342
0.425000000000 0.350000000000 0.000051874590
0.425000000000 0.362500000000 0.000054124268
0.425000000000 0.375000000000 0.000056425143
0.425000000000 0.387500000000 0.000058775043
0.425000000000 0.400000000000 0.000061167074
0.425000000000 0.412500000000 0.000063586328
0.425000000000 0.425000000000 0.000066005504
0.425000000000 0.437500000000 0.000068378165
0.425000000000 0.450000000000 0.000070630621
0.425000000000 0.462500000000 0.000072653600
0.425000000000 0.475000000000 0.000074299491
0.425000000000 0.487500000000 0.000075395144
0.425000000000 0.500000000000 0.000075783573
0.425000000000 0.512500000000 0.000075395144
0.425000000000 0.525000000000 0.000074299491
0.425000000000 0.537500000000 0.000072653600
0.425000000000 0.550000000000 0.000070630621
0.425000000000 0.562500000000 0.000068378165
0.425000000000 0.575000000000 0.000066005504
0.425000000000 0.587500000000 0.000063586328
0.425000000000 0.600000000000 0.000061167074
0.425000000000 0.612500000000 0.000058775043
0.425000000000 0.625000000000 0.000056425143
0.425000000000 0.637500000000 0.000054124268
0.425000000000 0.650000000000 0.000051874590
0.425000000000 0.662500000000 0.000049675342
0.425000000000 0.675000000000 0.000047524247
0.425000000000 0.687500000000 0.000045418241
0.425000000000 0.700000000000 0.000043353960
0.425000000000 0.712500000000 0.000041328092
0.425000000000 0.725000000000 0.000039337261
0.425000000000 0.737500000000 0.000037378407
0.425000000000 0.750000000000 0.000035448566
0.425000000000 0.762500000000 0.000033544935
0.425000000000 0.775000000000 0.000031665013
0.425000000000 0.787500000000 0.000029806570
0.425000000000 0.800000000000 0.000027967510
0.425000000000 0.812500000000 0.000026145974
0.425000000000 0.825000000000 0.000024340128
0.425000000000 0.837500000000 0.000022548424
0.425000000000 0.850000000000 0.000020769413
0.425000000000 0.862500000000 0.000019001733
0.425000000000 0.875000000000 0.000017244210
0.425000000000 0.887500000000 0.000015495619
0.425000000000 0.900000000000 0.000013754905
0.425000000000 0.912500000000 0.000012021013
0.425000000000 0.925000000000 0.000010293083
0.425000000000 0.937500000000 0.000008570164
0.425000000000 0.950000000000 0.000006851362
0.425000000000 0.962500000000 0.000005135775
0.425000000000 0.975000000000 0.000003422511
0.425000000000 0.987500000000 0.000001710880
0.425000000000 1.000000000000 0.000000000000

0.437500000000 0.000000000000 0.000000000000
0.437500000000 0.012500000000 0.000001728942
0.437500000000 0.025000000000 0.000003458724
0.437500000000 0.037500000000 0.000005190200
0.437500000000 0.050000000000 0.000006924249
0.437500000000 0.062500000000 0.000008661751
0.437500000000 0.075000000000 0.000010403681
0.437500000000 0.087500000000 0.000012150996
0.437500000000 0.100000000000 0.000013904716
0.437500000000 0.112500000000 0.000015665845
0.437500000000 0.125000000000 0.000017435474
0.437500000000 0.137500000000 0.000019214856
0.437500000000 0.150000000000 0.000021005285
0.437500000000 0.162500000000 0.000022808089
0.437500000000 0.175000000000 0.000024624818
0.437500000000 0.187500000000 0.000026457131
0.437500000000 0.200000000000 0.000028306917
0.437500000000 0.212500000000 0.000030176182
0.437500000000 0.225000000000 0.000032067187
0.437500000000 0.237500000000 0.000033982439
0.437500000000 0.250000000000 0.000035924785
0.437500000000 0.262500000000 0.000037897363
0.437500000000 0.275000000000 0.000039903801
0.437500000000 0.287500000000 0.000041947972
0.437500000000 0.300000000000 0.000044034300
0.437500000000 0.312500000000 0.000046167717
0.437500000000 0.325000000000 0.000048353641
0.437500000000 0.337500000000 0.000050597944
0.437500000000 0.350000000000 0.000052907070
0.437500000000 0.362500000000 0.000055287562
0.437500000000 0.375000000000 0.000057745545
0.437500000000 0.387500000000 0.000060285801
0.437500000000 0.400000000000 0.000062909953
0.437500000000 0.412500000000 0.000065613069
0.437500000000 0.425000000000 0.000068378165
0.437500000000 0.437500000000 0.000071166911
0.437500000000 0.450000000000 0.000073905334
0.437500000000 0.462500000000 0.000076464169
0.437500000000 0.475000000000 0.000078639850
0.437500000000 0.487500000000 0.000080153829
0.437500000000 0.500000000000 0.000080710451
0.437500000000 0.512500000000 0.000080153829
0.437500000000 0.525000000000 0.000078639850
0.437500000000 0.537500000000 0.000076464169
0.437500000000 0.550000000000 0.000073905334
0.437500000000 0.562500000000 0.000071166911
0.437500000000 0.575000000000 0.000068378165
0.437500000000 0.587500000000 0.000065613069
0.437500000000 0.600000000000 0.000062909953
0.437500000000 0.612500000000 0.000060285801
0.437500000000 0.625000000000 0.000057745545
0.437500000000 0.637500000000 0.000055287562
0.437500000000 0.650000000000 0.000052907070
0.437500000000 0.662500000000 0.000050597944
0.437500000000 0.675000000000 0.000048353641
0.437500000000 0.687500000000 0.000046167717
0.437500000000 0.700000000000 0.000044034300
0.437500000000 0.712500000000 0.000041947972
0.437500000000 0.725000000000 0.000039903801
0.437500000000 0.737500000000 0.000037897363
0.437500000000 0.750000000000 0.000035924785
0.437500000000 0.762500000000 0.000033982439
0.437500000000 0.775000000000 0.000032067187
0.437500000000 0.787500000000 0.000030176182
0.437500000000 0.800000000000 0.000028306917
0.437500000000 0.812500000000 0.000026457131
0.437500000000 0.825000000000 0.000024624818
0.437500000000 0.837500000000 0.000022808089
0.437500000000 0.850000000000 0.000021005285
0.437500000000 0.862500000000 0.000019214856
0.437500000000 0.875000000000 0.000017435474
0.437500000000 0.887500000000 0.000015665845
0.437500000000 0.900000000000 0.000013904716
0.437500000000 0.912500000000 0.000012150996
0.437500000000 0.925000000000 0.000010403681
0.437500000000 0.937500000000 0.000008661751
0.437500000000 0.950000000000 0.000006924249
0.437500000000 0.962500000000 0.000005190200
0.437500000000 0.975000000000 0.000003458724
0.437500000000 0.987500000000 0.000001728942
0.437500000000 1.000000000000 0.000000000000

0.450000000000 0.000000000000 0.000000000000
0.450000000000 0.012500000000 0.000001743826
0.450000000000 0.025000000000 0.000003488567
0.450000000000 0.037500000000 0.000005235108
0.450000000000 0.050000000000 0.000006984338
0.450000000000 0.062500000000 0.000008737262
0.450000000000 0.075000000000 0.000010494899
0.450000000000 0.087500000000 0.000012258205
0.450000000000 0.100000000000 0.000014028340
0.450000000000 0.112500000000 0.000015806358
0.450000000000 0.125000000000 0.000017593461
0.450000000000 0.137500000000 0.000019390987
0.450000000000 0.150000000000 0.000021200269
0.450000000000 0.162500000000 0.000023022864
0.450000000000 0.175000000000 0.000024860469
0.450000000000 0.187500000000 0.000026714901
0.450000000000 0.200000000000 0.000028588285
0.450000000000 0.212500000000 0.000030482907
0.450000000000 0.225000000000 0.000032401307
0.450000000000 0.237500000000 0.000034346453
0.450000000000 0.250000000000 0.000036321650
0.450000000000 0.262500000000 0.000038330696
0.450000000000 0.275000000000 0.000040377852
0.450000000000 0.287500000000 0.000042468044
0.450000000000 0.300000000000 0.000044606883
0.450000000000 0.312500000000 0.000046800900
0.450000000000 0.325000000000 0.000049057579
0.450000000000 0.337500000000 0.000051385489
0.450000000000 0.350000000000 0.000053794578
0.450000000000 0.362500000000 0.000056296210
0.450000000000 0.375000000000 0.000058902938
0.450000000000 0.387500000000 0.000061628208
0.450000000000 0.400000000000 0.000064485454
0.450000000000 0.412500000000 0.000067485360
0.450000000000 0.425000000000 0.000070630621
0.450000000000 0.437500000000 0.000073905334
0.450000000000 0.450000000000 0.000077254701
0.450000000000 0.462500000000 0.000080549050
0.450000000000 0.475000000000 0.000083529777
0.450000000000 0.487500000000 0.000085755387
0.450000000000 0.500000000000 0.000086635355
0.450000000000 0.512500000000 0.000085755387
0.450000000000 0.525000000000 0.000083529777
0.450000000000 0.537500000000 0.000080549050
0.450000000000 0.550000000000 0.000077254701
0.450000000000 0.562500000000 0.000073905334
0.450000000000 0.575000000000 0.000070630621
0.450000000000 0.587500000000 0.000067485360
0.450000000000 0.600000000000 0.000064485454
0.450000000000 0.612500000000 0.000061628208
0.450000000000 0.625000000000 0.000058902938
0.450000000000 0.637500000000 0.000056296210
0.450000000000 0.650000000000 0.000053794578
0.450000000000 0.662500000000 0.000051385489
0.450000000000 0.675000000000 0.000049057579
0.450000000000 0.687500000000 0.000046800900
0.450000000000 0.700000000000 0.000044606883
0.450000000000 0.712500000000 0.000042468044
0.450000000000 0.725000000000 0.000040377852
0.450000000000 0.737500000000 0.000038330696
0.450000000000 0.750000000000 0.000036321650
0.450000000000 0.762500000000 0.000034346453
0.450000000000 0.775000000000 0.000032401307
0.450000000000 0.787500000000 0.000030482907
0.450000000000 0.800000000000 0.000028588285
0.450000000000 0.812500000000 0.000026714901
0.450000000000 0.825000000000 0.000024860469
0.450000000000 0.837500000000 0.000023022864
0.450000000000 0.850000000000 0.000021200269
0.450000000000 0.862500000000 0.000019390987
0.450000000000 0.875000000000 0.000017593461
0.450000000000 0.887500000000 0.000015806358
0.450000000000 0.900000000000 0.000014028340
0.450000000000 0.912500000000 0.000012258205
0.450000000000 0.925000000000 0.000010494899
0.450000000000 0.937500000000 0.000008737262
0.450000000000 0.950000000000 0.000006984338
0.450000000000 0.962500000000 0.000005235108
0.450000000000 0.975000000000 0.000003488567
0.450000000000 0.987500000000 0.000001743826
0.450000000000 1.000000000000 0.000000000000

0.462500000000 0.000000000000 0.000000000000
0.462500000000 0.012500000000 0.000001755467
0.462500000000 0.025000000000 0.000003511890
0.462500000000 0.037500000000 0.000005270224
0.462500000000 0.050000000000 0.000007031407
0.462500000000 0.062500000000 0.000008796407
0.462500000000 0.075000000000 0.000010566324
0.462500000000 0.087500000000 0.000012342204
0.462500000000 0.100000000000 0.000014125256
0.462500000000 0.112500000000 0.000015916535
0.462500000000 0.125000000000 0.000017717307
0.462500000000 0.137500000000 0.000019529049
0.462500000000 0.150000000000 0.000021353166
0.462500000000 0.162500000000 0.000023191376
0.462500000000 0.175000000000 0.000025045463
0.462500000000 0.187500000000 0.000026917412
0.462500000000 0.200000000000 0.000028809497
0.462500000000 0.212500000000 0.000030724231
0.462500000000 0.225000000000 0.000032664485
0.462500000000 0.237500000000 0.000034633516
0.462500000000 0.250000000000 0.000036635046
0.462500000000 0.262500000000 0.000038673383
0.462500000000 0.275000000000 0.000040753443
0.462500000000 0.287500000000 0.000042881011
0.462500000000 0.300000000000 0.000045062837
0.462500000000 0.312500000000 0.000047306804
0.462500000000 0.325000000000 0.000049622283
0.462500000000 0.337500000000 0.000052020440
0.462500000000 0.350000000000 0.000054514654
0.462500000000 0.362500000000 0.000057121124
0.462500000000 0.375000000000 0.000059859218
0.462500000000 0.387500000000 0.000062752173
0.462500000000 0.400000000000 0.000065827594
0.462500000000 0.412500000000 0.000069117042
0.462500000000 0.425000000000 0.000072653600
0.462500000000 0.437500000000 0.000076464169
0.462500000000 0.450000000000 0.000080549050
0.462500000000 0.462500000000 0.000084832555
0.462500000000 0.475000000000 0.000089055354
0.462500000000 0.487500000000 0.000092579724
0.462500000000 0.500000000000 0.000094196004
0.462500000000 0.512500000000 0.000092579724
0.462500000000 0.525000000000 0.000089055354
0.462500000000 0.537500000000 0.000084832555
0.462500000000 0.550000000000 0.000080549050
0.462500000000 0.562500000000 0.000076464169
0.462500000000 0.575000000000 0.000072653600
0.462500000000 0.587500000000 0.000069117042
0.462500000000 0.600000000000 0.000065827594
0.462500000000 0.612500000000 0.000062752173
0.462500000000 0.625000000000 0.000059859218
0.462500000000 0.637500000000 0.000057121124
0.462500000000 0.650000000000 0.000054514654
0.462500000000 0.662500000000 0.000052020440
0.462500000000 0.675000000000 0.000049622283
0.462500000000 0.687500000000 0.000047306804
0.462500000000 0.700000000000 0.000045062837
0.462500000000 0.712500000000 0.000042881011
0.462500000000 0.725000000000 0.000040753443
0.462500000000 0.737500000000 0.000038673383
0.462500000000 0.750000000000 0.000036635046
0.462500000000 0.762500000000 0.000034633516
0.462500000000 0.775000000000 0.000032664485
0.462500000000 0.787500000000 0.000030724231
0.462500000000 0.800000000000 0.000028809497
0.462500000000 0.812500000000 0.000026917412
0.462500000000 0.825000000000 0.000025045463
0.462500000000 0.837500000000 0.000023191376
0.462500000000 0.850000000000 0.000021353166
0.462500000000 0.862500000000 0.000019529049
0.462500000000 0.875000000000 0.000017717307
0.462500000000 0.887500000000 0.000015916535
0.462500000000 0.900000000000 0.000014125256
0.462500000000 0.912500000000 0.000012342204
0.462500000000 0.925000000000 0.000010566324
0.462500000000 0.937500000000 0.000008796407
0.462500000000 0.950000000000 0.000007031407
0.462500000000 0.962500000000 0.000005270224
0.462500000000 0.975000000000 0.000003511890
0.462500000000 0.987500000000 0.000001755467
0.462500000000 1.000000000000 0.000000000000

0.475000000000 0.000000000000 0.000000000000
0.475000000000 0.012500000000 0.000001763822
0.475000000000 0.025000000000 0.000003528644
0.475000000000 0.037500000000 0.000005295400
0.475000000000 0.050000000000 0.000007065132
0.475000000000 0.062500000000 0.000008838805
0.475000000000 0.075000000000 0.000010617588
0.475000000000 0.087500000000 0.000012402532
0.475000000000 0.100000000000 0.000014194800
0.475000000000 0.112500000000 0.000015995622
0.475000000000 0.125000000000 0.000017806271
0.475000000000 0.137500000000 0.000019628252
0.475000000000 0.150000000000 0.000021463085
0.475000000000 0.162500000000 0.000023312558
0.475000000000 0.175000000000 0.000025178550
0.475000000000 0.187500000000 0.000027063138
0.475000000000 0.200000000000 0.000028968776
0.475000000000 0.212500000000 0.000030898128
0.475000000000 0.225000000000 0.000032854279
0.475000000000 0.237500000000 0.000034840717
0.475000000000 0.250000000000 0.000036861488
0.475000000000 0.262500000000 0.000038921278
0.475000000000 0.275000000000 0.000041025553
0.475000000000 0.287500000000 0.000043180743
0.475000000000 0.300000000000 0.000045394479
0.475000000000 0.312500000000 0.000047675757
0.475000000000 0.325000000000 0.000050035497
0.475000000000 0.337500000000 0.000052486975
0.475000000000 0.350000000000 0.000055046536
0.475000000000 0.362500000000 0.000057734556
0.475000000000 0.375000000000 0.000060576648
0.475000000000 0.387500000000 0.000063605417
0.475000000000 0.400000000000 0.000066862930
0.475000000000 0.412500000000 0.000070403923
0.475000000000 0.425000000000 0.000074299491
0.475000000000 0.437500000000 0.000078639850
0.475000000000 0.450000000000 0.000083529777
0.475000000000 0.462500000000 0.000089055354
0.475000000000 0.475000000000 0.000095151481
0.475000000000 0.487500000000 0.000101178908
0.475000000000 0.500000000000 0.000104853545
0.475000000000 0.512500000000 0.000101178908
0.475000000000 0.525000000000 0.000095151481
0.475000000000 0.537500000000 0.000089055354
0.475000000000 0.550000000000 0.000083529777
0.475000000000 0.562500000000 0.000078639850
0.475000000000 0.575000000000 0.000074299491
0.475000000000 0.587500000000 0.000070403923
0.475000000000 0.600000000000 0.000066862930
0.475000000000 0.612500000000 0.000063605417
0.475000000000 0.625000000000 0.000060576648
0.475000000000 0.637500000000 0.000057734556
0.475000000000 0.650000000000 0.000055046536
0.475000000000 0.662500000000 0.000052486975
0.475000000000 0.675000000000 0.000050035497
0.475000000000 0.687500000000 0.000047675757
0.475000000000 0.700000000000 0.000045394479
0.475000000000 0.712500000000 0.000043180743
0.475000000000 0.725000000000 0.000041025553
0.475000000000 0.737500000000 0.000038921278
0.475000000000 0.750000000000 0.000036861488
0.475000000000 0.762500000000 0.000034840717
0.475000000000 0.775000000000 0.000032854279
0.475000000000 0.787500000000 0.000030898128
0.475000000000 0.800000000000 0.000028968776
0.475000000000 0.812500000000 0.000027063138
0.475000000000 0.825000000000 0.000025178550
0.475000000000 0.837500000000 0.000023312558
0.475000000000 0.850000000000 0.000021463085
0.475000000000 0.862500000000 0.000019628252
0.475000000000 0.875000000000 0.000017806271
0.475000000000 0.887500000000 0.000015995622
0.475000000000 0.900000000000 0.000014194800
0.475000000000 0.912500000000 0.000012402532
0.475000000000 0.925000000000 0.000010617588
0.475000000000 0.937500000000 0.000008838805
0.475000000000 0.950000000000 0.000007065132
0.475000000000 0.962500000000 0.000005295400
0.475000000000 0.975000000000 0.000003528644
0.475000000000 0.987500000000 0.000001763822
0.475000000000 1.000000000000 0.000000000000

0.487500000000 0.000000000000 0.000000000000
0.487500000000 0.012500000000 0.000001768870
0.487500000000 0.025000000000 0.000003538728
0.487500000000 0.037500000000 0.000005310560
0.487500000000 0.050000000000 0.000007085420
0.487500000000 0.062500000000 0.000008864320
0.487500000000 0.075000000000 0.000010648454
0.487500000000 0.087500000000 0.000012438842
0.487500000000 0.100000000000 0.000014236658
0.487500000000 0.112500000000 0.000016043197
0.487500000000 0.125000000000 0.000017859813
0.487500000000 0.137500000000 0.000019687988
0.487500000000 0.150000000000 0.000021529321
0.487500000000 0.162500000000 0.000023385628
0.487500000000 0.175000000000 0.000025258814
0.487500000000 0.187500000000 0.000027151070
0.487500000000 0.200000000000 0.000029064866
0.487500000000 0.212500000000 0.000031003073
0.487500000000 0.225000000000 0.000032968838
0.487500000000 0.237500000000 0.000034965895
0.487500000000 0.250000000000 0.000036998407
0.487500000000 0.262500000000 0.000039071326
0.487500000000 0.275000000000 0.000041190424
0.487500000000 0.287500000000 0.000043362617
0.487500000000 0.300000000000 0.000045595969
0.487500000000 0.312500000000 0.000047900334
0.487500000000 0.325000000000 0.000050287590
0.487500000000 0.337500000000 0.000052772475
0.487500000000 0.350000000000 0.000055373244
0.487500000000 0.362500000000 0.000058113195
0.487500000000 0.375000000000 0.000061022416
0.487500000000 0.387500000000 0.000064140368
0.487500000000 0.400000000000 0.000067520413
0.487500000000 0.412500000000 0.000071236606
0.487500000000 0.425000000000 0.000075395144
0.487500000000 0.437500000000 0.000080153829
0.487500000000 0.450000000000 0.000085755387
0.487500000000 0.462500000000 0.000092579724
0.487500000000 0.475000000000 0.000101178908
0.487500000000 0.487500000000 0.000111984303
0.487500000000 0.500000000000 0.000122708129
0.487500000000 0.512500000000 0.000111984303
0.487500000000 0.525000000000 0.000101178908
0.487500000000 0.537500000000 0.000092579724
0.487500000000 0.550000000000 0.000085755387
0.487500000000 0.562500000000 0.000080153829
0.487500000000 0.575000000000 0.000075395144
0.487500000000 0.587500000000 0.000071236606
0.487500000000 0.600000000000 0.000067520413
0.487500000000 0.612500000000 0.000064140368
0.487500000000 0.625000000000 0.000061022416
0.487500000000 0.637500000000 0.000058113195
0.487500000000 0.650000000000 0.000055373244
0.487500000000 0.662500000000 0.000052772475
0.487500000000 0.675000000000 0.000050287590
0.487500000000 0.687500000000 0.000047900334
0.487500000000 0.700000000000 0.000045595969
0.487500000000 0.712500000000 0.000043362617
0.487500000000 0.725000000000 0.000041190424
0.487500000000 0.737500000000 0.000039071326
0.487500000000 0.750000000000 0.000036998407
0.487500000000 0.762500000000 0.000034965895
0.487500000000 0.775000000000 0.000032968838
0.487500000000 0.787500000000 0.000031003073
0.487500000000 0.800000000000 0.000029064866
0.487500000000 0.812500000000 0.000027151070
0.487500000000 0.825000000000 0.000025258814
0.487500000000 0.837500000000 0.000023385628
0.487500000000 0.850000000000 0.000021529321
0.487500000000 0.862500000000 0.000019687988
0.487500000000 0.875000000000 0.000017859813
0.487500000000 0.887500000000 0.000016043197
0.487500000000 0.900000000000 0.000014236658
0.487500000000 0.912500000000 0.000012438842
0.487500000000 0.925000000000 0.000010648454
0.487500000000 0.937500000000 0.000008864320
0.487500000000 0.950000000000 0.000007085420
0.487500000000 0.962500000000 0.000005310560
0.487500000000 0.975000000000 0.000003538728
0.487500000000 0.987500000000 0.000001768870
0.487500000000 1.000000000000 0.000000000000

0.500000000000 0.000000000000 0.000000000000
0.500000000000 0.012500000000 0.000001770555
0.500000000000 0.025000000000 0.000003542060
0.500000000000 0.037500000000 0.000005315585
0.500000000000 0.050000000000 0.000007092195
0.500000000000 0.062500000000 0.000008872839
0.500000000000 0.075000000000 0.000010658741
0.500000000000 0.087500000000 0.000012450949
0.500000000000 0.100000000000 0.000014250641
0.500000000000 0.112500000000 0.000016059089
0.500000000000 0.125000000000 0.000017877665
0.500000000000 0.137500000000 0.000019707907
0.500000000000 0.150000000000 0.000021551431
0.500000000000 0.162500000000 0.000023410034
0.500000000000 0.175000000000 0.000025285618
0.500000000000 0.187500000000 0.000027180452
0.500000000000 0.200000000000 0.000029096977
0.500000000000 0.212500000000 0.000031038120
0.500000000000 0.225000000000 0.000033007119
0.500000000000 0.237500000000 0.000035007758
0.500000000000 0.250000000000 0.000037044227
0.500000000000 0.262500000000 0.000039121556
0.500000000000 0.275000000000 0.000041245671
0.500000000000 0.287500000000 0.000043423577
0.500000000000 0.300000000000 0.000045663561
0.500000000000 0.312500000000 0.000047975745
0.500000000000 0.325000000000 0.000050372332
0.500000000000 0.337500000000 0.000052868615
0.500000000000 0.350000000000 0.000055483471
0.500000000000 0.362500000000 0.000058241270
0.500000000000 0.375000000000 0.000061173731
0.500000000000 0.387500000000 0.000064322853
0.500000000000 0.400000000000 0.000067746345
0.500000000000 0.412500000000 0.000071526074
0.500000000000 0.425000000000 0.000075783573
0.500000000000 0.437500000000 0.000080710451
0.500000000000 0.450000000000 0.000086635355
0.500000000000 0.462500000000 0.000094196004
0.500000000000 0.475000000000 0.000104853545
0.500000000000 0.487500000000 0.000122708129
0.500000000000 0.500000000000 0.000161830632
0.500000000000 0.512500000000 0.000122708129
0.500000000000 0.525000000000 0.000104853545
0.500000000000 0.537500000000 0.000094196004
0.500000000000 0.550000000000 0.000086635355
0.500000000000 0.562500000000 0.000080710451
0.500000000000 0.575000000000 0.000075783573
0.500000000000 0.587500000000 0.000071526074
0.500000000000 0.600000000000 0.000067746345
0.500000000000 0.612500000000 0.000064322853
0.500000000000 0.625000000000 0.000061173731
0.500000000000 0.637500000000 0.000058241270
0.500000000000 0.650000000000 0.000055483471
0.500000000000 0.662500000000 0.000052868615
0.500000000000 0.675000000000 0.000050372332
0.500000000000 0.687500000000 0.000047975745
0.500000000000 0.700000000000 0.000045663561
0.500000000000 0.712500000000 0.000043423577
0.500000000000 0.725000000000 0.000041245671
0.500000000000 0.737500000000 0.000039121556
0.500000000000 0.750000000000 0.000037044227
0.500000000000 0.762500000000 0.000035007758
0.500000000000 0.775000000000 0.000033007119
0.500000000000 0.787500000000 0.000031038120
0.500000000000 0.800000000000 0.000029096977
0.500000000000 0.812500000000 0.000027180452
0.500000000000 0.825000000000 0.000025285618
0.500000000000 0.837500000000 0.000023410034
0.500000000000 0.850000000000 0.000021551431
0.500000000000 0.862500000000 0.000019707907
0.500000000000 0.875000000000 0.000017877665
0.500000000000 0.887500000000 0.000016059089
0.500000000000 0.900000000000 0.000014250641
0.500000000000 0.912500000000 0.000012450949
0.500000000000 0.925000000000 0.000010658741
0.500000000000 0.937500000000 0.000008872839
0.500000000000 0.950000000000 0.000007092195
0.500000000000 0.962500000000 0.000005315585
0.500000000000 0.975000000000 0.000003542060
0.500000000000 0.987500000000 0.000001770555
0.500000000000 1.000000000000 0.000000000000

0.512500000000 0.000000000000 0.000000000000
0.512500000000 0.012500000000 0.000001768870
0.512500000000 0.025000000000 0.000003538728
0.512500000000 0.037500000000 0.000005310560
0.512500000000 0.050000000000 0.000007085420
0.512500000000 0.062500000000 0.000008864320
0.512500000000 0.075000000000 0.000010648454
0.512500000000 0.087500000000 0.000012438842
0.512500000000 0.100000000000 0.000014236658
0.512500000000 0.112500000000 0.000016043197
0.512500000000 0.125000000000 0.000017859813
0.512500000000 0.137500000000 0.000019687988
0.512500000000 0.150000000000 0.000021529321
0.512500000000 0.162500000000 0.000023385628
0.512500000000 0.175000000000 0.000025258814
0.512500000000 0.187500000000 0.000027151070
0.512500000000 0.200000000000 0.000029064866
0.512500000000 0.212500000000 0.000031003073
0.512500000000 0.225000000000 0.000032968838
0.512500000000 0.237500000000 0.000034965895
0.512500000000 0.250000000000 0.000036998407
0.512500000000 0.262500000000 0.000039071326
0.512500000000 0.275000000000 0.000041190424
0.512500000000 0.287500000000 0.000043362617
0.512500000000 0.300000000000 0.000045595969
0.512500000000 0.312500000000 0.000047900334
0.512500000000 0.325000000000 0.000050287590
0.512500000000 0.337500000000 0.000052772475
0.512500000000 0.350000000000 0.000055373244
0.512500000000 0.362500000000 0.000058113195
0.512500000000 0.375000000000 0.000061022416
0.512500000000 0.387500000000 0.000064140368
0.512500000000 0.400000000000 0.000067520413
0.512500000000 0.412500000000 0.000071236606
0.512500000000 0.425000000000 0.000075395144
0.512500000000 0.437500000000 0.000080153829
0.512500000000 0.450000000000 0.000085755387
0.512500000000 0.462500000000 0.000092579724
0.512500000000 0.475000000000 0.000101178908
0.512500000000 0.487500000000 0.000111984303
0.512500000000 0.500000000000 0.000122708129
0.512500000000 0.512500000000 0.000111984303
0.512500000000 0.525000000000 0.000101178908
0.512500000000 0.537500000000 0.000092579724
0.512500000000 0.550000000000 0.000085755387
0.512500000000 0.562500000000 0.000080153829
0.512500000000 0.575000000000 0.000075395144
0.512500000000 0.587500000000 0.000071236606
0.512500000000 0.600000000000 0.000067520413
0.512500000000 0.612500000000 0.000064140368
0.512500000000 0.625000000000 0.000061022416
0.512500000000 0.637500000000 0.000058113195
0.512500000000 0.650000000000 0.000055373244
0.512500000000 0.662500000000 0.000052772475
0.512500000000 0.675000000000 0.000050287590
0.512500000000 0.687500000000 0.000047900334
0.512500000000 0.700000000000 0.000045595969
0.512500000000 0.712500000000 0.000043362617
0.512500000000 0.725000000000 0.000041190424
0.512500000000 0.737500000000 0.000039071326
0.512500000000 0.750000000000 0.000036998407
0.512500000000 0.762500000000 0.000034965895
0.512500000000 0.775000000000 0.000032968838
0.512500000000 0.787500000000 0.000031003073
0.512500000000 0.800000000000 0.000029064866
0.512500000000 0.812500000000 0.000027151070
0.512500000000 0.825000000000 0.000025258814
0.512500000000 0.837500000000 0.000023385628
0.512500000000 0.850000000000 0.000021529321
0.512500000000 0.862500000000 0.000019687988
0.512500000000 0.875000000000 0.000017859813
0.512500000000 0.887500000000 0.000016043197
0.512500000000 0.900000000000 0.000014236658
0.512500000000 0.912500000000 0.000012438842
0.512500000000 0.925000000000 0.000010648454
0.512500000000 0.937500000000 0.000008864320
0.512500000000 0.950000000000 0.000007085420
0.512500000000 0.962500000000 0.000005310560
0.512500000000 0.975000000000 0.000003538728
0.512500000000 0.987500000000 0.000001768870
0.512500000000 1.000000000000 0.000000000000

0.525000000000 0.000000000000 0.000000000000
0.525000000000 0.012500000000 0.000001763822
0.525000000000 0.025000000000 0.000003528644
0.525000000000 0.037500000000 0.000005295400
0.525000000000 0.050000000000 0.000007065132
0.525000000000 0.062500000000 0.000008838805
0.525000000000 0.075000000000 0.000010617588
0.525000000000 0.087500000000 0.000012402532
0.525000000000 0.100000000000 0.000014194800
0.525000000000 0.112500000000 0.000015995622
0.525000000000 0.125000000000 0.000017806271
0.525000000000 0.137500000000 0.000019628252
0.525000000000 0.150000000000 0.000021463085
0.525000000000 0.162500000000 0.000023312558
0.525000000000 0.175000000000 0.000025178550
0.525000000000 0.187500000000 0.000027063138
0.525000000000 0.200000000000 0.000028968776
0.525000000000 0.212500000000 0.000030898128
0.525000000000 0.225000000000 0.000032854279
0.525000000000 0.237500000000 0.000034840717
0.525000000000 0.250000000000 0.000036861488
0.525000000000 0.262500000000 0.000038921278
0.525000000000 0.275000000000 0.000041025553
0.525000000000 0.287500000000 0.000043180743
0.525000000000 0.300000000000 0.000045394479
0.525000000000 0.312500000000 0.000047675757
0.525000000000 0.325000000000 0.000050035497
0.525000000000 0.337500000000 0.000052486975
0.525000000000 0.350000000000 0.000055046536
0.525000000000 0.362500000000 0.000057734556
0.525000000000 0.375000000000 0.000060576648
0.525000000000 0.387500000000 0.000063605417
0.525000000000 0.400000000000 0.000066862930
0.525000000000 0.412500000000 0.000070403923
0.525000000000 0.425000000000 0.000074299491
0.525000000000 0.437500000000 0.000078639850
0.525000000000 0.450000000000 0.000083529777
0.525000000000 0.462500000000 0.000089055354
0.525000000000 0.475000000000 0.000095151481
0.525000000000 0.487500000000 0.000101178908
0.525000000000 0.500000000000 0.000104853545
0.525000000000 0.512500000000 0.000101178908
0.525000000000 0.525000000000 0.000095151481
0.525000000000 0.537500000000 0.000089055354
0.525000000000 0.550000000000 0.000083529777
0.525000000000 0.562500000000 0.000078639850
0.525000000000 0.575000000000 0.000074299491
0.525000000000 0.587500000000 0.000070403923
0.525000000000 0.600000000000 0.000066862930
0.525000000000 0.612500000000 0.000063605417
0.525000000000 0.625000000000 0.000060576648
0.525000000000 0.637500000000 0.000057734556
0.525000000000 0.650000000000 0.000055046536
0.525000000000 0.662500000000 0.000052486975
0.525000000000 0.675000000000 0.000050035497
0.525000000000 0.687500000000 0.000047675757
0.525000000000 0.700000000000 0.000045394479
0.525000000000 0.712500000000 0.000043180743
0.525000000000 0.725000000000 0.000041025553
0.525000000000 0.737500000000 0.000038921278
0.525000000000 0.750000000000 0.000036861488
0.525000000000 0.762500000000 0.000034840717
0.525000000000 0.775000000000 0.000032854279
0.525000000000 0.787500000000 0.000030898128
0.525000000000 0.800000000000 0.000028968776
0.525000000000 0.812500000000 0.000027063138
0.525000000000 0.825000000000 0.000025178550
0.525000000000 0.837500000000 0.000023312558
0.525000000000 0.850000000000 0.000021463085
0.525000000000 0.862500000000 0.000019628252
0.525000000000 0.875000000000 0.000017806271
0.525000000000 0.887500000000 0.000015995622
0.525000000000 0.900000000000 0.000014194800
0.525000000000 0.912500000000 0.000012402532
0.525000000000 0.925000000000 0.000010617588
0.525000000000 0.937500000000 0.000008838805
0.525000000000 0.950000000000 0.000007065132
0.525000000000 0.962500000000 0.000005295400
0.525000000000 0.975000000000 0.000003528644
0.525000000000 0.987500000000 0.000001763822
0.525000000000 1.000000000000 0.000000000000

0.537500000000 0.000000000000 0.000000000000
0.537500000000 0.012500000000 0.000001755467
0.537500000000 0.025000000000 0.000003511890
0.537500000000 0.037500000000 0.000005270224
0.537500000000 0.050000000000 0.000007031407
0.537500000000 0.062500000000 0.000008796407
0.537500000000 0.075000000000 0.000010566324
0.537500000000 0.087500000000 0.000012342204
0.537500000000 0.100000000000 0.000014125256
0.537500000000 0.112500000000 0.000015916535
0.537500000000 0.125000000000 0.000017717307
0.537500000000 0.137500000000 0.000019529049
0.537500000000 0.150000000000 0.000021353166
0.537500000000 0.162500000000 0.000023191376
0.537500000000 0.175000000000 0.000025045463
0.537500000000 0.187500000000 0.000026917412
0.537500000000 0.200000000000 0.000028809497
0.537500000000 0.212500000000 0.000030724231
0.537500000000 0.225000000000 0.000032664485
0.537500000000 0.237500000000 0.000034633516
0.537500000000 0.250000000000 0.000036635046
0.537500000000 0.262500000000 0.000038673383
0.537500000000 0.275000000000 0.000040753443
0.537500000000 0.287500000000 0.000042881011
0.537500000000 0.300000000000 0.000045062837
0.537500000000 0.312500000000 0.000047306804
0.537500000000 0.325000000000 0.000049622283
0.537500000000 0.337500000000 0.000052020440
0.537500000000 0.350000000000 0.000054514654
0.537500000000 0.362500000000 0.000057121124
0.537500000000 0.375000000000 0.000059859218
0.537500000000 0.387500000000 0.000062752173
0.537500000000 0.400000000000 0.000065827594
0.537500000000 0.412500000000 0.000069117042
0.537500000000 0.425000000000 0.000072653600
0.537500000000 0.437500000000 0.000076464169
0.537500000000 0.450000000000 0.000080549050
0.537500000000 0.462500000000 0.000084832555
0.537500000000 0.475000000000 0.000089055354
0.537500000000 0.487500000000 0.000092579724
0.537500000000 0.500000000000 0.000094196004
0.537500000000 0.512500000000 0.000092579724
0.537500000000 0.525000000000 0.000089055354
0.537500000000 0.537500000000 0.000084832555
0.537500000000 0.550000000000 0.000080549050
0.537500000000 0.562500000000 0.000076464169
0.537500000000 0.575000000000 0.000072653600
0.537500000000 0.587500000000 0.000069117042
0.537500000000 0.600000000000 0.000065827594
0.537500000000 0.612500000000 0.000062752173
0.537500000000 0.625000000000 0.000059859218
0.537500000000 0.637500000000 0.000057121124
0.537500000000 0.650000000000 0.000054514654
0.537500000000 0.662500000000 0.000052020440
0.537500000000 0.675000000000 0.000049622283
0.537500000000 0.687500000000 0.000047306804
0.537500000000 0.700000000000 0.000045062837
0.537500000000 0.712500000000 0.000042881011
0.537500000000 0.725000000000 0.000040753443
0.537500000000 0.737500000000 0.000038673383
0.537500000000 0.750000000000 0.000036635046
0.537500000000 0.762500000000 0.000034633516
0.537500000000 0.775000000000 0.000032664485
0.537500000000 0.787500000000 0.000030724231
0.537500000000 0.800000000000 0.000028809497
0.537500000000 0.812500000000 0.000026917412
0.537500000000 0.825000000000 0.000025045463
0.537500000000 0.837500000000 0.000023191376
0.537500000000 0.850000000000 0.000021353166
0.537500000000 0.862500000000 0.000019529049
0.537500000000 0.875000000000 0.000017717307
0.537500000000 0.887500000000 0.000015916535
0.537500000000 0.900000000000 0.000014125256
0.537500000000 0.912500000000 0.000012342204
0.537500000000 0.925000000000 0.000010566324
0.537500000000 0.937500000000 0.000008796407
0.537500000000 0.950000000000 0.000007031407
0.537500000000 0.962500000000 0.000005270224
0.537500000000 0.975000000000 0.000003511890
0.537500000000 0.987500000000 0.000001755467
0.537500000000 1.000000000000 0.000000000000

0.550000000000 0.000000000000 0.000000000000
0.550000000000 0.012500000000 0.000001743826
0.550000000000 0.025000000000 0.000003488567
0.550000000000 0.037500000000 0.000005235108
0.550000000000 0.050000000000 0.000006984338
0.550000000000 0.062500000000 0.000008737262
0.550000000000 0.075000000000 0.000010494899
0.550000000000 0.087500000000 0.000012258205
0.550000000000 0.100000000000 0.000014028340
0.550000000000 0.112500000000 0.000015806358
0.550000000000 0.125000000000 0.000017593461
0.550000000000 0.137500000000 0.000019390987
0.550000000000 0.150000000000 0.000021200269
0.550000000000 0.162500000000 0.000023022864
0.550000000000 0.175000000000 0.000024860469
0.550000000000 0.187500000000 0.000026714901
0.550000000000 0.200000000000 0.000028588285
0.550000000000 0.212500000000 0.000030482907
0.550000000000 0.225000000000 0.000032401307
0.550000000000 0.237500000000 0.000034346453
0.550000000000 0.250000000000 0.000036321650
0.550000000000 0.262500000000 0.000038330696
0.550000000000 0.275000000000 0.000040377852
0.550000000000 0.287500000000 0.000042468044
0.550000000000 0.300000000000 0.000044606883
0.550000000000 0.312500000000 0.000046800900
0.550000000000 0.325000000000 0.000049057579
0.550000000000 0.337500000000 0.000051385489
0.550000000000 0.350000000000 0.000053794578
0.550000000000 0.362500000000 0.000056296210
0.550000000000 0.375000000000 0.000058902938
0.550000000000 0.387500000000 0.000061628208
0.550000000000 0.400000000000 0.000064485454
0.550000000000 0.412500000000 0.000067485360
0.550000000000 0.425000000000 0.000070630621
0.550000000000 0.437500000000 0.000073905334
0.550000000000 0.450000000000 0.000077254701
0.550000000000 0.462500000000 0.000080549050
0.550000000000 0.475000000000 0.000083529777
0.550000000000 0.487500000000 0.000085755387
0.550000000000 0.500000000000 0.000086635355
0.550000000000 0.512500000000 0.000085755387
0.550000000000 0.525000000000 0.000083529777
0.550000000000 0.537500000000 0.000080549050
0.550000000000 0.550000000000 0.000077254701
0.550000000000 0.562500000000 0.000073905334
0.550000000000 0.575000000000 0.000070630621
0.550000000000 0.587500000000 0.000067485360
0.550000000000 0.600000000000 0.000064485454
0.550000000000 0.612500000000 0.000061628208
0.550000000000 0.625000000000 0.000058902938
0.550000000000 0.637500000000 0.000056296210
0.550000000000 0.650000000000 0.000053794578
0.550000000000 0.662500000000 0.000051385489
0.550000000000 0.675000000000 0.000049057579
0.550000000000 0.687500000000 0.000046800900
0.550000000000 0.700000000000 0.000044606883
0.550000000000 0.712500000000 0.000042468044
0.550000000000 0.725000000000 0.000040377852
0.550000000000 0.737500000000 0.000038330696
0.550000000000 0.750000000000 0.000036321650
0.550000000000 0.762500000000 0.000034346453
0.550000000000 0.775000000000 0.000032401307
0.550000000000 0.787500000000 0.000030482907
0.550000000000 0.800000000000 0.000028588285
0.550000000000 0.812500000000 0.000026714901
0.550000000000 0.825000000000 0.000024860469
0.550000000000 0.837500000000 0.000023022864
0.550000000000 0.850000000000 0.000021200269
0.550000000000 0.862500000000 0.000019390987
0.550000000000 0.875000000000 0.000017593461
0.550000000000 0.887500000000 0.000015806358
0.550000000000 0.900000000000 0.000014028340
0.550000000000 0.912500000000 0.000012258205
0.550000000000 0.925000000000 0.000010494899
0.550000000000 0.937500000000 0.000008737262
0.550000000000 0.950000000000 0.000006984338
0.550000000000 0.962500000000 0.000005235108
0.550000000000 0.975000000000 0.000003488567
0.550000000000 0.987500000000 0.000001743826
0.550000000000 1.000000000000 0.000000000000

0.562500000000 0.000000000000 0.000000000000
0.562500000000 0.012500000000 0.000001728942
0.562500000000 0.025000000000 0.000003458724
0.562500000000 0.037500000000 0.000005190200
0.562500000000 0.050000000000 0.000006924249
0.562500000000 0.062500000000 0.000008661751
0.562500000000 0.075000000000 0.000010403681
0.562500000000 0.087500000000 0.000012150996
0.562500000000 0.100000000000 0.000013904716
0.562500000000 0.112500000000 0.000015665845
0.562500000000 0.125000000000 0.000017435474
0.562500000000 0.137500000000 0.000019214856
0.562500000000 0.150000000000 0.000021005285
0.562500000000 0.162500000000 0.000022808089
0.562500000000 0.175000000000 0.000024624818
0.562500000000 0.187500000000 0.000026457131
0.562500000000 0.200000000000 0.000028306917
0.562500000000 0.212500000000 0.000030176182
0.562500000000 0.225000000000 0.000032067187
0.562500000000 0.237500000000 0.000033982439
0.562500000000 0.250000000000 0.000035924785
0.562500000000 0.262500000000 0.000037897363
0.562500000000 0.275000000000 0.000039903801
0.562500000000 0.287500000000 0.000041947972
0.562500000000 0.300000000000 0.000044034300
0.562500000000 0.312500000000 0.000046167717
0.562500000000 0.325000000000 0.000048353641
0.562500000000 0.337500000000 0.000050597944
0.562500000000 0.350000000000 0.000052907070
0.562500000000 0.362500000000 0.000055287562
0.562500000000 0.375000000000 0.000057745545
0.562500000000 0.387500000000 0.000060285801
0.562500000000 0.400000000000 0.000062909953
0.562500000000 0.412500000000 0.000065613069
0.562500000000 0.425000000000 0.000068378165
0.562500000000 0.437500000000 0.000071166911
0.562500000000 0.450000000000 0.000073905334
0.562500000000 0.462500000000 0.000076464169
0.562500000000 0.475000000000 0.000078639850
0.562500000000 0.487500000000 0.000080153829
0.562500000000 0.500000000000 0.000080710451
0.562500000000 0.512500000000 0.000080153829
0.562500000000 0.525000000000 0.000078639850
0.562500000000 0.537500000000 0.000076464169
0.562500000000 0.550000000000 0.000073905334
0.562500000000 0.562500000000 0.000071166911
0.562500000000 0.575000000000 0.000068378165
0.562500000000 0.587500000000 0.000065613069
0.562500000000 0.600000000000 0.000062909953
0.562500000000 0.612500000000 0.000060285801
0.562500000000 0.625000000000 0.000057745545
0.562500000000 0.637500000000 0.000055287562
0.562500000000 0.650000000000 0.000052907070
0.562500000000 0.662500000000 0.000050597944
0.562500000000 0.675000000000 0.000048353641
0.562500000000 0.687500000000 0.000046167717
0.562500000000 0.700000000000 0.000044034300
0.562500000000 0.712500000000 0.000041947972
0.562500000000 0.725000000000 0.000039903801
0.562500000000 0.737500000000 0.000037897363
0.562500000000 0.750000000000 0.000035924785
0.562500000000 0.762500000000 0.000033982439
0.562500000000 0.775000000000 0.000032067187
0.562500000000 0.787500000000 0.000030176182
0.562500000000 0.800000000000 0.000028306917
0.562500000000 0.812500000000 0.000026457131
0.562500000000 0.825000000000 0.000024624818
0.562500000000 0.837500000000 0.000022808089
0.562500000000 0.850000000000 0.000021005285
0.562500000000 0.862500000000 0.000019214856
0.562500000000 0.875000000000 0.000017435474
0.562500000000 0.887500000000 0.000015665845
0.562500000000 0.900000000000 0.000013904716
0.562500000000 0.912500000000 0.000012150996
0.562500000000 0.925000000000 0.000010403681
0.562500000000 0.937500000000 0.000008661751
0.562500000000 0.950000000000 0.000006924249
0.562500000000 0.962500000000 0.000005190200
0.562500000000 0.975000000000 0.000003458724
0.562500000000 0.987500000000 0.000001728942
0.562500000000 1.000000000000 0.000000000000

0.575000000000 0.000000000000 0.000000000000
0.575000000000 0.012500000000 0.000001710880
0.575000000000 0.025000000000 0.000003422511
0.575000000000 0.037500000000 0.000005135775
0.575000000000 0.050000000000 0.000006851362
0.575000000000 0.062500000000 0.000008570164
0.575000000000 0.075000000000 0.000010293083
0.575000000000 0.087500000000 0.000012021013
0.575000000000 0.100000000000 0.000013754905
0.575000000000 0.112500000000 0.000015495619
0.575000000000 0.125000000000 0.000017244210
0.575000000000 0.137500000000 0.000019001733
0.575000000000 0.150000000000 0.000020769413
0.575000000000 0.162500000000 0.000022548424
0.575000000000 0.175000000000 0.000024340128
0.575000000000 0.187500000000 0.000026145974
0.575000000000 0.200000000000 0.000027967510
0.575000000000 0.212500000000 0.000029806570
0.575000000000 0.225000000000 0.000031665013
0.575000000000 0.237500000000 0.000033544935
0.575000000000 0.250000000000 0.000035448566
0.575000000000 0.262500000000 0.000037378407
0.575000000000 0.275000000000 0.000039337261
0.575000000000 0.287500000000 0.000041328092
0.575000000000 0.300000000000 0.000043353960
0.575000000000 0.312500000000 0.000045418241
0.575000000000 0.325000000000 0.000047524247
0.575000000000 0.337500000000 0.000049675342
0.575000000000 0.350000000000 0.000051874590
0.575000000000 0.362500000000 0.000054124268
0.575000000000 0.375000000000 0.000056425143
0.575000000000 0.387500000000 0.000058775043
0.575000000000 0.400000000000 0.000061167074
0.575000000000 0.412500000000 0.000063586328
0.575000000000 0.425000000000 0.000066005504
0.575000000000 0.437500000000 0.000068378165
0.575000000000 0.450000000000 0.000070630621
0.575000000000 0.462500000000 0.000072653600
0.575000000000 0.475000000000 0.000074299491
0.575000000000 0.487500000000 0.000075395144
0.575000000000 0.500000000000 0.000075783573
0.575000000000 0.512500000000 0.000075395144
0.575000000000 0.525000000000 0.000074299491
0.575000000000 0.537500000000 0.000072653600
0.575000000000 0.550000000000 0.000070630621
0.575000000000 0.562500000000 0.000068378165
0.575000000000 0.575000000000 0.000066005504
0.575000000000 0.587500000000 0.000063586328
0.575000000000 0.600000000000 0.000061167074
0.575000000000 0.612500000000 0.000058775043
0.575000000000 0.625000000000 0.000056425143
0.575000000000 0.637500000000 0.000054124268
0.575000000000 0.650000000000 0.000051874590
0.575000000000 0.662500000000 0.000049675342
0.575000000000 0.675000000000 0.000047524247
0.575000000000 0.687500000000 0.000045418241
0.575000000000 0.700000000000 0.000043353960
0.575000000000 0.712500000000 0.000041328092
0.575000000000 0.725000000000 0.000039337261
0.575000000000 0.737500000000 0.000037378407
0.575000000000 0.750000000000 0.000035448566
0.575000000000 0.762500000000 0.000033544935
0.575000000000 0.775000000000 0.000031665013
0.575000000000 0.787500000000 0.000029806570
0.575000000000 0.800000000000 0.000027967510
0.575000000000 0.812500000000 0.000026145974
0.575000000000 0.825000000000 0.000024340128
0.575000000000 0.837500000000 0.000022548424
0.575000000000 0.850000000000 0.000020769413
0.575000000000 0.862500000000 0.000019001733
0.575000000000 0.875000000000 0.000017244210
0.575000000000 0.887500000000 0.000015495619
0.575000000000 0.900000000000 0.000013754905
0.575000000000 0.912500000000 0.000012021013
0.575000000000 0.925000000000 0.000010293083
0.575000000000 0.937500000000 0.000008570164
0.575000000000 0.950000000000 0.000006851362
0.575000000000 0.962500000000 0.000005135775
0.575000000000 0.975000000000 0.000003422511
0.575000000000 0.987500000000 0.000001710880
0.575000000000 1.000000000000 0.000000000000

0.587500000000 0.000000000000 0.000000000000
0.587500000000 0.012500000000 0.000001689694
0.587500000000 0.025000000000 0.000003380096
0.587500000000 0.037500000000 0.000005071935
0.587500000000 0.050000000000 0.000006765905
0.587500000000 0.062500000000 0.000008462858
0.587500000000 0.075000000000 0.000010163597
0.587500000000 0.087500000000 0.000011868928
0.587500000000 0.100000000000 0.000013579631
0.587500000000 0.112500000000 0.000015296587
0.587500000000 0.125000000000 0.000017020661
0.587500000000 0.137500000000 0.000018752771
0.587500000000 0.150000000000 0.000020494047
0.587500000000 0.162500000000 0.000022245465
0.587500000000 0.175000000000 0.000024008221
0.587500000000 0.187500000000 0.000025783482
0.587500000000 0.200000000000 0.000027572606
0.587500000000 0.212500000000 0.000029376982
0.587500000000 0.225000000000 0.000031198226
0.587500000000 0.237500000000 0.000033037884
0.587500000000 0.250000000000 0.000034897649
0.587500000000 0.262500000000 0.000036779330
0.587500000000 0.275000000000 0.000038684972
0.587500000000 0.287500000000 0.000040616396
0.587500000000 0.300000000000 0.000042575574
0.587500000000 0.312500000000 0.000044564249
0.587500000000 0.325000000000 0.000046583956
0.587500000000 0.337500000000 0.000048635660
0.587500000000 0.350000000000 0.000050719559
0.587500000000 0.362500000000 0.000052834452
0.587500000000 0.375000000000 0.000054976966
0.587500000000 0.387500000000 0.000057139952
0.587500000000 0.400000000000 0.000059311097
0.587500000000 0.412500000000 0.000061470273
0.587500000000 0.425000000000 0.000063586328
0.587500000000 0.437500000000 0.000065613069
0.587500000000 0.450000000000 0.000067485360
0.587500000000 0.462500000000 0.000069117042
0.587500000000 0.475000000000 0.000070403923
0.587500000000 0.487500000000 0.000071236606
0.587500000000 0.500000000000 0.000071526074
0.587500000000 0.512500000000 0.000071236606
0.587500000000 0.525000000000 0.000070403923
0.587500000000 0.537500000000 0.000069117042
0.587500000000 0.550000000000 0.000067485360
0.587500000000 0.562500000000 0.000065613069
0.587500000000 0.575000000000 0.000063586328
0.587500000000 0.587500000000 0.000061470273
0.587500000000 0.600000000000 0.000059311097
0.587500000000 0.612500000000 0.000057139952
0.587500000000 0.625000000000 0.000054976966
0.587500000000 0.637500000000 0.000052834452
0.587500000000 0.650000000000 0.000050719559
0.587500000000 0.662500000000 0.000048635660
0.587500000000 0.675000000000 0.000046583956
0.587500000000 0.687500000000 0.000044564249
0.587500000000 0.700000000000 0.000042575574
0.587500000000 0.712500000000 0.000040616396
0.587500000000 0.725000000000 0.000038684972
0.587500000000 0.737500000000 0.000036779330
0.587500000000 0.750000000000 0.000034897649
0.587500000000 0.762500000000 0.000033037884
0.587500000000 0.775000000000 0.000031198226
0.587500000000 0.787500000000 0.000029376982
0.587500000000 0.800000000000 0.000027572606
0.587500000000 0.812500000000 0.000025783482
0.587500000000 0.825000000000 0.000024008221
0.587500000000 0.837500000000 0.000022245465
0.587500000000 0.850000000000 0.000020494047
0.587500000000 0.862500000000 0.000018752771
0.587500000000 0.875000000000 0.000017020661
0.587500000000 0.887500000000 0.000015296587
0.587500000000 0.900000000000 0.000013579631
0.587500000000 0.912500000000 0.000011868928
0.587500000000 0.925000000000 0.000010163597
0.587500000000 0.937500000000 0.000008462858
0.587500000000 0.950000000000 0.000006765905
0.587500000000 0.962500000000 0.000005071935
0.587500000000 0.975000000000 0.000003380096
0.587500000000 0.987500000000 0.000001689694
0.587500000000 1.000000000000 0.000000000000

0.600000000000 0.000000000000 0.000000000000
0.600000000000 0.012500000000 0.000001665506
0.600000000000 0.025000000000 0.000003331665
0.600000000000 0.037500000000 0.000004999059
0.600000000000 0.050000000000 0.000006668393
0.600000000000 0.062500000000 0.000008340441
0.600000000000 0.075000000000 0.000010015878
0.600000000000 0.087500000000 0.000011695473
0.600000000000 0.100000000000 0.000013379837
0.600000000000 0.112500000000 0.000015069749
0.600000000000 0.125000000000 0.000016765985
0.600000000000 0.137500000000 0.000018469326
0.600000000000 0.150000000000 0.000020180736
0.600000000000 0.162500000000 0.000021901030
0.600000000000 0.175000000000 0.000023631171
0.600000000000 0.187500000000 0.000025372097
0.600000000000 0.200000000000 0.000027124925
0.600000000000 0.212500000000 0.000028890650
0.600000000000 0.225000000000 0.000030670532
0.600000000000 0.237500000000 0.000032465636
0.600000000000 0.250000000000 0.000034277154
0.600000000000 0.262500000000 0.000036106187
0.600000000000 0.275000000000 0.000037953954
0.600000000000 0.287500000000 0.000039821346
0.600000000000 0.300000000000 0.000041709165
0.600000000000 0.312500000000 0.000043617794
0.600000000000 0.325000000000 0.000045547241
0.600000000000 0.337500000000 0.000047496386
0.600000000000 0.350000000000 0.000049463163
0.600000000000 0.362500000000 0.000051443730
0.600000000000 0.375000000000 0.000053431681
0.600000000000 0.387500000000 0.000055416859
0.600000000000 0.400000000000 0.000057384032
0.600000000000 0.412500000000 0.000059311097
0.600000000000 0.425000000000 0.000061167074
0.600000000000 0.437500000000 0.000062909953
0.600000000000 0.450000000000 0.000064485454
0.600000000000 0.462500000000 0.000065827594
0.600000000000 0.475000000000 0.000066862930
0.600000000000 0.487500000000 0.000067520413
0.600000000000 0.500000000000 0.000067746345
0.600000000000 0.512500000000 0.000067520413
0.600000000000 0.525000000000 0.000066862930
0.600000000000 0.537500000000 0.000065827594
0.600000000000 0.550000000000 0.000064485454
0.600000000000 0.562500000000 0.000062909953
0.600000000000 0.575000000000 0.000061167074
0.600000000000 0.587500000000 0.000059311097
0.600000000000 0.600000000000 0.000057384032
0.600000000000 0.612500000000 0.000055416859
0.600000000000 0.625000000000 0.000053431681
0.600000000000 0.637500000000 0.000051443730
0.600000000000 0.650000000000 0.000049463163
0.600000000000 0.662500000000 0.000047496386
0.600000000000 0.675000000000 0.000045547241
0.600000000000 0.687500000000 0.000043617794
0.600000000000 0.700000000000 0.000041709165
0.600000000000 0.712500000000 0.000039821346
0.600000000000 0.725000000000 0.000037953954
0.600000000000 0.737500000000 0.000036106187
0.600000000000 0.750000000000 0.000034277154
0.600000000000 0.762500000000 0.000032465636
0.600000000000 0.775000000000 0.000030670532
0.600000000000 0.787500000000 0.000028890650
0.600000000000 0.800000000000 0.000027124925
0.600000000000 0.812500000000 0.000025372097
0.600000000000 0.825000000000 0.000023631171
0.600000000000 0.837500000000 0.000021901030
0.600000000000 0.850000000000 0.000020180736
0.600000000000 0.862500000000 0.000018469326
0.600000000000 0.875000000000 0.000016765985
0.600000000000 0.887500000000 0.000015069749
0.600000000000 0.900000000000 0.000013379837
0.600000000000 0.912500000000 0.000011695473
0.600000000000 0.925000000000 0.000010015878
0.600000000000 0.937500000000 0.000008340441
0.600000000000 0.950000000000 0.000006668393
0.600000000000 0.962500000000 0.000004999059
0.600000000000 0.975000000000 0.000003331665
0.600000000000 0.987500000000 0.000001665506
0.600000000000 1.000000000000 0.000000000000

0.612500000000 0.000000000000 0.000000000000
0.612500000000 0.012500000000 0.000001638403
0.612500000000 0.025000000000 0.000003277356
0.612500000000 0.037500000000 0.000004917434
0.612500000000 0.050000000000 0.000006559249
0.612500000000 0.062500000000 0.000008203443
0.612500000000 0.075000000000 0.000009850618
0.612500000000 0.087500000000 0.000011501444
0.612500000000 0.100000000000 0.000013156407
0.612500000000 0.112500000000 0.000014816189
0.612500000000 0.125000000000 0.000016481512
0.612500000000 0.137500000000 0.000018152963
0.612500000000 0.150000000000 0.000019831244
0.612500000000 0.162500000000 0.000021517087
0.612500000000 0.175000000000 0.000023211259
0.612500000000 0.187500000000 0.000024914421
0.612500000000 0.200000000000 0.000026627415
0.612500000000 0.212500000000 0.000028350953
0.612500000000 0.225000000000 0.000030085856
0.612500000000 0.237500000000 0.000031832785
0.612500000000 0.250000000000 0.000033592370
0.612500000000 0.262500000000 0.000035365098
0.612500000000 0.275000000000 0.000037151352
0.612500000000 0.287500000000 0.000038951261
0.612500000000 0.300000000000 0.000040764603
0.612500000000 0.312500000000 0.000042590556
0.612500000000 0.325000000000 0.000044427789
0.612500000000 0.337500000000 0.000046273696
0.612500000000 0.350000000000 0.000048124400
0.612500000000 0.362500000000 0.000049974218
0.612500000000 0.375000000000 0.000051814860
0.612500000000 0.387500000000 0.000053634494
0.612500000000 0.400000000000 0.000055416859
0.612500000000 0.412500000000 0.000057139952
0.612500000000 0.425000000000 0.000058775043
0.612500000000 0.437500000000 0.000060285801
0.612500000000 0.450000000000 0.000061628208
0.612500000000 0.462500000000 0.000062752173
0.612500000000 0.475000000000 0.000063605417
0.612500000000 0.487500000000 0.000064140368
0.612500000000 0.500000000000 0.000064322853
0.612500000000 0.512500000000 0.000064140368
0.612500000000 0.525000000000 0.000063605417
0.612500000000 0.537500000000 0.000062752173
0.612500000000 0.550000000000 0.000061628208
0.612500000000 0.562500000000 0.000060285801
0.612500000000 0.575000000000 0.000058775043
0.612500000000 0.587500000000 0.000057139952
0.612500000000 0.600000000000 0.000055416859
0.612500000000 0.612500000000 0.000053634494
0.612500000000 0.625000000000 0.000051814860
0.612500000000 0.637500000000 0.000049974218
0.612500000000 0.650000000000 0.000048124400
0.612500000000 0.662500000000 0.000046273696
0.612500000000 0.675000000000 0.000044427789
0.612500000000 0.687500000000 0.000042590556
0.612500000000 0.700000000000 0.000040764603
0.612500000000 0.712500000000 0.000038951261
0.612500000000 0.725000000000 0.000037151352
0.612500000000 0.737500000000 0.000035365098
0.612500000000 0.750000000000 0.000033592370
0.612500000000 0.762500000000 0.000031832785
0.612500000000 0.775000000000 0.000030085856
0.612500000000 0.787500000000 0.000028350953
0.612500000000 0.800000000000 0.000026627415
0.612500000000 0.812500000000 0.000024914421
0.612500000000 0.825000000000 0.000023211259
0.612500000000 0.837500000000 0.000021517087
0.612500000000 0.850000000000 0.000019831244
0.612500000000 0.862500000000 0.000018152963
0.612500000000 0.875000000000 0.000016481512
0.612500000000 0.887500000000 0.000014816189
0.612500000000 0.900000000000 0.000013156407
0.612500000000 0.912500000000 0.000011501444
0.612500000000 0.925000000000 0.000009850618
0.612500000000 0.937500000000 0.000008203443
0.612500000000 0.950000000000 0.000006559249
0.612500000000 0.962500000000 0.000004917434
0.612500000000 0.975000000000 0.000003277356
0.612500000000 0.987500000000 0.000001638403
0.612500000000 1.000000000000 0.000000000000

0.625000000000 0.000000000000 0.000000000000
0.625000000000 0.012500000000 0.000001608541
0.625000000000 0.025000000000 0.000003217547
0.625000000000 0.037500000000 0.000004827504
0.625000000000 0.050000000000 0.000006439011
0.625000000000 0.062500000000 0.000008052525
0.625000000000 0.075000000000 0.000009668579
0.625000000000 0.087500000000 0.000011287778
0.625000000000 0.100000000000 0.000012910491
0.625000000000 0.112500000000 0.000014537257
0.625000000000 0.125000000000 0.000016168652
0.625000000000 0.137500000000 0.000017805182
0.625000000000 0.150000000000 0.000019447350
0.625000000000 0.162500000000 0.000021095742
0.625000000000 0.175000000000 0.000022750887
0.625000000000 0.187500000000 0.000024413237
0.625000000000 0.200000000000 0.000026083299
0.625000000000 0.212500000000 0.000027761510
0.625000000000 0.225000000000 0.000029448308
0.625000000000 0.237500000000 0.000031143951
0.625000000000 0.250000000000 0.000032848574
0.625000000000 0.262500000000 0.000034562103
0.625000000000 0.275000000000 0.000036284235
0.625000000000 0.287500000000 0.000038014330
0.625000000000 0.300000000000 0.000039751360
0.625000000000 0.312500000000 0.000041493529
0.625000000000 0.325000000000 0.000043238375
0.625000000000 0.337500000000 0.000044982228
0.625000000000 0.350000000000 0.000046719944
0.625000000000 0.362500000000 0.000048444700
0.625000000000 0.375000000000 0.000050147147
0.625000000000 0.387500000000 0.000051814860
0.625000000000 0.400000000000 0.000053431681
0.625000000000 0.412500000000 0.000054976966
0.625000000000 0.425000000000 0.000056425143
0.625000000000 0.437500000000 0.000057745545
0.625000000000 0.450000000000 0.000058902938
0.625000000000 0.462500000000 0.000059859218
0.625000000000 0.475000000000 0.000060576648
0.625000000000 0.487500000000 0.000061022416
0.625000000000 0.500000000000 0.000061173731
0.625000000000 0.512500000000 0.000061022416
0.625000000000 0.525000000000 0.000060576648
0.625000000000 0.537500000000 0.000059859218
0.625000000000 0.550000000000 0.000058902938
0.625000000000 0.562500000000 0.000057745545
0.625000000000 0.575000000000 0.000056425143
0.625000000000 0.587500000000 0.000054976966
0.625000000000 0.600000000000 0.000053431681
0.625000000000 0.612500000000 0.000051814860
0.625000000000 0.625000000000 0.000050147147
0.625000000000 0.637500000000 0.000048444700
0.625000000000 0.650000000000 0.000046719944
0.625000000000 0.662500000000 0.000044982228
0.625000000000 0.675000000000 0.000043238375
0.625000000000 0.687500000000 0.000041493529
0.625000000000 0.700000000000 0.000039751360
0.625000000000 0.712500000000 0.000038014330
0.625000000000 0.725000000000 0.000036284235
0.625000000000 0.737500000000 0.000034562103
0.625000000000 0.750000000000 0.000032848574
0.625000000000 0.762500000000 0.000031143951
0.625000000000 0.775000000000 0.000029448308
0.625000000000 0.787500000000 0.000027761510
0.625000000000 0.800000000000 0.000026083299
0.625000000000 0.812500000000 0.000024413237
0.625000000000 0.825000000000 0.000022750887
0.625000000000 0.837500000000 0.000021095742
0.625000000000 0.850000000000 0.000019447350
0.625000000000 0.862500000000 0.000017805182
0.625000000000 0.875000000000 0.000016168652
0.625000000000 0.887500000000 0.000014537257
0.625000000000 0.900000000000 0.000012910491
0.625000000000 0.912500000000 0.000011287778
0.625000000000 0.925000000000 0.000009668579
0.625000000000 0.937500000000 0.000008052525
0.625000000000 0.950000000000 0.000006439011
0.625000000000 0.962500000000 0.000004827504
0.625000000000 0.975000000000 0.000003217547
0.625000000000 0.987500000000 0.000001608541
0.625000000000 1.000000000000 0.000000000000

0.637500000000 0.000000000000 0.000000000000
0.637500000000 0.012500000000 0.000001575989
0.637500000000 0.025000000000 0.000003152397
0.637500000000 0.037500000000 0.000004729602
0.637500000000 0.050000000000 0.000006308077
0.637500000000 0.062500000000 0.000007888222
0.637500000000 0.075000000000 0.000009470480
0.637500000000 0.087500000000 0.000011055329
0.637500000000 0.100000000000 0.000012643084
0.637500000000 0.112500000000 0.000014234118
0.637500000000 0.125000000000 0.000015828853
0.637500000000 0.137500000000 0.000017427690
0.637500000000 0.150000000000 0.000019030992
0.637500000000 0.162500000000 0.000020639151
0.637500000000 0.175000000000 0.000022252498
0.637500000000 0.187500000000 0.000023871292
0.637500000000 0.200000000000 0.000025495667
0.637500000000 0.212500000000 0.000027125896
0.637500000000 0.225000000000 0.000028761966
0.637500000000 0.237500000000 0.000030403844
0.637500000000 0.250000000000 0.000032051155
0.637500000000 0.262500000000 0.000033703331
0.637500000000 0.275000000000 0.000035359481
0.637500000000 0.287500000000 0.000037018452
0.637500000000 0.300000000000 0.000038678366
0.637500000000 0.312500000000 0.000040336827
0.637500000000 0.325000000000 0.000041990447
0.637500000000 0.337500000000 0.000043634800
0.637500000000 0.350000000000 0.000045264020
0.637500000000 0.362500000000 0.000046870568
0.637500000000 0.375000000000 0.000048444700
0.637500000000 0.387500000000 0.000049974218
0.637500000000 0.400000000000 0.000051443730
0.637500000000 0.412500000000 0.000052834452
0.637500000000 0.425000000000 0.000054124268
0.637500000000 0.437500000000 0.000055287562
0.637500000000 0.450000000000 0.000056296210
0.637500000000 0.462500000000 0.000057121124
0.637500000000 0.475000000000 0.000057734556
0.637500000000 0.487500000000 0.000058113195
0.637500000000 0.500000000000 0.000058241270
0.637500000000 0.512500000000 0.000058113195
0.637500000000 0.525000000000 0.000057734556
0.637500000000 0.537500000000 0.000057121124
0.637500000000 0.550000000000 0.000056296210
0.637500000000 0.562500000000 0.000055287562
0.637500000000 0.575000000000 0.000054124268
0.637500000000 0.587500000000 0.000052834452
0.637500000000 0.600000000000 0.000051443730
0.637500000000 0.612500000000 0.000049974218
0.637500000000 0.625000000000 0.000048444700
0.637500000000 0.637500000000 0.000046870568
0.637500000000 0.650000000000 0.000045264020
0.637500000000 0.662500000000 0.000043634800
0.637500000000 0.675000000000 0.000041990447
0.637500000000 0.687500000000 0.000040336827
0.637500000000 0.700000000000 0.000038678366
0.637500000000 0.712500000000 0.000037018452
0.637500000000 0.725000000000 0.000035359481
0.637500000000 0.737500000000 0.000033703331
0.637500000000 0.750000000000 0.000032051155
0.637500000000 0.762500000000 0.000030403844
0.637500000000 0.775000000000 0.000028761966
0.637500000000 0.787500000000 0.000027125896
0.637500000000 0.800000000000 0.000025495667
0.637500000000 0.812500000000 0.000023871292
0.637500000000 0.825000000000 0.000022252498
0.637500000000 0.837500000000 0.000020639151
0.637500000000 0.850000000000 0.000019030992
0.637500000000 0.862500000000 0.000017427690
0.637500000000 0.875000000000 0.000015828853
0.637500000000 0.887500000000 0.000014234118
0.637500000000 0.900000000000 0.000012643084
0.637500000000 0.912500000000 0.000011055329
0.637500000000 0.925000000000 0.000009470480
0.637500000000 0.937500000000 0.000007888222
0.637500000000 0.950000000000 0.000006308077
0.637500000000 0.962500000000 0.000004729602
0.637500000000 0.975000000000 0.000003152397
0.637500000000 0.987500000000 0.000001575989
0.637500000000 1.000000000000 0.000000000000

0.650000000000 0.000000000000 0.000000000000
0.650000000000 0.012500000000 0.000001540928
0.650000000000 0.025000000000 0.000003082192
0.650000000000 0.037500000000 0.000004624076
0.650000000000 0.050000000000 0.000006166987
0.650000000000 0.062500000000 0.000007711236
0.650000000000 0.075000000000 0.000009257183
0.650000000000 0.087500000000 0.000010805127
0.650000000000 0.100000000000 0.000012355315
0.650000000000 0.112500000000 0.000013908072
0.650000000000 0.125000000000 0.000015463604
0.650000000000 0.137500000000 0.000017022210
0.650000000000 0.150000000000 0.000018584118
0.650000000000 0.162500000000 0.000020149527
0.650000000000 0.175000000000 0.000021718605
0.650000000000 0.187500000000 0.000023291389
0.650000000000 0.200000000000 0.000024867757
0.650000000000 0.212500000000 0.000026447674
0.650000000000 0.225000000000 0.000028030893
0.650000000000 0.237500000000 0.000029617007
0.650000000000 0.250000000000 0.000031205253
0.650000000000 0.262500000000 0.000032794590
0.650000000000 0.275000000000 0.000034383754
0.650000000000 0.287500000000 0.000035971000
0.650000000000 0.300000000000 0.000037553957
0.650000000000 0.312500000000 0.000039129587
0.650000000000 0.325000000000 0.000040693985
0.650000000000 0.337500000000 0.000042242312
0.650000000000 0.350000000000 0.000043768266
0.650000000000 0.362500000000 0.000045264020
0.650000000000 0.375000000000 0.000046719944
0.650000000000 0.387500000000 0.000048124400
0.650000000000 0.400000000000 0.000049463163
0.650000000000 0.412500000000 0.000050719559
0.650000000000 0.425000000000 0.000051874590
0.650000000000 0.437500000000 0.000052907070
0.650000000000 0.450000000000 0.000053794578
0.650000000000 0.462500000000 0.000054514654
0.650000000000 0.475000000000 0.000055046536
0.650000000000 0.487500000000 0.000055373244
0.650000000000 0.500000000000 0.000055483471
0.650000000000 0.512500000000 0.000055373244
0.650000000000 0.525000000000 0.000055046536
0.650000000000 0.537500000000 0.000054514654
0.650000000000 0.550000000000 0.000053794578
0.650000000000 0.562500000000 0.000052907070
0.650000000000 0.575000000000 0.000051874590
0.650000000000 0.587500000000 0.000050719559
0.650000000000 0.600000000000 0.000049463163
0.650000000000 0.612500000000 0.000048124400
0.650000000000 0.625000000000 0.000046719944
0.650000000000 0.637500000000 0.000045264020
0.650000000000 0.650000000000 0.000043768266
0.650000000000 0.662500000000 0.000042242312
0.650000000000 0.675000000000 0.000040693985
0.650000000000 0.687500000000 0.000039129587
0.650000000000 0.700000000000 0.000037553957
0.650000000000 0.712500000000 0.000035971000
0.650000000000 0.725000000000 0.000034383754
0.650000000000 0.737500000000 0.000032794590
0.650000000000 0.750000000000 0.000031205253
0.650000000000 0.762500000000 0.000029617007
0.650000000000 0.775000000000 0.000028030893
0.650000000000 0.787500000000 0.000026447674
0.650000000000 0.800000000000 0.000024867757
0.650000000000 0.812500000000 0.000023291389
0.650000000000 0.825000000000 0.000021718605
0.650000000000 0.837500000000 0.000020149527
0.650000000000 0.850000000000 0.000018584118
0.650000000000 0.862500000000 0.000017022210
0.650000000000 0.875000000000 0.000015463604
0.650000000000 0.887500000000 0.000013908072
0.650000000000 0.900000000000 0.000012355315
0.650000000000 0.912500000000 0.000010805127
0.650000000000 0.925000000000 0.000009257183
0.650000000000 0.937500000000 0.000007711236
0.650000000000 0.950000000000 0.000006166987
0.650000000000 0.962500000000 0.000004624076
0.650000000000 0.975000000000 0.000003082192
0.650000000000 0.987500000000 0.000001540928
0.650000000000 1.000000000000 0.000000000000

0.662500000000 0.000000000000 0.000000000000
0.662500000000 0.012500000000 0.000001503433
0.662500000000 0.025000000000 0.000003007129
0.662500000000 0.037500000000 0.000004511344
0.662500000000 0.050000000000 0.000006016289
0.662500000000 0.062500000000 0.000007522245
0.662500000000 0.075000000000 0.000009029471
0.662500000000 0.087500000000 0.000010538124
0.662500000000 0.100000000000 0.000012048371
0.662500000000 0.112500000000 0.000013560429
0.662500000000 0.125000000000 0.000015074416
0.662500000000 0.137500000000 0.000016590482
0.662500000000 0.150000000000 0.000018108720
0.662500000000 0.162500000000 0.000019629145
0.662500000000 0.175000000000 0.000021151749
0.662500000000 0.187500000000 0.000022676364
0.662500000000 0.200000000000 0.000024202723
0.662500000000 0.212500000000 0.000025730492
0.662500000000 0.225000000000 0.000027259118
0.662500000000 0.237500000000 0.000028787891
0.662500000000 0.250000000000 0.000030315789
0.662500000000 0.262500000000 0.000031841412
0.662500000000 0.275000000000 0.000033363111
0.662500000000 0.287500000000 0.000034878701
0.662500000000 0.300000000000 0.000036385422
0.662500000000 0.312500000000 0.000037879855
0.662500000000 0.325000000000 0.000039357776
0.662500000000 0.337500000000 0.000040814050
0.662500000000 0.350000000000 0.000042242312
0.662500000000 0.362500000000 0.000043634800
0.662500000000 0.375000000000 0.000044982228
0.662500000000 0.387500000000 0.000046273696
0.662500000000 0.400000000000 0.000047496386
0.662500000000 0.412500000000 0.000048635660
0.662500000000 0.425000000000 0.000049675342
0.662500000000 0.437500000000 0.000050597944
0.662500000000 0.450000000000 0.000051385489
0.662500000000 0.462500000000 0.000052020440
0.662500000000 0.475000000000 0.000052486975
0.662500000000 0.487500000000 0.000052772475
0.662500000000 0.500000000000 0.000052868615
0.662500000000 0.512500000000 0.000052772475
0.662500000000 0.525000000000 0.000052486975
0.662500000000 0.537500000000 0.000052020440
0.662500000000 0.550000000000 0.000051385489
0.662500000000 0.562500000000 0.000050597944
0.662500000000 0.575000000000 0.000049675342
0.662500000000 0.587500000000 0.000048635660
0.662500000000 0.600000000000 0.000047496386
0.662500000000 0.612500000000 0.000046273696
0.662500000000 0.625000000000 0.000044982228
0.662500000000 0.637500000000 0.000043634800
0.662500000000 0.650000000000 0.000042242312
0.662500000000 0.662500000000 0.000040814050
0.662500000000 0.675000000000 0.000039357776
0.662500000000 0.687500000000 0.000037879855
0.662500000000 0.700000000000 0.000036385422
0.662500000000 0.712500000000 0.000034878701
0.662500000000 0.725000000000 0.000033363111
0.662500000000 0.737500000000 0.000031841412
0.662500000000 0.750000000000 0.000030315789
0.662500000000 0.762500000000 0.000028787891
0.662500000000 0.775000000000 0.000027259118
0.662500000000 0.787500000000 0.000025730492
0.662500000000 0.800000000000 0.000024202723
0.662500000000 0.812500000000 0.000022676364
0.662500000000 0.825000000000 0.000021151749
0.662500000000 0.837500000000 0.000019629145
0.662500000000 0.850000000000 0.000018108720
0.662500000000 0.862500000000 0.000016590482
0.662500000000 0.875000000000 0.000015074416
0.662500000000 0.887500000000 0.000013560429
0.662500000000 0.900000000000 0.000012048371
0.662500000000 0.912500000000 0.000010538124
0.662500000000 0.925000000000 0.000009029471
0.662500000000 0.937500000000 0.000007522245
0.662500000000 0.950000000000 0.000006016289
0.662500000000 0.962500000000 0.000004511344
0.662500000000 0.975000000000 0.000003007129
0.662500000000 0.987500000000 0.000001503433
0.662500000000 1.000000000000 0.000000000000

0.675000000000 0.000000000000 0.000000000000
0.675000000000 0.012500000000 0.000001463649
0.675000000000 0.025000000000 0.000002927490
0.675000000000 0.037500000000 0.000004391730
0.675000000000 0.050000000000 0.000005856462
0.675000000000 0.062500000000 0.000007321863
0.675000000000 0.075000000000 0.000008788102
0.675000000000 0.087500000000 0.000010255255
0.675000000000 0.100000000000 0.000011723353
0.675000000000 0.112500000000 0.000013192541
0.675000000000 0.125000000000 0.000014662830
0.675000000000 0.137500000000 0.000016134228
0.675000000000 0.150000000000 0.000017606728
0.675000000000 0.162500000000 0.000019080173
0.675000000000 0.175000000000 0.000020554406
0.675000000000 0.187500000000 0.000022029026
0.675000000000 0.200000000000 0.000023503641
0.675000000000 0.212500000000 0.000024977657
0.675000000000 0.225000000000 0.000026450354
0.675000000000 0.237500000000 0.000027920685
0.675000000000 0.250000000000 0.000029387382
0.675000000000 0.262500000000 0.000030848817
0.675000000000 0.275000000000 0.000032303041
0.675000000000 0.287500000000 0.000033747523
0.675000000000 0.300000000000 0.000035179287
0.675000000000 0.312500000000 0.000036594676
0.675000000000 0.325000000000 0.000037989294
0.675000000000 0.337500000000 0.000039357776
0.675000000000 0.350000000000 0.000040693985
0.675000000000 0.362500000000 0.000041990447
0.675000000000 0.375000000000 0.000043238375
0.675000000000 0.387500000000 0.000044427789
0.675000000000 0.400000000000 0.000045547241
0.675000000000 0.412500000000 0.000046583956
0.675000000000 0.425000000000 0.000047524247
0.675000000000 0.437500000000 0.000048353641
0.675000000000 0.450000000000 0.000049057579
0.675000000000 0.462500000000 0.000049622283
0.675000000000 0.475000000000 0.000050035497
0.675000000000 0.487500000000 0.000050287590
0.675000000000 0.500000000000 0.000050372332
0.675000000000 0.512500000000 0.000050287590
0.675000000000 0.525000000000 0.000050035497
0.675000000000 0.537500000000 0.000049622283
0.675000000000 0.550000000000 0.000049057579
0.675000000000 0.562500000000 0.000048353641
0.675000000000 0.575000000000 0.000047524247
0.675000000000 0.587500000000 0.000046583956
0.675000000000 0.600000000000 0.000045547241
0.675000000000 0.612500000000 0.000044427789
0.675000000000 0.625000000000 0.000043238375
0.675000000000 0.637500000000 0.000041990447
0.675000000000 0.650000000000 0.000040693985
0.675000000000 0.662500000000 0.000039357776
0.675000000000 0.675000000000 0.000037989294
0.675000000000 0.687500000000 0.000036594676
0.675000000000 0.700000000000 0.000035179287
0.675000000000 0.712500000000 0.000033747523
0.675000000000 0.725000000000 0.000032303041
0.675000000000 0.737500000000 0.000030848817
0.675000000000 0.750000000000 0.000029387382
0.675000000000 0.762500000000 0.000027920685
0.675000000000 0.775000000000 0.000026450354
0.675000000000 0.787500000000 0.000024977657
0.675000000000 0.800000000000 0.000023503641
0.675000000000 0.812500000000 0.000022029026
0.675000000000 0.825000000000 0.000020554406
0.675000000000 0.837500000000 0.000019080173
0.675000000000 0.850000000000 0.000017606728
0.675000000000 0.862500000000 0.000016134228
0.675000000000 0.875000000000 0.000014662830
0.675000000000 0.887500000000 0.000013192541
0.675000000000 0.900000000000 0.000011723353
0.675000000000 0.912500000000 0.000010255255
0.675000000000 0.925000000000 0.000008788102
0.675000000000 0.937500000000 0.000007321863
0.675000000000 0.950000000000 0.000005856462
0.675000000000 0.962500000000 0.000004391730
0.675000000000 0.975000000000 0.000002927490
0.675000000000 0.987500000000 0.000001463649
0.675000000000 1.000000000000 0.000000000000

0.687500000000 0.000000000000 0.000000000000
0.687500000000 0.012500000000 0.000001421729
0.687500000000 0.025000000000 0.000002843581
0.687500000000 0.037500000000 0.000004265672
0.687500000000 0.050000000000 0.000005688032
0.687500000000 0.062500000000 0.000007110750
0.687500000000 0.075000000000 0.000008533863
0.687500000000 0.087500000000 0.000009957433
0.687500000000 0.100000000000 0.000011381394
0.687500000000 0.112500000000 0.000012805739
0.687500000000 0.125000000000 0.000014230371
0.687500000000 0.137500000000 0.000015655203
0.687500000000 0.150000000000 0.000017080135
0.687500000000 0.162500000000 0.000018504800
0.687500000000 0.175000000000 0.000019928936
0.687500000000 0.187500000000 0.000021352035
0.687500000000 0.200000000000 0.000022773496
0.687500000000 0.212500000000 0.000024192489
0.687500000000 0.225000000000 0.000025608186
0.687500000000 0.237500000000 0.000027019306
0.687500000000 0.250000000000 0.000028424335
0.687500000000 0.262500000000 0.000029821515
0.687500000000 0.275000000000 0.000031208630
0.687500000000 0.287500000000 0.000032582963
0.687500000000 0.300000000000 0.000033941388
0.687500000000 0.312500000000 0.000035280079
0.687500000000 0.325000000000 0.000036594676
0.687500000000 0.337500000000 0.000037879855
0.687500000000 0.350000000000 0.000039129587
0.687500000000 0.362500000000 0.000040336827
0.687500000000 0.375000000000 0.000041493529
0.687500000000 0.387500000000 0.000042590556
0.687500000000 0.400000000000 0.000043617794
0.687500000000 0.412500000000 0.000044564249
0.687500000000 0.425000000000 0.000045418241
0.687500000000 0.437500000000 0.000046167717
0.687500000000 0.450000000000 0.000046800900
0.687500000000 0.462500000000 0.000047306804
0.687500000000 0.475000000000 0.000047675757
0.687500000000 0.487500000000 0.000047900334
0.687500000000 0.500000000000 0.000047975745
0.687500000000 0.512500000000 0.000047900334
0.687500000000 0.525000000000 0.000047675757
0.687500000000 0.537500000000 0.000047306804
0.687500000000 0.550000000000 0.000046800900
0.687500000000 0.562500000000 0.000046167717
0.687500000000 0.575000000000 0.000045418241
0.687500000000 0.587500000000 0.000044564249
0.687500000000 0.600000000000 0.000043617794
0.687500000000 0.612500000000 0.000042590556
0.687500000000 0.625000000000 0.000041493529
0.687500000000 0.637500000000 0.000040336827
0.687500000000 0.650000000000 0.000039129587
0.687500000000 0.662500000000 0.000037879855
0.687500000000 0.675000000000 0.000036594676
0.687500000000 0.687500000000 0.000035280079
0.687500000000 0.700000000000 0.000033941388
0.687500000000 0.712500000000 0.000032582963
0.687500000000 0.725000000000 0.000031208630
0.687500000000 0.737500000000 0.000029821515
0.687500000000 0.750000000000 0.000028424335
0.687500000000 0.762500000000 0.000027019306
0.687500000000 0.775000000000 0.000025608186
0.687500000000 0.787500000000 0.000024192489
0.687500000000 0.800000000000 0.000022773496
0.687500000000 0.812500000000 0.000021352035
0.687500000000 0.825000000000 0.000019928936
0.687500000000 0.837500000000 0.000018504800
0.687500000000 0.850000000000 0.000017080135
0.687500000000 0.862500000000 0.000015655203
0.687500000000 0.875000000000 0.000014230371
0.687500000000 0.887500000000 0.000012805739
0.687500000000 0.900000000000 0.000011381394
0.687500000000 0.912500000000 0.000009957433
0.687500000000 0.925000000000 0.000008533863
0.687500000000 0.937500000000 0.000007110750
0.687500000000 0.950000000000 0.000005688032
0.687500000000 0.962500000000 0.000004265672
0.687500000000 0.975000000000 0.000002843581
0.687500000000 0.987500000000 0.000001421729
0.687500000000 1.000000000000 0.000000000000

0.700000000000 0.000000000000 0.000000000000
0.700000000000 0.012500000000 0.000001377795
0.700000000000 0.025000000000 0.000002755615
0.700000000000 0.037500000000 0.000004133577
0.700000000000 0.050000000000 0.000005511569
0.700000000000 0.062500000000 0.000006889606
0.700000000000 0.075000000000 0.000008267658
0.700000000000 0.087500000000 0.000009645697
0.700000000000 0.100000000000 0.000011023625
0.700000000000 0.112500000000 0.000012401299
0.700000000000 0.125000000000 0.000013778510
0.700000000000 0.137500000000 0.000015155067
0.700000000000 0.150000000000 0.000016530746
0.700000000000 0.162500000000 0.000017905087
0.700000000000 0.175000000000 0.000019277709
0.700000000000 0.187500000000 0.000020647989
0.700000000000 0.200000000000 0.000022015142
0.700000000000 0.212500000000 0.000023378194
0.700000000000 0.225000000000 0.000024736118
0.700000000000 0.237500000000 0.000026087495
0.700000000000 0.250000000000 0.000027430705
0.700000000000 0.262500000000 0.000028763819
0.700000000000 0.275000000000 0.000030084458
0.700000000000 0.287500000000 0.000031389823
0.700000000000 0.300000000000 0.000032676780
0.700000000000 0.312500000000 0.000033941388
0.700000000000 0.325000000000 0.000035179287
0.700000000000 0.337500000000 0.000036385422
0.700000000000 0.350000000000 0.000037553957
0.700000000000 0.362500000000 0.000038678366
0.700000000000 0.375000000000 0.000039751360
0.700000000000 0.387500000000 0.000040764603
0.700000000000 0.400000000000 0.000041709165
0.700000000000 0.412500000000 0.000042575574
0.700000000000 0.425000000000 0.000043353960
0.700000000000 0.437500000000 0.000044034300
0.700000000000 0.450000000000 0.000044606883
0.700000000000 0.462500000000 0.000045062837
0.700000000000 0.475000000000 0.000045394479
0.700000000000 0.487500000000 0.000045595969
0.700000000000 0.500000000000 0.000045663561
0.700000000000 0.512500000000 0.000045595969
0.700000000000 0.525000000000 0.000045394479
0.700000000000 0.537500000000 0.000045062837
0.700000000000 0.550000000000 0.000044606883
0.700000000000 0.562500000000 0.000044034300
0.700000000000 0.575000000000 0.000043353960
0.700000000000 0.587500000000 0.000042575574
0.700000000000 0.600000000000 0.000041709165
0.700000000000 0.612500000000 0.000040764603
0.700000000000 0.625000000000 0.000039751360
0.700000000000 0.637500000000 0.000038678366
0.700000000000 0.650000000000 0.000037553957
0.700000000000 0.662500000000 0.000036385422
0.700000000000 0.675000000000 0.000035179287
0.700000000000 0.687500000000 0.000033941388
0.700000000000 0.700000000000 0.000032676780
0.700000000000 0.712500000000 0.000031389823
0.700000000000 0.725000000000 0.000030084458
0.700000000000 0.737500000000 0.000028763819
0.700000000000 0.750000000000 0.000027430705
0.700000000000 0.762500000000 0.000026087495
0.700000000000 0.775000000000 0.000024736118
0.700000000000 0.787500000000 0.000023378194
0.700000000000 0.800000000000 0.000022015142
0.700000000000 0.812500000000 0.000020647989
0.700000000000 0.825000000000 0.000019277709
0.700000000000 0.837500000000 0.000017905087
0.700000000000 0.850000000000 0.000016530746
0.700000000000 0.862500000000 0.000015155067
0.700000000000 0.875000000000 0.000013778510
0.700000000000 0.887500000000 0.000012401299
0.700000000000 0.900000000000 0.000011023625
0.700000000000 0.912500000000 0.000009645697
0.700000000000 0.925000000000 0.000008267658
0.700000000000 0.937500000000 0.000006889606
0.700000000000 0.950000000000 0.000005511569
0.700000000000 0.962500000000 0.000004133577
0.700000000000 0.975000000000 0.000002755615
0.700000000000 0.987500000000 0.000001377795
0.700000000000 1.000000000000 0.000000000000

0.712500000000 0.000000000000 0.000000000000
0.712500000000 0.012500000000 0.000001331981
0.712500000000 0.025000000000 0.000002663902
0.712500000000 0.037500000000 0.000003995789
0.712500000000 0.050000000000 0.000005327529
0.712500000000 0.062500000000 0.000006659061
0.712500000000 0.075000000000 0.000007990259
0.712500000000 0.087500000000 0.000009321037
0.712500000000 0.100000000000 0.000010651199
0.712500000000 0.112500000000 0.000011980474
0.712500000000 0.125000000000 0.000013308642
0.712500000000 0.137500000000 0.000014635375
0.712500000000 0.150000000000 0.000015960328
0.712500000000 0.162500000000 0.000017283026
0.712500000000 0.175000000000 0.000018602896
0.712500000000 0.187500000000 0.000019919295
0.712500000000 0.200000000000 0.000021231176
0.712500000000 0.212500000000 0.000022537566
0.712500000000 0.225000000000 0.000023837212
0.712500000000 0.237500000000 0.000025128616
0.712500000000 0.250000000000 0.000026410108
0.712500000000 0.262500000000 0.000027679620
0.712500000000 0.275000000000 0.000028934661
0.712500000000 0.287500000000 0.000030172467
0.712500000000 0.300000000000 0.000031389823
0.712500000000 0.312500000000 0.000032582963
0.712500000000 0.325000000000 0.000033747523
0.712500000000 0.337500000000 0.000034878701
0.712500000000 0.350000000000 0.000035971000
0.712500000000 0.362500000000 0.000037018452
0.712500000000 0.375000000000 0.000038014330
0.712500000000 0.387500000000 0.000038951261
0.712500000000 0.400000000000 0.000039821346
0.712500000000 0.412500000000 0.000040616396
0.712500000000 0.425000000000 0.000041328092
0.712500000000 0.437500000000 0.000041947972
0.712500000000 0.450000000000 0.000042468044
0.712500000000 0.462500000000 0.000042881011
0.712500000000 0.475000000000 0.000043180743
0.712500000000 0.487500000000 0.000043362617
0.712500000000 0.500000000000 0.000043423577
0.712500000000 0.512500000000 0.000043362617
0.712500000000 0.525000000000 0.000043180743
0.712500000000 0.537500000000 0.000042881011
0.712500000000 0.550000000000 0.000042468044
0.712500000000 0.562500000000 0.000041947972
0.712500000000 0.575000000000 0.000041328092
0.712500000000 0.587500000000 0.000040616396
0.712500000000 0.600000000000 0.000039821346
0.712500000000 0.612500000000 0.000038951261
0.712500000000 0.625000000000 0.000038014330
0.712500000000 0.637500000000 0.000037018452
0.712500000000 0.650000000000 0.000035971000
0.712500000000 0.662500000000 0.000034878701
0.712500000000 0.675000000000 0.000033747523
0.712500000000 0.687500000000 0.000032582963
0.712500000000 0.700000000000 0.000031389823
0.712500000000 0.712500000000 0.000030172467
0.712500000000 0.725000000000 0.000028934661
0.712500000000 0.737500000000 0.000027679620
0.712500000000 0.750000000000 0.000026410108
0.712500000000 0.762500000000 0.000025128616
0.712500000000 0.775000000000 0.000023837212
0.712500000000 0.787500000000 0.000022537566
0.712500000000 0.800000000000 0.000021231176
0.712500000000 0.812500000000 0.000019919295
0.712500000000 0.825000000000 0.000018602896
0.712500000000 0.837500000000 0.000017283026
0.712500000000 0.850000000000 0.000015960328
0.712500000000 0.862500000000 0.000014635375
0.712500000000 0.875000000000 0.000013308642
0.712500000000 0.887500000000 0.000011980474
0.712500000000 0.900000000000 0.000010651199
0.712500000000 0.912500000000 0.000009321037
0.712500000000 0.925000000000 0.000007990259
0.712500000000 0.937500000000 0.000006659061
0.712500000000 0.950000000000 0.000005327529
0.712500000000 0.962500000000 0.000003995789
0.712500000000 0.975000000000 0.000002663902
0.712500000000 0.987500000000 0.000001331981
0.712500000000 1.000000000000 0.000000000000

0.725000000000 0.000000000000 0.000000000000
0.725000000000 0.012500000000 0.000001284395
0.725000000000 0.025000000000 0.000002568640
0.725000000000 0.037500000000 0.000003852725
0.725000000000 0.050000000000 0.000005136498
0.725000000000 0.062500000000 0.000006419817
0.725000000000 0.075000000000 0.000007702565
0.725000000000 0.087500000000 0.000008984483
0.725000000000 0.100000000000 0.000010265219
0.725000000000 0.112500000000 0.000011544606
0.725000000000 0.125000000000 0.000012822254
0.725000000000 0.137500000000 0.000014097762
0.725000000000 0.150000000000 0.000015370736
0.725000000000 0.162500000000 0.000016640584
0.725000000000 0.175000000000 0.000017906706
0.725000000000 0.187500000000 0.000019168229
0.725000000000 0.200000000000 0.000020424131
0.725000000000 0.212500000000 0.000021673282
0.725000000000 0.225000000000 0.000022914317
0.725000000000 0.237500000000 0.000024145751
0.725000000000 0.250000000000 0.000025365806
0.725000000000 0.262500000000 0.000026572357
0.725000000000 0.275000000000 0.000027762908
0.725000000000 0.287500000000 0.000028934661
0.725000000000 0.300000000000 0.000030084458
0.725000000000 0.312500000000 0.000031208630
0.725000000000 0.325000000000 0.000032303041
0.725000000000 0.337500000000 0.000033363111
0.725000000000 0.350000000000 0.000034383754
0.725000000000 0.362500000000 0.000035359481
0.725000000000 0.375000000000 0.000036284235
0.725000000000 0.387500000000 0.000037151352
0.725000000000 0.400000000000 0.000037953954
0.725000000000 0.412500000000 0.000038684972
0.725000000000 0.425000000000 0.000039337261
0.725000000000 0.437500000000 0.000039903801
0.725000000000 0.450000000000 0.000040377852
0.725000000000 0.462500000000 0.000040753443
0.725000000000 0.475000000000 0.000041025553
0.725000000000 0.487500000000 0.000041190424
0.725000000000 0.500000000000 0.000041245671
0.725000000000 0.512500000000 0.000041190424
0.725000000000 0.525000000000 0.000041025553
0.725000000000 0.537500000000 0.000040753443
0.725000000000 0.550000000000 0.000040377852
0.725000000000 0.562500000000 0.000039903801
0.725000000000 0.575000000000 0.000039337261
0.725000000000 0.587500000000 0.000038684972
0.725000000000 0.600000000000 0.000037953954
0.725000000000 0.612500000000 0.000037151352
0.725000000000 0.625000000000 0.000036284235
0.725000000000 0.637500000000 0.000035359481
0.725000000000 0.650000000000 0.000034383754
0.725000000000 0.662500000000 0.000033363111
0.725000000000 0.675000000000 0.000032303041
0.725000000000 0.687500000000 0.000031208630
0.725000000000 0.700000000000 0.000030084458
0.725000000000 0.712500000000 0.000028934661
0.725000000000 0.725000000000 0.000027762908
0.725000000000 0.737500000000 0.000026572357
0.725000000000 0.750000000000 0.000025365806
0.725000000000 0.762500000000 0.000024145751
0.725000000000 0.775000000000 0.000022914317
0.725000000000 0.787500000000 0.000021673282
0.725000000000 0.800000000000 0.000020424131
0.725000000000 0.812500000000 0.000019168229
0.725000000000 0.825000000000 0.000017906706
0.725000000000 0.837500000000 0.000016640584
0.725000000000 0.850000000000 0.000015370736
0.725000000000 0.862500000000 0.000014097762
0.725000000000 0.875000000000 0.000012822254
0.725000000000 0.887500000000 0.000011544606
0.725000000000 0.900000000000 0.000010265219
0.725000000000 0.912500000000 0.000008984483
0.725000000000 0.925000000000 0.000007702565
0.725000000000 0.937500000000 0.000006419817
0.725000000000 0.950000000000 0.000005136498
0.725000000000 0.962500000000 0.000003852725
0.725000000000 0.975000000000 0.000002568640
0.725000000000 0.987500000000 0.000001284395
0.725000000000 1.000000000000 0.000000000000

0.737500000000 0.000000000000 0.000000000000
0.737500000000 0.012500000000 0.000001235177
0.737500000000 0.025000000000 0.000002470153
0.737500000000 0.037500000000 0.000003704858
0.737500000000 0.050000000000 0.000004939083
0.737500000000 0.062500000000 0.000006172616
0.737500000000 0.075000000000 0.000007405309
0.737500000000 0.087500000000 0.000008636847
0.737500000000 0.100000000000 0.000009866814
0.737500000000 0.112500000000 0.000011094925
0.737500000000 0.125000000000 0.000012320733
0.737500000000 0.137500000000 0.000013543804
0.737500000000 0.150000000000 0.000014763662
0.737500000000 0.162500000000 0.000015979682
0.737500000000 0.175000000000 0.000017191093
0.737500000000 0.187500000000 0.000018397044
0.737500000000 0.200000000000 0.000019596370
0.737500000000 0.212500000000 0.000020787883
0.737500000000 0.225000000000 0.000021970219
0.737500000000 0.237500000000 0.000023141767
0.737500000000 0.250000000000 0.000024300775
0.737500000000 0.262500000000 0.000025445129
0.737500000000 0.275000000000 0.000026572357
0.737500000000 0.287500000000 0.000027679620
0.737500000000 0.300000000000 0.000028763819
0.737500000000 0.312500000000 0.000029821515
0.737500000000 0.325000000000 0.000030848817
0.737500000000 0.337500000000 0.000031841412
0.737500000000 0.350000000000 0.000032794590
0.737500000000 0.362500000000 0.000033703331
0.737500000000 0.375000000000 0.000034562103
0.737500000000 0.387500000000 0.000035365098
0.737500000000 0.400000000000 0.000036106187
0.737500000000 0.412500000000 0.000036779330
0.737500000000 0.425000000000 0.000037378407
0.737500000000 0.437500000000 0.000037897363
0.737500000000 0.450000000000 0.000038330696
0.737500000000 0.462500000000 0.000038673383
0.737500000000 0.475000000000 0.000038921278
0.737500000000 0.487500000000 0.000039071326
0.737500000000 0.500000000000 0.000039121556
0.737500000000 0.512500000000 0.000039071326
0.737500000000 0.525000000000 0.000038921278
0.737500000000 0.537500000000 0.000038673383
0.737500000000 0.550000000000 0.000038330696
0.737500000000 0.562500000000 0.000037897363
0.737500000000 0.575000000000 0.000037378407
0.737500000000 0.587500000000 0.000036779330
0.737500000000 0.600000000000 0.000036106187
0.737500000000 0.612500000000 0.000035365098
0.737500000000 0.625000000000 0.000034562103
0.737500000000 0.637500000000 0.000033703331
0.737500000000 0.650000000000 0.000032794590
0.737500000000 0.662500000000 0.000031841412
0.737500000000 0.675000000000 0.000030848817
0.737500000000 0.687500000000 0.000029821515
0.737500000000 0.700000000000 0.000028763819
0.737500000000 0.712500000000 0.000027679620
0.737500000000 0.725000000000 0.000026572357
0.737500000000 0.737500000000 0.000025445129
0.737500000000 0.750000000000 0.000024300775
0.737500000000 0.762500000000 0.000023141767
0.737500000000 0.775000000000 0.000021970219
0.737500000000 0.787500000000 0.000020787883
0.737500000000 0.800000000000 0.000019596370
0.737500000000 0.812500000000 0.000018397044
0.737500000000 0.825000000000 0.000017191093
0.737500000000 0.837500000000 0.000015979682
0.737500000000 0.850000000000 0.000014763662
0.737500000000 0.862500000000 0.000013543804
0.737500000000 0.875000000000 0.000012320733
0.737500000000 0.887500000000 0.000011094925
0.737500000000 0.900000000000 0.000009866814
0.737500000000 0.912500000000 0.000008636847
0.737500000000 0.925000000000 0.000007405309
0.737500000000 0.937500000000 0.000006172616
0.737500000000 0.950000000000 0.000004939083
0.737500000000 0.962500000000 0.000003704858
0.737500000000 0.975000000000 0.000002470153
0.737500000000 0.987500000000 0.000001235177
0.737500000000 1.000000000000 0.000000000000

0.750000000000 0.000000000000 0.000000000000
0.750000000000 0.012500000000 0.000001184487
0.750000000000 0.025000000000 0.000002368725
0.750000000000 0.037500000000 0.000003552562
0.750000000000 0.050000000000 0.000004735770
0.750000000000 0.062500000000 0.000005918136
0.750000000000 0.075000000000 0.000007099371
0.750000000000 0.087500000000 0.000008279098
0.750000000000 0.100000000000 0.000009456927
0.750000000000 0.112500000000 0.000010632533
0.750000000000 0.125000000000 0.000011805370
0.750000000000 0.137500000000 0.000012974949
0.750000000000 0.150000000000 0.000014140703
0.750000000000 0.162500000000 0.000015301969
0.750000000000 0.175000000000 0.000016457965
0.750000000000 0.187500000000 0.000017607707
0.750000000000 0.200000000000 0.000018750094
0.750000000000 0.212500000000 0.000019883775
0.750000000000 0.225000000000 0.000021007346
0.750000000000 0.237500000000 0.000022119286
0.750000000000 0.250000000000 0.000023217799
0.750000000000 0.262500000000 0.000024300775
0.750000000000 0.275000000000 0.000025365806
0.750000000000 0.287500000000 0.000026410108
0.750000000000 0.300000000000 0.000027430705
0.750000000000 0.312500000000 0.000028424335
0.750000000000 0.325000000000 0.000029387382
0.750000000000 0.337500000000 0.000030315789
0.750000000000 0.350000000000 0.000031205253
0.750000000000 0.362500000000 0.000032051155
0.750000000000 0.375000000000 0.000032848574
0.750000000000 0.387500000000 0.000033592370
0.750000000000 0.400000000000 0.000034277154
0.750000000000 0.412500000000 0.000034897649
0.750000000000 0.425000000000 0.000035448566
0.750000000000 0.437500000000 0.000035924785
0.750000000000 0.450000000000 0.000036321650
0.750000000000 0.462500000000 0.000036635046
0.750000000000 0.475000000000 0.000036861488
0.750000000000 0.487500000000 0.000036998407
0.750000000000 0.500000000000 0.000037044227
0.750000000000 0.512500000000 0.000036998407
0.750000000000 0.525000000000 0.000036861488
0.750000000000 0.537500000000 0.000036635046
0.750000000000 0.550000000000 0.000036321650
0.750000000000 0.562500000000 0.000035924785
0.750000000000 0.575000000000 0.000035448566
0.750000000000 0.587500000000 0.000034897649
0.750000000000 0.600000000000 0.000034277154
0.750000000000 0.612500000000 0.000033592370
0.750000000000 0.625000000000 0.000032848574
0.750000000000 0.637500000000 0.000032051155
0.750000000000 0.650000000000 0.000031205253
0.750000000000 0.662500000000 0.000030315789
0.750000000000 0.675000000000 0.000029387382
0.750000000000 0.687500000000 0.000028424335
0.750000000000 0.700000000000 0.000027430705
0.750000000000 0.712500000000 0.000026410108
0.750000000000 0.725000000000 0.000025365806
0.750000000000 0.737500000000 0.000024300775
0.750000000000 0.750000000000 0.000023217799
0.750000000000 0.762500000000 0.000022119286
0.750000000000 0.775000000000 0.000021007346
0.750000000000 0.787500000000 0.000019883775
0.750000000000 0.800000000000 0.000018750094
0.750000000000 0.812500000000 0.000017607707
0.750000000000 0.825000000000 0.000016457965
0.750000000000 0.837500000000 0.000015301969
0.750000000000 0.850000000000 0.000014140703
0.750000000000 0.862500000000 0.000012974949
0.750000000000 0.875000000000 0.000011805370
0.750000000000 0.887500000000 0.000010632533
0.750000000000 0.900000000000 0.000009456927
0.750000000000 0.912500000000 0.000008279098
0.750000000000 0.925000000000 0.000007099371
0.750000000000 0.937500000000 0.000005918136
0.750000000000 0.950000000000 0.000004735770
0.750000000000 0.962500000000 0.000003552562
0.750000000000 0.975000000000 0.000002368725
0.750000000000 0.987500000000 0.000001184487
0.750000000000 1.000000000000 0.000000000000

0.762500000000 0.000000000000 0.000000000000
0.762500000000 0.012500000000 0.000001132403
0.762500000000 0.025000000000 0.000002264571
0.762500000000 0.037500000000 0.000003396172
0.762500000000 0.050000000000 0.000004527050
0.762500000000 0.062500000000 0.000005656907
0.762500000000 0.075000000000 0.000006785327
0.762500000000 0.087500000000 0.000007912027
0.762500000000 0.100000000000 0.000009036547
0.762500000000 0.112500000000 0.000010158495
0.762500000000 0.125000000000 0.000011277318
0.762500000000 0.137500000000 0.000012392464
0.762500000000 0.150000000000 0.000013503299
0.762500000000 0.162500000000 0.000014609099
0.762500000000 0.175000000000 0.000015709044
0.762500000000 0.187500000000 0.000016802120
0.762500000000 0.200000000000 0.000017887204
0.762500000000 0.212500000000 0.000018962941
0.762500000000 0.225000000000 0.000020027930
0.762500000000 0.237500000000 0.000021080667
0.762500000000 0.250000000000 0.000022119286
0.762500000000 0.262500000000 0.000023141767
0.762500000000 0.275000000000 0.000024145751
0.762500000000 0.287500000000 0.000025128616
0.762500000000 0.300000000000 0.000026087495
0.762500000000 0.312500000000 0.000027019306
0.762500000000 0.325000000000 0.000027920685
0.762500000000 0.337500000000 0.000028787891
0.762500000000 0.350000000000 0.000029617007
0.762500000000 0.362500000000 0.000030403844
0.762500000000 0.375000000000 0.000031143951
0.762500000000 0.387500000000 0.000031832785
0.762500000000 0.400000000000 0.000032465636
0.762500000000 0.412500000000 0.000033037884
0.762500000000 0.425000000000 0.000033544935
0.762500000000 0.437500000000 0.000033982439
0.762500000000 0.450000000000 0.000034346453
0.762500000000 0.462500000000 0.000034633516
0.762500000000 0.475000000000 0.000034840717
0.762500000000 0.487500000000 0.000034965895
0.762500000000 0.500000000000 0.000035007758
0.762500000000 0.512500000000 0.000034965895
0.762500000000 0.525000000000 0.000034840717
0.762500000000 0.537500000000 0.000034633516
0.762500000000 0.550000000000 0.000034346453
0.762500000000 0.562500000000 0.000033982439
0.762500000000 0.575000000000 0.000033544935
0.762500000000 0.587500000000 0.000033037884
0.762500000000 0.600000000000 0.000032465636
0.762500000000 0.612500000000 0.000031832785
0.762500000000 0.625000000000 0.000031143951
0.762500000000 0.637500000000 0.000030403844
0.762500000000 0.650000000000 0.000029617007
0.762500000000 0.662500000000 0.000028787891
0.762500000000 0.675000000000 0.000027920685
0.762500000000 0.687500000000 0.000027019306
0.762500000000 0.700000000000 0.000026087495
0.762500000000 0.712500000000 0.000025128616
0.762500000000 0.725000000000 0.000024145751
0.762500000000 0.737500000000 0.000023141767
0.762500000000 0.750000000000 0.000022119286
0.762500000000 0.762500000000 0.000021080667
0.762500000000 0.775000000000 0.000020027930
0.762500000000 0.787500000000 0.000018962941
0.762500000000 0.800000000000 0.000017887204
0.762500000000 0.812500000000 0.000016802120
0.762500000000 0.825000000000 0.000015709044
0.762500000000 0.837500000000 0.000014609099
0.762500000000 0.850000000000 0.000013503299
0.762500000000 0.862500000000 0.000012392464
0.762500000000 0.875000000000 0.000011277318
0.762500000000 0.887500000000 0.000010158495
0.762500000000 0.900000000000 0.000009036547
0.762500000000 0.912500000000 0.000007912027
0.762500000000 0.925000000000 0.000006785327
0.762500000000 0.937500000000 0.000005656907
0.762500000000 0.950000000000 0.000004527050
0.762500000000 0.962500000000 0.000003396172
0.762500000000 0.975000000000 0.000002264571
0.762500000000 0.987500000000 0.000001132403
0.762500000000 1.000000000000 0.000000000000

0.775000000000 0.000000000000 0.000000000000
0.775000000000 0.012500000000 0.000001079085
0.775000000000 0.025000000000 0.000002157864
0.775000000000 0.037500000000 0.000003236023
0.775000000000 0.050000000000 0.000004313312
0.775000000000 0.062500000000 0.000005389446
0.775000000000 0.075000000000 0.000006463950
0.775000000000 0.087500000000 0.000007536474
0.775000000000 0.100000000000 0.000008606598
0.775000000000 0.112500000000 0.000009673908
0.775000000000 0.125000000000 0.000010737830
0.775000000000 0.137500000000 0.000011797707
0.775000000000 0.150000000000 0.000012852880
0.775000000000 0.162500000000 0.000013902593
0.775000000000 0.175000000000 0.000014945987
0.775000000000 0.187500000000 0.000015982031
0.775000000000 0.200000000000 0.000017009616
0.775000000000 0.212500000000 0.000018027447
0.775000000000 0.225000000000 0.000019034046
0.775000000000 0.237500000000 0.000020027930
0.775000000000 0.250000000000 0.000021007346
0.775000000000 0.262500000000 0.000021970219
0.775000000000 0.275000000000 0.000022914317
0.775000000000 0.287500000000 0.000023837212
0.775000000000 0.300000000000 0.000024736118
0.775000000000 0.312500000000 0.000025608186
0.775000000000 0.325000000000 0.000026450354
0.775000000000 0.337500000000 0.000027259118
0.775000000000 0.350000000000 0.000028030893
0.775000000000 0.362500000000 0.000028761966
0.775000000000 0.375000000000 0.000029448308
0.775000000000 0.387500000000 0.000030085856
0.775000000000 0.400000000000 0.000030670532
0.775000000000 0.412500000000 0.000031198226
0.775000000000 0.425000000000 0.000031665013
0.775000000000 0.437500000000 0.000032067187
0.775000000000 0.450000000000 0.000032401307
0.775000000000 0.462500000000 0.000032664485
0.775000000000 0.475000000000 0.000032854279
0.775000000000 0.487500000000 0.000032968838
0.775000000000 0.500000000000 0.000033007119
0.775000000000 0.512500000000 0.000032968838
0.775000000000 0.525000000000 0.000032854279
0.775000000000 0.537500000000 0.000032664485
0.775000000000 0.550000000000 0.000032401307
0.775000000000 0.562500000000 0.000032067187
0.775000000000 0.575000000000 0.000031665013
0.775000000000 0.587500000000 0.000031198226
0.775000000000 0.600000000000 0.000030670532
0.775000000000 0.612500000000 0.000030085856
0.775000000000 0.625000000000 0.000029448308
0.775000000000 0.637500000000 0.000028761966
0.775000000000 0.650000000000 0.000028030893
0.775000000000 0.662500000000 0.000027259118
0.775000000000 0.675000000000 0.000026450354
0.775000000000 0.687500000000 0.000025608186
0.775000000000 0.700000000000 0.000024736118
0.775000000000 0.712500000000 0.000023837212
0.775000000000 0.725000000000 0.000022914317
0.775000000000 0.737500000000 0.000021970219
0.775000000000 0.750000000000 0.000021007346
0.775000000000 0.762500000000 0.000020027930
0.775000000000 0.775000000000 0.000019034046
0.775000000000 0.787500000000 0.000018027447
0.775000000000 0.800000000000 0.000017009616
0.775000000000 0.812500000000 0.000015982031
0.775000000000 0.825000000000 0.000014945987
0.775000000000 0.837500000000 0.000013902593
0.775000000000 0.850000000000 0.000012852880
0.775000000000 0.862500000000 0.000011797707
0.775000000000 0.875000000000 0.000010737830
0.775000000000 0.887500000000 0.000009673908
0.775000000000 0.900000000000 0.000008606598
0.775000000000 0.912500000000 0.000007536474
0.775000000000 0.925000000000 0.000006463950
0.775000000000 0.937500000000 0.000005389446
0.775000000000 0.950000000000 0.000004313312
0.775000000000 0.962500000000 0.000003236023
0.775000000000 0.975000000000 0.000002157864
0.775000000000 0.987500000000 0.000001079085
0.775000000000 1.000000000000 0.000000000000

0.787500000000 0.000000000000 0.000000000000
0.787500000000 0.012500000000 0.000001024593
0.787500000000 0.025000000000 0.000002048861
0.787500000000 0.037500000000 0.000003072448
0.787500000000 0.050000000000 0.000004095025
0.787500000000 0.062500000000 0.000005116303
0.787500000000 0.075000000000 0.000006135833
0.787500000000 0.087500000000 0.000007153231
0.787500000000 0.100000000000 0.000008168049
0.787500000000 0.112500000000 0.000009179832
0.787500000000 0.125000000000 0.000010188012
0.787500000000 0.137500000000 0.000011191864
0.787500000000 0.150000000000 0.000012190716
0.787500000000 0.162500000000 0.000013183818
0.787500000000 0.175000000000 0.000014170250
0.787500000000 0.187500000000 0.000015149044
0.787500000000 0.200000000000 0.000016119026
0.787500000000 0.212500000000 0.000017078941
0.787500000000 0.225000000000 0.000018027447
0.787500000000 0.237500000000 0.000018962941
0.787500000000 0.250000000000 0.000019883775
0.787500000000 0.262500000000 0.000020787883
0.787500000000 0.275000000000 0.000021673282
0.787500000000 0.287500000000 0.000022537566
0.787500000000 0.300000000000 0.000023378194
0.787500000000 0.312500000000 0.000024192489
0.787500000000 0.325000000000 0.000024977657
0.787500000000 0.337500000000 0.000025730492
0.787500000000 0.350000000000 0.000026447674
0.787500000000 0.362500000000 0.000027125896
0.787500000000 0.375000000000 0.000027761510
0.787500000000 0.387500000000 0.000028350953
0.787500000000 0.400000000000 0.000028890650
0.787500000000 0.412500000000 0.000029376982
0.787500000000 0.425000000000 0.000029806570
0.787500000000 0.437500000000 0.000030176182
0.787500000000 0.450000000000 0.000030482907
0.787500000000 0.462500000000 0.000030724231
0.787500000000 0.475000000000 0.000030898128
0.787500000000 0.487500000000 0.000031003073
0.787500000000 0.500000000000 0.000031038120
0.787500000000 0.512500000000 0.000031003073
0.787500000000 0.525000000000 0.000030898128
0.787500000000 0.537500000000 0.000030724231
0.787500000000 0.550000000000 0.000030482907
0.787500000000 0.562500000000 0.000030176182
0.787500000000 0.575000000000 0.000029806570
0.787500000000 0.587500000000 0.000029376982
0.787500000000 0.600000000000 0.000028890650
0.787500000000 0.612500000000 0.000028350953
0.787500000000 0.625000000000 0.000027761510
0.787500000000 0.637500000000 0.000027125896
0.787500000000 0.650000000000 0.000026447674
0.787500000000 0.662500000000 0.000025730492
0.787500000000 0.675000000000 0.000024977657
0.787500000000 0.687500000000 0.000024192489
0.787500000000 0.700000000000 0.000023378194
0.787500000000 0.712500000000 0.000022537566
0.787500000000 0.725000000000 0.000021673282
0.787500000000 0.737500000000 0.000020787883
0.787500000000 0.750000000000 0.000019883775
0.787500000000 0.762500000000 0.000018962941
0.787500000000 0.775000000000 0.000018027447
0.787500000000 0.787500000000 0.000017078941
0.787500000000 0.800000000000 0.000016119026
0.787500000000 0.812500000000 0.000015149044
0.787500000000 0.825000000000 0.000014170250
0.787500000000 0.837500000000 0.000013183818
0.787500000000 0.850000000000 0.000012190716
0.787500000000 0.862500000000 0.000011191864
0.787500000000 0.875000000000 0.000010188012
0.787500000000 0.887500000000 0.000009179832
0.787500000000 0.900000000000 0.000008168049
0.787500000000 0.912500000000 0.000007153231
0.787500000000 0.925000000000 0.000006135833
0.787500000000 0.937500000000 0.000005116303
0.787500000000 0.950000000000 0.000004095025
0.787500000000 0.962500000000 0.000003072448
0.787500000000 0.975000000000 0.000002048861
0.787500000000 0.987500000000 0.000001024593
0.787500000000 1.000000000000 0.000000000000

0.800000000000 0.000000000000 0.000000000000
0.800000000000 0.012500000000 0.000000969043
0.800000000000 0.025000000000 0.000001937725
0.800000000000 0.037500000000 0.000002905699
0.800000000000 0.050000000000 0.000003872564
0.800000000000 0.062500000000 0.000004838036
0.800000000000 0.075000000000 0.000005801675
0.800000000000 0.087500000000 0.000006763063
0.800000000000 0.100000000000 0.000007721699
0.800000000000 0.112500000000 0.000008677142
0.800000000000 0.125000000000 0.000009628840
0.800000000000 0.137500000000 0.000010576007
0.800000000000 0.150000000000 0.000011517987
0.800000000000 0.162500000000 0.000012454015
0.800000000000 0.175000000000 0.000013383209
0.800000000000 0.187500000000 0.000014304492
0.800000000000 0.200000000000 0.000015216858
0.800000000000 0.212500000000 0.000016119026
0.800000000000 0.225000000000 0.000017009616
0.800000000000 0.237500000000 0.000017887204
0.800000000000 0.250000000000 0.000018750094
0.800000000000 0.262500000000 0.000019596370
0.800000000000 0.275000000000 0.000020424131
0.800000000000 0.287500000000 0.000021231176
0.800000000000 0.300000000000 0.000022015142
0.800000000000 0.312500000000 0.000022773496
0.800000000000 0.325000000000 0.000023503641
0.800000000000 0.337500000000 0.000024202723
0.800000000000 0.350000000000 0.000024867757
0.800000000000 0.362500000000 0.000025495667
0.800000000000 0.375000000000 0.000026083299
0.800000000000 0.387500000000 0.000026627415
0.800000000000 0.400000000000 0.000027124925
0.800000000000 0.412500000000 0.000027572606
0.800000000000 0.425000000000 0.000027967510
0.800000000000 0.437500000000 0.000028306917
0.800000000000 0.450000000000 0.000028588285
0.800000000000 0.462500000000 0.000028809497
0.800000000000 0.475000000000 0.000028968776
0.800000000000 0.487500000000 0.000029064866
0.800000000000 0.500000000000 0.000029096977
0.800000000000 0.512500000000 0.000029064866
0.800000000000 0.525000000000 0.000028968776
0.800000000000 0.537500000000 0.000028809497
0.800000000000 0.550000000000 0.000028588285
0.800000000000 0.562500000000 0.000028306917
0.800000000000 0.575000000000 0.000027967510
0.800000000000 0.587500000000 0.000027572606
0.800000000000 0.600000000000 0.000027124925
0.800000000000 0.612500000000 0.000026627415
0.800000000000 0.625000000000 0.000026083299
0.800000000000 0.637500000000 0.000025495667
0.800000000000 0.650000000000 0.000024867757
0.800000000000 0.662500000000 0.000024202723
0.800000000000 0.675000000000 0.000023503641
0.800000000000 0.687500000000 0.000022773496
0.800000000000 0.700000000000 0.000022015142
0.800000000000 0.712500000000 0.000021231176
0.800000000000 0.725000000000 0.000020424131
0.800000000000 0.737500000000 0.000019596370
0.800000000000 0.750000000000 0.000018750094
0.800000000000 0.762500000000 0.000017887204
0.800000000000 0.775000000000 0.000017009616
0.800000000000 0.787500000000 0.000016119026
0.800000000000 0.800000000000 0.000015216858
0.800000000000 0.812500000000 0.000014304492
0.800000000000 0.825000000000 0.000013383209
0.800000000000 0.837500000000 0.000012454015
0.800000000000 0.850000000000 0.000011517987
0.800000000000 0.862500000000 0.000010576007
0.800000000000 0.875000000000 0.000009628840
0.800000000000 0.887500000000 0.000008677142
0.800000000000 0.900000000000 0.000007721699
0.800000000000 0.912500000000 0.000006763063
0.800000000000 0.925000000000 0.000005801675
0.800000000000 0.937500000000 0.000004838036
0.800000000000 0.950000000000 0.000003872564
0.800000000000 0.962500000000 0.000002905699
0.800000000000 0.975000000000 0.000001937725
0.800000000000 0.987500000000 0.000000969043
0.800000000000 1.000000000000 0.000000000000

0.812500000000 0.000000000000 0.000000000000
0.812500000000 0.012500000000 0.000000912554
0.812500000000 0.025000000000 0.000001824687
0.812500000000 0.037500000000 0.000002736056
0.812500000000 0.050000000000 0.000003646310
0.812500000000 0.062500000000 0.000004555102
0.812500000000 0.075000000000 0.000005461967
0.812500000000 0.087500000000 0.000006366535
0.812500000000 0.100000000000 0.000007268267
0.812500000000 0.112500000000 0.000008166651
0.812500000000 0.125000000000 0.000009061211
0.812500000000 0.137500000000 0.000009951159
0.812500000000 0.150000000000 0.000010835831
0.812500000000 0.162500000000 0.000011714443
0.812500000000 0.175000000000 0.000012586077
0.812500000000 0.187500000000 0.000013449761
0.812500000000 0.200000000000 0.000014304492
0.812500000000 0.212500000000 0.000015149044
0.812500000000 0.225000000000 0.000015982031
0.812500000000 0.237500000000 0.000016802120
0.812500000000 0.250000000000 0.000017607707
0.812500000000 0.262500000000 0.000018397044
0.812500000000 0.275000000000 0.000019168229
0.812500000000 0.287500000000 0.000019919295
0.812500000000 0.300000000000 0.000020647989
0.812500000000 0.312500000000 0.000021352035
0.812500000000 0.325000000000 0.000022029026
0.812500000000 0.337500000000 0.000022676364
0.812500000000 0.350000000000 0.000023291389
0.812500000000 0.362500000000 0.000023871292
0.812500000000 0.375000000000 0.000024413237
0.812500000000 0.387500000000 0.000024914421
0.812500000000 0.400000000000 0.000025372097
0.812500000000 0.412500000000 0.000025783482
0.812500000000 0.425000000000 0.000026145974
0.812500000000 0.437500000000 0.000026457131
0.812500000000 0.450000000000 0.000026714901
0.812500000000 0.462500000000 0.000026917412
0.812500000000 0.475000000000 0.000027063138
0.812500000000 0.487500000000 0.000027151070
0.812500000000 0.500000000000 0.000027180452
0.812500000000 0.512500000000 0.000027151070
0.812500000000 0.525000000000 0.000027063138
0.812500000000 0.537500000000 0.000026917412
0.812500000000 0.550000000000 0.000026714901
0.812500000000 0.562500000000 0.000026457131
0.812500000000 0.575000000000 0.000026145974
0.812500000000 0.587500000000 0.000025783482
0.812500000000 0.600000000000 0.000025372097
0.812500000000 0.612500000000 0.000024914421
0.812500000000 0.625000000000 0.000024413237
0.812500000000 0.637500000000 0.000023871292
0.812500000000 0.650000000000 0.000023291389
0.812500000000 0.662500000000 0.000022676364
0.812500000000 0.675000000000 0.000022029026
0.812500000000 0.687500000000 0.000021352035
0.812500000000 0.700000000000 0.000020647989
0.812500000000 0.712500000000 0.000019919295
0.812500000000 0.725000000000 0.000019168229
0.812500000000 0.737500000000 0.000018397044
0.812500000000 0.750000000000 0.000017607707
0.812500000000 0.762500000000 0.000016802120
0.812500000000 0.775000000000 0.000015982031
0.812500000000 0.787500000000 0.000015149044
0.812500000000 0.800000000000 0.000014304492
0.812500000000 0.812500000000 0.000013449761
0.812500000000 0.825000000000 0.000012586077
0.812500000000 0.837500000000 0.000011714443
0.812500000000 0.850000000000 0.000010835831
0.812500000000 0.862500000000 0.000009951159
0.812500000000 0.875000000000 0.000009061211
0.812500000000 0.887500000000 0.000008166651
0.812500000000 0.900000000000 0.000007268267
0.812500000000 0.912500000000 0.000006366535
0.812500000000 0.925000000000 0.000005461967
0.812500000000 0.937500000000 0.000004555102
0.812500000000 0.950000000000 0.000003646310
0.812500000000 0.962500000000 0.000002736056
0.812500000000 0.975000000000 0.000001824687
0.812500000000 0.987500000000 0.000000912554
0.812500000000 1.000000000000 0.000000000000

0.825000000000 0.000000000000 0.000000000000
0.825000000000 0.012500000000 0.000000855139
0.825000000000 0.025000000000 0.000001709866
0.825000000000 0.037500000000 0.000002563817
0.825000000000 0.050000000000 0.000003416629
0.825000000000 0.062500000000 0.000004267920
0.825000000000 0.075000000000 0.000005117299
0.825000000000 0.087500000000 0.000005964311
0.825000000000 0.100000000000 0.000006808398
0.825000000000 0.112500000000 0.000007649173
0.825000000000 0.125000000000 0.000008486055
0.825000000000 0.137500000000 0.000009318319
0.825000000000 0.150000000000 0.000010145293
0.825000000000 0.162500000000 0.000010966163
0.825000000000 0.175000000000 0.000011780077
0.825000000000 0.187500000000 0.000012586077
0.825000000000 0.200000000000 0.000013383209
0.825000000000 0.212500000000 0.000014170250
0.825000000000 0.225000000000 0.000014945987
0.825000000000 0.237500000000 0.000015709044
0.825000000000 0.250000000000 0.000016457965
0.825000000000 0.262500000000 0.000017191093
0.825000000000 0.275000000000 0.000017906706
0.825000000000 0.287500000000 0.000018602896
0.825000000000 0.300000000000 0.000019277709
0.825000000000 0.312500000000 0.000019928936
0.825000000000 0.325000000000 0.000020554406
0.825000000000 0.337500000000 0.000021151749
0.825000000000 0.350000000000 0.000021718605
0.825000000000 0.362500000000 0.000022252498
0.825000000000 0.375000000000 0.000022750887
0.825000000000 0.387500000000 0.000023211259
0.825000000000 0.400000000000 0.000023631171
0.825000000000 0.412500000000 0.000024008221
0.825000000000 0.425000000000 0.000024340128
0.825000000000 0.437500000000 0.000024624818
0.825000000000 0.450000000000 0.000024860469
0.825000000000 0.462500000000 0.000025045463
0.825000000000 0.475000000000 0.000025178550
0.825000000000 0.487500000000 0.000025258814
0.825000000000 0.500000000000 0.000025285618
0.825000000000 0.512500000000 0.000025258814
0.825000000000 0.525000000000 0.000025178550
0.825000000000 0.537500000000 0.000025045463
0.825000000000 0.550000000000 0.000024860469
0.825000000000 0.562500000000 0.000024624818
0.825000000000 0.575000000000 0.000024340128
0.825000000000 0.587500000000 0.000024008221
0.825000000000 0.600000000000 0.000023631171
0.825000000000 0.612500000000 0.000023211259
0.825000000000 0.625000000000 0.000022750887
0.825000000000 0.637500000000 0.000022252498
0.825000000000 0.650000000000 0.000021718605
0.825000000000 0.662500000000 0.000021151749
0.825000000000 0.675000000000 0.000020554406
0.825000000000 0.687500000000 0.000019928936
0.825000000000 0.700000000000 0.000019277709
0.825000000000 0.712500000000 0.000018602896
0.825000000000 0.725000000000 0.000017906706
0.825000000000 0.737500000000 0.000017191093
0.825000000000 0.750000000000 0.000016457965
0.825000000000 0.762500000000 0.000015709044
0.825000000000 0.775000000000 0.000014945987
0.825000000000 0.787500000000 0.000014170250
0.825000000000 0.800000000000 0.000013383209
0.825000000000 0.812500000000 0.000012586077
0.825000000000 0.825000000000 0.000011780077
0.825000000000 0.837500000000 0.000010966163
0.825000000000 0.850000000000 0.000010145293
0.825000000000 0.862500000000 0.000009318319
0.825000000000 0.875000000000 0.000008486055
0.825000000000 0.887500000000 0.000007649173
0.825000000000 0.900000000000 0.000006808398
0.825000000000 0.912500000000 0.000005964311
0.825000000000 0.925000000000 0.000005117299
0.825000000000 0.937500000000 0.000004267920
0.825000000000 0.950000000000 0.000003416629
0.825000000000 0.962500000000 0.000002563817
0.825000000000 0.975000000000 0.000001709866
0.825000000000 0.987500000000 0.000000855139
0.825000000000 1.000000000000 0.000000000000

0.837500000000 0.000000000000 0.000000000000
0.837500000000 0.012500000000 0.000000796923
0.837500000000 0.025000000000 0.000001593470
0.837500000000 0.037500000000 0.000002389245
0.837500000000 0.050000000000 0.000003183828
0.837500000000 0.062500000000 0.000003976920
0.837500000000 0.075000000000 0.000004768130
0.837500000000 0.087500000000 0.000005556952
0.837500000000 0.100000000000 0.000006342872
0.837500000000 0.112500000000 0.000007125458
0.837500000000 0.125000000000 0.000007904152
0.837500000000 0.137500000000 0.000008678313
0.837500000000 0.150000000000 0.000009447254
0.837500000000 0.162500000000 0.000010210155
0.837500000000 0.175000000000 0.000010966163
0.837500000000 0.187500000000 0.000011714443
0.837500000000 0.200000000000 0.000012454015
0.837500000000 0.212500000000 0.000013183818
0.837500000000 0.225000000000 0.000013902593
0.837500000000 0.237500000000 0.000014609099
0.837500000000 0.250000000000 0.000015301969
0.837500000000 0.262500000000 0.000015979682
0.837500000000 0.275000000000 0.000016640584
0.837500000000 0.287500000000 0.000017283026
0.837500000000 0.300000000000 0.000017905087
0.837500000000 0.312500000000 0.000018504800
0.837500000000 0.325000000000 0.000019080173
0.837500000000 0.337500000000 0.000019629145
0.837500000000 0.350000000000 0.000020149527
0.837500000000 0.362500000000 0.000020639151
0.837500000000 0.375000000000 0.000021095742
0.837500000000 0.387500000000 0.000021517087
0.837500000000 0.400000000000 0.000021901030
0.837500000000 0.412500000000 0.000022245465
0.837500000000 0.425000000000 0.000022548424
0.837500000000 0.437500000000 0.000022808089
0.837500000000 0.450000000000 0.000023022864
0.837500000000 0.462500000000 0.000023191376
0.837500000000 0.475000000000 0.000023312558
0.837500000000 0.487500000000 0.000023385628
0.837500000000 0.500000000000 0.000023410034
0.837500000000 0.512500000000 0.000023385628
0.837500000000 0.525000000000 0.000023312558
0.837500000000 0.537500000000 0.000023191376
0.837500000000 0.550000000000 0.000023022864
0.837500000000 0.562500000000 0.000022808089
0.837500000000 0.575000000000 0.000022548424
0.837500000000 0.587500000000 0.000022245465
0.837500000000 0.600000000000 0.000021901030
0.837500000000 0.612500000000 0.000021517087
0.837500000000 0.625000000000 0.000021095742
0.837500000000 0.637500000000 0.000020639151
0.837500000000 0.650000000000 0.000020149527
0.837500000000 0.662500000000 0.000019629145
0.837500000000 0.675000000000 0.000019080173
0.837500000000 0.687500000000 0.000018504800
0.837500000000 0.700000000000 0.000017905087
0.837500000000 0.712500000000 0.000017283026
0.837500000000 0.725000000000 0.000016640584
0.837500000000 0.737500000000 0.000015979682
0.837500000000 0.750000000000 0.000015301969
0.837500000000 0.762500000000 0.000014609099
0.837500000000 0.775000000000 0.000013902593
0.837500000000 0.787500000000 0.000013183818
0.837500000000 0.800000000000 0.000012454015
0.837500000000 0.812500000000 0.000011714443
0.837500000000 0.825000000000 0.000010966163
0.837500000000 0.837500000000 0.000010210155
0.837500000000 0.850000000000 0.000009447254
0.837500000000 0.862500000000 0.000008678313
0.837500000000 0.875000000000 0.000007904152
0.837500000000 0.887500000000 0.000007125458
0.837500000000 0.900000000000 0.000006342872
0.837500000000 0.912500000000 0.000005556952
0.837500000000 0.925000000000 0.000004768130
0.837500000000 0.937500000000 0.000003976920
0.837500000000 0.950000000000 0.000003183828
0.837500000000 0.962500000000 0.000002389245
0.837500000000 0.975000000000 0.000001593470
0.837500000000 0.987500000000 0.000000796923
0.837500000000 1.000000000000 0.000000000000

0.850000000000 0.000000000000 0.000000000000
0.850000000000 0.012500000000 0.000000738032
0.850000000000 0.025000000000 0.000001475691
0.850000000000 0.037500000000 0.000002212598
0.850000000000 0.050000000000 0.000002948344
0.850000000000 0.062500000000 0.000003682593
0.850000000000 0.075000000000 0.000004415036
0.850000000000 0.087500000000 0.000005145126
0.850000000000 0.100000000000 0.000005872299
0.850000000000 0.112500000000 0.000006596209
0.850000000000 0.125000000000 0.000007316257
0.850000000000 0.137500000000 0.000008031921
0.850000000000 0.150000000000 0.000008742520
0.850000000000 0.162500000000 0.000009447254
0.850000000000 0.175000000000 0.000010145293
0.850000000000 0.187500000000 0.000010835831
0.850000000000 0.200000000000 0.000011517987
0.850000000000 0.212500000000 0.000012190716
0.850000000000 0.225000000000 0.000012852880
0.850000000000 0.237500000000 0.000013503299
0.850000000000 0.250000000000 0.000014140703
0.850000000000 0.262500000000 0.000014763662
0.850000000000 0.275000000000 0.000015370736
0.850000000000 0.287500000000 0.000015960328
0.850000000000 0.300000000000 0.000016530746
0.850000000000 0.312500000000 0.000017080135
0.850000000000 0.325000000000 0.000017606728
0.850000000000 0.337500000000 0.000018108720
0.850000000000 0.350000000000 0.000018584118
0.850000000000 0.362500000000 0.000019030992
0.850000000000 0.375000000000 0.000019447350
0.850000000000 0.387500000000 0.000019831244
0.850000000000 0.400000000000 0.000020180736
0.850000000000 0.412500000000 0.000020494047
0.850000000000 0.425000000000 0.000020769413
0.850000000000 0.437500000000 0.000021005285
0.850000000000 0.450000000000 0.000021200269
0.850000000000 0.462500000000 0.000021353166
0.850000000000 0.475000000000 0.000021463085
0.850000000000 0.487500000000 0.000021529321
0.850000000000 0.500000000000 0.000021551431
0.850000000000 0.512500000000 0.000021529321
0.850000000000 0.525000000000 0.000021463085
0.850000000000 0.537500000000 0.000021353166
0.850000000000 0.550000000000 0.000021200269
0.850000000000 0.562500000000 0.000021005285
0.850000000000 0.575000000000 0.000020769413
0.850000000000 0.587500000000 0.000020494047
0.850000000000 0.600000000000 0.000020180736
0.850000000000 0.612500000000 0.000019831244
0.850000000000 0.625000000000 0.000019447350
0.850000000000 0.637500000000 0.000019030992
0.850000000000 0.650000000000 0.000018584118
0.850000000000 0.662500000000 0.000018108720
0.850000000000 0.675000000000 0.000017606728
0.850000000000 0.687500000000 0.000017080135
0.850000000000 0.700000000000 0.000016530746
0.850000000000 0.712500000000 0.000015960328
0.850000000000 0.725000000000 0.000015370736
0.850000000000 0.737500000000 0.000014763662
0.850000000000 0.750000000000 0.000014140703
0.850000000000 0.762500000000 0.000013503299
0.850000000000 0.775000000000 0.000012852880
0.850000000000 0.787500000000 0.000012190716
0.850000000000 0.800000000000 0.000011517987
0.850000000000 0.812500000000 0.000010835831
0.850000000000 0.825000000000 0.000010145293
0.850000000000 0.837500000000 0.000009447254
0.850000000000 0.850000000000 0.000008742520
0.850000000000 0.862500000000 0.000008031921
0.850000000000 0.875000000000 0.000007316257
0.850000000000 0.887500000000 0.000006596209
0.850000000000 0.900000000000 0.000005872299
0.850000000000 0.912500000000 0.000005145126
0.850000000000 0.925000000000 0.000004415036
0.850000000000 0.937500000000 0.000003682593
0.850000000000 0.950000000000 0.000002948344
0.850000000000 0.962500000000 0.000002212598
0.850000000000 0.975000000000 0.000001475691
0.850000000000 0.987500000000 0.000000738032
0.850000000000 1.000000000000 0.000000000000

0.862500000000 0.000000000000 0.000000000000
0.862500000000 0.012500000000 0.000000678492
0.862500000000 0.025000000000 0.000001356650
0.862500000000 0.037500000000 0.000002034114
0.862500000000 0.050000000000 0.000002710435
0.862500000000 0.062500000000 0.000003385303
0.862500000000 0.075000000000 0.000004058409
0.862500000000 0.087500000000 0.000004729202
0.862500000000 0.100000000000 0.000005397169
0.862500000000 0.112500000000 0.000006061978
0.862500000000 0.125000000000 0.000006723069
0.862500000000 0.137500000000 0.000007379930
0.862500000000 0.150000000000 0.000008031921
0.862500000000 0.162500000000 0.000008678313
0.862500000000 0.175000000000 0.000009318319
0.862500000000 0.187500000000 0.000009951159
0.862500000000 0.200000000000 0.000010576007
0.862500000000 0.212500000000 0.000011191864
0.862500000000 0.225000000000 0.000011797707
0.862500000000 0.237500000000 0.000012392464
0.862500000000 0.250000000000 0.000012974949
0.862500000000 0.262500000000 0.000013543804
0.862500000000 0.275000000000 0.000014097762
0.862500000000 0.287500000000 0.000014635375
0.862500000000 0.300000000000 0.000015155067
0.862500000000 0.312500000000 0.000015655203
0.862500000000 0.325000000000 0.000016134228
0.862500000000 0.337500000000 0.000016590482
0.862500000000 0.350000000000 0.000017022210
0.862500000000 0.362500000000 0.000017427690
0.862500000000 0.375000000000 0.000017805182
0.862500000000 0.387500000000 0.000018152963
0.862500000000 0.400000000000 0.000018469326
0.862500000000 0.412500000000 0.000018752771
0.862500000000 0.425000000000 0.000019001733
0.862500000000 0.437500000000 0.000019214856
0.862500000000 0.450000000000 0.000019390987
0.862500000000 0.462500000000 0.000019529049
0.862500000000 0.475000000000 0.000019628252
0.862500000000 0.487500000000 0.000019687988
0.862500000000 0.500000000000 0.000019707907
0.862500000000 0.512500000000 0.000019687988
0.862500000000 0.525000000000 0.000019628252
0.862500000000 0.537500000000 0.000019529049
0.862500000000 0.550000000000 0.000019390987
0.862500000000 0.562500000000 0.000019214856
0.862500000000 0.575000000000 0.000019001733
0.862500000000 0.587500000000 0.000018752771
0.862500000000 0.600000000000 0.000018469326
0.862500000000 0.612500000000 0.000018152963
0.862500000000 0.625000000000 0.000017805182
0.862500000000 0.637500000000 0.000017427690
0.862500000000 0.650000000000 0.000017022210
0.862500000000 0.662500000000 0.000016590482
0.862500000000 0.675000000000 0.000016134228
0.862500000000 0.687500000000 0.000015655203
0.862500000000 0.700000000000 0.000015155067
0.862500000000 0.712500000000 0.000014635375
0.862500000000 0.725000000000 0.000014097762
0.862500000000 0.737500000000 0.000013543804
0.862500000000 0.750000000000 0.000012974949
0.862500000000 0.762500000000 0.000012392464
0.862500000000 0.775000000000 0.000011797707
0.862500000000 0.787500000000 0.000011191864
0.862500000000 0.800000000000 0.000010576007
0.862500000000 0.812500000000 0.000009951159
0.862500000000 0.825000000000 0.000009318319
0.862500000000 0.837500000000 0.000008678313
0.862500000000 0.850000000000 0.000008031921
0.862500000000 0.862500000000 0.000007379930
0.862500000000 0.875000000000 0.000006723069
0.862500000000 0.887500000000 0.000006061978
0.862500000000 0.900000000000 0.000005397169
0.862500000000 0.912500000000 0.000004729202
0.862500000000 0.925000000000 0.000004058409
0.862500000000 0.937500000000 0.000003385303
0.862500000000 0.950000000000 0.000002710435
0.862500000000 0.962500000000 0.000002034114
0.862500000000 0.975000000000 0.000001356650
0.862500000000 0.987500000000 0.000000678492
0.862500000000 1.000000000000 0.000000000000

0.875000000000 0.000000000000 0.000000000000
0.875000000000 0.012500000000 0.000000618430
0.875000000000 0.025000000000 0.000001236536
0.875000000000 0.037500000000 0.000001853979
0.875000000000 0.050000000000 0.000002470368
0.875000000000 0.062500000000 0.000003085384
0.875000000000 0.075000000000 0.000003698632
0.875000000000 0.087500000000 0.000004309654
0.875000000000 0.100000000000 0.000004918036
0.875000000000 0.112500000000 0.000005523422
0.875000000000 0.125000000000 0.000006125273
0.875000000000 0.137500000000 0.000006723069
0.875000000000 0.150000000000 0.000007316257
0.875000000000 0.162500000000 0.000007904152
0.875000000000 0.175000000000 0.000008486055
0.875000000000 0.187500000000 0.000009061211
0.875000000000 0.200000000000 0.000009628840
0.875000000000 0.212500000000 0.000010188012
0.875000000000 0.225000000000 0.000010737830
0.875000000000 0.237500000000 0.000011277318
0.875000000000 0.250000000000 0.000011805370
0.875000000000 0.262500000000 0.000012320733
0.875000000000 0.275000000000 0.000012822254
0.875000000000 0.287500000000 0.000013308642
0.875000000000 0.300000000000 0.000013778510
0.875000000000 0.312500000000 0.000014230371
0.875000000000 0.325000000000 0.000014662830
0.875000000000 0.337500000000 0.000015074416
0.875000000000 0.350000000000 0.000015463604
0.875000000000 0.362500000000 0.000015828853
0.875000000000 0.375000000000 0.000016168652
0.875000000000 0.387500000000 0.000016481512
0.875000000000 0.400000000000 0.000016765985
0.875000000000 0.412500000000 0.000017020661
0.875000000000 0.425000000000 0.000017244210
0.875000000000 0.437500000000 0.000017435474
0.875000000000 0.450000000000 0.000017593461
0.875000000000 0.462500000000 0.000017717307
0.875000000000 0.475000000000 0.000017806271
0.875000000000 0.487500000000 0.000017859813
0.875000000000 0.500000000000 0.000017877665
0.875000000000 0.512500000000 0.000017859813
0.875000000000 0.525000000000 0.000017806271
0.875000000000 0.537500000000 0.000017717307
0.875000000000 0.550000000000 0.000017593461
0.875000000000 0.562500000000 0.000017435474
0.875000000000 0.575000000000 0.000017244210
0.875000000000 0.587500000000 0.000017020661
0.875000000000 0.600000000000 0.000016765985
0.875000000000 0.612500000000 0.000016481512
0.875000000000 0.625000000000 0.000016168652
0.875000000000 0.637500000000 0.000015828853
0.875000000000 0.650000000000 0.000015463604
0.875000000000 0.662500000000 0.000015074416
0.875000000000 0.675000000000 0.000014662830
0.875000000000 0.687500000000 0.000014230371
0.875000000000 0.700000000000 0.000013778510
0.875000000000 0.712500000000 0.000013308642
0.875000000000 0.725000000000 0.000012822254
0.875000000000 0.737500000000 0.000012320733
0.875000000000 0.750000000000 0.000011805370
0.875000000000 0.762500000000 0.000011277318
0.875000000000 0.775000000000 0.000010737830
0.875000000000 0.787500000000 0.000010188012
0.875000000000 0.800000000000 0.000009628840
0.875000000000 0.812500000000 0.000009061211
0.875000000000 0.825000000000 0.000008486055
0.875000000000 0.837500000000 0.000007904152
0.875000000000 0.850000000000 0.000007316257
0.875000000000 0.862500000000 0.000006723069
0.875000000000 0.875000000000 0.000006125273
0.875000000000 0.887500000000 0.000005523422
0.875000000000 0.900000000000 0.000004918036
0.875000000000 0.912500000000 0.000004309654
0.875000000000 0.925000000000 0.000003698632
0.875000000000 0.937500000000 0.000003085384
0.875000000000 0.950000000000 0.000002470368
0.875000000000 0.962500000000 0.000001853979
0.875000000000 0.975000000000 0.000001236536
0.875000000000 0.987500000000 0.000000618430
0.875000000000 1.000000000000 0.000000000000

0.887500000000 0.000000000000 0.000000000000
0.887500000000 0.012500000000 0.000000557855
0.887500000000 0.025000000000 0.000001115422
0.887500000000 0.037500000000 0.000001672402
0.887500000000 0.050000000000 0.000002228360
0.887500000000 0.062500000000 0.000002783019
0.887500000000 0.075000000000 0.000003336027
0.887500000000 0.087500000000 0.000003886944
0.887500000000 0.100000000000 0.000004435395
0.887500000000 0.112500000000 0.000004981046
0.887500000000 0.125000000000 0.000005523422
0.887500000000 0.137500000000 0.000006061978
0.887500000000 0.150000000000 0.000006596209
0.887500000000 0.162500000000 0.000007125458
0.887500000000 0.175000000000 0.000007649173
0.887500000000 0.187500000000 0.000008166651
0.887500000000 0.200000000000 0.000008677142
0.887500000000 0.212500000000 0.000009179832
0.887500000000 0.225000000000 0.000009673908
0.887500000000 0.237500000000 0.000010158495
0.887500000000 0.250000000000 0.000010632533
0.887500000000 0.262500000000 0.000011094925
0.887500000000 0.275000000000 0.000011544606
0.887500000000 0.287500000000 0.000011980474
0.887500000000 0.300000000000 0.000012401299
0.887500000000 0.312500000000 0.000012805739
0.887500000000 0.325000000000 0.000013192541
0.887500000000 0.337500000000 0.000013560429
0.887500000000 0.350000000000 0.000013908072
0.887500000000 0.362500000000 0.000014234118
0.887500000000 0.375000000000 0.000014537257
0.887500000000 0.387500000000 0.000014816189
0.887500000000 0.400000000000 0.000015069749
0.887500000000 0.412500000000 0.000015296587
0.887500000000 0.425000000000 0.000015495619
0.887500000000 0.437500000000 0.000015665845
0.887500000000 0.450000000000 0.000015806358
0.887500000000 0.462500000000 0.000015916535
0.887500000000 0.475000000000 0.000015995622
0.887500000000 0.487500000000 0.000016043197
0.887500000000 0.500000000000 0.000016059089
0.887500000000 0.512500000000 0.000016043197
0.887500000000 0.525000000000 0.000015995622
0.887500000000 0.537500000000 0.000015916535
0.887500000000 0.550000000000 0.000015806358
0.887500000000 0.562500000000 0.000015665845
0.887500000000 0.575000000000 0.000015495619
0.887500000000 0.587500000000 0.000015296587
0.887500000000 0.600000000000 0.000015069749
0.887500000000 0.612500000000 0.000014816189
0.887500000000 0.625000000000 0.000014537257
0.887500000000 0.637500000000 0.000014234118
0.887500000000 0.650000000000 0.000013908072
0.887500000000 0.662500000000 0.000013560429
0.887500000000 0.675000000000 0.000013192541
0.887500000000 0.687500000000 0.000012805739
0.887500000000 0.700000000000 0.000012401299
0.887500000000 0.712500000000 0.000011980474
0.887500000000 0.725000000000 0.000011544606
0.887500000000 0.737500000000 0.000011094925
0.887500000000 0.750000000000 0.000010632533
0.887500000000 0.762500000000 0.000010158495
0.887500000000 0.775000000000 0.000009673908
0.887500000000 0.787500000000 0.000009179832
0.887500000000 0.800000000000 0.000008677142
0.887500000000 0.812500000000 0.000008166651
0.887500000000 0.825000000000 0.000007649173
0.887500000000 0.837500000000 0.000007125458
0.887500000000 0.850000000000 0.000006596209
0.887500000000 0.862500000000 0.000006061978
0.887500000000 0.875000000000 0.000005523422
0.887500000000 0.887500000000 0.000004981046
0.887500000000 0.900000000000 0.000004435395
0.887500000000 0.912500000000 0.000003886944
0.887500000000 0.925000000000 0.000003336027
0.887500000000 0.937500000000 0.000002783019
0.887500000000 0.950000000000 0.000002228360
0.887500000000 0.962500000000 0.000001672402
0.887500000000 0.975000000000 0.000001115422
0.887500000000 0.987500000000 0.000000557855
0.887500000000 1.000000000000 0.000000000000

0.900000000000 0.000000000000 0.000000000000
0.900000000000 0.012500000000 0.000000496878
0.900000000000 0.025000000000 0.000000993474
0.900000000000 0.037500000000 0.000001489547
0.900000000000 0.050000000000 0.000001984659
0.900000000000 0.062500000000 0.000002478558
0.900000000000 0.075000000000 0.000002970963
0.900000000000 0.087500000000 0.000003461482
0.900000000000 0.100000000000 0.000003949754
0.900000000000 0.112500000000 0.000004435395
0.900000000000 0.125000000000 0.000004918036
0.900000000000 0.137500000000 0.000005397169
0.900000000000 0.150000000000 0.000005872299
0.900000000000 0.162500000000 0.000006342872
0.900000000000 0.175000000000 0.000006808398
0.900000000000 0.187500000000 0.000007268267
0.900000000000 0.200000000000 0.000007721699
0.900000000000 0.212500000000 0.000008168049
0.900000000000 0.225000000000 0.000008606598
0.900000000000 0.237500000000 0.000009036547
0.900000000000 0.250000000000 0.000009456927
0.900000000000 0.262500000000 0.000009866814
0.900000000000 0.275000000000 0.000010265219
0.900000000000 0.287500000000 0.000010651199
0.900000000000 0.300000000000 0.000011023625
0.900000000000 0.312500000000 0.000011381394
0.900000000000 0.325000000000 0.000011723353
0.900000000000 0.337500000000 0.000012048371
0.900000000000 0.350000000000 0.000012355315
0.900000000000 0.362500000000 0.000012643084
0.900000000000 0.375000000000 0.000012910491
0.900000000000 0.387500000000 0.000013156407
0.900000000000 0.400000000000 0.000013379837
0.900000000000 0.412500000000 0.000013579631
0.900000000000 0.425000000000 0.000013754905
0.900000000000 0.437500000000 0.000013904716
0.900000000000 0.450000000000 0.000014028340
0.900000000000 0.462500000000 0.000014125256
0.900000000000 0.475000000000 0.000014194800
0.900000000000 0.487500000000 0.000014236658
0.900000000000 0.500000000000 0.000014250641
0.900000000000 0.512500000000 0.000014236658
0.900000000000 0.525000000000 0.000014194800
0.900000000000 0.537500000000 0.000014125256
0.900000000000 0.550000000000 0.000014028340
0.900000000000 0.562500000000 0.000013904716
0.900000000000 0.575000000000 0.000013754905
0.900000000000 0.587500000000 0.000013579631
0.900000000000 0.600000000000 0.000013379837
0.900000000000 0.612500000000 0.000013156407
0.900000000000 0.625000000000 0.000012910491
0.900000000000 0.637500000000 0.000012643084
0.900000000000 0.650000000000 0.000012355315
0.900000000000 0.662500000000 0.000012048371
0.900000000000 0.675000000000 0.000011723353
0.900000000000 0.687500000000 0.000011381394
0.900000000000 0.700000000000 0.000011023625
0.900000000000 0.712500000000 0.000010651199
0.900000000000 0.725000000000 0.000010265219
0.900000000000 0.737500000000 0.000009866814
0.900000000000 0.750000000000 0.000009456927
0.900000000000 0.762500000000 0.000009036547
0.900000000000 0.775000000000 0.000008606598
0.900000000000 0.787500000000 0.000008168049
0.900000000000 0.800000000000 0.000007721699
0.900000000000 0.812500000000 0.000007268267
0.900000000000 0.825000000000 0.000006808398
0.900000000000 0.837500000000 0.000006342872
0.900000000000 0.850000000000 0.000005872299
0.900000000000 0.862500000000 0.000005397169
0.900000000000 0.875000000000 0.000004918036
0.900000000000 0.887500000000 0.000004435395
0.900000000000 0.900000000000 0.000003949754
0.900000000000 0.912500000000 0.000003461482
0.900000000000 0.925000000000 0.000002970963
0.900000000000 0.937500000000 0.000002478558
0.900000000000 0.950000000000 0.000001984659
0.900000000000 0.962500000000 0.000001489547
0.900000000000 0.975000000000 0.000000993474
0.900000000000 0.987500000000 0.000000496878
0.900000000000 1.000000000000 0.000000000000

0.912500000000 0.000000000000 0.000000000000
0.912500000000 0.012500000000 0.000000435531
0.912500000000 0.025000000000 0.000000870798
0.912500000000 0.037500000000 0.000001305582
0.912500000000 0.050000000000 0.000001739550
0.912500000000 0.062500000000 0.000002172386
0.912500000000 0.075000000000 0.000002603868
0.912500000000 0.087500000000 0.000003033681
0.912500000000 0.100000000000 0.000003461482
0.912500000000 0.112500000000 0.000003886944
0.912500000000 0.125000000000 0.000004309654
0.912500000000 0.137500000000 0.000004729202
0.912500000000 0.150000000000 0.000005145126
0.912500000000 0.162500000000 0.000005556952
0.912500000000 0.175000000000 0.000005964311
0.912500000000 0.187500000000 0.000006366535
0.912500000000 0.200000000000 0.000006763063
0.912500000000 0.212500000000 0.000007153231
0.912500000000 0.225000000000 0.000007536474
0.912500000000 0.237500000000 0.000007912027
0.912500000000 0.250000000000 0.000008279098
0.912500000000 0.262500000000 0.000008636847
0.912500000000 0.275000000000 0.000008984483
0.912500000000 0.287500000000 0.000009321037
0.912500000000 0.300000000000 0.000009645697
0.912500000000 0.312500000000 0.000009957433
0.912500000000 0.325000000000 0.000010255255
0.912500000000 0.337500000000 0.000010538124
0.912500000000 0.350000000000 0.000010805127
0.912500000000 0.362500000000 0.000011055329
0.912500000000 0.375000000000 0.000011287778
0.912500000000 0.387500000000 0.000011501444
0.912500000000 0.400000000000 0.000011695473
0.912500000000 0.412500000000 0.000011868928
0.912500000000 0.425000000000 0.000012021013
0.912500000000 0.437500000000 0.000012150996
0.912500000000 0.450000000000 0.000012258205
0.912500000000 0.462500000000 0.000012342204
0.912500000000 0.475000000000 0.000012402532
0.912500000000 0.487500000000 0.000012438842
0.912500000000 0.500000000000 0.000012450949
0.912500000000 0.512500000000 0.000012438842
0.912500000000 0.525000000000 0.000012402532
0.912500000000 0.537500000000 0.000012342204
0.912500000000 0.550000000000 0.000012258205
0.912500000000 0.562500000000 0.000012150996
0.912500000000 0.575000000000 0.000012021013
0.912500000000 0.587500000000 0.000011868928
0.912500000000 0.600000000000 0.000011695473
0.912500000000 0.612500000000 0.000011501444
0.912500000000 0.625000000000 0.000011287778
0.912500000000 0.637500000000 0.000011055329
0.912500000000 0.650000000000 0.000010805127
0.912500000000 0.662500000000 0.000010538124
0.912500000000 0.675000000000 0.000010255255
0.912500000000 0.687500000000 0.000009957433
0.912500000000 0.700000000000 0.000009645697
0.912500000000 0.712500000000 0.000009321037
0.912500000000 0.725000000000 0.000008984483
0.912500000000 0.737500000000 0.000008636847
0.912500000000 0.750000000000 0.000008279098
0.912500000000 0.762500000000 0.000007912027
0.912500000000 0.775000000000 0.000007536474
0.912500000000 0.787500000000 0.000007153231
0.912500000000 0.800000000000 0.000006763063
0.912500000000 0.812500000000 0.000006366535
0.912500000000 0.825000000000 0.000005964311
0.912500000000 0.837500000000 0.000005556952
0.912500000000 0.850000000000 0.000005145126
0.912500000000 0.862500000000 0.000004729202
0.912500000000 0.875000000000 0.000004309654
0.912500000000 0.887500000000 0.000003886944
0.912500000000 0.900000000000 0.000003461482
0.912500000000 0.912500000000 0.000003033681
0.912500000000 0.925000000000 0.000002603868
0.912500000000 0.937500000000 0.000002172386
0.912500000000 0.950000000000 0.000001739550
0.912500000000 0.962500000000 0.000001305582
0.912500000000 0.975000000000 0.000000870798
0.912500000000 0.987500000000 0.000000435531
0.912500000000 1.000000000000 0.000000000000

0.925000000000 0.000000000000 0.000000000000
0.925000000000 0.012500000000 0.000000373858
0.925000000000 0.025000000000 0.000000747513
0.925000000000 0.037500000000 0.000001120706
0.925000000000 0.050000000000 0.000001493210
0.925000000000 0.062500000000 0.000001864712
0.925000000000 0.075000000000 0.000002235020
0.925000000000 0.087500000000 0.000002603868
0.925000000000 0.100000000000 0.000002970963
0.925000000000 0.112500000000 0.000003336027
0.925000000000 0.125000000000 0.000003698632
0.925000000000 0.137500000000 0.000004058409
0.925000000000 0.150000000000 0.000004415036
0.925000000000 0.162500000000 0.000004768130
0.925000000000 0.175000000000 0.000005117299
0.925000000000 0.187500000000 0.000005461967
0.925000000000 0.200000000000 0.000005801675
0.925000000000 0.212500000000 0.000006135833
0.925000000000 0.225000000000 0.000006463950
0.925000000000 0.237500000000 0.000006785327
0.925000000000 0.250000000000 0.000007099371
0.925000000000 0.262500000000 0.000007405309
0.925000000000 0.275000000000 0.000007702565
0.925000000000 0.287500000000 0.000007990259
0.925000000000 0.300000000000 0.000008267658
0.925000000000 0.312500000000 0.000008533863
0.925000000000 0.325000000000 0.000008788102
0.925000000000 0.337500000000 0.000009029471
0.925000000000 0.350000000000 0.000009257183
0.925000000000 0.362500000000 0.000009470480
0.925000000000 0.375000000000 0.000009668579
0.925000000000 0.387500000000 0.000009850618
0.925000000000 0.400000000000 0.000010015878
0.925000000000 0.412500000000 0.000010163597
0.925000000000 0.425000000000 0.000010293083
0.925000000000 0.437500000000 0.000010403681
0.925000000000 0.450000000000 0.000010494899
0.925000000000 0.462500000000 0.000010566324
0.925000000000 0.475000000000 0.000010617588
0.925000000000 0.487500000000 0.000010648454
0.925000000000 0.500000000000 0.000010658741
0.925000000000 0.512500000000 0.000010648454
0.925000000000 0.525000000000 0.000010617588
0.925000000000 0.537500000000 0.000010566324
0.925000000000 0.550000000000 0.000010494899
0.925000000000 0.562500000000 0.000010403681
0.925000000000 0.575000000000 0.000010293083
0.925000000000 0.587500000000 0.000010163597
0.925000000000 0.600000000000 0.000010015878
0.925000000000 0.612500000000 0.000009850618
0.925000000000 0.625000000000 0.000009668579
0.925000000000 0.637500000000 0.000009470480
0.925000000000 0.650000000000 0.000009257183
0.925000000000 0.662500000000 0.000009029471
0.925000000000 0.675000000000 0.000008788102
0.925000000000 0.687500000000 0.000008533863
0.925000000000 0.700000000000 0.000008267658
0.925000000000 0.712500000000 0.000007990259
0.925000000000 0.725000000000 0.000007702565
0.925000000000 0.737500000000 0.000007405309
0.925000000000 0.750000000000 0.000007099371
0.925000000000 0.762500000000 0.000006785327
0.925000000000 0.775000000000 0.000006463950
0.925000000000 0.787500000000 0.000006135833
0.925000000000 0.800000000000 0.000005801675
0.925000000000 0.812500000000 0.000005461967
0.925000000000 0.825000000000 0.000005117299
0.925000000000 0.837500000000 0.000004768130
0.925000000000 0.850000000000 0.000004415036
0.925000000000 0.862500000000 0.000004058409
0.925000000000 0.875000000000 0.000003698632
0.925000000000 0.887500000000 0.000003336027
0.925000000000 0.900000000000 0.000002970963
0.925000000000 0.912500000000 0.000002603868
0.925000000000 0.925000000000 0.000002235020
0.925000000000 0.937500000000 0.000001864712
0.925000000000 0.950000000000 0.000001493210
0.925000000000 0.962500000000 0.000001120706
0.925000000000 0.975000000000 0.000000747513
0.925000000000 0.987500000000 0.000000373858
0.925000000000 1.000000000000 0.000000000000

0.937500000000 0.000000000000 0.000000000000
0.937500000000 0.012500000000 0.000000311959
0.937500000000 0.025000000000 0.000000623696
0.937500000000 0.037500000000 0.000000935061
0.937500000000 0.050000000000 0.000001245880
0.937500000000 0.062500000000 0.000001555795
0.937500000000 0.075000000000 0.000001864712
0.937500000000 0.087500000000 0.000002172386
0.937500000000 0.100000000000 0.000002478558
0.937500000000 0.112500000000 0.000002783019
0.937500000000 0.125000000000 0.000003085384
0.937500000000 0.137500000000 0.000003385303
0.937500000000 0.150000000000 0.000003682593
0.937500000000 0.162500000000 0.000003976920
0.937500000000 0.175000000000 0.000004267920
0.937500000000 0.187500000000 0.000004555102
0.937500000000 0.200000000000 0.000004838036
0.937500000000 0.212500000000 0.000005116303
0.937500000000 0.225000000000 0.000005389446
0.937500000000 0.237500000000 0.000005656907
0.937500000000 0.250000000000 0.000005918136
0.937500000000 0.262500000000 0.000006172616
0.937500000000 0.275000000000 0.000006419817
0.937500000000 0.287500000000 0.000006659061
0.937500000000 0.300000000000 0.000006889606
0.937500000000 0.312500000000 0.000007110750
0.937500000000 0.325000000000 0.000007321863
0.937500000000 0.337500000000 0.000007522245
0.937500000000 0.350000000000 0.000007711236
0.937500000000 0.362500000000 0.000007888222
0.937500000000 0.375000000000 0.000008052525
0.937500000000 0.387500000000 0.000008203443
0.937500000000 0.400000000000 0.000008340441
0.937500000000 0.412500000000 0.000008462858
0.937500000000 0.425000000000 0.000008570164
0.937500000000 0.437500000000 0.000008661751
0.937500000000 0.450000000000 0.000008737262
0.937500000000 0.462500000000 0.000008796407
0.937500000000 0.475000000000 0.000008838805
0.937500000000 0.487500000000 0.000008864320
0.937500000000 0.500000000000 0.000008872839
0.937500000000 0.512500000000 0.000008864320
0.937500000000 0.525000000000 0.000008838805
0.937500000000 0.537500000000 0.000008796407
0.937500000000 0.550000000000 0.000008737262
0.937500000000 0.562500000000 0.000008661751
0.937500000000 0.575000000000 0.000008570164
0.937500000000 0.587500000000 0.000008462858
0.937500000000 0.600000000000 0.000008340441
0.937500000000 0.612500000000 0.000008203443
0.937500000000 0.625000000000 0.000008052525
0.937500000000 0.637500000000 0.000007888222
0.937500000000 0.650000000000 0.000007711236
0.937500000000 0.662500000000 0.000007522245
0.937500000000 0.675000000000 0.000007321863
0.937500000000 0.687500000000 0.000007110750
0.937500000000 0.700000000000 0.000006889606
0.937500000000 0.712500000000 0.000006659061
0.937500000000 0.725000000000 0.000006419817
0.937500000000 0.737500000000 0.000006172616
0.937500000000 0.750000000000 0.000005918136
0.937500000000 0.762500000000 0.000005656907
0.937500000000 0.775000000000 0.000005389446
0.937500000000 0.787500000000 0.000005116303
0.937500000000 0.800000000000 0.000004838036
0.937500000000 0.812500000000 0.000004555102
0.937500000000 0.825000000000 0.000004267920
0.937500000000 0.837500000000 0.000003976920
0.937500000000 0.850000000000 0.000003682593
0.937500000000 0.862500000000 0.000003385303
0.937500000000 0.875000000000 0.000003085384
0.937500000000 0.887500000000 0.000002783019
0.937500000000 0.900000000000 0.000002478558
0.937500000000 0.912500000000 0.000002172386
0.937500000000 0.925000000000 0.000001864712
0.937500000000 0.937500000000 0.000001555795
0.937500000000 0.950000000000 0.000001245880
0.937500000000 0.962500000000 0.000000935061
0.937500000000 0.975000000000 0.000000623696
0.937500000000 0.987500000000 0.000000311959
0.937500000000 1.000000000000 0.000000000000

0.950000000000 0.000000000000 0.000000000000
0.950000000000 0.012500000000 0.000000249814
0.950000000000 0.025000000000 0.000000499479
0.950000000000 0.037500000000 0.000000748834
0.950000000000 0.050000000000 0.000000997755
0.950000000000 0.062500000000 0.000001245880
0.950000000000 0.075000000000 0.000001493210
0.950000000000 0.087500000000 0.000001739550
0.950000000000 0.100000000000 0.000001984659
0.950000000000 0.112500000000 0.000002228360
0.950000000000 0.125000000000 0.000002470368
0.950000000000 0.137500000000 0.000002710435
0.950000000000 0.150000000000 0.000002948344
0.950000000000 0.162500000000 0.000003183828
0.950000000000 0.175000000000 0.000003416629
0.950000000000 0.187500000000 0.000003646310
0.950000000000 0.200000000000 0.000003872564
0.950000000000 0.212500000000 0.000004095025
0.950000000000 0.225000000000 0.000004313312
0.950000000000 0.237500000000 0.000004527050
0.950000000000 0.250000000000 0.000004735770
0.950000000000 0.262500000000 0.000004939083
0.950000000000 0.275000000000 0.000005136498
0.950000000000 0.287500000000 0.000005327529
0.950000000000 0.300000000000 0.000005511569
0.950000000000 0.312500000000 0.000005688032
0.950000000000 0.325000000000 0.000005856462
0.950000000000 0.337500000000 0.000006016289
0.950000000000 0.350000000000 0.000006166987
0.950000000000 0.362500000000 0.000006308077
0.950000000000 0.375000000000 0.000006439011
0.950000000000 0.387500000000 0.000006559249
0.950000000000 0.400000000000 0.000006668393
0.950000000000 0.412500000000 0.000006765905
0.950000000000 0.425000000000 0.000006851362
0.950000000000 0.437500000000 0.000006924249
0.950000000000 0.450000000000 0.000006984338
0.950000000000 0.462500000000 0.000007031407
0.950000000000 0.475000000000 0.000007065132
0.950000000000 0.487500000000 0.000007085420
0.950000000000 0.500000000000 0.000007092195
0.950000000000 0.512500000000 0.000007085420
0.950000000000 0.525000000000 0.000007065132
0.950000000000 0.537500000000 0.000007031407
0.950000000000 0.550000000000 0.000006984338
0.950000000000 0.562500000000 0.000006924249
0.950000000000 0.575000000000 0.000006851362
0.950000000000 0.587500000000 0.000006765905
0.950000000000 0.600000000000 0.000006668393
0.950000000000 0.612500000000 0.000006559249
0.950000000000 0.625000000000 0.000006439011
0.950000000000 0.637500000000 0.000006308077
0.950000000000 0.650000000000 0.000006166987
0.950000000000 0.662500000000 0.000006016289
0.950000000000 0.675000000000 0.000005856462
0.950000000000 0.687500000000 0.000005688032
0.950000000000 0.700000000000 0.000005511569
0.950000000000 0.712500000000 0.000005327529
0.950000000000 0.725000000000 0.000005136498
0.950000000000 0.737500000000 0.000004939083
0.950000000000 0.750000000000 0.000004735770
0.950000000000 0.762500000000 0.000004527050
0.950000000000 0.775000000000 0.000004313312
0.950000000000 0.787500000000 0.000004095025
0.950000000000 0.800000000000 0.000003872564
0.950000000000 0.812500000000 0.000003646310
0.950000000000 0.825000000000 0.000003416629
0.950000000000 0.837500000000 0.000003183828
0.950000000000 0.850000000000 0.000002948344
0.950000000000 0.862500000000 0.000002710435
0.950000000000 0.875000000000 0.000002470368
0.950000000000 0.887500000000 0.000002228360
0.950000000000 0.900000000000 0.000001984659
0.950000000000 0.912500000000 0.000001739550
0.950000000000 0.925000000000 0.000001493210
0.950000000000 0.937500000000 0.000001245880
0.950000000000 0.950000000000 0.000000997755
0.950000000000 0.962500000000 0.000000748834
0.950000000000 0.975000000000 0.000000499479
0.950000000000 0.987500000000 0.000000249814
0.950000000000 1.000000000000 0.000000000000

0.962500000000 0.000000000000 0.000000000000
0.962500000000 0.012500000000 0.000000187466
0.962500000000 0.025000000000 0.000000374877
0.962500000000 0.037500000000 0.000000562022
0.962500000000 0.050000000000 0.000000748834
0.962500000000 0.062500000000 0.000000935061
0.962500000000 0.075000000000 0.000001120706
0.962500000000 0.087500000000 0.000001305582
0.962500000000 0.100000000000 0.000001489547
0.962500000000 0.112500000000 0.000001672402
0.962500000000 0.125000000000 0.000001853979
0.962500000000 0.137500000000 0.000002034114
0.962500000000 0.150000000000 0.000002212598
0.962500000000 0.162500000000 0.000002389245
0.962500000000 0.175000000000 0.000002563817
0.962500000000 0.187500000000 0.000002736056
0.962500000000 0.200000000000 0.000002905699
0.962500000000 0.212500000000 0.000003072448
0.962500000000 0.225000000000 0.000003236023
0.962500000000 0.237500000000 0.000003396172
0.962500000000 0.250000000000 0.000003552562
0.962500000000 0.262500000000 0.000003704858
0.962500000000 0.275000000000 0.000003852725
0.962500000000 0.287500000000 0.000003995789
0.962500000000 0.300000000000 0.000004133577
0.962500000000 0.312500000000 0.000004265672
0.962500000000 0.325000000000 0.000004391730
0.962500000000 0.337500000000 0.000004511344
0.962500000000 0.350000000000 0.000004624076
0.962500000000 0.362500000000 0.000004729602
0.962500000000 0.375000000000 0.000004827504
0.962500000000 0.387500000000 0.000004917434
0.962500000000 0.400000000000 0.000004999059
0.962500000000 0.412500000000 0.000005071935
0.962500000000 0.425000000000 0.000005135775
0.962500000000 0.437500000000 0.000005190200
0.962500000000 0.450000000000 0.000005235108
0.962500000000 0.462500000000 0.000005270224
0.962500000000 0.475000000000 0.000005295400
0.962500000000 0.487500000000 0.000005310560
0.962500000000 0.500000000000 0.000005315585
0.962500000000 0.512500000000 0.000005310560
0.962500000000 0.525000000000 0.000005295400
0.962500000000 0.537500000000 0.000005270224
0.962500000000 0.550000000000 0.000005235108
0.962500000000 0.562500000000 0.000005190200
0.962500000000 0.575000000000 0.000005135775
0.962500000000 0.587500000000 0.000005071935
0.962500000000 0.600000000000 0.000004999059
0.962500000000 0.612500000000 0.000004917434
0.962500000000 0.625000000000 0.000004827504
0.962500000000 0.637500000000 0.000004729602
0.962500000000 0.650000000000 0.000004624076
0.962500000000 0.662500000000 0.000004511344
0.962500000000 0.675000000000 0.000004391730
0.962500000000 0.687500000000 0.000004265672
0.962500000000 0.700000000000 0.000004133577
0.962500000000 0.712500000000 0.000003995789
0.962500000000 0.725000000000 0.000003852725
0.962500000000 0.737500000000 0.000003704858
0.962500000000 0.750000000000 0.000003552562
0.962500000000 0.762500000000 0.000003396172
0.962500000000 0.775000000000 0.000003236023
0.962500000000 0.787500000000 0.000003072448
0.962500000000 0.800000000000 0.000002905699
0.962500000000 0.812500000000 0.000002736056
0.962500000000 0.825000000000 0.000002563817
0.962500000000 0.837500000000 0.000002389245
0.962500000000 0.850000000000 0.000002212598
0.962500000000 0.862500000000 0.000002034114
0.962500000000 0.875000000000 0.000001853979
0.962500000000 0.887500000000 0.000001672402
0.962500000000 0.900000000000 0.000001489547
0.962500000000 0.912500000000 0.000001305582
0.962500000000 0.925000000000 0.000001120706
0.962500000000 0.937500000000 0.000000935061
0.962500000000 0.950000000000 0.000000748834
0.962500000000 0.962500000000 0.000000562022
0.962500000000 0.975000000000 0.000000374877
0.962500000000 0.987500000000 0.000000187466
0.962500000000 1.000000000000 0.000000000000

0.975000000000 0.000000000000 0.000000000000
0.975000000000 0.012500000000 0.000000125079
0.975000000000 0.025000000000 0.000000250069
0.975000000000 0.037500000000 0.000000374877
0.975000000000 0.050000000000 0.000000499479
0.975000000000 0.062500000000 0.000000623696
0.975000000000 0.075000000000 0.000000747513
0.975000000000 0.087500000000 0.000000870798
0.975000000000 0.100000000000 0.000000993474
0.975000000000 0.112500000000 0.000001115422
0.975000000000 0.125000000000 0.000001236536
0.975000000000 0.137500000000 0.000001356650
0.975000000000 0.150000000000 0.000001475691
0.975000000000 0.162500000000 0.000001593470
0.975000000000 0.175000000000 0.000001709866
0.975000000000 0.187500000000 0.000001824687
0.975000000000 0.200000000000 0.000001937725
0.975000000000 0.212500000000 0.000002048861
0.975000000000 0.225000000000 0.000002157864
0.975000000000 0.237500000000 0.000002264571
0.975000000000 0.250000000000 0.000002368725
0.975000000000 0.262500000000 0.000002470153
0.975000000000 0.275000000000 0.000002568640
0.975000000000 0.287500000000 0.000002663902
0.975000000000 0.300000000000 0.000002755615
0.975000000000 0.312500000000 0.000002843581
0.975000000000 0.325000000000 0.000002927490
0.975000000000 0.337500000000 0.000003007129
0.975000000000 0.350000000000 0.000003082192
0.975000000000 0.362500000000 0.000003152397
0.975000000000 0.375000000000 0.000003217547
0.975000000000 0.387500000000 0.000003277356
0.975000000000 0.400000000000 0.000003331665
0.975000000000 0.412500000000 0.000003380096
0.975000000000 0.425000000000 0.000003422511
0.975000000000 0.437500000000 0.000003458724
0.975000000000 0.450000000000 0.000003488567
0.975000000000 0.462500000000 0.000003511890
0.975000000000 0.475000000000 0.000003528644
0.975000000000 0.487500000000 0.000003538728
0.975000000000 0.500000000000 0.000003542060
0.975000000000 0.512500000000 0.000003538728
0.975000000000 0.525000000000 0.000003528644
0.975000000000 0.537500000000 0.000003511890
0.975000000000 0.550000000000 0.000003488567
0.975000000000 0.562500000000 0.000003458724
0.975000000000 0.575000000000 0.000003422511
0.975000000000 0.587500000000 0.000003380096
0.975000000000 0.600000000000 0.000003331665
0.975000000000 0.612500000000 0.000003277356
0.975000000000 0.625000000000 0.000003217547
0.975000000000 0.637500000000 0.000003152397
0.975000000000 0.650000000000 0.000003082192
0.975000000000 0.662500000000 0.000003007129
0.975000000000 0.675000000000 0.000002927490
0.975000000000 0.687500000000 0.000002843581
0.975000000000 0.700000000000 0.000002755615
0.975000000000 0.712500000000 0.000002663902
0.975000000000 0.725000000000 0.000002568640
0.975000000000 0.737500000000 0.000002470153
0.975000000000 0.750000000000 0.000002368725
0.975000000000 0.762500000000 0.000002264571
0.975000000000 0.775000000000 0.000002157864
0.975000000000 0.787500000000 0.000002048861
0.975000000000 0.800000000000 0.000001937725
0.975000000000 0.812500000000 0.000001824687
0.975000000000 0.825000000000 0.000001709866
0.975000000000 0.837500000000 0.000001593470
0.975000000000 0.850000000000 0.000001475691
0.975000000000 0.862500000000 0.000001356650
0.975000000000 0.875000000000 0.000001236536
0.975000000000 0.887500000000 0.000001115422
0.975000000000 0.900000000000 0.000000993474
0.975000000000 0.912500000000 0.000000870798
0.975000000000 0.925000000000 0.000000747513
0.975000000000 0.937500000000 0.000000623696
0.975000000000 0.950000000000 0.000000499479
0.975000000000 0.962500000000 0.000000374877
0.975000000000 0.975000000000 0.000000250069
0.975000000000 0.987500000000 0.000000125079
0.975000000000 1.000000000000 0.000000000000

0.987500000000 0.000000000000 0.000000000000
0.987500000000 0.012500000000 0.000000062551
0.987500000000 0.025000000000 0.000000125079
0.987500000000 0.037500000000 0.000000187466
0.987500000000 0.050000000000 0.000000249814
0.987500000000 0.062500000000 0.000000311959
0.987500000000 0.075000000000 0.000000373858
0.987500000000 0.087500000000 0.000000435531
0.987500000000 0.100000000000 0.000000496878
0.987500000000 0.112500000000 0.000000557855
0.987500000000 0.125000000000 0.000000618430
0.987500000000 0.137500000000 0.000000678492
0.987500000000 0.150000000000 0.000000738032
0.987500000000 0.162500000000 0.000000796923
0.987500000000 0.175000000000 0.000000855139
0.987500000000 0.187500000000 0.000000912554
0.987500000000 0.200000000000 0.000000969043
0.987500000000 0.212500000000 0.000001024593
0.987500000000 0.225000000000 0.000001079085
0.987500000000 0.237500000000 0.000001132403
0.987500000000 0.250000000000 0.000001184487
0.987500000000 0.262500000000 0.000001235177
0.987500000000 0.275000000000 0.000001284395
0.987500000000 0.287500000000 0.000001331981
0.987500000000 0.300000000000 0.000001377795
0.987500000000 0.312500000000 0.000001421729
0.987500000000 0.325000000000 0.000001463649
0.987500000000 0.337500000000 0.000001503433
0.987500000000 0.350000000000 0.000001540928
0.987500000000 0.362500000000 0.000001575989
0.987500000000 0.375000000000 0.000001608541
0.987500000000 0.387500000000 0.000001638403
0.987500000000 0.400000000000 0.000001665506
0.987500000000 0.412500000000 0.000001689694
0.987500000000 0.425000000000 0.000001710880
0.987500000000 0.437500000000 0.000001728942
0.987500000000 0.450000000000 0.000001743826
0.987500000000 0.462500000000 0.000001755467
0.987500000000 0.475000000000 0.000001763822
0.987500000000 0.487500000000 0.000001768870
0.987500000000 0.500000000000 0.000001770555
0.987500000000 0.512500000000 0.000001768870
0.987500000000 0.525000000000 0.000001763822
0.987500000000 0.537500000000 0.000001755467
0.987500000000 0.550000000000 0.000001743826
0.987500000000 0.562500000000 0.000001728942
0.987500000000 0.575000000000 0.000001710880
0.987500000000 0.587500000000 0.000001689694
0.987500000000 0.600000000000 0.000001665506
0.987500000000 0.612500000000 0.000001638403
0.987500000000 0.625000000000 0.000001608541
0.987500000000 0.637500000000 0.000001575989
0.987500000000 0.650000000000 0.000001540928
0.987500000000 0.662500000000 0.000001503433
0.987500000000 0.675000000000 0.000001463649
0.987500000000 0.687500000000 0.000001421729
0.987500000000 0.700000000000 0.000001377795
0.987500000000 0.712500000000 0.000001331981
0.987500000000 0.725000000000 0.000001284395
0.987500000000 0.737500000000 0.000001235177
0.987500000000 0.750000000000 0.000001184487
0.987500000000 0.762500000000 0.000001132403
0.987500000000 0.775000000000 0.000001079085
0.987500000000 0.787500000000 0.000001024593
0.987500000000 0.800000000000 0.000000969043
0.987500000000 0.812500000000 0.000000912554
0.987500000000 0.825000000000 0.000000855139
0.987500000000 0.837500000000 0.000000796923
0.987500000000 0.850000000000 0.000000738032
0.987500000000 0.862500000000 0.000000678492
0.987500000000 0.875000000000 0.000000618430
0.987500000000 0.887500000000 0.000000557855
0.987500000000 0.900000000000 0.000000496878
0.987500000000 0.912500000000 0.000000435531
0.987500000000 0.925000000000 0.000000373858
0.987500000000 0.937500000000 0.000000311959
0.987500000000 0.950000000000 0.000000249814
0.987500000000 0.962500000000 0.000000187466
0.987500000000 0.975000000000 0.000000125079
0.987500000000 0.987500000000 0.000000062551
0.987500000000 1.000000000000 0.000000000000

1.000000000000 0.000000000000 0.000000000000
1.000000000000 0.012500000000 0.000000000000
1.000000000000 0.025000000000 0.000000000000
1.000000000000 0.037500000000 0.000000000000
1.000000000000 0.050000000000 0.000000000000
1.000000000000 0.062500000000 0.000000000000
1.000000000000 0.075000000000 0.000000000000
1.000000000000 0.087500000000 0.000000000000
1.000000000000 0.100000000000 0.000000000000
1.000000000000 0.112500000000 0.000000000000
1.000000000000 0.125000000000 0.000000000000
1.000000000000 0.137500000000 0.000000000000
1.000000000000 0.150000000000 0.000000000000
1.000000000000 0.162500000000 0.000000000000
1.000000000000 0.175000000000 0.000000000000
1.000000000000 0.187500000000 0.000000000000
1.000000000000 0.200000000000 0.000000000000
1.000000000000 0.212500000000 0.000000000000
1.000000000000 0.225000000000 0.000000000000
1.000000000000 0.237500000000 0.000000000000
1.000000000000 0.250000000000 0.000000000000
1.000000000000 0.262500000000 0.000000000000
1.000000000000 0.275000000000 0.000000000000
1.000000000000 0.287500000000 0.000000000000
1.000000000000 0.300000000000 0.000000000000
1.000000000000 0.312500000000 0.000000000000
1.000000000000 0.325000000000 0.000000000000
1.000000000000 0.337500000000 0.000000000000
1.000000000000 0.350000000000 0.000000000000
1.000000000000 0.362500000000 0.000000000000
1.000000000000 0.375000000000 0.000000000000
1.000000000000 0.387500000000 0.000000000000
1.000000000000 0.400000000000 0.000000000000
1.000000000000 0.412500000000 0.000000000000
1.000000000000 0.425000000000 0.000000000000
1.000000000000 0.437500000000 0.000000000000
1.000000000000 0.450000000000 0.000000000000
1.000000000000 0.462500000000 0.000000000000
1.000000000000 0.475000000000 0.000000000000
1.000000000000 0.487500000000 0.000000000000
1.000000000000 0.500000000000 0.000000000000
1.000000000000 0.512500000000 0.000000000000
1.000000000000 0.525000000000 0.000000000000
1.000000000000 0.537500000000 0.000000000000
1.000000000000 0.550000000000 0.000000000000
1.000000000000 0.562500000000 0.000000000000
1.000000000000 0.575000000000 0.000000000000
1.000000000000 0.587500000000 0.000000000000
1.000000000000 0.600000000000 0.000000000000
1.000000000000 0.612500000000 0.000000000000
1.000000000000 0.625000000000 0.000000000000
1.000000000000 0.637500000000 0.000000000000
1.000000000000 0.650000000000 0.000000000000
1.000000000000 0.662500000000 0.000000000000
1.000000000000 0.675000000000 0.000000000000
1.000000000000 0.687500000000 0.000000000000
1.000000000000 0.700000000000 0.000000000000
1.000000000000 0.712500000000 0.000000000000
1.000000000000 0.725000000000 0.000000000000
1.000000000000 0.737500000000 0.000000000000
1.000000000000 0.750000000000 0.000000000000
1.000000000000 0.762500000000 0.000000000000
1.000000000000 0.775000000000 0.000000000000
1.000000000000 0.787500000000 0.000000000000
1.000000000000 0.800000000000 0.000000000000
1.000000000000 0.812500000000 0.000000000000
1.000000000000 0.825000000000 0.000000000000
1.000000000000 0.837500000000 0.000000000000
1.000000000000 0.850000000000 0.000000000000
1.000000000000 0.862500000000 0.000000000000
1.000000000000 0.875000000000 0.000000000000
1.000000000000 0.887500000000 0.000000000000
1.000000000000 0.900000000000 0.000000000000
1.000000000000 0.912500000000 0.000000000000
1.000000000000 0.925000000000 0.000000000000
1.000000000000 0.937500000000 0.000000000000
1.000000000000 0.950000000000 0.000000000000
1.000000000000 0.962500000000 0.000000000000
1.000000000000 0.975000000000 0.000000000000
1.000000000000 0.987500000000 0.000000000000
1.000000000000 1.000000000000 0.000000000000

