# x y u
0.000000000000 0.000000000000 0.000000000000
0.000000000000 0.012500000000 0.000000000000
0.000000000000 0.025000000000 0.000000000000
0.000000000000 0.037500000000 0.000000000000
0.000000000000 0.050000000000 0.000000000000
0.000000000000 0.062500000000 0.000000000000
0.000000000000 0.075000000000 0.000000000000
0.000000000000 0.087500000000 0.000000000000
0.000000000000 0.100000000000 0.000000000000
0.000000000000 0.112500000000 0.000000000000
0.000000000000 0.125000000000 0.000000000000
0.000000000000 0.137500000000 0.000000000000
0.000000000000 0.150000000000 0.000000000000
0.000000000000 0.162500000000 0.000000000000
0.000000000000 0.175000000000 0.000000000000
0.000000000000 0.187500000000 0.000000000000
0.000000000000 0.200000000000 0.000000000000
0.000000000000 0.212500000000 0.000000000000
0.000000000000 0.225000000000 0.000000000000
0.000000000000 0.237500000000 0.000000000000
0.000000000000 0.250000000000 0.000000000000
0.000000000000 0.262500000000 0.000000000000
0.000000000000 0.275000000000 0.000000000000
0.000000000000 0.287500000000 0.000000000000
0.000000000000 0.300000000000 0.000000000000
0.000000000000 0.312500000000 0.000000000000
0.000000000000 0.325000000000 0.000000000000
0.000000000000 0.337500000000 0.000000000000
0.000000000000 0.350000000000 0.000000000000
0.000000000000 0.362500000000 0.000000000000
0.000000000000 0.375000000000 0.000000000000
0.000000000000 0.387500000000 0.000000000000
0.000000000000 0.400000000000 0.000000000000
0.000000000000 0.412500000000 0.000000000000
0.000000000000 0.425000000000 0.000000000000
0.000000000000 0.437500000000 0.000000000000
0.000000000000 0.450000000000 0.000000000000
0.000000000000 0.462500000000 0.000000000000
0.000000000000 0.475000000000 0.000000000000
0.000000000000 0.487500000000 0.000000000000
0.000000000000 0.500000000000 0.000000000000
0.000000000000 0.512500000000 0.000000000000
0.000000000000 0.525000000000 0.000000000000
0.000000000000 0.537500000000 0.000000000000
0.000000000000 0.550000000000 0.000000000000
0.000000000000 0.562500000000 0.000000000000
0.000000000000 0.575000000000 0.000000000000
0.000000000000 0.587500000000 0.000000000000
0.000000000000 0.600000000000 0.000000000000
0.000000000000 0.612500000000 0.000000000000
0.000000000000 0.625000000000 0.000000000000
0.000000000000 0.637500000000 0.000000000000
0.000000000000 0.650000000000 0.000000000000
0.000000000000 0.662500000000 0.000000000000
0.000000000000 0.675000000000 0.000000000000
0.000000000000 0.687500000000 0.000000000000
0.000000000000 0.700000000000 0.000000000000
0.000000000000 0.712500000000 0.000000000000
0.000000000000 0.725000000000 0.000000000000
0.000000000000 0.737500000000 0.000000000000
0.000000000000 0.750000000000 0.000000000000
0.000000000000 0.762500000000 0.000000000000
0.000000000000 0.775000000000 0.000000000000
0.000000000000 0.787500000000 0.000000000000
0.000000000000 0.800000000000 0.000000000000
0.000000000000 0.812500000000 0.000000000000
0.000000000000 0.825000000000 0.000000000000
0.000000000000 0.837500000000 0.000000000000
0.000000000000 0.850000000000 0.000000000000
0.000000000000 0.862500000000 0.000000000000
0.000000000000 0.875000000000 0.000000000000
0.000000000000 0.887500000000 0.000000000000
0.000000000000 0.900000000000 0.000000000000
0.000000000000 0.912500000000 0.000000000000
0.000000000000 0.925000000000 0.000000000000
0.000000000000 0.937500000000 0.000000000000
0.000000000000 0.950000000000 0.000000000000
0.000000000000 0.962500000000 0.000000000000
0.000000000000 0.975000000000 0.000000000000
0.000000000000 0.987500000000 0.000000000000
0.000000000000 1.000000000000 0.000000000000

0.012500000000 0.000000000000 0.000000000000
0.012500000000 0.012500000000 -0.000000063004
0.012500000000 0.025000000000 -0.000000125954
0.012500000000 0.037500000000 -0.000000188794
0.012500000000 0.050000000000 -0.000000251469
0.012500000000 0.062500000000 -0.000000313922
0.012500000000 0.075000000000 -0.000000376096
0.012500000000 0.087500000000 -0.000000437930
0.012500000000 0.100000000000 -0.000000499363
0.012500000000 0.112500000000 -0.000000560333
0.012500000000 0.125000000000 -0.000000620772
0.012500000000 0.137500000000 -0.000000680612
0.012500000000 0.150000000000 -0.000000739780
0.012500000000 0.162500000000 -0.000000798203
0.012500000000 0.175000000000 -0.000000855800
0.012500000000 0.187500000000 -0.000000912491
0.012500000000 0.200000000000 -0.000000968189
0.012500000000 0.212500000000 -0.000001022804
0.012500000000 0.225000000000 -0.000001076243
0.012500000000 0.237500000000 -0.000001128409
0.012500000000 0.250000000000 -0.000001179200
0.012500000000 0.262500000000 -0.000001228514
0.012500000000 0.275000000000 -0.000001276242
0.012500000000 0.287500000000 -0.000001322274
0.012500000000 0.300000000000 -0.000001366498
0.012500000000 0.312500000000 -0.000001408801
0.012500000000 0.325000000000 -0.000001449067
0.012500000000 0.337500000000 -0.000001487183
0.012500000000 0.350000000000 -0.000001523033
0.012500000000 0.362500000000 -0.000001556507
0.012500000000 0.375000000000 -0.000001587494
0.012500000000 0.387500000000 -0.000001615890
0.012500000000 0.400000000000 -0.000001641596
0.012500000000 0.412500000000 -0.000001664517
0.012500000000 0.425000000000 -0.000001684567
0.012500000000 0.437500000000 -0.000001701671
0.012500000000 0.450000000000 -0.000001715760
0.012500000000 0.462500000000 -0.000001726779
0.012500000000 0.475000000000 -0.000001734682
0.012500000000 0.487500000000 -0.000001739437
0.012500000000 0.500000000000 -0.000001741024
0.012500000000 0.512500000000 -0.000001739437
0.012500000000 0.525000000000 -0.000001734682
0.012500000000 0.537500000000 -0.000001726779
0.012500000000 0.550000000000 -0.000001715760
0.012500000000 0.562500000000 -0.000001701671
0.012500000000 0.575000000000 -0.000001684567
0.012500000000 0.587500000000 -0.000001664517
0.012500000000 0.600000000000 -0.000001641596
0.012500000000 0.612500000000 -0.000001615890
0.012500000000 0.625000000000 -0.000001587494
0.012500000000 0.637500000000 -0.000001556507
0.012500000000 0.650000000000 -0.000001523033
0.012500000000 0.662500000000 -0.000001487183
0.012500000000 0.675000000000 -0.000001449067
0.012500000000 0.687500000000 -0.000001408801
0.012500000000 0.700000000000 -0.000001366498
0.012500000000 0.712500000000 -0.000001322274
0.012500000000 0.725000000000 -0.000001276242
0.012500000000 0.737500000000 -0.000001228514
0.012500000000 0.750000000000 -0.000001179200
0.012500000000 0.762500000000 -0.000001128409
0.012500000000 0.775000000000 -0.000001076243
0.012500000000 0.787500000000 -0.000001022804
0.012500000000 0.800000000000 -0.000000968189
0.012500000000 0.812500000000 -0.000000912491
0.012500000000 0.825000000000 -0.000000855800
0.012500000000 0.837500000000 -0.000000798203
0.012500000000 0.850000000000 -0.000000739780
0.012500000000 0.862500000000 -0.000000680612
0.012500000000 0.875000000000 -0.000000620772
0.012500000000 0.887500000000 -0.000000560333
0.012500000000 0.900000000000 -0.000000499363
0.012500000000 0.912500000000 -0.000000437930
0.012500000000 0.925000000000 -0.000000376096
0.012500000000 0.937500000000 -0.000000313922
0.012500000000 0.950000000000 -0.000000251469
0.012500000000 0.962500000000 -0.000000188794
0.012500000000 0.975000000000 -0.000000125954
0.012500000000 0.987500000000 -0.000000063004
0.012500000000 1.000000000000 0.000000000000

0.025000000000 0.000000000000 0.000000000000
0.025000000000 0.012500000000 -0.000000125954
0.025000000000 0.025000000000 -0.000000251799
0.025000000000 0.037500000000 -0.000000377426
0.025000000000 0.050000000000 -0.000000502724
0.025000000000 0.062500000000 -0.000000627580
0.025000000000 0.075000000000 -0.000000751878
0.025000000000 0.087500000000 -0.000000875500
0.025000000000 0.100000000000 -0.000000998324
0.025000000000 0.112500000000 -0.000001120223
0.025000000000 0.125000000000 -0.000001241065
0.025000000000 0.137500000000 -0.000001360712
0.025000000000 0.150000000000 -0.000001479021
0.025000000000 0.162500000000 -0.000001595843
0.025000000000 0.175000000000 -0.000001711019
0.025000000000 0.187500000000 -0.000001824387
0.025000000000 0.200000000000 -0.000001935775
0.025000000000 0.212500000000 -0.000002045003
0.025000000000 0.225000000000 -0.000002151885
0.025000000000 0.237500000000 -0.000002256226
0.025000000000 0.250000000000 -0.000002357824
0.025000000000 0.262500000000 -0.000002456472
0.025000000000 0.275000000000 -0.000002551953
0.025000000000 0.287500000000 -0.000002644049
0.025000000000 0.300000000000 -0.000002732533
0.025000000000 0.312500000000 -0.000002817179
0.025000000000 0.325000000000 -0.000002897755
0.025000000000 0.337500000000 -0.000002974032
0.025000000000 0.350000000000 -0.000003045782
0.025000000000 0.362500000000 -0.000003112779
0.025000000000 0.375000000000 -0.000003174804
0.025000000000 0.387500000000 -0.000003231645
0.025000000000 0.400000000000 -0.000003283104
0.025000000000 0.412500000000 -0.000003328991
0.025000000000 0.425000000000 -0.000003369133
0.025000000000 0.437500000000 -0.000003403377
0.025000000000 0.450000000000 -0.000003431587
0.025000000000 0.462500000000 -0.000003453650
0.025000000000 0.475000000000 -0.000003469474
0.025000000000 0.487500000000 -0.000003478995
0.025000000000 0.500000000000 -0.000003482173
0.025000000000 0.512500000000 -0.000003478995
0.025000000000 0.525000000000 -0.000003469474
0.025000000000 0.537500000000 -0.000003453650
0.025000000000 0.550000000000 -0.000003431587
0.025000000000 0.562500000000 -0.000003403377
0.025000000000 0.575000000000 -0.000003369133
0.025000000000 0.587500000000 -0.000003328991
0.025000000000 0.600000000000 -0.000003283104
0.025000000000 0.612500000000 -0.000003231645
0.025000000000 0.625000000000 -0.000003174804
0.025000000000 0.637500000000 -0.000003112779
0.025000000000 0.650000000000 -0.000003045782
0.025000000000 0.662500000000 -0.000002974032
0.025000000000 0.675000000000 -0.000002897755
0.025000000000 0.687500000000 -0.000002817179
0.025000000000 0.700000000000 -0.000002732533
0.025000000000 0.712500000000 -0.000002644049
0.025000000000 0.725000000000 -0.000002551953
0.025000000000 0.737500000000 -0.000002456472
0.025000000000 0.750000000000 -0.000002357824
0.025000000000 0.762500000000 -0.000002256226
0.025000000000 0.775000000000 -0.000002151885
0.025000000000 0.787500000000 -0.000002045003
0.025000000000 0.800000000000 -0.000001935775
0.025000000000 0.812500000000 -0.000001824387
0.025000000000 0.825000000000 -0.000001711019
0.025000000000 0.837500000000 -0.000001595843
0.025000000000 0.850000000000 -0.000001479021
0.025000000000 0.862500000000 -0.000001360712
0.025000000000 0.875000000000 -0.000001241065
0.025000000000 0.887500000000 -0.000001120223
0.025000000000 0.900000000000 -0.000000998324
0.025000000000 0.912500000000 -0.000000875500
0.025000000000 0.925000000000 -0.000000751878
0.025000000000 0.937500000000 -0.000000627580
0.025000000000 0.950000000000 -0.000000502724
0.025000000000 0.962500000000 -0.000000377426
0.025000000000 0.975000000000 -0.000000251799
0.025000000000 0.987500000000 -0.000000125954
0.025000000000 1.000000000000 0.000000000000

0.037500000000 0.000000000000 0.000000000000
0.037500000000 0.012500000000 -0.000000188794
0.037500000000 0.025000000000 -0.000000377426
0.037500000000 0.037500000000 -0.000000565733
0.037500000000 0.050000000000 -0.000000753549
0.037500000000 0.062500000000 -0.000000940705
0.037500000000 0.075000000000 -0.000001127031
0.037500000000 0.087500000000 -0.000001312349
0.037500000000 0.100000000000 -0.000001496477
0.037500000000 0.112500000000 -0.000001679225
0.037500000000 0.125000000000 -0.000001860396
0.037500000000 0.137500000000 -0.000002039786
0.037500000000 0.150000000000 -0.000002217179
0.037500000000 0.162500000000 -0.000002392353
0.037500000000 0.175000000000 -0.000002565072
0.037500000000 0.187500000000 -0.000002735091
0.037500000000 0.200000000000 -0.000002902153
0.037500000000 0.212500000000 -0.000003065989
0.037500000000 0.225000000000 -0.000003226320
0.037500000000 0.237500000000 -0.000003382855
0.037500000000 0.250000000000 -0.000003535290
0.037500000000 0.262500000000 -0.000003683313
0.037500000000 0.275000000000 -0.000003826600
0.037500000000 0.287500000000 -0.000003964822
0.037500000000 0.300000000000 -0.000004097638
0.037500000000 0.312500000000 -0.000004224707
0.037500000000 0.325000000000 -0.000004345681
0.037500000000 0.337500000000 -0.000004460214
0.037500000000 0.350000000000 -0.000004567960
0.037500000000 0.362500000000 -0.000004668581
0.037500000000 0.375000000000 -0.000004761744
0.037500000000 0.387500000000 -0.000004847131
0.037500000000 0.400000000000 -0.000004924439
0.037500000000 0.412500000000 -0.000004993382
0.037500000000 0.425000000000 -0.000005053701
0.037500000000 0.437500000000 -0.000005105160
0.037500000000 0.450000000000 -0.000005147554
0.037500000000 0.462500000000 -0.000005180710
0.037500000000 0.475000000000 -0.000005204494
0.037500000000 0.487500000000 -0.000005218804
0.037500000000 0.500000000000 -0.000005223580
0.037500000000 0.512500000000 -0.000005218804
0.037500000000 0.525000000000 -0.000005204494
0.037500000000 0.537500000000 -0.000005180710
0.037500000000 0.550000000000 -0.000005147554
0.037500000000 0.562500000000 -0.000005105160
0.037500000000 0.575000000000 -0.000005053701
0.037500000000 0.587500000000 -0.000004993382
0.037500000000 0.600000000000 -0.000004924439
0.037500000000 0.612500000000 -0.000004847131
0.037500000000 0.625000000000 -0.000004761744
0.037500000000 0.637500000000 -0.000004668581
0.037500000000 0.650000000000 -0.000004567960
0.037500000000 0.662500000000 -0.000004460214
0.037500000000 0.675000000000 -0.000004345681
0.037500000000 0.687500000000 -0.000004224707
0.037500000000 0.700000000000 -0.000004097638
0.037500000000 0.712500000000 -0.000003964822
0.037500000000 0.725000000000 -0.000003826600
0.037500000000 0.737500000000 -0.000003683313
0.037500000000 0.750000000000 -0.000003535290
0.037500000000 0.762500000000 -0.000003382855
0.037500000000 0.775000000000 -0.000003226320
0.037500000000 0.787500000000 -0.000003065989
0.037500000000 0.800000000000 -0.000002902153
0.037500000000 0.812500000000 -0.000002735091
0.037500000000 0.825000000000 -0.000002565072
0.037500000000 0.837500000000 -0.000002392353
0.037500000000 0.850000000000 -0.000002217179
0.037500000000 0.862500000000 -0.000002039786
0.037500000000 0.875000000000 -0.000001860396
0.037500000000 0.887500000000 -0.000001679225
0.037500000000 0.900000000000 -0.000001496477
0.037500000000 0.912500000000 -0.000001312349
0.037500000000 0.925000000000 -0.000001127031
0.037500000000 0.937500000000 -0.000000940705
0.037500000000 0.950000000000 -0.000000753549
0.037500000000 0.962500000000 -0.000000565733
0.037500000000 0.975000000000 -0.000000377426
0.037500000000 0.987500000000 -0.000000188794
0.037500000000 1.000000000000 0.000000000000

0.050000000000 0.000000000000 0.000000000000
0.050000000000 0.012500000000 -0.000000251469
0.050000000000 0.025000000000 -0.000000502724
0.050000000000 0.037500000000 -0.000000753549
0.050000000000 0.050000000000 -0.000001003724
0.050000000000 0.062500000000 -0.000001253030
0.050000000000 0.075000000000 -0.000001501236
0.050000000000 0.087500000000 -0.000001748111
0.050000000000 0.100000000000 -0.000001993411
0.050000000000 0.112500000000 -0.000002236887
0.050000000000 0.125000000000 -0.000002478278
0.050000000000 0.137500000000 -0.000002717312
0.050000000000 0.150000000000 -0.000002953705
0.050000000000 0.162500000000 -0.000003187159
0.050000000000 0.175000000000 -0.000003417364
0.050000000000 0.187500000000 -0.000003643993
0.050000000000 0.200000000000 -0.000003866705
0.050000000000 0.212500000000 -0.000004085143
0.050000000000 0.225000000000 -0.000004298934
0.050000000000 0.237500000000 -0.000004507690
0.050000000000 0.250000000000 -0.000004711007
0.050000000000 0.262500000000 -0.000004908468
0.050000000000 0.275000000000 -0.000005099640
0.050000000000 0.287500000000 -0.000005284081
0.050000000000 0.300000000000 -0.000005461339
0.050000000000 0.312500000000 -0.000005630953
0.050000000000 0.325000000000 -0.000005792458
0.050000000000 0.337500000000 -0.000005945388
0.050000000000 0.350000000000 -0.000006089280
0.050000000000 0.362500000000 -0.000006223677
0.050000000000 0.375000000000 -0.000006348132
0.050000000000 0.387500000000 -0.000006462217
0.050000000000 0.400000000000 -0.000006565520
0.050000000000 0.412500000000 -0.000006657659
0.050000000000 0.425000000000 -0.000006738281
0.050000000000 0.437500000000 -0.000006807068
0.050000000000 0.450000000000 -0.000006863742
0.050000000000 0.462500000000 -0.000006908071
0.050000000000 0.475000000000 -0.000006939870
0.050000000000 0.487500000000 -0.000006959004
0.050000000000 0.500000000000 -0.000006965391
0.050000000000 0.512500000000 -0.000006959004
0.050000000000 0.525000000000 -0.000006939870
0.050000000000 0.537500000000 -0.000006908071
0.050000000000 0.550000000000 -0.000006863742
0.050000000000 0.562500000000 -0.000006807068
0.050000000000 0.575000000000 -0.000006738281
0.050000000000 0.587500000000 -0.000006657659
0.050000000000 0.600000000000 -0.000006565520
0.050000000000 0.612500000000 -0.000006462217
0.050000000000 0.625000000000 -0.000006348132
0.050000000000 0.637500000000 -0.000006223677
0.050000000000 0.650000000000 -0.000006089280
0.050000000000 0.662500000000 -0.000005945388
0.050000000000 0.675000000000 -0.000005792458
0.050000000000 0.687500000000 -0.000005630953
0.050000000000 0.700000000000 -0.000005461339
0.050000000000 0.712500000000 -0.000005284081
0.050000000000 0.725000000000 -0.000005099640
0.050000000000 0.737500000000 -0.000004908468
0.050000000000 0.750000000000 -0.000004711007
0.050000000000 0.762500000000 -0.000004507690
0.050000000000 0.775000000000 -0.000004298934
0.050000000000 0.787500000000 -0.000004085143
0.050000000000 0.800000000000 -0.000003866705
0.050000000000 0.812500000000 -0.000003643993
0.050000000000 0.825000000000 -0.000003417364
0.050000000000 0.837500000000 -0.000003187159
0.050000000000 0.850000000000 -0.000002953705
0.050000000000 0.862500000000 -0.000002717312
0.050000000000 0.875000000000 -0.000002478278
0.050000000000 0.887500000000 -0.000002236887
0.050000000000 0.900000000000 -0.000001993411
0.050000000000 0.912500000000 -0.000001748111
0.050000000000 0.925000000000 -0.000001501236
0.050000000000 0.937500000000 -0.000001253030
0.050000000000 0.950000000000 -0.000001003724
0.050000000000 0.962500000000 -0.000000753549
0.050000000000 0.975000000000 -0.000000502724
0.050000000000 0.987500000000 -0.000000251469
0.050000000000 1.000000000000 0.000000000000

0.062500000000 0.000000000000 0.000000000000
0.062500000000 0.012500000000 -0.000000313922
0.062500000000 0.025000000000 -0.000000627580
0.062500000000 0.037500000000 -0.000000940705
0.062500000000 0.050000000000 -0.000001253030
0.062500000000 0.062500000000 -0.000001564277
0.062500000000 0.075000000000 -0.000001874168
0.062500000000 0.087500000000 -0.000002182411
0.062500000000 0.100000000000 -0.000002488708
0.062500000000 0.112500000000 -0.000002792749
0.062500000000 0.125000000000 -0.000003094211
0.062500000000 0.137500000000 -0.000003392757
0.062500000000 0.150000000000 -0.000003688034
0.062500000000 0.162500000000 -0.000003979673
0.062500000000 0.175000000000 -0.000004267288
0.062500000000 0.187500000000 -0.000004550472
0.062500000000 0.200000000000 -0.000004828802
0.062500000000 0.212500000000 -0.000005101831
0.062500000000 0.225000000000 -0.000005369095
0.062500000000 0.237500000000 -0.000005630110
0.062500000000 0.250000000000 -0.000005884369
0.062500000000 0.262500000000 -0.000006131351
0.062500000000 0.275000000000 -0.000006370515
0.062500000000 0.287500000000 -0.000006601304
0.062500000000 0.300000000000 -0.000006823150
0.062500000000 0.312500000000 -0.000007035473
0.062500000000 0.325000000000 -0.000007237689
0.062500000000 0.337500000000 -0.000007429210
0.062500000000 0.350000000000 -0.000007609449
0.062500000000 0.362500000000 -0.000007777830
0.062500000000 0.375000000000 -0.000007933787
0.062500000000 0.387500000000 -0.000008076775
0.062500000000 0.400000000000 -0.000008206275
0.062500000000 0.412500000000 -0.000008321798
0.062500000000 0.425000000000 -0.000008422897
0.062500000000 0.437500000000 -0.000008509166
0.062500000000 0.450000000000 -0.000008580253
0.062500000000 0.462500000000 -0.000008635861
0.062500000000 0.475000000000 -0.000008675753
0.062500000000 0.487500000000 -0.000008699757
0.062500000000 0.500000000000 -0.000008707771
0.062500000000 0.512500000000 -0.000008699757
0.062500000000 0.525000000000 -0.000008675753
0.062500000000 0.537500000000 -0.000008635861
0.062500000000 0.550000000000 -0.000008580253
0.062500000000 0.562500000000 -0.000008509166
0.062500000000 0.575000000000 -0.000008422897
0.062500000000 0.587500000000 -0.000008321798
0.062500000000 0.600000000000 -0.000008206275
0.062500000000 0.612500000000 -0.000008076775
0.062500000000 0.625000000000 -0.000007933787
0.062500000000 0.637500000000 -0.000007777830
0.062500000000 0.650000000000 -0.000007609449
0.062500000000 0.662500000000 -0.000007429210
0.062500000000 0.675000000000 -0.000007237689
0.062500000000 0.687500000000 -0.000007035473
0.062500000000 0.700000000000 -0.000006823150
0.062500000000 0.712500000000 -0.000006601304
0.062500000000 0.725000000000 -0.000006370515
0.062500000000 0.737500000000 -0.000006131351
0.062500000000 0.750000000000 -0.000005884369
0.062500000000 0.762500000000 -0.000005630110
0.062500000000 0.775000000000 -0.000005369095
0.062500000000 0.787500000000 -0.000005101831
0.062500000000 0.800000000000 -0.000004828802
0.062500000000 0.812500000000 -0.000004550472
0.062500000000 0.825000000000 -0.000004267288
0.062500000000 0.837500000000 -0.000003979673
0.062500000000 0.850000000000 -0.000003688034
0.062500000000 0.862500000000 -0.000003392757
0.062500000000 0.875000000000 -0.000003094211
0.062500000000 0.887500000000 -0.000002792749
0.062500000000 0.900000000000 -0.000002488708
0.062500000000 0.912500000000 -0.000002182411
0.062500000000 0.925000000000 -0.000001874168
0.062500000000 0.937500000000 -0.000001564277
0.062500000000 0.950000000000 -0.000001253030
0.062500000000 0.962500000000 -0.000000940705
0.062500000000 0.975000000000 -0.000000627580
0.062500000000 0.987500000000 -0.000000313922
0.062500000000 1.000000000000 0.000000000000

0.075000000000 0.000000000000 0.000000000000
0.075000000000 0.012500000000 -0.000000376096
0.075000000000 0.025000000000 -0.000000751878
0.075000000000 0.037500000000 -0.000001127031
0.075000000000 0.050000000000 -0.000001501236
0.075000000000 0.062500000000 -0.000001874168
0.075000000000 0.075000000000 -0.000002245493
0.075000000000 0.087500000000 -0.000002614868
0.075000000000 0.100000000000 -0.000002981940
0.075000000000 0.112500000000 -0.000003346340
0.075000000000 0.125000000000 -0.000003707685
0.075000000000 0.137500000000 -0.000004065574
0.075000000000 0.150000000000 -0.000004419589
0.075000000000 0.162500000000 -0.000004769291
0.075000000000 0.175000000000 -0.000005114219
0.075000000000 0.187500000000 -0.000005453888
0.075000000000 0.200000000000 -0.000005787792
0.075000000000 0.212500000000 -0.000006115400
0.075000000000 0.225000000000 -0.000006436153
0.075000000000 0.237500000000 -0.000006749472
0.075000000000 0.250000000000 -0.000007054750
0.075000000000 0.262500000000 -0.000007351359
0.075000000000 0.275000000000 -0.000007638648
0.075000000000 0.287500000000 -0.000007915947
0.075000000000 0.300000000000 -0.000008182568
0.075000000000 0.312500000000 -0.000008437812
0.075000000000 0.325000000000 -0.000008680969
0.075000000000 0.337500000000 -0.000008911326
0.075000000000 0.350000000000 -0.000009128171
0.075000000000 0.362500000000 -0.000009330801
0.075000000000 0.375000000000 -0.000009518528
0.075000000000 0.387500000000 -0.000009690685
0.075000000000 0.400000000000 -0.000009846638
0.075000000000 0.412500000000 -0.000009985789
0.075000000000 0.425000000000 -0.000010107588
0.075000000000 0.437500000000 -0.000010211540
0.075000000000 0.450000000000 -0.000010297210
0.075000000000 0.462500000000 -0.000010364233
0.075000000000 0.475000000000 -0.000010412319
0.075000000000 0.487500000000 -0.000010441256
0.075000000000 0.500000000000 -0.000010450916
0.075000000000 0.512500000000 -0.000010441256
0.075000000000 0.525000000000 -0.000010412319
0.075000000000 0.537500000000 -0.000010364233
0.075000000000 0.550000000000 -0.000010297210
0.075000000000 0.562500000000 -0.000010211540
0.075000000000 0.575000000000 -0.000010107588
0.075000000000 0.587500000000 -0.000009985789
0.075000000000 0.600000000000 -0.000009846638
0.075000000000 0.612500000000 -0.000009690685
0.075000000000 0.625000000000 -0.000009518528
0.075000000000 0.637500000000 -0.000009330801
0.075000000000 0.650000000000 -0.000009128171
0.075000000000 0.662500000000 -0.000008911326
0.075000000000 0.675000000000 -0.000008680969
0.075000000000 0.687500000000 -0.000008437812
0.075000000000 0.700000000000 -0.000008182568
0.075000000000 0.712500000000 -0.000007915947
0.075000000000 0.725000000000 -0.000007638648
0.075000000000 0.737500000000 -0.000007351359
0.075000000000 0.750000000000 -0.000007054750
0.075000000000 0.762500000000 -0.000006749472
0.075000000000 0.775000000000 -0.000006436153
0.075000000000 0.787500000000 -0.000006115400
0.075000000000 0.800000000000 -0.000005787792
0.075000000000 0.812500000000 -0.000005453888
0.075000000000 0.825000000000 -0.000005114219
0.075000000000 0.837500000000 -0.000004769291
0.075000000000 0.850000000000 -0.000004419589
0.075000000000 0.862500000000 -0.000004065574
0.075000000000 0.875000000000 -0.000003707685
0.075000000000 0.887500000000 -0.000003346340
0.075000000000 0.900000000000 -0.000002981940
0.075000000000 0.912500000000 -0.000002614868
0.075000000000 0.925000000000 -0.000002245493
0.075000000000 0.937500000000 -0.000001874168
0.075000000000 0.950000000000 -0.000001501236
0.075000000000 0.962500000000 -0.000001127031
0.075000000000 0.975000000000 -0.000000751878
0.075000000000 0.987500000000 -0.000000376096
0.075000000000 1.000000000000 0.000000000000

0.087500000000 0.000000000000 0.000000000000
0.087500000000 0.012500000000 -0.000000437930
0.087500000000 0.025000000000 -0.000000875500
0.087500000000 0.037500000000 -0.000001312349
0.087500000000 0.050000000000 -0.000001748111
0.087500000000 0.062500000000 -0.000002182411
0.087500000000 0.075000000000 -0.000002614868
0.087500000000 0.087500000000 -0.000003045088
0.087500000000 0.100000000000 -0.000003472664
0.087500000000 0.112500000000 -0.000003897171
0.087500000000 0.125000000000 -0.000004318170
0.087500000000 0.137500000000 -0.000004735199
0.087500000000 0.150000000000 -0.000005147774
0.087500000000 0.162500000000 -0.000005555388
0.087500000000 0.175000000000 -0.000005957509
0.087500000000 0.187500000000 -0.000006353577
0.087500000000 0.200000000000 -0.000006743003
0.087500000000 0.212500000000 -0.000007125170
0.087500000000 0.225000000000 -0.000007499432
0.087500000000 0.237500000000 -0.000007865110
0.087500000000 0.250000000000 -0.000008221499
0.087500000000 0.262500000000 -0.000008567863
0.087500000000 0.275000000000 -0.000008903441
0.087500000000 0.287500000000 -0.000009227447
0.087500000000 0.300000000000 -0.000009539073
0.087500000000 0.312500000000 -0.000009837494
0.087500000000 0.325000000000 -0.000010121875
0.087500000000 0.337500000000 -0.000010391371
0.087500000000 0.350000000000 -0.000010645141
0.087500000000 0.362500000000 -0.000010882349
0.087500000000 0.375000000000 -0.000011102177
0.087500000000 0.387500000000 -0.000011303833
0.087500000000 0.400000000000 -0.000011486557
0.087500000000 0.412500000000 -0.000011649638
0.087500000000 0.425000000000 -0.000011792417
0.087500000000 0.437500000000 -0.000011914299
0.087500000000 0.450000000000 -0.000012014765
0.087500000000 0.462500000000 -0.000012093375
0.087500000000 0.475000000000 -0.000012149779
0.087500000000 0.487500000000 -0.000012183725
0.087500000000 0.500000000000 -0.000012195058
0.087500000000 0.512500000000 -0.000012183725
0.087500000000 0.525000000000 -0.000012149779
0.087500000000 0.537500000000 -0.000012093375
0.087500000000 0.550000000000 -0.000012014765
0.087500000000 0.562500000000 -0.000011914299
0.087500000000 0.575000000000 -0.000011792417
0.087500000000 0.587500000000 -0.000011649638
0.087500000000 0.600000000000 -0.000011486557
0.087500000000 0.612500000000 -0.000011303833
0.087500000000 0.625000000000 -0.000011102177
0.087500000000 0.637500000000 -0.000010882349
0.087500000000 0.650000000000 -0.000010645141
0.087500000000 0.662500000000 -0.000010391371
0.087500000000 0.675000000000 -0.000010121875
0.087500000000 0.687500000000 -0.000009837494
0.087500000000 0.700000000000 -0.000009539073
0.087500000000 0.712500000000 -0.000009227447
0.087500000000 0.725000000000 -0.000008903441
0.087500000000 0.737500000000 -0.000008567863
0.087500000000 0.750000000000 -0.000008221499
0.087500000000 0.762500000000 -0.000007865110
0.087500000000 0.775000000000 -0.000007499432
0.087500000000 0.787500000000 -0.000007125170
0.087500000000 0.800000000000 -0.000006743003
0.087500000000 0.812500000000 -0.000006353577
0.087500000000 0.825000000000 -0.000005957509
0.087500000000 0.837500000000 -0.000005555388
0.087500000000 0.850000000000 -0.000005147774
0.087500000000 0.862500000000 -0.000004735199
0.087500000000 0.875000000000 -0.000004318170
0.087500000000 0.887500000000 -0.000003897171
0.087500000000 0.900000000000 -0.000003472664
0.087500000000 0.912500000000 -0.000003045088
0.087500000000 0.925000000000 -0.000002614868
0.087500000000 0.937500000000 -0.000002182411
0.087500000000 0.950000000000 -0.000001748111
0.087500000000 0.962500000000 -0.000001312349
0.087500000000 0.975000000000 -0.000000875500
0.087500000000 0.987500000000 -0.000000437930
0.087500000000 1.000000000000 0.000000000000

0.100000000000 0.000000000000 0.000000000000
0.100000000000 0.012500000000 -0.000000499363
0.100000000000 0.025000000000 -0.000000998324
0.100000000000 0.037500000000 -0.000001496477
0.100000000000 0.050000000000 -0.000001993411
0.100000000000 0.062500000000 -0.000002488708
0.100000000000 0.075000000000 -0.000002981940
0.100000000000 0.087500000000 -0.000003472664
0.100000000000 0.100000000000 -0.000003960422
0.100000000000 0.112500000000 -0.000004444740
0.100000000000 0.125000000000 -0.000004925121
0.100000000000 0.137500000000 -0.000005401044
0.100000000000 0.150000000000 -0.000005871967
0.100000000000 0.162500000000 -0.000006337314
0.100000000000 0.175000000000 -0.000006796486
0.100000000000 0.187500000000 -0.000007248846
0.100000000000 0.200000000000 -0.000007693729
0.100000000000 0.212500000000 -0.000008130434
0.100000000000 0.225000000000 -0.000008558222
0.100000000000 0.237500000000 -0.000008976324
0.100000000000 0.250000000000 -0.000009383931
0.100000000000 0.262500000000 -0.000009780202
0.100000000000 0.275000000000 -0.000010164263
0.100000000000 0.287500000000 -0.000010535211
0.100000000000 0.300000000000 -0.000010892115
0.100000000000 0.312500000000 -0.000011234023
0.100000000000 0.325000000000 -0.000011559966
0.100000000000 0.337500000000 -0.000011868967
0.100000000000 0.350000000000 -0.000012160045
0.100000000000 0.362500000000 -0.000012432227
0.100000000000 0.375000000000 -0.000012684559
0.100000000000 0.387500000000 -0.000012916111
0.100000000000 0.400000000000 -0.000013125996
0.100000000000 0.412500000000 -0.000013313374
0.100000000000 0.425000000000 -0.000013477472
0.100000000000 0.437500000000 -0.000013617588
0.100000000000 0.450000000000 -0.000013733107
0.100000000000 0.462500000000 -0.000013823513
0.100000000000 0.475000000000 -0.000013888390
0.100000000000 0.487500000000 -0.000013927438
0.100000000000 0.500000000000 -0.000013940474
0.100000000000 0.512500000000 -0.000013927438
0.100000000000 0.525000000000 -0.000013888390
0.100000000000 0.537500000000 -0.000013823513
0.100000000000 0.550000000000 -0.000013733107
0.100000000000 0.562500000000 -0.000013617588
0.100000000000 0.575000000000 -0.000013477472
0.100000000000 0.587500000000 -0.000013313374
0.100000000000 0.600000000000 -0.000013125996
0.100000000000 0.612500000000 -0.000012916111
0.100000000000 0.625000000000 -0.000012684559
0.100000000000 0.637500000000 -0.000012432227
0.100000000000 0.650000000000 -0.000012160045
0.100000000000 0.662500000000 -0.000011868967
0.100000000000 0.675000000000 -0.000011559966
0.100000000000 0.687500000000 -0.000011234023
0.100000000000 0.700000000000 -0.000010892115
0.100000000000 0.712500000000 -0.000010535211
0.100000000000 0.725000000000 -0.000010164263
0.100000000000 0.737500000000 -0.000009780202
0.100000000000 0.750000000000 -0.000009383931
0.100000000000 0.762500000000 -0.000008976324
0.100000000000 0.775000000000 -0.000008558222
0.100000000000 0.787500000000 -0.000008130434
0.100000000000 0.800000000000 -0.000007693729
0.100000000000 0.812500000000 -0.000007248846
0.100000000000 0.825000000000 -0.000006796486
0.100000000000 0.837500000000 -0.000006337314
0.100000000000 0.850000000000 -0.000005871967
0.100000000000 0.862500000000 -0.000005401044
0.100000000000 0.875000000000 -0.000004925121
0.100000000000 0.887500000000 -0.000004444740
0.100000000000 0.900000000000 -0.000003960422
0.100000000000 0.912500000000 -0.000003472664
0.100000000000 0.925000000000 -0.000002981940
0.100000000000 0.937500000000 -0.000002488708
0.100000000000 0.950000000000 -0.000001993411
0.100000000000 0.962500000000 -0.000001496477
0.100000000000 0.975000000000 -0.000000998324
0.100000000000 0.987500000000 -0.000000499363
0.100000000000 1.000000000000 0.000000000000

0.112500000000 0.000000000000 0.000000000000
0.112500000000 0.012500000000 -0.000000560333
0.112500000000 0.025000000000 -0.000001120223
0.112500000000 0.037500000000 -0.000001679225
0.112500000000 0.050000000000 -0.000002236887
0.112500000000 0.062500000000 -0.000002792749
0.112500000000 0.075000000000 -0.000003346340
0.112500000000 0.087500000000 -0.000003897171
0.112500000000 0.100000000000 -0.000004444740
0.112500000000 0.112500000000 -0.000004988521
0.112500000000 0.125000000000 -0.000005527965
0.112500000000 0.137500000000 -0.000006062499
0.112500000000 0.150000000000 -0.000006591519
0.112500000000 0.162500000000 -0.000007114390
0.112500000000 0.175000000000 -0.000007630442
0.112500000000 0.187500000000 -0.000008138971
0.112500000000 0.200000000000 -0.000008639232
0.112500000000 0.212500000000 -0.000009130443
0.112500000000 0.225000000000 -0.000009611780
0.112500000000 0.237500000000 -0.000010082376
0.112500000000 0.250000000000 -0.000010541325
0.112500000000 0.262500000000 -0.000010987678
0.112500000000 0.275000000000 -0.000011420449
0.112500000000 0.287500000000 -0.000011838614
0.112500000000 0.300000000000 -0.000012241117
0.112500000000 0.312500000000 -0.000012626873
0.112500000000 0.325000000000 -0.000012994779
0.112500000000 0.337500000000 -0.000013343715
0.112500000000 0.350000000000 -0.000013672557
0.112500000000 0.362500000000 -0.000013980186
0.112500000000 0.375000000000 -0.000014265499
0.112500000000 0.387500000000 -0.000014527424
0.112500000000 0.400000000000 -0.000014764932
0.112500000000 0.412500000000 -0.000014977049
0.112500000000 0.425000000000 -0.000015162872
0.112500000000 0.437500000000 -0.000015321586
0.112500000000 0.450000000000 -0.000015452472
0.112500000000 0.462500000000 -0.000015554924
0.112500000000 0.475000000000 -0.000015628458
0.112500000000 0.487500000000 -0.000015672722
0.112500000000 0.500000000000 -0.000015687500
0.112500000000 0.512500000000 -0.000015672722
0.112500000000 0.525000000000 -0.000015628458
0.112500000000 0.537500000000 -0.000015554924
0.112500000000 0.550000000000 -0.000015452472
0.112500000000 0.562500000000 -0.000015321586
0.112500000000 0.575000000000 -0.000015162872
0.112500000000 0.587500000000 -0.000014977049
0.112500000000 0.600000000000 -0.000014764932
0.112500000000 0.612500000000 -0.000014527424
0.112500000000 0.625000000000 -0.000014265499
0.112500000000 0.637500000000 -0.000013980186
0.112500000000 0.650000000000 -0.000013672557
0.112500000000 0.662500000000 -0.000013343715
0.112500000000 0.675000000000 -0.000012994779
0.112500000000 0.687500000000 -0.000012626873
0.112500000000 0.700000000000 -0.000012241117
0.112500000000 0.712500000000 -0.000011838614
0.112500000000 0.725000000000 -0.000011420449
0.112500000000 0.737500000000 -0.000010987678
0.112500000000 0.750000000000 -0.000010541325
0.112500000000 0.762500000000 -0.000010082376
0.112500000000 0.775000000000 -0.000009611780
0.112500000000 0.787500000000 -0.000009130443
0.112500000000 0.800000000000 -0.000008639232
0.112500000000 0.812500000000 -0.000008138971
0.112500000000 0.825000000000 -0.000007630442
0.112500000000 0.837500000000 -0.000007114390
0.112500000000 0.850000000000 -0.000006591519
0.112500000000 0.862500000000 -0.000006062499
0.112500000000 0.875000000000 -0.000005527965
0.112500000000 0.887500000000 -0.000004988521
0.112500000000 0.900000000000 -0.000004444740
0.112500000000 0.912500000000 -0.000003897171
0.112500000000 0.925000000000 -0.000003346340
0.112500000000 0.937500000000 -0.000002792749
0.112500000000 0.950000000000 -0.000002236887
0.112500000000 0.962500000000 -0.000001679225
0.112500000000 0.975000000000 -0.000001120223
0.112500000000 0.987500000000 -0.000000560333
0.112500000000 1.000000000000 0.000000000000

0.125000000000 0.000000000000 0.000000000000
0.125000000000 0.012500000000 -0.000000620772
0.125000000000 0.025000000000 -0.000001241065
0.125000000000 0.037500000000 -0.000001860396
0.125000000000 0.050000000000 -0.000002478278
0.125000000000 0.062500000000 -0.000003094211
0.125000000000 0.075000000000 -0.000003707685
0.125000000000 0.087500000000 -0.000004318170
0.125000000000 0.100000000000 -0.000004925121
0.125000000000 0.112500000000 -0.000005527965
0.125000000000 0.125000000000 -0.000006126108
0.125000000000 0.137500000000 -0.000006718923
0.125000000000 0.150000000000 -0.000007305752
0.125000000000 0.162500000000 -0.000007885900
0.125000000000 0.175000000000 -0.000008458636
0.125000000000 0.187500000000 -0.000009023185
0.125000000000 0.200000000000 -0.000009578731
0.125000000000 0.212500000000 -0.000010124411
0.125000000000 0.225000000000 -0.000010659316
0.125000000000 0.237500000000 -0.000011182486
0.125000000000 0.250000000000 -0.000011692916
0.125000000000 0.262500000000 -0.000012189551
0.125000000000 0.275000000000 -0.000012671290
0.125000000000 0.287500000000 -0.000013136988
0.125000000000 0.300000000000 -0.000013585460
0.125000000000 0.312500000000 -0.000014015487
0.125000000000 0.325000000000 -0.000014425822
0.125000000000 0.337500000000 -0.000014815197
0.125000000000 0.350000000000 -0.000015182336
0.125000000000 0.362500000000 -0.000015525965
0.125000000000 0.375000000000 -0.000015844825
0.125000000000 0.387500000000 -0.000016137686
0.125000000000 0.400000000000 -0.000016403366
0.125000000000 0.412500000000 -0.000016640743
0.125000000000 0.425000000000 -0.000016848777
0.125000000000 0.437500000000 -0.000017026522
0.125000000000 0.450000000000 -0.000017173147
0.125000000000 0.462500000000 -0.000017287946
0.125000000000 0.475000000000 -0.000017370358
0.125000000000 0.487500000000 -0.000017419972
0.125000000000 0.500000000000 -0.000017436538
0.125000000000 0.512500000000 -0.000017419972
0.125000000000 0.525000000000 -0.000017370358
0.125000000000 0.537500000000 -0.000017287946
0.125000000000 0.550000000000 -0.000017173147
0.125000000000 0.562500000000 -0.000017026522
0.125000000000 0.575000000000 -0.000016848777
0.125000000000 0.587500000000 -0.000016640743
0.125000000000 0.600000000000 -0.000016403366
0.125000000000 0.612500000000 -0.000016137686
0.125000000000 0.625000000000 -0.000015844825
0.125000000000 0.637500000000 -0.000015525965
0.125000000000 0.650000000000 -0.000015182336
0.125000000000 0.662500000000 -0.000014815197
0.125000000000 0.675000000000 -0.000014425822
0.125000000000 0.687500000000 -0.000014015487
0.125000000000 0.700000000000 -0.000013585460
0.125000000000 0.712500000000 -0.000013136988
0.125000000000 0.725000000000 -0.000012671290
0.125000000000 0.737500000000 -0.000012189551
0.125000000000 0.750000000000 -0.000011692916
0.125000000000 0.762500000000 -0.000011182486
0.125000000000 0.775000000000 -0.000010659316
0.125000000000 0.787500000000 -0.000010124411
0.125000000000 0.800000000000 -0.000009578731
0.125000000000 0.812500000000 -0.000009023185
0.125000000000 0.825000000000 -0.000008458636
0.125000000000 0.837500000000 -0.000007885900
0.125000000000 0.850000000000 -0.000007305752
0.125000000000 0.862500000000 -0.000006718923
0.125000000000 0.875000000000 -0.000006126108
0.125000000000 0.887500000000 -0.000005527965
0.125000000000 0.900000000000 -0.000004925121
0.125000000000 0.912500000000 -0.000004318170
0.125000000000 0.925000000000 -0.000003707685
0.125000000000 0.937500000000 -0.000003094211
0.125000000000 0.950000000000 -0.000002478278
0.125000000000 0.962500000000 -0.000001860396
0.125000000000 0.975000000000 -0.000001241065
0.125000000000 0.987500000000 -0.000000620772
0.125000000000 1.000000000000 0.000000000000

0.137500000000 0.000000000000 0.000000000000
0.137500000000 0.012500000000 -0.000000680612
0.137500000000 0.025000000000 -0.000001360712
0.137500000000 0.037500000000 -0.000002039786
0.137500000000 0.050000000000 -0.000002717312
0.137500000000 0.062500000000 -0.000003392757
0.137500000000 0.075000000000 -0.000004065574
0.137500000000 0.087500000000 -0.000004735199
0.137500000000 0.100000000000 -0.000005401044
0.137500000000 0.112500000000 -0.000006062499
0.137500000000 0.125000000000 -0.000006718923
0.137500000000 0.137500000000 -0.000007369642
0.137500000000 0.150000000000 -0.000008013949
0.137500000000 0.162500000000 -0.000008651093
0.137500000000 0.175000000000 -0.000009280283
0.137500000000 0.187500000000 -0.000009900681
0.137500000000 0.200000000000 -0.000010511399
0.137500000000 0.212500000000 -0.000011111500
0.137500000000 0.225000000000 -0.000011699989
0.137500000000 0.237500000000 -0.000012275819
0.137500000000 0.250000000000 -0.000012837884
0.137500000000 0.262500000000 -0.000013385025
0.137500000000 0.275000000000 -0.000013916025
0.137500000000 0.287500000000 -0.000014429617
0.137500000000 0.300000000000 -0.000014924483
0.137500000000 0.312500000000 -0.000015399265
0.137500000000 0.325000000000 -0.000015852567
0.137500000000 0.337500000000 -0.000016282965
0.137500000000 0.350000000000 -0.000016689022
0.137500000000 0.362500000000 -0.000017069297
0.137500000000 0.375000000000 -0.000017422363
0.137500000000 0.387500000000 -0.000017746819
0.137500000000 0.400000000000 -0.000018041317
0.137500000000 0.412500000000 -0.000018304572
0.137500000000 0.425000000000 -0.000018535388
0.137500000000 0.437500000000 -0.000018732679
0.137500000000 0.450000000000 -0.000018895483
0.137500000000 0.462500000000 -0.000019022987
0.137500000000 0.475000000000 -0.000019114539
0.137500000000 0.487500000000 -0.000019169664
0.137500000000 0.500000000000 -0.000019188071
0.137500000000 0.512500000000 -0.000019169664
0.137500000000 0.525000000000 -0.000019114539
0.137500000000 0.537500000000 -0.000019022987
0.137500000000 0.550000000000 -0.000018895483
0.137500000000 0.562500000000 -0.000018732679
0.137500000000 0.575000000000 -0.000018535388
0.137500000000 0.587500000000 -0.000018304572
0.137500000000 0.600000000000 -0.000018041317
0.137500000000 0.612500000000 -0.000017746819
0.137500000000 0.625000000000 -0.000017422363
0.137500000000 0.637500000000 -0.000017069297
0.137500000000 0.650000000000 -0.000016689022
0.137500000000 0.662500000000 -0.000016282965
0.137500000000 0.675000000000 -0.000015852567
0.137500000000 0.687500000000 -0.000015399265
0.137500000000 0.700000000000 -0.000014924483
0.137500000000 0.712500000000 -0.000014429617
0.137500000000 0.725000000000 -0.000013916025
0.137500000000 0.737500000000 -0.000013385025
0.137500000000 0.750000000000 -0.000012837884
0.137500000000 0.762500000000 -0.000012275819
0.137500000000 0.775000000000 -0.000011699989
0.137500000000 0.787500000000 -0.000011111500
0.137500000000 0.800000000000 -0.000010511399
0.137500000000 0.812500000000 -0.000009900681
0.137500000000 0.825000000000 -0.000009280283
0.137500000000 0.837500000000 -0.000008651093
0.137500000000 0.850000000000 -0.000008013949
0.137500000000 0.862500000000 -0.000007369642
0.137500000000 0.875000000000 -0.000006718923
0.137500000000 0.887500000000 -0.000006062499
0.137500000000 0.900000000000 -0.000005401044
0.137500000000 0.912500000000 -0.000004735199
0.137500000000 0.925000000000 -0.000004065574
0.137500000000 0.937500000000 -0.000003392757
0.137500000000 0.950000000000 -0.000002717312
0.137500000000 0.962500000000 -0.000002039786
0.137500000000 0.975000000000 -0.000001360712
0.137500000000 0.987500000000 -0.000000680612
0.137500000000 1.000000000000 0.000000000000

0.150000000000 0.000000000000 0.000000000000
0.150000000000 0.012500000000 -0.000000739780
0.150000000000 0.025000000000 -0.000001479021
0.150000000000 0.037500000000 -0.000002217179
0.150000000000 0.050000000000 -0.000002953705
0.150000000000 0.062500000000 -0.000003688034
0.150000000000 0.075000000000 -0.000004419589
0.150000000000 0.087500000000 -0.000005147774
0.150000000000 0.100000000000 -0.000005871967
0.150000000000 0.112500000000 -0.000006591519
0.150000000000 0.125000000000 -0.000007305752
0.150000000000 0.137500000000 -0.000008013949
0.150000000000 0.150000000000 -0.000008715355
0.150000000000 0.162500000000 -0.000009409172
0.150000000000 0.175000000000 -0.000010094552
0.150000000000 0.187500000000 -0.000010770598
0.150000000000 0.200000000000 -0.000011436356
0.150000000000 0.212500000000 -0.000012090815
0.150000000000 0.225000000000 -0.000012732902
0.150000000000 0.237500000000 -0.000013361481
0.150000000000 0.250000000000 -0.000013975350
0.150000000000 0.262500000000 -0.000014573246
0.150000000000 0.275000000000 -0.000015153836
0.150000000000 0.287500000000 -0.000015715728
0.150000000000 0.300000000000 -0.000016257471
0.150000000000 0.312500000000 -0.000016777560
0.150000000000 0.325000000000 -0.000017274444
0.150000000000 0.337500000000 -0.000017746537
0.150000000000 0.350000000000 -0.000018192229
0.150000000000 0.362500000000 -0.000018609899
0.150000000000 0.375000000000 -0.000018997938
0.150000000000 0.387500000000 -0.000019354761
0.150000000000 0.400000000000 -0.000019678832
0.150000000000 0.412500000000 -0.000019968689
0.150000000000 0.425000000000 -0.000020222961
0.150000000000 0.437500000000 -0.000020440403
0.150000000000 0.450000000000 -0.000020619908
0.150000000000 0.462500000000 -0.000020760539
0.150000000000 0.475000000000 -0.000020861543
0.150000000000 0.487500000000 -0.000020922369
0.150000000000 0.500000000000 -0.000020942682
0.150000000000 0.512500000000 -0.000020922369
0.150000000000 0.525000000000 -0.000020861543
0.150000000000 0.537500000000 -0.000020760539
0.150000000000 0.550000000000 -0.000020619908
0.150000000000 0.562500000000 -0.000020440403
0.150000000000 0.575000000000 -0.000020222961
0.150000000000 0.587500000000 -0.000019968689
0.150000000000 0.600000000000 -0.000019678832
0.150000000000 0.612500000000 -0.000019354761
0.150000000000 0.625000000000 -0.000018997938
0.150000000000 0.637500000000 -0.000018609899
0.150000000000 0.650000000000 -0.000018192229
0.150000000000 0.662500000000 -0.000017746537
0.150000000000 0.675000000000 -0.000017274444
0.150000000000 0.687500000000 -0.000016777560
0.150000000000 0.700000000000 -0.000016257471
0.150000000000 0.712500000000 -0.000015715728
0.150000000000 0.725000000000 -0.000015153836
0.150000000000 0.737500000000 -0.000014573246
0.150000000000 0.750000000000 -0.000013975350
0.150000000000 0.762500000000 -0.000013361481
0.150000000000 0.775000000000 -0.000012732902
0.150000000000 0.787500000000 -0.000012090815
0.150000000000 0.800000000000 -0.000011436356
0.150000000000 0.812500000000 -0.000010770598
0.150000000000 0.825000000000 -0.000010094552
0.150000000000 0.837500000000 -0.000009409172
0.150000000000 0.850000000000 -0.000008715355
0.150000000000 0.862500000000 -0.000008013949
0.150000000000 0.875000000000 -0.000007305752
0.150000000000 0.887500000000 -0.000006591519
0.150000000000 0.900000000000 -0.000005871967
0.150000000000 0.912500000000 -0.000005147774
0.150000000000 0.925000000000 -0.000004419589
0.150000000000 0.937500000000 -0.000003688034
0.150000000000 0.950000000000 -0.000002953705
0.150000000000 0.962500000000 -0.000002217179
0.150000000000 0.975000000000 -0.000001479021
0.150000000000 0.987500000000 -0.000000739780
0.150000000000 1.000000000000 0.000000000000

0.162500000000 0.000000000000 0.000000000000
0.162500000000 0.012500000000 -0.000000798203
0.162500000000 0.025000000000 -0.000001595843
0.162500000000 0.037500000000 -0.000002392353
0.162500000000 0.050000000000 -0.000003187159
0.162500000000 0.062500000000 -0.000003979673
0.162500000000 0.075000000000 -0.000004769291
0.162500000000 0.087500000000 -0.000005555388
0.162500000000 0.100000000000 -0.000006337314
0.162500000000 0.112500000000 -0.000007114390
0.162500000000 0.125000000000 -0.000007885900
0.162500000000 0.137500000000 -0.000008651093
0.162500000000 0.150000000000 -0.000009409172
0.162500000000 0.162500000000 -0.000010159294
0.162500000000 0.175000000000 -0.000010900562
0.162500000000 0.187500000000 -0.000011632023
0.162500000000 0.200000000000 -0.000012352663
0.162500000000 0.212500000000 -0.000013061402
0.162500000000 0.225000000000 -0.000013757091
0.162500000000 0.237500000000 -0.000014438511
0.162500000000 0.250000000000 -0.000015104367
0.162500000000 0.262500000000 -0.000015753289
0.162500000000 0.275000000000 -0.000016383834
0.162500000000 0.287500000000 -0.000016994482
0.162500000000 0.300000000000 -0.000017583644
0.162500000000 0.312500000000 -0.000018149665
0.162500000000 0.325000000000 -0.000018690834
0.162500000000 0.337500000000 -0.000019205390
0.162500000000 0.350000000000 -0.000019691539
0.162500000000 0.362500000000 -0.000020147470
0.162500000000 0.375000000000 -0.000020571372
0.162500000000 0.387500000000 -0.000020961457
0.162500000000 0.400000000000 -0.000021315984
0.162500000000 0.412500000000 -0.000021633290
0.162500000000 0.425000000000 -0.000021911810
0.162500000000 0.437500000000 -0.000022150117
0.162500000000 0.450000000000 -0.000022346939
0.162500000000 0.462500000000 -0.000022501196
0.162500000000 0.475000000000 -0.000022612020
0.162500000000 0.487500000000 -0.000022678773
0.162500000000 0.500000000000 -0.000022701068
0.162500000000 0.512500000000 -0.000022678773
0.162500000000 0.525000000000 -0.000022612020
0.162500000000 0.537500000000 -0.000022501196
0.162500000000 0.550000000000 -0.000022346939
0.162500000000 0.562500000000 -0.000022150117
0.162500000000 0.575000000000 -0.000021911810
0.162500000000 0.587500000000 -0.000021633290
0.162500000000 0.600000000000 -0.000021315984
0.162500000000 0.612500000000 -0.000020961457
0.162500000000 0.625000000000 -0.000020571372
0.162500000000 0.637500000000 -0.000020147470
0.162500000000 0.650000000000 -0.000019691539
0.162500000000 0.662500000000 -0.000019205390
0.162500000000 0.675000000000 -0.000018690834
0.162500000000 0.687500000000 -0.000018149665
0.162500000000 0.700000000000 -0.000017583644
0.162500000000 0.712500000000 -0.000016994482
0.162500000000 0.725000000000 -0.000016383834
0.162500000000 0.737500000000 -0.000015753289
0.162500000000 0.750000000000 -0.000015104367
0.162500000000 0.762500000000 -0.000014438511
0.162500000000 0.775000000000 -0.000013757091
0.162500000000 0.787500000000 -0.000013061402
0.162500000000 0.800000000000 -0.000012352663
0.162500000000 0.812500000000 -0.000011632023
0.162500000000 0.825000000000 -0.000010900562
0.162500000000 0.837500000000 -0.000010159294
0.162500000000 0.850000000000 -0.000009409172
0.162500000000 0.862500000000 -0.000008651093
0.162500000000 0.875000000000 -0.000007885900
0.162500000000 0.887500000000 -0.000007114390
0.162500000000 0.900000000000 -0.000006337314
0.162500000000 0.912500000000 -0.000005555388
0.162500000000 0.925000000000 -0.000004769291
0.162500000000 0.937500000000 -0.000003979673
0.162500000000 0.950000000000 -0.000003187159
0.162500000000 0.962500000000 -0.000002392353
0.162500000000 0.975000000000 -0.000001595843
0.162500000000 0.987500000000 -0.000000798203
0.162500000000 1.000000000000 0.000000000000

0.175000000000 0.000000000000 0.000000000000
0.175000000000 0.012500000000 -0.000000855800
0.175000000000 0.025000000000 -0.000001711019
0.175000000000 0.037500000000 -0.000002565072
0.175000000000 0.050000000000 -0.000003417364
0.175000000000 0.062500000000 -0.000004267288
0.175000000000 0.075000000000 -0.000005114219
0.175000000000 0.087500000000 -0.000005957509
0.175000000000 0.100000000000 -0.000006796486
0.175000000000 0.112500000000 -0.000007630442
0.175000000000 0.125000000000 -0.000008458636
0.175000000000 0.137500000000 -0.000009280283
0.175000000000 0.150000000000 -0.000010094552
0.175000000000 0.162500000000 -0.000010900562
0.175000000000 0.175000000000 -0.000011697371
0.175000000000 0.187500000000 -0.000012483978
0.175000000000 0.200000000000 -0.000013259312
0.175000000000 0.212500000000 -0.000014022232
0.175000000000 0.225000000000 -0.000014771518
0.175000000000 0.237500000000 -0.000015505870
0.175000000000 0.250000000000 -0.000016223905
0.175000000000 0.262500000000 -0.000016924151
0.175000000000 0.275000000000 -0.000017605051
0.175000000000 0.287500000000 -0.000018264960
0.175000000000 0.300000000000 -0.000018902148
0.175000000000 0.312500000000 -0.000019514806
0.175000000000 0.325000000000 -0.000020101053
0.175000000000 0.337500000000 -0.000020658947
0.175000000000 0.350000000000 -0.000021186498
0.175000000000 0.362500000000 -0.000021681684
0.175000000000 0.375000000000 -0.000022142476
0.175000000000 0.387500000000 -0.000022566863
0.175000000000 0.400000000000 -0.000022952875
0.175000000000 0.412500000000 -0.000023298621
0.175000000000 0.425000000000 -0.000023602318
0.175000000000 0.437500000000 -0.000023862329
0.175000000000 0.450000000000 -0.000024077194
0.175000000000 0.462500000000 -0.000024245669
0.175000000000 0.475000000000 -0.000024366749
0.175000000000 0.487500000000 -0.000024439697
0.175000000000 0.500000000000 -0.000024464064
0.175000000000 0.512500000000 -0.000024439697
0.175000000000 0.525000000000 -0.000024366749
0.175000000000 0.537500000000 -0.000024245669
0.175000000000 0.550000000000 -0.000024077194
0.175000000000 0.562500000000 -0.000023862329
0.175000000000 0.575000000000 -0.000023602318
0.175000000000 0.587500000000 -0.000023298621
0.175000000000 0.600000000000 -0.000022952875
0.175000000000 0.612500000000 -0.000022566863
0.175000000000 0.625000000000 -0.000022142476
0.175000000000 0.637500000000 -0.000021681684
0.175000000000 0.650000000000 -0.000021186498
0.175000000000 0.662500000000 -0.000020658947
0.175000000000 0.675000000000 -0.000020101053
0.175000000000 0.687500000000 -0.000019514806
0.175000000000 0.700000000000 -0.000018902148
0.175000000000 0.712500000000 -0.000018264960
0.175000000000 0.725000000000 -0.000017605051
0.175000000000 0.737500000000 -0.000016924151
0.175000000000 0.750000000000 -0.000016223905
0.175000000000 0.762500000000 -0.000015505870
0.175000000000 0.775000000000 -0.000014771518
0.175000000000 0.787500000000 -0.000014022232
0.175000000000 0.800000000000 -0.000013259312
0.175000000000 0.812500000000 -0.000012483978
0.175000000000 0.825000000000 -0.000011697371
0.175000000000 0.837500000000 -0.000010900562
0.175000000000 0.850000000000 -0.000010094552
0.175000000000 0.862500000000 -0.000009280283
0.175000000000 0.875000000000 -0.000008458636
0.175000000000 0.887500000000 -0.000007630442
0.175000000000 0.900000000000 -0.000006796486
0.175000000000 0.912500000000 -0.000005957509
0.175000000000 0.925000000000 -0.000005114219
0.175000000000 0.937500000000 -0.000004267288
0.175000000000 0.950000000000 -0.000003417364
0.175000000000 0.962500000000 -0.000002565072
0.175000000000 0.975000000000 -0.000001711019
0.175000000000 0.987500000000 -0.000000855800
0.175000000000 1.000000000000 0.000000000000

0.187500000000 0.000000000000 0.000000000000
0.187500000000 0.012500000000 -0.000000912491
0.187500000000 0.025000000000 -0.000001824387
0.187500000000 0.037500000000 -0.000002735091
0.187500000000 0.050000000000 -0.000003643993
0.187500000000 0.062500000000 -0.000004550472
0.187500000000 0.075000000000 -0.000005453888
0.187500000000 0.087500000000 -0.000006353577
0.187500000000 0.100000000000 -0.000007248846
0.187500000000 0.112500000000 -0.000008138971
0.187500000000 0.125000000000 -0.000009023185
0.187500000000 0.137500000000 -0.000009900681
0.187500000000 0.150000000000 -0.000010770598
0.187500000000 0.162500000000 -0.000011632023
0.187500000000 0.175000000000 -0.000012483978
0.187500000000 0.187500000000 -0.000013325418
0.187500000000 0.200000000000 -0.000014155225
0.187500000000 0.212500000000 -0.000014972201
0.187500000000 0.225000000000 -0.000015775062
0.187500000000 0.237500000000 -0.000016562434
0.187500000000 0.250000000000 -0.000017332847
0.187500000000 0.262500000000 -0.000018084735
0.187500000000 0.275000000000 -0.000018816426
0.187500000000 0.287500000000 -0.000019526152
0.187500000000 0.300000000000 -0.000020212040
0.187500000000 0.312500000000 -0.000020872124
0.187500000000 0.325000000000 -0.000021504346
0.187500000000 0.337500000000 -0.000022106571
0.187500000000 0.350000000000 -0.000022676598
0.187500000000 0.362500000000 -0.000023212180
0.187500000000 0.375000000000 -0.000023711049
0.187500000000 0.387500000000 -0.000024170942
0.187500000000 0.400000000000 -0.000024589636
0.187500000000 0.412500000000 -0.000024964981
0.187500000000 0.425000000000 -0.000025294945
0.187500000000 0.437500000000 -0.000025577649
0.187500000000 0.450000000000 -0.000025811417
0.187500000000 0.462500000000 -0.000025994809
0.187500000000 0.475000000000 -0.000026126662
0.187500000000 0.487500000000 -0.000026206123
0.187500000000 0.500000000000 -0.000026232669
0.187500000000 0.512500000000 -0.000026206123
0.187500000000 0.525000000000 -0.000026126662
0.187500000000 0.537500000000 -0.000025994809
0.187500000000 0.550000000000 -0.000025811417
0.187500000000 0.562500000000 -0.000025577649
0.187500000000 0.575000000000 -0.000025294945
0.187500000000 0.587500000000 -0.000024964981
0.187500000000 0.600000000000 -0.000024589636
0.187500000000 0.612500000000 -0.000024170942
0.187500000000 0.625000000000 -0.000023711049
0.187500000000 0.637500000000 -0.000023212180
0.187500000000 0.650000000000 -0.000022676598
0.187500000000 0.662500000000 -0.000022106571
0.187500000000 0.675000000000 -0.000021504346
0.187500000000 0.687500000000 -0.000020872124
0.187500000000 0.700000000000 -0.000020212040
0.187500000000 0.712500000000 -0.000019526152
0.187500000000 0.725000000000 -0.000018816426
0.187500000000 0.737500000000 -0.000018084735
0.187500000000 0.750000000000 -0.000017332847
0.187500000000 0.762500000000 -0.000016562434
0.187500000000 0.775000000000 -0.000015775062
0.187500000000 0.787500000000 -0.000014972201
0.187500000000 0.800000000000 -0.000014155225
0.187500000000 0.812500000000 -0.000013325418
0.187500000000 0.825000000000 -0.000012483978
0.187500000000 0.837500000000 -0.000011632023
0.187500000000 0.850000000000 -0.000010770598
0.187500000000 0.862500000000 -0.000009900681
0.187500000000 0.875000000000 -0.000009023185
0.187500000000 0.887500000000 -0.000008138971
0.187500000000 0.900000000000 -0.000007248846
0.187500000000 0.912500000000 -0.000006353577
0.187500000000 0.925000000000 -0.000005453888
0.187500000000 0.937500000000 -0.000004550472
0.187500000000 0.950000000000 -0.000003643993
0.187500000000 0.962500000000 -0.000002735091
0.187500000000 0.975000000000 -0.000001824387
0.187500000000 0.987500000000 -0.000000912491
0.187500000000 1.000000000000 0.000000000000

0.200000000000 0.000000000000 0.000000000000
0.200000000000 0.012500000000 -0.000000968189
0.200000000000 0.025000000000 -0.000001935775
0.200000000000 0.037500000000 -0.000002902153
0.200000000000 0.050000000000 -0.000003866705
0.200000000000 0.062500000000 -0.000004828802
0.200000000000 0.075000000000 -0.000005787792
0.200000000000 0.087500000000 -0.000006743003
0.200000000000 0.100000000000 -0.000007693729
0.200000000000 0.112500000000 -0.000008639232
0.200000000000 0.125000000000 -0.000009578731
0.200000000000 0.137500000000 -0.000010511399
0.200000000000 0.150000000000 -0.000011436356
0.200000000000 0.162500000000 -0.000012352663
0.200000000000 0.175000000000 -0.000013259312
0.200000000000 0.187500000000 -0.000014155225
0.200000000000 0.200000000000 -0.000015039243
0.200000000000 0.212500000000 -0.000015910118
0.200000000000 0.225000000000 -0.000016766511
0.200000000000 0.237500000000 -0.000017606979
0.200000000000 0.250000000000 -0.000018429975
0.200000000000 0.262500000000 -0.000019233838
0.200000000000 0.275000000000 -0.000020016792
0.200000000000 0.287500000000 -0.000020776942
0.200000000000 0.300000000000 -0.000021512276
0.200000000000 0.312500000000 -0.000022220664
0.200000000000 0.325000000000 -0.000022899866
0.200000000000 0.337500000000 -0.000023547543
0.200000000000 0.350000000000 -0.000024161270
0.200000000000 0.362500000000 -0.000024738554
0.200000000000 0.375000000000 -0.000025276864
0.200000000000 0.387500000000 -0.000025773660
0.200000000000 0.400000000000 -0.000026226430
0.200000000000 0.412500000000 -0.000026632731
0.200000000000 0.425000000000 -0.000026990241
0.200000000000 0.437500000000 -0.000027296806
0.200000000000 0.450000000000 -0.000027550491
0.200000000000 0.462500000000 -0.000027749630
0.200000000000 0.475000000000 -0.000027892873
0.200000000000 0.487500000000 -0.000027979225
0.200000000000 0.500000000000 -0.000028008078
0.200000000000 0.512500000000 -0.000027979225
0.200000000000 0.525000000000 -0.000027892873
0.200000000000 0.537500000000 -0.000027749630
0.200000000000 0.550000000000 -0.000027550491
0.200000000000 0.562500000000 -0.000027296806
0.200000000000 0.575000000000 -0.000026990241
0.200000000000 0.587500000000 -0.000026632731
0.200000000000 0.600000000000 -0.000026226430
0.200000000000 0.612500000000 -0.000025773660
0.200000000000 0.625000000000 -0.000025276864
0.200000000000 0.637500000000 -0.000024738554
0.200000000000 0.650000000000 -0.000024161270
0.200000000000 0.662500000000 -0.000023547543
0.200000000000 0.675000000000 -0.000022899866
0.200000000000 0.687500000000 -0.000022220664
0.200000000000 0.700000000000 -0.000021512276
0.200000000000 0.712500000000 -0.000020776942
0.200000000000 0.725000000000 -0.000020016792
0.200000000000 0.737500000000 -0.000019233838
0.200000000000 0.750000000000 -0.000018429975
0.200000000000 0.762500000000 -0.000017606979
0.200000000000 0.775000000000 -0.000016766511
0.200000000000 0.787500000000 -0.000015910118
0.200000000000 0.800000000000 -0.000015039243
0.200000000000 0.812500000000 -0.000014155225
0.200000000000 0.825000000000 -0.000013259312
0.200000000000 0.837500000000 -0.000012352663
0.200000000000 0.850000000000 -0.000011436356
0.200000000000 0.862500000000 -0.000010511399
0.200000000000 0.875000000000 -0.000009578731
0.200000000000 0.887500000000 -0.000008639232
0.200000000000 0.900000000000 -0.000007693729
0.200000000000 0.912500000000 -0.000006743003
0.200000000000 0.925000000000 -0.000005787792
0.200000000000 0.937500000000 -0.000004828802
0.200000000000 0.950000000000 -0.000003866705
0.200000000000 0.962500000000 -0.000002902153
0.200000000000 0.975000000000 -0.000001935775
0.200000000000 0.987500000000 -0.000000968189
0.200000000000 1.000000000000 0.000000000000

0.212500000000 0.000000000000 0.000000000000
0.212500000000 0.012500000000 -0.000001022804
0.212500000000 0.025000000000 -0.000002045003
0.212500000000 0.037500000000 -0.000003065989
0.212500000000 0.050000000000 -0.000004085143
0.212500000000 0.062500000000 -0.000005101831
0.212500000000 0.075000000000 -0.000006115400
0.212500000000 0.087500000000 -0.000007125170
0.212500000000 0.100000000000 -0.000008130434
0.212500000000 0.112500000000 -0.000009130443
0.212500000000 0.125000000000 -0.000010124411
0.212500000000 0.137500000000 -0.000011111500
0.212500000000 0.150000000000 -0.000012090815
0.212500000000 0.162500000000 -0.000013061402
0.212500000000 0.175000000000 -0.000014022232
0.212500000000 0.187500000000 -0.000014972201
0.212500000000 0.200000000000 -0.000015910118
0.212500000000 0.212500000000 -0.000016834697
0.212500000000 0.225000000000 -0.000017744549
0.212500000000 0.237500000000 -0.000018638174
0.212500000000 0.250000000000 -0.000019513953
0.212500000000 0.262500000000 -0.000020370140
0.212500000000 0.275000000000 -0.000021204858
0.212500000000 0.287500000000 -0.000022016092
0.212500000000 0.300000000000 -0.000022801688
0.212500000000 0.312500000000 -0.000023559352
0.212500000000 0.325000000000 -0.000024286658
0.212500000000 0.337500000000 -0.000024981051
0.212500000000 0.350000000000 -0.000025639865
0.212500000000 0.362500000000 -0.000026260345
0.212500000000 0.375000000000 -0.000026839667
0.212500000000 0.387500000000 -0.000027374981
0.212500000000 0.400000000000 -0.000027863448
0.212500000000 0.412500000000 -0.000028302292
0.212500000000 0.425000000000 -0.000028688857
0.212500000000 0.437500000000 -0.000029020661
0.212500000000 0.450000000000 -0.000029295468
0.212500000000 0.462500000000 -0.000029511342
0.212500000000 0.475000000000 -0.000029666709
0.212500000000 0.487500000000 -0.000029760406
0.212500000000 0.500000000000 -0.000029791719
0.212500000000 0.512500000000 -0.000029760406
0.212500000000 0.525000000000 -0.000029666709
0.212500000000 0.537500000000 -0.000029511342
0.212500000000 0.550000000000 -0.000029295468
0.212500000000 0.562500000000 -0.000029020661
0.212500000000 0.575000000000 -0.000028688857
0.212500000000 0.587500000000 -0.000028302292
0.212500000000 0.600000000000 -0.000027863448
0.212500000000 0.612500000000 -0.000027374981
0.212500000000 0.625000000000 -0.000026839667
0.212500000000 0.637500000000 -0.000026260345
0.212500000000 0.650000000000 -0.000025639865
0.212500000000 0.662500000000 -0.000024981051
0.212500000000 0.675000000000 -0.000024286658
0.212500000000 0.687500000000 -0.000023559352
0.212500000000 0.700000000000 -0.000022801688
0.212500000000 0.712500000000 -0.000022016092
0.212500000000 0.725000000000 -0.000021204858
0.212500000000 0.737500000000 -0.000020370140
0.212500000000 0.750000000000 -0.000019513953
0.212500000000 0.762500000000 -0.000018638174
0.212500000000 0.775000000000 -0.000017744549
0.212500000000 0.787500000000 -0.000016834697
0.212500000000 0.800000000000 -0.000015910118
0.212500000000 0.812500000000 -0.000014972201
0.212500000000 0.825000000000 -0.000014022232
0.212500000000 0.837500000000 -0.000013061402
0.212500000000 0.850000000000 -0.000012090815
0.212500000000 0.862500000000 -0.000011111500
0.212500000000 0.875000000000 -0.000010124411
0.212500000000 0.887500000000 -0.000009130443
0.212500000000 0.900000000000 -0.000008130434
0.212500000000 0.912500000000 -0.000007125170
0.212500000000 0.925000000000 -0.000006115400
0.212500000000 0.937500000000 -0.000005101831
0.212500000000 0.950000000000 -0.000004085143
0.212500000000 0.962500000000 -0.000003065989
0.212500000000 0.975000000000 -0.000002045003
0.212500000000 0.987500000000 -0.000001022804
0.212500000000 1.000000000000 0.000000000000

0.225000000000 0.000000000000 0.000000000000
0.225000000000 0.012500000000 -0.000001076243
0.225000000000 0.025000000000 -0.000002151885
0.225000000000 0.037500000000 -0.000003226320
0.225000000000 0.050000000000 -0.000004298934
0.225000000000 0.062500000000 -0.000005369095
0.225000000000 0.075000000000 -0.000006436153
0.225000000000 0.087500000000 -0.000007499432
0.225000000000 0.100000000000 -0.000008558222
0.225000000000 0.112500000000 -0.000009611780
0.225000000000 0.125000000000 -0.000010659316
0.225000000000 0.137500000000 -0.000011699989
0.225000000000 0.150000000000 -0.000012732902
0.225000000000 0.162500000000 -0.000013757091
0.225000000000 0.175000000000 -0.000014771518
0.225000000000 0.187500000000 -0.000015775062
0.225000000000 0.200000000000 -0.000016766511
0.225000000000 0.212500000000 -0.000017744549
0.225000000000 0.225000000000 -0.000018707751
0.225000000000 0.237500000000 -0.000019654568
0.225000000000 0.250000000000 -0.000020583321
0.225000000000 0.262500000000 -0.000021492188
0.225000000000 0.275000000000 -0.000022379198
0.225000000000 0.287500000000 -0.000023242221
0.225000000000 0.300000000000 -0.000024078967
0.225000000000 0.312500000000 -0.000024886979
0.225000000000 0.325000000000 -0.000025663636
0.225000000000 0.337500000000 -0.000026406162
0.225000000000 0.350000000000 -0.000027111636
0.225000000000 0.362500000000 -0.000027777012
0.225000000000 0.375000000000 -0.000028399150
0.225000000000 0.387500000000 -0.000028974852
0.225000000000 0.400000000000 -0.000029500908
0.225000000000 0.412500000000 -0.000029974158
0.225000000000 0.425000000000 -0.000030391553
0.225000000000 0.437500000000 -0.000030750232
0.225000000000 0.450000000000 -0.000031047595
0.225000000000 0.462500000000 -0.000031281386
0.225000000000 0.475000000000 -0.000031449757
0.225000000000 0.487500000000 -0.000031551342
0.225000000000 0.500000000000 -0.000031585299
0.225000000000 0.512500000000 -0.000031551342
0.225000000000 0.525000000000 -0.000031449757
0.225000000000 0.537500000000 -0.000031281386
0.225000000000 0.550000000000 -0.000031047595
0.225000000000 0.562500000000 -0.000030750232
0.225000000000 0.575000000000 -0.000030391553
0.225000000000 0.587500000000 -0.000029974158
0.225000000000 0.600000000000 -0.000029500908
0.225000000000 0.612500000000 -0.000028974852
0.225000000000 0.625000000000 -0.000028399150
0.225000000000 0.637500000000 -0.000027777012
0.225000000000 0.650000000000 -0.000027111636
0.225000000000 0.662500000000 -0.000026406162
0.225000000000 0.675000000000 -0.000025663636
0.225000000000 0.687500000000 -0.000024886979
0.225000000000 0.700000000000 -0.000024078967
0.225000000000 0.712500000000 -0.000023242221
0.225000000000 0.725000000000 -0.000022379198
0.225000000000 0.737500000000 -0.000021492188
0.225000000000 0.750000000000 -0.000020583321
0.225000000000 0.762500000000 -0.000019654568
0.225000000000 0.775000000000 -0.000018707751
0.225000000000 0.787500000000 -0.000017744549
0.225000000000 0.800000000000 -0.000016766511
0.225000000000 0.812500000000 -0.000015775062
0.225000000000 0.825000000000 -0.000014771518
0.225000000000 0.837500000000 -0.000013757091
0.225000000000 0.850000000000 -0.000012732902
0.225000000000 0.862500000000 -0.000011699989
0.225000000000 0.875000000000 -0.000010659316
0.225000000000 0.887500000000 -0.000009611780
0.225000000000 0.900000000000 -0.000008558222
0.225000000000 0.912500000000 -0.000007499432
0.225000000000 0.925000000000 -0.000006436153
0.225000000000 0.937500000000 -0.000005369095
0.225000000000 0.950000000000 -0.000004298934
0.225000000000 0.962500000000 -0.000003226320
0.225000000000 0.975000000000 -0.000002151885
0.225000000000 0.987500000000 -0.000001076243
0.225000000000 1.000000000000 0.000000000000

0.237500000000 0.000000000000 0.000000000000
0.237500000000 0.012500000000 -0.000001128409
0.237500000000 0.025000000000 -0.000002256226
0.237500000000 0.037500000000 -0.000003382855
0.237500000000 0.050000000000 -0.000004507690
0.237500000000 0.062500000000 -0.000005630110
0.237500000000 0.075000000000 -0.000006749472
0.237500000000 0.087500000000 -0.000007865110
0.237500000000 0.100000000000 -0.000008976324
0.237500000000 0.112500000000 -0.000010082376
0.237500000000 0.125000000000 -0.000011182486
0.237500000000 0.137500000000 -0.000012275819
0.237500000000 0.150000000000 -0.000013361481
0.237500000000 0.162500000000 -0.000014438511
0.237500000000 0.175000000000 -0.000015505870
0.237500000000 0.187500000000 -0.000016562434
0.237500000000 0.200000000000 -0.000017606979
0.237500000000 0.212500000000 -0.000018638174
0.237500000000 0.225000000000 -0.000019654568
0.237500000000 0.237500000000 -0.000020654578
0.237500000000 0.250000000000 -0.000021636476
0.237500000000 0.262500000000 -0.000022598375
0.237500000000 0.275000000000 -0.000023538223
0.237500000000 0.287500000000 -0.000024453785
0.237500000000 0.300000000000 -0.000025342639
0.237500000000 0.312500000000 -0.000026202168
0.237500000000 0.325000000000 -0.000027029557
0.237500000000 0.337500000000 -0.000027821800
0.237500000000 0.350000000000 -0.000028575705
0.237500000000 0.362500000000 -0.000029287917
0.237500000000 0.375000000000 -0.000029954943
0.237500000000 0.387500000000 -0.000030573197
0.237500000000 0.400000000000 -0.000031139048
0.237500000000 0.412500000000 -0.000031648890
0.237500000000 0.425000000000 -0.000032099218
0.237500000000 0.437500000000 -0.000032486715
0.237500000000 0.450000000000 -0.000032808351
0.237500000000 0.462500000000 -0.000033061475
0.237500000000 0.475000000000 -0.000033243912
0.237500000000 0.487500000000 -0.000033354042
0.237500000000 0.500000000000 -0.000033390864
0.237500000000 0.512500000000 -0.000033354042
0.237500000000 0.525000000000 -0.000033243912
0.237500000000 0.537500000000 -0.000033061475
0.237500000000 0.550000000000 -0.000032808351
0.237500000000 0.562500000000 -0.000032486715
0.237500000000 0.575000000000 -0.000032099218
0.237500000000 0.587500000000 -0.000031648890
0.237500000000 0.600000000000 -0.000031139048
0.237500000000 0.612500000000 -0.000030573197
0.237500000000 0.625000000000 -0.000029954943
0.237500000000 0.637500000000 -0.000029287917
0.237500000000 0.650000000000 -0.000028575705
0.237500000000 0.662500000000 -0.000027821800
0.237500000000 0.675000000000 -0.000027029557
0.237500000000 0.687500000000 -0.000026202168
0.237500000000 0.700000000000 -0.000025342639
0.237500000000 0.712500000000 -0.000024453785
0.237500000000 0.725000000000 -0.000023538223
0.237500000000 0.737500000000 -0.000022598375
0.237500000000 0.750000000000 -0.000021636476
0.237500000000 0.762500000000 -0.000020654578
0.237500000000 0.775000000000 -0.000019654568
0.237500000000 0.787500000000 -0.000018638174
0.237500000000 0.800000000000 -0.000017606979
0.237500000000 0.812500000000 -0.000016562434
0.237500000000 0.825000000000 -0.000015505870
0.237500000000 0.837500000000 -0.000014438511
0.237500000000 0.850000000000 -0.000013361481
0.237500000000 0.862500000000 -0.000012275819
0.237500000000 0.875000000000 -0.000011182486
0.237500000000 0.887500000000 -0.000010082376
0.237500000000 0.900000000000 -0.000008976324
0.237500000000 0.912500000000 -0.000007865110
0.237500000000 0.925000000000 -0.000006749472
0.237500000000 0.937500000000 -0.000005630110
0.237500000000 0.950000000000 -0.000004507690
0.237500000000 0.962500000000 -0.000003382855
0.237500000000 0.975000000000 -0.000002256226
0.237500000000 0.987500000000 -0.000001128409
0.237500000000 1.000000000000 0.000000000000

0.250000000000 0.000000000000 0.000000000000
0.250000000000 0.012500000000 -0.000001179200
0.250000000000 0.025000000000 -0.000002357824
0.250000000000 0.037500000000 -0.000003535290
0.250000000000 0.050000000000 -0.000004711007
0.250000000000 0.062500000000 -0.000005884369
0.250000000000 0.075000000000 -0.000007054750
0.250000000000 0.087500000000 -0.000008221499
0.250000000000 0.100000000000 -0.000009383931
0.250000000000 0.112500000000 -0.000010541325
0.250000000000 0.125000000000 -0.000011692916
0.250000000000 0.137500000000 -0.000012837884
0.250000000000 0.150000000000 -0.000013975350
0.250000000000 0.162500000000 -0.000015104367
0.250000000000 0.175000000000 -0.000016223905
0.250000000000 0.187500000000 -0.000017332847
0.250000000000 0.200000000000 -0.000018429975
0.250000000000 0.212500000000 -0.000019513953
0.250000000000 0.225000000000 -0.000020583321
0.250000000000 0.237500000000 -0.000021636476
0.250000000000 0.250000000000 -0.000022671655
0.250000000000 0.262500000000 -0.000023686927
0.250000000000 0.275000000000 -0.000024680167
0.250000000000 0.287500000000 -0.000025649051
0.250000000000 0.300000000000 -0.000026591035
0.250000000000 0.312500000000 -0.000027503350
0.250000000000 0.325000000000 -0.000028382989
0.250000000000 0.337500000000 -0.000029226709
0.250000000000 0.350000000000 -0.000030031038
0.250000000000 0.362500000000 -0.000030792286
0.250000000000 0.375000000000 -0.000031506577
0.250000000000 0.387500000000 -0.000032169888
0.250000000000 0.400000000000 -0.000032778110
0.250000000000 0.412500000000 -0.000033327120
0.250000000000 0.425000000000 -0.000033812874
0.250000000000 0.437500000000 -0.000034231513
0.250000000000 0.450000000000 -0.000034579482
0.250000000000 0.462500000000 -0.000034853653
0.250000000000 0.475000000000 -0.000035051440
0.250000000000 0.487500000000 -0.000035170911
0.250000000000 0.500000000000 -0.000035210870
0.250000000000 0.512500000000 -0.000035170911
0.250000000000 0.525000000000 -0.000035051440
0.250000000000 0.537500000000 -0.000034853653
0.250000000000 0.550000000000 -0.000034579482
0.250000000000 0.562500000000 -0.000034231513
0.250000000000 0.575000000000 -0.000033812874
0.250000000000 0.587500000000 -0.000033327120
0.250000000000 0.600000000000 -0.000032778110
0.250000000000 0.612500000000 -0.000032169888
0.250000000000 0.625000000000 -0.000031506577
0.250000000000 0.637500000000 -0.000030792286
0.250000000000 0.650000000000 -0.000030031038
0.250000000000 0.662500000000 -0.000029226709
0.250000000000 0.675000000000 -0.000028382989
0.250000000000 0.687500000000 -0.000027503350
0.250000000000 0.700000000000 -0.000026591035
0.250000000000 0.712500000000 -0.000025649051
0.250000000000 0.725000000000 -0.000024680167
0.250000000000 0.737500000000 -0.000023686927
0.250000000000 0.750000000000 -0.000022671655
0.250000000000 0.762500000000 -0.000021636476
0.250000000000 0.775000000000 -0.000020583321
0.250000000000 0.787500000000 -0.000019513953
0.250000000000 0.800000000000 -0.000018429975
0.250000000000 0.812500000000 -0.000017332847
0.250000000000 0.825000000000 -0.000016223905
0.250000000000 0.837500000000 -0.000015104367
0.250000000000 0.850000000000 -0.000013975350
0.250000000000 0.862500000000 -0.000012837884
0.250000000000 0.875000000000 -0.000011692916
0.250000000000 0.887500000000 -0.000010541325
0.250000000000 0.900000000000 -0.000009383931
0.250000000000 0.912500000000 -0.000008221499
0.250000000000 0.925000000000 -0.000007054750
0.250000000000 0.937500000000 -0.000005884369
0.250000000000 0.950000000000 -0.000004711007
0.250000000000 0.962500000000 -0.000003535290
0.250000000000 0.975000000000 -0.000002357824
0.250000000000 0.987500000000 -0.000001179200
0.250000000000 1.000000000000 0.000000000000

0.262500000000 0.000000000000 0.000000000000
0.262500000000 0.012500000000 -0.000001228514
0.262500000000 0.025000000000 -0.000002456472
0.262500000000 0.037500000000 -0.000003683313
0.262500000000 0.050000000000 -0.000004908468
0.262500000000 0.062500000000 -0.000006131351
0.262500000000 0.075000000000 -0.000007351359
0.262500000000 0.087500000000 -0.000008567863
0.262500000000 0.100000000000 -0.000009780202
0.262500000000 0.112500000000 -0.000010987678
0.262500000000 0.125000000000 -0.000012189551
0.262500000000 0.137500000000 -0.000013385025
0.262500000000 0.150000000000 -0.000014573246
0.262500000000 0.162500000000 -0.000015753289
0.262500000000 0.175000000000 -0.000016924151
0.262500000000 0.187500000000 -0.000018084735
0.262500000000 0.200000000000 -0.000019233838
0.262500000000 0.212500000000 -0.000020370140
0.262500000000 0.225000000000 -0.000021492188
0.262500000000 0.237500000000 -0.000022598375
0.262500000000 0.250000000000 -0.000023686927
0.262500000000 0.262500000000 -0.000024755879
0.262500000000 0.275000000000 -0.000025803060
0.262500000000 0.287500000000 -0.000026826071
0.262500000000 0.300000000000 -0.000027822263
0.262500000000 0.312500000000 -0.000028788727
0.262500000000 0.325000000000 -0.000029722270
0.262500000000 0.337500000000 -0.000030619415
0.262500000000 0.350000000000 -0.000031476398
0.262500000000 0.362500000000 -0.000032289176
0.262500000000 0.375000000000 -0.000033053454
0.262500000000 0.387500000000 -0.000033764723
0.262500000000 0.400000000000 -0.000034418328
0.262500000000 0.412500000000 -0.000035009545
0.262500000000 0.425000000000 -0.000035533692
0.262500000000 0.437500000000 -0.000035986260
0.262500000000 0.450000000000 -0.000036363053
0.262500000000 0.462500000000 -0.000036660351
0.262500000000 0.475000000000 -0.000036875057
0.262500000000 0.487500000000 -0.000037004846
0.262500000000 0.500000000000 -0.000037048272
0.262500000000 0.512500000000 -0.000037004846
0.262500000000 0.525000000000 -0.000036875057
0.262500000000 0.537500000000 -0.000036660351
0.262500000000 0.550000000000 -0.000036363053
0.262500000000 0.562500000000 -0.000035986260
0.262500000000 0.575000000000 -0.000035533692
0.262500000000 0.587500000000 -0.000035009545
0.262500000000 0.600000000000 -0.000034418328
0.262500000000 0.612500000000 -0.000033764723
0.262500000000 0.625000000000 -0.000033053454
0.262500000000 0.637500000000 -0.000032289176
0.262500000000 0.650000000000 -0.000031476398
0.262500000000 0.662500000000 -0.000030619415
0.262500000000 0.675000000000 -0.000029722270
0.262500000000 0.687500000000 -0.000028788727
0.262500000000 0.700000000000 -0.000027822263
0.262500000000 0.712500000000 -0.000026826071
0.262500000000 0.725000000000 -0.000025803060
0.262500000000 0.737500000000 -0.000024755879
0.262500000000 0.750000000000 -0.000023686927
0.262500000000 0.762500000000 -0.000022598375
0.262500000000 0.775000000000 -0.000021492188
0.262500000000 0.787500000000 -0.000020370140
0.262500000000 0.800000000000 -0.000019233838
0.262500000000 0.812500000000 -0.000018084735
0.262500000000 0.825000000000 -0.000016924151
0.262500000000 0.837500000000 -0.000015753289
0.262500000000 0.850000000000 -0.000014573246
0.262500000000 0.862500000000 -0.000013385025
0.262500000000 0.875000000000 -0.000012189551
0.262500000000 0.887500000000 -0.000010987678
0.262500000000 0.900000000000 -0.000009780202
0.262500000000 0.912500000000 -0.000008567863
0.262500000000 0.925000000000 -0.000007351359
0.262500000000 0.937500000000 -0.000006131351
0.262500000000 0.950000000000 -0.000004908468
0.262500000000 0.962500000000 -0.000003683313
0.262500000000 0.975000000000 -0.000002456472
0.262500000000 0.987500000000 -0.000001228514
0.262500000000 1.000000000000 0.000000000000

0.275000000000 0.000000000000 0.000000000000
0.275000000000 0.012500000000 -0.000001276242
0.275000000000 0.025000000000 -0.000002551953
0.275000000000 0.037500000000 -0.000003826600
0.275000000000 0.050000000000 -0.000005099640
0.275000000000 0.062500000000 -0.000006370515
0.275000000000 0.075000000000 -0.000007638648
0.275000000000 0.087500000000 -0.000008903441
0.275000000000 0.100000000000 -0.000010164263
0.275000000000 0.112500000000 -0.000011420449
0.275000000000 0.125000000000 -0.000012671290
0.275000000000 0.137500000000 -0.000013916025
0.275000000000 0.150000000000 -0.000015153836
0.275000000000 0.162500000000 -0.000016383834
0.275000000000 0.175000000000 -0.000017605051
0.275000000000 0.187500000000 -0.000018816426
0.275000000000 0.200000000000 -0.000020016792
0.275000000000 0.212500000000 -0.000021204858
0.275000000000 0.225000000000 -0.000022379198
0.275000000000 0.237500000000 -0.000023538223
0.275000000000 0.250000000000 -0.000024680167
0.275000000000 0.262500000000 -0.000025803060
0.275000000000 0.275000000000 -0.000026904705
0.275000000000 0.287500000000 -0.000027982652
0.275000000000 0.300000000000 -0.000029034171
0.275000000000 0.312500000000 -0.000030056229
0.275000000000 0.325000000000 -0.000031045465
0.275000000000 0.337500000000 -0.000031998174
0.275000000000 0.350000000000 -0.000032910296
0.275000000000 0.362500000000 -0.000033777419
0.275000000000 0.375000000000 -0.000034594795
0.275000000000 0.387500000000 -0.000035357379
0.275000000000 0.400000000000 -0.000036059892
0.275000000000 0.412500000000 -0.000036696912
0.275000000000 0.425000000000 -0.000037263001
0.275000000000 0.437500000000 -0.000037752858
0.275000000000 0.450000000000 -0.000038161502
0.275000000000 0.462500000000 -0.000038484472
0.275000000000 0.475000000000 -0.000038718028
0.275000000000 0.487500000000 -0.000038859341
0.275000000000 0.500000000000 -0.000038906645
0.275000000000 0.512500000000 -0.000038859341
0.275000000000 0.525000000000 -0.000038718028
0.275000000000 0.537500000000 -0.000038484472
0.275000000000 0.550000000000 -0.000038161502
0.275000000000 0.562500000000 -0.000037752858
0.275000000000 0.575000000000 -0.000037263001
0.275000000000 0.587500000000 -0.000036696912
0.275000000000 0.600000000000 -0.000036059892
0.275000000000 0.612500000000 -0.000035357379
0.275000000000 0.625000000000 -0.000034594795
0.275000000000 0.637500000000 -0.000033777419
0.275000000000 0.650000000000 -0.000032910296
0.275000000000 0.662500000000 -0.000031998174
0.275000000000 0.675000000000 -0.000031045465
0.275000000000 0.687500000000 -0.000030056229
0.275000000000 0.700000000000 -0.000029034171
0.275000000000 0.712500000000 -0.000027982652
0.275000000000 0.725000000000 -0.000026904705
0.275000000000 0.737500000000 -0.000025803060
0.275000000000 0.750000000000 -0.000024680167
0.275000000000 0.762500000000 -0.000023538223
0.275000000000 0.775000000000 -0.000022379198
0.275000000000 0.787500000000 -0.000021204858
0.275000000000 0.800000000000 -0.000020016792
0.275000000000 0.812500000000 -0.000018816426
0.275000000000 0.825000000000 -0.000017605051
0.275000000000 0.837500000000 -0.000016383834
0.275000000000 0.850000000000 -0.000015153836
0.275000000000 0.862500000000 -0.000013916025
0.275000000000 0.875000000000 -0.000012671290
0.275000000000 0.887500000000 -0.000011420449
0.275000000000 0.900000000000 -0.000010164263
0.275000000000 0.912500000000 -0.000008903441
0.275000000000 0.925000000000 -0.000007638648
0.275000000000 0.937500000000 -0.000006370515
0.275000000000 0.950000000000 -0.000005099640
0.275000000000 0.962500000000 -0.000003826600
0.275000000000 0.975000000000 -0.000002551953
0.275000000000 0.987500000000 -0.000001276242
0.275000000000 1.000000000000 0.000000000000

0.287500000000 0.000000000000 0.000000000000
0.287500000000 0.012500000000 -0.000001322274
0.287500000000 0.025000000000 -0.000002644049
0.287500000000 0.037500000000 -0.000003964822
0.287500000000 0.050000000000 -0.000005284081
0.287500000000 0.062500000000 -0.000006601304
0.287500000000 0.075000000000 -0.000007915947
0.287500000000 0.087500000000 -0.000009227447
0.287500000000 0.100000000000 -0.000010535211
0.287500000000 0.112500000000 -0.000011838614
0.287500000000 0.125000000000 -0.000013136988
0.287500000000 0.137500000000 -0.000014429617
0.287500000000 0.150000000000 -0.000015715728
0.287500000000 0.162500000000 -0.000016994482
0.287500000000 0.175000000000 -0.000018264960
0.287500000000 0.187500000000 -0.000019526152
0.287500000000 0.200000000000 -0.000020776942
0.287500000000 0.212500000000 -0.000022016092
0.287500000000 0.225000000000 -0.000023242221
0.287500000000 0.237500000000 -0.000024453785
0.287500000000 0.250000000000 -0.000025649051
0.287500000000 0.262500000000 -0.000026826071
0.287500000000 0.275000000000 -0.000027982652
0.287500000000 0.287500000000 -0.000029116324
0.287500000000 0.300000000000 -0.000030224307
0.287500000000 0.312500000000 -0.000031303471
0.287500000000 0.325000000000 -0.000032350311
0.287500000000 0.337500000000 -0.000033360912
0.287500000000 0.350000000000 -0.000034330924
0.287500000000 0.362500000000 -0.000035255556
0.287500000000 0.375000000000 -0.000036129580
0.287500000000 0.387500000000 -0.000036947358
0.287500000000 0.400000000000 -0.000037702908
0.287500000000 0.412500000000 -0.000038389996
0.287500000000 0.425000000000 -0.000039002283
0.287500000000 0.437500000000 -0.000039533506
0.287500000000 0.450000000000 -0.000039977707
0.287500000000 0.462500000000 -0.000040329491
0.287500000000 0.475000000000 -0.000040584292
0.287500000000 0.487500000000 -0.000040738631
0.287500000000 0.500000000000 -0.000040790325
0.287500000000 0.512500000000 -0.000040738631
0.287500000000 0.525000000000 -0.000040584292
0.287500000000 0.537500000000 -0.000040329491
0.287500000000 0.550000000000 -0.000039977707
0.287500000000 0.562500000000 -0.000039533506
0.287500000000 0.575000000000 -0.000039002283
0.287500000000 0.587500000000 -0.000038389996
0.287500000000 0.600000000000 -0.000037702908
0.287500000000 0.612500000000 -0.000036947358
0.287500000000 0.625000000000 -0.000036129580
0.287500000000 0.637500000000 -0.000035255556
0.287500000000 0.650000000000 -0.000034330924
0.287500000000 0.662500000000 -0.000033360912
0.287500000000 0.675000000000 -0.000032350311
0.287500000000 0.687500000000 -0.000031303471
0.287500000000 0.700000000000 -0.000030224307
0.287500000000 0.712500000000 -0.000029116324
0.287500000000 0.725000000000 -0.000027982652
0.287500000000 0.737500000000 -0.000026826071
0.287500000000 0.750000000000 -0.000025649051
0.287500000000 0.762500000000 -0.000024453785
0.287500000000 0.775000000000 -0.000023242221
0.287500000000 0.787500000000 -0.000022016092
0.287500000000 0.800000000000 -0.000020776942
0.287500000000 0.812500000000 -0.000019526152
0.287500000000 0.825000000000 -0.000018264960
0.287500000000 0.837500000000 -0.000016994482
0.287500000000 0.850000000000 -0.000015715728
0.287500000000 0.862500000000 -0.000014429617
0.287500000000 0.875000000000 -0.000013136988
0.287500000000 0.887500000000 -0.000011838614
0.287500000000 0.900000000000 -0.000010535211
0.287500000000 0.912500000000 -0.000009227447
0.287500000000 0.925000000000 -0.000007915947
0.287500000000 0.937500000000 -0.000006601304
0.287500000000 0.950000000000 -0.000005284081
0.287500000000 0.962500000000 -0.000003964822
0.287500000000 0.975000000000 -0.000002644049
0.287500000000 0.987500000000 -0.000001322274
0.287500000000 1.000000000000 0.000000000000

0.300000000000 0.000000000000 0.000000000000
0.300000000000 0.012500000000 -0.000001366498
0.300000000000 0.025000000000 -0.000002732533
0.300000000000 0.037500000000 -0.000004097638
0.300000000000 0.050000000000 -0.000005461339
0.300000000000 0.062500000000 -0.000006823150
0.300000000000 0.075000000000 -0.000008182568
0.300000000000 0.087500000000 -0.000009539073
0.300000000000 0.100000000000 -0.000010892115
0.300000000000 0.112500000000 -0.000012241117
0.300000000000 0.125000000000 -0.000013585460
0.300000000000 0.137500000000 -0.000014924483
0.300000000000 0.150000000000 -0.000016257471
0.300000000000 0.162500000000 -0.000017583644
0.300000000000 0.175000000000 -0.000018902148
0.300000000000 0.187500000000 -0.000020212040
0.300000000000 0.200000000000 -0.000021512276
0.300000000000 0.212500000000 -0.000022801688
0.300000000000 0.225000000000 -0.000024078967
0.300000000000 0.237500000000 -0.000025342639
0.300000000000 0.250000000000 -0.000026591035
0.300000000000 0.262500000000 -0.000027822263
0.300000000000 0.275000000000 -0.000029034171
0.300000000000 0.287500000000 -0.000030224307
0.300000000000 0.300000000000 -0.000031389876
0.300000000000 0.312500000000 -0.000032527698
0.300000000000 0.325000000000 -0.000033634156
0.300000000000 0.337500000000 -0.000034705153
0.300000000000 0.350000000000 -0.000035736074
0.300000000000 0.362500000000 -0.000036721751
0.300000000000 0.375000000000 -0.000037656455
0.300000000000 0.387500000000 -0.000038533906
0.300000000000 0.400000000000 -0.000039347332
0.300000000000 0.412500000000 -0.000040089559
0.300000000000 0.425000000000 -0.000040753171
0.300000000000 0.437500000000 -0.000041330731
0.300000000000 0.450000000000 -0.000041815059
0.300000000000 0.462500000000 -0.000042199568
0.300000000000 0.475000000000 -0.000042478620
0.300000000000 0.487500000000 -0.000042647880
0.300000000000 0.500000000000 -0.000042704612
0.300000000000 0.512500000000 -0.000042647880
0.300000000000 0.525000000000 -0.000042478620
0.300000000000 0.537500000000 -0.000042199568
0.300000000000 0.550000000000 -0.000041815059
0.300000000000 0.562500000000 -0.000041330731
0.300000000000 0.575000000000 -0.000040753171
0.300000000000 0.587500000000 -0.000040089559
0.300000000000 0.600000000000 -0.000039347332
0.300000000000 0.612500000000 -0.000038533906
0.300000000000 0.625000000000 -0.000037656455
0.300000000000 0.637500000000 -0.000036721751
0.300000000000 0.650000000000 -0.000035736074
0.300000000000 0.662500000000 -0.000034705153
0.300000000000 0.675000000000 -0.000033634156
0.300000000000 0.687500000000 -0.000032527698
0.300000000000 0.700000000000 -0.000031389876
0.300000000000 0.712500000000 -0.000030224307
0.300000000000 0.725000000000 -0.000029034171
0.300000000000 0.737500000000 -0.000027822263
0.300000000000 0.750000000000 -0.000026591035
0.300000000000 0.762500000000 -0.000025342639
0.300000000000 0.775000000000 -0.000024078967
0.300000000000 0.787500000000 -0.000022801688
0.300000000000 0.800000000000 -0.000021512276
0.300000000000 0.812500000000 -0.000020212040
0.300000000000 0.825000000000 -0.000018902148
0.300000000000 0.837500000000 -0.000017583644
0.300000000000 0.850000000000 -0.000016257471
0.300000000000 0.862500000000 -0.000014924483
0.300000000000 0.875000000000 -0.000013585460
0.300000000000 0.887500000000 -0.000012241117
0.300000000000 0.900000000000 -0.000010892115
0.300000000000 0.912500000000 -0.000009539073
0.300000000000 0.925000000000 -0.000008182568
0.300000000000 0.937500000000 -0.000006823150
0.300000000000 0.950000000000 -0.000005461339
0.300000000000 0.962500000000 -0.000004097638
0.300000000000 0.975000000000 -0.000002732533
0.300000000000 0.987500000000 -0.000001366498
0.300000000000 1.000000000000 0.000000000000

0.312500000000 0.000000000000 0.000000000000
0.312500000000 0.012500000000 -0.000001408801
0.312500000000 0.025000000000 -0.000002817179
0.312500000000 0.037500000000 -0.000004224707
0.312500000000 0.050000000000 -0.000005630953
0.312500000000 0.062500000000 -0.000007035473
0.312500000000 0.075000000000 -0.000008437812
0.312500000000 0.087500000000 -0.000009837494
0.312500000000 0.100000000000 -0.000011234023
0.312500000000 0.112500000000 -0.000012626873
0.312500000000 0.125000000000 -0.000014015487
0.312500000000 0.137500000000 -0.000015399265
0.312500000000 0.150000000000 -0.000016777560
0.312500000000 0.162500000000 -0.000018149665
0.312500000000 0.175000000000 -0.000019514806
0.312500000000 0.187500000000 -0.000020872124
0.312500000000 0.200000000000 -0.000022220664
0.312500000000 0.212500000000 -0.000023559352
0.312500000000 0.225000000000 -0.000024886979
0.312500000000 0.237500000000 -0.000026202168
0.312500000000 0.250000000000 -0.000027503350
0.312500000000 0.262500000000 -0.000028788727
0.312500000000 0.275000000000 -0.000030056229
0.312500000000 0.287500000000 -0.000031303471
0.312500000000 0.300000000000 -0.000032527698
0.312500000000 0.312500000000 -0.000033725726
0.312500000000 0.325000000000 -0.000034893882
0.312500000000 0.337500000000 -0.000036027937
0.312500000000 0.350000000000 -0.000037123045
0.312500000000 0.362500000000 -0.000038173685
0.312500000000 0.375000000000 -0.000039173624
0.312500000000 0.387500000000 -0.000040115903
0.312500000000 0.400000000000 -0.000040992872
0.312500000000 0.412500000000 -0.000041796274
0.312500000000 0.425000000000 -0.000042517416
0.312500000000 0.437500000000 -0.000043147417
0.312500000000 0.450000000000 -0.000043677557
0.312500000000 0.462500000000 -0.000044099709
0.312500000000 0.475000000000 -0.000044406825
0.312500000000 0.487500000000 -0.000044593425
0.312500000000 0.500000000000 -0.000044656024
0.312500000000 0.512500000000 -0.000044593425
0.312500000000 0.525000000000 -0.000044406825
0.312500000000 0.537500000000 -0.000044099709
0.312500000000 0.550000000000 -0.000043677557
0.312500000000 0.562500000000 -0.000043147417
0.312500000000 0.575000000000 -0.000042517416
0.312500000000 0.587500000000 -0.000041796274
0.312500000000 0.600000000000 -0.000040992872
0.312500000000 0.612500000000 -0.000040115903
0.312500000000 0.625000000000 -0.000039173624
0.312500000000 0.637500000000 -0.000038173685
0.312500000000 0.650000000000 -0.000037123045
0.312500000000 0.662500000000 -0.000036027937
0.312500000000 0.675000000000 -0.000034893882
0.312500000000 0.687500000000 -0.000033725726
0.312500000000 0.700000000000 -0.000032527698
0.312500000000 0.712500000000 -0.000031303471
0.312500000000 0.725000000000 -0.000030056229
0.312500000000 0.737500000000 -0.000028788727
0.312500000000 0.750000000000 -0.000027503350
0.312500000000 0.762500000000 -0.000026202168
0.312500000000 0.775000000000 -0.000024886979
0.312500000000 0.787500000000 -0.000023559352
0.312500000000 0.800000000000 -0.000022220664
0.312500000000 0.812500000000 -0.000020872124
0.312500000000 0.825000000000 -0.000019514806
0.312500000000 0.837500000000 -0.000018149665
0.312500000000 0.850000000000 -0.000016777560
0.312500000000 0.862500000000 -0.000015399265
0.312500000000 0.875000000000 -0.000014015487
0.312500000000 0.887500000000 -0.000012626873
0.312500000000 0.900000000000 -0.000011234023
0.312500000000 0.912500000000 -0.000009837494
0.312500000000 0.925000000000 -0.000008437812
0.312500000000 0.937500000000 -0.000007035473
0.312500000000 0.950000000000 -0.000005630953
0.312500000000 0.962500000000 -0.000004224707
0.312500000000 0.975000000000 -0.000002817179
0.312500000000 0.987500000000 -0.000001408801
0.312500000000 1.000000000000 0.000000000000

0.325000000000 0.000000000000 0.000000000000
0.325000000000 0.012500000000 -0.000001449067
0.325000000000 0.025000000000 -0.000002897755
0.325000000000 0.037500000000 -0.000004345681
0.325000000000 0.050000000000 -0.000005792458
0.325000000000 0.062500000000 -0.000007237689
0.325000000000 0.075000000000 -0.000008680969
0.325000000000 0.087500000000 -0.000010121875
0.325000000000 0.100000000000 -0.000011559966
0.325000000000 0.112500000000 -0.000012994779
0.325000000000 0.125000000000 -0.000014425822
0.325000000000 0.137500000000 -0.000015852567
0.325000000000 0.150000000000 -0.000017274444
0.325000000000 0.162500000000 -0.000018690834
0.325000000000 0.175000000000 -0.000020101053
0.325000000000 0.187500000000 -0.000021504346
0.325000000000 0.200000000000 -0.000022899866
0.325000000000 0.212500000000 -0.000024286658
0.325000000000 0.225000000000 -0.000025663636
0.325000000000 0.237500000000 -0.000027029557
0.325000000000 0.250000000000 -0.000028382989
0.325000000000 0.262500000000 -0.000029722270
0.325000000000 0.275000000000 -0.000031045465
0.325000000000 0.287500000000 -0.000032350311
0.325000000000 0.300000000000 -0.000033634156
0.325000000000 0.312500000000 -0.000034893882
0.325000000000 0.325000000000 -0.000036125831
0.325000000000 0.337500000000 -0.000037325713
0.325000000000 0.350000000000 -0.000038488517
0.325000000000 0.362500000000 -0.000039608417
0.325000000000 0.375000000000 -0.000040678701
0.325000000000 0.387500000000 -0.000041691712
0.325000000000 0.400000000000 -0.000042638849
0.325000000000 0.412500000000 -0.000043510625
0.325000000000 0.425000000000 -0.000044296831
0.325000000000 0.437500000000 -0.000044986812
0.325000000000 0.450000000000 -0.000045569897
0.325000000000 0.462500000000 -0.000046035949
0.325000000000 0.475000000000 -0.000046376032
0.325000000000 0.487500000000 -0.000046583106
0.325000000000 0.500000000000 -0.000046652650
0.325000000000 0.512500000000 -0.000046583106
0.325000000000 0.525000000000 -0.000046376032
0.325000000000 0.537500000000 -0.000046035949
0.325000000000 0.550000000000 -0.000045569897
0.325000000000 0.562500000000 -0.000044986812
0.325000000000 0.575000000000 -0.000044296831
0.325000000000 0.587500000000 -0.000043510625
0.325000000000 0.600000000000 -0.000042638849
0.325000000000 0.612500000000 -0.000041691712
0.325000000000 0.625000000000 -0.000040678701
0.325000000000 0.637500000000 -0.000039608417
0.325000000000 0.650000000000 -0.000038488517
0.325000000000 0.662500000000 -0.000037325713
0.325000000000 0.675000000000 -0.000036125831
0.325000000000 0.687500000000 -0.000034893882
0.325000000000 0.700000000000 -0.000033634156
0.325000000000 0.712500000000 -0.000032350311
0.325000000000 0.725000000000 -0.000031045465
0.325000000000 0.737500000000 -0.000029722270
0.325000000000 0.750000000000 -0.000028382989
0.325000000000 0.762500000000 -0.000027029557
0.325000000000 0.775000000000 -0.000025663636
0.325000000000 0.787500000000 -0.000024286658
0.325000000000 0.800000000000 -0.000022899866
0.325000000000 0.812500000000 -0.000021504346
0.325000000000 0.825000000000 -0.000020101053
0.325000000000 0.837500000000 -0.000018690834
0.325000000000 0.850000000000 -0.000017274444
0.325000000000 0.862500000000 -0.000015852567
0.325000000000 0.875000000000 -0.000014425822
0.325000000000 0.887500000000 -0.000012994779
0.325000000000 0.900000000000 -0.000011559966
0.325000000000 0.912500000000 -0.000010121875
0.325000000000 0.925000000000 -0.000008680969
0.325000000000 0.937500000000 -0.000007237689
0.325000000000 0.950000000000 -0.000005792458
0.325000000000 0.962500000000 -0.000004345681
0.325000000000 0.975000000000 -0.000002897755
0.325000000000 0.987500000000 -0.000001449067
0.325000000000 1.000000000000 0.000000000000

0.337500000000 0.000000000000 0.000000000000
0.337500000000 0.012500000000 -0.000001487183
0.337500000000 0.025000000000 -0.000002974032
0.337500000000 0.037500000000 -0.000004460214
0.337500000000 0.050000000000 -0.000005945388
0.337500000000 0.062500000000 -0.000007429210
0.337500000000 0.075000000000 -0.000008911326
0.337500000000 0.087500000000 -0.000010391371
0.337500000000 0.100000000000 -0.000011868967
0.337500000000 0.112500000000 -0.000013343715
0.337500000000 0.125000000000 -0.000014815197
0.337500000000 0.137500000000 -0.000016282965
0.337500000000 0.150000000000 -0.000017746537
0.337500000000 0.162500000000 -0.000019205390
0.337500000000 0.175000000000 -0.000020658947
0.337500000000 0.187500000000 -0.000022106571
0.337500000000 0.200000000000 -0.000023547543
0.337500000000 0.212500000000 -0.000024981051
0.337500000000 0.225000000000 -0.000026406162
0.337500000000 0.237500000000 -0.000027821800
0.337500000000 0.250000000000 -0.000029226709
0.337500000000 0.262500000000 -0.000030619415
0.337500000000 0.275000000000 -0.000031998174
0.337500000000 0.287500000000 -0.000033360912
0.337500000000 0.300000000000 -0.000034705153
0.337500000000 0.312500000000 -0.000036027937
0.337500000000 0.325000000000 -0.000037325713
0.337500000000 0.337500000000 -0.000038594231
0.337500000000 0.350000000000 -0.000039828411
0.337500000000 0.362500000000 -0.000041022215
0.337500000000 0.375000000000 -0.000042168513
0.337500000000 0.387500000000 -0.000043258974
0.337500000000 0.400000000000 -0.000044283998
0.337500000000 0.412500000000 -0.000045232728
0.337500000000 0.425000000000 -0.000046093175
0.337500000000 0.437500000000 -0.000046852513
0.337500000000 0.450000000000 -0.000047497580
0.337500000000 0.462500000000 -0.000048015588
0.337500000000 0.475000000000 -0.000048395037
0.337500000000 0.487500000000 -0.000048626713
0.337500000000 0.500000000000 -0.000048704631
0.337500000000 0.512500000000 -0.000048626713
0.337500000000 0.525000000000 -0.000048395037
0.337500000000 0.537500000000 -0.000048015588
0.337500000000 0.550000000000 -0.000047497580
0.337500000000 0.562500000000 -0.000046852513
0.337500000000 0.575000000000 -0.000046093175
0.337500000000 0.587500000000 -0.000045232728
0.337500000000 0.600000000000 -0.000044283998
0.337500000000 0.612500000000 -0.000043258974
0.337500000000 0.625000000000 -0.000042168513
0.337500000000 0.637500000000 -0.000041022215
0.337500000000 0.650000000000 -0.000039828411
0.337500000000 0.662500000000 -0.000038594231
0.337500000000 0.675000000000 -0.000037325713
0.337500000000 0.687500000000 -0.000036027937
0.337500000000 0.700000000000 -0.000034705153
0.337500000000 0.712500000000 -0.000033360912
0.337500000000 0.725000000000 -0.000031998174
0.337500000000 0.737500000000 -0.000030619415
0.337500000000 0.750000000000 -0.000029226709
0.337500000000 0.762500000000 -0.000027821800
0.337500000000 0.775000000000 -0.000026406162
0.337500000000 0.787500000000 -0.000024981051
0.337500000000 0.800000000000 -0.000023547543
0.337500000000 0.812500000000 -0.000022106571
0.337500000000 0.825000000000 -0.000020658947
0.337500000000 0.837500000000 -0.000019205390
0.337500000000 0.850000000000 -0.000017746537
0.337500000000 0.862500000000 -0.000016282965
0.337500000000 0.875000000000 -0.000014815197
0.337500000000 0.887500000000 -0.000013343715
0.337500000000 0.900000000000 -0.000011868967
0.337500000000 0.912500000000 -0.000010391371
0.337500000000 0.925000000000 -0.000008911326
0.337500000000 0.937500000000 -0.000007429210
0.337500000000 0.950000000000 -0.000005945388
0.337500000000 0.962500000000 -0.000004460214
0.337500000000 0.975000000000 -0.000002974032
0.337500000000 0.987500000000 -0.000001487183
0.337500000000 1.000000000000 0.000000000000

0.350000000000 0.000000000000 0.000000000000
0.350000000000 0.012500000000 -0.000001523033
0.350000000000 0.025000000000 -0.000003045782
0.350000000000 0.037500000000 -0.000004567960
0.350000000000 0.050000000000 -0.000006089280
0.350000000000 0.062500000000 -0.000007609449
0.350000000000 0.075000000000 -0.000009128171
0.350000000000 0.087500000000 -0.000010645141
0.350000000000 0.100000000000 -0.000012160045
0.350000000000 0.112500000000 -0.000013672557
0.350000000000 0.125000000000 -0.000015182336
0.350000000000 0.137500000000 -0.000016689022
0.350000000000 0.150000000000 -0.000018192229
0.350000000000 0.162500000000 -0.000019691539
0.350000000000 0.175000000000 -0.000021186498
0.350000000000 0.187500000000 -0.000022676598
0.350000000000 0.200000000000 -0.000024161270
0.350000000000 0.212500000000 -0.000025639865
0.350000000000 0.225000000000 -0.000027111636
0.350000000000 0.237500000000 -0.000028575705
0.350000000000 0.250000000000 -0.000030031038
0.350000000000 0.262500000000 -0.000031476398
0.350000000000 0.275000000000 -0.000032910296
0.350000000000 0.287500000000 -0.000034330924
0.350000000000 0.300000000000 -0.000035736074
0.350000000000 0.312500000000 -0.000037123045
0.350000000000 0.325000000000 -0.000038488517
0.350000000000 0.337500000000 -0.000039828411
0.350000000000 0.350000000000 -0.000041137726
0.350000000000 0.362500000000 -0.000042410348
0.350000000000 0.375000000000 -0.000043638857
0.350000000000 0.387500000000 -0.000044814330
0.350000000000 0.400000000000 -0.000045926180
0.350000000000 0.412500000000 -0.000046962069
0.350000000000 0.425000000000 -0.000047907961
0.350000000000 0.437500000000 -0.000048748386
0.350000000000 0.450000000000 -0.000049467000
0.350000000000 0.462500000000 -0.000050047484
0.350000000000 0.475000000000 -0.000050474790
0.350000000000 0.487500000000 -0.000050736613
0.350000000000 0.500000000000 -0.000050824834
0.350000000000 0.512500000000 -0.000050736613
0.350000000000 0.525000000000 -0.000050474790
0.350000000000 0.537500000000 -0.000050047484
0.350000000000 0.550000000000 -0.000049467000
0.350000000000 0.562500000000 -0.000048748386
0.350000000000 0.575000000000 -0.000047907961
0.350000000000 0.587500000000 -0.000046962069
0.350000000000 0.600000000000 -0.000045926180
0.350000000000 0.612500000000 -0.000044814330
0.350000000000 0.625000000000 -0.000043638857
0.350000000000 0.637500000000 -0.000042410348
0.350000000000 0.650000000000 -0.000041137726
0.350000000000 0.662500000000 -0.000039828411
0.350000000000 0.675000000000 -0.000038488517
0.350000000000 0.687500000000 -0.000037123045
0.350000000000 0.700000000000 -0.000035736074
0.350000000000 0.712500000000 -0.000034330924
0.350000000000 0.725000000000 -0.000032910296
0.350000000000 0.737500000000 -0.000031476398
0.350000000000 0.750000000000 -0.000030031038
0.350000000000 0.762500000000 -0.000028575705
0.350000000000 0.775000000000 -0.000027111636
0.350000000000 0.787500000000 -0.000025639865
0.350000000000 0.800000000000 -0.000024161270
0.350000000000 0.812500000000 -0.000022676598
0.350000000000 0.825000000000 -0.000021186498
0.350000000000 0.837500000000 -0.000019691539
0.350000000000 0.850000000000 -0.000018192229
0.350000000000 0.862500000000 -0.000016689022
0.350000000000 0.875000000000 -0.000015182336
0.350000000000 0.887500000000 -0.000013672557
0.350000000000 0.900000000000 -0.000012160045
0.350000000000 0.912500000000 -0.000010645141
0.350000000000 0.925000000000 -0.000009128171
0.350000000000 0.937500000000 -0.000007609449
0.350000000000 0.950000000000 -0.000006089280
0.350000000000 0.962500000000 -0.000004567960
0.350000000000 0.975000000000 -0.000003045782
0.350000000000 0.987500000000 -0.000001523033
0.350000000000 1.000000000000 0.000000000000

0.362500000000 0.000000000000 0.000000000000
0.362500000000 0.012500000000 -0.000001556507
0.362500000000 0.025000000000 -0.000003112779
0.362500000000 0.037500000000 -0.000004668581
0.362500000000 0.050000000000 -0.000006223677
0.362500000000 0.062500000000 -0.000007777830
0.362500000000 0.075000000000 -0.000009330801
0.362500000000 0.087500000000 -0.000010882349
0.362500000000 0.100000000000 -0.000012432227
0.362500000000 0.112500000000 -0.000013980186
0.362500000000 0.125000000000 -0.000015525965
0.362500000000 0.137500000000 -0.000017069297
0.362500000000 0.150000000000 -0.000018609899
0.362500000000 0.162500000000 -0.000020147470
0.362500000000 0.175000000000 -0.000021681684
0.362500000000 0.187500000000 -0.000023212180
0.362500000000 0.200000000000 -0.000024738554
0.362500000000 0.212500000000 -0.000026260345
0.362500000000 0.225000000000 -0.000027777012
0.362500000000 0.237500000000 -0.000029287917
0.362500000000 0.250000000000 -0.000030792286
0.362500000000 0.262500000000 -0.000032289176
0.362500000000 0.275000000000 -0.000033777419
0.362500000000 0.287500000000 -0.000035255556
0.362500000000 0.300000000000 -0.000036721751
0.362500000000 0.312500000000 -0.000038173685
0.362500000000 0.325000000000 -0.000039608417
0.362500000000 0.337500000000 -0.000041022215
0.362500000000 0.350000000000 -0.000042410348
0.362500000000 0.362500000000 -0.000043766840
0.362500000000 0.375000000000 -0.000045084189
0.362500000000 0.387500000000 -0.000046353058
0.362500000000 0.400000000000 -0.000047561980
0.362500000000 0.412500000000 -0.000048697108
0.362500000000 0.425000000000 -0.000049742123
0.362500000000 0.437500000000 -0.000050678386
0.362500000000 0.450000000000 -0.000051485497
0.362500000000 0.462500000000 -0.000052142397
0.362500000000 0.475000000000 -0.000052629051
0.362500000000 0.487500000000 -0.000052928638
0.362500000000 0.500000000000 -0.000053029835
0.362500000000 0.512500000000 -0.000052928638
0.362500000000 0.525000000000 -0.000052629051
0.362500000000 0.537500000000 -0.000052142397
0.362500000000 0.550000000000 -0.000051485497
0.362500000000 0.562500000000 -0.000050678386
0.362500000000 0.575000000000 -0.000049742123
0.362500000000 0.587500000000 -0.000048697108
0.362500000000 0.600000000000 -0.000047561980
0.362500000000 0.612500000000 -0.000046353058
0.362500000000 0.625000000000 -0.000045084189
0.362500000000 0.637500000000 -0.000043766840
0.362500000000 0.650000000000 -0.000042410348
0.362500000000 0.662500000000 -0.000041022215
0.362500000000 0.675000000000 -0.000039608417
0.362500000000 0.687500000000 -0.000038173685
0.362500000000 0.700000000000 -0.000036721751
0.362500000000 0.712500000000 -0.000035255556
0.362500000000 0.725000000000 -0.000033777419
0.362500000000 0.737500000000 -0.000032289176
0.362500000000 0.750000000000 -0.000030792286
0.362500000000 0.762500000000 -0.000029287917
0.362500000000 0.775000000000 -0.000027777012
0.362500000000 0.787500000000 -0.000026260345
0.362500000000 0.800000000000 -0.000024738554
0.362500000000 0.812500000000 -0.000023212180
0.362500000000 0.825000000000 -0.000021681684
0.362500000000 0.837500000000 -0.000020147470
0.362500000000 0.850000000000 -0.000018609899
0.362500000000 0.862500000000 -0.000017069297
0.362500000000 0.875000000000 -0.000015525965
0.362500000000 0.887500000000 -0.000013980186
0.362500000000 0.900000000000 -0.000012432227
0.362500000000 0.912500000000 -0.000010882349
0.362500000000 0.925000000000 -0.000009330801
0.362500000000 0.937500000000 -0.000007777830
0.362500000000 0.950000000000 -0.000006223677
0.362500000000 0.962500000000 -0.000004668581
0.362500000000 0.975000000000 -0.000003112779
0.362500000000 0.987500000000 -0.000001556507
0.362500000000 1.000000000000 0.000000000000

0.375000000000 0.000000000000 0.000000000000
0.375000000000 0.012500000000 -0.000001587494
0.375000000000 0.025000000000 -0.000003174804
0.375000000000 0.037500000000 -0.000004761744
0.375000000000 0.050000000000 -0.000006348132
0.375000000000 0.062500000000 -0.000007933787
0.375000000000 0.075000000000 -0.000009518528
0.375000000000 0.087500000000 -0.000011102177
0.375000000000 0.100000000000 -0.000012684559
0.375000000000 0.112500000000 -0.000014265499
0.375000000000 0.125000000000 -0.000015844825
0.375000000000 0.137500000000 -0.000017422363
0.375000000000 0.150000000000 -0.000018997938
0.375000000000 0.162500000000 -0.000020571372
0.375000000000 0.175000000000 -0.000022142476
0.375000000000 0.187500000000 -0.000023711049
0.375000000000 0.200000000000 -0.000025276864
0.375000000000 0.212500000000 -0.000026839667
0.375000000000 0.225000000000 -0.000028399150
0.375000000000 0.237500000000 -0.000029954943
0.375000000000 0.250000000000 -0.000031506577
0.375000000000 0.262500000000 -0.000033053454
0.375000000000 0.275000000000 -0.000034594795
0.375000000000 0.287500000000 -0.000036129580
0.375000000000 0.300000000000 -0.000037656455
0.375000000000 0.312500000000 -0.000039173624
0.375000000000 0.325000000000 -0.000040678701
0.375000000000 0.337500000000 -0.000042168513
0.375000000000 0.350000000000 -0.000043638857
0.375000000000 0.362500000000 -0.000045084189
0.375000000000 0.375000000000 -0.000046497243
0.375000000000 0.387500000000 -0.000047868590
0.375000000000 0.400000000000 -0.000049186142
0.375000000000 0.412500000000 -0.000050434679
0.375000000000 0.425000000000 -0.000051595469
0.375000000000 0.437500000000 -0.000052646180
0.375000000000 0.450000000000 -0.000053561307
0.375000000000 0.462500000000 -0.000054313394
0.375000000000 0.475000000000 -0.000054875287
0.375000000000 0.487500000000 -0.000055223381
0.375000000000 0.500000000000 -0.000055341366
0.375000000000 0.512500000000 -0.000055223381
0.375000000000 0.525000000000 -0.000054875287
0.375000000000 0.537500000000 -0.000054313394
0.375000000000 0.550000000000 -0.000053561307
0.375000000000 0.562500000000 -0.000052646180
0.375000000000 0.575000000000 -0.000051595469
0.375000000000 0.587500000000 -0.000050434679
0.375000000000 0.600000000000 -0.000049186142
0.375000000000 0.612500000000 -0.000047868590
0.375000000000 0.625000000000 -0.000046497243
0.375000000000 0.637500000000 -0.000045084189
0.375000000000 0.650000000000 -0.000043638857
0.375000000000 0.662500000000 -0.000042168513
0.375000000000 0.675000000000 -0.000040678701
0.375000000000 0.687500000000 -0.000039173624
0.375000000000 0.700000000000 -0.000037656455
0.375000000000 0.712500000000 -0.000036129580
0.375000000000 0.725000000000 -0.000034594795
0.375000000000 0.737500000000 -0.000033053454
0.375000000000 0.750000000000 -0.000031506577
0.375000000000 0.762500000000 -0.000029954943
0.375000000000 0.775000000000 -0.000028399150
0.375000000000 0.787500000000 -0.000026839667
0.375000000000 0.800000000000 -0.000025276864
0.375000000000 0.812500000000 -0.000023711049
0.375000000000 0.825000000000 -0.000022142476
0.375000000000 0.837500000000 -0.000020571372
0.375000000000 0.850000000000 -0.000018997938
0.375000000000 0.862500000000 -0.000017422363
0.375000000000 0.875000000000 -0.000015844825
0.375000000000 0.887500000000 -0.000014265499
0.375000000000 0.900000000000 -0.000012684559
0.375000000000 0.912500000000 -0.000011102177
0.375000000000 0.925000000000 -0.000009518528
0.375000000000 0.937500000000 -0.000007933787
0.375000000000 0.950000000000 -0.000006348132
0.375000000000 0.962500000000 -0.000004761744
0.375000000000 0.975000000000 -0.000003174804
0.375000000000 0.987500000000 -0.000001587494
0.375000000000 1.000000000000 0.000000000000

0.387500000000 0.000000000000 0.000000000000
0.387500000000 0.012500000000 -0.000001615890
0.387500000000 0.025000000000 -0.000003231645
0.387500000000 0.037500000000 -0.000004847131
0.387500000000 0.050000000000 -0.000006462217
0.387500000000 0.062500000000 -0.000008076775
0.387500000000 0.075000000000 -0.000009690685
0.387500000000 0.087500000000 -0.000011303833
0.387500000000 0.100000000000 -0.000012916111
0.387500000000 0.112500000000 -0.000014527424
0.387500000000 0.125000000000 -0.000016137686
0.387500000000 0.137500000000 -0.000017746819
0.387500000000 0.150000000000 -0.000019354761
0.387500000000 0.162500000000 -0.000020961457
0.387500000000 0.175000000000 -0.000022566863
0.387500000000 0.187500000000 -0.000024170942
0.387500000000 0.200000000000 -0.000025773660
0.387500000000 0.212500000000 -0.000027374981
0.387500000000 0.225000000000 -0.000028974852
0.387500000000 0.237500000000 -0.000030573197
0.387500000000 0.250000000000 -0.000032169888
0.387500000000 0.262500000000 -0.000033764723
0.387500000000 0.275000000000 -0.000035357379
0.387500000000 0.287500000000 -0.000036947358
0.387500000000 0.300000000000 -0.000038533906
0.387500000000 0.312500000000 -0.000040115903
0.387500000000 0.325000000000 -0.000041691712
0.387500000000 0.337500000000 -0.000043258974
0.387500000000 0.350000000000 -0.000044814330
0.387500000000 0.362500000000 -0.000046353058
0.387500000000 0.375000000000 -0.000047868590
0.387500000000 0.387500000000 -0.000049351907
0.387500000000 0.400000000000 -0.000050790814
0.387500000000 0.412500000000 -0.000052169111
0.387500000000 0.425000000000 -0.000053465787
0.387500000000 0.437500000000 -0.000054654439
0.387500000000 0.450000000000 -0.000055703276
0.387500000000 0.462500000000 -0.000056576254
0.387500000000 0.475000000000 -0.000057235904
0.387500000000 0.487500000000 -0.000057648144
0.387500000000 0.500000000000 -0.000057788548
0.387500000000 0.512500000000 -0.000057648144
0.387500000000 0.525000000000 -0.000057235904
0.387500000000 0.537500000000 -0.000056576254
0.387500000000 0.550000000000 -0.000055703276
0.387500000000 0.562500000000 -0.000054654439
0.387500000000 0.575000000000 -0.000053465787
0.387500000000 0.587500000000 -0.000052169111
0.387500000000 0.600000000000 -0.000050790814
0.387500000000 0.612500000000 -0.000049351907
0.387500000000 0.625000000000 -0.000047868590
0.387500000000 0.637500000000 -0.000046353058
0.387500000000 0.650000000000 -0.000044814330
0.387500000000 0.662500000000 -0.000043258974
0.387500000000 0.675000000000 -0.000041691712
0.387500000000 0.687500000000 -0.000040115903
0.387500000000 0.700000000000 -0.000038533906
0.387500000000 0.712500000000 -0.000036947358
0.387500000000 0.725000000000 -0.000035357379
0.387500000000 0.737500000000 -0.000033764723
0.387500000000 0.750000000000 -0.000032169888
0.387500000000 0.762500000000 -0.000030573197
0.387500000000 0.775000000000 -0.000028974852
0.387500000000 0.787500000000 -0.000027374981
0.387500000000 0.800000000000 -0.000025773660
0.387500000000 0.812500000000 -0.000024170942
0.387500000000 0.825000000000 -0.000022566863
0.387500000000 0.837500000000 -0.000020961457
0.387500000000 0.850000000000 -0.000019354761
0.387500000000 0.862500000000 -0.000017746819
0.387500000000 0.875000000000 -0.000016137686
0.387500000000 0.887500000000 -0.000014527424
0.387500000000 0.900000000000 -0.000012916111
0.387500000000 0.912500000000 -0.000011303833
0.387500000000 0.925000000000 -0.000009690685
0.387500000000 0.937500000000 -0.000008076775
0.387500000000 0.950000000000 -0.000006462217
0.387500000000 0.962500000000 -0.000004847131
0.387500000000 0.975000000000 -0.000003231645
0.387500000000 0.987500000000 -0.000001615890
0.387500000000 1.000000000000 0.000000000000

0.400000000000 0.000000000000 0.000000000000
0.400000000000 0.012500000000 -0.000001641596
0.400000000000 0.025000000000 -0.000003283104
0.400000000000 0.037500000000 -0.000004924439
0.400000000000 0.050000000000 -0.000006565520
0.400000000000 0.062500000000 -0.000008206275
0.400000000000 0.075000000000 -0.000009846638
0.400000000000 0.087500000000 -0.000011486557
0.400000000000 0.100000000000 -0.000013125996
0.400000000000 0.112500000000 -0.000014764932
0.400000000000 0.125000000000 -0.000016403366
0.400000000000 0.137500000000 -0.000018041317
0.400000000000 0.150000000000 -0.000019678832
0.400000000000 0.162500000000 -0.000021315984
0.400000000000 0.175000000000 -0.000022952875
0.400000000000 0.187500000000 -0.000024589636
0.400000000000 0.200000000000 -0.000026226430
0.400000000000 0.212500000000 -0.000027863448
0.400000000000 0.225000000000 -0.000029500908
0.400000000000 0.237500000000 -0.000031139048
0.400000000000 0.250000000000 -0.000032778110
0.400000000000 0.262500000000 -0.000034418328
0.400000000000 0.275000000000 -0.000036059892
0.400000000000 0.287500000000 -0.000037702908
0.400000000000 0.300000000000 -0.000039347332
0.400000000000 0.312500000000 -0.000040992872
0.400000000000 0.325000000000 -0.000042638849
0.400000000000 0.337500000000 -0.000044283998
0.400000000000 0.350000000000 -0.000045926180
0.400000000000 0.362500000000 -0.000047561980
0.400000000000 0.375000000000 -0.000049186142
0.400000000000 0.387500000000 -0.000050790814
0.400000000000 0.400000000000 -0.000052364531
0.400000000000 0.412500000000 -0.000053890961
0.400000000000 0.425000000000 -0.000055347439
0.400000000000 0.437500000000 -0.000056703529
0.400000000000 0.450000000000 -0.000057920090
0.400000000000 0.462500000000 -0.000058949738
0.400000000000 0.475000000000 -0.000059739941
0.400000000000 0.487500000000 -0.000060239952
0.400000000000 0.500000000000 -0.000060411476
0.400000000000 0.512500000000 -0.000060239952
0.400000000000 0.525000000000 -0.000059739941
0.400000000000 0.537500000000 -0.000058949738
0.400000000000 0.550000000000 -0.000057920090
0.400000000000 0.562500000000 -0.000056703529
0.400000000000 0.575000000000 -0.000055347439
0.400000000000 0.587500000000 -0.000053890961
0.400000000000 0.600000000000 -0.000052364531
0.400000000000 0.612500000000 -0.000050790814
0.400000000000 0.625000000000 -0.000049186142
0.400000000000 0.637500000000 -0.000047561980
0.400000000000 0.650000000000 -0.000045926180
0.400000000000 0.662500000000 -0.000044283998
0.400000000000 0.675000000000 -0.000042638849
0.400000000000 0.687500000000 -0.000040992872
0.400000000000 0.700000000000 -0.000039347332
0.400000000000 0.712500000000 -0.000037702908
0.400000000000 0.725000000000 -0.000036059892
0.400000000000 0.737500000000 -0.000034418328
0.400000000000 0.750000000000 -0.000032778110
0.400000000000 0.762500000000 -0.000031139048
0.400000000000 0.775000000000 -0.000029500908
0.400000000000 0.787500000000 -0.000027863448
0.400000000000 0.800000000000 -0.000026226430
0.400000000000 0.812500000000 -0.000024589636
0.400000000000 0.825000000000 -0.000022952875
0.400000000000 0.837500000000 -0.000021315984
0.400000000000 0.850000000000 -0.000019678832
0.400000000000 0.862500000000 -0.000018041317
0.400000000000 0.875000000000 -0.000016403366
0.400000000000 0.887500000000 -0.000014764932
0.400000000000 0.900000000000 -0.000013125996
0.400000000000 0.912500000000 -0.000011486557
0.400000000000 0.925000000000 -0.000009846638
0.400000000000 0.937500000000 -0.000008206275
0.400000000000 0.950000000000 -0.000006565520
0.400000000000 0.962500000000 -0.000004924439
0.400000000000 0.975000000000 -0.000003283104
0.400000000000 0.987500000000 -0.000001641596
0.400000000000 1.000000000000 0.000000000000

0.412500000000 0.000000000000 0.000000000000
0.412500000000 0.012500000000 -0.000001664517
0.412500000000 0.025000000000 -0.000003328991
0.412500000000 0.037500000000 -0.000004993382
0.412500000000 0.050000000000 -0.000006657659
0.412500000000 0.062500000000 -0.000008321798
0.412500000000 0.075000000000 -0.000009985789
0.412500000000 0.087500000000 -0.000011649638
0.412500000000 0.100000000000 -0.000013313374
0.412500000000 0.112500000000 -0.000014977049
0.412500000000 0.125000000000 -0.000016640743
0.412500000000 0.137500000000 -0.000018304572
0.412500000000 0.150000000000 -0.000019968689
0.412500000000 0.162500000000 -0.000021633290
0.412500000000 0.175000000000 -0.000023298621
0.412500000000 0.187500000000 -0.000024964981
0.412500000000 0.200000000000 -0.000026632731
0.412500000000 0.212500000000 -0.000028302292
0.412500000000 0.225000000000 -0.000029974158
0.412500000000 0.237500000000 -0.000031648890
0.412500000000 0.250000000000 -0.000033327120
0.412500000000 0.262500000000 -0.000035009545
0.412500000000 0.275000000000 -0.000036696912
0.412500000000 0.287500000000 -0.000038389996
0.412500000000 0.300000000000 -0.000040089559
0.412500000000 0.312500000000 -0.000041796274
0.412500000000 0.325000000000 -0.000043510625
0.412500000000 0.337500000000 -0.000045232728
0.412500000000 0.350000000000 -0.000046962069
0.412500000000 0.362500000000 -0.000048697108
0.412500000000 0.375000000000 -0.000050434679
0.412500000000 0.387500000000 -0.000052169111
0.412500000000 0.400000000000 -0.000053890961
0.412500000000 0.412500000000 -0.000055585255
0.412500000000 0.425000000000 -0.000057229159
0.412500000000 0.437500000000 -0.000058789199
0.412500000000 0.450000000000 -0.000060218504
0.412500000000 0.462500000000 -0.000061455343
0.412500000000 0.475000000000 -0.000062425303
0.412500000000 0.487500000000 -0.000063050399
0.412500000000 0.500000000000 -0.000063267267
0.412500000000 0.512500000000 -0.000063050399
0.412500000000 0.525000000000 -0.000062425303
0.412500000000 0.537500000000 -0.000061455343
0.412500000000 0.550000000000 -0.000060218504
0.412500000000 0.562500000000 -0.000058789199
0.412500000000 0.575000000000 -0.000057229159
0.412500000000 0.587500000000 -0.000055585255
0.412500000000 0.600000000000 -0.000053890961
0.412500000000 0.612500000000 -0.000052169111
0.412500000000 0.625000000000 -0.000050434679
0.412500000000 0.637500000000 -0.000048697108
0.412500000000 0.650000000000 -0.000046962069
0.412500000000 0.662500000000 -0.000045232728
0.412500000000 0.675000000000 -0.000043510625
0.412500000000 0.687500000000 -0.000041796274
0.412500000000 0.700000000000 -0.000040089559
0.412500000000 0.712500000000 -0.000038389996
0.412500000000 0.725000000000 -0.000036696912
0.412500000000 0.737500000000 -0.000035009545
0.412500000000 0.750000000000 -0.000033327120
0.412500000000 0.762500000000 -0.000031648890
0.412500000000 0.775000000000 -0.000029974158
0.412500000000 0.787500000000 -0.000028302292
0.412500000000 0.800000000000 -0.000026632731
0.412500000000 0.812500000000 -0.000024964981
0.412500000000 0.825000000000 -0.000023298621
0.412500000000 0.837500000000 -0.000021633290
0.412500000000 0.850000000000 -0.000019968689
0.412500000000 0.862500000000 -0.000018304572
0.412500000000 0.875000000000 -0.000016640743
0.412500000000 0.887500000000 -0.000014977049
0.412500000000 0.900000000000 -0.000013313374
0.412500000000 0.912500000000 -0.000011649638
0.412500000000 0.925000000000 -0.000009985789
0.412500000000 0.937500000000 -0.000008321798
0.412500000000 0.950000000000 -0.000006657659
0.412500000000 0.962500000000 -0.000004993382
0.412500000000 0.975000000000 -0.000003328991
0.412500000000 0.987500000000 -0.000001664517
0.412500000000 1.000000000000 0.000000000000

0.425000000000 0.000000000000 0.000000000000
0.425000000000 0.012500000000 -0.000001684567
0.425000000000 0.025000000000 -0.000003369133
0.425000000000 0.037500000000 -0.000005053701
0.425000000000 0.050000000000 -0.000006738281
0.425000000000 0.062500000000 -0.000008422897
0.425000000000 0.075000000000 -0.000010107588
0.425000000000 0.087500000000 -0.000011792417
0.425000000000 0.100000000000 -0.000013477472
0.425000000000 0.112500000000 -0.000015162872
0.425000000000 0.125000000000 -0.000016848777
0.425000000000 0.137500000000 -0.000018535388
0.425000000000 0.150000000000 -0.000020222961
0.425000000000 0.162500000000 -0.000021911810
0.425000000000 0.175000000000 -0.000023602318
0.425000000000 0.187500000000 -0.000025294945
0.425000000000 0.200000000000 -0.000026990241
0.425000000000 0.212500000000 -0.000028688857
0.425000000000 0.225000000000 -0.000030391553
0.425000000000 0.237500000000 -0.000032099218
0.425000000000 0.250000000000 -0.000033812874
0.425000000000 0.262500000000 -0.000035533692
0.425000000000 0.275000000000 -0.000037263001
0.425000000000 0.287500000000 -0.000039002283
0.425000000000 0.300000000000 -0.000040753171
0.425000000000 0.312500000000 -0.000042517416
0.425000000000 0.325000000000 -0.000044296831
0.425000000000 0.337500000000 -0.000046093175
0.425000000000 0.350000000000 -0.000047907961
0.425000000000 0.362500000000 -0.000049742123
0.425000000000 0.375000000000 -0.000051595469
0.425000000000 0.387500000000 -0.000053465787
0.425000000000 0.400000000000 -0.000055347439
0.425000000000 0.412500000000 -0.000057229159
0.425000000000 0.425000000000 -0.000059090776
0.425000000000 0.437500000000 -0.000060898596
0.425000000000 0.450000000000 -0.000062599583
0.425000000000 0.462500000000 -0.000064115600
0.425000000000 0.475000000000 -0.000065341393
0.425000000000 0.487500000000 -0.000066153708
0.425000000000 0.500000000000 -0.000066440997
0.425000000000 0.512500000000 -0.000066153708
0.425000000000 0.525000000000 -0.000065341393
0.425000000000 0.537500000000 -0.000064115600
0.425000000000 0.550000000000 -0.000062599583
0.425000000000 0.562500000000 -0.000060898596
0.425000000000 0.575000000000 -0.000059090776
0.425000000000 0.587500000000 -0.000057229159
0.425000000000 0.600000000000 -0.000055347439
0.425000000000 0.612500000000 -0.000053465787
0.425000000000 0.625000000000 -0.000051595469
0.425000000000 0.637500000000 -0.000049742123
0.425000000000 0.650000000000 -0.000047907961
0.425000000000 0.662500000000 -0.000046093175
0.425000000000 0.675000000000 -0.000044296831
0.425000000000 0.687500000000 -0.000042517416
0.425000000000 0.700000000000 -0.000040753171
0.425000000000 0.712500000000 -0.000039002283
0.425000000000 0.725000000000 -0.000037263001
0.425000000000 0.737500000000 -0.000035533692
0.425000000000 0.750000000000 -0.000033812874
0.425000000000 0.762500000000 -0.000032099218
0.425000000000 0.775000000000 -0.000030391553
0.425000000000 0.787500000000 -0.000028688857
0.425000000000 0.800000000000 -0.000026990241
0.425000000000 0.812500000000 -0.000025294945
0.425000000000 0.825000000000 -0.000023602318
0.425000000000 0.837500000000 -0.000021911810
0.425000000000 0.850000000000 -0.000020222961
0.425000000000 0.862500000000 -0.000018535388
0.425000000000 0.875000000000 -0.000016848777
0.425000000000 0.887500000000 -0.000015162872
0.425000000000 0.900000000000 -0.000013477472
0.425000000000 0.912500000000 -0.000011792417
0.425000000000 0.925000000000 -0.000010107588
0.425000000000 0.937500000000 -0.000008422897
0.425000000000 0.950000000000 -0.000006738281
0.425000000000 0.962500000000 -0.000005053701
0.425000000000 0.975000000000 -0.000003369133
0.425000000000 0.987500000000 -0.000001684567
0.425000000000 1.000000000000 0.000000000000

0.437500000000 0.000000000000 0.000000000000
0.437500000000 0.012500000000 -0.000001701671
0.437500000000 0.025000000000 -0.000003403377
0.437500000000 0.037500000000 -0.000005105160
0.437500000000 0.050000000000 -0.000006807068
0.437500000000 0.062500000000 -0.000008509166
0.437500000000 0.075000000000 -0.000010211540
0.437500000000 0.087500000000 -0.000011914299
0.437500000000 0.100000000000 -0.000013617588
0.437500000000 0.112500000000 -0.000015321586
0.437500000000 0.125000000000 -0.000017026522
0.437500000000 0.137500000000 -0.000018732679
0.437500000000 0.150000000000 -0.000020440403
0.437500000000 0.162500000000 -0.000022150117
0.437500000000 0.175000000000 -0.000023862329
0.437500000000 0.187500000000 -0.000025577649
0.437500000000 0.200000000000 -0.000027296806
0.437500000000 0.212500000000 -0.000029020661
0.437500000000 0.225000000000 -0.000030750232
0.437500000000 0.237500000000 -0.000032486715
0.437500000000 0.250000000000 -0.000034231513
0.437500000000 0.262500000000 -0.000035986260
0.437500000000 0.275000000000 -0.000037752858
0.437500000000 0.287500000000 -0.000039533506
0.437500000000 0.300000000000 -0.000041330731
0.437500000000 0.312500000000 -0.000043147417
0.437500000000 0.325000000000 -0.000044986812
0.437500000000 0.337500000000 -0.000046852513
0.437500000000 0.350000000000 -0.000048748386
0.437500000000 0.362500000000 -0.000050678386
0.437500000000 0.375000000000 -0.000052646180
0.437500000000 0.387500000000 -0.000054654439
0.437500000000 0.400000000000 -0.000056703529
0.437500000000 0.412500000000 -0.000058789199
0.437500000000 0.425000000000 -0.000060898596
0.437500000000 0.437500000000 -0.000063003694
0.437500000000 0.450000000000 -0.000065051156
0.437500000000 0.462500000000 -0.000066948616
0.437500000000 0.475000000000 -0.000068551071
0.437500000000 0.487500000000 -0.000069660542
0.437500000000 0.500000000000 -0.000070067233
0.437500000000 0.512500000000 -0.000069660542
0.437500000000 0.525000000000 -0.000068551071
0.437500000000 0.537500000000 -0.000066948616
0.437500000000 0.550000000000 -0.000065051156
0.437500000000 0.562500000000 -0.000063003694
0.437500000000 0.575000000000 -0.000060898596
0.437500000000 0.587500000000 -0.000058789199
0.437500000000 0.600000000000 -0.000056703529
0.437500000000 0.612500000000 -0.000054654439
0.437500000000 0.625000000000 -0.000052646180
0.437500000000 0.637500000000 -0.000050678386
0.437500000000 0.650000000000 -0.000048748386
0.437500000000 0.662500000000 -0.000046852513
0.437500000000 0.675000000000 -0.000044986812
0.437500000000 0.687500000000 -0.000043147417
0.437500000000 0.700000000000 -0.000041330731
0.437500000000 0.712500000000 -0.000039533506
0.437500000000 0.725000000000 -0.000037752858
0.437500000000 0.737500000000 -0.000035986260
0.437500000000 0.750000000000 -0.000034231513
0.437500000000 0.762500000000 -0.000032486715
0.437500000000 0.775000000000 -0.000030750232
0.437500000000 0.787500000000 -0.000029020661
0.437500000000 0.800000000000 -0.000027296806
0.437500000000 0.812500000000 -0.000025577649
0.437500000000 0.825000000000 -0.000023862329
0.437500000000 0.837500000000 -0.000022150117
0.437500000000 0.850000000000 -0.000020440403
0.437500000000 0.862500000000 -0.000018732679
0.437500000000 0.875000000000 -0.000017026522
0.437500000000 0.887500000000 -0.000015321586
0.437500000000 0.900000000000 -0.000013617588
0.437500000000 0.912500000000 -0.000011914299
0.437500000000 0.925000000000 -0.000010211540
0.437500000000 0.937500000000 -0.000008509166
0.437500000000 0.950000000000 -0.000006807068
0.437500000000 0.962500000000 -0.000005105160
0.437500000000 0.975000000000 -0.000003403377
0.437500000000 0.987500000000 -0.000001701671
0.437500000000 1.000000000000 0.000000000000

0.450000000000 0.000000000000 0.000000000000
0.450000000000 0.012500000000 -0.000001715760
0.450000000000 0.025000000000 -0.000003431587
0.450000000000 0.037500000000 -0.000005147554
0.450000000000 0.050000000000 -0.000006863742
0.450000000000 0.062500000000 -0.000008580253
0.450000000000 0.075000000000 -0.000010297210
0.450000000000 0.087500000000 -0.000012014765
0.450000000000 0.100000000000 -0.000013733107
0.450000000000 0.112500000000 -0.000015452472
0.450000000000 0.125000000000 -0.000017173147
0.450000000000 0.137500000000 -0.000018895483
0.450000000000 0.150000000000 -0.000020619908
0.450000000000 0.162500000000 -0.000022346939
0.450000000000 0.175000000000 -0.000024077194
0.450000000000 0.187500000000 -0.000025811417
0.450000000000 0.200000000000 -0.000027550491
0.450000000000 0.212500000000 -0.000029295468
0.450000000000 0.225000000000 -0.000031047595
0.450000000000 0.237500000000 -0.000032808351
0.450000000000 0.250000000000 -0.000034579482
0.450000000000 0.262500000000 -0.000036363053
0.450000000000 0.275000000000 -0.000038161502
0.450000000000 0.287500000000 -0.000039977707
0.450000000000 0.300000000000 -0.000041815059
0.450000000000 0.312500000000 -0.000043677557
0.450000000000 0.325000000000 -0.000045569897
0.450000000000 0.337500000000 -0.000047497580
0.450000000000 0.350000000000 -0.000049467000
0.450000000000 0.362500000000 -0.000051485497
0.450000000000 0.375000000000 -0.000053561307
0.450000000000 0.387500000000 -0.000055703276
0.450000000000 0.400000000000 -0.000057920090
0.450000000000 0.412500000000 -0.000060218504
0.450000000000 0.425000000000 -0.000062599583
0.450000000000 0.437500000000 -0.000065051156
0.450000000000 0.450000000000 -0.000067533418
0.450000000000 0.462500000000 -0.000069953563
0.450000000000 0.475000000000 -0.000072127472
0.450000000000 0.487500000000 -0.000073741682
0.450000000000 0.500000000000 -0.000074377569
0.450000000000 0.512500000000 -0.000073741682
0.450000000000 0.525000000000 -0.000072127472
0.450000000000 0.537500000000 -0.000069953563
0.450000000000 0.550000000000 -0.000067533418
0.450000000000 0.562500000000 -0.000065051156
0.450000000000 0.575000000000 -0.000062599583
0.450000000000 0.587500000000 -0.000060218504
0.450000000000 0.600000000000 -0.000057920090
0.450000000000 0.612500000000 -0.000055703276
0.450000000000 0.625000000000 -0.000053561307
0.450000000000 0.637500000000 -0.000051485497
0.450000000000 0.650000000000 -0.000049467000
0.450000000000 0.662500000000 -0.000047497580
0.450000000000 0.675000000000 -0.000045569897
0.450000000000 0.687500000000 -0.000043677557
0.450000000000 0.700000000000 -0.000041815059
0.450000000000 0.712500000000 -0.000039977707
0.450000000000 0.725000000000 -0.000038161502
0.450000000000 0.737500000000 -0.000036363053
0.450000000000 0.750000000000 -0.000034579482
0.450000000000 0.762500000000 -0.000032808351
0.450000000000 0.775000000000 -0.000031047595
0.450000000000 0.787500000000 -0.000029295468
0.450000000000 0.800000000000 -0.000027550491
0.450000000000 0.812500000000 -0.000025811417
0.450000000000 0.825000000000 -0.000024077194
0.450000000000 0.837500000000 -0.000022346939
0.450000000000 0.850000000000 -0.000020619908
0.450000000000 0.862500000000 -0.000018895483
0.450000000000 0.875000000000 -0.000017173147
0.450000000000 0.887500000000 -0.000015452472
0.450000000000 0.900000000000 -0.000013733107
0.450000000000 0.912500000000 -0.000012014765
0.450000000000 0.925000000000 -0.000010297210
0.450000000000 0.937500000000 -0.000008580253
0.450000000000 0.950000000000 -0.000006863742
0.450000000000 0.962500000000 -0.000005147554
0.450000000000 0.975000000000 -0.000003431587
0.450000000000 0.987500000000 -0.000001715760
0.450000000000 1.000000000000 0.000000000000

0.462500000000 0.000000000000 0.000000000000
0.462500000000 0.012500000000 -0.000001726779
0.462500000000 0.025000000000 -0.000003453650
0.462500000000 0.037500000000 -0.000005180710
0.462500000000 0.050000000000 -0.000006908071
0.462500000000 0.062500000000 -0.000008635861
0.462500000000 0.075000000000 -0.000010364233
0.462500000000 0.087500000000 -0.000012093375
0.462500000000 0.100000000000 -0.000013823513
0.462500000000 0.112500000000 -0.000015554924
0.462500000000 0.125000000000 -0.000017287946
0.462500000000 0.137500000000 -0.000019022987
0.462500000000 0.150000000000 -0.000020760539
0.462500000000 0.162500000000 -0.000022501196
0.462500000000 0.175000000000 -0.000024245669
0.462500000000 0.187500000000 -0.000025994809
0.462500000000 0.200000000000 -0.000027749630
0.462500000000 0.212500000000 -0.000029511342
0.462500000000 0.225000000000 -0.000031281386
0.462500000000 0.237500000000 -0.000033061475
0.462500000000 0.250000000000 -0.000034853653
0.462500000000 0.262500000000 -0.000036660351
0.462500000000 0.275000000000 -0.000038484472
0.462500000000 0.287500000000 -0.000040329491
0.462500000000 0.300000000000 -0.000042199568
0.462500000000 0.312500000000 -0.000044099709
0.462500000000 0.325000000000 -0.000046035949
0.462500000000 0.337500000000 -0.000048015588
0.462500000000 0.350000000000 -0.000050047484
0.462500000000 0.362500000000 -0.000052142397
0.462500000000 0.375000000000 -0.000054313394
0.462500000000 0.387500000000 -0.000056576254
0.462500000000 0.400000000000 -0.000058949738
0.462500000000 0.412500000000 -0.000061455343
0.462500000000 0.425000000000 -0.000064115600
0.462500000000 0.437500000000 -0.000066948616
0.462500000000 0.450000000000 -0.000069953563
0.462500000000 0.462500000000 -0.000073075692
0.462500000000 0.475000000000 -0.000076130174
0.462500000000 0.487500000000 -0.000078664513
0.462500000000 0.500000000000 -0.000079821771
0.462500000000 0.512500000000 -0.000078664513
0.462500000000 0.525000000000 -0.000076130174
0.462500000000 0.537500000000 -0.000073075692
0.462500000000 0.550000000000 -0.000069953563
0.462500000000 0.562500000000 -0.000066948616
0.462500000000 0.575000000000 -0.000064115600
0.462500000000 0.587500000000 -0.000061455343
0.462500000000 0.600000000000 -0.000058949738
0.462500000000 0.612500000000 -0.000056576254
0.462500000000 0.625000000000 -0.000054313394
0.462500000000 0.637500000000 -0.000052142397
0.462500000000 0.650000000000 -0.000050047484
0.462500000000 0.662500000000 -0.000048015588
0.462500000000 0.675000000000 -0.000046035949
0.462500000000 0.687500000000 -0.000044099709
0.462500000000 0.700000000000 -0.000042199568
0.462500000000 0.712500000000 -0.000040329491
0.462500000000 0.725000000000 -0.000038484472
0.462500000000 0.737500000000 -0.000036660351
0.462500000000 0.750000000000 -0.000034853653
0.462500000000 0.762500000000 -0.000033061475
0.462500000000 0.775000000000 -0.000031281386
0.462500000000 0.787500000000 -0.000029511342
0.462500000000 0.800000000000 -0.000027749630
0.462500000000 0.812500000000 -0.000025994809
0.462500000000 0.825000000000 -0.000024245669
0.462500000000 0.837500000000 -0.000022501196
0.462500000000 0.850000000000 -0.000020760539
0.462500000000 0.862500000000 -0.000019022987
0.462500000000 0.875000000000 -0.000017287946
0.462500000000 0.887500000000 -0.000015554924
0.462500000000 0.900000000000 -0.000013823513
0.462500000000 0.912500000000 -0.000012093375
0.462500000000 0.925000000000 -0.000010364233
0.462500000000 0.937500000000 -0.000008635861
0.462500000000 0.950000000000 -0.000006908071
0.462500000000 0.962500000000 -0.000005180710
0.462500000000 0.975000000000 -0.000003453650
0.462500000000 0.987500000000 -0.000001726779
0.462500000000 1.000000000000 0.000000000000

0.475000000000 0.000000000000 0.000000000000
0.475000000000 0.012500000000 -0.000001734682
0.475000000000 0.025000000000 -0.000003469474
0.475000000000 0.037500000000 -0.000005204494
0.475000000000 0.050000000000 -0.000006939870
0.475000000000 0.062500000000 -0.000008675753
0.475000000000 0.075000000000 -0.000010412319
0.475000000000 0.087500000000 -0.000012149779
0.475000000000 0.100000000000 -0.000013888390
0.475000000000 0.112500000000 -0.000015628458
0.475000000000 0.125000000000 -0.000017370358
0.475000000000 0.137500000000 -0.000019114539
0.475000000000 0.150000000000 -0.000020861543
0.475000000000 0.162500000000 -0.000022612020
0.475000000000 0.175000000000 -0.000024366749
0.475000000000 0.187500000000 -0.000026126662
0.475000000000 0.200000000000 -0.000027892873
0.475000000000 0.212500000000 -0.000029666709
0.475000000000 0.225000000000 -0.000031449757
0.475000000000 0.237500000000 -0.000033243912
0.475000000000 0.250000000000 -0.000035051440
0.475000000000 0.262500000000 -0.000036875057
0.475000000000 0.275000000000 -0.000038718028
0.475000000000 0.287500000000 -0.000040584292
0.475000000000 0.300000000000 -0.000042478620
0.475000000000 0.312500000000 -0.000044406825
0.475000000000 0.325000000000 -0.000046376032
0.475000000000 0.337500000000 -0.000048395037
0.475000000000 0.350000000000 -0.000050474790
0.475000000000 0.362500000000 -0.000052629051
0.475000000000 0.375000000000 -0.000054875287
0.475000000000 0.387500000000 -0.000057235904
0.475000000000 0.400000000000 -0.000059739941
0.475000000000 0.412500000000 -0.000062425303
0.475000000000 0.425000000000 -0.000065341393
0.475000000000 0.437500000000 -0.000068551071
0.475000000000 0.450000000000 -0.000072127472
0.475000000000 0.462500000000 -0.000076130174
0.475000000000 0.475000000000 -0.000080511599
0.475000000000 0.487500000000 -0.000084817905
0.475000000000 0.500000000000 -0.000087431636
0.475000000000 0.512500000000 -0.000084817905
0.475000000000 0.525000000000 -0.000080511599
0.475000000000 0.537500000000 -0.000076130174
0.475000000000 0.550000000000 -0.000072127472
0.475000000000 0.562500000000 -0.000068551071
0.475000000000 0.575000000000 -0.000065341393
0.475000000000 0.587500000000 -0.000062425303
0.475000000000 0.600000000000 -0.000059739941
0.475000000000 0.612500000000 -0.000057235904
0.475000000000 0.625000000000 -0.000054875287
0.475000000000 0.637500000000 -0.000052629051
0.475000000000 0.650000000000 -0.000050474790
0.475000000000 0.662500000000 -0.000048395037
0.475000000000 0.675000000000 -0.000046376032
0.475000000000 0.687500000000 -0.000044406825
0.475000000000 0.700000000000 -0.000042478620
0.475000000000 0.712500000000 -0.000040584292
0.475000000000 0.725000000000 -0.000038718028
0.475000000000 0.737500000000 -0.000036875057
0.475000000000 0.750000000000 -0.000035051440
0.475000000000 0.762500000000 -0.000033243912
0.475000000000 0.775000000000 -0.000031449757
0.475000000000 0.787500000000 -0.000029666709
0.475000000000 0.800000000000 -0.000027892873
0.475000000000 0.812500000000 -0.000026126662
0.475000000000 0.825000000000 -0.000024366749
0.475000000000 0.837500000000 -0.000022612020
0.475000000000 0.850000000000 -0.000020861543
0.475000000000 0.862500000000 -0.000019114539
0.475000000000 0.875000000000 -0.000017370358
0.475000000000 0.887500000000 -0.000015628458
0.475000000000 0.900000000000 -0.000013888390
0.475000000000 0.912500000000 -0.000012149779
0.475000000000 0.925000000000 -0.000010412319
0.475000000000 0.937500000000 -0.000008675753
0.475000000000 0.950000000000 -0.000006939870
0.475000000000 0.962500000000 -0.000005204494
0.475000000000 0.975000000000 -0.000003469474
0.475000000000 0.987500000000 -0.000001734682
0.475000000000 1.000000000000 0.000000000000

0.487500000000 0.000000000000 0.000000000000
0.487500000000 0.012500000000 -0.000001739437
0.487500000000 0.025000000000 -0.000003478995
0.487500000000 0.037500000000 -0.000005218804
0.487500000000 0.050000000000 -0.000006959004
0.487500000000 0.062500000000 -0.000008699757
0.487500000000 0.075000000000 -0.000010441256
0.487500000000 0.087500000000 -0.000012183725
0.487500000000 0.100000000000 -0.000013927438
0.487500000000 0.112500000000 -0.000015672722
0.487500000000 0.125000000000 -0.000017419972
0.487500000000 0.137500000000 -0.000019169664
0.487500000000 0.150000000000 -0.000020922369
0.487500000000 0.162500000000 -0.000022678773
0.487500000000 0.175000000000 -0.000024439697
0.487500000000 0.187500000000 -0.000026206123
0.487500000000 0.200000000000 -0.000027979225
0.487500000000 0.212500000000 -0.000029760406
0.487500000000 0.225000000000 -0.000031551342
0.487500000000 0.237500000000 -0.000033354042
0.487500000000 0.250000000000 -0.000035170911
0.487500000000 0.262500000000 -0.000037004846
0.487500000000 0.275000000000 -0.000038859341
0.487500000000 0.287500000000 -0.000040738631
0.487500000000 0.300000000000 -0.000042647880
0.487500000000 0.312500000000 -0.000044593425
0.487500000000 0.325000000000 -0.000046583106
0.487500000000 0.337500000000 -0.000048626713
0.487500000000 0.350000000000 -0.000050736613
0.487500000000 0.362500000000 -0.000052928638
0.487500000000 0.375000000000 -0.000055223381
0.487500000000 0.387500000000 -0.000057648144
0.487500000000 0.400000000000 -0.000060239952
0.487500000000 0.412500000000 -0.000063050399
0.487500000000 0.425000000000 -0.000066153708
0.487500000000 0.437500000000 -0.000069660542
0.487500000000 0.450000000000 -0.000073741682
0.487500000000 0.462500000000 -0.000078664513
0.487500000000 0.475000000000 -0.000084817905
0.487500000000 0.487500000000 -0.000092504946
0.487500000000 0.500000000000 -0.000100104751
0.487500000000 0.512500000000 -0.000092504946
0.487500000000 0.525000000000 -0.000084817905
0.487500000000 0.537500000000 -0.000078664513
0.487500000000 0.550000000000 -0.000073741682
0.487500000000 0.562500000000 -0.000069660542
0.487500000000 0.575000000000 -0.000066153708
0.487500000000 0.587500000000 -0.000063050399
0.487500000000 0.600000000000 -0.000060239952
0.487500000000 0.612500000000 -0.000057648144
0.487500000000 0.625000000000 -0.000055223381
0.487500000000 0.637500000000 -0.000052928638
0.487500000000 0.650000000000 -0.000050736613
0.487500000000 0.662500000000 -0.000048626713
0.487500000000 0.675000000000 -0.000046583106
0.487500000000 0.687500000000 -0.000044593425
0.487500000000 0.700000000000 -0.000042647880
0.487500000000 0.712500000000 -0.000040738631
0.487500000000 0.725000000000 -0.000038859341
0.487500000000 0.737500000000 -0.000037004846
0.487500000000 0.750000000000 -0.000035170911
0.487500000000 0.762500000000 -0.000033354042
0.487500000000 0.775000000000 -0.000031551342
0.487500000000 0.787500000000 -0.000029760406
0.487500000000 0.800000000000 -0.000027979225
0.487500000000 0.812500000000 -0.000026206123
0.487500000000 0.825000000000 -0.000024439697
0.487500000000 0.837500000000 -0.000022678773
0.487500000000 0.850000000000 -0.000020922369
0.487500000000 0.862500000000 -0.000019169664
0.487500000000 0.875000000000 -0.000017419972
0.487500000000 0.887500000000 -0.000015672722
0.487500000000 0.900000000000 -0.000013927438
0.487500000000 0.912500000000 -0.000012183725
0.487500000000 0.925000000000 -0.000010441256
0.487500000000 0.937500000000 -0.000008699757
0.487500000000 0.950000000000 -0.000006959004
0.487500000000 0.962500000000 -0.000005218804
0.487500000000 0.975000000000 -0.000003478995
0.487500000000 0.987500000000 -0.000001739437
0.487500000000 1.000000000000 0.000000000000

0.500000000000 0.000000000000 0.000000000000
0.500000000000 0.012500000000 -0.000001741024
0.500000000000 0.025000000000 -0.000003482173
0.500000000000 0.037500000000 -0.000005223580
0.500000000000 0.050000000000 -0.000006965391
0.500000000000 0.062500000000 -0.000008707771
0.500000000000 0.075000000000 -0.000010450916
0.500000000000 0.087500000000 -0.000012195058
0.500000000000 0.100000000000 -0.000013940474
0.500000000000 0.112500000000 -0.000015687500
0.500000000000 0.125000000000 -0.000017436538
0.500000000000 0.137500000000 -0.000019188071
0.500000000000 0.150000000000 -0.000020942682
0.500000000000 0.162500000000 -0.000022701068
0.500000000000 0.175000000000 -0.000024464064
0.500000000000 0.187500000000 -0.000026232669
0.500000000000 0.200000000000 -0.000028008078
0.500000000000 0.212500000000 -0.000029791719
0.500000000000 0.225000000000 -0.000031585299
0.500000000000 0.237500000000 -0.000033390864
0.500000000000 0.250000000000 -0.000035210870
0.500000000000 0.262500000000 -0.000037048272
0.500000000000 0.275000000000 -0.000038906645
0.500000000000 0.287500000000 -0.000040790325
0.500000000000 0.300000000000 -0.000042704612
0.500000000000 0.312500000000 -0.000044656024
0.500000000000 0.325000000000 -0.000046652650
0.500000000000 0.337500000000 -0.000048704631
0.500000000000 0.350000000000 -0.000050824834
0.500000000000 0.362500000000 -0.000053029835
0.500000000000 0.375000000000 -0.000055341366
0.500000000000 0.387500000000 -0.000057788548
0.500000000000 0.400000000000 -0.000060411476
0.500000000000 0.412500000000 -0.000063267267
0.500000000000 0.425000000000 -0.000066440997
0.500000000000 0.437500000000 -0.000070067233
0.500000000000 0.450000000000 -0.000074377569
0.500000000000 0.462500000000 -0.000079821771
0.500000000000 0.475000000000 -0.000087431636
0.500000000000 0.487500000000 -0.000100104751
0.500000000000 0.500000000000 -0.000127787607
0.500000000000 0.512500000000 -0.000100104751
0.500000000000 0.525000000000 -0.000087431636
0.500000000000 0.537500000000 -0.000079821771
0.500000000000 0.550000000000 -0.000074377569
0.500000000000 0.562500000000 -0.000070067233
0.500000000000 0.575000000000 -0.000066440997
0.500000000000 0.587500000000 -0.000063267267
0.500000000000 0.600000000000 -0.000060411476
0.500000000000 0.612500000000 -0.000057788548
0.500000000000 0.625000000000 -0.000055341366
0.500000000000 0.637500000000 -0.000053029835
0.500000000000 0.650000000000 -0.000050824834
0.500000000000 0.662500000000 -0.000048704631
0.500000000000 0.675000000000 -0.000046652650
0.500000000000 0.687500000000 -0.000044656024
0.500000000000 0.700000000000 -0.000042704612
0.500000000000 0.712500000000 -0.000040790325
0.500000000000 0.725000000000 -0.000038906645
0.500000000000 0.737500000000 -0.000037048272
0.500000000000 0.750000000000 -0.000035210870
0.500000000000 0.762500000000 -0.000033390864
0.500000000000 0.775000000000 -0.000031585299
0.500000000000 0.787500000000 -0.000029791719
0.500000000000 0.800000000000 -0.000028008078
0.500000000000 0.812500000000 -0.000026232669
0.500000000000 0.825000000000 -0.000024464064
0.500000000000 0.837500000000 -0.000022701068
0.500000000000 0.850000000000 -0.000020942682
0.500000000000 0.862500000000 -0.000019188071
0.500000000000 0.875000000000 -0.000017436538
0.500000000000 0.887500000000 -0.000015687500
0.500000000000 0.900000000000 -0.000013940474
0.500000000000 0.912500000000 -0.000012195058
0.500000000000 0.925000000000 -0.000010450916
0.500000000000 0.937500000000 -0.000008707771
0.500000000000 0.950000000000 -0.000006965391
0.500000000000 0.962500000000 -0.000005223580
0.500000000000 0.975000000000 -0.000003482173
0.500000000000 0.987500000000 -0.000001741024
0.500000000000 1.000000000000 0.000000000000

0.512500000000 0.000000000000 0.000000000000
0.512500000000 0.012500000000 -0.000001739437
0.512500000000 0.025000000000 -0.000003478995
0.512500000000 0.037500000000 -0.000005218804
0.512500000000 0.050000000000 -0.000006959004
0.512500000000 0.062500000000 -0.000008699757
0.512500000000 0.075000000000 -0.000010441256
0.512500000000 0.087500000000 -0.000012183725
0.512500000000 0.100000000000 -0.000013927438
0.512500000000 0.112500000000 -0.000015672722
0.512500000000 0.125000000000 -0.000017419972
0.512500000000 0.137500000000 -0.000019169664
0.512500000000 0.150000000000 -0.000020922369
0.512500000000 0.162500000000 -0.000022678773
0.512500000000 0.175000000000 -0.000024439697
0.512500000000 0.187500000000 -0.000026206123
0.512500000000 0.200000000000 -0.000027979225
0.512500000000 0.212500000000 -0.000029760406
0.512500000000 0.225000000000 -0.000031551342
0.512500000000 0.237500000000 -0.000033354042
0.512500000000 0.250000000000 -0.000035170911
0.512500000000 0.262500000000 -0.000037004846
0.512500000000 0.275000000000 -0.000038859341
0.512500000000 0.287500000000 -0.000040738631
0.512500000000 0.300000000000 -0.000042647880
0.512500000000 0.312500000000 -0.000044593425
0.512500000000 0.325000000000 -0.000046583106
0.512500000000 0.337500000000 -0.000048626713
0.512500000000 0.350000000000 -0.000050736613
0.512500000000 0.362500000000 -0.000052928638
0.512500000000 0.375000000000 -0.000055223381
0.512500000000 0.387500000000 -0.000057648144
0.512500000000 0.400000000000 -0.000060239952
0.512500000000 0.412500000000 -0.000063050399
0.512500000000 0.425000000000 -0.000066153708
0.512500000000 0.437500000000 -0.000069660542
0.512500000000 0.450000000000 -0.000073741682
0.512500000000 0.462500000000 -0.000078664513
0.512500000000 0.475000000000 -0.000084817905
0.512500000000 0.487500000000 -0.000092504946
0.512500000000 0.500000000000 -0.000100104751
0.512500000000 0.512500000000 -0.000092504946
0.512500000000 0.525000000000 -0.000084817905
0.512500000000 0.537500000000 -0.000078664513
0.512500000000 0.550000000000 -0.000073741682
0.512500000000 0.562500000000 -0.000069660542
0.512500000000 0.575000000000 -0.000066153708
0.512500000000 0.587500000000 -0.000063050399
0.512500000000 0.600000000000 -0.000060239952
0.512500000000 0.612500000000 -0.000057648144
0.512500000000 0.625000000000 -0.000055223381
0.512500000000 0.637500000000 -0.000052928638
0.512500000000 0.650000000000 -0.000050736613
0.512500000000 0.662500000000 -0.000048626713
0.512500000000 0.675000000000 -0.000046583106
0.512500000000 0.687500000000 -0.000044593425
0.512500000000 0.700000000000 -0.000042647880
0.512500000000 0.712500000000 -0.000040738631
0.512500000000 0.725000000000 -0.000038859341
0.512500000000 0.737500000000 -0.000037004846
0.512500000000 0.750000000000 -0.000035170911
0.512500000000 0.762500000000 -0.000033354042
0.512500000000 0.775000000000 -0.000031551342
0.512500000000 0.787500000000 -0.000029760406
0.512500000000 0.800000000000 -0.000027979225
0.512500000000 0.812500000000 -0.000026206123
0.512500000000 0.825000000000 -0.000024439697
0.512500000000 0.837500000000 -0.000022678773
0.512500000000 0.850000000000 -0.000020922369
0.512500000000 0.862500000000 -0.000019169664
0.512500000000 0.875000000000 -0.000017419972
0.512500000000 0.887500000000 -0.000015672722
0.512500000000 0.900000000000 -0.000013927438
0.512500000000 0.912500000000 -0.000012183725
0.512500000000 0.925000000000 -0.000010441256
0.512500000000 0.937500000000 -0.000008699757
0.512500000000 0.950000000000 -0.000006959004
0.512500000000 0.962500000000 -0.000005218804
0.512500000000 0.975000000000 -0.000003478995
0.512500000000 0.987500000000 -0.000001739437
0.512500000000 1.000000000000 0.000000000000

0.525000000000 0.000000000000 0.000000000000
0.525000000000 0.012500000000 -0.000001734682
0.525000000000 0.025000000000 -0.000003469474
0.525000000000 0.037500000000 -0.000005204494
0.525000000000 0.050000000000 -0.000006939870
0.525000000000 0.062500000000 -0.000008675753
0.525000000000 0.075000000000 -0.000010412319
0.525000000000 0.087500000000 -0.000012149779
0.525000000000 0.100000000000 -0.000013888390
0.525000000000 0.112500000000 -0.000015628458
0.525000000000 0.125000000000 -0.000017370358
0.525000000000 0.137500000000 -0.000019114539
0.525000000000 0.150000000000 -0.000020861543
0.525000000000 0.162500000000 -0.000022612020
0.525000000000 0.175000000000 -0.000024366749
0.525000000000 0.187500000000 -0.000026126662
0.525000000000 0.200000000000 -0.000027892873
0.525000000000 0.212500000000 -0.000029666709
0.525000000000 0.225000000000 -0.000031449757
0.525000000000 0.237500000000 -0.000033243912
0.525000000000 0.250000000000 -0.000035051440
0.525000000000 0.262500000000 -0.000036875057
0.525000000000 0.275000000000 -0.000038718028
0.525000000000 0.287500000000 -0.000040584292
0.525000000000 0.300000000000 -0.000042478620
0.525000000000 0.312500000000 -0.000044406825
0.525000000000 0.325000000000 -0.000046376032
0.525000000000 0.337500000000 -0.000048395037
0.525000000000 0.350000000000 -0.000050474790
0.525000000000 0.362500000000 -0.000052629051
0.525000000000 0.375000000000 -0.000054875287
0.525000000000 0.387500000000 -0.000057235904
0.525000000000 0.400000000000 -0.000059739941
0.525000000000 0.412500000000 -0.000062425303
0.525000000000 0.425000000000 -0.000065341393
0.525000000000 0.437500000000 -0.000068551071
0.525000000000 0.450000000000 -0.000072127472
0.525000000000 0.462500000000 -0.000076130174
0.525000000000 0.475000000000 -0.000080511599
0.525000000000 0.487500000000 -0.000084817905
0.525000000000 0.500000000000 -0.000087431636
0.525000000000 0.512500000000 -0.000084817905
0.525000000000 0.525000000000 -0.000080511599
0.525000000000 0.537500000000 -0.000076130174
0.525000000000 0.550000000000 -0.000072127472
0.525000000000 0.562500000000 -0.000068551071
0.525000000000 0.575000000000 -0.000065341393
0.525000000000 0.587500000000 -0.000062425303
0.525000000000 0.600000000000 -0.000059739941
0.525000000000 0.612500000000 -0.000057235904
0.525000000000 0.625000000000 -0.000054875287
0.525000000000 0.637500000000 -0.000052629051
0.525000000000 0.650000000000 -0.000050474790
0.525000000000 0.662500000000 -0.000048395037
0.525000000000 0.675000000000 -0.000046376032
0.525000000000 0.687500000000 -0.000044406825
0.525000000000 0.700000000000 -0.000042478620
0.525000000000 0.712500000000 -0.000040584292
0.525000000000 0.725000000000 -0.000038718028
0.525000000000 0.737500000000 -0.000036875057
0.525000000000 0.750000000000 -0.000035051440
0.525000000000 0.762500000000 -0.000033243912
0.525000000000 0.775000000000 -0.000031449757
0.525000000000 0.787500000000 -0.000029666709
0.525000000000 0.800000000000 -0.000027892873
0.525000000000 0.812500000000 -0.000026126662
0.525000000000 0.825000000000 -0.000024366749
0.525000000000 0.837500000000 -0.000022612020
0.525000000000 0.850000000000 -0.000020861543
0.525000000000 0.862500000000 -0.000019114539
0.525000000000 0.875000000000 -0.000017370358
0.525000000000 0.887500000000 -0.000015628458
0.525000000000 0.900000000000 -0.000013888390
0.525000000000 0.912500000000 -0.000012149779
0.525000000000 0.925000000000 -0.000010412319
0.525000000000 0.937500000000 -0.000008675753
0.525000000000 0.950000000000 -0.000006939870
0.525000000000 0.962500000000 -0.000005204494
0.525000000000 0.975000000000 -0.000003469474
0.525000000000 0.987500000000 -0.000001734682
0.525000000000 1.000000000000 0.000000000000

0.537500000000 0.000000000000 0.000000000000
0.537500000000 0.012500000000 -0.000001726779
0.537500000000 0.025000000000 -0.000003453650
0.537500000000 0.037500000000 -0.000005180710
0.537500000000 0.050000000000 -0.000006908071
0.537500000000 0.062500000000 -0.000008635861
0.537500000000 0.075000000000 -0.000010364233
0.537500000000 0.087500000000 -0.000012093375
0.537500000000 0.100000000000 -0.000013823513
0.537500000000 0.112500000000 -0.000015554924
0.537500000000 0.125000000000 -0.000017287946
0.537500000000 0.137500000000 -0.000019022987
0.537500000000 0.150000000000 -0.000020760539
0.537500000000 0.162500000000 -0.000022501196
0.537500000000 0.175000000000 -0.000024245669
0.537500000000 0.187500000000 -0.000025994809
0.537500000000 0.200000000000 -0.000027749630
0.537500000000 0.212500000000 -0.000029511342
0.537500000000 0.225000000000 -0.000031281386
0.537500000000 0.237500000000 -0.000033061475
0.537500000000 0.250000000000 -0.000034853653
0.537500000000 0.262500000000 -0.000036660351
0.537500000000 0.275000000000 -0.000038484472
0.537500000000 0.287500000000 -0.000040329491
0.537500000000 0.300000000000 -0.000042199568
0.537500000000 0.312500000000 -0.000044099709
0.537500000000 0.325000000000 -0.000046035949
0.537500000000 0.337500000000 -0.000048015588
0.537500000000 0.350000000000 -0.000050047484
0.537500000000 0.362500000000 -0.000052142397
0.537500000000 0.375000000000 -0.000054313394
0.537500000000 0.387500000000 -0.000056576254
0.537500000000 0.400000000000 -0.000058949738
0.537500000000 0.412500000000 -0.000061455343
0.537500000000 0.425000000000 -0.000064115600
0.537500000000 0.437500000000 -0.000066948616
0.537500000000 0.450000000000 -0.000069953563
0.537500000000 0.462500000000 -0.000073075692
0.537500000000 0.475000000000 -0.000076130174
0.537500000000 0.487500000000 -0.000078664513
0.537500000000 0.500000000000 -0.000079821771
0.537500000000 0.512500000000 -0.000078664513
0.537500000000 0.525000000000 -0.000076130174
0.537500000000 0.537500000000 -0.000073075692
0.537500000000 0.550000000000 -0.000069953563
0.537500000000 0.562500000000 -0.000066948616
0.537500000000 0.575000000000 -0.000064115600
0.537500000000 0.587500000000 -0.000061455343
0.537500000000 0.600000000000 -0.000058949738
0.537500000000 0.612500000000 -0.000056576254
0.537500000000 0.625000000000 -0.000054313394
0.537500000000 0.637500000000 -0.000052142397
0.537500000000 0.650000000000 -0.000050047484
0.537500000000 0.662500000000 -0.000048015588
0.537500000000 0.675000000000 -0.000046035949
0.537500000000 0.687500000000 -0.000044099709
0.537500000000 0.700000000000 -0.000042199568
0.537500000000 0.712500000000 -0.000040329491
0.537500000000 0.725000000000 -0.000038484472
0.537500000000 0.737500000000 -0.000036660351
0.537500000000 0.750000000000 -0.000034853653
0.537500000000 0.762500000000 -0.000033061475
0.537500000000 0.775000000000 -0.000031281386
0.537500000000 0.787500000000 -0.000029511342
0.537500000000 0.800000000000 -0.000027749630
0.537500000000 0.812500000000 -0.000025994809
0.537500000000 0.825000000000 -0.000024245669
0.537500000000 0.837500000000 -0.000022501196
0.537500000000 0.850000000000 -0.000020760539
0.537500000000 0.862500000000 -0.000019022987
0.537500000000 0.875000000000 -0.000017287946
0.537500000000 0.887500000000 -0.000015554924
0.537500000000 0.900000000000 -0.000013823513
0.537500000000 0.912500000000 -0.000012093375
0.537500000000 0.925000000000 -0.000010364233
0.537500000000 0.937500000000 -0.000008635861
0.537500000000 0.950000000000 -0.000006908071
0.537500000000 0.962500000000 -0.000005180710
0.537500000000 0.975000000000 -0.000003453650
0.537500000000 0.987500000000 -0.000001726779
0.537500000000 1.000000000000 0.000000000000

0.550000000000 0.000000000000 0.000000000000
0.550000000000 0.012500000000 -0.000001715760
0.550000000000 0.025000000000 -0.000003431587
0.550000000000 0.037500000000 -0.000005147554
0.550000000000 0.050000000000 -0.000006863742
0.550000000000 0.062500000000 -0.000008580253
0.550000000000 0.075000000000 -0.000010297210
0.550000000000 0.087500000000 -0.000012014765
0.550000000000 0.100000000000 -0.000013733107
0.550000000000 0.112500000000 -0.000015452472
0.550000000000 0.125000000000 -0.000017173147
0.550000000000 0.137500000000 -0.000018895483
0.550000000000 0.150000000000 -0.000020619908
0.550000000000 0.162500000000 -0.000022346939
0.550000000000 0.175000000000 -0.000024077194
0.550000000000 0.187500000000 -0.000025811417
0.550000000000 0.200000000000 -0.000027550491
0.550000000000 0.212500000000 -0.000029295468
0.550000000000 0.225000000000 -0.000031047595
0.550000000000 0.237500000000 -0.000032808351
0.550000000000 0.250000000000 -0.000034579482
0.550000000000 0.262500000000 -0.000036363053
0.550000000000 0.275000000000 -0.000038161502
0.550000000000 0.287500000000 -0.000039977707
0.550000000000 0.300000000000 -0.000041815059
0.550000000000 0.312500000000 -0.000043677557
0.550000000000 0.325000000000 -0.000045569897
0.550000000000 0.337500000000 -0.000047497580
0.550000000000 0.350000000000 -0.000049467000
0.550000000000 0.362500000000 -0.000051485497
0.550000000000 0.375000000000 -0.000053561307
0.550000000000 0.387500000000 -0.000055703276
0.550000000000 0.400000000000 -0.000057920090
0.550000000000 0.412500000000 -0.000060218504
0.550000000000 0.425000000000 -0.000062599583
0.550000000000 0.437500000000 -0.000065051156
0.550000000000 0.450000000000 -0.000067533418
0.550000000000 0.462500000000 -0.000069953563
0.550000000000 0.475000000000 -0.000072127472
0.550000000000 0.487500000000 -0.000073741682
0.550000000000 0.500000000000 -0.000074377569
0.550000000000 0.512500000000 -0.000073741682
0.550000000000 0.525000000000 -0.000072127472
0.550000000000 0.537500000000 -0.000069953563
0.550000000000 0.550000000000 -0.000067533418
0.550000000000 0.562500000000 -0.000065051156
0.550000000000 0.575000000000 -0.000062599583
0.550000000000 0.587500000000 -0.000060218504
0.550000000000 0.600000000000 -0.000057920090
0.550000000000 0.612500000000 -0.000055703276
0.550000000000 0.625000000000 -0.000053561307
0.550000000000 0.637500000000 -0.000051485497
0.550000000000 0.650000000000 -0.000049467000
0.550000000000 0.662500000000 -0.000047497580
0.550000000000 0.675000000000 -0.000045569897
0.550000000000 0.687500000000 -0.000043677557
0.550000000000 0.700000000000 -0.000041815059
0.550000000000 0.712500000000 -0.000039977707
0.550000000000 0.725000000000 -0.000038161502
0.550000000000 0.737500000000 -0.000036363053
0.550000000000 0.750000000000 -0.000034579482
0.550000000000 0.762500000000 -0.000032808351
0.550000000000 0.775000000000 -0.000031047595
0.550000000000 0.787500000000 -0.000029295468
0.550000000000 0.800000000000 -0.000027550491
0.550000000000 0.812500000000 -0.000025811417
0.550000000000 0.825000000000 -0.000024077194
0.550000000000 0.837500000000 -0.000022346939
0.550000000000 0.850000000000 -0.000020619908
0.550000000000 0.862500000000 -0.000018895483
0.550000000000 0.875000000000 -0.000017173147
0.550000000000 0.887500000000 -0.000015452472
0.550000000000 0.900000000000 -0.000013733107
0.550000000000 0.912500000000 -0.000012014765
0.550000000000 0.925000000000 -0.000010297210
0.550000000000 0.937500000000 -0.000008580253
0.550000000000 0.950000000000 -0.000006863742
0.550000000000 0.962500000000 -0.000005147554
0.550000000000 0.975000000000 -0.000003431587
0.550000000000 0.987500000000 -0.000001715760
0.550000000000 1.000000000000 0.000000000000

0.562500000000 0.000000000000 0.000000000000
0.562500000000 0.012500000000 -0.000001701671
0.562500000000 0.025000000000 -0.000003403377
0.562500000000 0.037500000000 -0.000005105160
0.562500000000 0.050000000000 -0.000006807068
0.562500000000 0.062500000000 -0.000008509166
0.562500000000 0.075000000000 -0.000010211540
0.562500000000 0.087500000000 -0.000011914299
0.562500000000 0.100000000000 -0.000013617588
0.562500000000 0.112500000000 -0.000015321586
0.562500000000 0.125000000000 -0.000017026522
0.562500000000 0.137500000000 -0.000018732679
0.562500000000 0.150000000000 -0.000020440403
0.562500000000 0.162500000000 -0.000022150117
0.562500000000 0.175000000000 -0.000023862329
0.562500000000 0.187500000000 -0.000025577649
0.562500000000 0.200000000000 -0.000027296806
0.562500000000 0.212500000000 -0.000029020661
0.562500000000 0.225000000000 -0.000030750232
0.562500000000 0.237500000000 -0.000032486715
0.562500000000 0.250000000000 -0.000034231513
0.562500000000 0.262500000000 -0.000035986260
0.562500000000 0.275000000000 -0.000037752858
0.562500000000 0.287500000000 -0.000039533506
0.562500000000 0.300000000000 -0.000041330731
0.562500000000 0.312500000000 -0.000043147417
0.562500000000 0.325000000000 -0.000044986812
0.562500000000 0.337500000000 -0.000046852513
0.562500000000 0.350000000000 -0.000048748386
0.562500000000 0.362500000000 -0.000050678386
0.562500000000 0.375000000000 -0.000052646180
0.562500000000 0.387500000000 -0.000054654439
0.562500000000 0.400000000000 -0.000056703529
0.562500000000 0.412500000000 -0.000058789199
0.562500000000 0.425000000000 -0.000060898596
0.562500000000 0.437500000000 -0.000063003694
0.562500000000 0.450000000000 -0.000065051156
0.562500000000 0.462500000000 -0.000066948616
0.562500000000 0.475000000000 -0.000068551071
0.562500000000 0.487500000000 -0.000069660542
0.562500000000 0.500000000000 -0.000070067233
0.562500000000 0.512500000000 -0.000069660542
0.562500000000 0.525000000000 -0.000068551071
0.562500000000 0.537500000000 -0.000066948616
0.562500000000 0.550000000000 -0.000065051156
0.562500000000 0.562500000000 -0.000063003694
0.562500000000 0.575000000000 -0.000060898596
0.562500000000 0.587500000000 -0.000058789199
0.562500000000 0.600000000000 -0.000056703529
0.562500000000 0.612500000000 -0.000054654439
0.562500000000 0.625000000000 -0.000052646180
0.562500000000 0.637500000000 -0.000050678386
0.562500000000 0.650000000000 -0.000048748386
0.562500000000 0.662500000000 -0.000046852513
0.562500000000 0.675000000000 -0.000044986812
0.562500000000 0.687500000000 -0.000043147417
0.562500000000 0.700000000000 -0.000041330731
0.562500000000 0.712500000000 -0.000039533506
0.562500000000 0.725000000000 -0.000037752858
0.562500000000 0.737500000000 -0.000035986260
0.562500000000 0.750000000000 -0.000034231513
0.562500000000 0.762500000000 -0.000032486715
0.562500000000 0.775000000000 -0.000030750232
0.562500000000 0.787500000000 -0.000029020661
0.562500000000 0.800000000000 -0.000027296806
0.562500000000 0.812500000000 -0.000025577649
0.562500000000 0.825000000000 -0.000023862329
0.562500000000 0.837500000000 -0.000022150117
0.562500000000 0.850000000000 -0.000020440403
0.562500000000 0.862500000000 -0.000018732679
0.562500000000 0.875000000000 -0.000017026522
0.562500000000 0.887500000000 -0.000015321586
0.562500000000 0.900000000000 -0.000013617588
0.562500000000 0.912500000000 -0.000011914299
0.562500000000 0.925000000000 -0.000010211540
0.562500000000 0.937500000000 -0.000008509166
0.562500000000 0.950000000000 -0.000006807068
0.562500000000 0.962500000000 -0.000005105160
0.562500000000 0.975000000000 -0.000003403377
0.562500000000 0.987500000000 -0.000001701671
0.562500000000 1.000000000000 0.000000000000

0.575000000000 0.000000000000 0.000000000000
0.575000000000 0.012500000000 -0.000001684567
0.575000000000 0.025000000000 -0.000003369133
0.575000000000 0.037500000000 -0.000005053701
0.575000000000 0.050000000000 -0.000006738281
0.575000000000 0.062500000000 -0.000008422897
0.575000000000 0.075000000000 -0.000010107588
0.575000000000 0.087500000000 -0.000011792417
0.575000000000 0.100000000000 -0.000013477472
0.575000000000 0.112500000000 -0.000015162872
0.575000000000 0.125000000000 -0.000016848777
0.575000000000 0.137500000000 -0.000018535388
0.575000000000 0.150000000000 -0.000020222961
0.575000000000 0.162500000000 -0.000021911810
0.575000000000 0.175000000000 -0.000023602318
0.575000000000 0.187500000000 -0.000025294945
0.575000000000 0.200000000000 -0.000026990241
0.575000000000 0.212500000000 -0.000028688857
0.575000000000 0.225000000000 -0.000030391553
0.575000000000 0.237500000000 -0.000032099218
0.575000000000 0.250000000000 -0.000033812874
0.575000000000 0.262500000000 -0.000035533692
0.575000000000 0.275000000000 -0.000037263001
0.575000000000 0.287500000000 -0.000039002283
0.575000000000 0.300000000000 -0.000040753171
0.575000000000 0.312500000000 -0.000042517416
0.575000000000 0.325000000000 -0.000044296831
0.575000000000 0.337500000000 -0.000046093175
0.575000000000 0.350000000000 -0.000047907961
0.575000000000 0.362500000000 -0.000049742123
0.575000000000 0.375000000000 -0.000051595469
0.575000000000 0.387500000000 -0.000053465787
0.575000000000 0.400000000000 -0.000055347439
0.575000000000 0.412500000000 -0.000057229159
0.575000000000 0.425000000000 -0.000059090776
0.575000000000 0.437500000000 -0.000060898596
0.575000000000 0.450000000000 -0.000062599583
0.575000000000 0.462500000000 -0.000064115600
0.575000000000 0.475000000000 -0.000065341393
0.575000000000 0.487500000000 -0.000066153708
0.575000000000 0.500000000000 -0.000066440997
0.575000000000 0.512500000000 -0.000066153708
0.575000000000 0.525000000000 -0.000065341393
0.575000000000 0.537500000000 -0.000064115600
0.575000000000 0.550000000000 -0.000062599583
0.575000000000 0.562500000000 -0.000060898596
0.575000000000 0.575000000000 -0.000059090776
0.575000000000 0.587500000000 -0.000057229159
0.575000000000 0.600000000000 -0.000055347439
0.575000000000 0.612500000000 -0.000053465787
0.575000000000 0.625000000000 -0.000051595469
0.575000000000 0.637500000000 -0.000049742123
0.575000000000 0.650000000000 -0.000047907961
0.575000000000 0.662500000000 -0.000046093175
0.575000000000 0.675000000000 -0.000044296831
0.575000000000 0.687500000000 -0.000042517416
0.575000000000 0.700000000000 -0.000040753171
0.575000000000 0.712500000000 -0.000039002283
0.575000000000 0.725000000000 -0.000037263001
0.575000000000 0.737500000000 -0.000035533692
0.575000000000 0.750000000000 -0.000033812874
0.575000000000 0.762500000000 -0.000032099218
0.575000000000 0.775000000000 -0.000030391553
0.575000000000 0.787500000000 -0.000028688857
0.575000000000 0.800000000000 -0.000026990241
0.575000000000 0.812500000000 -0.000025294945
0.575000000000 0.825000000000 -0.000023602318
0.575000000000 0.837500000000 -0.000021911810
0.575000000000 0.850000000000 -0.000020222961
0.575000000000 0.862500000000 -0.000018535388
0.575000000000 0.875000000000 -0.000016848777
0.575000000000 0.887500000000 -0.000015162872
0.575000000000 0.900000000000 -0.000013477472
0.575000000000 0.912500000000 -0.000011792417
0.575000000000 0.925000000000 -0.000010107588
0.575000000000 0.937500000000 -0.000008422897
0.575000000000 0.950000000000 -0.000006738281
0.575000000000 0.962500000000 -0.000005053701
0.575000000000 0.975000000000 -0.000003369133
0.575000000000 0.987500000000 -0.000001684567
0.575000000000 1.000000000000 0.000000000000

0.587500000000 0.000000000000 0.000000000000
0.587500000000 0.012500000000 -0.000001664517
0.587500000000 0.025000000000 -0.000003328991
0.587500000000 0.037500000000 -0.000004993382
0.587500000000 0.050000000000 -0.000006657659
0.587500000000 0.062500000000 -0.000008321798
0.587500000000 0.075000000000 -0.000009985789
0.587500000000 0.087500000000 -0.000011649638
0.587500000000 0.100000000000 -0.000013313374
0.587500000000 0.112500000000 -0.000014977049
0.587500000000 0.125000000000 -0.000016640743
0.587500000000 0.137500000000 -0.000018304572
0.587500000000 0.150000000000 -0.000019968689
0.587500000000 0.162500000000 -0.000021633290
0.587500000000 0.175000000000 -0.000023298621
0.587500000000 0.187500000000 -0.000024964981
0.587500000000 0.200000000000 -0.000026632731
0.587500000000 0.212500000000 -0.000028302292
0.587500000000 0.225000000000 -0.000029974158
0.587500000000 0.237500000000 -0.000031648890
0.587500000000 0.250000000000 -0.000033327120
0.587500000000 0.262500000000 -0.000035009545
0.587500000000 0.275000000000 -0.000036696912
0.587500000000 0.287500000000 -0.000038389996
0.587500000000 0.300000000000 -0.000040089559
0.587500000000 0.312500000000 -0.000041796274
0.587500000000 0.325000000000 -0.000043510625
0.587500000000 0.337500000000 -0.000045232728
0.587500000000 0.350000000000 -0.000046962069
0.587500000000 0.362500000000 -0.000048697108
0.587500000000 0.375000000000 -0.000050434679
0.587500000000 0.387500000000 -0.000052169111
0.587500000000 0.400000000000 -0.000053890961
0.587500000000 0.412500000000 -0.000055585255
0.587500000000 0.425000000000 -0.000057229159
0.587500000000 0.437500000000 -0.000058789199
0.587500000000 0.450000000000 -0.000060218504
0.587500000000 0.462500000000 -0.000061455343
0.587500000000 0.475000000000 -0.000062425303
0.587500000000 0.487500000000 -0.000063050399
0.587500000000 0.500000000000 -0.000063267267
0.587500000000 0.512500000000 -0.000063050399
0.587500000000 0.525000000000 -0.000062425303
0.587500000000 0.537500000000 -0.000061455343
0.587500000000 0.550000000000 -0.000060218504
0.587500000000 0.562500000000 -0.000058789199
0.587500000000 0.575000000000 -0.000057229159
0.587500000000 0.587500000000 -0.000055585255
0.587500000000 0.600000000000 -0.000053890961
0.587500000000 0.612500000000 -0.000052169111
0.587500000000 0.625000000000 -0.000050434679
0.587500000000 0.637500000000 -0.000048697108
0.587500000000 0.650000000000 -0.000046962069
0.587500000000 0.662500000000 -0.000045232728
0.587500000000 0.675000000000 -0.000043510625
0.587500000000 0.687500000000 -0.000041796274
0.587500000000 0.700000000000 -0.000040089559
0.587500000000 0.712500000000 -0.000038389996
0.587500000000 0.725000000000 -0.000036696912
0.587500000000 0.737500000000 -0.000035009545
0.587500000000 0.750000000000 -0.000033327120
0.587500000000 0.762500000000 -0.000031648890
0.587500000000 0.775000000000 -0.000029974158
0.587500000000 0.787500000000 -0.000028302292
0.587500000000 0.800000000000 -0.000026632731
0.587500000000 0.812500000000 -0.000024964981
0.587500000000 0.825000000000 -0.000023298621
0.587500000000 0.837500000000 -0.000021633290
0.587500000000 0.850000000000 -0.000019968689
0.587500000000 0.862500000000 -0.000018304572
0.587500000000 0.875000000000 -0.000016640743
0.587500000000 0.887500000000 -0.000014977049
0.587500000000 0.900000000000 -0.000013313374
0.587500000000 0.912500000000 -0.000011649638
0.587500000000 0.925000000000 -0.000009985789
0.587500000000 0.937500000000 -0.000008321798
0.587500000000 0.950000000000 -0.000006657659
0.587500000000 0.962500000000 -0.000004993382
0.587500000000 0.975000000000 -0.000003328991
0.587500000000 0.987500000000 -0.000001664517
0.587500000000 1.000000000000 0.000000000000

0.600000000000 0.000000000000 0.000000000000
0.600000000000 0.012500000000 -0.000001641596
0.600000000000 0.025000000000 -0.000003283104
0.600000000000 0.037500000000 -0.000004924439
0.600000000000 0.050000000000 -0.000006565520
0.600000000000 0.062500000000 -0.000008206275
0.600000000000 0.075000000000 -0.000009846638
0.600000000000 0.087500000000 -0.000011486557
0.600000000000 0.100000000000 -0.000013125996
0.600000000000 0.112500000000 -0.000014764932
0.600000000000 0.125000000000 -0.000016403366
0.600000000000 0.137500000000 -0.000018041317
0.600000000000 0.150000000000 -0.000019678832
0.600000000000 0.162500000000 -0.000021315984
0.600000000000 0.175000000000 -0.000022952875
0.600000000000 0.187500000000 -0.000024589636
0.600000000000 0.200000000000 -0.000026226430
0.600000000000 0.212500000000 -0.000027863448
0.600000000000 0.225000000000 -0.000029500908
0.600000000000 0.237500000000 -0.000031139048
0.600000000000 0.250000000000 -0.000032778110
0.600000000000 0.262500000000 -0.000034418328
0.600000000000 0.275000000000 -0.000036059892
0.600000000000 0.287500000000 -0.000037702908
0.600000000000 0.300000000000 -0.000039347332
0.600000000000 0.312500000000 -0.000040992872
0.600000000000 0.325000000000 -0.000042638849
0.600000000000 0.337500000000 -0.000044283998
0.600000000000 0.350000000000 -0.000045926180
0.600000000000 0.362500000000 -0.000047561980
0.600000000000 0.375000000000 -0.000049186142
0.600000000000 0.387500000000 -0.000050790814
0.600000000000 0.400000000000 -0.000052364531
0.600000000000 0.412500000000 -0.000053890961
0.600000000000 0.425000000000 -0.000055347439
0.600000000000 0.437500000000 -0.000056703529
0.600000000000 0.450000000000 -0.000057920090
0.600000000000 0.462500000000 -0.000058949738
0.600000000000 0.475000000000 -0.000059739941
0.600000000000 0.487500000000 -0.000060239952
0.600000000000 0.500000000000 -0.000060411476
0.600000000000 0.512500000000 -0.000060239952
0.600000000000 0.525000000000 -0.000059739941
0.600000000000 0.537500000000 -0.000058949738
0.600000000000 0.550000000000 -0.000057920090
0.600000000000 0.562500000000 -0.000056703529
0.600000000000 0.575000000000 -0.000055347439
0.600000000000 0.587500000000 -0.000053890961
0.600000000000 0.600000000000 -0.000052364531
0.600000000000 0.612500000000 -0.000050790814
0.600000000000 0.625000000000 -0.000049186142
0.600000000000 0.637500000000 -0.000047561980
0.600000000000 0.650000000000 -0.000045926180
0.600000000000 0.662500000000 -0.000044283998
0.600000000000 0.675000000000 -0.000042638849
0.600000000000 0.687500000000 -0.000040992872
0.600000000000 0.700000000000 -0.000039347332
0.600000000000 0.712500000000 -0.000037702908
0.600000000000 0.725000000000 -0.000036059892
0.600000000000 0.737500000000 -0.000034418328
0.600000000000 0.750000000000 -0.000032778110
0.600000000000 0.762500000000 -0.000031139048
0.600000000000 0.775000000000 -0.000029500908
0.600000000000 0.787500000000 -0.000027863448
0.600000000000 0.800000000000 -0.000026226430
0.600000000000 0.812500000000 -0.000024589636
0.600000000000 0.825000000000 -0.000022952875
0.600000000000 0.837500000000 -0.000021315984
0.600000000000 0.850000000000 -0.000019678832
0.600000000000 0.862500000000 -0.000018041317
0.600000000000 0.875000000000 -0.000016403366
0.600000000000 0.887500000000 -0.000014764932
0.600000000000 0.900000000000 -0.000013125996
0.600000000000 0.912500000000 -0.000011486557
0.600000000000 0.925000000000 -0.000009846638
0.600000000000 0.937500000000 -0.000008206275
0.600000000000 0.950000000000 -0.000006565520
0.600000000000 0.962500000000 -0.000004924439
0.600000000000 0.975000000000 -0.000003283104
0.600000000000 0.987500000000 -0.000001641596
0.600000000000 1.000000000000 0.000000000000

0.612500000000 0.000000000000 0.000000000000
0.612500000000 0.012500000000 -0.000001615890
0.612500000000 0.025000000000 -0.000003231645
0.612500000000 0.037500000000 -0.000004847131
0.612500000000 0.050000000000 -0.000006462217
0.612500000000 0.062500000000 -0.000008076775
0.612500000000 0.075000000000 -0.000009690685
0.612500000000 0.087500000000 -0.000011303833
0.612500000000 0.100000000000 -0.000012916111
0.612500000000 0.112500000000 -0.000014527424
0.612500000000 0.125000000000 -0.000016137686
0.612500000000 0.137500000000 -0.000017746819
0.612500000000 0.150000000000 -0.000019354761
0.612500000000 0.162500000000 -0.000020961457
0.612500000000 0.175000000000 -0.000022566863
0.612500000000 0.187500000000 -0.000024170942
0.612500000000 0.200000000000 -0.000025773660
0.612500000000 0.212500000000 -0.000027374981
0.612500000000 0.225000000000 -0.000028974852
0.612500000000 0.237500000000 -0.000030573197
0.612500000000 0.250000000000 -0.000032169888
0.612500000000 0.262500000000 -0.000033764723
0.612500000000 0.275000000000 -0.000035357379
0.612500000000 0.287500000000 -0.000036947358
0.612500000000 0.300000000000 -0.000038533906
0.612500000000 0.312500000000 -0.000040115903
0.612500000000 0.325000000000 -0.000041691712
0.612500000000 0.337500000000 -0.000043258974
0.612500000000 0.350000000000 -0.000044814330
0.612500000000 0.362500000000 -0.000046353058
0.612500000000 0.375000000000 -0.000047868590
0.612500000000 0.387500000000 -0.000049351907
0.612500000000 0.400000000000 -0.000050790814
0.612500000000 0.412500000000 -0.000052169111
0.612500000000 0.425000000000 -0.000053465787
0.612500000000 0.437500000000 -0.000054654439
0.612500000000 0.450000000000 -0.000055703276
0.612500000000 0.462500000000 -0.000056576254
0.612500000000 0.475000000000 -0.000057235904
0.612500000000 0.487500000000 -0.000057648144
0.612500000000 0.500000000000 -0.000057788548
0.612500000000 0.512500000000 -0.000057648144
0.612500000000 0.525000000000 -0.000057235904
0.612500000000 0.537500000000 -0.000056576254
0.612500000000 0.550000000000 -0.000055703276
0.612500000000 0.562500000000 -0.000054654439
0.612500000000 0.575000000000 -0.000053465787
0.612500000000 0.587500000000 -0.000052169111
0.612500000000 0.600000000000 -0.000050790814
0.612500000000 0.612500000000 -0.000049351907
0.612500000000 0.625000000000 -0.000047868590
0.612500000000 0.637500000000 -0.000046353058
0.612500000000 0.650000000000 -0.000044814330
0.612500000000 0.662500000000 -0.000043258974
0.612500000000 0.675000000000 -0.000041691712
0.612500000000 0.687500000000 -0.000040115903
0.612500000000 0.700000000000 -0.000038533906
0.612500000000 0.712500000000 -0.000036947358
0.612500000000 0.725000000000 -0.000035357379
0.612500000000 0.737500000000 -0.000033764723
0.612500000000 0.750000000000 -0.000032169888
0.612500000000 0.762500000000 -0.000030573197
0.612500000000 0.775000000000 -0.000028974852
0.612500000000 0.787500000000 -0.000027374981
0.612500000000 0.800000000000 -0.000025773660
0.612500000000 0.812500000000 -0.000024170942
0.612500000000 0.825000000000 -0.000022566863
0.612500000000 0.837500000000 -0.000020961457
0.612500000000 0.850000000000 -0.000019354761
0.612500000000 0.862500000000 -0.000017746819
0.612500000000 0.875000000000 -0.000016137686
0.612500000000 0.887500000000 -0.000014527424
0.612500000000 0.900000000000 -0.000012916111
0.612500000000 0.912500000000 -0.000011303833
0.612500000000 0.925000000000 -0.000009690685
0.612500000000 0.937500000000 -0.000008076775
0.612500000000 0.950000000000 -0.000006462217
0.612500000000 0.962500000000 -0.000004847131
0.612500000000 0.975000000000 -0.000003231645
0.612500000000 0.987500000000 -0.000001615890
0.612500000000 1.000000000000 0.000000000000

0.625000000000 0.000000000000 0.000000000000
0.625000000000 0.012500000000 -0.000001587494
0.625000000000 0.025000000000 -0.000003174804
0.625000000000 0.037500000000 -0.000004761744
0.625000000000 0.050000000000 -0.000006348132
0.625000000000 0.062500000000 -0.000007933787
0.625000000000 0.075000000000 -0.000009518528
0.625000000000 0.087500000000 -0.000011102177
0.625000000000 0.100000000000 -0.000012684559
0.625000000000 0.112500000000 -0.000014265499
0.625000000000 0.125000000000 -0.000015844825
0.625000000000 0.137500000000 -0.000017422363
0.625000000000 0.150000000000 -0.000018997938
0.625000000000 0.162500000000 -0.000020571372
0.625000000000 0.175000000000 -0.000022142476
0.625000000000 0.187500000000 -0.000023711049
0.625000000000 0.200000000000 -0.000025276864
0.625000000000 0.212500000000 -0.000026839667
0.625000000000 0.225000000000 -0.000028399150
0.625000000000 0.237500000000 -0.000029954943
0.625000000000 0.250000000000 -0.000031506577
0.625000000000 0.262500000000 -0.000033053454
0.625000000000 0.275000000000 -0.000034594795
0.625000000000 0.287500000000 -0.000036129580
0.625000000000 0.300000000000 -0.000037656455
0.625000000000 0.312500000000 -0.000039173624
0.625000000000 0.325000000000 -0.000040678701
0.625000000000 0.337500000000 -0.000042168513
0.625000000000 0.350000000000 -0.000043638857
0.625000000000 0.362500000000 -0.000045084189
0.625000000000 0.375000000000 -0.000046497243
0.625000000000 0.387500000000 -0.000047868590
0.625000000000 0.400000000000 -0.000049186142
0.625000000000 0.412500000000 -0.000050434679
0.625000000000 0.425000000000 -0.000051595469
0.625000000000 0.437500000000 -0.000052646180
0.625000000000 0.450000000000 -0.000053561307
0.625000000000 0.462500000000 -0.000054313394
0.625000000000 0.475000000000 -0.000054875287
0.625000000000 0.487500000000 -0.000055223381
0.625000000000 0.500000000000 -0.000055341366
0.625000000000 0.512500000000 -0.000055223381
0.625000000000 0.525000000000 -0.000054875287
0.625000000000 0.537500000000 -0.000054313394
0.625000000000 0.550000000000 -0.000053561307
0.625000000000 0.562500000000 -0.000052646180
0.625000000000 0.575000000000 -0.000051595469
0.625000000000 0.587500000000 -0.000050434679
0.625000000000 0.600000000000 -0.000049186142
0.625000000000 0.612500000000 -0.000047868590
0.625000000000 0.625000000000 -0.000046497243
0.625000000000 0.637500000000 -0.000045084189
0.625000000000 0.650000000000 -0.000043638857
0.625000000000 0.662500000000 -0.000042168513
0.625000000000 0.675000000000 -0.000040678701
0.625000000000 0.687500000000 -0.000039173624
0.625000000000 0.700000000000 -0.000037656455
0.625000000000 0.712500000000 -0.000036129580
0.625000000000 0.725000000000 -0.000034594795
0.625000000000 0.737500000000 -0.000033053454
0.625000000000 0.750000000000 -0.000031506577
0.625000000000 0.762500000000 -0.000029954943
0.625000000000 0.775000000000 -0.000028399150
0.625000000000 0.787500000000 -0.000026839667
0.625000000000 0.800000000000 -0.000025276864
0.625000000000 0.812500000000 -0.000023711049
0.625000000000 0.825000000000 -0.000022142476
0.625000000000 0.837500000000 -0.000020571372
0.625000000000 0.850000000000 -0.000018997938
0.625000000000 0.862500000000 -0.000017422363
0.625000000000 0.875000000000 -0.000015844825
0.625000000000 0.887500000000 -0.000014265499
0.625000000000 0.900000000000 -0.000012684559
0.625000000000 0.912500000000 -0.000011102177
0.625000000000 0.925000000000 -0.000009518528
0.625000000000 0.937500000000 -0.000007933787
0.625000000000 0.950000000000 -0.000006348132
0.625000000000 0.962500000000 -0.000004761744
0.625000000000 0.975000000000 -0.000003174804
0.625000000000 0.987500000000 -0.000001587494
0.625000000000 1.000000000000 0.000000000000

0.637500000000 0.000000000000 0.000000000000
0.637500000000 0.012500000000 -0.000001556507
0.637500000000 0.025000000000 -0.000003112779
0.637500000000 0.037500000000 -0.000004668581
0.637500000000 0.050000000000 -0.000006223677
0.637500000000 0.062500000000 -0.000007777830
0.637500000000 0.075000000000 -0.000009330801
0.637500000000 0.087500000000 -0.000010882349
0.637500000000 0.100000000000 -0.000012432227
0.637500000000 0.112500000000 -0.000013980186
0.637500000000 0.125000000000 -0.000015525965
0.637500000000 0.137500000000 -0.000017069297
0.637500000000 0.150000000000 -0.000018609899
0.637500000000 0.162500000000 -0.000020147470
0.637500000000 0.175000000000 -0.000021681684
0.637500000000 0.187500000000 -0.000023212180
0.637500000000 0.200000000000 -0.000024738554
0.637500000000 0.212500000000 -0.000026260345
0.637500000000 0.225000000000 -0.000027777012
0.637500000000 0.237500000000 -0.000029287917
0.637500000000 0.250000000000 -0.000030792286
0.637500000000 0.262500000000 -0.000032289176
0.637500000000 0.275000000000 -0.000033777419
0.637500000000 0.287500000000 -0.000035255556
0.637500000000 0.300000000000 -0.000036721751
0.637500000000 0.312500000000 -0.000038173685
0.637500000000 0.325000000000 -0.000039608417
0.637500000000 0.337500000000 -0.000041022215
0.637500000000 0.350000000000 -0.000042410348
0.637500000000 0.362500000000 -0.000043766840
0.637500000000 0.375000000000 -0.000045084189
0.637500000000 0.387500000000 -0.000046353058
0.637500000000 0.400000000000 -0.000047561980
0.637500000000 0.412500000000 -0.000048697108
0.637500000000 0.425000000000 -0.000049742123
0.637500000000 0.437500000000 -0.000050678386
0.637500000000 0.450000000000 -0.000051485497
0.637500000000 0.462500000000 -0.000052142397
0.637500000000 0.475000000000 -0.000052629051
0.637500000000 0.487500000000 -0.000052928638
0.637500000000 0.500000000000 -0.000053029835
0.637500000000 0.512500000000 -0.000052928638
0.637500000000 0.525000000000 -0.000052629051
0.637500000000 0.537500000000 -0.000052142397
0.637500000000 0.550000000000 -0.000051485497
0.637500000000 0.562500000000 -0.000050678386
0.637500000000 0.575000000000 -0.000049742123
0.637500000000 0.587500000000 -0.000048697108
0.637500000000 0.600000000000 -0.000047561980
0.637500000000 0.612500000000 -0.000046353058
0.637500000000 0.625000000000 -0.000045084189
0.637500000000 0.637500000000 -0.000043766840
0.637500000000 0.650000000000 -0.000042410348
0.637500000000 0.662500000000 -0.000041022215
0.637500000000 0.675000000000 -0.000039608417
0.637500000000 0.687500000000 -0.000038173685
0.637500000000 0.700000000000 -0.000036721751
0.637500000000 0.712500000000 -0.000035255556
0.637500000000 0.725000000000 -0.000033777419
0.637500000000 0.737500000000 -0.000032289176
0.637500000000 0.750000000000 -0.000030792286
0.637500000000 0.762500000000 -0.000029287917
0.637500000000 0.775000000000 -0.000027777012
0.637500000000 0.787500000000 -0.000026260345
0.637500000000 0.800000000000 -0.000024738554
0.637500000000 0.812500000000 -0.000023212180
0.637500000000 0.825000000000 -0.000021681684
0.637500000000 0.837500000000 -0.000020147470
0.637500000000 0.850000000000 -0.000018609899
0.637500000000 0.862500000000 -0.000017069297
0.637500000000 0.875000000000 -0.000015525965
0.637500000000 0.887500000000 -0.000013980186
0.637500000000 0.900000000000 -0.000012432227
0.637500000000 0.912500000000 -0.000010882349
0.637500000000 0.925000000000 -0.000009330801
0.637500000000 0.937500000000 -0.000007777830
0.637500000000 0.950000000000 -0.000006223677
0.637500000000 0.962500000000 -0.000004668581
0.637500000000 0.975000000000 -0.000003112779
0.637500000000 0.987500000000 -0.000001556507
0.637500000000 1.000000000000 0.000000000000

0.650000000000 0.000000000000 0.000000000000
0.650000000000 0.012500000000 -0.000001523033
0.650000000000 0.025000000000 -0.000003045782
0.650000000000 0.037500000000 -0.000004567960
0.650000000000 0.050000000000 -0.000006089280
0.650000000000 0.062500000000 -0.000007609449
0.650000000000 0.075000000000 -0.000009128171
0.650000000000 0.087500000000 -0.000010645141
0.650000000000 0.100000000000 -0.000012160045
0.650000000000 0.112500000000 -0.000013672557
0.650000000000 0.125000000000 -0.000015182336
0.650000000000 0.137500000000 -0.000016689022
0.650000000000 0.150000000000 -0.000018192229
0.650000000000 0.162500000000 -0.000019691539
0.650000000000 0.175000000000 -0.000021186498
0.650000000000 0.187500000000 -0.000022676598
0.650000000000 0.200000000000 -0.000024161270
0.650000000000 0.212500000000 -0.000025639865
0.650000000000 0.225000000000 -0.000027111636
0.650000000000 0.237500000000 -0.000028575705
0.650000000000 0.250000000000 -0.000030031038
0.650000000000 0.262500000000 -0.000031476398
0.650000000000 0.275000000000 -0.000032910296
0.650000000000 0.287500000000 -0.000034330924
0.650000000000 0.300000000000 -0.000035736074
0.650000000000 0.312500000000 -0.000037123045
0.650000000000 0.325000000000 -0.000038488517
0.650000000000 0.337500000000 -0.000039828411
0.650000000000 0.350000000000 -0.000041137726
0.650000000000 0.362500000000 -0.000042410348
0.650000000000 0.375000000000 -0.000043638857
0.650000000000 0.387500000000 -0.000044814330
0.650000000000 0.400000000000 -0.000045926180
0.650000000000 0.412500000000 -0.000046962069
0.650000000000 0.425000000000 -0.000047907961
0.650000000000 0.437500000000 -0.000048748386
0.650000000000 0.450000000000 -0.000049467000
0.650000000000 0.462500000000 -0.000050047484
0.650000000000 0.475000000000 -0.000050474790
0.650000000000 0.487500000000 -0.000050736613
0.650000000000 0.500000000000 -0.000050824834
0.650000000000 0.512500000000 -0.000050736613
0.650000000000 0.525000000000 -0.000050474790
0.650000000000 0.537500000000 -0.000050047484
0.650000000000 0.550000000000 -0.000049467000
0.650000000000 0.562500000000 -0.000048748386
0.650000000000 0.575000000000 -0.000047907961
0.650000000000 0.587500000000 -0.000046962069
0.650000000000 0.600000000000 -0.000045926180
0.650000000000 0.612500000000 -0.000044814330
0.650000000000 0.625000000000 -0.000043638857
0.650000000000 0.637500000000 -0.000042410348
0.650000000000 0.650000000000 -0.000041137726
0.650000000000 0.662500000000 -0.000039828411
0.650000000000 0.675000000000 -0.000038488517
0.650000000000 0.687500000000 -0.000037123045
0.650000000000 0.700000000000 -0.000035736074
0.650000000000 0.712500000000 -0.000034330924
0.650000000000 0.725000000000 -0.000032910296
0.650000000000 0.737500000000 -0.000031476398
0.650000000000 0.750000000000 -0.000030031038
0.650000000000 0.762500000000 -0.000028575705
0.650000000000 0.775000000000 -0.000027111636
0.650000000000 0.787500000000 -0.000025639865
0.650000000000 0.800000000000 -0.000024161270
0.650000000000 0.812500000000 -0.000022676598
0.650000000000 0.825000000000 -0.000021186498
0.650000000000 0.837500000000 -0.000019691539
0.650000000000 0.850000000000 -0.000018192229
0.650000000000 0.862500000000 -0.000016689022
0.650000000000 0.875000000000 -0.000015182336
0.650000000000 0.887500000000 -0.000013672557
0.650000000000 0.900000000000 -0.000012160045
0.650000000000 0.912500000000 -0.000010645141
0.650000000000 0.925000000000 -0.000009128171
0.650000000000 0.937500000000 -0.000007609449
0.650000000000 0.950000000000 -0.000006089280
0.650000000000 0.962500000000 -0.000004567960
0.650000000000 0.975000000000 -0.000003045782
0.650000000000 0.987500000000 -0.000001523033
0.650000000000 1.000000000000 0.000000000000

0.662500000000 0.000000000000 0.000000000000
0.662500000000 0.012500000000 -0.000001487183
0.662500000000 0.025000000000 -0.000002974032
0.662500000000 0.037500000000 -0.000004460214
0.662500000000 0.050000000000 -0.000005945388
0.662500000000 0.062500000000 -0.000007429210
0.662500000000 0.075000000000 -0.000008911326
0.662500000000 0.087500000000 -0.000010391371
0.662500000000 0.100000000000 -0.000011868967
0.662500000000 0.112500000000 -0.000013343715
0.662500000000 0.125000000000 -0.000014815197
0.662500000000 0.137500000000 -0.000016282965
0.662500000000 0.150000000000 -0.000017746537
0.662500000000 0.162500000000 -0.000019205390
0.662500000000 0.175000000000 -0.000020658947
0.662500000000 0.187500000000 -0.000022106571
0.662500000000 0.200000000000 -0.000023547543
0.662500000000 0.212500000000 -0.000024981051
0.662500000000 0.225000000000 -0.000026406162
0.662500000000 0.237500000000 -0.000027821800
0.662500000000 0.250000000000 -0.000029226709
0.662500000000 0.262500000000 -0.000030619415
0.662500000000 0.275000000000 -0.000031998174
0.662500000000 0.287500000000 -0.000033360912
0.662500000000 0.300000000000 -0.000034705153
0.662500000000 0.312500000000 -0.000036027937
0.662500000000 0.325000000000 -0.000037325713
0.662500000000 0.337500000000 -0.000038594231
0.662500000000 0.350000000000 -0.000039828411
0.662500000000 0.362500000000 -0.000041022215
0.662500000000 0.375000000000 -0.000042168513
0.662500000000 0.387500000000 -0.000043258974
0.662500000000 0.400000000000 -0.000044283998
0.662500000000 0.412500000000 -0.000045232728
0.662500000000 0.425000000000 -0.000046093175
0.662500000000 0.437500000000 -0.000046852513
0.662500000000 0.450000000000 -0.000047497580
0.662500000000 0.462500000000 -0.000048015588
0.662500000000 0.475000000000 -0.000048395037
0.662500000000 0.487500000000 -0.000048626713
0.662500000000 0.500000000000 -0.000048704631
0.662500000000 0.512500000000 -0.000048626713
0.662500000000 0.525000000000 -0.000048395037
0.662500000000 0.537500000000 -0.000048015588
0.662500000000 0.550000000000 -0.000047497580
0.662500000000 0.562500000000 -0.000046852513
0.662500000000 0.575000000000 -0.000046093175
0.662500000000 0.587500000000 -0.000045232728
0.662500000000 0.600000000000 -0.000044283998
0.662500000000 0.612500000000 -0.000043258974
0.662500000000 0.625000000000 -0.000042168513
0.662500000000 0.637500000000 -0.000041022215
0.662500000000 0.650000000000 -0.000039828411
0.662500000000 0.662500000000 -0.000038594231
0.662500000000 0.675000000000 -0.000037325713
0.662500000000 0.687500000000 -0.000036027937
0.662500000000 0.700000000000 -0.000034705153
0.662500000000 0.712500000000 -0.000033360912
0.662500000000 0.725000000000 -0.000031998174
0.662500000000 0.737500000000 -0.000030619415
0.662500000000 0.750000000000 -0.000029226709
0.662500000000 0.762500000000 -0.000027821800
0.662500000000 0.775000000000 -0.000026406162
0.662500000000 0.787500000000 -0.000024981051
0.662500000000 0.800000000000 -0.000023547543
0.662500000000 0.812500000000 -0.000022106571
0.662500000000 0.825000000000 -0.000020658947
0.662500000000 0.837500000000 -0.000019205390
0.662500000000 0.850000000000 -0.000017746537
0.662500000000 0.862500000000 -0.000016282965
0.662500000000 0.875000000000 -0.000014815197
0.662500000000 0.887500000000 -0.000013343715
0.662500000000 0.900000000000 -0.000011868967
0.662500000000 0.912500000000 -0.000010391371
0.662500000000 0.925000000000 -0.000008911326
0.662500000000 0.937500000000 -0.000007429210
0.662500000000 0.950000000000 -0.000005945388
0.662500000000 0.962500000000 -0.000004460214
0.662500000000 0.975000000000 -0.000002974032
0.662500000000 0.987500000000 -0.000001487183
0.662500000000 1.000000000000 0.000000000000

0.675000000000 0.000000000000 0.000000000000
0.675000000000 0.012500000000 -0.000001449067
0.675000000000 0.025000000000 -0.000002897755
0.675000000000 0.037500000000 -0.000004345681
0.675000000000 0.050000000000 -0.000005792458
0.675000000000 0.062500000000 -0.000007237689
0.675000000000 0.075000000000 -0.000008680969
0.675000000000 0.087500000000 -0.000010121875
0.675000000000 0.100000000000 -0.000011559966
0.675000000000 0.112500000000 -0.000012994779
0.675000000000 0.125000000000 -0.000014425822
0.675000000000 0.137500000000 -0.000015852567
0.675000000000 0.150000000000 -0.000017274444
0.675000000000 0.162500000000 -0.000018690834
0.675000000000 0.175000000000 -0.000020101053
0.675000000000 0.187500000000 -0.000021504346
0.675000000000 0.200000000000 -0.000022899866
0.675000000000 0.212500000000 -0.000024286658
0.675000000000 0.225000000000 -0.000025663636
0.675000000000 0.237500000000 -0.000027029557
0.675000000000 0.250000000000 -0.000028382989
0.675000000000 0.262500000000 -0.000029722270
0.675000000000 0.275000000000 -0.000031045465
0.675000000000 0.287500000000 -0.000032350311
0.675000000000 0.300000000000 -0.000033634156
0.675000000000 0.312500000000 -0.000034893882
0.675000000000 0.325000000000 -0.000036125831
0.675000000000 0.337500000000 -0.000037325713
0.675000000000 0.350000000000 -0.000038488517
0.675000000000 0.362500000000 -0.000039608417
0.675000000000 0.375000000000 -0.000040678701
0.675000000000 0.387500000000 -0.000041691712
0.675000000000 0.400000000000 -0.000042638849
0.675000000000 0.412500000000 -0.000043510625
0.675000000000 0.425000000000 -0.000044296831
0.675000000000 0.437500000000 -0.000044986812
0.675000000000 0.450000000000 -0.000045569897
0.675000000000 0.462500000000 -0.000046035949
0.675000000000 0.475000000000 -0.000046376032
0.675000000000 0.487500000000 -0.000046583106
0.675000000000 0.500000000000 -0.000046652650
0.675000000000 0.512500000000 -0.000046583106
0.675000000000 0.525000000000 -0.000046376032
0.675000000000 0.537500000000 -0.000046035949
0.675000000000 0.550000000000 -0.000045569897
0.675000000000 0.562500000000 -0.000044986812
0.675000000000 0.575000000000 -0.000044296831
0.675000000000 0.587500000000 -0.000043510625
0.675000000000 0.600000000000 -0.000042638849
0.675000000000 0.612500000000 -0.000041691712
0.675000000000 0.625000000000 -0.000040678701
0.675000000000 0.637500000000 -0.000039608417
0.675000000000 0.650000000000 -0.000038488517
0.675000000000 0.662500000000 -0.000037325713
0.675000000000 0.675000000000 -0.000036125831
0.675000000000 0.687500000000 -0.000034893882
0.675000000000 0.700000000000 -0.000033634156
0.675000000000 0.712500000000 -0.000032350311
0.675000000000 0.725000000000 -0.000031045465
0.675000000000 0.737500000000 -0.000029722270
0.675000000000 0.750000000000 -0.000028382989
0.675000000000 0.762500000000 -0.000027029557
0.675000000000 0.775000000000 -0.000025663636
0.675000000000 0.787500000000 -0.000024286658
0.675000000000 0.800000000000 -0.000022899866
0.675000000000 0.812500000000 -0.000021504346
0.675000000000 0.825000000000 -0.000020101053
0.675000000000 0.837500000000 -0.000018690834
0.675000000000 0.850000000000 -0.000017274444
0.675000000000 0.862500000000 -0.000015852567
0.675000000000 0.875000000000 -0.000014425822
0.675000000000 0.887500000000 -0.000012994779
0.675000000000 0.900000000000 -0.000011559966
0.675000000000 0.912500000000 -0.000010121875
0.675000000000 0.925000000000 -0.000008680969
0.675000000000 0.937500000000 -0.000007237689
0.675000000000 0.950000000000 -0.000005792458
0.675000000000 0.962500000000 -0.000004345681
0.675000000000 0.975000000000 -0.000002897755
0.675000000000 0.987500000000 -0.000001449067
0.675000000000 1.000000000000 0.000000000000

0.687500000000 0.000000000000 0.000000000000
0.687500000000 0.012500000000 -0.000001408801
0.687500000000 0.025000000000 -0.000002817179
0.687500000000 0.037500000000 -0.000004224707
0.687500000000 0.050000000000 -0.000005630953
0.687500000000 0.062500000000 -0.000007035473
0.687500000000 0.075000000000 -0.000008437812
0.687500000000 0.087500000000 -0.000009837494
0.687500000000 0.100000000000 -0.000011234023
0.687500000000 0.112500000000 -0.000012626873
0.687500000000 0.125000000000 -0.000014015487
0.687500000000 0.137500000000 -0.000015399265
0.687500000000 0.150000000000 -0.000016777560
0.687500000000 0.162500000000 -0.000018149665
0.687500000000 0.175000000000 -0.000019514806
0.687500000000 0.187500000000 -0.000020872124
0.687500000000 0.200000000000 -0.000022220664
0.687500000000 0.212500000000 -0.000023559352
0.687500000000 0.225000000000 -0.000024886979
0.687500000000 0.237500000000 -0.000026202168
0.687500000000 0.250000000000 -0.000027503350
0.687500000000 0.262500000000 -0.000028788727
0.687500000000 0.275000000000 -0.000030056229
0.687500000000 0.287500000000 -0.000031303471
0.687500000000 0.300000000000 -0.000032527698
0.687500000000 0.312500000000 -0.000033725726
0.687500000000 0.325000000000 -0.000034893882
0.687500000000 0.337500000000 -0.000036027937
0.687500000000 0.350000000000 -0.000037123045
0.687500000000 0.362500000000 -0.000038173685
0.687500000000 0.375000000000 -0.000039173624
0.687500000000 0.387500000000 -0.000040115903
0.687500000000 0.400000000000 -0.000040992872
0.687500000000 0.412500000000 -0.000041796274
0.687500000000 0.425000000000 -0.000042517416
0.687500000000 0.437500000000 -0.000043147417
0.687500000000 0.450000000000 -0.000043677557
0.687500000000 0.462500000000 -0.000044099709
0.687500000000 0.475000000000 -0.000044406825
0.687500000000 0.487500000000 -0.000044593425
0.687500000000 0.500000000000 -0.000044656024
0.687500000000 0.512500000000 -0.000044593425
0.687500000000 0.525000000000 -0.000044406825
0.687500000000 0.537500000000 -0.000044099709
0.687500000000 0.550000000000 -0.000043677557
0.687500000000 0.562500000000 -0.000043147417
0.687500000000 0.575000000000 -0.000042517416
0.687500000000 0.587500000000 -0.000041796274
0.687500000000 0.600000000000 -0.000040992872
0.687500000000 0.612500000000 -0.000040115903
0.687500000000 0.625000000000 -0.000039173624
0.687500000000 0.637500000000 -0.000038173685
0.687500000000 0.650000000000 -0.000037123045
0.687500000000 0.662500000000 -0.000036027937
0.687500000000 0.675000000000 -0.000034893882
0.687500000000 0.687500000000 -0.000033725726
0.687500000000 0.700000000000 -0.000032527698
0.687500000000 0.712500000000 -0.000031303471
0.687500000000 0.725000000000 -0.000030056229
0.687500000000 0.737500000000 -0.000028788727
0.687500000000 0.750000000000 -0.000027503350
0.687500000000 0.762500000000 -0.000026202168
0.687500000000 0.775000000000 -0.000024886979
0.687500000000 0.787500000000 -0.000023559352
0.687500000000 0.800000000000 -0.000022220664
0.687500000000 0.812500000000 -0.000020872124
0.687500000000 0.825000000000 -0.000019514806
0.687500000000 0.837500000000 -0.000018149665
0.687500000000 0.850000000000 -0.000016777560
0.687500000000 0.862500000000 -0.000015399265
0.687500000000 0.875000000000 -0.000014015487
0.687500000000 0.887500000000 -0.000012626873
0.687500000000 0.900000000000 -0.000011234023
0.687500000000 0.912500000000 -0.000009837494
0.687500000000 0.925000000000 -0.000008437812
0.687500000000 0.937500000000 -0.000007035473
0.687500000000 0.950000000000 -0.000005630953
0.687500000000 0.962500000000 -0.000004224707
0.687500000000 0.975000000000 -0.000002817179
0.687500000000 0.987500000000 -0.000001408801
0.687500000000 1.000000000000 0.000000000000

0.700000000000 0.000000000000 0.000000000000
0.700000000000 0.012500000000 -0.000001366498
0.700000000000 0.025000000000 -0.000002732533
0.700000000000 0.037500000000 -0.000004097638
0.700000000000 0.050000000000 -0.000005461339
0.700000000000 0.062500000000 -0.000006823150
0.700000000000 0.075000000000 -0.000008182568
0.700000000000 0.087500000000 -0.000009539073
0.700000000000 0.100000000000 -0.000010892115
0.700000000000 0.112500000000 -0.000012241117
0.700000000000 0.125000000000 -0.000013585460
0.700000000000 0.137500000000 -0.000014924483
0.700000000000 0.150000000000 -0.000016257471
0.700000000000 0.162500000000 -0.000017583644
0.700000000000 0.175000000000 -0.000018902148
0.700000000000 0.187500000000 -0.000020212040
0.700000000000 0.200000000000 -0.000021512276
0.700000000000 0.212500000000 -0.000022801688
0.700000000000 0.225000000000 -0.000024078967
0.700000000000 0.237500000000 -0.000025342639
0.700000000000 0.250000000000 -0.000026591035
0.700000000000 0.262500000000 -0.000027822263
0.700000000000 0.275000000000 -0.000029034171
0.700000000000 0.287500000000 -0.000030224307
0.700000000000 0.300000000000 -0.000031389876
0.700000000000 0.312500000000 -0.000032527698
0.700000000000 0.325000000000 -0.000033634156
0.700000000000 0.337500000000 -0.000034705153
0.700000000000 0.350000000000 -0.000035736074
0.700000000000 0.362500000000 -0.000036721751
0.700000000000 0.375000000000 -0.000037656455
0.700000000000 0.387500000000 -0.000038533906
0.700000000000 0.400000000000 -0.000039347332
0.700000000000 0.412500000000 -0.000040089559
0.700000000000 0.425000000000 -0.000040753171
0.700000000000 0.437500000000 -0.000041330731
0.700000000000 0.450000000000 -0.000041815059
0.700000000000 0.462500000000 -0.000042199568
0.700000000000 0.475000000000 -0.000042478620
0.700000000000 0.487500000000 -0.000042647880
0.700000000000 0.500000000000 -0.000042704612
0.700000000000 0.512500000000 -0.000042647880
0.700000000000 0.525000000000 -0.000042478620
0.700000000000 0.537500000000 -0.000042199568
0.700000000000 0.550000000000 -0.000041815059
0.700000000000 0.562500000000 -0.000041330731
0.700000000000 0.575000000000 -0.000040753171
0.700000000000 0.587500000000 -0.000040089559
0.700000000000 0.600000000000 -0.000039347332
0.700000000000 0.612500000000 -0.000038533906
0.700000000000 0.625000000000 -0.000037656455
0.700000000000 0.637500000000 -0.000036721751
0.700000000000 0.650000000000 -0.000035736074
0.700000000000 0.662500000000 -0.000034705153
0.700000000000 0.675000000000 -0.000033634156
0.700000000000 0.687500000000 -0.000032527698
0.700000000000 0.700000000000 -0.000031389876
0.700000000000 0.712500000000 -0.000030224307
0.700000000000 0.725000000000 -0.000029034171
0.700000000000 0.737500000000 -0.000027822263
0.700000000000 0.750000000000 -0.000026591035
0.700000000000 0.762500000000 -0.000025342639
0.700000000000 0.775000000000 -0.000024078967
0.700000000000 0.787500000000 -0.000022801688
0.700000000000 0.800000000000 -0.000021512276
0.700000000000 0.812500000000 -0.000020212040
0.700000000000 0.825000000000 -0.000018902148
0.700000000000 0.837500000000 -0.000017583644
0.700000000000 0.850000000000 -0.000016257471
0.700000000000 0.862500000000 -0.000014924483
0.700000000000 0.875000000000 -0.000013585460
0.700000000000 0.887500000000 -0.000012241117
0.700000000000 0.900000000000 -0.000010892115
0.700000000000 0.912500000000 -0.000009539073
0.700000000000 0.925000000000 -0.000008182568
0.700000000000 0.937500000000 -0.000006823150
0.700000000000 0.950000000000 -0.000005461339
0.700000000000 0.962500000000 -0.000004097638
0.700000000000 0.975000000000 -0.000002732533
0.700000000000 0.987500000000 -0.000001366498
0.700000000000 1.000000000000 0.000000000000

0.712500000000 0.000000000000 0.000000000000
0.712500000000 0.012500000000 -0.000001322274
0.712500000000 0.025000000000 -0.000002644049
0.712500000000 0.037500000000 -0.000003964822
0.712500000000 0.050000000000 -0.000005284081
0.712500000000 0.062500000000 -0.000006601304
0.712500000000 0.075000000000 -0.000007915947
0.712500000000 0.087500000000 -0.000009227447
0.712500000000 0.100000000000 -0.000010535211
0.712500000000 0.112500000000 -0.000011838614
0.712500000000 0.125000000000 -0.000013136988
0.712500000000 0.137500000000 -0.000014429617
0.712500000000 0.150000000000 -0.000015715728
0.712500000000 0.162500000000 -0.000016994482
0.712500000000 0.175000000000 -0.000018264960
0.712500000000 0.187500000000 -0.000019526152
0.712500000000 0.200000000000 -0.000020776942
0.712500000000 0.212500000000 -0.000022016092
0.712500000000 0.225000000000 -0.000023242221
0.712500000000 0.237500000000 -0.000024453785
0.712500000000 0.250000000000 -0.000025649051
0.712500000000 0.262500000000 -0.000026826071
0.712500000000 0.275000000000 -0.000027982652
0.712500000000 0.287500000000 -0.000029116324
0.712500000000 0.300000000000 -0.000030224307
0.712500000000 0.312500000000 -0.000031303471
0.712500000000 0.325000000000 -0.000032350311
0.712500000000 0.337500000000 -0.000033360912
0.712500000000 0.350000000000 -0.000034330924
0.712500000000 0.362500000000 -0.000035255556
0.712500000000 0.375000000000 -0.000036129580
0.712500000000 0.387500000000 -0.000036947358
0.712500000000 0.400000000000 -0.000037702908
0.712500000000 0.412500000000 -0.000038389996
0.712500000000 0.425000000000 -0.000039002283
0.712500000000 0.437500000000 -0.000039533506
0.712500000000 0.450000000000 -0.000039977707
0.712500000000 0.462500000000 -0.000040329491
0.712500000000 0.475000000000 -0.000040584292
0.712500000000 0.487500000000 -0.000040738631
0.712500000000 0.500000000000 -0.000040790325
0.712500000000 0.512500000000 -0.000040738631
0.712500000000 0.525000000000 -0.000040584292
0.712500000000 0.537500000000 -0.000040329491
0.712500000000 0.550000000000 -0.000039977707
0.712500000000 0.562500000000 -0.000039533506
0.712500000000 0.575000000000 -0.000039002283
0.712500000000 0.587500000000 -0.000038389996
0.712500000000 0.600000000000 -0.000037702908
0.712500000000 0.612500000000 -0.000036947358
0.712500000000 0.625000000000 -0.000036129580
0.712500000000 0.637500000000 -0.000035255556
0.712500000000 0.650000000000 -0.000034330924
0.712500000000 0.662500000000 -0.000033360912
0.712500000000 0.675000000000 -0.000032350311
0.712500000000 0.687500000000 -0.000031303471
0.712500000000 0.700000000000 -0.000030224307
0.712500000000 0.712500000000 -0.000029116324
0.712500000000 0.725000000000 -0.000027982652
0.712500000000 0.737500000000 -0.000026826071
0.712500000000 0.750000000000 -0.000025649051
0.712500000000 0.762500000000 -0.000024453785
0.712500000000 0.775000000000 -0.000023242221
0.712500000000 0.787500000000 -0.000022016092
0.712500000000 0.800000000000 -0.000020776942
0.712500000000 0.812500000000 -0.000019526152
0.712500000000 0.825000000000 -0.000018264960
0.712500000000 0.837500000000 -0.000016994482
0.712500000000 0.850000000000 -0.000015715728
0.712500000000 0.862500000000 -0.000014429617
0.712500000000 0.875000000000 -0.000013136988
0.712500000000 0.887500000000 -0.000011838614
0.712500000000 0.900000000000 -0.000010535211
0.712500000000 0.912500000000 -0.000009227447
0.712500000000 0.925000000000 -0.000007915947
0.712500000000 0.937500000000 -0.000006601304
0.712500000000 0.950000000000 -0.000005284081
0.712500000000 0.962500000000 -0.000003964822
0.712500000000 0.975000000000 -0.000002644049
0.712500000000 0.987500000000 -0.000001322274
0.712500000000 1.000000000000 0.000000000000

0.725000000000 0.000000000000 0.000000000000
0.725000000000 0.012500000000 -0.000001276242
0.725000000000 0.025000000000 -0.000002551953
0.725000000000 0.037500000000 -0.000003826600
0.725000000000 0.050000000000 -0.000005099640
0.725000000000 0.062500000000 -0.000006370515
0.725000000000 0.075000000000 -0.000007638648
0.725000000000 0.087500000000 -0.000008903441
0.725000000000 0.100000000000 -0.000010164263
0.725000000000 0.112500000000 -0.000011420449
0.725000000000 0.125000000000 -0.000012671290
0.725000000000 0.137500000000 -0.000013916025
0.725000000000 0.150000000000 -0.000015153836
0.725000000000 0.162500000000 -0.000016383834
0.725000000000 0.175000000000 -0.000017605051
0.725000000000 0.187500000000 -0.000018816426
0.725000000000 0.200000000000 -0.000020016792
0.725000000000 0.212500000000 -0.000021204858
0.725000000000 0.225000000000 -0.000022379198
0.725000000000 0.237500000000 -0.000023538223
0.725000000000 0.250000000000 -0.000024680167
0.725000000000 0.262500000000 -0.000025803060
0.725000000000 0.275000000000 -0.000026904705
0.725000000000 0.287500000000 -0.000027982652
0.725000000000 0.300000000000 -0.000029034171
0.725000000000 0.312500000000 -0.000030056229
0.725000000000 0.325000000000 -0.000031045465
0.725000000000 0.337500000000 -0.000031998174
0.725000000000 0.350000000000 -0.000032910296
0.725000000000 0.362500000000 -0.000033777419
0.725000000000 0.375000000000 -0.000034594795
0.725000000000 0.387500000000 -0.000035357379
0.725000000000 0.400000000000 -0.000036059892
0.725000000000 0.412500000000 -0.000036696912
0.725000000000 0.425000000000 -0.000037263001
0.725000000000 0.437500000000 -0.000037752858
0.725000000000 0.450000000000 -0.000038161502
0.725000000000 0.462500000000 -0.000038484472
0.725000000000 0.475000000000 -0.000038718028
0.725000000000 0.487500000000 -0.000038859341
0.725000000000 0.500000000000 -0.000038906645
0.725000000000 0.512500000000 -0.000038859341
0.725000000000 0.525000000000 -0.000038718028
0.725000000000 0.537500000000 -0.000038484472
0.725000000000 0.550000000000 -0.000038161502
0.725000000000 0.562500000000 -0.000037752858
0.725000000000 0.575000000000 -0.000037263001
0.725000000000 0.587500000000 -0.000036696912
0.725000000000 0.600000000000 -0.000036059892
0.725000000000 0.612500000000 -0.000035357379
0.725000000000 0.625000000000 -0.000034594795
0.725000000000 0.637500000000 -0.000033777419
0.725000000000 0.650000000000 -0.000032910296
0.725000000000 0.662500000000 -0.000031998174
0.725000000000 0.675000000000 -0.000031045465
0.725000000000 0.687500000000 -0.000030056229
0.725000000000 0.700000000000 -0.000029034171
0.725000000000 0.712500000000 -0.000027982652
0.725000000000 0.725000000000 -0.000026904705
0.725000000000 0.737500000000 -0.000025803060
0.725000000000 0.750000000000 -0.000024680167
0.725000000000 0.762500000000 -0.000023538223
0.725000000000 0.775000000000 -0.000022379198
0.725000000000 0.787500000000 -0.000021204858
0.725000000000 0.800000000000 -0.000020016792
0.725000000000 0.812500000000 -0.000018816426
0.725000000000 0.825000000000 -0.000017605051
0.725000000000 0.837500000000 -0.000016383834
0.725000000000 0.850000000000 -0.000015153836
0.725000000000 0.862500000000 -0.000013916025
0.725000000000 0.875000000000 -0.000012671290
0.725000000000 0.887500000000 -0.000011420449
0.725000000000 0.900000000000 -0.000010164263
0.725000000000 0.912500000000 -0.000008903441
0.725000000000 0.925000000000 -0.000007638648
0.725000000000 0.937500000000 -0.000006370515
0.725000000000 0.950000000000 -0.000005099640
0.725000000000 0.962500000000 -0.000003826600
0.725000000000 0.975000000000 -0.000002551953
0.725000000000 0.987500000000 -0.000001276242
0.725000000000 1.000000000000 0.000000000000

0.737500000000 0.000000000000 0.000000000000
0.737500000000 0.012500000000 -0.000001228514
0.737500000000 0.025000000000 -0.000002456472
0.737500000000 0.037500000000 -0.000003683313
0.737500000000 0.050000000000 -0.000004908468
0.737500000000 0.062500000000 -0.000006131351
0.737500000000 0.075000000000 -0.000007351359
0.737500000000 0.087500000000 -0.000008567863
0.737500000000 0.100000000000 -0.000009780202
0.737500000000 0.112500000000 -0.000010987678
0.737500000000 0.125000000000 -0.000012189551
0.737500000000 0.137500000000 -0.000013385025
0.737500000000 0.150000000000 -0.000014573246
0.737500000000 0.162500000000 -0.000015753289
0.737500000000 0.175000000000 -0.000016924151
0.737500000000 0.187500000000 -0.000018084735
0.737500000000 0.200000000000 -0.000019233838
0.737500000000 0.212500000000 -0.000020370140
0.737500000000 0.225000000000 -0.000021492188
0.737500000000 0.237500000000 -0.000022598375
0.737500000000 0.250000000000 -0.000023686927
0.737500000000 0.262500000000 -0.000024755879
0.737500000000 0.275000000000 -0.000025803060
0.737500000000 0.287500000000 -0.000026826071
0.737500000000 0.300000000000 -0.000027822263
0.737500000000 0.312500000000 -0.000028788727
0.737500000000 0.325000000000 -0.000029722270
0.737500000000 0.337500000000 -0.000030619415
0.737500000000 0.350000000000 -0.000031476398
0.737500000000 0.362500000000 -0.000032289176
0.737500000000 0.375000000000 -0.000033053454
0.737500000000 0.387500000000 -0.000033764723
0.737500000000 0.400000000000 -0.000034418328
0.737500000000 0.412500000000 -0.000035009545
0.737500000000 0.425000000000 -0.000035533692
0.737500000000 0.437500000000 -0.000035986260
0.737500000000 0.450000000000 -0.000036363053
0.737500000000 0.462500000000 -0.000036660351
0.737500000000 0.475000000000 -0.000036875057
0.737500000000 0.487500000000 -0.000037004846
0.737500000000 0.500000000000 -0.000037048272
0.737500000000 0.512500000000 -0.000037004846
0.737500000000 0.525000000000 -0.000036875057
0.737500000000 0.537500000000 -0.000036660351
0.737500000000 0.550000000000 -0.000036363053
0.737500000000 0.562500000000 -0.000035986260
0.737500000000 0.575000000000 -0.000035533692
0.737500000000 0.587500000000 -0.000035009545
0.737500000000 0.600000000000 -0.000034418328
0.737500000000 0.612500000000 -0.000033764723
0.737500000000 0.625000000000 -0.000033053454
0.737500000000 0.637500000000 -0.000032289176
0.737500000000 0.650000000000 -0.000031476398
0.737500000000 0.662500000000 -0.000030619415
0.737500000000 0.675000000000 -0.000029722270
0.737500000000 0.687500000000 -0.000028788727
0.737500000000 0.700000000000 -0.000027822263
0.737500000000 0.712500000000 -0.000026826071
0.737500000000 0.725000000000 -0.000025803060
0.737500000000 0.737500000000 -0.000024755879
0.737500000000 0.750000000000 -0.000023686927
0.737500000000 0.762500000000 -0.000022598375
0.737500000000 0.775000000000 -0.000021492188
0.737500000000 0.787500000000 -0.000020370140
0.737500000000 0.800000000000 -0.000019233838
0.737500000000 0.812500000000 -0.000018084735
0.737500000000 0.825000000000 -0.000016924151
0.737500000000 0.837500000000 -0.000015753289
0.737500000000 0.850000000000 -0.000014573246
0.737500000000 0.862500000000 -0.000013385025
0.737500000000 0.875000000000 -0.000012189551
0.737500000000 0.887500000000 -0.000010987678
0.737500000000 0.900000000000 -0.000009780202
0.737500000000 0.912500000000 -0.000008567863
0.737500000000 0.925000000000 -0.000007351359
0.737500000000 0.937500000000 -0.000006131351
0.737500000000 0.950000000000 -0.000004908468
0.737500000000 0.962500000000 -0.000003683313
0.737500000000 0.975000000000 -0.000002456472
0.737500000000 0.987500000000 -0.000001228514
0.737500000000 1.000000000000 0.000000000000

0.750000000000 0.000000000000 0.000000000000
0.750000000000 0.012500000000 -0.000001179200
0.750000000000 0.025000000000 -0.000002357824
0.750000000000 0.037500000000 -0.000003535290
0.750000000000 0.050000000000 -0.000004711007
0.750000000000 0.062500000000 -0.000005884369
0.750000000000 0.075000000000 -0.000007054750
0.750000000000 0.087500000000 -0.000008221499
0.750000000000 0.100000000000 -0.000009383931
0.750000000000 0.112500000000 -0.000010541325
0.750000000000 0.125000000000 -0.000011692916
0.750000000000 0.137500000000 -0.000012837884
0.750000000000 0.150000000000 -0.000013975350
0.750000000000 0.162500000000 -0.000015104367
0.750000000000 0.175000000000 -0.000016223905
0.750000000000 0.187500000000 -0.000017332847
0.750000000000 0.200000000000 -0.000018429975
0.750000000000 0.212500000000 -0.000019513953
0.750000000000 0.225000000000 -0.000020583321
0.750000000000 0.237500000000 -0.000021636476
0.750000000000 0.250000000000 -0.000022671655
0.750000000000 0.262500000000 -0.000023686927
0.750000000000 0.275000000000 -0.000024680167
0.750000000000 0.287500000000 -0.000025649051
0.750000000000 0.300000000000 -0.000026591035
0.750000000000 0.312500000000 -0.000027503350
0.750000000000 0.325000000000 -0.000028382989
0.750000000000 0.337500000000 -0.000029226709
0.750000000000 0.350000000000 -0.000030031038
0.750000000000 0.362500000000 -0.000030792286
0.750000000000 0.375000000000 -0.000031506577
0.750000000000 0.387500000000 -0.000032169888
0.750000000000 0.400000000000 -0.000032778110
0.750000000000 0.412500000000 -0.000033327120
0.750000000000 0.425000000000 -0.000033812874
0.750000000000 0.437500000000 -0.000034231513
0.750000000000 0.450000000000 -0.000034579482
0.750000000000 0.462500000000 -0.000034853653
0.750000000000 0.475000000000 -0.000035051440
0.750000000000 0.487500000000 -0.000035170911
0.750000000000 0.500000000000 -0.000035210870
0.750000000000 0.512500000000 -0.000035170911
0.750000000000 0.525000000000 -0.000035051440
0.750000000000 0.537500000000 -0.000034853653
0.750000000000 0.550000000000 -0.000034579482
0.750000000000 0.562500000000 -0.000034231513
0.750000000000 0.575000000000 -0.000033812874
0.750000000000 0.587500000000 -0.000033327120
0.750000000000 0.600000000000 -0.000032778110
0.750000000000 0.612500000000 -0.000032169888
0.750000000000 0.625000000000 -0.000031506577
0.750000000000 0.637500000000 -0.000030792286
0.750000000000 0.650000000000 -0.000030031038
0.750000000000 0.662500000000 -0.000029226709
0.750000000000 0.675000000000 -0.000028382989
0.750000000000 0.687500000000 -0.000027503350
0.750000000000 0.700000000000 -0.000026591035
0.750000000000 0.712500000000 -0.000025649051
0.750000000000 0.725000000000 -0.000024680167
0.750000000000 0.737500000000 -0.000023686927
0.750000000000 0.750000000000 -0.000022671655
0.750000000000 0.762500000000 -0.000021636476
0.750000000000 0.775000000000 -0.000020583321
0.750000000000 0.787500000000 -0.000019513953
0.750000000000 0.800000000000 -0.000018429975
0.750000000000 0.812500000000 -0.000017332847
0.750000000000 0.825000000000 -0.000016223905
0.750000000000 0.837500000000 -0.000015104367
0.750000000000 0.850000000000 -0.000013975350
0.750000000000 0.862500000000 -0.000012837884
0.750000000000 0.875000000000 -0.000011692916
0.750000000000 0.887500000000 -0.000010541325
0.750000000000 0.900000000000 -0.000009383931
0.750000000000 0.912500000000 -0.000008221499
0.750000000000 0.925000000000 -0.000007054750
0.750000000000 0.937500000000 -0.000005884369
0.750000000000 0.950000000000 -0.000004711007
0.750000000000 0.962500000000 -0.000003535290
0.750000000000 0.975000000000 -0.000002357824
0.750000000000 0.987500000000 -0.000001179200
0.750000000000 1.000000000000 0.000000000000

0.762500000000 0.000000000000 0.000000000000
0.762500000000 0.012500000000 -0.000001128409
0.762500000000 0.025000000000 -0.000002256226
0.762500000000 0.037500000000 -0.000003382855
0.762500000000 0.050000000000 -0.000004507690
0.762500000000 0.062500000000 -0.000005630110
0.762500000000 0.075000000000 -0.000006749472
0.762500000000 0.087500000000 -0.000007865110
0.762500000000 0.100000000000 -0.000008976324
0.762500000000 0.112500000000 -0.000010082376
0.762500000000 0.125000000000 -0.000011182486
0.762500000000 0.137500000000 -0.000012275819
0.762500000000 0.150000000000 -0.000013361481
0.762500000000 0.162500000000 -0.000014438511
0.762500000000 0.175000000000 -0.000015505870
0.762500000000 0.187500000000 -0.000016562434
0.762500000000 0.200000000000 -0.000017606979
0.762500000000 0.212500000000 -0.000018638174
0.762500000000 0.225000000000 -0.000019654568
0.762500000000 0.237500000000 -0.000020654578
0.762500000000 0.250000000000 -0.000021636476
0.762500000000 0.262500000000 -0.000022598375
0.762500000000 0.275000000000 -0.000023538223
0.762500000000 0.287500000000 -0.000024453785
0.762500000000 0.300000000000 -0.000025342639
0.762500000000 0.312500000000 -0.000026202168
0.762500000000 0.325000000000 -0.000027029557
0.762500000000 0.337500000000 -0.000027821800
0.762500000000 0.350000000000 -0.000028575705
0.762500000000 0.362500000000 -0.000029287917
0.762500000000 0.375000000000 -0.000029954943
0.762500000000 0.387500000000 -0.000030573197
0.762500000000 0.400000000000 -0.000031139048
0.762500000000 0.412500000000 -0.000031648890
0.762500000000 0.425000000000 -0.000032099218
0.762500000000 0.437500000000 -0.000032486715
0.762500000000 0.450000000000 -0.000032808351
0.762500000000 0.462500000000 -0.000033061475
0.762500000000 0.475000000000 -0.000033243912
0.762500000000 0.487500000000 -0.000033354042
0.762500000000 0.500000000000 -0.000033390864
0.762500000000 0.512500000000 -0.000033354042
0.762500000000 0.525000000000 -0.000033243912
0.762500000000 0.537500000000 -0.000033061475
0.762500000000 0.550000000000 -0.000032808351
0.762500000000 0.562500000000 -0.000032486715
0.762500000000 0.575000000000 -0.000032099218
0.762500000000 0.587500000000 -0.000031648890
0.762500000000 0.600000000000 -0.000031139048
0.762500000000 0.612500000000 -0.000030573197
0.762500000000 0.625000000000 -0.000029954943
0.762500000000 0.637500000000 -0.000029287917
0.762500000000 0.650000000000 -0.000028575705
0.762500000000 0.662500000000 -0.000027821800
0.762500000000 0.675000000000 -0.000027029557
0.762500000000 0.687500000000 -0.000026202168
0.762500000000 0.700000000000 -0.000025342639
0.762500000000 0.712500000000 -0.000024453785
0.762500000000 0.725000000000 -0.000023538223
0.762500000000 0.737500000000 -0.000022598375
0.762500000000 0.750000000000 -0.000021636476
0.762500000000 0.762500000000 -0.000020654578
0.762500000000 0.775000000000 -0.000019654568
0.762500000000 0.787500000000 -0.000018638174
0.762500000000 0.800000000000 -0.000017606979
0.762500000000 0.812500000000 -0.000016562434
0.762500000000 0.825000000000 -0.000015505870
0.762500000000 0.837500000000 -0.000014438511
0.762500000000 0.850000000000 -0.000013361481
0.762500000000 0.862500000000 -0.000012275819
0.762500000000 0.875000000000 -0.000011182486
0.762500000000 0.887500000000 -0.000010082376
0.762500000000 0.900000000000 -0.000008976324
0.762500000000 0.912500000000 -0.000007865110
0.762500000000 0.925000000000 -0.000006749472
0.762500000000 0.937500000000 -0.000005630110
0.762500000000 0.950000000000 -0.000004507690
0.762500000000 0.962500000000 -0.000003382855
0.762500000000 0.975000000000 -0.000002256226
0.762500000000 0.987500000000 -0.000001128409
0.762500000000 1.000000000000 0.000000000000

0.775000000000 0.000000000000 0.000000000000
0.775000000000 0.012500000000 -0.000001076243
0.775000000000 0.025000000000 -0.000002151885
0.775000000000 0.037500000000 -0.000003226320
0.775000000000 0.050000000000 -0.000004298934
0.775000000000 0.062500000000 -0.000005369095
0.775000000000 0.075000000000 -0.000006436153
0.775000000000 0.087500000000 -0.000007499432
0.775000000000 0.100000000000 -0.000008558222
0.775000000000 0.112500000000 -0.000009611780
0.775000000000 0.125000000000 -0.000010659316
0.775000000000 0.137500000000 -0.000011699989
0.775000000000 0.150000000000 -0.000012732902
0.775000000000 0.162500000000 -0.000013757091
0.775000000000 0.175000000000 -0.000014771518
0.775000000000 0.187500000000 -0.000015775062
0.775000000000 0.200000000000 -0.000016766511
0.775000000000 0.212500000000 -0.000017744549
0.775000000000 0.225000000000 -0.000018707751
0.775000000000 0.237500000000 -0.000019654568
0.775000000000 0.250000000000 -0.000020583321
0.775000000000 0.262500000000 -0.000021492188
0.775000000000 0.275000000000 -0.000022379198
0.775000000000 0.287500000000 -0.000023242221
0.775000000000 0.300000000000 -0.000024078967
0.775000000000 0.312500000000 -0.000024886979
0.775000000000 0.325000000000 -0.000025663636
0.775000000000 0.337500000000 -0.000026406162
0.775000000000 0.350000000000 -0.000027111636
0.775000000000 0.362500000000 -0.000027777012
0.775000000000 0.375000000000 -0.000028399150
0.775000000000 0.387500000000 -0.000028974852
0.775000000000 0.400000000000 -0.000029500908
0.775000000000 0.412500000000 -0.000029974158
0.775000000000 0.425000000000 -0.000030391553
0.775000000000 0.437500000000 -0.000030750232
0.775000000000 0.450000000000 -0.000031047595
0.775000000000 0.462500000000 -0.000031281386
0.775000000000 0.475000000000 -0.000031449757
0.775000000000 0.487500000000 -0.000031551342
0.775000000000 0.500000000000 -0.000031585299
0.775000000000 0.512500000000 -0.000031551342
0.775000000000 0.525000000000 -0.000031449757
0.775000000000 0.537500000000 -0.000031281386
0.775000000000 0.550000000000 -0.000031047595
0.775000000000 0.562500000000 -0.000030750232
0.775000000000 0.575000000000 -0.000030391553
0.775000000000 0.587500000000 -0.000029974158
0.775000000000 0.600000000000 -0.000029500908
0.775000000000 0.612500000000 -0.000028974852
0.775000000000 0.625000000000 -0.000028399150
0.775000000000 0.637500000000 -0.000027777012
0.775000000000 0.650000000000 -0.000027111636
0.775000000000 0.662500000000 -0.000026406162
0.775000000000 0.675000000000 -0.000025663636
0.775000000000 0.687500000000 -0.000024886979
0.775000000000 0.700000000000 -0.000024078967
0.775000000000 0.712500000000 -0.000023242221
0.775000000000 0.725000000000 -0.000022379198
0.775000000000 0.737500000000 -0.000021492188
0.775000000000 0.750000000000 -0.000020583321
0.775000000000 0.762500000000 -0.000019654568
0.775000000000 0.775000000000 -0.000018707751
0.775000000000 0.787500000000 -0.000017744549
0.775000000000 0.800000000000 -0.000016766511
0.775000000000 0.812500000000 -0.000015775062
0.775000000000 0.825000000000 -0.000014771518
0.775000000000 0.837500000000 -0.000013757091
0.775000000000 0.850000000000 -0.000012732902
0.775000000000 0.862500000000 -0.000011699989
0.775000000000 0.875000000000 -0.000010659316
0.775000000000 0.887500000000 -0.000009611780
0.775000000000 0.900000000000 -0.000008558222
0.775000000000 0.912500000000 -0.000007499432
0.775000000000 0.925000000000 -0.000006436153
0.775000000000 0.937500000000 -0.000005369095
0.775000000000 0.950000000000 -0.000004298934
0.775000000000 0.962500000000 -0.000003226320
0.775000000000 0.975000000000 -0.000002151885
0.775000000000 0.987500000000 -0.000001076243
0.775000000000 1.000000000000 0.000000000000

0.787500000000 0.000000000000 0.000000000000
0.787500000000 0.012500000000 -0.000001022804
0.787500000000 0.025000000000 -0.000002045003
0.787500000000 0.037500000000 -0.000003065989
0.787500000000 0.050000000000 -0.000004085143
0.787500000000 0.062500000000 -0.000005101831
0.787500000000 0.075000000000 -0.000006115400
0.787500000000 0.087500000000 -0.000007125170
0.787500000000 0.100000000000 -0.000008130434
0.787500000000 0.112500000000 -0.000009130443
0.787500000000 0.125000000000 -0.000010124411
0.787500000000 0.137500000000 -0.000011111500
0.787500000000 0.150000000000 -0.000012090815
0.787500000000 0.162500000000 -0.000013061402
0.787500000000 0.175000000000 -0.000014022232
0.787500000000 0.187500000000 -0.000014972201
0.787500000000 0.200000000000 -0.000015910118
0.787500000000 0.212500000000 -0.000016834697
0.787500000000 0.225000000000 -0.000017744549
0.787500000000 0.237500000000 -0.000018638174
0.787500000000 0.250000000000 -0.000019513953
0.787500000000 0.262500000000 -0.000020370140
0.787500000000 0.275000000000 -0.000021204858
0.787500000000 0.287500000000 -0.000022016092
0.787500000000 0.300000000000 -0.000022801688
0.787500000000 0.312500000000 -0.000023559352
0.787500000000 0.325000000000 -0.000024286658
0.787500000000 0.337500000000 -0.000024981051
0.787500000000 0.350000000000 -0.000025639865
0.787500000000 0.362500000000 -0.000026260345
0.787500000000 0.375000000000 -0.000026839667
0.787500000000 0.387500000000 -0.000027374981
0.787500000000 0.400000000000 -0.000027863448
0.787500000000 0.412500000000 -0.000028302292
0.787500000000 0.425000000000 -0.000028688857
0.787500000000 0.437500000000 -0.000029020661
0.787500000000 0.450000000000 -0.000029295468
0.787500000000 0.462500000000 -0.000029511342
0.787500000000 0.475000000000 -0.000029666709
0.787500000000 0.487500000000 -0.000029760406
0.787500000000 0.500000000000 -0.000029791719
0.787500000000 0.512500000000 -0.000029760406
0.787500000000 0.525000000000 -0.000029666709
0.787500000000 0.537500000000 -0.000029511342
0.787500000000 0.550000000000 -0.000029295468
0.787500000000 0.562500000000 -0.000029020661
0.787500000000 0.575000000000 -0.000028688857
0.787500000000 0.587500000000 -0.000028302292
0.787500000000 0.600000000000 -0.000027863448
0.787500000000 0.612500000000 -0.000027374981
0.787500000000 0.625000000000 -0.000026839667
0.787500000000 0.637500000000 -0.000026260345
0.787500000000 0.650000000000 -0.000025639865
0.787500000000 0.662500000000 -0.000024981051
0.787500000000 0.675000000000 -0.000024286658
0.787500000000 0.687500000000 -0.000023559352
0.787500000000 0.700000000000 -0.000022801688
0.787500000000 0.712500000000 -0.000022016092
0.787500000000 0.725000000000 -0.000021204858
0.787500000000 0.737500000000 -0.000020370140
0.787500000000 0.750000000000 -0.000019513953
0.787500000000 0.762500000000 -0.000018638174
0.787500000000 0.775000000000 -0.000017744549
0.787500000000 0.787500000000 -0.000016834697
0.787500000000 0.800000000000 -0.000015910118
0.787500000000 0.812500000000 -0.000014972201
0.787500000000 0.825000000000 -0.000014022232
0.787500000000 0.837500000000 -0.000013061402
0.787500000000 0.850000000000 -0.000012090815
0.787500000000 0.862500000000 -0.000011111500
0.787500000000 0.875000000000 -0.000010124411
0.787500000000 0.887500000000 -0.000009130443
0.787500000000 0.900000000000 -0.000008130434
0.787500000000 0.912500000000 -0.000007125170
0.787500000000 0.925000000000 -0.000006115400
0.787500000000 0.937500000000 -0.000005101831
0.787500000000 0.950000000000 -0.000004085143
0.787500000000 0.962500000000 -0.000003065989
0.787500000000 0.975000000000 -0.000002045003
0.787500000000 0.987500000000 -0.000001022804
0.787500000000 1.000000000000 0.000000000000

0.800000000000 0.000000000000 0.000000000000
0.800000000000 0.012500000000 -0.000000968189
0.800000000000 0.025000000000 -0.000001935775
0.800000000000 0.037500000000 -0.000002902153
0.800000000000 0.050000000000 -0.000003866705
0.800000000000 0.062500000000 -0.000004828802
0.800000000000 0.075000000000 -0.000005787792
0.800000000000 0.087500000000 -0.000006743003
0.800000000000 0.100000000000 -0.000007693729
0.800000000000 0.112500000000 -0.000008639232
0.800000000000 0.125000000000 -0.000009578731
0.800000000000 0.137500000000 -0.000010511399
0.800000000000 0.150000000000 -0.000011436356
0.800000000000 0.162500000000 -0.000012352663
0.800000000000 0.175000000000 -0.000013259312
0.800000000000 0.187500000000 -0.000014155225
0.800000000000 0.200000000000 -0.000015039243
0.800000000000 0.212500000000 -0.000015910118
0.800000000000 0.225000000000 -0.000016766511
0.800000000000 0.237500000000 -0.000017606979
0.800000000000 0.250000000000 -0.000018429975
0.800000000000 0.262500000000 -0.000019233838
0.800000000000 0.275000000000 -0.000020016792
0.800000000000 0.287500000000 -0.000020776942
0.800000000000 0.300000000000 -0.000021512276
0.800000000000 0.312500000000 -0.000022220664
0.800000000000 0.325000000000 -0.000022899866
0.800000000000 0.337500000000 -0.000023547543
0.800000000000 0.350000000000 -0.000024161270
0.800000000000 0.362500000000 -0.000024738554
0.800000000000 0.375000000000 -0.000025276864
0.800000000000 0.387500000000 -0.000025773660
0.800000000000 0.400000000000 -0.000026226430
0.800000000000 0.412500000000 -0.000026632731
0.800000000000 0.425000000000 -0.000026990241
0.800000000000 0.437500000000 -0.000027296806
0.800000000000 0.450000000000 -0.000027550491
0.800000000000 0.462500000000 -0.000027749630
0.800000000000 0.475000000000 -0.000027892873
0.800000000000 0.487500000000 -0.000027979225
0.800000000000 0.500000000000 -0.000028008078
0.800000000000 0.512500000000 -0.000027979225
0.800000000000 0.525000000000 -0.000027892873
0.800000000000 0.537500000000 -0.000027749630
0.800000000000 0.550000000000 -0.000027550491
0.800000000000 0.562500000000 -0.000027296806
0.800000000000 0.575000000000 -0.000026990241
0.800000000000 0.587500000000 -0.000026632731
0.800000000000 0.600000000000 -0.000026226430
0.800000000000 0.612500000000 -0.000025773660
0.800000000000 0.625000000000 -0.000025276864
0.800000000000 0.637500000000 -0.000024738554
0.800000000000 0.650000000000 -0.000024161270
0.800000000000 0.662500000000 -0.000023547543
0.800000000000 0.675000000000 -0.000022899866
0.800000000000 0.687500000000 -0.000022220664
0.800000000000 0.700000000000 -0.000021512276
0.800000000000 0.712500000000 -0.000020776942
0.800000000000 0.725000000000 -0.000020016792
0.800000000000 0.737500000000 -0.000019233838
0.800000000000 0.750000000000 -0.000018429975
0.800000000000 0.762500000000 -0.000017606979
0.800000000000 0.775000000000 -0.000016766511
0.800000000000 0.787500000000 -0.000015910118
0.800000000000 0.800000000000 -0.000015039243
0.800000000000 0.812500000000 -0.000014155225
0.800000000000 0.825000000000 -0.000013259312
0.800000000000 0.837500000000 -0.000012352663
0.800000000000 0.850000000000 -0.000011436356
0.800000000000 0.862500000000 -0.000010511399
0.800000000000 0.875000000000 -0.000009578731
0.800000000000 0.887500000000 -0.000008639232
0.800000000000 0.900000000000 -0.000007693729
0.800000000000 0.912500000000 -0.000006743003
0.800000000000 0.925000000000 -0.000005787792
0.800000000000 0.937500000000 -0.000004828802
0.800000000000 0.950000000000 -0.000003866705
0.800000000000 0.962500000000 -0.000002902153
0.800000000000 0.975000000000 -0.000001935775
0.800000000000 0.987500000000 -0.000000968189
0.800000000000 1.000000000000 0.000000000000

0.812500000000 0.000000000000 0.000000000000
0.812500000000 0.012500000000 -0.000000912491
0.812500000000 0.025000000000 -0.000001824387
0.812500000000 0.037500000000 -0.000002735091
0.812500000000 0.050000000000 -0.000003643993
0.812500000000 0.062500000000 -0.000004550472
0.812500000000 0.075000000000 -0.000005453888
0.812500000000 0.087500000000 -0.000006353577
0.812500000000 0.100000000000 -0.000007248846
0.812500000000 0.112500000000 -0.000008138971
0.812500000000 0.125000000000 -0.000009023185
0.812500000000 0.137500000000 -0.000009900681
0.812500000000 0.150000000000 -0.000010770598
0.812500000000 0.162500000000 -0.000011632023
0.812500000000 0.175000000000 -0.000012483978
0.812500000000 0.187500000000 -0.000013325418
0.812500000000 0.200000000000 -0.000014155225
0.812500000000 0.212500000000 -0.000014972201
0.812500000000 0.225000000000 -0.000015775062
0.812500000000 0.237500000000 -0.000016562434
0.812500000000 0.250000000000 -0.000017332847
0.812500000000 0.262500000000 -0.000018084735
0.812500000000 0.275000000000 -0.000018816426
0.812500000000 0.287500000000 -0.000019526152
0.812500000000 0.300000000000 -0.000020212040
0.812500000000 0.312500000000 -0.000020872124
0.812500000000 0.325000000000 -0.000021504346
0.812500000000 0.337500000000 -0.000022106571
0.812500000000 0.350000000000 -0.000022676598
0.812500000000 0.362500000000 -0.000023212180
0.812500000000 0.375000000000 -0.000023711049
0.812500000000 0.387500000000 -0.000024170942
0.812500000000 0.400000000000 -0.000024589636
0.812500000000 0.412500000000 -0.000024964981
0.812500000000 0.425000000000 -0.000025294945
0.812500000000 0.437500000000 -0.000025577649
0.812500000000 0.450000000000 -0.000025811417
0.812500000000 0.462500000000 -0.000025994809
0.812500000000 0.475000000000 -0.000026126662
0.812500000000 0.487500000000 -0.000026206123
0.812500000000 0.500000000000 -0.000026232669
0.812500000000 0.512500000000 -0.000026206123
0.812500000000 0.525000000000 -0.000026126662
0.812500000000 0.537500000000 -0.000025994809
0.812500000000 0.550000000000 -0.000025811417
0.812500000000 0.562500000000 -0.000025577649
0.812500000000 0.575000000000 -0.000025294945
0.812500000000 0.587500000000 -0.000024964981
0.812500000000 0.600000000000 -0.000024589636
0.812500000000 0.612500000000 -0.000024170942
0.812500000000 0.625000000000 -0.000023711049
0.812500000000 0.637500000000 -0.000023212180
0.812500000000 0.650000000000 -0.000022676598
0.812500000000 0.662500000000 -0.000022106571
0.812500000000 0.675000000000 -0.000021504346
0.812500000000 0.687500000000 -0.000020872124
0.812500000000 0.700000000000 -0.000020212040
0.812500000000 0.712500000000 -0.000019526152
0.812500000000 0.725000000000 -0.000018816426
0.812500000000 0.737500000000 -0.000018084735
0.812500000000 0.750000000000 -0.000017332847
0.812500000000 0.762500000000 -0.000016562434
0.812500000000 0.775000000000 -0.000015775062
0.812500000000 0.787500000000 -0.000014972201
0.812500000000 0.800000000000 -0.000014155225
0.812500000000 0.812500000000 -0.000013325418
0.812500000000 0.825000000000 -0.000012483978
0.812500000000 0.837500000000 -0.000011632023
0.812500000000 0.850000000000 -0.000010770598
0.812500000000 0.862500000000 -0.000009900681
0.812500000000 0.875000000000 -0.000009023185
0.812500000000 0.887500000000 -0.000008138971
0.812500000000 0.900000000000 -0.000007248846
0.812500000000 0.912500000000 -0.000006353577
0.812500000000 0.925000000000 -0.000005453888
0.812500000000 0.937500000000 -0.000004550472
0.812500000000 0.950000000000 -0.000003643993
0.812500000000 0.962500000000 -0.000002735091
0.812500000000 0.975000000000 -0.000001824387
0.812500000000 0.987500000000 -0.000000912491
0.812500000000 1.000000000000 0.000000000000

0.825000000000 0.000000000000 0.000000000000
0.825000000000 0.012500000000 -0.000000855800
0.825000000000 0.025000000000 -0.000001711019
0.825000000000 0.037500000000 -0.000002565072
0.825000000000 0.050000000000 -0.000003417364
0.825000000000 0.062500000000 -0.000004267288
0.825000000000 0.075000000000 -0.000005114219
0.825000000000 0.087500000000 -0.000005957509
0.825000000000 0.100000000000 -0.000006796486
0.825000000000 0.112500000000 -0.000007630442
0.825000000000 0.125000000000 -0.000008458636
0.825000000000 0.137500000000 -0.000009280283
0.825000000000 0.150000000000 -0.000010094552
0.825000000000 0.162500000000 -0.000010900562
0.825000000000 0.175000000000 -0.000011697371
0.825000000000 0.187500000000 -0.000012483978
0.825000000000 0.200000000000 -0.000013259312
0.825000000000 0.212500000000 -0.000014022232
0.825000000000 0.225000000000 -0.000014771518
0.825000000000 0.237500000000 -0.000015505870
0.825000000000 0.250000000000 -0.000016223905
0.825000000000 0.262500000000 -0.000016924151
0.825000000000 0.275000000000 -0.000017605051
0.825000000000 0.287500000000 -0.000018264960
0.825000000000 0.300000000000 -0.000018902148
0.825000000000 0.312500000000 -0.000019514806
0.825000000000 0.325000000000 -0.000020101053
0.825000000000 0.337500000000 -0.000020658947
0.825000000000 0.350000000000 -0.000021186498
0.825000000000 0.362500000000 -0.000021681684
0.825000000000 0.375000000000 -0.000022142476
0.825000000000 0.387500000000 -0.000022566863
0.825000000000 0.400000000000 -0.000022952875
0.825000000000 0.412500000000 -0.000023298621
0.825000000000 0.425000000000 -0.000023602318
0.825000000000 0.437500000000 -0.000023862329
0.825000000000 0.450000000000 -0.000024077194
0.825000000000 0.462500000000 -0.000024245669
0.825000000000 0.475000000000 -0.000024366749
0.825000000000 0.487500000000 -0.000024439697
0.825000000000 0.500000000000 -0.000024464064
0.825000000000 0.512500000000 -0.000024439697
0.825000000000 0.525000000000 -0.000024366749
0.825000000000 0.537500000000 -0.000024245669
0.825000000000 0.550000000000 -0.000024077194
0.825000000000 0.562500000000 -0.000023862329
0.825000000000 0.575000000000 -0.000023602318
0.825000000000 0.587500000000 -0.000023298621
0.825000000000 0.600000000000 -0.000022952875
0.825000000000 0.612500000000 -0.000022566863
0.825000000000 0.625000000000 -0.000022142476
0.825000000000 0.637500000000 -0.000021681684
0.825000000000 0.650000000000 -0.000021186498
0.825000000000 0.662500000000 -0.000020658947
0.825000000000 0.675000000000 -0.000020101053
0.825000000000 0.687500000000 -0.000019514806
0.825000000000 0.700000000000 -0.000018902148
0.825000000000 0.712500000000 -0.000018264960
0.825000000000 0.725000000000 -0.000017605051
0.825000000000 0.737500000000 -0.000016924151
0.825000000000 0.750000000000 -0.000016223905
0.825000000000 0.762500000000 -0.000015505870
0.825000000000 0.775000000000 -0.000014771518
0.825000000000 0.787500000000 -0.000014022232
0.825000000000 0.800000000000 -0.000013259312
0.825000000000 0.812500000000 -0.000012483978
0.825000000000 0.825000000000 -0.000011697371
0.825000000000 0.837500000000 -0.000010900562
0.825000000000 0.850000000000 -0.000010094552
0.825000000000 0.862500000000 -0.000009280283
0.825000000000 0.875000000000 -0.000008458636
0.825000000000 0.887500000000 -0.000007630442
0.825000000000 0.900000000000 -0.000006796486
0.825000000000 0.912500000000 -0.000005957509
0.825000000000 0.925000000000 -0.000005114219
0.825000000000 0.937500000000 -0.000004267288
0.825000000000 0.950000000000 -0.000003417364
0.825000000000 0.962500000000 -0.000002565072
0.825000000000 0.975000000000 -0.000001711019
0.825000000000 0.987500000000 -0.000000855800
0.825000000000 1.000000000000 0.000000000000

0.837500000000 0.000000000000 0.000000000000
0.837500000000 0.012500000000 -0.000000798203
0.837500000000 0.025000000000 -0.000001595843
0.837500000000 0.037500000000 -0.000002392353
0.837500000000 0.050000000000 -0.000003187159
0.837500000000 0.062500000000 -0.000003979673
0.837500000000 0.075000000000 -0.000004769291
0.837500000000 0.087500000000 -0.000005555388
0.837500000000 0.100000000000 -0.000006337314
0.837500000000 0.112500000000 -0.000007114390
0.837500000000 0.125000000000 -0.000007885900
0.837500000000 0.137500000000 -0.000008651093
0.837500000000 0.150000000000 -0.000009409172
0.837500000000 0.162500000000 -0.000010159294
0.837500000000 0.175000000000 -0.000010900562
0.837500000000 0.187500000000 -0.000011632023
0.837500000000 0.200000000000 -0.000012352663
0.837500000000 0.212500000000 -0.000013061402
0.837500000000 0.225000000000 -0.000013757091
0.837500000000 0.237500000000 -0.000014438511
0.837500000000 0.250000000000 -0.000015104367
0.837500000000 0.262500000000 -0.000015753289
0.837500000000 0.275000000000 -0.000016383834
0.837500000000 0.287500000000 -0.000016994482
0.837500000000 0.300000000000 -0.000017583644
0.837500000000 0.312500000000 -0.000018149665
0.837500000000 0.325000000000 -0.000018690834
0.837500000000 0.337500000000 -0.000019205390
0.837500000000 0.350000000000 -0.000019691539
0.837500000000 0.362500000000 -0.000020147470
0.837500000000 0.375000000000 -0.000020571372
0.837500000000 0.387500000000 -0.000020961457
0.837500000000 0.400000000000 -0.000021315984
0.837500000000 0.412500000000 -0.000021633290
0.837500000000 0.425000000000 -0.000021911810
0.837500000000 0.437500000000 -0.000022150117
0.837500000000 0.450000000000 -0.000022346939
0.837500000000 0.462500000000 -0.000022501196
0.837500000000 0.475000000000 -0.000022612020
0.837500000000 0.487500000000 -0.000022678773
0.837500000000 0.500000000000 -0.000022701068
0.837500000000 0.512500000000 -0.000022678773
0.837500000000 0.525000000000 -0.000022612020
0.837500000000 0.537500000000 -0.000022501196
0.837500000000 0.550000000000 -0.000022346939
0.837500000000 0.562500000000 -0.000022150117
0.837500000000 0.575000000000 -0.000021911810
0.837500000000 0.587500000000 -0.000021633290
0.837500000000 0.600000000000 -0.000021315984
0.837500000000 0.612500000000 -0.000020961457
0.837500000000 0.625000000000 -0.000020571372
0.837500000000 0.637500000000 -0.000020147470
0.837500000000 0.650000000000 -0.000019691539
0.837500000000 0.662500000000 -0.000019205390
0.837500000000 0.675000000000 -0.000018690834
0.837500000000 0.687500000000 -0.000018149665
0.837500000000 0.700000000000 -0.000017583644
0.837500000000 0.712500000000 -0.000016994482
0.837500000000 0.725000000000 -0.000016383834
0.837500000000 0.737500000000 -0.000015753289
0.837500000000 0.750000000000 -0.000015104367
0.837500000000 0.762500000000 -0.000014438511
0.837500000000 0.775000000000 -0.000013757091
0.837500000000 0.787500000000 -0.000013061402
0.837500000000 0.800000000000 -0.000012352663
0.837500000000 0.812500000000 -0.000011632023
0.837500000000 0.825000000000 -0.000010900562
0.837500000000 0.837500000000 -0.000010159294
0.837500000000 0.850000000000 -0.000009409172
0.837500000000 0.862500000000 -0.000008651093
0.837500000000 0.875000000000 -0.000007885900
0.837500000000 0.887500000000 -0.000007114390
0.837500000000 0.900000000000 -0.000006337314
0.837500000000 0.912500000000 -0.000005555388
0.837500000000 0.925000000000 -0.000004769291
0.837500000000 0.937500000000 -0.000003979673
0.837500000000 0.950000000000 -0.000003187159
0.837500000000 0.962500000000 -0.000002392353
0.837500000000 0.975000000000 -0.000001595843
0.837500000000 0.987500000000 -0.000000798203
0.837500000000 1.000000000000 0.000000000000

0.850000000000 0.000000000000 0.000000000000
0.850000000000 0.012500000000 -0.000000739780
0.850000000000 0.025000000000 -0.000001479021
0.850000000000 0.037500000000 -0.000002217179
0.850000000000 0.050000000000 -0.000002953705
0.850000000000 0.062500000000 -0.000003688034
0.850000000000 0.075000000000 -0.000004419589
0.850000000000 0.087500000000 -0.000005147774
0.850000000000 0.100000000000 -0.000005871967
0.850000000000 0.112500000000 -0.000006591519
0.850000000000 0.125000000000 -0.000007305752
0.850000000000 0.137500000000 -0.000008013949
0.850000000000 0.150000000000 -0.000008715355
0.850000000000 0.162500000000 -0.000009409172
0.850000000000 0.175000000000 -0.000010094552
0.850000000000 0.187500000000 -0.000010770598
0.850000000000 0.200000000000 -0.000011436356
0.850000000000 0.212500000000 -0.000012090815
0.850000000000 0.225000000000 -0.000012732902
0.850000000000 0.237500000000 -0.000013361481
0.850000000000 0.250000000000 -0.000013975350
0.850000000000 0.262500000000 -0.000014573246
0.850000000000 0.275000000000 -0.000015153836
0.850000000000 0.287500000000 -0.000015715728
0.850000000000 0.300000000000 -0.000016257471
0.850000000000 0.312500000000 -0.000016777560
0.850000000000 0.325000000000 -0.000017274444
0.850000000000 0.337500000000 -0.000017746537
0.850000000000 0.350000000000 -0.000018192229
0.850000000000 0.362500000000 -0.000018609899
0.850000000000 0.375000000000 -0.000018997938
0.850000000000 0.387500000000 -0.000019354761
0.850000000000 0.400000000000 -0.000019678832
0.850000000000 0.412500000000 -0.000019968689
0.850000000000 0.425000000000 -0.000020222961
0.850000000000 0.437500000000 -0.000020440403
0.850000000000 0.450000000000 -0.000020619908
0.850000000000 0.462500000000 -0.000020760539
0.850000000000 0.475000000000 -0.000020861543
0.850000000000 0.487500000000 -0.000020922369
0.850000000000 0.500000000000 -0.000020942682
0.850000000000 0.512500000000 -0.000020922369
0.850000000000 0.525000000000 -0.000020861543
0.850000000000 0.537500000000 -0.000020760539
0.850000000000 0.550000000000 -0.000020619908
0.850000000000 0.562500000000 -0.000020440403
0.850000000000 0.575000000000 -0.000020222961
0.850000000000 0.587500000000 -0.000019968689
0.850000000000 0.600000000000 -0.000019678832
0.850000000000 0.612500000000 -0.000019354761
0.850000000000 0.625000000000 -0.000018997938
0.850000000000 0.637500000000 -0.000018609899
0.850000000000 0.650000000000 -0.000018192229
0.850000000000 0.662500000000 -0.000017746537
0.850000000000 0.675000000000 -0.000017274444
0.850000000000 0.687500000000 -0.000016777560
0.850000000000 0.700000000000 -0.000016257471
0.850000000000 0.712500000000 -0.000015715728
0.850000000000 0.725000000000 -0.000015153836
0.850000000000 0.737500000000 -0.000014573246
0.850000000000 0.750000000000 -0.000013975350
0.850000000000 0.762500000000 -0.000013361481
0.850000000000 0.775000000000 -0.000012732902
0.850000000000 0.787500000000 -0.000012090815
0.850000000000 0.800000000000 -0.000011436356
0.850000000000 0.812500000000 -0.000010770598
0.850000000000 0.825000000000 -0.000010094552
0.850000000000 0.837500000000 -0.000009409172
0.850000000000 0.850000000000 -0.000008715355
0.850000000000 0.862500000000 -0.000008013949
0.850000000000 0.875000000000 -0.000007305752
0.850000000000 0.887500000000 -0.000006591519
0.850000000000 0.900000000000 -0.000005871967
0.850000000000 0.912500000000 -0.000005147774
0.850000000000 0.925000000000 -0.000004419589
0.850000000000 0.937500000000 -0.000003688034
0.850000000000 0.950000000000 -0.000002953705
0.850000000000 0.962500000000 -0.000002217179
0.850000000000 0.975000000000 -0.000001479021
0.850000000000 0.987500000000 -0.000000739780
0.850000000000 1.000000000000 0.000000000000

0.862500000000 0.000000000000 0.000000000000
0.862500000000 0.012500000000 -0.000000680612
0.862500000000 0.025000000000 -0.000001360712
0.862500000000 0.037500000000 -0.000002039786
0.862500000000 0.050000000000 -0.000002717312
0.862500000000 0.062500000000 -0.000003392757
0.862500000000 0.075000000000 -0.000004065574
0.862500000000 0.087500000000 -0.000004735199
0.862500000000 0.100000000000 -0.000005401044
0.862500000000 0.112500000000 -0.000006062499
0.862500000000 0.125000000000 -0.000006718923
0.862500000000 0.137500000000 -0.000007369642
0.862500000000 0.150000000000 -0.000008013949
0.862500000000 0.162500000000 -0.000008651093
0.862500000000 0.175000000000 -0.000009280283
0.862500000000 0.187500000000 -0.000009900681
0.862500000000 0.200000000000 -0.000010511399
0.862500000000 0.212500000000 -0.000011111500
0.862500000000 0.225000000000 -0.000011699989
0.862500000000 0.237500000000 -0.000012275819
0.862500000000 0.250000000000 -0.000012837884
0.862500000000 0.262500000000 -0.000013385025
0.862500000000 0.275000000000 -0.000013916025
0.862500000000 0.287500000000 -0.000014429617
0.862500000000 0.300000000000 -0.000014924483
0.862500000000 0.312500000000 -0.000015399265
0.862500000000 0.325000000000 -0.000015852567
0.862500000000 0.337500000000 -0.000016282965
0.862500000000 0.350000000000 -0.000016689022
0.862500000000 0.362500000000 -0.000017069297
0.862500000000 0.375000000000 -0.000017422363
0.862500000000 0.387500000000 -0.000017746819
0.862500000000 0.400000000000 -0.000018041317
0.862500000000 0.412500000000 -0.000018304572
0.862500000000 0.425000000000 -0.000018535388
0.862500000000 0.437500000000 -0.000018732679
0.862500000000 0.450000000000 -0.000018895483
0.862500000000 0.462500000000 -0.000019022987
0.862500000000 0.475000000000 -0.000019114539
0.862500000000 0.487500000000 -0.000019169664
0.862500000000 0.500000000000 -0.000019188071
0.862500000000 0.512500000000 -0.000019169664
0.862500000000 0.525000000000 -0.000019114539
0.862500000000 0.537500000000 -0.000019022987
0.862500000000 0.550000000000 -0.000018895483
0.862500000000 0.562500000000 -0.000018732679
0.862500000000 0.575000000000 -0.000018535388
0.862500000000 0.587500000000 -0.000018304572
0.862500000000 0.600000000000 -0.000018041317
0.862500000000 0.612500000000 -0.000017746819
0.862500000000 0.625000000000 -0.000017422363
0.862500000000 0.637500000000 -0.000017069297
0.862500000000 0.650000000000 -0.000016689022
0.862500000000 0.662500000000 -0.000016282965
0.862500000000 0.675000000000 -0.000015852567
0.862500000000 0.687500000000 -0.000015399265
0.862500000000 0.700000000000 -0.000014924483
0.862500000000 0.712500000000 -0.000014429617
0.862500000000 0.725000000000 -0.000013916025
0.862500000000 0.737500000000 -0.000013385025
0.862500000000 0.750000000000 -0.000012837884
0.862500000000 0.762500000000 -0.000012275819
0.862500000000 0.775000000000 -0.000011699989
0.862500000000 0.787500000000 -0.000011111500
0.862500000000 0.800000000000 -0.000010511399
0.862500000000 0.812500000000 -0.000009900681
0.862500000000 0.825000000000 -0.000009280283
0.862500000000 0.837500000000 -0.000008651093
0.862500000000 0.850000000000 -0.000008013949
0.862500000000 0.862500000000 -0.000007369642
0.862500000000 0.875000000000 -0.000006718923
0.862500000000 0.887500000000 -0.000006062499
0.862500000000 0.900000000000 -0.000005401044
0.862500000000 0.912500000000 -0.000004735199
0.862500000000 0.925000000000 -0.000004065574
0.862500000000 0.937500000000 -0.000003392757
0.862500000000 0.950000000000 -0.000002717312
0.862500000000 0.962500000000 -0.000002039786
0.862500000000 0.975000000000 -0.000001360712
0.862500000000 0.987500000000 -0.000000680612
0.862500000000 1.000000000000 0.000000000000

0.875000000000 0.000000000000 0.000000000000
0.875000000000 0.012500000000 -0.000000620772
0.875000000000 0.025000000000 -0.000001241065
0.875000000000 0.037500000000 -0.000001860396
0.875000000000 0.050000000000 -0.000002478278
0.875000000000 0.062500000000 -0.000003094211
0.875000000000 0.075000000000 -0.000003707685
0.875000000000 0.087500000000 -0.000004318170
0.875000000000 0.100000000000 -0.000004925121
0.875000000000 0.112500000000 -0.000005527965
0.875000000000 0.125000000000 -0.000006126108
0.875000000000 0.137500000000 -0.000006718923
0.875000000000 0.150000000000 -0.000007305752
0.875000000000 0.162500000000 -0.000007885900
0.875000000000 0.175000000000 -0.000008458636
0.875000000000 0.187500000000 -0.000009023185
0.875000000000 0.200000000000 -0.000009578731
0.875000000000 0.212500000000 -0.000010124411
0.875000000000 0.225000000000 -0.000010659316
0.875000000000 0.237500000000 -0.000011182486
0.875000000000 0.250000000000 -0.000011692916
0.875000000000 0.262500000000 -0.000012189551
0.875000000000 0.275000000000 -0.000012671290
0.875000000000 0.287500000000 -0.000013136988
0.875000000000 0.300000000000 -0.000013585460
0.875000000000 0.312500000000 -0.000014015487
0.875000000000 0.325000000000 -0.000014425822
0.875000000000 0.337500000000 -0.000014815197
0.875000000000 0.350000000000 -0.000015182336
0.875000000000 0.362500000000 -0.000015525965
0.875000000000 0.375000000000 -0.000015844825
0.875000000000 0.387500000000 -0.000016137686
0.875000000000 0.400000000000 -0.000016403366
0.875000000000 0.412500000000 -0.000016640743
0.875000000000 0.425000000000 -0.000016848777
0.875000000000 0.437500000000 -0.000017026522
0.875000000000 0.450000000000 -0.000017173147
0.875000000000 0.462500000000 -0.000017287946
0.875000000000 0.475000000000 -0.000017370358
0.875000000000 0.487500000000 -0.000017419972
0.875000000000 0.500000000000 -0.000017436538
0.875000000000 0.512500000000 -0.000017419972
0.875000000000 0.525000000000 -0.000017370358
0.875000000000 0.537500000000 -0.000017287946
0.875000000000 0.550000000000 -0.000017173147
0.875000000000 0.562500000000 -0.000017026522
0.875000000000 0.575000000000 -0.000016848777
0.875000000000 0.587500000000 -0.000016640743
0.875000000000 0.600000000000 -0.000016403366
0.875000000000 0.612500000000 -0.000016137686
0.875000000000 0.625000000000 -0.000015844825
0.875000000000 0.637500000000 -0.000015525965
0.875000000000 0.650000000000 -0.000015182336
0.875000000000 0.662500000000 -0.000014815197
0.875000000000 0.675000000000 -0.000014425822
0.875000000000 0.687500000000 -0.000014015487
0.875000000000 0.700000000000 -0.000013585460
0.875000000000 0.712500000000 -0.000013136988
0.875000000000 0.725000000000 -0.000012671290
0.875000000000 0.737500000000 -0.000012189551
0.875000000000 0.750000000000 -0.000011692916
0.875000000000 0.762500000000 -0.000011182486
0.875000000000 0.775000000000 -0.000010659316
0.875000000000 0.787500000000 -0.000010124411
0.875000000000 0.800000000000 -0.000009578731
0.875000000000 0.812500000000 -0.000009023185
0.875000000000 0.825000000000 -0.000008458636
0.875000000000 0.837500000000 -0.000007885900
0.875000000000 0.850000000000 -0.000007305752
0.875000000000 0.862500000000 -0.000006718923
0.875000000000 0.875000000000 -0.000006126108
0.875000000000 0.887500000000 -0.000005527965
0.875000000000 0.900000000000 -0.000004925121
0.875000000000 0.912500000000 -0.000004318170
0.875000000000 0.925000000000 -0.000003707685
0.875000000000 0.937500000000 -0.000003094211
0.875000000000 0.950000000000 -0.000002478278
0.875000000000 0.962500000000 -0.000001860396
0.875000000000 0.975000000000 -0.000001241065
0.875000000000 0.987500000000 -0.000000620772
0.875000000000 1.000000000000 0.000000000000

0.887500000000 0.000000000000 0.000000000000
0.887500000000 0.012500000000 -0.000000560333
0.887500000000 0.025000000000 -0.000001120223
0.887500000000 0.037500000000 -0.000001679225
0.887500000000 0.050000000000 -0.000002236887
0.887500000000 0.062500000000 -0.000002792749
0.887500000000 0.075000000000 -0.000003346340
0.887500000000 0.087500000000 -0.000003897171
0.887500000000 0.100000000000 -0.000004444740
0.887500000000 0.112500000000 -0.000004988521
0.887500000000 0.125000000000 -0.000005527965
0.887500000000 0.137500000000 -0.000006062499
0.887500000000 0.150000000000 -0.000006591519
0.887500000000 0.162500000000 -0.000007114390
0.887500000000 0.175000000000 -0.000007630442
0.887500000000 0.187500000000 -0.000008138971
0.887500000000 0.200000000000 -0.000008639232
0.887500000000 0.212500000000 -0.000009130443
0.887500000000 0.225000000000 -0.000009611780
0.887500000000 0.237500000000 -0.000010082376
0.887500000000 0.250000000000 -0.000010541325
0.887500000000 0.262500000000 -0.000010987678
0.887500000000 0.275000000000 -0.000011420449
0.887500000000 0.287500000000 -0.000011838614
0.887500000000 0.300000000000 -0.000012241117
0.887500000000 0.312500000000 -0.000012626873
0.887500000000 0.325000000000 -0.000012994779
0.887500000000 0.337500000000 -0.000013343715
0.887500000000 0.350000000000 -0.000013672557
0.887500000000 0.362500000000 -0.000013980186
0.887500000000 0.375000000000 -0.000014265499
0.887500000000 0.387500000000 -0.000014527424
0.887500000000 0.400000000000 -0.000014764932
0.887500000000 0.412500000000 -0.000014977049
0.887500000000 0.425000000000 -0.000015162872
0.887500000000 0.437500000000 -0.000015321586
0.887500000000 0.450000000000 -0.000015452472
0.887500000000 0.462500000000 -0.000015554924
0.887500000000 0.475000000000 -0.000015628458
0.887500000000 0.487500000000 -0.000015672722
0.887500000000 0.500000000000 -0.000015687500
0.887500000000 0.512500000000 -0.000015672722
0.887500000000 0.525000000000 -0.000015628458
0.887500000000 0.537500000000 -0.000015554924
0.887500000000 0.550000000000 -0.000015452472
0.887500000000 0.562500000000 -0.000015321586
0.887500000000 0.575000000000 -0.000015162872
0.887500000000 0.587500000000 -0.000014977049
0.887500000000 0.600000000000 -0.000014764932
0.887500000000 0.612500000000 -0.000014527424
0.887500000000 0.625000000000 -0.000014265499
0.887500000000 0.637500000000 -0.000013980186
0.887500000000 0.650000000000 -0.000013672557
0.887500000000 0.662500000000 -0.000013343715
0.887500000000 0.675000000000 -0.000012994779
0.887500000000 0.687500000000 -0.000012626873
0.887500000000 0.700000000000 -0.000012241117
0.887500000000 0.712500000000 -0.000011838614
0.887500000000 0.725000000000 -0.000011420449
0.887500000000 0.737500000000 -0.000010987678
0.887500000000 0.750000000000 -0.000010541325
0.887500000000 0.762500000000 -0.000010082376
0.887500000000 0.775000000000 -0.000009611780
0.887500000000 0.787500000000 -0.000009130443
0.887500000000 0.800000000000 -0.000008639232
0.887500000000 0.812500000000 -0.000008138971
0.887500000000 0.825000000000 -0.000007630442
0.887500000000 0.837500000000 -0.000007114390
0.887500000000 0.850000000000 -0.000006591519
0.887500000000 0.862500000000 -0.000006062499
0.887500000000 0.875000000000 -0.000005527965
0.887500000000 0.887500000000 -0.000004988521
0.887500000000 0.900000000000 -0.000004444740
0.887500000000 0.912500000000 -0.000003897171
0.887500000000 0.925000000000 -0.000003346340
0.887500000000 0.937500000000 -0.000002792749
0.887500000000 0.950000000000 -0.000002236887
0.887500000000 0.962500000000 -0.000001679225
0.887500000000 0.975000000000 -0.000001120223
0.887500000000 0.987500000000 -0.000000560333
0.887500000000 1.000000000000 0.000000000000

0.900000000000 0.000000000000 0.000000000000
0.900000000000 0.012500000000 -0.000000499363
0.900000000000 0.025000000000 -0.000000998324
0.900000000000 0.037500000000 -0.000001496477
0.900000000000 0.050000000000 -0.000001993411
0.900000000000 0.062500000000 -0.000002488708
0.900000000000 0.075000000000 -0.000002981940
0.900000000000 0.087500000000 -0.000003472664
0.900000000000 0.100000000000 -0.000003960422
0.900000000000 0.112500000000 -0.000004444740
0.900000000000 0.125000000000 -0.000004925121
0.900000000000 0.137500000000 -0.000005401044
0.900000000000 0.150000000000 -0.000005871967
0.900000000000 0.162500000000 -0.000006337314
0.900000000000 0.175000000000 -0.000006796486
0.900000000000 0.187500000000 -0.000007248846
0.900000000000 0.200000000000 -0.000007693729
0.900000000000 0.212500000000 -0.000008130434
0.900000000000 0.225000000000 -0.000008558222
0.900000000000 0.237500000000 -0.000008976324
0.900000000000 0.250000000000 -0.000009383931
0.900000000000 0.262500000000 -0.000009780202
0.900000000000 0.275000000000 -0.000010164263
0.900000000000 0.287500000000 -0.000010535211
0.900000000000 0.300000000000 -0.000010892115
0.900000000000 0.312500000000 -0.000011234023
0.900000000000 0.325000000000 -0.000011559966
0.900000000000 0.337500000000 -0.000011868967
0.900000000000 0.350000000000 -0.000012160045
0.900000000000 0.362500000000 -0.000012432227
0.900000000000 0.375000000000 -0.000012684559
0.900000000000 0.387500000000 -0.000012916111
0.900000000000 0.400000000000 -0.000013125996
0.900000000000 0.412500000000 -0.000013313374
0.900000000000 0.425000000000 -0.000013477472
0.900000000000 0.437500000000 -0.000013617588
0.900000000000 0.450000000000 -0.000013733107
0.900000000000 0.462500000000 -0.000013823513
0.900000000000 0.475000000000 -0.000013888390
0.900000000000 0.487500000000 -0.000013927438
0.900000000000 0.500000000000 -0.000013940474
0.900000000000 0.512500000000 -0.000013927438
0.900000000000 0.525000000000 -0.000013888390
0.900000000000 0.537500000000 -0.000013823513
0.900000000000 0.550000000000 -0.000013733107
0.900000000000 0.562500000000 -0.000013617588
0.900000000000 0.575000000000 -0.000013477472
0.900000000000 0.587500000000 -0.000013313374
0.900000000000 0.600000000000 -0.000013125996
0.900000000000 0.612500000000 -0.000012916111
0.900000000000 0.625000000000 -0.000012684559
0.900000000000 0.637500000000 -0.000012432227
0.900000000000 0.650000000000 -0.000012160045
0.900000000000 0.662500000000 -0.000011868967
0.900000000000 0.675000000000 -0.000011559966
0.900000000000 0.687500000000 -0.000011234023
0.900000000000 0.700000000000 -0.000010892115
0.900000000000 0.712500000000 -0.000010535211
0.900000000000 0.725000000000 -0.000010164263
0.900000000000 0.737500000000 -0.000009780202
0.900000000000 0.750000000000 -0.000009383931
0.900000000000 0.762500000000 -0.000008976324
0.900000000000 0.775000000000 -0.000008558222
0.900000000000 0.787500000000 -0.000008130434
0.900000000000 0.800000000000 -0.000007693729
0.900000000000 0.812500000000 -0.000007248846
0.900000000000 0.825000000000 -0.000006796486
0.900000000000 0.837500000000 -0.000006337314
0.900000000000 0.850000000000 -0.000005871967
0.900000000000 0.862500000000 -0.000005401044
0.900000000000 0.875000000000 -0.000004925121
0.900000000000 0.887500000000 -0.000004444740
0.900000000000 0.900000000000 -0.000003960422
0.900000000000 0.912500000000 -0.000003472664
0.900000000000 0.925000000000 -0.000002981940
0.900000000000 0.937500000000 -0.000002488708
0.900000000000 0.950000000000 -0.000001993411
0.900000000000 0.962500000000 -0.000001496477
0.900000000000 0.975000000000 -0.000000998324
0.900000000000 0.987500000000 -0.000000499363
0.900000000000 1.000000000000 0.000000000000

0.912500000000 0.000000000000 0.000000000000
0.912500000000 0.012500000000 -0.000000437930
0.912500000000 0.025000000000 -0.000000875500
0.912500000000 0.037500000000 -0.000001312349
0.912500000000 0.050000000000 -0.000001748111
0.912500000000 0.062500000000 -0.000002182411
0.912500000000 0.075000000000 -0.000002614868
0.912500000000 0.087500000000 -0.000003045088
0.912500000000 0.100000000000 -0.000003472664
0.912500000000 0.112500000000 -0.000003897171
0.912500000000 0.125000000000 -0.000004318170
0.912500000000 0.137500000000 -0.000004735199
0.912500000000 0.150000000000 -0.000005147774
0.912500000000 0.162500000000 -0.000005555388
0.912500000000 0.175000000000 -0.000005957509
0.912500000000 0.187500000000 -0.000006353577
0.912500000000 0.200000000000 -0.000006743003
0.912500000000 0.212500000000 -0.000007125170
0.912500000000 0.225000000000 -0.000007499432
0.912500000000 0.237500000000 -0.000007865110
0.912500000000 0.250000000000 -0.000008221499
0.912500000000 0.262500000000 -0.000008567863
0.912500000000 0.275000000000 -0.000008903441
0.912500000000 0.287500000000 -0.000009227447
0.912500000000 0.300000000000 -0.000009539073
0.912500000000 0.312500000000 -0.000009837494
0.912500000000 0.325000000000 -0.000010121875
0.912500000000 0.337500000000 -0.000010391371
0.912500000000 0.350000000000 -0.000010645141
0.912500000000 0.362500000000 -0.000010882349
0.912500000000 0.375000000000 -0.000011102177
0.912500000000 0.387500000000 -0.000011303833
0.912500000000 0.400000000000 -0.000011486557
0.912500000000 0.412500000000 -0.000011649638
0.912500000000 0.425000000000 -0.000011792417
0.912500000000 0.437500000000 -0.000011914299
0.912500000000 0.450000000000 -0.000012014765
0.912500000000 0.462500000000 -0.000012093375
0.912500000000 0.475000000000 -0.000012149779
0.912500000000 0.487500000000 -0.000012183725
0.912500000000 0.500000000000 -0.000012195058
0.912500000000 0.512500000000 -0.000012183725
0.912500000000 0.525000000000 -0.000012149779
0.912500000000 0.537500000000 -0.000012093375
0.912500000000 0.550000000000 -0.000012014765
0.912500000000 0.562500000000 -0.000011914299
0.912500000000 0.575000000000 -0.000011792417
0.912500000000 0.587500000000 -0.000011649638
0.912500000000 0.600000000000 -0.000011486557
0.912500000000 0.612500000000 -0.000011303833
0.912500000000 0.625000000000 -0.000011102177
0.912500000000 0.637500000000 -0.000010882349
0.912500000000 0.650000000000 -0.000010645141
0.912500000000 0.662500000000 -0.000010391371
0.912500000000 0.675000000000 -0.000010121875
0.912500000000 0.687500000000 -0.000009837494
0.912500000000 0.700000000000 -0.000009539073
0.912500000000 0.712500000000 -0.000009227447
0.912500000000 0.725000000000 -0.000008903441
0.912500000000 0.737500000000 -0.000008567863
0.912500000000 0.750000000000 -0.000008221499
0.912500000000 0.762500000000 -0.000007865110
0.912500000000 0.775000000000 -0.000007499432
0.912500000000 0.787500000000 -0.000007125170
0.912500000000 0.800000000000 -0.000006743003
0.912500000000 0.812500000000 -0.000006353577
0.912500000000 0.825000000000 -0.000005957509
0.912500000000 0.837500000000 -0.000005555388
0.912500000000 0.850000000000 -0.000005147774
0.912500000000 0.862500000000 -0.000004735199
0.912500000000 0.875000000000 -0.000004318170
0.912500000000 0.887500000000 -0.000003897171
0.912500000000 0.900000000000 -0.000003472664
0.912500000000 0.912500000000 -0.000003045088
0.912500000000 0.925000000000 -0.000002614868
0.912500000000 0.937500000000 -0.000002182411
0.912500000000 0.950000000000 -0.000001748111
0.912500000000 0.962500000000 -0.000001312349
0.912500000000 0.975000000000 -0.000000875500
0.912500000000 0.987500000000 -0.000000437930
0.912500000000 1.000000000000 0.000000000000

0.925000000000 0.000000000000 0.000000000000
0.925000000000 0.012500000000 -0.000000376096
0.925000000000 0.025000000000 -0.000000751878
0.925000000000 0.037500000000 -0.000001127031
0.925000000000 0.050000000000 -0.000001501236
0.925000000000 0.062500000000 -0.000001874168
0.925000000000 0.075000000000 -0.000002245493
0.925000000000 0.087500000000 -0.000002614868
0.925000000000 0.100000000000 -0.000002981940
0.925000000000 0.112500000000 -0.000003346340
0.925000000000 0.125000000000 -0.000003707685
0.925000000000 0.137500000000 -0.000004065574
0.925000000000 0.150000000000 -0.000004419589
0.925000000000 0.162500000000 -0.000004769291
0.925000000000 0.175000000000 -0.000005114219
0.925000000000 0.187500000000 -0.000005453888
0.925000000000 0.200000000000 -0.000005787792
0.925000000000 0.212500000000 -0.000006115400
0.925000000000 0.225000000000 -0.000006436153
0.925000000000 0.237500000000 -0.000006749472
0.925000000000 0.250000000000 -0.000007054750
0.925000000000 0.262500000000 -0.000007351359
0.925000000000 0.275000000000 -0.000007638648
0.925000000000 0.287500000000 -0.000007915947
0.925000000000 0.300000000000 -0.000008182568
0.925000000000 0.312500000000 -0.000008437812
0.925000000000 0.325000000000 -0.000008680969
0.925000000000 0.337500000000 -0.000008911326
0.925000000000 0.350000000000 -0.000009128171
0.925000000000 0.362500000000 -0.000009330801
0.925000000000 0.375000000000 -0.000009518528
0.925000000000 0.387500000000 -0.000009690685
0.925000000000 0.400000000000 -0.000009846638
0.925000000000 0.412500000000 -0.000009985789
0.925000000000 0.425000000000 -0.000010107588
0.925000000000 0.437500000000 -0.000010211540
0.925000000000 0.450000000000 -0.000010297210
0.925000000000 0.462500000000 -0.000010364233
0.925000000000 0.475000000000 -0.000010412319
0.925000000000 0.487500000000 -0.000010441256
0.925000000000 0.500000000000 -0.000010450916
0.925000000000 0.512500000000 -0.000010441256
0.925000000000 0.525000000000 -0.000010412319
0.925000000000 0.537500000000 -0.000010364233
0.925000000000 0.550000000000 -0.000010297210
0.925000000000 0.562500000000 -0.000010211540
0.925000000000 0.575000000000 -0.000010107588
0.925000000000 0.587500000000 -0.000009985789
0.925000000000 0.600000000000 -0.000009846638
0.925000000000 0.612500000000 -0.000009690685
0.925000000000 0.625000000000 -0.000009518528
0.925000000000 0.637500000000 -0.000009330801
0.925000000000 0.650000000000 -0.000009128171
0.925000000000 0.662500000000 -0.000008911326
0.925000000000 0.675000000000 -0.000008680969
0.925000000000 0.687500000000 -0.000008437812
0.925000000000 0.700000000000 -0.000008182568
0.925000000000 0.712500000000 -0.000007915947
0.925000000000 0.725000000000 -0.000007638648
0.925000000000 0.737500000000 -0.000007351359
0.925000000000 0.750000000000 -0.000007054750
0.925000000000 0.762500000000 -0.000006749472
0.925000000000 0.775000000000 -0.000006436153
0.925000000000 0.787500000000 -0.000006115400
0.925000000000 0.800000000000 -0.000005787792
0.925000000000 0.812500000000 -0.000005453888
0.925000000000 0.825000000000 -0.000005114219
0.925000000000 0.837500000000 -0.000004769291
0.925000000000 0.850000000000 -0.000004419589
0.925000000000 0.862500000000 -0.000004065574
0.925000000000 0.875000000000 -0.000003707685
0.925000000000 0.887500000000 -0.000003346340
0.925000000000 0.900000000000 -0.000002981940
0.925000000000 0.912500000000 -0.000002614868
0.925000000000 0.925000000000 -0.000002245493
0.925000000000 0.937500000000 -0.000001874168
0.925000000000 0.950000000000 -0.000001501236
0.925000000000 0.962500000000 -0.000001127031
0.925000000000 0.975000000000 -0.000000751878
0.925000000000 0.987500000000 -0.000000376096
0.925000000000 1.000000000000 0.000000000000

0.937500000000 0.000000000000 0.000000000000
0.937500000000 0.012500000000 -0.000000313922
0.937500000000 0.025000000000 -0.000000627580
0.937500000000 0.037500000000 -0.000000940705
0.937500000000 0.050000000000 -0.000001253030
0.937500000000 0.062500000000 -0.000001564277
0.937500000000 0.075000000000 -0.000001874168
0.937500000000 0.087500000000 -0.000002182411
0.937500000000 0.100000000000 -0.000002488708
0.937500000000 0.112500000000 -0.000002792749
0.937500000000 0.125000000000 -0.000003094211
0.937500000000 0.137500000000 -0.000003392757
0.937500000000 0.150000000000 -0.000003688034
0.937500000000 0.162500000000 -0.000003979673
0.937500000000 0.175000000000 -0.000004267288
0.937500000000 0.187500000000 -0.000004550472
0.937500000000 0.200000000000 -0.000004828802
0.937500000000 0.212500000000 -0.000005101831
0.937500000000 0.225000000000 -0.000005369095
0.937500000000 0.237500000000 -0.000005630110
0.937500000000 0.250000000000 -0.000005884369
0.937500000000 0.262500000000 -0.000006131351
0.937500000000 0.275000000000 -0.000006370515
0.937500000000 0.287500000000 -0.000006601304
0.937500000000 0.300000000000 -0.000006823150
0.937500000000 0.312500000000 -0.000007035473
0.937500000000 0.325000000000 -0.000007237689
0.937500000000 0.337500000000 -0.000007429210
0.937500000000 0.350000000000 -0.000007609449
0.937500000000 0.362500000000 -0.000007777830
0.937500000000 0.375000000000 -0.000007933787
0.937500000000 0.387500000000 -0.000008076775
0.937500000000 0.400000000000 -0.000008206275
0.937500000000 0.412500000000 -0.000008321798
0.937500000000 0.425000000000 -0.000008422897
0.937500000000 0.437500000000 -0.000008509166
0.937500000000 0.450000000000 -0.000008580253
0.937500000000 0.462500000000 -0.000008635861
0.937500000000 0.475000000000 -0.000008675753
0.937500000000 0.487500000000 -0.000008699757
0.937500000000 0.500000000000 -0.000008707771
0.937500000000 0.512500000000 -0.000008699757
0.937500000000 0.525000000000 -0.000008675753
0.937500000000 0.537500000000 -0.000008635861
0.937500000000 0.550000000000 -0.000008580253
0.937500000000 0.562500000000 -0.000008509166
0.937500000000 0.575000000000 -0.000008422897
0.937500000000 0.587500000000 -0.000008321798
0.937500000000 0.600000000000 -0.000008206275
0.937500000000 0.612500000000 -0.000008076775
0.937500000000 0.625000000000 -0.000007933787
0.937500000000 0.637500000000 -0.000007777830
0.937500000000 0.650000000000 -0.000007609449
0.937500000000 0.662500000000 -0.000007429210
0.937500000000 0.675000000000 -0.000007237689
0.937500000000 0.687500000000 -0.000007035473
0.937500000000 0.700000000000 -0.000006823150
0.937500000000 0.712500000000 -0.000006601304
0.937500000000 0.725000000000 -0.000006370515
0.937500000000 0.737500000000 -0.000006131351
0.937500000000 0.750000000000 -0.000005884369
0.937500000000 0.762500000000 -0.000005630110
0.937500000000 0.775000000000 -0.000005369095
0.937500000000 0.787500000000 -0.000005101831
0.937500000000 0.800000000000 -0.000004828802
0.937500000000 0.812500000000 -0.000004550472
0.937500000000 0.825000000000 -0.000004267288
0.937500000000 0.837500000000 -0.000003979673
0.937500000000 0.850000000000 -0.000003688034
0.937500000000 0.862500000000 -0.000003392757
0.937500000000 0.875000000000 -0.000003094211
0.937500000000 0.887500000000 -0.000002792749
0.937500000000 0.900000000000 -0.000002488708
0.937500000000 0.912500000000 -0.000002182411
0.937500000000 0.925000000000 -0.000001874168
0.937500000000 0.937500000000 -0.000001564277
0.937500000000 0.950000000000 -0.000001253030
0.937500000000 0.962500000000 -0.000000940705
0.937500000000 0.975000000000 -0.000000627580
0.937500000000 0.987500000000 -0.000000313922
0.937500000000 1.000000000000 0.000000000000

0.950000000000 0.000000000000 0.000000000000
0.950000000000 0.012500000000 -0.000000251469
0.950000000000 0.025000000000 -0.000000502724
0.950000000000 0.037500000000 -0.000000753549
0.950000000000 0.050000000000 -0.000001003724
0.950000000000 0.062500000000 -0.000001253030
0.950000000000 0.075000000000 -0.000001501236
0.950000000000 0.087500000000 -0.000001748111
0.950000000000 0.100000000000 -0.000001993411
0.950000000000 0.112500000000 -0.000002236887
0.950000000000 0.125000000000 -0.000002478278
0.950000000000 0.137500000000 -0.000002717312
0.950000000000 0.150000000000 -0.000002953705
0.950000000000 0.162500000000 -0.000003187159
0.950000000000 0.175000000000 -0.000003417364
0.950000000000 0.187500000000 -0.000003643993
0.950000000000 0.200000000000 -0.000003866705
0.950000000000 0.212500000000 -0.000004085143
0.950000000000 0.225000000000 -0.000004298934
0.950000000000 0.237500000000 -0.000004507690
0.950000000000 0.250000000000 -0.000004711007
0.950000000000 0.262500000000 -0.000004908468
0.950000000000 0.275000000000 -0.000005099640
0.950000000000 0.287500000000 -0.000005284081
0.950000000000 0.300000000000 -0.000005461339
0.950000000000 0.312500000000 -0.000005630953
0.950000000000 0.325000000000 -0.000005792458
0.950000000000 0.337500000000 -0.000005945388
0.950000000000 0.350000000000 -0.000006089280
0.950000000000 0.362500000000 -0.000006223677
0.950000000000 0.375000000000 -0.000006348132
0.950000000000 0.387500000000 -0.000006462217
0.950000000000 0.400000000000 -0.000006565520
0.950000000000 0.412500000000 -0.000006657659
0.950000000000 0.425000000000 -0.000006738281
0.950000000000 0.437500000000 -0.000006807068
0.950000000000 0.450000000000 -0.000006863742
0.950000000000 0.462500000000 -0.000006908071
0.950000000000 0.475000000000 -0.000006939870
0.950000000000 0.487500000000 -0.000006959004
0.950000000000 0.500000000000 -0.000006965391
0.950000000000 0.512500000000 -0.000006959004
0.950000000000 0.525000000000 -0.000006939870
0.950000000000 0.537500000000 -0.000006908071
0.950000000000 0.550000000000 -0.000006863742
0.950000000000 0.562500000000 -0.000006807068
0.950000000000 0.575000000000 -0.000006738281
0.950000000000 0.587500000000 -0.000006657659
0.950000000000 0.600000000000 -0.000006565520
0.950000000000 0.612500000000 -0.000006462217
0.950000000000 0.625000000000 -0.000006348132
0.950000000000 0.637500000000 -0.000006223677
0.950000000000 0.650000000000 -0.000006089280
0.950000000000 0.662500000000 -0.000005945388
0.950000000000 0.675000000000 -0.000005792458
0.950000000000 0.687500000000 -0.000005630953
0.950000000000 0.700000000000 -0.000005461339
0.950000000000 0.712500000000 -0.000005284081
0.950000000000 0.725000000000 -0.000005099640
0.950000000000 0.737500000000 -0.000004908468
0.950000000000 0.750000000000 -0.000004711007
0.950000000000 0.762500000000 -0.000004507690
0.950000000000 0.775000000000 -0.000004298934
0.950000000000 0.787500000000 -0.000004085143
0.950000000000 0.800000000000 -0.000003866705
0.950000000000 0.812500000000 -0.000003643993
0.950000000000 0.825000000000 -0.000003417364
0.950000000000 0.837500000000 -0.000003187159
0.950000000000 0.850000000000 -0.000002953705
0.950000000000 0.862500000000 -0.000002717312
0.950000000000 0.875000000000 -0.000002478278
0.950000000000 0.887500000000 -0.000002236887
0.950000000000 0.900000000000 -0.000001993411
0.950000000000 0.912500000000 -0.000001748111
0.950000000000 0.925000000000 -0.000001501236
0.950000000000 0.937500000000 -0.000001253030
0.950000000000 0.950000000000 -0.000001003724
0.950000000000 0.962500000000 -0.000000753549
0.950000000000 0.975000000000 -0.000000502724
0.950000000000 0.987500000000 -0.000000251469
0.950000000000 1.000000000000 0.000000000000

0.962500000000 0.000000000000 0.000000000000
0.962500000000 0.012500000000 -0.000000188794
0.962500000000 0.025000000000 -0.000000377426
0.962500000000 0.037500000000 -0.000000565733
0.962500000000 0.050000000000 -0.000000753549
0.962500000000 0.062500000000 -0.000000940705
0.962500000000 0.075000000000 -0.000001127031
0.962500000000 0.087500000000 -0.000001312349
0.962500000000 0.100000000000 -0.000001496477
0.962500000000 0.112500000000 -0.000001679225
0.962500000000 0.125000000000 -0.000001860396
0.962500000000 0.137500000000 -0.000002039786
0.962500000000 0.150000000000 -0.000002217179
0.962500000000 0.162500000000 -0.000002392353
0.962500000000 0.175000000000 -0.000002565072
0.962500000000 0.187500000000 -0.000002735091
0.962500000000 0.200000000000 -0.000002902153
0.962500000000 0.212500000000 -0.000003065989
0.962500000000 0.225000000000 -0.000003226320
0.962500000000 0.237500000000 -0.000003382855
0.962500000000 0.250000000000 -0.000003535290
0.962500000000 0.262500000000 -0.000003683313
0.962500000000 0.275000000000 -0.000003826600
0.962500000000 0.287500000000 -0.000003964822
0.962500000000 0.300000000000 -0.000004097638
0.962500000000 0.312500000000 -0.000004224707
0.962500000000 0.325000000000 -0.000004345681
0.962500000000 0.337500000000 -0.000004460214
0.962500000000 0.350000000000 -0.000004567960
0.962500000000 0.362500000000 -0.000004668581
0.962500000000 0.375000000000 -0.000004761744
0.962500000000 0.387500000000 -0.000004847131
0.962500000000 0.400000000000 -0.000004924439
0.962500000000 0.412500000000 -0.000004993382
0.962500000000 0.425000000000 -0.000005053701
0.962500000000 0.437500000000 -0.000005105160
0.962500000000 0.450000000000 -0.000005147554
0.962500000000 0.462500000000 -0.000005180710
0.962500000000 0.475000000000 -0.000005204494
0.962500000000 0.487500000000 -0.000005218804
0.962500000000 0.500000000000 -0.000005223580
0.962500000000 0.512500000000 -0.000005218804
0.962500000000 0.525000000000 -0.000005204494
0.962500000000 0.537500000000 -0.000005180710
0.962500000000 0.550000000000 -0.000005147554
0.962500000000 0.562500000000 -0.000005105160
0.962500000000 0.575000000000 -0.000005053701
0.962500000000 0.587500000000 -0.000004993382
0.962500000000 0.600000000000 -0.000004924439
0.962500000000 0.612500000000 -0.000004847131
0.962500000000 0.625000000000 -0.000004761744
0.962500000000 0.637500000000 -0.000004668581
0.962500000000 0.650000000000 -0.000004567960
0.962500000000 0.662500000000 -0.000004460214
0.962500000000 0.675000000000 -0.000004345681
0.962500000000 0.687500000000 -0.000004224707
0.962500000000 0.700000000000 -0.000004097638
0.962500000000 0.712500000000 -0.000003964822
0.962500000000 0.725000000000 -0.000003826600
0.962500000000 0.737500000000 -0.000003683313
0.962500000000 0.750000000000 -0.000003535290
0.962500000000 0.762500000000 -0.000003382855
0.962500000000 0.775000000000 -0.000003226320
0.962500000000 0.787500000000 -0.000003065989
0.962500000000 0.800000000000 -0.000002902153
0.962500000000 0.812500000000 -0.000002735091
0.962500000000 0.825000000000 -0.000002565072
0.962500000000 0.837500000000 -0.000002392353
0.962500000000 0.850000000000 -0.000002217179
0.962500000000 0.862500000000 -0.000002039786
0.962500000000 0.875000000000 -0.000001860396
0.962500000000 0.887500000000 -0.000001679225
0.962500000000 0.900000000000 -0.000001496477
0.962500000000 0.912500000000 -0.000001312349
0.962500000000 0.925000000000 -0.000001127031
0.962500000000 0.937500000000 -0.000000940705
0.962500000000 0.950000000000 -0.000000753549
0.962500000000 0.962500000000 -0.000000565733
0.962500000000 0.975000000000 -0.000000377426
0.962500000000 0.987500000000 -0.000000188794
0.962500000000 1.000000000000 0.000000000000

0.975000000000 0.000000000000 0.000000000000
0.975000000000 0.012500000000 -0.000000125954
0.975000000000 0.025000000000 -0.000000251799
0.975000000000 0.037500000000 -0.000000377426
0.975000000000 0.050000000000 -0.000000502724
0.975000000000 0.062500000000 -0.000000627580
0.975000000000 0.075000000000 -0.000000751878
0.975000000000 0.087500000000 -0.000000875500
0.975000000000 0.100000000000 -0.000000998324
0.975000000000 0.112500000000 -0.000001120223
0.975000000000 0.125000000000 -0.000001241065
0.975000000000 0.137500000000 -0.000001360712
0.975000000000 0.150000000000 -0.000001479021
0.975000000000 0.162500000000 -0.000001595843
0.975000000000 0.175000000000 -0.000001711019
0.975000000000 0.187500000000 -0.000001824387
0.975000000000 0.200000000000 -0.000001935775
0.975000000000 0.212500000000 -0.000002045003
0.975000000000 0.225000000000 -0.000002151885
0.975000000000 0.237500000000 -0.000002256226
0.975000000000 0.250000000000 -0.000002357824
0.975000000000 0.262500000000 -0.000002456472
0.975000000000 0.275000000000 -0.000002551953
0.975000000000 0.287500000000 -0.000002644049
0.975000000000 0.300000000000 -0.000002732533
0.975000000000 0.312500000000 -0.000002817179
0.975000000000 0.325000000000 -0.000002897755
0.975000000000 0.337500000000 -0.000002974032
0.975000000000 0.350000000000 -0.000003045782
0.975000000000 0.362500000000 -0.000003112779
0.975000000000 0.375000000000 -0.000003174804
0.975000000000 0.387500000000 -0.000003231645
0.975000000000 0.400000000000 -0.000003283104
0.975000000000 0.412500000000 -0.000003328991
0.975000000000 0.425000000000 -0.000003369133
0.975000000000 0.437500000000 -0.000003403377
0.975000000000 0.450000000000 -0.000003431587
0.975000000000 0.462500000000 -0.000003453650
0.975000000000 0.475000000000 -0.000003469474
0.975000000000 0.487500000000 -0.000003478995
0.975000000000 0.500000000000 -0.000003482173
0.975000000000 0.512500000000 -0.000003478995
0.975000000000 0.525000000000 -0.000003469474
0.975000000000 0.537500000000 -0.000003453650
0.975000000000 0.550000000000 -0.000003431587
0.975000000000 0.562500000000 -0.000003403377
0.975000000000 0.575000000000 -0.000003369133
0.975000000000 0.587500000000 -0.000003328991
0.975000000000 0.600000000000 -0.000003283104
0.975000000000 0.612500000000 -0.000003231645
0.975000000000 0.625000000000 -0.000003174804
0.975000000000 0.637500000000 -0.000003112779
0.975000000000 0.650000000000 -0.000003045782
0.975000000000 0.662500000000 -0.000002974032
0.975000000000 0.675000000000 -0.000002897755
0.975000000000 0.687500000000 -0.000002817179
0.975000000000 0.700000000000 -0.000002732533
0.975000000000 0.712500000000 -0.000002644049
0.975000000000 0.725000000000 -0.000002551953
0.975000000000 0.737500000000 -0.000002456472
0.975000000000 0.750000000000 -0.000002357824
0.975000000000 0.762500000000 -0.000002256226
0.975000000000 0.775000000000 -0.000002151885
0.975000000000 0.787500000000 -0.000002045003
0.975000000000 0.800000000000 -0.000001935775
0.975000000000 0.812500000000 -0.000001824387
0.975000000000 0.825000000000 -0.000001711019
0.975000000000 0.837500000000 -0.000001595843
0.975000000000 0.850000000000 -0.000001479021
0.975000000000 0.862500000000 -0.000001360712
0.975000000000 0.875000000000 -0.000001241065
0.975000000000 0.887500000000 -0.000001120223
0.975000000000 0.900000000000 -0.000000998324
0.975000000000 0.912500000000 -0.000000875500
0.975000000000 0.925000000000 -0.000000751878
0.975000000000 0.937500000000 -0.000000627580
0.975000000000 0.950000000000 -0.000000502724
0.975000000000 0.962500000000 -0.000000377426
0.975000000000 0.975000000000 -0.000000251799
0.975000000000 0.987500000000 -0.000000125954
0.975000000000 1.000000000000 0.000000000000

0.987500000000 0.000000000000 0.000000000000
0.987500000000 0.012500000000 -0.000000063004
0.987500000000 0.025000000000 -0.000000125954
0.987500000000 0.037500000000 -0.000000188794
0.987500000000 0.050000000000 -0.000000251469
0.987500000000 0.062500000000 -0.000000313922
0.987500000000 0.075000000000 -0.000000376096
0.987500000000 0.087500000000 -0.000000437930
0.987500000000 0.100000000000 -0.000000499363
0.987500000000 0.112500000000 -0.000000560333
0.987500000000 0.125000000000 -0.000000620772
0.987500000000 0.137500000000 -0.000000680612
0.987500000000 0.150000000000 -0.000000739780
0.987500000000 0.162500000000 -0.000000798203
0.987500000000 0.175000000000 -0.000000855800
0.987500000000 0.187500000000 -0.000000912491
0.987500000000 0.200000000000 -0.000000968189
0.987500000000 0.212500000000 -0.000001022804
0.987500000000 0.225000000000 -0.000001076243
0.987500000000 0.237500000000 -0.000001128409
0.987500000000 0.250000000000 -0.000001179200
0.987500000000 0.262500000000 -0.000001228514
0.987500000000 0.275000000000 -0.000001276242
0.987500000000 0.287500000000 -0.000001322274
0.987500000000 0.300000000000 -0.000001366498
0.987500000000 0.312500000000 -0.000001408801
0.987500000000 0.325000000000 -0.000001449067
0.987500000000 0.337500000000 -0.000001487183
0.987500000000 0.350000000000 -0.000001523033
0.987500000000 0.362500000000 -0.000001556507
0.987500000000 0.375000000000 -0.000001587494
0.987500000000 0.387500000000 -0.000001615890
0.987500000000 0.400000000000 -0.000001641596
0.987500000000 0.412500000000 -0.000001664517
0.987500000000 0.425000000000 -0.000001684567
0.987500000000 0.437500000000 -0.000001701671
0.987500000000 0.450000000000 -0.000001715760
0.987500000000 0.462500000000 -0.000001726779
0.987500000000 0.475000000000 -0.000001734682
0.987500000000 0.487500000000 -0.000001739437
0.987500000000 0.500000000000 -0.000001741024
0.987500000000 0.512500000000 -0.000001739437
0.987500000000 0.525000000000 -0.000001734682
0.987500000000 0.537500000000 -0.000001726779
0.987500000000 0.550000000000 -0.000001715760
0.987500000000 0.562500000000 -0.000001701671
0.987500000000 0.575000000000 -0.000001684567
0.987500000000 0.587500000000 -0.000001664517
0.987500000000 0.600000000000 -0.000001641596
0.987500000000 0.612500000000 -0.000001615890
0.987500000000 0.625000000000 -0.000001587494
0.987500000000 0.637500000000 -0.000001556507
0.987500000000 0.650000000000 -0.000001523033
0.987500000000 0.662500000000 -0.000001487183
0.987500000000 0.675000000000 -0.000001449067
0.987500000000 0.687500000000 -0.000001408801
0.987500000000 0.700000000000 -0.000001366498
0.987500000000 0.712500000000 -0.000001322274
0.987500000000 0.725000000000 -0.000001276242
0.987500000000 0.737500000000 -0.000001228514
0.987500000000 0.750000000000 -0.000001179200
0.987500000000 0.762500000000 -0.000001128409
0.987500000000 0.775000000000 -0.000001076243
0.987500000000 0.787500000000 -0.000001022804
0.987500000000 0.800000000000 -0.000000968189
0.987500000000 0.812500000000 -0.000000912491
0.987500000000 0.825000000000 -0.000000855800
0.987500000000 0.837500000000 -0.000000798203
0.987500000000 0.850000000000 -0.000000739780
0.987500000000 0.862500000000 -0.000000680612
0.987500000000 0.875000000000 -0.000000620772
0.987500000000 0.887500000000 -0.000000560333
0.987500000000 0.900000000000 -0.000000499363
0.987500000000 0.912500000000 -0.000000437930
0.987500000000 0.925000000000 -0.000000376096
0.987500000000 0.937500000000 -0.000000313922
0.987500000000 0.950000000000 -0.000000251469
0.987500000000 0.962500000000 -0.000000188794
0.987500000000 0.975000000000 -0.000000125954
0.987500000000 0.987500000000 -0.000000063004
0.987500000000 1.000000000000 0.000000000000

1.000000000000 0.000000000000 0.000000000000
1.000000000000 0.012500000000 0.000000000000
1.000000000000 0.025000000000 0.000000000000
1.000000000000 0.037500000000 0.000000000000
1.000000000000 0.050000000000 0.000000000000
1.000000000000 0.062500000000 0.000000000000
1.000000000000 0.075000000000 0.000000000000
1.000000000000 0.087500000000 0.000000000000
1.000000000000 0.100000000000 0.000000000000
1.000000000000 0.112500000000 0.000000000000
1.000000000000 0.125000000000 0.000000000000
1.000000000000 0.137500000000 0.000000000000
1.000000000000 0.150000000000 0.000000000000
1.000000000000 0.162500000000 0.000000000000
1.000000000000 0.175000000000 0.000000000000
1.000000000000 0.187500000000 0.000000000000
1.000000000000 0.200000000000 0.000000000000
1.000000000000 0.212500000000 0.000000000000
1.000000000000 0.225000000000 0.000000000000
1.000000000000 0.237500000000 0.000000000000
1.000000000000 0.250000000000 0.000000000000
1.000000000000 0.262500000000 0.000000000000
1.000000000000 0.275000000000 0.000000000000
1.000000000000 0.287500000000 0.000000000000
1.000000000000 0.300000000000 0.000000000000
1.000000000000 0.312500000000 0.000000000000
1.000000000000 0.325000000000 0.000000000000
1.000000000000 0.337500000000 0.000000000000
1.000000000000 0.350000000000 0.000000000000
1.000000000000 0.362500000000 0.000000000000
1.000000000000 0.375000000000 0.000000000000
1.000000000000 0.387500000000 0.000000000000
1.000000000000 0.400000000000 0.000000000000
1.000000000000 0.412500000000 0.000000000000
1.000000000000 0.425000000000 0.000000000000
1.000000000000 0.437500000000 0.000000000000
1.000000000000 0.450000000000 0.000000000000
1.000000000000 0.462500000000 0.000000000000
1.000000000000 0.475000000000 0.000000000000
1.000000000000 0.487500000000 0.000000000000
1.000000000000 0.500000000000 0.000000000000
1.000000000000 0.512500000000 0.000000000000
1.000000000000 0.525000000000 0.000000000000
1.000000000000 0.537500000000 0.000000000000
1.000000000000 0.550000000000 0.000000000000
1.000000000000 0.562500000000 0.000000000000
1.000000000000 0.575000000000 0.000000000000
1.000000000000 0.587500000000 0.000000000000
1.000000000000 0.600000000000 0.000000000000
1.000000000000 0.612500000000 0.000000000000
1.000000000000 0.625000000000 0.000000000000
1.000000000000 0.637500000000 0.000000000000
1.000000000000 0.650000000000 0.000000000000
1.000000000000 0.662500000000 0.000000000000
1.000000000000 0.675000000000 0.000000000000
1.000000000000 0.687500000000 0.000000000000
1.000000000000 0.700000000000 0.000000000000
1.000000000000 0.712500000000 0.000000000000
1.000000000000 0.725000000000 0.000000000000
1.000000000000 0.737500000000 0.000000000000
1.000000000000 0.750000000000 0.000000000000
1.000000000000 0.762500000000 0.000000000000
1.000000000000 0.775000000000 0.000000000000
1.000000000000 0.787500000000 0.000000000000
1.000000000000 0.800000000000 0.000000000000
1.000000000000 0.812500000000 0.000000000000
1.000000000000 0.825000000000 0.000000000000
1.000000000000 0.837500000000 0.000000000000
1.000000000000 0.850000000000 0.000000000000
1.000000000000 0.862500000000 0.000000000000
1.000000000000 0.875000000000 0.000000000000
1.000000000000 0.887500000000 0.000000000000
1.000000000000 0.900000000000 0.000000000000
1.000000000000 0.912500000000 0.000000000000
1.000000000000 0.925000000000 0.000000000000
1.000000000000 0.937500000000 0.000000000000
1.000000000000 0.950000000000 0.000000000000
1.000000000000 0.962500000000 0.000000000000
1.000000000000 0.975000000000 0.000000000000
1.000000000000 0.987500000000 0.000000000000
1.000000000000 1.000000000000 0.000000000000

